20241015,通州,果园,101126922456,雅丽世居只有契税南北通透 诚心出售 随时必看好房,300万,31520元/平,底层 (共18层) | 2005年 | 2室2厅 | 95.18平米 | 南 北,https://ke-image.ljcdn.com/110000-inspection/90c26382-451b-4ab1-947b-fa1fb7fb8f77_1000.jpg!m_fill,w_280,h_210,f_jpg?from=ke.com
20241015,通州,果园,101126480339,果园地铁苏荷时代小区高楼层视野开阔必看好房,190万,30111元/平,中楼层 (共24层) | 2005年 | 2室1厅 | 63.1平米 | 西北,https://ke-image.ljcdn.com/110000-inspection/pc1_24X7cq62S_1.jpg!m_fill,w_280,h_210,f_jpg?from=ke.com
20241015,通州,果园,101126463180,新华联家园北区 H 双通透户型 满五年 唯一必看好房,385万,42783元/平,中楼层 (共7层) | 2004年 | 2室1厅 | 89.99平米 | 南 北,https://ke-image.ljcdn.com/110000-inspection/pc1_9v6X833Kp_1.jpg!m_fill,w_280,h_210,f_jpg?from=ke.com
20241015,通州,果园,101126430770,苏荷时代2005年社区 电梯房 诚心出售必看好房,149万,33245元/平,高楼层 (共24层) | 2005年 | 1室0厅 | 44.82平米 | 东南,https://ke-image.ljcdn.com/110000-inspection/pc1_iumgSSL2b_1.jpg!m_fill,w_280,h_210,f_jpg?from=ke.com
20241015,通州,果园,101126253087,日光清城 全南两居近地铁诚心出售必看好房,385万,39843元/平,高楼层 (共11层) | 2004年 | 2室2厅 | 96.63平米 | 南,https://ke-image.ljcdn.com/110000-inspection/pc1_oWdulCoK6_1.jpg!m_fill,w_280,h_210,f_jpg?from=ke.com
20241015,通州,果园,101126920640,日光清城 1室1厅 南必看好房,328万,43056元/平,高楼层 (共11层) | 2004年 | 1室1厅 | 76.18平米 | 南,https://ke-image.ljcdn.com/110000-inspection/e9a43320-f655-4302-8a33-1da6786419c8_1000.jpg!m_fill,w_280,h_210,f_jpg?from=ke.com
20241015,通州,果园,101126829454,苏荷时代落地窗电梯房高楼层近地铁,223万,30611元/平,高楼层 (共24层) | 2005年 | 1室1厅 | 72.85平米 | 南,https://ke-image.ljcdn.com/110000-inspection/pc1_9W7o0G4Fc_1.jpg!m_fill,w_280,h_210,f_jpg?from=ke.com
20241015,通州,果园,101126733384,通州果园万达附近南北通透大两居随时看满五年八通线,358万,36636元/平,低楼层 (共18层) | 2005年 | 2室2厅 | 97.72平米 | 南 北,https://ke-image.ljcdn.com/110000-inspection/pc1_vmHflc1dG_1.jpg!m_fill,w_280,h_210,f_jpg?from=ke.com
20241015,通州,果园,101126504616,雅丽世居 2室1厅 南 北必看好房,338万,36208元/平,中楼层 (共18层) | 2005年 | 2室1厅 | 93.35平米 | 南 北,https://ke-image.ljcdn.com/110000-inspection/2658c0ef-2ad4-4357-b5ab-59e496b845f0_1000.jpg!m_fill,w_280,h_210,f_jpg?from=ke.com
20241015,通州,果园,101126282838,梨园地铁 南北通透两居室 院里可停车 满五唯一,235万,36904元/平,高楼层 (共6层) 2室2厅 | 63.68平米 | 南 北,https://ke-image.ljcdn.com/110000-inspection/2cc3de28-7ebf-4eb1-b413-7395b935e091_1000.jpg!m_fill,w_280,h_210,f_jpg?from=ke.com
20241015,通州,果园,101126251325,北机家属院 满五唯一 双南向卧室 精装必看好房,155万,28688元/平,高楼层 (共6层) 2室1厅 | 54.03平米 | 南 北,https://ke-image.ljcdn.com/110000-inspection/cceb01a2-97c0-408a-961d-7e145c274db2_1000.jpg!m_fill,w_280,h_210,f_jpg?from=ke.com
20241015,通州,果园,101126222345,急售！果园电梯中间层两居不临街无遮挡随时可看必看好房,255万,30850元/平,中楼层 (共24层) | 2005年 | 2室2厅 | 82.66平米 | 东 东南 南,https://ke-image.ljcdn.com/110000-inspection/pc1_bbFOlHCCV_1.jpg!m_fill,w_280,h_210,f_jpg?from=ke.com
20241015,通州,果园,101126095752,果园城铁南北双通透看房方便日光经典格局必看好房,430万,42549元/平,高楼层 (共7层) | 2002年 | 2室2厅 | 101.06平米 | 南 北,https://ke-image.ljcdn.com/110000-inspection/defe45a8-44f1-4f58-aaee-0018fd941895_1000.jpg!m_fill,w_280,h_210,f_jpg?from=ke.com
20241015,通州,果园,101125987900,新华联家园北区南北两居室满五年必看好房,339万,35851元/平,底层 (共7层) 2室1厅 | 94.56平米 | 南 北,https://ke-image.ljcdn.com/110000-inspection/pc1_W1mEsVnIT_1.jpg!m_fill,w_280,h_210,f_jpg?from=ke.com
20241015,通州,果园,101125885392,近地铁业主诚心卖价格可以谈必看好房,358万,37049元/平,低楼层 (共11层) | 2004年 | 2室1厅 | 96.63平米 | 南,https://ke-image.ljcdn.com/110000-inspection/a27b1226-1ae3-4068-86c6-d5159d01d248_1000.jpg!m_fill,w_280,h_210,f_jpg?from=ke.com
20241015,通州,果园,101125863297,果园地铁 苏荷时代 高楼层卧室全南采光好房主自荐,246万,29761元/平,高楼层 (共24层) | 2005年 | 2室1厅 | 82.66平米 | 东南,https://ke-image.ljcdn.com/110000-inspection/9436473e-fb44-43e1-93c3-3166318e41b2_1000.jpg!m_fill,w_280,h_210,f_jpg?from=ke.com
20241015,通州,果园,101125719174,新华联家园南区 南北朝向两居室 客厅有阳台 不临街,338万,32976元/平,中楼层 (共7层) 2室2厅 | 102.5平米 | 南 北,https://ke-image.ljcdn.com/110000-inspection/pc1_sm6EahFZp_1.jpg!m_fill,w_280,h_210,f_jpg?from=ke.com
20241015,通州,果园,101125349327,满五年唯一 采光好 视野好 不临街 两居室必看好房,325万,36903元/平,中楼层 (共7层) 2室1厅 | 88.07平米 | 南 北,https://ke-image.ljcdn.com/110000-inspection/a017dd1a-0581-45aa-b90c-406bb5071b01_1000.jpg!m_fill,w_280,h_210,f_jpg?from=ke.com
20241015,通州,果园,101125317887,探矿家属院半壁店大街8号院满五唯一楼层好必看好房,255万,35071元/平,低楼层 (共6层) 2室1厅 | 72.71平米 | 南 北,https://ke-image.ljcdn.com/110000-inspection/pc1_oXQc9loJ4_1.jpg!m_fill,w_280,h_210,f_jpg?from=ke.com
20241015,通州,果园,101124948928,新华联家园北区南向开间精装修诚心出售看房方便必看好房,178万,41541元/平,高楼层 (共12层) | 2004年 | 1室0厅 | 42.85平米 | 南,https://ke-image.ljcdn.com/110000-inspection/1b52b123-4e08-4758-bb33-039c6febbe8e_1000.jpg!m_fill,w_280,h_210,f_jpg?from=ke.com
20241015,通州,果园,101124719787,新华联家园北区 1室1厅 北,149万,34789元/平,中楼层 (共12层) | 2004年 | 1室1厅 | 42.83平米 | 北,https://ke-image.ljcdn.com/110000-inspection/pc1_0GxyTjJS5_1.jpg!m_fill,w_280,h_210,f_jpg?from=ke.com
20241015,通州,果园,101124670429,新华联家园北区 南北通透两居室必看好房,335万,37079元/平,中楼层 (共7层) 2室1厅 | 90.35平米 | 南 北,https://ke-image.ljcdn.com/110000-inspection/a91a2806-d428-4a4e-a2cd-d1d0be1ce24f_1000.jpg!m_fill,w_280,h_210,f_jpg?from=ke.com
20241015,通州,果园,101124635706,东方 潞河 九棵树城铁站 楼层好 采光好 户型方正必看好房,215万,39882元/平,低楼层 (共6层) 2室1厅 | 53.91平米 | 东 西,https://ke-image.ljcdn.com/110000-inspection/a08bd5bf-38a9-4788-8aa3-6cb00e5d6f83_1000.jpg!m_fill,w_280,h_210,f_jpg?from=ke.com
20241015,通州,果园,101124583463,翠屏北里 果园地铁 正规三居室 满五年 落地窗房主自荐,442万,42867元/平,低楼层 (共6层) | 2004年 | 3室2厅 | 103.11平米 | 南 北,https://ke-image.ljcdn.com/110000-inspection/aad4c654-3de9-470f-bb80-a781d9040023_1000.jpg!m_fill,w_280,h_210,f_jpg?from=ke.com
20241015,通州,果园,101124223947,葵花社正规一居室 纯南向 看房有钥匙 新上房源必看好房,235万,38992元/平,低楼层 (共14层) 1室1厅 | 60.27平米 | 南,https://ke-image.ljcdn.com/110000-inspection/4da4d3d3-20a8-41fa-8ad4-8072ce41647c_1000.jpg!m_fill,w_280,h_210,f_jpg?from=ke.com
20241015,通州,果园,101124146380,果园万达商圈达富苑中间位置好楼层自住满五唯一,325万,33781元/平,中楼层 (共7层) 2室2厅 | 96.21平米 | 南 北,https://ke-image.ljcdn.com/110000-inspection/d1df1d83-9914-46d9-882e-38597e4fb61e_1000.jpg!m_fill,w_280,h_210,f_jpg?from=ke.com
20241015,通州,果园,101124059238,1号线果园站 日光清城 电梯房 满五年 急售 随时看,255万,40657元/平,中楼层 (共7层) | 2003年 | 1室1厅 | 62.72平米 | 西北,https://ke-image.ljcdn.com/110000-inspection/0a6f9518-dd18-4192-815f-12a757bd13df_1000.jpg!m_fill,w_280,h_210,f_jpg?from=ke.com
20241015,通州,果园,101123943410,南北通透 无遮挡户型方正采光充足必看好房,275万,35131元/平,低楼层 (共6层) | 1994年 | 2室1厅 | 78.28平米 | 南 北,https://ke-image.ljcdn.com/110000-inspection/ba061317-e11d-47ae-856c-6d1efa00295b_1000.jpg!m_fill,w_280,h_210,f_jpg?from=ke.com
20241015,通州,果园,101123934499,果园 交通局家属院 精装修 三层必看好房,236万,37242元/平,中楼层 (共6层) | 1994年 | 2室1厅 | 63.37平米 | 南 北,https://ke-image.ljcdn.com/110000-inspection/6e382388-93de-48c8-a6c8-020040a53068_1000.jpg!m_fill,w_280,h_210,f_jpg?from=ke.com
20241015,通州,果园,101123908400,葛布店东里 中间楼层南北通透采光好,200万,36664元/平,中楼层 (共6层) 2室1厅 | 54.55平米 | 南 北,https://ke-image.ljcdn.com/110000-inspection/48f69ceb-da30-44cb-8ebe-9942646d3d80_1000.jpg!m_fill,w_280,h_210,f_jpg?from=ke.com
20241015,通州,果园,101123856164,蓝山国际公寓精装两居室 九棵树地铁 带电梯！！必看好房,458万,42174元/平,中楼层 (共14层) | 2004年 | 2室1厅 | 108.6平米 | 南,https://ke-image.ljcdn.com/110000-inspection/a66dc766-5e2a-4feb-a183-165046398fa8_1000.jpg!m_fill,w_280,h_210,f_jpg?from=ke.com
20241015,通州,果园,101122608684,店长推荐：蓝山国际公寓东方潞河满五唯一大三居,565万,37707元/平,高楼层 (共17层) | 2004年 | 3室1厅 | 149.84平米 | 南 北,https://ke-image.ljcdn.com/110000-inspection/202ca6d9-a2b3-4592-9353-d6fd54e20a99_1000.jpg!m_fill,w_280,h_210,f_jpg?from=ke.com
20241015,通州,果园,101127021057,新华南路153号院 南北朝向 两居室 中间楼层必看好房,182万,31429元/平,中楼层 (共6层) | 1990年 | 2室1厅 | 57.91平米 | 南 北,https://ke-image.ljcdn.com/110000-inspection/5498575f-340a-44d8-8c22-d9c9b931b04f_1000.jpg!m_fill,w_280,h_210,f_jpg?from=ke.com
20241015,通州,果园,101126963505,巴克寓所二期出行便利地铁沿线居住动静分离必看好房,190万,49185元/平,顶层 (共11层) | 2007年 | 2室1厅 | 38.63平米 | 北,https://ke-image.ljcdn.com/110000-inspection/pc1_r9Vo2kl7e_1.jpg!m_fill,w_280,h_210,f_jpg?from=ke.com
20241015,通州,果园,101126950173,新华联家园南区 3室2厅 南 北必看好房,480万,37442元/平,底层 (共7层) | 2002年 | 3室2厅 | 128.2平米 | 南 北,https://ke-image.ljcdn.com/110000-inspection/pc1_AF1JwzrFX_1.jpg!m_fill,w_280,h_210,f_jpg?from=ke.com
20241015,通州,果园,101126778282,新华联家园南北通透两居室自住好房必看好房,389万,36113元/平,底层 (共12层) 2室2厅 | 107.72平米 | 南 北,https://ke-image.ljcdn.com/110000-inspection/pc1_CFmKFXyho_1.jpg!m_fill,w_280,h_210,f_jpg?from=ke.com
20241015,通州,果园,101126707837,通州果园地铁巴克摩界南向1居中间层有天然气户型方正必看好房,178万,28613元/平,中楼层 (共11层) | 2007年 | 1室0厅 | 62.21平米 | 南,https://ke-image.ljcdn.com/110000-inspection/pc1_5MZrJGGRX_1.jpg!m_fill,w_280,h_210,f_jpg?from=ke.com
20241015,通州,果园,101126673864,雅丽世居 视野好 采光好 户型方正必看好房,565万,36987元/平,顶层 (共11层) | 2005年 | 3室2厅 | 152.76平米 | 南,https://ke-image.ljcdn.com/110000-inspection/0c95e817-b58b-4adc-a7a7-15ea646ce651_1000.jpg!m_fill,w_280,h_210,f_jpg?from=ke.com
20241015,通州,果园,101126604595,电梯房高楼层视野好 南北通透 二层带WC户型,308万,31068元/平,高楼层 (共18层) | 2005年 | 2室2厅 | 99.14平米 | 南 北,https://ke-image.ljcdn.com/110000-inspection/990b5e87-26a7-49b2-ad5a-354afe4a8fce_1000.jpg!m_fill,w_280,h_210,f_jpg?from=ke.com
20241015,通州,果园,101126454412,果园城铁南北通透视野宽阔。必看好房,180万,30187元/平,顶层 (共7层) | 2002年 | 1室1厅 | 59.63平米 | 南 北,https://ke-image.ljcdn.com/110000-inspection/fb04b657-9bf0-45f2-af5d-3095dd00618a_1000.jpg!m_fill,w_280,h_210,f_jpg?from=ke.com
20241015,通州,果园,101126444112,新华联家园南区-南北通透采光好视野好正规两居室,348万,33598元/平,中楼层 (共7层) 2室1厅 | 103.58平米 | 南 北,https://ke-image.ljcdn.com/110000-inspection/pc1_JcNdYvqFv_1.jpg!m_fill,w_280,h_210,f_jpg?from=ke.com
20241015,通州,果园,101126254573,新华联家园北区 带电梯高层户型方正明厨明卫必看好房,245万,34956元/平,高楼层 (共12层) | 2004年 | 2室1厅 | 70.09平米 | 东 北,https://ke-image.ljcdn.com/110000-inspection/9362406b-90f1-4b96-9328-aa48d125189c_1000.jpg!m_fill,w_280,h_210,f_jpg?from=ke.com
20241015,通州,果园,101126248649,果园地铁苏荷时代距离果园地铁350米有天然气电梯房必看好房,179万,27105元/平,低楼层 (共24层) | 2005年 | 1室1厅 | 66.04平米 | 西 北,https://ke-image.ljcdn.com/110000-inspection/pc1_PkaAhdgbJ.jpg!m_fill,w_280,h_210,f_jpg?from=ke.com
20241015,通州,果园,101126091699,果园 新华联家园南区 满五唯一,320万,34189元/平,中楼层 (共7层) 2室1厅 | 93.6平米 | 南 北,https://ke-image.ljcdn.com/110000-inspection/pc1_BgV1HTQuv_1.jpg!m_fill,w_280,h_210,f_jpg?from=ke.com
20241015,通州,果园,101125781175,苏荷时代电梯高楼层 果园地铁高层无遮挡,255万,35004元/平,高楼层 (共24层) | 2005年 | 1室1厅 | 72.85平米 | 南,https://ke-image.ljcdn.com/110000-inspection/pc1_mACl9PaBf_1.jpg!m_fill,w_280,h_210,f_jpg?from=ke.com
20241015,通州,果园,101125723760,果园地铁 苏荷时代 南向 楼层高 采光好必看好房,159万,37545元/平,高楼层 (共18层) | 2005年 | 1室0厅 | 42.35平米 | 南,https://ke-image.ljcdn.com/110000-inspection/2b1ef570-c783-4bb6-95d9-3f637bc88a6c_1000.jpg!m_fill,w_280,h_210,f_jpg?from=ke.com
20241015,通州,果园,101125572926,新华联家园南区中间层2居室无遮挡采光好必看好房,339万,35756元/平,中楼层 (共7层) 2室1厅 | 94.81平米 | 南 北,https://ke-image.ljcdn.com/110000-inspection/382b5f7d-19c5-4c8e-8240-f62b60a596a4_1000.jpg!m_fill,w_280,h_210,f_jpg?from=ke.com
20241015,通州,果园,101125456323,果园地铁站门口电梯一居户型方正靠谱卖,196万,38229元/平,中楼层 (共18层) | 2005年 | 1室1厅 | 51.27平米 | 南,https://ke-image.ljcdn.com/110000-inspection/96edcc68-c964-47fa-ba6b-c93528dc6e76_1000.jpg!m_fill,w_280,h_210,f_jpg?from=ke.com
20241015,通州,果园,101125437770,雅丽世居 1室1厅 西 北,235万,30922元/平,中楼层 (共11层) | 2005年 | 1室1厅 | 76平米 | 西 北,https://ke-image.ljcdn.com/110000-inspection/pc1_RGkOYduqf.jpg!m_fill,w_280,h_210,f_jpg?from=ke.com
20241015,通州,果园,101125391173,葛布店东里正规两居室63平低楼层。,230万,36238元/平,低楼层 (共6层) | 1991年 | 2室1厅 | 63.47平米 | 北 南,https://ke-image.ljcdn.com/110000-inspection/3be53ed5-551a-4517-9db7-c6f2a945b3b8_1000.jpg!m_fill,w_280,h_210,f_jpg?from=ke.com
20241015,通州,果园,101125240482,苏荷时代小区近地铁满五唯一楼层高视野好必看好房,178万,28210元/平,高楼层 (共24层) | 2005年 | 1室1厅 | 63.1平米 | 西北,https://ke-image.ljcdn.com/110000-inspection/f732ecf5-a422-44d9-8919-a62116ba268b_1000.jpg!m_fill,w_280,h_210,f_jpg?from=ke.com
20241015,通州,果园,101124876409,葛布店东里 满五年唯一 南北通透两居室 采光好,185万,33883元/平,高楼层 (共6层) 2室1厅 | 54.6平米 | 南 北,https://ke-image.ljcdn.com/110000-inspection/458682d1-c195-4ed2-b38f-c560ab561e14_1000.jpg!m_fill,w_280,h_210,f_jpg?from=ke.com
20241015,通州,果园,101124628683,达富苑 2室1厅 南 北必看好房,168万,28203元/平,顶层 (共7层) 2室1厅 | 59.57平米 | 南 北,https://ke-image.ljcdn.com/110000-inspection/pc1_zoGR4b0qR_1.jpg!m_fill,w_280,h_210,f_jpg?from=ke.com
20241015,通州,果园,101124326912,葛布店南里 满五年  只需要缴纳契税必看好房,138万,24038元/平,底层 (共7层) 2室1厅 | 57.41平米 | 南 北,https://ke-image.ljcdn.com/110000-inspection/2417019b-52be-499d-81d4-a4534d8dfa43_1000.jpg!m_fill,w_280,h_210,f_jpg?from=ke.com
20241015,通州,果园,101124194567,巴克摩界 房子只有契税 视野采光无遮挡必看好房,188万,44794元/平,顶层 (共11层) | 2007年 | 1室1厅 | 41.97平米 | 北,https://ke-image.ljcdn.com/110000-inspection/pc1_rf0X6KXfa_1.jpg!m_fill,w_280,h_210,f_jpg?from=ke.com
20241015,通州,果园,101124159134,高楼层视野开阔总价合适看房方便,168万,26625元/平,低楼层 (共24层) | 2005年 | 1室0厅 | 63.1平米 | 西北,https://ke-image.ljcdn.com/110000-inspection/pc1_FGXEp1hZ0.jpg!m_fill,w_280,h_210,f_jpg?from=ke.com
20241015,通州,果园,101123320923,达富苑 2室1厅 南 北必看好房,219万,27548元/平,顶层 (共7层) | 2002年 | 2室1厅 | 79.5平米 | 南 北,https://ke-image.ljcdn.com/110000-inspection/700de1da-c963-4752-bbac-a2cf92863ddd_1000.jpg!m_fill,w_280,h_210,f_jpg?from=ke.com
20241015,通州,果园,101123260596,新华联家园北区 2室1厅 南 北必看好房,360万,37713元/平,中楼层 (共7层) 2室1厅 | 95.46平米 | 南 北,https://ke-image.ljcdn.com/110000-inspection/964cadd3-d373-4648-86c8-dfe791394a34_1000.jpg!m_fill,w_280,h_210,f_jpg?from=ke.com
20241015,通州,果园,101123254281,日光清城满五唯一南向二居室中间楼层采光好必看好房,368万,38084元/平,高楼层 (共11层) | 2004年 | 2室2厅 | 96.63平米 | 南,https://ke-image.ljcdn.com/110000-inspection/a52b5734-854f-4d69-ba60-86f7eeef93fd_1000.jpg!m_fill,w_280,h_210,f_jpg?from=ke.com
20241015,通州,果园,101122136149,南北通透 无遮挡满五唯一采光充足。必看好房,298万,29162元/平,顶层 (共6层) 3室1厅 | 102.19平米 | 南 北,https://ke-image.ljcdn.com/110000-inspection/118928f9-ed7a-4d09-87bf-72f42b08b66d_1000.jpg!m_fill,w_280,h_210,f_jpg?from=ke.com
20241015,通州,果园,101121522821,翠屏北里 南向北欧精装修带家具家电小两居 满五唯一房主自荐,220万,37163元/平,高楼层 (共7层) 2室1厅 | 59.2平米 | 南,https://ke-image.ljcdn.com/110000-inspection/feef2b07-df21-4135-a989-7aed68262ed9_1000.jpg!m_fill,w_280,h_210,f_jpg?from=ke.com
20241015,通州,果园,101127042754,达富苑 2室1厅 南 北新上,325万,35516元/平,中楼层 (共7层) | 2002年 | 2室1厅 | 91.51平米 | 南 北,https://ke-image.ljcdn.com/110000-inspection/50872607-08a6-4de1-9dfa-5e9242d0796c_1000.jpg!m_fill,w_280,h_210,f_jpg?from=ke.com
20241015,通州,果园,101127007501,果园地铁日光清城高楼层电梯三居室满五年唯一新上,585万,44883元/平,高楼层 (共7层) 3室2厅 | 130.34平米 | 南 北,https://ke-image.ljcdn.com/110000-inspection/pc1_x2NbxJPFj_1.jpg!m_fill,w_280,h_210,f_jpg?from=ke.com
20241015,通州,果园,101126982542,翠屏北里西区 2室2厅 南 北新上,327万,33249元/平,高楼层 (共7层) 2室2厅 | 98.35平米 | 南 北,https://ke-image.ljcdn.com/110000-inspection/48926bc9-3117-415c-b6f8-a0e6b7c67d87_1000.jpg!m_fill,w_280,h_210,f_jpg?from=ke.com
20241015,通州,果园,101126941841,北机家属院 不临街 南北通透新上,210万,36656元/平,高楼层 (共6层) | 1986年 | 2室1厅 | 57.29平米 | 南 北,https://ke-image.ljcdn.com/110000-inspection/a67907bf-eaac-4379-9721-6f12c048ca04_1000.jpg!m_fill,w_280,h_210,f_jpg?from=ke.com
20241015,通州,果园,101126937112,葛布店东里 2室1厅 南 北新上,248万,39160元/平,中楼层 (共6层) 2室1厅 | 63.33平米 | 南 北,https://ke-image.ljcdn.com/110000-inspection/1c5a0bac-a5c3-4283-b383-e910c1946fe1_1000.jpg!m_fill,w_280,h_210,f_jpg?from=ke.com
20241015,通州,果园,101126868715,电梯两居近地铁配套齐不临街交易只有契税,265万,32060元/平,低楼层 (共24层) | 2005年 | 2室1厅 | 82.66平米 | 东南,https://ke-image.ljcdn.com/110000-inspection/91573a3d-6d73-4d61-9326-70c351083e7c_1000.jpg!m_fill,w_280,h_210,f_jpg?from=ke.com
20241015,通州,果园,101126864851,翠屏北里西区 满五唯一 南北通透  不临街,330万,34462元/平,中楼层 (共7层) 2室2厅 | 95.76平米 | 南 北,https://ke-image.ljcdn.com/110000-inspection/2bba1900-e6c7-4dce-8be9-10ff0b2859d0_1000.jpg!m_fill,w_280,h_210,f_jpg?from=ke.com
20241015,通州,果园,101126862939,果园地铁 苏荷时代 卧室纯南采光好,223万,30611元/平,中楼层 (共24层) | 2005年 | 1室1厅 | 72.85平米 | 南,https://ke-image.ljcdn.com/110000-inspection/pc1_KPMVnecTV_1.jpg!m_fill,w_280,h_210,f_jpg?from=ke.com
20241015,通州,果园,101126825983,复兴南里 南向一居室诚心出售精装修,178万,32494元/平,中楼层 (共6层) | 1998年 | 1室1厅 | 54.78平米 | 南,https://ke-image.ljcdn.com/110000-inspection/pc1_F2DfmwEMd_1.jpg!m_fill,w_280,h_210,f_jpg?from=ke.com
20241015,通州,果园,101126796559,地铁门口20米（来源百度）不临街带电梯只有契税,430万,44203元/平,高楼层 (共11层) | 2003年 | 2室1厅 | 97.28平米 | 南,https://ke-image.ljcdn.com/110000-inspection/pc1_N6bpJAn7s_1.jpg!m_fill,w_280,h_210,f_jpg?from=ke.com
20241015,通州,果园,101126777566,果园北区1号楼 一层大三居 南北通透 满五唯一,299万,32030元/平,底层 (共6层) 3室1厅 | 93.35平米 | 南 北,https://ke-image.ljcdn.com/110000-inspection/bd37e533-c111-455f-b9da-f386af8afdb7_1000.jpg!m_fill,w_280,h_210,f_jpg?from=ke.com
20241015,通州,果园,101126754896,新华联家园南区-房子满五唯一 采光好视野好,350万,34382元/平,中楼层 (共7层) | 2002年 | 2室2厅 | 101.8平米 | 南 北,https://ke-image.ljcdn.com/110000-inspection/pc1_qqx2KABuC_1.jpg!m_fill,w_280,h_210,f_jpg?from=ke.com
20241015,通州,果园,101126729746,运河西大街8号院 1室1厅 南,155万,36505元/平,低楼层 (共6层) | 1992年 | 1室1厅 | 42.46平米 | 南,https://ke-image.ljcdn.com/110000-inspection/pc1_1JYYCqbBZ_1.jpg!m_fill,w_280,h_210,f_jpg?from=ke.com
20241015,通州,果园,101126693823,艺苑西里 一层南北两居 精装修 户型好 满五年唯一,249万,34632元/平,底层 (共6层) 2室1厅 | 71.9平米 | 南 北,https://ke-image.ljcdn.com/110000-inspection/a34f2bbe-b255-4207-bd6d-af8aa020c6d5_1000.jpg!m_fill,w_280,h_210,f_jpg?from=ke.com
20241015,通州,果园,101126670519,翠屏北里东区 南北向2居中间层 满五唯一,349万,39745元/平,中楼层 (共6层) 2室1厅 | 87.81平米 | 南 北,https://ke-image.ljcdn.com/110000-inspection/pc1_AEI6GcBj4_1.jpg!m_fill,w_280,h_210,f_jpg?from=ke.com
20241015,通州,果园,101126632617,艺苑西里 南北通透 满五可唯一 小区,220万,30607元/平,顶层 (共6层) 2室1厅 | 71.88平米 | 南 北,https://ke-image.ljcdn.com/110000-inspection/ad410a33-286b-42a7-91f1-e85e30164f54_1000.jpg!m_fill,w_280,h_210,f_jpg?from=ke.com
20241015,通州,果园,101126623902,艺苑西街9号院正规两居东西通透中间楼层,222万,30903元/平,中楼层 (共7层) 2室1厅 | 71.84平米 | 东 西,https://ke-image.ljcdn.com/110000-inspection/pc1_6yz4wFsn8_1.jpg!m_fill,w_280,h_210,f_jpg?from=ke.com
20241015,通州,果园,101126575607,果园233号院南北通透采光通风装修好看房方便,240万,35593元/平,中楼层 (共6层) | 1998年 | 2室1厅 | 67.43平米 | 南 北,https://ke-image.ljcdn.com/110000-inspection/pc1_g01qvzpUN_1.jpg!m_fill,w_280,h_210,f_jpg?from=ke.com
20241015,通州,果园,101126573701,通州果园首付70达广场南北通透的2居室户型好随时看,385万,37712元/平,中楼层 (共7层) 2室1厅 | 102.09平米 | 南 北,https://ke-image.ljcdn.com/110000-inspection/pc1_ig0Fz4mJF_1.jpg!m_fill,w_280,h_210,f_jpg?from=ke.com
20241015,通州,果园,101126559786,果园235号院,290万,38636元/平,低楼层 (共6层) 2室1厅 | 75.06平米 | 南 北,https://ke-image.ljcdn.com/110000-inspection/pc1_xzLPP7Qd0_1.jpg!m_fill,w_280,h_210,f_jpg?from=ke.com
20241015,通州,果园,101126557605,新华联家园北区,170万,39307元/平,中楼层 (共12层) | 2004年 | 1室0厅 | 43.25平米 | 北,https://ke-image.ljcdn.com/110000-inspection/pc1_lj9G7QjEu_1.jpg!m_fill,w_280,h_210,f_jpg?from=ke.com
20241015,通州,果园,101126534040,急售电梯高楼层南向一居室落地窗采光好,180万,28893元/平,高楼层 (共11层) | 2007年 | 1室1厅 | 62.3平米 | 南,https://ke-image.ljcdn.com/110000-inspection/pc1_B6rOBitJf_1.jpg!m_fill,w_280,h_210,f_jpg?from=ke.com
20241015,通州,果园,101126530091,东方潞河葛布店北里小区中建位置两居精装拎包入住,229万,37902元/平,中楼层 (共6层) 2室1厅 | 60.42平米 | 南 北,https://ke-image.ljcdn.com/110000-inspection/pc1_UvC91tP6N_1.jpg!m_fill,w_280,h_210,f_jpg?from=ke.com
20241015,通州,果园,101126499902,此房是南北通透的格局楼层好采光充足配套设施齐房主自荐,392万,41605元/平,中楼层 (共11层) | 2005年 | 2室1厅 | 94.22平米 | 南 北,https://ke-image.ljcdn.com/110000-inspection/pc1_dAZDNi7DA_1.jpg!m_fill,w_280,h_210,f_jpg?from=ke.com
20241015,通州,果园,101126494947,果园地铁350米葵花社南北通透2居精装修拎包入住,365万,42661元/平,顶层 (共14层) 2室1厅 | 85.56平米 | 南 北,https://ke-image.ljcdn.com/110000-inspection/df3a90c3-22a6-4c5a-9498-95feb08b45a4_1000.jpg!m_fill,w_280,h_210,f_jpg?from=ke.com
20241015,通州,果园,101126494537,天元小区 2室1厅 南 北,248万,38534元/平,低楼层 (共6层) 2室1厅 | 64.36平米 | 南 北,https://ke-image.ljcdn.com/110000-inspection/d713531a-ab85-4ba1-a7c3-cd054f0eba7a_1000.jpg!m_fill,w_280,h_210,f_jpg?from=ke.com
20241015,通州,果园,101126470025,优质中间楼层葛布店南里2室1厅南北,199万,34537元/平,中楼层 (共6层) 2室1厅 | 57.62平米 | 北 南,https://ke-image.ljcdn.com/110000-inspection/pc1_TOo7jxNWK_1.jpg!m_fill,w_280,h_210,f_jpg?from=ke.com
20241015,通州,果园,101126457062,艺苑西街9号院 南北精装两居 满五唯一 诚心出售房主自荐,195万,29622元/平,高楼层 (共6层) 2室1厅 | 65.83平米 | 南 北,https://ke-image.ljcdn.com/110000-inspection/pc1_975KV8K9j_1.jpg!m_fill,w_280,h_210,f_jpg?from=ke.com
20241015,通州,果园,101126447193,新华联家园北区 2室1厅 南 北,388万,43179元/平,中楼层 (共7层) 2室1厅 | 89.86平米 | 南 北,https://ke-image.ljcdn.com/110000-inspection/4ebd831a-55e3-4972-8d77-a414d66a4e26_1000.jpg!m_fill,w_280,h_210,f_jpg?from=ke.com
20241015,通州,果园,101126441034,葛布店南里 南北通透两居室 满5年,269万,29754元/平,顶层 (共5层) 2室1厅 | 90.41平米 | 南 北,https://ke-image.ljcdn.com/110000-inspection/pc1_Q3ea9WyaS_1.jpg!m_fill,w_280,h_210,f_jpg?from=ke.com
20241015,通州,果园,101126436727,巴克寓所 1室1厅 北,215万,32395元/平,高楼层 (共6层) | 2005年 | 1室1厅 | 66.37平米 | 北,https://ke-image.ljcdn.com/110000-inspection/pc1_pJsylCPSD_1.jpg!m_fill,w_280,h_210,f_jpg?from=ke.com
20241015,通州,果园,101126433151,新华联家园北区南向一居业主诚心出售看房方便,170万,37216元/平,中楼层 (共12层) | 2004年 | 1室1厅 | 45.68平米 | 南,https://ke-image.ljcdn.com/110000-inspection/1df5e78d-d30f-4b93-aec2-f9a7cd79219c_1000.jpg!m_fill,w_280,h_210,f_jpg?from=ke.com
20241015,通州,果园,101126408639,天元小区 2室1厅 南 北,300万,40253元/平,中楼层 (共6层) 2室1厅 | 74.53平米 | 南 北,https://ke-image.ljcdn.com/110000-inspection/pc1_vCUggUqse_1.jpg!m_fill,w_280,h_210,f_jpg?from=ke.com
20241015,通州,果园,101126392670,运河西大街155号院通透的两居室,185万,30304元/平,顶层 (共6层) 2室1厅 | 61.05平米 | 南 北,https://ke-image.ljcdn.com/110000-inspection/pc1_8TcIDjuBU_1.jpg!m_fill,w_280,h_210,f_jpg?from=ke.com
20241015,通州,果园,101126391773,南北通透满5年格局好采光好,270万,35972元/平,顶层 (共6层) 2室1厅 | 75.06平米 | 北 南,https://ke-image.ljcdn.com/110000-inspection/pc1_qhG2VTQay_1.jpg!m_fill,w_280,h_210,f_jpg?from=ke.com
20241015,通州,果园,101126378398,挂车厂宿舍-南北通透楼层好业主诚心卖,180万,30717元/平,中楼层 (共5层) | 1980年 | 3室1厅 | 58.6平米 | 南 北,https://ke-image.ljcdn.com/110000-inspection/pc1_i9qvQPn9o_1.jpg!m_fill,w_280,h_210,f_jpg?from=ke.com
20241015,通州,果园,101126364803,交通局家属院-楼层高采光好东西通透房主自荐,158万,24933元/平,顶层 (共6层) 2室1厅 | 63.37平米 | 东 西,https://ke-image.ljcdn.com/110000-inspection/pc1_TYx3WPmrB_1.jpg!m_fill,w_280,h_210,f_jpg?from=ke.com
20241015,通州,果园,101126354769,葛布店北里 3室1厅 东 南 北,266万,36690元/平,高楼层 (共6层) 3室1厅 | 72.5平米 | 东 南 北,https://ke-image.ljcdn.com/110000-inspection/pc1_n7ObupTgN_1.jpg!m_fill,w_280,h_210,f_jpg?from=ke.com
20241015,通州,果园,101126354888,1号线果园地铁站 果园西小区 全明户型 随时看急售,215万,33144元/平,中楼层 (共7层) 1室1厅 | 64.87平米 | 南 西,https://ke-image.ljcdn.com/110000-inspection/d3339d3e-1913-4edb-99b2-adff3d06bbbc_1000.jpg!m_fill,w_280,h_210,f_jpg?from=ke.com
20241015,通州,果园,101126341818,新华联家园南区 满五唯一 南北通透 采光好 视野好,425万,36313元/平,中楼层 (共7层) 3室2厅 | 117.04平米 | 南 北 西,https://ke-image.ljcdn.com/110000-inspection/pc1_B1zFAOGuW_1.jpg!m_fill,w_280,h_210,f_jpg?from=ke.com
20241015,通州,果园,101126337401,南北通透 无遮挡满五唯一采光充足。,195万,31467元/平,顶层 (共6层) 2室1厅 | 61.97平米 | 南 北,https://ke-image.ljcdn.com/110000-inspection/pc1_qk43baXJM_1.jpg!m_fill,w_280,h_210,f_jpg?from=ke.com
20241015,通州,果园,101126317034,葛布店东里 2室1厅 南 北,195万,35748元/平,高楼层 (共6层) 2室1厅 | 54.55平米 | 南 北,https://ke-image.ljcdn.com/110000-inspection/7dfbebf6-4f42-42b2-8bbe-05188aa162c1_1000.jpg!m_fill,w_280,h_210,f_jpg?from=ke.com
20241015,通州,果园,101126314962,艺苑西里 3室1厅 南 北,300万,31134元/平,高楼层 (共6层) 3室1厅 | 96.36平米 | 南 北,https://ke-image.ljcdn.com/110000-inspection/pc1_wB2Ru0QTp_1.jpg!m_fill,w_280,h_210,f_jpg?from=ke.com
20241015,通州,果园,101126299636,果园235号院 2室1厅 南 北,270万,35972元/平,底层 (共6层) 2室1厅 | 75.06平米 | 南 北,https://ke-image.ljcdn.com/110000-inspection/pc1_nEsYIEuyO_1.jpg!m_fill,w_280,h_210,f_jpg?from=ke.com
20241015,通州,果园,101126264199,此房是电梯房2梯4户视野开阔南北通透,360万,40614元/平,高楼层 (共14层) 2室1厅 | 88.64平米 | 南 北,https://ke-image.ljcdn.com/110000-inspection/pc1_a1nnOEcCG_1.jpg!m_fill,w_280,h_210,f_jpg?from=ke.com
20241015,通州,果园,101126235654,果园地铁350米苏荷时代南北向2居精装修拎包入住,368万,42227元/平,中楼层 (共18层) | 2005年 | 2室1厅 | 87.15平米 | 南 北,https://ke-image.ljcdn.com/110000-inspection/a191a3e8-3187-4d3f-87ae-97fee122b772_1000.jpg!m_fill,w_280,h_210,f_jpg?from=ke.com
20241015,通州,果园,101126235043,通州 新华联家园北区 南北通透电梯房正规一居,338万,48279元/平,中楼层 (共12层) 1室1厅 | 70.01平米 | 南 北,https://ke-image.ljcdn.com/110000-inspection/db985207-6962-4304-9467-6516a5dbfbd4_1000.jpg!m_fill,w_280,h_210,f_jpg?from=ke.com
20241015,通州,果园,101126208098,户型方正房子满五唯一中间楼层居住方便南北通透,205万,35622元/平,中楼层 (共6层) 2室1厅 | 57.55平米 | 南 北,https://ke-image.ljcdn.com/110000-inspection/pc1_c7Vs7754m_1.jpg!m_fill,w_280,h_210,f_jpg?from=ke.com
20241015,通州,果园,101126198709,此房满五年了小户型南向采光好周边配套齐全,145万,35349元/平,顶层 (共6层) 1室1厅 | 41.02平米 | 南,https://ke-image.ljcdn.com/110000-inspection/pc1_WAlsEWBzP_1.jpg!m_fill,w_280,h_210,f_jpg?from=ke.com
20241015,通州,果园,101126167848,苏荷时代电梯纯南一居 采光视野无遮挡,160万,37674元/平,高楼层 (共18层) | 2005年 | 1室0厅 | 42.47平米 | 南,https://ke-image.ljcdn.com/110000-inspection/ead059a7-947e-4021-b66b-a7bbe8e7c078_1000.jpg!m_fill,w_280,h_210,f_jpg?from=ke.com
20241015,通州,果园,101126150288,日光清城 1室1厅 东北,236万,38312元/平,中楼层 (共7层) | 2003年 | 1室1厅 | 61.6平米 | 东北,https://ke-image.ljcdn.com/110000-inspection/pc1_EHiiBnOBr_1.jpg!m_fill,w_280,h_210,f_jpg?from=ke.com
20241015,通州,果园,101126123037,苏荷时代 精装修小三居 交通便利,418万,40713元/平,高楼层 (共18层) | 2005年 | 3室2厅 | 102.67平米 | 南 北,https://ke-image.ljcdn.com/110000-inspection/pc1_XlVHaZUcj_1.jpg!m_fill,w_280,h_210,f_jpg?from=ke.com
20241015,通州,果园,101126106800,雅丽世居 地铁果园  无抵押 采光好,350万,37908元/平,中楼层 (共11层) | 2005年 | 2室1厅 | 92.33平米 | 南 北,https://ke-image.ljcdn.com/110000-inspection/pc1_ZTYjtUZ7k_1.jpg!m_fill,w_280,h_210,f_jpg?from=ke.com
20241015,通州,果园,101126085376,葛布店北里 2室1厅 东南 西北,219万,34145元/平,顶层 (共6层) 2室1厅 | 64.14平米 | 东南 西北,https://ke-image.ljcdn.com/110000-inspection/f9675ced-c528-44e8-a3fa-d581f3bba9fc_1000.jpg!m_fill,w_280,h_210,f_jpg?from=ke.com
20241015,通州,果园,101126080528,翠屏北里西区 满五唯一 南北通透 双卫 不临街,379万,40965元/平,低楼层 (共7层) 2室1厅 | 92.52平米 | 南 北,https://ke-image.ljcdn.com/110000-inspection/pc1_DyLL9Bepx_1.jpg!m_fill,w_280,h_210,f_jpg?from=ke.com
20241015,通州,果园,101126079600,艺苑西街9号院,188万,26170元/平,中楼层 (共7层) 2室1厅 | 71.84平米 | 西 东,https://ke-image.ljcdn.com/110000-inspection/pc1_uFdDEANJB_1.jpg!m_fill,w_280,h_210,f_jpg?from=ke.com
20241015,通州,果园,101126046215,1号线果园 广渠路新华联家园北区 高层电梯房二居,425万,40666元/平,中楼层 (共12层) 2室2厅 | 104.51平米 | 南 北,https://ke-image.ljcdn.com/110000-inspection/pc1_amcjHRIEk_1.jpg!m_fill,w_280,h_210,f_jpg?from=ke.com
20241015,通州,果园,101126034153,新华联家园北区 南北通透电梯两居室 中间位置,460万,41739元/平,中楼层 (共9层) 2室1厅 | 110.21平米 | 南 北,https://ke-image.ljcdn.com/110000-inspection/pc1_WhMXbM7Yz_1.jpg!m_fill,w_280,h_210,f_jpg?from=ke.com
20241015,通州,果园,101126019872,1号线果园地铁站 日光清城电梯 精装 急售 随时看,366万,39049元/平,顶层 (共11层) | 2004年 | 2室1厅 | 93.73平米 | 南,https://ke-image.ljcdn.com/110000-inspection/6d3ba6bb-1e70-4b55-87d6-b926c730a6c0_1000.jpg!m_fill,w_280,h_210,f_jpg?from=ke.com
20241015,通州,果园,101126013822,葛布店东里 南北通透 无遮挡采光好,286万,33624元/平,高楼层 (共6层) 2室1厅 | 85.06平米 | 南 西 北,https://ke-image.ljcdn.com/110000-inspection/pc1_sRlWq6VwG_1.jpg!m_fill,w_280,h_210,f_jpg?from=ke.com
20241015,通州,果园,101125987548,运河西大街155号院两居室 满五年唯一 位置好！,209万,34240元/平,顶层 (共6层) 2室1厅 | 61.04平米 | 西 东,https://ke-image.ljcdn.com/110000-inspection/pc1_JhEfOdRU8_1.jpg!m_fill,w_280,h_210,f_jpg?from=ke.com
20241015,通州,果园,101125983377,翠屏北里西区 3室2厅 南 北,495万,40395元/平,低楼层 (共12层) 3室2厅 | 122.54平米 | 南 北,https://ke-image.ljcdn.com/110000-inspection/pc1_KKmwc8AKv_1.jpg!m_fill,w_280,h_210,f_jpg?from=ke.com
20241015,通州,果园,101125970125,满五年唯一不临街不把边果园地铁诚意出售,340万,37858元/平,底层 (共6层) 2室1厅 | 89.81平米 | 南 北,https://ke-image.ljcdn.com/110000-inspection/pc1_G3KVTkQ8f_1.jpg!m_fill,w_280,h_210,f_jpg?from=ke.com
20241015,通州,果园,101125969033,新华联家园北区 南向电梯一居室,300万,39953元/平,高楼层 (共12层) | 2004年 | 1室1厅 | 75.09平米 | 南,https://ke-image.ljcdn.com/110000-inspection/pc1_Q6Bn23fWw_1.jpg!m_fill,w_280,h_210,f_jpg?from=ke.com
20241015,通州,果园,101125962970,全阳三居室  有电梯 满五唯一房主自荐,499万,37644元/平,底层 (共7层) 3室1厅 | 132.56平米 | 南 北,https://ke-image.ljcdn.com/110000-inspection/pc1_SLbwnI1HV_1.jpg!m_fill,w_280,h_210,f_jpg?from=ke.com
20241015,通州,果园,101125922832,葛布店南里 满五唯一 中间楼层 客厅明亮,199万,32623元/平,中楼层 (共7层) | 1987年 | 2室1厅 | 61平米 | 南 北,https://ke-image.ljcdn.com/110000-inspection/pc1_an69JfJ1B_1.jpg!m_fill,w_280,h_210,f_jpg?from=ke.com
20241015,通州,果园,101125906525,房子满五年唯一精装修南北通透格局方正没浪费,192万,32810元/平,底层 (共6层) 2室1厅 | 58.52平米 | 南 北,https://ke-image.ljcdn.com/110000-inspection/pc1_ZlsU3su7P_1.jpg!m_fill,w_280,h_210,f_jpg?from=ke.com
20241015,通州,果园,101125906071,翠屏北里西区 3室2厅 南 北,570万,46516元/平,中楼层 (共12层) 3室2厅 | 122.54平米 | 南 北,https://ke-image.ljcdn.com/110000-inspection/pc1_anO0yFQe5_1.jpg!m_fill,w_280,h_210,f_jpg?from=ke.com
20241015,通州,果园,101125893406,天元小区 满五唯一 两居室 业主诚心,271万,36362元/平,高楼层 (共6层) 2室1厅 | 74.53平米 | 南 北,https://ke-image.ljcdn.com/110000-inspection/pc1_V7NMArgcg_1.jpg!m_fill,w_280,h_210,f_jpg?from=ke.com
20241015,通州,果园,101125869202,果园地铁 精装修 3层 有车位 全名格局 诚心出售房主自荐,458万,43891元/平,中楼层 (共7层) | 2004年 | 2室1厅 | 104.35平米 | 南 北,https://ke-image.ljcdn.com/110000-inspection/298b3c8d-25f7-4b62-be2b-99949b32f3bb_1000.jpg!m_fill,w_280,h_210,f_jpg?from=ke.com
20241015,通州,果园,101125868862,雅丽世居南北通透两居室电梯房。,450万,38478元/平,中楼层 (共11层) | 2005年 | 2室1厅 | 116.95平米 | 南 北,https://ke-image.ljcdn.com/110000-inspection/pc1_hIkZvRJPN_1.jpg!m_fill,w_280,h_210,f_jpg?from=ke.com
20241015,通州,果园,101125838100,雅丽世居 果园地铁 小三居业主诚心出售,426万,36473元/平,高楼层 (共11层) | 2005年 | 3室1厅 | 116.8平米 | 南 北,https://ke-image.ljcdn.com/110000-inspection/pc1_MZVoVJpB3_1.jpg!m_fill,w_280,h_210,f_jpg?from=ke.com
20241015,通州,果园,101125822856,运河西大街155号院 2室1厅 南 北,200万,37182元/平,高楼层 (共6层) 2室1厅 | 53.79平米 | 南 北,https://ke-image.ljcdn.com/110000-inspection/edb54560-3983-45bd-bef0-fd254ae45ba0_1000.jpg!m_fill,w_280,h_210,f_jpg?from=ke.com
20241015,通州,果园,101125819000,新华联家园南区 2室2厅 南 北,405万,39993元/平,中楼层 (共7层) | 2004年 | 2室2厅 | 101.27平米 | 南 北,https://ke-image.ljcdn.com/110000-inspection/pc1_yrUAHYaTc_1.jpg!m_fill,w_280,h_210,f_jpg?from=ke.com
20241015,通州,果园,101125816092,葛布店东里中间层可正常公积金贷款,245万,38687元/平,中楼层 (共6层) | 1991年 | 2室1厅 | 63.33平米 | 北 南,https://ke-image.ljcdn.com/110000-inspection/pc1_u0qyJ6JNk_1.jpg!m_fill,w_280,h_210,f_jpg?from=ke.com
20241015,通州,果园,101125768602,新华联家园北区南北通透房本满五年在京唯一住房,330万,36469元/平,中楼层 (共7层) | 2004年 | 2室1厅 | 90.49平米 | 南 北,https://ke-image.ljcdn.com/110000-inspection/pc1_8SwDfLTpV_1.jpg!m_fill,w_280,h_210,f_jpg?from=ke.com
20241015,通州,果园,101125691024,达富苑中楼层两居室双卫格局采光无遮挡视野好,368万,35382元/平,中楼层 (共7层) 2室2厅 | 104.01平米 | 南 北,https://ke-image.ljcdn.com/110000-inspection/pc1_jwa6Gmnnr_1.jpg!m_fill,w_280,h_210,f_jpg?from=ke.com
20241015,通州,果园,101125668858,翠屏北里东区 离地铁近 全明户型,240万,30504元/平,顶层 (共6层) | 1994年 | 2室2厅 | 78.68平米 | 南 北,https://ke-image.ljcdn.com/110000-inspection/pc1_n5oziCYJ1_1.jpg!m_fill,w_280,h_210,f_jpg?from=ke.com
20241015,通州,果园,101125644042,运河 房子满五年精装修 拎包入住 不临街不把边房主自荐,209万,34857元/平,高楼层 (共6层) 2室1厅 | 59.96平米 | 南 北,https://ke-image.ljcdn.com/110000-inspection/pc1_ano35LdSR_1.jpg!m_fill,w_280,h_210,f_jpg?from=ke.com
20241015,通州,果园,101125637403,北苑南路20号院 2室2厅 南 北,320万,36812元/平,中楼层 (共6层) 2室2厅 | 86.93平米 | 南 北,https://ke-image.ljcdn.com/110000-inspection/78e5aa32-d363-47e0-8fcc-ecfc2ccf4b44_1000.jpg!m_fill,w_280,h_210,f_jpg?from=ke.com
20241015,通州,果园,101125631729,果园地铁站门口电梯两居采光好满五唯一,335万,36307元/平,中楼层 (共11层) 2室1厅 | 92.27平米 | 南 北,https://ke-image.ljcdn.com/110000-inspection/pc1_It25Uf6tP_1.jpg!m_fill,w_280,h_210,f_jpg?from=ke.com
20241015,通州,果园,101125558929,满五年唯一南北通透户型方正中间楼层交通便利,379万,42116元/平,中楼层 (共7层) | 2004年 | 2室1厅 | 89.99平米 | 南 北,https://ke-image.ljcdn.com/110000-inspection/pc1_pv6u487t9_1.jpg!m_fill,w_280,h_210,f_jpg?from=ke.com
20241015,通州,果园,101125524171,果园233号院两居室南北通透满五年中间楼层,230万,34110元/平,中楼层 (共6层) | 1998年 | 2室1厅 | 67.43平米 | 南 北,https://ke-image.ljcdn.com/110000-inspection/pc1_F6K9wopUl_1.jpg!m_fill,w_280,h_210,f_jpg?from=ke.com
20241015,通州,果园,101125466834,满五年唯一 采光好  不临街 两居室,350万,40917元/平,中楼层 (共7层) | 2004年 | 2室1厅 | 85.54平米 | 南 北,https://ke-image.ljcdn.com/110000-inspection/7d20ccfc-3ba6-4a4a-9ae9-fe0655f4411b_1000.jpg!m_fill,w_280,h_210,f_jpg?from=ke.com
20241015,通州,果园,101125459045,有电梯高楼层视野好业主诚心出售。,395万,38928元/平,中楼层 (共18层) | 2005年 | 2室1厅 | 101.47平米 | 南,https://ke-image.ljcdn.com/110000-inspection/e3b6dfb2-b880-4795-89a1-69d9991afa2b_1000.jpg!m_fill,w_280,h_210,f_jpg?from=ke.com
20241015,通州,果园,101125434496,苏荷时代房子只有契税 有天燃气 地暖近地铁房主自荐,253万,30608元/平,中楼层 (共24层) | 2005年 | 2室1厅 | 82.66平米 | 东南,https://ke-image.ljcdn.com/110000-inspection/pc1_p3XM7vLd3_1.jpg!m_fill,w_280,h_210,f_jpg?from=ke.com
20241015,通州,果园,101125404993,翠屏北里东区 2室2厅 南 北,370万,42151元/平,高楼层 (共6层) 2室2厅 | 87.78平米 | 南 北,https://ke-image.ljcdn.com/110000-inspection/pc1_ZGF0zLIen_1.jpg!m_fill,w_280,h_210,f_jpg?from=ke.com
20241015,通州,果园,101125403688,葛布店东里南北通透格局楼层好视野宽阔采光充足,329万,34415元/平,中楼层 (共6层) 3室1厅 | 95.6平米 | 南 北,https://ke-image.ljcdn.com/110000-inspection/pc1_84neC29ge_1.jpg!m_fill,w_280,h_210,f_jpg?from=ke.com
20241015,通州,果园,101125371691,葛布店南里全明户型 南北三居 运河,230万,28399元/平,顶层 (共6层) 3室1厅 | 80.99平米 | 南 北,https://ke-image.ljcdn.com/110000-inspection/pc1_gxeWKNmXH_1.jpg!m_fill,w_280,h_210,f_jpg?from=ke.com
20241015,通州,果园,101125318110,巴克寓所 4室2厅 南 北,838万,43797元/平,中楼层 (共6层) 4室2厅 | 191.34平米 | 南 北,https://ke-image.ljcdn.com/110000-inspection/649b0c67-e38e-4edd-ba42-1c75eac19e46_1000.jpg!m_fill,w_280,h_210,f_jpg?from=ke.com
20241015,通州,果园,101125237044,果园九棵树地铁 成熟社区 南北户型 满五年唯一,474万,33198元/平,中楼层 (共7层) 4室2厅 | 142.78平米 | 南 北,https://ke-image.ljcdn.com/110000-inspection/pc1_6e8n72JSf_1.jpg!m_fill,w_280,h_210,f_jpg?from=ke.com
20241015,通州,果园,101125205352,九棵树城铁站 潞河 东方 户型好 格局方正 采光好,215万,39882元/平,底层 (共6层) 2室1厅 | 53.91平米 | 西 东,https://ke-image.ljcdn.com/110000-inspection/pc1_WR1eJhfAE_1.jpg!m_fill,w_280,h_210,f_jpg?from=ke.com
20241015,通州,果园,101125200907,翠屏北里东区 1室1厅 南,199万,43356元/平,顶层 (共6层) 1室1厅 | 45.9平米 | 南,https://ke-image.ljcdn.com/110000-inspection/c716ee51-80d7-4a3a-bb2c-edf885cdb998_1000.jpg!m_fill,w_280,h_210,f_jpg?from=ke.com
20241015,通州,果园,101125142735,葛布店东里南向采光充足拎包入住,165万,38516元/平,高楼层 (共6层) 1室1厅 | 42.84平米 | 南,https://ke-image.ljcdn.com/110000-inspection/f3261e5e-c5cb-4266-845a-8f0d5af06e49_1000.jpg!m_fill,w_280,h_210,f_jpg?from=ke.com
20241015,通州,果园,101125108630,房号520爱的小窝精装修拎包入住家电齐全有天然气房主自荐,179万,32434元/平,中楼层 (共11层) | 2007年 | 1室1厅 | 55.19平米 | 北,https://ke-image.ljcdn.com/110000-inspection/d7cd4041-7fdd-4c27-ac09-e190b52a994f_1000.jpg!m_fill,w_280,h_210,f_jpg?from=ke.com
20241015,通州,果园,101125091096,商品房满五唯一精装修 正规两居 南北通透,300万,30304元/平,中楼层 (共6层) 2室1厅 | 99平米 | 南 北,https://ke-image.ljcdn.com/110000-inspection/776edc12-53d2-4647-8737-ee57bec1e5e0_1000.jpg!m_fill,w_280,h_210,f_jpg?from=ke.com
20241015,通州,果园,101125057850,通州八通线果园南北通透大两居满五年高楼层视野好,366万,37344元/平,顶层 (共18层) | 2005年 | 2室1厅 | 98.01平米 | 南 北,https://ke-image.ljcdn.com/110000-inspection/pc1_wyaXR25L3_1.jpg!m_fill,w_280,h_210,f_jpg?from=ke.com
20241015,通州,果园,101125036150,巴克寓所精装一居室业主诚心出售,199万,31618元/平,低楼层 (共6层) 1室1厅 | 62.94平米 | 北,https://ke-image.ljcdn.com/110000-inspection/abccddc9-a45e-43f9-af86-e20ac8903ca6_1000.jpg!m_fill,w_280,h_210,f_jpg?from=ke.com
20241015,通州,果园,101125032883,新华联家园南区 南北通透两居室 中楼层 业主诚心卖,418万,41138元/平,中楼层 (共7层) 2室2厅 | 101.61平米 | 南 北,https://ke-image.ljcdn.com/110000-inspection/f91c1235-c6c1-49fe-885d-29cfecaa0601_1000.jpg!m_fill,w_280,h_210,f_jpg?from=ke.com
20241015,通州,果园,101125032796,1号线果园地铁站 低层3居室 双卫 满五年 急售,489万,37899元/平,低楼层 (共7层) 3室2厅 | 129.03平米 | 南 北,https://ke-image.ljcdn.com/110000-inspection/pc1_k2ajzYCY6_1.jpg!m_fill,w_280,h_210,f_jpg?from=ke.com
20241015,通州,果园,101124984947,房子满五年唯一不临街南北通透格局方正没浪费,176万,29305元/平,顶层 (共6层) | 1998年 | 1室1厅 | 60.06平米 | 南 北,https://ke-image.ljcdn.com/110000-inspection/f48d535d-1c06-4708-97e5-3cccb373e331_1000.jpg!m_fill,w_280,h_210,f_jpg?from=ke.com
20241015,通州,果园,101124982418,巴克寓所一居室 低楼层 业主诚心出售,210万,32047元/平,低楼层 (共6层) 1室1厅 | 65.53平米 | 北,https://ke-image.ljcdn.com/110000-inspection/73a78c6e-f004-4827-8bc4-3137ef2e15e6_1000.jpg!m_fill,w_280,h_210,f_jpg?from=ke.com
20241015,通州,果园,101124977130,下楼就是运河低年级部全南小一居,146万,37571元/平,顶层 (共5层) | 1979年 | 1室1厅 | 38.86平米 | 南,https://ke-image.ljcdn.com/110000-inspection/0c184531-1c48-4daf-b3f5-7492d3403296_1000.jpg!m_fill,w_280,h_210,f_jpg?from=ke.com
20241015,通州,果园,101124939302,果园西小区 1室1厅 南,215万,34628元/平,低楼层 (共6层) 1室1厅 | 62.09平米 | 南,https://ke-image.ljcdn.com/110000-inspection/pc1_vDUbY8kML_1.jpg!m_fill,w_280,h_210,f_jpg?from=ke.com
20241015,通州,果园,101124884685,葛布店东里南北通透中间楼层,199万,36737元/平,中楼层 (共6层) 2室1厅 | 54.17平米 | 南 北,https://ke-image.ljcdn.com/110000-inspection/c9fee691-d824-463b-9fbb-f421e8b4d2a4_1000.jpg!m_fill,w_280,h_210,f_jpg?from=ke.com
20241015,通州,果园,101124864633,葛布店东里 2室1厅 南 北房主自荐,245万,38687元/平,中楼层 (共6层) 2室1厅 | 63.33平米 | 南 北,https://ke-image.ljcdn.com/110000-inspection/83c1999e-f1a2-4eb0-bc04-593b9b72b5ef_1000.jpg!m_fill,w_280,h_210,f_jpg?from=ke.com
20241015,通州,果园,101124821781,果园 巴克寓所 满五年 中间位置 低楼层,199万,31211元/平,低楼层 (共7层) 1室1厅 | 63.76平米 | 北,https://ke-image.ljcdn.com/110000-inspection/a6570d5b-d919-4fa5-967a-a5761a0f674f_1000.jpg!m_fill,w_280,h_210,f_jpg?from=ke.com
20241015,通州,果园,101124790924,苏荷时代满五唯一有电梯两梯四户近地铁,195万,29127元/平,高楼层 (共18层) | 2005年 | 2室1厅 | 66.95平米 | 东,https://ke-image.ljcdn.com/110000-inspection/adb77c8a-fc0e-4df8-ba2a-e456e7eb7e6b_1000.jpg!m_fill,w_280,h_210,f_jpg?from=ke.com
20241015,通州,果园,101124763738,苏荷时代南向的房子地铁站280米（高德地图）,205万,28141元/平,低楼层 (共24层) | 2005年 | 2室1厅 | 72.85平米 | 东 南,https://ke-image.ljcdn.com/110000-inspection/81ea8749-d251-4e8c-bab1-5ee66acae4da_1000.jpg!m_fill,w_280,h_210,f_jpg?from=ke.com
20241015,通州,果园,101124755837,葛布店北里板楼三层 南北通透 视野好采光好,222万,38576元/平,中楼层 (共6层) | 1987年 | 2室1厅 | 57.55平米 | 南 北,https://ke-image.ljcdn.com/110000-inspection/4bd1c91b-9dde-4fe8-a36e-9297c7308feb_1000.jpg!m_fill,w_280,h_210,f_jpg?from=ke.com
20241015,通州,果园,101124748293,果园 南北通透 满五唯一 格局方正两居 诚意出售,345万,40318元/平,低楼层 (共7层) | 2004年 | 2室1厅 | 85.57平米 | 南 北,https://ke-image.ljcdn.com/110000-inspection/52b3f1b7-1e30-4506-8c31-08daff4e0cf3_1000.jpg!m_fill,w_280,h_210,f_jpg?from=ke.com
20241015,通州,果园,101124700897,探矿家属院 2室1厅 南,180万,35184元/平,顶层 (共5层) | 1980年 | 2室1厅 | 51.16平米 | 南,https://ke-image.ljcdn.com/110000-inspection/043620e6-8d02-4d52-994e-c804078902af_1000.jpg!m_fill,w_280,h_210,f_jpg?from=ke.com
20241015,通州,果园,101124676386,新华联家园北区 精装一居 电梯高层 满五年唯一,155万,36190元/平,高楼层 (共12层) | 2004年 | 1室0厅 | 42.83平米 | 北,https://ke-image.ljcdn.com/110000-inspection/a4502c82-0809-418d-b724-e38cc6b98886_1000.jpg!m_fill,w_280,h_210,f_jpg?from=ke.com
20241015,通州,果园,101124661268,天元小区 2室2厅 南 北,280万,38054元/平,中楼层 (共6层) 2室2厅 | 73.58平米 | 南 北,https://ke-image.ljcdn.com/110000-inspection/32ecade0-1587-4417-9a67-19a3dc38aa41_1000.jpg!m_fill,w_280,h_210,f_jpg?from=ke.com
20241015,通州,果园,101124632044,翠屏北里东区 2室1厅 南 北,312万,38816元/平,中楼层 (共6层) | 1994年 | 2室1厅 | 80.38平米 | 南 北,https://ke-image.ljcdn.com/110000-inspection/31d53626-f658-4170-a7ec-5751d2ae2e47_1000.jpg!m_fill,w_280,h_210,f_jpg?from=ke.com
20241015,通州,果园,101124557170,艺苑西里    中间楼层  两居室,260万,38451元/平,中楼层 (共6层) | 2000年 | 2室1厅 | 67.62平米 | 东 西,https://ke-image.ljcdn.com/110000-inspection/pc1_woOKnSN2C_1.jpg!m_fill,w_280,h_210,f_jpg?from=ke.com
20241015,通州,果园,101124501805,雅丽世居 婚房装修可ning包入住 满五唯一无抵押,388万,39706元/平,低楼层 (共18层) | 2005年 | 2室2厅 | 97.72平米 | 南 北,https://ke-image.ljcdn.com/110000-inspection/pc1_TJQvGglT0_1.jpg!m_fill,w_280,h_210,f_jpg?from=ke.com
20241015,通州,果园,101124498467,翠屏北里东区 3室1厅 南 北,380万,45008元/平,顶层 (共6层) | 2004年 | 3室1厅 | 84.43平米 | 南 北,https://ke-image.ljcdn.com/110000-inspection/189a88e0-c47a-4b0b-87e8-f2c95780c5db_1000.jpg!m_fill,w_280,h_210,f_jpg?from=ke.com
20241015,通州,果园,101124443275,新华联家园北区 1室0厅 南,195万,45561元/平,高楼层 (共12层) | 2004年 | 1室0厅 | 42.8平米 | 南,https://ke-image.ljcdn.com/110000-inspection/f3df88ac-7810-4d15-8535-04d278c2005c_1000.jpg!m_fill,w_280,h_210,f_jpg?from=ke.com
20241015,通州,果园,101124434210,果园 新华联家园南区 精装修,399万,39226元/平,底层 (共7层) 2室1厅 | 101.72平米 | 南 北,https://ke-image.ljcdn.com/110000-inspection/pc1_xJ0vGFn7q_1.jpg!m_fill,w_280,h_210,f_jpg?from=ke.com
20241015,通州,果园,101124423732,果园地铁南翠屏北里东区好户型满五年唯一两居落地窗房主自荐,355万,36396元/平,高楼层 (共6层) | 2004年 | 2室2厅 | 97.54平米 | 南 北,https://ke-image.ljcdn.com/110000-inspection/pc1_846Uvnht7_1.jpg!m_fill,w_280,h_210,f_jpg?from=ke.com
20241015,通州,果园,101124416922,新华联家园北区 2室1厅 南 北,415万,39858元/平,底层 (共7层) 2室1厅 | 104.12平米 | 南 北,https://ke-image.ljcdn.com/110000-inspection/pc1_BrVxz1PKa_1.jpg!m_fill,w_280,h_210,f_jpg?from=ke.com
20241015,通州,果园,101124351826,葛布店北里 2室1厅 东 西,228万,36446元/平,中楼层 (共5层) 2室1厅 | 62.56平米 | 东 西,https://ke-image.ljcdn.com/110000-inspection/pc1_8OaDD2KQY_1.jpg!m_fill,w_280,h_210,f_jpg?from=ke.com
20241015,通州,果园,101124350222,距离果园地铁300米大三居 南北通透看房随时房主自荐,540万,41115元/平,高楼层 (共11层) 3室2厅 | 131.34平米 | 南 北,https://ke-image.ljcdn.com/110000-inspection/5de48b9c-654d-4a8d-9df4-6cb54f464614_1000.jpg!m_fill,w_280,h_210,f_jpg?from=ke.com
20241015,通州,果园,101124334158,探矿家属院 南北通透 中间楼层,265万,43788元/平,中楼层 (共6层) 2室1厅 | 60.52平米 | 南 北,https://ke-image.ljcdn.com/110000-inspection/pc1_1f3K8ca7p_1.jpg!m_fill,w_280,h_210,f_jpg?from=ke.com
20241015,通州,果园,101124316859,1号线 果园地铁满五唯一南向 有电梯房主自荐,189万,44356元/平,高楼层 (共12层) | 2004年 | 1室0厅 | 42.61平米 | 南,https://ke-image.ljcdn.com/110000-inspection/6e936500-a663-4445-b5f1-f37fa7a39024_1000.jpg!m_fill,w_280,h_210,f_jpg?from=ke.com
20241015,通州,果园,101124243473,巴克寓所 1室1厅 南,249万,43808元/平,中楼层 (共6层) 1室1厅 | 56.84平米 | 南,https://ke-image.ljcdn.com/110000-inspection/pc1_eWOCLUqrm_1.jpg!m_fill,w_280,h_210,f_jpg?from=ke.com
20241015,通州,果园,101124229418,通州果园地铁450米运河西大街8号院南北向一层2居房主自荐,179万,31355元/平,底层 (共6层) 2室1厅 | 57.09平米 | 南 北,https://ke-image.ljcdn.com/110000-inspection/6668517c-e017-447b-ba68-097583b3391d_1000.jpg!m_fill,w_280,h_210,f_jpg?from=ke.com
20241015,通州,果园,101124170435,巴克摩界北向小户型低楼层有天然气业主诚意出售,137万,33374元/平,低楼层 (共11层) | 2007年 | 1室0厅 | 41.05平米 | 北,https://ke-image.ljcdn.com/110000-inspection/026461cf-f50f-4ca9-b588-be94c1f72cc6_1000.jpg!m_fill,w_280,h_210,f_jpg?from=ke.com
20241015,通州,果园,101124145535,果园地铁 南北通透户型 满五年唯一 户型方正,455万,40255元/平,中楼层 (共6层) 3室1厅 | 113.03平米 | 南 北,https://ke-image.ljcdn.com/110000-inspection/pc1_45iYrZxGp_1.jpg!m_fill,w_280,h_210,f_jpg?from=ke.com
20241015,通州,果园,101124107549,探矿家属院 2室1厅 南,199万,39352元/平,底层 (共5层) 2室1厅 | 50.57平米 | 南,https://ke-image.ljcdn.com/110000-inspection/6d23a1e7-2384-4261-b4cf-99e33d8fdd3f_1000.jpg!m_fill,w_280,h_210,f_jpg?from=ke.com
20241015,通州,果园,101124091184,雅丽世居 电梯南向一居视野好,215万,39941元/平,高楼层 (共18层) | 2005年 | 1室1厅 | 53.83平米 | 南,https://ke-image.ljcdn.com/110000-inspection/34c85df2-9295-4294-97ea-3dd729e04df0_1000.jpg!m_fill,w_280,h_210,f_jpg?from=ke.com
20241015,通州,果园,101124049676,葛布店东里 2室1厅 南 北,175万,34966元/平,高楼层 (共6层) 2室1厅 | 50.05平米 | 南 北,https://ke-image.ljcdn.com/110000-inspection/0b3a0221-5a42-4662-9ca0-a6447e96dfd6_1000.jpg!m_fill,w_280,h_210,f_jpg?from=ke.com
20241015,通州,果园,101123969815,1号线 日光清城 精装三居室 南北通透 楼层高采光好,520万,41385元/平,中楼层 (共11层) | 2004年 | 3室2厅 | 125.65平米 | 南 北,https://ke-image.ljcdn.com/110000-inspection/0e947a2a-610f-4336-8cc7-2b073c76eb44_1000.jpg!m_fill,w_280,h_210,f_jpg?from=ke.com
20241015,通州,果园,101123960784,果园 新华联家园南区 两居室 中间楼层,380万,41980元/平,中楼层 (共7层) 2室1厅 | 90.52平米 | 南 北,https://ke-image.ljcdn.com/110000-inspection/a97ea64d-40a5-4dbe-a294-ce3208b181d7_1000.jpg!m_fill,w_280,h_210,f_jpg?from=ke.com
20241015,通州,果园,101123946782,果园地铁站 南北通透二居 中间楼层,280万,37304元/平,低楼层 (共6层) 2室1厅 | 75.06平米 | 南 北,https://ke-image.ljcdn.com/110000-inspection/34a932c5-cbcd-4d29-bc64-4efd2680e339_1000.jpg!m_fill,w_280,h_210,f_jpg?from=ke.com
20241015,通州,果园,101123912821,达富苑中间层两居室采光视野好满五唯一,339万,35236元/平,中楼层 (共7层) 2室2厅 | 96.21平米 | 南 北,https://ke-image.ljcdn.com/110000-inspection/cc6a96ef-acd2-4aa6-96a4-ed26c5e28288_1000.jpg!m_fill,w_280,h_210,f_jpg?from=ke.com
20241015,通州,果园,101123881011,满五年唯一南北通透采光视野号户型方正,239万,36770元/平,顶层 (共6层) 2室1厅 | 65平米 | 南 北,https://ke-image.ljcdn.com/110000-inspection/efd3eb33-80ee-4565-9357-c0476483f7d7_1000.jpg!m_fill,w_280,h_210,f_jpg?from=ke.com
20241015,通州,果园,101123809718,1号线 果园西小区 南北向两居室 客厅朝南带大阳台,340万,33841元/平,低楼层 (共6层) 2室1厅 | 100.47平米 | 南 北,https://ke-image.ljcdn.com/110000-inspection/84237bcf-f365-4855-9785-26ef5e1c46da_1000.jpg!m_fill,w_280,h_210,f_jpg?from=ke.com
20241015,通州,果园,101123806991,新华联家园北区 1室0厅 南,205万,47842元/平,中楼层 (共12层) | 2004年 | 1室0厅 | 42.85平米 | 南,https://ke-image.ljcdn.com/110000-inspection/pc1_PINFzP4Zj.jpg!m_fill,w_280,h_210,f_jpg?from=ke.com
20241015,通州,果园,101123773738,满五唯一 电梯 正规一居室 明厨明卫,310万,44223元/平,中楼层 (共12层) | 2004年 | 1室1厅 | 70.1平米 | 东 北,https://ke-image.ljcdn.com/110000-inspection/pc1_VyfE4mR0T_1.jpg!m_fill,w_280,h_210,f_jpg?from=ke.com
20241015,通州,果园,101123758683,潞河 运河西大街155号院南北通透两居室房主自荐,210万,37354元/平,底层 (共6层) 2室1厅 | 56.22平米 | 南 北,https://ke-image.ljcdn.com/110000-inspection/pc1_p5H7AHk2g_1.jpg!m_fill,w_280,h_210,f_jpg?from=ke.com
20241015,通州,果园,101123670359,葛布店南里正规三居室南北通透全明格局,275万,35484元/平,中楼层 (共6层) | 1986年 | 3室1厅 | 77.5平米 | 南 北,https://ke-image.ljcdn.com/110000-inspection/70046b7e-a71b-461b-b523-7413e61653fe_1000.jpg!m_fill,w_280,h_210,f_jpg?from=ke.com
20241015,通州,果园,101123603382,新华联家园北区 3室2厅 南 北,560万,45275元/平,低楼层 (共7层) 3室2厅 | 123.69平米 | 南 北,https://ke-image.ljcdn.com/110000-inspection/e2ccd5bd-e503-42c6-9fb3-c7970873a2e4_1000.jpg!m_fill,w_280,h_210,f_jpg?from=ke.com
20241015,通州,果园,101123577317,果园地铁附近 精装修 南北通透两居 诚心出售,308万,36232元/平,中楼层 (共6层) 2室1厅 | 85.01平米 | 南 北,https://ke-image.ljcdn.com/110000-inspection/pc1_zSSHsoY9R_1.jpg!m_fill,w_280,h_210,f_jpg?from=ke.com
20241015,通州,果园,101123573535,艺苑西里 精装修正规两居室 南北通透 低楼层,290万,32450元/平,低楼层 (共6层) 2室2厅 | 89.37平米 | 南 北,https://ke-image.ljcdn.com/110000-inspection/8391bb5b-09e1-4809-bb94-cf14f4eb6b56_1000.jpg!m_fill,w_280,h_210,f_jpg?from=ke.com
20241015,通州,果园,101123564611,运河 葛布店东里 全屋定制家具 精装修 明厨明卫房主自荐,245万,28413元/平,顶层 (共6层) 2室1厅 | 86.23平米 | 南 西 北,https://ke-image.ljcdn.com/110000-inspection/5a556fb9-e89e-48cb-ad68-f316960959cc_1000.jpg!m_fill,w_280,h_210,f_jpg?from=ke.com
20241015,通州,果园,101123527672,葛布店北里 满五唯一 东西通透  光线好,208万,29868元/平,顶层 (共6层) | 1981年 | 2室1厅 | 69.64平米 | 东 南 西 北,https://ke-image.ljcdn.com/110000-inspection/9e2ce366-fb0f-4545-98e0-bdc1c42f6a60_1000.jpg!m_fill,w_280,h_210,f_jpg?from=ke.com
20241015,通州,果园,101123520617,新华联家园北区 2室1厅 南 北,375万,36006元/平,中楼层 (共7层) 2室1厅 | 104.15平米 | 南 北,https://ke-image.ljcdn.com/110000-inspection/pc1_bzNNPDWz9.jpg!m_fill,w_280,h_210,f_jpg?from=ke.com
20241015,通州,果园,101123355727,艺苑西里 社区已翻新 满五唯一 精装修,385万,29680元/平,顶层 (共6层) | 1999年 | 3室1厅 | 129.72平米 | 东 南 北,https://ke-image.ljcdn.com/110000-inspection/2fa86a05-c091-4cfe-9799-4ff696930612_1000.jpg!m_fill,w_280,h_210,f_jpg?from=ke.com
20241015,通州,果园,101123333773,果园西小区南北通透两居室交通方便01年社区满五唯一,285万,33213元/平,中楼层 (共7层) | 2002年 | 2室1厅 | 85.81平米 | 南 北,https://ke-image.ljcdn.com/110000-inspection/pc1_ajF6wWRHp_1.jpg!m_fill,w_280,h_210,f_jpg?from=ke.com
20241015,通州,果园,101123265045,果园北区 3室1厅 南 北,298万,28021元/平,中楼层 (共6层) 3室1厅 | 106.35平米 | 南 北,https://ke-image.ljcdn.com/110000-inspection/pc1_kV79qRIv1_1.jpg!m_fill,w_280,h_210,f_jpg?from=ke.com
20241015,通州,果园,101123245233,满五年唯一 南北通透换房诚售户型方正布局合理,239万,29182元/平,顶层 (共6层) 2室1厅 | 81.9平米 | 南 北,https://ke-image.ljcdn.com/110000-inspection/ea853635-d466-4ae1-af63-9fc3fbafbfee_1000.jpg!m_fill,w_280,h_210,f_jpg?from=ke.com
20241015,通州,果园,101123216451,景欣园 满五年唯一 中间层 南北通透 价格可议,479万,34673元/平,中楼层 (共6层) 3室2厅 | 138.15平米 | 南 北,https://ke-image.ljcdn.com/110000-inspection/pc1_TGHbmHiME_1.jpg!m_fill,w_280,h_210,f_jpg?from=ke.com
20241015,通州,果园,101123051190,翠屏北里小区中间位置三居满五年唯一无遮挡,450万,38495元/平,高楼层 (共7层) 3室1厅 | 116.9平米 | 南 北,https://ke-image.ljcdn.com/110000-inspection/9b18afed-0fad-4653-9d9a-6147c9682fda_1000.jpg!m_fill,w_280,h_210,f_jpg?from=ke.com
20241015,通州,果园,101122974218,翠屏北里东区 南北两居 满五唯一房主自荐,245万,31302元/平,顶层 (共6层) | 1994年 | 2室1厅 | 78.27平米 | 南 北,https://ke-image.ljcdn.com/110000-inspection/505221ff-6964-4602-bdcc-78e5dfb1d3f3_1000.jpg!m_fill,w_280,h_210,f_jpg?from=ke.com
20241015,通州,果园,101122890185,梨园地铁两居室只有契税南北通透采光视野好,269万,42463元/平,顶层 (共6层) 2室1厅 | 63.35平米 | 南 北,https://ke-image.ljcdn.com/110000-inspection/1cc024d2-8549-4769-8567-2271dcaee9a9_1000.jpg!m_fill,w_280,h_210,f_jpg?from=ke.com
20241015,通州,果园,101122857849,新华联家园北区  三居室 八角窗卧室,610万,40913元/平,高楼层 (共12层) 3室2厅 | 149.1平米 | 南 北,https://ke-image.ljcdn.com/110000-inspection/3af9fba0-67b9-4fee-a446-52d4973fab1a_1000.jpg!m_fill,w_280,h_210,f_jpg?from=ke.com
20241015,通州,果园,101122851028,果园 巴克寓所 满五唯一 看房方便房主自荐,230万,38728元/平,高楼层 (共6层) 2室1厅 | 59.39平米 | 南,https://ke-image.ljcdn.com/110000-inspection/4e89873e-9edf-41ed-bfe7-674bd1371d05_1000.jpg!m_fill,w_280,h_210,f_jpg?from=ke.com
20241015,通州,果园,101122847892,日光清城南北 通透三居室客厅朝南采光好交通方便,520万,42502元/平,底层 (共7层) | 2003年 | 3室1厅 | 122.35平米 | 南 北,https://ke-image.ljcdn.com/110000-inspection/d367e285-b6c7-4f25-bf90-349f9dc92a8d_1000.jpg!m_fill,w_280,h_210,f_jpg?from=ke.com
20241015,通州,果园,101122655471,双卫正规三居室 南北通透 满五唯一房主自荐,358万,31548元/平,顶层 (共6层) 3室2厅 | 113.48平米 | 南 北,https://ke-image.ljcdn.com/110000-inspection/d8464ee2-7c44-4308-afcb-24ae24c9fbe8_1000.jpg!m_fill,w_280,h_210,f_jpg?from=ke.com
20241015,通州,果园,101122596627,翠屏北里西区 南北通透满五年唯一果园地铁南300米,499万,42650元/平,中楼层 (共7层) 3室2厅 | 117平米 | 南 北,https://ke-image.ljcdn.com/110000-inspection/bb3327ff-3056-49be-a8eb-b4a3bb8de149_1000.jpg!m_fill,w_280,h_210,f_jpg?from=ke.com
20241015,通州,果园,101122443174,日光清城高楼层两居室采光视野好,399万,40957元/平,高楼层 (共9层) | 2003年 | 2室1厅 | 97.42平米 | 南,https://ke-image.ljcdn.com/110000-inspection/437dc493-1961-4bc7-bc82-49ea78be9b38_1000.jpg!m_fill,w_280,h_210,f_jpg?from=ke.com
20241015,通州,果园,101122359972,新华联家园北区 精装婚房带电梯 满五年唯一不临街房主自荐,325万,43514元/平,中楼层 (共12层) | 2004年 | 1室1厅 | 74.69平米 | 南,https://ke-image.ljcdn.com/110000-inspection/0b7e0ab0-249b-49d6-b2c6-cf718223cac8_1000.jpg!m_fill,w_280,h_210,f_jpg?from=ke.com
20241015,通州,果园,101122197445,果园 北机家属院 满五年 二层,249万,36224元/平,中楼层 (共4层) 2室1厅 | 68.74平米 | 南 北,https://ke-image.ljcdn.com/110000-inspection/d2763fc2-932a-4d62-8737-d2e2d67ca355_1000.jpg!m_fill,w_280,h_210,f_jpg?from=ke.com
20241015,通州,果园,101122009681,景欣园 4室2厅 南 北,570万,34634元/平,底层 (共6层) 4室2厅 | 164.58平米 | 南 北,https://ke-image.ljcdn.com/110000-inspection/295aee93-32dc-4d70-8a65-00c60fb128c9_1000.jpg!m_fill,w_280,h_210,f_jpg?from=ke.com
20241015,通州,果园,101121921855,达富苑南北通透中间楼层无遮两居室房主自荐,380万,39424元/平,中楼层 (共7层) | 2002年 | 2室2厅 | 96.39平米 | 南 北,https://ke-image.ljcdn.com/110000-inspection/be146c7a-ca17-4224-b338-af015293eaef_1000.jpg!m_fill,w_280,h_210,f_jpg?from=ke.com
20241015,通州,果园,101121900087,翠屏北里三居室 满五年唯一 不临街不把边 果园地铁,450万,43643元/平,中楼层 (共6层) 3室1厅 | 103.11平米 | 南 北,https://ke-image.ljcdn.com/110000-inspection/3a697653-85dd-40d8-8c75-bd7fe954251d_1000.jpg!m_fill,w_280,h_210,f_jpg?from=ke.com
20241015,通州,果园,101121631885,果园222号院 2室1厅 东 北,185万,37352元/平,底层 (共6层) 2室1厅 | 49.53平米 | 东 北,https://ke-image.ljcdn.com/110000-inspection/c55ae678-986c-4468-bc3f-bac483eef822_1000.jpg!m_fill,w_280,h_210,f_jpg?from=ke.com
20241015,通州,果园,101121527488,1号线 果园西小区 南北通透三居 采光好,268万,30424元/平,顶层 (共6层) 3室1厅 | 88.09平米 | 南 北,https://ke-image.ljcdn.com/110000-inspection/pc1_IztGVPEia_1.jpg!m_fill,w_280,h_210,f_jpg?from=ke.com
20241015,通州,果园,101121413794,翠屏北里西区 2室1厅 南 北房主自荐,229万,35604元/平,顶层 (共7层) | 2003年 | 2室1厅 | 64.32平米 | 南 北,https://ke-image.ljcdn.com/110000-inspection/19ba4a66-e10d-435a-8bf7-e24a5e1bebb2_1000.jpg!m_fill,w_280,h_210,f_jpg?from=ke.com
20241015,通州,果园,101121108914,南北通透精装修2居中楼层采光充足户型方正,380万,48304元/平,中楼层 (共6层) | 1994年 | 2室1厅 | 78.67平米 | 南 北,https://ke-image.ljcdn.com/110000-inspection/2b2120ba-79c2-4d03-98cc-3ec55b53ecb0_1000.jpg!m_fill,w_280,h_210,f_jpg?from=ke.com
20241015,通州,果园,101121085623,地铁隔壁满五唯一仅需契税诚心出售南北通透,179万,30911元/平,高楼层 (共6层) 2室1厅 | 57.91平米 | 南 北,https://ke-image.ljcdn.com/110000-inspection/pc1_2rSsIVugM.jpg!m_fill,w_280,h_210,f_jpg?from=ke.com
20241015,通州,果园,101121007730,艺苑西里  精装修正规三居室   南北通透,330万,34247元/平,顶层 (共6层) 3室1厅 | 96.36平米 | 南 北,https://ke-image.ljcdn.com/110000-inspection/pc1_2FFIO2h8i_1.jpg!m_fill,w_280,h_210,f_jpg?from=ke.com
20241015,通州,果园,101120967261,新华联家园北区 3室2厅 南 北,556万,46145元/平,中楼层 (共7层) | 2004年 | 3室2厅 | 120.49平米 | 南 北,https://ke-image.ljcdn.com/110000-inspection/9eacf6fc-e028-40bf-b706-35f0c9eb5335_1000.jpg!m_fill,w_280,h_210,f_jpg?from=ke.com
20241015,通州,果园,101120907369,果园环岛 满五唯一 业主诚心出售,186万,32119元/平,顶层 (共6层) | 1990年 | 2室1厅 | 57.91平米 | 南 北,https://ke-image.ljcdn.com/110000-inspection/ea9d61ab-016e-4ef0-9f86-1bed022bfca7_1000.jpg!m_fill,w_280,h_210,f_jpg?from=ke.com
20241015,通州,果园,101120871266,南北通透 无遮挡中间位置满五唯一采光充足,425万,43235元/平,中楼层 (共7层) 2室2厅 | 98.3平米 | 南 北,https://ke-image.ljcdn.com/110000-inspection/0a0de206-0c4d-4c03-aa49-00181a056a51_1000.jpg!m_fill,w_280,h_210,f_jpg?from=ke.com
20241015,通州,果园,101120870477,葛布店东里一层南北通透两居室,260万,44774元/平,底层 (共6层) 2室1厅 | 58.07平米 | 南 北,https://ke-image.ljcdn.com/110000-inspection/a51c16ba-2afd-4a0c-97ac-22b614d102d2_1000.jpg!m_fill,w_280,h_210,f_jpg?from=ke.com
20241015,通州,果园,101120827832,葛布店东里 格局方正 采光好 通风好房主自荐,218万,38929元/平,顶层 (共5层) 2室1厅 | 56平米 | 东 西,https://ke-image.ljcdn.com/110000-inspection/6ec5eb87-7870-43dd-9cc3-089e135649e5_1000.jpg!m_fill,w_280,h_210,f_jpg?from=ke.com
20241015,通州,果园,101120784040,房子满五年唯一南北通透户型方正楼层适宜,219万,36253元/平,底层 (共6层) 2室1厅 | 60.41平米 | 南 北,https://ke-image.ljcdn.com/110000-inspection/73892977-494a-4433-89d9-7ef3e9317cf8_1000.jpg!m_fill,w_280,h_210,f_jpg?from=ke.com
20241015,通州,果园,101120701296,景欣园 满五唯一 运河 九棵树地铁 全明大三居,658万,39778元/平,中楼层 (共6层) 3室2厅 | 165.42平米 | 南 北,https://ke-image.ljcdn.com/110000-inspection/pc1_pusqfeEZM_1.jpg!m_fill,w_280,h_210,f_jpg?from=ke.com
20241015,通州,果园,101120085872,南北通透户型好采光好社区正在改造,289万,38503元/平,底层 (共6层) 2室1厅 | 75.06平米 | 南 北,https://ke-image.ljcdn.com/110000-inspection/613b6e41-da42-4470-87b9-c707a0ef4968_1000.jpg!m_fill,w_280,h_210,f_jpg?from=ke.com
20241015,通州,果园,101119938159,协辛庄 2室1厅 南 北,249万,27692元/平,中楼层 (共6层) 2室1厅 | 89.92平米 | 南 北,https://ke-image.ljcdn.com/110000-inspection/3a5d0f97-0fb8-4500-ad33-ab4ff1ddc43e_1000.jpg!m_fill,w_280,h_210,f_jpg?from=ke.com
20241015,通州,果园,101119581892,精装两居满五唯一H户型近地铁,498万,48430元/平,底层 (共7层) 2室2厅 | 102.83平米 | 北 南,https://ke-image.ljcdn.com/110000-inspection/d9101707-4366-4995-ad7d-fe18e783a65b_1000.jpg!m_fill,w_280,h_210,f_jpg?from=ke.com
20241015,通州,果园,101117557173,满五唯一果园南北通透不临街小区完成改造房主自荐,310万,37852元/平,低楼层 (共6层) | 1998年 | 2室1厅 | 81.9平米 | 南 北,https://ke-image.ljcdn.com/110000-inspection/pc1_qDTeZ1QRP.jpg!m_fill,w_280,h_210,f_jpg?from=ke.com
20241015,通州,果园,101117316533,采光好南北通透不临街全明户型,389万,35643元/平,顶层 (共6层) | 2000年 | 3室1厅 | 109.14平米 | 南 北,https://ke-image.ljcdn.com/110000-inspection/91e44082-b4cc-49ad-b2a2-e51452bd4676_1000.jpg!m_fill,w_280,h_210,f_jpg?from=ke.com
20241015,通州,果园,101127056082,果园235号院 南北通透的二居 好楼层新上,279万,37171元/平,低楼层 (共6层) 2室1厅 | 75.06平米 | 南 北,https://ke-image.ljcdn.com/110000-inspection/21be13e2-f5f3-47c6-a02a-85a6991f526c_1000.jpg!m_fill,w_280,h_210,f_jpg?from=ke.com
20241015,通州,果园,101127055811,艺苑西街9号院中间楼层南北通透看房方便。新上,210万,34948元/平,中楼层 (共6层) 2室1厅 | 60.09平米 | 南 北,https://ke-image.ljcdn.com/110000-inspection/77254cc8-cf24-459b-bd98-2e9a45f8433c_1000.jpg!m_fill,w_280,h_210,f_jpg?from=ke.com
20241015,通州,果园,101127051960,新华南路153号院 九棵树地铁 南北2居室 全新新上,178万,30738元/平,中楼层 (共6层) 2室1厅 | 57.91平米 | 南 北,https://ke-image.ljcdn.com/110000-inspection/pc1_EVtyv7h1V_1.jpg!m_fill,w_280,h_210,f_jpg?from=ke.com
20241015,通州,果园,101127047890,果园巴克寓所 满五年 精装大四居 南北通透新上,765万,38746元/平,高楼层 (共6层) 4室2厅 | 197.44平米 | 南 西 北,https://ke-image.ljcdn.com/110000-inspection/221d6a03-e293-4157-a455-b49d85efa0c0_1000.jpg!m_fill,w_280,h_210,f_jpg?from=ke.com
20241015,通州,果园,101127036394,巴克摩界 满五唯一 户型方正 复式 动静分离新上,290万,43721元/平,顶层 (共11层) | 2007年 | 2室1厅 | 66.33平米 | 南,https://ke-image.ljcdn.com/110000-inspection/0c7c5da4-a03a-41fb-a547-de574d01b47f_1000.jpg!m_fill,w_280,h_210,f_jpg?from=ke.com
20241015,通州,果园,101127029715,楼层好 视野开阔 小区环境舒适安静新上,158万,39540元/平,高楼层 (共18层) | 2005年 | 1室1厅 | 39.96平米 | 北,https://ke-image.ljcdn.com/110000-inspection/1a993afb-c1a8-41d7-9f7c-ee995e611496_1000.jpg!m_fill,w_280,h_210,f_jpg?from=ke.com
20241015,通州,果园,101127009563,带电梯业主诚意出售楼层好新上,150万,35495元/平,低楼层 (共11层) | 2007年 | 1室0厅 | 42.26平米 | 北,https://ke-image.ljcdn.com/110000-inspection/pc1_rirKvkLrR_1.jpg!m_fill,w_280,h_210,f_jpg?from=ke.com
20241015,通州,果园,101127006831,苏荷时代 1室0厅 西 西北 北新上,134万,41577元/平,中楼层 (共24层) | 2005年 | 1室0厅 | 32.23平米 | 西 西北 北,https://ke-image.ljcdn.com/110000-inspection/pc1_ziSzyBe9v_1.jpg!m_fill,w_280,h_210,f_jpg?from=ke.com
20241015,通州,果园,101127005412,艺苑西街7号院 3室2厅 东 西新上,330万,29251元/平,中楼层 (共5层) 3室2厅 | 112.82平米 | 东 西,https://ke-image.ljcdn.com/110000-inspection/e892d3c4-724a-4e10-9c6a-70c94b764e70_1000.jpg!m_fill,w_280,h_210,f_jpg?from=ke.com
20241015,通州,果园,101126987774,探矿家属院 南北通透 楼层好 小区舒适安静新上,220万,35404元/平,中楼层 (共6层) 2室1厅 | 62.14平米 | 南 北,https://ke-image.ljcdn.com/110000-inspection/d702ba50-efeb-4b9b-99be-26bebdebf3e1_1000.jpg!m_fill,w_280,h_210,f_jpg?from=ke.com
20241015,通州,果园,101126974317,1号线果园站新华联家园南区小区中间位置精装大两居新上,325万,33164元/平,中楼层 (共7层) | 2002年 | 2室1厅 | 98平米 | 南 北,https://ke-image.ljcdn.com/110000-inspection/pc1_T7AiBlxVp_1.jpg!m_fill,w_280,h_210,f_jpg?from=ke.com
20241015,通州,果园,101126956824,房子满五年顶层带有一个平台不临街视野采光好新上,212万,35933元/平,顶层 (共7层) 2室1厅 | 59平米 | 南 北,https://ke-image.ljcdn.com/110000-inspection/pc1_g4YLrSFeb_1.jpg!m_fill,w_280,h_210,f_jpg?from=ke.com
20241015,通州,果园,101126948681,运河西大街8号院 2室1厅 南 北新上,205万,37963元/平,顶层 (共6层) 2室1厅 | 54平米 | 南 北,https://ke-image.ljcdn.com/110000-inspection/2aaabafd-d4c1-4118-9b18-750e6ac622ad_1000.jpg!m_fill,w_280,h_210,f_jpg?from=ke.com
20241015,通州,果园,101126937128,满五唯一南北通透全明格局中间楼层3居室新上,280万,36130元/平,中楼层 (共6层) | 1986年 | 3室1厅 | 77.5平米 | 南 北,https://ke-image.ljcdn.com/110000-inspection/4b93b587-dfa1-492f-a7ac-12dd5c16e53d_1000.jpg!m_fill,w_280,h_210,f_jpg?from=ke.com
20241015,通州,果园,101126930714,此房满五唯一业主诚心出售户型方正南北通透新上,308万,35936元/平,高楼层 (共7层) 2室1厅 | 85.71平米 | 东 南 北,https://ke-image.ljcdn.com/110000-inspection/pc1_PrQnJFGSO_1.jpg!m_fill,w_280,h_210,f_jpg?from=ke.com
20241015,通州,果园,101126922833,房子满五年唯一南北通透两居室。精装修。,272万,41515元/平,顶层 (共7层) 2室1厅 | 65.52平米 | 南 北,https://ke-image.ljcdn.com/110000-inspection/pc1_5z5cGwgZ0_1.jpg!m_fill,w_280,h_210,f_jpg?from=ke.com
20241015,通州,果园,101126892403,苏荷时代 2室1厅 南 北,370万,42335元/平,中楼层 (共18层) | 2005年 | 2室1厅 | 87.4平米 | 南 北,https://ke-image.ljcdn.com/110000-inspection/b4e8f1e8-8f6f-4328-83cc-ecd65fa4fb70_1000.jpg!m_fill,w_280,h_210,f_jpg?from=ke.com
20241015,通州,果园,101126880681,新华联家园北区房主自荐,385万,50393元/平,高楼层 (共7层) | 2004年 | 3室3厅 | 76.4平米 | 南 北,https://ke-image.ljcdn.com/110000-inspection/3d4604cc-c96d-4ddc-a3d8-e6d737f492bb_1000.jpg!m_fill,w_280,h_210,f_jpg?from=ke.com
20241015,通州,果园,101126870958,达富苑 1室1厅 南 北,258万,43398元/平,顶层 (共7层) 1室1厅 | 59.45平米 | 南 北,https://ke-image.ljcdn.com/110000-inspection/f8e3b940-9a57-43ff-b1ab-b9f94831e0dd_1000.jpg!m_fill,w_280,h_210,f_jpg?from=ke.com
20241015,通州,果园,101126857396,天元小区 2室1厅 南 北,230万,35754元/平,高楼层 (共6层) 2室1厅 | 64.33平米 | 南 北,https://ke-image.ljcdn.com/110000-inspection/2d5e885b-3ac5-451a-ad76-86eb7e54f297_1000.jpg!m_fill,w_280,h_210,f_jpg?from=ke.com
20241015,通州,果园,101126835756,翠屏北里西区 2室1厅 南 北,270万,46600元/平,顶层 (共7层) 2室1厅 | 57.94平米 | 南 北,https://ke-image.ljcdn.com/110000-inspection/pc1_a6Yz0bZZI_1.jpg!m_fill,w_280,h_210,f_jpg?from=ke.com
20241015,通州,果园,101126828941,雅丽世居 楼层好采光佳 有车位 有储藏室,193万,48299元/平,高楼层 (共18层) | 2005年 | 1室1厅 | 39.96平米 | 北,https://ke-image.ljcdn.com/110000-inspection/634d73ce-0bc4-43ef-842e-0c915ad08efa_1000.jpg!m_fill,w_280,h_210,f_jpg?from=ke.com
20241015,通州,果园,101126829024,新华联家园南区 南北通透 满五唯一,345万,36263元/平,中楼层 (共7层) 2室1厅 | 95.14平米 | 南 北,https://ke-image.ljcdn.com/110000-inspection/82b1e9c1-8672-4a41-a54d-db5643c0a81e_1000.jpg!m_fill,w_280,h_210,f_jpg?from=ke.com
20241015,通州,果园,101126829036,雅丽世居 北向 无抵押无户口 楼层好 采光好,159万,39790元/平,中楼层 (共18层) | 2005年 | 1室0厅 | 39.96平米 | 北,https://ke-image.ljcdn.com/110000-inspection/pc1_BdEMBYLZj_1.jpg!m_fill,w_280,h_210,f_jpg?from=ke.com
20241015,通州,果园,101126803246,果园 巴克寓所 客厅挑空5.6米 复式结构,473万,33570元/平,中楼层 (共7层) 3室2厅 | 140.9平米 | 南 北,https://ke-image.ljcdn.com/110000-inspection/2ab73ec9-3713-4e7a-aebf-2a681b9cfd15_1000.jpg!m_fill,w_280,h_210,f_jpg?from=ke.com
20241015,通州,果园,101126790253,此房满五唯一南北通透前后没有遮挡全天采光,330万,39884元/平,中楼层 (共6层) 2室1厅 | 82.74平米 | 南 北,https://ke-image.ljcdn.com/110000-inspection/3c237e28-fd17-41fa-9f1d-a26d0e498cdd_1000.jpg!m_fill,w_280,h_210,f_jpg?from=ke.com
20241015,通州,果园,101126770529,巴克摩界 2室1厅 西南,280万,32207元/平,高楼层 (共11层) | 2007年 | 2室1厅 | 86.94平米 | 西南,https://ke-image.ljcdn.com/110000-inspection/eb35e287-ad6c-4b7c-ab2c-3a3c083fa0f8_1000.jpg!m_fill,w_280,h_210,f_jpg?from=ke.com
20241015,通州,果园,101126756805,翠屏北里西区 一层 D院 一号线果园地铁站 满五,265万,45230元/平,底层 (共7层) | 2003年 | 1室1厅 | 58.59平米 | 南,https://ke-image.ljcdn.com/110000-inspection/pc1_dRwCIq1hQ_1.jpg!m_fill,w_280,h_210,f_jpg?from=ke.com
20241015,通州,果园,101126748878,新华联家园南区 南北通透三居室 满五唯一,449万,35961元/平,中楼层 (共7层) | 2002年 | 3室1厅 | 124.86平米 | 南 北,https://ke-image.ljcdn.com/110000-inspection/53972b0d-8f7c-433f-8441-d4cd66bbdf35_1000.jpg!m_fill,w_280,h_210,f_jpg?from=ke.com
20241015,通州,果园,101126720314,果园 北机家属院 满五唯一 二层 精装修,249万,32443元/平,低楼层 (共6层) 2室1厅 | 76.75平米 | 南 北,https://ke-image.ljcdn.com/110000-inspection/pc1_tlADP84OK.jpg!m_fill,w_280,h_210,f_jpg?from=ke.com
20241015,通州,果园,101126708419,运河-葛布店东里 -公积金能贷30年-楼层好 靠谱,220万,36436元/平,底层 (共6层) | 1991年 | 2室1厅 | 60.38平米 | 南 北,https://ke-image.ljcdn.com/110000-inspection/4b6e04bc-bc0c-4f64-95d4-6a9aeacc394c_1000.jpg!m_fill,w_280,h_210,f_jpg?from=ke.com
20241015,通州,果园,101126702183,巴克摩界2007年电梯房 年轻人的选择,229万,52584元/平,顶层 (共11层) | 2007年 | 2室1厅 | 43.55平米 | 北,https://ke-image.ljcdn.com/110000-inspection/pc1_nf1bRviwi_1.jpg!m_fill,w_280,h_210,f_jpg?from=ke.com
20241015,通州,果园,101126699185,翠屏北里西区 果园地铁 满五年唯一 三居室 精装修,535万,42021元/平,中楼层 (共6层) 3室2厅 | 127.32平米 | 南 北,https://ke-image.ljcdn.com/110000-inspection/bd85e95d-618a-45bb-8018-a481b0baced3_1000.jpg!m_fill,w_280,h_210,f_jpg?from=ke.com
20241015,通州,果园,101126688499,通州果园地铁1号线新华联家园南区 复式户型,558万,48038元/平,高楼层 (共11层) 3室2厅 | 116.16平米 | 南 北,https://ke-image.ljcdn.com/110000-inspection/47035738-2af4-4856-8b1d-7a2761b2b09e_1000.jpg!m_fill,w_280,h_210,f_jpg?from=ke.com
20241015,通州,果园,101126686910,新华联家园南区 复式户型 满五唯一 业主诚心出售,447万,36791元/平,高楼层 (共7层) 4室2厅 | 121.5平米 | 北 南,https://ke-image.ljcdn.com/110000-inspection/ce697895-ac24-4cd4-9d5c-65277e9dca7c_1000.jpg!m_fill,w_280,h_210,f_jpg?from=ke.com
20241015,通州,果园,101126613062,房子是南北通透的正规两居室格局满五唯一,237万,38263元/平,高楼层 (共6层) | 1994年 | 2室1厅 | 61.94平米 | 南 北,https://ke-image.ljcdn.com/110000-inspection/pc1_EXDkfOqzF.jpg!m_fill,w_280,h_210,f_jpg?from=ke.com
20241015,通州,果园,101126612694,此房满五年唯一南北通透户型方正,209万,33505元/平,高楼层 (共6层) 2室1厅 | 62.38平米 | 南 北,https://ke-image.ljcdn.com/110000-inspection/a7d951d5-36d1-484d-bd6f-7094c1f9d0cd_1000.jpg!m_fill,w_280,h_210,f_jpg?from=ke.com
20241015,通州,果园,101126612189,此房满五唯一电梯房1梯2户南北通透采光好落地窗,375万,41314元/平,底层 (共11层) | 2005年 | 3室1厅 | 90.77平米 | 南 北,https://ke-image.ljcdn.com/110000-inspection/4acec88a-2bc8-4237-8a5b-48903549826d_1000.jpg!m_fill,w_280,h_210,f_jpg?from=ke.com
20241015,通州,果园,101126605991,新华联家园南区 2室2厅 南 北,350万,32926元/平,高楼层 (共7层) | 2002年 | 2室2厅 | 106.3平米 | 南 北,https://ke-image.ljcdn.com/110000-inspection/38f71408-d86e-4d72-889e-aed272a660ca_1000.jpg!m_fill,w_280,h_210,f_jpg?from=ke.com
20241015,通州,果园,101126602345,巴克摩界 2室1厅 北,217万,47164元/平,顶层 (共11层) | 2007年 | 2室1厅 | 46.01平米 | 北,https://ke-image.ljcdn.com/110000-inspection/pc1_m6DspdoO7_1.jpg!m_fill,w_280,h_210,f_jpg?from=ke.com
20241015,通州,果园,101126601287,满五唯一南北通透户型方正户型和采光好交通便利,280万,37686元/平,顶层 (共6层) 2室1厅 | 74.3平米 | 南 北,https://ke-image.ljcdn.com/110000-inspection/5d05d698-4107-4a40-8f93-1460f4a89117_1000.jpg!m_fill,w_280,h_210,f_jpg?from=ke.com
20241015,通州,果园,101126601276,全南户型 满五唯一 精装修 位置好,268万,43713元/平,顶层 (共6层) 2室1厅 | 61.31平米 | 南,https://ke-image.ljcdn.com/110000-inspection/5df1fd27-6e01-4a5b-9fc7-24aa0e577be9_1000.jpg!m_fill,w_280,h_210,f_jpg?from=ke.com
20241015,通州,果园,101126601141,南北通透的两居室不临街满五唯一低楼层,232万,37456元/平,低楼层 (共6层) | 1994年 | 2室1厅 | 61.94平米 | 南 北,https://ke-image.ljcdn.com/110000-inspection/fa761d0f-e331-4279-83a7-a4d38622602b_1000.jpg!m_fill,w_280,h_210,f_jpg?from=ke.com
20241015,通州,果园,101126584479,果园 巴克寓所 满五唯一 复式 客厅挑空5.6米,750万,46200元/平,中楼层 (共6层) | 2005年 | 3室3厅 | 162.34平米 | 南 北,https://ke-image.ljcdn.com/110000-inspection/pc1_7q6cvXY2G_1.jpg!m_fill,w_280,h_210,f_jpg?from=ke.com
20241015,通州,果园,101126562887,挂茶厂宿舍-南北通透采光好 看房方便,225万,35737元/平,中楼层 (共6层) 3室1厅 | 62.96平米 | 南 北,https://ke-image.ljcdn.com/110000-inspection/66f0c86d-a30a-435b-9eb3-502298e0fb5e_1000.jpg!m_fill,w_280,h_210,f_jpg?from=ke.com
20241015,通州,果园,101126562723,挂车厂宿舍 二层三居 西南北朝向 满五唯一,299万,32985元/平,低楼层 (共6层) 3室1厅 | 90.65平米 | 南 西 北,https://ke-image.ljcdn.com/110000-inspection/22bf5d41-b37b-47d7-b8f1-be4abe128f29_1000.jpg!m_fill,w_280,h_210,f_jpg?from=ke.com
20241015,通州,果园,101126529396,南北通透 无遮挡满五唯一采光充足房主自荐,358万,38261元/平,高楼层 (共6层) | 2002年 | 2室1厅 | 93.57平米 | 南 北,https://ke-image.ljcdn.com/110000-inspection/92203c85-a59d-4b8c-9a91-068ec685130e_1000.jpg!m_fill,w_280,h_210,f_jpg?from=ke.com
20241015,通州,果园,101126513225,翠屏北里东区 满五年唯一 南北通透 果园地铁,189万,30372元/平,顶层 (共6层) 1室1厅 | 62.23平米 | 南 北,https://ke-image.ljcdn.com/110000-inspection/e3da4aeb-1152-43be-a563-84425106d892_1000.jpg!m_fill,w_280,h_210,f_jpg?from=ke.com
20241015,通州,果园,101126511219,新华联家园北区 （通州-果园）房主自荐,456万,40008元/平,中楼层 (共7层) 3室1厅 | 113.98平米 | 南 北,https://ke-image.ljcdn.com/110000-inspection/pc1_jwLz2RCAa_1.jpg!m_fill,w_280,h_210,f_jpg?from=ke.com
20241015,通州,果园,101126509281,视野宽阔采光充足配套齐全 户型方,229万,30485元/平,高楼层 (共6层) 2室1厅 | 75.12平米 | 东南 南,https://ke-image.ljcdn.com/110000-inspection/46c11fcb-ba09-484b-bc63-87f3129f6bf3_1000.jpg!m_fill,w_280,h_210,f_jpg?from=ke.com
20241015,通州,果园,101126504628,果园城铁精装小两居业主诚心出售,198万,29046元/平,顶层 (共7层) | 2002年 | 2室1厅 | 68.17平米 | 南 北,https://ke-image.ljcdn.com/110000-inspection/pc1_ysB2ApVMM_1.jpg!m_fill,w_280,h_210,f_jpg?from=ke.com
20241015,通州,果园,101126504487,果园西小区高楼层两居室全明格局诚心出售,215万,33144元/平,高楼层 (共7层) 2室1厅 | 64.87平米 | 南 北,https://ke-image.ljcdn.com/110000-inspection/6b1f5be1-e257-429c-86cb-592100796716_1000.jpg!m_fill,w_280,h_210,f_jpg?from=ke.com
20241015,通州,果园,101126503365,景欣园 4室2厅 南 北,570万,29517元/平,高楼层 (共6层) | 2000年 | 4室2厅 | 193.11平米 | 南 北,https://ke-image.ljcdn.com/110000-inspection/pc1_xwy3b7Ip0_1.jpg!m_fill,w_280,h_210,f_jpg?from=ke.com
20241015,通州,果园,101126503323,景欣园2000年商品房社区满五唯一运河运河,570万,29554元/平,高楼层 (共6层) | 2000年 | 3室2厅 | 192.87平米 | 南 北,https://ke-image.ljcdn.com/110000-inspection/pc1_lnJJGiDdj_1.jpg!m_fill,w_280,h_210,f_jpg?from=ke.com
20241015,通州,果园,101126498452,翠屏北里西区 果园地铁 满五年唯一 不临街 不把边,275万,47595元/平,顶层 (共7层) 2室1厅 | 57.78平米 | 南 北,https://ke-image.ljcdn.com/110000-inspection/758d771b-76a7-4ce8-89a8-6b562a30b968_1000.jpg!m_fill,w_280,h_210,f_jpg?from=ke.com
20241015,通州,果园,101126493260,新华联家园南区南北通透怡乐园一区,369万,38814元/平,中楼层 (共7层) 2室1厅 | 95.07平米 | 南 北,https://ke-image.ljcdn.com/110000-inspection/b1943c35-2d23-43a6-8c17-0ffd1329c00c_1000.jpg!m_fill,w_280,h_210,f_jpg?from=ke.com
20241015,通州,果园,101126480747,翠屏北里西区 3室2厅 南 北,580万,49086元/平,低楼层 (共7层) | 2002年 | 3室2厅 | 118.16平米 | 南 北,https://ke-image.ljcdn.com/110000-inspection/pc1_VS5WShmWe_1.jpg!m_fill,w_280,h_210,f_jpg?from=ke.com
20241015,通州,果园,101126473974,巴克摩界视野采光好两室一厅,270万,59043元/平,高楼层 (共11层) | 2007年 | 2室1厅 | 45.73平米 | 北,https://ke-image.ljcdn.com/110000-inspection/pc1_FRA7HgzZD_1.jpg!m_fill,w_280,h_210,f_jpg?from=ke.com
20241015,通州,果园,101126468968,翠屏北里 正规四居 满五唯一 不临街,566万,39642元/平,中楼层 (共7层) 4室2厅 | 142.78平米 | 东 南 北,https://ke-image.ljcdn.com/110000-inspection/13ea42b4-bc86-4b7a-ab65-480dc9275016_1000.jpg!m_fill,w_280,h_210,f_jpg?from=ke.com
20241015,通州,果园,101126462994,新华联家园南区 南北通透三居室 电梯楼 满五唯一,578万,41976元/平,中楼层 (共11层) | 2002年 | 3室2厅 | 137.7平米 | 北 南,https://ke-image.ljcdn.com/110000-inspection/36cf7706-f3bd-4f23-8e6c-327092f32d01_1000.jpg!m_fill,w_280,h_210,f_jpg?from=ke.com
20241015,通州,果园,101126461265,急售！电梯独居！麻雀虽小五脏俱全！看好可以谈！！！,145万,34442元/平,低楼层 (共11层) | 2007年 | 1室0厅 | 42.1平米 | 北,https://ke-image.ljcdn.com/110000-inspection/51f6f043-7226-45b6-96c0-1fba2687b7f2_1000.jpg!m_fill,w_280,h_210,f_jpg?from=ke.com
20241015,通州,果园,101126459992,葵花社 3室2厅 南 北,520万,45179元/平,中楼层 (共11层) 3室2厅 | 115.1平米 | 南 北,https://ke-image.ljcdn.com/110000-inspection/5f5b760b-b902-4e57-a78c-5b3667360dbc_1000.jpg!m_fill,w_280,h_210,f_jpg?from=ke.com
20241015,通州,果园,101126459422,新华联家园南区 三居室 不临街 三层,485万,40953元/平,中楼层 (共7层) 3室1厅 | 118.43平米 | 南 北,https://ke-image.ljcdn.com/110000-inspection/60de86f8-b676-446d-9f5d-c55e1a26ca23_1000.jpg!m_fill,w_280,h_210,f_jpg?from=ke.com
20241015,通州,果园,101126458632,新华联家园南区 2室1厅 南 北,358万,36934元/平,中楼层 (共7层) | 2002年 | 2室1厅 | 96.93平米 | 南 北,https://ke-image.ljcdn.com/110000-inspection/52f7bacd-d4df-45ac-b060-007d8a97cf6e_1000.jpg!m_fill,w_280,h_210,f_jpg?from=ke.com
20241015,通州,果园,101126454814,1号线 果园地铁站 果园西小区 三居户型好,527万,39186元/平,中楼层 (共7层) | 2001年 | 3室2厅 | 134.49平米 | 南 北,https://ke-image.ljcdn.com/110000-inspection/3c0a2928-498a-4a88-82b4-1739647f0080_1000.jpg!m_fill,w_280,h_210,f_jpg?from=ke.com
20241015,通州,果园,101126453993,果园城铁正规大三居格局南北通透,380万,32302元/平,中楼层 (共6层) 3室2厅 | 117.64平米 | 南 北,https://ke-image.ljcdn.com/110000-inspection/f7d8d3e1-e18b-4a67-8a14-18acf7f32a40_1000.jpg!m_fill,w_280,h_210,f_jpg?from=ke.com
20241015,通州,果园,101126453438,新华联家园北区 南向 正规一居室 满五年 唯一住房房主自荐,310万,41158元/平,低楼层 (共12层) | 2004年 | 1室1厅 | 75.32平米 | 南,https://ke-image.ljcdn.com/110000-inspection/pc1_MmQ3j8Id4.jpg!m_fill,w_280,h_210,f_jpg?from=ke.com
20241015,通州,果园,101126450636,1号线 果园地铁站 达富苑小区 南北通透两居室,319万,32119元/平,高楼层 (共7层) | 2002年 | 2室2厅 | 99.32平米 | 南 北,https://ke-image.ljcdn.com/110000-inspection/pc1_Xzho430o7_1.jpg!m_fill,w_280,h_210,f_jpg?from=ke.com
20241015,通州,果园,101126450569,巴克摩界小区纯南向有电梯一居室,185万,28095元/平,中楼层 (共11层) | 2007年 | 1室1厅 | 65.85平米 | 南,https://ke-image.ljcdn.com/110000-inspection/b76b0ea2-eb61-4713-96cc-e0fe4c5c7476_1000.jpg!m_fill,w_280,h_210,f_jpg?from=ke.com
20241015,通州,果园,101126450233,新华联家园南区带电梯精装三居满五唯一地铁果园站,599万,41425元/平,中楼层 (共12层) | 2002年 | 3室2厅 | 144.6平米 | 南 北,https://ke-image.ljcdn.com/110000-inspection/41c3559f-0257-4c83-9625-55efc54b9431_1000.jpg!m_fill,w_280,h_210,f_jpg?from=ke.com
20241015,通州,果园,101126448521,果园 新华联家园南区 电梯三居 不临街,545万,39579元/平,低楼层 (共11层) | 2002年 | 3室2厅 | 137.7平米 | 南 北,https://ke-image.ljcdn.com/110000-inspection/243fd605-8bb7-42d9-9119-53b65a1c6c2d_1000.jpg!m_fill,w_280,h_210,f_jpg?from=ke.com
20241015,通州,果园,101126442023,苏荷时代小区进地铁次顶层大两居,438万,39982元/平,高楼层 (共11层) 2室1厅 | 109.55平米 | 南 北,https://ke-image.ljcdn.com/110000-inspection/51eb4a72-533a-4d9f-b76b-d842f0e014f2_1000.jpg!m_fill,w_280,h_210,f_jpg?from=ke.com
20241015,通州,果园,101126437333,房子满五年唯一南北通透两居室。精装修。房主自荐,279万,42583元/平,顶层 (共7层) 2室1厅 | 65.52平米 | 南 北,https://ke-image.ljcdn.com/110000-inspection/a59444ce-7361-45f0-aa8e-77594d114823_1000.jpg!m_fill,w_280,h_210,f_jpg?from=ke.com
20241015,通州,果园,101126436071,果园地铁 翠屏北里东区精装修 不临街 不把边,228万,36792元/平,顶层 (共6层) 1室1厅 | 61.97平米 | 南 北,https://ke-image.ljcdn.com/110000-inspection/d149427b-3833-402c-861d-7b2e5030e999_1000.jpg!m_fill,w_280,h_210,f_jpg?from=ke.com
20241015,通州,果园,101126434710,巴克寓所 1室1厅 北,210万,31775元/平,中楼层 (共7层) | 2004年 | 1室1厅 | 66.09平米 | 北,https://ke-image.ljcdn.com/110000-inspection/3bad4a13-c359-46df-b233-0afcc6d08f67_1000.jpg!m_fill,w_280,h_210,f_jpg?from=ke.com
20241015,通州,果园,101126430750,双卧朝南三居室 无遮挡满五唯一采光充足。,446万,38915元/平,中楼层 (共7层) | 2002年 | 3室1厅 | 114.61平米 | 南 西 北,https://ke-image.ljcdn.com/110000-inspection/e97988a7-b3c7-4ec0-ac63-f7299845e6d5_1000.jpg!m_fill,w_280,h_210,f_jpg?from=ke.com
20241015,通州,果园,101126428868,房子是南北通透的两居室主卧室和客厅朝南厨房朝北,238万,38406元/平,顶层 (共6层) | 2004年 | 2室1厅 | 61.97平米 | 南 北,https://ke-image.ljcdn.com/110000-inspection/d3c559e1-551a-480f-92b2-15608404f6f6_1000.jpg!m_fill,w_280,h_210,f_jpg?from=ke.com
20241015,通州,果园,101126414608,巴克寓所 1室1厅 北,230万,35754元/平,中楼层 (共7层) 1室1厅 | 64.33平米 | 北,https://ke-image.ljcdn.com/110000-inspection/c67a2328-96ad-4a7e-a4b3-f840fd48b968_1000.jpg!m_fill,w_280,h_210,f_jpg?from=ke.com
20241015,通州,果园,101126414562,北机家属院 2室1厅 南 北,200万,37092元/平,底层 (共4层) 2室1厅 | 53.92平米 | 南 北,https://ke-image.ljcdn.com/110000-inspection/e1307cae-aaf9-4f01-aff7-764f8503975f_1000.jpg!m_fill,w_280,h_210,f_jpg?from=ke.com
20241015,通州,果园,101126411918,果园 巴克寓所 满五唯一 复式,650万,28561元/平,顶层 (共6层) 5室2厅 | 227.59平米 | 南 西 北,https://ke-image.ljcdn.com/110000-inspection/63c0e4ac-1354-4604-8783-0d656e8aff15_1000.jpg!m_fill,w_280,h_210,f_jpg?from=ke.com
20241015,通州,果园,101126399562,1号线旁 电梯板楼 南北通透三居室 诚意卖,520万,40208元/平,低楼层 (共7层) | 2003年 | 3室1厅 | 129.33平米 | 南 北,https://ke-image.ljcdn.com/110000-inspection/4ee6c511-85d9-46f9-aea8-7474b6b7025f_1000.jpg!m_fill,w_280,h_210,f_jpg?from=ke.com
20241015,通州,果园,101126376430,达富苑 2室2厅 南 北,380万,39555元/平,中楼层 (共7层) 2室2厅 | 96.07平米 | 南 北,https://ke-image.ljcdn.com/110000-inspection/192730ea-9352-4ef5-b410-ef2c211140b1_1000.jpg!m_fill,w_280,h_210,f_jpg?from=ke.com
20241015,通州,果园,101126372614,雅丽世居 2室2厅 南 北,305万,29486元/平,高楼层 (共18层) | 2005年 | 2室2厅 | 103.44平米 | 南 北,https://ke-image.ljcdn.com/110000-inspection/pc1_BeACZf0g9_1.jpg!m_fill,w_280,h_210,f_jpg?from=ke.com
20241015,通州,果园,101126365553,天元小区 1室1厅 南,249万,40181元/平,中楼层 (共6层) 1室1厅 | 61.97平米 | 南,https://ke-image.ljcdn.com/110000-inspection/21007a5b-6021-4fed-bdbc-e6f263ad7545_1000.jpg!m_fill,w_280,h_210,f_jpg?from=ke.com
20241015,通州,果园,101126364006,果园 巴克寓所 复式 满五唯一 中间楼层,465万,33497元/平,中楼层 (共7层) 2室2厅 | 138.82平米 | 南 北,https://ke-image.ljcdn.com/110000-inspection/pc1_qNihMi1Y3_1.jpg!m_fill,w_280,h_210,f_jpg?from=ke.com
20241015,通州,果园,101126342535,通州果园广渠路 新华联家园北区 高层电梯房房主自荐,399万,38954元/平,高楼层 (共12层) | 2004年 | 2室2厅 | 102.43平米 | 东南,https://ke-image.ljcdn.com/110000-inspection/9d913376-48e4-4305-aaaa-92859e79f5cf_1000.jpg!m_fill,w_280,h_210,f_jpg?from=ke.com
20241015,通州,果园,101126342263,雅丽世居 1室0厅 南,187万,36474元/平,低楼层 (共18层) | 2005年 | 1室0厅 | 51.27平米 | 南,https://ke-image.ljcdn.com/110000-inspection/16abbf23-882b-4347-aab2-8bf487a6dc25_1000.jpg!m_fill,w_280,h_210,f_jpg?from=ke.com
20241015,通州,果园,101126333106,房子满五年唯一南北通透户型好,299万,34728元/平,底层 (共6层) 2室1厅 | 86.1平米 | 南 北,https://ke-image.ljcdn.com/110000-inspection/pc1_SS0wmthcd_1.jpg!m_fill,w_280,h_210,f_jpg?from=ke.com
20241015,通州,果园,101126322208,房子南北通透的格局视野开阔采光好。,460万,37157元/平,中楼层 (共7层) 3室2厅 | 123.8平米 | 南 北,https://ke-image.ljcdn.com/110000-inspection/8ae30152-b592-4543-a2ba-223affe5a267_1000.jpg!m_fill,w_280,h_210,f_jpg?from=ke.com
20241015,通州,果园,101126322155,此房南北通透三居室客厅大阳台不临街,498万,40000元/平,中楼层 (共7层) 3室1厅 | 124.5平米 | 南 北,https://ke-image.ljcdn.com/110000-inspection/15b775e7-3425-4c36-945f-db52bb4b753d_1000.jpg!m_fill,w_280,h_210,f_jpg?from=ke.com
20241015,通州,果园,101126317424,新华联家园南区 3室1厅 北 南,425万,36134元/平,中楼层 (共7层) | 2002年 | 3室1厅 | 117.62平米 | 北 南,https://ke-image.ljcdn.com/110000-inspection/pc1_5NOLUlrh4_1.jpg!m_fill,w_280,h_210,f_jpg?from=ke.com
20241015,通州,果园,101126305650,果园北机家属院 满五年 南北大两居 不临街,259万,28107元/平,高楼层 (共6层) 2室1厅 | 92.15平米 | 东 南 北,https://ke-image.ljcdn.com/110000-inspection/pc1_qLbTwc6Fm_1.jpg!m_fill,w_280,h_210,f_jpg?from=ke.com
20241015,通州,果园,101126296994,果园西小区 1室1厅 南 北,265万,40520元/平,顶层 (共6层) | 2001年 | 1室1厅 | 65.4平米 | 南 北,https://ke-image.ljcdn.com/110000-inspection/d61acbe1-026b-4ad9-8c9a-32411d1528b6_1000.jpg!m_fill,w_280,h_210,f_jpg?from=ke.com
20241015,通州,果园,101126276164,果园地铁1号线探矿家属院两居新楼,242万,38945元/平,中楼层 (共6层) 2室1厅 | 62.14平米 | 南 北,https://ke-image.ljcdn.com/110000-inspection/8e948b50-c88f-482d-b1b3-cf35fbb63bbe_1000.jpg!m_fill,w_280,h_210,f_jpg?from=ke.com
20241015,通州,果园,101126269130,南北通透 精装 复式 满五年 配套设施齐全 交通便,325万,31021元/平,高楼层 (共7层) 3室2厅 | 104.77平米 | 南 北,https://ke-image.ljcdn.com/110000-inspection/pc1_gmFwykJIW_1.jpg!m_fill,w_280,h_210,f_jpg?from=ke.com
20241015,通州,果园,101126263054,探矿家属院 3室1厅 南 北,215万,31465元/平,中楼层 (共4层) 3室1厅 | 68.33平米 | 南 北,https://ke-image.ljcdn.com/110000-inspection/48951f40-8d98-4473-a2e9-fff2b6ae1f80_1000.jpg!m_fill,w_280,h_210,f_jpg?from=ke.com
20241015,通州,果园,101126259928,新华联家园南区 3室2厅 南 北,459万,38514元/平,低楼层 (共7层) | 2002年 | 3室2厅 | 119.18平米 | 南 北,https://ke-image.ljcdn.com/110000-inspection/pc1_SFYQz6A5T_1.jpg!m_fill,w_280,h_210,f_jpg?from=ke.com
20241015,通州,果园,101126251434,果园西小区 1室1厅 西南,245万,32052元/平,中楼层 (共7层) 1室1厅 | 76.44平米 | 西南,https://ke-image.ljcdn.com/110000-inspection/ac15964b-4cf4-4d1f-9612-ed9f626f5eb6_1000.jpg!m_fill,w_280,h_210,f_jpg?from=ke.com
20241015,通州,果园,101126228329,巴克摩界 2室1厅 南,310万,48866元/平,高楼层 (共11层) | 2007年 | 2室1厅 | 63.44平米 | 南,https://ke-image.ljcdn.com/110000-inspection/6a4cffa8-8716-4f52-9f2e-b55b883a3823_1000.jpg!m_fill,w_280,h_210,f_jpg?from=ke.com
20241015,通州,果园,101126226353,新华联家园南区 2室1厅 南 北,350万,35759元/平,中楼层 (共7层) | 2002年 | 2室1厅 | 97.88平米 | 南 北,https://ke-image.ljcdn.com/110000-inspection/c90b8862-a3f0-4758-8fe3-97b2679e67a0_1000.jpg!m_fill,w_280,h_210,f_jpg?from=ke.com
20241015,通州,果园,101126210116,新华联家园北区 2室2厅 南 北,395万,37286元/平,底层 (共9层) | 2004年 | 2室2厅 | 105.94平米 | 南 北,https://ke-image.ljcdn.com/110000-inspection/87ab0632-070c-4855-9d14-918bc2d25c90_1000.jpg!m_fill,w_280,h_210,f_jpg?from=ke.com
20241015,通州,果园,101126167030,满五唯一 无抵押无户口房子产权清晰全新装修,209万,36085元/平,高楼层 (共6层) 2室1厅 | 57.92平米 | 南 北,https://ke-image.ljcdn.com/110000-inspection/prod-47b4d27c-f5c3-45e7-b54d-e93ffaf13235.jpg!m_fill,w_280,h_210,f_jpg?from=ke.com
20241015,通州,果园,101126128281,葛布店东里南北通透大两居  看房随时 业主诚心卖,269万,33609元/平,顶层 (共6层) 2室1厅 | 80.04平米 | 北 南,https://ke-image.ljcdn.com/110000-inspection/pc1_h0UgCuOxl.jpg!m_fill,w_280,h_210,f_jpg?from=ke.com
20241015,通州,果园,101126123021,南北通透 公摊小中楼层位置好配套设施齐。,524万,42327元/平,中楼层 (共7层) 3室1厅 | 123.8平米 | 南 北,https://ke-image.ljcdn.com/110000-inspection/cd7b2f5b-7f28-43db-96b9-62b3652e274d_1000.jpg!m_fill,w_280,h_210,f_jpg?from=ke.com
20241015,通州,果园,101126115899,满五唯一老少皆宜出行方便。,418万,38346元/平,中楼层 (共7层) 3室1厅 | 109.01平米 | 南 北,https://ke-image.ljcdn.com/110000-inspection/pc1_IdcziQsqh_1.jpg!m_fill,w_280,h_210,f_jpg?from=ke.com
20241015,通州,果园,101126094670,果园 北机家属院 满五唯一 两居室 南北通透,158万,27579元/平,顶层 (共6层) | 1986年 | 2室1厅 | 57.29平米 | 南 北,https://ke-image.ljcdn.com/110000-inspection/afd9f845-3b69-4a8b-a981-1a422e05322b_1000.jpg!m_fill,w_280,h_210,f_jpg?from=ke.com
20241015,通州,果园,101126094297,天元小区 2室1厅 南,310万,40678元/平,底层 (共6层) 2室1厅 | 76.21平米 | 南,https://ke-image.ljcdn.com/110000-inspection/pc1_DQWg3zbBM_1.jpg!m_fill,w_280,h_210,f_jpg?from=ke.com
20241015,通州,果园,101126090584,景欣园新上大复式上下两层九棵树地铁  地理位置好,628万,38135元/平,顶层 (共6层) | 2000年 | 3室3厅 | 164.68平米 | 南 北,https://ke-image.ljcdn.com/110000-inspection/pc1_QRokvlOfr_1.jpg!m_fill,w_280,h_210,f_jpg?from=ke.com
20241015,通州,果园,101126065755,通州果园地铁350米苏荷时代2梯4户南向小户型,169万,39793元/平,中楼层 (共18层) | 2005年 | 1室0厅 | 42.47平米 | 南,https://ke-image.ljcdn.com/110000-inspection/66dbb657-c627-4322-a393-7fdf71afd03c_1000.jpg!m_fill,w_280,h_210,f_jpg?from=ke.com
20241015,通州,果园,101126058695,运河 葛布店东里房间面积分布合理双卧朝南 带阳台,239万,29853元/平,顶层 (共6层) | 1996年 | 2室1厅 | 80.06平米 | 南 北,https://ke-image.ljcdn.com/110000-inspection/6af92d7b-2dd2-4734-ad7e-0a804ffb7f64_1000.jpg!m_fill,w_280,h_210,f_jpg?from=ke.com
20241015,通州,果园,101126031328,新华联家园南区 3室1厅 南 北,310万,29163元/平,高楼层 (共7层) 3室1厅 | 106.3平米 | 南 北,https://ke-image.ljcdn.com/110000-inspection/1742623e-73ca-4e5e-974d-c74828d797da_1000.jpg!m_fill,w_280,h_210,f_jpg?from=ke.com
20241015,通州,果园,101125996050,天元小区 南北通透两居室 满五唯一 有钥匙看房方便,299万,35218元/平,高楼层 (共6层) 2室1厅 | 84.9平米 | 南 西 北,https://ke-image.ljcdn.com/110000-inspection/49431ea2-1a1c-433e-8b3e-db2989817f69_1000.jpg!m_fill,w_280,h_210,f_jpg?from=ke.com
20241015,通州,果园,101125993984,全明户型南北通透电梯三居中间楼层,570万,39311元/平,中楼层 (共12层) | 2002年 | 3室2厅 | 145平米 | 南 北,https://ke-image.ljcdn.com/110000-inspection/6e2c694a-7747-492c-9dfa-c6f9c2ea9512_1000.jpg!m_fill,w_280,h_210,f_jpg?from=ke.com
20241015,通州,果园,101125991281,复兴南里正规三居室 不遮挡采光好,295万,31690元/平,高楼层 (共6层) 3室1厅 | 93.09平米 | 南 北,https://ke-image.ljcdn.com/110000-inspection/pc1_8U9d1GtJm_1.jpg!m_fill,w_280,h_210,f_jpg?from=ke.com
20241015,通州,果园,101125990756,南北通透 低楼层  正规两居室 近地铁 价格可议,223万,36534元/平,低楼层 (共6层) | 1982年 | 2室1厅 | 61.04平米 | 南 北,https://ke-image.ljcdn.com/110000-inspection/c8ccf053-7273-49b3-b8ab-20d64c505782_1000.jpg!m_fill,w_280,h_210,f_jpg?from=ke.com
20241015,通州,果园,101125955231,九棵树地铁 改善大三居商品房社区 南北双通透,510万,30831元/平,高楼层 (共6层) 3室1厅 | 165.42平米 | 南 北,https://ke-image.ljcdn.com/110000-inspection/pc1_6WGLCTDKe_1.jpg!m_fill,w_280,h_210,f_jpg?from=ke.com
20241015,通州,果园,101125946799,葛布店东里  通透H户型明卫 满五年   随时看,299万,36987元/平,中楼层 (共6层) 2室1厅 | 80.84平米 | 南 北,https://ke-image.ljcdn.com/110000-inspection/130750cf-1d4d-4eea-bed1-2ccd3176f8af_1000.jpg!m_fill,w_280,h_210,f_jpg?from=ke.com
20241015,通州,果园,101125930630,运河葛布店东里 南北通透满5年成本价前后无遮挡,256万,32943元/平,顶层 (共6层) 2室1厅 | 77.71平米 | 南 北,https://ke-image.ljcdn.com/110000-inspection/pc1_vHa9XI9W3_1.jpg!m_fill,w_280,h_210,f_jpg?from=ke.com
20241015,通州,果园,101125922720,葛布店东里满五唯一南北通透大两居楼层好采光充足,348万,43017元/平,中楼层 (共6层) 2室1厅 | 80.9平米 | 北 南,https://ke-image.ljcdn.com/110000-inspection/pc1_SQulL1Hpf_1.jpg!m_fill,w_280,h_210,f_jpg?from=ke.com
20241015,通州,果园,101125918080,葛布店北里  中间楼层  满五唯一,265万,38512元/平,中楼层 (共7层) 2室1厅 | 68.81平米 | 西北,https://ke-image.ljcdn.com/110000-inspection/01827c87-0f3e-4c01-8738-9b644cce84b1_1000.jpg!m_fill,w_280,h_210,f_jpg?from=ke.com
20241015,通州,果园,101125917229,潞河中 南北通透 中间楼层 业主诚心出售,256万,43004元/平,中楼层 (共6层) 2室1厅 | 59.53平米 | 南 北,https://ke-image.ljcdn.com/110000-inspection/c51605fa-95cc-4cea-be99-b8514dc6bc2d_1000.jpg!m_fill,w_280,h_210,f_jpg?from=ke.com
20241015,通州,果园,101125916979,蓝山国际公寓 3室1厅 南 北,638万,42952元/平,高楼层 (共10层) 3室1厅 | 148.54平米 | 南 北,https://ke-image.ljcdn.com/110000-inspection/c99b0965-7b0c-4681-8dc6-90b30707987f_1000.jpg!m_fill,w_280,h_210,f_jpg?from=ke.com
20241015,通州,果园,101125915086,葛布店北里  潞河 南北通透  中间楼层,220万,38228元/平,低楼层 (共6层) 2室1厅 | 57.55平米 | 南 北,https://ke-image.ljcdn.com/110000-inspection/pc1_4ID7zsl5p.jpg!m_fill,w_280,h_210,f_jpg?from=ke.com
20241015,通州,果园,101125915063,葛布店东里 南北通透 运河 复式,780万,35622元/平,高楼层 (共6层) | 2000年 | 10室2厅 | 218.97平米 | 南 北,https://ke-image.ljcdn.com/110000-inspection/pc1_f0UhNN0nt_1.jpg!m_fill,w_280,h_210,f_jpg?from=ke.com
20241015,通州,果园,101125915045,蓝山国际公寓南北通透大三居 格局好 潞河,720万,48061元/平,中楼层 (共10层) | 2004年 | 3室1厅 | 149.81平米 | 南 北,https://ke-image.ljcdn.com/110000-inspection/prod-18f95af9-b2d2-4e48-b421-f20f3ff7f3bf.jpg!m_fill,w_280,h_210,f_jpg?from=ke.com
20241015,通州,果园,101125896518,新华联家园南区三居室南北通透。,380万,44881元/平,高楼层 (共7层) 3室2厅 | 84.67平米 | 南 北,https://ke-image.ljcdn.com/110000-inspection/pc1_VmRjhRttm_1.jpg!m_fill,w_280,h_210,f_jpg?from=ke.com
20241015,通州,果园,101125842524,葛布店东里 中间楼层小区改造完成环境好,265万,33944元/平,中楼层 (共6层) 2室1厅 | 78.07平米 | 南 北,https://ke-image.ljcdn.com/110000-inspection/f4e7d4c9-4dee-43e2-9db9-be95330cf877_1000.jpg!m_fill,w_280,h_210,f_jpg?from=ke.com
20241015,通州,果园,101125832909,运河西大街137号院 2室1厅 南 北,189万,33493元/平,中楼层 (共6层) 2室1厅 | 56.43平米 | 南 北,https://ke-image.ljcdn.com/110000-inspection/c034c0e8-ef12-40ea-9fc4-945d515cf65b_1000.jpg!m_fill,w_280,h_210,f_jpg?from=ke.com
20241015,通州,果园,101125826424,翠屏北里西区南北通透两居离果园地铁近,208万,40929元/平,顶层 (共7层) | 2003年 | 2室1厅 | 50.82平米 | 南 北,https://ke-image.ljcdn.com/110000-inspection/1e452e1f-b12f-4078-804c-2e48bc7918f1_1000.jpg!m_fill,w_280,h_210,f_jpg?from=ke.com
20241015,通州,果园,101125822823,果园 巴克寓所 满五唯一 看房方便,800万,45741元/平,底层 (共5层) 3室2厅 | 174.9平米 | 南 北,https://ke-image.ljcdn.com/110000-inspection/pc1_UZL0Otb7l_1.jpg!m_fill,w_280,h_210,f_jpg?from=ke.com
20241015,通州,果园,101125777123,果园225号旁门 满五唯一 采光好,175万,30622元/平,高楼层 (共6层) 2室1厅 | 57.15平米 | 南 北,https://ke-image.ljcdn.com/110000-inspection/a440f703-4600-4921-9d41-e49734cb246d_1000.jpg!m_fill,w_280,h_210,f_jpg?from=ke.com
20241015,通州,果园,101125739769,葛布店南里 精装修 南北通透两居 带大阳台,221万,35831元/平,顶层 (共6层) 2室1厅 | 61.68平米 | 南 北 西,https://ke-image.ljcdn.com/110000-inspection/faa0877f-926e-4cc5-ae1e-c10065e5374d_1000.jpg!m_fill,w_280,h_210,f_jpg?from=ke.com
20241015,通州,果园,101125661136,新华联家园北区 带电梯的两居室,379万,43594元/平,中楼层 (共12层) | 2005年 | 2室1厅 | 86.94平米 | 东 南 北,https://ke-image.ljcdn.com/110000-inspection/b2746b0b-965b-4a05-bb48-7e54dd8b2264_1000.jpg!m_fill,w_280,h_210,f_jpg?from=ke.com
20241015,通州,果园,101125661061,果园地铁 苏荷时代 全明户型 采光好,550万,41877元/平,中楼层 (共11层) | 2005年 | 3室2厅 | 131.34平米 | 南 北,https://ke-image.ljcdn.com/110000-inspection/f8ac26b2-983a-448c-8460-0f6d0df0be77_1000.jpg!m_fill,w_280,h_210,f_jpg?from=ke.com
20241015,通州,果园,101125655573,正规两居南北通透小区位置好前面就是小公园 环,419万,40708元/平,底层 (共7层) | 2004年 | 2室1厅 | 102.93平米 | 南 北,https://ke-image.ljcdn.com/110000-inspection/2bf82d6a-b693-46b4-9ab6-c539e8771c08_1000.jpg!m_fill,w_280,h_210,f_jpg?from=ke.com
20241015,通州,果园,101125638943,正规复式南北通透小区位置好前面就是小公园,480万,44569元/平,中楼层 (共12层) 2室2厅 | 107.7平米 | 南 北,https://ke-image.ljcdn.com/110000-inspection/c673e72f-120b-4f9a-bedc-e6885e9e8ac0_1000.jpg!m_fill,w_280,h_210,f_jpg?from=ke.com
20241015,通州,果园,101125569818,苏荷时代 2室1厅 东南,255万,30850元/平,低楼层 (共24层) 2室1厅 | 82.66平米 | 东南,https://ke-image.ljcdn.com/110000-inspection/1ee7802c-34d5-4342-8d85-60a2fb789587_1000.jpg!m_fill,w_280,h_210,f_jpg?from=ke.com
20241015,通州,果园,101125561783,新华联南区 南北通透两居方正格局 低楼层满五唯一,398万,39301元/平,低楼层 (共7层) 2室2厅 | 101.27平米 | 南 北,https://ke-image.ljcdn.com/110000-inspection/217d549a-5872-48db-b39d-4daa8d4d0e88_1000.jpg!m_fill,w_280,h_210,f_jpg?from=ke.com
20241015,通州,果园,101125513419,葛布店东里 2室1厅 南 北,223万,36769元/平,中楼层 (共6层) | 1991年 | 2室1厅 | 60.65平米 | 南 北,https://ke-image.ljcdn.com/110000-inspection/8ede7799-6a6e-4424-90a3-d55a944c0c76_1000.jpg!m_fill,w_280,h_210,f_jpg?from=ke.com
20241015,通州,果园,101125511681,天元小区 3室1厅 南 北,380万,28613元/平,顶层 (共6层) 3室1厅 | 132.81平米 | 南 北,https://ke-image.ljcdn.com/110000-inspection/328501d2-f6f5-4a35-83be-7ca348338b91_1000.jpg!m_fill,w_280,h_210,f_jpg?from=ke.com
20241015,通州,果园,101125505461,雅丽世居 2室2厅 南 北,330万,31903元/平,中楼层 (共18层) | 2005年 | 2室2厅 | 103.44平米 | 南 北,https://ke-image.ljcdn.com/110000-inspection/326684a4-8667-45d5-af32-20ddb428099a_1000.jpg!m_fill,w_280,h_210,f_jpg?from=ke.com
20241015,通州,果园,101125492209,果园 巴克寓所 一层复式 满五年,718万,44144元/平,底层 (共6层) 3室2厅 | 162.65平米 | 南 北,https://ke-image.ljcdn.com/110000-inspection/d96b2595-93a1-4487-a703-ef0c5229c770_1000.jpg!m_fill,w_280,h_210,f_jpg?from=ke.com
20241015,通州,果园,101125429847,新华联家园南区 2室1厅 南 北,360万,35772元/平,高楼层 (共7层) | 2002年 | 2室1厅 | 100.64平米 | 南 北,https://ke-image.ljcdn.com/110000-inspection/pc1_iEkUwv3D7_1.jpg!m_fill,w_280,h_210,f_jpg?from=ke.com
20241015,通州,果园,101125403166,巴克摩界总层高5.6米LOFT户型中间楼层2居室,295万,44156元/平,中楼层 (共11层) | 2007年 | 2室1厅 | 66.81平米 | 南,https://ke-image.ljcdn.com/110000-inspection/pc1_DUCYWmv20_1.jpg!m_fill,w_280,h_210,f_jpg?from=ke.com
20241015,通州,果园,101125397805,艺苑西街9号院 精装修  全明户型   看房方便,216万,35786元/平,高楼层 (共6层) | 2006年 | 2室1厅 | 60.36平米 | 南,https://ke-image.ljcdn.com/110000-inspection/7e679b28-845f-4571-9f0c-ccdff2937318_1000.jpg!m_fill,w_280,h_210,f_jpg?from=ke.com
20241015,通州,果园,101125380991,雅丽世居此房满五唯一南北通透视野宽阔交通便利,335万,36307元/平,高楼层 (共11层) 2室1厅 | 92.27平米 | 南 北,https://ke-image.ljcdn.com/110000-inspection/792e5bba-c2aa-4bde-91f8-d7ed656a3056_1000.jpg!m_fill,w_280,h_210,f_jpg?from=ke.com
20241015,通州,果园,101125380735,苏荷时代 2室1厅 东南,265万,32060元/平,中楼层 (共24层) | 2005年 | 2室1厅 | 82.66平米 | 东南,https://ke-image.ljcdn.com/110000-inspection/2cd70e06-1e33-48db-a936-2b8d68d2fe45_1000.jpg!m_fill,w_280,h_210,f_jpg?from=ke.com
20241015,通州,果园,101125368694,翠屏北里西区 2室2厅 南 北,288万,39334元/平,顶层 (共7层) 2室2厅 | 73.22平米 | 南 北,https://ke-image.ljcdn.com/110000-inspection/a0aa281d-0f96-47ed-99a0-ba653d5bb453_1000.jpg!m_fill,w_280,h_210,f_jpg?from=ke.com
20241015,通州,果园,101125339144,巴克寓所二期广渠路沿线果园商圈 地铁站附近,182万,28078元/平,中楼层 (共11层) | 2007年 | 1室1厅 | 64.82平米 | 南,https://ke-image.ljcdn.com/110000-inspection/pc1_Yct3GuPE3.jpg!m_fill,w_280,h_210,f_jpg?from=ke.com
20241015,通州,果园,101125332388,满五年唯一住房无抵押无户口电梯入户房主自荐,318万,32076元/平,高楼层 (共18层) | 2005年 | 2室2厅 | 99.14平米 | 南 北,https://ke-image.ljcdn.com/110000-inspection/1b63a11a-dc6f-4c56-95ec-14d99115a4cd_1000.jpg!m_fill,w_280,h_210,f_jpg?from=ke.com
20241015,通州,果园,101125311569,通州果园 新华联家园北区  南向 高层电梯房 一居,192万,41353元/平,中楼层 (共12层) | 2004年 | 1室0厅 | 46.43平米 | 南,https://ke-image.ljcdn.com/110000-inspection/2cc66e39-8bb1-4a5c-9bb8-02d70745d98d_1000.jpg!m_fill,w_280,h_210,f_jpg?from=ke.com
20241015,通州,果园,101125244887,苏荷时代 1室1厅 东南,249万,36314元/平,高楼层 (共24层) | 2005年 | 1室1厅 | 68.57平米 | 东南,https://ke-image.ljcdn.com/110000-inspection/13ac3364-a712-479c-afe5-e0ac99375a59_1000.jpg!m_fill,w_280,h_210,f_jpg?from=ke.com
20241015,通州,果园,101125241006,果园巴克寓所 满五年 客厅5.6米精装复式大三居,668万,37252元/平,高楼层 (共6层) 3室2厅 | 179.32平米 | 南 北,https://ke-image.ljcdn.com/110000-inspection/00bcba6a-fb03-4437-aa2d-0f4a551045d3_1000.jpg!m_fill,w_280,h_210,f_jpg?from=ke.com
20241015,通州,果园,101125226556,新华联家园南区两居两卫中间楼层房主自荐,325万,34186元/平,中楼层 (共7层) 2室1厅 | 95.07平米 | 南 北,https://ke-image.ljcdn.com/110000-inspection/pc1_XwJWabPg8_1.jpg!m_fill,w_280,h_210,f_jpg?from=ke.com
20241015,通州,果园,101125208592,新华联家园小区中间位置精装三居满五唯一南北通透地铁,480万,43673元/平,中楼层 (共7层) 3室2厅 | 109.91平米 | 南 西 北,https://ke-image.ljcdn.com/110000-inspection/pc1_cZCM8myIZ_1.jpg!m_fill,w_280,h_210,f_jpg?from=ke.com
20241015,通州,果园,101125202480,新华联家园南区 2室1厅 南 北,349万,36710元/平,中楼层 (共7层) 2室1厅 | 95.07平米 | 南 北,https://ke-image.ljcdn.com/110000-inspection/a6a48f5d-0cea-4f42-97b4-a54abd845b9b_1000.jpg!m_fill,w_280,h_210,f_jpg?from=ke.com
20241015,通州,果园,101125200857,果园站满五年唯一住房无抵押无户口电梯入户,318万,32076元/平,高楼层 (共18层) | 2005年 | 2室2厅 | 99.14平米 | 南 北,https://ke-image.ljcdn.com/110000-inspection/194739ec-0d6c-44ba-bfbf-50d1e9ca0ecf_1000.jpg!m_fill,w_280,h_210,f_jpg?from=ke.com
20241015,通州,果园,101125199740,新华联家园北区精装复式南北通透 楼上面积不算在房,410万,44712元/平,高楼层 (共7层) 4室1厅 | 91.7平米 | 南 北,https://ke-image.ljcdn.com/110000-inspection/pc1_b9NowiH25_1.jpg!m_fill,w_280,h_210,f_jpg?from=ke.com
20241015,通州,果园,101125182461,首付51万  婚房装修2居室步行地铁120米,249万,28927元/平,顶层 (共6层) 2室1厅 | 86.08平米 | 南 北,https://ke-image.ljcdn.com/110000-inspection/21287e6d-2e2b-43f2-9515-661fd349351b_1000.jpg!m_fill,w_280,h_210,f_jpg?from=ke.com
20241015,通州,果园,101125174873,新华联家园北区 2室1厅 南 北,420万,46486元/平,低楼层 (共7层) | 2004年 | 2室1厅 | 90.35平米 | 南 北,https://ke-image.ljcdn.com/110000-inspection/56b77ae8-b29b-4801-a5bb-03f32f37749b_1000.jpg!m_fill,w_280,h_210,f_jpg?from=ke.com
20241015,通州,果园,101125174329,新华联家园1号线地铁果园站南北通透楼层好采光好2居,340万,35764元/平,中楼层 (共7层) 2室1厅 | 95.07平米 | 南 北,https://ke-image.ljcdn.com/110000-inspection/849d9a34-d5d1-4411-a69d-f8fee6affdfb_1000.jpg!m_fill,w_280,h_210,f_jpg?from=ke.com
20241015,通州,果园,101125172021,巴克寓所 1室1厅 北,199万,30143元/平,中楼层 (共7层) 1室1厅 | 66.02平米 | 北,https://ke-image.ljcdn.com/110000-inspection/pc1_R5UTy0CKy.jpg!m_fill,w_280,h_210,f_jpg?from=ke.com
20241015,通州,果园,101125169096,果园233号院 南北朝向 中间楼层 满五年唯一住房,259万,30328元/平,中楼层 (共6层) 2室1厅 | 85.4平米 | 南 北,https://ke-image.ljcdn.com/110000-inspection/pc1_nfeHvdobP_1.jpg!m_fill,w_280,h_210,f_jpg?from=ke.com
20241015,通州,果园,101125154161,果园233号院 2室1厅 南 北,275万,35466元/平,底层 (共6层) | 1998年 | 2室1厅 | 77.54平米 | 南 北,https://ke-image.ljcdn.com/110000-inspection/01d58d31-cdf7-407c-a116-0fd36a325241_1000.jpg!m_fill,w_280,h_210,f_jpg?from=ke.com
20241015,通州,果园,101125154072,带电梯视野好可以直接入住。,180万,41619元/平,中楼层 (共12层) | 2004年 | 1室0厅 | 43.25平米 | 北,https://ke-image.ljcdn.com/110000-inspection/pc1_gXFp06vzx_1.jpg!m_fill,w_280,h_210,f_jpg?from=ke.com
20241015,通州,果园,101125154056,新华联家园北区三居室南北通透房本满五年方便看房,598万,40108元/平,低楼层 (共12层) 4室0厅 | 149.1平米 | 南 北,https://ke-image.ljcdn.com/110000-inspection/pc1_kLpwOraO8.jpg!m_fill,w_280,h_210,f_jpg?from=ke.com
20241015,通州,果园,101125153493,果园西小区满五年唯一诚心出售有钥匙随时看,220万,34668元/平,中楼层 (共7层) 2室1厅 | 63.46平米 | 南 北,https://ke-image.ljcdn.com/110000-inspection/2a92be87-9be5-47c5-a586-124d71bb5cb6_1000.jpg!m_fill,w_280,h_210,f_jpg?from=ke.com
20241015,通州,果园,101125150731,新华联家园北区电梯复式小户型房主自荐,365万,85181元/平,高楼层 (共12层) | 2004年 | 1室1厅 | 42.85平米 | 南,https://ke-image.ljcdn.com/110000-inspection/pc1_tAbtIYnsd_1.jpg!m_fill,w_280,h_210,f_jpg?from=ke.com
20241015,通州,果园,101125102927,葛布店东里精装修买五年随时看房,240万,37689元/平,高楼层 (共6层) 2室1厅 | 63.68平米 | 南 北,https://ke-image.ljcdn.com/110000-inspection/6137ba2c-0c9a-49db-84c8-37440b97f93e_1000.jpg!m_fill,w_280,h_210,f_jpg?from=ke.com
20241015,通州,果园,101125050245,杨庄南里  南北通透两居室满五年唯一住房,302万,33064元/平,中楼层 (共6层) 2室1厅 | 91.34平米 | 东 南 北,https://ke-image.ljcdn.com/110000-inspection/cf88b476-360a-482e-b94d-2f046a9aa1a1_1000.jpg!m_fill,w_280,h_210,f_jpg?from=ke.com
20241015,通州,果园,101125035729,新华联家园北区 3室1厅 南 北,339万,44741元/平,高楼层 (共7层) | 2004年 | 3室1厅 | 75.77平米 | 南 北,https://ke-image.ljcdn.com/110000-inspection/f11dc90e-307c-4ead-98a4-fa731fefb545_1000.jpg!m_fill,w_280,h_210,f_jpg?from=ke.com
20241015,通州,果园,101124984003,新华联家园  南北通透两居室 满五唯一 中间楼层,410万,44134元/平,中楼层 (共7层) 2室2厅 | 92.9平米 | 南 北,https://ke-image.ljcdn.com/110000-inspection/11fb6f53-8f43-49e0-ab7d-442505751746_1000.jpg!m_fill,w_280,h_210,f_jpg?from=ke.com
20241015,通州,果园,101124983187,果园 巴克寓所 满五年四层 格局方正,185万,28656元/平,中楼层 (共6层) 2室1厅 | 64.56平米 | 北,https://ke-image.ljcdn.com/110000-inspection/pc1_fXDhsNWXD_1.jpg!m_fill,w_280,h_210,f_jpg?from=ke.com
20241015,通州,果园,101124925529,果园 新华联家园南区 三居室 满五唯一,519万,41428元/平,底层 (共6层) | 2002年 | 3室2厅 | 125.28平米 | 南 北,https://ke-image.ljcdn.com/110000-inspection/d5ad4c0e-3caf-40cf-9c37-9afbcc970088_1000.jpg!m_fill,w_280,h_210,f_jpg?from=ke.com
20241015,通州,果园,101124903872,新华联家园南区 一层 满两年 可以贷款 精装修,258万,42075元/平,底层 (共7层) | 2002年 | 1室1厅 | 61.32平米 | 南 北,https://ke-image.ljcdn.com/110000-inspection/6a47402e-168a-470b-b87a-ad4837e7482f_1000.jpg!m_fill,w_280,h_210,f_jpg?from=ke.com
20241015,通州,果园,101124896103,潞河 葛布店北里 南北两居室 自住,185万,30772元/平,顶层 (共6层) 2室1厅 | 60.12平米 | 南 北,https://ke-image.ljcdn.com/110000-inspection/bdc6c02d-ad56-44cf-8089-5a4eb191faca_1000.jpg!m_fill,w_280,h_210,f_jpg?from=ke.com
20241015,通州,果园,101124890576,探矿家属院南北通透两居 户型不错,207万,36586元/平,高楼层 (共6层) | 1982年 | 2室1厅 | 56.58平米 | 南 北,https://ke-image.ljcdn.com/110000-inspection/090e1bbe-493f-4fee-a083-936e2276ec9d_1000.jpg!m_fill,w_280,h_210,f_jpg?from=ke.com
20241015,通州,果园,101124855686,巴克摩界 2室2厅 南 北,299万,44003元/平,低楼层 (共11层) | 2007年 | 2室2厅 | 67.95平米 | 南 北,https://ke-image.ljcdn.com/110000-inspection/d6a94374-32b6-4f3b-aca3-16cf13098d36_1000.jpg!m_fill,w_280,h_210,f_jpg?from=ke.com
20241015,通州,果园,101124849723,此房满五唯一三层复式带外露阳台,499.9万,26836元/平,高楼层 (共6层) | 2004年 | 4室2厅 | 186.28平米 | 南 北,https://ke-image.ljcdn.com/110000-inspection/3de39e8d-db4f-4c42-a31c-98f908bb56ce_1000.jpg!m_fill,w_280,h_210,f_jpg?from=ke.com
20241015,通州,果园,101124849652,满五唯一南北通透两居客厅朝南带阳台楼层低,398万,38425元/平,低楼层 (共7层) 2室2厅 | 103.58平米 | 南 北,https://ke-image.ljcdn.com/110000-inspection/9b184328-18c5-4096-a6bb-b7d964e0490b_1000.jpg!m_fill,w_280,h_210,f_jpg?from=ke.com
20241015,通州,果园,101124848701,葛布店东里板楼三层视野好无遮挡格局好,228万,39854元/平,中楼层 (共6层) 2室1厅 | 57.21平米 | 北 南,https://ke-image.ljcdn.com/110000-inspection/3c619f55-6d10-4a24-84d0-79217c436691_1000.jpg!m_fill,w_280,h_210,f_jpg?from=ke.com
20241015,通州,果园,101124848294,艺苑西街9号院 2室1厅 南 北,206万,34420元/平,顶层 (共6层) 2室1厅 | 59.85平米 | 南 北,https://ke-image.ljcdn.com/110000-inspection/pc1_ZyNNqL6lq_1.jpg!m_fill,w_280,h_210,f_jpg?from=ke.com
20241015,通州,果园,101124840491,满五年唯一 南北通透 果园地铁 中楼层老少皆宜,343万,36178元/平,中楼层 (共7层) | 2004年 | 2室2厅 | 94.81平米 | 南 北,https://ke-image.ljcdn.com/110000-inspection/pc1_zHNxip3xl_1.jpg!m_fill,w_280,h_210,f_jpg?from=ke.com
20241015,通州,果园,101124834234,北机家属院正规两居室业主诚心出售,198万,28717元/平,中楼层 (共4层) 2室1厅 | 68.95平米 | 南,https://ke-image.ljcdn.com/110000-inspection/pc1_Ox7tTRc3i.jpg!m_fill,w_280,h_210,f_jpg?from=ke.com
20241015,通州,果园,101124830241,果园北机家属院 精装 南北两居 满五年,258万,33651元/平,高楼层 (共6层) 2室1厅 | 76.67平米 | 南 北,https://ke-image.ljcdn.com/110000-inspection/df35b8f0-eb53-46fc-bcee-d4d6825817ef_1000.jpg!m_fill,w_280,h_210,f_jpg?from=ke.com
20241015,通州,果园,101124771804,雅丽世居 果园地铁一居室 业主诚心出售,209万,40765元/平,中楼层 (共18层) | 2005年 | 1室1厅 | 51.27平米 | 南,https://ke-image.ljcdn.com/110000-inspection/dedb204a-b4f8-449b-b1c6-edf8e03de565_1000.jpg!m_fill,w_280,h_210,f_jpg?from=ke.com
20241015,通州,果园,101124648712,新华联家园北区 3室2厅 南 北,700万,58097元/平,中楼层 (共7层) | 2004年 | 3室2厅 | 120.49平米 | 南 北,https://ke-image.ljcdn.com/110000-inspection/pc1_Qranw8ZJW.jpg!m_fill,w_280,h_210,f_jpg?from=ke.com
20241015,通州,果园,101124627295,雅丽南向一居电梯高层车位充足停车方便近地铁,235万,43656元/平,顶层 (共18层) | 2005年 | 1室1厅 | 53.83平米 | 南,https://ke-image.ljcdn.com/110000-inspection/b0e50d36-8421-420b-9ecb-bfac6afa555b_1000.jpg!m_fill,w_280,h_210,f_jpg?from=ke.com
20241015,通州,果园,101124599040,1号线果园站 复兴南里 正规2居 中间楼层,330万,36696元/平,中楼层 (共6层) | 1998年 | 2室1厅 | 89.93平米 | 南 北,https://ke-image.ljcdn.com/110000-inspection/115f9184-fa7f-4342-9805-745fef59f368_1000.jpg!m_fill,w_280,h_210,f_jpg?from=ke.com
20241015,通州,果园,101124562259,果园 巴克寓所 满五唯一 视野好房主自荐,736万,39942元/平,顶层 (共5层) 4室2厅 | 184.27平米 | 南 北,https://ke-image.ljcdn.com/110000-inspection/pc1_ysVM0p5kq_1.jpg!m_fill,w_280,h_210,f_jpg?from=ke.com
20241015,通州,果园,101124545516,翠屏北里西区 满五唯一 南北通透 中间楼大三居房主自荐,465万,40316元/平,中楼层 (共7层) 3室1厅 | 115.34平米 | 南 北,https://ke-image.ljcdn.com/110000-inspection/b32877f5-3dc3-421a-bc39-e71dd301f7c3_1000.jpg!m_fill,w_280,h_210,f_jpg?from=ke.com
20241015,通州,果园,101124545418,南北通透全明格局可停车满五年唯一,179万,29804元/平,顶层 (共6层) | 1998年 | 1室1厅 | 60.06平米 | 南 北,https://ke-image.ljcdn.com/110000-inspection/50d74b27-9c40-40d9-838a-3c077e871924_1000.jpg!m_fill,w_280,h_210,f_jpg?from=ke.com
20241015,通州,果园,101124525994,巴克摩界 带电梯 交通便利 近地铁房主自荐,195万,50848元/平,中楼层 (共11层) | 2007年 | 1室1厅 | 38.35平米 | 北,https://ke-image.ljcdn.com/110000-inspection/0acfa368-7bca-4d22-b9c6-d01af68cd67f_1000.jpg!m_fill,w_280,h_210,f_jpg?from=ke.com
20241015,通州,果园,101124515781,苏荷时代 1室1厅 南,245万,36965元/平,顶层 (共18层) | 2005年 | 1室1厅 | 66.28平米 | 南,https://ke-image.ljcdn.com/110000-inspection/e0d09ad4-94f1-4f4a-8a02-ef466d0fc612_1000.jpg!m_fill,w_280,h_210,f_jpg?from=ke.com
20241015,通州,果园,101124444263,果园 巴克寓所 满五年唯一 采光好,255万,41749元/平,高楼层 (共6层) 1室1厅 | 61.08平米 | 南 西,https://ke-image.ljcdn.com/110000-inspection/pc1_x4YzbS5J1_1.jpg!m_fill,w_280,h_210,f_jpg?from=ke.com
20241015,通州,果园,101124439308,雅丽世居 3室2厅 南 北,555万,36247元/平,顶层 (共11层) | 2005年 | 3室2厅 | 153.12平米 | 南 北,https://ke-image.ljcdn.com/110000-inspection/pc1_g9qTKh3Rw_1.jpg!m_fill,w_280,h_210,f_jpg?from=ke.com
20241015,通州,果园,101124423807,万达商圈  精装修3居室  步行地铁513米房主自荐,480万,47342元/平,高楼层 (共7层) 3室2厅 | 101.39平米 | 南 北,https://ke-image.ljcdn.com/110000-inspection/46eccfd5-5d6f-4402-a8f2-cefe235b3701_1000.jpg!m_fill,w_280,h_210,f_jpg?from=ke.com
20241015,通州,果园,101124358593,葛布店南里 2室1厅 南 北,219万,37949元/平,中楼层 (共6层) | 1986年 | 2室1厅 | 57.71平米 | 南 北,https://ke-image.ljcdn.com/110000-inspection/6f8aedd1-5161-460b-b1d6-fb9335f34c88_1000.jpg!m_fill,w_280,h_210,f_jpg?from=ke.com
20241015,通州,果园,101124344484,新华联家园南区 南北通透低楼层两居室 满五唯一,415万,40066元/平,低楼层 (共7层) 2室1厅 | 103.58平米 | 南 北,https://ke-image.ljcdn.com/110000-inspection/73585ed6-5a78-44d7-933c-f6354d2539e2_1000.jpg!m_fill,w_280,h_210,f_jpg?from=ke.com
20241015,通州,果园,101124273553,葛布店北里正规三居室满五唯一业主诚心卖,235万,29302元/平,顶层 (共7层) 3室1厅 | 80.2平米 | 南 北,https://ke-image.ljcdn.com/110000-inspection/pc1_EDPj4ZQtN.jpg!m_fill,w_280,h_210,f_jpg?from=ke.com
20241015,通州,果园,101124250015,南向 无遮挡满五唯一采光充足。,249万,42061元/平,底层 (共7层) 1室1厅 | 59.2平米 | 南,https://ke-image.ljcdn.com/110000-inspection/1231149f-e0c2-4e81-887d-4652d855309d_1000.jpg!m_fill,w_280,h_210,f_jpg?from=ke.com
20241015,通州,果园,101124224971,巴克摩界 2室2厅 南,338万,47102元/平,中楼层 (共11层) | 2007年 | 2室2厅 | 71.76平米 | 南,https://ke-image.ljcdn.com/110000-inspection/e1ebf8fa-211e-47a4-ba31-437f6f5cfe18_1000.jpg!m_fill,w_280,h_210,f_jpg?from=ke.com
20241015,通州,果园,101124203572,1号线果园站 达富苑板楼 南北两居室 诚意出售,250万,36674元/平,顶层 (共7层) | 2002年 | 1室2厅 | 68.17平米 | 南 北,https://ke-image.ljcdn.com/110000-inspection/pc1_wPgVM4szT_1.jpg!m_fill,w_280,h_210,f_jpg?from=ke.com
20241015,通州,果园,101124199480,新华联家园南区 3室1厅 南 北,525万,42048元/平,底层 (共7层) | 2002年 | 3室1厅 | 124.86平米 | 南 北,https://ke-image.ljcdn.com/110000-inspection/c9db8e0c-54d4-4b71-9031-e3a9326520e2_1000.jpg!m_fill,w_280,h_210,f_jpg?from=ke.com
20241015,通州,果园,101124161668,雅丽世居 果园地铁站 电梯房 两居室,338万,34589元/平,低楼层 (共18层) | 2005年 | 2室1厅 | 97.72平米 | 南 北,https://ke-image.ljcdn.com/110000-inspection/0af3221d-bd72-4ae7-9bea-c6ee22171804_1000.jpg!m_fill,w_280,h_210,f_jpg?from=ke.com
20241015,通州,果园,101124157638,葛布店北里 大客厅 原址高只有契税,260万,37335元/平,中楼层 (共6层) 3室1厅 | 69.64平米 | 东 西,https://ke-image.ljcdn.com/110000-inspection/ed06ddf0-87d6-42bb-acc9-a8674ff6204f_1000.jpg!m_fill,w_280,h_210,f_jpg?from=ke.com
20241015,通州,果园,101124154494,新华联家园南区一号线果园站正规一室一厅南北通透满五,252万,41285元/平,中楼层 (共7层) 1室1厅 | 61.04平米 | 南 北,https://ke-image.ljcdn.com/110000-inspection/aa5baa3b-926f-4616-a913-6ae82448ad0d_1000.jpg!m_fill,w_280,h_210,f_jpg?from=ke.com
20241015,通州,果园,101124090339,天元小区 满五唯一价格可以商量近地铁,390万,37094元/平,顶层 (共6层) 3室1厅 | 105.14平米 | 南 西 北,https://ke-image.ljcdn.com/110000-inspection/5eb2cdf3-30ac-4030-ba61-07449b74e822_1000.jpg!m_fill,w_280,h_210,f_jpg?from=ke.com
20241015,通州,果园,101124085762,新华联家园南区 2室1厅 南 北,429万,45595元/平,低楼层 (共7层) | 2002年 | 2室1厅 | 94.09平米 | 南 北,https://ke-image.ljcdn.com/110000-inspection/f0169163-d726-4590-87e8-2e935d535a25_1000.jpg!m_fill,w_280,h_210,f_jpg?from=ke.com
20241015,通州,果园,101124084179,探矿家属院 3室0厅 南 北 东,199万,34730元/平,中楼层 (共5层) 3室0厅 | 57.3平米 | 南 北 东,https://ke-image.ljcdn.com/110000-inspection/7736a734-d574-4076-92cd-156c5d964e6c_1000.jpg!m_fill,w_280,h_210,f_jpg?from=ke.com
20241015,通州,果园,101124043954,新华联家园南区 2室2厅 南 北,329万,48241元/平,高楼层 (共7层) | 2002年 | 2室2厅 | 68.2平米 | 南 北,https://ke-image.ljcdn.com/110000-inspection/cfd24b18-9637-4e8f-9458-c01d930f7a72_1000.jpg!m_fill,w_280,h_210,f_jpg?from=ke.com
20241015,通州,果园,101124025103,新华联家园南区 5室2厅 南 北,670万,31502元/平,高楼层 (共12层) | 2002年 | 5室2厅 | 212.69平米 | 南 北,https://ke-image.ljcdn.com/110000-inspection/pc1_onFZ55RzC.jpg!m_fill,w_280,h_210,f_jpg?from=ke.com
20241015,通州,果园,101124021661,果园城铁 探矿家属院 京通快速 低楼层 业主诚心卖,179万,38053元/平,底层 (共5层) | 1980年 | 3室1厅 | 47.04平米 | 南,https://ke-image.ljcdn.com/110000-inspection/7d14ea53-7f4f-4c6f-b6ed-d4a63aa2d399_1000.jpg!m_fill,w_280,h_210,f_jpg?from=ke.com
20241015,通州,果园,101124015069,探矿家属院 2室1厅 南 北,196万,31421元/平,顶层 (共6层) 2室1厅 | 62.38平米 | 南 北,https://ke-image.ljcdn.com/110000-inspection/b98b282b-01a0-40af-be79-c11106e9df76_1000.jpg!m_fill,w_280,h_210,f_jpg?from=ke.com
20241015,通州,果园,101123995430,探矿家属院 1室1厅 南 北,220万,35404元/平,高楼层 (共6层) 1室1厅 | 62.14平米 | 南 北,https://ke-image.ljcdn.com/110000-inspection/a649de5d-83d1-4b37-9e3b-a32d9767a5bb_1000.jpg!m_fill,w_280,h_210,f_jpg?from=ke.com
20241015,通州,果园,101123992336,新华联南区 精装三居户型方正 看房随时,468万,42674元/平,中楼层 (共7层) 3室2厅 | 109.67平米 | 东 南 北,https://ke-image.ljcdn.com/110000-inspection/pc1_wTawxIABU_1.jpg!m_fill,w_280,h_210,f_jpg?from=ke.com
20241015,通州,果园,101123988500,果园 新华联家园南区 三居室 中间楼层 满五年,465万,39264元/平,中楼层 (共7层) 3室2厅 | 118.43平米 | 南 西 北,https://ke-image.ljcdn.com/110000-inspection/pc1_bF3CI5ZYF_1.jpg!m_fill,w_280,h_210,f_jpg?from=ke.com
20241015,通州,果园,101123949770,达富苑南北通透一居 满五年唯一 近城铁,182万,30522元/平,顶层 (共7层) 1室1厅 | 59.63平米 | 南 北,https://ke-image.ljcdn.com/110000-inspection/50e65ee5-4d46-44b1-92cb-0f45ef8a1a03_1000.jpg!m_fill,w_280,h_210,f_jpg?from=ke.com
20241015,通州,果园,101123947926,达富苑一层两居室双卫格局满五唯一房主自荐,388万,40254元/平,底层 (共7层) | 2002年 | 2室2厅 | 96.39平米 | 南 北,https://ke-image.ljcdn.com/110000-inspection/1a43a3df-55a8-4da3-9e82-5e630dc80c79_1000.jpg!m_fill,w_280,h_210,f_jpg?from=ke.com
20241015,通州,果园,101123941243,巴克寓所 2室1厅 南 北,365万,29175元/平,高楼层 (共7层) 2室1厅 | 125.11平米 | 南 北,https://ke-image.ljcdn.com/110000-inspection/8c9e51cb-5f3c-4285-aa43-c44d668917fe_1000.jpg!m_fill,w_280,h_210,f_jpg?from=ke.com
20241015,通州,果园,101123932383,满五年唯一 果园地铁 不临街 视野开阔 诚意出售,245万,36546元/平,高楼层 (共6层) 1室1厅 | 67.04平米 | 北,https://ke-image.ljcdn.com/110000-inspection/f3668860-eb71-4195-a7e7-4c0fd526d1d6_1000.jpg!m_fill,w_280,h_210,f_jpg?from=ke.com
20241015,通州,果园,101123906651,果园巴克寓所 满五年精装 南北三居复式,370万,38430元/平,顶层 (共6层) 2室2厅 | 96.28平米 | 南 北,https://ke-image.ljcdn.com/110000-inspection/61617cb6-881d-4d46-85e5-7ccfabfcc104_1000.jpg!m_fill,w_280,h_210,f_jpg?from=ke.com
20241015,通州,果园,101123900994,探矿家属院 2室1厅 南 北房主自荐,170万,29946元/平,顶层 (共6层) 2室1厅 | 56.77平米 | 南 北,https://ke-image.ljcdn.com/110000-inspection/pc1_HEdzhVaeZ.jpg!m_fill,w_280,h_210,f_jpg?from=ke.com
20241015,通州,果园,101123890834,潞河  全明户型三居室 价格可以大谈,232万,28731元/平,顶层 (共6层) 3室1厅 | 80.75平米 | 北 南,https://ke-image.ljcdn.com/110000-inspection/pc1_7Xvm4O7jg_1.jpg!m_fill,w_280,h_210,f_jpg?from=ke.com
20241015,通州,果园,101123882342,果园 新华联家园南区 满五年中间楼层 三居室,460万,36433元/平,中楼层 (共7层) 3室1厅 | 126.26平米 | 南 北,https://ke-image.ljcdn.com/110000-inspection/fa2988c5-188e-4b83-9468-5493e4fbb07f_1000.jpg!m_fill,w_280,h_210,f_jpg?from=ke.com
20241015,通州,果园,101123855600,新华联家园北区南北通透复式使用面积大看房方便,500万,56929元/平,高楼层 (共7层) 4室2厅 | 87.83平米 | 南 北,https://ke-image.ljcdn.com/110000-inspection/145f7fff-f2b4-4182-a85a-08c60f276423_1000.jpg!m_fill,w_280,h_210,f_jpg?from=ke.com
20241015,通州,果园,101123851607,葛布店南里 2室1厅 南 北,238万,40353元/平,底层 (共6层) 2室1厅 | 58.98平米 | 南 北,https://ke-image.ljcdn.com/110000-inspection/4884aecd-0c05-4e71-adc1-f3d784294466_1000.jpg!m_fill,w_280,h_210,f_jpg?from=ke.com
20241015,通州,果园,101123831900,新华联家园北区复式满五年唯一交通便利南北通透房主自荐,378万,54233元/平,高楼层 (共7层) | 2004年 | 2室2厅 | 69.7平米 | 南 北,https://ke-image.ljcdn.com/110000-inspection/f21e3bcb-184a-48b2-81e0-c2f325834bef_1000.jpg!m_fill,w_280,h_210,f_jpg?from=ke.com
20241015,通州,果园,101123777983,南北通透格局满五唯一采光充足无遮挡交通便利房主自荐,350万,48945元/平,高楼层 (共7层) | 2002年 | 2室2厅 | 71.51平米 | 南 北,https://ke-image.ljcdn.com/110000-inspection/ba09ad70-f926-4e48-b815-3ea7bf80d27b_1000.jpg!m_fill,w_280,h_210,f_jpg?from=ke.com
20241015,通州,果园,101123759651,1号线旁 南向正规一居室 满五年唯一 随时看房,179万,31570元/平,顶层 (共6层) 1室2厅 | 56.7平米 | 南,https://ke-image.ljcdn.com/110000-inspection/96451b80-b703-4e1d-bb25-8fa8001cc51b_1000.jpg!m_fill,w_280,h_210,f_jpg?from=ke.com
20241015,通州,果园,101123752396,果园 巴克寓所 两居室 满五年 南北通透,315万,36245元/平,中楼层 (共7层) | 2004年 | 2室1厅 | 86.91平米 | 南 北,https://ke-image.ljcdn.com/110000-inspection/pc1_trOnkTLqH.jpg!m_fill,w_280,h_210,f_jpg?from=ke.com
20241015,通州,果园,101123717646,探矿家属院 南北通透两居室2001年建成 精装修,265万,35933元/平,顶层 (共6层) 2室1厅 | 73.75平米 | 南 北,https://ke-image.ljcdn.com/110000-inspection/96a91555-103d-4de1-a627-1804cc901cce_1000.jpg!m_fill,w_280,h_210,f_jpg?from=ke.com
20241015,通州,果园,101123651915,非顶层loft层高5.6米！急售！电梯中间层！,229万,42150元/平,中楼层 (共11层) | 2007年 | 2室1厅 | 54.33平米 | 北,https://ke-image.ljcdn.com/110000-inspection/pc1_UA3w5o2iJ_1.jpg!m_fill,w_280,h_210,f_jpg?from=ke.com
20241015,通州,果园,101123573761,葛布店东里精装修中间楼层看房效果好,299万,41696元/平,中楼层 (共6层) 3室1厅 | 71.71平米 | 南 西 北,https://ke-image.ljcdn.com/110000-inspection/7a471f30-e5ac-491c-8a7e-d167f905bdb1_1000.jpg!m_fill,w_280,h_210,f_jpg?from=ke.com
20241015,通州,果园,101123551798,通州万达商圈 新华联家园北区南向1居 业主诚心卖,178万,41589元/平,中楼层 (共12层) | 2004年 | 1室0厅 | 42.8平米 | 南,https://ke-image.ljcdn.com/110000-inspection/799842d1-a105-4228-9b14-cbe9de8e2ef9_1000.jpg!m_fill,w_280,h_210,f_jpg?from=ke.com
20241015,通州,果园,101123549038,潞河 葛布店北里 正规两居室  采光好,270万,35226元/平,低楼层 (共7层) 2室1厅 | 76.65平米 | 东北,https://ke-image.ljcdn.com/110000-inspection/e60e4382-21a2-44ea-ad6a-ddf607e1f184_1000.jpg!m_fill,w_280,h_210,f_jpg?from=ke.com
20241015,通州,果园,101123527443,原始户型挑空复式 随时可看,459万,34592元/平,中楼层 (共7层) | 2004年 | 2室2厅 | 132.69平米 | 南 北,https://ke-image.ljcdn.com/110000-inspection/pc1_RgQHN8R0S.jpg!m_fill,w_280,h_210,f_jpg?from=ke.com
20241015,通州,果园,101123511105,北机家属院 1室1厅 南,169万,40723元/平,中楼层 (共6层) 1室1厅 | 41.5平米 | 南,https://ke-image.ljcdn.com/110000-inspection/1a276c8f-dfa5-451c-b00f-a3edfd9e6883_1000.jpg!m_fill,w_280,h_210,f_jpg?from=ke.com
20241015,通州,果园,101123496181,翠屏北里东区 正规3居满五唯一 户型好 随时看房！,440万,42673元/平,高楼层 (共6层) 3室1厅 | 103.11平米 | 南 北,https://ke-image.ljcdn.com/110000-inspection/c1b6494e-98ec-43e5-9173-20a562c1021d_1000.jpg!m_fill,w_280,h_210,f_jpg?from=ke.com
20241015,通州,果园,101123495475,北机家属院 2室1厅 南 北,209万,30405元/平,中楼层 (共4层) | 1961年 | 2室1厅 | 68.74平米 | 南 北,https://ke-image.ljcdn.com/110000-inspection/a078481e-d819-4506-9e72-940e61ecdf9b_1000.jpg!m_fill,w_280,h_210,f_jpg?from=ke.com
20241015,通州,果园,101123493446,南北通透 无遮挡满五唯一采光充足。,239万,35014元/平,顶层 (共6层) 2室1厅 | 68.26平米 | 南 北,https://ke-image.ljcdn.com/110000-inspection/d0b332a5-f9ed-4d2b-901a-c24bbe50205d_1000.jpg!m_fill,w_280,h_210,f_jpg?from=ke.com
20241015,通州,果园,101123482553,南向 无遮挡满五唯一采光充足。房主自荐,239万,40345元/平,中楼层 (共7层) | 2003年 | 1室1厅 | 59.24平米 | 南,https://ke-image.ljcdn.com/110000-inspection/bd4df098-c330-4641-beb6-719352f623cb_1000.jpg!m_fill,w_280,h_210,f_jpg?from=ke.com
20241015,通州,果园,101123481636,艺苑西街9号院 满五年 中间层 正规两居,199万,27309元/平,中楼层 (共7层) 2室1厅 | 72.87平米 | 东 西,https://ke-image.ljcdn.com/110000-inspection/pc1_peR5wah4j_1.jpg!m_fill,w_280,h_210,f_jpg?from=ke.com
20241015,通州,果园,101123480147,果园巴克寓所 满五年 复式大三居 南北通透,298万,28003元/平,顶层 (共6层) | 2005年 | 3室2厅 | 106.42平米 | 南 北,https://ke-image.ljcdn.com/110000-inspection/pc1_YXGyqPcW6_1.jpg!m_fill,w_280,h_210,f_jpg?from=ke.com
20241015,通州,果园,101123469210,新华联家园北区 一居 首付55万,169万,36612元/平,底层 (共12层) | 2004年 | 1室0厅 | 46.16平米 | 北,https://ke-image.ljcdn.com/110000-inspection/pc1_MLnUvC4yZ_1.jpg!m_fill,w_280,h_210,f_jpg?from=ke.com
20241015,通州,果园,101123429025,北机家属院 朝南两居室 精装 拎包入住 随时可看,215万,35264元/平,顶层 (共6层) | 1986年 | 2室1厅 | 60.97平米 | 南,https://ke-image.ljcdn.com/110000-inspection/24ab974a-8f65-436b-8ce3-143a360531fd_1000.jpg!m_fill,w_280,h_210,f_jpg?from=ke.com
20241015,通州,果园,101123428127,1号线果园 新华联家园北区 南向 一居,180万,38769元/平,底层 (共12层) | 2004年 | 1室0厅 | 46.43平米 | 南,https://ke-image.ljcdn.com/110000-inspection/7cc1047e-2b53-42bb-95fd-b96c34f67b4f_1000.jpg!m_fill,w_280,h_210,f_jpg?from=ke.com
20241015,通州,果园,101123411238,果园城铁随时看房价格可以聊,248万,39943元/平,低楼层 (共6层) | 2001年 | 1室1厅 | 62.09平米 | 南,https://ke-image.ljcdn.com/110000-inspection/b07b766b-5c5e-4fe4-8a57-8daae3f28504_1000.jpg!m_fill,w_280,h_210,f_jpg?from=ke.com
20241015,通州,果园,101123327768,果园巴克寓所 满五年 电梯 南通大四居,1045万,49009元/平,低楼层 (共7层) 4室2厅 | 213.23平米 | 南 北,https://ke-image.ljcdn.com/110000-inspection/99b40d55-85e4-4e70-98d9-3f624a6a12cf_1000.jpg!m_fill,w_280,h_210,f_jpg?from=ke.com
20241015,通州,果园,101123318451,新华联家园南区 3室1厅 南 北,435万,49562元/平,高楼层 (共7层) 3室1厅 | 87.77平米 | 南 北,https://ke-image.ljcdn.com/110000-inspection/9c3a8edb-d062-4b21-ac1c-aa5529c1e057_1000.jpg!m_fill,w_280,h_210,f_jpg?from=ke.com
20241015,通州,果园,101123314654,南北通透的三居 北苑南路20号院,435万,33184元/平,高楼层 (共6层) 3室1厅 | 131.09平米 | 南 北,https://ke-image.ljcdn.com/110000-inspection/ed9595e2-1178-480d-ab39-2962bf90c282_1000.jpg!m_fill,w_280,h_210,f_jpg?from=ke.com
20241015,通州,果园,101123301827,新华联家园南区 4室2厅 南 北,650万,35586元/平,底层 (共7层) | 2002年 | 4室2厅 | 182.66平米 | 南 北,https://ke-image.ljcdn.com/110000-inspection/ba74f59a-6913-4aa6-a101-3f826122f2af_1000.jpg!m_fill,w_280,h_210,f_jpg?from=ke.com
20241015,通州,果园,101123292135,1号线果园地铁站 果园西小区 看房有钥匙 急售 满五年,420万,35594元/平,高楼层 (共6层) | 2001年 | 3室1厅 | 118平米 | 南 北,https://ke-image.ljcdn.com/110000-inspection/pc1_kW8W7ibHI_1.jpg!m_fill,w_280,h_210,f_jpg?from=ke.com
20241015,通州,果园,101123274868,巴克寓所 3室2厅 南 北,540万,32578元/平,高楼层 (共6层) | 2004年 | 3室2厅 | 165.76平米 | 南 北,https://ke-image.ljcdn.com/110000-inspection/639c7fb3-54c8-4ad6-9bcf-a47b0675a683_1000.jpg!m_fill,w_280,h_210,f_jpg?from=ke.com
20241015,通州,果园,101123274188,新华联家园南区 2室1厅 南 北,359万,50063元/平,高楼层 (共7层) 2室1厅 | 71.71平米 | 南 北,https://ke-image.ljcdn.com/110000-inspection/b605f021-4589-493d-ac1d-7f119053040c_1000.jpg!m_fill,w_280,h_210,f_jpg?from=ke.com
20241015,通州,果园,101123273845,巴克寓所复式东边户满五年随时可看,380万,36243元/平,高楼层 (共7层) 2室2厅 | 104.85平米 | 南 北,https://ke-image.ljcdn.com/110000-inspection/ed37720c-9b23-471c-8de7-1b486429ac64_1000.jpg!m_fill,w_280,h_210,f_jpg?from=ke.com
20241015,通州,果园,101123273387,新华联家园南区 2室2厅 南 北,350万,33394元/平,高楼层 (共7层) 2室2厅 | 104.81平米 | 南 北,https://ke-image.ljcdn.com/110000-inspection/pc1_5wAV1teFv.jpg!m_fill,w_280,h_210,f_jpg?from=ke.com
20241015,通州,果园,101123217320,艺苑西街9号院精装修两居 业主诚心出售,212万,35422元/平,中楼层 (共6层) 2室1厅 | 59.85平米 | 南 北,https://ke-image.ljcdn.com/110000-inspection/3436581b-7e1d-4594-b197-8dfe8c730cb8_1000.jpg!m_fill,w_280,h_210,f_jpg?from=ke.com
20241015,通州,果园,101123150910,新华联家园北区北向一居房本满五年诚心出售可以看房,129万,29827元/平,高楼层 (共12层) | 2004年 | 1室1厅 | 43.25平米 | 北,https://ke-image.ljcdn.com/110000-inspection/536228a2-fa8c-4758-bf88-e54b531164a9_1000.jpg!m_fill,w_280,h_210,f_jpg?from=ke.com
20241015,通州,果园,101123140653,满五唯一南北通透小区中间位置采光好,450万,41756元/平,底层 (共11层) | 2004年 | 2室2厅 | 107.77平米 | 南 北,https://ke-image.ljcdn.com/110000-inspection/pc1_qsMEx3jCf.jpg!m_fill,w_280,h_210,f_jpg?from=ke.com
20241015,通州,果园,101123135335,满五年唯一明厨明卫南北通透看房方便,218万,33116元/平,顶层 (共6层) 2室1厅 | 65.83平米 | 南 北,https://ke-image.ljcdn.com/110000-inspection/e714f929-4468-4155-a05e-d0862af090ec_1000.jpg!m_fill,w_280,h_210,f_jpg?from=ke.com
20241015,通州,果园,101123107593,果园222号院南向精装小两居交通方便满五唯一,180万,33131元/平,顶层 (共6层) | 1981年 | 2室1厅 | 54.33平米 | 东 南,https://ke-image.ljcdn.com/110000-inspection/1d537571-648e-47e3-af37-2c0b357767f1_1000.jpg!m_fill,w_280,h_210,f_jpg?from=ke.com
20241015,通州,果园,101123107610,果园222号院满五年唯一住房17年的婚房交通方便,245万,35730元/平,顶层 (共6层) 2室2厅 | 68.57平米 | 南 北,https://ke-image.ljcdn.com/110000-inspection/cdef5f3a-9ca7-4241-ab2c-79f44040ba33_1000.jpg!m_fill,w_280,h_210,f_jpg?from=ke.com
20241015,通州,果园,101123106437,日光清城南北通透二居室满五年交通方便,425万,39193元/平,低楼层 (共11层) | 2004年 | 2室1厅 | 108.44平米 | 南 北,https://ke-image.ljcdn.com/110000-inspection/45dcdf81-fce1-48d9-90a1-be0aa6a000d3_1000.jpg!m_fill,w_280,h_210,f_jpg?from=ke.com
20241015,通州,果园,101123103832,翠屏北里 满五唯一 宽敞明亮 闹中取静 全明户型,598万,35977元/平,中楼层 (共7层) | 2003年 | 3室2厅 | 166.22平米 | 南 北,https://ke-image.ljcdn.com/110000-inspection/pc1_zuJaizR7r.jpg!m_fill,w_280,h_210,f_jpg?from=ke.com
20241015,通州,果园,101123038544,1号线 果园地铁站 南北通透三居室 采光好,480万,40354元/平,中楼层 (共7层) | 2002年 | 3室2厅 | 118.95平米 | 南 北,https://ke-image.ljcdn.com/110000-inspection/5ba14885-3c92-4d3d-a3eb-3e32bbc3c282_1000.jpg!m_fill,w_280,h_210,f_jpg?from=ke.com
20241015,通州,果园,101122954068,巴克寓所二期地铁附近 上下两层房主自荐,225万,53242元/平,顶层 (共11层) | 2007年 | 2室1厅 | 42.26平米 | 北,https://ke-image.ljcdn.com/110000-inspection/495b09c5-617d-41e8-bef2-63dfc7fdb1d6_1000.jpg!m_fill,w_280,h_210,f_jpg?from=ke.com
20241015,通州,果园,101122888286,翠屏北里西区 满五年唯一 随时看房房主自荐,346万,35785元/平,高楼层 (共7层) | 2003年 | 2室1厅 | 96.69平米 | 南 北,https://ke-image.ljcdn.com/110000-inspection/d37d1ade-a9bc-4403-aeab-38074c3abf77_1000.jpg!m_fill,w_280,h_210,f_jpg?from=ke.com
20241015,通州,果园,101122887970,蓝山国际公寓 电梯复式 双阳台 视野采光好,739万,30452元/平,顶层 (共10层) | 2004年 | 4室2厅 | 242.68平米 | 西南,https://ke-image.ljcdn.com/110000-inspection/pc1_Y7igYrS09_1.jpg!m_fill,w_280,h_210,f_jpg?from=ke.com
20241015,通州,果园,101122799709,本房精装修 满五唯一 商品房 安静,190万,29536元/平,顶层 (共6层) 2室2厅 | 64.33平米 | 南 北,https://ke-image.ljcdn.com/110000-inspection/eac71db5-b78a-412c-b7c6-7e750498c847_1000.jpg!m_fill,w_280,h_210,f_jpg?from=ke.com
20241015,通州,果园,101122745686,南北通透 无遮挡满五唯一自住精装修。房主自荐,219万,37903元/平,顶层 (共7层) | 2002年 | 1室1厅 | 57.78平米 | 南 北,https://ke-image.ljcdn.com/110000-inspection/c7a55a48-845e-457c-a8b0-a3102d87c8dd_1000.jpg!m_fill,w_280,h_210,f_jpg?from=ke.com
20241015,通州,果园,101122654124,苏荷时代  高楼层南向采光好,225万,30886元/平,高楼层 (共24层) | 2005年 | 1室1厅 | 72.85平米 | 东南,https://ke-image.ljcdn.com/110000-inspection/f5c18e8d-dd66-475f-96d7-9bd4e46babd7_1000.jpg!m_fill,w_280,h_210,f_jpg?from=ke.com
20241015,通州,果园,101122543998,果园 新华联家园南区 电梯房 三居室 满五唯一,499万,39930元/平,高楼层 (共12层) 3室1厅 | 124.97平米 | 南 北,https://ke-image.ljcdn.com/110000-inspection/pc1_I88ygyRbP.jpg!m_fill,w_280,h_210,f_jpg?from=ke.com
20241015,通州,果园,101122537794,此房交易只有契税价格可谈业主诚心出售,255万,35775元/平,顶层 (共6层) | 1997年 | 2室1厅 | 71.28平米 | 南 北,https://ke-image.ljcdn.com/110000-inspection/pc1_VL5U7FA4O_1.jpg!m_fill,w_280,h_210,f_jpg?from=ke.com
20241015,通州,果园,101122082130,新华联家园北区观景房 无遮挡 满五唯一房主自荐,576万,43147元/平,低楼层 (共12层) | 2004年 | 3室1厅 | 133.5平米 | 南 北,https://ke-image.ljcdn.com/110000-inspection/5d162b7e-5ac6-49a5-a8e7-e605f12fe8c3_1000.jpg!m_fill,w_280,h_210,f_jpg?from=ke.com
20241015,通州,果园,101122034417,满五年近地铁配套全交通方便,165万,25214元/平,低楼层 (共24层) | 2005年 | 1室1厅 | 65.44平米 | 西北,https://ke-image.ljcdn.com/110000-inspection/de5903d0-b45b-4fa7-92cf-5bc00c1515c7_1000.jpg!m_fill,w_280,h_210,f_jpg?from=ke.com
20241015,通州,果园,101122027433,果园 新华联家园南区四居室 诚心出售,742万,47136元/平,高楼层 (共6层) 4室3厅 | 157.42平米 | 南 北,https://ke-image.ljcdn.com/110000-inspection/c3e334c9-faaf-4d9c-83c0-39eafeda4da5_1000.jpg!m_fill,w_280,h_210,f_jpg?from=ke.com
20241015,通州,果园,101121862334,新华联家园北区 南北通透电梯两居室 精装修,520万,47183元/平,中楼层 (共9层) 2室2厅 | 110.21平米 | 南 北,https://ke-image.ljcdn.com/110000-inspection/pc1_AwXTcimE5.jpg!m_fill,w_280,h_210,f_jpg?from=ke.com
20241015,通州,果园,101121744561,新华联家园 通州果园地铁站 电梯两居房主自荐,409万,45868元/平,低楼层 (共12层) | 2005年 | 2室2厅 | 89.17平米 | 东南,https://ke-image.ljcdn.com/110000-inspection/c4a493e5-2cee-4841-a53a-82d506b57dca_1000.jpg!m_fill,w_280,h_210,f_jpg?from=ke.com
20241015,通州,果园,101121523216,九棵树城铁站 南北通透 满五年唯一 楼层好,206万,34587元/平,低楼层 (共6层) 2室1厅 | 59.56平米 | 南 北,https://ke-image.ljcdn.com/110000-inspection/c92b6761-2f12-4feb-b21d-0c43e8250184_1000.jpg!m_fill,w_280,h_210,f_jpg?from=ke.com
20241015,通州,果园,101121513382,房子南向两居室 满五年唯一果园地铁 配套齐全,175万,33417元/平,中楼层 (共5层) 2室1厅 | 52.37平米 | 南,https://ke-image.ljcdn.com/110000-inspection/pc1_8Plr2ll74.jpg!m_fill,w_280,h_210,f_jpg?from=ke.com
20241015,通州,果园,101121207726,南北通透无遮挡中间位置满五唯一采光充足房主自荐,218万,40371元/平,顶层 (共6层) 2室1厅 | 54平米 | 南 北,https://ke-image.ljcdn.com/110000-inspection/3d984c3a-58dd-4c95-9013-2174007012c4_1000.jpg!m_fill,w_280,h_210,f_jpg?from=ke.com
20241015,通州,果园,101120954714,巴克寓所精装复式南北通透业主诚心出售,970万,43673元/平,高楼层 (共6层) 4室3厅 | 222.11平米 | 南 北,https://ke-image.ljcdn.com/110000-inspection/068372fa-b13a-4651-9afd-65be6ec1f066_1000.jpg!m_fill,w_280,h_210,f_jpg?from=ke.com
20241015,通州,果园,101120944321,怡乐园二区精装两层动静分离采光好,330万,51790元/平,中楼层 (共11层) | 2007年 | 2室2厅 | 63.72平米 | 南,https://ke-image.ljcdn.com/110000-inspection/47d78f14-7ffd-4142-a34f-9de8466b5f40_1000.jpg!m_fill,w_280,h_210,f_jpg?from=ke.com
20241015,通州,果园,101120872838,南北通透 无遮挡中间位置满五唯一采光充足,430万,41704元/平,高楼层 (共6层) | 2004年 | 3室1厅 | 103.11平米 | 南 北,https://ke-image.ljcdn.com/110000-inspection/b4660bc3-0b02-465d-ba22-a4bb312431f7_1000.jpg!m_fill,w_280,h_210,f_jpg?from=ke.com
20241015,通州,果园,101119791651,果园地铁站精装修小区位置好安静不临街视野好,390万,52216元/平,高楼层 (共7层) | 2004年 | 2室2厅 | 74.69平米 | 南 北,https://ke-image.ljcdn.com/110000-inspection/fa0f231e-8305-4a68-ba48-064b3314b592_1000.jpg!m_fill,w_280,h_210,f_jpg?from=ke.com
20241015,通州,果园,101119025215,果园巴克寓所 精装 大三居 满五年 不临街 中间层,854万,44126元/平,中楼层 (共6层) | 2005年 | 3室2厅 | 193.54平米 | 南 西 北,https://ke-image.ljcdn.com/110000-inspection/pc1_YuMdhdOHy_1.jpg!m_fill,w_280,h_210,f_jpg?from=ke.com
20241015,通州,果园,101118668342,有钥匙新华联家园北区带电梯复式,525万,69917元/平,高楼层 (共12层) | 2004年 | 4室2厅 | 75.09平米 | 北 南,https://ke-image.ljcdn.com/110000-inspection/c26a4da8-ae03-4ab8-a55a-48eb6f8b902e_1000.jpg!m_fill,w_280,h_210,f_jpg?from=ke.com
20241015,通州,果园,101118425728,翠屏北里东区 南北通透三居 中间楼层,437万,40041元/平,中楼层 (共6层) 3室1厅 | 109.14平米 | 南 北,https://ke-image.ljcdn.com/110000-inspection/53d714fb-3a91-4477-b96b-7c271b52e4c1_1000.jpg!m_fill,w_280,h_210,f_jpg?from=ke.com
20241015,通州,果园,101118273142,近地铁LOFT70年住宅民水民电,350万,55171元/平,高楼层 (共11层) | 2007年 | 2室1厅 | 63.44平米 | 南,https://ke-image.ljcdn.com/110000-inspection/pc1_HEIfnoedq.jpg!m_fill,w_280,h_210,f_jpg?from=ke.com
20241015,通州,果园,101118242635,翠屏北里西区 南北2居 满五唯一 随时看房,283万,43999元/平,顶层 (共7层) | 2003年 | 1室1厅 | 64.32平米 | 南 北,https://ke-image.ljcdn.com/110000-inspection/f974fdaa-12c6-4f48-a8bf-a021d31bc45c_1000.jpg!m_fill,w_280,h_210,f_jpg?from=ke.com
20241015,通州,果园,101118226655,达富苑 1室1厅 南 北房主自荐,269万,44924元/平,顶层 (共7层) | 2002年 | 1室1厅 | 59.88平米 | 南 北,https://ke-image.ljcdn.com/110000-inspection/90aaa6b6-93f6-4367-9593-00006f2bcd34_1000.jpg!m_fill,w_280,h_210,f_jpg?from=ke.com
20241015,通州,果园,101127078205,新上房源果园地铁附近 有燃气 刚需客户必看,146万,33859元/平,中楼层 (共11层) | 2007年 | 1室1厅 | 43.12平米 | 北,https://s1.ljcdn.com/pegasus/redskull/images/common/default_house_list.png?_v=20241010190020670
20241015,通州,果园,101127052784,巴克寓所 1室1厅 北新上,190万,28937元/平,高楼层 (共6层) 1室1厅 | 65.66平米 | 北,https://s1.ljcdn.com/pegasus/redskull/images/common/default_house_list.png?_v=20241010190020670
20241015,通州,果园,101127027498,苏荷时代 近地铁 视野开阔 诚意出售新上,165万,25214元/平,中楼层 (共24层) | 2005年 | 1室1厅 | 65.44平米 | 北,https://s1.ljcdn.com/pegasus/redskull/images/common/default_house_list.png?_v=20241010190020670
20241015,通州,果园,101127013196,巴克寓所  挑空复式 南北通透新上,615万,49758元/平,底层 (共6层) 2室2厅 | 123.6平米 | 南 北,https://s1.ljcdn.com/pegasus/redskull/images/common/default_house_list.png?_v=20241010190020670
20241015,通州,果园,101127002950,景欣园 4室3厅 南 北新上,698万,25342元/平,顶层 (共6层) | 2000年 | 4室3厅 | 275.44平米 | 南 北,https://s1.ljcdn.com/pegasus/redskull/images/common/default_house_list.png?_v=20241010190020670
20241015,通州,果园,101126967920,果园地铁达富苑顶层两居室精装修满五唯一新上,210万,30009元/平,顶层 (共7层) | 2002年 | 2室1厅 | 69.98平米 | 南 北,https://s1.ljcdn.com/pegasus/redskull/images/common/default_house_list.png?_v=20241010190020670
20241015,通州,果园,101126922327,1号线 果园地铁站 达富苑 采光好,299万,32732元/平,高楼层 (共7层) | 2002年 | 2室1厅 | 91.35平米 | 南 北,https://s1.ljcdn.com/pegasus/redskull/images/common/default_house_list.png?_v=20241010190020670
20241015,通州,果园,101126885625,巴克摩界 1室1厅 北,260万,59186元/平,低楼层 (共11层) | 2007年 | 1室1厅 | 43.93平米 | 北,https://s1.ljcdn.com/pegasus/redskull/images/common/default_house_list.png?_v=20241010190020670
20241015,通州,果园,101126871937,南北通透 无遮挡中间位置满五唯一采光充足,450万,38747元/平,高楼层 (共7层) | 2002年 | 3室2厅 | 116.14平米 | 南 北,https://s1.ljcdn.com/pegasus/redskull/images/common/default_house_list.png?_v=20241010190020670
20241015,通州,果园,101126846219,探矿家属院 南北通透 采光好 明厨明卫,220万,36352元/平,高楼层 (共6层) 2室2厅 | 60.52平米 | 南 北,https://s1.ljcdn.com/pegasus/redskull/images/common/default_house_list.png?_v=20241010190020670
20241015,通州,果园,101126843771,苏荷时代纯南向一居室近地铁采光好,165万,38851元/平,高楼层 (共18层) | 2005年 | 1室0厅 | 42.47平米 | 南,https://s1.ljcdn.com/pegasus/redskull/images/common/default_house_list.png?_v=20241010190020670
20241015,通州,果园,101126821783,通州新华联家园北区板楼南北通透 精装急售低层二居,419万,41043元/平,底层 (共7层) | 2004年 | 2室1厅 | 102.09平米 | 南 北,https://s1.ljcdn.com/pegasus/redskull/images/common/default_house_list.png?_v=20241010190020670
20241015,通州,果园,101126797369,首付83万  精装2居室  步行果园地铁450米,415万,47735元/平,低楼层 (共12层) 2室1厅 | 86.94平米 | 西南,https://s1.ljcdn.com/pegasus/redskull/images/common/default_house_list.png?_v=20241010190020670
20241015,通州,果园,101126716212,果园西小区 1室1厅 南,180万,28819元/平,高楼层 (共7层) | 2002年 | 1室1厅 | 62.46平米 | 南,https://s1.ljcdn.com/pegasus/redskull/images/common/default_house_list.png?_v=20241010190020670
20241015,通州,果园,101126679214,广渠路沿线果园地铁边上苏荷时代无遮挡视野开阔,248万,37418元/平,高楼层 (共18层) | 2005年 | 1室1厅 | 66.28平米 | 南,https://s1.ljcdn.com/pegasus/redskull/images/common/default_house_list.png?_v=20241010190020670
20241015,通州,果园,101126678405,葛布店北里 2室1厅 南 北,229万,37921元/平,中楼层 (共6层) 2室1厅 | 60.39平米 | 南 北,https://s1.ljcdn.com/pegasus/redskull/images/common/default_house_list.png?_v=20241010190020670
20241015,通州,果园,101126652370,巴克摩界 1室0厅 北,160万,46757元/平,中楼层 (共11层) | 2007年 | 1室0厅 | 34.22平米 | 北,https://s1.ljcdn.com/pegasus/redskull/images/common/default_house_list.png?_v=20241010190020670
20241015,通州,果园,101126646654,日光清城 大一居室有电梯 满五唯一,248万,40260元/平,低楼层 (共7层) | 2003年 | 1室1厅 | 61.6平米 | 东北,https://s1.ljcdn.com/pegasus/redskull/images/common/default_house_list.png?_v=20241010190020670
20241015,通州,果园,101126592953,新华联家园南区有电梯近地铁,699万,32747元/平,高楼层 (共12层) 5室2厅 | 213.46平米 | 南 北,https://s1.ljcdn.com/pegasus/redskull/images/common/default_house_list.png?_v=20241010190020670
20241015,通州,果园,101126591636,新华联家园北区 1室0厅 北,198万,42895元/平,中楼层 (共12层) | 2004年 | 1室0厅 | 46.16平米 | 北,https://s1.ljcdn.com/pegasus/redskull/images/common/default_house_list.png?_v=20241010190020670
20241015,通州,果园,101126574508,新华联家园南区 3室1厅 南 北 东,460万,39462元/平,中楼层 (共7层) 3室1厅 | 116.57平米 | 南 北 东,https://s1.ljcdn.com/pegasus/redskull/images/common/default_house_list.png?_v=20241010190020670
20241015,通州,果园,101126503437,景欣园九棵树地铁通州运河运河H双通透好户型,363万,29669元/平,中楼层 (共6层) 2室2厅 | 122.35平米 | 南 北,https://s1.ljcdn.com/pegasus/redskull/images/common/default_house_list.png?_v=20241010190020670
20241015,通州,果园,101126492562,运河西大街155号院通透的两居室,230万,37681元/平,中楼层 (共6层) 2室1厅 | 61.04平米 | 东南 西北,https://s1.ljcdn.com/pegasus/redskull/images/common/default_house_list.png?_v=20241010190020670
20241015,通州,果园,101126485300,达富苑中间层两居室满五年唯一业主诚心出售,510万,39526元/平,中楼层 (共7层) 3室2厅 | 129.03平米 | 南 北,https://s1.ljcdn.com/pegasus/redskull/images/common/default_house_list.png?_v=20241010190020670
20241015,通州,果园,101126462922,日光清城中间层两居室采光视野好无遮挡,380万,39007元/平,中楼层 (共9层) 2室2厅 | 97.42平米 | 南,https://s1.ljcdn.com/pegasus/redskull/images/common/default_house_list.png?_v=20241010190020670
20241015,通州,果园,101126397911,翠屏北里东区 果园地铁 精装修 三居室,398万,38709元/平,顶层 (共6层) 3室2厅 | 102.82平米 | 南 北,https://s1.ljcdn.com/pegasus/redskull/images/common/default_house_list.png?_v=20241010190020670
20241015,通州,果园,101126382620,新华联家园北区 2室2厅 南 北,450万,42477元/平,低楼层 (共9层) 2室2厅 | 105.94平米 | 南 北,https://s1.ljcdn.com/pegasus/redskull/images/common/default_house_list.png?_v=20241010190020670
20241015,通州,果园,101126367752,达富苑 3室1厅 南 北,418万,35050元/平,高楼层 (共7层) 3室1厅 | 119.26平米 | 南 北,https://s1.ljcdn.com/pegasus/redskull/images/common/default_house_list.png?_v=20241010190020670
20241015,通州,果园,101126357656,南北通透中间楼层采光充足满五布局合理空间无,350万,34910元/平,中楼层 (共6层) 2室1厅 | 100.26平米 | 南 北,https://s1.ljcdn.com/pegasus/redskull/images/common/default_house_list.png?_v=20241010190020670
20241015,通州,果园,101126352346,日光清城高楼层电梯三居室满五年唯一诚心出售房主自荐,528万,40719元/平,高楼层 (共7层) 3室2厅 | 129.67平米 | 南 北,https://s1.ljcdn.com/pegasus/redskull/images/common/default_house_list.png?_v=20241010190020670
20241015,通州,果园,101126339337,日光清城中楼层电梯三居室满五年唯一诚心出售,540万,41431元/平,中楼层 (共7层) 3室1厅 | 130.34平米 | 南 北,https://s1.ljcdn.com/pegasus/redskull/images/common/default_house_list.png?_v=20241010190020670
20241015,通州,果园,101126264105,翠屏北里东区 3室1厅 南 北,279万,33046元/平,顶层 (共6层) | 2004年 | 3室1厅 | 84.43平米 | 南 北,https://s1.ljcdn.com/pegasus/redskull/images/common/default_house_list.png?_v=20241010190020670
20241015,通州,果园,101126078247,急售！电梯高楼层！正规三居！满五一套！随时签约！！,375万,36525元/平,顶层 (共18层) | 2005年 | 3室2厅 | 102.67平米 | 南 北,https://s1.ljcdn.com/pegasus/redskull/images/common/default_house_list.png?_v=20241010190020670
20241015,通州,果园,101125935987,景欣园 三居复式 南北通透 精装修 拎包入住,639万,33200元/平,高楼层 (共6层) | 2000年 | 3室2厅 | 192.47平米 | 南 北,https://ke-image.ljcdn.com/110000-inspection/4a6faaf2ae154f1ee6a9c0aab177d5e9-059.jpg!m_fill,w_280,h_210,f_jpg?from=ke.com
20241015,通州,果园,101125922220,南北通透 无遮挡中间位置满五唯一采光充足,730万,35596元/平,高楼层 (共12层) | 2005年 | 4室2厅 | 205.08平米 | 南 北,https://s1.ljcdn.com/pegasus/redskull/images/common/default_house_list.png?_v=20241010190020670
20241015,通州,果园,101125660835,新华联家园北区中间位置三居室三层,550万,40609元/平,中楼层 (共7层) | 2004年 | 3室1厅 | 135.44平米 | 南 北,https://s1.ljcdn.com/pegasus/redskull/images/common/default_house_list.png?_v=20241010190020670
20241015,通州,果园,101125124806,通州果园地铁苏荷时代西北向低楼层小户型有天然气,135万,41887元/平,中楼层 (共24层) | 2005年 | 1室0厅 | 32.23平米 | 西北,https://s1.ljcdn.com/pegasus/redskull/images/common/default_house_list.png?_v=20241010190020670
20241015,通州,果园,101124322566,新华联家园北区一层有花园满五年唯一房主自荐,540万,44817元/平,底层 (共7层) | 2004年 | 3室1厅 | 120.49平米 | 南 北,https://s1.ljcdn.com/pegasus/redskull/images/common/default_house_list.png?_v=20241010190020670
20241015,通州,果园,101119401634,果园巴克寓所 满五年 精装 南北 两居,370万,39709元/平,低楼层 (共7层) 2室2厅 | 93.18平米 | 南 北,https://s1.ljcdn.com/pegasus/redskull/images/common/default_house_list.png?_v=20241010190020670
