20241015,通州,通州北苑,101126847024,杨庄北街4号院 南北通透 满五年 低楼层两居必看好房,179万,29710元/平,低楼层 (共6层) 2室1厅 | 60.25平米 | 南 北,https://ke-image.ljcdn.com/110000-inspection/312918c3-a881-41fc-931f-7fc91e588eb5_1000.jpg!m_fill,w_280,h_210,f_jpg?from=ke.com
20241015,通州,通州北苑,101126651476,2024优质好房杨庄路72号院现代简约风美宅必看好房,160万,27147元/平,顶层 (共6层) 2室1厅 | 58.94平米 | 南 北,https://ke-image.ljcdn.com/110000-inspection/36963142-1d3a-4851-8a83-7a5c7cb71e19_1000.jpg!m_fill,w_280,h_210,f_jpg?from=ke.com
20241015,通州,通州北苑,101126626964,天时名苑 南北一室一厅通州北苑地铁 万达广场必看好房,280万,39773元/平,低楼层 (共28层) 1室1厅 | 70.4平米 | 南 北,https://ke-image.ljcdn.com/110000-inspection/78390489-9c5e-48cb-a4f4-7755c647b1ce_1000.jpg!m_fill,w_280,h_210,f_jpg?from=ke.com
20241015,通州,通州北苑,101126587901,北苑农机公司宿舍 1室1厅 南必看好房,125万,33784元/平,低楼层 (共6层) 1室1厅 | 37平米 | 南,https://ke-image.ljcdn.com/110000-inspection/983b45e0-23ed-41f8-8b7b-42e49e6590a2_1000.jpg!m_fill,w_280,h_210,f_jpg?from=ke.com
20241015,通州,通州北苑,101126543449,地铁八里桥站东南朝向70年产权住宅满五唯一必看好房,315万,32515元/平,低楼层 (共29层) 2室1厅 | 96.88平米 | 东南,https://ke-image.ljcdn.com/110000-inspection/052f2a4d-bf06-4ee0-a17f-6c07fc08d672_1000.jpg!m_fill,w_280,h_210,f_jpg?from=ke.com
20241015,通州,通州北苑,101126995613,北苑万达双卧朝南两居室南北通透交通便利诚售新上,190万,29758元/平,顶层 (共6层) 2室1厅 | 63.85平米 | 南 北,https://ke-image.ljcdn.com/110000-inspection/ad00f6d8-b142-48ab-b1bf-539a3206ce69_1000.jpg!m_fill,w_280,h_210,f_jpg?from=ke.com
20241015,通州,通州北苑,101126882202,八里桥南街62号 铁路宿舍  满五唯一必看好房,200万,31747元/平,中楼层 (共6层) 2室1厅 | 63平米 | 南 北,https://ke-image.ljcdn.com/110000-inspection/f72259f0-524e-45e2-a610-bff5815a8b4a_1000.jpg!m_fill,w_280,h_210,f_jpg?from=ke.com
20241015,通州,通州北苑,101126574147,通州北苑高楼层视野好2居业主诚心出售精装自住,410万,41013元/平,高楼层 (共29层) | 2010年 | 2室2厅 | 99.97平米 | 东南,https://ke-image.ljcdn.com/110000-inspection/c5197e74-2876-4d7d-af6a-4d3a6c587a4b_1000.jpg!m_fill,w_280,h_210,f_jpg?from=ke.com
20241015,通州,通州北苑,101126447102,满五唯一精装修不临街中间楼层正规两居必看好房,325万,40814元/平,中楼层 (共24层) 2室1厅 | 79.63平米 | 东北,https://ke-image.ljcdn.com/110000-inspection/a4690aca-1b08-4057-862f-a8104c21a672_1000.jpg!m_fill,w_280,h_210,f_jpg?from=ke.com
20241015,通州,通州北苑,101126432557,天时名苑双卧朝南两居室楼层好视野宽阔。必看好房,399万,39095元/平,低楼层 (共28层) | 2009年 | 2室2厅 | 102.06平米 | 东南,https://ke-image.ljcdn.com/110000-inspection/2ae9e2fd-a31a-4668-b3e1-ca1cf570e49c_1000.jpg!m_fill,w_280,h_210,f_jpg?from=ke.com
20241015,通州,通州北苑,101126337351,满五唯一可以灵活调整房屋格局万达商圈,236万,32629元/平,低楼层 (共24层) 1室1厅 | 72.33平米 | 东,https://ke-image.ljcdn.com/110000-inspection/pc1_feiu5hRFr_1.jpg!m_fill,w_280,h_210,f_jpg?from=ke.com
20241015,通州,通州北苑,101126295749,通州北苑标准两居室南北通透交通便利。必看好房,238万,35068元/平,中楼层 (共6层) | 1993年 | 2室1厅 | 67.87平米 | 南 北,https://ke-image.ljcdn.com/110000-inspection/23602b71-8b83-4925-af43-ed2bf583e94c_1000.jpg!m_fill,w_280,h_210,f_jpg?from=ke.com
20241015,通州,通州北苑,101126227205,世纪星城三期全明户型满五唯一诚意出售,420万,40161元/平,低楼层 (共31层) | 2010年 | 2室2厅 | 104.58平米 | 南 北,https://ke-image.ljcdn.com/110000-inspection/pc1_7WPHtAUue_1.jpg!m_fill,w_280,h_210,f_jpg?from=ke.com
20241015,通州,通州北苑,101126223323,西马庄园小区中间楼层两居室满五唯一,230万,31162元/平,中楼层 (共6层) 2室1厅 | 73.81平米 | 南 北,https://ke-image.ljcdn.com/110000-inspection/2c00e09e-0c34-446c-883e-6dcb5d9feb01_1000.jpg!m_fill,w_280,h_210,f_jpg?from=ke.com
20241015,通州,通州北苑,101126161232,诚心出售采光好全明户型价钱可谈。必看好房,169万,27444元/平,高楼层 (共6层) 1室2厅 | 61.58平米 | 东 南 西,https://ke-image.ljcdn.com/110000-inspection/pc1_GZxItxqSR_1.jpg!m_fill,w_280,h_210,f_jpg?from=ke.com
20241015,通州,通州北苑,101126102570,西马庄园 商品房近地铁满五唯一必看好房,220万,27034元/平,中楼层 (共6层) 2室1厅 | 81.38平米 | 南 北,https://ke-image.ljcdn.com/110000-inspection/pc1_mPC3BPbJB_1.jpg!m_fill,w_280,h_210,f_jpg?from=ke.com
20241015,通州,通州北苑,101126053180,长城国际 满五唯一 朝东 高楼层 视野好必看好房,149万,29389元/平,高楼层 (共22层) | 2009年 | 1室1厅 | 50.7平米 | 东,https://ke-image.ljcdn.com/110000-inspection/pc1_0tz9eSp2H_1.jpg!m_fill,w_280,h_210,f_jpg?from=ke.com
20241015,通州,通州北苑,101126001085,世纪星城新上2居室南北通透楼层好采光充足,418万,39970元/平,高楼层 (共31层) | 2010年 | 2室2厅 | 104.58平米 | 南 北,https://ke-image.ljcdn.com/110000-inspection/pc1_uQhl0y7ax_1.jpg!m_fill,w_280,h_210,f_jpg?from=ke.com
20241015,通州,通州北苑,101125986381,新华西街145号 不临街低楼层出入便,175万,28577元/平,顶层 (共3层) 2室0厅 | 61.24平米 | 南 北,https://ke-image.ljcdn.com/110000-inspection/282a238a-9698-4ba2-8d25-743e30ef38a8_1000.jpg!m_fill,w_280,h_210,f_jpg?from=ke.com
20241015,通州,通州北苑,101125982859,通州万达商圈新华联锦园精装两居南北通透满五唯一必看好房,335万,40024元/平,中楼层 (共6层) 2室1厅 | 83.7平米 | 南 北,https://ke-image.ljcdn.com/110000-inspection/pc1_MtwS4PNv9_1.jpg!m_fill,w_280,h_210,f_jpg?from=ke.com
20241015,通州,通州北苑,101125925034,长桥园 楼层好 采光好 近地铁站 静享灵动通惠河房主自荐,358万,32854元/平,中楼层 (共15层) | 2003年 | 2室2厅 | 108.97平米 | 南,https://ke-image.ljcdn.com/110000-inspection/9fded54f-7320-4c63-b506-0061d116b433_1000.jpg!m_fill,w_280,h_210,f_jpg?from=ke.com
20241015,通州,通州北苑,101125865724,通典铭居正规一居 交通便利 购物方便房主自荐,260万,35169元/平,低楼层 (共23层) | 2004年 | 1室1厅 | 73.93平米 | 北,https://ke-image.ljcdn.com/110000-inspection/250246e0-93ca-4947-b4e9-f577f8b4696b_1000.jpg!m_fill,w_280,h_210,f_jpg?from=ke.com
20241015,通州,通州北苑,101125863499,铁路宿舍 2室1厅 南 北必看好房,179万,28567元/平,顶层 (共6层) 2室1厅 | 62.66平米 | 南 北,https://ke-image.ljcdn.com/110000-inspection/621b49e8-4309-426f-9e15-52da035e8c9e_1000.jpg!m_fill,w_280,h_210,f_jpg?from=ke.com
20241015,通州,通州北苑,101125840412,通州北苑新华联锦园南北通透两居室必看好房,315万,31819元/平,高楼层 (共6层) 2室1厅 | 99平米 | 南 北,https://ke-image.ljcdn.com/110000-inspection/pc1_KvErdNzfw_1.jpg!m_fill,w_280,h_210,f_jpg?from=ke.com
20241015,通州,通州北苑,101125624627,长城国际高楼层格局方正采光好必看好房,178万,26108元/平,顶层 (共22层) | 2009年 | 1室1厅 | 68.18平米 | 西,https://ke-image.ljcdn.com/110000-inspection/pc1_JYUWSH45v_1.jpg!m_fill,w_280,h_210,f_jpg?from=ke.com
20241015,通州,通州北苑,101125592178,华兴园  南北通透一居室满五年采光好视野好必看好房,188万,28897元/平,高楼层 (共6层) | 1999年 | 2室1厅 | 65.06平米 | 南 北,https://ke-image.ljcdn.com/110000-inspection/b9c9c8b6-37d0-409c-8fe7-28aaf623f75a_1000.jpg!m_fill,w_280,h_210,f_jpg?from=ke.com
20241015,通州,通州北苑,101125561496,京贸国际公寓70年精装2居诚意出售必看好房,330万,34279元/平,中楼层 (共29层) | 2004年 | 2室1厅 | 96.27平米 | 东 东南,https://ke-image.ljcdn.com/110000-inspection/185b7ded-7c2e-4635-9f56-2786bcf0de94_1000.jpg!m_fill,w_280,h_210,f_jpg?from=ke.com
20241015,通州,通州北苑,101125554224,通州万达商圈诚心出售南北通透中间位置有钥匙必看好房,217万,31282元/平,中楼层 (共6层) 2室1厅 | 69.37平米 | 南 北,https://ke-image.ljcdn.com/110000-inspection/pc1_JoxKXnWp9_1.jpg!m_fill,w_280,h_210,f_jpg?from=ke.com
20241015,通州,通州北苑,101125529255,长城国际商品房70年产权有电梯有燃气市政采暖必看好房,149万,30334元/平,中楼层 (共20层) | 2009年 | 1室0厅 | 49.12平米 | 西,https://ke-image.ljcdn.com/110000-inspection/pc1_CQJjXmMoJ_1.jpg!m_fill,w_280,h_210,f_jpg?from=ke.com
20241015,通州,通州北苑,101125457314,天时名苑 双卧朝南 通州北苑地铁 满五年唯一必看好房,398万,38739元/平,低楼层 (共28层) 2室2厅 | 102.74平米 | 西南,https://ke-image.ljcdn.com/110000-inspection/989c69af-f1b6-4b47-b822-912dca2bbe6c_1000.jpg!m_fill,w_280,h_210,f_jpg?from=ke.com
20241015,通州,通州北苑,101125418191,杨庄北街7号院 经典两居 看房有钥匙 交通便利必看好房,179万,27450元/平,高楼层 (共6层) 2室1厅 | 65.21平米 | 南 北,https://ke-image.ljcdn.com/110000-inspection/0c283a0e-b5cb-4ed7-9bc2-d6f5dcdb4945_1000.jpg!m_fill,w_280,h_210,f_jpg?from=ke.com
20241015,通州,通州北苑,101125413221,北苑甲55号院 3室1厅 南 北,235万,28458元/平,高楼层 (共6层) 3室1厅 | 82.58平米 | 南 北,https://ke-image.ljcdn.com/110000-inspection/a88304cb-3f1f-4a2d-b892-4f3286602332_1000.jpg!m_fill,w_280,h_210,f_jpg?from=ke.com
20241015,通州,通州北苑,101125270846,通州北苑万达商圈标准三居室电梯高层花园社区,548万,37535元/平,高楼层 (共23层) | 2005年 | 3室2厅 | 146平米 | 西南,https://ke-image.ljcdn.com/110000-inspection/ebac83d6-6177-43df-8c21-3ed439f4ecb8_1000.jpg!m_fill,w_280,h_210,f_jpg?from=ke.com
20241015,通州,通州北苑,101125217453,房子满五年北京家庭名下唯一住房采光充足视野无遮挡必看好房,398万,39543元/平,低楼层 (共28层) 2室2厅 | 100.65平米 | 西南,https://ke-image.ljcdn.com/110000-inspection/47ed65f6-b30f-4b74-8531-9fc416889b93_1000.jpg!m_fill,w_280,h_210,f_jpg?from=ke.com
20241015,通州,通州北苑,101125125188,明卫小高层三居室南北通透 北苑地铁 万达商圈房主自荐,530万,43590元/平,高楼层 (共9层) 3室2厅 | 121.59平米 | 南 北,https://ke-image.ljcdn.com/110000-inspection/2f84642a-e3f6-4192-bd56-b45604109a8a_1000.jpg!m_fill,w_280,h_210,f_jpg?from=ke.com
20241015,通州,通州北苑,101125058960,八通线地铁八里桥站拎包入住精装修南北通透楼层好必看好房,230万,37097元/平,低楼层 (共6层) | 1994年 | 2室1厅 | 62平米 | 南 北,https://ke-image.ljcdn.com/110000-inspection/019ff73b-54ac-48c0-bc3d-9459371f56d4_1000.jpg!m_fill,w_280,h_210,f_jpg?from=ke.com
20241015,通州,通州北苑,101125056894,西马庄园 中间楼层两居室.总商品房必看好房,232万,25616元/平,中楼层 (共6层) 2室1厅 | 90.57平米 | 东 南,https://ke-image.ljcdn.com/110000-inspection/pc1_JvBAKtejS_2.jpg!m_fill,w_280,h_210,f_jpg?from=ke.com
20241015,通州,通州北苑,101124840689,西马庄园 中间楼层 南北通透户型必看好房,222万,26072元/平,中楼层 (共6层) 2室1厅 | 85.15平米 | 南 北,https://ke-image.ljcdn.com/110000-inspection/397b9358-a642-4016-abf5-ce1ee19cd4cc_1000.jpg!m_fill,w_280,h_210,f_jpg?from=ke.com
20241015,通州,通州北苑,101124793303,通州万达商圈南北双卫两居 诚心出售 中间楼层,339万,33552元/平,中楼层 (共6层) 2室2厅 | 101.04平米 | 南 北,https://ke-image.ljcdn.com/110000-inspection/pc1_foSCxvWeL_1.jpg!m_fill,w_280,h_210,f_jpg?from=ke.com
20241015,通州,通州北苑,101124728276,天时名苑 南向两居室 通州北苑地铁 9层厨房多阳台必看好房,410万,39907元/平,低楼层 (共28层) 2室2厅 | 102.74平米 | 西南,https://ke-image.ljcdn.com/110000-inspection/1ce77d10-5655-4d2a-85da-201f3ac74119_1000.jpg!m_fill,w_280,h_210,f_jpg?from=ke.com
20241015,通州,通州北苑,101124611352,杨庄北街7号院 北苑地铁 南北通透两居室 满五唯一房主自荐,204万,31284元/平,中楼层 (共6层) 2室1厅 | 65.21平米 | 南 北,https://ke-image.ljcdn.com/110000-inspection/84878f5a-6ad8-4690-a9a1-5f9a261aca23_1000.jpg!m_fill,w_280,h_210,f_jpg?from=ke.com
20241015,通州,通州北苑,101124605650,天时名苑 高楼层 三居室 南北通透  满五年唯一必看好房,660万,42969元/平,高楼层 (共28层) | 2010年 | 3室2厅 | 153.6平米 | 南 北,https://ke-image.ljcdn.com/110000-inspection/a1136089-6669-4f7d-8df7-4bf25ee742f7_1000.jpg!m_fill,w_280,h_210,f_jpg?from=ke.com
20241015,通州,通州北苑,101124556517,杨庄小区 万达商圈 那北通透 精装两居室 拎包入住必看好房,225万,34289元/平,中楼层 (共6层) | 1994年 | 2室1厅 | 65.62平米 | 南 北,https://ke-image.ljcdn.com/110000-inspection/063df9ec-44de-4469-be26-053357553171_1000.jpg!m_fill,w_280,h_210,f_jpg?from=ke.com
20241015,通州,通州北苑,101124395788,南北通透二居室满五年唯一住房必看好房,176万,29295元/平,中楼层 (共6层) 2室1厅 | 60.08平米 | 南 北,https://ke-image.ljcdn.com/110000-inspection/c23e4404-8ba5-4cff-ad0a-35079055f55d_1000.jpg!m_fill,w_280,h_210,f_jpg?from=ke.com
20241015,通州,通州北苑,101124301051,西马庄园 1室1厅 南 北必看好房,195万,32708元/平,低楼层 (共6层) 1室1厅 | 59.62平米 | 南 北,https://ke-image.ljcdn.com/110000-inspection/pc1_k0pVUSCjL_1.jpg!m_fill,w_280,h_210,f_jpg?from=ke.com
20241015,通州,通州北苑,101124294045,长城国际 满五唯一 高楼层 采光好必看好房,161万,30685元/平,高楼层 (共15层) | 2009年 | 1室0厅 | 52.47平米 | 西,https://ke-image.ljcdn.com/110000-inspection/pc1_rOjXlddGV_1.jpg!m_fill,w_280,h_210,f_jpg?from=ke.com
20241015,通州,通州北苑,101124077797,一号线500米格局正规双通透H户型两居室中间楼层房主自荐,359万,39898元/平,中楼层 (共6层) 2室2厅 | 89.98平米 | 南 北,https://ke-image.ljcdn.com/110000-inspection/5ed58ec6-2892-486d-bf9e-97601a520662_1000.jpg!m_fill,w_280,h_210,f_jpg?from=ke.com
20241015,通州,通州北苑,101123628490,标准两居室南向房龄新价格低住宅,138万,18786元/平,地下室 (共14层) 2室1厅 | 73.46平米 | 南,https://ke-image.ljcdn.com/110000-inspection/a4210597-7cc0-4c5e-9e97-b1c13a745c35_1000.jpg!m_fill,w_280,h_210,f_jpg?from=ke.com
20241015,通州,通州北苑,101123276584,距离北苑地铁500米两居室  万达商圈 交通配套好房主自荐,225万,32737元/平,底层 (共6层) | 1997年 | 2室1厅 | 68.73平米 | 东 西,https://ke-image.ljcdn.com/110000-inspection/f4a484a0-47a9-46c3-aa3a-490d5f7f10ee_1000.jpg!m_fill,w_280,h_210,f_jpg?from=ke.com
20241015,通州,通州北苑,101123159552,通州北苑成熟社区精装中间层两居客厅带窗户必看好房,240万,36464元/平,低楼层 (共6层) | 1994年 | 2室1厅 | 65.82平米 | 南 北,https://ke-image.ljcdn.com/110000-inspection/pc1_EJL5Oje0d_1.jpg!m_fill,w_280,h_210,f_jpg?from=ke.com
20241015,通州,通州北苑,101122606096,通州万达商圈 南北两居 诚心出售 中间楼层 看房方便,225万,32337元/平,中楼层 (共6层) 2室1厅 | 69.58平米 | 南 北,https://ke-image.ljcdn.com/110000-inspection/a606ca2d-483f-43cf-9181-1130f9549fd3_1000.jpg!m_fill,w_280,h_210,f_jpg?from=ke.com
20241015,通州,通州北苑,101122605759,通州万达商圈业主诚心出售精装自住南北通透落地窗房主自荐,221万,34969元/平,高楼层 (共6层) 2室1厅 | 63.2平米 | 南 北,https://ke-image.ljcdn.com/110000-inspection/a8a780ba-8681-41f3-b5c4-73995c28176a_1000.jpg!m_fill,w_280,h_210,f_jpg?from=ke.com
20241015,通州,通州北苑,101120905985,通州万达商圈 南北2居 满五唯一 诚心出售 交通方便,275万,40164元/平,低楼层 (共6层) 2室1厅 | 68.47平米 | 南 北,https://ke-image.ljcdn.com/110000-inspection/86d310d4-0a4f-41d7-b58e-ce5e43c6e13d_1000.jpg!m_fill,w_280,h_210,f_jpg?from=ke.com
20241015,通州,通州北苑,101119457459,长城国际 1室1厅 东必看好房,169万,30913元/平,中楼层 (共22层) | 2009年 | 1室1厅 | 54.67平米 | 东,https://ke-image.ljcdn.com/110000-inspection/pc1_CrtcfC0CE_1.jpg!m_fill,w_280,h_210,f_jpg?from=ke.com
20241015,通州,通州北苑,101127033950,世纪星城新上南北通透2居室看房随时必看好房,400万,38919元/平,低楼层 (共31层) | 2010年 | 2室2厅 | 102.78平米 | 南 北,https://ke-image.ljcdn.com/110000-inspection/pc1_yS0i9qH2m.jpg!m_fill,w_280,h_210,f_jpg?from=ke.com
20241015,通州,通州北苑,101126991681,1号线地铁 天时名苑 前排不临街 洋房2居必看好房,445万,43912元/平,中楼层 (共11层) 2室2厅 | 101.34平米 | 东 南,https://ke-image.ljcdn.com/110000-inspection/f0c7d64f-aa12-47b4-ab42-2dfd42771ec2_1000.jpg!m_fill,w_280,h_210,f_jpg?from=ke.com
20241015,通州,通州北苑,101126968945,长桥园公寓 经典上下复式 采光好 交通便利新上,480万,29775元/平,高楼层 (共12层) | 2002年 | 4室2厅 | 161.21平米 | 南 北,https://ke-image.ljcdn.com/110000-inspection/c4ebc1dc-7813-4316-b734-62f46974b335_1000.jpg!m_fill,w_280,h_210,f_jpg?from=ke.com
20241015,通州,通州北苑,101126950745,尊享高品质通州北苑M5朗峰上下两层南向精精装必看好房,478万,67013元/平,高楼层 (共12层) | 2012年 | 3室1厅 | 71.33平米 | 南,https://ke-image.ljcdn.com/110000-inspection/ac0f0e89-4c82-48a8-9e4f-0c90871167d4_1000.jpg!m_fill,w_280,h_210,f_jpg?from=ke.com
20241015,通州,通州北苑,101126883960,一层花园三居室  北苑地铁 200米 万达广场,298万,51881元/平,底层 (共12层) | 2012年 | 3室1厅 | 57.44平米 | 东,https://ke-image.ljcdn.com/110000-inspection/139101b5-64ac-482e-842c-f9b72fbe1e08_1000.jpg!m_fill,w_280,h_210,f_jpg?from=ke.com
20241015,通州,通州北苑,101126837808,270度观景视野好地铁八里桥站满五年唯一住房必看好房,468万,26576元/平,高楼层 (共29层) 3室2厅 | 176.1平米 | 西北,https://ke-image.ljcdn.com/110000-inspection/d6e2d452-e5bf-43ce-a1b9-9e38f535cb7d_1000.jpg!m_fill,w_280,h_210,f_jpg?from=ke.com
20241015,通州,通州北苑,101126821459,长城国际 1室0厅 东必看好房,159万,32012元/平,低楼层 (共22层) | 2010年 | 1室0厅 | 49.67平米 | 东,https://ke-image.ljcdn.com/110000-inspection/pc1_HmZCtQcfJ_1.jpg!m_fill,w_280,h_210,f_jpg?from=ke.com
20241015,通州,通州北苑,101126779860,不临铁路高楼层2居满五年且唯一落地阳台两梯两户必看好房,410万,41356元/平,高楼层 (共18层) | 2009年 | 2室2厅 | 99.14平米 | 南 北,https://ke-image.ljcdn.com/110000-inspection/4d3af14c-71b9-4ba4-9f13-20fe957c4757_1000.jpg!m_fill,w_280,h_210,f_jpg?from=ke.com
20241015,通州,通州北苑,101126742506,通州北苑万达商圈标准两居室大阳台视野开阔。,445万,44042元/平,高楼层 (共23层) | 2004年 | 2室1厅 | 101.04平米 | 南 北,https://ke-image.ljcdn.com/110000-inspection/c65b0ea0-115f-4295-a465-6d3f2fad97a9_1000.jpg!m_fill,w_280,h_210,f_jpg?from=ke.com
20241015,通州,通州北苑,101126583352,通州万达杨庄小区南北两居满五唯一交通方便必看好房,179万,27316元/平,顶层 (共6层) 2室1厅 | 65.53平米 | 南 北,https://ke-image.ljcdn.com/110000-inspection/pc1_h6GLOWowo_1.jpg!m_fill,w_280,h_210,f_jpg?from=ke.com
20241015,通州,通州北苑,101126565577,万达商圈 天时名苑南北通透三居室 楼层好视野开阔必看好房,510万,41986元/平,中楼层 (共28层) | 2009年 | 3室2厅 | 121.47平米 | 南 北,https://ke-image.ljcdn.com/110000-inspection/9f5ea463-1be8-49ab-9004-740f39cba86c_1000.jpg!m_fill,w_280,h_210,f_jpg?from=ke.com
20241015,通州,通州北苑,101126511448,地铁300米左右京贸国际公寓小区南向两居室随时看房必看好房,299万,30614元/平,高楼层 (共24层) 2室1厅 | 97.67平米 | 东南,https://ke-image.ljcdn.com/110000-inspection/562ccfb0-0199-4702-8be8-2ac8dcc15628_1000.jpg!m_fill,w_280,h_210,f_jpg?from=ke.com
20241015,通州,通州北苑,101126488679,北苑地铁200米万达广场Loft户型必看好房,345万,58674元/平,高楼层 (共14层) | 2012年 | 3室1厅 | 58.8平米 | 东 西,https://ke-image.ljcdn.com/110000-inspection/70965e51-661d-4d34-a095-5e974e42b8de_1000.jpg!m_fill,w_280,h_210,f_jpg?from=ke.com
20241015,通州,通州北苑,101126475393,通州北苑 近地铁近万达 高层采光好 优质选择必看好房,185万,22936元/平,顶层 (共6层) 2室1厅 | 80.66平米 | 南 北,https://ke-image.ljcdn.com/110000-inspection/99d5635d-2113-4274-836e-a986478b58ff_1000.jpg!m_fill,w_280,h_210,f_jpg?from=ke.com
20241015,通州,通州北苑,101126463211,M5朗峰 通州北苑地铁 万达广场 loft户型必看好房,276万,48252元/平,低楼层 (共10层) | 2012年 | 2室1厅 | 57.2平米 | 西,https://ke-image.ljcdn.com/110000-inspection/8e49e85c-96b1-4be8-b22b-7eab2e4b43eb_1000.jpg!m_fill,w_280,h_210,f_jpg?from=ke.com
20241015,通州,通州北苑,101126442286,世纪星城中间位置两居室南北通透全明格局,410万,41356元/平,中楼层 (共18层) | 2009年 | 2室1厅 | 99.14平米 | 南 北,https://ke-image.ljcdn.com/110000-inspection/b070dc72-689b-45b0-a0d4-9ce04066c1c0_1000.jpg!m_fill,w_280,h_210,f_jpg?from=ke.com
20241015,通州,通州北苑,101126434353,京贸214.11平米 精装修 西南向  满五唯一,640万,29892元/平,高楼层 (共29层) | 2004年 | 3室2厅 | 214.11平米 | 西南,https://ke-image.ljcdn.com/110000-inspection/0138271f-b2d3-4592-8497-a6a4ad558af2_1000.jpg!m_fill,w_280,h_210,f_jpg?from=ke.com
20241015,通州,通州北苑,101126250942,电梯东向的一居室精装低楼层出入便利房主自荐,220万,30417元/平,低楼层 (共24层) 1室1厅 | 72.33平米 | 东,https://ke-image.ljcdn.com/110000-inspection/938b650e-e754-41ef-841c-62ed867991a3_1000.jpg!m_fill,w_280,h_210,f_jpg?from=ke.com
20241015,通州,通州北苑,101126163287,新华联锦园 3室1厅 南 北必看好房,575万,41358元/平,底层 (共6层) | 2002年 | 3室1厅 | 139.03平米 | 南 北,https://ke-image.ljcdn.com/110000-inspection/pc1_UuazpNZXQ_1.jpg!m_fill,w_280,h_210,f_jpg?from=ke.com
20241015,通州,通州北苑,101125894641,世纪星城低层板楼 中间楼层 全明户型 看房方便必看好房,425万,46327元/平,中楼层 (共10层) 2室2厅 | 91.74平米 | 南 北,https://ke-image.ljcdn.com/110000-inspection/33de5568-dfdc-49d6-b115-6e9cb03e5200_1000.jpg!m_fill,w_280,h_210,f_jpg?from=ke.com
20241015,通州,通州北苑,101125867440,通州北苑新华联锦园南北H户型中间楼层满五唯一随时看必看好房,359万,35405元/平,中楼层 (共6层) 2室1厅 | 101.4平米 | 南 北,https://ke-image.ljcdn.com/110000-inspection/pc1_PUILhJQWb_1.jpg!m_fill,w_280,h_210,f_jpg?from=ke.com
20241015,通州,通州北苑,101125830173,八里桥地铁站朝东大两居室满五年唯一住房,353万,30661元/平,低楼层 (共24层) | 2002年 | 2室1厅 | 115.13平米 | 东,https://ke-image.ljcdn.com/110000-inspection/6b8ab7f5-c53a-4423-987f-130bb36392d9_1000.jpg!m_fill,w_280,h_210,f_jpg?from=ke.com
20241015,通州,通州北苑,101125618726,260万装修4居下跃 享受高品质生活 全明格局必看好房,730万,37200元/平,底层 (共18层) | 2009年 | 4室4厅 | 196.24平米 | 南 北,https://ke-image.ljcdn.com/110000-inspection/pc1_iVzDoYayc_1.jpg!m_fill,w_280,h_210,f_jpg?from=ke.com
20241015,通州,通州北苑,101125360081,1号线北苑地铁 跃层4居  两层各有入户门 精装,550万,60025元/平,高楼层 (共28层) | 2010年 | 4室3厅 | 91.63平米 | 东南,https://ke-image.ljcdn.com/110000-inspection/ae14be40-b9fe-43e0-b5ec-dfae7bbd9cbb_1000.jpg!m_fill,w_280,h_210,f_jpg?from=ke.com
20241015,通州,通州北苑,101125242471,70年产权住宅商品房不临街花园景观。必看好房,405万,30689元/平,中楼层 (共24层) | 2005年 | 3室2厅 | 131.97平米 | 西北,https://ke-image.ljcdn.com/110000-inspection/319f3eb5-e313-42ff-a9ae-e8eed6f374d4_1000.jpg!m_fill,w_280,h_210,f_jpg?from=ke.com
20241015,通州,通州北苑,101125210152,南北通透三居两梯两户中间位置必看好房,555万,38478元/平,低楼层 (共18层) | 2008年 | 3室2厅 | 144.24平米 | 南 北,https://ke-image.ljcdn.com/110000-inspection/6ca8aa2a-a343-4918-bdef-85d82fa99a81_1000.jpg!m_fill,w_280,h_210,f_jpg?from=ke.com
20241015,通州,通州北苑,101125199081,世纪星城 大三居 精装带电梯 诚心出售,618万,44864元/平,中楼层 (共12层) | 2005年 | 3室2厅 | 137.75平米 | 南 北,https://ke-image.ljcdn.com/110000-inspection/a715cfa5-39fc-4c95-b49b-f63a1289ea9f_1000.jpg!m_fill,w_280,h_210,f_jpg?from=ke.com
20241015,通州,通州北苑,101123969935,通州北苑万达标准两居室低楼层交通便利户型好,336万,40871元/平,低楼层 (共6层) 2室2厅 | 82.21平米 | 南 北,https://ke-image.ljcdn.com/110000-inspection/3129eb3d-4798-4474-bc49-78be86554648_1000.jpg!m_fill,w_280,h_210,f_jpg?from=ke.com
20241015,通州,通州北苑,101123866957,京贸近地铁不临街大三居西南角采光棒 满五唯一必看好房,458万,31487元/平,中楼层 (共22层) | 2002年 | 3室2厅 | 145.46平米 | 南 西南 西,https://ke-image.ljcdn.com/110000-inspection/6aa3ef72-cd20-45b0-9863-11cb6ff780e3_1000.jpg!m_fill,w_280,h_210,f_jpg?from=ke.com
20241015,通州,通州北苑,101123762452,北苑135号院 万达正对面 交通便利 业主诚售必看好房,268万,36236元/平,中楼层 (共5层) 3室1厅 | 73.96平米 | 南 北,https://ke-image.ljcdn.com/110000-inspection/pc1_dEvgxYNLM.jpg!m_fill,w_280,h_210,f_jpg?from=ke.com
20241015,通州,通州北苑,101123748222,八里桥地铁  南北通透   能做遮阳房房主自荐,188万,28755元/平,顶层 (共6层) 1室1厅 | 65.38平米 | 南 北,https://ke-image.ljcdn.com/110000-inspection/pc1_rQMfnEibt_1.jpg!m_fill,w_280,h_210,f_jpg?from=ke.com
20241015,通州,通州北苑,101123685022,通州万达 南北两居 诚心出售有8平米的储物间房主自荐,235万,35791元/平,顶层 (共6层) | 2003年 | 2室1厅 | 65.66平米 | 南 北,https://ke-image.ljcdn.com/110000-inspection/e0e280cf-1e42-4845-9f6c-045d9074f4e9_1000.jpg!m_fill,w_280,h_210,f_jpg?from=ke.com
20241015,通州,通州北苑,101123532067,急 八里桥地铁 长桥园 通惠河畔 高品质社区 随时看房房主自荐,209万,25343元/平,底层 (共24层) 1室1厅 | 82.47平米 | 东南,https://ke-image.ljcdn.com/110000-inspection/1ceed37f-f563-4420-a2da-7ea0cfd508b7_1000.jpg!m_fill,w_280,h_210,f_jpg?from=ke.com
20241015,通州,通州北苑,101123478503,急售！可谈满五唯一电梯一居室高楼层视野开阔必看好房,236万,32575元/平,中楼层 (共24层) 1室0厅 | 72.45平米 | 东,https://ke-image.ljcdn.com/110000-inspection/pc1_i3mks8XUh.jpg!m_fill,w_280,h_210,f_jpg?from=ke.com
20241015,通州,通州北苑,101122646553,地铁八里桥站南北通透户型优质看房方便必看好房,218万,29149元/平,底层 (共6层) | 2000年 | 2室1厅 | 74.79平米 | 南 北,https://ke-image.ljcdn.com/110000-inspection/15a3d609-abd0-4cc9-8839-e300fee47112_1000.jpg!m_fill,w_280,h_210,f_jpg?from=ke.com
20241015,通州,通州北苑,101122077282,八通线地铁八里桥站西南朝向大三居没有遮挡高楼层,498万,34289元/平,高楼层 (共24层) | 2002年 | 3室2厅 | 145.24平米 | 西南,https://ke-image.ljcdn.com/110000-inspection/abd63946-d36b-4a6a-9bac-d50f20553a20_1000.jpg!m_fill,w_280,h_210,f_jpg?from=ke.com
20241015,通州,通州北苑,101120903177,M5朗峰  loft户型 精装修 万达广场 通州北苑地铁必看好房,348万,60522元/平,底层 (共12层) | 2012年 | 3室2厅 | 57.5平米 | 南,https://ke-image.ljcdn.com/110000-inspection/prod-c2ab7811-7cc9-41eb-b7a7-68628d907fdc.jpg!m_fill,w_280,h_210,f_jpg?from=ke.com
20241015,通州,通州北苑,101126811386,长桥园公寓 南北经典三居 采光好 交通便利房主自荐,385万,33000元/平,低楼层 (共12层) | 2002年 | 3室1厅 | 116.67平米 | 南 北,https://s1.ljcdn.com/pegasus/redskull/images/common/default_house_list.png?_v=20241010190020670
20241015,通州,通州北苑,101127041239,西马庄园 商品房看房方便 诚心出售新上,260万,33566元/平,高楼层 (共6层) | 1996年 | 2室1厅 | 77.46平米 | 东 西,https://ke-image.ljcdn.com/110000-inspection/pc1_qcbfw87qp_1.jpg!m_fill,w_280,h_210,f_jpg?from=ke.com
20241015,通州,通州北苑,101127040327,八里桥地铁  双卧朝南  全明格局新上,210万,27738元/平,底层 (共6层) | 1994年 | 2室1厅 | 75.71平米 | 南 北,https://ke-image.ljcdn.com/110000-inspection/pc1_gLGPWbiX0_1.jpg!m_fill,w_280,h_210,f_jpg?from=ke.com
20241015,通州,通州北苑,101126952346,杨庄22号院二层一居室位置交通很好新上,170万,37947元/平,低楼层 (共6层) 1室1厅 | 44.8平米 | 南,https://ke-image.ljcdn.com/110000-inspection/b8c347b0-f3dd-47ac-8bb8-f37a0f32537f_1000.jpg!m_fill,w_280,h_210,f_jpg?from=ke.com
20241015,通州,通州北苑,101126949318,世纪星城 2室2厅 南 北新上,480万,43948元/平,低楼层 (共10层) 2室2厅 | 109.22平米 | 南 北,https://ke-image.ljcdn.com/110000-inspection/e4e8e158-096c-47cc-82dc-31b4956b19ed_1000.jpg!m_fill,w_280,h_210,f_jpg?from=ke.com
20241015,通州,通州北苑,101126833611,鑫苑小区优质好房满五唯一诚心出售,368万,38060元/平,中楼层 (共5层) 2室2厅 | 96.69平米 | 南 北,https://ke-image.ljcdn.com/110000-inspection/pc1_ppx8zAZmI_1.jpg!m_fill,w_280,h_210,f_jpg?from=ke.com
20241015,通州,通州北苑,101126831217,世纪星城三期优质好房满五唯一诚心出售,460万,44100元/平,高楼层 (共31层) | 2010年 | 2室2厅 | 104.31平米 | 南 北,https://ke-image.ljcdn.com/110000-inspection/a6b66d3e-d6d0-4db8-b86a-dac543de86d4_1000.jpg!m_fill,w_280,h_210,f_jpg?from=ke.com
20241015,通州,通州北苑,101126828244,广渠路出入口南北三通透全明三居室位置好楼层好,619万,42582元/平,低楼层 (共18层) | 2009年 | 3室2厅 | 145.37平米 | 南 北,https://ke-image.ljcdn.com/110000-inspection/53765aab-fcb9-4754-a8e4-851d7d9978fc_1000.jpg!m_fill,w_280,h_210,f_jpg?from=ke.com
20241015,通州,通州北苑,101126791811,世纪星城三期 好位置 全明大三居 采光好满五唯一,615万,42408元/平,中楼层 (共18层) | 2009年 | 3室2厅 | 145.02平米 | 南 北,https://ke-image.ljcdn.com/110000-inspection/d6a92eea-0f86-4a71-9543-3cf6a281d80e_1000.jpg!m_fill,w_280,h_210,f_jpg?from=ke.com
20241015,通州,通州北苑,101126791345,通州万达商圈新华联南北两居带8平米储藏间,358万,38400元/平,中楼层 (共6层) 2室2厅 | 93.23平米 | 南 北,https://ke-image.ljcdn.com/110000-inspection/pc1_9MGezqare_1.jpg!m_fill,w_280,h_210,f_jpg?from=ke.com
20241015,通州,通州北苑,101126777069,西马庄园 商品房看房方便诚心出售。,170万,24695元/平,高楼层 (共6层) 2室1厅 | 68.84平米 | 南 北,https://ke-image.ljcdn.com/110000-inspection/pc1_XoGsxahtr_1.jpg!m_fill,w_280,h_210,f_jpg?from=ke.com
20241015,通州,通州北苑,101126776510,八里桥地铁站精装修一居室朝南采光好拎包入住省心房,145万,20263元/平,地下室 (共12层) | 2002年 | 1室2厅 | 71.56平米 | 南,https://ke-image.ljcdn.com/110000-inspection/7fe91f01-57d0-4ff6-a719-2829e241b0f0_1000.jpg!m_fill,w_280,h_210,f_jpg?from=ke.com
20241015,通州,通州北苑,101126759627,两广路沿线 杨庄22号院 南向三层正规一居 精装修,198万,40253元/平,中楼层 (共6层) 1室1厅 | 49.19平米 | 南 北,https://ke-image.ljcdn.com/110000-inspection/pc1_xn2SE5fZa_1.jpg!m_fill,w_280,h_210,f_jpg?from=ke.com
20241015,通州,通州北苑,101126731998,杨庄路 杨庄22号院 南北通透两居,209万,32775元/平,顶层 (共6层) | 2001年 | 2室1厅 | 63.77平米 | 南 北,https://ke-image.ljcdn.com/110000-inspection/pc1_kum1J74hM_1.jpg!m_fill,w_280,h_210,f_jpg?from=ke.com
20241015,通州,通州北苑,101126721040,杨庄22号院小区近邻高速交通方便近地铁,303万,37006元/平,高楼层 (共6层) | 2001年 | 2室1厅 | 81.88平米 | 南 北,https://ke-image.ljcdn.com/110000-inspection/pc1_8jPZFur04_1.jpg!m_fill,w_280,h_210,f_jpg?from=ke.com
20241015,通州,通州北苑,101126715603,杨庄22号院 1室1厅 南 北房主自荐,225万,35501元/平,高楼层 (共6层) 1室1厅 | 63.38平米 | 南 北,https://ke-image.ljcdn.com/110000-inspection/pc1_kdJEJRRks_1.jpg!m_fill,w_280,h_210,f_jpg?from=ke.com
20241015,通州,通州北苑,101126714860,八里桥南院此房满五年板楼中间楼层,175万,33902元/平,中楼层 (共5层) | 1994年 | 2室1厅 | 51.62平米 | 南,https://ke-image.ljcdn.com/110000-inspection/pc1_bgYBkNMrq.jpg!m_fill,w_280,h_210,f_jpg?from=ke.com
20241015,通州,通州北苑,101126669799,北苑万达商圈天时名苑 南向两居方正格局 不临街,500万,51943元/平,顶层 (共14层) 2室1厅 | 96.26平米 | 南 西,https://ke-image.ljcdn.com/110000-inspection/48e651ea-51d5-4082-affd-27b91b063fec_1000.jpg!m_fill,w_280,h_210,f_jpg?from=ke.com
20241015,通州,通州北苑,101126658556,长城国际 1室0厅 西北房主自荐,195万,34133元/平,高楼层 (共20层) | 2009年 | 1室0厅 | 57.13平米 | 西北,https://ke-image.ljcdn.com/110000-inspection/pc1_drPBNmPhu_1.jpg!m_fill,w_280,h_210,f_jpg?from=ke.com
20241015,通州,通州北苑,101126646450,长城国际 有燃气 有电梯 集中供暖 满五唯一,180万,33765元/平,高楼层 (共20层) | 2009年 | 1室0厅 | 53.31平米 | 西,https://ke-image.ljcdn.com/110000-inspection/pc1_4ede0kKLz_1.jpg!m_fill,w_280,h_210,f_jpg?from=ke.com
20241015,通州,通州北苑,101126646086,世纪星城三期  两梯两户 近地铁站,420万,40111元/平,低楼层 (共18层) | 2009年 | 2室1厅 | 104.71平米 | 南 北,https://ke-image.ljcdn.com/110000-inspection/116cefbc-103c-43dc-b26d-c910c454f743_1000.jpg!m_fill,w_280,h_210,f_jpg?from=ke.com
20241015,通州,通州北苑,101126643428,铁路宿舍 2室1厅 南 北,200万,33289元/平,中楼层 (共6层) 2室1厅 | 60.08平米 | 南 北,https://ke-image.ljcdn.com/110000-inspection/aeb90899-50c8-4013-9e1e-d386a064cd86_1000.jpg!m_fill,w_280,h_210,f_jpg?from=ke.com
20241015,通州,通州北苑,101126578127,房子格局好南北通透大两居带朝南大阳台视野采光好房主自荐,205万,22753元/平,顶层 (共6层) | 2001年 | 2室1厅 | 90.1平米 | 南 北,https://ke-image.ljcdn.com/110000-inspection/pc1_WbQvl5P3j_1.jpg!m_fill,w_280,h_210,f_jpg?from=ke.com
20241015,通州,通州北苑,101126574297,房子满五唯一出售高楼层采光好房主自荐,199万,26171元/平,顶层 (共6层) | 1996年 | 2室2厅 | 76.04平米 | 东 西,https://ke-image.ljcdn.com/110000-inspection/pc1_YsFStPkJC_1.jpg!m_fill,w_280,h_210,f_jpg?from=ke.com
20241015,通州,通州北苑,101126571882,广渠路旁中间位置南北通透两居全明户型高楼层,442万,44710元/平,中楼层 (共18层) | 2008年 | 2室1厅 | 98.86平米 | 南 北,https://ke-image.ljcdn.com/110000-inspection/pc1_9DvYQZTiI_1.jpg!m_fill,w_280,h_210,f_jpg?from=ke.com
20241015,通州,通州北苑,101126553904,杨庄小区 2室1厅 南 北,235万,35813元/平,底层 (共6层) | 1994年 | 2室1厅 | 65.62平米 | 南 北,https://ke-image.ljcdn.com/110000-inspection/pc1_cafQqdt9n_1.jpg!m_fill,w_280,h_210,f_jpg?from=ke.com
20241015,通州,通州北苑,101126551281,京贸国际公寓 东南向精装两居室 高楼层采光好,329万,33992元/平,高楼层 (共29层) | 2004年 | 2室1厅 | 96.79平米 | 东南,https://ke-image.ljcdn.com/110000-inspection/pc1_5lFXPE0p4_1.jpg!m_fill,w_280,h_210,f_jpg?from=ke.com
20241015,通州,通州北苑,101126545772,通州北苑杨庄小区南北小两居满五唯一,180万,27431元/平,顶层 (共6层) | 1994年 | 2室1厅 | 65.62平米 | 南 北,https://ke-image.ljcdn.com/110000-inspection/874c9b0a-4c60-4d7c-9bca-6cf0d98bbb1c_1000.jpg!m_fill,w_280,h_210,f_jpg?from=ke.com
20241015,通州,通州北苑,101126540128,星城一期一梯两户全明格局满五唯一诚意出售房主自荐,490万,49939元/平,中楼层 (共10层) 2室1厅 | 98.12平米 | 南 北,https://ke-image.ljcdn.com/110000-inspection/pc1_AnLKsNa3Z_1.jpg!m_fill,w_280,h_210,f_jpg?from=ke.com
20241015,通州,通州北苑,101126514534,通州万达西果园小区全明小三居满五唯一南北通透,269万,31793元/平,顶层 (共6层) | 1996年 | 3室1厅 | 84.61平米 | 东 南 北,https://ke-image.ljcdn.com/110000-inspection/prod-3dea075f-e831-4663-ab9e-bd77154cbad0.jpg!m_fill,w_280,h_210,f_jpg?from=ke.com
20241015,通州,通州北苑,101126506319,通典铭居大三居不临街正规大三居满五年,560万,38174元/平,中楼层 (共23层) | 2004年 | 3室2厅 | 146.7平米 | 西南,https://ke-image.ljcdn.com/110000-inspection/2ae0a0e4-5159-4848-9c3b-5b8df086ea8b_1000.jpg!m_fill,w_280,h_210,f_jpg?from=ke.com
20241015,通州,通州北苑,101126493402,满五年唯一正规一居室交通便利产权清晰。,205万,35321元/平,顶层 (共4层) 1室1厅 | 58.04平米 | 南,https://ke-image.ljcdn.com/110000-inspection/ebbd9514-8697-43af-8b1b-75e94776e648_1000.jpg!m_fill,w_280,h_210,f_jpg?from=ke.com
20241015,通州,通州北苑,101126486860,西果园小区 2室1厅 南 北,230万,34267元/平,底层 (共6层) 2室1厅 | 67.12平米 | 南 北,https://ke-image.ljcdn.com/110000-inspection/5e51db10-4b63-4749-84a0-f5b381d8bd81_1000.jpg!m_fill,w_280,h_210,f_jpg?from=ke.com
20241015,通州,通州北苑,101126471968,新华联锦园 2室2厅 南 北,390万,39442元/平,低楼层 (共6层) 2室2厅 | 98.88平米 | 南 北,https://ke-image.ljcdn.com/110000-inspection/pc1_qRWV7i9Qr_1.jpg!m_fill,w_280,h_210,f_jpg?from=ke.com
20241015,通州,通州北苑,101126466617,杨庄22号院 3室1厅 南 北,435万,35473元/平,高楼层 (共6层) 3室1厅 | 122.63平米 | 南 北,https://ke-image.ljcdn.com/110000-inspection/pc1_A0H7s8ibP_1.jpg!m_fill,w_280,h_210,f_jpg?from=ke.com
20241015,通州,通州北苑,101126447026,西马庄小区纯南向两居室满五唯一靠谱出售,208万,24206元/平,高楼层 (共6层) 2室1厅 | 85.93平米 | 南 西,https://ke-image.ljcdn.com/110000-inspection/pc1_YPIGoloG2_1.jpg!m_fill,w_280,h_210,f_jpg?from=ke.com
20241015,通州,通州北苑,101126434228,北苑乙55号院南北经典两居好楼层诚心卖可聊,188万,25389元/平,顶层 (共6层) 2室1厅 | 74.05平米 | 南 北,https://ke-image.ljcdn.com/110000-inspection/f7760be3-3dfb-4bfe-8860-5858a6e05671_1000.jpg!m_fill,w_280,h_210,f_jpg?from=ke.com
20241015,通州,通州北苑,101126433438,华兴园 南北通透大两居 满五年 看房随时,319万,31557元/平,底层 (共6层) 2室2厅 | 101.09平米 | 南 北,https://ke-image.ljcdn.com/110000-inspection/781203a5-39b8-46d5-bc4f-e1da4701ade9_1000.jpg!m_fill,w_280,h_210,f_jpg?from=ke.com
20241015,通州,通州北苑,101126422673,长桥园公寓 2室1厅 南,125万,16938元/平,地下室 (共15层) | 2002年 | 2室1厅 | 73.8平米 | 南,https://ke-image.ljcdn.com/110000-inspection/e4d15695-e4b0-47f9-af8d-2a2fc2d54e84_1000.jpg!m_fill,w_280,h_210,f_jpg?from=ke.com
20241015,通州,通州北苑,101126403548,通州区万达商圈正规三居南北通透双卫满五年唯一,475万,33840元/平,低楼层 (共6层) | 1999年 | 3室2厅 | 140.37平米 | 南 北,https://ke-image.ljcdn.com/110000-inspection/b3b4275e-abbc-460e-b01a-d9bdbef64b21_1000.jpg!m_fill,w_280,h_210,f_jpg?from=ke.com
20241015,通州,通州北苑,101126397322,杨庄22号院 1室1厅 南 北,210万,33228元/平,中楼层 (共6层) 1室1厅 | 63.2平米 | 南 北,https://ke-image.ljcdn.com/110000-inspection/pc1_bD6U8eIEz_1.jpg!m_fill,w_280,h_210,f_jpg?from=ke.com
20241015,通州,通州北苑,101126389889,南北通透近万达商圈近地铁。,240万,40208元/平,底层 (共6层) 2室1厅 | 59.69平米 | 北 南,https://ke-image.ljcdn.com/110000-inspection/6209d08e-2f0d-4a23-986a-68e7b4b0563a_1000.jpg!m_fill,w_280,h_210,f_jpg?from=ke.com
20241015,通州,通州北苑,101126388238,西马庄园 满五唯一看房方便。近地铁房主自荐,230万,30671元/平,高楼层 (共6层) | 2001年 | 2室1厅 | 74.99平米 | 南 北,https://ke-image.ljcdn.com/110000-inspection/aa703e39-e270-46af-8ea1-6ded16cd1b29_1000.jpg!m_fill,w_280,h_210,f_jpg?from=ke.com
20241015,通州,通州北苑,101126385711,杨庄22号院 1室1厅 南房主自荐,225万,36058元/平,低楼层 (共6层) | 2004年 | 1室1厅 | 62.4平米 | 南,https://ke-image.ljcdn.com/110000-inspection/32b209f0-5829-4a35-9bb2-42c8a2862fca_1000.jpg!m_fill,w_280,h_210,f_jpg?from=ke.com
20241015,通州,通州北苑,101126382046,西马庄园 2室1厅 南 北,248万,28542元/平,中楼层 (共6层) | 2001年 | 2室1厅 | 86.89平米 | 南 北,https://ke-image.ljcdn.com/110000-inspection/f433c8e2-8e30-4679-aecc-157f1f4c418b_1000.jpg!m_fill,w_280,h_210,f_jpg?from=ke.com
20241015,通州,通州北苑,101126377443,广渠路沿线 长城国际一居 精装修 诚心出售,160万,30990元/平,高楼层 (共20层) | 2009年 | 1室0厅 | 51.63平米 | 北,https://ke-image.ljcdn.com/110000-inspection/pc1_3lMKXSI5g_1.jpg!m_fill,w_280,h_210,f_jpg?from=ke.com
20241015,通州,通州北苑,101126375969,广渠路沿线 长城国际 正规一居室诚心出售。,190万,29656元/平,顶层 (共20层) | 2009年 | 1室1厅 | 64.07平米 | 西,https://ke-image.ljcdn.com/110000-inspection/pc1_ljE6nZUDe.jpg!m_fill,w_280,h_210,f_jpg?from=ke.com
20241015,通州,通州北苑,101126363612,天时名苑通州北苑万达商圈南北平层四居全明户型视野好,1048万,54080元/平,高楼层 (共20层) 4室1厅 | 193.79平米 | 南 北,https://ke-image.ljcdn.com/110000-inspection/pc1_0Mv1EXoTS_1.jpg!m_fill,w_280,h_210,f_jpg?from=ke.com
20241015,通州,通州北苑,101126331865,北苑67号院现新华西街131号院,330万,39216元/平,高楼层 (共6层) 2室1厅 | 84.15平米 | 南 北,https://ke-image.ljcdn.com/110000-inspection/6a295821-e296-4853-9965-f61c9e108321_1000.jpg!m_fill,w_280,h_210,f_jpg?from=ke.com
20241015,通州,通州北苑,101126313111,八里桥地铁70年产权住宅满五唯一京贸国际公寓房主自荐,418万,31595元/平,中楼层 (共24层) | 2004年 | 3室1厅 | 132.3平米 | 东北,https://ke-image.ljcdn.com/110000-inspection/d9fc5735-8ca8-4aa4-91e9-e788e1795e80_1000.jpg!m_fill,w_280,h_210,f_jpg?from=ke.com
20241015,通州,通州北苑,101126297296,就广渠路旁价格便宜 南北通透两居 满五唯一,290万,33269元/平,高楼层 (共6层) | 2004年 | 2室2厅 | 87.17平米 | 南 北,https://ke-image.ljcdn.com/110000-inspection/pc1_Qa5L1f7Ra_1.jpg!m_fill,w_280,h_210,f_jpg?from=ke.com
20241015,通州,通州北苑,101126292073,长桥园公寓精装修领包入住一居室,258万,38815元/平,中楼层 (共12层) 1室1厅 | 66.47平米 | 南 北,https://ke-image.ljcdn.com/110000-inspection/f7b581d0-a5cf-4cd9-9cae-f620244d96c1_1000.jpg!m_fill,w_280,h_210,f_jpg?from=ke.com
20241015,通州,通州北苑,101126274385,气象局家属院 2室1厅 南 北,225万,26860元/平,中楼层 (共5层) 2室1厅 | 83.77平米 | 南 北,https://ke-image.ljcdn.com/110000-inspection/56b812e7-fe56-49bb-be4d-e077472d709f_1000.jpg!m_fill,w_280,h_210,f_jpg?from=ke.com
20241015,通州,通州北苑,101126218112,长城国际一居室采光视野好无遮挡,190万,30083元/平,低楼层 (共22层) | 2009年 | 1室1厅 | 63.16平米 | 西,https://ke-image.ljcdn.com/110000-inspection/pc1_mtZ3JRvEo_1.jpg!m_fill,w_280,h_210,f_jpg?from=ke.com
20241015,通州,通州北苑,101126215297,西马庄园 精装修看房方便诚心出售,175万,30419元/平,高楼层 (共6层) 1室1厅 | 57.53平米 | 西北,https://ke-image.ljcdn.com/110000-inspection/pc1_TDNRyxPb9_1.jpg!m_fill,w_280,h_210,f_jpg?from=ke.com
20241015,通州,通州北苑,101126115622,长桥园公寓 南北经典三居 房子采光好 交通便利房主自荐,470万,39801元/平,中楼层 (共12层) | 2002年 | 3室1厅 | 118.09平米 | 南 北,https://ke-image.ljcdn.com/110000-inspection/pc1_zcX4KfN85_1.jpg!m_fill,w_280,h_210,f_jpg?from=ke.com
20241015,通州,通州北苑,101126106350,长城国际满五唯一东向无遮挡环境安静无噪音,180万,36044元/平,中楼层 (共22层) | 2009年 | 1室0厅 | 49.94平米 | 东,https://ke-image.ljcdn.com/110000-inspection/pc1_DrLOF1Bn4_1.jpg!m_fill,w_280,h_210,f_jpg?from=ke.com
20241015,通州,通州北苑,101126097791,杨庄22号院 阳光无遮挡精装修 干净,340万,38580元/平,低楼层 (共6层) 2室1厅 | 88.13平米 | 南 北,https://ke-image.ljcdn.com/110000-inspection/6e0e6bfa-5943-4f7c-a79a-1b2e5f8548b3_1000.jpg!m_fill,w_280,h_210,f_jpg?from=ke.com
20241015,通州,通州北苑,101126060106,通州北苑 果园 世纪星城 南北通透3居,600万,47078元/平,中楼层 (共12层) | 2005年 | 3室1厅 | 127.45平米 | 南 北,https://ke-image.ljcdn.com/110000-inspection/pc1_mLRIBgYWX_1.jpg!m_fill,w_280,h_210,f_jpg?from=ke.com
20241015,通州,通州北苑,101126057175,长城国际 1室1厅 西,182万,30974元/平,中楼层 (共22层) | 2009年 | 1室1厅 | 58.76平米 | 西,https://ke-image.ljcdn.com/110000-inspection/pc1_BehjEE7Tm_1.jpg!m_fill,w_280,h_210,f_jpg?from=ke.com
20241015,通州,通州北苑,101126056041,京贸国际公寓交通便利周边配套齐全小区环境好,470万,36138元/平,底层 (共24层) 2室1厅 | 130.06平米 | 西,https://ke-image.ljcdn.com/110000-inspection/4ba09e53-dc98-4db6-b92e-dbcded3eb0f4_1000.jpg!m_fill,w_280,h_210,f_jpg?from=ke.com
20241015,通州,通州北苑,101126017094,通州北苑 特殊户型出售 交通配套好 产权清晰 靠谱,332万,52960元/平,高楼层 (共25层) | 2005年 | 3室2厅 | 62.69平米 | 南,https://ke-image.ljcdn.com/110000-inspection/193aa494-d10a-4fb1-9066-a355eab02926_1000.jpg!m_fill,w_280,h_210,f_jpg?from=ke.com
20241015,通州,通州北苑,101125999532,京通快速八通线广渠路电梯精装两居,428万,41720元/平,高楼层 (共28层) | 2009年 | 2室2厅 | 102.59平米 | 西南,https://ke-image.ljcdn.com/110000-inspection/90625afd-435d-494e-9ac9-8846ac6f5b26_1000.jpg!m_fill,w_280,h_210,f_jpg?from=ke.com
20241015,通州,通州北苑,101125953538,八里桥  南北通透的两居  总价不高,150万,22098元/平,顶层 (共6层) 2室1厅 | 67.88平米 | 南 北,https://ke-image.ljcdn.com/110000-inspection/pc1_iT9AvW9Ta_2.jpg!m_fill,w_280,h_210,f_jpg?from=ke.com
20241015,通州,通州北苑,101125943137,通典铭居 交通便利 看房方便 靠谱出售,235万,32437元/平,中楼层 (共24层) 1室1厅 | 72.45平米 | 东南,https://ke-image.ljcdn.com/110000-inspection/988997f2-1c62-4e4e-8075-f00908adfbef_1000.jpg!m_fill,w_280,h_210,f_jpg?from=ke.com
20241015,通州,通州北苑,101125928821,八里桥南街62号铁路宿舍交通便利配套齐全,176万,28388元/平,顶层 (共6层) 2室1厅 | 62平米 | 南 北,https://ke-image.ljcdn.com/110000-inspection/cf54c5c9-43df-4a05-80c7-93cd5b728a43_1000.jpg!m_fill,w_280,h_210,f_jpg?from=ke.com
20241015,通州,通州北苑,101125912889,京贸国际公寓 1室0厅 南,270万,44133元/平,高楼层 (共29层) | 2004年 | 1室0厅 | 61.18平米 | 南,https://ke-image.ljcdn.com/110000-inspection/3133d261-3702-41cf-be8f-771f01c95ff2_1000.jpg!m_fill,w_280,h_210,f_jpg?from=ke.com
20241015,通州,通州北苑,101125876294,京贸国际公寓 3室2厅 东 南 北,399万,28521元/平,低楼层 (共29层) | 2004年 | 3室2厅 | 139.9平米 | 东 南 北,https://ke-image.ljcdn.com/110000-inspection/8e6baca6-77f4-40c0-9f7b-0a19ccb3160b_1000.jpg!m_fill,w_280,h_210,f_jpg?from=ke.com
20241015,通州,通州北苑,101125872782,70年产权商品房民用水民用电不临街,415万,32025元/平,中楼层 (共24层) | 2004年 | 3室1厅 | 129.59平米 | 西南,https://ke-image.ljcdn.com/110000-inspection/aa8e18fd-8cac-435f-ba93-dbccf2464ba0_1000.jpg!m_fill,w_280,h_210,f_jpg?from=ke.com
20241015,通州,通州北苑,101125865214,北苑乙55号院 2室1厅 南 北,199万,26874元/平,顶层 (共6层) 2室1厅 | 74.05平米 | 南 北,https://ke-image.ljcdn.com/110000-inspection/1b305b3d-acb7-426e-b468-481cb4b11f96_1000.jpg!m_fill,w_280,h_210,f_jpg?from=ke.com
20241015,通州,通州北苑,101125852919,小区中间位置交通方便位置好视野好.南北通透,192万,27607元/平,顶层 (共6层) 2室1厅 | 69.55平米 | 南 北,https://ke-image.ljcdn.com/110000-inspection/pc1_052fZxAaD_1.jpg!m_fill,w_280,h_210,f_jpg?from=ke.com
20241015,通州,通州北苑,101125835128,1号线地铁 天时名苑 前排精装3居 不临街 南北,588万,48067元/平,低楼层 (共11层) 3室2厅 | 122.33平米 | 南 北,https://ke-image.ljcdn.com/110000-inspection/04af5135-1db1-435d-b798-34201c41de04_1000.jpg!m_fill,w_280,h_210,f_jpg?from=ke.com
20241015,通州,通州北苑,101125763753,华兴园 南北通透三居 近地铁户型方正三层三面宽采光房主自荐,432万,35965元/平,中楼层 (共6层) 3室2厅 | 120.12平米 | 南 北,https://ke-image.ljcdn.com/110000-inspection/2f1dbf2a-2937-4610-8837-ee17280ac6bf_1000.jpg!m_fill,w_280,h_210,f_jpg?from=ke.com
20241015,通州,通州北苑,101125698151,花园社区电梯大三居商圈繁华交通便利,550万,37385元/平,低楼层 (共23层) | 2004年 | 3室1厅 | 147.12平米 | 东 南,https://ke-image.ljcdn.com/110000-inspection/17f149a7-b036-4200-8c71-8ba0fd29ee88_1000.jpg!m_fill,w_280,h_210,f_jpg?from=ke.com
20241015,通州,通州北苑,101125644132,西果园小区 1室1厅 南 北,185万,35763元/平,中楼层 (共6层) 1室1厅 | 51.73平米 | 南 北,https://ke-image.ljcdn.com/110000-inspection/59c10701-d96f-42f4-8a3c-b87014ed81dd_1000.jpg!m_fill,w_280,h_210,f_jpg?from=ke.com
20241015,通州,通州北苑,101125641629,通州北苑万达商圈高层一居室南向采光好。,168万,41688元/平,顶层 (共6层) 1室1厅 | 40.3平米 | 南 北,https://ke-image.ljcdn.com/110000-inspection/2b5247bc-92f1-4b64-ab9f-f77fe49b3e9b_1000.jpg!m_fill,w_280,h_210,f_jpg?from=ke.com
20241015,通州,通州北苑,101125581064,长城国际高楼层电梯房采光好视野好,196万,37101元/平,高楼层 (共22层) | 2009年 | 1室1厅 | 52.83平米 | 东,https://ke-image.ljcdn.com/110000-inspection/8f7ecb3a-ae4c-46d7-96f7-27ba2a43e1c5_1000.jpg!m_fill,w_280,h_210,f_jpg?from=ke.com
20241015,通州,通州北苑,101125546629,京贸国际公寓70年产权住宅不临街优质东北向三居房主自荐,419万,31750元/平,低楼层 (共24层) | 2005年 | 3室1厅 | 131.97平米 | 东北,https://ke-image.ljcdn.com/110000-inspection/788f8316-ab5e-4bc3-bdc5-e60803576e71_1000.jpg!m_fill,w_280,h_210,f_jpg?from=ke.com
20241015,通州,通州北苑,101125525120,通州万达商圈南北两居精装自住配套齐全,260万,37698元/平,高楼层 (共6层) 2室1厅 | 68.97平米 | 南 北,https://ke-image.ljcdn.com/110000-inspection/0fcdd926-bbe0-4698-9ed3-e02fee84680d_1000.jpg!m_fill,w_280,h_210,f_jpg?from=ke.com
20241015,通州,通州北苑,101125508416,世纪星城 2室2厅 南 北,425万,46071元/平,低楼层 (共9层) | 2005年 | 2室2厅 | 92.25平米 | 南 北,https://ke-image.ljcdn.com/110000-inspection/pc1_qif3Dt5XE_1.jpg!m_fill,w_280,h_210,f_jpg?from=ke.com
20241015,通州,通州北苑,101125505593,置业留在通州 1号线果园北苑站 正规一居 价格可谈,180万,33328元/平,中楼层 (共22层) | 2010年 | 1室1厅 | 54.01平米 | 西,https://ke-image.ljcdn.com/110000-inspection/a02025c3-7fe3-44dc-8602-eb99507a2263_1000.jpg!m_fill,w_280,h_210,f_jpg?from=ke.com
20241015,通州,通州北苑,101125496780,世纪星城三期 2室2厅 南 北房主自荐,446万,45115元/平,高楼层 (共18层) | 2008年 | 2室2厅 | 98.86平米 | 南 北,https://ke-image.ljcdn.com/110000-inspection/eca37ae2-57df-4cec-8686-661982f617e1_1000.jpg!m_fill,w_280,h_210,f_jpg?from=ke.com
20241015,通州,通州北苑,101125471420,北苑万达商圈天时名苑 南向两居 满五唯一 中间楼层,415万,39790元/平,中楼层 (共29层) | 2010年 | 2室2厅 | 104.3平米 | 西南,https://ke-image.ljcdn.com/110000-inspection/4a120955-cb9c-4dc6-bb9f-bef514b65a24_1000.jpg!m_fill,w_280,h_210,f_jpg?from=ke.com
20241015,通州,通州北苑,101125457151,世纪星城三期 新上三居室 楼层好 位置好 可随时看,639万,43957元/平,高楼层 (共18层) | 2009年 | 3室2厅 | 145.37平米 | 南 北,https://ke-image.ljcdn.com/110000-inspection/2b0cc6c2-3e74-4384-b2a5-bef9fc40f6ca_1000.jpg!m_fill,w_280,h_210,f_jpg?from=ke.com
20241015,通州,通州北苑,101125441070,长城国际70年产权纯毛坯东向次顶层,196万,34189元/平,高楼层 (共20层) | 2009年 | 2室1厅 | 57.33平米 | 东,https://ke-image.ljcdn.com/110000-inspection/6bfb65d3-7079-4881-b45c-ebac4b6a9913_1000.jpg!m_fill,w_280,h_210,f_jpg?from=ke.com
20241015,通州,通州北苑,101125418204,世纪星城三期 满五年唯一 只有契税 中间楼层,405万,40852元/平,中楼层 (共18层) | 2009年 | 2室1厅 | 99.14平米 | 南 北,https://ke-image.ljcdn.com/110000-inspection/7b05d0bb-efd1-403e-bb42-834298345d37_1000.jpg!m_fill,w_280,h_210,f_jpg?from=ke.com
20241015,通州,通州北苑,101125376116,通州北苑新华联中间楼层南北通透两居室,365万,36869元/平,中楼层 (共6层) | 2004年 | 2室2厅 | 99平米 | 南 北,https://ke-image.ljcdn.com/110000-inspection/pc1_1QbGtyLpE_1.jpg!m_fill,w_280,h_210,f_jpg?from=ke.com
20241015,通州,通州北苑,101125363238,精装修一室一厅无抵押无户口电梯房东向无遮挡,175万,33138元/平,低楼层 (共20层) | 2009年 | 1室1厅 | 52.81平米 | 东,https://ke-image.ljcdn.com/110000-inspection/pc1_YkcIgV72v_1.jpg!m_fill,w_280,h_210,f_jpg?from=ke.com
20241015,通州,通州北苑,101125356077,新华联锦园 南北通透两居室 位置好,363万,38911元/平,高楼层 (共6层) | 2003年 | 2室1厅 | 93.29平米 | 南 北,https://ke-image.ljcdn.com/110000-inspection/pc1_LNrzyDxU4_1.jpg!m_fill,w_280,h_210,f_jpg?from=ke.com
20241015,通州,通州北苑,101125297416,满五唯一三阳开泰三室两卫两厅450米地铁站,468万,39514元/平,中楼层 (共24层) 3室1厅 | 118.44平米 | 西南,https://ke-image.ljcdn.com/110000-inspection/e26c63ad-9771-40d1-98cc-05a460129a5a_1000.jpg!m_fill,w_280,h_210,f_jpg?from=ke.com
20241015,通州,通州北苑,101125289352,不临街高层视野开阔！满五年唯一商品房,408万,31484元/平,高楼层 (共24层) | 2004年 | 3室2厅 | 129.59平米 | 西南,https://ke-image.ljcdn.com/110000-inspection/769b9a19-1654-443f-bd8b-374393549ed3_1000.jpg!m_fill,w_280,h_210,f_jpg?from=ke.com
20241015,通州,通州北苑,101125259712,京贸国际公寓 3室2厅 东南 南,520万,36458元/平,中楼层 (共29层) | 2004年 | 3室2厅 | 142.63平米 | 东南 南,https://ke-image.ljcdn.com/110000-inspection/f7bf8017-ebc6-4850-926f-adad2476ef0e_1000.jpg!m_fill,w_280,h_210,f_jpg?from=ke.com
20241015,通州,通州北苑,101125250116,长城国际 满五唯一 东向 视野好 诚心卖,168万,33052元/平,顶层 (共20层) | 2009年 | 1室1厅 | 50.83平米 | 东 西,https://ke-image.ljcdn.com/110000-inspection/837f0f51-9ffc-49b1-9f58-05ab711527e2_1000.jpg!m_fill,w_280,h_210,f_jpg?from=ke.com
20241015,通州,通州北苑,101125239540,世纪星城 40万精装南北全明格局业主随时诚心出,475万,51547元/平,中楼层 (共9层) 2室2厅 | 92.15平米 | 南 北,https://ke-image.ljcdn.com/110000-inspection/a41e82bc-cdbb-4010-a202-dc0cc6ad1c43_1000.jpg!m_fill,w_280,h_210,f_jpg?from=ke.com
20241015,通州,通州北苑,101125228391,西马庄园 1室1厅 东 西,185万,29034元/平,中楼层 (共6层) 1室1厅 | 63.72平米 | 东 西,https://ke-image.ljcdn.com/110000-inspection/pc1_IcEPWdgSa_1.jpg!m_fill,w_280,h_210,f_jpg?from=ke.com
20241015,通州,通州北苑,101125201389,世纪星城三期 2室2厅 南 北,425万,40639元/平,低楼层 (共31层) | 2010年 | 2室2厅 | 104.58平米 | 南 北,https://ke-image.ljcdn.com/110000-inspection/bef16377-66d1-4a70-a273-b0ac16971de6_1000.jpg!m_fill,w_280,h_210,f_jpg?from=ke.com
20241015,通州,通州北苑,101125170560,通州北苑万达商圈南北向三居室中楼层交通便利,290万,38214元/平,中楼层 (共6层) | 1983年 | 3室1厅 | 75.89平米 | 南 北,https://ke-image.ljcdn.com/110000-inspection/97e9ab3f-c808-4630-a061-42fb24baf73e_1000.jpg!m_fill,w_280,h_210,f_jpg?from=ke.com
20241015,通州,通州北苑,101125147620,杨庄小区 低楼层南北通透两居室房主自荐,212万,32382元/平,底层 (共6层) 2室1厅 | 65.47平米 | 南 北,https://ke-image.ljcdn.com/110000-inspection/779d28cf-f773-4c4d-96b0-cba7aa5b649e_1000.jpg!m_fill,w_280,h_210,f_jpg?from=ke.com
20241015,通州,通州北苑,101125138181,西马庄元南北通透满五唯一无户口,225万,29731元/平,中楼层 (共6层) | 2001年 | 2室1厅 | 75.68平米 | 南 北,https://ke-image.ljcdn.com/110000-inspection/e24c03a3-cd24-4c9e-85f6-b312ade20719_1000.jpg!m_fill,w_280,h_210,f_jpg?from=ke.com
20241015,通州,通州北苑,101125115858,通州北苑成熟社区南北通透两居室,176万,29861元/平,低楼层 (共6层) 2室1厅 | 58.94平米 | 南 北,https://ke-image.ljcdn.com/110000-inspection/5ea1a775-282f-4224-b2ce-2903e6f1e307_1000.jpg!m_fill,w_280,h_210,f_jpg?from=ke.com
20241015,通州,通州北苑,101125097363,满五唯一精装修南北格局业主诚心卖。,204万,36177元/平,高楼层 (共6层) | 1999年 | 1室1厅 | 56.39平米 | 南 北,https://ke-image.ljcdn.com/110000-inspection/pc1_0YdGOVlzp_1.jpg!m_fill,w_280,h_210,f_jpg?from=ke.com
20241015,通州,通州北苑,101125096446,世纪星城三期 2室2厅 南 北,419万,40767元/平,低楼层 (共31层) | 2010年 | 2室2厅 | 102.78平米 | 南 北,https://ke-image.ljcdn.com/110000-inspection/pc1_GJps7cXhu_1.jpg!m_fill,w_280,h_210,f_jpg?from=ke.com
20241015,通州,通州北苑,101125084117,通州北苑 科印小区 正规格局 靠谱出售 能签约！,225万,42302元/平,中楼层 (共5层) 2室1厅 | 53.19平米 | 南 北,https://ke-image.ljcdn.com/110000-inspection/2fbe9cf3-8f24-4fa9-b5ba-4ab5bad5d850_1000.jpg!m_fill,w_280,h_210,f_jpg?from=ke.com
20241015,通州,通州北苑,101125066993,长城国际70年住宅满五唯一有电梯集中供暖,200万,37517元/平,低楼层 (共20层) | 2009年 | 1室0厅 | 53.31平米 | 东,https://ke-image.ljcdn.com/110000-inspection/pc1_WNa2CGn8b_1.jpg!m_fill,w_280,h_210,f_jpg?from=ke.com
20241015,通州,通州北苑,101124993812,八里桥地铁70年产权住宅京贸国际公寓精装修,449万,36958元/平,低楼层 (共24层) | 2005年 | 3室1厅 | 121.49平米 | 西,https://ke-image.ljcdn.com/110000-inspection/faf2b1bc-513b-48cd-b653-10f781b5177b_1000.jpg!m_fill,w_280,h_210,f_jpg?from=ke.com
20241015,通州,通州北苑,101124967576,杨庄22号院 通州北苑 万达商圈 杨庄路 南北通透房主自荐,299万,33453元/平,高楼层 (共6层) 2室1厅 | 89.38平米 | 南 北,https://ke-image.ljcdn.com/110000-inspection/pc1_mpB8ubuWC_1.jpg!m_fill,w_280,h_210,f_jpg?from=ke.com
20241015,通州,通州北苑,101124914017,通州万达商圈南北通透看房方便诚心出搜,190万,34118元/平,低楼层 (共6层) | 1987年 | 2室1厅 | 55.69平米 | 南 北,https://ke-image.ljcdn.com/110000-inspection/d7cc1633-f366-4d1f-a219-802f665a8b1a_1000.jpg!m_fill,w_280,h_210,f_jpg?from=ke.com
20241015,通州,通州北苑,101124853457,华兴园低楼层南北向三居两个卧室朝南大阳台,429万,34146元/平,底层 (共6层) 3室2厅 | 125.64平米 | 南 北,https://ke-image.ljcdn.com/110000-inspection/1c3e52f7-41f6-4332-8318-460f312c37a0_1000.jpg!m_fill,w_280,h_210,f_jpg?from=ke.com
20241015,通州,通州北苑,101124850914,新华联锦园 2室2厅 南 北,400万,40454元/平,中楼层 (共6层) 2室2厅 | 98.88平米 | 南 北,https://ke-image.ljcdn.com/110000-inspection/7e64ecc7-d993-432d-bdf3-bf487425023a_1000.jpg!m_fill,w_280,h_210,f_jpg?from=ke.com
20241015,通州,通州北苑,101124846765,铁路宿舍八里桥南街62号价格便宜的一居室,132万,30613元/平,高楼层 (共6层) 1室1厅 | 43.12平米 | 南,https://ke-image.ljcdn.com/110000-inspection/acd9f7f4-9464-4680-9c05-188654dc0694_1000.jpg!m_fill,w_280,h_210,f_jpg?from=ke.com
20241015,通州,通州北苑,101124823743,世纪星城三期 两居室 楼层高 视野好看房随时,430万,41145元/平,顶层 (共26层) | 2009年 | 2室2厅 | 104.51平米 | 南 北,https://ke-image.ljcdn.com/110000-inspection/e0754767-49bc-4e8a-b8d4-5a9efb262ec6_1000.jpg!m_fill,w_280,h_210,f_jpg?from=ke.com
20241015,通州,通州北苑,101124802090,通典铭居  观景万达 交通便利 看房方便 配套完善,379万,40618元/平,低楼层 (共24层) 2室1厅 | 93.31平米 | 东,https://ke-image.ljcdn.com/110000-inspection/20002d3f-7814-44f1-a317-6c82f7c18907_1000.jpg!m_fill,w_280,h_210,f_jpg?from=ke.com
20241015,通州,通州北苑,101124771520,通州北苑成熟社区南北通透两居室,229万,33012元/平,顶层 (共6层) 2室1厅 | 69.37平米 | 南 北,https://ke-image.ljcdn.com/110000-inspection/a8b96d7a-e9f1-4075-b23c-bdd6dfc8f0ea_1000.jpg!m_fill,w_280,h_210,f_jpg?from=ke.com
20241015,通州,通州北苑,101124764913,八里桥地铁边两居室精装修拎包入住户型好南北H户型,155万,15735元/平,地下室 (共9层) | 2002年 | 2室2厅 | 98.51平米 | 南 北,https://ke-image.ljcdn.com/110000-inspection/683ccb5d-8e96-4dc5-8187-31b83ceedce3_1000.jpg!m_fill,w_280,h_210,f_jpg?from=ke.com
20241015,通州,通州北苑,101124757190,通州北苑 正规三居室 南北通透 产权清晰 靠谱出售房主自荐,243万,31110元/平,中楼层 (共6层) 3室1厅 | 78.11平米 | 南 北,https://ke-image.ljcdn.com/110000-inspection/5cf22e89-cfc8-4ba9-a984-5eeb6875c4c0_1000.jpg!m_fill,w_280,h_210,f_jpg?from=ke.com
20241015,通州,通州北苑,101124707349,通州北苑 南向两居 人车分流 中间楼层 产权清晰,415万,42210元/平,中楼层 (共28层) | 2009年 | 2室2厅 | 98.32平米 | 西南,https://ke-image.ljcdn.com/110000-inspection/286e4eb3-40a8-4365-8888-c8690d225ad5_1000.jpg!m_fill,w_280,h_210,f_jpg?from=ke.com
20241015,通州,通州北苑,101124688817,铁路宿舍 满五唯一 南北通透两居 不临街,230万,36984元/平,底层 (共6层) 2室1厅 | 62.19平米 | 南 北,https://ke-image.ljcdn.com/110000-inspection/25fc9964-5ffa-4cba-b51d-35a3b6786a8c_1000.jpg!m_fill,w_280,h_210,f_jpg?from=ke.com
20241015,通州,通州北苑,101124668900,铁路宿舍 南北通透两居 不临街采光好,200万,32259元/平,顶层 (共6层) 2室1厅 | 62平米 | 南 北,https://ke-image.ljcdn.com/110000-inspection/4572369e-6e1b-42d9-8b68-3fbd716afd96_1000.jpg!m_fill,w_280,h_210,f_jpg?from=ke.com
20241015,通州,通州北苑,101124648760,铁路宿舍 南北通透 小两居 精装拎包入住,198万,31936元/平,高楼层 (共6层) 2室1厅 | 62平米 | 南 北,https://ke-image.ljcdn.com/110000-inspection/41d5f76d-fed2-476c-b59c-e700b5343b67_1000.jpg!m_fill,w_280,h_210,f_jpg?from=ke.com
20241015,通州,通州北苑,101124644083,通州北苑万达商圈标准精装三居室环境好交通便利,468万,39514元/平,低楼层 (共24层) | 2005年 | 3室2厅 | 118.44平米 | 西南,https://ke-image.ljcdn.com/110000-inspection/pc1_b377lbS8m_1.jpg!m_fill,w_280,h_210,f_jpg?from=ke.com
20241015,通州,通州北苑,101124634192,万达广场 1号线北苑地铁站 精装修大两居 中间楼层,325万,36448元/平,中楼层 (共5层) | 2001年 | 2室1厅 | 89.17平米 | 南 北,https://ke-image.ljcdn.com/110000-inspection/caea371c-5db5-4d82-812f-642611494999_1000.jpg!m_fill,w_280,h_210,f_jpg?from=ke.com
20241015,通州,通州北苑,101124614995,京贸国际公寓70年大产权的商品房自配花园,420万,30022元/平,低楼层 (共29层) | 2004年 | 3室2厅 | 139.9平米 | 东 东北,https://ke-image.ljcdn.com/110000-inspection/47deb0d3-24b0-40c3-be26-02861b0094f6_1000.jpg!m_fill,w_280,h_210,f_jpg?from=ke.com
20241015,通州,通州北苑,101124612273,西果园18号 2室1厅 南,245万,28230元/平,中楼层 (共6层) | 1990年 | 2室1厅 | 86.79平米 | 南,https://ke-image.ljcdn.com/110000-inspection/pc1_QvE7NhVVR_1.jpg!m_fill,w_280,h_210,f_jpg?from=ke.com
20241015,通州,通州北苑,101124606215,北苑乙55号院南北经典两居 户型好楼层好 采光好房主自荐,239万,32276元/平,低楼层 (共6层) 2室2厅 | 74.05平米 | 南 北,https://ke-image.ljcdn.com/110000-inspection/efb32ce5-0962-4ad9-9aba-2d33e1e98316_1000.jpg!m_fill,w_280,h_210,f_jpg?from=ke.com
20241015,通州,通州北苑,101124598802,70年产权住宅满五唯一精装修没有遮挡视野好房主自荐,465万,35883元/平,低楼层 (共24层) 3室1厅 | 129.59平米 | 西,https://ke-image.ljcdn.com/110000-inspection/18c26b03-7316-4a8d-81c4-0d222242e1d3_1000.jpg!m_fill,w_280,h_210,f_jpg?from=ke.com
20241015,通州,通州北苑,101124577525,通典铭居 正规一居 户型方正 看房方便,275万,37203元/平,高楼层 (共23层) | 2004年 | 1室1厅 | 73.92平米 | 北,https://ke-image.ljcdn.com/110000-inspection/7d80090e-ccbe-47dd-9a85-434099666d4c_1000.jpg!m_fill,w_280,h_210,f_jpg?from=ke.com
20241015,通州,通州北苑,101124529009,长桥园小区地铁500米左右南北通透三居室双卫双阳台,400万,35907元/平,中楼层 (共15层) | 2002年 | 3室1厅 | 111.4平米 | 南 北,https://ke-image.ljcdn.com/110000-inspection/1a98c050-ab8d-46f2-8382-f0732a28ee13_1000.jpg!m_fill,w_280,h_210,f_jpg?from=ke.com
20241015,通州,通州北苑,101124528061,南北通透 正规两居室 交通便利 单价低 配套齐全,255万,27013元/平,中楼层 (共6层) 2室1厅 | 94.4平米 | 南 北,https://ke-image.ljcdn.com/110000-inspection/a1f372e8-c40f-4d25-9e2e-c5d9ac7a20c9_1000.jpg!m_fill,w_280,h_210,f_jpg?from=ke.com
20241015,通州,通州北苑,101124516876,世纪星城两居高楼层满五年唯一南北通透,410万,43692元/平,高楼层 (共9层) 2室2厅 | 93.84平米 | 南 北,https://ke-image.ljcdn.com/110000-inspection/pc1_I27kBheKS_1.jpg!m_fill,w_280,h_210,f_jpg?from=ke.com
20241015,通州,通州北苑,101124508727,房子满五年商品业主靠谱出售 高楼层三居室 采光好,280万,28704元/平,高楼层 (共6层) 3室1厅 | 97.55平米 | 南 北,https://ke-image.ljcdn.com/110000-inspection/6b76d8c7-2244-4ca8-91de-352bb2cae707_1000.jpg!m_fill,w_280,h_210,f_jpg?from=ke.com
20241015,通州,通州北苑,101124501875,长城国际70年产权有燃气有暖气,185万,38106元/平,中楼层 (共20层) | 2009年 | 1室0厅 | 48.55平米 | 西,https://ke-image.ljcdn.com/110000-inspection/pc1_vdRfLY5On_1.jpg!m_fill,w_280,h_210,f_jpg?from=ke.com
20241015,通州,通州北苑,101124497392,八里桥地铁京贸国际公寓三室两卫没有遮挡视野好,450万,32166元/平,中楼层 (共29层) | 2004年 | 3室2厅 | 139.9平米 | 东北,https://ke-image.ljcdn.com/110000-inspection/360e6128-bffa-4a96-a6ec-3804346801b7_1000.jpg!m_fill,w_280,h_210,f_jpg?from=ke.com
20241015,通州,通州北苑,101124453280,交通便利楼层好采光充裕南北两居前后不临街,247万,36949元/平,中楼层 (共6层) 2室1厅 | 66.85平米 | 南 北,https://ke-image.ljcdn.com/110000-inspection/a8b1195d-727e-4c03-ad71-696efb95a300_1000.jpg!m_fill,w_280,h_210,f_jpg?from=ke.com
20241015,通州,通州北苑,101124413952,房子满五年北京家庭名下唯一住房采光充足视野无遮挡,424万,40652元/平,中楼层 (共29层) | 2010年 | 2室2厅 | 104.3平米 | 西南,https://ke-image.ljcdn.com/110000-inspection/cc82499f-778d-46c8-84dd-37404f4fe374_1000.jpg!m_fill,w_280,h_210,f_jpg?from=ke.com
20241015,通州,通州北苑,101124396452,世纪星城三期 2室1厅 南 北,499万,50594元/平,低楼层 (共17层) | 2009年 | 2室1厅 | 98.63平米 | 南 北,https://ke-image.ljcdn.com/110000-inspection/32ef7763-857f-424e-a6ea-9739727bf4c4_1000.jpg!m_fill,w_280,h_210,f_jpg?from=ke.com
20241015,通州,通州北苑,101124393488,天时名苑 南北通透大二居室低楼层,550万,44206元/平,低楼层 (共9层) 2室2厅 | 124.42平米 | 南 北,https://ke-image.ljcdn.com/110000-inspection/5abcc858-1ab0-46b8-9a86-abb09284576d_1000.jpg!m_fill,w_280,h_210,f_jpg?from=ke.com
20241015,通州,通州北苑,101124388895,北苑135号院 交通便利 位置好,180万,36475元/平,高楼层 (共6层) 2室1厅 | 49.35平米 | 南,https://ke-image.ljcdn.com/110000-inspection/896da8ef-c682-4d07-9a69-27f9aa0bcf85_1000.jpg!m_fill,w_280,h_210,f_jpg?from=ke.com
20241015,通州,通州北苑,101124371326,通典铭居精装两居电梯房挨着通惠河,350万,43173元/平,高楼层 (共24层) | 2005年 | 2室1厅 | 81.07平米 | 西,https://ke-image.ljcdn.com/110000-inspection/8e252831-5c87-4aba-8378-80047ca9324a_1000.jpg!m_fill,w_280,h_210,f_jpg?from=ke.com
20241015,通州,通州北苑,101124349751,鑫苑小区 3室1厅 南 北,369万,37120元/平,中楼层 (共5层) | 2002年 | 3室1厅 | 99.41平米 | 南 北,https://ke-image.ljcdn.com/110000-inspection/37cc7950-09a2-4a8c-9fb9-4b27157ed858_1000.jpg!m_fill,w_280,h_210,f_jpg?from=ke.com
20241015,通州,通州北苑,101124333791,小区中间位置 双卧朝南客厅朝南落地窗南北向三居房主自荐,768万,47566元/平,高楼层 (共18层) 3室2厅 | 161.46平米 | 南 北,https://ke-image.ljcdn.com/110000-inspection/16f61165-1310-44a6-9d33-6e02a5b75b00_1000.jpg!m_fill,w_280,h_210,f_jpg?from=ke.com
20241015,通州,通州北苑,101124316762,通州北苑万达商圈东南向两居室精装修满五唯一,440万,44014元/平,中楼层 (共29层) | 2010年 | 2室2厅 | 99.97平米 | 东南,https://ke-image.ljcdn.com/110000-inspection/ba5e3c16-06d4-4d94-b1ae-919fc4478066_1000.jpg!m_fill,w_280,h_210,f_jpg?from=ke.com
20241015,通州,通州北苑,101124305973,通典铭居 安静不临街 看房有钥匙 交通配套好,363万,41543元/平,低楼层 (共23层) | 2004年 | 2室1厅 | 87.38平米 | 东南,https://ke-image.ljcdn.com/110000-inspection/795bfaae-4cdd-4be3-896b-5659fbe5856d_1000.jpg!m_fill,w_280,h_210,f_jpg?from=ke.com
20241015,通州,通州北苑,101124284434,通州北苑 通典铭居 西南两居 靠谱出售 前后花园,430万,49211元/平,高楼层 (共23层) | 2004年 | 2室1厅 | 87.38平米 | 西南,https://ke-image.ljcdn.com/110000-inspection/0a2e64c1-87c2-4bcf-925b-224f46961259_1000.jpg!m_fill,w_280,h_210,f_jpg?from=ke.com
20241015,通州,通州北苑,101124269502,长城国际 1室0厅 西,160万,36580元/平,中楼层 (共15层) | 2009年 | 1室0厅 | 43.74平米 | 西,https://ke-image.ljcdn.com/110000-inspection/pc1_KB9lcN5m8_1.jpg!m_fill,w_280,h_210,f_jpg?from=ke.com
20241015,通州,通州北苑,101124253346,世纪星城三期中间位置全明大三居看房方便,630万,43443元/平,低楼层 (共18层) | 2009年 | 3室2厅 | 145.02平米 | 南 北,https://ke-image.ljcdn.com/110000-inspection/c826c21a-e913-4582-98be-7f254aa0940f_1000.jpg!m_fill,w_280,h_210,f_jpg?from=ke.com
20241015,通州,通州北苑,101124222216,八通线地铁八里桥站70年产权住宅民水民电视野好,428万,35230元/平,中楼层 (共24层) 3室1厅 | 121.49平米 | 西,https://ke-image.ljcdn.com/110000-inspection/e44666e1-e86a-4e8e-995a-c88ee8cdde9f_1000.jpg!m_fill,w_280,h_210,f_jpg?from=ke.com
20241015,通州,通州北苑,101124187620,通州新华联万达商圈诚心出售精装修,366万,43371元/平,中楼层 (共6层) 2室1厅 | 84.39平米 | 南 北,https://ke-image.ljcdn.com/110000-inspection/756d4f4a-1e4d-41fb-a1c8-e55530fc902b_1000.jpg!m_fill,w_280,h_210,f_jpg?from=ke.com
20241015,通州,通州北苑,101124179752,杨庄22号院 南北通透两居室 户型方正 满五年唯一房主自荐,315万,38486元/平,中楼层 (共5层) 2室1厅 | 81.85平米 | 南 北,https://ke-image.ljcdn.com/110000-inspection/02f03ca1-94ae-40a7-8573-1ee3b1754c85_1000.jpg!m_fill,w_280,h_210,f_jpg?from=ke.com
20241015,通州,通州北苑,101124140516,地铁八里桥站不临街不把边安静舒适南北通透,379万,33624元/平,低楼层 (共15层) | 2003年 | 3室2厅 | 112.72平米 | 南 北,https://ke-image.ljcdn.com/110000-inspection/07bfef87-0e02-4af4-8526-1f35b78ac6a1_1000.jpg!m_fill,w_280,h_210,f_jpg?from=ke.com
20241015,通州,通州北苑,101124125082,通州北苑 通典铭居 南北通透 精装房 诚心卖 看房随时房主自荐,585万,44088元/平,中楼层 (共23层) | 2004年 | 2室2厅 | 132.69平米 | 南 北,https://ke-image.ljcdn.com/110000-inspection/1cc1e5c4-a249-4085-a6db-52a57c70f0e3_1000.jpg!m_fill,w_280,h_210,f_jpg?from=ke.com
20241015,通州,通州北苑,101124055918,全明户型南北通透不临街不临铁道精装修,468万,50953元/平,低楼层 (共10层) | 2005年 | 2室2厅 | 91.85平米 | 南 北,https://ke-image.ljcdn.com/110000-inspection/pc1_aZqRMvRlB_1.jpg!m_fill,w_280,h_210,f_jpg?from=ke.com
20241015,通州,通州北苑,101124051498,八通线地铁八里桥站精装修三居室户型方正不临街房主自荐,449万,33939元/平,高楼层 (共24层) | 2004年 | 3室1厅 | 132.3平米 | 西北,https://ke-image.ljcdn.com/110000-inspection/9c854b8a-9992-40e2-be25-c06b5a68a9b9_1000.jpg!m_fill,w_280,h_210,f_jpg?from=ke.com
20241015,通州,通州北苑,101124046066,京贸国际公寓 满五唯一 高层两居室 视野好,308万,31815元/平,高楼层 (共29层) | 2004年 | 2室1厅 | 96.81平米 | 西南,https://ke-image.ljcdn.com/110000-inspection/ab3dc6ff-a126-4728-b2a1-1244699d6072_1000.jpg!m_fill,w_280,h_210,f_jpg?from=ke.com
20241015,通州,通州北苑,101124036519,铁路宿舍低楼层南北通透简装,208万,33446元/平,低楼层 (共6层) 2室1厅 | 62.19平米 | 南 北,https://ke-image.ljcdn.com/110000-inspection/d3b71331-c838-447f-bc46-82209213b4c2_1000.jpg!m_fill,w_280,h_210,f_jpg?from=ke.com
20241015,通州,通州北苑,101124035053,世纪星城3居电梯高层两梯两户满五唯一,630万,43395元/平,高楼层 (共18层) | 2009年 | 3室2厅 | 145.18平米 | 南 北,https://ke-image.ljcdn.com/110000-inspection/pc1_Q0nDCtthA_1.jpg!m_fill,w_280,h_210,f_jpg?from=ke.com
20241015,通州,通州北苑,101124034709,世纪星城三期高楼层满五唯一三十万精装拎包入住,419万,41543元/平,高楼层 (共26层) | 2009年 | 2室1厅 | 100.86平米 | 南,https://ke-image.ljcdn.com/110000-inspection/pc1_7myXYt9Zq_1.jpg!m_fill,w_280,h_210,f_jpg?from=ke.com
20241015,通州,通州北苑,101124026833,满五唯一开间万达商圈好物业北苑地铁450米,155万,35180元/平,高楼层 (共25层) 1室0厅 | 44.06平米 | 北,https://ke-image.ljcdn.com/110000-inspection/37788255-186b-42ce-8ac8-cdeddd2c0d1e_1000.jpg!m_fill,w_280,h_210,f_jpg?from=ke.com
20241015,通州,通州北苑,101123972447,世纪星城三期 满五年唯一 无遮挡 全明两居 诚心卖,425万,42869元/平,低楼层 (共18层) | 2009年 | 2室2厅 | 99.14平米 | 南 北,https://ke-image.ljcdn.com/110000-inspection/pc1_lUIHUqN2b_1.jpg!m_fill,w_280,h_210,f_jpg?from=ke.com
20241015,通州,通州北苑,101123952221,南北通透正规一居室前后观景花园万达商圈,346万,48089元/平,顶层 (共14层) | 2004年 | 1室1厅 | 71.95平米 | 南 北,https://ke-image.ljcdn.com/110000-inspection/75754d3e-84bc-464a-b805-818bcba17363_1000.jpg!m_fill,w_280,h_210,f_jpg?from=ke.com
20241015,通州,通州北苑,101123946500,华兴园小区户型比较好的业主年轻人精装修现代风,270万,28335元/平,顶层 (共6层) 2室2厅 | 95.29平米 | 南 北,https://ke-image.ljcdn.com/110000-inspection/f34e7597-630c-4a92-993f-93d97b3f7061_1000.jpg!m_fill,w_280,h_210,f_jpg?from=ke.com
20241015,通州,通州北苑,101123939191,此房南北通透格局方正采光好。配套全交通方便！房主自荐,270万,30506元/平,顶层 (共6层) | 2000年 | 2室1厅 | 88.51平米 | 南 北,https://ke-image.ljcdn.com/110000-inspection/2e51763e-e14e-454a-aea6-9e6f7c3af7ac_1000.jpg!m_fill,w_280,h_210,f_jpg?from=ke.com
20241015,通州,通州北苑,101123909664,通州北苑万达商圈标准一居室有电梯花园社区。,276万,37338元/平,中楼层 (共23层) | 2004年 | 1室1厅 | 73.92平米 | 北,https://ke-image.ljcdn.com/110000-inspection/6ccbf679-7315-4b71-9e90-eb85c6d8a422_1000.jpg!m_fill,w_280,h_210,f_jpg?from=ke.com
20241015,通州,通州北苑,101123872068,满五年唯一 南北通透 视野开阔 无遮挡 近地铁站,285万,34888元/平,高楼层 (共6层) 2室1厅 | 81.69平米 | 东 西,https://ke-image.ljcdn.com/110000-inspection/7d4dba66-d689-4fd3-9195-bf90aa8a7ef9_1000.jpg!m_fill,w_280,h_210,f_jpg?from=ke.com
20241015,通州,通州北苑,101123846300,天时名苑南北向两居 高层视野好装修花40万房主自荐,520万,49590元/平,高楼层 (共28层) | 2009年 | 2室2厅 | 104.86平米 | 南 北,https://ke-image.ljcdn.com/110000-inspection/652be290-0d0b-42a8-9b22-3dae2800bb39_1000.jpg!m_fill,w_280,h_210,f_jpg?from=ke.com
20241015,通州,通州北苑,101123840625,南北格局楼层好万达商圈正规一居室精装修保持好,265万,41812元/平,底层 (共6层) 1室1厅 | 63.38平米 | 南 北,https://ke-image.ljcdn.com/110000-inspection/f4f28635-ca23-4478-bae1-e21730532d15_1000.jpg!m_fill,w_280,h_210,f_jpg?from=ke.com
20241015,通州,通州北苑,101123836152,通州北苑双卧南向两居噪音采光好视野好,425万,42226元/平,中楼层 (共28层) 2室2厅 | 100.65平米 | 西南,https://ke-image.ljcdn.com/110000-inspection/2ee2aa15-a1c9-48b8-ae55-f712ab15d4ca_1000.jpg!m_fill,w_280,h_210,f_jpg?from=ke.com
20241015,通州,通州北苑,101123824363,地铁300米左右京贸国际公寓不临街双卫三居室满5唯一房主自荐,413万,31217元/平,高楼层 (共24层) | 2004年 | 3室2厅 | 132.3平米 | 东北,https://ke-image.ljcdn.com/110000-inspection/857400e9-83bd-45ae-80b3-14f5be58bf4a_1000.jpg!m_fill,w_280,h_210,f_jpg?from=ke.com
20241015,通州,通州北苑,101123821276,世纪星城三期 2室2厅 南 北,468万,43222元/平,低楼层 (共31层) | 2010年 | 2室2厅 | 108.28平米 | 南 北,https://ke-image.ljcdn.com/110000-inspection/c61adaa7-e856-4ad0-b51b-37e2df5991f5_1000.jpg!m_fill,w_280,h_210,f_jpg?from=ke.com
20241015,通州,通州北苑,101123816011,长桥园公寓 南北两居 满五唯一 拎包入住,145万,14696元/平,地下室 (共15层) | 2003年 | 2室1厅 | 98.67平米 | 南 北,https://ke-image.ljcdn.com/110000-inspection/ef089515-8582-4ca6-8dd5-a1935d1a2b38_1000.jpg!m_fill,w_280,h_210,f_jpg?from=ke.com
20241015,通州,通州北苑,101123777631,世纪星城三期 两梯两户 精装修 高楼层视野好,620万,42943元/平,中楼层 (共18层) | 2008年 | 3室2厅 | 144.38平米 | 南 北,https://ke-image.ljcdn.com/110000-inspection/f74dfd53-15b9-492f-878e-bbfbfc8129ee_1000.jpg!m_fill,w_280,h_210,f_jpg?from=ke.com
20241015,通州,通州北苑,101123743640,长城国际 西向两居 总监经理强力推荐,230万,36011元/平,低楼层 (共20层) | 2009年 | 2室1厅 | 63.87平米 | 西,https://ke-image.ljcdn.com/110000-inspection/pc1_BCm95cxxq_1.jpg!m_fill,w_280,h_210,f_jpg?from=ke.com
20241015,通州,通州北苑,101123734639,通州万达南北通透中间楼层正规二居室。,249万,32380元/平,中楼层 (共6层) 2室1厅 | 76.9平米 | 南 北,https://ke-image.ljcdn.com/110000-inspection/pc1_eIkVuPjY1_1.jpg!m_fill,w_280,h_210,f_jpg?from=ke.com
20241015,通州,通州北苑,101123718640,杨庄路22号院 万达区域 南北通透 中楼层 正对小区花园,330万,40721元/平,中楼层 (共5层) 2室1厅 | 81.04平米 | 南 北,https://ke-image.ljcdn.com/110000-inspection/5468a1ba-be28-4277-8846-721f758dcee0_1000.jpg!m_fill,w_280,h_210,f_jpg?from=ke.com
20241015,通州,通州北苑,101123693901,西马庄园 2室1厅 南 北,235万,30820元/平,中楼层 (共6层) 2室1厅 | 76.25平米 | 南 北,https://ke-image.ljcdn.com/110000-inspection/pc1_NKVCByt1D_1.jpg!m_fill,w_280,h_210,f_jpg?from=ke.com
20241015,通州,通州北苑,101123686050,长桥园公寓南北通透2居 满五唯一  刚需必看房主自荐,157万,13887元/平,地下室 (共15层) | 2003年 | 2室1厅 | 113.06平米 | 南 北,https://ke-image.ljcdn.com/110000-inspection/68693066-8993-4944-abd8-2c13a496d28a_1000.jpg!m_fill,w_280,h_210,f_jpg?from=ke.com
20241015,通州,通州北苑,101123670131,地铁带电梯全明南北通透两居室长桥园70年住宅04年板楼,368万,35539元/平,低楼层 (共9层) 2室1厅 | 103.55平米 | 南 北,https://ke-image.ljcdn.com/110000-inspection/b65e9bd6-2e9a-49d4-9edf-5904622ba2bf_1000.jpg!m_fill,w_280,h_210,f_jpg?from=ke.com
20241015,通州,通州北苑,101123668318,观景刚需万达商圈350米北苑地铁满五唯一,295万,43306元/平,高楼层 (共24层) 1室1厅 | 68.12平米 | 东,https://ke-image.ljcdn.com/110000-inspection/bce5dcab-00d7-4d27-b7ee-9f996c8396a7_1000.jpg!m_fill,w_280,h_210,f_jpg?from=ke.com
20241015,通州,通州北苑,101123571066,通州北苑城铁万达房子满五唯一电梯高层一居精装修诚售房主自荐,299万,43365元/平,高楼层 (共29层) | 2010年 | 1室1厅 | 68.95平米 | 南 北,https://ke-image.ljcdn.com/110000-inspection/6675bd82-83db-4ed5-80a3-13f027493960_1000.jpg!m_fill,w_280,h_210,f_jpg?from=ke.com
20241015,通州,通州北苑,101123556183,世纪星城三期 广渠路沿线 明厨明卫精装两居 南北通透,426万,40704元/平,中楼层 (共26层) | 2009年 | 2室2厅 | 104.66平米 | 南 北,https://ke-image.ljcdn.com/110000-inspection/541d6876-becd-4062-bdcd-06ad163dc34a_1000.jpg!m_fill,w_280,h_210,f_jpg?from=ke.com
20241015,通州,通州北苑,101123536204,一号线地铁100米南北通透两居室满五唯一配套齐全,195万,32468元/平,低楼层 (共6层) | 1985年 | 2室1厅 | 60.06平米 | 南 北,https://ke-image.ljcdn.com/110000-inspection/ac093254-aabd-402b-9653-e787fb593ea1_1000.jpg!m_fill,w_280,h_210,f_jpg?from=ke.com
20241015,通州,通州北苑,101123485505,地铁500米左右南向满5年一居室南向阳台诚意出售,126万,29221元/平,顶层 (共6层) 1室1厅 | 43.12平米 | 南 北,https://ke-image.ljcdn.com/110000-inspection/e9928c2e-be6e-44f4-ab3b-8f78575ed95d_1000.jpg!m_fill,w_280,h_210,f_jpg?from=ke.com
20241015,通州,通州北苑,101123466705,通州果园 次新房 世纪星城三期电梯高层 南北全明两居,470万,47653元/平,高楼层 (共17层) | 2009年 | 2室2厅 | 98.63平米 | 南 北,https://ke-image.ljcdn.com/110000-inspection/d0b7e7e5-517d-436f-9916-20c6a74b3bdd_1000.jpg!m_fill,w_280,h_210,f_jpg?from=ke.com
20241015,通州,通州北苑,101123449334,长城国际东向70年产权两梯六户2010年首付57万房主自荐,185万,34788元/平,低楼层 (共20层) | 2009年 | 1室1厅 | 53.18平米 | 东,https://ke-image.ljcdn.com/110000-inspection/275afd7a-b60c-443e-9c9e-d8a52fb792b0_1000.jpg!m_fill,w_280,h_210,f_jpg?from=ke.com
20241015,通州,通州北苑,101123421347,新华联锦园 万达商圈 南北通透正规三居室 户型方正房主自荐,550万,39191元/平,中楼层 (共6层) | 2003年 | 3室2厅 | 140.34平米 | 南 北,https://ke-image.ljcdn.com/110000-inspection/a4a2273d-1b9f-4fe0-8d8d-6e84f142c824_1000.jpg!m_fill,w_280,h_210,f_jpg?from=ke.com
20241015,通州,通州北苑,101123341948,世纪星城三期 2室2厅 南 北,432万,42032元/平,低楼层 (共31层) | 2010年 | 2室2厅 | 102.78平米 | 南 北,https://ke-image.ljcdn.com/110000-inspection/03e0d868-b148-425f-998f-2ae8a6ef4128_1000.jpg!m_fill,w_280,h_210,f_jpg?from=ke.com
20241015,通州,通州北苑,101123304940,杨庄北街3号院 一层接地气南北两居 客厅窗户房主自荐,209万,29853元/平,底层 (共6层) 2室1厅 | 70.01平米 | 南 北,https://ke-image.ljcdn.com/110000-inspection/972e2602-2469-46c7-9dce-14296baa611a_1000.jpg!m_fill,w_280,h_210,f_jpg?from=ke.com
20241015,通州,通州北苑,101123192962,通州北苑新华联锦园南北通透一居室,238万,40573元/平,中楼层 (共6层) 1室1厅 | 58.66平米 | 南 北,https://ke-image.ljcdn.com/110000-inspection/523792ac-7c55-4fa0-a4f2-682cbbbf26dc_1000.jpg!m_fill,w_280,h_210,f_jpg?from=ke.com
20241015,通州,通州北苑,101123183968,通州北苑南北通透两居电梯房业主诚心出售房主自荐,494万,45826元/平,高楼层 (共28层) 2室2厅 | 107.8平米 | 南 北,https://ke-image.ljcdn.com/110000-inspection/a22716b6-bd35-489c-b9a0-247079417da4_1000.jpg!m_fill,w_280,h_210,f_jpg?from=ke.com
20241015,通州,通州北苑,101123097922,华兴园 精装修 低楼层 全明户型 交通便利 万达 地铁,299万,39301元/平,底层 (共6层) | 1997年 | 2室1厅 | 76.08平米 | 南 北,https://ke-image.ljcdn.com/110000-inspection/209c3602-bbff-49dc-9ebe-6c0e75d3db2b_1000.jpg!m_fill,w_280,h_210,f_jpg?from=ke.com
20241015,通州,通州北苑,101123092237,南北通透花园三居双卫长桥园公寓70年大产权八里桥地铁,370万,32233元/平,底层 (共14层) 3室2厅 | 114.79平米 | 南 北,https://ke-image.ljcdn.com/110000-inspection/aaa54ab5-aa8b-4fac-afeb-8a4d49f67419_1000.jpg!m_fill,w_280,h_210,f_jpg?from=ke.com
20241015,通州,通州北苑,101123038412,城铁一号线京通快速广渠路电梯三居三阳开泰户型,658万,43041元/平,顶层 (共20层) | 2010年 | 3室2厅 | 152.88平米 | 南 北,https://ke-image.ljcdn.com/110000-inspection/ee5b78c3-08a0-4403-9e52-a1c5b328af5d_1000.jpg!m_fill,w_280,h_210,f_jpg?from=ke.com
20241015,通州,通州北苑,101122975579,北苑1号院 通州万达通惠河畔  满五唯一,150万,27513元/平,顶层 (共6层) | 1985年 | 2室1厅 | 54.52平米 | 南 北,https://ke-image.ljcdn.com/110000-inspection/7a60491a-8599-44a7-95f6-ebd782472a91_1000.jpg!m_fill,w_280,h_210,f_jpg?from=ke.com
20241015,通州,通州北苑,101122888647,杨庄22号院 2室1厅 南 北,340万,38410元/平,低楼层 (共6层) | 2004年 | 2室1厅 | 88.52平米 | 南 北,https://ke-image.ljcdn.com/110000-inspection/1307ba69-98a2-4602-bb73-48e2adffab0b_1000.jpg!m_fill,w_280,h_210,f_jpg?from=ke.com
20241015,通州,通州北苑,101122827150,通州北苑杨庄22号院南北通透两居室,355万,43806元/平,中楼层 (共5层) 2室1厅 | 81.04平米 | 南 北,https://ke-image.ljcdn.com/110000-inspection/bc82db4b-170f-4a85-b506-5c5e6c36a7e3_1000.jpg!m_fill,w_280,h_210,f_jpg?from=ke.com
20241015,通州,通州北苑,101122709661,房子满五年业主在京唯一住房格局好居住舒适,230万,32331元/平,顶层 (共6层) | 1996年 | 2室1厅 | 71.14平米 | 南 北,https://ke-image.ljcdn.com/110000-inspection/b7fa9d90-bed7-449a-9975-5501528ad90e_1000.jpg!m_fill,w_280,h_210,f_jpg?from=ke.com
20241015,通州,通州北苑,101122668730,西马庄园 中间楼层东西通透两居室。看房方便,230万,26838元/平,低楼层 (共6层) | 1998年 | 2室1厅 | 85.7平米 | 东 西 北,https://ke-image.ljcdn.com/110000-inspection/d685dc97-59c3-4d7f-8898-111958f984da_1000.jpg!m_fill,w_280,h_210,f_jpg?from=ke.com
20241015,通州,通州北苑,101122537679,新华联锦园 南北通透 万达商圈 精装修 三居室 无遮挡房主自荐,520万,40785元/平,中楼层 (共6层) 3室1厅 | 127.5平米 | 南 北,https://ke-image.ljcdn.com/110000-inspection/d9956268-921b-492a-9bb1-ce3c3d9d6920_1000.jpg!m_fill,w_280,h_210,f_jpg?from=ke.com
20241015,通州,通州北苑,101122339742,通州北苑新华联锦园南北两居中间楼层生活方便,375万,36990元/平,中楼层 (共6层) | 2002年 | 2室1厅 | 101.38平米 | 南 北,https://ke-image.ljcdn.com/110000-inspection/b4093cdd-65bf-48f7-bba8-fe3a110aeccd_1000.jpg!m_fill,w_280,h_210,f_jpg?from=ke.com
20241015,通州,通州北苑,101122213965,长城国际 西向一居室楼层好视野开阔无遮挡房主自荐,210万,40023元/平,中楼层 (共22层) | 2009年 | 1室1厅 | 52.47平米 | 西,https://ke-image.ljcdn.com/110000-inspection/46d05681-045c-4ded-a853-b8e6ab51e832_1000.jpg!m_fill,w_280,h_210,f_jpg?from=ke.com
20241015,通州,通州北苑,101122123984,西马庄园通州万达南北通透四居室双卫低楼层,466万,33632元/平,低楼层 (共6层) | 1996年 | 4室2厅 | 138.56平米 | 南 北,https://ke-image.ljcdn.com/110000-inspection/3792ce5b-00b7-4fbb-94ed-346a10ae7444_1000.jpg!m_fill,w_280,h_210,f_jpg?from=ke.com
20241015,通州,通州北苑,101122098975,西马庄园 中间楼层两居室 看房方便。诚心出售,208万,33549元/平,低楼层 (共6层) 2室1厅 | 62平米 | 南 北,https://ke-image.ljcdn.com/110000-inspection/cbb93120-676c-4acd-8992-625dab432bd6_1000.jpg!m_fill,w_280,h_210,f_jpg?from=ke.com
20241015,通州,通州北苑,101121994596,世纪星城三期两居带电梯全明户型诚心出售。,390万,35915元/平,低楼层 (共18层) 2室2厅 | 108.59平米 | 南 北,https://ke-image.ljcdn.com/110000-inspection/066322dd-32d2-4daf-9bc0-2c7244a30ea1_1000.jpg!m_fill,w_280,h_210,f_jpg?from=ke.com
20241015,通州,通州北苑,101121930383,西马庄园 满五唯一四居室诚心出售,290万,23628元/平,顶层 (共6层) 4室1厅 | 122.74平米 | 南 北,https://ke-image.ljcdn.com/110000-inspection/5d213ff7-119c-4d1c-bc35-be54e3d9067b_1000.jpg!m_fill,w_280,h_210,f_jpg?from=ke.com
20241015,通州,通州北苑,101121867942,通州杨庄北街3号 南北通透两居室 业主诚心出售,197万,32971元/平,底层 (共6层) | 1985年 | 2室1厅 | 59.75平米 | 南 北,https://ke-image.ljcdn.com/110000-inspection/ade9f8bf-fd38-477a-8221-4c122792083d_1000.jpg!m_fill,w_280,h_210,f_jpg?from=ke.com
20241015,通州,通州北苑,101121411533,西马庄园 通州北苑 万达 满五唯一 户型方正 采光好,237万,27588元/平,高楼层 (共6层) | 2001年 | 2室1厅 | 85.91平米 | 南 西,https://ke-image.ljcdn.com/110000-inspection/0dad9747-7e02-40f9-9122-283787f283b2_1000.jpg!m_fill,w_280,h_210,f_jpg?from=ke.com
20241015,通州,通州北苑,101121077191,杨庄22号院  精装两居满五唯一  随时看房,350万,40152元/平,中楼层 (共6层) | 2004年 | 2室1厅 | 87.17平米 | 南 北,https://ke-image.ljcdn.com/110000-inspection/pc1_Ax2LS9MxF_1.jpg!m_fill,w_280,h_210,f_jpg?from=ke.com
20241015,通州,通州北苑,101120957043,世纪星城三期 满五唯一 小三居。,415万,39874元/平,低楼层 (共26层) | 2009年 | 3室2厅 | 104.08平米 | 南 北,https://ke-image.ljcdn.com/110000-inspection/e973ede8-8159-41ad-8eee-569b9af517e2_1000.jpg!m_fill,w_280,h_210,f_jpg?from=ke.com
20241015,通州,通州北苑,101120950052,长桥园70年产权住宅大三居近地铁可观河视野好,415万,28379元/平,低楼层 (共24层) | 2004年 | 3室1厅 | 146.24平米 | 南 西南 北,https://ke-image.ljcdn.com/110000-inspection/613d8c19-f1fb-4f42-b31b-1959ad2a18e7_1000.jpg!m_fill,w_280,h_210,f_jpg?from=ke.com
20241015,通州,通州北苑,101120268070,长城国际一居室楼层采光视野好,246万,38577元/平,低楼层 (共22层) | 2009年 | 1室1厅 | 63.77平米 | 东 西,https://ke-image.ljcdn.com/110000-inspection/8bb4a302-e578-4058-aafb-2808df3b85c5_1000.jpg!m_fill,w_280,h_210,f_jpg?from=ke.com
20241015,通州,通州北苑,101119856516,通州北苑  中间楼层 满五年 商品房房主自荐,399万,34726元/平,中楼层 (共6层) 4室1厅 | 114.9平米 | 南 北,https://ke-image.ljcdn.com/110000-inspection/697e6f9e-3e01-463d-9e06-51d3339371bc_1000.jpg!m_fill,w_280,h_210,f_jpg?from=ke.com
20241015,通州,通州北苑,101119738434,世纪星城 南北通透2居室看房随时可配合随时签约,419万,38696元/平,低楼层 (共31层) | 2010年 | 2室1厅 | 108.28平米 | 南 北,https://ke-image.ljcdn.com/110000-inspection/pc1_xEGGDkoHo.jpg!m_fill,w_280,h_210,f_jpg?from=ke.com
20241015,通州,通州北苑,101119703746,北苑万达对面不临街南向两居中间楼层通体阳台,299万,37357元/平,中楼层 (共6层) 2室1厅 | 80.04平米 | 南 北,https://ke-image.ljcdn.com/110000-inspection/faf10b33-0874-4642-ba58-fc78b90fc6dd_1000.jpg!m_fill,w_280,h_210,f_jpg?from=ke.com
20241015,通州,通州北苑,101118855538,世纪星城二期东向一居室采光视野好,225万,41157元/平,高楼层 (共15层) | 2009年 | 1室1厅 | 54.67平米 | 东,https://ke-image.ljcdn.com/110000-inspection/276d0379-fe68-422c-b573-20cc0f0c38d2_1000.jpg!m_fill,w_280,h_210,f_jpg?from=ke.com
20241015,通州,通州北苑,101116340589,世纪星城三期 顶层复式 毛坯没住过人,860万,40574元/平,顶层 (共18层) | 2009年 | 5室2厅 | 211.96平米 | 南 北,https://ke-image.ljcdn.com/110000-inspection/88325277-2627-4b75-825e-c9f16ae33eee_1000.jpg!m_fill,w_280,h_210,f_jpg?from=ke.com
20241015,通州,通州北苑,101115484416,通州万达商圈房主诚心出售南北东通透3居3朝南,600万,43051元/平,中楼层 (共6层) | 2003年 | 3室2厅 | 139.37平米 | 东 南 北,https://ke-image.ljcdn.com/110000-inspection/prod-2e6f850c-ccfd-4d9e-88bb-59335430f29a.jpg!m_fill,w_280,h_210,f_jpg?from=ke.com
20241015,通州,通州北苑,101127085162,尊享高品质 三居室万达商圈 北苑地铁 12年,465万,65457元/平,低楼层 (共12层) | 2012年 | 3室1厅 | 71.04平米 | 东 南,https://ke-image.ljcdn.com/110000-inspection/c4e4445d-ef92-4242-a5b8-29c9fa230aee_1000.jpg!m_fill,w_280,h_210,f_jpg?from=ke.com
20241015,通州,通州北苑,101127082794,长桥园公寓 1室1厅 南 北,248万,36263元/平,底层 (共12层) 1室1厅 | 68.39平米 | 南 北,https://ke-image.ljcdn.com/110000-inspection/90e0f9c6-426b-4899-95bb-32684e6e8371_1000.jpg!m_fill,w_280,h_210,f_jpg?from=ke.com
20241015,通州,通州北苑,101127076750,近地铁正规三居室三居两卫南北通透社区改造。,360万,32140元/平,中楼层 (共6层) 3室2厅 | 112.01平米 | 南 北,https://ke-image.ljcdn.com/110000-inspection/da80dcf4-da8e-4416-bbcd-e13a335588aa_1000.jpg!m_fill,w_280,h_210,f_jpg?from=ke.com
20241015,通州,通州北苑,101127073934,通州北苑南北通透三居不临八通线位置安静电梯房,649万,41858元/平,中楼层 (共15层) | 2009年 | 3室2厅 | 155.05平米 | 北 南,https://ke-image.ljcdn.com/110000-inspection/3afd8931-fc11-47e7-88f4-3c70e19acda3_1000.jpg!m_fill,w_280,h_210,f_jpg?from=ke.com
20241015,通州,通州北苑,101127058723,通州北苑优质两居室中间楼层交通便利好房。新上,265万,31832元/平,中楼层 (共6层) 2室1厅 | 83.25平米 | 东 西,https://ke-image.ljcdn.com/110000-inspection/188fa2cd-ad71-4757-9eb0-d029eb695145_1000.jpg!m_fill,w_280,h_210,f_jpg?from=ke.com
20241015,通州,通州北苑,101127045599,华兴园 京通快速 八通线 广渠路 满五唯一两居新上,225万,32737元/平,高楼层 (共6层) 2室1厅 | 68.73平米 | 东 西,https://ke-image.ljcdn.com/110000-inspection/ffdb8208-1081-4617-b8f2-1820bd94cfb2_1000.jpg!m_fill,w_280,h_210,f_jpg?from=ke.com
20241015,通州,通州北苑,101127036433,通州北苑成熟社区南北通透精致两居室拎包入住新上,206万,31436元/平,高楼层 (共6层) 2室1厅 | 65.53平米 | 南 北,https://ke-image.ljcdn.com/110000-inspection/5f3fdae0-9298-4659-8aee-248ad784db2b_1000.jpg!m_fill,w_280,h_210,f_jpg?from=ke.com
20241015,通州,通州北苑,101127027404,杨庄小区 2室1厅 南 北新上,240万,36625元/平,中楼层 (共6层) 2室1厅 | 65.53平米 | 南 北,https://ke-image.ljcdn.com/110000-inspection/1c534743-32af-457a-a897-93003b49d4fb_1000.jpg!m_fill,w_280,h_210,f_jpg?from=ke.com
20241015,通州,通州北苑,101127022539,M5朗峰 满五年唯一 精装三居 loft户型 万新上,465万,53789元/平,高楼层 (共12层) | 2012年 | 3室1厅 | 86.45平米 | 西,https://ke-image.ljcdn.com/110000-inspection/c5c6acf9-8d80-4551-b70c-5981ef4869f8_1000.jpg!m_fill,w_280,h_210,f_jpg?from=ke.com
20241015,通州,通州北苑,101127020618,通州北苑电梯房LOFT业主诚心出售房本满5年商新上,340万,59441元/平,低楼层 (共10层) | 2012年 | 2室1厅 | 57.2平米 | 西,https://ke-image.ljcdn.com/110000-inspection/3682bc45-2f83-4bd6-a07c-287a8d9a4aab_1000.jpg!m_fill,w_280,h_210,f_jpg?from=ke.com
20241015,通州,通州北苑,101127019538,通州北苑 精装东南2居 满五唯一 靠谱出售 可观河新上,399万,45674元/平,中楼层 (共23层) | 2004年 | 2室2厅 | 87.36平米 | 东南,https://ke-image.ljcdn.com/110000-inspection/c5f826ba-8506-40e1-962f-33dc658a38a5_1000.jpg!m_fill,w_280,h_210,f_jpg?from=ke.com
20241015,通州,通州北苑,101127002483,满五年家庭就这一套住房精装修西向有阳台新上,142万,29273元/平,低楼层 (共20层) | 2009年 | 1室0厅 | 48.51平米 | 西,https://ke-image.ljcdn.com/110000-inspection/639b6c3b-96d2-4160-ba2f-75e8dc8c958d_1000.jpg!m_fill,w_280,h_210,f_jpg?from=ke.com
20241015,通州,通州北苑,101126998873,二层复式位置交通便利南北通透两梯两户新上,530万,57484元/平,高楼层 (共10层) 3室2厅 | 92.2平米 | 南 北,https://ke-image.ljcdn.com/110000-inspection/pc1_nPaFaMJvf_1.jpg!m_fill,w_280,h_210,f_jpg?from=ke.com
20241015,通州,通州北苑,101126998702,通州北苑杨庄22号院南向温馨一居满五唯一采光好新上,223万,35841元/平,高楼层 (共6层) 1室1厅 | 62.22平米 | 南,https://ke-image.ljcdn.com/110000-inspection/9303baeb-c21e-4586-bf11-1f46b0951a09_1000.jpg!m_fill,w_280,h_210,f_jpg?from=ke.com
20241015,通州,通州北苑,101126975643,京贸国际公寓 2室1厅 南新上,305万,31231元/平,高楼层 (共24层) | 2002年 | 2室1厅 | 97.66平米 | 南,https://ke-image.ljcdn.com/110000-inspection/755e67f3-63ad-4ba2-9a0c-f03f4667ab49_1000.jpg!m_fill,w_280,h_210,f_jpg?from=ke.com
20241015,通州,通州北苑,101126966655,新华联锦园 2室2厅 南 北新上,320万,32324元/平,高楼层 (共6层) | 2002年 | 2室2厅 | 99平米 | 南 北,https://ke-image.ljcdn.com/110000-inspection/b42b566c-ef61-403c-b92b-f2d8bcd53f5e_1000.jpg!m_fill,w_280,h_210,f_jpg?from=ke.com
20241015,通州,通州北苑,101126954063,西马庄园 商品房满五唯一诚心出售。新上,260万,31068元/平,底层 (共6层) 2室1厅 | 83.69平米 | 南 北,https://ke-image.ljcdn.com/110000-inspection/pc1_WZZIOVSEd_1.jpg!m_fill,w_280,h_210,f_jpg?from=ke.com
20241015,通州,通州北苑,101126944598,长城国际房子东向楼层高视野开阔带大阳台新上,169万,36368元/平,顶层 (共20层) | 2009年 | 1室1厅 | 46.47平米 | 东,https://ke-image.ljcdn.com/110000-inspection/pc1_cT4soiIMM.jpg!m_fill,w_280,h_210,f_jpg?from=ke.com
20241015,通州,通州北苑,101126902619,天时名苑 正规一居室通州北苑地铁 通州万达广场,373万,47620元/平,中楼层 (共14层) | 2010年 | 1室1厅 | 78.33平米 | 东北,https://ke-image.ljcdn.com/110000-inspection/88ec8f7d-35f9-48f3-9aed-688455686ab4_1000.jpg!m_fill,w_280,h_210,f_jpg?from=ke.com
20241015,通州,通州北苑,101126895921,世纪星城三期南北通透房间干净整洁,450万,42976元/平,低楼层 (共18层) | 2009年 | 2室2厅 | 104.71平米 | 南 北,https://ke-image.ljcdn.com/110000-inspection/46b309a2-05e5-4e44-8430-06756335e054_1000.jpg!m_fill,w_280,h_210,f_jpg?from=ke.com
20241015,通州,通州北苑,101126866636,满五唯一南北卧室互不干扰步行5min内可达通,310万,31482元/平,高楼层 (共6层) 2室1厅 | 98.47平米 | 南 北,https://ke-image.ljcdn.com/110000-inspection/79c543fa-5a4f-4806-ab70-d4fcb4f616bc_1000.jpg!m_fill,w_280,h_210,f_jpg?from=ke.com
20241015,通州,通州北苑,101126854154,新华联锦园 2室1厅 南 北,320万,41270元/平,顶层 (共6层) 2室1厅 | 77.54平米 | 南 北,https://ke-image.ljcdn.com/110000-inspection/pc1_zOoxVWLOp_1.jpg!m_fill,w_280,h_210,f_jpg?from=ke.com
20241015,通州,通州北苑,101126852169,世纪星城三期 2室2厅 南 北,409万,41406元/平,低楼层 (共9层) 2室2厅 | 98.78平米 | 南 北,https://ke-image.ljcdn.com/110000-inspection/1b8249a4-3c1a-441c-88cd-ce5b1fcb920a_1000.jpg!m_fill,w_280,h_210,f_jpg?from=ke.com
20241015,通州,通州北苑,101126849985,房子有天然气大面宽短进深视野开阔满5年唯一,195万,36904元/平,低楼层 (共15层) | 2009年 | 1室1厅 | 52.84平米 | 西,https://ke-image.ljcdn.com/110000-inspection/822191e5-817a-4e6e-bfc2-5014799ce973_1000.jpg!m_fill,w_280,h_210,f_jpg?from=ke.com
20241015,通州,通州北苑,101126848215,南北通透全明格局不临街采光无遮挡,520万,47909元/平,低楼层 (共10层) 2室2厅 | 108.54平米 | 南 北,https://ke-image.ljcdn.com/110000-inspection/0079ec9c-7373-4d6d-aaae-a44b9d86e672_1000.jpg!m_fill,w_280,h_210,f_jpg?from=ke.com
20241015,通州,通州北苑,101126841381,京贸国际公寓 3室1厅 南 北,429万,34236元/平,低楼层 (共24层) | 2002年 | 3室1厅 | 125.31平米 | 南 北,https://ke-image.ljcdn.com/110000-inspection/c7aaf752-9786-4458-833c-e0a54a76c284_1000.jpg!m_fill,w_280,h_210,f_jpg?from=ke.com
20241015,通州,通州北苑,101126838127,京贸国际公寓 4室1厅 西南,655万,34443元/平,顶层 (共24层) | 2004年 | 4室1厅 | 190.17平米 | 西南,https://ke-image.ljcdn.com/110000-inspection/5ed27a66-aaf2-4eb5-bed4-e1a9b211759b_1000.jpg!m_fill,w_280,h_210,f_jpg?from=ke.com
20241015,通州,通州北苑,101126822947,面向花园满眼绿色满五唯一地铁八里桥站户型好,618万,36405元/平,低楼层 (共24层) | 2004年 | 4室1厅 | 169.76平米 | 东南,https://ke-image.ljcdn.com/110000-inspection/pc1_LNFXykzlq_1.jpg!m_fill,w_280,h_210,f_jpg?from=ke.com
20241015,通州,通州北苑,101126822862,朝阳区70年产权住宅满五唯一南北通透中间层,168万,28207元/平,中楼层 (共5层) 2室1厅 | 59.56平米 | 南 北,https://ke-image.ljcdn.com/110000-inspection/961fc670-ee3e-42e1-b34c-a9debeb4ff35_1000.jpg!m_fill,w_280,h_210,f_jpg?from=ke.com
20241015,通州,通州北苑,101126819287,华兴园 4室2厅 南 北,510万,36104元/平,顶层 (共6层) 4室2厅 | 141.26平米 | 南 北,https://ke-image.ljcdn.com/110000-inspection/4886ed5e-ceaf-482f-9288-23128b1c8749_1000.jpg!m_fill,w_280,h_210,f_jpg?from=ke.com
20241015,通州,通州北苑,101126797116,京贸国际公寓 3室1厅 东南,458万,31810元/平,低楼层 (共29层) | 2004年 | 3室1厅 | 143.98平米 | 东南,https://ke-image.ljcdn.com/110000-inspection/8c05b2b7-4b47-4a1d-b866-b3ff2f2a7e8f_1000.jpg!m_fill,w_280,h_210,f_jpg?from=ke.com
20241015,通州,通州北苑,101126784858,户型好高楼层视野宽阔通风采光好交通便利房主自荐,260万,33636元/平,高楼层 (共6层) 2室1厅 | 77.3平米 | 南 北,https://ke-image.ljcdn.com/110000-inspection/36abc1bc-a94b-426e-ad89-51cfda829f13_1000.jpg!m_fill,w_280,h_210,f_jpg?from=ke.com
20241015,通州,通州北苑,101126778742,通州万达旁 东向小户型 高层视野好 精装修 采光好,178万,33160元/平,中楼层 (共20层) | 2009年 | 1室0厅 | 53.68平米 | 东,https://ke-image.ljcdn.com/110000-inspection/f981d72e-254f-48b6-bae3-f108dfcc014d_1000.jpg!m_fill,w_280,h_210,f_jpg?from=ke.com
20241015,通州,通州北苑,101126744828,京贸国际公寓 满五唯一 东向大两居 采光好,340万,29532元/平,低楼层 (共24层) | 2002年 | 2室1厅 | 115.13平米 | 东,https://ke-image.ljcdn.com/110000-inspection/e79db602-237b-4d6c-a2e7-b3f9d2c702bd_1000.jpg!m_fill,w_280,h_210,f_jpg?from=ke.com
20241015,通州,通州北苑,101126724130,杨庄22号院 1室1厅 南 北房主自荐,188万,37578元/平,顶层 (共6层) | 2001年 | 1室1厅 | 50.03平米 | 南 北,https://ke-image.ljcdn.com/110000-inspection/pc1_96Sg4pwbX_1.jpg!m_fill,w_280,h_210,f_jpg?from=ke.com
20241015,通州,通州北苑,101126701477,标准一居室南北通透交通便利随时可看。,185万,33753元/平,高楼层 (共6层) | 1993年 | 1室1厅 | 54.81平米 | 南 北,https://ke-image.ljcdn.com/110000-inspection/b8af2c3e-2e71-478c-8267-29635fbd44ac_1000.jpg!m_fill,w_280,h_210,f_jpg?from=ke.com
20241015,通州,通州北苑,101126701364,通州北苑万达商圈精装两居室南北通透有电梯。,569万,42980元/平,中楼层 (共23层) | 2004年 | 2室2厅 | 132.39平米 | 南 北,https://ke-image.ljcdn.com/110000-inspection/370b0f81-93e0-41dc-afa7-4ed432b6b150_1000.jpg!m_fill,w_280,h_210,f_jpg?from=ke.com
20241015,通州,通州北苑,101126696652,世纪星城三期复式全明格局分层入户。,750万,69265元/平,中楼层 (共31层) | 2010年 | 4室2厅 | 108.28平米 | 南 北,https://ke-image.ljcdn.com/110000-inspection/8edea4b6-5d00-4cc8-a4f3-3ca4ec12fe6a_1000.jpg!m_fill,w_280,h_210,f_jpg?from=ke.com
20241015,通州,通州北苑,101126679117,满五年唯一交通便利三阳台通透格局好,310万,34164元/平,顶层 (共6层) | 1999年 | 2室1厅 | 90.74平米 | 东 西,https://ke-image.ljcdn.com/110000-inspection/12b8953d-e7c5-488f-8cf8-1fcddce71150_1000.jpg!m_fill,w_280,h_210,f_jpg?from=ke.com
20241015,通州,通州北苑,101126676117,通典铭居 3室2厅 西,550万,40317元/平,高楼层 (共25层) 3室2厅 | 136.42平米 | 西,https://ke-image.ljcdn.com/110000-inspection/d384de08-8fe1-4ea0-8949-2cf181f6e3b0_1000.jpg!m_fill,w_280,h_210,f_jpg?from=ke.com
20241015,通州,通州北苑,101126664980,户型好高楼层视野宽阔通风采光好交通便利,206万,32264元/平,高楼层 (共6层) | 1988年 | 2室1厅 | 63.85平米 | 南 北,https://ke-image.ljcdn.com/110000-inspection/22cad510-6618-4f89-8d42-7fead198994f_1000.jpg!m_fill,w_280,h_210,f_jpg?from=ke.com
20241015,通州,通州北苑,101126661410,京贸国际公寓 3室1厅 西北,415万,31447元/平,中楼层 (共24层) 3室1厅 | 131.97平米 | 西北,https://ke-image.ljcdn.com/110000-inspection/c06aa4b3-7dda-4038-b743-51d3a173cfdd_1000.jpg!m_fill,w_280,h_210,f_jpg?from=ke.com
20241015,通州,通州北苑,101126656391,西马庄全明户型三居室满五唯一出售,280万,27140元/平,顶层 (共6层) 3室1厅 | 103.17平米 | 南 北,https://ke-image.ljcdn.com/110000-inspection/ce56a5df-f97a-44c2-84ad-0bb3865d7810_1000.jpg!m_fill,w_280,h_210,f_jpg?from=ke.com
20241015,通州,通州北苑,101126639655,M5朗峰 70年产权 满五年 精装修,399万,55119元/平,中楼层 (共14层) | 2012年 | 2室1厅 | 72.39平米 | 东 西,https://ke-image.ljcdn.com/110000-inspection/21029296-61b3-45a9-83ef-4c7cccccf6d2_1000.jpg!m_fill,w_280,h_210,f_jpg?from=ke.com
20241015,通州,通州北苑,101126628068,长桥园公寓南北经典三居 房子采光好 楼层好房主自荐,430万,36857元/平,中楼层 (共12层) | 2002年 | 3室1厅 | 116.67平米 | 南 北,https://ke-image.ljcdn.com/110000-inspection/fc1eb614-1c89-483b-a04f-eaf6cc3f9bf4_1000.jpg!m_fill,w_280,h_210,f_jpg?from=ke.com
20241015,通州,通州北苑,101126627140,长桥园公寓 南北经典双卫生间三居 交通便利房主自荐,418万,35828元/平,底层 (共12层) | 2002年 | 3室1厅 | 116.67平米 | 南 北,https://ke-image.ljcdn.com/110000-inspection/eeb44135-4413-48c9-b8a5-811d6a018ac3_1000.jpg!m_fill,w_280,h_210,f_jpg?from=ke.com
20241015,通州,通州北苑,101126624476,西马庄园 2室1厅 南 北,215万,26521元/平,底层 (共6层) 2室1厅 | 81.07平米 | 南 北,https://ke-image.ljcdn.com/110000-inspection/pc1_MY5DFqAFI_1.jpg!m_fill,w_280,h_210,f_jpg?from=ke.com
20241015,通州,通州北苑,101126624469,西马庄园 近万达近地铁 高楼层 采光好,269万,32143元/平,顶层 (共6层) 2室1厅 | 83.69平米 | 南 北,https://ke-image.ljcdn.com/110000-inspection/aeeac820-5386-495e-a82f-8616a6a8a551_1000.jpg!m_fill,w_280,h_210,f_jpg?from=ke.com
20241015,通州,通州北苑,101126612716,世纪星城 2室2厅 南 北,598万,56533元/平,底层 (共9层) 2室2厅 | 105.78平米 | 南 北,https://ke-image.ljcdn.com/110000-inspection/ef504718-66a6-42d1-ad4e-a3ba0f526bd8_1000.jpg!m_fill,w_280,h_210,f_jpg?from=ke.com
20241015,通州,通州北苑,101126606590,新华联锦园 2室1厅 南 北,268万,40817元/平,顶层 (共6层) 2室1厅 | 65.66平米 | 南 北,https://ke-image.ljcdn.com/110000-inspection/pc1_9IJgTH60V_1.jpg!m_fill,w_280,h_210,f_jpg?from=ke.com
20241015,通州,通州北苑,101126606163,八里桥地铁站不临街安静舒适70年产权住宅,145万,14812元/平,地下室 (共15层) | 2002年 | 3室1厅 | 97.9平米 | 南 北,https://ke-image.ljcdn.com/110000-inspection/f8012e86-39e4-4744-99ed-1d2d865a1cf9_1000.jpg!m_fill,w_280,h_210,f_jpg?from=ke.com
20241015,通州,通州北苑,101126603098,此房装修很好装完基本没怎么住全新的家具家电,330万,39971元/平,中楼层 (共6层) | 2001年 | 2室1厅 | 82.56平米 | 南 北,https://ke-image.ljcdn.com/110000-inspection/5cb5c1d8-222f-4383-9dbe-59cc10cf8249_1000.jpg!m_fill,w_280,h_210,f_jpg?from=ke.com
20241015,通州,通州北苑,101126602621,通州万达商圈新华联锦园精装三居南北通透带地下室房主自荐,476万,37564元/平,高楼层 (共6层) 3室2厅 | 126.72平米 | 东 南 北,https://ke-image.ljcdn.com/110000-inspection/5b7884ce-eccf-4cd3-8e23-a3ebbff6b05e_1000.jpg!m_fill,w_280,h_210,f_jpg?from=ke.com
20241015,通州,通州北苑,101126601661,世纪星城三期下沉花园复式小区中间位置,860万,35516元/平,底层 (共18层) | 2009年 | 3室3厅 | 242.15平米 | 南 北,https://ke-image.ljcdn.com/110000-inspection/pc1_gySRE3wmr_1.jpg!m_fill,w_280,h_210,f_jpg?from=ke.com
20241015,通州,通州北苑,101126601253,世纪星城三期全明大两居南北通透 配套成熟,428万,41643元/平,低楼层 (共31层) | 2010年 | 2室2厅 | 102.78平米 | 南 北,https://ke-image.ljcdn.com/110000-inspection/2fcba60e-924d-44b4-af9f-08140bf899d4_1000.jpg!m_fill,w_280,h_210,f_jpg?from=ke.com
20241015,通州,通州北苑,101126596479,西马庄园 4室2厅 南 北,400万,28869元/平,高楼层 (共6层) | 1996年 | 4室2厅 | 138.56平米 | 南 北,https://ke-image.ljcdn.com/110000-inspection/pc1_4kKsoumfr_1.jpg!m_fill,w_280,h_210,f_jpg?from=ke.com
20241015,通州,通州北苑,101126596123,长桥园 精装南北通透3居室 半地下70年住宅 价格房主自荐,144万,14595元/平,地下室 (共15层) | 2003年 | 3室1厅 | 98.67平米 | 南 北,https://ke-image.ljcdn.com/110000-inspection/a0db3fa3-abc4-4a68-be47-861f2d905079_1000.jpg!m_fill,w_280,h_210,f_jpg?from=ke.com
20241015,通州,通州北苑,101126594156,新华联锦园 2室1厅 南 北,341万,34480元/平,高楼层 (共6层) 2室1厅 | 98.9平米 | 南 北,https://ke-image.ljcdn.com/110000-inspection/49b69c01-bd6f-47eb-889c-4e8e34fee4ad_1000.jpg!m_fill,w_280,h_210,f_jpg?from=ke.com
20241015,通州,通州北苑,101126592985,杨庄路沿线 南北通透两居室 楼层高采光充足,225万,31628元/平,高楼层 (共6层) 2室1厅 | 71.14平米 | 南 北,https://ke-image.ljcdn.com/110000-inspection/60e066c3-667f-41b9-a34e-e8f6a7eec66a_1000.jpg!m_fill,w_280,h_210,f_jpg?from=ke.com
20241015,通州,通州北苑,101126592983,西马庄园 2室2厅 东南 西北,240万,29605元/平,低楼层 (共6层) | 1999年 | 2室2厅 | 81.07平米 | 东南 西北,https://ke-image.ljcdn.com/110000-inspection/9b960550-43ff-45c2-ad05-0ece9cf57ec5_1000.jpg!m_fill,w_280,h_210,f_jpg?from=ke.com
20241015,通州,通州北苑,101126586572,西马庄两居室满五唯一诚心出售,199万,27351元/平,高楼层 (共6层) 2室1厅 | 72.76平米 | 南 北,https://ke-image.ljcdn.com/110000-inspection/9c6b1844-efc1-4cb4-9880-98fb4053d591_1000.jpg!m_fill,w_280,h_210,f_jpg?from=ke.com
20241015,通州,通州北苑,101126583329,通州北苑新华联锦园经典三居室南北通透满五唯一,535万,38122元/平,低楼层 (共6层) | 2003年 | 3室2厅 | 140.34平米 | 南 西 北,https://ke-image.ljcdn.com/110000-inspection/d4a42f48-b0aa-4ba4-8e32-331c9e953169_1000.jpg!m_fill,w_280,h_210,f_jpg?from=ke.com
20241015,通州,通州北苑,101126582942,杨庄北街7号院 南北经典三居 交通便利 购物方便,298万,35655元/平,中楼层 (共6层) 3室1厅 | 83.58平米 | 南 北,https://ke-image.ljcdn.com/110000-inspection/e4b802f5-7969-42fa-a974-8f1649c12f90_1000.jpg!m_fill,w_280,h_210,f_jpg?from=ke.com
20241015,通州,通州北苑,101126581833,满5年唯一方正户型诚心出售南北2居室。,198万,30285元/平,顶层 (共6层) | 1996年 | 2室1厅 | 65.38平米 | 南 北,https://ke-image.ljcdn.com/110000-inspection/8e24dc40-d1c0-432c-ae9c-67c309ba9e5a_1000.jpg!m_fill,w_280,h_210,f_jpg?from=ke.com
20241015,通州,通州北苑,101126563854,通州北苑双卧室南向两居视野好装修好厨房带阳台,450万,43366元/平,中楼层 (共29层) | 2010年 | 2室2厅 | 103.77平米 | 西南,https://ke-image.ljcdn.com/110000-inspection/8f40190a-779a-45f7-b53f-3c2c6f1c366a_1000.jpg!m_fill,w_280,h_210,f_jpg?from=ke.com
20241015,通州,通州北苑,101126560392,京贸国际公寓 3室1厅 西 北 南,468万,33374元/平,高楼层 (共29层) | 2004年 | 3室1厅 | 140.23平米 | 西 北 南,https://ke-image.ljcdn.com/110000-inspection/f61e2310-0345-497c-9f6c-1deaefd5662f_1000.jpg!m_fill,w_280,h_210,f_jpg?from=ke.com
20241015,通州,通州北苑,101126551236,八里桥地铁70年产权住宅复式大三居精装修,460万,26590元/平,高楼层 (共29层) | 2004年 | 3室2厅 | 173平米 | 东北,https://ke-image.ljcdn.com/110000-inspection/c2c42d49-cf9e-441e-812e-c0baf9a9e66b_1000.jpg!m_fill,w_280,h_210,f_jpg?from=ke.com
20241015,通州,通州北苑,101126550265,户型好高楼层视野宽阔通风采光好交通便利,259万,33506元/平,顶层 (共6层) 2室1厅 | 77.3平米 | 南 北,https://ke-image.ljcdn.com/110000-inspection/21292769-a9c3-4521-80c8-db61f0b37bd2_1000.jpg!m_fill,w_280,h_210,f_jpg?from=ke.com
20241015,通州,通州北苑,101126547683,八里桥地铁70年产权住宅民水民电户型方正,500万,34728元/平,低楼层 (共29层) 3室1厅 | 143.98平米 | 东南,https://ke-image.ljcdn.com/110000-inspection/06e265e9-6ee7-40de-b941-d5c076d4a109_1000.jpg!m_fill,w_280,h_210,f_jpg?from=ke.com
20241015,通州,通州北苑,101126516225,地铁八里桥站东南没有遮挡满五唯一70年住宅,326万,33675元/平,中楼层 (共29层) | 2004年 | 2室1厅 | 96.81平米 | 东南,https://ke-image.ljcdn.com/110000-inspection/77d01ac8-e5e9-4e59-b564-f602eb4df49f_1000.jpg!m_fill,w_280,h_210,f_jpg?from=ke.com
20241015,通州,通州北苑,101126511533,通州北苑新华联锦园经典复式南北通透近地铁,305万,39330元/平,顶层 (共6层) | 2004年 | 2室1厅 | 77.55平米 | 北 南,https://ke-image.ljcdn.com/110000-inspection/59ddb8ab-9f38-4d1a-ac55-9795c0958152_1000.jpg!m_fill,w_280,h_210,f_jpg?from=ke.com
20241015,通州,通州北苑,101126511395,通州北苑新华联锦园精装三居南北通透带新风系统,580万,41718元/平,中楼层 (共6层) | 2002年 | 3室2厅 | 139.03平米 | 南 北,https://ke-image.ljcdn.com/110000-inspection/pc1_UZ1JdCDuj.jpg!m_fill,w_280,h_210,f_jpg?from=ke.com
20241015,通州,通州北苑,101126511387,通州万达西果园经典小两居南北通透带大阳台满五唯一,189万,28159元/平,顶层 (共6层) 2室1厅 | 67.12平米 | 南 北,https://ke-image.ljcdn.com/110000-inspection/a4a14559-1126-480a-8602-5bddd6200697_1000.jpg!m_fill,w_280,h_210,f_jpg?from=ke.com
20241015,通州,通州北苑,101126506185,世纪星城 2室2厅 南 北,420万,44853元/平,低楼层 (共10层) | 2005年 | 2室2厅 | 93.64平米 | 南 北,https://ke-image.ljcdn.com/110000-inspection/16439438-5097-4595-bff5-74fce9c3f750_1000.jpg!m_fill,w_280,h_210,f_jpg?from=ke.com
20241015,通州,通州北苑,101126499727,世纪星城 电梯三居 中间位置 全明户型 满五诚心卖,600万,47970元/平,中楼层 (共10层) | 2005年 | 3室2厅 | 125.08平米 | 南 北,https://ke-image.ljcdn.com/110000-inspection/be992567-020b-4511-9aea-200bd0f1e102_1000.jpg!m_fill,w_280,h_210,f_jpg?from=ke.com
20241015,通州,通州北苑,101126499003,M5朗峰 满五年唯一 精装三居,468万,52834元/平,中楼层 (共12层) | 2012年 | 4室1厅 | 88.58平米 | 西,https://ke-image.ljcdn.com/110000-inspection/69967b9d-2e97-4ab4-b026-aef9245a0c10_1000.jpg!m_fill,w_280,h_210,f_jpg?from=ke.com
20241015,通州,通州北苑,101126497449,京贸国际公寓 2室2厅 南,315万,32255元/平,中楼层 (共24层) | 2002年 | 2室2厅 | 97.66平米 | 南,https://ke-image.ljcdn.com/110000-inspection/4a370036-d3d3-4678-8371-bad1f3348bdc_1000.jpg!m_fill,w_280,h_210,f_jpg?from=ke.com
20241015,通州,通州北苑,101126492882,通州北苑鑫苑小区 大三居 看房方便业主诚心卖,295万,24153元/平,高楼层 (共6层) | 2001年 | 3室1厅 | 122.14平米 | 东 西,https://ke-image.ljcdn.com/110000-inspection/pc1_Tfg5iCKnm.jpg!m_fill,w_280,h_210,f_jpg?from=ke.com
20241015,通州,通州北苑,101126486820,西果园18号院满五唯一正规三居室业主诚心出售,280万,25569元/平,顶层 (共6层) | 1997年 | 3室1厅 | 109.51平米 | 东 西 北,https://ke-image.ljcdn.com/110000-inspection/pc1_NKIDX884s_1.jpg!m_fill,w_280,h_210,f_jpg?from=ke.com
20241015,通州,通州北苑,101126486234,世纪星城四居室双层复式非顶层满五唯一业诚售,728万,70845元/平,中楼层 (共23层) | 2009年 | 4室2厅 | 102.76平米 | 南 北,https://ke-image.ljcdn.com/110000-inspection/c29f1cd3-0bb9-4598-b933-ee0c7421aaff_1000.jpg!m_fill,w_280,h_210,f_jpg?from=ke.com
20241015,通州,通州北苑,101126483030,通州北苑新华联锦园温馨两居南北通透满五唯一,370万,37412元/平,中楼层 (共6层) 2室1厅 | 98.9平米 | 南 北,https://ke-image.ljcdn.com/110000-inspection/d90af7e5-8b52-45bb-a9fe-e495168373a7_1000.jpg!m_fill,w_280,h_210,f_jpg?from=ke.com
20241015,通州,通州北苑,101126474875,京贸国际公寓 3室1厅 南 西南,650万,38254元/平,低楼层 (共24层) 3室1厅 | 169.92平米 | 南 西南,https://ke-image.ljcdn.com/110000-inspection/ee463a76-b254-46a4-b931-867be5b8fcf2_1000.jpg!m_fill,w_280,h_210,f_jpg?from=ke.com
20241015,通州,通州北苑,101126472834,鑫苑小区 1室1厅 南 北,280万,40657元/平,中楼层 (共5层) 1室1厅 | 68.87平米 | 南 北,https://ke-image.ljcdn.com/110000-inspection/pc1_WcjETKNUf.jpg!m_fill,w_280,h_210,f_jpg?from=ke.com
20241015,通州,通州北苑,101126471747,京贸国际公寓 满五唯一 户型方正规矩,360万,31270元/平,低楼层 (共24层) | 2002年 | 2室1厅 | 115.13平米 | 西,https://ke-image.ljcdn.com/110000-inspection/4219fe36-ef11-47da-8d45-73c6090437cc_1000.jpg!m_fill,w_280,h_210,f_jpg?from=ke.com
20241015,通州,通州北苑,101126466821,世纪星城三期 精装全明两居  满五唯一 诚心出售,470万,47542元/平,低楼层 (共18层) | 2008年 | 2室2厅 | 98.86平米 | 南 北,https://ke-image.ljcdn.com/110000-inspection/pc1_r1bplq3Aw.jpg!m_fill,w_280,h_210,f_jpg?from=ke.com
20241015,通州,通州北苑,101126459445,铁路宿舍 南北通透三居室 全明户型 采光好视野开阔,275万,34048元/平,高楼层 (共6层) | 1988年 | 3室1厅 | 80.77平米 | 南 北,https://ke-image.ljcdn.com/110000-inspection/pc1_DlNy9yhRX_1.jpg!m_fill,w_280,h_210,f_jpg?from=ke.com
20241015,通州,通州北苑,101126459193,长桥园公寓 2室2厅 南 北,460万,43994元/平,高楼层 (共12层) | 2002年 | 2室2厅 | 104.56平米 | 南 北,https://ke-image.ljcdn.com/110000-inspection/d9dc50a5-e6ad-4abb-b64d-af0b965e8c0f_1000.jpg!m_fill,w_280,h_210,f_jpg?from=ke.com
20241015,通州,通州北苑,101126459045,世纪星城三居装修不到两年中间位置诚意出售。,480万,45676元/平,低楼层 (共18层) | 2009年 | 3室1厅 | 105.09平米 | 南 北,https://ke-image.ljcdn.com/110000-inspection/6af8a6e8-6d46-4226-88e6-40dce9bb400e_1000.jpg!m_fill,w_280,h_210,f_jpg?from=ke.com
20241015,通州,通州北苑,101126458948,长桥园公寓 4室1厅 南 北,688万,33959元/平,顶层 (共15层) | 2003年 | 4室1厅 | 202.6平米 | 南 北,https://ke-image.ljcdn.com/110000-inspection/a4542126-c3e9-4d66-b7f8-a7d1748332bf_1000.jpg!m_fill,w_280,h_210,f_jpg?from=ke.com
20241015,通州,通州北苑,101126458681,此房满五唯一精装修南北通透的户型居住舒适,188万,32347元/平,中楼层 (共6层) | 1987年 | 2室1厅 | 58.12平米 | 南 北,https://ke-image.ljcdn.com/110000-inspection/pc1_TWerP7qcP.jpg!m_fill,w_280,h_210,f_jpg?from=ke.com
20241015,通州,通州北苑,101126458514,新华联锦园 3室2厅 南 西 北,435万,48970元/平,顶层 (共6层) 3室2厅 | 88.83平米 | 南 西 北,https://ke-image.ljcdn.com/110000-inspection/8d3f05a4-d8dd-4ecc-be19-8756455c6263_1000.jpg!m_fill,w_280,h_210,f_jpg?from=ke.com
20241015,通州,通州北苑,101126458391,杨庄22号院 2室1厅 南 西,319万,31713元/平,中楼层 (共6层) | 2001年 | 2室1厅 | 100.59平米 | 南 西,https://ke-image.ljcdn.com/110000-inspection/2b13f4ee-a127-4bd7-b676-b25c156d02fb_1000.jpg!m_fill,w_280,h_210,f_jpg?from=ke.com
20241015,通州,通州北苑,101126458418,杨庄小区 2室1厅 南 北,235万,35813元/平,高楼层 (共6层) 2室1厅 | 65.62平米 | 南 北,https://ke-image.ljcdn.com/110000-inspection/bd133d27-a0c7-452f-8c09-6785cb60cf24_1000.jpg!m_fill,w_280,h_210,f_jpg?from=ke.com
20241015,通州,通州北苑,101126457068,世纪星城三期 中间好楼层 好位置精装三居 满五唯一,646万,44390元/平,中楼层 (共18层) | 2009年 | 3室2厅 | 145.53平米 | 南 北,https://ke-image.ljcdn.com/110000-inspection/361969a8-d84c-4bae-a747-b2a7da6490ec_1000.jpg!m_fill,w_280,h_210,f_jpg?from=ke.com
20241015,通州,通州北苑,101126457044,鑫苑小区 2室1厅 东 西,380万,42909元/平,高楼层 (共6层) 2室1厅 | 88.56平米 | 东 西,https://ke-image.ljcdn.com/110000-inspection/pc1_03nmr1bBm_1.jpg!m_fill,w_280,h_210,f_jpg?from=ke.com
20241015,通州,通州北苑,101126456992,鑫苑小区 1室1厅 南 北,199万,43998元/平,顶层 (共5层) | 2002年 | 1室1厅 | 45.23平米 | 南 北,https://ke-image.ljcdn.com/110000-inspection/62c9ab25-6f3b-4ad5-afed-a9af04519caf_1000.jpg!m_fill,w_280,h_210,f_jpg?from=ke.com
20241015,通州,通州北苑,101126455767,世纪星城三期四居下跃 满五唯一诚心出售,600万,35173元/平,底层 (共18层) | 2010年 | 3室2厅 | 170.59平米 | 南 北,https://ke-image.ljcdn.com/110000-inspection/prod-e3f94477-670c-47dd-89ce-27654fb12662.jpg!m_fill,w_280,h_210,f_jpg?from=ke.com
20241015,通州,通州北苑,101126454969,鑫苑小区 5室2厅 南 北,780万,34796元/平,顶层 (共5层) | 2001年 | 5室2厅 | 224.17平米 | 南 北,https://ke-image.ljcdn.com/110000-inspection/6b02f318-ebf3-45b4-b37b-dfd711b44992_1000.jpg!m_fill,w_280,h_210,f_jpg?from=ke.com
20241015,通州,通州北苑,101126454888,万达商圈满五年唯一高楼层视野好电梯房,315万,44745元/平,高楼层 (共28层) | 2010年 | 1室1厅 | 70.4平米 | 东 南 北,https://ke-image.ljcdn.com/110000-inspection/pc1_2JH6jrNtr_1.jpg!m_fill,w_280,h_210,f_jpg?from=ke.com
20241015,通州,通州北苑,101126454454,八里桥地铁站东南朝向大三居不临街视野开阔,515万,35459元/平,高楼层 (共24层) | 2002年 | 3室2厅 | 145.24平米 | 东南,https://ke-image.ljcdn.com/110000-inspection/c00b05b5-51b4-4c2d-a0f5-f680ac80d659_1000.jpg!m_fill,w_280,h_210,f_jpg?from=ke.com
20241015,通州,通州北苑,101126454196,精装修南北通透全明格局满五年唯一住宅,780万,75891元/平,中楼层 (共31层) | 2010年 | 4室2厅 | 102.78平米 | 南 北,https://ke-image.ljcdn.com/110000-inspection/92e99b25-a4ed-4d92-8af5-9fe99fb08fe0_1000.jpg!m_fill,w_280,h_210,f_jpg?from=ke.com
20241015,通州,通州北苑,101126453907,地铁500米左右长桥园小区南北通透双卫三居室不临街,395万,35423元/平,低楼层 (共15层) | 2002年 | 3室1厅 | 111.51平米 | 南 北,https://ke-image.ljcdn.com/110000-inspection/2517b1c3-3c27-4c07-8a5e-303812e52ee9_1000.jpg!m_fill,w_280,h_210,f_jpg?from=ke.com
20241015,通州,通州北苑,101126452103,京贸国际公寓交通便利周边配套齐全小区绿化好,520万,35798元/平,低楼层 (共24层) 3室2厅 | 145.26平米 | 南,https://ke-image.ljcdn.com/110000-inspection/766ee2a6-11c3-49e9-be64-7b6a87811a45_1000.jpg!m_fill,w_280,h_210,f_jpg?from=ke.com
20241015,通州,通州北苑,101126449869,通州北苑新华联中间楼层南北通透两居室,349万,37041元/平,中楼层 (共6层) 2室2厅 | 94.22平米 | 南 北,https://ke-image.ljcdn.com/110000-inspection/pc1_zlXNiINQf_1.jpg!m_fill,w_280,h_210,f_jpg?from=ke.com
20241015,通州,通州北苑,101126447793,电梯房视野采光好无遮挡精装修诚心卖,141万,28918元/平,低楼层 (共15层) | 2009年 | 1室0厅 | 48.76平米 | 西,https://ke-image.ljcdn.com/110000-inspection/pc1_bvMAQr3MS_1.jpg!m_fill,w_280,h_210,f_jpg?from=ke.com
20241015,通州,通州北苑,101126437854,世纪星城一层下跃诚意出售看房方便,605万,35679元/平,底层 (共17层) | 2009年 | 3室2厅 | 169.57平米 | 南 北,https://ke-image.ljcdn.com/110000-inspection/b7f9d3ad-ffb2-4113-add6-c179c840d4a9_1000.jpg!m_fill,w_280,h_210,f_jpg?from=ke.com
20241015,通州,通州北苑,101126437014,京通快速广渠路八通线下跃业主诚售价格可谈随时可签,958万,36116元/平,底层 (共16层) | 2009年 | 6室2厅 | 265.26平米 | 南,https://ke-image.ljcdn.com/110000-inspection/7c68ec4c-8c24-4542-9887-f91bc6617ce6_1000.jpg!m_fill,w_280,h_210,f_jpg?from=ke.com
20241015,通州,通州北苑,101126435289,八里桥地铁70年产权住宅民水民电南北朝向,167万,14887元/平,地下室 (共15层) | 2002年 | 3室1厅 | 112.18平米 | 南 北,https://ke-image.ljcdn.com/110000-inspection/2c645322-bf41-4b31-96db-544b29bd1c38_1000.jpg!m_fill,w_280,h_210,f_jpg?from=ke.com
20241015,通州,通州北苑,101126434500,京贸国际公寓 南北通透三居室 高楼层采光好,428万,34240元/平,中楼层 (共24层) 3室1厅 | 125平米 | 南 北,https://ke-image.ljcdn.com/110000-inspection/08bc6c64-faf2-44b0-9e65-f134d42689ef_1000.jpg!m_fill,w_280,h_210,f_jpg?from=ke.com
20241015,通州,通州北苑,101126418588,东向安静业主新装修的电梯房诚心卖,155万,35437元/平,高楼层 (共15层) | 2009年 | 1室1厅 | 43.74平米 | 东,https://ke-image.ljcdn.com/110000-inspection/e5020523-14cf-4a81-9a75-fb9ed27cf3dc_1000.jpg!m_fill,w_280,h_210,f_jpg?from=ke.com
20241015,通州,通州北苑,101126414896,世纪星城三期 2室2厅 南 北,409万,41469元/平,低楼层 (共17层) | 2009年 | 2室2厅 | 98.63平米 | 南 北,https://ke-image.ljcdn.com/110000-inspection/pc1_k0OyCQfwW.jpg!m_fill,w_280,h_210,f_jpg?from=ke.com
20241015,通州,通州北苑,101126409013,通州北苑新华联锦园精装两居南北通透中楼层有地下室房主自荐,379万,37633元/平,中楼层 (共6层) 2室1厅 | 100.71平米 | 南 北,https://ke-image.ljcdn.com/110000-inspection/5481bde6-9c71-4289-8b11-7ab34a4eee57_1000.jpg!m_fill,w_280,h_210,f_jpg?from=ke.com
20241015,通州,通州北苑,101126375096,世纪星城三期 全明户型 两梯三户 南北通透 好房,426万,40661元/平,顶层 (共26层) | 2009年 | 2室2厅 | 104.77平米 | 南 北,https://ke-image.ljcdn.com/110000-inspection/pc1_JGt0blkXC_1.jpg!m_fill,w_280,h_210,f_jpg?from=ke.com
20241015,通州,通州北苑,101126369863,八里桥南院 2室1厅 南 北,159万,26483元/平,中楼层 (共5层) | 1984年 | 2室1厅 | 60.04平米 | 南 北,https://ke-image.ljcdn.com/110000-inspection/pc1_RCYXrg0Om.jpg!m_fill,w_280,h_210,f_jpg?from=ke.com
20241015,通州,通州北苑,101126353618,中楼层H户型双卫两居10平米地下室采光无遮挡,370万,36490元/平,中楼层 (共6层) 2室2厅 | 101.4平米 | 南 北,https://ke-image.ljcdn.com/110000-inspection/pc1_W1CFx997T_1.jpg!m_fill,w_280,h_210,f_jpg?from=ke.com
20241015,通州,通州北苑,101126347241,世纪星城三期 小区东边位置 采光好 两梯两户,405万,39413元/平,低楼层 (共23层) | 2009年 | 2室2厅 | 102.76平米 | 南 北,https://ke-image.ljcdn.com/110000-inspection/pc1_6dQARSWJC_1.jpg!m_fill,w_280,h_210,f_jpg?from=ke.com
20241015,通州,通州北苑,101126347099,杨庄22号院 4室1厅 南 北房主自荐,303万,39515元/平,顶层 (共6层) | 2004年 | 4室1厅 | 76.68平米 | 南 北,https://ke-image.ljcdn.com/110000-inspection/5f00826c-2ad0-4b28-a08c-38b31cf4fa2f_1000.jpg!m_fill,w_280,h_210,f_jpg?from=ke.com
20241015,通州,通州北苑,101126343694,不临街高楼层正规两居复式格局,340万,41439元/平,顶层 (共24层) | 2005年 | 2室1厅 | 82.05平米 | 东北,https://ke-image.ljcdn.com/110000-inspection/52e0f348-882e-45a0-86cf-1cbb89106f0d_1000.jpg!m_fill,w_280,h_210,f_jpg?from=ke.com
20241015,通州,通州北苑,101126342278,西马庄园 4室2厅 南 北,388万,28003元/平,顶层 (共6层) | 1996年 | 4室2厅 | 138.56平米 | 南 北,https://ke-image.ljcdn.com/110000-inspection/afc89cce-8743-4038-9e40-09a2a38633ae_1000.jpg!m_fill,w_280,h_210,f_jpg?from=ke.com
20241015,通州,通州北苑,101126341935,西马庄大户型复式采光好视野好,395万,22354元/平,顶层 (共5层) 4室2厅 | 176.71平米 | 南 北,https://ke-image.ljcdn.com/110000-inspection/09c159ba-d006-4485-bbae-1ba11492f0bc_1000.jpg!m_fill,w_280,h_210,f_jpg?from=ke.com
20241015,通州,通州北苑,101126283169,杨庄22号院 南向一居室 中间楼层 精装修 视野好房主自荐,230万,36966元/平,中楼层 (共6层) 2室1厅 | 62.22平米 | 南,https://ke-image.ljcdn.com/110000-inspection/eae20942-3ee3-4beb-8fed-5316c0bd66f3_1000.jpg!m_fill,w_280,h_210,f_jpg?from=ke.com
20241015,通州,通州北苑,101126264335,西马庄总价的一居室适合刚需,140万,24744元/平,顶层 (共6层) | 2001年 | 1室1厅 | 56.58平米 | 南 北,https://ke-image.ljcdn.com/110000-inspection/0582e5b5-c510-46b0-a21c-c17cf87f8dba_1000.jpg!m_fill,w_280,h_210,f_jpg?from=ke.com
20241015,通州,通州北苑,101126245678,通州北苑新华联锦园经典两居南北通透有地下室,358万,36206元/平,中楼层 (共6层) 2室1厅 | 98.88平米 | 南 北,https://ke-image.ljcdn.com/110000-inspection/a415c5ff-583b-40bd-b4b2-db3e394241cc_1000.jpg!m_fill,w_280,h_210,f_jpg?from=ke.com
20241015,通州,通州北苑,101126226945,万达北侧装修大两居靠谱出售随时可看中楼层位置好,228万,30791元/平,低楼层 (共6层) 2室2厅 | 74.05平米 | 南 北,https://ke-image.ljcdn.com/110000-inspection/pc1_fHjLwuV0y.jpg!m_fill,w_280,h_210,f_jpg?from=ke.com
20241015,通州,通州北苑,101126221612,精装修六居室  四代同堂 万达商圈 北苑地铁,1200万,35737元/平,底层 (共20层) 6室4厅 | 335.79平米 | 南 北,https://ke-image.ljcdn.com/110000-inspection/d2bc6b7c-8258-4da5-a92a-e56a7b04dbe8_1000.jpg!m_fill,w_280,h_210,f_jpg?from=ke.com
20241015,通州,通州北苑,101126212617,北苑135号院 南北两居 全明户型,220万,32910元/平,顶层 (共6层) | 1993年 | 2室1厅 | 66.85平米 | 南 北,https://ke-image.ljcdn.com/110000-inspection/c7b7a358-c260-4c7b-85d8-6fb652c06541_1000.jpg!m_fill,w_280,h_210,f_jpg?from=ke.com
20241015,通州,通州北苑,101126211690,星城三期中间层复式五居三卫很适合三代人同住,720万,70053元/平,中楼层 (共31层) | 2010年 | 4室2厅 | 102.78平米 | 南 北,https://ke-image.ljcdn.com/110000-inspection/pc1_ufunkDgEs_1.jpg!m_fill,w_280,h_210,f_jpg?from=ke.com
20241015,通州,通州北苑,101126184564,通州北苑杨庄22号南北通透两居满五唯一门口公交站,310万,35490元/平,中楼层 (共6层) | 2004年 | 2室1厅 | 87.35平米 | 南 北,https://ke-image.ljcdn.com/110000-inspection/b83952f6-9176-4965-9fd5-d8d1dcc8bcbf_1000.jpg!m_fill,w_280,h_210,f_jpg?from=ke.com
20241015,通州,通州北苑,101126121396,西马庄园小区一居室客厅卧室均朝南卫生间干湿分离,165万,27967元/平,顶层 (共6层) 1室1厅 | 59平米 | 南 北,https://ke-image.ljcdn.com/110000-inspection/f29fdd36-4376-4d37-8311-841fef572a91_1000.jpg!m_fill,w_280,h_210,f_jpg?from=ke.com
20241015,通州,通州北苑,101126107680,世纪星城 复式 5室3卫 利用率高 南北通透房主自荐,619万,49335元/平,高楼层 (共12层) | 2005年 | 5室3厅 | 125.47平米 | 南 北,https://ke-image.ljcdn.com/110000-inspection/pc1_9MPF97By0_1.jpg!m_fill,w_280,h_210,f_jpg?from=ke.com
20241015,通州,通州北苑,101126095169,新华联锦园 交通便利居住舒适。,537.6万,41847元/平,中楼层 (共6层) 3室2厅 | 128.47平米 | 南 北,https://ke-image.ljcdn.com/110000-inspection/pc1_Tebspl1Dh_1.jpg!m_fill,w_280,h_210,f_jpg?from=ke.com
20241015,通州,通州北苑,101126005466,业主靠谱出售满五年唯一住房 采光好,180万,22278元/平,顶层 (共6层) | 2001年 | 2室1厅 | 80.8平米 | 东 西,https://ke-image.ljcdn.com/110000-inspection/24b42e71-a4bc-4cc8-a409-b72f0d3b84e0_1000.jpg!m_fill,w_280,h_210,f_jpg?from=ke.com
20241015,通州,通州北苑,101125952456,满五年家庭唯一住房270度观景视野辽阔,320万,34821元/平,顶层 (共6层) | 2003年 | 2室1厅 | 91.9平米 | 南 北,https://ke-image.ljcdn.com/110000-inspection/pc1_Kl8eIeQD1_1.jpg!m_fill,w_280,h_210,f_jpg?from=ke.com
20241015,通州,通州北苑,101125950985,科印小区 南北向两居 交通便利房主自荐,376万,47583元/平,顶层 (共6层) 2室1厅 | 79.02平米 | 南 北,https://ke-image.ljcdn.com/110000-inspection/1acef573-90cd-4f88-bd48-8a321785fbdc_1000.jpg!m_fill,w_280,h_210,f_jpg?from=ke.com
20241015,通州,通州北苑,101125904320,京贸国际公寓70年产权住宅民用水民用电房主自荐,298万,30468元/平,中楼层 (共22层) | 2002年 | 2室2厅 | 97.81平米 | 南,https://ke-image.ljcdn.com/110000-inspection/181e8b95-323b-4e18-9d38-5cfc128abba6_1000.jpg!m_fill,w_280,h_210,f_jpg?from=ke.com
20241015,通州,通州北苑,101125852426,新华联锦园复式精装南北通透双卫全明东边户大阳台房主自荐,515万,50127元/平,顶层 (共6层) 3室2厅 | 102.74平米 | 南 北,https://ke-image.ljcdn.com/110000-inspection/fad7e35b-f6b8-4176-80a1-70d220ba87c2_1000.jpg!m_fill,w_280,h_210,f_jpg?from=ke.com
20241015,通州,通州北苑,101125835842,此房满五年唯一业主自住采光好南北通透大阳台。,199万,34901元/平,低楼层 (共6层) | 2001年 | 1室1厅 | 57.02平米 | 南 北,https://ke-image.ljcdn.com/110000-inspection/e92a1f44-17b5-4ab2-b7e4-20901bb47d0b_1000.jpg!m_fill,w_280,h_210,f_jpg?from=ke.com
20241015,通州,通州北苑,101125828301,西马庄园 南北通透看房方便诚心出售房主自荐,215万,26557元/平,高楼层 (共6层) 2室1厅 | 80.96平米 | 南 北,https://ke-image.ljcdn.com/110000-inspection/5ea5513d-26c3-4d37-abcd-f9a60f896de4_1000.jpg!m_fill,w_280,h_210,f_jpg?from=ke.com
20241015,通州,通州北苑,101125807927,M5朗峰 70年住宅人车分流 2012年建成,313万,54721元/平,低楼层 (共10层) | 2012年 | 2室1厅 | 57.2平米 | 西 东,https://ke-image.ljcdn.com/110000-inspection/febaa17e-5355-4cd3-aee2-8e0a7d4f730a_1000.jpg!m_fill,w_280,h_210,f_jpg?from=ke.com
20241015,通州,通州北苑,101125752226,通州北苑新华联锦园温馨复式满五唯一交通方便,480万,31175元/平,顶层 (共6层) | 2002年 | 3室2厅 | 153.97平米 | 南 北,https://ke-image.ljcdn.com/110000-inspection/39617d30-80da-4fce-b966-b84add74fd8d_1000.jpg!m_fill,w_280,h_210,f_jpg?from=ke.com
20241015,通州,通州北苑,101125708558,杨庄路 西果园 满五唯一 看房方便 业主诚心卖,298万,25743元/平,高楼层 (共6层) | 1990年 | 4室1厅 | 115.76平米 | 南 北,https://ke-image.ljcdn.com/110000-inspection/da4f19be-a42b-48a5-9efa-203a10dbaef7_1000.jpg!m_fill,w_280,h_210,f_jpg?from=ke.com
20241015,通州,通州北苑,101125674003,通州新华联万达商圈业主诚心出售 南北通透,325万,32058元/平,高楼层 (共6层) 2室2厅 | 101.38平米 | 南 北,https://ke-image.ljcdn.com/110000-inspection/dd86b642-ff20-42dc-9297-66a1a4f2218d_1000.jpg!m_fill,w_280,h_210,f_jpg?from=ke.com
20241015,通州,通州北苑,101125617436,新华联锦园 2室2厅 南 北,329万,32514元/平,高楼层 (共6层) | 2002年 | 2室2厅 | 101.19平米 | 南 北,https://ke-image.ljcdn.com/110000-inspection/pc1_4Gp2mcrvH_1.jpg!m_fill,w_280,h_210,f_jpg?from=ke.com
20241015,通州,通州北苑,101125599973,杨庄22号院 南北通透 精装修 诚心卖,369万,42332元/平,中楼层 (共6层) 2室1厅 | 87.17平米 | 南 北,https://ke-image.ljcdn.com/110000-inspection/b879fa0d-ee61-428a-a40a-8df39041c62e_1000.jpg!m_fill,w_280,h_210,f_jpg?from=ke.com
20241015,通州,通州北苑,101125533673,业主诚心卖电梯房1居室东向采光视野好交通便利,165万,32328元/平,中楼层 (共22层) | 2009年 | 1室0厅 | 51.04平米 | 东,https://ke-image.ljcdn.com/110000-inspection/pc1_eXbxHebn5_1.jpg!m_fill,w_280,h_210,f_jpg?from=ke.com
20241015,通州,通州北苑,101125494841,急售八里桥地铁长桥园160平米三居电梯复式观景大宅,480万,29987元/平,顶层 (共9层) 3室2厅 | 160.07平米 | 南 北,https://ke-image.ljcdn.com/110000-inspection/a251f030-d142-41e4-934a-7f225cc8dd25_1000.jpg!m_fill,w_280,h_210,f_jpg?from=ke.com
20241015,通州,通州北苑,101125492552,杨庄22号院 2室1厅 南 北,338万,38864元/平,低楼层 (共6层) 2室1厅 | 86.97平米 | 南 北,https://ke-image.ljcdn.com/110000-inspection/1c638a84-7c57-415d-8f31-72be8c5c00d3_1000.jpg!m_fill,w_280,h_210,f_jpg?from=ke.com
20241015,通州,通州北苑,101125451107,通州万达西马庄园南北通透5居室满五年采光好,300万,19303元/平,顶层 (共6层) 5室2厅 | 155.42平米 | 南 北,https://ke-image.ljcdn.com/110000-inspection/pc1_LDeNoHsym_1.jpg!m_fill,w_280,h_210,f_jpg?from=ke.com
20241015,通州,通州北苑,101125433578,东向安静电梯房有天燃气诚心出售,186万,36854元/平,中楼层 (共22层) | 2009年 | 1室0厅 | 50.47平米 | 东,https://ke-image.ljcdn.com/110000-inspection/4d49cf7f-5f6b-4d86-bb9e-c3e1093f0c30_1000.jpg!m_fill,w_280,h_210,f_jpg?from=ke.com
20241015,通州,通州北苑,101125433558,西向无遮挡采光好电梯房有天燃气,223万,35555元/平,低楼层 (共22层) | 2009年 | 1室1厅 | 62.72平米 | 西,https://ke-image.ljcdn.com/110000-inspection/216741dd-3a63-4659-b6d6-642e96e8db7a_1000.jpg!m_fill,w_280,h_210,f_jpg?from=ke.com
20241015,通州,通州北苑,101125416627,防腐厂宿舍南北两居室诚意出售提前约看房。,205.6万,37698元/平,底层 (共5层) 2室1厅 | 54.54平米 | 南 北,https://ke-image.ljcdn.com/110000-inspection/45055954-1de9-4ba6-b175-f27899c0c413_1000.jpg!m_fill,w_280,h_210,f_jpg?from=ke.com
20241015,通州,通州北苑,101125349888,万达北苑商圈 M5朗峰上下两层中高楼层视野开阔,309万,51890元/平,中楼层 (共12层) | 2012年 | 5室1厅 | 59.55平米 | 东 西,https://ke-image.ljcdn.com/110000-inspection/pc1_WAXL491bR_1.jpg!m_fill,w_280,h_210,f_jpg?from=ke.com
20241015,通州,通州北苑,101125289641,近万达 北苑地铁站 南北通透一居,188万,38684元/平,中楼层 (共6层) | 2001年 | 1室1厅 | 48.6平米 | 南 北,https://ke-image.ljcdn.com/110000-inspection/c7dcf94e-6079-4954-bd00-3de8d058ed9d_1000.jpg!m_fill,w_280,h_210,f_jpg?from=ke.com
20241015,通州,通州北苑,101125289196,通州北苑新华联锦园精装三居南北通透满五唯一房主自荐,525万,37072元/平,高楼层 (共6层) 3室2厅 | 141.62平米 | 东 南 北,https://ke-image.ljcdn.com/110000-inspection/75c92af6-7259-48b5-84fc-cc1ac6989eaf_1000.jpg!m_fill,w_280,h_210,f_jpg?from=ke.com
20241015,通州,通州北苑,101125237393,八里桥南院精装修南向两居室诚心出售,185万,34612元/平,顶层 (共5层) | 1984年 | 2室1厅 | 53.45平米 | 南,https://ke-image.ljcdn.com/110000-inspection/ca1a7814-e3ce-4b70-84b7-72ddd1f03531_1000.jpg!m_fill,w_280,h_210,f_jpg?from=ke.com
20241015,通州,通州北苑,101125231632,长城国际 1室0厅 西,160万,33045元/平,中楼层 (共15层) | 2009年 | 1室0厅 | 48.42平米 | 西,https://ke-image.ljcdn.com/110000-inspection/161e6666-6dc1-4807-8d81-6bdc205057d9_1000.jpg!m_fill,w_280,h_210,f_jpg?from=ke.com
20241015,通州,通州北苑,101125220874,新华联锦园 3室1厅 南 北,528万,39158元/平,低楼层 (共6层) | 2002年 | 3室1厅 | 134.84平米 | 南 北,https://ke-image.ljcdn.com/110000-inspection/pc1_Am8uCFwIp_1.jpg!m_fill,w_280,h_210,f_jpg?from=ke.com
20241015,通州,通州北苑,101125213146,满五唯一 南北通透 地铁通州北苑  全明3居 万达,280万,33792元/平,高楼层 (共6层) 3室1厅 | 82.86平米 | 南 北,https://ke-image.ljcdn.com/110000-inspection/bad6f957-99b8-423a-9e2c-be988fa124b0_1000.jpg!m_fill,w_280,h_210,f_jpg?from=ke.com
20241015,通州,通州北苑,101125207427,一家人居住舒适南北通透复式5居,640万,40872元/平,高楼层 (共31层) | 2010年 | 5室1厅 | 156.59平米 | 南 北,https://ke-image.ljcdn.com/110000-inspection/9ddbce94-7664-40da-b163-e531a3eea9c8_1000.jpg!m_fill,w_280,h_210,f_jpg?from=ke.com
20241015,通州,通州北苑,101125177504,世纪星城 新上南北通透 3居室,505万,54874元/平,高楼层 (共10层) | 2005年 | 3室2厅 | 92.03平米 | 南 北,https://ke-image.ljcdn.com/110000-inspection/71db5d8c-00f9-45a1-be2d-0394c5f85284_1000.jpg!m_fill,w_280,h_210,f_jpg?from=ke.com
20241015,通州,通州北苑,101125160690,世纪星城 中间位置高楼层视野好 南北通透两居室房主自荐,486万,49161元/平,高楼层 (共18层) | 2008年 | 2室2厅 | 98.86平米 | 南 北,https://ke-image.ljcdn.com/110000-inspection/pc1_cPFeKved9_1.jpg!m_fill,w_280,h_210,f_jpg?from=ke.com
20241015,通州,通州北苑,101125083804,世纪星城三期 2室2厅 南 北,399万,39023元/平,中楼层 (共31层) | 2010年 | 2室2厅 | 102.25平米 | 南 北,https://ke-image.ljcdn.com/110000-inspection/77c25c59-999c-41db-bda5-d4ff5084203b_1000.jpg!m_fill,w_280,h_210,f_jpg?from=ke.com
20241015,通州,通州北苑,101125070572,京贸国际公寓 3室1厅 东,450万,37041元/平,中楼层 (共24层) 3室1厅 | 121.49平米 | 东,https://ke-image.ljcdn.com/110000-inspection/7a3572cb-0e30-41c9-8bca-f84c41bcbb1e_1000.jpg!m_fill,w_280,h_210,f_jpg?from=ke.com
20241015,通州,通州北苑,101125066959,京贸国际公寓小区地铁300米左右复式5居精装视野好,980万,32778元/平,高楼层 (共29层) | 2004年 | 5室2厅 | 298.99平米 | 西南,https://ke-image.ljcdn.com/110000-inspection/pc1_XPx22E3pM_1.jpg!m_fill,w_280,h_210,f_jpg?from=ke.com
20241015,通州,通州北苑,101125049417,杨庄北街7号院 2室1厅 南 北,179万,27151元/平,顶层 (共6层) | 1995年 | 2室1厅 | 65.93平米 | 南 北,https://ke-image.ljcdn.com/110000-inspection/7f1d5785-918b-412d-bcc5-7677a274c1f5_1000.jpg!m_fill,w_280,h_210,f_jpg?from=ke.com
20241015,通州,通州北苑,101125045839,一期边户双卫主卧拐角阳台满五唯一位置好诚心出售！,480万,44029元/平,高楼层 (共9层) 2室2厅 | 109.02平米 | 南 北,https://ke-image.ljcdn.com/110000-inspection/4f2d3e97-c6d3-4a71-9481-85da9a250a09_1000.jpg!m_fill,w_280,h_210,f_jpg?from=ke.com
20241015,通州,通州北苑,101124840357,西马庄园 近地铁看房方便。诚心出售,310万,31900元/平,中楼层 (共6层) | 2001年 | 3室1厅 | 97.18平米 | 南 北,https://ke-image.ljcdn.com/110000-inspection/8ad706f6-b7eb-4d4c-8aa3-2efbca85be6f_1000.jpg!m_fill,w_280,h_210,f_jpg?from=ke.com
20241015,通州,通州北苑,101124817184,通州北苑南北通透三居诚心出售电梯房,658万,42438元/平,高楼层 (共16层) | 2009年 | 3室2厅 | 155.05平米 | 南 北,https://ke-image.ljcdn.com/110000-inspection/9168655d-e01d-425d-8adb-ea9b464e4bff_1000.jpg!m_fill,w_280,h_210,f_jpg?from=ke.com
20241015,通州,通州北苑,101124803727,世纪星城三期 挑空下跃复式 广渠路沿线,590万,34599元/平,底层 (共18层) | 2008年 | 4室2厅 | 170.53平米 | 南 北,https://ke-image.ljcdn.com/110000-inspection/155a962b-4755-47dc-a3f3-6a08b5bd0667_1000.jpg!m_fill,w_280,h_210,f_jpg?from=ke.com
20241015,通州,通州北苑,101124802887,杨庄15号院精装修诚心出售双阳台北苑商圈交通便利房主自荐,240万,33600元/平,顶层 (共6层) | 1996年 | 2室1厅 | 71.43平米 | 南 北,https://ke-image.ljcdn.com/110000-inspection/f8564781-bda1-4e56-8063-47e8ab5025ef_1000.jpg!m_fill,w_280,h_210,f_jpg?from=ke.com
20241015,通州,通州北苑,101124743185,精装修电梯两居室视野开阔交通便利诚意出售,336万,42196元/平,高楼层 (共25层) 2室1厅 | 79.63平米 | 东北,https://ke-image.ljcdn.com/110000-inspection/a86009cd-e7f2-413f-83e8-c92e80d27d5f_1000.jpg!m_fill,w_280,h_210,f_jpg?from=ke.com
20241015,通州,通州北苑,101124740797,西马庄园 商品房 满五唯一 只有契税。,200万,24577元/平,顶层 (共6层) 2室1厅 | 81.38平米 | 南 北,https://ke-image.ljcdn.com/110000-inspection/c8a2841d-6891-4308-9c11-ef43921d7dda_1000.jpg!m_fill,w_280,h_210,f_jpg?from=ke.com
20241015,通州,通州北苑,101124725960,世纪星城三期 2室2厅 南 北,530万,55307元/平,底层 (共18层) 2室2厅 | 95.83平米 | 南 北,https://ke-image.ljcdn.com/110000-inspection/ba699640-3c3b-4b7a-81e4-a9c851f48df8_1000.jpg!m_fill,w_280,h_210,f_jpg?from=ke.com
20241015,通州,通州北苑,101124720517,西马庄园 中间楼层两居室看房方便房主自荐,226万,29215元/平,中楼层 (共6层) | 1996年 | 2室1厅 | 77.36平米 | 东 西,https://ke-image.ljcdn.com/110000-inspection/f42ca1e0-6cea-4187-935d-522127787e3e_1000.jpg!m_fill,w_280,h_210,f_jpg?from=ke.com
20241015,通州,通州北苑,101124698443,通州北苑杨庄22号院中间楼层南北通透两居房主自荐,310万,36177元/平,中楼层 (共6层) | 2001年 | 2室2厅 | 85.69平米 | 南 北,https://ke-image.ljcdn.com/110000-inspection/2cf34fe7-84fc-424b-9ef5-7cc3e6b8268f_1000.jpg!m_fill,w_280,h_210,f_jpg?from=ke.com
20241015,通州,通州北苑,101124682251,北苑地铁200米万达广场Loft户型,394万,66163元/平,高楼层 (共12层) | 2012年 | 2室1厅 | 59.55平米 | 西,https://ke-image.ljcdn.com/110000-inspection/8f17a137-ae5e-44fb-b942-9056a7565706_1000.jpg!m_fill,w_280,h_210,f_jpg?from=ke.com
20241015,通州,通州北苑,101124651053,通州北苑新华联锦园温馨两居南北通透只有契税不临街房主自荐,387万,39139元/平,中楼层 (共6层) 2室2厅 | 98.88平米 | 南 北,https://ke-image.ljcdn.com/110000-inspection/10622e6d-8f21-4d93-9772-7d7babee897c_1000.jpg!m_fill,w_280,h_210,f_jpg?from=ke.com
20241015,通州,通州北苑,101124645364,新华联锦园 精装修两居室 楼层高 采光视野好房主自荐,320万,53620元/平,顶层 (共6层) | 2003年 | 2室2厅 | 59.68平米 | 南 北,https://ke-image.ljcdn.com/110000-inspection/1812b797-af9a-4e35-883d-1d052f4fb830_1000.jpg!m_fill,w_280,h_210,f_jpg?from=ke.com
20241015,通州,通州北苑,101124628076,西马庄园 2室1厅 南 北,199万,27351元/平,高楼层 (共6层) 2室1厅 | 72.76平米 | 南 北,https://ke-image.ljcdn.com/110000-inspection/dc4ccb1b-dcba-4948-afd9-37117aff4949_1000.jpg!m_fill,w_280,h_210,f_jpg?from=ke.com
20241015,通州,通州北苑,101124618679,南北通透户型方正采光好视野广阔地铁6号线八通线,298万,31612元/平,顶层 (共6层) | 1999年 | 3室1厅 | 94.27平米 | 南 北,https://ke-image.ljcdn.com/110000-inspection/18275d69-f78a-4fd3-9639-16b4c872702f_1000.jpg!m_fill,w_280,h_210,f_jpg?from=ke.com
20241015,通州,通州北苑,101124617534,此房是高楼层南北通透两居室。采光充足,229万,26815元/平,高楼层 (共6层) 2室1厅 | 85.4平米 | 南 北,https://ke-image.ljcdn.com/110000-inspection/0ca21106-3998-4f9f-9e89-9564506537e8_1000.jpg!m_fill,w_280,h_210,f_jpg?from=ke.com
20241015,通州,通州北苑,101124616726,西马庄园 2室1厅 南 北,255万,32452元/平,底层 (共6层) | 1999年 | 2室1厅 | 78.58平米 | 南 北,https://ke-image.ljcdn.com/110000-inspection/531dabd3-3b50-4201-a3fe-7d79550656ad_1000.jpg!m_fill,w_280,h_210,f_jpg?from=ke.com
20241015,通州,通州北苑,101124605545,商品房70年产权住宅满五年唯一不临街,450万,37041元/平,高楼层 (共24层) | 2005年 | 3室2厅 | 121.49平米 | 东南,https://ke-image.ljcdn.com/110000-inspection/078c05cd-e1ad-475c-96ee-7a3a64b95e8d_1000.jpg!m_fill,w_280,h_210,f_jpg?from=ke.com
20241015,通州,通州北苑,101124593910,西马庄园中间楼层两居室东西朝向全明户型,208万,27355元/平,中楼层 (共6层) 2室1厅 | 76.04平米 | 东 南 西,https://ke-image.ljcdn.com/110000-inspection/aa3f63f2-ef9d-4f5c-a18b-b654035ba289_1000.jpg!m_fill,w_280,h_210,f_jpg?from=ke.com
20241015,通州,通州北苑,101124584841,2012年建成  绿城物业  人车分流 满五年唯一房主自荐,335万,57759元/平,低楼层 (共14层) | 2012年 | 2室1厅 | 58平米 | 东 西,https://ke-image.ljcdn.com/110000-inspection/7570a0ce-ceb9-45ec-8e43-856281a4251c_1000.jpg!m_fill,w_280,h_210,f_jpg?from=ke.com
20241015,通州,通州北苑,101124560035,八里桥地铁正规一居室有面积不在房本上,200万,33899元/平,顶层 (共6层) 1室1厅 | 59平米 | 南,https://ke-image.ljcdn.com/110000-inspection/pc1_9DV5Z1IGe_1.jpg!m_fill,w_280,h_210,f_jpg?from=ke.com
20241015,通州,通州北苑,101124557843,世纪星城  南北通透采光好  精装修,430万,45872元/平,中楼层 (共10层) | 2005年 | 2室2厅 | 93.74平米 | 南 北,https://ke-image.ljcdn.com/110000-inspection/82dead22-edee-4f94-bd80-7e7ad595c7ed_1000.jpg!m_fill,w_280,h_210,f_jpg?from=ke.com
20241015,通州,通州北苑,101124528615,满五年唯一 高楼层两居室精装修随时看房方便,379万,66259元/平,中楼层 (共10层) | 2012年 | 2室1厅 | 57.2平米 | 西 东,https://ke-image.ljcdn.com/110000-inspection/19152120-de34-42ab-972f-66ac0ef10245_1000.jpg!m_fill,w_280,h_210,f_jpg?from=ke.com
20241015,通州,通州北苑,101124526502,满五年家庭就这一套住房高楼层西向有阳台房主自荐,150万,30538元/平,中楼层 (共20层) | 2009年 | 1室0厅 | 49.12平米 | 西,https://ke-image.ljcdn.com/110000-inspection/cbb4cf75-8ad5-4bde-8dfd-08c189cc4539_1000.jpg!m_fill,w_280,h_210,f_jpg?from=ke.com
20241015,通州,通州北苑,101124520118,通州北苑西果园小区温馨小两居满五唯一靠近北苑地铁,199万,28791元/平,中楼层 (共6层) | 1996年 | 2室1厅 | 69.12平米 | 东 西,https://ke-image.ljcdn.com/110000-inspection/37b90b17-95d2-4951-ade6-b58c2b7a95b5_1000.jpg!m_fill,w_280,h_210,f_jpg?from=ke.com
20241015,通州,通州北苑,101124458345,M5朗峰东向两居不临街精装修北苑地铁万达广场,318万,54546元/平,中楼层 (共14层) | 2012年 | 2室1厅 | 58.3平米 | 东,https://ke-image.ljcdn.com/110000-inspection/e45ca706-d461-4af6-a28a-aeacfc20f8c3_1000.jpg!m_fill,w_280,h_210,f_jpg?from=ke.com
20241015,通州,通州北苑,101124454562,杨庄南里 长城国际 有燃气 带电梯,185万,34703元/平,中楼层 (共20层) | 2009年 | 1室0厅 | 53.31平米 | 西,https://ke-image.ljcdn.com/110000-inspection/7a8f67b2-939c-475e-959e-7b23a71c61d2_1000.jpg!m_fill,w_280,h_210,f_jpg?from=ke.com
20241015,通州,通州北苑,101124369837,50平米下沉式花园  正规四居室 双卫 北苑地铁,469万,64914元/平,底层 (共12层) | 2012年 | 3室2厅 | 72.25平米 | 南 北,https://ke-image.ljcdn.com/110000-inspection/pc1_RCRb7wKG1_1.jpg!m_fill,w_280,h_210,f_jpg?from=ke.com
20241015,通州,通州北苑,101124325965,满五唯一万达商圈正规3居450米北苑地铁,590万,49735元/平,中楼层 (共25层) 3室1厅 | 118.63平米 | 东南,https://ke-image.ljcdn.com/110000-inspection/aa66e11c-aa54-4460-af4d-608d61469caa_1000.jpg!m_fill,w_280,h_210,f_jpg?from=ke.com
20241015,通州,通州北苑,101124308343,八通线城铁八里桥站南北通透精装修70年产权住宅,399万,37663元/平,顶层 (共22层) | 2002年 | 3室2厅 | 105.94平米 | 南 北,https://ke-image.ljcdn.com/110000-inspection/df9e6979-ca40-48df-9054-edf91d14ed17_1000.jpg!m_fill,w_280,h_210,f_jpg?from=ke.com
20241015,通州,通州北苑,101124278237,【50万装修】上下分层入户！满足四世同堂使用的房子,720万,70067元/平,中楼层 (共23层) | 2009年 | 4室2厅 | 102.76平米 | 南 北,https://ke-image.ljcdn.com/110000-inspection/d6fae854-b0c7-455a-9c83-3fc29d1b6420_1000.jpg!m_fill,w_280,h_210,f_jpg?from=ke.com
20241015,通州,通州北苑,101124271979,通州北苑地铁 杨庄6号院 满五唯一 南北通透 户型方正,285万,34030元/平,高楼层 (共6层) 2室1厅 | 83.75平米 | 南 北,https://ke-image.ljcdn.com/110000-inspection/6fbbe23d-3cf7-4a81-a6f2-fff913317211_1000.jpg!m_fill,w_280,h_210,f_jpg?from=ke.com
20241015,通州,通州北苑,101124209300,万达商圈 北苑地铁 商品房上下两层户型,288万,51939元/平,底层 (共14层) | 2012年 | 2室1厅 | 55.45平米 | 西,https://ke-image.ljcdn.com/110000-inspection/58f3b079-5263-46ad-94f9-daf4c6686656_1000.jpg!m_fill,w_280,h_210,f_jpg?from=ke.com
20241015,通州,通州北苑,101124209115,京贸国际公寓 2室1厅 西南,299万,30617元/平,中楼层 (共24层) | 2002年 | 2室1厅 | 97.66平米 | 西南,https://ke-image.ljcdn.com/110000-inspection/e3fed600-307c-476a-976e-a53b3e8d459d_1000.jpg!m_fill,w_280,h_210,f_jpg?from=ke.com
20241015,通州,通州北苑,101124196424,长桥园公寓 精装修三居 周边配套齐全 临地铁,199万,19597元/平,地下室 (共12层) | 2002年 | 3室1厅 | 101.55平米 | 南 北,https://ke-image.ljcdn.com/110000-inspection/43b07de5-83bc-4e10-a5b8-454ca638985e_1000.jpg!m_fill,w_280,h_210,f_jpg?from=ke.com
20241015,通州,通州北苑,101124185291,通州北苑新华联锦园温馨复式南北通透居住空间大房主自荐,436万,40619元/平,顶层 (共6层) | 2001年 | 4室2厅 | 107.34平米 | 南 北,https://ke-image.ljcdn.com/110000-inspection/72266e97-f4fd-4947-b4b3-da4ffc780131_1000.jpg!m_fill,w_280,h_210,f_jpg?from=ke.com
20241015,通州,通州北苑,101124153596,1号线地铁 高品质小区 南北通透 精装修3居 满五唯一,570万,46151元/平,高楼层 (共29层) | 2010年 | 3室2厅 | 123.51平米 | 南 北,https://ke-image.ljcdn.com/110000-inspection/24dbee59-1465-4e48-a73f-555974f43c2d_1000.jpg!m_fill,w_280,h_210,f_jpg?from=ke.com
20241015,通州,通州北苑,101124034522,世纪星城三期 南北四居 全明格局,750万,72972元/平,中楼层 (共31层) | 2010年 | 4室4厅 | 102.78平米 | 南 北,https://ke-image.ljcdn.com/110000-inspection/pc1_7fZpgax7G.jpg!m_fill,w_280,h_210,f_jpg?from=ke.com
20241015,通州,通州北苑,101124017789,杨庄北街1号院户型好视野宽阔通风采光好交通便,219万,38254元/平,中楼层 (共6层) 2室1厅 | 57.25平米 | 东 南 西,https://ke-image.ljcdn.com/110000-inspection/6ef501a6-ce10-43a9-a464-ec9c8c692499_1000.jpg!m_fill,w_280,h_210,f_jpg?from=ke.com
20241015,通州,通州北苑,101124012817,世纪星城三期 中间层电梯复式 两梯两户 上下两层,720万,70183元/平,高楼层 (共23层) | 2009年 | 4室4厅 | 102.59平米 | 南 北,https://ke-image.ljcdn.com/110000-inspection/c43df0f4-8973-4972-8d7f-1ed7a0f2cc67_1000.jpg!m_fill,w_280,h_210,f_jpg?from=ke.com
20241015,通州,通州北苑,101123997195,通州万达 新华联 小区中间 少有格局 适合空间需求客户房主自荐,455万,44417元/平,顶层 (共6层) | 2003年 | 3室2厅 | 102.44平米 | 南 北,https://ke-image.ljcdn.com/110000-inspection/37a4c9e7-4686-4ed5-81b5-fe5450b2f18c_1000.jpg!m_fill,w_280,h_210,f_jpg?from=ke.com
20241015,通州,通州北苑,101123919620,长城国际三居 采光视野好 电梯房 诚心卖,466万,33533元/平,中楼层 (共15层) | 2010年 | 3室2厅 | 138.97平米 | 东南,https://ke-image.ljcdn.com/110000-inspection/69213bf2-9a3c-4dae-acdc-3f6d00c2a916_1000.jpg!m_fill,w_280,h_210,f_jpg?from=ke.com
20241015,通州,通州北苑,101123908995,京贸国际公寓70年住宅产权正规三居近地铁诚意卖,419万,29950元/平,低楼层 (共29层) | 2004年 | 3室1厅 | 139.9平米 | 西 南 北,https://ke-image.ljcdn.com/110000-inspection/b2b132aa-8e59-48df-9568-c9c98403233a_1000.jpg!m_fill,w_280,h_210,f_jpg?from=ke.com
20241015,通州,通州北苑,101123891388,总监推荐：满五唯一大三居 餐客分离三卧室南向,680万,43680元/平,中楼层 (共20层) 3室2厅 | 155.68平米 | 南 西南,https://ke-image.ljcdn.com/110000-inspection/7ce5da2c-e090-4706-904f-635a95cff408_1000.jpg!m_fill,w_280,h_210,f_jpg?from=ke.com
20241015,通州,通州北苑,101123888501,全南向 高楼层 采光充足 业主诚心出售视野开阔。,420万,41642元/平,顶层 (共26层) | 2009年 | 2室1厅 | 100.86平米 | 南,https://ke-image.ljcdn.com/110000-inspection/8632a252-8fcb-44c0-b27e-66934219b0e2_1000.jpg!m_fill,w_280,h_210,f_jpg?from=ke.com
20241015,通州,通州北苑,101123870088,一号线长桥园精选南北通透一居室带电梯70年大产权,243万,36669元/平,低楼层 (共9层) 1室1厅 | 66.27平米 | 南 北,https://ke-image.ljcdn.com/110000-inspection/cd1d8115-4304-4b80-b964-236c27981619_1000.jpg!m_fill,w_280,h_210,f_jpg?from=ke.com
20241015,通州,通州北苑,101123868114,满五唯一南北通透明厨明卫前后楼间距宽采光好。,469万,36785元/平,高楼层 (共6层) 3室2厅 | 127.5平米 | 东 南 北,https://ke-image.ljcdn.com/110000-inspection/96ad4174-ba5e-4b75-aa01-15b61ea0da36_1000.jpg!m_fill,w_280,h_210,f_jpg?from=ke.com
20241015,通州,通州北苑,101123803763,通州北苑低单价居室多适合改善客户看房方便,499万,28447元/平,高楼层 (共25层) | 2005年 | 4室2厅 | 175.42平米 | 西北,https://ke-image.ljcdn.com/110000-inspection/792c8c55-c5e5-40b7-870b-9d698bc985d8_1000.jpg!m_fill,w_280,h_210,f_jpg?from=ke.com
20241015,通州,通州北苑,101123796872,北苑乙55号院 万达对面 交通便利 中间楼层,230万,30815元/平,中楼层 (共6层) 2室1厅 | 74.64平米 | 南 北,https://ke-image.ljcdn.com/110000-inspection/51fee57b-1f70-472c-8c28-74ce8290c9f1_1000.jpg!m_fill,w_280,h_210,f_jpg?from=ke.com
20241015,通州,通州北苑,101123780618,房子诚心卖当时精装修的婚房无遮挡采光好,489万,27459元/平,顶层 (共6层) | 2001年 | 4室2厅 | 178.09平米 | 东 南 西,https://ke-image.ljcdn.com/110000-inspection/prod-b08798ca-11ad-411e-bc24-2769e50464a3.jpg!m_fill,w_280,h_210,f_jpg?from=ke.com
20241015,通州,通州北苑,101123764646,通典铭居 西向视野开阔 交通便利 配套齐全,317万,37295元/平,高楼层 (共25层) 2室1厅 | 85平米 | 西,https://ke-image.ljcdn.com/110000-inspection/e162e49a-7e87-4bcc-b3c6-dc480cd3fc26_1000.jpg!m_fill,w_280,h_210,f_jpg?from=ke.com
20241015,通州,通州北苑,101123750048,通州北苑万达标准电梯两居室满五年唯一精装修。,375万,47093元/平,中楼层 (共25层) 2室1厅 | 79.63平米 | 西北,https://ke-image.ljcdn.com/110000-inspection/2a6e9657-bef2-4574-8665-cd5fe9b6562e_1000.jpg!m_fill,w_280,h_210,f_jpg?from=ke.com
20241015,通州,通州北苑,101123746306,满五年唯一随时可看正规二居室,339万,35992元/平,底层 (共29层) | 2004年 | 2室1厅 | 94.19平米 | 西,https://ke-image.ljcdn.com/110000-inspection/e93a4806-229d-4d82-b7d3-bc0064169d45_1000.jpg!m_fill,w_280,h_210,f_jpg?from=ke.com
20241015,通州,通州北苑,101123741199,北苑67号院 万达对面 交通便利 业主诚心出售,155万,20149元/平,地下室 (共6层) 2室1厅 | 76.93平米 | 南 北,https://ke-image.ljcdn.com/110000-inspection/00856e9b-be97-493c-a9fe-b66fb08a04de_1000.jpg!m_fill,w_280,h_210,f_jpg?from=ke.com
20241015,通州,通州北苑,101123716938,铁路宿舍南北2居中间好位置不临火车道,180万,28727元/平,顶层 (共6层) | 1988年 | 2室1厅 | 62.66平米 | 南 北,https://ke-image.ljcdn.com/110000-inspection/079db637-ed24-489d-826b-a7af8e9ef791_1000.jpg!m_fill,w_280,h_210,f_jpg?from=ke.com
20241015,通州,通州北苑,101123591417,世纪星城 5室2厅 南 北,750万,59790元/平,高楼层 (共12层) | 2005年 | 5室2厅 | 125.44平米 | 南 北,https://ke-image.ljcdn.com/110000-inspection/de5411f2-8854-4447-8ede-c34b00e3d9c0_1000.jpg!m_fill,w_280,h_210,f_jpg?from=ke.com
20241015,通州,通州北苑,101123583766,北苑地铁 12年小区 精装修2居 环境好 人车分流的 70年,320万,54018元/平,低楼层 (共12层) | 2012年 | 2室2厅 | 59.24平米 | 西 东,https://ke-image.ljcdn.com/110000-inspection/4f7ea5ba-91b9-4748-a4ca-dc2577d5b01e_1000.jpg!m_fill,w_280,h_210,f_jpg?from=ke.com
20241015,通州,通州北苑,101123550001,北苑乙55号院 配套完善 交通便利 看房方便,205万,27466元/平,顶层 (共6层) 2室1厅 | 74.64平米 | 南 北,https://ke-image.ljcdn.com/110000-inspection/b80e8ac8-5193-4381-911d-d997f4bb1c3a_1000.jpg!m_fill,w_280,h_210,f_jpg?from=ke.com
20241015,通州,通州北苑,101123534089,世纪星城三期  全明双卫 中间位置无遮挡 2009商品房,619万,42871元/平,低楼层 (共17层) | 2009年 | 3室2厅 | 144.39平米 | 南 北,https://ke-image.ljcdn.com/110000-inspection/1e87ae6e-fcff-4beb-8220-af5a3398b0cd_1000.jpg!m_fill,w_280,h_210,f_jpg?from=ke.com
20241015,通州,通州北苑,101123532604,通州北苑万达商圈正规大两居室格局好采光充足八通线,339万,33432元/平,中楼层 (共29层) | 2004年 | 2室1厅 | 101.4平米 | 西南,https://ke-image.ljcdn.com/110000-inspection/acca6ba9-c5dd-4fc0-a753-23ee3f1d4be3_1000.jpg!m_fill,w_280,h_210,f_jpg?from=ke.com
20241015,通州,通州北苑,101123532176,八里桥地铁站655米  通惠河岸 品质社区  随时看房,348万,26915元/平,底层 (共24层) 3室1厅 | 129.3平米 | 南 西 北,https://ke-image.ljcdn.com/110000-inspection/6086ed4e-1b21-490c-8138-dcde896d23c4_1000.jpg!m_fill,w_280,h_210,f_jpg?from=ke.com
20241015,通州,通州北苑,101123530190,新华联锦园 万达商圈 南北通透复式格局 采光好无遮挡,590万,38320元/平,顶层 (共6层) 3室2厅 | 153.97平米 | 南 北,https://ke-image.ljcdn.com/110000-inspection/5874e7eb-1004-46eb-bba2-53e22518d5b4_1000.jpg!m_fill,w_280,h_210,f_jpg?from=ke.com
20241015,通州,通州北苑,101123518698,京贸国际公寓 2室1厅 东南,398万,31575元/平,高楼层 (共22层) | 2002年 | 2室1厅 | 126.05平米 | 东南,https://ke-image.ljcdn.com/110000-inspection/25bd6f52-5af9-4552-8a85-66d4c221c50f_1000.jpg!m_fill,w_280,h_210,f_jpg?from=ke.com
20241015,通州,通州北苑,101123508084,万达商圈 精装自住 南北通透两居室 带地下室 满五唯一,270万,44986元/平,顶层 (共6层) 2室1厅 | 60.02平米 | 南 北,https://ke-image.ljcdn.com/110000-inspection/2571b552-d5e3-4ea3-8fd1-f6e6dc7600ea_1000.jpg!m_fill,w_280,h_210,f_jpg?from=ke.com
20241015,通州,通州北苑,101123473949,通州北苑中间楼层H户型南北通透两居室,396万,41804元/平,中楼层 (共6层) 2室1厅 | 94.73平米 | 南 北,https://ke-image.ljcdn.com/110000-inspection/2d2d5776-ca3b-4dee-9a6b-76901fb45d06_1000.jpg!m_fill,w_280,h_210,f_jpg?from=ke.com
20241015,通州,通州北苑,101123464547,京贸国际公寓精装修2居室诚心出售,365万,37676元/平,中楼层 (共29层) 2室1厅 | 96.88平米 | 东南,https://ke-image.ljcdn.com/110000-inspection/c9b43399-e4b4-4569-b318-256dd9971649_1000.jpg!m_fill,w_280,h_210,f_jpg?from=ke.com
20241015,通州,通州北苑,101123453247,西果园小区 杨庄路 南北通透两居室 精装修 拎包入住房主自荐,185万,33220元/平,中楼层 (共6层) | 1987年 | 2室1厅 | 55.69平米 | 南 北,https://ke-image.ljcdn.com/110000-inspection/pc1_GPMyflv7W.jpg!m_fill,w_280,h_210,f_jpg?from=ke.com
20241015,通州,通州北苑,101123451215,杨庄22号院 3室1厅 南 北,536万,43695元/平,底层 (共6层) | 2004年 | 3室1厅 | 122.67平米 | 南 北,https://ke-image.ljcdn.com/110000-inspection/eb4d03fa-781d-4682-97cc-a55b7edc19c1_1000.jpg!m_fill,w_280,h_210,f_jpg?from=ke.com
20241015,通州,通州北苑,101123428022,此房满五年唯一南北通透楼层高采光好 小两居,215万,32710元/平,高楼层 (共6层) | 1994年 | 2室1厅 | 65.73平米 | 南 北,https://ke-image.ljcdn.com/110000-inspection/f1b4c551-d0bc-4873-a08f-fd3c8af76e67_1000.jpg!m_fill,w_280,h_210,f_jpg?from=ke.com
20241015,通州,通州北苑,101123421044,通州万达新华联 南北通透 诚心出售 交通方便房主自荐,535万,38133元/平,中楼层 (共6层) | 2003年 | 3室2厅 | 140.3平米 | 南 北,https://ke-image.ljcdn.com/110000-inspection/d5f316ef-ff4b-4b46-bbc1-5e0e5e72c04c_1000.jpg!m_fill,w_280,h_210,f_jpg?from=ke.com
20241015,通州,通州北苑,101123395288,世纪星城三期满五唯一一层下跃诚心出售,720万,40603元/平,底层 (共18层) | 2008年 | 4室2厅 | 177.33平米 | 南 北,https://ke-image.ljcdn.com/110000-inspection/pc1_OgG164KJp_1.jpg!m_fill,w_280,h_210,f_jpg?from=ke.com
20241015,通州,通州北苑,101123371180,西果园小区 杨庄路63号院 南北通透一居室 精装修房主自荐,170万,39804元/平,中楼层 (共6层) 1室1厅 | 42.71平米 | 南 北,https://ke-image.ljcdn.com/110000-inspection/pc1_3aArSZkQC.jpg!m_fill,w_280,h_210,f_jpg?from=ke.com
20241015,通州,通州北苑,101123330813,位置好无遮挡挑空客厅下沉庭院采光佳满五年且唯一,700万,39475元/平,底层 (共18层) | 2008年 | 3室2厅 | 177.33平米 | 南 北,https://ke-image.ljcdn.com/110000-inspection/prod-45218304-dcc8-4017-bca2-292a24de54d1.jpg!m_fill,w_280,h_210,f_jpg?from=ke.com
20241015,通州,通州北苑,101123260375,此房南北通透两居中间楼层采光好,188万,31303元/平,中楼层 (共6层) | 1985年 | 2室1厅 | 60.06平米 | 南 北,https://ke-image.ljcdn.com/110000-inspection/0296dd1d-fa99-4b3f-8c6f-9b6a07b15c68_1000.jpg!m_fill,w_280,h_210,f_jpg?from=ke.com
20241015,通州,通州北苑,101123217538,通州北苑新华联锦园50万精装三居南北通透有车位,565万,40066元/平,高楼层 (共6层) | 2003年 | 3室2厅 | 141.02平米 | 南 西 北,https://ke-image.ljcdn.com/110000-inspection/73de7b25-3b47-4069-b535-542c3761df54_1000.jpg!m_fill,w_280,h_210,f_jpg?from=ke.com
20241015,通州,通州北苑,101123197544,通州北苑城铁万达一层下跃满五唯一业主诚心出售,1078万,37509元/平,底层 (共14层) | 2010年 | 4室2厅 | 287.4平米 | 东南,https://ke-image.ljcdn.com/110000-inspection/55bba7d4-98cb-41d2-ac0f-60fe7014ff0e_1000.jpg!m_fill,w_280,h_210,f_jpg?from=ke.com
20241015,通州,通州北苑,101123195736,经典loft户型北苑城铁通州万达业主诚售价格可谈,299万,53923元/平,底层 (共10层) | 2012年 | 2室2厅 | 55.45平米 | 西,https://ke-image.ljcdn.com/110000-inspection/df933a5d-9c70-4335-b05e-da398f509025_1000.jpg!m_fill,w_280,h_210,f_jpg?from=ke.com
20241015,通州,通州北苑,101123190297,总监推荐: 满五年唯一交通便利无户口南北通透,280万,30817元/平,顶层 (共6层) 2室1厅 | 90.86平米 | 南 北,https://ke-image.ljcdn.com/110000-inspection/c66c0023-2e95-4dc4-b4a4-0870fa0a6683_1000.jpg!m_fill,w_280,h_210,f_jpg?from=ke.com
20241015,通州,通州北苑,101123149812,杨庄22号院 万达商圈 交通便利 三层 南北通透 精装修房主自荐,269万,42564元/平,中楼层 (共6层) | 2004年 | 1室1厅 | 63.2平米 | 南 北,https://ke-image.ljcdn.com/110000-inspection/5b3cf1a6-f4c1-4d72-b235-ed473cbad9be_1000.jpg!m_fill,w_280,h_210,f_jpg?from=ke.com
20241015,通州,通州北苑,101123148220,长城国际东向采光视野好安安静静,163万,32150元/平,低楼层 (共22层) | 2009年 | 1室0厅 | 50.7平米 | 东 西,https://ke-image.ljcdn.com/110000-inspection/84146a65-3a18-4991-b6ea-2a8cfcad82f7_1000.jpg!m_fill,w_280,h_210,f_jpg?from=ke.com
20241015,通州,通州北苑,101123130927,广渠路京通快速城铁一号线复式业主急卖价格可谈房主自荐,453万,35502元/平,底层 (共28层) | 2009年 | 2室2厅 | 127.6平米 | 东南 北,https://ke-image.ljcdn.com/110000-inspection/3f9f4992-e293-436e-ac4d-6993fa94047e_1000.jpg!m_fill,w_280,h_210,f_jpg?from=ke.com
20241015,通州,通州北苑,101123100653,京贸国际公寓 南北三居室 满五唯一 高楼层采光好,385万,30724元/平,高楼层 (共24层) | 2002年 | 3室1厅 | 125.31平米 | 南 北,https://ke-image.ljcdn.com/110000-inspection/e2c3ceed-4002-4fb6-b11d-bf8304b37f43_1000.jpg!m_fill,w_280,h_210,f_jpg?from=ke.com
20241015,通州,通州北苑,101123042659,西马庄园 1室1厅 南,140万,33566元/平,顶层 (共6层) | 2001年 | 1室1厅 | 41.71平米 | 南,https://ke-image.ljcdn.com/110000-inspection/908d2e3b-8456-4845-b406-6792892504f0_1000.jpg!m_fill,w_280,h_210,f_jpg?from=ke.com
20241015,通州,通州北苑,101123010262,通典铭居 交通便利 小区环境好,235万,32960元/平,底层 (共23层) | 2004年 | 1室1厅 | 71.3平米 | 西南,https://ke-image.ljcdn.com/110000-inspection/9ae80a3a-555f-4ac6-babd-d846f7c4b1ee_1000.jpg!m_fill,w_280,h_210,f_jpg?from=ke.com
20241015,通州,通州北苑,101122969014,西马庄正规两居室 满五唯一采光好 交通便利 配套齐全,259万,31827元/平,高楼层 (共6层) 2室2厅 | 81.38平米 | 南 北,https://ke-image.ljcdn.com/110000-inspection/1754cecc-4ce1-4484-a7ec-6e4f9c1998e7_1000.jpg!m_fill,w_280,h_210,f_jpg?from=ke.com
20241015,通州,通州北苑,101122949110,新华联锦园 南北双通透大两居室 采光视野好,410万,41365元/平,中楼层 (共6层) 2室1厅 | 99.12平米 | 南 北,https://ke-image.ljcdn.com/110000-inspection/62d537f0-1534-4f22-bf94-ccf8113ea298_1000.jpg!m_fill,w_280,h_210,f_jpg?from=ke.com
20241015,通州,通州北苑,101122899775,新华联锦园 2室1厅 南 北,330万,42897元/平,顶层 (共6层) 2室1厅 | 76.93平米 | 南 北,https://ke-image.ljcdn.com/110000-inspection/ef298b55-5d02-43fa-a472-98cddf25c508_1000.jpg!m_fill,w_280,h_210,f_jpg?from=ke.com
20241015,通州,通州北苑,101122865143,此房满五唯一南北通透格局楼层好采光充足,200万,33031元/平,顶层 (共6层) 2室1厅 | 60.55平米 | 南 北,https://ke-image.ljcdn.com/110000-inspection/ef2c4117-05e9-4a6e-8487-f2ce283fe1f2_1000.jpg!m_fill,w_280,h_210,f_jpg?from=ke.com
20241015,通州,通州北苑,101122854427,通州北苑温馨复式楼上一居楼下两居有车位满五唯一房主自荐,289万,47738元/平,顶层 (共6层) 3室2厅 | 60.54平米 | 南 北,https://ke-image.ljcdn.com/110000-inspection/bbd8dd0e-e3d2-4bb1-9a66-7dfdb805de54_1000.jpg!m_fill,w_280,h_210,f_jpg?from=ke.com
20241015,通州,通州北苑,101122757823,通州北苑新华联锦园南北通透复式户型,500万,32474元/平,顶层 (共6层) 3室1厅 | 153.97平米 | 北 南,https://ke-image.ljcdn.com/110000-inspection/3d7f7439-92c6-4957-bb0d-e76fcfd07a60_1000.jpg!m_fill,w_280,h_210,f_jpg?from=ke.com
20241015,通州,通州北苑,101122659123,西马庄园 满五唯一诚心出售看房方便,210万,27309元/平,高楼层 (共6层) | 2001年 | 2室1厅 | 76.9平米 | 南 北,https://ke-image.ljcdn.com/110000-inspection/8ed39714-9020-400d-b334-fd9b994afd15_1000.jpg!m_fill,w_280,h_210,f_jpg?from=ke.com
20241015,通州,通州北苑,101122568979,通州万达商圈 诚心出售 中间楼层 南北通透房主自荐,275万,39523元/平,低楼层 (共6层) 2室1厅 | 69.58平米 | 南 北,https://ke-image.ljcdn.com/110000-inspection/pc1_k5ZmyN9aj_1.jpg!m_fill,w_280,h_210,f_jpg?from=ke.com
20241015,通州,通州北苑,101122403389,此房满5年业主唯一住房到北苑地铁500米房主自荐,368万,31744元/平,顶层 (共6层) 3室1厅 | 115.93平米 | 东北,https://ke-image.ljcdn.com/110000-inspection/pc1_OOqElbqG0_1.jpg!m_fill,w_280,h_210,f_jpg?from=ke.com
20241015,通州,通州北苑,101122368135,世纪星城三期一梯两户满五唯一三代居住全明户型,820万,79783元/平,中楼层 (共31层) | 2010年 | 4室4厅 | 102.78平米 | 南 北,https://ke-image.ljcdn.com/110000-inspection/f8a2d6f1-7d31-4538-825a-d406298fabf4_1000.jpg!m_fill,w_280,h_210,f_jpg?from=ke.com
20241015,通州,通州北苑,101122329339,通州北苑 西南一居室 精装 看房提前联系 靠谱业主,290万,40668元/平,底层 (共23层) | 2004年 | 1室1厅 | 71.31平米 | 西南,https://ke-image.ljcdn.com/110000-inspection/b6388452-8f79-4378-8e4c-b5c3b07c4e20_1000.jpg!m_fill,w_280,h_210,f_jpg?from=ke.com
20241015,通州,通州北苑,101122317376,北苑满五年三居室 楼龄新 近万达地铁,360万,35800元/平,顶层 (共6层) 3室1厅 | 100.56平米 | 南 北,https://ke-image.ljcdn.com/110000-inspection/2e68d990-f8e3-405c-ae98-c65616871f08_1000.jpg!m_fill,w_280,h_210,f_jpg?from=ke.com
20241015,通州,通州北苑,101122315205,杨庄北街2号院精装修02年的房子诚心出售,258万,31311元/平,高楼层 (共6层) 2室1厅 | 82.4平米 | 南 北,https://ke-image.ljcdn.com/110000-inspection/93264224-9ea3-45e4-9159-1e22f7f17738_1000.jpg!m_fill,w_280,h_210,f_jpg?from=ke.com
20241015,通州,通州北苑,101122306030,长城国际房子满五唯一东向采光好视野好,228万,35564元/平,中楼层 (共22层) | 2010年 | 1室0厅 | 64.11平米 | 东,https://ke-image.ljcdn.com/110000-inspection/69cc5ba6-0261-43e8-bfd9-256590144fe9_1000.jpg!m_fill,w_280,h_210,f_jpg?from=ke.com
20241015,通州,通州北苑,101122271010,西马庄园 4室2厅 南 北,425万,30673元/平,中楼层 (共6层) | 1996年 | 4室2厅 | 138.56平米 | 南 北,https://ke-image.ljcdn.com/110000-inspection/2c2e7769-632d-49e4-a7b7-55e461e7362a_1000.jpg!m_fill,w_280,h_210,f_jpg?from=ke.com
20241015,通州,通州北苑,101122107053,通州北苑新华联锦园温馨三居南北通透不临街交通方便,550万,39404元/平,中楼层 (共6层) 3室2厅 | 139.58平米 | 西 南 北,https://ke-image.ljcdn.com/110000-inspection/ac3ebb12-faed-4e71-8e90-9ac3d407c40e_1000.jpg!m_fill,w_280,h_210,f_jpg?from=ke.com
20241015,通州,通州北苑,101122059859,满五唯一 高楼层 视野好 复式结构,495万,36243元/平,顶层 (共24层) 3室1厅 | 136.58平米 | 西,https://ke-image.ljcdn.com/110000-inspection/ad9450cc-be2f-4352-ae32-4c02586eac9d_1000.jpg!m_fill,w_280,h_210,f_jpg?from=ke.com
20241015,通州,通州北苑,101121950245,地铁八里桥站70年产权住宅东南朝向。随时签约,318万,32562元/平,低楼层 (共24层) | 2002年 | 2室1厅 | 97.66平米 | 东南,https://ke-image.ljcdn.com/110000-inspection/98c9d2dd-3193-4f80-8b8a-227ee66f298c_1000.jpg!m_fill,w_280,h_210,f_jpg?from=ke.com
20241015,通州,通州北苑,101121944366,西果园18号 3室1厅 东 西,318万,31358元/平,中楼层 (共6层) | 1990年 | 3室1厅 | 101.41平米 | 东 西,https://ke-image.ljcdn.com/110000-inspection/e7326de3-ab51-40ef-bffc-5c58a431906a_1000.jpg!m_fill,w_280,h_210,f_jpg?from=ke.com
20241015,通州,通州北苑,101121497892,通州万达商圈 南北通透诚信出售精装修自己住 带储藏间,290万,49438元/平,高楼层 (共6层) 1室1厅 | 58.66平米 | 南 北,https://ke-image.ljcdn.com/110000-inspection/676fc426-a9f0-4176-add1-a2ea72ce27fc_1000.jpg!m_fill,w_280,h_210,f_jpg?from=ke.com
20241015,通州,通州北苑,101121495858,通州万达商圈 诚心出售 南北通透 格局方正,340万,38410元/平,中楼层 (共6层) | 2003年 | 2室2厅 | 88.52平米 | 南 北,https://ke-image.ljcdn.com/110000-inspection/c4cbdd43-d5d5-46d5-8d67-ec69256f3724_1000.jpg!m_fill,w_280,h_210,f_jpg?from=ke.com
20241015,通州,通州北苑,101121438455,京贸国际公寓 3室1厅 西南,515万,28953元/平,高楼层 (共29层) | 2004年 | 3室1厅 | 177.88平米 | 西南,https://ke-image.ljcdn.com/110000-inspection/ef427356-620d-4e1d-9f85-7920e3278e74_1000.jpg!m_fill,w_280,h_210,f_jpg?from=ke.com
20241015,通州,通州北苑,101121412265,通州北苑万达商圈 满五唯一诚心出售,310万,41825元/平,顶层 (共6层) 2室1厅 | 74.12平米 | 南 北 东,https://ke-image.ljcdn.com/110000-inspection/pc1_rZKgjYxxl.jpg!m_fill,w_280,h_210,f_jpg?from=ke.com
20241015,通州,通州北苑,101121393524,2012年的社区诚心出售价格可谈 满五年,358万,60118元/平,中楼层 (共12层) | 2012年 | 2室1厅 | 59.55平米 | 东 西,https://ke-image.ljcdn.com/110000-inspection/b6260a45-628e-4dd4-bd9e-96e6f0191e6b_1000.jpg!m_fill,w_280,h_210,f_jpg?from=ke.com
20241015,通州,通州北苑,101121198345,通州新华联 南北3居带15平米左右储藏间诚心出售,599万,42915元/平,底层 (共6层) | 2003年 | 3室2厅 | 139.58平米 | 南 北,https://ke-image.ljcdn.com/110000-inspection/f773efe3-57a4-4090-bdbb-a4f3ed2efef3_1000.jpg!m_fill,w_280,h_210,f_jpg?from=ke.com
20241015,通州,通州北苑,101121141798,地铁600米左右南北通透双卫双阳台全明三居室不临街,398万,35856元/平,低楼层 (共15层) | 2002年 | 3室1厅 | 111平米 | 南 北,https://ke-image.ljcdn.com/110000-inspection/5d83d680-8820-4494-a176-5e4464c2a5d6_1000.jpg!m_fill,w_280,h_210,f_jpg?from=ke.com
20241015,通州,通州北苑,101120866052,通州万达商圈南向一居室精装修拎包入住业主随时签约,299万,41889元/平,低楼层 (共24层) 1室1厅 | 71.38平米 | 南,https://ke-image.ljcdn.com/110000-inspection/307a726c-79c4-4ff7-baa2-0442e69fdd6a_1000.jpg!m_fill,w_280,h_210,f_jpg?from=ke.com
20241015,通州,通州北苑,101120769856,长桥园 正规一居 南北通透电梯房 采光好 70年产权住宅,283万,42705元/平,中楼层 (共9层) 1室1厅 | 66.27平米 | 南 北,https://ke-image.ljcdn.com/110000-inspection/e43b869e-fb14-49d9-a30f-803d4ea4ffb8_1000.jpg!m_fill,w_280,h_210,f_jpg?from=ke.com
20241015,通州,通州北苑,101120744713,满五年南北通透不临街不临铁路中间位置,695万,50734元/平,中楼层 (共12层) | 2005年 | 3室2厅 | 136.99平米 | 南 北,https://ke-image.ljcdn.com/110000-inspection/pc1_Lj3nmpIhy.jpg!m_fill,w_280,h_210,f_jpg?from=ke.com
20241015,通州,通州北苑,101120741135,通州北苑 四世同堂 南北通透 精装修,390万,33691元/平,中楼层 (共6层) | 1997年 | 3室2厅 | 115.76平米 | 南 北,https://ke-image.ljcdn.com/110000-inspection/6d32b903-43de-413d-8207-8b48edefbb2f_1000.jpg!m_fill,w_280,h_210,f_jpg?from=ke.com
20241015,通州,通州北苑,101120693804,地铁600米左右长桥园公寓小区南北通透精装正规一居室,242万,36518元/平,低楼层 (共9层) | 2002年 | 1室1厅 | 66.27平米 | 南 北,https://ke-image.ljcdn.com/110000-inspection/pc1_GTjllnhgC.jpg!m_fill,w_280,h_210,f_jpg?from=ke.com
20241015,通州,通州北苑,101120604580,西马庄园 业主自己住保持的很干净。诚心出售,175万,30691元/平,顶层 (共6层) | 2001年 | 2室1厅 | 57.02平米 | 南 北,https://ke-image.ljcdn.com/110000-inspection/858420f8-bb58-47c7-97d2-87f9665144f5_1000.jpg!m_fill,w_280,h_210,f_jpg?from=ke.com
20241015,通州,通州北苑,101120239425,通州北苑 精装 户型好 配套齐全 交通方便 诚心卖,266万,43063元/平,顶层 (共5层) 2室1厅 | 61.77平米 | 南 北,https://ke-image.ljcdn.com/110000-inspection/057ab391-13d1-486c-a379-aa66bf6730ba_1000.jpg!m_fill,w_280,h_210,f_jpg?from=ke.com
20241015,通州,通州北苑,101120231196,西马庄园南北通透满五唯一。,299万,35600元/平,底层 (共6层) | 1994年 | 2室1厅 | 83.99平米 | 南 北,https://ke-image.ljcdn.com/110000-inspection/ac344b44-af13-4ead-8993-ff1460b40065_1000.jpg!m_fill,w_280,h_210,f_jpg?from=ke.com
20241015,通州,通州北苑,101118988508,地铁22号线  正规两居室 诚心出售,220万,30809元/平,顶层 (共4层) 2室1厅 | 71.41平米 | 西 东,https://ke-image.ljcdn.com/110000-inspection/20307689-e39c-4945-a818-459f2d1f4e5b_1000.jpg!m_fill,w_280,h_210,f_jpg?from=ke.com
20241015,通州,通州北苑,101118331775,长城国际 高楼层 东向开间 正对小区花园 产权清晰,195万,44582元/平,高楼层 (共20层) | 2009年 | 1室0厅 | 43.74平米 | 东,https://ke-image.ljcdn.com/110000-inspection/204e7ca0-515b-4b82-9dac-f4c7a52d00c5_1000.jpg!m_fill,w_280,h_210,f_jpg?from=ke.com
20241015,通州,通州北苑,101127073588,世纪星城三期 3室2厅 南 北,619万,42684元/平,中楼层 (共18层) | 2009年 | 3室2厅 | 145.02平米 | 南 北,https://s1.ljcdn.com/pegasus/redskull/images/common/default_house_list.png?_v=20241010190020670
20241015,通州,通州北苑,101127068154,西果园小区 2室1厅 南 北新上,246万,35668元/平,中楼层 (共6层) 2室1厅 | 68.97平米 | 南 北,https://s1.ljcdn.com/pegasus/redskull/images/common/default_house_list.png?_v=20241010190020670
20241015,通州,通州北苑,101127061698,芳洲花园 东西向两居室 中楼层新上,288万,37821元/平,中楼层 (共6层) 3室1厅 | 76.15平米 | 东 西,https://s1.ljcdn.com/pegasus/redskull/images/common/default_house_list.png?_v=20241010190020670
20241015,通州,通州北苑,101127051668,西马庄园 2室1厅 南 北新上,220万,29823元/平,中楼层 (共6层) 2室1厅 | 73.77平米 | 南 北,https://s1.ljcdn.com/pegasus/redskull/images/common/default_house_list.png?_v=20241010190020670
20241015,通州,通州北苑,101127035209,房子东向采光好格局没变化能变成一室一厅新上,169万,29219元/平,低楼层 (共20层) | 2009年 | 1室1厅 | 57.84平米 | 东,https://s1.ljcdn.com/pegasus/redskull/images/common/default_house_list.png?_v=20241010190020670
20241015,通州,通州北苑,101127035094,天时名苑 2室1厅 南 北新上,470万,44348元/平,低楼层 (共28层) 2室1厅 | 105.98平米 | 南 北,https://s1.ljcdn.com/pegasus/redskull/images/common/default_house_list.png?_v=20241010190020670
20241015,通州,通州北苑,101127023634,新华联锦园 2室2厅 南 北新上,360万,35510元/平,中楼层 (共6层) 2室2厅 | 101.38平米 | 南 北,https://s1.ljcdn.com/pegasus/redskull/images/common/default_house_list.png?_v=20241010190020670
20241015,通州,通州北苑,101126989867,长城国际 1室0厅 东新上,170万,32179元/平,中楼层 (共22层) | 2010年 | 1室0厅 | 52.83平米 | 东,https://s1.ljcdn.com/pegasus/redskull/images/common/default_house_list.png?_v=20241010190020670
20241015,通州,通州北苑,101126966518,天时名苑南北通透两居室户型方正万达广场1号线地铁新上,460万,43405元/平,低楼层 (共28层) 2室2厅 | 105.98平米 | 南 北,https://s1.ljcdn.com/pegasus/redskull/images/common/default_house_list.png?_v=20241010190020670
20241015,通州,通州北苑,101126917962,满五唯一南北通透格局采光充足配套齐全适合老,306万,32354元/平,低楼层 (共6层) 2室2厅 | 94.58平米 | 南 北,https://s1.ljcdn.com/pegasus/redskull/images/common/default_house_list.png?_v=20241010190020670
20241015,通州,通州北苑,101126856570,天时名苑 1室1厅 南 北,310万,47818元/平,高楼层 (共28层) | 2009年 | 1室1厅 | 64.83平米 | 南 北,https://s1.ljcdn.com/pegasus/redskull/images/common/default_house_list.png?_v=20241010190020670
20241015,通州,通州北苑,101126795087,长城国际 2室2厅 西南,478万,34396元/平,低楼层 (共15层) | 2009年 | 2室2厅 | 138.97平米 | 西南,https://s1.ljcdn.com/pegasus/redskull/images/common/default_house_list.png?_v=20241010190020670
20241015,通州,通州北苑,101126794050,鑫苑小区 4室2厅 南 北,550万,33390元/平,顶层 (共5层) | 2001年 | 4室2厅 | 164.72平米 | 南 北,https://s1.ljcdn.com/pegasus/redskull/images/common/default_house_list.png?_v=20241010190020670
20241015,通州,通州北苑,101126759456,通州北苑杨庄22号院温馨大两居采光好出门公交车站房主自荐,316万,31415元/平,中楼层 (共6层) | 2001年 | 2室1厅 | 100.59平米 | 西南,https://s1.ljcdn.com/pegasus/redskull/images/common/default_house_list.png?_v=20241010190020670
20241015,通州,通州北苑,101126751131,此房房产证满五年家庭在京唯一住房板楼南北向三居,420万,37903元/平,高楼层 (共6层) 3室2厅 | 110.81平米 | 南 北,https://s1.ljcdn.com/pegasus/redskull/images/common/default_house_list.png?_v=20241010190020670
20241015,通州,通州北苑,101126738401,新华联锦园 2室1厅 南 北,368万,43967元/平,底层 (共6层) 2室1厅 | 83.7平米 | 南 北,https://s1.ljcdn.com/pegasus/redskull/images/common/default_house_list.png?_v=20241010190020670
20241015,通州,通州北苑,101126673386,西马庄园 2室1厅 南 北,230万,26575元/平,高楼层 (共6层) 2室1厅 | 86.55平米 | 南 北,https://s1.ljcdn.com/pegasus/redskull/images/common/default_house_list.png?_v=20241010190020670
20241015,通州,通州北苑,101126632863,世纪星城 精装两居全明格局 满五唯一,450万,45519元/平,中楼层 (共18层) | 2008年 | 2室2厅 | 98.86平米 | 南 北,https://s1.ljcdn.com/pegasus/redskull/images/common/default_house_list.png?_v=20241010190020670
20241015,通州,通州北苑,101126625864,长城国际东向精装房好楼层视野棒采光好,188万,35266元/平,高楼层 (共20层) | 2009年 | 1室0厅 | 53.31平米 | 东,https://s1.ljcdn.com/pegasus/redskull/images/common/default_house_list.png?_v=20241010190020670
20241015,通州,通州北苑,101126622637,地铁八里桥站正规三居室业主诚心出售户型方正,445万,31734元/平,低楼层 (共29层) | 2004年 | 3室1厅 | 140.23平米 | 东北,https://s1.ljcdn.com/pegasus/redskull/images/common/default_house_list.png?_v=20241010190020670
20241015,通州,通州北苑,101126594751,铁路宿舍 2室1厅 南 北,205万,32964元/平,中楼层 (共6层) 2室1厅 | 62.19平米 | 南 北,https://s1.ljcdn.com/pegasus/redskull/images/common/default_house_list.png?_v=20241010190020670
20241015,通州,通州北苑,101126527533,京贸国际公寓 南北通透 70年产权住宅,440万,35111元/平,低楼层 (共24层) 3室1厅 | 125.32平米 | 南 北,https://s1.ljcdn.com/pegasus/redskull/images/common/default_house_list.png?_v=20241010190020670
20241015,通州,通州北苑,101126515661,70年产权住宅商品房正规三室二卫,405万,27173元/平,高楼层 (共29层) | 2004年 | 3室1厅 | 149.05平米 | 西北,https://s1.ljcdn.com/pegasus/redskull/images/common/default_house_list.png?_v=20241010190020670
20241015,通州,通州北苑,101126513759,长城国际 1室1厅 东,168万,33641元/平,高楼层 (共22层) | 2009年 | 1室1厅 | 49.94平米 | 东,https://s1.ljcdn.com/pegasus/redskull/images/common/default_house_list.png?_v=20241010190020670
20241015,通州,通州北苑,101126510657,世纪星城一层三居室全明户型南北通透,650万,53889元/平,底层 (共10层) | 2005年 | 3室2厅 | 120.62平米 | 南 北,https://s1.ljcdn.com/pegasus/redskull/images/common/default_house_list.png?_v=20241010190020670
20241015,通州,通州北苑,101126459138,长城国际东向安静面对小区花园,170万,33308元/平,低楼层 (共22层) | 2010年 | 1室0厅 | 51.04平米 | 东,https://s1.ljcdn.com/pegasus/redskull/images/common/default_house_list.png?_v=20241010190020670
20241015,通州,通州北苑,101126421258,楼层好视野开阔万达商圈配套齐全,147万,35594元/平,中楼层 (共22层) | 2009年 | 2室2厅 | 41.3平米 | 南,https://s1.ljcdn.com/pegasus/redskull/images/common/default_house_list.png?_v=20241010190020670
20241015,通州,通州北苑,101126399775,世纪星城三期 2室2厅 南 北,460万,46400元/平,高楼层 (共18层) | 2009年 | 2室2厅 | 99.14平米 | 南 北,https://s1.ljcdn.com/pegasus/redskull/images/common/default_house_list.png?_v=20241010190020670
20241015,通州,通州北苑,101126365444,杨庄22号院 3室2厅 南 北,450万,36696元/平,中楼层 (共6层) 3室2厅 | 122.63平米 | 南 北,https://s1.ljcdn.com/pegasus/redskull/images/common/default_house_list.png?_v=20241010190020670
20241015,通州,通州北苑,101126363932,长城国际 集中供暖 有天然气 有电梯 诚心卖房,142万,29267元/平,低楼层 (共20层) | 2009年 | 1室0厅 | 48.52平米 | 东,https://s1.ljcdn.com/pegasus/redskull/images/common/default_house_list.png?_v=20241010190020670
20241015,通州,通州北苑,101126327572,新华联锦园 2室1厅 南 北,328万,32354元/平,中楼层 (共6层) | 2002年 | 2室1厅 | 101.38平米 | 南 北,https://s1.ljcdn.com/pegasus/redskull/images/common/default_house_list.png?_v=20241010190020670
20241015,通州,通州北苑,101126016516,长城国际 北向看日出 精装修,139万,26923元/平,中楼层 (共20层) | 2009年 | 1室0厅 | 51.63平米 | 北,https://s1.ljcdn.com/pegasus/redskull/images/common/default_house_list.png?_v=20241010190020670
20241015,通州,通州北苑,101125311708,通州北苑成熟社区南北通透两居室,179万,29254元/平,低楼层 (共6层) 2室1厅 | 61.19平米 | 南 北,https://s1.ljcdn.com/pegasus/redskull/images/common/default_house_list.png?_v=20241010190020670
20241015,通州,通州北苑,101124045810,新华联锦园 3室1厅 南 北,505万,34226元/平,底层 (共6层) 3室1厅 | 147.55平米 | 南 北,https://s1.ljcdn.com/pegasus/redskull/images/common/default_house_list.png?_v=20241010190020670
20241015,通州,通州北苑,101124010420,京贸国际公寓 满五唯一 高楼层无遮挡视野好,500万,34728元/平,中楼层 (共29层) 3室1厅 | 143.98平米 | 西南,https://s1.ljcdn.com/pegasus/redskull/images/common/default_house_list.png?_v=20241010190020670
20241015,通州,通州北苑,101123523583,产权车位车位的位置好地下的产权车位。业主诚心卖,26万,5217元/平,地下室 | 2012年 | 1室0厅 | 49.84平米 | 南,https://s1.ljcdn.com/pegasus/redskull/images/common/default_house_list.png?_v=20241010190020670
20241015,通州,通州北苑,101122939378,通州万达广场 河和居小区 视野开阔 无遮挡,240万,41595元/平,高楼层 (共22层) | 2010年 | 2室1厅 | 57.7平米 | 西 北,https://s1.ljcdn.com/pegasus/redskull/images/common/default_house_list.png?_v=20241010190020670
20241015,通州,通州北苑,101122715709,京贸国际公寓 车位,21万,16800元/平,地下室 1室0厅 | 12.5平米 | 南,https://ke-image.ljcdn.com/110000-inspection/035adc9c13dd2f1591a60bcc7dabe0b6-085.jpg!m_fill,w_280,h_210,f_jpg?from=ke.com
20241015,通州,通州北苑,101120251247,河和居复式视野开阔万达商圈配套齐全 看房方便,190万,32929元/平,中楼层 (共22层) | 2009年 | 2室1厅 | 57.7平米 | 西北,https://s1.ljcdn.com/pegasus/redskull/images/common/default_house_list.png?_v=20241010190020670
20241015,通州,通州北苑,101119272075,通州北苑新华联锦园小区内底商南北通透看房方便,385万,28790元/平,底层 (共1层) 3室1厅 | 133.73平米 | 南 北,https://s1.ljcdn.com/pegasus/redskull/images/common/default_house_list.png?_v=20241010190020670
20241015,通州,通州北苑,101116771333,M5朗峰朗峰嘉园杨庄北里东边地下车位,28万,6467元/平,地下室 (共1层) | 2012年 | 1室0厅 | 43.3平米 | 东,https://s1.ljcdn.com/pegasus/redskull/images/common/default_house_list.png?_v=20241010190020670
20241015,通州,通州北苑,101111256031,京贸地下产权车位出售价格合理方便看,22万,17600元/平,地下室 | 2003年 | 1室0厅 | 12.5平米 | 东,https://ke-image.ljcdn.com/110000-inspection/291038d0435febeeaf412125b201c195-025.jpg!m_fill,w_280,h_210,f_jpg?from=ke.com
