20241018,东城,东直门,101126898525,新上海运仓小区全南一居室 采光好 中间楼层 诚意售必看好房,525万,109490元/平,中楼层 (共6层) 1室1厅 | 47.95平米 | 南,https://ke-image.ljcdn.com/110000-inspection/51218ba8-05af-4203-b4f3-6f41ae7340bd_1000.jpg!m_fill,w_280,h_210,f_jpg?from=ke.com
20241018,东城,东直门,101126842980,二环边 17号线 中间层 南北通 环境好 有车位必看好房,485万,70990元/平,中楼层 (共5层) 3室1厅 | 68.32平米 | 南 北,https://ke-image.ljcdn.com/110000-inspection/9fd40ead-ad72-43fd-8a3c-9e8a72fd43e8_1000.jpg!m_fill,w_280,h_210,f_jpg?from=ke.com
20241018,东城,东直门,101126833390,海运仓 南北通透 中间楼层 采光充足  闹中取静必看好房,700万,105565元/平,中楼层 (共7层) 2室1厅 | 66.31平米 | 南 北,https://ke-image.ljcdn.com/110000-inspection/7efc85ce-bd1b-4e82-a8d8-b5c72bb969c7_1000.jpg!m_fill,w_280,h_210,f_jpg?from=ke.com
20241018,东城,东直门,101126828627,新源西里东街 2室1厅 南 北必看好房,350万,65190元/平,中楼层 (共5层) 2室1厅 | 53.69平米 | 南 北,https://ke-image.ljcdn.com/110000-inspection/6ffb6204-d01f-4e10-bb01-6a1bd2370e51_1000.jpg!m_fill,w_280,h_210,f_jpg?from=ke.com
20241018,东城,东直门,101126781489,东直门内大街 东南2居室 精装修 电梯必看好房,730万,112655元/平,顶层 (共16层) 2室1厅 | 64.8平米 | 东南,https://ke-image.ljcdn.com/110000-inspection/ad899474-8a28-4011-b225-ac03b9a6df5f_1000.jpg!m_fill,w_280,h_210,f_jpg?from=ke.com
20241018,东城,东直门,101127063730,海运仓胡同3号院 3室1厅 南 北必看好房,830万,98622元/平,高楼层 (共18层) 3室1厅 | 84.16平米 | 南 北,https://ke-image.ljcdn.com/110000-inspection/a32e99a2-3810-4e68-a6ac-0a51834dcfa3_1000.jpg!m_fill,w_280,h_210,f_jpg?from=ke.com
20241018,东城,东直门,101126994933,东中街36号院 单独管理 24小时门卫 南北通透必看好房,620万,106566元/平,顶层 (共6层) 2室1厅 | 58.18平米 | 南 北,https://ke-image.ljcdn.com/110000-inspection/9f17dcf7-eb12-4b76-bbbd-eeda69e395e9_1000.jpg!m_fill,w_280,h_210,f_jpg?from=ke.com
20241018,东城,东直门,101126806681,东城区  南向一居室  中间层  电梯直达,460万,97644元/平,中楼层 (共14层) 1室1厅 | 47.11平米 | 南,https://ke-image.ljcdn.com/110000-inspection/0f91112d-b199-48d0-b15a-eb1915e81034_1000.jpg!m_fill,w_280,h_210,f_jpg?from=ke.com
20241018,东城,东直门,101126720485,海运仓胡同3号院 1室0厅 北必看好房,210万,101992元/平,高楼层 (共16层) 1室0厅 | 20.59平米 | 北,https://ke-image.ljcdn.com/110000-inspection/485eb06a-9b59-415f-8c71-b36c98b28ac5_1000.jpg!m_fill,w_280,h_210,f_jpg?from=ke.com
20241018,东城,东直门,101126682268,清水苑 2室1厅 南 北必看好房,620万,91771元/平,低楼层 (共6层) 2室1厅 | 67.56平米 | 南 北,https://ke-image.ljcdn.com/110000-inspection/ef986c52-d762-47c5-ad56-4a5407dc6bfe_1000.jpg!m_fill,w_280,h_210,f_jpg?from=ke.com
20241018,东城,东直门,101126673196,海运仓胡同3号院  电梯南北大两居南北 采光视野好必看好房,620万,92317元/平,高楼层 (共18层) 2室1厅 | 67.16平米 | 南,https://ke-image.ljcdn.com/110000-inspection/21d23625-78b3-4e13-8bf8-3f67cd53f6c5_1000.jpg!m_fill,w_280,h_210,f_jpg?from=ke.com
20241018,东城,东直门,101126669964,新源西里中街 2室1厅 南 北必看好房,460万,70542元/平,高楼层 (共12层) 2室1厅 | 65.21平米 | 南 北,https://ke-image.ljcdn.com/110000-inspection/8f493967-f1c1-463f-994d-e9268825595c_1000.jpg!m_fill,w_280,h_210,f_jpg?from=ke.com
20241018,东城,东直门,101126492889,民安小区 高层一居室 楼龄新 带电梯 下楼就是公园必看好房,605万,101103元/平,中楼层 (共16层) 1室1厅 | 59.84平米 | 西,https://ke-image.ljcdn.com/110000-inspection/6344426e-76b9-4e2a-a9ec-d946fd44fd76_1000.jpg!m_fill,w_280,h_210,f_jpg?from=ke.com
20241018,东城,东直门,101126324231,东城区 东直门 低楼层  精装修两居 南北通透必看好房,580万,90414元/平,底层 (共6层) 2室1厅 | 64.15平米 | 南 北,https://ke-image.ljcdn.com/110000-inspection/56556468-9871-4034-9f97-bc283c73a8db_1000.jpg!m_fill,w_280,h_210,f_jpg?from=ke.com
20241018,东城,东直门,101126303242,东四十条地铁+南北通透+满五唯一+带地下固定车位必看好房,650万,100854元/平,中楼层 (共9层) 2室1厅 | 64.45平米 | 南 北,https://ke-image.ljcdn.com/110000-inspection/f8cc761b-4576-41c6-a7e1-e53950d084cd_1000.jpg!m_fill,w_280,h_210,f_jpg?from=ke.com
20241018,东城,东直门,101126218262,96年钢混23年初刚改造完。可以公积金贷款房主自荐,530万,84275元/平,底层 (共6层) 2室1厅 | 62.89平米 | 东 西,https://ke-image.ljcdn.com/110000-inspection/079a8b7e-da7a-4da7-8f7d-b825335ce0d0_1000.jpg!m_fill,w_280,h_210,f_jpg?from=ke.com
20241018,东城,东直门,101126191618,此房满五年 东城教委家属楼 钢混带电梯 高楼层 采必看好房,568万,87251元/平,高楼层 (共12层) 2室1厅 | 65.1平米 | 南,https://ke-image.ljcdn.com/110000-inspection/02fcf9a2-dd80-47f3-8e55-86f35397535f_1000.jpg!m_fill,w_280,h_210,f_jpg?from=ke.com
20241018,东城,东直门,101126032052,民安小区东扬威街 电梯直达 东南向两居 满五唯一必看好房,739万,93651元/平,低楼层 (共11层) 2室1厅 | 78.91平米 | 东南,https://ke-image.ljcdn.com/110000-inspection/16bc78ae-5f41-4efb-bfb1-067a95dd5093_1000.jpg!m_fill,w_280,h_210,f_jpg?from=ke.com
20241018,东城,东直门,101125949812,东直门内大街 电梯直达 南向两居室必看好房,728万,94916元/平,中楼层 (共16层) 2室1厅 | 76.7平米 | 南,https://ke-image.ljcdn.com/110000-inspection/b49f00e9-5621-4582-9891-f04bc90e3b3d_1000.jpg!m_fill,w_280,h_210,f_jpg?from=ke.com
20241018,东城,东直门,101125869656,东城区 东直门北大街 清水苑南北通透带客厅两居精装必看好房,585万,89491元/平,低楼层 (共6层) 2室1厅 | 65.37平米 | 南 北,https://ke-image.ljcdn.com/110000-inspection/7d3f84d1-c859-4771-99d8-d1e29c5a260e_1000.jpg!m_fill,w_280,h_210,f_jpg?from=ke.com
20241018,东城,东直门,101125524452,首钢厂家属楼环境好96年楼龄。满五唯一房主自荐,500万,77233元/平,低楼层 (共6层) 2室1厅 | 64.74平米 | 东 西,https://ke-image.ljcdn.com/110000-inspection/pc1_DLNp6socI_2.jpg!m_fill,w_280,h_210,f_jpg?from=ke.com
20241018,东城,东直门,101125422502,满五年成本房 全明格局 精装修 楼层高 无遮挡房主自荐,560万,86447元/平,高楼层 (共12层) 2室1厅 | 64.78平米 | 东 西,https://ke-image.ljcdn.com/110000-inspection/dfcbca70-38a1-43b8-9d6f-791365a7ccb4_1000.jpg!m_fill,w_280,h_210,f_jpg?from=ke.com
20241018,东城,东直门,101125395872,炮局头条小区中间层朝南向一居必看好房,399万,96845元/平,中楼层 (共6层) 1室1厅 | 41.2平米 | 南,https://ke-image.ljcdn.com/110000-inspection/4a16b166-c8fd-438c-9c66-a33274f0e590_1000.jpg!m_fill,w_280,h_210,f_jpg?from=ke.com
20241018,东城,东直门,101125338109,新源西里中街 正规方正3居 诚意出售 看房方便必看好房,445万,64983元/平,中楼层 (共22层) | 1989年 | 3室1厅 | 68.48平米 | 东南 北,https://ke-image.ljcdn.com/110000-inspection/pc1_yvPn42EoA_2.jpg!m_fill,w_280,h_210,f_jpg?from=ke.com
20241018,东城,东直门,101125282572,华普花园 70年产权商品房 有物业管理 小区可以停,1020万,59580元/平,低楼层 (共22层) 3室1厅 | 171.2平米 | 南,https://ke-image.ljcdn.com/110000-inspection/pc1_HojDLG8Uk_1.jpg!m_fill,w_280,h_210,f_jpg?from=ke.com
20241018,东城,东直门,101125277123,东直门 民安小区 小户型两居室 中间楼层必看好房,586万,97343元/平,中楼层 (共6层) 2室1厅 | 60.2平米 | 东 西,https://ke-image.ljcdn.com/110000-inspection/3fb938eb-70d1-4924-a818-a995044e8911_1000.jpg!m_fill,w_280,h_210,f_jpg?from=ke.com
20241018,东城,东直门,101125192072,小区改造南北通透 无遮挡 户型方正 采光好 商品房必看好房,728万,97666元/平,中楼层 (共16层) 2室1厅 | 74.54平米 | 南 北,https://ke-image.ljcdn.com/110000-inspection/fa791e02-0ae0-4990-8782-debf9c592ea9_1000.jpg!m_fill,w_280,h_210,f_jpg?from=ke.com
20241018,东城,东直门,101125157143,察慈小区中间层 南北电梯直达 精装修 视野开阔必看好房,418万,84736元/平,中楼层 (共12层) 1室1厅 | 49.33平米 | 南 北,https://ke-image.ljcdn.com/110000-inspection/7c625e0e-5339-47ff-a8ca-b3e89f8641cf_1000.jpg!m_fill,w_280,h_210,f_jpg?from=ke.com
20241018,东城,东直门,101125072842,东直门内大街 精装两居室 层高2.9米,678万,93686元/平,顶层 (共16层) 2室1厅 | 72.37平米 | 西南,https://ke-image.ljcdn.com/110000-inspection/7523dd6b-b018-47e0-987c-ce5fb7b31153_1000.jpg!m_fill,w_280,h_210,f_jpg?from=ke.com
20241018,东城,东直门,101124942158,东直门内北小街2号楼东南向方正大户型采光视野好必看好房,1300万,77414元/平,中楼层 (共20层) 3室2厅 | 167.93平米 | 东南,https://ke-image.ljcdn.com/110000-inspection/01029347-3946-4a1f-8104-09730b76f97c_1000.jpg!m_fill,w_280,h_210,f_jpg?from=ke.com
20241018,东城,东直门,101124838373,北新五巷 东直门附属雍和宫 满5唯1 随时可签约必看好房,178万,172148元/平,底层 (共1层) 1室1厅 | 10.34平米 | 南,https://ke-image.ljcdn.com/110000-inspection/c1d8d1ce-115e-483f-a658-5d1ca23d18c2_1000.jpg!m_fill,w_280,h_210,f_jpg?from=ke.com
20241018,东城,东直门,101124478946,东二环内海运仓小区低楼层一居室,465万,97608元/平,低楼层 (共6层) 1室1厅 | 47.64平米 | 东南,https://ke-image.ljcdn.com/110000-inspection/355c46b3-b46b-4e64-8a93-07b665553589_1000.jpg!m_fill,w_280,h_210,f_jpg?from=ke.com
20241018,东城,东直门,101124439621,当代MOMA 高层观景两居位置安静户型方正,1780万,120507元/平,中楼层 (共20层) 2室2厅 | 147.71平米 | 东北,https://ke-image.ljcdn.com/110000-inspection/dae46a2d-b725-47b5-935a-abddd395df55_1000.jpg!m_fill,w_280,h_210,f_jpg?from=ke.com
20241018,东城,东直门,101124341287,东城区 东直门 十字坡西里 南北精装修两居室必看好房,620万,110715元/平,底层 (共5层) 2室1厅 | 56平米 | 南 北,https://ke-image.ljcdn.com/110000-inspection/50501b5a-1333-4406-b0a3-06acdb05af9f_1000.jpg!m_fill,w_280,h_210,f_jpg?from=ke.com
20241018,东城,东直门,101124025608,东城单价低   南北大三居室看房方便房主自荐,595万,76185元/平,顶层 (共6层) 3室1厅 | 78.1平米 | 南 北,https://ke-image.ljcdn.com/110000-inspection/f4b40fdb-b0d3-4432-a95a-cd1390166b82_1000.jpg!m_fill,w_280,h_210,f_jpg?from=ke.com
20241018,东城,东直门,101123985764,胡家园小区 大一居室楼层高视野好,489万,84369元/平,顶层 (共17层) 1室1厅 | 57.96平米 | 南,https://ke-image.ljcdn.com/110000-inspection/pc1_sW7oitSYK_1.jpg!m_fill,w_280,h_210,f_jpg?from=ke.com
20241018,东城,东直门,101123796329,上下水已经改造胡家园小区 两居室西中街隔壁房主自荐,459万,77600元/平,低楼层 (共6层) 2室1厅 | 59.15平米 | 东北,https://ke-image.ljcdn.com/110000-inspection/pc1_P2UQfPfAq_2.jpg!m_fill,w_280,h_210,f_jpg?from=ke.com
20241018,东城,东直门,101123756600,万国城MOMA 明厨明卫两居有燃气 有钥匙随时可看,990万,102199元/平,中楼层 (共27层) 2室1厅 | 96.87平米 | 西北,https://ke-image.ljcdn.com/110000-inspection/pc1_G43IN9uzK_2.jpg!m_fill,w_280,h_210,f_jpg?from=ke.com
20241018,东城,东直门,101123522575,新源西里东街双南两居中间层地铁17号线亮马河公园必看好房,316万,63024元/平,中楼层 (共5层) 2室1厅 | 50.14平米 | 南,https://ke-image.ljcdn.com/110000-inspection/734efe45-2943-47a6-a0c7-eecf3a4527be_1000.jpg!m_fill,w_280,h_210,f_jpg?from=ke.com
20241018,东城,东直门,101123314671,东城区 东直门南大街 正规方正两居室必看好房,578万,91326元/平,高楼层 (共18层) 2室1厅 | 63.29平米 | 南,https://ke-image.ljcdn.com/110000-inspection/pc1_MgZu62lM6_1.jpg!m_fill,w_280,h_210,f_jpg?from=ke.com
20241018,东城,东直门,101123033614,东直门附属雍和宫 北新五巷 满5唯1 随时可签约必看好房,210万,152174元/平,底层 (共1层) 1室1厅 | 13.8平米 | 南,https://ke-image.ljcdn.com/110000-inspection/0163bb18-1dd4-47eb-8557-7424aad627cd_1000.jpg!m_fill,w_280,h_210,f_jpg?from=ke.com
20241018,东城,东直门,101122063082,海运仓朝南向 板楼一居室 户型方正 随时看房,566万,118237元/平,中楼层 (共7层) 1室1厅 | 47.87平米 | 南,https://ke-image.ljcdn.com/110000-inspection/cd8647fe-8847-49e3-858a-ae8dc9a926da_1000.jpg!m_fill,w_280,h_210,f_jpg?from=ke.com
20241018,东城,东直门,101121582180,西香河园板楼南北全明格局三居室必看好房,570万,95270元/平,低楼层 (共6层) 3室1厅 | 59.83平米 | 南 北,https://ke-image.ljcdn.com/110000-inspection/pc1_riBvHhMBb_2.jpg!m_fill,w_280,h_210,f_jpg?from=ke.com
20241018,东城,东直门,101121061972,东直门外大街小区 新上房源 业主诚意出售必看好房,555万,74080元/平,高楼层 (共14层) 2室1厅 | 74.92平米 | 南,https://ke-image.ljcdn.com/110000-inspection/fa7e0dd0-fe04-4910-a001-07ae8ca1abab_1000.jpg!m_fill,w_280,h_210,f_jpg?from=ke.com
20241018,东城,东直门,101119828196,东方银座 大一居室 采光佳 诚意出售房主自荐,650万,83613元/平,低楼层 (共26层) 1室1厅 | 77.74平米 | 东,https://ke-image.ljcdn.com/110000-inspection/8623ede3-7650-4657-ac3c-2e05ece7d419_1000.jpg!m_fill,w_280,h_210,f_jpg?from=ke.com
20241018,东城,东直门,101119042545,东城 海运仓小区 南北东三居 板楼 中间层 没有遮挡,1095万,130591元/平,中楼层 (共7层) 3室1厅 | 83.85平米 | 东南,https://ke-image.ljcdn.com/110000-inspection/pc1_HJrZnR4cP.jpg!m_fill,w_280,h_210,f_jpg?from=ke.com
20241018,东城,东直门,101126849311,民安小区东扬威街 户型方正 采光充足 满五唯一,780万,109244元/平,低楼层 (共12层) 2室1厅 | 71.4平米 | 南,https://ke-image.ljcdn.com/110000-inspection/4371f519-d0b0-4c29-82c5-1549685dbc9e_1000.jpg!m_fill,w_280,h_210,f_jpg?from=ke.com
20241018,东城,东直门,101126485309,北官厅胡同 电梯房、商品房满五年唯一住房必看好房,429万,98418元/平,低楼层 (共16层) 1室1厅 | 43.59平米 | 南,https://ke-image.ljcdn.com/110000-inspection/5da14796-4623-4134-a491-228bc8475c4d_1000.jpg!m_fill,w_280,h_210,f_jpg?from=ke.com
20241018,东城,东直门,101126452164,新源西里东街明厨明卫两居室公积金贷款业主出国房主自荐,358万,63062元/平,高楼层 (共6层) | 1981年 | 2室1厅 | 56.77平米 | 南 北,https://ke-image.ljcdn.com/110000-inspection/pc1_v6Rc0D3x8_1.jpg!m_fill,w_280,h_210,f_jpg?from=ke.com
20241018,东城,东直门,101125218071,东直门 后永康胡同2号院4号院 全南两居室必看好房,488万,87707元/平,中楼层 (共6层) 2室1厅 | 55.64平米 | 南,https://ke-image.ljcdn.com/110000-inspection/fc44c905-cb85-483a-aac9-30be9d9d4ed9_1000.jpg!m_fill,w_280,h_210,f_jpg?from=ke.com
20241018,东城,东直门,101125202528,东中街小区环境好电梯楼独院南向10平大阳台,599万,90157元/平,底层 (共14层) 2室1厅 | 66.44平米 | 南,https://ke-image.ljcdn.com/110000-inspection/218da76c-8223-4f80-9e88-cd7c606b0a83_1000.jpg!m_fill,w_280,h_210,f_jpg?from=ke.com
20241018,东城,东直门,101125185686,十字坡西里 中间层 满五唯一 精装两居室随时签约必看好房,499万,95048元/平,中楼层 (共6层) 2室1厅 | 52.5平米 | 东,https://ke-image.ljcdn.com/110000-inspection/363b995d-932f-4f8f-a4c0-ec75c4b273cd_1000.jpg!m_fill,w_280,h_210,f_jpg?from=ke.com
20241018,东城,东直门,101125062345,东城东方银座70年产权+东向双卫+格局方正满五唯一,820万,76315元/平,中楼层 (共25层) 2室1厅 | 107.45平米 | 东,https://ke-image.ljcdn.com/110000-inspection/pc1_LiIkaIoCT_2.jpg!m_fill,w_280,h_210,f_jpg?from=ke.com
20241018,东城,东直门,101124437097,万国城MOMA 高层西南观景三居视野开阔采光好,2650万,113959元/平,高楼层 (共25层) 3室2厅 | 232.54平米 | 西南,https://ke-image.ljcdn.com/110000-inspection/pc1_SoviAh9m7_2.jpg!m_fill,w_280,h_210,f_jpg?from=ke.com
20241018,东城,东直门,101124430877,雍和宫  青龙胡同   南北三居  明厅  采光好,630万,81071元/平,高楼层 (共6层) 3室1厅 | 77.71平米 | 南 西 北,https://ke-image.ljcdn.com/110000-inspection/658858fa-0634-4479-abae-b6e1fd7c3547_1000.jpg!m_fill,w_280,h_210,f_jpg?from=ke.com
20241018,东城,东直门,101123373903,东城东直门 3居室 带电梯 中高层 采光好 视野好必看好房,600万,91716元/平,中楼层 (共16层) 3室1厅 | 65.42平米 | 南 西 北,https://ke-image.ljcdn.com/110000-inspection/a201acdc-906f-4db2-b091-927726c5ab80_1000.jpg!m_fill,w_280,h_210,f_jpg?from=ke.com
20241018,东城,东直门,101122588850,胡家园小区西南向两居采光好视野无遮挡。,497万,90943元/平,中楼层 (共6层) 2室1厅 | 54.65平米 | 西南,https://ke-image.ljcdn.com/110000-inspection/ec147388-d0da-474c-8289-a7d2956123ee_1000.jpg!m_fill,w_280,h_210,f_jpg?from=ke.com
20241018,东城,东直门,101121441958,东直门外大街(东城）二环边 电梯三居室 南北通透房主自荐,959万,108509元/平,中楼层 (共14层) 3室1厅 | 88.38平米 | 南 北,https://ke-image.ljcdn.com/110000-inspection/6cf3a661-59e9-408b-af61-b242c32748ff_1000.jpg!m_fill,w_280,h_210,f_jpg?from=ke.com
20241018,东城,东直门,101127070468,东城二环内 电梯直达 全南二居 精装修拎包入住！新上,780万,103202元/平,中楼层 (共23层) 2室1厅 | 75.58平米 | 南,https://ke-image.ljcdn.com/110000-inspection/27329875-2260-448c-9403-c4d2aa8d8c5a_1000.jpg!m_fill,w_280,h_210,f_jpg?from=ke.com
20241018,东城,东直门,101127054738,满五年唯一 精装修婚房 随时可看新上,368万,67548元/平,顶层 (共5层) 2室1厅 | 54.48平米 | 南 北,https://ke-image.ljcdn.com/110000-inspection/d063ff61-440b-4a0f-ac28-6cda395b7bab_1000.jpg!m_fill,w_280,h_210,f_jpg?from=ke.com
20241018,东城,东直门,101127041760,东城区 东直门 北东片 东北两居 可停车 带储藏间新上,430万,93662元/平,底层 (共6层) 2室1厅 | 45.91平米 | 东 北,https://ke-image.ljcdn.com/110000-inspection/17d2f9ce-2d47-4ece-85d0-206b74f6f57a_1000.jpg!m_fill,w_280,h_210,f_jpg?from=ke.com
20241018,东城,东直门,101127005024,新上顶层高板楼双南卧室采光好户型好新上,690万,101218元/平,顶层 (共18层) 2室1厅 | 68.17平米 | 南,https://ke-image.ljcdn.com/110000-inspection/82dbd95f-63bc-4ecd-bb17-dc2e9f23b9f1_1000.jpg!m_fill,w_280,h_210,f_jpg?from=ke.com
20241018,东城,东直门,101126998434,民安小区民安街 1室1厅 西南新上,600万,113852元/平,中楼层 (共6层) 1室1厅 | 52.7平米 | 西南,https://ke-image.ljcdn.com/110000-inspection/d5e17822-d505-42a3-a0fe-ca30b706b117_1000.jpg!m_fill,w_280,h_210,f_jpg?from=ke.com
20241018,东城,东直门,101126993914,东直门地铁边 电梯直达2居室 次顶层采光视野好新上,800万,105250元/平,高楼层 (共16层) 2室1厅 | 76.01平米 | 南,https://ke-image.ljcdn.com/110000-inspection/6395d46e-dbd5-451b-96ed-f6ec0e532119_1000.jpg!m_fill,w_280,h_210,f_jpg?from=ke.com
20241018,东城,东直门,101126988566,新上东直门207平大三居 商品房 看房方便东南朝向新上,1920万,92700元/平,高楼层 (共22层) 4室2厅 | 207.12平米 | 东南,https://ke-image.ljcdn.com/110000-inspection/d33f72cb-06fe-44be-9b5f-bb327f8cf4e9_1000.jpg!m_fill,w_280,h_210,f_jpg?from=ke.com
20241018,东城,东直门,101126953330,本房全南向 采光好 视野漂亮 交通便利 电梯直达,799万,104118元/平,高楼层 (共16层) 2室1厅 | 76.74平米 | 南,https://ke-image.ljcdn.com/110000-inspection/ffc93764-66b5-4582-a538-1a713ec221b5_1000.jpg!m_fill,w_280,h_210,f_jpg?from=ke.com
20241018,东城,东直门,101126925312,民安小区东直门北中街 2室1厅 南 北,699万,92792元/平,底层 (共14层) 2室1厅 | 75.33平米 | 南 北,https://ke-image.ljcdn.com/110000-inspection/79ef8720-29c0-4b57-aa7f-c336f148d5df_1000.jpg!m_fill,w_280,h_210,f_jpg?from=ke.com
20241018,东城,东直门,101126909657,东城  二环内  景山北  精装两居  全南好户型房主自荐,780万,101563元/平,底层 (共13层) 2室1厅 | 76.8平米 | 南,https://ke-image.ljcdn.com/110000-inspection/05229ae0-4521-48e6-b40b-67b5b13a2c08_1000.jpg!m_fill,w_280,h_210,f_jpg?from=ke.com
20241018,东城,东直门,101126875379,北新仓胡同 1室1厅 南,650万,102670元/平,中楼层 (共14层) 1室1厅 | 63.31平米 | 南,https://ke-image.ljcdn.com/110000-inspection/4cffc817-5104-41d6-92a7-39330582c5f9_1000.jpg!m_fill,w_280,h_210,f_jpg?from=ke.com
20241018,东城,东直门,101126870051,东城区 东直门 不临街 满五年住宅 南向中间楼层,448万,116485元/平,中楼层 (共5层) 1室1厅 | 38.46平米 | 南,https://ke-image.ljcdn.com/110000-inspection/126ac149-251b-411b-a712-8c9b6a48ce15_1000.jpg!m_fill,w_280,h_210,f_jpg?from=ke.com
20241018,东城,东直门,101126827703,东直门南大街高层两居独楼独院有管理。,586万,95146元/平,顶层 (共18层) 2室1厅 | 61.59平米 | 东 北,https://ke-image.ljcdn.com/110000-inspection/d6a92243-1e21-4ed1-971a-c5dfa1436446_1000.jpg!m_fill,w_280,h_210,f_jpg?from=ke.com
20241018,东城,东直门,101126823770,春秀路小区三居室南北通透有车位可以租。,680万,89580元/平,底层 (共6层) 3室1厅 | 75.91平米 | 南 北,https://ke-image.ljcdn.com/110000-inspection/06cb4759-4f17-427c-8598-881f7194c7dd_1000.jpg!m_fill,w_280,h_210,f_jpg?from=ke.com
20241018,东城,东直门,101126823099,察慈小区东直门装修好诚意卖稳定签约。,409万,86966元/平,中楼层 (共12层) 1室0厅 | 47.03平米 | 东 西,https://ke-image.ljcdn.com/110000-inspection/86f33d0d-4d44-4df0-81b7-11e91fcf8144_1000.jpg!m_fill,w_280,h_210,f_jpg?from=ke.com
20241018,东城,东直门,101126796998,民安小区 板楼南北两居无遮挡商本满五唯一可商量,850万,113093元/平,低楼层 (共14层) 2室1厅 | 75.16平米 | 南 北,https://ke-image.ljcdn.com/110000-inspection/dbf21d1b-2505-4ee5-9f21-eaee26192e24_1000.jpg!m_fill,w_280,h_210,f_jpg?from=ke.com
20241018,东城,东直门,101126789147,东直门外大街(东城）南向一居电梯房 随时可签,390万,102068元/平,中楼层 (共14层) 1室1厅 | 38.21平米 | 南 北,https://ke-image.ljcdn.com/110000-inspection/a29dbd2a-76a8-4697-8c53-bd1af50185c2_1000.jpg!m_fill,w_280,h_210,f_jpg?from=ke.com
20241018,东城,东直门,101126766974,东直门雍和宫附近 南北通透3居室 中间楼层,650万,93931元/平,中楼层 (共5层) 3室1厅 | 69.2平米 | 南 北,https://ke-image.ljcdn.com/110000-inspection/a5bd45fa-579d-4398-aafa-f77ad41d4dbd_1000.jpg!m_fill,w_280,h_210,f_jpg?from=ke.com
20241018,东城,东直门,101126751129,东直门 春秀路 中间楼层 精装修 新改造社区,458万,83395元/平,中楼层 (共6层) 2室1厅 | 54.92平米 | 西 东,https://ke-image.ljcdn.com/110000-inspection/df3ee6cd-11fc-4238-9b3c-e039e037dd74_1000.jpg!m_fill,w_280,h_210,f_jpg?from=ke.com
20241018,东城,东直门,101126721530,万国城MOMA  西南向 精装修 采光好 景观好,1600万,126995元/平,中楼层 (共27层) 2室1厅 | 125.99平米 | 西南,https://ke-image.ljcdn.com/110000-inspection/41ef2081-a28e-4793-b70c-cc6836e0313d_1000.jpg!m_fill,w_280,h_210,f_jpg?from=ke.com
20241018,东城,东直门,101126642730,东城 东直门商圈 1998年 南北通透 3居室,710万,90251元/平,低楼层 (共6层) 3室1厅 | 78.67平米 | 南 北,https://ke-image.ljcdn.com/110000-inspection/938df788-3ece-46de-b5d9-a1303d37b7bb_1000.jpg!m_fill,w_280,h_210,f_jpg?from=ke.com
20241018,东城,东直门,101126612826,电梯直达南向高楼层采光好业主诚意出售可以签约,599万,98960元/平,中楼层 (共13层) 1室1厅 | 60.53平米 | 南 北,https://ke-image.ljcdn.com/110000-inspection/d590c81f-708f-4430-b993-99198e31fe85_1000.jpg!m_fill,w_280,h_210,f_jpg?from=ke.com
20241018,东城,东直门,101126608347,民安小区东直门北中街 精装修、价格能谈、诚意出售,559万,99804元/平,顶层 (共6层) 2室1厅 | 56.01平米 | 东 西,https://ke-image.ljcdn.com/110000-inspection/659067d8-3107-43c4-8355-7cd3c7159b2d_1000.jpg!m_fill,w_280,h_210,f_jpg?from=ke.com
20241018,东城,东直门,101126592903,临地铁 小户型 南北通透  随时看房,365万,69804元/平,底层 (共6层) 2室1厅 | 52.29平米 | 南 北,https://ke-image.ljcdn.com/110000-inspection/cb582a89-3bf9-4295-bfe9-56717940abd1_1000.jpg!m_fill,w_280,h_210,f_jpg?from=ke.com
20241018,东城,东直门,101126592739,东城区胡家园满五年 精装双南两居室 随时可看,660万,99789元/平,中楼层 (共12层) 2室1厅 | 66.14平米 | 南 北,https://ke-image.ljcdn.com/110000-inspection/pc1_189z6ipIk_2.jpg!m_fill,w_280,h_210,f_jpg?from=ke.com
20241018,东城,东直门,101126582798,炮局头条 2室1厅 南 北,560万,95842元/平,顶层 (共6层) 2室1厅 | 58.43平米 | 南 北,https://ke-image.ljcdn.com/110000-inspection/d3aa83a7-6eb7-449b-97b8-9a756fe1065a_1000.jpg!m_fill,w_280,h_210,f_jpg?from=ke.com
20241018,东城,东直门,101126559505,民安小区东直门内北小街无遮挡东西通透两居,728万,94448元/平,低楼层 (共16层) 2室1厅 | 77.08平米 | 东 西,https://ke-image.ljcdn.com/110000-inspection/fc29270e-610d-43ad-ac1a-8b992ed72bf3_1000.jpg!m_fill,w_280,h_210,f_jpg?from=ke.com
20241018,东城,东直门,101126555832,东直门十字坡西里小区 全南向2居 户型好采光好房主自荐,508万,96652元/平,顶层 (共5层) 2室1厅 | 52.56平米 | 南,https://ke-image.ljcdn.com/110000-inspection/6b733518-c0ee-46aa-a8d0-ce2a63bf67ce_1000.jpg!m_fill,w_280,h_210,f_jpg?from=ke.com
20241018,东城,东直门,101126511239,东直门北大街 满五年不唯一成本房 小区环境优雅,560万,93163元/平,高楼层 (共12层) 2室1厅 | 60.11平米 | 东,https://ke-image.ljcdn.com/110000-inspection/pc1_lI9NeLZyC_2.jpg!m_fill,w_280,h_210,f_jpg?from=ke.com
20241018,东城,东直门,101126487588,东城 东直门1998年 精装 带客厅 两居 管理好,620万,96484元/平,中楼层 (共6层) 2室1厅 | 64.26平米 | 西南,https://ke-image.ljcdn.com/110000-inspection/ae3bea85-3245-41e7-98aa-c2f5d2bbe3e5_1000.jpg!m_fill,w_280,h_210,f_jpg?from=ke.com
20241018,东城,东直门,101126444847,民安小区东扬威街电梯直达3居 独立管理 商品房,1030万,99720元/平,低楼层 (共16层) 3室1厅 | 103.29平米 | 南 北,https://ke-image.ljcdn.com/110000-inspection/c6a182a8-ca30-4128-9cc2-dab01b6e5e95_1000.jpg!m_fill,w_280,h_210,f_jpg?from=ke.com
20241018,东城,东直门,101126422354,新源西里中街 环境优美亮马河畔 南北通透 两居室,395万,69323元/平,中楼层 (共5层) 2室1厅 | 56.98平米 | 南 北,https://ke-image.ljcdn.com/110000-inspection/b6a4389a-3d6e-4d97-86ff-fd7bc77d09de_1000.jpg!m_fill,w_280,h_210,f_jpg?from=ke.com
20241018,东城,东直门,101126405831,东城区 清水苑 东直门北大街全明格局 精装满五唯一,536万,82742元/平,低楼层 (共14层) 2室1厅 | 64.78平米 | 东 西,https://ke-image.ljcdn.com/110000-inspection/48788bfc-cc86-4ba5-ac12-79c8e11030a1_1000.jpg!m_fill,w_280,h_210,f_jpg?from=ke.com
20241018,东城,东直门,101126378550,民安小区东直门北中街,730万,102127元/平,低楼层 (共14层) 2室1厅 | 71.48平米 | 南,https://ke-image.ljcdn.com/110000-inspection/6e546186-4a16-48cc-b6c7-beb15922351c_1000.jpg!m_fill,w_280,h_210,f_jpg?from=ke.com
20241018,东城,东直门,101126374116,北东区 东直门外 花园社区 全南眼睛户型两居室,499万,94940元/平,顶层 (共5层) 2室1厅 | 52.56平米 | 南,https://ke-image.ljcdn.com/110000-inspection/79e6b5e4-55af-4ebe-9e5b-26b971a52245_1000.jpg!m_fill,w_280,h_210,f_jpg?from=ke.com
20241018,东城,东直门,101126361471,东直门外大街电梯高板南向一居室。满五唯一,430万,98851元/平,低楼层 (共14层) 1室1厅 | 43.5平米 | 南,https://ke-image.ljcdn.com/110000-inspection/b7b96033-32f0-484d-bfc6-bde5b9af9005_1000.jpg!m_fill,w_280,h_210,f_jpg?from=ke.com
20241018,东城,东直门,101126349915,此房小区管理好商品房满五年小区挨着景山,380万,86719元/平,地下室 (共6层) 1室1厅 | 43.82平米 | 南 北,https://ke-image.ljcdn.com/110000-inspection/5fea7503-0bed-405c-a8d4-0a6a49e64264_1000.jpg!m_fill,w_280,h_210,f_jpg?from=ke.com
20241018,东城,东直门,101126325231,东直门内大街 2室1厅 东,690万,101576元/平,中楼层 (共16层) 2室1厅 | 67.93平米 | 东,https://ke-image.ljcdn.com/110000-inspection/7444bc85-e920-4251-b982-add7417f8ce6_1000.jpg!m_fill,w_280,h_210,f_jpg?from=ke.com
20241018,东城,东直门,101126324688,海运仓小区 带电梯两居室 产权清晰 看房方便,645万,100327元/平,中楼层 (共9层) 2室1厅 | 64.29平米 | 东 西,https://ke-image.ljcdn.com/110000-inspection/ca39cb93-6028-44c8-80d8-2d1fa1893d46_1000.jpg!m_fill,w_280,h_210,f_jpg?from=ke.com
20241018,东城,东直门,101126289258,民安小区03年社区 电梯直达东南向两居室 方便看房,807万,102269元/平,中楼层 (共11层) 2室1厅 | 78.91平米 | 东南,https://ke-image.ljcdn.com/110000-inspection/f6854204-0615-43b7-a4da-c2024033b5df_1000.jpg!m_fill,w_280,h_210,f_jpg?from=ke.com
20241018,东城,东直门,101126288537,新上海运仓小区经典户型中间层满五商品房只有契税,660万,103433元/平,中楼层 (共5层) 2室1厅 | 63.81平米 | 东 西,https://ke-image.ljcdn.com/110000-inspection/a570aa8e-cace-4767-9fa3-1ffdb1ccb2e3_1000.jpg!m_fill,w_280,h_210,f_jpg?from=ke.com
20241018,东城,东直门,101126284798,东四十条 海运仓小区 东南电梯直达两居室,880万,120797元/平,高楼层 (共23层) 2室1厅 | 72.85平米 | 东南,https://ke-image.ljcdn.com/110000-inspection/d93dad5b-8f99-4907-a457-3ccadc945c9d_1000.jpg!m_fill,w_280,h_210,f_jpg?from=ke.com
20241018,东城,东直门,101126262220,东城+十字坡西里 +成本总价+近地铁+南向一居房主自荐,459万,131481元/平,底层 (共5层) 1室1厅 | 34.91平米 | 南,https://ke-image.ljcdn.com/110000-inspection/94d913c9-b7e5-4cf7-858d-297a6c0c2b23_1000.jpg!m_fill,w_280,h_210,f_jpg?from=ke.com
20241018,东城,东直门,101126228421,东二环 东城区东直门外大街南北通透一室一厅满五唯一,452万,97836元/平,高楼层 (共14层) 1室1厅 | 46.2平米 | 南 北,https://ke-image.ljcdn.com/110000-inspection/46aa714c-5b04-4ca3-8d19-5b195aa4a05f_1000.jpg!m_fill,w_280,h_210,f_jpg?from=ke.com
20241018,东城,东直门,101126186773,东城区 二环边 南北通透 两居室,530万,89316元/平,中楼层 (共6层) 2室1厅 | 59.34平米 | 南 北,https://ke-image.ljcdn.com/110000-inspection/8912c01a-ce56-4c30-899b-d6086b0c667c_1000.jpg!m_fill,w_280,h_210,f_jpg?from=ke.com
20241018,东城,东直门,101126166035,东城 景山 安定门东大街 电梯直达 无遮挡采光好,788万,102378元/平,高楼层 (共17层) 2室1厅 | 76.97平米 | 西,https://ke-image.ljcdn.com/110000-inspection/b4d6c4ea-0463-48b0-a574-717e08b01390_1000.jpg!m_fill,w_280,h_210,f_jpg?from=ke.com
20241018,东城,东直门,101126161562,胡家园26号院 南北通透格局 中间楼层 看房方便,1080万,103083元/平,中楼层 (共6层) 3室1厅 | 104.77平米 | 南 北,https://ke-image.ljcdn.com/110000-inspection/pc1_PIWh5WMo4_2.jpg!m_fill,w_280,h_210,f_jpg?from=ke.com
20241018,东城,东直门,101126134059,东直门 全南一居室 有钥匙 随时看房,496万,115888元/平,底层 (共6层) 1室1厅 | 42.8平米 | 南,https://ke-image.ljcdn.com/110000-inspection/c0167bde-d1b2-4056-9654-623350c9c69a_1000.jpg!m_fill,w_280,h_210,f_jpg?from=ke.com
20241018,东城,东直门,101126098491,东四十条地铁边 海运仓小区电梯直达2居 精装修,680万,93768元/平,低楼层 (共23层) 2室1厅 | 72.52平米 | 南 西,https://ke-image.ljcdn.com/110000-inspection/4c0b6fb3-0bfc-43d8-bcfe-b65fd7335052_1000.jpg!m_fill,w_280,h_210,f_jpg?from=ke.com
20241018,东城,东直门,101126097953,胡家园小区 1998年板楼 独立管理一居室,435万,90156元/平,高楼层 (共6层) | 1995年 | 1室1厅 | 48.25平米 | 南,https://ke-image.ljcdn.com/110000-inspection/950f52aa-fb92-4aba-b93d-6b677450c21e_1000.jpg!m_fill,w_280,h_210,f_jpg?from=ke.com
20241018,东城,东直门,101126088401,察慈小区 东西向 一居室 电梯房,400万,80989元/平,高楼层 (共12层) 1室1厅 | 49.39平米 | 东 西,https://ke-image.ljcdn.com/110000-inspection/204d72c8-cf72-479e-a3d7-2eea6dd63c5c_1000.jpg!m_fill,w_280,h_210,f_jpg?from=ke.com
20241018,东城,东直门,101126054966,新源西里中街南北通透两居室 低楼层 精装修房主自荐,377万,69906元/平,中楼层 (共5层) 2室1厅 | 53.93平米 | 南 北,https://ke-image.ljcdn.com/110000-inspection/67d8676e-a40e-4fab-b6ae-0207e628fb0e_1000.jpg!m_fill,w_280,h_210,f_jpg?from=ke.com
20241018,东城,东直门,101126035274,满五唯一 有客厅楼层高 看自来水博物馆 随时签约,795万,98234元/平,中楼层 (共14层) 3室1厅 | 80.93平米 | 南 西 北,https://ke-image.ljcdn.com/110000-inspection/96c6b847-c30f-45a1-9098-03cc2ae928af_1000.jpg!m_fill,w_280,h_210,f_jpg?from=ke.com
20241018,东城,东直门,101126014633,东直门内北小街8号院 电梯直达西南向两居室,860万,103205元/平,低楼层 (共16层) 2室1厅 | 83.33平米 | 西南,https://ke-image.ljcdn.com/110000-inspection/778144c6-4c72-4d93-9101-a135f793bb7b_1000.jpg!m_fill,w_280,h_210,f_jpg?from=ke.com
20241018,东城,东直门,101126008000,万国城MOMA 1室1厅 西,900万,128480元/平,中楼层 (共27层) 1室1厅 | 70.05平米 | 西,https://ke-image.ljcdn.com/110000-inspection/e59822f7-1ce4-4cbd-b848-37578ab2a90b_1000.jpg!m_fill,w_280,h_210,f_jpg?from=ke.com
20241018,东城,东直门,101126006822,育树四条南北通透格局方正采光好精装修两居室,544万,90231元/平,顶层 (共6层) 2室1厅 | 60.29平米 | 南 北,https://ke-image.ljcdn.com/110000-inspection/1d2d561a-61b5-40ad-be35-f0bc71f82669_1000.jpg!m_fill,w_280,h_210,f_jpg?from=ke.com
20241018,东城,东直门,101126001935,万国城MOMA 2室1厅 西北,1490万,128849元/平,中楼层 (共26层) 2室1厅 | 115.64平米 | 西北,https://ke-image.ljcdn.com/110000-inspection/70e6ed19-eac5-4ea7-b54e-74b6a8077644_1000.jpg!m_fill,w_280,h_210,f_jpg?from=ke.com
20241018,东城,东直门,101125946524,东直门外大街 南北通透两居室 中高楼层,449万,81238元/平,高楼层 (共6层) 2室1厅 | 55.27平米 | 南 北,https://ke-image.ljcdn.com/110000-inspection/bc79299f-bc12-417c-ad82-34d60ac8b580_1000.jpg!m_fill,w_280,h_210,f_jpg?from=ke.com
20241018,东城,东直门,101125924427,新源西里中街 南北三居室田字格户型环境优美亮马河畔,455万,66153元/平,顶层 (共5层) | 1982年 | 3室1厅 | 68.78平米 | 南 北,https://ke-image.ljcdn.com/110000-inspection/pc1_YRIIOOptN_1.jpg!m_fill,w_280,h_210,f_jpg?from=ke.com
20241018,东城,东直门,101125880702,商品房满五年唯一南北通透精装修 高层采光好大两居,820万,109891元/平,高楼层 (共12层) 2室1厅 | 74.62平米 | 南 北,https://ke-image.ljcdn.com/110000-inspection/1bbf6134-26a8-47d8-9d82-3cc427773f4b_1000.jpg!m_fill,w_280,h_210,f_jpg?from=ke.com
20241018,东城,东直门,101125867850,东直门 人社部家属楼环境好带电梯地铁17号线,299万,77482元/平,高楼层 (共14层) | 1985年 | 1室1厅 | 38.59平米 | 南,https://ke-image.ljcdn.com/110000-inspection/49d3356a-9fce-4b4d-a67c-030da6c4cd1b_1000.jpg!m_fill,w_280,h_210,f_jpg?from=ke.com
20241018,东城,东直门,101125862616,东城区 东直门 西香河园 板楼南北通透 小区改造了,460万,93288元/平,底层 (共6层) 2室1厅 | 49.31平米 | 南 北,https://ke-image.ljcdn.com/110000-inspection/459c4f11-e321-4eb1-b878-6c129c8a49fd_1000.jpg!m_fill,w_280,h_210,f_jpg?from=ke.com
20241018,东城,东直门,101125847755,使馆壹号院 精装修 南北通透三居室 次新房管理好,3500万,157290元/平,中楼层 (共19层) | 2017年 | 3室2厅 | 222.52平米 | 南 北,https://ke-image.ljcdn.com/110000-inspection/pc1_g995oUr9n_2.jpg!m_fill,w_280,h_210,f_jpg?from=ke.com
20241018,东城,东直门,101125778407,东城区 东直门 和平里 东西南三居 精装满五唯一房主自荐,609万,83004元/平,底层 (共12层) 3室1厅 | 73.37平米 | 东 南 西,https://ke-image.ljcdn.com/110000-inspection/pc1_8yAXO4A9r_2.jpg!m_fill,w_280,h_210,f_jpg?from=ke.com
20241018,东城,东直门,101125765173,万国城MOMA 1室1厅 西,580万,126472元/平,中楼层 (共27层) | 2004年 | 1室1厅 | 45.86平米 | 西,https://ke-image.ljcdn.com/110000-inspection/578bf5ff-5de5-489f-845d-f62de2774663_1000.jpg!m_fill,w_280,h_210,f_jpg?from=ke.com
20241018,东城,东直门,101125714004,东直门南大街两居 好家具+精装+满五年唯一电梯直达,598万,87287元/平,低楼层 (共18层) 2室1厅 | 68.51平米 | 西南,https://ke-image.ljcdn.com/110000-inspection/f1fa1896-a2c5-4394-be91-facc875252b1_1000.jpg!m_fill,w_280,h_210,f_jpg?from=ke.com
20241018,东城,东直门,101125682747,南北通透高层板楼 电梯入户 前后花园 视野采光好,2600万,107893元/平,高楼层 (共26层) 3室2厅 | 240.98平米 | 南 北,https://ke-image.ljcdn.com/110000-inspection/e4c9966e-7905-4ebb-bbff-6bfe08353f00_1000.jpg!m_fill,w_280,h_210,f_jpg?from=ke.com
20241018,东城,东直门,101125634387,安定门东大街小区,520万,93610元/平,底层 (共6层) 2室1厅 | 55.55平米 | 南,https://ke-image.ljcdn.com/110000-inspection/56c05455-36dd-446b-9495-79eb23185a92_1000.jpg!m_fill,w_280,h_210,f_jpg?from=ke.com
20241018,东城,东直门,101125627707,前永康二巷南向采光充足视野开阔精装修中间层房主自荐,435万,101850元/平,中楼层 (共5层) 1室1厅 | 42.71平米 | 南,https://ke-image.ljcdn.com/110000-inspection/6a0ba12b-faf3-4ba2-82e9-ccd8e3c199d6_1000.jpg!m_fill,w_280,h_210,f_jpg?from=ke.com
20241018,东城,东直门,101125597786,东城 东中街 南北通透 地铁230米（百度距离）,628万,100658元/平,高楼层 (共6层) 2室1厅 | 62.39平米 | 南 北,https://ke-image.ljcdn.com/110000-inspection/18cceaa3-fab1-4723-8586-a0262781de79_1000.jpg!m_fill,w_280,h_210,f_jpg?from=ke.com
20241018,东城,东直门,101125594480,海运仓大三居动静分离干湿分离卫生间双阳台。,950万,113501元/平,中楼层 (共6层) 3室1厅 | 83.7平米 | 东 南 西,https://ke-image.ljcdn.com/110000-inspection/579f88b1-639a-49f5-99cf-0eb60775e4fb_1000.jpg!m_fill,w_280,h_210,f_jpg?from=ke.com
20241018,东城,东直门,101125592131,新上 两居带厅 亮马河景房 50万+装修 地铁沿线房主自荐,458万,70031元/平,顶层 (共22层) | 1988年 | 2室1厅 | 65.4平米 | 南 西 北,https://ke-image.ljcdn.com/110000-inspection/pc1_l7oc2qeYN_2.jpg!m_fill,w_280,h_210,f_jpg?from=ke.com
20241018,东城,东直门,101125540570,景山北 满五年 电梯直达 南北通透双卫,899万,101331元/平,高楼层 (共17层) 2室1厅 | 88.72平米 | 南 北,https://ke-image.ljcdn.com/110000-inspection/15bd56b1-e0dd-475f-93b7-82a5c4814fb7_1000.jpg!m_fill,w_280,h_210,f_jpg?from=ke.com
20241018,东城,东直门,101125519839,胡家园小区 2室1厅 东 西房主自荐,520万,85781元/平,顶层 (共20层) 2室1厅 | 60.62平米 | 东 西,https://ke-image.ljcdn.com/110000-inspection/6c410139-3b51-475c-b9e4-f0826282378c_1000.jpg!m_fill,w_280,h_210,f_jpg?from=ke.com
20241018,东城,东直门,101125475279,东直门内大街  电梯直达  满五年唯一  诚意出售,830万,102991元/平,低楼层 (共16层) 2室1厅 | 80.59平米 | 东南,https://ke-image.ljcdn.com/110000-inspection/1a27b254-f3f4-4a26-a6d1-adf49897518a_1000.jpg!m_fill,w_280,h_210,f_jpg?from=ke.com
20241018,东城,东直门,101125406002,后永康一巷 雍和宫 随时可交 业主诚意出售 看房随,208万,176272元/平,底层 (共1层) 1室1厅 | 11.8平米 | 南,https://ke-image.ljcdn.com/110000-inspection/9c353f04-a794-4ce3-8998-7c9e8eb6d2a4_1000.jpg!m_fill,w_280,h_210,f_jpg?from=ke.com
20241018,东城,东直门,101125404822,东城区 东直门 1998年 南北通透 明厨明卫房主自荐,528万,91540元/平,顶层 (共6层) 2室1厅 | 57.68平米 | 南 北,https://ke-image.ljcdn.com/110000-inspection/d14f8876-827b-4908-8756-8af3d556df56_1000.jpg!m_fill,w_280,h_210,f_jpg?from=ke.com
20241018,东城,东直门,101125400459,察慈小区高板楼电梯直达后排南向不临街。不把边房主自荐,490万,99332元/平,低楼层 (共12层) 1室1厅 | 49.33平米 | 南,https://ke-image.ljcdn.com/110000-inspection/6e794f75-c481-46df-a1e1-89b94b979e96_1000.jpg!m_fill,w_280,h_210,f_jpg?from=ke.com
20241018,东城,东直门,101125393166,香河园北里精装修带电梯明厨明卫一居室,400万,89747元/平,中楼层 (共14层) 1室1厅 | 44.57平米 | 东 西,https://ke-image.ljcdn.com/110000-inspection/9d1c5577-c0a0-49ea-8a28-5a65fce19f9d_1000.jpg!m_fill,w_280,h_210,f_jpg?from=ke.com
20241018,东城,东直门,101125368457,精装修 南向一居室 采光好 无遮挡,480万,126817元/平,底层 (共5层) 1室1厅 | 37.85平米 | 南,https://ke-image.ljcdn.com/110000-inspection/7bf9ad92-2bec-45d7-9315-896664565e11_1000.jpg!m_fill,w_280,h_210,f_jpg?from=ke.com
20241018,东城,东直门,101125346961,新源西里中街 南向一居室 中间楼层 环境优美,279万,77158元/平,中楼层 (共5层) | 1983年 | 1室1厅 | 36.16平米 | 南,https://ke-image.ljcdn.com/110000-inspection/0188f566-63c8-4df6-95a8-f3d8d75803d7_1000.jpg!m_fill,w_280,h_210,f_jpg?from=ke.com
20241018,东城,东直门,101125327185,东直门北大街 低楼层两居室  双东向无遮挡,560万,96536元/平,底层 (共12层) 2室1厅 | 58.01平米 | 东 西,https://ke-image.ljcdn.com/110000-inspection/6a507249-2d73-4f2e-a059-399092490946_1000.jpg!m_fill,w_280,h_210,f_jpg?from=ke.com
20241018,东城,东直门,101125310748,民安小区东直门北中街 户型方正 通风好 采光充足,749万,99747元/平,中楼层 (共11层) 2室1厅 | 75.09平米 | 东 西,https://ke-image.ljcdn.com/110000-inspection/67c05229-26e5-4bd1-b3c8-c219ca95f4ae_1000.jpg!m_fill,w_280,h_210,f_jpg?from=ke.com
20241018,东城,东直门,101125292553,万国城MOMA二期 高层方正观景房 有钥匙随时看,3600万,118285元/平,高楼层 (共26层) 3室2厅 | 304.35平米 | 东 南 北,https://ke-image.ljcdn.com/110000-inspection/d7d1a27f-e616-4151-8a82-c8fb7d56ac38_1000.jpg!m_fill,w_280,h_210,f_jpg?from=ke.com
20241018,东城,东直门,101125290643,新中西里 2室1厅 东 西,498万,98109元/平,中楼层 (共6层) 2室1厅 | 50.76平米 | 东 西,https://ke-image.ljcdn.com/110000-inspection/608ab271-ad9b-4376-84d2-84b710a87a8c_1000.jpg!m_fill,w_280,h_210,f_jpg?from=ke.com
20241018,东城,东直门,101125273285,新源西里南向精装修2居室  满五年唯一 看房方便,425万,71973元/平,底层 (共14层) | 1985年 | 2室1厅 | 59.05平米 | 南 北,https://ke-image.ljcdn.com/110000-inspection/pc1_gUUWMdfwi_1.jpg!m_fill,w_280,h_210,f_jpg?from=ke.com
20241018,东城,东直门,101125266170,东城区东直门当代MOMA恒温恒湿科技住宅,1800万,118390元/平,中楼层 (共21层) | 2008年 | 2室2厅 | 152.04平米 | 东 北,https://ke-image.ljcdn.com/110000-inspection/ae3d8df0-7b60-4b11-8de6-d75ba03bcfb4_1000.jpg!m_fill,w_280,h_210,f_jpg?from=ke.com
20241018,东城,东直门,101125249863,当代MOMA 3室1厅 东北,1900万,124968元/平,中楼层 (共21层) | 2008年 | 3室1厅 | 152.04平米 | 东北,https://ke-image.ljcdn.com/110000-inspection/3712969d-4a41-4073-8c24-ceff7242420e_1000.jpg!m_fill,w_280,h_210,f_jpg?from=ke.com
20241018,东城,东直门,101125245522,东城东直门  清水苑社区 电梯双南两居室,600万,99818元/平,中楼层 (共14层) 2室1厅 | 60.11平米 | 南,https://ke-image.ljcdn.com/110000-inspection/c14e0659-2914-4065-aa75-fe128c308e09_1000.jpg!m_fill,w_280,h_210,f_jpg?from=ke.com
20241018,东城,东直门,101125230295,香河园北里 精装 明厨明卫三居 诚心出售,750万,100067元/平,顶层 (共6层) 3室1厅 | 74.95平米 | 南 北,https://ke-image.ljcdn.com/110000-inspection/219b86a5-7bb1-40e5-b0fe-dd4ca1af7572_1000.jpg!m_fill,w_280,h_210,f_jpg?from=ke.com
20241018,东城,东直门,101125222899,东三环内 全南朝向 明厨明卫 满五年 唯一 诚售房主自荐,600万,103861元/平,低楼层 (共6层) 2室1厅 | 57.77平米 | 南,https://ke-image.ljcdn.com/110000-inspection/b8690fad-29a1-40e5-a3a3-8d22f13f7c2d_1000.jpg!m_fill,w_280,h_210,f_jpg?from=ke.com
20241018,东城,东直门,101125204117,东直门南大街 电梯楼 精装修 一居室,480万,99959元/平,中楼层 (共18层) 1室1厅 | 48.02平米 | 西北,https://ke-image.ljcdn.com/110000-inspection/fdfd9e7a-e07b-4235-a6a0-4e4f1954c8dc_1000.jpg!m_fill,w_280,h_210,f_jpg?from=ke.com
20241018,东城,东直门,101125146266,新源西里南向经典两居 无遮挡 视野开阔,290万,56520元/平,高楼层 (共6层) | 1981年 | 2室1厅 | 51.31平米 | 南,https://ke-image.ljcdn.com/110000-inspection/35495a57-9545-4e07-b85f-17e378334c8a_1000.jpg!m_fill,w_280,h_210,f_jpg?from=ke.com
20241018,东城,东直门,101125135494,东城区东直门满五唯一恒温恒湿科技住宅,3260万,133198元/平,中楼层 (共22层) | 2007年 | 4室2厅 | 244.75平米 | 东南,https://ke-image.ljcdn.com/110000-inspection/pc1_xasWi713s.jpg!m_fill,w_280,h_210,f_jpg?from=ke.com
20241018,东城,东直门,101125131946,东直门外大街 察慈 满五年公 房 价格可谈,485万,98199元/平,低楼层 (共12层) 1室1厅 | 49.39平米 | 东,https://ke-image.ljcdn.com/110000-inspection/2f174013-2d06-4701-9b91-65240947c7c3_1000.jpg!m_fill,w_280,h_210,f_jpg?from=ke.com
20241018,东城,东直门,101125078499,胡家园小区 2室1厅 南,450万,81301元/平,顶层 (共6层) 2室1厅 | 55.35平米 | 南,https://ke-image.ljcdn.com/110000-inspection/84bae6fa-fb1c-4c71-8038-72a65dfaf1d5_1000.jpg!m_fill,w_280,h_210,f_jpg?from=ke.com
20241018,东城,东直门,101125061368,东中街中间楼层可做正规两室一个客厅中间墙不是承重,485万,98199元/平,中楼层 (共5层) 2室1厅 | 49.39平米 | 东,https://ke-image.ljcdn.com/110000-inspection/51993799-3d03-4d53-b5fc-5e33c2570940_1000.jpg!m_fill,w_280,h_210,f_jpg?from=ke.com
20241018,东城,东直门,101125042987,东城 东直门 清水苑社区 东西向两居 楼层高视野好,550万,89592元/平,中楼层 (共14层) 2室1厅 | 61.39平米 | 东 西,https://ke-image.ljcdn.com/110000-inspection/3d0ebe30-9955-4d6a-bc63-d4a55cc2e719_1000.jpg!m_fill,w_280,h_210,f_jpg?from=ke.com
20241018,东城,东直门,101125040405,察慈小区 1室1厅 东,459万,98224元/平,高楼层 (共12层) 1室1厅 | 46.73平米 | 东,https://ke-image.ljcdn.com/110000-inspection/49856796-0f62-49bf-8649-ebd439a53ba8_1000.jpg!m_fill,w_280,h_210,f_jpg?from=ke.com
20241018,东城,东直门,101125037612,万国城MOMA 二期 方正大户型楼层高视野好,3600万,118285元/平,中楼层 (共26层) 3室3厅 | 304.35平米 | 南 西 北,https://ke-image.ljcdn.com/110000-inspection/5e00e4a8-9935-445a-a15a-385797450582_1000.jpg!m_fill,w_280,h_210,f_jpg?from=ke.com
20241018,东城,东直门,101125036876,民安小区东直门内北小街带电梯无遮挡东西北三居,1160万,99503元/平,中楼层 (共16层) 3室1厅 | 116.58平米 | 东 西 北,https://ke-image.ljcdn.com/110000-inspection/7c0050c1-86bc-4ea2-8b6c-b4f3039d2d05_1000.jpg!m_fill,w_280,h_210,f_jpg?from=ke.com
20241018,东城,东直门,101124993628,东城胡家园小区两居 格局方正无浪费 总价较低,439万,75378元/平,高楼层 (共6层) 2室1厅 | 58.24平米 | 西北,https://ke-image.ljcdn.com/110000-inspection/9d113f43-13a5-4425-97ca-406c3d4e4bd3_1000.jpg!m_fill,w_280,h_210,f_jpg?from=ke.com
20241018,东城,东直门,101124981811,东城区东二环边 清水苑社区 全南向2居室  环境好,569万,87404元/平,底层 (共18层) 2室1厅 | 65.1平米 | 南 北,https://ke-image.ljcdn.com/110000-inspection/d5547d66-99c8-4d53-840c-17eb791df641_1000.jpg!m_fill,w_280,h_210,f_jpg?from=ke.com
20241018,东城,东直门,101124978360,东直门民安小区板楼南北通透两居室,810万,111586元/平,中楼层 (共6层) 2室1厅 | 72.59平米 | 南 北,https://ke-image.ljcdn.com/110000-inspection/0323f0ab-820c-4441-92ad-9cd094f4b195_1000.jpg!m_fill,w_280,h_210,f_jpg?from=ke.com
20241018,东城,东直门,101124972425,东直门 察慈小区 次顶层 自住精装修房主自荐,578万,84024元/平,高楼层 (共12层) 2室1厅 | 68.79平米 | 东 西,https://ke-image.ljcdn.com/110000-inspection/82692347-b957-4806-8dff-0fc385f50064_1000.jpg!m_fill,w_280,h_210,f_jpg?from=ke.com
20241018,东城,东直门,101124924011,东城区香河园北里楼层高视野好就一套住房,760万,88610元/平,高楼层 (共14层) 3室1厅 | 85.77平米 | 东 西,https://ke-image.ljcdn.com/110000-inspection/eaf22a78-7470-4a57-93ec-71fcd289db1f_1000.jpg!m_fill,w_280,h_210,f_jpg?from=ke.com
20241018,东城,东直门,101124917270,青龙胡同35号 满五唯一  南北通透三居,780万,91982元/平,顶层 (共6层) 3室1厅 | 84.8平米 | 南 北,https://ke-image.ljcdn.com/110000-inspection/dfec3e18-e2a5-48d3-bd45-4c77e47ce706_1000.jpg!m_fill,w_280,h_210,f_jpg?from=ke.com
20241018,东城,东直门,101124889938,东城东直门南北通透 3居采光充足 小区环境好,568万,95351元/平,顶层 (共6层) 3室1厅 | 59.57平米 | 南 北,https://ke-image.ljcdn.com/110000-inspection/4aa23563-d6c5-425f-9704-0ce69a48d6dd_1000.jpg!m_fill,w_280,h_210,f_jpg?from=ke.com
20241018,东城,东直门,101124862760,民安小区东直门内北小街 南北无遮挡三居室 低楼层,1050万,107209元/平,低楼层 (共14层) 3室1厅 | 97.94平米 | 南 北,https://ke-image.ljcdn.com/110000-inspection/2fb98bac-abc8-4088-a9fe-63f64db56859_1000.jpg!m_fill,w_280,h_210,f_jpg?from=ke.com
20241018,东城,东直门,101124861093,察慈小区 南向 两室带客厅 高楼层 视野好,660万,90598元/平,高楼层 (共12层) 2室1厅 | 72.85平米 | 南 北,https://ke-image.ljcdn.com/110000-inspection/12944af3-b619-43b5-99dd-3a4b40dea53d_1000.jpg!m_fill,w_280,h_210,f_jpg?from=ke.com
20241018,东城,东直门,101124823576,东直门南大街全南向两居采光好视野好。房子满五,675万,99018元/平,低楼层 (共18层) 2室1厅 | 68.17平米 | 南 北,https://ke-image.ljcdn.com/110000-inspection/af3727a5-bd53-47d8-a600-6ae7a2945b21_1000.jpg!m_fill,w_280,h_210,f_jpg?from=ke.com
20241018,东城,东直门,101124819378,新源西里社区南北通透三居室 有电梯 俯视亮马河,600万,77340元/平,低楼层 (共12层) 3室1厅 | 77.58平米 | 南 北,https://ke-image.ljcdn.com/110000-inspection/e56c7a28-34d4-435d-bdf0-3448b8bce7eb_1000.jpg!m_fill,w_280,h_210,f_jpg?from=ke.com
20241018,东城,东直门,101124757944,新中西里 2室1厅 东,560万,104693元/平,高楼层 (共6层) 2室1厅 | 53.49平米 | 东,https://ke-image.ljcdn.com/110000-inspection/7f7043d1-79b8-46d1-95db-8d4a7f2de3b5_1000.jpg!m_fill,w_280,h_210,f_jpg?from=ke.com
20241018,东城,东直门,101124718208,东直门 南北通透带客厅2居 封闭式小区 楼龄较新,740万,107185元/平,高楼层 (共6层) 2室1厅 | 69.04平米 | 南 北,https://ke-image.ljcdn.com/110000-inspection/d1100d53-3430-479c-8a7f-0e1bda2761f4_1000.jpg!m_fill,w_280,h_210,f_jpg?from=ke.com
20241018,东城,东直门,101124717639,总监推荐 民安小区东直门内北小街 带电梯东西两居,698万,90556元/平,中楼层 (共16层) 2室1厅 | 77.08平米 | 东 西,https://ke-image.ljcdn.com/110000-inspection/7b73dd99-e5fa-447d-b423-ff5e8312eb4a_1000.jpg!m_fill,w_280,h_210,f_jpg?from=ke.com
20241018,东城,东直门,101124703783,万国城 精装修两居室 商品房 明厨明卫 全明格局,1200万,130464元/平,底层 (共26层) 2室1厅 | 91.98平米 | 西北,https://ke-image.ljcdn.com/110000-inspection/1a2bbb28-4a8a-4a69-a7cc-b6d63132791c_1000.jpg!m_fill,w_280,h_210,f_jpg?from=ke.com
20241018,东城,东直门,101124691911,海运仓小区 商品房 满五年 西南向,465万,97833元/平,中楼层 (共7层) 1室1厅 | 47.53平米 | 西南,https://ke-image.ljcdn.com/110000-inspection/bd98dcfa-be2a-4728-8470-d9aedc7c4d51_1000.jpg!m_fill,w_280,h_210,f_jpg?from=ke.com
20241018,东城,东直门,101124685760,东城  东直门  满五唯一   精装一居,449万,99425元/平,顶层 (共6层) 1室1厅 | 45.16平米 | 南,https://ke-image.ljcdn.com/110000-inspection/eecaab5f-b3b3-4e73-a4eb-544fecd9fd8b_1000.jpg!m_fill,w_280,h_210,f_jpg?from=ke.com
20241018,东城,东直门,101124669709,万国城MOMA 东向观湖 高楼层 视野开阔 采光好,570万,124292元/平,中楼层 (共27层) 1室0厅 | 45.86平米 | 东,https://ke-image.ljcdn.com/110000-inspection/c1d84c57-d663-4f56-86b5-1942a63ce5fd_1000.jpg!m_fill,w_280,h_210,f_jpg?from=ke.com
20241018,东城,东直门,101124657123,胡家园小区 2室1厅 东 北,560万,88664元/平,中楼层 (共17层) 2室1厅 | 63.16平米 | 东 北,https://ke-image.ljcdn.com/110000-inspection/4aca474b-3465-4da3-aad4-07dd8ea9191f_1000.jpg!m_fill,w_280,h_210,f_jpg?from=ke.com
20241018,东城,东直门,101124650248,东城区东直门十字坡南向1居精装+中间楼层房主自荐,479万,126519元/平,中楼层 (共5层) 1室1厅 | 37.86平米 | 南,https://ke-image.ljcdn.com/110000-inspection/pc1_zPfwuB2kB.jpg!m_fill,w_280,h_210,f_jpg?from=ke.com
20241018,东城,东直门,101124633233,海运仓胡同3号院 3室1厅 西北,568万,74600元/平,高楼层 (共16层) 3室1厅 | 76.14平米 | 西北,https://ke-image.ljcdn.com/110000-inspection/49fa8d8d-172f-4ef9-8704-06e77e3d8060_1000.jpg!m_fill,w_280,h_210,f_jpg?from=ke.com
20241018,东城,东直门,101124625075,东直门雍和宫后永康胡同2号院4号院,550万,98850元/平,顶层 (共6层) 2室1厅 | 55.64平米 | 南,https://ke-image.ljcdn.com/110000-inspection/pc1_VMZNIlQGT_1.jpg!m_fill,w_280,h_210,f_jpg?from=ke.com
20241018,东城,东直门,101124614287,东直门内北小街2号院电梯直达采光视野好精装修,1070万,81661元/平,中楼层 (共20层) 2室1厅 | 131.03平米 | 西,https://ke-image.ljcdn.com/110000-inspection/49e2a4a6-a34d-408a-b0ba-54e297684545_1000.jpg!m_fill,w_280,h_210,f_jpg?from=ke.com
20241018,东城,东直门,101124607579,满五年唯一 出行房便 带电梯 采光好,660万,102660元/平,中楼层 (共9层) 2室1厅 | 64.29平米 | 东 西,https://ke-image.ljcdn.com/110000-inspection/b8329121-7e0f-4404-b053-98fb8e52a399_1000.jpg!m_fill,w_280,h_210,f_jpg?from=ke.com
20241018,东城,东直门,101124604008,东城区东直门万国城满五唯一。房主自荐,1250万,137032元/平,中楼层 (共26层) 1室1厅 | 91.22平米 | 南,https://ke-image.ljcdn.com/110000-inspection/pc1_1Pjvjcc0O_1.jpg!m_fill,w_280,h_210,f_jpg?from=ke.com
20241018,东城,东直门,101124572609,东直门南大街 西南北三居 满五唯一 电梯房 近地铁,720万,98617元/平,低楼层 (共18层) 3室1厅 | 73.01平米 | 西南 北,https://ke-image.ljcdn.com/110000-inspection/0f6655b3-fd49-4b7e-8ab4-0b24a7ca18c6_1000.jpg!m_fill,w_280,h_210,f_jpg?from=ke.com
20241018,东城,东直门,101124556942,东直门南大街 电梯直达正规两居室,638万,97989元/平,高楼层 (共18层) 2室1厅 | 65.11平米 | 东 西,https://ke-image.ljcdn.com/110000-inspection/5a6ca8d7-2f76-44c0-a86a-eb8fe1b007ea_1000.jpg!m_fill,w_280,h_210,f_jpg?from=ke.com
20241018,东城,东直门,101124548732,当代万国城MOMA四期 西南向三居室 品质科技住宅,2460万,119749元/平,中楼层 (共21层) | 2008年 | 3室1厅 | 205.43平米 | 南 北,https://ke-image.ljcdn.com/110000-inspection/c72d89eb-4bde-4367-9225-c4e73c20d030_1000.jpg!m_fill,w_280,h_210,f_jpg?from=ke.com
20241018,东城,东直门,101124533994,东直门   东直门南大街  带电梯  三居室,615万,79850元/平,低楼层 (共18层) 3室1厅 | 77.02平米 | 西南 东北,https://ke-image.ljcdn.com/110000-inspection/pc1_6xUIm0cgC.jpg!m_fill,w_280,h_210,f_jpg?from=ke.com
20241018,东城,东直门,101124531024,新源西里中街精装修诚意出售哦~,308万,65034元/平,底层 (共5层) 2室1厅 | 47.36平米 | 南,https://ke-image.ljcdn.com/110000-inspection/36e54209-5a1a-4be3-9402-de96aa39f8a0_1000.jpg!m_fill,w_280,h_210,f_jpg?from=ke.com
20241018,东城,东直门,101124529167,东直门外大街(东城）田字格三居室,980万,98197元/平,中楼层 (共14层) 3室1厅 | 99.8平米 | 南 北,https://ke-image.ljcdn.com/110000-inspection/925126f7-1940-4d32-b416-a2978a6a3470_1000.jpg!m_fill,w_280,h_210,f_jpg?from=ke.com
20241018,东城,东直门,101124506113,带电梯精装修高层一居采光好业主诚意出售,580万,92137元/平,高楼层 (共13层) 1室1厅 | 62.95平米 | 东 西,https://ke-image.ljcdn.com/110000-inspection/b711741b-e5d4-4cf8-b45c-3e89206bfc2f_1000.jpg!m_fill,w_280,h_210,f_jpg?from=ke.com
20241018,东城,东直门,101124503387,青龙胡同 2室1厅 南 北,580万,94834元/平,中楼层 (共6层) 2室1厅 | 61.16平米 | 南 北,https://ke-image.ljcdn.com/110000-inspection/ae1b57f1-2463-4935-af13-dbabcf5c2f0f_1000.jpg!m_fill,w_280,h_210,f_jpg?from=ke.com
20241018,东城,东直门,101124483274,总监推荐 东城区 东直门 十字坡西里 花园式社区,630万,111387元/平,高楼层 (共6层) 2室1厅 | 56.56平米 | 南 北,https://ke-image.ljcdn.com/110000-inspection/d5b03209-8947-4593-9035-0d99002c715d_1000.jpg!m_fill,w_280,h_210,f_jpg?from=ke.com
20241018,东城,东直门,101124449728,东中街小区 中间楼层 满五年 南向一居室,470万,117972元/平,中楼层 (共6层) 1室1厅 | 39.84平米 | 南,https://ke-image.ljcdn.com/110000-inspection/affb4ca3-a855-4082-932a-8577f41db6d3_1000.jpg!m_fill,w_280,h_210,f_jpg?from=ke.com
20241018,东城,东直门,101124428338,北官厅胡同 南北通透三居室 采光视野好 满五唯一,720万,91966元/平,顶层 (共6层) 3室1厅 | 78.29平米 | 东 南 北,https://ke-image.ljcdn.com/110000-inspection/a79eb62e-cb64-4fb4-92a9-956e70787314_1000.jpg!m_fill,w_280,h_210,f_jpg?from=ke.com
20241018,东城,东直门,101124419183,北新桥三条64号院  央产房  低楼层  小三居,590万,103220元/平,底层 (共6层) 3室1厅 | 57.16平米 | 东 西 北,https://ke-image.ljcdn.com/110000-inspection/pc1_u8lt3bov0_1.jpg!m_fill,w_280,h_210,f_jpg?from=ke.com
20241018,东城,东直门,101124403382,东城区 胡家园观亮马河景两居 带电梯 17号线,575万,94854元/平,高楼层 (共20层) 2室1厅 | 60.62平米 | 东 西,https://ke-image.ljcdn.com/110000-inspection/c73d712a-5a40-4af7-92e0-6f45f4e828cd_1000.jpg!m_fill,w_280,h_210,f_jpg?from=ke.com
20241018,东城,东直门,101124343674,万国城MOMA 东向观景两居 位置安静户型方正不临街,1550万,125364元/平,低楼层 (共26层) 2室2厅 | 123.64平米 | 东,https://ke-image.ljcdn.com/110000-inspection/pc1_e0b5aQonp.jpg!m_fill,w_280,h_210,f_jpg?from=ke.com
20241018,东城,东直门,101124320203,东四十条海运仓 大2居 精装修 低楼层 产权清晰,848万,108900元/平,底层 (共7层) 2室1厅 | 77.87平米 | 西南,https://ke-image.ljcdn.com/110000-inspection/0f151e62-4894-497f-8f8a-ff2c7913101f_1000.jpg!m_fill,w_280,h_210,f_jpg?from=ke.com
20241018,东城,东直门,101124233405,海运仓小区东西通透两居室03年。带电梯。,695万,107836元/平,中楼层 (共9层) 2室1厅 | 64.45平米 | 东 西,https://ke-image.ljcdn.com/110000-inspection/2bca3c7a-bdd1-4594-bbc6-8807be9be9e1_1000.jpg!m_fill,w_280,h_210,f_jpg?from=ke.com
20241018,东城,东直门,101124214323,北东景山 民安北小街南向一居满五唯一可贷款,615万,119025元/平,低楼层 (共14层) 1室1厅 | 51.67平米 | 南,https://ke-image.ljcdn.com/110000-inspection/23f8377e-877d-4489-908c-1abca841eef3_1000.jpg!m_fill,w_280,h_210,f_jpg?from=ke.com
20241018,东城,东直门,101124176813,东城区 南北通透、明厨明卫 2/6层二居 仅有契税 诚售,518万,87294元/平,低楼层 (共6层) 2室1厅 | 59.34平米 | 南 北,https://ke-image.ljcdn.com/110000-inspection/b0e3cd5a-300b-4059-874e-9d2feeb0acb6_1000.jpg!m_fill,w_280,h_210,f_jpg?from=ke.com
20241018,东城,东直门,101124155933,东城区 东直门南大街 南向精装一居室  带正规客厅,520万,110217元/平,高楼层 (共18层) 1室1厅 | 47.18平米 | 南,https://ke-image.ljcdn.com/110000-inspection/329c6f5a-19d9-4ce8-ad97-ff07e79b1ab8_1000.jpg!m_fill,w_280,h_210,f_jpg?from=ke.com
20241018,东城,东直门,101124111769,东直门外新源西里东街朝南两居 满五年精装修,370万,72111元/平,高楼层 (共6层) | 1981年 | 2室1厅 | 51.31平米 | 南,https://ke-image.ljcdn.com/110000-inspection/pc1_Mnb6FDj2z_2.jpg!m_fill,w_280,h_210,f_jpg?from=ke.com
20241018,东城,东直门,101124093863,东直门外胡家园东城区一居 电梯房 视野好 亮马河附近,440万,76964元/平,中楼层 (共17层) 1室1厅 | 57.17平米 | 南,https://ke-image.ljcdn.com/110000-inspection/pc1_h4CxHm64X.jpg!m_fill,w_280,h_210,f_jpg?from=ke.com
20241018,东城,东直门,101124081311,胡家园小区 亮马河畔 正规3居室 可以看房 随时签约,838万,100722元/平,低楼层 (共16层) 3室1厅 | 83.2平米 | 西南,https://ke-image.ljcdn.com/110000-inspection/pc1_VYidvmmuu_1.jpg!m_fill,w_280,h_210,f_jpg?from=ke.com
20241018,东城,东直门,101124064467,东城区 东直门  十字坡西里  南向正规一居室  楼层好,480万,126884元/平,中楼层 (共5层) 1室1厅 | 37.83平米 | 南,https://ke-image.ljcdn.com/110000-inspection/fa338b8f-4818-47bb-8cfc-7f72077c15ac_1000.jpg!m_fill,w_280,h_210,f_jpg?from=ke.com
20241018,东城,东直门,101124057803,东城 东直门 2居室 带客厅 有电梯,630万,104030元/平,中楼层 (共21层) 2室1厅 | 60.56平米 | 西南 北,https://ke-image.ljcdn.com/110000-inspection/e500fc58-b065-41fa-8a42-c54583eddda9_1000.jpg!m_fill,w_280,h_210,f_jpg?from=ke.com
20241018,东城,东直门,101123983040,万国城MOMA 二期 南北/西三面采光方正大平层房主自荐,3500万,115102元/平,低楼层 (共26层) 3室2厅 | 304.08平米 | 南 西 北,https://ke-image.ljcdn.com/110000-inspection/3f36178b-79ec-4199-944e-e774083b1c73_1000.jpg!m_fill,w_280,h_210,f_jpg?from=ke.com
20241018,东城,东直门,101123965806,东直门东中街精装修南北通透户型好,570万,91361元/平,顶层 (共6层) 2室1厅 | 62.39平米 | 南 北,https://ke-image.ljcdn.com/110000-inspection/d78fdf9f-c45e-4ff4-9902-447d0998b7b9_1000.jpg!m_fill,w_280,h_210,f_jpg?from=ke.com
20241018,东城,东直门,101123964899,东直门 精装两居 电梯房 视野开阔,630万,99042元/平,中楼层 (共16层) 2室1厅 | 63.61平米 | 南,https://ke-image.ljcdn.com/110000-inspection/94d7c9d0-4f86-412b-a7a3-faa3a9110aef_1000.jpg!m_fill,w_280,h_210,f_jpg?from=ke.com
20241018,东城,东直门,101123959507,炮局头条小区 产权清晰 诚意出售 燃气暖气都有,540万,93832元/平,底层 (共6层) 2室1厅 | 57.55平米 | 南 北,https://ke-image.ljcdn.com/110000-inspection/f9104ffb-35a2-4ce4-bda2-d07cd54cdb34_1000.jpg!m_fill,w_280,h_210,f_jpg?from=ke.com
20241018,东城,东直门,101123957048,万国城MOMA 方正户型 两居室诚意出售保养好,920万,99438元/平,底层 (共26层) | 2004年 | 2室1厅 | 92.52平米 | 西,https://ke-image.ljcdn.com/110000-inspection/pc1_N0XoYG8WB.jpg!m_fill,w_280,h_210,f_jpg?from=ke.com
20241018,东城,东直门,101123904812,东城春秀路满五年唯一有正规客厅中国港湾家属楼,658万,108653元/平,低楼层 (共21层) | 1999年 | 2室1厅 | 60.56平米 | 西南 北,https://ke-image.ljcdn.com/110000-inspection/pc1_ZFyBByb6Q_2.jpg!m_fill,w_280,h_210,f_jpg?from=ke.com
20241018,东城,东直门,101123857430,东直门外大街(东城） 3室1厅 东北,600万,88029元/平,低楼层 (共16层) 3室1厅 | 68.16平米 | 东北,https://ke-image.ljcdn.com/110000-inspection/c7013cda-e7f3-4bd0-aa1f-1a4fbacf04c5_1000.jpg!m_fill,w_280,h_210,f_jpg?from=ke.com
20241018,东城,东直门,101123849528,东城区 东直门 察慈小区 精装通透3居室业主诚售,676万,85096元/平,低楼层 (共12层) 3室1厅 | 79.44平米 | 西 东,https://ke-image.ljcdn.com/110000-inspection/cdf97af8-2769-4d6c-a158-33e09ca03175_1000.jpg!m_fill,w_280,h_210,f_jpg?from=ke.com
20241018,东城,东直门,101123843763,民安小区东直门内北小街 东南三居 低楼层 诚意出售,1120万,113545元/平,低楼层 (共16层) 3室1厅 | 98.64平米 | 南 西,https://ke-image.ljcdn.com/110000-inspection/d4a88f2b-df56-4ea1-a001-1deb843b0dca_1000.jpg!m_fill,w_280,h_210,f_jpg?from=ke.com
20241018,东城,东直门,101123814328,十字坡西里 满五唯一公 房 南北通透,545万,102060元/平,底层 (共5层) 2室1厅 | 53.4平米 | 南 北,https://ke-image.ljcdn.com/110000-inspection/4c6e852c-9393-4f7b-b495-41a7a01c71e9_1000.jpg!m_fill,w_280,h_210,f_jpg?from=ke.com
20241018,东城,东直门,101123804364,草园胡同 通透精装两居室 低楼层 随时签约 看房方便房主自荐,650万,101881元/平,底层 (共6层) 2室1厅 | 63.8平米 | 东 西,https://ke-image.ljcdn.com/110000-inspection/59685359-7e24-4e7d-969c-4426d77b9541_1000.jpg!m_fill,w_280,h_210,f_jpg?from=ke.com
20241018,东城,东直门,101123772122,新源西里中街 电梯房 2室1厅精装修满五唯一,460万,71241元/平,中楼层 (共22层) 2室1厅 | 64.57平米 | 西北 东北,https://ke-image.ljcdn.com/110000-inspection/pc1_QEBDJ62dl_1.jpg!m_fill,w_280,h_210,f_jpg?from=ke.com
20241018,东城,东直门,101123771862,东城区东直门次新房融创物业管理好,4000万,168613元/平,中楼层 (共19层) 3室2厅 | 237.23平米 | 南 北,https://ke-image.ljcdn.com/110000-inspection/pc1_rnVuxaQIG_2.jpg!m_fill,w_280,h_210,f_jpg?from=ke.com
20241018,东城,东直门,101123765870,东城区东直门梵悦万国府管理好,2980万,122052元/平,中楼层 (共32层) | 2002年 | 3室2厅 | 244.16平米 | 西北,https://ke-image.ljcdn.com/110000-inspection/0963bc74-d1e9-47db-a6d1-4aaa7c381b2e_1000.jpg!m_fill,w_280,h_210,f_jpg?from=ke.com
20241018,东城,东直门,101123690335,二环内民安东直门北中街南北向采光充足视野开阔房主自荐,560万,106687元/平,顶层 (共5层) 2室1厅 | 52.49平米 | 南 北,https://ke-image.ljcdn.com/110000-inspection/db85f46d-b559-4e2e-9c9c-41aa5bc2b56d_1000.jpg!m_fill,w_280,h_210,f_jpg?from=ke.com
20241018,东城,东直门,101123684076,东直门内北小街8号院 3室1厅 南 北,1240万,99407元/平,低楼层 (共16层) 3室1厅 | 124.74平米 | 南 北,https://ke-image.ljcdn.com/110000-inspection/5dc97690-693c-4d99-b0aa-7fbd6d6ede6f_1000.jpg!m_fill,w_280,h_210,f_jpg?from=ke.com
20241018,东城,东直门,101123676574,清水苑 95年 明厨明卫 满五唯一价格可谈！房主自荐,580万,94049元/平,低楼层 (共6层) 2室1厅 | 61.67平米 | 西 北,https://ke-image.ljcdn.com/110000-inspection/4c93c63e-252a-4837-9982-57fb8dba629b_1000.jpg!m_fill,w_280,h_210,f_jpg?from=ke.com
20241018,东城,东直门,101123645319,海运仓小区商品房满五年 唯一住房 东南优质3居 好楼层,1050万,125224元/平,低楼层 (共7层) 3室1厅 | 83.85平米 | 东南 西,https://ke-image.ljcdn.com/110000-inspection/d35ec8d0-8d35-4d67-929d-0cffc3088cea_1000.jpg!m_fill,w_280,h_210,f_jpg?from=ke.com
20241018,东城,东直门,101123635433,东直门外大街(东城）二环外 南向两居 带电梯 没有遮挡,603万,84811元/平,中楼层 (共14层) 2室1厅 | 71.1平米 | 南,https://ke-image.ljcdn.com/110000-inspection/pc1_xbRbvXhvD_2.jpg!m_fill,w_280,h_210,f_jpg?from=ke.com
20241018,东城,东直门,101123624935,总监推荐 海运仓小区 全南一居 中楼层无遮挡出行便利,560万,116984元/平,中楼层 (共7层) 1室1厅 | 47.87平米 | 南,https://ke-image.ljcdn.com/110000-inspection/a686b7a9-747a-4acc-97e3-baa6745f7d6c_1000.jpg!m_fill,w_280,h_210,f_jpg?from=ke.com
20241018,东城,东直门,101123606799,万国城MOMA二期恒温恒湿大平层,2450万,101061元/平,中楼层 (共26层) 3室2厅 | 242.43平米 | 南 北,https://ke-image.ljcdn.com/110000-inspection/pc1_guY7kTpag.jpg!m_fill,w_280,h_210,f_jpg?from=ke.com
20241018,东城,东直门,101123596170,东城 东直门 花园式社区满两年一居室,460万,121597元/平,中楼层 (共5层) 1室1厅 | 37.83平米 | 南,https://ke-image.ljcdn.com/110000-inspection/e60a5a2b-2902-45ae-83cc-3e68eda6e426_1000.jpg!m_fill,w_280,h_210,f_jpg?from=ke.com
20241018,东城,东直门,101123588480,东城区东直门当代MOMA恒温恒湿科技住宅,1950万,128705元/平,高楼层 (共21层) | 2008年 | 2室2厅 | 151.51平米 | 南 西,https://ke-image.ljcdn.com/110000-inspection/d0d4516d-353e-4925-962c-7217066de7f1_1000.jpg!m_fill,w_280,h_210,f_jpg?from=ke.com
20241018,东城,东直门,101123579025,东城区 17号线地铁 胡家园小区 南北通透 2000年钢混,899万,89865元/平,低楼层 (共10层) 2室1厅 | 100.04平米 | 南 北,https://ke-image.ljcdn.com/110000-inspection/0a1c4a08-e2ce-45f3-a742-dd771193336d_1000.jpg!m_fill,w_280,h_210,f_jpg?from=ke.com
20241018,东城,东直门,101123514391,全南一居室 户型方正 采光视野好 满五唯一 诚售房主自荐,415万,100412元/平,顶层 (共6层) 1室1厅 | 41.33平米 | 南,https://ke-image.ljcdn.com/110000-inspection/64d952c9-d500-4500-ab3c-848b77adc2f0_1000.jpg!m_fill,w_280,h_210,f_jpg?from=ke.com
20241018,东城,东直门,101123480142,东直门外大街(东城） 满五不唯一,520万,73728元/平,顶层 (共14层) 2室1厅 | 70.53平米 | 南 北,https://ke-image.ljcdn.com/110000-inspection/pc1_LDT0qhuyW_2.jpg!m_fill,w_280,h_210,f_jpg?from=ke.com
20241018,东城,东直门,101123475629,电梯直达 视眼好 层高高 交易费低 满五唯一 南北阳台房主自荐,1008万,110587元/平,顶层 (共16层) 3室1厅 | 91.15平米 | 南 北,https://ke-image.ljcdn.com/110000-inspection/5ae8930e-166f-453d-b09b-017e20c590de_1000.jpg!m_fill,w_280,h_210,f_jpg?from=ke.com
20241018,东城,东直门,101123466772,NAGA上院 4室2厅 西北,2960万,97878元/平,低楼层 (共12层) | 2008年 | 4室2厅 | 302.42平米 | 西北,https://ke-image.ljcdn.com/110000-inspection/309b3cf3-8057-4a7e-aadd-6977d6766d35_1000.jpg!m_fill,w_280,h_210,f_jpg?from=ke.com
20241018,东城,东直门,101123435275,东直门 西香河园 南北通透 三居室 近地铁,640万,106738元/平,中楼层 (共6层) 3室1厅 | 59.96平米 | 西南 北,https://ke-image.ljcdn.com/110000-inspection/101f24a7-6fd7-4d08-9b59-1a86c50c19e3_1000.jpg!m_fill,w_280,h_210,f_jpg?from=ke.com
20241018,东城,东直门,101123431070,当代MOMA南向观景一居 户型方正无遮挡 后排不临街安静房主自荐,1220万,136420元/平,中楼层 (共19层) | 2008年 | 1室1厅 | 89.43平米 | 南,https://ke-image.ljcdn.com/110000-inspection/33a74b49-80a4-4e3a-b771-e2c0421a9715_1000.jpg!m_fill,w_280,h_210,f_jpg?from=ke.com
20241018,东城,东直门,101123416356,东城  春秀路小区  中间层3居室  靠谱出售房主自荐,650万,92791元/平,中楼层 (共6层) 3室1厅 | 70.05平米 | 东 西,https://ke-image.ljcdn.com/110000-inspection/5dddcf5e-d83e-4bf1-8a94-96799d1e206c_1000.jpg!m_fill,w_280,h_210,f_jpg?from=ke.com
20241018,东城,东直门,101123386964,东城区 东直门万国城MOMA 西向两居 满五唯一7000米湖,1099万,118786元/平,低楼层 (共26层) 2室1厅 | 92.52平米 | 西,https://ke-image.ljcdn.com/110000-inspection/pc1_fof6OHaDq.jpg!m_fill,w_280,h_210,f_jpg?from=ke.com
20241018,东城,东直门,101123327429,清水苑社区 东南向正规 两梯七户 电梯直达 楼龄新,599万,95733元/平,低楼层 (共18层) 2室1厅 | 62.57平米 | 东南,https://ke-image.ljcdn.com/110000-inspection/37f32cb0-3c6c-4c1c-be03-aff043812585_1000.jpg!m_fill,w_280,h_210,f_jpg?from=ke.com
20241018,东城,东直门,101123318002,东城区 东直门 带电梯 一室一厅 满五唯一 正南向房主自荐,398万,93296元/平,低楼层 (共12层) 1室1厅 | 42.66平米 | 南,https://ke-image.ljcdn.com/110000-inspection/0c46c369-93cd-4855-8a8e-2227959e6045_1000.jpg!m_fill,w_280,h_210,f_jpg?from=ke.com
20241018,东城,东直门,101123315876,西香河园南北两居室精装修格局方正,488万,92320元/平,高楼层 (共6层) 2室1厅 | 52.86平米 | 南 北,https://ke-image.ljcdn.com/110000-inspection/7c93cba0-529f-458c-ac31-1777fe78f8e4_1000.jpg!m_fill,w_280,h_210,f_jpg?from=ke.com
20241018,东城,东直门,101123292351,北官厅小区 南北通透两居 诚意出售 看房方便,508万,88936元/平,顶层 (共6层) 2室1厅 | 57.12平米 | 南 北,https://ke-image.ljcdn.com/110000-inspection/547543e2-68e7-4ed2-8251-306ef5738f25_1000.jpg!m_fill,w_280,h_210,f_jpg?from=ke.com
20241018,东城,东直门,101123287231,朝阳区东直门外  新源西里社区 满五年唯一公住房,418万,74048元/平,中楼层 (共5层) 3室1厅 | 56.45平米 | 南 北,https://ke-image.ljcdn.com/110000-inspection/90998e2d-6a36-4c36-9be4-dcb919c65dce_1000.jpg!m_fill,w_280,h_210,f_jpg?from=ke.com
20241018,东城,东直门,101123270231,胡家园小区方正双南户型带电梯高层。房主自荐,670万,99260元/平,高楼层 (共20层) 2室1厅 | 67.5平米 | 南,https://ke-image.ljcdn.com/110000-inspection/b9d81e11-e7b5-46c6-924b-7b55b5b0a0a1_1000.jpg!m_fill,w_280,h_210,f_jpg?from=ke.com
20241018,东城,东直门,101123265458,民安小区东扬威街平层电梯三居东直门地铁房主自荐,969万,92076元/平,中楼层 (共11层) 3室1厅 | 105.24平米 | 南 北,https://ke-image.ljcdn.com/110000-inspection/pc1_1wARWz4X9_1.jpg!m_fill,w_280,h_210,f_jpg?from=ke.com
20241018,东城,东直门,101123257240,当代MOMA 满五年唯一商品房 精装修 恒湿恒温科技住宅房主自荐,2100万,138532元/平,低楼层 (共3层) | 2008年 | 3室2厅 | 151.59平米 | 南,https://ke-image.ljcdn.com/110000-inspection/9575e6cc-c005-416f-933b-e61d2536f10d_1000.jpg!m_fill,w_280,h_210,f_jpg?from=ke.com
20241018,东城,东直门,101123244041,北官厅胡同2号院 东向看小区花园     满五年唯一,508万,99981元/平,顶层 (共5层) 2室1厅 | 50.81平米 | 东,https://ke-image.ljcdn.com/110000-inspection/0a7f063b-670e-4d4f-b6c5-5542651d03f9_1000.jpg!m_fill,w_280,h_210,f_jpg?from=ke.com
20241018,东城,东直门,101123173733,清水苑社区 南向1居室 高层视野采光好,425万,98884元/平,高楼层 (共18层) 1室1厅 | 42.98平米 | 南,https://ke-image.ljcdn.com/110000-inspection/d24f4059-5d54-4e18-94e4-249a60244d88_1000.jpg!m_fill,w_280,h_210,f_jpg?from=ke.com
20241018,东城,东直门,101123148001,东城东直门 察慈小区正规一居室 电梯直达,428万,86658元/平,低楼层 (共12层) 1室1厅 | 49.39平米 | 东,https://ke-image.ljcdn.com/110000-inspection/pc1_frlqAQIb3.jpg!m_fill,w_280,h_210,f_jpg?from=ke.com
20241018,东城,东直门,101123124028,十字坡西里中间楼层采光视野无遮挡,468万,123581元/平,中楼层 (共5层) 1室1厅 | 37.87平米 | 南,https://ke-image.ljcdn.com/110000-inspection/38123a80-2056-4607-abe0-c2fc89c682b9_1000.jpg!m_fill,w_280,h_210,f_jpg?from=ke.com
20241018,东城,东直门,101123059164,东城 东直门 新上青龙胡同 一居 满五年 随时看房,500万,121389元/平,顶层 (共6层) 1室1厅 | 41.19平米 | 南,https://ke-image.ljcdn.com/110000-inspection/67ab858c-4e46-4558-9baa-f2ae0db26cb8_1000.jpg!m_fill,w_280,h_210,f_jpg?from=ke.com
20241018,东城,东直门,101123024538,2003年建成电梯房有装修看房方便,810万,90879元/平,中楼层 (共10层) 2室2厅 | 89.13平米 | 东 西,https://ke-image.ljcdn.com/110000-inspection/c44c17bf-703d-449c-983f-7e7ea0f07e27_1000.jpg!m_fill,w_280,h_210,f_jpg?from=ke.com
20241018,东城,东直门,101122999898,东中街 3室1厅 东 西 北,697万,101294元/平,中楼层 (共14层) 3室1厅 | 68.81平米 | 东 西 北,https://ke-image.ljcdn.com/110000-inspection/eb9f76cd-d137-4668-b799-43f6c69298be_1000.jpg!m_fill,w_280,h_210,f_jpg?from=ke.com
20241018,东城,东直门,101122992911,海运仓小区 南北通透3居室 精装修 有车位,1090万,131754元/平,中楼层 (共7层) 3室1厅 | 82.73平米 | 南 北,https://ke-image.ljcdn.com/110000-inspection/9430623a-2d56-49ac-99d3-f4b6d534ba65_1000.jpg!m_fill,w_280,h_210,f_jpg?from=ke.com
20241018,东城,东直门,101122984838,新中西里 高楼层 田字格三居室 南北通透 满五年,899万,110267元/平,顶层 (共5层) | 1999年 | 3室1厅 | 81.53平米 | 南 北,https://ke-image.ljcdn.com/110000-inspection/783e7095-6ee2-46d4-87d1-9337b24cfb58_1000.jpg!m_fill,w_280,h_210,f_jpg?from=ke.com
20241018,东城,东直门,101122961382,新上东城区新中西里三居室把边户型,768万,114099元/平,低楼层 (共6层) 3室1厅 | 67.31平米 | 东 南 西,https://ke-image.ljcdn.com/110000-inspection/pc1_3yvRyARH0_2.jpg!m_fill,w_280,h_210,f_jpg?from=ke.com
20241018,东城,东直门,101122918700,新源西里社区 部委家属楼 环境好,598万,75486元/平,中楼层 (共22层) 3室1厅 | 79.22平米 | 西南,https://ke-image.ljcdn.com/110000-inspection/b8bb705f-e8f3-41f9-84df-52ec418145e8_1000.jpg!m_fill,w_280,h_210,f_jpg?from=ke.com
20241018,东城,东直门,101122905988,东城区 17号线地铁 胡家园小区 中间层 小三居 环境好,638万,98366元/平,中楼层 (共6层) 3室1厅 | 64.86平米 | 南 北,https://ke-image.ljcdn.com/110000-inspection/0291889d-d187-4b65-820a-9a3be8e9345e_1000.jpg!m_fill,w_280,h_210,f_jpg?from=ke.com
20241018,东城,东直门,101122872076,东直门南大街 两居室户型方正满五年唯一电梯房,498万,111885元/平,低楼层 (共18层) 2室1厅 | 44.51平米 | 西北,https://ke-image.ljcdn.com/110000-inspection/f6f2e5da-066c-45f2-8402-11157b565c5b_1000.jpg!m_fill,w_280,h_210,f_jpg?from=ke.com
20241018,东城,东直门,101122832652,胡家园小区 2室1厅 西南房主自荐,530万,106812元/平,底层 (共6层) 2室1厅 | 49.62平米 | 西南,https://ke-image.ljcdn.com/110000-inspection/27d9e790-8a72-426a-9a3c-4905bb114e8f_1000.jpg!m_fill,w_280,h_210,f_jpg?from=ke.com
20241018,东城,东直门,101122797479,东城区 东直门 十字坡西里 南向 中间楼层 一居室房主自荐,488万,128896元/平,中楼层 (共5层) 1室1厅 | 37.86平米 | 南,https://ke-image.ljcdn.com/110000-inspection/aa3f048e-ed16-48a3-b51c-d852e44b1b39_1000.jpg!m_fill,w_280,h_210,f_jpg?from=ke.com
20241018,东城,东直门,101122757038,胡家园经典两居 挨着亮马河 交通便利 采光好 无遮挡,550万,92922元/平,高楼层 (共6层) 2室1厅 | 59.19平米 | 东 北,https://ke-image.ljcdn.com/110000-inspection/pc1_7RO3Hax3B_1.jpg!m_fill,w_280,h_210,f_jpg?from=ke.com
20241018,东城,东直门,101122754770,胡家园小区 三居 中间楼层 满五年 有车位,630万,88745元/平,中楼层 (共6层) 3室1厅 | 70.99平米 | 南 西,https://ke-image.ljcdn.com/110000-inspection/114643cf-2389-496c-a5ee-19e84c160c03_1000.jpg!m_fill,w_280,h_210,f_jpg?from=ke.com
20241018,东城,东直门,101122725464,假期期间可谈可签。飘窗胡家园小区中间不临街不吵房主自荐,469万,82921元/平,高楼层 (共6层) 2室1厅 | 56.56平米 | 南 北,https://ke-image.ljcdn.com/110000-inspection/38e5d131-2038-431e-8339-41a309f61848_1000.jpg!m_fill,w_280,h_210,f_jpg?from=ke.com
20241018,东城,东直门,101122680063,东直门内北小街8号院 2室1厅 南 西,900万,103687元/平,底层 (共13层) 2室1厅 | 86.8平米 | 南 西,https://ke-image.ljcdn.com/110000-inspection/a810690a-b74c-43c3-84ce-a817b9e194df_1000.jpg!m_fill,w_280,h_210,f_jpg?from=ke.com
20241018,东城,东直门,101122637296,胡家园文化部央产楼单独管理精装修房主自荐,599万,101200元/平,中楼层 (共20层) 2室1厅 | 59.19平米 | 东,https://ke-image.ljcdn.com/110000-inspection/pc1_WF4T49qXP_1.jpg!m_fill,w_280,h_210,f_jpg?from=ke.com
20241018,东城,东直门,101122626915,东直门南大街小区高层明厨明卫房主自荐,525万,90549元/平,中楼层 (共18层) 2室1厅 | 57.98平米 | 东 北,https://ke-image.ljcdn.com/110000-inspection/pc1_n8X5bqBt4_2.jpg!m_fill,w_280,h_210,f_jpg?from=ke.com
20241018,东城,东直门,101122620506,东城区 东直门北大街 高层 房改房 通透两居室房主自荐,560万,82499元/平,顶层 (共12层) 2室1厅 | 67.88平米 | 东 西,https://ke-image.ljcdn.com/110000-inspection/83d8f085-63a8-4ada-910f-983effe4b799_1000.jpg!m_fill,w_280,h_210,f_jpg?from=ke.com
20241018,东城,东直门,101122572793,胡家园南北通透三居 带车位 视野开阔 阳光充足环境好,650万,90593元/平,顶层 (共6层) 3室1厅 | 71.75平米 | 南 北,https://ke-image.ljcdn.com/110000-inspection/1d04d6f3-d49c-4956-bc44-c740430cee09_1000.jpg!m_fill,w_280,h_210,f_jpg?from=ke.com
20241018,东城,东直门,101122539166,东直门春秀路小区精装全南两居室采光好无遮挡房主自荐,480万,91169元/平,顶层 (共6层) 2室1厅 | 52.65平米 | 南,https://ke-image.ljcdn.com/110000-inspection/62b5eb8c-a1d0-469f-b705-5e7e623740a9_1000.jpg!m_fill,w_280,h_210,f_jpg?from=ke.com
20241018,东城,东直门,101122521291,新源西里中街 河景房  南北通透2居室 满五年,500万,78113元/平,中楼层 (共12层) 2室1厅 | 64.01平米 | 南 北,https://ke-image.ljcdn.com/110000-inspection/0043cf97-6194-410f-9e7a-075130459a08_1000.jpg!m_fill,w_280,h_210,f_jpg?from=ke.com
20241018,东城,东直门,101122502199,东直门民安小区电梯两居室 满五年 诚意出售,830万,100558元/平,中楼层 (共16层) 2室1厅 | 82.54平米 | 东 西,https://ke-image.ljcdn.com/110000-inspection/3c8b50b0-d99c-475d-a8a3-d22e67d41be4_1000.jpg!m_fill,w_280,h_210,f_jpg?from=ke.com
20241018,东城,东直门,101122464821,2003年新建小区动静分离满五年业主诚意出售,920万,110035元/平,高楼层 (共7层) 3室1厅 | 83.61平米 | 西 东 南,https://ke-image.ljcdn.com/110000-inspection/8f117622-8ac2-41da-8d70-93554bf31409_1000.jpg!m_fill,w_280,h_210,f_jpg?from=ke.com
20241018,东城,东直门,101122464242,过年期间可看可签约！东城区 正规一居室 近邻地铁,460万,105699元/平,中楼层 (共16层) 1室1厅 | 43.52平米 | 东,https://ke-image.ljcdn.com/110000-inspection/d486e542-e11f-4690-8f6f-ba8ec9cf3fc9_1000.jpg!m_fill,w_280,h_210,f_jpg?from=ke.com
20241018,东城,东直门,101122451764,新上带电梯南北通透17号地铁475米满五年采光好房主自荐,568万,88063元/平,中楼层 (共12层) 3室1厅 | 64.5平米 | 东 南 北,https://ke-image.ljcdn.com/110000-inspection/pc1_KUL62NUX5_2.jpg!m_fill,w_280,h_210,f_jpg?from=ke.com
20241018,东城,东直门,101122441364,东直门南大街 南向一居室 高楼层 电梯直达,480万,101739元/平,顶层 (共18层) 1室1厅 | 47.18平米 | 南,https://ke-image.ljcdn.com/110000-inspection/f5cdc17c-84ee-4c40-a8c6-c5453f21869e_1000.jpg!m_fill,w_280,h_210,f_jpg?from=ke.com
20241018,东城,东直门,101122434856,东城 清水苑 东直门北大街 社区环境管理好房主自荐,498万,101199元/平,底层 (共6层) 1室1厅 | 49.21平米 | 南,https://ke-image.ljcdn.com/110000-inspection/pc1_EqEmUaAXe_2.jpg!m_fill,w_280,h_210,f_jpg?from=ke.com
20241018,东城,东直门,101122423257,东直门外胡家园 精装南北电梯三居室 楼下亮马河风景线,650万,85877元/平,低楼层 (共20层) 3室0厅 | 75.69平米 | 南 北,https://ke-image.ljcdn.com/110000-inspection/c275a7df-21a2-4f25-85a6-3d1e843e3852_1000.jpg!m_fill,w_280,h_210,f_jpg?from=ke.com
20241018,东城,东直门,101122263720,十字坡西里 优质两居室 满五唯一 带租赁车位,668万,113355元/平,中楼层 (共5层) 2室1厅 | 58.93平米 | 南 北,https://ke-image.ljcdn.com/110000-inspection/b7d83ce4-979d-4081-8d1c-14d876031565_1000.jpg!m_fill,w_280,h_210,f_jpg?from=ke.com
20241018,东城,东直门,101122182269,东外十字坡西里房子家庭唯一住房正规一居室房主自荐,470万,133183元/平,底层 (共6层) 1室1厅 | 35.29平米 | 南,https://ke-image.ljcdn.com/110000-inspection/5e049941-1642-42be-acdf-20392de81922_1000.jpg!m_fill,w_280,h_210,f_jpg?from=ke.com
20241018,东城,东直门,101122160294,西香河园 2室1厅 南 北,435万,82921元/平,顶层 (共6层) 2室1厅 | 52.46平米 | 南 北,https://ke-image.ljcdn.com/110000-inspection/170d53a8-c5e9-4cc6-af95-ccab046d0d6e_1000.jpg!m_fill,w_280,h_210,f_jpg?from=ke.com
20241018,东城,东直门,101122150794,东直门南大街南北通透一居室有客厅带电梯,478万,101315元/平,低楼层 (共18层) 1室1厅 | 47.18平米 | 南 北,https://ke-image.ljcdn.com/110000-inspection/368e6f2d-d5dd-444f-94c5-b956fe05fca8_1000.jpg!m_fill,w_280,h_210,f_jpg?from=ke.com
20241018,东城,东直门,101122102120,新上两居室中间楼层主卧室朝南带阳台,368万,73336元/平,中楼层 (共5层) 2室1厅 | 50.18平米 | 东南 南,https://ke-image.ljcdn.com/110000-inspection/efe7384f-c901-409b-9b80-97cf854bc63f_1000.jpg!m_fill,w_280,h_210,f_jpg?from=ke.com
20241018,东城,东直门,101122018131,炮局头条小区   南向一居   低楼层   采光视野好,455万,110437元/平,底层 (共6层) 1室1厅 | 41.2平米 | 南,https://ke-image.ljcdn.com/110000-inspection/50d0c0b3-5f57-467b-93b0-7622c8b78228_1000.jpg!m_fill,w_280,h_210,f_jpg?from=ke.com
20241018,东城,东直门,101121919202,当代MOMA 板楼后排南北通透四居室观景、位置安静,3600万,124216元/平,中楼层 (共7层) 4室2厅 | 289.82平米 | 东 南 北,https://ke-image.ljcdn.com/110000-inspection/b4ce2ca3-2756-4102-8b5e-628d34b5ba0e_1000.jpg!m_fill,w_280,h_210,f_jpg?from=ke.com
20241018,东城,东直门,101121906044,香河园街东向精装修 满五年唯一费用低 有电梯诚心出售,468万,107537元/平,中楼层 (共16层) 1室1厅 | 43.52平米 | 东,https://ke-image.ljcdn.com/110000-inspection/42525d9f-497a-4812-bb4d-b445fd98774d_1000.jpg!m_fill,w_280,h_210,f_jpg?from=ke.com
20241018,东城,东直门,101121862683,东直门 香河园北里 户型通透 高楼层 前后无遮挡,750万,92639元/平,高楼层 (共14层) 3室1厅 | 80.96平米 | 东 西,https://ke-image.ljcdn.com/110000-inspection/3382078d-fd1d-404c-a038-3289f9f62c34_1000.jpg!m_fill,w_280,h_210,f_jpg?from=ke.com
20241018,东城,东直门,101121858090,东城 海运仓 电梯直达 东向一居 二号线沿线 随时看房,678万,130335元/平,高楼层 (共23层) 1室1厅 | 52.02平米 | 东,https://ke-image.ljcdn.com/110000-inspection/626a3cce-de27-4147-a85b-7624f8541249_1000.jpg!m_fill,w_280,h_210,f_jpg?from=ke.com
20241018,东城,东直门,101121742014,全屋定制精装修 业主家庭唯一住房视野宽阔无遮挡,555万,134286元/平,高楼层 (共6层) 1室1厅 | 41.33平米 | 南,https://ke-image.ljcdn.com/110000-inspection/5f48dbf7-801c-4333-83df-b134a9873549_1000.jpg!m_fill,w_280,h_210,f_jpg?from=ke.com
20241018,东城,东直门,101121729371,海运仓电梯两居 精装修 高层景观房 瞰北京 观西山,750万,116587元/平,高楼层 (共9层) | 2002年 | 2室1厅 | 64.33平米 | 东 西,https://ke-image.ljcdn.com/110000-inspection/61bc3cad-ad1c-4faa-964f-dd035b61f298_1000.jpg!m_fill,w_280,h_210,f_jpg?from=ke.com
20241018,东城,东直门,101121693608,东城东直门东四十条西南+带客厅2居+可以多贷款,598万,87287元/平,低楼层 (共18层) 2室1厅 | 68.51平米 | 西南,https://ke-image.ljcdn.com/110000-inspection/59353a2e-5251-4a9c-a3dd-2ed170b842b9_1000.jpg!m_fill,w_280,h_210,f_jpg?from=ke.com
20241018,东城,东直门,101121686649,北官厅胡同甲二号院 南北通透三居室 二环内 出行方便,420万,57167元/平,地下室 (共6层) 3室1厅 | 73.47平米 | 南 北,https://ke-image.ljcdn.com/110000-inspection/a55d615d-6d38-4e96-93e8-0d7ffa528568_1000.jpg!m_fill,w_280,h_210,f_jpg?from=ke.com
20241018,东城,东直门,101121647345,动部家属楼环境好阳光好适合一家人,360万,93702元/平,低楼层 (共14层) | 1985年 | 1室1厅 | 38.42平米 | 南,https://ke-image.ljcdn.com/110000-inspection/46412be7-86f7-4381-9961-311610eff4b8_1000.jpg!m_fill,w_280,h_210,f_jpg?from=ke.com
20241018,东城,东直门,101121536847,东城区房本南北通透  明厨明卫楼层好,630万,84057元/平,中楼层 (共6层) 3室1厅 | 74.95平米 | 南 北,https://ke-image.ljcdn.com/110000-inspection/91eeaac7-f5ed-4e0f-818b-1547de13517f_1000.jpg!m_fill,w_280,h_210,f_jpg?from=ke.com
20241018,东城,东直门,101121492313,华冠丽景   高楼层   采光好   无遮挡   格局好,2460万,169738元/平,中楼层 (共8层) 3室2厅 | 144.93平米 | 南 北,https://ke-image.ljcdn.com/110000-inspection/a5c5b6d4-a189-4528-bf35-c3ac33143ef4_1000.jpg!m_fill,w_280,h_210,f_jpg?from=ke.com
20241018,东城,东直门,101121482968,东直门胡家园小区电梯两居 楼龄新有物业管理,610万,100247元/平,高楼层 (共10层) 2室1厅 | 60.85平米 | 南,https://ke-image.ljcdn.com/110000-inspection/prod-2a4a033e-77f5-4b47-acb3-27691cf4465e.jpg!m_fill,w_280,h_210,f_jpg?from=ke.com
20241018,东城,东直门,101121424908,东城东直门元嘉国际南向+落地飘窗+采光视野好,465万,87095元/平,中楼层 (共10层) 1室0厅 | 53.39平米 | 南,https://ke-image.ljcdn.com/110000-inspection/8b715e04-9060-424b-ab4a-3271794d010e_1000.jpg!m_fill,w_280,h_210,f_jpg?from=ke.com
20241018,东城,东直门,101121351552,东城区 东直门万国城MOMA 南向一居室,699万,118255元/平,低楼层 (共27层) 1室0厅 | 59.11平米 | 南,https://ke-image.ljcdn.com/110000-inspection/5e8ce705-45a7-4fb4-9b36-e2c62ebe7722_1000.jpg!m_fill,w_280,h_210,f_jpg?from=ke.com
20241018,东城,东直门,101121342615,民安小区东直门内北小街  全西向1居室 无遮挡 有电梯,609万,101806元/平,中楼层 (共16层) 1室1厅 | 59.82平米 | 西,https://ke-image.ljcdn.com/110000-inspection/f52f22f4-a324-4b0f-b251-0154a429d2ef_1000.jpg!m_fill,w_280,h_210,f_jpg?from=ke.com
20241018,东城,东直门,101121191147,南北通透全明格局 主卧室朝南带阳台客厅朝东带窗户,799万,102845元/平,顶层 (共6层) 3室1厅 | 77.69平米 | 东 南 北,https://ke-image.ljcdn.com/110000-inspection/pc1_Yjv0sGSGO.jpg!m_fill,w_280,h_210,f_jpg?from=ke.com
20241018,东城,东直门,101121043980,东城 二环边 万国城MOMA 景观优美  有车位,2999万,116779元/平,中楼层 (共26层) 3室2厅 | 256.81平米 | 东南 南 北,https://ke-image.ljcdn.com/110000-inspection/pc1_fL7sdjVbI.jpg!m_fill,w_280,h_210,f_jpg?from=ke.com
20241018,东城,东直门,101120931015,东直门内北小街8号院  东西通透   电梯房    视野好,650万,102816元/平,高楼层 (共13层) 1室1厅 | 63.22平米 | 东 西,https://ke-image.ljcdn.com/110000-inspection/pc1_kL0CM3qgd.jpg!m_fill,w_280,h_210,f_jpg?from=ke.com
20241018,东城,东直门,101120900833,东直门 新源西里经典带客厅两居 电梯直达 管理好,586万,91363元/平,低楼层 (共22层) | 1988年 | 2室1厅 | 64.14平米 | 西 东北,https://ke-image.ljcdn.com/110000-inspection/0a7707cc-f1f6-4863-9aae-d5c0a0358c85_1000.jpg!m_fill,w_280,h_210,f_jpg?from=ke.com
20241018,东城,东直门,101120900554,春秀路东南向两居  精装修 无遮挡 采光好房主自荐,550万,108332元/平,顶层 (共6层) 2室1厅 | 50.77平米 | 东南,https://ke-image.ljcdn.com/110000-inspection/622ae5a6-c20b-4d1f-a76d-f80659c90a85_1000.jpg!m_fill,w_280,h_210,f_jpg?from=ke.com
20241018,东城,东直门,101120890747,东城区南向一居中间层无遮挡房子满五年房主自荐,505万,133492元/平,中楼层 (共5层) 1室1厅 | 37.83平米 | 南,https://ke-image.ljcdn.com/110000-inspection/pc1_vFphEynih.jpg!m_fill,w_280,h_210,f_jpg?from=ke.com
20241018,东城,东直门,101120751966,东城区  东直门  十字坡西里  东向中层一居室,500万,132171元/平,中楼层 (共6层) 1室1厅 | 37.83平米 | 东,https://ke-image.ljcdn.com/110000-inspection/0ee2bf91-7393-4e03-b8f2-3febeadd6653_1000.jpg!m_fill,w_280,h_210,f_jpg?from=ke.com
20241018,东城,东直门,101120361783,满五唯一东直门外大街 南向两居室 高层 带电梯 近地铁,580万,91038元/平,高楼层 (共16层) 2室1厅 | 63.71平米 | 南,https://ke-image.ljcdn.com/110000-inspection/561f2274-51d9-4e83-a1aa-f2dccc87f1b5_1000.jpg!m_fill,w_280,h_210,f_jpg?from=ke.com
20241018,东城,东直门,101120268383,新源西里东街精品两居室装修好房主自荐,365万,71137元/平,底层 (共6层) | 1981年 | 2室1厅 | 51.31平米 | 南,https://ke-image.ljcdn.com/110000-inspection/06154ccc-8ef8-4f1d-a5c4-1ca154ffda3e_1000.jpg!m_fill,w_280,h_210,f_jpg?from=ke.com
20241018,东城,东直门,101120178661,海运仓板楼精装修两居室 满五唯一房主自荐,750万,121912元/平,中楼层 (共7层) 2室1厅 | 61.52平米 | 东 西,https://ke-image.ljcdn.com/110000-inspection/b6ba0535-09b6-43ca-a7eb-7394709bf404_1000.jpg!m_fill,w_280,h_210,f_jpg?from=ke.com
20241018,东城,东直门,101120169522,东直门外胡家园文化部家属楼满五年房主自荐,700万,94366元/平,中楼层 (共20层) 3室1厅 | 74.18平米 | 南 北,https://ke-image.ljcdn.com/110000-inspection/4267f047-20eb-4189-9995-58d6d9095fb0_1000.jpg!m_fill,w_280,h_210,f_jpg?from=ke.com
20241018,东城,东直门,101120150604,当代MOMA  高层西南向 2+1户型 户型方正采光好房主自荐,1900万,106033元/平,高楼层 (共20层) 2室2厅 | 179.19平米 | 西南,https://ke-image.ljcdn.com/110000-inspection/f6fb2126-6b49-4fcb-ac35-81ebc5c849c3_1000.jpg!m_fill,w_280,h_210,f_jpg?from=ke.com
20241018,东城,东直门,101120016814,东城东直门商圈 察慈小区 南北通透两居室 有电梯,550万,98815元/平,中楼层 (共12层) 2室1厅 | 55.66平米 | 南 北,https://ke-image.ljcdn.com/110000-inspection/c8c2761b-03e6-4b03-81c9-9b4fe2c079d8_1000.jpg!m_fill,w_280,h_210,f_jpg?from=ke.com
20241018,东城,东直门,101119063933,东城区 东直门南大街 东向两居室,520万,106188元/平,低楼层 (共18层) 2室1厅 | 48.97平米 | 东,https://ke-image.ljcdn.com/110000-inspection/6bcd1d60-4d9c-4162-b4f5-220383231d01_1000.jpg!m_fill,w_280,h_210,f_jpg?from=ke.com
20241018,东城,东直门,101118905475,东城区 东方银座 高楼层视野开阔采光充足精装。,690万,88758元/平,中楼层 (共26层) | 2003年 | 1室1厅 | 77.74平米 | 东,https://ke-image.ljcdn.com/110000-inspection/0fcfde9a-f729-4410-bff3-2c0fc1c12ad3_1000.jpg!m_fill,w_280,h_210,f_jpg?from=ke.com
20241018,东城,东直门,101118795114,二环内东直门雍和宫 南向一居室 无遮挡,540万,142256元/平,顶层 (共6层) 1室1厅 | 37.96平米 | 南,https://ke-image.ljcdn.com/110000-inspection/5846b8c1-784d-4d43-ac33-005a2b92b03d_1000.jpg!m_fill,w_280,h_210,f_jpg?from=ke.com
20241018,东城,东直门,101118378655,全南向  电梯直达 视眼好  满五唯一 层高高,879万,114978元/平,顶层 (共16层) 2室1厅 | 76.45平米 | 南,https://ke-image.ljcdn.com/110000-inspection/pc1_wyc50A1Lf_1.jpg!m_fill,w_280,h_210,f_jpg?from=ke.com
20241018,东城,东直门,101118039455,东城区东四十条带电梯一居室精装修户型方正房主自荐,529万,112291元/平,中楼层 (共14层) 1室1厅 | 47.11平米 | 南,https://ke-image.ljcdn.com/110000-inspection/8028a5ab-2602-4617-b94b-7d85df0edd63_1000.jpg!m_fill,w_280,h_210,f_jpg?from=ke.com
20241018,东城,东直门,101116904541,东城区 东直门外察慈 带客厅东西通透两居 满五年,750万,109028元/平,中楼层 (共12层) 2室1厅 | 68.79平米 | 东 西,https://ke-image.ljcdn.com/110000-inspection/pc1_gE1j4zNNa_1.jpg!m_fill,w_280,h_210,f_jpg?from=ke.com
20241018,东城,东直门,101116809756,小户型一居室中间层诚意出售,389万,124880元/平,中楼层 (共6层) 1室1厅 | 31.15平米 | 北,https://ke-image.ljcdn.com/110000-inspection/pc1_y0qYhz2Pv.jpg!m_fill,w_280,h_210,f_jpg?from=ke.com
20241018,东城,东直门,101116797461,东直门海运仓小区 大一居带电梯 03年社区 诚意出售！,618万,115688元/平,中楼层 (共9层) 1室1厅 | 53.42平米 | 西,https://ke-image.ljcdn.com/110000-inspection/4398e781-7ba4-4564-9e41-03ed8fad4fa3_1000.jpg!m_fill,w_280,h_210,f_jpg?from=ke.com
20241018,东城,东直门,101111351580,海运仓胡同3号院 中高楼层 电梯直达3居,708万,92987元/平,中楼层 (共16层) 3室1厅 | 76.14平米 | 西北,https://ke-image.ljcdn.com/110000-inspection/pc1_yfQsWx3eb_1.jpg!m_fill,w_280,h_210,f_jpg?from=ke.com
20241018,东城,东直门,101127118648,安定门东大街地铁口一居。低楼层新上,460万,107202元/平,底层 (共6层) 1室1厅 | 42.91平米 | 南,https://ke-image.ljcdn.com/110000-inspection/9b9b19c0-234f-43c7-bdf6-18ff984c79e8_1000.jpg!m_fill,w_280,h_210,f_jpg?from=ke.com
20241018,东城,东直门,101127107842,东直门 胡家园电梯直达一居 总价少 视野好阳光足新上,345万,90623元/平,中楼层 (共20层) 1室0厅 | 38.07平米 | 东南,https://ke-image.ljcdn.com/110000-inspection/639dd35b-6001-40ad-ad03-6e816a49b1f6_1000.jpg!m_fill,w_280,h_210,f_jpg?from=ke.com
20241018,东城,东直门,101127096265,全新装修俯瞰亮马河西南朝向拎包入住新上,550万,86356元/平,中楼层 (共16层) | 1982年 | 2室1厅 | 63.69平米 | 西南,https://ke-image.ljcdn.com/110000-inspection/pc1_35FtmkBwX_2.jpg!m_fill,w_280,h_210,f_jpg?from=ke.com
20241018,东城,东直门,101127094106,东方银座 2室1厅 北新上,820万,73550元/平,中楼层 (共25层) 2室1厅 | 111.49平米 | 北,https://ke-image.ljcdn.com/110000-inspection/91957eef-b90b-464a-ba6c-e6d4d0a6dba2_1000.jpg!m_fill,w_280,h_210,f_jpg?from=ke.com
20241018,东城,东直门,101127073814,新中西里 明厨明卫 视野好采光新上,485万,95005元/平,顶层 (共6层) 2室0厅 | 51.05平米 | 东 西 北,https://ke-image.ljcdn.com/110000-inspection/b5caf4e0-8861-44ff-8ea2-4525ce359100_1000.jpg!m_fill,w_280,h_210,f_jpg?from=ke.com
20241018,东城,东直门,101127060939,东直门外胡家园精装两居 大客厅大卫生间 高楼层亮堂新上,698万,102768元/平,中楼层 (共17层) 2室1厅 | 67.92平米 | 东南,https://ke-image.ljcdn.com/110000-inspection/f12b47b0-11fb-4f67-9300-deb008e24d4b_1000.jpg!m_fill,w_280,h_210,f_jpg?from=ke.com
20241018,东城,东直门,101127055374,海运仓 南北通透两居  有电梯  视野宽阔采光充足新上,828万,109336元/平,中楼层 (共9层) 2室1厅 | 75.73平米 | 南 北,https://ke-image.ljcdn.com/110000-inspection/b9f4079f-e04a-4028-8477-8f774bb66e31_1000.jpg!m_fill,w_280,h_210,f_jpg?from=ke.com
20241018,东城,东直门,101127053241,房子满五年南北户型楼层低雍和宫背包房新上,680万,102287元/平,顶层 (共4层) 2室1厅 | 66.48平米 | 东,https://ke-image.ljcdn.com/110000-inspection/pc1_MZCAHmyDu.jpg!m_fill,w_280,h_210,f_jpg?from=ke.com
20241018,东城,东直门,101127051304,景山北正规南北两居采光视野好诚意出售新上,560万,96088元/平,顶层 (共6层) 2室1厅 | 58.28平米 | 南 北,https://ke-image.ljcdn.com/110000-inspection/bfb2dee1-dddb-470e-857d-71ab497988c0_1000.jpg!m_fill,w_280,h_210,f_jpg?from=ke.com
20241018,东城,东直门,101127033342,满五唯一只有契税双平台景观房新上,958万,86823元/平,顶层 (共6层) 3室2厅 | 110.34平米 | 东 南 西,https://ke-image.ljcdn.com/110000-inspection/ee286c94-c5a3-4563-be74-16d5d440fd2c_1000.jpg!m_fill,w_280,h_210,f_jpg?from=ke.com
20241018,东城,东直门,101127029880,东城区 东直门 南北通透4居 外墙保温已做新上,998万,93106元/平,高楼层 (共6层) 4室1厅 | 107.19平米 | 南 北,https://ke-image.ljcdn.com/110000-inspection/pc1_YxQQzpJNP.jpg!m_fill,w_280,h_210,f_jpg?from=ke.com
20241018,东城,东直门,101127015373,后永康胡同6号院 1室1厅 南新上,320万,90601元/平,地下室 (共5层) 1室1厅 | 35.32平米 | 南,https://ke-image.ljcdn.com/110000-inspection/db14514d-1be4-4743-ad9e-c14cb657ea92_1000.jpg!m_fill,w_280,h_210,f_jpg?from=ke.com
20241018,东城,东直门,101127005313,万国城MOMA 正规两居室 小户型 有燃气新上,1000万,111272元/平,低楼层 (共27层) 2室1厅 | 89.87平米 | 西北,https://ke-image.ljcdn.com/110000-inspection/pc1_bI3NWINa3_1.jpg!m_fill,w_280,h_210,f_jpg?from=ke.com
20241018,东城,东直门,101127001617,东直门次新房融创物业双卧南宽厅落地窗新上,5600万,204402元/平,顶层 (共19层) 4室2厅 | 273.97平米 | 南 北,https://ke-image.ljcdn.com/110000-inspection/02deff28-1ec1-4040-854f-928847a7587c_1000.jpg!m_fill,w_280,h_210,f_jpg?from=ke.com
20241018,东城,东直门,101126962378,华冠复式南北通透 电梯直达 此房购房成本低 诚售,2340万,109382元/平,高楼层 (共7层) 4室3厅 | 213.93平米 | 北 南,https://ke-image.ljcdn.com/110000-inspection/b7bfebc0-1104-424c-936c-a8d383124162_1000.jpg!m_fill,w_280,h_210,f_jpg?from=ke.com
20241018,东城,东直门,101126929019,万国城MOMA 2室2厅 东北,1650万,112806元/平,中楼层 (共24层) | 2007年 | 2室2厅 | 146.27平米 | 东北,https://ke-image.ljcdn.com/110000-inspection/pc1_OrRnCDD04_2.jpg!m_fill,w_280,h_210,f_jpg?from=ke.com
20241018,东城,东直门,101126924850,东二环 新源西里中间 中间楼层 两居室,359万,71132元/平,中楼层 (共5层) 2室1厅 | 50.47平米 | 南,https://ke-image.ljcdn.com/110000-inspection/83ba9fee-0afd-40d2-8d3e-93c93f483b6c_1000.jpg!m_fill,w_280,h_210,f_jpg?from=ke.com
20241018,东城,东直门,101126924442,东二环 东直门 东四十条 元嘉国际公寓朝南,468万,86667元/平,高楼层 (共10层) 1室0厅 | 54平米 | 南,https://ke-image.ljcdn.com/110000-inspection/pc1_5R6dtz9a0_2.jpg!m_fill,w_280,h_210,f_jpg?from=ke.com
20241018,东城,东直门,101126923797,前永康二巷 南北两居 没遮挡 采光好 旅游局宿舍,498万,91832元/平,中楼层 (共5层) 2室1厅 | 54.23平米 | 南 北,https://ke-image.ljcdn.com/110000-inspection/c339d9b0-c116-4dd3-a768-034ad195cd09_1000.jpg!m_fill,w_280,h_210,f_jpg?from=ke.com
20241018,东城,东直门,101126917996,东中街 2室1厅 东北,460万,95834元/平,顶层 (共6层) 2室1厅 | 48平米 | 东北,https://ke-image.ljcdn.com/110000-inspection/20cd78a8-87b6-4c4b-9215-abb3001e4146_1000.jpg!m_fill,w_280,h_210,f_jpg?from=ke.com
20241018,东城,东直门,101126913829,胡家园小区 亮马河畔 环境优美 看房方便,830万,101134元/平,底层 (共17层) 3室1厅 | 82.07平米 | 南 西,https://ke-image.ljcdn.com/110000-inspection/4e6400f8-0e01-44cc-b452-01301900bce0_1000.jpg!m_fill,w_280,h_210,f_jpg?from=ke.com
20241018,东城,东直门,101126912728,胡家园南北通透满五年只有契税,510万,90554元/平,中楼层 (共6层) 2室1厅 | 56.32平米 | 南 北,https://ke-image.ljcdn.com/110000-inspection/f791fb79-6696-4fea-8476-d9e32e31c7ee_1000.jpg!m_fill,w_280,h_210,f_jpg?from=ke.com
20241018,东城,东直门,101126910792,东城区二环内商品房精装修视野好电梯跃层,1180万,107176元/平,顶层 (共14层) 2室2厅 | 110.1平米 | 南,https://ke-image.ljcdn.com/110000-inspection/bfc6cfde-c8fe-480f-bfeb-8c7db5e85728_1000.jpg!m_fill,w_280,h_210,f_jpg?from=ke.com
20241018,东城,东直门,101126871643,民安小区东直门北中街带电梯无遮挡南北通透三居,1420万,102439元/平,顶层 (共11层) 3室2厅 | 138.62平米 | 南 北,https://ke-image.ljcdn.com/110000-inspection/949aa0ad-707c-4f12-b7e4-ebaf8123e4e8_1000.jpg!m_fill,w_280,h_210,f_jpg?from=ke.com
20241018,东城,东直门,101126839274,海运仓小区 南北通透 三居 有车位 看房随时,900万,111511元/平,高楼层 (共7层) 3室1厅 | 80.71平米 | 南 北,https://ke-image.ljcdn.com/110000-inspection/f825e278-316a-4eb0-8c1f-9f584440cde2_1000.jpg!m_fill,w_280,h_210,f_jpg?from=ke.com
20241018,东城,东直门,101126834607,东城区 东直门 环境好 带电梯 1居室,480万,94192元/平,顶层 (共21层) 1室1厅 | 50.96平米 | 南 北,https://ke-image.ljcdn.com/110000-inspection/8e04649e-6a57-4ccd-8392-acba8f0468fb_1000.jpg!m_fill,w_280,h_210,f_jpg?from=ke.com
20241018,东城,东直门,101126800207,民安小区东直门内北小街 南北通透 双卧朝南 通风好,1130万,115377元/平,底层 (共14层) 3室1厅 | 97.94平米 | 南 北,https://ke-image.ljcdn.com/110000-inspection/f46b8d2a-5048-4290-802e-153e4e86bace_1000.jpg!m_fill,w_280,h_210,f_jpg?from=ke.com
20241018,东城,东直门,101126799016,华普花园  商品房小区 有物业管理 小区可以停车,1450万,70420元/平,低楼层 (共22层) | 2003年 | 3室2厅 | 205.91平米 | 北,https://ke-image.ljcdn.com/110000-inspection/2f18ce1a-1c89-4e13-a4bb-2617003b49ff_1000.jpg!m_fill,w_280,h_210,f_jpg?from=ke.com
20241018,东城,东直门,101126785589,东城区 东直门外胡家园 下楼就是亮马河 双卫 精装,749万,79445元/平,底层 (共10层) 2室1厅 | 94.28平米 | 南 东南,https://ke-image.ljcdn.com/110000-inspection/e7c3a838-2214-4d83-a53d-3813499b2dc7_1000.jpg!m_fill,w_280,h_210,f_jpg?from=ke.com
20241018,东城,东直门,101126776701,新上 电梯房、无浪费面积、高楼层 采光充足,370万,96657元/平,高楼层 (共14层) 1室0厅 | 38.28平米 | 南,https://ke-image.ljcdn.com/110000-inspection/d55082af-f433-4c7b-85a5-62db832ddd14_1000.jpg!m_fill,w_280,h_210,f_jpg?from=ke.com
20241018,东城,东直门,101126775879,封闭式管理+楼龄新+交通便利+有小区环境+双卧朝,730万,109874元/平,中楼层 (共9层) 2室1厅 | 66.44平米 | 南 北,https://ke-image.ljcdn.com/110000-inspection/f998fcd6-3fcc-414d-b881-8a79a758d1ac_1000.jpg!m_fill,w_280,h_210,f_jpg?from=ke.com
20241018,东城,东直门,101126756091,二环内  东城区  商品房住宅  看房方便,2900万,94933元/平,中楼层 (共12层) | 2008年 | 3室1厅 | 305.48平米 | 南 北,https://ke-image.ljcdn.com/110000-inspection/ab116d35-e492-4b09-b029-8833cbbbc3d9_1000.jpg!m_fill,w_280,h_210,f_jpg?from=ke.com
20241018,东城,东直门,101126697677,东直门东城权属西香河园三居室南北通透,606万,90246元/平,顶层 (共6层) 3室1厅 | 67.15平米 | 南 北,https://ke-image.ljcdn.com/110000-inspection/pc1_ESoQVRnLp.jpg!m_fill,w_280,h_210,f_jpg?from=ke.com
20241018,东城,东直门,101126690045,新上东直门外大街田字格户型三居室南北通,868万,86974元/平,低楼层 (共14层) 3室1厅 | 99.8平米 | 南 北,https://ke-image.ljcdn.com/110000-inspection/f0db201c-4ad4-4a09-98da-9fcbf3e1f3be_1000.jpg!m_fill,w_280,h_210,f_jpg?from=ke.com
20241018,东城,东直门,101126667859,正东国际大厦 3室2厅 东 南,1518万,63699元/平,中楼层 (共27层) 3室2厅 | 238.31平米 | 东 南,https://ke-image.ljcdn.com/110000-inspection/pc1_bocgKoI5t_2.jpg!m_fill,w_280,h_210,f_jpg?from=ke.com
20241018,东城,东直门,101126649203,海运仓 满五唯一 格局方正 精装修 有电梯视野开阔,960万,108536元/平,中楼层 (共23层) 3室1厅 | 88.45平米 | 东 南 北,https://ke-image.ljcdn.com/110000-inspection/f2d8430f-7e21-4431-ba19-cfd4ccaa9ab5_1000.jpg!m_fill,w_280,h_210,f_jpg?from=ke.com
20241018,东城,东直门,101126620635,东二环  东直门  东方银座  东南向三居室,1180万,71624元/平,中楼层 (共25层) | 2003年 | 3室2厅 | 164.75平米 | 东南,https://ke-image.ljcdn.com/110000-inspection/328ac7b9-2970-4555-8e3b-48969aac98f8_1000.jpg!m_fill,w_280,h_210,f_jpg?from=ke.com
20241018,东城,东直门,101126620270,满五唯一 邻公园 大阳台 格局适用房主自荐,700万,90803元/平,中楼层 (共14层) 1室1厅 | 77.09平米 | 北,https://ke-image.ljcdn.com/110000-inspection/c5619b91-61a3-4640-98b6-70c541a649cd_1000.jpg!m_fill,w_280,h_210,f_jpg?from=ke.com
20241018,东城,东直门,101126564688,东直门外新装修 阳光充足 楼龄新 通透户型方便看,412万,78928元/平,高楼层 (共6层) 1室1厅 | 52.2平米 | 东 西,https://ke-image.ljcdn.com/110000-inspection/520406a5-86ae-48c8-ab7c-3a1f09766ec4_1000.jpg!m_fill,w_280,h_210,f_jpg?from=ke.com
20241018,东城,东直门,101126513081,华普花园商品房社区 三室两卫 电梯直达 停车方便房主自荐,1250万,69751元/平,高楼层 (共22层) 3室2厅 | 179.21平米 | 东,https://ke-image.ljcdn.com/110000-inspection/4cd22992-a2b8-4b1a-8c55-dc4076fe4ad6_1000.jpg!m_fill,w_280,h_210,f_jpg?from=ke.com
20241018,东城,东直门,101126506907,万国城MOMA 精装修 南向一居 拎包住,680万,115040元/平,中楼层 (共27层) 1室1厅 | 59.11平米 | 南,https://ke-image.ljcdn.com/110000-inspection/05766707-ea59-4f9a-a8ae-fc1d17f88325_1000.jpg!m_fill,w_280,h_210,f_jpg?from=ke.com
20241018,东城,东直门,101126504281,东直门南北通透全明格局大客厅的三居 中间层 采光好,760万,93654元/平,中楼层 (共6层) 3室1厅 | 81.15平米 | 南 北,https://ke-image.ljcdn.com/110000-inspection/bb20dc1c-7273-4f43-8931-7dc13fa18516_1000.jpg!m_fill,w_280,h_210,f_jpg?from=ke.com
20241018,东城,东直门,101126486885,东直门 北大街 西香河园 南北两居室房主自荐,490万,92140元/平,中楼层 (共6层) 2室1厅 | 53.18平米 | 南 北,https://ke-image.ljcdn.com/110000-inspection/pc1_v7riAI3QP.jpg!m_fill,w_280,h_210,f_jpg?from=ke.com
20241018,东城,东直门,101126480121,2003年新小区低楼层！无遮挡明卫满五唯一,920万,98019元/平,底层 (共6层) 3室1厅 | 93.86平米 | 东北,https://ke-image.ljcdn.com/110000-inspection/165f1db4-4594-4f61-8d2f-03f3163b9144_1000.jpg!m_fill,w_280,h_210,f_jpg?from=ke.com
20241018,东城,东直门,101126461141,东城区 东直门 东二环 万国城MOMA 满五唯一,590万,99814元/平,底层 (共27层) | 2004年 | 1室1厅 | 59.11平米 | 南,https://ke-image.ljcdn.com/110000-inspection/pc1_BND5M6WLw_1.jpg!m_fill,w_280,h_210,f_jpg?from=ke.com
20241018,东城,东直门,101126460192,华普花园 电梯直达 视野好 不临街  停车方便,1565万,78200元/平,中楼层 (共22层) | 2003年 | 3室2厅 | 200.13平米 | 西北,https://ke-image.ljcdn.com/110000-inspection/pc1_qesYVCqFE_1.jpg!m_fill,w_280,h_210,f_jpg?from=ke.com
20241018,东城,东直门,101126457492,东中街 2室1厅 南房主自荐,550万,93921元/平,底层 (共14层) 2室1厅 | 58.56平米 | 南,https://ke-image.ljcdn.com/110000-inspection/6f2da1f0-f645-4a5e-b108-cff863c7434d_1000.jpg!m_fill,w_280,h_210,f_jpg?from=ke.com
20241018,东城,东直门,101126447069,华冠丽景嘉园南北向下跃户型好用采光好视野好房主自荐,2167万,115052元/平,底层 (共8层) 3室2厅 | 188.35平米 | 南 北,https://ke-image.ljcdn.com/110000-inspection/9036d545-e715-469a-9fd6-f98863ff6292_1000.jpg!m_fill,w_280,h_210,f_jpg?from=ke.com
20241018,东城,东直门,101126441788,民安小区东直门内北小街户型方正采光视野好,730万,94548元/平,低楼层 (共16层) 2室1厅 | 77.21平米 | 西,https://ke-image.ljcdn.com/110000-inspection/62378f43-14e2-43ab-8303-f9789db1f66f_1000.jpg!m_fill,w_280,h_210,f_jpg?from=ke.com
20241018,东城,东直门,101126412494,东直门新源西里 南北二居 视野阳光好 停车方便,396万,69928元/平,中楼层 (共5层) 2室1厅 | 56.63平米 | 南 北,https://ke-image.ljcdn.com/110000-inspection/pc1_DarpxZ5Js.jpg!m_fill,w_280,h_210,f_jpg?from=ke.com
20241018,东城,东直门,101126403666,东直门内北小街2号院、复式电梯直达、带地下车位房主自荐,1596万,76827元/平,高楼层 (共20层) 3室2厅 | 207.74平米 | 南 北,https://ke-image.ljcdn.com/110000-inspection/2f08c317-1d4c-40ca-b0f4-c3e3d9a6229f_1000.jpg!m_fill,w_280,h_210,f_jpg?from=ke.com
20241018,东城,东直门,101126381764,东直门南大街 2室1厅 西南,598万,87287元/平,高楼层 (共18层) 2室1厅 | 68.51平米 | 西南,https://ke-image.ljcdn.com/110000-inspection/61fd824d-f333-464b-a7b9-023a09c29a0b_1000.jpg!m_fill,w_280,h_210,f_jpg?from=ke.com
20241018,东城,东直门,101126341921,东中街 南北通透 带客厅 精装两居室房主自荐,720万,115404元/平,中楼层 (共6层) 3室1厅 | 62.39平米 | 南 北,https://ke-image.ljcdn.com/110000-inspection/c02048fd-a08c-47d8-8429-489945faec42_1000.jpg!m_fill,w_280,h_210,f_jpg?from=ke.com
20241018,东城,东直门,101126325244,新源西里中街劳动部央产环境整洁楼道干净。满五,590万,97072元/平,低楼层 (共22层) | 1988年 | 3室1厅 | 60.78平米 | 东南 西南,https://ke-image.ljcdn.com/110000-inspection/e926a455-c61b-497d-a899-d689d638ebe2_1000.jpg!m_fill,w_280,h_210,f_jpg?from=ke.com
20241018,东城,东直门,101126311807,东城清水苑 满五唯一 东直门北大街,543万,90335元/平,中楼层 (共12层) 2室1厅 | 60.11平米 | 东 西,https://ke-image.ljcdn.com/110000-inspection/098f214a-33a5-4d26-8fd2-7f1de5561d77_1000.jpg!m_fill,w_280,h_210,f_jpg?from=ke.com
20241018,东城,东直门,101126308287,二环内北官厅胡同2号院小区管理好南向采光视野好,418万,100409元/平,顶层 (共6层) 1室1厅 | 41.63平米 | 南,https://ke-image.ljcdn.com/110000-inspection/df96ccc6-d378-4113-9aa8-3d91446fe505_1000.jpg!m_fill,w_280,h_210,f_jpg?from=ke.com
20241018,东城,东直门,101126219064,东城 胡家园小区 亮马河旁 17号线,350万,91028元/平,高楼层 (共20层) 1室0厅 | 38.45平米 | 东南,https://ke-image.ljcdn.com/110000-inspection/4e2609fb-c963-4845-91cf-0d23ba385bb4_1000.jpg!m_fill,w_280,h_210,f_jpg?from=ke.com
20241018,东城,东直门,101126191440,东直门南大街小区 正规室一厅 西向 高层有电梯,468万,100950元/平,中楼层 (共18层) 1室1厅 | 46.36平米 | 西,https://ke-image.ljcdn.com/110000-inspection/75533623-4ece-41ac-8184-b6d48aee9121_1000.jpg!m_fill,w_280,h_210,f_jpg?from=ke.com
20241018,东城,东直门,101126174366,东方银座 70年产权 视野好  业主诚售房主自荐,636万,76314元/平,低楼层 (共26层) 2室1厅 | 83.34平米 | 东,https://ke-image.ljcdn.com/110000-inspection/4040729a-7ee9-4357-a1ba-6c46fae6a446_1000.jpg!m_fill,w_280,h_210,f_jpg?from=ke.com
20241018,东城,东直门,101126169266,东城区 东直门北大街 近邻地铁两居室 电梯直达,490万,77803元/平,高楼层 (共12层) 2室1厅 | 62.98平米 | 东 西,https://ke-image.ljcdn.com/110000-inspection/b6685424-6f36-46a0-907a-6f6ea667610a_1000.jpg!m_fill,w_280,h_210,f_jpg?from=ke.com
20241018,东城,东直门,101126166802,东直门新源西里南向两居 带车位 精装成本低 阳光足,318万,63096元/平,顶层 (共5层) | 1982年 | 2室1厅 | 50.4平米 | 南,https://ke-image.ljcdn.com/110000-inspection/88faecd2-fa92-43a8-aa87-626bfdda39ae_1000.jpg!m_fill,w_280,h_210,f_jpg?from=ke.com
20241018,东城,东直门,101126095515,东直门 民安小区 电梯两居室,770万,102653元/平,中楼层 (共13层) 2室1厅 | 75.01平米 | 东 西,https://ke-image.ljcdn.com/110000-inspection/a7cb5b7b-a5e4-450f-88a3-9b240598b4ae_1000.jpg!m_fill,w_280,h_210,f_jpg?from=ke.com
20241018,东城,东直门,101126064693,北新桥二条平房 独门独院出售精装修,820万,233619元/平,底层 (共1层) 3室1厅 | 35.1平米 | 南,https://ke-image.ljcdn.com/110000-inspection/f376820c-d8a0-4082-b5ba-03201ea1f540_1000.jpg!m_fill,w_280,h_210,f_jpg?from=ke.com
20241018,东城,东直门,101126021611,东城区  东南北通透格局  诚意出售 随时,760万,95119元/平,顶层 (共6层) | 1996年 | 3室1厅 | 79.9平米 | 南 北,https://ke-image.ljcdn.com/110000-inspection/ccedc581-17b9-4d51-9ccb-e78adfa6bf78_1000.jpg!m_fill,w_280,h_210,f_jpg?from=ke.com
20241018,东城,东直门,101126020472,东城区东直门当代MOMA恒温恒湿科技住宅房主自荐,1099万,126964元/平,低楼层 (共21层) | 2008年 | 1室1厅 | 86.56平米 | 西,https://ke-image.ljcdn.com/110000-inspection/pc1_ZbKFENe25_1.jpg!m_fill,w_280,h_210,f_jpg?from=ke.com
20241018,东城,东直门,101126000031,胡家园小区东南三居室装修好可以直接住卫生间扩大,618万,87055元/平,顶层 (共6层) 3室1厅 | 70.99平米 | 东南,https://ke-image.ljcdn.com/110000-inspection/573fbdc6-c7ba-46d2-afc5-a9152b6bed4c_1000.jpg!m_fill,w_280,h_210,f_jpg?from=ke.com
20241018,东城,东直门,101125994875,东直门 东直门内北小街16号 带电梯 大三居落地窗房主自荐,780万,80438元/平,中楼层 (共10层) 3室1厅 | 96.97平米 | 东 西,https://ke-image.ljcdn.com/110000-inspection/pc1_6Ke34rVKA.jpg!m_fill,w_280,h_210,f_jpg?from=ke.com
20241018,东城,东直门,101125987004,东中街40号南向落地窗精装修采光明亮,485万,90841元/平,高楼层 (共10层) 1室0厅 | 53.39平米 | 南,https://ke-image.ljcdn.com/110000-inspection/b561e749-55cd-4380-8057-8790f295217a_1000.jpg!m_fill,w_280,h_210,f_jpg?from=ke.com
20241018,东城,东直门,101125969203,新源西里中街 低楼层双南两居室 采光好 无遮挡,350万,73545元/平,底层 (共5层) | 1982年 | 2室1厅 | 47.59平米 | 南,https://ke-image.ljcdn.com/110000-inspection/db93b09a-4555-4cec-8701-81c5f6fb19b2_1000.jpg!m_fill,w_280,h_210,f_jpg?from=ke.com
20241018,东城,东直门,101125945500,东城区华普花园 商品房社区 满五唯一 诚意出售！,1050万,73814元/平,中楼层 (共22层) | 2003年 | 3室2厅 | 142.25平米 | 西,https://ke-image.ljcdn.com/110000-inspection/73c04e56-4800-4eb7-bd3b-a5ede985872f_1000.jpg!m_fill,w_280,h_210,f_jpg?from=ke.com
20241018,东城,东直门,101125942417,本房满五唯一 精装修 低楼层 西门是公园,750万,103420元/平,低楼层 (共13层) 2室1厅 | 72.52平米 | 东 西,https://ke-image.ljcdn.com/110000-inspection/57897c55-1c53-470d-8f9a-bef2ef2bd8e0_1000.jpg!m_fill,w_280,h_210,f_jpg?from=ke.com
20241018,东城,东直门,101125937720,华普花园 东向2居室 电梯直达 商品房小区,1150万,80844元/平,中楼层 (共22层) 3室1厅 | 142.25平米 | 东,https://ke-image.ljcdn.com/110000-inspection/pc1_leZ2JtlcJ.jpg!m_fill,w_280,h_210,f_jpg?from=ke.com
20241018,东城,东直门,101125920823,北官厅胡同田字格三居东西通透,600万,82282元/平,顶层 (共5层) 3室1厅 | 72.92平米 | 东 西,https://ke-image.ljcdn.com/110000-inspection/95815f55-2dda-4f98-8d5b-3095a16ceb83_1000.jpg!m_fill,w_280,h_210,f_jpg?from=ke.com
20241018,东城,东直门,101125900148,东直门精装修有电梯南向一居室靠谱出售,458万,97801元/平,低楼层 (共12层) 1室1厅 | 46.83平米 | 南 北,https://ke-image.ljcdn.com/110000-inspection/b8defe38-c1a8-45e4-9ef6-34e82d010bab_1000.jpg!m_fill,w_280,h_210,f_jpg?from=ke.com
20241018,东城,东直门,101125899210,使馆壹号院、香河园街9号院、东城,5100万,130169元/平,低楼层 (共19层) 5室4厅 | 391.8平米 | 南 北,https://ke-image.ljcdn.com/110000-inspection/de746a00-63b5-4f52-8e00-c4c2e6bac830_1000.jpg!m_fill,w_280,h_210,f_jpg?from=ke.com
20241018,东城,东直门,101125889676,炮局胡同朝南开间内置两层出行便利房主自荐,212万,206427元/平,底层 (共1层) 1室0厅 | 10.27平米 | 南,https://ke-image.ljcdn.com/110000-inspection/4990c2ca-8105-43e9-ac09-7e8c186ac181_1000.jpg!m_fill,w_280,h_210,f_jpg?from=ke.com
20241018,东城,东直门,101125856312,房子位置好在东直门外的北侧西坝河南路的东侧东,538万,83256元/平,中楼层 (共14层) 2室1厅 | 64.62平米 | 东 西,https://ke-image.ljcdn.com/110000-inspection/fcf5e82e-7d15-49d4-b13f-e6f941a51611_1000.jpg!m_fill,w_280,h_210,f_jpg?from=ke.com
20241018,东城,东直门,101125823893,东城区东直门梵悦万国府管理好,3000万,152641元/平,低楼层 (共32层) | 2002年 | 3室2厅 | 196.54平米 | 东 南,https://ke-image.ljcdn.com/110000-inspection/d21f772e-2a24-4487-a40e-0ae9817deafb_1000.jpg!m_fill,w_280,h_210,f_jpg?from=ke.com
20241018,东城,东直门,101125820885,花园小区海运仓跃层三居室看房方便。房主自荐,798万,102361元/平,高楼层 (共7层) 3室1厅 | 77.96平米 | 南 北,https://ke-image.ljcdn.com/110000-inspection/b15b5078-7295-4704-9390-7bcbe9dab6d1_1000.jpg!m_fill,w_280,h_210,f_jpg?from=ke.com
20241018,东城,东直门,101125812807,东城东直门雍和宫南北通透低楼层,480万,94712元/平,底层 (共5层) 2室1厅 | 50.68平米 | 南 北,https://ke-image.ljcdn.com/110000-inspection/7a5baafa-0215-4deb-bb75-fd3f9d9e54de_1000.jpg!m_fill,w_280,h_210,f_jpg?from=ke.com
20241018,东城,东直门,101125785383,东城区东直门精装修一居室新风系统,690万,82804元/平,中楼层 (共26层) 2室1厅 | 83.33平米 | 南,https://ke-image.ljcdn.com/110000-inspection/a5ca4913-396f-4793-a511-87901f63cdea_1000.jpg!m_fill,w_280,h_210,f_jpg?from=ke.com
20241018,东城,东直门,101125772526,北官厅胡同甲二号院 南北通透两居 低楼层房主自荐,750万,131303元/平,底层 (共6层) 2室1厅 | 57.12平米 | 南 北,https://ke-image.ljcdn.com/110000-inspection/832aacaa-5ec6-49db-ad26-d2c789ac2859_1000.jpg!m_fill,w_280,h_210,f_jpg?from=ke.com
20241018,东城,东直门,101125745908,雍和宫站口家属院社区正规一居南向视野好,530万,121700元/平,顶层 (共6层) 1室1厅 | 43.55平米 | 南,https://ke-image.ljcdn.com/110000-inspection/eebf6483-d949-4eb4-b37d-76ae19343dfa_1000.jpg!m_fill,w_280,h_210,f_jpg?from=ke.com
20241018,东城,东直门,101125743439,东直门内南北通透两居 商品房 满五年唯一 采光好,715万,112316元/平,高楼层 (共12层) 2室1厅 | 63.66平米 | 南 北,https://ke-image.ljcdn.com/110000-inspection/7b1b2c8c-c8de-4626-ac92-f824b0320404_1000.jpg!m_fill,w_280,h_210,f_jpg?from=ke.com
20241018,东城,东直门,101125728868,北新桥 精装修 雍和宫板块 满五年 近地铁,425万,99906元/平,低楼层 (共6层) 1室1厅 | 42.54平米 | 东,https://ke-image.ljcdn.com/110000-inspection/7774b3eb-c3bd-47dc-ad41-d03403feea3e_1000.jpg!m_fill,w_280,h_210,f_jpg?from=ke.com
20241018,东城,东直门,101125726215,民安小区东直门内北小街 3室2厅 东 西,1350万,90453元/平,高楼层 (共16层) 3室2厅 | 149.25平米 | 东 西,https://ke-image.ljcdn.com/110000-inspection/828e1033-f300-48f0-9e21-95fc3ed78a2a_1000.jpg!m_fill,w_280,h_210,f_jpg?from=ke.com
20241018,东城,东直门,101125725837,东外胡家园 正规两居 随时看房 可谈可签,420万,81254元/平,底层 (共6层) 2室1厅 | 51.69平米 | 西 北,https://ke-image.ljcdn.com/110000-inspection/8efbd051-d338-43fc-953b-48436129edca_1000.jpg!m_fill,w_280,h_210,f_jpg?from=ke.com
20241018,东城,东直门,101125724525,东直门内大街 电梯房无遮挡南北通透2居近地铁,680万,107307元/平,中楼层 (共12层) 2室1厅 | 63.37平米 | 南 北,https://ke-image.ljcdn.com/110000-inspection/05f16f31-48b2-45fd-a84d-4fb15bd0a941_1000.jpg!m_fill,w_280,h_210,f_jpg?from=ke.com
20241018,东城,东直门,101125712452,东直门内北小街16号   婚房装修   东西通透,760万,99607元/平,顶层 (共10层) 2室2厅 | 76.3平米 | 东 西,https://ke-image.ljcdn.com/110000-inspection/cf277369-f991-4e99-911a-58b3e532bf40_1000.jpg!m_fill,w_280,h_210,f_jpg?from=ke.com
20241018,东城,东直门,101125699165,东直门 民安小区 通透三居大复式 无遮挡 视野开阔,1150万,82895元/平,顶层 (共11层) 3室2厅 | 138.73平米 | 东 西,https://ke-image.ljcdn.com/110000-inspection/d300ce23-fec3-443a-90f4-cf2a28548e72_1000.jpg!m_fill,w_280,h_210,f_jpg?from=ke.com
20241018,东城,东直门,101125693469,东直门 民安小区 南北通透两居 无遮挡,799万,107639元/平,低楼层 (共15层) 2室1厅 | 74.23平米 | 南 北,https://ke-image.ljcdn.com/110000-inspection/786841e6-9225-48b3-af8e-9931170926ee_1000.jpg!m_fill,w_280,h_210,f_jpg?from=ke.com
20241018,东城,东直门,101125632748,新源西里中街 1室1厅 南 西,333万,69914元/平,低楼层 (共22层) 1室1厅 | 47.63平米 | 南 西,https://ke-image.ljcdn.com/110000-inspection/fa3d2486-3cc0-4965-9a9c-6424dd3dc02e_1000.jpg!m_fill,w_280,h_210,f_jpg?from=ke.com
20241018,东城,东直门,101125611065,东直门外大街(东城）正规电梯高层南向一居室,460万,105748元/平,高楼层 (共14层) 1室1厅 | 43.5平米 | 南 北,https://ke-image.ljcdn.com/110000-inspection/5db5b4d1-401f-4e8f-8ad0-6723638b19db_1000.jpg!m_fill,w_280,h_210,f_jpg?from=ke.com
20241018,东城,东直门,101125590234,万国城MOMA 观景两居室位置安静明厨明卫,1336万,115531元/平,低楼层 (共26层) 2室1厅 | 115.64平米 | 西北,https://ke-image.ljcdn.com/110000-inspection/817da995-e2c1-4fc3-836b-3247ce5aa930_1000.jpg!m_fill,w_280,h_210,f_jpg?from=ke.com
20241018,东城,东直门,101125560240,东城区香河园北里出门有地铁17号线房主自荐,540万,78182元/平,中楼层 (共14层) 2室1厅 | 69.07平米 | 东 西,https://ke-image.ljcdn.com/110000-inspection/pc1_HoHgIq2vi.jpg!m_fill,w_280,h_210,f_jpg?from=ke.com
20241018,东城,东直门,101125555015,东城东环广金字塔建筑风格+多面采光+宜居环境和群体,1150万,66471元/平,低楼层 (共31层) 3室1厅 | 173.01平米 | 东北,https://ke-image.ljcdn.com/110000-inspection/284f3678-1da9-4c47-9f2e-badc75815f0b_1000.jpg!m_fill,w_280,h_210,f_jpg?from=ke.com
20241018,东城,东直门,101125554888,东城中心地段东环广场+与国际群体为邻+管家式物业,1110万,64159元/平,低楼层 (共31层) 3室1厅 | 173.01平米 | 东北,https://ke-image.ljcdn.com/110000-inspection/546d6822-247e-4419-99d8-dcec7b6ed00d_1000.jpg!m_fill,w_280,h_210,f_jpg?from=ke.com
20241018,东城,东直门,101125554807,东城东环广场金字塔式建筑+宜居环境+高素质群体为邻,1000万,73633元/平,低楼层 (共31层) 2室1厅 | 135.81平米 | 西北,https://ke-image.ljcdn.com/110000-inspection/05de22c2-c089-48ea-8173-27dfbe7f71aa_1000.jpg!m_fill,w_280,h_210,f_jpg?from=ke.com
20241018,东城,东直门,101125554749,东城中心地段宜居+管家式物业服务+与高素质群体为邻,1130万,65134元/平,低楼层 (共31层) 3室1厅 | 173.49平米 | 西北,https://ke-image.ljcdn.com/110000-inspection/38189058-0694-4f4d-9b9b-c09481c850c4_1000.jpg!m_fill,w_280,h_210,f_jpg?from=ke.com
20241018,东城,东直门,101125546778,东直门外大街(东城）南北通透采光充足,573万,93720元/平,中楼层 (共14层) 1室1厅 | 61.14平米 | 南 北,https://ke-image.ljcdn.com/110000-inspection/c2eeb47b-13e3-4c77-a1fb-c2ad6be6e521_1000.jpg!m_fill,w_280,h_210,f_jpg?from=ke.com
20241018,东城,东直门,101125511933,二环内  东直门  民安小区东扬威街  南北通透,800万,103668元/平,低楼层 (共12层) 2室1厅 | 77.17平米 | 南 北,https://ke-image.ljcdn.com/110000-inspection/da9a55db-097a-416e-ba31-bdd059323882_1000.jpg!m_fill,w_280,h_210,f_jpg?from=ke.com
20241018,东城,东直门,101125468681,铜厂子胡同 1室1厅 南,450万,118891元/平,底层 (共5层) 1室1厅 | 37.85平米 | 南,https://ke-image.ljcdn.com/110000-inspection/b7a4f2b3-0927-4a04-8c5c-5c3e7fee9db5_1000.jpg!m_fill,w_280,h_210,f_jpg?from=ke.com
20241018,东城,东直门,101125431716,东中街 4室1厅 东南 北,1780万,88659元/平,中楼层 (共9层) | 1996年 | 4室1厅 | 200.77平米 | 东南 北,https://ke-image.ljcdn.com/110000-inspection/163f0f3d-dc83-42cd-801d-d351b1e3ccca_1000.jpg!m_fill,w_280,h_210,f_jpg?from=ke.com
20241018,东城,东直门,101125416120,东直门 东南三居室  70年产权住宅 带电梯,1150万,75953元/平,中楼层 (共7层) 3室1厅 | 151.41平米 | 东南,https://ke-image.ljcdn.com/110000-inspection/fc79661f-90e1-4c37-99b1-2df44b2ef0e9_1000.jpg!m_fill,w_280,h_210,f_jpg?from=ke.com
20241018,东城,东直门,101125376984,东直门内北小街2号院 诚意出售 南北高层采光视野好,1580万,74659元/平,高楼层 (共20层) 4室2厅 | 211.63平米 | 南 北,https://ke-image.ljcdn.com/110000-inspection/42c33067-856d-41e5-aa5f-9f41c1e0f1e6_1000.jpg!m_fill,w_280,h_210,f_jpg?from=ke.com
20241018,东城,东直门,101125326369,雍和宫  南北通透三居室 中间楼层 采光好,720万,99959元/平,中楼层 (共6层) 3室1厅 | 72.03平米 | 南 北,https://ke-image.ljcdn.com/110000-inspection/f390ad5c-87e0-4c81-97bb-aae85f777cac_1000.jpg!m_fill,w_280,h_210,f_jpg?from=ke.com
20241018,东城,东直门,101125241325,民安小区东羊管胡同 5越6复式 南北通透 固定车位,1198万,107041元/平,高楼层 (共6层) 3室2厅 | 111.92平米 | 北 南,https://ke-image.ljcdn.com/110000-inspection/3148ad85-eefa-4ce0-a3b0-9254dfaa5b99_1000.jpg!m_fill,w_280,h_210,f_jpg?from=ke.com
20241018,东城,东直门,101125218875,香河园北里 2室1厅 南 北,580万,97742元/平,顶层 (共6层) 2室1厅 | 59.34平米 | 南 北,https://ke-image.ljcdn.com/110000-inspection/7a100a35-5a6b-4fac-8edd-ded204a6e3b0_1000.jpg!m_fill,w_280,h_210,f_jpg?from=ke.com
20241018,东城,东直门,101125212550,东直门外大街 南向电梯一居室  诚意出售,440万,99346元/平,高楼层 (共16层) 1室1厅 | 44.29平米 | 南,https://ke-image.ljcdn.com/110000-inspection/46fa1f61-755e-4952-86fa-dc37ac809d55_1000.jpg!m_fill,w_280,h_210,f_jpg?from=ke.com
20241018,东城,东直门,101125178261,东中街 电梯房 南北通透 精装复式房主自荐,1488万,95300元/平,中楼层 (共9层) 3室1厅 | 156.14平米 | 南 北,https://ke-image.ljcdn.com/110000-inspection/9273b23d-4343-4082-980d-7d27e56ae6a7_1000.jpg!m_fill,w_280,h_210,f_jpg?from=ke.com
20241018,东城,东直门,101125137508,东城区 板楼 南向 2居室 有车位 有环境,520万,98973元/平,顶层 (共5层) 2室1厅 | 52.54平米 | 南,https://ke-image.ljcdn.com/110000-inspection/pc1_RaF6BCFjO_1.jpg!m_fill,w_280,h_210,f_jpg?from=ke.com
20241018,东城,东直门,101125118150,东直门南小街平房一间诚意出售。,221万,179675元/平,底层 (共1层) | 2019年 | 1室0厅 | 12.3平米 | 东,https://ke-image.ljcdn.com/110000-inspection/5ac372a7-651f-45c1-8dda-04616257e1a9_1000.jpg!m_fill,w_280,h_210,f_jpg?from=ke.com
20241018,东城,东直门,101125101594,东方银座 业主诚意出售 正规一居室 精装 拎包入住,715万,79410元/平,低楼层 (共26层) 2室1厅 | 90.04平米 | 北,https://ke-image.ljcdn.com/110000-inspection/c52a3a6f-fdca-4efb-826f-1627194e3d6f_1000.jpg!m_fill,w_280,h_210,f_jpg?from=ke.com
20241018,东城,东直门,101125079336,东直门内北小街2号院精装修东南向三居室电梯直达,1320万,78605元/平,低楼层 (共20层) 3室1厅 | 167.93平米 | 东南,https://ke-image.ljcdn.com/110000-inspection/61a6aaa1-f994-4bc3-97f0-1c0b704bc80a_1000.jpg!m_fill,w_280,h_210,f_jpg?from=ke.com
20241018,东城,东直门,101125076479,海运仓  满五年双阳台 宽敞明亮  视野开阔采光好,1098万,123482元/平,高楼层 (共7层) 3室2厅 | 88.92平米 | 东南 西,https://ke-image.ljcdn.com/110000-inspection/99b7420c-3356-4f15-9de2-755f00cc3fca_1000.jpg!m_fill,w_280,h_210,f_jpg?from=ke.com
20241018,东城,东直门,101125073444,民安小区东直门北中街 2室1厅 东 西,590万,105339元/平,顶层 (共6层) 2室1厅 | 56.01平米 | 东 西,https://ke-image.ljcdn.com/110000-inspection/pc1_dXootKvEP_2.jpg!m_fill,w_280,h_210,f_jpg?from=ke.com
20241018,东城,东直门,101125073385,东中公寓 南北通透   精装修 大复式,2500万,100390元/平,高楼层 (共10层) 4室3厅 | 249.03平米 | 南 北,https://ke-image.ljcdn.com/110000-inspection/c0c689b5-1183-4f0d-8ad6-2eb72452dec5_1000.jpg!m_fill,w_280,h_210,f_jpg?from=ke.com
20241018,东城,东直门,101125052425,元嘉国际公寓 1室1厅 南,525万,98334元/平,中楼层 (共10层) 1室1厅 | 53.39平米 | 南,https://ke-image.ljcdn.com/110000-inspection/eeca2b75-5212-4221-ad5b-80c283ca45b1_1000.jpg!m_fill,w_280,h_210,f_jpg?from=ke.com
20241018,东城,东直门,101125002654,海运仓小区 1室1厅 西,610万,114190元/平,低楼层 (共9层) 1室1厅 | 53.42平米 | 西,https://ke-image.ljcdn.com/110000-inspection/pc1_TRF0Rlt3m.jpg!m_fill,w_280,h_210,f_jpg?from=ke.com
20241018,东城,东直门,101124982039,满五年  东城教委家属楼 随时可看 带电梯 楼龄新,378万,88608元/平,中楼层 (共12层) 1室1厅 | 42.66平米 | 南,https://ke-image.ljcdn.com/110000-inspection/3dc9b0a4-e7c5-49e5-9ff6-ac5474cd9d06_1000.jpg!m_fill,w_280,h_210,f_jpg?from=ke.com
20241018,东城,东直门,101124972798,东直门东中街南北两居室双阳台,935万,107447元/平,底层 (共6层) 2室2厅 | 87.02平米 | 南 北,https://ke-image.ljcdn.com/110000-inspection/2d85102a-089f-49ea-b8a2-45b73e8178f8_1000.jpg!m_fill,w_280,h_210,f_jpg?from=ke.com
20241018,东城,东直门,101124971263,民安小区东直门北中街 5室2厅 东 西 北,1850万,91976元/平,顶层 (共11层) 5室2厅 | 201.14平米 | 东 西 北,https://ke-image.ljcdn.com/110000-inspection/a3fa5ccf-11d2-4cc3-944b-a63eb761a99a_1000.jpg!m_fill,w_280,h_210,f_jpg?from=ke.com
20241018,东城,东直门,101124859141,万国城MOMA  价格可以谈！一期南向！,590万,99814元/平,低楼层 (共27层) | 2004年 | 1室1厅 | 59.11平米 | 南,https://ke-image.ljcdn.com/110000-inspection/46060631-c9d6-49f3-9e55-1463339ebfd3_1000.jpg!m_fill,w_280,h_210,f_jpg?from=ke.com
20241018,东城,东直门,101124825035,东城区东直门 花园式社区 十字坡西里 南北三层小三,676万,113901元/平,中楼层 (共5层) 3室1厅 | 59.35平米 | 南 西 北,https://ke-image.ljcdn.com/110000-inspection/pc1_6hhJXYHZn.jpg!m_fill,w_280,h_210,f_jpg?from=ke.com
20241018,东城,东直门,101124800986,东城 2000年 17号线 胡家园 129.82平,1230万,94747元/平,底层 (共6层) 3室1厅 | 129.82平米 | 南 北,https://ke-image.ljcdn.com/110000-inspection/f3178aeb-420a-45ff-becf-bc637c6b16a1_1000.jpg!m_fill,w_280,h_210,f_jpg?from=ke.com
20241018,东城,东直门,101124786503,海运仓小区 西南 2居室 电梯直达 无遮挡,840万,115306元/平,高楼层 (共23层) 2室1厅 | 72.85平米 | 西南,https://ke-image.ljcdn.com/110000-inspection/pc1_lbXdBLcIy.jpg!m_fill,w_280,h_210,f_jpg?from=ke.com
20241018,东城,东直门,101124762919,胡家园26号院大三居1996年楼龄新。,868万,71364元/平,顶层 (共6层) 3室1厅 | 121.63平米 | 东 东北,https://ke-image.ljcdn.com/110000-inspection/1a31af2f-1f0f-4dca-a2e7-7bbe177782d2_1000.jpg!m_fill,w_280,h_210,f_jpg?from=ke.com
20241018,东城,东直门,101124740717,东城区东二环 东直门元嘉国际公寓精装修,470万,99052元/平,高楼层 (共10层) 1室1厅 | 47.45平米 | 西,https://ke-image.ljcdn.com/110000-inspection/3a2c8c25-547a-4404-936a-3a290fd1a866_1000.jpg!m_fill,w_280,h_210,f_jpg?from=ke.com
20241018,东城,东直门,101124739156,北官厅胡同2号院南北向三居室采光好视野开阔房主自荐,898万,114702元/平,低楼层 (共6层) 3室1厅 | 78.29平米 | 东 南 北,https://ke-image.ljcdn.com/110000-inspection/8e6dfc1b-0df2-4be7-abba-b7a75de4220b_1000.jpg!m_fill,w_280,h_210,f_jpg?from=ke.com
20241018,东城,东直门,101124737152,北新桥三条 4室1厅 南 东 北,2480万,282783元/平,底层 (共1层) 4室1厅 | 87.7平米 | 南 东 北,https://ke-image.ljcdn.com/110000-inspection/pc1_f38X0QpYa.jpg!m_fill,w_280,h_210,f_jpg?from=ke.com
20241018,东城,东直门,101124724836,东直门 民安小区 东向一居 有电梯 视野好,612万,101258元/平,中楼层 (共14层) 1室1厅 | 60.44平米 | 东,https://ke-image.ljcdn.com/110000-inspection/be4df03d-403c-4db4-b336-5ddf19eb8dad_1000.jpg!m_fill,w_280,h_210,f_jpg?from=ke.com
20241018,东城,东直门,101124705922,东城东直门商品房 元嘉国际 大三居室 业主诚意出售,1230万,66251元/平,中楼层 (共7层) 3室2厅 | 185.66平米 | 东北,https://ke-image.ljcdn.com/110000-inspection/0235a8bc-d107-4063-9c94-1b0f463a541e_1000.jpg!m_fill,w_280,h_210,f_jpg?from=ke.com
20241018,东城,东直门,101124629816,东直门内北小街8号院电梯直达两居,860万,102540元/平,高楼层 (共13层) 2室1厅 | 83.87平米 | 西,https://ke-image.ljcdn.com/110000-inspection/47017fcd-638e-4a3f-a09a-31008061825e_1000.jpg!m_fill,w_280,h_210,f_jpg?from=ke.com
20241018,东城,东直门,101124593488,东直门内北小街8号院 1室1厅 东 西,560万,88960元/平,中楼层 (共13层) 1室1厅 | 62.95平米 | 东 西,https://ke-image.ljcdn.com/110000-inspection/pc1_WJjvSNTWc_1.jpg!m_fill,w_280,h_210,f_jpg?from=ke.com
20241018,东城,东直门,101124590931,东城区 东中街  南北四居室  东边户 有东窗,1750万,87169元/平,高楼层 (共9层) 4室1厅 | 200.76平米 | 东南 北,https://ke-image.ljcdn.com/110000-inspection/44f89a3b-3da1-4add-80ac-c8ebe2c4676d_1000.jpg!m_fill,w_280,h_210,f_jpg?from=ke.com
20241018,东城,东直门,101124576558,南北通透精装修地铁17号线左家庄地铁,377万,69906元/平,中楼层 (共5层) | 1982年 | 2室1厅 | 53.93平米 | 南 北,https://ke-image.ljcdn.com/110000-inspection/04ec32ee-3f2d-48ee-9d0b-407bacd77b08_1000.jpg!m_fill,w_280,h_210,f_jpg?from=ke.com
20241018,东城,东直门,101124570010,东直门雍和宫南北通透3居室 中间层 诚意出售,615万,97419元/平,中楼层 (共5层) 2室1厅 | 63.13平米 | 南 北,https://ke-image.ljcdn.com/110000-inspection/e5ebb954-8465-42c0-9b82-dd710a51581d_1000.jpg!m_fill,w_280,h_210,f_jpg?from=ke.com
20241018,东城,东直门,101124525181,东直门外大街(东城）全南2居 采光好 环境好有门禁房主自荐,588万,92294元/平,低楼层 (共16层) 2室1厅 | 63.71平米 | 南,https://ke-image.ljcdn.com/110000-inspection/e308c5e4-377b-4d38-a242-ec4258b01d8b_1000.jpg!m_fill,w_280,h_210,f_jpg?from=ke.com
20241018,东城,东直门,101124511705,东直门98年房龄春秀路全明格局三居室,698万,95057元/平,底层 (共6层) 3室1厅 | 73.43平米 | 东北,https://ke-image.ljcdn.com/110000-inspection/bbc065a5-a04e-4dab-9322-39e4181beaa3_1000.jpg!m_fill,w_280,h_210,f_jpg?from=ke.com
20241018,东城,东直门,101124474559,民安小区东直门北中街 2室1厅 南,550万,101796元/平,中楼层 (共5层) 2室1厅 | 54.03平米 | 南,https://ke-image.ljcdn.com/110000-inspection/c8d952bd-a3b6-4e4a-a4c5-f5916962c367_1000.jpg!m_fill,w_280,h_210,f_jpg?from=ke.com
20241018,东城,东直门,101124392522,北官厅胡同甲二号院 朝南视野好 产权清晰 诚意出售,440万,109073元/平,顶层 (共6层) 1室1厅 | 40.34平米 | 南,https://ke-image.ljcdn.com/110000-inspection/a58afb3f-5e02-4333-bb07-7ef021641350_1000.jpg!m_fill,w_280,h_210,f_jpg?from=ke.com
20241018,东城,东直门,101124391636,东城区 胡家园26号院新上房源 独立门院小区诚意出售,950万,78106元/平,低楼层 (共6层) 3室2厅 | 121.63平米 | 东 西,https://ke-image.ljcdn.com/110000-inspection/pc1_qBZQLb2kC_1.jpg!m_fill,w_280,h_210,f_jpg?from=ke.com
20241018,东城,东直门,101124388508,总监推荐 东直门  东方银座  精装 采光好,730万,87604元/平,中楼层 (共26层) 2室1厅 | 83.33平米 | 南,https://ke-image.ljcdn.com/110000-inspection/06b7e9b8-ab87-4aa5-836d-5026c91d7ee4_1000.jpg!m_fill,w_280,h_210,f_jpg?from=ke.com
20241018,东城,东直门,101124350024,东城 正东国际大厦 17号线 左家庄站,2300万,75272元/平,高楼层 (共27层) | 2004年 | 5室1厅 | 305.56平米 | 东 南 西,https://ke-image.ljcdn.com/110000-inspection/c4386bb6-4ba9-4425-be10-494ff73ad901_1000.jpg!m_fill,w_280,h_210,f_jpg?from=ke.com
20241018,东城,东直门,101124344688,后永康一巷北房采光好居住舒适,198万,169231元/平,底层 (共1层) 1室0厅 | 11.7平米 | 南,https://ke-image.ljcdn.com/110000-inspection/81477ef8-e5b9-447f-8784-69298988110d_1000.jpg!m_fill,w_280,h_210,f_jpg?from=ke.com
20241018,东城,东直门,101124330759,北官厅 南北三居室 电梯直达 环境好单独管理 满五唯一,850万,118865元/平,中楼层 (共16层) 3室1厅 | 71.51平米 | 东 南 西 北,https://ke-image.ljcdn.com/110000-inspection/a766605c-2879-4253-b1ad-2576e1262281_1000.jpg!m_fill,w_280,h_210,f_jpg?from=ke.com
20241018,东城,东直门,101124301986,大区聚焦民安小区精装40万南馆公园,620万,102361元/平,中楼层 (共11层) 2室1厅 | 60.57平米 | 东,https://ke-image.ljcdn.com/110000-inspection/6ce41bf0-5f3d-460c-ac25-b779de06202d_1000.jpg!m_fill,w_280,h_210,f_jpg?from=ke.com
20241018,东城,东直门,101124279903,北东 景山  一居室   近地铁 看房方便,500万,86942元/平,顶层 (共6层) 2室0厅 | 57.51平米 | 西北,https://ke-image.ljcdn.com/110000-inspection/f13a0dfa-eed8-44bf-860b-e56a90c79249_1000.jpg!m_fill,w_280,h_210,f_jpg?from=ke.com
20241018,东城,东直门,101124261196,华普花园商品房满五唯一  诚意出售！,650万,73948元/平,低楼层 (共22层) 1室1厅 | 87.9平米 | 北,https://ke-image.ljcdn.com/110000-inspection/06b04d28-cb8e-42b3-9d75-45954c9418e8_1000.jpg!m_fill,w_280,h_210,f_jpg?from=ke.com
20241018,东城,东直门,101124213848,东城区东环广场大2居+宜居环境+高素质群体+管家式服务,1330万,97931元/平,中楼层 (共31层) 2室1厅 | 135.81平米 | 西北,https://ke-image.ljcdn.com/110000-inspection/pc1_uf9bMhl9I_1.jpg!m_fill,w_280,h_210,f_jpg?from=ke.com
20241018,东城,东直门,101124168943,满五年原购房价高看房方便近地铁,485万,97704元/平,中楼层 (共10层) 1室0厅 | 49.64平米 | 南,https://ke-image.ljcdn.com/110000-inspection/pc1_f81j4bNc2.jpg!m_fill,w_280,h_210,f_jpg?from=ke.com
20241018,东城,东直门,101124098421,海运仓小区 南北通透 有电梯 双卧朝南,1180万,112125元/平,高楼层 (共9层) 3室1厅 | 105.24平米 | 南 北,https://ke-image.ljcdn.com/110000-inspection/ba35de79-8555-438d-8e15-477b1dd4aadf_1000.jpg!m_fill,w_280,h_210,f_jpg?from=ke.com
20241018,东城,东直门,101124091833,东直门外小街东西一居 中间楼层 阳光足 无遮挡96年,469万,89847元/平,中楼层 (共6层) | 1996年 | 2室0厅 | 52.2平米 | 东 西,https://ke-image.ljcdn.com/110000-inspection/29708db2-a581-486b-b2c5-6ac2239841ee_1000.jpg!m_fill,w_280,h_210,f_jpg?from=ke.com
20241018,东城,东直门,101124091297,东直门 新源西里中街带电梯精装两居 满五唯一 阳光足,540万,85174元/平,中楼层 (共14层) | 1985年 | 2室1厅 | 63.4平米 | 西南,https://ke-image.ljcdn.com/110000-inspection/pc1_JR23euAPn_2.jpg!m_fill,w_280,h_210,f_jpg?from=ke.com
20241018,东城,东直门,101124022992,北东 景山 民安小区有市政公园 有装修诚意出售,567万,97440元/平,顶层 (共4层) 1室1厅 | 58.19平米 | 西北,https://ke-image.ljcdn.com/110000-inspection/pc1_928re5y6W.jpg!m_fill,w_280,h_210,f_jpg?from=ke.com
20241018,东城,东直门,101123940355,新中西里花园社区中间层南向一居室,448万,116485元/平,中楼层 (共5层) 1室1厅 | 38.46平米 | 南,https://ke-image.ljcdn.com/110000-inspection/pc1_acwMUJAZC_1.jpg!m_fill,w_280,h_210,f_jpg?from=ke.com
20241018,东城,东直门,101123888214,万国城MOMA 方正三居观小区湖景有钥匙随时看房主自荐,1680万,119949元/平,高楼层 (共26层) | 2004年 | 3室1厅 | 140.06平米 | 东北,https://ke-image.ljcdn.com/110000-inspection/3336ba3a-443e-4f5a-86ac-394caf669bfc_1000.jpg!m_fill,w_280,h_210,f_jpg?from=ke.com
20241018,东城,东直门,101123881730,东城二环内民政局家属院北官厅胡同甲二号院,750万,130435元/平,低楼层 (共6层) 2室1厅 | 57.5平米 | 南 北,https://ke-image.ljcdn.com/110000-inspection/8da99715-7b68-4161-aafe-dfe9ff88eccd_1000.jpg!m_fill,w_280,h_210,f_jpg?from=ke.com
20241018,东城,东直门,101123865418,香河园北里带电梯两居室精装修看房方便67-楼龄,620万,94412元/平,低楼层 (共14层) 2室1厅 | 65.67平米 | 东,https://ke-image.ljcdn.com/110000-inspection/6b5b3a03-66fb-47b7-96b4-76590175cc53_1000.jpg!m_fill,w_280,h_210,f_jpg?from=ke.com
20241018,东城,东直门,101123862394,炮局头条南北通透两居有燃气满二年单位分房,576万,99775元/平,高楼层 (共6层) 2室1厅 | 57.73平米 | 南 北,https://ke-image.ljcdn.com/110000-inspection/pc1_KdfDFADja.jpg!m_fill,w_280,h_210,f_jpg?from=ke.com
20241018,东城,东直门,101123857654,东城二环里商品房 精装修拎包入住 满五唯一 诚意出售,1160万,79693元/平,低楼层 (共22层) 2室1厅 | 145.56平米 | 西,https://ke-image.ljcdn.com/110000-inspection/a940ed8b-2c47-4d36-b695-2473ed44b955_1000.jpg!m_fill,w_280,h_210,f_jpg?from=ke.com
20241018,东城,东直门,101123824680,东城 二环边 西香河园乙5号院,418万,116241元/平,底层 (共6层) 1室1厅 | 35.96平米 | 东 北,https://ke-image.ljcdn.com/110000-inspection/1c6f887a-42bb-40a1-813f-2a6f27daa513_1000.jpg!m_fill,w_280,h_210,f_jpg?from=ke.com
20241018,东城,东直门,101123702354,东城区东直门外大街楼层高采光好,372万,87243元/平,高楼层 (共14层) 1室2厅 | 42.64平米 | 东 西,https://ke-image.ljcdn.com/110000-inspection/pc1_xwrr0eKN7.jpg!m_fill,w_280,h_210,f_jpg?from=ke.com
20241018,东城,东直门,101123630987,海运仓小区 3室1厅 南 北,920万,113148元/平,高楼层 (共7层) 3室1厅 | 81.31平米 | 南 北,https://ke-image.ljcdn.com/110000-inspection/d70b1ae8-7561-4d69-9a0a-8e61e478d8ba_1000.jpg!m_fill,w_280,h_210,f_jpg?from=ke.com
20241018,东城,东直门,101123609098,东直门梵悦万国府商品房社区 有会所游泳池近亮马河,5270万,221531元/平,中楼层 (共32层) | 2002年 | 3室2厅 | 237.89平米 | 东南 南,https://ke-image.ljcdn.com/110000-inspection/pc1_ETO6GhhxJ_3.jpg!m_fill,w_280,h_210,f_jpg?from=ke.com
20241018,东城,东直门,101123608992,梵悦万国府 4室2厅 北 东北 东南,3820万,132842元/平,中楼层 (共32层) | 2002年 | 4室2厅 | 287.56平米 | 北 东北 东南,https://ke-image.ljcdn.com/110000-inspection/a7b29894-ab83-4a6d-ac03-301fe03b2f39_1000.jpg!m_fill,w_280,h_210,f_jpg?from=ke.com
20241018,东城,东直门,101123506102,东城东直门东方银座西向大1居+视野开阔+满五唯一,720万,79956元/平,中楼层 (共26层) 1室1厅 | 90.05平米 | 西,https://ke-image.ljcdn.com/110000-inspection/ef6c161f-9230-4dfd-8d10-671413e0bef1_1000.jpg!m_fill,w_280,h_210,f_jpg?from=ke.com
20241018,东城,东直门,101123485944,东直门外大街(东城）装修不错业主诚心出售,570万,86719元/平,底层 (共14层) 3室1厅 | 65.73平米 | 东北,https://ke-image.ljcdn.com/110000-inspection/12a9dbb0-9102-4636-b577-c7a5bef5a82b_1000.jpg!m_fill,w_280,h_210,f_jpg?from=ke.com
20241018,东城,东直门,101123424509,民安小区东羊管胡同 4室2厅 南 北房主自荐,1100万,99955元/平,顶层 (共6层) 4室2厅 | 110.05平米 | 南 北,https://ke-image.ljcdn.com/110000-inspection/6a1f4d3c-5b5d-40fc-b351-501900727751_1000.jpg!m_fill,w_280,h_210,f_jpg?from=ke.com
20241018,东城,东直门,101123276122,东城区南北通透满五年唯一精装修小区改造中。房主自荐,820万,105156元/平,中楼层 (共14层) 3室1厅 | 77.98平米 | 南 北,https://ke-image.ljcdn.com/110000-inspection/4be5297b-7201-43fa-ad7a-dce9c39af9c4_1000.jpg!m_fill,w_280,h_210,f_jpg?from=ke.com
20241018,东城,东直门,101123249348,东环广场东城高品质住宅 物业管理好 小区安静有会所,1500万,86461元/平,低楼层 (共31层) 2室1厅 | 173.49平米 | 西南,https://ke-image.ljcdn.com/110000-inspection/895dcd9f-0fae-4bc9-a063-98980eb4701c_1000.jpg!m_fill,w_280,h_210,f_jpg?from=ke.com
20241018,东城,东直门,101123177349,香河园北里 3室1厅 东 西,799万,98691元/平,中楼层 (共14层) 3室1厅 | 80.96平米 | 东 西,https://ke-image.ljcdn.com/110000-inspection/pc1_7GoN0TLb7.jpg!m_fill,w_280,h_210,f_jpg?from=ke.com
20241018,东城,东直门,101123062207,万国城MOMA 南向小户型本房满五年唯一业主诚意卖,730万,123499元/平,低楼层 (共27层) 1室0厅 | 59.11平米 | 南,https://ke-image.ljcdn.com/110000-inspection/37ea7f73-a4f6-4868-99d8-7feb219b8d25_1000.jpg!m_fill,w_280,h_210,f_jpg?from=ke.com
20241018,东城,东直门,101122996055,元嘉国际公寓 东向 满五年 精装修 70年产权 开间,460万,89774元/平,中楼层 (共10层) 1室0厅 | 51.24平米 | 东,https://ke-image.ljcdn.com/110000-inspection/40991803-d60d-4db1-bc2e-b93186ff4996_1000.jpg!m_fill,w_280,h_210,f_jpg?from=ke.com
20241018,东城,东直门,101122996112,东城区 东直门察慈 全明格局一居 精装修 满五唯一,498万,112137元/平,中楼层 (共12层) 1室1厅 | 44.41平米 | 东,https://ke-image.ljcdn.com/110000-inspection/pc1_KGIuflAje_2.jpg!m_fill,w_280,h_210,f_jpg?from=ke.com
20241018,东城,东直门,101122990653,胡家园小区 高楼层 采光好 临亮马河,648万,87356元/平,中楼层 (共20层) 3室1厅 | 74.18平米 | 南 北,https://ke-image.ljcdn.com/110000-inspection/pc1_ChVoqYY4X.jpg!m_fill,w_280,h_210,f_jpg?from=ke.com
20241018,东城,东直门,101122987326,东直门 海运仓 中间楼层两居室 满五年唯一 诚意出售,528万,105054元/平,中楼层 (共5层) 2室1厅 | 50.26平米 | 东,https://ke-image.ljcdn.com/110000-inspection/dca9decf-a0d1-4227-85df-b8b44bf99ddd_1000.jpg!m_fill,w_280,h_210,f_jpg?from=ke.com
20241018,东城,东直门,101122966748,东直门北大街  清水苑社区 高楼层  精装修,686万,105897元/平,高楼层 (共14层) 2室1厅 | 64.78平米 | 东 西,https://ke-image.ljcdn.com/110000-inspection/32b1bcba-8a7c-4672-9470-377ee22a65bf_1000.jpg!m_fill,w_280,h_210,f_jpg?from=ke.com
20241018,东城,东直门,101122960103,此房是东城区房本通透户型正对花园楼层适宜居,727万,102208元/平,底层 (共6层) 3室1厅 | 71.13平米 | 南 北,https://ke-image.ljcdn.com/110000-inspection/5bd81a3d-a9a9-47a0-a394-12351c1340de_1000.jpg!m_fill,w_280,h_210,f_jpg?from=ke.com
20241018,东城,东直门,101122959436,房子是满五年唯一购房成本低。,438万,67158元/平,底层 (共5层) | 1980年 | 3室1厅 | 65.22平米 | 南 北,https://ke-image.ljcdn.com/110000-inspection/3612a855-e790-4311-9e96-7b8c07cd6f56_1000.jpg!m_fill,w_280,h_210,f_jpg?from=ke.com
20241018,东城,东直门,101122918858,东城区东直门万国城满五唯一,1920万,121297元/平,高楼层 (共25层) 3室2厅 | 158.29平米 | 东,https://ke-image.ljcdn.com/110000-inspection/71ba4ea4-f3d9-4d30-bfe6-8a970f8b3ed5_1000.jpg!m_fill,w_280,h_210,f_jpg?from=ke.com
20241018,东城,东直门,101122873659,新源西里中街高层观景两居室 楼下地铁 花园 生活方便房主自荐,440万,74996元/平,高楼层 (共22层) 2室1厅 | 58.67平米 | 东 西 北,https://ke-image.ljcdn.com/110000-inspection/8461cea7-9753-4536-82e7-cf19ba9248f3_1000.jpg!m_fill,w_280,h_210,f_jpg?from=ke.com
20241018,东城,东直门,101122873214,东二环边一层花园洋房+四居大平层+全新精装修房主自荐,1660万,95397元/平,底层 (共7层) 4室2厅 | 174.01平米 | 东 北,https://ke-image.ljcdn.com/110000-inspection/pc1_E23A82lLq_2.jpg!m_fill,w_280,h_210,f_jpg?from=ke.com
20241018,东城,东直门,101122872459,东城区 二环外 胡家园 2021年改造 西南两居室房主自荐,746万,99920元/平,中楼层 (共17层) 2室1厅 | 74.66平米 | 南 西,https://ke-image.ljcdn.com/110000-inspection/pc1_nWGnDxj3h_1.jpg!m_fill,w_280,h_210,f_jpg?from=ke.com
20241018,东城,东直门,101122872185,东直门外大街(东城）40号楼 南向 高层一居室 不临街,480万,98180元/平,中楼层 (共16层) 1室1厅 | 48.89平米 | 南,https://ke-image.ljcdn.com/110000-inspection/459afbf4-3cbd-46ec-9185-1fe1c295b1cb_1000.jpg!m_fill,w_280,h_210,f_jpg?from=ke.com
20241018,东城,东直门,101122871032,东城区 春秀路 二环外 板楼 南北通透 新改造小区,756万,119056元/平,底层 (共6层) 3室0厅 | 63.5平米 | 南 北,https://ke-image.ljcdn.com/110000-inspection/pc1_LczYP1pjW.jpg!m_fill,w_280,h_210,f_jpg?from=ke.com
20241018,东城,东直门,101122839281,清水苑模范社区  南向 精装修2居室,610万,120316元/平,低楼层 (共6层) 2室1厅 | 50.7平米 | 西南,https://ke-image.ljcdn.com/110000-inspection/04fb2137-6ee0-46b7-aeda-1b3f1cb3b8de_1000.jpg!m_fill,w_280,h_210,f_jpg?from=ke.com
20241018,东城,东直门,101122674333,东城区东直门外大街48号楼东方银座,1200万,80440元/平,高楼层 (共26层) 2室2厅 | 149.18平米 | 北,https://ke-image.ljcdn.com/110000-inspection/d2c625e1-614f-4f8a-a0db-6ddb48605e8c_1000.jpg!m_fill,w_280,h_210,f_jpg?from=ke.com
20241018,东城,东直门,101122537077,东城区 板楼中间层正南向 精装修 拎包入住,520万,90013元/平,低楼层 (共6层) 2室1厅 | 57.77平米 | 南,https://ke-image.ljcdn.com/110000-inspection/bdb70822-a161-4d49-bc7a-0eaeccae421a_1000.jpg!m_fill,w_280,h_210,f_jpg?from=ke.com
20241018,东城,东直门,101122537043,海运仓 满五年复式 采光充足 闹中取静 视野宽阔,1053万,130097元/平,高楼层 (共7层) 3室1厅 | 80.94平米 | 南 北,https://ke-image.ljcdn.com/110000-inspection/4eba1dff-e141-4683-b7b2-86c1c34e1701_1000.jpg!m_fill,w_280,h_210,f_jpg?from=ke.com
20241018,东城,东直门,101122516228,房子东直门地铁站电梯直达南向一居室采光视野好房主自荐,470万,117706元/平,低楼层 (共18层) 1室1厅 | 39.93平米 | 南,https://ke-image.ljcdn.com/110000-inspection/121bc0d2-3aed-4152-98a4-c8f3167060c9_1000.jpg!m_fill,w_280,h_210,f_jpg?from=ke.com
20241018,东城,东直门,101122475541,东直门 新源西里 精装二居 楼道干净劳动部家属楼,450万,78329元/平,低楼层 (共22层) | 1988年 | 2室1厅 | 57.45平米 | 东北,https://ke-image.ljcdn.com/110000-inspection/7fd463b8-3ace-4bc0-b4be-7443d420fec7_1000.jpg!m_fill,w_280,h_210,f_jpg?from=ke.com
20241018,东城,东直门,101122410443,新上两居室中间楼层主卧室朝南带阳台,348万,69268元/平,顶层 (共5层) | 1982年 | 2室1厅 | 50.24平米 | 南,https://ke-image.ljcdn.com/110000-inspection/8a8f254d-76e1-4301-9421-af7a907adf1d_1000.jpg!m_fill,w_280,h_210,f_jpg?from=ke.com
20241018,东城,东直门,101122361035,东城区 东直门  东方银座 双阳台 双卫  两居室,1030万,69045元/平,中楼层 (共26层) | 2003年 | 2室1厅 | 149.18平米 | 西,https://ke-image.ljcdn.com/110000-inspection/pc1_FrsDg4KB6_2.jpg!m_fill,w_280,h_210,f_jpg?from=ke.com
20241018,东城,东直门,101122360993,东城区 东直门 东方银座 西向两居室 双卫,920万,70813元/平,中楼层 (共26层) 2室1厅 | 129.92平米 | 西,https://ke-image.ljcdn.com/110000-inspection/pc1_eocJnQXsJ_2.jpg!m_fill,w_280,h_210,f_jpg?from=ke.com
20241018,东城,东直门,101122352217,万国城MOMA 精装 满五唯一,697万,117916元/平,中楼层 (共27层) | 2004年 | 1室1厅 | 59.11平米 | 南,https://ke-image.ljcdn.com/110000-inspection/pc1_elE8jPJji.jpg!m_fill,w_280,h_210,f_jpg?from=ke.com
20241018,东城,东直门,101122342232,满五年唯一 精装修 正规两居室 有燃气 高楼层,1650万,141717元/平,高楼层 (共27层) 2室1厅 | 116.43平米 | 西,https://ke-image.ljcdn.com/110000-inspection/pc1_rYIKnA6Dj_1.jpg!m_fill,w_280,h_210,f_jpg?from=ke.com
20241018,东城,东直门,101122246208,万国城MOMA 私家电梯入户 南北通透三居室采光好,1990万,121720元/平,中楼层 (共26层) 3室2厅 | 163.49平米 | 南 北,https://ke-image.ljcdn.com/110000-inspection/2c877c4b-9613-4687-a9c8-371474afa228_1000.jpg!m_fill,w_280,h_210,f_jpg?from=ke.com
20241018,东城,东直门,101122231502,炮局胡同 1室0厅 南,220万,201835元/平,底层 (共1层) 1室0厅 | 10.9平米 | 南,https://ke-image.ljcdn.com/110000-inspection/f18cb343-80d8-4654-b00f-338e75eef9cb_1000.jpg!m_fill,w_280,h_210,f_jpg?from=ke.com
20241018,东城,东直门,101122135232,二环内民政局家属院南北精装修采光视野好,690万,120000元/平,低楼层 (共6层) 2室1厅 | 57.5平米 | 南 北,https://ke-image.ljcdn.com/110000-inspection/80841f34-b911-4380-a9ff-d9a1bc0e577b_1000.jpg!m_fill,w_280,h_210,f_jpg?from=ke.com
20241018,东城,东直门,101122115048,新源西里中街小区环境好好停车有物业。房主自荐,420万,66247元/平,低楼层 (共14层) | 1985年 | 2室1厅 | 63.4平米 | 西南,https://ke-image.ljcdn.com/110000-inspection/921f8b55-4293-4719-8dc5-0991f0aefb3a_1000.jpg!m_fill,w_280,h_210,f_jpg?from=ke.com
20241018,东城,东直门,101122071865,东城区 东直门 民安小区 东西通透复式 有电梯！,1100万,83076元/平,顶层 (共13层) 4室1厅 | 132.41平米 | 东 西,https://ke-image.ljcdn.com/110000-inspection/5e006f96-b0b9-4005-8769-fbe491062494_1000.jpg!m_fill,w_280,h_210,f_jpg?from=ke.com
20241018,东城,东直门,101122049202,民安小区东直门北中街 西南北3居 明厨明卫,828万,120947元/平,中楼层 (共5层) 3室1厅 | 68.46平米 | 南 北,https://ke-image.ljcdn.com/110000-inspection/fc69ceeb-266b-4744-86ca-107aae0cdbb1_1000.jpg!m_fill,w_280,h_210,f_jpg?from=ke.com
20241018,东城,东直门,101122038556,东二环东直门 东直门南大街双朝南两居满五年,785万,120566元/平,高楼层 (共18层) 2室1厅 | 65.11平米 | 南 北,https://ke-image.ljcdn.com/110000-inspection/d5e5312b-1656-4fda-89be-5a01f8e16517_1000.jpg!m_fill,w_280,h_210,f_jpg?from=ke.com
20241018,东城,东直门,101122002679,东直门  东城区 东方银座 东向一居室  户型方正,650万,80486元/平,中楼层 (共26层) 1室1厅 | 80.76平米 | 东,https://ke-image.ljcdn.com/110000-inspection/pc1_GJokZLrii_1.jpg!m_fill,w_280,h_210,f_jpg?from=ke.com
20241018,东城,东直门,101121998483,东直门外小街10号院东城两居 中等装修随时看房 好房房主自荐,520万,90451元/平,高楼层 (共6层) 2室1厅 | 57.49平米 | 东 西,https://ke-image.ljcdn.com/110000-inspection/e9f7db9b-3568-4c3a-9cd1-a9192532b4ac_1000.jpg!m_fill,w_280,h_210,f_jpg?from=ke.com
20241018,东城,东直门,101121948731,民安小区东直门北中街 南向两居室 业主急售,750万,104925元/平,低楼层 (共14层) 2室1厅 | 71.48平米 | 南,https://ke-image.ljcdn.com/110000-inspection/9003395c-6ec9-4c29-a94c-715c45f98d79_1000.jpg!m_fill,w_280,h_210,f_jpg?from=ke.com
20241018,东城,东直门,101121948041,民安小区东直门北中街  板楼两居室 无遮挡 采光好,719万,98024元/平,高楼层 (共6层) 2室1厅 | 73.35平米 | 东 西,https://ke-image.ljcdn.com/110000-inspection/36628756-79e8-448d-b857-9d2e6a034bcc_1000.jpg!m_fill,w_280,h_210,f_jpg?from=ke.com
20241018,东城,东直门,101121940203,东直门内北小街16号院精装修采光视野好板楼带电梯,850万,105094元/平,顶层 (共10层) 2室2厅 | 80.88平米 | 东 西,https://ke-image.ljcdn.com/110000-inspection/f0c750de-8d61-4272-ba12-66e575a54bb5_1000.jpg!m_fill,w_280,h_210,f_jpg?from=ke.com
20241018,东城,东直门,101121938939,元嘉国际公寓。产权清晰靠谱签约。,420万,88515元/平,中楼层 (共10层) 1室0厅 | 47.45平米 | 西,https://ke-image.ljcdn.com/110000-inspection/413dd472-ed5f-4cf9-ad0b-1e1c4ba1cb19_1000.jpg!m_fill,w_280,h_210,f_jpg?from=ke.com
20241018,东城,东直门,101121927322,北官厅胡同小区 精装修电梯直达一居室,495万,110813元/平,低楼层 (共16层) 1室1厅 | 44.67平米 | 南,https://ke-image.ljcdn.com/110000-inspection/pc1_B3qQCeOK0.jpg!m_fill,w_280,h_210,f_jpg?from=ke.com
20241018,东城,东直门,101121819811,东城 东直门东方银座 一居室 户型方正,629万,80911元/平,高楼层 (共26层) 1室1厅 | 77.74平米 | 东,https://ke-image.ljcdn.com/110000-inspection/pc1_ukUv2chHs_2.jpg!m_fill,w_280,h_210,f_jpg?from=ke.com
20241018,东城,东直门,101121791232,东城区 当代万国城MOMA四期 方正一居室,1250万,144911元/平,中楼层 (共13层) | 2009年 | 1室1厅 | 86.26平米 | 东,https://ke-image.ljcdn.com/110000-inspection/6670bae1-0f8d-4d1f-b7a4-9144a8296661_1000.jpg!m_fill,w_280,h_210,f_jpg?from=ke.com
20241018,东城,东直门,101121731974,东城区 胡家园小区 亮马河畔 南北三居 边户客厅带窗户,705万,98258元/平,顶层 (共6层) 3室1厅 | 71.75平米 | 东 南 北,https://ke-image.ljcdn.com/110000-inspection/40430b89-69c5-42b3-a8fe-0126c5ed644d_1000.jpg!m_fill,w_280,h_210,f_jpg?from=ke.com
20241018,东城,东直门,101121731916,民安小区东羊管胡同 2室1厅 南 北,955万,136410元/平,高楼层 (共6层) 2室1厅 | 70.01平米 | 南 北,https://ke-image.ljcdn.com/110000-inspection/2ef413a8-8d37-4ccd-b8c2-2c2ecd0f387b_1000.jpg!m_fill,w_280,h_210,f_jpg?from=ke.com
20241018,东城,东直门,101121577655,察慈小区 电梯房 2居 诚意出售 随时可看,470万,79919元/平,顶层 (共12层) 2室1厅 | 58.81平米 | 东 西,https://ke-image.ljcdn.com/110000-inspection/pc1_g9h0ouwPH_2.jpg!m_fill,w_280,h_210,f_jpg?from=ke.com
20241018,东城,东直门,101121532738,东直门南大街高层一居室钢混结构地铁2号线房主自荐,448万,112197元/平,高楼层 (共18层) 1室1厅 | 39.93平米 | 西,https://ke-image.ljcdn.com/110000-inspection/917c42fe-b9aa-42fe-a3ee-fd3a61a14c1f_1000.jpg!m_fill,w_280,h_210,f_jpg?from=ke.com
20241018,东城,东直门,101121483276,东直门南大街 南向一居室 地铁东四十条站100米房主自荐,425万,90100元/平,底层 (共18层) 1室1厅 | 47.17平米 | 南,https://ke-image.ljcdn.com/110000-inspection/de934a92-57f8-47d7-b534-e3b7380e2fb1_1000.jpg!m_fill,w_280,h_210,f_jpg?from=ke.com
20241018,东城,东直门,101121451653,东城区东直门梵悦万国府管理好,2800万,114679元/平,低楼层 (共32层) | 2002年 | 3室2厅 | 244.16平米 | 西北,https://ke-image.ljcdn.com/110000-inspection/pc1_EcCYSwGpM.jpg!m_fill,w_280,h_210,f_jpg?from=ke.com
20241018,东城,东直门,101121425304,东城区 北东区域 十字坡西里 南北小三居室,630万,106907元/平,中楼层 (共5层) 3室0厅 | 58.93平米 | 南 东 北,https://ke-image.ljcdn.com/110000-inspection/f86b8239-d405-44d3-909b-07737cd95961_1000.jpg!m_fill,w_280,h_210,f_jpg?from=ke.com
20241018,东城,东直门,101121375555,满五年唯一全南朝向格局好配套齐全楼下公园,780万,99847元/平,低楼层 (共14层) | 2003年 | 2室1厅 | 78.12平米 | 南,https://ke-image.ljcdn.com/110000-inspection/pc1_BWx08aXGH_1.jpg!m_fill,w_280,h_210,f_jpg?from=ke.com
20241018,东城,东直门,101121350632,北官厅胡同 南北通透三居室 格局好 有采光 随时看,465万,63206元/平,地下室 (共6层) 3室1厅 | 73.57平米 | 东 南 北,https://ke-image.ljcdn.com/110000-inspection/992cdd4a-4f41-4624-b50c-39a675d7f1c8_1000.jpg!m_fill,w_280,h_210,f_jpg?from=ke.com
20241018,东城,东直门,101121268649,新源西里东街小区 小区中间不临街 有坡顶,360万,63070元/平,顶层 (共5层) | 1982年 | 2室1厅 | 57.08平米 | 南 北,https://ke-image.ljcdn.com/110000-inspection/d275568a-9538-4598-a7d1-2494494962c4_1000.jpg!m_fill,w_280,h_210,f_jpg?from=ke.com
20241018,东城,东直门,101121170883,东城区 胡家园 好户型 好格局三居室 满五年唯一 钢混房主自荐,830万,101134元/平,低楼层 (共17层) 3室1厅 | 82.07平米 | 南 西,https://ke-image.ljcdn.com/110000-inspection/3f02c27f-5dc4-412a-879a-096e46a08f30_1000.jpg!m_fill,w_280,h_210,f_jpg?from=ke.com
20241018,东城,东直门,101121100449,新源西里社区 南向 精装1居室,330万,91262元/平,中楼层 (共5层) 1室1厅 | 36.16平米 | 南,https://ke-image.ljcdn.com/110000-inspection/7eac04ad-91be-4f9f-af61-e41d573b3ef6_1000.jpg!m_fill,w_280,h_210,f_jpg?from=ke.com
20241018,东城,东直门,101121068682,万国城MOMA 东向三居 户型方正有180度圆弧落地窗,1920万,121297元/平,中楼层 (共25层) 3室2厅 | 158.29平米 | 东,https://ke-image.ljcdn.com/110000-inspection/5b64b06d-3d9f-4c23-8f69-50a1d989d64a_1000.jpg!m_fill,w_280,h_210,f_jpg?from=ke.com
20241018,东城,东直门,101121067483,东城区西中街满五年唯一有钥匙随时可看房主自荐,605万,96170元/平,底层 (共6层) 2室1厅 | 62.91平米 | 南 北,https://ke-image.ljcdn.com/110000-inspection/pc1_EnGPI21LG.jpg!m_fill,w_280,h_210,f_jpg?from=ke.com
20241018,东城,东直门,101120931694,新源西里社区  东南朝向2居室  满五年唯一 高层无遮挡房主自荐,500万,77701元/平,顶层 (共14层) 2室1厅 | 64.35平米 | 东南,https://ke-image.ljcdn.com/110000-inspection/pc1_3t4leb0WF_2.jpg!m_fill,w_280,h_210,f_jpg?from=ke.com
20241018,东城,东直门,101120923561,东城区 东直门东方银座 70年产权,930万,72594元/平,高楼层 (共26层) | 2003年 | 2室1厅 | 128.11平米 | 北,https://ke-image.ljcdn.com/110000-inspection/14a0ba27-659b-42bf-a943-ccf0886e7e88_1000.jpg!m_fill,w_280,h_210,f_jpg?from=ke.com
20241018,东城,东直门,101120744408,东城区东直门2003年商品房东方银座南向两居,1100万,102374元/平,中楼层 (共25层) | 2003年 | 2室1厅 | 107.45平米 | 南,https://ke-image.ljcdn.com/110000-inspection/0e634393-bb9e-4b4b-b53c-87ef76e94750_1000.jpg!m_fill,w_280,h_210,f_jpg?from=ke.com
20241018,东城,东直门,101120694318,万国城 全新装修高层跃层南北通透房主自荐,3900万,123838元/平,顶层 (共26层) 4室2厅 | 314.93平米 | 南 北,https://ke-image.ljcdn.com/110000-inspection/2d2a44b1-a6e6-428b-b655-833c6671a53e_1000.jpg!m_fill,w_280,h_210,f_jpg?from=ke.com
20241018,东城,东直门,101120651787,海运仓 5层复式 南北通透 东直门 二环内 看房随时,880万,108790元/平,高楼层 (共6层) 3室1厅 | 80.89平米 | 南 北,https://ke-image.ljcdn.com/110000-inspection/bf4ac75b-e116-4831-9423-c1a5a8c54df3_1000.jpg!m_fill,w_280,h_210,f_jpg?from=ke.com
20241018,东城,东直门,101120302011,98年板楼满五唯一南北三居面积78平。实得面积107平米,888万,112791元/平,顶层 (共6层) 3室1厅 | 78.73平米 | 南 北,https://ke-image.ljcdn.com/110000-inspection/d217de3e-1b17-4341-93d2-52cc12e479bf_1000.jpg!m_fill,w_280,h_210,f_jpg?from=ke.com
20241018,东城,东直门,101120283460,当代万国城MOMA四期南北通透恒温恒湿科技住宅,3749万,108413元/平,低楼层 (共3层) 4室1厅 | 345.81平米 | 南 北,https://ke-image.ljcdn.com/110000-inspection/33d84de3-4ab1-4d3c-9eec-cb4a46b4ee69_1000.jpg!m_fill,w_280,h_210,f_jpg?from=ke.com
20241018,东城,东直门,101120027148,北新桥二条 一间东房  随时交易,205万,211341元/平,底层 (共1层) 1室0厅 | 9.7平米 | 西,https://ke-image.ljcdn.com/110000-inspection/453427c4-a098-4b6b-9c3d-3af44aa2b135_1000.jpg!m_fill,w_280,h_210,f_jpg?from=ke.com
20241018,东城,东直门,101119938071,东城区 东直门外 胡家园小区 高层东南一居室房主自荐,369万,95969元/平,高楼层 (共20层) 1室1厅 | 38.45平米 | 东南,https://ke-image.ljcdn.com/110000-inspection/f79497e4-d298-445c-afe3-17232c85eb92_1000.jpg!m_fill,w_280,h_210,f_jpg?from=ke.com
20241018,东城,东直门,101119531214,十字坡西里 南北通透两居室花园社区,599万,106056元/平,顶层 (共5层) 2室1厅 | 56.48平米 | 南 北,https://ke-image.ljcdn.com/110000-inspection/pc1_PngmnfIUc.jpg!m_fill,w_280,h_210,f_jpg?from=ke.com
20241018,东城,东直门,101119315274,东直门  东中街  南北两居室 2厅,498万,65475元/平,地下室 (共6层) 2室1厅 | 76.06平米 | 南 北,https://ke-image.ljcdn.com/110000-inspection/b78400a2-7dfa-4784-a38e-98ebbf0f0e45_1000.jpg!m_fill,w_280,h_210,f_jpg?from=ke.com
20241018,东城,东直门,101118197066,东方银座 2室1厅 北,1200万,81979元/平,顶层 (共26层) | 2003年 | 2室1厅 | 146.38平米 | 北,https://ke-image.ljcdn.com/110000-inspection/pc1_llL1ZIKYz_1.jpg!m_fill,w_280,h_210,f_jpg?from=ke.com
20241018,东城,东直门,101118066469,东直门 东城区 东中街 南北3居室  户型方正,490万,52067元/平,地下室 (共6层) 3室2厅 | 94.11平米 | 南 北,https://ke-image.ljcdn.com/110000-inspection/pc1_M5ZnV47TS.jpg!m_fill,w_280,h_210,f_jpg?from=ke.com
20241018,东城,东直门,101117652255,万国城二期 恒温恒湿 南北通透三居  有钥匙随时看,2800万,110835元/平,低楼层 (共26层) | 2005年 | 3室2厅 | 252.63平米 | 南 北,https://ke-image.ljcdn.com/110000-inspection/05502a6b-0da8-468d-a576-1857e459694b_1000.jpg!m_fill,w_280,h_210,f_jpg?from=ke.com
20241018,东城,东直门,101117544198,海运仓采光充足 闹中取静 视野宽阔 配套齐全,900万,115105元/平,高楼层 (共7层) 3室2厅 | 78.19平米 | 南 北,https://ke-image.ljcdn.com/110000-inspection/pc1_c21UPeeIR.jpg!m_fill,w_280,h_210,f_jpg?from=ke.com
20241018,东城,东直门,101117540610,随时签约东城区东直门高力国际物业管理好,2450万,124619元/平,中楼层 (共32层) | 2002年 | 3室2厅 | 196.6平米 | 西北,https://ke-image.ljcdn.com/110000-inspection/pc1_B27nNuPoI_1.jpg!m_fill,w_280,h_210,f_jpg?from=ke.com
20241018,东城,东直门,101116443978,二环内 东城区  南北通透两居 板楼无遮挡 视野开阔,800万,108696元/平,低楼层 (共6层) 2室1厅 | 73.6平米 | 南 北,https://ke-image.ljcdn.com/110000-inspection/pc1_OvduoZUNi_1.jpg!m_fill,w_280,h_210,f_jpg?from=ke.com
20241018,东城,东直门,101127125707,东直门内北小街16号 3室1厅 东 西,768万,79200元/平,低楼层 (共10层) 3室1厅 | 96.97平米 | 东 西,https://s1.ljcdn.com/pegasus/redskull/images/common/default_house_list.png?_v=202410161653269
20241018,东城,东直门,101127114017,北官厅胡同小区 电梯直达 诚意出售 看房方便新上,850万,119584元/平,低楼层 (共16层) 3室1厅 | 71.08平米 | 东 北,https://s1.ljcdn.com/pegasus/redskull/images/common/default_house_list.png?_v=202410161653269
20241018,东城,东直门,101127073571,新源西里中街 1室1厅 南新上,260万,77985元/平,底层 (共5层) 1室1厅 | 33.34平米 | 南,https://s1.ljcdn.com/pegasus/redskull/images/common/default_house_list.png?_v=202410161653269
20241018,东城,东直门,101127046766,元嘉国际公寓70年产权东向视野无遮挡新上,460万,88275元/平,中楼层 (共10层) 1室0厅 | 52.11平米 | 东 北,https://s1.ljcdn.com/pegasus/redskull/images/common/default_house_list.png?_v=202410161653269
20241018,东城,东直门,101127010893,后永康胡同6号院 2室1厅 南新上,650万,125848元/平,中楼层 (共5层) 2室1厅 | 51.65平米 | 南,https://s1.ljcdn.com/pegasus/redskull/images/common/default_house_list.png?_v=202410161653269
20241018,东城,东直门,101127005901,安定门东大街 东西向大两居 满五年新上,850万,97321元/平,中楼层 (共17层) 2室1厅 | 87.34平米 | 东 西,https://s1.ljcdn.com/pegasus/redskull/images/common/default_house_list.png?_v=202410161653269
20241018,东城,东直门,101126988243,万国城MOMA 1室1厅 东新上,1000万,100201元/平,中楼层 (共24层) | 2007年 | 1室1厅 | 99.8平米 | 东,https://s1.ljcdn.com/pegasus/redskull/images/common/default_house_list.png?_v=202410161653269
20241018,东城,东直门,101126974752,楼层好上下楼方便位置不错景山北,645万,85875元/平,中楼层 (共11层) 2室1厅 | 75.11平米 | 东 西,https://s1.ljcdn.com/pegasus/redskull/images/common/default_house_list.png?_v=202410161653269
20241018,东城,东直门,101126938861,海运仓小区 1室1厅 南 北,620万,105032元/平,中楼层 (共9层) 1室1厅 | 59.03平米 | 南 北,https://s1.ljcdn.com/pegasus/redskull/images/common/default_house_list.png?_v=202410161653269
20241018,东城,东直门,101126932558,东城东直门电梯两居室满五年通透两居室近地铁,520万,93291元/平,中楼层 (共12层) 2室1厅 | 55.74平米 | 东 西,https://s1.ljcdn.com/pegasus/redskull/images/common/default_house_list.png?_v=202410161653269
20241018,东城,东直门,101126892763,东城区东直门次新房融创物业管理好,5200万,192557元/平,中楼层 (共19层) 4室2厅 | 270.05平米 | 东 南 北,https://s1.ljcdn.com/pegasus/redskull/images/common/default_house_list.png?_v=202410161653269
20241018,东城,东直门,101126873834,民安小区东直门内北小街带电梯无遮挡南北三居,1080万,109590元/平,中楼层 (共14层) 3室1厅 | 98.55平米 | 南 北,https://s1.ljcdn.com/pegasus/redskull/images/common/default_house_list.png?_v=202410161653269
20241018,东城,东直门,101126871500,民安小区东直门内北小街朝东无遮挡带电梯两居,750万,97088元/平,中楼层 (共16层) 2室1厅 | 77.25平米 | 东,https://s1.ljcdn.com/pegasus/redskull/images/common/default_house_list.png?_v=202410161653269
20241018,东城,东直门,101126865380,大区主推房源 东直门南大街 精装修带电梯两居室,590万,84832元/平,高楼层 (共18层) 2室1厅 | 69.55平米 | 西北,https://s1.ljcdn.com/pegasus/redskull/images/common/default_house_list.png?_v=202410161653269
20241018,东城,东直门,101126855320,东城区 东直门 2004年 住宅 民水民电有燃气,1460万,69376元/平,中楼层 (共27层) 3室1厅 | 210.45平米 | 西 北,https://s1.ljcdn.com/pegasus/redskull/images/common/default_house_list.png?_v=202410161653269
20241018,东城,东直门,101126842258,东城区东直门次新房融创物业管理好,4000万,168613元/平,高楼层 (共19层) 3室2厅 | 237.23平米 | 南 北,https://s1.ljcdn.com/pegasus/redskull/images/common/default_house_list.png?_v=202410161653269
20241018,东城,东直门,101126828379,海运仓小区 3室1厅 东 西,838万,106278元/平,中楼层 (共5层) 3室1厅 | 78.85平米 | 东 西,https://s1.ljcdn.com/pegasus/redskull/images/common/default_house_list.png?_v=202410161653269
20241018,东城,东直门,101126818834,东城区 东直门 带电梯 3居室 明厨明卫,760万,94705元/平,低楼层 (共18层) 3室1厅 | 80.25平米 | 南 北,https://s1.ljcdn.com/pegasus/redskull/images/common/default_house_list.png?_v=202410161653269
20241018,东城,东直门,101126805360,东城区 东直门 2居室 带电梯 小区有环境,460万,88804元/平,低楼层 (共12层) 2室1厅 | 51.8平米 | 东,https://s1.ljcdn.com/pegasus/redskull/images/common/default_house_list.png?_v=202410161653269
20241018,东城,东直门,101126761941,东城区  东直门  1996年建 板楼  南北通风,499万,79320元/平,高楼层 (共6层) 2室1厅 | 62.91平米 | 南 北,https://s1.ljcdn.com/pegasus/redskull/images/common/default_house_list.png?_v=202410161653269
20241018,东城,东直门,101126724245,东直门外小街8号院 南北 两居室 无遮挡 高层,535万,84666元/平,顶层 (共6层) 2室1厅 | 63.19平米 | 南 北,https://s1.ljcdn.com/pegasus/redskull/images/common/default_house_list.png?_v=202410161653269
20241018,东城,东直门,101126678954,新中西里 南向经典一居室 小区中间位置 安静无打扰,480万,125327元/平,顶层 (共5层) 1室1厅 | 38.3平米 | 南,https://s1.ljcdn.com/pegasus/redskull/images/common/default_house_list.png?_v=202410161653269
20241018,东城,东直门,101126628724,北官厅胡同 2室1厅 东南,540万,99890元/平,顶层 (共6层) 2室1厅 | 54.06平米 | 东南,https://s1.ljcdn.com/pegasus/redskull/images/common/default_house_list.png?_v=202410161653269
20241018,东城,东直门,101126612699,万国城MOMA 1室1厅 东,1088万,107235元/平,高楼层 (共22层) | 2007年 | 1室1厅 | 101.46平米 | 东,https://s1.ljcdn.com/pegasus/redskull/images/common/default_house_list.png?_v=202410161653269
20241018,东城,东直门,101126578814,华冠丽景 2室2厅 南 北,1480万,124811元/平,中楼层 (共7层) 2室2厅 | 118.58平米 | 南 北,https://s1.ljcdn.com/pegasus/redskull/images/common/default_house_list.png?_v=202410161653269
20241018,东城,东直门,101126554515,满五唯一   精装修   随时可以签约  无抵押,750万,99881元/平,中楼层 (共11层) 2室1厅 | 75.09平米 | 东 西,https://s1.ljcdn.com/pegasus/redskull/images/common/default_house_list.png?_v=202410161653269
20241018,东城,东直门,101126497277,东城区 万国城MOMA 品质社区 高层两居室,1580万,127791元/平,中楼层 (共26层) 2室1厅 | 123.64平米 | 东,https://s1.ljcdn.com/pegasus/redskull/images/common/default_house_list.png?_v=202410161653269
20241018,东城,东直门,101126419758,新上低楼层客厅朝南两居室急售！,695万,97695元/平,底层 (共7层) 2室1厅 | 71.14平米 | 南 北,https://s1.ljcdn.com/pegasus/redskull/images/common/default_house_list.png?_v=202410161653269
20241018,东城,东直门,101126403085,东城区东直门次新房融创物业管理好,4000万,168613元/平,中楼层 (共19层) 3室2厅 | 237.23平米 | 南 北,https://s1.ljcdn.com/pegasus/redskull/images/common/default_house_list.png?_v=202410161653269
20241018,东城,东直门,101126339838,华冠丽景嘉园  前后无遮挡  带电梯  户型好,2300万,158698元/平,中楼层 (共8层) | 2003年 | 3室2厅 | 144.93平米 | 南 北,https://s1.ljcdn.com/pegasus/redskull/images/common/default_house_list.png?_v=202410161653269
20241018,东城,东直门,101126305970,北官厅胡同小区 中高层 无遮挡 采光阳光充足,459万,119781元/平,高楼层 (共6层) 1室1厅 | 38.32平米 | 南,https://s1.ljcdn.com/pegasus/redskull/images/common/default_house_list.png?_v=202410161653269
20241018,东城,东直门,101126257605,东城二环内东直门内南北通透格局好 楼龄新,799万,107076元/平,高楼层 (共12层) 2室1厅 | 74.62平米 | 南 北,https://s1.ljcdn.com/pegasus/redskull/images/common/default_house_list.png?_v=202410161653269
20241018,东城,东直门,101126126245,东城区二环内 商品房华冠丽景  电梯洋房 南北向,1880万,123929元/平,低楼层 (共8层) 3室2厅 | 151.7平米 | 南 北,https://s1.ljcdn.com/pegasus/redskull/images/common/default_house_list.png?_v=202410161653269
20241018,东城,东直门,101125819086,东直门南大街正规三居室 高楼层,700万,95878元/平,顶层 (共18层) 3室1厅 | 73.01平米 | 西南,https://s1.ljcdn.com/pegasus/redskull/images/common/default_house_list.png?_v=202410161653269
20241018,东城,东直门,101125801133,无浪费面积 满五唯一楼层高视野好,610万,94165元/平,中楼层 (共12层) 2室1厅 | 64.78平米 | 南 北,https://s1.ljcdn.com/pegasus/redskull/images/common/default_house_list.png?_v=202410161653269
20241018,东城,东直门,101125784406,华冠丽景商品房社区南北通透板楼一梯两户带电梯,1500万,126497元/平,中楼层 (共7层) 2室2厅 | 118.58平米 | 南 北,https://s1.ljcdn.com/pegasus/redskull/images/common/default_house_list.png?_v=202410161653269
20241018,东城,东直门,101125358969,东直门 海运仓小区  电梯直达 三居室 无遮挡,980万,110798元/平,中楼层 (共23层) 3室1厅 | 88.45平米 | 东南 北,https://s1.ljcdn.com/pegasus/redskull/images/common/default_house_list.png?_v=202410161653269
20241018,东城,东直门,101124324158,朝南一居室 诚意出售  小区环境好,400万,103493元/平,顶层 (共6层) 1室1厅 | 38.65平米 | 南,https://s1.ljcdn.com/pegasus/redskull/images/common/default_house_list.png?_v=202410161653269
20241018,东城,东直门,101123782391,新源西里社区  诚意出售 价格可谈,425万,62666元/平,中楼层 (共14层) | 1983年 | 3室1厅 | 67.82平米 | 西 北,https://s1.ljcdn.com/pegasus/redskull/images/common/default_house_list.png?_v=202410161653269
20241018,东城,东直门,101123270653,东城区 东直门 宇飞大厦 东南向,380万,61123元/平,中楼层 (共15层) | 2009年 | 2室1厅 | 62.17平米 | 东,https://s1.ljcdn.com/pegasus/redskull/images/common/default_house_list.png?_v=202410161653269
20241018,东城,东直门,101123261492,宇飞大厦高楼层视野好交通便利配套齐全,320万,54311元/平,高楼层 (共15层) | 2009年 | 2室1厅 | 58.92平米 | 东南,https://s1.ljcdn.com/pegasus/redskull/images/common/default_house_list.png?_v=202410161653269
20241018,东城,东直门,101123182628,东城 东直门 宇飞大厦 复式房,320万,59194元/平,中楼层 (共15层) | 2009年 | 2室1厅 | 54.06平米 | 西,https://s1.ljcdn.com/pegasus/redskull/images/common/default_house_list.png?_v=202410161653269
20241018,东城,东直门,101123125554,东直门北大街 三居室 有电梯 视野开阔,678万,88052元/平,顶层 (共12层) 3室1厅 | 77平米 | 东,https://s1.ljcdn.com/pegasus/redskull/images/common/default_house_list.png?_v=202410161653269
20241018,东城,东直门,101121373588,东城二环边 万国城MOMA 商办可以注册有车位,374万,47253元/平,底层 (共2层) 2室1厅 | 79.15平米 | 北,https://s1.ljcdn.com/pegasus/redskull/images/common/default_house_list.png?_v=202410161653269
20241018,东城,东直门,101121320650,宇飞大厦高租金诚意出售地段好,299万,46844元/平,中楼层 (共15层) | 2009年 | 1室0厅 | 63.83平米 | 东,https://s1.ljcdn.com/pegasus/redskull/images/common/default_house_list.png?_v=202410161653269
20241018,东城,东直门,101118242704,东城 东直门 万国城MOMA,500万,45041元/平,底层 (共2层) 1室1厅 | 111.01平米 | 北,https://s1.ljcdn.com/pegasus/redskull/images/common/default_house_list.png?_v=202410161653269
20241018,东城,东直门,101117909659,东直门 地铁沿线  复式  只交契税,380万,61123元/平,中楼层 (共15层) | 2009年 | 2室1厅 | 62.17平米 | 东南,https://s1.ljcdn.com/pegasus/redskull/images/common/default_house_list.png?_v=202410161653269
20241018,东城,东直门,101116901066,胡家园小区 临近亮马河 东城示范小区,909万,112140元/平,顶层 (共20层) 3室1厅 | 81.06平米 | 东南 北,https://s1.ljcdn.com/pegasus/redskull/images/common/default_house_list.png?_v=202410161653269
20241018,东城,东直门,101108041279,东直门 万国城 恒湿恒温 商办 可以注册 朝南 采光好,496万,45071元/平,底层 (共2层) | 2007年 | 2室1厅 | 110.05平米 | 南,https://s1.ljcdn.com/pegasus/redskull/images/common/default_house_list.png?_v=202410161653269
