20241025,丰台,刘家窑,101127167797,石榴园北里小区  一层精装修 近地铁 看房随时必看好房,260万,45921元/平,底层 (共6层) | 1993年 | 2室1厅 | 56.62平米 | 东 西,https://ke-image.ljcdn.com/110000-inspection/878ee2a2-f551-4ee9-a3a5-11dfc0bde39d_1000.jpg!m_fill,w_280,h_210,f_jpg?from=ke.com
20241025,丰台,刘家窑,101127101010,南三环满五唯一南北通透中间层不临街必看好房,235万,40144元/平,中楼层 (共6层) 2室1厅 | 58.54平米 | 南 北,https://ke-image.ljcdn.com/110000-inspection/215bb7eb-65b2-42d2-8e84-24b8431634e4_1000.jpg!m_fill,w_280,h_210,f_jpg?from=ke.com
20241025,丰台,刘家窑,101127072639,南三环 2010年建成 5号线10号亦庄线三轨交汇必看好房,360万,51926元/平,顶层 (共29层) | 2010年 | 2室1厅 | 69.33平米 | 南,https://ke-image.ljcdn.com/110000-inspection/282e911c-bffb-4ef9-b6b4-19acf9dcac66_1000.jpg!m_fill,w_280,h_210,f_jpg?from=ke.com
20241025,丰台,刘家窑,101127057367,石榴园北里优质 南北朝向两居室。必看好房,260万,41468元/平,中楼层 (共6层) | 1993年 | 2室1厅 | 62.7平米 | 南 北,https://ke-image.ljcdn.com/110000-inspection/7990a325-58e9-460f-9977-f8d12d849daa_1000.jpg!m_fill,w_280,h_210,f_jpg?from=ke.com
20241025,丰台,刘家窑,101126988004,南三环中路 业主诚心出售 产权清晰必看好房,380万,47739元/平,中楼层 (共16层) | 2004年 | 2室2厅 | 79.6平米 | 南 北,https://ke-image.ljcdn.com/110000-inspection/0c4282c1-31e0-4c27-a225-f9a872243222_1000.jpg!m_fill,w_280,h_210,f_jpg?from=ke.com
20241025,丰台,刘家窑,101127078865,满五年唯一西南两居室区域主推采光通风好,510万,73839元/平,高楼层 (共6层) | 2005年 | 2室1厅 | 69.07平米 | 西南,https://ke-image.ljcdn.com/110000-inspection/782e4528-2105-4f2d-9689-8528d0a5b4f6_1000.jpg!m_fill,w_280,h_210,f_jpg?from=ke.com
20241025,丰台,刘家窑,101126960887,石榴园北里小区  精装修 拎包入住 双地铁 中间层必看好房,270万,44372元/平,中楼层 (共6层) 2室1厅 | 60.85平米 | 南 北,https://ke-image.ljcdn.com/110000-inspection/pc1_7SJ6al0CZ_2.jpg!m_fill,w_280,h_210,f_jpg?from=ke.com
20241025,丰台,刘家窑,101126946523,刘家窑 南北两居室 满五 看房方便必看好房,299万,43096元/平,中楼层 (共13层) | 1999年 | 2室1厅 | 69.38平米 | 南 北,https://ke-image.ljcdn.com/110000-inspection/b7acfa99-772a-472e-af04-83d1300b03f1_1000.jpg!m_fill,w_280,h_210,f_jpg?from=ke.com
20241025,丰台,刘家窑,101126812174,南三环赵公口石榴园北里南向一居采光好必看好房,169万,33446元/平,顶层 (共6层) | 1996年 | 1室1厅 | 50.53平米 | 南,https://ke-image.ljcdn.com/110000-inspection/d4c75348-07a7-4267-a510-ebcdf1dd302e_1000.jpg!m_fill,w_280,h_210,f_jpg?from=ke.com
20241025,丰台,刘家窑,101126784246,宋家庄家园三区东南朝向一居室出售必看好房,256万,49796元/平,中楼层 (共29层) | 2011年 | 1室1厅 | 51.41平米 | 东南,https://ke-image.ljcdn.com/110000-inspection/78fd485f-a679-488f-b0da-c772b2e31cd6_1000.jpg!m_fill,w_280,h_210,f_jpg?from=ke.com
20241025,丰台,刘家窑,101126729129,贾家花园的一居室南北通透采光好户型方正必看好房,199万,35619元/平,底层 (共6层) 1室1厅 | 55.87平米 | 南 北,https://ke-image.ljcdn.com/110000-inspection/0314136e-ee11-4975-b529-ea8c940a7c71_1000.jpg!m_fill,w_280,h_210,f_jpg?from=ke.com
20241025,丰台,刘家窑,101126668889,石榴园北里小区南三环生活方便中间楼层诚意出售必看好房,259万,41620元/平,中楼层 (共6层) 2室1厅 | 62.23平米 | 南 北,https://ke-image.ljcdn.com/110000-inspection/c058f10b-3817-4802-9550-3f88e8a6401f_1000.jpg!m_fill,w_280,h_210,f_jpg?from=ke.com
20241025,丰台,刘家窑,101126628987,南三环赵公口 石榴园北里南北通透的两居满五唯一必看好房,248万,41942元/平,高楼层 (共6层) 2室1厅 | 59.13平米 | 南 北,https://ke-image.ljcdn.com/110000-inspection/pc1_H5iQRI7fC_1.jpg!m_fill,w_280,h_210,f_jpg?from=ke.com
20241025,丰台,刘家窑,101126614904,商圈必看南三环楼龄新石榴园南里中间层南北不临街必看好房,279万,46261元/平,中楼层 (共6层) 2室1厅 | 60.31平米 | 南 北,https://ke-image.ljcdn.com/110000-inspection/fd9b62a0-5fc4-40e4-af6c-c730831ee727_1000.jpg!m_fill,w_280,h_210,f_jpg?from=ke.com
20241025,丰台,刘家窑,101126378482,南三环 刘家窑 石榴园带电梯一居室 满五年唯一必看好房,228万,44393元/平,中楼层 (共9层) | 1997年 | 1室1厅 | 51.36平米 | 南 北,https://ke-image.ljcdn.com/110000-inspection/82eb31c0-fe68-488a-a3e2-d624632765fe_1000.jpg!m_fill,w_280,h_210,f_jpg?from=ke.com
20241025,丰台,刘家窑,101126133859,建邦华府 双朝南的两居 中间楼层 采光好必看好房,596万,63970元/平,中楼层 (共13层) | 2010年 | 2室1厅 | 93.17平米 | 南,https://ke-image.ljcdn.com/110000-inspection/5cbbea52-c014-4eec-a73a-402eee033443_1000.jpg!m_fill,w_280,h_210,f_jpg?from=ke.com
20241025,丰台,刘家窑,101125747005,南三环东路5号线刘家窑地铁带电梯必看好房,199万,37548元/平,中楼层 (共12层) | 1992年 | 1室1厅 | 53平米 | 东,https://ke-image.ljcdn.com/110000-inspection/bc3488ba-9e36-44c3-8fa4-872327024b30_1000.jpg!m_fill,w_280,h_210,f_jpg?from=ke.com
20241025,丰台,刘家窑,101125534579,石榴园北里 满五唯一 精装两居 南北通透 拎包入住必看好房,259万,44266元/平,中楼层 (共6层) 2室1厅 | 58.51平米 | 南 北,https://ke-image.ljcdn.com/110000-inspection/pc1_ShswbzJHT_1.jpg!m_fill,w_280,h_210,f_jpg?from=ke.com
20241025,丰台,刘家窑,101125344548,宋家庄三轨交汇业主自住精装修无遮挡随时签必看好房,370万,54597元/平,高楼层 (共29层) | 2011年 | 2室1厅 | 67.77平米 | 西南,https://ke-image.ljcdn.com/110000-inspection/623a87b3-d130-4915-a657-de29bdf14bb1_1000.jpg!m_fill,w_280,h_210,f_jpg?from=ke.com
20241025,丰台,刘家窑,101124958944,楼龄新带电梯南三环宋家庄石榴园地铁楼必看好房,315万,44038元/平,中楼层 (共18层) | 1995年 | 2室1厅 | 71.53平米 | 南 西,https://ke-image.ljcdn.com/110000-inspection/0d383ebd-c3a5-49b0-831a-a914c773cd6c_1000.jpg!m_fill,w_280,h_210,f_jpg?from=ke.com
20241025,丰台,刘家窑,101124901296,好房可看2013年正规2居户型好用楼层高采光好,458万,51375元/平,中楼层 (共14层) | 2013年 | 2室1厅 | 89.15平米 | 东 西 北,https://ke-image.ljcdn.com/110000-inspection/e0147001-dc7f-4efb-9bd7-9eb676d0ca3b_1000.jpg!m_fill,w_280,h_210,f_jpg?from=ke.com
20241025,丰台,刘家窑,101124789597,满五年唯一商品房 户型方正 视野开阔 楼下地铁口,230万,63118元/平,中楼层 (共12层) | 2004年 | 1室0厅 | 36.44平米 | 东,https://ke-image.ljcdn.com/110000-inspection/4f801920-c39f-4b7f-ab76-3dde2a221681_1000.jpg!m_fill,w_280,h_210,f_jpg?from=ke.com
20241025,丰台,刘家窑,101124360368,石榴园南里小区/南北通透/满五年唯一必看好房,268万,44779元/平,中楼层 (共6层) 2室1厅 | 59.85平米 | 南 北,https://ke-image.ljcdn.com/110000-inspection/169dd39e-539a-42f2-a596-dd15fa69fc65_1000.jpg!m_fill,w_280,h_210,f_jpg?from=ke.com
20241025,丰台,刘家窑,101124140392,宋家庄交通枢纽站生活便利小区适合居住,515万,60489元/平,低楼层 (共29层) | 2017年 | 2室1厅 | 85.14平米 | 南,https://ke-image.ljcdn.com/110000-inspection/pc1_YcOlUGNTq.jpg!m_fill,w_280,h_210,f_jpg?from=ke.com
20241025,丰台,刘家窑,101124040626,宋家庄2013年小区 南北三居室 双卫 看房随时房主自荐,628万,52426元/平,低楼层 (共18层) 3室1厅 | 119.79平米 | 南 北,https://ke-image.ljcdn.com/110000-inspection/88805fb9-cf84-40b6-91cb-ef5b3c3013f7_1000.jpg!m_fill,w_280,h_210,f_jpg?from=ke.com
20241025,丰台,刘家窑,101123784720,宋家庄两居室 2013年小区 国资委家属楼,440万,51283元/平,高楼层 (共16层) | 2013年 | 2室1厅 | 85.8平米 | 西,https://ke-image.ljcdn.com/110000-inspection/pc1_4DDCDOlqC_1.jpg!m_fill,w_280,h_210,f_jpg?from=ke.com
20241025,丰台,刘家窑,101123703466,南三环两居室 2006年小区 看房方便,360万,39328元/平,高楼层 (共17层) | 2006年 | 2室1厅 | 91.54平米 | 西,https://ke-image.ljcdn.com/110000-inspection/pc1_B9YqUFCkf.jpg!m_fill,w_280,h_210,f_jpg?from=ke.com
20241025,丰台,刘家窑,101123302960,石榴园南里 东西通透 价格低  户型好必看好房,199万,31719元/平,顶层 (共6层) | 1998年 | 2室1厅 | 62.74平米 | 西 东,https://ke-image.ljcdn.com/110000-inspection/edb8d381-5ce9-4459-985b-68ae2af2f042_1000.jpg!m_fill,w_280,h_210,f_jpg?from=ke.com
20241025,丰台,刘家窑,101123256255,总监推荐 石榴园北里带电梯一居 东向 楼层好 采光好必看好房,189万,37530元/平,高楼层 (共9层) | 1995年 | 1室1厅 | 50.36平米 | 东,https://ke-image.ljcdn.com/110000-inspection/df7ad682-5562-4c9e-8298-f08f35867461_1000.jpg!m_fill,w_280,h_210,f_jpg?from=ke.com
20241025,丰台,刘家窑,101123014569,石榴园南里小区宋家庄南三环总监推荐赵公口必看好房,235万,39476元/平,高楼层 (共6层) 2室1厅 | 59.53平米 | 南 北,https://ke-image.ljcdn.com/110000-inspection/825f3cde-8823-43cf-a296-f3c6e2ad6037_1000.jpg!m_fill,w_280,h_210,f_jpg?from=ke.com
20241025,丰台,刘家窑,101122079689,榴景秀苑 全南向两居室  采光棒满五唯一 2018年交房,530万,62251元/平,中楼层 (共29层) | 2017年 | 3室1厅 | 85.14平米 | 南,https://ke-image.ljcdn.com/110000-inspection/2718157c-698c-499c-af28-4582b0431c12_1000.jpg!m_fill,w_280,h_210,f_jpg?from=ke.com
20241025,丰台,刘家窑,101121527111,石榴园 楼龄新三居室 满五唯一商品房 经理推荐必看好房,315万,45666元/平,中楼层 (共6层) | 2000年 | 3室1厅 | 68.98平米 | 南 北 东,https://ke-image.ljcdn.com/110000-inspection/21a60b84-0130-411b-b83d-66a51c021884_1000.jpg!m_fill,w_280,h_210,f_jpg?from=ke.com
20241025,丰台,刘家窑,101121284659,刘家窑5号线同仁堂单位两居室带电梯,370万,46170元/平,低楼层 (共25层) 2室1厅 | 80.14平米 | 西南,https://ke-image.ljcdn.com/110000-inspection/5b4389d7-98a3-416a-afe7-85480cde67fc_1000.jpg!m_fill,w_280,h_210,f_jpg?from=ke.com
20241025,丰台,刘家窑,101127144528,建邦华府上跃两居室  双卫格局  满五年唯一必看好房,528万,50493元/平,低楼层 (共13层) 2室1厅 | 104.57平米 | 南 北,https://ke-image.ljcdn.com/110000-inspection/4183af55-9227-43d9-b41f-8582dbb44c82_1000.jpg!m_fill,w_280,h_210,f_jpg?from=ke.com
20241025,丰台,刘家窑,101127082004,宋家庄家园三区 2室1厅 东南必看好房,349万,51136元/平,中楼层 (共29层) | 2011年 | 2室1厅 | 68.25平米 | 东南,https://ke-image.ljcdn.com/110000-inspection/5f697d6c-8d7a-4689-97ed-2ae6cfe87811_1000.jpg!m_fill,w_280,h_210,f_jpg?from=ke.com
20241025,丰台,刘家窑,101127077299,南三环 全南跃层三居室 双卫  交通方便 生活方便必看好房,419万,42764元/平,高楼层 (共16层) | 2004年 | 3室1厅 | 97.98平米 | 南,https://ke-image.ljcdn.com/110000-inspection/89f001c6-65a6-4a0f-aee0-07fd889ac942_1000.jpg!m_fill,w_280,h_210,f_jpg?from=ke.com
20241025,丰台,刘家窑,101126587205,南三环中路东南两居满五年近地铁必看好房,288万,44404元/平,高楼层 (共18层) | 1992年 | 2室1厅 | 64.86平米 | 东南,https://ke-image.ljcdn.com/110000-inspection/4177157d-3568-45aa-9fb3-3f0be6f7b1f0_1000.jpg!m_fill,w_280,h_210,f_jpg?from=ke.com
20241025,丰台,刘家窑,101126583513,满五年唯一商品房东南朝向全明格局必看好房,599万,54689元/平,高楼层 (共24层) | 2003年 | 2室1厅 | 109.53平米 | 东南,https://ke-image.ljcdn.com/110000-inspection/de7bac6c-c649-43fd-9f93-bd7d08a4cdeb_1000.jpg!m_fill,w_280,h_210,f_jpg?from=ke.com
20241025,丰台,刘家窑,101126484172,南三环 2004年商品房南北两居室交通便利诚心出售必看好房,329万,41478元/平,高楼层 (共16层) | 2004年 | 2室1厅 | 79.32平米 | 南 北,https://ke-image.ljcdn.com/110000-inspection/5a13edd9-3d8b-4ee0-b599-b333c322f07c_1000.jpg!m_fill,w_280,h_210,f_jpg?from=ke.com
20241025,丰台,刘家窑,101126479229,楼龄新  2004年商品房  南三环中路必看好房,358万,36184元/平,低楼层 (共16层) | 2004年 | 3室1厅 | 98.94平米 | 东 南 北,https://ke-image.ljcdn.com/110000-inspection/bfdeb839-7adc-4e1c-b4c5-1d3a4a2cc591_1000.jpg!m_fill,w_280,h_210,f_jpg?from=ke.com
20241025,丰台,刘家窑,101126476952,榴景秀苑 2018年交房 满五年唯一 人车分流必看好房,459万,53572元/平,高楼层 (共29层) | 2017年 | 2室1厅 | 85.68平米 | 西,https://ke-image.ljcdn.com/110000-inspection/35ed1492-54d1-44e8-9456-e67fdb35f1ed_1000.jpg!m_fill,w_280,h_210,f_jpg?from=ke.com
20241025,丰台,刘家窑,101125895261,西南方正两居室区域主推 不临街商品房社区,606万,67930元/平,低楼层 (共22层) | 2004年 | 2室2厅 | 89.21平米 | 西南,https://ke-image.ljcdn.com/110000-inspection/pc1_tZ1dGS56d.jpg!m_fill,w_280,h_210,f_jpg?from=ke.com
20241025,丰台,刘家窑,101125651230,2017年小区 满五年唯一商品房 东向不临街,510万,61335元/平,中楼层 (共29层) | 2017年 | 2室1厅 | 83.15平米 | 东,https://ke-image.ljcdn.com/110000-inspection/9f121ee3-1e65-4966-8596-95d3fa0f2974_1000.jpg!m_fill,w_280,h_210,f_jpg?from=ke.com
20241025,丰台,刘家窑,101125453755,南三环赵公口刘家窑石榴园北里南向一居采光好必看好房,209万,41362元/平,高楼层 (共6层) 1室1厅 | 50.53平米 | 南,https://ke-image.ljcdn.com/110000-inspection/92d8973c-5bc4-44b1-9039-2764326b807d_1000.jpg!m_fill,w_280,h_210,f_jpg?from=ke.com
20241025,丰台,刘家窑,101125424796,南三环刘家窑地铁满五年商品房住宅房主自荐,545万,44993元/平,中楼层 (共25层) 3室1厅 | 121.13平米 | 西南,https://ke-image.ljcdn.com/110000-inspection/pc1_v5VGxloS8_1.jpg!m_fill,w_280,h_210,f_jpg?from=ke.com
20241025,丰台,刘家窑,101125419146,刘家窑南北通透双阳台随时签约满五年唯一房主自荐,239万,40827元/平,高楼层 (共6层) 2室1厅 | 58.54平米 | 南 北,https://ke-image.ljcdn.com/110000-inspection/pc1_RZxN6vqCc_1.jpg!m_fill,w_280,h_210,f_jpg?from=ke.com
20241025,丰台,刘家窑,101125319416,格局方正户型好楼层高视野光线不错。必看好房,375万,43824元/平,高楼层 (共24层) | 2002年 | 2室1厅 | 85.57平米 | 东 北,https://ke-image.ljcdn.com/110000-inspection/pc1_KqbJGI8oJ_1.jpg!m_fill,w_280,h_210,f_jpg?from=ke.com
20241025,丰台,刘家窑,101125157387,石榴园北里宋家庄满五唯一南北通透双地铁必看好房,210万,35873元/平,顶层 (共6层) 2室1厅 | 58.54平米 | 北 南,https://ke-image.ljcdn.com/110000-inspection/72eb3af5-1b77-435b-a5f1-142b29e0d5e8_1000.jpg!m_fill,w_280,h_210,f_jpg?from=ke.com
20241025,丰台,刘家窑,101124773971,满五年唯一 全西向两居居户型方正视野开阔。,305万,37903元/平,高楼层 (共18层) | 2008年 | 2室1厅 | 80.47平米 | 西,https://ke-image.ljcdn.com/110000-inspection/pc1_EDaojJI99_1.jpg!m_fill,w_280,h_210,f_jpg?from=ke.com
20241025,丰台,刘家窑,101123790674,此房为西南向两居室满五年唯一户型采光好配套齐全必看好房,415万,50085元/平,高楼层 (共24层) | 2000年 | 2室1厅 | 82.86平米 | 西南,https://ke-image.ljcdn.com/110000-inspection/79d3f4de-e7ff-4417-99db-66cfd0f3a836_1000.jpg!m_fill,w_280,h_210,f_jpg?from=ke.com
20241025,丰台,刘家窑,101123464464,南三环东路  距离刘家窑地铁站241米 有电梯必看好房,189万,35722元/平,低楼层 (共18层) 1室1厅 | 52.91平米 | 西北,https://ke-image.ljcdn.com/110000-inspection/pc1_6U8c6HDMP_1.jpg!m_fill,w_280,h_210,f_jpg?from=ke.com
20241025,丰台,刘家窑,101122479462,刘家窑两居室 1998年小区 有电梯 看房随时,310万,47041元/平,高楼层 (共18层) 2室1厅 | 65.9平米 | 西南,https://ke-image.ljcdn.com/110000-inspection/c23bd422-ac2b-432d-81f6-3f962d3671f2_1000.jpg!m_fill,w_280,h_210,f_jpg?from=ke.com
20241025,丰台,刘家窑,101122437500,南三环刘家窑5号线 同仁园正规客厅两居 满五年房改房必看好房,288万,44818元/平,底层 (共7层) 2室1厅 | 64.26平米 | 东 西,https://ke-image.ljcdn.com/110000-inspection/pc1_FpQzzYEyl_1.jpg!m_fill,w_280,h_210,f_jpg?from=ke.com
20241025,丰台,刘家窑,101126744243,鲁能钓鱼台美高梅公馆 2室1厅 南,239万,38674元/平,高楼层 (共18层) 2室1厅 | 61.8平米 | 南,https://s1.ljcdn.com/pegasus/redskull/images/common/default_house_list.png?_v=202410161653269
20241025,丰台,刘家窑,101126744121,鲁能钓鱼台美高梅公馆 2室1厅 南,239万,38674元/平,低楼层 (共18层) 2室1厅 | 61.8平米 | 南,https://s1.ljcdn.com/pegasus/redskull/images/common/default_house_list.png?_v=202410161653269
20241025,丰台,刘家窑,101126744037,鲁能钓鱼台美高梅公馆 1室1厅 南,189万,40428元/平,低楼层 (共18层) 1室1厅 | 46.75平米 | 南,https://s1.ljcdn.com/pegasus/redskull/images/common/default_house_list.png?_v=202410161653269
20241025,丰台,刘家窑,101126472555,鲁能钓鱼台美高梅公馆 美高梅 宋家庄 鲁能必看好房,245万,38951元/平,高楼层 (共18层) 3室1厅 | 62.9平米 | 南,https://s1.ljcdn.com/pegasus/redskull/images/common/default_house_list.png?_v=202410161653269
20241025,丰台,刘家窑,101127211413,石榴园南里小区 2室1厅 南 北新上,320万,50569元/平,高楼层 (共12层) 2室1厅 | 63.28平米 | 南 北,https://ke-image.ljcdn.com/110000-inspection/8eba946d-3c27-47f8-913e-11d878459133_1000.jpg!m_fill,w_280,h_210,f_jpg?from=ke.com
20241025,丰台,刘家窑,101127199855,石榴园南里电梯两居室临近十号线地铁。新上,350万,49738元/平,中楼层 (共18层) | 1995年 | 2室1厅 | 70.37平米 | 南,https://ke-image.ljcdn.com/110000-inspection/99397bc2-f463-4c15-abdf-e369120d9e5e_1000.jpg!m_fill,w_280,h_210,f_jpg?from=ke.com
20241025,丰台,刘家窑,101127196930,三环边 宋庄路43号院 南北通透三居 钢混结构新上,600万,57035元/平,高楼层 (共7层) | 2004年 | 3室2厅 | 105.2平米 | 南 北,https://ke-image.ljcdn.com/110000-inspection/pc1_TD4dUe8KZ.jpg!m_fill,w_280,h_210,f_jpg?from=ke.com
20241025,丰台,刘家窑,101127189547,石榴园南里中间楼层精装修三居室新上,310万,46207元/平,中楼层 (共6层) | 2003年 | 3室1厅 | 67.09平米 | 东 西,https://ke-image.ljcdn.com/110000-inspection/112e2112-e60e-4936-a331-4433cc1e1ad6_1000.jpg!m_fill,w_280,h_210,f_jpg?from=ke.com
20241025,丰台,刘家窑,101127184640,方南家园二期 封闭管理人车分流商品房有电梯新上,630万,47089元/平,低楼层 (共23层) | 2004年 | 3室1厅 | 133.79平米 | 东 北,https://ke-image.ljcdn.com/110000-inspection/2ab61a95-9c54-48d7-9766-0d0740581116_1000.jpg!m_fill,w_280,h_210,f_jpg?from=ke.com
20241025,丰台,刘家窑,101127167839,南三环 石榴庄地铁 精装修两居室 没有遮挡新上,265万,42238元/平,底层 (共6层) 2室1厅 | 62.74平米 | 东 西,https://ke-image.ljcdn.com/110000-inspection/883f9345-5f7e-4570-880c-50eb9195591e_1000.jpg!m_fill,w_280,h_210,f_jpg?from=ke.com
20241025,丰台,刘家窑,101127148540,石榴园南里通透两居室小区中间位置新上,260万,43676元/平,高楼层 (共6层) 2室1厅 | 59.53平米 | 东 西,https://ke-image.ljcdn.com/110000-inspection/fc01d6f7-5662-441b-a460-2cfa3bc5ef4c_1000.jpg!m_fill,w_280,h_210,f_jpg?from=ke.com
20241025,丰台,刘家窑,101127148492,同仁园 2室1厅 南 北新上,370万,53238元/平,中楼层 (共7层) 2室1厅 | 69.5平米 | 南 北,https://ke-image.ljcdn.com/110000-inspection/7c36d7b7-9632-48d0-8369-5031aac02cfe_1000.jpg!m_fill,w_280,h_210,f_jpg?from=ke.com
20241025,丰台,刘家窑,101127110167,宋家庄地铁商品房社区东南北边户中间位置新上,670万,63453元/平,顶层 (共6层) 3室1厅 | 105.59平米 | 东 南 北,https://ke-image.ljcdn.com/110000-inspection/26182b49-822d-461a-b165-3861dada1bc2_1000.jpg!m_fill,w_280,h_210,f_jpg?from=ke.com
20241025,丰台,刘家窑,101127104360,宋家庄地铁 南北通透  客厅有窗 中间楼层新上,352万,53659元/平,中楼层 (共6层) 2室1厅 | 65.6平米 | 南 北,https://ke-image.ljcdn.com/110000-inspection/pc1_r2QJJ4AID.jpg!m_fill,w_280,h_210,f_jpg?from=ke.com
20241025,丰台,刘家窑,101127076509,建邦华府 全南两居 主诚意卖 高楼层 随时签约,880万,68638元/平,高楼层 (共18层) | 2009年 | 2室1厅 | 128.21平米 | 南,https://ke-image.ljcdn.com/110000-inspection/64aab6c7-e762-4dd0-aeca-365d820fbe82_1000.jpg!m_fill,w_280,h_210,f_jpg?from=ke.com
20241025,丰台,刘家窑,101127060255,宋家庄地铁商品房社区20万精装修采光好无遮挡,410万,66776元/平,高楼层 (共12层) | 2004年 | 1室1厅 | 61.4平米 | 东,https://ke-image.ljcdn.com/110000-inspection/f03d002f-48c0-43ae-bb0f-0e19ab0f79dd_1000.jpg!m_fill,w_280,h_210,f_jpg?from=ke.com
20241025,丰台,刘家窑,101126983572,石榴园北里精装1居室 看房方便,195万,38722元/平,高楼层 (共9层) | 1995年 | 1室1厅 | 50.36平米 | 西,https://ke-image.ljcdn.com/110000-inspection/e9f8c167-ffa3-4e19-aee8-237e5ae0b919_1000.jpg!m_fill,w_280,h_210,f_jpg?from=ke.com
20241025,丰台,刘家窑,101126977564,顺四条37号院 电梯房 大客厅 通勤方便,280万,42074元/平,低楼层 (共18层) | 1998年 | 2室1厅 | 66.55平米 | 东 北,https://ke-image.ljcdn.com/110000-inspection/831e1ec4-f5f7-417c-acf7-48eb46a74a9e_1000.jpg!m_fill,w_280,h_210,f_jpg?from=ke.com
20241025,丰台,刘家窑,101126964289,建邦华府 西南三居室 满五年唯一 看房方便,899万,53701元/平,低楼层 (共18层) | 2009年 | 3室1厅 | 167.41平米 | 西南,https://ke-image.ljcdn.com/110000-inspection/27c6f447-9c16-4290-8ff6-930c06cdeb6f_1000.jpg!m_fill,w_280,h_210,f_jpg?from=ke.com
20241025,丰台,刘家窑,101126880442,南三环 石榴庄 全明格局三居室 前后不临街,299万,39693元/平,高楼层 (共6层) 3室1厅 | 75.33平米 | 西 南 北,https://ke-image.ljcdn.com/110000-inspection/432b9388-cd13-43af-8e3b-7fd5874c5496_1000.jpg!m_fill,w_280,h_210,f_jpg?from=ke.com
20241025,丰台,刘家窑,101126851139,石榴园南里 122.99平双卫大三居大阳台落地窗,600万,48785元/平,中楼层 (共6层) 3室2厅 | 122.99平米 | 北 南,https://ke-image.ljcdn.com/110000-inspection/347a7f51-8b5f-431e-98bf-3c8dedd9e256_1000.jpg!m_fill,w_280,h_210,f_jpg?from=ke.com
20241025,丰台,刘家窑,101126844095,2010年小区 东南两居室 不挡光 诚心卖,388万,56232元/平,底层 (共29层) | 2010年 | 2室1厅 | 69平米 | 东南,https://ke-image.ljcdn.com/110000-inspection/1758670d-af6c-49c1-b260-6f01862fd4bb_1000.jpg!m_fill,w_280,h_210,f_jpg?from=ke.com
20241025,丰台,刘家窑,101126842400,三环边 地铁边  便捷南北通透两居室,319万,46679元/平,低楼层 (共12层) 2室1厅 | 68.34平米 | 南 北,https://ke-image.ljcdn.com/110000-inspection/d9dcbd47-5603-4521-8198-d8ff67f8ff07_1000.jpg!m_fill,w_280,h_210,f_jpg?from=ke.com
20241025,丰台,刘家窑,101126820921,方南家园二期  南向一居室出售,380万,54575元/平,低楼层 (共23层) | 2004年 | 1室1厅 | 69.63平米 | 东南,https://ke-image.ljcdn.com/110000-inspection/066a7a39-aad5-437c-9cc2-c858fc3798aa_1000.jpg!m_fill,w_280,h_210,f_jpg?from=ke.com
20241025,丰台,刘家窑,101126820869,商品房社区方南家园二期房屋出售,530万,50583元/平,低楼层 (共23层) | 2004年 | 2室1厅 | 104.78平米 | 西南,https://ke-image.ljcdn.com/110000-inspection/770d6b9a-758c-4dd8-83d7-8e8cdc6c0466_1000.jpg!m_fill,w_280,h_210,f_jpg?from=ke.com
20241025,丰台,刘家窑,101126778709,石榴园北里小区 2室1厅 南 北,330万,49910元/平,中楼层 (共6层) 2室1厅 | 66.12平米 | 南 北,https://ke-image.ljcdn.com/110000-inspection/b8818734-9669-4686-8db2-c2dcfdd1c9ad_1000.jpg!m_fill,w_280,h_210,f_jpg?from=ke.com
20241025,丰台,刘家窑,101126773380,榴景秀苑2017年次新小区车位充足,490万,58930元/平,高楼层 (共29层) | 2017年 | 2室1厅 | 83.15平米 | 东,https://ke-image.ljcdn.com/110000-inspection/bc74ccf1-aacd-45d9-875b-3d424b17f4f3_1000.jpg!m_fill,w_280,h_210,f_jpg?from=ke.com
20241025,丰台,刘家窑,101126773252,方南家园一期 1室1厅 东 西,180万,38347元/平,顶层 (共6层) 1室1厅 | 46.94平米 | 东 西,https://ke-image.ljcdn.com/110000-inspection/5301a331-b572-4482-a43f-be491abb42b6_1000.jpg!m_fill,w_280,h_210,f_jpg?from=ke.com
20241025,丰台,刘家窑,101126769945,石榴园北里小区 3室1厅 南 北,369万,50792元/平,高楼层 (共6层) | 1994年 | 3室1厅 | 72.65平米 | 南 北,https://ke-image.ljcdn.com/110000-inspection/81e7df74-9a45-477b-be2e-21a7ef434a20_1000.jpg!m_fill,w_280,h_210,f_jpg?from=ke.com
20241025,丰台,刘家窑,101126750208,天怡晴园 南北两居室 小区新 户型好 看房方便,558万,61178元/平,低楼层 (共17层) 2室1厅 | 91.21平米 | 南 北,https://ke-image.ljcdn.com/110000-inspection/e6d17b66-cc99-444c-8c71-1d36871ffcbd_1000.jpg!m_fill,w_280,h_210,f_jpg?from=ke.com
20241025,丰台,刘家窑,101126744844,建邦华府 4室2厅 南 北,1650万,72890元/平,低楼层 (共9层) 4室2厅 | 226.37平米 | 南 北,https://ke-image.ljcdn.com/110000-inspection/878ca0ad-e374-4132-8f77-e122f1a51431_1000.jpg!m_fill,w_280,h_210,f_jpg?from=ke.com
20241025,丰台,刘家窑,101126736403,正邦嘉园一期 2室1厅 东南 北,530万,47878元/平,低楼层 (共22层) | 2001年 | 2室1厅 | 110.7平米 | 东南 北,https://ke-image.ljcdn.com/110000-inspection/c3385e6f-de0d-4a32-9fc3-875d3aa0d500_1000.jpg!m_fill,w_280,h_210,f_jpg?from=ke.com
20241025,丰台,刘家窑,101126668923,石榴园北里小区南三环宋家庄可满五唯一近地铁,260万,42270元/平,中楼层 (共6层) 2室1厅 | 61.51平米 | 南 北,https://ke-image.ljcdn.com/110000-inspection/a27346e3-9c37-49dc-9e2d-061464805ad4_1000.jpg!m_fill,w_280,h_210,f_jpg?from=ke.com
20241025,丰台,刘家窑,101126640227,榴景秀苑 满五年唯一商品房 全明户型,440万,56411元/平,中楼层 (共29层) | 2017年 | 2室1厅 | 78平米 | 东 西北,https://ke-image.ljcdn.com/110000-inspection/pc1_O67zMfuaB_1.jpg!m_fill,w_280,h_210,f_jpg?from=ke.com
20241025,丰台,刘家窑,101126619071,正邦嘉园二期 东南向三居室 高楼层,490万,42439元/平,高楼层 (共24层) | 2006年 | 3室1厅 | 115.46平米 | 南 北,https://ke-image.ljcdn.com/110000-inspection/71857b03-3f46-45e7-98a2-8b25f1dd9946_1000.jpg!m_fill,w_280,h_210,f_jpg?from=ke.com
20241025,丰台,刘家窑,101126617055,南三环赵公口刘家窑 石榴园北里带电梯的一居,195万,38722元/平,顶层 (共9层) | 1995年 | 1室1厅 | 50.36平米 | 西,https://ke-image.ljcdn.com/110000-inspection/pc1_gCegMM6Xn_1.jpg!m_fill,w_280,h_210,f_jpg?from=ke.com
20241025,丰台,刘家窑,101126578860,方南家园二期 商品房 改善两居室 品质好,530万,49925元/平,低楼层 (共23层) | 2004年 | 2室1厅 | 106.16平米 | 东南,https://ke-image.ljcdn.com/110000-inspection/pc1_9tHWtyNxp_1.jpg!m_fill,w_280,h_210,f_jpg?from=ke.com
20241025,丰台,刘家窑,101126557299,方南家园二期纯商品房社区主卧带独卫改善,530万,50718元/平,低楼层 (共23层) | 2004年 | 2室1厅 | 104.5平米 | 东南,https://ke-image.ljcdn.com/110000-inspection/2b7cec08-eb69-474b-87de-fde59c6c3a67_1000.jpg!m_fill,w_280,h_210,f_jpg?from=ke.com
20241025,丰台,刘家窑,101126544119,刘家窑南向两居室   精装修  采光好  视野开阔,399万,45984元/平,中楼层 (共18层) 2室2厅 | 86.77平米 | 南,https://ke-image.ljcdn.com/110000-inspection/99fdade6-4ad7-464f-95bf-91139c057e69_1000.jpg!m_fill,w_280,h_210,f_jpg?from=ke.com
20241025,丰台,刘家窑,101126540562,满五唯一  精装修  视野开阔  采光好,515万,60489元/平,中楼层 (共29层) 2室1厅 | 85.14平米 | 西,https://ke-image.ljcdn.com/110000-inspection/c31672d5-11ec-4cd0-9d0c-1e36f3635d9d_1000.jpg!m_fill,w_280,h_210,f_jpg?from=ke.com
20241025,丰台,刘家窑,101126539574,满五唯一商品房价格精装修看房随时,420万,46641元/平,顶层 (共24层) | 2006年 | 2室1厅 | 90.05平米 | 西北,https://ke-image.ljcdn.com/110000-inspection/pc1_TwmLNxzUT_1.jpg!m_fill,w_280,h_210,f_jpg?from=ke.com
20241025,丰台,刘家窑,101126507287,鑫兆雅园南区 2室2厅 东南,550万,60110元/平,低楼层 (共21层) 2室2厅 | 91.5平米 | 东南,https://ke-image.ljcdn.com/110000-inspection/7f3ba555-afd1-4d7e-bfee-c2d80ea29925_1000.jpg!m_fill,w_280,h_210,f_jpg?from=ke.com
20241025,丰台,刘家窑,101126486911,建邦华府 3室2厅 南 北,1290万,78358元/平,低楼层 (共9层) | 2009年 | 3室2厅 | 164.63平米 | 南 北,https://ke-image.ljcdn.com/110000-inspection/c9f0ba21-3bf5-463b-83dc-b895252bc1b6_1000.jpg!m_fill,w_280,h_210,f_jpg?from=ke.com
20241025,丰台,刘家窑,101126481828,鑫兆雅园北区 1室0厅 西,245万,71512元/平,顶层 (共12层) 1室0厅 | 34.26平米 | 西,https://ke-image.ljcdn.com/110000-inspection/cc8a5341-94cc-4631-9f01-09e2ea907650_1000.jpg!m_fill,w_280,h_210,f_jpg?from=ke.com
20241025,丰台,刘家窑,101126470111,方南家园二期 商品房 有电梯 刘家窑地铁,350万,50266元/平,高楼层 (共23层) | 2004年 | 1室1厅 | 69.63平米 | 东南,https://ke-image.ljcdn.com/110000-inspection/903ee236-dba9-4929-b4f1-4873523cdf21_1000.jpg!m_fill,w_280,h_210,f_jpg?from=ke.com
20241025,丰台,刘家窑,101126466651,建邦华府 东南3居室  正对小区不临街  诚心出售,898万,56027元/平,低楼层 (共18层) | 2009年 | 3室1厅 | 160.28平米 | 东南,https://ke-image.ljcdn.com/110000-inspection/e1a35511-7117-48c8-8ff3-527ab8642668_1000.jpg!m_fill,w_280,h_210,f_jpg?from=ke.com
20241025,丰台,刘家窑,101126446854,石榴园南里小区全明格局两居室,350万,46053元/平,顶层 (共6层) | 2001年 | 2室1厅 | 76平米 | 南 北,https://ke-image.ljcdn.com/110000-inspection/f64caf1f-8635-46aa-827b-894797305547_1000.jpg!m_fill,w_280,h_210,f_jpg?from=ke.com
20241025,丰台,刘家窑,101126408881,石榴园北里小区 精装修 中间层两居 近地铁,260万,42799元/平,中楼层 (共6层) 2室1厅 | 60.75平米 | 东 西,https://ke-image.ljcdn.com/110000-inspection/39b0217d-45ce-49c2-87b4-d19ab722036f_1000.jpg!m_fill,w_280,h_210,f_jpg?from=ke.com
20241025,丰台,刘家窑,101126393682,方南家园南北通透两居室 一层出入方便 有钥匙,336万,39161元/平,底层 (共6层) | 1996年 | 2室1厅 | 85.8平米 | 南 北,https://ke-image.ljcdn.com/110000-inspection/d0316a14-b08e-4df6-a911-c8dcb8d235e9_1000.jpg!m_fill,w_280,h_210,f_jpg?from=ke.com
20241025,丰台,刘家窑,101126373796,石榴园北里小区/中间楼层/南北通透,275万,46706元/平,中楼层 (共6层) 2室1厅 | 58.88平米 | 南 北,https://ke-image.ljcdn.com/110000-inspection/94279a83-e916-4946-a30b-08361fb57e9e_1000.jpg!m_fill,w_280,h_210,f_jpg?from=ke.com
20241025,丰台,刘家窑,101126357780,南三环必看石榴园北里精装两居低楼层南北不临街近地铁房主自荐,299万,49734元/平,低楼层 (共6层) 2室1厅 | 60.12平米 | 南 北,https://ke-image.ljcdn.com/110000-inspection/07fdd05a-6743-47ae-b5e4-66abc506de60_1000.jpg!m_fill,w_280,h_210,f_jpg?from=ke.com
20241025,丰台,刘家窑,101126354822,2010年新小区5号、10号、亦庄线三线交汇,370万,54500元/平,低楼层 (共29层) | 2011年 | 2室1厅 | 67.89平米 | 东南,https://ke-image.ljcdn.com/110000-inspection/dd8744ea-49e3-48cb-bc9b-70e3d501f136_1000.jpg!m_fill,w_280,h_210,f_jpg?from=ke.com
20241025,丰台,刘家窑,101126341645,贾家花园小区 2室1厅 南,250万,43030元/平,低楼层 (共14层) 2室1厅 | 58.1平米 | 南,https://ke-image.ljcdn.com/110000-inspection/1a57dc5f-0929-4671-b0e3-e7390be810b1_1000.jpg!m_fill,w_280,h_210,f_jpg?from=ke.com
20241025,丰台,刘家窑,101126254131,石榴园北里小区 2室1厅 南 北,298万,44752元/平,底层 (共9层) 2室1厅 | 66.59平米 | 南 北,https://ke-image.ljcdn.com/110000-inspection/cee0998b-b887-4ee6-9444-a14d5e30c984_1000.jpg!m_fill,w_280,h_210,f_jpg?from=ke.com
20241025,丰台,刘家窑,101126241359,顺四条37号院 老崇文区政府家属院,288万,43276元/平,高楼层 (共18层) 2室1厅 | 66.55平米 | 北,https://ke-image.ljcdn.com/110000-inspection/0812b733-baf1-44e5-9049-d0e57544b04a_1000.jpg!m_fill,w_280,h_210,f_jpg?from=ke.com
20241025,丰台,刘家窑,101126240498,方南家园二期 2004年商品房 封闭管理,490万,46703元/平,高楼层 (共23层) | 2004年 | 2室2厅 | 104.92平米 | 东南,https://ke-image.ljcdn.com/110000-inspection/pc1_2MEQ1gKoE_1.jpg!m_fill,w_280,h_210,f_jpg?from=ke.com
20241025,丰台,刘家窑,101126234812,观景花园环境好 新装修拎包入住 人车分流 诚意卖,326万,58392元/平,中楼层 (共23层) | 2004年 | 1室1厅 | 55.83平米 | 北,https://ke-image.ljcdn.com/110000-inspection/cc1b8303-bc1d-4499-9d02-0b450a756c6f_1000.jpg!m_fill,w_280,h_210,f_jpg?from=ke.com
20241025,丰台,刘家窑,101126186266,南三环中路  离地铁近不临街,310万,54965元/平,中楼层 (共5层) 3室1厅 | 56.4平米 | 西 南 北,https://ke-image.ljcdn.com/110000-inspection/5328f0f4-53d0-4fb5-acd1-4dbe07120319_1000.jpg!m_fill,w_280,h_210,f_jpg?from=ke.com
20241025,丰台,刘家窑,101126185201,此房满五年唯一楼龄新精装 小区管理好无遮挡视,498万,58492元/平,高楼层 (共29层) | 2017年 | 2室1厅 | 85.14平米 | 南 西,https://ke-image.ljcdn.com/110000-inspection/3c79f460-56a2-4b4c-a0c7-a62f2a3fd33d_1000.jpg!m_fill,w_280,h_210,f_jpg?from=ke.com
20241025,丰台,刘家窑,101126178922,东向不临街安静宜居视野舒适采光好小区业主素养高房主自荐,523万,62899元/平,中楼层 (共29层) | 2017年 | 2室1厅 | 83.15平米 | 东,https://ke-image.ljcdn.com/110000-inspection/3fd9edbe-b354-44ae-88a8-f0d9ec0fa83d_1000.jpg!m_fill,w_280,h_210,f_jpg?from=ke.com
20241025,丰台,刘家窑,101126174636,宋家庄家园二区 1室1厅 东房主自荐,280万,54369元/平,高楼层 (共29层) | 2010年 | 1室1厅 | 51.5平米 | 东,https://ke-image.ljcdn.com/110000-inspection/pc1_ljuiEMkqr_1.jpg!m_fill,w_280,h_210,f_jpg?from=ke.com
20241025,丰台,刘家窑,101126120374,刘家窑桥 南三环中路 电梯二居室 精装修原网签价高,350万,53224元/平,低楼层 (共18层) | 1992年 | 2室1厅 | 65.76平米 | 南,https://ke-image.ljcdn.com/110000-inspection/d71caee7-f33f-4860-bf05-a20d80a0c31f_1000.jpg!m_fill,w_280,h_210,f_jpg?from=ke.com
20241025,丰台,刘家窑,101126065493,宋家庄地铁 商品房社区 南北通透 中间楼层,630万,62868元/平,中楼层 (共6层) 3室1厅 | 100.21平米 | 南 北,https://ke-image.ljcdn.com/110000-inspection/fc0bf23c-8476-47f0-b626-1f11c0925cc8_1000.jpg!m_fill,w_280,h_210,f_jpg?from=ke.com
20241025,丰台,刘家窑,101126058960,天怡晴园 南北通透三居室 一梯两户高板楼房主自荐,750万,59028元/平,顶层 (共16层) 3室2厅 | 127.06平米 | 南 北,https://ke-image.ljcdn.com/110000-inspection/f6be05b2-7506-4997-be78-1955ada2709e_1000.jpg!m_fill,w_280,h_210,f_jpg?from=ke.com
20241025,丰台,刘家窑,101126047536,三环5号线刘家窑 同仁园商品房 精装修两居室,480万,43373元/平,底层 (共25层) 2室1厅 | 110.67平米 | 西,https://ke-image.ljcdn.com/110000-inspection/12a168b9-1785-47cf-aae9-370d680865a8_1000.jpg!m_fill,w_280,h_210,f_jpg?from=ke.com
20241025,丰台,刘家窑,101126028269,南三环 刘家窑 2003年商品房满五年唯一精装修房主自荐,298万,44418元/平,高楼层 (共6层) | 2003年 | 2室1厅 | 67.09平米 | 东 西,https://ke-image.ljcdn.com/110000-inspection/debf6cbc-3db7-43d5-8e1d-976b45cf9b3c_1000.jpg!m_fill,w_280,h_210,f_jpg?from=ke.com
20241025,丰台,刘家窑,101126019440,正邦嘉园二期 3室2厅 南 北,520万,44797元/平,底层 (共24层) | 2006年 | 3室2厅 | 116.08平米 | 南 北,https://ke-image.ljcdn.com/110000-inspection/fdcbfaa4-bf7d-4beb-9d4d-6aa3cf0df125_1000.jpg!m_fill,w_280,h_210,f_jpg?from=ke.com
20241025,丰台,刘家窑,101125983662,此房满五年唯一楼层好小区封闭管理3个花园,550万,63299元/平,底层 (共23层) 2室1厅 | 86.89平米 | 南 北,https://ke-image.ljcdn.com/110000-inspection/pc1_0uSrIuXDs_1.jpg!m_fill,w_280,h_210,f_jpg?from=ke.com
20241025,丰台,刘家窑,101125973830,方南家园一期 2室1厅 东北,269万,34670元/平,高楼层 (共6层) | 1996年 | 2室1厅 | 77.59平米 | 东北,https://ke-image.ljcdn.com/110000-inspection/b2621c99-a2f4-4aef-b8e6-2e30146c5285_1000.jpg!m_fill,w_280,h_210,f_jpg?from=ke.com
20241025,丰台,刘家窑,101125957075,满五年唯一商品房不临街无遮挡看房方便,475万,57126元/平,低楼层 (共29层) | 2017年 | 2室1厅 | 83.15平米 | 东,https://ke-image.ljcdn.com/110000-inspection/109fe3b7-f423-4523-8a40-040f3584b680_1000.jpg!m_fill,w_280,h_210,f_jpg?from=ke.com
20241025,丰台,刘家窑,101125937196,榴景秀苑 2室1厅 南 北,590万,66241元/平,底层 (共29层) | 2017年 | 2室1厅 | 89.07平米 | 南 北,https://ke-image.ljcdn.com/110000-inspection/99708078-520d-40fc-b58a-5713c942c9d0_1000.jpg!m_fill,w_280,h_210,f_jpg?from=ke.com
20241025,丰台,刘家窑,101125905051,满五年唯一低楼层南北通透两居室,368万,43915元/平,底层 (共6层) | 1996年 | 2室2厅 | 83.8平米 | 南 北,https://ke-image.ljcdn.com/110000-inspection/3aacb98a-6576-406a-9659-1f16e8440e5a_1000.jpg!m_fill,w_280,h_210,f_jpg?from=ke.com
20241025,丰台,刘家窑,101125892443,宋家庄家园二区 3室1厅 东南 北,465万,51956元/平,低楼层 (共29层) | 2010年 | 3室1厅 | 89.5平米 | 东南 北,https://ke-image.ljcdn.com/110000-inspection/pc1_10idBFk7R.jpg!m_fill,w_280,h_210,f_jpg?from=ke.com
20241025,丰台,刘家窑,101125890207,鑫兆雅园北区 1室0厅 西,245万,71512元/平,中楼层 (共12层) | 2004年 | 1室0厅 | 34.26平米 | 西,https://ke-image.ljcdn.com/110000-inspection/93c38a4f-651b-45ea-bbb9-88983b3efb72_1000.jpg!m_fill,w_280,h_210,f_jpg?from=ke.com
20241025,丰台,刘家窑,101125884870,方南家园东南朝向两居室双卫生间 满5年商品房,535万,51060元/平,高楼层 (共23层) | 2004年 | 2室1厅 | 104.78平米 | 东南,https://ke-image.ljcdn.com/110000-inspection/c5cf7320-51a3-4b3c-90fe-83086c92f98b_1000.jpg!m_fill,w_280,h_210,f_jpg?from=ke.com
20241025,丰台,刘家窑,101125761091,南三环东路 商品房满五唯一有电梯,200万,37801元/平,低楼层 (共18层) 1室1厅 | 52.91平米 | 西北,https://ke-image.ljcdn.com/110000-inspection/bd583661-012c-4d19-82f9-2b414683d4c1_1000.jpg!m_fill,w_280,h_210,f_jpg?from=ke.com
20241025,丰台,刘家窑,101125715566,横七条 大客厅 东西大两居室 诚心出售,326万,46320元/平,中楼层 (共6层) 2室1厅 | 70.38平米 | 东 西,https://ke-image.ljcdn.com/110000-inspection/pc1_2Oa4RxrFY_1.jpg!m_fill,w_280,h_210,f_jpg?from=ke.com
20241025,丰台,刘家窑,101125713505,南三环宋家庄地铁三轨交汇次顶层一居室,265万,51557元/平,高楼层 (共29层) | 2010年 | 1室1厅 | 51.4平米 | 东南,https://ke-image.ljcdn.com/110000-inspection/010ad915-0f6a-46a7-bf37-fefa10b2791f_1000.jpg!m_fill,w_280,h_210,f_jpg?from=ke.com
20241025,丰台,刘家窑,101125705732,双地铁石榴园北里小区南北通透 二居室户型好 楼层好,280万,46902元/平,中楼层 (共6层) | 1993年 | 2室1厅 | 59.7平米 | 南 北,https://ke-image.ljcdn.com/110000-inspection/926c6261-255a-4758-af7c-5d2d623e5501_1000.jpg!m_fill,w_280,h_210,f_jpg?from=ke.com
20241025,丰台,刘家窑,101125692667,筑梦园2004年商品房满五年诚心出售,332万,59467元/平,中楼层 (共23层) | 2004年 | 1室1厅 | 55.83平米 | 北,https://ke-image.ljcdn.com/110000-inspection/2c28f34f-a66b-4b30-ae38-42a0b8cda49c_1000.jpg!m_fill,w_280,h_210,f_jpg?from=ke.com
20241025,丰台,刘家窑,101125664674,石榴园南里小区 1室1厅 南朝向,240万,51010元/平,顶层 (共6层) 1室1厅 | 47.05平米 | 南,https://ke-image.ljcdn.com/110000-inspection/db596131-52ce-49cc-8b24-3b3139db5bf9_1000.jpg!m_fill,w_280,h_210,f_jpg?from=ke.com
20241025,丰台,刘家窑,101125644687,嘉业大厦二期 2室1厅 东,448万,56282元/平,中楼层 (共11层) | 2006年 | 2室1厅 | 79.6平米 | 东,https://ke-image.ljcdn.com/110000-inspection/b88ab1f6-c37b-4b78-a56d-b4a8c76fb061_1000.jpg!m_fill,w_280,h_210,f_jpg?from=ke.com
20241025,丰台,刘家窑,101125633448,新上房源 石榴园北里小区 朝南向一室一厅,218万,43574元/平,低楼层 (共6层) 1室1厅 | 50.03平米 | 南,https://ke-image.ljcdn.com/110000-inspection/a9e1c537-b204-495c-9210-41469a5e5e11_1000.jpg!m_fill,w_280,h_210,f_jpg?from=ke.com
20241025,丰台,刘家窑,101125625114,同仁园新上朝东向大两居室 视野开阔 优质两居室,485万,43824元/平,低楼层 (共25层) | 2000年 | 2室2厅 | 110.67平米 | 东南,https://ke-image.ljcdn.com/110000-inspection/c5a3d3ad-00c9-4815-9e04-87623ad48fb0_1000.jpg!m_fill,w_280,h_210,f_jpg?from=ke.com
20241025,丰台,刘家窑,101125617477,2010年小区楼龄新5号、10号、亦庄线,338万,50104元/平,低楼层 (共29层) | 2010年 | 2室1厅 | 67.46平米 | 西,https://ke-image.ljcdn.com/110000-inspection/pc1_sBkMRvAIq_1.jpg!m_fill,w_280,h_210,f_jpg?from=ke.com
20241025,丰台,刘家窑,101125609450,建邦华府 3室2厅 东北,830万,56830元/平,高楼层 (共18层) | 2009年 | 3室2厅 | 146.05平米 | 东北,https://ke-image.ljcdn.com/110000-inspection/909a264f-10e7-4687-a3e2-4c9b8c5903ea_1000.jpg!m_fill,w_280,h_210,f_jpg?from=ke.com
20241025,丰台,刘家窑,101125602865,石榴园南里小区。东西通透。近地铁商业配套齐全,207万,34773元/平,顶层 (共6层) 2室1厅 | 59.53平米 | 东 西,https://ke-image.ljcdn.com/110000-inspection/dac23ced-29f4-4e0b-9246-2fff427966fb_1000.jpg!m_fill,w_280,h_210,f_jpg?from=ke.com
20241025,丰台,刘家窑,101125535679,南三环东路 3室2厅 南 北房主自荐,580万,39879元/平,高楼层 (共14层) 3室2厅 | 145.44平米 | 南 北,https://ke-image.ljcdn.com/110000-inspection/1a596289-078d-458e-8c1a-ebd23f591edb_1000.jpg!m_fill,w_280,h_210,f_jpg?from=ke.com
20241025,丰台,刘家窑,101125530784,宋家庄家园 2010年小区 正规三居室 诚心出卖,435万,48745元/平,低楼层 (共29层) | 2011年 | 3室1厅 | 89.24平米 | 西南,https://ke-image.ljcdn.com/110000-inspection/pc1_gMGbHd88G.jpg!m_fill,w_280,h_210,f_jpg?from=ke.com
20241025,丰台,刘家窑,101125528533,南三环 刘家窑 建邦华府 南北三居室 前后不临街,1298万,80168元/平,低楼层 (共9层) 3室2厅 | 161.91平米 | 南 北,https://ke-image.ljcdn.com/110000-inspection/54ee4068-f895-4cc6-9973-9e6e965c9bce_1000.jpg!m_fill,w_280,h_210,f_jpg?from=ke.com
20241025,丰台,刘家窑,101125523423,同仁园小区新上板楼三居室 南北通透 满五年,606万,53056元/平,中楼层 (共7层) 3室1厅 | 114.22平米 | 南 北,https://ke-image.ljcdn.com/110000-inspection/b0530218-ee37-4b1b-abdd-e9f832925761_1000.jpg!m_fill,w_280,h_210,f_jpg?from=ke.com
20241025,丰台,刘家窑,101125520225,石榴园北里小区南北朝向两两居室主卧室朝南带阳台,270万,46146元/平,中楼层 (共6层) 2室1厅 | 58.51平米 | 南 北,https://ke-image.ljcdn.com/110000-inspection/195816cc-e8df-4f49-87c2-abe1e1081091_1000.jpg!m_fill,w_280,h_210,f_jpg?from=ke.com
20241025,丰台,刘家窑,101125494757,此房满五年唯一东西通透采光好无遮挡中间楼层,299万,45379元/平,中楼层 (共7层) 2室1厅 | 65.89平米 | 东 西,https://ke-image.ljcdn.com/110000-inspection/a7cbd9de-3d70-4266-8bbd-4889de78ef7b_1000.jpg!m_fill,w_280,h_210,f_jpg?from=ke.com
20241025,丰台,刘家窑,101125479684,宋家庄地铁500米南北通透格局方正,285万,45426元/平,顶层 (共6层) 2室1厅 | 62.74平米 | 南 北,https://ke-image.ljcdn.com/110000-inspection/1120296f-507f-4d6e-bbbe-45c4e8bddf46_1000.jpg!m_fill,w_280,h_210,f_jpg?from=ke.com
20241025,丰台,刘家窑,101125425106,刘家窑 97年东西大两居室 大客厅 随时签约,276万,45091元/平,底层 (共6层) 2室1厅 | 61.21平米 | 东 西,https://ke-image.ljcdn.com/110000-inspection/pc1_tOSyjLvev_1.jpg!m_fill,w_280,h_210,f_jpg?from=ke.com
20241025,丰台,刘家窑,101125424681,石榴园南里小区！2002年楼龄中间层两居室房主自荐,252万,43233元/平,中楼层 (共6层) | 2001年 | 2室1厅 | 58.29平米 | 东 西,https://ke-image.ljcdn.com/110000-inspection/f8b92cab-af6d-4998-b694-5545eebbe97c_1000.jpg!m_fill,w_280,h_210,f_jpg?from=ke.com
20241025,丰台,刘家窑,101125421453,石榴园北里全南向精装修两居室 视野采光好房主自荐,370万,55307元/平,顶层 (共6层) | 1993年 | 2室1厅 | 66.9平米 | 东南,https://ke-image.ljcdn.com/110000-inspection/8febd027-7d52-4b5f-a8bb-ad0e67c30377_1000.jpg!m_fill,w_280,h_210,f_jpg?from=ke.com
20241025,丰台,刘家窑,101125397816,石榴园南里小区 1室1厅 满五唯一 南,280万,47012元/平,高楼层 (共10层) 1室1厅 | 59.56平米 | 南,https://ke-image.ljcdn.com/110000-inspection/pc1_qUiVOJ0kW_1.jpg!m_fill,w_280,h_210,f_jpg?from=ke.com
20241025,丰台,刘家窑,101125362577,同仁园  南北通透  3居室带客厅 无遮挡  采光房主自荐,488万,59166元/平,中楼层 (共7层) 3室2厅 | 82.48平米 | 南 北,https://ke-image.ljcdn.com/110000-inspection/626cabbb-c935-4780-bddc-04568e4827ea_1000.jpg!m_fill,w_280,h_210,f_jpg?from=ke.com
20241025,丰台,刘家窑,101125362102,宋家庄家园一区 满五唯一 高楼层 视野好,360万,70714元/平,高楼层 (共25层) | 2010年 | 1室1厅 | 50.91平米 | 南,https://ke-image.ljcdn.com/110000-inspection/f24d4b27-adee-485c-8f85-02252af5a8c1_1000.jpg!m_fill,w_280,h_210,f_jpg?from=ke.com
20241025,丰台,刘家窑,101125315429,石榴园南里 满五唯一 南北通透 交通便利,290万,44781元/平,高楼层 (共6层) | 1999年 | 2室1厅 | 64.76平米 | 南 北,https://ke-image.ljcdn.com/110000-inspection/c11e22ec-827c-4b05-8a96-0fea7d0f12ba_1000.jpg!m_fill,w_280,h_210,f_jpg?from=ke.com
20241025,丰台,刘家窑,101125315430,南三环 宋家庄 刘家窑石榴园北里精装修三居室房主自荐,340万,42979元/平,顶层 (共6层) 3室1厅 | 79.11平米 | 南 北,https://ke-image.ljcdn.com/110000-inspection/e826017e-3870-4078-a7cc-50bea95158c2_1000.jpg!m_fill,w_280,h_210,f_jpg?from=ke.com
20241025,丰台,刘家窑,101125298661,南三环东路 2室1厅 南 北,400万,49857元/平,低楼层 (共12层) | 1999年 | 2室1厅 | 80.23平米 | 南 北,https://ke-image.ljcdn.com/110000-inspection/10e99cba-8187-4b6f-98d0-268af2541767_1000.jpg!m_fill,w_280,h_210,f_jpg?from=ke.com
20241025,丰台,刘家窑,101125262130,南三环石榴园宋家庄刘家窑 南北通透双阳台 双南卧室房主自荐,369万,50500元/平,高楼层 (共6层) 2室1厅 | 73.07平米 | 南 北,https://ke-image.ljcdn.com/110000-inspection/658346f5-81bd-424a-b48f-a8cf1ab43e35_1000.jpg!m_fill,w_280,h_210,f_jpg?from=ke.com
20241025,丰台,刘家窑,101125231750,石榴园北里南北向双阳台三居室,380万,48035元/平,高楼层 (共6层) 3室1厅 | 79.11平米 | 南 北,https://ke-image.ljcdn.com/110000-inspection/91e52622-c823-482a-848a-0ae2ca8b48a5_1000.jpg!m_fill,w_280,h_210,f_jpg?from=ke.com
20241025,丰台,刘家窑,101125223957,刘家窑地铁方南家园南北通透两居室 双卧室朝南采光好,360万,42353元/平,高楼层 (共6层) | 1996年 | 2室2厅 | 85平米 | 南 北,https://ke-image.ljcdn.com/110000-inspection/8fdbc018-316b-4996-a338-714d5f7e6414_1000.jpg!m_fill,w_280,h_210,f_jpg?from=ke.com
20241025,丰台,刘家窑,101125221969,刘家窑 南向两居室 满五唯一 看房方便,408万,46951元/平,顶层 (共18层) | 1989年 | 2室1厅 | 86.9平米 | 南,https://ke-image.ljcdn.com/110000-inspection/754740a3-ef57-4eb9-95f9-1ce06ef89fe3_1000.jpg!m_fill,w_280,h_210,f_jpg?from=ke.com
20241025,丰台,刘家窑,101125195240,南三环 刘家窑 同仁园 东南两居室 随时看房,448万,54139元/平,中楼层 (共25层) 2室1厅 | 82.75平米 | 东南,https://ke-image.ljcdn.com/110000-inspection/6f219be7-019c-4af2-8b66-9c4162f4d299_1000.jpg!m_fill,w_280,h_210,f_jpg?from=ke.com
20241025,丰台,刘家窑,101125162078,此房为南北通透两居室满五年唯一户型通风采光好,392万,45120元/平,高楼层 (共6层) 2室1厅 | 86.88平米 | 南 北,https://ke-image.ljcdn.com/110000-inspection/00700f62-bab6-4d69-a711-35b5eadf358c_1000.jpg!m_fill,w_280,h_210,f_jpg?from=ke.com
20241025,丰台,刘家窑,101125158280,刘家窑地铁口一居室 诚心出售随时签约 看房方便,188万,40361元/平,低楼层 (共18层) 1室1厅 | 46.58平米 | 北,https://ke-image.ljcdn.com/110000-inspection/pc1_7i4Gm6ovR_1.jpg!m_fill,w_280,h_210,f_jpg?from=ke.com
20241025,丰台,刘家窑,101125100940,南北通透采光好 视野开阔 正规两居室,520万,60614元/平,低楼层 (共14层) | 2013年 | 2室1厅 | 85.79平米 | 东 南 北,https://ke-image.ljcdn.com/110000-inspection/ff6cc620-c21c-4fe5-9a52-43e6f8c7fded_1000.jpg!m_fill,w_280,h_210,f_jpg?from=ke.com
20241025,丰台,刘家窑,101125092632,刘家窑 南北通透 全明格局两居 小区人车分流,729万,60189元/平,低楼层 (共27层) | 2009年 | 2室2厅 | 121.12平米 | 南 北,https://ke-image.ljcdn.com/110000-inspection/e1969dc0-0cfe-4a4a-b144-ce59425509f7_1000.jpg!m_fill,w_280,h_210,f_jpg?from=ke.com
20241025,丰台,刘家窑,101125045771,南三环赵公口 石榴园北里精装修两居 低楼层,258万,42213元/平,底层 (共6层) 2室1厅 | 61.12平米 | 东 西,https://ke-image.ljcdn.com/110000-inspection/af654799-149d-4465-9835-b660099a1bed_1000.jpg!m_fill,w_280,h_210,f_jpg?from=ke.com
20241025,丰台,刘家窑,101124981138,南三环 刘家窑 贾家花园 南北通透两居室 高楼层,230万,35179元/平,顶层 (共6层) 2室1厅 | 65.38平米 | 南 北,https://ke-image.ljcdn.com/110000-inspection/7f29b11f-b91e-4909-9481-2c396c5550c9_1000.jpg!m_fill,w_280,h_210,f_jpg?from=ke.com
20241025,丰台,刘家窑,101124943253,10年小区  三轨交汇 满五唯一商品房,358万,52717元/平,低楼层 (共29层) | 2010年 | 2室1厅 | 67.91平米 | 东,https://ke-image.ljcdn.com/110000-inspection/pc1_UBbd6Z1hf_1.jpg!m_fill,w_280,h_210,f_jpg?from=ke.com
20241025,丰台,刘家窑,101124912714,板楼三居中间楼层位置好满五年唯一住房,858万,67870元/平,中楼层 (共14层) | 2004年 | 3室2厅 | 126.42平米 | 南 北,https://ke-image.ljcdn.com/110000-inspection/pc1_muPUkn9Wy.jpg!m_fill,w_280,h_210,f_jpg?from=ke.com
20241025,丰台,刘家窑,101124911107,石榴园南里小区 3室1厅 东 南 北,310万,39366元/平,顶层 (共6层) 3室1厅 | 78.75平米 | 东 南 北,https://ke-image.ljcdn.com/110000-inspection/ed414dd9-2598-4593-9b9f-f8a31ece86fd_1000.jpg!m_fill,w_280,h_210,f_jpg?from=ke.com
20241025,丰台,刘家窑,101124803183,石榴园北里 南北通透 中间楼层 安静不临街,279万,47685元/平,中楼层 (共6层) 2室1厅 | 58.51平米 | 南 北,https://ke-image.ljcdn.com/110000-inspection/537129c0-74f3-4f19-bc36-5ef01495bba3_1000.jpg!m_fill,w_280,h_210,f_jpg?from=ke.com
20241025,丰台,刘家窑,101124785756,中国银行家属楼  南三环中路 东南三居室,419万,52573元/平,中楼层 (共18层) 3室1厅 | 79.7平米 | 东南,https://ke-image.ljcdn.com/110000-inspection/2a7c5b86-12ff-4ecd-ad2d-d11fb17919b4_1000.jpg!m_fill,w_280,h_210,f_jpg?from=ke.com
20241025,丰台,刘家窑,101124774859,石榴园南里小区南北向两居室,275万,46219元/平,高楼层 (共6层) 2室1厅 | 59.5平米 | 南 北,https://ke-image.ljcdn.com/110000-inspection/e573754f-e4f2-4fa5-aaa4-2de9b6c8d286_1000.jpg!m_fill,w_280,h_210,f_jpg?from=ke.com
20241025,丰台,刘家窑,101124695272,石榴园北里小区 1室1厅 西,224万,44480元/平,低楼层 (共9层) | 1995年 | 1室1厅 | 50.36平米 | 西,https://ke-image.ljcdn.com/110000-inspection/f68785ee-a952-49dc-87ea-05d8b3d01a77_1000.jpg!m_fill,w_280,h_210,f_jpg?from=ke.com
20241025,丰台,刘家窑,101124676333,石榴园北里朝南优质一居近地铁,249万,49880元/平,低楼层 (共6层) 1室1厅 | 49.92平米 | 南,https://ke-image.ljcdn.com/110000-inspection/11337c6f-97fe-484b-bb83-cb067b381848_1000.jpg!m_fill,w_280,h_210,f_jpg?from=ke.com
20241025,丰台,刘家窑,101124632034,鑫兆雅园南区 满五年唯一 采光好 户型好 位置安静,595万,64214元/平,高楼层 (共21层) | 2003年 | 2室1厅 | 92.66平米 | 东南 西北,https://ke-image.ljcdn.com/110000-inspection/pc1_M7XxKwKxa_1.jpg!m_fill,w_280,h_210,f_jpg?from=ke.com
20241025,丰台,刘家窑,101124629788,横七条44号院 中间楼层三居室 双卫户型,742万,55461元/平,低楼层 (共23层) | 2004年 | 3室1厅 | 133.79平米 | 东南 北,https://ke-image.ljcdn.com/110000-inspection/4d244fa7-5f66-492b-92be-6bda407c3798_1000.jpg!m_fill,w_280,h_210,f_jpg?from=ke.com
20241025,丰台,刘家窑,101124600693,总监推荐：临近三环靠地铁环境优美楼层高视野好,300万,53735元/平,中楼层 (共23层) 1室1厅 | 55.83平米 | 北,https://ke-image.ljcdn.com/110000-inspection/pc1_99KrRulPb.jpg!m_fill,w_280,h_210,f_jpg?from=ke.com
20241025,丰台,刘家窑,101124553523,石榴园北里小区 2室1厅 东 西,310万,46885元/平,高楼层 (共6层) 2室1厅 | 66.12平米 | 东 西,https://ke-image.ljcdn.com/110000-inspection/52c236d7-b918-48c8-ab9f-726edb0a6247_1000.jpg!m_fill,w_280,h_210,f_jpg?from=ke.com
20241025,丰台,刘家窑,101124536271,石榴园南里小区次顶层三居室  精装近地铁,346万,43186元/平,高楼层 (共6层) 3室1厅 | 80.12平米 | 东 西 北,https://ke-image.ljcdn.com/110000-inspection/2849bd52-235b-4c25-89e4-d293d05375bb_1000.jpg!m_fill,w_280,h_210,f_jpg?from=ke.com
20241025,丰台,刘家窑,101124519636,宋家庄地铁 南北通透 婚房装修 板楼,363万,43878元/平,高楼层 (共6层) 2室1厅 | 82.73平米 | 南 北,https://ke-image.ljcdn.com/110000-inspection/cdcb8d59-b1a8-441d-9e49-10a0939aa908_1000.jpg!m_fill,w_280,h_210,f_jpg?from=ke.com
20241025,丰台,刘家窑,101124512945,板楼2梯3户高品质 精装修 视野采光好 满五唯一,896万,66524元/平,中楼层 (共14层) 3室2厅 | 134.69平米 | 南 北,https://ke-image.ljcdn.com/110000-inspection/9d738af4-4c51-4b23-a6d4-ff5bc2cb2258_1000.jpg!m_fill,w_280,h_210,f_jpg?from=ke.com
20241025,丰台,刘家窑,101124502487,商品房 地铁宋家庄站 婚房装修 高楼层视野好房主自荐,499万,64189元/平,高楼层 (共22层) 2室1厅 | 77.74平米 | 西,https://ke-image.ljcdn.com/110000-inspection/dab5e6d3-4490-427a-b434-d6f72620cb04_1000.jpg!m_fill,w_280,h_210,f_jpg?from=ke.com
20241025,丰台,刘家窑,101124481331,石榴园南里小区 1室1厅 东,205万,42789元/平,底层 (共6层) 1室1厅 | 47.91平米 | 东,https://ke-image.ljcdn.com/110000-inspection/f8f4e5b8-f545-42eb-ad60-ed4d772371f9_1000.jpg!m_fill,w_280,h_210,f_jpg?from=ke.com
20241025,丰台,刘家窑,101124475531,此房为东西向三居室东西通透区域配套好,385万,47714元/平,底层 (共6层) 3室1厅 | 80.69平米 | 东 西,https://ke-image.ljcdn.com/110000-inspection/pc1_ZcB2vwH8E.jpg!m_fill,w_280,h_210,f_jpg?from=ke.com
20241025,丰台,刘家窑,101124473385,刘家窑桥东南角顺四条37号满五唯一商品房,318万,48609元/平,低楼层 (共18层) 2室1厅 | 65.42平米 | 东南,https://ke-image.ljcdn.com/110000-inspection/f36cbf13-afa8-4f63-b2ec-4b9884423f0f_1000.jpg!m_fill,w_280,h_210,f_jpg?from=ke.com
20241025,丰台,刘家窑,101124455894,同仁园 2室1厅 南 北房主自荐,375万,53687元/平,中楼层 (共7层) 2室1厅 | 69.85平米 | 南 北,https://ke-image.ljcdn.com/110000-inspection/8e4f818f-5a74-433f-a144-9a9ead391c5c_1000.jpg!m_fill,w_280,h_210,f_jpg?from=ke.com
20241025,丰台,刘家窑,101124306810,方南家园一期南北通透两居室户型方正。,338万,49286元/平,低楼层 (共6层) 2室1厅 | 68.58平米 | 南 北,https://ke-image.ljcdn.com/110000-inspection/pc1_BwAkLzKtb_1.jpg!m_fill,w_280,h_210,f_jpg?from=ke.com
20241025,丰台,刘家窑,101124284647,方南家园二期 商品房 落地窗 改善两居,510万,48168元/平,底层 (共23层) | 2004年 | 2室1厅 | 105.88平米 | 西南,https://ke-image.ljcdn.com/110000-inspection/ffe201aa-7b9d-45bc-8595-464da033e74c_1000.jpg!m_fill,w_280,h_210,f_jpg?from=ke.com
20241025,丰台,刘家窑,101124266084,南三环刘家窑 贾家花园小区 带电梯 朝南三居室房主自荐,338万,44592元/平,底层 (共14层) 3室1厅 | 75.8平米 | 南,https://ke-image.ljcdn.com/110000-inspection/4cb4ae54-e733-432b-b1d2-0a6294b86524_1000.jpg!m_fill,w_280,h_210,f_jpg?from=ke.com
20241025,丰台,刘家窑,101124264116,宋家庄家园采光好视野好看房方便诚意出售。房主自荐,290万,57781元/平,高楼层 (共29层) | 2010年 | 1室1厅 | 50.19平米 | 南,https://ke-image.ljcdn.com/110000-inspection/59dc9a1e-84a3-4eed-831d-e42b48bc6f8d_1000.jpg!m_fill,w_280,h_210,f_jpg?from=ke.com
20241025,丰台,刘家窑,101124240733,方南家园二期商品房业主一直自住房主自荐,786万,57986元/平,低楼层 (共23层) | 2004年 | 3室2厅 | 135.55平米 | 东南,https://ke-image.ljcdn.com/110000-inspection/f3d27266-8040-4e12-a2ed-f4a4d8b68580_1000.jpg!m_fill,w_280,h_210,f_jpg?from=ke.com
20241025,丰台,刘家窑,101124153123,鑫兆雅园北区 两居无遮挡 满五年唯一商品房,485万,70219元/平,顶层 (共6层) | 2005年 | 2室1厅 | 69.07平米 | 西南,https://ke-image.ljcdn.com/110000-inspection/prod-2b5b18b7-4abc-428b-a25f-24e2fe717be7.jpg!m_fill,w_280,h_210,f_jpg?from=ke.com
20241025,丰台,刘家窑,101124132219,方南家园二期 商品房 电梯房 物业好,358万,52088元/平,低楼层 (共23层) | 2004年 | 1室1厅 | 68.73平米 | 西南,https://ke-image.ljcdn.com/110000-inspection/c839f551-c55e-4703-af0a-8c29b3f6954c_1000.jpg!m_fill,w_280,h_210,f_jpg?from=ke.com
20241025,丰台,刘家窑,101124116623,方南家园东南朝向一居室 满5年商品房 家庭首套房产,390万,56011元/平,中楼层 (共23层) | 2004年 | 1室1厅 | 69.63平米 | 东南,https://ke-image.ljcdn.com/110000-inspection/e1a5cd1f-22c8-4ac0-8611-72c4f07ab30f_1000.jpg!m_fill,w_280,h_210,f_jpg?from=ke.com
20241025,丰台,刘家窑,101124097317,石榴园北里 中间层南北通透两居 不临街 好房急售,272万,46464元/平,中楼层 (共6层) | 1994年 | 2室1厅 | 58.54平米 | 南 北,https://ke-image.ljcdn.com/110000-inspection/9563ba32-832c-449b-8413-1822e25f76a1_1000.jpg!m_fill,w_280,h_210,f_jpg?from=ke.com
20241025,丰台,刘家窑,101124072979,南三环宋家庄赵公口刘家窑石榴园南里满五唯一商品房房主自荐,190万,38238元/平,高楼层 (共9层) | 2000年 | 1室1厅 | 49.69平米 | 西,https://ke-image.ljcdn.com/110000-inspection/c733a1de-1016-49af-9cea-9c4039c3c9a9_1000.jpg!m_fill,w_280,h_210,f_jpg?from=ke.com
20241025,丰台,刘家窑,101124023731,5号线刘家窑地铁口满五唯一精装修三居室,540万,46150元/平,中楼层 (共14层) | 1998年 | 3室2厅 | 117.01平米 | 南 北,https://ke-image.ljcdn.com/110000-inspection/pc1_hsyUsORlW.jpg!m_fill,w_280,h_210,f_jpg?from=ke.com
20241025,丰台,刘家窑,101123995045,5号线刘家窑地铁正邦嘉园二期 只契税、土地出让金,388万,43338元/平,低楼层 (共24层) | 2006年 | 2室1厅 | 89.53平米 | 东北,https://ke-image.ljcdn.com/110000-inspection/pc1_Ma7lWXLXj.jpg!m_fill,w_280,h_210,f_jpg?from=ke.com
20241025,丰台,刘家窑,101123987650,区域主推 精装房 东南西北户型 商品房社区,599万,64645元/平,中楼层 (共21层) 2室2厅 | 92.66平米 | 东南 西北,https://ke-image.ljcdn.com/110000-inspection/pc1_KmQZPlTHd.jpg!m_fill,w_280,h_210,f_jpg?from=ke.com
20241025,丰台,刘家窑,101123900990,南三环刘家窑5号线 大客厅精装修 东南向两居室房主自荐,440万,53173元/平,底层 (共25层) 2室1厅 | 82.75平米 | 东 南,https://ke-image.ljcdn.com/110000-inspection/4831f295-3c8e-4eb9-abac-d71814aa1cc0_1000.jpg!m_fill,w_280,h_210,f_jpg?from=ke.com
20241025,丰台,刘家窑,101123797169,临三环近地铁5号线刘家窑站满5年商品房小区 高楼层,518万,43149元/平,高楼层 (共22层) 2室1厅 | 120.05平米 | 东,https://ke-image.ljcdn.com/110000-inspection/pc1_PjUHdCwAt_1.jpg!m_fill,w_280,h_210,f_jpg?from=ke.com
20241025,丰台,刘家窑,101123742220,一居不临街楼龄新室内门不对门使用面积大房主自荐,197万,39096元/平,低楼层 (共9层) 1室1厅 | 50.39平米 | 东,https://ke-image.ljcdn.com/110000-inspection/747347cd-6244-4487-88bf-0e04e4f0208e_1000.jpg!m_fill,w_280,h_210,f_jpg?from=ke.com
20241025,丰台,刘家窑,101123738773,方南家园二期 一层 两居室 长客厅户型,489万,46795元/平,底层 (共23层) | 2004年 | 2室1厅 | 104.5平米 | 西南,https://ke-image.ljcdn.com/110000-inspection/ebfa1d84-26ae-4dfa-8c46-9ac1288e42b4_1000.jpg!m_fill,w_280,h_210,f_jpg?from=ke.com
20241025,丰台,刘家窑,101123736851,石榴园北里朝南不临街优质两居近地铁采光好！,248万,42006元/平,顶层 (共6层) 2室1厅 | 59.04平米 | 东 南,https://ke-image.ljcdn.com/110000-inspection/f5a5b3e3-f48c-44e3-b63a-10739a1e7683_1000.jpg!m_fill,w_280,h_210,f_jpg?from=ke.com
20241025,丰台,刘家窑,101123658966,贾家花园15号院 朝南 采光好 中间层,438万,66054元/平,低楼层 (共18层) | 2009年 | 1室0厅 | 66.31平米 | 南,https://ke-image.ljcdn.com/110000-inspection/b76a9850-11af-4b7d-b3e6-1ea221b27f5b_1000.jpg!m_fill,w_280,h_210,f_jpg?from=ke.com
20241025,丰台,刘家窑,101123654465,南三环赵公口宋家庄刘家窑 石榴园北里南向一居采光好,188万,36994元/平,顶层 (共6层) 1室1厅 | 50.82平米 | 南,https://ke-image.ljcdn.com/110000-inspection/2b896881-a60f-441f-97b8-ed29b850cee7_1000.jpg!m_fill,w_280,h_210,f_jpg?from=ke.com
20241025,丰台,刘家窑,101123643766,南三环中路小区 精装修 正规两居室,299万,51085元/平,低楼层 (共21层) 2室1厅 | 58.53平米 | 东,https://ke-image.ljcdn.com/110000-inspection/fa585fe9-a9d0-4458-bb4e-449bacf635ad_1000.jpg!m_fill,w_280,h_210,f_jpg?from=ke.com
20241025,丰台,刘家窑,101123459047,总监推荐精装修满5年唯一商品房看房随时南北通透房主自荐,1090万,71242元/平,高楼层 (共12层) 3室1厅 | 153平米 | 南 北,https://ke-image.ljcdn.com/110000-inspection/521ec7a7-de71-4ae2-8c9d-999bc1b9b57b_1000.jpg!m_fill,w_280,h_210,f_jpg?from=ke.com
20241025,丰台,刘家窑,101123394477,宋家庄家园 正规两居室 高楼层 随时签约,378万,56034元/平,中楼层 (共29层) | 2011年 | 2室1厅 | 67.46平米 | 东南,https://ke-image.ljcdn.com/110000-inspection/pc1_NqSv79ybv.jpg!m_fill,w_280,h_210,f_jpg?from=ke.com
20241025,丰台,刘家窑,101123377849,嘉业大厦二期纯商品房住宅板楼带电梯,358万,56052元/平,中楼层 (共10层) | 2006年 | 1室1厅 | 63.87平米 | 南,https://ke-image.ljcdn.com/110000-inspection/a77c1037-31a9-4f5d-a871-ede0b0e44cf6_1000.jpg!m_fill,w_280,h_210,f_jpg?from=ke.com
20241025,丰台,刘家窑,101123341298,建邦华府 高楼层 三居室  满五年 诚意出售,1318万,80000元/平,中楼层 (共8层) 3室2厅 | 164.75平米 | 南 北,https://ke-image.ljcdn.com/110000-inspection/0a910a60-03a5-4327-b72f-2f22b6317133_1000.jpg!m_fill,w_280,h_210,f_jpg?from=ke.com
20241025,丰台,刘家窑,101123247626,宋家庄家园二区 精装修 小两居,269万,52325元/平,中楼层 (共29层) | 2010年 | 1室1厅 | 51.41平米 | 东南,https://ke-image.ljcdn.com/110000-inspection/pc1_qDaJUd8pd.jpg!m_fill,w_280,h_210,f_jpg?from=ke.com
20241025,丰台,刘家窑,101123197431,宋家庄南北通透两居室满五年唯一商品房,618万,78288元/平,高楼层 (共6层) 2室1厅 | 78.94平米 | 南 北,https://ke-image.ljcdn.com/110000-inspection/c7c2f0dd-181a-4f80-beef-110f55ca89ec_1000.jpg!m_fill,w_280,h_210,f_jpg?from=ke.com
20241025,丰台,刘家窑,101123168437,南三环 刘家窑全明格局带客厅两居 卫生间带窗,290万,49658元/平,中楼层 (共6层) 2室1厅 | 58.4平米 | 东 西,https://ke-image.ljcdn.com/110000-inspection/11cf9ff9-9445-4c39-9935-b27a40f2433a_1000.jpg!m_fill,w_280,h_210,f_jpg?from=ke.com
20241025,丰台,刘家窑,101123133164,南三环刘家窑地铁附近 同仁园小区 中间层全南两居,560万,61016元/平,低楼层 (共25层) 2室1厅 | 91.78平米 | 南,https://ke-image.ljcdn.com/110000-inspection/e38225e4-5e0c-4372-8a13-462244cc1eb1_1000.jpg!m_fill,w_280,h_210,f_jpg?from=ke.com
20241025,丰台,刘家窑,101123112196,榴景秀苑 鲁能美高梅 刘家窑美高梅,528万,62016元/平,高楼层 (共29层) | 2017年 | 2室1厅 | 85.14平米 | 南,https://ke-image.ljcdn.com/110000-inspection/0d55a4d8-3d78-48e4-b137-0baa502f25b3_1000.jpg!m_fill,w_280,h_210,f_jpg?from=ke.com
20241025,丰台,刘家窑,101123109204,石榴园 10号线地铁站 满五唯一南北通透两居室,292万,50863元/平,低楼层 (共6层) | 2000年 | 2室1厅 | 57.41平米 | 南 北,https://ke-image.ljcdn.com/110000-inspection/3f1f10e9-c4f7-45af-ae1c-60c26d211a7a_1000.jpg!m_fill,w_280,h_210,f_jpg?from=ke.com
20241025,丰台,刘家窑,101123105627,南三环刘家窑赵公口木樨园宋家庄南向带电梯两居房主自荐,255万,44195元/平,低楼层 (共14层) 2室1厅 | 57.7平米 | 南 北,https://ke-image.ljcdn.com/110000-inspection/efcfbaff-4b0e-4c1a-9bab-0bae84e82169_1000.jpg!m_fill,w_280,h_210,f_jpg?from=ke.com
20241025,丰台,刘家窑,101123086478,榴景秀苑 2室1厅 西,565万,65905元/平,低楼层 (共29层) | 2017年 | 2室1厅 | 85.73平米 | 西,https://ke-image.ljcdn.com/110000-inspection/0b081dd9-bcf1-46e5-9064-98cdc583edc4_1000.jpg!m_fill,w_280,h_210,f_jpg?from=ke.com
20241025,丰台,刘家窑,101123082926,方南家园一期 南北两居室 满五年唯一,268万,42060元/平,顶层 (共6层) 2室1厅 | 63.72平米 | 南 北,https://ke-image.ljcdn.com/110000-inspection/pc1_rbhOFaLuu.jpg!m_fill,w_280,h_210,f_jpg?from=ke.com
20241025,丰台,刘家窑,101123081855,石榴园南里南北通透的两居 满五唯一商品房 采光好,298万,46259元/平,高楼层 (共6层) 2室1厅 | 64.42平米 | 南 北,https://ke-image.ljcdn.com/110000-inspection/5e17b8fd-a934-480e-b5e2-d7ba3259531b_1000.jpg!m_fill,w_280,h_210,f_jpg?from=ke.com
20241025,丰台,刘家窑,101123037455,总监推荐 近三环靠地铁 精装修满5年唯一商品房,269万,43747元/平,中楼层 (共22层) 1室1厅 | 61.49平米 | 东 北,https://ke-image.ljcdn.com/110000-inspection/pc1_hTfMfYyLd.jpg!m_fill,w_280,h_210,f_jpg?from=ke.com
20241025,丰台,刘家窑,101123024466,榴景秀苑 2018年交房 南北通透户型 高楼层采光足,540万,60627元/平,中楼层 (共29层) | 2017年 | 2室1厅 | 89.07平米 | 南 北,https://ke-image.ljcdn.com/110000-inspection/pc1_Xw77UOpdj.jpg!m_fill,w_280,h_210,f_jpg?from=ke.com
20241025,丰台,刘家窑,101123008106,方南家园南北通透两居室 精装修 前后花园,249万,48200元/平,底层 (共6层) 2室1厅 | 51.66平米 | 南 北,https://ke-image.ljcdn.com/110000-inspection/632e2789-60ea-489b-b875-c3925f2699ba_1000.jpg!m_fill,w_280,h_210,f_jpg?from=ke.com
20241025,丰台,刘家窑,101122997748,满五唯一商品房 三环边 南向采光好,430万,61089元/平,中楼层 (共25层) | 2010年 | 2室1厅 | 70.39平米 | 南,https://ke-image.ljcdn.com/110000-inspection/pc1_jQNL1rv1A_1.jpg!m_fill,w_280,h_210,f_jpg?from=ke.com
20241025,丰台,刘家窑,101122994416,筑梦园南三环刘家窑地铁口商品房社区人车分流,449万,67866元/平,中楼层 (共23层) 1室1厅 | 66.16平米 | 西,https://ke-image.ljcdn.com/110000-inspection/8d1e1e11-fe22-4240-a99d-0b6be405fb7d_1000.jpg!m_fill,w_280,h_210,f_jpg?from=ke.com
20241025,丰台,刘家窑,101122974242,建邦华府 正看花园 东北向三居 无遮挡 满5年唯一,820万,56146元/平,中楼层 (共18层) | 2009年 | 3室2厅 | 146.05平米 | 东北,https://ke-image.ljcdn.com/110000-inspection/33803e4e-8628-4a97-9eb8-9281cfe87619_1000.jpg!m_fill,w_280,h_210,f_jpg?from=ke.com
20241025,丰台,刘家窑,101122956304,南三环中路 南向一居室 近地铁 有电梯 采光无遮挡,230万,59279元/平,中楼层 (共14层) 1室1厅 | 38.8平米 | 南,https://ke-image.ljcdn.com/110000-inspection/fd15c203-d64f-4272-9f64-42e5aa039046_1000.jpg!m_fill,w_280,h_210,f_jpg?from=ke.com
20241025,丰台,刘家窑,101122953636,南三环中路  赵公口桥西 西北向一居室,270万,51234元/平,低楼层 (共18层) 1室1厅 | 52.7平米 | 南 北,https://ke-image.ljcdn.com/110000-inspection/f8ab8aa8-7776-41da-bc70-6a67df4ba78c_1000.jpg!m_fill,w_280,h_210,f_jpg?from=ke.com
20241025,丰台,刘家窑,101122792271,建邦华府朝南两居  全明格局 层高3米 两梯两户,610万,65241元/平,顶层 (共13层) | 2010年 | 2室1厅 | 93.5平米 | 南,https://ke-image.ljcdn.com/110000-inspection/3a71b55d-5789-46ee-ae89-6dfd27ebe399_1000.jpg!m_fill,w_280,h_210,f_jpg?from=ke.com
20241025,丰台,刘家窑,101122786134,地铁边满五唯一商品房 看房随时,398万,58298元/平,顶层 (共29层) | 2010年 | 2室1厅 | 68.27平米 | 东南,https://ke-image.ljcdn.com/110000-inspection/4ed98261-5f19-4463-b9b9-968b815495ca_1000.jpg!m_fill,w_280,h_210,f_jpg?from=ke.com
20241025,丰台,刘家窑,101122753506,2013年国资委家属院、满五唯一商品房产权清晰,568万,58049元/平,中楼层 (共16层) | 2013年 | 3室1厅 | 97.85平米 | 西南,https://ke-image.ljcdn.com/110000-inspection/pc1_UDXc2ZfLC.jpg!m_fill,w_280,h_210,f_jpg?from=ke.com
20241025,丰台,刘家窑,101122646977,三环边  南三环中路   带电梯两居室,259万,42529元/平,顶层 (共18层) 2室1厅 | 60.9平米 | 东北,https://ke-image.ljcdn.com/110000-inspection/5a1217ad-41e6-44aa-bb8f-40d9107526df_1000.jpg!m_fill,w_280,h_210,f_jpg?from=ke.com
20241025,丰台,刘家窑,101122637687,南三环刘家窑地铁南北高层三居建邦华府,880万,62679元/平,高楼层 (共13层) | 2010年 | 3室1厅 | 140.4平米 | 南 北,https://ke-image.ljcdn.com/110000-inspection/407f8b49-2224-44f9-9efa-81c60a10b97b_1000.jpg!m_fill,w_280,h_210,f_jpg?from=ke.com
20241025,丰台,刘家窑,101122604713,三环刘家窑地铁口 东南朝向三居室满5年,395万,49038元/平,中楼层 (共18层) 3室1厅 | 80.55平米 | 东南,https://ke-image.ljcdn.com/110000-inspection/pc1_zoV8CaoHM_1.jpg!m_fill,w_280,h_210,f_jpg?from=ke.com
20241025,丰台,刘家窑,101122578203,南三环 刘家窑 同仁园正规三居室 带电梯,475万,46419元/平,中楼层 (共25层) 3室1厅 | 102.33平米 | 南 西北,https://ke-image.ljcdn.com/110000-inspection/ac5141f6-6554-4c36-966f-749b7824a2b8_1000.jpg!m_fill,w_280,h_210,f_jpg?from=ke.com
20241025,丰台,刘家窑,101122566339,刘家窑 同仁园 西南向的两居 满5年唯一随时可看,415万,49904元/平,高楼层 (共25层) 2室2厅 | 83.16平米 | 西南,https://ke-image.ljcdn.com/110000-inspection/f7bbdff4-0dcb-4c61-a4dd-b0acb6464942_1000.jpg!m_fill,w_280,h_210,f_jpg?from=ke.com
20241025,丰台,刘家窑,101122561111,同仁园  带电梯 近地铁  视野开阔  无遮挡,500万,45180元/平,高楼层 (共25层) 2室1厅 | 110.67平米 | 西,https://ke-image.ljcdn.com/110000-inspection/4924c8eb-cb7c-4c1e-b3a4-25fdd16579c5_1000.jpg!m_fill,w_280,h_210,f_jpg?from=ke.com
20241025,丰台,刘家窑,101122559684,总监推荐鑫兆雅园北区落地窗正规一居室,430万,59706元/平,低楼层 (共20层) 2室1厅 | 72.02平米 | 东,https://ke-image.ljcdn.com/110000-inspection/pc1_pYrLyWB3V.jpg!m_fill,w_280,h_210,f_jpg?from=ke.com
20241025,丰台,刘家窑,101122536289,总监推荐南三环石榴园南里 满五唯一商品房 年代新房主自荐,306万,47501元/平,中楼层 (共6层) 2室1厅 | 64.42平米 | 南 北,https://ke-image.ljcdn.com/110000-inspection/d948e336-dd75-4533-aeaa-3ab2a1478cb7_1000.jpg!m_fill,w_280,h_210,f_jpg?from=ke.com
20241025,丰台,刘家窑,101122382097,同仁园   3居室带客厅   近地铁   带电梯,470万,45930元/平,低楼层 (共25层) 3室1厅 | 102.33平米 | 南 西北,https://ke-image.ljcdn.com/110000-inspection/598673e5-541a-422e-b490-a7e92e87319c_1000.jpg!m_fill,w_280,h_210,f_jpg?from=ke.com
20241025,丰台,刘家窑,101122331306,方南家园一期满五年唯一商品房精装修诚心出售房主自荐,345万,44402元/平,中楼层 (共6层) | 1996年 | 2室1厅 | 77.7平米 | 南 东南 东,https://ke-image.ljcdn.com/110000-inspection/9e81fd5e-af1d-4694-9297-37fbda2ab538_1000.jpg!m_fill,w_280,h_210,f_jpg?from=ke.com
20241025,丰台,刘家窑,101122112600,石榴园电力局宿舍楼  精装两居室无遮挡房主自荐,308万,46582元/平,高楼层 (共6层) 2室1厅 | 66.12平米 | 东 西,https://ke-image.ljcdn.com/110000-inspection/b46ee497-932b-46df-a0f5-eeef50bde45d_1000.jpg!m_fill,w_280,h_210,f_jpg?from=ke.com
20241025,丰台,刘家窑,101122104912,10号线石榴庄地铁 朝南向一居室,250万,52182元/平,中楼层 (共6层) | 2003年 | 1室1厅 | 47.91平米 | 南,https://ke-image.ljcdn.com/110000-inspection/53b7b76f-ef39-4b86-bb1b-099de951882e_1000.jpg!m_fill,w_280,h_210,f_jpg?from=ke.com
20241025,丰台,刘家窑,101122093425,石榴园南里小区 带电梯正规两居室精装修拎包入住,290万,43303元/平,中楼层 (共9层) | 2000年 | 2室1厅 | 66.97平米 | 西,https://ke-image.ljcdn.com/110000-inspection/ab6c90ae-ca2a-40bd-8ae1-326f66f8b845_1000.jpg!m_fill,w_280,h_210,f_jpg?from=ke.com
20241025,丰台,刘家窑,101122012808,石榴园北里小区总监推荐宋家庄南三环赵公口,280万,47684元/平,中楼层 (共6层) 2室1厅 | 58.72平米 | 南 北,https://ke-image.ljcdn.com/110000-inspection/f9903b81-69bc-40f5-ac16-53fb52180291_1000.jpg!m_fill,w_280,h_210,f_jpg?from=ke.com
20241025,丰台,刘家窑,101121873905,同仁园 2室1厅 西,528万,47710元/平,顶层 (共25层) 2室1厅 | 110.67平米 | 西,https://ke-image.ljcdn.com/110000-inspection/389216ec-90a3-4d59-b370-654437c798e0_1000.jpg!m_fill,w_280,h_210,f_jpg?from=ke.com
20241025,丰台,刘家窑,101121799646,榴景秀苑 2018年次新房电梯房,599万,70355元/平,中楼层 (共29层) | 2017年 | 2室1厅 | 85.14平米 | 西,https://ke-image.ljcdn.com/110000-inspection/0e9ea818-3ad0-4cae-9ae9-35090369e2dd_1000.jpg!m_fill,w_280,h_210,f_jpg?from=ke.com
20241025,丰台,刘家窑,101121795286,石榴园南里低楼层三居 户型好 业主诚意卖,350万,44321元/平,底层 (共6层) | 2000年 | 3室1厅 | 78.97平米 | 东 西,https://ke-image.ljcdn.com/110000-inspection/a1943783-cb53-499b-9020-64d0cd093817_1000.jpg!m_fill,w_280,h_210,f_jpg?from=ke.com
20241025,丰台,刘家窑,101121765182,正邦嘉园一期方正大两居室采光好视野敞亮。,556万,46485元/平,高楼层 (共22层) 2室1厅 | 119.61平米 | 西,https://ke-image.ljcdn.com/110000-inspection/4a21b918-22d4-4d96-9895-3c77bd836c81_1000.jpg!m_fill,w_280,h_210,f_jpg?from=ke.com
20241025,丰台,刘家窑,101121755655,贾家花园15号院2梯3户南北通透三居,820万,55635元/平,低楼层 (共27层) | 2009年 | 3室1厅 | 147.39平米 | 东南 北,https://ke-image.ljcdn.com/110000-inspection/feea01e7-1c77-483f-b153-7f7f5423434b_1000.jpg!m_fill,w_280,h_210,f_jpg?from=ke.com
20241025,丰台,刘家窑,101121729209,石榴园南里小区/2000年商品房/南北通透,300万,50126元/平,高楼层 (共6层) 2室1厅 | 59.85平米 | 南 北,https://ke-image.ljcdn.com/110000-inspection/95712ccc-061c-4d4c-9f7d-fa3985fdd2b2_1000.jpg!m_fill,w_280,h_210,f_jpg?from=ke.com
20241025,丰台,刘家窑,101121506425,贾家花园小区  全明格局  3居室  格局方正,298万,41621元/平,顶层 (共6层) 3室1厅 | 71.6平米 | 南 北,https://ke-image.ljcdn.com/110000-inspection/f1e26124-0c32-4eb8-a31b-646de160bd80_1000.jpg!m_fill,w_280,h_210,f_jpg?from=ke.com
20241025,丰台,刘家窑,101121504690,筑梦园 1室1厅 西,439万,66355元/平,低楼层 (共23层) 1室1厅 | 66.16平米 | 西,https://ke-image.ljcdn.com/110000-inspection/dd2b0105-0f0b-489f-b37c-e5255cbc8e19_1000.jpg!m_fill,w_280,h_210,f_jpg?from=ke.com
20241025,丰台,刘家窑,101121420245,店长推荐 地铁5号线 10号线 交通便利 随时签约,190万,37729元/平,底层 (共9层) | 1995年 | 1室1厅 | 50.36平米 | 东,https://ke-image.ljcdn.com/110000-inspection/41b32d73-2812-491c-9bf6-7c91e37e0d87_1000.jpg!m_fill,w_280,h_210,f_jpg?from=ke.com
20241025,丰台,刘家窑,101121311023,南三环赵公口 石榴园南里小区南向一居 采光好,230万,48978元/平,底层 (共6层) 1室1厅 | 46.96平米 | 南,https://ke-image.ljcdn.com/110000-inspection/f2e113c0-f31b-46f6-abfb-df108538d12a_1000.jpg!m_fill,w_280,h_210,f_jpg?from=ke.com
20241025,丰台,刘家窑,101121204501,石榴园南里带电梯一居室采光好满五年唯一,205万,44575元/平,中楼层 (共9层) | 2000年 | 1室1厅 | 45.99平米 | 西,https://ke-image.ljcdn.com/110000-inspection/bb3be9ac-6813-4c72-b4ea-b5d63d2a7b83_1000.jpg!m_fill,w_280,h_210,f_jpg?from=ke.com
20241025,丰台,刘家窑,101121164347,石榴园南里朝南1居室中间层房主自荐,230万,48937元/平,中楼层 (共6层) 1室1厅 | 47平米 | 南,https://ke-image.ljcdn.com/110000-inspection/a0b8cce0-763f-4242-808c-c9d667897e5e_1000.jpg!m_fill,w_280,h_210,f_jpg?from=ke.com
20241025,丰台,刘家窑,101121104806,建邦华府  带电梯2居室 人车分离,668万,71697元/平,高楼层 (共13层) | 2010年 | 2室1厅 | 93.17平米 | 南,https://ke-image.ljcdn.com/110000-inspection/c1adb3b7-1194-48b3-9435-7ba7854e0098_1000.jpg!m_fill,w_280,h_210,f_jpg?from=ke.com
20241025,丰台,刘家窑,101121034912,建邦华府  带电梯  人车分离,552万,63742元/平,中楼层 (共18层) | 2009年 | 1室1厅 | 86.6平米 | 东,https://ke-image.ljcdn.com/110000-inspection/46ec56ca-b682-4d69-8195-84d8ad2cf9ea_1000.jpg!m_fill,w_280,h_210,f_jpg?from=ke.com
20241025,丰台,刘家窑,101120853587,鲁能钓鱼台梅高梅 无遮挡阳光充足 满五唯一 人车分流房主自荐,498万,58492元/平,低楼层 (共29层) | 2017年 | 2室1厅 | 85.14平米 | 西,https://ke-image.ljcdn.com/110000-inspection/3a25d24e-a8bc-4502-8f43-6266e8245798_1000.jpg!m_fill,w_280,h_210,f_jpg?from=ke.com
20241025,丰台,刘家窑,101120764782,横五条20号 板楼四层 一梯两户满五年唯一商品房,205万,35815元/平,中楼层 (共6层) 2室1厅 | 57.24平米 | 东 西,https://ke-image.ljcdn.com/110000-inspection/f6dc71b3-f2ec-4c88-b10e-817b11d54c25_1000.jpg!m_fill,w_280,h_210,f_jpg?from=ke.com
20241025,丰台,刘家窑,101120763006,业主诚心出售满五年唯一商品房高楼层视野采光好,325万,49679元/平,高楼层 (共18层) | 1998年 | 2室1厅 | 65.42平米 | 东 南,https://ke-image.ljcdn.com/110000-inspection/pc1_OtbCmEddj_1.jpg!m_fill,w_280,h_210,f_jpg?from=ke.com
20241025,丰台,刘家窑,101120761242,顺四条37号院98年带电梯 高楼层视野好。,398万,57234元/平,高楼层 (共18层) | 1998年 | 2室1厅 | 69.54平米 | 东南,https://ke-image.ljcdn.com/110000-inspection/pc1_QfTuJvQ8r_1.jpg!m_fill,w_280,h_210,f_jpg?from=ke.com
20241025,丰台,刘家窑,101120099055,精装修、满五年、随时可看1998年有电梯,310万,46582元/平,低楼层 (共18层) | 1998年 | 2室1厅 | 66.55平米 | 东 西北,https://ke-image.ljcdn.com/110000-inspection/ffecc36e-f087-4fca-9b64-135873762623_1000.jpg!m_fill,w_280,h_210,f_jpg?from=ke.com
20241025,丰台,刘家窑,101120063243,南三环东路交通方便业主诚意出售周边配套齐全,349万,44459元/平,底层 (共12层) | 1992年 | 3室1厅 | 78.5平米 | 东北,https://ke-image.ljcdn.com/110000-inspection/pc1_TfrSLxSJM.jpg!m_fill,w_280,h_210,f_jpg?from=ke.com
20241025,丰台,刘家窑,101119825851,南三环 赵公口 石榴园南里带电梯一居 业主诚意卖房主自荐,209万,42061元/平,低楼层 (共9层) | 2000年 | 1室1厅 | 49.69平米 | 西,https://ke-image.ljcdn.com/110000-inspection/df070121-87f0-4b9e-b7be-9d32baab5aec_1000.jpg!m_fill,w_280,h_210,f_jpg?from=ke.com
20241025,丰台,刘家窑,101119758339,2006年小区邻三环近地铁户型规整无遮挡诚心出售,448万,43265元/平,顶层 (共24层) | 2006年 | 2室1厅 | 103.55平米 | 西南,https://ke-image.ljcdn.com/110000-inspection/pc1_CeTkHakoV_1.jpg!m_fill,w_280,h_210,f_jpg?from=ke.com
20241025,丰台,刘家窑,101119645156,南三环5号线刘家窑地铁贾家花园低楼层两居,295万,44630元/平,底层 (共14层) 3室1厅 | 66.1平米 | 东北,https://ke-image.ljcdn.com/110000-inspection/5b07e6ab-cd4e-4606-9199-801f3b835478_1000.jpg!m_fill,w_280,h_210,f_jpg?from=ke.com
20241025,丰台,刘家窑,101119572091,满五年唯一商品房正规一居室没有遮挡,238万,47782元/平,高楼层 (共6层) 2室1厅 | 49.81平米 | 东 西,https://ke-image.ljcdn.com/110000-inspection/pc1_wj1lcbisK.jpg!m_fill,w_280,h_210,f_jpg?from=ke.com
20241025,丰台,刘家窑,101119351226,此房是南北通透房子装修比较棒拎包入住房主自荐,285万,47835元/平,顶层 (共6层) 2室1厅 | 59.58平米 | 南 北,https://ke-image.ljcdn.com/110000-inspection/792650c9-3866-47b3-bde5-2c3304897565_1000.jpg!m_fill,w_280,h_210,f_jpg?from=ke.com
20241025,丰台,刘家窑,101119268256,宋家庄家园三区商品房高楼层不临街,390万,57446元/平,中楼层 (共29层) | 2011年 | 2室1厅 | 67.89平米 | 东南,https://ke-image.ljcdn.com/110000-inspection/5d93b665-b3f9-4366-a827-f0fbf44bf638_1000.jpg!m_fill,w_280,h_210,f_jpg?from=ke.com
20241025,丰台,刘家窑,101118953779,南三环中路  南北通透 业主诚心出售,330万,41736元/平,低楼层 (共16层) | 2004年 | 2室1厅 | 79.07平米 | 南 北,https://ke-image.ljcdn.com/110000-inspection/1f08c9f3-0ba7-4822-acf2-6652b1be1c80_1000.jpg!m_fill,w_280,h_210,f_jpg?from=ke.com
20241025,丰台,刘家窑,101118750056,此房满五唯一三环边带电梯一居,260万,64517元/平,中楼层 (共21层) 1室0厅 | 40.3平米 | 西南,https://ke-image.ljcdn.com/110000-inspection/7f1d96ee-8e2a-4a7f-9b23-78ddec205a56_1000.jpg!m_fill,w_280,h_210,f_jpg?from=ke.com
20241025,丰台,刘家窑,101118717052,南三环中路同仁堂家属楼装修好业主诚心出售。房主自荐,360万,51874元/平,中楼层 (共14层) 3室2厅 | 69.4平米 | 南 北,https://ke-image.ljcdn.com/110000-inspection/6bb138c7-1178-4f16-9ac2-b7e49d30ad41_1000.jpg!m_fill,w_280,h_210,f_jpg?from=ke.com
20241025,丰台,刘家窑,101118481841,距地铁5号线刘家窑站240米  南北1居 满五年唯一商品房,208万,37431元/平,高楼层 (共12层) 1室1厅 | 55.57平米 | 南,https://ke-image.ljcdn.com/110000-inspection/pc1_RxBNlnPu2.jpg!m_fill,w_280,h_210,f_jpg?from=ke.com
20241025,丰台,刘家窑,101118480379,嘉业大厦二期  户型方正  西向采光充足,525万,40280元/平,低楼层 (共19层) | 2006年 | 2室1厅 | 130.34平米 | 西,https://ke-image.ljcdn.com/110000-inspection/a792dc1f-a4c3-46ce-ab95-aa729510ac71_1000.jpg!m_fill,w_280,h_210,f_jpg?from=ke.com
20241025,丰台,刘家窑,101118392795,贾家花园15号院南北通透无遮挡三居,985万,64889元/平,低楼层 (共17层) | 2009年 | 3室2厅 | 151.8平米 | 南 北,https://ke-image.ljcdn.com/110000-inspection/13757694-ca1e-4799-985e-aaf104bd6b6e_1000.jpg!m_fill,w_280,h_210,f_jpg?from=ke.com
20241025,丰台,刘家窑,101118270939,5号线地铁近 中层 满五年 诚意出售 东向两居,290万,56531元/平,中楼层 (共5层) 2室1厅 | 51.3平米 | 北 东,https://ke-image.ljcdn.com/110000-inspection/9aeb1eb5-89e3-4d2e-be7e-8bf51f06a0ba_1000.jpg!m_fill,w_280,h_210,f_jpg?from=ke.com
20241025,丰台,刘家窑,101118266945,石榴园南里小区南北通透两居室户型方正没有浪费。,258万,43304元/平,高楼层 (共6层) 2室1厅 | 59.58平米 | 南 北,https://ke-image.ljcdn.com/110000-inspection/543a1e79-4c6e-42fe-891b-3aacfbbb53a8_1000.jpg!m_fill,w_280,h_210,f_jpg?from=ke.com
20241025,丰台,刘家窑,101118081127,刘家窑 同仁园 一梯两户 带独立的客厅的两居室不临街,299万,45379元/平,中楼层 (共7层) 2室2厅 | 65.89平米 | 东南 西北,https://ke-image.ljcdn.com/110000-inspection/b93e5aa8-b3b6-4724-b420-a81b0acb07ed_1000.jpg!m_fill,w_280,h_210,f_jpg?from=ke.com
20241025,丰台,刘家窑,101117953362,1995年公安局家属楼精装修中间层满五唯一商品房,305万,54165元/平,中楼层 (共6层) 2室1厅 | 56.31平米 | 南 北,https://ke-image.ljcdn.com/110000-inspection/bb2216be-7b29-4b21-8257-eeaea5ae1124_1000.jpg!m_fill,w_280,h_210,f_jpg?from=ke.com
20241025,丰台,刘家窑,101117433354,建邦华府 精装修 西南向三居 随时看房,898万,53648元/平,低楼层 (共18层) | 2009年 | 3室2厅 | 167.39平米 | 西南,https://ke-image.ljcdn.com/110000-inspection/88d1edd5-fecf-4162-9213-99aff2d82740_1000.jpg!m_fill,w_280,h_210,f_jpg?from=ke.com
20241025,丰台,刘家窑,101116578163,建邦华府  南北通透  带电梯  1梯1户房主自荐,2200万,77047元/平,顶层 (共7层) | 2009年 | 6室2厅 | 285.54平米 | 南 北,https://ke-image.ljcdn.com/110000-inspection/bc36c36f-cc8e-4bb4-ae65-14244e5a0779_1000.jpg!m_fill,w_280,h_210,f_jpg?from=ke.com
20241025,丰台,刘家窑,101116110247,建邦华府南北通透四居室 满五年唯一 人车分流小区,1386万,69607元/平,低楼层 (共7层) 4室2厅 | 199.12平米 | 南 北,https://ke-image.ljcdn.com/110000-inspection/caf373f1-1817-4b22-871b-6ed9199d3a86_1000.jpg!m_fill,w_280,h_210,f_jpg?from=ke.com
20241025,丰台,刘家窑,101113754680,鑫兆雅园北区商品房 南北通透大三居 板楼房主自荐,910万,67563元/平,顶层 (共14层) | 2004年 | 3室1厅 | 134.69平米 | 南 北,https://ke-image.ljcdn.com/110000-inspection/pc1_YJ2gZvqdP.jpg!m_fill,w_280,h_210,f_jpg?from=ke.com
20241025,丰台,刘家窑,101127244971,嘉业大厦二期 1室1厅 南,365万,57255元/平,底层 (共10层) | 2006年 | 1室1厅 | 63.75平米 | 南,https://ke-image.ljcdn.com/110000-inspection/7e81a960-263c-4587-8f23-ab1c8f3508dc_1000.jpg!m_fill,w_280,h_210,f_jpg?from=ke.com
20241025,丰台,刘家窑,101127230436,石榴园南里小区新上大两居。南北通透 宋家庄南三环新上,318万,39750元/平,中楼层 (共10层) 2室1厅 | 80平米 | 南 北,https://ke-image.ljcdn.com/110000-inspection/c82e228c-cd56-4e4f-9fb4-ccb6555c3ff6_1000.jpg!m_fill,w_280,h_210,f_jpg?from=ke.com
20241025,丰台,刘家窑,101127222269,石榴园南里小区 1室1厅 南 北新上,249万,47115元/平,中楼层 (共10层) 1室1厅 | 52.85平米 | 南 北,https://ke-image.ljcdn.com/110000-inspection/6944b500-c8b3-4716-bfaa-f8d10edd44de_1000.jpg!m_fill,w_280,h_210,f_jpg?from=ke.com
20241025,丰台,刘家窑,101127177324,南三环正规两居室 带电梯 精装修新上,389万,41357元/平,低楼层 (共22层) | 2001年 | 2室1厅 | 94.06平米 | 北,https://ke-image.ljcdn.com/110000-inspection/09c2c35f-7758-4d22-8f2f-ce382c696d06_1000.jpg!m_fill,w_280,h_210,f_jpg?from=ke.com
20241025,丰台,刘家窑,101127136821,贾家花园15号院 两梯两户南北通透全明格局三居室新上,985万,64692元/平,高楼层 (共16层) | 2009年 | 3室2厅 | 152.26平米 | 南 北,https://ke-image.ljcdn.com/110000-inspection/412f071d-bd36-4671-9fef-f357b1bd8bcf_1000.jpg!m_fill,w_280,h_210,f_jpg?from=ke.com
20241025,丰台,刘家窑,101127131270,南三环中路 满五唯一 南向两居室 近地铁 有电梯新上,239万,43854元/平,顶层 (共14层) 2室1厅 | 54.5平米 | 南,https://ke-image.ljcdn.com/110000-inspection/00bf8efd-d10e-4a8d-86c2-9a08989fd726_1000.jpg!m_fill,w_280,h_210,f_jpg?from=ke.com
20241025,丰台,刘家窑,101127118900,贾家花园15号院 南北通透三居室 户型好 随时看房新上,1078万,62595元/平,底层 (共25层) 3室2厅 | 172.22平米 | 南 北,https://ke-image.ljcdn.com/110000-inspection/29476cbe-33bc-4ffc-9b49-2728ce18de24_1000.jpg!m_fill,w_280,h_210,f_jpg?from=ke.com
20241025,丰台,刘家窑,101127115143,贾家花园15号院通透三居全明格局小区位置好新上,1180万,68541元/平,底层 (共25层) 3室1厅 | 172.16平米 | 南 北,https://ke-image.ljcdn.com/110000-inspection/e9087688-bfab-413e-985b-a5dc3d695dfe_1000.jpg!m_fill,w_280,h_210,f_jpg?from=ke.com
20241025,丰台,刘家窑,101127114779,贾家花园15号院 全明格局 西南北向三居新上,1130万,75314元/平,高楼层 (共25层) 3室2厅 | 150.04平米 | 西 南 北,https://ke-image.ljcdn.com/110000-inspection/d81cd427-b80b-4d08-918f-97a440a518de_1000.jpg!m_fill,w_280,h_210,f_jpg?from=ke.com
20241025,丰台,刘家窑,101127092534,宋家庄家园三区 1室1厅 西南新上,249万,48435元/平,低楼层 (共29层) | 2011年 | 1室1厅 | 51.41平米 | 西南,https://ke-image.ljcdn.com/110000-inspection/pc1_eHaquWbDh_1.jpg!m_fill,w_280,h_210,f_jpg?from=ke.com
20241025,丰台,刘家窑,101127087241,地铁口 商品房社区 有钥匙 随时看 着急卖,500万,55923元/平,低楼层 (共24层) | 2003年 | 2室1厅 | 89.41平米 | 东 南 西 北,https://ke-image.ljcdn.com/110000-inspection/2be83a79-f8c0-4d0b-8024-b552be1a942b_1000.jpg!m_fill,w_280,h_210,f_jpg?from=ke.com
20241025,丰台,刘家窑,101127086043,建邦华府 3室1厅 西南,928万,55447元/平,中楼层 (共18层) | 2009年 | 3室1厅 | 167.37平米 | 西南,https://ke-image.ljcdn.com/110000-inspection/905c4dbc-5cc4-4024-a3d5-e0ae23bcae1c_1000.jpg!m_fill,w_280,h_210,f_jpg?from=ke.com
20241025,丰台,刘家窑,101127085765,建邦华府正规大一居精装修随时可看满5年,530万,61216元/平,中楼层 (共18层) | 2009年 | 1室1厅 | 86.58平米 | 西,https://ke-image.ljcdn.com/110000-inspection/a53c3d3d-2fca-4f5f-a89c-ffc73255d23b_1000.jpg!m_fill,w_280,h_210,f_jpg?from=ke.com
20241025,丰台,刘家窑,101127082975,石榴园南里小区 2室1厅 南 北,268万,37646元/平,顶层 (共9层) | 1995年 | 2室1厅 | 71.19平米 | 南 北,https://ke-image.ljcdn.com/110000-inspection/e81ebb83-4b6d-44d3-aed5-bea9f78d0824_1000.jpg!m_fill,w_280,h_210,f_jpg?from=ke.com
20241025,丰台,刘家窑,101127055770,石榴园北里小区 电梯楼一居室 朝南对花园,199万,49875元/平,低楼层 (共18层) 1室1厅 | 39.9平米 | 南,https://ke-image.ljcdn.com/110000-inspection/755194b0-1aa8-4787-9d44-0e9249962c56_1000.jpg!m_fill,w_280,h_210,f_jpg?from=ke.com
20241025,丰台,刘家窑,101127017786,石榴园北里楼层好精装修小区公园比较近,274万,45126元/平,中楼层 (共6层) 2室1厅 | 60.72平米 | 东 西,https://ke-image.ljcdn.com/110000-inspection/7ee35e12-403c-4176-8890-37ab30a02b4c_1000.jpg!m_fill,w_280,h_210,f_jpg?from=ke.com
20241025,丰台,刘家窑,101126947633,房子采光好 视野好 满五唯一商品房 契税首套1%,228万,51456元/平,高楼层 (共6层) | 2000年 | 1室1厅 | 44.31平米 | 南,https://ke-image.ljcdn.com/110000-inspection/9722daaf-1bd2-4e2d-bd70-6df307d28cb4_1000.jpg!m_fill,w_280,h_210,f_jpg?from=ke.com
20241025,丰台,刘家窑,101126946495,顺欣嘉园 2室1厅 东,450万,54368元/平,中楼层 (共16层) | 2013年 | 2室1厅 | 82.77平米 | 东,https://ke-image.ljcdn.com/110000-inspection/pc1_hVZsL6TZ0_1.jpg!m_fill,w_280,h_210,f_jpg?from=ke.com
20241025,丰台,刘家窑,101126914628,鑫兆雅园北区 电梯房 高楼层全名格局两居,587万,57862元/平,高楼层 (共20层) | 2004年 | 2室1厅 | 101.45平米 | 东北,https://ke-image.ljcdn.com/110000-inspection/45507bbb-fa78-4cbf-b7d1-fe28d53868f7_1000.jpg!m_fill,w_280,h_210,f_jpg?from=ke.com
20241025,丰台,刘家窑,101126913431,鑫兆雅园北区 2梯4户 满五年唯一商品房,550万,63739元/平,高楼层 (共20层) | 2004年 | 2室1厅 | 86.29平米 | 西北,https://ke-image.ljcdn.com/110000-inspection/cad95e9c-8993-4bf0-8c01-dce998495d5f_1000.jpg!m_fill,w_280,h_210,f_jpg?from=ke.com
20241025,丰台,刘家窑,101126910110,榴景秀苑 2室1厅 南,575万,67536元/平,低楼层 (共29层) | 2017年 | 2室1厅 | 85.14平米 | 南,https://ke-image.ljcdn.com/110000-inspection/fd87ddc8-66fd-4465-89d0-0a5294f74254_1000.jpg!m_fill,w_280,h_210,f_jpg?from=ke.com
20241025,丰台,刘家窑,101126907241,南北通透全明格局 一梯两户管理好 环境优美3个花园,998万,65310元/平,低楼层 (共12层) | 2004年 | 3室2厅 | 152.81平米 | 东 南 北,https://ke-image.ljcdn.com/110000-inspection/pc1_Cf7kdV5ok.jpg!m_fill,w_280,h_210,f_jpg?from=ke.com
20241025,丰台,刘家窑,101126796740,东南两居室  满五年唯一商品房 全明格局 采光好,708万,67506元/平,中楼层 (共22层) | 2003年 | 2室1厅 | 104.88平米 | 东南,https://ke-image.ljcdn.com/110000-inspection/9aa098b1-bca2-4b46-9cae-09f0542e4ee9_1000.jpg!m_fill,w_280,h_210,f_jpg?from=ke.com
20241025,丰台,刘家窑,101126759202,满5年唯一商品房精装修三面朝南 高楼层居住舒适,830万,59138元/平,高楼层 (共23层) | 2004年 | 3室2厅 | 140.35平米 | 东南,https://ke-image.ljcdn.com/110000-inspection/65ab1a9c-a1e2-4cdb-9a8f-c3ecabb2d509_1000.jpg!m_fill,w_280,h_210,f_jpg?from=ke.com
20241025,丰台,刘家窑,101126716366,嘉业大厦二期 诚心出售 满五唯一商品房,630万,30171元/平,低楼层 (共19层) | 2006年 | 4室2厅 | 208.81平米 | 东北,https://ke-image.ljcdn.com/110000-inspection/50150bd2-1466-4b87-b206-20e5f8d45709_1000.jpg!m_fill,w_280,h_210,f_jpg?from=ke.com
20241025,丰台,刘家窑,101126715243,同仁堂家属楼全明格局刘家窑地铁,308万,37429元/平,中楼层 (共7层) 2室1厅 | 82.29平米 | 东 西,https://ke-image.ljcdn.com/110000-inspection/107f5173-d9b2-41a2-bd38-371564d18acf_1000.jpg!m_fill,w_280,h_210,f_jpg?from=ke.com
20241025,丰台,刘家窑,101126699780,鑫兆雅园北区 板楼一层 使用面积大 满五唯一,598万,80247元/平,底层 (共6层) | 2005年 | 2室1厅 | 74.52平米 | 南 北,https://ke-image.ljcdn.com/110000-inspection/d6480ff9-ef23-4f03-983a-aacd997c2355_1000.jpg!m_fill,w_280,h_210,f_jpg?from=ke.com
20241025,丰台,刘家窑,101126679050,石榴园南里小区 1室1厅 西南,188万,38723元/平,底层 (共12层) 1室1厅 | 48.55平米 | 西南,https://ke-image.ljcdn.com/110000-inspection/f354e24f-1c39-4e1b-bddd-dbd38347c3b0_1000.jpg!m_fill,w_280,h_210,f_jpg?from=ke.com
20241025,丰台,刘家窑,101126614606,宋家庄家园三区 2室1厅 东南,445万,64493元/平,低楼层 (共29层) | 2011年 | 2室1厅 | 69平米 | 东南,https://ke-image.ljcdn.com/110000-inspection/2dc3db3b-3c0e-4efd-b367-66f029932b4e_1000.jpg!m_fill,w_280,h_210,f_jpg?from=ke.com
20241025,丰台,刘家窑,101126591533,横七条 1997年板楼 整体已经老旧社区改造房主自荐,246万,37777元/平,顶层 (共6层) 2室1厅 | 65.12平米 | 东 西,https://ke-image.ljcdn.com/110000-inspection/84b5fe4e-6317-4783-8c93-097f6540d311_1000.jpg!m_fill,w_280,h_210,f_jpg?from=ke.com
20241025,丰台,刘家窑,101126585182,精装两居 采光好 无遮挡 两厅,309万,45983元/平,中楼层 (共6层) 2室1厅 | 67.2平米 | 南 北,https://ke-image.ljcdn.com/110000-inspection/ad2f6078-43fc-406a-a4a7-2552b4aa5a58_1000.jpg!m_fill,w_280,h_210,f_jpg?from=ke.com
20241025,丰台,刘家窑,101126513778,南北通透 看房方便 随时签约 有露天 随时签约,239万,42452元/平,顶层 (共6层) 1室1厅 | 56.3平米 | 南 北,https://ke-image.ljcdn.com/110000-inspection/pc1_b0aZcwnYc_1.jpg!m_fill,w_280,h_210,f_jpg?from=ke.com
20241025,丰台,刘家窑,101126505134,刘家窑地铁附近 南三环中路电梯2居室 东南向不临街,330万,50879元/平,低楼层 (共18层) | 1992年 | 2室1厅 | 64.86平米 | 东南,https://ke-image.ljcdn.com/110000-inspection/2398daee-faed-47d0-b396-7b31acb9888d_1000.jpg!m_fill,w_280,h_210,f_jpg?from=ke.com
20241025,丰台,刘家窑,101126474315,满五年商品房西北向大三居室高楼层视野采光好,448万,41648元/平,中楼层 (共24层) | 2002年 | 3室1厅 | 107.57平米 | 西 北,https://ke-image.ljcdn.com/110000-inspection/214489aa-35ab-4b19-acba-ab18dab000fd_1000.jpg!m_fill,w_280,h_210,f_jpg?from=ke.com
20241025,丰台,刘家窑,101126457550,方南家园一期 正规两居室 看房方便 随时签约,358万,33543元/平,顶层 (共6层) 2室2厅 | 106.73平米 | 东,https://ke-image.ljcdn.com/110000-inspection/8086a913-af9d-4e4e-852e-1f8f7b7ea4b9_1000.jpg!m_fill,w_280,h_210,f_jpg?from=ke.com
20241025,丰台,刘家窑,101126448322,方南家园一期 5室2厅 北 南,490万,32578元/平,顶层 (共6层) 5室2厅 | 150.41平米 | 北 南,https://ke-image.ljcdn.com/110000-inspection/pc1_FFkzNBzRd_1.jpg!m_fill,w_280,h_210,f_jpg?from=ke.com
20241025,丰台,刘家窑,101126448290,南三环 刘家窑正规一居室 看房方便 有电梯,300万,50908元/平,中楼层 (共12层) 1室1厅 | 58.93平米 | 东,https://ke-image.ljcdn.com/110000-inspection/35ff318b-999f-4d4f-9b85-4d23dcfc9c9d_1000.jpg!m_fill,w_280,h_210,f_jpg?from=ke.com
20241025,丰台,刘家窑,101126447975,正规大4居满五唯一商品房精装修拎包入住停车方便,520万,51829元/平,顶层 (共6层) 4室2厅 | 100.33平米 | 东 南 西 北,https://ke-image.ljcdn.com/110000-inspection/ef5c506b-f83f-4482-a5e4-aefdf9ffb1ce_1000.jpg!m_fill,w_280,h_210,f_jpg?from=ke.com
20241025,丰台,刘家窑,101126446729,顺四条37号院带电梯正规两居室,353万,53567元/平,中楼层 (共18层) 2室1厅 | 65.9平米 | 东,https://ke-image.ljcdn.com/110000-inspection/a5845367-833b-41b1-bc50-da137342f0eb_1000.jpg!m_fill,w_280,h_210,f_jpg?from=ke.com
20241025,丰台,刘家窑,101126444159,鑫兆雅园北区  宋庄路71号院7号路,499万,63117元/平,顶层 (共6层) | 2005年 | 2室1厅 | 79.06平米 | 南 北,https://ke-image.ljcdn.com/110000-inspection/28c4f657-66cb-413e-92bd-33b186b71af1_1000.jpg!m_fill,w_280,h_210,f_jpg?from=ke.com
20241025,丰台,刘家窑,101126433236,宋家庄地铁！商品房社区！板楼！集中供暖！,308万,55626元/平,高楼层 (共6层) 1室2厅 | 55.37平米 | 西北,https://ke-image.ljcdn.com/110000-inspection/209568c7-1f63-489a-842d-002c8d236dff_1000.jpg!m_fill,w_280,h_210,f_jpg?from=ke.com
20241025,丰台,刘家窑,101126432501,方南家园二期纯商品房双卫大两居,600万,57417元/平,高楼层 (共23层) | 2004年 | 2室1厅 | 104.5平米 | 东南,https://ke-image.ljcdn.com/110000-inspection/0a5dfc21-9ec4-49d5-ad24-1a6b86e29204_1000.jpg!m_fill,w_280,h_210,f_jpg?from=ke.com
20241025,丰台,刘家窑,101126415622,石榴园北里小区/精装修/南边通透/低楼层,269万,45594元/平,底层 (共6层) 2室1厅 | 59平米 | 南 北,https://ke-image.ljcdn.com/110000-inspection/b870f04b-2e7d-492d-8161-df33358c2bb0_1000.jpg!m_fill,w_280,h_210,f_jpg?from=ke.com
20241025,丰台,刘家窑,101126377017,宋家庄家园 2010年小区 地铁边 正规一居室,232万,45049元/平,低楼层 (共29层) | 2010年 | 1室1厅 | 51.5平米 | 东南,https://ke-image.ljcdn.com/110000-inspection/pc1_PsiDRrdhw.jpg!m_fill,w_280,h_210,f_jpg?from=ke.com
20241025,丰台,刘家窑,101126289754,建邦华府 四居室带下跃 小区中间 前后安静 宜居好,1700万,57282元/平,底层 (共9层) 4室2厅 | 296.78平米 | 南 北,https://ke-image.ljcdn.com/110000-inspection/d3f36b16-1190-44e9-b441-9800f08247d3_1000.jpg!m_fill,w_280,h_210,f_jpg?from=ke.com
20241025,丰台,刘家窑,101126212624,方南家园 朝东两居室 采光好 无遮挡房主自荐,368万,45121元/平,高楼层 (共24层) | 2000年 | 2室1厅 | 81.56平米 | 东,https://ke-image.ljcdn.com/110000-inspection/c4545b1c-f0a7-4166-a59f-109c43c8d755_1000.jpg!m_fill,w_280,h_210,f_jpg?from=ke.com
20241025,丰台,刘家窑,101126206821,东铁营顺四条37号院  三环地铁,329万,47475元/平,高楼层 (共18层) 2室1厅 | 69.3平米 | 南 西南,https://ke-image.ljcdn.com/110000-inspection/pc1_WDvD05oIM.jpg!m_fill,w_280,h_210,f_jpg?from=ke.com
20241025,丰台,刘家窑,101126197916,正邦嘉园二期 2006年建成有电梯,190万,37409元/平,低楼层 (共24层) | 2006年 | 1室0厅 | 50.79平米 | 东 北,https://ke-image.ljcdn.com/110000-inspection/pc1_1wzxEclL7_1.jpg!m_fill,w_280,h_210,f_jpg?from=ke.com
20241025,丰台,刘家窑,101126040986,石榴园北里小区/三层/南边通透/明厨明卫,398万,54784元/平,中楼层 (共6层) 3室1厅 | 72.65平米 | 南 北 东,https://ke-image.ljcdn.com/110000-inspection/1ea5fdd6-1252-46c1-b47a-fbed1048ad98_1000.jpg!m_fill,w_280,h_210,f_jpg?from=ke.com
20241025,丰台,刘家窑,101126031477,石榴园北里小区 80.81平三居单价35887,290万,35887元/平,顶层 (共6层) 3室1厅 | 80.81平米 | 东 西 北,https://ke-image.ljcdn.com/110000-inspection/pc1_Mw0hJiaB8_1.jpg!m_fill,w_280,h_210,f_jpg?from=ke.com
20241025,丰台,刘家窑,101126011039,三环刘家窑 5号线同仁园 电梯房东南向两居室,390万,46898元/平,低楼层 (共25层) 2室2厅 | 83.16平米 | 东南,https://ke-image.ljcdn.com/110000-inspection/90cf217e-c94a-4903-850f-dd14027082bd_1000.jpg!m_fill,w_280,h_210,f_jpg?from=ke.com
20241025,丰台,刘家窑,101125999266,近地铁满五唯一 南三环低楼层新上精诚意出售,263万,44789元/平,底层 (共6层) 2室1厅 | 58.72平米 | 东 西,https://ke-image.ljcdn.com/110000-inspection/540356ab-1566-4b09-bc80-a55bf8f77809_1000.jpg!m_fill,w_280,h_210,f_jpg?from=ke.com
20241025,丰台,刘家窑,101125996012,南三环赵公口刘家窑建邦华府南北通透大平层,2228万,67024元/平,底层 (共7层) | 2009年 | 5室3厅 | 332.42平米 | 南 北,https://ke-image.ljcdn.com/110000-inspection/bbe470ae-0f96-4984-a228-7424b1491edf_1000.jpg!m_fill,w_280,h_210,f_jpg?from=ke.com
20241025,丰台,刘家窑,101125987054,南北通透两居室三环刘家窑地铁附近,179万,36383元/平,地下室 (共6层) 2室1厅 | 49.2平米 | 南 北,https://ke-image.ljcdn.com/110000-inspection/191b8544-c834-48d4-9017-3768870fe412_1000.jpg!m_fill,w_280,h_210,f_jpg?from=ke.com
20241025,丰台,刘家窑,101125937035,石榴园南里小区中间层楼龄新三居室房主自荐,315万,45666元/平,中楼层 (共6层) | 2000年 | 3室1厅 | 68.98平米 | 东 南 西,https://ke-image.ljcdn.com/110000-inspection/e0e6a104-fa68-4c67-afdf-922c898fb422_1000.jpg!m_fill,w_280,h_210,f_jpg?from=ke.com
20241025,丰台,刘家窑,101125918684,南三环高品质社区 两居室 双卫 满五唯一 随时,668万,56808元/平,底层 (共23层) 2室1厅 | 117.59平米 | 东南,https://ke-image.ljcdn.com/110000-inspection/pc1_DgRjNSNmN_1.jpg!m_fill,w_280,h_210,f_jpg?from=ke.com
20241025,丰台,刘家窑,101125852374,看房随时 满五年商品房 封闭管理 近三环靠地铁,280万,50153元/平,低楼层 (共23层) | 2004年 | 1室1厅 | 55.83平米 | 北,https://ke-image.ljcdn.com/110000-inspection/13c91dec-3be4-46f2-b6ff-e637415fcd0d_1000.jpg!m_fill,w_280,h_210,f_jpg?from=ke.com
20241025,丰台,刘家窑,101125826718,方南家园一期 2室1厅 南 北房主自荐,530万,60228元/平,高楼层 (共6层) 2室1厅 | 88平米 | 南 北,https://ke-image.ljcdn.com/110000-inspection/pc1_czaVH8POw_1.jpg!m_fill,w_280,h_210,f_jpg?from=ke.com
20241025,丰台,刘家窑,101125772761,刘家窑低楼层两居南北通透两居室,218万,41445元/平,中楼层 (共5层) 2室1厅 | 52.6平米 | 南 北,https://ke-image.ljcdn.com/110000-inspection/pc1_FplesU3DW_1.jpg!m_fill,w_280,h_210,f_jpg?from=ke.com
20241025,丰台,刘家窑,101125727317,电梯房 改善三居室 满五年唯一住宅 高层,459万,45695元/平,中楼层 (共24层) | 2000年 | 3室1厅 | 100.45平米 | 西北,https://ke-image.ljcdn.com/110000-inspection/pc1_NEC9RQ3uL_1.jpg!m_fill,w_280,h_210,f_jpg?from=ke.com
20241025,丰台,刘家窑,101125709335,扑满山 满五唯一商品房  户型方正,245万,30522元/平,低楼层 (共18层) | 2008年 | 1室1厅 | 80.27平米 | 西,https://ke-image.ljcdn.com/110000-inspection/7fac81cb-9135-4ada-88c9-4114acb34aa6_1000.jpg!m_fill,w_280,h_210,f_jpg?from=ke.com
20241025,丰台,刘家窑,101125602146,宋家庄家园三区朝南向高楼层无遮挡。,430万,62310元/平,高楼层 (共29层) | 2011年 | 2室1厅 | 69.01平米 | 南,https://ke-image.ljcdn.com/110000-inspection/61a1412d-a494-491f-a4ea-38fe7706aa7d_1000.jpg!m_fill,w_280,h_210,f_jpg?from=ke.com
20241025,丰台,刘家窑,101125545514,建邦华府 车位,50万,39216元/平,地下室 | 2009年 | 1室0厅 | 12.75平米 | 北,https://ke-image.ljcdn.com/110000-inspection/8c083ac9-2a9c-42a7-9740-4364910cdf55_1000.jpg!m_fill,w_280,h_210,f_jpg?from=ke.com
20241025,丰台,刘家窑,101125553663,贾家花园甲1号院 全明格局 三居室 满五年唯一房主自荐,279万,39926元/平,顶层 (共6层) 3室1厅 | 69.88平米 | 东 西,https://ke-image.ljcdn.com/110000-inspection/fa537def-74e6-43d9-a3da-4eb31712b534_1000.jpg!m_fill,w_280,h_210,f_jpg?from=ke.com
20241025,丰台,刘家窑,101125401904,南三环 刘家窑 建邦华府 一层带下跃  南北通透,2190万,66118元/平,底层 (共8层) | 2009年 | 5室3厅 | 331.23平米 | 北 南,https://ke-image.ljcdn.com/110000-inspection/b2e84d2e-5350-4954-a7ce-054f58835134_1000.jpg!m_fill,w_280,h_210,f_jpg?from=ke.com
20241025,丰台,刘家窑,101125208444,顺六条精装修满五年唯一南北通透户,378万,42089元/平,顶层 (共6层) | 1998年 | 2室2厅 | 89.81平米 | 南 北,https://ke-image.ljcdn.com/110000-inspection/pc1_LbqcZpJyn.jpg!m_fill,w_280,h_210,f_jpg?from=ke.com
20241025,丰台,刘家窑,101125199564,宋家庄地铁口南北板楼正规大两居室套内面积大,499万,52844元/平,顶层 (共6层) 2室2厅 | 94.43平米 | 南 北,https://ke-image.ljcdn.com/110000-inspection/pc1_P4Mi1ljmA_1.jpg!m_fill,w_280,h_210,f_jpg?from=ke.com
20241025,丰台,刘家窑,101125127652,顺欣嘉园 2013年国资委家属院 有固定车位,450万,54368元/平,高楼层 (共16层) | 2013年 | 2室1厅 | 82.77平米 | 东,https://ke-image.ljcdn.com/110000-inspection/pc1_cWieXqptK_1.jpg!m_fill,w_280,h_210,f_jpg?from=ke.com
20241025,丰台,刘家窑,101125103586,地铁5号线 商品房社区 楼层高视野好,346万,38048元/平,中楼层 (共24层) | 2002年 | 2室1厅 | 90.94平米 | 东北,https://ke-image.ljcdn.com/110000-inspection/a595efe6-d5db-44df-85ba-9e768450b695_1000.jpg!m_fill,w_280,h_210,f_jpg?from=ke.com
20241025,丰台,刘家窑,101125047020,新上精装修一居室  超棒户型  纯商品房下楼地铁,325万,60908元/平,中楼层 (共20层) | 2004年 | 1室1厅 | 53.36平米 | 西 北,https://ke-image.ljcdn.com/110000-inspection/ed0f7143-3196-4609-8577-689b04e2e59b_1000.jpg!m_fill,w_280,h_210,f_jpg?from=ke.com
20241025,丰台,刘家窑,101125046381,横五条东西通透的三居室  房主诚心出售,350万,45104元/平,顶层 (共6层) | 1985年 | 3室1厅 | 77.6平米 | 东 西,https://ke-image.ljcdn.com/110000-inspection/84dc65c7-63a2-4687-8de0-87d94e8a7a1a_1000.jpg!m_fill,w_280,h_210,f_jpg?from=ke.com
20241025,丰台,刘家窑,101125036028,满五唯一中间层单独管理刘家窑地铁,245万,42833元/平,中楼层 (共6层) 2室1厅 | 57.2平米 | 南 北,https://ke-image.ljcdn.com/110000-inspection/fb31313b-3dc2-46a8-a14a-d4ee7def95b6_1000.jpg!m_fill,w_280,h_210,f_jpg?from=ke.com
20241025,丰台,刘家窑,101124983708,正规三居室双阳台非顶层安静适合一家人居住。,338万,43378元/平,高楼层 (共6层) 3室1厅 | 77.92平米 | 东 西 南,https://ke-image.ljcdn.com/110000-inspection/pc1_N2ir0I8BM.jpg!m_fill,w_280,h_210,f_jpg?from=ke.com
20241025,丰台,刘家窑,101124979287,扑满山 中间层一居室 地铁口100米房主自荐,295万,36660元/平,中楼层 (共18层) | 2008年 | 2室1厅 | 80.47平米 | 西,https://ke-image.ljcdn.com/110000-inspection/75b72f85-e89a-46c4-bd58-6756ce23873d_1000.jpg!m_fill,w_280,h_210,f_jpg?from=ke.com
20241025,丰台,刘家窑,101124966916,同仁园  西南向2居室   电梯房,414万,49784元/平,底层 (共25层) 2室1厅 | 83.16平米 | 西南,https://ke-image.ljcdn.com/110000-inspection/21399612-3630-4498-a3e1-da724480c6a0_1000.jpg!m_fill,w_280,h_210,f_jpg?from=ke.com
20241025,丰台,刘家窑,101124898857,满五年唯一商品房不临街全明格局三条地铁交汇,875万,68317元/平,中楼层 (共24层) | 2003年 | 3室2厅 | 128.08平米 | 南 西 北,https://ke-image.ljcdn.com/110000-inspection/61053905-5d99-4629-9721-703dbfc81e83_1000.jpg!m_fill,w_280,h_210,f_jpg?from=ke.com
20241025,丰台,刘家窑,101124841259,榴景秀苑 2018年交房 2梯5户 人车分流,468万,54590元/平,高楼层 (共29层) | 2017年 | 2室1厅 | 85.73平米 | 西,https://ke-image.ljcdn.com/110000-inspection/pc1_xrPLo7uCD.jpg!m_fill,w_280,h_210,f_jpg?from=ke.com
20241025,丰台,刘家窑,101124827231,鑫兆雅园北区 纯商品房社区  东向电梯房,470万,65260元/平,低楼层 (共20层) | 2004年 | 1室1厅 | 72.02平米 | 东,https://ke-image.ljcdn.com/110000-inspection/6612b5ba-e4d5-4dac-b68d-06e6accc0a0e_1000.jpg!m_fill,w_280,h_210,f_jpg?from=ke.com
20241025,丰台,刘家窑,101124827152,一栋苑全南向两居室采光好视野开阔,398万,44086元/平,顶层 (共24层) 2室1厅 | 90.28平米 | 南,https://ke-image.ljcdn.com/110000-inspection/pc1_nyRsyMizo_1.jpg!m_fill,w_280,h_210,f_jpg?from=ke.com
20241025,丰台,刘家窑,101124697771,石榴园北里电梯房高楼层345万两句室,345万,45587元/平,高楼层 (共18层) 2室1厅 | 75.68平米 | 南 西南 西,https://ke-image.ljcdn.com/110000-inspection/706f9850-03ca-4213-a175-5f347fba41ff_1000.jpg!m_fill,w_280,h_210,f_jpg?from=ke.com
20241025,丰台,刘家窑,101124661113,带电梯南北通透两居室中间楼层采光好,380万,61390元/平,中楼层 (共14层) | 1980年 | 2室1厅 | 61.9平米 | 北 南,https://ke-image.ljcdn.com/110000-inspection/b22dbd75-9599-432a-952d-4a937f34ee0c_1000.jpg!m_fill,w_280,h_210,f_jpg?from=ke.com
20241025,丰台,刘家窑,101124612447,榴景秀苑 满五年唯一商品房 人车分流 2018年交,535万,61736元/平,高楼层 (共29层) | 2017年 | 2室1厅 | 86.66平米 | 南 北,https://ke-image.ljcdn.com/110000-inspection/pc1_E4EjVKL2y_1.jpg!m_fill,w_280,h_210,f_jpg?from=ke.com
20241025,丰台,刘家窑,101124603731,总监推荐新上  板楼 次顶层 一梯三户 满五唯一,358万,64540元/平,高楼层 (共6层) 2室1厅 | 55.47平米 | 西北,https://ke-image.ljcdn.com/110000-inspection/pc1_geouuXtcF.jpg!m_fill,w_280,h_210,f_jpg?from=ke.com
20241025,丰台,刘家窑,101124433799,精装修 全南向两居室 采光好 不临街,342万,49551元/平,高楼层 (共10层) | 2000年 | 2室1厅 | 69.02平米 | 南,https://ke-image.ljcdn.com/110000-inspection/3d0785a6-56bb-4a3e-8b52-07fbb972b153_1000.jpg!m_fill,w_280,h_210,f_jpg?from=ke.com
20241025,丰台,刘家窑,101124426069,宋庄路71号院 扑满山 地铁口,289万,36004元/平,中楼层 (共18层) | 2008年 | 2室1厅 | 80.27平米 | 东,https://ke-image.ljcdn.com/110000-inspection/pc1_Nb9RONfSi_1.jpg!m_fill,w_280,h_210,f_jpg?from=ke.com
20241025,丰台,刘家窑,101124354455,一栋苑 2室1厅 北,355万,39037元/平,高楼层 (共24层) | 2002年 | 2室1厅 | 90.94平米 | 北,https://ke-image.ljcdn.com/110000-inspection/pc1_XiQbX2PKe_1.jpg!m_fill,w_280,h_210,f_jpg?from=ke.com
20241025,丰台,刘家窑,101124332952,贾家花园15号院  朝南2居室  正对小区花园,798万,58699元/平,中楼层 (共25层) 2室1厅 | 135.95平米 | 南,https://ke-image.ljcdn.com/110000-inspection/39c90730-1d55-4351-be70-31ce0f3d137e_1000.jpg!m_fill,w_280,h_210,f_jpg?from=ke.com
20241025,丰台,刘家窑,101124327417,建邦华府 南北通透三居 看小区花园,1250万,73926元/平,低楼层 (共8层) | 2009年 | 3室2厅 | 169.09平米 | 南 北,https://ke-image.ljcdn.com/110000-inspection/2afefdb3-b332-4f3f-898b-bcb106bb65a7_1000.jpg!m_fill,w_280,h_210,f_jpg?from=ke.com
20241025,丰台,刘家窑,101124232978,业主诚意出售 满五年唯一商品房 钢混有电梯,320万,46177元/平,中楼层 (共18层) | 1998年 | 2室1厅 | 69.3平米 | 西南,https://ke-image.ljcdn.com/110000-inspection/061b165b-c93c-4851-93b8-5ab43eb4215a_1000.jpg!m_fill,w_280,h_210,f_jpg?from=ke.com
20241025,丰台,刘家窑,101124183951,10号线宋家庄石榴庄朝东向一居 电梯房满五唯一商品房,199万,40049元/平,高楼层 (共9层) | 2000年 | 1室1厅 | 49.69平米 | 东,https://ke-image.ljcdn.com/110000-inspection/fc76ff06-60b5-410d-bcab-a0bd2a53a434_1000.jpg!m_fill,w_280,h_210,f_jpg?from=ke.com
20241025,丰台,刘家窑,101124166440,此房满五唯一高楼层视野好南三环交通便利,532万,48028元/平,中楼层 (共22层) | 2003年 | 2室1厅 | 110.77平米 | 东北,https://ke-image.ljcdn.com/110000-inspection/pc1_wUTqOa2ks_1.jpg!m_fill,w_280,h_210,f_jpg?from=ke.com
20241025,丰台,刘家窑,101124129617,南三环 刘家窑地铁口 南向两居室 满五唯一 有电梯房主自荐,486万,51402元/平,低楼层 (共22层) | 2001年 | 2室1厅 | 94.55平米 | 南,https://ke-image.ljcdn.com/110000-inspection/9b65677d-e2cd-444e-8e3e-e381578a9ec4_1000.jpg!m_fill,w_280,h_210,f_jpg?from=ke.com
20241025,丰台,刘家窑,101124114680,榴景秀苑 2018年交房 人车分流 采光充足 无遮挡,569万,63697元/平,高楼层 (共29层) | 2017年 | 3室1厅 | 89.33平米 | 东南 西,https://ke-image.ljcdn.com/110000-inspection/pc1_Z7WcEfYUu.jpg!m_fill,w_280,h_210,f_jpg?from=ke.com
20241025,丰台,刘家窑,101124076147,南三环电梯南北通透两居室采光好,300万,55046元/平,中楼层 (共14层) 2室1厅 | 54.5平米 | 南 北,https://ke-image.ljcdn.com/110000-inspection/e5e5dce3-76d9-44bb-aa59-115f35123866_1000.jpg!m_fill,w_280,h_210,f_jpg?from=ke.com
20241025,丰台,刘家窑,101123982723,同仁园    南北通透  小区中间位置,499万,40629元/平,高楼层 (共7层) 3室2厅 | 122.82平米 | 南 北,https://ke-image.ljcdn.com/110000-inspection/710c8640-0e1a-47b2-bee2-1762f514e1b5_1000.jpg!m_fill,w_280,h_210,f_jpg?from=ke.com
20241025,丰台,刘家窑,101123921999,横七条44号院 高楼层三居室 双卫户型,678万,50677元/平,顶层 (共23层) | 2004年 | 3室2厅 | 133.79平米 | 西南 北,https://ke-image.ljcdn.com/110000-inspection/4737c6de-cdde-4a28-9f26-9b1155994b1b_1000.jpg!m_fill,w_280,h_210,f_jpg?from=ke.com
20241025,丰台,刘家窑,101123919800,总监推荐 20万精装修 南北通透 3居室满5年唯一商品房,390万,48611元/平,底层 (共12层) | 1999年 | 3室1厅 | 80.23平米 | 南 北,https://ke-image.ljcdn.com/110000-inspection/a6863571-46ee-4336-bdb2-2532e4047955_1000.jpg!m_fill,w_280,h_210,f_jpg?from=ke.com
20241025,丰台,刘家窑,101123893272,总监推荐 石榴园北里电力公司的宿舍楼管理好满五唯一,219万,40214元/平,顶层 (共6层) 2室1厅 | 54.46平米 | 南 北,https://ke-image.ljcdn.com/110000-inspection/1507eb62-c752-48a2-aea9-96b7d648c2c3_1000.jpg!m_fill,w_280,h_210,f_jpg?from=ke.com
20241025,丰台,刘家窑,101123879270,榴景秀苑 3室0厅 西北,510万,65385元/平,低楼层 (共29层) | 2017年 | 3室0厅 | 78平米 | 西北,https://ke-image.ljcdn.com/110000-inspection/pc1_Fs5hFg6eT.jpg!m_fill,w_280,h_210,f_jpg?from=ke.com
20241025,丰台,刘家窑,101123826296,正邦嘉园一期 精装修两居室 满五唯一,498万,44959元/平,低楼层 (共22层) 2室1厅 | 110.77平米 | 东北,https://ke-image.ljcdn.com/110000-inspection/pc1_dIkA6mbb5_1.jpg!m_fill,w_280,h_210,f_jpg?from=ke.com
20241025,丰台,刘家窑,101123811869,石榴庄 宋家庄 精装修婚房 大客厅 双阳台 干湿分离房主自荐,278万,44502元/平,高楼层 (共6层) 2室1厅 | 62.47平米 | 东 西,https://ke-image.ljcdn.com/110000-inspection/0c606e5e-0d9c-4d25-8f75-5d6b32841258_1000.jpg!m_fill,w_280,h_210,f_jpg?from=ke.com
20241025,丰台,刘家窑,101123804436,地铁口200米2004年小区户型方正电梯两居室,385万,44993元/平,高楼层 (共24层) | 2006年 | 2室1厅 | 85.57平米 | 西南,https://ke-image.ljcdn.com/110000-inspection/pc1_BdeICNLAl_1.jpg!m_fill,w_280,h_210,f_jpg?from=ke.com
20241025,丰台,刘家窑,101123737697,满五唯一商品房有电梯1998年小区出门物美超市房主自荐,319万,46032元/平,顶层 (共18层) 2室1厅 | 69.3平米 | 西南,https://ke-image.ljcdn.com/110000-inspection/6d65dee0-63f0-4d6e-bb5a-b1ebcabb3ad6_1000.jpg!m_fill,w_280,h_210,f_jpg?from=ke.com
20241025,丰台,刘家窑,101123706834,楼层高视野好无遮挡朝南向全天采光,435万,62753元/平,高楼层 (共29层) | 2011年 | 2室1厅 | 69.32平米 | 南,https://ke-image.ljcdn.com/110000-inspection/89475716-ef9f-4b71-8a6e-7dd342187c70_1000.jpg!m_fill,w_280,h_210,f_jpg?from=ke.com
20241025,丰台,刘家窑,101123639171,店长推荐：满五年唯一 近地铁 大社区 配套全 有车位,279万,42877元/平,底层 (共9层) 2室1厅 | 65.07平米 | 南 北,https://ke-image.ljcdn.com/110000-inspection/87cf4428-8859-4917-8a35-b304c9994ccf_1000.jpg!m_fill,w_280,h_210,f_jpg?from=ke.com
20241025,丰台,刘家窑,101123533031,三环刘家窑 地铁5号线 同仁园2000年商品房 满五年唯一,645万,45648元/平,底层 (共25层) | 2000年 | 3室1厅 | 141.3平米 | 南 北,https://ke-image.ljcdn.com/110000-inspection/1ceab8ae-54f9-42a6-b4cb-5f64b3fa19cb_1000.jpg!m_fill,w_280,h_210,f_jpg?from=ke.com
20241025,丰台,刘家窑,101123527782,鑫兆雅园北区 南北通透 无遮挡 满五年唯一商品房,715万,69029元/平,中楼层 (共20层) 3室1厅 | 103.58平米 | 南 北,https://ke-image.ljcdn.com/110000-inspection/8ccbd8cd-0bc9-4824-a284-1e3e2e4e37ed_1000.jpg!m_fill,w_280,h_210,f_jpg?from=ke.com
20241025,丰台,刘家窑,101123511819,方南家园二期纯商品房小区环境好配套齐全,529万,50487元/平,中楼层 (共23层) | 2004年 | 2室1厅 | 104.78平米 | 西南,https://ke-image.ljcdn.com/110000-inspection/244f7a4c-71f3-4f24-b01f-fe4ed9eceba4_1000.jpg!m_fill,w_280,h_210,f_jpg?from=ke.com
20241025,丰台,刘家窑,101123430998,南三环中路 2室1厅 南 北,345万,46347元/平,中楼层 (共16层) | 2004年 | 2室1厅 | 74.44平米 | 南 北,https://ke-image.ljcdn.com/110000-inspection/16ad1a9f-b7a3-4c8d-9bd0-a02b0de7ebe7_1000.jpg!m_fill,w_280,h_210,f_jpg?from=ke.com
20241025,丰台,刘家窑,101123375921,高层带电梯贾家花园采光充足无遮挡三居,305万,46143元/平,高楼层 (共14层) 3室1厅 | 66.1平米 | 东北,https://ke-image.ljcdn.com/110000-inspection/d632fa2a-1f21-4900-85bf-bf15710c0f3e_1000.jpg!m_fill,w_280,h_210,f_jpg?from=ke.com
20241025,丰台,刘家窑,101123306573,同仁园小区 中间层 三梯十户 看房方便 中间层 视野好,629万,46176元/平,中楼层 (共25层) 3室1厅 | 136.22平米 | 南 北,https://ke-image.ljcdn.com/110000-inspection/056d2686-45c2-4454-be29-77aa54fcf0a8_1000.jpg!m_fill,w_280,h_210,f_jpg?from=ke.com
20241025,丰台,刘家窑,101123252570,刘家窑地铁口 正规一居室 全明格局 随时签约房主自荐,196万,42079元/平,低楼层 (共18层) 1室1厅 | 46.58平米 | 北,https://ke-image.ljcdn.com/110000-inspection/268e9b70-291d-441c-89a0-95fa8d45dcfe_1000.jpg!m_fill,w_280,h_210,f_jpg?from=ke.com
20241025,丰台,刘家窑,101123222112,石榴园北里小区总监推荐宋家庄南三环赵公口,260万,38633元/平,中楼层 (共6层) | 1993年 | 2室1厅 | 67.3平米 | 北,https://ke-image.ljcdn.com/110000-inspection/8730a709-dd33-43b7-aa34-7b624368abd6_1000.jpg!m_fill,w_280,h_210,f_jpg?from=ke.com
20241025,丰台,刘家窑,101123083162,南三环 刘家窑 贾家花园15号院 南向 无遮挡,349万,55292元/平,顶层 (共18层) | 2009年 | 1室0厅 | 63.12平米 | 南,https://ke-image.ljcdn.com/110000-inspection/6d786cdd-0885-43a5-8353-97ddc2a372ab_1000.jpg!m_fill,w_280,h_210,f_jpg?from=ke.com
20241025,丰台,刘家窑,101123062503,嘉业大厦一期 3室2厅 东南,710万,58615元/平,高楼层 (共25层) 3室2厅 | 121.13平米 | 东南,https://ke-image.ljcdn.com/110000-inspection/87eceef1-9afa-4108-9a1a-bf7a5ffa85e2_1000.jpg!m_fill,w_280,h_210,f_jpg?from=ke.com
20241025,丰台,刘家窑,101122976351,鑫兆雅园北区 朝南一居室  带阳台 满五唯一商品房,346万,71710元/平,低楼层 (共20层) | 2004年 | 1室0厅 | 48.25平米 | 南,https://ke-image.ljcdn.com/110000-inspection/pc1_P4FdD9wvo.jpg!m_fill,w_280,h_210,f_jpg?from=ke.com
20241025,丰台,刘家窑,101122876981,南三环中路2004年两居室地铁木樨园700米（苹果地图）,358万,48093元/平,中楼层 (共16层) | 2004年 | 2室1厅 | 74.44平米 | 南 北,https://ke-image.ljcdn.com/110000-inspection/d16f5720-9c01-4406-8086-b09fc831cc94_1000.jpg!m_fill,w_280,h_210,f_jpg?from=ke.com
20241025,丰台,刘家窑,101122810153,南三环刘家窑石榴庄 建邦华府 精装一居室 满五年唯一,560万,64681元/平,低楼层 (共18层) | 2009年 | 1室1厅 | 86.58平米 | 西,https://ke-image.ljcdn.com/110000-inspection/3038e17b-2c57-4e2b-936f-881ceef35011_1000.jpg!m_fill,w_280,h_210,f_jpg?from=ke.com
20241025,丰台,刘家窑,101122759425,丰台区赵公口桥南三环中路赵公口小区,258万,43655元/平,低楼层 (共21层) 2室1厅 | 59.1平米 | 南,https://ke-image.ljcdn.com/110000-inspection/dc3f2878-366a-49f4-b9c1-1bc1dac63a95_1000.jpg!m_fill,w_280,h_210,f_jpg?from=ke.com
20241025,丰台,刘家窑,101122533320,同仁园 4室2厅 南 北,498万,46404元/平,高楼层 (共7层) 4室2厅 | 107.32平米 | 南 北,https://ke-image.ljcdn.com/110000-inspection/8b004612-7fec-472c-a25b-483026ef19a8_1000.jpg!m_fill,w_280,h_210,f_jpg?from=ke.com
20241025,丰台,刘家窑,101122506539,扑满山 西向两居户型方正视野开阔 无遮挡,299万,37250元/平,高楼层 (共18层) | 2008年 | 2室1厅 | 80.27平米 | 西,https://ke-image.ljcdn.com/110000-inspection/pc1_rB1RcMoyN_1.jpg!m_fill,w_280,h_210,f_jpg?from=ke.com
20241025,丰台,刘家窑,101122399837,石榴园北里小区 2室1厅 南 北,259万,44266元/平,顶层 (共6层) 2室1厅 | 58.51平米 | 南 北,https://ke-image.ljcdn.com/110000-inspection/fd1b10a2-ca87-4b3e-b50b-377f52e1e481_1000.jpg!m_fill,w_280,h_210,f_jpg?from=ke.com
20241025,丰台,刘家窑,101122334138,同仁园小区 顶层复式双卫 小区安静 满五年唯一,469万,43702元/平,高楼层 (共7层) 3室2厅 | 107.32平米 | 东南 西北,https://ke-image.ljcdn.com/110000-inspection/4f873bdc-3748-4da5-9144-685f0b8c0edb_1000.jpg!m_fill,w_280,h_210,f_jpg?from=ke.com
20241025,丰台,刘家窑,101122283368,鑫兆雅园北区 板楼楼 一层东南向两居室,558万,87723元/平,底层 (共6层) | 2005年 | 2室1厅 | 63.61平米 | 东南,https://ke-image.ljcdn.com/110000-inspection/f7bbd38b-ab59-4757-ac42-6ae33a53f977_1000.jpg!m_fill,w_280,h_210,f_jpg?from=ke.com
20241025,丰台,刘家窑,101122248075,方南家园13号楼满五年唯一商品房精装修,369万,45193元/平,底层 (共24层) 2室1厅 | 81.65平米 | 东 南,https://ke-image.ljcdn.com/110000-inspection/pc1_Ky1NCeFXx_1.jpg!m_fill,w_280,h_210,f_jpg?from=ke.com
20241025,丰台,刘家窑,101121935608,南三环 刘家窑 贾家花园15号院 全南两居  无遮挡,820万,60624元/平,低楼层 (共27层) | 2009年 | 2室1厅 | 135.26平米 | 南,https://ke-image.ljcdn.com/110000-inspection/ae8a7ff5-ece6-4dfc-a1d9-35f9bfe37254_1000.jpg!m_fill,w_280,h_210,f_jpg?from=ke.com
20241025,丰台,刘家窑,101121872901,宋家庄石榴庄2000年南北向非顶层两居室房主自荐,295万,45553元/平,高楼层 (共6层) 2室1厅 | 64.76平米 | 南 北,https://ke-image.ljcdn.com/110000-inspection/c91f18c3-25b8-4561-b1fb-f30feda51e4b_1000.jpg!m_fill,w_280,h_210,f_jpg?from=ke.com
20241025,丰台,刘家窑,101121775880,石榴园南里小区/电梯房/近地铁/中高楼层,345万,48462元/平,中楼层 (共9层) | 1997年 | 2室1厅 | 71.19平米 | 南 北,https://ke-image.ljcdn.com/110000-inspection/a76a988a-a6ca-4ac4-90ac-4880662aee75_1000.jpg!m_fill,w_280,h_210,f_jpg?from=ke.com
20241025,丰台,刘家窑,101121683038,石榴园北里小区总监推荐赵公口宋家庄,165万,50770元/平,低楼层 (共6层) | 1993年 | 1室1厅 | 32.5平米 | 北,https://ke-image.ljcdn.com/110000-inspection/68643b0a-88a0-441a-b90f-5f250a7105b1_1000.jpg!m_fill,w_280,h_210,f_jpg?from=ke.com
20241025,丰台,刘家窑,101121556979,特殊户型石榴园南里3居85平带电梯360万,355万,41805元/平,中楼层 (共12层) 3室1厅 | 84.92平米 | 东 南 北,https://ke-image.ljcdn.com/110000-inspection/a78c94f0-3aa4-4ff3-8d08-545d0493ae8e_1000.jpg!m_fill,w_280,h_210,f_jpg?from=ke.com
20241025,丰台,刘家窑,101121491381,南三环中路 近地铁 板楼小三居,315万,55852元/平,中楼层 (共5层) 3室0厅 | 56.4平米 | 南 北,https://ke-image.ljcdn.com/110000-inspection/60d2c545-c74e-4198-9ca5-91db4649f2a6_1000.jpg!m_fill,w_280,h_210,f_jpg?from=ke.com
20241025,丰台,刘家窑,101121471201,正邦嘉园二期 带电梯一居室 方正户型 出行便利,208万,41189元/平,中楼层 (共24层) | 2006年 | 1室1厅 | 50.5平米 | 北,https://ke-image.ljcdn.com/110000-inspection/9e180061-c01e-481f-a266-8d5d36855e93_1000.jpg!m_fill,w_280,h_210,f_jpg?from=ke.com
20241025,丰台,刘家窑,101121412276,方南家园一期 南北两居室 看房方便 随时签约,393万,45730元/平,高楼层 (共6层) 2室1厅 | 85.94平米 | 南 北,https://ke-image.ljcdn.com/110000-inspection/801403eb-97bb-4caa-bf02-ef02ec97a849_1000.jpg!m_fill,w_280,h_210,f_jpg?from=ke.com
20241025,丰台,刘家窑,101121293083,嘉业大厦二期3号楼 满五唯一商品房,420万,52764元/平,中楼层 (共11层) | 2006年 | 2室1厅 | 79.6平米 | 东,https://ke-image.ljcdn.com/110000-inspection/41cfb094-115f-4120-bb94-7f5b8e47aa37_1000.jpg!m_fill,w_280,h_210,f_jpg?from=ke.com
20241025,丰台,刘家窑,101120722300,石榴园南里全南向一居室 满五年唯一商品房 采光好,215万,48522元/平,顶层 (共6层) | 2000年 | 1室1厅 | 44.31平米 | 南,https://ke-image.ljcdn.com/110000-inspection/f921a576-54fc-4eec-b7ec-c5e808ed0b24_1000.jpg!m_fill,w_280,h_210,f_jpg?from=ke.com
20241025,丰台,刘家窑,101120499206,建邦华府  精装修1居室  带电梯  人车分离,519万,59945元/平,中楼层 (共18层) | 2009年 | 1室1厅 | 86.58平米 | 西,https://ke-image.ljcdn.com/110000-inspection/26d59ee5-5d63-4e75-b52d-d02eb9b54823_1000.jpg!m_fill,w_280,h_210,f_jpg?from=ke.com
20241025,丰台,刘家窑,101120248699,建邦华府南北通透大四居 精装修 随时可看房主自荐,1750万,75985元/平,中楼层 (共9层) | 2009年 | 4室2厅 | 230.31平米 | 南 北,https://ke-image.ljcdn.com/110000-inspection/4cfd1005-496b-4b6b-9968-85425fcd6163_1000.jpg!m_fill,w_280,h_210,f_jpg?from=ke.com
20241025,丰台,刘家窑,101120148717,石榴园南里南三环总监推荐宋家庄,309万,47715元/平,顶层 (共6层) | 2000年 | 2室1厅 | 64.76平米 | 北 南,https://ke-image.ljcdn.com/110000-inspection/fd160201-975b-4839-9a98-f24a3fa2b695_1000.jpg!m_fill,w_280,h_210,f_jpg?from=ke.com
20241025,丰台,刘家窑,101120031593,贾家花园小区满五唯一全南向正规两居房主自荐,268万,45734元/平,高楼层 (共6层) 2室1厅 | 58.6平米 | 南 北,https://ke-image.ljcdn.com/110000-inspection/83cded49-0032-4bdf-aeec-04b380338097_1000.jpg!m_fill,w_280,h_210,f_jpg?from=ke.com
20241025,丰台,刘家窑,101119761586,同仁园南北通透一层带车位两居室  有客厅,354万,58678元/平,底层 (共7层) 2室1厅 | 60.33平米 | 南 北,https://ke-image.ljcdn.com/110000-inspection/pc1_esXGAMVC6_1.jpg!m_fill,w_280,h_210,f_jpg?from=ke.com
20241025,丰台,刘家窑,101119640469,南三环 刘家窑 贾家花园小区 朝南一居室 无抵押,175万,42788元/平,低楼层 (共6层) 1室1厅 | 40.9平米 | 西南,https://ke-image.ljcdn.com/110000-inspection/8dad3eb0-4a60-4844-beb5-71fa0312b2df_1000.jpg!m_fill,w_280,h_210,f_jpg?from=ke.com
20241025,丰台,刘家窑,101119210649,南三环东路 三环边 南北通透三居室 城建集团家属院,599万,41186元/平,低楼层 (共14层) | 1998年 | 3室2厅 | 145.44平米 | 南 北,https://ke-image.ljcdn.com/110000-inspection/9890d8be-b5d3-43e0-954e-0ea2e9065a68_1000.jpg!m_fill,w_280,h_210,f_jpg?from=ke.com
20241025,丰台,刘家窑,101119150618,南三环 刘家窑 贾家花园15号院 南北通透两居室 无抵押,896万,66936元/平,顶层 (共27层) | 2009年 | 2室1厅 | 133.86平米 | 南 北,https://ke-image.ljcdn.com/110000-inspection/75151b91-1aaa-4447-8b58-608103d6ceb0_1000.jpg!m_fill,w_280,h_210,f_jpg?from=ke.com
20241025,丰台,刘家窑,101119139392,宋家庄地铁边 精装一居室 高楼层采光好 诚心卖,310万,60195元/平,中楼层 (共29层) | 2010年 | 1室1厅 | 51.5平米 | 西南,https://ke-image.ljcdn.com/110000-inspection/pc1_4ZAw7wOaq_1.jpg!m_fill,w_280,h_210,f_jpg?from=ke.com
20241025,丰台,刘家窑,101119000979,同仁园  带电梯  3居室2卫  格局方正,628万,44480元/平,低楼层 (共25层) 3室1厅 | 141.19平米 | 北 南,https://ke-image.ljcdn.com/110000-inspection/59401546-7e75-48d3-98cb-f9f6a412eb8b_1000.jpg!m_fill,w_280,h_210,f_jpg?from=ke.com
20241025,丰台,刘家窑,101118981701,刘家窑 南三环中路 一居室电梯房,198万,51031元/平,中楼层 (共14层) 1室1厅 | 38.8平米 | 南,https://ke-image.ljcdn.com/110000-inspection/18cd969c-360a-4e31-95ab-cb4b1d936b11_1000.jpg!m_fill,w_280,h_210,f_jpg?from=ke.com
20241025,丰台,刘家窑,101118938614,本房市满5年商品房家庭首套房产中楼层,349万,57725元/平,低楼层 (共6层) 2室1厅 | 60.46平米 | 东 西,https://ke-image.ljcdn.com/110000-inspection/93f6df6b-c8b6-4d9a-92fe-94cd93b3face_1000.jpg!m_fill,w_280,h_210,f_jpg?from=ke.com
20241025,丰台,刘家窑,101118918367,石榴园 电梯房一居室 1998年钢混楼 进地铁,205万,41256元/平,低楼层 (共9层) | 2000年 | 1室1厅 | 49.69平米 | 西,https://ke-image.ljcdn.com/110000-inspection/pc1_aBQsSSgSU_1.jpg!m_fill,w_280,h_210,f_jpg?from=ke.com
20241025,丰台,刘家窑,101118800445,石榴园南里小区/电梯房/满五年唯一,210万,42263元/平,中楼层 (共9层) | 2000年 | 1室1厅 | 49.69平米 | 西,https://ke-image.ljcdn.com/110000-inspection/6e199c00-27ba-411f-99ea-5d6df6dce18d_1000.jpg!m_fill,w_280,h_210,f_jpg?from=ke.com
20241025,丰台,刘家窑,101117965541,贾家花园15号院 满五唯一 跃层两居双卫 居住安静舒适,745万,55660元/平,高楼层 (共27层) 2室1厅 | 133.85平米 | 南,https://ke-image.ljcdn.com/110000-inspection/10f96726-9fdc-4667-9674-6d0071f1f490_1000.jpg!m_fill,w_280,h_210,f_jpg?from=ke.com
20241025,丰台,刘家窑,101117816601,三轨交汇 宋家庄家园 2010年小区 满五年唯一 采光好,270万,52519元/平,低楼层 (共29层) | 2010年 | 1室1厅 | 51.41平米 | 东南,https://ke-image.ljcdn.com/110000-inspection/65cf26b0-94f6-43c7-a11a-4dc32079682f_1000.jpg!m_fill,w_280,h_210,f_jpg?from=ke.com
20241025,丰台,刘家窑,101117285149,此房满五年唯一南北通透双卫配置中高楼层采光好,688万,65800元/平,中楼层 (共13层) | 2010年 | 2室1厅 | 104.56平米 | 南 北,https://ke-image.ljcdn.com/110000-inspection/434593ce-2ef2-4381-bb21-47c8bb2293dd_1000.jpg!m_fill,w_280,h_210,f_jpg?from=ke.com
20241025,丰台,刘家窑,101116564323,南三环刘家窑地铁口 一梯一户 复式四居室 满五年,730万,39733元/平,高楼层 (共7层) 4室2厅 | 183.73平米 | 东南,https://ke-image.ljcdn.com/110000-inspection/pc1_NZ6sdzMVZ_1.jpg!m_fill,w_280,h_210,f_jpg?from=ke.com
20241025,丰台,刘家窑,101127245916,榴景秀苑 2室1厅 西,565万,65944元/平,低楼层 (共29层) | 2017年 | 2室1厅 | 85.68平米 | 西,https://s1.ljcdn.com/pegasus/redskull/images/common/default_house_list.png?_v=202410161653269
20241025,丰台,刘家窑,101127234579,满五唯一 南向两居室 房龄新 物业管理严格新上,515万,60489元/平,顶层 (共29层) | 2017年 | 2室1厅 | 85.14平米 | 南,https://s1.ljcdn.com/pegasus/redskull/images/common/default_house_list.png?_v=202410161653269
20241025,丰台,刘家窑,101127226852,南向两居室 房龄新 物业管理严格 中高楼层采光好新上,518万,60841元/平,中楼层 (共29层) | 2017年 | 2室1厅 | 85.14平米 | 南,https://s1.ljcdn.com/pegasus/redskull/images/common/default_house_list.png?_v=202410161653269
20241025,丰台,刘家窑,101127222535,石榴园南里小区 2室1厅 南 北,282万,48313元/平,低楼层 (共6层) | 2001年 | 2室1厅 | 58.37平米 | 南 北,https://s1.ljcdn.com/pegasus/redskull/images/common/default_house_list.png?_v=202410161653269
20241025,丰台,刘家窑,101127196357,满五唯一宋家庄南三环5+10号线诚意出售新上,195万,40778元/平,顶层 (共6层) | 2000年 | 1室1厅 | 47.82平米 | 东,https://s1.ljcdn.com/pegasus/redskull/images/common/default_house_list.png?_v=202410161653269
20241025,丰台,刘家窑,101127189635,石榴园南里小区 2室1厅 南 北新上,300万,48615元/平,高楼层 (共6层) | 2003年 | 2室1厅 | 61.71平米 | 南 北,https://s1.ljcdn.com/pegasus/redskull/images/common/default_house_list.png?_v=202410161653269
20241025,丰台,刘家窑,101127172284,石榴园南里  南北朝向 大客厅新上,396万,59026元/平,中楼层 (共6层) | 2003年 | 2室1厅 | 67.09平米 | 南 北,https://s1.ljcdn.com/pegasus/redskull/images/common/default_house_list.png?_v=202410161653269
20241025,丰台,刘家窑,101127125342,石榴园南里小区3-1-1-1 76㎡ 400万新上,400万,52632元/平,中楼层 (共6层) | 2001年 | 3室1厅 | 76平米 | 南 北 东,https://s1.ljcdn.com/pegasus/redskull/images/common/default_house_list.png?_v=202410161653269
20241025,丰台,刘家窑,101127109271,石榴园北里中间楼层三层南北通透两居室。新上,260万,44437元/平,中楼层 (共6层) 2室1厅 | 58.51平米 | 南 北,https://s1.ljcdn.com/pegasus/redskull/images/common/default_house_list.png?_v=202410161653269
20241025,丰台,刘家窑,101127026349,石榴园北里小区小区绿化好内部有菜市场幼儿园,268万,48437元/平,高楼层 (共6层) 2室1厅 | 55.33平米 | 南,https://s1.ljcdn.com/pegasus/redskull/images/common/default_house_list.png?_v=202410161653269
20241025,丰台,刘家窑,101126989733,横五条2号院 2室1厅 东,220万,43703元/平,高楼层 (共6层) 2室1厅 | 50.34平米 | 东,https://s1.ljcdn.com/pegasus/redskull/images/common/default_house_list.png?_v=202410161653269
20241025,丰台,刘家窑,101126976802,南三环中路带电梯2居室诚意出售,319万,44641元/平,低楼层 (共21层) 2室1厅 | 71.46平米 | 南 北,https://s1.ljcdn.com/pegasus/redskull/images/common/default_house_list.png?_v=202410161653269
20241025,丰台,刘家窑,101126960365,宋家庄家园二区 2室1厅 东南,338万,49772元/平,高楼层 (共29层) | 2010年 | 2室1厅 | 67.91平米 | 东南,https://s1.ljcdn.com/pegasus/redskull/images/common/default_house_list.png?_v=202410161653269
20241025,丰台,刘家窑,101126907081,优一居室近地铁业主诚意出售,180万,35531元/平,顶层 (共6层) 1室1厅 | 50.66平米 | 南,https://s1.ljcdn.com/pegasus/redskull/images/common/default_house_list.png?_v=202410161653269
20241025,丰台,刘家窑,101126808622,石榴园北里小区 1室1厅 西,210万,41700元/平,低楼层 (共9层) | 1995年 | 1室1厅 | 50.36平米 | 西,https://s1.ljcdn.com/pegasus/redskull/images/common/default_house_list.png?_v=202410161653269
20241025,丰台,刘家窑,101126693250,鲁能钓鱼台美高梅公馆 三面采光  品质小区,298万,36404元/平,低楼层 (共18层) | 2017年 | 3室1厅 | 81.86平米 | 东 西南,https://s1.ljcdn.com/pegasus/redskull/images/common/default_house_list.png?_v=202410161653269
20241025,丰台,刘家窑,101126685004,鑫兆雅园北区 满五年唯一 交通方便 采光好 安静,540万,78182元/平,底层 (共6层) | 2005年 | 2室1厅 | 69.07平米 | 南 西,https://s1.ljcdn.com/pegasus/redskull/images/common/default_house_list.png?_v=202410161653269
20241025,丰台,刘家窑,101126666903,南三环中路满五年不唯一有户口可迁出,360万,51874元/平,顶层 (共14层) 3室1厅 | 69.4平米 | 南 北,https://s1.ljcdn.com/pegasus/redskull/images/common/default_house_list.png?_v=202410161653269
20241025,丰台,刘家窑,101126360969,鲁能钓鱼台美高梅公馆 1室1厅 北,230万,52825元/平,中楼层 (共18层) 1室1厅 | 43.54平米 | 北,https://s1.ljcdn.com/pegasus/redskull/images/common/default_house_list.png?_v=202410161653269
20241025,丰台,刘家窑,101126294966,宋家庄家园 高楼层 采光好 地铁边小区 诚心卖,255万,50787元/平,中楼层 (共29层) | 2010年 | 1室1厅 | 50.21平米 | 南,https://s1.ljcdn.com/pegasus/redskull/images/common/default_house_list.png?_v=202410161653269
20241025,丰台,刘家窑,101126039374,鲁能钓鱼台美高梅公馆榴景沁苑大厦,230万,43777元/平,中楼层 (共18层) | 2017年 | 2室1厅 | 52.54平米 | 西,https://s1.ljcdn.com/pegasus/redskull/images/common/default_house_list.png?_v=202410161653269
20241025,丰台,刘家窑,101126007319,南三环中路 东南北三居 采光好 无遮挡 近地铁,360万,45113元/平,低楼层 (共21层) 3室1厅 | 79.8平米 | 东南 北,https://s1.ljcdn.com/pegasus/redskull/images/common/default_house_list.png?_v=202410161653269
20241025,丰台,刘家窑,101125955486,鲁能钓鱼台美高梅公馆 2室1厅 东 西 北,310万,45676元/平,低楼层 (共18层) 2室1厅 | 67.87平米 | 东 西 北,https://s1.ljcdn.com/pegasus/redskull/images/common/default_house_list.png?_v=202410161653269
20241025,丰台,刘家窑,101125839561,嘉业大厦二期 2006年商品房有电梯满五唯一,330万,36050元/平,中楼层 (共17层) | 2006年 | 2室1厅 | 91.54平米 | 西,https://s1.ljcdn.com/pegasus/redskull/images/common/default_house_list.png?_v=202410161653269
20241025,丰台,刘家窑,101125824711,宋家庄地铁口精准修管家式服务物业好,199万,44105元/平,高楼层 (共18层) 2室1厅 | 45.12平米 | 西,https://s1.ljcdn.com/pegasus/redskull/images/common/default_house_list.png?_v=202410161653269
20241025,丰台,刘家窑,101125767962,正南向观别墅无遮挡不临街2梯5户,309万,49126元/平,高楼层 (共18层) 2室1厅 | 62.9平米 | 南,https://s1.ljcdn.com/pegasus/redskull/images/common/default_house_list.png?_v=202410161653269
20241025,丰台,刘家窑,101125032958,南三环宋家庄   2013年小区 采光好 看房方便,230万,29382元/平,低楼层 (共16层) | 2013年 | 2室1厅 | 78.28平米 | 西,https://s1.ljcdn.com/pegasus/redskull/images/common/default_house_list.png?_v=202410161653269
20241025,丰台,刘家窑,101124794026,精装修管家式服务把边东南角户型光线视野都很好,290万,68413元/平,中楼层 (共18层) | 2017年 | 2室1厅 | 42.39平米 | 东南,https://s1.ljcdn.com/pegasus/redskull/images/common/default_house_list.png?_v=202410161653269
20241025,丰台,刘家窑,101124505511,成熟社区 经典三居室  中间楼层 满五年唯一商品房,370万,43392元/平,中楼层 (共6层) 3室1厅 | 85.27平米 | 东 西,https://s1.ljcdn.com/pegasus/redskull/images/common/default_house_list.png?_v=202410161653269
20241025,丰台,刘家窑,101124244550,区域好地铁口美高梅管家服务视野采光棒只有契税,203万,41969元/平,中楼层 (共18层) | 2017年 | 2室1厅 | 48.37平米 | 东,https://s1.ljcdn.com/pegasus/redskull/images/common/default_house_list.png?_v=202410161653269
20241025,丰台,刘家窑,101124236978,房子户型方正全南向无遮挡采光好管家式服务,318万,50557元/平,低楼层 (共18层) 1室1厅 | 62.9平米 | 南,https://s1.ljcdn.com/pegasus/redskull/images/common/default_house_list.png?_v=202410161653269
20241025,丰台,刘家窑,101123335291,地铁230米（高德地图）鲁能美高梅公馆 精装三室,239万,38674元/平,低楼层 (共18层) 2室1厅 | 61.8平米 | 南,https://s1.ljcdn.com/pegasus/redskull/images/common/default_house_list.png?_v=202410161653269
20241025,丰台,刘家窑,101123230955,鲁能钓鱼台美高梅公馆管家式服务,225万,49790元/平,中楼层 (共18层) 2室1厅 | 45.19平米 | 南 北,https://s1.ljcdn.com/pegasus/redskull/images/common/default_house_list.png?_v=202410161653269
20241025,丰台,刘家窑,101122498390,榴景秀苑 车位,34万,9288元/平,地下室 1室0厅 | 36.61平米 | 东,https://ke-image.ljcdn.com/110000-inspection/7ba22a9344f436904961365ff3124be4-013.jpg!m_fill,w_280,h_210,f_jpg?from=ke.com
20241025,丰台,刘家窑,101122200447,鲁能美高梅公馆 精装修 楼下单独房间 新风系统,415万,61147元/平,低楼层 (共18层) 3室1厅 | 67.87平米 | 东 西北,https://s1.ljcdn.com/pegasus/redskull/images/common/default_house_list.png?_v=202410161653269
20241025,丰台,刘家窑,101122187182,鲁能美高梅  日式精装修 空间设计超棒 非顶层,299万,41055元/平,顶层 (共18层) | 2017年 | 2室1厅 | 72.83平米 | 南 西,https://s1.ljcdn.com/pegasus/redskull/images/common/default_house_list.png?_v=202410161653269
20241025,丰台,刘家窑,101120130047,顺欣嘉园 2室1厅 南,388万,50156元/平,底层 (共16层) | 2013年 | 2室1厅 | 77.36平米 | 南,https://s1.ljcdn.com/pegasus/redskull/images/common/default_house_list.png?_v=202410161653269
