20241028,朝阳,CBD,101127058643,光辉里小区东南向两居室不临街。必看好房,399万,60787元/平,低楼层 (共18层) 2室1厅 | 65.64平米 | 东南,https://ke-image.ljcdn.com/110000-inspection/c3ed0611-67ac-4a63-a2e6-0ade7c77b4e1_1000.jpg!m_fill,w_280,h_210,f_jpg?from=ke.com
20241028,朝阳,CBD,101126891728,光华里 国 贸配套 总价少南向一居室满五唯一近地铁必看好房,199万,73951元/平,底层 (共4层) | 1958年 | 1室1厅 | 26.91平米 | 南,https://ke-image.ljcdn.com/110000-inspection/7ace5dd5-4c4e-42a6-99e6-4fe94aca4d82_1000.jpg!m_fill,w_280,h_210,f_jpg?from=ke.com
20241028,朝阳,CBD,101126653008,现代城高层三居满五唯一诚意出售必看好房,816万,55670元/平,中楼层 (共28层) 3室1厅 | 146.58平米 | 西,https://ke-image.ljcdn.com/110000-inspection/5094a276-8924-44c2-a68a-af165aae8582_1000.jpg!m_fill,w_280,h_210,f_jpg?from=ke.com
20241028,朝阳,CBD,101126514786,蓝堡国际公寓西大望路3号院。必看好房,1119万,75906元/平,中楼层 (共16层) 3室1厅 | 147.42平米 | 西北,https://ke-image.ljcdn.com/110000-inspection/8db4a5b6-205d-49c9-877c-3b3519627e58_1000.jpg!m_fill,w_280,h_210,f_jpg?from=ke.com
20241028,朝阳,CBD,101126003086,大望路 SKP旁 高层三居 视野无遮挡 诚意出售必看好房,1136万,71121元/平,中楼层 (共23层) | 2005年 | 3室2厅 | 159.73平米 | 北 南,https://ke-image.ljcdn.com/110000-inspection/dec6a538-a489-4c50-9550-de8267eb9b39_1000.jpg!m_fill,w_280,h_210,f_jpg?from=ke.com
20241028,朝阳,CBD,101126937000,建国路100 76.97平米 全南三居室 诚意卖必看好房,400万,51969元/平,低楼层 (共14层) | 1989年 | 3室1厅 | 76.97平米 | 南 北,https://ke-image.ljcdn.com/110000-inspection/ad0f9df0-7750-4f4b-ba19-148e13aa4268_1000.jpg!m_fill,w_280,h_210,f_jpg?from=ke.com
20241028,朝阳,CBD,101126903404,楼龄新 1993年建成  视野开阔  格局方正,268万,58798元/平,中楼层 (共6层) | 1994年 | 1室1厅 | 45.58平米 | 北,https://ke-image.ljcdn.com/110000-inspection/fcc48fe1-b9d8-4209-8223-4a56342fd527_1000.jpg!m_fill,w_280,h_210,f_jpg?from=ke.com
20241028,朝阳,CBD,101126586383,盛世嘉园 2室2厅 东 南 北必看好房,638万,48246元/平,底层 (共18层) | 2000年 | 2室2厅 | 132.24平米 | 东 南 北,https://ke-image.ljcdn.com/110000-inspection/373421d5-26df-4c50-bd56-e49184f6d6af_1000.jpg!m_fill,w_280,h_210,f_jpg?from=ke.com
20241028,朝阳,CBD,101126210109,CBD金地国际花园  南向2居 楼层采光好,1232万,91941元/平,中楼层 (共33层) | 2004年 | 2室1厅 | 134平米 | 西南,https://ke-image.ljcdn.com/110000-inspection/pc1_pNiP6DhM9_1.jpg!m_fill,w_280,h_210,f_jpg?from=ke.com
20241028,朝阳,CBD,101125995299,西南三居满五年唯一高层视野和景观无遮挡必看好房,1398万,85804元/平,高楼层 (共26层) 3室1厅 | 162.93平米 | 西南,https://ke-image.ljcdn.com/110000-inspection/842e6718-8770-4a8d-bfc4-6d14916a1be2_1000.jpg!m_fill,w_280,h_210,f_jpg?from=ke.com
20241028,朝阳,CBD,101125900173,国贸桥西南角观河景落地窗大平层有燃气,830万,50040元/平,中楼层 (共13层) 3室2厅 | 165.87平米 | 西南,https://ke-image.ljcdn.com/110000-inspection/2a8bfaaf-aafc-4430-980d-88e7c4c788ab_1000.jpg!m_fill,w_280,h_210,f_jpg?from=ke.com
20241028,朝阳,CBD,101125802536,自住装修拎包入住格局设计合理诚意出售,760万,92334元/平,中楼层 (共26层) | 2005年 | 1室1厅 | 82.31平米 | 西,https://ke-image.ljcdn.com/110000-inspection/pc1_pZMTf9SyH.jpg!m_fill,w_280,h_210,f_jpg?from=ke.com
20241028,朝阳,CBD,101125754345,现代城 西向主力三居 对小区 不临街 满五年唯一必看好房,745万,50989元/平,低楼层 (共28层) 3室1厅 | 146.11平米 | 西,https://ke-image.ljcdn.com/110000-inspection/055c7606-4ccb-46b4-a51d-6df636e993d8_1000.jpg!m_fill,w_280,h_210,f_jpg?from=ke.com
20241028,朝阳,CBD,101125741778,万达广场公寓 1室1厅 西 北,449万,72537元/平,高楼层 (共27层) | 2005年 | 1室1厅 | 61.9平米 | 西 北,https://ke-image.ljcdn.com/110000-inspection/0bb110e0-59ac-45f0-8b6d-53230ade165e_1000.jpg!m_fill,w_280,h_210,f_jpg?from=ke.com
20241028,朝阳,CBD,101125522673,建外soho  户型方正两居室  满五年必看好房,630万,42316元/平,中楼层 (共29层) 2室1厅 | 148.88平米 | 西南,https://ke-image.ljcdn.com/110000-inspection/3efc262a-58f4-40f6-b931-b6153f1b30bc_1000.jpg!m_fill,w_280,h_210,f_jpg?from=ke.com
20241028,朝阳,CBD,101125147639,光辉里小区新上东南向高层三居室视野好采光充足必看好房,545万,66383元/平,高楼层 (共18层) 3室1厅 | 82.1平米 | 东南,https://ke-image.ljcdn.com/110000-inspection/da90b52b-8bc8-482d-bb95-4b5f8b30c3ad_1000.jpg!m_fill,w_280,h_210,f_jpg?from=ke.com
20241028,朝阳,CBD,101125061293,高层视野采光无遮挡原始装修格局好适合居家必看好房,510万,76889元/平,高楼层 (共26层) | 2005年 | 1室1厅 | 66.33平米 | 西,https://ke-image.ljcdn.com/110000-inspection/8b8158a5-273f-454d-9277-39edf56c047a_1000.jpg!m_fill,w_280,h_210,f_jpg?from=ke.com
20241028,朝阳,CBD,101124454631,光辉南里南北通透两居室位置安静不临街,338万,52153元/平,中楼层 (共6层) | 1995年 | 2室1厅 | 64.81平米 | 南 北,https://ke-image.ljcdn.com/110000-inspection/a98600f0-16ea-4e98-b057-4fe648f7d189_1000.jpg!m_fill,w_280,h_210,f_jpg?from=ke.com
20241028,朝阳,CBD,101124401222,光辉南里 满五唯一 前后不临街 拎包入住必看好房,339万,53428元/平,底层 (共6层) | 1994年 | 2室1厅 | 63.45平米 | 南 北,https://ke-image.ljcdn.com/110000-inspection/5d26ce45-c639-4134-92a6-6d3fda4956fa_1000.jpg!m_fill,w_280,h_210,f_jpg?from=ke.com
20241028,朝阳,CBD,101123616796,华贸热点户型！大面宽居住舒适清幽私密满五唯一！必看好房,550万,78684元/平,中楼层 (共14层) 1室1厅 | 69.9平米 | 北,https://ke-image.ljcdn.com/110000-inspection/8fc56131-a4d1-4044-b7aa-ac7f467b5a78_1000.jpg!m_fill,w_280,h_210,f_jpg?from=ke.com
20241028,朝阳,CBD,101123585394,大区主推 华贸公寓 方正一居室 购房综合成本低必看好房,588万,74915元/平,低楼层 (共23层) | 2005年 | 1室1厅 | 78.49平米 | 东,https://ke-image.ljcdn.com/110000-inspection/77aa134f-4031-4177-9b68-b5d3bd4cd951_1000.jpg!m_fill,w_280,h_210,f_jpg?from=ke.com
20241028,朝阳,CBD,101121589182,南郎家园 中间3层 前后花园 三面采光,348万,63308元/平,中楼层 (共6层) 3室1厅 | 54.97平米 | 南 北,https://ke-image.ljcdn.com/110000-inspection/pc1_bjOxejXU2.jpg!m_fill,w_280,h_210,f_jpg?from=ke.com
20241028,朝阳,CBD,101120099271,国贸商圈  南北通透两居室 层高3米 业主诚意出售房主自荐,535万,79366元/平,中楼层 (共5层) 2室1厅 | 67.41平米 | 南 北,https://ke-image.ljcdn.com/110000-inspection/b29e3362-1b34-414f-811d-8cf443d7f824_1000.jpg!m_fill,w_280,h_210,f_jpg?from=ke.com
20241028,朝阳,CBD,101127048769,西向正规一居视野和采光无遮挡满五年唯一,648万,81613元/平,低楼层 (共26层) | 2005年 | 1室1厅 | 79.4平米 | 西,https://ke-image.ljcdn.com/110000-inspection/de688cdd-1278-4796-a44b-51c0713c737a_1000.jpg!m_fill,w_280,h_210,f_jpg?from=ke.com
20241028,朝阳,CBD,101126978485,东三环国贸 南北通透 采光很好 次顶层 诚意卖必看好房,240万,39907元/平,高楼层 (共6层) 2室1厅 | 60.14平米 | 南 北,https://ke-image.ljcdn.com/110000-inspection/pc1_8rzd4snmR.jpg!m_fill,w_280,h_210,f_jpg?from=ke.com
20241028,朝阳,CBD,101126910198,建外soho西区  交通便利 配套齐全必看好房,550万,32028元/平,低楼层 (共24层) | 2005年 | 3室1厅 | 171.73平米 | 东,https://ke-image.ljcdn.com/110000-inspection/59a030ea-5b07-4e77-885a-346c655cfb0d_1000.jpg!m_fill,w_280,h_210,f_jpg?from=ke.com
20241028,朝阳,CBD,101126645433,阳光100国际公寓低楼层两居室房主自荐,759万,69481元/平,低楼层 (共33层) | 2001年 | 2室1厅 | 109.24平米 | 西南,https://ke-image.ljcdn.com/110000-inspection/8a3a77d3-2f41-4d29-a618-e8740b627bdf_1000.jpg!m_fill,w_280,h_210,f_jpg?from=ke.com
20241028,朝阳,CBD,101126615052,光辉里小区 2室1厅 西南必看好房,415万,67087元/平,高楼层 (共18层) | 1993年 | 2室1厅 | 61.86平米 | 西南,https://ke-image.ljcdn.com/110000-inspection/pc1_IavIR1uC4.jpg!m_fill,w_280,h_210,f_jpg?from=ke.com
20241028,朝阳,CBD,101126576473,万达广场公寓（建国路93号院）必看好房,449万,72443元/平,高楼层 (共30层) 1室1厅 | 61.98平米 | 东 北,https://ke-image.ljcdn.com/110000-inspection/e0860ffe-61e7-462d-a9b6-d97d06020b3a_1000.jpg!m_fill,w_280,h_210,f_jpg?from=ke.com
20241028,朝阳,CBD,101126559327,国贸CBD旁高层观景房三地铁邻央视中国尊。必看好房,465万,75684元/平,高楼层 (共16层) | 2004年 | 1室1厅 | 61.44平米 | 东,https://ke-image.ljcdn.com/110000-inspection/2e1b1637-d867-4940-9742-70b4ab7f33db_1000.jpg!m_fill,w_280,h_210,f_jpg?from=ke.com
20241028,朝阳,CBD,101126545220,特殊户型整个小区仅一套有特殊面积可烧烤快来看看！,980万,81817元/平,高楼层 (共21层) | 2004年 | 3室1厅 | 119.78平米 | 东 西,https://ke-image.ljcdn.com/110000-inspection/05ef7cbe-a0ef-416b-a742-57a6b4d76e61_1000.jpg!m_fill,w_280,h_210,f_jpg?from=ke.com
20241028,朝阳,CBD,101126540716,改善三居 明厨明卫 安静低层观花园视野佳 仅契税必看好房,845万,54237元/平,低楼层 (共18层) | 2000年 | 3室2厅 | 155.8平米 | 东南,https://ke-image.ljcdn.com/110000-inspection/fd4e5903-156d-4903-9588-f7ff49eabc07_1000.jpg!m_fill,w_280,h_210,f_jpg?from=ke.com
20241028,朝阳,CBD,101126536184,CBD国贸大望路地铁口精装修南北通透观景两居必看好房,1290万,87369元/平,低楼层 (共33层) | 2004年 | 2室1厅 | 147.65平米 | 南 北,https://ke-image.ljcdn.com/110000-inspection/pc1_1wAaW8Qxg.jpg!m_fill,w_280,h_210,f_jpg?from=ke.com
20241028,朝阳,CBD,101126474239,南郎家园低层方正两居诚意出售必看好房,315万,62912元/平,中楼层 (共5层) | 1981年 | 2室1厅 | 50.07平米 | 南,https://ke-image.ljcdn.com/110000-inspection/989f782d-368c-4765-b0b2-7f5697fca4e4_1000.jpg!m_fill,w_280,h_210,f_jpg?from=ke.com
20241028,朝阳,CBD,101126184270,金地国际花园 精装两居 全明格局 高层观景 仅契税必看好房,1250万,101297元/平,中楼层 (共33层) | 2004年 | 2室1厅 | 123.4平米 | 西南 东北,https://ke-image.ljcdn.com/110000-inspection/0ea3fc40-ba5d-46cb-9341-703766452feb_1000.jpg!m_fill,w_280,h_210,f_jpg?from=ke.com
20241028,朝阳,CBD,101126171072,CBD精装2居双车位不临街南北通透必看好房,425万,74864元/平,底层 (共6层) | 1993年 | 2室1厅 | 56.77平米 | 南 北,https://ke-image.ljcdn.com/110000-inspection/pc1_JaEU1FBqP_1.jpg!m_fill,w_280,h_210,f_jpg?from=ke.com
20241028,朝阳,CBD,101125920353,。光华路甲8号和乔丽致公寓。,1280万,52801元/平,顶层 (共16层) | 2004年 | 3室2厅 | 242.42平米 | 南,https://ke-image.ljcdn.com/110000-inspection/pc1_1wjFjbobx.jpg!m_fill,w_280,h_210,f_jpg?from=ke.com
20241028,朝阳,CBD,101125698150,阳光100国际公寓正规朝南三居室必看好房,1100万,67535元/平,高楼层 (共30层) | 2002年 | 3室2厅 | 162.88平米 | 南 西,https://ke-image.ljcdn.com/110000-inspection/44b82fd0-28a2-4c46-b090-196eaef0f8a5_1000.jpg!m_fill,w_280,h_210,f_jpg?from=ke.com
20241028,朝阳,CBD,101125692521,蓝堡国际公寓 3室1厅 东南必看好房,1059万,76873元/平,中楼层 (共21层) | 2004年 | 3室1厅 | 137.76平米 | 东南,https://ke-image.ljcdn.com/110000-inspection/5ae6a89d-9217-4940-8c6d-715c66442e76_1000.jpg!m_fill,w_280,h_210,f_jpg?from=ke.com
20241028,朝阳,CBD,101125253584,2600w+买入 中楼层无遮挡 仅契税 随时看房必看好房,1685万,89628元/平,中楼层 (共20层) 2室1厅 | 188平米 | 南,https://ke-image.ljcdn.com/110000-inspection/pc1_wS77fUNjg.jpg!m_fill,w_280,h_210,f_jpg?from=ke.com
20241028,朝阳,CBD,101125050575,光华西里南北两居外交部家属楼中间楼层必看好房,399万,74874元/平,中楼层 (共5层) 2室1厅 | 53.29平米 | 南 北,https://ke-image.ljcdn.com/110000-inspection/pc1_NMzYQUHVJ_2.jpg!m_fill,w_280,h_210,f_jpg?from=ke.com
20241028,朝阳,CBD,101125036437,建外soho  满五唯一居室  视野开阔,429万,43594元/平,中楼层 (共19层) | 2003年 | 1室1厅 | 98.41平米 | 西,https://ke-image.ljcdn.com/110000-inspection/5facf175-1d6f-4784-b1be-630050ab029d_1000.jpg!m_fill,w_280,h_210,f_jpg?from=ke.com
20241028,朝阳,CBD,101123696673,满五唯一 高楼层正对小区花园业主诚意卖！,329万,67515元/平,中楼层 (共33层) | 2001年 | 1室0厅 | 48.73平米 | 北,https://ke-image.ljcdn.com/110000-inspection/pc1_Km6t33Tfj_1.jpg!m_fill,w_280,h_210,f_jpg?from=ke.com
20241028,朝阳,CBD,101121777148,金地国际花园 中高楼层 大面宽 户型方正 客厅两卧朝南,1699万,94243元/平,中楼层 (共33层) | 2004年 | 3室1厅 | 180.28平米 | 南 北,https://ke-image.ljcdn.com/110000-inspection/pc1_yVrbFucU2.jpg!m_fill,w_280,h_210,f_jpg?from=ke.com
20241028,朝阳,CBD,101118587944,光华里社区 满五年 钢混 双南向电梯两居室 采光好必看好房,350万,67373元/平,中楼层 (共12层) 2室1厅 | 51.95平米 | 南,https://ke-image.ljcdn.com/110000-inspection/pc1_3OzreHaC0.jpg!m_fill,w_280,h_210,f_jpg?from=ke.com
20241028,朝阳,CBD,101118122367,观小区花园方正两居室诚意出售房主自荐,1330万,99507元/平,底层 (共33层) | 2004年 | 2室1厅 | 133.66平米 | 东南,https://ke-image.ljcdn.com/110000-inspection/4af08c04-5e33-4f73-8317-85696b7b4787_1000.jpg!m_fill,w_280,h_210,f_jpg?from=ke.com
20241028,朝阳,CBD,101118061296,光辉里小区 满五年 封闭式管理社区 大望路板块必看好房,308万,67426元/平,中楼层 (共18层) 1室1厅 | 45.68平米 | 东南,https://ke-image.ljcdn.com/110000-inspection/pc1_p5m2Zu5NR.jpg!m_fill,w_280,h_210,f_jpg?from=ke.com
20241028,朝阳,CBD,101116964352,国贸桥西南角三环内大两居室带燃气落地窗无遮挡,900万,54260元/平,中楼层 (共13层) | 2003年 | 2室1厅 | 165.87平米 | 西南,https://ke-image.ljcdn.com/110000-inspection/5d774305-b1c9-4322-9cec-1c55152d7ce2_1000.jpg!m_fill,w_280,h_210,f_jpg?from=ke.com
20241028,朝阳,CBD,101127184447,CBD板块南北通透低楼层的三居室新上,477万,69952元/平,低楼层 (共6层) | 1980年 | 3室1厅 | 68.19平米 | 东 西,https://ke-image.ljcdn.com/110000-inspection/c9bc9702-e530-478b-9df3-fa0a82117471_1000.jpg!m_fill,w_280,h_210,f_jpg?from=ke.com
20241028,朝阳,CBD,101127154787,盛世嘉园 3室1厅 南 西 北,900万,61167元/平,高楼层 (共22层) | 2000年 | 3室1厅 | 147.14平米 | 南 西 北,https://ke-image.ljcdn.com/110000-inspection/6ab27223-5438-463c-9d26-086702d0864a_1000.jpg!m_fill,w_280,h_210,f_jpg?from=ke.com
20241028,朝阳,CBD,101127069671,东南朝向精装修可拎包入户随时可看诚意出售,1499万,91331元/平,中楼层 (共26层) 3室1厅 | 164.13平米 | 东南,https://ke-image.ljcdn.com/110000-inspection/888f5f4b-6a4a-4791-b2cd-df9fb614e30d_1000.jpg!m_fill,w_280,h_210,f_jpg?from=ke.com
20241028,朝阳,CBD,101127056228,丽晶苑 大三居 视野开阔 户型方正 全明格局,1980万,67460元/平,高楼层 (共22层) 3室2厅 | 293.51平米 | 西北,https://ke-image.ljcdn.com/110000-inspection/f110b0ca-983f-4953-a7b8-f93bd23c3bf0_1000.jpg!m_fill,w_280,h_210,f_jpg?from=ke.com
20241028,朝阳,CBD,101127030672,丽晶苑 2室1厅 北,1000万,66415元/平,低楼层 (共22层) 2室1厅 | 150.57平米 | 北,https://ke-image.ljcdn.com/110000-inspection/e89decec-6c62-43b2-9896-72e7e92ced45_1000.jpg!m_fill,w_280,h_210,f_jpg?from=ke.com
20241028,朝阳,CBD,101127013556,金地国际花园高层观景户型二次精装满五唯一,2020万,101518元/平,高楼层 (共33层) | 2004年 | 2室1厅 | 198.98平米 | 南 北,https://ke-image.ljcdn.com/110000-inspection/31c298e9-8eba-4227-adcd-cdaa0afbf82a_1000.jpg!m_fill,w_280,h_210,f_jpg?from=ke.com
20241028,朝阳,CBD,101126993250,光华里社区满五年唯一 带电梯 双南两居室 楼层好,410万,74996元/平,中楼层 (共12层) | 1984年 | 2室1厅 | 54.67平米 | 南,https://ke-image.ljcdn.com/110000-inspection/0b860c2d-5b33-4413-beff-0249497994b3_1000.jpg!m_fill,w_280,h_210,f_jpg?from=ke.com
20241028,朝阳,CBD,101126966631,现代城 满五唯一 全南两居 正对小区花园 安静不临,890万,67211元/平,低楼层 (共28层) 2室2厅 | 132.42平米 | 南,https://ke-image.ljcdn.com/110000-inspection/a42b4909-3ec7-4292-9678-d4e305782001_1000.jpg!m_fill,w_280,h_210,f_jpg?from=ke.com
20241028,朝阳,CBD,101126964672,光华欣居 南北通透两居室 北侧临光华路,616万,54601元/平,中楼层 (共15层) 2室1厅 | 112.82平米 | 南 北,https://ke-image.ljcdn.com/110000-inspection/6a4e57f2-d06d-42ab-8be2-346b510873c1_1000.jpg!m_fill,w_280,h_210,f_jpg?from=ke.com
20241028,朝阳,CBD,101126889419,盛世嘉园 3室2厅 西南,1100万,69802元/平,高楼层 (共22层) | 2000年 | 3室2厅 | 157.59平米 | 西南,https://ke-image.ljcdn.com/110000-inspection/ae7578ff-2521-47a8-a24f-98b4fca210b0_1000.jpg!m_fill,w_280,h_210,f_jpg?from=ke.com
20241028,朝阳,CBD,101126782676,光华东里低楼层南北格局的两居室房主自荐,435万,79964元/平,低楼层 (共6层) | 1980年 | 2室1厅 | 54.4平米 | 南 北,https://ke-image.ljcdn.com/110000-inspection/dcbd8fe7-9d26-4de4-b087-2ec2f0e49c8b_1000.jpg!m_fill,w_280,h_210,f_jpg?from=ke.com
20241028,朝阳,CBD,101126774688,光辉里小区诚意出售高层南向两居室仅契税,405万,65355元/平,高楼层 (共14层) | 1984年 | 2室1厅 | 61.97平米 | 南,https://ke-image.ljcdn.com/110000-inspection/8a99e283-0e29-4867-9ddc-b8c39bdd0d79_1000.jpg!m_fill,w_280,h_210,f_jpg?from=ke.com
20241028,朝阳,CBD,101126684075,SOHO现代城 正对长安街 有燃气 业主诚售双地铁,749.9万,41555元/平,低楼层 (共36层) 3室2厅 | 180.46平米 | 东 北,https://ke-image.ljcdn.com/110000-inspection/2eb31da8-f15a-4237-a120-50d9cc52d083_1000.jpg!m_fill,w_280,h_210,f_jpg?from=ke.com
20241028,朝阳,CBD,101126654218,光辉里小区 高层 南向 有租户 方正,328万,84384元/平,中楼层 (共14层) | 1982年 | 1室1厅 | 38.87平米 | 南,https://ke-image.ljcdn.com/110000-inspection/a1ef0ad3-3408-4fea-b7c2-d60a245ed986_1000.jpg!m_fill,w_280,h_210,f_jpg?from=ke.com
20241028,朝阳,CBD,101126593971,建外soho东区视野好看小区院里安静采光好。,700万,52751元/平,低楼层 (共31层) | 2003年 | 2室1厅 | 132.7平米 | 西北,https://ke-image.ljcdn.com/110000-inspection/1525eb57-231d-4399-990d-9a9ee493f2b0_1000.jpg!m_fill,w_280,h_210,f_jpg?from=ke.com
20241028,朝阳,CBD,101126516403,光华里社区2-1-1-1  530万房主自荐,520万,76708元/平,顶层 (共5层) | 1967年 | 2室1厅 | 67.79平米 | 南 北,https://ke-image.ljcdn.com/110000-inspection/5f19c72e-b3bf-4705-9c9a-bc01a4e89797_1000.jpg!m_fill,w_280,h_210,f_jpg?from=ke.com
20241028,朝阳,CBD,101126500581,阳光100国际公寓  经典四居户型  真实在售,1450万,83748元/平,中楼层 (共30层) | 2002年 | 4室1厅 | 173.14平米 | 西南 北,https://ke-image.ljcdn.com/110000-inspection/dbdf90a9-c8bc-426b-88b7-0b98343f770f_1000.jpg!m_fill,w_280,h_210,f_jpg?from=ke.com
20241028,朝阳,CBD,101126495872,光华里社区 VR房 满五唯一   电梯房房主自荐,490万,89629元/平,低楼层 (共12层) 2室1厅 | 54.67平米 | 南 北,https://ke-image.ljcdn.com/110000-inspection/2c01f885-a5d6-4f04-bb74-535f935de338_1000.jpg!m_fill,w_280,h_210,f_jpg?from=ke.com
20241028,朝阳,CBD,101126458448,恋日国际   东向观景   视野开阔,405万,52646元/平,低楼层 (共25层) | 2003年 | 1室1厅 | 76.93平米 | 东,https://ke-image.ljcdn.com/110000-inspection/499d53fa-17be-45ad-9cab-0262382113a1_1000.jpg!m_fill,w_280,h_210,f_jpg?from=ke.com
20241028,朝阳,CBD,101126377287,万达广场公寓  方正一居室 诚意出售 价格可谈,435万,70767元/平,中楼层 (共30层) 1室1厅 | 61.47平米 | 西 北,https://ke-image.ljcdn.com/110000-inspection/ed6a0483-2c0a-4a6d-8baf-a469da12f769_1000.jpg!m_fill,w_280,h_210,f_jpg?from=ke.com
20241028,朝阳,CBD,101126366450,华贸公寓 西向小户型 视野好 户型方正 有租户,530万,82414元/平,低楼层 (共26层) | 2005年 | 1室0厅 | 64.31平米 | 西,https://ke-image.ljcdn.com/110000-inspection/44e06249-a04b-456c-9169-c7f16c42b24a_1000.jpg!m_fill,w_280,h_210,f_jpg?from=ke.com
20241028,朝阳,CBD,101126333602,南郎家园 3室1厅 南 北,450万,81863元/平,中楼层 (共5层) 3室1厅 | 54.97平米 | 南 北,https://ke-image.ljcdn.com/110000-inspection/fe5f0765-96e0-4335-b726-47a6349d6493_1000.jpg!m_fill,w_280,h_210,f_jpg?from=ke.com
20241028,朝阳,CBD,101126266328,景观花园舒心居住全新不一般的装修拎包入户,650万,103504元/平,低楼层 (共26层) | 2005年 | 1室1厅 | 62.8平米 | 东,https://ke-image.ljcdn.com/110000-inspection/28fe58e7-96fd-49f2-baf7-ba624521299c_1000.jpg!m_fill,w_280,h_210,f_jpg?from=ke.com
20241028,朝阳,CBD,101126247129,现代城高层观景南向四居精装修诚意出售,1100万,63365元/平,高楼层 (共28层) | 2000年 | 4室2厅 | 173.6平米 | 东南,https://ke-image.ljcdn.com/110000-inspection/75ea70c8-0f13-4487-9242-f941175de89a_1000.jpg!m_fill,w_280,h_210,f_jpg?from=ke.com
20241028,朝阳,CBD,101126035446,现代城东向两居室 满五唯一 格局方正无浪费,560万,63406元/平,中楼层 (共28层) | 2000年 | 2室1厅 | 88.32平米 | 东,https://ke-image.ljcdn.com/110000-inspection/f647b029-7607-4b7d-999c-a9934644d2e5_1000.jpg!m_fill,w_280,h_210,f_jpg?from=ke.com
20241028,朝阳,CBD,101125985284,此房满五唯一商品房购房成本低1994年,450万,59461元/平,底层 (共6层) 2室2厅 | 75.68平米 | 南 北,https://ke-image.ljcdn.com/110000-inspection/b4a2dca3-f893-41a1-b231-2d7acc7567e6_1000.jpg!m_fill,w_280,h_210,f_jpg?from=ke.com
20241028,朝阳,CBD,101125970043,外交部家属楼 光华里社区 层高3.1米 明厨明卫,530万,78068元/平,顶层 (共5层) 2室1厅 | 67.89平米 | 南 北,https://ke-image.ljcdn.com/110000-inspection/3209ce58-0e29-4b20-b31a-33b8cdea5e87_1000.jpg!m_fill,w_280,h_210,f_jpg?from=ke.com
20241028,朝阳,CBD,101125965498,外交部家属楼 双南中间楼层大两居 户型方正净高3米,515万,76866元/平,中楼层 (共5层) 2室1厅 | 67平米 | 南,https://ke-image.ljcdn.com/110000-inspection/ba0af084-e168-4103-9197-f081169ccec8_1000.jpg!m_fill,w_280,h_210,f_jpg?from=ke.com
20241028,朝阳,CBD,101125922137,光电研究所家属楼南北通透大卧室房主自荐,368万,69108元/平,中楼层 (共6层) 2室1厅 | 53.25平米 | 南 北,https://ke-image.ljcdn.com/110000-inspection/04ef9f3f-d07e-43d9-8b4f-78d68d599990_1000.jpg!m_fill,w_280,h_210,f_jpg?from=ke.com
20241028,朝阳,CBD,101125906990,CBD刚需楼盘高层方正两居室满五唯一有钥匙房主自荐,439万,67105元/平,中楼层 (共14层) | 1984年 | 2室1厅 | 65.42平米 | 东南,https://ke-image.ljcdn.com/110000-inspection/97bd17cd-f5fb-4b40-a25c-4601523e0deb_1000.jpg!m_fill,w_280,h_210,f_jpg?from=ke.com
20241028,朝阳,CBD,101125905449,现代城主要适宜人群周边配套交通出行等,1000万,56373元/平,低楼层 (共28层) 4室1厅 | 177.39平米 | 西南,https://ke-image.ljcdn.com/110000-inspection/eb609ba7-f6e7-434b-9db4-5f17f3423b95_1000.jpg!m_fill,w_280,h_210,f_jpg?from=ke.com
20241028,朝阳,CBD,101125896080,盛世嘉园高层东南两居满五唯一精装修诚意出售,755万,59421元/平,高楼层 (共22层) | 2000年 | 2室2厅 | 127.06平米 | 东南,https://ke-image.ljcdn.com/110000-inspection/5dd8c45c-3644-4ab7-88bf-5f7270ba6fc2_1000.jpg!m_fill,w_280,h_210,f_jpg?from=ke.com
20241028,朝阳,CBD,101125887873,光华里 外交部家属楼 挑高3.1米 环境好 社区好,480万,68494元/平,顶层 (共5层) 2室1厅 | 70.08平米 | 南,https://ke-image.ljcdn.com/110000-inspection/45ccf669-1b40-47c5-b3ba-d077c296e2f4_1000.jpg!m_fill,w_280,h_210,f_jpg?from=ke.com
20241028,朝阳,CBD,101125858796,光华西里 3室0厅 南 北房主自荐,412万,69926元/平,顶层 (共5层) 3室0厅 | 58.92平米 | 南 北,https://ke-image.ljcdn.com/110000-inspection/9c9e9d2c-f8f7-454f-903d-55deacffcba4_1000.jpg!m_fill,w_280,h_210,f_jpg?from=ke.com
20241028,朝阳,CBD,101125771141,万达广场公寓 满五唯一商品房,808万,64051元/平,顶层 (共30层) 2室1厅 | 126.15平米 | 西南,https://ke-image.ljcdn.com/110000-inspection/ad7fabcc-661a-4c4c-aa1f-5bc0091322af_1000.jpg!m_fill,w_280,h_210,f_jpg?from=ke.com
20241028,朝阳,CBD,101125753838,华贸公寓 2室1厅 南 北,1080万,83385元/平,中楼层 (共26层) 2室1厅 | 129.52平米 | 南 北,https://ke-image.ljcdn.com/110000-inspection/550ca37f-3a4e-42cd-ad33-24b96fa4e897_1000.jpg!m_fill,w_280,h_210,f_jpg?from=ke.com
20241028,朝阳,CBD,101125717738,光辉南里 低楼层 南北通透 精装修可做婚房 诚售,360万,56882元/平,低楼层 (共6层) 2室2厅 | 63.29平米 | 南 北,https://ke-image.ljcdn.com/110000-inspection/6c783e12-a78c-4ccc-81dc-b4ba062efd25_1000.jpg!m_fill,w_280,h_210,f_jpg?from=ke.com
20241028,朝阳,CBD,101125706119,温莎大道闹中取静南向方正一居室,940万,94950元/平,中楼层 (共16层) | 2005年 | 1室1厅 | 99平米 | 南,https://ke-image.ljcdn.com/110000-inspection/9b033837-5306-444b-92b5-42f92debf718_1000.jpg!m_fill,w_280,h_210,f_jpg?from=ke.com
20241028,朝阳,CBD,101125677185,光华欣居 2室1厅 南 北,639万,56957元/平,中楼层 (共15层) 2室1厅 | 112.19平米 | 南 北,https://ke-image.ljcdn.com/110000-inspection/c6eebc67-b383-4504-89e7-f171d7971d6f_1000.jpg!m_fill,w_280,h_210,f_jpg?from=ke.com
20241028,朝阳,CBD,101125634944,SOHO现代城 大平层 户型方正 成本低 业主诚售,830万,45994元/平,低楼层 (共36层) | 2001年 | 3室1厅 | 180.46平米 | 北 东,https://ke-image.ljcdn.com/110000-inspection/5f5af190-097e-44bc-84b7-2e0ded0b6200_1000.jpg!m_fill,w_280,h_210,f_jpg?from=ke.com
20241028,朝阳,CBD,101125622167,CBD国贸大望路地铁口金地国际花园精装修高层观景房,1699万,85386元/平,高楼层 (共33层) | 2004年 | 3室2厅 | 198.98平米 | 南 北,https://ke-image.ljcdn.com/110000-inspection/492b1ee9-b8c8-4c74-bf38-092e0d42a56d_1000.jpg!m_fill,w_280,h_210,f_jpg?from=ke.com
20241028,朝阳,CBD,101125587973,大望路 SKP 光辉里小区 满五唯一 二次自用装修,468万,71560元/平,中楼层 (共18层) | 1993年 | 2室1厅 | 65.4平米 | 东南,https://ke-image.ljcdn.com/110000-inspection/cc3b902a-595c-4d58-bfa3-386dd9a21b1e_1000.jpg!m_fill,w_280,h_210,f_jpg?from=ke.com
20241028,朝阳,CBD,101125509820,万达广场 东南观景三居室 三阳开泰户型 看房随时房主自荐,950万,66337元/平,低楼层 (共30层) | 2005年 | 3室2厅 | 143.21平米 | 东南,https://ke-image.ljcdn.com/110000-inspection/4d76795b-1896-4e55-bf13-4705d9f800e1_1000.jpg!m_fill,w_280,h_210,f_jpg?from=ke.com
20241028,朝阳,CBD,101125445273,温莎南向一居室二次装修、保养好、采光好、仅契税！,900万,90280元/平,低楼层 (共16层) | 2005年 | 1室1厅 | 99.69平米 | 南,https://ke-image.ljcdn.com/110000-inspection/25f95317-f847-4076-8a23-f7170de4010a_1000.jpg!m_fill,w_280,h_210,f_jpg?from=ke.com
20241028,朝阳,CBD,101125367878,98年钢混电梯房 40w精装 两居+客厅 满五唯一房主自荐,410万,62075元/平,低楼层 (共15层) 2室1厅 | 66.05平米 | 东,https://ke-image.ljcdn.com/110000-inspection/782d5277-ea21-44c6-842c-9041e8b71902_1000.jpg!m_fill,w_280,h_210,f_jpg?from=ke.com
20241028,朝阳,CBD,101125208553,光华里社区 南向两居国贸附近 诚意卖 看房提前约房主自荐,420万,65574元/平,中楼层 (共12层) 2室1厅 | 64.05平米 | 南 北,https://ke-image.ljcdn.com/110000-inspection/9f31fadb-1b19-451c-a10d-68bb669a8718_1000.jpg!m_fill,w_280,h_210,f_jpg?from=ke.com
20241028,朝阳,CBD,101125157247,现代城 2室1厅 东北,699万,60947元/平,中楼层 (共28层) 2室1厅 | 114.69平米 | 东北,https://ke-image.ljcdn.com/110000-inspection/pc1_H1PvvsKdp.jpg!m_fill,w_280,h_210,f_jpg?from=ke.com
20241028,朝阳,CBD,101125086043,此户型小区只有一栋楼有很少出满五年唯一。,900万,63212元/平,低楼层 (共28层) | 2000年 | 3室1厅 | 142.38平米 | 南,https://ke-image.ljcdn.com/110000-inspection/pc1_CLLm5U2cv_1.jpg!m_fill,w_280,h_210,f_jpg?from=ke.com
20241028,朝阳,CBD,101125025866,光辉南里 2室1厅 南 北,390万,60522元/平,顶层 (共6层) 2室1厅 | 64.44平米 | 南 北,https://ke-image.ljcdn.com/110000-inspection/7f68b02b-34c2-4d99-942b-2f42143e5130_1000.jpg!m_fill,w_280,h_210,f_jpg?from=ke.com
20241028,朝阳,CBD,101124963005,万达广场高层1居室看中国尊业主诚意出售,399万,67399元/平,中楼层 (共26层) | 2005年 | 1室1厅 | 59.2平米 | 西北,https://ke-image.ljcdn.com/110000-inspection/14fb5e16-e122-45fa-89d9-bcb20271be02_1000.jpg!m_fill,w_280,h_210,f_jpg?from=ke.com
20241028,朝阳,CBD,101124910651,满五唯一 高层视野 采光明媚 看房随时,188万,69863元/平,顶层 (共4层) 1室1厅 | 26.91平米 | 南,https://ke-image.ljcdn.com/110000-inspection/932c7182-dbab-4215-afd4-e270eeb50b1a_1000.jpg!m_fill,w_280,h_210,f_jpg?from=ke.com
20241028,朝阳,CBD,101124851839,快看！300万精装大平层精品大三居！,1899万,92617元/平,高楼层 (共23层) | 2005年 | 3室1厅 | 205.04平米 | 东 南,https://ke-image.ljcdn.com/110000-inspection/e3ae8056-f3a3-4ac6-8adb-12076827daca_1000.jpg!m_fill,w_280,h_210,f_jpg?from=ke.com
20241028,朝阳,CBD,101124783622,看国贸全景  闹中取静  封闭管理 管家服务,1120万,94420元/平,高楼层 (共16层) | 2005年 | 1室1厅 | 118.62平米 | 南,https://ke-image.ljcdn.com/110000-inspection/b4759174-a722-43fa-aa5d-64c1d90dcc85_1000.jpg!m_fill,w_280,h_210,f_jpg?from=ke.com
20241028,朝阳,CBD,101124729893,SOHO现代城 1室1厅 北,498万,51973元/平,高楼层 (共36层) 1室1厅 | 95.82平米 | 北,https://ke-image.ljcdn.com/110000-inspection/0111e47f-5ab3-4867-af76-778163147bc0_1000.jpg!m_fill,w_280,h_210,f_jpg?from=ke.com
20241028,朝阳,CBD,101124689789,建外soho西区 3室2厅 东南,920万,46276元/平,中楼层 (共25层) 3室2厅 | 198.81平米 | 东南,https://ke-image.ljcdn.com/110000-inspection/7bb46f7d-7193-44dd-97d2-137138109ab7_1000.jpg!m_fill,w_280,h_210,f_jpg?from=ke.com
20241028,朝阳,CBD,101124651960,光辉里小区诚意出售精装修两居室安静不临街房主自荐,419万,64254元/平,低楼层 (共18层) 2室1厅 | 65.21平米 | 西北,https://ke-image.ljcdn.com/110000-inspection/24f72221-32c0-4205-a8c7-8e6527f82e11_1000.jpg!m_fill,w_280,h_210,f_jpg?from=ke.com
20241028,朝阳,CBD,101124645766,国贸CBD优质二居室  户型方正 急售,432万,69836元/平,顶层 (共18层) 2室1厅 | 61.86平米 | 西南 南 西,https://ke-image.ljcdn.com/110000-inspection/e752ba8e-16e2-4a41-8958-1fd95aa1b6ad_1000.jpg!m_fill,w_280,h_210,f_jpg?from=ke.com
20241028,朝阳,CBD,101124555342,光辉里南向出门地铁配套齐全诚意出售房主自荐,310万,65818元/平,顶层 (共6层) 2室1厅 | 47.1平米 | 南,https://ke-image.ljcdn.com/110000-inspection/946a7e15-17b6-4898-8733-1b2732a9689e_1000.jpg!m_fill,w_280,h_210,f_jpg?from=ke.com
20241028,朝阳,CBD,101124500618,万达广场公寓 1室1厅 西北,425万,71791元/平,低楼层 (共26层) | 2005年 | 1室1厅 | 59.2平米 | 西北,https://ke-image.ljcdn.com/110000-inspection/4b1a2cac-5d0a-45c6-b5aa-d7b40606aeef_1000.jpg!m_fill,w_280,h_210,f_jpg?from=ke.com
20241028,朝阳,CBD,101124255749,现代城高层精致小两居诚意出售,620万,69043元/平,高楼层 (共28层) 2室1厅 | 89.8平米 | 西北,https://ke-image.ljcdn.com/110000-inspection/5795bc8f-6667-44ce-ba71-1dcb50ae566e_1000.jpg!m_fill,w_280,h_210,f_jpg?from=ke.com
20241028,朝阳,CBD,101124226752,南郎家园 3室1厅 南 北,520万,57894元/平,高楼层 (共6层) | 1994年 | 3室1厅 | 89.82平米 | 南 北,https://ke-image.ljcdn.com/110000-inspection/4671a4ad-a9ca-4a3d-aae5-110ba6485ed5_1000.jpg!m_fill,w_280,h_210,f_jpg?from=ke.com
20241028,朝阳,CBD,101124214456,南北三居全明格局采光充足楼层好随时看房,1286万,84234元/平,中楼层 (共23层) | 2005年 | 3室1厅 | 152.67平米 | 南 西 北,https://ke-image.ljcdn.com/110000-inspection/88ba5d3a-a487-4dc9-aa49-85fa2ca8f246_1000.jpg!m_fill,w_280,h_210,f_jpg?from=ke.com
20241028,朝阳,CBD,101124189055,万达广场公寓  业主诚意出售 方正户型 随时可看！,459万,74152元/平,低楼层 (共27层) 1室1厅 | 61.9平米 | 东北,https://ke-image.ljcdn.com/110000-inspection/d7936c2e-628f-4e54-8ea7-9b92bfe6e1bf_1000.jpg!m_fill,w_280,h_210,f_jpg?from=ke.com
20241028,朝阳,CBD,101124160192,中间位置 不临街 西向两居 视野好 精装修 仅有契税,720万,64603元/平,低楼层 (共28层) 2室1厅 | 111.45平米 | 西,https://ke-image.ljcdn.com/110000-inspection/pc1_PDrA2LqV3_1.jpg!m_fill,w_280,h_210,f_jpg?from=ke.com
20241028,朝阳,CBD,101124129670,光辉里小区大望路精装修南向开间,200万,59312元/平,地下室 (共6层) 1室0厅 | 33.72平米 | 南,https://ke-image.ljcdn.com/110000-inspection/1aec7dc0-cc5d-4eda-baa5-c2e48bdd858a_1000.jpg!m_fill,w_280,h_210,f_jpg?from=ke.com
20241028,朝阳,CBD,101124123872,2层小三居 配套完善 诚意出售 随时签约,338万,59718元/平,低楼层 (共6层) 3室1厅 | 56.6平米 | 东 西,https://ke-image.ljcdn.com/110000-inspection/pc1_0enAsBwh0_1.jpg!m_fill,w_280,h_210,f_jpg?from=ke.com
20241028,朝阳,CBD,101123903089,现代城   朝西无遮挡  采光好视野好 满五年唯一,830万,57480元/平,中楼层 (共28层) | 2000年 | 3室1厅 | 144.4平米 | 西,https://ke-image.ljcdn.com/110000-inspection/591a30df-ee17-453d-8af0-6ddb5dba253e_1000.jpg!m_fill,w_280,h_210,f_jpg?from=ke.com
20241028,朝阳,CBD,101123882042,南郎家园 2室1厅 南,360万,71900元/平,低楼层 (共6层) | 1983年 | 2室1厅 | 50.07平米 | 南,https://ke-image.ljcdn.com/110000-inspection/7c4c38d1-da4d-4ac3-bb6b-06327399a615_1000.jpg!m_fill,w_280,h_210,f_jpg?from=ke.com
20241028,朝阳,CBD,101123821946,万达广场公寓 精装3居室 南北通透 自住装修 诚意出售,890万,70096元/平,低楼层 (共30层) | 2005年 | 3室1厅 | 126.97平米 | 南 北,https://ke-image.ljcdn.com/110000-inspection/a328ec56-0601-4bb6-9b57-90efa2c5f3f6_1000.jpg!m_fill,w_280,h_210,f_jpg?from=ke.com
20241028,朝阳,CBD,101123781733,阳光100东向E座户型方正视野开阔随时看房主自荐,860万,81394元/平,中楼层 (共30层) | 2002年 | 2室1厅 | 105.66平米 | 东,https://ke-image.ljcdn.com/110000-inspection/2801817c-3c91-4f3d-a409-def4a966f2a7_1000.jpg!m_fill,w_280,h_210,f_jpg?from=ke.com
20241028,朝阳,CBD,101123757438,恋日国际  满五唯一  西向一居室,440万,57195元/平,中楼层 (共25层) | 2003年 | 1室1厅 | 76.93平米 | 东,https://ke-image.ljcdn.com/110000-inspection/pc1_lgImGJHYz.jpg!m_fill,w_280,h_210,f_jpg?from=ke.com
20241028,朝阳,CBD,101123692663,SOHO现代城 大平层 满五年 业主诚售,820万,36426元/平,中楼层 (共27层) 4室1厅 | 225.12平米 | 东 北,https://ke-image.ljcdn.com/110000-inspection/d89b2446-ac5e-4ff2-8681-eb3a2bb4e24a_1000.jpg!m_fill,w_280,h_210,f_jpg?from=ke.com
20241028,朝阳,CBD,101123669161,华贸公寓   中间楼栋  中间楼层   俯瞰花园房主自荐,1288万,79546元/平,中楼层 (共26层) | 2005年 | 3室1厅 | 161.92平米 | 东南,https://ke-image.ljcdn.com/110000-inspection/e0cfbb82-616f-491e-8116-9acba3a8b4cf_1000.jpg!m_fill,w_280,h_210,f_jpg?from=ke.com
20241028,朝阳,CBD,101123612987,现代城 高层观景河畔大宅  满五年唯一,1080万,61156元/平,高楼层 (共28层) | 2000年 | 3室2厅 | 176.6平米 | 西南,https://ke-image.ljcdn.com/110000-inspection/aa79f65a-3c13-4580-b2e9-63ea44b01196_1000.jpg!m_fill,w_280,h_210,f_jpg?from=ke.com
20241028,朝阳,CBD,101123531142,诚意！skp大望路地铁站一步之遥优质一居室,735万,89297元/平,低楼层 (共26层) 1室1厅 | 82.31平米 | 西,https://ke-image.ljcdn.com/110000-inspection/pc1_aI2wtubX9.jpg!m_fill,w_280,h_210,f_jpg?from=ke.com
20241028,朝阳,CBD,101123506858,高楼层 视野开阔 看国贸全景 封闭管理 管家服务,1099万,92649元/平,中楼层 (共16层) | 2005年 | 1室1厅 | 118.62平米 | 南,https://ke-image.ljcdn.com/110000-inspection/554825dd-636c-472b-bcfd-ec75a0549442_1000.jpg!m_fill,w_280,h_210,f_jpg?from=ke.com
20241028,朝阳,CBD,101123506559,现代城  东向三居室满五唯一 格局方正无浪费,850万,60871元/平,中楼层 (共28层) | 2000年 | 3室2厅 | 139.64平米 | 东,https://ke-image.ljcdn.com/110000-inspection/b446de42-4ebe-46fd-8fa7-a391c79289c6_1000.jpg!m_fill,w_280,h_210,f_jpg?from=ke.com
20241028,朝阳,CBD,101123432208,高楼层 视野开阔 看国贸全景 封闭管理,990万,96464元/平,高楼层 (共16层) | 2005年 | 1室1厅 | 102.63平米 | 南,https://ke-image.ljcdn.com/110000-inspection/bcc74164-4ca4-4842-b125-2ee229d7131c_1000.jpg!m_fill,w_280,h_210,f_jpg?from=ke.com
20241028,朝阳,CBD,101123343567,国贸（CBD）标准一居诚意出售,335万,73838元/平,高楼层 (共18层) 1室1厅 | 45.37平米 | 东南,https://ke-image.ljcdn.com/110000-inspection/2e2095df-899b-426c-b0e5-e4f44c8691f0_1000.jpg!m_fill,w_280,h_210,f_jpg?from=ke.com
20241028,朝阳,CBD,101123286294,建国路光辉南里 基本介绍 随时可看房主自荐,360万,56453元/平,低楼层 (共6层) | 1994年 | 2室1厅 | 63.77平米 | 南 北,https://ke-image.ljcdn.com/110000-inspection/6692f3ac-c1c5-48c2-8939-87dafaa3efb5_1000.jpg!m_fill,w_280,h_210,f_jpg?from=ke.com
20241028,朝阳,CBD,101123276224,光辉里 南北两居室 满五唯一 中间层 双地铁,428万,75392元/平,中楼层 (共6层) 2室1厅 | 56.77平米 | 南 北,https://ke-image.ljcdn.com/110000-inspection/pc1_oUjuHLxYM.jpg!m_fill,w_280,h_210,f_jpg?from=ke.com
20241028,朝阳,CBD,101123199240,华贸商务楼 2室1厅 南 北,650万,48577元/平,中楼层 (共26层) | 2005年 | 2室1厅 | 133.81平米 | 南 北,https://ke-image.ljcdn.com/110000-inspection/26545e1a-8263-4f1d-b504-bd1c6de7314b_1000.jpg!m_fill,w_280,h_210,f_jpg?from=ke.com
20241028,朝阳,CBD,101123182965,华贸住宅南北两居采光通风视野好,1080万,84448元/平,中楼层 (共26层) | 2005年 | 2室1厅 | 127.89平米 | 南 北,https://ke-image.ljcdn.com/110000-inspection/pc1_9Z4CFOj4M.jpg!m_fill,w_280,h_210,f_jpg?from=ke.com
20241028,朝阳,CBD,101123179043,CBD住宅可沐浴阳光采光充足无遮挡,518万,80548元/平,中楼层 (共26层) | 2005年 | 1室0厅 | 64.31平米 | 西,https://ke-image.ljcdn.com/110000-inspection/617498fe-2699-431a-b01c-04f1c13f0d5e_1000.jpg!m_fill,w_280,h_210,f_jpg?from=ke.com
20241028,朝阳,CBD,101123141639,恋日国际  满五年高楼层 视野开阔,345万,44846元/平,中楼层 (共25层) | 2003年 | 1室1厅 | 76.93平米 | 东,https://ke-image.ljcdn.com/110000-inspection/c20df89c-254f-4e20-8a2f-021cf061e553_1000.jpg!m_fill,w_280,h_210,f_jpg?from=ke.com
20241028,朝阳,CBD,101123125608,满五年唯一央产房  看房方便 东西通透,370万,55019元/平,顶层 (共6层) 2室1厅 | 67.25平米 | 西 东,https://ke-image.ljcdn.com/110000-inspection/014d2b4a-306d-481e-9613-120d413af33f_1000.jpg!m_fill,w_280,h_210,f_jpg?from=ke.com
20241028,朝阳,CBD,101123080861,SOHO现代城高层东向景观小三居,581万,41536元/平,高楼层 (共27层) 1室0厅 | 139.88平米 | 东,https://ke-image.ljcdn.com/110000-inspection/pc1_LRE7rS7Dr.jpg!m_fill,w_280,h_210,f_jpg?from=ke.com
20241028,朝阳,CBD,101123079486,国贸通透2居室双阳台业主诚意出售房主自荐,375万,55763元/平,高楼层 (共6层) 2室1厅 | 67.25平米 | 东 西,https://ke-image.ljcdn.com/110000-inspection/pc1_L2wb1qFKP.jpg!m_fill,w_280,h_210,f_jpg?from=ke.com
20241028,朝阳,CBD,101123022918,万达广场南北2居室业主诚意出售看房提前联系,649万,57782元/平,低楼层 (共26层) 2室1厅 | 112.32平米 | 南,https://ke-image.ljcdn.com/110000-inspection/pc1_F6ZXyyKAq.jpg!m_fill,w_280,h_210,f_jpg?from=ke.com
20241028,朝阳,CBD,101122992048,光辉里小区好的楼栋 优质的三居室随时可看,560万,68569元/平,中楼层 (共18层) | 1993年 | 3室1厅 | 81.67平米 | 西北,https://ke-image.ljcdn.com/110000-inspection/a211cf30-3d74-456a-8049-dae5dad3dda2_1000.jpg!m_fill,w_280,h_210,f_jpg?from=ke.com
20241028,朝阳,CBD,101122936961,盛世嘉园 2室2厅 南 北,859万,64958元/平,低楼层 (共18层) | 2000年 | 2室2厅 | 132.24平米 | 南 北,https://ke-image.ljcdn.com/110000-inspection/e860cae4-deac-46a2-9a2f-297021a5a5f0_1000.jpg!m_fill,w_280,h_210,f_jpg?from=ke.com
20241028,朝阳,CBD,101122933035,蓝堡方正两居带阳台落地窗可观央视满五唯一房主自荐,1050万,72484元/平,中楼层 (共16层) 2室2厅 | 144.86平米 | 西,https://ke-image.ljcdn.com/110000-inspection/b1bd7d6f-2ae3-414b-b54e-8534a5bdf23c_1000.jpg!m_fill,w_280,h_210,f_jpg?from=ke.com
20241028,朝阳,CBD,101122847934,高层景观房可俯瞰花园、远眺北部山景安静不临街。,389万,79828元/平,高楼层 (共33层) | 2001年 | 1室1厅 | 48.73平米 | 北,https://ke-image.ljcdn.com/110000-inspection/6f8d77f9-7d6b-4bca-a321-1ed71bfa310b_1000.jpg!m_fill,w_280,h_210,f_jpg?from=ke.com
20241028,朝阳,CBD,101122795094,满五唯一户型方正近地铁配套齐全,430万,79704元/平,中楼层 (共30层) | 2002年 | 1室1厅 | 53.95平米 | 北,https://ke-image.ljcdn.com/110000-inspection/de967e01-b2a0-49de-a374-f5f67c6d3cd2_1000.jpg!m_fill,w_280,h_210,f_jpg?from=ke.com
20241028,朝阳,CBD,101122314910,光辉里小区  半地下两居室  小区中间位置房主自荐,188万,36870元/平,地下室 (共6层) 2室1厅 | 50.99平米 | 南 北,https://ke-image.ljcdn.com/110000-inspection/9adc87be-c4c9-42c1-a5e5-9e40b308af53_1000.jpg!m_fill,w_280,h_210,f_jpg?from=ke.com
20241028,朝阳,CBD,101122303974,国贸CBD 现代城 114.69平米 两室两卫 诚意出售 随时看,789万,68795元/平,中楼层 (共28层) 2室1厅 | 114.69平米 | 东北,https://ke-image.ljcdn.com/110000-inspection/3abdf70c-4609-4c1c-a386-fd82aee008aa_1000.jpg!m_fill,w_280,h_210,f_jpg?from=ke.com
20241028,朝阳,CBD,101122273309,万达广场公寓 高楼层 视野好 正规一居室,460万,74314元/平,高楼层 (共27层) | 2005年 | 1室1厅 | 61.9平米 | 东北,https://ke-image.ljcdn.com/110000-inspection/d91e8758-a3fc-4f76-87d6-bebec24b9bd0_1000.jpg!m_fill,w_280,h_210,f_jpg?from=ke.com
20241028,朝阳,CBD,101121715959,光辉南里 满五年唯一 精装修 南北通透 采光好,450万,63912元/平,高楼层 (共6层) 2室1厅 | 70.41平米 | 南 北,https://ke-image.ljcdn.com/110000-inspection/c0586249-789d-4017-8248-20febf0e3337_1000.jpg!m_fill,w_280,h_210,f_jpg?from=ke.com
20241028,朝阳,CBD,101121614892,房子是铁道部的房子看房随时诚意出售,235万,40616元/平,顶层 (共6层) 2室1厅 | 57.86平米 | 东 西,https://ke-image.ljcdn.com/110000-inspection/pc1_OMwVANIEZ.jpg!m_fill,w_280,h_210,f_jpg?from=ke.com
20241028,朝阳,CBD,101121589312,建外SOHO  西区两居室  观花园景观好,770万,51320元/平,中楼层 (共28层) | 2005年 | 2室1厅 | 150.04平米 | 东南,https://ke-image.ljcdn.com/110000-inspection/3a339c58-1042-4d90-9fc8-c74a82ea46b2_1000.jpg!m_fill,w_280,h_210,f_jpg?from=ke.com
20241028,朝阳,CBD,101121398131,华贸高层一居室 无遮挡看房方便,728万,90357元/平,高楼层 (共23层) | 2005年 | 1室1厅 | 80.57平米 | 西,https://ke-image.ljcdn.com/110000-inspection/pc1_nK4D9LOaY.jpg!m_fill,w_280,h_210,f_jpg?from=ke.com
20241028,朝阳,CBD,101121397681,恋日国际    户型方正   全明格局,308万,58959元/平,中楼层 (共25层) | 2003年 | 1室1厅 | 52.24平米 | 北,https://ke-image.ljcdn.com/110000-inspection/ad246532-0c37-4336-873c-5a38284a95c4_1000.jpg!m_fill,w_280,h_210,f_jpg?from=ke.com
20241028,朝阳,CBD,101121344864,光华欣居优质好房双卧与客厅朝南采光和视野都很好,778万,54266元/平,中楼层 (共15层) 3室1厅 | 143.37平米 | 东南,https://ke-image.ljcdn.com/110000-inspection/pc1_TDW2L6qZn.jpg!m_fill,w_280,h_210,f_jpg?from=ke.com
20241028,朝阳,CBD,101121338230,蓝堡国际公寓方正3居带燃气商圈推荐房源房主自荐,1389万,83741元/平,低楼层 (共16层) 3室1厅 | 165.87平米 | 东,https://ke-image.ljcdn.com/110000-inspection/13d9b3ed-979b-4b15-94dc-f06ce82a8b9d_1000.jpg!m_fill,w_280,h_210,f_jpg?from=ke.com
20241028,朝阳,CBD,101121336562,阳光100东南采光好 双卫两居室 轻奢风装修房主自荐,765万,70088元/平,低楼层 (共33层) 2室1厅 | 109.15平米 | 东南,https://ke-image.ljcdn.com/110000-inspection/9db372ed-f3eb-461b-a9aa-97f99be6b2db_1000.jpg!m_fill,w_280,h_210,f_jpg?from=ke.com
20241028,朝阳,CBD,101121171421,南郎家园 南向一居 满五年 家庭名下一套房 诚心出售,260万,63292元/平,顶层 (共6层) 1室0厅 | 41.08平米 | 南,https://ke-image.ljcdn.com/110000-inspection/9b7c1a51-c292-4439-89a9-380694261d33_1000.jpg!m_fill,w_280,h_210,f_jpg?from=ke.com
20241028,朝阳,CBD,101121021842,光华欣居 南北通透 两居室 业主诚心出售,615万,54818元/平,中楼层 (共15层) 2室1厅 | 112.19平米 | 南 北,https://ke-image.ljcdn.com/110000-inspection/pc1_z9wg3H00c.jpg!m_fill,w_280,h_210,f_jpg?from=ke.com
20241028,朝阳,CBD,101120913342,南郎家园 1室1厅 东,186万,49653元/平,地下室 (共6层) | 1994年 | 1室1厅 | 37.46平米 | 东,https://ke-image.ljcdn.com/110000-inspection/pc1_4q6wJcKIH.jpg!m_fill,w_280,h_210,f_jpg?from=ke.com
20241028,朝阳,CBD,101120737288,建国路以北光辉里高层精装修优质三居室,599万,73344元/平,高楼层 (共18层) | 1993年 | 3室1厅 | 81.67平米 | 西北,https://ke-image.ljcdn.com/110000-inspection/e85748ef-497f-40d6-9675-d721b152a4e6_1000.jpg!m_fill,w_280,h_210,f_jpg?from=ke.com
20241028,朝阳,CBD,101120614277,南郎家园  朝东两居室 装修不错,368万,75011元/平,中楼层 (共6层) | 1994年 | 2室1厅 | 49.06平米 | 东 北,https://ke-image.ljcdn.com/110000-inspection/73434583-1780-4fd2-818a-ebdbbd0b14e8_1000.jpg!m_fill,w_280,h_210,f_jpg?from=ke.com
20241028,朝阳,CBD,101120552063,温莎大道 视野开阔 封闭管理 管家服务,1050万,88518元/平,低楼层 (共16层) | 2005年 | 1室1厅 | 118.62平米 | 南,https://ke-image.ljcdn.com/110000-inspection/pc1_Nq7xZaRHR.jpg!m_fill,w_280,h_210,f_jpg?from=ke.com
20241028,朝阳,CBD,101119924929,现代城3居室 高层河景 视野开阔采光好,946万,64477元/平,中楼层 (共28层) | 1999年 | 3室2厅 | 146.72平米 | 东,https://ke-image.ljcdn.com/110000-inspection/pc1_l4cuO2wbj.jpg!m_fill,w_280,h_210,f_jpg?from=ke.com
20241028,朝阳,CBD,101119922676,恋日国际  西北向全明格局     满五年观景,450万,59540元/平,中楼层 (共25层) | 2003年 | 2室1厅 | 75.58平米 | 西北,https://ke-image.ljcdn.com/110000-inspection/aeca10e6-0862-4ca8-b3bc-f17914490ac3_1000.jpg!m_fill,w_280,h_210,f_jpg?from=ke.com
20241028,朝阳,CBD,101119881766,西南 中间层 两居室带一个大客厅 带电梯,420万,57598元/平,中楼层 (共18层) 2室1厅 | 72.92平米 | 西南,https://ke-image.ljcdn.com/110000-inspection/e16c74dc-f3ce-433c-a001-05794f873c7e_1000.jpg!m_fill,w_280,h_210,f_jpg?from=ke.com
20241028,朝阳,CBD,101119569366,高层一居厅室分离有独立厨房厨房有燃气可贷款,910万,100000元/平,高楼层 (共16层) | 2005年 | 1室1厅 | 91平米 | 北,https://ke-image.ljcdn.com/110000-inspection/51592977-dce1-4ba8-bcbe-51254dd85d55_1000.jpg!m_fill,w_280,h_210,f_jpg?from=ke.com
20241028,朝阳,CBD,101119458071,高品质4居室 视野开阔 封闭管理 管家服务 满五唯一,2688万,79896元/平,低楼层 (共30层) | 2005年 | 4室2厅 | 336.44平米 | 南 北,https://ke-image.ljcdn.com/110000-inspection/816c526f-50c8-4b18-83f9-df299223eebc_1000.jpg!m_fill,w_280,h_210,f_jpg?from=ke.com
20241028,朝阳,CBD,101119144368,蓝堡国际公寓 人车分流 高楼层观国贸夜景 不临街,627万,95813元/平,高楼层 (共21层) 1室1厅 | 65.44平米 | 西,https://ke-image.ljcdn.com/110000-inspection/pc1_bgv1FLGQ6.jpg!m_fill,w_280,h_210,f_jpg?from=ke.com
20241028,朝阳,CBD,101119018885,北京车粮段家属楼  近地铁  近公园  配套完全,307万,60055元/平,中楼层 (共6层) 2室1厅 | 51.12平米 | 东,https://ke-image.ljcdn.com/110000-inspection/pc1_p5ybNqMnz.jpg!m_fill,w_280,h_210,f_jpg?from=ke.com
20241028,朝阳,CBD,101118955857,3年仅一套 西南双向 方正三居不缺角 小区后排不临街房主自荐,1100万,77706元/平,中楼层 (共28层) 3室1厅 | 141.56平米 | 西南,https://ke-image.ljcdn.com/110000-inspection/pc1_yAwH4OOHc_2.jpg!m_fill,w_280,h_210,f_jpg?from=ke.com
20241028,朝阳,CBD,101118620197,SKP华贸公寓南北通透两居室 看房方便,1135万,87632元/平,低楼层 (共26层) | 2005年 | 2室2厅 | 129.52平米 | 南 北,https://ke-image.ljcdn.com/110000-inspection/c38c14b3-f6cb-4dbd-b363-4c6a82286ccd_1000.jpg!m_fill,w_280,h_210,f_jpg?from=ke.com
20241028,朝阳,CBD,101118086290,东三环 双井  南北两居 好房 诚意出售 方便看房,295万,49053元/平,顶层 (共6层) 2室1厅 | 60.14平米 | 南 北,https://ke-image.ljcdn.com/110000-inspection/pc1_CIUE8nBRX_1.jpg!m_fill,w_280,h_210,f_jpg?from=ke.com
20241028,朝阳,CBD,101117602655,建外soho西区西南向三居室看通惠河,970万,48276元/平,高楼层 (共25层) 3室1厅 | 200.93平米 | 西南,https://ke-image.ljcdn.com/110000-inspection/322d64bc-987b-48e1-8e1c-cf5119411153_1000.jpg!m_fill,w_280,h_210,f_jpg?from=ke.com
20241028,朝阳,CBD,101117583697,满五唯一高层南北通透带书房！视野开阔诚意出售房主自荐,1260万,91160元/平,中楼层 (共26层) 2室1厅 | 138.22平米 | 南 北,https://ke-image.ljcdn.com/110000-inspection/pc1_dTRyiVpfo_1.jpg!m_fill,w_280,h_210,f_jpg?from=ke.com
20241028,朝阳,CBD,101117183998,盛世嘉园小区高楼层三居室西南北向不临街安静。,913万,62050元/平,高楼层 (共22层) 3室1厅 | 147.14平米 | 南 西 北,https://ke-image.ljcdn.com/110000-inspection/pc1_B1cD0gzGe.jpg!m_fill,w_280,h_210,f_jpg?from=ke.com
20241028,朝阳,CBD,101117041319,丽晶苑 国贸永安里 三梯六户大两居 满五唯一 精装修,1080万,71728元/平,低楼层 (共22层) | 1996年 | 2室1厅 | 150.57平米 | 北,https://ke-image.ljcdn.com/110000-inspection/pc1_H9etivkm9_2.jpg!m_fill,w_280,h_210,f_jpg?from=ke.com
20241028,朝阳,CBD,101116973947,西大望路三号院小高层洋房南北大三居采光好刚装修两年,2900万,114884元/平,低楼层 (共16层) 4室2厅 | 252.43平米 | 南 北,https://ke-image.ljcdn.com/110000-inspection/0ee3a9a5-2fa2-4e01-8838-7914b9f45d65_1000.jpg!m_fill,w_280,h_210,f_jpg?from=ke.com
20241028,朝阳,CBD,101116855656,SOHO现代城/西向平层/格局方正/满五唯一房主自荐,700万,48511元/平,低楼层 (共36层) | 2001年 | 2室1厅 | 144.3平米 | 西,https://ke-image.ljcdn.com/110000-inspection/5ed8ee62-9ef4-4ffd-9463-f4640d057758_1000.jpg!m_fill,w_280,h_210,f_jpg?from=ke.com
20241028,朝阳,CBD,101116689997,现代城两居两卫后排位置安静不吵,780万,68010元/平,低楼层 (共28层) | 2001年 | 2室1厅 | 114.69平米 | 东北,https://ke-image.ljcdn.com/110000-inspection/b6a80495-ddfb-43a0-9e64-d957b125df3d_1000.jpg!m_fill,w_280,h_210,f_jpg?from=ke.com
20241028,朝阳,CBD,101112505070,建国路光辉南里南北通透两居室业主诚意出售。房主自荐,420万,66194元/平,低楼层 (共6层) | 1994年 | 2室1厅 | 63.45平米 | 南 北,https://ke-image.ljcdn.com/110000-inspection/pc1_EqmXSFZyy_1.jpg!m_fill,w_280,h_210,f_jpg?from=ke.com
20241028,朝阳,CBD,101109093932,光辉南里 步梯3层精装一居室  1995年 一手业主房主自荐,290万,53585元/平,中楼层 (共6层) | 1995年 | 1室1厅 | 54.12平米 | 南 北,https://ke-image.ljcdn.com/110000-inspection/pc1_rUBFpw752_1.jpg!m_fill,w_280,h_210,f_jpg?from=ke.com
20241028,朝阳,CBD,101127251843,万达广场公寓西区 南向 高层 正对电梯 仅有契税新上,410万,41906元/平,中楼层 (共32层) | 2005年 | 1室0厅 | 97.84平米 | 南,https://ke-image.ljcdn.com/110000-inspection/b8241817-14da-42b3-9ee8-c5a76d779d4f_1000.jpg!m_fill,w_280,h_210,f_jpg?from=ke.com
20241028,朝阳,CBD,101127208691,正规一居一室一厅户型方正满五年唯一精装修新上,680万,83951元/平,中楼层 (共23层) | 2005年 | 1室1厅 | 81平米 | 西,https://ke-image.ljcdn.com/110000-inspection/cef9d27c-5970-4c38-bf90-661b6e4f9003_1000.jpg!m_fill,w_280,h_210,f_jpg?from=ke.com
20241028,朝阳,CBD,101127165701,阳光100国际公寓光华路2号院新上,450万,92346元/平,低楼层 (共33层) | 2001年 | 1室1厅 | 48.73平米 | 北,https://ke-image.ljcdn.com/110000-inspection/1c1dff82-7c81-4b3d-8c43-b08bf100e1de_1000.jpg!m_fill,w_280,h_210,f_jpg?from=ke.com
20241028,朝阳,CBD,101127164410,温莎大道 4室2厅 东南 北新上,2988万,94858元/平,中楼层 (共30层) 4室2厅 | 315平米 | 东南 北,https://ke-image.ljcdn.com/110000-inspection/2e451dbb-f58f-4728-b69b-a992df71bb44_1000.jpg!m_fill,w_280,h_210,f_jpg?from=ke.com
20241028,朝阳,CBD,101127146159,蓝堡国际公寓东南向三居室！视野宽阔！阳光日照充足,1100万,79850元/平,低楼层 (共21层) | 2004年 | 3室1厅 | 137.76平米 | 南,https://ke-image.ljcdn.com/110000-inspection/0450f45f-a261-47e1-9800-57403e5794f7_1000.jpg!m_fill,w_280,h_210,f_jpg?from=ke.com
20241028,朝阳,CBD,101127135373,北京银泰中心高层东北向2居有钥匙随时看房,2650万,109545元/平,中楼层 (共56层) | 2008年 | 2室2厅 | 241.91平米 | 东北,https://ke-image.ljcdn.com/110000-inspection/0f28d646-0096-459e-a90e-02966b5b80bd_1000.jpg!m_fill,w_280,h_210,f_jpg?from=ke.com
20241028,朝阳,CBD,101127133254,盛世嘉园 2室2厅 东南,760万,59815元/平,高楼层 (共22层) | 2000年 | 2室2厅 | 127.06平米 | 东南,https://ke-image.ljcdn.com/110000-inspection/pc1_pLUizwdb3.jpg!m_fill,w_280,h_210,f_jpg?from=ke.com
20241028,朝阳,CBD,101127112572,蓝堡国际公寓 通透三居精装修,1500万,88910元/平,高楼层 (共21层) 3室2厅 | 168.71平米 | 西 东,https://ke-image.ljcdn.com/110000-inspection/87633d37-8de8-40cc-84b4-1dafcb8fb098_1000.jpg!m_fill,w_280,h_210,f_jpg?from=ke.com
20241028,朝阳,CBD,101127105118,华贸公寓 1室0厅 东,550万,87594元/平,中楼层 (共26层) 1室0厅 | 62.79平米 | 东,https://ke-image.ljcdn.com/110000-inspection/4983c074-480b-4b87-8049-360529f42e03_1000.jpg!m_fill,w_280,h_210,f_jpg?from=ke.com
20241028,朝阳,CBD,101127084076,CBD双卫大两居满五V一格局方正利用率高,639万,61184元/平,低楼层 (共28层) | 2000年 | 2室1厅 | 104.44平米 | 东,https://ke-image.ljcdn.com/110000-inspection/pc1_MeO7WGdXe.jpg!m_fill,w_280,h_210,f_jpg?from=ke.com
20241028,朝阳,CBD,101127051410,阳光100 2室1厅 东南,769万,72268元/平,低楼层 (共30层) | 2002年 | 2室1厅 | 106.41平米 | 东南,https://ke-image.ljcdn.com/110000-inspection/138a2670-4713-43e9-bfaa-ea0c50bd285d_1000.jpg!m_fill,w_280,h_210,f_jpg?from=ke.com
20241028,朝阳,CBD,101127034108,光华欣居 南北通透大两居 户型方正,540万,48133元/平,低楼层 (共15层) 2室1厅 | 112.19平米 | 南 北,https://ke-image.ljcdn.com/110000-inspection/5c806c43-6915-4767-9df6-9b8d3e11d8f3_1000.jpg!m_fill,w_280,h_210,f_jpg?from=ke.com
20241028,朝阳,CBD,101126998486,盛世嘉园 3室1厅 南 西,1050万,66313元/平,高楼层 (共18层) | 2000年 | 3室1厅 | 158.34平米 | 南 西,https://ke-image.ljcdn.com/110000-inspection/ed4ca659-c967-44ee-b98c-8b49604ae011_1000.jpg!m_fill,w_280,h_210,f_jpg?from=ke.com
20241028,朝阳,CBD,101126994180,建外soho东区 2室1厅 西北,660万,49737元/平,中楼层 (共31层) | 2003年 | 2室1厅 | 132.7平米 | 西北,https://ke-image.ljcdn.com/110000-inspection/543a4205-4253-4e55-b73d-880b42bd53b2_1000.jpg!m_fill,w_280,h_210,f_jpg?from=ke.com
20241028,朝阳,CBD,101126987586,国贸CBD直观中国尊三居室上下两层满五唯一。房主自荐,988万,80267元/平,中楼层 (共16层) | 2004年 | 3室1厅 | 123.09平米 | 西南,https://ke-image.ljcdn.com/110000-inspection/ffaeacd7-d03e-430d-a822-451db8302d9e_1000.jpg!m_fill,w_280,h_210,f_jpg?from=ke.com
20241028,朝阳,CBD,101126980203,CBD大望路SKP旁国贸物业品质社区挑高3米房主自荐,568万,86113元/平,高楼层 (共21层) | 2004年 | 1室1厅 | 65.96平米 | 东,https://ke-image.ljcdn.com/110000-inspection/54c8d1b9-3dff-4201-abc6-20229a7d3a42_1000.jpg!m_fill,w_280,h_210,f_jpg?from=ke.com
20241028,朝阳,CBD,101126977203,万达广场 东南3居室 眼睛户型 诚意出售,808万,57228元/平,低楼层 (共27层) 3室1厅 | 141.19平米 | 东南,https://ke-image.ljcdn.com/110000-inspection/106b7495-986c-4b92-943e-38691c3dd366_1000.jpg!m_fill,w_280,h_210,f_jpg?from=ke.com
20241028,朝阳,CBD,101126942862,南郎家园 全明格局 次顶层 1994年 楼龄新,305万,54788元/平,高楼层 (共6层) | 1994年 | 2室1厅 | 55.67平米 | 西,https://ke-image.ljcdn.com/110000-inspection/pc1_L2VdAU9ih.jpg!m_fill,w_280,h_210,f_jpg?from=ke.com
20241028,朝阳,CBD,101126926634,客厅双面采光大窗户型方正难得好房预约看房房主自荐,839万,74288元/平,中楼层 (共30层) | 2002年 | 2室1厅 | 112.94平米 | 东 南 北,https://ke-image.ljcdn.com/110000-inspection/6853ffc0-cf00-41f7-b7f3-35fe71ed5cdc_1000.jpg!m_fill,w_280,h_210,f_jpg?from=ke.com
20241028,朝阳,CBD,101126925375,和乔丽致公寓 中间楼层 可以直观中国尊,500万,79177元/平,中楼层 (共16层) | 2004年 | 1室1厅 | 63.15平米 | 西,https://ke-image.ljcdn.com/110000-inspection/89d11574-b872-422a-a122-28654809177a_1000.jpg!m_fill,w_280,h_210,f_jpg?from=ke.com
20241028,朝阳,CBD,101126818272,光华里社区 南北两居室 价格能谈 诚意出售 国贸旁房主自荐,368万,71568元/平,顶层 (共4层) 2室1厅 | 51.42平米 | 南 北,https://ke-image.ljcdn.com/110000-inspection/df30974b-4b73-49fc-896e-3f246547d453_1000.jpg!m_fill,w_280,h_210,f_jpg?from=ke.com
20241028,朝阳,CBD,101126810764,丽晶苑 高层三居 视野开阔 正看国贸全景 全明格局,1699万,66819元/平,高楼层 (共22层) | 1996年 | 3室1厅 | 254.27平米 | 东北,https://ke-image.ljcdn.com/110000-inspection/2e3bd70f-70a9-4ac2-b317-a6f66f1253f0_1000.jpg!m_fill,w_280,h_210,f_jpg?from=ke.com
20241028,朝阳,CBD,101126806914,SOHO现代城无遮挡大复式诚意出售,1050万,38914元/平,低楼层 (共36层) | 2001年 | 3室1厅 | 269.83平米 | 东南,https://ke-image.ljcdn.com/110000-inspection/4758aba2-897b-4d41-a826-6fbef06c69bf_1000.jpg!m_fill,w_280,h_210,f_jpg?from=ke.com
20241028,朝阳,CBD,101126799863,阳光100正南向带15平大阳台采光无遮挡房主自荐,999万,62096元/平,低楼层 (共30层) | 2002年 | 3室1厅 | 160.88平米 | 南,https://ke-image.ljcdn.com/110000-inspection/9265cc99-824d-4410-96f4-318d28214169_1000.jpg!m_fill,w_280,h_210,f_jpg?from=ke.com
20241028,朝阳,CBD,101126797568,国贸 CBD光华里 外交部南北三居 接地气一层房主自荐,650万,79775元/平,底层 (共5层) 3室1厅 | 81.48平米 | 南 北,https://ke-image.ljcdn.com/110000-inspection/e7e57954-e52f-45d3-b8e3-15f1bf1f4f73_1000.jpg!m_fill,w_280,h_210,f_jpg?from=ke.com
20241028,朝阳,CBD,101126789510,光辉里小区 3室1厅 东北,449万,66254元/平,低楼层 (共14层) | 1982年 | 3室1厅 | 67.77平米 | 东北,https://ke-image.ljcdn.com/110000-inspection/aa249e78-db6e-4ec3-b508-847c4219f656_1000.jpg!m_fill,w_280,h_210,f_jpg?from=ke.com
20241028,朝阳,CBD,101126780983,和乔丽致公寓 1室1厅 西,380万,61849元/平,低楼层 (共16层) | 2004年 | 1室1厅 | 61.44平米 | 西,https://ke-image.ljcdn.com/110000-inspection/dba600a3-75cb-48b3-ac0f-97054721641c_1000.jpg!m_fill,w_280,h_210,f_jpg?from=ke.com
20241028,朝阳,CBD,101126774464,和乔丽致公寓 3室3厅 西南,1099万,89075元/平,高楼层 (共16层) | 2004年 | 3室3厅 | 123.38平米 | 西南,https://ke-image.ljcdn.com/110000-inspection/pc1_vrLQwJiNx_1.jpg!m_fill,w_280,h_210,f_jpg?from=ke.com
20241028,朝阳,CBD,101126760215,光辉南里 2室1厅 南 北,330万,52406元/平,高楼层 (共6层) 2室1厅 | 62.97平米 | 南 北,https://ke-image.ljcdn.com/110000-inspection/pc1_YkALyOKFS.jpg!m_fill,w_280,h_210,f_jpg?from=ke.com
20241028,朝阳,CBD,101126758016,现代城 5室1厅 南 西,1760万,92316元/平,低楼层 (共28层) | 2000年 | 5室1厅 | 190.65平米 | 南 西,https://ke-image.ljcdn.com/110000-inspection/a747ca2b-b616-4d2a-ac94-89c43e62e80b_1000.jpg!m_fill,w_280,h_210,f_jpg?from=ke.com
20241028,朝阳,CBD,101126749750,华贸公寓 1室0厅 东,640万,101928元/平,中楼层 (共26层) 1室0厅 | 62.79平米 | 东,https://ke-image.ljcdn.com/110000-inspection/pc1_HlV3rSwUd_1.jpg!m_fill,w_280,h_210,f_jpg?from=ke.com
20241028,朝阳,CBD,101126739360,东西通透 产权清晰配套齐全交通便,349万,51896元/平,顶层 (共6层) 2室1厅 | 67.25平米 | 东 西,https://ke-image.ljcdn.com/110000-inspection/pc1_8HbXU8uva.jpg!m_fill,w_280,h_210,f_jpg?from=ke.com
20241028,朝阳,CBD,101126692403,【盛世嘉园】方正南向大复式/中间楼层/视野好采光棒房主自荐,929万,57552元/平,中楼层 (共18层) | 2000年 | 3室1厅 | 161.42平米 | 南,https://ke-image.ljcdn.com/110000-inspection/28e4484c-c742-44af-9eac-d1c9289d9305_1000.jpg!m_fill,w_280,h_210,f_jpg?from=ke.com
20241028,朝阳,CBD,101126653172,梵悦108 精装两居室 好楼层 视野无挡 诚意出售,3300万,128345元/平,中楼层 (共20层) 2室2厅 | 257.12平米 | 东 南 西,https://ke-image.ljcdn.com/110000-inspection/f441ab1d-8779-4c92-b194-f2c7dea82d9b_1000.jpg!m_fill,w_280,h_210,f_jpg?from=ke.com
20241028,朝阳,CBD,101126647343,满五年南北通透诚意卖户型好地段好中间层。,600万,66801元/平,中楼层 (共6层) | 1994年 | 3室1厅 | 89.82平米 | 南 北,https://ke-image.ljcdn.com/110000-inspection/pc1_j3DcD6nt8.jpg!m_fill,w_280,h_210,f_jpg?from=ke.com
20241028,朝阳,CBD,101126614642,华贸公寓 南北通透三居室 满五年唯一 看房方便,1300万,81424元/平,中楼层 (共23层) | 2005年 | 3室1厅 | 159.66平米 | 南 北,https://ke-image.ljcdn.com/110000-inspection/efabb94c-f8a0-4f4e-a1a8-d4ac71a754a0_1000.jpg!m_fill,w_280,h_210,f_jpg?from=ke.com
20241028,朝阳,CBD,101126612005,CBD满五唯一电梯房全南向两居室随时看房,419万,64048元/平,中楼层 (共14层) | 1984年 | 2室1厅 | 65.42平米 | 东南,https://ke-image.ljcdn.com/110000-inspection/c4f4c7c4-63c1-44da-b76d-9d5678ee9ff7_1000.jpg!m_fill,w_280,h_210,f_jpg?from=ke.com
20241028,朝阳,CBD,101126611920,光辉里小区 东南、西南向大两居,499万,63942元/平,低楼层 (共18层) | 1993年 | 2室1厅 | 78.04平米 | 东南 西南,https://ke-image.ljcdn.com/110000-inspection/0b303bd3-32dd-452d-9bcd-0fce23d70af1_1000.jpg!m_fill,w_280,h_210,f_jpg?from=ke.com
20241028,朝阳,CBD,101126611583,现代城 一二层复式 楼上楼下双入户 对小区花园,1990万,74939元/平,底层 (共28层) 4室2厅 | 265.55平米 | 西,https://ke-image.ljcdn.com/110000-inspection/pc1_xeKyo6Rju.jpg!m_fill,w_280,h_210,f_jpg?from=ke.com
20241028,朝阳,CBD,101126611107,光华欣居 2室1厅 西北,300万,50857元/平,顶层 (共6层) | 1994年 | 2室1厅 | 58.99平米 | 西北,https://ke-image.ljcdn.com/110000-inspection/pc1_HD71jqzvu.jpg!m_fill,w_280,h_210,f_jpg?from=ke.com
20241028,朝阳,CBD,101126610965,阳光100 2室1厅 东南,799万,75193元/平,底层 (共30层) | 2002年 | 2室1厅 | 106.26平米 | 东南,https://ke-image.ljcdn.com/110000-inspection/prod-c751168a-5361-4df4-b22a-7bfbf633a93d.jpg!m_fill,w_280,h_210,f_jpg?from=ke.com
20241028,朝阳,CBD,101126585358,和乔丽致公寓 1室1厅 南 西,610万,57548元/平,低楼层 (共16层) | 2004年 | 1室1厅 | 106平米 | 南 西,https://ke-image.ljcdn.com/110000-inspection/pc1_7uFVoL8pb.jpg!m_fill,w_280,h_210,f_jpg?from=ke.com
20241028,朝阳,CBD,101126583661,现代城 2室1厅 东,595万,70091元/平,高楼层 (共28层) | 2000年 | 2室1厅 | 84.89平米 | 东,https://ke-image.ljcdn.com/110000-inspection/989d5571-d0b9-4269-9012-2bfef60a0117_1000.jpg!m_fill,w_280,h_210,f_jpg?from=ke.com
20241028,朝阳,CBD,101126580602,金地国际花园 3室2厅 南 北,1380万,82236元/平,低楼层 (共33层) | 2004年 | 3室2厅 | 167.81平米 | 南 北,https://ke-image.ljcdn.com/110000-inspection/e4174215-6c1a-41cd-a38c-fe910d6e024c_1000.jpg!m_fill,w_280,h_210,f_jpg?from=ke.com
20241028,朝阳,CBD,101126557629,SOHO现代城大两居诚意出售满五唯一,560万,39932元/平,低楼层 (共27层) | 2001年 | 2室1厅 | 140.24平米 | 东,https://ke-image.ljcdn.com/110000-inspection/pc1_KF8iWTReu.jpg!m_fill,w_280,h_210,f_jpg?from=ke.com
20241028,朝阳,CBD,101126542719,蓝堡正规一居室面积大居住舒适度高可随时看房,598万,83497元/平,高楼层 (共21层) | 2004年 | 1室1厅 | 71.62平米 | 西北,https://ke-image.ljcdn.com/110000-inspection/pc1_URCouk2h5.jpg!m_fill,w_280,h_210,f_jpg?from=ke.com
20241028,朝阳,CBD,101126537445,金茂公寓 3室1厅 南 北,1050万,62901元/平,中楼层 (共6层) 3室1厅 | 166.93平米 | 南 北,https://ke-image.ljcdn.com/110000-inspection/21b7db05-bd7f-4e56-a4eb-a56a1ed380a0_1000.jpg!m_fill,w_280,h_210,f_jpg?from=ke.com
20241028,朝阳,CBD,101126537580,金茂公寓 3室2厅 南 北 西,1160万,62880元/平,中楼层 (共7层) 3室2厅 | 184.48平米 | 南 北 西,https://ke-image.ljcdn.com/110000-inspection/270b2853-8195-4a3b-8836-c2cc09a8daf8_1000.jpg!m_fill,w_280,h_210,f_jpg?from=ke.com
20241028,朝阳,CBD,101126524648,建外东区 满五 户型方正 高楼层景观好,1090万,45697元/平,高楼层 (共28层) 4室1厅 | 238.53平米 | 西北,https://ke-image.ljcdn.com/110000-inspection/92603518-b79e-4779-8510-d52967e34659_1000.jpg!m_fill,w_280,h_210,f_jpg?from=ke.com
20241028,朝阳,CBD,101126516008,南北两居带阳台景观花园通透采光好,1350万,91334元/平,低楼层 (共14层) | 2005年 | 2室1厅 | 147.81平米 | 南 北,https://ke-image.ljcdn.com/110000-inspection/5c977d93-6330-4f73-b59c-4555b115ed0f_1000.jpg!m_fill,w_280,h_210,f_jpg?from=ke.com
20241028,朝阳,CBD,101126515476,华贸公寓 高层 满五唯一 方正小户型 有租户,555万,85583元/平,高楼层 (共26层) 1室0厅 | 64.85平米 | 西,https://ke-image.ljcdn.com/110000-inspection/pc1_pizXz4WKV.jpg!m_fill,w_280,h_210,f_jpg?from=ke.com
20241028,朝阳,CBD,101126497777,国贸次新房尊悦光华国贸次新房尊悦光华,1380万,101748元/平,高楼层 (共17层) | 2013年 | 3室1厅 | 135.63平米 | 东北,https://ke-image.ljcdn.com/110000-inspection/7bd36eb3-728b-4018-9fe7-43e336a04253_1000.jpg!m_fill,w_280,h_210,f_jpg?from=ke.com
20241028,朝阳,CBD,101126495481,光辉里小区 2室1厅 南 北房主自荐,339万,63484元/平,高楼层 (共6层) | 1979年 | 2室1厅 | 53.4平米 | 南 北,https://ke-image.ljcdn.com/110000-inspection/pc1_LJV5WUAGM.jpg!m_fill,w_280,h_210,f_jpg?from=ke.com
20241028,朝阳,CBD,101126492194,国贸CBD正规大三居景观房带储物间层高3.05,1399万,84333元/平,高楼层 (共16层) 3室1厅 | 165.89平米 | 东,https://ke-image.ljcdn.com/110000-inspection/4fe4037a-ec29-46f9-af57-1eea034e5ffb_1000.jpg!m_fill,w_280,h_210,f_jpg?from=ke.com
20241028,朝阳,CBD,101126490810,70年产权  可以居住 可以办公  可以贷款,770万,43617元/平,低楼层 (共23层) 3室1厅 | 176.54平米 | 西,https://ke-image.ljcdn.com/110000-inspection/f2dccaea-b356-41aa-bf8d-1e7c197502cc_1000.jpg!m_fill,w_280,h_210,f_jpg?from=ke.com
20241028,朝阳,CBD,101126487441,金地国际花园 3室1厅 南 北 东北 西南,2060万,104025元/平,低楼层 (共33层) | 2004年 | 3室1厅 | 198.03平米 | 南 北 东北 西南,https://ke-image.ljcdn.com/110000-inspection/pc1_pa6LMBN1U.jpg!m_fill,w_280,h_210,f_jpg?from=ke.com
20241028,朝阳,CBD,101126485569,房子满五年 位置好 租客稳定 宽敞明亮 视野开阔,422万,43145元/平,中楼层 (共29层) 1室1厅 | 97.81平米 | 南,https://ke-image.ljcdn.com/110000-inspection/pc1_zn0941c7I_1.jpg!m_fill,w_280,h_210,f_jpg?from=ke.com
20241028,朝阳,CBD,101126480793,房子满五年 位置好 租客稳定 宽敞明亮 视野开阔,430万,45046元/平,中楼层 (共29层) 1室1厅 | 95.46平米 | 北,https://ke-image.ljcdn.com/110000-inspection/pc1_EL2sloLRk.jpg!m_fill,w_280,h_210,f_jpg?from=ke.com
20241028,朝阳,CBD,101126479957,此房满五年唯一 楼层高 视野好 格局方正 采光充足,848万,57633元/平,中楼层 (共22层) | 2000年 | 3室1厅 | 147.14平米 | 东南 北,https://ke-image.ljcdn.com/110000-inspection/a33e488c-7a3f-4772-8927-4cca46c3844e_1000.jpg!m_fill,w_280,h_210,f_jpg?from=ke.com
20241028,朝阳,CBD,101126479523,南北向高层视野好景观无遮挡满五年唯一,670万,50143元/平,高楼层 (共26层) | 2005年 | 2室1厅 | 133.62平米 | 南 北,https://ke-image.ljcdn.com/110000-inspection/pc1_mKrO70n7p.jpg!m_fill,w_280,h_210,f_jpg?from=ke.com
20241028,朝阳,CBD,101126479182,光辉里双地铁南向看花园不临街满五年,280万,69170元/平,低楼层 (共6层) | 1993年 | 1室1厅 | 40.48平米 | 南,https://ke-image.ljcdn.com/110000-inspection/35044e21-9fa6-4116-830b-6e8be186190d_1000.jpg!m_fill,w_280,h_210,f_jpg?from=ke.com
20241028,朝阳,CBD,101126479023,入住国贸CBD超低门槛中国尊央视旁位置优越。,335万,54155元/平,低楼层 (共16层) | 2004年 | 1室1厅 | 61.86平米 | 北,https://ke-image.ljcdn.com/110000-inspection/3b42303d-8662-4a74-ac1f-8632a74a9116_1000.jpg!m_fill,w_280,h_210,f_jpg?from=ke.com
20241028,朝阳,CBD,101126478623,此房满五年唯一 楼层高 视野好 格局方正 采光充足,420万,43984元/平,中楼层 (共32层) | 2005年 | 1室0厅 | 95.49平米 | 北,https://ke-image.ljcdn.com/110000-inspection/7d4f16ef-1913-4976-bea0-ebec16ea45bf_1000.jpg!m_fill,w_280,h_210,f_jpg?from=ke.com
20241028,朝阳,CBD,101126477586,蓝堡国际公寓 2室1厅 西南,909万,82040元/平,低楼层 (共21层) | 2004年 | 2室1厅 | 110.8平米 | 西南,https://ke-image.ljcdn.com/110000-inspection/pc1_wi26GLe9a.jpg!m_fill,w_280,h_210,f_jpg?from=ke.com
20241028,朝阳,CBD,101126477493,双地铁正规一居室国贸酒店物业满五年,380万,92256元/平,低楼层 (共21层) | 2004年 | 1室1厅 | 41.19平米 | 北,https://ke-image.ljcdn.com/110000-inspection/42e8a525-aba2-4e8a-98a4-728d8af0c747_1000.jpg!m_fill,w_280,h_210,f_jpg?from=ke.com
20241028,朝阳,CBD,101126477425,阳光100 2室1厅 北,799万,76125元/平,低楼层 (共33层) | 2001年 | 2室1厅 | 104.96平米 | 北,https://ke-image.ljcdn.com/110000-inspection/d7cd969f-81f5-4581-a017-1ac1a0c1864f_1000.jpg!m_fill,w_280,h_210,f_jpg?from=ke.com
20241028,朝阳,CBD,101126476424,高层西向二次装修视野和采光无遮挡诚意出售,540万,83270元/平,中楼层 (共26层) | 2005年 | 1室0厅 | 64.85平米 | 西,https://ke-image.ljcdn.com/110000-inspection/pc1_eJnS3r21i.jpg!m_fill,w_280,h_210,f_jpg?from=ke.com
20241028,朝阳,CBD,101126473564,高楼层  看小区花园   封闭管理  管家服务,790万,91182元/平,高楼层 (共16层) | 2005年 | 1室1厅 | 86.64平米 | 北,https://ke-image.ljcdn.com/110000-inspection/329ed591-1904-4516-be39-b778a87786e8_1000.jpg!m_fill,w_280,h_210,f_jpg?from=ke.com
20241028,朝阳,CBD,101126472507,蓝堡国际公寓全南向两居室满五唯一保养好随时看,1189万,88304元/平,中楼层 (共21层) | 2004年 | 2室1厅 | 134.65平米 | 南,https://ke-image.ljcdn.com/110000-inspection/e04e1629-5b85-4f5b-a289-afa4cc15de87_1000.jpg!m_fill,w_280,h_210,f_jpg?from=ke.com
20241028,朝阳,CBD,101126470705,国贸CBD封闭社区挑高三米超大两居室邻SKP,1388万,98594元/平,底层 (共16层) 2室1厅 | 140.78平米 | 西北,https://ke-image.ljcdn.com/110000-inspection/55f2f5c4-856b-4d8f-a778-c0b9517c95fe_1000.jpg!m_fill,w_280,h_210,f_jpg?from=ke.com
20241028,朝阳,CBD,101126470763,华贸商务楼 3室1厅 东 南,849万,52128元/平,中楼层 (共26层) | 2005年 | 3室1厅 | 162.87平米 | 东 南,https://ke-image.ljcdn.com/110000-inspection/f1da285f-ea1c-4aea-9121-13c63e7cc92f_1000.jpg!m_fill,w_280,h_210,f_jpg?from=ke.com
20241028,朝阳,CBD,101126468762,国贸CBD顶层大复式带景观户外大阳台高层高,2999万,82196元/平,顶层 (共16层) | 2004年 | 3室2厅 | 364.86平米 | 东,https://ke-image.ljcdn.com/110000-inspection/f751ed8e-b96e-4944-9b91-a1a96ba259e3_1000.jpg!m_fill,w_280,h_210,f_jpg?from=ke.com
20241028,朝阳,CBD,101126468292,现代城 5室2厅 西南,3980万,116709元/平,顶层 (共28层) 5室2厅 | 341.02平米 | 西南,https://ke-image.ljcdn.com/110000-inspection/pc1_cK0PPOtf7_1.jpg!m_fill,w_280,h_210,f_jpg?from=ke.com
20241028,朝阳,CBD,101126467149,蓝堡国际公寓 5室1厅 东 南 西 北,3299万,85202元/平,顶层 (共21层) | 2004年 | 5室1厅 | 387.2平米 | 东 南 西 北,https://ke-image.ljcdn.com/110000-inspection/pc1_nDsB4MJfC.jpg!m_fill,w_280,h_210,f_jpg?from=ke.com
20241028,朝阳,CBD,101126466680,电梯房的两居南朝向采光好近国贸出行方便,428万,81292元/平,低楼层 (共12层) | 1990年 | 2室1厅 | 52.65平米 | 南,https://ke-image.ljcdn.com/110000-inspection/9a28ed45-c313-45e0-832d-a1559f5d5868_1000.jpg!m_fill,w_280,h_210,f_jpg?from=ke.com
20241028,朝阳,CBD,101126462392,现代城 3室1厅 西 北,1200万,85623元/平,高楼层 (共28层) | 2000年 | 3室1厅 | 140.15平米 | 西 北,https://ke-image.ljcdn.com/110000-inspection/pc1_RLS9u1GgV_1.jpg!m_fill,w_280,h_210,f_jpg?from=ke.com
20241028,朝阳,CBD,101126461744,SOHO现代城 2室1厅 东 西,620万,43586元/平,低楼层 (共27层) 2室1厅 | 142.25平米 | 东 西,https://ke-image.ljcdn.com/110000-inspection/1ab6055e-ae3c-4b78-b97a-306f3eee04d4_1000.jpg!m_fill,w_280,h_210,f_jpg?from=ke.com
20241028,朝阳,CBD,101126461388,CBD城市别墅 一二层带车位 仅契税 诚售,979万,53335元/平,底层 (共28层) | 2000年 | 3室3厅 | 183.56平米 | 西 北,https://ke-image.ljcdn.com/110000-inspection/pc1_yUmppRyPv.jpg!m_fill,w_280,h_210,f_jpg?from=ke.com
20241028,朝阳,CBD,101126460724,南郎家园 2室0厅 西南,396万,70002元/平,中楼层 (共5层) 2室0厅 | 56.57平米 | 西南,https://ke-image.ljcdn.com/110000-inspection/pc1_smsGKP83B.jpg!m_fill,w_280,h_210,f_jpg?from=ke.com
20241028,朝阳,CBD,101126460600,现代城 中高层东南大三居 不临街 业主诚售,1080万,63556元/平,中楼层 (共28层) 3室1厅 | 169.93平米 | 南 东南,https://ke-image.ljcdn.com/110000-inspection/2f5f486d-4e6b-436f-a2f2-ce1a3ec5547f_1000.jpg!m_fill,w_280,h_210,f_jpg?from=ke.com
20241028,朝阳,CBD,101126460091,新出现代城优质三居室 首套可贷款572万 诚意出售,900万,51300元/平,低楼层 (共28层) | 2000年 | 3室1厅 | 175.44平米 | 西,https://ke-image.ljcdn.com/110000-inspection/pc1_9uUQUH910_1.jpg!m_fill,w_280,h_210,f_jpg?from=ke.com
20241028,朝阳,CBD,101126457781,70年住宅带衣帽间精装舒适一居室,735万,95109元/平,低楼层 (共26层) | 2005年 | 1室1厅 | 77.28平米 | 东,https://ke-image.ljcdn.com/110000-inspection/bae9b846-e0b0-42d4-8344-cb205089f638_1000.jpg!m_fill,w_280,h_210,f_jpg?from=ke.com
20241028,朝阳,CBD,101126456225,建外soho西区 高层两居室 朝向好 随时看房,800万,49210元/平,高楼层 (共29层) | 2005年 | 2室1厅 | 162.57平米 | 西北,https://ke-image.ljcdn.com/110000-inspection/fbef3960-3e43-4b34-a8e9-87f277776853_1000.jpg!m_fill,w_280,h_210,f_jpg?from=ke.com
20241028,朝阳,CBD,101126456151,建外soho东区 5室2厅 西南,2050万,53010元/平,高楼层 (共31层) | 2003年 | 5室2厅 | 386.72平米 | 西南,https://ke-image.ljcdn.com/110000-inspection/pc1_wFfNr8zlb_1.jpg!m_fill,w_280,h_210,f_jpg?from=ke.com
20241028,朝阳,CBD,101126452938,国贸三环内70年产权双面采光观景大平层,890万,41382元/平,中楼层 (共31层) 2室1厅 | 215.07平米 | 西南,https://ke-image.ljcdn.com/110000-inspection/6684869f-4840-4039-a1b0-569ad8dd6fd2_1000.jpg!m_fill,w_280,h_210,f_jpg?from=ke.com
20241028,朝阳,CBD,101126452405,此房满五唯一高层视野无遮挡二次装修,570万,88647元/平,中楼层 (共14层) | 2005年 | 1室1厅 | 64.3平米 | 北,https://ke-image.ljcdn.com/110000-inspection/d487165f-6b0b-40c4-b2e4-03331403d66b_1000.jpg!m_fill,w_280,h_210,f_jpg?from=ke.com
20241028,朝阳,CBD,101126443941,光华里社区   正规三居室 电梯房 诚意出售,520万,69343元/平,中楼层 (共10层) 3室1厅 | 74.99平米 | 东,https://ke-image.ljcdn.com/110000-inspection/62381234-ad97-4006-9283-5fbbf6f761aa_1000.jpg!m_fill,w_280,h_210,f_jpg?from=ke.com
20241028,朝阳,CBD,101126437110,建外大街 一号线 光华西里 精装两居 全明格局房主自荐,600万,86831元/平,中楼层 (共5层) | 1967年 | 2室1厅 | 69.1平米 | 南 北 西,https://ke-image.ljcdn.com/110000-inspection/29758e2a-65f4-4a13-afd2-49a19eeb3b31_1000.jpg!m_fill,w_280,h_210,f_jpg?from=ke.com
20241028,朝阳,CBD,101126434893,东二环一居室 国贸配套总价少 中间楼层采光佳 满五,270万,71203元/平,低楼层 (共12层) 1室1厅 | 37.92平米 | 南 北,https://ke-image.ljcdn.com/110000-inspection/e4e8af93-6432-4596-b22b-a7919d2b63da_1000.jpg!m_fill,w_280,h_210,f_jpg?from=ke.com
20241028,朝阳,CBD,101126434824,光华里全明两居 户型好 近国贸、近地铁 配套好,430万,67451元/平,低楼层 (共10层) 2室1厅 | 63.75平米 | 东 南 西,https://ke-image.ljcdn.com/110000-inspection/ed279000-02ca-466f-8f26-f3290a13419a_1000.jpg!m_fill,w_280,h_210,f_jpg?from=ke.com
20241028,朝阳,CBD,101126432335,CBD国贸大望路地铁口高层观景房,1700万,56826元/平,高楼层 (共27层) | 2005年 | 4室1厅 | 299.16平米 | 南 西,https://ke-image.ljcdn.com/110000-inspection/pc1_lLFNRZdE0.jpg!m_fill,w_280,h_210,f_jpg?from=ke.com
20241028,朝阳,CBD,101126427465,和乔丽致 精装loft 临国贸中国尊 只有契税,410万,71729元/平,中楼层 (共16层) | 2004年 | 1室1厅 | 57.16平米 | 北,https://ke-image.ljcdn.com/110000-inspection/pc1_tGiRXZV5f.jpg!m_fill,w_280,h_210,f_jpg?from=ke.com
20241028,朝阳,CBD,101126422382,蓝堡国际公寓 1室1厅 东 南,460万,68945元/平,低楼层 (共21层) | 2004年 | 1室1厅 | 66.72平米 | 东 南,https://ke-image.ljcdn.com/110000-inspection/pc1_6Sqa8XfHO.jpg!m_fill,w_280,h_210,f_jpg?from=ke.com
20241028,朝阳,CBD,101126422321,银泰东北向俩居室观中国尊地块景观值得来看看,2500万,103345元/平,中楼层 (共56层) | 2008年 | 2室1厅 | 241.91平米 | 东北,https://ke-image.ljcdn.com/110000-inspection/9ebc1146-dc14-4d06-a2a2-c84f13fcf9db_1000.jpg!m_fill,w_280,h_210,f_jpg?from=ke.com
20241028,朝阳,CBD,101126420968,蓝堡精装一居东向看花园采光好有燃气,690万,99827元/平,中楼层 (共21层) | 2004年 | 1室1厅 | 69.12平米 | 东,https://ke-image.ljcdn.com/110000-inspection/pc1_m7F6sUFOt.jpg!m_fill,w_280,h_210,f_jpg?from=ke.com
20241028,朝阳,CBD,101126420647,万达广场公寓 1室1厅 东 北 东北,450万,72698元/平,低楼层 (共27层) | 2005年 | 1室1厅 | 61.9平米 | 东 北 东北,https://ke-image.ljcdn.com/110000-inspection/pc1_FVbZa2127_1.jpg!m_fill,w_280,h_210,f_jpg?from=ke.com
20241028,朝阳,CBD,101126419723,蓝堡国际公寓 2室1厅 西,1079万,107944元/平,高楼层 (共16层) | 2004年 | 2室1厅 | 99.96平米 | 西,https://ke-image.ljcdn.com/110000-inspection/pc1_sYzEs3O9P_1.jpg!m_fill,w_280,h_210,f_jpg?from=ke.com
20241028,朝阳,CBD,101126418660,万达广场公寓西区 楼层好 视野开阔 采光好交通方便,890万,59857元/平,中楼层 (共29层) | 2005年 | 1室0厅 | 148.69平米 | 北,https://ke-image.ljcdn.com/110000-inspection/2ae99753-98f6-43ff-bd31-d53b4c54d7bf_1000.jpg!m_fill,w_280,h_210,f_jpg?from=ke.com
20241028,朝阳,CBD,101126418236,蓝堡国际公寓 3室1厅 西南 东北,1399万,89554元/平,高楼层 (共21层) | 2004年 | 3室1厅 | 156.22平米 | 西南 东北,https://ke-image.ljcdn.com/110000-inspection/pc1_NmQNenTzj.jpg!m_fill,w_280,h_210,f_jpg?from=ke.com
20241028,朝阳,CBD,101126417601,梵悦108 2室1厅 南,1950万,103724元/平,中楼层 (共20层) 2室1厅 | 188平米 | 南,https://ke-image.ljcdn.com/110000-inspection/pc1_l0W1wULdo.jpg!m_fill,w_280,h_210,f_jpg?from=ke.com
20241028,朝阳,CBD,101126417474,金地国际花园 2室1厅 南 北,1380万,93465元/平,低楼层 (共33层) 2室1厅 | 147.65平米 | 南 北,https://ke-image.ljcdn.com/110000-inspection/pc1_NLf7GWn4W.jpg!m_fill,w_280,h_210,f_jpg?from=ke.com
20241028,朝阳,CBD,101126416087,CBD国贸大望路地铁口精装修全东向观景房,1110万,86964元/平,中楼层 (共21层) | 2004年 | 2室1厅 | 127.64平米 | 东,https://ke-image.ljcdn.com/110000-inspection/47550dbe-105f-4269-8855-a4b10d59e1b2_1000.jpg!m_fill,w_280,h_210,f_jpg?from=ke.com
20241028,朝阳,CBD,101126415317,国贸CBD顶层复式带40平米大景观阳台,3500万,96417元/平,顶层 (共21层) | 2004年 | 4室3厅 | 363.01平米 | 东 西 北,https://ke-image.ljcdn.com/110000-inspection/329a79e2-bd0f-4257-9554-c19c38e22d45_1000.jpg!m_fill,w_280,h_210,f_jpg?from=ke.com
20241028,朝阳,CBD,101126415159,蓝堡国际公寓国贸CBD南北3居出门地铁层高高,1700万,89122元/平,中楼层 (共16层) | 2004年 | 3室1厅 | 190.75平米 | 南 北,https://ke-image.ljcdn.com/110000-inspection/d22b47da-d6ba-437a-b449-1b01d33be90e_1000.jpg!m_fill,w_280,h_210,f_jpg?from=ke.com
20241028,朝阳,CBD,101126413734,梵悦108 高品质物业管理好居住人群素质高,1550万,121350元/平,底层 (共20层) 1室1厅 | 127.73平米 | 北,https://ke-image.ljcdn.com/110000-inspection/pc1_zCUTXfyzn.jpg!m_fill,w_280,h_210,f_jpg?from=ke.com
20241028,朝阳,CBD,101126413635,蓝堡国际公寓户型方正采光好看花园,1170万,89539元/平,低楼层 (共16层) 3室1厅 | 130.67平米 | 东,https://ke-image.ljcdn.com/110000-inspection/pc1_dZZaP5SsB.jpg!m_fill,w_280,h_210,f_jpg?from=ke.com
20241028,朝阳,CBD,101126407055,光辉里小区诚意出售带电梯钢混带客厅两居室,445万,71937元/平,低楼层 (共18层) | 1995年 | 2室1厅 | 61.86平米 | 东北,https://ke-image.ljcdn.com/110000-inspection/pc1_W8VnFzC9R.jpg!m_fill,w_280,h_210,f_jpg?from=ke.com
20241028,朝阳,CBD,101126380235,蓝堡国际公寓 1室1厅 北,430万,105522元/平,低楼层 (共21层) | 2004年 | 1室1厅 | 40.75平米 | 北,https://ke-image.ljcdn.com/110000-inspection/46d8f042-ac27-4c0c-ba26-5003b417f73c_1000.jpg!m_fill,w_280,h_210,f_jpg?from=ke.com
20241028,朝阳,CBD,101126378351,北京银泰中心 户型方正视野好,1280万,97198元/平,中楼层 (共56层) | 2008年 | 1室1厅 | 131.69平米 | 西,https://ke-image.ljcdn.com/110000-inspection/44787435-3e76-48a9-b165-d9a71b4fd1fd_1000.jpg!m_fill,w_280,h_210,f_jpg?from=ke.com
20241028,朝阳,CBD,101126371510,北京银泰中心   户型方正  视野开阔,1180万,89605元/平,低楼层 (共56层) | 2008年 | 1室1厅 | 131.69平米 | 西,https://ke-image.ljcdn.com/110000-inspection/pc1_zBDDoOz0B_2.jpg!m_fill,w_280,h_210,f_jpg?from=ke.com
20241028,朝阳,CBD,101126363910,建外soho西区 1室1厅 西南,699万,36761元/平,中楼层 (共24层) | 2005年 | 1室1厅 | 190.15平米 | 西南,https://ke-image.ljcdn.com/110000-inspection/a36d30e1-5734-46fc-b718-de04dbd9f5e4_1000.jpg!m_fill,w_280,h_210,f_jpg?from=ke.com
20241028,朝阳,CBD,101126359637,满五唯一。朝东  景观好看中国尊户型方正,1350万,98254元/平,中楼层 (共56层) | 2008年 | 1室1厅 | 137.4平米 | 东,https://ke-image.ljcdn.com/110000-inspection/b4622190-7b2a-4388-bbdd-baa08a275f87_1000.jpg!m_fill,w_280,h_210,f_jpg?from=ke.com
20241028,朝阳,CBD,101126335777,华贸商务楼 2室2厅 东 北,899万,51867元/平,低楼层 (共12层) | 2005年 | 2室2厅 | 173.33平米 | 东 北,https://ke-image.ljcdn.com/110000-inspection/248fd71b-a649-443c-9bf1-6c745c095459_1000.jpg!m_fill,w_280,h_210,f_jpg?from=ke.com
20241028,朝阳,CBD,101126316630,此楼就这套在卖出房少居住效果好来看！房主自荐,730万,87113元/平,高楼层 (共23层) | 2005年 | 1室1厅 | 83.8平米 | 西,https://ke-image.ljcdn.com/110000-inspection/pc1_Q1JRECd4f.jpg!m_fill,w_280,h_210,f_jpg?from=ke.com
20241028,朝阳,CBD,101126297868,蓝堡国际公寓  业主诚意出售 价格可谈 采光不错,610万,84617元/平,中楼层 (共21层) | 2004年 | 1室1厅 | 72.09平米 | 东北,https://ke-image.ljcdn.com/110000-inspection/a658046d-ed00-407c-936b-5d8a830f43e6_1000.jpg!m_fill,w_280,h_210,f_jpg?from=ke.com
20241028,朝阳,CBD,101126278843,银泰南向1居室观中国尊地块景观适合自己住或是出租,1190万,89333元/平,低楼层 (共56层) | 2008年 | 1室1厅 | 133.21平米 | 南,https://ke-image.ljcdn.com/110000-inspection/38defa54-6ea5-4004-9bd7-ee94ccf82082_1000.jpg!m_fill,w_280,h_210,f_jpg?from=ke.com
20241028,朝阳,CBD,101126275852,华贸公寓 3室1厅 西南,1400万,87233元/平,低楼层 (共26层) | 2005年 | 3室1厅 | 160.49平米 | 西南,https://ke-image.ljcdn.com/110000-inspection/5b3aa91f-62d2-4258-812e-c67905d5dee1_1000.jpg!m_fill,w_280,h_210,f_jpg?from=ke.com
20241028,朝阳,CBD,101126258844,阳光100 2室1厅 西北,850万,73888元/平,中楼层 (共30层) | 2002年 | 2室1厅 | 115.04平米 | 西北,https://ke-image.ljcdn.com/110000-inspection/e1e9ac7a-8a39-446a-8f27-ccfe01dc0ace_1000.jpg!m_fill,w_280,h_210,f_jpg?from=ke.com
20241028,朝阳,CBD,101126221925,阳光100 7室3厅 东南,2600万,84127元/平,底层 (共33层) 7室3厅 | 309.06平米 | 东南,https://ke-image.ljcdn.com/110000-inspection/93e0bbec-4221-4b68-96eb-3bf18ee21b6d_1000.jpg!m_fill,w_280,h_210,f_jpg?from=ke.com
20241028,朝阳,CBD,101126154047,温莎大道 3室2厅 东南 北,2500万,79707元/平,低楼层 (共30层) 3室2厅 | 313.65平米 | 东南 北,https://ke-image.ljcdn.com/110000-inspection/9b1e1b04-37d5-49dd-908b-da8ddf8f9848_1000.jpg!m_fill,w_280,h_210,f_jpg?from=ke.com
20241028,朝阳,CBD,101126150355,建外soho西区东西北朝向平层诚意出售随时看房主自荐,839万,33138元/平,中楼层 (共24层) | 2005年 | 1室1厅 | 253.19平米 | 东 西 北,https://ke-image.ljcdn.com/110000-inspection/7a600874-e6de-4f3e-a676-dbcc2898d1a4_1000.jpg!m_fill,w_280,h_210,f_jpg?from=ke.com
20241028,朝阳,CBD,101126128087,华贸商务楼,648万,47070元/平,中楼层 (共26层) | 2005年 | 1室1厅 | 137.67平米 | 西,https://ke-image.ljcdn.com/110000-inspection/0b8e803b-0884-4eb2-aaae-00d6d2f1c39b_1000.jpg!m_fill,w_280,h_210,f_jpg?from=ke.com
20241028,朝阳,CBD,101126105427,银泰西南向俩居室客户和卧室观中国尊地块景观,2300万,95176元/平,低楼层 (共56层) | 2008年 | 2室2厅 | 241.66平米 | 东南,https://ke-image.ljcdn.com/110000-inspection/f97b911f-8ffd-4f5a-83bc-718980de8d23_1000.jpg!m_fill,w_280,h_210,f_jpg?from=ke.com
20241028,朝阳,CBD,101126079665,建外soho东区 2室1厅 东北,650万,48003元/平,中楼层 (共19层) | 2003年 | 2室1厅 | 135.41平米 | 东北,https://ke-image.ljcdn.com/110000-inspection/e391dffe-2155-4619-95a9-7710eba59ff0_1000.jpg!m_fill,w_280,h_210,f_jpg?from=ke.com
20241028,朝阳,CBD,101126048268,光华欣居小区步行可达央视中国尊,360万,64830元/平,地下室 (共6层) 2室1厅 | 55.53平米 | 东 西,https://ke-image.ljcdn.com/110000-inspection/9621c13b-3f5d-4f30-9b3f-b3e96103974e_1000.jpg!m_fill,w_280,h_210,f_jpg?from=ke.com
20241028,朝阳,CBD,101126035634,建外soho东区  满五年 业主诚意出售,1300万,44985元/平,中楼层 (共23层) | 2003年 | 3室2厅 | 288.99平米 | 东南,https://ke-image.ljcdn.com/110000-inspection/pc1_aEDofAKe3_1.jpg!m_fill,w_280,h_210,f_jpg?from=ke.com
20241028,朝阳,CBD,101126030417,光辉里1994年社区小区花园南北通透2居室装修好,415万,73102元/平,低楼层 (共6层) 2室1厅 | 56.77平米 | 南 北,https://ke-image.ljcdn.com/110000-inspection/e7473e9a-0c41-4374-b599-ce353a54d672_1000.jpg!m_fill,w_280,h_210,f_jpg?from=ke.com
20241028,朝阳,CBD,101126017488,北京银泰中心  户型方正 楼层高 视野好,2250万,93692元/平,中楼层 (共56层) | 2008年 | 2室1厅 | 240.15平米 | 西南,https://ke-image.ljcdn.com/110000-inspection/pc1_IdRWAkVHu.jpg!m_fill,w_280,h_210,f_jpg?from=ke.com
20241028,朝阳,CBD,101126007035,高楼层东向LOFT视野无遮挡采光好二次精装修,499万,81218元/平,高楼层 (共16层) | 2004年 | 1室2厅 | 61.44平米 | 东,https://ke-image.ljcdn.com/110000-inspection/4f3cfeba-0128-49a4-8be1-ba9a392b0d14_1000.jpg!m_fill,w_280,h_210,f_jpg?from=ke.com
20241028,朝阳,CBD,101126004044,万达广场公寓 高层 南北通透 观中国尊 满五唯一,810万,65450元/平,高楼层 (共27层) | 2005年 | 2室1厅 | 123.76平米 | 南 北,https://ke-image.ljcdn.com/110000-inspection/pc1_GLvDL7qiE_1.jpg!m_fill,w_280,h_210,f_jpg?from=ke.com
20241028,朝阳,CBD,101126000707,国贸~阳光100小区精装一居户型诚意出售,370万,68494元/平,低楼层 (共30层) | 2002年 | 1室0厅 | 54.02平米 | 北,https://ke-image.ljcdn.com/110000-inspection/da05e7be-1ee8-4189-a06c-e5409f53041e_1000.jpg!m_fill,w_280,h_210,f_jpg?from=ke.com
20241028,朝阳,CBD,101125941263,高层房源大房子精心设计装修精装适合居住房主自荐,3360万,90035元/平,高楼层 (共23层) | 2005年 | 5室2厅 | 373.19平米 | 东南 北,https://ke-image.ljcdn.com/110000-inspection/c4fdea68-68dd-4f32-91f7-d2b290fc5693_1000.jpg!m_fill,w_280,h_210,f_jpg?from=ke.com
20241028,朝阳,CBD,101125932580,北京银泰中心 此房户型方正格局好看房方便。,1350万,102514元/平,中楼层 (共56层) | 2008年 | 1室1厅 | 131.69平米 | 西,https://ke-image.ljcdn.com/110000-inspection/ebe2e91e-dfba-46fe-8b71-9a559f2835ed_1000.jpg!m_fill,w_280,h_210,f_jpg?from=ke.com
20241028,朝阳,CBD,101125928667,高层、新装修、正规2居、满五唯一,670万,54605元/平,高楼层 (共31层) 2室1厅 | 122.7平米 | 北,https://ke-image.ljcdn.com/110000-inspection/24bb6b51-ad36-4b30-9711-5f0603c06879_1000.jpg!m_fill,w_280,h_210,f_jpg?from=ke.com
20241028,朝阳,CBD,101125917867,万达广场公寓 西北观景 高楼层 三环,446万,72627元/平,中楼层 (共30层) | 2005年 | 1室1厅 | 61.41平米 | 西北,https://ke-image.ljcdn.com/110000-inspection/6e3fc0bc-9d0c-4d21-8131-2c1023543618_1000.jpg!m_fill,w_280,h_210,f_jpg?from=ke.com
20241028,朝阳,CBD,101125912705,光辉里小区 1室1厅 南,330万,84899元/平,中楼层 (共14层) | 1984年 | 1室1厅 | 38.87平米 | 南,https://ke-image.ljcdn.com/110000-inspection/41820ed9-691c-447f-9352-8465875e81ad_1000.jpg!m_fill,w_280,h_210,f_jpg?from=ke.com
20241028,朝阳,CBD,101125896156,光华路甲8号和乔丽致公寓D座。,495万,80567元/平,高楼层 (共16层) | 2004年 | 1室1厅 | 61.44平米 | 北,https://ke-image.ljcdn.com/110000-inspection/3203008a-3744-4c4c-b347-105023813b18_1000.jpg!m_fill,w_280,h_210,f_jpg?from=ke.com
20241028,朝阳,CBD,101125866557,建外soho东区 1室1厅 东,460万,47423元/平,中楼层 (共17层) | 2003年 | 1室1厅 | 97平米 | 东,https://ke-image.ljcdn.com/110000-inspection/be7af1d1-220a-4c05-815e-3896af94cef7_1000.jpg!m_fill,w_280,h_210,f_jpg?from=ke.com
20241028,朝阳,CBD,101125832606,国贸高品质 梵悦108 精装一居视野好拎包入住,1330万,107026元/平,中楼层 (共20层) 1室1厅 | 124.27平米 | 北,https://ke-image.ljcdn.com/110000-inspection/pc1_GHwZ0R48I.jpg!m_fill,w_280,h_210,f_jpg?from=ke.com
20241028,朝阳,CBD,101125821464,光辉里小区地理位置优越生活舒适,350万,76839元/平,高楼层 (共18层) 1室1厅 | 45.55平米 | 东北,https://ke-image.ljcdn.com/110000-inspection/dd467045-fff6-4aca-aeca-321fa7f60f65_1000.jpg!m_fill,w_280,h_210,f_jpg?from=ke.com
20241028,朝阳,CBD,101125700874,复式 高楼层 视野超棒 封闭小区动静分离 百万精装,865万,75218元/平,中楼层 (共30层) | 2002年 | 2室1厅 | 115平米 | 东北,https://ke-image.ljcdn.com/110000-inspection/08423b31-b1ef-4ab1-9bf0-57e4a02b59d3_1000.jpg!m_fill,w_280,h_210,f_jpg?from=ke.com
20241028,朝阳,CBD,101125690899,国贸中国尊和央视附近总价合适一居近万达广场,335万,54525元/平,低楼层 (共16层) | 2004年 | 1室0厅 | 61.44平米 | 东,https://ke-image.ljcdn.com/110000-inspection/f8258384-8203-4b20-ac21-b02f153dfc17_1000.jpg!m_fill,w_280,h_210,f_jpg?from=ke.com
20241028,朝阳,CBD,101125690444,蓝堡国际  正规一居室  急售,499万,74791元/平,低楼层 (共21层) 1室1厅 | 66.72平米 | 东,https://ke-image.ljcdn.com/110000-inspection/pc1_TEj6197Rz.jpg!m_fill,w_280,h_210,f_jpg?from=ke.com
20241028,朝阳,CBD,101125673632,CBD大望路地铁口光辉里小区主力两居室不临主路,429万,65788元/平,低楼层 (共18层) 2室1厅 | 65.21平米 | 西 西北,https://ke-image.ljcdn.com/110000-inspection/3be154bd-d70a-4061-ae4c-fde5706058d7_1000.jpg!m_fill,w_280,h_210,f_jpg?from=ke.com
20241028,朝阳,CBD,101125673315,国贸CBD金融商务区百万精装三居室观中国尊,960万,82404元/平,高楼层 (共16层) | 2004年 | 3室2厅 | 116.5平米 | 东 西,https://ke-image.ljcdn.com/110000-inspection/1ce0bd09-0e25-4e7a-bcb7-3715c9057b6d_1000.jpg!m_fill,w_280,h_210,f_jpg?from=ke.com
20241028,朝阳,CBD,101125623004,和乔丽致公寓 1室1厅 东,615万,100098元/平,中楼层 (共16层) | 2004年 | 1室1厅 | 61.44平米 | 东,https://ke-image.ljcdn.com/110000-inspection/pc1_N4ob3R1U3.jpg!m_fill,w_280,h_210,f_jpg?from=ke.com
20241028,朝阳,CBD,101125587917,国贸商圈建国路光辉南里小区南北三居室,340万,46272元/平,顶层 (共6层) | 1994年 | 3室1厅 | 73.48平米 | 南 北,https://ke-image.ljcdn.com/110000-inspection/pc1_ulpHmde2L.jpg!m_fill,w_280,h_210,f_jpg?from=ke.com
20241028,朝阳,CBD,101125582363,70年产权住宅可以注册公司租金稳定房主自荐,679万,51327元/平,高楼层 (共26层) | 2005年 | 厅室未知 | 132.29平米 | 西,https://ke-image.ljcdn.com/110000-inspection/pc1_bKWY5acb3_1.jpg!m_fill,w_280,h_210,f_jpg?from=ke.com
20241028,朝阳,CBD,101125575895,建外soho  满五唯一  东北向两居室,700万,53636元/平,中楼层 (共31层) | 2003年 | 2室1厅 | 130.51平米 | 东北,https://ke-image.ljcdn.com/110000-inspection/bf52885d-86a2-46ab-b824-9be9905ab60e_1000.jpg!m_fill,w_280,h_210,f_jpg?from=ke.com
20241028,朝阳,CBD,101125569118,建外soho  满五年  大户型房子,1150万,39794元/平,中楼层 (共23层) | 2003年 | 3室1厅 | 288.99平米 | 东南,https://ke-image.ljcdn.com/110000-inspection/6e6164a9-9cf9-4d6e-b9f5-afef139fb675_1000.jpg!m_fill,w_280,h_210,f_jpg?from=ke.com
20241028,朝阳,CBD,101125499900,蓝堡国际公寓 1室1厅 西,699万,86898元/平,中楼层 (共16层) | 2003年 | 1室1厅 | 80.44平米 | 西,https://ke-image.ljcdn.com/110000-inspection/5c34c412-68bb-43ea-93c2-581a7afa903e_1000.jpg!m_fill,w_280,h_210,f_jpg?from=ke.com
20241028,朝阳,CBD,101125482058,阳光100小区诚意出售一二层精装修东南向复式,1999万,75511元/平,底层 (共30层) | 2002年 | 4室2厅 | 264.73平米 | 东南,https://ke-image.ljcdn.com/110000-inspection/pc1_nI07FnktG.jpg!m_fill,w_280,h_210,f_jpg?from=ke.com
20241028,朝阳,CBD,101125406530,阳光100国际公寓 南向 看花园 安静,960万,71472元/平,低楼层 (共33层) 3室1厅 | 134.32平米 | 南,https://ke-image.ljcdn.com/110000-inspection/e4efd5a8-3cdc-4def-b623-8bddb127fcde_1000.jpg!m_fill,w_280,h_210,f_jpg?from=ke.com
20241028,朝阳,CBD,101125378655,阳光100特殊户型全部新装修,2630万,85097元/平,底层 (共33层) 7室3厅 | 309.06平米 | 东南,https://ke-image.ljcdn.com/110000-inspection/ef134113-8390-4032-8112-1f77f7cd73ab_1000.jpg!m_fill,w_280,h_210,f_jpg?from=ke.com
20241028,朝阳,CBD,101125374447,建外soho西区 4室2厅 东,660万,34938元/平,低楼层 (共26层) | 2005年 | 4室2厅 | 188.91平米 | 东,https://ke-image.ljcdn.com/110000-inspection/74220802-bb60-4d90-8b8c-fe91364cdc67_1000.jpg!m_fill,w_280,h_210,f_jpg?from=ke.com
20241028,朝阳,CBD,101125329422,华贸公寓 2室1厅 南 北,1180万,91240元/平,中楼层 (共26层) 2室1厅 | 129.33平米 | 南 北,https://ke-image.ljcdn.com/110000-inspection/pc1_eYpwPsdyK_1.jpg!m_fill,w_280,h_210,f_jpg?from=ke.com
20241028,朝阳,CBD,101125303090,蓝堡国际公寓东南两居满五唯一高楼层采光好,890万,77791元/平,中楼层 (共21层) 2室1厅 | 114.41平米 | 东南,https://ke-image.ljcdn.com/110000-inspection/pc1_UlOKH8KbW.jpg!m_fill,w_280,h_210,f_jpg?from=ke.com
20241028,朝阳,CBD,101125276834,金地全明格局 二次装修 满五唯一两居室房主自荐,1280万,103728元/平,低楼层 (共33层) | 2004年 | 2室1厅 | 123.4平米 | 西南 东北,https://ke-image.ljcdn.com/110000-inspection/2cd73e28-0309-42db-bd8c-245f0e8789dd_1000.jpg!m_fill,w_280,h_210,f_jpg?from=ke.com
20241028,朝阳,CBD,101125200941,金地国际花园中间楼层把边户型南北通透3居室景观好,1800万,90877元/平,中楼层 (共33层) 3室2厅 | 198.07平米 | 南 北,https://ke-image.ljcdn.com/110000-inspection/0a635f28-958d-4f76-a3bd-acc3e26fb945_1000.jpg!m_fill,w_280,h_210,f_jpg?from=ke.com
20241028,朝阳,CBD,101125193392,超棒Loft精装修拎包住高楼层视野好只有契税,512万,83334元/平,高楼层 (共16层) | 2004年 | 1室1厅 | 61.44平米 | 东,https://ke-image.ljcdn.com/110000-inspection/ed25bcad-32fd-43f0-b7e7-8ed516e9fac7_1000.jpg!m_fill,w_280,h_210,f_jpg?from=ke.com
20241028,朝阳,CBD,101125183448,建外soho东区业主自住的大平层采光和视野都不错房主自荐,1180万,49470元/平,中楼层 (共28层) 3室2厅 | 238.53平米 | 西北,https://ke-image.ljcdn.com/110000-inspection/27035e8e-627d-41f5-b7e7-3393141128f7_1000.jpg!m_fill,w_280,h_210,f_jpg?from=ke.com
20241028,朝阳,CBD,101125173433,阳光100 1室1厅 北,430万,79601元/平,高楼层 (共30层) | 2002年 | 1室1厅 | 54.02平米 | 北,https://ke-image.ljcdn.com/110000-inspection/pc1_ZM1KeioNZ.jpg!m_fill,w_280,h_210,f_jpg?from=ke.com
20241028,朝阳,CBD,101125149283,近地铁次顶层方正一居室有燃气业主诚售,499万,91712元/平,高楼层 (共16层) | 2004年 | 1室1厅 | 54.41平米 | 北,https://ke-image.ljcdn.com/110000-inspection/85ba0213-2814-483c-b449-a7ad0e5cf488_1000.jpg!m_fill,w_280,h_210,f_jpg?from=ke.com
20241028,朝阳,CBD,101125114376,尊悦光华 3室1厅 东北,1520万,112070元/平,低楼层 (共17层) | 2015年 | 3室1厅 | 135.63平米 | 东北,https://ke-image.ljcdn.com/110000-inspection/pc1_V0mmYF3Cu_2.jpg!m_fill,w_280,h_210,f_jpg?from=ke.com
20241028,朝阳,CBD,101125081566,现代城 东南向精装三居室  中高楼层 视野开阔,1199万,67077元/平,中楼层 (共28层) | 2000年 | 3室2厅 | 178.75平米 | 东南,https://ke-image.ljcdn.com/110000-inspection/9121d49d-0edc-423f-8fa7-5bba96ffd231_1000.jpg!m_fill,w_280,h_210,f_jpg?from=ke.com
20241028,朝阳,CBD,101125061754,建国路93号院 南北通透四居室 看房方便,1160万,64762元/平,中楼层 (共11层) 4室2厅 | 179.12平米 | 南 北,https://ke-image.ljcdn.com/110000-inspection/34821267-38ec-4eba-a6ee-116b2151a68b_1000.jpg!m_fill,w_280,h_210,f_jpg?from=ke.com
20241028,朝阳,CBD,101125061773,万达广场公寓南北通透四居室 看房方便 业主诚心出售,1160万,64762元/平,中楼层 (共11层) 4室2厅 | 179.12平米 | 南 北,https://ke-image.ljcdn.com/110000-inspection/da8ce650-68c8-41ec-9d33-b11cce7325ef_1000.jpg!m_fill,w_280,h_210,f_jpg?from=ke.com
20241028,朝阳,CBD,101125046862,东二环外70年产权河景大平层,720万,38144元/平,高楼层 (共26层) | 2005年 | 2室1厅 | 188.76平米 | 西,https://ke-image.ljcdn.com/110000-inspection/ab1e6774-5f58-466f-8887-396c5a9f1c9a_1000.jpg!m_fill,w_280,h_210,f_jpg?from=ke.com
20241028,朝阳,CBD,101124976767,金地国际花园 高层观景户型 南北通通全明格局,1918万,96952元/平,高楼层 (共33层) | 2004年 | 3室2厅 | 197.83平米 | 南 北,https://ke-image.ljcdn.com/110000-inspection/e1ad5a39-622f-4ca7-8412-faff62d89869_1000.jpg!m_fill,w_280,h_210,f_jpg?from=ke.com
20241028,朝阳,CBD,101124962672,和乔丽致公寓 3室2厅 南 西,948万,76836元/平,中楼层 (共16层) | 2004年 | 3室2厅 | 123.38平米 | 南 西,https://ke-image.ljcdn.com/110000-inspection/0d387bf8-164e-4084-8148-668adcfd1a4d_1000.jpg!m_fill,w_280,h_210,f_jpg?from=ke.com
20241028,朝阳,CBD,101124933354,光华里 双南向 国贸 永安里 东大桥房主自荐,365万,70260元/平,顶层 (共12层) | 1984年 | 2室1厅 | 51.95平米 | 南,https://ke-image.ljcdn.com/110000-inspection/f969fe95-449b-4a96-a592-518b3ca38839_1000.jpg!m_fill,w_280,h_210,f_jpg?from=ke.com
20241028,朝阳,CBD,101124887652,银泰东北向俩居室观中国尊地块景观,1900万,78542元/平,低楼层 (共56层) | 2008年 | 3室1厅 | 241.91平米 | 东北,https://ke-image.ljcdn.com/110000-inspection/pc1_SPHueC5Om_1.jpg!m_fill,w_280,h_210,f_jpg?from=ke.com
20241028,朝阳,CBD,101124877968,金地国际花园 全新精装修 满五唯一 高层观景房,1598万,95227元/平,中楼层 (共33层) 3室1厅 | 167.81平米 | 南 北,https://ke-image.ljcdn.com/110000-inspection/758eef8a-0ef4-4980-bec2-443d8c677797_1000.jpg!m_fill,w_280,h_210,f_jpg?from=ke.com
20241028,朝阳,CBD,101124844925,CBD新上南北通透两居室中间楼层精装修可贷款,379万,61317元/平,中楼层 (共6层) | 1994年 | 2室1厅 | 61.81平米 | 南 北,https://ke-image.ljcdn.com/110000-inspection/40726f77-94aa-4ac7-924b-3cc29d42143f_1000.jpg!m_fill,w_280,h_210,f_jpg?from=ke.com
20241028,朝阳,CBD,101124817725,蓝堡国际公寓  优质全南大2居室 满五唯一 无遮挡,1079万,79502元/平,低楼层 (共21层) | 2004年 | 2室2厅 | 135.72平米 | 南,https://ke-image.ljcdn.com/110000-inspection/82985788-c955-4231-a6b6-f4c776eece7d_1000.jpg!m_fill,w_280,h_210,f_jpg?from=ke.com
20241028,朝阳,CBD,101124773670,金地国际花园 高层 景观三居 满五唯一,1580万,94020元/平,中楼层 (共33层) | 2004年 | 3室1厅 | 168.05平米 | 东南 西北,https://ke-image.ljcdn.com/110000-inspection/331cd549-ffc1-4e50-a63b-ddccb6ec9a7a_1000.jpg!m_fill,w_280,h_210,f_jpg?from=ke.com
20241028,朝阳,CBD,101124691370,CBD国贸大望路地铁口精装修北向观景一居可以拎包入,415万,76824元/平,中楼层 (共30层) | 2002年 | 1室1厅 | 54.02平米 | 北,https://ke-image.ljcdn.com/110000-inspection/6285662e-c20c-49ed-8c98-1919829daebf_1000.jpg!m_fill,w_280,h_210,f_jpg?from=ke.com
20241028,朝阳,CBD,101124664195,建外soho  户型方正两居室  满五年,700万,46655元/平,低楼层 (共28层) | 2005年 | 2室1厅 | 150.04平米 | 西南,https://ke-image.ljcdn.com/110000-inspection/ab8d62e5-795e-4ac0-a610-9e30a1b8abe4_1000.jpg!m_fill,w_280,h_210,f_jpg?from=ke.com
20241028,朝阳,CBD,101124652523,阳光100小区北向看小区花园精致两居,798万,76938元/平,低楼层 (共33层) | 2002年 | 2室1厅 | 103.72平米 | 北,https://ke-image.ljcdn.com/110000-inspection/1ed807a7-4219-444d-a007-cad69c6d67f5_1000.jpg!m_fill,w_280,h_210,f_jpg?from=ke.com
20241028,朝阳,CBD,101124580242,和乔丽致 高品质住宅 户型方正  50万装修房主自荐,545万,88705元/平,中楼层 (共16层) | 2004年 | 1室1厅 | 61.44平米 | 东,https://ke-image.ljcdn.com/110000-inspection/a6c2cd08-1ba3-49cf-a255-97bf695b3f7b_1000.jpg!m_fill,w_280,h_210,f_jpg?from=ke.com
20241028,朝阳,CBD,101124559394,高品质4居室 视野开阔 全新装修 封闭管理,2450万,72757元/平,低楼层 (共30层) 4室2厅 | 336.74平米 | 南 北,https://ke-image.ljcdn.com/110000-inspection/a4a3bd03-0e7a-4a3b-a44f-eb8f8d5c7322_1000.jpg!m_fill,w_280,h_210,f_jpg?from=ke.com
20241028,朝阳,CBD,101124522734,此房楼层好无遮挡视野开阔层高高落地窗配套齐全,520万,84636元/平,高楼层 (共16层) | 2004年 | 1室1厅 | 61.44平米 | 北,https://ke-image.ljcdn.com/110000-inspection/5fa71689-2798-4cee-855f-328bc6d89774_1000.jpg!m_fill,w_280,h_210,f_jpg?from=ke.com
20241028,朝阳,CBD,101124515712,建外soho西区  西北观景两居室内 满五年,950万,57984元/平,中楼层 (共28层) | 2005年 | 2室1厅 | 163.84平米 | 西北,https://ke-image.ljcdn.com/110000-inspection/8a5f4946-09e5-4719-becd-642f1a051339_1000.jpg!m_fill,w_280,h_210,f_jpg?from=ke.com
20241028,朝阳,CBD,101124475778,满五唯一方正两居东南向位置好不临街看小区,829万,78017元/平,中楼层 (共30层) | 2002年 | 2室1厅 | 106.26平米 | 东南,https://ke-image.ljcdn.com/110000-inspection/7bd89230-a317-4f4c-adc5-0cdfd038f795_1000.jpg!m_fill,w_280,h_210,f_jpg?from=ke.com
20241028,朝阳,CBD,101124462807,温莎大道高层东南北通透三居室满五唯一看房随时,3200万,102237元/平,中楼层 (共30层) 3室1厅 | 313平米 | 东南 北,https://ke-image.ljcdn.com/110000-inspection/ee84a0e8-4f5f-4f88-8a53-2794805e9c66_1000.jpg!m_fill,w_280,h_210,f_jpg?from=ke.com
20241028,朝阳,CBD,101124387106,银泰柏悦府两居室诚意出售采光好。,2990万,134171元/平,中楼层 (共56层) | 2008年 | 2室1厅 | 222.85平米 | 南 北,https://ke-image.ljcdn.com/110000-inspection/6d2923e8-2f02-4c40-a3ee-2901aeeb8881_1000.jpg!m_fill,w_280,h_210,f_jpg?from=ke.com
20241028,朝阳,CBD,101124242505,高楼层观景、东/北双窗、采光充足,349万,72588元/平,高楼层 (共33层) 1室1厅 | 48.08平米 | 东北,https://ke-image.ljcdn.com/110000-inspection/f79c4d57-4dcc-4a26-ab59-f406353da477_1000.jpg!m_fill,w_280,h_210,f_jpg?from=ke.com
20241028,朝阳,CBD,101124157387,光辉里小区南北通透三居室精装修大望路地铁口,355万,59594元/平,中楼层 (共4层) | 1976年 | 3室1厅 | 59.57平米 | 南 北,https://ke-image.ljcdn.com/110000-inspection/40cfcef5-731c-4bf4-9b2a-5d0370891ba2_1000.jpg!m_fill,w_280,h_210,f_jpg?from=ke.com
20241028,朝阳,CBD,101124088438,现代城 高层小两居 满两年 精装拎包入住 适合年轻人,695万,77395元/平,高楼层 (共28层) 2室1厅 | 89.8平米 | 西 北,https://ke-image.ljcdn.com/110000-inspection/176f606e-d597-493c-870b-d610eff7cc44_1000.jpg!m_fill,w_280,h_210,f_jpg?from=ke.com
20241028,朝阳,CBD,101123939584,国贸CBD中国尊旁SKP对面户型方正一居室居住舒适,529万,80043元/平,低楼层 (共21层) | 2004年 | 1室1厅 | 66.09平米 | 北,https://ke-image.ljcdn.com/110000-inspection/pc1_Z1NIchNup.jpg!m_fill,w_280,h_210,f_jpg?from=ke.com
20241028,朝阳,CBD,101123932695,温莎大道南向一居看长安街无遮挡,1060万,89361元/平,中楼层 (共16层) | 2005年 | 1室1厅 | 118.62平米 | 南,https://ke-image.ljcdn.com/110000-inspection/pc1_ueSPr53w7.jpg!m_fill,w_280,h_210,f_jpg?from=ke.com
20241028,朝阳,CBD,101123875793,国贸CBD光华欣居南北两居室中间层不临街。,398万,64391元/平,中楼层 (共6层) | 1994年 | 2室1厅 | 61.81平米 | 南 北,https://ke-image.ljcdn.com/110000-inspection/pc1_9uCcoiyau_1.jpg!m_fill,w_280,h_210,f_jpg?from=ke.com
20241028,朝阳,CBD,101123686628,国贸桥西南角东二环外三环内方正大平层,750万,37697元/平,低楼层 (共28层) 3室2厅 | 198.96平米 | 南 西北,https://ke-image.ljcdn.com/110000-inspection/ceff81c3-aa45-4cee-a3a8-d9e30c360429_1000.jpg!m_fill,w_280,h_210,f_jpg?from=ke.com
20241028,朝阳,CBD,101123580168,蓝堡国际公寓70年产权正南向采光好,1251万,92176元/平,低楼层 (共21层) 2室1厅 | 135.72平米 | 南,https://ke-image.ljcdn.com/110000-inspection/c22aac33-05b0-420d-a98e-bc5a2a7ca4a5_1000.jpg!m_fill,w_280,h_210,f_jpg?from=ke.com
20241028,朝阳,CBD,101123541184,蓝堡高层南向两居采光好层高3.05米视野开阔房主自荐,875万,76480元/平,高楼层 (共21层) | 2004年 | 2室1厅 | 114.41平米 | 南 东,https://ke-image.ljcdn.com/110000-inspection/pc1_zw7aEgLsB.jpg!m_fill,w_280,h_210,f_jpg?from=ke.com
20241028,朝阳,CBD,101123466699,蓝堡国际公寓方正大落地窗采光好装修保养好正规1居,705万,100314元/平,低楼层 (共21层) 1室1厅 | 70.28平米 | 西,https://ke-image.ljcdn.com/110000-inspection/pc1_Z67fIo8og.jpg!m_fill,w_280,h_210,f_jpg?from=ke.com
20241028,朝阳,CBD,101123427948,东南北三面采光百平空中庭院难得一见只有契税,2300万,88353元/平,高楼层 (共33层) | 2001年 | 4室2厅 | 260.32平米 | 东南 北,https://ke-image.ljcdn.com/110000-inspection/pc1_lF9owABCc.jpg!m_fill,w_280,h_210,f_jpg?from=ke.com
20241028,朝阳,CBD,101123416967,国贸独门独院有50平西南向景观视野好,1580万,59990元/平,底层 (共33层) 4室2厅 | 263.38平米 | 西南 北,https://ke-image.ljcdn.com/110000-inspection/3f3d2d4d-346b-4264-a2bb-9721d1fe4fdf_1000.jpg!m_fill,w_280,h_210,f_jpg?from=ke.com
20241028,朝阳,CBD,101123380288,大望路地铁50m 满五唯一 方正双卫两居 净高2.95m,1260万,93576元/平,低楼层 (共21层) | 2004年 | 2室2厅 | 134.65平米 | 南,https://ke-image.ljcdn.com/110000-inspection/7b736e5b-6643-446d-9449-c98227134201_1000.jpg!m_fill,w_280,h_210,f_jpg?from=ke.com
20241028,朝阳,CBD,101123330096,观城市夜景享都市繁华SKP你值得拥有,1697万,84668元/平,低楼层 (共23层) | 2005年 | 3室1厅 | 200.43平米 | 东南,https://ke-image.ljcdn.com/110000-inspection/pc1_NKHI7CjmV.jpg!m_fill,w_280,h_210,f_jpg?from=ke.com
20241028,朝阳,CBD,101123325229,满五年唯一住房2层楼层好南北通透户型好,260万,48042元/平,低楼层 (共6层) | 1995年 | 1室1厅 | 54.12平米 | 南 北,https://ke-image.ljcdn.com/110000-inspection/pc1_znokExMvo_1.jpg!m_fill,w_280,h_210,f_jpg?from=ke.com
20241028,朝阳,CBD,101123325092,国贸 建外soho西区 开间格局 户型方正,610万,35054元/平,顶层 (共26层) | 2005年 | 4室1厅 | 174.02平米 | 东,https://ke-image.ljcdn.com/110000-inspection/c4643fbd-0019-4393-a600-b183aa7a6de5_1000.jpg!m_fill,w_280,h_210,f_jpg?from=ke.com
20241028,朝阳,CBD,101123310248,光辉里小区 2室1厅 东南,389万,67641元/平,低楼层 (共14层) | 1982年 | 2室1厅 | 57.51平米 | 东南,https://ke-image.ljcdn.com/110000-inspection/pc1_LiFD8UjCF_1.jpg!m_fill,w_280,h_210,f_jpg?from=ke.com
20241028,朝阳,CBD,101123259629,正规两居两室一厅格局合理适合一家人居住,420万,64686元/平,顶层 (共18层) 2室1厅 | 64.93平米 | 西北,https://ke-image.ljcdn.com/110000-inspection/7d37034d-7167-4755-9594-d7971b1fc434_1000.jpg!m_fill,w_280,h_210,f_jpg?from=ke.com
20241028,朝阳,CBD,101123259099,南郎家园/满两年成本低/楼龄新/贷款或全款客户都合适,305万,59339元/平,底层 (共6层) 1室1厅 | 51.4平米 | 南,https://ke-image.ljcdn.com/110000-inspection/c7975728-5d14-4aad-84db-d342400bf698_1000.jpg!m_fill,w_280,h_210,f_jpg?from=ke.com
20241028,朝阳,CBD,101123198145,建外soho东区高楼层没有遮挡视野好满五年且唯一。,850万,52434元/平,中楼层 (共19层) | 2003年 | 2室1厅 | 162.11平米 | 西北,https://ke-image.ljcdn.com/110000-inspection/24f6c687-b0fc-440c-81ba-60baec5881e7_1000.jpg!m_fill,w_280,h_210,f_jpg?from=ke.com
20241028,朝阳,CBD,101123152638,阳光100西向两居室安静不临街对着花园满五唯一。,852万,80522元/平,中楼层 (共30层) | 2002年 | 2室1厅 | 105.81平米 | 西,https://ke-image.ljcdn.com/110000-inspection/pc1_gEnEqfGX6.jpg!m_fill,w_280,h_210,f_jpg?from=ke.com
20241028,朝阳,CBD,101123118293,金地国际南北3居室高层视野好看中国尊业主诚意出售,1639万,97531元/平,中楼层 (共33层) | 2004年 | 3室1厅 | 168.05平米 | 南 北,https://ke-image.ljcdn.com/110000-inspection/pc1_2McFUgL4F.jpg!m_fill,w_280,h_210,f_jpg?from=ke.com
20241028,朝阳,CBD,101123060888,金地国际花园 通透南北大3居 近地铁 采光好,1700万,94298元/平,中楼层 (共33层) | 2004年 | 3室1厅 | 180.28平米 | 南 北,https://ke-image.ljcdn.com/110000-inspection/66d217a1-9926-4e6d-8c52-68c564ed88d0_1000.jpg!m_fill,w_280,h_210,f_jpg?from=ke.com
20241028,朝阳,CBD,101123044297,建外soho东区 2室2厅 南,710万,47735元/平,低楼层 (共31层) 2室2厅 | 148.74平米 | 南,https://ke-image.ljcdn.com/110000-inspection/645d7643-4dbe-4f80-9800-6c1505bded5a_1000.jpg!m_fill,w_280,h_210,f_jpg?from=ke.com
20241028,朝阳,CBD,101122977449,华贸商务楼 3室2厅 东 西,1100万,45489元/平,顶层 (共12层) 3室2厅 | 241.82平米 | 东 西,https://ke-image.ljcdn.com/110000-inspection/ada21aa6-f97c-45de-ab9a-93ff5e3543d0_1000.jpg!m_fill,w_280,h_210,f_jpg?from=ke.com
20241028,朝阳,CBD,101122977571,70年可注册可个人购买公司可用有上下水烟道,1100万,45489元/平,顶层 (共12层) 3室2厅 | 241.82平米 | 东 西,https://ke-image.ljcdn.com/110000-inspection/16a3424d-1f87-4b5d-abf8-c6453c2261c5_1000.jpg!m_fill,w_280,h_210,f_jpg?from=ke.com
20241028,朝阳,CBD,101122977377,华贸商务楼 3室2厅 东 西,1140万,47713元/平,顶层 (共12层) 3室2厅 | 238.93平米 | 东 西,https://ke-image.ljcdn.com/110000-inspection/21c79428-d2f2-4875-8b23-a63b95683386_1000.jpg!m_fill,w_280,h_210,f_jpg?from=ke.com
20241028,朝阳,CBD,101122961526,蓝堡国际公寓通透三居室大望路SKP国贸,1425万,84465元/平,中楼层 (共21层) 3室2厅 | 168.71平米 | 东 西,https://ke-image.ljcdn.com/110000-inspection/3c0789d4-2c95-41a4-bb8d-965e9f912eae_1000.jpg!m_fill,w_280,h_210,f_jpg?from=ke.com
20241028,朝阳,CBD,101122957194,和乔丽致公寓 首套首付160万只有契税 东向全天明亮,380万,62214元/平,低楼层 (共16层) | 2004年 | 1室0厅 | 61.08平米 | 东,https://ke-image.ljcdn.com/110000-inspection/pc1_h1ibHqfH3.jpg!m_fill,w_280,h_210,f_jpg?from=ke.com
20241028,朝阳,CBD,101122939782,建外soho西区一居室无遮挡光线好。,445万,48051元/平,中楼层 (共28层) | 2005年 | 1室1厅 | 92.61平米 | 西,https://ke-image.ljcdn.com/110000-inspection/98a3deb9-7cfb-4cef-bf91-bf5dc753d8b3_1000.jpg!m_fill,w_280,h_210,f_jpg?from=ke.com
20241028,朝阳,CBD,101122869508,蓝堡国际公寓高层东南三居室普通住宅只有契税！,1180万,85657元/平,高楼层 (共21层) | 2004年 | 3室1厅 | 137.76平米 | 东南,https://ke-image.ljcdn.com/110000-inspection/0c8146cb-7fce-4ba1-a196-77fdcd417839_1000.jpg!m_fill,w_280,h_210,f_jpg?from=ke.com
20241028,朝阳,CBD,101122838154,建外soho西区朝向好无遮挡视野比较不错。,660万,39286元/平,中楼层 (共24层) | 2005年 | 1室1厅 | 168平米 | 东,https://ke-image.ljcdn.com/110000-inspection/2d509ca6-e6cb-4680-b7e2-acfa71ff0aec_1000.jpg!m_fill,w_280,h_210,f_jpg?from=ke.com
20241028,朝阳,CBD,101122807777,建外soho东区西南朝向三居室诚意出售随时看房房主自荐,1050万,44178元/平,低楼层 (共28层) 3室1厅 | 237.68平米 | 西南,https://ke-image.ljcdn.com/110000-inspection/bf4ed295-283c-45f9-b092-64a7c9f77338_1000.jpg!m_fill,w_280,h_210,f_jpg?from=ke.com
20241028,朝阳,CBD,101122807081,SOHO现代城 3室1厅 东南,1050万,38914元/平,中楼层 (共36层) 3室1厅 | 269.83平米 | 东南,https://ke-image.ljcdn.com/110000-inspection/1ecd04ab-6653-4639-afe0-4f9bd8738a61_1000.jpg!m_fill,w_280,h_210,f_jpg?from=ke.com
20241028,朝阳,CBD,101122805396,建外soho西区自住好装修拎包入住的高楼层房源,750万,57030元/平,高楼层 (共31层) | 2005年 | 2室1厅 | 131.51平米 | 东北,https://ke-image.ljcdn.com/110000-inspection/pc1_nkFv9h6G8_1.jpg!m_fill,w_280,h_210,f_jpg?from=ke.com
20241028,朝阳,CBD,101122742869,梵悦108 LOFT4.5m层高  享云顶会所 恒温阳光泳池,1600万,122606元/平,低楼层 (共20层) 1室1厅 | 130.5平米 | 南,https://ke-image.ljcdn.com/110000-inspection/pc1_HWEwAVENI.jpg!m_fill,w_280,h_210,f_jpg?from=ke.com
20241028,朝阳,CBD,101122715287,梵悦108 全新精装南向两居室 中高楼层 视野好房主自荐,1920万,103661元/平,中楼层 (共20层) 2室2厅 | 185.22平米 | 南,https://ke-image.ljcdn.com/110000-inspection/pc1_MyV2ZtKvQ.jpg!m_fill,w_280,h_210,f_jpg?from=ke.com
20241028,朝阳,CBD,101122618041,建外soho西区 南向253平米大平层 采光视野 看通惠河,1020万,40286元/平,中楼层 (共24层) | 2005年 | 1室1厅 | 253.19平米 | 东 南 西,https://ke-image.ljcdn.com/110000-inspection/4296b7db-4ea5-483c-9e04-bc003869df8e_1000.jpg!m_fill,w_280,h_210,f_jpg?from=ke.com
20241028,朝阳,CBD,101122607447,建外soho西区 1室1厅 东,741万,39968元/平,中楼层 (共24层) | 2005年 | 1室1厅 | 185.4平米 | 东,https://ke-image.ljcdn.com/110000-inspection/23919fac-591c-4a1d-9273-03fda95b598c_1000.jpg!m_fill,w_280,h_210,f_jpg?from=ke.com
20241028,朝阳,CBD,101122572278,华贸公寓 西向 方正小户型 满五年唯一 随时看,590万,88297元/平,中楼层 (共26层) 1室0厅 | 66.82平米 | 西,https://ke-image.ljcdn.com/110000-inspection/pc1_5MYcuTBiP.jpg!m_fill,w_280,h_210,f_jpg?from=ke.com
20241028,朝阳,CBD,101122444758,距离大望路地铁100米 得房率83.3% 朝东 精装修房主自荐,649万,72345元/平,低楼层 (共28层) 2室1厅 | 89.71平米 | 东,https://ke-image.ljcdn.com/110000-inspection/pc1_hPEE46LpM.jpg!m_fill,w_280,h_210,f_jpg?from=ke.com
20241028,朝阳,CBD,101122330800,建外SOHO东区一居室 西向 采光好 看公园,480万,48776元/平,中楼层 (共19层) | 2003年 | 1室1厅 | 98.41平米 | 西,https://ke-image.ljcdn.com/110000-inspection/cb9b7659-40e3-466e-82e8-b8959379c7d9_1000.jpg!m_fill,w_280,h_210,f_jpg?from=ke.com
20241028,朝阳,CBD,101122097137,建外SOHO小高层户数少适合居住楼宇。,650万,49483元/平,中楼层 (共12层) 2室1厅 | 131.36平米 | 东北,https://ke-image.ljcdn.com/110000-inspection/fb9f760d-2f95-4e49-b1eb-4699bb1f5818_1000.jpg!m_fill,w_280,h_210,f_jpg?from=ke.com
20241028,朝阳,CBD,101122090154,金地国际花园 高层 满五唯一 明厨明卫 景观户型,1290万,104539元/平,中楼层 (共33层) | 2004年 | 2室1厅 | 123.4平米 | 南 北,https://ke-image.ljcdn.com/110000-inspection/82c1352d-652a-4525-a1db-1e82a1d50888_1000.jpg!m_fill,w_280,h_210,f_jpg?from=ke.com
20241028,朝阳,CBD,101122073457,绿化43%花园社区 落地窗 正规一居 近地铁 满五唯一,530万,72425元/平,低楼层 (共28层) | 2000年 | 1室1厅 | 73.18平米 | 东北,https://ke-image.ljcdn.com/110000-inspection/55db6e19-c574-42b8-b40e-92e03d468156_1000.jpg!m_fill,w_280,h_210,f_jpg?from=ke.com
20241028,朝阳,CBD,101122044358,精装修南向复式两居户型方正采光好,1220万,75833元/平,低楼层 (共30层) | 2002年 | 2室1厅 | 160.88平米 | 南,https://ke-image.ljcdn.com/110000-inspection/pc1_g8bFRphBL_1.jpg!m_fill,w_280,h_210,f_jpg?from=ke.com
20241028,朝阳,CBD,101121979892,华贸公寓东向一居室 高层视野好 满五唯一,680万,87992元/平,高楼层 (共26层) | 2005年 | 1室1厅 | 77.28平米 | 东,https://ke-image.ljcdn.com/110000-inspection/pc1_gCp0pHgeb.jpg!m_fill,w_280,h_210,f_jpg?from=ke.com
20241028,朝阳,CBD,101121940769,蓝堡国际公寓优质3居户型方正东西通透,1600万,94838元/平,中楼层 (共21层) 3室2厅 | 168.71平米 | 东 西,https://ke-image.ljcdn.com/110000-inspection/4578caaf-b229-4b3c-8cbb-f6b78cfd4663_1000.jpg!m_fill,w_280,h_210,f_jpg?from=ke.com
20241028,朝阳,CBD,101121880587,蓝堡国际公寓  方正一居室 采光好 诚意出售,699万,92253元/平,低楼层 (共21层) | 2004年 | 1室1厅 | 75.77平米 | 西,https://ke-image.ljcdn.com/110000-inspection/b1b9d3d4-fa5c-412e-9788-da8f8466e871_1000.jpg!m_fill,w_280,h_210,f_jpg?from=ke.com
20241028,朝阳,CBD,101121852154,建外soho东区东南朝向二居室业主诚意出售,880万,54527元/平,中楼层 (共31层) | 2003年 | 2室1厅 | 161.39平米 | 东南,https://ke-image.ljcdn.com/110000-inspection/6a3fea04-103a-41da-9870-c4711db498e6_1000.jpg!m_fill,w_280,h_210,f_jpg?from=ke.com
20241028,朝阳,CBD,101121850802,店长主推东南大三居满五唯一无浪费面积房主自荐,999万,58072元/平,中楼层 (共33层) | 2001年 | 3室1厅 | 172.03平米 | 东南,https://ke-image.ljcdn.com/110000-inspection/pc1_OnARx4gIE.jpg!m_fill,w_280,h_210,f_jpg?from=ke.com
20241028,朝阳,CBD,101121821254,建外soho东区三居室诚意出售,1260万,43393元/平,中楼层 (共28层) 4室1厅 | 290.37平米 | 东南,https://ke-image.ljcdn.com/110000-inspection/e10c199c-3794-4adb-973f-eca2d73c807d_1000.jpg!m_fill,w_280,h_210,f_jpg?from=ke.com
20241028,朝阳,CBD,101121814700,现代城 4室2厅 东,1660万,72354元/平,顶层 (共28层) | 2000年 | 4室2厅 | 229.43平米 | 东,https://ke-image.ljcdn.com/110000-inspection/62123f3c-d172-4789-8aeb-66d00ffdb066_1000.jpg!m_fill,w_280,h_210,f_jpg?from=ke.com
20241028,朝阳,CBD,101121719077,大户型 落地窗 视野采光好 可贷款房主自荐,1500万,74590元/平,低楼层 (共25层) | 2005年 | 6室2厅 | 201.1平米 | 西南,https://ke-image.ljcdn.com/110000-inspection/d9cff6ea-de27-4a9a-b0b2-44e8921ed21a_1000.jpg!m_fill,w_280,h_210,f_jpg?from=ke.com
20241028,朝阳,CBD,101121671191,建外soho西区 两居室 中楼层 看小区花园,610万,48108元/平,中楼层 (共25层) 2室1厅 | 126.8平米 | 北,https://ke-image.ljcdn.com/110000-inspection/b90e34a8-4fa1-4b33-8e2f-687c53633ad1_1000.jpg!m_fill,w_280,h_210,f_jpg?from=ke.com
20241028,朝阳,CBD,101121593619,此房业主二次装修满五年唯一 自住装修 拎包入住,1350万,84550元/平,中楼层 (共23层) | 2005年 | 3室2厅 | 159.67平米 | 南 北,https://ke-image.ljcdn.com/110000-inspection/pc1_dtMdUTnPC.jpg!m_fill,w_280,h_210,f_jpg?from=ke.com
20241028,朝阳,CBD,101121545739,建外soho西区  开间格局 格局好 方正户型,920万,36545元/平,中楼层 (共26层) | 2005年 | 3室1厅 | 251.75平米 | 东 西 北,https://ke-image.ljcdn.com/110000-inspection/71fdf82b-b38a-4721-8af6-03ddff32e110_1000.jpg!m_fill,w_280,h_210,f_jpg?from=ke.com
20241028,朝阳,CBD,101121534962,70年产权商品房民水民电有燃气高层视野开阔,465万,50604元/平,中楼层 (共29层) 1室1厅 | 91.89平米 | 西,https://ke-image.ljcdn.com/110000-inspection/0a1c8bb1-b997-44fa-827c-a3e8ecf21bf0_1000.jpg!m_fill,w_280,h_210,f_jpg?from=ke.com
20241028,朝阳,CBD,101121476870,和乔丽致 西向LOFT 视野开阔 看中国尊,530万,86264元/平,中楼层 (共16层) | 2004年 | 1室1厅 | 61.44平米 | 西,https://ke-image.ljcdn.com/110000-inspection/27d1de84-da15-4c3c-8036-b1fd9efb235b_1000.jpg!m_fill,w_280,h_210,f_jpg?from=ke.com
20241028,朝阳,CBD,101121425881,东三环长安街边上南北通透板楼精装满五年唯一两居,395万,62215元/平,中楼层 (共6层) | 1995年 | 2室1厅 | 63.49平米 | 南 北,https://ke-image.ljcdn.com/110000-inspection/51f31447-1203-49b9-983a-cb8a6e96c510_1000.jpg!m_fill,w_280,h_210,f_jpg?from=ke.com
20241028,朝阳,CBD,101121385313,国贸三环内东南大两居室有燃气独立厨房双面采光,850万,52473元/平,中楼层 (共13层) 5室1厅 | 161.99平米 | 东南,https://ke-image.ljcdn.com/110000-inspection/pc1_UQimdCr9W_2.jpg!m_fill,w_280,h_210,f_jpg?from=ke.com
20241028,朝阳,CBD,101121329585,高楼层两居室厅正双明卫私密性强诚售！,765万,73757元/平,中楼层 (共33层) 2室1厅 | 103.72平米 | 东 南 北,https://ke-image.ljcdn.com/110000-inspection/f1834678-9255-4374-b5ff-102d241a1d0c_1000.jpg!m_fill,w_280,h_210,f_jpg?from=ke.com
20241028,朝阳,CBD,101121324428,国贸CBD东西向三居室两梯四户高楼层超棒视野,1539万,84715元/平,高楼层 (共16层) | 2004年 | 3室2厅 | 181.67平米 | 东 西,https://ke-image.ljcdn.com/110000-inspection/c053cf64-fbbc-426d-9778-452b4b819578_1000.jpg!m_fill,w_280,h_210,f_jpg?from=ke.com
20241028,朝阳,CBD,101121252851,金地国际花园   正南正北  采光好  可看小区花园房主自荐,2666万,100170元/平,低楼层 (共24层) 4室2厅 | 266.15平米 | 南 北,https://ke-image.ljcdn.com/110000-inspection/pc1_virzZ4fDP.jpg!m_fill,w_280,h_210,f_jpg?from=ke.com
20241028,朝阳,CBD,101121154618,店长推荐只有契税。明厨明卫正规南北通透三居室。,859万,67654元/平,低楼层 (共30层) | 2005年 | 3室1厅 | 126.97平米 | 南 北,https://ke-image.ljcdn.com/110000-inspection/pc1_chWbznaDc.jpg!m_fill,w_280,h_210,f_jpg?from=ke.com
20241028,朝阳,CBD,101121065413,满五年业主诚意出售有租户看房方便,1370万,40988元/平,顶层 (共12层) 3室1厅 | 334.25平米 | 东 南 西,https://ke-image.ljcdn.com/110000-inspection/768acac5-7a68-48b3-9e0e-e54fc32a43b8_1000.jpg!m_fill,w_280,h_210,f_jpg?from=ke.com
20241028,朝阳,CBD,101120933999,国贸桥西南角70年产权东向高层观景房,506万,47691元/平,中楼层 (共31层) 2室1厅 | 106.1平米 | 东,https://ke-image.ljcdn.com/110000-inspection/pc1_wuHF0wm6d.jpg!m_fill,w_280,h_210,f_jpg?from=ke.com
20241028,朝阳,CBD,101120909950,70年产权有烟道有上下水有厨房房本住宅产品房主自荐,1020万,38535元/平,高楼层 (共12层) 4室2厅 | 264.7平米 | 东 西,https://ke-image.ljcdn.com/110000-inspection/6dd1fce4-0735-467f-9a38-23e2ed90dc8d_1000.jpg!m_fill,w_280,h_210,f_jpg?from=ke.com
20241028,朝阳,CBD,101120901770,航空部634研究所家属楼 近地铁 不临街 南北三居,388万,70584元/平,中楼层 (共5层) 3室2厅 | 54.97平米 | 南 西 北,https://ke-image.ljcdn.com/110000-inspection/87cf0efb-3d85-47da-ab28-ae63658b049f_1000.jpg!m_fill,w_280,h_210,f_jpg?from=ke.com
20241028,朝阳,CBD,101120616754,金地花园 南北通透三居室 把边户型 全明格局 明厨明卫房主自荐,1850万,102222元/平,低楼层 (共33层) 3室1厅 | 180.98平米 | 南 北,https://ke-image.ljcdn.com/110000-inspection/pc1_7o4diG7Ta.jpg!m_fill,w_280,h_210,f_jpg?from=ke.com
20241028,朝阳,CBD,101120558097,华贸南北通透四居室二次装修满五唯一 少有户型,2150万,98268元/平,中楼层 (共14层) 4室1厅 | 218.79平米 | 南 北,https://ke-image.ljcdn.com/110000-inspection/pc1_LzRmvLF0D.jpg!m_fill,w_280,h_210,f_jpg?from=ke.com
20241028,朝阳,CBD,101120538981,和乔丽致 高层东向 层高4.9米 看房方便房主自荐,650万,82856元/平,中楼层 (共16层) | 2004年 | 1室1厅 | 78.45平米 | 东,https://ke-image.ljcdn.com/110000-inspection/b69e0047-2db4-41f4-aa44-c223976b0d25_1000.jpg!m_fill,w_280,h_210,f_jpg?from=ke.com
20241028,朝阳,CBD,101120407374,光华欣居满五唯一精装修东西通透两居室,410万,61925元/平,低楼层 (共6层) 2室1厅 | 66.21平米 | 东 西,https://ke-image.ljcdn.com/110000-inspection/pc1_yKJiLSQRP.jpg!m_fill,w_280,h_210,f_jpg?from=ke.com
20241028,朝阳,CBD,101120019237,华贸公寓新上南北三居  户型方正 满五年房主自荐,1160万,72655元/平,中楼层 (共23层) | 2005年 | 3室1厅 | 159.66平米 | 南 北,https://ke-image.ljcdn.com/110000-inspection/c8f2328a-bec5-4266-8ce1-c82750f73c11_1000.jpg!m_fill,w_280,h_210,f_jpg?from=ke.com
20241028,朝阳,CBD,101120012516,国贸双井下甸  南向两居室满五年唯一诚意出售,265万,49487元/平,顶层 (共6层) 2室0厅 | 53.55平米 | 南,https://ke-image.ljcdn.com/110000-inspection/pc1_NY00Iq5E1_1.jpg!m_fill,w_280,h_210,f_jpg?from=ke.com
20241028,朝阳,CBD,101119856100,满五年唯一可以贷款精装修可以拎包入住。业主诚意,388万,63722元/平,中楼层 (共6层) 2室1厅 | 60.89平米 | 南 北,https://ke-image.ljcdn.com/110000-inspection/pc1_lux1BLzvL_1.jpg!m_fill,w_280,h_210,f_jpg?from=ke.com
20241028,朝阳,CBD,101119854167,双花园 东西两居 满五年唯一 出行方便 随时签约,325万,61612元/平,中楼层 (共6层) | 1981年 | 2室1厅 | 52.75平米 | 东 西,https://ke-image.ljcdn.com/110000-inspection/pc1_1U79hvoG7_1.jpg!m_fill,w_280,h_210,f_jpg?from=ke.com
20241028,朝阳,CBD,101119728189,70年产权民水民电有燃气二次新装修东南角视野。房主自荐,1250万,43049元/平,低楼层 (共28层) | 2003年 | 3室1厅 | 290.37平米 | 东南,https://ke-image.ljcdn.com/110000-inspection/85a09d41-caeb-4778-8425-cfd24abe65b2_1000.jpg!m_fill,w_280,h_210,f_jpg?from=ke.com
20241028,朝阳,CBD,101119652735,华贸公寓 7号楼 东向高层 24小时前台房主自荐,799万,97547元/平,中楼层 (共23层) | 2005年 | 1室1厅 | 81.91平米 | 东,https://ke-image.ljcdn.com/110000-inspection/pc1_wnQUZA1gO.jpg!m_fill,w_280,h_210,f_jpg?from=ke.com
20241028,朝阳,CBD,101119609943,此房满两年全款仅契税 两套打通 独立入户 412平大平层,1550万,73100元/平,中楼层 (共23层) | 2005年 | 3室2厅 | 212.04平米 | 西南,https://ke-image.ljcdn.com/110000-inspection/1e7c7f6c-3859-4733-9195-8b854fbe3265_1000.jpg!m_fill,w_280,h_210,f_jpg?from=ke.com
20241028,朝阳,CBD,101119609906,此房满两年全款仅契税 两套打通 独立入户 412平大平层,1550万,77334元/平,中楼层 (共23层) | 2005年 | 3室1厅 | 200.43平米 | 东南,https://ke-image.ljcdn.com/110000-inspection/c256cbff-d36e-4735-83fb-401266c867e3_1000.jpg!m_fill,w_280,h_210,f_jpg?from=ke.com
20241028,朝阳,CBD,101119528619,中高层视野好无遮挡南北通透大两居,1150万,89922元/平,中楼层 (共26层) | 2005年 | 2室2厅 | 127.89平米 | 南 北,https://ke-image.ljcdn.com/110000-inspection/4741a913-4fbc-4fb0-a834-454ff0079e5e_1000.jpg!m_fill,w_280,h_210,f_jpg?from=ke.com
20241028,朝阳,CBD,101119337126,金地国际花园 高层 看中国尊 CBD夜景 西南边户,1850万,93402元/平,高楼层 (共33层) | 2004年 | 3室2厅 | 198.07平米 | 南 北,https://ke-image.ljcdn.com/110000-inspection/pc1_MxNtPEaX0.jpg!m_fill,w_280,h_210,f_jpg?from=ke.com
20241028,朝阳,CBD,101119317539,华贸公寓  满五唯一  视野开阔  中间楼栋,1126万,73610元/平,高楼层 (共23层) | 2005年 | 3室1厅 | 152.97平米 | 南 北,https://ke-image.ljcdn.com/110000-inspection/13645492-9967-4a85-906c-28f3fb9de392_1000.jpg!m_fill,w_280,h_210,f_jpg?from=ke.com
20241028,朝阳,CBD,101119276033,梵悦108 精装两居室  拎包入住 看房便利房主自荐,1890万,103009元/平,底层 (共20层) | 2011年 | 2室1厅 | 183.48平米 | 东,https://ke-image.ljcdn.com/110000-inspection/pc1_NRejQDwWW.jpg!m_fill,w_280,h_210,f_jpg?from=ke.com
20241028,朝阳,CBD,101119214334,金地国际花园 满五唯一 2021年百万精装房主自荐,2198万,110464元/平,低楼层 (共33层) | 2004年 | 3室2厅 | 198.98平米 | 南 北,https://ke-image.ljcdn.com/110000-inspection/113864cc-7391-4c58-82de-5a9af9aa7e87_1000.jpg!m_fill,w_280,h_210,f_jpg?from=ke.com
20241028,朝阳,CBD,101119187161,光华西里  正规大三居 小区环境好房主自荐,785万,88761元/平,顶层 (共5层) 3室1厅 | 88.44平米 | 东 西,https://ke-image.ljcdn.com/110000-inspection/360e37ac-b9c5-4ebd-8d0d-b44c31580e3c_1000.jpg!m_fill,w_280,h_210,f_jpg?from=ke.com
20241028,朝阳,CBD,101119142543,【现代城居住区】西向/方正大两居/楼间距宽/视野好房主自荐,676万,64727元/平,低楼层 (共28层) | 2000年 | 2室1厅 | 104.44平米 | 西,https://ke-image.ljcdn.com/110000-inspection/pc1_nFkicNEeg.jpg!m_fill,w_280,h_210,f_jpg?from=ke.com
20241028,朝阳,CBD,101119100649,高层西向观景复式 视野开阔 满五年仅一套诚售,950万,34376元/平,高楼层 (共27层) 3室2厅 | 276.36平米 | 东 西,https://ke-image.ljcdn.com/110000-inspection/pc1_8ZdyO04JW.jpg!m_fill,w_280,h_210,f_jpg?from=ke.com
20241028,朝阳,CBD,101119014791,高品质4居室 视野开阔 封闭管理 管家服务 满五唯一,2280万,81733元/平,低楼层 (共30层) | 2005年 | 4室2厅 | 278.96平米 | 南 北,https://ke-image.ljcdn.com/110000-inspection/pc1_qXDWqt2aE_1.jpg!m_fill,w_280,h_210,f_jpg?from=ke.com
20241028,朝阳,CBD,101118846939,北京银泰中心东北向两居室看房随时,2000万,82676元/平,低楼层 (共56层) | 2008年 | 2室1厅 | 241.91平米 | 东北,https://ke-image.ljcdn.com/110000-inspection/8cc843dc-dc8c-43de-ad23-cd62db579b56_1000.jpg!m_fill,w_280,h_210,f_jpg?from=ke.com
20241028,朝阳,CBD,101118644325,光辉里小区北京SKP对面地铁口不临主路两居,468万,71769元/平,高楼层 (共18层) | 1993年 | 2室1厅 | 65.21平米 | 西 西北,https://ke-image.ljcdn.com/110000-inspection/7080a4dc-b6f1-429c-97f0-587fbbd0fad1_1000.jpg!m_fill,w_280,h_210,f_jpg?from=ke.com
20241028,朝阳,CBD,101118589308,SOHO现代城西向高楼层视野采光很好。,599万,46496元/平,中楼层 (共36层) | 2001年 | 2室1厅 | 128.83平米 | 东 西,https://ke-image.ljcdn.com/110000-inspection/81fac5a3-85ab-4c1d-922a-d766c8bc55ee_1000.jpg!m_fill,w_280,h_210,f_jpg?from=ke.com
20241028,朝阳,CBD,101118442330,建外soho东区高楼层视野比较好直望电视台。,1210万,52797元/平,中楼层 (共31层) 3室1厅 | 229.18平米 | 东北,https://ke-image.ljcdn.com/110000-inspection/3e803671-0b21-438c-8a74-b57d1f7746fd_1000.jpg!m_fill,w_280,h_210,f_jpg?from=ke.com
20241028,朝阳,CBD,101118401293,国贸 现代城 东南向 大面宽 落地窗 居住舒适房主自荐,1120万,60993元/平,低楼层 (共28层) | 2001年 | 3室1厅 | 183.63平米 | 东南,https://ke-image.ljcdn.com/110000-inspection/pc1_R3kwF7WCI.jpg!m_fill,w_280,h_210,f_jpg?from=ke.com
20241028,朝阳,CBD,101118398118,正对花园看央视中国尊百万装修基本没住房主自荐,1299万,89303元/平,中楼层 (共30层) | 2002年 | 3室1厅 | 145.46平米 | 西南,https://ke-image.ljcdn.com/110000-inspection/b7983354-cc25-4b42-be1f-cf097ee83321_1000.jpg!m_fill,w_280,h_210,f_jpg?from=ke.com
20241028,朝阳,CBD,101118213807,建外soho西区东西北朝向看房方便房主自荐,963万,37975元/平,中楼层 (共26层) | 2005年 | 1室0厅 | 253.59平米 | 东 西 北,https://ke-image.ljcdn.com/110000-inspection/7c1a4614-6850-45a6-b81c-8eba62f5ac5a_1000.jpg!m_fill,w_280,h_210,f_jpg?from=ke.com
20241028,朝阳,CBD,101118031760,金地国际花园正南正北 业主二次精装 可拎包入住,1800万,96868元/平,底层 (共24层) | 2004年 | 3室1厅 | 185.82平米 | 南 北 东,https://ke-image.ljcdn.com/110000-inspection/pc1_q0DTluW5x_1.jpg!m_fill,w_280,h_210,f_jpg?from=ke.com
20241028,朝阳,CBD,101117941643,光辉里小区南北通透业主诚心出售,415万,73102元/平,顶层 (共6层) 2室1厅 | 56.77平米 | 南 北,https://ke-image.ljcdn.com/110000-inspection/pc1_jduPvoQHv.jpg!m_fill,w_280,h_210,f_jpg?from=ke.com
20241028,朝阳,CBD,101117669059,全南两居室仅契税无遮挡业主诚意出售,2200万,118778元/平,中楼层 (共20层) | 2011年 | 2室1厅 | 185.22平米 | 南,https://ke-image.ljcdn.com/110000-inspection/pc1_4N9EQiljN.jpg!m_fill,w_280,h_210,f_jpg?from=ke.com
20241028,朝阳,CBD,101117613676,小区中间位置很安静！产权清晰无抵押诚意出售！,690万,103263元/平,低楼层 (共26层) | 2005年 | 1室0厅 | 66.82平米 | 西,https://ke-image.ljcdn.com/110000-inspection/pc1_Tos8XaXrg.jpg!m_fill,w_280,h_210,f_jpg?from=ke.com
20241028,朝阳,CBD,101117475991,华贸公寓  满五唯一  花园视野   南北通透,1180万,85576元/平,中楼层 (共26层) | 2005年 | 2室1厅 | 137.89平米 | 南 北,https://ke-image.ljcdn.com/110000-inspection/pc1_xt5khdKqA.jpg!m_fill,w_280,h_210,f_jpg?from=ke.com
20241028,朝阳,CBD,101117210205,北京银泰中心  高层观景房 西向采光充足,1200万,91124元/平,低楼层 (共56层) | 2008年 | 1室1厅 | 131.69平米 | 西,https://ke-image.ljcdn.com/110000-inspection/pc1_m7jv6mDv8.jpg!m_fill,w_280,h_210,f_jpg?from=ke.com
20241028,朝阳,CBD,101116690677,东三环北京SKP旁精装复式两居业主诚售,568万,44090元/平,中楼层 (共36层) | 2001年 | 2室1厅 | 128.83平米 | 西,https://ke-image.ljcdn.com/110000-inspection/pc1_if5wywsmj.jpg!m_fill,w_280,h_210,f_jpg?from=ke.com
20241028,朝阳,CBD,101116290783,国贸三环内70年产权看小区花园两居有燃气房主自荐,585万,46096元/平,中楼层 (共25层) | 2005年 | 2室1厅 | 126.91平米 | 西北 北,https://ke-image.ljcdn.com/110000-inspection/9f0e7f25-2e20-42f2-8a8e-e819a2d1303f_1000.jpg!m_fill,w_280,h_210,f_jpg?from=ke.com
20241028,朝阳,CBD,101116110573,视野开阔落地窗采光良好可注册,900万,35375元/平,中楼层 (共24层) | 2005年 | 4室1厅 | 254.42平米 | 东南 西南 东北 西北,https://ke-image.ljcdn.com/110000-inspection/bcd92ca3-605c-46f0-9789-8a8866cb8308_1000.jpg!m_fill,w_280,h_210,f_jpg?from=ke.com
20241028,朝阳,CBD,101115965514,温莎大道三居室高层观国贸全景保养好采光好。,2880万,91409元/平,中楼层 (共30层) | 2005年 | 3室1厅 | 315.07平米 | 东 南 北,https://ke-image.ljcdn.com/110000-inspection/58f65009-c566-42e1-83e0-7134aa4bd094_1000.jpg!m_fill,w_280,h_210,f_jpg?from=ke.com
20241028,朝阳,CBD,101115691404,华贸公寓 东南三居室 景观小区花园 视野好房主自荐,1650万,105459元/平,低楼层 (共26层) 3室1厅 | 156.46平米 | 东南,https://ke-image.ljcdn.com/110000-inspection/477c74af-1c2f-47c7-a5a7-1b11e19a7c65_1000.jpg!m_fill,w_280,h_210,f_jpg?from=ke.com
20241028,朝阳,CBD,101115086808,一居室对小区安静落地窗70年产权民水电,480万,48776元/平,低楼层 (共19层) | 2003年 | 1室1厅 | 98.41平米 | 东,https://ke-image.ljcdn.com/110000-inspection/pc1_tX3xGltAa_1.jpg!m_fill,w_280,h_210,f_jpg?from=ke.com
20241028,朝阳,CBD,101114683271,光辉里小区 中间位置安静不临街 板楼两居房主自荐,395万,69580元/平,顶层 (共6层) | 1995年 | 2室1厅 | 56.77平米 | 南 北,https://ke-image.ljcdn.com/110000-inspection/f87daaff-59ba-488b-b668-de46be0c3558_1000.jpg!m_fill,w_280,h_210,f_jpg?from=ke.com
20241028,朝阳,CBD,101114404228,万达中高楼层 南北通透把边两居 双主卧格局 有钥匙房主自荐,960万,76647元/平,中楼层 (共30层) | 2005年 | 2室1厅 | 125.25平米 | 南 北,https://ke-image.ljcdn.com/110000-inspection/pc1_qJ6AiZpd2_1.jpg!m_fill,w_280,h_210,f_jpg?from=ke.com
20241028,朝阳,CBD,101114403249,国贸站庆丰公园旁  诚意出售看房方便 采光充足,310万,58053元/平,顶层 (共6层) | 1981年 | 2室1厅 | 53.4平米 | 东 西,https://ke-image.ljcdn.com/110000-inspection/pc1_R6YvAVoTa_1.jpg!m_fill,w_280,h_210,f_jpg?from=ke.com
20241028,朝阳,CBD,101114059574,私密性好有燃气24小时保安24小时管家服务,2500万,122682元/平,中楼层 (共20层) | 2011年 | 2室2厅 | 203.78平米 | 东 北,https://ke-image.ljcdn.com/110000-inspection/pc1_uZTcy3LUB.jpg!m_fill,w_280,h_210,f_jpg?from=ke.com
20241028,朝阳,CBD,101112028163,北京银泰中心高层视野房采光好东南朝向。业主诚意房主自荐,6300万,195817元/平,高楼层 (共56层) | 2008年 | 3室2厅 | 321.73平米 | 东 南,https://ke-image.ljcdn.com/110000-inspection/pc1_CFMfwbY23_2.jpg!m_fill,w_280,h_210,f_jpg?from=ke.com
20241028,朝阳,CBD,101111777208,建外soho70年产权楼双面窗户视野好。房主自荐,730万,36691元/平,中楼层 (共28层) 1室1厅 | 198.96平米 | 西北,https://ke-image.ljcdn.com/110000-inspection/pc1_udtwVNncB_2.jpg!m_fill,w_280,h_210,f_jpg?from=ke.com
20241028,朝阳,CBD,101109223640,梵悦108开发商精装两居室 70年产权,2300万,124177元/平,中楼层 (共20层) | 2011年 | 2室1厅 | 185.22平米 | 西南,https://ke-image.ljcdn.com/110000-inspection/pc1_iNQ5DFMnG_1.jpg!m_fill,w_280,h_210,f_jpg?from=ke.com
20241028,朝阳,CBD,101127296269,【五星必看】满五年中层带燃气方便看房,548万,82618元/平,低楼层 (共26层) | 2005年 | 1室1厅 | 66.33平米 | 西,https://s1.ljcdn.com/pegasus/redskull/images/common/default_house_list.png?_v=202410161653269
20241028,朝阳,CBD,101127266599,光辉南里南北朝向一居室采光好诚意出售新上,280万,51737元/平,底层 (共6层) | 1995年 | 1室1厅 | 54.12平米 | 南,https://s1.ljcdn.com/pegasus/redskull/images/common/default_house_list.png?_v=202410161653269
20241028,朝阳,CBD,101127238249,阳光100 2室1厅 南新上,1300万,80806元/平,中楼层 (共30层) | 2002年 | 2室1厅 | 160.88平米 | 南,https://s1.ljcdn.com/pegasus/redskull/images/common/default_house_list.png?_v=202410161653269
20241028,朝阳,CBD,101127198159,阳光100 2室1厅 东南新上,860万,78791元/平,低楼层 (共33层) | 2002年 | 2室1厅 | 109.15平米 | 东南,https://s1.ljcdn.com/pegasus/redskull/images/common/default_house_list.png?_v=202410161653269
20241028,朝阳,CBD,101127093845,光华欣居东南向三居双卧室客厅朝南视野好,700万,48825元/平,顶层 (共15层) 3室1厅 | 143.37平米 | 东南,https://s1.ljcdn.com/pegasus/redskull/images/common/default_house_list.png?_v=202410161653269
20241028,朝阳,CBD,101127093688,华贸公寓  优质必看两居室  业主诚售房主自荐,1095万,79412元/平,高楼层 (共26层) | 2005年 | 2室1厅 | 137.89平米 | 南 北,https://s1.ljcdn.com/pegasus/redskull/images/common/default_house_list.png?_v=202410161653269
20241028,朝阳,CBD,101127082938,光辉里小区大望路附近光辉里小区,380万,87498元/平,中楼层 (共18层) 1室1厅 | 43.43平米 | 东南,https://s1.ljcdn.com/pegasus/redskull/images/common/default_house_list.png?_v=202410161653269
20241028,朝阳,CBD,101127070658,双地铁口 南向4开间  采光好 满五唯一,960万,52969元/平,低楼层 (共28层) | 2000年 | 4室2厅 | 181.24平米 | 西南,https://s1.ljcdn.com/pegasus/redskull/images/common/default_house_list.png?_v=202410161653269
20241028,朝阳,CBD,101127009191,双花园 2室1厅 东,289万,56534元/平,高楼层 (共6层) 2室1厅 | 51.12平米 | 东,https://s1.ljcdn.com/pegasus/redskull/images/common/default_house_list.png?_v=202410161653269
20241028,朝阳,CBD,101126902980,建国路100号 2室1厅 东 西,360万,58834元/平,中楼层 (共14层) | 1989年 | 2室1厅 | 61.19平米 | 东 西,https://s1.ljcdn.com/pegasus/redskull/images/common/default_house_list.png?_v=202410161653269
20241028,朝阳,CBD,101126830353,光辉里小区三居室国贸与大望路附近,520万,76731元/平,中楼层 (共14层) | 1982年 | 3室1厅 | 67.77平米 | 东北,https://s1.ljcdn.com/pegasus/redskull/images/common/default_house_list.png?_v=202410161653269
20241028,朝阳,CBD,101126784981,满五唯一70年住宅 近地铁 明厨明卫一居 诚意出售,427万,68983元/平,中楼层 (共27层) 1室1厅 | 61.9平米 | 东北,https://s1.ljcdn.com/pegasus/redskull/images/common/default_house_list.png?_v=202410161653269
20241028,朝阳,CBD,101126760297,国贸商圈南郎家园小区南向两居室,310万,61914元/平,顶层 (共6层) 2室1厅 | 50.07平米 | 南,https://s1.ljcdn.com/pegasus/redskull/images/common/default_house_list.png?_v=202410161653269
20241028,朝阳,CBD,101126745641,梵悦108 1室1厅 南,1720万,160149元/平,高楼层 (共20层) 1室1厅 | 107.4平米 | 南,https://s1.ljcdn.com/pegasus/redskull/images/common/default_house_list.png?_v=202410161653269
20241028,朝阳,CBD,101126745499,梵悦108 2室2厅 西南 北,4145万,159984元/平,高楼层 (共20层) 2室2厅 | 259.09平米 | 西南 北,https://s1.ljcdn.com/pegasus/redskull/images/common/default_house_list.png?_v=202410161653269
20241028,朝阳,CBD,101126717887,万达广场公寓西区 满五年仅有契税 位置好 宽敞明亮,960万,45673元/平,中楼层 (共32层) 3室1厅 | 210.19平米 | 南 北,https://s1.ljcdn.com/pegasus/redskull/images/common/default_house_list.png?_v=202410161653269
20241028,朝阳,CBD,101126717663,国贸CBD高品质大平层南北通透户型层高3.05,1600万,83880元/平,高楼层 (共16层) | 2004年 | 3室2厅 | 190.75平米 | 南 北,https://s1.ljcdn.com/pegasus/redskull/images/common/default_house_list.png?_v=202410161653269
20241028,朝阳,CBD,101126513143,现代城 高层西向观景 满五唯一 普宅,820万,60003元/平,高楼层 (共28层) | 2000年 | 3室2厅 | 136.66平米 | 西,https://s1.ljcdn.com/pegasus/redskull/images/common/default_house_list.png?_v=202410161653269
20241028,朝阳,CBD,101126443023,蓝堡方正一居室满五唯一双向采光客厅两扇窗,560万,84173元/平,高楼层 (共21层) 1室1厅 | 66.53平米 | 东 北,https://s1.ljcdn.com/pegasus/redskull/images/common/default_house_list.png?_v=202410161653269
20241028,朝阳,CBD,101126384905,温莎大道 1室1厅 南,806万,80851元/平,低楼层 (共16层) | 2005年 | 1室1厅 | 99.69平米 | 南,https://s1.ljcdn.com/pegasus/redskull/images/common/default_house_list.png?_v=202410161653269
20241028,朝阳,CBD,101126372645,恋日国际 2室1厅 西北,450万,59540元/平,高楼层 (共25层) | 2003年 | 2室1厅 | 75.58平米 | 西北,https://s1.ljcdn.com/pegasus/redskull/images/common/default_house_list.png?_v=202410161653269
20241028,朝阳,CBD,101126186147,金地国际花园 2室2厅 南,1665万,90005元/平,底层 (共33层) | 2004年 | 2室2厅 | 184.99平米 | 南,https://s1.ljcdn.com/pegasus/redskull/images/common/default_house_list.png?_v=202410161653269
20241028,朝阳,CBD,101126176225,恋日国际  户型方正  视野开阔,290万,55514元/平,高楼层 (共25层) | 2003年 | 1室1厅 | 52.24平米 | 北,https://s1.ljcdn.com/pegasus/redskull/images/common/default_house_list.png?_v=202410161653269
20241028,朝阳,CBD,101126158204,建国路100 77.33平米 高楼层 满五唯一,395万,51080元/平,高楼层 (共14层) | 1989年 | 3室1厅 | 77.33平米 | 西北,https://s1.ljcdn.com/pegasus/redskull/images/common/default_house_list.png?_v=202410161653269
20241028,朝阳,CBD,101125881758,万科大都会 1室1厅 南,1060万,66028元/平,低楼层 (共24层) | 2010年 | 1室1厅 | 160.54平米 | 南,https://s1.ljcdn.com/pegasus/redskull/images/common/default_house_list.png?_v=202410161653269
20241028,朝阳,CBD,101125777509,SOHO现代城 2室1厅 北,550万,57400元/平,高楼层 (共36层) 2室1厅 | 95.82平米 | 北,https://s1.ljcdn.com/pegasus/redskull/images/common/default_house_list.png?_v=202410161653269
20241028,朝阳,CBD,101125372212,万达广场公寓西区 3室1厅 东 南 北,863万,38855元/平,中楼层 (共29层) 3室1厅 | 222.11平米 | 东 南 北,https://s1.ljcdn.com/pegasus/redskull/images/common/default_house_list.png?_v=202410161653269
20241028,朝阳,CBD,101125371990,万达广场公寓西区 1室1厅 北,349万,36560元/平,中楼层 (共29层) 1室1厅 | 95.46平米 | 北,https://s1.ljcdn.com/pegasus/redskull/images/common/default_house_list.png?_v=202410161653269
20241028,朝阳,CBD,101125103695,现代城东南向三居室 高楼层 视野采光好 业主诚售,996万,54883元/平,高楼层 (共28层) 3室2厅 | 181.48平米 | 东 南,https://s1.ljcdn.com/pegasus/redskull/images/common/default_house_list.png?_v=202410161653269
20241028,朝阳,CBD,101125030016,和乔丽致公寓精装东向loft 采光好 仅契税,560万,69505元/平,中楼层 (共16层) | 2004年 | 2室1厅 | 80.57平米 | 东,https://s1.ljcdn.com/pegasus/redskull/images/common/default_house_list.png?_v=202410161653269
20241028,朝阳,CBD,101124649389,建外soho西区两居室可居住有燃气,650万,47332元/平,低楼层 (共29层) 2室1厅 | 137.33平米 | 东北,https://s1.ljcdn.com/pegasus/redskull/images/common/default_house_list.png?_v=202410161653269
20241028,朝阳,CBD,101123110533,南郎家园/全新装修/金三银四/诚意出售/租售比高房主自荐,279万,66177元/平,中楼层 (共6层) 1室1厅 | 42.16平米 | 西,https://s1.ljcdn.com/pegasus/redskull/images/common/default_house_list.png?_v=202410161653269
20241028,朝阳,CBD,101122029610,国贸CBD商圈 一层复式 近地铁  高绿化社区,1600万,60112元/平,底层 (共28层) 4室2厅 | 266.17平米 | 西南,https://s1.ljcdn.com/pegasus/redskull/images/common/default_house_list.png?_v=202410161653269
