20241028,东城,和平里,101127169320,和平街十四区 新楼 1993年 南北2居 正规客厅必看好房,378万,65229元/平,高楼层 (共6层) | 1993年 | 2室1厅 | 57.95平米 | 南 北,https://ke-image.ljcdn.com/110000-inspection/pc1_5RtZX1Oz0_1.jpg!m_fill,w_280,h_210,f_jpg?from=ke.com
20241028,东城,和平里,101127028303,和平家园 2居车位充足 电梯直达 楼龄新 产权清晰必看好房,590万,84832元/平,中楼层 (共21层) | 1990年 | 2室1厅 | 69.55平米 | 西南,https://ke-image.ljcdn.com/110000-inspection/ed678091-6e36-4902-8159-594d278b47a6_1000.jpg!m_fill,w_280,h_210,f_jpg?from=ke.com
20241028,东城,和平里,101126988924,和平里东街15号院 南北通透三居室 田字格户型必看好房,968万,114965元/平,低楼层 (共6层) 3室1厅 | 84.2平米 | 南 北,https://ke-image.ljcdn.com/110000-inspection/dab2474a-c5ec-4e21-84f0-aa9467e89a09_1000.jpg!m_fill,w_280,h_210,f_jpg?from=ke.com
20241028,东城,和平里,101126931474,和平里中街3号院 高层两居视野好 业主诚意出售必看好房,765万,94949元/平,中楼层 (共20层) | 2007年 | 2室1厅 | 80.57平米 | 东南,https://ke-image.ljcdn.com/110000-inspection/e7305c1d-9025-40a1-8d8b-d78457649ac3_1000.jpg!m_fill,w_280,h_210,f_jpg?from=ke.com
20241028,东城,和平里,101126905265,和平里六区带电梯南向一居室 看房随时 诚意出售必看好房,428万,89316元/平,低楼层 (共18层) 1室1厅 | 47.92平米 | 南,https://ke-image.ljcdn.com/110000-inspection/6b00597d-4303-468f-9e38-b599a7b89aeb_1000.jpg!m_fill,w_280,h_210,f_jpg?from=ke.com
20241028,东城,和平里,101127045563,地坛北里 1室1厅 东,425万,111666元/平,中楼层 (共5层) 1室1厅 | 38.06平米 | 东,https://ke-image.ljcdn.com/110000-inspection/556ebea4-5e82-4a9f-9f38-f6c141907fc6_1000.jpg!m_fill,w_280,h_210,f_jpg?from=ke.com
20241028,东城,和平里,101127034124,此房小区中间位置 前后不临街低楼层必看好房,720万,115682元/平,底层 (共5层) 3室1厅 | 62.24平米 | 南 西 北,https://ke-image.ljcdn.com/110000-inspection/2da20186-9999-46b3-87eb-fc094280ce89_1000.jpg!m_fill,w_280,h_210,f_jpg?from=ke.com
20241028,东城,和平里,101126965361,和平街十区 3室1厅 南 北,715万,65754元/平,中楼层 (共4层) 3室1厅 | 108.74平米 | 南 北,https://ke-image.ljcdn.com/110000-inspection/b0ef64b0-6685-4fbb-85eb-213cfe15e371_1000.jpg!m_fill,w_280,h_210,f_jpg?from=ke.com
20241028,东城,和平里,101126888101,满五年 东向一居室 正对操场 视野、通风好必看好房,500万,120135元/平,底层 (共6层) 1室1厅 | 41.62平米 | 东,https://ke-image.ljcdn.com/110000-inspection/4f7a6ed1-4311-4d5e-93d5-cdd60d34af9d_1000.jpg!m_fill,w_280,h_210,f_jpg?from=ke.com
20241028,东城,和平里,101126865373,和平家园+精装南向两居室+停车方便,470万,72677元/平,中楼层 (共16层) | 1980年 | 2室1厅 | 64.67平米 | 南 西南,https://ke-image.ljcdn.com/110000-inspection/e00ee331-1a52-4cb8-9704-dd363537a25f_1000.jpg!m_fill,w_280,h_210,f_jpg?from=ke.com
20241028,东城,和平里,101126838588,和平街西苑1997年楼龄带电梯南向一居室必看好房,265万,64290元/平,中楼层 (共20层) | 1997年 | 1室1厅 | 41.22平米 | 南,https://ke-image.ljcdn.com/110000-inspection/1ab86d55-117c-4c80-a37b-be750479bc3c_1000.jpg!m_fill,w_280,h_210,f_jpg?from=ke.com
20241028,东城,和平里,101126794779,和平里七区 满五年唯一 南北通透 田字格户型3居必看好房,699万,96614元/平,顶层 (共5层) 3室1厅 | 72.35平米 | 南 北,https://ke-image.ljcdn.com/110000-inspection/0a81e7c1-0867-4196-841f-795f51bf01a9_1000.jpg!m_fill,w_280,h_210,f_jpg?from=ke.com
20241028,东城,和平里,101126684950,12和13号线光熙门地铁口中间层电梯两居室,528万,62133元/平,中楼层 (共18层) | 1997年 | 2室1厅 | 84.98平米 | 西南 西,https://ke-image.ljcdn.com/110000-inspection/pc1_iH0fhOOqZ_1.jpg!m_fill,w_280,h_210,f_jpg?from=ke.com
20241028,东城,和平里,101126638614,满五年民航分房98年电梯直达5号线西桥站旁必看好房,798万,78083元/平,高楼层 (共21层) 3室1厅 | 102.2平米 | 北,https://ke-image.ljcdn.com/110000-inspection/16227b4b-d238-4a41-a72e-204f06a880a3_1000.jpg!m_fill,w_280,h_210,f_jpg?from=ke.com
20241028,东城,和平里,101126637102,和平街十四区-1993年楼龄-明厨明卫两居室房主自荐,399万,69792元/平,中楼层 (共6层) | 1993年 | 2室1厅 | 57.17平米 | 西南,https://ke-image.ljcdn.com/110000-inspection/a1a177ba-fd85-4609-8392-3fca941e2802_1000.jpg!m_fill,w_280,h_210,f_jpg?from=ke.com
20241028,东城,和平里,101126589357,建研院产权清晰温馨两居室诚意出售必看好房,549万,90910元/平,低楼层 (共6层) 2室1厅 | 60.39平米 | 东 南 北,https://ke-image.ljcdn.com/110000-inspection/18d4a580-2a95-47c6-a278-b0ae51f39aee_1000.jpg!m_fill,w_280,h_210,f_jpg?from=ke.com
20241028,东城,和平里,101126510797,和平里六区 朝南两居室 管理好,830万,116590元/平,低楼层 (共17层) 2室1厅 | 71.19平米 | 南,https://ke-image.ljcdn.com/110000-inspection/b0f9def9-9934-4617-9b52-afec8dc23c89_1000.jpg!m_fill,w_280,h_210,f_jpg?from=ke.com
20241028,东城,和平里,101126496700,和平里三区满五年中间楼层一居室必看好房,456万,112399元/平,中楼层 (共6层) 1室1厅 | 40.57平米 | 南,https://ke-image.ljcdn.com/110000-inspection/604145b0-f214-4bc5-9740-b3cd9bfe639c_1000.jpg!m_fill,w_280,h_210,f_jpg?from=ke.com
20241028,东城,和平里,101126372922,双南 楼层好 视野开阔采光充足 配套齐,479万,95762元/平,底层 (共6层) | 1982年 | 2室1厅 | 50.02平米 | 南,https://ke-image.ljcdn.com/110000-inspection/pc1_bM8RVoWLS_1.jpg!m_fill,w_280,h_210,f_jpg?from=ke.com
20241028,东城,和平里,101126369018,东城区 青年沟 南北通透一居室 满五唯一 中间层必看好房,480万,108795元/平,底层 (共6层) 1室1厅 | 44.12平米 | 南 北,https://ke-image.ljcdn.com/110000-inspection/d838e9a0-02c8-4538-bf47-473c71eacc03_1000.jpg!m_fill,w_280,h_210,f_jpg?from=ke.com
20241028,东城,和平里,101126365547,和平里2000年部委家属院南北通透三室带厅诚售房主自荐,1080万,102721元/平,中楼层 (共7层) 3室1厅 | 105.14平米 | 南 北,https://ke-image.ljcdn.com/110000-inspection/b0e40370-6822-4abf-acc3-ebe274705907_1000.jpg!m_fill,w_280,h_210,f_jpg?from=ke.com
20241028,东城,和平里,101126352882,北三环内 精装修两室一厅 落地窗户 满五年唯一房主自荐,408万,59711元/平,底层 (共12层) | 1979年 | 2室1厅 | 68.33平米 | 南 北,https://ke-image.ljcdn.com/110000-inspection/093ed68d-fd2d-42cb-81a2-11500fed2f0c_1000.jpg!m_fill,w_280,h_210,f_jpg?from=ke.com
20241028,东城,和平里,101126331855,和平里 南北通透3居室 中间楼层 1981年楼龄必看好房,520万,75549元/平,中楼层 (共4层) | 1982年 | 3室1厅 | 68.83平米 | 南 北,https://ke-image.ljcdn.com/110000-inspection/7b979cd8-7b50-4b06-92f6-5c228a076689_1000.jpg!m_fill,w_280,h_210,f_jpg?from=ke.com
20241028,东城,和平里,101126265649,和平里东街9号院航天部 南向三居室 满五年唯一必看好房,1116万,118800元/平,高楼层 (共16层) 3室1厅 | 93.94平米 | 南,https://ke-image.ljcdn.com/110000-inspection/pc1_B94U5wn4u_1.jpg!m_fill,w_280,h_210,f_jpg?from=ke.com
20241028,东城,和平里,101126212501,1996年板楼社区前后不临街闹中取静,459万,112006元/平,高楼层 (共6层) 1室1厅 | 40.98平米 | 西南,https://ke-image.ljcdn.com/110000-inspection/262947ee-cd35-48e3-a9aa-b6d00e33d21b_1000.jpg!m_fill,w_280,h_210,f_jpg?from=ke.com
20241028,东城,和平里,101126150649,东城和平里民旺园小两居出售精装修中间楼层,520万,127389元/平,中楼层 (共5层) 2室1厅 | 40.82平米 | 东 西,https://ke-image.ljcdn.com/110000-inspection/d4294faf-8546-4d85-b9dd-fd8f84d6e20e_1000.jpg!m_fill,w_280,h_210,f_jpg?from=ke.com
20241028,东城,和平里,101126114932,本房南北通透四居中间楼层楼林新视野采光必看好房,830万,76315元/平,中楼层 (共6层) 4室1厅 | 108.76平米 | 南 北,https://ke-image.ljcdn.com/110000-inspection/d28ed550-3733-44ec-b762-788691234fe5_1000.jpg!m_fill,w_280,h_210,f_jpg?from=ke.com
20241028,东城,和平里,101126111811,和平街西苑靠近三环交通便利周围设施齐全。必看好房,530万,63111元/平,高楼层 (共18层) 2室2厅 | 83.98平米 | 北 东北,https://ke-image.ljcdn.com/110000-inspection/fba76efb-9367-453f-83e8-eed70cbe622d_1000.jpg!m_fill,w_280,h_210,f_jpg?from=ke.com
20241028,东城,和平里,101126001018,和平里和平街十二区1998年化工部带大客厅南北通透必看好房,685万,74938元/平,中楼层 (共14层) 3室2厅 | 91.41平米 | 南 北,https://ke-image.ljcdn.com/110000-inspection/fa33d8b2-6340-4208-9843-e20d786b7ced_1000.jpg!m_fill,w_280,h_210,f_jpg?from=ke.com
20241028,东城,和平里,101126000982,和平街十三区双南两居室电梯直达煤科院央产随时签约必看好房,450万,69941元/平,中楼层 (共14层) | 1983年 | 2室1厅 | 64.34平米 | 南 北,https://ke-image.ljcdn.com/110000-inspection/22e4089f-b2ef-4d3f-8180-7397634d1d49_1000.jpg!m_fill,w_280,h_210,f_jpg?from=ke.com
20241028,东城,和平里,101125920591,和平街十一区 电梯直达 带正规客厅 进地铁 诚心售必看好房,575万,82675元/平,中楼层 (共21层) | 1990年 | 2室1厅 | 69.55平米 | 西南,https://ke-image.ljcdn.com/110000-inspection/10d6c091-5b17-402f-a408-8b03333abfc8_1000.jpg!m_fill,w_280,h_210,f_jpg?from=ke.com
20241028,东城,和平里,101125851158,和平街十一区 南北通透精装两居 临近地铁必看好房,450万,65550元/平,顶层 (共4层) 2室1厅 | 68.65平米 | 南 北,https://ke-image.ljcdn.com/110000-inspection/e8c96eaf-10f6-42a7-9bc8-10aa695915a4_1000.jpg!m_fill,w_280,h_210,f_jpg?from=ke.com
20241028,东城,和平里,101125838878,安外花园 2室1厅 南必看好房,495万,100244元/平,中楼层 (共5层) 2室1厅 | 49.38平米 | 南,https://ke-image.ljcdn.com/110000-inspection/1328e5b2-9f62-441c-9cda-b3ce0536cd13_1000.jpg!m_fill,w_280,h_210,f_jpg?from=ke.com
20241028,东城,和平里,101125732777,东城区和平里民旺园三居室出售格局方正采光好必看好房,589万,101605元/平,顶层 (共5层) 3室1厅 | 57.97平米 | 南 北,https://ke-image.ljcdn.com/110000-inspection/88f2191e-b2cd-4af5-8140-0bf8b57c12f3_1000.jpg!m_fill,w_280,h_210,f_jpg?from=ke.com
20241028,东城,和平里,101125705312,和平街十一区 家园小区 南北通透两居 停车方便必看好房,355万,59049元/平,顶层 (共6层) | 1979年 | 2室1厅 | 60.12平米 | 南 北,https://ke-image.ljcdn.com/110000-inspection/pc1_RiSwqVzeD_1.jpg!m_fill,w_280,h_210,f_jpg?from=ke.com
20241028,东城,和平里,101125637762,煤科院楼龄新管理好不临街无遮挡满五唯一必看好房,699万,76194元/平,低楼层 (共21层) | 1998年 | 3室1厅 | 91.74平米 | 东南,https://ke-image.ljcdn.com/110000-inspection/71a55b7f-750c-4cff-82ca-178a7f86bd5e_1000.jpg!m_fill,w_280,h_210,f_jpg?from=ke.com
20241028,东城,和平里,101125634862,光熙门和平街十五区满五年卫生部家属楼必看好房,315万,66908元/平,高楼层 (共18层) | 1995年 | 1室1厅 | 47.08平米 | 南,https://ke-image.ljcdn.com/110000-inspection/f063bbd4-f6fe-4fdf-a44d-0ea5708fe5f5_1000.jpg!m_fill,w_280,h_210,f_jpg?from=ke.com
20241028,东城,和平里,101125610831,民旺园高层电梯房观景二环内航天部央产小两居必看好房,656万,103032元/平,高楼层 (共16层) 2室1厅 | 63.67平米 | 南,https://ke-image.ljcdn.com/110000-inspection/pc1_wBOvvukRo_1.jpg!m_fill,w_280,h_210,f_jpg?from=ke.com
20241028,东城,和平里,101125508195,和平里东街10号院交通部的家属楼满五唯一诚意卖房主自荐,1898万,143582元/平,中楼层 (共14层) 3室1厅 | 132.19平米 | 南 北,https://ke-image.ljcdn.com/110000-inspection/47d4013f-f700-4e22-940e-2d5f43722ab2_1000.jpg!m_fill,w_280,h_210,f_jpg?from=ke.com
20241028,东城,和平里,101125495143,楼龄新1999年中间楼层带正规客厅必看好房,520万,73812元/平,高楼层 (共6层) 2室1厅 | 70.45平米 | 南 北,https://ke-image.ljcdn.com/110000-inspection/4437e9c5-53ac-421c-925a-41b883f719c6_1000.jpg!m_fill,w_280,h_210,f_jpg?from=ke.com
20241028,东城,和平里,101125493918,和平里地铁沿线、电梯洋房小区林调社区南北向三居室必看好房,760万,133850元/平,顶层 (共5层) 3室1厅 | 56.78平米 | 南 北,https://ke-image.ljcdn.com/110000-inspection/6b3e4d7f-5de2-49d8-a82d-33f123a067bf_1000.jpg!m_fill,w_280,h_210,f_jpg?from=ke.com
20241028,东城,和平里,101125467338,和平街十五区此房满五年央产房高层观景房必看好房,680万,82675元/平,高楼层 (共18层) | 1995年 | 3室1厅 | 82.25平米 | 南 北,https://ke-image.ljcdn.com/110000-inspection/6c94a2a3-61df-4a54-b938-3f00cdcee667_1000.jpg!m_fill,w_280,h_210,f_jpg?from=ke.com
20241028,东城,和平里,101125386724,和平街十一区 南北通透两居室 带客厅必看好房,376万,62542元/平,高楼层 (共6层) | 1979年 | 2室1厅 | 60.12平米 | 南 北,https://ke-image.ljcdn.com/110000-inspection/13ad44a0-8d87-4edb-b427-88da9d9ba7bf_1000.jpg!m_fill,w_280,h_210,f_jpg?from=ke.com
20241028,东城,和平里,101125271431,煤科院小区南向带客厅管理好看房方便诚心卖必看好房,280万,59047元/平,底层 (共16层) 1室1厅 | 47.42平米 | 南,https://ke-image.ljcdn.com/110000-inspection/ebf69787-1f57-4630-8f36-d628cdd9fc1b_1000.jpg!m_fill,w_280,h_210,f_jpg?from=ke.com
20241028,东城,和平里,101125264360,13号线柳芳平改坡满五年唯一带客厅,360万,58215元/平,顶层 (共6层) | 1998年 | 2室1厅 | 61.84平米 | 东 西,https://ke-image.ljcdn.com/110000-inspection/pc1_R8WTA7j8b_1.jpg!m_fill,w_280,h_210,f_jpg?from=ke.com
20241028,东城,和平里,101125243922,此房南北通透满五年唯一商品房通风采光好必看好房,379万,62418元/平,中楼层 (共6层) | 1985年 | 2室1厅 | 60.72平米 | 南 北,https://ke-image.ljcdn.com/110000-inspection/82ffab5a-8e5c-4d75-a1dc-90e8c666576f_1000.jpg!m_fill,w_280,h_210,f_jpg?from=ke.com
20241028,东城,和平里,101125205950,东城区和平里三区双南两居室！！！必看好房,640万,113175元/平,底层 (共6层) 2室1厅 | 56.55平米 | 南,https://ke-image.ljcdn.com/110000-inspection/3bdac16a-0ae3-4305-9336-b4245dcbeade_1000.jpg!m_fill,w_280,h_210,f_jpg?from=ke.com
20241028,东城,和平里,101125200281,1996年楼龄和一范围有钥匙放户优选必看好房,446万,109934元/平,高楼层 (共6层) 1室1厅 | 40.57平米 | 东南,https://ke-image.ljcdn.com/110000-inspection/61f8fd64-6121-4ed7-b055-dfa5861ab4ae_1000.jpg!m_fill,w_280,h_210,f_jpg?from=ke.com
20241028,东城,和平里,101125191051,北二环99年电梯房双卫三居室电梯直达有无障碍通道,1090万,78769元/平,中楼层 (共23层) 3室1厅 | 138.38平米 | 南,https://ke-image.ljcdn.com/110000-inspection/eb341643-7213-4762-be70-fb86a006ff64_1000.jpg!m_fill,w_280,h_210,f_jpg?from=ke.com
20241028,东城,和平里,101125137794,和平家园和平街八区南向两居室精装修中间楼层车位充足,292万,69409元/平,中楼层 (共6层) 2室1厅 | 42.07平米 | 南,https://ke-image.ljcdn.com/110000-inspection/b0f585b7-cde6-4426-977a-fa8cf5bd0543_1000.jpg!m_fill,w_280,h_210,f_jpg?from=ke.com
20241028,东城,和平里,101124860079,和平街十四区精装不临街小区中间位置满五唯一必看好房,398万,65033元/平,中楼层 (共5层) 2室1厅 | 61.2平米 | 南,https://ke-image.ljcdn.com/110000-inspection/0f94f8cd-9501-47d8-8b05-636de21eb26f_1000.jpg!m_fill,w_280,h_210,f_jpg?from=ke.com
20241028,东城,和平里,101124855230,地坛北里 双南向 诚意出售 精装修 看房方便必看好房,550万,88283元/平,顶层 (共5层) 2室1厅 | 62.3平米 | 南,https://ke-image.ljcdn.com/110000-inspection/9e619369-a879-4671-a36e-4d43d0ef109a_1000.jpg!m_fill,w_280,h_210,f_jpg?from=ke.com
20241028,东城,和平里,101124780313,和平里和平街十二区满五唯一化工部央产三居室南北通透必看好房,435万,63905元/平,中楼层 (共14层) | 1979年 | 3室1厅 | 68.07平米 | 南 北,https://ke-image.ljcdn.com/110000-inspection/68ed2887-a653-44f5-864f-3580db41107a_1000.jpg!m_fill,w_280,h_210,f_jpg?from=ke.com
20241028,东城,和平里,101124703319,满五年 采光视野好 楼龄新 三环内,332万,70519元/平,高楼层 (共18层) 1室1厅 | 47.08平米 | 南,https://ke-image.ljcdn.com/110000-inspection/72e3e433-7d63-46e5-8027-2409dd615edc_1000.jpg!m_fill,w_280,h_210,f_jpg?from=ke.com
20241028,东城,和平里,101124690779,兴化西里 05年社区 东西通透 中间楼层,760万,98331元/平,中楼层 (共6层) 2室2厅 | 77.29平米 | 东 西,https://ke-image.ljcdn.com/110000-inspection/769e04f4-07d0-481a-b3d3-403cd0f07de4_1000.jpg!m_fill,w_280,h_210,f_jpg?from=ke.com
20241028,东城,和平里,101124688125,和平街十四区-低楼层-两室一厅-满五唯一必看好房,389万,74166元/平,底层 (共6层) | 1993年 | 2室1厅 | 52.45平米 | 南 北,https://ke-image.ljcdn.com/110000-inspection/pc1_kOBeh4tV0_1.jpg!m_fill,w_280,h_210,f_jpg?from=ke.com
20241028,东城,和平里,101124191077,北三环内1998年的板楼两居室带客厅中间层满五年必看好房,505万,75160元/平,中楼层 (共6层) 2室1厅 | 67.19平米 | 南 北,https://ke-image.ljcdn.com/110000-inspection/pc1_idOlIqyFu_1.jpg!m_fill,w_280,h_210,f_jpg?from=ke.com
20241028,东城,和平里,101124088559,东城区东南向中间层三室一厅2005年楼龄,895万,96799元/平,中楼层 (共6层) 3室1厅 | 92.46平米 | 东 南 北,https://ke-image.ljcdn.com/110000-inspection/ec9e088b-afbf-466e-9693-a4b01848ac71_1000.jpg!m_fill,w_280,h_210,f_jpg?from=ke.com
20241028,东城,和平里,101123913623,东土城路7号院东西向采光亮堂楼龄新交通便捷,299万,68531元/平,中楼层 (共16层) | 1993年 | 1室1厅 | 43.63平米 | 东,https://ke-image.ljcdn.com/110000-inspection/f6a0e9ec-ca33-4389-bc46-3f286b719a04_1000.jpg!m_fill,w_280,h_210,f_jpg?from=ke.com
20241028,东城,和平里,101123611573,和平街十一区 南北三居室 中间楼层 有电梯必看好房,638万,74980元/平,中楼层 (共14层) 3室1厅 | 85.09平米 | 南 北,https://ke-image.ljcdn.com/110000-inspection/8dcb1285-49a9-45bf-9299-ec63c2231126_1000.jpg!m_fill,w_280,h_210,f_jpg?from=ke.com
20241028,东城,和平里,101123574796,民旺园十九号院 两室大客厅双卫 定制装修必看好房,899万,86609元/平,高楼层 (共7层) 2室1厅 | 103.8平米 | 南 西 北,https://ke-image.ljcdn.com/110000-inspection/50b2d917-d2df-47c8-b07d-ba7e04c431c6_1000.jpg!m_fill,w_280,h_210,f_jpg?from=ke.com
20241028,东城,和平里,101123161328,砖角楼北里 低楼层 全明格局3居室 南北通透,642万,79871元/平,中楼层 (共5层) 3室1厅 | 80.38平米 | 南 北,https://ke-image.ljcdn.com/110000-inspection/ec3b7ff8-c3d4-4b07-890b-b6e8a40a212a_1000.jpg!m_fill,w_280,h_210,f_jpg?from=ke.com
20241028,东城,和平里,101123115579,和平街十四区南北通透两居室带客厅,198万,39824元/平,地下室 (共6层) | 1993年 | 2室1厅 | 49.72平米 | 南 北,https://ke-image.ljcdn.com/110000-inspection/eb0e30b5-9421-4a53-8291-8919907926b7_1000.jpg!m_fill,w_280,h_210,f_jpg?from=ke.com
20241028,东城,和平里,101122672565,地坛北里 双南向中间层 供暖好必看好房,599万,112573元/平,中楼层 (共5层) 2室1厅 | 53.21平米 | 南,https://ke-image.ljcdn.com/110000-inspection/37d4814e-eb6a-4224-bf71-709d7c18bc45_1000.jpg!m_fill,w_280,h_210,f_jpg?from=ke.com
20241028,东城,和平里,101120351453,化工大院  低楼层  不临街  户型好,838万,119629元/平,底层 (共4层) 3室1厅 | 70.05平米 | 南 北,https://ke-image.ljcdn.com/110000-inspection/0c4012cd-231f-49e0-b07c-3ceff39f7372_1000.jpg!m_fill,w_280,h_210,f_jpg?from=ke.com
20241028,东城,和平里,101127227979,地坛北里 南北全明两居 中间层精装修 挨地铁公园必看好房,648万,111169元/平,中楼层 (共5层) 2室1厅 | 58.29平米 | 南 北,https://ke-image.ljcdn.com/110000-inspection/95ae1293-48de-45c5-aa98-5bbd31134169_1000.jpg!m_fill,w_280,h_210,f_jpg?from=ke.com
20241028,东城,和平里,101127188250,东城区 民旺园 中间层 安静不临街 满五年唯一必看好房,580万,104430元/平,中楼层 (共6层) 2室1厅 | 55.54平米 | 东 西,https://ke-image.ljcdn.com/110000-inspection/8858276a-2c2f-46cf-a888-b8deed22f732_1000.jpg!m_fill,w_280,h_210,f_jpg?from=ke.com
20241028,东城,和平里,101127126635,和平里一区 2室1厅 南必看好房,465万,115356元/平,中楼层 (共5层) 2室1厅 | 40.31平米 | 南,https://ke-image.ljcdn.com/110000-inspection/e323122b-d17c-4b21-b1ca-2481150671f6_1000.jpg!m_fill,w_280,h_210,f_jpg?from=ke.com
20241028,东城,和平里,101127117097,和平街十二区 2室1厅 东 西 北,308万,56629元/平,中楼层 (共4层) | 1959年 | 2室1厅 | 54.39平米 | 东 西 北,https://ke-image.ljcdn.com/110000-inspection/pc1_rp040Vhiy.jpg!m_fill,w_280,h_210,f_jpg?from=ke.com
20241028,东城,和平里,101126752605,民旺园 1室1厅 南,499万,105945元/平,顶层 (共6层) 1室1厅 | 47.1平米 | 南,https://ke-image.ljcdn.com/110000-inspection/0910235b-b6d7-4b56-92b3-ba26d9399a5c_1000.jpg!m_fill,w_280,h_210,f_jpg?from=ke.com
20241028,东城,和平里,101126660613,柏林寺西优质南北通透三层两居。必看好房,718万,118326元/平,中楼层 (共6层) 2室1厅 | 60.68平米 | 南 北,https://ke-image.ljcdn.com/110000-inspection/1a842f36-2448-4f7e-bd95-ea3ed758a72d_1000.jpg!m_fill,w_280,h_210,f_jpg?from=ke.com
20241028,东城,和平里,101126547575,东城区 和平里兴化西里 两居带厅 2005年建成必看好房,690万,93319元/平,中楼层 (共6层) 2室1厅 | 73.94平米 | 东 西,https://ke-image.ljcdn.com/110000-inspection/5755fb72-1643-4873-b34a-78e799e3c8d9_1000.jpg!m_fill,w_280,h_210,f_jpg?from=ke.com
20241028,东城,和平里,101126380386,和平街十四区正规两室一厅诚意出售随时可看。必看好房,359万,71529元/平,底层 (共6层) 2室1厅 | 50.19平米 | 南 北,https://ke-image.ljcdn.com/110000-inspection/pc1_eVznafQqz.jpg!m_fill,w_280,h_210,f_jpg?from=ke.com
20241028,东城,和平里,101126294678,柏林寺西 两居室 方正无浪费 随时可看必看好房,550万,105223元/平,底层 (共6层) 2室1厅 | 52.27平米 | 东,https://ke-image.ljcdn.com/110000-inspection/9a23b25b-7bdb-4375-9f1b-fe484bd42ebb_1000.jpg!m_fill,w_280,h_210,f_jpg?from=ke.com
20241028,东城,和平里,101126249429,护城河畔 全明格局 南北通透 精致三居室,1750万,97434元/平,低楼层 (共16层) 3室1厅 | 179.61平米 | 南 北,https://ke-image.ljcdn.com/110000-inspection/cd246401-c082-48ff-8039-685bc67cde6e_1000.jpg!m_fill,w_280,h_210,f_jpg?from=ke.com
20241028,东城,和平里,101126212842,砖角楼南里 2室1厅 南,280万,74114元/平,底层 (共6层) 2室1厅 | 37.78平米 | 南,https://ke-image.ljcdn.com/110000-inspection/dd6cbe61-432d-4329-a190-fb02018fd8a8_1000.jpg!m_fill,w_280,h_210,f_jpg?from=ke.com
20241028,东城,和平里,101126197143,和平里四区南北田字格三居  满五年唯一  随时签约房主自荐,850万,116026元/平,底层 (共6层) 3室1厅 | 73.26平米 | 南 北,https://ke-image.ljcdn.com/110000-inspection/4f1046d2-69c7-48cb-a4fd-dde60063ffea_1000.jpg!m_fill,w_280,h_210,f_jpg?from=ke.com
20241028,东城,和平里,101126137773,和平里一区 3室1厅 南 北必看好房,698万,101043元/平,中楼层 (共11层) 3室1厅 | 69.08平米 | 南 北,https://ke-image.ljcdn.com/110000-inspection/8c06c9b9-aa46-4bf0-b980-6276114da9f6_1000.jpg!m_fill,w_280,h_210,f_jpg?from=ke.com
20241028,东城,和平里,101126130900,和平家园 朝南一居室 电梯直达 停车方便 近地铁,298万,67452元/平,顶层 (共14层) 1室1厅 | 44.18平米 | 南,https://ke-image.ljcdn.com/110000-inspection/23a0a1eb-1ccd-4fc5-b59f-6e6c5036c399_1000.jpg!m_fill,w_280,h_210,f_jpg?from=ke.com
20241028,东城,和平里,101126099530,东城民旺园 楼龄新 大客厅 满五唯一 中间层 随时必看好房,718万,110820元/平,高楼层 (共6层) 2室1厅 | 64.79平米 | 南 北,https://ke-image.ljcdn.com/110000-inspection/pc1_xgYsUHW7M.jpg!m_fill,w_280,h_210,f_jpg?from=ke.com
20241028,东城,和平里,101125917596,雍和家园一期 电梯直达 东南向 观景 视野好,1155万,104017元/平,高楼层 (共16层) 2室1厅 | 111.04平米 | 东 南,https://ke-image.ljcdn.com/110000-inspection/ab85bb82-6537-4227-838d-ab95d8f86dcc_1000.jpg!m_fill,w_280,h_210,f_jpg?from=ke.com
20241028,东城,和平里,101125884025,二环护城河边独立园区全院改造必看好房,520万,68784元/平,中楼层 (共22层) 3室1厅 | 75.6平米 | 南 北,https://ke-image.ljcdn.com/110000-inspection/9fedd340-70a4-4f5c-b739-aa1fe9c4040e_1000.jpg!m_fill,w_280,h_210,f_jpg?from=ke.com
20241028,东城,和平里,101125770050,三环里 和平街十二区 南院 南北通透双阳台 两居室必看好房,353万,55226元/平,顶层 (共6层) 2室1厅 | 63.92平米 | 南 北,https://ke-image.ljcdn.com/110000-inspection/1fa2f8dd-79dc-422b-9620-b19e659205aa_1000.jpg!m_fill,w_280,h_210,f_jpg?from=ke.com
20241028,东城,和平里,101125547056,和平街十四区全明南北通透两居室必看好房,334万,59868元/平,高楼层 (共6层) 2室1厅 | 55.79平米 | 南 北,https://ke-image.ljcdn.com/110000-inspection/00c1d2eb-0e7f-4f3c-bb10-fa3e482bcae8_1000.jpg!m_fill,w_280,h_210,f_jpg?from=ke.com
20241028,东城,和平里,101125420229,和平里五区 2室1厅 南 北必看好房,560万,101597元/平,底层 (共6层) 2室1厅 | 55.12平米 | 南 北,https://ke-image.ljcdn.com/110000-inspection/c9fa0d24-89cd-4f4d-960a-d878c35660ee_1000.jpg!m_fill,w_280,h_210,f_jpg?from=ke.com
20241028,东城,和平里,101125285905,北二环南北三居室 南看护城河 北观地坛公园 无遮挡,2080万,115891元/平,高楼层 (共16层) | 2001年 | 3室1厅 | 179.48平米 | 南 北,https://ke-image.ljcdn.com/110000-inspection/f30f7ac8-3928-41ed-ac76-a9c0aa2d7345_1000.jpg!m_fill,w_280,h_210,f_jpg?from=ke.com
20241028,东城,和平里,101125170667,和平里砖角楼南里南北通透电梯直达二环边阳光明媚,690万,78179元/平,中楼层 (共16层) 3室1厅 | 88.26平米 | 南 北,https://ke-image.ljcdn.com/110000-inspection/513553ef-4550-4b4c-b7b7-5e4265e82f22_1000.jpg!m_fill,w_280,h_210,f_jpg?from=ke.com
20241028,东城,和平里,101124953505,林调社区南北通透全明格局三居室满五年央产房必看好房,1030万,123162元/平,低楼层 (共13层) | 1991年 | 3室1厅 | 83.63平米 | 东南 北,https://ke-image.ljcdn.com/110000-inspection/pc1_CZiFGkvco.jpg!m_fill,w_280,h_210,f_jpg?from=ke.com
20241028,东城,和平里,101124821303,建研院  双南向中间层2居室 小区环境好 有车位必看好房,480万,95962元/平,中楼层 (共6层) | 1982年 | 2室1厅 | 50.02平米 | 南 北,https://ke-image.ljcdn.com/110000-inspection/pc1_FoDfugkWf.jpg!m_fill,w_280,h_210,f_jpg?from=ke.com
20241028,东城,和平里,101124796582,和平街十四区满五年低楼层看房方便必看好房,346万,61775元/平,中楼层 (共5层) 3室1厅 | 56.01平米 | 东 西 北,https://ke-image.ljcdn.com/110000-inspection/pc1_VjrSbpl2Q.jpg!m_fill,w_280,h_210,f_jpg?from=ke.com
20241028,东城,和平里,101124780840,东城区 低楼层两居室 南北通透 适合老人带孩子必看好房,555万,108145元/平,底层 (共5层) 2室1厅 | 51.32平米 | 南 北,https://ke-image.ljcdn.com/110000-inspection/1d408a10-7cc4-4aa9-a6b9-1c1b90058b5c_1000.jpg!m_fill,w_280,h_210,f_jpg?from=ke.com
20241028,东城,和平里,101124547426,东西通透挂北窗三居室带厅中间楼层无遮挡必看好房,508万,59416元/平,中楼层 (共14层) 3室1厅 | 85.5平米 | 东 西 北,https://ke-image.ljcdn.com/110000-inspection/6bb5d64c-8d40-43b7-8472-d43adc15fbba_1000.jpg!m_fill,w_280,h_210,f_jpg?from=ke.com
20241028,东城,和平里,101123792058,满五年唯一东城教育局单位分房,580万,99743元/平,中楼层 (共6层) 2室1厅 | 58.15平米 | 东 西,https://ke-image.ljcdn.com/110000-inspection/392a4bfc-83be-4aa0-8796-ab3a3f880e09_1000.jpg!m_fill,w_280,h_210,f_jpg?from=ke.com
20241028,东城,和平里,101123210566,和平里南向正规一居室 十五区楼龄新近地铁,276万,58624元/平,低楼层 (共18层) 1室1厅 | 47.08平米 | 南,https://ke-image.ljcdn.com/110000-inspection/8ef96144-a158-45d7-bcba-0bcf3acf6938_1000.jpg!m_fill,w_280,h_210,f_jpg?from=ke.com
20241028,东城,和平里,101123028570,和平街十二区 2室1厅 东南必看好房,365万,70328元/平,中楼层 (共5层) | 1970年 | 2室1厅 | 51.9平米 | 东南,https://ke-image.ljcdn.com/110000-inspection/pc1_iKsfUe2U6.jpg!m_fill,w_280,h_210,f_jpg?from=ke.com
20241028,东城,和平里,101122584207,和平里六区满五年央产房随时看房,1650万,115628元/平,中楼层 (共14层) 4室1厅 | 142.7平米 | 南 北,https://ke-image.ljcdn.com/110000-inspection/4974f7f4-1f3d-4102-ba0d-4bc3d280b9ba_1000.jpg!m_fill,w_280,h_210,f_jpg?from=ke.com
20241028,东城,和平里,101122502243,精装两居室 采光好 中间楼层 诚心出售 满五年房主自荐,1450万,132566元/平,中楼层 (共19层) 2室1厅 | 109.38平米 | 南 东,https://ke-image.ljcdn.com/110000-inspection/47136a62-d155-41b5-b0f8-ec736d49bef1_1000.jpg!m_fill,w_280,h_210,f_jpg?from=ke.com
20241028,东城,和平里,101127204831,煤炭科技院 单独管理 十三区板楼整体改过新上,718万,83363元/平,底层 (共14层) 2室1厅 | 86.13平米 | 东 南 西,https://ke-image.ljcdn.com/110000-inspection/d5a4cf8c-98d2-4baf-b0a1-7ae3c11a5f80_1000.jpg!m_fill,w_280,h_210,f_jpg?from=ke.com
20241028,东城,和平里,101127193600,和平里七区 2室1厅 南 北新上,580万,108290元/平,底层 (共6层) 2室1厅 | 53.56平米 | 南 北,https://ke-image.ljcdn.com/110000-inspection/34f78714-194c-49c3-890f-29f8a92a16b0_1000.jpg!m_fill,w_280,h_210,f_jpg?from=ke.com
20241028,东城,和平里,101127193387,化工大院 1室1厅 南新上,560万,119710元/平,中楼层 (共7层) 1室1厅 | 46.78平米 | 南,https://ke-image.ljcdn.com/110000-inspection/7cdd99d1-7e0d-4b26-a3d3-cf5bf37d8b5e_1000.jpg!m_fill,w_280,h_210,f_jpg?from=ke.com
20241028,东城,和平里,101127193327,和平街十一区 2室1厅 南 北新上,575万,85770元/平,高楼层 (共6层) 2室1厅 | 67.04平米 | 南 北,https://ke-image.ljcdn.com/110000-inspection/c8f9f655-c42a-4926-8d4d-09ef5d207df0_1000.jpg!m_fill,w_280,h_210,f_jpg?from=ke.com
20241028,东城,和平里,101127183773,化工大院 2室1厅 南 北新上,710万,104015元/平,顶层 (共5层) 2室1厅 | 68.26平米 | 南 北,https://ke-image.ljcdn.com/110000-inspection/a07bd832-9f59-4a65-ad55-7d99f6f97c8b_1000.jpg!m_fill,w_280,h_210,f_jpg?from=ke.com
20241028,东城,和平里,101127176207,和平里东街9号院 3室1厅 南新上,1045万,130528元/平,中楼层 (共16层) 3室1厅 | 80.06平米 | 南,https://ke-image.ljcdn.com/110000-inspection/pc1_lADdv4ryi_1.jpg!m_fill,w_280,h_210,f_jpg?from=ke.com
20241028,东城,和平里,101127168031,和平街十四区高楼层两居室带一个小客厅新上,320万,66932元/平,中楼层 (共5层) | 1977年 | 2室1厅 | 47.81平米 | 东,https://ke-image.ljcdn.com/110000-inspection/21fc47ec-a831-4bd9-b05b-d493905fdca7_1000.jpg!m_fill,w_280,h_210,f_jpg?from=ke.com
20241028,东城,和平里,101127158319,2007年商品房社区锦鸿阁满五年,568万,74688元/平,高楼层 (共14层) | 2006年 | 2室1厅 | 76.05平米 | 西,https://ke-image.ljcdn.com/110000-inspection/d9e6e0e9-dd3c-4a87-8ad9-bf91c0137712_1000.jpg!m_fill,w_280,h_210,f_jpg?from=ke.com
20241028,东城,和平里,101127145074,建研院 2室1厅 南房主自荐,718万,98926元/平,中楼层 (共6层) 2室1厅 | 72.58平米 | 南,https://ke-image.ljcdn.com/110000-inspection/9dbf3024-2e46-4d03-bbcc-26ab24524d59_1000.jpg!m_fill,w_280,h_210,f_jpg?from=ke.com
20241028,东城,和平里,101127121331,和平家园 绿树成荫 车位充足 双地铁换乘 楼龄新房主自荐,525万,75302元/平,高楼层 (共6层) | 1998年 | 2室1厅 | 69.72平米 | 南 北,https://ke-image.ljcdn.com/110000-inspection/76a6d41c-fcbc-4168-8539-ebe436446388_1000.jpg!m_fill,w_280,h_210,f_jpg?from=ke.com
20241028,东城,和平里,101127109074,东城区新增 和平里安外花园中间楼层 满五唯一商品房,465万,110373元/平,中楼层 (共6层) 1室1厅 | 42.13平米 | 南,https://ke-image.ljcdn.com/110000-inspection/7601392f-6927-440c-8f3c-f5d549b21350_1000.jpg!m_fill,w_280,h_210,f_jpg?from=ke.com
20241028,东城,和平里,101127079638,和平街十三区 3室1厅 南 北,288万,53324元/平,地下室 (共6层) 3室1厅 | 54.01平米 | 南 北,https://ke-image.ljcdn.com/110000-inspection/ab3b588c-f098-4753-831a-940d8a235213_1000.jpg!m_fill,w_280,h_210,f_jpg?from=ke.com
20241028,东城,和平里,101127077951,满五唯一商品房中间楼层随时看房签约,496万,72052元/平,中楼层 (共5层) | 1977年 | 3室1厅 | 68.84平米 | 西 东,https://ke-image.ljcdn.com/110000-inspection/fb57dec1-6036-4131-92ad-5d44958bc2c3_1000.jpg!m_fill,w_280,h_210,f_jpg?from=ke.com
20241028,东城,和平里,101127073686,民旺园 2室1厅 南,730万,113850元/平,中楼层 (共16层) 2室1厅 | 64.12平米 | 南,https://ke-image.ljcdn.com/110000-inspection/pc1_NgaxaZtoX_1.jpg!m_fill,w_280,h_210,f_jpg?from=ke.com
20241028,东城,和平里,101127072509,和平街 格局方正2居室 满五唯一 楼龄新,410万,69269元/平,高楼层 (共6层) | 1993年 | 2室1厅 | 59.19平米 | 西 北,https://ke-image.ljcdn.com/110000-inspection/721646a9-3ef8-4cf8-8ad9-0b6a5e7cfa46_1000.jpg!m_fill,w_280,h_210,f_jpg?from=ke.com
20241028,东城,和平里,101127048507,和平街西苑乙5号院 5室2厅 东 南 西,1440万,79594元/平,低楼层 (共16层) 5室2厅 | 180.92平米 | 东 南 西,https://ke-image.ljcdn.com/110000-inspection/dcbfe50d-4565-45b0-9660-ca63edaa52ba_1000.jpg!m_fill,w_280,h_210,f_jpg?from=ke.com
20241028,东城,和平里,101127042767,和平里三区 2室1厅 南 北,790万,139527元/平,中楼层 (共6层) 2室1厅 | 56.62平米 | 南 北,https://ke-image.ljcdn.com/110000-inspection/03de914c-9dd5-4641-8a23-216fa6e42f03_1000.jpg!m_fill,w_280,h_210,f_jpg?from=ke.com
20241028,东城,和平里,101127032603,和平家园 南北通透 两居室 景观楼层 车位充足,499万,77281元/平,顶层 (共4层) 2室1厅 | 64.57平米 | 南 北,https://ke-image.ljcdn.com/110000-inspection/d58cda67-5d27-4596-a905-964af563677e_1000.jpg!m_fill,w_280,h_210,f_jpg?from=ke.com
20241028,东城,和平里,101127015514,十五区电梯精装两居室  满五唯一  随时可看,420万,69733元/平,顶层 (共14层) 2室1厅 | 60.23平米 | 东,https://ke-image.ljcdn.com/110000-inspection/a3a83adc-07a3-4ec8-893d-db16f113661b_1000.jpg!m_fill,w_280,h_210,f_jpg?from=ke.com
20241028,东城,和平里,101127012160,电梯楼 楼龄新 不遮挡 不临街,550万,87538元/平,高楼层 (共21层) | 1997年 | 2室1厅 | 62.83平米 | 东,https://ke-image.ljcdn.com/110000-inspection/d00509ca-ee0a-4a21-a64d-03c20e66641a_1000.jpg!m_fill,w_280,h_210,f_jpg?from=ke.com
20241028,东城,和平里,101127011921,东土城路9号院南北通透四居室明厨明卫楼层视野好精装,1155万,78173元/平,低楼层 (共23层) 4室2厅 | 147.75平米 | 南 北,https://ke-image.ljcdn.com/110000-inspection/8cc734d3-c53a-418f-ad65-7585dff9fb06_1000.jpg!m_fill,w_280,h_210,f_jpg?from=ke.com
20241028,东城,和平里,101126992977,层高三米 北窗和西窗都对着地坛公园 精装修,2800万,110111元/平,高楼层 (共6层) | 2005年 | 3室2厅 | 254.29平米 | 东 西 北,https://ke-image.ljcdn.com/110000-inspection/e49262b5-c72e-4b25-bce7-04686b85bf10_1000.jpg!m_fill,w_280,h_210,f_jpg?from=ke.com
20241028,东城,和平里,101126962075,民旺园院内 1996年板楼带电梯 一梯三户 精装修,798万,106344元/平,中楼层 (共9层) 2室1厅 | 75.04平米 | 东 西,https://ke-image.ljcdn.com/110000-inspection/1b0f374d-eb54-46e3-92de-6b0437d260cb_1000.jpg!m_fill,w_280,h_210,f_jpg?from=ke.com
20241028,东城,和平里,101126954935,和平里砖角楼北里两居 优质好房,370万,61259元/平,中楼层 (共6层) 2室1厅 | 60.4平米 | 东,https://ke-image.ljcdn.com/110000-inspection/46367d84-276b-4238-8051-8bf3ce41ef33_1000.jpg!m_fill,w_280,h_210,f_jpg?from=ke.com
20241028,东城,和平里,101126951563,房子是满五唯一央产房楼龄比较新的南北通透的两居室,580万,86118元/平,中楼层 (共6层) 2室1厅 | 67.35平米 | 南 北,https://ke-image.ljcdn.com/110000-inspection/33db05d4-f9eb-4320-8a16-cfd124a1be8c_1000.jpg!m_fill,w_280,h_210,f_jpg?from=ke.com
20241028,东城,和平里,101126950318,安外大街80号院 高楼层 采光视野好 精装修,460万,111031元/平,高楼层 (共14层) 1室1厅 | 41.43平米 | 东,https://ke-image.ljcdn.com/110000-inspection/pc1_E8tZDa9uB.jpg!m_fill,w_280,h_210,f_jpg?from=ke.com
20241028,东城,和平里,101126945953,和平里七区 南北两居 看房方便,580万,103406元/平,顶层 (共6层) 2室1厅 | 56.09平米 | 南 北,https://ke-image.ljcdn.com/110000-inspection/0e284dd1-0940-4084-baae-936710a85fa2_1000.jpg!m_fill,w_280,h_210,f_jpg?from=ke.com
20241028,东城,和平里,101126944498,和平街十三区 煤科院 南向一居室 带电梯,538万,86593元/平,中楼层 (共21层) | 1998年 | 1室1厅 | 62.13平米 | 南 北,https://ke-image.ljcdn.com/110000-inspection/7b8bdbbb-460e-4d9a-a7d5-b36649e32aa4_1000.jpg!m_fill,w_280,h_210,f_jpg?from=ke.com
20241028,东城,和平里,101126939301,东土城路7号院南向一居诚心出售,310万,69601元/平,底层 (共16层) | 1993年 | 1室1厅 | 44.54平米 | 南,https://ke-image.ljcdn.com/110000-inspection/3ddc5a49-dbda-44b4-b6ff-6ab167cfe0f6_1000.jpg!m_fill,w_280,h_210,f_jpg?from=ke.com
20241028,东城,和平里,101126931017,和平街十三区物资部央产房 户型不错,438万,67045元/平,中楼层 (共5层) 2室1厅 | 65.33平米 | 南 北,https://ke-image.ljcdn.com/110000-inspection/6e7ed65e-9ba8-42eb-aa1c-46f43637b767_1000.jpg!m_fill,w_280,h_210,f_jpg?from=ke.com
20241028,东城,和平里,101126923726,和平里七区 一层田字格南北通透三居,790万,111614元/平,底层 (共5层) 3室1厅 | 70.78平米 | 南 北,https://ke-image.ljcdn.com/110000-inspection/5aee3be9-4cea-4afa-94f3-7aa464cbf90e_1000.jpg!m_fill,w_280,h_210,f_jpg?from=ke.com
20241028,东城,和平里,101126921124,和平街十三区煤科院央产房97年楼龄,550万,77454元/平,低楼层 (共21层) | 1998年 | 2室1厅 | 71.01平米 | 西 南,https://ke-image.ljcdn.com/110000-inspection/a17d44a7-3fa8-40a8-bdbe-e2c8c27d9b93_1000.jpg!m_fill,w_280,h_210,f_jpg?from=ke.com
20241028,东城,和平里,101126915892,和平街十五区 南北三居室出售 旁边是地铁 公园,620万,75380元/平,高楼层 (共18层) | 1997年 | 3室1厅 | 82.25平米 | 南 北,https://ke-image.ljcdn.com/110000-inspection/e74036dc-b248-45a5-b0f8-77d9ce81f879_1000.jpg!m_fill,w_280,h_210,f_jpg?from=ke.com
20241028,东城,和平里,101126904421,东城区和平里七区中间楼层三居室,750万,99576元/平,中楼层 (共5层) 3室1厅 | 75.32平米 | 南 西,https://ke-image.ljcdn.com/110000-inspection/70d8c378-87b3-4dfb-baed-8c46bc81fb4b_1000.jpg!m_fill,w_280,h_210,f_jpg?from=ke.com
20241028,东城,和平里,101126902726,此房满五年不唯一商品房看房方便业主诚心出售,460万,113385元/平,顶层 (共6层) 1室1厅 | 40.57平米 | 东南,https://ke-image.ljcdn.com/110000-inspection/16513738-eb79-411f-9ff6-40b8a2a87de3_1000.jpg!m_fill,w_280,h_210,f_jpg?from=ke.com
20241028,东城,和平里,101126866952,和平里三区 双南2室1厅 96 享静与光 满五唯一房主自荐,625万,109611元/平,顶层 (共6层) 2室1厅 | 57.02平米 | 南,https://ke-image.ljcdn.com/110000-inspection/190289f7-7ae8-4085-977e-0bb0be4a7ec7_1000.jpg!m_fill,w_280,h_210,f_jpg?from=ke.com
20241028,东城,和平里,101126820795,化工大院管理很好正规大院儿！,470万,128591元/平,中楼层 (共5层) 1室1厅 | 36.55平米 | 东,https://ke-image.ljcdn.com/110000-inspection/c4c32bb0-1418-4cc0-a3cb-10389e8dec88_1000.jpg!m_fill,w_280,h_210,f_jpg?from=ke.com
20241028,东城,和平里,101126796683,北三环内和平里1997年电梯房南向两居带客厅精装,790万,85879元/平,中楼层 (共18层) 2室1厅 | 91.99平米 | 南,https://ke-image.ljcdn.com/110000-inspection/744ede21-1744-48cf-9aa6-8d4ab078ca42_1000.jpg!m_fill,w_280,h_210,f_jpg?from=ke.com
20241028,东城,和平里,101126794964,东城区和平里院中院三居室苏式建筑中间层不临街,1280万,116142元/平,低楼层 (共6层) 3室1厅 | 110.21平米 | 南 北,https://ke-image.ljcdn.com/110000-inspection/53520014-8b98-4775-ae94-5edf26169341_1000.jpg!m_fill,w_280,h_210,f_jpg?from=ke.com
20241028,东城,和平里,101126782346,和平里一区 朝南一居室 户型方正,445万,120044元/平,底层 (共11层) 1室1厅 | 37.07平米 | 南,https://ke-image.ljcdn.com/110000-inspection/acf1af71-4dab-426a-b989-edc5ac502abb_1000.jpg!m_fill,w_280,h_210,f_jpg?from=ke.com
20241028,东城,和平里,101126765307,民旺园十九号院 2室1厅 东,730万,108309元/平,中楼层 (共6层) 2室1厅 | 67.4平米 | 东,https://ke-image.ljcdn.com/110000-inspection/60772384-b38f-436f-bf9a-3c6bec17b5bf_1000.jpg!m_fill,w_280,h_210,f_jpg?from=ke.com
20241028,东城,和平里,101126736155,和平街十三区 2室1厅 东 西,395万,72758元/平,中楼层 (共6层) 2室1厅 | 54.29平米 | 东 西,https://ke-image.ljcdn.com/110000-inspection/1c865fbb-d472-449e-91a8-fccdeba6010c_1000.jpg!m_fill,w_280,h_210,f_jpg?from=ke.com
20241028,东城,和平里,101126729407,和平街十五区南北通透三居室价格可以商量直接入住,520万,76471元/平,高楼层 (共14层) | 1988年 | 3室1厅 | 68平米 | 南 北,https://ke-image.ljcdn.com/110000-inspection/a0a20826-386a-4f1f-8072-0e4d4d1abc1c_1000.jpg!m_fill,w_280,h_210,f_jpg?from=ke.com
20241028,东城,和平里,101126708900,和平里 安外大街80号院 精装修 南北三居室,770万,109797元/平,中楼层 (共6层) 3室1厅 | 70.13平米 | 南 北,https://ke-image.ljcdn.com/110000-inspection/pc1_x5O8vSqn5_1.jpg!m_fill,w_280,h_210,f_jpg?from=ke.com
20241028,东城,和平里,101126706822,林调社区 南北通透3居室 板楼带电梯 满五年唯一,998万,130203元/平,低楼层 (共6层) 3室1厅 | 76.65平米 | 南 北,https://ke-image.ljcdn.com/110000-inspection/454683ce-ec85-4b93-b2cb-a3345b1e89e0_1000.jpg!m_fill,w_280,h_210,f_jpg?from=ke.com
20241028,东城,和平里,101126699035,和平西街1号院 南向两居室  视野好 不临街,730万,98503元/平,中楼层 (共18层) 2室1厅 | 74.11平米 | 南,https://ke-image.ljcdn.com/110000-inspection/pc1_TGeYgvlCU_1.jpg!m_fill,w_280,h_210,f_jpg?from=ke.com
20241028,东城,和平里,101126698101,和平里东街10号院满五年唯一光线好南北通透,1220万,130482元/平,顶层 (共6层) 2室1厅 | 93.5平米 | 南 北,https://ke-image.ljcdn.com/110000-inspection/pc1_yJLffwHtC_1.jpg!m_fill,w_280,h_210,f_jpg?from=ke.com
20241028,东城,和平里,101126679781,和平里砖角楼北里  两室户型,465万,95916元/平,底层 (共5层) 2室1厅 | 48.48平米 | 南 北,https://ke-image.ljcdn.com/110000-inspection/pc1_FcjpKDg2x_1.jpg!m_fill,w_280,h_210,f_jpg?from=ke.com
20241028,东城,和平里,101126664850,和平里七区优质好户型南北边户管理好东城区 好楼层,990万,131755元/平,低楼层 (共6层) 3室1厅 | 75.14平米 | 南 北,https://ke-image.ljcdn.com/110000-inspection/cd0ac606-3c71-48ba-9eda-e6670e556924_1000.jpg!m_fill,w_280,h_210,f_jpg?from=ke.com
20241028,东城,和平里,101126655436,和平里中街3号院双南两居视野好电梯直达有地库有花园,959万,115293元/平,中楼层 (共20层) 2室1厅 | 83.18平米 | 南,https://ke-image.ljcdn.com/110000-inspection/09d3d43a-8a9c-413b-b4aa-1061395b4271_1000.jpg!m_fill,w_280,h_210,f_jpg?from=ke.com
20241028,东城,和平里,101126651093,安外花园 2室1厅 南,450万,119618元/平,底层 (共6层) 2室1厅 | 37.62平米 | 南,https://ke-image.ljcdn.com/110000-inspection/cde03b01-fd7f-4130-8815-27b41ec0ffe1_1000.jpg!m_fill,w_280,h_210,f_jpg?from=ke.com
20241028,东城,和平里,101126645264,东城和平里南向两居室 低楼层 采光好 无遮挡,620万,99615元/平,中楼层 (共5层) 2室1厅 | 62.24平米 | 南,https://ke-image.ljcdn.com/110000-inspection/pc1_qe5mThFpb_1.jpg!m_fill,w_280,h_210,f_jpg?from=ke.com
20241028,东城,和平里,101126641548,北三环内和平街十五区2号院满五年唯一,398万,67015元/平,高楼层 (共18层) 1室1厅 | 59.39平米 | 南,https://ke-image.ljcdn.com/110000-inspection/9236e15d-110c-4df3-a2f6-2a8758b8b10b_1000.jpg!m_fill,w_280,h_210,f_jpg?from=ke.com
20241028,东城,和平里,101126610225,和平街十一区 一层三居南北通透,825万,96143元/平,底层 (共4层) 3室1厅 | 85.81平米 | 南 北,https://ke-image.ljcdn.com/110000-inspection/bb260592-2498-4552-9540-46978fc6a9cf_1000.jpg!m_fill,w_280,h_210,f_jpg?from=ke.com
20241028,东城,和平里,101126589570,和平里五区1996年年代新公园房低价一居室,390万,104000元/平,地下室 (共6层) 1室1厅 | 37.5平米 | 东南,https://ke-image.ljcdn.com/110000-inspection/c7e0f0e1-42a1-4624-a7de-7dad7ab05ab8_1000.jpg!m_fill,w_280,h_210,f_jpg?from=ke.com
20241028,东城,和平里,101126585184,民旺园中院24号楼南北两居室  精装修 业主诚意出,826万,119434元/平,顶层 (共6层) 2室1厅 | 69.16平米 | 南 北,https://ke-image.ljcdn.com/110000-inspection/pc1_qQ70BZp0q_1.jpg!m_fill,w_280,h_210,f_jpg?from=ke.com
20241028,东城,和平里,101126583950,煤科院分房电梯直达管理好三居室带客厅,599万,85560元/平,中楼层 (共18层) | 1987年 | 3室1厅 | 70.01平米 | 南 北,https://ke-image.ljcdn.com/110000-inspection/dd9db04f-f7be-4418-a59a-bc1b436090df_1000.jpg!m_fill,w_280,h_210,f_jpg?from=ke.com
20241028,东城,和平里,101126576397,和平街西苑 全明格局3居 97年楼龄 精装修近地铁,760万,74981元/平,高楼层 (共7层) 3室1厅 | 101.36平米 | 东 西 北,https://ke-image.ljcdn.com/110000-inspection/0805346e-bf54-4b2c-8d3d-be92bdba419e_1000.jpg!m_fill,w_280,h_210,f_jpg?from=ke.com
20241028,东城,和平里,101126575345,和平街十五区 2室1厅 南,472万,76031元/平,中楼层 (共18层) | 1998年 | 2室1厅 | 62.08平米 | 南,https://ke-image.ljcdn.com/110000-inspection/23e2cb2e-c9e8-4942-b0cd-9ba1d12f4ef2_1000.jpg!m_fill,w_280,h_210,f_jpg?from=ke.com
20241028,东城,和平里,101126565995,此房满五年唯一精装修落地飘窗,1250万,114281元/平,中楼层 (共21层) 2室1厅 | 109.38平米 | 西南,https://ke-image.ljcdn.com/110000-inspection/0c9a522b-6b69-4c0c-b871-ef295544a696_1000.jpg!m_fill,w_280,h_210,f_jpg?from=ke.com
20241028,东城,和平里,101126551177,砖角楼南里 电梯房2居室 南北通透 俯瞰二环护城河,470万,69972元/平,中楼层 (共14层) 2室1厅 | 67.17平米 | 南 北,https://ke-image.ljcdn.com/110000-inspection/87c2ca38-efca-452b-8f50-2f24fa71980a_1000.jpg!m_fill,w_280,h_210,f_jpg?from=ke.com
20241028,东城,和平里,101126550632,和平里九区优质东西向三居诚心出售,1100万,113403元/平,底层 (共6层) 3室1厅 | 97平米 | 东 西,https://ke-image.ljcdn.com/110000-inspection/867d2c64-f829-493f-ba5f-cadfe0f4f59b_1000.jpg!m_fill,w_280,h_210,f_jpg?from=ke.com
20241028,东城,和平里,101126540980,北京市东城区和平里-和平里四区,620万,114286元/平,低楼层 (共6层) 2室1厅 | 54.25平米 | 南 北,https://ke-image.ljcdn.com/110000-inspection/353338c1-a217-446b-b085-13ff6dcdd7d3_1000.jpg!m_fill,w_280,h_210,f_jpg?from=ke.com
20241028,东城,和平里,101126538278,和平西苑 3室2厅 南,1400万,100771元/平,中楼层 (共22层) 3室2厅 | 138.93平米 | 南,https://ke-image.ljcdn.com/110000-inspection/9515aadb-2832-4d05-8569-e30c7182adc7_1000.jpg!m_fill,w_280,h_210,f_jpg?from=ke.com
20241028,东城,和平里,101126525941,中农信单位分房砖角楼南里管理好,399万,70795元/平,高楼层 (共16层) 2室1厅 | 56.36平米 | 东南,https://ke-image.ljcdn.com/110000-inspection/pc1_wI8yfHsgE_1.jpg!m_fill,w_280,h_210,f_jpg?from=ke.com
20241028,东城,和平里,101126521465,砖角楼南里南北通透两居室业主诚心出售,339万,57900元/平,高楼层 (共6层) 2室1厅 | 58.55平米 | 南 北,https://ke-image.ljcdn.com/110000-inspection/pc1_BjwXdrlzK_1.jpg!m_fill,w_280,h_210,f_jpg?from=ke.com
20241028,东城,和平里,101126506197,民族出版社央产楼 南北通透大四居 双卫 明厨明卫,1200万,87039元/平,中楼层 (共15层) 4室1厅 | 137.87平米 | 东 南 北,https://ke-image.ljcdn.com/110000-inspection/82306d1b-73b4-4b73-bb70-c227646eefb8_1000.jpg!m_fill,w_280,h_210,f_jpg?from=ke.com
20241028,东城,和平里,101126506364,东城区民旺园十九号院 2000年建 南北通透,1050万,100575元/平,中楼层 (共7层) 2室2厅 | 104.4平米 | 南 北,https://ke-image.ljcdn.com/110000-inspection/af4adcd5-8436-47fe-a8bb-9feadc4dbefe_1000.jpg!m_fill,w_280,h_210,f_jpg?from=ke.com
20241028,东城,和平里,101126504899,和平街十三区南北三居室 满五年唯一小区已修改,526万,65059元/平,顶层 (共5层) 3室1厅 | 80.85平米 | 南 北,https://ke-image.ljcdn.com/110000-inspection/25a665ca-3964-4bc3-b033-1ee8dd9a64ce_1000.jpg!m_fill,w_280,h_210,f_jpg?from=ke.com
20241028,东城,和平里,101126492199,和平街十二区精装修南北通透视野开阔,535万,59944元/平,顶层 (共4层) 3室1厅 | 89.25平米 | 南 北,https://ke-image.ljcdn.com/110000-inspection/f3f364d9-a70c-4109-ae60-dccbe9b43ed8_1000.jpg!m_fill,w_280,h_210,f_jpg?from=ke.com
20241028,东城,和平里,101126491732,交林 2室1厅 南,670万,130630元/平,低楼层 (共6层) 2室1厅 | 51.29平米 | 南,https://ke-image.ljcdn.com/110000-inspection/pc1_RaM6peE5c_1.jpg!m_fill,w_280,h_210,f_jpg?from=ke.com
20241028,东城,和平里,101126462158,和平里五区 1996年次新楼龄 地铁 地坛公园,666万,120828元/平,高楼层 (共6层) 2室1厅 | 55.12平米 | 南 北,https://ke-image.ljcdn.com/110000-inspection/29e6362b-2175-4c5d-a3a9-09d2d0effe04_1000.jpg!m_fill,w_280,h_210,f_jpg?from=ke.com
20241028,东城,和平里,101126447654,和平家园精装2居 公园式小区 通透性好 随时签约房主自荐,416万,69671元/平,中楼层 (共4层) 2室1厅 | 59.71平米 | 东 西,https://ke-image.ljcdn.com/110000-inspection/28dc90cc-f42f-4c3c-aa93-463f1edc6ec7_1000.jpg!m_fill,w_280,h_210,f_jpg?from=ke.com
20241028,东城,和平里,101126439701,青年沟路 精装3居  看房方便,650万,93985元/平,高楼层 (共6层) 3室1厅 | 69.16平米 | 西北,https://ke-image.ljcdn.com/110000-inspection/pc1_PsTAJxqwT_1.jpg!m_fill,w_280,h_210,f_jpg?from=ke.com
20241028,东城,和平里,101126435916,和平街十五区 有电梯 户型方正采光好,498万,80220元/平,高楼层 (共18层) 2室1厅 | 62.08平米 | 南,https://ke-image.ljcdn.com/110000-inspection/51688dc0-90a2-41b8-b94c-84c44a75eb02_1000.jpg!m_fill,w_280,h_210,f_jpg?from=ke.com
20241028,东城,和平里,101126412238,和平街十三区煤科院两居室双东向,325万,63378元/平,高楼层 (共6层) | 1980年 | 2室1厅 | 51.28平米 | 东,https://ke-image.ljcdn.com/110000-inspection/pc1_DI2p5gKlB_1.jpg!m_fill,w_280,h_210,f_jpg?from=ke.com
20241028,东城,和平里,101126395026,煤炭科技院南向一居室大客厅看房方便随时可以签约,508万,78919元/平,低楼层 (共22层) 1室1厅 | 64.37平米 | 南,https://ke-image.ljcdn.com/110000-inspection/fd67bfaf-090c-4347-b7be-68cd32e976f3_1000.jpg!m_fill,w_280,h_210,f_jpg?from=ke.com
20241028,东城,和平里,101126366877,地铁站附近电梯房次顶层视野采光好,510万,73817元/平,高楼层 (共18层) 2室1厅 | 69.09平米 | 东,https://ke-image.ljcdn.com/110000-inspection/d7952643-1f51-4ba9-a04d-732f64b2e6e6_1000.jpg!m_fill,w_280,h_210,f_jpg?from=ke.com
20241028,东城,和平里,101126360643,和平里中院低楼层三居室大客厅大厨房,880万,180624元/平,底层 (共5层) 4室2厅 | 48.72平米 | 南,https://ke-image.ljcdn.com/110000-inspection/d56b346d-43dc-4982-9f87-b74c6a7cc0a7_1000.jpg!m_fill,w_280,h_210,f_jpg?from=ke.com
20241028,东城,和平里,101126359043,兴化西里 南北通透三居室 满五唯一,728万,101055元/平,中楼层 (共4层) 3室1厅 | 72.04平米 | 南 北,https://ke-image.ljcdn.com/110000-inspection/caa59ce9-cb29-4c65-a8ba-a20f7ec5f5cd_1000.jpg!m_fill,w_280,h_210,f_jpg?from=ke.com
20241028,东城,和平里,101126358531,和平里七区 精装修 全明格局 三面有窗,675万,105141元/平,中楼层 (共4层) 2室1厅 | 64.2平米 | 西 北 南,https://ke-image.ljcdn.com/110000-inspection/1a10566b-0c15-454d-894e-43fa895c85f3_1000.jpg!m_fill,w_280,h_210,f_jpg?from=ke.com
20241028,东城,和平里,101126357624,和平街西苑 2室1厅 西北,520万,79281元/平,中楼层 (共18层) | 1998年 | 2室1厅 | 65.59平米 | 西北,https://ke-image.ljcdn.com/110000-inspection/pc1_hr35Sfs5j_1.jpg!m_fill,w_280,h_210,f_jpg?from=ke.com
20241028,东城,和平里,101126355987,东土城路13号院 1室1厅 南房主自荐,325万,63539元/平,底层 (共5层) | 1995年 | 1室1厅 | 51.15平米 | 南,https://ke-image.ljcdn.com/110000-inspection/b86f59a1-054c-4eba-80a9-60fcfd0aaf83_1000.jpg!m_fill,w_280,h_210,f_jpg?from=ke.com
20241028,东城,和平里,101126353968,地铁口精装修满五年唯一中间层诚心卖,376万,66350元/平,中楼层 (共14层) | 1979年 | 2室1厅 | 56.67平米 | 南,https://ke-image.ljcdn.com/110000-inspection/bbfc35b2-7099-4678-9d21-bac020d70541_1000.jpg!m_fill,w_280,h_210,f_jpg?from=ke.com
20241028,东城,和平里,101126350282,和平家园 楼龄新 南北三居带客厅 满五央产中间层,749万,89551元/平,中楼层 (共6层) | 1994年 | 3室1厅 | 83.64平米 | 南 北,https://ke-image.ljcdn.com/110000-inspection/07c3cfc5-f00d-44d5-b4a5-1f00e127ba6f_1000.jpg!m_fill,w_280,h_210,f_jpg?from=ke.com
20241028,东城,和平里,101126348409,煤科院南小区  楼龄新 管理好 户型方正房主自荐,426万,74921元/平,中楼层 (共9层) | 1994年 | 2室1厅 | 56.86平米 | 东南,https://ke-image.ljcdn.com/110000-inspection/658191cf-79b7-4b28-99c9-ecde49ba8e2f_1000.jpg!m_fill,w_280,h_210,f_jpg?from=ke.com
20241028,东城,和平里,101126336373,中石化分房改造过高楼层视野好精装修房主自荐,550万,115184元/平,高楼层 (共18层) 1室1厅 | 47.75平米 | 南,https://ke-image.ljcdn.com/110000-inspection/507bb836-81d2-4f51-8631-6b723510e499_1000.jpg!m_fill,w_280,h_210,f_jpg?from=ke.com
20241028,东城,和平里,101126293880,东城和平里 带电梯 高楼层 航天部宿舍 管理好,630万,112240元/平,中楼层 (共12层) 2室0厅 | 56.13平米 | 东,https://ke-image.ljcdn.com/110000-inspection/1ed4dc14-ea0e-47e7-bde6-00fa60968011_1000.jpg!m_fill,w_280,h_210,f_jpg?from=ke.com
20241028,东城,和平里,101126283894,民旺园 1室1厅 南,505万,149986元/平,底层 (共6层) 1室1厅 | 33.67平米 | 南,https://ke-image.ljcdn.com/110000-inspection/77bbd0b0-7921-4d59-a89e-56e8c9b1313d_1000.jpg!m_fill,w_280,h_210,f_jpg?from=ke.com
20241028,东城,和平里,101126246635,和平街十四区 4室1厅 东 南,870万,79127元/平,高楼层 (共9层) | 1992年 | 4室1厅 | 109.95平米 | 东 南,https://ke-image.ljcdn.com/110000-inspection/adb65850-4e29-470f-a7bc-65feba986f0a_1000.jpg!m_fill,w_280,h_210,f_jpg?from=ke.com
20241028,东城,和平里,101126228618,和平家园 东南北全明三居 有停车位 精装修 环境好,530万,56097元/平,顶层 (共6层) | 1982年 | 3室1厅 | 94.48平米 | 东 南 北,https://ke-image.ljcdn.com/110000-inspection/0279f928-d716-470d-8cd2-ee2e362738de_1000.jpg!m_fill,w_280,h_210,f_jpg?from=ke.com
20241028,东城,和平里,101126223213,和平里东街民旺胡同三居室精装修,698万,98714元/平,高楼层 (共6层) 3室1厅 | 70.71平米 | 东 西,https://ke-image.ljcdn.com/110000-inspection/dc201218-61b0-445c-aa46-1b44889bcbc7_1000.jpg!m_fill,w_280,h_210,f_jpg?from=ke.com
20241028,东城,和平里,101126183308,和平街十一区 2室1厅 南 西 北,650万,92186元/平,底层 (共4层) 2室1厅 | 70.51平米 | 南 西 北,https://ke-image.ljcdn.com/110000-inspection/8a25e3cb-e627-476b-968b-ff6c471a0505_1000.jpg!m_fill,w_280,h_210,f_jpg?from=ke.com
20241028,东城,和平里,101126169513,和平里东街10号院 南北一居室 高层无遮挡,880万,147256元/平,高楼层 (共14层) 1室1厅 | 59.76平米 | 南 北,https://ke-image.ljcdn.com/110000-inspection/bfdb3fbd-f3c3-4c68-86f0-c2a879985911_1000.jpg!m_fill,w_280,h_210,f_jpg?from=ke.com
20241028,东城,和平里,101126168137,和平里七区 2室1厅 东 西,598万,109284元/平,低楼层 (共6层) 2室1厅 | 54.72平米 | 东 西,https://ke-image.ljcdn.com/110000-inspection/013134b1-cd86-4456-9bfa-0e7248532d13_1000.jpg!m_fill,w_280,h_210,f_jpg?from=ke.com
20241028,东城,和平里,101126156489,和平街十二区双南两居室中间楼层电梯直达,410万,67313元/平,中楼层 (共12层) | 1980年 | 2室1厅 | 60.91平米 | 南,https://ke-image.ljcdn.com/110000-inspection/7b4a2cda-ccd8-4de5-b610-88c00fce5a8f_1000.jpg!m_fill,w_280,h_210,f_jpg?from=ke.com
20241028,东城,和平里,101126153587,和平街十一区 1室1厅 南,370万,74597元/平,中楼层 (共21层) | 1990年 | 1室1厅 | 49.6平米 | 南,https://ke-image.ljcdn.com/110000-inspection/ca0ccb6c-d6a2-47d9-8705-72aea306ca57_1000.jpg!m_fill,w_280,h_210,f_jpg?from=ke.com
20241028,东城,和平里,101126149262,北二环99年城建小区全南向三居室采光视野好,1020万,74524元/平,中楼层 (共23层) 3室1厅 | 136.87平米 | 南,https://ke-image.ljcdn.com/110000-inspection/100d2345-1386-4fbd-b183-4577b5e3d549_1000.jpg!m_fill,w_280,h_210,f_jpg?from=ke.com
20241028,东城,和平里,101126126702,管理好停车方便房子宽敞舒服,1100万,119592元/平,低楼层 (共15层) 3室1厅 | 91.98平米 | 西,https://ke-image.ljcdn.com/110000-inspection/5f02c0d4-f702-4892-a17b-fbac4a4c51fa_1000.jpg!m_fill,w_280,h_210,f_jpg?from=ke.com
20241028,东城,和平里,101126103340,和平里七区安静不临街南向一居室满五唯一,469万,123195元/平,顶层 (共5层) 1室1厅 | 38.07平米 | 南,https://ke-image.ljcdn.com/110000-inspection/4bd9eb57-c6ca-4ea9-a425-604519e03077_1000.jpg!m_fill,w_280,h_210,f_jpg?from=ke.com
20241028,东城,和平里,101126073623,民旺园 精装修 低楼层 南北向 有小区环境房主自荐,816万,135010元/平,低楼层 (共6层) 2室1厅 | 60.44平米 | 南 北,https://ke-image.ljcdn.com/110000-inspection/127c5cea-de16-4794-9576-d4920986209f_1000.jpg!m_fill,w_280,h_210,f_jpg?from=ke.com
20241028,东城,和平里,101126061276,砖角楼南里精致两居室车位充足生活便利,298万,64197元/平,顶层 (共5层) 2室1厅 | 46.42平米 | 东 南,https://ke-image.ljcdn.com/110000-inspection/c6f38c0c-82ca-42a8-bc81-9d5fbbd41b00_1000.jpg!m_fill,w_280,h_210,f_jpg?from=ke.com
20241028,东城,和平里,101126050362,和平里七区明厨明卫一居室诚意出售！,450万,103330元/平,顶层 (共6层) 1室1厅 | 43.55平米 | 南,https://ke-image.ljcdn.com/110000-inspection/pc1_d19t2ukNI_1.jpg!m_fill,w_280,h_210,f_jpg?from=ke.com
20241028,东城,和平里,101126032174,靠近北二环自住标准装修的可以拎包入住！,330万,65128元/平,高楼层 (共6层) 2室1厅 | 50.67平米 | 东 南 西,https://ke-image.ljcdn.com/110000-inspection/cc7d950c-499f-4b98-8d72-627fdd86592e_1000.jpg!m_fill,w_280,h_210,f_jpg?from=ke.com
20241028,东城,和平里,101126014243,和平里三区 1室1厅 南 北,506万,124723元/平,高楼层 (共6层) 1室1厅 | 40.57平米 | 南 北,https://ke-image.ljcdn.com/110000-inspection/a45981ff-f983-41d8-870c-32eddd86cade_1000.jpg!m_fill,w_280,h_210,f_jpg?from=ke.com
20241028,东城,和平里,101126001679,和平里一区 2室1厅 南 北,637万,107875元/平,高楼层 (共11层) 2室1厅 | 59.05平米 | 南 北,https://ke-image.ljcdn.com/110000-inspection/pc1_FVuVWtQAk_1.jpg!m_fill,w_280,h_210,f_jpg?from=ke.com
20241028,东城,和平里,101125990888,东街15号院带电梯的正规小三居,765万,118993元/平,高楼层 (共12层) 3室1厅 | 64.29平米 | 南 西 北,https://ke-image.ljcdn.com/110000-inspection/b24e71e2-5360-42ef-83a4-535014c71445_1000.jpg!m_fill,w_280,h_210,f_jpg?from=ke.com
20241028,东城,和平里,101125989866,和平街十三区 煤炭科技苑 住宅的天花板！,718万,90043元/平,顶层 (共22层) 2室1厅 | 79.74平米 | 西南,https://ke-image.ljcdn.com/110000-inspection/f8e493bf-29e7-424a-9300-2a0f4f98bcc9_1000.jpg!m_fill,w_280,h_210,f_jpg?from=ke.com
20241028,东城,和平里,101125962828,煤炭医院家属楼满五年唯一楼龄新,260万,59538元/平,顶层 (共6层) | 1992年 | 1室1厅 | 43.67平米 | 南,https://ke-image.ljcdn.com/110000-inspection/86e22c0e-a8e6-4e32-97d3-4a003a9fb6c7_1000.jpg!m_fill,w_280,h_210,f_jpg?from=ke.com
20241028,东城,和平里,101125939794,东土城路9号院南北两居诚心出售,580万,85420元/平,低楼层 (共23层) 2室1厅 | 67.9平米 | 南 北,https://ke-image.ljcdn.com/110000-inspection/f376eeba-38d9-45d3-96b3-e0e9f06f01f6_1000.jpg!m_fill,w_280,h_210,f_jpg?from=ke.com
20241028,东城,和平里,101125903388,盛德紫阙 双东两居 户型好 视野好 采光好 精装修,1190万,97790元/平,中楼层 (共20层) 2室1厅 | 121.69平米 | 东,https://ke-image.ljcdn.com/110000-inspection/pc1_4vYX01YT4_1.jpg!m_fill,w_280,h_210,f_jpg?from=ke.com
20241028,东城,和平里,101125901423,砖角楼南里全明格局单独管理东向有飘窗采光好没,245万,56167元/平,顶层 (共6层) 1室1厅 | 43.62平米 | 东,https://ke-image.ljcdn.com/110000-inspection/73d9dc71-e1ec-47b4-8b6f-b61e92998c68_1000.jpg!m_fill,w_280,h_210,f_jpg?from=ke.com
20241028,东城,和平里,101125887194,和平街十四区电梯楼 管理好双南无遮挡,480万,83218元/平,底层 (共18层) | 1987年 | 2室1厅 | 57.68平米 | 南,https://ke-image.ljcdn.com/110000-inspection/b1cf73ce-8410-4f11-94f0-fcf41b641e15_1000.jpg!m_fill,w_280,h_210,f_jpg?from=ke.com
20241028,东城,和平里,101125855451,明厨明卫明厅明卧采光通风好和平里改善三居,758万,97380元/平,顶层 (共6层) 3室1厅 | 77.84平米 | 南 北,https://ke-image.ljcdn.com/110000-inspection/9e5265fb-68c0-4a8c-a79d-00ff62c9ecb9_1000.jpg!m_fill,w_280,h_210,f_jpg?from=ke.com
20241028,东城,和平里,101125838734,和平街十二区南北通透两室一厅明厨明卫楼龄新,720万,82267元/平,底层 (共14层) 2室1厅 | 87.52平米 | 南 北,https://ke-image.ljcdn.com/110000-inspection/58f7d50f-3b1f-4c44-9c8b-14401b8bcf40_1000.jpg!m_fill,w_280,h_210,f_jpg?from=ke.com
20241028,东城,和平里,101125822142,地坛北门 中间层  双南两居室  满五唯一,580万,113083元/平,中楼层 (共5层) 2室1厅 | 51.29平米 | 南,https://ke-image.ljcdn.com/110000-inspection/ac79b4e4-6c96-4769-9123-76f1e06a40ea_1000.jpg!m_fill,w_280,h_210,f_jpg?from=ke.com
20241028,东城,和平里,101125821761,东土城路1号院 3室1厅 南 北,515万,68375元/平,高楼层 (共6层) 3室1厅 | 75.32平米 | 南 北,https://ke-image.ljcdn.com/110000-inspection/11bbb2ef-fb1f-4fad-a956-5f848676c576_1000.jpg!m_fill,w_280,h_210,f_jpg?from=ke.com
20241028,东城,和平里,101125811420,和平里七区南北通透两居有客厅价格可谈,580万,108290元/平,底层 (共6层) 2室1厅 | 53.56平米 | 南 北,https://ke-image.ljcdn.com/110000-inspection/b6d9e656-c4c4-4717-90ba-c1556c0175fe_1000.jpg!m_fill,w_280,h_210,f_jpg?from=ke.com
20241028,东城,和平里,101125809038,电梯直达2019年试点改造小区单独管理满五年公,410万,67657元/平,顶层 (共22层) | 1985年 | 2室1厅 | 60.6平米 | 东南 北,https://ke-image.ljcdn.com/110000-inspection/68477c51-acbb-466e-9d86-b97fd5493e66_1000.jpg!m_fill,w_280,h_210,f_jpg?from=ke.com
20241028,东城,和平里,101125757565,和平里六区带电梯一居室看房基本随时。,639万,125295元/平,高楼层 (共18层) 1室1厅 | 51平米 | 东南,https://ke-image.ljcdn.com/110000-inspection/f56fc782-ed4f-44fb-910e-ae095aa073dd_1000.jpg!m_fill,w_280,h_210,f_jpg?from=ke.com
20241028,东城,和平里,101125743545,和平里三区 98年建 满五 视野宽阔不临街,650万,113996元/平,高楼层 (共6层) 2室1厅 | 57.02平米 | 南,https://ke-image.ljcdn.com/110000-inspection/b02fbf40-4bc2-4d17-a442-4cbe1af4e8e7_1000.jpg!m_fill,w_280,h_210,f_jpg?from=ke.com
20241028,东城,和平里,101125722751,建研院 南北通透 采光好 停车方便 诚心出售,620万,109387元/平,高楼层 (共6层) | 1982年 | 2室1厅 | 56.68平米 | 北 南,https://ke-image.ljcdn.com/110000-inspection/pc1_yxyjFRZeV_1.jpg!m_fill,w_280,h_210,f_jpg?from=ke.com
20241028,东城,和平里,101125710622,和平里一区 1室1厅 南,408万,140593元/平,中楼层 (共5层) 1室1厅 | 29.02平米 | 南,https://ke-image.ljcdn.com/110000-inspection/3b046b52-6bc4-43cd-93bd-f555da9b52d3_1000.jpg!m_fill,w_280,h_210,f_jpg?from=ke.com
20241028,东城,和平里,101125675302,和平里 2015年钢混 核工业部央产 南北通透,550万,80316元/平,底层 (共4层) | 2020年 | 2室1厅 | 68.48平米 | 南 北,https://ke-image.ljcdn.com/110000-inspection/pc1_YTv7VrbAN_1.jpg!m_fill,w_280,h_210,f_jpg?from=ke.com
20241028,东城,和平里,101125621946,东城区民旺园中院小两居 环境好停车方便,580万,104656元/平,顶层 (共6层) 2室1厅 | 55.42平米 | 东 北,https://ke-image.ljcdn.com/110000-inspection/3196c9d6-47f0-4c8e-b271-8d43bd6de5e9_1000.jpg!m_fill,w_280,h_210,f_jpg?from=ke.com
20241028,东城,和平里,101125599428,和平里中街3号院 年代新 东南三居室,1199万,126145元/平,中楼层 (共20层) | 2007年 | 3室1厅 | 95.05平米 | 东 南 北,https://ke-image.ljcdn.com/110000-inspection/2088fd3a-903f-4793-ad6c-562b6fe7a17e_1000.jpg!m_fill,w_280,h_210,f_jpg?from=ke.com
20241028,东城,和平里,101125580526,煤科院南小区精装修两居室带客厅,398万,80600元/平,中楼层 (共9层) | 1994年 | 2室1厅 | 49.38平米 | 东,https://ke-image.ljcdn.com/110000-inspection/d329029b-62d5-4309-ba00-f68e8d8e4aea_1000.jpg!m_fill,w_280,h_210,f_jpg?from=ke.com
20241028,东城,和平里,101125557974,此房满五年唯一 通透两居室 楼层好 视野开阔,545万,106321元/平,中楼层 (共5层) 2室1厅 | 51.26平米 | 东 西,https://ke-image.ljcdn.com/110000-inspection/40b8d559-22d1-45f3-a97d-d6dcde3eef10_1000.jpg!m_fill,w_280,h_210,f_jpg?from=ke.com
20241028,东城,和平里,101125551046,和平里交林夹道 中间楼层 南北两居,566万,120017元/平,中楼层 (共5层) 2室1厅 | 47.16平米 | 南 北,https://ke-image.ljcdn.com/110000-inspection/pc1_ZnMVUuk5h_1.jpg!m_fill,w_280,h_210,f_jpg?from=ke.com
20241028,东城,和平里,101125546700,东城区 和平里 经典三居室 南北通 精装修房主自荐,786万,104217元/平,中楼层 (共4层) 3室1厅 | 75.42平米 | 南 北,https://ke-image.ljcdn.com/110000-inspection/5b5ee71a-6c83-430a-a392-258a80604ad7_1000.jpg!m_fill,w_280,h_210,f_jpg?from=ke.com
20241028,东城,和平里,101125539445,雍和家园二期于出房了-业主诚意出售-看房提前预约,990万,94304元/平,中楼层 (共6层) 2室1厅 | 104.98平米 | 东 北 东北,https://ke-image.ljcdn.com/110000-inspection/6b53d95a-9ec6-4667-a6aa-ed0a56ac501f_1000.jpg!m_fill,w_280,h_210,f_jpg?from=ke.com
20241028,东城,和平里,101125494742,和平里砖角楼南里低楼层精装修两居室,427万,84521元/平,底层 (共6层) 2室1厅 | 50.52平米 | 东 西,https://ke-image.ljcdn.com/110000-inspection/2a1f3c8b-e68f-44bc-a713-b871a2bb4e75_1000.jpg!m_fill,w_280,h_210,f_jpg?from=ke.com
20241028,东城,和平里,101125490390,东城区和平里七区 两居室 低楼层 业主换房诚意出售,514万,100098元/平,底层 (共5层) 2室1厅 | 51.35平米 | 东 西,https://ke-image.ljcdn.com/110000-inspection/ed446c38-15bc-4094-bef9-c30a06339a88_1000.jpg!m_fill,w_280,h_210,f_jpg?from=ke.com
20241028,东城,和平里,101125474406,北二环和平里中街3号院 全南向两居室大客厅满五年房主自荐,987万,118659元/平,中楼层 (共20层) 2室1厅 | 83.18平米 | 南,https://ke-image.ljcdn.com/110000-inspection/19f3d2b3-9f9c-45b8-a7bc-2280fe25cd78_1000.jpg!m_fill,w_280,h_210,f_jpg?from=ke.com
20241028,东城,和平里,101125450062,煤科院小区和平街十三区满五年配合唯一看房预约,396万,67245元/平,中楼层 (共5层) 2室1厅 | 58.89平米 | 东,https://ke-image.ljcdn.com/110000-inspection/1f90d78c-f488-4c0a-a559-bc022bb1e53b_1000.jpg!m_fill,w_280,h_210,f_jpg?from=ke.com
20241028,东城,和平里,101125421920,盛德紫阙 视野采光好 户型好 精装修不临街 带车位,1070万,115439元/平,中楼层 (共20层) 1室1厅 | 92.69平米 | 东,https://ke-image.ljcdn.com/110000-inspection/53bc19b8-f4b0-43b4-89e3-e1e78d1750fa_1000.jpg!m_fill,w_280,h_210,f_jpg?from=ke.com
20241028,东城,和平里,101125411339,和平家园 和平街十区 中间层 满五唯一 两居室,520万,78550元/平,中楼层 (共4层) 2室1厅 | 66.2平米 | 南 北,https://ke-image.ljcdn.com/110000-inspection/caaf3335-f0cf-4d7b-b088-d4b91bbe8d3b_1000.jpg!m_fill,w_280,h_210,f_jpg?from=ke.com
20241028,东城,和平里,101125398188,地坛北里 南北朝向 明厨明卫 中间层 板楼有电梯,630万,124556元/平,中楼层 (共5层) 2室1厅 | 50.58平米 | 南 北,https://ke-image.ljcdn.com/110000-inspection/409c8136-865a-4540-b336-133fd04b11d2_1000.jpg!m_fill,w_280,h_210,f_jpg?from=ke.com
20241028,东城,和平里,101125299703,建研院 南北三居 前后花园 双阳台楼龄新 停车方便,1200万,111608元/平,中楼层 (共6层) 3室1厅 | 107.52平米 | 南 北,https://ke-image.ljcdn.com/110000-inspection/07cdacad-d7e0-4bd9-b53f-e238309ece11_1000.jpg!m_fill,w_280,h_210,f_jpg?from=ke.com
20241028,东城,和平里,101125292478,安外花园 3室1厅 南 北,935万,132193元/平,底层 (共5层) 3室1厅 | 70.73平米 | 南 北,https://ke-image.ljcdn.com/110000-inspection/3094b086-3a12-41fb-b893-8c9cdec05df3_1000.jpg!m_fill,w_280,h_210,f_jpg?from=ke.com
20241028,东城,和平里,101125284469,和平里七区 1室1厅 东 南,450万,105858元/平,底层 (共6层) 1室1厅 | 42.51平米 | 东 南,https://ke-image.ljcdn.com/110000-inspection/2a485699-81f9-468f-8db9-532b646ee389_1000.jpg!m_fill,w_280,h_210,f_jpg?from=ke.com
20241028,东城,和平里,101125277941,安外花园精装修有电梯双南向两居室,693万,113254元/平,低楼层 (共12层) 2室1厅 | 61.19平米 | 南,https://ke-image.ljcdn.com/110000-inspection/525ac1a3-5d90-4505-a155-0b54e1ef8678_1000.jpg!m_fill,w_280,h_210,f_jpg?from=ke.com
20241028,东城,和平里,101125257663,和平街十四区 2室1厅 东 西,310万,58403元/平,顶层 (共5层) 2室1厅 | 53.08平米 | 东 西,https://ke-image.ljcdn.com/110000-inspection/288525e2-6fac-48fa-9f24-6d0982cd0070_1000.jpg!m_fill,w_280,h_210,f_jpg?from=ke.com
20241028,东城,和平里,101125254574,和平里一区 2室1厅 南,598万,113624元/平,中楼层 (共11层) | 1990年 | 2室1厅 | 52.63平米 | 南,https://ke-image.ljcdn.com/110000-inspection/fa88a15d-d98b-4f3c-a534-508aa5400118_1000.jpg!m_fill,w_280,h_210,f_jpg?from=ke.com
20241028,东城,和平里,101125238347,盛德紫阙 40平客厅百万精装修 不临街 楼层视野好房主自荐,1299万,106747元/平,中楼层 (共20层) 2室1厅 | 121.69平米 | 东,https://ke-image.ljcdn.com/110000-inspection/pc1_AOeQTKOYK.jpg!m_fill,w_280,h_210,f_jpg?from=ke.com
20241028,东城,和平里,101125202741,和平里六区高楼层双南精装两居室楼层好视野好。,998万,119852元/平,高楼层 (共17层) 2室1厅 | 83.27平米 | 南,https://ke-image.ljcdn.com/110000-inspection/d5a1b74f-f6d8-43c4-93bc-9a7d6f1ea49d_1000.jpg!m_fill,w_280,h_210,f_jpg?from=ke.com
20241028,东城,和平里,101125196862,和平里五区东南向一居室  楼层高 视野好,440万,107370元/平,顶层 (共6层) 1室1厅 | 40.98平米 | 东南,https://ke-image.ljcdn.com/110000-inspection/185e43ba-fc2e-423d-ac8d-5dd066d9f96b_1000.jpg!m_fill,w_280,h_210,f_jpg?from=ke.com
20241028,东城,和平里,101125196415,安外花园精装修有电梯双南向两居室,760万,123638元/平,中楼层 (共12层) 2室1厅 | 61.47平米 | 南,https://ke-image.ljcdn.com/110000-inspection/165ea84b-a612-48c0-a055-1521653717d0_1000.jpg!m_fill,w_280,h_210,f_jpg?from=ke.com
20241028,东城,和平里,101125182189,砖角楼南里 满五年唯一 中间楼层不临街 拎包入住,368万,72901元/平,中楼层 (共6层) 2室1厅 | 50.48平米 | 东,https://ke-image.ljcdn.com/110000-inspection/457a32c0-f8f0-42fd-9af8-66f671e99919_1000.jpg!m_fill,w_280,h_210,f_jpg?from=ke.com
20241028,东城,和平里,101125161704,小黄庄路9号院！南北通透！户型好！,810万,95396元/平,低楼层 (共6层) | 1989年 | 3室1厅 | 84.91平米 | 南 北,https://ke-image.ljcdn.com/110000-inspection/4caa8d4e-8d3d-4a8c-82b1-0a6f3a7fcc0e_1000.jpg!m_fill,w_280,h_210,f_jpg?from=ke.com
20241028,东城,和平里,101125135016,和平里六区 管理好 楼层高带电梯,999万,111933元/平,高楼层 (共17层) 2室1厅 | 89.25平米 | 东南,https://ke-image.ljcdn.com/110000-inspection/92c6a4d7-3e47-4d92-8ee1-eab547a59f42_1000.jpg!m_fill,w_280,h_210,f_jpg?from=ke.com
20241028,东城,和平里,101125122397,砖角楼南里满五单位分房东西通透通风好交通便利,310万,56364元/平,高楼层 (共6层) | 1998年 | 2室1厅 | 55平米 | 东 西,https://ke-image.ljcdn.com/110000-inspection/b446a58f-2b4d-4966-87f7-5310e1d55828_1000.jpg!m_fill,w_280,h_210,f_jpg?from=ke.com
20241028,东城,和平里,101125097447,东土城路7号院 带电梯双东西楼层适中,456万,76267元/平,高楼层 (共16层) | 1993年 | 2室1厅 | 59.79平米 | 东 西,https://ke-image.ljcdn.com/110000-inspection/1162f107-1e57-49cf-9b56-014152832555_1000.jpg!m_fill,w_280,h_210,f_jpg?from=ke.com
20241028,东城,和平里,101125084688,和平街十三区煤科院精装修三居室,780万,88506元/平,中楼层 (共21层) 3室1厅 | 88.13平米 | 西北,https://ke-image.ljcdn.com/110000-inspection/ac1897c4-4932-4a3f-a2c3-262687f5025e_1000.jpg!m_fill,w_280,h_210,f_jpg?from=ke.com
20241028,东城,和平里,101125082346,和平里三区 精装修 单独管理 中间层 满五唯一房主自荐,1020万,113485元/平,中楼层 (共7层) 2室1厅 | 89.88平米 | 东 西,https://ke-image.ljcdn.com/110000-inspection/2cef41cf-5f2d-48dd-8eeb-21752471d75d_1000.jpg!m_fill,w_280,h_210,f_jpg?from=ke.com
20241028,东城,和平里,101125080606,北二环板楼南北通透1995年楼龄新。房主自荐,598万,73483元/平,中楼层 (共5层) | 1995年 | 3室1厅 | 81.38平米 | 南 北,https://ke-image.ljcdn.com/110000-inspection/0c426241-eb75-4f2a-bcc1-75cfb5d10e58_1000.jpg!m_fill,w_280,h_210,f_jpg?from=ke.com
20241028,东城,和平里,101125072355,1999年小区城建分房四居室两卫大客厅,1050万,71066元/平,低楼层 (共23层) 4室1厅 | 147.75平米 | 南 北,https://ke-image.ljcdn.com/110000-inspection/d47403e9-5dfd-418e-ab5e-7918596bcdfd_1000.jpg!m_fill,w_280,h_210,f_jpg?from=ke.com
20241028,东城,和平里,101125065002,和平西桥地铁三居带客厅双卫单独管理带车位01年楼龄房主自荐,1172万,85150元/平,低楼层 (共22层) 3室1厅 | 137.64平米 | 东南,https://ke-image.ljcdn.com/110000-inspection/2edb745d-f8d8-4756-95d9-5833506b48aa_1000.jpg!m_fill,w_280,h_210,f_jpg?from=ke.com
20241028,东城,和平里,101125005439,南向无遮挡中间层全明格局有电梯近地铁,285万,63802元/平,中楼层 (共14层) 1室1厅 | 44.67平米 | 南,https://ke-image.ljcdn.com/110000-inspection/fb762080-68b1-46b9-bf68-7de536209a09_1000.jpg!m_fill,w_280,h_210,f_jpg?from=ke.com
20241028,东城,和平里,101125003506,和平街十一区 3室1厅 南 北,558万,69473元/平,高楼层 (共6层) 3室1厅 | 80.32平米 | 南 北,https://ke-image.ljcdn.com/110000-inspection/bc210971-65f2-4ed9-8d87-a1d07039c7cf_1000.jpg!m_fill,w_280,h_210,f_jpg?from=ke.com
20241028,东城,和平里,101124998329,砖角楼北里 2室1厅 南,380万,73974元/平,顶层 (共4层) | 1979年 | 2室1厅 | 51.37平米 | 南,https://ke-image.ljcdn.com/110000-inspection/abc1ee10-410c-439c-801c-905ea2e79778_1000.jpg!m_fill,w_280,h_210,f_jpg?from=ke.com
20241028,东城,和平里,101124995324,盛德紫阙 1室1厅 西北,720万,97036元/平,高楼层 (共20层) 1室1厅 | 74.2平米 | 西北,https://ke-image.ljcdn.com/110000-inspection/18d74ca9-7ac4-4de8-a31b-328b92273e8b_1000.jpg!m_fill,w_280,h_210,f_jpg?from=ke.com
20241028,东城,和平里,101124962071,96年东城区和平里五区一居室中间层精装修看房方便,489万,120533元/平,中楼层 (共6层) 2室1厅 | 40.57平米 | 东南,https://ke-image.ljcdn.com/110000-inspection/e80c8dbe-e4b2-400d-b2ca-5339968008fb_1000.jpg!m_fill,w_280,h_210,f_jpg?from=ke.com
20241028,东城,和平里,101124945309,东城和平里明厨明卫南北通透电梯直达满五唯一,699万,104189元/平,高楼层 (共14层) 2室1厅 | 67.09平米 | 南 北,https://ke-image.ljcdn.com/110000-inspection/615dfc28-4d97-4ff8-946b-adb2a06d4960_1000.jpg!m_fill,w_280,h_210,f_jpg?from=ke.com
20241028,东城,和平里,101124885324,和平家园 林业部家属楼 南北通透 中间层 停车方便,498万,76817元/平,中楼层 (共4层) 2室1厅 | 64.83平米 | 南 北,https://ke-image.ljcdn.com/110000-inspection/7852d213-8667-4d9b-bb8d-506acb2b3941_1000.jpg!m_fill,w_280,h_210,f_jpg?from=ke.com
20241028,东城,和平里,101124865303,满五年唯一精装修高层观景房南北通透全明格局房主自荐,668万,82572元/平,高楼层 (共18层) | 1998年 | 3室1厅 | 80.9平米 | 南 北,https://ke-image.ljcdn.com/110000-inspection/d12c4851-0330-416e-a353-e6a10fe67e3b_1000.jpg!m_fill,w_280,h_210,f_jpg?from=ke.com
20241028,东城,和平里,101124828334,交林夹道小区诚心出售两居室南北向,692万,121001元/平,高楼层 (共6层) 2室1厅 | 57.19平米 | 南 北,https://ke-image.ljcdn.com/110000-inspection/d4e33f42-5bbb-42c0-a19a-c600d8192a05_1000.jpg!m_fill,w_280,h_210,f_jpg?from=ke.com
20241028,东城,和平里,101124790993,和平里六区三居室管理不错电梯直达,1258万,109975元/平,中楼层 (共14层) 3室1厅 | 114.39平米 | 东北,https://ke-image.ljcdn.com/110000-inspection/0cea11b1-5fd7-480c-aa9f-f609df4f1b6c_1000.jpg!m_fill,w_280,h_210,f_jpg?from=ke.com
20241028,东城,和平里,101124790936,东土城路13号院 1室1厅 南 北,166万,38153元/平,地下室 (共6层) 1室1厅 | 43.51平米 | 南 北,https://ke-image.ljcdn.com/110000-inspection/4baece40-a5f1-4650-817a-a65c3cb470ff_1000.jpg!m_fill,w_280,h_210,f_jpg?from=ke.com
20241028,东城,和平里,101124780459,砖角楼北里 2室1厅 东 西,380万,62102元/平,低楼层 (共6层) 2室1厅 | 61.19平米 | 东 西,https://ke-image.ljcdn.com/110000-inspection/pc1_mE1oYM6SZ_1.jpg!m_fill,w_280,h_210,f_jpg?from=ke.com
20241028,东城,和平里,101124745940,总监推荐民委三舍精装3居大客厅宽敞有电梯,1020万,100951元/平,低楼层 (共15层) 2室1厅 | 101.04平米 | 南 北,https://ke-image.ljcdn.com/110000-inspection/3a6148e0-ec52-4e50-a321-edd4ccd9e00e_1000.jpg!m_fill,w_280,h_210,f_jpg?from=ke.com
20241028,东城,和平里,101124728443,和平里 砖角楼南里  精装修 楼道贴瓷砖 管理好,370万,73472元/平,中楼层 (共16层) | 1992年 | 1室1厅 | 50.36平米 | 南,https://ke-image.ljcdn.com/110000-inspection/ab0d04e6-ce7b-4257-b5df-e5b02740275b_1000.jpg!m_fill,w_280,h_210,f_jpg?from=ke.com
20241028,东城,和平里,101124724598,青年沟路  双南2居  精装修,630万,102791元/平,中楼层 (共6层) 2室1厅 | 61.29平米 | 南 北,https://ke-image.ljcdn.com/110000-inspection/286e2d82-94c1-4d91-8d9c-4d772d24e61c_1000.jpg!m_fill,w_280,h_210,f_jpg?from=ke.com
20241028,东城,和平里,101124701902,光熙门地铁站-和平街十五区-1997年电梯楼两居室房主自荐,492万,75414元/平,中楼层 (共18层) | 1997年 | 2室1厅 | 65.24平米 | 南 西,https://ke-image.ljcdn.com/110000-inspection/pc1_F229ucAQi_1.jpg!m_fill,w_280,h_210,f_jpg?from=ke.com
20241028,东城,和平里,101124701427,和平西苑 3室2厅 东 西 北,999万,81445元/平,底层 (共22层) 3室2厅 | 122.66平米 | 东 西 北,https://ke-image.ljcdn.com/110000-inspection/137bf46f-ebc0-4794-9f5a-10b0eb5a41e6_1000.jpg!m_fill,w_280,h_210,f_jpg?from=ke.com
20241028,东城,和平里,101124650472,砖角楼南里 三居室  中高楼层 有电梯  看房方便,540万,77956元/平,中楼层 (共14层) 3室1厅 | 69.27平米 | 东 西 北,https://ke-image.ljcdn.com/110000-inspection/a6814653-cbc9-44cc-846a-229e60596e81_1000.jpg!m_fill,w_280,h_210,f_jpg?from=ke.com
20241028,东城,和平里,101124648100,和平里封闭社区-居住安静舒适不打扰-停车方便户型好,1200万,103942元/平,底层 (共6层) 3室1厅 | 115.45平米 | 南 北,https://ke-image.ljcdn.com/110000-inspection/95349719-1e0e-44ef-a1a0-9eadd47a6dd7_1000.jpg!m_fill,w_280,h_210,f_jpg?from=ke.com
20241028,东城,和平里,101124632904,东城 和平里 电梯三室 视野好 位置安静,799万,93385元/平,中楼层 (共14层) 3室1厅 | 85.56平米 | 东 西,https://ke-image.ljcdn.com/110000-inspection/e4cab1c3-a796-4483-9a72-9747afed1cad_1000.jpg!m_fill,w_280,h_210,f_jpg?from=ke.com
20241028,东城,和平里,101124624130,和平家园 南北通透 总监热推房,625万,76434元/平,中楼层 (共4层) 2室1厅 | 81.77平米 | 南 北,https://ke-image.ljcdn.com/110000-inspection/a2c799f1-fc22-4ac5-9b55-045a1f65496e_1000.jpg!m_fill,w_280,h_210,f_jpg?from=ke.com
20241028,东城,和平里,101124617462,和平街西苑优质大两居近地铁,699万,79055元/平,中楼层 (共18层) | 1998年 | 2室1厅 | 88.42平米 | 西南,https://ke-image.ljcdn.com/110000-inspection/28338356-ce18-4e3e-bffd-6547a1dd5731_1000.jpg!m_fill,w_280,h_210,f_jpg?from=ke.com
20241028,东城,和平里,101124614554,民委三舍有电梯楼龄新管理好,1350万,116863元/平,中楼层 (共15层) 3室1厅 | 115.52平米 | 南 北,https://ke-image.ljcdn.com/110000-inspection/5fad9587-fca0-47a8-a7da-cbeea750dfac_1000.jpg!m_fill,w_280,h_210,f_jpg?from=ke.com
20241028,东城,和平里,101124604459,砖角楼南里带电梯格局好用二环附近,445万,64242元/平,低楼层 (共14层) 3室1厅 | 69.27平米 | 东 西 北,https://ke-image.ljcdn.com/110000-inspection/357720a1-90dc-4d17-909d-a1632e3a5ee0_1000.jpg!m_fill,w_280,h_210,f_jpg?from=ke.com
20241028,东城,和平里,101124601126,煤炭科技院小区管理好三室大客厅。,838万,81773元/平,低楼层 (共22层) 3室2厅 | 102.48平米 | 东北,https://ke-image.ljcdn.com/110000-inspection/9ca967aa-8ca8-48a2-b848-ec6db053d5cb_1000.jpg!m_fill,w_280,h_210,f_jpg?from=ke.com
20241028,东城,和平里,101124585480,和平家园  全明格局两居 楼龄1987年,418万,78839元/平,高楼层 (共6层) | 1987年 | 2室1厅 | 53.02平米 | 南 北,https://ke-image.ljcdn.com/110000-inspection/pc1_EM3DBEXFC.jpg!m_fill,w_280,h_210,f_jpg?from=ke.com
20241028,东城,和平里,101124573156,本房满五年家庭一套住房楼林新视野采光好,659万,74531元/平,中楼层 (共18层) 2室1厅 | 88.42平米 | 南 西,https://ke-image.ljcdn.com/110000-inspection/ee37179c-cb28-4391-8f81-fbfeff2be5e5_1000.jpg!m_fill,w_280,h_210,f_jpg?from=ke.com
20241028,东城,和平里,101124559462,和平街十一区 2室1厅 南,375万,80490元/平,中楼层 (共16层) | 1994年 | 2室1厅 | 46.59平米 | 南,https://ke-image.ljcdn.com/110000-inspection/c70ef269-6265-42cd-8589-78946be12625_1000.jpg!m_fill,w_280,h_210,f_jpg?from=ke.com
20241028,东城,和平里,101124501882,此房满五年家庭一套无遮挡户型方正诚心卖,350万,73669元/平,低楼层 (共18层) | 1998年 | 1室1厅 | 47.51平米 | 南,https://ke-image.ljcdn.com/110000-inspection/44f08e57-b647-41f8-a97f-9d8129a56873_1000.jpg!m_fill,w_280,h_210,f_jpg?from=ke.com
20241028,东城,和平里,101124501647,东城区成交前10名社区和平里七区南北两居室中间层,740万,127236元/平,高楼层 (共6层) 2室1厅 | 58.16平米 | 北 南,https://ke-image.ljcdn.com/110000-inspection/db18b703-5291-4815-a73f-165a4c7b5c4e_1000.jpg!m_fill,w_280,h_210,f_jpg?from=ke.com
20241028,东城,和平里,101124496814,和平街十五区 双东向中间层无遮挡。,450万,70269元/平,中楼层 (共14层) | 1988年 | 2室1厅 | 64.04平米 | 东 西,https://ke-image.ljcdn.com/110000-inspection/26a60bbd-2707-407c-8add-eb6c9f6f1785_1000.jpg!m_fill,w_280,h_210,f_jpg?from=ke.com
20241028,东城,和平里,101124492604,煤科院南小区  楼龄新 诚意出售 随时签约,700万,84206元/平,高楼层 (共9层) | 1994年 | 3室1厅 | 83.13平米 | 南 北,https://ke-image.ljcdn.com/110000-inspection/271b6370-2005-46c0-83fb-1e1f2acb1d5d_1000.jpg!m_fill,w_280,h_210,f_jpg?from=ke.com
20241028,东城,和平里,101124450432,和平里五区 1室1厅 东南,370万,98667元/平,地下室 (共6层) 1室1厅 | 37.5平米 | 东南,https://ke-image.ljcdn.com/110000-inspection/09fc04be-b7f5-4ee1-8e99-7870a3516dd2_1000.jpg!m_fill,w_280,h_210,f_jpg?from=ke.com
20241028,东城,和平里,101124409021,东城区兴化西里中间层南北通透两居室不临街,626万,111250元/平,中楼层 (共5层) 2室1厅 | 56.27平米 | 南 北,https://ke-image.ljcdn.com/110000-inspection/2a03a8c4-5a08-4394-95e3-c2e6d42f0d24_1000.jpg!m_fill,w_280,h_210,f_jpg?from=ke.com
20241028,东城,和平里,101124401816,砖角楼南里精装修一居室拎包即住,280万,64442元/平,高楼层 (共6层) 1室1厅 | 43.45平米 | 东,https://ke-image.ljcdn.com/110000-inspection/0c85a989-eb56-4a2b-861c-08c721f6c056_1000.jpg!m_fill,w_280,h_210,f_jpg?from=ke.com
20241028,东城,和平里,101124385007,和平里七区 2室1厅 南,498万,127334元/平,中楼层 (共4层) 2室1厅 | 39.11平米 | 南,https://ke-image.ljcdn.com/110000-inspection/pc1_ZVXOdXv2l.jpg!m_fill,w_280,h_210,f_jpg?from=ke.com
20241028,东城,和平里,101124325285,东土城路13号院 精装修一居室二环边单价6万+,320万,62562元/平,顶层 (共5层) | 1995年 | 1室1厅 | 51.15平米 | 南,https://ke-image.ljcdn.com/110000-inspection/6af24427-7220-4981-9c45-04d68fd4c425_1000.jpg!m_fill,w_280,h_210,f_jpg?from=ke.com
20241028,东城,和平里,101124300633,满五年唯一小区环境好安静24小时门卫有门禁,288万,61989元/平,低楼层 (共20层) 1室1厅 | 46.46平米 | 南,https://ke-image.ljcdn.com/110000-inspection/d4243a3d-d02c-473d-90aa-e9c96b136340_1000.jpg!m_fill,w_280,h_210,f_jpg?from=ke.com
20241028,东城,和平里,101124284533,和平新城大平层三居室  视野好 无遮挡 有地下车库房主自荐,2200万,139179元/平,中楼层 (共21层) 3室2厅 | 158.07平米 | 东南,https://ke-image.ljcdn.com/110000-inspection/d5779ff6-3f30-44fa-a5d9-a0f54c62ecf5_1000.jpg!m_fill,w_280,h_210,f_jpg?from=ke.com
20241028,东城,和平里,101124254861,明厨明卫高层视野好直看西山,1250万,98909元/平,高楼层 (共19层) 2室1厅 | 126.38平米 | 西南,https://ke-image.ljcdn.com/110000-inspection/0935614e-cb83-49e8-96fd-2427b134b137_1000.jpg!m_fill,w_280,h_210,f_jpg?from=ke.com
20241028,东城,和平里,101124251466,和平里七区满五年中间层层高3米全明格局林业局分房,499万,91342元/平,中楼层 (共4层) 2室1厅 | 54.63平米 | 东 西,https://ke-image.ljcdn.com/110000-inspection/7631748b-ac3f-4010-913a-d463f78abe30_1000.jpg!m_fill,w_280,h_210,f_jpg?from=ke.com
20241028,东城,和平里,101124246399,和平街十区 2室1厅 东,345万,72556元/平,中楼层 (共4层) | 1957年 | 2室1厅 | 47.55平米 | 东,https://ke-image.ljcdn.com/110000-inspection/7ea45736-e84d-4260-a5d8-7ec00acc1be8_1000.jpg!m_fill,w_280,h_210,f_jpg?from=ke.com
20241028,东城,和平里,101124230857,精装修好楼层。户型棒！朝向好！,700万,85491元/平,高楼层 (共18层) | 1996年 | 2室1厅 | 81.88平米 | 东南,https://ke-image.ljcdn.com/110000-inspection/1f35738a-244f-4e9c-9f4e-eb54a8743500_1000.jpg!m_fill,w_280,h_210,f_jpg?from=ke.com
20241028,东城,和平里,101124203862,和平街西苑精装两居带电梯 好楼层 拎包入住  满五唯一,595万,70851元/平,中楼层 (共18层) 2室2厅 | 83.98平米 | 西北,https://ke-image.ljcdn.com/110000-inspection/3f7ab9aa-6a99-41b6-94e5-6bc8ac6d75a7_1000.jpg!m_fill,w_280,h_210,f_jpg?from=ke.com
20241028,东城,和平里,101124156913,五区甲院 满五年央产 2000年板楼 电梯直达,1800万,102887元/平,高楼层 (共7层) 5室1厅 | 174.95平米 | 南 北,https://ke-image.ljcdn.com/110000-inspection/716340d0-96d0-4e8d-a8ed-81ff48985eb0_1000.jpg!m_fill,w_280,h_210,f_jpg?from=ke.com
20241028,东城,和平里,101124092925,和平里六区 管理好能停车 带电梯 满五唯一,960万,110434元/平,高楼层 (共17层) 3室1厅 | 86.93平米 | 西南,https://ke-image.ljcdn.com/110000-inspection/b04bd984-b4d3-419c-a5de-a1a1381cbf9c_1000.jpg!m_fill,w_280,h_210,f_jpg?from=ke.com
20241028,东城,和平里,101124065893,和平街西苑 1室1厅 东,270万,61281元/平,底层 (共7层) | 1997年 | 1室1厅 | 44.06平米 | 东,https://ke-image.ljcdn.com/110000-inspection/pc1_2dSUI1rj1_1.jpg!m_fill,w_280,h_210,f_jpg?from=ke.com
20241028,东城,和平里,101124058670,和平里板块南北小2居商品房产权清晰交易简单。,550万,110776元/平,顶层 (共5层) 2室1厅 | 49.65平米 | 南 北,https://ke-image.ljcdn.com/110000-inspection/eaee574d-60c9-4afe-bbbc-8f308246aba2_1000.jpg!m_fill,w_280,h_210,f_jpg?from=ke.com
20241028,东城,和平里,101124024175,满五商品房  中间层 2000年楼龄,900万,120000元/平,低楼层 (共6层) 2室1厅 | 75平米 | 西南,https://ke-image.ljcdn.com/110000-inspection/2bb2ab80-0814-44ea-b3a9-01f492137529_1000.jpg!m_fill,w_280,h_210,f_jpg?from=ke.com
20241028,东城,和平里,101124021531,民旺园电梯直达3居室诚意出售！,786万,119982元/平,高楼层 (共16层) 3室1厅 | 65.51平米 | 东 北,https://ke-image.ljcdn.com/110000-inspection/6007609e-34cf-49dd-808f-60b52fd9b32d_1000.jpg!m_fill,w_280,h_210,f_jpg?from=ke.com
20241028,东城,和平里,101123954313,煤科院小区安静正规三居明厨明厅房主自荐,690万,79594元/平,底层 (共21层) | 1998年 | 3室1厅 | 86.69平米 | 西北,https://ke-image.ljcdn.com/110000-inspection/7387aac6-bd4c-492d-a807-4eca46517eeb_1000.jpg!m_fill,w_280,h_210,f_jpg?from=ke.com
20241028,东城,和平里,101123911357,和平里东街9号院航天部分房2000年楼龄新。,1099万,141844元/平,高楼层 (共16层) 2室1厅 | 77.48平米 | 南,https://ke-image.ljcdn.com/110000-inspection/1ed8386a-fe2a-41ba-81d8-735c5cbb481a_1000.jpg!m_fill,w_280,h_210,f_jpg?from=ke.com
20241028,东城,和平里,101123907467,锦鸿阁2007年商品房社区满五年,520万,75880元/平,低楼层 (共14层) | 2006年 | 1室1厅 | 68.53平米 | 西,https://ke-image.ljcdn.com/110000-inspection/pc1_hdtF4vMtg.jpg!m_fill,w_280,h_210,f_jpg?from=ke.com
20241028,东城,和平里,101123890000,和平里五区 1室1厅 东南,460万,113385元/平,低楼层 (共6层) 1室1厅 | 40.57平米 | 东南,https://ke-image.ljcdn.com/110000-inspection/0bd273dd-effd-48a4-8cc6-8a9ef4332d32_1000.jpg!m_fill,w_280,h_210,f_jpg?from=ke.com
20241028,东城,和平里,101123886999,东土城路1号院南北两居不临街交通便利,399万,55103元/平,顶层 (共6层) | 1996年 | 2室1厅 | 72.41平米 | 南 北,https://ke-image.ljcdn.com/110000-inspection/dc196668-e288-4782-808c-d2de39476379_1000.jpg!m_fill,w_280,h_210,f_jpg?from=ke.com
20241028,东城,和平里,101123880946,和平街十五区 不临街 无遮挡 电梯直达明厨明卫三居室,720万,88999元/平,低楼层 (共18层) 3室1厅 | 80.9平米 | 南 北,https://ke-image.ljcdn.com/110000-inspection/a54d80f7-2cd4-45a3-b35d-4af3779506e3_1000.jpg!m_fill,w_280,h_210,f_jpg?from=ke.com
20241028,东城,和平里,101123808470,【总监力荐】科技苑彩楼 精装电梯两室 品质小区视野好房主自荐,740万,96986元/平,中楼层 (共22层) 2室1厅 | 76.3平米 | 东,https://ke-image.ljcdn.com/110000-inspection/756ef398-ab1f-4bab-8c34-1eb3f9cd73f1_1000.jpg!m_fill,w_280,h_210,f_jpg?from=ke.com
20241028,东城,和平里,101123807878,砖角楼南里 1室1厅 南,295万,70897元/平,高楼层 (共6层) 1室1厅 | 41.61平米 | 南,https://ke-image.ljcdn.com/110000-inspection/61434839-1a9b-440b-acab-66d85ed15670_1000.jpg!m_fill,w_280,h_210,f_jpg?from=ke.com
20241028,东城,和平里,101123676738,总监推荐 和平里五区 诚意出售价格可谈近公园和地铁,628万,113934元/平,低楼层 (共6层) 2室1厅 | 55.12平米 | 南 北,https://ke-image.ljcdn.com/110000-inspection/559592a4-fbb9-4096-9879-7d3d183758a5_1000.jpg!m_fill,w_280,h_210,f_jpg?from=ke.com
20241028,东城,和平里,101123580062,东城和平里安外大街80号院东西通透两居室,570万,103355元/平,中楼层 (共6层) 2室1厅 | 55.15平米 | 东 西,https://ke-image.ljcdn.com/110000-inspection/pc1_RZ6JkoSUd.jpg!m_fill,w_280,h_210,f_jpg?from=ke.com
20241028,东城,和平里,101123543163,和平街十二区 3室2厅 南 西 北,685万,74938元/平,高楼层 (共14层) | 1998年 | 3室2厅 | 91.41平米 | 南 西 北,https://ke-image.ljcdn.com/110000-inspection/1e52cec9-4bc7-4a7d-96ea-c82422655750_1000.jpg!m_fill,w_280,h_210,f_jpg?from=ke.com
20241028,东城,和平里,101123495665,和平街煤炭科技院和平街十三区满五年,535万,83114元/平,高楼层 (共22层) 1室1厅 | 64.37平米 | 南,https://ke-image.ljcdn.com/110000-inspection/347099ac-3430-42a1-b67c-b9b375f8f8a7_1000.jpg!m_fill,w_280,h_210,f_jpg?from=ke.com
20241028,东城,和平里,101123485421,和平街东土城路1号院南北通透两居,290万,55567元/平,地下室 (共6层) 2室1厅 | 52.19平米 | 南 北,https://ke-image.ljcdn.com/110000-inspection/8a48e65e-202b-4768-bc57-42ace67ef158_1000.jpg!m_fill,w_280,h_210,f_jpg?from=ke.com
20241028,东城,和平里,101123471119,精装修南北通透3居室华润物业航天部大院,825万,133237元/平,中楼层 (共6层) 3室1厅 | 61.92平米 | 南 北,https://ke-image.ljcdn.com/110000-inspection/5204a092-2cc5-4a3d-93cb-d167d45f5a24_1000.jpg!m_fill,w_280,h_210,f_jpg?from=ke.com
20241028,东城,和平里,101123432160,东城区和平里三区南北通透全明格局两居室,680万,116619元/平,顶层 (共6层) 2室1厅 | 58.31平米 | 南 北,https://ke-image.ljcdn.com/110000-inspection/6a97af04-cf54-4b1b-8f37-b4e06f422b51_1000.jpg!m_fill,w_280,h_210,f_jpg?from=ke.com
20241028,东城,和平里,101123408258,民旺园满五年唯一 低楼层 着急出售,700万,115875元/平,低楼层 (共6层) 3室1厅 | 60.41平米 | 东 南 西,https://ke-image.ljcdn.com/110000-inspection/pc1_yQkoHcRKX_1.jpg!m_fill,w_280,h_210,f_jpg?from=ke.com
20241028,东城,和平里,101123365082,和平里六区 带电梯 南向一居室 有钥匙 看房方便,580万,129263元/平,低楼层 (共18层) 1室1厅 | 44.87平米 | 南,https://ke-image.ljcdn.com/110000-inspection/5c42ac50-1004-4b58-8305-cef2e7db967c_1000.jpg!m_fill,w_280,h_210,f_jpg?from=ke.com
20241028,东城,和平里,101123340274,和平里交林夹道小区东城管理好的小区停车位充足,566万,102056元/平,顶层 (共6层) 2室1厅 | 55.46平米 | 南,https://ke-image.ljcdn.com/110000-inspection/7dfef46f-9ec6-42f4-b84a-71547544e6e1_1000.jpg!m_fill,w_280,h_210,f_jpg?from=ke.com
20241028,东城,和平里,101123299598,和平街西苑精装两居带电梯拎包入住 满五唯一商品房,630万,75018元/平,顶层 (共18层) 2室2厅 | 83.98平米 | 西北,https://ke-image.ljcdn.com/110000-inspection/bfe47d0f-675f-444f-8e2a-616175f9a0a4_1000.jpg!m_fill,w_280,h_210,f_jpg?from=ke.com
20241028,东城,和平里,101123285328,建研院 3室1厅 南 北,840万,108528元/平,中楼层 (共6层) | 1979年 | 3室1厅 | 77.4平米 | 南 北,https://ke-image.ljcdn.com/110000-inspection/795e65cc-4f1f-427a-8fae-cf95634c0a30_1000.jpg!m_fill,w_280,h_210,f_jpg?from=ke.com
20241028,东城,和平里,101123272642,和平家园和平街十区南北向两居室车位充足,495万,73160元/平,中楼层 (共5层) 2室1厅 | 67.66平米 | 南 北,https://ke-image.ljcdn.com/110000-inspection/c8f20c4c-52fb-4c0c-bb2c-a147abef7005_1000.jpg!m_fill,w_280,h_210,f_jpg?from=ke.com
20241028,东城,和平里,101123200419,店长推荐 东城区和平里三区 近公园明卫户型诚心售,630万,111269元/平,顶层 (共6层) 2室1厅 | 56.62平米 | 南 北,https://ke-image.ljcdn.com/110000-inspection/b705f472-1ac6-48f4-b556-a617fb54f60f_1000.jpg!m_fill,w_280,h_210,f_jpg?from=ke.com
20241028,东城,和平里,101123124290,和平街十四区  带客厅1993年楼龄新南北通透,368万,63504元/平,顶层 (共6层) | 1993年 | 2室1厅 | 57.95平米 | 南 北,https://ke-image.ljcdn.com/110000-inspection/cb89a880-9385-4304-ac95-5d3bafc7a83b_1000.jpg!m_fill,w_280,h_210,f_jpg?from=ke.com
20241028,东城,和平里,101123123727,层高3米 南北通透 靠近地铁和公园,600万,126369元/平,底层 (共3层) 2室1厅 | 47.48平米 | 南 北,https://ke-image.ljcdn.com/110000-inspection/pc1_gQu3SixaD_1.jpg!m_fill,w_280,h_210,f_jpg?from=ke.com
20241028,东城,和平里,101123077750,东城和平里三区你能想象？一居室能装修出这种效果房主自荐,539万,132857元/平,中楼层 (共6层) 1室1厅 | 40.57平米 | 西南,https://ke-image.ljcdn.com/110000-inspection/80cdb9bd-e5ed-4334-998c-ae80d76b9837_1000.jpg!m_fill,w_280,h_210,f_jpg?from=ke.com
20241028,东城,和平里,101123049972,和平里东街15号院两居室带正规客厅满五年商品房,585万,107854元/平,顶层 (共6层) 3室1厅 | 54.24平米 | 东 西 北,https://ke-image.ljcdn.com/110000-inspection/e40dd507-b0cf-4ecb-b6e0-662b53d0d47a_1000.jpg!m_fill,w_280,h_210,f_jpg?from=ke.com
20241028,东城,和平里,101123027398,房本满5年楼龄新精装修买了家具家电就能住,505万,117771元/平,中楼层 (共6层) 1室1厅 | 42.88平米 | 东南,https://ke-image.ljcdn.com/110000-inspection/d81e816b-407b-45d8-a66d-f3285e925d3c_1000.jpg!m_fill,w_280,h_210,f_jpg?from=ke.com
20241028,东城,和平里,101122993696,和平里东南向一居室中间楼层简单装修,460万,113385元/平,中楼层 (共6层) 1室1厅 | 40.57平米 | 东南,https://ke-image.ljcdn.com/110000-inspection/fb3d49a0-aca7-4e68-87ee-f6353cd52b55_1000.jpg!m_fill,w_280,h_210,f_jpg?from=ke.com
20241028,东城,和平里,101122981125,民旺园小区满五唯一商品房精装修,716万,129266元/平,底层 (共6层) 2室1厅 | 55.39平米 | 南,https://ke-image.ljcdn.com/110000-inspection/5f69fe71-7d7d-4b23-ac2c-54aba1915901_1000.jpg!m_fill,w_280,h_210,f_jpg?from=ke.com
20241028,东城,和平里,101122931290,东城区- 和平里街道- 和平里五区,590万,143973元/平,中楼层 (共6层) 1室1厅 | 40.98平米 | 东南,https://ke-image.ljcdn.com/110000-inspection/f89bec3b-67e0-44e8-b93a-1c5836d4c656_1000.jpg!m_fill,w_280,h_210,f_jpg?from=ke.com
20241028,东城,和平里,101122877834,东城区 和平里 和平里七区 南向一居室 中间楼层,558万,153424元/平,中楼层 (共5层) 1室1厅 | 36.37平米 | 南,https://ke-image.ljcdn.com/110000-inspection/pc1_m1tBiJT30.jpg!m_fill,w_280,h_210,f_jpg?from=ke.com
20241028,东城,和平里,101122869624,青年沟    精装修   南北通透优质好房,600万,100892元/平,顶层 (共6层) 2室1厅 | 59.47平米 | 南 北,https://ke-image.ljcdn.com/110000-inspection/3b6ca9a4-377f-4b62-869b-312313b000a8_1000.jpg!m_fill,w_280,h_210,f_jpg?from=ke.com
20241028,东城,和平里,101122852026,砖角楼南里 2室1厅 东 西北 东北房主自荐,413万,60996元/平,高楼层 (共16层) 2室1厅 | 67.71平米 | 东 西北 东北,https://ke-image.ljcdn.com/110000-inspection/64c39241-3c3c-4e6e-bfad-5fcc631f1fd3_1000.jpg!m_fill,w_280,h_210,f_jpg?from=ke.com
20241028,东城,和平里,101122840775,盛德紫阙 东城区 纯商品房 2017年 保利物业,1500万,103015元/平,中楼层 (共20层) 3室1厅 | 145.61平米 | 西,https://ke-image.ljcdn.com/110000-inspection/21520bbc-bd20-4f95-9c37-41fecd38811c_1000.jpg!m_fill,w_280,h_210,f_jpg?from=ke.com
20241028,东城,和平里,101122826474,北二环 电梯直达 视野开阔 采光充足 楼龄新,415万,73426元/平,中楼层 (共16层) 2室1厅 | 56.52平米 | 西南,https://ke-image.ljcdn.com/110000-inspection/b584d87a-8278-436f-9e3b-ef1731cccaf4_1000.jpg!m_fill,w_280,h_210,f_jpg?from=ke.com
20241028,东城,和平里,101122795462,底价呈现麟角东南向中层视野好人车分流有地库房主自荐,1400万,114044元/平,中楼层 (共21层) 2室1厅 | 122.76平米 | 南 北 东,https://ke-image.ljcdn.com/110000-inspection/dfd0f311-28ff-4a66-8eb9-a9fbd6f9fd82_1000.jpg!m_fill,w_280,h_210,f_jpg?from=ke.com
20241028,东城,和平里,101122674106,2003年商品房东南角三居室采光好,1920万,121174元/平,低楼层 (共20层) 3室1厅 | 158.45平米 | 东南,https://ke-image.ljcdn.com/110000-inspection/0385d864-65b0-4855-bf70-039d9d8c9306_1000.jpg!m_fill,w_280,h_210,f_jpg?from=ke.com
20241028,东城,和平里,101122669352,东城区 康鸿家园 南北通透三居室,1520万,101693元/平,中楼层 (共6层) 3室2厅 | 149.47平米 | 南 北,https://ke-image.ljcdn.com/110000-inspection/57843ed6-10c0-4d7c-b8f7-cfa5b387da1c_1000.jpg!m_fill,w_280,h_210,f_jpg?from=ke.com
20241028,东城,和平里,101122668756,和平里六区三居室高楼层景观好小区品质高,1319万,108027元/平,高楼层 (共17层) 3室1厅 | 122.1平米 | 西南 北,https://ke-image.ljcdn.com/110000-inspection/fc0a1d3d-f090-46fe-9975-966cd32c459a_1000.jpg!m_fill,w_280,h_210,f_jpg?from=ke.com
20241028,东城,和平里,101122638197,化工大院 品质小区 双东2居 中间楼层 诚心出售,499万,115057元/平,中楼层 (共5层) 2室1厅 | 43.37平米 | 东,https://ke-image.ljcdn.com/110000-inspection/29b49ab2-ebab-4bc3-90ac-14565e12b826_1000.jpg!m_fill,w_280,h_210,f_jpg?from=ke.com
20241028,东城,和平里,101122604565,和平里砖角楼南里 带电梯 管理好 小户型一居室,233万,59033元/平,低楼层 (共22层) | 1985年 | 1室1厅 | 39.47平米 | 东南,https://ke-image.ljcdn.com/110000-inspection/d0977630-c949-46b7-abe0-99a92e774ea8_1000.jpg!m_fill,w_280,h_210,f_jpg?from=ke.com
20241028,东城,和平里,101122594823,东城和平里安外花园一层精装修 采光好 诚心出售房主自荐,520万,138778元/平,底层 (共6层) 1室1厅 | 37.47平米 | 南,https://ke-image.ljcdn.com/110000-inspection/b0d132a4-70e3-4c35-99db-313a5f26df34_1000.jpg!m_fill,w_280,h_210,f_jpg?from=ke.com
20241028,东城,和平里,101122584122,东城区东城区和平里三区,480万,118315元/平,中楼层 (共6层) 1室1厅 | 40.57平米 | 西 南,https://ke-image.ljcdn.com/110000-inspection/e04861fb-3011-4992-b43f-61522648d7fe_1000.jpg!m_fill,w_280,h_210,f_jpg?from=ke.com
20241028,东城,和平里,101122574583,南北通透 精装修 户型方正 无任何遮挡满五唯一,599万,98439元/平,顶层 (共6层) 2室1厅 | 60.85平米 | 南 北,https://ke-image.ljcdn.com/110000-inspection/6e69ec51-9500-42db-ab0a-8d50447698c5_1000.jpg!m_fill,w_280,h_210,f_jpg?from=ke.com
20241028,东城,和平里,101122546494,安外花园 全名格局 田字格三居室 航天家属院 管理好,838万,111913元/平,中楼层 (共5层) 3室1厅 | 74.88平米 | 南 北,https://ke-image.ljcdn.com/110000-inspection/1b49fd83-9b81-41dc-be4a-8bb762e65569_1000.jpg!m_fill,w_280,h_210,f_jpg?from=ke.com
20241028,东城,和平里,101122522824,柏林寺西采光好双南2居室满五年央产。,645万,116469元/平,中楼层 (共6层) 2室1厅 | 55.38平米 | 南,https://ke-image.ljcdn.com/110000-inspection/299d4867-7ad3-42c1-9d6d-6dff255f6606_1000.jpg!m_fill,w_280,h_210,f_jpg?from=ke.com
20241028,东城,和平里,101122514370,安外大街80号院 独立小区 东城区 不临街,456万,106344元/平,顶层 (共6层) | -1年 | 1室1厅 | 42.88平米 | 南,https://ke-image.ljcdn.com/110000-inspection/pc1_VP91CWdey.jpg!m_fill,w_280,h_210,f_jpg?from=ke.com
20241028,东城,和平里,101122488297,和平里七区 2室1厅 南 北,570万,94075元/平,顶层 (共6层) 2室1厅 | 60.59平米 | 南 北,https://ke-image.ljcdn.com/110000-inspection/4198fd9d-0d2f-41d5-b0e2-2849116e5b89_1000.jpg!m_fill,w_280,h_210,f_jpg?from=ke.com
20241028,东城,和平里,101122484983,砖角楼北里南北通透带明厅小区安静管理好。,455万,68288元/平,中楼层 (共5层) | 1960年 | 2室1厅 | 66.63平米 | 南 西 北,https://ke-image.ljcdn.com/110000-inspection/pc1_sgBI0cKZZ.jpg!m_fill,w_280,h_210,f_jpg?from=ke.com
20241028,东城,和平里,101122429683,和平街八区 2室1厅 南 北,480万,85001元/平,顶层 (共6层) 2室1厅 | 56.47平米 | 南 北,https://ke-image.ljcdn.com/110000-inspection/99f717f2-7e43-4d21-968f-e07e50f3cc18_1000.jpg!m_fill,w_280,h_210,f_jpg?from=ke.com
20241028,东城,和平里,101122421491,安外花园、和平里安外花园、5号线沿线南北通透三居,870万,107954元/平,低楼层 (共12层) 3室1厅 | 80.59平米 | 南 北,https://ke-image.ljcdn.com/110000-inspection/2b9c8c2e-1c94-467c-916c-6a8daa6ab4a2_1000.jpg!m_fill,w_280,h_210,f_jpg?from=ke.com
20241028,东城,和平里,101122407125,建研院南向中间层1居满五年央产停车方便,365万,89659元/平,中楼层 (共5层) | 1984年 | 1室1厅 | 40.71平米 | 南,https://ke-image.ljcdn.com/110000-inspection/c66261ef-af57-451e-aa11-0146ebb07014_1000.jpg!m_fill,w_280,h_210,f_jpg?from=ke.com
20241028,东城,和平里,101122382306,柳芳地铁站和平里北街甲5号院满五年房主自荐,398万,67026元/平,低楼层 (共6层) | 1998年 | 2室1厅 | 59.38平米 | 东 西,https://ke-image.ljcdn.com/110000-inspection/4a0fff97-f615-4a44-a63e-6c1bbe4f7a1a_1000.jpg!m_fill,w_280,h_210,f_jpg?from=ke.com
20241028,东城,和平里,101122366557,和平里砖角楼北里 南北通透  户型好,450万,72581元/平,中楼层 (共5层) 2室1厅 | 62平米 | 西南 北,https://ke-image.ljcdn.com/110000-inspection/46f7711b-ec79-4e86-86cf-f4b9d7d5ba31_1000.jpg!m_fill,w_280,h_210,f_jpg?from=ke.com
20241028,东城,和平里,101122329607,和平街十三区  煤炭家属楼 管理好 楼龄新 带客厅,422万,67585元/平,中楼层 (共9层) | 1994年 | 2室1厅 | 62.44平米 | 南 北,https://ke-image.ljcdn.com/110000-inspection/033e7fe1-e539-486e-9f4e-64b48e207aa1_1000.jpg!m_fill,w_280,h_210,f_jpg?from=ke.com
20241028,东城,和平里,101122303428,建研院 2室1厅 南 北,1228万,117411元/平,顶层 (共6层) | 1999年 | 2室1厅 | 104.59平米 | 南 北,https://ke-image.ljcdn.com/110000-inspection/72ca7a3c-17a2-412c-809a-583ae9167695_1000.jpg!m_fill,w_280,h_210,f_jpg?from=ke.com
20241028,东城,和平里,101122279254,北二环边朝阳区南北通透两居室95年板楼业主诚售,520万,73499元/平,顶层 (共6层) 2室1厅 | 70.75平米 | 南 北,https://ke-image.ljcdn.com/110000-inspection/260bca80-b38d-41d3-8f6e-fe0b3e16b27a_1000.jpg!m_fill,w_280,h_210,f_jpg?from=ke.com
20241028,东城,和平里,101122253804,和平街西苑 3室1厅 东南,1160万,98766元/平,中楼层 (共18层) 3室1厅 | 117.45平米 | 东南,https://ke-image.ljcdn.com/110000-inspection/67313e9b-fc1c-4e4e-9520-b5371ab2b53d_1000.jpg!m_fill,w_280,h_210,f_jpg?from=ke.com
20241028,东城,和平里,101122196203,和平家园和平街十区精装修两居室,450万,79604元/平,顶层 (共6层) 2室1厅 | 56.53平米 | 南 北,https://ke-image.ljcdn.com/110000-inspection/38dc0125-2591-4339-851e-ec4c3a20c186_1000.jpg!m_fill,w_280,h_210,f_jpg?from=ke.com
20241028,东城,和平里,101122188552,和平新城一期东南向人车分流地库会所高层三居室房主自荐,2100万,138031元/平,中楼层 (共19层) 3室2厅 | 152.14平米 | 南 东,https://ke-image.ljcdn.com/110000-inspection/a2464413-8193-4389-a7e1-e0731d029e19_1000.jpg!m_fill,w_280,h_210,f_jpg?from=ke.com
20241028,东城,和平里,101122058283,兴化西里2005年建成楼龄新满五唯一东西大一居,630万,107546元/平,中楼层 (共6层) | 2005年 | 1室1厅 | 58.58平米 | 东 西,https://ke-image.ljcdn.com/110000-inspection/6634406a-59cc-4aed-a6e2-b96bb2edf443_1000.jpg!m_fill,w_280,h_210,f_jpg?from=ke.com
20241028,东城,和平里,101122038359,和平里兴化西里 精装修3居室 低楼层,790万,101530元/平,中楼层 (共5层) 3室1厅 | 77.81平米 | 南,https://ke-image.ljcdn.com/110000-inspection/4b4bb9f3-c012-40c1-bde3-e3b53ded5abb_1000.jpg!m_fill,w_280,h_210,f_jpg?from=ke.com
20241028,东城,和平里,101122025662,和平里七区 东西朝向 中间楼层 本楼已经改造过 管理好,740万,93743元/平,低楼层 (共3层) 3室1厅 | 78.94平米 | 东 西,https://ke-image.ljcdn.com/110000-inspection/32ead57e-bf01-4d74-8240-3e24fdeb21ed_1000.jpg!m_fill,w_280,h_210,f_jpg?from=ke.com
20241028,东城,和平里,101122017300,三环里 和平里 和平街十二区 中间层带电梯 南北向三居,800万,85755元/平,低楼层 (共14层) 3室1厅 | 93.29平米 | 南 北 东,https://ke-image.ljcdn.com/110000-inspection/8c3adddc-897d-40ea-9006-dbc90f272491_1000.jpg!m_fill,w_280,h_210,f_jpg?from=ke.com
20241028,东城,和平里,101121990306,北二环和平里锦鸿阁小区满五年看房方便,600万,79714元/平,高楼层 (共14层) | 2006年 | 2室2厅 | 75.27平米 | 西,https://ke-image.ljcdn.com/110000-inspection/b02eeef8-e418-4017-8b76-cbf3f443ef01_1000.jpg!m_fill,w_280,h_210,f_jpg?from=ke.com
20241028,东城,和平里,101121890589,和平家园楼龄1994年楼龄三居室带客厅车位充足,788万,94214元/平,中楼层 (共6层) 3室1厅 | 83.64平米 | 南 西 东北,https://ke-image.ljcdn.com/110000-inspection/722e188a-35c8-4333-957f-e852e42a4da4_1000.jpg!m_fill,w_280,h_210,f_jpg?from=ke.com
20241028,东城,和平里,101121832310,化工研究院南院独立社区中间层南北两居,420万,71030元/平,中楼层 (共6层) 2室1厅 | 59.13平米 | 南 北,https://ke-image.ljcdn.com/110000-inspection/pc1_nkX31nCgq.jpg!m_fill,w_280,h_210,f_jpg?from=ke.com
20241028,东城,和平里,101121776997,和平街十三区双南向两居室格局方正无浪费面积,370万,72153元/平,顶层 (共6层) 2室1厅 | 51.28平米 | 南,https://ke-image.ljcdn.com/110000-inspection/e45f0f7e-00e5-4abb-bc0e-38dcd58c1419_1000.jpg!m_fill,w_280,h_210,f_jpg?from=ke.com
20241028,东城,和平里,101121756065,地坛北里 经典三居室 东南向 中间按楼层,790万,124862元/平,中楼层 (共5层) 3室1厅 | 63.27平米 | 南 北 西,https://ke-image.ljcdn.com/110000-inspection/85376cd6-f32e-48c2-99a0-ffcb4d7ecec4_1000.jpg!m_fill,w_280,h_210,f_jpg?from=ke.com
20241028,东城,和平里,101121733507,林调社区 林业部宿舍 大理石外立面带电梯停车放便,810万,149806元/平,中楼层 (共5层) 2室1厅 | 54.07平米 | 南 北,https://ke-image.ljcdn.com/110000-inspection/1aaf2fd7-8b20-4a22-819e-bb8826123b0e_1000.jpg!m_fill,w_280,h_210,f_jpg?from=ke.com
20241028,东城,和平里,101121725269,煤科院方正三居无遮挡干部楼南北通透管理好,850万,91585元/平,底层 (共14层) | 1983年 | 3室1厅 | 92.81平米 | 南 北,https://ke-image.ljcdn.com/110000-inspection/pc1_lsLej9bMY.jpg!m_fill,w_280,h_210,f_jpg?from=ke.com
20241028,东城,和平里,101121661897,和平街十五区双南向两居室满五年央产房,517万,79970元/平,低楼层 (共18层) | 1997年 | 2室1厅 | 64.65平米 | 南,https://ke-image.ljcdn.com/110000-inspection/pc1_F3rIfu4lh.jpg!m_fill,w_280,h_210,f_jpg?from=ke.com
20241028,东城,和平里,101121654280,地坛北里 2室1厅 西北,680万,121668元/平,中楼层 (共6层) 2室1厅 | 55.89平米 | 西北,https://ke-image.ljcdn.com/110000-inspection/pc1_v3mu7bEqq.jpg!m_fill,w_280,h_210,f_jpg?from=ke.com
20241028,东城,和平里,101121634599,东城区 和平里 安外大街80号院 三室一厅 南北通透,960万,116209元/平,低楼层 (共6层) 3室1厅 | 82.61平米 | 东 南 北,https://ke-image.ljcdn.com/110000-inspection/89ef3ebc-d59e-407d-9971-5d0e83a184c7_1000.jpg!m_fill,w_280,h_210,f_jpg?from=ke.com
20241028,东城,和平里,101121578998,央产房视野好电梯直达。有停车位,715万,116053元/平,中楼层 (共16层) 2室1厅 | 61.61平米 | 南 北,https://ke-image.ljcdn.com/110000-inspection/33f506ab-e67f-4b5a-acf6-8df9676fe1cc_1000.jpg!m_fill,w_280,h_210,f_jpg?from=ke.com
20241028,东城,和平里,101121505169,此房南北通透明厨明卫客厅带窗全明格局钢混楼龄,505万,70749元/平,低楼层 (共14层) 2室1厅 | 71.38平米 | 南 北,https://ke-image.ljcdn.com/110000-inspection/e813eb9f-9a1f-4725-8b89-7d910789e34d_1000.jpg!m_fill,w_280,h_210,f_jpg?from=ke.com
20241028,东城,和平里,101121504655,和平街十四区全明精装修南北三居室带固定车位,680万,84947元/平,低楼层 (共6层) | 1965年 | 3室1厅 | 80.05平米 | 南 北,https://ke-image.ljcdn.com/110000-inspection/ec13e4db-6145-48bf-9111-ddf5d9782d68_1000.jpg!m_fill,w_280,h_210,f_jpg?from=ke.com
20241028,东城,和平里,101121463784,东城区 和平里 和平里七区 中间楼层,660万,108929元/平,中楼层 (共6层) 2室1厅 | 60.59平米 | 南 北,https://ke-image.ljcdn.com/110000-inspection/08057e2b-e7e6-427c-8537-2d8a5994af57_1000.jpg!m_fill,w_280,h_210,f_jpg?from=ke.com
20241028,东城,和平里,101121440932,东城区和平里五区楼龄新1996年紧挨地坛公园地铁5号线,499万,121767元/平,低楼层 (共6层) 1室1厅 | 40.98平米 | 西南,https://ke-image.ljcdn.com/110000-inspection/77d07088-b6e5-4fc8-8037-6e24da12f00f_1000.jpg!m_fill,w_280,h_210,f_jpg?from=ke.com
20241028,东城,和平里,101121396366,和平里七区 东西通透2居室 改造过 小区环境好,825万,110873元/平,顶层 (共3层) 2室1厅 | 74.41平米 | 东 西,https://ke-image.ljcdn.com/110000-inspection/18803017-3634-48c5-8bf1-489ccce7269b_1000.jpg!m_fill,w_280,h_210,f_jpg?from=ke.com
20241028,东城,和平里,101121374766,和平里3居室带客厅2000年建满5唯1一层两户房主自荐,1130万,107476元/平,高楼层 (共7层) 3室1厅 | 105.14平米 | 南 北,https://ke-image.ljcdn.com/110000-inspection/1e79a2bf-9fae-42a9-9253-4ee60d7cb6bd_1000.jpg!m_fill,w_280,h_210,f_jpg?from=ke.com
20241028,东城,和平里,101121306964,二环边 砖角楼南里 楼龄新 采光好房主自荐,227万,52244元/平,顶层 (共6层) 1室1厅 | 43.45平米 | 东,https://ke-image.ljcdn.com/110000-inspection/5cc304cc-a6bc-47b2-8319-4b1929be2f99_1000.jpg!m_fill,w_280,h_210,f_jpg?from=ke.com
20241028,东城,和平里,101121294396,二环边近地铁刚需客群砖角楼南里,320万,72744元/平,顶层 (共6层) 2室1厅 | 43.99平米 | 南 北,https://ke-image.ljcdn.com/110000-inspection/478752af-42c8-48d6-8681-86ee90f1178e_1000.jpg!m_fill,w_280,h_210,f_jpg?from=ke.com
20241028,东城,和平里,101121252666,盛德紫阙 东城和平里 兼顾次新改善 邻公园 近地铁,1650万,113317元/平,中楼层 (共20层) | 2017年 | 3室1厅 | 145.61平米 | 西,https://ke-image.ljcdn.com/110000-inspection/pc1_M47NibUga_1.jpg!m_fill,w_280,h_210,f_jpg?from=ke.com
20241028,东城,和平里,101121238633,和平里五区中间楼层两居不临街交易成本低诚心出售,550万,134212元/平,中楼层 (共6层) 1室1厅 | 40.98平米 | 西南,https://ke-image.ljcdn.com/110000-inspection/pc1_7WUaxhSj9.jpg!m_fill,w_280,h_210,f_jpg?from=ke.com
20241028,东城,和平里,101121215613,东土城路13号院半地下南北向两居室总价便宜,342万,51007元/平,地下室 (共6层) | 1995年 | 2室1厅 | 67.05平米 | 南 北,https://ke-image.ljcdn.com/110000-inspection/d8d92560-26bc-46cc-af6a-c0daa572fddb_1000.jpg!m_fill,w_280,h_210,f_jpg?from=ke.com
20241028,东城,和平里,101121208098,南北通透中间楼层楼道干净有门禁有固定车位,726万,119822元/平,中楼层 (共6层) 2室1厅 | 60.59平米 | 南 北,https://ke-image.ljcdn.com/110000-inspection/0177c282-eeb4-4a3c-8d05-b970ea0fcb3d_1000.jpg!m_fill,w_280,h_210,f_jpg?from=ke.com
20241028,东城,和平里,101121183435,东城 和平里 甘水桥带电梯三居室,850万,99346元/平,中楼层 (共14层) 3室1厅 | 85.56平米 | 东 西,https://ke-image.ljcdn.com/110000-inspection/64b0d356-96f6-4ece-a08d-5efce96f87a9_1000.jpg!m_fill,w_280,h_210,f_jpg?from=ke.com
20241028,东城,和平里,101121129399,柏林寺西华润物业正规3居室满五年唯一,738万,128059元/平,底层 (共6层) 3室1厅 | 57.63平米 | 东 西,https://ke-image.ljcdn.com/110000-inspection/pc1_uCxi8dbPj.jpg!m_fill,w_280,h_210,f_jpg?from=ke.com
20241028,东城,和平里,101121071559,东土城路甲3号院  精装修4居室 满五5年房主自荐,930万,57472元/平,高楼层 (共16层) 4室1厅 | 161.82平米 | 东 西,https://ke-image.ljcdn.com/110000-inspection/b9d004e3-738a-4e41-a41d-236799a26764_1000.jpg!m_fill,w_280,h_210,f_jpg?from=ke.com
20241028,东城,和平里,101121024065,和平西街双南两居电梯钢混靠近地铁出行方便,480万,77432元/平,低楼层 (共16层) | 1986年 | 2室1厅 | 61.99平米 | 南,https://ke-image.ljcdn.com/110000-inspection/5326d4b1-659b-4f5f-9370-d7b7dfb426ec_1000.jpg!m_fill,w_280,h_210,f_jpg?from=ke.com
20241028,东城,和平里,101121020433,和平街西苑 1997年 中间楼层 正规三居,1180万,92848元/平,中楼层 (共18层) 3室1厅 | 127.09平米 | 东南,https://ke-image.ljcdn.com/110000-inspection/1f6030f4-f1c2-4586-9285-e526c9715dd6_1000.jpg!m_fill,w_280,h_210,f_jpg?from=ke.com
20241028,东城,和平里,101120953651,和平街西苑低楼层满五年商品房,660万,74644元/平,低楼层 (共18层) 2室1厅 | 88.42平米 | 西南,https://ke-image.ljcdn.com/110000-inspection/0b474f23-c7d3-4c41-95df-ca77659d72cc_1000.jpg!m_fill,w_280,h_210,f_jpg?from=ke.com
20241028,东城,和平里,101120941411,砖角楼北里 南北三居室 满五年,460万,78258元/平,中楼层 (共5层) 3室1厅 | 58.78平米 | 南 北,https://ke-image.ljcdn.com/110000-inspection/50a542b0-4b2a-45ae-99d9-eb347f5bc2f3_1000.jpg!m_fill,w_280,h_210,f_jpg?from=ke.com
20241028,东城,和平里,101120919516,和平街十区 南北通透 停车方便 交通绿化高 3层半位置房主自荐,485万,85796元/平,中楼层 (共6层) | 1966年 | 2室1厅 | 56.53平米 | 南 北,https://ke-image.ljcdn.com/110000-inspection/fb9f34bb-26c0-4c72-910c-9080221b7fab_1000.jpg!m_fill,w_280,h_210,f_jpg?from=ke.com
20241028,东城,和平里,101120894582,北二环边近地铁不临街民旺园胡同,620万,115478元/平,中楼层 (共5层) 2室1厅 | 53.69平米 | 南,https://ke-image.ljcdn.com/110000-inspection/c77c6610-3440-42b2-ab2e-342175ce02f2_1000.jpg!m_fill,w_280,h_210,f_jpg?from=ke.com
20241028,东城,和平里,101120890272,东城和平里 兴化西里 不临街采光好明厨明卫格局方正,620万,98304元/平,顶层 (共5层) 2室1厅 | 63.07平米 | 南,https://ke-image.ljcdn.com/110000-inspection/pc1_85xKzM7jN.jpg!m_fill,w_280,h_210,f_jpg?from=ke.com
20241028,东城,和平里,101120814642,北二环边近地铁南北通透俩居,360万,61739元/平,底层 (共6层) 2室1厅 | 58.31平米 | 南 北,https://ke-image.ljcdn.com/110000-inspection/6c9753f5-1f5c-46ae-940b-7402273bcc0c_1000.jpg!m_fill,w_280,h_210,f_jpg?from=ke.com
20241028,东城,和平里,101120632358,东土城路9号院两居室业主诚心出售,570万,79933元/平,中楼层 (共23层) 2室1厅 | 71.31平米 | 东南,https://ke-image.ljcdn.com/110000-inspection/a9774899-f523-4525-b8a2-a45ead42393f_1000.jpg!m_fill,w_280,h_210,f_jpg?from=ke.com
20241028,东城,和平里,101120471826,和平街西苑两居室独门独院安静不临街,210万,36301元/平,地下室 (共7层) | 1997年 | 2室1厅 | 57.85平米 | 南 北,https://ke-image.ljcdn.com/110000-inspection/pc1_qt3iGOnfG.jpg!m_fill,w_280,h_210,f_jpg?from=ke.com
20241028,东城,和平里,101120442147,东城区甘水桥中间楼层满五年唯一,569万,103643元/平,中楼层 (共5层) 2室1厅 | 54.9平米 | 南,https://ke-image.ljcdn.com/110000-inspection/d1fa11e1-f2ea-4da3-b038-57dbf8288d39_1000.jpg!m_fill,w_280,h_210,f_jpg?from=ke.com
20241028,东城,和平里,101120298342,十二区南小区 管理好 1992年楼龄,360万,60883元/平,顶层 (共6层) 2室1厅 | 59.13平米 | 南 北,https://ke-image.ljcdn.com/110000-inspection/pc1_C16so7lFl.jpg!m_fill,w_280,h_210,f_jpg?from=ke.com
20241028,东城,和平里,101120268194,精装修 单位分房 看房方便 南北通透,286万,42655元/平,地下室 (共6层) | 1995年 | 2室1厅 | 67.05平米 | 南 北,https://ke-image.ljcdn.com/110000-inspection/pc1_PyBbi0KMG_1.jpg!m_fill,w_280,h_210,f_jpg?from=ke.com
20241028,东城,和平里,101120250185,和平里东街9号院 2室1厅 东 北 东北,820万,105725元/平,底层 (共16层) 2室1厅 | 77.56平米 | 东 北 东北,https://ke-image.ljcdn.com/110000-inspection/pc1_0qt4QOEgF.jpg!m_fill,w_280,h_210,f_jpg?from=ke.com
20241028,东城,和平里,101120182923,和平里九区 2室1厅 西北,740万,83334元/平,顶层 (共4层) 2室1厅 | 88.8平米 | 西北,https://ke-image.ljcdn.com/110000-inspection/pc1_yaME1IpX6.jpg!m_fill,w_280,h_210,f_jpg?from=ke.com
20241028,东城,和平里,101119718442,东北二环边地理位置优越南北通透带大客厅,450万,74209元/平,中楼层 (共5层) 2室1厅 | 60.64平米 | 南 北,https://ke-image.ljcdn.com/110000-inspection/pc1_p9gNmm3mA.jpg!m_fill,w_280,h_210,f_jpg?from=ke.com
20241028,东城,和平里,101119571848,建研院满五年唯一 实用面积大 有车位 2001年楼龄,920万,120278元/平,底层 (共6层) | 2001年 | 2室1厅 | 76.49平米 | 南 北,https://ke-image.ljcdn.com/110000-inspection/pc1_GnOZKILaP_1.jpg!m_fill,w_280,h_210,f_jpg?from=ke.com
20241028,东城,和平里,101119567483,东城区和平里三区双南2层两居室,820万,144596元/平,低楼层 (共6层) 2室1厅 | 56.71平米 | 南,https://ke-image.ljcdn.com/110000-inspection/6eba773c-3c44-4bcd-9862-a274b163f8ea_1000.jpg!m_fill,w_280,h_210,f_jpg?from=ke.com
20241028,东城,和平里,101119474103,和平里五区 一层满五家庭名下一套住房,600万,116370元/平,底层 (共6层) 2室1厅 | 51.56平米 | 南 北,https://ke-image.ljcdn.com/110000-inspection/4dfef863-e411-4737-9777-6296c10e1af6_1000.jpg!m_fill,w_280,h_210,f_jpg?from=ke.com
20241028,东城,和平里,101119420153,砖角楼北里中间楼层南北三居室田字格户型,515万,83482元/平,中楼层 (共5层) | 1976年 | 3室1厅 | 61.69平米 | 南 北,https://ke-image.ljcdn.com/110000-inspection/499bd8df-59e1-4dcc-835e-5301842890fb_1000.jpg!m_fill,w_280,h_210,f_jpg?from=ke.com
20241028,东城,和平里,101119319535,和平街西苑  满五年唯一  两居室,470万,74806元/平,低楼层 (共21层) | 1997年 | 2室1厅 | 62.83平米 | 东,https://ke-image.ljcdn.com/110000-inspection/3aa1de28-6386-42d0-9edb-2c02ba4a6a3d_1000.jpg!m_fill,w_280,h_210,f_jpg?from=ke.com
20241028,东城,和平里,101119304180,和平里砖角楼北里 户型方正一居室 非顶层 不临街,270万,64936元/平,高楼层 (共6层) 1室1厅 | 41.58平米 | 东,https://ke-image.ljcdn.com/110000-inspection/279bf01b-2ff9-4ed1-bd9c-7a272402113b_1000.jpg!m_fill,w_280,h_210,f_jpg?from=ke.com
20241028,东城,和平里,101119227889,和平里七区 东城房本 带正规客厅 楼层好 价格可谈,698万,101336元/平,中楼层 (共6层) 2室1厅 | 68.88平米 | 东 西,https://ke-image.ljcdn.com/110000-inspection/91c5c2be-5ee8-43f7-bb51-ed2cafee796e_1000.jpg!m_fill,w_280,h_210,f_jpg?from=ke.com
20241028,东城,和平里,101118856753,和平街十三区 满五年房 管理好 外保温已做,382万,71296元/平,高楼层 (共6层) 2室1厅 | 53.58平米 | 东 西,https://ke-image.ljcdn.com/110000-inspection/pc1_Kff2tj6Uj_1.jpg!m_fill,w_280,h_210,f_jpg?from=ke.com
20241028,东城,和平里,101118831849,和平街十一区  东南2居  不临街,580万,82504元/平,顶层 (共21层) | 1990年 | 2室1厅 | 70.3平米 | 东南,https://ke-image.ljcdn.com/110000-inspection/pc1_ESYwn6wPT.jpg!m_fill,w_280,h_210,f_jpg?from=ke.com
20241028,东城,和平里,101118807297,和平街十区 南向2居 采光好 随时签约,428万,68744元/平,顶层 (共5层) | 1965年 | 2室1厅 | 62.26平米 | 南,https://ke-image.ljcdn.com/110000-inspection/213dbcd9-0c36-460b-9f06-e2753d95bdfd_1000.jpg!m_fill,w_280,h_210,f_jpg?from=ke.com
20241028,东城,和平里,101118678523,和平街十四区-一层南向一居室-满五唯一,388万,100363元/平,底层 (共6层) 1室1厅 | 38.66平米 | 南,https://ke-image.ljcdn.com/110000-inspection/3087582e-ae73-4174-800f-f4f3528a8547_1000.jpg!m_fill,w_280,h_210,f_jpg?from=ke.com
20241028,东城,和平里,101118540263,东城和平里 兴化西里 南北3居 不临街房主自荐,599万,78920元/平,底层 (共5层) 3室1厅 | 75.9平米 | 南 北,https://ke-image.ljcdn.com/110000-inspection/pc1_aux8FzlE1.jpg!m_fill,w_280,h_210,f_jpg?from=ke.com
20241028,东城,和平里,101118338558,光熙门地铁站旁高层南向无遮挡带厅精装满五唯一一居,330万,70094元/平,中楼层 (共18层) 1室1厅 | 47.08平米 | 南,https://ke-image.ljcdn.com/110000-inspection/7432e4c9-c21f-4e0b-9412-485c86991614_1000.jpg!m_fill,w_280,h_210,f_jpg?from=ke.com
20241028,东城,和平里,101116807840,中间楼层3居18年楼整体改造可视门禁,570万,76727元/平,中楼层 (共6层) | 1998年 | 3室1厅 | 74.29平米 | 东 西,https://ke-image.ljcdn.com/110000-inspection/pc1_dbQizXas4.jpg!m_fill,w_280,h_210,f_jpg?from=ke.com
20241028,东城,和平里,101116510288,2007年房龄、满五年唯一、楼层低适合老人有地下车库,1128万,128255元/平,底层 (共21层) 2室1厅 | 87.95平米 | 东北,https://ke-image.ljcdn.com/110000-inspection/35bee46c-a3e5-4181-916f-8b5ef5f60fa4_1000.jpg!m_fill,w_280,h_210,f_jpg?from=ke.com
20241028,东城,和平里,101115506090,东城三居室 此房满五年唯一 诚意着急出售,2140万,140660元/平,中楼层 (共19层) 3室1厅 | 152.14平米 | 东南,https://ke-image.ljcdn.com/110000-inspection/pc1_bqZSGWqCe.jpg!m_fill,w_280,h_210,f_jpg?from=ke.com
20241028,东城,和平里,101112117128,东土城路九号院砖角楼南里 东西三居室,540万,73280元/平,中楼层 (共5层) 3室1厅 | 73.69平米 | 东 西,https://ke-image.ljcdn.com/110000-inspection/pc1_cFYPPEIRV_1.jpg!m_fill,w_280,h_210,f_jpg?from=ke.com
20241028,东城,和平里,101110402852,和平街十五区精装2居带客厅 可直接拎包入住,625万,91482元/平,高楼层 (共14层) | 1988年 | 3室1厅 | 68.32平米 | 南 西 北,https://ke-image.ljcdn.com/110000-inspection/pc1_5zf6l3L9o_1.jpg!m_fill,w_280,h_210,f_jpg?from=ke.com
20241028,东城,和平里,101127281211,东城区和平里人车分流商品房社区一居室业主诚售新上,638万,114317元/平,中楼层 (共20层) 1室1厅 | 55.81平米 | 北,https://ke-image.ljcdn.com/110000-inspection/6508e8a9-b9fe-4bb5-97da-794585328ce9_1000.jpg!m_fill,w_280,h_210,f_jpg?from=ke.com
20241028,东城,和平里,101127275604,东城 兴化西里 南北通透明厨明卫 低楼层新上,545万,93853元/平,底层 (共5层) 2室1厅 | 58.07平米 | 南 北,https://ke-image.ljcdn.com/110000-inspection/3744d68b-e2ef-45ff-ba61-ac4dfddca882_1000.jpg!m_fill,w_280,h_210,f_jpg?from=ke.com
20241028,东城,和平里,101127272228,精装修两室一厅满五唯一南北通透采光好全明格局新上,599万,116334元/平,底层 (共5层) 2室1厅 | 51.49平米 | 南 北,https://ke-image.ljcdn.com/110000-inspection/161a2f50-7fe5-4d99-9ca8-03bf7c3fea94_1000.jpg!m_fill,w_280,h_210,f_jpg?from=ke.com
20241028,东城,和平里,101127263330,和平街15区和平街十五区诚意出售价格可谈新上,340万,69502元/平,顶层 (共14层) | 1988年 | 1室1厅 | 48.92平米 | 东 西,https://ke-image.ljcdn.com/110000-inspection/fd3d01a6-8e83-4d73-bc4f-3a6f1cd3a7de_1000.jpg!m_fill,w_280,h_210,f_jpg?from=ke.com
20241028,东城,和平里,101127262497,和平街十四区 2室1厅 南 北新上,458万,80126元/平,高楼层 (共6层) | 1993年 | 2室1厅 | 57.16平米 | 南 北,https://ke-image.ljcdn.com/110000-inspection/6b87c85a-165d-408b-9b6e-0c0c64b5c630_1000.jpg!m_fill,w_280,h_210,f_jpg?from=ke.com
20241028,东城,和平里,101127254833,中间层不临街明厨明卫双南向正规两居室全明格局新上,678万,124336元/平,中楼层 (共5层) 2室1厅 | 54.53平米 | 南,https://ke-image.ljcdn.com/110000-inspection/5d7d974f-4746-4ab1-bb81-c19d0d78a570_1000.jpg!m_fill,w_280,h_210,f_jpg?from=ke.com
20241028,东城,和平里,101127254829,和平里七区田字格中楼层南北通透全明格局新上,899万,112432元/平,中楼层 (共4层) 3室1厅 | 79.96平米 | 南 北,https://ke-image.ljcdn.com/110000-inspection/f580a202-a902-4a39-b05c-096fa66fddbe_1000.jpg!m_fill,w_280,h_210,f_jpg?from=ke.com
20241028,东城,和平里,101127254476,和平街十三区煤科院分房社区环境好两居室带客厅新上,490万,74030元/平,底层 (共9层) | 1994年 | 2室1厅 | 66.19平米 | 东 西,https://ke-image.ljcdn.com/110000-inspection/b0596a4b-5286-4c3e-8d28-346efb4abad1_1000.jpg!m_fill,w_280,h_210,f_jpg?from=ke.com
20241028,东城,和平里,101127252872,百万精装修少见带厅中楼层安静无遮挡新上,949万,115605元/平,中楼层 (共6层) 3室2厅 | 82.09平米 | 南 北,https://ke-image.ljcdn.com/110000-inspection/8cdecdf6-895a-45b2-bf91-a16dc3bde51c_1000.jpg!m_fill,w_280,h_210,f_jpg?from=ke.com
20241028,东城,和平里,101127250235,和平里东街9号院 2室1厅 东 南新上,830万,108017元/平,低楼层 (共16层) 2室1厅 | 76.84平米 | 东 南,https://ke-image.ljcdn.com/110000-inspection/999627f4-86fa-43cc-ad03-b17ec8229590_1000.jpg!m_fill,w_280,h_210,f_jpg?from=ke.com
20241028,东城,和平里,101127246396,和平街十区 2室1厅 东 西新上,368万,76381元/平,顶层 (共6层) 2室1厅 | 48.18平米 | 东 西,https://ke-image.ljcdn.com/110000-inspection/51f85599-e94d-445c-a4be-a228f3e51e85_1000.jpg!m_fill,w_280,h_210,f_jpg?from=ke.com
20241028,东城,和平里,101127244926,和平家园  南向两居室带正规客厅  精装修新上,586万,84135元/平,高楼层 (共6层) 2室1厅 | 69.65平米 | 南,https://ke-image.ljcdn.com/110000-inspection/pc1_wqKeEfgR1_1.jpg!m_fill,w_280,h_210,f_jpg?from=ke.com
20241028,东城,和平里,101127243979,和平里五区 便宜一居室业主诚心出售价格可谈新上,485万,119547元/平,高楼层 (共6层) | 1996年 | 1室1厅 | 40.57平米 | 东南,https://ke-image.ljcdn.com/110000-inspection/a39f0801-77c8-4005-a957-f422a37744ec_1000.jpg!m_fill,w_280,h_210,f_jpg?from=ke.com
20241028,东城,和平里,101127243820,南北通透2020年精装修。落地飘窗新上,1690万,111803元/平,低楼层 (共21层) 2室2厅 | 151.16平米 | 南 北,https://ke-image.ljcdn.com/110000-inspection/pc1_zdFOq8DlB_1.jpg!m_fill,w_280,h_210,f_jpg?from=ke.com
20241028,东城,和平里,101127242816,和平街十区 2室1厅 东 西新上,550万,88326元/平,中楼层 (共6层) 2室1厅 | 62.27平米 | 东 西,https://ke-image.ljcdn.com/110000-inspection/pc1_UupekkD4l_1.jpg!m_fill,w_280,h_210,f_jpg?from=ke.com
20241028,东城,和平里,101127242219,和平街十一区 3室0厅 北 南新上,498万,66083元/平,高楼层 (共16层) | 1980年 | 3室0厅 | 75.36平米 | 北 南,https://ke-image.ljcdn.com/110000-inspection/3bd4e97d-59c6-4d91-9529-6635da4973f2_1000.jpg!m_fill,w_280,h_210,f_jpg?from=ke.com
20241028,东城,和平里,101127242224,此房满五年唯一南北通透楼层高视野好方正合理好新上,465万,122272元/平,中楼层 (共5层) 2室0厅 | 38.03平米 | 南 北,https://ke-image.ljcdn.com/110000-inspection/pc1_DEukTYND7.jpg!m_fill,w_280,h_210,f_jpg?from=ke.com
20241028,东城,和平里,101127241900,和平街十一区 2室1厅 南 北新上,460万,77014元/平,中楼层 (共5层) 2室1厅 | 59.73平米 | 南 北,https://ke-image.ljcdn.com/110000-inspection/607c6bd9-bf27-447b-b390-00ffd99a72d4_1000.jpg!m_fill,w_280,h_210,f_jpg?from=ke.com
20241028,东城,和平里,101127241550,东北二环边 东向精装一居 阳台有个飘窗 精致装修新上,310万,71069元/平,底层 (共6层) | 1993年 | 1室1厅 | 43.62平米 | 东,https://ke-image.ljcdn.com/110000-inspection/ea28cc82-bc3c-4d96-b1f4-2c042b1b5ee4_1000.jpg!m_fill,w_280,h_210,f_jpg?from=ke.com
20241028,东城,和平里,101127241804,和平街十一区 2室1厅 东 西新上,360万,76907元/平,中楼层 (共6层) 2室1厅 | 46.81平米 | 东 西,https://ke-image.ljcdn.com/110000-inspection/06361c2e-d4ba-492c-a05e-f038f3b379de_1000.jpg!m_fill,w_280,h_210,f_jpg?from=ke.com
20241028,东城,和平里,101127241418,和平家园 正规两居室 南北通透 央产房 诚心出售新上,490万,77422元/平,中楼层 (共4层) 2室0厅 | 63.29平米 | 南 北,https://ke-image.ljcdn.com/110000-inspection/7972ec22-79ec-4448-85b2-6967c8db415d_1000.jpg!m_fill,w_280,h_210,f_jpg?from=ke.com
20241028,东城,和平里,101127241488,和平街西苑一室一厅楼龄新楼龄新可公积金贷款新上,320万,65871元/平,低楼层 (共7层) | 1997年 | 1室1厅 | 48.58平米 | 东,https://ke-image.ljcdn.com/110000-inspection/132beac4-8c9c-4e67-9bdf-64424ee4fc0b_1000.jpg!m_fill,w_280,h_210,f_jpg?from=ke.com
20241028,东城,和平里,101127241543,和平西街 精装修两居室 5/12双轨换乘新上,388万,72106元/平,低楼层 (共16层) | 1986年 | 2室0厅 | 53.81平米 | 西,https://ke-image.ljcdn.com/110000-inspection/d84b8253-d096-4003-bbb1-863d6ebd3958_1000.jpg!m_fill,w_280,h_210,f_jpg?from=ke.com
20241028,东城,和平里,101127241249,东土城路13号院有电梯楼龄新有客厅看房方便新上,339万,67410元/平,顶层 (共14层) | 1994年 | 1室1厅 | 50.29平米 | 东 西,https://ke-image.ljcdn.com/110000-inspection/pc1_XKCcn2BnH.jpg!m_fill,w_280,h_210,f_jpg?from=ke.com
20241028,东城,和平里,101127240459,和平街十三区中间楼层 安静不临街3居室新上,510万,81535元/平,中楼层 (共6层) | 1980年 | 3室1厅 | 62.55平米 | 东 西,https://ke-image.ljcdn.com/110000-inspection/79a17fc6-54ff-4114-a41d-5ccd74d1eb8b_1000.jpg!m_fill,w_280,h_210,f_jpg?from=ke.com
20241028,东城,和平里,101127240115,和平里中街3号院 3室1厅 西 南新上,910万,104394元/平,底层 (共21层) 3室1厅 | 87.17平米 | 西 南,https://ke-image.ljcdn.com/110000-inspection/pc1_M6HcsRw5d_1.jpg!m_fill,w_280,h_210,f_jpg?from=ke.com
20241028,东城,和平里,101127239967,和平街十区 精装3居 满5年 停车方便新上,820万,78976元/平,中楼层 (共4层) | 1959年 | 2室2厅 | 103.83平米 | 东北,https://ke-image.ljcdn.com/110000-inspection/acf050c3-a960-4960-a6f3-7f5f85a443d1_1000.jpg!m_fill,w_280,h_210,f_jpg?from=ke.com
20241028,东城,和平里,101127237678,交林 2室1厅 南 北新上,735万,136821元/平,中楼层 (共5层) 2室1厅 | 53.72平米 | 南 北,https://ke-image.ljcdn.com/110000-inspection/5bdf59d3-db72-4723-ad2b-b9f05c5cec3c_1000.jpg!m_fill,w_280,h_210,f_jpg?from=ke.com
20241028,东城,和平里,101127236354,和平街十一区 2室1厅 东 西新上,298万,63662元/平,顶层 (共6层) 2室1厅 | 46.81平米 | 东 西,https://ke-image.ljcdn.com/110000-inspection/pc1_OSJOuLuPV.jpg!m_fill,w_280,h_210,f_jpg?from=ke.com
20241028,东城,和平里,101127234812,电梯板楼管理到位舒适。阳光南向。一家四代都能住新上,2100万,112222元/平,顶层 (共6层) 4室2厅 | 187.13平米 | 南 北,https://ke-image.ljcdn.com/110000-inspection/pc1_lM6gp3f48_1.jpg!m_fill,w_280,h_210,f_jpg?from=ke.com
20241028,东城,和平里,101127233960,盛德紫阙 新上大三居 正对小区花园 精装修 物业好新上,1560万,106391元/平,中楼层 (共20层) 3室1厅 | 146.63平米 | 西,https://ke-image.ljcdn.com/110000-inspection/949037b2-7516-4fae-b3b7-ddf36ffc4c80_1000.jpg!m_fill,w_280,h_210,f_jpg?from=ke.com
20241028,东城,和平里,101127214096,东城民旺园 楼龄新 南北通透 大客厅 满五唯一新上,720万,111197元/平,高楼层 (共6层) 2室1厅 | 64.75平米 | 南 北,https://ke-image.ljcdn.com/110000-inspection/2e013f4f-062e-492d-a726-61136f9a0a93_1000.jpg!m_fill,w_280,h_210,f_jpg?from=ke.com
20241028,东城,和平里,101127193281,地坛北门南北通透三居田字格明厨明卫中间层采光好新上,799万,113770元/平,中楼层 (共5层) 3室1厅 | 70.23平米 | 南 北,https://ke-image.ljcdn.com/110000-inspection/f3d97b00-9cf8-4f6a-b5e1-f9a99fcc6a34_1000.jpg!m_fill,w_280,h_210,f_jpg?from=ke.com
20241028,东城,和平里,101127188401,西苑 新上南北通透大跃层 小区新 近地铁 有平台新上,899万,62500元/平,高楼层 (共7层) 3室2厅 | 143.84平米 | 南 北,https://ke-image.ljcdn.com/110000-inspection/c79a5164-63df-4eb8-a0b6-619a43b271b4_1000.jpg!m_fill,w_280,h_210,f_jpg?from=ke.com
20241028,东城,和平里,101127186657,新上东城区民旺园 中间楼层三居室新上,698万,98714元/平,中楼层 (共6层) 3室1厅 | 70.71平米 | 东 西,https://ke-image.ljcdn.com/110000-inspection/28342a84-a3b2-454f-8609-a16c76cc9fe8_1000.jpg!m_fill,w_280,h_210,f_jpg?from=ke.com
20241028,东城,和平里,101127185493,东城区和平里一区  南北通透三居室 近地铁新上,950万,110672元/平,顶层 (共5层) 3室1厅 | 85.84平米 | 南 北,https://ke-image.ljcdn.com/110000-inspection/d2f8e4fb-ca14-42ae-932e-03c5e1727147_1000.jpg!m_fill,w_280,h_210,f_jpg?from=ke.com
20241028,东城,和平里,101127175658,和平里南北通透2居明厨明卫采光充足不临街停新上,718万,130238元/平,中楼层 (共5层) 2室1厅 | 55.13平米 | 南 北,https://ke-image.ljcdn.com/110000-inspection/9e94cce5-0f41-4e5d-afd7-da06aa735b64_1000.jpg!m_fill,w_280,h_210,f_jpg?from=ke.com
20241028,东城,和平里,101127175324,民旺园 院内 满五年唯一住房 精装修 诚意出售新上,709万,131370元/平,顶层 (共3层) 2室1厅 | 53.97平米 | 东 西,https://ke-image.ljcdn.com/110000-inspection/pc1_5DEB220rB_1.jpg!m_fill,w_280,h_210,f_jpg?from=ke.com
20241028,东城,和平里,101127174866,和平西苑 新上大两居 小区新 近地铁 满五唯一新上,620万,68630元/平,顶层 (共22层) 2室1厅 | 90.34平米 | 西,https://ke-image.ljcdn.com/110000-inspection/3fa5a510-d93f-4bf0-adc1-0892fa4df7aa_1000.jpg!m_fill,w_280,h_210,f_jpg?from=ke.com
20241028,东城,和平里,101127174797,盛德紫阙 东城和平里 70年产权 管家式服务新上,1100万,93641元/平,低楼层 (共20层) 2室2厅 | 117.47平米 | 东 北,https://ke-image.ljcdn.com/110000-inspection/pc1_2RifR8fgw_1.jpg!m_fill,w_280,h_210,f_jpg?from=ke.com
20241028,东城,和平里,101127174525,东土城路13号院  朝南一居室 满五唯一 不临街新上,168万,35860元/平,地下室 (共5层) | 1995年 | 1室1厅 | 46.85平米 | 南,https://ke-image.ljcdn.com/110000-inspection/pc1_CufzxJV3s.jpg!m_fill,w_280,h_210,f_jpg?from=ke.com
20241028,东城,和平里,101127174375,小黄庄路四条  2室1厅 东 西新上,350万,60838元/平,高楼层 (共6层) 2室1厅 | 57.53平米 | 东 西,https://ke-image.ljcdn.com/110000-inspection/717011b5-1d89-4985-b573-ea85b499f176_1000.jpg!m_fill,w_280,h_210,f_jpg?from=ke.com
20241028,东城,和平里,101127174194,北三环内5号线/12号线地铁口1997年电梯房新上,598万,77172元/平,中楼层 (共20层) 2室1厅 | 77.49平米 | 西北,https://ke-image.ljcdn.com/110000-inspection/d8fdcf75-9996-4908-ba0e-a0c23618dfd2_1000.jpg!m_fill,w_280,h_210,f_jpg?from=ke.com
20241028,东城,和平里,101127173953,和平街十区 1室1厅 东新上,395万,83071元/平,中楼层 (共4层) | 1957年 | 1室1厅 | 47.55平米 | 东,https://ke-image.ljcdn.com/110000-inspection/pc1_XkR0196dg.jpg!m_fill,w_280,h_210,f_jpg?from=ke.com
20241028,东城,和平里,101127173216,建研院朝东一室一厅精装修可以拎包入住新上,320万,71112元/平,顶层 (共6层) | 1989年 | 1室1厅 | 45平米 | 东,https://ke-image.ljcdn.com/110000-inspection/pc1_yHHN267QC.jpg!m_fill,w_280,h_210,f_jpg?from=ke.com
20241028,东城,和平里,101127173126,和平里七区 南北通透 采光好 视野好新上,700万,125112元/平,高楼层 (共6层) 2室1厅 | 55.95平米 | 南 北,https://ke-image.ljcdn.com/110000-inspection/6ca076e1-183a-40fe-ab86-7d2e316c9077_1000.jpg!m_fill,w_280,h_210,f_jpg?from=ke.com
20241028,东城,和平里,101127172977,和平里东街15号院电梯直达东向两居华润物业管理新上,615万,109568元/平,高楼层 (共12层) 2室0厅 | 56.13平米 | 东,https://ke-image.ljcdn.com/110000-inspection/a55240f1-5837-431d-8afe-06bc15e3919b_1000.jpg!m_fill,w_280,h_210,f_jpg?from=ke.com
20241028,东城,和平里,101127172980,北二环外东城区和平里次新房小区商品房精装修高层新上,1172万,99771元/平,中楼层 (共20层) 2室2厅 | 117.47平米 | 东北,https://ke-image.ljcdn.com/110000-inspection/97048403-7a2a-45dd-a40c-37481ea580eb_1000.jpg!m_fill,w_280,h_210,f_jpg?from=ke.com
20241028,东城,和平里,101127172447,和平西街 2室1厅 东 西新上,349万,59173元/平,顶层 (共6层) | 1993年 | 2室1厅 | 58.98平米 | 东 西,https://ke-image.ljcdn.com/110000-inspection/8df0623a-65f1-40da-be5d-119272bc8cee_1000.jpg!m_fill,w_280,h_210,f_jpg?from=ke.com
20241028,东城,和平里,101127162539,和平里五区 2室1厅 南 北新上,606万,109942元/平,底层 (共6层) 2室1厅 | 55.12平米 | 南 北,https://ke-image.ljcdn.com/110000-inspection/71356678-3ba4-472e-a70c-28fafee81e2f_1000.jpg!m_fill,w_280,h_210,f_jpg?from=ke.com
20241028,东城,和平里,101127142200,和平街十五区 2室1厅 南,498万,76592元/平,中楼层 (共18层) | 1992年 | 2室1厅 | 65.02平米 | 南,https://ke-image.ljcdn.com/110000-inspection/40c0e824-9481-4213-b119-1ff5629e0dcc_1000.jpg!m_fill,w_280,h_210,f_jpg?from=ke.com
20241028,东城,和平里,101127137104,和平街十五区2号院地铁口南向四居室电梯直达视野开阔,1050万,74200元/平,中楼层 (共18层) 3室2厅 | 141.51平米 | 南,https://ke-image.ljcdn.com/110000-inspection/ea7ea1ff-bb56-475c-8ab2-430837be61f1_1000.jpg!m_fill,w_280,h_210,f_jpg?from=ke.com
20241028,东城,和平里,101127114883,和平街十五区两居南向电梯直达两梯七户,449万,73307元/平,中楼层 (共18层) | 1992年 | 2室1厅 | 61.25平米 | 南,https://ke-image.ljcdn.com/110000-inspection/pc1_f6MAmXFYM_1.jpg!m_fill,w_280,h_210,f_jpg?from=ke.com
20241028,东城,和平里,101127076534,业主诚心出售 和平街十二区  电梯直达 出价即可谈,395万,69678元/平,高楼层 (共14层) | 1979年 | 2室1厅 | 56.69平米 | 南,https://ke-image.ljcdn.com/110000-inspection/d3a32e5f-53a0-44ea-8a9f-9e9ae9cf44f6_1000.jpg!m_fill,w_280,h_210,f_jpg?from=ke.com
20241028,东城,和平里,101127075606,和平街十五区  明厨明卫一居  看房有钥匙,263万,58996元/平,低楼层 (共14层) 1室1厅 | 44.58平米 | 东,https://ke-image.ljcdn.com/110000-inspection/778f514e-6c56-403d-a8b5-6077b27e4040_1000.jpg!m_fill,w_280,h_210,f_jpg?from=ke.com
20241028,东城,和平里,101127062797,北京市东城区地坛公园旁和平里四区,660万,115628元/平,中楼层 (共6层) 2室1厅 | 57.08平米 | 南 北,https://ke-image.ljcdn.com/110000-inspection/6b033f0c-8239-4783-b3a3-71312877c0ab_1000.jpg!m_fill,w_280,h_210,f_jpg?from=ke.com
20241028,东城,和平里,101127054215,和平西街 满五年唯一 临近地铁房主自荐,368万,62395元/平,高楼层 (共6层) 2室1厅 | 58.98平米 | 西 东,https://ke-image.ljcdn.com/110000-inspection/b9a864ec-1eda-4d0b-a971-0c7ad440d97b_1000.jpg!m_fill,w_280,h_210,f_jpg?from=ke.com
20241028,东城,和平里,101127037278,东城和平里七区 中间楼层 田字格户型 满五年,845万,116600元/平,中楼层 (共5层) 3室1厅 | 72.47平米 | 南 北,https://ke-image.ljcdn.com/110000-inspection/bebb74a8-e321-489a-9b75-854d502bed3c_1000.jpg!m_fill,w_280,h_210,f_jpg?from=ke.com
20241028,东城,和平里,101127021769,和平里七区 2室1厅 南,560万,110563元/平,中楼层 (共5层) 2室1厅 | 50.65平米 | 南,https://ke-image.ljcdn.com/110000-inspection/pc1_UXZsO9dVp.jpg!m_fill,w_280,h_210,f_jpg?from=ke.com
20241028,东城,和平里,101127015390,和平新城东南三室两卫 满五年唯一  可三代人居住,1799万,118247元/平,低楼层 (共19层) 3室2厅 | 152.14平米 | 东 南,https://ke-image.ljcdn.com/110000-inspection/0e4435fa-abdd-454c-924c-744e3947808e_1000.jpg!m_fill,w_280,h_210,f_jpg?from=ke.com
20241028,东城,和平里,101126984876,和平街十一区 正规两室一厅 高层视野好 停车方便,595万,89798元/平,高楼层 (共21层) 2室1厅 | 66.26平米 | 东,https://ke-image.ljcdn.com/110000-inspection/9b6c3428-cfdd-4446-b434-63386e7a9337_1000.jpg!m_fill,w_280,h_210,f_jpg?from=ke.com
20241028,东城,和平里,101126976726,安外花园 1室0厅 南房主自荐,398万,122500元/平,中楼层 (共5层) 1室0厅 | 32.49平米 | 南,https://ke-image.ljcdn.com/110000-inspection/ea7b56e8-333e-4a90-8a30-73eb1689ff3e_1000.jpg!m_fill,w_280,h_210,f_jpg?from=ke.com
20241028,东城,和平里,101126961992,和平里六区 四世同堂 环境好 带电体 满五唯一,1900万,118042元/平,低楼层 (共17层) 4室2厅 | 160.96平米 | 东南 南 北,https://ke-image.ljcdn.com/110000-inspection/pc1_igekpe2Ov_1.jpg!m_fill,w_280,h_210,f_jpg?from=ke.com
20241028,东城,和平里,101126947649,房子三居室精装修拎包入住户型方正,485万,65285元/平,高楼层 (共6层) | 1998年 | 3室1厅 | 74.29平米 | 东 西,https://ke-image.ljcdn.com/110000-inspection/b11f4f2f-3565-4ae1-9060-ddb4030bb7cc_1000.jpg!m_fill,w_280,h_210,f_jpg?from=ke.com
20241028,东城,和平里,101126940414,地坛北里东区南北通透中间楼层一层两户,989万,123333元/平,中楼层 (共5层) 3室2厅 | 80.19平米 | 南 北,https://ke-image.ljcdn.com/110000-inspection/6d4f63e3-9079-40f9-a908-52a67b25509e_1000.jpg!m_fill,w_280,h_210,f_jpg?from=ke.com
20241028,东城,和平里,101126927802,南北通透近公园装修好1996年楼龄房主自荐,830万,89556元/平,顶层 (共6层) 3室2厅 | 92.68平米 | 南 北,https://ke-image.ljcdn.com/110000-inspection/c92f91b2-fcf7-4c31-816d-679490c4aeec_1000.jpg!m_fill,w_280,h_210,f_jpg?from=ke.com
20241028,东城,和平里,101126925205,和平里七区 2室1厅 南,596万,109903元/平,顶层 (共5层) 2室1厅 | 54.23平米 | 南,https://ke-image.ljcdn.com/110000-inspection/ee847986-14b1-43d0-aa0f-082a6caf279c_1000.jpg!m_fill,w_280,h_210,f_jpg?from=ke.com
20241028,东城,和平里,101126917044,此房满五唯一南北通透中间楼层楼龄新可当三居,1050万,100575元/平,中楼层 (共7层) 2室1厅 | 104.4平米 | 南 北,https://ke-image.ljcdn.com/110000-inspection/57e344c2-93d2-44c3-8d7c-0232e8fb9b5b_1000.jpg!m_fill,w_280,h_210,f_jpg?from=ke.com
20241028,东城,和平里,101126912008,北二环附近 和平里砖角楼南里中间楼层三居室,446万,60524元/平,中楼层 (共6层) | 1974年 | 3室1厅 | 73.69平米 | 东 西,https://ke-image.ljcdn.com/110000-inspection/ddcd4273-7e2c-4ef8-b015-6e221eb17f08_1000.jpg!m_fill,w_280,h_210,f_jpg?from=ke.com
20241028,东城,和平里,101126902268,三阳开泰 全明格局 电梯房 2001年楼龄 管理好房主自荐,930万,88741元/平,低楼层 (共14层) 3室1厅 | 104.8平米 | 南 北,https://ke-image.ljcdn.com/110000-inspection/d87986ed-b020-4b28-b5bc-43f1ecfdd32a_1000.jpg!m_fill,w_280,h_210,f_jpg?from=ke.com
20241028,东城,和平里,101126866957,此房视野好满五年唯一近地铁近公园。,1258万,110916元/平,低楼层 (共16层) | 2001年 | 2室1厅 | 113.42平米 | 西南,https://ke-image.ljcdn.com/110000-inspection/8fb03e8f-fb2e-4d20-bc0d-6619a5c61b4b_1000.jpg!m_fill,w_280,h_210,f_jpg?from=ke.com
20241028,东城,和平里,101126858435,和平西街电梯两居室+有客厅电梯高楼层采光视野好,418万,63604元/平,中楼层 (共17层) | 1992年 | 2室1厅 | 65.72平米 | 东北,https://ke-image.ljcdn.com/110000-inspection/pc1_sBSOHHi1j.jpg!m_fill,w_280,h_210,f_jpg?from=ke.com
20241028,东城,和平里,101126856816,林调社区天花板高品质社区精装修电梯洋房南北通透,1149万,134512元/平,高楼层 (共6层) 3室1厅 | 85.42平米 | 南 北,https://ke-image.ljcdn.com/110000-inspection/a68b37a4-0bae-432f-94aa-9a31d4b6cecf_1000.jpg!m_fill,w_280,h_210,f_jpg?from=ke.com
20241028,东城,和平里,101126817212,业主着急出售 看房方便  双朝南两居 可观护城河,720万,111421元/平,高楼层 (共16层) 2室1厅 | 64.62平米 | 南 西,https://ke-image.ljcdn.com/110000-inspection/2ab5fadf-003d-4b57-96fc-afe849be9106_1000.jpg!m_fill,w_280,h_210,f_jpg?from=ke.com
20241028,东城,和平里,101126807242,和平街十五区双南向两居室电梯直达视野好,498万,81307元/平,高楼层 (共18层) | 1998年 | 2室1厅 | 61.25平米 | 南,https://ke-image.ljcdn.com/110000-inspection/pc1_WKq8v0lez_1.jpg!m_fill,w_280,h_210,f_jpg?from=ke.com
20241028,东城,和平里,101126800878,和平街十五区 2室1厅 南 西南,500万,76641元/平,低楼层 (共18层) 2室1厅 | 65.24平米 | 南 西南,https://ke-image.ljcdn.com/110000-inspection/pc1_FS1J9sCKh.jpg!m_fill,w_280,h_210,f_jpg?from=ke.com
20241028,东城,和平里,101126795228,计量满央产中间层不临街视野采光好地铁口,688万,78791元/平,中楼层 (共18层) | 1998年 | 2室1厅 | 87.32平米 | 东北,https://ke-image.ljcdn.com/110000-inspection/6ccab80a-7e32-4633-b0cf-08acd38e2bcd_1000.jpg!m_fill,w_280,h_210,f_jpg?from=ke.com
20241028,东城,和平里,101126784984,林调社区南北通透两居室业主诚心出售,890万,157802元/平,底层 (共5层) 2室1厅 | 56.4平米 | 南 北,https://ke-image.ljcdn.com/110000-inspection/pc1_5jKs1lBvT.jpg!m_fill,w_280,h_210,f_jpg?from=ke.com
20241028,东城,和平里,101126776232,精装修 中间层  南北通透   兴化西里,780万,105849元/平,中楼层 (共5层) 3室1厅 | 73.69平米 | 南 北,https://ke-image.ljcdn.com/110000-inspection/ef626a26-a638-430f-9e6f-699711af19ac_1000.jpg!m_fill,w_280,h_210,f_jpg?from=ke.com
20241028,东城,和平里,101126769391,民旺园 正规1居带厅 南向 无遮挡 无抵押 诚心售,585万,124654元/平,中楼层 (共6层) 1室1厅 | 46.93平米 | 南,https://ke-image.ljcdn.com/110000-inspection/708d60ba-338e-491f-8954-5992c83f7b5d_1000.jpg!m_fill,w_280,h_210,f_jpg?from=ke.com
20241028,东城,和平里,101126757056,东城区2003年商品房社区和平新城三室两卫户型出售,1880万,123571元/平,中楼层 (共19层) 3室2厅 | 152.14平米 | 东 南,https://ke-image.ljcdn.com/110000-inspection/e4314e52-c440-4971-8c35-8b3e00905d25_1000.jpg!m_fill,w_280,h_210,f_jpg?from=ke.com
20241028,东城,和平里,101126698787,和平里七区南北通透三居室停车方便,866万,110361元/平,底层 (共4层) 3室1厅 | 78.47平米 | 东 南 北,https://ke-image.ljcdn.com/110000-inspection/db389282-d06a-4cda-9938-c497b48a8e97_1000.jpg!m_fill,w_280,h_210,f_jpg?from=ke.com
20241028,东城,和平里,101126697037,东城 和平里 带电梯 南北通透两居室,690万,102847元/平,中楼层 (共14层) 2室1厅 | 67.09平米 | 北 南,https://ke-image.ljcdn.com/110000-inspection/f67c0738-63e5-4af9-ba54-2c2b5a192f73_1000.jpg!m_fill,w_280,h_210,f_jpg?from=ke.com
20241028,东城,和平里,101126682367,精装修楼生楼下都有入户门电梯都直达 车位充足,2750万,94175元/平,高楼层 (共6层) | 2005年 | 3室2厅 | 292.01平米 | 东 西,https://ke-image.ljcdn.com/110000-inspection/19d8e955-7165-4ae4-bf89-dcf92133dd37_1000.jpg!m_fill,w_280,h_210,f_jpg?from=ke.com
20241028,东城,和平里,101126679738,民旺园电梯三居室业主诚意出售！,788万,116379元/平,中楼层 (共9层) | 1996年 | 3室1厅 | 67.71平米 | 东 南 北,https://ke-image.ljcdn.com/110000-inspection/0453e882-7c20-45d0-bb13-5663a0c886cf_1000.jpg!m_fill,w_280,h_210,f_jpg?from=ke.com
20241028,东城,和平里,101126677356,砖角楼南里南北通透三居室业主诚心出售,599万,76404元/平,底层 (共6层) 3室1厅 | 78.4平米 | 南 北 西,https://ke-image.ljcdn.com/110000-inspection/pc1_7VqNdFuMD.jpg!m_fill,w_280,h_210,f_jpg?from=ke.com
20241028,东城,和平里,101126669511,和平里 东土城路 全南向  三室二厅二卫   精装,958万,69994元/平,底层 (共23层) | 1999年 | 3室2厅 | 136.87平米 | 南,https://ke-image.ljcdn.com/110000-inspection/351de67d-9bdf-4a3a-8573-cbd8c22a71c4_1000.jpg!m_fill,w_280,h_210,f_jpg?from=ke.com
20241028,东城,和平里,101126654039,城建分房1999年楼龄护城河边上管理好,870万,76316元/平,低楼层 (共23层) 3室2厅 | 114平米 | 南 北,https://ke-image.ljcdn.com/110000-inspection/87ded41e-f603-4366-bbf2-646eb7646a96_1000.jpg!m_fill,w_280,h_210,f_jpg?from=ke.com
20241028,东城,和平里,101126650494,东城和平里和平新城一居室 精装修 可随时看房,668万,119843元/平,低楼层 (共20层) 1室0厅 | 55.74平米 | 北,https://ke-image.ljcdn.com/110000-inspection/406916ad-8b8b-45d3-883f-cbf2e2010352_1000.jpg!m_fill,w_280,h_210,f_jpg?from=ke.com
20241028,东城,和平里,101126611686,和平里六区 双南两居室 满五年唯一诚心出售,658万,107010元/平,底层 (共18层) 2室1厅 | 61.49平米 | 南,https://ke-image.ljcdn.com/110000-inspection/534b4221-c18e-461f-bb7d-2649fa9453af_1000.jpg!m_fill,w_280,h_210,f_jpg?from=ke.com
20241028,东城,和平里,101126580265,南北向 2居室 满五年住房 中间楼层 无遮挡,668万,84461元/平,中楼层 (共6层) 2室1厅 | 79.09平米 | 南 北,https://ke-image.ljcdn.com/110000-inspection/63658330-7c75-47d2-8de0-cf08a0a1b182_1000.jpg!m_fill,w_280,h_210,f_jpg?from=ke.com
20241028,东城,和平里,101126564826,民旺园十九号院和平里楼龄新两居室,540万,94737元/平,顶层 (共6层) 2室2厅 | 57平米 | 东南,https://ke-image.ljcdn.com/110000-inspection/c0d542fd-d25f-47ee-9d9d-a6226d6441af_1000.jpg!m_fill,w_280,h_210,f_jpg?from=ke.com
20241028,东城,和平里,101126560023,精装修三居室有电梯直达南北通透三居室,759万,124857元/平,高楼层 (共11层) 3室1厅 | 60.79平米 | 南 北,https://ke-image.ljcdn.com/110000-inspection/e9adba03-d321-403e-ad92-b2097ea892f9_1000.jpg!m_fill,w_280,h_210,f_jpg?from=ke.com
20241028,东城,和平里,101126559716,柏林寺西 三居室 诚心出售 价位可聊 管理好房主自荐,598万,98275元/平,顶层 (共6层) 3室1厅 | 60.85平米 | 南 北,https://ke-image.ljcdn.com/110000-inspection/525cf0d3-0ef2-49bf-8578-2ea959720a87_1000.jpg!m_fill,w_280,h_210,f_jpg?from=ke.com
20241028,东城,和平里,101126550631,和平新城一期 东城区和平里商品房社区 人车分流,1330万,118475元/平,中楼层 (共19层) 2室1厅 | 112.26平米 | 南 北,https://ke-image.ljcdn.com/110000-inspection/pc1_WvqyBWo8m.jpg!m_fill,w_280,h_210,f_jpg?from=ke.com
20241028,东城,和平里,101126524449,东城和平里 正东向一居室 不临街 看房方便,530万,118542元/平,顶层 (共6层) 1室1厅 | 44.71平米 | 东,https://ke-image.ljcdn.com/110000-inspection/41177d08-1032-45ef-b08d-003960dcb310_1000.jpg!m_fill,w_280,h_210,f_jpg?from=ke.com
20241028,东城,和平里,101126461922,电梯房 两套房 双入户 四卫 精装,2100万,101972元/平,中楼层 (共6层) | 2005年 | 6室2厅 | 205.94平米 | 东,https://ke-image.ljcdn.com/110000-inspection/pc1_YO5UawpVm_1.jpg!m_fill,w_280,h_210,f_jpg?from=ke.com
20241028,东城,和平里,101126460162,和平街十区 2室1厅 东 西,460万,69278元/平,高楼层 (共6层) | 1994年 | 2室1厅 | 66.4平米 | 东 西,https://ke-image.ljcdn.com/110000-inspection/15d3d52d-8426-4d64-b03a-13d5da84f4a5_1000.jpg!m_fill,w_280,h_210,f_jpg?from=ke.com
20241028,东城,和平里,101126431825,和平街十五区 2室1厅 南,456万,66318元/平,底层 (共18层) 2室1厅 | 68.76平米 | 南,https://ke-image.ljcdn.com/110000-inspection/0f096da1-da5f-4688-9440-ee8813c361ff_1000.jpg!m_fill,w_280,h_210,f_jpg?from=ke.com
20241028,东城,和平里,101126413261,和平里交林东西向两居室满五唯一管理好,695万,119519元/平,高楼层 (共6层) 2室1厅 | 58.15平米 | 东 西,https://ke-image.ljcdn.com/110000-inspection/pc1_w4dVKHHeW.jpg!m_fill,w_280,h_210,f_jpg?from=ke.com
20241028,东城,和平里,101126390060,和平街西苑 4室1厅 南 北,888万,71979元/平,高楼层 (共7层) 4室1厅 | 123.37平米 | 南 北,https://ke-image.ljcdn.com/110000-inspection/22618a9f-f510-4e9f-b7b9-2ce6b360af72_1000.jpg!m_fill,w_280,h_210,f_jpg?from=ke.com
20241028,东城,和平里,101126381448,东城区北二环和平新城高层带电梯一居室视野开阔满,710万,127218元/平,高楼层 (共19层) 1室0厅 | 55.81平米 | 北,https://ke-image.ljcdn.com/110000-inspection/pc1_TgCkBIEwG_1.jpg!m_fill,w_280,h_210,f_jpg?from=ke.com
20241028,东城,和平里,101126351179,东土城7号院 带电梯两居室 着急出售 可谈,420万,69710元/平,中楼层 (共16层) | 1993年 | 2室1厅 | 60.25平米 | 东 西,https://ke-image.ljcdn.com/110000-inspection/b63c3381-450d-4047-aded-04191afa6a04_1000.jpg!m_fill,w_280,h_210,f_jpg?from=ke.com
20241028,东城,和平里,101126337265,砖角楼南里民旺胡同低楼层和平里,205万,52044元/平,地下室 (共6层) 2室1厅 | 39.39平米 | 南,https://ke-image.ljcdn.com/110000-inspection/pc1_oVTvp7qZM.jpg!m_fill,w_280,h_210,f_jpg?from=ke.com
20241028,东城,和平里,101126229128,此房满五唯一南北通透格局中间楼层采光好！,431万,76855元/平,中楼层 (共5层) 2室1厅 | 56.08平米 | 南 北,https://ke-image.ljcdn.com/110000-inspection/pc1_5lwfCrrz0.jpg!m_fill,w_280,h_210,f_jpg?from=ke.com
20241028,东城,和平里,101126226643,东城区和平里三区价低的一居价格可谈,336万,89888元/平,地下室 (共6层) 1室1厅 | 37.38平米 | 西南,https://ke-image.ljcdn.com/110000-inspection/b3a74cc7-65c3-4fbb-a193-8d918accaf6f_1000.jpg!m_fill,w_280,h_210,f_jpg?from=ke.com
20241028,东城,和平里,101126203304,和平里东街9号院 2室1厅 西北,740万,95349元/平,底层 (共16层) 2室1厅 | 77.61平米 | 西北,https://ke-image.ljcdn.com/110000-inspection/pc1_SU37aMfwt.jpg!m_fill,w_280,h_210,f_jpg?from=ke.com
20241028,东城,和平里,101126199468,化工大院 3室1厅 南 北,1230万,128500元/平,中楼层 (共7层) 3室1厅 | 95.72平米 | 南 北,https://ke-image.ljcdn.com/110000-inspection/29713b50-9c9b-462a-818c-b0215d6163b4_1000.jpg!m_fill,w_280,h_210,f_jpg?from=ke.com
20241028,东城,和平里,101126177978,煤科院南小区一层大一居室满五年价格好商量,485万,77193元/平,底层 (共9层) | 1994年 | 1室2厅 | 62.83平米 | 东,https://ke-image.ljcdn.com/110000-inspection/pc1_lmbtlbME4.jpg!m_fill,w_280,h_210,f_jpg?from=ke.com
20241028,东城,和平里,101126106113,和平街十一区 精装3居室 双卫 正规客厅,930万,72357元/平,顶层 (共6层) 3室1厅 | 128.53平米 | 东 西,https://ke-image.ljcdn.com/110000-inspection/1de4ceec-8d7d-4a84-b3eb-c02aaffde4c0_1000.jpg!m_fill,w_280,h_210,f_jpg?from=ke.com
20241028,东城,和平里,101126100753,和平里中街3号院精装修看房方便,1050万,120455元/平,中楼层 (共21层) 2室1厅 | 87.17平米 | 东,https://ke-image.ljcdn.com/110000-inspection/pc1_zG9ZdD6Kh.jpg!m_fill,w_280,h_210,f_jpg?from=ke.com
20241028,东城,和平里,101126099395,东城区城和平里五区1996年精装修南北向两居室,775万,83622元/平,顶层 (共6层) 3室2厅 | 92.68平米 | 南 北,https://ke-image.ljcdn.com/110000-inspection/79146b01-d02b-4757-937a-b676cd1d05f5_1000.jpg!m_fill,w_280,h_210,f_jpg?from=ke.com
20241028,东城,和平里,101126075166,雍和二期精装修板楼带电梯三室两厅三卫房主自荐,2300万,99378元/平,中楼层 (共6层) | 2005年 | 3室2厅 | 231.44平米 | 西,https://ke-image.ljcdn.com/110000-inspection/ff2d079c-868c-4f30-b04c-1675e12c0fda_1000.jpg!m_fill,w_280,h_210,f_jpg?from=ke.com
20241028,东城,和平里,101126071244,和平西桥地铁口-田字格户型三居室-满五唯一,435万,70767元/平,高楼层 (共6层) 3室1厅 | 61.47平米 | 东 南 西,https://ke-image.ljcdn.com/110000-inspection/dfbfe3e3-b520-472f-b402-385e608d379e_1000.jpg!m_fill,w_280,h_210,f_jpg?from=ke.com
20241028,东城,和平里,101126070510,兴化西里 05年建成 南北通透大两居 带南向客厅,850万,104308元/平,高楼层 (共6层) 2室1厅 | 81.49平米 | 南 北,https://ke-image.ljcdn.com/110000-inspection/16462b30-c120-43f3-aaaf-5e14f446ac00_1000.jpg!m_fill,w_280,h_210,f_jpg?from=ke.com
20241028,东城,和平里,101126069060,和平街十一区 南向电梯一居 临近地铁口5.12号线,288万,66559元/平,顶层 (共16层) 1室1厅 | 43.27平米 | 南,https://ke-image.ljcdn.com/110000-inspection/4a1e8d44-0692-4299-8f17-74ddc6a95e4e_1000.jpg!m_fill,w_280,h_210,f_jpg?from=ke.com
20241028,东城,和平里,101126066577,北二环电梯楼一居室-1996年钢混可贷款,380万,75562元/平,中楼层 (共14层) | 1996年 | 1室1厅 | 50.29平米 | 东 西,https://ke-image.ljcdn.com/110000-inspection/4ffa8114-9ce9-41be-a0ea-d564a71a81cf_1000.jpg!m_fill,w_280,h_210,f_jpg?from=ke.com
20241028,东城,和平里,101126055183,和平街十一区 双南向两居居 楼龄新,545万,87706元/平,底层 (共6层) 2室1厅 | 62.14平米 | 南,https://ke-image.ljcdn.com/110000-inspection/aa0f1e0e-c0f8-4e4a-bd63-0f488b558c36_1000.jpg!m_fill,w_280,h_210,f_jpg?from=ke.com
20241028,东城,和平里,101126051503,地坛北里东区 1999年社区 电梯楼房主自荐,699万,95688元/平,中楼层 (共14层) 2室1厅 | 73.05平米 | 东 西,https://ke-image.ljcdn.com/110000-inspection/pc1_NeZHxuaI5_1.jpg!m_fill,w_280,h_210,f_jpg?from=ke.com
20241028,东城,和平里,101126023699,华润物业 两居室 户型好 视野采光好,590万,106537元/平,高楼层 (共6层) 2室1厅 | 55.38平米 | 东,https://ke-image.ljcdn.com/110000-inspection/753ca3cb-f6a5-4080-b219-5c7d40bd577c_1000.jpg!m_fill,w_280,h_210,f_jpg?from=ke.com
20241028,东城,和平里,101125984818,砖角楼南里 3室1厅 南 西 北,665万,80324元/平,中楼层 (共22层) | 1985年 | 3室1厅 | 82.79平米 | 南 西 北,https://ke-image.ljcdn.com/110000-inspection/ddc2847e-50e2-446e-aef7-7e93fa635121_1000.jpg!m_fill,w_280,h_210,f_jpg?from=ke.com
20241028,东城,和平里,101125967803,东城区东城区和平里五区 南北通透,808万,87182元/平,顶层 (共6层) 3室2厅 | 92.68平米 | 南 北,https://ke-image.ljcdn.com/110000-inspection/ffbec10c-f618-4849-a086-80039c3049c7_1000.jpg!m_fill,w_280,h_210,f_jpg?from=ke.com
20241028,东城,和平里,101125949937,地坛北里东区楼龄新南北通透带电梯大两居室,850万,101785元/平,低楼层 (共14层) 2室1厅 | 83.51平米 | 南 北,https://ke-image.ljcdn.com/110000-inspection/1116e03d-dea9-4ee2-a756-573e7fcce423_1000.jpg!m_fill,w_280,h_210,f_jpg?from=ke.com
20241028,东城,和平里,101125899392,和平街十一区 2室1厅 南,365万,60824元/平,顶层 (共6层) | 1979年 | 2室1厅 | 60.01平米 | 南,https://ke-image.ljcdn.com/110000-inspection/fb88ad78-9f32-44a5-84f7-663d9aacee8e_1000.jpg!m_fill,w_280,h_210,f_jpg?from=ke.com
20241028,东城,和平里,101125899220,东城区 盛德紫阙 2016年 次新房 有车位,1370万,93778元/平,高楼层 (共20层) | 2017年 | 3室1厅 | 146.09平米 | 西,https://ke-image.ljcdn.com/110000-inspection/eb0d1a8e-1918-49de-97bb-70a3471a6eed_1000.jpg!m_fill,w_280,h_210,f_jpg?from=ke.com
20241028,东城,和平里,101125890318,和平街13区 南北通透两居室 户型方正 全明格局,445万,68116元/平,中楼层 (共5层) | 1962年 | 2室1厅 | 65.33平米 | 南 北,https://ke-image.ljcdn.com/110000-inspection/15b2a875-72f4-404d-95e5-6c2c3c146b70_1000.jpg!m_fill,w_280,h_210,f_jpg?from=ke.com
20241028,东城,和平里,101125857568,和平里七区   不临街  优质小两居,587万,106399元/平,底层 (共6层) 2室1厅 | 55.17平米 | 南 北,https://ke-image.ljcdn.com/110000-inspection/eac4a1c1-75cc-4901-aa78-42c3cc81705b_1000.jpg!m_fill,w_280,h_210,f_jpg?from=ke.com
20241028,东城,和平里,101125833242,此房满五唯一带电梯且电梯直达双南向高层采光,689万,110665元/平,中楼层 (共12层) 2室1厅 | 62.26平米 | 南 北,https://ke-image.ljcdn.com/110000-inspection/5fbefc79-ccb9-46f5-87d3-8f6e3dcf9d84_1000.jpg!m_fill,w_280,h_210,f_jpg?from=ke.com
20241028,东城,和平里,101125820453,北二环护城河边 东南三居室诚心出售 临地铁公园,1730万,109225元/平,高楼层 (共16层) | 2001年 | 3室2厅 | 158.39平米 | 东南,https://ke-image.ljcdn.com/110000-inspection/1ffd5f84-b849-4122-9e94-3d25990f86d5_1000.jpg!m_fill,w_280,h_210,f_jpg?from=ke.com
20241028,东城,和平里,101125818168,南北通透四居室明厨明卫实用面积大精装修房主自荐,990万,139831元/平,底层 (共6层) 4室1厅 | 70.8平米 | 南 北,https://ke-image.ljcdn.com/110000-inspection/c544a82e-507d-4058-b331-74b44c1e6a4e_1000.jpg!m_fill,w_280,h_210,f_jpg?from=ke.com
20241028,东城,和平里,101125814149,北二环护城河畔电梯直达南北通透板楼三居房主自荐,838万,87020元/平,中楼层 (共12层) | 1997年 | 3室1厅 | 96.3平米 | 南 北,https://ke-image.ljcdn.com/110000-inspection/a1b90f6f-2fd8-43ee-b281-e4c2d8876414_1000.jpg!m_fill,w_280,h_210,f_jpg?from=ke.com
20241028,东城,和平里,101125809918,和平街八区 2室1厅 东 西,458万,68656元/平,顶层 (共5层) 2室1厅 | 66.71平米 | 东 西,https://ke-image.ljcdn.com/110000-inspection/pc1_01tWAZMg6.jpg!m_fill,w_280,h_210,f_jpg?from=ke.com
20241028,东城,和平里,101125801652,北二环精装一居室出售 出行方便 随时可签,320万,74436元/平,顶层 (共6层) 1室1厅 | 42.99平米 | 南,https://ke-image.ljcdn.com/110000-inspection/pc1_CSElqC2R2.jpg!m_fill,w_280,h_210,f_jpg?from=ke.com
20241028,东城,和平里,101125783293,地坛北门 经典南北两居室 低楼层 适合老人带孩子,599万,116560元/平,底层 (共5层) 2室2厅 | 51.39平米 | 南 北,https://ke-image.ljcdn.com/110000-inspection/3acd78d8-436f-4759-8ecf-0379bb398bc5_1000.jpg!m_fill,w_280,h_210,f_jpg?from=ke.com
20241028,东城,和平里,101125757222,和平里兴化西里精装修优质复式诚意出售,1199万,88494元/平,顶层 (共6层) 4室2厅 | 135.49平米 | 南 北,https://ke-image.ljcdn.com/110000-inspection/a36e4f24-c675-47b4-b4ad-c6a1781f7f2b_1000.jpg!m_fill,w_280,h_210,f_jpg?from=ke.com
20241028,东城,和平里,101125735225,化西里板楼2层 南向明厨明卫 中间楼层 户型方正,640万,102630元/平,中楼层 (共4层) 2室1厅 | 62.36平米 | 南,https://ke-image.ljcdn.com/110000-inspection/pc1_G6s383ROn.jpg!m_fill,w_280,h_210,f_jpg?from=ke.com
20241028,东城,和平里,101125678963,砖角楼南里 1室1厅 南,350万,79564元/平,中楼层 (共6层) 1室1厅 | 43.99平米 | 南,https://ke-image.ljcdn.com/110000-inspection/b55a6148-2449-4a73-bae2-fdb1a72e8ee6_1000.jpg!m_fill,w_280,h_210,f_jpg?from=ke.com
20241028,东城,和平里,101125672019,和平里三区1996年板楼社区精致小两居,550万,96985元/平,顶层 (共6层) 2室1厅 | 56.71平米 | 南,https://ke-image.ljcdn.com/110000-inspection/pc1_gl0AkaYkX.jpg!m_fill,w_280,h_210,f_jpg?from=ke.com
20241028,东城,和平里,101125669563,建研院 南北通透 两室两厅两卫 上下两层复式格局,950万,100946元/平,顶层 (共6层) 2室2厅 | 94.11平米 | 南 北,https://ke-image.ljcdn.com/110000-inspection/dcea2a6e-42d6-404f-8047-ba00b2ad1aa5_1000.jpg!m_fill,w_280,h_210,f_jpg?from=ke.com
20241028,东城,和平里,101125665898,光熙和平街十五区精装修三居室看房方便,510万,65352元/平,中楼层 (共14层) | 1988年 | 3室1厅 | 78.04平米 | 东 北,https://ke-image.ljcdn.com/110000-inspection/f1737b4b-fa36-4a65-8b13-528716e7e135_1000.jpg!m_fill,w_280,h_210,f_jpg?from=ke.com
20241028,东城,和平里,101125659802,和平街西苑 3室2厅 南 北,820万,59898元/平,顶层 (共6层) 3室2厅 | 136.9平米 | 南 北,https://ke-image.ljcdn.com/110000-inspection/e3972bc0-b32b-4ae0-a127-bb03dc7e3e7a_1000.jpg!m_fill,w_280,h_210,f_jpg?from=ke.com
20241028,东城,和平里,101125637811,和平街十五区满五唯一南向大客厅无遮挡双地铁,610万,88406元/平,顶层 (共14层) 2室1厅 | 69平米 | 南 北,https://ke-image.ljcdn.com/110000-inspection/pc1_T4EPiBrb5.jpg!m_fill,w_280,h_210,f_jpg?from=ke.com
20241028,东城,和平里,101125593282,和平家园 和平街十区 好房南北通透明厨明卫聚焦好房,398万,70306元/平,顶层 (共5层) | 1965年 | 2室1厅 | 56.61平米 | 北 南,https://ke-image.ljcdn.com/110000-inspection/06a1a396-34ab-4219-97d9-c183bd1042b9_1000.jpg!m_fill,w_280,h_210,f_jpg?from=ke.com
20241028,东城,和平里,101125582859,地坛北里 2室1厅 南,688万,111022元/平,顶层 (共5层) 2室1厅 | 61.97平米 | 南,https://ke-image.ljcdn.com/110000-inspection/78ecff31-be3e-4dff-b35e-5d7fa7b2671c_1000.jpg!m_fill,w_280,h_210,f_jpg?from=ke.com
20241028,东城,和平里,101125578898,十三区1994年 满五央产 楼龄新 楼层好,730万,87815元/平,底层 (共9层) | 1994年 | 3室1厅 | 83.13平米 | 南 北,https://ke-image.ljcdn.com/110000-inspection/pc1_Cg4Nbj2pc.jpg!m_fill,w_280,h_210,f_jpg?from=ke.com
20241028,东城,和平里,101125557942,和平里砖角楼南里南向一居室带客厅电梯直达,329万,65330元/平,低楼层 (共16层) 1室1厅 | 50.36平米 | 南,https://ke-image.ljcdn.com/110000-inspection/2f4c10d9-6b65-4637-82ab-c3f6f917a2ae_1000.jpg!m_fill,w_280,h_210,f_jpg?from=ke.com
20241028,东城,和平里,101125547122,和平里砖角楼北里中间楼层精装修小区安静,425万,72366元/平,中楼层 (共5层) | 1992年 | 2室1厅 | 58.73平米 | 南,https://ke-image.ljcdn.com/110000-inspection/pc1_1ISfE124z.jpg!m_fill,w_280,h_210,f_jpg?from=ke.com
20241028,东城,和平里,101125491472,和平里六区 4室1厅 南 北,1647万,115417元/平,中楼层 (共14层) 4室1厅 | 142.7平米 | 南 北,https://ke-image.ljcdn.com/110000-inspection/938082e2-e5dc-44fc-bffa-36d0ad09a279_1000.jpg!m_fill,w_280,h_210,f_jpg?from=ke.com
20241028,东城,和平里,101125481169,林业局家属楼满五唯一大理石外立面,500万,109195元/平,顶层 (共4层) 1室1厅 | 45.79平米 | 南,https://ke-image.ljcdn.com/110000-inspection/49b532b0-cda5-4ce2-ac5f-fc438e4dc9af_1000.jpg!m_fill,w_280,h_210,f_jpg?from=ke.com
20241028,东城,和平里,101125471196,化工大院    东城和平里   优质好房,722万,105912元/平,底层 (共5层) 2室1厅 | 68.17平米 | 东 南 北,https://ke-image.ljcdn.com/110000-inspection/03fea52f-a6dd-4487-a018-e28cebcc1f43_1000.jpg!m_fill,w_280,h_210,f_jpg?from=ke.com
20241028,东城,和平里,101125458245,四世同堂 满五唯一 客厅正对小区花园 观河房,2880万,107660元/平,低楼层 (共16层) 4室2厅 | 267.51平米 | 南 东南 西,https://ke-image.ljcdn.com/110000-inspection/2450ac7b-b9ec-4bf6-8b43-dc3cd89b6a0c_1000.jpg!m_fill,w_280,h_210,f_jpg?from=ke.com
20241028,东城,和平里,101125347776,煤炭科技院全明格局三居管理好电梯直达视野无遮挡,820万,81788元/平,中楼层 (共22层) | 1998年 | 3室1厅 | 100.26平米 | 东 西 北,https://ke-image.ljcdn.com/110000-inspection/pc1_md8rd8mtk_1.jpg!m_fill,w_280,h_210,f_jpg?from=ke.com
20241028,东城,和平里,101125311246,和平家园低楼层两居室 不临街边户两居带客厅,465万,78310元/平,中楼层 (共5层) | 1958年 | 2室1厅 | 59.38平米 | 东南 西 西南 南,https://ke-image.ljcdn.com/110000-inspection/pc1_GJporiTX7.jpg!m_fill,w_280,h_210,f_jpg?from=ke.com
20241028,东城,和平里,101125293687,和平西街一居 进地铁 电梯直达 中间层,296万,69354元/平,中楼层 (共16层) | 1986年 | 1室1厅 | 42.68平米 | 东,https://ke-image.ljcdn.com/110000-inspection/89284a43-7e4f-4047-9adf-c99bbaf6a017_1000.jpg!m_fill,w_280,h_210,f_jpg?from=ke.com
20241028,东城,和平里,101125284291,东土城路1号院 3室1厅 南 西 北,515万,69793元/平,高楼层 (共6层) 3室1厅 | 73.79平米 | 南 西 北,https://ke-image.ljcdn.com/110000-inspection/37122f48-de6a-474d-ac8b-0243031b8b04_1000.jpg!m_fill,w_280,h_210,f_jpg?from=ke.com
20241028,东城,和平里,101125274053,东土城路1号院 门口地铁 管理好 精装修拎包入住,540万,74576元/平,高楼层 (共6层) 2室1厅 | 72.41平米 | 南 北,https://ke-image.ljcdn.com/110000-inspection/4a992715-64d5-49e9-906d-8657abb607ce_1000.jpg!m_fill,w_280,h_210,f_jpg?from=ke.com
20241028,东城,和平里,101125271729,东城区和平里区域商品房一手业主精装修高层视野,780万,87680元/平,中楼层 (共20层) 1室1厅 | 88.96平米 | 东,https://ke-image.ljcdn.com/110000-inspection/d2ea8d49-71d8-49ca-bb40-7175b17d5e2e_1000.jpg!m_fill,w_280,h_210,f_jpg?from=ke.com
20241028,东城,和平里,101125244246,和平街十区 2室1厅 南 北,485万,86949元/平,底层 (共5层) 2室1厅 | 55.78平米 | 南 北,https://ke-image.ljcdn.com/110000-inspection/pc1_g5ULF7fsA_1.jpg!m_fill,w_280,h_210,f_jpg?from=ke.com
20241028,东城,和平里,101125239984,地坛北里 三居带客厅 满五唯一 1999年楼龄,1120万,109988元/平,低楼层 (共14层) 3室1厅 | 101.83平米 | 东 西 北,https://ke-image.ljcdn.com/110000-inspection/3ed7e0da-1c02-45d8-bc62-0f475a4f669a_1000.jpg!m_fill,w_280,h_210,f_jpg?from=ke.com
20241028,东城,和平里,101125223895,和平里七区满五唯一央产办好了中间层南向两居,595万,110534元/平,中楼层 (共4层) 2室1厅 | 53.83平米 | 南,https://ke-image.ljcdn.com/110000-inspection/a2d6b319-4a63-42c6-9e92-a67acedaad1f_1000.jpg!m_fill,w_280,h_210,f_jpg?from=ke.com
20241028,东城,和平里,101125203085,和平街十一区 2室1厅 东 西,380万,81180元/平,中楼层 (共6层) 2室1厅 | 46.81平米 | 东 西,https://ke-image.ljcdn.com/110000-inspection/6bbeea3d-c0db-4d6d-9553-57bb6833dde8_1000.jpg!m_fill,w_280,h_210,f_jpg?from=ke.com
20241028,东城,和平里,101125200806,和平里六区东城电梯钢混不临街两居,620万,121569元/平,低楼层 (共18层) 2室0厅 | 51平米 | 东南,https://ke-image.ljcdn.com/110000-inspection/f4e6cd48-23af-455e-83f8-71b6cd731995_1000.jpg!m_fill,w_280,h_210,f_jpg?from=ke.com
20241028,东城,和平里,101125162908,和平新城一期一居室北向业主诚心出售,610万,109300元/平,高楼层 (共19层) 1室0厅 | 55.81平米 | 北,https://ke-image.ljcdn.com/110000-inspection/fc07a042-f50a-4c86-b0b6-bf8b524469a7_1000.jpg!m_fill,w_280,h_210,f_jpg?from=ke.com
20241028,东城,和平里,101125161279,此房是满五年的房子房子户型好没有浪费的面积,820万,50674元/平,高楼层 (共16层) | 2000年 | 3室2厅 | 161.82平米 | 东 西,https://ke-image.ljcdn.com/110000-inspection/pc1_S4Y2v5IrB.jpg!m_fill,w_280,h_210,f_jpg?from=ke.com
20241028,东城,和平里,101125160241,和平街西苑东向一居室楼龄新近地铁,320万,66446元/平,中楼层 (共7层) | 1997年 | 1室1厅 | 48.16平米 | 东南,https://ke-image.ljcdn.com/110000-inspection/331c5e9e-e62e-48ac-817e-acf3f7d6bd5f_1000.jpg!m_fill,w_280,h_210,f_jpg?from=ke.com
20241028,东城,和平里,101125144224,和平里煤科院小区正规有电梯带客厅三居室,760万,86237元/平,高楼层 (共21层) | 1998年 | 3室1厅 | 88.13平米 | 西南 北,https://ke-image.ljcdn.com/110000-inspection/f4b0e1cb-66de-415e-a010-3205845d435b_1000.jpg!m_fill,w_280,h_210,f_jpg?from=ke.com
20241028,东城,和平里,101125114392,2003年商品房社区和平新城南北向落地飘窗人车分流,1199万,106806元/平,低楼层 (共19层) 2室1厅 | 112.26平米 | 南 北,https://ke-image.ljcdn.com/110000-inspection/bfeab1b2-e822-4c6f-82a0-d64565e55cc3_1000.jpg!m_fill,w_280,h_210,f_jpg?from=ke.com
20241028,东城,和平里,101125092127,满五年楼龄新电梯房中间楼层,499万,68658元/平,低楼层 (共23层) | 1999年 | 2室2厅 | 72.68平米 | 西南,https://ke-image.ljcdn.com/110000-inspection/pc1_mSli8D5QV.jpg!m_fill,w_280,h_210,f_jpg?from=ke.com
20241028,东城,和平里,101125067725,东土城路九号院砖角楼南里精装两居室出售,587万,88886元/平,高楼层 (共23层) 2室1厅 | 66.04平米 | 西南 北,https://ke-image.ljcdn.com/110000-inspection/54b52aa3-3fe3-4dfd-9896-3d4cf48ec8f1_1000.jpg!m_fill,w_280,h_210,f_jpg?from=ke.com
20241028,东城,和平里,101125067594,和平里一区南北通透三居才光好成本低,650万,106926元/平,低楼层 (共11层) 3室1厅 | 60.79平米 | 南 北,https://ke-image.ljcdn.com/110000-inspection/2b7d70ee-65db-4ed3-969a-38e605f3c0c1_1000.jpg!m_fill,w_280,h_210,f_jpg?from=ke.com
20241028,东城,和平里,101125066834,和平里五区精装修跃层三居室南北通透,779万,84053元/平,顶层 (共6层) 3室2厅 | 92.68平米 | 南 北,https://ke-image.ljcdn.com/110000-inspection/bc82bfdc-8fd3-46f4-9449-b6e71e8efc0d_1000.jpg!m_fill,w_280,h_210,f_jpg?from=ke.com
20241028,东城,和平里,101125057657,煤炭科技院南向大一居楼层高视野好小区管理好,545万,84667元/平,高楼层 (共22层) | 1998年 | 1室1厅 | 64.37平米 | 南,https://ke-image.ljcdn.com/110000-inspection/pc1_N8z8yadM6_1.jpg!m_fill,w_280,h_210,f_jpg?from=ke.com
20241028,东城,和平里,101125048055,北二环护城河边  两居室诚心出售 出门及河边健身道,670万,101608元/平,中楼层 (共16层) 2室1厅 | 65.94平米 | 东南,https://ke-image.ljcdn.com/110000-inspection/f1aff545-a39f-4e84-975c-babe0d0a830d_1000.jpg!m_fill,w_280,h_210,f_jpg?from=ke.com
20241028,东城,和平里,101125046727,和平里七区 南北通透 三居室 电梯直达 不临街,1220万,114587元/平,中楼层 (共8层) 3室1厅 | 106.47平米 | 东 南 北,https://ke-image.ljcdn.com/110000-inspection/pc1_KtxxlIheL.jpg!m_fill,w_280,h_210,f_jpg?from=ke.com
20241028,东城,和平里,101125028280,底价呈现高层无遮挡近地坛近地铁,690万,109022元/平,高楼层 (共19层) 1室1厅 | 63.29平米 | 西,https://ke-image.ljcdn.com/110000-inspection/639d0e17-a867-4956-ab98-0dadffeac9ff_1000.jpg!m_fill,w_280,h_210,f_jpg?from=ke.com
20241028,东城,和平里,101125020363,和平里五区部长院闹中取静南北通透四居诚售,1800万,109151元/平,顶层 (共6层) 4室2厅 | 164.91平米 | 南 北,https://ke-image.ljcdn.com/110000-inspection/ebf9632f-b910-419c-a724-35c070ec6df0_1000.jpg!m_fill,w_280,h_210,f_jpg?from=ke.com
20241028,东城,和平里,101125001836,东城区北二环和平新城高层带电梯一居室视野开阔,640万,114675元/平,高楼层 (共19层) 1室1厅 | 55.81平米 | 北,https://ke-image.ljcdn.com/110000-inspection/a22aa28d-0f01-4ede-ab92-472e687d8f1c_1000.jpg!m_fill,w_280,h_210,f_jpg?from=ke.com
20241028,东城,和平里,101124960089,盛德紫阙精装一居室——中间层视野好——看房方便房主自荐,880万,99055元/平,中楼层 (共20层) 1室1厅 | 88.84平米 | 东,https://ke-image.ljcdn.com/110000-inspection/626cf46d-d87c-4cdc-8d89-acc7efbd3c07_1000.jpg!m_fill,w_280,h_210,f_jpg?from=ke.com
20241028,东城,和平里,101124948231,近地铁电梯房公园旁管理好,530万,81514元/平,中楼层 (共18层) | 1997年 | 2室1厅 | 65.02平米 | 南 北,https://ke-image.ljcdn.com/110000-inspection/f600ab99-9d4a-454b-ac94-fff468b9b768_1000.jpg!m_fill,w_280,h_210,f_jpg?from=ke.com
20241028,东城,和平里,101124929960,和平里七区 3室1厅 南 北,1080万,102399元/平,低楼层 (共3层) 3室1厅 | 105.47平米 | 南 北,https://ke-image.ljcdn.com/110000-inspection/pc1_M0g9H3z1e.jpg!m_fill,w_280,h_210,f_jpg?from=ke.com
20241028,东城,和平里,101124919677,北二环和平街十三区满五年东西通透,598万,72380元/平,中楼层 (共5层) 3室1厅 | 82.62平米 | 东 西,https://ke-image.ljcdn.com/110000-inspection/9588c017-17f6-4711-860d-b55a6236fc78_1000.jpg!m_fill,w_280,h_210,f_jpg?from=ke.com
20241028,东城,和平里,101124910923,和平街十一区 2室1厅 南 北,495万,71657元/平,中楼层 (共4层) | 1959年 | 2室1厅 | 69.08平米 | 南 北,https://ke-image.ljcdn.com/110000-inspection/a27f1f92-40a5-4624-b4e6-1c2b21147eb0_1000.jpg!m_fill,w_280,h_210,f_jpg?from=ke.com
20241028,东城,和平里,101124890717,安外大街80号院 精装三居 满五年央产 电梯直达,930万,109826元/平,低楼层 (共14层) 3室1厅 | 84.68平米 | 东 西,https://ke-image.ljcdn.com/110000-inspection/pc1_xMGmqRhaD.jpg!m_fill,w_280,h_210,f_jpg?from=ke.com
20241028,东城,和平里,101124851987,东城区地坛公园东门旁和平里五区,690万,125182元/平,底层 (共6层) 2室1厅 | 55.12平米 | 南 北,https://ke-image.ljcdn.com/110000-inspection/a1e6bd02-cc4a-43df-90e4-119a05263c6a_1000.jpg!m_fill,w_280,h_210,f_jpg?from=ke.com
20241028,东城,和平里,101124832829,和平里后花园安外花园南北通透三居室,538万,88139元/平,顶层 (共5层) 3室1厅 | 61.04平米 | 南 北,https://ke-image.ljcdn.com/110000-inspection/pc1_gPHVn3Gln.jpg!m_fill,w_280,h_210,f_jpg?from=ke.com
20241028,东城,和平里,101124831258,和平里五区优质好房 精装复式南北通透,830万,89556元/平,顶层 (共6层) 3室2厅 | 92.68平米 | 南 北,https://ke-image.ljcdn.com/110000-inspection/49931dfc-8077-48a1-8dc3-023d065cae24_1000.jpg!m_fill,w_280,h_210,f_jpg?from=ke.com
20241028,东城,和平里,101124825311,小黄庄路四条  3室1厅 东南 南 西南,690万,88929元/平,中楼层 (共6层) 3室1厅 | 77.59平米 | 东南 南 西南,https://ke-image.ljcdn.com/110000-inspection/f83b7eeb-91d8-4c52-8639-fa7de579896e_1000.jpg!m_fill,w_280,h_210,f_jpg?from=ke.com
20241028,东城,和平里,101124818915,盛德紫阙 2室1厅 东 西 北,980万,85710元/平,高楼层 (共20层) 2室1厅 | 114.34平米 | 东 西 北,https://ke-image.ljcdn.com/110000-inspection/9ae2d0d1-e90d-4a4c-aef8-98665c401cd1_1000.jpg!m_fill,w_280,h_210,f_jpg?from=ke.com
20241028,东城,和平里,101124815655,和平街西苑  南北2居  精装修  有客厅,498万,73615元/平,高楼层 (共7层) | 1997年 | 2室1厅 | 67.65平米 | 南 北,https://ke-image.ljcdn.com/110000-inspection/pc1_7q9HMdOqC.jpg!m_fill,w_280,h_210,f_jpg?from=ke.com
20241028,东城,和平里,101124810106,正规两居室西南朝向交通便利采光好,328万,65957元/平,高楼层 (共6层) 2室1厅 | 49.73平米 | 西南,https://ke-image.ljcdn.com/110000-inspection/5ff15e6d-4848-4cee-877a-ffcf07936aad_1000.jpg!m_fill,w_280,h_210,f_jpg?from=ke.com
20241028,东城,和平里,101124809895,雍和家园楼龄新护城河地坛公园,1760万,102888元/平,顶层 (共16层) 3室2厅 | 171.06平米 | 东南,https://ke-image.ljcdn.com/110000-inspection/691611be-da78-4d1d-88c2-3040b13ec213_1000.jpg!m_fill,w_280,h_210,f_jpg?from=ke.com
20241028,东城,和平里,101124804195,民旺园 精装修 低楼层南向2居室 停车方便,533万,111952元/平,中楼层 (共4层) 2室1厅 | 47.61平米 | 南,https://ke-image.ljcdn.com/110000-inspection/pc1_JtQnEj90C.jpg!m_fill,w_280,h_210,f_jpg?from=ke.com
20241028,东城,和平里,101124801795,和平里六区 三室两厅 优质小区,1218万,98704元/平,底层 (共17层) 3室1厅 | 123.4平米 | 南 东 北,https://ke-image.ljcdn.com/110000-inspection/pc1_ErYFGYAXL.jpg!m_fill,w_280,h_210,f_jpg?from=ke.com
20241028,东城,和平里,101124786530,满五年唯一商品房精装修可以拎包入住近地铁。,2230万,124158元/平,中楼层 (共16层) 3室1厅 | 179.61平米 | 南 北,https://ke-image.ljcdn.com/110000-inspection/pc1_ahuXIjUZf.jpg!m_fill,w_280,h_210,f_jpg?from=ke.com
20241028,东城,和平里,101124780111,安外花园 1室1厅 南,449万,119702元/平,底层 (共5层) 1室1厅 | 37.51平米 | 南,https://ke-image.ljcdn.com/110000-inspection/pc1_8saGdVm3M.jpg!m_fill,w_280,h_210,f_jpg?from=ke.com
20241028,东城,和平里,101124776965,和平街十区 2室1厅 东 西,320万,67369元/平,顶层 (共6层) | 1976年 | 2室1厅 | 47.5平米 | 东 西,https://ke-image.ljcdn.com/110000-inspection/pc1_u5nXKvD1m.jpg!m_fill,w_280,h_210,f_jpg?from=ke.com
20241028,东城,和平里,101124762730,和平街十五区2号院 近地铁 精装修 视野开阔,450万,75771元/平,高楼层 (共18层) 1室1厅 | 59.39平米 | 南,https://ke-image.ljcdn.com/110000-inspection/20e9a513-7102-478a-b786-ef87eedf5130_1000.jpg!m_fill,w_280,h_210,f_jpg?from=ke.com
20241028,东城,和平里,101124746425,柏林寺西低楼层小三居出售东西通透有固定车位,635万,105220元/平,低楼层 (共6层) 3室1厅 | 60.35平米 | 东 西,https://ke-image.ljcdn.com/110000-inspection/4ac4e802-53cb-4434-8e8b-a098b65d718a_1000.jpg!m_fill,w_280,h_210,f_jpg?from=ke.com
20241028,东城,和平里,101124741706,和平里五区南北通透三居两卫央产房精装修诚心出售,1080万,96714元/平,顶层 (共6层) 3室2厅 | 111.67平米 | 南 北,https://ke-image.ljcdn.com/110000-inspection/52b78e14-8a4b-4f3c-82b9-87c78df5202d_1000.jpg!m_fill,w_280,h_210,f_jpg?from=ke.com
20241028,东城,和平里,101124740809,东土城路1号院 视野开阔采光充足出小区就地铁。,498万,72321元/平,顶层 (共6层) 2室1厅 | 68.86平米 | 南 北,https://ke-image.ljcdn.com/110000-inspection/eaa2e49f-b150-4957-809b-7c24eefcaeb6_1000.jpg!m_fill,w_280,h_210,f_jpg?from=ke.com
20241028,东城,和平里,101124725933,店长推荐楼层高视野好俯瞰护城河景观满五年唯一,2650万,99133元/平,中楼层 (共16层) 4室2厅 | 267.32平米 | 南,https://ke-image.ljcdn.com/110000-inspection/pc1_TKyqwJwJE.jpg!m_fill,w_280,h_210,f_jpg?from=ke.com
20241028,东城,和平里,101124722020,和平街十二区正规2居室带客厅南北通透,410万,59223元/平,顶层 (共12层) | 1980年 | 2室1厅 | 69.23平米 | 南 北,https://ke-image.ljcdn.com/110000-inspection/8b757b45-f746-4b39-85d9-c89058dbb03b_1000.jpg!m_fill,w_280,h_210,f_jpg?from=ke.com
20241028,东城,和平里,101124720413,砖角楼南里 2室1厅 东 西,235万,44000元/平,地下室 (共6层) 2室1厅 | 53.41平米 | 东 西,https://ke-image.ljcdn.com/110000-inspection/pc1_b7Royeihc.jpg!m_fill,w_280,h_210,f_jpg?from=ke.com
20241028,东城,和平里,101124582427,东城区和平里三区 近地铁 近公园,340万,90958元/平,地下室 (共6层) 1室1厅 | 37.38平米 | 西南,https://ke-image.ljcdn.com/110000-inspection/1b073547-9d4e-4e32-a406-6b0a476dc6f3_1000.jpg!m_fill,w_280,h_210,f_jpg?from=ke.com
20241028,东城,和平里,101124570651,东土城路甲3号院看房随时东西通透交通便利,1020万,63033元/平,低楼层 (共16层) | 2000年 | 3室1厅 | 161.82平米 | 东 西,https://ke-image.ljcdn.com/110000-inspection/pc1_FRHR5Ddmr_2.jpg!m_fill,w_280,h_210,f_jpg?from=ke.com
20241028,东城,和平里,101124563334,90年三居室单价低租金多老北京气息浓厚,750万,106068元/平,高楼层 (共6层) 3室1厅 | 70.71平米 | 东 西,https://ke-image.ljcdn.com/110000-inspection/pc1_vtN9WGeuy.jpg!m_fill,w_280,h_210,f_jpg?from=ke.com
20241028,东城,和平里,101124553898,和平街西苑次顶层精装修优质房源,755万,100107元/平,高楼层 (共6层) | 1998年 | 2室1厅 | 75.42平米 | 南 北,https://ke-image.ljcdn.com/110000-inspection/4575eeb1-1777-43a2-9704-46b8dddc2301_1000.jpg!m_fill,w_280,h_210,f_jpg?from=ke.com
20241028,东城,和平里,101124505338,和平街西苑南北通透采光好无遮挡,475万,70215元/平,中楼层 (共7层) | 1997年 | 2室1厅 | 67.65平米 | 南 北,https://ke-image.ljcdn.com/110000-inspection/34b4f081-5b03-4444-b4fd-40fbec27496f_1000.jpg!m_fill,w_280,h_210,f_jpg?from=ke.com
20241028,东城,和平里,101124491549,盛德紫东向大一居格局好视野好采光好无遮挡,830万,86181元/平,中楼层 (共20层) 1室1厅 | 96.31平米 | 东,https://ke-image.ljcdn.com/110000-inspection/39fba4e2-27d3-415c-b629-c30e96f163d4_1000.jpg!m_fill,w_280,h_210,f_jpg?from=ke.com
20241028,东城,和平里,101124490910,东城区和平里一区南北通透两居室,628万,107553元/平,顶层 (共11层) 2室1厅 | 58.39平米 | 南 北,https://ke-image.ljcdn.com/110000-inspection/a2d27cbe-ff3f-4355-a418-963d19a16922_1000.jpg!m_fill,w_280,h_210,f_jpg?from=ke.com
20241028,东城,和平里,101124432239,北三环内5号线和平西桥180万的两居室1993年,180万,38055元/平,地下室 (共6层) | 1993年 | 2室1厅 | 47.3平米 | 南,https://ke-image.ljcdn.com/110000-inspection/b0f89f7e-f8b5-4a5b-b47b-03933e76ccc6_1000.jpg!m_fill,w_280,h_210,f_jpg?from=ke.com
20241028,东城,和平里,101124407543,00年钢混精装修近和四拎包入住急售,800万,82902元/平,顶层 (共6层) 3室1厅 | 96.5平米 | 南 西,https://ke-image.ljcdn.com/110000-inspection/87e8799e-c642-44c4-a5e8-dfc0feca464d_1000.jpg!m_fill,w_280,h_210,f_jpg?from=ke.com
20241028,东城,和平里,101124328533,北二环边上有电梯近地铁大三居,510万,60563元/平,低楼层 (共12层) 3室2厅 | 84.21平米 | 东 西,https://ke-image.ljcdn.com/110000-inspection/1416f28d-b579-4107-b978-ded085308b99_1000.jpg!m_fill,w_280,h_210,f_jpg?from=ke.com
20241028,东城,和平里,101124328329,砖角楼北里 低楼层 户型好 小区安静 不临街,570万,108283元/平,底层 (共5层) 2室1厅 | 52.64平米 | 南,https://ke-image.ljcdn.com/110000-inspection/93a74d11-a755-42d9-b392-8e45d49c3c62_1000.jpg!m_fill,w_280,h_210,f_jpg?from=ke.com
20241028,东城,和平里,101124270779,2003年商品房社区老少三代皆宜人车分流,1880万,123571元/平,中楼层 (共19层) 3室2厅 | 152.14平米 | 东南,https://ke-image.ljcdn.com/110000-inspection/f1bfe9b3-398f-4e89-9fc2-d8ec3c844359_1000.jpg!m_fill,w_280,h_210,f_jpg?from=ke.com
20241028,东城,和平里,101124267499,和平新城一期 2003年商品房社区 精装修 一居室 满五年,659万,118080元/平,中楼层 (共21层) 1室1厅 | 55.81平米 | 北,https://ke-image.ljcdn.com/110000-inspection/8c42ed9b-8212-4382-bf6b-7dd980308400_1000.jpg!m_fill,w_280,h_210,f_jpg?from=ke.com
20241028,东城,和平里,101124245079,东城区和平里三区全明格局一居室户型方正,535万,119527元/平,顶层 (共6层) 1室1厅 | 44.76平米 | 西 东,https://ke-image.ljcdn.com/110000-inspection/pc1_k6DRb3rES.jpg!m_fill,w_280,h_210,f_jpg?from=ke.com
20241028,东城,和平里,101124201242,电梯直达高板楼的东南角两室两厅客厅南向带窗户,699万,79180元/平,高楼层 (共12层) 2室2厅 | 88.28平米 | 东南,https://ke-image.ljcdn.com/110000-inspection/c40dc7c2-81ae-4367-bfdb-485e1327094f_1000.jpg!m_fill,w_280,h_210,f_jpg?from=ke.com
20241028,东城,和平里,101124172086,砖角楼南里 3室1厅 东 南,700万,84552元/平,顶层 (共22层) 3室1厅 | 82.79平米 | 东 南,https://ke-image.ljcdn.com/110000-inspection/pc1_qHplzpSXz.jpg!m_fill,w_280,h_210,f_jpg?from=ke.com
20241028,东城,和平里,101124164028,东城和平里九区 随时可签 产权清晰 看房方便房主自荐,838万,85624元/平,中楼层 (共6层) 3室1厅 | 97.87平米 | 东 西,https://ke-image.ljcdn.com/110000-inspection/ab358dd6-a39e-4c1d-8437-61b4d08ce161_1000.jpg!m_fill,w_280,h_210,f_jpg?from=ke.com
20241028,东城,和平里,101124094143,砖角楼南里 2室1厅 东 南 东南,356万,65358元/平,高楼层 (共6层) | 1993年 | 2室1厅 | 54.47平米 | 东 南 东南,https://ke-image.ljcdn.com/110000-inspection/pc1_gmlWQ7s5G_1.jpg!m_fill,w_280,h_210,f_jpg?from=ke.com
20241028,东城,和平里,101124089038,和平街十五区不临街低楼层三居室,639万,78987元/平,底层 (共18层) 3室1厅 | 80.9平米 | 东 南 西 北,https://ke-image.ljcdn.com/110000-inspection/3c51fca4-1bf0-4d39-b057-212f25e8720d_1000.jpg!m_fill,w_280,h_210,f_jpg?from=ke.com
20241028,东城,和平里,101124058305,满五唯一中间楼层商品房不临街看房方便,560万,72596元/平,低楼层 (共6层) 3室1厅 | 77.14平米 | 东 西,https://ke-image.ljcdn.com/110000-inspection/9635ea8b-d5ac-43e4-bcdf-5fd2a602f33e_1000.jpg!m_fill,w_280,h_210,f_jpg?from=ke.com
20241028,东城,和平里,101124057228,和平里 双地铁线路 带电梯 高楼层  视野好 采光好,295万,63170元/平,高楼层 (共14层) | 1988年 | 1室1厅 | 46.7平米 | 东,https://ke-image.ljcdn.com/110000-inspection/f1e43c29-6f79-424c-bfec-7ddf1b2a701e_1000.jpg!m_fill,w_280,h_210,f_jpg?from=ke.com
20241028,东城,和平里,101124056937,和平街十二区 有车位 新装修 拎包住 朝南向 采光好,395万,68660元/平,低楼层 (共14层) 1室1厅 | 57.53平米 | 南 北,https://ke-image.ljcdn.com/110000-inspection/pc1_jrPKIYXdj_1.jpg!m_fill,w_280,h_210,f_jpg?from=ke.com
20241028,东城,和平里,101124051009,和平里东南向精装两居室有客厅  十三区煤科院楼龄新,599万,84355元/平,低楼层 (共21层) | 1998年 | 2室1厅 | 71.01平米 | 东南,https://ke-image.ljcdn.com/110000-inspection/8942382b-3d38-4a5d-869c-995151f1764b_1000.jpg!m_fill,w_280,h_210,f_jpg?from=ke.com
20241028,东城,和平里,101124027059,和平街13区南北向把边3居室中间层不临街安静舒适,520万,81916元/平,中楼层 (共5层) | 1975年 | 3室1厅 | 63.48平米 | 南 北 西,https://ke-image.ljcdn.com/110000-inspection/pc1_R8ZIE0fPS_1.jpg!m_fill,w_280,h_210,f_jpg?from=ke.com
20241028,东城,和平里,101123978688,和平里七区 3室1厅 南 北,808万,118458元/平,底层 (共5层) 3室1厅 | 68.21平米 | 南 北,https://ke-image.ljcdn.com/110000-inspection/9854cd25-4fbf-416b-9133-8b4ec4bfc005_1000.jpg!m_fill,w_280,h_210,f_jpg?from=ke.com
20241028,东城,和平里,101123973754,和平西街精装修两居室近地铁楼龄新,365万,61886元/平,高楼层 (共6层) 2室1厅 | 58.98平米 | 东 西,https://ke-image.ljcdn.com/110000-inspection/pc1_jePqyawQX.jpg!m_fill,w_280,h_210,f_jpg?from=ke.com
20241028,东城,和平里,101123969422,盛德紫阙 东城区 2017年 纯商品房 全朝东户型 看花园,990万,86942元/平,高楼层 (共20层) 2室1厅 | 113.87平米 | 东,https://ke-image.ljcdn.com/110000-inspection/9022b2dc-438b-416a-874d-c75277cdf8a9_1000.jpg!m_fill,w_280,h_210,f_jpg?from=ke.com
20241028,东城,和平里,101123951240,盛德紫阙 高档商品房小区 保利的物业 业主诚意出售,1230万,106688元/平,高楼层 (共20层) 2室1厅 | 115.29平米 | 东,https://ke-image.ljcdn.com/110000-inspection/pc1_rlWTcUFo2.jpg!m_fill,w_280,h_210,f_jpg?from=ke.com
20241028,东城,和平里,101123941292,东城安外大街康鸿家园新上三居南北通透随时可签,1580万,98831元/平,底层 (共6层) 3室2厅 | 159.87平米 | 南 北,https://ke-image.ljcdn.com/110000-inspection/pc1_aSetmfYTQ_1.jpg!m_fill,w_280,h_210,f_jpg?from=ke.com
20241028,东城,和平里,101123913294,和平里东街9号院 三室两卫 南北通透 适合一家人自住,1600万,131634元/平,顶层 (共12层) 3室2厅 | 121.55平米 | 南 北,https://ke-image.ljcdn.com/110000-inspection/pc1_rm0xpA6YW_1.jpg!m_fill,w_280,h_210,f_jpg?from=ke.com
20241028,东城,和平里,101123910433,雍和家园一期此房属于满五年电梯房视野好南北向,1850万,108080元/平,低楼层 (共16层) | 2001年 | 3室2厅 | 171.17平米 | 南 北,https://ke-image.ljcdn.com/110000-inspection/d97779b7-7d1d-400b-8092-4f24d8fd6045_1000.jpg!m_fill,w_280,h_210,f_jpg?from=ke.com
20241028,东城,和平里,101123904149,满五唯一商品房 正规一室一厅 精装修房主自荐,308万,62960元/平,高楼层 (共14层) | 1988年 | 1室1厅 | 48.92平米 | 东 西,https://ke-image.ljcdn.com/110000-inspection/5ab0804b-b7a7-450b-a9b6-46741f42c457_1000.jpg!m_fill,w_280,h_210,f_jpg?from=ke.com
20241028,东城,和平里,101123894413,煤科院小区和平街十三区满五年看房方便,639万,75738元/平,低楼层 (共21层) | 1998年 | 2室1厅 | 84.37平米 | 北,https://ke-image.ljcdn.com/110000-inspection/eb373bf8-1c78-424c-ab8d-b0bc4ac523c5_1000.jpg!m_fill,w_280,h_210,f_jpg?from=ke.com
20241028,东城,和平里,101123859022,和平里五区甲院干部楼 2000年楼龄 南北通透 满五唯一房主自荐,1190万,87091元/平,顶层 (共6层) 3室1厅 | 136.64平米 | 南 北,https://ke-image.ljcdn.com/110000-inspection/be9cd849-4d18-4ffe-a6ca-84795391a366_1000.jpg!m_fill,w_280,h_210,f_jpg?from=ke.com
20241028,东城,和平里,101123823539,和平街十四区-朝阳区双南两居室-满五唯一,350万,64767元/平,顶层 (共5层) | 1977年 | 2室1厅 | 54.04平米 | 南,https://ke-image.ljcdn.com/110000-inspection/4f93cdd6-5744-4bc5-a4c2-bc454d85e7ec_1000.jpg!m_fill,w_280,h_210,f_jpg?from=ke.com
20241028,东城,和平里,101123802020,和平街十一区2000年楼龄计量院家属楼诚意出售,475万,67945元/平,顶层 (共6层) | 1999年 | 2室1厅 | 69.91平米 | 南,https://ke-image.ljcdn.com/110000-inspection/pc1_aXMf4l109.jpg!m_fill,w_280,h_210,f_jpg?from=ke.com
20241028,东城,和平里,101123790551,和平街十一区精装修大两居室双阳台,510万,69228元/平,低楼层 (共16层) | 1994年 | 2室1厅 | 73.67平米 | 北,https://ke-image.ljcdn.com/110000-inspection/0387500c-ba61-4237-9423-3b681a851ad8_1000.jpg!m_fill,w_280,h_210,f_jpg?from=ke.com
20241028,东城,和平里,101123789971,北二环边航天部央产房视野没有遮挡,790万,123207元/平,顶层 (共16层) 2室1厅 | 64.12平米 | 南,https://ke-image.ljcdn.com/110000-inspection/pc1_x5jk0t2ox_1.jpg!m_fill,w_280,h_210,f_jpg?from=ke.com
20241028,东城,和平里,101123786391,北三环内5号线和平西桥1997年电梯房东南两居不临街,680万,84410元/平,中楼层 (共20层) 2室1厅 | 80.56平米 | 东南,https://ke-image.ljcdn.com/110000-inspection/aaaea2e1-11db-479a-ad09-f4a02c2eaac1_1000.jpg!m_fill,w_280,h_210,f_jpg?from=ke.com
20241028,东城,和平里,101123773828,东城和平里六区南向两居室  电梯房   诚意出售,799万,118196元/平,低楼层 (共18层) 2室1厅 | 67.6平米 | 南,https://ke-image.ljcdn.com/110000-inspection/3cf63d3c-58d2-423b-93a7-57ee48e9f1c3_1000.jpg!m_fill,w_280,h_210,f_jpg?from=ke.com
20241028,东城,和平里,101123766035,和平里三区 西南一居正对地坛公园 满五唯一诚意出售！,469万,115603元/平,低楼层 (共6层) 1室1厅 | 40.57平米 | 西南,https://ke-image.ljcdn.com/110000-inspection/7d91378c-4960-44e6-8ad9-39f78a4c831d_1000.jpg!m_fill,w_280,h_210,f_jpg?from=ke.com
20241028,东城,和平里,101123694744,客厅正对小区花园无遮挡看房方便业主很诚心出售,2380万,117811元/平,底层 (共16层) | 2001年 | 3室2厅 | 202.02平米 | 西南 北,https://ke-image.ljcdn.com/110000-inspection/5da10838-1359-4ddd-8488-45702ec3a588_1000.jpg!m_fill,w_280,h_210,f_jpg?from=ke.com
20241028,东城,和平里,101123659881,总监推荐复式好宅。满五年唯一楼龄新！房主自荐,799万,86211元/平,顶层 (共6层) 3室2厅 | 92.68平米 | 南 北,https://ke-image.ljcdn.com/110000-inspection/pc1_5m3MpOCbc.jpg!m_fill,w_280,h_210,f_jpg?from=ke.com
20241028,东城,和平里,101123639719,和平里一区3居室 满五唯一  楼层好采光好,640万,114902元/平,中楼层 (共5层) 3室1厅 | 55.7平米 | 南 北,https://ke-image.ljcdn.com/110000-inspection/pc1_EFv0Vj0Ao.jpg!m_fill,w_280,h_210,f_jpg?from=ke.com
20241028,东城,和平里,101123633868,甘水桥满五唯一商品房电梯直达采光好,570万,92443元/平,高楼层 (共14层) 2室1厅 | 61.66平米 | 东,https://ke-image.ljcdn.com/110000-inspection/12ba409d-c637-4f5b-96c3-af8da61e5b8c_1000.jpg!m_fill,w_280,h_210,f_jpg?from=ke.com
20241028,东城,和平里,101123537525,民旺园 精装修两居室 户型好 明厨明卫格局 诚意出售房主自荐,530万,129839元/平,中楼层 (共5层) 2室1厅 | 40.82平米 | 东 西,https://ke-image.ljcdn.com/110000-inspection/pc1_OvMlqFHrQ.jpg!m_fill,w_280,h_210,f_jpg?from=ke.com
20241028,东城,和平里,101123361589,和平里七区  南北通透两居室  满五唯一,675万,111405元/平,顶层 (共6层) 2室1厅 | 60.59平米 | 南 北,https://ke-image.ljcdn.com/110000-inspection/31fc4705-8ae6-49c2-bd1f-815ce49eef1e_1000.jpg!m_fill,w_280,h_210,f_jpg?from=ke.com
20241028,东城,和平里,101123354664,北二环地坛公园南北通透两居楼层好房主自荐,729万,132257元/平,低楼层 (共6层) 2室1厅 | 55.12平米 | 南 北,https://ke-image.ljcdn.com/110000-inspection/1bb631be-3bf9-40fa-91dd-bc430a6d6610_1000.jpg!m_fill,w_280,h_210,f_jpg?from=ke.com
20241028,东城,和平里,101123328257,盛德紫阙 新上南北通透大四居 价格便宜 小区新 管理好,2500万,69629元/平,中楼层 (共16层) | 2017年 | 4室2厅 | 359.05平米 | 南 北,https://ke-image.ljcdn.com/110000-inspection/6a337f44-a739-4260-84d4-e472af71068b_1000.jpg!m_fill,w_280,h_210,f_jpg?from=ke.com
20241028,东城,和平里,101123299745,和平街十一区 精装一居室 诚意出售,260万,77891元/平,中楼层 (共5层) | 1959年 | 1室0厅 | 33.38平米 | 北,https://ke-image.ljcdn.com/110000-inspection/ce17119e-bbf1-4463-80fd-eabeb027c9dc_1000.jpg!m_fill,w_280,h_210,f_jpg?from=ke.com
20241028,东城,和平里,101123259618,和平里七区南北通透临近地铁5号线外立面已经做完改造,668万,110250元/平,中楼层 (共6层) 2室1厅 | 60.59平米 | 南 北,https://ke-image.ljcdn.com/110000-inspection/35a80e6d-4dae-415b-b13d-86caa2bec050_1000.jpg!m_fill,w_280,h_210,f_jpg?from=ke.com
20241028,东城,和平里,101123258724,和平街十二区 精装修 通风性好,429万,87338元/平,中楼层 (共5层) | 1976年 | 2室1厅 | 49.12平米 | 东 北 西,https://ke-image.ljcdn.com/110000-inspection/9183fd85-d987-4520-ad75-2ed1a74d2c7b_1000.jpg!m_fill,w_280,h_210,f_jpg?from=ke.com
20241028,东城,和平里,101123258856,和平街十一区  精装修 车位充足,540万,83747元/平,高楼层 (共14层) 2室1厅 | 64.48平米 | 南 北,https://ke-image.ljcdn.com/110000-inspection/3544047e-7fa4-44fb-bbc6-6d7e193f490b_1000.jpg!m_fill,w_280,h_210,f_jpg?from=ke.com
20241028,东城,和平里,101123250366,和平里砖角楼南里 三居室 业主急售 随时看房,480万,69295元/平,低楼层 (共14层) 3室1厅 | 69.27平米 | 东 西 北,https://ke-image.ljcdn.com/110000-inspection/f0a5725b-1b99-4b19-a248-94b7c22fe84a_1000.jpg!m_fill,w_280,h_210,f_jpg?from=ke.com
20241028,东城,和平里,101123246507,盛德紫阙 纯商品房 东城区 精装修 采光视野好,950万,102493元/平,中楼层 (共20层) 1室1厅 | 92.69平米 | 东,https://ke-image.ljcdn.com/110000-inspection/802c884d-f67b-4dc2-a864-5f2fd3b59fe2_1000.jpg!m_fill,w_280,h_210,f_jpg?from=ke.com
20241028,东城,和平里,101123226998,和平街十二区南北通透1998年两居室带客厅,625万,81476元/平,低楼层 (共14层) | 1998年 | 2室1厅 | 76.71平米 | 南 北,https://ke-image.ljcdn.com/110000-inspection/f3f9b191-faad-4170-8d44-05af61b097ba_1000.jpg!m_fill,w_280,h_210,f_jpg?from=ke.com
20241028,东城,和平里,101123223675,和平街八区 3室1厅 南 北,760万,84248元/平,顶层 (共4层) 3室1厅 | 90.21平米 | 南 北,https://ke-image.ljcdn.com/110000-inspection/e36d4e76-688e-4148-9ab6-66d696241c24_1000.jpg!m_fill,w_280,h_210,f_jpg?from=ke.com
20241028,东城,和平里,101123223656,和平里砖角楼北里交通部小区二环边上闹中取静诚意出售,455万,65828元/平,中楼层 (共5层) 2室1厅 | 69.12平米 | 南 北,https://ke-image.ljcdn.com/110000-inspection/ef306454-5026-4e58-bc5d-f453b657ecab_1000.jpg!m_fill,w_280,h_210,f_jpg?from=ke.com
20241028,东城,和平里,101123223498,和平街十四区 2室1厅 南 北,398万,70869元/平,中楼层 (共6层) | 1964年 | 2室1厅 | 56.16平米 | 南 北,https://ke-image.ljcdn.com/110000-inspection/pc1_4O1d9AEvE_1.jpg!m_fill,w_280,h_210,f_jpg?from=ke.com
20241028,东城,和平里,101123189696,满五唯一南北通透格局中间楼层采光好！,435万,77430元/平,中楼层 (共5层) 2室1厅 | 56.18平米 | 南 北,https://ke-image.ljcdn.com/110000-inspection/ef4868f6-4336-4999-a8f6-fb20b05e6867_1000.jpg!m_fill,w_280,h_210,f_jpg?from=ke.com
20241028,东城,和平里,101123168450,东城和平里安外大街80号院  精装修两居  随时可签房主自荐,645万,117981元/平,低楼层 (共6层) 2室1厅 | 54.67平米 | 南 北,https://ke-image.ljcdn.com/110000-inspection/b799f33c-8f5c-43c6-aedd-5617b9e2a4ea_1000.jpg!m_fill,w_280,h_210,f_jpg?from=ke.com
20241028,东城,和平里,101123154952,满五年南向中间层楼间距大前后无遮挡房主自荐,350万,74342元/平,中楼层 (共18层) | 1998年 | 1室1厅 | 47.08平米 | 南,https://ke-image.ljcdn.com/110000-inspection/6b99a1f6-38bd-4cdf-a4b2-706d69bc4f44_1000.jpg!m_fill,w_280,h_210,f_jpg?from=ke.com
20241028,东城,和平里,101123148764,此房满五唯一楼层高视野开阔装修精致诚心出,680万,121842元/平,高楼层 (共20层) 1室1厅 | 55.81平米 | 北,https://ke-image.ljcdn.com/110000-inspection/pc1_xmykLnXFg.jpg!m_fill,w_280,h_210,f_jpg?from=ke.com
20241028,东城,和平里,101123124666,和平里五区 精装两居室 近地铁,699万,126815元/平,低楼层 (共6层) 2室1厅 | 55.12平米 | 南 北,https://ke-image.ljcdn.com/110000-inspection/0aeb8882-418f-4c48-af0f-1303397d23a2_1000.jpg!m_fill,w_280,h_210,f_jpg?from=ke.com
20241028,东城,和平里,101123075445,和平街十三区正规大三居两卫精装修诚心出售,920万,89774元/平,低楼层 (共22层) 3室2厅 | 102.48平米 | 东北,https://ke-image.ljcdn.com/110000-inspection/f7f6dc0f-7c8a-4a7c-99a4-82c53cb4ffd5_1000.jpg!m_fill,w_280,h_210,f_jpg?from=ke.com
20241028,东城,和平里,101123057299,朝阳区和平街十五区不临街中间楼层三居室,640万,77812元/平,低楼层 (共18层) | 1998年 | 3室1厅 | 82.25平米 | 东 南 西 北,https://ke-image.ljcdn.com/110000-inspection/af96f4af-a211-4871-a2f2-c87f62aa6b0d_1000.jpg!m_fill,w_280,h_210,f_jpg?from=ke.com
20241028,东城,和平里,101123046699,和平西街1号院 满五年唯一 诚心出售 随时签约,534万,77832元/平,底层 (共18层) | 1999年 | 1室1厅 | 68.61平米 | 东 南,https://ke-image.ljcdn.com/110000-inspection/pc1_0jTSvNdPp_2.jpg!m_fill,w_280,h_210,f_jpg?from=ke.com
20241028,东城,和平里,101122990221,和平里六区3居室 大客厅视眼好 小区品质高  楼龄新,1290万,105973元/平,高楼层 (共17层) 3室1厅 | 121.73平米 | 东 南 北,https://ke-image.ljcdn.com/110000-inspection/3b832f35-d367-4d36-b1f3-775b513bfbdc_1000.jpg!m_fill,w_280,h_210,f_jpg?from=ke.com
20241028,东城,和平里,101122982531,地坛北里2居南北通透带正规客厅有电梯,1050万,125734元/平,中楼层 (共14层) 2室1厅 | 83.51平米 | 南 北,https://ke-image.ljcdn.com/110000-inspection/4850e36d-c8a7-414a-a921-8e7d5aad8fd3_1000.jpg!m_fill,w_280,h_210,f_jpg?from=ke.com
20241028,东城,和平里,101122963394,和平里东南向2居室 煤科院物业管理好精装2居,599万,84355元/平,低楼层 (共21层) | 1998年 | 2室1厅 | 71.01平米 | 东南,https://ke-image.ljcdn.com/110000-inspection/ffe15b13-2034-4f2f-bebe-dde1758c16b4_1000.jpg!m_fill,w_280,h_210,f_jpg?from=ke.com
20241028,东城,和平里,101122858735,东城区和平里三区南北通透三居室,860万,119578元/平,顶层 (共6层) 3室1厅 | 71.92平米 | 南 北,https://ke-image.ljcdn.com/110000-inspection/pc1_9EKuBW968.jpg!m_fill,w_280,h_210,f_jpg?from=ke.com
20241028,东城,和平里,101122854077,化工大院 品质小区 本楼已经做完改造 安静宜居,520万,126337元/平,底层 (共4层) 2室1厅 | 41.16平米 | 东,https://ke-image.ljcdn.com/110000-inspection/ba82faf0-f482-4b31-95c9-9cddb889d3fe_1000.jpg!m_fill,w_280,h_210,f_jpg?from=ke.com
20241028,东城,和平里,101122783989,地坛北里带电梯大两居户型好诚心出售,860万,101981元/平,中楼层 (共14层) 2室1厅 | 84.33平米 | 东 西,https://ke-image.ljcdn.com/110000-inspection/dd180828-a139-4254-83b6-69658a0ee648_1000.jpg!m_fill,w_280,h_210,f_jpg?from=ke.com
20241028,东城,和平里,101122766576,和平里砖角楼北里住宅社区位置好,580万,97792元/平,底层 (共5层) 3室1厅 | 59.31平米 | 南 北,https://ke-image.ljcdn.com/110000-inspection/pc1_7mzMbwzVY.jpg!m_fill,w_280,h_210,f_jpg?from=ke.com
20241028,东城,和平里,101122735234,和平街西苑中间楼层 南北通透双阳台 明厨  1998年楼龄,1050万,101666元/平,中楼层 (共7层) 3室1厅 | 103.28平米 | 南 北,https://ke-image.ljcdn.com/110000-inspection/bbbb5760-ce14-4aea-b363-d3c14896ef03_1000.jpg!m_fill,w_280,h_210,f_jpg?from=ke.com
20241028,东城,和平里,101122703583,北二环 护城河边 精装修2居 交通便利 上班族必看,320万,68936元/平,中楼层 (共6层) 2室1厅 | 46.42平米 | 东,https://ke-image.ljcdn.com/110000-inspection/d4dba866-4db3-4018-add5-13e4a55410ab_1000.jpg!m_fill,w_280,h_210,f_jpg?from=ke.com
20241028,东城,和平里,101122620654,和平街西苑 双地铁 南北复式 落地大阳台,900万,75226元/平,顶层 (共6层) 3室2厅 | 119.64平米 | 南 北,https://ke-image.ljcdn.com/110000-inspection/dc77202a-b729-4b48-a94a-9ebdb6ed837a_1000.jpg!m_fill,w_280,h_210,f_jpg?from=ke.com
20241028,东城,和平里,101122604641,全明格局不临街 业主急售 中间楼层 价格可谈 满五唯一,710万,110420元/平,中楼层 (共6层) 2室1厅 | 64.3平米 | 南 西 北,https://ke-image.ljcdn.com/110000-inspection/pc1_YAo5gDaHZ.jpg!m_fill,w_280,h_210,f_jpg?from=ke.com
20241028,东城,和平里,101122506739,交林 2室1厅 东 西,439万,87121元/平,地下室 (共6层) 2室1厅 | 50.39平米 | 东 西,https://ke-image.ljcdn.com/110000-inspection/pc1_rbpWSDpGl.jpg!m_fill,w_280,h_210,f_jpg?from=ke.com
20241028,东城,和平里,101122463264,盛德紫阙  正规两居室  精装修,930万,88572元/平,中楼层 (共20层) | 2019年 | 2室1厅 | 105平米 | 西南,https://ke-image.ljcdn.com/110000-inspection/e847e5fb-1b98-4cb0-a61b-10078d96bb1e_1000.jpg!m_fill,w_280,h_210,f_jpg?from=ke.com
20241028,东城,和平里,101122370261,满五唯一明厨明卫设计合理无浪费正对小区花园,1650万,104246元/平,低楼层 (共16层) | 2001年 | 3室2厅 | 158.28平米 | 西南,https://ke-image.ljcdn.com/110000-inspection/pc1_VYxyo4msC.jpg!m_fill,w_280,h_210,f_jpg?from=ke.com
20241028,东城,和平里,101122220829,和平里砖角楼南里19年试点改造小区管理好换过管道房主自荐,480万,69135元/平,低楼层 (共22层) 2室1厅 | 69.43平米 | 南 北,https://ke-image.ljcdn.com/110000-inspection/0d3ce5eb-517a-4791-9c42-43bd5745eb71_1000.jpg!m_fill,w_280,h_210,f_jpg?from=ke.com
20241028,东城,和平里,101122079937,和平里五区南北三居室双卫  满五年唯一  精装修,777万,83837元/平,顶层 (共6层) | 1995年 | 3室1厅 | 92.68平米 | 南 北,https://ke-image.ljcdn.com/110000-inspection/335d4e9e-3873-4572-83fd-61db9bd5fa64_1000.jpg!m_fill,w_280,h_210,f_jpg?from=ke.com
20241028,东城,和平里,101122076867,砖角楼南里 南北向 三居室 有电梯 管理好 随时看房,610万,73681元/平,低楼层 (共22层) | 1985年 | 3室1厅 | 82.79平米 | 东 南 西,https://ke-image.ljcdn.com/110000-inspection/090e196b-2a71-4556-9bda-f15ab18daf51_1000.jpg!m_fill,w_280,h_210,f_jpg?from=ke.com
20241028,东城,和平里,101122059892,和平里东街15号院 实用三居室 精装修 不临街,777万,135060元/平,底层 (共12层) 3室1厅 | 57.53平米 | 西北,https://ke-image.ljcdn.com/110000-inspection/94b1d6a8-129a-4dbe-978c-be3cff305fbd_1000.jpg!m_fill,w_280,h_210,f_jpg?from=ke.com
20241028,东城,和平里,101122041772,和平里七区 2室1厅 东 西 北,890万,127489元/平,底层 (共8层) 2室1厅 | 69.81平米 | 东 西 北,https://ke-image.ljcdn.com/110000-inspection/a6297df4-4b4f-430d-a6b4-0d3b7bc82cbe_1000.jpg!m_fill,w_280,h_210,f_jpg?from=ke.com
20241028,东城,和平里,101122041372,和平里兴化西里 2005年新房 南北通透3居室,1080万,84799元/平,高楼层 (共6层) 3室2厅 | 127.36平米 | 南 北,https://ke-image.ljcdn.com/110000-inspection/f8e6e430-f75d-4641-be26-58bfe2aac14f_1000.jpg!m_fill,w_280,h_210,f_jpg?from=ke.com
20241028,东城,和平里,101122006053,和平里七区    东城精装一居,698万,115928元/平,底层 (共6层) 1室1厅 | 60.21平米 | 东 西,https://ke-image.ljcdn.com/110000-inspection/pc1_9eiuugPYq.jpg!m_fill,w_280,h_210,f_jpg?from=ke.com
20241028,东城,和平里,101121823028,和平街十一区 1室1厅 北,298万,91160元/平,中楼层 (共5层) | 1959年 | 1室1厅 | 32.69平米 | 北,https://ke-image.ljcdn.com/110000-inspection/0727f2ca-20b1-44f8-9177-3b48796fdd5f_1000.jpg!m_fill,w_280,h_210,f_jpg?from=ke.com
20241028,东城,和平里,101121784200,西南北 满五年唯一 无户 观景房西山美景,1559万,123359元/平,高楼层 (共19层) | 2003年 | 2室2厅 | 126.38平米 | 西南,https://ke-image.ljcdn.com/110000-inspection/f9237814-aae5-4cce-bc33-bf29685099aa_1000.jpg!m_fill,w_280,h_210,f_jpg?from=ke.com
20241028,东城,和平里,101121775290,2007年开盘入住位于北二环至北三环之间商品房离地铁近,660万,86786元/平,低楼层 (共14层) | 2006年 | 2室1厅 | 76.05平米 | 东,https://ke-image.ljcdn.com/110000-inspection/019650ec-d65a-4e12-ada0-30162024efd5_1000.jpg!m_fill,w_280,h_210,f_jpg?from=ke.com
20241028,东城,和平里,101121678432,和平里 满五年 带电梯 楼层高  南北通透 采光好,700万,108764元/平,顶层 (共11层) 2室1厅 | 64.36平米 | 南 北,https://ke-image.ljcdn.com/110000-inspection/pc1_v32nAGRXi.jpg!m_fill,w_280,h_210,f_jpg?from=ke.com
20241028,东城,和平里,101121672359,北二环高层带电梯一居室视野开阔满五年唯一,598万,107150元/平,中楼层 (共20层) 1室0厅 | 55.81平米 | 北,https://ke-image.ljcdn.com/110000-inspection/pc1_5cyADs5HR.jpg!m_fill,w_280,h_210,f_jpg?from=ke.com
20241028,东城,和平里,101121657780,雍和家园一期 3室2厅 东南,2200万,108901元/平,高楼层 (共16层) 3室2厅 | 202.02平米 | 东南,https://ke-image.ljcdn.com/110000-inspection/e0d2b01c-684e-4d33-81c0-571b38cfe5c3_1000.jpg!m_fill,w_280,h_210,f_jpg?from=ke.com
20241028,东城,和平里,101121598093,兴化西里 东南北两居室 明厨明卫 中间楼层 采光好,550万,98232元/平,中楼层 (共4层) 2室1厅 | 55.99平米 | 东南 北,https://ke-image.ljcdn.com/110000-inspection/2150bb2e-ea68-47ed-a136-382801edaf36_1000.jpg!m_fill,w_280,h_210,f_jpg?from=ke.com
20241028,东城,和平里,101121571437,东土城路13号院南北通透精装修婚房出售看房方便房主自荐,449万,63463元/平,顶层 (共6层) 2室1厅 | 70.75平米 | 东 南 北,https://ke-image.ljcdn.com/110000-inspection/pc1_62rZdssTI_1.jpg!m_fill,w_280,h_210,f_jpg?from=ke.com
20241028,东城,和平里,101121504147,东城和平里和平新城 楼龄新落地大窗视野开阔,740万,132593元/平,中楼层 (共20层) 1室1厅 | 55.81平米 | 北,https://ke-image.ljcdn.com/110000-inspection/pc1_f9VuLXpdu_1.jpg!m_fill,w_280,h_210,f_jpg?from=ke.com
20241028,东城,和平里,101121429868,民旺园十九号院 2室1厅 南 北,1080万,103449元/平,高楼层 (共7层) 2室1厅 | 104.4平米 | 南 北,https://ke-image.ljcdn.com/110000-inspection/a33aa966-d450-44e9-88bc-9fee9dd979be_1000.jpg!m_fill,w_280,h_210,f_jpg?from=ke.com
20241028,东城,和平里,101121392805,把边户型 私密性好 户型紧凑 无遮挡 观河景房,2200万,108971元/平,低楼层 (共16层) | 2001年 | 3室2厅 | 201.89平米 | 东南,https://ke-image.ljcdn.com/110000-inspection/31c728b9-cf4f-474d-8c8a-b8f828d8b7e2_1000.jpg!m_fill,w_280,h_210,f_jpg?from=ke.com
20241028,东城,和平里,101121286639,和平家园 停车方便 绿化好 近地铁,499万,84548元/平,中楼层 (共5层) | 1959年 | 2室1厅 | 59.02平米 | 南 北,https://ke-image.ljcdn.com/110000-inspection/pc1_kclaWUfLS.jpg!m_fill,w_280,h_210,f_jpg?from=ke.com
20241028,东城,和平里,101121263272,东土城路9号院 98年西向两局室,518万,69559元/平,顶层 (共23层) 2室1厅 | 74.47平米 | 南 西,https://ke-image.ljcdn.com/110000-inspection/pc1_ZVwxwSIUj.jpg!m_fill,w_280,h_210,f_jpg?from=ke.com
20241028,东城,和平里,101121251092,和平街十三区  科技苑小区大一居室出售  楼龄新环境好,618万,105192元/平,底层 (共22层) 1室1厅 | 58.75平米 | 南,https://ke-image.ljcdn.com/110000-inspection/56e986d9-cd45-457e-9ab0-632291072bec_1000.jpg!m_fill,w_280,h_210,f_jpg?from=ke.com
20241028,东城,和平里,101121229732,和平街十二区 近地铁 全明格局,428万,75632元/平,底层 (共5层) 2室1厅 | 56.59平米 | 东 南 西,https://ke-image.ljcdn.com/110000-inspection/bc4be462-5956-45f6-909c-48713d56417b_1000.jpg!m_fill,w_280,h_210,f_jpg?from=ke.com
20241028,东城,和平里,101121187620,和平街十三区东西通透两居室带客厅,458万,73222元/平,顶层 (共6层) | 1980年 | 2室1厅 | 62.55平米 | 东 西,https://ke-image.ljcdn.com/110000-inspection/7bf5dbae-d899-4d6f-8315-4f65fcb77aeb_1000.jpg!m_fill,w_280,h_210,f_jpg?from=ke.com
20241028,东城,和平里,101121185579,化工大院 3室1厅 东 西,605万,103917元/平,顶层 (共5层) 3室1厅 | 58.22平米 | 东 西,https://ke-image.ljcdn.com/110000-inspection/pc1_GRWeZUIM6.jpg!m_fill,w_280,h_210,f_jpg?from=ke.com
20241028,东城,和平里,101121145590,南北通透双阳台环境好房龄新近学堂近地坛房主自荐,960万,120619元/平,中楼层 (共7层) 2室2厅 | 79.59平米 | 南 北,https://ke-image.ljcdn.com/110000-inspection/pc1_X2d1x3ejz.jpg!m_fill,w_280,h_210,f_jpg?from=ke.com
20241028,东城,和平里,101121094537,盛德紫阙  精装修 新风系统 地暖,599万,87255元/平,中楼层 (共20层) | 2017年 | 1室1厅 | 68.65平米 | 西,https://ke-image.ljcdn.com/110000-inspection/pc1_8LCMvECmI.jpg!m_fill,w_280,h_210,f_jpg?from=ke.com
20241028,东城,和平里,101121068230,和平里一区   精装小两居    诚心出售,550万,138889元/平,中楼层 (共5层) 2室1厅 | 39.6平米 | 南 北,https://ke-image.ljcdn.com/110000-inspection/e28c0276-0ff6-41e2-ba1f-001a24b1f5ca_1000.jpg!m_fill,w_280,h_210,f_jpg?from=ke.com
20241028,东城,和平里,101120951548,和平里三区精装三居室中间楼层没有遮挡不临街,945万,133193元/平,中楼层 (共6层) 3室1厅 | 70.95平米 | 南 北,https://ke-image.ljcdn.com/110000-inspection/pc1_dBHYAZ87F.jpg!m_fill,w_280,h_210,f_jpg?from=ke.com
20241028,东城,和平里,101120919469,东城和平里 安外大街80号院 精装修 带电梯 南北3居房主自荐,875万,103969元/平,高楼层 (共14层) 3室1厅 | 84.16平米 | 南 北,https://ke-image.ljcdn.com/110000-inspection/pc1_tilKdsrBg.jpg!m_fill,w_280,h_210,f_jpg?from=ke.com
20241028,东城,和平里,101120827959,东城和平里民旺园 满五年唯一96年电梯直达房主自荐,869万,110941元/平,顶层 (共9层) 2室1厅 | 78.33平米 | 东 西,https://ke-image.ljcdn.com/110000-inspection/6f2effb1-db2f-4c5e-9e8c-6459d1c783a5_1000.jpg!m_fill,w_280,h_210,f_jpg?from=ke.com
20241028,东城,和平里,101120763107,和平里砖角楼南里南北通透三居室,508万,70448元/平,高楼层 (共6层) | 1993年 | 3室1厅 | 72.11平米 | 南 北,https://ke-image.ljcdn.com/110000-inspection/0f109cb8-5af1-4147-a6f9-d586c39c9ad0_1000.jpg!m_fill,w_280,h_210,f_jpg?from=ke.com
20241028,东城,和平里,101120502143,正规三居室 户型方正 低楼层 航天部家属楼 华润物业,830万,116524元/平,低楼层 (共16层) 3室1厅 | 71.23平米 | 东 南 西 北,https://ke-image.ljcdn.com/110000-inspection/pc1_U01pLXpeN.jpg!m_fill,w_280,h_210,f_jpg?from=ke.com
20241028,东城,和平里,101120035837,盛德紫阙  正规两居室  精装修,1060万,100256元/平,中楼层 (共20层) 2室1厅 | 105.73平米 | 南 西,https://ke-image.ljcdn.com/110000-inspection/pc1_tOGEEgqC9_1.jpg!m_fill,w_280,h_210,f_jpg?from=ke.com
20241028,东城,和平里,101119658901,盛德紫阙精装修格局好东向大两居正对小区花园,1218万,105647元/平,中楼层 (共20层) | 2017年 | 2室1厅 | 115.29平米 | 东,https://ke-image.ljcdn.com/110000-inspection/3972c2fa-cd53-4969-bab6-461fe7b48409_1000.jpg!m_fill,w_280,h_210,f_jpg?from=ke.com
20241028,东城,和平里,101119455205,东城区康鸿家园南北通透两居室套内面积103.7平米,1269万,123001元/平,顶层 (共6层) 2室2厅 | 103.17平米 | 南 北,https://ke-image.ljcdn.com/110000-inspection/pc1_WLHiDYRWw_1.jpg!m_fill,w_280,h_210,f_jpg?from=ke.com
20241028,东城,和平里,101118939634,和平街12区化工研究院的家属楼2001年楼龄南北通透,840万,95979元/平,底层 (共14层) | 2001年 | 2室1厅 | 87.52平米 | 南 北,https://ke-image.ljcdn.com/110000-inspection/7053d8e3-ef4f-4ae3-9cd5-72d3347c985d_1000.jpg!m_fill,w_280,h_210,f_jpg?from=ke.com
20241028,东城,和平里,101118918777,和平里砖角楼南里    满5年唯一   优质两居急售,368万,63690元/平,底层 (共6层) 2室1厅 | 57.78平米 | 东 西,https://ke-image.ljcdn.com/110000-inspection/pc1_Sk2VPci2C.jpg!m_fill,w_280,h_210,f_jpg?from=ke.com
20241028,东城,和平里,101118880672,和平街12区2015年新楼精装修两居室中间楼层,555万,107455元/平,中楼层 (共4层) | 2020年 | 2室1厅 | 51.65平米 | 南 北,https://ke-image.ljcdn.com/110000-inspection/pc1_n1YchMylA.jpg!m_fill,w_280,h_210,f_jpg?from=ke.com
20241028,东城,和平里,101118641661,和平里五区交通方便 户型方正 业主诚心出售,580万,142963元/平,中楼层 (共6层) 1室1厅 | 40.57平米 | 西南,https://ke-image.ljcdn.com/110000-inspection/pc1_Y4239RVfY.jpg!m_fill,w_280,h_210,f_jpg?from=ke.com
20241028,东城,和平里,101118393339,小黄庄前街四条 东西通透 小区安静 格局好,412万,71615元/平,顶层 (共6层) | 1985年 | 2室1厅 | 57.53平米 | 东 西,https://ke-image.ljcdn.com/110000-inspection/8b208a74-0307-486d-9fcb-08eeeff07cc6_1000.jpg!m_fill,w_280,h_210,f_jpg?from=ke.com
20241028,东城,和平里,101117976958,地坛北里中间层小两居交通便利,680万,131579元/平,中楼层 (共5层) 2室1厅 | 51.68平米 | 东 南 西,https://ke-image.ljcdn.com/110000-inspection/pc1_6dBzXJClm_1.jpg!m_fill,w_280,h_210,f_jpg?from=ke.com
20241028,东城,和平里,101117301962,化工部管理楼道干净没有小广告朝南向一居,468万,81349元/平,中楼层 (共14层) | 1998年 | 1室1厅 | 57.53平米 | 南,https://ke-image.ljcdn.com/110000-inspection/pc1_QXNgS1HHN.jpg!m_fill,w_280,h_210,f_jpg?from=ke.com
20241028,东城,和平里,101127296579,和平里七区 1室1厅 南,435万,119605元/平,顶层 (共5层) 1室1厅 | 36.37平米 | 南,https://s1.ljcdn.com/pegasus/redskull/images/common/default_house_list.png?_v=202410161653269
20241028,东城,和平里,101127294706,地坛北里中高楼层电梯两室一大厅诚心出售随时看房,828万,98186元/平,中楼层 (共14层) 2室1厅 | 84.33平米 | 东 西,https://s1.ljcdn.com/pegasus/redskull/images/common/default_house_list.png?_v=202410161653269
20241028,东城,和平里,101127265483,盛德紫阙 1室1厅 东新上,1000万,107887元/平,高楼层 (共20层) 1室1厅 | 92.69平米 | 东,https://s1.ljcdn.com/pegasus/redskull/images/common/default_house_list.png?_v=202410161653269
20241028,东城,和平里,101127233399,和平街十区 3室2厅 南 北新上,850万,137430元/平,底层 (共4层) 3室2厅 | 61.85平米 | 南 北,https://s1.ljcdn.com/pegasus/redskull/images/common/default_house_list.png?_v=202410161653269
20241028,东城,和平里,101127212797,和平街十二区 2室1厅 西北新上,320万,72695元/平,中楼层 (共5层) | 1976年 | 2室1厅 | 44.02平米 | 西北,https://s1.ljcdn.com/pegasus/redskull/images/common/default_house_list.png?_v=202410161653269
20241028,东城,和平里,101127188534,和平街十三区 2室1厅 东 西新上,320万,58943元/平,顶层 (共6层) 2室1厅 | 54.29平米 | 东 西,https://s1.ljcdn.com/pegasus/redskull/images/common/default_house_list.png?_v=202410161653269
20241028,东城,和平里,101127100617,和平里六区 1室1厅 南,550万,114775元/平,低楼层 (共18层) 1室1厅 | 47.92平米 | 南,https://s1.ljcdn.com/pegasus/redskull/images/common/default_house_list.png?_v=202410161653269
20241028,东城,和平里,101127070220,东土城路13号院精装修的房子位置好视野好,349万,66974元/平,顶层 (共5层) | 1995年 | 2室1厅 | 52.11平米 | 南,https://s1.ljcdn.com/pegasus/redskull/images/common/default_house_list.png?_v=202410161653269
20241028,东城,和平里,101127030557,北三环和平街十五区光熙门业主诚意出售,310万,66311元/平,中楼层 (共14层) | 1988年 | 1室1厅 | 46.75平米 | 东,https://s1.ljcdn.com/pegasus/redskull/images/common/default_house_list.png?_v=202410161653269
20241028,东城,和平里,101127029387,东城区和平里五区小户型一居室业主出售,450万,110920元/平,顶层 (共6层) 1室1厅 | 40.57平米 | 东南,https://s1.ljcdn.com/pegasus/redskull/images/common/default_house_list.png?_v=202410161653269
20241028,东城,和平里,101126998846,东城区和平里次新房商品房小区保利物业精装修两居,699万,94205元/平,中楼层 (共20层) | 2017年 | 1室1厅 | 74.2平米 | 西北,https://s1.ljcdn.com/pegasus/redskull/images/common/default_house_list.png?_v=202410161653269
20241028,东城,和平里,101126967371,建研院 3室1厅 北 南,780万,91776元/平,顶层 (共5层) | 1984年 | 3室1厅 | 84.99平米 | 北 南,https://s1.ljcdn.com/pegasus/redskull/images/common/default_house_list.png?_v=202410161653269
20241028,东城,和平里,101126965584,兴化西里 2室1厅 南 北,560万,99662元/平,顶层 (共5层) 2室1厅 | 56.19平米 | 南 北,https://s1.ljcdn.com/pegasus/redskull/images/common/default_house_list.png?_v=202410161653269
20241028,东城,和平里,101126888166,和九低楼层精装修南北通透,630万,104652元/平,中楼层 (共5层) 2室1厅 | 60.2平米 | 南 北,https://s1.ljcdn.com/pegasus/redskull/images/common/default_house_list.png?_v=202410161653269
20241028,东城,和平里,101126859024,2003年商品房 格局方正 停车方便 满5年唯一,1390万,113137元/平,低楼层 (共20层) 2室1厅 | 122.86平米 | 东 南 北,https://s1.ljcdn.com/pegasus/redskull/images/common/default_house_list.png?_v=202410161653269
20241028,东城,和平里,101126732202,和平街十四区不临街南北通透两居室,380万,67210元/平,顶层 (共5层) 2室1厅 | 56.54平米 | 南 北,https://s1.ljcdn.com/pegasus/redskull/images/common/default_house_list.png?_v=202410161653269
20241028,东城,和平里,101126699331,民旺园 2室1厅 南,720万,121233元/平,中楼层 (共16层) 2室1厅 | 59.39平米 | 南,https://s1.ljcdn.com/pegasus/redskull/images/common/default_house_list.png?_v=202410161653269
20241028,东城,和平里,101126530743,和平街西苑乙5号院 3室1厅 东 西 北,999万,87280元/平,中楼层 (共16层) 3室1厅 | 114.46平米 | 东 西 北,https://s1.ljcdn.com/pegasus/redskull/images/common/default_house_list.png?_v=202410161653269
20241028,东城,和平里,101126505471,此房满五年不唯一商品房低楼层院里不临街,450万,110920元/平,底层 (共6层) 1室1厅 | 40.57平米 | 南 东,https://s1.ljcdn.com/pegasus/redskull/images/common/default_house_list.png?_v=202410161653269
20241028,东城,和平里,101126390324,地坛北里南北通透两居挨着地坛公园,640万,109796元/平,顶层 (共5层) 2室1厅 | 58.29平米 | 南 北,https://s1.ljcdn.com/pegasus/redskull/images/common/default_house_list.png?_v=202410161653269
20241028,东城,和平里,101126378639,南北通透2居格局好视野开阔交通购物方便,562万,106784元/平,中楼层 (共11层) 2室1厅 | 52.63平米 | 南 北,https://s1.ljcdn.com/pegasus/redskull/images/common/default_house_list.png?_v=202410161653269
20241028,东城,和平里,101126290069,建研院 3室2厅 南 北,1690万,129077元/平,低楼层 (共6层) | 1999年 | 3室2厅 | 130.93平米 | 南 北,https://s1.ljcdn.com/pegasus/redskull/images/common/default_house_list.png?_v=202410161653269
20241028,东城,和平里,101126156856,化工大院朝南一居采光好户型方正无斜角,420万,130395元/平,顶层 (共5层) 1室1厅 | 32.21平米 | 南,https://s1.ljcdn.com/pegasus/redskull/images/common/default_house_list.png?_v=202410161653269
20241028,东城,和平里,101125928421,和平新城一期2003年商品房小区有地下车位,1250万,121868元/平,中楼层 (共20层) 2室1厅 | 102.57平米 | 南 北,https://s1.ljcdn.com/pegasus/redskull/images/common/default_house_list.png?_v=202410161653269
20241028,东城,和平里,101125725455,和平街十三区 1室1厅 南,310万,59950元/平,高楼层 (共9层) | 1994年 | 1室1厅 | 51.71平米 | 南,https://s1.ljcdn.com/pegasus/redskull/images/common/default_house_list.png?_v=202410161653269
20241028,东城,和平里,101125289973,民旺园十九号院南北通透三居室出售,1180万,112232元/平,中楼层 (共7层) 3室1厅 | 105.14平米 | 南 北,https://ke-image.ljcdn.com/110000-inspection/ce7a1686-614b-4b4d-8348-628fef3fee90_1000.jpg!m_fill,w_280,h_210,f_jpg?from=ke.com
20241028,东城,和平里,101125137242,和平街八区 2室1厅 东,465万,65337元/平,顶层 (共5层) | 1959年 | 2室1厅 | 71.17平米 | 东,https://s1.ljcdn.com/pegasus/redskull/images/common/default_house_list.png?_v=202410161653269
20241028,东城,和平里,101124847405,和平里四区 优质三居室 中间楼层,650万,114216元/平,中楼层 (共6层) 3室1厅 | 56.91平米 | 南 北,https://s1.ljcdn.com/pegasus/redskull/images/common/default_house_list.png?_v=202410161653269
20241028,东城,和平里,101124654648,和平街十四区 2室1厅 东 西,330万,62702元/平,中楼层 (共5层) | 1979年 | 2室1厅 | 52.63平米 | 东 西,https://s1.ljcdn.com/pegasus/redskull/images/common/default_house_list.png?_v=202410161653269
20241028,东城,和平里,101124398820,和平街锦鸿阁2007年商品房满五年看房方便房主自荐,1380万,81735元/平,中楼层 (共16层) 3室2厅 | 168.84平米 | 南 北,https://s1.ljcdn.com/pegasus/redskull/images/common/default_house_list.png?_v=202410161653269
20241028,东城,和平里,101123544702,和平里六区 管理好 三居室 诚意出售 价格可谈,1395万,112755元/平,中楼层 (共17层) 3室1厅 | 123.72平米 | 东南,https://s1.ljcdn.com/pegasus/redskull/images/common/default_house_list.png?_v=202410161653269
20241028,东城,和平里,101123161715,和平新城2003年商品房满五年唯一落地飘窗人车分流,640万,114675元/平,中楼层 (共19层) 1室1厅 | 55.81平米 | 北,https://s1.ljcdn.com/pegasus/redskull/images/common/default_house_list.png?_v=202410161653269
20241028,东城,和平里,101120230007,和平街12区南北通透两居低楼层86年建成满五唯一,400万,67740元/平,中楼层 (共5层) 2室1厅 | 59.05平米 | 南 北,https://s1.ljcdn.com/pegasus/redskull/images/common/default_house_list.png?_v=202410161653269
20241028,东城,和平里,101112791983,东土城路大三居室东西通透年代新,920万,71180元/平,中楼层 (共16层) | 2000年 | 3室1厅 | 129.25平米 | 东 西,https://s1.ljcdn.com/pegasus/redskull/images/common/default_house_list.png?_v=202410161653269
