20241028,通州,梨园,101127231010,新城嘉园 南向两居  板楼中间层 梨园地铁 落地窗必看好房,289万,36398元/平,低楼层 (共28层) 2室1厅 | 79.4平米 | 南,https://ke-image.ljcdn.com/110000-inspection/4cea3dc5-f6dd-4dbd-a9d6-57ca6de466aa_1000.jpg!m_fill,w_280,h_210,f_jpg?from=ke.com
20241028,通州,梨园,101127076810,梨园地铁 电梯房中间楼层   西南朝向2居精装必看好房,245万,31358元/平,中楼层 (共20层) | 2003年 | 2室1厅 | 78.13平米 | 西南,https://ke-image.ljcdn.com/110000-inspection/c9dca156-7c03-4e21-a4fe-b75cd9f16e14_1000.jpg!m_fill,w_280,h_210,f_jpg?from=ke.com
20241028,通州,梨园,101127067663,云景里南大门中楼层南北通透正规2居室带衣帽间。必看好房,280万,31521元/平,中楼层 (共6层) 2室1厅 | 88.83平米 | 南 北,https://ke-image.ljcdn.com/110000-inspection/baade3bf-295c-4523-b22f-e99e77ebc7e0_1000.jpg!m_fill,w_280,h_210,f_jpg?from=ke.com
20241028,通州,梨园,101127063285,三居中间层 南北通透明厨明卫采光充足正对花园必看好房,592万,48442元/平,中楼层 (共17层) | 2010年 | 3室2厅 | 122.21平米 | 南 北,https://ke-image.ljcdn.com/110000-inspection/pc1_zovfQsiH6.jpg!m_fill,w_280,h_210,f_jpg?from=ke.com
20241028,通州,梨园,101126974439,梨园东里 正规两居室 视野采光好 南北通透满五唯一必看好房,230万,34950元/平,低楼层 (共6层) 2室1厅 | 65.81平米 | 南 北,https://ke-image.ljcdn.com/110000-inspection/6ac8a10b-a644-49cd-b70a-fb4a859e9c83_1000.jpg!m_fill,w_280,h_210,f_jpg?from=ke.com
20241028,通州,梨园,101127182217,梨园城铁 电梯房 南北通透明厨明卫 诚心出售看新上,375万,38820元/平,中楼层 (共15层) 2室1厅 | 96.6平米 | 南 北,https://ke-image.ljcdn.com/110000-inspection/86b8b3d2-2fc2-4047-9177-d90a881b4ee6_1000.jpg!m_fill,w_280,h_210,f_jpg?from=ke.com
20241028,通州,梨园,101126950688,运河 九棵树地铁口 满五唯一 户型方正 看房随时房主自荐,510万,47928元/平,低楼层 (共12层) | 2007年 | 3室1厅 | 106.41平米 | 东南,https://ke-image.ljcdn.com/110000-inspection/pc1_rarnNePp3_1.jpg!m_fill,w_280,h_210,f_jpg?from=ke.com
20241028,通州,梨园,101126949435,云景里南大门全明两居诚心出售视野开阔必看好房,220万,29028元/平,高楼层 (共6层) 2室1厅 | 75.79平米 | 南 北,https://ke-image.ljcdn.com/110000-inspection/pc1_P6WodX5yZ.jpg!m_fill,w_280,h_210,f_jpg?from=ke.com
20241028,通州,梨园,101126921761,新城阳光小区南北通透大两居电梯房必看好房,346万,34897元/平,高楼层 (共10层) 2室1厅 | 99.15平米 | 南 北,https://ke-image.ljcdn.com/110000-inspection/a4308115-ebdd-4475-82d3-302d166f0fad_1000.jpg!m_fill,w_280,h_210,f_jpg?from=ke.com
20241028,通州,梨园,101126910248,新城嘉园 2室1厅 南 北必看好房,276万,35766元/平,中楼层 (共28层) 2室1厅 | 77.17平米 | 南 北,https://ke-image.ljcdn.com/110000-inspection/129c2015-7bf3-452d-a49d-511806b76a25_1000.jpg!m_fill,w_280,h_210,f_jpg?from=ke.com
20241028,通州,梨园,101126895415,新城嘉园 2室1厅 南 北必看好房,289万,37315元/平,低楼层 (共24层) | 2013年 | 2室1厅 | 77.45平米 | 南 北,https://ke-image.ljcdn.com/110000-inspection/522bc368-5333-466e-b439-ec4337f6d702_1000.jpg!m_fill,w_280,h_210,f_jpg?from=ke.com
20241028,通州,梨园,101126756740,梨园西里  精装修 婚房  高楼层正规两居室必看好房,230万,28505元/平,顶层 (共7层) 2室1厅 | 80.69平米 | 南 北,https://ke-image.ljcdn.com/110000-inspection/0cfb891d-8d0a-497a-bd5d-711d7824292c_1000.jpg!m_fill,w_280,h_210,f_jpg?from=ke.com
20241028,通州,梨园,101126755108,云景西里南区精装修好楼层正规两居诚意出售必看好房,260万,32804元/平,中楼层 (共6层) 2室1厅 | 79.26平米 | 南 北,https://ke-image.ljcdn.com/110000-inspection/7931f1cd-af0a-4415-9963-dfcfdd407025_1000.jpg!m_fill,w_280,h_210,f_jpg?from=ke.com
20241028,通州,梨园,101126720595,梨园东里北区大两居中间层南北两居卧室带阳台,296万,32357元/平,中楼层 (共6层) 2室2厅 | 91.48平米 | 南 北,https://ke-image.ljcdn.com/110000-inspection/pc1_v1zNNgWyJ_1.jpg!m_fill,w_280,h_210,f_jpg?from=ke.com
20241028,通州,梨园,101126714248,站前巴黎双卧双卫南北通透正规俩居必看好房,346万,35007元/平,中楼层 (共6层) 2室1厅 | 98.84平米 | 南 北,https://ke-image.ljcdn.com/110000-inspection/0db68553-2436-4c63-8f15-d3fc96ddd932_1000.jpg!m_fill,w_280,h_210,f_jpg?from=ke.com
20241028,通州,梨园,101126675496,时尚街区东区 梨园地铁 新上好房必看好房,249万,36933元/平,高楼层 (共21层) | 2005年 | 1室1厅 | 67.42平米 | 南 北,https://ke-image.ljcdn.com/110000-inspection/0c43ba3b-a32d-4557-9a2d-98b73cbd7e62_1000.jpg!m_fill,w_280,h_210,f_jpg?from=ke.com
20241028,通州,梨园,101126671209,新通国际花园 梨园地铁 两居 诚心卖 满五唯一必看好房,397万,41931元/平,中楼层 (共18层) 2室1厅 | 94.68平米 | 西南,https://ke-image.ljcdn.com/110000-inspection/7dff980d-7f1c-4e96-890e-1c52c7ef4bab_1000.jpg!m_fill,w_280,h_210,f_jpg?from=ke.com
20241028,通州,梨园,101126662773,新通两居室首付50万 满五唯一 客厅落地阳台 视野必看好房,265万,37147元/平,中楼层 (共21层) | 2010年 | 2室1厅 | 71.34平米 | 西南 北,https://ke-image.ljcdn.com/110000-inspection/b909444c-0790-40be-82e8-561812565a4a_1000.jpg!m_fill,w_280,h_210,f_jpg?from=ke.com
20241028,通州,梨园,101126634469,满五唯一南北通透2居室不临街临近公园必看好房,195万,34121元/平,底层 (共6层) 2室1厅 | 57.15平米 | 南 北,https://ke-image.ljcdn.com/110000-inspection/41fcfeaf-4604-41b2-b4b3-3649738dfab4_1000.jpg!m_fill,w_280,h_210,f_jpg?from=ke.com
20241028,通州,梨园,101126613569,小高层精致带电梯两居 梨园地铁满五唯一诚售,299万,36823元/平,低楼层 (共13层) 2室1厅 | 81.2平米 | 东南,https://ke-image.ljcdn.com/110000-inspection/49673457-121c-4ba4-b8d8-6446794535b0_1000.jpg!m_fill,w_280,h_210,f_jpg?from=ke.com
20241028,通州,梨园,101126572439,桃花岛 近地铁 南北两居 使用面积大必看好房,190万,27766元/平,顶层 (共6层) 2室1厅 | 68.43平米 | 南 北,https://ke-image.ljcdn.com/110000-inspection/b8dbdc7e-7c54-453e-841f-fd7f36ccd835_1000.jpg!m_fill,w_280,h_210,f_jpg?from=ke.com
20241028,通州,梨园,101126546948,桃花岛 满五年唯一 南北通透两居室 地铁七号线沿线必看好房,190万,28037元/平,顶层 (共6层) 2室1厅 | 67.77平米 | 南 北,https://ke-image.ljcdn.com/110000-inspection/8af4e0ae-5ae5-4a9b-96fa-2803271cdd27_1000.jpg!m_fill,w_280,h_210,f_jpg?from=ke.com
20241028,通州,梨园,101126545419,梨园东里南院 2001年的房 中间楼层 南北通透必看好房,305万,37227元/平,中楼层 (共6层) 3室1厅 | 81.93平米 | 南 北,https://ke-image.ljcdn.com/110000-inspection/84141ae6-8a4c-4522-964b-ff04e7ddf808_1000.jpg!m_fill,w_280,h_210,f_jpg?from=ke.com
20241028,通州,梨园,101126529589,新城嘉园 挨着梨园地铁口 规整南向大一居必看好房,239万,36054元/平,低楼层 (共24层) | 2013年 | 1室1厅 | 66.29平米 | 南,https://ke-image.ljcdn.com/110000-inspection/33593951-5404-45b4-aa6a-b4c2b2fa969c_1000.jpg!m_fill,w_280,h_210,f_jpg?from=ke.com
20241028,通州,梨园,101126516245,户型方正南北朝向客厅带窗户采光不错满五唯一必看好房,255万,33793元/平,中楼层 (共7层) | 1997年 | 2室1厅 | 75.46平米 | 南 北,https://ke-image.ljcdn.com/110000-inspection/pc1_pstZQjBhs_1.jpg!m_fill,w_280,h_210,f_jpg?from=ke.com
20241028,通州,梨园,101126507061,新城嘉园 2室1厅 南必看好房,285万,35845元/平,中楼层 (共28层) 2室1厅 | 79.51平米 | 南,https://ke-image.ljcdn.com/110000-inspection/pc1_8fnMffkoQ.jpg!m_fill,w_280,h_210,f_jpg?from=ke.com
20241028,通州,梨园,101126462363,新城阳光 2室1厅 南 北必看好房,320万,35011元/平,低楼层 (共15层) | 2021年 | 2室1厅 | 91.4平米 | 南 北,https://ke-image.ljcdn.com/110000-inspection/59088d27-8539-4fbd-934c-2463e11748f4_1000.jpg!m_fill,w_280,h_210,f_jpg?from=ke.com
20241028,通州,梨园,101126410380,梨园新通国际花园满五唯一精装修不临街必看好房,388万,41951元/平,中楼层 (共21层) | 2010年 | 2室1厅 | 92.49平米 | 南 北,https://ke-image.ljcdn.com/110000-inspection/8bfc24b5-9430-4624-94a7-5c1be2cb303b_1000.jpg!m_fill,w_280,h_210,f_jpg?from=ke.com
20241028,通州,梨园,101126365402,梨园地铁  南北通透全明户型  电梯房 诚意出售必看好房,210万,32498元/平,高楼层 (共20层) | 2003年 | 2室1厅 | 64.62平米 | 南 北,https://ke-image.ljcdn.com/110000-inspection/06277700-ca56-48f3-b15f-c079542b65b5_1000.jpg!m_fill,w_280,h_210,f_jpg?from=ke.com
20241028,通州,梨园,101126352099,梨园地铁  电梯房东南朝向  满5唯一  诚意出售必看好房,225万,28762元/平,低楼层 (共20层) | 2003年 | 2室1厅 | 78.23平米 | 东南,https://ke-image.ljcdn.com/110000-inspection/5e4c71b7-0556-4aaf-ab67-c3e29ad37fb6_1000.jpg!m_fill,w_280,h_210,f_jpg?from=ke.com
20241028,通州,梨园,101126318088,云景里 南北通透正规两居 户型方正必看好房,249万,26521元/平,中楼层 (共6层) | 1995年 | 2室1厅 | 93.89平米 | 南 北,https://ke-image.ljcdn.com/110000-inspection/212ea800-0ca5-43b5-8739-c010695c8c29_1000.jpg!m_fill,w_280,h_210,f_jpg?from=ke.com
20241028,通州,梨园,101126317866,近地铁近商场拎包入住时尚街区西区必看好房,268万,34258元/平,中楼层 (共20层) | 2003年 | 2室1厅 | 78.23平米 | 南 西,https://ke-image.ljcdn.com/110000-inspection/b15bc669-d2bc-4b83-8e04-7bbec2fa3391_1000.jpg!m_fill,w_280,h_210,f_jpg?from=ke.com
20241028,通州,梨园,101126300559,梨园商圈时尚街区 电梯房高楼层 视野开阔 只有契税必看好房,119万,37422元/平,顶层 (共19层) | 2008年 | 1室0厅 | 31.8平米 | 北,https://ke-image.ljcdn.com/110000-inspection/f9dafe4b-dbc7-41fd-ba04-6514531fc727_1000.jpg!m_fill,w_280,h_210,f_jpg?from=ke.com
20241028,通州,梨园,101126263821,新通国际花园（中山路552号）必看好房,390万,41468元/平,底层 (共28层) | 2009年 | 2室1厅 | 94.05平米 | 南 北,https://ke-image.ljcdn.com/110000-inspection/889edc88-c233-4cda-80ce-cb4ef5f8c422_1000.jpg!m_fill,w_280,h_210,f_jpg?from=ke.com
20241028,通州,梨园,101126259374,时尚街区东区 2室1厅 西南必看好房,285万,32045元/平,高楼层 (共19层) | 2007年 | 2室1厅 | 88.94平米 | 西南,https://ke-image.ljcdn.com/110000-inspection/709c3620-b1bd-42dd-90b2-f7774e83055d_1000.jpg!m_fill,w_280,h_210,f_jpg?from=ke.com
20241028,通州,梨园,101126158231,正对小区花园 中高楼层 满五年唯一住房 精装修必看好房,215万,34500元/平,中楼层 (共15层) | 2010年 | 1室1厅 | 62.32平米 | 西北,https://ke-image.ljcdn.com/110000-inspection/0ed84e34-2a90-4f89-be11-8faba77b9e50_1000.jpg!m_fill,w_280,h_210,f_jpg?from=ke.com
20241028,通州,梨园,101125986448,近地铁近商场拎包入住站前巴黎。,330万,34494元/平,顶层 (共6层) 2室1厅 | 95.67平米 | 南 北,https://ke-image.ljcdn.com/110000-inspection/4bc80eb9-364a-4c92-a149-b9b9b8c00a9f_1000.jpg!m_fill,w_280,h_210,f_jpg?from=ke.com
20241028,通州,梨园,101125891382,南北通透H户型正规两居满五唯一  精装修必看好房,309万,33964元/平,中楼层 (共7层) 2室1厅 | 90.98平米 | 南 北,https://ke-image.ljcdn.com/110000-inspection/f976c93d-522c-4dca-9a27-12abc50c7b36_1000.jpg!m_fill,w_280,h_210,f_jpg?from=ke.com
20241028,通州,梨园,101125815204,7号线群芳站60万精装修全明大三居几年不出的户型必看好房,580万,39959元/平,中楼层 (共6层) | 2007年 | 3室2厅 | 145.15平米 | 南 北,https://ke-image.ljcdn.com/110000-inspection/pc1_5YG3Yp367_1.jpg!m_fill,w_280,h_210,f_jpg?from=ke.com
20241028,通州,梨园,101125800956,环球影城云景西里南区东西朝向明厨明卫必看好房,199万,24966元/平,高楼层 (共6层) 2室2厅 | 79.71平米 | 东 西,https://ke-image.ljcdn.com/110000-inspection/pc1_LqZZOkRiO_1.jpg!m_fill,w_280,h_210,f_jpg?from=ke.com
20241028,通州,梨园,101125698761,梨园电梯房楼龄新人车分流有公立幼儿园 不临街房主自荐,218万,35546元/平,底层 (共18层) | 2010年 | 1室1厅 | 61.33平米 | 东,https://ke-image.ljcdn.com/110000-inspection/0b9be34c-862a-4b16-a972-f884a59b665c_1000.jpg!m_fill,w_280,h_210,f_jpg?from=ke.com
20241028,通州,梨园,101125658128,新通国际花园  梨园地铁 南北 两居 诚心卖必看好房,409万,42945元/平,低楼层 (共21层) | 2010年 | 2室1厅 | 95.24平米 | 南 北,https://ke-image.ljcdn.com/110000-inspection/5192d446-c5b6-4418-a117-34374011b475_1000.jpg!m_fill,w_280,h_210,f_jpg?from=ke.com
20241028,通州,梨园,101125500995,满五唯一 户型方正交通便利 梨园地铁房主自荐,254万,35298元/平,中楼层 (共15层) | 2005年 | 2室1厅 | 71.96平米 | 西,https://ke-image.ljcdn.com/110000-inspection/46ee6450-b1f0-466f-b974-bcfd86e60eea_1000.jpg!m_fill,w_280,h_210,f_jpg?from=ke.com
20241028,通州,梨园,101125421292,7号线万盛东站桃花岛低楼层两居室南北无遮挡必看好房,300万,36413元/平,低楼层 (共6层) 2室1厅 | 82.39平米 | 南 北,https://ke-image.ljcdn.com/110000-inspection/e77267da-fe22-41c0-97c8-ebd721c75da7_1000.jpg!m_fill,w_280,h_210,f_jpg?from=ke.com
20241028,通州,梨园,101125244551,06年电梯九棵树地铁运河一居室满五唯一业主急售,223万,41551元/平,高楼层 (共12层) | 2006年 | 1室1厅 | 53.67平米 | 西北,https://ke-image.ljcdn.com/110000-inspection/pc1_OfjZTAW9n_1.jpg!m_fill,w_280,h_210,f_jpg?from=ke.com
20241028,通州,梨园,101125238912,新通国际花园  南向一居 人车分流 楼层高视野好必看好房,232万,40433元/平,中楼层 (共28层) | 2009年 | 1室1厅 | 57.38平米 | 南,https://ke-image.ljcdn.com/110000-inspection/444b9d48-5e8c-4ab0-83e4-a7f375da1cd4_1000.jpg!m_fill,w_280,h_210,f_jpg?from=ke.com
20241028,通州,梨园,101125082512,梨园地铁 商圈成熟 H户型 双南北通透2居 诚售必看好房,269万,29441元/平,高楼层 (共6层) 2室1厅 | 91.37平米 | 南 北,https://ke-image.ljcdn.com/110000-inspection/pc1_NKPDeYrhI_1.jpg!m_fill,w_280,h_210,f_jpg?from=ke.com
20241028,通州,梨园,101124943688,时尚街区东区 1室0厅 南,178万,36201元/平,底层 (共13层) | 2005年 | 1室0厅 | 49.17平米 | 南,https://ke-image.ljcdn.com/110000-inspection/a79a8c8d-a33d-4e7e-b503-a785d1441b86_1000.jpg!m_fill,w_280,h_210,f_jpg?from=ke.com
20241028,通州,梨园,101124908846,梨园城铁 有车位  南向带落地阳台 诚心出售看,330万,34792元/平,低楼层 (共15层) | 2007年 | 2室2厅 | 94.85平米 | 南,https://ke-image.ljcdn.com/110000-inspection/ce4dc7a7-47a5-4352-986a-ffb6c2ede3a2_1000.jpg!m_fill,w_280,h_210,f_jpg?from=ke.com
20241028,通州,梨园,101124816256,梨花园 此房满五年唯一 南北朝向通风好采光好必看好房,227万,36402元/平,底层 (共6层) 2室1厅 | 62.36平米 | 东 南 北,https://ke-image.ljcdn.com/110000-inspection/90a5a3fb-d7f6-4e6d-8b18-eafd2a387f9c_1000.jpg!m_fill,w_280,h_210,f_jpg?from=ke.com
20241028,通州,梨园,101124621022,园景西区 电梯三居 诚心出售 看房可约必看好房,290万,30096元/平,中楼层 (共20层) | 2003年 | 3室1厅 | 96.36平米 | 南 东北,https://ke-image.ljcdn.com/110000-inspection/9fae648f-a9c3-4b89-9c23-f2e42499215b_1000.jpg!m_fill,w_280,h_210,f_jpg?from=ke.com
20241028,通州,梨园,101124386686,时尚街区东区 1室1厅 南必看好房,169万,33943元/平,低楼层 (共13层) | 2004年 | 1室1厅 | 49.79平米 | 南,https://ke-image.ljcdn.com/110000-inspection/cf5ca28b-736b-4ceb-908a-5d934823e7fc_1000.jpg!m_fill,w_280,h_210,f_jpg?from=ke.com
20241028,通州,梨园,101124290709,户型方正明厨明卫两个卧室带落地飘窗采光好必看好房,425万,36686元/平,中楼层 (共15层) 3室1厅 | 115.85平米 | 南 西 北,https://ke-image.ljcdn.com/110000-inspection/4fa3d5b8-dd4c-4667-84a6-6c1b0ff836b7_1000.jpg!m_fill,w_280,h_210,f_jpg?from=ke.com
20241028,通州,梨园,101124217796,此房南北通透格局 电梯房中间楼层 采光视野很好必看好房,348万,36063元/平,中楼层 (共28层) 3室1厅 | 96.5平米 | 南 北,https://ke-image.ljcdn.com/110000-inspection/06e78fce-80d1-4498-91a6-f0652fc24626_1000.jpg!m_fill,w_280,h_210,f_jpg?from=ke.com
20241028,通州,梨园,101124134052,时尚街区东区 1室1厅 北必看好房,198万,37261元/平,中楼层 (共10层) 1室1厅 | 53.14平米 | 北,https://ke-image.ljcdn.com/110000-inspection/8ac036b6-b0bb-4c27-8f62-157f99dcb611_1000.jpg!m_fill,w_280,h_210,f_jpg?from=ke.com
20241028,通州,梨园,101123862461,时尚街区东区 1室1厅 南,209万,33995元/平,中楼层 (共20层) 1室1厅 | 61.48平米 | 南,https://ke-image.ljcdn.com/110000-inspection/fc9fbfd8-25a8-4028-bd1a-3c4a7cb3f134_1000.jpg!m_fill,w_280,h_210,f_jpg?from=ke.com
20241028,通州,梨园,101123847360,梨园东里 正规三居室 视野采光好 南北通透 满五唯一必看好房,320万,32304元/平,高楼层 (共6层) 3室1厅 | 99.06平米 | 南 北,https://ke-image.ljcdn.com/110000-inspection/pc1_iWuKNsGHS.jpg!m_fill,w_280,h_210,f_jpg?from=ke.com
20241028,通州,梨园,101123772799,1号线地铁大三居满五唯一全明户型电梯中间层,530万,42448元/平,中楼层 (共18层) | 2004年 | 3室1厅 | 124.86平米 | 南 东,https://ke-image.ljcdn.com/110000-inspection/777169ba-a32c-4118-b6c9-86bb3c97bfb6_1000.jpg!m_fill,w_280,h_210,f_jpg?from=ke.com
20241028,通州,梨园,101123621331,此房 满五唯一 西向 装修不错 拎包入住 梨园地铁必看好房,235万,39135元/平,低楼层 (共18层) 1室1厅 | 60.05平米 | 西南,https://ke-image.ljcdn.com/110000-inspection/682b87b9-1dd2-477b-af8d-70df34d31d1a_1000.jpg!m_fill,w_280,h_210,f_jpg?from=ke.com
20241028,通州,梨园,101123539029,环球影城商圈中高楼层 全南户型 采光好不临街满五唯一,389万,41195元/平,低楼层 (共15层) 2室2厅 | 94.43平米 | 南,https://ke-image.ljcdn.com/110000-inspection/763b4e1f-0e3f-45e5-be43-89fc86567311_1000.jpg!m_fill,w_280,h_210,f_jpg?from=ke.com
20241028,通州,梨园,101123199867,新通国际花园 满五年唯一住房 正规一居室 安静不临街必看好房,217万,34643元/平,中楼层 (共15层) 1室1厅 | 62.64平米 | 北,https://ke-image.ljcdn.com/110000-inspection/pc1_FrKSJrems.jpg!m_fill,w_280,h_210,f_jpg?from=ke.com
20241028,通州,梨园,101123036443,梨园新通人车分流社区优质南向大一居客厅大落地窗必看好房,288万,43354元/平,高楼层 (共15层) 1室1厅 | 66.43平米 | 南,https://ke-image.ljcdn.com/110000-inspection/b256cc66-385e-4f17-b791-3b316ba42601_1000.jpg!m_fill,w_280,h_210,f_jpg?from=ke.com
20241028,通州,梨园,101122953047,新城阳光 电梯房 南向带落地阳台 采光好 诚心出售,205万,38922元/平,低楼层 (共10层) 1室2厅 | 52.67平米 | 南,https://ke-image.ljcdn.com/110000-inspection/7306161a-7085-44ed-a921-68c77b2b5ac9_1000.jpg!m_fill,w_280,h_210,f_jpg?from=ke.com
20241028,通州,梨园,101122777103,五所家属院精致两居室刚需必看业主靠谱卖！！必看好房,180万,32334元/平,高楼层 (共6层) | 1995年 | 2室1厅 | 55.67平米 | 南 西北,https://ke-image.ljcdn.com/110000-inspection/6f6482bd-48b3-4e43-a24c-a5a06ede65af_1000.jpg!m_fill,w_280,h_210,f_jpg?from=ke.com
20241028,通州,梨园,101122691058,通透两居室中楼层配套齐全交通便利必看好房,220万,34570元/平,中楼层 (共6层) 2室1厅 | 63.64平米 | 南 北,https://ke-image.ljcdn.com/110000-inspection/pc1_S9uC2SWST_1.jpg!m_fill,w_280,h_210,f_jpg?from=ke.com
20241028,通州,梨园,101119098155,园景东区纯南向楼层高视野好,310万,41500元/平,高楼层 (共19层) | 2007年 | 2室1厅 | 74.7平米 | 南,https://ke-image.ljcdn.com/110000-inspection/449a5cf2-fd49-4e89-80d7-1cf96583dbf7_1000.jpg!m_fill,w_280,h_210,f_jpg?from=ke.com
20241028,通州,梨园,101127203250,时尚街区东区 1室1厅 南必看好房,199万,40357元/平,高楼层 (共13层) | 2005年 | 1室1厅 | 49.31平米 | 南,https://ke-image.ljcdn.com/110000-inspection/c464d150-60d0-4880-8139-a32dc6062d21_1000.jpg!m_fill,w_280,h_210,f_jpg?from=ke.com
20241028,通州,梨园,101127163154,站前巴黎南北通透大两居小区罕见户型生活配套完善新上,312万,31370元/平,顶层 (共6层) 2室2厅 | 99.46平米 | 南 北,https://ke-image.ljcdn.com/110000-inspection/8402e15d-5c5a-4eba-8004-06d57462f4bc_1000.jpg!m_fill,w_280,h_210,f_jpg?from=ke.com
20241028,通州,梨园,101126998890,绣江南 2室1厅 南 北必看好房,419万,43470元/平,底层 (共6层) | 2005年 | 2室1厅 | 96.39平米 | 南 北,https://ke-image.ljcdn.com/110000-inspection/pc1_g1WpTjjrp.jpg!m_fill,w_280,h_210,f_jpg?from=ke.com
20241028,通州,梨园,101126948354,桃花岛 满五年唯一 总高五层 南北通透必看好房,220万,32296元/平,高楼层 (共6层) | 2007年 | 2室1厅 | 68.12平米 | 南 北,https://ke-image.ljcdn.com/110000-inspection/01c343fa-a660-4993-88bf-0fd08ef4c775_1000.jpg!m_fill,w_280,h_210,f_jpg?from=ke.com
20241028,通州,梨园,101126867402,梨园地铁 电梯宽敞2居 南北通透两居满5唯一必看好房,319万,32863元/平,低楼层 (共18层) | 2004年 | 2室1厅 | 97.07平米 | 南 西 北,https://ke-image.ljcdn.com/110000-inspection/f1ecf55c-9e62-4f16-acec-c93cc024897e_1000.jpg!m_fill,w_280,h_210,f_jpg?from=ke.com
20241028,通州,梨园,101126851780,新通南向落地阳台采光好视野佳满五唯一必看好房,270万,40420元/平,低楼层 (共14层) | 2010年 | 1室1厅 | 66.8平米 | 南,https://ke-image.ljcdn.com/110000-inspection/366a6975-d34f-44ad-acdd-15a6ba2f3039_1000.jpg!m_fill,w_280,h_210,f_jpg?from=ke.com
20241028,通州,梨园,101126652669,本房是高层无遮挡视野开阔北侧近地铁出行便利必看好房,320万,35131元/平,高楼层 (共28层) 3室1厅 | 91.09平米 | 南 北,https://ke-image.ljcdn.com/110000-inspection/7bc27f19-0759-492a-bccc-960c54e14c2b_1000.jpg!m_fill,w_280,h_210,f_jpg?from=ke.com
20241028,通州,梨园,101126598163,近地铁满五年唯一 南北向高层视野好阳台面积是惊喜必看好房,358万,42282元/平,顶层 (共14层) | 2010年 | 2室1厅 | 84.67平米 | 南 北,https://ke-image.ljcdn.com/110000-inspection/3e849123-f05e-48fb-9d32-b4b7c173d467_1000.jpg!m_fill,w_280,h_210,f_jpg?from=ke.com
20241028,通州,梨园,101126413780,精装修梨园地铁 电梯房 正规3居 满5唯一必看好房,339万,35181元/平,低楼层 (共20层) | 2003年 | 3室2厅 | 96.36平米 | 西北 南,https://ke-image.ljcdn.com/110000-inspection/f51b052f-111e-4afe-8f66-5af8f9ae6da8_1000.jpg!m_fill,w_280,h_210,f_jpg?from=ke.com
20241028,通州,梨园,101126235236,满五唯一 南北通透采光好视野开阔中间楼层必看好房,312万,32396元/平,中楼层 (共6层) | 2004年 | 2室1厅 | 96.31平米 | 南 北,https://ke-image.ljcdn.com/110000-inspection/pc1_10uHxvKsF.jpg!m_fill,w_280,h_210,f_jpg?from=ke.com
20241028,通州,梨园,101126231723,近地铁近商场拎包入住站前巴黎。,439万,38128元/平,底层 (共6层) 3室1厅 | 115.14平米 | 南 北,https://ke-image.ljcdn.com/110000-inspection/5c95d7fd-4ed8-4037-b07f-196892417685_1000.jpg!m_fill,w_280,h_210,f_jpg?from=ke.com
20241028,通州,梨园,101126080519,时尚街区东区精装修挨着梨园地铁必看好房,335万,37422元/平,中楼层 (共10层) | 2004年 | 2室1厅 | 89.52平米 | 南,https://ke-image.ljcdn.com/110000-inspection/pc1_TFymY1iQ9.jpg!m_fill,w_280,h_210,f_jpg?from=ke.com
20241028,通州,梨园,101125947203,满五年唯一通透户型楼层好采光充足视野开阔必看好房,418万,46301元/平,低楼层 (共14层) | 2010年 | 2室1厅 | 90.28平米 | 南 北,https://ke-image.ljcdn.com/110000-inspection/41e3fe01-84cb-47c8-9d9e-9f05bbd5057e_1000.jpg!m_fill,w_280,h_210,f_jpg?from=ke.com
20241028,通州,梨园,101125920190,11站南北通透两居室落地窗采光好只有契税,330万,37079元/平,中楼层 (共13层) 2室1厅 | 89平米 | 南 北,https://ke-image.ljcdn.com/110000-inspection/e43af810-8418-4d67-9790-9588be2bfc74_1000.jpg!m_fill,w_280,h_210,f_jpg?from=ke.com
20241028,通州,梨园,101125917704,户型方正采光好厨房卫生间都带窗户必看好房,198万,33963元/平,底层 (共6层) 2室1厅 | 58.3平米 | 南 北,https://ke-image.ljcdn.com/110000-inspection/f44020d0-014a-46ed-8188-1db0081dee98_1000.jpg!m_fill,w_280,h_210,f_jpg?from=ke.com
20241028,通州,梨园,101125879527,满五年唯一临地铁小区中间位置户型方正诚售必看好房,365万,26952元/平,高楼层 (共6层) 3室2厅 | 135.43平米 | 南 北,https://ke-image.ljcdn.com/110000-inspection/ea2417fa-134c-4b5f-a503-2f5d3d27f3a4_1000.jpg!m_fill,w_280,h_210,f_jpg?from=ke.com
20241028,通州,梨园,101125813797,梨园新通国际不临街优质东向正规一居室必看好房,230万,38957元/平,高楼层 (共18层) | 2010年 | 1室1厅 | 59.04平米 | 东,https://ke-image.ljcdn.com/110000-inspection/37f43654-583a-4f09-8757-cfdc34232f0e_1000.jpg!m_fill,w_280,h_210,f_jpg?from=ke.com
20241028,通州,梨园,101125743721,7号线万盛东地铁站桃花岛三居室南北通透无遮挡必看好房,388万,32407元/平,高楼层 (共6层) | 2007年 | 3室2厅 | 119.73平米 | 北 南,https://ke-image.ljcdn.com/110000-inspection/cf11736d-6107-44d5-8698-a84b3946f358_1000.jpg!m_fill,w_280,h_210,f_jpg?from=ke.com
20241028,通州,梨园,101125671126,云景里南大门 正规南北通透两居室 布局合理价格便宜房主自荐,275万,32119元/平,中楼层 (共6层) | 2004年 | 2室1厅 | 85.62平米 | 北 南 东,https://ke-image.ljcdn.com/110000-inspection/dbeb8873-b408-43bd-b430-68e5a9f07754_1000.jpg!m_fill,w_280,h_210,f_jpg?from=ke.com
20241028,通州,梨园,101125356328,梨花园 正规一居室价格合适通风好必看好房,150万,33334元/平,高楼层 (共6层) 1室1厅 | 45平米 | 南,https://ke-image.ljcdn.com/110000-inspection/b5b84761-b503-4743-a4ef-466845527780_1000.jpg!m_fill,w_280,h_210,f_jpg?from=ke.com
20241028,通州,梨园,101125307021,云景里 正规三居南北通透户型方正房主自荐,289万,26190元/平,高楼层 (共6层) | 1995年 | 3室1厅 | 110.35平米 | 南 北,https://ke-image.ljcdn.com/110000-inspection/c336cbb6-d715-4e08-b2b3-ac2b2c64e10b_1000.jpg!m_fill,w_280,h_210,f_jpg?from=ke.com
20241028,通州,梨园,101125148515,7号线万盛东站桃花岛复式结构满五唯一,255万,30650元/平,顶层 (共6层) 2室1厅 | 83.2平米 | 南 北,https://ke-image.ljcdn.com/110000-inspection/pc1_dWsBsnAIg.jpg!m_fill,w_280,h_210,f_jpg?from=ke.com
20241028,通州,梨园,101125133682,映翠居 2室1厅 南 北,299万,36477元/平,底层 (共6层) 2室1厅 | 81.97平米 | 南 北,https://ke-image.ljcdn.com/110000-inspection/f498e99b-48e4-4c9d-b1b3-4442ef9ca8d3_1000.jpg!m_fill,w_280,h_210,f_jpg?from=ke.com
20241028,通州,梨园,101124786307,新通人车分流社区优质全明三居室中高层视野好,588万,48114元/平,中楼层 (共17层) 3室1厅 | 122.21平米 | 南 北,https://ke-image.ljcdn.com/110000-inspection/pc1_wyjxDKsdM.jpg!m_fill,w_280,h_210,f_jpg?from=ke.com
20241028,通州,梨园,101124778229,梨园商圈出行方便配套完善停车方便满五唯一必看好房,209万,34991元/平,底层 (共4层) 2室1厅 | 59.73平米 | 南,https://ke-image.ljcdn.com/110000-inspection/953d8cbe-39dc-4971-bf3f-76202e182e90_1000.jpg!m_fill,w_280,h_210,f_jpg?from=ke.com
20241028,通州,梨园,101124736915,当代名筑南向两居室满五年落地窗采光视野好必看好房,400万,40618元/平,中楼层 (共12层) 2室2厅 | 98.48平米 | 南,https://ke-image.ljcdn.com/110000-inspection/pc1_GQtQQrfkg.jpg!m_fill,w_280,h_210,f_jpg?from=ke.com
20241028,通州,梨园,101124063020,新城嘉园 总监推荐 交通配套齐全 视野好南向两居室必看好房,285万,35868元/平,中楼层 (共28层) 2室1厅 | 79.46平米 | 南,https://ke-image.ljcdn.com/110000-inspection/08c6467a-ab93-408d-8c05-3d2c5d3b8c54_1000.jpg!m_fill,w_280,h_210,f_jpg?from=ke.com
20241028,通州,梨园,101123831198,1号线正规一居室南北通透电梯商品房满五唯一必看好房,175万,28249元/平,中楼层 (共13层) | 2005年 | 1室1厅 | 61.95平米 | 南 北,https://ke-image.ljcdn.com/110000-inspection/97bd9499-9aca-46fe-96cd-e30fda925331_1000.jpg!m_fill,w_280,h_210,f_jpg?from=ke.com
20241028,通州,梨园,101122922275,云景里 正规三居室 诚意出售  产权清晰房主自荐,365万,34357元/平,底层 (共6层) 3室1厅 | 106.24平米 | 东 南 北,https://ke-image.ljcdn.com/110000-inspection/5cb029a9-ffdc-4952-93e4-70aef482c99b_1000.jpg!m_fill,w_280,h_210,f_jpg?from=ke.com
20241028,通州,梨园,101122625385,梨园大区聚焦房源 满五唯一 南北通透房主自荐,279万,31381元/平,顶层 (共6层) 2室1厅 | 88.91平米 | 南 北,https://ke-image.ljcdn.com/110000-inspection/d904fa94-8a8d-47d0-adc9-41a09fa4d48f_1000.jpg!m_fill,w_280,h_210,f_jpg?from=ke.com
20241028,通州,梨园,101126974542,地铁万盛东600米芳龄新高绿化社区南北向双卫三居室,430万,35915元/平,中楼层 (共6层) | 2006年 | 3室1厅 | 119.73平米 | 南 北,https://s1.ljcdn.com/pegasus/redskull/images/common/default_house_list.png?_v=202410161653269
20241028,通州,梨园,101122953271,梨园地铁H户型两居室中间楼层带电梯一梯两户,390万,41819元/平,中楼层 (共15层) | 2005年 | 2室1厅 | 93.26平米 | 南 北,https://s1.ljcdn.com/pegasus/redskull/images/common/default_house_list.png?_v=202410161653269
20241028,通州,梨园,101127251364,南北两居   不临街不把边新上,220万,35513元/平,顶层 (共6层) 2室1厅 | 61.95平米 | 南 北,https://ke-image.ljcdn.com/110000-inspection/08397931-0392-46de-825c-b6ffc792009f_1000.jpg!m_fill,w_280,h_210,f_jpg?from=ke.com
20241028,通州,梨园,101127249449,时尚街区东区 2室1厅 南新上,288万,38447元/平,中楼层 (共19层) | 2007年 | 2室1厅 | 74.91平米 | 南,https://ke-image.ljcdn.com/110000-inspection/ce78e322-e9c2-46c6-8f9f-1ceb5d121050_1000.jpg!m_fill,w_280,h_210,f_jpg?from=ke.com
20241028,通州,梨园,101127203321,新通国际花园 满五唯一 梨园地铁 南北通透两居室新上,199万,29894元/平,顶层 (共6层) 2室1厅 | 66.57平米 | 南 北,https://ke-image.ljcdn.com/110000-inspection/0ec4d841-6ac8-42ae-ad58-2255d55b0e0f_1000.jpg!m_fill,w_280,h_210,f_jpg?from=ke.com
20241028,通州,梨园,101127177593,梨花园 2室1厅 南 北新上,350万,32519元/平,高楼层 (共6层) 2室1厅 | 107.63平米 | 南 北,https://ke-image.ljcdn.com/110000-inspection/5831353e-dea7-4e5c-b6fc-c1c7cee324d6_1000.jpg!m_fill,w_280,h_210,f_jpg?from=ke.com
20241028,通州,梨园,101127173963,环球影城 云景西里南区 满五年唯一 小区即将改造新上,169万,35475元/平,底层 (共6层) 1室1厅 | 47.64平米 | 南,https://ke-image.ljcdn.com/110000-inspection/5e3eb345-2081-48b5-a66f-61b94971aaa8_1000.jpg!m_fill,w_280,h_210,f_jpg?from=ke.com
20241028,通州,梨园,101127154998,几年出一套的户型好楼层板楼通透一居新上,255万,40593元/平,低楼层 (共6层) 1室1厅 | 62.82平米 | 南 北,https://ke-image.ljcdn.com/110000-inspection/29cf4d89-e9ee-4b36-b2ad-537363c4b350_1000.jpg!m_fill,w_280,h_210,f_jpg?from=ke.com
20241028,通州,梨园,101127127970,当代名筑 2室1厅 南,398万,45837元/平,顶层 (共12层) | 2006年 | 2室1厅 | 86.83平米 | 南,https://ke-image.ljcdn.com/110000-inspection/de1d0482-0fd1-40a8-8384-c4096ed05d38_1000.jpg!m_fill,w_280,h_210,f_jpg?from=ke.com
20241028,通州,梨园,101127125665,新城嘉园 2室1厅 南,285万,35868元/平,低楼层 (共28层) | 2013年 | 2室1厅 | 79.46平米 | 南,https://ke-image.ljcdn.com/110000-inspection/pc1_GRYn62RZA.jpg!m_fill,w_280,h_210,f_jpg?from=ke.com
20241028,通州,梨园,101127113312,当代名筑 3室1厅 北 南,520万,43319元/平,顶层 (共6层) 3室1厅 | 120.04平米 | 北 南,https://ke-image.ljcdn.com/110000-inspection/22c3a46e-6ea2-48c1-b626-cf22c3d01ccd_1000.jpg!m_fill,w_280,h_210,f_jpg?from=ke.com
20241028,通州,梨园,101127064573,中间层南北两居 满五年唯一 自住房,225万,36291元/平,中楼层 (共6层) 2室1厅 | 62平米 | 南 北,https://ke-image.ljcdn.com/110000-inspection/pc1_Oloopn8bd_1.jpg!m_fill,w_280,h_210,f_jpg?from=ke.com
20241028,通州,梨园,101127026148,通透两居 电梯双阳台楼龄新人车分流有公立幼儿,359万,37517元/平,低楼层 (共18层) | 2010年 | 2室1厅 | 95.69平米 | 东 西,https://ke-image.ljcdn.com/110000-inspection/a4e74827-c1d8-4e4d-9737-fafe53701f04_1000.jpg!m_fill,w_280,h_210,f_jpg?from=ke.com
20241028,通州,梨园,101127000895,公庄小区 2室2厅 南 北,215万,28887元/平,底层 (共7层) 2室2厅 | 74.43平米 | 南 北,https://ke-image.ljcdn.com/110000-inspection/08bfcbb2-8b0f-4add-afe5-c9a041b8e1b6_1000.jpg!m_fill,w_280,h_210,f_jpg?from=ke.com
20241028,通州,梨园,101126996325,梨花园 正规两居室  精装修房主自荐,245万,39415元/平,中楼层 (共6层) | 1992年 | 2室1厅 | 62.16平米 | 南 北,https://ke-image.ljcdn.com/110000-inspection/b89e9222-acc6-4d15-b037-71db3ad8aa58_1000.jpg!m_fill,w_280,h_210,f_jpg?from=ke.com
20241028,通州,梨园,101126968054,梨花园 正规两居 南北朝向 采光视野好,355万,34601元/平,顶层 (共6层) 2室1厅 | 102.6平米 | 南 北,https://ke-image.ljcdn.com/110000-inspection/9a96a90c-b609-4e5a-a4f5-75f2b794cfae_1000.jpg!m_fill,w_280,h_210,f_jpg?from=ke.com
20241028,通州,梨园,101126966580,新城阳光 1室1厅 南,209万,48313元/平,中楼层 (共15层) 1室1厅 | 43.26平米 | 南,https://ke-image.ljcdn.com/110000-inspection/6bfb90a8-2aa6-4505-a8d6-d41a44a13e3c_1000.jpg!m_fill,w_280,h_210,f_jpg?from=ke.com
20241028,通州,梨园,101126964992,梨园小镇 1室1厅 南,328万,50238元/平,中楼层 (共15层) | 2005年 | 1室1厅 | 65.29平米 | 南,https://ke-image.ljcdn.com/110000-inspection/159f0fa0-fa31-4011-9a41-191b5daf3d2b_1000.jpg!m_fill,w_280,h_210,f_jpg?from=ke.com
20241028,通州,梨园,101126959995,11站 2室1厅 南 北,336万,37962元/平,低楼层 (共13层) | 2005年 | 2室1厅 | 88.51平米 | 南 北,https://ke-image.ljcdn.com/110000-inspection/370f20e7-6c84-4185-868b-febd1d601783_1000.jpg!m_fill,w_280,h_210,f_jpg?from=ke.com
20241028,通州,梨园,101126949830,梨花园南北通透两居室面积大户型好居住舒适度高,380万,35671元/平,高楼层 (共6层) 2室2厅 | 106.53平米 | 南 北,https://ke-image.ljcdn.com/110000-inspection/79f89e75-0b71-463d-b39c-4e47c2880555_1000.jpg!m_fill,w_280,h_210,f_jpg?from=ke.com
20241028,通州,梨园,101126927752,时尚街区东区 3室2厅 南 北,520万,40118元/平,高楼层 (共21层) | 2005年 | 3室2厅 | 129.62平米 | 南 北,https://ke-image.ljcdn.com/110000-inspection/87d314b7-088e-4876-9352-c249e81653b7_1000.jpg!m_fill,w_280,h_210,f_jpg?from=ke.com
20241028,通州,梨园,101126927637,梨花园  高楼层  采光好  近地铁 南北通透,235万,31143元/平,高楼层 (共7层) 2室1厅 | 75.46平米 | 南 北,https://ke-image.ljcdn.com/110000-inspection/a9ee4b94-ee52-422d-8aff-87b8c694ea6b_1000.jpg!m_fill,w_280,h_210,f_jpg?from=ke.com
20241028,通州,梨园,101126926569,云景里 正规三居室  产权清晰随时看房 诚意出售房主自荐,299万,31221元/平,高楼层 (共6层) | 2000年 | 3室1厅 | 95.77平米 | 南 西 北,https://ke-image.ljcdn.com/110000-inspection/330d49fa-07a1-48d6-b77f-f1f65d853a96_1000.jpg!m_fill,w_280,h_210,f_jpg?from=ke.com
20241028,通州,梨园,101126904576,环球影城 电梯房 两梯四户 高层视野好 采光好,349万,36545元/平,顶层 (共15层) 2室2厅 | 95.5平米 | 南 北,https://ke-image.ljcdn.com/110000-inspection/9014a8bf-bddb-43af-9a78-c0156aa7f3f7_1000.jpg!m_fill,w_280,h_210,f_jpg?from=ke.com
20241028,通州,梨园,101126895381,新城嘉园 3室1厅 南 北 西,365万,40071元/平,低楼层 (共28层) 3室1厅 | 91.09平米 | 南 北 西,https://ke-image.ljcdn.com/110000-inspection/cfbdcaae-a693-4dd3-9513-1a7a20035cc1_1000.jpg!m_fill,w_280,h_210,f_jpg?from=ke.com
20241028,通州,梨园,101126889648,幸福时光H户型房子不错中间楼层,322万,32741元/平,中楼层 (共6层) 2室1厅 | 98.35平米 | 南 北,https://ke-image.ljcdn.com/110000-inspection/15709b0d-6959-4828-8e3f-5b4de98afbdc_1000.jpg!m_fill,w_280,h_210,f_jpg?from=ke.com
20241028,通州,梨园,101126870781,11站 1室1厅 北,200万,42203元/平,高楼层 (共18层) | 2005年 | 1室1厅 | 47.39平米 | 北,https://ke-image.ljcdn.com/110000-inspection/1765ef23-aa2a-4ace-9676-106a173c896d_1000.jpg!m_fill,w_280,h_210,f_jpg?from=ke.com
20241028,通州,梨园,101126865539,云景里   南北向两居 户型方正,255万,30675元/平,顶层 (共6层) 2室1厅 | 83.13平米 | 南 北,https://ke-image.ljcdn.com/110000-inspection/775dc513-07e1-4b3f-935e-037aa1e9c8e8_1000.jpg!m_fill,w_280,h_210,f_jpg?from=ke.com
20241028,通州,梨园,101126840741,近梨园地铁站近梨园商圈电梯房,240万,36765元/平,低楼层 (共11层) 1室1厅 | 65.28平米 | 南,https://ke-image.ljcdn.com/110000-inspection/1c3e7d04-9323-430c-b090-3d45c8c3df49_1000.jpg!m_fill,w_280,h_210,f_jpg?from=ke.com
20241028,通州,梨园,101126827696,南北通透 一梯两户诚心出售采光好交通便利,379万,38303元/平,顶层 (共10层) 2室2厅 | 98.95平米 | 南 北,https://ke-image.ljcdn.com/110000-inspection/pc1_WHJax6ogC.jpg!m_fill,w_280,h_210,f_jpg?from=ke.com
20241028,通州,梨园,101126815717,新通国际花园双落地阳台精装修H户型2010年房主自荐,350万,36804元/平,底层 (共28层) | 2009年 | 2室1厅 | 95.1平米 | 东 西,https://ke-image.ljcdn.com/110000-inspection/0832b513-9be4-4ab2-8a8e-93eabc278a7e_1000.jpg!m_fill,w_280,h_210,f_jpg?from=ke.com
20241028,通州,梨园,101126796564,新城嘉园   梨园地铁   周边配套齐全,369万,38231元/平,高楼层 (共26层) 3室1厅 | 96.52平米 | 南 北,https://ke-image.ljcdn.com/110000-inspection/2aa10e1f-5f5c-4561-8764-daf8a6afe394_1000.jpg!m_fill,w_280,h_210,f_jpg?from=ke.com
20241028,通州,梨园,101126774309,板楼三居精装自住房满五年唯一视野无遮挡,270万,34221元/平,高楼层 (共6层) 3室1厅 | 78.9平米 | 南 北,https://ke-image.ljcdn.com/110000-inspection/pc1_KaxPmTAHF_1.jpg!m_fill,w_280,h_210,f_jpg?from=ke.com
20241028,通州,梨园,101126746212,时尚街区东区三居室满五年唯一只有契税采光好,438万,40947元/平,高楼层 (共13层) | 2005年 | 3室2厅 | 106.97平米 | 南 北,https://ke-image.ljcdn.com/110000-inspection/6881b966-3dda-4306-8be7-19786faaf081_1000.jpg!m_fill,w_280,h_210,f_jpg?from=ke.com
20241028,通州,梨园,101126706470,新通国际花园 2室1厅 东南,329万,33357元/平,顶层 (共28层) | 2009年 | 2室1厅 | 98.63平米 | 东南,https://ke-image.ljcdn.com/110000-inspection/52446f0f-400f-49c3-8717-ac09d04320dd_1000.jpg!m_fill,w_280,h_210,f_jpg?from=ke.com
20241028,通州,梨园,101126689577,南北通透大两居 中楼层诚心出售 看房子方便 公摊小,290万,32016元/平,低楼层 (共6层) | 2004年 | 2室1厅 | 90.58平米 | 南 北,https://ke-image.ljcdn.com/110000-inspection/978c7871-ebae-4aba-83db-963b721120bb_1000.jpg!m_fill,w_280,h_210,f_jpg?from=ke.com
20241028,通州,梨园,101126680689,新城阳光 3室1厅 东南 北,450万,40125元/平,高楼层 (共13层) 3室1厅 | 112.15平米 | 东南 北,https://ke-image.ljcdn.com/110000-inspection/73f1cf23-eb4f-4242-8290-64d07323ac9e_1000.jpg!m_fill,w_280,h_210,f_jpg?from=ke.com
20241028,通州,梨园,101126660064,时尚街区东区 2室1厅 南,285万,38031元/平,低楼层 (共19层) | 2007年 | 2室1厅 | 74.94平米 | 南,https://ke-image.ljcdn.com/110000-inspection/a88665b2-e07c-42a3-8b21-ea0b5a8f1e89_1000.jpg!m_fill,w_280,h_210,f_jpg?from=ke.com
20241028,通州,梨园,101126654285,一居南向地铁100米满五年唯一首付30万出头,228万,34778元/平,低楼层 (共19层) | 2007年 | 1室1厅 | 65.56平米 | 南,https://ke-image.ljcdn.com/110000-inspection/2b76d9d3-499e-497e-bcd3-603b14f5b468_1000.jpg!m_fill,w_280,h_210,f_jpg?from=ke.com
20241028,通州,梨园,101126636114,梨花园  梨园地铁站  交通便利 精装修,315万,33525元/平,高楼层 (共6层) 2室1厅 | 93.96平米 | 东 西,https://ke-image.ljcdn.com/110000-inspection/4fb8e8ce-f16e-4ff8-8688-22aa95be973c_1000.jpg!m_fill,w_280,h_210,f_jpg?from=ke.com
20241028,通州,梨园,101126627444,时尚街区东区 3室1厅 东南,390万,38853元/平,高楼层 (共19层) | 2007年 | 3室1厅 | 100.38平米 | 东南,https://ke-image.ljcdn.com/110000-inspection/ac483652-9708-4802-8f6d-0d0a1a301b90_1000.jpg!m_fill,w_280,h_210,f_jpg?from=ke.com
20241028,通州,梨园,101126600500,五所家属院 3室1厅 南 北,225万,29324元/平,顶层 (共6层) 3室1厅 | 76.73平米 | 南 北,https://ke-image.ljcdn.com/110000-inspection/pc1_OVIh5rk6Z.jpg!m_fill,w_280,h_210,f_jpg?from=ke.com
20241028,通州,梨园,101126596712,新城阳光南北通透一梯两户大两居诚意出售,365万,36592元/平,低楼层 (共10层) 2室1厅 | 99.75平米 | 南 北,https://ke-image.ljcdn.com/110000-inspection/e6449c72-4915-44f6-a2b3-6725a9d32e44_1000.jpg!m_fill,w_280,h_210,f_jpg?from=ke.com
20241028,通州,梨园,101126595308,11站 1室0厅 北,175万,36928元/平,高楼层 (共18层) | 2005年 | 1室0厅 | 47.39平米 | 北,https://ke-image.ljcdn.com/110000-inspection/991e3fd5-3761-49ee-bb88-d4c6d2e79849_1000.jpg!m_fill,w_280,h_210,f_jpg?from=ke.com
20241028,通州,梨园,101126593494,园景西区带电梯的三居室 朝向不错,476万,38496元/平,低楼层 (共18层) | 2004年 | 3室1厅 | 123.65平米 | 西南,https://ke-image.ljcdn.com/110000-inspection/04d41325-7e4d-4c5c-a5c7-c74f85ff8fd0_1000.jpg!m_fill,w_280,h_210,f_jpg?from=ke.com
20241028,通州,梨园,101126591179,玉桥 梨园东里 南北通透两居 中间楼层 交通便利,225万,34388元/平,中楼层 (共6层) 2室1厅 | 65.43平米 | 南 北,https://ke-image.ljcdn.com/110000-inspection/pc1_kFL6UiO7A_1.jpg!m_fill,w_280,h_210,f_jpg?from=ke.com
20241028,通州,梨园,101126579441,梨花园南北通透户型方正 近地铁,338万,35121元/平,低楼层 (共6层) 2室2厅 | 96.24平米 | 南 北,https://ke-image.ljcdn.com/110000-inspection/d7621415-7a1b-449a-b8f6-6f524ef92afa_1000.jpg!m_fill,w_280,h_210,f_jpg?from=ke.com
20241028,通州,梨园,101126566798,11站 1室1厅 东北,210万,36089元/平,低楼层 (共18层) | 2005年 | 1室1厅 | 58.19平米 | 东北,https://ke-image.ljcdn.com/110000-inspection/9a31fdff-83bc-4325-97f9-1ab40abc0e31_1000.jpg!m_fill,w_280,h_210,f_jpg?from=ke.com
20241028,通州,梨园,101126560155,时尚街区东区 1室1厅 南,240万,39038元/平,高楼层 (共20层) 1室1厅 | 61.48平米 | 南,https://ke-image.ljcdn.com/110000-inspection/ddc3640a-075f-4dee-9c86-8c14b7c458b4_1000.jpg!m_fill,w_280,h_210,f_jpg?from=ke.com
20241028,通州,梨园,101126491745,幸福时光 南北双通透独立餐厅大两居室满五年唯一,308万,31639元/平,中楼层 (共5层) 2室2厅 | 97.35平米 | 南 北,https://ke-image.ljcdn.com/110000-inspection/f0618bd4-9dcd-4dd7-b4de-60c66141329e_1000.jpg!m_fill,w_280,h_210,f_jpg?from=ke.com
20241028,通州,梨园,101126439877,11站 2室2厅 南 北,398万,42727元/平,顶层 (共15层) | 2005年 | 2室2厅 | 93.15平米 | 南 北,https://ke-image.ljcdn.com/110000-inspection/e25c3c15-f6c8-4f53-8b9e-0a78ca2379fb_1000.jpg!m_fill,w_280,h_210,f_jpg?from=ke.com
20241028,通州,梨园,101126437623,公庄小区 2室1厅 北 南,215万,29907元/平,中楼层 (共7层) 2室1厅 | 71.89平米 | 北 南,https://ke-image.ljcdn.com/110000-inspection/77df0ce1-14c3-43f7-bf7d-18106b8c3b93_1000.jpg!m_fill,w_280,h_210,f_jpg?from=ke.com
20241028,通州,梨园,101126416620,环球影城 电梯房 两梯四户 高层视野好 采光好房主自荐,365万,38053元/平,中楼层 (共15层) 2室2厅 | 95.92平米 | 南 北,https://ke-image.ljcdn.com/110000-inspection/pc1_FSE8lk0LK.jpg!m_fill,w_280,h_210,f_jpg?from=ke.com
20241028,通州,梨园,101126409302,正规三居室业主自住装修保持不错,330万,34247元/平,高楼层 (共20层) | 2003年 | 3室1厅 | 96.36平米 | 东北,https://ke-image.ljcdn.com/110000-inspection/832a81bc-e6c7-4a56-bbc7-86a9f3fa5e54_1000.jpg!m_fill,w_280,h_210,f_jpg?from=ke.com
20241028,通州,梨园,101126388758,梨园地铁 梨花园 南北三阳开泰三居 满五唯一,425万,30640元/平,顶层 (共6层) 3室2厅 | 138.71平米 | 南 北,https://ke-image.ljcdn.com/110000-inspection/844ba8ff-3276-4661-b443-70ac936e48a1_1000.jpg!m_fill,w_280,h_210,f_jpg?from=ke.com
20241028,通州,梨园,101126379637,时尚街区东区 1室1厅 南,315万,46723元/平,高楼层 (共21层) | 2005年 | 1室1厅 | 67.42平米 | 南,https://ke-image.ljcdn.com/110000-inspection/7b833e08-ebf5-4334-8c2b-2c73e5397687_1000.jpg!m_fill,w_280,h_210,f_jpg?from=ke.com
20241028,通州,梨园,101126377086,新城阳光优质两居室业主靠谱卖！！！,368万,38195元/平,中楼层 (共15层) | 2007年 | 2室1厅 | 96.35平米 | 南 北,https://ke-image.ljcdn.com/110000-inspection/993f112d-9b98-4669-a8d3-aee8876e1705_1000.jpg!m_fill,w_280,h_210,f_jpg?from=ke.com
20241028,通州,梨园,101126344536,新通国际花园  视野好采光好两居室,418万,43330元/平,中楼层 (共28层) | 2009年 | 2室1厅 | 96.47平米 | 西南,https://ke-image.ljcdn.com/110000-inspection/48845af0-3c13-451f-80e7-224ed63ecf71_1000.jpg!m_fill,w_280,h_210,f_jpg?from=ke.com
20241028,通州,梨园,101126306146,云景里南大门两居 南北户型 诚心出售,259万,29456元/平,顶层 (共6层) | 2004年 | 2室1厅 | 87.93平米 | 南 北,https://ke-image.ljcdn.com/110000-inspection/d67c97f8-5f66-4a07-8ae1-2dce9efbec36_1000.jpg!m_fill,w_280,h_210,f_jpg?from=ke.com
20241028,通州,梨园,101126298708,新通国际花园精装两居室 近地铁 满五唯一 电梯房,399万,46149元/平,中楼层 (共15层) | 2010年 | 2室1厅 | 86.46平米 | 南 北,https://ke-image.ljcdn.com/110000-inspection/cbff9103-bc3a-43a8-9d3a-6f3cf2c3d64a_1000.jpg!m_fill,w_280,h_210,f_jpg?from=ke.com
20241028,通州,梨园,101126276699,新通国际花园  梨园地铁口  满五唯一  诚心卖,359万,36908元/平,高楼层 (共18层) 2室1厅 | 97.27平米 | 东南 北,https://ke-image.ljcdn.com/110000-inspection/2c46ff0d-497b-4283-9596-6e9b1371da29_1000.jpg!m_fill,w_280,h_210,f_jpg?from=ke.com
20241028,通州,梨园,101126222749,九棵树地铁 当代名筑商品房  南北双阳台 落地窗,339万,34212元/平,顶层 (共6层) 2室2厅 | 99.09平米 | 南 北,https://ke-image.ljcdn.com/110000-inspection/pc1_PzeZxKWgq_1.jpg!m_fill,w_280,h_210,f_jpg?from=ke.com
20241028,通州,梨园,101126185990,梨园地铁 商圈成熟 电梯房2居 满5唯一 诚意出售房主自荐,325万,36334元/平,低楼层 (共18层) 2室1厅 | 89.45平米 | 西南,https://ke-image.ljcdn.com/110000-inspection/1bc63745-2475-4038-9f62-9c80e440e958_1000.jpg!m_fill,w_280,h_210,f_jpg?from=ke.com
20241028,通州,梨园,101126157405,新通国际花园（中山路552号）,348万,36594元/平,低楼层 (共28层) | 2009年 | 2室1厅 | 95.1平米 | 东 西,https://ke-image.ljcdn.com/110000-inspection/c96cbee8-52cb-4010-a522-45215f6d295d_1000.jpg!m_fill,w_280,h_210,f_jpg?from=ke.com
20241028,通州,梨园,101126151936,时尚街区东区 1室0厅 南,190万,38161元/平,低楼层 (共13层) | 2004年 | 1室0厅 | 49.79平米 | 南,https://ke-image.ljcdn.com/110000-inspection/31fb87a2-04a1-4745-9b9f-f5ef665ba020_1000.jpg!m_fill,w_280,h_210,f_jpg?from=ke.com
20241028,通州,梨园,101126120258,梨园小镇 2室1厅 南 北,420万,42072元/平,中楼层 (共15层) | 2005年 | 2室1厅 | 99.83平米 | 南 北,https://ke-image.ljcdn.com/110000-inspection/26665e36-72ab-41bc-a0ab-0b6028fc2ec2_1000.jpg!m_fill,w_280,h_210,f_jpg?from=ke.com
20241028,通州,梨园,101126120046,时尚街区东区 3室1厅 东 南,439万,43752元/平,中楼层 (共19层) | 2007年 | 3室1厅 | 100.34平米 | 东 南,https://ke-image.ljcdn.com/110000-inspection/7bdacbbf-83d0-454b-ab26-e07ff828ec12_1000.jpg!m_fill,w_280,h_210,f_jpg?from=ke.com
20241028,通州,梨园,101126119142,时尚街区东区 2室1厅 南 北,380万,35715元/平,顶层 (共13层) | 2005年 | 2室1厅 | 106.4平米 | 南 北,https://ke-image.ljcdn.com/110000-inspection/e08362d5-bcfb-4fed-8d67-675b1cf2bfcd_1000.jpg!m_fill,w_280,h_210,f_jpg?from=ke.com
20241028,通州,梨园,101126088152,南向精装修采光充足户型方正。高楼层视野开阔。,240万,36608元/平,低楼层 (共19层) | 2007年 | 1室1厅 | 65.56平米 | 南,https://ke-image.ljcdn.com/110000-inspection/0c0b8866-6d22-489f-b682-e260c4f02d08_1000.jpg!m_fill,w_280,h_210,f_jpg?from=ke.com
20241028,通州,梨园,101126063967,梨花园梨园西里17栋楼大型社区,278万,29425元/平,顶层 (共6层) 2室2厅 | 94.48平米 | 南 北,https://ke-image.ljcdn.com/110000-inspection/pc1_bECq3BxYS.jpg!m_fill,w_280,h_210,f_jpg?from=ke.com
20241028,通州,梨园,101126054056,近地铁近商场拎包入住云景里。,359万,25406元/平,顶层 (共6层) 3室2厅 | 141.31平米 | 南 北,https://ke-image.ljcdn.com/110000-inspection/151a171f-8488-4a05-964a-49a530782936_1000.jpg!m_fill,w_280,h_210,f_jpg?from=ke.com
20241028,通州,梨园,101126049702,梨园地铁正规两居室 满5唯一配套齐全,309万,34361元/平,高楼层 (共6层) | 2004年 | 2室1厅 | 89.93平米 | 南 北,https://ke-image.ljcdn.com/110000-inspection/51b08576-6792-4026-b1ef-e72da71ff94d_1000.jpg!m_fill,w_280,h_210,f_jpg?from=ke.com
20241028,通州,梨园,101126044419,地铁7号线万盛东站 桃花岛 通透2居带4.7平阳台,299万,36256元/平,中楼层 (共6层) | 2006年 | 2室2厅 | 82.47平米 | 南 北,https://ke-image.ljcdn.com/110000-inspection/39a0bc62-885a-4cda-80a2-2496ad6662bd_1000.jpg!m_fill,w_280,h_210,f_jpg?from=ke.com
20241028,通州,梨园,101125993591,梨园新通国际不临街不把边的东西两居室,355万,37099元/平,高楼层 (共18层) | 2010年 | 2室1厅 | 95.69平米 | 东 西,https://ke-image.ljcdn.com/110000-inspection/fed816dd-fa2e-48e7-860b-0ece77cc9439_1000.jpg!m_fill,w_280,h_210,f_jpg?from=ke.com
20241028,通州,梨园,101125980446,新城阳光南北通透电梯房2居室,368万,38366元/平,高楼层 (共15层) 2室1厅 | 95.92平米 | 南 北,https://ke-image.ljcdn.com/110000-inspection/ca6bbd63-011f-49b1-ac63-c69e4202817d_1000.jpg!m_fill,w_280,h_210,f_jpg?from=ke.com
20241028,通州,梨园,101125949508,梨园东里（滨海东路80-4号）,178万,34277元/平,高楼层 (共6层) 1室1厅 | 51.93平米 | 南 北,https://ke-image.ljcdn.com/110000-inspection/pc1_YGi8D58ow_1.jpg!m_fill,w_280,h_210,f_jpg?from=ke.com
20241028,通州,梨园,101125947217,通透2居室中间楼层精装修可以拎包入住配套齐全,229万,30648元/平,顶层 (共6层) | 1998年 | 2室1厅 | 74.72平米 | 南 北,https://ke-image.ljcdn.com/110000-inspection/de1e1f55-5e68-4302-8b21-822a77b86307_1000.jpg!m_fill,w_280,h_210,f_jpg?from=ke.com
20241028,通州,梨园,101125939790,【满五唯一】【南北通透】【中间位置】【看房方便】,598万,48933元/平,中楼层 (共17层) 3室2厅 | 122.21平米 | 南 北,https://ke-image.ljcdn.com/110000-inspection/9c4ca918-2613-4adc-8061-2b0d0ed6ea6b_1000.jpg!m_fill,w_280,h_210,f_jpg?from=ke.com
20241028,通州,梨园,101125936391,新城嘉园 1室1厅 南,253万,38235元/平,低楼层 (共26层) 1室1厅 | 66.17平米 | 南,https://ke-image.ljcdn.com/110000-inspection/7f40db27-6ce3-4aab-af68-fb575502fd21_1000.jpg!m_fill,w_280,h_210,f_jpg?from=ke.com
20241028,通州,梨园,101125932027,时尚街区东区 1室1厅 南,275万,36697元/平,高楼层 (共19层) | 2007年 | 1室1厅 | 74.94平米 | 南,https://ke-image.ljcdn.com/110000-inspection/2e531f54-7660-4a58-b48e-1f26c438807e_1000.jpg!m_fill,w_280,h_210,f_jpg?from=ke.com
20241028,通州,梨园,101125929606,幸福时光高楼层三居室无遮挡采光好,466万,37979元/平,高楼层 (共6层) 3室2厅 | 122.7平米 | 南 北,https://ke-image.ljcdn.com/110000-inspection/41347cb0-9f20-426b-b504-afa75446d596_1000.jpg!m_fill,w_280,h_210,f_jpg?from=ke.com
20241028,通州,梨园,101125923336,近地铁1号线拎包入住时尚街区西区,318万,35872元/平,高楼层 (共10层) 2室1厅 | 88.65平米 | 南 北,https://ke-image.ljcdn.com/110000-inspection/1f1fa33a-187b-437c-8d5c-ced2f1e14131_1000.jpg!m_fill,w_280,h_210,f_jpg?from=ke.com
20241028,通州,梨园,101125919496,南向正规2居室采光很好层高2.8米,215万,35679元/平,高楼层 (共6层) 2室0厅 | 60.26平米 | 南,https://ke-image.ljcdn.com/110000-inspection/prod-48f45ce6-e1fb-40da-ac68-75c1122504b0.jpg!m_fill,w_280,h_210,f_jpg?from=ke.com
20241028,通州,梨园,101125913801,环球影城 电梯房 一梯两户 带南向落地阳台,399万,42862元/平,中楼层 (共13层) | 2012年 | 2室1厅 | 93.09平米 | 南 北,https://ke-image.ljcdn.com/110000-inspection/fd141a0f-ebd0-43bb-8dde-55f22a1f83fd_1000.jpg!m_fill,w_280,h_210,f_jpg?from=ke.com
20241028,通州,梨园,101125889813,新通两居室 可以拎包入住 看房随时可以,360万,37011元/平,顶层 (共18层) | 2010年 | 2室1厅 | 97.27平米 | 东南,https://ke-image.ljcdn.com/110000-inspection/37389e1c-e62e-44db-81b1-3cef50f71bef_1000.jpg!m_fill,w_280,h_210,f_jpg?from=ke.com
20241028,通州,梨园,101125888031,满五唯一精装两居 随时配合签约房主自荐,263万,36523元/平,低楼层 (共15层) | 2005年 | 2室1厅 | 72.01平米 | 西,https://ke-image.ljcdn.com/110000-inspection/4dda12c8-411d-4751-8474-8118f2b48687_1000.jpg!m_fill,w_280,h_210,f_jpg?from=ke.com
20241028,通州,梨园,101125887312,新城阳光正规南北通透两居室落地窗,325万,39912元/平,低楼层 (共13层) 2室1厅 | 81.43平米 | 南 北,https://ke-image.ljcdn.com/110000-inspection/12f1b00b-1adc-44b3-b29c-ed067f6abcd7_1000.jpg!m_fill,w_280,h_210,f_jpg?from=ke.com
20241028,通州,梨园,101125857549,梨花园 正规一居室低楼层小区中间位置,215万,32665元/平,底层 (共6层) | 1999年 | 1室1厅 | 65.82平米 | 北,https://ke-image.ljcdn.com/110000-inspection/pc1_ujl7XKywt_1.jpg!m_fill,w_280,h_210,f_jpg?from=ke.com
20241028,通州,梨园,101125819808,梨园新通国际正规一居室卧室带阳台人车分流社区,268万,48578元/平,顶层 (共18层) 1室1厅 | 55.17平米 | 南,https://ke-image.ljcdn.com/110000-inspection/0d7a349e-1d58-418f-9484-b82aca949fc2_1000.jpg!m_fill,w_280,h_210,f_jpg?from=ke.com
20241028,通州,梨园,101125795929,园景东区梨园地铁电梯一居室户型方正只有契税房主自荐,243万,32029元/平,低楼层 (共19层) | 2007年 | 2室1厅 | 75.87平米 | 北,https://ke-image.ljcdn.com/110000-inspection/f4c105aa-94ae-41b7-9d47-c427af32a967_1000.jpg!m_fill,w_280,h_210,f_jpg?from=ke.com
20241028,通州,梨园,101125761766,梨园地铁站2010年小区 电梯三居不临街 视野开阔,600万,46530元/平,顶层 (共21层) | 2009年 | 3室2厅 | 128.95平米 | 南 西 北,https://ke-image.ljcdn.com/110000-inspection/pc1_73d12bZQL_1.jpg!m_fill,w_280,h_210,f_jpg?from=ke.com
20241028,通州,梨园,101125738929,云景里 南北通透大四居 近地铁 配套全,530万,32616元/平,顶层 (共6层) | 2000年 | 4室2厅 | 162.5平米 | 南 北,https://ke-image.ljcdn.com/110000-inspection/2c9eaf7f-fe77-4549-b264-d9e97d7cce7c_1000.jpg!m_fill,w_280,h_210,f_jpg?from=ke.com
20241028,通州,梨园,101125735615,新城嘉园 2室1厅 南 北房主自荐,258万,33433元/平,底层 (共28层) 2室1厅 | 77.17平米 | 南 北,https://ke-image.ljcdn.com/110000-inspection/2445a283-a971-45e9-a3ff-d30e31cf80bb_1000.jpg!m_fill,w_280,h_210,f_jpg?from=ke.com
20241028,通州,梨园,101125730453,满五唯一位置好小区安静位置看房随时2010,330万,36106元/平,高楼层 (共28层) | 2009年 | 2室1厅 | 91.4平米 | 东 西,https://ke-image.ljcdn.com/110000-inspection/8dad4a72-47ff-429c-b3b2-3bbefd932330_1000.jpg!m_fill,w_280,h_210,f_jpg?from=ke.com
20241028,通州,梨园,101125728458,新通国际 东南两居 中间楼层 装修好 近地铁配套齐,369万,37936元/平,中楼层 (共18层) 2室1厅 | 97.27平米 | 东南,https://ke-image.ljcdn.com/110000-inspection/02c063f9-931a-46ff-84f2-f73badcda73f_1000.jpg!m_fill,w_280,h_210,f_jpg?from=ke.com
20241028,通州,梨园,101125663427,云景里南大门 2室1厅 南 北,289万,31906元/平,高楼层 (共6层) | 2004年 | 2室1厅 | 90.58平米 | 南 北,https://ke-image.ljcdn.com/110000-inspection/7975f055-3afc-4c2e-9d5e-3af7cc862c67_1000.jpg!m_fill,w_280,h_210,f_jpg?from=ke.com
20241028,通州,梨园,101125660981,新通国际花园 梨园地铁 精装修 满五唯一 全明两居,498万,48805元/平,高楼层 (共17层) 2室1厅 | 102.04平米 | 南 北,https://ke-image.ljcdn.com/110000-inspection/pc1_kTIm6RCPk_1.jpg!m_fill,w_280,h_210,f_jpg?from=ke.com
20241028,通州,梨园,101125616116,梨园东里南北通透采光好满二只有契税,218万,33126元/平,高楼层 (共6层) | 2001年 | 2室1厅 | 65.81平米 | 南 北,https://ke-image.ljcdn.com/110000-inspection/5cdc846f-3871-41bf-ae9d-2ef5b5d9aa2b_1000.jpg!m_fill,w_280,h_210,f_jpg?from=ke.com
20241028,通州,梨园,101125611991,当代名筑 3室1厅 南 东南,528万,49536元/平,低楼层 (共12层) | 2006年 | 3室1厅 | 106.59平米 | 南 东南,https://ke-image.ljcdn.com/110000-inspection/pc1_cNeZNp3Lo_1.jpg!m_fill,w_280,h_210,f_jpg?from=ke.com
20241028,通州,梨园,101125588319,新通国际花园正规大两居 公立幼儿园+人车分流,358万,36805元/平,低楼层 (共18层) 2室2厅 | 97.27平米 | 东 西南,https://ke-image.ljcdn.com/110000-inspection/e9908f32-cd01-4092-ae82-a03e860e2427_1000.jpg!m_fill,w_280,h_210,f_jpg?from=ke.com
20241028,通州,梨园,101125557842,此房满五唯一南北通透格局好高楼层视野宽阔,255万,32705元/平,顶层 (共6层) | 2000年 | 2室1厅 | 77.97平米 | 南 北,https://ke-image.ljcdn.com/110000-inspection/1d2cedcc-b346-44b6-854d-b8222119e0e0_1000.jpg!m_fill,w_280,h_210,f_jpg?from=ke.com
20241028,通州,梨园,101125505513,11站 1室1厅 南,258万,38693元/平,低楼层 (共18层) | 2005年 | 1室1厅 | 66.68平米 | 南,https://ke-image.ljcdn.com/110000-inspection/c6f077b0-0a3a-491d-ae7a-14e6b008d79c_1000.jpg!m_fill,w_280,h_210,f_jpg?from=ke.com
20241028,通州,梨园,101125502069,新通国际花园 梨园地铁 精装修 满五唯一 通透两居,355万,40843元/平,高楼层 (共28层) | 2009年 | 2室1厅 | 86.92平米 | 东 西,https://ke-image.ljcdn.com/110000-inspection/a9c19ab2-894f-478f-a30d-e6588852935b_1000.jpg!m_fill,w_280,h_210,f_jpg?from=ke.com
20241028,通州,梨园,101125486142,新城阳光 2室2厅 南 北,335万,34925元/平,低楼层 (共15层) 2室2厅 | 95.92平米 | 南 北,https://ke-image.ljcdn.com/110000-inspection/56d2917a-c9df-4320-b4e7-609900d67fdf_1000.jpg!m_fill,w_280,h_210,f_jpg?from=ke.com
20241028,通州,梨园,101125449821,新通国际花园 2室2厅 南 北,428万,47545元/平,中楼层 (共14层) | 2010年 | 2室2厅 | 90.02平米 | 南 北,https://ke-image.ljcdn.com/110000-inspection/2b9679e5-a3b6-4c8d-a046-a795c4421be2_1000.jpg!m_fill,w_280,h_210,f_jpg?from=ke.com
20241028,通州,梨园,101125442217,园景东区南向一居电梯房中间层交通便利生活方便,266万,35610元/平,低楼层 (共19层) | 2007年 | 1室1厅 | 74.7平米 | 南,https://ke-image.ljcdn.com/110000-inspection/d48b6b1e-acb4-47fe-a82f-080c94e7ef16_1000.jpg!m_fill,w_280,h_210,f_jpg?from=ke.com
20241028,通州,梨园,101125430207,满五唯一地铁方便采光充足两居室视野好方正,369万,38550元/平,低楼层 (共15层) | 2005年 | 2室1厅 | 95.72平米 | 东,https://ke-image.ljcdn.com/110000-inspection/05213bec-5aa8-4849-9771-aa84eb61e426_1000.jpg!m_fill,w_280,h_210,f_jpg?from=ke.com
20241028,通州,梨园,101125411056,站前巴黎南北通透精装修拎包入住满五唯一,385万,38952元/平,低楼层 (共6层) 2室1厅 | 98.84平米 | 南 北,https://ke-image.ljcdn.com/110000-inspection/ec271c63-0dbb-4a1a-afa0-133c45421f65_1000.jpg!m_fill,w_280,h_210,f_jpg?from=ke.com
20241028,通州,梨园,101125409713,新通国际花园 梨园地铁 精装修 满五唯一 东南两居,388万,40421元/平,低楼层 (共21层) | 2010年 | 2室1厅 | 95.99平米 | 东南,https://ke-image.ljcdn.com/110000-inspection/5ccfe44b-353b-400f-a78f-0a53e485e6d1_1000.jpg!m_fill,w_280,h_210,f_jpg?from=ke.com
20241028,通州,梨园,101125403308,7号线地铁站万盛东桃花岛 高层两居室 无遮挡,309万,37505元/平,高楼层 (共6层) 2室1厅 | 82.39平米 | 南 北,https://ke-image.ljcdn.com/110000-inspection/9c101b1a-7a2a-40e4-b0ad-f25d59a701ea_1000.jpg!m_fill,w_280,h_210,f_jpg?from=ke.com
20241028,通州,梨园,101125393903,桃花岛 南北通透 两居 近地铁,338万,40940元/平,中楼层 (共6层) 2室1厅 | 82.56平米 | 南 北,https://ke-image.ljcdn.com/110000-inspection/ab8bd4f6-7eb0-4c83-8028-c160b413ad5f_1000.jpg!m_fill,w_280,h_210,f_jpg?from=ke.com
20241028,通州,梨园,101125376537,南北通透的正规两居室   业主诚意出售,265万,33545元/平,底层 (共6层) 2室1厅 | 79平米 | 南 北,https://ke-image.ljcdn.com/110000-inspection/d62c8f16-ef0f-4187-b624-dd56911f71d9_1000.jpg!m_fill,w_280,h_210,f_jpg?from=ke.com
20241028,通州,梨园,101125351729,云景里南大门正规一居室采光好。,235万,34192元/平,底层 (共6层) 1室1厅 | 68.73平米 | 西南,https://ke-image.ljcdn.com/110000-inspection/32732b16-eb11-4e6c-aede-f26a3f226929_1000.jpg!m_fill,w_280,h_210,f_jpg?from=ke.com
20241028,通州,梨园,101125349817,新城嘉园 梨园地铁 电梯房2居 户型方正,310万,40099元/平,中楼层 (共26层) 2室1厅 | 77.31平米 | 南 北,https://ke-image.ljcdn.com/110000-inspection/78ef9651-3006-4cbd-a139-de959b8b8167_1000.jpg!m_fill,w_280,h_210,f_jpg?from=ke.com
20241028,通州,梨园,101125340505,梨园地铁   高楼层 满5唯一 落地大阳台 诚售,316万,31762元/平,高楼层 (共18层) 2室2厅 | 99.49平米 | 东 南 北,https://ke-image.ljcdn.com/110000-inspection/1f149fb9-f2f4-43b4-839f-194174018088_1000.jpg!m_fill,w_280,h_210,f_jpg?from=ke.com
20241028,通州,梨园,101125340410,梨园地铁 落地大阳台 南北通透  满5唯一,316万,31762元/平,高楼层 (共18层) 2室2厅 | 99.49平米 | 东 南 北,https://ke-image.ljcdn.com/110000-inspection/ee36015a-5c76-4934-b67a-5a452eb1305d_1000.jpg!m_fill,w_280,h_210,f_jpg?from=ke.com
20241028,通州,梨园,101125309977,通透2居室中间楼层精装修可以拎包入住配套齐全,248万,33191元/平,高楼层 (共6层) 2室1厅 | 74.72平米 | 南 北,https://ke-image.ljcdn.com/110000-inspection/pc1_UbXierXtA.jpg!m_fill,w_280,h_210,f_jpg?from=ke.com
20241028,通州,梨园,101125265420,环球影城 电梯房 高层 明厨明卫 南北通透,470万,40372元/平,中楼层 (共13层) 3室1厅 | 116.42平米 | 南 北,https://ke-image.ljcdn.com/110000-inspection/1d31911c-cefb-41dd-8593-c2f324e76b63_1000.jpg!m_fill,w_280,h_210,f_jpg?from=ke.com
20241028,通州,梨园,101125255229,当代名筑 南北通透 三居室 业主诚心出售 运河小中,639万,44539元/平,中楼层 (共6层) 3室1厅 | 143.47平米 | 南 北,https://ke-image.ljcdn.com/110000-inspection/f94469f6-958d-49a2-a5cb-9174d05ee105_1000.jpg!m_fill,w_280,h_210,f_jpg?from=ke.com
20241028,通州,梨园,101125238849,南北通透人车分流公立幼儿园满五唯一,392万,43546元/平,低楼层 (共14层) | 2010年 | 2室1厅 | 90.02平米 | 南 北,https://ke-image.ljcdn.com/110000-inspection/21a85149-a819-45c1-81ba-7bf10a2fb9eb_1000.jpg!m_fill,w_280,h_210,f_jpg?from=ke.com
20241028,通州,梨园,101125215739,梨园小镇满五唯一地铁方便采光充足。房主自荐,269万,38840元/平,中楼层 (共15层) | 2005年 | 1室1厅 | 69.26平米 | 东,https://ke-image.ljcdn.com/110000-inspection/c5d0aa80-4241-4269-81f5-d1b69904c3d8_1000.jpg!m_fill,w_280,h_210,f_jpg?from=ke.com
20241028,通州,梨园,101125193259,此房 满五唯一 西向 高楼层 装修不错 拎包入住,237万,40848元/平,高楼层 (共28层) | 2009年 | 1室1厅 | 58.02平米 | 西,https://ke-image.ljcdn.com/110000-inspection/cb61978d-4331-439c-83db-981d89c42be6_1000.jpg!m_fill,w_280,h_210,f_jpg?from=ke.com
20241028,通州,梨园,101125192658,梨花园1999年新楼大两居室 中间层 不临街,385万,36141元/平,中楼层 (共6层) 2室1厅 | 106.53平米 | 南 北,https://ke-image.ljcdn.com/110000-inspection/pc1_VWgwS1mi2_1.jpg!m_fill,w_280,h_210,f_jpg?from=ke.com
20241028,通州,梨园,101125183987,【满五唯一】+【正对花园】+【采光充足】+【安静】,318万,45914元/平,低楼层 (共15层) | 2005年 | 1室1厅 | 69.26平米 | 东,https://ke-image.ljcdn.com/110000-inspection/791681f6-b10c-4e62-9009-cbee81c83578_1000.jpg!m_fill,w_280,h_210,f_jpg?from=ke.com
20241028,通州,梨园,101125168319,时尚街区东区 2室1厅 南,225万,33250元/平,高楼层 (共20层) 2室1厅 | 67.67平米 | 南,https://ke-image.ljcdn.com/110000-inspection/178862d6-9bf3-42ca-8085-2809eb7f85bb_1000.jpg!m_fill,w_280,h_210,f_jpg?from=ke.com
20241028,通州,梨园,101125130165,幸福时光 南北双通透大两居室满五年唯一独立餐厅房主自荐,318万,32974元/平,高楼层 (共6层) | 2004年 | 2室1厅 | 96.44平米 | 南 北,https://ke-image.ljcdn.com/110000-inspection/70c3a70c-0d0a-4589-9fc1-aaa13b49007a_1000.jpg!m_fill,w_280,h_210,f_jpg?from=ke.com
20241028,通州,梨园,101125082563,梨园小镇  梨园地铁 户型方正,289万,42683元/平,中楼层 (共15层) | 2005年 | 1室1厅 | 67.71平米 | 西,https://ke-image.ljcdn.com/110000-inspection/pc1_69qbEJRYm.jpg!m_fill,w_280,h_210,f_jpg?from=ke.com
20241028,通州,梨园,101125081078,云景里南大门 2室1厅 南 北,310万,34224元/平,高楼层 (共6层) | 2004年 | 2室1厅 | 90.58平米 | 南 北,https://ke-image.ljcdn.com/110000-inspection/8895a237-a72f-4ff1-bc7f-763080ef65de_1000.jpg!m_fill,w_280,h_210,f_jpg?from=ke.com
20241028,通州,梨园,101125069833,幸福时光 板楼三层 不临街 满五唯一 无贷款,340万,37795元/平,中楼层 (共6层) 2室2厅 | 89.96平米 | 南 北,https://ke-image.ljcdn.com/110000-inspection/6b92f41a-e432-4f9d-8eba-32d6b6b2a0ce_1000.jpg!m_fill,w_280,h_210,f_jpg?from=ke.com
20241028,通州,梨园,101125051633,11站 2室1厅 南 北,275万,34239元/平,高楼层 (共18层) | 2005年 | 2室1厅 | 80.32平米 | 南 北,https://ke-image.ljcdn.com/110000-inspection/3eeb8069-5cec-40ca-bd52-bd1549e55f8c_1000.jpg!m_fill,w_280,h_210,f_jpg?from=ke.com
20241028,通州,梨园,101125038439,云景西里南区 2室1厅 南 北,270万,34023元/平,底层 (共6层) 2室1厅 | 79.36平米 | 南 北,https://ke-image.ljcdn.com/110000-inspection/pc1_2sK1bb1Ai.jpg!m_fill,w_280,h_210,f_jpg?from=ke.com
20241028,通州,梨园,101125023366,云景里南大门 2室2厅 南 北房主自荐,288万,32754元/平,高楼层 (共6层) 2室2厅 | 87.93平米 | 南 北,https://ke-image.ljcdn.com/110000-inspection/8c0bd971-3256-4052-9aee-5449823c64f5_1000.jpg!m_fill,w_280,h_210,f_jpg?from=ke.com
20241028,通州,梨园,101124880186,云景西里南区 2室1厅 南 北,215万,27126元/平,顶层 (共6层) 2室1厅 | 79.26平米 | 南 北,https://ke-image.ljcdn.com/110000-inspection/627923b9-d792-47ce-acc5-3f878f9ade2b_1000.jpg!m_fill,w_280,h_210,f_jpg?from=ke.com
20241028,通州,梨园,101124863948,梨园小镇南北通透格局楼层好小区中间位置,458万,47168元/平,高楼层 (共13层) | 2005年 | 2室1厅 | 97.1平米 | 南 北,https://ke-image.ljcdn.com/110000-inspection/78fb9ccc-563a-4aff-a0fd-3de7bd6d2c20_1000.jpg!m_fill,w_280,h_210,f_jpg?from=ke.com
20241028,通州,梨园,101124788121,梨园地铁站前巴黎小区电梯房南北通透全明两居随时可看,320万,37821元/平,高楼层 (共12层) 2室1厅 | 84.61平米 | 南 北,https://ke-image.ljcdn.com/110000-inspection/f91964b9-3493-45bf-8d0d-952a787ad393_1000.jpg!m_fill,w_280,h_210,f_jpg?from=ke.com
20241028,通州,梨园,101124779354,时尚街区西区  满五唯一三居室 诚意出售看房方便,360万,37360元/平,低楼层 (共20层) | 2003年 | 3室1厅 | 96.36平米 | 东 南 西 北,https://ke-image.ljcdn.com/110000-inspection/1c146de1-8ac4-49dc-86a0-b84b0cd883a7_1000.jpg!m_fill,w_280,h_210,f_jpg?from=ke.com
20241028,通州,梨园,101124777281,时尚街区东区 2室1厅 西北,305万,36014元/平,低楼层 (共19层) | 2007年 | 2室1厅 | 84.69平米 | 西北,https://ke-image.ljcdn.com/110000-inspection/cbf19be1-ada5-467a-bd07-29dbbe8ffee3_1000.jpg!m_fill,w_280,h_210,f_jpg?from=ke.com
20241028,通州,梨园,101124765254,新城阳光 2室1厅 南,330万,34792元/平,底层 (共15层) | 2007年 | 2室1厅 | 94.85平米 | 南,https://ke-image.ljcdn.com/110000-inspection/0de9506e-90ac-47f3-ae82-fe89ebf29878_1000.jpg!m_fill,w_280,h_210,f_jpg?from=ke.com
20241028,通州,梨园,101124728813,满五唯一地铁方便采光充足两居室视野好,405万,41939元/平,低楼层 (共13层) | 2005年 | 2室2厅 | 96.57平米 | 南 北,https://ke-image.ljcdn.com/110000-inspection/pc1_o1opxmaRR.jpg!m_fill,w_280,h_210,f_jpg?from=ke.com
20241028,通州,梨园,101124712528,总监推荐购买411万精装修采光充足高楼层视野,220万,33784元/平,高楼层 (共19层) | 2007年 | 1室1厅 | 65.12平米 | 南,https://ke-image.ljcdn.com/110000-inspection/pc1_xQJsEMZZX.jpg!m_fill,w_280,h_210,f_jpg?from=ke.com
20241028,通州,梨园,101124672317,通透1居室低楼层精装修可以拎包入住配套齐全,190万,36588元/平,底层 (共6层) 1室1厅 | 51.93平米 | 南 北,https://ke-image.ljcdn.com/110000-inspection/94170b37-592f-451c-a1df-c12d3d42d359_1000.jpg!m_fill,w_280,h_210,f_jpg?from=ke.com
20241028,通州,梨园,101124652456,满五唯一带储物间地铁7号线万胜东站,425万,41371元/平,中楼层 (共6层) 2室2厅 | 102.73平米 | 南 北,https://ke-image.ljcdn.com/110000-inspection/e66e0f4b-0018-40e2-9bee-0dff5959f9af_1000.jpg!m_fill,w_280,h_210,f_jpg?from=ke.com
20241028,通州,梨园,101124639074,云景西里南区 3室1厅 南 北,320万,28986元/平,高楼层 (共6层) 3室1厅 | 110.4平米 | 南 北,https://ke-image.ljcdn.com/110000-inspection/8f2e15e6-1178-4036-b0a1-98bd9dd94985_1000.jpg!m_fill,w_280,h_210,f_jpg?from=ke.com
20241028,通州,梨园,101124631098,时尚街区东区 3室1厅 西南房主自荐,420万,41858元/平,中楼层 (共19层) | 2007年 | 3室1厅 | 100.34平米 | 西南,https://ke-image.ljcdn.com/110000-inspection/a11b563f-e9a3-4080-be29-c59c13984032_1000.jpg!m_fill,w_280,h_210,f_jpg?from=ke.com
20241028,通州,梨园,101124629778,环球影城 电梯房 一梯三户 带南向落地阳台 采光好房主自荐,228万,42737元/平,中楼层 (共11层) | 2007年 | 1室1厅 | 53.35平米 | 南,https://ke-image.ljcdn.com/110000-inspection/65356ed2-6e07-4b81-b35e-1348a9a500f5_1000.jpg!m_fill,w_280,h_210,f_jpg?from=ke.com
20241028,通州,梨园,101124594269,当代名筑 板楼双卫 满五年 业主诚心出售价格可谈房主自荐,446万,45340元/平,中楼层 (共6层) | 2004年 | 2室1厅 | 98.37平米 | 南 北,https://ke-image.ljcdn.com/110000-inspection/3a7375c4-c984-4ca4-a9fb-9f69ceb60f88_1000.jpg!m_fill,w_280,h_210,f_jpg?from=ke.com
20241028,通州,梨园,101124591574,时尚街区满五唯一 全南向两居 采光视野好 交通便,330万,41297元/平,底层 (共13层) 2室1厅 | 79.91平米 | 南,https://ke-image.ljcdn.com/110000-inspection/pc1_gtIkQSQXH.jpg!m_fill,w_280,h_210,f_jpg?from=ke.com
20241028,通州,梨园,101124577891,11站 总监推荐 一梯两户 梨园地铁,370万,39675元/平,低楼层 (共15层) | 2005年 | 2室1厅 | 93.26平米 | 南 北,https://ke-image.ljcdn.com/110000-inspection/c068e3ac-08b5-4903-afad-b162ffb4dc44_1000.jpg!m_fill,w_280,h_210,f_jpg?from=ke.com
20241028,通州,梨园,101124569527,正对小区花园 中高楼层 满五年唯一住房 精装修,270万,46384元/平,高楼层 (共15层) | 2010年 | 1室1厅 | 58.21平米 | 西北,https://ke-image.ljcdn.com/110000-inspection/fb7f2bf7-8710-4495-9b18-9fc9a0d85687_1000.jpg!m_fill,w_280,h_210,f_jpg?from=ke.com
20241028,通州,梨园,101124517901,新通国际花园 南北通透两居室 90平内首套契税1%,409万,45648元/平,中楼层 (共15层) | 2010年 | 2室2厅 | 89.6平米 | 南 北,https://ke-image.ljcdn.com/110000-inspection/9b2414c6-508b-40c0-96a0-7e63b9cab4f9_1000.jpg!m_fill,w_280,h_210,f_jpg?from=ke.com
20241028,通州,梨园,101124482594,新城阳光 南向两居室 精装修 环球影城房主自荐,380万,40064元/平,低楼层 (共15层) | 2007年 | 2室1厅 | 94.85平米 | 南,https://ke-image.ljcdn.com/110000-inspection/db2111c0-7af5-4fa1-8f3f-30101d2aa1d7_1000.jpg!m_fill,w_280,h_210,f_jpg?from=ke.com
20241028,通州,梨园,101124467306,总监推荐商品房社区满五年唯一只有契税落地窗,286万,37697元/平,中楼层 (共19层) | 2007年 | 2室1厅 | 75.87平米 | 北,https://ke-image.ljcdn.com/110000-inspection/cdd7aed3-22af-4b2e-b980-bcf949b0b531_1000.jpg!m_fill,w_280,h_210,f_jpg?from=ke.com
20241028,通州,梨园,101124444368,幸福时光 满五年唯一客厅带落地大阳台不临街不把房主自荐,295万,32713元/平,高楼层 (共6层) | 2004年 | 2室2厅 | 90.18平米 | 南 北,https://ke-image.ljcdn.com/110000-inspection/cd373493-de3e-4c84-ab49-5090a706de1d_1000.jpg!m_fill,w_280,h_210,f_jpg?from=ke.com
20241028,通州,梨园,101124440866,通透两居 电梯双阳台楼龄新人车分流房主自荐,361万,38797元/平,顶层 (共18层) | 2010年 | 2室1厅 | 93.05平米 | 东 西,https://ke-image.ljcdn.com/110000-inspection/d70cfcc2-27e2-497b-8964-3387f55e052a_1000.jpg!m_fill,w_280,h_210,f_jpg?from=ke.com
20241028,通州,梨园,101124433116,满五唯一地铁方便采光充足两居室视野好,450万,44454元/平,中楼层 (共15层) | 2005年 | 2室1厅 | 101.23平米 | 东,https://ke-image.ljcdn.com/110000-inspection/9fc38ae2-6371-4a6a-b45b-9002404d4e76_1000.jpg!m_fill,w_280,h_210,f_jpg?from=ke.com
20241028,通州,梨园,101124412933,北京市通州区梨园群芳四园--绣江南,365万,39256元/平,中楼层 (共6层) | 2005年 | 2室2厅 | 92.98平米 | 南 北,https://ke-image.ljcdn.com/110000-inspection/b9e1a2ba-08ca-42ce-943e-c22ef000302e_1000.jpg!m_fill,w_280,h_210,f_jpg?from=ke.com
20241028,通州,梨园,101124400222,梨园东里 满五唯一  交通方便 南北通透 配套齐全,244万,32656元/平,高楼层 (共6层) 2室1厅 | 74.72平米 | 南 北,https://ke-image.ljcdn.com/110000-inspection/3291f9ff-1e94-4ed6-9ab8-25a5d3db9287_1000.jpg!m_fill,w_280,h_210,f_jpg?from=ke.com
20241028,通州,梨园,101124385414,梨园城铁 电梯房 高层南向带落地阳台 看房随时,375万,39537元/平,中楼层 (共15层) 2室1厅 | 94.85平米 | 南,https://ke-image.ljcdn.com/110000-inspection/pc1_HXYRWPvX6.jpg!m_fill,w_280,h_210,f_jpg?from=ke.com
20241028,通州,梨园,101124318176,梨园地铁200米 南北通透 精装修 1%契税 拎包入住,330万,41086元/平,高楼层 (共18层) | 2005年 | 2室1厅 | 80.32平米 | 南 北,https://ke-image.ljcdn.com/110000-inspection/42b09e08-b52e-482e-9398-2e76b2e6f42e_1000.jpg!m_fill,w_280,h_210,f_jpg?from=ke.com
20241028,通州,梨园,101124264138,满五唯一地铁方便采光充足视野好方正户型房主自荐,246万,35224元/平,低楼层 (共15层) | 2005年 | 2室1厅 | 69.84平米 | 东,https://ke-image.ljcdn.com/110000-inspection/f78ac4b9-d489-444e-bd8e-b9d572b5b971_1000.jpg!m_fill,w_280,h_210,f_jpg?from=ke.com
20241028,通州,梨园,101124245884,【满五唯一】+【南北通透】+【位置安静】+【采光足】,458万,45004元/平,低楼层 (共15层) | 2005年 | 2室1厅 | 101.77平米 | 南 北,https://ke-image.ljcdn.com/110000-inspection/34bbdf3e-d080-486f-8ed8-2e11e55086bb_1000.jpg!m_fill,w_280,h_210,f_jpg?from=ke.com
20241028,通州,梨园,101124206036,通透2居室中间楼层拎包入住配套齐全交通便利,235万,31451元/平,高楼层 (共6层) 2室1厅 | 74.72平米 | 南 北,https://ke-image.ljcdn.com/110000-inspection/0afa1302-3adb-47e9-baae-22f7dcebf1a0_1000.jpg!m_fill,w_280,h_210,f_jpg?from=ke.com
20241028,通州,梨园,101124198900,正规一室一厅 户型方正 低楼层,148万,30943元/平,底层 (共6层) 1室1厅 | 47.83平米 | 北,https://ke-image.ljcdn.com/110000-inspection/4f26fb59-e6b8-45fe-a7da-7af42b42a36f_1000.jpg!m_fill,w_280,h_210,f_jpg?from=ke.com
20241028,通州,梨园,101124183737,当代名筑 2室1厅 南,409万,47169元/平,顶层 (共12层) | 2007年 | 2室1厅 | 86.71平米 | 南,https://ke-image.ljcdn.com/110000-inspection/24853236-087c-42db-82ad-af5c80c1b86e_1000.jpg!m_fill,w_280,h_210,f_jpg?from=ke.com
20241028,通州,梨园,101124164094,云景里南大门满五唯一 高楼层 视野好 刚需自住,280万,30912元/平,高楼层 (共6层) | 2004年 | 2室1厅 | 90.58平米 | 南 北,https://ke-image.ljcdn.com/110000-inspection/8abff739-d2c4-4249-8b53-991321cf2466_1000.jpg!m_fill,w_280,h_210,f_jpg?from=ke.com
20241028,通州,梨园,101124158490,云景里南大门 小区中间位置 低楼层不临街不把边,340万,38006元/平,低楼层 (共6层) 2室2厅 | 89.46平米 | 南,https://ke-image.ljcdn.com/110000-inspection/pc1_yAf0h9NVp.jpg!m_fill,w_280,h_210,f_jpg?from=ke.com
20241028,通州,梨园,101124157752,梨园地铁 满五唯一 不临街 人车分流 落地阳台房主自荐,348万,36254元/平,高楼层 (共21层) | 2010年 | 2室1厅 | 95.99平米 | 东 西南,https://ke-image.ljcdn.com/110000-inspection/ac8329c9-c808-450b-a98b-74370ff57418_1000.jpg!m_fill,w_280,h_210,f_jpg?from=ke.com
20241028,通州,梨园,101124122653,梨园城铁 电梯房 高层 南北双通透 诚心出售看房随时,425万,38923元/平,中楼层 (共14层) | 2007年 | 3室1厅 | 109.19平米 | 南 北,https://ke-image.ljcdn.com/110000-inspection/ee70cce5-1a8d-4b8f-afa6-2caf6ff29b59_1000.jpg!m_fill,w_280,h_210,f_jpg?from=ke.com
20241028,通州,梨园,101124120032,绣江南 3室1厅 南 北,450万,39841元/平,中楼层 (共6层) | 2005年 | 3室1厅 | 112.95平米 | 南 北,https://ke-image.ljcdn.com/110000-inspection/pc1_z8RJjcYb2.jpg!m_fill,w_280,h_210,f_jpg?from=ke.com
20241028,通州,梨园,101124041064,九棵树地铁口 当代名筑高层视野好 满五年唯一,265万,40533元/平,顶层 (共12层) | 2005年 | 1室1厅 | 65.38平米 | 北,https://ke-image.ljcdn.com/110000-inspection/pc1_LWX9MjlUz_1.jpg!m_fill,w_280,h_210,f_jpg?from=ke.com
20241028,通州,梨园,101123997086,新城阳光  云景公园 电梯精装两居室房主自荐,348万,40664元/平,中楼层 (共10层) | 2007年 | 2室1厅 | 85.58平米 | 南 北,https://ke-image.ljcdn.com/110000-inspection/65e1097c-5cd0-4959-9326-d9ac568e3971_1000.jpg!m_fill,w_280,h_210,f_jpg?from=ke.com
20241028,通州,梨园,101123985652,满五年了是业主在北京的唯一住房房子没有贷款,300万,38398元/平,中楼层 (共20层) | 2003年 | 2室1厅 | 78.13平米 | 西南,https://ke-image.ljcdn.com/110000-inspection/73a92342-6f89-47a3-b8ae-5118d0e02886_1000.jpg!m_fill,w_280,h_210,f_jpg?from=ke.com
20241028,通州,梨园,101123979611,时尚街区东区   正规一居室   业主诚心出售,206万,33361元/平,中楼层 (共20层) 1室1厅 | 61.75平米 | 东北,https://ke-image.ljcdn.com/110000-inspection/pc1_yQ8AdU661_1.jpg!m_fill,w_280,h_210,f_jpg?from=ke.com
20241028,通州,梨园,101123948751,新城嘉园 2室1厅 南,329万,41369元/平,底层 (共26层) 2室1厅 | 79.53平米 | 南,https://ke-image.ljcdn.com/110000-inspection/3818a36a-955d-48d5-8612-c7f326fb05b1_1000.jpg!m_fill,w_280,h_210,f_jpg?from=ke.com
20241028,通州,梨园,101123929015,采光充足视野开阔南向落地窗。房主自荐,216万,33079元/平,中楼层 (共19层) | 2007年 | 1室1厅 | 65.3平米 | 南,https://ke-image.ljcdn.com/110000-inspection/pc1_l4NbmvX2M.jpg!m_fill,w_280,h_210,f_jpg?from=ke.com
20241028,通州,梨园,101123900043,梨园地铁 时尚街区东区 精装修 满五唯一 高楼层采光好,235万,34728元/平,高楼层 (共20层) 2室1厅 | 67.67平米 | 东南,https://ke-image.ljcdn.com/110000-inspection/da6aaa72-b95a-477a-8c2f-63698dbb716d_1000.jpg!m_fill,w_280,h_210,f_jpg?from=ke.com
20241028,通州,梨园,101123871985,桃花岛  新上一层 南北通透两居,299万,36366元/平,底层 (共6层) 2室1厅 | 82.22平米 | 南 北,https://ke-image.ljcdn.com/110000-inspection/10f4cc06-ece7-4c29-9d26-79aa07a1dbc2_1000.jpg!m_fill,w_280,h_210,f_jpg?from=ke.com
20241028,通州,梨园,101123827882,时尚街区东区  精装修  三居室  满五唯一,400万,40725元/平,中楼层 (共18层) | 2004年 | 3室1厅 | 98.22平米 | 西南,https://ke-image.ljcdn.com/110000-inspection/f96fc054-0919-42de-9b8b-767ea7c2fceb_1000.jpg!m_fill,w_280,h_210,f_jpg?from=ke.com
20241028,通州,梨园,101123826000,时尚街区东区  此房满五唯一梨园地铁,515万,41247元/平,中楼层 (共18层) | 2004年 | 3室2厅 | 124.86平米 | 西南,https://ke-image.ljcdn.com/110000-inspection/8ade3cbd-d363-4a07-bc8a-a85036bac46d_1000.jpg!m_fill,w_280,h_210,f_jpg?from=ke.com
20241028,通州,梨园,101123806988,时尚街区东区 满五唯一梨园地铁采光充足,280万,37364元/平,中楼层 (共19层) | 2007年 | 2室1厅 | 74.94平米 | 南,https://ke-image.ljcdn.com/110000-inspection/61c37e46-cc50-46de-b689-8643bfc8838a_1000.jpg!m_fill,w_280,h_210,f_jpg?from=ke.com
20241028,通州,梨园,101123723721,桃花岛 2室1厅 南 北,310万,37399元/平,高楼层 (共6层) | 2007年 | 2室1厅 | 82.89平米 | 南 北,https://ke-image.ljcdn.com/110000-inspection/161d65aa-f4cf-445e-ace1-b0b390bb3b15_1000.jpg!m_fill,w_280,h_210,f_jpg?from=ke.com
20241028,通州,梨园,101123684110,梨园城铁 电梯房 高层 南向带落地阳台 自住诚心出售,269万,44500元/平,中楼层 (共13层) | 2007年 | 1室1厅 | 60.45平米 | 西南,https://ke-image.ljcdn.com/110000-inspection/b287d213-c445-4951-b578-b378c86543e0_1000.jpg!m_fill,w_280,h_210,f_jpg?from=ke.com
20241028,通州,梨园,101123606183,梨园地铁云景里南北向精装修采光好通透舒适无浪费,278万,33689元/平,高楼层 (共6层) | 2000年 | 2室1厅 | 82.52平米 | 南 北,https://ke-image.ljcdn.com/110000-inspection/ac1490e2-8907-45b3-96a6-28297d3181e1_1000.jpg!m_fill,w_280,h_210,f_jpg?from=ke.com
20241028,通州,梨园,101123602709,环球影城 全明格局小区三居室 刚需优选 即将改造,288万,26087元/平,高楼层 (共6层) | 1998年 | 3室1厅 | 110.4平米 | 南 北,https://ke-image.ljcdn.com/110000-inspection/pc1_QRV1GVJuE.jpg!m_fill,w_280,h_210,f_jpg?from=ke.com
20241028,通州,梨园,101123586527,新通国际花园 2室1厅 南 北,529万,51265元/平,高楼层 (共6层) | 2009年 | 2室1厅 | 103.19平米 | 南 北,https://ke-image.ljcdn.com/110000-inspection/9602ab2e-59d2-4d6a-b358-8fe1eed97bdc_1000.jpg!m_fill,w_280,h_210,f_jpg?from=ke.com
20241028,通州,梨园,101123543904,正规南向两居室 户型方正 采光好 近地铁 满五唯一,415万,51197元/平,底层 (共21层) | 2009年 | 2室1厅 | 81.06平米 | 南,https://ke-image.ljcdn.com/110000-inspection/pc1_zZuPzYCfc.jpg!m_fill,w_280,h_210,f_jpg?from=ke.com
20241028,通州,梨园,101123539962,此房满五年唯一南北通透格局好采光视野好,243万,30049元/平,顶层 (共6层) 2室1厅 | 80.87平米 | 南 北,https://ke-image.ljcdn.com/110000-inspection/75a245bb-8277-4f79-bd03-6a62df7d1d0c_1000.jpg!m_fill,w_280,h_210,f_jpg?from=ke.com
20241028,通州,梨园,101123471070,云景里南北通透改造示范社区满五唯一房主自荐,256万,29932元/平,高楼层 (共6层) | 1995年 | 2室1厅 | 85.53平米 | 南 北,https://ke-image.ljcdn.com/110000-inspection/d878feb6-d7b6-4069-826d-f81b7800cf69_1000.jpg!m_fill,w_280,h_210,f_jpg?from=ke.com
20241028,通州,梨园,101123444694,梨花园 2室1厅 南 北,275万,37339元/平,中楼层 (共6层) 2室1厅 | 73.65平米 | 南 北,https://ke-image.ljcdn.com/110000-inspection/b79128d8-8e8e-4084-bee6-022cfff67a97_1000.jpg!m_fill,w_280,h_210,f_jpg?from=ke.com
20241028,通州,梨园,101123432036,云景里南大门 精装修大两居 拎包入住房主自荐,330万,36814元/平,顶层 (共6层) 2室1厅 | 89.64平米 | 南 北,https://ke-image.ljcdn.com/110000-inspection/eb77ab7c-48e9-45f6-89d9-7769a63ac81b_1000.jpg!m_fill,w_280,h_210,f_jpg?from=ke.com
20241028,通州,梨园,101123174623,当代名筑 北向一居室 落地窗 户型方正,230万,49442元/平,底层 (共12层) | 2007年 | 1室1厅 | 46.52平米 | 北,https://ke-image.ljcdn.com/110000-inspection/a58998c0-88b4-4402-a6bd-c41926614af3_1000.jpg!m_fill,w_280,h_210,f_jpg?from=ke.com
20241028,通州,梨园,101123142178,当代名筑正规一室一厅拎包入住落地窗中间层房主自荐,245万,46783元/平,中楼层 (共12层) | 2007年 | 1室1厅 | 52.37平米 | 西,https://ke-image.ljcdn.com/110000-inspection/pc1_fWMhq7P8A_1.jpg!m_fill,w_280,h_210,f_jpg?from=ke.com
20241028,通州,梨园,101123137734,梨园东里 1室1厅 南 北,215万,41402元/平,低楼层 (共6层) 1室1厅 | 51.93平米 | 南 北,https://ke-image.ljcdn.com/110000-inspection/3be4ab78-5338-4cc8-a56e-8c5216a7bffb_1000.jpg!m_fill,w_280,h_210,f_jpg?from=ke.com
20241028,通州,梨园,101123133484,梨园地铁满五年唯一商品房带电梯电梯中间楼层房主自荐,299万,35532元/平,中楼层 (共19层) | 2007年 | 2室2厅 | 84.15平米 | 东北,https://ke-image.ljcdn.com/110000-inspection/9055c8b2-c3e0-41d1-8650-6f2c69ffd4b3_1000.jpg!m_fill,w_280,h_210,f_jpg?from=ke.com
20241028,通州,梨园,101123121359,公庄小区 1室0厅 南,180万,36416元/平,中楼层 (共7层) 1室0厅 | 49.43平米 | 南,https://ke-image.ljcdn.com/110000-inspection/a262c5c8-047c-4513-92cc-32d95f7d5b9e_1000.jpg!m_fill,w_280,h_210,f_jpg?from=ke.com
20241028,通州,梨园,101123088713,幸福时光 南北通透满五唯一 板楼中间层,352万,36159元/平,中楼层 (共5层) 2室2厅 | 97.35平米 | 南 北,https://ke-image.ljcdn.com/110000-inspection/pc1_iGfUQH56k.jpg!m_fill,w_280,h_210,f_jpg?from=ke.com
20241028,通州,梨园,101123079713,梨园小镇  梨园地铁 诚心卖 满五唯一房主自荐,279万,43690元/平,低楼层 (共15层) | 2005年 | 1室1厅 | 63.86平米 | 西,https://ke-image.ljcdn.com/110000-inspection/664cf38f-fdd7-46b5-b15a-b1951fcab72c_1000.jpg!m_fill,w_280,h_210,f_jpg?from=ke.com
20241028,通州,梨园,101123039043,时尚街区东区 梨园地铁满五唯一,270万,43725元/平,中楼层 (共20层) | 2003年 | 1室1厅 | 61.75平米 | 东北,https://ke-image.ljcdn.com/110000-inspection/67d3ddbd-8ea2-4163-b196-e4493fc153b9_1000.jpg!m_fill,w_280,h_210,f_jpg?from=ke.com
20241028,通州,梨园,101123006023,金桥时代 大三居 近地铁 配套全,448万,33364元/平,高楼层 (共6层) | 2004年 | 3室1厅 | 134.28平米 | 南 北,https://ke-image.ljcdn.com/110000-inspection/83dd1ec6-0fa0-492b-9f8d-725d9ca49376_1000.jpg!m_fill,w_280,h_210,f_jpg?from=ke.com
20241028,通州,梨园,101122936668,时尚街区东区 1室1厅 南,245万,37704元/平,低楼层 (共19层) | 2007年 | 1室1厅 | 64.98平米 | 南,https://ke-image.ljcdn.com/110000-inspection/pc1_BjBDmQ6kO.jpg!m_fill,w_280,h_210,f_jpg?from=ke.com
20241028,通州,梨园,101122935378,11站 2室1厅 东南,245万,38300元/平,高楼层 (共18层) | 2005年 | 2室1厅 | 63.97平米 | 东南,https://ke-image.ljcdn.com/110000-inspection/pc1_sAOndwq79.jpg!m_fill,w_280,h_210,f_jpg?from=ke.com
20241028,通州,梨园,101122849981,【满五唯一】+【南北通透】+【明厨明卫】+【采光足】,650万,54172元/平,低楼层 (共6层) | 2009年 | 3室2厅 | 119.99平米 | 南 北,https://ke-image.ljcdn.com/110000-inspection/pc1_FB7XcA69F.jpg!m_fill,w_280,h_210,f_jpg?from=ke.com
20241028,通州,梨园,101122826434,新城嘉园 3室2厅 南 北,345万,35774元/平,高楼层 (共28层) 3室2厅 | 96.44平米 | 南 北,https://ke-image.ljcdn.com/110000-inspection/d364de2f-84da-467f-88d3-17f21ebdb035_1000.jpg!m_fill,w_280,h_210,f_jpg?from=ke.com
20241028,通州,梨园,101122815604,户型方正南北朝向客厅带窗户采光不错,275万,36444元/平,中楼层 (共7层) 2室1厅 | 75.46平米 | 南 北,https://ke-image.ljcdn.com/110000-inspection/aff8b225-fc14-48d6-a7e8-05b49d57f9f6_1000.jpg!m_fill,w_280,h_210,f_jpg?from=ke.com
20241028,通州,梨园,101122722118,三面向阳通透三居独立餐厅主卧20平房主自荐,498万,39315元/平,高楼层 (共6层) 3室2厅 | 126.67平米 | 南 北,https://ke-image.ljcdn.com/110000-inspection/ee24eddd-502a-4455-aa8b-28c574085089_1000.jpg!m_fill,w_280,h_210,f_jpg?from=ke.com
20241028,通州,梨园,101122676925,时尚街区大两居 满五唯一 电梯高层 双卧朝南 落地窗,423万,40502元/平,高楼层 (共13层) 2室1厅 | 104.44平米 | 东 南,https://ke-image.ljcdn.com/110000-inspection/8427d3e4-aca7-481c-aee6-312514e664ff_1000.jpg!m_fill,w_280,h_210,f_jpg?from=ke.com
20241028,通州,梨园,101122674680,新城嘉园  南向两居 诚心出售,360万,45034元/平,高楼层 (共17层) 2室1厅 | 79.94平米 | 南,https://ke-image.ljcdn.com/110000-inspection/dcf6da01-2a49-4bc2-8cfb-f0b3e3ad87c7_1000.jpg!m_fill,w_280,h_210,f_jpg?from=ke.com
20241028,通州,梨园,101122649701,时尚街区东区   南北三居室  满五唯一  低楼层,420万,34789元/平,底层 (共13层) | 2005年 | 3室1厅 | 120.73平米 | 南 北,https://ke-image.ljcdn.com/110000-inspection/750bff43-c853-4966-993d-9db18230bebc_1000.jpg!m_fill,w_280,h_210,f_jpg?from=ke.com
20241028,通州,梨园,101122503177,满五年唯一楼层高精装修看房效果很好业主自住房主自荐,255万,34028元/平,中楼层 (共19层) | 2007年 | 2室1厅 | 74.94平米 | 南,https://ke-image.ljcdn.com/110000-inspection/2f3eebef-5d4e-4bd8-9094-d8181038eab0_1000.jpg!m_fill,w_280,h_210,f_jpg?from=ke.com
20241028,通州,梨园,101122492642,桃花岛南北通透三居室户型方正无遮挡,421万,39040元/平,顶层 (共6层) | 2008年 | 3室1厅 | 107.84平米 | 南 北,https://ke-image.ljcdn.com/110000-inspection/537670b9-23cf-4147-a95b-30faa7b1c0c0_1000.jpg!m_fill,w_280,h_210,f_jpg?from=ke.com
20241028,通州,梨园,101122488365,梨花园经典两居南北通透业主诚心出售,340万,35987元/平,中楼层 (共6层) 2室1厅 | 94.48平米 | 南 北,https://ke-image.ljcdn.com/110000-inspection/pc1_JnaJvO2OE.jpg!m_fill,w_280,h_210,f_jpg?from=ke.com
20241028,通州,梨园,101122419158,时尚街区东区 梨园地铁 不临街 南向采光好 满五唯一,237万,36395元/平,中楼层 (共19层) | 2007年 | 1室1厅 | 65.12平米 | 南,https://ke-image.ljcdn.com/110000-inspection/48bbbacc-a092-43ec-b488-d6c194adaf40_1000.jpg!m_fill,w_280,h_210,f_jpg?from=ke.com
20241028,通州,梨园,101122406060,即将改造社区 两居两卫精装修拎包住 配套齐全房主自荐,318万,35707元/平,高楼层 (共6层) 2室1厅 | 89.06平米 | 南 北,https://ke-image.ljcdn.com/110000-inspection/b216c4d8-e108-4555-8c38-6b822b417ccf_1000.jpg!m_fill,w_280,h_210,f_jpg?from=ke.com
20241028,通州,梨园,101122166544,梨园西里   正规两居室  南北通透户型  通风好,220万,33629元/平,顶层 (共6层) 2室1厅 | 65.42平米 | 南 北,https://ke-image.ljcdn.com/110000-inspection/pc1_Ji6OqmcNY.jpg!m_fill,w_280,h_210,f_jpg?from=ke.com
20241028,通州,梨园,101121965642,梨园地铁高楼层南北通透2居   满5唯一采光充足,329万,42556元/平,高楼层 (共26层) 2室1厅 | 77.31平米 | 南 北,https://ke-image.ljcdn.com/110000-inspection/40f8a502-258e-4bae-9b33-fc9b2e1cd7d1_1000.jpg!m_fill,w_280,h_210,f_jpg?from=ke.com
20241028,通州,梨园,101121699510,云景里南大门 梨园试点社区 南北通透两居室房主自荐,238万,32163元/平,顶层 (共6层) 2室1厅 | 74平米 | 南 北,https://ke-image.ljcdn.com/110000-inspection/560a6848-0c16-4561-99ea-413ab9ecd7f1_1000.jpg!m_fill,w_280,h_210,f_jpg?from=ke.com
20241028,通州,梨园,101121520113,时尚街区东区楼层高无遮挡采光充足视野好,320万,42183元/平,中楼层 (共19层) | 2007年 | 2室1厅 | 75.86平米 | 北,https://ke-image.ljcdn.com/110000-inspection/fa467122-32bb-46ed-aa68-c3153bce88ce_1000.jpg!m_fill,w_280,h_210,f_jpg?from=ke.com
20241028,通州,梨园,101121509881,梨花园 2室1厅 南 北,380万,40221元/平,底层 (共6层) 2室1厅 | 94.48平米 | 南 北,https://ke-image.ljcdn.com/110000-inspection/pc1_ujsvE0IUq.jpg!m_fill,w_280,h_210,f_jpg?from=ke.com
20241028,通州,梨园,101121280463,【满五唯一】+【对花园】+【位置安静】+【落地阳台】,329万,51127元/平,中楼层 (共15层) | 2009年 | 1室1厅 | 64.35平米 | 南,https://ke-image.ljcdn.com/110000-inspection/28672a3f-3797-4f3f-9d1b-c3748eb82410_1000.jpg!m_fill,w_280,h_210,f_jpg?from=ke.com
20241028,通州,梨园,101121171250,新通国际花园不临街朝小区花园,415万,42665元/平,高楼层 (共18层) | 2010年 | 2室1厅 | 97.27平米 | 东 西南,https://ke-image.ljcdn.com/110000-inspection/21c9bf4c-75ee-4002-b6f5-484c035cbf73_1000.jpg!m_fill,w_280,h_210,f_jpg?from=ke.com
20241028,通州,梨园,101121151645,时尚街区东区  两居室   户型方正  梨园地铁,350万,39225元/平,高楼层 (共19层) | 2007年 | 2室1厅 | 89.23平米 | 西南,https://ke-image.ljcdn.com/110000-inspection/2cd03142-d9a7-4612-b0bc-227befd0fa17_1000.jpg!m_fill,w_280,h_210,f_jpg?from=ke.com
20241028,通州,梨园,101120973451,新城嘉园南北通透精装修三居室满五唯一房主自荐,365万,40014元/平,高楼层 (共28层) 3室1厅 | 91.22平米 | 南 北,https://ke-image.ljcdn.com/110000-inspection/6a5d4693-e71e-47ab-97ae-152ae26eb457_1000.jpg!m_fill,w_280,h_210,f_jpg?from=ke.com
20241028,通州,梨园,101120950995,商业齐全生活便利；临近地铁出行高效,230万,40629元/平,中楼层 (共6层) 2室1厅 | 56.61平米 | 南 北,https://ke-image.ljcdn.com/110000-inspection/d14692b2-80ca-4ade-bcdd-b8ba07b83331_1000.jpg!m_fill,w_280,h_210,f_jpg?from=ke.com
20241028,通州,梨园,101120950601,商业齐全生活便利；临近地铁出行高效,220万,39209元/平,顶层 (共4层) 2室1厅 | 56.11平米 | 南,https://ke-image.ljcdn.com/110000-inspection/5aaf07b5-00a1-4771-98d7-0897a93855b3_1000.jpg!m_fill,w_280,h_210,f_jpg?from=ke.com
20241028,通州,梨园,101120866736,时尚街区东区  两居室 满五唯一  诚心出售  梨园地铁,320万,38982元/平,中楼层 (共20层) 2室1厅 | 82.09平米 | 东北,https://ke-image.ljcdn.com/110000-inspection/9736c764-a59f-4eed-8467-21d6d2328ee3_1000.jpg!m_fill,w_280,h_210,f_jpg?from=ke.com
20241028,通州,梨园,101120751498,时尚街区东区  三居室诚信出售房主自荐,339万,34981元/平,高楼层 (共20层) 3室1厅 | 96.91平米 | 东南,https://ke-image.ljcdn.com/110000-inspection/7fc14d9d-cc3d-454f-b566-d7747bba9f69_1000.jpg!m_fill,w_280,h_210,f_jpg?from=ke.com
20241028,通州,梨园,101120526435,桃花岛近环球影城生活设施便利采光好环境宜人居住,355万,43026元/平,高楼层 (共6层) 2室1厅 | 82.51平米 | 南 北,https://ke-image.ljcdn.com/110000-inspection/pc1_wyYg0AGvU.jpg!m_fill,w_280,h_210,f_jpg?from=ke.com
20241028,通州,梨园,101120500574,时尚街区东区南北通透视野开阔,350万,44360元/平,顶层 (共10层) 2室1厅 | 78.9平米 | 南 北,https://ke-image.ljcdn.com/110000-inspection/94702a91-a918-4a50-ae5b-1f22cd232919_1000.jpg!m_fill,w_280,h_210,f_jpg?from=ke.com
20241028,通州,梨园,101120375671,桃花岛 顶层三居室    使用面积大  视野好,313万,35456元/平,顶层 (共6层) | 2007年 | 3室2厅 | 88.28平米 | 南 西 北,https://ke-image.ljcdn.com/110000-inspection/34d3f054-0d1f-4765-a28a-a32363c9c654_1000.jpg!m_fill,w_280,h_210,f_jpg?from=ke.com
20241028,通州,梨园,101120072017,商品房社区只有契税户型方正采光好落地窗房主自荐,325万,42843元/平,中楼层 (共19层) | 2007年 | 2室1厅 | 75.86平米 | 北,https://ke-image.ljcdn.com/110000-inspection/da528a36-82df-4ae5-b4a7-17904e9d3067_1000.jpg!m_fill,w_280,h_210,f_jpg?from=ke.com
20241028,通州,梨园,101119950362,时尚街区东区  满五唯一 梨园地铁 诚心出售,173万,35185元/平,底层 (共13层) | 2005年 | 1室1厅 | 49.17平米 | 南,https://ke-image.ljcdn.com/110000-inspection/c701381d-1366-400a-93a1-fa3817ac862d_1000.jpg!m_fill,w_280,h_210,f_jpg?from=ke.com
20241028,通州,梨园,101119730899,梨园地铁南北通透板楼两居 只有契税 电梯高层,300万,38876元/平,高楼层 (共28层) 2室1厅 | 77.17平米 | 南 北,https://ke-image.ljcdn.com/110000-inspection/c421f382-fa2d-4f94-8b0a-25de39b42335_1000.jpg!m_fill,w_280,h_210,f_jpg?from=ke.com
20241028,通州,梨园,101119396040,梨园地铁带独立餐厅满五年唯一户型方正,549万,41999元/平,低楼层 (共10层) | 2004年 | 3室2厅 | 130.72平米 | 东 南 北,https://ke-image.ljcdn.com/110000-inspection/a960e426-2cd2-4f03-89f7-c9fde196808c_1000.jpg!m_fill,w_280,h_210,f_jpg?from=ke.com
20241028,通州,梨园,101118138293,梨园城铁步行400米 大社区 板楼南北通透 停车自,450万,39488元/平,底层 (共6层) 3室1厅 | 113.96平米 | 南 北,https://ke-image.ljcdn.com/110000-inspection/d7dcf6b3-0561-4656-b2fd-8a8a4cfcd633_1000.jpg!m_fill,w_280,h_210,f_jpg?from=ke.com
20241028,通州,梨园,101118137321,商品房  板楼公摊小  南北通透三居室  采光充足,408万,29967元/平,高楼层 (共6层) | 2001年 | 3室2厅 | 136.15平米 | 南 北,https://ke-image.ljcdn.com/110000-inspection/pc1_kor2lt4PP_1.jpg!m_fill,w_280,h_210,f_jpg?from=ke.com
20241028,通州,梨园,101116596491,新通国际花园 大两居室 不临街 满五唯一 人车分流,330万,33871元/平,中楼层 (共18层) 2室1厅 | 97.43平米 | 南 西 北,https://ke-image.ljcdn.com/110000-inspection/fc835fbb-b30d-4c63-8137-6da0f08fb23d_1000.jpg!m_fill,w_280,h_210,f_jpg?from=ke.com
20241028,通州,梨园,101127253906,桃花岛 南北通透 双卫两居室 次顶层 采光好新上,349万,34432元/平,高楼层 (共6层) 2室2厅 | 101.36平米 | 南 北,https://ke-image.ljcdn.com/110000-inspection/ab419da1-c788-47fd-9aef-3529fd889b76_1000.jpg!m_fill,w_280,h_210,f_jpg?from=ke.com
20241028,通州,梨园,101127249689,满五唯一 全明户型 梨园商区生活便利 板楼无电梯新上,255万,34770元/平,顶层 (共7层) | 2004年 | 2室1厅 | 73.34平米 | 南 北,https://ke-image.ljcdn.com/110000-inspection/93db9668-4da9-4d47-9d1f-b4d346d087bb_1000.jpg!m_fill,w_280,h_210,f_jpg?from=ke.com
20241028,通州,梨园,101127247197,时尚街区东区 1室1厅 南新上,234万,38062元/平,低楼层 (共20层) | 2003年 | 1室1厅 | 61.48平米 | 南,https://ke-image.ljcdn.com/110000-inspection/01f5babb-515c-499c-960d-5a27c569132d_1000.jpg!m_fill,w_280,h_210,f_jpg?from=ke.com
20241028,通州,梨园,101127234718,时尚街区东区梨园地铁南北通透一梯四户新上,359万,37230元/平,低楼层 (共13层) | 2005年 | 2室1厅 | 96.43平米 | 北 南,https://ke-image.ljcdn.com/110000-inspection/4a042948-bc5d-4269-a57a-f0a57e57c8e7_1000.jpg!m_fill,w_280,h_210,f_jpg?from=ke.com
20241028,通州,梨园,101127231658,梨园小镇一层 南北通透精装修 满五唯一拎包入住新上,518万,46404元/平,底层 (共15层) | 2005年 | 2室1厅 | 111.63平米 | 南 北,https://ke-image.ljcdn.com/110000-inspection/61d00688-ec9b-4337-af20-0ae0e0cca405_1000.jpg!m_fill,w_280,h_210,f_jpg?from=ke.com
20241028,通州,梨园,101127201697,新通国际花园 梨园地铁 精装两居室 全天采光新上,359万,49004元/平,高楼层 (共14层) | 2010年 | 2室1厅 | 73.26平米 | 南,https://ke-image.ljcdn.com/110000-inspection/a23822bb-64f2-4788-bd6e-a5ae22768e93_1000.jpg!m_fill,w_280,h_210,f_jpg?from=ke.com
20241028,通州,梨园,101127196626,新城阳光 2室1厅 南 北新上,300万,40872元/平,底层 (共15层) 2室1厅 | 73.4平米 | 南 北,https://ke-image.ljcdn.com/110000-inspection/526f1963-db66-4efb-a96f-c7bbfd3adefe_1000.jpg!m_fill,w_280,h_210,f_jpg?from=ke.com
20241028,通州,梨园,101127194817,梨花园 精装两居室 中楼层 好位置不临街 满五唯一新上,238万,36160元/平,中楼层 (共6层) | 1999年 | 2室1厅 | 65.82平米 | 北,https://ke-image.ljcdn.com/110000-inspection/pc1_dQ0zObxhi_1.jpg!m_fill,w_280,h_210,f_jpg?from=ke.com
20241028,通州,梨园,101127187307,梨园地铁300米11站南向方正一居室光照充足采光好新上,279万,41842元/平,中楼层 (共18层) | 2005年 | 1室1厅 | 66.68平米 | 南,https://ke-image.ljcdn.com/110000-inspection/pc1_pHXw4vG20.jpg!m_fill,w_280,h_210,f_jpg?from=ke.com
20241028,通州,梨园,101127177839,梨园小镇电梯复式 上下两层 单独入户 满五唯一新上,399万,57435元/平,高楼层 (共15层) | 2005年 | 5室2厅 | 69.47平米 | 东 北,https://ke-image.ljcdn.com/110000-inspection/4eb23ae2-a4af-4565-9aa9-b3db43548318_1000.jpg!m_fill,w_280,h_210,f_jpg?from=ke.com
20241028,通州,梨园,101127173969,梨园小镇 1室1厅 东新上,295万,42723元/平,高楼层 (共15层) | 2005年 | 1室1厅 | 69.05平米 | 东,https://ke-image.ljcdn.com/110000-inspection/fcc08aa7-00db-4c86-9e19-b714a3b1a54b_1000.jpg!m_fill,w_280,h_210,f_jpg?from=ke.com
20241028,通州,梨园,101127163183,此房满五 通透两居 格局无浪费 采光好低楼层新上,338万,37514元/平,低楼层 (共18层) | 2010年 | 2室1厅 | 90.1平米 | 南 北,https://ke-image.ljcdn.com/110000-inspection/pc1_GXuDq4b8R.jpg!m_fill,w_280,h_210,f_jpg?from=ke.com
20241028,通州,梨园,101127136635,此房满五唯一南北通透全明格局带GE楼~装修房主自荐,216万,31464元/平,顶层 (共6层) 2室1厅 | 68.65平米 | 南 北,https://ke-image.ljcdn.com/110000-inspection/pc1_2lV3Yexsy.jpg!m_fill,w_280,h_210,f_jpg?from=ke.com
20241028,通州,梨园,101127133777,梨园小镇满五唯一 首付65万以内即可入住运河两居室,378万,39491元/平,高楼层 (共15层) | 2005年 | 2室1厅 | 95.72平米 | 东,https://ke-image.ljcdn.com/110000-inspection/9531adc5-bf12-4b7f-abc1-3e5cdfad34f8_1000.jpg!m_fill,w_280,h_210,f_jpg?from=ke.com
20241028,通州,梨园,101127132533,新通国际花园地铁站 满五年唯一东西通透楼层好,360万,39956元/平,中楼层 (共18层) | 2010年 | 2室1厅 | 90.1平米 | 东 西,https://ke-image.ljcdn.com/110000-inspection/5ef00904-94e7-473a-b9c5-c6f1b086b332_1000.jpg!m_fill,w_280,h_210,f_jpg?from=ke.com
20241028,通州,梨园,101127129897,公庄小区 3室2厅 南 北,329万,28015元/平,高楼层 (共7层) | 2002年 | 3室2厅 | 117.44平米 | 南 北,https://ke-image.ljcdn.com/110000-inspection/3a0df903-d0de-4938-bb83-337af530ac89_1000.jpg!m_fill,w_280,h_210,f_jpg?from=ke.com
20241028,通州,梨园,101127113601,新通国际花园 满五唯一 梨园地铁 精装修 不临街,320万,42424元/平,低楼层 (共28层) | 2009年 | 1室1厅 | 75.43平米 | 东 北,https://ke-image.ljcdn.com/110000-inspection/pc1_hWKcOisFS.jpg!m_fill,w_280,h_210,f_jpg?from=ke.com
20241028,通州,梨园,101127109378,万盛东地铁 桃花岛绣江南30万精装修 通透2居,358万,38695元/平,高楼层 (共6层) 2室2厅 | 92.52平米 | 南 北,https://ke-image.ljcdn.com/110000-inspection/aa8cf997-9ed7-46f0-9e3d-db82ecd3374d_1000.jpg!m_fill,w_280,h_210,f_jpg?from=ke.com
20241028,通州,梨园,101127090014,时尚街区东区 2室1厅 东 南 北,349万,35533元/平,低楼层 (共18层) | 2004年 | 2室1厅 | 98.22平米 | 东 南 北,https://ke-image.ljcdn.com/110000-inspection/9455028b-73d6-4063-bd57-efc8958ad552_1000.jpg!m_fill,w_280,h_210,f_jpg?from=ke.com
20241028,通州,梨园,101127078949,桃花岛带一个外露的小阳台南北通透全明户型,350万,41982元/平,顶层 (共6层) 2室1厅 | 83.37平米 | 南 北,https://ke-image.ljcdn.com/110000-inspection/22d16167-5920-4709-b8fb-b232ec1d0cbe_1000.jpg!m_fill,w_280,h_210,f_jpg?from=ke.com
20241028,通州,梨园,101127066916,梨花园地铁口 正规两居 南北通透 配套齐全 采光好,298万,31113元/平,高楼层 (共7层) 2室2厅 | 95.78平米 | 南 北,https://ke-image.ljcdn.com/110000-inspection/pc1_7fI81QhFg.jpg!m_fill,w_280,h_210,f_jpg?from=ke.com
20241028,通州,梨园,101127063688,梨花园 南北通透 满五年唯一 好户型三居 诚心卖,436万,34579元/平,顶层 (共6层) 3室1厅 | 126.09平米 | 北 南,https://ke-image.ljcdn.com/110000-inspection/9d7f2c1f-8c43-450e-8dba-66341db8e217_1000.jpg!m_fill,w_280,h_210,f_jpg?from=ke.com
20241028,通州,梨园,101127063408,近梨园地铁站近梨园商圈拎包入住时尚街区西区。,350万,37502元/平,低楼层 (共20层) | 2003年 | 3室1厅 | 93.33平米 | 西南,https://ke-image.ljcdn.com/110000-inspection/f47d7596-61d1-4773-a815-122968c88f73_1000.jpg!m_fill,w_280,h_210,f_jpg?from=ke.com
20241028,通州,梨园,101127061216,满五唯一 户型方正 前后无遮挡 小两居 诚心卖,245万,32619元/平,高楼层 (共7层) 2室1厅 | 75.11平米 | 南 北,https://ke-image.ljcdn.com/110000-inspection/c2658bf3-718b-4e14-b43b-826b4dec5459_1000.jpg!m_fill,w_280,h_210,f_jpg?from=ke.com
20241028,通州,梨园,101127060606,梨花园精装修大两居业主诚心出售,420万,38423元/平,中楼层 (共6层) | 1999年 | 3室1厅 | 109.31平米 | 南 北,https://ke-image.ljcdn.com/110000-inspection/1198acf6-f342-4aed-a593-f2cbe1b3a60c_1000.jpg!m_fill,w_280,h_210,f_jpg?from=ke.com
20241028,通州,梨园,101127055252,梨花园 2室1厅 南 北,239万,38450元/平,中楼层 (共6层) 2室1厅 | 62.16平米 | 南 北,https://ke-image.ljcdn.com/110000-inspection/pc1_fbEJiueqd_1.jpg!m_fill,w_280,h_210,f_jpg?from=ke.com
20241028,通州,梨园,101127033637,梨园  玉桥  梨园东里精装两居室,198万,26499元/平,顶层 (共6层) 2室1厅 | 74.72平米 | 南 北,https://ke-image.ljcdn.com/110000-inspection/pc1_vIFsvyLAX_1.jpg!m_fill,w_280,h_210,f_jpg?from=ke.com
20241028,通州,梨园,101127002981,梨园地铁  电梯房2居 东南朝向 满5唯一 诚售新上,255万,32597元/平,低楼层 (共20层) | 2003年 | 2室1厅 | 78.23平米 | 东南,https://ke-image.ljcdn.com/110000-inspection/14d38e9b-9667-4e23-9d71-7ce954626211_1000.jpg!m_fill,w_280,h_210,f_jpg?from=ke.com
20241028,通州,梨园,101126973602,新通国际花园 2室1厅 南,485万,49075元/平,高楼层 (共21层) | 2009年 | 2室1厅 | 98.83平米 | 南,https://ke-image.ljcdn.com/110000-inspection/a6d135b1-cdb6-4d19-a8a1-ce765c425dfa_1000.jpg!m_fill,w_280,h_210,f_jpg?from=ke.com
20241028,通州,梨园,101126954771,新通国际花园 2室1厅 北,221万,42905元/平,中楼层 (共21层) | 2010年 | 2室1厅 | 51.51平米 | 北,https://ke-image.ljcdn.com/110000-inspection/4ab7bfe7-9527-4ca4-b2b3-0d7313ac3db0_1000.jpg!m_fill,w_280,h_210,f_jpg?from=ke.com
20241028,通州,梨园,101126944452,新城阳光 3室1厅 东南 北,458万,39799元/平,中楼层 (共13层) 3室1厅 | 115.08平米 | 东南 北,https://ke-image.ljcdn.com/110000-inspection/7761a59d-b574-4cba-a94d-9c181f42d20d_1000.jpg!m_fill,w_280,h_210,f_jpg?from=ke.com
20241028,通州,梨园,101126940234,新通国际花园 精装修电梯一居 落地窗阳台 有燃气,219万,41979元/平,中楼层 (共18层) | 2010年 | 1室0厅 | 52.17平米 | 西南,https://ke-image.ljcdn.com/110000-inspection/1d92ac71-8970-4c96-9d1a-566f4330ddc6_1000.jpg!m_fill,w_280,h_210,f_jpg?from=ke.com
20241028,通州,梨园,101126925327,梨园东里大三居室125.9平 业主诚心出售！,450万,35743元/平,低楼层 (共6层) | 1997年 | 4室1厅 | 125.9平米 | 南 北,https://ke-image.ljcdn.com/110000-inspection/pc1_z2RLOQHdV.jpg!m_fill,w_280,h_210,f_jpg?from=ke.com
20241028,通州,梨园,101126906060,云景里南大门 精装南北通透两居 满五唯一,278万,31118元/平,高楼层 (共6层) 2室2厅 | 89.34平米 | 南 北,https://ke-image.ljcdn.com/110000-inspection/013066c2-d354-474e-9daf-f7336d523916_1000.jpg!m_fill,w_280,h_210,f_jpg?from=ke.com
20241028,通州,梨园,101126897466,梨花园  正规两居  近地铁,345万,35848元/平,高楼层 (共6层) 2室1厅 | 96.24平米 | 南 北,https://ke-image.ljcdn.com/110000-inspection/d7b67c79-552b-49ce-8d45-fea62b92a0a2_1000.jpg!m_fill,w_280,h_210,f_jpg?from=ke.com
20241028,通州,梨园,101126892219,云景里南大门 1室1厅 西北,209万,32090元/平,高楼层 (共6层) 1室1厅 | 65.13平米 | 西北,https://ke-image.ljcdn.com/110000-inspection/7e382800-e350-4b7e-8a99-272faa57550a_1000.jpg!m_fill,w_280,h_210,f_jpg?from=ke.com
20241028,通州,梨园,101126859570,南北通透 户型方正 采光好 没有遮挡 中间楼层,310万,34089元/平,中楼层 (共6层) | 2004年 | 2室2厅 | 90.94平米 | 南 北,https://ke-image.ljcdn.com/110000-inspection/e94fc883-fa05-4655-ad86-15cde80ce7bf_1000.jpg!m_fill,w_280,h_210,f_jpg?from=ke.com
20241028,通州,梨园,101126802447,云景里南大门 南北通透大一居 好楼层 业主诚售,235万,29583元/平,低楼层 (共6层) 1室1厅 | 79.44平米 | 南 北,https://ke-image.ljcdn.com/110000-inspection/84fdf683-71fb-453a-8218-6ba73f97851f_1000.jpg!m_fill,w_280,h_210,f_jpg?from=ke.com
20241028,通州,梨园,101126795497,运河 南北通透两居室 明卫 有密码 随时可以看房房主自荐,445万,46350元/平,底层 (共13层) | 2005年 | 2室1厅 | 96.01平米 | 南 北,https://ke-image.ljcdn.com/110000-inspection/0a279d9d-0686-4583-8158-77cf4d7c802b_1000.jpg!m_fill,w_280,h_210,f_jpg?from=ke.com
20241028,通州,梨园,101126787509,时尚街区东区优质房源满五唯一南向采光充足,350万,39098元/平,中楼层 (共10层) | 2004年 | 2室1厅 | 89.52平米 | 南,https://ke-image.ljcdn.com/110000-inspection/pc1_K6WqmXTRO.jpg!m_fill,w_280,h_210,f_jpg?from=ke.com
20241028,通州,梨园,101126733391,梨花园 南北通透 满五唯一 高楼层 采光好,270万,35948元/平,高楼层 (共7层) 2室1厅 | 75.11平米 | 南 北,https://ke-image.ljcdn.com/110000-inspection/pc1_cAWr2fQiB_1.jpg!m_fill,w_280,h_210,f_jpg?from=ke.com
20241028,通州,梨园,101126700237,新通国际花园正规一居室 地铁 高楼层 采光好人车分,245万,41960元/平,高楼层 (共18层) 1室1厅 | 58.39平米 | 南,https://ke-image.ljcdn.com/110000-inspection/e93a2ef4-70f7-4045-bb96-aa210b367635_1000.jpg!m_fill,w_280,h_210,f_jpg?from=ke.com
20241028,通州,梨园,101126672533,桃花岛 3室1厅 南 北,350万,32625元/平,顶层 (共6层) | 2007年 | 3室1厅 | 107.28平米 | 南 北,https://ke-image.ljcdn.com/110000-inspection/7a37e741-a2ee-497d-99bf-332aca4dc764_1000.jpg!m_fill,w_280,h_210,f_jpg?from=ke.com
20241028,通州,梨园,101126652032,当代名筑 1室1厅 南 北,200万,40218元/平,高楼层 (共12层) | 2006年 | 1室1厅 | 49.73平米 | 南 北,https://ke-image.ljcdn.com/110000-inspection/527dbfdb-7e87-48af-9732-2e9370cf72ad_1000.jpg!m_fill,w_280,h_210,f_jpg?from=ke.com
20241028,通州,梨园,101126591965,当代名筑  高居住舒适度 精装电梯小两居,239万,45559元/平,低楼层 (共12层) | 2006年 | 2室1厅 | 52.46平米 | 西,https://ke-image.ljcdn.com/110000-inspection/89abfef7-b68a-4191-b2db-c8624284a209_1000.jpg!m_fill,w_280,h_210,f_jpg?from=ke.com
20241028,通州,梨园,101126584421,梨园地铁500米  电梯房3居  满5唯一  诚售,305万,31653元/平,中楼层 (共20层) | 2003年 | 3室1厅 | 96.36平米 | 南 东北,https://ke-image.ljcdn.com/110000-inspection/1da02613-83f4-481a-b555-ccf429b19eba_1000.jpg!m_fill,w_280,h_210,f_jpg?from=ke.com
20241028,通州,梨园,101126544179,当代名筑 1室1厅 南 北,159万,32025元/平,中楼层 (共12层) | 2007年 | 1室1厅 | 49.65平米 | 南 北,https://ke-image.ljcdn.com/110000-inspection/bd5d9eb6-97ac-43ad-aef7-b35edba46e40_1000.jpg!m_fill,w_280,h_210,f_jpg?from=ke.com
20241028,通州,梨园,101126537847,站前巴黎 正规南北三居室 产权清晰 诚意出售,500万,42017元/平,底层 (共6层) 3室1厅 | 119平米 | 南 北,https://ke-image.ljcdn.com/110000-inspection/6150746c-bdd9-4d92-84a4-432f19e21f58_1000.jpg!m_fill,w_280,h_210,f_jpg?from=ke.com
20241028,通州,梨园,101126509070,云景里 正规精装三居室  产权清晰 诚意出售。,338万,36077元/平,中楼层 (共6层) 3室1厅 | 93.69平米 | 南 北,https://ke-image.ljcdn.com/110000-inspection/dbbe116f-886a-4e20-bb77-d3222e857405_1000.jpg!m_fill,w_280,h_210,f_jpg?from=ke.com
20241028,通州,梨园,101126505676,映翠居 梨园城铁 南北通透两居室,299万,32398元/平,中楼层 (共6层) 2室1厅 | 92.29平米 | 南 北,https://ke-image.ljcdn.com/110000-inspection/a248fb9e-a698-47ee-9fa8-b96f60963b2b_1000.jpg!m_fill,w_280,h_210,f_jpg?from=ke.com
20241028,通州,梨园,101126484327,新通国际花园 1室1厅 东 南,263万,37422元/平,中楼层 (共28层) | 2009年 | 1室1厅 | 70.28平米 | 东 南,https://ke-image.ljcdn.com/110000-inspection/pc1_2o1vZYUzM.jpg!m_fill,w_280,h_210,f_jpg?from=ke.com
20241028,通州,梨园,101126465537,此房满五唯一南北通透布局合理采光充足。,320万,36016元/平,高楼层 (共6层) 2室1厅 | 88.85平米 | 南 北,https://ke-image.ljcdn.com/110000-inspection/5f99434a-e027-4609-8ff0-572b1dc9d8dc_1000.jpg!m_fill,w_280,h_210,f_jpg?from=ke.com
20241028,通州,梨园,101126462412,新通国际明厨明卫 双卧室朝南 户型好 采光好视野佳,509万,51415元/平,顶层 (共15层) 2室1厅 | 99平米 | 东 南 北,https://ke-image.ljcdn.com/110000-inspection/cee04627-9559-421a-af31-181a8cfdb8ae_1000.jpg!m_fill,w_280,h_210,f_jpg?from=ke.com
20241028,通州,梨园,101126456056,幸福时光南北通透中楼层无遮挡大阳台,305万,33717元/平,中楼层 (共6层) 2室1厅 | 90.46平米 | 南 北,https://ke-image.ljcdn.com/110000-inspection/d19367d0-986d-4f9c-bd14-8e373d10eeac_1000.jpg!m_fill,w_280,h_210,f_jpg?from=ke.com
20241028,通州,梨园,101126447853,梨园东里满五唯一采光好无遮挡,178万,32317元/平,顶层 (共6层) 2室0厅 | 55.08平米 | 南 北,https://ke-image.ljcdn.com/110000-inspection/pc1_NvmrONOzP_1.jpg!m_fill,w_280,h_210,f_jpg?from=ke.com
20241028,通州,梨园,101126432267,50多万精装修！梨园东里南院大三居满五唯一诚心卖,410万,30196元/平,顶层 (共6层) 3室2厅 | 135.78平米 | 南 北 东,https://ke-image.ljcdn.com/110000-inspection/pc1_WqwMAeeVt_1.jpg!m_fill,w_280,h_210,f_jpg?from=ke.com
20241028,通州,梨园,101126427073,当代名筑 高楼层 电梯两居室 满五年唯一 价格可谈,437万,44950元/平,顶层 (共12层) | 2005年 | 2室1厅 | 97.22平米 | 南,https://ke-image.ljcdn.com/110000-inspection/d03e6c8f-48fc-4653-a121-a6eea85de5eb_1000.jpg!m_fill,w_280,h_210,f_jpg?from=ke.com
20241028,通州,梨园,101126419258,本房满五唯一南北通透高楼层采光好不临街,325万,32845元/平,高楼层 (共6层) 3室1厅 | 98.95平米 | 南 北,https://ke-image.ljcdn.com/110000-inspection/de91acf0-ffa9-4b46-847e-9f1a8bb2cd48_1000.jpg!m_fill,w_280,h_210,f_jpg?from=ke.com
20241028,通州,梨园,101126384901,梨花园 2室1厅 南 北,218万,35071元/平,高楼层 (共6层) 2室1厅 | 62.16平米 | 南 北,https://ke-image.ljcdn.com/110000-inspection/e90c9047-5e9d-40c0-b0c2-cc0e59f3d0e5_1000.jpg!m_fill,w_280,h_210,f_jpg?from=ke.com
20241028,通州,梨园,101126382354,精装修 业主人好 南北通透  出行方便,529万,42880元/平,低楼层 (共15层) | 2005年 | 3室1厅 | 123.37平米 | 南 北,https://ke-image.ljcdn.com/110000-inspection/pc1_Jo0vERfba.jpg!m_fill,w_280,h_210,f_jpg?from=ke.com
20241028,通州,梨园,101126364863,梨花园 户型方正 采光好 离地铁近,189万,30406元/平,顶层 (共6层) | 1991年 | 2室1厅 | 62.16平米 | 南 北,https://ke-image.ljcdn.com/110000-inspection/0c4cebd1-5e47-401b-a0fa-90c0d79c2cd5_1000.jpg!m_fill,w_280,h_210,f_jpg?from=ke.com
20241028,通州,梨园,101126362364,梨园东里  复式三居  精装 拎包入住,285万,31915元/平,顶层 (共6层) | 2002年 | 3室2厅 | 89.3平米 | 南 北,https://ke-image.ljcdn.com/110000-inspection/5d0d6fd0-ce47-47d1-84d0-35f5e1d3afeb_1000.jpg!m_fill,w_280,h_210,f_jpg?from=ke.com
20241028,通州,梨园,101126358125,梨花园 2室1厅 南 北,198万,30266元/平,顶层 (共6层) 2室1厅 | 65.42平米 | 南 北,https://ke-image.ljcdn.com/110000-inspection/pc1_U7sXEIUAK.jpg!m_fill,w_280,h_210,f_jpg?from=ke.com
20241028,通州,梨园,101126322939,云景里南大门 满五唯一 南北通透双卫两居室,258万,28509元/平,顶层 (共6层) | 2002年 | 2室2厅 | 90.5平米 | 南 北,https://ke-image.ljcdn.com/110000-inspection/0a4ba598-efa7-466f-85a0-dbc7a1702595_1000.jpg!m_fill,w_280,h_210,f_jpg?from=ke.com
20241028,通州,梨园,101126276176,1号线电梯两居南北通透三个阳台 人车分流物业负责任,410万,43213元/平,低楼层 (共18层) 2室1厅 | 94.88平米 | 南 北,https://ke-image.ljcdn.com/110000-inspection/491a2dc9-3f82-4e8c-94c6-446f0d978a30_1000.jpg!m_fill,w_280,h_210,f_jpg?from=ke.com
20241028,通州,梨园,101126236968,新城阳光 1室0厅 南,247万,52857元/平,中楼层 (共15层) | 2012年 | 1室0厅 | 46.73平米 | 南,https://ke-image.ljcdn.com/110000-inspection/00148796-0584-45ad-b038-86dcf594f8ee_1000.jpg!m_fill,w_280,h_210,f_jpg?from=ke.com
20241028,通州,梨园,101126176046,近地铁中间楼栋俯瞰小区 满五年唯一中间层 随时看房,478万,48366元/平,中楼层 (共21层) | 2009年 | 2室1厅 | 98.83平米 | 南,https://ke-image.ljcdn.com/110000-inspection/0fe43703-b701-49d7-a727-f7b626acc2be_1000.jpg!m_fill,w_280,h_210,f_jpg?from=ke.com
20241028,通州,梨园,101126167590,此房南北通透电梯板楼中间层满五唯一小区环境,360万,44363元/平,中楼层 (共15层) 2室1厅 | 81.15平米 | 南 北,https://ke-image.ljcdn.com/110000-inspection/pc1_zwaNjMmaE.jpg!m_fill,w_280,h_210,f_jpg?from=ke.com
20241028,通州,梨园,101126157769,幸福时光 3室2厅 南 北,380万,38380元/平,顶层 (共6层) 3室2厅 | 99.01平米 | 南 北,https://ke-image.ljcdn.com/110000-inspection/be35576b-459a-479d-a550-37c131ff35df_1000.jpg!m_fill,w_280,h_210,f_jpg?from=ke.com
20241028,通州,梨园,101126124411,梨园地铁  商圈成熟  户型好全明2居 满5唯一房主自荐,215万,33052元/平,顶层 (共7层) 2室1厅 | 65.05平米 | 南 北,https://ke-image.ljcdn.com/110000-inspection/991ab8a5-c8e4-4d88-b6f5-b394d2cc70a5_1000.jpg!m_fill,w_280,h_210,f_jpg?from=ke.com
20241028,通州,梨园,101126097890,时尚街区西区   南北向 诚心出售,265万,36021元/平,顶层 (共7层) 1室1厅 | 73.57平米 | 南 北,https://ke-image.ljcdn.com/110000-inspection/d182a4ff-a9b2-4463-b428-a3902dc08351_1000.jpg!m_fill,w_280,h_210,f_jpg?from=ke.com
20241028,通州,梨园,101126060717,新城嘉园。南北通透户型方正。正规三居室。,339万,37188元/平,低楼层 (共28层) 3室1厅 | 91.16平米 | 南 北,https://ke-image.ljcdn.com/110000-inspection/pc1_2Z0mcBNZP_1.jpg!m_fill,w_280,h_210,f_jpg?from=ke.com
20241028,通州,梨园,101126049948,桃花岛边户三居 套内128.73平精装自住全屋新风,648万,48236元/平,底层 (共6层) | 2007年 | 3室2厅 | 134.34平米 | 南 北,https://ke-image.ljcdn.com/110000-inspection/bc51feba-65d8-4e92-9d77-43c0921669f6_1000.jpg!m_fill,w_280,h_210,f_jpg?from=ke.com
20241028,通州,梨园,101126000777,【满五唯一】+【明卫】+【南北通透】+【采光好】,436万,44981元/平,低楼层 (共13层) | 2005年 | 2室1厅 | 96.93平米 | 南 北,https://ke-image.ljcdn.com/110000-inspection/pc1_0qwgrfiq0_2.jpg!m_fill,w_280,h_210,f_jpg?from=ke.com
20241028,通州,梨园,101125973463,地铁1号线 南向正规两居 落地阳台 高楼层视野好,279万,35090元/平,顶层 (共28层) 2室1厅 | 79.51平米 | 南,https://ke-image.ljcdn.com/110000-inspection/38e7bc81-f8e4-4bc0-b596-cc1dae907c6d_1000.jpg!m_fill,w_280,h_210,f_jpg?from=ke.com
20241028,通州,梨园,101125942659,云景里  南北通透正规两居室  诚意出售,328万,38350元/平,低楼层 (共6层) 2室1厅 | 85.53平米 | 南 北,https://ke-image.ljcdn.com/110000-inspection/2dba609e-225c-4743-989d-acf62a109d88_1000.jpg!m_fill,w_280,h_210,f_jpg?from=ke.com
20241028,通州,梨园,101125942615,临近地铁装修好拎包入住站前巴黎,485万,35812元/平,高楼层 (共6层) 3室2厅 | 135.43平米 | 南 北,https://ke-image.ljcdn.com/110000-inspection/e9ce3e72-f993-478e-8690-5b869a7e312e_1000.jpg!m_fill,w_280,h_210,f_jpg?from=ke.com
20241028,通州,梨园,101125942586,近地铁近商场满五唯一诚意出售,309万,28002元/平,顶层 (共6层) | 1995年 | 3室1厅 | 110.35平米 | 南 北,https://ke-image.ljcdn.com/110000-inspection/671e87b9-2404-4caf-8871-839b039210d9_1000.jpg!m_fill,w_280,h_210,f_jpg?from=ke.com
20241028,通州,梨园,101125942519,时尚街区西区正规三居近地铁一号线价格美丽,325万,33728元/平,低楼层 (共20层) | 2003年 | 3室1厅 | 96.36平米 | 东 北,https://ke-image.ljcdn.com/110000-inspection/3dd22b39-b4f1-407a-980e-a00a23958e4d_1000.jpg!m_fill,w_280,h_210,f_jpg?from=ke.com
20241028,通州,梨园,101125939666,满5唯一客厅南向大阳台主卧落地窗格局方正,345万,37121元/平,低楼层 (共13层) | 2012年 | 2室1厅 | 92.94平米 | 南 北,https://ke-image.ljcdn.com/110000-inspection/50fe0cbd-88b7-44fa-b8f5-e79052a41c0f_1000.jpg!m_fill,w_280,h_210,f_jpg?from=ke.com
20241028,通州,梨园,101125939635,满5唯一客厅南向大阳台主卧落地窗格局方正,335万,36045元/平,底层 (共13层) | 2012年 | 2室1厅 | 92.94平米 | 南 北,https://ke-image.ljcdn.com/110000-inspection/7673fc41-ef1d-407f-b355-1480e3144ce2_1000.jpg!m_fill,w_280,h_210,f_jpg?from=ke.com
20241028,通州,梨园,101125937796,梨园小镇 4室2厅 南房主自荐,366万,50827元/平,高楼层 (共15层) | 2005年 | 4室2厅 | 72.01平米 | 南,https://ke-image.ljcdn.com/110000-inspection/56e0cb2b-7817-4e41-b89a-72c40a66b70a_1000.jpg!m_fill,w_280,h_210,f_jpg?from=ke.com
20241028,通州,梨园,101125935961,云景里南大门 2室1厅 南 北,325万,32166元/平,顶层 (共6层) | 2004年 | 2室1厅 | 101.04平米 | 南 北,https://ke-image.ljcdn.com/110000-inspection/pc1_Zb6OcjCSz_1.jpg!m_fill,w_280,h_210,f_jpg?from=ke.com
20241028,通州,梨园,101125926349,梨园地铁500米商圈成熟急售2居  满5唯一房主自荐,245万,31358元/平,低楼层 (共20层) | 2003年 | 2室1厅 | 78.13平米 | 东南,https://ke-image.ljcdn.com/110000-inspection/ae3a7958-9902-46f2-ade5-a448a1dac324_1000.jpg!m_fill,w_280,h_210,f_jpg?from=ke.com
20241028,通州,梨园,101125923173,新通国际花园正规南北通透两居室 低密洋房 双卫户型,499万,45705元/平,低楼层 (共6层) 2室1厅 | 109.18平米 | 南 北,https://ke-image.ljcdn.com/110000-inspection/fca53f93-909a-4795-9b2f-3a186c75b143_1000.jpg!m_fill,w_280,h_210,f_jpg?from=ke.com
20241028,通州,梨园,101125922064,新通国际花园 三居两卫 中高楼层 前面临花园,636万,45888元/平,高楼层 (共21层) | 2009年 | 3室1厅 | 138.6平米 | 南 北,https://ke-image.ljcdn.com/110000-inspection/pc1_8sFLrYpj5_1.jpg!m_fill,w_280,h_210,f_jpg?from=ke.com
20241028,通州,梨园,101125922015,时尚街区东区交通便利业主诚心出售,245万,32297元/平,中楼层 (共19层) | 2007年 | 2室1厅 | 75.86平米 | 北,https://ke-image.ljcdn.com/110000-inspection/dd538b54-8968-4788-812a-5be4cc7b6eb9_1000.jpg!m_fill,w_280,h_210,f_jpg?from=ke.com
20241028,通州,梨园,101125921292,幸福时光3居 南北通透 无遮挡 采光好,498万,40587元/平,高楼层 (共6层) 3室2厅 | 122.7平米 | 南 北,https://ke-image.ljcdn.com/110000-inspection/759afd06-b822-47bc-91b8-2447809c10c8_1000.jpg!m_fill,w_280,h_210,f_jpg?from=ke.com
20241028,通州,梨园,101125920151,时尚街区东区 1室1厅 南,256万,39049元/平,中楼层 (共19层) | 2007年 | 1室1厅 | 65.56平米 | 南,https://ke-image.ljcdn.com/110000-inspection/c052cfb1-f90b-43c8-bcfd-e75b6b690ebf_1000.jpg!m_fill,w_280,h_210,f_jpg?from=ke.com
20241028,通州,梨园,101125920049,运河小 当代名筑三居室 满五年 诚心出售 价格可谈,598万,49817元/平,顶层 (共6层) | 2004年 | 3室2厅 | 120.04平米 | 南 北,https://ke-image.ljcdn.com/110000-inspection/pc1_tyxXtH3VI.jpg!m_fill,w_280,h_210,f_jpg?from=ke.com
20241028,通州,梨园,101125919712,站前巴黎 梨园地铁  可以晒太阳的两居室,268万,36834元/平,顶层 (共5层) 2室1厅 | 72.76平米 | 南 北,https://ke-image.ljcdn.com/110000-inspection/75098a61-b09f-44e0-8639-7f4179910711_1000.jpg!m_fill,w_280,h_210,f_jpg?from=ke.com
20241028,通州,梨园,101125919392,梨园城铁 电梯房 南向带落地阳台 有车位,214万,40631元/平,中楼层 (共10层) | 2007年 | 1室1厅 | 52.67平米 | 南,https://ke-image.ljcdn.com/110000-inspection/6b3765d9-340b-49ad-90c3-d3a0c8f2422f_1000.jpg!m_fill,w_280,h_210,f_jpg?from=ke.com
20241028,通州,梨园,101125918290,当代名筑 2室1厅 北,325万,49370元/平,中楼层 (共12层) 2室1厅 | 65.83平米 | 北,https://ke-image.ljcdn.com/110000-inspection/4c668bc9-2f9f-4b93-af91-91387fd0da16_1000.jpg!m_fill,w_280,h_210,f_jpg?from=ke.com
20241028,通州,梨园,101125918079,五所家属院 3室1厅 南 北,305万,30843元/平,高楼层 (共6层) 3室1厅 | 98.89平米 | 南 北,https://ke-image.ljcdn.com/110000-inspection/e1351bef-745f-4bf6-8c3e-4071edb220ec_1000.jpg!m_fill,w_280,h_210,f_jpg?from=ke.com
20241028,通州,梨园,101125917359,群芳三园正规两居室 中间楼层采光好,269万,33471元/平,中楼层 (共6层) | 1999年 | 2室1厅 | 80.37平米 | 南 北,https://ke-image.ljcdn.com/110000-inspection/da0e36d5-690b-4803-8c5e-e24a54d27040_1000.jpg!m_fill,w_280,h_210,f_jpg?from=ke.com
20241028,通州,梨园,101125915809,九棵树城铁站 运河 南北通透 板楼 满五年唯一,328万,33102元/平,顶层 (共6层) 2室1厅 | 99.09平米 | 南 北,https://ke-image.ljcdn.com/110000-inspection/ac2a449c-e939-4c97-8e11-014925c16572_1000.jpg!m_fill,w_280,h_210,f_jpg?from=ke.com
20241028,通州,梨园,101125915036,九棵树城铁站 运河 板楼一层两居室 满五年唯一,538万,55390元/平,底层 (共6层) 2室2厅 | 97.13平米 | 南 北,https://ke-image.ljcdn.com/110000-inspection/pc1_6gMTOpUMD.jpg!m_fill,w_280,h_210,f_jpg?from=ke.com
20241028,通州,梨园,101125914635,南北通透满五唯一全明格局中间楼层采光好,230万,32281元/平,中楼层 (共6层) | 1996年 | 2室1厅 | 71.25平米 | 南 北,https://ke-image.ljcdn.com/110000-inspection/ff9626ae-0dd3-428d-a21f-42b66e599e00_1000.jpg!m_fill,w_280,h_210,f_jpg?from=ke.com
20241028,通州,梨园,101125914195,五所家属院 2室1厅 南 北,190万,32155元/平,低楼层 (共6层) 2室1厅 | 59.09平米 | 南 北,https://ke-image.ljcdn.com/110000-inspection/e3870a9b-94df-4c7e-8005-55a5e6173464_1000.jpg!m_fill,w_280,h_210,f_jpg?from=ke.com
20241028,通州,梨园,101125913051,梨园地铁边南北通透精装修3居室,269万,32994元/平,顶层 (共6层) 3室1厅 | 81.53平米 | 南 北,https://ke-image.ljcdn.com/110000-inspection/2cc8737c-6a4a-46d7-9c7a-b2a6d996bcf9_1000.jpg!m_fill,w_280,h_210,f_jpg?from=ke.com
20241028,通州,梨园,101125912593,环球影城 电梯房 高层 采光好视野好 满五年唯一,335万,40919元/平,高楼层 (共13层) 2室1厅 | 81.87平米 | 东南,https://ke-image.ljcdn.com/110000-inspection/1c30b430-cc41-4df3-8942-f8745f4cff2d_1000.jpg!m_fill,w_280,h_210,f_jpg?from=ke.com
20241028,通州,梨园,101125886034,南北正规2居室临地铁配套齐全生活便利,215万,38711元/平,中楼层 (共5层) 2室1厅 | 55.54平米 | 北 南,https://ke-image.ljcdn.com/110000-inspection/288f6d4e-bcaa-4984-a16a-c1995658dafb_1000.jpg!m_fill,w_280,h_210,f_jpg?from=ke.com
20241028,通州,梨园,101125882125,H户型经典户型采光好满五年唯一云景公园旁边,349万,38088元/平,中楼层 (共6层) | 2003年 | 2室1厅 | 91.63平米 | 南 北,https://ke-image.ljcdn.com/110000-inspection/2cb36be1-e1e1-4b6c-9425-2f2320790c2a_1000.jpg!m_fill,w_280,h_210,f_jpg?from=ke.com
20241028,通州,梨园,101125882117,满五年唯一精装修拎包入住南北通透采光好,299万,36973元/平,中楼层 (共6层) 2室1厅 | 80.87平米 | 南 北,https://ke-image.ljcdn.com/110000-inspection/4c70dc7f-a783-4b10-9dff-45b20de91bc0_1000.jpg!m_fill,w_280,h_210,f_jpg?from=ke.com
20241028,通州,梨园,101125881685,梨园地铁 站前巴黎 两居 满五唯一,235万,32872元/平,顶层 (共6层) 2室1厅 | 71.49平米 | 南 北,https://ke-image.ljcdn.com/110000-inspection/3751d407-ee42-4d64-9a08-6535137907eb_1000.jpg!m_fill,w_280,h_210,f_jpg?from=ke.com
20241028,通州,梨园,101125878648,时尚街区西区   南向一居 诚心出售  视野好,230万,38162元/平,高楼层 (共10层) 1室2厅 | 60.27平米 | 南,https://ke-image.ljcdn.com/110000-inspection/5cb553c3-18b1-4319-85cf-eafbe45fc159_1000.jpg!m_fill,w_280,h_210,f_jpg?from=ke.com
20241028,通州,梨园,101125752152,梨园东里通透2居室可以拎包入住,206万,27570元/平,顶层 (共6层) | 1998年 | 2室2厅 | 74.72平米 | 南 北,https://ke-image.ljcdn.com/110000-inspection/f2e43042-29a9-46b7-97cb-b593075e3c4e_1000.jpg!m_fill,w_280,h_210,f_jpg?from=ke.com
20241028,通州,梨园,101125732486,7号线万盛东站桃花岛精装3居满五唯一,458万,36477元/平,中楼层 (共6层) 3室1厅 | 125.56平米 | 南 北,https://ke-image.ljcdn.com/110000-inspection/2c1d5c69-2949-47fd-bf8c-baef57a880c3_1000.jpg!m_fill,w_280,h_210,f_jpg?from=ke.com
20241028,通州,梨园,101125691047,正规三居室 格局方正 满五唯一 刚需改善户型,285万,27994元/平,顶层 (共6层) | 2001年 | 3室1厅 | 101.81平米 | 东 西,https://ke-image.ljcdn.com/110000-inspection/717ed1c3-3887-4d4c-a542-55dcf4d91559_1000.jpg!m_fill,w_280,h_210,f_jpg?from=ke.com
20241028,通州,梨园,101125686335,7号线万盛东地铁站桃花岛小区小两居高层无遮挡,236万,34768元/平,顶层 (共6层) 2室1厅 | 67.88平米 | 南 北,https://ke-image.ljcdn.com/110000-inspection/pc1_sS7xLFl29.jpg!m_fill,w_280,h_210,f_jpg?from=ke.com
20241028,通州,梨园,101125671217,新通国际花园 南北通透 中间楼层近地铁 落地窗,345万,35722元/平,低楼层 (共28层) | 2009年 | 2室1厅 | 96.58平米 | 西南 北,https://ke-image.ljcdn.com/110000-inspection/pc1_sfglbKvPB.jpg!m_fill,w_280,h_210,f_jpg?from=ke.com
20241028,通州,梨园,101125634588,新城阳光三居室有车位满五年唯一诚心出售,430万,39381元/平,高楼层 (共14层) 3室1厅 | 109.19平米 | 南 北,https://ke-image.ljcdn.com/110000-inspection/pc1_dDh5vw6SY.jpg!m_fill,w_280,h_210,f_jpg?from=ke.com
20241028,通州,梨园,101125613970,幸福时光南北通透采光好视野好近1号线7号线,330万,37642元/平,顶层 (共6层) 2室2厅 | 87.67平米 | 南 北,https://ke-image.ljcdn.com/110000-inspection/44e3e179-62a6-452e-bfb3-5d8b12b4bcd6_1000.jpg!m_fill,w_280,h_210,f_jpg?from=ke.com
20241028,通州,梨园,101125592882,满五年唯一正规三居地铁100米,526万,41346元/平,中楼层 (共18层) 3室2厅 | 127.22平米 | 东南,https://ke-image.ljcdn.com/110000-inspection/21fbe109-dd80-4932-bf21-07ac940b9e5a_1000.jpg!m_fill,w_280,h_210,f_jpg?from=ke.com
20241028,通州,梨园,101125557589,此房复式3居楼上带20㎡阳台户型方正阳光好,380万,30111元/平,顶层 (共6层) 3室2厅 | 126.2平米 | 南 北,https://ke-image.ljcdn.com/110000-inspection/544cdcda-2120-40cf-8f52-9a7d19814101_1000.jpg!m_fill,w_280,h_210,f_jpg?from=ke.com
20241028,通州,梨园,101125464046,梨园东里满五唯一中间楼层不临街,215万,35143元/平,中楼层 (共6层) | 2002年 | 2室1厅 | 61.18平米 | 南 北,https://ke-image.ljcdn.com/110000-inspection/pc1_5a9SCfsQI.jpg!m_fill,w_280,h_210,f_jpg?from=ke.com
20241028,通州,梨园,101125457648,【满五唯一】+【南北通透】+【中间层】+【视野佳】,515万,41728元/平,中楼层 (共15层) | 2005年 | 3室2厅 | 123.42平米 | 南 北,https://ke-image.ljcdn.com/110000-inspection/30298ad5-ba2b-4163-bd8a-32e06196e807_1000.jpg!m_fill,w_280,h_210,f_jpg?from=ke.com
20241028,通州,梨园,101125378344,梨园东里南北居室户型方正一层出行,268万,35815元/平,底层 (共6层) 2室1厅 | 74.83平米 | 北 南,https://ke-image.ljcdn.com/110000-inspection/pc1_c1lz0G47n_1.jpg!m_fill,w_280,h_210,f_jpg?from=ke.com
20241028,通州,梨园,101125371631,近地铁五所家属院南北2居室,236万,26287元/平,顶层 (共4层) | 1959年 | 2室1厅 | 89.78平米 | 东南,https://ke-image.ljcdn.com/110000-inspection/pc1_h9zHu8yrW.jpg!m_fill,w_280,h_210,f_jpg?from=ke.com
20241028,通州,梨园,101125357058,梨花园 4室3厅 南 北,452万,29506元/平,顶层 (共6层) | 1997年 | 4室3厅 | 153.19平米 | 南 北,https://ke-image.ljcdn.com/110000-inspection/prod-afc68948-6ef4-4ad4-8f1a-f8eba82b68e5.jpg!m_fill,w_280,h_210,f_jpg?from=ke.com
20241028,通州,梨园,101125317804,好房 新通国际双卫全明格局 业主诚心出售,395万,41422元/平,底层 (共15层) | 2009年 | 2室1厅 | 95.36平米 | 南 北,https://ke-image.ljcdn.com/110000-inspection/1871dd24-8293-4320-96fc-2accb0531c5c_1000.jpg!m_fill,w_280,h_210,f_jpg?from=ke.com
20241028,通州,梨园,101125311253,新通国际花园 2室1厅 南 北,418万,48605元/平,顶层 (共18层) | 2010年 | 2室1厅 | 86平米 | 南 北,https://ke-image.ljcdn.com/110000-inspection/61281898-cedf-41ba-ade9-39855871b3c9_1000.jpg!m_fill,w_280,h_210,f_jpg?from=ke.com
20241028,通州,梨园,101125285526,五所家属院 2室1厅 南 北,220万,37232元/平,低楼层 (共6层) 2室1厅 | 59.09平米 | 南 北,https://ke-image.ljcdn.com/110000-inspection/ddb006d6-a2a6-4b05-8bd1-fb6e362f79b8_1000.jpg!m_fill,w_280,h_210,f_jpg?from=ke.com
20241028,通州,梨园,101125278188,当代名筑 中高层电梯两居室 满五唯一 价格可议,468万,47088元/平,中楼层 (共12层) | 2005年 | 2室1厅 | 99.39平米 | 南,https://ke-image.ljcdn.com/110000-inspection/20734e86-3b8e-4052-9d5f-2ffae148f36b_1000.jpg!m_fill,w_280,h_210,f_jpg?from=ke.com
20241028,通州,梨园,101125241202,新城阳光 2室1厅 南 西,295万,36197元/平,低楼层 (共15层) 2室1厅 | 81.5平米 | 南 西,https://ke-image.ljcdn.com/110000-inspection/dae42aa0-ef28-4524-a477-e25efc54dbac_1000.jpg!m_fill,w_280,h_210,f_jpg?from=ke.com
20241028,通州,梨园,101125187398,九棵树城铁站 运河 满五年唯一 户型方正 采光好,420万,47836元/平,中楼层 (共12层) | 2007年 | 2室1厅 | 87.8平米 | 南,https://ke-image.ljcdn.com/110000-inspection/pc1_boHPgjbdt_1.jpg!m_fill,w_280,h_210,f_jpg?from=ke.com
20241028,通州,梨园,101125182259,云景西里南区 2室1厅 南 北,260万,32500元/平,低楼层 (共6层) 2室1厅 | 80平米 | 南 北,https://ke-image.ljcdn.com/110000-inspection/da174733-c81b-4f50-a670-11e37a27101b_1000.jpg!m_fill,w_280,h_210,f_jpg?from=ke.com
20241028,通州,梨园,101125102080,离地铁近南北通透三居室卫生间有窗户,215万,32076元/平,高楼层 (共6层) 3室1厅 | 67.03平米 | 南 北,https://ke-image.ljcdn.com/110000-inspection/pc1_jLJXQLwqD.jpg!m_fill,w_280,h_210,f_jpg?from=ke.com
20241028,通州,梨园,101125077842,临地铁满五年唯一南向两居配套齐全生活便利,180万,33022元/平,中楼层 (共4层) 2室0厅 | 54.51平米 | 南,https://ke-image.ljcdn.com/110000-inspection/9659b299-c6fa-4dc5-a709-14c3fcc89439_1000.jpg!m_fill,w_280,h_210,f_jpg?from=ke.com
20241028,通州,梨园,101125061562,新通国际花园 满五唯一 正规一居  人车分流,222万,35623元/平,低楼层 (共15层) | 2010年 | 1室1厅 | 62.32平米 | 西北,https://ke-image.ljcdn.com/110000-inspection/e8ab3c00-2261-4e37-80ff-8f0fe13b0365_1000.jpg!m_fill,w_280,h_210,f_jpg?from=ke.com
20241028,通州,梨园,101125042253,新通国际花园2010年社区 配套公立幼儿园 小两居,259万,36300元/平,高楼层 (共28层) | 2009年 | 2室1厅 | 71.35平米 | 西南 北,https://ke-image.ljcdn.com/110000-inspection/4767c9f7-23a8-4009-8711-3fa6debe31c3_1000.jpg!m_fill,w_280,h_210,f_jpg?from=ke.com
20241028,通州,梨园,101124956393,梨园小镇 精装修 拎包入住 近地铁 交通便利 配,315万,46107元/平,高楼层 (共15层) | 2005年 | 2室1厅 | 68.32平米 | 西,https://ke-image.ljcdn.com/110000-inspection/bbb120e5-0d7d-4550-a063-114165585130_1000.jpg!m_fill,w_280,h_210,f_jpg?from=ke.com
20241028,通州,梨园,101124944104,当代名筑 3室2厅 南 北,618万,51483元/平,顶层 (共6层) | 2004年 | 3室2厅 | 120.04平米 | 南 北,https://ke-image.ljcdn.com/110000-inspection/c0afc6d7-d9c1-4a66-ac10-767ff1befd2a_1000.jpg!m_fill,w_280,h_210,f_jpg?from=ke.com
20241028,通州,梨园,101124938106,桃花岛 顶层使用面积大业主诚意出售 看房有钥匙,290万,32851元/平,顶层 (共6层) | 2007年 | 2室2厅 | 88.28平米 | 南 北,https://ke-image.ljcdn.com/110000-inspection/e277dd9d-7049-4699-810e-2df3bb026c23_1000.jpg!m_fill,w_280,h_210,f_jpg?from=ke.com
20241028,通州,梨园,101124899864,公庄小区 3室1厅 南 北,350万,28855元/平,高楼层 (共7层) 3室1厅 | 121.3平米 | 南 北,https://ke-image.ljcdn.com/110000-inspection/d3a425ae-e9ae-4b99-9f8c-66ee31f78fe5_1000.jpg!m_fill,w_280,h_210,f_jpg?from=ke.com
20241028,通州,梨园,101124898123,新城阳光  满五唯一 南北两居室房主自荐,375万,38820元/平,中楼层 (共15层) 2室1厅 | 96.6平米 | 南 北,https://ke-image.ljcdn.com/110000-inspection/6b4bca33-5194-481c-b8da-2936310677b9_1000.jpg!m_fill,w_280,h_210,f_jpg?from=ke.com
20241028,通州,梨园,101124860570,当代名筑 2室1厅 南,438万,47424元/平,顶层 (共12层) | 2005年 | 2室1厅 | 92.36平米 | 南,https://ke-image.ljcdn.com/110000-inspection/6e631547-d730-4586-bb0c-2032e938520c_1000.jpg!m_fill,w_280,h_210,f_jpg?from=ke.com
20241028,通州,梨园,101124852808,自住精装通透复式满五唯一总高4层带车位,490万,36259元/平,顶层 (共4层) 4室2厅 | 135.14平米 | 南 北,https://ke-image.ljcdn.com/110000-inspection/c6877e87-c54d-4bf9-94d4-e4c4700c0503_1000.jpg!m_fill,w_280,h_210,f_jpg?from=ke.com
20241028,通州,梨园,101124845419,南北通透两居室 户型方正 H户型 采光好 居住舒适,420万,41270元/平,低楼层 (共15层) | 2005年 | 2室1厅 | 101.77平米 | 南 北,https://ke-image.ljcdn.com/110000-inspection/87f63b3f-f823-4da1-9403-93b4caf9c84e_1000.jpg!m_fill,w_280,h_210,f_jpg?from=ke.com
20241028,通州,梨园,101124842935,通透两居室可以拎包入住配套齐全交通便利,230万,25728元/平,顶层 (共6层) 2室1厅 | 89.4平米 | 南 北,https://ke-image.ljcdn.com/110000-inspection/pc1_aCfXd14jI.jpg!m_fill,w_280,h_210,f_jpg?from=ke.com
20241028,通州,梨园,101124840561,满五唯一地铁方便采光充足两居室视野好,288万,39928元/平,中楼层 (共15层) | 2005年 | 2室1厅 | 72.13平米 | 西,https://ke-image.ljcdn.com/110000-inspection/bb080e86-8630-402e-a87f-bb5391810c4d_1000.jpg!m_fill,w_280,h_210,f_jpg?from=ke.com
20241028,通州,梨园,101124831494,2010年次新房 交易仅有契税 花园社区,179万,35502元/平,底层 (共18层) 1室1厅 | 50.42平米 | 北,https://ke-image.ljcdn.com/110000-inspection/9267a15e-a6cd-4b88-9fa1-3a05097966f2_1000.jpg!m_fill,w_280,h_210,f_jpg?from=ke.com
20241028,通州,梨园,101124778858,好房 新通国际好户型小区新地址位置好,428万,47314元/平,中楼层 (共18层) 2室1厅 | 90.46平米 | 南 北,https://ke-image.ljcdn.com/110000-inspection/pc1_yFEISw2Xd.jpg!m_fill,w_280,h_210,f_jpg?from=ke.com
20241028,通州,梨园,101124720819,梨花园大型社区17栋楼的社区梨园西里,437万,27894元/平,顶层 (共6层) | 1996年 | 4室2厅 | 156.67平米 | 南 北,https://ke-image.ljcdn.com/110000-inspection/2ceee255-7e3d-4383-b49c-c7c5dc3d566c_1000.jpg!m_fill,w_280,h_210,f_jpg?from=ke.com
20241028,通州,梨园,101124609501,满五唯一 南北通透全明户型诚意出售 使用面积大,288万,37119元/平,顶层 (共7层) 1室1厅 | 77.59平米 | 南 北,https://ke-image.ljcdn.com/110000-inspection/8483c56e-6fcc-406b-9375-fbd98eeda67c_1000.jpg!m_fill,w_280,h_210,f_jpg?from=ke.com
20241028,通州,梨园,101124498386,桃花岛 业主自住刚装修两年厨房众装电器齐全,265万,32114元/平,顶层 (共6层) | 2007年 | 2室1厅 | 82.52平米 | 南 北,https://ke-image.ljcdn.com/110000-inspection/a4ab94b9-2a71-425a-95b6-2b5e23b089c8_1000.jpg!m_fill,w_280,h_210,f_jpg?from=ke.com
20241028,通州,梨园,101124275685,站前巴黎  通透通透 精装修 拎包入住房主自荐,422万,43163元/平,底层 (共6层) 3室2厅 | 97.77平米 | 南 北,https://ke-image.ljcdn.com/110000-inspection/a32b8cc1-c89b-4338-820b-81f12b252ae0_1000.jpg!m_fill,w_280,h_210,f_jpg?from=ke.com
20241028,通州,梨园,101124222017,时尚街区东区 1室1厅 南,260万,34806元/平,中楼层 (共19层) | 2007年 | 1室1厅 | 74.7平米 | 南,https://ke-image.ljcdn.com/110000-inspection/c5340277-0512-4fd7-8185-7946b1b0f584_1000.jpg!m_fill,w_280,h_210,f_jpg?from=ke.com
20241028,通州,梨园,101124221852,此房满五唯一南北通透格局好楼层好采光充足,249万,38533元/平,中楼层 (共20层) | 2003年 | 1室1厅 | 64.62平米 | 南 北,https://ke-image.ljcdn.com/110000-inspection/ba4750d6-6f16-4882-a79e-e35d7b7c54a5_1000.jpg!m_fill,w_280,h_210,f_jpg?from=ke.com
20241028,通州,梨园,101124213298,层高3.7米小复式满5唯一户型方正近地铁房主自荐,299万,34325元/平,底层 (共18层) 2室1厅 | 87.11平米 | 南 西 北,https://ke-image.ljcdn.com/110000-inspection/132fe758-ecb9-4056-9d4b-8cb83ea65900_1000.jpg!m_fill,w_280,h_210,f_jpg?from=ke.com
20241028,通州,梨园,101124084339,当代名筑 南向一居室 落地窗 户型方正,251万,32768元/平,底层 (共12层) | 2005年 | 1室1厅 | 76.6平米 | 南,https://ke-image.ljcdn.com/110000-inspection/18f89673-ced9-47eb-a9a1-c160ca674156_1000.jpg!m_fill,w_280,h_210,f_jpg?from=ke.com
20241028,通州,梨园,101124077186,新通国际花园 正规两居室 户型方正 采光充足 交通方便,338万,36860元/平,高楼层 (共28层) | 2009年 | 2室1厅 | 91.7平米 | 东 西,https://ke-image.ljcdn.com/110000-inspection/ce65738f-6b8e-4e97-b315-bbfdb2cb3822_1000.jpg!m_fill,w_280,h_210,f_jpg?from=ke.com
20241028,通州,梨园,101124037648,梨园地铁小区中间位置落地阳台采光好只有契税房主自荐,289万,36348元/平,中楼层 (共21层) 2室1厅 | 79.51平米 | 南,https://ke-image.ljcdn.com/110000-inspection/d8053cf4-9f53-4620-bc1b-9dbedd14b795_1000.jpg!m_fill,w_280,h_210,f_jpg?from=ke.com
20241028,通州,梨园,101123991856,梨园地铁   梨花园  两居  客厅带阳台,295万,31899元/平,顶层 (共6层) 2室1厅 | 92.48平米 | 南 北,https://ke-image.ljcdn.com/110000-inspection/pc1_QsMe0sV5t.jpg!m_fill,w_280,h_210,f_jpg?from=ke.com
20241028,通州,梨园,101123864829,映翠居 南北通透 落地窗 全明户型,320万,34924元/平,顶层 (共6层) | 2003年 | 2室1厅 | 91.63平米 | 南 北,https://ke-image.ljcdn.com/110000-inspection/pc1_TmyfTi01u.jpg!m_fill,w_280,h_210,f_jpg?from=ke.com
20241028,通州,梨园,101123661242,云景里 3室1厅 南 北,365万,39537元/平,顶层 (共6层) | 2000年 | 3室1厅 | 92.32平米 | 南 北,https://ke-image.ljcdn.com/110000-inspection/f5239714-83ac-4e49-81be-e5c5a7e47d4e_1000.jpg!m_fill,w_280,h_210,f_jpg?from=ke.com
20241028,通州,梨园,101123630300,此房满五年唯一住房视野好采光充足。,356万,30836元/平,高楼层 (共6层) | 2004年 | 3室1厅 | 115.45平米 | 南 北,https://ke-image.ljcdn.com/110000-inspection/pc1_vXXLUW5Ip.jpg!m_fill,w_280,h_210,f_jpg?from=ke.com
20241028,通州,梨园,101123581018,站前巴黎 H户型南北两居室中间楼层 诚意出售房主自荐,325万,33770元/平,中楼层 (共5层) | 2006年 | 2室1厅 | 96.24平米 | 南 北,https://ke-image.ljcdn.com/110000-inspection/pc1_aYrAHUzlr_1.jpg!m_fill,w_280,h_210,f_jpg?from=ke.com
20241028,通州,梨园,101123580041,中建二局家属院 4室1厅 东 南房主自荐,549万,35866元/平,高楼层 (共18层) 4室1厅 | 153.07平米 | 东 南,https://ke-image.ljcdn.com/110000-inspection/10ac6f22-95ee-4973-9bc9-b4583bce7af2_1000.jpg!m_fill,w_280,h_210,f_jpg?from=ke.com
20241028,通州,梨园,101123579080,云景公园旁边新城阳光电梯房南北通透只有契税。,299万,32642元/平,顶层 (共15层) | 2012年 | 2室1厅 | 91.6平米 | 南 北,https://ke-image.ljcdn.com/110000-inspection/fe93cc51-e924-493f-8062-e4719ea1e056_1000.jpg!m_fill,w_280,h_210,f_jpg?from=ke.com
20241028,通州,梨园,101123578684,站前巴黎 精装修 南北通透 采光好,340万,35809元/平,中楼层 (共6层) 2室1厅 | 94.95平米 | 南 北,https://ke-image.ljcdn.com/110000-inspection/51d0f37f-2dc7-4a04-8198-e51828ab30cd_1000.jpg!m_fill,w_280,h_210,f_jpg?from=ke.com
20241028,通州,梨园,101123507155,新城嘉园 电梯两居 南北通透 视野好 配套全,270万,34925元/平,顶层 (共26层) 2室1厅 | 77.31平米 | 南 北,https://ke-image.ljcdn.com/110000-inspection/7f51ab0f-feef-46b6-8f13-08e69ab0a88b_1000.jpg!m_fill,w_280,h_210,f_jpg?from=ke.com
20241028,通州,梨园,101123477994,梨园地铁2000年社区翻新改造南向的一室一厅,163万,28206元/平,高楼层 (共6层) 1室1厅 | 57.79平米 | 南,https://ke-image.ljcdn.com/110000-inspection/835b071c-969c-44b1-8d1b-8eca498684fb_1000.jpg!m_fill,w_280,h_210,f_jpg?from=ke.com
20241028,通州,梨园,101123462285,桃花岛中间楼层两居室满五唯一精装修,326万,38381元/平,中楼层 (共6层) | 2007年 | 2室2厅 | 84.94平米 | 北 南,https://ke-image.ljcdn.com/110000-inspection/c9f0ef17-94a3-4d0d-8e59-a0f1fe282e7a_1000.jpg!m_fill,w_280,h_210,f_jpg?from=ke.com
20241028,通州,梨园,101123457024,当代名筑南北通透两居室满五唯一电梯中间楼层,286万,35414元/平,中楼层 (共12层) 2室2厅 | 80.76平米 | 南 北,https://ke-image.ljcdn.com/110000-inspection/pc1_mKOSIX4PP_1.jpg!m_fill,w_280,h_210,f_jpg?from=ke.com
20241028,通州,梨园,101123437376,满五复式 三室二厅二卫  地铁 车位 户型方正 采光好,486万,40477元/平,顶层 (共6层) 3室2厅 | 120.07平米 | 南 北,https://ke-image.ljcdn.com/110000-inspection/4f0a469e-c0ae-4c56-9cdf-4b0555fe1d5c_1000.jpg!m_fill,w_280,h_210,f_jpg?from=ke.com
20241028,通州,梨园,101123412113,时尚街区东区 3室1厅 南 北,575万,46886元/平,顶层 (共18层) | 2004年 | 3室1厅 | 122.64平米 | 南 北,https://ke-image.ljcdn.com/110000-inspection/a2b2768d-2c8c-40b7-87e5-1a06d83a5919_1000.jpg!m_fill,w_280,h_210,f_jpg?from=ke.com
20241028,通州,梨园,101123409884,梨园地铁 中间楼层3居 商圈成熟 满5唯一诚意出售房主自荐,409万,34172元/平,中楼层 (共6层) | 2005年 | 3室2厅 | 119.69平米 | 南 北 东,https://ke-image.ljcdn.com/110000-inspection/8c3ba684-9bc2-4cfc-8891-b9de3e704d5a_1000.jpg!m_fill,w_280,h_210,f_jpg?from=ke.com
20241028,通州,梨园,101123407138,新城阳光电梯房3居室全明户型,475万,40801元/平,中楼层 (共13层) 3室1厅 | 116.42平米 | 南 北 东,https://ke-image.ljcdn.com/110000-inspection/pc1_EMCcJX2c7.jpg!m_fill,w_280,h_210,f_jpg?from=ke.com
20241028,通州,梨园,101123351113,时尚街区东区 梨园城铁 总监推荐 优质好房房主自荐,232万,37736元/平,中楼层 (共20层) | 2003年 | 1室1厅 | 61.48平米 | 南,https://ke-image.ljcdn.com/110000-inspection/89633327-f01f-4ed0-b0b5-60e1f9992611_1000.jpg!m_fill,w_280,h_210,f_jpg?from=ke.com
20241028,通州,梨园,101123278612,当代名筑 全明格局 低楼层 南北通透,402万,40867元/平,低楼层 (共6层) | 2004年 | 2室1厅 | 98.37平米 | 南 北,https://ke-image.ljcdn.com/110000-inspection/95b64912-cca1-424d-a3f0-c1fd893fb35f_1000.jpg!m_fill,w_280,h_210,f_jpg?from=ke.com
20241028,通州,梨园,101123266354,九棵树地铁口 当代名筑高层视野好 业主婚房满五年唯一,269万,42164元/平,高楼层 (共12层) | 2005年 | 2室1厅 | 63.8平米 | 北,https://ke-image.ljcdn.com/110000-inspection/e113533b-e95e-487b-ba79-ab8fffedc346_1000.jpg!m_fill,w_280,h_210,f_jpg?from=ke.com
20241028,通州,梨园,101123263619,配套设施齐全交通便利南向落地窗。,242万,37243元/平,中楼层 (共19层) | 2007年 | 1室0厅 | 64.98平米 | 南,https://ke-image.ljcdn.com/110000-inspection/4f510cd7-a7a0-4eb1-a2d8-32b3936e18de_1000.jpg!m_fill,w_280,h_210,f_jpg?from=ke.com
20241028,通州,梨园,101123258132,桃花岛南北三居室不临街采光好,365万,31979元/平,顶层 (共6层) 3室2厅 | 114.14平米 | 南 北,https://ke-image.ljcdn.com/110000-inspection/e77fa169-e876-4ef4-b85c-2b001a0035de_1000.jpg!m_fill,w_280,h_210,f_jpg?from=ke.com
20241028,通州,梨园,101123255646,云景里南大门 南北通透大两居 双卫格局 有钥匙,320万,31671元/平,高楼层 (共6层) | 2004年 | 2室2厅 | 101.04平米 | 南 北,https://ke-image.ljcdn.com/110000-inspection/e5d91294-cd02-4b3b-a043-fef6dfa40566_1000.jpg!m_fill,w_280,h_210,f_jpg?from=ke.com
20241028,通州,梨园,101123056064,梨园地铁 环球影城旁 正规三居 满5唯一  诚意出售房主自荐,328万,28922元/平,顶层 (共6层) 3室1厅 | 113.41平米 | 南 北,https://ke-image.ljcdn.com/110000-inspection/fb1c4f5b-f7c4-4667-9111-3aa485c2b46a_1000.jpg!m_fill,w_280,h_210,f_jpg?from=ke.com
20241028,通州,梨园,101123006370,满五年唯一精装修看房随时价格还能谈。房主自荐,258万,33490元/平,底层 (共13层) 1室1厅 | 77.04平米 | 南 北,https://ke-image.ljcdn.com/110000-inspection/863f3f85-3d58-4be5-9382-ad40afa48ab4_1000.jpg!m_fill,w_280,h_210,f_jpg?from=ke.com
20241028,通州,梨园,101122985258,园景西区 全明三居 近地铁 配套全 精装修,476万,39480元/平,中楼层 (共7层) | 2004年 | 3室1厅 | 120.57平米 | 南 北,https://ke-image.ljcdn.com/110000-inspection/pc1_3bWE0J9Rl.jpg!m_fill,w_280,h_210,f_jpg?from=ke.com
20241028,通州,梨园,101122976328,房子西向采光充足两居室视野好地铁,290万,40206元/平,低楼层 (共15层) | 2005年 | 2室1厅 | 72.13平米 | 西,https://ke-image.ljcdn.com/110000-inspection/f23afd2a-0cb2-4549-8ce9-3382d0d0291f_1000.jpg!m_fill,w_280,h_210,f_jpg?from=ke.com
20241028,通州,梨园,101122958926,绣江南 满五唯一 不临街 无遮挡 视野好 钢混结构,330万,34279元/平,高楼层 (共6层) | 2005年 | 2室1厅 | 96.27平米 | 南 北,https://ke-image.ljcdn.com/110000-inspection/dbb9c03e-c957-4962-92fc-76386ba54feb_1000.jpg!m_fill,w_280,h_210,f_jpg?from=ke.com
20241028,通州,梨园,101122883794,幸福时光 复式  南北通透  使用面积大,314万,41327元/平,顶层 (共5层) 2室1厅 | 75.98平米 | 南 北,https://ke-image.ljcdn.com/110000-inspection/edce8868-416f-420f-bba2-1d1f7279eded_1000.jpg!m_fill,w_280,h_210,f_jpg?from=ke.com
20241028,通州,梨园,101122750172,精装南北两居室 诚意出售 产权清晰,275万,34006元/平,中楼层 (共6层) 2室1厅 | 80.87平米 | 南 北,https://ke-image.ljcdn.com/110000-inspection/pc1_aEnulvmUb.jpg!m_fill,w_280,h_210,f_jpg?from=ke.com
20241028,通州,梨园,101122346881,梨园城铁正规3居客厅朝东中间楼层户型好,349万,36442元/平,中楼层 (共6层) 3室1厅 | 95.77平米 | 南 西北 东,https://ke-image.ljcdn.com/110000-inspection/60abe27b-20e7-44e5-9359-1c36e695c6d5_1000.jpg!m_fill,w_280,h_210,f_jpg?from=ke.com
20241028,通州,梨园,101122199016,桃花岛 近地铁七号线万盛东 南北通透 格局方正房主自荐,399万,31803元/平,高楼层 (共6层) 3室2厅 | 125.46平米 | 南 北,https://ke-image.ljcdn.com/110000-inspection/pc1_waM9HHFEv.jpg!m_fill,w_280,h_210,f_jpg?from=ke.com
20241028,通州,梨园,101122099821,梨园小镇  满五唯一西向采光好业主自住精装修,325万,45133元/平,低楼层 (共15层) | 2005年 | 3室1厅 | 72.01平米 | 西,https://ke-image.ljcdn.com/110000-inspection/pc1_sf00j3MfC.jpg!m_fill,w_280,h_210,f_jpg?from=ke.com
20241028,通州,梨园,101122039041,中建二局家属院正规三居室电梯中建楼层随时看房,375万,31279元/平,中楼层 (共18层) 3室1厅 | 119.89平米 | 东南,https://ke-image.ljcdn.com/110000-inspection/pc1_ILUTDgc35.jpg!m_fill,w_280,h_210,f_jpg?from=ke.com
20241028,通州,梨园,101121878442,云景里南大门 户型方正 采光好 正规一居室 全明户型,220万,33857元/平,高楼层 (共6层) 1室1厅 | 64.98平米 | 西北,https://ke-image.ljcdn.com/110000-inspection/bc9c43f6-232f-4e65-a8f1-9ebaecd62b12_1000.jpg!m_fill,w_280,h_210,f_jpg?from=ke.com
20241028,通州,梨园,101121850251,绣江南 地铁七号线 顶层复式 使用面积大,380万,31476元/平,顶层 (共6层) | 2005年 | 3室2厅 | 120.73平米 | 南 北,https://ke-image.ljcdn.com/110000-inspection/3ad47290-37b2-45b1-ab7a-b5a989e0bb7a_1000.jpg!m_fill,w_280,h_210,f_jpg?from=ke.com
20241028,通州,梨园,101121821350,满五年唯一商品房精装修地铁200米格局方正。,160万,36331元/平,中楼层 (共18层) | 2005年 | 1室0厅 | 44.04平米 | 西北,https://ke-image.ljcdn.com/110000-inspection/fee18d2e-145d-4b1f-9e55-0c17e416fd8f_1000.jpg!m_fill,w_280,h_210,f_jpg?from=ke.com
20241028,通州,梨园,101121573960,顶层视野好 业主诚意卖 方正户型 利用率高房主自荐,309万,33657元/平,顶层 (共6层) 2室1厅 | 91.81平米 | 南 北,https://ke-image.ljcdn.com/110000-inspection/pc1_YRLFaR4K3_1.jpg!m_fill,w_280,h_210,f_jpg?from=ke.com
20241028,通州,梨园,101121519875,梨园地铁 新通国际花园 装修好 通透两居室 不临街,345万,38291元/平,低楼层 (共18层) | 2010年 | 2室1厅 | 90.1平米 | 东 西,https://ke-image.ljcdn.com/110000-inspection/9db908e4-fc94-4a14-ba97-908cf26957d1_1000.jpg!m_fill,w_280,h_210,f_jpg?from=ke.com
20241028,通州,梨园,101121269004,交通便利配套齐全国企开发2007年电梯房小2居房主自荐,290万,38683元/平,低楼层 (共19层) | 2007年 | 2室1厅 | 74.97平米 | 东北,https://ke-image.ljcdn.com/110000-inspection/1e4c26e9-9af3-4197-b4c9-ca3a35ce5f5a_1000.jpg!m_fill,w_280,h_210,f_jpg?from=ke.com
20241028,通州,梨园,101120836057,电梯南北两居出行便利临近地铁生活方便配套齐全房主自荐,368万,43077元/平,高楼层 (共15层) | 2008年 | 2室1厅 | 85.43平米 | 南 西 北,https://ke-image.ljcdn.com/110000-inspection/006da42e-1f7e-4f5c-ab71-6501abb1d5ab_1000.jpg!m_fill,w_280,h_210,f_jpg?from=ke.com
20241028,通州,梨园,101120640428,时尚街区东区 全南向 满五唯一 梨园地铁房主自荐,259万,39664元/平,中楼层 (共19层) | 2007年 | 1室0厅 | 65.3平米 | 南,https://ke-image.ljcdn.com/110000-inspection/820cd785-160c-4d6f-8e06-e668b5c66caa_1000.jpg!m_fill,w_280,h_210,f_jpg?from=ke.com
20241028,通州,梨园,101120633135,时尚街区东区新上南向开间无遮挡视野好采光好,219万,43985元/平,中楼层 (共13层) | 2004年 | 1室0厅 | 49.79平米 | 南,https://ke-image.ljcdn.com/110000-inspection/b6448d82-b051-4da4-94a4-43234ca1df61_1000.jpg!m_fill,w_280,h_210,f_jpg?from=ke.com
20241028,通州,梨园,101120550083,桃花岛 满五唯一 精装修  南北通透 视野开阔,339万,38310元/平,顶层 (共6层) 2室1厅 | 88.49平米 | 南 北,https://ke-image.ljcdn.com/110000-inspection/pc1_4QO3tsPEI.jpg!m_fill,w_280,h_210,f_jpg?from=ke.com
20241028,通州,梨园,101119263312,绣江南 三阳开泰户型大三居 大面宽短进深 户型一级棒,502万,39978元/平,中楼层 (共6层) | 2005年 | 3室1厅 | 125.57平米 | 南 北,https://ke-image.ljcdn.com/110000-inspection/389538fb-ebde-4a52-a1b3-6511dd12b971_1000.jpg!m_fill,w_280,h_210,f_jpg?from=ke.com
20241028,通州,梨园,101118343940,时尚街区东区  南向一居室  采光好 梨园地铁,227万,34934元/平,中楼层 (共19层) | 2007年 | 1室1厅 | 64.98平米 | 南,https://ke-image.ljcdn.com/110000-inspection/b6f7267b-9c72-42fd-9b61-f723235b1b8d_1000.jpg!m_fill,w_280,h_210,f_jpg?from=ke.com
20241028,通州,梨园,101117723364,时尚街区东区  梨园地铁  配套齐全,325万,34697元/平,底层 (共13层) | 2005年 | 3室1厅 | 93.67平米 | 南 北,https://ke-image.ljcdn.com/110000-inspection/2fa4721d-2a8b-4d38-a548-b65653a4a19a_1000.jpg!m_fill,w_280,h_210,f_jpg?from=ke.com
20241028,通州,梨园,101127297209,11站 1室1厅 南,268万,40192元/平,高楼层 (共18层) | 2005年 | 1室1厅 | 66.68平米 | 南,https://s1.ljcdn.com/pegasus/redskull/images/common/default_house_list.png?_v=202410161653269
20241028,通州,梨园,101127282002,华业 梨园东里 南北两居满五年唯一  价格有惊喜新上,210万,33871元/平,高楼层 (共6层) 2室1厅 | 62平米 | 南 北,https://ke-image.ljcdn.com/110000-inspection/9c8ecbe9-6085-42c4-a3c6-9250290757e5_1000.jpg!m_fill,w_280,h_210,f_jpg?from=ke.com
20241028,通州,梨园,101127280085,新城阳光 1室1厅 西南,269万,45788元/平,高楼层 (共13层) 1室1厅 | 58.75平米 | 西南,https://s1.ljcdn.com/pegasus/redskull/images/common/default_house_list.png?_v=202410161653269
20241028,通州,梨园,101127254200,时尚街区西区三居室 全明格局 小区少有的户型新上,520万,45986元/平,顶层 (共6层) | 2004年 | 3室1厅 | 113.08平米 | 南 北,https://s1.ljcdn.com/pegasus/redskull/images/common/default_house_list.png?_v=202410161653269
20241028,通州,梨园,101127196648,云景西里南区 2室1厅 南 北新上,230万,39223元/平,低楼层 (共6层) 2室1厅 | 58.64平米 | 南 北,https://s1.ljcdn.com/pegasus/redskull/images/common/default_house_list.png?_v=202410161653269
20241028,通州,梨园,101127188774,梨园地铁 正规三居 电梯房 业主诚心出售新上,315万,33763元/平,低楼层 (共20层) | 2003年 | 3室1厅 | 93.3平米 | 西南,https://s1.ljcdn.com/pegasus/redskull/images/common/default_house_list.png?_v=202410161653269
20241028,通州,梨园,101127168368,时尚街区东区 2室1厅 西南 北新上,339万,33948元/平,中楼层 (共18层) 2室1厅 | 99.86平米 | 西南 北,https://s1.ljcdn.com/pegasus/redskull/images/common/default_house_list.png?_v=202410161653269
20241028,通州,梨园,101127010787,梨园地铁 商圈成熟电梯房三居 满5唯一诚意出售新上,290万,30096元/平,中楼层 (共20层) | 2003年 | 3室1厅 | 96.36平米 | 东 北,https://s1.ljcdn.com/pegasus/redskull/images/common/default_house_list.png?_v=202410161653269
20241028,通州,梨园,101127001196,近梨园地铁站 有电梯 正规一室一厅 诚心出售新上,139万,26553元/平,中楼层 (共10层) | 2004年 | 1室1厅 | 52.35平米 | 北,https://s1.ljcdn.com/pegasus/redskull/images/common/default_house_list.png?_v=202410161653269
20241028,通州,梨园,101126938642,梨园地铁 正规三居无遮挡采光好交通便利,320万,32960元/平,中楼层 (共7层) 3室1厅 | 97.09平米 | 南 北,https://s1.ljcdn.com/pegasus/redskull/images/common/default_house_list.png?_v=202410161653269
20241028,通州,梨园,101126821800,新通国际花园 3室2厅 南 北,650万,46966元/平,低楼层 (共21层) | 2009年 | 3室2厅 | 138.4平米 | 南 北,https://s1.ljcdn.com/pegasus/redskull/images/common/default_house_list.png?_v=202410161653269
20241028,通州,梨园,101126812077,新通国际 南北通透 中间楼层 装修好近地铁配套齐,230万,34551元/平,中楼层 (共6层) 2室1厅 | 66.57平米 | 南 北,https://s1.ljcdn.com/pegasus/redskull/images/common/default_house_list.png?_v=202410161653269
20241028,通州,梨园,101126647248,新通国际花园 南北通透 中高楼层 两居满五唯 一,359万,41147元/平,中楼层 (共14层) | 2010年 | 2室1厅 | 87.25平米 | 南 北,https://s1.ljcdn.com/pegasus/redskull/images/common/default_house_list.png?_v=202410161653269
20241028,通州,梨园,101126634649,新城嘉园 2室1厅 南 北,299万,38746元/平,低楼层 (共28层) 2室1厅 | 77.17平米 | 南 北,https://s1.ljcdn.com/pegasus/redskull/images/common/default_house_list.png?_v=202410161653269
20241028,通州,梨园,101126633093,新城阳光 1室1厅 南,219万,46865元/平,中楼层 (共15层) | 2012年 | 1室1厅 | 46.73平米 | 南,https://s1.ljcdn.com/pegasus/redskull/images/common/default_house_list.png?_v=202410161653269
20241028,通州,梨园,101126460042,此房是小区里不临街不把边的双卫两居室无噪音卧室,458万,43703元/平,低楼层 (共17层) | 2010年 | 2室1厅 | 104.8平米 | 南 北,https://s1.ljcdn.com/pegasus/redskull/images/common/default_house_list.png?_v=202410161653269
20241028,通州,梨园,101126365499,云景里南大门 3室1厅 南 北,335万,30018元/平,中楼层 (共6层) 3室1厅 | 111.6平米 | 南 北,https://s1.ljcdn.com/pegasus/redskull/images/common/default_house_list.png?_v=202410161653269
20241028,通州,梨园,101126363609,时尚街区东区 3室2厅 南 北,450万,39471元/平,高楼层 (共13层) | 2005年 | 3室2厅 | 114.01平米 | 南 北,https://s1.ljcdn.com/pegasus/redskull/images/common/default_house_list.png?_v=202410161653269
20241028,通州,梨园,101126338682,公庄小区 3室2厅 南 北,350万,29933元/平,底层 (共7层) | 2002年 | 3室2厅 | 116.93平米 | 南 北,https://s1.ljcdn.com/pegasus/redskull/images/common/default_house_list.png?_v=202410161653269
20241028,通州,梨园,101126316679,桃花岛 满五唯一 南北通透 钢混结构 双卧客厅朝南,460万,32468元/平,高楼层 (共6层) 3室2厅 | 141.68平米 | 南 北,https://s1.ljcdn.com/pegasus/redskull/images/common/default_house_list.png?_v=202410161653269
20241028,通州,梨园,101126006488,中建二局家属院 3室1厅 西南,430万,35867元/平,高楼层 (共18层) 3室1厅 | 119.89平米 | 西南,https://s1.ljcdn.com/pegasus/redskull/images/common/default_house_list.png?_v=202410161653269
20241028,通州,梨园,101125882123,站前巴黎采光充足诚心出售看房提前预约,45万,17137元/平,中楼层 (共5层) 1室0厅 | 26.26平米 | 西,https://s1.ljcdn.com/pegasus/redskull/images/common/default_house_list.png?_v=202410161653269
20241028,通州,梨园,101123933958,新通国际花园 2室1厅 南 北,415万,44390元/平,高楼层 (共14层) | 2010年 | 2室1厅 | 93.49平米 | 南 北,https://s1.ljcdn.com/pegasus/redskull/images/common/default_house_list.png?_v=202410161653269
