20241022,朝阳,惠新西街,101127073529,农民日报社家属院 全明三居满五只有这一套住房必看好房,500万,74750元/平,中楼层 (共6层) 3室1厅 | 66.89平米 | 南 北,https://ke-image.ljcdn.com/110000-inspection/bedcf43f-ae01-48bd-8fc0-d78729851548_1000.jpg!m_fill,w_280,h_210,f_jpg?from=ke.com
20241022,朝阳,惠新西街,101127070411,核地质研究院   南北通透   近地铁5/10号线必看好房,439万,68788元/平,高楼层 (共6层) 2室1厅 | 63.82平米 | 南 北,https://ke-image.ljcdn.com/110000-inspection/beb41d9b-20f2-494d-a67b-8eab8dbc1f55_1000.jpg!m_fill,w_280,h_210,f_jpg?from=ke.com
20241022,朝阳,惠新西街,101126992532,满五年唯一看房有钥匙1994年建成必看好房,498万,63126元/平,中楼层 (共6层) | 1994年 | 3室1厅 | 78.89平米 | 南 北,https://ke-image.ljcdn.com/110000-inspection/8aa29bf9-edef-4d11-8d07-c716983e0b24_1000.jpg!m_fill,w_280,h_210,f_jpg?from=ke.com
20241022,朝阳,惠新西街,101126933141,军休所 地铁近 管理好 停车方便 诚意出售必看好房,550万,79711元/平,底层 (共5层) | 1999年 | 3室1厅 | 69平米 | 南 北,https://ke-image.ljcdn.com/110000-inspection/4c50821c-214f-482d-b25b-44b3cef634f5_1000.jpg!m_fill,w_280,h_210,f_jpg?from=ke.com
20241022,朝阳,惠新西街,101126932166,新上惠新里3/6层 公积金组合可贷27年满五年唯一必看好房,365万,68687元/平,中楼层 (共6层) 2室1厅 | 53.14平米 | 南 北,https://ke-image.ljcdn.com/110000-inspection/1febc418-80c1-4d26-b8a5-00c9e3336adf_1000.jpg!m_fill,w_280,h_210,f_jpg?from=ke.com
20241022,朝阳,惠新西街,101126933428,双轨地铁沿线+板楼把边三居室+明厨明卫+满5年,555万,69909元/平,高楼层 (共6层) 3室1厅 | 79.39平米 | 东 西,https://ke-image.ljcdn.com/110000-inspection/5097a04f-1a34-4a15-9af9-53840cd05f84_1000.jpg!m_fill,w_280,h_210,f_jpg?from=ke.com
20241022,朝阳,惠新西街,101126920690,千鹤家园正规南向两居高楼层采光视野无遮挡精装必看好房,660万,75317元/平,高楼层 (共25层) | 2005年 | 2室1厅 | 87.63平米 | 南,https://ke-image.ljcdn.com/110000-inspection/a0aadfb7-dd15-4fac-962f-c57afc4dd97d_1000.jpg!m_fill,w_280,h_210,f_jpg?from=ke.com
20241022,朝阳,惠新西街,101126915450,安苑东里次新  计量院福利分房 1997年楼龄房主自荐,375万,57183元/平,底层 (共6层) 1室1厅 | 65.58平米 | 南 北,https://ke-image.ljcdn.com/110000-inspection/9291276e-3683-40ec-a1aa-6624452010a8_1000.jpg!m_fill,w_280,h_210,f_jpg?from=ke.com
20241022,朝阳,惠新西街,101126835314,小关东里10号院 楼龄新1999年钢混 近地铁必看好房,886万,85070元/平,低楼层 (共6层) 3室1厅 | 104.15平米 | 南 北,https://ke-image.ljcdn.com/110000-inspection/pc1_Qh8oSSRQ9.jpg!m_fill,w_280,h_210,f_jpg?from=ke.com
20241022,朝阳,惠新西街,101126774866,惠新里小区 朝南一居室 楼龄1991年 交通便利必看好房,245万,58937元/平,高楼层 (共6层) 1室1厅 | 41.57平米 | 南,https://ke-image.ljcdn.com/110000-inspection/pc1_amcswUFf8.jpg!m_fill,w_280,h_210,f_jpg?from=ke.com
20241022,朝阳,惠新西街,101126694338,朝南全明两居户型方正精装修满五唯一必看好房,445万,66379元/平,低楼层 (共6层) 2室1厅 | 67.04平米 | 南,https://ke-image.ljcdn.com/110000-inspection/266cefcc-b8fc-452c-b74f-f6557b8191eb_1000.jpg!m_fill,w_280,h_210,f_jpg?from=ke.com
20241022,朝阳,惠新西街,101126634272,北三环2005年社区 南北朝向双卫三居 一梯两户必看好房,1230万,94835元/平,中楼层 (共12层) 3室2厅 | 129.7平米 | 南 北,https://ke-image.ljcdn.com/110000-inspection/89a8ab37-c73c-4f02-b0aa-049c8695a70e_1000.jpg!m_fill,w_280,h_210,f_jpg?from=ke.com
20241022,朝阳,惠新西街,101126571952,小关北里16平大客厅 南北双阳台 楼龄新1997年必看好房,380万,63092元/平,底层 (共6层) | 1997年 | 2室1厅 | 60.23平米 | 南 北,https://ke-image.ljcdn.com/110000-inspection/pc1_8AVgo0OR6.jpg!m_fill,w_280,h_210,f_jpg?from=ke.com
20241022,朝阳,惠新西街,101126569322,樱花园是中间层正规南北通透田字格三居室明厨明卫,588万,83145元/平,低楼层 (共6层) | 1986年 | 3室1厅 | 70.72平米 | 南 北,https://ke-image.ljcdn.com/110000-inspection/41c9b148-591f-4827-9509-0b76a95ce5bc_1000.jpg!m_fill,w_280,h_210,f_jpg?from=ke.com
20241022,朝阳,惠新西街,101126544095,新上小关北里电梯大两居室 业主诚意出售必看好房,446万,63022元/平,中楼层 (共12层) | 1995年 | 2室1厅 | 70.77平米 | 东南,https://ke-image.ljcdn.com/110000-inspection/pc1_jV7UQ7DuM.jpg!m_fill,w_280,h_210,f_jpg?from=ke.com
20241022,朝阳,惠新西街,101126462610,北三环胜古家园2000年社区南北通透好户型两居必看好房,650万,84078元/平,中楼层 (共14层) 2室1厅 | 77.31平米 | 南 北,https://ke-image.ljcdn.com/110000-inspection/8bb92ec5-ac3f-4a4f-8b5e-2223a5402da6_1000.jpg!m_fill,w_280,h_210,f_jpg?from=ke.com
20241022,朝阳,惠新西街,101126393911,小关24号院大两居室  双卧朝南 大阳台 近地铁必看好房,455万,58908元/平,底层 (共17层) 2室1厅 | 77.24平米 | 南,https://ke-image.ljcdn.com/110000-inspection/pc1_mMOB7H2iT.jpg!m_fill,w_280,h_210,f_jpg?from=ke.com
20241022,朝阳,惠新西街,101126363328,惠新南里5号院朝南一居室 小区斜对面地铁双轨满五年必看好房,269万,60233元/平,低楼层 (共16层) | 1988年 | 1室1厅 | 44.66平米 | 南,https://ke-image.ljcdn.com/110000-inspection/pc1_1jQXTBP4g.jpg!m_fill,w_280,h_210,f_jpg?from=ke.com
20241022,朝阳,惠新西街,101126356409,惠新里军休所 大客厅 管理好 楼龄新 车位充足,499万,61115元/平,高楼层 (共6层) | 1993年 | 3室1厅 | 81.65平米 | 东 南 北,https://ke-image.ljcdn.com/110000-inspection/pc1_CSmhPM449.jpg!m_fill,w_280,h_210,f_jpg?from=ke.com
20241022,朝阳,惠新西街,101126340954,满两年商品房 价格可以优惠 南北通透 楼层2层必看好房,363万,66290元/平,低楼层 (共6层) 2室1厅 | 54.76平米 | 南 北,https://ke-image.ljcdn.com/110000-inspection/pc1_nGFFFVPsM.jpg!m_fill,w_280,h_210,f_jpg?from=ke.com
20241022,朝阳,惠新西街,101126225712,安苑东里一区 2室1厅 南 北必看好房,560万,70583元/平,中楼层 (共6层) 2室1厅 | 79.34平米 | 南 北,https://ke-image.ljcdn.com/110000-inspection/pc1_z5omwurku.jpg!m_fill,w_280,h_210,f_jpg?from=ke.com
20241022,朝阳,惠新西街,101126086800,97年楼龄 户型方正 南北通透 不临街 没有遮挡必看好房,558万,75203元/平,中楼层 (共6层) | 1997年 | 3室1厅 | 74.2平米 | 南 北,https://ke-image.ljcdn.com/110000-inspection/pc1_dXq7ZWrRb.jpg!m_fill,w_280,h_210,f_jpg?from=ke.com
20241022,朝阳,惠新西街,101125951993,南北通透三居 有钥匙随时看房 随时签约必看好房,358万,57659元/平,顶层 (共5层) | 1987年 | 3室1厅 | 62.09平米 | 南 北,https://ke-image.ljcdn.com/110000-inspection/pc1_HGDlpRlsi_1.jpg!m_fill,w_280,h_210,f_jpg?from=ke.com
20241022,朝阳,惠新西街,101125950359,新上 干休所 管理好 近地铁 户型好正规大客厅必看好房,490万,64525元/平,中楼层 (共7层) | 1993年 | 3室1厅 | 75.94平米 | 东 西,https://ke-image.ljcdn.com/110000-inspection/pc1_ZAWR6ykNz.jpg!m_fill,w_280,h_210,f_jpg?from=ke.com
20241022,朝阳,惠新西街,101125796138,樱花园新登记田字格三居东边户客厅带窗户满五唯一必看好房,540万,74156元/平,高楼层 (共6层) 3室1厅 | 72.82平米 | 东 南 北,https://ke-image.ljcdn.com/110000-inspection/pc1_G0spqwoG4_1.jpg!m_fill,w_280,h_210,f_jpg?from=ke.com
20241022,朝阳,惠新西街,101125750810,1994年建成满五唯一全明户型中间楼层有钥匙随时看必看好房,510万,66338元/平,中楼层 (共6层) | 1994年 | 3室1厅 | 76.88平米 | 南 北,https://ke-image.ljcdn.com/110000-inspection/pc1_cB9oa2EN2.jpg!m_fill,w_280,h_210,f_jpg?from=ke.com
20241022,朝阳,惠新西街,101125524291,樱花东街 化大家属楼 价格低一居室 诚售,199万,53538元/平,高楼层 (共6层) 1室1厅 | 37.17平米 | 东,https://ke-image.ljcdn.com/110000-inspection/5709f682-2a4a-45ab-a072-e97cadfd414b_1000.jpg!m_fill,w_280,h_210,f_jpg?from=ke.com
20241022,朝阳,惠新西街,101125505312,千鹤家园 高楼层无遮挡 视野好 满五唯一必看好房,470万,65387元/平,高楼层 (共25层) 1室1厅 | 71.88平米 | 北,https://ke-image.ljcdn.com/110000-inspection/pc1_FjlDW63Pp.jpg!m_fill,w_280,h_210,f_jpg?from=ke.com
20241022,朝阳,惠新西街,101125496510,小关东街93年 安贞门地铁站 单独管理 成本低必看好房,339万,59610元/平,高楼层 (共6层) | 1993年 | 2室1厅 | 56.87平米 | 南 北,https://ke-image.ljcdn.com/110000-inspection/pc1_VBEy337rB.jpg!m_fill,w_280,h_210,f_jpg?from=ke.com
20241022,朝阳,惠新西街,101125452688,军休所电梯三居室惠新西街南口 公积金可贷款30年必看好房,650万,82940元/平,高楼层 (共20层) 3室1厅 | 78.37平米 | 东南 西北,https://ke-image.ljcdn.com/110000-inspection/pc1_a6ORjqQHb.jpg!m_fill,w_280,h_210,f_jpg?from=ke.com
20241022,朝阳,惠新西街,101125430804,惠新西里二区 3室1厅 东南房主自荐,540万,71676元/平,低楼层 (共20层) | 1991年 | 3室1厅 | 75.34平米 | 东南,https://ke-image.ljcdn.com/110000-inspection/pc1_oPh1EYTsz.jpg!m_fill,w_280,h_210,f_jpg?from=ke.com
20241022,朝阳,惠新西街,101125376668,樱花园好楼层南北通透有客厅1990年,432万,70600元/平,低楼层 (共6层) | 1990年 | 2室1厅 | 61.19平米 | 南 北,https://ke-image.ljcdn.com/110000-inspection/93301d1b-92e8-4377-bdff-00fac9c43179_1000.jpg!m_fill,w_280,h_210,f_jpg?from=ke.com
20241022,朝阳,惠新西街,101125367607,胜古东里全南向中间层两条地铁满五唯一必看好房,299万,54984元/平,高楼层 (共6层) 2室1厅 | 54.38平米 | 南,https://ke-image.ljcdn.com/110000-inspection/5ce2d936-f661-4fea-b2d0-df52cca7a0fe_1000.jpg!m_fill,w_280,h_210,f_jpg?from=ke.com
20241022,朝阳,惠新西街,101125161952,新上 2层两居 外经贸家属楼 双卧朝南 采光好必看好房,340万,61841元/平,中楼层 (共5层) 2室1厅 | 54.98平米 | 南,https://ke-image.ljcdn.com/110000-inspection/pc1_I6ZpqBziB_1.jpg!m_fill,w_280,h_210,f_jpg?from=ke.com
20241022,朝阳,惠新西街,101125158353,高档装修 邻5/10号线地铁 卧室客厅双南向 安静必看好房,370万,79966元/平,中楼层 (共6层) 1室1厅 | 46.27平米 | 南,https://ke-image.ljcdn.com/110000-inspection/pc1_x2XEEjDvT.jpg!m_fill,w_280,h_210,f_jpg?from=ke.com
20241022,朝阳,惠新西街,101125122992,小关北里 1995年电梯房 南北通透三居 近双地铁必看好房,540万,70607元/平,高楼层 (共12层) 3室1厅 | 76.48平米 | 南 北,https://ke-image.ljcdn.com/110000-inspection/pc1_WIrFGwHhT.jpg!m_fill,w_280,h_210,f_jpg?from=ke.com
20241022,朝阳,惠新西街,101125071441,胜古南里东城教委宿舍独门独院院内干净整洁必看好房,359万,64464元/平,底层 (共6层) | 1986年 | 2室1厅 | 55.69平米 | 南 北,https://ke-image.ljcdn.com/110000-inspection/pc1_U2pM5IxMb.jpg!m_fill,w_280,h_210,f_jpg?from=ke.com
20241022,朝阳,惠新西街,101124968465,安苑东里一区计量院家属楼中间层南向一居室,238万,59382元/平,低楼层 (共6层) | 1990年 | 1室1厅 | 40.08平米 | 南,https://ke-image.ljcdn.com/110000-inspection/pc1_m6Rl2K1Li.jpg!m_fill,w_280,h_210,f_jpg?from=ke.com
20241022,朝阳,惠新西街,101124791819,惠新西街小区 电梯两居室 交通便利 新增必看好房,410万,69859元/平,低楼层 (共18层) 2室1厅 | 58.69平米 | 南,https://ke-image.ljcdn.com/110000-inspection/pc1_ow5Ybu98i.jpg!m_fill,w_280,h_210,f_jpg?from=ke.com
20241022,朝阳,惠新西街,101124709057,次新房智能社区近公园地铁 北三环边次新房 停车免费,1180万,124657元/平,低楼层 (共21层) | 2020年 | 2室1厅 | 94.66平米 | 西北,https://ke-image.ljcdn.com/110000-inspection/pc1_wCmthyo1G.jpg!m_fill,w_280,h_210,f_jpg?from=ke.com
20241022,朝阳,惠新西街,101124486095,房子楼龄新 南向一居室诚信出售,292万,67004元/平,低楼层 (共6层) | 1999年 | 1室1厅 | 43.58平米 | 南,https://ke-image.ljcdn.com/110000-inspection/15a072e3-2e52-4044-ba7d-29ab948aa5b2_1000.jpg!m_fill,w_280,h_210,f_jpg?from=ke.com
20241022,朝阳,惠新西街,101124054522,店长推荐 小关北里 精装修 南北通透 诚意出售必看好房,375万,58723元/平,高楼层 (共6层) | 1993年 | 2室1厅 | 63.86平米 | 南 北,https://ke-image.ljcdn.com/110000-inspection/06356b4d-93e1-479c-aa3c-38edf2750eb9_1000.jpg!m_fill,w_280,h_210,f_jpg?from=ke.com
20241022,朝阳,惠新西街,101124022803,小关北里24号院 高楼层 无遮挡 精装三居房主自荐,660万,82162元/平,高楼层 (共17层) | 1990年 | 3室1厅 | 80.33平米 | 西南,https://ke-image.ljcdn.com/110000-inspection/0fa9e838-a2f0-4bbd-b73d-54afe4d85cbd_1000.jpg!m_fill,w_280,h_210,f_jpg?from=ke.com
20241022,朝阳,惠新西街,101123676602,惠中园小区 高楼层 满五唯一 精装修必看好房,683万,66817元/平,高楼层 (共24层) | 1999年 | 2室1厅 | 102.22平米 | 西南,https://ke-image.ljcdn.com/110000-inspection/pc1_miwyNE7Ty.jpg!m_fill,w_280,h_210,f_jpg?from=ke.com
20241022,朝阳,惠新西街,101123619245,惠新里小区3居室经贸大学家属楼诚意卖有地铁必看好房,430万,62976元/平,低楼层 (共6层) 3室1厅 | 68.28平米 | 东 西,https://ke-image.ljcdn.com/110000-inspection/pc1_72sg88Owr.jpg!m_fill,w_280,h_210,f_jpg?from=ke.com
20241022,朝阳,惠新西街,101123545582,小关东里10号院 南北两居室 93年楼龄必看好房,465万,72862元/平,低楼层 (共6层) 2室1厅 | 63.82平米 | 南 北,https://ke-image.ljcdn.com/110000-inspection/pc1_PqtkXVzPD.jpg!m_fill,w_280,h_210,f_jpg?from=ke.com
20241022,朝阳,惠新西街,101123198857,安苑东里三区 一居室户型两居用  南北通透必看好房,252万,58132元/平,顶层 (共6层) 2室1厅 | 43.35平米 | 南 北,https://ke-image.ljcdn.com/110000-inspection/pc1_bxBNsZ4X6.jpg!m_fill,w_280,h_210,f_jpg?from=ke.com
20241022,朝阳,惠新西街,101123179684,带电梯 高层 东西 精装 一居室 满五唯一房主自荐,273万,63637元/平,高楼层 (共16层) | 1986年 | 1室1厅 | 42.9平米 | 东,https://ke-image.ljcdn.com/110000-inspection/pc1_Stq9gfX0N.jpg!m_fill,w_280,h_210,f_jpg?from=ke.com
20241022,朝阳,惠新西街,101122990705,惠新西里一区南北两居低楼层满五唯一诚意卖必看好房,365万,63029元/平,低楼层 (共6层) 2室1厅 | 57.91平米 | 南 北,https://ke-image.ljcdn.com/110000-inspection/pc1_pBVgfqvww.jpg!m_fill,w_280,h_210,f_jpg?from=ke.com
20241022,朝阳,惠新西街,101122612000,中直5号院新上一居室朝南向业主诚意出售。必看好房,415万,81437元/平,中楼层 (共18层) 1室1厅 | 50.96平米 | 南,https://ke-image.ljcdn.com/110000-inspection/pc1_tvCdYUX1U_1.jpg!m_fill,w_280,h_210,f_jpg?from=ke.com
20241022,朝阳,惠新西街,101122592566,北四环内 朝阳教委家属楼2居室 诚意出售必看好房,320万,57235元/平,中楼层 (共6层) | 1984年 | 2室1厅 | 55.91平米 | 东 西,https://ke-image.ljcdn.com/110000-inspection/pc1_GUhsrGHAH.jpg!m_fill,w_280,h_210,f_jpg?from=ke.com
20241022,朝阳,惠新西街,101115527209,可看可签全明格局田字格三居室 近地铁不临街停车方便,708万,88115元/平,低楼层 (共6层) | 1987年 | 3室1厅 | 80.35平米 | 南 北,https://ke-image.ljcdn.com/110000-inspection/pc1_yqd6qsH6Q.jpg!m_fill,w_280,h_210,f_jpg?from=ke.com
20241022,朝阳,惠新西街,101127118607,新上安苑东里 全明格局三居室带双阳台 满五唯一必看好房,525万,58418元/平,顶层 (共6层) | 1987年 | 3室1厅 | 89.87平米 | 南 北 东,https://ke-image.ljcdn.com/110000-inspection/pc1_iB8sxQTSQ.jpg!m_fill,w_280,h_210,f_jpg?from=ke.com
20241022,朝阳,惠新西街,101127103273,惠新西里一区有电梯公积金贷款27年满五年唯一必看好房,380万,71029元/平,高楼层 (共6层) 2室1厅 | 53.5平米 | 南 北,https://ke-image.ljcdn.com/110000-inspection/pc1_4a6cCf7tb.jpg!m_fill,w_280,h_210,f_jpg?from=ke.com
20241022,朝阳,惠新西街,101127102134,樱花东街新上一居室  近公园地铁医院必看好房,225万,59180元/平,底层 (共6层) | 1989年 | 1室1厅 | 38.02平米 | 东,https://ke-image.ljcdn.com/110000-inspection/pc1_L7K0QrS6g.jpg!m_fill,w_280,h_210,f_jpg?from=ke.com
20241022,朝阳,惠新西街,101127056275,安苑东里一区 2室1厅 南 北必看好房,290万,53124元/平,底层 (共6层) | 1986年 | 2室1厅 | 54.59平米 | 南 北,https://ke-image.ljcdn.com/110000-inspection/pc1_pU9tgAc0y.jpg!m_fill,w_280,h_210,f_jpg?from=ke.com
20241022,朝阳,惠新西街,101127023615,小关中间等一居室  诚心出售  随时签约必看好房,300万,59489元/平,中楼层 (共6层) 1室1厅 | 50.43平米 | 南,https://ke-image.ljcdn.com/110000-inspection/pc1_0qubKzUln.jpg!m_fill,w_280,h_210,f_jpg?from=ke.com
20241022,朝阳,惠新西街,101127019096,樱花东街 93年钢混 化工大家属楼 次顶层必看好房,330万,55398元/平,高楼层 (共6层) 2室1厅 | 59.57平米 | 东 西,https://ke-image.ljcdn.com/110000-inspection/pc1_IX2m00TZ8.jpg!m_fill,w_280,h_210,f_jpg?from=ke.com
20241022,朝阳,惠新西街,101127005708,小关北里1997大客厅两居室 双卧室朝南  双阳台必看好房,525万,70755元/平,高楼层 (共6层) | 1997年 | 3室1厅 | 74.2平米 | 南 北,https://ke-image.ljcdn.com/110000-inspection/pc1_JNYxNKhOt.jpg!m_fill,w_280,h_210,f_jpg?from=ke.com
20241022,朝阳,惠新西街,101126992742,惠新北里精装修楼层5层满五年采光充足视野,698万,79346元/平,低楼层 (共16层) | 1995年 | 3室1厅 | 87.97平米 | 西北 东南,https://ke-image.ljcdn.com/110000-inspection/pc1_7eVm6l11E.jpg!m_fill,w_280,h_210,f_jpg?from=ke.com
20241022,朝阳,惠新西街,101126950136,惠新西街 惠新苑西南三居室不临街 采光好安静有车位必看好房,1060万,71338元/平,中楼层 (共14层) 3室1厅 | 148.59平米 | 西南,https://ke-image.ljcdn.com/110000-inspection/6911dbf2-5d6e-449b-a212-952bbb3c8fea_1000.jpg!m_fill,w_280,h_210,f_jpg?from=ke.com
20241022,朝阳,惠新西街,101126901838,中日樱花园 中间层 双南2居室 采光充足 满五唯一,365万,68868元/平,高楼层 (共6层) 2室1厅 | 53平米 | 南,https://ke-image.ljcdn.com/110000-inspection/pc1_mh9rHabjM.jpg!m_fill,w_280,h_210,f_jpg?from=ke.com
20241022,朝阳,惠新西街,101126607118,惠新北里高楼层视野好满五年采光充足视野好必看好房,688万,78209元/平,高楼层 (共16层) | 1995年 | 3室1厅 | 87.97平米 | 东南 西北,https://ke-image.ljcdn.com/110000-inspection/pc1_43YSbIrES.jpg!m_fill,w_280,h_210,f_jpg?from=ke.com
20241022,朝阳,惠新西街,101126515689,惠新北里 三居室 满五年 物业管理好 有电梯必看好房,680万,78063元/平,低楼层 (共16层) 3室1厅 | 87.11平米 | 北 东 南,https://ke-image.ljcdn.com/110000-inspection/pc1_Ug6PWXEtW.jpg!m_fill,w_280,h_210,f_jpg?from=ke.com
20241022,朝阳,惠新西街,101126235100,惠新东街甲15号 2室1厅 南必看好房,399万,71238元/平,低楼层 (共14层) | 1986年 | 2室1厅 | 56.01平米 | 南,https://ke-image.ljcdn.com/110000-inspection/pc1_q6ukeN74K.jpg!m_fill,w_280,h_210,f_jpg?from=ke.com
20241022,朝阳,惠新西街,101126179791,计量院家属院管理好不临街采光充足诚心出售！必看好房,235万,53410元/平,低楼层 (共6层) 1室1厅 | 44平米 | 南,https://ke-image.ljcdn.com/110000-inspection/pc1_bD3CsIreF.jpg!m_fill,w_280,h_210,f_jpg?from=ke.com
20241022,朝阳,惠新西街,101126173207,中日樱花园南北通透全明2居室采光好满五年必看好房,333万,55528元/平,顶层 (共6层) 2室1厅 | 59.97平米 | 南 北,https://ke-image.ljcdn.com/110000-inspection/pc1_EjHzH0xuT.jpg!m_fill,w_280,h_210,f_jpg?from=ke.com
20241022,朝阳,惠新西街,101126141264,惠新里小区 朝南电梯一居室 满五年 随时可看可谈价必看好房,265万,61060元/平,顶层 (共20层) 1室1厅 | 43.4平米 | 南,https://ke-image.ljcdn.com/110000-inspection/pc1_mSv4X4U3V.jpg!m_fill,w_280,h_210,f_jpg?from=ke.com
20241022,朝阳,惠新西街,101126021535,胜古南里精装田字格三居中间楼层采光好满五唯必看好房,599万,74847元/平,中楼层 (共6层) 3室1厅 | 80.03平米 | 南 北,https://ke-image.ljcdn.com/110000-inspection/pc1_DIgVFRz9i.jpg!m_fill,w_280,h_210,f_jpg?from=ke.com
20241022,朝阳,惠新西街,101125690359,南北中间层两居婚房装修满五年唯一卫生干湿分离必看好房,379万,66962元/平,中楼层 (共6层) 2室1厅 | 56.6平米 | 南 北,https://ke-image.ljcdn.com/110000-inspection/pc1_dcCKj7QNN.jpg!m_fill,w_280,h_210,f_jpg?from=ke.com
20241022,朝阳,惠新西街,101125558785,低楼层 南北通透 双线地铁 配套齐全必看好房,530万,83729元/平,底层 (共6层) | 1984年 | 3室1厅 | 63.3平米 | 南 北,https://ke-image.ljcdn.com/110000-inspection/pc1_7tbbIRc7d.jpg!m_fill,w_280,h_210,f_jpg?from=ke.com
20241022,朝阳,惠新西街,101125137535,小关东里10号院 2室1厅 南 北必看好房,330万,60363元/平,底层 (共7层) 2室1厅 | 54.67平米 | 南 北,https://ke-image.ljcdn.com/110000-inspection/pc1_VPNBJOJzV_1.jpg!m_fill,w_280,h_210,f_jpg?from=ke.com
20241022,朝阳,惠新西街,101125046878,城市出品南北通透三居中间层精装修带固定车。必看好房,1245万,95991元/平,中楼层 (共12层) 3室2厅 | 129.7平米 | 南 北,https://ke-image.ljcdn.com/110000-inspection/pc1_QmujLowfi.jpg!m_fill,w_280,h_210,f_jpg?from=ke.com
20241022,朝阳,惠新西街,101124833762,城市出品中间层一居室看房有钥匙,363万,68042元/平,中楼层 (共10层) | 2005年 | 1室1厅 | 53.35平米 | 西,https://ke-image.ljcdn.com/110000-inspection/pc1_Gq4ZfmT5L.jpg!m_fill,w_280,h_210,f_jpg?from=ke.com
20241022,朝阳,惠新西街,101123470804,核地质研究院家属院南向一居室。四层有钥匙必看好房,240万,63026元/平,中楼层 (共6层) | 1983年 | 1室1厅 | 38.08平米 | 南,https://ke-image.ljcdn.com/110000-inspection/pc1_2OlIwvT1h_1.jpg!m_fill,w_280,h_210,f_jpg?from=ke.com
20241022,朝阳,惠新西街,101118800207,军休所总监推荐 精装修 把边有明窗 满五唯一 随时签约房主自荐,675万,92000元/平,高楼层 (共6层) 3室1厅 | 73.37平米 | 南 北,https://ke-image.ljcdn.com/110000-inspection/pc1_yLSLWppC2.jpg!m_fill,w_280,h_210,f_jpg?from=ke.com
20241022,朝阳,惠新西街,101127179816,1999年南北通透两居 近地铁 出行便利新上,359万,61024元/平,底层 (共6层) | 1999年 | 2室1厅 | 58.83平米 | 南 北,https://ke-image.ljcdn.com/110000-inspection/28468881-5211-4d6e-8023-5c02efd93f50_1000.jpg!m_fill,w_280,h_210,f_jpg?from=ke.com
20241022,朝阳,惠新西街,101127140235,满五年南北通透独院管理不临街新上,310万,52463元/平,顶层 (共6层) 2室1厅 | 59.09平米 | 南 北,https://ke-image.ljcdn.com/110000-inspection/b68b80e8-5f79-4474-b9f8-01649fc42532_1000.jpg!m_fill,w_280,h_210,f_jpg?from=ke.com
20241022,朝阳,惠新西街,101127117621,全面改造完成 冶金部管理好 中楼层 不临街 管理好新上,388万,66656元/平,中楼层 (共6层) | 1990年 | 2室1厅 | 58.21平米 | 南 北,https://ke-image.ljcdn.com/110000-inspection/43d097aa-cc3f-4f16-9e3f-236b2dd18962_1000.jpg!m_fill,w_280,h_210,f_jpg?from=ke.com
20241022,朝阳,惠新西街,101127094046,惠新西街双南两居室满五年唯一 不临街 无遮挡新上,315万,62204元/平,高楼层 (共6层) 2室1厅 | 50.64平米 | 南,https://ke-image.ljcdn.com/110000-inspection/82fc05e2-fa1b-4073-b8aa-08828eff99c0_1000.jpg!m_fill,w_280,h_210,f_jpg?from=ke.com
20241022,朝阳,惠新西街,101127088884,安苑东里三区 2室1厅 北 南新上,198万,38763元/平,地下室 (共6层) | 1994年 | 2室1厅 | 51.08平米 | 北 南,https://ke-image.ljcdn.com/110000-inspection/4e3b7b86-ebda-4118-ab47-5f98a7ad9461_1000.jpg!m_fill,w_280,h_210,f_jpg?from=ke.com
20241022,朝阳,惠新西街,101127067831,惠新西里一区 精装南向两居室 看房方便有电梯新上,420万,74205元/平,低楼层 (共16层) | 1986年 | 2室1厅 | 56.6平米 | 南,https://ke-image.ljcdn.com/110000-inspection/d17d8595-916c-425f-b494-c100454f304a_1000.jpg!m_fill,w_280,h_210,f_jpg?from=ke.com
20241022,朝阳,惠新西街,101127047865,千鹤家园非顶层视野采光好满5年唯一新上,489万,85415元/平,高楼层 (共25层) | 2004年 | 1室1厅 | 57.25平米 | 东,https://ke-image.ljcdn.com/110000-inspection/f8a6df0c-2274-43be-a6be-e33b27cf5ecf_1000.jpg!m_fill,w_280,h_210,f_jpg?from=ke.com
20241022,朝阳,惠新西街,101127036048,樱花园东街8号楼 明亮的低楼层户型新上,460万,71352元/平,低楼层 (共6层) 3室1厅 | 64.47平米 | 南 北,https://ke-image.ljcdn.com/110000-inspection/pc1_jUg29xvPa.jpg!m_fill,w_280,h_210,f_jpg?from=ke.com
20241022,朝阳,惠新西街,101127019285,胜古北里南北三居室一层适合老人,450万,68724元/平,底层 (共6层) | 1982年 | 2室1厅 | 65.48平米 | 南 北,https://ke-image.ljcdn.com/110000-inspection/943fe12e-db3c-4077-9703-2716f117e09b_1000.jpg!m_fill,w_280,h_210,f_jpg?from=ke.com
20241022,朝阳,惠新西街,101127019086,朝阳示范小区 田字格三居 视野好 采光好,560万,77157元/平,顶层 (共6层) | 1986年 | 3室1厅 | 72.58平米 | 南 北,https://ke-image.ljcdn.com/110000-inspection/97478c7b-7375-4154-bac0-cc58cd52097a_1000.jpg!m_fill,w_280,h_210,f_jpg?from=ke.com
20241022,朝阳,惠新西街,101127018842,寰球化工小区单独管理 双地铁精装修满五唯一,410万,63754元/平,顶层 (共6层) 2室1厅 | 64.31平米 | 南 北,https://ke-image.ljcdn.com/110000-inspection/b1ae3a15-21eb-4d10-82a5-797252d82ba0_1000.jpg!m_fill,w_280,h_210,f_jpg?from=ke.com
20241022,朝阳,惠新西街,101126995590,樱花园小区惠新西街南低楼层两居室精装修南北通透哦,448万,73215元/平,低楼层 (共6层) | 1990年 | 2室1厅 | 61.19平米 | 南 北,https://ke-image.ljcdn.com/110000-inspection/db8b9fe6-4855-408b-b5f7-a63262a0a313_1000.jpg!m_fill,w_280,h_210,f_jpg?from=ke.com
20241022,朝阳,惠新西街,101126990224,惠新里近地铁户型好精装修满五唯一,430万,61412元/平,顶层 (共6层) | 1992年 | 3室1厅 | 70.02平米 | 南 北,https://ke-image.ljcdn.com/110000-inspection/a1a1fdb2-0e63-43f9-9aa9-066d3ce0d635_1000.jpg!m_fill,w_280,h_210,f_jpg?from=ke.com
20241022,朝阳,惠新西街,101126977954,胜古北里5号楼寰球化工家属院。,300万,67477元/平,中楼层 (共5层) 1室1厅 | 44.46平米 | 南 北,https://ke-image.ljcdn.com/110000-inspection/88d7a187-22ae-41a9-9eb2-73fba9e1e090_1000.jpg!m_fill,w_280,h_210,f_jpg?from=ke.com
20241022,朝阳,惠新西街,101126961646,小关东街 南向 不临街 满五唯一 小区停车方便,280万,68915元/平,高楼层 (共6层) 1室1厅 | 40.63平米 | 南,https://ke-image.ljcdn.com/110000-inspection/1cf4f08a-87a5-487e-b27e-ac425d5224c5_1000.jpg!m_fill,w_280,h_210,f_jpg?from=ke.com
20241022,朝阳,惠新西街,101126948160,惠新里小区 电梯两居 精装婚房 地铁近 诚意卖,560万,90367元/平,低楼层 (共17层) 2室1厅 | 61.97平米 | 西南,https://ke-image.ljcdn.com/110000-inspection/28806e9d-985e-4989-88f1-fd0acd20d790_1000.jpg!m_fill,w_280,h_210,f_jpg?from=ke.com
20241022,朝阳,惠新西街,101126947933,南北通透两居室有客厅93年视野采光好,425万,73645元/平,低楼层 (共6层) 2室1厅 | 57.71平米 | 南 北,https://ke-image.ljcdn.com/110000-inspection/a1e66e85-6444-44c8-bea2-312743dacdf0_1000.jpg!m_fill,w_280,h_210,f_jpg?from=ke.com
20241022,朝阳,惠新西街,101126927363,胜古北里单独管理 单价低 强推！,418万,80805元/平,低楼层 (共6层) 2室1厅 | 51.73平米 | 南 北,https://ke-image.ljcdn.com/110000-inspection/db3ebf4e-cd24-4c2f-b4da-211add507ed0_1000.jpg!m_fill,w_280,h_210,f_jpg?from=ke.com
20241022,朝阳,惠新西街,101126911665,胜古家园二期精装一居楼层好视野开阔无遮挡,420万,78726元/平,中楼层 (共10层) 1室1厅 | 53.35平米 | 东,https://ke-image.ljcdn.com/110000-inspection/pc1_KVneK0MM1_1.jpg!m_fill,w_280,h_210,f_jpg?from=ke.com
20241022,朝阳,惠新西街,101126911599,樱花园全明两居户型亮点是客厅带窗户房主自荐,480万,81912元/平,中楼层 (共6层) | 1986年 | 2室1厅 | 58.6平米 | 南 北,https://ke-image.ljcdn.com/110000-inspection/b847cde8-795c-46ab-8129-74f03fc959e8_1000.jpg!m_fill,w_280,h_210,f_jpg?from=ke.com
20241022,朝阳,惠新西街,101126893036,北三环胜古南里双朝南两居室采光好,355万,67401元/平,低楼层 (共6层) 2室1厅 | 52.67平米 | 南,https://ke-image.ljcdn.com/110000-inspection/dc29ea5c-1701-4873-87b0-5c46c58c3eee_1000.jpg!m_fill,w_280,h_210,f_jpg?from=ke.com
20241022,朝阳,惠新西街,101126875101,樱花园 2室1厅 南 北,480万,80268元/平,中楼层 (共6层) 2室1厅 | 59.8平米 | 南 北,https://ke-image.ljcdn.com/110000-inspection/dbe0df82-f91a-4b8c-9ffe-47826a618e1e_1000.jpg!m_fill,w_280,h_210,f_jpg?from=ke.com
20241022,朝阳,惠新西街,101126873863,胜古北里  2室1厅 南 北房主自荐,370万,66848元/平,高楼层 (共6层) 2室1厅 | 55.35平米 | 南 北,https://ke-image.ljcdn.com/110000-inspection/c2654786-b33a-4fe3-9d54-35fd78a9cb90_1000.jpg!m_fill,w_280,h_210,f_jpg?from=ke.com
20241022,朝阳,惠新西街,101126872248,此房满五唯一交通便利南北通透配套齐全环境好,349万,67219元/平,底层 (共6层) 2室1厅 | 51.92平米 | 南 北,https://ke-image.ljcdn.com/110000-inspection/35ee6c61-e3df-4476-a467-a352f26531b3_1000.jpg!m_fill,w_280,h_210,f_jpg?from=ke.com
20241022,朝阳,惠新西街,101126848000,胜古南里新上南北通透两居格局采光好满五唯一。,385万,72165元/平,高楼层 (共6层) | 1988年 | 2室1厅 | 53.35平米 | 南 北,https://ke-image.ljcdn.com/110000-inspection/53a041b7-7a63-4d84-a067-36bb676a627f_1000.jpg!m_fill,w_280,h_210,f_jpg?from=ke.com
20241022,朝阳,惠新西街,101126842421,精装修好户型小区新改造上下水管道更换,495万,80111元/平,低楼层 (共6层) 2室1厅 | 61.79平米 | 南 北,https://ke-image.ljcdn.com/110000-inspection/ca5cda27-a74f-4aeb-a87d-6896dac8e462_1000.jpg!m_fill,w_280,h_210,f_jpg?from=ke.com
20241022,朝阳,惠新西街,101126834631,惠新里小区 2室1厅 东 西,498万,76264元/平,中楼层 (共12层) | 1993年 | 2室1厅 | 65.3平米 | 东 西,https://ke-image.ljcdn.com/110000-inspection/83c90417-1eba-44d8-bbcd-5c30c44631f0_1000.jpg!m_fill,w_280,h_210,f_jpg?from=ke.com
20241022,朝阳,惠新西街,101126813385,小关东街 1室1厅 南,300万,78166元/平,底层 (共4层) | 1988年 | 1室1厅 | 38.38平米 | 南,https://ke-image.ljcdn.com/110000-inspection/pc1_4FjisYVLa.jpg!m_fill,w_280,h_210,f_jpg?from=ke.com
20241022,朝阳,惠新西街,101126802722,惠新里军休所 南通通透 满五唯一,540万,73600元/平,顶层 (共6层) 3室1厅 | 73.37平米 | 南 北,https://ke-image.ljcdn.com/110000-inspection/0f99de6e-cc64-405c-bb29-0f37d5ea5db0_1000.jpg!m_fill,w_280,h_210,f_jpg?from=ke.com
20241022,朝阳,惠新西街,101126802104,新上小关北里中间层两居室精装修2年公积金贷款25年,285万,75637元/平,中楼层 (共6层) 1室1厅 | 37.68平米 | 南,https://ke-image.ljcdn.com/110000-inspection/547cca04-5da9-485f-a960-f7c30bafaedf_1000.jpg!m_fill,w_280,h_210,f_jpg?from=ke.com
20241022,朝阳,惠新西街,101126800344,惠新南里5号院 南口地铁200米 三居室,550万,69568元/平,中楼层 (共16层) | 1988年 | 3室1厅 | 79.06平米 | 南,https://ke-image.ljcdn.com/110000-inspection/d69b9ccb-0342-4d99-99ed-d1a79c893760_1000.jpg!m_fill,w_280,h_210,f_jpg?from=ke.com
20241022,朝阳,惠新西街,101126761147,胜古北里 石油冶金家属楼  物业管理好 预约看房,470万,75188元/平,低楼层 (共6层) 2室1厅 | 62.51平米 | 东,https://ke-image.ljcdn.com/110000-inspection/80b06d30-a90d-400d-9ca6-7ccd2ea9164c_1000.jpg!m_fill,w_280,h_210,f_jpg?from=ke.com
20241022,朝阳,惠新西街,101126759388,安苑东里一区 1室1厅 南,289万,85327元/平,高楼层 (共6层) | 2004年 | 1室1厅 | 33.87平米 | 南,https://ke-image.ljcdn.com/110000-inspection/pc1_zmkVFxnvR.jpg!m_fill,w_280,h_210,f_jpg?from=ke.com
20241022,朝阳,惠新西街,101126731100,惠新教委家属院、近地铁站、小区安静整洁、诚意出售房主自荐,268万,65366元/平,低楼层 (共6层) | 1986年 | 1室1厅 | 41平米 | 南,https://ke-image.ljcdn.com/110000-inspection/pc1_WCvz2Uxrg.jpg!m_fill,w_280,h_210,f_jpg?from=ke.com
20241022,朝阳,惠新西街,101126711384,满五唯一央产房 双线地铁楼龄新 配套成熟 采光好,570万,78233元/平,高楼层 (共6层) | 1992年 | 3室1厅 | 72.86平米 | 东 南 北,https://ke-image.ljcdn.com/110000-inspection/pc1_SORsE1sgp.jpg!m_fill,w_280,h_210,f_jpg?from=ke.com
20241022,朝阳,惠新西街,101126694552,新上惠新里 朝南大一居楼道贴瓷砖 下楼100米地铁,370万,71957元/平,低楼层 (共18层) 1室1厅 | 51.42平米 | 南,https://ke-image.ljcdn.com/110000-inspection/pc1_D2i4H1c5C.jpg!m_fill,w_280,h_210,f_jpg?from=ke.com
20241022,朝阳,惠新西街,101126679989,计量院单位分房 97年南北通透大两居 24小时电梯,560万,71502元/平,中楼层 (共6层) 2室1厅 | 78.32平米 | 南 北,https://ke-image.ljcdn.com/110000-inspection/pc1_vMTDN0R3f.jpg!m_fill,w_280,h_210,f_jpg?from=ke.com
20241022,朝阳,惠新西街,101126674192,小关北里新上95年建成带电梯板楼 正南向采光好,335万,62038元/平,中楼层 (共14层) | 1995年 | 1室1厅 | 54平米 | 南,https://ke-image.ljcdn.com/110000-inspection/961ef017-af7b-408f-a71e-96f7e17d1661_1000.jpg!m_fill,w_280,h_210,f_jpg?from=ke.com
20241022,朝阳,惠新西街,101126652592,樱花园 3室1厅 南 北,700万,96340元/平,高楼层 (共6层) | 2008年 | 3室1厅 | 72.66平米 | 南 北,https://ke-image.ljcdn.com/110000-inspection/pc1_8jeWC06b6_1.jpg!m_fill,w_280,h_210,f_jpg?from=ke.com
20241022,朝阳,惠新西街,101126596806,新上一层南向两居 没有遮挡 采光好 适合老人,368万,67412元/平,底层 (共6层) 2室1厅 | 54.59平米 | 南,https://ke-image.ljcdn.com/110000-inspection/pc1_WLSkd43V8.jpg!m_fill,w_280,h_210,f_jpg?from=ke.com
20241022,朝阳,惠新西街,101126578937,安苑东里一区 南向一居室 采光好,245万,62246元/平,中楼层 (共6层) | 1987年 | 1室1厅 | 39.36平米 | 南,https://ke-image.ljcdn.com/110000-inspection/pc1_SrycSt7qz.jpg!m_fill,w_280,h_210,f_jpg?from=ke.com
20241022,朝阳,惠新西街,101126564493,航空部家属院东南朝向全新装修双地铁满5唯一房主自荐,720万,82484元/平,低楼层 (共17层) 3室1厅 | 87.29平米 | 东南,https://ke-image.ljcdn.com/110000-inspection/pc1_utaQNgJ2j.jpg!m_fill,w_280,h_210,f_jpg?from=ke.com
20241022,朝阳,惠新西街,101126562607,小关两居室满五年唯一 南北双阳台 公积金贷30年房主自荐,338万,53908元/平,顶层 (共6层) 2室1厅 | 62.7平米 | 南 北,https://ke-image.ljcdn.com/110000-inspection/pc1_HFsYlUpKm.jpg!m_fill,w_280,h_210,f_jpg?from=ke.com
20241022,朝阳,惠新西街,101126543895,小关北里 2室1厅 南 北,310万,51710元/平,顶层 (共6层) | 1999年 | 2室1厅 | 59.95平米 | 南 北,https://ke-image.ljcdn.com/110000-inspection/pc1_EqoHsyu88.jpg!m_fill,w_280,h_210,f_jpg?from=ke.com
20241022,朝阳,惠新西街,101126542366,樱花园地铁惠新西街南口双南满五唯一无遮挡随时可看,334万,64981元/平,顶层 (共6层) | 1986年 | 2室1厅 | 51.4平米 | 南,https://ke-image.ljcdn.com/110000-inspection/52fb99d7-1863-47ca-8f05-46c1c19a29f5_1000.jpg!m_fill,w_280,h_210,f_jpg?from=ke.com
20241022,朝阳,惠新西街,101126537027,樱花园 南北通透精装修两居室可拎包入住视野超棒,437万,71417元/平,高楼层 (共6层) 2室1厅 | 61.19平米 | 南 北,https://ke-image.ljcdn.com/110000-inspection/b8cf54e8-309f-4aca-99f5-11f564557c33_1000.jpg!m_fill,w_280,h_210,f_jpg?from=ke.com
20241022,朝阳,惠新西街,101126536785,朝阳十佳示范小区 樱花园新上三居室 近地铁公园医院,530万,71381元/平,高楼层 (共6层) | 1990年 | 3室1厅 | 74.25平米 | 南 北,https://ke-image.ljcdn.com/110000-inspection/c8750a00-836e-4841-9a82-24b334b228fd_1000.jpg!m_fill,w_280,h_210,f_jpg?from=ke.com
20241022,朝阳,惠新西街,101126524777,安贞 惠新西街南口  胜古北里 朝南一居 中间楼层,265万,59605元/平,中楼层 (共5层) 1室1厅 | 44.46平米 | 南,https://ke-image.ljcdn.com/110000-inspection/66b6a520-7bf8-46b2-9424-88234ee45dab_1000.jpg!m_fill,w_280,h_210,f_jpg?from=ke.com
20241022,朝阳,惠新西街,101126491768,小关东里8号院 双卧朝南两居中间层采光视野无遮挡,399万,79992元/平,中楼层 (共5层) | 1980年 | 2室1厅 | 49.88平米 | 南,https://ke-image.ljcdn.com/110000-inspection/pc1_HfofB9zlv.jpg!m_fill,w_280,h_210,f_jpg?from=ke.com
20241022,朝阳,惠新西街,101126488473,安外胜古南里南向两居室 不临街,390万,69076元/平,顶层 (共5层) 2室1厅 | 56.46平米 | 南,https://ke-image.ljcdn.com/110000-inspection/28e4cae1-2bc5-4494-aaed-29cdeb0648d9_1000.jpg!m_fill,w_280,h_210,f_jpg?from=ke.com
20241022,朝阳,惠新西街,101126486450,双卧朝南正规四居室 不临街、不吵人车分流房主自荐,1150万,65711元/平,高楼层 (共26层) | 2000年 | 4室1厅 | 175.01平米 | 南,https://ke-image.ljcdn.com/110000-inspection/pc1_kv0GvSMuw.jpg!m_fill,w_280,h_210,f_jpg?from=ke.com
20241022,朝阳,惠新西街,101126482480,安苑东里三区 2室1厅 南 北,350万,59636元/平,顶层 (共6层) 2室1厅 | 58.69平米 | 南 北,https://ke-image.ljcdn.com/110000-inspection/pc1_7dpUXmxWI.jpg!m_fill,w_280,h_210,f_jpg?from=ke.com
20241022,朝阳,惠新西街,101126481058,樱花园南北通透全明格局中间层满五唯一惠新西街南口,460万,79420元/平,中楼层 (共7层) | 1991年 | 2室1厅 | 57.92平米 | 南 北,https://ke-image.ljcdn.com/110000-inspection/pc1_ZwRBhEMLU_1.jpg!m_fill,w_280,h_210,f_jpg?from=ke.com
20241022,朝阳,惠新西街,101126478759,小关北里 精装南北两居室 95年 满五年唯一,485万,71661元/平,中楼层 (共12层) 2室1厅 | 67.68平米 | 南 北,https://ke-image.ljcdn.com/110000-inspection/pc1_Svu4hxC1w.jpg!m_fill,w_280,h_210,f_jpg?from=ke.com
20241022,朝阳,惠新西街,101126442321,惠新里南北通透三居室 诚意出售,440万,64878元/平,顶层 (共6层) | 1984年 | 3室1厅 | 67.82平米 | 南 北,https://ke-image.ljcdn.com/110000-inspection/pc1_XnAGV803D.jpg!m_fill,w_280,h_210,f_jpg?from=ke.com
20241022,朝阳,惠新西街,101126397900,惠新东街5号院干净舒适的社区单位自管环境好。,395万,73503元/平,顶层 (共6层) 2室1厅 | 53.74平米 | 东 南 西,https://ke-image.ljcdn.com/110000-inspection/pc1_SHKDZonG5.jpg!m_fill,w_280,h_210,f_jpg?from=ke.com
20241022,朝阳,惠新西街,101126297677,惠新西街甲15号院 南向一居室 农民日报社管理好,300万,66109元/平,顶层 (共6层) 1室1厅 | 45.38平米 | 南,https://ke-image.ljcdn.com/110000-inspection/3c3af9c9-4087-4846-ae3d-6f56ee35a62a_1000.jpg!m_fill,w_280,h_210,f_jpg?from=ke.com
20241022,朝阳,惠新西街,101126297249,本房楼层好视野无遮挡正规三居室楼龄1995年,528万,60963元/平,高楼层 (共12层) 3室1厅 | 86.61平米 | 东 西,https://ke-image.ljcdn.com/110000-inspection/pc1_6nQhzKoPk.jpg!m_fill,w_280,h_210,f_jpg?from=ke.com
20241022,朝阳,惠新西街,101126223341,有固定车位  西南C户型  采光视野开阔,1290万,71735元/平,中楼层 (共28层) 4室1厅 | 179.83平米 | 西南,https://ke-image.ljcdn.com/110000-inspection/pc1_uxK4IfAjL.jpg!m_fill,w_280,h_210,f_jpg?from=ke.com
20241022,朝阳,惠新西街,101126206287,冶金部中间楼层南北通透明厨明卫精装修拎包入住房主自荐,406万,68121元/平,中楼层 (共6层) 2室1厅 | 59.6平米 | 南 北,https://ke-image.ljcdn.com/110000-inspection/pc1_mSrXpYNU8.jpg!m_fill,w_280,h_210,f_jpg?from=ke.com
20241022,朝阳,惠新西街,101126200860,店长推 新上房源 户型方正 视野好 看房方便,1330万,69960元/平,低楼层 (共28层) 4室1厅 | 190.11平米 | 西南,https://ke-image.ljcdn.com/110000-inspection/pc1_PfOGLIfeP.jpg!m_fill,w_280,h_210,f_jpg?from=ke.com
20241022,朝阳,惠新西街,101126186244,小关北里 2室1厅 南 北,628万,79545元/平,低楼层 (共12层) 2室1厅 | 78.95平米 | 南 北,https://ke-image.ljcdn.com/110000-inspection/pc1_qPTdaHhzB.jpg!m_fill,w_280,h_210,f_jpg?from=ke.com
20241022,朝阳,惠新西街,101126174790,胜古北里全南精致一居 楼龄新 户型好,320万,65320元/平,高楼层 (共6层) | 1991年 | 1室1厅 | 48.99平米 | 南,https://ke-image.ljcdn.com/110000-inspection/7df3a9fb-878b-4916-8f7b-0ee52188a611_1000.jpg!m_fill,w_280,h_210,f_jpg?from=ke.com
20241022,朝阳,惠新西街,101126168583,千鹤家园西南三居楼层9层采光视野好无遮挡,1150万,82681元/平,中楼层 (共25层) 3室2厅 | 139.09平米 | 西南,https://ke-image.ljcdn.com/110000-inspection/pc1_na5omsNcq.jpg!m_fill,w_280,h_210,f_jpg?from=ke.com
20241022,朝阳,惠新西街,101126139141,千鹤家园 2室1厅 东,1000万,94697元/平,底层 (共25层) | 2004年 | 2室1厅 | 105.6平米 | 东,https://ke-image.ljcdn.com/110000-inspection/2f503a0c-fefb-40e2-9751-5d4145f609b2_1000.jpg!m_fill,w_280,h_210,f_jpg?from=ke.com
20241022,朝阳,惠新西街,101126138927,千鹤家园 2室1厅 南,1050万,98945元/平,中楼层 (共25层) 2室1厅 | 106.12平米 | 南,https://ke-image.ljcdn.com/110000-inspection/9f1c1fcf-1129-4763-b091-987392188282_1000.jpg!m_fill,w_280,h_210,f_jpg?from=ke.com
20241022,朝阳,惠新西街,101126105531,胜古北里南北三居室有车位上下水管道,450万,65294元/平,顶层 (共6层) 3室1厅 | 68.92平米 | 南 北,https://ke-image.ljcdn.com/110000-inspection/1fae4108-2b54-49bc-91ab-f1b66b9697c9_1000.jpg!m_fill,w_280,h_210,f_jpg?from=ke.com
20241022,朝阳,惠新西街,101126101669,惠新里电梯房全明户型  诚意出售,699万,78628元/平,中楼层 (共17层) | 1993年 | 3室1厅 | 88.9平米 | 西南,https://ke-image.ljcdn.com/110000-inspection/pc1_69BO4eiTH.jpg!m_fill,w_280,h_210,f_jpg?from=ke.com
20241022,朝阳,惠新西街,101126074889,樱花园 朝阳十佳示范小区 中间楼层 田字格三居,580万,82014元/平,中楼层 (共6层) | 1986年 | 3室1厅 | 70.72平米 | 南 北,https://ke-image.ljcdn.com/110000-inspection/5f364611-58b7-49b6-b280-39e69aa71b4c_1000.jpg!m_fill,w_280,h_210,f_jpg?from=ke.com
20241022,朝阳,惠新西街,101126049840,惠新里小区 公积金可贷30年 南北通透 满二年中层,423万,75094元/平,低楼层 (共6层) | 1992年 | 2室1厅 | 56.33平米 | 南 北,https://ke-image.ljcdn.com/110000-inspection/pc1_ws0gtihzw.jpg!m_fill,w_280,h_210,f_jpg?from=ke.com
20241022,朝阳,惠新西街,101126043130,城市出品 北三环2005年商品房 精装修2居 诚售,650万,92937元/平,低楼层 (共10层) 2室1厅 | 69.94平米 | 东南 南,https://ke-image.ljcdn.com/110000-inspection/32a3f0cc-1092-4967-a031-b4fcb539c1d4_1000.jpg!m_fill,w_280,h_210,f_jpg?from=ke.com
20241022,朝阳,惠新西街,101126037579,满五不唯一离地铁近采光充足可以随时看房子,450万,63867元/平,低楼层 (共6层) | 1992年 | 3室1厅 | 70.46平米 | 东 西,https://ke-image.ljcdn.com/110000-inspection/pc1_yrIj52Wud_1.jpg!m_fill,w_280,h_210,f_jpg?from=ke.com
20241022,朝阳,惠新西街,101126031474,千鹤家园  新上三居50万精装 正对小区花园房主自荐,998万,74362元/平,低楼层 (共25层) | 2002年 | 3室1厅 | 134.21平米 | 南 西北,https://ke-image.ljcdn.com/110000-inspection/pc1_24Om3b2so.jpg!m_fill,w_280,h_210,f_jpg?from=ke.com
20241022,朝阳,惠新西街,101125996285,地铁510号线 惠新里南北向中间层三居室,418万,75167元/平,中楼层 (共5层) 3室1厅 | 55.61平米 | 南 北,https://ke-image.ljcdn.com/110000-inspection/pc1_tQX1ZwBlQ.jpg!m_fill,w_280,h_210,f_jpg?from=ke.com
20241022,朝阳,惠新西街,101125937943,小关东里10号院 2室1厅 东南,439万,81433元/平,顶层 (共6层) | 1996年 | 2室1厅 | 53.91平米 | 东南,https://ke-image.ljcdn.com/110000-inspection/pc1_3spUZwoCV.jpg!m_fill,w_280,h_210,f_jpg?from=ke.com
20241022,朝阳,惠新西街,101125923254,新上 外经贸家属楼 精装修 大诚意出售 看房方便,350万,64779元/平,顶层 (共6层) 2室1厅 | 54.03平米 | 东 西,https://ke-image.ljcdn.com/110000-inspection/pc1_Zk4CUnNm8.jpg!m_fill,w_280,h_210,f_jpg?from=ke.com
20241022,朝阳,惠新西街,101125902167,视野楼层管家式服务品质楼盘 精装修近地铁房主自荐,1490万,156038元/平,高楼层 (共21层) | 2020年 | 2室1厅 | 95.49平米 | 西南 北,https://ke-image.ljcdn.com/110000-inspection/pc1_ATcoeRWgW.jpg!m_fill,w_280,h_210,f_jpg?from=ke.com
20241022,朝阳,惠新西街,101125889066,高层观景3居 户型方正 有B1车位 人车分流小区,1180万,71607元/平,顶层 (共28层) 3室1厅 | 164.79平米 | 西南,https://ke-image.ljcdn.com/110000-inspection/pc1_GmC414a2z.jpg!m_fill,w_280,h_210,f_jpg?from=ke.com
20241022,朝阳,惠新西街,101125876591,惠新里东西向两居室采光好看房方便,400万,59225元/平,顶层 (共6层) 2室1厅 | 67.54平米 | 东 西,https://ke-image.ljcdn.com/110000-inspection/pc1_gj9CjdfCT.jpg!m_fill,w_280,h_210,f_jpg?from=ke.com
20241022,朝阳,惠新西街,101125823700,此房南北通透满五年房中间层有客厅前后无遮挡,493万,58117元/平,高楼层 (共6层) | 1981年 | 3室1厅 | 84.83平米 | 南 北,https://ke-image.ljcdn.com/110000-inspection/pc1_eKSkTJDRJ_1.jpg!m_fill,w_280,h_210,f_jpg?from=ke.com
20241022,朝阳,惠新西街,101125823396,胜古南里 2室1厅 南 北,498万,65389元/平,中楼层 (共6层) 2室1厅 | 76.16平米 | 南 北,https://ke-image.ljcdn.com/110000-inspection/pc1_vWokkETNq_1.jpg!m_fill,w_280,h_210,f_jpg?from=ke.com
20241022,朝阳,惠新西街,101125813226,惠新里小区带厅两居 地铁510号线 满五年唯一,455万,71161元/平,低楼层 (共12层) | 1993年 | 2室1厅 | 63.94平米 | 西南,https://ke-image.ljcdn.com/110000-inspection/pc1_5PccEh8Qb.jpg!m_fill,w_280,h_210,f_jpg?from=ke.com
20241022,朝阳,惠新西街,101125785682,安贞桥东 2005年商品房 满五年唯一 无遮挡,385万,71749元/平,中楼层 (共16层) 1室1厅 | 53.66平米 | 东,https://ke-image.ljcdn.com/110000-inspection/3a3c9b5e-dc67-41b2-87e3-b34c55f82db8_1000.jpg!m_fill,w_280,h_210,f_jpg?from=ke.com
20241022,朝阳,惠新西街,101125782749,惠新里小区 2室1厅 南 北,499万,57668元/平,高楼层 (共6层) | 1992年 | 2室1厅 | 86.53平米 | 南 北,https://ke-image.ljcdn.com/110000-inspection/pc1_lg4XNTEBm.jpg!m_fill,w_280,h_210,f_jpg?from=ke.com
20241022,朝阳,惠新西街,101125764018,智能社区管家式服务 精装修视野楼层无遮挡,1190万,125660元/平,中楼层 (共21层) | 2020年 | 2室1厅 | 94.7平米 | 东南,https://ke-image.ljcdn.com/110000-inspection/pc1_KOVgYjDDa.jpg!m_fill,w_280,h_210,f_jpg?from=ke.com
20241022,朝阳,惠新西街,101125757547,房源安外胜古南里两居室满五年房源诚意出售,318万,54649元/平,顶层 (共5层) 2室1厅 | 58.19平米 | 南 北,https://ke-image.ljcdn.com/110000-inspection/0e396dcc-5332-419d-ab63-86d2dd2b4dad_1000.jpg!m_fill,w_280,h_210,f_jpg?from=ke.com
20241022,朝阳,惠新西街,101125748787,胜古中路2号院 精装修南北通透 满五唯一 地铁方便房主自荐,435万,75613元/平,高楼层 (共6层) | 1989年 | 2室1厅 | 57.53平米 | 南 北,https://ke-image.ljcdn.com/110000-inspection/90cefcfe-ee5d-44fb-a76a-721727201b85_1000.jpg!m_fill,w_280,h_210,f_jpg?from=ke.com
20241022,朝阳,惠新西街,101125734244,本房满五唯一看房方便产权清晰,590万,59996元/平,高楼层 (共25层) | 2005年 | 2室1厅 | 98.34平米 | 南,https://ke-image.ljcdn.com/110000-inspection/pc1_oJsAikyTV.jpg!m_fill,w_280,h_210,f_jpg?from=ke.com
20241022,朝阳,惠新西街,101125728881,胜古家园 南向二居  装修好 拎包入住 看房方便,810万,99939元/平,低楼层 (共22层) | 1999年 | 2室1厅 | 81.05平米 | 南,https://ke-image.ljcdn.com/110000-inspection/737103b4-658c-4e71-84b8-723f0a0da8a0_1000.jpg!m_fill,w_280,h_210,f_jpg?from=ke.com
20241022,朝阳,惠新西街,101125711618,朝阳十佳社区樱花园有电梯精装修拎包入住户型好满五,560万,74927元/平,高楼层 (共16层) 3室1厅 | 74.74平米 | 东北,https://ke-image.ljcdn.com/110000-inspection/37d6ea8c-599d-44f5-9357-7c75ba589914_1000.jpg!m_fill,w_280,h_210,f_jpg?from=ke.com
20241022,朝阳,惠新西街,101125652552,惠新西里一区  满五年唯一 明厅两居室 管理好不临房主自荐,466万,79672元/平,底层 (共6层) | 1984年 | 2室1厅 | 58.49平米 | 南 北,https://ke-image.ljcdn.com/110000-inspection/pc1_TABVlR0UJ.jpg!m_fill,w_280,h_210,f_jpg?from=ke.com
20241022,朝阳,惠新西街,101125631193,有钥匙随时看满五年家庭唯一住房产权清晰业主诚意出售房主自荐,845万,78248元/平,低楼层 (共25层) 2室1厅 | 107.99平米 | 南,https://ke-image.ljcdn.com/110000-inspection/pc1_Aob0scbNj.jpg!m_fill,w_280,h_210,f_jpg?from=ke.com
20241022,朝阳,惠新西街,101125617876,惠新西里二区 1室1厅 南,330万,76924元/平,低楼层 (共20层) 1室1厅 | 42.9平米 | 南,https://ke-image.ljcdn.com/110000-inspection/pc1_bUeb7gEO4.jpg!m_fill,w_280,h_210,f_jpg?from=ke.com
20241022,朝阳,惠新西街,101125587632,胜古庄林业部自管楼户型好没浪费,186万,90073元/平,底层 (共6层) | 1986年 | 1室1厅 | 20.65平米 | 南,https://ke-image.ljcdn.com/110000-inspection/95867329-e9a9-40e5-8080-8074fad8bfd9_1000.jpg!m_fill,w_280,h_210,f_jpg?from=ke.com
20241022,朝阳,惠新西街,101125579972,樱花园电梯精装两居中间层户型方正视野好观景房房主自荐,415万,75387元/平,中楼层 (共16层) | 1985年 | 2室1厅 | 55.05平米 | 西北,https://ke-image.ljcdn.com/110000-inspection/e93380a0-bb50-4e6e-a7ff-9b0a1a1492ce_1000.jpg!m_fill,w_280,h_210,f_jpg?from=ke.com
20241022,朝阳,惠新西街,101125534139,千鹤家园 精装南向 看房方便 随时签约房主自荐,740万,78357元/平,底层 (共25层) 2室1厅 | 94.44平米 | 南,https://ke-image.ljcdn.com/110000-inspection/pc1_eEFORQHqZ_1.jpg!m_fill,w_280,h_210,f_jpg?from=ke.com
20241022,朝阳,惠新西街,101125476605,胜古庄中低层朝南一居室户型好没浪费,299万,74583元/平,低楼层 (共6层) | 1981年 | 1室1厅 | 40.09平米 | 南,https://ke-image.ljcdn.com/110000-inspection/pc1_usKq5Bs3N_1.jpg!m_fill,w_280,h_210,f_jpg?from=ke.com
20241022,朝阳,惠新西街,101125444177,惠新西街 精装三居室 格局方正 业主人很好价格可谈,545万,69463元/平,低楼层 (共18层) 3室1厅 | 78.46平米 | 西南,https://ke-image.ljcdn.com/110000-inspection/pc1_KC9VQMmc6.jpg!m_fill,w_280,h_210,f_jpg?from=ke.com
20241022,朝阳,惠新西街,101125442295,樱花园小区中间楼层一居室满五唯一精装修,365万,93065元/平,中楼层 (共6层) 1室1厅 | 39.22平米 | 南,https://ke-image.ljcdn.com/110000-inspection/2ed95c99-4cb1-4d43-8fe1-b13ea1453d83_1000.jpg!m_fill,w_280,h_210,f_jpg?from=ke.com
20241022,朝阳,惠新西街,101125434191,小关北里 1995年电梯房 高楼层 近5/10号线,468万,74511元/平,顶层 (共12层) | 1995年 | 2室1厅 | 62.81平米 | 西南,https://ke-image.ljcdn.com/110000-inspection/pc1_Gkj8G9Chx.jpg!m_fill,w_280,h_210,f_jpg?from=ke.com
20241022,朝阳,惠新西街,101125402741,胜古南里 2室1厅 南 北,398万,71468元/平,底层 (共6层) | 1986年 | 2室1厅 | 55.69平米 | 南 北,https://ke-image.ljcdn.com/110000-inspection/d3eb09fd-1621-43a6-b665-f4a8a7005804_1000.jpg!m_fill,w_280,h_210,f_jpg?from=ke.com
20241022,朝阳,惠新西街,101125391586,千鹤家园 中间层三居室视野好落地阳台不临街,1050万,78482元/平,中楼层 (共25层) | 2002年 | 3室1厅 | 133.79平米 | 西北,https://ke-image.ljcdn.com/110000-inspection/pc1_fbrswzBZZ.jpg!m_fill,w_280,h_210,f_jpg?from=ke.com
20241022,朝阳,惠新西街,101125387017,小关东里  东南两居室  带电梯  出行便利房主自荐,475万,79260元/平,高楼层 (共14层) 2室1厅 | 59.93平米 | 东 南,https://ke-image.ljcdn.com/110000-inspection/bf196731-83ba-45d0-9140-e3131a8db48f_1000.jpg!m_fill,w_280,h_210,f_jpg?from=ke.com
20241022,朝阳,惠新西街,101125379287,胜古家园满五年唯一三室双卫高楼层视野好,958万,60244元/平,高楼层 (共20层) | 2000年 | 3室1厅 | 159.02平米 | 东南 东北,https://ke-image.ljcdn.com/110000-inspection/d9c38953-46e6-43a8-a5b5-be56a60884cc_1000.jpg!m_fill,w_280,h_210,f_jpg?from=ke.com
20241022,朝阳,惠新西街,101125373386,核地质研究院南北通透大三居不临街,690万,83718元/平,底层 (共6层) 3室1厅 | 82.42平米 | 南 北,https://ke-image.ljcdn.com/110000-inspection/pc1_zMF9u2Wed.jpg!m_fill,w_280,h_210,f_jpg?from=ke.com
20241022,朝阳,惠新西街,101125359235,满五唯一司法部家属楼5号和10号双线地铁,640万,79023元/平,高楼层 (共6层) 3室1厅 | 80.99平米 | 南 北,https://ke-image.ljcdn.com/110000-inspection/pc1_iizsHLzkZ.jpg!m_fill,w_280,h_210,f_jpg?from=ke.com
20241022,朝阳,惠新西街,101125345081,胜古北里 双轨道配套齐全公园旁优质诚心出售,300万,71788元/平,中楼层 (共6层) | 1982年 | 1室1厅 | 41.79平米 | 南,https://ke-image.ljcdn.com/110000-inspection/a9286933-0588-4168-a438-a3fdf09bce5c_1000.jpg!m_fill,w_280,h_210,f_jpg?from=ke.com
20241022,朝阳,惠新西街,101125289536,惠新西里二区 1室1厅 南,310万,72262元/平,高楼层 (共20层) | 1991年 | 1室1厅 | 42.9平米 | 南,https://ke-image.ljcdn.com/110000-inspection/pc1_U9RgJdOui.jpg!m_fill,w_280,h_210,f_jpg?from=ke.com
20241022,朝阳,惠新西街,101125212611,惠新西街地铁双南大客厅两居住在公园旁,540万,74566元/平,底层 (共17层) | 1993年 | 2室1厅 | 72.42平米 | 南,https://ke-image.ljcdn.com/110000-inspection/pc1_CGwWEnxWv.jpg!m_fill,w_280,h_210,f_jpg?from=ke.com
20241022,朝阳,惠新西街,101125201108,胜古南里南北通透低层有客厅前后无遮挡采光好,520万,66985元/平,底层 (共6层) | 1981年 | 3室1厅 | 77.63平米 | 南 北,https://ke-image.ljcdn.com/110000-inspection/pc1_zTnLt9vtZ.jpg!m_fill,w_280,h_210,f_jpg?from=ke.com
20241022,朝阳,惠新西街,101125184774,惠中园东向无遮挡两居室 层高2.8米,695万,69591元/平,低楼层 (共24层) | 1999年 | 2室1厅 | 99.87平米 | 东,https://ke-image.ljcdn.com/110000-inspection/c83b4d0a-75e0-4e72-8846-3cdf1a37f4d2_1000.jpg!m_fill,w_280,h_210,f_jpg?from=ke.com
20241022,朝阳,惠新西街,101125175926,南北3居室户型没有浪费业主诚意出售房主自荐,648万,69979元/平,底层 (共14层) | 1995年 | 3室1厅 | 92.6平米 | 南 北,https://ke-image.ljcdn.com/110000-inspection/pc1_NzwOqhP3L.jpg!m_fill,w_280,h_210,f_jpg?from=ke.com
20241022,朝阳,惠新西街,101125162113,胜古北里 石冶改造小区南向双卫大两居诚意卖,599万,74125元/平,低楼层 (共6层) 2室1厅 | 80.81平米 | 南,https://ke-image.ljcdn.com/110000-inspection/28cabdc4-97be-474a-ac34-8a46f6260302_1000.jpg!m_fill,w_280,h_210,f_jpg?from=ke.com
20241022,朝阳,惠新西街,101125156585,【朝阳示范小区】惠新西街南口南向两居室,382万,74392元/平,高楼层 (共6层) | 1986年 | 2室1厅 | 51.35平米 | 南,https://ke-image.ljcdn.com/110000-inspection/pc1_YJPgWZqAf_1.jpg!m_fill,w_280,h_210,f_jpg?from=ke.com
20241022,朝阳,惠新西街,101125150543,满五年唯一地铁口40米东南精装2居双卫不临街有钥匙房主自荐,449万,68072元/平,低楼层 (共18层) 2室1厅 | 65.96平米 | 东南,https://ke-image.ljcdn.com/110000-inspection/pc1_i21dBZhWw.jpg!m_fill,w_280,h_210,f_jpg?from=ke.com
20241022,朝阳,惠新西街,101125149163,惠新里小区 西南向两室两厅 视野好 满五年住房房主自荐,539万,78492元/平,高楼层 (共20层) 2室2厅 | 68.67平米 | 南 西,https://ke-image.ljcdn.com/110000-inspection/pc1_q7uNnyphW_1.jpg!m_fill,w_280,h_210,f_jpg?from=ke.com
20241022,朝阳,惠新西街,101125146530,惠新里小区干休所中间层南北通透三居不临街,556万,75626元/平,中楼层 (共6层) 3室1厅 | 73.52平米 | 南 北,https://ke-image.ljcdn.com/110000-inspection/pc1_9gMffDju5.jpg!m_fill,w_280,h_210,f_jpg?from=ke.com
20241022,朝阳,惠新西街,101125134686,城市出品 1室0厅 西,368万,68632元/平,低楼层 (共10层) 1室0厅 | 53.62平米 | 西,https://ke-image.ljcdn.com/110000-inspection/pc1_6OxdmAeBf.jpg!m_fill,w_280,h_210,f_jpg?from=ke.com
20241022,朝阳,惠新西街,101125132483,千鹤家园 精装两居带地暖 中间楼层 近地铁 随时签,860万,78921元/平,中楼层 (共25层) 2室1厅 | 108.97平米 | 西南,https://ke-image.ljcdn.com/110000-inspection/pc1_dSNgOR1Eo.jpg!m_fill,w_280,h_210,f_jpg?from=ke.com
20241022,朝阳,惠新西街,101125127936,胜古北里 南北通透 寰球化工单独管理 门卫看管,450万,69370元/平,高楼层 (共6层) 2室1厅 | 64.87平米 | 南 北,https://ke-image.ljcdn.com/110000-inspection/pc1_mcoGwkCIi.jpg!m_fill,w_280,h_210,f_jpg?from=ke.com
20241022,朝阳,惠新西街,101125120610,明厨明卫南北通透采光充足！房主自荐,390万,67253元/平,顶层 (共6层) 2室1厅 | 57.99平米 | 南 北,https://ke-image.ljcdn.com/110000-inspection/pc1_Usc14J3ju.jpg!m_fill,w_280,h_210,f_jpg?from=ke.com
20241022,朝阳,惠新西街,101125118638,惠新西街33号院 华润物业管理 近地铁 1997年,599万,77341元/平,低楼层 (共17层) 2室1厅 | 77.45平米 | 东南,https://ke-image.ljcdn.com/110000-inspection/pc1_7Itz4RA5A.jpg!m_fill,w_280,h_210,f_jpg?from=ke.com
20241022,朝阳,惠新西街,101125113734,精装三居 1995年钢混 地铁5号线10号线换乘,698万,77034元/平,高楼层 (共12层) | 1995年 | 3室1厅 | 90.61平米 | 东南,https://ke-image.ljcdn.com/110000-inspection/e1fefe5a-d085-4a5c-8cf0-47ec24b3b9bb_1000.jpg!m_fill,w_280,h_210,f_jpg?from=ke.com
20241022,朝阳,惠新西街,101125103186,樱花园南北通透全明两居室 精装修,449万,79343元/平,高楼层 (共6层) | 1986年 | 2室1厅 | 56.59平米 | 南 北,https://ke-image.ljcdn.com/110000-inspection/81f205f6-6f15-4b2d-b80c-37db383f8b63_1000.jpg!m_fill,w_280,h_210,f_jpg?from=ke.com
20241022,朝阳,惠新西街,101125100229,核地质研究院 在售电梯房  1998年钢混结构,770万,80067元/平,低楼层 (共17层) | 1998年 | 3室1厅 | 96.17平米 | 东北,https://ke-image.ljcdn.com/110000-inspection/pc1_vIuKa3RJT.jpg!m_fill,w_280,h_210,f_jpg?from=ke.com
20241022,朝阳,惠新西街,101125043849,惠新里对外经贸大学全明格局视野无遮挡,505万,72548元/平,高楼层 (共18层) | 1989年 | 2室1厅 | 69.61平米 | 东 西 北,https://ke-image.ljcdn.com/110000-inspection/pc1_dWIhyg9kd.jpg!m_fill,w_280,h_210,f_jpg?from=ke.com
20241022,朝阳,惠新西街,101125032062,北三环边上2000年小区地段好双卫两居,780万,95355元/平,低楼层 (共22层) 2室1厅 | 81.8平米 | 东南,https://ke-image.ljcdn.com/110000-inspection/pc1_bhV9T1G23.jpg!m_fill,w_280,h_210,f_jpg?from=ke.com
20241022,朝阳,惠新西街,101124927674,安苑东里一区 2室1厅 南 北,399万,66936元/平,中楼层 (共6层) 2室1厅 | 59.61平米 | 南 北,https://ke-image.ljcdn.com/110000-inspection/pc1_j0gjU0V6r.jpg!m_fill,w_280,h_210,f_jpg?from=ke.com
20241022,朝阳,惠新西街,101124899796,安贞惠新西街 樱花园小区 南北通透 两居 全明格局房主自荐,389万,69726元/平,高楼层 (共6层) | 1989年 | 2室1厅 | 55.79平米 | 南 北,https://ke-image.ljcdn.com/110000-inspection/56d84a82-2b5d-44be-a546-c8cbbb00268b_1000.jpg!m_fill,w_280,h_210,f_jpg?from=ke.com
20241022,朝阳,惠新西街,101124890847,此房满五唯一商品房教委家属楼 采光好 双地铁,379万,68056元/平,底层 (共6层) | 1986年 | 2室1厅 | 55.69平米 | 南 北,https://ke-image.ljcdn.com/110000-inspection/1d08751b-b4f0-4553-88e9-c3cfa85d4827_1000.jpg!m_fill,w_280,h_210,f_jpg?from=ke.com
20241022,朝阳,惠新西街,101124833074,惠新里小区带电梯精装修两居室高楼层采光视野,618万,77396元/平,中楼层 (共17层) 2室1厅 | 79.85平米 | 东,https://ke-image.ljcdn.com/110000-inspection/pc1_tf5n4Eh5v.jpg!m_fill,w_280,h_210,f_jpg?from=ke.com
20241022,朝阳,惠新西街,101124810276,惠新北里一层  三居室南北户型  有租赁车位,699万,86286元/平,底层 (共6层) | 1998年 | 2室2厅 | 81.01平米 | 南 北,https://ke-image.ljcdn.com/110000-inspection/pc1_goyfgoeMl.jpg!m_fill,w_280,h_210,f_jpg?from=ke.com
20241022,朝阳,惠新西街,101124771298,樱花园电梯两居室客厅带明窗近地铁公园医院,548万,73567元/平,顶层 (共16层) | 1988年 | 2室1厅 | 74.49平米 | 南 西,https://ke-image.ljcdn.com/110000-inspection/pc1_rqYK7FMc5_1.jpg!m_fill,w_280,h_210,f_jpg?from=ke.com
20241022,朝阳,惠新西街,101124722410,170万精装修正南向4居户型楼层高全天采光,1298万,74925元/平,高楼层 (共28层) 4室1厅 | 173.24平米 | 南,https://ke-image.ljcdn.com/110000-inspection/pc1_pTyRznOaW.jpg!m_fill,w_280,h_210,f_jpg?from=ke.com
20241022,朝阳,惠新西街,101124720966,千鹤家园 南向二居室 高楼层 视野开阔,560万,60358元/平,高楼层 (共25层) | 2005年 | 2室1厅 | 92.78平米 | 南,https://ke-image.ljcdn.com/110000-inspection/pc1_Xn4W8ygci.jpg!m_fill,w_280,h_210,f_jpg?from=ke.com
20241022,朝阳,惠新西街,101124711330,航天家属院 华润物业楼龄新1997年 近地铁,588万,78380元/平,中楼层 (共17层) 2室1厅 | 75.02平米 | 西南 北,https://ke-image.ljcdn.com/110000-inspection/b2739e49-2f60-419a-b251-697ca932b84b_1000.jpg!m_fill,w_280,h_210,f_jpg?from=ke.com
20241022,朝阳,惠新西街,101124698693,惠新北里1号院 满五年唯一 精装修 正规三居室,436万,63911元/平,顶层 (共5层) 3室1厅 | 68.22平米 | 南 北,https://ke-image.ljcdn.com/110000-inspection/68116dc0-7fa9-493a-a8c9-08796316bd41_1000.jpg!m_fill,w_280,h_210,f_jpg?from=ke.com
20241022,朝阳,惠新西街,101124613171,惠新西街 高楼层 采光好 视野好 诚意卖 三居室,490万,69015元/平,中楼层 (共18层) | 1986年 | 3室1厅 | 71平米 | 东南 北,https://ke-image.ljcdn.com/110000-inspection/pc1_mDweoLPMj.jpg!m_fill,w_280,h_210,f_jpg?from=ke.com
20241022,朝阳,惠新西街,101124570190,满五唯一 采光充足 大客厅 航空部家属楼 近地铁,630万,81343元/平,中楼层 (共17层) 2室1厅 | 77.45平米 | 西南,https://ke-image.ljcdn.com/110000-inspection/pc1_4U5rKfAhC.jpg!m_fill,w_280,h_210,f_jpg?from=ke.com
20241022,朝阳,惠新西街,101124569390,惠新西街满五年唯一南北双南双阳台中间楼层,400万,67694元/平,中楼层 (共6层) 2室1厅 | 59.09平米 | 南 北,https://ke-image.ljcdn.com/110000-inspection/ea773bfb-68dd-449e-b11a-d12fb6d1c6f9_1000.jpg!m_fill,w_280,h_210,f_jpg?from=ke.com
20241022,朝阳,惠新西街,101124567202,南北通透视野光线好没有遮挡近地铁,540万,69958元/平,高楼层 (共6层) 3室1厅 | 77.19平米 | 南 西北,https://ke-image.ljcdn.com/110000-inspection/pc1_NacpDENrY.jpg!m_fill,w_280,h_210,f_jpg?from=ke.com
20241022,朝阳,惠新西街,101124530025,老业主南向高楼层满五年唯一精装修有地下产权车位,899万,84844元/平,顶层 (共25层) 2室1厅 | 105.96平米 | 南,https://ke-image.ljcdn.com/110000-inspection/pc1_dLakmaVmp.jpg!m_fill,w_280,h_210,f_jpg?from=ke.com
20241022,朝阳,惠新西街,101124447198,80万精装修南向4居正对小区花园满5年唯一！,1100万,63621元/平,底层 (共26层) | 2000年 | 4室2厅 | 172.9平米 | 南,https://ke-image.ljcdn.com/110000-inspection/pc1_RoiMXAn5p.jpg!m_fill,w_280,h_210,f_jpg?from=ke.com
20241022,朝阳,惠新西街,101124421372,明厨明卫南北通透两居室 中楼层 不临街 近地铁房主自荐,380万,68655元/平,中楼层 (共6层) 2室1厅 | 55.35平米 | 南 北,https://ke-image.ljcdn.com/110000-inspection/pc1_Dsc5JUqoF_1.jpg!m_fill,w_280,h_210,f_jpg?from=ke.com
20241022,朝阳,惠新西街,101124411571,全南两居室采光好 近地铁 不临街 小区环境好 诚售,399万,70111元/平,高楼层 (共6层) 2室1厅 | 56.91平米 | 南,https://ke-image.ljcdn.com/110000-inspection/pc1_A5ikNoVs4.jpg!m_fill,w_280,h_210,f_jpg?from=ke.com
20241022,朝阳,惠新西街,101124374542,小关北里 99年精装修 大客厅两居室 满五唯一,430万,73092元/平,低楼层 (共6层) | 1999年 | 2室1厅 | 58.83平米 | 南 北,https://ke-image.ljcdn.com/110000-inspection/pc1_QwPamt2kr.jpg!m_fill,w_280,h_210,f_jpg?from=ke.com
20241022,朝阳,惠新西街,101124372326,高层观景3居 小区人车分流  户型方正 近10号线安贞门,1316万,79835元/平,高楼层 (共28层) 3室2厅 | 164.84平米 | 西南,https://ke-image.ljcdn.com/110000-inspection/1281e3e0-784a-465e-be46-c6adea31f4fe_1000.jpg!m_fill,w_280,h_210,f_jpg?from=ke.com
20241022,朝阳,惠新西街,101124360690,小关北里 2室1厅 南 北,488万,70664元/平,中楼层 (共12层) 2室1厅 | 69.06平米 | 南 北,https://ke-image.ljcdn.com/110000-inspection/pc1_PLmZ8KYqo.jpg!m_fill,w_280,h_210,f_jpg?from=ke.com
20241022,朝阳,惠新西街,101124352552,惠新南里5号院 1室1厅 南,330万,76178元/平,低楼层 (共16层) 1室1厅 | 43.32平米 | 南,https://ke-image.ljcdn.com/110000-inspection/pc1_xXlAR0UKL.jpg!m_fill,w_280,h_210,f_jpg?from=ke.com
20241022,朝阳,惠新西街,101124307463,不临街南北通透满五年中间层有客厅前后无遮挡,519万,55402元/平,顶层 (共6层) | 1981年 | 3室1厅 | 93.68平米 | 南 北,https://ke-image.ljcdn.com/110000-inspection/pc1_sh6bPp3S1.jpg!m_fill,w_280,h_210,f_jpg?from=ke.com
20241022,朝阳,惠新西街,101124202972,小关北里24号院 朝南大两居 电梯房  近地铁,575万,83954元/平,低楼层 (共17层) | 1989年 | 2室1厅 | 68.49平米 | 南,https://ke-image.ljcdn.com/110000-inspection/pc1_KIXeKDARO.jpg!m_fill,w_280,h_210,f_jpg?from=ke.com
20241022,朝阳,惠新西街,101124129668,惠新西街惠新苑跃层南北通透三居室 双卫 精装修,1120万,77488元/平,高楼层 (共12层) | 1999年 | 3室2厅 | 144.54平米 | 南 北,https://ke-image.ljcdn.com/110000-inspection/pc1_3CVt2ymwF_1.jpg!m_fill,w_280,h_210,f_jpg?from=ke.com
20241022,朝阳,惠新西街,101124123349,惠新南里5号院 精装修 满五年唯一住房 近地铁,358万,82641元/平,中楼层 (共16层) | 1989年 | 1室1厅 | 43.32平米 | 南,https://ke-image.ljcdn.com/110000-inspection/pc1_Ajz5aWSdh.jpg!m_fill,w_280,h_210,f_jpg?from=ke.com
20241022,朝阳,惠新西街,101124119382,惠新里小区 南北通透 精装修  3米层高,295万,52473元/平,顶层 (共5层) 2室1厅 | 56.22平米 | 南 北,https://ke-image.ljcdn.com/110000-inspection/pc1_NeBHkbdtq.jpg!m_fill,w_280,h_210,f_jpg?from=ke.com
20241022,朝阳,惠新西街,101124077429,板楼三层 精装修 公积金可以贷款27年 在名单内房主自荐,370万,69628元/平,中楼层 (共6层) | 1984年 | 2室1厅 | 53.14平米 | 南 北,https://ke-image.ljcdn.com/110000-inspection/pc1_KRnxVRYXK.jpg!m_fill,w_280,h_210,f_jpg?from=ke.com
20241022,朝阳,惠新西街,101124051092,惠新北里1号院  南北2居室 精装修 高使用面积,380万,72340元/平,底层 (共6层) | 1986年 | 2室1厅 | 52.53平米 | 南 北,https://ke-image.ljcdn.com/110000-inspection/pc1_88P3Jg0iN.jpg!m_fill,w_280,h_210,f_jpg?from=ke.com
20241022,朝阳,惠新西街,101124022753,惠新里小区正规一室一厅楼龄新面积大,305万,65904元/平,低楼层 (共17层) | 1992年 | 1室1厅 | 46.28平米 | 西南,https://ke-image.ljcdn.com/110000-inspection/pc1_RRmcu4a6C.jpg!m_fill,w_280,h_210,f_jpg?from=ke.com
20241022,朝阳,惠新西街,101124010950,此房满五年不唯一成本价光线好不临街没有遮挡,569万,78788元/平,高楼层 (共6层) 3室1厅 | 72.22平米 | 南 北,https://ke-image.ljcdn.com/110000-inspection/pc1_ZaiCQ5NhP.jpg!m_fill,w_280,h_210,f_jpg?from=ke.com
20241022,朝阳,惠新西街,101124009887,总监推荐光电小区中间楼层无遮挡福利分房,380万,70072元/平,高楼层 (共14层) | 1988年 | 2室1厅 | 54.23平米 | 西,https://ke-image.ljcdn.com/110000-inspection/pc1_G6184bgbv.jpg!m_fill,w_280,h_210,f_jpg?from=ke.com
20241022,朝阳,惠新西街,101123995754,奥体公园 安苑东里 南北两居室报价低单价低满五年唯一房主自荐,316万,53012元/平,顶层 (共6层) 2室1厅 | 59.61平米 | 南 北,https://ke-image.ljcdn.com/110000-inspection/pc1_UpVFqy1bg.jpg!m_fill,w_280,h_210,f_jpg?from=ke.com
20241022,朝阳,惠新西街,101123972970,惠中园二居室 户型方正 双阳台采光好,750万,70655元/平,低楼层 (共24层) | 1999年 | 2室1厅 | 106.15平米 | 西,https://ke-image.ljcdn.com/110000-inspection/pc1_LuYaVVIr2.jpg!m_fill,w_280,h_210,f_jpg?from=ke.com
20241022,朝阳,惠新西街,101123960406,惠新南里5号院 双南向两居室 全明格局 满五年住房,398万,69314元/平,中楼层 (共6层) | 1986年 | 2室1厅 | 57.42平米 | 南,https://ke-image.ljcdn.com/110000-inspection/pc1_Fhxcz3Mqf.jpg!m_fill,w_280,h_210,f_jpg?from=ke.com
20241022,朝阳,惠新西街,101123920747,1995年 楼龄新 地铁近 南北通透 全明格局,425万,73454元/平,中楼层 (共5层) | 1995年 | 2室1厅 | 57.86平米 | 南 西 北,https://ke-image.ljcdn.com/110000-inspection/pc1_uygf6LsXc.jpg!m_fill,w_280,h_210,f_jpg?from=ke.com
20241022,朝阳,惠新西街,101123844756,链家聚焦：冶金家属楼 全明三居 管理较好 随时看房,480万,77059元/平,顶层 (共6层) | 1986年 | 3室1厅 | 62.29平米 | 南 北,https://ke-image.ljcdn.com/110000-inspection/pc1_9U4ut7UGy.jpg!m_fill,w_280,h_210,f_jpg?from=ke.com
20241022,朝阳,惠新西街,101123791382,惠新西街 南北通透三居室 业主人很好 价格可谈,430万,63366元/平,顶层 (共6层) | 1984年 | 3室1厅 | 67.86平米 | 南 北,https://ke-image.ljcdn.com/110000-inspection/pc1_3s2uCEg5T.jpg!m_fill,w_280,h_210,f_jpg?from=ke.com
20241022,朝阳,惠新西街,101123791329,胜古北里 精装修 双南两居室 煤炭部,349万,68918元/平,顶层 (共6层) | 1981年 | 2室1厅 | 50.64平米 | 南,https://ke-image.ljcdn.com/110000-inspection/pc1_3U3blrATl.jpg!m_fill,w_280,h_210,f_jpg?from=ke.com
20241022,朝阳,惠新西街,101123769583,小关北里24号院精装全满五唯一明厨明卫随时签约,448万,70641元/平,中楼层 (共17层) | 1987年 | 3室1厅 | 63.42平米 | 东北,https://ke-image.ljcdn.com/110000-inspection/pc1_OXGl1COis.jpg!m_fill,w_280,h_210,f_jpg?from=ke.com
20241022,朝阳,惠新西街,101123763649,胜古家园 南北通透2居 满五年唯一 中高层 精装修,720万,93132元/平,高楼层 (共14层) 2室1厅 | 77.31平米 | 南 北,https://ke-image.ljcdn.com/110000-inspection/pc1_qfVD9OavL.jpg!m_fill,w_280,h_210,f_jpg?from=ke.com
20241022,朝阳,惠新西街,101123744836,惠新西街南口樱花园南向方正一居室2层,335万,83417元/平,低楼层 (共6层) | 1986年 | 1室1厅 | 40.16平米 | 南,https://ke-image.ljcdn.com/110000-inspection/pc1_secprzEJi.jpg!m_fill,w_280,h_210,f_jpg?from=ke.com
20241022,朝阳,惠新西街,101123743459,5号线地铁口的家满五年唯一南向一居室,286万,64648元/平,低楼层 (共18层) | 1986年 | 1室1厅 | 44.24平米 | 南,https://ke-image.ljcdn.com/110000-inspection/pc1_fPgqyjGHn.jpg!m_fill,w_280,h_210,f_jpg?from=ke.com
20241022,朝阳,惠新西街,101123641993,惠新里南北中间层小三居采光通风好边户独门独院管理好,399万,70883元/平,中楼层 (共5层) 3室1厅 | 56.29平米 | 南 北,https://ke-image.ljcdn.com/110000-inspection/pc1_Ew23sxeKG.jpg!m_fill,w_280,h_210,f_jpg?from=ke.com
20241022,朝阳,惠新西街,101123621706,南北通透格局 高楼层 视野宽阔采光充足精装修交通便利房主自荐,399万,61010元/平,顶层 (共6层) 2室1厅 | 65.4平米 | 南 北,https://ke-image.ljcdn.com/110000-inspection/pc1_barxSH9Rr.jpg!m_fill,w_280,h_210,f_jpg?from=ke.com
20241022,朝阳,惠新西街,101123614409,惠新西里一区精装修明厨明卫采光好不临街,310万,62500元/平,顶层 (共6层) 2室1厅 | 49.6平米 | 东 北,https://ke-image.ljcdn.com/110000-inspection/pc1_d4P4NkmDv.jpg!m_fill,w_280,h_210,f_jpg?from=ke.com
20241022,朝阳,惠新西街,101123584541,惠新苑东南两居室 满五年唯一商品房车位充足,850万,73006元/平,低楼层 (共13层) | 2001年 | 2室1厅 | 116.43平米 | 东南,https://ke-image.ljcdn.com/110000-inspection/pc1_sqvvCAzDZ_1.jpg!m_fill,w_280,h_210,f_jpg?from=ke.com
20241022,朝阳,惠新西街,101123511190,惠新南里5号院 全明格局 边户客厅有窗 满五年唯一,668万,84121元/平,底层 (共6层) | 1980年 | 3室1厅 | 79.41平米 | 南 北,https://ke-image.ljcdn.com/110000-inspection/pc1_mUWpiOQeN.jpg!m_fill,w_280,h_210,f_jpg?from=ke.com
20241022,朝阳,惠新西街,101123508311,惠新里小区 2室1厅 南 北,430万,73668元/平,低楼层 (共6层) | 1990年 | 2室1厅 | 58.37平米 | 南 北,https://ke-image.ljcdn.com/110000-inspection/pc1_sK5zEIPmI.jpg!m_fill,w_280,h_210,f_jpg?from=ke.com
20241022,朝阳,惠新西街,101123381511,惠新里小区楼龄新小区环境好。位置好。,430万,73580元/平,低楼层 (共6层) | 2004年 | 2室1厅 | 58.44平米 | 南 北,https://ke-image.ljcdn.com/110000-inspection/pc1_4wWywuZaB.jpg!m_fill,w_280,h_210,f_jpg?from=ke.com
20241022,朝阳,惠新西街,101123355462,满五年唯一 视野号 采光好 楼下华堂地铁,489万,85415元/平,中楼层 (共25层) 1室1厅 | 57.25平米 | 西 北,https://ke-image.ljcdn.com/110000-inspection/pc1_o9b5iaNaS.jpg!m_fill,w_280,h_210,f_jpg?from=ke.com
20241022,朝阳,惠新西街,101123342428,总监推荐光电小区中间楼层无遮挡福利分房,258万,72841元/平,中楼层 (共6层) 1室1厅 | 35.42平米 | 南,https://ke-image.ljcdn.com/110000-inspection/pc1_BCZIxsVe4.jpg!m_fill,w_280,h_210,f_jpg?from=ke.com
20241022,朝阳,惠新西街,101123296674,东南3居满5年唯一有车位小区中间位置不临街,1190万,72039元/平,低楼层 (共28层) 3室1厅 | 165.19平米 | 东南,https://ke-image.ljcdn.com/110000-inspection/pc1_iWvEXaoBe.jpg!m_fill,w_280,h_210,f_jpg?from=ke.com
20241022,朝阳,惠新西街,101123281832,小关东街 95年 带客厅两居室 满五年唯一 近地铁安贞门房主自荐,515万,64151元/平,高楼层 (共6层) | 1995年 | 2室1厅 | 80.28平米 | 南 北,https://ke-image.ljcdn.com/110000-inspection/pc1_b6vgCXvyR.jpg!m_fill,w_280,h_210,f_jpg?from=ke.com
20241022,朝阳,惠新西街,101123279147,世纪嘉园正南4居 人车分流  管理好 近10号线安贞门,1250万,72155元/平,低楼层 (共28层) 4室1厅 | 173.24平米 | 南,https://ke-image.ljcdn.com/110000-inspection/pc1_CKU9qXrt3.jpg!m_fill,w_280,h_210,f_jpg?from=ke.com
20241022,朝阳,惠新西街,101123263624,惠中园大三居满五年唯一中高层采光视野好,850万,61909元/平,中楼层 (共24层) | 1999年 | 3室1厅 | 137.3平米 | 南 西 北,https://ke-image.ljcdn.com/110000-inspection/pc1_JTgzSeWv6.jpg!m_fill,w_280,h_210,f_jpg?from=ke.com
20241022,朝阳,惠新西街,101123206699,小关北里 2室1厅 南,328万,66518元/平,中楼层 (共5层) | 1974年 | 2室1厅 | 49.31平米 | 南,https://ke-image.ljcdn.com/110000-inspection/pc1_IYJBn8uW9.jpg!m_fill,w_280,h_210,f_jpg?from=ke.com
20241022,朝阳,惠新西街,101123162849,千鹤家园 西南向三居室  随时能看 满五年,988万,75254元/平,底层 (共25层) | 2004年 | 3室1厅 | 131.29平米 | 西南,https://ke-image.ljcdn.com/110000-inspection/pc1_BdtHrRAK5.jpg!m_fill,w_280,h_210,f_jpg?from=ke.com
20241022,朝阳,惠新西街,101123149315,惠新里精装修两居店长推荐！ 南北通透不临街房主自荐,480万,80592元/平,中楼层 (共6层) | 1988年 | 2室1厅 | 59.56平米 | 南 北,https://ke-image.ljcdn.com/110000-inspection/pc1_acLlN0S3s.jpg!m_fill,w_280,h_210,f_jpg?from=ke.com
20241022,朝阳,惠新西街,101123055936,惠新里小区 南向一居室 满五年唯一 精装修,320万,74610元/平,低楼层 (共20层) 1室1厅 | 42.89平米 | 南,https://ke-image.ljcdn.com/110000-inspection/pc1_LshfTss6u.jpg!m_fill,w_280,h_210,f_jpg?from=ke.com
20241022,朝阳,惠新西街,101123044452,惠新里93年三居室有正规明厅 看房随时 军休所,399万,92042元/平,顶层 (共7层) | 1993年 | 3室1厅 | 43.35平米 | 南 北,https://ke-image.ljcdn.com/110000-inspection/pc1_uC1Z7RAfS.jpg!m_fill,w_280,h_210,f_jpg?from=ke.com
20241022,朝阳,惠新西街,101123015659,北四环东路104号南北通透两居室 近地铁,396万,61924元/平,低楼层 (共6层) | 1990年 | 2室1厅 | 63.95平米 | 南 北,https://ke-image.ljcdn.com/110000-inspection/pc1_jzN0GvnXA.jpg!m_fill,w_280,h_210,f_jpg?from=ke.com
20241022,朝阳,惠新西街,101122985444,四环内 近地铁 南北通透 精装修2居室 业主诚售,480万,69880元/平,顶层 (共6层) | 1990年 | 2室1厅 | 68.69平米 | 南 北,https://ke-image.ljcdn.com/110000-inspection/pc1_nH1wzIz4L.jpg!m_fill,w_280,h_210,f_jpg?from=ke.com
20241022,朝阳,惠新西街,101122973753,此房满五唯一商品房教委家属楼  双地铁,360万,59712元/平,顶层 (共6层) | 1986年 | 2室1厅 | 60.29平米 | 南 北,https://ke-image.ljcdn.com/110000-inspection/649fd9e4-806f-4b4c-8799-3793110f4bfc_1000.jpg!m_fill,w_280,h_210,f_jpg?from=ke.com
20241022,朝阳,惠新西街,101122973848,惠新南里5号院精装修三居室看房方便价格可谈,580万,81668元/平,中楼层 (共16层) | 1986年 | 3室1厅 | 71.02平米 | 东 南 北,https://ke-image.ljcdn.com/110000-inspection/pc1_1BUOCOUMU.jpg!m_fill,w_280,h_210,f_jpg?from=ke.com
20241022,朝阳,惠新西街,101122946876,惠新里精装修全南一居室 双地铁惠新西街南口站房主自荐,300万,67416元/平,中楼层 (共6层) | 1992年 | 1室1厅 | 44.5平米 | 南,https://ke-image.ljcdn.com/110000-inspection/pc1_zs2Y5rLm2.jpg!m_fill,w_280,h_210,f_jpg?from=ke.com
20241022,朝阳,惠新西街,101122882985,惠安轩 2000年商品房 独立小区 近地铁,400万,64988元/平,中楼层 (共11层) 1室1厅 | 61.55平米 | 北,https://ke-image.ljcdn.com/110000-inspection/pc1_rRlrqCPkf.jpg!m_fill,w_280,h_210,f_jpg?from=ke.com
20241022,朝阳,惠新西街,101122878538,安苑东里三区近地铁 南北两居 满五唯一 配套齐全,218万,44309元/平,地下室 (共6层) 2室1厅 | 49.2平米 | 南 北,https://ke-image.ljcdn.com/110000-inspection/pc1_xoM88mGbf.jpg!m_fill,w_280,h_210,f_jpg?from=ke.com
20241022,朝阳,惠新西街,101122798858,满五年唯一 南北朝向 采光充足  航空部家属楼,540万,68019元/平,顶层 (共6层) 3室1厅 | 79.39平米 | 南 北,https://ke-image.ljcdn.com/110000-inspection/pc1_gn8f7fwki.jpg!m_fill,w_280,h_210,f_jpg?from=ke.com
20241022,朝阳,惠新西街,101122769717,惠新西街北欧风精装修正规小2居楼下地铁满五唯一房主自荐,487万,76047元/平,顶层 (共18层) | 1987年 | 2室1厅 | 64.04平米 | 南,https://ke-image.ljcdn.com/110000-inspection/pc1_PscYs46VO.jpg!m_fill,w_280,h_210,f_jpg?from=ke.com
20241022,朝阳,惠新西街,101122723164,小关北里满五唯一1995年楼钢混户型好 ！,450万,68818元/平,底层 (共12层) | 1995年 | 2室1厅 | 65.39平米 | 东南,https://ke-image.ljcdn.com/110000-inspection/pc1_KlJNNPxvn.jpg!m_fill,w_280,h_210,f_jpg?from=ke.com
20241022,朝阳,惠新西街,101122679736,小关东里10号院满五年唯一央产中间层全明格局,265万,66284元/平,中楼层 (共6层) | 1987年 | 1室1厅 | 39.98平米 | 南 北,https://ke-image.ljcdn.com/110000-inspection/pc1_7NO5N2GD1.jpg!m_fill,w_280,h_210,f_jpg?from=ke.com
20241022,朝阳,惠新西街,101122657451,全明南向二居 冶金部大院 满五唯一房主自荐,402万,74280元/平,高楼层 (共6层) 2室1厅 | 54.12平米 | 南,https://ke-image.ljcdn.com/110000-inspection/pc1_bxQtbB3q1.jpg!m_fill,w_280,h_210,f_jpg?from=ke.com
20241022,朝阳,惠新西街,101122423180,小关北里 南北两居室 二层采光充足房主自荐,498万,77378元/平,低楼层 (共6层) 2室1厅 | 64.36平米 | 南 北,https://ke-image.ljcdn.com/110000-inspection/pc1_c2iELKuOO.jpg!m_fill,w_280,h_210,f_jpg?from=ke.com
20241022,朝阳,惠新西街,101122403291,惠新西里一区公积金可贷27年（67-楼龄）房主自荐,349万,65775元/平,顶层 (共6层) | 1984年 | 2室1厅 | 53.06平米 | 东 南,https://ke-image.ljcdn.com/110000-inspection/pc1_m76HWjkRj.jpg!m_fill,w_280,h_210,f_jpg?from=ke.com
20241022,朝阳,惠新西街,101122332421,店长推荐 惠新里小区 全明格局三居室 满五年唯一住房房主自荐,490万,63480元/平,顶层 (共6层) 3室1厅 | 77.19平米 | 南 北,https://ke-image.ljcdn.com/110000-inspection/pc1_aFszI5VcM.jpg!m_fill,w_280,h_210,f_jpg?from=ke.com
20241022,朝阳,惠新西街,101122253632,小关北里 1999年楼龄新 地铁近,310万,65832元/平,高楼层 (共6层) | 1999年 | 1室1厅 | 47.09平米 | 南,https://ke-image.ljcdn.com/110000-inspection/pc1_jgZjOQBoC.jpg!m_fill,w_280,h_210,f_jpg?from=ke.com
20241022,朝阳,惠新西街,101122241355,千鹤家园高楼层   视野好 两居室 诚心出售 看房方便,480万,50131元/平,高楼层 (共25层) | 2005年 | 2室1厅 | 95.75平米 | 北,https://ke-image.ljcdn.com/110000-inspection/pc1_f8Foy5UgH.jpg!m_fill,w_280,h_210,f_jpg?from=ke.com
20241022,朝阳,惠新西街,101122173477,小关东街 安贞南北通透采光充足地铁5号10号线换乘,368万,67007元/平,顶层 (共6层) | 1989年 | 2室1厅 | 54.92平米 | 南 北,https://ke-image.ljcdn.com/110000-inspection/pc1_BNz2XxpGy.jpg!m_fill,w_280,h_210,f_jpg?from=ke.com
20241022,朝阳,惠新西街,101122166617,带客厅南北2居 精装修 单独管理  只有契税,445万,68473元/平,顶层 (共6层) | 1982年 | 2室1厅 | 64.99平米 | 南 北,https://ke-image.ljcdn.com/110000-inspection/pc1_LgoyEgQFD.jpg!m_fill,w_280,h_210,f_jpg?from=ke.com
20241022,朝阳,惠新西街,101122148393,店长推荐地铁边次新房精装修免费停车高楼层无遮挡,1420万,149948元/平,高楼层 (共21层) | 2020年 | 2室1厅 | 94.7平米 | 东 南,https://ke-image.ljcdn.com/110000-inspection/pc1_Nz1zGfrij.jpg!m_fill,w_280,h_210,f_jpg?from=ke.com
20241022,朝阳,惠新西街,101122083803,楼龄新 满五唯一 南北通透 不临街,520万,70081元/平,顶层 (共6层) 2室1厅 | 74.2平米 | 南 北,https://ke-image.ljcdn.com/110000-inspection/pc1_Dek6iOnrJ.jpg!m_fill,w_280,h_210,f_jpg?from=ke.com
20241022,朝阳,惠新西街,101121984667,满五年唯一节省购房成本采光好户型好房主自荐,458万,59714元/平,顶层 (共6层) | 1986年 | 3室1厅 | 76.7平米 | 东 南,https://ke-image.ljcdn.com/110000-inspection/pc1_P5KTFL0iu.jpg!m_fill,w_280,h_210,f_jpg?from=ke.com
20241022,朝阳,惠新西街,101121917802,小关东里8号院 3室1厅 南 北,425万,77287元/平,中楼层 (共5层) 3室1厅 | 54.99平米 | 南 北,https://ke-image.ljcdn.com/110000-inspection/pc1_Ws3FKt6Sd.jpg!m_fill,w_280,h_210,f_jpg?from=ke.com
20241022,朝阳,惠新西街,101121623948,奥东18 精装南北大两居 两卫 满五年唯一看房随时房主自荐,1290万,89292元/平,中楼层 (共24层) 2室1厅 | 144.47平米 | 南 北,https://ke-image.ljcdn.com/110000-inspection/pc1_hi8aBPrev.jpg!m_fill,w_280,h_210,f_jpg?from=ke.com
20241022,朝阳,惠新西街,101121579088,满五唯一 南北通透 地铁近10号线房主自荐,380万,63834元/平,高楼层 (共7层) 2室1厅 | 59.53平米 | 南 北,https://ke-image.ljcdn.com/110000-inspection/pc1_BM75hT1R3.jpg!m_fill,w_280,h_210,f_jpg?from=ke.com
20241022,朝阳,惠新西街,101121535477,惠新北里精装修满五年急售户型好,480万,70361元/平,顶层 (共5层) | 1982年 | 3室1厅 | 68.22平米 | 南 北,https://ke-image.ljcdn.com/110000-inspection/pc1_edHXM5ZHM.jpg!m_fill,w_280,h_210,f_jpg?from=ke.com
20241022,朝阳,惠新西街,101121352411,惠新西街有客厅两居室 外经贸家属楼,298万,55155元/平,顶层 (共6层) 2室1厅 | 54.03平米 | 东 西,https://ke-image.ljcdn.com/110000-inspection/pc1_hp9XTGASl.jpg!m_fill,w_280,h_210,f_jpg?from=ke.com
20241022,朝阳,惠新西街,101121345005,安外  安贞门地铁 精装两居室  南北通透,400万,72834元/平,高楼层 (共6层) 2室1厅 | 54.92平米 | 南 北,https://ke-image.ljcdn.com/110000-inspection/pc1_88UMWdT2N.jpg!m_fill,w_280,h_210,f_jpg?from=ke.com
20241022,朝阳,惠新西街,101121269969,满五 管理好 精装修 1997年钢混结构 华润物业管理好,480万,77084元/平,低楼层 (共17层) 1室1厅 | 62.27平米 | 西,https://ke-image.ljcdn.com/110000-inspection/pc1_0r8evP8GD.jpg!m_fill,w_280,h_210,f_jpg?from=ke.com
20241022,朝阳,惠新西街,101121246468,安苑东里三区满五唯一格局较好正规客厅南北通透,530万,77159元/平,高楼层 (共6层) | 1990年 | 2室1厅 | 68.69平米 | 南 北,https://ke-image.ljcdn.com/110000-inspection/fd2f1514-2106-404c-8222-ef89f48343c4_1000.jpg!m_fill,w_280,h_210,f_jpg?from=ke.com
20241022,朝阳,惠新西街,101121203616,店长推荐 惠新里干休所 客厅带窗 满五年 楼层3层,680万,90667元/平,中楼层 (共5层) 3室1厅 | 75平米 | 南 北,https://ke-image.ljcdn.com/110000-inspection/pc1_OiJBF0akO.jpg!m_fill,w_280,h_210,f_jpg?from=ke.com
20241022,朝阳,惠新西街,101121133908,小关北里南北 大客厅两居 满五唯一 单位分房 看房随时,536万,82475元/平,低楼层 (共6层) | 1982年 | 2室1厅 | 64.99平米 | 南 北,https://ke-image.ljcdn.com/110000-inspection/pc1_RYr3rMJZc.jpg!m_fill,w_280,h_210,f_jpg?from=ke.com
20241022,朝阳,惠新西街,101121061896,首付200万21年次新房 精装修双线地铁临公园,688万,102995元/平,中楼层 (共21层) | 2020年 | 1室2厅 | 66.8平米 | 东,https://ke-image.ljcdn.com/110000-inspection/pc1_6RlqkRTY2.jpg!m_fill,w_280,h_210,f_jpg?from=ke.com
20241022,朝阳,惠新西街,101121027313,惠新里军休所 中间层 两居大客厅经典户型 看房有钥匙,441万,83036元/平,中楼层 (共6层) 2室1厅 | 53.11平米 | 南 北,https://ke-image.ljcdn.com/110000-inspection/pc1_LZl2KeKm2.jpg!m_fill,w_280,h_210,f_jpg?from=ke.com
20241022,朝阳,惠新西街,101120943496,惠新里军休所带电梯管理好满五年不唯一公d房,326万,75709元/平,低楼层 (共20层) 1室1厅 | 43.06平米 | 南,https://ke-image.ljcdn.com/110000-inspection/pc1_Exs5hzwFT.jpg!m_fill,w_280,h_210,f_jpg?from=ke.com
20241022,朝阳,惠新西街,101120893570,奥东18号 08年 满五年唯一 南北通透三居室人车分流,1700万,92785元/平,中楼层 (共13层) 3室1厅 | 183.22平米 | 南 北,https://ke-image.ljcdn.com/110000-inspection/pc1_RIWVPVYvb.jpg!m_fill,w_280,h_210,f_jpg?from=ke.com
20241022,朝阳,惠新西街,101120893434,近5和10号线 管理好 干净 安静 配套齐全 采光视野好,399万,68948元/平,底层 (共17层) | 1997年 | 2室1厅 | 57.87平米 | 南,https://ke-image.ljcdn.com/110000-inspection/ce09bb43-b4d9-4363-85ff-3e0881bb5d03_1000.jpg!m_fill,w_280,h_210,f_jpg?from=ke.com
20241022,朝阳,惠新西街,101120637990,独门独院小区 地铁近 南向大一居 满五年无遮挡,407万,75948元/平,低楼层 (共17层) | 1989年 | 1室1厅 | 53.59平米 | 南,https://ke-image.ljcdn.com/110000-inspection/pc1_6BzTrsgW1.jpg!m_fill,w_280,h_210,f_jpg?from=ke.com
20241022,朝阳,惠新西街,101120622711,惠新西街33号院 满五年唯一 不临街 没有遮挡 产权清晰房主自荐,399万,84642元/平,中楼层 (共17层) 1室1厅 | 47.14平米 | 南,https://ke-image.ljcdn.com/110000-inspection/pc1_clhr9cDhT.jpg!m_fill,w_280,h_210,f_jpg?from=ke.com
20241022,朝阳,惠新西街,101120592638,南向四居 小区人车分流管理好 近10号线安贞门 高楼层,1300万,75041元/平,高楼层 (共28层) 4室1厅 | 173.24平米 | 南,https://ke-image.ljcdn.com/110000-inspection/pc1_1TyeevH6c.jpg!m_fill,w_280,h_210,f_jpg?from=ke.com
20241022,朝阳,惠新西街,101120592613,南向四居 小区人车分流管理好 近10号线安贞门 无遮挡,1300万,75041元/平,中楼层 (共28层) 4室1厅 | 173.24平米 | 南,https://ke-image.ljcdn.com/110000-inspection/pc1_cGVKF1q6T.jpg!m_fill,w_280,h_210,f_jpg?from=ke.com
20241022,朝阳,惠新西街,101120419592,满五年田字格户型面宽大全名格局 中间楼层,620万,74208元/平,中楼层 (共5层) 3室1厅 | 83.55平米 | 南 北,https://ke-image.ljcdn.com/110000-inspection/pc1_HpevVOTEb.jpg!m_fill,w_280,h_210,f_jpg?from=ke.com
20241022,朝阳,惠新西街,101120382751,房源店长推荐诚意出售 看房方便,350万,76154元/平,高楼层 (共6层) 1室1厅 | 45.96平米 | 南,https://ke-image.ljcdn.com/110000-inspection/pc1_skCdGOqgy.jpg!m_fill,w_280,h_210,f_jpg?from=ke.com
20241022,朝阳,惠新西街,101120019871,新上！惠新里小区1992年南北通透不遮挡中间层近地铁房主自荐,410万,72503元/平,中楼层 (共6层) 2室1厅 | 56.55平米 | 南 北,https://ke-image.ljcdn.com/110000-inspection/042b8982-a13e-408c-8627-f205b4be8487_1000.jpg!m_fill,w_280,h_210,f_jpg?from=ke.com
20241022,朝阳,惠新西街,101120013400,惠新西街精装一居室拎包入住城建家属楼不临街房主自荐,318万,75374元/平,低楼层 (共6层) | 1990年 | 1室1厅 | 42.19平米 | 南,https://ke-image.ljcdn.com/110000-inspection/pc1_L5P6np8DA.jpg!m_fill,w_280,h_210,f_jpg?from=ke.com
20241022,朝阳,惠新西街,101120011043,小关东里8号院 3室1厅 南 北,350万,63648元/平,顶层 (共5层) 3室1厅 | 54.99平米 | 南 北,https://ke-image.ljcdn.com/110000-inspection/pc1_wKyJMEWqr.jpg!m_fill,w_280,h_210,f_jpg?from=ke.com
20241022,朝阳,惠新西街,101119853327,小关东里8号院  南北向中间层两居室  不临街不吵无挡房主自荐,399万,73414元/平,中楼层 (共6层) 2室1厅 | 54.35平米 | 南 北,https://ke-image.ljcdn.com/110000-inspection/pc1_Zy0V1WGAO.jpg!m_fill,w_280,h_210,f_jpg?from=ke.com
20241022,朝阳,惠新西街,101119780568,冶金部单独管理停车免费不临街满五唯一有钥匙房主自荐,436万,81710元/平,底层 (共6层) 2室1厅 | 53.36平米 | 南 北,https://ke-image.ljcdn.com/110000-inspection/pc1_HdfIeTPnp.jpg!m_fill,w_280,h_210,f_jpg?from=ke.com
20241022,朝阳,惠新西街,101119282396,惠新里精装南向一居室。业主诚意出售,280万,75188元/平,中楼层 (共5层) 1室1厅 | 37.24平米 | 南,https://ke-image.ljcdn.com/110000-inspection/pc1_BBw8fCVGu.jpg!m_fill,w_280,h_210,f_jpg?from=ke.com
20241022,朝阳,惠新西街,101119168489,小关东里8号院、双卧朝南两居室双轨道地铁5、10号线,399万,72061元/平,顶层 (共6层) 2室1厅 | 55.37平米 | 南 北,https://ke-image.ljcdn.com/110000-inspection/446cdab2-4c5e-48e4-bb3a-21702ce0ba07_1000.jpg!m_fill,w_280,h_210,f_jpg?from=ke.com
20241022,朝阳,惠新西街,101119137170,奥体东门全明格局三居室 客厅有阳台 明厅,668万,74330元/平,顶层 (共6层) 3室1厅 | 89.87平米 | 南 北,https://ke-image.ljcdn.com/110000-inspection/pc1_K6Mw44aH9.jpg!m_fill,w_280,h_210,f_jpg?from=ke.com
20241022,朝阳,惠新西街,101118976913,小关东里8号院首钢家属楼满五唯一。,415万,83200元/平,顶层 (共5层) 2室1厅 | 49.88平米 | 南,https://ke-image.ljcdn.com/110000-inspection/pc1_S6oQTsrH2.jpg!m_fill,w_280,h_210,f_jpg?from=ke.com
20241022,朝阳,惠新西街,101118911011,小关北里南北满五年唯一两居 看房随时,399万,70000元/平,中楼层 (共6层) | 1987年 | 2室1厅 | 57平米 | 北 南,https://ke-image.ljcdn.com/110000-inspection/pc1_UnbV4tCBt.jpg!m_fill,w_280,h_210,f_jpg?from=ke.com
20241022,朝阳,惠新西街,101118688488,08年社区 两梯四户 南向无遮挡 车位充足,1640万,86828元/平,低楼层 (共24层) 3室1厅 | 188.88平米 | 南,https://ke-image.ljcdn.com/110000-inspection/pc1_f4ygLFkK9_1.jpg!m_fill,w_280,h_210,f_jpg?from=ke.com
20241022,朝阳,惠新西街,101118602315,北四环东路104号南北通透两居室 近地铁,450万,73041元/平,低楼层 (共6层) | 1990年 | 2室1厅 | 61.61平米 | 南 北,https://ke-image.ljcdn.com/110000-inspection/pc1_vpLJzjdry.jpg!m_fill,w_280,h_210,f_jpg?from=ke.com
20241022,朝阳,惠新西街,101117822662,惠新西街甲17号院 南北朝向 满五年 不临街,390万,67092元/平,底层 (共6层) 1室1厅 | 58.13平米 | 南 北,https://ke-image.ljcdn.com/110000-inspection/pc1_jT04RgYFi.jpg!m_fill,w_280,h_210,f_jpg?from=ke.com
20241022,朝阳,惠新西街,101117570777,1号楼 世纪嘉园东南F户型  人车分流社区  有车位,1380万,76180元/平,中楼层 (共26层) | 2000年 | 4室1厅 | 181.15平米 | 东南,https://ke-image.ljcdn.com/110000-inspection/581c66f2-6bfb-46dc-9901-39beb8d0bd9c_1000.jpg!m_fill,w_280,h_210,f_jpg?from=ke.com
20241022,朝阳,惠新西街,101117304604,西南四居 客厅明亮 有地下车位 近10号线安贞门 视野好,1560万,86749元/平,低楼层 (共28层) 4室2厅 | 179.83平米 | 西南,https://ke-image.ljcdn.com/110000-inspection/pc1_4SmkZMDXx.jpg!m_fill,w_280,h_210,f_jpg?from=ke.com
20241022,朝阳,惠新西街,101117132531,新上 胜古北里 冶金小区 24小时门卫 管理好 干部楼,1560万,93168元/平,底层 (共6层) | 1997年 | 4室2厅 | 167.44平米 | 南 北,https://ke-image.ljcdn.com/110000-inspection/4c898fa7-976e-47c6-b514-a053ffcbed01_1000.jpg!m_fill,w_280,h_210,f_jpg?from=ke.com
20241022,朝阳,惠新西街,101117108672,小关东街17号院 中间层 双南两居室,369万,74336元/平,中楼层 (共4层) | 1975年 | 2室1厅 | 49.64平米 | 南,https://ke-image.ljcdn.com/110000-inspection/pc1_QqqnuXwwR.jpg!m_fill,w_280,h_210,f_jpg?from=ke.com
20241022,朝阳,惠新西街,101116757302,核地质研究院家属院 满五年央产房 中间楼层 随时可看,610万,76653元/平,中楼层 (共6层) | 1991年 | 3室1厅 | 79.58平米 | 南 北,https://ke-image.ljcdn.com/110000-inspection/pc1_oZpnHn5bK.jpg!m_fill,w_280,h_210,f_jpg?from=ke.com
20241022,朝阳,惠新西街,101116413412,惠新里小区 3室1厅 南 北,565万,107231元/平,顶层 (共5层) | 1973年 | 3室1厅 | 52.69平米 | 南 北,https://ke-image.ljcdn.com/110000-inspection/pc1_s6hX1tdih.jpg!m_fill,w_280,h_210,f_jpg?from=ke.com
20241022,朝阳,惠新西街,101116410874,胜古南里地质局家属楼钢混有电梯中间层精装一居房主自荐,355万,83668元/平,中楼层 (共14层) | 1988年 | 1室1厅 | 42.43平米 | 东,https://ke-image.ljcdn.com/110000-inspection/pc1_c3WYaagSx.jpg!m_fill,w_280,h_210,f_jpg?from=ke.com
20241022,朝阳,惠新西街,101115559921,惠新西街南口 军休所好管理三居室 电梯楼 改造完成房主自荐,655万,89371元/平,低楼层 (共20层) | 1991年 | 3室1厅 | 73.29平米 | 西南,https://ke-image.ljcdn.com/110000-inspection/pc1_sYCDZSeIE.jpg!m_fill,w_280,h_210,f_jpg?from=ke.com
20241022,朝阳,惠新西街,101114026641,小关北里双南向满五年唯一两居室  诚意出售房主自荐,388万,78654元/平,中楼层 (共5层) | 1979年 | 2室1厅 | 49.33平米 | 南,https://ke-image.ljcdn.com/110000-inspection/pc1_HOlxT3Qr6.jpg!m_fill,w_280,h_210,f_jpg?from=ke.com
20241022,朝阳,惠新西街,101127203001,千鹤家园东北南向大三居 满五年唯一 四环内 楼龄新,1099万,59735元/平,低楼层 (共25层) 3室1厅 | 183.98平米 | 东北,https://ke-image.ljcdn.com/110000-inspection/pc1_ttUOeJ6lA.jpg!m_fill,w_280,h_210,f_jpg?from=ke.com
20241022,朝阳,惠新西街,101127201809,城市出品 1室1厅 东,370万,69354元/平,底层 (共10层) | 2005年 | 1室1厅 | 53.35平米 | 东,https://ke-image.ljcdn.com/110000-inspection/b0d36341-5761-4200-a100-fcbd025d7213_1000.jpg!m_fill,w_280,h_210,f_jpg?from=ke.com
20241022,朝阳,惠新西街,101127156795,惠新里小区 楼龄新 地铁近 小区干净整洁 诚意出售新上,699万,78628元/平,低楼层 (共17层) | 1993年 | 3室1厅 | 88.9平米 | 东南 北,https://ke-image.ljcdn.com/110000-inspection/pc1_zlV5T8hxe.jpg!m_fill,w_280,h_210,f_jpg?from=ke.com
20241022,朝阳,惠新西街,101127133724,安外胜古南里南北通透好房源。新上,390万,67803元/平,高楼层 (共6层) 2室1厅 | 57.52平米 | 南 北,https://ke-image.ljcdn.com/110000-inspection/pc1_xMxOkXOjL.jpg!m_fill,w_280,h_210,f_jpg?from=ke.com
20241022,朝阳,惠新西街,101127129117,惠新苑正规东向两居满五年唯一靠谱卖车位充足新上,790万,69378元/平,低楼层 (共14层) 2室1厅 | 113.87平米 | 东,https://ke-image.ljcdn.com/110000-inspection/706450ba-1f81-4b9d-9965-7a9dba3bfaaa_1000.jpg!m_fill,w_280,h_210,f_jpg?from=ke.com
20241022,朝阳,惠新西街,101127127249,北四环东路104号 北四环内 低楼层 南北两居新上,315万,52650元/平,底层 (共6层) | 1990年 | 2室1厅 | 59.83平米 | 南 北,https://ke-image.ljcdn.com/110000-inspection/pc1_zLsnh0l3J.jpg!m_fill,w_280,h_210,f_jpg?from=ke.com
20241022,朝阳,惠新西街,101127125162,千鹤家园 1室1厅 西新上,489万,85415元/平,中楼层 (共25层) | 2004年 | 1室1厅 | 57.25平米 | 西,https://ke-image.ljcdn.com/110000-inspection/pc1_sQjGvFsSH.jpg!m_fill,w_280,h_210,f_jpg?from=ke.com
20241022,朝阳,惠新西街,101127113305,满五年唯一商品房 南向采光充足 地铁惠新西街北口新上,450万,70269元/平,底层 (共18层) | 1987年 | 2室1厅 | 64.04平米 | 南,https://ke-image.ljcdn.com/110000-inspection/pc1_j6qaN14za.jpg!m_fill,w_280,h_210,f_jpg?from=ke.com
20241022,朝阳,惠新西街,101127108278,樱花园低楼层低价两居室。满五年家庭唯一住房新上,340万,63731元/平,地下室 (共6层) | 1991年 | 2室1厅 | 53.35平米 | 南,https://ke-image.ljcdn.com/110000-inspection/pc1_0WKy0fTaI.jpg!m_fill,w_280,h_210,f_jpg?from=ke.com
20241022,朝阳,惠新西街,101127103130,满五唯一高楼层视野宽阔采光充足交通便利新上,320万,69145元/平,顶层 (共17层) 1室1厅 | 46.28平米 | 西南,https://ke-image.ljcdn.com/110000-inspection/pc1_mn9gzVmV0.jpg!m_fill,w_280,h_210,f_jpg?from=ke.com
20241022,朝阳,惠新西街,101127096272,千鹤家园 车位,42万,11609元/平,地下室 (共25层) | 2002年 | 1室0厅 | 36.18平米 | 南 北,https://ke-image.ljcdn.com/110000-inspection/a98aa667-3001-48da-a361-c47ee49f5781_1000.jpg!m_fill,w_280,h_210,f_jpg?from=ke.com
20241022,朝阳,惠新西街,101127084017,此房南北通透格局合理大客厅朝南采光好交通新上,796万,80829元/平,中楼层 (共13层) | 1998年 | 2室1厅 | 98.48平米 | 南 北,https://ke-image.ljcdn.com/110000-inspection/pc1_pwdLYGj9q.jpg!m_fill,w_280,h_210,f_jpg?from=ke.com
20241022,朝阳,惠新西街,101127076364,新上胜古南里双南向2层精装修采光好新上,356万,65744元/平,中楼层 (共5层) | 1979年 | 2室1厅 | 54.15平米 | 南,https://ke-image.ljcdn.com/110000-inspection/pc1_36u7M3jY0.jpg!m_fill,w_280,h_210,f_jpg?from=ke.com
20241022,朝阳,惠新西街,101127044002,樱花园 2室1厅 南 北新上,460万,75103元/平,低楼层 (共6层) | 1986年 | 2室1厅 | 61.25平米 | 南 北,https://ke-image.ljcdn.com/110000-inspection/pc1_y7yqb1p2L_1.jpg!m_fill,w_280,h_210,f_jpg?from=ke.com
20241022,朝阳,惠新西街,101127043222,樱花东街 2室1厅 东 西新上,280万,51728元/平,顶层 (共6层) 2室1厅 | 54.13平米 | 东 西,https://ke-image.ljcdn.com/110000-inspection/pc1_IzdWWQ9VN.jpg!m_fill,w_280,h_210,f_jpg?from=ke.com
20241022,朝阳,惠新西街,101127043206,樱花园 1室1厅 南,320万,79781元/平,中楼层 (共6层) 1室1厅 | 40.11平米 | 南,https://ke-image.ljcdn.com/110000-inspection/pc1_eRX5iPsC1.jpg!m_fill,w_280,h_210,f_jpg?from=ke.com
20241022,朝阳,惠新西街,101127030820,满五唯一楼下华堂地铁惠新西街北口200米,520万,49666元/平,低楼层 (共25层) | 2005年 | 2室1厅 | 104.7平米 | 北,https://ke-image.ljcdn.com/110000-inspection/pc1_sitDHeQgA.jpg!m_fill,w_280,h_210,f_jpg?from=ke.com
20241022,朝阳,惠新西街,101127028575,惠新南里1号院坡顶满五年唯一不临街,428万,65115元/平,顶层 (共6层) 2室1厅 | 65.73平米 | 南 北,https://ke-image.ljcdn.com/110000-inspection/pc1_5XYifJqKi.jpg!m_fill,w_280,h_210,f_jpg?from=ke.com
20241022,朝阳,惠新西街,101127021016,楼层好 采光充足无遮挡 小区管理好 近地铁,475万,58190元/平,低楼层 (共6层) | 1992年 | 2室1厅 | 81.63平米 | 东 西,https://ke-image.ljcdn.com/110000-inspection/pc1_1P6sqoVNh.jpg!m_fill,w_280,h_210,f_jpg?from=ke.com
20241022,朝阳,惠新西街,101127020781,胜古南里 3室1厅 南 北,540万,79191元/平,中楼层 (共5层) | 1987年 | 3室1厅 | 68.19平米 | 南 北,https://ke-image.ljcdn.com/110000-inspection/pc1_NV1DxWrHx.jpg!m_fill,w_280,h_210,f_jpg?from=ke.com
20241022,朝阳,惠新西街,101127020782,寰球之家院里低楼层两居室满五年环境好近地铁,490万,78375元/平,低楼层 (共6层) 2室1厅 | 62.52平米 | 南 北,https://ke-image.ljcdn.com/110000-inspection/pc1_IvJT4YMZW.jpg!m_fill,w_280,h_210,f_jpg?from=ke.com
20241022,朝阳,惠新西街,101127019483,胜古北里  2室1厅 南 北,560万,82064元/平,中楼层 (共6层) | 1982年 | 2室1厅 | 68.24平米 | 南 北,https://ke-image.ljcdn.com/110000-inspection/pc1_jvhfksV4a.jpg!m_fill,w_280,h_210,f_jpg?from=ke.com
20241022,朝阳,惠新西街,101127018998,樱花园 2室1厅 南 北,460万,75164元/平,底层 (共6层) 2室1厅 | 61.2平米 | 南 北,https://ke-image.ljcdn.com/110000-inspection/pc1_M7Ds7aY3C.jpg!m_fill,w_280,h_210,f_jpg?from=ke.com
20241022,朝阳,惠新西街,101127019008,樱花园 2室1厅 南 北,480万,80107元/平,顶层 (共6层) 2室1厅 | 59.92平米 | 南 北,https://ke-image.ljcdn.com/110000-inspection/pc1_n6JfBWKEh.jpg!m_fill,w_280,h_210,f_jpg?from=ke.com
20241022,朝阳,惠新西街,101127019062,中日家属楼 满五唯一 精装全明两居,490万,92123元/平,底层 (共6层) 2室1厅 | 53.19平米 | 南 北,https://ke-image.ljcdn.com/110000-inspection/698d38c7-f2c4-4777-9cc4-15ba42e4c179_1000.jpg!m_fill,w_280,h_210,f_jpg?from=ke.com
20241022,朝阳,惠新西街,101127018406,樱花园 2室1厅 南 北,466万,76157元/平,底层 (共6层) | 1990年 | 2室1厅 | 61.19平米 | 南 北,https://ke-image.ljcdn.com/110000-inspection/5a02c8f8-b2d9-430a-9b6c-3f56f551d2e5_1000.jpg!m_fill,w_280,h_210,f_jpg?from=ke.com
20241022,朝阳,惠新西街,101127012830,胜古东里新登记南向一居室采光好无遮挡业主诚心卖新上,300万,79703元/平,高楼层 (共6层) | 1986年 | 1室1厅 | 37.64平米 | 南,https://ke-image.ljcdn.com/110000-inspection/pc1_Axm5CvPkM.jpg!m_fill,w_280,h_210,f_jpg?from=ke.com
20241022,朝阳,惠新西街,101126990461,胜古东里 2室1厅 东 南 西,400万,69882元/平,高楼层 (共6层) | 1976年 | 2室1厅 | 57.24平米 | 东 南 西,https://ke-image.ljcdn.com/110000-inspection/pc1_fq6z4icR1.jpg!m_fill,w_280,h_210,f_jpg?from=ke.com
20241022,朝阳,惠新西街,101126989634,北三环双地铁环绕南北通透中楼层,1320万,91929元/平,中楼层 (共12层) 3室2厅 | 143.59平米 | 南 北,https://ke-image.ljcdn.com/110000-inspection/pc1_dBg0h57sp_1.jpg!m_fill,w_280,h_210,f_jpg?from=ke.com
20241022,朝阳,惠新西街,101126988678,樱花园 南北朝向 田字格三居室,598万,79385元/平,顶层 (共7层) | 1991年 | 3室1厅 | 75.33平米 | 南 北,https://ke-image.ljcdn.com/110000-inspection/prod-052b2267-0eff-4c5b-a6d4-6dcf7acb10d6.jpg!m_fill,w_280,h_210,f_jpg?from=ke.com
20241022,朝阳,惠新西街,101126985136,樱花园 示范小区 全南向一居室,318万,81082元/平,顶层 (共6层) | 1986年 | 1室1厅 | 39.22平米 | 南,https://ke-image.ljcdn.com/110000-inspection/5d56c8a5-9984-42db-8e07-1462e4ee3acb_1000.jpg!m_fill,w_280,h_210,f_jpg?from=ke.com
20241022,朝阳,惠新西街,101126962002,惠新苑 2室1厅 南 北,1060万,82949元/平,高楼层 (共12层) 2室1厅 | 127.79平米 | 南 北,https://ke-image.ljcdn.com/110000-inspection/pc1_XKwJrgi2g.jpg!m_fill,w_280,h_210,f_jpg?from=ke.com
20241022,朝阳,惠新西街,101126959876,花园小区 08年商品房 人车分流 南北通透,1600万,92873元/平,高楼层 (共13层) 3室1厅 | 172.28平米 | 南 北,https://ke-image.ljcdn.com/110000-inspection/pc1_HWkKnm1Y2.jpg!m_fill,w_280,h_210,f_jpg?from=ke.com
20241022,朝阳,惠新西街,101126946173,千鹤2002年社区2.9米层高满5唯一一居室,459万,80217元/平,低楼层 (共25层) 1室1厅 | 57.22平米 | 东,https://ke-image.ljcdn.com/110000-inspection/pc1_H2EEVXp38.jpg!m_fill,w_280,h_210,f_jpg?from=ke.com
20241022,朝阳,惠新西街,101126934342,惠新东街5号院惠新西街北口大三居,440万,66276元/平,高楼层 (共6层) 3室1厅 | 66.39平米 | 东 西,https://ke-image.ljcdn.com/110000-inspection/pc1_BP7Dh3IBJ.jpg!m_fill,w_280,h_210,f_jpg?from=ke.com
20241022,朝阳,惠新西街,101126913811,惠新北里正规三居室房子满五唯一业主诚心出售,688万,75365元/平,低楼层 (共16层) | 1995年 | 3室1厅 | 91.29平米 | 东南 南 北,https://ke-image.ljcdn.com/110000-inspection/8bce95db-442f-4cf7-bb6a-a90104251e9d_1000.jpg!m_fill,w_280,h_210,f_jpg?from=ke.com
20241022,朝阳,惠新西街,101126902079,胜古北里 环球之家 中间层 南北通透 双南2居,415万,64512元/平,中楼层 (共6层) 2室1厅 | 64.33平米 | 南 北,https://ke-image.ljcdn.com/110000-inspection/21cad6f9-9a0b-421c-8159-6268f436dc01_1000.jpg!m_fill,w_280,h_210,f_jpg?from=ke.com
20241022,朝阳,惠新西街,101126899897,北三环安贞桥2000年小区双地铁,383万,60756元/平,低楼层 (共18层) 1室1厅 | 63.04平米 | 西南,https://ke-image.ljcdn.com/110000-inspection/pc1_UihYeWTIG.jpg!m_fill,w_280,h_210,f_jpg?from=ke.com
20241022,朝阳,惠新西街,101126879513,惠新里小区 1室1厅 南,285万,66450元/平,低楼层 (共20层) 1室1厅 | 42.89平米 | 南,https://ke-image.ljcdn.com/110000-inspection/pc1_zA8Coz0Lk.jpg!m_fill,w_280,h_210,f_jpg?from=ke.com
20241022,朝阳,惠新西街,101126871916,小关东里10号院 3层南北通透的两居室无遮挡不临街,468万,86812元/平,中楼层 (共6层) | 1987年 | 2室1厅 | 53.91平米 | 南 北,https://ke-image.ljcdn.com/110000-inspection/876682bb-b335-4672-bfe4-c9bf162ea6f3_1000.jpg!m_fill,w_280,h_210,f_jpg?from=ke.com
20241022,朝阳,惠新西街,101126857274,胜古南里 南向一居室 无遮挡视野好 不临街,265万,63611元/平,顶层 (共6层) 1室1厅 | 41.66平米 | 南,https://ke-image.ljcdn.com/110000-inspection/pc1_pCMupjqWv.jpg!m_fill,w_280,h_210,f_jpg?from=ke.com
20241022,朝阳,惠新西街,101126856743,满五唯一 有正规客厅一居室交通便利,368万,79516元/平,中楼层 (共17层) 1室1厅 | 46.28平米 | 西南,https://ke-image.ljcdn.com/110000-inspection/pc1_GSdMZJHYz.jpg!m_fill,w_280,h_210,f_jpg?from=ke.com
20241022,朝阳,惠新西街,101126848935,千鹤家园满五年唯一落地飘窗高楼层视野好！,918万,79057元/平,高楼层 (共25层) 2室2厅 | 116.12平米 | 南,https://ke-image.ljcdn.com/110000-inspection/pc1_MH7GfMS2x.jpg!m_fill,w_280,h_210,f_jpg?from=ke.com
20241022,朝阳,惠新西街,101126798481,小关北里 2室2厅 东南,690万,68815元/平,中楼层 (共12层) | 1995年 | 2室2厅 | 100.27平米 | 东南,https://ke-image.ljcdn.com/110000-inspection/pc1_7ODZW2bYL.jpg!m_fill,w_280,h_210,f_jpg?from=ke.com
20241022,朝阳,惠新西街,101126747716,楼层高 视野好 楼下地铁 华堂 户型好,931万,80176元/平,高楼层 (共25层) 2室2厅 | 116.12平米 | 南,https://ke-image.ljcdn.com/110000-inspection/pc1_wWuvGdolx.jpg!m_fill,w_280,h_210,f_jpg?from=ke.com
20241022,朝阳,惠新西街,101126744414,胜古南里 带电梯两居室 钢混结构 单独管理,405万,67243元/平,中楼层 (共14层) | 1988年 | 2室1厅 | 60.23平米 | 东北,https://ke-image.ljcdn.com/110000-inspection/pc1_Kx4VqUR6q.jpg!m_fill,w_280,h_210,f_jpg?from=ke.com
20241022,朝阳,惠新西街,101126713592,此房满五年东向房源。大客厅大阳台精装修。,750万,68307元/平,顶层 (共25层) | 2002年 | 2室1厅 | 109.8平米 | 东南,https://ke-image.ljcdn.com/110000-inspection/pc1_BU2lyDHv5.jpg!m_fill,w_280,h_210,f_jpg?from=ke.com
20241022,朝阳,惠新西街,101126677250,独院管理 满五年唯一 有门禁 朝阳教师楼,335万,55565元/平,高楼层 (共6层) | 1986年 | 2室1厅 | 60.29平米 | 南 北,https://ke-image.ljcdn.com/110000-inspection/pc1_1A6UJIhEU.jpg!m_fill,w_280,h_210,f_jpg?from=ke.com
20241022,朝阳,惠新西街,101126658574,胜古东里有地铁化工大学家属楼两居室诚意出售,385万,73083元/平,高楼层 (共6层) 2室1厅 | 52.68平米 | 东,https://ke-image.ljcdn.com/110000-inspection/5f42c331-cb17-47cd-ada2-e48de6337f5e_1000.jpg!m_fill,w_280,h_210,f_jpg?from=ke.com
20241022,朝阳,惠新西街,101126654796,胜古家园 3室1厅 南,930万,76043元/平,低楼层 (共22层) | 2000年 | 3室1厅 | 122.3平米 | 南,https://ke-image.ljcdn.com/110000-inspection/b38b3090-cbc7-4bb8-8c94-9de5aebc5a82_1000.jpg!m_fill,w_280,h_210,f_jpg?from=ke.com
20241022,朝阳,惠新西街,101126637525,千鹤家园 精装西南北向三居室 满五年唯一,1160万,65005元/平,中楼层 (共25层) 3室2厅 | 178.45平米 | 西南 北,https://ke-image.ljcdn.com/110000-inspection/pc1_bzjzB7u75.jpg!m_fill,w_280,h_210,f_jpg?from=ke.com
20241022,朝阳,惠新西街,101126624147,小关北里 南向一居室 2层 无遮挡 不临街随时看房,299万,73501元/平,低楼层 (共6层) 1室1厅 | 40.68平米 | 南,https://ke-image.ljcdn.com/110000-inspection/pc1_8rjOyGr6Y.jpg!m_fill,w_280,h_210,f_jpg?from=ke.com
20241022,朝阳,惠新西街,101126522302,罗马花园 4室1厅 东南,1020万,62131元/平,中楼层 (共26层) 4室1厅 | 164.17平米 | 东南,https://ke-image.ljcdn.com/110000-inspection/pc1_Eu9m0wljV.jpg!m_fill,w_280,h_210,f_jpg?from=ke.com
20241022,朝阳,惠新西街,101126510807,惠新里双南2居室地铁5.10号线惠新西街南口,520万,79378元/平,低楼层 (共17层) 2室1厅 | 65.51平米 | 南,https://ke-image.ljcdn.com/110000-inspection/pc1_StipjOITG.jpg!m_fill,w_280,h_210,f_jpg?from=ke.com
20241022,朝阳,惠新西街,101126483233,惠新里小区 3室1厅 南 北,435万,89525元/平,底层 (共6层) | 1985年 | 3室1厅 | 48.59平米 | 南 北,https://ke-image.ljcdn.com/110000-inspection/pc1_OOlhlL3y5.jpg!m_fill,w_280,h_210,f_jpg?from=ke.com
20241022,朝阳,惠新西街,101126483043,小关北里1995年钢混 地铁双轨电梯房,385万,70825元/平,低楼层 (共12层) | 1995年 | 2室1厅 | 54.36平米 | 西南,https://ke-image.ljcdn.com/110000-inspection/pc1_dWtxxhYSa.jpg!m_fill,w_280,h_210,f_jpg?from=ke.com
20241022,朝阳,惠新西街,101126472308,北四环内 罗马花园 东南向两居室满五年唯一,899万,63494元/平,中楼层 (共26层) 2室1厅 | 141.59平米 | 东南,https://ke-image.ljcdn.com/110000-inspection/pc1_xgWbTbNxl.jpg!m_fill,w_280,h_210,f_jpg?from=ke.com
20241022,朝阳,惠新西街,101126462732,惠新新上近地铁楼龄新格局方正通透采光好随时可看可签,310万,66240元/平,顶层 (共12层) | 1993年 | 1室1厅 | 46.8平米 | 西 东,https://ke-image.ljcdn.com/110000-inspection/pc1_crDRWAlzR.jpg!m_fill,w_280,h_210,f_jpg?from=ke.com
20241022,朝阳,惠新西街,101126462249,惠新里小区满五唯一看房方便。,470万,72891元/平,底层 (共6层) | 2000年 | 3室1厅 | 64.48平米 | 东 西,https://ke-image.ljcdn.com/110000-inspection/pc1_uzphVIJDL.jpg!m_fill,w_280,h_210,f_jpg?from=ke.com
20241022,朝阳,惠新西街,101126456419,千鹤家园 2室1厅 西北,550万,51374元/平,低楼层 (共25层) | 2005年 | 2室1厅 | 107.06平米 | 西北,https://ke-image.ljcdn.com/110000-inspection/pc1_futat07lk.jpg!m_fill,w_280,h_210,f_jpg?from=ke.com
20241022,朝阳,惠新西街,101126449919,胜古北里 外挂电梯房南北精装修两居室中间楼层,399万,71022元/平,中楼层 (共5层) | 1980年 | 2室1厅 | 56.18平米 | 南 北,https://ke-image.ljcdn.com/110000-inspection/pc1_BCoM5XWyU.jpg!m_fill,w_280,h_210,f_jpg?from=ke.com
20241022,朝阳,惠新西街,101126446659,安贞桥 改善大三居 东南向 诚意卖,1299万,93771元/平,低楼层 (共22层) | 1999年 | 4室1厅 | 138.53平米 | 东 南,https://ke-image.ljcdn.com/110000-inspection/pc1_PDejAR9ch.jpg!m_fill,w_280,h_210,f_jpg?from=ke.com
20241022,朝阳,惠新西街,101126423273,满五年唯一商品房西南朝向采光没有遮挡诚意出售,649万,65642元/平,低楼层 (共24层) | 1999年 | 2室1厅 | 98.87平米 | 西南,https://ke-image.ljcdn.com/110000-inspection/pc1_5UJKAvXWS_1.jpg!m_fill,w_280,h_210,f_jpg?from=ke.com
20241022,朝阳,惠新西街,101126419761,惠新里新上两居格局方正临地铁交通便利,495万,75909元/平,低楼层 (共12层) | 1993年 | 2室1厅 | 65.21平米 | 东 西,https://ke-image.ljcdn.com/110000-inspection/pc1_VFL7wqV1X.jpg!m_fill,w_280,h_210,f_jpg?from=ke.com
20241022,朝阳,惠新西街,101126339909,2002年商品房社区满5年高楼层无遮挡全凸两居室,880万,83508元/平,顶层 (共25层) 2室1厅 | 105.38平米 | 南 西,https://ke-image.ljcdn.com/110000-inspection/pc1_263N2qBNv.jpg!m_fill,w_280,h_210,f_jpg?from=ke.com
20241022,朝阳,惠新西街,101126332309,惠新里小区 满五年唯一住房 近地铁 小区环境管理好,340万,60359元/平,顶层 (共6层) 2室1厅 | 56.33平米 | 北 南,https://ke-image.ljcdn.com/110000-inspection/pc1_QbAa1iGo3.jpg!m_fill,w_280,h_210,f_jpg?from=ke.com
20241022,朝阳,惠新西街,101126275880,罗马花园精装修全明格局户型好物业管理好,1198万,65283元/平,低楼层 (共19层) 3室2厅 | 183.51平米 | 南 北,https://ke-image.ljcdn.com/110000-inspection/pc1_QXdXdGFNx.jpg!m_fill,w_280,h_210,f_jpg?from=ke.com
20241022,朝阳,惠新西街,101126272854,新上小关北里 全明格局两居室 满五唯一层高2.8米,299万,64538元/平,顶层 (共5层) | 1974年 | 2室1厅 | 46.33平米 | 东 南 北,https://ke-image.ljcdn.com/110000-inspection/pc1_ceWXCD6E5.jpg!m_fill,w_280,h_210,f_jpg?from=ke.com
20241022,朝阳,惠新西街,101126249230,惠新苑正规两居室满五年唯一停车方便低密社区,809万,67773元/平,中楼层 (共14层) 2室1厅 | 119.37平米 | 西南,https://ke-image.ljcdn.com/110000-inspection/pc1_hvb3BHpuO.jpg!m_fill,w_280,h_210,f_jpg?from=ke.com
20241022,朝阳,惠新西街,101126211064,小关北里 精装三居室 户型方正房主自荐,548万,71653元/平,中楼层 (共12层) | 1995年 | 3室1厅 | 76.48平米 | 东 西,https://ke-image.ljcdn.com/110000-inspection/pc1_ewxiVNDNR.jpg!m_fill,w_280,h_210,f_jpg?from=ke.com
20241022,朝阳,惠新西街,101126198625,奥体东门商品房社区大四居室人车分流直观奥体西山,1380万,76740元/平,中楼层 (共28层) 4室1厅 | 179.83平米 | 南 西,https://ke-image.ljcdn.com/110000-inspection/pc1_uBHWWGcF9.jpg!m_fill,w_280,h_210,f_jpg?from=ke.com
20241022,朝阳,惠新西街,101126187425,罗马花园精装不临街 全明格局 看中国樽 观西山房主自荐,890万,64219元/平,中楼层 (共26层) 2室1厅 | 138.59平米 | 东南,https://ke-image.ljcdn.com/110000-inspection/pc1_q7IkHX8MO.jpg!m_fill,w_280,h_210,f_jpg?from=ke.com
20241022,朝阳,惠新西街,101126124269,满五年唯一 南北通透小区中间位置  精装修房主自荐,338万,58947元/平,顶层 (共6层) 2室1厅 | 57.34平米 | 南 北,https://ke-image.ljcdn.com/110000-inspection/pc1_vbrFJMJJh.jpg!m_fill,w_280,h_210,f_jpg?from=ke.com
20241022,朝阳,惠新西街,101126112531,樱花园精装修出门就是元大都公园高层观景,540万,72251元/平,高楼层 (共16层) 3室1厅 | 74.74平米 | 东 北,https://ke-image.ljcdn.com/110000-inspection/c67817e4-1ad2-4de1-9d53-dc86ddcaed15_1000.jpg!m_fill,w_280,h_210,f_jpg?from=ke.com
20241022,朝阳,惠新西街,101126062324,城市出品 1室1厅 东,419万,78538元/平,中楼层 (共16层) | 2005年 | 1室1厅 | 53.35平米 | 东,https://ke-image.ljcdn.com/110000-inspection/618af67b-a0a0-45f5-a661-be458ba00695_1000.jpg!m_fill,w_280,h_210,f_jpg?from=ke.com
20241022,朝阳,惠新西街,101126059038,南北通透小区中间位置 不临街 无遮挡,380万,67186元/平,高楼层 (共6层) | 1991年 | 2室1厅 | 56.56平米 | 南 北,https://ke-image.ljcdn.com/110000-inspection/pc1_lCI46eMcu.jpg!m_fill,w_280,h_210,f_jpg?from=ke.com
20241022,朝阳,惠新西街,101126043069,安贞 惠新西街 樱花园小区一层 正规一居 满五唯一,299万,82780元/平,底层 (共6层) | 1986年 | 1室1厅 | 36.12平米 | 南,https://ke-image.ljcdn.com/110000-inspection/pc1_iUBpedQdi.jpg!m_fill,w_280,h_210,f_jpg?from=ke.com
20241022,朝阳,惠新西街,101126017471,北四环内 惠中园 东南向三居室 满五年唯一,975万,70817元/平,低楼层 (共24层) | 1999年 | 3室2厅 | 137.68平米 | 东南,https://ke-image.ljcdn.com/110000-inspection/pc1_mp8hsRhVW.jpg!m_fill,w_280,h_210,f_jpg?from=ke.com
20241022,朝阳,惠新西街,101125980538,惠新西街9号院惠新苑 日报社央产房 跃层双卫房主自荐,838万,70067元/平,中楼层 (共15层) 2室2厅 | 119.6平米 | 南 北,https://ke-image.ljcdn.com/110000-inspection/pc1_j7zixT5JW.jpg!m_fill,w_280,h_210,f_jpg?from=ke.com
20241022,朝阳,惠新西街,101125958000,安贞樱花园小区南北通透的两居室满五年,360万,60031元/平,顶层 (共6层) | 1985年 | 2室1厅 | 59.97平米 | 南 北,https://ke-image.ljcdn.com/110000-inspection/pc1_s3TbxEAyN_1.jpg!m_fill,w_280,h_210,f_jpg?from=ke.com
20241022,朝阳,惠新西街,101125940220,新上大两居 化工大教师楼 中日医院,370万,52692元/平,高楼层 (共6层) | 1988年 | 2室1厅 | 70.22平米 | 东 西,https://ke-image.ljcdn.com/110000-inspection/pc1_MySrKufTT.jpg!m_fill,w_280,h_210,f_jpg?from=ke.com
20241022,朝阳,惠新西街,101125909696,满五唯一车位充足安静不临街电梯直达物美大卖场,1566万,84544元/平,低楼层 (共18层) 5室2厅 | 185.23平米 | 东南,https://ke-image.ljcdn.com/110000-inspection/pc1_jsPinIC7W.jpg!m_fill,w_280,h_210,f_jpg?from=ke.com
20241022,朝阳,惠新西街,101125883078,安苑东里一区 1室0厅 北,225万,66431元/平,顶层 (共6层) | 2004年 | 1室0厅 | 33.87平米 | 北,https://ke-image.ljcdn.com/110000-inspection/pc1_HqA5XvX8m.jpg!m_fill,w_280,h_210,f_jpg?from=ke.com
20241022,朝阳,惠新西街,101125882178,惠新里小区 精装40万大一居室 电梯房,362万,82724元/平,中楼层 (共20层) | 1990年 | 1室1厅 | 43.76平米 | 南,https://ke-image.ljcdn.com/110000-inspection/pc1_lNt750Cg9.jpg!m_fill,w_280,h_210,f_jpg?from=ke.com
20241022,朝阳,惠新西街,101125835126,朝阳建委家属楼 2层 满五唯一 距离地铁近,350万,70085元/平,低楼层 (共6层) | 1984年 | 2室1厅 | 49.94平米 | 东,https://ke-image.ljcdn.com/110000-inspection/94fea7c4-c226-4949-87c3-7c53ba4812e3_1000.jpg!m_fill,w_280,h_210,f_jpg?from=ke.com
20241022,朝阳,惠新西街,101125814473,安贞 惠新西街 和平东桥 胜古东里小区南北通透两居,399万,67229元/平,中楼层 (共6层) 2室1厅 | 59.35平米 | 南 北,https://ke-image.ljcdn.com/110000-inspection/d9abaafb-e50e-47ec-831d-b195253a64c4_1000.jpg!m_fill,w_280,h_210,f_jpg?from=ke.com
20241022,朝阳,惠新西街,101125753727,小关东街近地铁高楼层带电梯双南向2居视野好,599万,88912元/平,高楼层 (共18层) 2室1厅 | 67.37平米 | 南,https://ke-image.ljcdn.com/110000-inspection/pc1_vVPdBvd07.jpg!m_fill,w_280,h_210,f_jpg?from=ke.com
20241022,朝阳,惠新西街,101125743600,惠新北里 东南向两居室 自管楼 楼下24小时门卫,598万,77683元/平,高楼层 (共16层) 2室1厅 | 76.98平米 | 东南,https://ke-image.ljcdn.com/110000-inspection/pc1_jOjZQlI1p.jpg!m_fill,w_280,h_210,f_jpg?from=ke.com
20241022,朝阳,惠新西街,101125707724,新上樱花园田字格三居 采光好 满五唯一,570万,78513元/平,顶层 (共6层) | 1986年 | 3室1厅 | 72.6平米 | 南 北,https://ke-image.ljcdn.com/110000-inspection/ffe074c6-3f56-4696-8061-4d35f948a25c_1000.jpg!m_fill,w_280,h_210,f_jpg?from=ke.com
20241022,朝阳,惠新西街,101125693192,北四环东路104号 南北两居 精装修 近地铁华堂,310万,48476元/平,顶层 (共6层) | 1990年 | 2室1厅 | 63.95平米 | 北 南,https://ke-image.ljcdn.com/110000-inspection/pc1_ljOmEGaXp.jpg!m_fill,w_280,h_210,f_jpg?from=ke.com
20241022,朝阳,惠新西街,101125685428,惠新里满五年住房 两室两厅户型 总价合适 随时看房,489万,67143元/平,底层 (共20层) 2室2厅 | 72.83平米 | 西 南,https://ke-image.ljcdn.com/110000-inspection/pc1_TyIBKcQLP.jpg!m_fill,w_280,h_210,f_jpg?from=ke.com
20241022,朝阳,惠新西街,101125684942,满五年福利分房配套齐全交通便利无抵,339万,62628元/平,中楼层 (共6层) 2室1厅 | 54.13平米 | 东北,https://ke-image.ljcdn.com/110000-inspection/20a8552b-0a5f-4715-8e44-53371aecb5ee_1000.jpg!m_fill,w_280,h_210,f_jpg?from=ke.com
20241022,朝阳,惠新西街,101125684719,全南两居室带电梯视野采光比较好业主诚心出售,410万,59404元/平,低楼层 (共16层) | 1987年 | 2室1厅 | 69.02平米 | 南,https://ke-image.ljcdn.com/110000-inspection/pc1_bfNE3iXPu.jpg!m_fill,w_280,h_210,f_jpg?from=ke.com
20241022,朝阳,惠新西街,101125677706,樱花园新登记正规两居室带正规客厅满五唯一精装修,465万,76118元/平,底层 (共6层) 2室1厅 | 61.09平米 | 南 北,https://ke-image.ljcdn.com/110000-inspection/pc1_g5wmoG0ft.jpg!m_fill,w_280,h_210,f_jpg?from=ke.com
20241022,朝阳,惠新西街,101125675602,此房满五唯一东西通透格局中间楼层适合刚需贷,376万,77478元/平,中楼层 (共6层) 1室1厅 | 48.53平米 | 东 西,https://ke-image.ljcdn.com/110000-inspection/pc1_zyqkgVXCc.jpg!m_fill,w_280,h_210,f_jpg?from=ke.com
20241022,朝阳,惠新西街,101125668196,小关北里 南北通透 组合贷款30年 小板楼三居室,460万,65416元/平,顶层 (共6层) 3室1厅 | 70.32平米 | 南 北,https://ke-image.ljcdn.com/110000-inspection/c943643f-7c7d-4506-8aa6-3b5325a052b8_1000.jpg!m_fill,w_280,h_210,f_jpg?from=ke.com
20241022,朝阳,惠新西街,101125630538,航空航天部宿舍97年东南向两居 满五年单位分房,580万,72500元/平,中楼层 (共17层) 2室1厅 | 80平米 | 东南,https://ke-image.ljcdn.com/110000-inspection/pc1_Pehovf0kX.jpg!m_fill,w_280,h_210,f_jpg?from=ke.com
20241022,朝阳,惠新西街,101125620867,胜古北里20楼 南北通透中间层一居室 满五唯一,350万,75124元/平,高楼层 (共6层) 1室1厅 | 46.59平米 | 南 北,https://ke-image.ljcdn.com/110000-inspection/pc1_Dky4R70wf.jpg!m_fill,w_280,h_210,f_jpg?from=ke.com
20241022,朝阳,惠新西街,101125618074,小关北里 4室1厅 南房主自荐,466万,94505元/平,底层 (共5层) 4室1厅 | 49.31平米 | 南,https://ke-image.ljcdn.com/110000-inspection/pc1_2BBXkcKFV.jpg!m_fill,w_280,h_210,f_jpg?from=ke.com
20241022,朝阳,惠新西街,101125607075,樱花园低楼层一居室 诚售 成熟社区 配套齐全,299万,74157元/平,低楼层 (共6层) 1室1厅 | 40.32平米 | 南,https://ke-image.ljcdn.com/110000-inspection/d79c0866-6c37-40c2-b4b2-71e8626b8ece_1000.jpg!m_fill,w_280,h_210,f_jpg?from=ke.com
20241022,朝阳,惠新西街,101125598888,楼龄1999年胜古家园南北通透两室一厅,660万,85371元/平,低楼层 (共14层) | 1999年 | 2室1厅 | 77.31平米 | 南 北,https://ke-image.ljcdn.com/110000-inspection/pc1_y8esuSOVB.jpg!m_fill,w_280,h_210,f_jpg?from=ke.com
20241022,朝阳,惠新西街,101125586870,樱花东街低楼层三居室 近医院 近地铁 交通方便,445万,70928元/平,底层 (共6层) 3室1厅 | 62.74平米 | 东 西 北,https://ke-image.ljcdn.com/110000-inspection/pc1_wwHAuTX1M_1.jpg!m_fill,w_280,h_210,f_jpg?from=ke.com
20241022,朝阳,惠新西街,101125583936,胜古北里南北户型双阳台中间楼层小区安静,370万,61822元/平,顶层 (共6层) 2室1厅 | 59.85平米 | 南 北,https://ke-image.ljcdn.com/110000-inspection/ca1ece6d-85e8-4c28-a795-1190a0281c11_1000.jpg!m_fill,w_280,h_210,f_jpg?from=ke.com
20241022,朝阳,惠新西街,101125563944,寰球之家朝南一居管理好满五唯一采光好,300万,71158元/平,顶层 (共6层) 1室1厅 | 42.16平米 | 南,https://ke-image.ljcdn.com/110000-inspection/ac27e466-0c3b-45f9-83ce-f5f1956007a3_1000.jpg!m_fill,w_280,h_210,f_jpg?from=ke.com
20241022,朝阳,惠新西街,101125532586,地铁双线 胜古南里 新上房源 南北通透 精装修,415万,57496元/平,顶层 (共4层) | 1960年 | 2室1厅 | 72.18平米 | 南 北,https://ke-image.ljcdn.com/110000-inspection/12db0760-7180-43d7-ae06-f46b3112ac23_1000.jpg!m_fill,w_280,h_210,f_jpg?from=ke.com
20241022,朝阳,惠新西街,101125504088,罗马花园全明格局户型方正满五唯一价钱可议,1180万,64302元/平,高楼层 (共19层) 3室2厅 | 183.51平米 | 东南 北,https://ke-image.ljcdn.com/110000-inspection/pc1_QfaOkCOu4.jpg!m_fill,w_280,h_210,f_jpg?from=ke.com
20241022,朝阳,惠新西街,101125447587,电梯 中间层 通透三居 安静 整洁,480万,70912元/平,中楼层 (共5层) | 1980年 | 3室1厅 | 67.69平米 | 南 北,https://ke-image.ljcdn.com/110000-inspection/pc1_Lp1AmOpnJ.jpg!m_fill,w_280,h_210,f_jpg?from=ke.com
20241022,朝阳,惠新西街,101125445716,惠新西里一区 公积金可贷27年 符合新政名单内房主自荐,539万,79429元/平,顶层 (共6层) | 1984年 | 3室1厅 | 67.86平米 | 南 北,https://ke-image.ljcdn.com/110000-inspection/pc1_398GIXp09.jpg!m_fill,w_280,h_210,f_jpg?from=ke.com
20241022,朝阳,惠新西街,101125438860,安贞 惠新西街 胜古东里小区 全朝南两居 满五唯一,456万,80127元/平,顶层 (共6层) | 1986年 | 2室1厅 | 56.91平米 | 南 北,https://ke-image.ljcdn.com/110000-inspection/pc1_PMAUtR7CQ.jpg!m_fill,w_280,h_210,f_jpg?from=ke.com
20241022,朝阳,惠新西街,101125374083,千鹤家园  看房方便  价格能谈,1360万,45435元/平,低楼层 (共25层) 5室1厅 | 299.33平米 | 东北 南,https://ke-image.ljcdn.com/110000-inspection/pc1_Gt0M3k3Xw.jpg!m_fill,w_280,h_210,f_jpg?from=ke.com
20241022,朝阳,惠新西街,101125372688,小关东街 南北向两居室 户型方正 精装修,540万,67265元/平,中楼层 (共6层) | 1995年 | 2室1厅 | 80.28平米 | 南 北,https://ke-image.ljcdn.com/110000-inspection/pc1_aPxtSCU96.jpg!m_fill,w_280,h_210,f_jpg?from=ke.com
20241022,朝阳,惠新西街,101125352518,惠新里小区 满五年唯一住房 管理好 近地铁,368万,65064元/平,底层 (共6层) 2室1厅 | 56.56平米 | 南 北,https://ke-image.ljcdn.com/110000-inspection/pc1_WN9An1TQ8.jpg!m_fill,w_280,h_210,f_jpg?from=ke.com
20241022,朝阳,惠新西街,101125345830,惠新里 南北两居 精装修 有客厅 满五唯一 楼层好,420万,79757元/平,低楼层 (共6层) | 1984年 | 2室1厅 | 52.66平米 | 南 北,https://ke-image.ljcdn.com/110000-inspection/pc1_8iLlI72MR.jpg!m_fill,w_280,h_210,f_jpg?from=ke.com
20241022,朝阳,惠新西街,101125344682,小关北里 南北两居室 靠谱出售 看房方便,288万,61329元/平,中楼层 (共5层) | 1974年 | 2室1厅 | 46.96平米 | 南 北,https://ke-image.ljcdn.com/110000-inspection/pc1_IsMmhgu16.jpg!m_fill,w_280,h_210,f_jpg?from=ke.com
20241022,朝阳,惠新西街,101125326713,樱花园双南 高楼层 采光好 近地铁公园医院,360万,66642元/平,顶层 (共6层) | 1986年 | 2室1厅 | 54.02平米 | 南,https://ke-image.ljcdn.com/110000-inspection/pc1_zUIULmfDo.jpg!m_fill,w_280,h_210,f_jpg?from=ke.com
20241022,朝阳,惠新西街,101125299310,在胜古南里社区东南北通透三居正规客厅,530万,66358元/平,中楼层 (共6层) | 1981年 | 3室1厅 | 79.87平米 | 东南 南 北,https://ke-image.ljcdn.com/110000-inspection/pc1_4UeMVrhsa_1.jpg!m_fill,w_280,h_210,f_jpg?from=ke.com
20241022,朝阳,惠新西街,101125296545,千鹤家园精装修大三居 户型方正 满二年原网签价高,1200万,67269元/平,低楼层 (共25层) | 2003年 | 3室1厅 | 178.39平米 | 南 北,https://ke-image.ljcdn.com/110000-inspection/pc1_slN4cga77.jpg!m_fill,w_280,h_210,f_jpg?from=ke.com
20241022,朝阳,惠新西街,101125293775,千鹤家园 西南向大户型 楼层高 视野好,1499万,50462元/平,高楼层 (共25层) 6室1厅 | 297.06平米 | 西南,https://ke-image.ljcdn.com/110000-inspection/pc1_t7jeABEJJ.jpg!m_fill,w_280,h_210,f_jpg?from=ke.com
20241022,朝阳,惠新西街,101125293710,千鹤家园大户型 住宅楼 楼层高视野好 诚心出售,1450万,49335元/平,高楼层 (共25层) 5室3厅 | 293.91平米 | 南 西北,https://ke-image.ljcdn.com/110000-inspection/pc1_IYiuR54Zs.jpg!m_fill,w_280,h_210,f_jpg?from=ke.com
20241022,朝阳,惠新西街,101125193697,千鹤家园  高楼层  大平层近地铁出行方便,1350万,46151元/平,中楼层 (共25层) 5室1厅 | 292.52平米 | 东 北 南,https://ke-image.ljcdn.com/110000-inspection/pc1_hVDXnIzsz.jpg!m_fill,w_280,h_210,f_jpg?from=ke.com
20241022,朝阳,惠新西街,101125191198,胜古中路2号院 南北通透2居 中间层 闹中取静,475万,82566元/平,中楼层 (共6层) | 1980年 | 2室1厅 | 57.53平米 | 南 北,https://ke-image.ljcdn.com/110000-inspection/0e705fcf-a7e5-4167-b38a-9f810bad4486_1000.jpg!m_fill,w_280,h_210,f_jpg?from=ke.com
20241022,朝阳,惠新西街,101125144107,惠新苑南北通透3居室业主诚心出售价格可谈。,980万,68518元/平,高楼层 (共12层) 3室1厅 | 143.03平米 | 南 北,https://ke-image.ljcdn.com/110000-inspection/pc1_jXGuXZJzk.jpg!m_fill,w_280,h_210,f_jpg?from=ke.com
20241022,朝阳,惠新西街,101125107912,惠新西街惠新苑精装2居 满五唯一 车位充足 近地铁,1115万,87117元/平,低楼层 (共15层) 2室1厅 | 127.99平米 | 南,https://ke-image.ljcdn.com/110000-inspection/pc1_VkyjsXdCI.jpg!m_fill,w_280,h_210,f_jpg?from=ke.com
20241022,朝阳,惠新西街,101125102644,罗马花园安静不临街诚心卖价钱可谈,558万,52962元/平,低楼层 (共26层) | 1995年 | 3室1厅 | 105.36平米 | 西南,https://ke-image.ljcdn.com/110000-inspection/pc1_6uwu7RZAH_1.jpg!m_fill,w_280,h_210,f_jpg?from=ke.com
20241022,朝阳,惠新西街,101125064978,惠新北里南北采光好有电梯看房方便业主诚心出售,839万,85195元/平,低楼层 (共13层) 3室1厅 | 98.48平米 | 南 北,https://ke-image.ljcdn.com/110000-inspection/pc1_FWzA7V5o0.jpg!m_fill,w_280,h_210,f_jpg?from=ke.com
20241022,朝阳,惠新西街,101125057633,3层 全明格局 客厅有窗户 不临街 一梯两户,472万,87554元/平,中楼层 (共6层) | 1987年 | 2室1厅 | 53.91平米 | 南 北,https://ke-image.ljcdn.com/110000-inspection/pc1_oMmdL1qfI.jpg!m_fill,w_280,h_210,f_jpg?from=ke.com
20241022,朝阳,惠新西街,101125051129,北四环内满五年央产 94年建成 诚意出售,539万,68445元/平,低楼层 (共16层) | 1994年 | 2室1厅 | 78.75平米 | 东南,https://ke-image.ljcdn.com/110000-inspection/pc1_cTE2uRHMp.jpg!m_fill,w_280,h_210,f_jpg?from=ke.com
20241022,朝阳,惠新西街,101125049044,胜古北里煤炭部管理好楼道干净南北两居室无遮,305万,57042元/平,顶层 (共6层) | 1981年 | 2室1厅 | 53.47平米 | 南 北,https://ke-image.ljcdn.com/110000-inspection/pc1_ZQI9Cnx3q.jpg!m_fill,w_280,h_210,f_jpg?from=ke.com
20241022,朝阳,惠新西街,101125049040,胜古南里电梯精装三居方便看随时签,538万,75488元/平,中楼层 (共16层) | 1987年 | 2室1厅 | 71.27平米 | 西北,https://ke-image.ljcdn.com/110000-inspection/205de272-a2a1-4049-b0f5-48cb54e4d9f1_1000.jpg!m_fill,w_280,h_210,f_jpg?from=ke.com
20241022,朝阳,惠新西街,101125049008,胜古北里 石冶小区 94年楼龄 低楼层 小区新改造,408万,63374元/平,低楼层 (共6层) 2室1厅 | 64.38平米 | 北 南,https://ke-image.ljcdn.com/110000-inspection/pc1_15bfSdDgA.jpg!m_fill,w_280,h_210,f_jpg?from=ke.com
20241022,朝阳,惠新西街,101125038878,惠新西街罗马花园静谧精装2居 全明格局 近地铁房主自荐,949万,67025元/平,高楼层 (共26层) | 1995年 | 2室1厅 | 141.59平米 | 西南,https://ke-image.ljcdn.com/110000-inspection/pc1_arPW0N9AK.jpg!m_fill,w_280,h_210,f_jpg?from=ke.com
20241022,朝阳,惠新西街,101125038524,安外胜古南里两居室南北通透户型方正,405万,74890元/平,顶层 (共6层) 2室1厅 | 54.08平米 | 南 北,https://ke-image.ljcdn.com/110000-inspection/9b4bb35a-8086-4bd0-a540-aa57f5096228_1000.jpg!m_fill,w_280,h_210,f_jpg?from=ke.com
20241022,朝阳,惠新西街,101125037909,樱花园精装修两居室采光好视野开阔近地铁近医院,440万,83098元/平,高楼层 (共6层) | 1986年 | 2室1厅 | 52.95平米 | 南,https://ke-image.ljcdn.com/110000-inspection/56914c66-30e2-4247-9f2e-532c51c5e71a_1000.jpg!m_fill,w_280,h_210,f_jpg?from=ke.com
20241022,朝阳,惠新西街,101125031855,胜古北里 通透两居 近公园 近地铁,398万,61649元/平,顶层 (共6层) 2室1厅 | 64.56平米 | 东 西,https://ke-image.ljcdn.com/110000-inspection/47276111-1f90-474c-b0ca-939d97b74765_1000.jpg!m_fill,w_280,h_210,f_jpg?from=ke.com
20241022,朝阳,惠新西街,101124974869,电梯小一居 两梯七户 配套全 停车方便,288万,67133元/平,低楼层 (共16层) 1室1厅 | 42.9平米 | 东,https://ke-image.ljcdn.com/110000-inspection/pc1_j6w9zqhZd.jpg!m_fill,w_280,h_210,f_jpg?from=ke.com
20241022,朝阳,惠新西街,101124949035,四环内小关北里 全明格局南北通精装3居 安静不临街,545万,71029元/平,顶层 (共6层) 3室1厅 | 76.73平米 | 南 北,https://ke-image.ljcdn.com/110000-inspection/pc1_ymkqIRxnw.jpg!m_fill,w_280,h_210,f_jpg?from=ke.com
20241022,朝阳,惠新西街,101124939355,小关东里10号院两居层高2.75米满五唯一房主自荐,518万,84627元/平,高楼层 (共6层) | 1983年 | 2室1厅 | 61.21平米 | 南 北,https://ke-image.ljcdn.com/110000-inspection/pc1_aAkqRyADp.jpg!m_fill,w_280,h_210,f_jpg?from=ke.com
20241022,朝阳,惠新西街,101124935434,樱花园 全南向一居室在改造名单内,368万,77785元/平,顶层 (共16层) 1室1厅 | 47.31平米 | 南,https://ke-image.ljcdn.com/110000-inspection/pc1_ipW8lMoEk_1.jpg!m_fill,w_280,h_210,f_jpg?from=ke.com
20241022,朝阳,惠新西街,101124906451,惠新里小区 满五年唯一住房 南北通透 小区环境好,388万,68552元/平,底层 (共6层) 2室1厅 | 56.6平米 | 南 北,https://ke-image.ljcdn.com/110000-inspection/pc1_7fHOLRQaF.jpg!m_fill,w_280,h_210,f_jpg?from=ke.com
20241022,朝阳,惠新西街,101124899478,超大三居双卫设计大客厅落地窗 室内精装满五,980万,59695元/平,中楼层 (共26层) 3室1厅 | 164.17平米 | 西南,https://ke-image.ljcdn.com/110000-inspection/pc1_yzKfoSb2N.jpg!m_fill,w_280,h_210,f_jpg?from=ke.com
20241022,朝阳,惠新西街,101124866078,小关东街楼龄新 南北向 不临街,699万,66062元/平,低楼层 (共9层) 2室2厅 | 105.81平米 | 南 北,https://ke-image.ljcdn.com/110000-inspection/pc1_C8MhQtFQF.jpg!m_fill,w_280,h_210,f_jpg?from=ke.com
20241022,朝阳,惠新西街,101124830798,胜古南里精装修双朝南无遮挡看房方便,340万,62056元/平,中楼层 (共6层) | 1981年 | 2室1厅 | 54.79平米 | 南,https://ke-image.ljcdn.com/110000-inspection/pc1_lxRzREhT4.jpg!m_fill,w_280,h_210,f_jpg?from=ke.com
20241022,朝阳,惠新西街,101124810184,千鹤家园 正规三居室 不临街 客厅落地窗 无遮挡,1035万,77118元/平,低楼层 (共25层) | 2002年 | 3室1厅 | 134.21平米 | 南 东北,https://ke-image.ljcdn.com/110000-inspection/pc1_dT4l0uzXh.jpg!m_fill,w_280,h_210,f_jpg?from=ke.com
20241022,朝阳,惠新西街,101124736423,千鹤家园 2室1厅 南,698万,69315元/平,中楼层 (共25层) | 2005年 | 2室1厅 | 100.7平米 | 南,https://ke-image.ljcdn.com/110000-inspection/pc1_gp81AqHBY.jpg!m_fill,w_280,h_210,f_jpg?from=ke.com
20241022,朝阳,惠新西街,101124719432,惠新里全明户型田字格三居室南北通透层高高,550万,71559元/平,底层 (共4层) 3室1厅 | 76.86平米 | 南 北 东,https://ke-image.ljcdn.com/110000-inspection/pc1_mY3kipcZk.jpg!m_fill,w_280,h_210,f_jpg?from=ke.com
20241022,朝阳,惠新西街,101124691137,惠新南里1号院 3室1厅 南 北,660万,84410元/平,底层 (共6层) 3室1厅 | 78.19平米 | 南 北,https://ke-image.ljcdn.com/110000-inspection/6344929b-f199-4c9e-ab6d-8e077e200f47_1000.jpg!m_fill,w_280,h_210,f_jpg?from=ke.com
20241022,朝阳,惠新西街,101124566517,冶金部家属院安静不临街车位充足管理好,375万,64422元/平,顶层 (共6层) 2室1厅 | 58.21平米 | 南 北,https://ke-image.ljcdn.com/110000-inspection/pc1_IXlZQuxRX.jpg!m_fill,w_280,h_210,f_jpg?from=ke.com
20241022,朝阳,惠新西街,101124560720,双阳台大客厅电梯直达没有遮挡近地铁医院,400万,68248元/平,中楼层 (共17层) | 1990年 | 2室1厅 | 58.61平米 | 西北,https://ke-image.ljcdn.com/110000-inspection/pc1_GrRi1heKb.jpg!m_fill,w_280,h_210,f_jpg?from=ke.com
20241022,朝阳,惠新西街,101124529491,罗马花园 南北通透 全明格局 高楼层 视野好,1200万,65392元/平,高楼层 (共19层) 3室2厅 | 183.51平米 | 南 北,https://ke-image.ljcdn.com/110000-inspection/pc1_JWbyeW09e.jpg!m_fill,w_280,h_210,f_jpg?from=ke.com
20241022,朝阳,惠新西街,101124505500,惠新西街南口2021年小区 管理好 精装修 近地铁,668万,100000元/平,中楼层 (共21层) | 2020年 | 2室1厅 | 66.8平米 | 西,https://ke-image.ljcdn.com/110000-inspection/pc1_MXkDcaFdY.jpg!m_fill,w_280,h_210,f_jpg?from=ke.com
20241022,朝阳,惠新西街,101124466689,小关北里 双卧朝南钢混结构 满五唯一 精装修不临街房主自荐,419万,73239元/平,高楼层 (共6层) | 1982年 | 2室1厅 | 57.21平米 | 南,https://ke-image.ljcdn.com/110000-inspection/pc1_DuP8XLtMS.jpg!m_fill,w_280,h_210,f_jpg?from=ke.com
20241022,朝阳,惠新西街,101124455902,胜古南里 南北通透 满五唯一 可约看房 楼层高,351万,65792元/平,顶层 (共5层) | 1987年 | 2室1厅 | 53.35平米 | 南 北,https://ke-image.ljcdn.com/110000-inspection/c63013e3-fdaf-4c72-ade5-372daa29c873_1000.jpg!m_fill,w_280,h_210,f_jpg?from=ke.com
20241022,朝阳,惠新西街,101124455238,千鹤家园西向两居室满五家庭名下唯一,839万,77178元/平,低楼层 (共25层) 3室1厅 | 108.71平米 | 西南,https://ke-image.ljcdn.com/110000-inspection/pc1_hitttL2Al.jpg!m_fill,w_280,h_210,f_jpg?from=ke.com
20241022,朝阳,惠新西街,101124436312,总监推荐 二百多万惠新里小区层高2.8米,241万,66319元/平,中楼层 (共4层) 1室1厅 | 36.34平米 | 南,https://ke-image.ljcdn.com/110000-inspection/pc1_SYtz4cLuL_1.jpg!m_fill,w_280,h_210,f_jpg?from=ke.com
20241022,朝阳,惠新西街,101124418587,近地铁公园 停车方便电梯直达南向精装修,336万,75017元/平,顶层 (共16层) | 1989年 | 1室1厅 | 44.79平米 | 南,https://ke-image.ljcdn.com/110000-inspection/pc1_bw8pSL0P3.jpg!m_fill,w_280,h_210,f_jpg?from=ke.com
20241022,朝阳,惠新西街,101124361374,此房子满五唯一 商品房 安静不临街 房顶平改坡,344万,60575元/平,顶层 (共6层) 2室1厅 | 56.79平米 | 南 北,https://ke-image.ljcdn.com/110000-inspection/pc1_KlQVR612L.jpg!m_fill,w_280,h_210,f_jpg?from=ke.com
20241022,朝阳,惠新西街,101124344100,安苑东里一区 3室1厅 南 北 西,460万,61671元/平,底层 (共6层) | 1986年 | 3室1厅 | 74.59平米 | 南 北 西,https://ke-image.ljcdn.com/110000-inspection/pc1_2TK4IuqH5_1.jpg!m_fill,w_280,h_210,f_jpg?from=ke.com
20241022,朝阳,惠新西街,101124343077,城市出品 高楼层 西向一居室 靠谱出售,388万,72728元/平,高楼层 (共16层) 1室1厅 | 53.35平米 | 西,https://ke-image.ljcdn.com/110000-inspection/a4caaef9-2834-4131-b368-6fa5a13de877_1000.jpg!m_fill,w_280,h_210,f_jpg?from=ke.com
20241022,朝阳,惠新西街,101124319206,惠新、奥体商圈2000年商品房 南北通透,1200万,59893元/平,低楼层 (共11层) 5室2厅 | 200.36平米 | 南 北,https://ke-image.ljcdn.com/110000-inspection/pc1_iRnoTTGUF.jpg!m_fill,w_280,h_210,f_jpg?from=ke.com
20241022,朝阳,惠新西街,101124218849,1997年 大客厅 南北通透 近地铁,499万,67251元/平,顶层 (共6层) | 1997年 | 3室1厅 | 74.2平米 | 南 北,https://ke-image.ljcdn.com/110000-inspection/pc1_YIzcbMTWc.jpg!m_fill,w_280,h_210,f_jpg?from=ke.com
20241022,朝阳,惠新西街,101124154654,北三环 胜古南里两居室 近地铁 88年钢混,440万,79957元/平,底层 (共14层) 2室1厅 | 55.03平米 | 东 北,https://ke-image.ljcdn.com/110000-inspection/4d28bedd-7c4f-4ea8-bb06-ec0130e221ce_1000.jpg!m_fill,w_280,h_210,f_jpg?from=ke.com
20241022,朝阳,惠新西街,101124139904,惠新西街小区新上双南2居室业主诚意出售。,420万,71563元/平,底层 (共18层) | 1986年 | 2室1厅 | 58.69平米 | 南,https://ke-image.ljcdn.com/110000-inspection/pc1_LhAhugwE5.jpg!m_fill,w_280,h_210,f_jpg?from=ke.com
20241022,朝阳,惠新西街,101124128269,惠新里 南北2层两居 近5/10号线地铁站 配套全,380万,63802元/平,低楼层 (共6层) | 1988年 | 2室1厅 | 59.56平米 | 南 北,https://ke-image.ljcdn.com/110000-inspection/pc1_EVfPmhetR.jpg!m_fill,w_280,h_210,f_jpg?from=ke.com
20241022,朝阳,惠新西街,101124124390,惠新西街惠新苑 大区聚焦推荐 人车分流 居住舒适度高,1320万,84335元/平,中楼层 (共23层) | 2001年 | 3室2厅 | 156.52平米 | 东南,https://ke-image.ljcdn.com/110000-inspection/pc1_2b5SKxoNR.jpg!m_fill,w_280,h_210,f_jpg?from=ke.com
20241022,朝阳,惠新西街,101124110096,满五年唯一 精装修 97年板楼 客厅有朝东窗户 南北通透,498万,59075元/平,顶层 (共6层) | 1997年 | 3室1厅 | 84.3平米 | 东 南 北,https://ke-image.ljcdn.com/110000-inspection/pc1_b9qtH4732.jpg!m_fill,w_280,h_210,f_jpg?from=ke.com
20241022,朝阳,惠新西街,101124097566,中央直属机关惠新西街5号院 婚房装修 高楼层满五唯一,450万,88305元/平,高楼层 (共18层) 1室1厅 | 50.96平米 | 南,https://ke-image.ljcdn.com/110000-inspection/b5152bfb-96a4-47d0-8332-f6282c6dcc3e_1000.jpg!m_fill,w_280,h_210,f_jpg?from=ke.com
20241022,朝阳,惠新西街,101123985704,千鹤家园 全凸两居 没有暗间 全明格局 满五唯一 5号线,920万,87304元/平,低楼层 (共25层) 2室1厅 | 105.38平米 | 西南,https://ke-image.ljcdn.com/110000-inspection/c5148760-1da1-4e4f-98ab-6cc106d1ca61_1000.jpg!m_fill,w_280,h_210,f_jpg?from=ke.com
20241022,朝阳,惠新西街,101123898435,惠新里军休所南北三居室诚意出售,620万,87411元/平,底层 (共5层) | 1999年 | 3室1厅 | 70.93平米 | 南 北,https://ke-image.ljcdn.com/110000-inspection/pc1_PyFxMexFJ.jpg!m_fill,w_280,h_210,f_jpg?from=ke.com
20241022,朝阳,惠新西街,101123816263,千鹤家园 2室1厅 南,930万,87769元/平,中楼层 (共25层) 2室1厅 | 105.96平米 | 南,https://ke-image.ljcdn.com/110000-inspection/pc1_FyLrcR14I.jpg!m_fill,w_280,h_210,f_jpg?from=ke.com
20241022,朝阳,惠新西街,101123813433,惠新苑两居室户型好满五唯一高楼层视野采光好,830万,72401元/平,中楼层 (共23层) | 2001年 | 2室1厅 | 114.64平米 | 西南,https://ke-image.ljcdn.com/110000-inspection/pc1_opXi2aa1w.jpg!m_fill,w_280,h_210,f_jpg?from=ke.com
20241022,朝阳,惠新西街,101123756385,小关南北三居客厅20平满五唯一全明格局没有天井房主自荐,615万,77544元/平,低楼层 (共6层) 3室1厅 | 79.31平米 | 南 北 东,https://ke-image.ljcdn.com/110000-inspection/pc1_j4WDXiTdn.jpg!m_fill,w_280,h_210,f_jpg?from=ke.com
20241022,朝阳,惠新西街,101123714008,城市出品南北通透三居室中间层满五唯一楼龄新,1750万,103105元/平,中楼层 (共16层) 3室1厅 | 169.73平米 | 南 北,https://ke-image.ljcdn.com/110000-inspection/0b6f3188-ea07-4254-b728-5ba4c07484dc_1000.jpg!m_fill,w_280,h_210,f_jpg?from=ke.com
20241022,朝阳,惠新西街,101123642957,惠新西街小区 3室1厅 西南 北,530万,74806元/平,中楼层 (共18层) 3室1厅 | 70.85平米 | 西南 北,https://ke-image.ljcdn.com/110000-inspection/pc1_tIuolTEoY.jpg!m_fill,w_280,h_210,f_jpg?from=ke.com
20241022,朝阳,惠新西街,101123536416,客厅大厨房次卧室的对花园主卧大阳台  车位采光好,420万,54468元/平,顶层 (共12层) | 1995年 | 2室1厅 | 77.11平米 | 东南 西南,https://ke-image.ljcdn.com/110000-inspection/pc1_EJazhmjn4.jpg!m_fill,w_280,h_210,f_jpg?from=ke.com
20241022,朝阳,惠新西街,101123525731,惠新里 板楼3层 满五唯一 双卧朝南 无遮挡近地铁,379万,67199元/平,中楼层 (共6层) 2室1厅 | 56.4平米 | 南,https://ke-image.ljcdn.com/110000-inspection/pc1_tlQYXa08p.jpg!m_fill,w_280,h_210,f_jpg?from=ke.com
20241022,朝阳,惠新西街,101123515638,店长推荐 3层 南北通透 不临街 93年楼龄房主自荐,435万,68407元/平,中楼层 (共6层) 2室1厅 | 63.59平米 | 南 北,https://ke-image.ljcdn.com/110000-inspection/pc1_MwMviQwK7.jpg!m_fill,w_280,h_210,f_jpg?from=ke.com
20241022,朝阳,惠新西街,101123477513,惠新苑 东南两居室 满五唯一 采光无遮挡,798万,69610元/平,低楼层 (共23层) | 2001年 | 2室1厅 | 114.64平米 | 东南,https://ke-image.ljcdn.com/110000-inspection/pc1_adwKMFyf5.jpg!m_fill,w_280,h_210,f_jpg?from=ke.com
20241022,朝阳,惠新西街,101123458362,千鹤家园 满五唯一 两居室 不临街 高楼层视野好,760万,69217元/平,顶层 (共25层) | 2002年 | 2室2厅 | 109.8平米 | 西南,https://ke-image.ljcdn.com/110000-inspection/095f09f9-3813-403a-a039-8238e746d511_1000.jpg!m_fill,w_280,h_210,f_jpg?from=ke.com
20241022,朝阳,惠新西街,101123453567,惠新北里1号院婚房装修2居看房方便,345万,60284元/平,顶层 (共6层) | 1986年 | 2室1厅 | 57.23平米 | 南 北,https://ke-image.ljcdn.com/110000-inspection/pc1_Xc1XaVoOV.jpg!m_fill,w_280,h_210,f_jpg?from=ke.com
20241022,朝阳,惠新西街,101123429126,2020年建成 精装修品质社区 地铁10号线5号线交汇处房主自荐,1060万,133670元/平,低楼层 (共21层) | 2021年 | 2室1厅 | 79.3平米 | 西,https://ke-image.ljcdn.com/110000-inspection/pc1_gvUVnYglw.jpg!m_fill,w_280,h_210,f_jpg?from=ke.com
20241022,朝阳,惠新西街,101123427842,【小关北里】惠新西街 电梯两居 南北通透 满五唯一房主自荐,498万,71398元/平,顶层 (共12层) 2室1厅 | 69.75平米 | 南 北,https://ke-image.ljcdn.com/110000-inspection/pc1_j6wEnx4QD.jpg!m_fill,w_280,h_210,f_jpg?from=ke.com
20241022,朝阳,惠新西街,101123399138,惠新里小区 双南向 外经贸家属楼,338万,63907元/平,顶层 (共4层) 2室1厅 | 52.89平米 | 南,https://ke-image.ljcdn.com/110000-inspection/pc1_Obt5HN1PE.jpg!m_fill,w_280,h_210,f_jpg?from=ke.com
20241022,朝阳,惠新西街,101123319635,千鹤家园 固定产权车位 靠边车位 进出方便,45万,13620元/平,地下室 (共25层) | 2002年 | 1室0厅 | 33.04平米 | 南 北,https://ke-image.ljcdn.com/110000-inspection/pc1_umfL8Xgca.jpg!m_fill,w_280,h_210,f_jpg?from=ke.com
20241022,朝阳,惠新西街,101123304549,金帝花园 2室1厅 东南 北房主自荐,868万,88626元/平,低楼层 (共13层) 2室1厅 | 97.94平米 | 东南 北,https://ke-image.ljcdn.com/110000-inspection/pc1_RDoMzs2dC.jpg!m_fill,w_280,h_210,f_jpg?from=ke.com
20241022,朝阳,惠新西街,101123271284,惠新里小区 大三居全南视野采光好楼龄1996年,638万,70064元/平,中楼层 (共6层) 3室1厅 | 91.06平米 | 南 北,https://ke-image.ljcdn.com/110000-inspection/pc1_fZAE3aYrD.jpg!m_fill,w_280,h_210,f_jpg?from=ke.com
20241022,朝阳,惠新西街,101123240306,1999年 南北通透 大客厅 精装修 近地铁房主自荐,299万,65399元/平,高楼层 (共6层) | 1999年 | 1室1厅 | 45.72平米 | 南 北,https://ke-image.ljcdn.com/110000-inspection/pc1_4EJOZIVsw.jpg!m_fill,w_280,h_210,f_jpg?from=ke.com
20241022,朝阳,惠新西街,101123209472,千鹤家园 精装修三居室 满五唯一 随时可以看房房主自荐,998万,76687元/平,低楼层 (共25层) | 2002年 | 3室2厅 | 130.14平米 | 西北,https://ke-image.ljcdn.com/110000-inspection/pc1_YFQ0Ofbyd.jpg!m_fill,w_280,h_210,f_jpg?from=ke.com
20241022,朝阳,惠新西街,101123198591,千鹤家园地铁5号线  大平层  采光无遮挡,1500万,51228元/平,中楼层 (共25层) 4室2厅 | 292.81平米 | 西北,https://ke-image.ljcdn.com/110000-inspection/pc1_XUoK5oPKV.jpg!m_fill,w_280,h_210,f_jpg?from=ke.com
20241022,朝阳,惠新西街,101123168187,惠中园全南精装两居室 不临街 采光好,918万,79840元/平,低楼层 (共24层) | 1999年 | 2室1厅 | 114.98平米 | 南,https://ke-image.ljcdn.com/110000-inspection/pc1_lm62uAxAj.jpg!m_fill,w_280,h_210,f_jpg?from=ke.com
20241022,朝阳,惠新西街,101123167977,惠安轩 南向一居室 有钥匙 随时看房,420万,63416元/平,中楼层 (共11层) 1室1厅 | 66.23平米 | 南,https://ke-image.ljcdn.com/110000-inspection/pc1_wWrI6FKSc.jpg!m_fill,w_280,h_210,f_jpg?from=ke.com
20241022,朝阳,惠新西街,101123158092,安苑东里一区3号楼 中间层南向1居室 有密码随时可看房,299万,72153元/平,中楼层 (共6层) | 1986年 | 1室1厅 | 41.44平米 | 南,https://ke-image.ljcdn.com/110000-inspection/6c5d16f4-07a2-4ab3-a73b-7627feac3034_1000.jpg!m_fill,w_280,h_210,f_jpg?from=ke.com
20241022,朝阳,惠新西街,101123158107,惠安轩 南北三居室 有钥匙 看房随时,800万,52837元/平,中楼层 (共11层) 3室1厅 | 151.41平米 | 南 北,https://ke-image.ljcdn.com/110000-inspection/pc1_HytA1MGeo.jpg!m_fill,w_280,h_210,f_jpg?from=ke.com
20241022,朝阳,惠新西街,101123092514,惠新东街5号院南北三居室业主诚意出售价格可谈,485万,70659元/平,顶层 (共6层) 3室1厅 | 68.64平米 | 南 北,https://ke-image.ljcdn.com/110000-inspection/c26ea327-c009-4f6a-a95c-543a9684779b_1000.jpg!m_fill,w_280,h_210,f_jpg?from=ke.com
20241022,朝阳,惠新西街,101123076473,惠新里小区户型好 配套齐全南北通透,355万,59564元/平,顶层 (共6层) 2室1厅 | 59.6平米 | 南 北,https://ke-image.ljcdn.com/110000-inspection/5c4b1daa-758b-4e45-b7a7-89ca84b0a984_1000.jpg!m_fill,w_280,h_210,f_jpg?from=ke.com
20241022,朝阳,惠新西街,101123020270,地铁双轨满五年唯一东南2居室有钥匙,515万,67666元/平,低楼层 (共16层) | 1995年 | 2室1厅 | 76.11平米 | 东南,https://ke-image.ljcdn.com/110000-inspection/pc1_YfQftekZl.jpg!m_fill,w_280,h_210,f_jpg?from=ke.com
20241022,朝阳,惠新西街,101122952748,世纪嘉园 全明格局  观西山、鸟巢、水立方  停车地下房主自荐,1350万,75929元/平,高楼层 (共26层) | 2000年 | 3室1厅 | 177.8平米 | 南 西,https://ke-image.ljcdn.com/110000-inspection/pc1_YPBWjO175.jpg!m_fill,w_280,h_210,f_jpg?from=ke.com
20241022,朝阳,惠新西街,101122811335,安苑东里一区 2室1厅 南 北,310万,52198元/平,顶层 (共6层) | 1986年 | 2室1厅 | 59.39平米 | 南 北,https://ke-image.ljcdn.com/110000-inspection/pc1_b06MrlN6S.jpg!m_fill,w_280,h_210,f_jpg?from=ke.com
20241022,朝阳,惠新西街,101122770186,安贞门地铁 2002年钢混 跃层两居 南北通透房主自荐,788万,71898元/平,中楼层 (共9层) 2室1厅 | 109.6平米 | 南 北,https://ke-image.ljcdn.com/110000-inspection/pc1_0uDMwS8pS.jpg!m_fill,w_280,h_210,f_jpg?from=ke.com
20241022,朝阳,惠新西街,101122674152,新上惠新里小区双南向电梯房采光好大两居楼龄新1993年,560万,85903元/平,中楼层 (共17层) | 1993年 | 2室1厅 | 65.19平米 | 南,https://ke-image.ljcdn.com/110000-inspection/pc1_hprxD0kmC.jpg!m_fill,w_280,h_210,f_jpg?from=ke.com
20241022,朝阳,惠新西街,101122667425,惠新东街5号院 3室1厅 西 东,536万,85242元/平,底层 (共6层) | 1986年 | 3室1厅 | 62.88平米 | 西 东,https://ke-image.ljcdn.com/110000-inspection/pc1_xYgXYN7mU.jpg!m_fill,w_280,h_210,f_jpg?from=ke.com
20241022,朝阳,惠新西街,101122609833,罗马花园南北改善大三居方正全明格局,1188万,64738元/平,中楼层 (共19层) | 1995年 | 3室2厅 | 183.51平米 | 北 南,https://ke-image.ljcdn.com/110000-inspection/pc1_kYNNStluH_1.jpg!m_fill,w_280,h_210,f_jpg?from=ke.com
20241022,朝阳,惠新西街,101122241331,千鹤家园高楼层两居室价格可谈视野好,500万,48040元/平,高楼层 (共25层) | 2005年 | 2室1厅 | 104.08平米 | 北,https://ke-image.ljcdn.com/110000-inspection/pc1_ox5kZD7RQ.jpg!m_fill,w_280,h_210,f_jpg?from=ke.com
20241022,朝阳,惠新西街,101122153420,胜古北里 精装修全明2居 朝向好 小区改造已完成,479万,68596元/平,顶层 (共6层) 2室1厅 | 69.83平米 | 西南,https://ke-image.ljcdn.com/110000-inspection/pc1_p0svzwv38.jpg!m_fill,w_280,h_210,f_jpg?from=ke.com
20241022,朝阳,惠新西街,101122142876,新上惠新带客厅大两居 近地铁 小区管理好 配套全,560万,90279元/平,低楼层 (共17层) 2室1厅 | 62.03平米 | 东南,https://ke-image.ljcdn.com/110000-inspection/pc1_OzxKR0GHE.jpg!m_fill,w_280,h_210,f_jpg?from=ke.com
20241022,朝阳,惠新西街,101121872616,惠新南里5号院 管理好交通方便 满五年住房,398万,86976元/平,底层 (共6层) | 1987年 | 1室1厅 | 45.76平米 | 南,https://ke-image.ljcdn.com/110000-inspection/pc1_3C6xWbTU7.jpg!m_fill,w_280,h_210,f_jpg?from=ke.com
20241022,朝阳,惠新西街,101121757147,惠新西街【小关北里】 小区改造完毕  明厨明卫房主自荐,326万,67217元/平,顶层 (共6层) 1室1厅 | 48.5平米 | 东 西,https://ke-image.ljcdn.com/110000-inspection/pc1_9IeRQJafE.jpg!m_fill,w_280,h_210,f_jpg?from=ke.com
20241022,朝阳,惠新西街,101121639688,南北四居室方方正正小区停车位充足业主诚心出售,1059万,56598元/平,中楼层 (共11层) 4室2厅 | 187.11平米 | 南 北,https://ke-image.ljcdn.com/110000-inspection/pc1_gFP75EGCd.jpg!m_fill,w_280,h_210,f_jpg?from=ke.com
20241022,朝阳,惠新西街,101121219739,小关东里10号院 1室1厅 南,330万,86660元/平,中楼层 (共6层) 1室1厅 | 38.08平米 | 南,https://ke-image.ljcdn.com/110000-inspection/pc1_slqBQNM1Y.jpg!m_fill,w_280,h_210,f_jpg?from=ke.com
20241022,朝阳,惠新西街,101120970385,北四环内 惠新西街 板楼带电梯 满五年唯一 近地铁,410万,64956元/平,中楼层 (共6层) | 1988年 | 2室1厅 | 63.12平米 | 东 西,https://ke-image.ljcdn.com/110000-inspection/pc1_Dg4YaJOon.jpg!m_fill,w_280,h_210,f_jpg?from=ke.com
20241022,朝阳,惠新西街,101120815126,罗马花园中高楼层满五年唯一业主诚心卖随时签,916万,64694元/平,中楼层 (共26层) | 1995年 | 2室2厅 | 141.59平米 | 南 西,https://ke-image.ljcdn.com/110000-inspection/pc1_4xtexBHiG.jpg!m_fill,w_280,h_210,f_jpg?from=ke.com
20241022,朝阳,惠新西街,101120027546,惠新北里满五唯一小区管理好交通便利诚心出售,560万,75047元/平,底层 (共16层) | 1994年 | 2室1厅 | 74.62平米 | 北 东南,https://ke-image.ljcdn.com/110000-inspection/pc1_No8R1r5Wa.jpg!m_fill,w_280,h_210,f_jpg?from=ke.com
20241022,朝阳,惠新西街,101119379509,此房满五年唯一南北通透不临街采光没有遮挡,415万,69041元/平,中楼层 (共5层) | 1979年 | 2室1厅 | 60.11平米 | 南 北,https://ke-image.ljcdn.com/110000-inspection/pc1_6nUuTphT5.jpg!m_fill,w_280,h_210,f_jpg?from=ke.com
20241022,朝阳,惠新西街,101119262311,全凸三居 东南朝小区里 正对小区花园 不临街不吵,1280万,77675元/平,低楼层 (共28层) | 2000年 | 3室1厅 | 164.79平米 | 东南,https://ke-image.ljcdn.com/110000-inspection/pc1_QEJocJNqf_1.jpg!m_fill,w_280,h_210,f_jpg?from=ke.com
20241022,朝阳,惠新西街,101119048365,客厅南向满五唯一南北通透动静分离,1170万,86100元/平,高楼层 (共12层) 3室1厅 | 135.89平米 | 南 北,https://ke-image.ljcdn.com/110000-inspection/pc1_9az2vqJv0.jpg!m_fill,w_280,h_210,f_jpg?from=ke.com
20241022,朝阳,惠新西街,101119018616,双地铁 环境好 采光足 南北通透经典户型 配套成熟,360万,63910元/平,顶层 (共6层) | 1991年 | 2室1厅 | 56.33平米 | 南 北,https://ke-image.ljcdn.com/110000-inspection/pc1_eVt0xPuS4_1.jpg!m_fill,w_280,h_210,f_jpg?from=ke.com
20241022,朝阳,惠新西街,101118284573,小关北里小区南北通透满五唯一,368万,68644元/平,顶层 (共5层) | 1979年 | 2室1厅 | 53.61平米 | 南 北,https://ke-image.ljcdn.com/110000-inspection/a7f216b5-3a40-41e2-8a93-670270aecb5a_1000.jpg!m_fill,w_280,h_210,f_jpg?from=ke.com
20241022,朝阳,惠新西街,101118192342,南北双阳台2居  一梯2户带直达电梯  靠近地铁5号线,628万,83003元/平,低楼层 (共6层) | 1997年 | 2室1厅 | 75.66平米 | 南 北,https://ke-image.ljcdn.com/110000-inspection/pc1_4tsavqg6Y.jpg!m_fill,w_280,h_210,f_jpg?from=ke.com
20241022,朝阳,惠新西街,101117961334,惠新西街33号院 1998年 电梯楼三居室 大客厅 满五唯一,849万,98004元/平,中楼层 (共14层) | 1998年 | 3室2厅 | 86.63平米 | 东 北,https://ke-image.ljcdn.com/110000-inspection/pc1_KJ051LK1b.jpg!m_fill,w_280,h_210,f_jpg?from=ke.com
20241022,朝阳,惠新西街,101117929501,近地铁150米中间层南向全明格局优质一居室,409万,88991元/平,中楼层 (共6层) | 1987年 | 1室1厅 | 45.96平米 | 南,https://ke-image.ljcdn.com/110000-inspection/pc1_91zZA4hj1.jpg!m_fill,w_280,h_210,f_jpg?from=ke.com
20241022,朝阳,惠新西街,101117903757,惠新北里满五年单位分房正规一居诚意出售看房方便,449万,79231元/平,低楼层 (共16层) | 1994年 | 1室1厅 | 56.67平米 | 西南,https://ke-image.ljcdn.com/110000-inspection/0208e5be-65f6-45b9-bc76-2b5e40938728_1000.jpg!m_fill,w_280,h_210,f_jpg?from=ke.com
20241022,朝阳,惠新西街,101127190102,新上惠新里 精装两居 3/6层满五唯一 随时看房,415万,71160元/平,中楼层 (共6层) | 1992年 | 2室1厅 | 58.32平米 | 南 北,https://s1.ljcdn.com/pegasus/redskull/images/common/default_house_list.png?_v=202410161653269
20241022,朝阳,惠新西街,101127182050,惠新里小区 1室1厅 南 北,232万,63147元/平,中楼层 (共4层) 1室1厅 | 36.74平米 | 南 北,https://s1.ljcdn.com/pegasus/redskull/images/common/default_house_list.png?_v=202410161653269
20241022,朝阳,惠新西街,101127153902,惠新西街小区 2室1厅 东南,443万,67162元/平,高楼层 (共18层) 2室1厅 | 65.96平米 | 东南,https://s1.ljcdn.com/pegasus/redskull/images/common/default_house_list.png?_v=202410161653269
20241022,朝阳,惠新西街,101127153736,小关东里8号院 中间3层 南北小两居 有厅格局好用新上,400万,72834元/平,中楼层 (共6层) 2室1厅 | 54.92平米 | 南 北,https://s1.ljcdn.com/pegasus/redskull/images/common/default_house_list.png?_v=202410161653269
20241022,朝阳,惠新西街,101127043043,胜古北里 中间层南向一居室 带电梯 满五年,315万,87306元/平,中楼层 (共5层) 1室1厅 | 36.08平米 | 南,https://s1.ljcdn.com/pegasus/redskull/images/common/default_house_list.png?_v=202410161653269
20241022,朝阳,惠新西街,101127041698,千鹤家园正规一居室满五唯一临近地铁和超市新上,500万,69561元/平,高楼层 (共25层) | 2004年 | 1室1厅 | 71.88平米 | 北,https://s1.ljcdn.com/pegasus/redskull/images/common/default_house_list.png?_v=202410161653269
20241022,朝阳,惠新西街,101127000461,惠新里小区 2室1厅 南 北新上,498万,76008元/平,中楼层 (共12层) | 1993年 | 2室1厅 | 65.52平米 | 南 北,https://s1.ljcdn.com/pegasus/redskull/images/common/default_house_list.png?_v=202410161653269
20241022,朝阳,惠新西街,101126945486,惠新里 低楼层 一手业主诚心出售 随时可以签约,378万,70300元/平,低楼层 (共6层) | 2003年 | 2室1厅 | 53.77平米 | 东 西,https://s1.ljcdn.com/pegasus/redskull/images/common/default_house_list.png?_v=202410161653269
20241022,朝阳,惠新西街,101126929848,胜古北里  2室1厅 南 北,380万,68655元/平,中楼层 (共6层) 2室1厅 | 55.35平米 | 南 北,https://s1.ljcdn.com/pegasus/redskull/images/common/default_house_list.png?_v=202410161653269
20241022,朝阳,惠新西街,101126883778,满五年唯一 94年钢混楼 可组合贷款 交通便利房主自荐,560万,82390元/平,中楼层 (共12层) | 1994年 | 2室1厅 | 67.97平米 | 东 西,https://s1.ljcdn.com/pegasus/redskull/images/common/default_house_list.png?_v=202410161653269
20241022,朝阳,惠新西街,101126874233,北四环东路 惠中园大三居 中高楼层 采光视野佳,859万,62242元/平,中楼层 (共24层) | 1999年 | 3室1厅 | 138.01平米 | 南 西北,https://s1.ljcdn.com/pegasus/redskull/images/common/default_house_list.png?_v=202410161653269
20241022,朝阳,惠新西街,101126872773,惠新里小区 3室1厅 西南,552万,76688元/平,低楼层 (共20层) 3室1厅 | 71.98平米 | 西南,https://s1.ljcdn.com/pegasus/redskull/images/common/default_house_list.png?_v=202410161653269
20241022,朝阳,惠新西街,101126862873,罗马花园 车位,83万,40039元/平,地下室 1室0厅 | 20.73平米 | 南,https://s1.ljcdn.com/pegasus/redskull/images/common/default_house_list.png?_v=202410161653269
20241022,朝阳,惠新西街,101126849734,惠新苑 2室1厅 南 北,880万,68584元/平,中楼层 (共15层) 2室1厅 | 128.31平米 | 南 北,https://s1.ljcdn.com/pegasus/redskull/images/common/default_house_list.png?_v=202410161653269
20241022,朝阳,惠新西街,101126827982,胜古北里  2室1厅 南 北,330万,58171元/平,顶层 (共6层) 2室1厅 | 56.73平米 | 南 北,https://s1.ljcdn.com/pegasus/redskull/images/common/default_house_list.png?_v=202410161653269
20241022,朝阳,惠新西街,101126549726,胜古南里 2室1厅 南 北,400万,70560元/平,底层 (共6层) | 1986年 | 2室1厅 | 56.69平米 | 南 北,https://s1.ljcdn.com/pegasus/redskull/images/common/default_house_list.png?_v=202410161653269
20241022,朝阳,惠新西街,101126461719,千鹤家园三居室中层无遮挡不临街满5年双卫,978万,76514元/平,中楼层 (共25层) | 2002年 | 3室1厅 | 127.82平米 | 东北,https://s1.ljcdn.com/pegasus/redskull/images/common/default_house_list.png?_v=202410161653269
20241022,朝阳,惠新西街,101126365301,樱花园 朝阳十佳示范小区 化大家属楼 近地铁医院,488万,84255元/平,低楼层 (共7层) | 1991年 | 2室1厅 | 57.92平米 | 南 北,https://s1.ljcdn.com/pegasus/redskull/images/common/default_house_list.png?_v=202410161653269
20241022,朝阳,惠新西街,101126313650,惠新北里 2室1厅 西南,519万,77602元/平,高楼层 (共16层) 2室1厅 | 66.88平米 | 西南,https://s1.ljcdn.com/pegasus/redskull/images/common/default_house_list.png?_v=202410161653269
20241022,朝阳,惠新西街,101126221929,惠新里小区.满五唯一 高楼层 视野无遮挡 电梯房,570万,83006元/平,高楼层 (共20层) 2室2厅 | 68.67平米 | 东南,https://s1.ljcdn.com/pegasus/redskull/images/common/default_house_list.png?_v=202410161653269
20241022,朝阳,惠新西街,101126185687,此房满五年房子看房方便朝南两居室采光好,350万,64948元/平,低楼层 (共6层) 2室1厅 | 53.89平米 | 南 北,https://s1.ljcdn.com/pegasus/redskull/images/common/default_house_list.png?_v=202410161653269
20241022,朝阳,惠新西街,101126068451,朝阳十佳社区樱花园双南两居户型好采光好视野好,380万,71766元/平,顶层 (共6层) | 1984年 | 2室1厅 | 52.95平米 | 南,https://s1.ljcdn.com/pegasus/redskull/images/common/default_house_list.png?_v=202410161653269
20241022,朝阳,惠新西街,101126057828,罗马花园满五年唯一房子户型方正,1100万,59943元/平,中楼层 (共19层) 3室2厅 | 183.51平米 | 北 南,https://s1.ljcdn.com/pegasus/redskull/images/common/default_house_list.png?_v=202410161653269
20241022,朝阳,惠新西街,101126052455,樱花园 朝阳十佳示范小区 中间楼层 近地铁公园医院,480万,80281元/平,中楼层 (共6层) 2室1厅 | 59.79平米 | 南 北,https://s1.ljcdn.com/pegasus/redskull/images/common/default_house_list.png?_v=202410161653269
20241022,朝阳,惠新西街,101126021898,惠新西里一区满五年南北通透不临街,527万,76924元/平,顶层 (共6层) 3室1厅 | 68.51平米 | 南 北,https://s1.ljcdn.com/pegasus/redskull/images/common/default_house_list.png?_v=202410161653269
20241022,朝阳,惠新西街,101125999168,军休所家属楼公积金可贷30年67-楼龄不临街,568万,76365元/平,高楼层 (共6层) 3室1厅 | 74.38平米 | 南 北,https://s1.ljcdn.com/pegasus/redskull/images/common/default_house_list.png?_v=202410161653269
20241022,朝阳,惠新西街,101125929539,惠新里小区 3室1厅 西北,700万,79007元/平,低楼层 (共17层) 3室1厅 | 88.6平米 | 西北,https://s1.ljcdn.com/pegasus/redskull/images/common/default_house_list.png?_v=202410161653269
20241022,朝阳,惠新西街,101125854900,小关北里 3室1厅 南 北 东,528万,68724元/平,顶层 (共6层) | 1986年 | 3室1厅 | 76.83平米 | 南 北 东,https://s1.ljcdn.com/pegasus/redskull/images/common/default_house_list.png?_v=202410161653269
20241022,朝阳,惠新西街,101125813696,安贞桥东 楼龄新 客厅大 采光视野好,1200万,79650元/平,高楼层 (共22层) 3室1厅 | 150.66平米 | 东南,https://s1.ljcdn.com/pegasus/redskull/images/common/default_house_list.png?_v=202410161653269
20241022,朝阳,惠新西街,101125592160,胜古南里 1室1厅 南,230万,64936元/平,顶层 (共6层) | 1980年 | 1室1厅 | 35.42平米 | 南,https://s1.ljcdn.com/pegasus/redskull/images/common/default_house_list.png?_v=202410161653269
20241022,朝阳,惠新西街,101125440407,板楼一梯两户南北通透两居双卫格局,1116万,109391元/平,低楼层 (共12层) 2室1厅 | 102.02平米 | 南 北,https://s1.ljcdn.com/pegasus/redskull/images/common/default_house_list.png?_v=202410161653269
20241022,朝阳,惠新西街,101125399748,城市出品朝东一居中间层采光好满五唯一。,379万,71041元/平,中楼层 (共10层) 1室1厅 | 53.35平米 | 东,https://s1.ljcdn.com/pegasus/redskull/images/common/default_house_list.png?_v=202410161653269
20241022,朝阳,惠新西街,101125370228,新上 京煤 中间层 满五年单位分房 管理好,530万,73306元/平,高楼层 (共20层) | 1991年 | 3室1厅 | 72.3平米 | 西南,https://s1.ljcdn.com/pegasus/redskull/images/common/default_house_list.png?_v=202410161653269
20241022,朝阳,惠新西街,101125213582,此房97年建成东南朝向采光好看房方便。,630万,81343元/平,高楼层 (共17层) 2室1厅 | 77.45平米 | 东南,https://s1.ljcdn.com/pegasus/redskull/images/common/default_house_list.png?_v=202410161653269
20241022,朝阳,惠新西街,101125165400,惠新里小区 2室1厅 南 北,440万,71814元/平,顶层 (共5层) | 1979年 | 2室1厅 | 61.27平米 | 南 北,https://s1.ljcdn.com/pegasus/redskull/images/common/default_house_list.png?_v=202410161653269
20241022,朝阳,惠新西街,101125029658,不临街不遮挡小区中间位置朝南精装一居室,260万,61005元/平,顶层 (共5层) | 1987年 | 1室1厅 | 42.62平米 | 南,https://s1.ljcdn.com/pegasus/redskull/images/common/default_house_list.png?_v=202410161653269
20241022,朝阳,惠新西街,101124953004,樱花园新上 明厨明卫三居室 低楼层 客厅有明窗,599万,82850元/平,低楼层 (共6层) 3室1厅 | 72.3平米 | 南 北,https://s1.ljcdn.com/pegasus/redskull/images/common/default_house_list.png?_v=202410161653269
20241022,朝阳,惠新西街,101124635791,惠新西街9号院惠新苑 精装修 采光视野很棒~,1300万,87490元/平,高楼层 (共14层) 3室1厅 | 148.59平米 | 西南,https://s1.ljcdn.com/pegasus/redskull/images/common/default_house_list.png?_v=202410161653269
20241022,朝阳,惠新西街,101124618669,胜古北里 寰球之家 近地铁公园 中间楼层 南北通透,300万,64323元/平,中楼层 (共6层) 1室1厅 | 46.64平米 | 南 北,https://s1.ljcdn.com/pegasus/redskull/images/common/default_house_list.png?_v=202410161653269
20241022,朝阳,惠新西街,101124415540,小关东里10号院 南北向三居室 户型方正,630万,77846元/平,低楼层 (共6层) | 1983年 | 3室1厅 | 80.93平米 | 南 北,https://s1.ljcdn.com/pegasus/redskull/images/common/default_house_list.png?_v=202410161653269
20241022,朝阳,惠新西街,101124266644,惠新里小区电梯房高楼层配套齐全,580万,80578元/平,中楼层 (共20层) 3室1厅 | 71.98平米 | 南 西,https://s1.ljcdn.com/pegasus/redskull/images/common/default_house_list.png?_v=202410161653269
20241022,朝阳,惠新西街,101124223318,蓝珏苑 南北向 小区管理好 人车分流,2080万,82168元/平,中楼层 (共17层) | 2003年 | 4室1厅 | 253.14平米 | 南 北,https://ke-image.ljcdn.com/110000-inspection/3f4140de-5130-4ecf-8123-f7daa22e1f71.jpg!m_fill,w_280,h_210,f_jpg?from=ke.com
20241022,朝阳,惠新西街,101124133099,新上房源大户型3居室停车位充足,1068万,70682元/平,中楼层 (共13层) 3室1厅 | 151.1平米 | 西南 北,https://s1.ljcdn.com/pegasus/redskull/images/common/default_house_list.png?_v=202410161653269
20241022,朝阳,惠新西街,101124005847,层高2.9米 配套齐全 总价合适,600万,67835元/平,高楼层 (共25层) | 2005年 | 2室1厅 | 88.45平米 | 东南,https://s1.ljcdn.com/pegasus/redskull/images/common/default_house_list.png?_v=202410161653269
20241022,朝阳,惠新西街,101123710478,惠新北里2号院朝阳教委家属楼 满五年中间层,350万,65372元/平,高楼层 (共6层) 2室1厅 | 53.54平米 | 东 西,https://s1.ljcdn.com/pegasus/redskull/images/common/default_house_list.png?_v=202410161653269
20241022,朝阳,惠新西街,101119848922,小关北里92年精装全明三居室 新做改造,400万,60314元/平,顶层 (共6层) 2室1厅 | 66.32平米 | 东 西,https://s1.ljcdn.com/pegasus/redskull/images/common/default_house_list.png?_v=202410161653269
