20241023,石景山,苹果园,101127170806,苹果园小区一区 2室2厅 西必看好房,350万,46524元/平,低楼层 (共18层) | 2000年 | 2室2厅 | 75.23平米 | 西,https://ke-image.ljcdn.com/110000-inspection/ba496c7d-b04f-48b5-b157-23afdf697467_1000.jpg!m_fill,w_280,h_210,f_jpg?from=ke.com
20241023,石景山,苹果园,101127069797,中高楼层。近地铁30万精装修必看好房,330万,40787元/平,高楼层 (共16层) | 1995年 | 2室1厅 | 80.91平米 | 南,https://ke-image.ljcdn.com/110000-inspection/124cecbf-865a-446d-9c68-d066033fc2f3_1000.jpg!m_fill,w_280,h_210,f_jpg?from=ke.com
20241023,石景山,苹果园,101127060754,金顶街四区   东南向两室一厅 中间层 采光充足必看好房,339万,41433元/平,中楼层 (共18层) | 2000年 | 2室1厅 | 81.82平米 | 东南,https://ke-image.ljcdn.com/110000-inspection/5951a343-eac0-428b-b1e4-c178bef760ef_1000.jpg!m_fill,w_280,h_210,f_jpg?from=ke.com
20241023,石景山,苹果园,101127035082,模式口西里 2室1厅 东北 西必看好房,198万,30509元/平,低楼层 (共16层) | 1988年 | 2室1厅 | 64.9平米 | 东北 西,https://ke-image.ljcdn.com/110000-inspection/8bfd3178-9650-4320-ae61-c4ef698713d2_1000.jpg!m_fill,w_280,h_210,f_jpg?from=ke.com
20241023,石景山,苹果园,101127014695,海特花园南北通透低楼层精装修三居室必看好房,431万,47836元/平,底层 (共12层) | 1994年 | 3室1厅 | 90.1平米 | 南 北,https://ke-image.ljcdn.com/110000-inspection/4dc45955-5a20-4364-8d26-f70883306057_1000.jpg!m_fill,w_280,h_210,f_jpg?from=ke.com
20241023,石景山,苹果园,101127043466,西黄新村北里 1室1厅 东必看好房,319万,43384元/平,低楼层 (共24层) | 2002年 | 1室1厅 | 73.53平米 | 东,https://ke-image.ljcdn.com/110000-inspection/96a6ee48-2bd2-4e57-9290-5c8c5099c41d_1000.jpg!m_fill,w_280,h_210,f_jpg?from=ke.com
20241023,石景山,苹果园,101127024013,模式口西里 1室1厅 南 北必看好房,145万,33411元/平,低楼层 (共6层) | 1987年 | 1室1厅 | 43.4平米 | 南 北,https://ke-image.ljcdn.com/110000-inspection/8a743330-f4dd-499c-ad56-2ee4329cb4d5_1000.jpg!m_fill,w_280,h_210,f_jpg?from=ke.com
20241023,石景山,苹果园,101127000800,模式口西里田字格户型低楼层大三居必看好房,270万,33309元/平,低楼层 (共6层) | 1987年 | 3室1厅 | 81.06平米 | 南 北,https://ke-image.ljcdn.com/110000-inspection/b36675cd-6bad-4b99-b8b9-ad1265dc5bf9_1000.jpg!m_fill,w_280,h_210,f_jpg?from=ke.com
20241023,石景山,苹果园,101126999032,广宁村 2室1厅 南 北必看好房,158万,26426元/平,高楼层 (共6层) | 1992年 | 2室1厅 | 59.79平米 | 南 北,https://ke-image.ljcdn.com/110000-inspection/1ec806b2-027d-4601-8d06-e7da30a4063a_1000.jpg!m_fill,w_280,h_210,f_jpg?from=ke.com
20241023,石景山,苹果园,101126984527,苹果园小区三区 2室1厅 东南必看好房,320万,42810元/平,低楼层 (共16层) | 1995年 | 2室1厅 | 74.75平米 | 东南,https://ke-image.ljcdn.com/110000-inspection/bde6edd6-5c05-4ab9-8013-7b5cf8a056ff_1000.jpg!m_fill,w_280,h_210,f_jpg?from=ke.com
20241023,石景山,苹果园,101126943514,模式口西里一居室装修好南北通透必看好房,155万,34855元/平,低楼层 (共6层) | 1999年 | 1室1厅 | 44.47平米 | 南 北,https://ke-image.ljcdn.com/110000-inspection/1f3e796d-8beb-479e-9e59-41504b0df91f_1000.jpg!m_fill,w_280,h_210,f_jpg?from=ke.com
20241023,石景山,苹果园,101126914095,金顶街三区 满五唯一商品房 近地铁 交通方便必看好房,368万,37760元/平,中楼层 (共24层) | 2003年 | 2室2厅 | 97.46平米 | 西北,https://ke-image.ljcdn.com/110000-inspection/86cba106-16b6-42aa-93f9-bc7a6608d2ca_1000.jpg!m_fill,w_280,h_210,f_jpg?from=ke.com
20241023,石景山,苹果园,101126879232,林业楼满五年唯一换房靠谱出售交通便利首付22万必看好房,145万,40234元/平,中楼层 (共5层) | 1985年 | 1室1厅 | 36.04平米 | 南,https://ke-image.ljcdn.com/110000-inspection/6b4f853f-cc91-4349-bc55-de47fe11e42d_1000.jpg!m_fill,w_280,h_210,f_jpg?from=ke.com
20241023,石景山,苹果园,101126872809,雍景四季 好楼层 好位置 好户型必看好房,639万,56019元/平,中楼层 (共21层) 2室1厅 | 114.07平米 | 西南 西,https://ke-image.ljcdn.com/110000-inspection/604191fa-e65c-40cc-84ef-c5926b0d278a_1000.jpg!m_fill,w_280,h_210,f_jpg?from=ke.com
20241023,石景山,苹果园,101126859762,近地铁！西井特钢楼3层双阳台前后无遮挡！明厨明卫必看好房,245万,39838元/平,中楼层 (共6层) | 1994年 | 2室1厅 | 61.5平米 | 南 北,https://ke-image.ljcdn.com/110000-inspection/79a01311-af16-48e4-a267-97e90019d8bc_1000.jpg!m_fill,w_280,h_210,f_jpg?from=ke.com
20241023,石景山,苹果园,101126803009,叠翠庭苑一区 1室1厅 西必看好房,190万,42793元/平,低楼层 (共17层) | 2019年 | 1室1厅 | 44.4平米 | 西,https://ke-image.ljcdn.com/110000-inspection/pc1_Hj8HC6lIn_1.jpg!m_fill,w_280,h_210,f_jpg?from=ke.com
20241023,石景山,苹果园,101126749628,广宁村 两居室 中间层 诚心出售必看好房,149万,24921元/平,中楼层 (共6层) | 1992年 | 2室1厅 | 59.79平米 | 南 北,https://ke-image.ljcdn.com/110000-inspection/e76f9a2e-79a9-4359-87d9-d5cd32cf098e_1000.jpg!m_fill,w_280,h_210,f_jpg?from=ke.com
20241023,石景山,苹果园,101126744284,苹果园三区 精装婚房 采光充足 上下楼方便房主自荐,348万,43011元/平,低楼层 (共16层) | 1994年 | 2室1厅 | 80.91平米 | 南,https://ke-image.ljcdn.com/110000-inspection/39e79410-5a2d-4fab-858c-c369e89a323d_1000.jpg!m_fill,w_280,h_210,f_jpg?from=ke.com
20241023,石景山,苹果园,101126717372,西山枫林一二期 南北通透两居室 高楼层无遮挡,540万,55300元/平,高楼层 (共11层) | 2004年 | 2室1厅 | 97.65平米 | 南 北,https://ke-image.ljcdn.com/110000-inspection/b8e6150c-1547-4ffc-87dd-93d0c0b49f52_1000.jpg!m_fill,w_280,h_210,f_jpg?from=ke.com
20241023,石景山,苹果园,101126677082,模式口西里满五唯一板楼低楼诚心出售正规两居房主自荐,230万,36451元/平,低楼层 (共6层) | 1997年 | 2室1厅 | 63.1平米 | 南 北,https://ke-image.ljcdn.com/110000-inspection/b308cde0-9ff8-4ced-bfe7-4e567b23d89b_1000.jpg!m_fill,w_280,h_210,f_jpg?from=ke.com
20241023,石景山,苹果园,101126663379,雍景四季 3室2厅 西南必看好房,820万,54180元/平,中楼层 (共16层) 3室2厅 | 151.35平米 | 西南,https://ke-image.ljcdn.com/110000-inspection/9c5cfc20-a029-4747-8de7-498f1ad26dfa_1000.jpg!m_fill,w_280,h_210,f_jpg?from=ke.com
20241023,石景山,苹果园,101126651043,外挂电梯25万精装超赞格局采光通风视野俱佳必看好房,445万,55619元/平,顶层 (共6层) | 1998年 | 3室1厅 | 80.01平米 | 南 北,https://ke-image.ljcdn.com/110000-inspection/pc1_ASOkWskFe.jpg!m_fill,w_280,h_210,f_jpg?from=ke.com
20241023,石景山,苹果园,101126635614,海特花园西区 2室1厅 南 北必看好房,206万,35678元/平,高楼层 (共6层) | 1993年 | 2室1厅 | 57.74平米 | 南 北,https://ke-image.ljcdn.com/110000-inspection/pc1_jdHChwmHk_1.jpg!m_fill,w_280,h_210,f_jpg?from=ke.com
20241023,石景山,苹果园,101126635334,模式口北里低楼层南北通透两居室房主自荐,255万,36063元/平,底层 (共6层) | 1997年 | 2室2厅 | 70.71平米 | 南 北,https://ke-image.ljcdn.com/110000-inspection/pc1_h8qG9g3l3_1.jpg!m_fill,w_280,h_210,f_jpg?from=ke.com
20241023,石景山,苹果园,101126623997,模式口东里南北两居室 中楼层明厨明卫 满五年唯一！必看好房,225万,37695元/平,中楼层 (共6层) | 1990年 | 2室1厅 | 59.69平米 | 南 北,https://ke-image.ljcdn.com/110000-inspection/pc1_rP6R5IvET.jpg!m_fill,w_280,h_210,f_jpg?from=ke.com
20241023,石景山,苹果园,101126608048,2000年钢混 6号线地铁150米必看好房,248万,42959元/平,中楼层 (共14层) | 2000年 | 2室1厅 | 57.73平米 | 东 西,https://ke-image.ljcdn.com/110000-inspection/bf5c0fac-027f-4dc5-a211-c3433fcc6316_1000.jpg!m_fill,w_280,h_210,f_jpg?from=ke.com
20241023,石景山,苹果园,101126601437,模式口南里南北通透的两居室诚心出售,190万,31123元/平,高楼层 (共6层) | 1986年 | 2室1厅 | 61.05平米 | 南 北,https://ke-image.ljcdn.com/110000-inspection/56ff6c9c-0844-4702-97e4-e4a0faa6cfac_1000.jpg!m_fill,w_280,h_210,f_jpg?from=ke.com
20241023,石景山,苹果园,101126581229,西黄新村北里 2室2厅 南必看好房,355万,40829元/平,低楼层 (共24层) | 2002年 | 2室2厅 | 86.95平米 | 南,https://ke-image.ljcdn.com/110000-inspection/b2f80518-00db-4ca0-90cc-95d2aa4123ae_1000.jpg!m_fill,w_280,h_210,f_jpg?from=ke.com
20241023,石景山,苹果园,101126580022,西黄新村北里 2室1厅 南,398万,45774元/平,高楼层 (共24层) | 2002年 | 2室1厅 | 86.95平米 | 南,https://ke-image.ljcdn.com/110000-inspection/pc1_zwwOfNbyg_1.jpg!m_fill,w_280,h_210,f_jpg?from=ke.com
20241023,石景山,苹果园,101126559424,苹果园小区一区精装修两居室 距离地铁100米必看好房,269万,48269元/平,低楼层 (共14层) | 2000年 | 2室1厅 | 55.73平米 | 东 西,https://ke-image.ljcdn.com/110000-inspection/pc1_kseIm8na8_1.jpg!m_fill,w_280,h_210,f_jpg?from=ke.com
20241023,石景山,苹果园,101126534877,模式口西里 3室1厅 南 北必看好房,260万,33261元/平,底层 (共6层) | 1992年 | 3室1厅 | 78.17平米 | 南 北,https://ke-image.ljcdn.com/110000-inspection/pc1_UMI4dXOXJ_1.jpg!m_fill,w_280,h_210,f_jpg?from=ke.com
20241023,石景山,苹果园,101126493387,模式口西里 坡下 精装修 6号线金安桥站必看好房,188万,30629元/平,高楼层 (共6层) 2室1厅 | 61.38平米 | 南 北,https://ke-image.ljcdn.com/110000-inspection/d87b004b-962a-4eb7-9c28-5448d2a44cdf_1000.jpg!m_fill,w_280,h_210,f_jpg?from=ke.com
20241023,石景山,苹果园,101126487958,金顶街五区 近地铁大两居 满五唯一商品房必看好房,419万,45093元/平,高楼层 (共24层) | 2005年 | 2室1厅 | 92.92平米 | 南,https://ke-image.ljcdn.com/110000-inspection/31e57cbd-e662-472a-abc2-c6c415469f6c_1000.jpg!m_fill,w_280,h_210,f_jpg?from=ke.com
20241023,石景山,苹果园,101126469316,模式口西里 2室1厅 南 北必看好房,168万,29112元/平,顶层 (共6层) | 1991年 | 2室1厅 | 57.71平米 | 南 北,https://ke-image.ljcdn.com/110000-inspection/pc1_Yt2LdmzwV_1.jpg!m_fill,w_280,h_210,f_jpg?from=ke.com
20241023,石景山,苹果园,101126449480,西山枫林四期 2层 南北三居室 商品房必看好房,545万,51459元/平,低楼层 (共6层) | 2008年 | 3室1厅 | 105.91平米 | 南 北,https://ke-image.ljcdn.com/110000-inspection/pc1_GULRsV0QT_1.jpg!m_fill,w_280,h_210,f_jpg?from=ke.com
20241023,石景山,苹果园,101126204803,西山枫林一二期 高楼层 视野好必看好房,446万,49700元/平,高楼层 (共11层) | 2004年 | 2室1厅 | 89.74平米 | 东 西,https://ke-image.ljcdn.com/110000-inspection/pc1_5xKpeJy9K_1.jpg!m_fill,w_280,h_210,f_jpg?from=ke.com
20241023,石景山,苹果园,101126136420,金顶街二区 2室1厅 东必看好房,415万,40619元/平,中楼层 (共18层) 2室1厅 | 102.17平米 | 东,https://ke-image.ljcdn.com/110000-inspection/47d982ff-dfa2-4b86-be73-3f54d8c87be2_1000.jpg!m_fill,w_280,h_210,f_jpg?from=ke.com
20241023,石景山,苹果园,101126118557,模式口西里 1室1厅 南 北必看好房,142万,31932元/平,中楼层 (共6层) | 1991年 | 1室1厅 | 44.47平米 | 南 北,https://ke-image.ljcdn.com/110000-inspection/pc1_ySqS6T6aX_1.jpg!m_fill,w_280,h_210,f_jpg?from=ke.com
20241023,石景山,苹果园,101126088197,首钢小区模式口南里中间楼层南北通透两居室诚心出售,219万,35873元/平,中楼层 (共6层) 2室1厅 | 61.05平米 | 南 北,https://ke-image.ljcdn.com/110000-inspection/pc1_sJnQ27JgU_1.jpg!m_fill,w_280,h_210,f_jpg?from=ke.com
20241023,石景山,苹果园,101125969803,苹果园小区四区全南中间层眼镜户型,189万,42616元/平,中楼层 (共5层) | 1979年 | 2室1厅 | 44.35平米 | 南,https://ke-image.ljcdn.com/110000-inspection/pc1_Cm7KJtaBs_1.jpg!m_fill,w_280,h_210,f_jpg?from=ke.com
20241023,石景山,苹果园,101125781811,石景山模式口西里 小坡下地铁口 低楼层采光视野好必看好房,179万,31018元/平,低楼层 (共6层) | 1991年 | 2室1厅 | 57.71平米 | 东 西,https://ke-image.ljcdn.com/110000-inspection/pc1_eHhwpAFFA_1.jpg!m_fill,w_280,h_210,f_jpg?from=ke.com
20241023,石景山,苹果园,101125756666,科研楼南北通透两居室中间楼层满五年唯一。,197万,33937元/平,中楼层 (共6层) | 1991年 | 2室1厅 | 58.05平米 | 南 北,https://ke-image.ljcdn.com/110000-inspection/pc1_KBlYSaHbz.jpg!m_fill,w_280,h_210,f_jpg?from=ke.com
20241023,石景山,苹果园,101125407470,金顶街四一居室成熟小区配套设施齐全楼层好必看好房,242万,37973元/平,中楼层 (共6层) | 1999年 | 2室1厅 | 63.73平米 | 南,https://ke-image.ljcdn.com/110000-inspection/5b24cc9f-3f5d-4bb4-83f2-0994c81600d1_1000.jpg!m_fill,w_280,h_210,f_jpg?from=ke.com
20241023,石景山,苹果园,101125371096,模式口西里 2室1厅 南 西必看好房,199万,31994元/平,低楼层 (共16层) | 1990年 | 2室1厅 | 62.2平米 | 南 西,https://ke-image.ljcdn.com/110000-inspection/pc1_gtp4iBKTz_1.jpg!m_fill,w_280,h_210,f_jpg?from=ke.com
20241023,石景山,苹果园,101125308151,金福苑 2室1厅 南 北房主自荐,275万,41027元/平,中楼层 (共7层) | 1995年 | 2室1厅 | 67.03平米 | 南 北,https://ke-image.ljcdn.com/110000-inspection/pc1_D7y4d1tqr.jpg!m_fill,w_280,h_210,f_jpg?from=ke.com
20241023,石景山,苹果园,101125275344,西山枫林一二期 东向两居室 商品房必看好房,375万,46987元/平,低楼层 (共10层) | 2005年 | 2室1厅 | 79.81平米 | 东,https://s1.ljcdn.com/pegasus/redskull/images/common/default_house_list.png?_v=202410161653269
20241023,石景山,苹果园,101125218783,金顶街赵山小区 户型方正 诚心出售 随时可以签约必看好房,205万,34345元/平,中楼层 (共6层) | 1996年 | 2室1厅 | 59.69平米 | 南 北,https://ke-image.ljcdn.com/110000-inspection/f6c2c038-95fb-4eaa-87f0-4fc7c8ea9640_1000.jpg!m_fill,w_280,h_210,f_jpg?from=ke.com
20241023,石景山,苹果园,101125216657,苹果园小区一区 2室1厅 南 北必看好房,209万,35299元/平,顶层 (共6层) | 1985年 | 2室1厅 | 59.21平米 | 南 北,https://ke-image.ljcdn.com/110000-inspection/pc1_bUMUKelZj.jpg!m_fill,w_280,h_210,f_jpg?from=ke.com
20241023,石景山,苹果园,101125085358,满五年唯一住房小区坡下位置带电梯无遮挡视野好房主自荐,199万,34035元/平,低楼层 (共16层) 2室1厅 | 58.47平米 | 南,https://ke-image.ljcdn.com/110000-inspection/pc1_kTHEwp565.jpg!m_fill,w_280,h_210,f_jpg?from=ke.com
20241023,石景山,苹果园,101125060383,满五唯一商品房全西向无遮挡采光好必看好房,395万,44709元/平,低楼层 (共21层) | 2009年 | 2室1厅 | 88.35平米 | 西,https://ke-image.ljcdn.com/110000-inspection/pc1_mPt77LLkR.jpg!m_fill,w_280,h_210,f_jpg?from=ke.com
20241023,石景山,苹果园,101125022114,西山枫林三期 南北向三居室 北侧可看山 视野好必看好房,518万,47707元/平,顶层 (共10层) 3室1厅 | 108.58平米 | 南 北,https://ke-image.ljcdn.com/110000-inspection/pc1_MsvWEe8pr.jpg!m_fill,w_280,h_210,f_jpg?from=ke.com
20241023,石景山,苹果园,101124986695,西井小区二区 正规小3居 南北通透 浪费面积小,205万,32827元/平,顶层 (共6层) | 1983年 | 3室1厅 | 62.45平米 | 南 北,https://ke-image.ljcdn.com/110000-inspection/pc1_4OpmuVUWB.jpg!m_fill,w_280,h_210,f_jpg?from=ke.com
20241023,石景山,苹果园,101124822739,满五年唯一商品房 落地窗 地铁200米必看好房,315万,42396元/平,中楼层 (共14层) | 2002年 | 1室1厅 | 74.3平米 | 西北,https://ke-image.ljcdn.com/110000-inspection/pc1_aacGCWMVC.jpg!m_fill,w_280,h_210,f_jpg?from=ke.com
20241023,石景山,苹果园,101124767078,2019年建成 南北通透 视野开阔 采光充足必看好房,428万,50159元/平,底层 (共10层) 2室2厅 | 85.33平米 | 南 北,https://ke-image.ljcdn.com/110000-inspection/pc1_ov2TIjXt9_1.jpg!m_fill,w_280,h_210,f_jpg?from=ke.com
20241023,石景山,苹果园,101124764534,此房可以满五年唯一成本价已经改造完成可以公积金贷必看好房,189万,29953元/平,中楼层 (共7层) 2室1厅 | 63.1平米 | 南 北,https://ke-image.ljcdn.com/110000-inspection/pc1_5vOZb3svH.jpg!m_fill,w_280,h_210,f_jpg?from=ke.com
20241023,石景山,苹果园,101124735745,海特花园 中间层 不临街  可看房必看好房,339万,48031元/平,低楼层 (共7层) | 1997年 | 2室1厅 | 70.58平米 | 南 北,https://ke-image.ljcdn.com/110000-inspection/pc1_6atHO5a5v.jpg!m_fill,w_280,h_210,f_jpg?from=ke.com
20241023,石景山,苹果园,101124471526,苹果园小区三区好房子有钥匙看房方便必看好房,339万,48876元/平,底层 (共6层) | 1999年 | 2室2厅 | 69.36平米 | 南 北,https://ke-image.ljcdn.com/110000-inspection/80b746ab-19c1-4428-8ca3-01d836698b47_1000.jpg!m_fill,w_280,h_210,f_jpg?from=ke.com
20241023,石景山,苹果园,101124433899,苹果园三区 精装修拎包入住 南北通透 采光好必看好房,320万,46485元/平,高楼层 (共6层) | 1999年 | 2室1厅 | 68.84平米 | 南 北,https://ke-image.ljcdn.com/110000-inspection/6b95d65e-1a62-4fa6-aac1-8901d45964f0_1000.jpg!m_fill,w_280,h_210,f_jpg?from=ke.com
20241023,石景山,苹果园,101124287446,海特花园西区 电梯房钢混结构 满五年唯一公司产权必看好房,348万,38025元/平,低楼层 (共18层) 2室1厅 | 91.52平米 | 南,https://ke-image.ljcdn.com/110000-inspection/pc1_rQkAOc3vv.jpg!m_fill,w_280,h_210,f_jpg?from=ke.com
20241023,石景山,苹果园,101124224059,金福苑小区温馨两居室 房子南北通透 全明格局必看好房,336万,44014元/平,中楼层 (共7层) | 2002年 | 2室1厅 | 76.34平米 | 南 北,https://ke-image.ljcdn.com/110000-inspection/pc1_cHLvxtMTj.jpg!m_fill,w_280,h_210,f_jpg?from=ke.com
20241023,石景山,苹果园,101123960549,苹果园 西井二区 南北通透两居室 中间楼层,179万,36140元/平,中楼层 (共5层) | 1982年 | 2室1厅 | 49.53平米 | 南 北,https://ke-image.ljcdn.com/110000-inspection/pc1_HfAQjvQmB.jpg!m_fill,w_280,h_210,f_jpg?from=ke.com
20241023,石景山,苹果园,101123814844,苹果园小区一区 2室1厅 南 北必看好房,252万,43652元/平,中楼层 (共14层) | 2000年 | 2室1厅 | 57.73平米 | 南 北,https://ke-image.ljcdn.com/110000-inspection/pc1_0P14LxnBW_1.jpg!m_fill,w_280,h_210,f_jpg?from=ke.com
20241023,石景山,苹果园,101123719922,海特花园西区 南北两居室 低楼层出入方便 满五年唯一,399万,45548元/平,低楼层 (共6层) 2室1厅 | 87.6平米 | 南 北,https://ke-image.ljcdn.com/110000-inspection/124f4745-b968-4a73-a1ce-682083a126af_1000.jpg!m_fill,w_280,h_210,f_jpg?from=ke.com
20241023,石景山,苹果园,101123697985,模式口北里  南北通透中间层  精装修采光充足,313万,30663元/平,低楼层 (共3层) | 1993年 | 2室2厅 | 102.08平米 | 南 北,https://ke-image.ljcdn.com/110000-inspection/pc1_6Sx5KtpYF.jpg!m_fill,w_280,h_210,f_jpg?from=ke.com
20241023,石景山,苹果园,101123618443,海特花园西区 全明格局南北两居室 精装修三年必看好房,339万,46306元/平,中楼层 (共5层) | 1997年 | 2室1厅 | 73.21平米 | 东 南 北,https://ke-image.ljcdn.com/110000-inspection/1e42aca1-1337-47b0-be3b-d1ce09b9c2d8_1000.jpg!m_fill,w_280,h_210,f_jpg?from=ke.com
20241023,石景山,苹果园,101123155611,金福苑正规一居 全南向 采光视野好必看好房,170万,32902元/平,顶层 (共7层) | 1996年 | 1室1厅 | 51.67平米 | 南,https://ke-image.ljcdn.com/110000-inspection/d70f2b34-a5b2-4d6f-a536-d5a19de47e5f_1000.jpg!m_fill,w_280,h_210,f_jpg?from=ke.com
20241023,石景山,苹果园,101123123443,模式口中里精装修南北通透正规两居室满五年唯一房主自荐,219万,35069元/平,顶层 (共6层) 2室1厅 | 62.45平米 | 南 北,https://ke-image.ljcdn.com/110000-inspection/a743aa19-becb-45a0-9488-2ecc7e8abf0a_1000.jpg!m_fill,w_280,h_210,f_jpg?from=ke.com
20241023,石景山,苹果园,101121971853,楼龄新环境好全南向采光好近地铁出行方便必看好房,377万,54355元/平,中楼层 (共12层) | 2019年 | 2室1厅 | 69.36平米 | 南,https://ke-image.ljcdn.com/110000-inspection/pc1_A3lN1c4Gk_1.jpg!m_fill,w_280,h_210,f_jpg?from=ke.com
20241023,石景山,苹果园,101127150990,模式口东里小区温馨两居室 低楼层 南北通透必看好房,199万,35498元/平,底层 (共6层) | 1991年 | 2室1厅 | 56.06平米 | 南 北,https://ke-image.ljcdn.com/110000-inspection/pc1_iTrCver6F.jpg!m_fill,w_280,h_210,f_jpg?from=ke.com
20241023,石景山,苹果园,101127114203,金顶街四区 南北通透 看房方便 随时可以签约必看好房,329万,45739元/平,中楼层 (共6层) | 1999年 | 2室1厅 | 71.93平米 | 南 北,https://ke-image.ljcdn.com/110000-inspection/pc1_taVz0XBIF.jpg!m_fill,w_280,h_210,f_jpg?from=ke.com
20241023,石景山,苹果园,101127082413,模式口北里  东西通透 交通方便必看好房,229万,32386元/平,底层 (共6层) 2室1厅 | 70.71平米 | 东 西,https://ke-image.ljcdn.com/110000-inspection/363760ec-7ba5-4fdf-8aef-9dd018ccd418_1000.jpg!m_fill,w_280,h_210,f_jpg?from=ke.com
20241023,石景山,苹果园,101127017230,苹果园小区一区 2室1厅 东 西必看好房,210万,37716元/平,底层 (共6层) | 1985年 | 2室1厅 | 55.68平米 | 东 西,https://ke-image.ljcdn.com/110000-inspection/pc1_I9zcStsyi.jpg!m_fill,w_280,h_210,f_jpg?from=ke.com
20241023,石景山,苹果园,101126818992,赵山 2室1厅 西南 东,225万,37950元/平,中楼层 (共6层) 2室1厅 | 59.29平米 | 西南 东,https://ke-image.ljcdn.com/110000-inspection/pc1_TV0R3S2D1.jpg!m_fill,w_280,h_210,f_jpg?from=ke.com
20241023,石景山,苹果园,101126811338,苹果园小区三区南北通透板楼近地铁必看好房,310万,44695元/平,底层 (共6层) | 1999年 | 2室1厅 | 69.36平米 | 南 北,https://ke-image.ljcdn.com/110000-inspection/pc1_8uSWZTRgQ.jpg!m_fill,w_280,h_210,f_jpg?from=ke.com
20241023,石景山,苹果园,101126583009,模式口西里满五唯一门口位置诚心出售正规两居必看好房,182万,29195元/平,顶层 (共16层) | 1987年 | 2室1厅 | 62.34平米 | 南,https://ke-image.ljcdn.com/110000-inspection/pc1_p3JGfYGaU.jpg!m_fill,w_280,h_210,f_jpg?from=ke.com
20241023,石景山,苹果园,101126575640,模式口北里小三层双阳台南北通透两居室必看好房,298万,29349元/平,低楼层 (共3层) 2室2厅 | 101.54平米 | 南 北,https://ke-image.ljcdn.com/110000-inspection/pc1_TGuxTjiLt_1.jpg!m_fill,w_280,h_210,f_jpg?from=ke.com
20241023,石景山,苹果园,101126458212,金顶街四区满五唯一商品房精装修全南向中间楼必看好房,248万,38915元/平,低楼层 (共6层) | 1999年 | 1室1厅 | 63.73平米 | 南,https://ke-image.ljcdn.com/110000-inspection/pc1_o8NEeI6fh.jpg!m_fill,w_280,h_210,f_jpg?from=ke.com
20241023,石景山,苹果园,101126456948,模式口西里30万精装修小区门口位置正规三室两必看好房,266万,40987元/平,顶层 (共16层) | 1988年 | 3室1厅 | 64.9平米 | 西 东北,https://ke-image.ljcdn.com/110000-inspection/pc1_JFNw4lqC9_1.jpg!m_fill,w_280,h_210,f_jpg?from=ke.com
20241023,石景山,苹果园,101126450379,金福苑小区温馨两居室 精装修 满五年唯一,356万,46634元/平,中楼层 (共7层) | 2002年 | 2室1厅 | 76.34平米 | 南 北,https://ke-image.ljcdn.com/110000-inspection/pc1_sz7OcdSVU.jpg!m_fill,w_280,h_210,f_jpg?from=ke.com
20241023,石景山,苹果园,101126446732,满五年唯一南北通透6号线杨庄站1公里采光好,229.8万,37366元/平,高楼层 (共6层) 2室1厅 | 61.5平米 | 南 北,https://ke-image.ljcdn.com/110000-inspection/d59a36e0-79ee-4f78-91eb-e3303ec3092b_1000.jpg!m_fill,w_280,h_210,f_jpg?from=ke.com
20241023,石景山,苹果园,101126363926,金顶街四区满五唯一商品房精装修全南向必看好房,209万,32795元/平,顶层 (共6层) | 1999年 | 1室1厅 | 63.73平米 | 南,https://ke-image.ljcdn.com/110000-inspection/pc1_M4YP6UBkk.jpg!m_fill,w_280,h_210,f_jpg?from=ke.com
20241023,石景山,苹果园,101126321438,海特花园东区南北通透高层大两居必看好房,338万,35996元/平,高楼层 (共7层) | 2001年 | 2室1厅 | 93.9平米 | 南 北,https://ke-image.ljcdn.com/110000-inspection/pc1_VNK5VXVvo.jpg!m_fill,w_280,h_210,f_jpg?from=ke.com
20241023,石景山,苹果园,101126310365,苹果园二区20号院精装修两室两厅,279万,52682元/平,底层 (共6层) | 2011年 | 2室2厅 | 52.96平米 | 南 北,https://ke-image.ljcdn.com/110000-inspection/5bfbd058-c786-4a64-8e59-ac0738b02baf_1000.jpg!m_fill,w_280,h_210,f_jpg?from=ke.com
20241023,石景山,苹果园,101126239407,西山枫林三期  南北通透三居室  精装修  无遮挡必看好房,548万,50503元/平,低楼层 (共10层) 3室1厅 | 108.51平米 | 南 北,https://ke-image.ljcdn.com/110000-inspection/7b439d7b-052d-4838-9926-9f244636014a_1000.jpg!m_fill,w_280,h_210,f_jpg?from=ke.com
20241023,石景山,苹果园,101126057829,青年公寓 近地铁 南向一居室 采光好  楼龄新必看好房,145万,32309元/平,中楼层 (共14层) | 1997年 | 1室0厅 | 44.88平米 | 南,https://ke-image.ljcdn.com/110000-inspection/pc1_7aNDSRoH4.jpg!m_fill,w_280,h_210,f_jpg?from=ke.com
20241023,石景山,苹果园,101126030405,苹果园小区一区 2室0厅 南必看好房,198万,39435元/平,底层 (共16层) | 1989年 | 2室0厅 | 50.21平米 | 南,https://ke-image.ljcdn.com/110000-inspection/pc1_5Esa9HBfg.jpg!m_fill,w_280,h_210,f_jpg?from=ke.com
20241023,石景山,苹果园,101125995236,海特花园西区 带电梯次顶层 视野宽阔 看房方便必看好房,307万,31742元/平,高楼层 (共18层) | 1995年 | 2室1厅 | 96.72平米 | 西南 北,https://ke-image.ljcdn.com/110000-inspection/pc1_ssqwobxrQ_1.jpg!m_fill,w_280,h_210,f_jpg?from=ke.com
20241023,石景山,苹果园,101125877053,苹果园小区一区 2室1厅 南 北必看好房,242万,43354元/平,底层 (共6层) | 1987年 | 2室1厅 | 55.82平米 | 南 北,https://ke-image.ljcdn.com/110000-inspection/pc1_wCrz7ZiDU.jpg!m_fill,w_280,h_210,f_jpg?from=ke.com
20241023,石景山,苹果园,101125580740,随时可看精装低楼层两居室业主诚心出售房主自荐,273万,40219元/平,低楼层 (共6层) | 1998年 | 2室1厅 | 67.88平米 | 南 北,https://ke-image.ljcdn.com/110000-inspection/e7ccb24d-6814-4a73-9ad0-6e1ed6606a76_1000.jpg!m_fill,w_280,h_210,f_jpg?from=ke.com
20241023,石景山,苹果园,101125573121,海特花园 满五唯一商品房 南北通透 采光好必看好房,355万,38234元/平,中楼层 (共7层) | 1995年 | 2室2厅 | 92.85平米 | 南 北,https://ke-image.ljcdn.com/110000-inspection/pc1_BpUMYqnWM_1.jpg!m_fill,w_280,h_210,f_jpg?from=ke.com
20241023,石景山,苹果园,101125565275,海特花园   两居室 不临街 有钥匙随时可看必看好房,313万,35284元/平,高楼层 (共7层) | 1995年 | 2室2厅 | 88.71平米 | 南 北,https://ke-image.ljcdn.com/110000-inspection/pc1_iXSsTMiFL.jpg!m_fill,w_280,h_210,f_jpg?from=ke.com
20241023,石景山,苹果园,101125416830,海特花园东区南北通透两居室中间层户型方正必看好房,406万,48875元/平,中楼层 (共7层) | 1999年 | 2室1厅 | 83.07平米 | 南 北,https://ke-image.ljcdn.com/110000-inspection/pc1_CSGPCdMXA_1.jpg!m_fill,w_280,h_210,f_jpg?from=ke.com
20241023,石景山,苹果园,101125313235,西山枫林四期  商品房精装修 南北户型必看好房,388万,40379元/平,顶层 (共6层) | 2008年 | 3室2厅 | 96.09平米 | 南 北,https://ke-image.ljcdn.com/110000-inspection/d01e9345-3cb6-4f6f-8660-545e72cb548c_1000.jpg!m_fill,w_280,h_210,f_jpg?from=ke.com
20241023,石景山,苹果园,101125295758,此房满五年唯一南北通透中间楼层近地铁钥匙房必看好房,617万,55526元/平,低楼层 (共16层) 2室1厅 | 111.12平米 | 南 北,https://ke-image.ljcdn.com/110000-inspection/pc1_elkpgy0cR_1.jpg!m_fill,w_280,h_210,f_jpg?from=ke.com
20241023,石景山,苹果园,101125236323,金福苑南北通透中间层精装修两居室必看好房,270万,42050元/平,中楼层 (共7层) | 1996年 | 2室1厅 | 64.21平米 | 南 北,https://ke-image.ljcdn.com/110000-inspection/a6917d31-0869-45b1-b87d-84fb168efba9_1000.jpg!m_fill,w_280,h_210,f_jpg?from=ke.com
20241023,石景山,苹果园,101125082420,西井三区的两居室满五年唯一商品房,238万,33507元/平,高楼层 (共6层) | 1991年 | 2室1厅 | 71.03平米 | 东 西,https://ke-image.ljcdn.com/110000-inspection/bb7ac03f-456b-4ff4-b6ec-cd6483456692_1000.jpg!m_fill,w_280,h_210,f_jpg?from=ke.com
20241023,石景山,苹果园,101124944017,西井二区 三居 精装 西黄村地铁900米（高德）必看好房,239万,34896元/平,顶层 (共6层) | 1980年 | 3室1厅 | 68.49平米 | 南 北,https://ke-image.ljcdn.com/110000-inspection/pc1_tdtmBZBfd.jpg!m_fill,w_280,h_210,f_jpg?from=ke.com
20241023,石景山,苹果园,101124927001,地铁口洋房社区眼镜户型三居净层高2.8米必看好房,909万,56327元/平,中楼层 (共9层) 3室2厅 | 161.38平米 | 南 北,https://ke-image.ljcdn.com/110000-inspection/pc1_KlPESnQ2w.jpg!m_fill,w_280,h_210,f_jpg?from=ke.com
20241023,石景山,苹果园,101124745215,近地铁洋房社区复式一梯两户全明格局大面宽房主自荐,1191万,56647元/平,高楼层 (共6层) 4室3厅 | 210.25平米 | 南 北,https://ke-image.ljcdn.com/110000-inspection/pc1_ArY2LwSs9.jpg!m_fill,w_280,h_210,f_jpg?from=ke.com
20241023,石景山,苹果园,101122890877,雍景双庐一居室近地铁2007年房龄,295万,41486元/平,低楼层 (共25层) | 2007年 | 1室1厅 | 71.11平米 | 西,https://ke-image.ljcdn.com/110000-inspection/pc1_u1Hct87BB_1.jpg!m_fill,w_280,h_210,f_jpg?from=ke.com
20241023,石景山,苹果园,101124958370,2019年社区南北通透三居室,581万,52689元/平,低楼层 (共28层) 3室2厅 | 110.27平米 | 南 北,https://s1.ljcdn.com/pegasus/redskull/images/common/default_house_list.png?_v=202410161653269
20241023,石景山,苹果园,101127162232,西山枫林一二期 2室1厅 东 西新上,435万,46539元/平,低楼层 (共10层) | 2005年 | 2室1厅 | 93.47平米 | 东 西,https://ke-image.ljcdn.com/110000-inspection/408ebcd9-ad93-44f6-95e5-9faebf456ca9_1000.jpg!m_fill,w_280,h_210,f_jpg?from=ke.com
20241023,石景山,苹果园,101127161411,雍景四季 2室1厅 南新上,720万,63633元/平,高楼层 (共21层) 2室1厅 | 113.15平米 | 南,https://ke-image.ljcdn.com/110000-inspection/69be728c-f507-4b64-892a-24d9208a6c8b_1000.jpg!m_fill,w_280,h_210,f_jpg?from=ke.com
20241023,石景山,苹果园,101127158492,苹果园小区四区 2室1厅 南新上,160万,36077元/平,顶层 (共5层) | 1979年 | 2室1厅 | 44.35平米 | 南,https://ke-image.ljcdn.com/110000-inspection/edcc644a-9be2-4dac-8da2-0aef39581606_1000.jpg!m_fill,w_280,h_210,f_jpg?from=ke.com
20241023,石景山,苹果园,101127158475,苹果园四区精装修全南向小两居近地铁新上,190万,42842元/平,中楼层 (共5层) | 1979年 | 2室1厅 | 44.35平米 | 南,https://ke-image.ljcdn.com/110000-inspection/f281e019-63a3-491c-ba81-09fcdf79fa53_1000.jpg!m_fill,w_280,h_210,f_jpg?from=ke.com
20241023,石景山,苹果园,101127137527,金顶街三区  东南角视野采光好 近地铁新上,395万,46027元/平,中楼层 (共24层) 2室1厅 | 85.82平米 | 东南,https://ke-image.ljcdn.com/110000-inspection/619613f9-5ea7-4d00-8bde-766b5325bd0c_1000.jpg!m_fill,w_280,h_210,f_jpg?from=ke.com
20241023,石景山,苹果园,101127112019,模式口南里南北通透两居室精装修新上,245万,40909元/平,高楼层 (共6层) | 1986年 | 2室1厅 | 59.89平米 | 南 北,https://ke-image.ljcdn.com/110000-inspection/be4e68b2-d697-4587-9248-511c59aecaaa_1000.jpg!m_fill,w_280,h_210,f_jpg?from=ke.com
20241023,石景山,苹果园,101127109444,板楼南北通透两居室低楼层精装修全明格局；新上,210万,36675元/平,底层 (共6层) | 1990年 | 2室1厅 | 57.26平米 | 南 北,https://ke-image.ljcdn.com/110000-inspection/5997d3de-9c72-42f7-93e9-721029ac78f7_1000.jpg!m_fill,w_280,h_210,f_jpg?from=ke.com
20241023,石景山,苹果园,101127093367,金顶阳光带电梯三面有窗户中间楼层两居室新上,425万,47370元/平,中楼层 (共21层) | 2009年 | 2室1厅 | 89.72平米 | 东 南 北,https://ke-image.ljcdn.com/110000-inspection/d1ff5717-10b6-427b-b8ae-86d088fd7c9f_1000.jpg!m_fill,w_280,h_210,f_jpg?from=ke.com
20241023,石景山,苹果园,101127087162,满五唯一 下楼地铁 正对花园 视野棒,850万,57220元/平,低楼层 (共16层) 3室1厅 | 148.55平米 | 东南,https://ke-image.ljcdn.com/110000-inspection/700c35f6-e08a-4ade-8e6b-26dbec209200_1000.jpg!m_fill,w_280,h_210,f_jpg?from=ke.com
20241023,石景山,苹果园,101127068426,金顶街模式口首钢小区全南向电梯房诚心出售,265万,42084元/平,中楼层 (共16层) | 1987年 | 2室1厅 | 62.97平米 | 南 西南,https://ke-image.ljcdn.com/110000-inspection/03a0094e-787b-4193-b8ca-2dcfd7739ac8_1000.jpg!m_fill,w_280,h_210,f_jpg?from=ke.com
20241023,石景山,苹果园,101127055699,特花园西区 2室1厅 三面朝南带电梯杨庄地铁,430万,45098元/平,高楼层 (共18层) | 1999年 | 2室1厅 | 95.35平米 | 南,https://ke-image.ljcdn.com/110000-inspection/58e5a691-4ec6-470b-aa38-5c12a7315f3b_1000.jpg!m_fill,w_280,h_210,f_jpg?from=ke.com
20241023,石景山,苹果园,101127031141,石景山模式口西里电梯房诚心出售,210万,37696元/平,低楼层 (共16层) | 1990年 | 2室1厅 | 55.71平米 | 东南,https://ke-image.ljcdn.com/110000-inspection/180aa14d-663f-4052-a068-7f547da99b83_1000.jpg!m_fill,w_280,h_210,f_jpg?from=ke.com
20241023,石景山,苹果园,101127018961,模式口西里 2室1厅 南 北房主自荐,210万,34483元/平,中楼层 (共6层) | 1990年 | 2室1厅 | 60.9平米 | 南 北,https://ke-image.ljcdn.com/110000-inspection/ca73dd45-de65-4cfb-b142-700ec500ca88_1000.jpg!m_fill,w_280,h_210,f_jpg?from=ke.com
20241023,石景山,苹果园,101126980724,模式口东里小区温馨两居室 南北通透 低楼层,198万,33172元/平,低楼层 (共6层) | 1991年 | 2室1厅 | 59.69平米 | 南 北,https://ke-image.ljcdn.com/110000-inspection/6adffd6d-2b0e-4a1b-b1d8-e11de6a5d407_1000.jpg!m_fill,w_280,h_210,f_jpg?from=ke.com
20241023,石景山,苹果园,101126975182,近地铁！次新小区海特花园东区电梯改善三居随时可看,698万,53950元/平,高楼层 (共18层) | 2002年 | 3室1厅 | 129.38平米 | 西,https://ke-image.ljcdn.com/110000-inspection/a15a263e-4abb-4119-bace-140ac8a28c93_1000.jpg!m_fill,w_280,h_210,f_jpg?from=ke.com
20241023,石景山,苹果园,101126967676,M11号线带电梯东南向两居室中间楼层诚心出售；,200万,31762元/平,中楼层 (共16层) | 1988年 | 2室1厅 | 62.97平米 | 东南,https://ke-image.ljcdn.com/110000-inspection/ae9b366a-b9d6-4e1a-bd24-60ca2add6852_1000.jpg!m_fill,w_280,h_210,f_jpg?from=ke.com
20241023,石景山,苹果园,101126964676,苹果园小区三区 2室1厅 南,325万,39736元/平,高楼层 (共16层) | 1995年 | 2室1厅 | 81.79平米 | 南,https://ke-image.ljcdn.com/110000-inspection/9d84493c-21f4-40be-ba61-a831ce72b25f_1000.jpg!m_fill,w_280,h_210,f_jpg?from=ke.com
20241023,石景山,苹果园,101126956975,西井小区四区 满五唯一商品房低楼层精装修近地铁,289万,46546元/平,低楼层 (共6层) | 1994年 | 2室1厅 | 62.09平米 | 南 北,https://ke-image.ljcdn.com/110000-inspection/b4475c76-3195-4a3c-9452-ad12bc1ecac4_1000.jpg!m_fill,w_280,h_210,f_jpg?from=ke.com
20241023,石景山,苹果园,101126949753,模式口西里坡下电梯房近地铁,228万,35131元/平,低楼层 (共16层) | 1988年 | 2室1厅 | 64.9平米 | 西北,https://ke-image.ljcdn.com/110000-inspection/c3fad5ae-4edb-4895-8db2-9bd11fc2a276_1000.jpg!m_fill,w_280,h_210,f_jpg?from=ke.com
20241023,石景山,苹果园,101126947038,模式口东里 2室2厅 南 北,420万,41298元/平,低楼层 (共3层) | 1993年 | 2室2厅 | 101.7平米 | 南 北,https://ke-image.ljcdn.com/110000-inspection/3f7660ce-1907-4d6c-a897-8aadd7851f80_1000.jpg!m_fill,w_280,h_210,f_jpg?from=ke.com
20241023,石景山,苹果园,101126946566,金顶街二区中间楼层采光好视野开阔,405万,42471元/平,中楼层 (共18层) 2室1厅 | 95.36平米 | 东北,https://ke-image.ljcdn.com/110000-inspection/2c080edf-683c-40f4-a3ac-0327d877c794_1000.jpg!m_fill,w_280,h_210,f_jpg?from=ke.com
20241023,石景山,苹果园,101126934125,满五唯一商品房中间层南北通透明厨明卫,228万,41037元/平,中楼层 (共6层) | 1980年 | 2室1厅 | 55.56平米 | 南 北,https://ke-image.ljcdn.com/110000-inspection/b10d48f0-2cc3-4d96-9e71-10a8a7ba6c6e_1000.jpg!m_fill,w_280,h_210,f_jpg?from=ke.com
20241023,石景山,苹果园,101126927526,模式口东里坡下两居 户型方正 三层靠谱出售房主自荐,465万,45625元/平,顶层 (共3层) | 1993年 | 2室2厅 | 101.92平米 | 南 北,https://ke-image.ljcdn.com/110000-inspection/afb84421-50d6-490d-97b5-52a810710a02_1000.jpg!m_fill,w_280,h_210,f_jpg?from=ke.com
20241023,石景山,苹果园,101126916616,此房精装修周边配套齐全近地铁业主诚心出售,308万,45069元/平,低楼层 (共24层) 1室1厅 | 68.34平米 | 西,https://ke-image.ljcdn.com/110000-inspection/435c1d96-1b49-42dd-aef4-352a952d6033_1000.jpg!m_fill,w_280,h_210,f_jpg?from=ke.com
20241023,石景山,苹果园,101126906139,西山枫林四期南北双卫三居室 精装修商品房小区安静,545万,44897元/平,顶层 (共6层) 3室1厅 | 121.39平米 | 南 北,https://ke-image.ljcdn.com/110000-inspection/1e958efe-0de1-400d-94fd-07c456600070_1000.jpg!m_fill,w_280,h_210,f_jpg?from=ke.com
20241023,石景山,苹果园,101126905185,海特花园东区 满五年唯一商品房 2002年电梯房,495万,48237元/平,中楼层 (共18层) | 2002年 | 2室2厅 | 102.62平米 | 东北,https://ke-image.ljcdn.com/110000-inspection/f5c54e72-74bd-452d-b1b5-3fa0ba0f2e2b_1000.jpg!m_fill,w_280,h_210,f_jpg?from=ke.com
20241023,石景山,苹果园,101126883044,此房正规两室一厅中楼层交通方便近地铁房主自荐,439万,44228元/平,中楼层 (共24层) | 2005年 | 2室2厅 | 99.26平米 | 西南,https://ke-image.ljcdn.com/110000-inspection/0d24ff5c-1a00-4ac5-8c89-ef3fe71ba618_1000.jpg!m_fill,w_280,h_210,f_jpg?from=ke.com
20241023,石景山,苹果园,101126876101,户型方正三居室/无遮挡采光充足/6号线地铁/,246万,32519元/平,高楼层 (共6层) | 1983年 | 3室1厅 | 75.65平米 | 东南,https://ke-image.ljcdn.com/110000-inspection/95505c94-363e-4154-8bcb-a0b27bc38c3f_1000.jpg!m_fill,w_280,h_210,f_jpg?from=ke.com
20241023,石景山,苹果园,101126850811,苹果园一区 电梯两居室 精装修,310万,53019元/平,中楼层 (共16层) | 1989年 | 2室1厅 | 58.47平米 | 南,https://ke-image.ljcdn.com/110000-inspection/pc1_cjjXpSxH6_1.jpg!m_fill,w_280,h_210,f_jpg?from=ke.com
20241023,石景山,苹果园,101126806896,海特东区 满五唯一 电梯房 中间层 有钥匙 04年,270万,43270元/平,中楼层 (共18层) | 2004年 | 1室0厅 | 62.4平米 | 东,https://ke-image.ljcdn.com/110000-inspection/pc1_nQhd26NOR_1.jpg!m_fill,w_280,h_210,f_jpg?from=ke.com
20241023,石景山,苹果园,101126795522,林业楼南北向两居室2层装修好,230万,42831元/平,中楼层 (共5层) | 1985年 | 2室1厅 | 53.7平米 | 南 北,https://ke-image.ljcdn.com/110000-inspection/6fcac488-3ad5-4264-ac69-dba4d800c422_1000.jpg!m_fill,w_280,h_210,f_jpg?from=ke.com
20241023,石景山,苹果园,101126793813,雍景四季 小区中间  前后花园  精装修,699万,61881元/平,中楼层 (共21层) 2室1厅 | 112.96平米 | 南,https://ke-image.ljcdn.com/110000-inspection/18138ca2-6abb-4e52-b53e-e8d4f74cda42_1000.jpg!m_fill,w_280,h_210,f_jpg?from=ke.com
20241023,石景山,苹果园,101126782356,广宁村 2室1厅 西南,293万,39686元/平,低楼层 (共18层) 2室1厅 | 73.83平米 | 西南,https://ke-image.ljcdn.com/110000-inspection/pc1_F7gguR6KE.jpg!m_fill,w_280,h_210,f_jpg?from=ke.com
20241023,石景山,苹果园,101126781480,模式口北里 中间层两居 看房有钥匙 业主诚心出售,249万,33994元/平,中楼层 (共6层) | 1996年 | 2室2厅 | 73.25平米 | 东 西,https://ke-image.ljcdn.com/110000-inspection/pc1_2DVOTjwvN_1.jpg!m_fill,w_280,h_210,f_jpg?from=ke.com
20241023,石景山,苹果园,101126770796,此房满五年南北通透格局高楼层采光好视野宽阔,546万,52035元/平,顶层 (共10层) | 2006年 | 3室1厅 | 104.93平米 | 南 北,https://ke-image.ljcdn.com/110000-inspection/pc1_MpUqTiuUI_1.jpg!m_fill,w_280,h_210,f_jpg?from=ke.com
20241023,石景山,苹果园,101126747022,金福苑小区温馨两居室 西南朝向 采光好,275万,39815元/平,高楼层 (共7层) | 1995年 | 2室1厅 | 69.07平米 | 西南,https://ke-image.ljcdn.com/110000-inspection/pc1_LykiYqXnY_1.jpg!m_fill,w_280,h_210,f_jpg?from=ke.com
20241023,石景山,苹果园,101126739214,金顶阳光 2室1厅 南 北,468万,52128元/平,中楼层 (共21层) | 2009年 | 2室1厅 | 89.78平米 | 南 北,https://ke-image.ljcdn.com/110000-inspection/pc1_Y4h3bNWKb_1.jpg!m_fill,w_280,h_210,f_jpg?from=ke.com
20241023,石景山,苹果园,101126732953,带电梯朝南向两居室门口位置满五年唯一诚心出售,198万,33864元/平,中楼层 (共16层) | 1988年 | 2室1厅 | 58.47平米 | 南,https://ke-image.ljcdn.com/110000-inspection/f79de87d-09a6-4d21-a6ad-74ffdf8600d9_1000.jpg!m_fill,w_280,h_210,f_jpg?from=ke.com
20241023,石景山,苹果园,101126732385,苹果园小区二区 3室1厅 东 南 北,398万,46425元/平,低楼层 (共16层) | 1994年 | 3室1厅 | 85.73平米 | 东 南 北,https://ke-image.ljcdn.com/110000-inspection/pc1_fqRqr1yrt_1.jpg!m_fill,w_280,h_210,f_jpg?from=ke.com
20241023,石景山,苹果园,101126731291,海特福雅居  高楼层 一居室人车分流.04年商品房,288万,46154元/平,高楼层 (共18层) | 2004年 | 1室1厅 | 62.4平米 | 东,https://ke-image.ljcdn.com/110000-inspection/0f16c68a-0b66-4dfb-8466-21ec63ad780f_1000.jpg!m_fill,w_280,h_210,f_jpg?from=ke.com
20241023,石景山,苹果园,101126730786,金顶街三区 近地铁  满五唯一 双卧朝南 采光好,395万,47677元/平,高楼层 (共24层) 2室1厅 | 82.85平米 | 南,https://ke-image.ljcdn.com/110000-inspection/b3795e8c-8852-41a5-9f3e-10f47bd5872c_1000.jpg!m_fill,w_280,h_210,f_jpg?from=ke.com
20241023,石景山,苹果园,101126725869,苹果园小区二区 2室1厅 南,315万,38933元/平,顶层 (共16层) | 1995年 | 2室1厅 | 80.91平米 | 南,https://ke-image.ljcdn.com/110000-inspection/pc1_iq8W4EmZs_1.jpg!m_fill,w_280,h_210,f_jpg?from=ke.com
20241023,石景山,苹果园,101126721345,模式口东里小三层 中间层 全明格局靠谱出售,399万,39295元/平,低楼层 (共3层) | 1993年 | 2室1厅 | 101.54平米 | 东 西,https://ke-image.ljcdn.com/110000-inspection/pc1_FgC6OQCyw_1.jpg!m_fill,w_280,h_210,f_jpg?from=ke.com
20241023,石景山,苹果园,101126720882,海特花园东区 小户型 04年建成 看房方便,235万,39516元/平,低楼层 (共18层) | 2004年 | 1室0厅 | 59.47平米 | 西,https://ke-image.ljcdn.com/110000-inspection/pc1_HEsjOq3eN_1.jpg!m_fill,w_280,h_210,f_jpg?from=ke.com
20241023,石景山,苹果园,101126707478,金福苑 2室2厅 南 北,365万,40484元/平,高楼层 (共6层) | 1997年 | 2室2厅 | 90.16平米 | 南 北,https://ke-image.ljcdn.com/110000-inspection/pc1_XuC3zVWGe.jpg!m_fill,w_280,h_210,f_jpg?from=ke.com
20241023,石景山,苹果园,101126707389,苹果园小区四区 南北通透三居室 近地铁大悦城,275万,45864元/平,中楼层 (共5层) | 1979年 | 3室1厅 | 59.96平米 | 南 北,https://ke-image.ljcdn.com/110000-inspection/pc1_N7rvQmS7L_1.jpg!m_fill,w_280,h_210,f_jpg?from=ke.com
20241023,石景山,苹果园,101126705373,此房满五唯一中间楼层采光充足配套齐全近地铁房主自荐,438万,42870元/平,中楼层 (共18层) 2室1厅 | 102.17平米 | 西,https://ke-image.ljcdn.com/110000-inspection/pc1_QNufOLCuN_1.jpg!m_fill,w_280,h_210,f_jpg?from=ke.com
20241023,石景山,苹果园,101126695219,房子满五唯一南北通透一层不用爬楼梯使用率高,419万,50060元/平,底层 (共6层) | 1994年 | 2室2厅 | 83.7平米 | 南 北,https://ke-image.ljcdn.com/110000-inspection/pc1_9cotGD27B_1.jpg!m_fill,w_280,h_210,f_jpg?from=ke.com
20241023,石景山,苹果园,101126672114,海特花园西区 南北通透精装修两居室 看房方便,339万,44913元/平,高楼层 (共6层) | 1997年 | 2室1厅 | 75.48平米 | 南 北,https://ke-image.ljcdn.com/110000-inspection/pc1_TqjUcCoU3_1.jpg!m_fill,w_280,h_210,f_jpg?from=ke.com
20241023,石景山,苹果园,101126661146,雍景双庐 2室1厅 南,468万,47078元/平,中楼层 (共25层) | 2007年 | 2室1厅 | 99.41平米 | 南,https://ke-image.ljcdn.com/110000-inspection/pc1_ZbvpfN9o5.jpg!m_fill,w_280,h_210,f_jpg?from=ke.com
20241023,石景山,苹果园,101126650398,林业楼 2室1厅 西,212万,37285元/平,低楼层 (共6层) 2室1厅 | 56.86平米 | 西,https://ke-image.ljcdn.com/110000-inspection/23a18d12-b966-43ec-bd9b-eea895be942c_1000.jpg!m_fill,w_280,h_210,f_jpg?from=ke.com
20241023,石景山,苹果园,101126649459,西井小区四区 3室1厅 南 北,370万,43296元/平,高楼层 (共6层) | 1994年 | 3室1厅 | 85.46平米 | 南 北,https://ke-image.ljcdn.com/110000-inspection/pc1_BNgivgABI_1.jpg!m_fill,w_280,h_210,f_jpg?from=ke.com
20241023,石景山,苹果园,101126644774,海特花园西区 正规一居 首付37万,178万,32848元/平,顶层 (共6层) | 1994年 | 1室1厅 | 54.19平米 | 东 西,https://ke-image.ljcdn.com/110000-inspection/pc1_SkNfAAIUe_1.jpg!m_fill,w_280,h_210,f_jpg?from=ke.com
20241023,石景山,苹果园,101126640479,苹果园小区一区 2室1厅 南 北,268万,45370元/平,中楼层 (共6层) | 1985年 | 2室1厅 | 59.07平米 | 南 北,https://ke-image.ljcdn.com/110000-inspection/pc1_xUy6rkgbp_1.jpg!m_fill,w_280,h_210,f_jpg?from=ke.com
20241023,石景山,苹果园,101126633931,金顶阳光中间位置低楼层东南朝向两居室房主自荐,358万,40009元/平,底层 (共21层) | 2009年 | 2室1厅 | 89.48平米 | 东 南 北,https://ke-image.ljcdn.com/110000-inspection/83d85a3c-cdaa-45ae-bc5c-36ec2d3eb2dd_1000.jpg!m_fill,w_280,h_210,f_jpg?from=ke.com
20241023,石景山,苹果园,101126630087,海特花园东区 2室1厅 南 北,420万,54334元/平,中楼层 (共7层) 2室1厅 | 77.3平米 | 南 北,https://ke-image.ljcdn.com/110000-inspection/pc1_UddoBcIMv_1.jpg!m_fill,w_280,h_210,f_jpg?from=ke.com
20241023,石景山,苹果园,101126628056,海特花园东区 2室1厅 东,510万,53730元/平,中楼层 (共18层) | 2004年 | 2室1厅 | 94.92平米 | 东,https://ke-image.ljcdn.com/110000-inspection/pc1_Qn9v24KWG_1.jpg!m_fill,w_280,h_210,f_jpg?from=ke.com
20241023,石景山,苹果园,101126625212,特花园西区 2室1厅 西南朝向杨庄地铁,399万,46558元/平,高楼层 (共18层) | 1999年 | 2室1厅 | 85.7平米 | 西 南,https://ke-image.ljcdn.com/110000-inspection/pc1_o9984dn14_1.jpg!m_fill,w_280,h_210,f_jpg?from=ke.com
20241023,石景山,苹果园,101126622597,模式口西里 2室1厅 南 北,199万,32035元/平,高楼层 (共6层) | 1987年 | 2室1厅 | 62.12平米 | 南 北,https://ke-image.ljcdn.com/110000-inspection/fcc0ea66-2c73-46f3-9b4c-b0982e0d390a_1000.jpg!m_fill,w_280,h_210,f_jpg?from=ke.com
20241023,石景山,苹果园,101126597810,金福苑中间层大两居好房诚心出售！房主自荐,350万,40491元/平,中楼层 (共6层) | 1997年 | 2室2厅 | 86.44平米 | 西南,https://ke-image.ljcdn.com/110000-inspection/pc1_kfw6Domyz_1.jpg!m_fill,w_280,h_210,f_jpg?from=ke.com
20241023,石景山,苹果园,101126597721,琳琅庄园 2室2厅 东南,498万,43750元/平,中楼层 (共16层) | 2003年 | 2室2厅 | 113.83平米 | 东南,https://ke-image.ljcdn.com/110000-inspection/cb95ebed-77d1-4aab-934e-3c8eb68e4fd9_1000.jpg!m_fill,w_280,h_210,f_jpg?from=ke.com
20241023,石景山,苹果园,101126594038,金顶街一区 3室1厅 南 北,330万,57582元/平,底层 (共6层) | 1980年 | 3室1厅 | 57.31平米 | 南 北,https://ke-image.ljcdn.com/110000-inspection/pc1_CUKMdT8Lp_1.jpg!m_fill,w_280,h_210,f_jpg?from=ke.com
20241023,石景山,苹果园,101126584601,金顶阳光在售高楼层   满五年唯一商品房  视野好,450万,49785元/平,中楼层 (共21层) | 2009年 | 2室1厅 | 90.39平米 | 南 北,https://ke-image.ljcdn.com/110000-inspection/pc1_r1h8dBiEe.jpg!m_fill,w_280,h_210,f_jpg?from=ke.com
20241023,石景山,苹果园,101126569453,科研楼 2室1厅 南 北,198万,34109元/平,中楼层 (共6层) 2室1厅 | 58.05平米 | 南 北,https://ke-image.ljcdn.com/110000-inspection/8eefb3cf-5a6f-40bc-8bcd-f6a0fab7a3cb_1000.jpg!m_fill,w_280,h_210,f_jpg?from=ke.com
20241023,石景山,苹果园,101126565091,金顶街五区 高楼层 采光视野好房主自荐,411万,41407元/平,高楼层 (共24层) | 2005年 | 2室1厅 | 99.26平米 | 西,https://ke-image.ljcdn.com/110000-inspection/eb1343cd-cf6f-4b2e-bf20-d51e40755ba3_1000.jpg!m_fill,w_280,h_210,f_jpg?from=ke.com
20241023,石景山,苹果园,101126555856,金顶街三区 2室1厅 东南,410万,41215元/平,低楼层 (共18层) | 2003年 | 2室1厅 | 99.48平米 | 东南,https://ke-image.ljcdn.com/110000-inspection/pc1_6KGWxG2fQ_1.jpg!m_fill,w_280,h_210,f_jpg?from=ke.com
20241023,石景山,苹果园,101126549815,模式口北里 中间楼层 南北两居室 精装修拎包入住,288万,41952元/平,中楼层 (共6层) | 1997年 | 2室1厅 | 68.65平米 | 南 北,https://ke-image.ljcdn.com/110000-inspection/pc1_nwAUf3Ru0_1.jpg!m_fill,w_280,h_210,f_jpg?from=ke.com
20241023,石景山,苹果园,101126507785,模式口南里 1室1厅 南,149万,34708元/平,顶层 (共6层) | 1986年 | 1室1厅 | 42.93平米 | 南,https://ke-image.ljcdn.com/110000-inspection/pc1_VxbPjtzMY_1.jpg!m_fill,w_280,h_210,f_jpg?from=ke.com
20241023,石景山,苹果园,101126505601,金顶阳光 两居室 满五年唯一 不临街 环境好,415万,46369元/平,中楼层 (共21层) | 2009年 | 2室1厅 | 89.5平米 | 东南,https://ke-image.ljcdn.com/110000-inspection/ead26161-7938-4937-b50f-3416f71663d7_1000.jpg!m_fill,w_280,h_210,f_jpg?from=ke.com
20241023,石景山,苹果园,101126488497,模式口西里 2室1厅 南,180万,32092元/平,高楼层 (共6层) 2室1厅 | 56.09平米 | 南,https://ke-image.ljcdn.com/110000-inspection/pc1_tIygvlfUy.jpg!m_fill,w_280,h_210,f_jpg?from=ke.com
20241023,石景山,苹果园,101126487912,苹果园小区一区 3室1厅 南 北房主自荐,420万,53854元/平,中楼层 (共6层) | 1985年 | 3室1厅 | 77.99平米 | 南 北,https://ke-image.ljcdn.com/110000-inspection/pc1_PXqqmOyKi.jpg!m_fill,w_280,h_210,f_jpg?from=ke.com
20241023,石景山,苹果园,101126487154,铸造村 6号线金安桥站 2021年楼龄新 电梯房,360万,38648元/平,高楼层 (共16层) | 2021年 | 2室1厅 | 93.15平米 | 南,https://ke-image.ljcdn.com/110000-inspection/d432a0df-afef-4bf5-a1d6-d74225fd37e2_1000.jpg!m_fill,w_280,h_210,f_jpg?from=ke.com
20241023,石景山,苹果园,101126484178,模式口南里 2室1厅 南,225万,36093元/平,顶层 (共16层) | 1987年 | 2室1厅 | 62.34平米 | 南,https://ke-image.ljcdn.com/110000-inspection/pc1_kSjUBU5c8_1.jpg!m_fill,w_280,h_210,f_jpg?from=ke.com
20241023,石景山,苹果园,101126476947,海特花园西区 带电梯精装修两居室 看房方便,399万,52946元/平,中楼层 (共18层) | 1999年 | 2室1厅 | 75.36平米 | 东 南,https://ke-image.ljcdn.com/110000-inspection/711dcdd4-2f0e-44d1-b766-8d7d4ba3a450_1000.jpg!m_fill,w_280,h_210,f_jpg?from=ke.com
20241023,石景山,苹果园,101126474584,苹果园小区一区,429万,49493元/平,中楼层 (共18层) | 2000年 | 3室2厅 | 86.68平米 | 东 西 北,https://ke-image.ljcdn.com/110000-inspection/pc1_mJy2ChUEV_1.jpg!m_fill,w_280,h_210,f_jpg?from=ke.com
20241023,石景山,苹果园,101126469597,苹果园近地铁西井小区一区南北通透中间楼层两居室,185万,41677元/平,中楼层 (共6层) | 1980年 | 2室1厅 | 44.39平米 | 南 北,https://ke-image.ljcdn.com/110000-inspection/pc1_bDWfRnJtn_1.jpg!m_fill,w_280,h_210,f_jpg?from=ke.com
20241023,石景山,苹果园,101126463810,西山枫林四期 精装修 正规四居室 中间层,578万,46031元/平,中楼层 (共6层) 4室2厅 | 125.57平米 | 南 北,https://ke-image.ljcdn.com/110000-inspection/3ecddf4c-11e6-4c25-a11e-4987e4b2cd17_1000.jpg!m_fill,w_280,h_210,f_jpg?from=ke.com
20241023,石景山,苹果园,101126452143,满五唯一 精装修 近地铁 中间层 改造完成房主自荐,269万,43123元/平,中楼层 (共6层) | 1996年 | 2室1厅 | 62.38平米 | 东 西,https://ke-image.ljcdn.com/110000-inspection/pc1_hLxCe1k7b_1.jpg!m_fill,w_280,h_210,f_jpg?from=ke.com
20241023,石景山,苹果园,101126436805,金顶街四区 2室1厅 西 北,369万,39751元/平,低楼层 (共18层) | 2000年 | 2室1厅 | 92.83平米 | 西 北,https://ke-image.ljcdn.com/110000-inspection/pc1_hUWsvB6Lv_1.jpg!m_fill,w_280,h_210,f_jpg?from=ke.com
20241023,石景山,苹果园,101126423201,金顶街四区带电梯双卧朝南两居室装修好,312万,42781元/平,高楼层 (共16层) | 1995年 | 2室1厅 | 72.93平米 | 南,https://ke-image.ljcdn.com/110000-inspection/pc1_R5ov36t40.jpg!m_fill,w_280,h_210,f_jpg?from=ke.com
20241023,石景山,苹果园,101126421878,金福苑大两居室精装修交通方便配套完善,275万,42829元/平,中楼层 (共7层) | 1996年 | 2室1厅 | 64.21平米 | 南 北,https://ke-image.ljcdn.com/110000-inspection/pc1_qpYkIWrI4_1.jpg!m_fill,w_280,h_210,f_jpg?from=ke.com
20241023,石景山,苹果园,101126404389,金顶阳光 1室1厅 南,279万,47620元/平,高楼层 (共21层) | 2009年 | 1室1厅 | 58.59平米 | 南,https://ke-image.ljcdn.com/110000-inspection/pc1_LCjJDGhIO.jpg!m_fill,w_280,h_210,f_jpg?from=ke.com
20241023,石景山,苹果园,101126393847,西山枫林三期 3室2厅 南 北,698万,54579元/平,高楼层 (共10层) 3室2厅 | 127.89平米 | 南 北,https://ke-image.ljcdn.com/110000-inspection/pc1_avZf8yubt_1.jpg!m_fill,w_280,h_210,f_jpg?from=ke.com
20241023,石景山,苹果园,101126382114,铸造村 1室1厅 南 北,336万,48527元/平,中楼层 (共16层) | 1997年 | 1室1厅 | 69.24平米 | 南 北,https://ke-image.ljcdn.com/110000-inspection/pc1_lGKAn7Hsr_1.jpg!m_fill,w_280,h_210,f_jpg?from=ke.com
20241023,石景山,苹果园,101126362635,西山枫林四期~三居室精装修商品房~诚心出售,520万,50145元/平,中楼层 (共6层) 3室2厅 | 103.7平米 | 北 南,https://ke-image.ljcdn.com/110000-inspection/pc1_J2yJg94W1_1.jpg!m_fill,w_280,h_210,f_jpg?from=ke.com
20241023,石景山,苹果园,101126351770,1层南北通透独立客厅满五唯一看房便利,308万,49037元/平,底层 (共6层) 2室1厅 | 62.81平米 | 南 北,https://ke-image.ljcdn.com/110000-inspection/af34fc77-27c5-466d-8e6b-cf13f628b989_1000.jpg!m_fill,w_280,h_210,f_jpg?from=ke.com
20241023,石景山,苹果园,101126350450,林业楼 2室1厅 南 北,245万,45153元/平,中楼层 (共5层) 2室1厅 | 54.26平米 | 南 北,https://ke-image.ljcdn.com/110000-inspection/pc1_yKH7jW27O.jpg!m_fill,w_280,h_210,f_jpg?from=ke.com
20241023,石景山,苹果园,101126350138,西井小区一区 3室1厅 东 西,260万,41003元/平,高楼层 (共6层) | 1982年 | 3室1厅 | 63.41平米 | 东 西,https://ke-image.ljcdn.com/110000-inspection/9c6ec673-5c0b-479f-bd07-255d0e719e33_1000.jpg!m_fill,w_280,h_210,f_jpg?from=ke.com
20241023,石景山,苹果园,101126338798,金顶街五区东南向两居 不临阜石路  满五年唯一,450万,47635元/平,高楼层 (共24层) 2室1厅 | 94.47平米 | 东南,https://ke-image.ljcdn.com/110000-inspection/7b95257b-bf41-4a10-8828-529a59751ee8_1000.jpg!m_fill,w_280,h_210,f_jpg?from=ke.com
20241023,石景山,苹果园,101126333101,模式口西里精装修两居室南北通透视野开阔诚心出售,185万,29352元/平,顶层 (共8层) | 1989年 | 2室1厅 | 63.03平米 | 南 北,https://ke-image.ljcdn.com/110000-inspection/pc1_Vx6sAh9nM_1.jpg!m_fill,w_280,h_210,f_jpg?from=ke.com
20241023,石景山,苹果园,101126317045,苹果园二区20号院 精装修小两居 配套齐全,203万,41412元/平,底层 (共5层) 2室1厅 | 49.02平米 | 西北,https://ke-image.ljcdn.com/110000-inspection/pc1_X95gFY3PJ.jpg!m_fill,w_280,h_210,f_jpg?from=ke.com
20241023,石景山,苹果园,101126316006,模式口北里 2室2厅 南 北,405万,39886元/平,顶层 (共3层) | 1993年 | 2室2厅 | 101.54平米 | 南 北,https://ke-image.ljcdn.com/110000-inspection/pc1_AqUxvkzx8_1.jpg!m_fill,w_280,h_210,f_jpg?from=ke.com
20241023,石景山,苹果园,101126273423,金顶街北路九号院南北通透正规两居室,239万,35044元/平,底层 (共7层) | 1999年 | 2室1厅 | 68.2平米 | 南 北,https://ke-image.ljcdn.com/110000-inspection/pc1_wMRPk2UbD_1.jpg!m_fill,w_280,h_210,f_jpg?from=ke.com
20241023,石景山,苹果园,101126264171,此房满五年唯一两室两厅南北朝向中间楼层房主自荐,368万,42856元/平,底层 (共6层) | 1996年 | 2室2厅 | 85.87平米 | 南 北,https://ke-image.ljcdn.com/110000-inspection/pc1_DP46AT9WE_1.jpg!m_fill,w_280,h_210,f_jpg?from=ke.com
20241023,石景山,苹果园,101126260444,苹果园小区二区三居室户型好看房方便,379.8万,44302元/平,中楼层 (共16层) | 1994年 | 3室1厅 | 85.73平米 | 东 南 西 北,https://ke-image.ljcdn.com/110000-inspection/6c9c223a-29ec-4bec-807b-34a0d9c8129e_1000.jpg!m_fill,w_280,h_210,f_jpg?from=ke.com
20241023,石景山,苹果园,101126249499,满五唯一商品房前后花园 近地铁 户型方正,940万,65850元/平,低楼层 (共21层) 3室2厅 | 142.75平米 | 南 北,https://ke-image.ljcdn.com/110000-inspection/pc1_dYCC6kJ4c.jpg!m_fill,w_280,h_210,f_jpg?from=ke.com
20241023,石景山,苹果园,101126223557,西黄新村南里经典三居室临近地铁口交通便利。,257万,41593元/平,中楼层 (共5层) | 1981年 | 3室1厅 | 61.79平米 | 南 北,https://ke-image.ljcdn.com/110000-inspection/pc1_5Fp3VKuW4.jpg!m_fill,w_280,h_210,f_jpg?from=ke.com
20241023,石景山,苹果园,101126208791,2007年的小区带车位满五年唯一交通便利房主自荐,415万,43082元/平,中楼层 (共18层) 2室1厅 | 96.33平米 | 西,https://ke-image.ljcdn.com/110000-inspection/pc1_CScw70zzy_1.jpg!m_fill,w_280,h_210,f_jpg?from=ke.com
20241023,石景山,苹果园,101126200563,雍景四季 小区中间位置 可观花园 南向两居,728万,62223元/平,高楼层 (共19层) 2室2厅 | 117平米 | 南,https://ke-image.ljcdn.com/110000-inspection/7686bf0e-580d-46e7-9376-4af985047fc7_1000.jpg!m_fill,w_280,h_210,f_jpg?from=ke.com
20241023,石景山,苹果园,101126183164,雍景四季 2室1厅 西南房主自荐,705万,68123元/平,低楼层 (共18层) 2室1厅 | 103.49平米 | 西南,https://ke-image.ljcdn.com/110000-inspection/pc1_z3Rrk862t.jpg!m_fill,w_280,h_210,f_jpg?from=ke.com
20241023,石景山,苹果园,101126168644,金顶街四区教工楼南北通透精装修两居室,240万,43900元/平,顶层 (共6层) | 1985年 | 2室1厅 | 54.67平米 | 南 北,https://ke-image.ljcdn.com/110000-inspection/pc1_a3kZtQGp2.jpg!m_fill,w_280,h_210,f_jpg?from=ke.com
20241023,石景山,苹果园,101126162431,模式口西里 精装修 正规两居室带客厅 诚心卖,199万,33576元/平,顶层 (共6层) | 1992年 | 2室1厅 | 59.27平米 | 东南 西北,https://ke-image.ljcdn.com/110000-inspection/pc1_yu7vEIIp5_1.jpg!m_fill,w_280,h_210,f_jpg?from=ke.com
20241023,石景山,苹果园,101126158915,模式口北里 交通方便 南北通透有正规客厅,240万,33942元/平,中楼层 (共6层) 2室1厅 | 70.71平米 | 南 北,https://ke-image.ljcdn.com/110000-inspection/pc1_IcS6Ayneg.jpg!m_fill,w_280,h_210,f_jpg?from=ke.com
20241023,石景山,苹果园,101126140753,琳琅庄园商品房社区落地窗东南向两居采光通风不错,468万,47245元/平,低楼层 (共16层) | 2004年 | 2室1厅 | 99.06平米 | 东南,https://ke-image.ljcdn.com/110000-inspection/pc1_RvbdRJx9J_1.jpg!m_fill,w_280,h_210,f_jpg?from=ke.com
20241023,石景山,苹果园,101126112897,海特花园西区 南北通透精装修两居室 户型方正无浪费房主自荐,395万,45092元/平,高楼层 (共6层) 2室1厅 | 87.6平米 | 南 北,https://ke-image.ljcdn.com/110000-inspection/pc1_L3Wm6EdGs_1.jpg!m_fill,w_280,h_210,f_jpg?from=ke.com
20241023,石景山,苹果园,101126105729,模式口西里 精装修 南北通透 三居室,320万,39044元/平,顶层 (共6层) | 1999年 | 3室1厅 | 81.96平米 | 南 北,https://ke-image.ljcdn.com/110000-inspection/e1c6480d-7de6-4010-9e44-d98e175bc2de_1000.jpg!m_fill,w_280,h_210,f_jpg?from=ke.com
20241023,石景山,苹果园,101126099770,广宁村 2室1厅 东 南,270万,37012元/平,高楼层 (共20层) | 2000年 | 2室1厅 | 72.95平米 | 东 南,https://ke-image.ljcdn.com/110000-inspection/pc1_E2hpPup5l.jpg!m_fill,w_280,h_210,f_jpg?from=ke.com
20241023,石景山,苹果园,101126087735,西下庄南北两居 中楼层 精装修,369万,45332元/平,中楼层 (共6层) | 1998年 | 2室1厅 | 81.4平米 | 南 北,https://ke-image.ljcdn.com/110000-inspection/pc1_EMvb1BALT_1.jpg!m_fill,w_280,h_210,f_jpg?from=ke.com
20241023,石景山,苹果园,101126086361,金泰阁 2室1厅 南,539万,57784元/平,高楼层 (共18层) | 2003年 | 2室1厅 | 93.28平米 | 南,https://ke-image.ljcdn.com/110000-inspection/pc1_wGQnWQvLP_1.jpg!m_fill,w_280,h_210,f_jpg?from=ke.com
20241023,石景山,苹果园,101126036473,满五年唯一近地铁正规三居室视野开阔出行方便,579万,47718元/平,中楼层 (共24层) | 2003年 | 3室1厅 | 121.34平米 | 东 南 北,https://ke-image.ljcdn.com/110000-inspection/pc1_zQqP6Py7R_1.jpg!m_fill,w_280,h_210,f_jpg?from=ke.com
20241023,石景山,苹果园,101126015445,模式口南里 2室1厅 南 北,198万,32301元/平,顶层 (共6层) | 1987年 | 2室1厅 | 61.3平米 | 南 北,https://ke-image.ljcdn.com/110000-inspection/pc1_ufls5xki1_1.jpg!m_fill,w_280,h_210,f_jpg?from=ke.com
20241023,石景山,苹果园,101126007618,满五年唯一商品房   近地铁  2007年楼龄,428万,44445元/平,高楼层 (共24层) | 2008年 | 2室1厅 | 96.3平米 | 南,https://ke-image.ljcdn.com/110000-inspection/pc1_CtFRU0MSa.jpg!m_fill,w_280,h_210,f_jpg?from=ke.com
20241023,石景山,苹果园,101126005671,西井三区两居室满五年唯一商品房,238万,40993元/平,顶层 (共6层) | 1992年 | 2室1厅 | 58.06平米 | 东 西,https://ke-image.ljcdn.com/110000-inspection/pc1_uAPd2Z98K.jpg!m_fill,w_280,h_210,f_jpg?from=ke.com
20241023,石景山,苹果园,101125989429,苹果园小区二区3-1-1-185.73㎡房主自荐,399万,46542元/平,高楼层 (共16层) | 1994年 | 3室1厅 | 85.73平米 | 西 南 北,https://ke-image.ljcdn.com/110000-inspection/pc1_zjXp93Q9g_1.jpg!m_fill,w_280,h_210,f_jpg?from=ke.com
20241023,石景山,苹果园,101125971463,金顶街四区 1室1厅 东南,299万,44634元/平,高楼层 (共18层) | 2000年 | 1室1厅 | 66.99平米 | 东南,https://ke-image.ljcdn.com/110000-inspection/pc1_lyeGiPS6i.jpg!m_fill,w_280,h_210,f_jpg?from=ke.com
20241023,石景山,苹果园,101125969240,苹果园小区一区 2室1厅 南 北,275万,46555元/平,中楼层 (共6层) | 1985年 | 2室1厅 | 59.07平米 | 南 北,https://ke-image.ljcdn.com/110000-inspection/pc1_IYDtIVtWB_1.jpg!m_fill,w_280,h_210,f_jpg?from=ke.com
20241023,石景山,苹果园,101125967142,八大处山庄南北通透3层板楼八大处公园200米左右,370万,48826元/平,低楼层 (共3层) | 1997年 | 2室1厅 | 75.78平米 | 南 北,https://ke-image.ljcdn.com/110000-inspection/pc1_6UdXspwzZ.jpg!m_fill,w_280,h_210,f_jpg?from=ke.com
20241023,石景山,苹果园,101125964734,海特东区  满五唯一商品房 精装修 两居房主自荐,330万,49602元/平,中楼层 (共7层) | 1999年 | 2室1厅 | 66.53平米 | 南 北,https://ke-image.ljcdn.com/110000-inspection/pc1_yjydsfAC2_1.jpg!m_fill,w_280,h_210,f_jpg?from=ke.com
20241023,石景山,苹果园,101125945141,苹果园小区一区 2室1厅 南,246万,42768元/平,高楼层 (共6层) | 1989年 | 2室1厅 | 57.52平米 | 南,https://ke-image.ljcdn.com/110000-inspection/pc1_7wXmY5rsj_1.jpg!m_fill,w_280,h_210,f_jpg?from=ke.com
20241023,石景山,苹果园,101125937562,金顶街一区 3室1厅 南 北,272万,46275元/平,中楼层 (共6层) 3室1厅 | 58.78平米 | 南 北,https://ke-image.ljcdn.com/110000-inspection/pc1_HCdW7U643_1.jpg!m_fill,w_280,h_210,f_jpg?from=ke.com
20241023,石景山,苹果园,101125932210,海特福雅居 满五年唯一住房 离6号线杨庄站750米,475万,48649元/平,中楼层 (共18层) | 2004年 | 2室1厅 | 97.64平米 | 南,https://ke-image.ljcdn.com/110000-inspection/beb6a929-f992-43ce-89a8-a3c63677d85f_1000.jpg!m_fill,w_280,h_210,f_jpg?from=ke.com
20241023,石景山,苹果园,101125923958,金苹阁 2室1厅 南 北,580万,53246元/平,底层 (共14层) | 2002年 | 2室1厅 | 108.93平米 | 南 北,https://ke-image.ljcdn.com/110000-inspection/e4e03da4-7852-4cb0-be37-72c9f9ba02cb_1000.jpg!m_fill,w_280,h_210,f_jpg?from=ke.com
20241023,石景山,苹果园,101125923790,西井小区二区 2室1厅 南 北,190万,38092元/平,中楼层 (共5层) | 1983年 | 2室1厅 | 49.88平米 | 南 北,https://ke-image.ljcdn.com/110000-inspection/pc1_n78BWCDkV_1.jpg!m_fill,w_280,h_210,f_jpg?from=ke.com
20241023,石景山,苹果园,101125917601,海特花园 南北通透 全屋定制精装修拎包入住 有钥匙房主自荐,297万,46699元/平,高楼层 (共6层) | 1994年 | 1室1厅 | 63.6平米 | 南 北,https://ke-image.ljcdn.com/110000-inspection/pc1_VtYEnC9Mo_1.jpg!m_fill,w_280,h_210,f_jpg?from=ke.com
20241023,石景山,苹果园,101125896583,西井四区高楼层满五唯一的商品房看房方便随时谈！,270万,44025元/平,顶层 (共6层) | 1993年 | 2室1厅 | 61.33平米 | 南 北,https://ke-image.ljcdn.com/110000-inspection/pc1_FzQQwbHOC_1.jpg!m_fill,w_280,h_210,f_jpg?from=ke.com
20241023,石景山,苹果园,101125891237,西山枫林一二期南北三居 公园视野 高楼层 商品房,668万,54540元/平,高楼层 (共11层) | 2004年 | 3室2厅 | 122.48平米 | 南 北,https://ke-image.ljcdn.com/110000-inspection/pc1_YfbH82T9R.jpg!m_fill,w_280,h_210,f_jpg?from=ke.com
20241023,石景山,苹果园,101125881104,模式口南里 2室1厅 南,252万,40020元/平,高楼层 (共16层) | 1987年 | 2室1厅 | 62.97平米 | 南,https://ke-image.ljcdn.com/110000-inspection/68bb4728-8791-43b6-908b-bbe670017c83_1000.jpg!m_fill,w_280,h_210,f_jpg?from=ke.com
20241023,石景山,苹果园,101125878718,模式口南里 2室1厅 南,199万,36328元/平,高楼层 (共6层) | 1987年 | 2室1厅 | 54.78平米 | 南,https://ke-image.ljcdn.com/110000-inspection/9c38af91-e5a7-492f-9662-6129c5c33fad_1000.jpg!m_fill,w_280,h_210,f_jpg?from=ke.com
20241023,石景山,苹果园,101125839616,金顶街五区 2室1厅 西,340万,49752元/平,高楼层 (共24层) 2室1厅 | 68.34平米 | 西,https://ke-image.ljcdn.com/110000-inspection/pc1_3fwXxMhqI.jpg!m_fill,w_280,h_210,f_jpg?from=ke.com
20241023,石景山,苹果园,101125829106,苹果园小区三区南向两居采光好,380万,46461元/平,中楼层 (共16层) | 1995年 | 2室1厅 | 81.79平米 | 南,https://ke-image.ljcdn.com/110000-inspection/pc1_twy37oz8k_1.jpg!m_fill,w_280,h_210,f_jpg?from=ke.com
20241023,石景山,苹果园,101125824099,金顶街四区一室一厅精装修全南向,256万,40170元/平,底层 (共6层) | 1999年 | 1室1厅 | 63.73平米 | 南,https://ke-image.ljcdn.com/110000-inspection/pc1_BySYcHZno_1.jpg!m_fill,w_280,h_210,f_jpg?from=ke.com
20241023,石景山,苹果园,101125822959,模式口中里正规两居室精装修朝向好房主自荐,247万,34775元/平,高楼层 (共6层) | 1997年 | 2室1厅 | 71.03平米 | 东南 西北,https://ke-image.ljcdn.com/110000-inspection/pc1_F1g5c8Jny_1.jpg!m_fill,w_280,h_210,f_jpg?from=ke.com
20241023,石景山,苹果园,101125822376,金顶街三区 近地铁 精装修两居室 满五年 拎包入住房主自荐,399万,47654元/平,中楼层 (共24层) 2室1厅 | 83.73平米 | 东南,https://ke-image.ljcdn.com/110000-inspection/pc1_Cn7sFlr5m.jpg!m_fill,w_280,h_210,f_jpg?from=ke.com
20241023,石景山,苹果园,101125795385,西井三区 精装两居 中间层 近地铁房主自荐,265万,46128元/平,中楼层 (共6层) | 1992年 | 2室1厅 | 57.45平米 | 西 北,https://ke-image.ljcdn.com/110000-inspection/pc1_ll4YoXeP6_1.jpg!m_fill,w_280,h_210,f_jpg?from=ke.com
20241023,石景山,苹果园,101125757659,海特花园杨庄地铁商品房不临街精装修房主自荐,398万,44614元/平,中楼层 (共7层) | 1995年 | 2室2厅 | 89.21平米 | 南 北,https://ke-image.ljcdn.com/110000-inspection/pc1_PF8JFf3Ao_1.jpg!m_fill,w_280,h_210,f_jpg?from=ke.com
20241023,石景山,苹果园,101125753778,西山枫林一二期东西两居 高楼层 视野好 明厨明卫,459万,50313元/平,高楼层 (共10层) | 2005年 | 2室1厅 | 91.23平米 | 东 西,https://ke-image.ljcdn.com/110000-inspection/37a789fe-c30f-4e8c-949c-99f0965488ff_1000.jpg!m_fill,w_280,h_210,f_jpg?from=ke.com
20241023,石景山,苹果园,101125741854,金福苑双阳台精装修南北通透两居室房主自荐,279万,43452元/平,顶层 (共7层) | 1996年 | 2室1厅 | 64.21平米 | 南 北,https://ke-image.ljcdn.com/110000-inspection/5d0250c7-5ea8-49a1-af10-d7fa25007905_1000.jpg!m_fill,w_280,h_210,f_jpg?from=ke.com
20241023,石景山,苹果园,101125714224,苹果园小区三区中间楼层户型方正电梯直达,349万,46689元/平,中楼层 (共16层) | 1994年 | 2室1厅 | 74.75平米 | 西南,https://ke-image.ljcdn.com/110000-inspection/pc1_aD3wXWiSu_1.jpg!m_fill,w_280,h_210,f_jpg?from=ke.com
20241023,石景山,苹果园,101125705668,雍景四季经典一居室 户数少  近地铁,415万,63408元/平,中楼层 (共16层) 1室1厅 | 65.45平米 | 西 北,https://ke-image.ljcdn.com/110000-inspection/pc1_JaHWDFhmb.jpg!m_fill,w_280,h_210,f_jpg?from=ke.com
20241023,石景山,苹果园,101125682358,苹果园三区地铁口南向两室一厅中间楼层采光好视野好,350万,42793元/平,中楼层 (共16层) | 1995年 | 2室1厅 | 81.79平米 | 南,https://ke-image.ljcdn.com/110000-inspection/pc1_VeLZDqbhw_1.jpg!m_fill,w_280,h_210,f_jpg?from=ke.com
20241023,石景山,苹果园,101125670124,模式口西里 2室1厅 南 北,208万,34661元/平,高楼层 (共6层) | 1987年 | 2室1厅 | 60.01平米 | 南 北,https://ke-image.ljcdn.com/110000-inspection/pc1_bENRnMVsS_1.jpg!m_fill,w_280,h_210,f_jpg?from=ke.com
20241023,石景山,苹果园,101125614444,苹果园地铁口精装修两室一厅南向大阳台中间楼层,350万,43258元/平,中楼层 (共16层) | 1994年 | 3室1厅 | 80.91平米 | 南,https://ke-image.ljcdn.com/110000-inspection/pc1_80mybMCCl_1.jpg!m_fill,w_280,h_210,f_jpg?from=ke.com
20241023,石景山,苹果园,101125607202,百米进地铁正对迷宫花园格局很赞48万精装修,611万,65446元/平,中楼层 (共18层) 2室1厅 | 93.36平米 | 西,https://ke-image.ljcdn.com/110000-inspection/pc1_YOCHKNrIu.jpg!m_fill,w_280,h_210,f_jpg?from=ke.com
20241023,石景山,苹果园,101125597457,苹果园一区 中间层 南北通透一居室,238万,54940元/平,低楼层 (共6层) | 1989年 | 1室1厅 | 43.32平米 | 南 北,https://ke-image.ljcdn.com/110000-inspection/pc1_XArYBEuxz.jpg!m_fill,w_280,h_210,f_jpg?from=ke.com
20241023,石景山,苹果园,101125572963,金顶街四区 2室1厅 东南,355万,50064元/平,中楼层 (共18层) | 2000年 | 2室1厅 | 70.91平米 | 东南,https://ke-image.ljcdn.com/110000-inspection/pc1_eY2aUCdIT.jpg!m_fill,w_280,h_210,f_jpg?from=ke.com
20241023,石景山,苹果园,101125572584,八大处路33号院 精装修两居室,198万,36398元/平,顶层 (共5层) 2室1厅 | 54.4平米 | 南 北,https://ke-image.ljcdn.com/110000-inspection/pc1_X3pu0ZCQE_1.jpg!m_fill,w_280,h_210,f_jpg?from=ke.com
20241023,石景山,苹果园,101125543097,模式口西里小区门口就是地铁公交车车次多,180万,41475元/平,中楼层 (共6层) 1室1厅 | 43.4平米 | 南 北,https://ke-image.ljcdn.com/110000-inspection/pc1_MgiyBMcvO_1.jpg!m_fill,w_280,h_210,f_jpg?from=ke.com
20241023,石景山,苹果园,101125542186,模式口东里 宽敞明亮 阳光充足房主自荐,386万,37955元/平,低楼层 (共3层) 2室2厅 | 101.7平米 | 南 北,https://ke-image.ljcdn.com/110000-inspection/pc1_P64TxnmfQ.jpg!m_fill,w_280,h_210,f_jpg?from=ke.com
20241023,石景山,苹果园,101125539565,模式口西里 3室1厅 南 北,320万,39044元/平,低楼层 (共6层) | 1997年 | 3室1厅 | 81.96平米 | 南 北,https://ke-image.ljcdn.com/110000-inspection/pc1_IVpzIQ2wU_1.jpg!m_fill,w_280,h_210,f_jpg?from=ke.com
20241023,石景山,苹果园,101125498634,中间楼层无遮挡视野开阔业主诚心出售,399万,46542元/平,中楼层 (共16层) | 1997年 | 3室1厅 | 85.73平米 | 南 北,https://ke-image.ljcdn.com/110000-inspection/pc1_l5rSeF5V4_1.jpg!m_fill,w_280,h_210,f_jpg?from=ke.com
20241023,石景山,苹果园,101125493324,商品房  精装修  近地铁  难得的装修,399万,42959元/平,底层 (共24层) | 2005年 | 2室1厅 | 92.88平米 | 东北,https://ke-image.ljcdn.com/110000-inspection/pc1_QeVXFsSUg_1.jpg!m_fill,w_280,h_210,f_jpg?from=ke.com
20241023,石景山,苹果园,101125489299,琳琅庄园  高楼层  采光视野好 落地窗 地暖,459万,46336元/平,高楼层 (共16层) | 2004年 | 2室1厅 | 99.06平米 | 东南,https://ke-image.ljcdn.com/110000-inspection/pc1_HIvc1Fygv.jpg!m_fill,w_280,h_210,f_jpg?from=ke.com
20241023,石景山,苹果园,101125487824,海特花园电梯直达带车位餐客厅分离全天采光,385万,42077元/平,高楼层 (共18层) 2室2厅 | 91.5平米 | 南,https://ke-image.ljcdn.com/110000-inspection/pc1_hBDxfcKUJ_1.jpg!m_fill,w_280,h_210,f_jpg?from=ke.com
20241023,石景山,苹果园,101125481722,科研楼 3室1厅 南 北,249万,33267元/平,顶层 (共6层) | 1991年 | 3室1厅 | 74.85平米 | 南 北,https://ke-image.ljcdn.com/110000-inspection/pc1_kl91B48pT_1.jpg!m_fill,w_280,h_210,f_jpg?from=ke.com
20241023,石景山,苹果园,101125481423,模式口东里次顶层两居室南北通透两居室双阳台。,175万,31200元/平,高楼层 (共6层) | 1990年 | 2室1厅 | 56.09平米 | 南 北,https://ke-image.ljcdn.com/110000-inspection/pc1_sWzXXf3rN_1.jpg!m_fill,w_280,h_210,f_jpg?from=ke.com
20241023,石景山,苹果园,101125478945,雍景双庐 2室1厅 西南,430万,47895元/平,中楼层 (共25层) | 2007年 | 2室1厅 | 89.78平米 | 西南,https://ke-image.ljcdn.com/110000-inspection/pc1_qqCX5l3A5_1.jpg!m_fill,w_280,h_210,f_jpg?from=ke.com
20241023,石景山,苹果园,101125477277,海特花园东区南北通透中间楼层 精装修,375万,51104元/平,中楼层 (共7层) | 1999年 | 2室1厅 | 73.38平米 | 南 北,https://ke-image.ljcdn.com/110000-inspection/pc1_ojvgxzfHz.jpg!m_fill,w_280,h_210,f_jpg?from=ke.com
20241023,石景山,苹果园,101125431875,模式口西里 2室1厅 南 北,240万,39941元/平,中楼层 (共6层) | 1991年 | 2室1厅 | 60.09平米 | 南 北,https://ke-image.ljcdn.com/110000-inspection/pc1_HXo2ZyhYY_1.jpg!m_fill,w_280,h_210,f_jpg?from=ke.com
20241023,石景山,苹果园,101125427434,苹果园小区一区 2室1厅 东 西,238万,40196元/平,高楼层 (共6层) | 1987年 | 2室1厅 | 59.21平米 | 东 西,https://ke-image.ljcdn.com/110000-inspection/pc1_VWZCGXXvV_1.jpg!m_fill,w_280,h_210,f_jpg?from=ke.com
20241023,石景山,苹果园,101125394428,雍景四季 南向两居 诚心出售 满五年,655万,60131元/平,低楼层 (共9层) 2室1厅 | 108.93平米 | 南,https://ke-image.ljcdn.com/110000-inspection/6fd85b5a-8f59-4713-9256-e58ba752da9d_1000.jpg!m_fill,w_280,h_210,f_jpg?from=ke.com
20241023,石景山,苹果园,101125376916,模式口西里 2室1厅 南 北,205万,33399元/平,高楼层 (共6层) | 1991年 | 2室1厅 | 61.38平米 | 南 北,https://ke-image.ljcdn.com/110000-inspection/pc1_t3XyV3rTO_1.jpg!m_fill,w_280,h_210,f_jpg?from=ke.com
20241023,石景山,苹果园,101125374331,楼龄新99年/南面大阳台北面厨房/小区内独立空间,225万,37752元/平,中楼层 (共6层) 2室1厅 | 59.6平米 | 南 北,https://ke-image.ljcdn.com/110000-inspection/pc1_MAyJY256q_1.jpg!m_fill,w_280,h_210,f_jpg?from=ke.com
20241023,石景山,苹果园,101125368466,琳琅庄园 精装修 拎包入住 满五年唯一 换房出售,330万,43200元/平,低楼层 (共16层) | 2004年 | 1室1厅 | 76.39平米 | 东,https://ke-image.ljcdn.com/110000-inspection/pc1_klFZIPrc4_1.jpg!m_fill,w_280,h_210,f_jpg?from=ke.com
20241023,石景山,苹果园,101125368435,琳琅庄园南北通透大两居板楼带电梯,546万,51196元/平,低楼层 (共9层) 2室2厅 | 106.65平米 | 南 北,https://ke-image.ljcdn.com/110000-inspection/cf6d00ab-0a55-4b06-9af1-766506e6b2fc_1000.jpg!m_fill,w_280,h_210,f_jpg?from=ke.com
20241023,石景山,苹果园,101125353803,金福苑大两居室精装修交通方便配套完善,375万,41593元/平,顶层 (共6层) 2室2厅 | 90.16平米 | 东 西,https://ke-image.ljcdn.com/110000-inspection/pc1_ud77S4WKc_1.jpg!m_fill,w_280,h_210,f_jpg?from=ke.com
20241023,石景山,苹果园,101125353253,海特花园西区 南北全明格局两居室 户型方精装修,279万,43256元/平,顶层 (共6层) | 1994年 | 2室1厅 | 64.5平米 | 南 北,https://ke-image.ljcdn.com/110000-inspection/pc1_CwwUhohbd_1.jpg!m_fill,w_280,h_210,f_jpg?from=ke.com
20241023,石景山,苹果园,101125342657,模式口西里 中楼层 南北通透 户型方正房主自荐,189万,35473元/平,中楼层 (共6层) | 1988年 | 2室1厅 | 53.28平米 | 南 北,https://ke-image.ljcdn.com/110000-inspection/pc1_p0heW4djC.jpg!m_fill,w_280,h_210,f_jpg?from=ke.com
20241023,石景山,苹果园,101125314600,金顶街三区精装三室两卫 拎包入住采光视野好 近地铁房主自荐,575万,46825元/平,顶层 (共18层) | 2003年 | 3室1厅 | 122.8平米 | 东南 北,https://ke-image.ljcdn.com/110000-inspection/08b0c622-b991-4acf-9e06-9b98a4840e49_1000.jpg!m_fill,w_280,h_210,f_jpg?from=ke.com
20241023,石景山,苹果园,101125305685,金福苑正规一居 满五年无多余费用 靠谱出售,176万,34063元/平,高楼层 (共7层) | 1996年 | 1室1厅 | 51.67平米 | 南,https://ke-image.ljcdn.com/110000-inspection/c36de8dc-4110-4d66-9ba1-2ae5b0fc0baf_1000.jpg!m_fill,w_280,h_210,f_jpg?from=ke.com
20241023,石景山,苹果园,101125279627,苹果园小区二区2-1-1-1 58.44㎡,310万,53046元/平,中楼层 (共16层) | 1995年 | 2室1厅 | 58.44平米 | 东南,https://ke-image.ljcdn.com/110000-inspection/0c7a5842-5121-4d97-ba7f-abba3fcc7ba8_1000.jpg!m_fill,w_280,h_210,f_jpg?from=ke.com
20241023,石景山,苹果园,101125278203,模式口南里 3室1厅 东 西 北,268万,41295元/平,高楼层 (共16层) | 1987年 | 3室1厅 | 64.9平米 | 东 西 北,https://ke-image.ljcdn.com/110000-inspection/pc1_Do4iCnJxe_1.jpg!m_fill,w_280,h_210,f_jpg?from=ke.com
20241023,石景山,苹果园,101125274798,模式口南里 2室1厅 南 北,215万,35900元/平,中楼层 (共6层) | 1986年 | 2室1厅 | 59.89平米 | 南 北,https://ke-image.ljcdn.com/110000-inspection/pc1_00NBHGLXH.jpg!m_fill,w_280,h_210,f_jpg?from=ke.com
20241023,石景山,苹果园,101125251231,工疗宿舍 南向两居室 精装修 低楼层,210万,42118元/平,低楼层 (共6层) | 1979年 | 2室1厅 | 49.86平米 | 南,https://ke-image.ljcdn.com/110000-inspection/pc1_pUqvC9i2V.jpg!m_fill,w_280,h_210,f_jpg?from=ke.com
20241023,石景山,苹果园,101125245784,北京市石景山区苹果园街道海特花园东区,286万,52219元/平,顶层 (共7层) | 1999年 | 2室1厅 | 54.77平米 | 南 北,https://ke-image.ljcdn.com/110000-inspection/pc1_gPlNb8cYd_1.jpg!m_fill,w_280,h_210,f_jpg?from=ke.com
20241023,石景山,苹果园,101125231255,金顶阳光 精装修 南向明厨明卫两居室,460万,51867元/平,中楼层 (共21层) | 2009年 | 2室1厅 | 88.69平米 | 南,https://ke-image.ljcdn.com/110000-inspection/pc1_8wMFV81Jk.jpg!m_fill,w_280,h_210,f_jpg?from=ke.com
20241023,石景山,苹果园,101125218426,科研楼小区温馨两居室 朝南采光好房主自荐,188万,33334元/平,顶层 (共6层) | 1991年 | 2室1厅 | 56.4平米 | 南,https://ke-image.ljcdn.com/110000-inspection/pc1_h8qXp5VIx_1.jpg!m_fill,w_280,h_210,f_jpg?from=ke.com
20241023,石景山,苹果园,101125212456,林业楼2-1-1-1 57.48㎡,203万,35317元/平,顶层 (共6层) 2室1厅 | 57.48平米 | 南 北,https://ke-image.ljcdn.com/110000-inspection/02972bcd-ef93-40ee-a9f5-e2d55d46ca9d_1000.jpg!m_fill,w_280,h_210,f_jpg?from=ke.com
20241023,石景山,苹果园,101125206824,西井三区正规两居室南北通透中间层 近地铁 楼龄新房主自荐,277万,45470元/平,中楼层 (共6层) | 1992年 | 2室1厅 | 60.92平米 | 南 北,https://ke-image.ljcdn.com/110000-inspection/pc1_3ZcdXfVaR.jpg!m_fill,w_280,h_210,f_jpg?from=ke.com
20241023,石景山,苹果园,101125181437,苹果园小区三区 2室1厅 西南,325万,43479元/平,中楼层 (共16层) | 1994年 | 2室1厅 | 74.75平米 | 西南,https://ke-image.ljcdn.com/110000-inspection/pc1_vPrrY2uZX.jpg!m_fill,w_280,h_210,f_jpg?from=ke.com
20241023,石景山,苹果园,101125152570,满五年 中间层 东西通透 小区院里 安静舒适房主自荐,416万,41928元/平,低楼层 (共7层) | 2001年 | 2室1厅 | 99.22平米 | 东 西,https://ke-image.ljcdn.com/110000-inspection/pc1_rZ2YbClNd.jpg!m_fill,w_280,h_210,f_jpg?from=ke.com
20241023,石景山,苹果园,101125137840,林业楼 2室1厅 南 北,219万,37081元/平,顶层 (共6层) 2室1厅 | 59.06平米 | 南 北,https://ke-image.ljcdn.com/110000-inspection/pc1_YtVeXO4il.jpg!m_fill,w_280,h_210,f_jpg?from=ke.com
20241023,石景山,苹果园,101125120402,苹果园小区一区精装修南北通透两居室,305万,50825元/平,顶层 (共6层) | 1985年 | 2室1厅 | 60.01平米 | 南 北,https://ke-image.ljcdn.com/110000-inspection/15c64c37-75f9-4251-a377-faa4faef8982_1000.jpg!m_fill,w_280,h_210,f_jpg?from=ke.com
20241023,石景山,苹果园,101125117266,金顶街五区 3室1厅 南 北,533万,43927元/平,中楼层 (共24层) | 2003年 | 3室1厅 | 121.34平米 | 南 北,https://ke-image.ljcdn.com/110000-inspection/pc1_029IYWRPz.jpg!m_fill,w_280,h_210,f_jpg?from=ke.com
20241023,石景山,苹果园,101125108048,西黄新村北里   近地铁  楼龄新,335万,46220元/平,中楼层 (共23层) | 2004年 | 2室1厅 | 72.48平米 | 东,https://ke-image.ljcdn.com/110000-inspection/pc1_jW11ze9aM.jpg!m_fill,w_280,h_210,f_jpg?from=ke.com
20241023,石景山,苹果园,101125107194,苹果园小区二区高楼层户型方正精装修拎包入住房主自荐,269万,46031元/平,高楼层 (共16层) | 1997年 | 2室1厅 | 58.44平米 | 东南,https://ke-image.ljcdn.com/110000-inspection/pc1_Qjwx2Z5wG.jpg!m_fill,w_280,h_210,f_jpg?from=ke.com
20241023,石景山,苹果园,101125098773,金顶街四区低楼层南北通透两居室,380万,52647元/平,底层 (共6层) | 1999年 | 2室1厅 | 72.18平米 | 南 北,https://ke-image.ljcdn.com/110000-inspection/pc1_5njRJU4OE.jpg!m_fill,w_280,h_210,f_jpg?from=ke.com
20241023,石景山,苹果园,101125080884,苹果园二区20号院南北通透精装修拎包入住,258万,43685元/平,高楼层 (共6层) 2室1厅 | 59.06平米 | 南 北,https://ke-image.ljcdn.com/110000-inspection/pc1_uWgfrJAjT.jpg!m_fill,w_280,h_210,f_jpg?from=ke.com
20241023,石景山,苹果园,101125080215,工疗宿舍新上两居~精装修~诚心出售~看房方便,185万,37473元/平,中楼层 (共5层) | 1984年 | 2室1厅 | 49.37平米 | 东 北,https://ke-image.ljcdn.com/110000-inspection/pc1_Yw7XjjxZf.jpg!m_fill,w_280,h_210,f_jpg?from=ke.com
20241023,石景山,苹果园,101125060625,西山枫林一二期 有电梯 落地窗 户型方正,300万,42852元/平,中楼层 (共10层) | 2005年 | 1室1厅 | 70.01平米 | 西 北,https://ke-image.ljcdn.com/110000-inspection/ca2ff29f-30e4-438e-94b8-46f9f6176520_1000.jpg!m_fill,w_280,h_210,f_jpg?from=ke.com
20241023,石景山,苹果园,101125003730,模式口南里 2室1厅 南 北,237万,37032元/平,顶层 (共12层) | 1988年 | 2室1厅 | 64平米 | 南 北,https://ke-image.ljcdn.com/110000-inspection/pc1_mqhvx2w4w_1.jpg!m_fill,w_280,h_210,f_jpg?from=ke.com
20241023,石景山,苹果园,101124997868,模式口南里 2室1厅 南房主自荐,279万,44307元/平,中楼层 (共16层) | 1987年 | 2室1厅 | 62.97平米 | 南,https://ke-image.ljcdn.com/110000-inspection/pc1_FC8vTiRZ0_1.jpg!m_fill,w_280,h_210,f_jpg?from=ke.com
20241023,石景山,苹果园,101124985457,广宁村 2室1厅 南 北,220万,35634元/平,顶层 (共6层) | 1992年 | 2室1厅 | 61.74平米 | 南 北,https://ke-image.ljcdn.com/110000-inspection/efe931a0-6931-4658-8292-7e3d65866a89_1000.jpg!m_fill,w_280,h_210,f_jpg?from=ke.com
20241023,石景山,苹果园,101124978740,海特花园西区西南向高楼层原始格局双卫两居室房主自荐,335万,39929元/平,高楼层 (共18层) | 1995年 | 2室1厅 | 83.9平米 | 西南,https://ke-image.ljcdn.com/110000-inspection/pc1_ofyNfsGEg.jpg!m_fill,w_280,h_210,f_jpg?from=ke.com
20241023,石景山,苹果园,101124951262,模式口西里  坡下两居室  近地铁,192万,31953元/平,高楼层 (共6层) | 1991年 | 2室1厅 | 60.09平米 | 南 北,https://ke-image.ljcdn.com/110000-inspection/pc1_2pif0YZhw.jpg!m_fill,w_280,h_210,f_jpg?from=ke.com
20241023,石景山,苹果园,101124945897,模式口西里 3室1厅 东南 西北,228万,29977元/平,高楼层 (共6层) | 1992年 | 3室1厅 | 76.06平米 | 东南 西北,https://ke-image.ljcdn.com/110000-inspection/pc1_tz3eya46v.jpg!m_fill,w_280,h_210,f_jpg?from=ke.com
20241023,石景山,苹果园,101124945265,雍景山岚 4室2厅 南 北,1060万,72109元/平,中楼层 (共6层) 4室2厅 | 147平米 | 南 北,https://ke-image.ljcdn.com/110000-inspection/pc1_0tk2eUIns_1.jpg!m_fill,w_280,h_210,f_jpg?from=ke.com
20241023,石景山,苹果园,101124936914,苹果园小区一区 2室1厅 东南,285万,51140元/平,中楼层 (共14层) | 2000年 | 2室1厅 | 55.73平米 | 东南,https://ke-image.ljcdn.com/110000-inspection/pc1_EH3iWSNXO_1.jpg!m_fill,w_280,h_210,f_jpg?from=ke.com
20241023,石景山,苹果园,101124936807,铸造村 南北通透 两居室诚心出售,225万,38502元/平,底层 (共16层) | 1997年 | 2室1厅 | 58.44平米 | 南 东 北,https://ke-image.ljcdn.com/110000-inspection/pc1_XTYJBHFSo.jpg!m_fill,w_280,h_210,f_jpg?from=ke.com
20241023,石景山,苹果园,101124932867,金顶街一区 3室1厅 南 北,256万,41872元/平,高楼层 (共6层) | 1980年 | 3室1厅 | 61.14平米 | 南 北,https://ke-image.ljcdn.com/110000-inspection/pc1_cLSn3IZGn.jpg!m_fill,w_280,h_210,f_jpg?from=ke.com
20241023,石景山,苹果园,101124925637,赵山两室一厅  中间层采光充足  2000年房龄新,258万,38932元/平,低楼层 (共3层) | 2000年 | 2室1厅 | 66.27平米 | 南 北,https://ke-image.ljcdn.com/110000-inspection/pc1_Eur1ektKi.jpg!m_fill,w_280,h_210,f_jpg?from=ke.com
20241023,石景山,苹果园,101124879564,海特花园西区电梯房高楼层采光好,325万,45164元/平,高楼层 (共13层) | 1999年 | 2室1厅 | 71.96平米 | 南 北,https://ke-image.ljcdn.com/110000-inspection/pc1_AcnCIHe5Z.jpg!m_fill,w_280,h_210,f_jpg?from=ke.com
20241023,石景山,苹果园,101124871141,模式口西里 2室1厅 南 北,229万,39682元/平,低楼层 (共6层) | 1991年 | 2室1厅 | 57.71平米 | 南 北,https://ke-image.ljcdn.com/110000-inspection/pc1_xxj3JKaS8.jpg!m_fill,w_280,h_210,f_jpg?from=ke.com
20241023,石景山,苹果园,101124864428,金五全南两居   不临阜石路   满五年唯一,379万,45746元/平,低楼层 (共24层) | 2003年 | 2室1厅 | 82.85平米 | 南,https://ke-image.ljcdn.com/110000-inspection/pc1_94V8wM4gH.jpg!m_fill,w_280,h_210,f_jpg?from=ke.com
20241023,石景山,苹果园,101124808124,金顶街四区 2室1厅 南,355万,48677元/平,中楼层 (共16层) | 1995年 | 2室1厅 | 72.93平米 | 南,https://ke-image.ljcdn.com/110000-inspection/pc1_3vEBqeJKc.jpg!m_fill,w_280,h_210,f_jpg?from=ke.com
20241023,石景山,苹果园,101124793572,模式口西里 满五唯一 卧室带阳台,230万,36877元/平,底层 (共16层) | 1987年 | 2室1厅 | 62.37平米 | 西南,https://ke-image.ljcdn.com/110000-inspection/pc1_T3x5SRzDy.jpg!m_fill,w_280,h_210,f_jpg?from=ke.com
20241023,石景山,苹果园,101124775149,金顶街五区 临铁大两居 满五唯一地暖,419万,45093元/平,低楼层 (共24层) | 2005年 | 2室1厅 | 92.92平米 | 东南,https://ke-image.ljcdn.com/110000-inspection/pc1_3iuGZmrDi.jpg!m_fill,w_280,h_210,f_jpg?from=ke.com
20241023,石景山,苹果园,101124745366,工疗宿舍 精装修 三居室  诚心卖,315万,45084元/平,顶层 (共5层) | 1993年 | 3室1厅 | 69.87平米 | 南,https://ke-image.ljcdn.com/110000-inspection/pc1_lLsXIalUn.jpg!m_fill,w_280,h_210,f_jpg?from=ke.com
20241023,石景山,苹果园,101124722326,海特花园西区南北通透两居室满五唯一,265万,41086元/平,顶层 (共6层) | 1994年 | 2室1厅 | 64.5平米 | 南 北,https://ke-image.ljcdn.com/110000-inspection/pc1_l6ndrqX7v.jpg!m_fill,w_280,h_210,f_jpg?from=ke.com
20241023,石景山,苹果园,101124700459,西山枫林三期大一居室,350万,46711元/平,高楼层 (共10层) | 2006年 | 1室1厅 | 74.93平米 | 东北,https://ke-image.ljcdn.com/110000-inspection/pc1_QfJyyFr24_1.jpg!m_fill,w_280,h_210,f_jpg?from=ke.com
20241023,石景山,苹果园,101124692377,金福苑中间层南北通透2002年楼龄,340万,46209元/平,中楼层 (共6层) 2室1厅 | 73.58平米 | 南 北,https://ke-image.ljcdn.com/110000-inspection/4a58d031-180a-428f-99e8-8b9b564551d6_1000.jpg!m_fill,w_280,h_210,f_jpg?from=ke.com
20241023,石景山,苹果园,101124658268,西山枫林一二期满五年商品房诚意出售,385万,42902元/平,低楼层 (共11层) | 2004年 | 2室1厅 | 89.74平米 | 东 西,https://ke-image.ljcdn.com/110000-inspection/pc1_hX3Gjaq1O_1.jpg!m_fill,w_280,h_210,f_jpg?from=ke.com
20241023,石景山,苹果园,101124658145,模式口南里 精装修两居 拎包即住 近地铁,265万,44145元/平,低楼层 (共16层) | 1987年 | 2室1厅 | 60.03平米 | 南 北,https://ke-image.ljcdn.com/110000-inspection/pc1_cri8SJSfw.jpg!m_fill,w_280,h_210,f_jpg?from=ke.com
20241023,石景山,苹果园,101124622680,苹果园小区二区 2室1厅 南,388万,47561元/平,中楼层 (共16层) | 1994年 | 2室1厅 | 81.58平米 | 南,https://ke-image.ljcdn.com/110000-inspection/eb0b8078-47f6-42b1-bd88-f384c514fa9f_1000.jpg!m_fill,w_280,h_210,f_jpg?from=ke.com
20241023,石景山,苹果园,101124613115,西山枫林一二期高楼层精装修满五唯一商品房,510万,52605元/平,中楼层 (共11层) | 2004年 | 2室1厅 | 96.95平米 | 东 西,https://ke-image.ljcdn.com/110000-inspection/619b7696-26bb-4eb3-be85-144e45213b8d_1000.jpg!m_fill,w_280,h_210,f_jpg?from=ke.com
20241023,石景山,苹果园,101124612599,金顶北路九号院 2室1厅 南 北,300万,44196元/平,高楼层 (共6层) | 1998年 | 2室1厅 | 67.88平米 | 南 北,https://ke-image.ljcdn.com/110000-inspection/pc1_0fw6YYXij.jpg!m_fill,w_280,h_210,f_jpg?from=ke.com
20241023,石景山,苹果园,101124577696,西井小区二区 2室1厅 南,329万,42789元/平,中楼层 (共6层) | 1980年 | 2室1厅 | 76.89平米 | 南,https://ke-image.ljcdn.com/110000-inspection/eb1f9545-6754-4602-a21d-1f6ca337441e_1000.jpg!m_fill,w_280,h_210,f_jpg?from=ke.com
20241023,石景山,苹果园,101124565639,西黄新村北里 南向大三居 满五唯一商品房 采光视野,575万,44870元/平,低楼层 (共23层) | 2004年 | 3室2厅 | 128.15平米 | 南,https://ke-image.ljcdn.com/110000-inspection/a17ccf53-77b9-4d98-88d7-ed2e347a22e1_1000.jpg!m_fill,w_280,h_210,f_jpg?from=ke.com
20241023,石景山,苹果园,101124561508,2024年建成 视野开阔 采光充足 无遮挡 户型好,869万,72514元/平,低楼层 (共27层) 4室2厅 | 119.84平米 | 南 北,https://ke-image.ljcdn.com/110000-inspection/a4efd2d4-3000-4018-bc02-42c26074cfec_1000.jpg!m_fill,w_280,h_210,f_jpg?from=ke.com
20241023,石景山,苹果园,101124494961,模式口南里 2室1厅 南,228万,36574元/平,低楼层 (共16层) | 1987年 | 2室1厅 | 62.34平米 | 南,https://ke-image.ljcdn.com/110000-inspection/ad5a3f84-30ad-42ff-9a48-4d4e154a5a7b_1000.jpg!m_fill,w_280,h_210,f_jpg?from=ke.com
20241023,石景山,苹果园,101124489993,苹果园三区带电梯诚心出售两居室,315万,42141元/平,中楼层 (共16层) | 1995年 | 2室1厅 | 74.75平米 | 西南,https://ke-image.ljcdn.com/110000-inspection/3e261f30-e7ac-4d84-8317-a3f01a2d7925_1000.jpg!m_fill,w_280,h_210,f_jpg?from=ke.com
20241023,石景山,苹果园,101124484150,苹果园小区一区 2室1厅 南 北房主自荐,298万,48034元/平,中楼层 (共6层) | 1989年 | 2室1厅 | 62.04平米 | 南 北,https://ke-image.ljcdn.com/110000-inspection/pc1_3lc8ZG1DG.jpg!m_fill,w_280,h_210,f_jpg?from=ke.com
20241023,石景山,苹果园,101124422755,2019年建成的小区 近6号线地铁站,208万,46616元/平,低楼层 (共17层) | 2019年 | 1室0厅 | 44.62平米 | 西,https://ke-image.ljcdn.com/110000-inspection/498b74b6-8eba-4867-87cf-7bfcfcf3dd3f_1000.jpg!m_fill,w_280,h_210,f_jpg?from=ke.com
20241023,石景山,苹果园,101124401223,金顶阳光 高楼层 全南向 视野好,385万,42448元/平,顶层 (共18层) | 2009年 | 2室1厅 | 90.7平米 | 南,https://ke-image.ljcdn.com/110000-inspection/00ccd1ce-98fe-4131-bf8f-527efcb20714_1000.jpg!m_fill,w_280,h_210,f_jpg?from=ke.com
20241023,石景山,苹果园,101124395155,西黄新村北里 3室2厅 南,658万,51988元/平,高楼层 (共23层) | 2003年 | 3室2厅 | 126.57平米 | 南,https://ke-image.ljcdn.com/110000-inspection/b2f2bc58-10e5-4fa4-ac16-3b51f137bf7b_1000.jpg!m_fill,w_280,h_210,f_jpg?from=ke.com
20241023,石景山,苹果园,101124385552,叠翠庭苑二区 南北向两居室 近地铁,475万,54965元/平,中楼层 (共28层) | 2019年 | 2室1厅 | 86.42平米 | 南 北,https://ke-image.ljcdn.com/110000-inspection/pc1_IJrV6ts3j_1.jpg!m_fill,w_280,h_210,f_jpg?from=ke.com
20241023,石景山,苹果园,101124331305,苹果园小区二区 精美装修 环保材料 拎包入住房主自荐,298万,50993元/平,高楼层 (共16层) | 1994年 | 2室1厅 | 58.44平米 | 东南,https://ke-image.ljcdn.com/110000-inspection/pc1_wvFue5QkX.jpg!m_fill,w_280,h_210,f_jpg?from=ke.com
20241023,石景山,苹果园,101124285192,模式口西里 2室1厅 东 西,185万,32750元/平,高楼层 (共6层) | 1991年 | 2室1厅 | 56.49平米 | 东 西,https://ke-image.ljcdn.com/110000-inspection/pc1_xFmrqI7Kg_1.jpg!m_fill,w_280,h_210,f_jpg?from=ke.com
20241023,石景山,苹果园,101124280518,石景山模式口西里优质房源看房方便。房主自荐,189万,33696元/平,高楼层 (共6层) | 1990年 | 2室1厅 | 56.09平米 | 南,https://ke-image.ljcdn.com/110000-inspection/175e196d-cab5-43bc-9dac-1092a35e4a78_1000.jpg!m_fill,w_280,h_210,f_jpg?from=ke.com
20241023,石景山,苹果园,101124279160,苹果园二区 中高楼层 带电梯 采光充足 户型方正,350万,47992元/平,高楼层 (共16层) | 1994年 | 2室1厅 | 72.93平米 | 南,https://ke-image.ljcdn.com/110000-inspection/pc1_Xbp5nA0D8_1.jpg!m_fill,w_280,h_210,f_jpg?from=ke.com
20241023,石景山,苹果园,101124220496,西山枫林一二期   精装修采光视野很好,455万,47416元/平,低楼层 (共11层) | 2004年 | 2室1厅 | 95.96平米 | 东 西 南,https://ke-image.ljcdn.com/110000-inspection/525fff5a-bf42-466d-8b1d-dc5aeaa32750_1000.jpg!m_fill,w_280,h_210,f_jpg?from=ke.com
20241023,石景山,苹果园,101124198432,西黄新村北里 1室1厅 东,345万,46920元/平,中楼层 (共24层) | 2002年 | 1室1厅 | 73.53平米 | 东,https://ke-image.ljcdn.com/110000-inspection/pc1_QLpNP7GKc.jpg!m_fill,w_280,h_210,f_jpg?from=ke.com
20241023,石景山,苹果园,101124184678,模式口北里电厂小区中间层1997年楼龄房主自荐,267万,39887元/平,中楼层 (共6层) 2室1厅 | 66.94平米 | 南 北,https://ke-image.ljcdn.com/110000-inspection/1273ab79-fdb1-495a-85c0-9d564951c4ae_1000.jpg!m_fill,w_280,h_210,f_jpg?from=ke.com
20241023,石景山,苹果园,101124181057,高使用率南北通透满五年唯一商品房房主自荐,239万,36651元/平,顶层 (共7层) 2室1厅 | 65.21平米 | 南 北,https://ke-image.ljcdn.com/110000-inspection/52bb8e17-4301-400d-b42c-e0161dce8115_1000.jpg!m_fill,w_280,h_210,f_jpg?from=ke.com
20241023,石景山,苹果园,101124166096,模式口南里 2室1厅 南 北,388万,46495元/平,中楼层 (共14层) | 1987年 | 2室1厅 | 83.45平米 | 南 北,https://ke-image.ljcdn.com/110000-inspection/0a0843b0-b91f-44b8-89fd-bacd815e263a_1000.jpg!m_fill,w_280,h_210,f_jpg?from=ke.com
20241023,石景山,苹果园,101124159431,金顶阳光槐满园满五唯一中间楼层采光好视野佳,375万,42503元/平,中楼层 (共21层) | 2009年 | 2室1厅 | 88.23平米 | 东 西,https://ke-image.ljcdn.com/110000-inspection/6526cafb-980a-4f72-97fa-ca950a59507a_1000.jpg!m_fill,w_280,h_210,f_jpg?from=ke.com
20241023,石景山,苹果园,101124156798,模式口北里电厂小区精装南北通透两居室带客厅,259万,37537元/平,顶层 (共6层) | 1999年 | 2室1厅 | 69平米 | 南 北,https://ke-image.ljcdn.com/110000-inspection/9b7c9ca3-0878-4300-a0b3-22cf2c1c0074_1000.jpg!m_fill,w_280,h_210,f_jpg?from=ke.com
20241023,石景山,苹果园,101124155595,海特花园西区、2000年塔楼钢混结构满五年唯一商品房,429万,42246元/平,高楼层 (共18层) | 2000年 | 2室1厅 | 101.55平米 | 东 东南,https://ke-image.ljcdn.com/110000-inspection/b1539f45-a1fe-41ee-a4c0-420a2e60ebb6_1000.jpg!m_fill,w_280,h_210,f_jpg?from=ke.com
20241023,石景山,苹果园,101124123270,模式口西里 塔楼电梯房 电梯直达 东南朝向房主自荐,155万,28656元/平,顶层 (共16层) | 1990年 | 2室1厅 | 54.09平米 | 东南,https://ke-image.ljcdn.com/110000-inspection/pc1_4fbsJExkw.jpg!m_fill,w_280,h_210,f_jpg?from=ke.com
20241023,石景山,苹果园,101124082386,西井特钢楼 南向两居室 满五年采光好全明格局,210万,39019元/平,顶层 (共6层) | 1994年 | 2室1厅 | 53.82平米 | 南,https://ke-image.ljcdn.com/110000-inspection/5f7380e8-164f-40c0-b862-2501f8bd39fb_1000.jpg!m_fill,w_280,h_210,f_jpg?from=ke.com
20241023,石景山,苹果园,101124077158,苹果园小区二区 1室1厅 南 北,280万,40440元/平,中楼层 (共16层) | 1997年 | 1室1厅 | 69.24平米 | 南 北,https://ke-image.ljcdn.com/110000-inspection/pc1_YKQEOyjrl_1.jpg!m_fill,w_280,h_210,f_jpg?from=ke.com
20241023,石景山,苹果园,101124034855,满五年唯一商品房近地铁19年装修全南朝向房主自荐,435万,45370元/平,低楼层 (共24层) | 2006年 | 2室1厅 | 95.88平米 | 南,https://ke-image.ljcdn.com/110000-inspection/pc1_QeGDOyFM9.jpg!m_fill,w_280,h_210,f_jpg?from=ke.com
20241023,石景山,苹果园,101124020051,板楼南北通透两居室全明格局环境安静看房方便,190万,30845元/平,高楼层 (共6层) | 1987年 | 2室1厅 | 61.6平米 | 南 北,https://ke-image.ljcdn.com/110000-inspection/pc1_ibxD2UZG2.jpg!m_fill,w_280,h_210,f_jpg?from=ke.com
20241023,石景山,苹果园,101124011648,模式口西里 坡下位置带电梯采光好 视野开阔,199万,31922元/平,中楼层 (共16层) | 1987年 | 2室1厅 | 62.34平米 | 南,https://ke-image.ljcdn.com/110000-inspection/pc1_g3aDA32XT.jpg!m_fill,w_280,h_210,f_jpg?from=ke.com
20241023,石景山,苹果园,101124003517,海特花园东区 楼龄新 能贷款 小区安静房主自荐,368万,45304元/平,底层 (共18层) | 2002年 | 2室1厅 | 81.23平米 | 东,https://ke-image.ljcdn.com/110000-inspection/fd20d83b-3b5b-4d7a-8efb-39dff50e53bc_1000.jpg!m_fill,w_280,h_210,f_jpg?from=ke.com
20241023,石景山,苹果园,101124003318,2004年建成  满五唯一 精装修 近地铁  看房方便,630万,49775元/平,中楼层 (共23层) | 2003年 | 3室2厅 | 126.57平米 | 南,https://ke-image.ljcdn.com/110000-inspection/pc1_bkuqS1zYX.jpg!m_fill,w_280,h_210,f_jpg?from=ke.com
20241023,石景山,苹果园,101124003319,模式口南里精装修的优质房源。,239万,39636元/平,低楼层 (共16层) | 1987年 | 2室1厅 | 60.3平米 | 南,https://ke-image.ljcdn.com/110000-inspection/ea9bba0e-6e48-4ae7-af93-32e6a5efbaea_1000.jpg!m_fill,w_280,h_210,f_jpg?from=ke.com
20241023,石景山,苹果园,101124001974,苹果园小区一区 2室1厅 南,225万,40150元/平,顶层 (共6层) | 1987年 | 2室1厅 | 56.04平米 | 南,https://ke-image.ljcdn.com/110000-inspection/fad12f14-98eb-45ea-be31-ddcfdd4b8462_1000.jpg!m_fill,w_280,h_210,f_jpg?from=ke.com
20241023,石景山,苹果园,101123966981,金顶街三区 西南向两居室  带个租赁车位 6号线,365万,43593元/平,顶层 (共24层) | 2003年 | 2室1厅 | 83.73平米 | 东南,https://ke-image.ljcdn.com/110000-inspection/pc1_OGJlSZwfd.jpg!m_fill,w_280,h_210,f_jpg?from=ke.com
20241023,石景山,苹果园,101123949871,金顶街五区 正规三居室 近地铁 满五唯一,479万,42620元/平,中楼层 (共24层) 3室1厅 | 112.39平米 | 东北,https://ke-image.ljcdn.com/110000-inspection/cc185ff4-0ec8-4406-aba2-6c35dd6a7c6b_1000.jpg!m_fill,w_280,h_210,f_jpg?from=ke.com
20241023,石景山,苹果园,101123949241,西山枫林三期 3室2厅 南 北,650万,51686元/平,中楼层 (共10层) | 2006年 | 3室2厅 | 125.76平米 | 南 北,https://ke-image.ljcdn.com/110000-inspection/pc1_zXlbhYpI1.jpg!m_fill,w_280,h_210,f_jpg?from=ke.com
20241023,石景山,苹果园,101123945129,青年公寓,158万,33639元/平,低楼层 (共14层) | 1997年 | 1室1厅 | 46.97平米 | 东,https://ke-image.ljcdn.com/110000-inspection/3d61be5c-64ed-45f0-a006-2430ce1f4936_1000.jpg!m_fill,w_280,h_210,f_jpg?from=ke.com
20241023,石景山,苹果园,101123937773,西山枫林一二期  满五唯一  通透两室得房率85%,445万,52876元/平,低楼层 (共10层) | 2005年 | 2室1厅 | 84.16平米 | 东 西,https://ke-image.ljcdn.com/110000-inspection/4d677893-c2d6-4a32-b2dd-bc79f44e8231_1000.jpg!m_fill,w_280,h_210,f_jpg?from=ke.com
20241023,石景山,苹果园,101123936099,金福苑 2室1厅 南 北,339万,37600元/平,顶层 (共6层) 2室1厅 | 90.16平米 | 南 北,https://ke-image.ljcdn.com/110000-inspection/pc1_QTcRv8nw3_1.jpg!m_fill,w_280,h_210,f_jpg?from=ke.com
20241023,石景山,苹果园,101123921384,1990年钢混精装修南北通透两居室中间楼层；,220万,36969元/平,中楼层 (共7层) 2室1厅 | 59.51平米 | 南 北,https://ke-image.ljcdn.com/110000-inspection/e79e5760-057d-412e-b655-f36413e23105_1000.jpg!m_fill,w_280,h_210,f_jpg?from=ke.com
20241023,石景山,苹果园,101123917420,杨庄地铁苹果园二区两居业主诚心出售房主自荐,325万,40169元/平,低楼层 (共16层) | 1995年 | 2室1厅 | 80.91平米 | 南,https://ke-image.ljcdn.com/110000-inspection/f55f5763-85c4-4434-9db5-2a7badabc56a_1000.jpg!m_fill,w_280,h_210,f_jpg?from=ke.com
20241023,石景山,苹果园,101123870493,苹果园一区精装修 2000年钢混 看房随时,285万,49826元/平,中楼层 (共14层) | 2000年 | 1室1厅 | 57.2平米 | 东,https://ke-image.ljcdn.com/110000-inspection/fd60804b-65cf-4e8f-b039-0c7e28e88021_1000.jpg!m_fill,w_280,h_210,f_jpg?from=ke.com
20241023,石景山,苹果园,101123819190,海特花园西区 全明格局 全明格局正规一居室,249万,34026元/平,高楼层 (共6层) 1室1厅 | 73.18平米 | 南 北,https://ke-image.ljcdn.com/110000-inspection/d4c76c3d-2374-45f8-b883-5f4286a40966_1000.jpg!m_fill,w_280,h_210,f_jpg?from=ke.com
20241023,石景山,苹果园,101123796670,金顶街四区南向大一居视野好采光好,276万,43112元/平,顶层 (共6层) | 1999年 | 1室1厅 | 64.02平米 | 南,https://ke-image.ljcdn.com/110000-inspection/pc1_I9orywSb3.jpg!m_fill,w_280,h_210,f_jpg?from=ke.com
20241023,石景山,苹果园,101123785599,海特花园一居室南北通透满五年唯一,288万,41867元/平,中楼层 (共7层) | 1999年 | 1室1厅 | 68.79平米 | 南 北,https://ke-image.ljcdn.com/110000-inspection/a3cd6ba6-2fbe-43f9-9a38-04da1fbfb538_1000.jpg!m_fill,w_280,h_210,f_jpg?from=ke.com
20241023,石景山,苹果园,101123771321,精装修 满五年唯一南北通透 明厨明卫 不临街一居室房主自荐,255万,40095元/平,顶层 (共6层) | 1994年 | 1室1厅 | 63.6平米 | 南 北,https://ke-image.ljcdn.com/110000-inspection/2642320f-5def-4ee4-acd8-9c4ffaa20232_1000.jpg!m_fill,w_280,h_210,f_jpg?from=ke.com
20241023,石景山,苹果园,101123735264,林业楼 南北通透 中间楼层 采光充足,255万,44698元/平,中楼层 (共5层) 2室1厅 | 57.05平米 | 南 北,https://ke-image.ljcdn.com/110000-inspection/pc1_en9bwjuue.jpg!m_fill,w_280,h_210,f_jpg?from=ke.com
20241023,石景山,苹果园,101123730917,金顶街五区 3室1厅 南 北房主自荐,590万,48624元/平,低楼层 (共24层) | 2003年 | 3室1厅 | 121.34平米 | 南 北,https://ke-image.ljcdn.com/110000-inspection/pc1_gpeqN8BrY.jpg!m_fill,w_280,h_210,f_jpg?from=ke.com
20241023,石景山,苹果园,101123729839,金顶街四区 全南向正规两居室 满五年房主自荐,379万,48305元/平,低楼层 (共18层) | 2000年 | 2室1厅 | 78.46平米 | 南,https://ke-image.ljcdn.com/110000-inspection/54d8e573-7c2f-44ad-878f-c270221bee8d_1000.jpg!m_fill,w_280,h_210,f_jpg?from=ke.com
20241023,石景山,苹果园,101123715371,西井四区 地铁600米. 无遮挡.随时看房,298万,40162元/平,底层 (共6层) | 1994年 | 2室1厅 | 74.2平米 | 南 北,https://ke-image.ljcdn.com/110000-inspection/pc1_dJ0tOjD0D_1.jpg!m_fill,w_280,h_210,f_jpg?from=ke.com
20241023,石景山,苹果园,101123708412,西井小区二区 南北两居室 中间层 地铁近 明厨明卫,196万,39572元/平,中楼层 (共6层) | 1983年 | 2室1厅 | 49.53平米 | 南 北,https://ke-image.ljcdn.com/110000-inspection/pc1_dBA0UdOup.jpg!m_fill,w_280,h_210,f_jpg?from=ke.com
20241023,石景山,苹果园,101123698453,苹果园小区三区两居户型方正明厨明卫,338万,45412元/平,低楼层 (共16层) | 1994年 | 2室1厅 | 74.43平米 | 东南,https://ke-image.ljcdn.com/110000-inspection/pc1_gOTUvg9W3_1.jpg!m_fill,w_280,h_210,f_jpg?from=ke.com
20241023,石景山,苹果园,101123673909,西井小区一区 三居室 精装修 低楼层满五年户型好,270万,42581元/平,低楼层 (共6层) | 1982年 | 3室1厅 | 63.41平米 | 东 西 南,https://ke-image.ljcdn.com/110000-inspection/pc1_QpnM3i7f2.jpg!m_fill,w_280,h_210,f_jpg?from=ke.com
20241023,石景山,苹果园,101123620622,糕点八厂 2室1厅 南,245万,43813元/平,中楼层 (共6层) | 1983年 | 2室1厅 | 55.92平米 | 南,https://ke-image.ljcdn.com/110000-inspection/49dc13b9-2d04-4410-be9e-0bb6605d1125_1000.jpg!m_fill,w_280,h_210,f_jpg?from=ke.com
20241023,石景山,苹果园,101123618282,适合刚需客户明厨明卫双阳台格局方正,208万,34847元/平,高楼层 (共6层) | 1990年 | 2室1厅 | 59.69平米 | 南 北,https://ke-image.ljcdn.com/110000-inspection/460a64be-79c5-4a3a-9ff5-6ed5e879e2e1_1000.jpg!m_fill,w_280,h_210,f_jpg?from=ke.com
20241023,石景山,苹果园,101123611655,金安桥地铁口 大两居 近地铁 噪音小,379万,38603元/平,低楼层 (共24层) | 2005年 | 2室1厅 | 98.18平米 | 东北,https://ke-image.ljcdn.com/110000-inspection/c9d85722-3b9f-49e9-83ea-baf516992fb2_1000.jpg!m_fill,w_280,h_210,f_jpg?from=ke.com
20241023,石景山,苹果园,101123595765,苹果园地铁口500米中高楼层两室一厅精装修,359万,48027元/平,高楼层 (共16层) | 1994年 | 2室1厅 | 74.75平米 | 东南,https://ke-image.ljcdn.com/110000-inspection/pc1_6AIivYHVN.jpg!m_fill,w_280,h_210,f_jpg?from=ke.com
20241023,石景山,苹果园,101123594161,59号院正规三居室 中间层采光充足 小区环境好,528万,56183元/平,中楼层 (共6层) | 2004年 | 3室1厅 | 93.98平米 | 南 北,https://ke-image.ljcdn.com/110000-inspection/aa290ea9-34ad-4673-aa89-8dd75d78d4b9_1000.jpg!m_fill,w_280,h_210,f_jpg?from=ke.com
20241023,石景山,苹果园,101123587446,西井三区正规一居室南北通透近地铁楼龄新,220万,48512元/平,顶层 (共6层) | 1994年 | 1室1厅 | 45.35平米 | 南 北,https://ke-image.ljcdn.com/110000-inspection/191de8ef-79d6-4581-b36e-fd2e0dce4188_1000.jpg!m_fill,w_280,h_210,f_jpg?from=ke.com
20241023,石景山,苹果园,101123560837,林业楼 满五年 6号线地铁杨庄站交通便利,220万,37251元/平,中楼层 (共6层) 2室1厅 | 59.06平米 | 东 西北,https://ke-image.ljcdn.com/110000-inspection/pc1_FELhftjYo.jpg!m_fill,w_280,h_210,f_jpg?from=ke.com
20241023,石景山,苹果园,101123515217,海特花园中间楼层两居室南北通透采光好,310万,48063元/平,中楼层 (共6层) | 1994年 | 2室1厅 | 64.5平米 | 南 北,https://ke-image.ljcdn.com/110000-inspection/pc1_WecFDu3lX.jpg!m_fill,w_280,h_210,f_jpg?from=ke.com
20241023,石景山,苹果园,101123510806,金顶街59号院大两居中间楼层业主诚心卖！,409万,49564元/平,中楼层 (共6层) | 2006年 | 2室1厅 | 82.52平米 | 南 北,https://ke-image.ljcdn.com/110000-inspection/c4d722f0-0201-4ec8-9426-5766cbbf9b0a_1000.jpg!m_fill,w_280,h_210,f_jpg?from=ke.com
20241023,石景山,苹果园,101123498725,海特花园 中间层两居室 不临街 可看房房主自荐,460万,48294元/平,中楼层 (共6层) 2室2厅 | 95.25平米 | 西南 北,https://ke-image.ljcdn.com/110000-inspection/pc1_mGNmEGUPO_1.jpg!m_fill,w_280,h_210,f_jpg?from=ke.com
20241023,石景山,苹果园,101123482824,房子户型格局方正没有浪费面积房主自荐,461万,45232元/平,底层 (共3层) | 1993年 | 2室2厅 | 101.92平米 | 南 西 北,https://ke-image.ljcdn.com/110000-inspection/pc1_K5gBTEaY3.jpg!m_fill,w_280,h_210,f_jpg?from=ke.com
20241023,石景山,苹果园,101123452323,2019年建成 中楼层 视野开阔 采光充足,485万,56122元/平,中楼层 (共28层) | 2019年 | 2室1厅 | 86.42平米 | 南 北,https://ke-image.ljcdn.com/110000-inspection/pc1_5bI4SDw7z.jpg!m_fill,w_280,h_210,f_jpg?from=ke.com
20241023,石景山,苹果园,101123445010,西山枫林一二期 2室1厅 东 西,450万,46895元/平,底层 (共11层) | 2004年 | 2室1厅 | 95.96平米 | 东 西,https://ke-image.ljcdn.com/110000-inspection/2ae61100-9292-45c8-8fd0-605044091a6d_1000.jpg!m_fill,w_280,h_210,f_jpg?from=ke.com
20241023,石景山,苹果园,101123426369,海特花园西区 3室1厅 南 北,480万,44953元/平,顶层 (共18层) 3室1厅 | 106.78平米 | 南 北,https://ke-image.ljcdn.com/110000-inspection/pc1_lC4ZDJ9Ub.jpg!m_fill,w_280,h_210,f_jpg?from=ke.com
20241023,石景山,苹果园,101123413993,苹果园小区二区高楼层正规一室一厅,322万,46505元/平,高楼层 (共16层) | 1994年 | 1室1厅 | 69.24平米 | 南,https://ke-image.ljcdn.com/110000-inspection/pc1_QadEw5EQD.jpg!m_fill,w_280,h_210,f_jpg?from=ke.com
20241023,石景山,苹果园,101123411870,金顶街五区正规两居室 明厨明卫 满五年唯一住房房主自荐,472万,47929元/平,低楼层 (共24层) | 2005年 | 2室1厅 | 98.48平米 | 西北,https://ke-image.ljcdn.com/110000-inspection/pc1_g4Jww5BYj.jpg!m_fill,w_280,h_210,f_jpg?from=ke.com
20241023,石景山,苹果园,101123396698,房子满五年唯一房主自住看房方便,610万,51643元/平,低楼层 (共24层) | 2002年 | 3室1厅 | 118.12平米 | 南 西,https://ke-image.ljcdn.com/110000-inspection/pc1_kHH0pDLOf_1.jpg!m_fill,w_280,h_210,f_jpg?from=ke.com
20241023,石景山,苹果园,101123390725,此房满五年唯一商品房全南向采光好视野无遮挡。,429万,47779元/平,顶层 (共18层) | 2009年 | 2室1厅 | 89.79平米 | 南,https://ke-image.ljcdn.com/110000-inspection/pc1_UnOZ5VuW2.jpg!m_fill,w_280,h_210,f_jpg?from=ke.com
20241023,石景山,苹果园,101123386416,西井小区三区南北两居精装修好房房主自荐,300万,48829元/平,高楼层 (共6层) | 1991年 | 2室1厅 | 61.44平米 | 南 北,https://ke-image.ljcdn.com/110000-inspection/pc1_PPjUl6G9l.jpg!m_fill,w_280,h_210,f_jpg?from=ke.com
20241023,石景山,苹果园,101123344169,林业楼  杨庄地铁口530米96年南北通透两居室,235万,40849元/平,底层 (共6层) 2室1厅 | 57.53平米 | 南 北,https://ke-image.ljcdn.com/110000-inspection/pc1_wi4qcGRX1.jpg!m_fill,w_280,h_210,f_jpg?from=ke.com
20241023,石景山,苹果园,101123337498,石景山模式口西里精装两居满五年唯一板楼南北通透房主自荐,187万,31424元/平,顶层 (共6层) | 1991年 | 2室1厅 | 59.51平米 | 南 北,https://ke-image.ljcdn.com/110000-inspection/pc1_kbrXaYEBN.jpg!m_fill,w_280,h_210,f_jpg?from=ke.com
20241023,石景山,苹果园,101123337033,模式口北里 两居 大客厅 满五年唯一采光充足 看房方便房主自荐,255万,35560元/平,高楼层 (共6层) 2室1厅 | 71.71平米 | 东南,https://ke-image.ljcdn.com/110000-inspection/pc1_1Ped3xYLX_1.jpg!m_fill,w_280,h_210,f_jpg?from=ke.com
20241023,石景山,苹果园,101123335643,满五唯一南北通透格局采光充足近地铁配套齐备,225万,36622元/平,顶层 (共6层) | 1991年 | 2室1厅 | 61.44平米 | 南 北,https://ke-image.ljcdn.com/110000-inspection/pc1_TDJDOuQER.jpg!m_fill,w_280,h_210,f_jpg?from=ke.com
20241023,石景山,苹果园,101123316464,苹果园三区 全明格局 电梯中间层,365万,49040元/平,低楼层 (共16层) | 1995年 | 2室1厅 | 74.43平米 | 南 北,https://ke-image.ljcdn.com/110000-inspection/pc1_5iAB4T273.jpg!m_fill,w_280,h_210,f_jpg?from=ke.com
20241023,石景山,苹果园,101123300439,金顶街一区 三居室 交通方便 诚心出售,290万,47433元/平,低楼层 (共6层) | 1980年 | 3室1厅 | 61.14平米 | 东 西,https://ke-image.ljcdn.com/110000-inspection/5fc609fa-9674-40bb-85db-15ec97e451c4_1000.jpg!m_fill,w_280,h_210,f_jpg?from=ke.com
20241023,石景山,苹果园,101123295759,西井特钢田字格三居室低楼层户型方正,369万,47236元/平,低楼层 (共6层) | 1994年 | 3室1厅 | 78.12平米 | 南 北,https://ke-image.ljcdn.com/110000-inspection/pc1_0VcZUQucd.jpg!m_fill,w_280,h_210,f_jpg?from=ke.com
20241023,石景山,苹果园,101123264618,模式口西里 2室1厅 东南,245万,38908元/平,顶层 (共16层) | 1988年 | 2室1厅 | 62.97平米 | 东南,https://ke-image.ljcdn.com/110000-inspection/pc1_VeOpboGdm.jpg!m_fill,w_280,h_210,f_jpg?from=ke.com
20241023,石景山,苹果园,101123173076,西山枫林三期 新上 东西向两居室 商品房房主自荐,385万,45279元/平,高楼层 (共10层) | 2006年 | 2室1厅 | 85.03平米 | 东 西,https://ke-image.ljcdn.com/110000-inspection/pc1_Fqq90sJjW.jpg!m_fill,w_280,h_210,f_jpg?from=ke.com
20241023,石景山,苹果园,101123171749,金顶街五区 2室1厅 东南,465万,46265元/平,高楼层 (共24层) | 2003年 | 2室1厅 | 100.51平米 | 东南,https://ke-image.ljcdn.com/110000-inspection/pc1_DSX8lIEBF.jpg!m_fill,w_280,h_210,f_jpg?from=ke.com
20241023,石景山,苹果园,101123159786,金顶街59号院南北通透正规三居室房主自荐,488万,51597元/平,顶层 (共6层) | 2004年 | 3室1厅 | 94.58平米 | 南 北,https://ke-image.ljcdn.com/110000-inspection/pc1_CxIDVHYbh.jpg!m_fill,w_280,h_210,f_jpg?from=ke.com
20241023,石景山,苹果园,101123152737,模式口南里 2室1厅 南,210万,38618元/平,底层 (共6层) | 1986年 | 2室1厅 | 54.38平米 | 南,https://ke-image.ljcdn.com/110000-inspection/65ff56ba-4bb6-4ab3-8548-80a5c47db286_1000.jpg!m_fill,w_280,h_210,f_jpg?from=ke.com
20241023,石景山,苹果园,101123149510,此房满五年唯一商品房精装修门口位置诚心出售；,259万,39908元/平,高楼层 (共16层) | 1987年 | 2室1厅 | 64.9平米 | 西 东北,https://ke-image.ljcdn.com/110000-inspection/c8aaaee1-f1cb-41a0-9376-bfdaec12030f_1000.jpg!m_fill,w_280,h_210,f_jpg?from=ke.com
20241023,石景山,苹果园,101123131708,海特花园西区南北通透 全明格局 前后双花园 视野开阔房主自荐,337万,48827元/平,高楼层 (共6层) | 1994年 | 2室1厅 | 69.02平米 | 南 北,https://ke-image.ljcdn.com/110000-inspection/39998948-94a2-409a-9f72-8de04281ccb5_1000.jpg!m_fill,w_280,h_210,f_jpg?from=ke.com
20241023,石景山,苹果园,101123129555,金顶街五区西南朝向 高楼层 采光好 视野开阔房主自荐,530万,57039元/平,高楼层 (共24层) | 2005年 | 2室1厅 | 92.92平米 | 东南,https://ke-image.ljcdn.com/110000-inspection/pc1_9DYXKOgZz.jpg!m_fill,w_280,h_210,f_jpg?from=ke.com
20241023,石景山,苹果园,101123127861,苹果园二区 户型方正 采光充足 视野开阔,298万,50993元/平,中楼层 (共16层) | 1994年 | 2室1厅 | 58.44平米 | 东南,https://ke-image.ljcdn.com/110000-inspection/b430c7b6-68cc-4369-8800-07564e7e5f39_1000.jpg!m_fill,w_280,h_210,f_jpg?from=ke.com
20241023,石景山,苹果园,101123126738,正规南北通透两居室带客厅 99年楼龄,335万,49630元/平,顶层 (共6层) | 1999年 | 2室1厅 | 67.5平米 | 南 北,https://ke-image.ljcdn.com/110000-inspection/pc1_zwjk64qAM.jpg!m_fill,w_280,h_210,f_jpg?from=ke.com
20241023,石景山,苹果园,101123122913,苹果园小区三区新登记南向大两居,318万,38881元/平,底层 (共16层) | 1995年 | 2室1厅 | 81.79平米 | 南,https://ke-image.ljcdn.com/110000-inspection/pc1_nRjfAm0LV_1.jpg!m_fill,w_280,h_210,f_jpg?from=ke.com
20241023,石景山,苹果园,101123118765,西山枫林三期两室两厅户型 精装修视野好诚意出售,499万,52889元/平,顶层 (共10层) | 2006年 | 2室2厅 | 94.35平米 | 东 西,https://ke-image.ljcdn.com/110000-inspection/5f6a7bdf-8862-41d4-a355-ce5da1845ab4_1000.jpg!m_fill,w_280,h_210,f_jpg?from=ke.com
20241023,石景山,苹果园,101123118296,西下庄 南北通透两居室 满五唯一商品房,285万,40616元/平,高楼层 (共6层) | 1998年 | 2室1厅 | 70.17平米 | 南 北,https://ke-image.ljcdn.com/110000-inspection/pc1_E7u0q0Ej1.jpg!m_fill,w_280,h_210,f_jpg?from=ke.com
20241023,石景山,苹果园,101123111729,模式口南里眼镜户型低楼层优质楼房,235万,39050元/平,低楼层 (共12层) | 1988年 | 2室1厅 | 60.18平米 | 南,https://ke-image.ljcdn.com/110000-inspection/pc1_SuvF6gnjc.jpg!m_fill,w_280,h_210,f_jpg?from=ke.com
20241023,石景山,苹果园,101123089683,西井三区正规三居室  南北通透近地铁 楼龄新,395万,50185元/平,顶层 (共6层) | 1994年 | 3室1厅 | 78.71平米 | 南 北,https://ke-image.ljcdn.com/110000-inspection/3cc0e30b-720d-4e17-8fe0-66ce8d15b514_1000.jpg!m_fill,w_280,h_210,f_jpg?from=ke.com
20241023,石景山,苹果园,101123060271,西山枫林一二期精装修四居室 诚心出售,599万,67221元/平,顶层 (共11层) | 2004年 | 4室1厅 | 89.11平米 | 南 北,https://ke-image.ljcdn.com/110000-inspection/d823329f-e691-419f-9ba9-c65f4a2f3e50_1000.jpg!m_fill,w_280,h_210,f_jpg?from=ke.com
20241023,石景山,苹果园,101122991680,金福苑 正规两居室 南北通透 采光不错房主自荐,275万,42829元/平,低楼层 (共7层) | 1996年 | 2室1厅 | 64.21平米 | 南 北,https://ke-image.ljcdn.com/110000-inspection/pc1_1dcRnBpoR.jpg!m_fill,w_280,h_210,f_jpg?from=ke.com
20241023,石景山,苹果园,101122955546,铸造村 2室1厅 南,266万,32607元/平,底层 (共16层) | 1997年 | 2室1厅 | 81.58平米 | 南,https://ke-image.ljcdn.com/110000-inspection/pc1_5AuXro5NW.jpg!m_fill,w_280,h_210,f_jpg?from=ke.com
20241023,石景山,苹果园,101122951002,八大处副食楼  精装修  中间楼层房主自荐,280万,41177元/平,中楼层 (共6层) 2室1厅 | 68平米 | 东南 北,https://ke-image.ljcdn.com/110000-inspection/pc1_XiwMKsXpW.jpg!m_fill,w_280,h_210,f_jpg?from=ke.com
20241023,石景山,苹果园,101122949609,南北通透 两居 正规客厅 无遮挡 地铁700米,245万,41212元/平,顶层 (共6层) 2室1厅 | 59.45平米 | 南 北,https://ke-image.ljcdn.com/110000-inspection/dd6fa95e-4c1d-43a8-8282-5524273d8cad_1000.jpg!m_fill,w_280,h_210,f_jpg?from=ke.com
20241023,石景山,苹果园,101122881300,金顶街五区 2室1厅 西南,420万,50162元/平,高楼层 (共24层) | 2003年 | 2室1厅 | 83.73平米 | 西南,https://ke-image.ljcdn.com/110000-inspection/pc1_h4jeZWo66.jpg!m_fill,w_280,h_210,f_jpg?from=ke.com
20241023,石景山,苹果园,101122811695,模式口西里 2室1厅 南,225万,41652元/平,中楼层 (共6层) | 1990年 | 2室1厅 | 54.02平米 | 南,https://ke-image.ljcdn.com/110000-inspection/pc1_WNq9HRBwY.jpg!m_fill,w_280,h_210,f_jpg?from=ke.com
20241023,石景山,苹果园,101122775813,西下庄东西两居室 卧室大通透性强房主自荐,209万,36674元/平,中楼层 (共5层) | 1989年 | 2室1厅 | 56.99平米 | 东 西,https://ke-image.ljcdn.com/110000-inspection/49c5f2ff-461b-4f05-bb47-c5c1b5050633_1000.jpg!m_fill,w_280,h_210,f_jpg?from=ke.com
20241023,石景山,苹果园,101122666567,西井小区二区    正规两室一厅,279万,48254元/平,底层 (共6层) | 1980年 | 2室1厅 | 57.82平米 | 南 北,https://ke-image.ljcdn.com/110000-inspection/pc1_xXXel4iF9.jpg!m_fill,w_280,h_210,f_jpg?from=ke.com
20241023,石景山,苹果园,101122629104,模式口南里 2室1厅 南 北,225万,38065元/平,顶层 (共6层) | 1987年 | 2室1厅 | 59.11平米 | 南 北,https://ke-image.ljcdn.com/110000-inspection/d0811d6b-e0e2-401a-ab62-0dfcf5d6e0ed_1000.jpg!m_fill,w_280,h_210,f_jpg?from=ke.com
20241023,石景山,苹果园,101122599311,金泰阁 2室1厅 西南,539万,52901元/平,中楼层 (共18层) | 2003年 | 2室1厅 | 101.89平米 | 西南,https://ke-image.ljcdn.com/110000-inspection/pc1_ancpnxB4b.jpg!m_fill,w_280,h_210,f_jpg?from=ke.com
20241023,石景山,苹果园,101122596765,模式口西里 3室1厅 西北,256万,39446元/平,低楼层 (共16层) | 1988年 | 3室1厅 | 64.9平米 | 西北,https://ke-image.ljcdn.com/110000-inspection/pc1_1NTx2nSJ7.jpg!m_fill,w_280,h_210,f_jpg?from=ke.com
20241023,石景山,苹果园,101122582482,金顶北路9号院 南北通透带正规客厅 非顶层！,260万,39647元/平,高楼层 (共7层) | 1999年 | 2室1厅 | 65.58平米 | 南 北,https://ke-image.ljcdn.com/110000-inspection/47994741-1452-4eb0-b7bf-94cbbab27981_1000.jpg!m_fill,w_280,h_210,f_jpg?from=ke.com
20241023,石景山,苹果园,101122497510,苹果园小区一区 地铁附近 精装修 拎包入住房主自荐,268万,45370元/平,顶层 (共6层) | 1985年 | 2室1厅 | 59.07平米 | 东 西,https://ke-image.ljcdn.com/110000-inspection/pc1_UZqYUhJyM.jpg!m_fill,w_280,h_210,f_jpg?from=ke.com
20241023,石景山,苹果园,101122489773,苹果园二区优质三居室。有钥匙看房方便,399万,46542元/平,低楼层 (共16层) | 1997年 | 3室1厅 | 85.73平米 | 东 南 北,https://ke-image.ljcdn.com/110000-inspection/pc1_MoWgyRCfm.jpg!m_fill,w_280,h_210,f_jpg?from=ke.com
20241023,石景山,苹果园,101122425375,模式口北里低楼层精装修一居室业主诚心出售！,178万,38084元/平,低楼层 (共6层) | 1996年 | 1室1厅 | 46.74平米 | 东 西,https://ke-image.ljcdn.com/110000-inspection/pc1_YVKEXEfB6.jpg!m_fill,w_280,h_210,f_jpg?from=ke.com
20241023,石景山,苹果园,101122249816,金福苑 1室1厅 南,235万,49589元/平,低楼层 (共7层) | 1995年 | 1室1厅 | 47.39平米 | 南,https://ke-image.ljcdn.com/110000-inspection/pc1_GckwjEtWn.jpg!m_fill,w_280,h_210,f_jpg?from=ke.com
20241023,石景山,苹果园,101122158891,海特花园西区精装修南北通透两居室房主自荐,268万,44682元/平,顶层 (共7层) | 1997年 | 2室1厅 | 59.98平米 | 南 北,https://ke-image.ljcdn.com/110000-inspection/pc1_SsxGDE9im.jpg!m_fill,w_280,h_210,f_jpg?from=ke.com
20241023,石景山,苹果园,101122041192,海特花园满五年唯一正规一室一厅,270万,40891元/平,底层 (共7层) | 1998年 | 1室1厅 | 66.03平米 | 西,https://ke-image.ljcdn.com/110000-inspection/pc1_S2ZiOWJav.jpg!m_fill,w_280,h_210,f_jpg?from=ke.com
20241023,石景山,苹果园,101121949181,小区配套成熟交通便利。近地铁。,339万,49245元/平,中楼层 (共6层) | 1999年 | 2室2厅 | 68.84平米 | 东 西,https://ke-image.ljcdn.com/110000-inspection/pc1_xFn6TF8HM.jpg!m_fill,w_280,h_210,f_jpg?from=ke.com
20241023,石景山,苹果园,101121610092,模式口西里 两室一厅 双阳台 全明格局,205万,35884元/平,底层 (共7层) | 1990年 | 2室1厅 | 57.13平米 | 南 北,https://ke-image.ljcdn.com/110000-inspection/pc1_LMnWGnRZl.jpg!m_fill,w_280,h_210,f_jpg?from=ke.com
20241023,石景山,苹果园,101121605935,金顶街四区 南北通透 板楼二层 不临街,380万,52793元/平,低楼层 (共6层) | 1999年 | 2室1厅 | 71.98平米 | 北 南,https://ke-image.ljcdn.com/110000-inspection/pc1_VyLOSfhxG.jpg!m_fill,w_280,h_210,f_jpg?from=ke.com
20241023,石景山,苹果园,101121566164,模式口东里小区两居室中间层简单装修。,209万,33521元/平,中楼层 (共6层) | 1990年 | 2室1厅 | 62.35平米 | 东 西,https://ke-image.ljcdn.com/110000-inspection/pc1_UpD5NvMCu.jpg!m_fill,w_280,h_210,f_jpg?from=ke.com
20241023,石景山,苹果园,101121474884,金福苑正规三居室 南北通透低楼层楼龄新,498万,51735元/平,低楼层 (共7层) | 2002年 | 3室1厅 | 96.26平米 | 南 北,https://ke-image.ljcdn.com/110000-inspection/4faf6095-8bbc-4187-a577-5cf5664cfb1b_1000.jpg!m_fill,w_280,h_210,f_jpg?from=ke.com
20241023,石景山,苹果园,101121412584,苹果园小区四区 2室1厅 东北 南,450万,47579元/平,低楼层 (共18层) | 2002年 | 2室1厅 | 94.58平米 | 东北 南,https://ke-image.ljcdn.com/110000-inspection/pc1_paX3R8HYW.jpg!m_fill,w_280,h_210,f_jpg?from=ke.com
20241023,石景山,苹果园,101121411760,苹果园小区四区  满五唯一 地铁100米,505万,52588元/平,底层 (共18层) | 2001年 | 2室2厅 | 96.03平米 | 西北,https://ke-image.ljcdn.com/110000-inspection/pc1_FGKnPxxW2.jpg!m_fill,w_280,h_210,f_jpg?from=ke.com
20241023,石景山,苹果园,101121346857,满五唯一商品房  户型方正   东南大两居房主自荐,468万,46342元/平,底层 (共20层) 2室1厅 | 100.99平米 | 东 南,https://ke-image.ljcdn.com/110000-inspection/pc1_zeOh9xPex.jpg!m_fill,w_280,h_210,f_jpg?from=ke.com
20241023,石景山,苹果园,101121239272,苹果园三区全明格局两居室诚心出售,359万,48234元/平,低楼层 (共16层) 2室1厅 | 74.43平米 | 南 北,https://ke-image.ljcdn.com/110000-inspection/76615ad5-f500-4e5a-a91d-6ca3e23807a2_1000.jpg!m_fill,w_280,h_210,f_jpg?from=ke.com
20241023,石景山,苹果园,101121180936,苹果园一区  南北通透 满五年唯一房主自荐,320万,47059元/平,顶层 (共6层) 2室1厅 | 68平米 | 南 北,https://ke-image.ljcdn.com/110000-inspection/pc1_UiungV4At.jpg!m_fill,w_280,h_210,f_jpg?from=ke.com
20241023,石景山,苹果园,101121148752,金顶街五区   2003年楼龄   南向大两居   近地铁,468万,46411元/平,低楼层 (共24层) | 2003年 | 2室1厅 | 100.84平米 | 南,https://ke-image.ljcdn.com/110000-inspection/pc1_V6XLx3GK9.jpg!m_fill,w_280,h_210,f_jpg?from=ke.com
20241023,石景山,苹果园,101121113027,苹果园二区 满五年三居室 高楼层 视野好 采光好,398万,46425元/平,高楼层 (共16层) | 1994年 | 3室1厅 | 85.73平米 | 西南 北,https://ke-image.ljcdn.com/110000-inspection/63c23b4f-b30f-4485-bca6-1877a20ecfc0_1000.jpg!m_fill,w_280,h_210,f_jpg?from=ke.com
20241023,石景山,苹果园,101121057145,石景山模式口西里 精装修南北两居室 全明格局90年钢混房主自荐,235万,37114元/平,高楼层 (共6层) | 1990年 | 2室1厅 | 63.32平米 | 南 北,https://ke-image.ljcdn.com/110000-inspection/pc1_0tBKS1OGA.jpg!m_fill,w_280,h_210,f_jpg?from=ke.com
20241023,石景山,苹果园,101120973981,此房满五年唯一、南北通透、小区中间位置、采光视野好,320万,43314元/平,高楼层 (共7层) 2室1厅 | 73.88平米 | 南 北,https://ke-image.ljcdn.com/110000-inspection/pc1_vsNsnOaX0.jpg!m_fill,w_280,h_210,f_jpg?from=ke.com
20241023,石景山,苹果园,101120620759,西井小区 3室1厅 南 北,680万,47693元/平,中楼层 (共6层) | 2003年 | 3室1厅 | 142.58平米 | 南 北,https://ke-image.ljcdn.com/110000-inspection/pc1_1fzYWddnU_1.jpg!m_fill,w_280,h_210,f_jpg?from=ke.com
20241023,石景山,苹果园,101120606050,海特花园低楼层厨房卫生间都有窗户,330万,43251元/平,底层 (共6层) | 1994年 | 2室1厅 | 76.3平米 | 南 北,https://ke-image.ljcdn.com/110000-inspection/pc1_WvW4019Xc.jpg!m_fill,w_280,h_210,f_jpg?from=ke.com
20241023,石景山,苹果园,101120327350,模式口东里 3室1厅 南 北,350万,42512元/平,高楼层 (共16层) | 1992年 | 3室1厅 | 82.33平米 | 南 北,https://ke-image.ljcdn.com/110000-inspection/pc1_aLFoyR2m6.jpg!m_fill,w_280,h_210,f_jpg?from=ke.com
20241023,石景山,苹果园,101120299683,金顶阳光西南向两居室好楼层好户型。,505万,55956元/平,高楼层 (共21层) | 2009年 | 2室1厅 | 90.25平米 | 西南,https://ke-image.ljcdn.com/110000-inspection/pc1_UdJLlkKlR_1.jpg!m_fill,w_280,h_210,f_jpg?from=ke.com
20241023,石景山,苹果园,101119623952,金顶街赵山南向一居室  中间楼层 精装修 业主诚售,182万,39258元/平,中楼层 (共6层) 1室1厅 | 46.36平米 | 南,https://ke-image.ljcdn.com/110000-inspection/pc1_8jeJs2FOG.jpg!m_fill,w_280,h_210,f_jpg?from=ke.com
20241023,石景山,苹果园,101119187906,满五年非唯一房改房 2000年钢混结构房主自荐,275万,48985元/平,中楼层 (共14层) | 2000年 | 2室1厅 | 56.14平米 | 南 北,https://ke-image.ljcdn.com/110000-inspection/pc1_BcNtDgt2i_1.jpg!m_fill,w_280,h_210,f_jpg?from=ke.com
20241023,石景山,苹果园,101119018569,金顶阳光 满五年唯一 视野好 不临街房主自荐,450万,51015元/平,中楼层 (共21层) | 2009年 | 2室1厅 | 88.21平米 | 东,https://ke-image.ljcdn.com/110000-inspection/pc1_8WbK8Khoq.jpg!m_fill,w_280,h_210,f_jpg?from=ke.com
20241023,石景山,苹果园,101118783047,金福苑低楼层精装修2002年楼龄,408万,52174元/平,底层 (共7层) | 2002年 | 2室1厅 | 78.2平米 | 南 北,https://ke-image.ljcdn.com/110000-inspection/pc1_c9HaCLp27_1.jpg!m_fill,w_280,h_210,f_jpg?from=ke.com
20241023,石景山,苹果园,101118258484,海特花园东区 满五唯一商品房 中间层视野好,320万,49667元/平,中楼层 (共18层) | 2004年 | 1室1厅 | 64.43平米 | 北,https://ke-image.ljcdn.com/110000-inspection/pc1_U0rNFbc3k_1.jpg!m_fill,w_280,h_210,f_jpg?from=ke.com
20241023,石景山,苹果园,101112849535,金顶阳光 全南朝向 明厨明卫 满五年唯一 采光视野好,560万,63142元/平,低楼层 (共21层) | 2009年 | 2室1厅 | 88.69平米 | 南,https://ke-image.ljcdn.com/110000-inspection/3d2bb6a6-6871-43ed-aff2-a1ecace45705_1000.jpg!m_fill,w_280,h_210,f_jpg?from=ke.com
20241023,石景山,苹果园,101127201478,苹果园小区二区 2室1厅 东南新上,268万,45860元/平,顶层 (共16层) | 1997年 | 2室1厅 | 58.44平米 | 东南,https://ke-image.ljcdn.com/110000-inspection/6b0b79f2-041d-44c7-8253-b7f0db58945c_1000.jpg!m_fill,w_280,h_210,f_jpg?from=ke.com
20241023,石景山,苹果园,101127197020,海特花园西区中高楼层南北通透正规两居室。新上,278万,42521元/平,高楼层 (共6层) | 1994年 | 2室1厅 | 65.38平米 | 南 北,https://ke-image.ljcdn.com/110000-inspection/pc1_Pk4v0Wkhd_1.jpg!m_fill,w_280,h_210,f_jpg?from=ke.com
20241023,石景山,苹果园,101127196426,市政疗养院  刚需  南向  两室一厅新上,180万,35864元/平,顶层 (共5层) | 1981年 | 2室1厅 | 50.19平米 | 南 北,https://ke-image.ljcdn.com/110000-inspection/pc1_HDteD4IdX.jpg!m_fill,w_280,h_210,f_jpg?from=ke.com
20241023,石景山,苹果园,101127196270,工疗宿舍   南北通透  中间楼层新上,270万,47311元/平,中楼层 (共5层) | 1993年 | 2室1厅 | 57.07平米 | 南 北,https://ke-image.ljcdn.com/110000-inspection/c2a1775a-81c7-4b37-adb5-58adb3a46183_1000.jpg!m_fill,w_280,h_210,f_jpg?from=ke.com
20241023,石景山,苹果园,101127173452,铸造村 2室1厅 东南新上,223万,38159元/平,底层 (共16层) | 1997年 | 2室1厅 | 58.44平米 | 东南,https://ke-image.ljcdn.com/110000-inspection/pc1_fnefuG4bC.jpg!m_fill,w_280,h_210,f_jpg?from=ke.com
20241023,石景山,苹果园,101127158552,西井一区三居室南北通透 近地铁 满五唯一新上,215万,33848元/平,顶层 (共6层) | 1982年 | 3室1厅 | 63.52平米 | 南 北,https://ke-image.ljcdn.com/110000-inspection/pc1_yDsXR6xFg.jpg!m_fill,w_280,h_210,f_jpg?from=ke.com
20241023,石景山,苹果园,101127158515,电厂院正规两居 精装修有钥匙 靠谱出售新上,286万,40701元/平,中楼层 (共6层) | 1999年 | 2室1厅 | 70.27平米 | 南 北,https://ke-image.ljcdn.com/110000-inspection/pc1_dvA6x1u4E.jpg!m_fill,w_280,h_210,f_jpg?from=ke.com
20241023,石景山,苹果园,101127155547,模式口北里 2室1厅 南 北,339万,33386元/平,低楼层 (共3层) | 1993年 | 2室1厅 | 101.54平米 | 南 北,https://ke-image.ljcdn.com/110000-inspection/e83b7035-2846-4cbe-944a-7c6f9021555f_1000.jpg!m_fill,w_280,h_210,f_jpg?from=ke.com
20241023,石景山,苹果园,101127114086,金顶阳光 2室1厅 南新上,410万,45816元/平,低楼层 (共21层) | 2009年 | 2室1厅 | 89.49平米 | 南,https://ke-image.ljcdn.com/110000-inspection/pc1_H4UiGsOVU_1.jpg!m_fill,w_280,h_210,f_jpg?from=ke.com
20241023,石景山,苹果园,101127114051,金顶街五区 2室1厅 西南新上,410万,44267元/平,底层 (共24层) | 2005年 | 2室1厅 | 92.62平米 | 西南,https://ke-image.ljcdn.com/110000-inspection/pc1_lazX8AZHc.jpg!m_fill,w_280,h_210,f_jpg?from=ke.com
20241023,石景山,苹果园,101127081691,模式口西里 板楼一层 全明格局 正规两居室带客厅房主自荐,280万,49920元/平,底层 (共6层) | 1991年 | 2室1厅 | 56.09平米 | 南,https://ke-image.ljcdn.com/110000-inspection/d650e16e-5a75-4c6b-8394-e16dd544c64f_1000.jpg!m_fill,w_280,h_210,f_jpg?from=ke.com
20241023,石景山,苹果园,101127076685,金顶北路九号院 精装修 南北通透两居室 优质好房,265万,38501元/平,高楼层 (共7层) | 1999年 | 2室1厅 | 68.83平米 | 南 北,https://ke-image.ljcdn.com/110000-inspection/cf11bf6a-0263-4ac0-bc9d-6f03524ffbaa_1000.jpg!m_fill,w_280,h_210,f_jpg?from=ke.com
20241023,石景山,苹果园,101127062036,广宁村户型方正南北通透正规两室一厅,178万,26707元/平,顶层 (共6层) | 1989年 | 2室1厅 | 66.65平米 | 南 北,https://ke-image.ljcdn.com/110000-inspection/pc1_8VqpO6glM_1.jpg!m_fill,w_280,h_210,f_jpg?from=ke.com
20241023,石景山,苹果园,101127060632,广宁村正规两居室户型方正业主诚心出售,259万,35504元/平,低楼层 (共18层) | 2019年 | 2室1厅 | 72.95平米 | 南 西,https://ke-image.ljcdn.com/110000-inspection/pc1_hHWYAJLXw.jpg!m_fill,w_280,h_210,f_jpg?from=ke.com
20241023,石景山,苹果园,101127045523,金泰阁 2室1厅 南,438万,46956元/平,低楼层 (共18层) | 2003年 | 2室1厅 | 93.28平米 | 南,https://ke-image.ljcdn.com/110000-inspection/pc1_5eiMn7cI1.jpg!m_fill,w_280,h_210,f_jpg?from=ke.com
20241023,石景山,苹果园,101127032555,苹果园二区 近地铁 正规两室一厅 电梯房,299万,37801元/平,低楼层 (共16层) | 1994年 | 2室1厅 | 79.1平米 | 西南,https://ke-image.ljcdn.com/110000-inspection/pc1_VCjkVh2Vl.jpg!m_fill,w_280,h_210,f_jpg?from=ke.com
20241023,石景山,苹果园,101127024545,金顶街四区 南北通透 正规两居一厅 社区成熟,365万,49372元/平,底层 (共6层) | 1999年 | 2室1厅 | 73.93平米 | 南 北,https://ke-image.ljcdn.com/110000-inspection/e95301f2-9d0d-4e97-a61d-5bf8d8e1bb58_1000.jpg!m_fill,w_280,h_210,f_jpg?from=ke.com
20241023,石景山,苹果园,101127012123,模式口中里 南北通透两室一厅 户型好  楼龄新,195万,31391元/平,顶层 (共6层) | 2000年 | 2室1厅 | 62.12平米 | 南 北,https://ke-image.ljcdn.com/110000-inspection/pc1_tb0j2GOwf.jpg!m_fill,w_280,h_210,f_jpg?from=ke.com
20241023,石景山,苹果园,101127002882,西山枫林一二期~三居室不临街满五唯一商品房新上,645万,54413元/平,低楼层 (共10层) | 2005年 | 3室2厅 | 118.54平米 | 南 北,https://ke-image.ljcdn.com/110000-inspection/pc1_6TTDumTOb.jpg!m_fill,w_280,h_210,f_jpg?from=ke.com
20241023,石景山,苹果园,101126996507,西山枫林一二期 3室2厅 南 北新上,680万,56367元/平,中楼层 (共11层) | 2004年 | 3室2厅 | 120.64平米 | 南 北,https://ke-image.ljcdn.com/110000-inspection/66965160-b696-40fd-a271-eb38f4727853_1000.jpg!m_fill,w_280,h_210,f_jpg?from=ke.com
20241023,石景山,苹果园,101126995220,模式口北里 两居室楼龄新 户型方正明厨明卫 采光好房主自荐,179万,33192元/平,顶层 (共6层) | 1996年 | 2室1厅 | 53.93平米 | 东,https://ke-image.ljcdn.com/110000-inspection/pc1_zFhwxkz7J.jpg!m_fill,w_280,h_210,f_jpg?from=ke.com
20241023,石景山,苹果园,101126962869,林业楼 2室1厅 南 北,240万,40637元/平,顶层 (共6层) 2室1厅 | 59.06平米 | 南 北,https://ke-image.ljcdn.com/110000-inspection/pc1_7WljVnodc.jpg!m_fill,w_280,h_210,f_jpg?from=ke.com
20241023,石景山,苹果园,101126952946,西黄新村北里 1室1厅 西,370万,51049元/平,中楼层 (共23层) | 2004年 | 1室1厅 | 72.48平米 | 西,https://ke-image.ljcdn.com/110000-inspection/pc1_M2XWyibh1.jpg!m_fill,w_280,h_210,f_jpg?from=ke.com
20241023,石景山,苹果园,101126943244,广宁村 2室1厅 南 西,290万,39280元/平,中楼层 (共18层) 2室1厅 | 73.83平米 | 南 西,https://ke-image.ljcdn.com/110000-inspection/pc1_Ue2PIq6G7_1.jpg!m_fill,w_280,h_210,f_jpg?from=ke.com
20241023,石景山,苹果园,101126941535,西山枫林三期 南北三居室不临街 满五年唯一,662万,52024元/平,顶层 (共10层) | 2006年 | 3室1厅 | 127.25平米 | 南 北,https://ke-image.ljcdn.com/110000-inspection/pc1_kjsq3VZL2.jpg!m_fill,w_280,h_210,f_jpg?from=ke.com
20241023,石景山,苹果园,101126940291,西黄新村北里 3室2厅 南,635万,50170元/平,高楼层 (共23层) | 2003年 | 3室2厅 | 126.57平米 | 南,https://ke-image.ljcdn.com/110000-inspection/pc1_UX9EnyC0W.jpg!m_fill,w_280,h_210,f_jpg?from=ke.com
20241023,石景山,苹果园,101126936288,雍景双庐 2室1厅 西,345万,48517元/平,中楼层 (共25层) | 2007年 | 2室1厅 | 71.11平米 | 西,https://ke-image.ljcdn.com/110000-inspection/pc1_9hCkYzY05.jpg!m_fill,w_280,h_210,f_jpg?from=ke.com
20241023,石景山,苹果园,101126910854,金顶街三区正规两居室 楼龄新 近地铁 诚心卖,375万,41350元/平,底层 (共24层) | 2003年 | 2室2厅 | 90.69平米 | 东北,https://ke-image.ljcdn.com/110000-inspection/pc1_GsnAELFfb.jpg!m_fill,w_280,h_210,f_jpg?from=ke.com
20241023,石景山,苹果园,101126906982,海特花园满五唯一低楼层两居室出行方便配套齐全,239万,37769元/平,底层 (共18层) | 1996年 | 2室1厅 | 63.28平米 | 西南,https://ke-image.ljcdn.com/110000-inspection/pc1_qyp3l6B4S_1.jpg!m_fill,w_280,h_210,f_jpg?from=ke.com
20241023,石景山,苹果园,101126906780,海特花园南北向三居室高楼层采光通风好诚心出售。,325万,39452元/平,顶层 (共6层) | 1993年 | 3室1厅 | 82.38平米 | 南 北,https://ke-image.ljcdn.com/110000-inspection/pc1_flbtidUdi.jpg!m_fill,w_280,h_210,f_jpg?from=ke.com
20241023,石景山,苹果园,101126889038,赵山 2室1厅 南 北房主自荐,266万,40334元/平,底层 (共5层) | 2000年 | 2室1厅 | 65.95平米 | 南 北,https://ke-image.ljcdn.com/110000-inspection/cc7821ea-ab6d-4085-9e9d-db3b17c235a9_1000.jpg!m_fill,w_280,h_210,f_jpg?from=ke.com
20241023,石景山,苹果园,101126876220,金顶阳光 2室1厅 西南,439万,49034元/平,中楼层 (共21层) | 2009年 | 2室1厅 | 89.53平米 | 西南,https://ke-image.ljcdn.com/110000-inspection/pc1_SNjZCcAA8.jpg!m_fill,w_280,h_210,f_jpg?from=ke.com
20241023,石景山,苹果园,101126872185,6号线金安桥站旁 高层可看首钢园 视野巨棒,409万,41727元/平,高楼层 (共24层) | 2005年 | 2室1厅 | 98.02平米 | 西南,https://ke-image.ljcdn.com/110000-inspection/pc1_z7kA4plU0.jpg!m_fill,w_280,h_210,f_jpg?from=ke.com
20241023,石景山,苹果园,101126858331,满五年唯一南北通透距离6号线杨庄站地铁1公里,288万,46830元/平,高楼层 (共6层) | 1994年 | 2室1厅 | 61.5平米 | 南 北,https://ke-image.ljcdn.com/110000-inspection/pc1_Uqr4qaUJV_1.jpg!m_fill,w_280,h_210,f_jpg?from=ke.com
20241023,石景山,苹果园,101126841427,模式口西里 M11号线6号线金安桥站南北中间层两居,205万,32489元/平,中楼层 (共6层) | 1991年 | 2室1厅 | 63.1平米 | 南 北,https://ke-image.ljcdn.com/110000-inspection/pc1_Gh9UfvcCg_1.jpg!m_fill,w_280,h_210,f_jpg?from=ke.com
20241023,石景山,苹果园,101126803750,西井特钢楼 户型方正 没抵押 明厨明卫 不临街,400万,51204元/平,高楼层 (共6层) | 1994年 | 3室1厅 | 78.12平米 | 南 北,https://ke-image.ljcdn.com/110000-inspection/pc1_e9vTo0lf0.jpg!m_fill,w_280,h_210,f_jpg?from=ke.com
20241023,石景山,苹果园,101126749508,模式口南里 2室1厅 南 北,245万,39683元/平,中楼层 (共6层) | 1986年 | 2室1厅 | 61.74平米 | 南 北,https://ke-image.ljcdn.com/110000-inspection/pc1_INVYA3HFh.jpg!m_fill,w_280,h_210,f_jpg?from=ke.com
20241023,石景山,苹果园,101126746170,满五年唯一精装修三居室距离6号线地铁650米,345万,45134元/平,高楼层 (共6层) | 1991年 | 3室2厅 | 76.44平米 | 东 西,https://ke-image.ljcdn.com/110000-inspection/pc1_P5FYwU0Mv_1.jpg!m_fill,w_280,h_210,f_jpg?from=ke.com
20241023,石景山,苹果园,101126738924,地铁口花园社区次顶层观景房落地窗阳台随时可看,573万,62371元/平,高楼层 (共18层) 2室2厅 | 91.87平米 | 东北,https://ke-image.ljcdn.com/110000-inspection/pc1_7ibkDGxNe.jpg!m_fill,w_280,h_210,f_jpg?from=ke.com
20241023,石景山,苹果园,101126698145,苹果园小区三区 2室1厅 南 北,310万,45046元/平,顶层 (共6层) | 1999年 | 2室1厅 | 68.82平米 | 南 北,https://ke-image.ljcdn.com/110000-inspection/pc1_ErW29tln0.jpg!m_fill,w_280,h_210,f_jpg?from=ke.com
20241023,石景山,苹果园,101126695866,房子小区门口位置南北通透两室正规客户,268万,47292元/平,底层 (共6层) | 1987年 | 2室1厅 | 56.67平米 | 南 北,https://ke-image.ljcdn.com/110000-inspection/pc1_Firhvewrh_1.jpg!m_fill,w_280,h_210,f_jpg?from=ke.com
20241023,石景山,苹果园,101126692775,西山枫林四期  南北通透  带二楼,355万,41795元/平,顶层 (共6层) 2室1厅 | 84.94平米 | 南 北,https://ke-image.ljcdn.com/110000-inspection/pc1_MfmEZA9Xw.jpg!m_fill,w_280,h_210,f_jpg?from=ke.com
20241023,石景山,苹果园,101126648753,海特花园西区 2室1厅 北 南,212万,38588元/平,顶层 (共6层) | 1993年 | 2室1厅 | 54.94平米 | 北 南,https://ke-image.ljcdn.com/110000-inspection/pc1_iX47mqNyn.jpg!m_fill,w_280,h_210,f_jpg?from=ke.com
20241023,石景山,苹果园,101126635644,苹果园小区四区 2室2厅 西 北,435万,45172元/平,低楼层 (共18层) | 2001年 | 2室2厅 | 96.3平米 | 西 北,https://ke-image.ljcdn.com/110000-inspection/0d192f84-5807-4efa-9627-1a01beb440d8_1000.jpg!m_fill,w_280,h_210,f_jpg?from=ke.com
20241023,石景山,苹果园,101126632108,庐师山庄  环境优美 靠近八大处,2998万,55040元/平,地下室 (共2层) | 2006年 | 6室3厅 | 544.7平米 | 南 北,https://ke-image.ljcdn.com/110000-inspection/pc1_8jXro7aYa_1.jpg!m_fill,w_280,h_210,f_jpg?from=ke.com
20241023,石景山,苹果园,101126628518,西山枫林四期 3室1厅 南 北,580万,47776元/平,高楼层 (共6层) | 2006年 | 3室1厅 | 121.4平米 | 南 北,https://ke-image.ljcdn.com/110000-inspection/3e9f93e6-cb01-4458-aa94-66e459680131_1000.jpg!m_fill,w_280,h_210,f_jpg?from=ke.com
20241023,石景山,苹果园,101126598664,西山枫林三期 满五唯一商品房 户型方正 无遮挡,649万,51002元/平,中楼层 (共10层) | 2006年 | 3室1厅 | 127.25平米 | 南 北,https://ke-image.ljcdn.com/110000-inspection/8a46a959-6b31-496b-a1cd-43a44fbae94d_1000.jpg!m_fill,w_280,h_210,f_jpg?from=ke.com
20241023,石景山,苹果园,101126580288,模式口中里小三层户型  满五年唯一 精装修,478万,47080元/平,顶层 (共3层) | 1993年 | 3室2厅 | 101.53平米 | 南 北,https://ke-image.ljcdn.com/110000-inspection/189ee987-0dab-4a75-a563-34f0c051e3c3_1000.jpg!m_fill,w_280,h_210,f_jpg?from=ke.com
20241023,石景山,苹果园,101126575843,西山枫林三期 南北通透三居 高楼层无遮挡 户型方正,600万,51103元/平,高楼层 (共10层) | 2006年 | 3室1厅 | 117.41平米 | 南 北,https://ke-image.ljcdn.com/110000-inspection/pc1_pfZbDaJEt.jpg!m_fill,w_280,h_210,f_jpg?from=ke.com
20241023,石景山,苹果园,101126574578,金顶街四区 3室1厅 西南 北,389万,49179元/平,低楼层 (共16层) | 1995年 | 3室1厅 | 79.1平米 | 西南 北,https://ke-image.ljcdn.com/110000-inspection/pc1_sah7jOXjr_1.jpg!m_fill,w_280,h_210,f_jpg?from=ke.com
20241023,石景山,苹果园,101126485384,精装修  南北三居室 高楼层,678万,60450元/平,高楼层 (共28层) | 2019年 | 3室2厅 | 112.16平米 | 南 西 北,https://ke-image.ljcdn.com/110000-inspection/pc1_X4oKmab8r_1.jpg!m_fill,w_280,h_210,f_jpg?from=ke.com
20241023,石景山,苹果园,101126480728,模式口南里 1室1厅 南 北,160万,40466元/平,底层 (共6层) | 1986年 | 1室1厅 | 39.54平米 | 南 北,https://ke-image.ljcdn.com/110000-inspection/pc1_dGyM86Kt1.jpg!m_fill,w_280,h_210,f_jpg?from=ke.com
20241023,石景山,苹果园,101126474162,2019年建成 南北向两居室 6号线西黄村站,536万,60158元/平,顶层 (共12层) 2室2厅 | 89.1平米 | 南 北,https://ke-image.ljcdn.com/110000-inspection/pc1_WCtoiOTXI.jpg!m_fill,w_280,h_210,f_jpg?from=ke.com
20241023,石景山,苹果园,101126443480,西山枫林一二期高楼层两居室户型方正采光视野好房主自荐,460万,48052元/平,顶层 (共10层) | 2005年 | 2室1厅 | 95.73平米 | 东 南 西,https://ke-image.ljcdn.com/110000-inspection/pc1_RlIm4tNlI.jpg!m_fill,w_280,h_210,f_jpg?from=ke.com
20241023,石景山,苹果园,101126438655,西山枫林四期 正规两室一厅 户型方正,385万,38551元/平,顶层 (共6层) 2室2厅 | 99.87平米 | 东 西,https://ke-image.ljcdn.com/110000-inspection/pc1_oG3atA9FV_1.jpg!m_fill,w_280,h_210,f_jpg?from=ke.com
20241023,石景山,苹果园,101126384130,2007年商品社区 地铁6号线西黄村站,349万,49406元/平,高楼层 (共25层) | 2007年 | 1室1厅 | 70.64平米 | 西,https://ke-image.ljcdn.com/110000-inspection/pc1_LR7I4RcA3.jpg!m_fill,w_280,h_210,f_jpg?from=ke.com
20241023,石景山,苹果园,101126383788,海特花园西区 精装修南北通透 诚心出售,285万,51566元/平,顶层 (共7层) 2室1厅 | 55.27平米 | 南 北,https://ke-image.ljcdn.com/110000-inspection/2bc40d26-51e0-407e-b819-7aa22fad09a5_1000.jpg!m_fill,w_280,h_210,f_jpg?from=ke.com
20241023,石景山,苹果园,101126359137,建疗宿舍 2室1厅 南 北,230万,39223元/平,顶层 (共5层) | 1983年 | 2室1厅 | 58.64平米 | 南 北,https://ke-image.ljcdn.com/110000-inspection/faf734b9-acd5-4b01-a81f-b81b4e277214_1000.jpg!m_fill,w_280,h_210,f_jpg?from=ke.com
20241023,石景山,苹果园,101126346284,苹果园小区四区,399万,41434元/平,中楼层 (共18层) | 2001年 | 2室1厅 | 96.3平米 | 东 北,https://ke-image.ljcdn.com/110000-inspection/pc1_orIhd9sFj_1.jpg!m_fill,w_280,h_210,f_jpg?from=ke.com
20241023,石景山,苹果园,101126333547,金泰阁 1室1厅 东,350万,46580元/平,高楼层 (共18层) | 2003年 | 1室1厅 | 75.14平米 | 东,https://ke-image.ljcdn.com/110000-inspection/pc1_lDORurqK0_1.jpg!m_fill,w_280,h_210,f_jpg?from=ke.com
20241023,石景山,苹果园,101126329107,铸造村 3室1厅 南 北,348万,40593元/平,中楼层 (共16层) | 1997年 | 3室1厅 | 85.73平米 | 南 北,https://ke-image.ljcdn.com/110000-inspection/50c28338-c21a-4458-986c-9e1d0b08cf5f_1000.jpg!m_fill,w_280,h_210,f_jpg?from=ke.com
20241023,石景山,苹果园,101126321863,金顶街一区 2室1厅 南 北,180万,38047元/平,顶层 (共6层) 2室1厅 | 47.31平米 | 南 北,https://ke-image.ljcdn.com/110000-inspection/pc1_2BvbnWkJK_1.jpg!m_fill,w_280,h_210,f_jpg?from=ke.com
20241023,石景山,苹果园,101126301281,林业楼 1室1厅 南,155万,38140元/平,中楼层 (共6层) 1室1厅 | 40.64平米 | 南,https://ke-image.ljcdn.com/110000-inspection/pc1_1ORO1z4v2_1.jpg!m_fill,w_280,h_210,f_jpg?from=ke.com
20241023,石景山,苹果园,101126247982,花园社区 复式5居室 地铁6号线西黄村站,1399万,65610元/平,顶层 (共20层) 5室2厅 | 213.23平米 | 南 北,https://ke-image.ljcdn.com/110000-inspection/577b3653-4ea4-41d6-8cb4-585d181db098_1000.jpg!m_fill,w_280,h_210,f_jpg?from=ke.com
20241023,石景山,苹果园,101126233910,西山枫林一二期 南北精装修 两居室 诚心出售,475万,54199元/平,底层 (共11层) | 2004年 | 2室1厅 | 87.64平米 | 南 北,https://ke-image.ljcdn.com/110000-inspection/pc1_AfNoW64HU.jpg!m_fill,w_280,h_210,f_jpg?from=ke.com
20241023,石景山,苹果园,101126202305,模式口西里 2室1厅 东南,158万,29211元/平,低楼层 (共16层) | 1990年 | 2室1厅 | 54.09平米 | 东南,https://ke-image.ljcdn.com/110000-inspection/pc1_bUvxKSgtJ.jpg!m_fill,w_280,h_210,f_jpg?from=ke.com
20241023,石景山,苹果园,101126166065,赵山 1室1厅 南房主自荐,195万,38892元/平,高楼层 (共6层) | 1998年 | 1室1厅 | 50.14平米 | 南,https://ke-image.ljcdn.com/110000-inspection/pc1_QtcT4q70v.jpg!m_fill,w_280,h_210,f_jpg?from=ke.com
20241023,石景山,苹果园,101126162497,模式口南里 2室1厅 南,187万,29575元/平,顶层 (共6层) | 1991年 | 2室1厅 | 63.23平米 | 南,https://ke-image.ljcdn.com/110000-inspection/pc1_2nK0xVThU.jpg!m_fill,w_280,h_210,f_jpg?from=ke.com
20241023,石景山,苹果园,101126160373,苹果园二区20号院板楼中间层南北通透近地铁,228万,42459元/平,中楼层 (共5层) | 1985年 | 2室1厅 | 53.7平米 | 南 北,https://ke-image.ljcdn.com/110000-inspection/pc1_LctVPvc63_1.jpg!m_fill,w_280,h_210,f_jpg?from=ke.com
20241023,石景山,苹果园,101126111776,模式口南里 南向两居 采光良好 钢混结构 近地铁,198万,36411元/平,中楼层 (共6层) | 1986年 | 2室1厅 | 54.38平米 | 南,https://ke-image.ljcdn.com/110000-inspection/pc1_bdUdsfDP9.jpg!m_fill,w_280,h_210,f_jpg?from=ke.com
20241023,石景山,苹果园,101126068049,93年楼龄单价3万出头苹果园商圈优质二居,187万,30407元/平,顶层 (共6层) | 1993年 | 2室1厅 | 61.5平米 | 东 西,https://ke-image.ljcdn.com/110000-inspection/pc1_gIZTuZagr.jpg!m_fill,w_280,h_210,f_jpg?from=ke.com
20241023,石景山,苹果园,101126056369,铸造村 6号线金安桥站 精装修三居室,395万,46509元/平,底层 (共16层) | 1997年 | 3室1厅 | 84.93平米 | 西南 北,https://ke-image.ljcdn.com/110000-inspection/pc1_Cg1JUVFjY_1.jpg!m_fill,w_280,h_210,f_jpg?from=ke.com
20241023,石景山,苹果园,101126049532,海特花园西区 满五年唯一 两居室有电梯,285万,35352元/平,低楼层 (共18层) | 1996年 | 2室1厅 | 80.62平米 | 西南 北,https://ke-image.ljcdn.com/110000-inspection/pc1_Jk3hzcUEV_1.jpg!m_fill,w_280,h_210,f_jpg?from=ke.com
20241023,石景山,苹果园,101126042473,板楼3层实测77平米南北通透全明格局前后都有花园,345万,49986元/平,中楼层 (共6层) | 1994年 | 2室1厅 | 69.02平米 | 南 北,https://ke-image.ljcdn.com/110000-inspection/9412d53f-d179-4601-903b-4083a0f75975_1000.jpg!m_fill,w_280,h_210,f_jpg?from=ke.com
20241023,石景山,苹果园,101126041990,西井一区 近地铁 两居室 中间楼层,195万,38591元/平,中楼层 (共6层) | 1982年 | 2室1厅 | 50.53平米 | 东 西,https://ke-image.ljcdn.com/110000-inspection/pc1_YP88dDzpN_1.jpg!m_fill,w_280,h_210,f_jpg?from=ke.com
20241023,石景山,苹果园,101126030241,苹果园小区四区 2室1厅 东南,365万,45107元/平,低楼层 (共18层) | 2002年 | 2室1厅 | 80.92平米 | 东南,https://ke-image.ljcdn.com/110000-inspection/3b0c4f24-6b0e-41eb-8aa1-68bec627fd24_1000.jpg!m_fill,w_280,h_210,f_jpg?from=ke.com
20241023,石景山,苹果园,101126030083,海特花园电梯房精装修中高楼层正规三居室。,478万,43364元/平,高楼层 (共18层) | 1999年 | 3室1厅 | 110.23平米 | 东南 北,https://ke-image.ljcdn.com/110000-inspection/454282d4-06a4-4fab-95b2-67f4cd55658a_1000.jpg!m_fill,w_280,h_210,f_jpg?from=ke.com
20241023,石景山,苹果园,101126011063,海特花园西区全明格局满五年按唯一出售,360万,36961元/平,高楼层 (共6层) 2室1厅 | 97.4平米 | 南 北,https://ke-image.ljcdn.com/110000-inspection/pc1_qgXKMRscs_1.jpg!m_fill,w_280,h_210,f_jpg?from=ke.com
20241023,石景山,苹果园,101125926617,禧瑞学府 车位,29.8万,7988元/平,地下室 1室0厅 | 37.31平米 | 南,https://ke-image.ljcdn.com/110000-inspection/pc1_Plmxx4f3X_1.jpg!m_fill,w_280,h_210,f_jpg?from=ke.com
20241023,石景山,苹果园,101125860357,带电梯东南向两居室门口位置满五年唯一诚心出售,198万,31444元/平,中楼层 (共16层) | 1987年 | 2室1厅 | 62.97平米 | 东南,https://ke-image.ljcdn.com/110000-inspection/pc1_T8PYGPmVn_1.jpg!m_fill,w_280,h_210,f_jpg?from=ke.com
20241023,石景山,苹果园,101125831668,商品房 房龄新 生活配套齐全 近地铁 采光无遮挡,465万,47080元/平,低楼层 (共25层) | 2007年 | 2室1厅 | 98.77平米 | 西南,https://ke-image.ljcdn.com/110000-inspection/pc1_uGeSrCsXC.jpg!m_fill,w_280,h_210,f_jpg?from=ke.com
20241023,石景山,苹果园,101125813284,西山枫林三期洋房,626万,59247元/平,中楼层 (共10层) | 2006年 | 3室1厅 | 105.66平米 | 南 北,https://ke-image.ljcdn.com/110000-inspection/pc1_diTBzISjG.jpg!m_fill,w_280,h_210,f_jpg?from=ke.com
20241023,石景山,苹果园,101125768193,使用率高全新精装南北通透价格能谈直接住,253万,42679元/平,顶层 (共7层) | 1998年 | 2室1厅 | 59.28平米 | 南 北,https://ke-image.ljcdn.com/110000-inspection/3e644c8d-6345-45f7-a337-a14ae8cd93b0_1000.jpg!m_fill,w_280,h_210,f_jpg?from=ke.com
20241023,石景山,苹果园,101125759390,模式口东里南北通透两居室明厨明卫！,235万,39371元/平,高楼层 (共6层) | 1990年 | 2室1厅 | 59.69平米 | 南 北,https://ke-image.ljcdn.com/110000-inspection/pc1_zodo5uZ0l_1.jpg!m_fill,w_280,h_210,f_jpg?from=ke.com
20241023,石景山,苹果园,101125733038,苹果园小区一区 满五年唯一 2000年楼龄 近地铁,408万,47070元/平,高楼层 (共18层) | 2000年 | 3室1厅 | 86.68平米 | 东 西 北,https://ke-image.ljcdn.com/110000-inspection/pc1_v6651CxgK.jpg!m_fill,w_280,h_210,f_jpg?from=ke.com
20241023,石景山,苹果园,101125729036,带电梯两居室精装修满五年唯一商品房,175万,32354元/平,中楼层 (共16层) | 1990年 | 2室0厅 | 54.09平米 | 东南,https://ke-image.ljcdn.com/110000-inspection/pc1_gUsOkWG7P.jpg!m_fill,w_280,h_210,f_jpg?from=ke.com
20241023,石景山,苹果园,101125715369,海特花园东区 1室1厅 南 北,249万,44616元/平,顶层 (共7层) | 1999年 | 1室1厅 | 55.81平米 | 南 北,https://ke-image.ljcdn.com/110000-inspection/pc1_Jt0fhSVP9.jpg!m_fill,w_280,h_210,f_jpg?from=ke.com
20241023,石景山,苹果园,101125710110,金顶街模式口西里首钢小区两居室诚心出售,190万,35166元/平,高楼层 (共6层) | 1991年 | 2室1厅 | 54.03平米 | 东,https://ke-image.ljcdn.com/110000-inspection/471380c2-71a9-4cc2-982a-52c844656d0d_1000.jpg!m_fill,w_280,h_210,f_jpg?from=ke.com
20241023,石景山,苹果园,101125690410,金顶街五区正规两室一厅交通便利配套设施齐全,409万,38257元/平,顶层 (共24层) 2室1厅 | 106.91平米 | 西南,https://ke-image.ljcdn.com/110000-inspection/pc1_QXvQ5q6uQ.jpg!m_fill,w_280,h_210,f_jpg?from=ke.com
20241023,石景山,苹果园,101125683394,金顶街东南向两居室 临近地铁 户型方正 拎包入住,470万,50419元/平,低楼层 (共24层) | 2003年 | 2室1厅 | 93.22平米 | 南 东,https://ke-image.ljcdn.com/110000-inspection/pc1_XbELIYRov.jpg!m_fill,w_280,h_210,f_jpg?from=ke.com
20241023,石景山,苹果园,101125671890,模式口西里 3室1厅 东 西,239万,29037元/平,顶层 (共6层) 3室1厅 | 82.31平米 | 东 西,https://ke-image.ljcdn.com/110000-inspection/pc1_AG7ntiyqp.jpg!m_fill,w_280,h_210,f_jpg?from=ke.com
20241023,石景山,苹果园,101125642450,西山枫林一二期  南北通透 观西山,438万,47424元/平,顶层 (共11层) | 2004年 | 3室1厅 | 92.36平米 | 南 北,https://ke-image.ljcdn.com/110000-inspection/8d253d2a-6bb7-4fe6-b4a8-123e4388e7e9_1000.jpg!m_fill,w_280,h_210,f_jpg?from=ke.com
20241023,石景山,苹果园,101125641798,海特东区 满五年唯一 中间层 小区安静 不临街,369万,43877元/平,中楼层 (共7层) | 1999年 | 2室1厅 | 84.1平米 | 东 西,https://ke-image.ljcdn.com/110000-inspection/84668460-2009-43c6-b3cd-cbd3f566c1cc_1000.jpg!m_fill,w_280,h_210,f_jpg?from=ke.com
20241023,石景山,苹果园,101125607911,枫林四期新上一居室~南北通透~户型方正~诚心出售,369万,52775元/平,顶层 (共6层) | 2008年 | 1室1厅 | 69.92平米 | 南 北,https://ke-image.ljcdn.com/110000-inspection/pc1_c5TwVmITX_1.jpg!m_fill,w_280,h_210,f_jpg?from=ke.com
20241023,石景山,苹果园,101125606331,模式口西里 2室1厅 南 北,159万,29843元/平,顶层 (共6层) | 1992年 | 2室1厅 | 53.28平米 | 南 北,https://ke-image.ljcdn.com/110000-inspection/pc1_3EhxSpSt3.jpg!m_fill,w_280,h_210,f_jpg?from=ke.com
20241023,石景山,苹果园,101125597949,建疗宿舍新上两居~南北通透~诚心出售价格可谈,240万,40928元/平,顶层 (共5层) | 1983年 | 2室1厅 | 58.64平米 | 南 北,https://ke-image.ljcdn.com/110000-inspection/4286335c-c186-4b9e-a3ae-dfdf12560856_1000.jpg!m_fill,w_280,h_210,f_jpg?from=ke.com
20241023,石景山,苹果园,101125595126,苹果园小区四区 2001年钢混 地暖 地铁100米房主自荐,379万,47334元/平,高楼层 (共6层) | 2001年 | 2室1厅 | 80.07平米 | 东 西,https://ke-image.ljcdn.com/110000-inspection/826edd02-5c54-4222-afe5-d10a92157ff8_1000.jpg!m_fill,w_280,h_210,f_jpg?from=ke.com
20241023,石景山,苹果园,101125590595,雍景四季南向两居室 满五年唯一 高楼层无遮挡,700万,63596元/平,高楼层 (共21层) 2室1厅 | 110.07平米 | 南,https://ke-image.ljcdn.com/110000-inspection/pc1_4dsnd5X7u.jpg!m_fill,w_280,h_210,f_jpg?from=ke.com
20241023,石景山,苹果园,101125584983,工疗宿舍 南北通透 正规两居室 户型方正,290万,45569元/平,低楼层 (共6层) | 1998年 | 2室1厅 | 63.64平米 | 南 北,https://ke-image.ljcdn.com/110000-inspection/pc1_jMyy2nT2Q_1.jpg!m_fill,w_280,h_210,f_jpg?from=ke.com
20241023,石景山,苹果园,101125579289,苹果园二区 精装修婚房 高楼层采光好 视野好,350万,44248元/平,高楼层 (共16层) | 1994年 | 2室1厅 | 79.1平米 | 西南,https://ke-image.ljcdn.com/110000-inspection/dc655419-cb29-4e2f-a636-eb6f19e1405f_1000.jpg!m_fill,w_280,h_210,f_jpg?from=ke.com
20241023,石景山,苹果园,101125577932,苹果园小区二区  南向大阳台  电梯直达 诚心出售,290万,41884元/平,低楼层 (共16层) | 1994年 | 1室1厅 | 69.24平米 | 南,https://ke-image.ljcdn.com/110000-inspection/pc1_hmMfa2f4V.jpg!m_fill,w_280,h_210,f_jpg?from=ke.com
20241023,石景山,苹果园,101125515448,模式口西里 中间楼层 全明格局 无抵押 看房方便,189万,33993元/平,中楼层 (共6层) | 1987年 | 2室1厅 | 55.6平米 | 南,https://ke-image.ljcdn.com/110000-inspection/pc1_caBpcPMHc.jpg!m_fill,w_280,h_210,f_jpg?from=ke.com
20241023,石景山,苹果园,101125490096,林业楼杨庄地铁口500米96年板楼南北通透两居,200万,33864元/平,顶层 (共6层) 2室1厅 | 59.06平米 | 南 北,https://ke-image.ljcdn.com/110000-inspection/pc1_VUn3ElrpM.jpg!m_fill,w_280,h_210,f_jpg?from=ke.com
20241023,石景山,苹果园,101125470398,西井三区正规两居室带客厅满五年唯一,277万,45395元/平,底层 (共6层) | 1994年 | 2室1厅 | 61.02平米 | 东 西,https://ke-image.ljcdn.com/110000-inspection/pc1_YsgGpR7EK_1.jpg!m_fill,w_280,h_210,f_jpg?from=ke.com
20241023,石景山,苹果园,101125451366,海特花园西区精装修、全屋定制家具,398万,44470元/平,底层 (共18层) | 1995年 | 3室1厅 | 89.5平米 | 南 西,https://ke-image.ljcdn.com/110000-inspection/22d97c40-6887-44eb-a997-7ce9cba4c23e_1000.jpg!m_fill,w_280,h_210,f_jpg?from=ke.com
20241023,石景山,苹果园,101125447489,雍景四季 车位,26万,8283元/平,地下室 | 2010年 | 1室0厅 | 31.39平米 | 南,https://ke-image.ljcdn.com/110000-inspection/pc1_Bkvs5SPme.jpg!m_fill,w_280,h_210,f_jpg?from=ke.com
20241023,石景山,苹果园,101125432496,海特花园西区南北通透次顶层两居室,298万,43158元/平,高楼层 (共7层) | 1996年 | 2室1厅 | 69.05平米 | 南 北,https://ke-image.ljcdn.com/110000-inspection/pc1_kjcyq6nm1.jpg!m_fill,w_280,h_210,f_jpg?from=ke.com
20241023,石景山,苹果园,101125432024,19年社区中楼层 采光好 视野棒 地铁,446万,57534元/平,中楼层 (共26层) | 2019年 | 2室1厅 | 77.52平米 | 南,https://ke-image.ljcdn.com/110000-inspection/6ee99b2a-85bf-4c0c-8c95-05666536db47_1000.jpg!m_fill,w_280,h_210,f_jpg?from=ke.com
20241023,石景山,苹果园,101125413205,此房满五唯一中间楼层采光充足配套齐全近地铁,470万,47351元/平,中楼层 (共24层) | 2005年 | 2室1厅 | 99.26平米 | 东,https://ke-image.ljcdn.com/110000-inspection/pc1_KbHU4wHzD.jpg!m_fill,w_280,h_210,f_jpg?from=ke.com
20241023,石景山,苹果园,101125411665,西山枫林四期南北四居室 中间位置不临街生活安静,539万,43155元/平,顶层 (共6层) | 2007年 | 4室2厅 | 124.9平米 | 南 北,https://ke-image.ljcdn.com/110000-inspection/pc1_E76hGDk4o_1.jpg!m_fill,w_280,h_210,f_jpg?from=ke.com
20241023,石景山,苹果园,101125407084,海特花园西区电梯房中楼层好楼层南向两居室。,378万,41312元/平,中楼层 (共18层) 2室1厅 | 91.5平米 | 南,https://ke-image.ljcdn.com/110000-inspection/pc1_8CaFUsnhD.jpg!m_fill,w_280,h_210,f_jpg?from=ke.com
20241023,石景山,苹果园,101125327211,西山枫林三期高楼层全明格局一居室房主自荐,326万,47633元/平,中楼层 (共10层) | 2006年 | 1室1厅 | 68.44平米 | 东北,https://ke-image.ljcdn.com/110000-inspection/pc1_jayTkb56W_1.jpg!m_fill,w_280,h_210,f_jpg?from=ke.com
20241023,石景山,苹果园,101125314544,模式口北里 2室2厅 东 西,265万,37478元/平,顶层 (共6层) | 1997年 | 2室2厅 | 70.71平米 | 东 西,https://ke-image.ljcdn.com/110000-inspection/pc1_oEqrGdS4T_1.jpg!m_fill,w_280,h_210,f_jpg?from=ke.com
20241023,石景山,苹果园,101125301009,雍景四季 2室2厅 南 北,715万,62819元/平,顶层 (共16层) 2室2厅 | 113.82平米 | 南 北,https://ke-image.ljcdn.com/110000-inspection/6d764110-007e-4521-b56c-d1266e05b780_1000.jpg!m_fill,w_280,h_210,f_jpg?from=ke.com
20241023,石景山,苹果园,101125295908,19年社区次顶层 采光好 视野棒 地铁,409万,57444元/平,高楼层 (共16层) | 2019年 | 2室1厅 | 71.2平米 | 东 西,https://ke-image.ljcdn.com/110000-inspection/c67b6670-36fa-4c0b-b291-18ea88ff8054_1000.jpg!m_fill,w_280,h_210,f_jpg?from=ke.com
20241023,石景山,苹果园,101125295231,叠翠庭苑一区低楼层两居室、无遮挡、出入方便、楼龄新房主自荐,375万,48532元/平,底层 (共26层) | 2019年 | 2室1厅 | 77.27平米 | 南,https://ke-image.ljcdn.com/110000-inspection/pc1_qwvzfXj7e.jpg!m_fill,w_280,h_210,f_jpg?from=ke.com
20241023,石景山,苹果园,101125238385,西井小区一区 2室1厅 东 南 北,218万,43143元/平,高楼层 (共6层) | 1982年 | 2室1厅 | 50.53平米 | 东 南 北,https://ke-image.ljcdn.com/110000-inspection/pc1_OSjb98qiz.jpg!m_fill,w_280,h_210,f_jpg?from=ke.com
20241023,石景山,苹果园,101125229433,西山枫林四期 低楼层 出行方便 户型方正 落地窗,650万,55523元/平,底层 (共5层) 3室2厅 | 117.07平米 | 南 西 北,https://ke-image.ljcdn.com/110000-inspection/pc1_EcklJZYCi.jpg!m_fill,w_280,h_210,f_jpg?from=ke.com
20241023,石景山,苹果园,101125202199,金顶街三区东南两居室   近地铁,418万,48707元/平,中楼层 (共24层) | 2003年 | 2室1厅 | 85.82平米 | 东南,https://ke-image.ljcdn.com/110000-inspection/c0f6e866-6a36-417c-af1f-8ea7883b7e90_1000.jpg!m_fill,w_280,h_210,f_jpg?from=ke.com
20241023,石景山,苹果园,101125190905,海特花园东区 中间楼层 楼龄新 可贷款,438万,52081元/平,中楼层 (共7层) | 1999年 | 2室1厅 | 84.1平米 | 东 西,https://ke-image.ljcdn.com/110000-inspection/5ba681f7-8c9b-499a-9df4-41b2f8cef94d_1000.jpg!m_fill,w_280,h_210,f_jpg?from=ke.com
20241023,石景山,苹果园,101125186360,海特花园西区板楼低楼层南北通透采光充足。,364万,48225元/平,底层 (共6层) | 1997年 | 2室1厅 | 75.48平米 | 南 北,https://ke-image.ljcdn.com/110000-inspection/pc1_GZL6bnUyn_1.jpg!m_fill,w_280,h_210,f_jpg?from=ke.com
20241023,石景山,苹果园,101125184033,金顶街一区 首付40万南北通透两居室 6号线金安桥,205万,43332元/平,顶层 (共6层) | 1980年 | 2室1厅 | 47.31平米 | 南 北,https://ke-image.ljcdn.com/110000-inspection/pc1_v5ZStTCvb_1.jpg!m_fill,w_280,h_210,f_jpg?from=ke.com
20241023,石景山,苹果园,101125175694,苹果园小区四区 2室1厅 南,215万,48479元/平,底层 (共5层) 2室1厅 | 44.35平米 | 南,https://ke-image.ljcdn.com/110000-inspection/pc1_exf6tbdlW.jpg!m_fill,w_280,h_210,f_jpg?from=ke.com
20241023,石景山,苹果园,101125161269,西井小区 满五唯一商品房 南北朝向通透性比较好,360万,44330元/平,高楼层 (共6层) | 2003年 | 2室1厅 | 81.21平米 | 南 北,https://ke-image.ljcdn.com/110000-inspection/e421b713-c515-4229-866c-5d4d50692272_1000.jpg!m_fill,w_280,h_210,f_jpg?from=ke.com
20241023,石景山,苹果园,101125156103,海特花园西区南北通透正规两居室采光视野充足。,298万,42258元/平,高楼层 (共7层) | 1997年 | 2室1厅 | 70.52平米 | 南 北,https://ke-image.ljcdn.com/110000-inspection/pc1_tdhuedPfa.jpg!m_fill,w_280,h_210,f_jpg?from=ke.com
20241023,石景山,苹果园,101125146307,金顶街59号院 3室1厅 南 北,410万,44455元/平,高楼层 (共6层) | 2004年 | 3室1厅 | 92.23平米 | 南 北,https://ke-image.ljcdn.com/110000-inspection/pc1_zjQDi8tYR.jpg!m_fill,w_280,h_210,f_jpg?from=ke.com
20241023,石景山,苹果园,101125112649,金福苑大两居室精装修交通方便配套完善,258万,40181元/平,顶层 (共7层) | 1996年 | 2室1厅 | 64.21平米 | 南 北,https://ke-image.ljcdn.com/110000-inspection/pc1_zRxk5UHtF.jpg!m_fill,w_280,h_210,f_jpg?from=ke.com
20241023,石景山,苹果园,101125059658,海特花园东区 正规3居 边户 西南北朝向房主自荐,370万,41504元/平,顶层 (共7层) | 1999年 | 2室1厅 | 89.15平米 | 西 南 北,https://ke-image.ljcdn.com/110000-inspection/pc1_zzWi0ohQP_1.jpg!m_fill,w_280,h_210,f_jpg?from=ke.com
20241023,石景山,苹果园,101124971977,西山枫林四期南北两居 商品房 随时可看,299万,35698元/平,顶层 (共6层) | 2008年 | 2室1厅 | 83.76平米 | 南 北,https://ke-image.ljcdn.com/110000-inspection/pc1_W5tTdRLQT.jpg!m_fill,w_280,h_210,f_jpg?from=ke.com
20241023,石景山,苹果园,101124966472,2019年建成 近地铁6号线西黄村站,459万,58509元/平,中楼层 (共28层) | 2019年 | 2室1厅 | 78.45平米 | 南,https://ke-image.ljcdn.com/110000-inspection/pc1_LkuTdTBLm.jpg!m_fill,w_280,h_210,f_jpg?from=ke.com
20241023,石景山,苹果园,101124944024,金顶街四区 板楼南向 精装一居室 中间层,290万,45814元/平,中楼层 (共6层) | 1999年 | 1室2厅 | 63.3平米 | 南,https://ke-image.ljcdn.com/110000-inspection/2eb908c6-b0b9-4019-8fde-d98068720727_1000.jpg!m_fill,w_280,h_210,f_jpg?from=ke.com
20241023,石景山,苹果园,101124930487,海特花园 满五年 电梯房 中楼层 杨庄站700米,448万,46985元/平,中楼层 (共18层) | 1999年 | 2室2厅 | 95.35平米 | 南,https://ke-image.ljcdn.com/110000-inspection/pc1_1WxflJcRj.jpg!m_fill,w_280,h_210,f_jpg?from=ke.com
20241023,石景山,苹果园,101124831256,满五唯一商品房节约您的购房成本居家装修中间层,279万,46116元/平,中楼层 (共6层) 2室1厅 | 60.5平米 | 南 北,https://ke-image.ljcdn.com/110000-inspection/pc1_k1V07oWfr_1.jpg!m_fill,w_280,h_210,f_jpg?from=ke.com
20241023,石景山,苹果园,101124802204,西井特钢楼 2室1厅 东 西,235万,38212元/平,高楼层 (共6层) 2室1厅 | 61.5平米 | 东 西,https://ke-image.ljcdn.com/110000-inspection/349ebc4f-52ad-4b5a-9973-c2b899fc38de_1000.jpg!m_fill,w_280,h_210,f_jpg?from=ke.com
20241023,石景山,苹果园,101124798013,地铁口洋房眼镜户型采光视野俱佳看房随时请咨询,949万,56314元/平,中楼层 (共10层) | 2006年 | 3室2厅 | 168.52平米 | 南 北,https://ke-image.ljcdn.com/110000-inspection/pc1_YDG3T1h4H.jpg!m_fill,w_280,h_210,f_jpg?from=ke.com
20241023,石景山,苹果园,101124727510,西南向三居室 商品房 近地铁  精装修,595万,50373元/平,低楼层 (共24层) | 2002年 | 3室1厅 | 118.12平米 | 西南,https://ke-image.ljcdn.com/110000-inspection/1e6911c4-3ff8-4a6d-8db1-3bc7e3322250_1000.jpg!m_fill,w_280,h_210,f_jpg?from=ke.com
20241023,石景山,苹果园,101124687036,距离6号线杨庄站900米。客厅面宽5米2,450万,43145元/平,顶层 (共7层) | 1999年 | 1室1厅 | 104.3平米 | 南,https://ke-image.ljcdn.com/110000-inspection/44f6dcd8-68b3-472a-9b6a-132464095568_1000.jpg!m_fill,w_280,h_210,f_jpg?from=ke.com
20241023,石景山,苹果园,101124647108,满五年唯一 精装修 地铁150米 大悦城800米,190万,43860元/平,顶层 (共6层) | 1989年 | 1室1厅 | 43.32平米 | 南 北,https://ke-image.ljcdn.com/110000-inspection/3bb5e046-c6d6-45ee-877a-c2b839b4c6cb_1000.jpg!m_fill,w_280,h_210,f_jpg?from=ke.com
20241023,石景山,苹果园,101124632723,西黄新村北里 两居室 满五年唯一,448万,48871元/平,低楼层 (共23层) | 2003年 | 2室1厅 | 91.67平米 | 东 南 北,https://ke-image.ljcdn.com/110000-inspection/76f34f26-527c-4d17-9ab9-c534aa97fdf0_1000.jpg!m_fill,w_280,h_210,f_jpg?from=ke.com
20241023,石景山,苹果园,101124607634,花园社区 6号线西黄村站  南北通透两居室,720万,64143元/平,中楼层 (共9层) 2室1厅 | 112.25平米 | 南 北,https://ke-image.ljcdn.com/110000-inspection/pc1_LupnEHtzX.jpg!m_fill,w_280,h_210,f_jpg?from=ke.com
20241023,石景山,苹果园,101124591981,青年公寓 1室0厅 南,175万,39115元/平,中楼层 (共14层) | 1997年 | 1室0厅 | 44.74平米 | 南,https://ke-image.ljcdn.com/110000-inspection/pc1_xIVmWuLFi.jpg!m_fill,w_280,h_210,f_jpg?from=ke.com
20241023,石景山,苹果园,101124529774,苹果园四区中间层两室一厅 南向 一手业主随时可看,355万,41453元/平,低楼层 (共6层) 2室1厅 | 85.64平米 | 东南,https://ke-image.ljcdn.com/110000-inspection/pc1_SrGPZuvbz.jpg!m_fill,w_280,h_210,f_jpg?from=ke.com
20241023,石景山,苹果园,101124516591,户型方正出门地铁满五唯一配套完善,233万,61739元/平,底层 (共18层) 1室1厅 | 37.74平米 | 东,https://ke-image.ljcdn.com/110000-inspection/fbfdbc83-e58f-4d5c-b3df-23aa2e01a67f_1000.jpg!m_fill,w_280,h_210,f_jpg?from=ke.com
20241023,石景山,苹果园,101124444525,海特花园东区精装修南北通透1999年楼龄。,299万,44701元/平,高楼层 (共7层) | 1999年 | 2室1厅 | 66.89平米 | 南 北,https://ke-image.ljcdn.com/110000-inspection/8f034f79-dc81-4f2a-892b-4a3e0057a72b_1000.jpg!m_fill,w_280,h_210,f_jpg?from=ke.com
20241023,石景山,苹果园,101124425014,模式口中里南北通透两居室  精装修房主自荐,286万,46040元/平,底层 (共6层) | 2000年 | 2室1厅 | 62.12平米 | 南 北,https://ke-image.ljcdn.com/110000-inspection/pc1_9wob27ZLv.jpg!m_fill,w_280,h_210,f_jpg?from=ke.com
20241023,石景山,苹果园,101124363133,雍景双庐正规两居室高楼层满五唯一,450万,49111元/平,中楼层 (共25层) | 2007年 | 2室1厅 | 91.63平米 | 西 北,https://ke-image.ljcdn.com/110000-inspection/ad844544-a95f-4fe3-aad7-82c03206e499_1000.jpg!m_fill,w_280,h_210,f_jpg?from=ke.com
20241023,石景山,苹果园,101124351430,模式口南里 1室1厅 南 北,186万,43327元/平,高楼层 (共6层) | 1986年 | 1室1厅 | 42.93平米 | 南 北,https://ke-image.ljcdn.com/110000-inspection/pc1_ZzX1YJ3kz_1.jpg!m_fill,w_280,h_210,f_jpg?from=ke.com
20241023,石景山,苹果园,101124351337,模式口西里 2室1厅 东 西,229万,37309元/平,高楼层 (共6层) | 1993年 | 2室1厅 | 61.38平米 | 东 西,https://ke-image.ljcdn.com/110000-inspection/pc1_n6JYlTD45_1.jpg!m_fill,w_280,h_210,f_jpg?from=ke.com
20241023,石景山,苹果园,101124279417,西井小区一区 3室1厅 东 西,270万,42769元/平,低楼层 (共6层) | 1984年 | 3室1厅 | 63.13平米 | 东 西,https://ke-image.ljcdn.com/110000-inspection/ae66b543-9f34-444b-8dc7-289803dd6d32_1000.jpg!m_fill,w_280,h_210,f_jpg?from=ke.com
20241023,石景山,苹果园,101124279342,满五年唯一 东西通透采光好 小区院里 安静舒适,358万,48748元/平,中楼层 (共7层) | 1999年 | 2室1厅 | 73.44平米 | 东 西,https://ke-image.ljcdn.com/110000-inspection/pc1_x9LOc3int.jpg!m_fill,w_280,h_210,f_jpg?from=ke.com
20241023,石景山,苹果园,101124241873,赵山 全南向两居室 满五年唯一,290万,40340元/平,低楼层 (共10层) 2室1厅 | 71.89平米 | 南,https://ke-image.ljcdn.com/110000-inspection/c11c237b-e68b-41df-8774-6134db6c43ca_1000.jpg!m_fill,w_280,h_210,f_jpg?from=ke.com
20241023,石景山,苹果园,101124229173,模式口南里 南北通透精装三居室 随时可看 业主诚售房主自荐,329万,41182元/平,高楼层 (共6层) | 1987年 | 3室1厅 | 79.89平米 | 南 北,https://ke-image.ljcdn.com/110000-inspection/pc1_4Z8LDURCl.jpg!m_fill,w_280,h_210,f_jpg?from=ke.com
20241023,石景山,苹果园,101124225637,叠翠庭苑二区 全南向 两居室 近地铁,485万,56122元/平,高楼层 (共28层) | 2019年 | 2室1厅 | 86.42平米 | 南 北,https://ke-image.ljcdn.com/110000-inspection/pc1_aNHR3pmMc.jpg!m_fill,w_280,h_210,f_jpg?from=ke.com
20241023,石景山,苹果园,101124223776,高楼层 落地窗 明厨明卫 地铁150米 大户型三居室房主自荐,913万,61132元/平,高楼层 (共25层) 3室1厅 | 149.35平米 | 西南,https://ke-image.ljcdn.com/110000-inspection/pc1_29dWOvLJz.jpg!m_fill,w_280,h_210,f_jpg?from=ke.com
20241023,石景山,苹果园,101124190553,苹果园小区三区满五年唯一看房方便,318万,46309元/平,高楼层 (共6层) 2室1厅 | 68.67平米 | 东南 西,https://ke-image.ljcdn.com/110000-inspection/pc1_GToQdPJna_1.jpg!m_fill,w_280,h_210,f_jpg?from=ke.com
20241023,石景山,苹果园,101124182727,2007年建成   满五年唯一   正规两居室,406万,41676元/平,底层 (共20层) | 2008年 | 2室1厅 | 97.42平米 | 西北,https://ke-image.ljcdn.com/110000-inspection/850a1c8f-53ac-4653-b461-090611a7347f_1000.jpg!m_fill,w_280,h_210,f_jpg?from=ke.com
20241023,石景山,苹果园,101124167264,海特花园西区板楼四层南北通透满五唯一商品房。,379万,40592元/平,中楼层 (共7层) | 1995年 | 2室2厅 | 93.37平米 | 南 北,https://ke-image.ljcdn.com/110000-inspection/pc1_hQwzhAzyq_1.jpg!m_fill,w_280,h_210,f_jpg?from=ke.com
20241023,石景山,苹果园,101124156834,六号线杨庄站海特花园精装三居室全明格局,335万,41605元/平,顶层 (共6层) | 1994年 | 3室1厅 | 80.52平米 | 东南,https://ke-image.ljcdn.com/110000-inspection/pc1_9LSUet2Wa_1.jpg!m_fill,w_280,h_210,f_jpg?from=ke.com
20241023,石景山,苹果园,101124137362,模式口南里 2室1厅 南,226万,41256元/平,顶层 (共6层) | 1987年 | 2室1厅 | 54.78平米 | 南,https://ke-image.ljcdn.com/110000-inspection/pc1_E1TcmnC4K_1.jpg!m_fill,w_280,h_210,f_jpg?from=ke.com
20241023,石景山,苹果园,101124132848,电厂院 精装修南北两居 中间层采光充足,298万,44692元/平,中楼层 (共6层) | 1997年 | 2室2厅 | 66.68平米 | 南 北,https://ke-image.ljcdn.com/110000-inspection/pc1_7MaGZfXTf_1.jpg!m_fill,w_280,h_210,f_jpg?from=ke.com
20241023,石景山,苹果园,101124132129,2007年商品房社区  近地铁6号线  诚心出售,428万,47361元/平,低楼层 (共25层) | 2007年 | 2室1厅 | 90.37平米 | 东南,https://ke-image.ljcdn.com/110000-inspection/pc1_ldPRUnlkf_1.jpg!m_fill,w_280,h_210,f_jpg?from=ke.com
20241023,石景山,苹果园,101124115610,模式口西里 三室一厅 业主诚意出售,248万,37702元/平,中楼层 (共16层) | 1991年 | 3室1厅 | 65.78平米 | 南 北 西 东,https://ke-image.ljcdn.com/110000-inspection/pc1_dG01KUBqV.jpg!m_fill,w_280,h_210,f_jpg?from=ke.com
20241023,石景山,苹果园,101124109693,金顶街赵山小区南北通透精装修采光好房主自荐,249万,41369元/平,高楼层 (共6层) | 1993年 | 2室1厅 | 60.19平米 | 南 北,https://ke-image.ljcdn.com/110000-inspection/b4407f6e-6490-45d6-aeee-ca030dee2a0f_1000.jpg!m_fill,w_280,h_210,f_jpg?from=ke.com
20241023,石景山,苹果园,101124102968,模式口北里 看房方便 诚心出售,348万,34273元/平,顶层 (共3层) 5室2厅 | 101.54平米 | 北 南,https://ke-image.ljcdn.com/110000-inspection/pc1_U0OvjTXb0.jpg!m_fill,w_280,h_210,f_jpg?from=ke.com
20241023,石景山,苹果园,101124102811,西山枫林三期南北通透三居室看房方便,535万,47679元/平,底层 (共10层) 3室2厅 | 112.21平米 | 南 北,https://ke-image.ljcdn.com/110000-inspection/pc1_wQjvpMvhp.jpg!m_fill,w_280,h_210,f_jpg?from=ke.com
20241023,石景山,苹果园,101124093689,金福苑小区温馨两居室 南北通透 中楼层 看房随时,278万,41474元/平,中楼层 (共7层) | 1995年 | 2室1厅 | 67.03平米 | 南 北,https://ke-image.ljcdn.com/110000-inspection/pc1_vP6ZlaKQr.jpg!m_fill,w_280,h_210,f_jpg?from=ke.com
20241023,石景山,苹果园,101124076477,西山枫林四期 3室1厅 南 北,389万,40174元/平,顶层 (共6层) | 2006年 | 3室1厅 | 96.83平米 | 南 北,https://ke-image.ljcdn.com/110000-inspection/pc1_X7LbHPqiq.jpg!m_fill,w_280,h_210,f_jpg?from=ke.com
20241023,石景山,苹果园,101124062104,低楼层南北通透满五年唯一距6号线杨庄地铁1公里,236万,40578元/平,底层 (共6层) | 1993年 | 2室1厅 | 58.16平米 | 南 北,https://ke-image.ljcdn.com/110000-inspection/pc1_zj5pIWBaK.jpg!m_fill,w_280,h_210,f_jpg?from=ke.com
20241023,石景山,苹果园,101124026616,雍景山岚南北通透两居室诚心出售,530万,60228元/平,低楼层 (共17层) 2室1厅 | 88平米 | 南 北,https://ke-image.ljcdn.com/110000-inspection/pc1_VcP1Hocp2_1.jpg!m_fill,w_280,h_210,f_jpg?from=ke.com
20241023,石景山,苹果园,101124018736,金顶北路九号院低楼层正规两居室满五年唯一商品房。,269万,38706元/平,底层 (共6层) | 1998年 | 2室1厅 | 69.5平米 | 东 西,https://ke-image.ljcdn.com/110000-inspection/pc1_klouuln1w.jpg!m_fill,w_280,h_210,f_jpg?from=ke.com
20241023,石景山,苹果园,101124013721,模式口西里 西南 两室一厅 格局方正,233万,36850元/平,低楼层 (共6层) | 1988年 | 2室1厅 | 63.23平米 | 西南,https://ke-image.ljcdn.com/110000-inspection/pc1_3P1w3goCo.jpg!m_fill,w_280,h_210,f_jpg?from=ke.com
20241023,石景山,苹果园,101123928830,西井小区二区 2室1厅 南 北,195万,39371元/平,中楼层 (共5层) | 1982年 | 2室1厅 | 49.53平米 | 南 北,https://ke-image.ljcdn.com/110000-inspection/a3201637-d096-46c8-9e20-d8e1eb06a345_1000.jpg!m_fill,w_280,h_210,f_jpg?from=ke.com
20241023,石景山,苹果园,101123921209,地铁洋房社区南北通透满五唯一求学交通便利房主自荐,1080万,65622元/平,低楼层 (共9层) 3室2厅 | 164.58平米 | 南 北,https://ke-image.ljcdn.com/110000-inspection/e6c492ad-30d8-46e8-9983-804dad539af4_1000.jpg!m_fill,w_280,h_210,f_jpg?from=ke.com
20241023,石景山,苹果园,101123915721,广宁村 3室1厅 南,349万,37455元/平,低楼层 (共18层) 3室1厅 | 93.18平米 | 南,https://ke-image.ljcdn.com/110000-inspection/pc1_E8TzvenE6.jpg!m_fill,w_280,h_210,f_jpg?from=ke.com
20241023,石景山,苹果园,101123899709,西井四区 南北通透 一室一厅 楼龄新 地铁600米,245万,45641元/平,高楼层 (共6层) | 2000年 | 1室1厅 | 53.68平米 | 西南 北,https://ke-image.ljcdn.com/110000-inspection/pc1_VV2TJbQCE.jpg!m_fill,w_280,h_210,f_jpg?from=ke.com
20241023,石景山,苹果园,101123899282,西山枫林一二期东西南两居室 高楼层视野好没有遮挡,518万,53981元/平,中楼层 (共11层) | 2004年 | 2室1厅 | 95.96平米 | 东 南 西,https://ke-image.ljcdn.com/110000-inspection/c59309f5-56ef-4d07-bd26-527916cc1c97_1000.jpg!m_fill,w_280,h_210,f_jpg?from=ke.com
20241023,石景山,苹果园,101123894427,海特花园西区 2室1厅 南 北,278万,43677元/平,顶层 (共7层) | 1995年 | 2室1厅 | 63.65平米 | 南 北,https://ke-image.ljcdn.com/110000-inspection/pc1_nFVWV7KaE.jpg!m_fill,w_280,h_210,f_jpg?from=ke.com
20241023,石景山,苹果园,101123892508,苹果园小区二区户型方正中间楼层精装修诚心出售房主自荐,335万,57324元/平,中楼层 (共16层) | 1997年 | 2室1厅 | 58.44平米 | 东南,https://ke-image.ljcdn.com/110000-inspection/pc1_gilQ6juq8.jpg!m_fill,w_280,h_210,f_jpg?from=ke.com
20241023,石景山,苹果园,101123891054,金顶街四区塔楼东南向视野好采光好房主自荐,284万,48597元/平,底层 (共16层) | 1995年 | 2室1厅 | 58.44平米 | 南,https://ke-image.ljcdn.com/110000-inspection/1ea567b7-9fca-4dde-ba38-089eaef47a33_1000.jpg!m_fill,w_280,h_210,f_jpg?from=ke.com
20241023,石景山,苹果园,101123882217,海特花园东区 1室1厅 西,335万,56522元/平,高楼层 (共18层) | 2004年 | 1室1厅 | 59.27平米 | 西,https://ke-image.ljcdn.com/110000-inspection/pc1_NWnf53BcN.jpg!m_fill,w_280,h_210,f_jpg?from=ke.com
20241023,石景山,苹果园,101123849431,苹果园小区一区 2室1厅 东 北,289万,44531元/平,低楼层 (共16层) | 1989年 | 2室1厅 | 64.9平米 | 东 北,https://ke-image.ljcdn.com/110000-inspection/bbfb39b4-682c-454a-abae-3fb665ce875e_1000.jpg!m_fill,w_280,h_210,f_jpg?from=ke.com
20241023,石景山,苹果园,101123837412,苹果园小区一区近地铁南北通透板楼,275万,45826元/平,中楼层 (共6层) | 1985年 | 2室1厅 | 60.01平米 | 南 北,https://ke-image.ljcdn.com/110000-inspection/pc1_qU50QwbH0_1.jpg!m_fill,w_280,h_210,f_jpg?from=ke.com
20241023,石景山,苹果园,101123805584,模式口西里 2室1厅 南,220万,39569元/平,底层 (共6层) 2室1厅 | 55.6平米 | 南,https://ke-image.ljcdn.com/110000-inspection/b12d216d-263e-465b-a4bf-160f24922452_1000.jpg!m_fill,w_280,h_210,f_jpg?from=ke.com
20241023,石景山,苹果园,101123797151,金福苑小区温馨两居室 南北通透户型 看房随时房主自荐,208万,35357元/平,底层 (共7层) | 1995年 | 2室1厅 | 58.83平米 | 南 北,https://ke-image.ljcdn.com/110000-inspection/pc1_96SsgHoht_1.jpg!m_fill,w_280,h_210,f_jpg?from=ke.com
20241023,石景山,苹果园,101123735170,西山枫林四期 楼层高 采光充足 视野开阔,347万,41315元/平,顶层 (共6层) 2室1厅 | 83.99平米 | 南 北,https://ke-image.ljcdn.com/110000-inspection/pc1_z938eUPss.jpg!m_fill,w_280,h_210,f_jpg?from=ke.com
20241023,石景山,苹果园,101123706338,雍景双庐正规两居室高楼层可看西山和日落满五唯一,459万,49767元/平,高楼层 (共25层) | 2007年 | 2室1厅 | 92.23平米 | 东北,https://ke-image.ljcdn.com/110000-inspection/pc1_sm41bs0vk.jpg!m_fill,w_280,h_210,f_jpg?from=ke.com
20241023,石景山,苹果园,101123655587,精装修南北通透 满五年唯一 采光视野好,295万,48243元/平,顶层 (共10层) | 1997年 | 2室1厅 | 61.15平米 | 南 北,https://ke-image.ljcdn.com/110000-inspection/12137520-fa8b-43d1-bdac-07a53e7d0a61_1000.jpg!m_fill,w_280,h_210,f_jpg?from=ke.com
20241023,石景山,苹果园,101123633188,西山枫林三期 商品房 不临街 卫生间带窗户 高楼层,339万,45243元/平,中楼层 (共10层) | 2006年 | 2室1厅 | 74.93平米 | 东 北,https://ke-image.ljcdn.com/110000-inspection/38b2a9e2-129d-4192-bb28-d8971f0fb17c_1000.jpg!m_fill,w_280,h_210,f_jpg?from=ke.com
20241023,石景山,苹果园,101123564702,模式口南里 1室1厅 南 西 北,186万,41959元/平,顶层 (共6层) | 1986年 | 1室1厅 | 44.33平米 | 南 西 北,https://ke-image.ljcdn.com/110000-inspection/pc1_MIFQxwSkX.jpg!m_fill,w_280,h_210,f_jpg?from=ke.com
20241023,石景山,苹果园,101123555330,八大处路甲26号院-西山枫林四期,515万,56346元/平,高楼层 (共6层) | 2009年 | 2室1厅 | 91.4平米 | 西南,https://ke-image.ljcdn.com/110000-inspection/84fedb6a-29ed-4470-b49e-49fa041f6e5b_1000.jpg!m_fill,w_280,h_210,f_jpg?from=ke.com
20241023,石景山,苹果园,101123555250,八大处-西下庄宿舍院-建疗宿舍,208万,43799元/平,中楼层 (共5层) | 1975年 | 2室1厅 | 47.49平米 | 南 西 北,https://ke-image.ljcdn.com/110000-inspection/pc1_60C6GB1cY_1.jpg!m_fill,w_280,h_210,f_jpg?from=ke.com
20241023,石景山,苹果园,101123548857,西山枫林一二期方正一居 全明格局 落地窗,389万,55564元/平,中楼层 (共10层) | 2005年 | 1室1厅 | 70.01平米 | 西 北,https://ke-image.ljcdn.com/110000-inspection/pc1_r2EeqkyNP.jpg!m_fill,w_280,h_210,f_jpg?from=ke.com
20241023,石景山,苹果园,101123535636,教工楼 2室1厅 南 北,260万,45687元/平,低楼层 (共6层) | 1981年 | 2室1厅 | 56.91平米 | 南 北,https://ke-image.ljcdn.com/110000-inspection/pc1_UhKt1bQak.jpg!m_fill,w_280,h_210,f_jpg?from=ke.com
20241023,石景山,苹果园,101123465392,模式口东里小三层温馨两居室 全明格局 诚心出售,433万,42418元/平,低楼层 (共3层) | 1993年 | 2室2厅 | 102.08平米 | 东 西,https://ke-image.ljcdn.com/110000-inspection/pc1_BRXdmqRmA_1.jpg!m_fill,w_280,h_210,f_jpg?from=ke.com
20241023,石景山,苹果园,101123462384,模式口南里正规两室一厅带电梯。房主自荐,239万,36826元/平,中楼层 (共16层) | 1987年 | 2室1厅 | 64.9平米 | 东北,https://ke-image.ljcdn.com/110000-inspection/pc1_9yUzOLk6Y.jpg!m_fill,w_280,h_210,f_jpg?from=ke.com
20241023,石景山,苹果园,101123435368,模式口中里 采光好  视野不错房主自荐,299万,32402元/平,顶层 (共6层) | 1999年 | 2室1厅 | 92.28平米 | 东 西,https://ke-image.ljcdn.com/110000-inspection/pc1_2S9cQV8b0_1.jpg!m_fill,w_280,h_210,f_jpg?from=ke.com
20241023,石景山,苹果园,101123426740,金顶街四区南北通透小三居满五年 地铁站旁,249万,42362元/平,低楼层 (共6层) | 1980年 | 3室1厅 | 58.78平米 | 南 北,https://ke-image.ljcdn.com/110000-inspection/e209d163-deb5-49e7-86b2-3ba98474e40e_1000.jpg!m_fill,w_280,h_210,f_jpg?from=ke.com
20241023,石景山,苹果园,101123415578,海特花园南北向两居室落地窗采光充足,270万,45547元/平,顶层 (共7层) 2室1厅 | 59.28平米 | 南 北,https://ke-image.ljcdn.com/110000-inspection/pc1_ZbCc1Vspa.jpg!m_fill,w_280,h_210,f_jpg?from=ke.com
20241023,石景山,苹果园,101123383998,满五唯一 2007年楼龄 中高楼层,369万,52237元/平,高楼层 (共25层) | 2007年 | 1室1厅 | 70.64平米 | 西,https://ke-image.ljcdn.com/110000-inspection/pc1_0WbtvWxs6.jpg!m_fill,w_280,h_210,f_jpg?from=ke.com
20241023,石景山,苹果园,101123377210,海特花园满五年唯一视野采光好。,245万,41330元/平,顶层 (共7层) | 1998年 | 2室1厅 | 59.28平米 | 南 北,https://ke-image.ljcdn.com/110000-inspection/df06ec52-154a-4623-b6d1-87b39a342cd3_1000.jpg!m_fill,w_280,h_210,f_jpg?from=ke.com
20241023,石景山,苹果园,101123320860,金顶街四区 南北通透两居 采光充足 视野开阔,316万,43359元/平,顶层 (共6层) 2室1厅 | 72.88平米 | 南 北,https://ke-image.ljcdn.com/110000-inspection/901bc03b-8ba6-4e5a-90e6-5d07db4e5529_1000.jpg!m_fill,w_280,h_210,f_jpg?from=ke.com
20241023,石景山,苹果园,101123288727,西井四区满五年唯一 全明格局1996年 距离地铁800米,297万,40261元/平,高楼层 (共6层) | 1996年 | 2室1厅 | 73.77平米 | 东 西 南,https://ke-image.ljcdn.com/110000-inspection/pc1_ngBhvSzTu_1.jpg!m_fill,w_280,h_210,f_jpg?from=ke.com
20241023,石景山,苹果园,101123275515,模式口南里 1室1厅 南 北,175万,40765元/平,中楼层 (共6层) 1室1厅 | 42.93平米 | 南 北,https://ke-image.ljcdn.com/110000-inspection/pc1_KWGtdMCUH_1.jpg!m_fill,w_280,h_210,f_jpg?from=ke.com
20241023,石景山,苹果园,101123159840,店长推荐金顶街59号院南北通透两居室房主自荐,448万,56488元/平,底层 (共6层) | 2004年 | 2室1厅 | 79.31平米 | 南 北,https://ke-image.ljcdn.com/110000-inspection/b700839b-f1bc-45ae-817f-df052ec8693a_1000.jpg!m_fill,w_280,h_210,f_jpg?from=ke.com
20241023,石景山,苹果园,101123158386,模式口中里小三层3/3层视野好,398万,39051元/平,顶层 (共3层) 2室1厅 | 101.92平米 | 东南 西北,https://ke-image.ljcdn.com/110000-inspection/c26d51aa-9dc6-4c55-88d4-c48188fb2541_1000.jpg!m_fill,w_280,h_210,f_jpg?from=ke.com
20241023,石景山,苹果园,101123157302,模式口西里 板楼二层 精装修 南北通透 正规一居室,183万,42166元/平,低楼层 (共6层) | 1987年 | 1室1厅 | 43.4平米 | 南 北,https://ke-image.ljcdn.com/110000-inspection/5820d758-0029-4908-a8fa-3f3a1105c2df_1000.jpg!m_fill,w_280,h_210,f_jpg?from=ke.com
20241023,石景山,苹果园,101123156515,金顶北路九号院低楼层一居室采光好,210万,42945元/平,底层 (共6层) | 1998年 | 1室1厅 | 48.9平米 | 东南,https://ke-image.ljcdn.com/110000-inspection/pc1_CJpeOisVU_1.jpg!m_fill,w_280,h_210,f_jpg?from=ke.com
20241023,石景山,苹果园,101123156235,南北通透格局两居楼层视野宽阔配套齐全。,379万,43846元/平,高楼层 (共6层) | 1997年 | 2室2厅 | 86.44平米 | 南 北,https://ke-image.ljcdn.com/110000-inspection/pc1_DXYBDTg84_1.jpg!m_fill,w_280,h_210,f_jpg?from=ke.com
20241023,石景山,苹果园,101123156219,模式口中里大两居业主诚心卖看房方便！,368万,36051元/平,底层 (共3层) | 1993年 | 2室2厅 | 102.08平米 | 东 西,https://ke-image.ljcdn.com/110000-inspection/pc1_JFFl5CzzG_1.jpg!m_fill,w_280,h_210,f_jpg?from=ke.com
20241023,石景山,苹果园,101123147059,海特花园 满五年中间层三居室  可看房,519万,50058元/平,中楼层 (共7层) | 1995年 | 3室2厅 | 103.68平米 | 南 北,https://ke-image.ljcdn.com/110000-inspection/pc1_jS6s0uPS4_1.jpg!m_fill,w_280,h_210,f_jpg?from=ke.com
20241023,石景山,苹果园,101123146793,模式口北里电厂小区正规两居室带客厅满五年唯一。房主自荐,238万,33190元/平,顶层 (共6层) | 1999年 | 2室2厅 | 71.71平米 | 东南,https://ke-image.ljcdn.com/110000-inspection/pc1_pFl2RN6X9.jpg!m_fill,w_280,h_210,f_jpg?from=ke.com
20241023,石景山,苹果园,101123024835,苹果园三区 全明格局 交通便利 无遮挡 采光好南北通透,365万,49040元/平,低楼层 (共16层) 2室1厅 | 74.43平米 | 南 北,https://ke-image.ljcdn.com/110000-inspection/pc1_rjoYocQ53_1.jpg!m_fill,w_280,h_210,f_jpg?from=ke.com
20241023,石景山,苹果园,101123020275,海特花园西区精装修两居室视野采光好,220万,35099元/平,顶层 (共7层) | 1998年 | 2室1厅 | 62.68平米 | 东 西,https://ke-image.ljcdn.com/110000-inspection/pc1_0LCXHh9ad.jpg!m_fill,w_280,h_210,f_jpg?from=ke.com
20241023,石景山,苹果园,101123020129,琳琅庄园  商品房  钢混  电梯楼  2000年后建成,490万,45684元/平,低楼层 (共16层) | 2003年 | 2室1厅 | 107.26平米 | 南 东,https://ke-image.ljcdn.com/110000-inspection/8d47df6c-9447-4af9-849f-7a6f2d005185_1000.jpg!m_fill,w_280,h_210,f_jpg?from=ke.com
20241023,石景山,苹果园,101122962488,苹果园二区  电梯楼  杨庄地铁   苹果园地铁,380万,44326元/平,底层 (共16层) | 1994年 | 3室1厅 | 85.73平米 | 南 北,https://ke-image.ljcdn.com/110000-inspection/pc1_n2vTpj0G7.jpg!m_fill,w_280,h_210,f_jpg?from=ke.com
20241023,石景山,苹果园,101122948486,模式口北里小区温馨两居室 南北通透 诚心出售,298万,40114元/平,顶层 (共6层) | 1997年 | 2室2厅 | 74.29平米 | 南 北,https://ke-image.ljcdn.com/110000-inspection/pc1_UcojDVsL6.jpg!m_fill,w_280,h_210,f_jpg?from=ke.com
20241023,石景山,苹果园,101122871897,西山枫林三期南北三居高楼层无遮挡。,625万,53810元/平,高楼层 (共10层) | 2006年 | 3室1厅 | 116.15平米 | 南 北,https://ke-image.ljcdn.com/110000-inspection/pc1_fOHCFaibg_1.jpg!m_fill,w_280,h_210,f_jpg?from=ke.com
20241023,石景山,苹果园,101122851115,苹果园一区两居室 满五唯一商品房,268万,44445元/平,中楼层 (共16层) 2室1厅 | 60.3平米 | 南,https://ke-image.ljcdn.com/110000-inspection/14aad489-4de8-45cd-9c08-f699cdae9cb8_1000.jpg!m_fill,w_280,h_210,f_jpg?from=ke.com
20241023,石景山,苹果园,101122850602,模式口西里 南北通透 两室一厅 格局方正,230万,35045元/平,顶层 (共16层) | 1990年 | 2室1厅 | 65.63平米 | 南 北,https://ke-image.ljcdn.com/110000-inspection/pc1_VE8SQmc0B.jpg!m_fill,w_280,h_210,f_jpg?from=ke.com
20241023,石景山,苹果园,101122722750,西井小区二区 2室1厅 南 北,248万,50071元/平,中楼层 (共5层) | 1982年 | 2室1厅 | 49.53平米 | 南 北,https://ke-image.ljcdn.com/110000-inspection/pc1_NcExB2GWR.jpg!m_fill,w_280,h_210,f_jpg?from=ke.com
20241023,石景山,苹果园,101122692586,赵山供电局宿舍 南向一居室 采光好,180万,45860元/平,中楼层 (共6层) | 1986年 | 1室1厅 | 39.25平米 | 南,https://ke-image.ljcdn.com/110000-inspection/9ca98344-b33b-4568-8b4b-1a92b21a61fa_1000.jpg!m_fill,w_280,h_210,f_jpg?from=ke.com
20241023,石景山,苹果园,101122550798,海特花园东区大两居室精装修满五年唯一,410万,40383元/平,高楼层 (共7层) | 2001年 | 2室1厅 | 101.53平米 | 东 西,https://ke-image.ljcdn.com/110000-inspection/0e4beee8-787d-42df-8fe9-67aaa7ba7ac2_1000.jpg!m_fill,w_280,h_210,f_jpg?from=ke.com
20241023,石景山,苹果园,101122549022,海特花园东区南北通透两居室精装修满五年房龄新钢混,449万,48078元/平,高楼层 (共7层) 2室1厅 | 93.39平米 | 南 北,https://ke-image.ljcdn.com/110000-inspection/pc1_vLgizjfqP_1.jpg!m_fill,w_280,h_210,f_jpg?from=ke.com
20241023,石景山,苹果园,101122547361,香山南路166院东西通透两居室。,361万,42875元/平,中楼层 (共10层) | 2006年 | 2室1厅 | 84.2平米 | 东 西,https://ke-image.ljcdn.com/110000-inspection/pc1_DrnWAXyv9_1.jpg!m_fill,w_280,h_210,f_jpg?from=ke.com
20241023,石景山,苹果园,101122492729,西山枫林三期新上三居~南北通透~户型方正~诚心出售,560万,52200元/平,低楼层 (共10层) | 2006年 | 3室1厅 | 107.28平米 | 南 北,https://ke-image.ljcdn.com/110000-inspection/pc1_fxdNtNibe_1.jpg!m_fill,w_280,h_210,f_jpg?from=ke.com
20241023,石景山,苹果园,101122471911,雍景四季西南向两居户型方正全明格局,618万,59486元/平,低楼层 (共18层) 2室2厅 | 103.89平米 | 西南,https://ke-image.ljcdn.com/110000-inspection/06047033-a5cf-48f6-bab2-5280790504fd_1000.jpg!m_fill,w_280,h_210,f_jpg?from=ke.com
20241023,石景山,苹果园,101122443039,海特花园西区 2室1厅 南 北,280万,45220元/平,顶层 (共6层) | 1993年 | 2室1厅 | 61.92平米 | 南 北,https://ke-image.ljcdn.com/110000-inspection/pc1_k6v3OGmyX_1.jpg!m_fill,w_280,h_210,f_jpg?from=ke.com
20241023,石景山,苹果园,101122389913,带电梯两室一厅门口位置随时看房；,265万,40833元/平,低楼层 (共16层) | 1988年 | 2室1厅 | 64.9平米 | 西 北 东,https://ke-image.ljcdn.com/110000-inspection/e7e6de55-8c62-4d6a-91b6-4917eb6f9b43_1000.jpg!m_fill,w_280,h_210,f_jpg?from=ke.com
20241023,石景山,苹果园,101122296088,2019年建成 房龄新 视野开阔 采光充足,193万,43323元/平,底层 (共17层) | 2019年 | 1室0厅 | 44.55平米 | 西,https://ke-image.ljcdn.com/110000-inspection/d8f1d84a-8c1a-4fdb-921a-6a2f45355c41_1000.jpg!m_fill,w_280,h_210,f_jpg?from=ke.com
20241023,石景山,苹果园,101122292917,西井二区 南北通透 两居 首付60万,210万,42102元/平,中楼层 (共5层) | 1983年 | 2室1厅 | 49.88平米 | 南 北,https://ke-image.ljcdn.com/110000-inspection/pc1_EU21sS5Jp_1.jpg!m_fill,w_280,h_210,f_jpg?from=ke.com
20241023,石景山,苹果园,101122272410,石景山模式口西里地铁站坡下位置,251万,40893元/平,中楼层 (共6层) | 1991年 | 2室1厅 | 61.38平米 | 南 北,https://ke-image.ljcdn.com/110000-inspection/pc1_oQnRZHI3e_1.jpg!m_fill,w_280,h_210,f_jpg?from=ke.com
20241023,石景山,苹果园,101122237578,海特东区两居室低楼层南北通透,378万,43908元/平,底层 (共7层) | 1999年 | 2室1厅 | 86.09平米 | 南 北,https://ke-image.ljcdn.com/110000-inspection/pc1_h7j3GrG9b_1.jpg!m_fill,w_280,h_210,f_jpg?from=ke.com
20241023,石景山,苹果园,101122187669,苹果园小区二区 2室1厅 南,339万,48961元/平,低楼层 (共16层) | 1995年 | 2室1厅 | 69.24平米 | 南,https://ke-image.ljcdn.com/110000-inspection/e447f967-7945-4211-ac05-30cf133212ea_1000.jpg!m_fill,w_280,h_210,f_jpg?from=ke.com
20241023,石景山,苹果园,101122165994,海特花园东区 满五年唯一商品房  2002年电梯房房主自荐,458万,39976元/平,低楼层 (共18层) | 2002年 | 2室2厅 | 114.57平米 | 南,https://ke-image.ljcdn.com/110000-inspection/pc1_TmjZrs0cI.jpg!m_fill,w_280,h_210,f_jpg?from=ke.com
20241023,石景山,苹果园,101122145370,琳琅庄园板楼电梯南向采光好不临街,389万,54551元/平,低楼层 (共9层) 1室1厅 | 71.31平米 | 南,https://ke-image.ljcdn.com/110000-inspection/pc1_gH1xFnJ2f_1.jpg!m_fill,w_280,h_210,f_jpg?from=ke.com
20241023,石景山,苹果园,101122084633,金福苑小区南北通透两居室低楼层,339万,42658元/平,底层 (共7层) | 2002年 | 2室1厅 | 79.47平米 | 南 北,https://ke-image.ljcdn.com/110000-inspection/pc1_D29UwxAjs_1.jpg!m_fill,w_280,h_210,f_jpg?from=ke.com
20241023,石景山,苹果园,101122028772,模式口北里板楼中间层南北通透视野开阔,310万,30530元/平,低楼层 (共3层) | 1993年 | 2室2厅 | 101.54平米 | 南 北,https://ke-image.ljcdn.com/110000-inspection/pc1_c1z84A6sG_1.jpg!m_fill,w_280,h_210,f_jpg?from=ke.com
20241023,石景山,苹果园,101121985103,模式口西里 南北通透 全明格局 双阳台 采光好,235万,37243元/平,高楼层 (共7层) | 1990年 | 2室1厅 | 63.1平米 | 南 北,https://ke-image.ljcdn.com/110000-inspection/pc1_NaI3DJpza_1.jpg!m_fill,w_280,h_210,f_jpg?from=ke.com
20241023,石景山,苹果园,101121895331,模式口西里 2室1厅 南 北,216万,34232元/平,低楼层 (共6层) | 1991年 | 2室1厅 | 63.1平米 | 南 北,https://ke-image.ljcdn.com/110000-inspection/pc1_bw0jvz0Ov_1.jpg!m_fill,w_280,h_210,f_jpg?from=ke.com
20241023,石景山,苹果园,101121880720,模式口西里 2室1厅 南 北,210万,34214元/平,顶层 (共6层) | 1991年 | 2室1厅 | 61.38平米 | 南 北,https://ke-image.ljcdn.com/110000-inspection/a2841970-28f4-45c0-b7c0-4b7f6ae90db7_1000.jpg!m_fill,w_280,h_210,f_jpg?from=ke.com
20241023,石景山,苹果园,101121767161,苹果园四区 精装修两居室 距离地铁100米,375万,46864元/平,高楼层 (共6层) | 2001年 | 2室1厅 | 80.02平米 | 东 西,https://ke-image.ljcdn.com/110000-inspection/pc1_3lqpIKT9V.jpg!m_fill,w_280,h_210,f_jpg?from=ke.com
20241023,石景山,苹果园,101121718140,雍景四季优质两居 满五唯一 落地窗阳台 采光好 近地铁,690万,66417元/平,高楼层 (共18层) 2室1厅 | 103.89平米 | 西南,https://ke-image.ljcdn.com/110000-inspection/832fea29-3080-4d01-a454-fed092ea3c5c_1000.jpg!m_fill,w_280,h_210,f_jpg?from=ke.com
20241023,石景山,苹果园,101121656467,2019年建成 中间楼层 视野开阔 采光充足,495万,54909元/平,低楼层 (共12层) | 2019年 | 2室1厅 | 90.15平米 | 南 北,https://ke-image.ljcdn.com/110000-inspection/3bdf1baa-0115-4729-9361-60b5c8cb99eb_1000.jpg!m_fill,w_280,h_210,f_jpg?from=ke.com
20241023,石景山,苹果园,101121642061,此房满五唯一东南格局户型方正中高楼层采光好,1069万,46426元/平,顶层 (共24层) | 2002年 | 4室2厅 | 230.26平米 | 东南,https://ke-image.ljcdn.com/110000-inspection/pc1_S7usoy9Lg_1.jpg!m_fill,w_280,h_210,f_jpg?from=ke.com
20241023,石景山,苹果园,101121469153,铸造村 带电梯 两居室 采光通风好,256万,43806元/平,低楼层 (共16层) | 1997年 | 2室1厅 | 58.44平米 | 东 南,https://ke-image.ljcdn.com/110000-inspection/pc1_ThyNxN6HC.jpg!m_fill,w_280,h_210,f_jpg?from=ke.com
20241023,石景山,苹果园,101121447657,赵山 2室1厅 南 北,248万,41843元/平,底层 (共6层) | 1996年 | 2室1厅 | 59.27平米 | 南 北,https://ke-image.ljcdn.com/110000-inspection/2584c20f-fba6-4662-bfeb-8ae88fd5230a_1000.jpg!m_fill,w_280,h_210,f_jpg?from=ke.com
20241023,石景山,苹果园,101121264494,模式口西里 2室1厅 南 北房主自荐,235万,37800元/平,中楼层 (共6层) | 1987年 | 2室1厅 | 62.17平米 | 南 北,https://ke-image.ljcdn.com/110000-inspection/756916c6-8047-4b29-9189-9a29e34e2246_1000.jpg!m_fill,w_280,h_210,f_jpg?from=ke.com
20241023,石景山,苹果园,101121205079,整形家属院小两居~南北通透~高楼层无遮挡采光好,200万,37307元/平,高楼层 (共6层) 2室1厅 | 53.61平米 | 南 北,https://ke-image.ljcdn.com/110000-inspection/pc1_p7vyzDifv_1.jpg!m_fill,w_280,h_210,f_jpg?from=ke.com
20241023,石景山,苹果园,101120978428,金福苑 2室1厅 南 北,269万,40132元/平,中楼层 (共7层) | 1995年 | 2室1厅 | 67.03平米 | 南 北,https://ke-image.ljcdn.com/110000-inspection/305b22d9-b2ec-4a44-b383-8f3a5badb9c4_1000.jpg!m_fill,w_280,h_210,f_jpg?from=ke.com
20241023,石景山,苹果园,101120918438,满五年唯一 三面朝南采光好 小区院里 安静舒适房主自荐,413万,43315元/平,底层 (共18层) | 1999年 | 2室2厅 | 95.35平米 | 南,https://ke-image.ljcdn.com/110000-inspection/c49c5035-d5b5-4618-aff2-d02cbf29fe98_1000.jpg!m_fill,w_280,h_210,f_jpg?from=ke.com
20241023,石景山,苹果园,101120866722,苹果园小区二区 1室1厅 南,324万,46794元/平,顶层 (共16层) | 1994年 | 1室1厅 | 69.24平米 | 南,https://ke-image.ljcdn.com/110000-inspection/pc1_PNo1XUCAR.jpg!m_fill,w_280,h_210,f_jpg?from=ke.com
20241023,石景山,苹果园,101120652595,庐师山庄 联排产品 正规六室 看房方便,3200万,59835元/平,地下室 (共2层) | 2006年 | 6室4厅 | 534.81平米 | 南 北,https://ke-image.ljcdn.com/110000-inspection/807ff4e8-a9e8-41d0-8499-39d3afdc7940_1000.jpg!m_fill,w_280,h_210,f_jpg?from=ke.com
20241023,石景山,苹果园,101119755769,1989年钢混结构 近地铁一手业主,279.5万,47422元/平,底层 (共6层) 2室1厅 | 58.94平米 | 南 北,https://ke-image.ljcdn.com/110000-inspection/e604e8fb-067e-4bb5-bd86-239b7f348601_1000.jpg!m_fill,w_280,h_210,f_jpg?from=ke.com
20241023,石景山,苹果园,101119446127,模式口西里 南北通透 全明格局,230万,34823元/平,顶层 (共6层) | 1988年 | 2室1厅 | 66.05平米 | 南 北,https://ke-image.ljcdn.com/110000-inspection/pc1_sCzkE6A3R.jpg!m_fill,w_280,h_210,f_jpg?from=ke.com
20241023,石景山,苹果园,101118754525,庐师山庄 联排别墅 上下三层 精装修,3500万,65959元/平,底层 (共3层) 6室3厅 | 530.64平米 | 南 北,https://ke-image.ljcdn.com/110000-inspection/pc1_javGSwh37_1.jpg!m_fill,w_280,h_210,f_jpg?from=ke.com
20241023,石景山,苹果园,101118650330,北京市石景山区苹果园小区苹果园一区,205万,46475元/平,顶层 (共6层) | 1987年 | 1室1厅 | 44.11平米 | 南 北,https://ke-image.ljcdn.com/110000-inspection/b37335ee-4c67-497d-86d8-9d8ed03e2cd1_1000.jpg!m_fill,w_280,h_210,f_jpg?from=ke.com
20241023,石景山,苹果园,101118612247,雍景四季 地下一层车位  用起来比较方便,31万,9137元/平,地下室 (共25层) | 2010年 | 1室0厅 | 33.93平米 | 南,https://ke-image.ljcdn.com/110000-inspection/8bf52107-3f02-4ecd-bd02-3f8ece8d03fe_1000.jpg!m_fill,w_280,h_210,f_jpg?from=ke.com
20241023,石景山,苹果园,101118124850,苹果园南路甲23号院正规两居室。,239万,43219元/平,高楼层 (共6层) | 1993年 | 2室1厅 | 55.3平米 | 东 西,https://ke-image.ljcdn.com/110000-inspection/1f3e1ea4-2cfc-45dd-8009-fdf0416b4158_1000.jpg!m_fill,w_280,h_210,f_jpg?from=ke.com
20241023,石景山,苹果园,101118030237,海特花园西区 西南两居室 户型方正 电梯直达,270万,41090元/平,低楼层 (共18层) | 1996年 | 2室1厅 | 65.71平米 | 西南,https://ke-image.ljcdn.com/110000-inspection/dfbcff17-b405-423e-b475-649a829df628_1000.jpg!m_fill,w_280,h_210,f_jpg?from=ke.com
20241023,石景山,苹果园,101117665935,模式口西里 双南向 格局方正 全明格局,230万,41614元/平,高楼层 (共6层) | 1987年 | 2室1厅 | 55.27平米 | 南,https://ke-image.ljcdn.com/110000-inspection/pc1_XqZBw2Nzj_1.jpg!m_fill,w_280,h_210,f_jpg?from=ke.com
20241023,石景山,苹果园,101117611762,雍景四季 全明格局 视野采光都很好,715万,69317元/平,高楼层 (共21层) | 2009年 | 2室1厅 | 103.15平米 | 西北,https://ke-image.ljcdn.com/110000-inspection/pc1_XMxNnfhjy.jpg!m_fill,w_280,h_210,f_jpg?from=ke.com
20241023,石景山,苹果园,101114012515,苹果园附近   八大处山庄别墅房主自荐,3795万,96320元/平,底层 (共3层) 5室2厅 | 394平米 | 南 北,https://ke-image.ljcdn.com/110000-inspection/6e2ffff4-9514-4199-9b0f-be1aec818004_1000.jpg!m_fill,w_280,h_210,f_jpg?from=ke.com
20241023,石景山,苹果园,101113044688,雍景四季   9号楼下   电梯直达  出行方便,31万,9137元/平,地下室 (共25层) | 2010年 | 1室0厅 | 33.93平米 | 南,https://ke-image.ljcdn.com/110000-inspection/76cd1a40-ea85-46d6-a17e-2d72421d1ae7_1000.jpg!m_fill,w_280,h_210,f_jpg?from=ke.com
20241023,石景山,苹果园,101111131164,雍景四季 8号楼下 电梯直达 出行方便,30万,9558元/平,地下室 (共27层) | 2010年 | 1室0厅 | 31.39平米 | 南,https://ke-image.ljcdn.com/110000-inspection/pc1_cyDGa4LxH.jpg!m_fill,w_280,h_210,f_jpg?from=ke.com
20241023,石景山,苹果园,101108736943,雍景四季  18号楼地下一层  车位,35万,11151元/平,地下室 (共27层) | 2010年 | 1室0厅 | 31.39平米 | 东,https://ke-image.ljcdn.com/110000-inspection/bfae3945-cf93-4f23-97f2-a36eca90d83d_1000.jpg!m_fill,w_280,h_210,f_jpg?from=ke.com
20241023,石景山,苹果园,101125242771,海特花园西区少有的电梯房配套齐全,295万,36592元/平,低楼层 (共18层) | 1996年 | 2室1厅 | 80.62平米 | 西南 北,https://ke-image.ljcdn.com/110000-inspection/3d96c6e8-5257-41d4-a6f5-a52cf43470f6_1000.jpg!m_fill,w_280,h_210,f_jpg?from=ke.com
20241023,石景山,苹果园,101106093964,正对花园很安静；朝南向采光好；到地铁150米房主自荐,355万,47967元/平,低楼层 (共16层) 1室1厅 | 74.01平米 | 南,https://s1.ljcdn.com/pegasus/redskull/images/common/default_house_list.png?_v=202410161653269
20241023,石景山,苹果园,101127213063,西山枫林三期  南排三居室  采光视野好新上,620万,54873元/平,低楼层 (共10层) | 2006年 | 3室2厅 | 112.99平米 | 南 北,https://s1.ljcdn.com/pegasus/redskull/images/common/default_house_list.png?_v=202410161653269
20241023,石景山,苹果园,101127211999,西山枫林三期 满五唯一商品房  高层三居室新上,628万,59436元/平,中楼层 (共10层) | 2006年 | 3室1厅 | 105.66平米 | 南 北,https://s1.ljcdn.com/pegasus/redskull/images/common/default_house_list.png?_v=202410161653269
20241023,石景山,苹果园,101127201114,叠翠庭苑三区 1室0厅 东新上,206万,45285元/平,中楼层 (共16层) | 2019年 | 1室0厅 | 45.49平米 | 东,https://s1.ljcdn.com/pegasus/redskull/images/common/default_house_list.png?_v=202410161653269
20241023,石景山,苹果园,101127200738,西井小区二区 2室1厅 南 北新上,210万,42254元/平,低楼层 (共6层) | 1982年 | 2室1厅 | 49.7平米 | 南 北,https://s1.ljcdn.com/pegasus/redskull/images/common/default_house_list.png?_v=202410161653269
20241023,石景山,苹果园,101127184680,模式口南里 2室1厅 西南新上,270万,42878元/平,中楼层 (共16层) 2室1厅 | 62.97平米 | 西南,https://s1.ljcdn.com/pegasus/redskull/images/common/default_house_list.png?_v=202410161653269
20241023,石景山,苹果园,101127180650,模式口西里 3室1厅 南 北新上,288万,35737元/平,顶层 (共6层) | 1987年 | 3室1厅 | 80.59平米 | 南 北,https://s1.ljcdn.com/pegasus/redskull/images/common/default_house_list.png?_v=202410161653269
20241023,石景山,苹果园,101127180303,海特花园东区 2室1厅 南 北新上,428万,55369元/平,低楼层 (共7层) | 1999年 | 2室1厅 | 77.3平米 | 南 北,https://s1.ljcdn.com/pegasus/redskull/images/common/default_house_list.png?_v=202410161653269
20241023,石景山,苹果园,101127179813,模式口中里 2室1厅 东南新上,235万,33085元/平,中楼层 (共6层) | 1997年 | 2室1厅 | 71.03平米 | 东南,https://s1.ljcdn.com/pegasus/redskull/images/common/default_house_list.png?_v=202410161653269
20241023,石景山,苹果园,101127163032,南北通透 挨着西黄村地铁口 不临街很安静新上,215万,36478元/平,顶层 (共5层) | 1980年 | 2室1厅 | 58.94平米 | 南 北,https://s1.ljcdn.com/pegasus/redskull/images/common/default_house_list.png?_v=202410161653269
20241023,石景山,苹果园,101127151290,启迪香山 2室1厅 西新上,159万,33146元/平,中楼层 (共9层) | 2017年 | 2室1厅 | 47.97平米 | 西,https://s1.ljcdn.com/pegasus/redskull/images/common/default_house_list.png?_v=202410161653269
20241023,石景山,苹果园,101127150205,模式口西里 2室1厅 南新上,219万,40534元/平,顶层 (共6层) | 1991年 | 2室1厅 | 54.03平米 | 南,https://s1.ljcdn.com/pegasus/redskull/images/common/default_house_list.png?_v=202410161653269
20241023,石景山,苹果园,101127131771,雍景天成 4室2厅 南 北新上,1450万,54202元/平,顶层 (共6层) 4室2厅 | 267.52平米 | 南 北,https://s1.ljcdn.com/pegasus/redskull/images/common/default_house_list.png?_v=202410161653269
20241023,石景山,苹果园,101127042505,金顶街三区三居室 近地铁 楼层好 交通便利,539万,43893元/平,高楼层 (共18层) | 2003年 | 3室1厅 | 122.8平米 | 东南 北,https://s1.ljcdn.com/pegasus/redskull/images/common/default_house_list.png?_v=202410161653269
20241023,石景山,苹果园,101127039195,雍景双庐 2室1厅 西 北,450万,49111元/平,高楼层 (共25层) | 2007年 | 2室1厅 | 91.63平米 | 西 北,https://s1.ljcdn.com/pegasus/redskull/images/common/default_house_list.png?_v=202410161653269
20241023,石景山,苹果园,101126979356,海特花园西区全新装修南北通透可直接住,386万,51140元/平,高楼层 (共6层) | 1997年 | 2室1厅 | 75.48平米 | 南 北,https://s1.ljcdn.com/pegasus/redskull/images/common/default_house_list.png?_v=202410161653269
20241023,石景山,苹果园,101126977555,石景山模式口西里宜居的好选择,230万,36451元/平,中楼层 (共6层) 2室1厅 | 63.1平米 | 南 北,https://s1.ljcdn.com/pegasus/redskull/images/common/default_house_list.png?_v=202410161653269
20241023,石景山,苹果园,101126976295,苹果园地铁500米电梯房中高楼层两室一厅,325万,43479元/平,高楼层 (共16层) | 1994年 | 2室1厅 | 74.75平米 | 西南,https://s1.ljcdn.com/pegasus/redskull/images/common/default_house_list.png?_v=202410161653269
20241023,石景山,苹果园,101126973139,金顶阳光 2室1厅 南,488万,54544元/平,低楼层 (共21层) | 2009年 | 2室1厅 | 89.47平米 | 南,https://s1.ljcdn.com/pegasus/redskull/images/common/default_house_list.png?_v=202410161653269
20241023,石景山,苹果园,101126955533,海特花园小区中间不临街南北通透房主自荐,380万,36019元/平,顶层 (共6层) | 1994年 | 3室1厅 | 105.5平米 | 南 北,https://s1.ljcdn.com/pegasus/redskull/images/common/default_house_list.png?_v=202410161653269
20241023,石景山,苹果园,101126944111,金顶阳光 商品房  明厨明卫 诚心出售,438万,49386元/平,低楼层 (共21层) | 2009年 | 2室1厅 | 88.69平米 | 南,https://s1.ljcdn.com/pegasus/redskull/images/common/default_house_list.png?_v=202410161653269
20241023,石景山,苹果园,101126941597,金顶街五区正规一室一厅交通便利配套设施齐全,295万,43167元/平,底层 (共24层) 1室1厅 | 68.34平米 | 西,https://ke-image.ljcdn.com/110000-inspection/c3cb86b9-2865-4169-8965-1740b00dbd30_1000.jpg!m_fill,w_280,h_210,f_jpg?from=ke.com
20241023,石景山,苹果园,101126912913,精装修南北通透两居室看房方便采光好,480万,51713元/平,低楼层 (共11层) | 2019年 | 2室2厅 | 92.82平米 | 南 北,https://s1.ljcdn.com/pegasus/redskull/images/common/default_house_list.png?_v=202410161653269
20241023,石景山,苹果园,101126908696,启迪香山 房龄新 带电梯 小区很干净,135万,34536元/平,高楼层 (共9层) | 2017年 | 1室1厅 | 39.09平米 | 北,https://s1.ljcdn.com/pegasus/redskull/images/common/default_house_list.png?_v=202410161653269
20241023,石景山,苹果园,101126879078,教工楼 1室1厅 南,168万,39830元/平,顶层 (共6层) | 1985年 | 1室1厅 | 42.18平米 | 南,https://s1.ljcdn.com/pegasus/redskull/images/common/default_house_list.png?_v=202410161653269
20241023,石景山,苹果园,101126836424,海特花园精装修南北通透中间楼层,379万,53698元/平,中楼层 (共7层) | 1997年 | 2室1厅 | 70.58平米 | 南 北,https://s1.ljcdn.com/pegasus/redskull/images/common/default_house_list.png?_v=202410161653269
20241023,石景山,苹果园,101126829528,苹果汇 2室1厅 东,170万,23187元/平,中楼层 (共15层) 2室1厅 | 73.32平米 | 东,https://s1.ljcdn.com/pegasus/redskull/images/common/default_house_list.png?_v=202410161653269
20241023,石景山,苹果园,101126723677,金顶北路九号院 3室1厅 东 南 西,308万,36424元/平,高楼层 (共7层) | 1999年 | 3室1厅 | 84.56平米 | 东 南 西,https://s1.ljcdn.com/pegasus/redskull/images/common/default_house_list.png?_v=202410161653269
20241023,石景山,苹果园,101126617775,海特花园南北通透3居采光好户型方正,398万,45980元/平,中楼层 (共6层) | 1997年 | 3室1厅 | 86.56平米 | 南 北,https://s1.ljcdn.com/pegasus/redskull/images/common/default_house_list.png?_v=202410161653269
20241023,石景山,苹果园,101126598051,启迪香山 2室1厅 西,205万,42736元/平,高楼层 (共9层) | 2017年 | 2室1厅 | 47.97平米 | 西,https://s1.ljcdn.com/pegasus/redskull/images/common/default_house_list.png?_v=202410161653269
20241023,石景山,苹果园,101126535558,金顶街二区 2室1厅 西,439万,45573元/平,低楼层 (共18层) 2室1厅 | 96.33平米 | 西,https://s1.ljcdn.com/pegasus/redskull/images/common/default_house_list.png?_v=202410161653269
20241023,石景山,苹果园,101126417542,启迪香山 2室1厅 东,175万,36482元/平,中楼层 (共9层) | 2017年 | 2室1厅 | 47.97平米 | 东,https://s1.ljcdn.com/pegasus/redskull/images/common/default_house_list.png?_v=202410161653269
20241023,石景山,苹果园,101126403654,叠翠庭苑三区19年社区采光好,355万,49860元/平,中楼层 (共16层) | 2019年 | 2室1厅 | 71.2平米 | 东 南 西,https://s1.ljcdn.com/pegasus/redskull/images/common/default_house_list.png?_v=202410161653269
20241023,石景山,苹果园,101126325820,西黄新村北里 1室1厅 东,298万,40528元/平,中楼层 (共24层) | 2002年 | 1室1厅 | 73.53平米 | 东,https://s1.ljcdn.com/pegasus/redskull/images/common/default_house_list.png?_v=202410161653269
20241023,石景山,苹果园,101126266497,金三区南向中间层两居满五年唯一靠谱出售,409万,49367元/平,中楼层 (共24层) | 2003年 | 2室1厅 | 82.85平米 | 南,https://s1.ljcdn.com/pegasus/redskull/images/common/default_house_list.png?_v=202410161653269
20241023,石景山,苹果园,101126161701,启迪香山  楼龄新 上下两层 诚心出售,300万,38423元/平,低楼层 (共9层) | 2017年 | 3室1厅 | 78.08平米 | 南,https://s1.ljcdn.com/pegasus/redskull/images/common/default_house_list.png?_v=202410161653269
20241023,石景山,苹果园,101126154488,金顶街四区教工楼南北通透两居室带电梯,220万,38822元/平,顶层 (共6层) | 1984年 | 2室1厅 | 56.67平米 | 南 北,https://s1.ljcdn.com/pegasus/redskull/images/common/default_house_list.png?_v=202410161653269
20241023,石景山,苹果园,101126023203,模式口中里 2室1厅 南 北,240万,38660元/平,高楼层 (共6层) 2室1厅 | 62.08平米 | 南 北,https://s1.ljcdn.com/pegasus/redskull/images/common/default_house_list.png?_v=202410161653269
20241023,石景山,苹果园,101126016041,下楼就是地铁口 大悦城300米,170万,19860元/平,中楼层 (共15层) 1室1厅 | 85.6平米 | 南,https://s1.ljcdn.com/pegasus/redskull/images/common/default_house_list.png?_v=202410161653269
20241023,石景山,苹果园,101125993156,模式口北里电厂院中间层南北通透两居房主自荐,245万,36644元/平,中楼层 (共6层) | 1997年 | 2室1厅 | 66.86平米 | 南 北,https://s1.ljcdn.com/pegasus/redskull/images/common/default_house_list.png?_v=202410161653269
20241023,石景山,苹果园,101125916275,金顶阳光小三居满五年南北通透低楼层,438万,48244元/平,低楼层 (共17层) | 2009年 | 3室1厅 | 90.79平米 | 南 北,https://s1.ljcdn.com/pegasus/redskull/images/common/default_house_list.png?_v=202410161653269
20241023,石景山,苹果园,101125884450,金福苑 2室1厅 南 北,310万,39642元/平,高楼层 (共7层) | 2002年 | 2室1厅 | 78.2平米 | 南 北,https://s1.ljcdn.com/pegasus/redskull/images/common/default_house_list.png?_v=202410161653269
20241023,石景山,苹果园,101125872548,2019年建成 视野开阔 采光充足 近地铁,399万,51010元/平,中楼层 (共28层) | 2019年 | 2室1厅 | 78.22平米 | 南,https://s1.ljcdn.com/pegasus/redskull/images/common/default_house_list.png?_v=202410161653269
20241023,石景山,苹果园,101125673543,金顶街五区 东南向两居室 近地铁户型方正,490万,48592元/平,低楼层 (共24层) | 2003年 | 2室1厅 | 100.84平米 | 东南,https://s1.ljcdn.com/pegasus/redskull/images/common/default_house_list.png?_v=202410161653269
20241023,石景山,苹果园,101125640344,苹果汇 1室1厅 南,158万,28880元/平,中楼层 (共15层) 1室1厅 | 54.71平米 | 南,https://s1.ljcdn.com/pegasus/redskull/images/common/default_house_list.png?_v=202410161653269
20241023,石景山,苹果园,101125558768,启迪香山 1室1厅 西,155万,32495元/平,中楼层 (共9层) | 2017年 | 1室1厅 | 47.7平米 | 西,https://s1.ljcdn.com/pegasus/redskull/images/common/default_house_list.png?_v=202410161653269
20241023,石景山,苹果园,101125442517,西黄新村北里 2室1厅 东,369万,42434元/平,低楼层 (共23层) | 2004年 | 2室1厅 | 86.96平米 | 东,https://s1.ljcdn.com/pegasus/redskull/images/common/default_house_list.png?_v=202410161653269
20241023,石景山,苹果园,101125437000,金顶街五区东南向两居室 格局方正 靠近6号线房主自荐,399万,42802元/平,底层 (共24层) | 2003年 | 2室1厅 | 93.22平米 | 东南,https://s1.ljcdn.com/pegasus/redskull/images/common/default_house_list.png?_v=202410161653269
20241023,石景山,苹果园,101125359482,满五唯一两居室南北通透格局好看房有惊喜。房主自荐,229万,49037元/平,底层 (共6层) | 1984年 | 2室1厅 | 46.7平米 | 南 北,https://s1.ljcdn.com/pegasus/redskull/images/common/default_house_list.png?_v=202410161653269
20241023,石景山,苹果园,101125266762,苹果园小区四区 3室0厅 东 西,225万,38436元/平,高楼层 (共6层) | 1980年 | 3室0厅 | 58.54平米 | 东 西,https://s1.ljcdn.com/pegasus/redskull/images/common/default_house_list.png?_v=202410161653269
20241023,石景山,苹果园,101125130903,西山枫林一二期 南北通透 四居室 落地窗,700万,55490元/平,低楼层 (共10层) 4室2厅 | 126.15平米 | 南 北,https://s1.ljcdn.com/pegasus/redskull/images/common/default_house_list.png?_v=202410161653269
20241023,石景山,苹果园,101124978535,启迪香山 1室1厅 北,135万,34625元/平,中楼层 (共9层) | 2017年 | 1室1厅 | 38.99平米 | 北,https://s1.ljcdn.com/pegasus/redskull/images/common/default_house_list.png?_v=202410161653269
20241023,石景山,苹果园,101124717024,模式口南里 3室1厅 南 北,328万,41321元/平,顶层 (共6层) | 1986年 | 3室1厅 | 79.38平米 | 南 北,https://s1.ljcdn.com/pegasus/redskull/images/common/default_house_list.png?_v=202410161653269
20241023,石景山,苹果园,101124545358,苹果汇的档铺 有租户 看房方便,165万,26808元/平,低楼层 (共15层) 1室1厅 | 61.55平米 | 南,https://s1.ljcdn.com/pegasus/redskull/images/common/default_house_list.png?_v=202410161653269
20241023,石景山,苹果园,101124543691,金顶街一区 3室1厅 南 北,245万,41681元/平,低楼层 (共6层) 3室1厅 | 58.78平米 | 南 北,https://s1.ljcdn.com/pegasus/redskull/images/common/default_house_list.png?_v=202410161653269
20241023,石景山,苹果园,101124536444,雍景山岚 南北通透 明厨明卫 视野好 交通便利,590万,67191元/平,中楼层 (共17层) | 2012年 | 2室1厅 | 87.81平米 | 南 北,https://s1.ljcdn.com/pegasus/redskull/images/common/default_house_list.png?_v=202410161653269
20241023,石景山,苹果园,101124509998,金顶街五区正规两居室 不临街 满五年唯一,436万,43705元/平,低楼层 (共24层) 2室2厅 | 99.76平米 | 西,https://s1.ljcdn.com/pegasus/redskull/images/common/default_house_list.png?_v=202410161653269
20241023,石景山,苹果园,101124428324,海特花园西区 3室1厅 东 西北,455万,41278元/平,低楼层 (共18层) | 1999年 | 3室1厅 | 110.23平米 | 东 西北,https://s1.ljcdn.com/pegasus/redskull/images/common/default_house_list.png?_v=202410161653269
20241023,石景山,苹果园,101124290470,苹果汇 1室1厅 北,113万,19718元/平,低楼层 (共15层) 1室1厅 | 57.31平米 | 北,https://s1.ljcdn.com/pegasus/redskull/images/common/default_house_list.png?_v=202410161653269
20241023,石景山,苹果园,101123841297,模式口西里 2室1厅 南 北,215万,35996元/平,低楼层 (共6层) | 1992年 | 2室1厅 | 59.73平米 | 南 北,https://s1.ljcdn.com/pegasus/redskull/images/common/default_house_list.png?_v=202410161653269
20241023,石景山,苹果园,101123786142,启迪香山 2室1厅 西,165万,34483元/平,低楼层 (共9层) | 2017年 | 2室1厅 | 47.85平米 | 西,https://s1.ljcdn.com/pegasus/redskull/images/common/default_house_list.png?_v=202410161653269
20241023,石景山,苹果园,101123535794,西山枫林三期 一居室 简单装修 满五唯一,310万,53717元/平,底层 (共10层) | 2006年 | 1室1厅 | 57.71平米 | 东北,https://s1.ljcdn.com/pegasus/redskull/images/common/default_house_list.png?_v=202410161653269
20241023,石景山,苹果园,101123380688,南北通透三居室格局商品房交通便利配套齐全,329万,53811元/平,低楼层 (共6层) | 1980年 | 3室1厅 | 61.14平米 | 南 北,https://s1.ljcdn.com/pegasus/redskull/images/common/default_house_list.png?_v=202410161653269
20241023,石景山,苹果园,101123074792,西山枫林一二期 商品房 南北通透四居室,670万,53319元/平,底层 (共10层) | 2007年 | 4室1厅 | 125.66平米 | 南 北,https://s1.ljcdn.com/pegasus/redskull/images/common/default_house_list.png?_v=202410161653269
20241023,石景山,苹果园,101122918574,户型方正  视野和采光很好   2007年楼龄,450万,44045元/平,高楼层 (共18层) 2室1厅 | 102.17平米 | 西,https://s1.ljcdn.com/pegasus/redskull/images/common/default_house_list.png?_v=202410161653269
20241023,石景山,苹果园,101122894259,苹果汇 1室1厅 南,148万,27628元/平,低楼层 (共15层) 1室1厅 | 53.57平米 | 南,https://s1.ljcdn.com/pegasus/redskull/images/common/default_house_list.png?_v=202410161653269
20241023,石景山,苹果园,101122168116,2003年楼龄新小区环境好有电梯高楼层采光好,650万,47352元/平,高楼层 (共16层) | 2003年 | 3室1厅 | 137.27平米 | 南 北,https://s1.ljcdn.com/pegasus/redskull/images/common/default_house_list.png?_v=202410161653269
20241023,石景山,苹果园,101122118257,启迪香山 楼龄新 位置好 业主诚心出售,190万,39559元/平,底层 (共9层) | 2017年 | 2室1厅 | 48.03平米 | 西,https://s1.ljcdn.com/pegasus/redskull/images/common/default_house_list.png?_v=202410161653269
20241023,石景山,苹果园,101122117061,启迪香山  楼龄新 位置好 业主诚心出售,190万,40076元/平,底层 (共9层) | 2017年 | 2室1厅 | 47.41平米 | 东,https://s1.ljcdn.com/pegasus/redskull/images/common/default_house_list.png?_v=202410161653269
20241023,石景山,苹果园,101120442855,雍景四季 车位,26万,8283元/平,地下室 (共27层) | 2010年 | 1室0厅 | 31.39平米 | 南,https://ke-image.ljcdn.com/110000-inspection/483389ab-bb83-4817-9e9b-2cb53b0c838e.jpg!m_fill,w_280,h_210,f_jpg?from=ke.com
20241023,石景山,苹果园,101119887722,启迪香山小户型 精装修 诚心出售,230万,48188元/平,底层 (共9层) | 2017年 | 2室1厅 | 47.73平米 | 东,https://s1.ljcdn.com/pegasus/redskull/images/common/default_house_list.png?_v=202410161653269
20241023,石景山,苹果园,101119200972,苹果汇 高楼层 楼龄新 业主诚心出售,150万,26279元/平,高楼层 (共15层) 1室1厅 | 57.08平米 | 西,https://s1.ljcdn.com/pegasus/redskull/images/common/default_house_list.png?_v=202410161653269
20241023,石景山,苹果园,101117839930,海特花园04年三居 满五年唯一住房 大客厅 无遮挡,670万,51181元/平,高楼层 (共18层) | 2004年 | 3室2厅 | 130.91平米 | 东 南,https://s1.ljcdn.com/pegasus/redskull/images/common/default_house_list.png?_v=202410161653269
20241023,石景山,苹果园,101117822403,雍景四季 车位,30万,9558元/平,地下室 (共27层) | 2010年 | 1室0厅 | 31.39平米 | 南,https://ke-image.ljcdn.com/110000-inspection/4040ae6ba91fb30480c2a6d76c26eb36-027.jpg!m_fill,w_280,h_210,f_jpg?from=ke.com
20241023,石景山,苹果园,101115278724,启迪香山精装修小户型 诚心出售,179万,37409元/平,低楼层 (共9层) | 2017年 | 1室1厅 | 47.85平米 | 西,https://s1.ljcdn.com/pegasus/redskull/images/common/default_house_list.png?_v=202410161653269
20241023,石景山,苹果园,101112925935,启迪香山 安静小区 户型方正 无浪费,180万,37524元/平,顶层 (共9层) | 2017年 | 2室1厅 | 47.97平米 | 东,https://s1.ljcdn.com/pegasus/redskull/images/common/default_house_list.png?_v=202410161653269
20241023,石景山,苹果园,101112842312,苹果汇 商业用房诚心出售！距离地铁50米！,227万,41522元/平,顶层 (共15层) | 2016年 | 1室0厅 | 54.67平米 | 南,https://s1.ljcdn.com/pegasus/redskull/images/common/default_house_list.png?_v=202410161653269
20241023,石景山,苹果园,101108029127,雍景四季产权车位 15号楼楼下,25万,7965元/平,地下室 (共27层) | 2010年 | 1室0厅 | 31.39平米 | 东,https://ke-image.ljcdn.com/110000-inspection/1cb36a6f6f7218c1068443c75c73fbfb-067.jpg!m_fill,w_280,h_210,f_jpg?from=ke.com
20241023,石景山,苹果园,101104498019,苹果园商圈 苹果汇 交通便利 带电梯,179万,37222元/平,中楼层 (共15层) | 2016年 | 1室1厅 | 48.09平米 | 东,https://s1.ljcdn.com/pegasus/redskull/images/common/default_house_list.png?_v=202410161653269
