20241030,朝阳,常营,101127235713,柏林爱乐一期精装南北两居诚意出售必看好房,520万,51267元/平,中楼层 (共11层) | 2002年 | 2室1厅 | 101.43平米 | 南 北,https://ke-image.ljcdn.com/110000-inspection/4c5a1327-f3c3-4be6-8780-e74c582ab095_1000.jpg!m_fill,w_280,h_210,f_jpg?from=ke.com
20241030,朝阳,常营,101127228091,常营后花园 万象新天罗兰大道 南北通透板楼位置好必看好房,780万,65851元/平,中楼层 (共14层) | 2010年 | 3室1厅 | 118.45平米 | 南 北,https://ke-image.ljcdn.com/110000-inspection/b4ac60b6-93b1-4363-8037-59c5bbcf2444_1000.jpg!m_fill,w_280,h_210,f_jpg?from=ke.com
20241030,朝阳,常营,101127207085,北辰福第中区 中间楼层 视野开 阔采光充足必看好房,399万,46128元/平,中楼层 (共20层) 2室1厅 | 86.5平米 | 南 北,https://ke-image.ljcdn.com/110000-inspection/pc1_tshF8fxgw_2.jpg!m_fill,w_280,h_210,f_jpg?from=ke.com
20241030,朝阳,常营,101127198703,万象新天一区 全南两居 户型方正 采光好 满五唯一必看好房,565万,54914元/平,中楼层 (共14层) | 2006年 | 2室1厅 | 102.89平米 | 南,https://ke-image.ljcdn.com/110000-inspection/pc1_Qbc8fhS3d.jpg!m_fill,w_280,h_210,f_jpg?from=ke.com
20241030,朝阳,常营,101127172021,柏林爱乐二期 2室1厅 西南必看好房,450万,47710元/平,高楼层 (共22层) 2室1厅 | 94.32平米 | 西南,https://ke-image.ljcdn.com/110000-inspection/pc1_jCEMMFNAb.jpg!m_fill,w_280,h_210,f_jpg?from=ke.com
20241030,朝阳,常营,101127225878,柏林爱乐一期 1室1厅 西必看好房,318万,55996元/平,高楼层 (共11层) | 2002年 | 1室1厅 | 56.79平米 | 西,https://ke-image.ljcdn.com/110000-inspection/pc1_p52UG1w3u.jpg!m_fill,w_280,h_210,f_jpg?from=ke.com
20241030,朝阳,常营,101127168067,富力阳光美园南向高楼层视野开阔采光充足必看好房,440万,49572元/平,高楼层 (共27层) | 2010年 | 2室1厅 | 88.76平米 | 南,https://ke-image.ljcdn.com/110000-inspection/b59025b6-e7c8-47b6-960d-c55dd8c9bc7e_1000.jpg!m_fill,w_280,h_210,f_jpg?from=ke.com
20241030,朝阳,常营,101127167948,柏林爱乐三期  东西通透  满五唯一 高楼层必看好房,335万,46762元/平,顶层 (共11层) | 2007年 | 1室1厅 | 71.64平米 | 东 西,https://ke-image.ljcdn.com/110000-inspection/pc1_3O9jEuxiB.jpg!m_fill,w_280,h_210,f_jpg?from=ke.com
20241030,朝阳,常营,101127159943,住欣家园 2室1厅 东 南,330万,47143元/平,高楼层 (共21层) | 2010年 | 2室1厅 | 70平米 | 东 南,https://ke-image.ljcdn.com/110000-inspection/0b39676b-f02a-4903-a54c-acff70d08576_1000.jpg!m_fill,w_280,h_210,f_jpg?from=ke.com
20241030,朝阳,常营,101127124620,柏林爱乐二期 2室1厅 东 西必看好房,465万,46265元/平,低楼层 (共11层) | 2004年 | 2室1厅 | 100.51平米 | 东 西,https://ke-image.ljcdn.com/110000-inspection/pc1_YjknOExIV.jpg!m_fill,w_280,h_210,f_jpg?from=ke.com
20241030,朝阳,常营,101127099859,房屋在坐落北京新天地一期小区内必看好房,466万,46157元/平,低楼层 (共28层) 2室2厅 | 100.96平米 | 南,https://ke-image.ljcdn.com/110000-inspection/e20e5dee-31d0-4384-bd93-3b3bc3bee095_1000.jpg!m_fill,w_280,h_210,f_jpg?from=ke.com
20241030,朝阳,常营,101127099198,首开畅心园 2室1厅 东必看好房,259万,37048元/平,中楼层 (共29层) | 2010年 | 2室1厅 | 69.91平米 | 东,https://ke-image.ljcdn.com/110000-inspection/caa58271-eb75-404a-8ee5-fd8840020a08_1000.jpg!m_fill,w_280,h_210,f_jpg?from=ke.com
20241030,朝阳,常营,101127086794,北辰福第 南北通透两居室 商品房报价 无出让金必看好房,379万,43887元/平,顶层 (共27层) | 2010年 | 2室1厅 | 86.36平米 | 南 北,https://ke-image.ljcdn.com/110000-inspection/pc1_2kQTL9pc5_1.jpg!m_fill,w_280,h_210,f_jpg?from=ke.com
20241030,朝阳,常营,101127083646,北辰福第北区全南两居采光好视野好无遮挡必看好房,389万,47146元/平,低楼层 (共27层) | 2010年 | 2室1厅 | 82.51平米 | 南,https://ke-image.ljcdn.com/110000-inspection/e3876d9a-a5bc-47cc-bb7e-becb8b691b8f_1000.jpg!m_fill,w_280,h_210,f_jpg?from=ke.com
20241030,朝阳,常营,101127077055,北京新天地三期 不临街满五唯一 随时看房必看好房,465万,50987元/平,低楼层 (共28层) | 2008年 | 2室1厅 | 91.2平米 | 南,https://ke-image.ljcdn.com/110000-inspection/pc1_6EA3rZcDt_1.jpg!m_fill,w_280,h_210,f_jpg?from=ke.com
20241030,朝阳,常营,101127067822,苹果派 南北通透的三居室 户型方正 满五年唯一必看好房,559万,47046元/平,底层 (共11层) | 2007年 | 3室1厅 | 118.82平米 | 南 北,https://ke-image.ljcdn.com/110000-inspection/8e81b9bc-e17b-441b-b9de-1ac39c6a65f8_1000.jpg!m_fill,w_280,h_210,f_jpg?from=ke.com
20241030,朝阳,常营,101127059890,富力阳光美园东南正规三居视野好采光充足必看好房,479万,54247元/平,中楼层 (共27层) | 2010年 | 3室1厅 | 88.3平米 | 东南,https://ke-image.ljcdn.com/110000-inspection/f4886a7d-2015-45ea-b0d3-e2b5478aae87_1000.jpg!m_fill,w_280,h_210,f_jpg?from=ke.com
20241030,朝阳,常营,101127058941,柏林爱乐 板楼带电梯 满五唯一 诚意出售必看好房,358万,49973元/平,中楼层 (共11层) | 2007年 | 1室1厅 | 71.64平米 | 东 西,https://ke-image.ljcdn.com/110000-inspection/pc1_j2JP6msdt.jpg!m_fill,w_280,h_210,f_jpg?from=ke.com
20241030,朝阳,常营,101127038862,精装修自住房 南北通透 满五唯一 近地铁 近天街必看好房,485万,51459元/平,中楼层 (共15层) 2室1厅 | 94.25平米 | 南 北,https://ke-image.ljcdn.com/110000-inspection/pc1_039P9vpez.jpg!m_fill,w_280,h_210,f_jpg?from=ke.com
20241030,朝阳,常营,101127032131,柏林爱乐二期 正规两居室 业主自住 随时看房必看好房,455万,41439元/平,高楼层 (共22层) | 2004年 | 2室1厅 | 109.8平米 | 西北,https://ke-image.ljcdn.com/110000-inspection/850ebe2e-a7c8-47dd-883c-b439d68d3f71_1000.jpg!m_fill,w_280,h_210,f_jpg?from=ke.com
20241030,朝阳,常营,101127018528,成本65万+ 年轻风格品质装修 中层 南向大两居必看好房,530万,52942元/平,中楼层 (共28层) | 2007年 | 2室2厅 | 100.11平米 | 南,https://ke-image.ljcdn.com/110000-inspection/1736596a-5d85-4bc5-8df0-3fadfd39aa35_1000.jpg!m_fill,w_280,h_210,f_jpg?from=ke.com
20241030,朝阳,常营,101126978316,优点社区满五唯一南北通透全明格局采光好高楼必看好房,450万,47474元/平,中楼层 (共10层) 2室1厅 | 94.79平米 | 南 北,https://ke-image.ljcdn.com/110000-inspection/0b8e87ca-49ae-43cc-82a6-452821b8ed7f_1000.jpg!m_fill,w_280,h_210,f_jpg?from=ke.com
20241030,朝阳,常营,101126957584,此房满五唯一南北通透观景绿化景观出行便利必看好房,419万,47212元/平,低楼层 (共29层) | 2010年 | 2室2厅 | 88.75平米 | 南 西 北,https://ke-image.ljcdn.com/110000-inspection/pc1_9K3wYf9YD_1.jpg!m_fill,w_280,h_210,f_jpg?from=ke.com
20241030,朝阳,常营,101126956523,东南向两居采光充足配套齐全生活方便必看好房,412万,46168元/平,低楼层 (共26层) | 2010年 | 2室1厅 | 89.24平米 | 东南,https://ke-image.ljcdn.com/110000-inspection/pc1_v1YefToU7_1.jpg!m_fill,w_280,h_210,f_jpg?from=ke.com
20241030,朝阳,常营,101126948392,南向方正两居  诚心出售  方便看房必看好房,260万,37589元/平,顶层 (共28层) | 2009年 | 2室1厅 | 69.17平米 | 南,https://ke-image.ljcdn.com/110000-inspection/24dc5bc8-534f-44b2-b6af-50ac1f92bffb_1000.jpg!m_fill,w_280,h_210,f_jpg?from=ke.com
20241030,朝阳,常营,101126925868,优质两居 户型方正大两居室全天采光诚意出售必看好房,469万,50290元/平,低楼层 (共28层) | 2009年 | 2室2厅 | 93.26平米 | 西南,https://ke-image.ljcdn.com/110000-inspection/pc1_zL9AkfiON_1.jpg!m_fill,w_280,h_210,f_jpg?from=ke.com
20241030,朝阳,常营,101126925275,北京新天地五期采光好中高楼层精装修南向一居必看好房,395万,53582元/平,高楼层 (共27层) | 2011年 | 1室1厅 | 73.72平米 | 南,https://ke-image.ljcdn.com/110000-inspection/0084506a-ff6a-4709-bba4-aea2c6b44963_1000.jpg!m_fill,w_280,h_210,f_jpg?from=ke.com
20241030,朝阳,常营,101126921306,正规一居室首付40万出行方便必看好房,175万,35311元/平,底层 (共28层) | 2010年 | 1室1厅 | 49.56平米 | 西南,https://ke-image.ljcdn.com/110000-inspection/pc1_pv8kuHwRN_1.jpg!m_fill,w_280,h_210,f_jpg?from=ke.com
20241030,朝阳,常营,101126912140,房子满五年首付50万配套齐全必看好房,248万,33987元/平,低楼层 (共22层) | 2010年 | 2室1厅 | 72.97平米 | 东南,https://ke-image.ljcdn.com/110000-inspection/pc1_ucn7qZjbp_1.jpg!m_fill,w_280,h_210,f_jpg?from=ke.com
20241030,朝阳,常营,101126894874,北京新天地五期 2013年建成 满五唯一 随时看房必看好房,470万,51620元/平,中楼层 (共27层) 2室2厅 | 91.05平米 | 南,https://ke-image.ljcdn.com/110000-inspection/pc1_f7OA9mqoB_1.jpg!m_fill,w_280,h_210,f_jpg?from=ke.com
20241030,朝阳,常营,101126894662,富力阳光美园 3室1厅 东 北必看好房,468万,52180元/平,中楼层 (共27层) | 2010年 | 3室1厅 | 89.69平米 | 东 北,https://ke-image.ljcdn.com/110000-inspection/pc1_6trzKfRyt_2.jpg!m_fill,w_280,h_210,f_jpg?from=ke.com
20241030,朝阳,常营,101126883854,长楹天街西区正对花园采光充足满五年精装修必看好房,860万,60868元/平,低楼层 (共18层) | 2013年 | 3室2厅 | 141.29平米 | 南 北,https://ke-image.ljcdn.com/110000-inspection/c5da6bec-ed58-4bba-9dec-400e835595b1_1000.jpg!m_fill,w_280,h_210,f_jpg?from=ke.com
20241030,朝阳,常营,101126868116,此房南北通透两居配套齐全满五唯一商品房必看好房,365万,41164元/平,底层 (共11层) | 2010年 | 2室1厅 | 88.67平米 | 东 南 北,https://ke-image.ljcdn.com/110000-inspection/pc1_CpyU3qtfw.jpg!m_fill,w_280,h_210,f_jpg?from=ke.com
20241030,朝阳,常营,101126860068,万象新天四区 2室1厅 南必看好房,496万,52879元/平,中楼层 (共9层) | 2005年 | 2室1厅 | 93.8平米 | 南,https://ke-image.ljcdn.com/110000-inspection/989f076d-fc7e-4915-a277-a71bd71ce6cb_1000.jpg!m_fill,w_280,h_210,f_jpg?from=ke.com
20241030,朝阳,常营,101126814244,万象新天天际高尔夫 精装三居户型方正 采光好视野佳必看好房,809万,52373元/平,高楼层 (共19层) 3室2厅 | 154.47平米 | 南 北,https://ke-image.ljcdn.com/110000-inspection/fd4a248a-7fe5-42c8-9e55-8431bfcb3344_1000.jpg!m_fill,w_280,h_210,f_jpg?from=ke.com
20241030,朝阳,常营,101126752435,柏林爱乐三期 独门独户 满五年唯一 高层无遮挡急售必看好房,465万,49374元/平,高楼层 (共15层) 2室1厅 | 94.18平米 | 南 北,https://ke-image.ljcdn.com/110000-inspection/e6ff0267-c171-4fc6-9f23-be9fff0b80a2_1000.jpg!m_fill,w_280,h_210,f_jpg?from=ke.com
20241030,朝阳,常营,101126743026,苹果派 1室1厅 北,249万,47950元/平,低楼层 (共12层) 1室1厅 | 51.93平米 | 北,https://ke-image.ljcdn.com/110000-inspection/pc1_fffAFyHVV.jpg!m_fill,w_280,h_210,f_jpg?from=ke.com
20241030,朝阳,常营,101126661205,首开畅心园 2室1厅 东 南必看好房,310万,44350元/平,中楼层 (共29层) | 2010年 | 2室1厅 | 69.9平米 | 东 南,https://ke-image.ljcdn.com/110000-inspection/pc1_lmYLNw4tO_1.jpg!m_fill,w_280,h_210,f_jpg?from=ke.com
20241030,朝阳,常营,101126646541,北辰福第六号院 1室1厅 南必看好房,219万,47848元/平,中楼层 (共23层) 1室1厅 | 45.77平米 | 南,https://ke-image.ljcdn.com/110000-inspection/df287149-064d-447f-b3f0-0eb1d0c748af_1000.jpg!m_fill,w_280,h_210,f_jpg?from=ke.com
20241030,朝阳,常营,101126644554,万象新天罗兰大道 2室2厅 南 北必看好房,750万,59914元/平,高楼层 (共14层) 2室2厅 | 125.18平米 | 南 北,https://ke-image.ljcdn.com/110000-inspection/8cd35a4d-9c19-4bec-9f99-1e9fee5aec3a_1000.jpg!m_fill,w_280,h_210,f_jpg?from=ke.com
20241030,朝阳,常营,101126641542,富力阳光美园  高楼层  南北通透  明厨明卫必看好房,425万,48208元/平,高楼层 (共20层) | 2010年 | 2室1厅 | 88.16平米 | 南 北,https://ke-image.ljcdn.com/110000-inspection/pc1_C275CudNI_1.jpg!m_fill,w_280,h_210,f_jpg?from=ke.com
20241030,朝阳,常营,101126620955,满五唯一精装修两居室中间楼层诚心出售必看好房,298万,45393元/平,中楼层 (共7层) 2室1厅 | 65.65平米 | 南 北,https://ke-image.ljcdn.com/110000-inspection/6894ef57-93f7-4866-a449-59ac6d55657b_1000.jpg!m_fill,w_280,h_210,f_jpg?from=ke.com
20241030,朝阳,常营,101126582777,万象新天罗兰大道 2室1厅 南 北必看好房,720万,57518元/平,中楼层 (共14层) | 2010年 | 2室1厅 | 125.18平米 | 南 北,https://ke-image.ljcdn.com/110000-inspection/aecc3ab3-16ab-4171-8ca7-ecb0c957c9f8_1000.jpg!m_fill,w_280,h_210,f_jpg?from=ke.com
20241030,朝阳,常营,101126539177,全南两居室 采光好  视野好  老业主  诚心卖必看好房,439万,52613元/平,低楼层 (共16层) 2室1厅 | 83.44平米 | 南,https://ke-image.ljcdn.com/110000-inspection/pc1_rMV688K37_1.jpg!m_fill,w_280,h_210,f_jpg?from=ke.com
20241030,朝阳,常营,101126496899,常营丽景园  高楼层南向三居室 拎包入住必看好房,425万,46474元/平,中楼层 (共28层) | 2009年 | 3室2厅 | 91.45平米 | 南,https://ke-image.ljcdn.com/110000-inspection/42bde779-4272-4b39-99c3-44c2e23a1526_1000.jpg!m_fill,w_280,h_210,f_jpg?from=ke.com
20241030,朝阳,常营,101126469085,北京新天地 南北通透高楼层 两居必看好房,539万,51412元/平,中楼层 (共28层) | 2009年 | 2室2厅 | 104.84平米 | 南 北,https://ke-image.ljcdn.com/110000-inspection/8d5e9a13-40c5-4dfb-9c5c-b8242063c0a6_1000.jpg!m_fill,w_280,h_210,f_jpg?from=ke.com
20241030,朝阳,常营,101126463416,柏林爱乐一期精装修大厨房户型高层采光无遮挡必看好房,345万,52353元/平,中楼层 (共11层) | 2002年 | 1室1厅 | 65.9平米 | 东,https://ke-image.ljcdn.com/110000-inspection/b7fd12b9-97ff-4b9c-9138-e5fefe90a34f_1000.jpg!m_fill,w_280,h_210,f_jpg?from=ke.com
20241030,朝阳,常营,101126418917,首开畅心园 南向两居 两个卧室带阳台必看好房,270万,39120元/平,低楼层 (共28层) | 2010年 | 2室1厅 | 69.02平米 | 西南,https://ke-image.ljcdn.com/110000-inspection/pc1_oId40pkX0_1.jpg!m_fill,w_280,h_210,f_jpg?from=ke.com
20241030,朝阳,常营,101126403731,金隅丽景园 正规一居室 诚心出售必看好房,158万,31437元/平,低楼层 (共28层) | 2010年 | 1室1厅 | 50.26平米 | 东,https://ke-image.ljcdn.com/110000-inspection/pc1_rLYlcp7uL_1.jpg!m_fill,w_280,h_210,f_jpg?from=ke.com
20241030,朝阳,常营,101126400745,万象新天天际高尔夫南北通透四居室满五年唯一必看好房,960万,55227元/平,中楼层 (共7层) 4室2厅 | 173.83平米 | 南 北,https://ke-image.ljcdn.com/110000-inspection/pc1_t1t5Mlfge.jpg!m_fill,w_280,h_210,f_jpg?from=ke.com
20241030,朝阳,常营,101126383288,南北通透板楼带电梯一梯两户小区近地铁近公园必看好房,398万,41163元/平,中楼层 (共6层) 2室1厅 | 96.69平米 | 南 北,https://ke-image.ljcdn.com/110000-inspection/b492a0b6-b8b4-4474-a977-01a6c768ad6e_1000.jpg!m_fill,w_280,h_210,f_jpg?from=ke.com
20241030,朝阳,常营,101126372221,北京新天地五期 2013年建成 中高楼层全南两居必看好房,485万,53268元/平,中楼层 (共27层) 2室1厅 | 91.05平米 | 南,https://ke-image.ljcdn.com/110000-inspection/pc1_jTDHwzgnH_2.jpg!m_fill,w_280,h_210,f_jpg?from=ke.com
20241030,朝阳,常营,101126340857,满五唯一商品房 常营 管庄地铁 龙湖天街商场配套齐必看好房,265万,40434元/平,中楼层 (共28层) | 2009年 | 1室1厅 | 65.54平米 | 北,https://ke-image.ljcdn.com/110000-inspection/dbeb0182-af8c-4ada-992e-80738d641321_1000.jpg!m_fill,w_280,h_210,f_jpg?from=ke.com
20241030,朝阳,常营,101126271290,2年前精装全屋智能 采光足动静分离 满2契税低必看好房,475万,54255元/平,低楼层 (共28层) | 2009年 | 2室1厅 | 87.55平米 | 西南,https://ke-image.ljcdn.com/110000-inspection/pc1_37GkCihPz_1.jpg!m_fill,w_280,h_210,f_jpg?from=ke.com
20241030,朝阳,常营,101126265355,纯毛坯从没有住过人看房随时必看好房,485万,50807元/平,高楼层 (共28层) | 2008年 | 2室1厅 | 95.46平米 | 东南,https://ke-image.ljcdn.com/110000-inspection/pc1_6I5V0JZEM_1.jpg!m_fill,w_280,h_210,f_jpg?from=ke.com
20241030,朝阳,常营,101126254157,管庄北二里 3室1厅 南 北必看好房,485万,54495元/平,中楼层 (共28层) | 2013年 | 3室1厅 | 89平米 | 南 北,https://ke-image.ljcdn.com/110000-inspection/eb93323f-0f98-4454-9271-7444ef330acc_1000.jpg!m_fill,w_280,h_210,f_jpg?from=ke.com
20241030,朝阳,常营,101126252535,柏林爱乐 南北通透平层三居 一梯两户板楼 满五唯一必看好房,740万,57813元/平,低楼层 (共8层) 3室2厅 | 128平米 | 南 北,https://ke-image.ljcdn.com/110000-inspection/fe843019-8dc6-4e28-944d-6b894317f3dc_1000.jpg!m_fill,w_280,h_210,f_jpg?from=ke.com
20241030,朝阳,常营,101126250512,店长：常营新天地6/1号线/22号线 明厨明卫全明必看好房,335万,47667元/平,低楼层 (共28层) | 2009年 | 1室1厅 | 70.28平米 | 东 东北,https://ke-image.ljcdn.com/110000-inspection/pc1_zluo3wIEz_2.jpg!m_fill,w_280,h_210,f_jpg?from=ke.com
20241030,朝阳,常营,101126235982,北京新天地一期 带独立大餐厅的 中楼层南向两居室必看好房,459万,45089元/平,低楼层 (共28层) | 2007年 | 2室2厅 | 101.8平米 | 南,https://ke-image.ljcdn.com/110000-inspection/0aa271f7-45a4-4ba8-b907-b3cf4507b8cf_1000.jpg!m_fill,w_280,h_210,f_jpg?from=ke.com
20241030,朝阳,常营,101126235425,平谷线管庄 东南全明格局 中高楼层 五年唯一商品房必看好房,510万,53426元/平,中楼层 (共28层) | 2008年 | 2室1厅 | 95.46平米 | 东南,https://ke-image.ljcdn.com/110000-inspection/52ee9f77-2629-4074-a8a8-f3d49b3db809_1000.jpg!m_fill,w_280,h_210,f_jpg?from=ke.com
20241030,朝阳,常营,101126209385,常营丽景园  全南三居室  户型方正  中间楼层必看好房,339万,37070元/平,低楼层 (共28层) | 2009年 | 3室1厅 | 91.45平米 | 南,https://ke-image.ljcdn.com/110000-inspection/pc1_BZZPugUr0_2.jpg!m_fill,w_280,h_210,f_jpg?from=ke.com
20241030,朝阳,常营,101126169051,万象新天一区 南北通透 两居室 户型方正 楼层好必看好房,575万,58969元/平,低楼层 (共6层) | 2004年 | 2室1厅 | 97.51平米 | 南 北,https://ke-image.ljcdn.com/110000-inspection/pc1_JAnWMVFJ5_1.jpg!m_fill,w_280,h_210,f_jpg?from=ke.com
20241030,朝阳,常营,101126140328,北京新天地四期满五年唯一 不临街中高楼层南向一居必看好房,385万,49716元/平,中楼层 (共20层) 1室1厅 | 77.44平米 | 南,https://ke-image.ljcdn.com/110000-inspection/pc1_DejQIPzCW.jpg!m_fill,w_280,h_210,f_jpg?from=ke.com
20241030,朝阳,常营,101126083373,柏林爱乐一期 1室1厅 西必看好房,343万,51195元/平,中楼层 (共11层) | 2002年 | 1室1厅 | 67平米 | 西,https://ke-image.ljcdn.com/110000-inspection/f496ea55-30b9-4bf8-9c86-e8e1527a0746_1000.jpg!m_fill,w_280,h_210,f_jpg?from=ke.com
20241030,朝阳,常营,101126021346,柏林爱乐一期优质一居室东向采光好视野好必看好房,310万,47041元/平,低楼层 (共11层) | 2002年 | 1室1厅 | 65.9平米 | 东,https://ke-image.ljcdn.com/110000-inspection/6083604d-dd59-4c0d-9d17-187bbcd92fc8_1000.jpg!m_fill,w_280,h_210,f_jpg?from=ke.com
20241030,朝阳,常营,101126000308,北京新天地 优质改善大两居 全南双飘窗 精装不临街必看好房,515万,51900元/平,中楼层 (共20层) | 2009年 | 2室2厅 | 99.23平米 | 南,https://ke-image.ljcdn.com/110000-inspection/pc1_rugMDeXc8_2.jpg!m_fill,w_280,h_210,f_jpg?from=ke.com
20241030,朝阳,常营,101125871364,北京新天地四期 高楼层 不临街 满五年必看好房,332万,49963元/平,高楼层 (共28层) | 2009年 | 1室1厅 | 66.45平米 | 西北,https://ke-image.ljcdn.com/110000-inspection/pc1_vyGpWNXh1_2.jpg!m_fill,w_280,h_210,f_jpg?from=ke.com
20241030,朝阳,常营,101125865410,富力阳光美园 满五唯一 两居室 俯瞰常营体育公园必看好房,470万,52928元/平,高楼层 (共26层) | 2010年 | 2室1厅 | 88.8平米 | 南,https://ke-image.ljcdn.com/110000-inspection/pc1_iJg7aJk7A_2.jpg!m_fill,w_280,h_210,f_jpg?from=ke.com
20241030,朝阳,常营,101125791593,富力阳光美园方正小两居视野好不临街。必看好房,379万,49569元/平,中楼层 (共27层) | 2010年 | 2室1厅 | 76.46平米 | 西,https://ke-image.ljcdn.com/110000-inspection/pc1_nLPThyCLw_2.jpg!m_fill,w_280,h_210,f_jpg?from=ke.com
20241030,朝阳,常营,101125699328,全新装修只有契税带阳台无遮挡视野开阔必看好房,249万,47693元/平,高楼层 (共10层) | 2007年 | 1室1厅 | 52.21平米 | 北,https://ke-image.ljcdn.com/110000-inspection/pc1_h5DZ4tEqM.jpg!m_fill,w_280,h_210,f_jpg?from=ke.com
20241030,朝阳,常营,101125681648,常营首付50万 精装修 一居   看房随时必看好房,278万,47175元/平,高楼层 (共22层) | 2007年 | 1室1厅 | 58.93平米 | 东 北,https://ke-image.ljcdn.com/110000-inspection/0d90efa2-661b-4773-bd3d-76699094cb36_1000.jpg!m_fill,w_280,h_210,f_jpg?from=ke.com
20241030,朝阳,常营,101125674039,北京新天地明星社区主打大面积两居观景房,489万,48837元/平,高楼层 (共28层) | 2007年 | 2室1厅 | 100.13平米 | 南,https://ke-image.ljcdn.com/110000-inspection/29f8d225-59a1-4dd9-ad8f-797934c9216b_1000.jpg!m_fill,w_280,h_210,f_jpg?from=ke.com
20241030,朝阳,常营,101125632410,北京新天地五期 西南两居室 精装修 中间楼层,499万,52472元/平,中楼层 (共27层) | 2011年 | 2室1厅 | 95.1平米 | 西南,https://ke-image.ljcdn.com/110000-inspection/pc1_FVBChA6Ww_1.jpg!m_fill,w_280,h_210,f_jpg?from=ke.com
20241030,朝阳,常营,101125593582,满五年唯一住房南向居室不临街诚意出售必看好房,345万,41308元/平,底层 (共27层) 2室1厅 | 83.52平米 | 南,https://ke-image.ljcdn.com/110000-inspection/pc1_HPxFX63rc_1.jpg!m_fill,w_280,h_210,f_jpg?from=ke.com
20241030,朝阳,常营,101125536771,北京新天地小区明星社区主力户型一居居住舒适必看好房,270万,44688元/平,高楼层 (共28层) | 2007年 | 1室1厅 | 60.42平米 | 北,https://ke-image.ljcdn.com/110000-inspection/pc1_kHipqRgO0_1.jpg!m_fill,w_280,h_210,f_jpg?from=ke.com
20241030,朝阳,常营,101125474359,优点社区满五年唯一采光充足视野开阔交通便利必看好房,290万,35702元/平,顶层 (共6层) 2室2厅 | 81.23平米 | 东 西,https://ke-image.ljcdn.com/110000-inspection/8ecac1bf-b7da-4c58-a770-e73f80db686f_1000.jpg!m_fill,w_280,h_210,f_jpg?from=ke.com
20241030,朝阳,常营,101125445792,万象新天四区 1室1厅 东北房主自荐,339万,50134元/平,中楼层 (共15层) | 2006年 | 1室1厅 | 67.62平米 | 东北,https://ke-image.ljcdn.com/110000-inspection/pc1_t5jztVWV6_2.jpg!m_fill,w_280,h_210,f_jpg?from=ke.com
20241030,朝阳,常营,101125417738,住欣家园南向一居精装修视野开阔采光充足必看好房,219万,44270元/平,低楼层 (共26层) | 2010年 | 1室1厅 | 49.47平米 | 南,https://ke-image.ljcdn.com/110000-inspection/pc1_vdB7qjgfN_1.jpg!m_fill,w_280,h_210,f_jpg?from=ke.com
20241030,朝阳,常营,101125389948,北京新天地明星社区主力户型诚心出售必看好房,299万,45993元/平,中楼层 (共28层) | 2007年 | 1室1厅 | 65.01平米 | 东北,https://ke-image.ljcdn.com/110000-inspection/pc1_7aJD8Nm24_2.jpg!m_fill,w_280,h_210,f_jpg?from=ke.com
20241030,朝阳,常营,101125348052,常楹公元南北通透三居 全明格局 户型方正  采光好必看好房,926万,75629元/平,低楼层 (共27层) 3室1厅 | 122.44平米 | 南 北,https://ke-image.ljcdn.com/110000-inspection/0ddf5e49-1188-4c49-b602-6276e5743ccd_1000.jpg!m_fill,w_280,h_210,f_jpg?from=ke.com
20241030,朝阳,常营,101125310979,北京新天地 南北通透高楼层两梯三户必看好房,666万,48960元/平,高楼层 (共28层) 3室2厅 | 136.03平米 | 南 北,https://ke-image.ljcdn.com/110000-inspection/pc1_DuNRw7yjZ_2.jpg!m_fill,w_280,h_210,f_jpg?from=ke.com
20241030,朝阳,常营,101125287858,北京新天地明星社区双卫观景房房主自荐,539万,50568元/平,中楼层 (共28层) | 2009年 | 2室2厅 | 106.59平米 | 东南,https://ke-image.ljcdn.com/110000-inspection/pc1_OUhSWNaOT_3.jpg!m_fill,w_280,h_210,f_jpg?from=ke.com
20241030,朝阳,常营,101125287190,常营丽景园 56平米全南大一居室 紧俏户型,220万,39230元/平,高楼层 (共22层) | 2010年 | 1室1厅 | 56.08平米 | 南 北,https://ke-image.ljcdn.com/110000-inspection/pc1_GWSyDNAKA_2.jpg!m_fill,w_280,h_210,f_jpg?from=ke.com
20241030,朝阳,常营,101125254938,地铁六号三居 满五年唯一 板楼三居精装修 龙湖天街房主自荐,688万,48102元/平,底层 (共15层) | 2009年 | 3室2厅 | 143.03平米 | 南 北,https://ke-image.ljcdn.com/110000-inspection/pc1_yoy0aQQrH_2.jpg!m_fill,w_280,h_210,f_jpg?from=ke.com
20241030,朝阳,常营,101125201956,柏林爱乐二期 东南向正规两居室 方便看房必看好房,445万,45632元/平,低楼层 (共21层) | 2005年 | 2室1厅 | 97.52平米 | 东南,https://ke-image.ljcdn.com/110000-inspection/pc1_Aw17UZVFa.jpg!m_fill,w_280,h_210,f_jpg?from=ke.com
20241030,朝阳,常营,101125189185,不临街方正一居 满五唯一 诚心出售 无抵押无户口必看好房,259万,41574元/平,低楼层 (共27层) | 2010年 | 1室1厅 | 62.3平米 | 北,https://ke-image.ljcdn.com/110000-inspection/pc1_SyIN8RGKl.jpg!m_fill,w_280,h_210,f_jpg?from=ke.com
20241030,朝阳,常营,101125119895,苹果派满五唯一低成本正规一居看房随时必看好房,228万,43670元/平,底层 (共10层) | 2007年 | 1室1厅 | 52.21平米 | 北,https://ke-image.ljcdn.com/110000-inspection/pc1_5i08VbdkO_1.jpg!m_fill,w_280,h_210,f_jpg?from=ke.com
20241030,朝阳,常营,101125114874,阳光美园正规南北通透两居室通风效果好必看好房,360万,40459元/平,底层 (共20层) | 2010年 | 2室1厅 | 88.98平米 | 南 北,https://ke-image.ljcdn.com/110000-inspection/8ee19472-42ea-4c71-9a93-0d1c2b2ebb23_1000.jpg!m_fill,w_280,h_210,f_jpg?from=ke.com
20241030,朝阳,常营,101125001537,苹果派地铁6号线黄渠站满五唯一高楼层视野好必看好房,179.9万,47430元/平,高楼层 (共12层) 1室0厅 | 37.93平米 | 北,https://ke-image.ljcdn.com/110000-inspection/3de1a8c3-e86e-4c7e-a38f-4da515c86a66_1000.jpg!m_fill,w_280,h_210,f_jpg?from=ke.com
20241030,朝阳,常营,101124981941,南北通透大三居次顶层采光视野好2021年,799万,73122元/平,中楼层 (共5层) 3室1厅 | 109.27平米 | 南 北,https://ke-image.ljcdn.com/110000-inspection/1666e3e7-ae27-4d36-a61d-a96e365c0267_1000.jpg!m_fill,w_280,h_210,f_jpg?from=ke.com
20241030,朝阳,常营,101124968792,朝阳北路22号院02柏林爱乐三期5号楼东向必看好房,305万,45469元/平,低楼层 (共11层) | 2007年 | 2室1厅 | 67.08平米 | 东,https://ke-image.ljcdn.com/110000-inspection/pc1_APQUHsZFf.jpg!m_fill,w_280,h_210,f_jpg?from=ke.com
20241030,朝阳,常营,101124919258,店长；常营新天地板楼两居室总高15层不临街必看好房,510万,49650元/平,高楼层 (共15层) 2室1厅 | 102.72平米 | 南,https://ke-image.ljcdn.com/110000-inspection/pc1_ZK3K16Dnq_1.jpg!m_fill,w_280,h_210,f_jpg?from=ke.com
20241030,朝阳,常营,101124869945,柏林爱乐三期南北通透小两居小区中间位置 安静采光好必看好房,299万,49726元/平,低楼层 (共8层) 2室1厅 | 60.13平米 | 南 北,https://ke-image.ljcdn.com/110000-inspection/bb51657e-c5a7-40ae-9f50-3d248bfcbee0_1000.jpg!m_fill,w_280,h_210,f_jpg?from=ke.com
20241030,朝阳,常营,101124783099,满五唯一商品房 南北双通透大三居 位置好 安静舒适房主自荐,679万,48653元/平,低楼层 (共28层) 3室2厅 | 139.56平米 | 南 北,https://ke-image.ljcdn.com/110000-inspection/98166f9b-8baf-4cfe-acaa-74b3a87b706f_1000.jpg!m_fill,w_280,h_210,f_jpg?from=ke.com
20241030,朝阳,常营,101124767038,北辰福第中区全南两居室业主诚售满五唯一必看好房,403万,48172元/平,低楼层 (共27层) 2室1厅 | 83.66平米 | 南,https://ke-image.ljcdn.com/110000-inspection/e1c857fc-f953-404f-a495-4380f111e533_1000.jpg!m_fill,w_280,h_210,f_jpg?from=ke.com
20241030,朝阳,常营,101124760236,北京新天地五期新房西向一居户型方正必看好房,299万,48524元/平,中楼层 (共27层) | 2011年 | 1室1厅 | 61.62平米 | 西,https://ke-image.ljcdn.com/110000-inspection/pc1_RQibFyfM1.jpg!m_fill,w_280,h_210,f_jpg?from=ke.com
20241030,朝阳,常营,101124691244,近地铁两居价格买正规三居室楼层好视野好配套全,272万,30507元/平,高楼层 (共26层) | 2010年 | 3室1厅 | 89.16平米 | 东北,https://ke-image.ljcdn.com/110000-inspection/pc1_sUf5ykhX7_2.jpg!m_fill,w_280,h_210,f_jpg?from=ke.com
20241030,朝阳,常营,101124509470,北京新天地 朝阳路7号院 商品房社区 全南两居必看好房,479万,46961元/平,高楼层 (共28层) | 2008年 | 2室2厅 | 102平米 | 南,https://ke-image.ljcdn.com/110000-inspection/pc1_gQJq5Xi2t.jpg!m_fill,w_280,h_210,f_jpg?from=ke.com
20241030,朝阳,常营,101124508204,地铁1号线6号线 22号线 不临街 落地窗正对花园,292万,44930元/平,中楼层 (共28层) | 2007年 | 1室1厅 | 64.99平米 | 东 东北,https://ke-image.ljcdn.com/110000-inspection/pc1_d7i8KhDCd_1.jpg!m_fill,w_280,h_210,f_jpg?from=ke.com
20241030,朝阳,常营,101124392471,金隅丽景园 1室1厅 东必看好房,206万,40987元/平,低楼层 (共28层) | 2010年 | 1室1厅 | 50.26平米 | 东,https://ke-image.ljcdn.com/110000-inspection/d6b83960-a300-4fbc-9ae0-60655ee32d0e_1000.jpg!m_fill,w_280,h_210,f_jpg?from=ke.com
20241030,朝阳,常营,101124380250,管庄常营北京新天地三期全南两居室满五唯一必看好房,469万,49219元/平,中楼层 (共28层) | 2009年 | 2室2厅 | 95.29平米 | 南,https://ke-image.ljcdn.com/110000-inspection/pc1_90TNvkTRy_2.jpg!m_fill,w_280,h_210,f_jpg?from=ke.com
20241030,朝阳,常营,101124054869,万象新天 南北通透三居 满五唯一 不临街 高楼层必看好房,679万,53010元/平,中楼层 (共20层) 3室2厅 | 128.09平米 | 南 北,https://ke-image.ljcdn.com/110000-inspection/0b82cfa5-0263-4162-8d12-c578790b652e_1000.jpg!m_fill,w_280,h_210,f_jpg?from=ke.com
20241030,朝阳,常营,101123975567,管庄北二里全南两居 交通方便 采光充足 配套齐全必看好房,343万,47038元/平,低楼层 (共28层) | 2013年 | 2室1厅 | 72.92平米 | 南,https://ke-image.ljcdn.com/110000-inspection/540196bf-55d5-4dc5-a459-b91b25723d03_1000.jpg!m_fill,w_280,h_210,f_jpg?from=ke.com
20241030,朝阳,常营,101123856677,满五唯一商品房低楼层出行方便采光充足看房方便必看好房,213万,41757元/平,底层 (共29层) | 2010年 | 1室1厅 | 51.01平米 | 南,https://ke-image.ljcdn.com/110000-inspection/pc1_30JuQ2HQG_1.jpg!m_fill,w_280,h_210,f_jpg?from=ke.com
20241030,朝阳,常营,101123769644,总监推荐！！ 丽景园满五唯一落地窗必看好房,215万,32429元/平,低楼层 (共28层) | 2009年 | 2室1厅 | 66.3平米 | 西,https://ke-image.ljcdn.com/110000-inspection/pc1_JbmtgRdGq_1.jpg!m_fill,w_280,h_210,f_jpg?from=ke.com
20241030,朝阳,常营,101123681610,柏林爱乐高楼层南向一居视野采光好只有契税必看好房,338万,50683元/平,高楼层 (共21层) | 2008年 | 1室1厅 | 66.69平米 | 南,https://ke-image.ljcdn.com/110000-inspection/pc1_eyqTJwTkY_1.jpg!m_fill,w_280,h_210,f_jpg?from=ke.com
20241030,朝阳,常营,101123655915,首开畅心园 1室1厅 南必看好房,230万,44531元/平,低楼层 (共29层) | 2010年 | 1室1厅 | 51.65平米 | 南,https://ke-image.ljcdn.com/110000-inspection/51763249-0d6d-420e-bcb3-f17476c378b1_1000.jpg!m_fill,w_280,h_210,f_jpg?from=ke.com
20241030,朝阳,常营,101123354221,万象新天二区 精装修 业主诚意出售房主自荐,759万,57671元/平,中楼层 (共15层) | 2005年 | 3室1厅 | 131.61平米 | 南 西 北,https://ke-image.ljcdn.com/110000-inspection/f4b1252c-acf7-4265-b3fc-1f56e1721022_1000.jpg!m_fill,w_280,h_210,f_jpg?from=ke.com
20241030,朝阳,常营,101123197020,保利高层两居首套首付150万视野好采光好,389万,43990元/平,高楼层 (共29层) | 2010年 | 2室2厅 | 88.43平米 | 东 东南,https://ke-image.ljcdn.com/110000-inspection/5fcde8c4-1e9d-42a2-be1e-62de062d024e_1000.jpg!m_fill,w_280,h_210,f_jpg?from=ke.com
20241030,朝阳,常营,101123088748,常营住欣家园 满五年住宅 高楼层 户型方正必看好房,180万,36320元/平,高楼层 (共28层) | 2010年 | 1室1厅 | 49.56平米 | 东南,https://ke-image.ljcdn.com/110000-inspection/pc1_bMuRDWdra.jpg!m_fill,w_280,h_210,f_jpg?from=ke.com
20241030,朝阳,常营,101123025355,朝阳北路22号院14号院柏林爱乐四期必看好房,175万,43125元/平,底层 (共11层) | 2008年 | 1室0厅 | 40.58平米 | 西,https://ke-image.ljcdn.com/110000-inspection/7e80f26a-77e5-439e-9344-6f2b26f358f0_1000.jpg!m_fill,w_280,h_210,f_jpg?from=ke.com
20241030,朝阳,常营,101122799024,【商圈推荐】住欣家园 东南向两居室 满五唯一房主自荐,335万,48615元/平,高楼层 (共26层) | 2010年 | 2室1厅 | 68.91平米 | 东 南,https://ke-image.ljcdn.com/110000-inspection/62c10e62-c727-41a9-a517-3184a812c5cf_1000.jpg!m_fill,w_280,h_210,f_jpg?from=ke.com
20241030,朝阳,常营,101120964548,朝阳北路22号院02  柏林爱乐三期必看好房,339万,48072元/平,中楼层 (共11层) | 2007年 | 1室1厅 | 70.52平米 | 西,https://ke-image.ljcdn.com/110000-inspection/a0eaf89c-4e5e-4577-a10a-c2878b4459e7_1000.jpg!m_fill,w_280,h_210,f_jpg?from=ke.com
20241030,朝阳,常营,101127285800,住欣家园 2室1厅 东必看好房,232万,33257元/平,高楼层 (共26层) | 2010年 | 2室1厅 | 69.76平米 | 东,https://ke-image.ljcdn.com/110000-inspection/pc1_19y1C89iw.jpg!m_fill,w_280,h_210,f_jpg?from=ke.com
20241030,朝阳,常营,101127242622,正规两居近地铁 常营天街 朝阳医院 常营体育公园必看好房,238万,34049元/平,中楼层 (共29层) | 2010年 | 2室1厅 | 69.9平米 | 东,https://ke-image.ljcdn.com/110000-inspection/d84ebedc-f226-4bca-a794-ea7d67e20161_1000.jpg!m_fill,w_280,h_210,f_jpg?from=ke.com
20241030,朝阳,常营,101127241497,万象新天罗兰大道 南北通透双卫大两居 2010年房必看好房,631万,51866元/平,底层 (共14层) 2室2厅 | 121.66平米 | 南 北,https://ke-image.ljcdn.com/110000-inspection/6bd1fd97-5253-4435-937d-bb4e63b2c1d5_1000.jpg!m_fill,w_280,h_210,f_jpg?from=ke.com
20241030,朝阳,常营,101127238554,柏林爱乐二期 1室1厅 东南必看好房,275万,45403元/平,中楼层 (共24层) | 2007年 | 1室1厅 | 60.57平米 | 东南,https://ke-image.ljcdn.com/110000-inspection/b475556b-0985-466d-bdd1-098e4ccce1de_1000.jpg!m_fill,w_280,h_210,f_jpg?from=ke.com
20241030,朝阳,常营,101127237441,柏林爱乐 南北通透两居 一梯两户必看好房,540万,53339元/平,低楼层 (共11层) | 2002年 | 2室1厅 | 101.24平米 | 南 北,https://ke-image.ljcdn.com/110000-inspection/905bb646-47a1-473e-a553-ecc12bd8d28f_1000.jpg!m_fill,w_280,h_210,f_jpg?from=ke.com
20241030,朝阳,常营,101127236906,柏林爱乐一期上下两层2个入户门一梯两户复式必看好房,699万,53658元/平,高楼层 (共11层) 3室1厅 | 130.27平米 | 南 北,https://ke-image.ljcdn.com/110000-inspection/pc1_C4OCKbQLz.jpg!m_fill,w_280,h_210,f_jpg?from=ke.com
20241030,朝阳,常营,101127233825,06年商品房 钢混 公积金30年 落地窗 精装两居必看好房,389万,41569元/平,高楼层 (共6层) 2室2厅 | 93.58平米 | 南 北,https://ke-image.ljcdn.com/110000-inspection/pc1_jk22mANMt.jpg!m_fill,w_280,h_210,f_jpg?from=ke.com
20241030,朝阳,常营,101127163803,柏林爱乐二期高层中间位置全明格局诚意出售必看好房,196万,39870元/平,高楼层 (共21层) | 2005年 | 1室0厅 | 49.16平米 | 西北,https://ke-image.ljcdn.com/110000-inspection/pc1_x8bK24fnn_2.jpg!m_fill,w_280,h_210,f_jpg?from=ke.com
20241030,朝阳,常营,101127101846,万象新天两居室 通透格局 有钥匙随时签约必看好房,465万,57988元/平,中楼层 (共5层) | 2005年 | 2室2厅 | 80.19平米 | 东 西,https://ke-image.ljcdn.com/110000-inspection/a5a07d07-2a6f-4f65-9d7d-a396d71b1abd_1000.jpg!m_fill,w_280,h_210,f_jpg?from=ke.com
20241030,朝阳,常营,101127100182,保利嘉园三号院 2室1厅 南,330万,53030元/平,顶层 (共11层) | 2010年 | 2室1厅 | 62.23平米 | 南,https://ke-image.ljcdn.com/110000-inspection/43e4e4b8-2169-48cf-82a7-8697c0f5cb1e_1000.jpg!m_fill,w_280,h_210,f_jpg?from=ke.com
20241030,朝阳,常营,101127092691,北京新天地四期 全南向两居室 不临路 正对小区花园必看好房,379万,49699元/平,低楼层 (共28层) 1室1厅 | 76.26平米 | 南,https://ke-image.ljcdn.com/110000-inspection/pc1_7vUWubw3x_1.jpg!m_fill,w_280,h_210,f_jpg?from=ke.com
20241030,朝阳,常营,101127079183,柏林爱乐 板楼小洋房 南北通透 满五唯一必看好房,618万,60565元/平,中楼层 (共8层) 2室1厅 | 102.04平米 | 南 北,https://ke-image.ljcdn.com/110000-inspection/pc1_MFmrGY0BU.jpg!m_fill,w_280,h_210,f_jpg?from=ke.com
20241030,朝阳,常营,101127071768,北京新天地五期 满五年唯一 不临街中户南北通透三居必看好房,616万,43994元/平,低楼层 (共27层) 3室1厅 | 140.02平米 | 南 北,https://ke-image.ljcdn.com/110000-inspection/pc1_XJuAtdZ9R.jpg!m_fill,w_280,h_210,f_jpg?from=ke.com
20241030,朝阳,常营,101127071615,北京新天地三期 中高楼层 满五年唯一精装修西南两居必看好房,485万,52006元/平,中楼层 (共28层) | 2009年 | 2室1厅 | 93.26平米 | 西南,https://ke-image.ljcdn.com/110000-inspection/b23577eb-2631-4214-ae3f-94253e76d396_1000.jpg!m_fill,w_280,h_210,f_jpg?from=ke.com
20241030,朝阳,常营,101127056675,柏林爱乐三期精装一年婚房环保一线家电家具定制,379万,54143元/平,中楼层 (共11层) | 2007年 | 2室1厅 | 70平米 | 东,https://ke-image.ljcdn.com/110000-inspection/32ce809d-6b05-42b9-9029-8b71a7bb3677_1000.jpg!m_fill,w_280,h_210,f_jpg?from=ke.com
20241030,朝阳,常营,101127055948,柏林爱乐新上南向一居落地窗精装修必看好房,358万,52195元/平,高楼层 (共15层) 1室1厅 | 68.59平米 | 南,https://ke-image.ljcdn.com/110000-inspection/pc1_g6rfp0y76.jpg!m_fill,w_280,h_210,f_jpg?from=ke.com
20241030,朝阳,常营,101127038111,北京新天地方正南向一居室全屋定制精装诚心出售必看好房,359万,50578元/平,低楼层 (共28层) | 2007年 | 1室1厅 | 70.98平米 | 南,https://ke-image.ljcdn.com/110000-inspection/pc1_gaOBg6lId.jpg!m_fill,w_280,h_210,f_jpg?from=ke.com
20241030,朝阳,常营,101126945802,富力阳光美园西北三居室户型方正满五唯一必看好房,435万,48822元/平,低楼层 (共27层) | 2010年 | 3室1厅 | 89.1平米 | 西北,https://ke-image.ljcdn.com/110000-inspection/pc1_qEfiiR6B3_1.jpg!m_fill,w_280,h_210,f_jpg?from=ke.com
20241030,朝阳,常营,101126874503,柏林爱乐一期 3室2厅 南 北必看好房,749万,48958元/平,中楼层 (共8层) | 2002年 | 3室2厅 | 152.99平米 | 南 北,https://ke-image.ljcdn.com/110000-inspection/5999c9fa-b59a-474e-ab8c-860481959bba_1000.jpg!m_fill,w_280,h_210,f_jpg?from=ke.com
20241030,朝阳,常营,101126827427,精装2+1房型全明格局东西通透诚意出售,470万,58979元/平,顶层 (共4层) | 2005年 | 2室1厅 | 79.69平米 | 东 西,https://ke-image.ljcdn.com/110000-inspection/67f1e685-3a7a-4d2b-9662-6c7d24b5a247_1000.jpg!m_fill,w_280,h_210,f_jpg?from=ke.com
20241030,朝阳,常营,101126816273,满五年唯一中间楼层采光好无遮挡没有面积浪费必看好房,359万,43196元/平,中楼层 (共27层) 2室1厅 | 83.11平米 | 西 南,https://ke-image.ljcdn.com/110000-inspection/28d5c411-a22c-4b64-9c80-183899590791_1000.jpg!m_fill,w_280,h_210,f_jpg?from=ke.com
20241030,朝阳,常营,101126769366,苹果派双层两居室 超大活动空间 餐客分离 视野开阔必看好房,481万,43475元/平,高楼层 (共10层) 2室2厅 | 110.64平米 | 南 北,https://ke-image.ljcdn.com/110000-inspection/0a2ff364-ed4c-4b67-b467-894f2a2e4da6_1000.jpg!m_fill,w_280,h_210,f_jpg?from=ke.com
20241030,朝阳,常营,101126755219,门店优选 现状干净整洁宽敞明亮 方便看 诚意卖必看好房,255万,38908元/平,顶层 (共28层) | 2009年 | 1室1厅 | 65.54平米 | 北,https://ke-image.ljcdn.com/110000-inspection/pc1_7vgoGgZU8_1.jpg!m_fill,w_280,h_210,f_jpg?from=ke.com
20241030,朝阳,常营,101126746664,南北通透一居室 小区中间位置 闹中取静 看房随时必看好房,291万,48517元/平,低楼层 (共8层) 1室1厅 | 59.98平米 | 南 北,https://ke-image.ljcdn.com/110000-inspection/pc1_m0oE6Wcrt_1.jpg!m_fill,w_280,h_210,f_jpg?from=ke.com
20241030,朝阳,常营,101126743789,金隅丽景园 1室1厅 西必看好房,160万,32148元/平,高楼层 (共28层) | 2009年 | 1室1厅 | 49.77平米 | 西,https://ke-image.ljcdn.com/110000-inspection/713b6688-f9c0-402f-9bcf-94c973eddb97_1000.jpg!m_fill,w_280,h_210,f_jpg?from=ke.com
20241030,朝阳,常营,101126735916,北京新天地四期满五唯一不临街中间楼层西南一居室,325万,49273元/平,中楼层 (共26层) 1室1厅 | 65.96平米 | 西南,https://ke-image.ljcdn.com/110000-inspection/pc1_IUEHJk5Fr.jpg!m_fill,w_280,h_210,f_jpg?from=ke.com
20241030,朝阳,常营,101126702910,万象新天四区 板楼三居  方正 层高高 诚意出售必看好房,540万,46198元/平,顶层 (共5层) 3室1厅 | 116.89平米 | 南 北,https://ke-image.ljcdn.com/110000-inspection/f7800161-0e20-47ef-8385-267db3790674_1000.jpg!m_fill,w_280,h_210,f_jpg?from=ke.com
20241030,朝阳,常营,101126695398,板楼洋房不临街精装修配套齐全必看好房,455万,54531元/平,高楼层 (共16层) 2室1厅 | 83.44平米 | 南,https://ke-image.ljcdn.com/110000-inspection/c4cdfc15-2e2e-4a49-8e3c-4f305acfaee2_1000.jpg!m_fill,w_280,h_210,f_jpg?from=ke.com
20241030,朝阳,常营,101126679877,柏林爱乐三期 3室2厅 南 北必看好房,798万,53003元/平,高楼层 (共8层) 3室2厅 | 150.56平米 | 南 北,https://ke-image.ljcdn.com/110000-inspection/pc1_woUu1yQu5.jpg!m_fill,w_280,h_210,f_jpg?from=ke.com
20241030,朝阳,常营,101126656357,门店优选 少见通透户型 客厅对景观花园 总高十五层必看好房,355万,52000元/平,中楼层 (共15层) 1室1厅 | 68.27平米 | 南 北,https://ke-image.ljcdn.com/110000-inspection/pc1_i1VmC85B1.jpg!m_fill,w_280,h_210,f_jpg?from=ke.com
20241030,朝阳,常营,101126643646,朝阳北路22号院02柏林爱乐三期必看好房,480万,50929元/平,高楼层 (共15层) 2室1厅 | 94.25平米 | 南 北,https://ke-image.ljcdn.com/110000-inspection/pc1_dgP2yP1Rp.jpg!m_fill,w_280,h_210,f_jpg?from=ke.com
20241030,朝阳,常营,101126619722,北辰福第中区 带电梯 明厨明卫 满五年 6号线地铁必看好房,420万,48006元/平,低楼层 (共27层) 3室1厅 | 87.49平米 | 南 西 北,https://ke-image.ljcdn.com/110000-inspection/05a3212c-557d-40fb-9312-3c6c88452ca7_1000.jpg!m_fill,w_280,h_210,f_jpg?from=ke.com
20241030,朝阳,常营,101126618564,明厨明卫 近地铁 精装修 采光充足 视野开阔不临街必看好房,429万,39072元/平,中楼层 (共22层) | 2004年 | 2室2厅 | 109.8平米 | 东北,https://ke-image.ljcdn.com/110000-inspection/pc1_wr63kzxQ1.jpg!m_fill,w_280,h_210,f_jpg?from=ke.com
20241030,朝阳,常营,101126613749,首付65万南向两居中间楼层精装修 配套好,225万,33123元/平,中楼层 (共28层) | 2010年 | 2室1厅 | 67.93平米 | 南,https://ke-image.ljcdn.com/110000-inspection/pc1_6DTZzWKgx_2.jpg!m_fill,w_280,h_210,f_jpg?from=ke.com
20241030,朝阳,常营,101126576502,北京新天地四期 东南朝向  精装一居必看好房,299万,45352元/平,低楼层 (共20层) | 2009年 | 1室1厅 | 65.93平米 | 东南,https://ke-image.ljcdn.com/110000-inspection/64564b4e-ab85-4f5a-aa79-dff761f8fc65_1000.jpg!m_fill,w_280,h_210,f_jpg?from=ke.com
20241030,朝阳,常营,101126547083,万象新天一区 板楼大三居南北通透必看好房,780万,51462元/平,低楼层 (共12层) 3室2厅 | 151.57平米 | 南 北,https://ke-image.ljcdn.com/110000-inspection/11fe5cc1-9dff-4e31-bf9d-b28b2c5313dc_1000.jpg!m_fill,w_280,h_210,f_jpg?from=ke.com
20241030,朝阳,常营,101126547009,北京新天地五期 满五年唯一 高楼层  有钥匙必看好房,289万,41494元/平,高楼层 (共28层) | 2011年 | 1室1厅 | 69.65平米 | 西北,https://ke-image.ljcdn.com/110000-inspection/pc1_9VGdEWYaG_1.jpg!m_fill,w_280,h_210,f_jpg?from=ke.com
20241030,朝阳,常营,101126546763,不临街 满五唯一 无抵押无户口 有钥匙随时看房必看好房,509万,50079元/平,中楼层 (共28层) | 2008年 | 2室1厅 | 101.64平米 | 南,https://ke-image.ljcdn.com/110000-inspection/pc1_QJzThh6YY_2.jpg!m_fill,w_280,h_210,f_jpg?from=ke.com
20241030,朝阳,常营,101126467482,常楹公元 3室1厅 南 北必看好房,770万,78991元/平,低楼层 (共26层) | 2015年 | 3室1厅 | 97.48平米 | 南 北,https://ke-image.ljcdn.com/110000-inspection/76c160ba-380f-40f2-8ccd-9e28688cfa19_1000.jpg!m_fill,w_280,h_210,f_jpg?from=ke.com
20241030,朝阳,常营,101126456098,常营住欣家园  业主诚心出售  中间楼层  无遮挡必看好房,280万,40000元/平,低楼层 (共21层) | 2010年 | 2室1厅 | 70平米 | 西南,https://ke-image.ljcdn.com/110000-inspection/654624c8-3657-4daf-8a97-c32781b8552e_1000.jpg!m_fill,w_280,h_210,f_jpg?from=ke.com
20241030,朝阳,常营,101126421506,万象新天家园户型方正三居近地铁诚意出售必看好房,698万,57553元/平,低楼层 (共15层) | 2006年 | 3室2厅 | 121.28平米 | 南 北,https://ke-image.ljcdn.com/110000-inspection/pc1_PK3sI2zBh.jpg!m_fill,w_280,h_210,f_jpg?from=ke.com
20241030,朝阳,常营,101126303951,柏林爱乐二期 2室1厅 西北必看好房,275万,47496元/平,低楼层 (共21层) | 2005年 | 2室1厅 | 57.9平米 | 西北,https://ke-image.ljcdn.com/110000-inspection/77935188-316b-43da-b73b-e820f4abe070_1000.jpg!m_fill,w_280,h_210,f_jpg?from=ke.com
20241030,朝阳,常营,101126303614,柏林爱乐二期 2室1厅 南必看好房,460万,45978元/平,中楼层 (共22层) | 2005年 | 2室1厅 | 100.05平米 | 南,https://ke-image.ljcdn.com/110000-inspection/pc1_ujSakWY5i_1.jpg!m_fill,w_280,h_210,f_jpg?from=ke.com
20241030,朝阳,常营,101126277423,优质西北一居正对花园位置安静随时签约首付60万必看好房,297万,43466元/平,低楼层 (共28层) | 2009年 | 1室1厅 | 68.33平米 | 西北,https://ke-image.ljcdn.com/110000-inspection/pc1_PLt0Yhwjs_1.jpg!m_fill,w_280,h_210,f_jpg?from=ke.com
20241030,朝阳,常营,101126252573,富力阳光美园西南正规三居视野好采光充足必看好房,460万,52362元/平,低楼层 (共27层) | 2010年 | 3室1厅 | 87.85平米 | 西南,https://ke-image.ljcdn.com/110000-inspection/33e906e0-228f-4324-8091-5b83d165d15e_1000.jpg!m_fill,w_280,h_210,f_jpg?from=ke.com
20241030,朝阳,常营,101126250187,柏林爱乐二期 2室1厅 南 北必看好房,610万,58869元/平,中楼层 (共9层) 2室1厅 | 103.62平米 | 南 北,https://ke-image.ljcdn.com/110000-inspection/f16bcea0-4d95-4d29-ad7b-fa5bc43a9afa_1000.jpg!m_fill,w_280,h_210,f_jpg?from=ke.com
20241030,朝阳,常营,101126246035,长楹天街西区 满五年唯一 精装修 正对公园必看好房,876万,62150元/平,低楼层 (共18层) 3室1厅 | 140.95平米 | 南 北,https://ke-image.ljcdn.com/110000-inspection/c33095d4-2a18-4892-89e7-a47ce80c4588_1000.jpg!m_fill,w_280,h_210,f_jpg?from=ke.com
20241030,朝阳,常营,101126207774,6号线 常营 高品质商品房社区 南北通透 中间楼层必看好房,510万,49481元/平,低楼层 (共9层) 2室1厅 | 103.07平米 | 北 南,https://ke-image.ljcdn.com/110000-inspection/a306b52d-5a10-4257-9628-ec89e42714b7_1000.jpg!m_fill,w_280,h_210,f_jpg?from=ke.com
20241030,朝阳,常营,101126005822,万象新天一期 精装修拎包入住 板楼洋房必看好房,538万,55282元/平,中楼层 (共4层) | 2004年 | 2室1厅 | 97.32平米 | 东 西,https://ke-image.ljcdn.com/110000-inspection/pc1_9oefLj93w_2.jpg!m_fill,w_280,h_210,f_jpg?from=ke.com
20241030,朝阳,常营,101126000956,常营丽景园 西北全明格局 周边配套齐全必看好房,240万,34613元/平,中楼层 (共28层) | 2010年 | 2室1厅 | 69.34平米 | 西北,https://ke-image.ljcdn.com/110000-inspection/pc1_Top2IWLi6_1.jpg!m_fill,w_280,h_210,f_jpg?from=ke.com
20241030,朝阳,常营,101125983164,北京新天地三期 2室1厅 东南必看好房,472万,54605元/平,低楼层 (共28层) | 2009年 | 2室1厅 | 86.44平米 | 东南,https://ke-image.ljcdn.com/110000-inspection/pc1_pFvriy0Pz_1.jpg!m_fill,w_280,h_210,f_jpg?from=ke.com
20241030,朝阳,常营,101125748710,柏林爱乐三期 东西通透 满五唯一 近地铁必看好房,338万,49626元/平,底层 (共11层) | 2007年 | 1室2厅 | 68.11平米 | 东 西,https://ke-image.ljcdn.com/110000-inspection/313bde77-8710-48c1-870a-e4e3620841c5_1000.jpg!m_fill,w_280,h_210,f_jpg?from=ke.com
20241030,朝阳,常营,101125717434,常楹公元正规三居视野好采光充足无遮挡必看好房,850万,67030元/平,中楼层 (共25层) 3室1厅 | 126.81平米 | 西南 北,https://ke-image.ljcdn.com/110000-inspection/c453853d-a397-4f5f-a5fd-a516b2d55a32_1000.jpg!m_fill,w_280,h_210,f_jpg?from=ke.com
20241030,朝阳,常营,101125669315,万象新天三区精装修南北三居室 满五年唯一 近地铁必看好房,675万,57747元/平,低楼层 (共16层) 3室2厅 | 116.89平米 | 南 北,https://ke-image.ljcdn.com/110000-inspection/pc1_EI1R0Q07n.jpg!m_fill,w_280,h_210,f_jpg?from=ke.com
20241030,朝阳,常营,101125643971,苹果派新上南北通透精装两居满五唯一必看好房,499万,51080元/平,中楼层 (共11层) | 2007年 | 2室1厅 | 97.69平米 | 南 北,https://ke-image.ljcdn.com/110000-inspection/pc1_ijw4bdo4e.jpg!m_fill,w_280,h_210,f_jpg?from=ke.com
20241030,朝阳,常营,101125639093,首开畅心园  西向两居室  中间楼层,228万,33251元/平,低楼层 (共29层) | 2010年 | 2室1厅 | 68.57平米 | 西,https://ke-image.ljcdn.com/110000-inspection/pc1_H9e82FyJf_2.jpg!m_fill,w_280,h_210,f_jpg?from=ke.com
20241030,朝阳,常营,101125637535,【常营商圈 】住欣家园 正规一居室 看房随时,198万,39952元/平,中楼层 (共28层) | 2010年 | 1室1厅 | 49.56平米 | 西,https://ke-image.ljcdn.com/110000-inspection/8f75c6a2-394f-482d-bd4a-b4389cae7090_1000.jpg!m_fill,w_280,h_210,f_jpg?from=ke.com
20241030,朝阳,常营,101125537770,首开畅心园 西南向三居室 自住 看房基本随时,338万,38847元/平,顶层 (共29层) | 2010年 | 3室1厅 | 87.01平米 | 南 西,https://ke-image.ljcdn.com/110000-inspection/pc1_b6iwcWKWo_2.jpg!m_fill,w_280,h_210,f_jpg?from=ke.com
20241030,朝阳,常营,101125497733,南向大一居室业主诚心出售看房方便必看好房,328万,43011元/平,低楼层 (共28层) | 2009年 | 1室1厅 | 76.26平米 | 东南,https://ke-image.ljcdn.com/110000-inspection/pc1_0QUeBahwc_1.jpg!m_fill,w_280,h_210,f_jpg?from=ke.com
20241030,朝阳,常营,101125494971,苹果派南北通透复式满五年唯一高楼层小区中间必看好房,599万,41868元/平,高楼层 (共12层) | 2007年 | 3室2厅 | 143.07平米 | 南 北,https://ke-image.ljcdn.com/110000-inspection/pc1_MmJ839A5a_1.jpg!m_fill,w_280,h_210,f_jpg?from=ke.com
20241030,朝阳,常营,101125431235,通透一居一梯两户中高楼层中间位置必看好房,338万,52788元/平,中楼层 (共11层) | 2002年 | 1室1厅 | 64.03平米 | 东 西,https://ke-image.ljcdn.com/110000-inspection/0ebbf2c1-ccae-4a52-8bc9-3f7ae91456a1_1000.jpg!m_fill,w_280,h_210,f_jpg?from=ke.com
20241030,朝阳,常营,101125331427,南向正规一居 带阳台 看房随时 高品质小区 楼龄新必看好房,368万,52617元/平,低楼层 (共28层) | 2008年 | 1室1厅 | 69.94平米 | 南,https://ke-image.ljcdn.com/110000-inspection/pc1_BnIcyPBb8.jpg!m_fill,w_280,h_210,f_jpg?from=ke.com
20241030,朝阳,常营,101125234377,北京新天地三期 1室1厅 北必看好房,269万,45317元/平,高楼层 (共28层) | 2009年 | 1室1厅 | 59.36平米 | 北,https://ke-image.ljcdn.com/110000-inspection/pc1_1pvcFIFdW.jpg!m_fill,w_280,h_210,f_jpg?from=ke.com
20241030,朝阳,常营,101125200744,万方家园户型方钢混公积金30年纯商品房落地窗双阳台必看好房,179万,41706元/平,顶层 (共6层) 1室1厅 | 42.92平米 | 南,https://ke-image.ljcdn.com/110000-inspection/pc1_2uTgbM0bJ.jpg!m_fill,w_280,h_210,f_jpg?from=ke.com
20241030,朝阳,常营,101125191817,万象新天家园 满五唯一 正规一居室 随时可看。,312万,44597元/平,低楼层 (共14层) 1室1厅 | 69.96平米 | 西北,https://ke-image.ljcdn.com/110000-inspection/0c49af90-4957-4110-be02-f30edcbd408f_1000.jpg!m_fill,w_280,h_210,f_jpg?from=ke.com
20241030,朝阳,常营,101125075336,长楹天街西区 精装修 满五年唯一 视野好 看房方便,945万,66884元/平,低楼层 (共18层) | 2013年 | 3室1厅 | 141.29平米 | 南 北,https://ke-image.ljcdn.com/110000-inspection/pc1_P7DQtAl2s.jpg!m_fill,w_280,h_210,f_jpg?from=ke.com
20241030,朝阳,常营,101125067510,柏林爱乐满五唯一复式四居室诚意出售必看好房,879万,53631元/平,高楼层 (共11层) 3室2厅 | 163.9平米 | 南 北,https://ke-image.ljcdn.com/110000-inspection/a06c25ac-7e0b-43de-a85f-c9ea654b4c3f_1000.jpg!m_fill,w_280,h_210,f_jpg?from=ke.com
20241030,朝阳,常营,101124937725,临公园 近地铁南北通透户型方正全新精装三居,580万,56975元/平,中楼层 (共9层) 3室1厅 | 101.8平米 | 南 北,https://ke-image.ljcdn.com/110000-inspection/pc1_fQGizL8jH_2.jpg!m_fill,w_280,h_210,f_jpg?from=ke.com
20241030,朝阳,常营,101124613251,常楹公元  精装修  方正三居 拎包入住,960万,72877元/平,低楼层 (共25层) 3室1厅 | 131.73平米 | 南 北,https://ke-image.ljcdn.com/110000-inspection/3f0e0e70-32f6-4480-8c0f-e39ec547378d_1000.jpg!m_fill,w_280,h_210,f_jpg?from=ke.com
20241030,朝阳,常营,101124511702,房子满五年唯一高楼层无遮挡视野好。安静位置必看好房,446万,53807元/平,顶层 (共11层) | 2007年 | 2室1厅 | 82.89平米 | 南,https://ke-image.ljcdn.com/110000-inspection/pc1_6r02yEUbx_1.jpg!m_fill,w_280,h_210,f_jpg?from=ke.com
20241030,朝阳,常营,101124478670,柏林爱乐四期  满五唯一 价钱可谈  诚心出售必看好房,365万,54814元/平,中楼层 (共11层) | 2008年 | 2室1厅 | 66.59平米 | 东,https://ke-image.ljcdn.com/110000-inspection/4a2d0b83-c578-4f61-a419-ce9baef59eb4_1000.jpg!m_fill,w_280,h_210,f_jpg?from=ke.com
20241030,朝阳,常营,101124467912,北京新天地五期、中间层不临街的婚房必看好房,373万,50604元/平,中楼层 (共27层) 1室1厅 | 73.71平米 | 南,https://ke-image.ljcdn.com/110000-inspection/3ba5c976-041c-49f9-8e6b-4838e0e223ca_1000.jpg!m_fill,w_280,h_210,f_jpg?from=ke.com
20241030,朝阳,常营,101124243988,满五年唯一经典两居小区中间位置安静临小广场必看好房,375万,48677元/平,中楼层 (共10层) | 2007年 | 2室1厅 | 77.04平米 | 西北,https://ke-image.ljcdn.com/110000-inspection/be40d130-57f2-4eb9-b23b-adfac1364f59_1000.jpg!m_fill,w_280,h_210,f_jpg?from=ke.com
20241030,朝阳,常营,101124128478,苹果派东北向两居室双阳台设计满五年唯一必看好房,310万,39456元/平,中楼层 (共11层) | 2007年 | 2室1厅 | 78.57平米 | 东北,https://ke-image.ljcdn.com/110000-inspection/pc1_IkXMehwDm_1.jpg!m_fill,w_280,h_210,f_jpg?from=ke.com
20241030,朝阳,常营,101124052171,北京新天地一期南向正规一居室采光好视野宽阔必看好房,325万,45788元/平,顶层 (共28层) | 2007年 | 1室1厅 | 70.98平米 | 南,https://ke-image.ljcdn.com/110000-inspection/pc1_4mspMlLwp.jpg!m_fill,w_280,h_210,f_jpg?from=ke.com
20241030,朝阳,常营,101123941747,管庄常营全南两居室空间大居住舒适看房方便必看好房,452万,45151元/平,低楼层 (共28层) | 2007年 | 2室1厅 | 100.11平米 | 南,https://ke-image.ljcdn.com/110000-inspection/4a0da634-b38b-4474-900a-93d69c8f3e6c_1000.jpg!m_fill,w_280,h_210,f_jpg?from=ke.com
20241030,朝阳,常营,101123846212,柏林爱乐一期板楼三阳面户型小区中间位置,879万,57602元/平,中楼层 (共8层) 3室2厅 | 152.6平米 | 南 北,https://ke-image.ljcdn.com/110000-inspection/99f0585f-70bb-4469-bb1a-0226742a87d0_1000.jpg!m_fill,w_280,h_210,f_jpg?from=ke.com
20241030,朝阳,常营,101123297960,【聚焦好房】满五年 南北通透采光好 楼层好房主自荐,403万,49766元/平,低楼层 (共7层) 3室2厅 | 80.98平米 | 南 北,https://ke-image.ljcdn.com/110000-inspection/f8d32ba5-9c46-47f4-8b56-a280111c4239_1000.jpg!m_fill,w_280,h_210,f_jpg?from=ke.com
20241030,朝阳,常营,101123227021,60万精装 西南三居 全明格局,650万,50400元/平,高楼层 (共21层) | 2005年 | 3室1厅 | 128.97平米 | 西南,https://ke-image.ljcdn.com/110000-inspection/0a853a59-ba3f-4484-8e48-2dd4854c630b_1000.jpg!m_fill,w_280,h_210,f_jpg?from=ke.com
20241030,朝阳,常营,101123138024,首开畅心园  6号线草房地铁 精装修南向一居室必看好房,235万,45262元/平,中楼层 (共26层) | 2010年 | 1室1厅 | 51.92平米 | 南,https://ke-image.ljcdn.com/110000-inspection/b6594ab5-7cff-407d-b983-57139cf3cc6e_1000.jpg!m_fill,w_280,h_210,f_jpg?from=ke.com
20241030,朝阳,常营,101122931964,管庄常营北向看房方便诚意出售。必看好房,235万,45315元/平,高楼层 (共20层) | 2009年 | 1室1厅 | 51.86平米 | 北,https://ke-image.ljcdn.com/110000-inspection/88e9ff61-2eee-4fa0-9ae2-45baf7d309fd_1000.jpg!m_fill,w_280,h_210,f_jpg?from=ke.com
20241030,朝阳,常营,101122560245,柏林爱乐二期    东南复式    诚心出售  价钱可谈必看好房,580万,36705元/平,中楼层 (共22层) | 2004年 | 3室1厅 | 158.02平米 | 东南,https://ke-image.ljcdn.com/110000-inspection/27d656a3-50e5-4a62-92bd-7458b084ba48_1000.jpg!m_fill,w_280,h_210,f_jpg?from=ke.com
20241030,朝阳,常营,101127043867,北京像素北区 2室1厅 西必看好房,116万,25152元/平,中楼层 (共17层) | 2011年 | 2室1厅 | 46.12平米 | 西,https://s1.ljcdn.com/pegasus/redskull/images/common/default_house_list.png?_v=202410161653269
20241030,朝阳,常营,101127015271,北京像素北区 2室2厅 东必看好房,115万,24919元/平,低楼层 (共17层) | 2011年 | 2室2厅 | 46.15平米 | 东,https://s1.ljcdn.com/pegasus/redskull/images/common/default_house_list.png?_v=202410161653269
20241030,朝阳,常营,101126763695,北京像素北区 2室1厅 东南必看好房,129万,25956元/平,低楼层 (共13层) | 2011年 | 2室1厅 | 49.7平米 | 东南,https://s1.ljcdn.com/pegasus/redskull/images/common/default_house_list.png?_v=202410161653269
20241030,朝阳,常营,101126485872,柏林爱乐东向一居室满五年唯一靠谱签约,335万,49704元/平,高楼层 (共11层) | 2007年 | 1室1厅 | 67.4平米 | 东,https://s1.ljcdn.com/pegasus/redskull/images/common/default_house_list.png?_v=202410161653269
20241030,朝阳,常营,101125998292,北京像素南区 2室1厅 西南必看好房,160万,28649元/平,低楼层 (共16层) | 2011年 | 2室1厅 | 55.85平米 | 西南,https://s1.ljcdn.com/pegasus/redskull/images/common/default_house_list.png?_v=202410161653269
20241030,朝阳,常营,101125957911,北京像素北区 1室1厅 西北必看好房,115万,28501元/平,中楼层 (共13层) | 2011年 | 1室1厅 | 40.35平米 | 西北,https://s1.ljcdn.com/pegasus/redskull/images/common/default_house_list.png?_v=202410161653269
20241030,朝阳,常营,101125780168,首开东都汇 常营商圈 精装修 5.48米挑高,175万,27761元/平,中楼层 (共14层) 2室2厅 | 63.04平米 | 西,https://s1.ljcdn.com/pegasus/redskull/images/common/default_house_list.png?_v=202410161653269
20241030,朝阳,常营,101124451593,北京像素北区 2室1厅 西南 东北必看好房,170万,29983元/平,中楼层 (共14层) | 2011年 | 2室1厅 | 56.7平米 | 西南 东北,https://s1.ljcdn.com/pegasus/redskull/images/common/default_house_list.png?_v=202410161653269
20241030,朝阳,常营,101127268927,常营 柏林爱乐四期 南北通透两居室H户型户型方正新上,568万,55529元/平,低楼层 (共8层) | 2008年 | 2室2厅 | 102.29平米 | 南 北,https://ke-image.ljcdn.com/110000-inspection/d787f826-bc0c-41a8-bf17-ac524cb8749c_1000.jpg!m_fill,w_280,h_210,f_jpg?from=ke.com
20241030,朝阳,常营,101127267888,北京新天地四期 2室1厅 南 北新上,568万,52001元/平,顶层 (共28层) | 2009年 | 2室1厅 | 109.23平米 | 南 北,https://ke-image.ljcdn.com/110000-inspection/ad947e9e-8d8a-4797-a9e8-ba57d961a197_1000.jpg!m_fill,w_280,h_210,f_jpg?from=ke.com
20241030,朝阳,常营,101127251481,富力阳光美园东南三居户型方正采光好新上,490万,55493元/平,低楼层 (共27层) | 2010年 | 3室1厅 | 88.3平米 | 东南,https://ke-image.ljcdn.com/110000-inspection/7da8fb6e-df5c-4edc-b9fb-ece142a90532_1000.jpg!m_fill,w_280,h_210,f_jpg?from=ke.com
20241030,朝阳,常营,101127245812,馨岛苑 2室1厅 西北新上,360万,41238元/平,高楼层 (共11层) 2室1厅 | 87.3平米 | 西北,https://ke-image.ljcdn.com/110000-inspection/pc1_x5GvtuQWK.jpg!m_fill,w_280,h_210,f_jpg?from=ke.com
20241030,朝阳,常营,101127243272,首开畅心园 2室1厅 南新上,318万,46931元/平,中楼层 (共29层) | 2010年 | 2室1厅 | 67.76平米 | 南,https://ke-image.ljcdn.com/110000-inspection/13dce98e-c364-4921-b4ab-5c5dfa9b1d2b_1000.jpg!m_fill,w_280,h_210,f_jpg?from=ke.com
20241030,朝阳,常营,101127224418,北京新天地三期 2室1厅 西北新上,345万,51134元/平,中楼层 (共28层) | 2008年 | 2室1厅 | 67.47平米 | 西北,https://ke-image.ljcdn.com/110000-inspection/cb16035b-9a73-4d11-9cda-4cb904c8e481_1000.jpg!m_fill,w_280,h_210,f_jpg?from=ke.com
20241030,朝阳,常营,101127222390,金隅丽景园 1室1厅 东 西新上,210万,43952元/平,低楼层 (共28层) | 2009年 | 1室1厅 | 47.78平米 | 东 西,https://ke-image.ljcdn.com/110000-inspection/pc1_NWQfX63DO_2.jpg!m_fill,w_280,h_210,f_jpg?from=ke.com
20241030,朝阳,常营,101127202049,优点社区 1室1厅 西,298万,46095元/平,低楼层 (共6层) 1室1厅 | 64.65平米 | 西,https://ke-image.ljcdn.com/110000-inspection/e4b1c97c-8664-43a7-8236-3ec7c7240db4_1000.jpg!m_fill,w_280,h_210,f_jpg?from=ke.com
20241030,朝阳,常营,101127194732,万象新天三区 边户四居室 全明格局,1160万,69060元/平,高楼层 (共16层) 4室2厅 | 167.97平米 | 南 北,https://ke-image.ljcdn.com/110000-inspection/0c2eb13c-6e74-44ec-84b0-a9705fad66c5_1000.jpg!m_fill,w_280,h_210,f_jpg?from=ke.com
20241030,朝阳,常营,101127157208,四期 中楼层 不临街安静 看花园,490万,53372元/平,中楼层 (共26层) | 2009年 | 2室1厅 | 91.81平米 | 南,https://ke-image.ljcdn.com/110000-inspection/2fe18ecd-5599-4096-838f-7543cdfe9744_1000.jpg!m_fill,w_280,h_210,f_jpg?from=ke.com
20241030,朝阳,常营,101127151571,2梯4户 满五唯一 高层观景视野棒 正对花园水系,308万,49053元/平,高楼层 (共28层) | 2007年 | 1室1厅 | 62.79平米 | 北,https://ke-image.ljcdn.com/110000-inspection/8039f528-97d7-4ec8-af36-427e48d208fd_1000.jpg!m_fill,w_280,h_210,f_jpg?from=ke.com
20241030,朝阳,常营,101127144352,满五年唯一购房只有契税；精装可拎包入住,182万,38004元/平,顶层 (共6层) 1室0厅 | 47.89平米 | 东,https://ke-image.ljcdn.com/110000-inspection/pc1_Jd1xFng7m.jpg!m_fill,w_280,h_210,f_jpg?from=ke.com
20241030,朝阳,常营,101127133018,北京新天地满五年唯一户型方正使用率高房主自荐,390万,59235元/平,中楼层 (共28层) 2室1厅 | 65.84平米 | 东北,https://ke-image.ljcdn.com/110000-inspection/389bead5-9bdd-48ef-9ddc-29b37d6fc20f_1000.jpg!m_fill,w_280,h_210,f_jpg?from=ke.com
20241030,朝阳,常营,101127131502,北京新天地二期 1室2厅 东北房主自荐,359万,54527元/平,高楼层 (共28层) 1室2厅 | 65.84平米 | 东北,https://ke-image.ljcdn.com/110000-inspection/1fead97a-8b5d-47dc-9623-96f4dfcc932d_1000.jpg!m_fill,w_280,h_210,f_jpg?from=ke.com
20241030,朝阳,常营,101127129462,万象新天四区 3室2厅 南 北,759万,62423元/平,中楼层 (共5层) | 2006年 | 3室2厅 | 121.59平米 | 南 北,https://ke-image.ljcdn.com/110000-inspection/76f6f99d-b332-4231-ba67-84efa6ae0b4f_1000.jpg!m_fill,w_280,h_210,f_jpg?from=ke.com
20241030,朝阳,常营,101127113895,柏林爱乐三期 1室1厅 南,330万,48112元/平,低楼层 (共15层) 1室1厅 | 68.59平米 | 南,https://ke-image.ljcdn.com/110000-inspection/8c78f4a3-02aa-460e-878a-9769a8c6287e_1000.jpg!m_fill,w_280,h_210,f_jpg?from=ke.com
20241030,朝阳,常营,101127112805,万象新天二区 洋房板楼 中间楼层 南北通透不临街,839万,62199元/平,中楼层 (共6层) 3室2厅 | 134.89平米 | 南 北,https://ke-image.ljcdn.com/110000-inspection/pc1_bExyt9rqK.jpg!m_fill,w_280,h_210,f_jpg?from=ke.com
20241030,朝阳,常营,101127111695,常营三居室2023年婚房装修 中央空调新风系统齐全,390万,44019元/平,高楼层 (共28层) | 2010年 | 3室1厅 | 88.6平米 | 东北,https://ke-image.ljcdn.com/110000-inspection/cb8d34c0-9e60-4567-a826-549f9683ce90_1000.jpg!m_fill,w_280,h_210,f_jpg?from=ke.com
20241030,朝阳,常营,101127068441,荟康苑 2室1厅 南 北,305万,46459元/平,低楼层 (共7层) | 1996年 | 2室1厅 | 65.65平米 | 南 北,https://ke-image.ljcdn.com/110000-inspection/pc1_wKmdJZeWQ.jpg!m_fill,w_280,h_210,f_jpg?from=ke.com
20241030,朝阳,常营,101127050808,万象新天二区 板楼三居室 满五唯一 带电梯 不临,870万,64497元/平,中楼层 (共6层) 3室2厅 | 134.89平米 | 南 北,https://ke-image.ljcdn.com/110000-inspection/7e771f40-17f4-4ae8-8e5c-c24d5a932bd0_1000.jpg!m_fill,w_280,h_210,f_jpg?from=ke.com
20241030,朝阳,常营,101127041509,北京新天地二期 2室2厅 东南,580万,57672元/平,低楼层 (共28层) 2室2厅 | 100.57平米 | 东南,https://ke-image.ljcdn.com/110000-inspection/pc1_ivB7UsDFC_2.jpg!m_fill,w_280,h_210,f_jpg?from=ke.com
20241030,朝阳,常营,101127024417,万象新天二区 板楼三居室 满五唯一 电梯 不临街,880万,65215元/平,低楼层 (共6层) 3室2厅 | 134.94平米 | 南 北,https://ke-image.ljcdn.com/110000-inspection/pc1_zUdkHDJEM_1.jpg!m_fill,w_280,h_210,f_jpg?from=ke.com
20241030,朝阳,常营,101127019855,保利嘉园一号院 2室1厅 南 北,345万,43804元/平,底层 (共24层) | 2010年 | 2室1厅 | 78.76平米 | 南 北,https://ke-image.ljcdn.com/110000-inspection/pc1_1Vv7vxsye_1.jpg!m_fill,w_280,h_210,f_jpg?from=ke.com
20241030,朝阳,常营,101127014022,柏林爱乐二期 1室1厅 西南,268万,44174元/平,低楼层 (共24层) | 2007年 | 1室1厅 | 60.67平米 | 西南,https://ke-image.ljcdn.com/110000-inspection/pc1_EkawadotS.jpg!m_fill,w_280,h_210,f_jpg?from=ke.com
20241030,朝阳,常营,101127006814,店长常营龙湖天街新天地 不临街  有钥匙160万房主自荐,160万,58203元/平,底层 (共20层) 1室1厅 | 27.49平米 | 南,https://ke-image.ljcdn.com/110000-inspection/pc1_mFFD1tqKJ_1.jpg!m_fill,w_280,h_210,f_jpg?from=ke.com
20241030,朝阳,常营,101126996010,南北通透  一梯两户 带三个阳台 全明格局,430万,44459元/平,底层 (共10层) 2室1厅 | 96.72平米 | 南 北,https://ke-image.ljcdn.com/110000-inspection/43c1f57e-448c-4d0b-8643-767de41339a2_1000.jpg!m_fill,w_280,h_210,f_jpg?from=ke.com
20241030,朝阳,常营,101126988674,北京新天地五期 2室2厅 东南,566万,58459元/平,低楼层 (共28层) | 2013年 | 2室2厅 | 96.82平米 | 东南,https://ke-image.ljcdn.com/110000-inspection/01e0011f-de36-478f-9911-63e8aa001caa_1000.jpg!m_fill,w_280,h_210,f_jpg?from=ke.com
20241030,朝阳,常营,101126978073,六号线 常营商品房南北通透两居  配套齐全,295万,49647元/平,低楼层 (共28层) | 2009年 | 2室1厅 | 59.42平米 | 南 北,https://ke-image.ljcdn.com/110000-inspection/pc1_Vx5FiJZ5a_2.jpg!m_fill,w_280,h_210,f_jpg?from=ke.com
20241030,朝阳,常营,101126969579,柏林爱乐二期 中间层 楼下花园 满五唯一商品房,325万,45271元/平,中楼层 (共21层) | 2005年 | 2室1厅 | 71.79平米 | 西 北,https://ke-image.ljcdn.com/110000-inspection/pc1_uKq37QrCd.jpg!m_fill,w_280,h_210,f_jpg?from=ke.com
20241030,朝阳,常营,101126966550,朝阳路5号院北京新天地五期9号楼,755万,53910元/平,高楼层 (共27层) | 2011年 | 3室1厅 | 140.05平米 | 南 北,https://ke-image.ljcdn.com/110000-inspection/008c4db3-7222-4a34-936c-eef81ca0c219_1000.jpg!m_fill,w_280,h_210,f_jpg?from=ke.com
20241030,朝阳,常营,101126963452,荟康苑 2室1厅 南 北,350万,51875元/平,中楼层 (共7层) 2室1厅 | 67.47平米 | 南 北,https://ke-image.ljcdn.com/110000-inspection/e4d68104-59a2-4c81-95b7-4b5f1102080a_1000.jpg!m_fill,w_280,h_210,f_jpg?from=ke.com
20241030,朝阳,常营,101126962765,北京新天地 全明两居 居家精装拎包入住,480万,50310元/平,低楼层 (共28层) | 2008年 | 2室1厅 | 95.41平米 | 西南,https://ke-image.ljcdn.com/110000-inspection/pc1_ESRJCuYMV_2.jpg!m_fill,w_280,h_210,f_jpg?from=ke.com
20241030,朝阳,常营,101126951900,北京新天地一期 3室1厅 南 北,688万,50440元/平,中楼层 (共28层) 3室1厅 | 136.4平米 | 南 北,https://ke-image.ljcdn.com/110000-inspection/e945cf6c-d7aa-4b5a-8655-760be071a651_1000.jpg!m_fill,w_280,h_210,f_jpg?from=ke.com
20241030,朝阳,常营,101126944664,常营万方家园06年钢混 满五唯一 落地窗 中间楼层,410万,43982元/平,中楼层 (共6层) 2室1厅 | 93.22平米 | 南 北,https://ke-image.ljcdn.com/110000-inspection/fc7fb861-2f16-4d01-aa61-c5758e9c1b82_1000.jpg!m_fill,w_280,h_210,f_jpg?from=ke.com
20241030,朝阳,常营,101126917376,全明格局南北通透大三居 精装修 小区中间位置,500万,38950元/平,顶层 (共6层) | 2006年 | 3室1厅 | 128.37平米 | 南 北,https://ke-image.ljcdn.com/110000-inspection/pc1_aKRBmnqS9.jpg!m_fill,w_280,h_210,f_jpg?from=ke.com
20241030,朝阳,常营,101126916615,满五唯一中间位置不临街卫生间带窗户,383万,52301元/平,中楼层 (共28层) 1室1厅 | 73.23平米 | 南,https://ke-image.ljcdn.com/110000-inspection/pc1_JNPivHvh7_1.jpg!m_fill,w_280,h_210,f_jpg?from=ke.com
20241030,朝阳,常营,101126903976,北辰福第北区南北通透两居室无遮挡视野开阔配套齐全,389万,44631元/平,低楼层 (共27层) | 2010年 | 2室1厅 | 87.16平米 | 南 北,https://ke-image.ljcdn.com/110000-inspection/pc1_4UehyFZlX_2.jpg!m_fill,w_280,h_210,f_jpg?from=ke.com
20241030,朝阳,常营,101126881169,北京新天地三期小区也是朝阳路5号院。,440万,48273元/平,底层 (共28层) | 2008年 | 2室2厅 | 91.15平米 | 南 北,https://ke-image.ljcdn.com/110000-inspection/pc1_QRah8AAvX_1.jpg!m_fill,w_280,h_210,f_jpg?from=ke.com
20241030,朝阳,常营,101126872869,近地铁交通发达配套齐全生活氛围好,280万,39644元/平,低楼层 (共28层) | 2010年 | 2室1厅 | 70.63平米 | 东南,https://ke-image.ljcdn.com/110000-inspection/pc1_UuGZXp9RL_2.jpg!m_fill,w_280,h_210,f_jpg?from=ke.com
20241030,朝阳,常营,101126870216,常楹公元南向两居全天采光视野无遮挡,599万,67108元/平,底层 (共25层) 2室1厅 | 89.26平米 | 南,https://ke-image.ljcdn.com/110000-inspection/398a707b-d7b5-4869-8876-e8ae3b46a5a6_1000.jpg!m_fill,w_280,h_210,f_jpg?from=ke.com
20241030,朝阳,常营,101126842486,常楹公元南北通透正规三居视野开阔采光充足,795万,80125元/平,中楼层 (共25层) 3室1厅 | 99.22平米 | 南 北,https://ke-image.ljcdn.com/110000-inspection/4ee1fa96-cac3-49ed-b7ab-0eb48adfe2d6_1000.jpg!m_fill,w_280,h_210,f_jpg?from=ke.com
20241030,朝阳,常营,101126826095,朝青知筑 3室2厅 南 北,1066万,76702元/平,高楼层 (共18层) | 2021年 | 3室2厅 | 138.98平米 | 南 北,https://ke-image.ljcdn.com/110000-inspection/0889e95b-cf03-439b-9d20-8920ccee8ae2_1000.jpg!m_fill,w_280,h_210,f_jpg?from=ke.com
20241030,朝阳,常营,101126757232,不临街 满五年唯一 南北三居 高楼层  水系环绕,699万,51360元/平,高楼层 (共28层) | 2008年 | 3室2厅 | 136.1平米 | 南 北,https://ke-image.ljcdn.com/110000-inspection/5da7b101-d776-4bac-963d-a1d51945fc69_1000.jpg!m_fill,w_280,h_210,f_jpg?from=ke.com
20241030,朝阳,常营,101126742503,苹果派精装一居户型满五年小区中间楼栋次顶层,188万,49631元/平,高楼层 (共12层) | 2007年 | 1室1厅 | 37.88平米 | 北,https://ke-image.ljcdn.com/110000-inspection/652f4544-4e3b-4582-8687-3576569beacd_1000.jpg!m_fill,w_280,h_210,f_jpg?from=ke.com
20241030,朝阳,常营,101126728889,业主诚心出售随时签约。。。。房主自荐,99万,21383元/平,地下室 (共12层) | 2007年 | 1室0厅 | 46.3平米 | 北,https://ke-image.ljcdn.com/110000-inspection/7a2a4557-d81d-4d0f-b88f-2f5b67c0aa29_1000.jpg!m_fill,w_280,h_210,f_jpg?from=ke.com
20241030,朝阳,常营,101126708034,万方家园南北通透两居室满五唯一商品房,435万,45574元/平,中楼层 (共6层) 2室1厅 | 95.45平米 | 南 北,https://ke-image.ljcdn.com/110000-inspection/01fdfb5c-404e-4b39-84e8-1a7f82ed76f3_1000.jpg!m_fill,w_280,h_210,f_jpg?from=ke.com
20241030,朝阳,常营,101126690529,柏林爱乐二期 婚房精装 全明格局 诚意出售,268万,45478元/平,高楼层 (共22层) | 2007年 | 1室1厅 | 58.93平米 | 西北,https://ke-image.ljcdn.com/110000-inspection/c5b2b647-a435-44e0-9bd5-e86a8541d6e8_1000.jpg!m_fill,w_280,h_210,f_jpg?from=ke.com
20241030,朝阳,常营,101126689471,正规三居室  诚心出售  看房随时,280万,31405元/平,低楼层 (共26层) | 2010年 | 3室1厅 | 89.16平米 | 东 北,https://ke-image.ljcdn.com/110000-inspection/pc1_Te8hn9E1Y_2.jpg!m_fill,w_280,h_210,f_jpg?from=ke.com
20241030,朝阳,常营,101126674777,首开畅心园 1室1厅 南,189万,36714元/平,高楼层 (共29层) | 2010年 | 1室1厅 | 51.48平米 | 南,https://ke-image.ljcdn.com/110000-inspection/pc1_hP7CQ7gcU_2.jpg!m_fill,w_280,h_210,f_jpg?from=ke.com
20241030,朝阳,常营,101126636438,高层观景采光好 视野棒 满五唯一 无抵押无户口,529万,53777元/平,中楼层 (共28层) 2室1厅 | 98.37平米 | 南 北,https://ke-image.ljcdn.com/110000-inspection/pc1_tvbuXF4Nz_1.jpg!m_fill,w_280,h_210,f_jpg?from=ke.com
20241030,朝阳,常营,101126629836,金隅丽景园 2室1厅 西南,268万,36728元/平,中楼层 (共22层) | 2010年 | 2室1厅 | 72.97平米 | 西南,https://ke-image.ljcdn.com/110000-inspection/pc1_sXQQIdDeG_1.jpg!m_fill,w_280,h_210,f_jpg?from=ke.com
20241030,朝阳,常营,101126625181,柏林爱乐三期 高楼层 满五唯一 视野采光好,508万,53900元/平,高楼层 (共15层) 2室1厅 | 94.25平米 | 南 北,https://ke-image.ljcdn.com/110000-inspection/pc1_GyAqR7NTk_1.jpg!m_fill,w_280,h_210,f_jpg?from=ke.com
20241030,朝阳,常营,101126595253,北京新天地一期 西南三居室 满五年唯一 精装修,660万,54763元/平,高楼层 (共28层) 3室2厅 | 120.52平米 | 西南,https://ke-image.ljcdn.com/110000-inspection/pc1_xawvqqFvD_2.jpg!m_fill,w_280,h_210,f_jpg?from=ke.com
20241030,朝阳,常营,101126591193,中高楼层南北通透三居 户型方正看房方便 诚心出售,750万,53553元/平,高楼层 (共27层) | 2011年 | 3室2厅 | 140.05平米 | 南 北,https://ke-image.ljcdn.com/110000-inspection/pc1_VlWcf7rOa.jpg!m_fill,w_280,h_210,f_jpg?from=ke.com
20241030,朝阳,常营,101126572661,北京新天地五期 精装东南两居 大窗户 对花园不临街,586万,61626元/平,中楼层 (共27层) 2室2厅 | 95.09平米 | 东南,https://ke-image.ljcdn.com/110000-inspection/pc1_NI0Cw77zs_1.jpg!m_fill,w_280,h_210,f_jpg?from=ke.com
20241030,朝阳,常营,101126565187,店长：常营新天地6/1号线/22号线 南北朝向,480万,48910元/平,低楼层 (共28层) | 2008年 | 2室1厅 | 98.14平米 | 南 北,https://ke-image.ljcdn.com/110000-inspection/07522a7f-3f91-4558-a61f-14c087ada7e1_1000.jpg!m_fill,w_280,h_210,f_jpg?from=ke.com
20241030,朝阳,常营,101126553268,房子满五年卫生间带窗户不临街没有遮挡,280万,40586元/平,中楼层 (共28层) | 2009年 | 2室1厅 | 68.99平米 | 西 北,https://ke-image.ljcdn.com/110000-inspection/pc1_gDnbst2Jo_2.jpg!m_fill,w_280,h_210,f_jpg?from=ke.com
20241030,朝阳,常营,101126541025,万象新天天际高尔夫人车分流两居室拎包入住,450万,66925元/平,高楼层 (共18层) | 2011年 | 2室1厅 | 67.24平米 | 西北,https://ke-image.ljcdn.com/110000-inspection/pc1_gjLiftm9c_2.jpg!m_fill,w_280,h_210,f_jpg?from=ke.com
20241030,朝阳,常营,101126518121,苹果派 2室1厅 南 北,505万,53604元/平,低楼层 (共11层) 2室1厅 | 94.21平米 | 南 北,https://ke-image.ljcdn.com/110000-inspection/7a50264e-8d53-44df-8a2e-7a3296f2255b_1000.jpg!m_fill,w_280,h_210,f_jpg?from=ke.com
20241030,朝阳,常营,101126483101,万方家园 2室1厅 南 北,400万,42786元/平,中楼层 (共6层) 2室1厅 | 93.49平米 | 南 北,https://ke-image.ljcdn.com/110000-inspection/pc1_ToSoGAex1.jpg!m_fill,w_280,h_210,f_jpg?from=ke.com
20241030,朝阳,常营,101126419870,柏林爱乐四期  精装修南北两居室,466万,51946元/平,低楼层 (共21层) 2室2厅 | 89.71平米 | 南 北,https://ke-image.ljcdn.com/110000-inspection/2791e083-0cdc-42ab-afa9-f669211bce8f_1000.jpg!m_fill,w_280,h_210,f_jpg?from=ke.com
20241030,朝阳,常营,101126410822,常楹公元新精装修南向一居无遮挡采光好房主自荐,508万,84724元/平,高楼层 (共24层) | 2013年 | 1室1厅 | 59.96平米 | 南,https://ke-image.ljcdn.com/110000-inspection/9826f427-f826-4039-ad1c-86a38abf6179_1000.jpg!m_fill,w_280,h_210,f_jpg?from=ke.com
20241030,朝阳,常营,101126403437,精装修4年 南北通透格局明厨明卫采光好 拎包,409万,43258元/平,底层 (共10层) 2室1厅 | 94.55平米 | 北 南,https://ke-image.ljcdn.com/110000-inspection/3b6ba489-88fb-4604-91c7-5fc78b7567e6_1000.jpg!m_fill,w_280,h_210,f_jpg?from=ke.com
20241030,朝阳,常营,101126390898,馨岛苑社区人口密度较小居住舒适。,285万,40136元/平,低楼层 (共11层) 1室1厅 | 71.01平米 | 南,https://ke-image.ljcdn.com/110000-inspection/pc1_FnsDTHbS3.jpg!m_fill,w_280,h_210,f_jpg?from=ke.com
20241030,朝阳,常营,101126371938,北京新天地一期 南向一居室 中间楼层 采光良好,389万,54805元/平,中楼层 (共28层) | 2007年 | 1室1厅 | 70.98平米 | 南,https://ke-image.ljcdn.com/110000-inspection/pc1_hyvACaKHN.jpg!m_fill,w_280,h_210,f_jpg?from=ke.com
20241030,朝阳,常营,101126354473,常楹公元高楼层视野无遮挡采光充足,790万,81043元/平,中楼层 (共26层) | 2015年 | 3室1厅 | 97.48平米 | 南 北,https://ke-image.ljcdn.com/110000-inspection/pc1_GaXMgLVZg.jpg!m_fill,w_280,h_210,f_jpg?from=ke.com
20241030,朝阳,常营,101126334762,金隅丽景园 2室1厅 南 西,245万,33742元/平,中楼层 (共27层) | 2010年 | 2室1厅 | 72.61平米 | 南 西,https://ke-image.ljcdn.com/110000-inspection/dd7cc678-d413-4bae-8a4d-5671a5ac4a4a_1000.jpg!m_fill,w_280,h_210,f_jpg?from=ke.com
20241030,朝阳,常营,101126332641,保利嘉园三号院 2室1厅 西南,389万,44120元/平,低楼层 (共18层) | 2010年 | 2室1厅 | 88.17平米 | 西南,https://ke-image.ljcdn.com/110000-inspection/pc1_COAgvr1gS.jpg!m_fill,w_280,h_210,f_jpg?from=ke.com
20241030,朝阳,常营,101126325098,朝青知筑2021年商品房新小区房主自荐,1119万,80106元/平,高楼层 (共18层) 3室2厅 | 139.69平米 | 南 北,https://ke-image.ljcdn.com/110000-inspection/pc1_v4hSktPIk.jpg!m_fill,w_280,h_210,f_jpg?from=ke.com
20241030,朝阳,常营,101126251849,满五年唯一六号线 八通线 中楼层 次新小区,318万,47210元/平,中楼层 (共28层) | 2009年 | 1室2厅 | 67.36平米 | 东北,https://ke-image.ljcdn.com/110000-inspection/46258912-d604-401a-83f6-9751a0cd8d02_1000.jpg!m_fill,w_280,h_210,f_jpg?from=ke.com
20241030,朝阳,常营,101126221842,朝阳北路22号院02柏林爱乐三期,510万,54569元/平,高楼层 (共21层) | 2007年 | 2室1厅 | 93.46平米 | 南 北,https://ke-image.ljcdn.com/110000-inspection/bfc8f2d9-fc43-4543-865a-f8303c38f2da_1000.jpg!m_fill,w_280,h_210,f_jpg?from=ke.com
20241030,朝阳,常营,101126212488,天际高尔夫花园 一梯一户 南北通透大三居 诚意出售,818万,51331元/平,中楼层 (共19层) | 2009年 | 3室1厅 | 159.36平米 | 南 北,https://ke-image.ljcdn.com/110000-inspection/pc1_HPV0meIOo_1.jpg!m_fill,w_280,h_210,f_jpg?from=ke.com
20241030,朝阳,常营,101126187249,杨闸朝阳路3号西军庄 东南两居 满五年唯一商品房,340万,40670元/平,顶层 (共6层) 2室1厅 | 83.6平米 | 东南,https://ke-image.ljcdn.com/110000-inspection/pc1_zc8V4sqDu.jpg!m_fill,w_280,h_210,f_jpg?from=ke.com
20241030,朝阳,常营,101126144530,常楹公元 南向一居 经典户型 中高楼层,499万,84248元/平,中楼层 (共25层) 1室1厅 | 59.23平米 | 南,https://ke-image.ljcdn.com/110000-inspection/pc1_CWjiDplwK.jpg!m_fill,w_280,h_210,f_jpg?from=ke.com
20241030,朝阳,常营,101126142337,北京新天地一期 2梯4户 视野开阔 采光好,520万,51506元/平,高楼层 (共28层) 2室1厅 | 100.96平米 | 南,https://ke-image.ljcdn.com/110000-inspection/pc1_3yy6vO45h.jpg!m_fill,w_280,h_210,f_jpg?from=ke.com
20241030,朝阳,常营,101126122918,北京新天地全南两居 中高楼层无遮挡 看房方便,499万,54352元/平,高楼层 (共26层) | 2009年 | 2室2厅 | 91.81平米 | 南,https://ke-image.ljcdn.com/110000-inspection/2fe0a300-375d-4911-acf7-fdca55e77678_1000.jpg!m_fill,w_280,h_210,f_jpg?from=ke.com
20241030,朝阳,常营,101126086943,全南两居室不临街位置安静户型方正无浪费,465万,49776元/平,低楼层 (共26层) 2室1厅 | 93.42平米 | 南,https://ke-image.ljcdn.com/110000-inspection/pc1_eHe2aDIYx_1.jpg!m_fill,w_280,h_210,f_jpg?from=ke.com
20241030,朝阳,常营,101126080666,常楹公元 方正三居小区正中间采光好南北通透,1050万,79691元/平,中楼层 (共25层) | 2015年 | 3室2厅 | 131.76平米 | 南 北,https://ke-image.ljcdn.com/110000-inspection/7691b8d3-b69f-4245-81b0-20776e646cea_1000.jpg!m_fill,w_280,h_210,f_jpg?from=ke.com
20241030,朝阳,常营,101125982513,北京新天地四期精装南北两居室高层视野无遮挡户型好房主自荐,518万,57118元/平,中楼层 (共26层) | 2009年 | 2室1厅 | 90.69平米 | 南 北,https://ke-image.ljcdn.com/110000-inspection/pc1_eUWAnU7yn_1.jpg!m_fill,w_280,h_210,f_jpg?from=ke.com
20241030,朝阳,常营,101125981582,北京新天地一期 2室1厅 东南,538万,53079元/平,高楼层 (共28层) 2室1厅 | 101.36平米 | 东南,https://ke-image.ljcdn.com/110000-inspection/f8011be8-abb2-428e-8d91-ca8f27f92292_1000.jpg!m_fill,w_280,h_210,f_jpg?from=ke.com
20241030,朝阳,常营,101125942099,长楹天街西区四居室随时能看房,1350万,71535元/平,低楼层 (共18层) | 2013年 | 4室2厅 | 188.72平米 | 南 北,https://ke-image.ljcdn.com/110000-inspection/98b50d9e-267b-4961-9769-0232ed6131fb_1000.jpg!m_fill,w_280,h_210,f_jpg?from=ke.com
20241030,朝阳,常营,101125935348,北京新天地五期 精装一室2厅 户型方正 不临街,279万,45716元/平,低楼层 (共28层) | 2011年 | 1室2厅 | 61.03平米 | 北,https://ke-image.ljcdn.com/110000-inspection/pc1_NZ1QobXIN_1.jpg!m_fill,w_280,h_210,f_jpg?from=ke.com
20241030,朝阳,常营,101125867429,万象新天四区 3室2厅 南 北房主自荐,715万,57905元/平,中楼层 (共5层) 3室2厅 | 123.48平米 | 南 北,https://ke-image.ljcdn.com/110000-inspection/pc1_UhNNTlv72_1.jpg!m_fill,w_280,h_210,f_jpg?from=ke.com
20241030,朝阳,常营,101125864589,柏林爱乐二期 满五年唯一 精装修房主自荐,446万,52757元/平,低楼层 (共22层) | 2007年 | 1室1厅 | 84.54平米 | 西南,https://ke-image.ljcdn.com/110000-inspection/7776e078-4059-4c62-92e9-8bb738e84ad2_1000.jpg!m_fill,w_280,h_210,f_jpg?from=ke.com
20241030,朝阳,常营,101125863547,常楹公元楼龄新 人车分流 离天街商场近 常营地铁近,950万,76843元/平,高楼层 (共26层) | 2015年 | 3室2厅 | 123.63平米 | 南 北,https://ke-image.ljcdn.com/110000-inspection/9cd213de-a88e-42ce-a68a-69abcf1bf63f_1000.jpg!m_fill,w_280,h_210,f_jpg?from=ke.com
20241030,朝阳,常营,101125816665,柏林爱乐二期 2室1厅 南 北,560万,54275元/平,低楼层 (共7层) | 2004年 | 2室1厅 | 103.18平米 | 南 北,https://ke-image.ljcdn.com/110000-inspection/361dfad6-aca3-4ce5-a02a-90fb27f42fb6_1000.jpg!m_fill,w_280,h_210,f_jpg?from=ke.com
20241030,朝阳,常营,101125803028,22号线一号线 不临街南向两居 中高楼层 五年唯一,495万,51450元/平,高楼层 (共28层) 2室1厅 | 96.21平米 | 南,https://ke-image.ljcdn.com/110000-inspection/pc1_gUip1XSXF.jpg!m_fill,w_280,h_210,f_jpg?from=ke.com
20241030,朝阳,常营,101125785521,常楹公元 中高楼层 南北通透 明卫三居,789万,80940元/平,中楼层 (共26层) | 2015年 | 3室1厅 | 97.48平米 | 南 北,https://ke-image.ljcdn.com/110000-inspection/66141635-61f5-40f9-88db-d4a58bf82a6c_1000.jpg!m_fill,w_280,h_210,f_jpg?from=ke.com
20241030,朝阳,常营,101125785017,商品房西南三居室主卧朝南不临街居住舒适房主自荐,419万,47897元/平,低楼层 (共28层) | 2010年 | 3室1厅 | 87.48平米 | 西南,https://ke-image.ljcdn.com/110000-inspection/pc1_VnUlygmBD_1.jpg!m_fill,w_280,h_210,f_jpg?from=ke.com
20241030,朝阳,常营,101125760587,管庄北二里 商品房 两居室 近天街近地铁,345万,50506元/平,高楼层 (共28层) | 2013年 | 2室1厅 | 68.31平米 | 东,https://ke-image.ljcdn.com/110000-inspection/68c8187c-3cef-4aac-9454-0d27f9978c13_1000.jpg!m_fill,w_280,h_210,f_jpg?from=ke.com
20241030,朝阳,常营,101125757358,六号线常营站 柏林爱乐二期 婚房精装 南向大两居室,498万,49469元/平,低楼层 (共22层) 2室1厅 | 100.67平米 | 南,https://ke-image.ljcdn.com/110000-inspection/1f557f76-d0ff-49a9-8c72-bf63a3f62fdd_1000.jpg!m_fill,w_280,h_210,f_jpg?from=ke.com
20241030,朝阳,常营,101125721502,常营管庄新天地五期东南两居室前后花园。,538万,55568元/平,中楼层 (共28层) | 2011年 | 2室1厅 | 96.82平米 | 东南,https://ke-image.ljcdn.com/110000-inspection/375583de-9e82-4bc9-9133-4209c0c53f40_1000.jpg!m_fill,w_280,h_210,f_jpg?from=ke.com
20241030,朝阳,常营,101125720186,万方家园 满五唯一 南北通透 2室1厅房主自荐,480万,52106元/平,底层 (共6层) 2室1厅 | 92.12平米 | 南 北,https://ke-image.ljcdn.com/110000-inspection/36d1c9d0-3fc4-4d6c-87d6-61705496a9cf_1000.jpg!m_fill,w_280,h_210,f_jpg?from=ke.com
20241030,朝阳,常营,101125720002,新上丽景园 南向一居室 商品房 满五年 诚心出售房主自荐,263万,47133元/平,高楼层 (共27层) | 2010年 | 1室1厅 | 55.8平米 | 东南,https://ke-image.ljcdn.com/110000-inspection/pc1_NIzoZluIw_1.jpg!m_fill,w_280,h_210,f_jpg?from=ke.com
20241030,朝阳,常营,101125712351,六号线 常营商圈 正规南北向两居室 商品房,340万,48921元/平,高楼层 (共22层) | 2010年 | 2室1厅 | 69.5平米 | 南 北,https://ke-image.ljcdn.com/110000-inspection/pc1_ZVX0iVJ8j_1.jpg!m_fill,w_280,h_210,f_jpg?from=ke.com
20241030,朝阳,常营,101125667377,常楹公元南向一居室高楼层视野开阔无遮挡,495万,82556元/平,高楼层 (共24层) | 2015年 | 1室1厅 | 59.96平米 | 南,https://ke-image.ljcdn.com/110000-inspection/459b5f07-5ed1-4135-99f8-751b7b7d4ca9_1000.jpg!m_fill,w_280,h_210,f_jpg?from=ke.com
20241030,朝阳,常营,101125662812,南向 采光好  一居室   诚心出售,155万,31333元/平,底层 (共26层) | 2010年 | 1室1厅 | 49.47平米 | 南,https://ke-image.ljcdn.com/110000-inspection/pc1_Pd5RifPJJ_1.jpg!m_fill,w_280,h_210,f_jpg?from=ke.com
20241030,朝阳,常营,101125661562,精装修 2年 南北通透格局明厨明卫采光好房主自荐,489万,51561元/平,高楼层 (共10层) | 2006年 | 2室2厅 | 94.84平米 | 南 北,https://ke-image.ljcdn.com/110000-inspection/24765c55-2258-427a-b141-d6307144e5a5_1000.jpg!m_fill,w_280,h_210,f_jpg?from=ke.com
20241030,朝阳,常营,101125620278,南向格局带阳台中间楼层可观天街,238万,52000元/平,中楼层 (共23层) | 2010年 | 1室1厅 | 45.77平米 | 南,https://ke-image.ljcdn.com/110000-inspection/2f9960dd-1ba1-4212-8891-94b3899c2acb_1000.jpg!m_fill,w_280,h_210,f_jpg?from=ke.com
20241030,朝阳,常营,101125587346,刚需必备 柏林爱乐 满五唯一 诚意出售,345万,51393元/平,高楼层 (共11层) | 2007年 | 1室1厅 | 67.13平米 | 东,https://ke-image.ljcdn.com/110000-inspection/dc8f7fbc-28da-4e67-b72b-b7725992dbe6_1000.jpg!m_fill,w_280,h_210,f_jpg?from=ke.com
20241030,朝阳,常营,101125582098,户型方正 落地窗 采光好 近地铁6号 南北通透,349万,51643元/平,低楼层 (共15层) | 2008年 | 1室1厅 | 67.58平米 | 南 北,https://ke-image.ljcdn.com/110000-inspection/4c3b7e5a-bc64-4939-a424-6fc16939c7cc_1000.jpg!m_fill,w_280,h_210,f_jpg?from=ke.com
20241030,朝阳,常营,101125572977,北京新天地三期 满五年唯一 双阳台高楼层 南向两居,455万,48612元/平,顶层 (共28层) | 2009年 | 2室1厅 | 93.6平米 | 南,https://ke-image.ljcdn.com/110000-inspection/30006c1e-d20c-4ddd-96df-f7be6c70b9cb_1000.jpg!m_fill,w_280,h_210,f_jpg?from=ke.com
20241030,朝阳,常营,101125565897,业主唯一住房高楼层 全南向 落地窗看房方便房主自荐,322万,51136元/平,高楼层 (共21层) | 2007年 | 1室1厅 | 62.97平米 | 南,https://ke-image.ljcdn.com/110000-inspection/0a66ddae-c689-4a44-8951-2f895f119092_1000.jpg!m_fill,w_280,h_210,f_jpg?from=ke.com
20241030,朝阳,常营,101125551688,保利嘉园一号院 看房有钥匙 满五一套,415万,46209元/平,高楼层 (共26层) | 2010年 | 2室1厅 | 89.81平米 | 西南,https://ke-image.ljcdn.com/110000-inspection/53e92f8b-c54a-46c7-b4a4-2f70a1bff85c_1000.jpg!m_fill,w_280,h_210,f_jpg?from=ke.com
20241030,朝阳,常营,101125501920,首付90万明厨明卫2梯4户2009年房龄,439万,49864元/平,中楼层 (共28层) | 2008年 | 2室2厅 | 88.04平米 | 东北,https://ke-image.ljcdn.com/110000-inspection/1a91bee1-9df2-423b-867e-21bf52aa622f_1000.jpg!m_fill,w_280,h_210,f_jpg?from=ke.com
20241030,朝阳,常营,101125463296,常营丽景园 新上正规南向三居室  6号线草房站,365万,40225元/平,低楼层 (共28层) | 2010年 | 3室1厅 | 90.74平米 | 南,https://ke-image.ljcdn.com/110000-inspection/pc1_pP3SxSyYU_1.jpg!m_fill,w_280,h_210,f_jpg?from=ke.com
20241030,朝阳,常营,101125407913,北京新天地五期 2梯4户 高楼层 视野好 采光好房主自荐,330万,50793元/平,高楼层 (共28层) | 2011年 | 1室1厅 | 64.97平米 | 东,https://ke-image.ljcdn.com/110000-inspection/pc1_QKza3TLbN_1.jpg!m_fill,w_280,h_210,f_jpg?from=ke.com
20241030,朝阳,常营,101125314052,北京新天地二期 满五年只有契税 中楼层方正北向一居,269万,43165元/平,低楼层 (共15层) 1室1厅 | 62.32平米 | 北,https://ke-image.ljcdn.com/110000-inspection/pc1_DITngGxI3_1.jpg!m_fill,w_280,h_210,f_jpg?from=ke.com
20241030,朝阳,常营,101125229524,住欣家园 2室1厅 西南,320万,46438元/平,低楼层 (共26层) | 2010年 | 2室1厅 | 68.91平米 | 西南,https://ke-image.ljcdn.com/110000-inspection/pc1_OpQF5yco9.jpg!m_fill,w_280,h_210,f_jpg?from=ke.com
20241030,朝阳,常营,101125228022,柏林爱乐一居室 装修干净业主诚心出售交通方便,338万,50531元/平,低楼层 (共11层) | 2007年 | 1室1厅 | 66.89平米 | 西,https://ke-image.ljcdn.com/110000-inspection/dac5afed-5806-48af-a124-09eb99e5ae77_1000.jpg!m_fill,w_280,h_210,f_jpg?from=ke.com
20241030,朝阳,常营,101125208984,富力阳光美园 全南大两居户型方正,409万,45894元/平,底层 (共20层) | 2010年 | 2室1厅 | 89.12平米 | 南,https://ke-image.ljcdn.com/110000-inspection/pc1_2ceC53Lrj_1.jpg!m_fill,w_280,h_210,f_jpg?from=ke.com
20241030,朝阳,常营,101125204995,管庄常营北京新天地四期南北一居室。,390万,54115元/平,顶层 (共20层) | 2009年 | 1室1厅 | 72.07平米 | 南 北,https://ke-image.ljcdn.com/110000-inspection/pc1_gtgFnNvkR_1.jpg!m_fill,w_280,h_210,f_jpg?from=ke.com
20241030,朝阳,常营,101125165211,柏林爱乐四期 南北通透四居三卫 三面朝南 精装高层,1166万,54753元/平,高楼层 (共13层) 4室2厅 | 212.96平米 | 南 北,https://ke-image.ljcdn.com/110000-inspection/pc1_uS7NrvK8u.jpg!m_fill,w_280,h_210,f_jpg?from=ke.com
20241030,朝阳,常营,101125164674,北京新天地三期南北两居室看房方便前后花园。,460万,51254元/平,低楼层 (共28层) | 2009年 | 2室2厅 | 89.75平米 | 南 北,https://ke-image.ljcdn.com/110000-inspection/b4acac59-0ddf-4d7f-8c3c-b96eb27bbddf_1000.jpg!m_fill,w_280,h_210,f_jpg?from=ke.com
20241030,朝阳,常营,101125138688,优点社区中高楼层南北两居室满五唯一,450万,51458元/平,中楼层 (共9层) | 2006年 | 2室1厅 | 87.45平米 | 南 北,https://ke-image.ljcdn.com/110000-inspection/afb29bf1-f7d5-4bcf-b1e7-d546a010a9d2_1000.jpg!m_fill,w_280,h_210,f_jpg?from=ke.com
20241030,朝阳,常营,101125111685,大落地窗 双阳台 南北通透大两居 2007年商品房,380万,37624元/平,中楼层 (共6层) 2室1厅 | 101平米 | 南 北,https://ke-image.ljcdn.com/110000-inspection/e2bbb436-c874-4e0b-a757-85c076d80d97_1000.jpg!m_fill,w_280,h_210,f_jpg?from=ke.com
20241030,朝阳,常营,101125076340,管庄常营北京新天地三期南向两居室。,489万,52061元/平,中楼层 (共28层) | 2009年 | 2室2厅 | 93.93平米 | 南,https://ke-image.ljcdn.com/110000-inspection/1fb35d43-92a3-4ea3-996f-2e27af7fe3df_1000.jpg!m_fill,w_280,h_210,f_jpg?from=ke.com
20241030,朝阳,常营,101125027081,万象新天天际高尔夫 高楼层 南北四居 婚房装修,1200万,54025元/平,高楼层 (共18层) 4室2厅 | 222.12平米 | 南 西 北,https://ke-image.ljcdn.com/110000-inspection/8beaa2a4-28bb-4cd1-bf6d-f4332bb30071_1000.jpg!m_fill,w_280,h_210,f_jpg?from=ke.com
20241030,朝阳,常营,101125021099,富力阳光美园 正规三居 精装修 高楼层,430万,47943元/平,高楼层 (共27层) | 2010年 | 3室1厅 | 89.69平米 | 西北,https://ke-image.ljcdn.com/110000-inspection/1f686228-c627-4990-9410-7e8e1bbbd7b8_1000.jpg!m_fill,w_280,h_210,f_jpg?from=ke.com
20241030,朝阳,常营,101124984821,板楼西向大厨房一居室  满五年唯一 看房随时,255万,54851元/平,中楼层 (共11层) | 2004年 | 1室1厅 | 46.49平米 | 西,https://ke-image.ljcdn.com/110000-inspection/pc1_5tEobxTWx.jpg!m_fill,w_280,h_210,f_jpg?from=ke.com
20241030,朝阳,常营,101124974039,北京新天地三期 2室2厅 南,480万,51102元/平,高楼层 (共28层) | 2009年 | 2室2厅 | 93.93平米 | 南,https://ke-image.ljcdn.com/110000-inspection/a84de16f-aa71-4c9a-b449-6806886d052f_1000.jpg!m_fill,w_280,h_210,f_jpg?from=ke.com
20241030,朝阳,常营,101124964332,万象新天东区 精装一居室 高楼层视野好 近地铁,366万,55321元/平,中楼层 (共18层) | 2005年 | 1室1厅 | 66.16平米 | 西北,https://ke-image.ljcdn.com/110000-inspection/2434dec9-cebe-45de-b904-3643ae19aff9_1000.jpg!m_fill,w_280,h_210,f_jpg?from=ke.com
20241030,朝阳,常营,101124880830,满五年唯一不临街方便看一梯两户,295万,45546元/平,低楼层 (共28层) | 2007年 | 1室2厅 | 64.77平米 | 北,https://ke-image.ljcdn.com/110000-inspection/pc1_NDaugJHIG.jpg!m_fill,w_280,h_210,f_jpg?from=ke.com
20241030,朝阳,常营,101124873767,金隅丽景园 精装修东向一居室 商品房诚心出售。,223万,44726元/平,低楼层 (共28层) | 2010年 | 1室1厅 | 49.86平米 | 东,https://ke-image.ljcdn.com/110000-inspection/b8264bbf-da57-42f8-9ca6-9885f0735e0c_1000.jpg!m_fill,w_280,h_210,f_jpg?from=ke.com
20241030,朝阳,常营,101124858693,荟康苑 满五年唯一 看房方便 卫生间带窗户,299万,44647元/平,中楼层 (共7层) 2室1厅 | 66.97平米 | 南 北,https://ke-image.ljcdn.com/110000-inspection/8b0ed8f9-326e-4db5-b419-9874141a951d_1000.jpg!m_fill,w_280,h_210,f_jpg?from=ke.com
20241030,朝阳,常营,101124858695,新上正规三居室 6号线草房站 满五唯一 诚心出售,360万,39114元/平,中楼层 (共27层) | 2010年 | 3室1厅 | 92.04平米 | 南,https://ke-image.ljcdn.com/110000-inspection/60c533d7-64b5-4c65-a12d-bd2ca3f9703b_1000.jpg!m_fill,w_280,h_210,f_jpg?from=ke.com
20241030,朝阳,常营,101124843391,北京新天地 南北通透三居 中楼层 采光好 两梯四户,698万,50562元/平,高楼层 (共15层) 3室2厅 | 138.05平米 | 南 北,https://ke-image.ljcdn.com/110000-inspection/9fff45f4-9cf8-4418-b311-96655026779a_1000.jpg!m_fill,w_280,h_210,f_jpg?from=ke.com
20241030,朝阳,常营,101124821014,北京新天地四期 不临街中楼层 满五年唯一东南一居,319万,51921元/平,低楼层 (共28层) 1室1厅 | 61.44平米 | 东南,https://ke-image.ljcdn.com/110000-inspection/56670f8f-7167-44d3-a57b-5fcdd33ffd88_1000.jpg!m_fill,w_280,h_210,f_jpg?from=ke.com
20241030,朝阳,常营,101124806527,富力阳光美园方正西南三居视野好临地铁周边龙湖天街,500万,56748元/平,高楼层 (共27层) | 2010年 | 3室1厅 | 88.11平米 | 西南,https://ke-image.ljcdn.com/110000-inspection/745ce3a3-05b6-4f03-822f-7a86b1e030c3_1000.jpg!m_fill,w_280,h_210,f_jpg?from=ke.com
20241030,朝阳,常营,101124769887,小区环境好 商品房小区 生活方便 看房随时有钥匙,360万,58978元/平,中楼层 (共28层) 1室1厅 | 61.04平米 | 东北,https://ke-image.ljcdn.com/110000-inspection/pc1_f7NqWx5zJ_1.jpg!m_fill,w_280,h_210,f_jpg?from=ke.com
20241030,朝阳,常营,101124753103,柏林爱乐二期 2室1厅 西北,505万,45993元/平,中楼层 (共22层) | 2004年 | 2室1厅 | 109.8平米 | 西北,https://ke-image.ljcdn.com/110000-inspection/pc1_eNhJfR82s.jpg!m_fill,w_280,h_210,f_jpg?from=ke.com
20241030,朝阳,常营,101124735451,万象新天天际高尔夫 3室2厅 南 北,820万,53085元/平,中楼层 (共19层) | 2009年 | 3室2厅 | 154.47平米 | 南 北,https://ke-image.ljcdn.com/110000-inspection/pc1_bo7gDGAmp_2.jpg!m_fill,w_280,h_210,f_jpg?from=ke.com
20241030,朝阳,常营,101124693920,万象新天四区 1室1厅 东 北,365万,54421元/平,高楼层 (共20层) | 2006年 | 1室1厅 | 67.07平米 | 东 北,https://ke-image.ljcdn.com/110000-inspection/pc1_wJoCRHhED_2.jpg!m_fill,w_280,h_210,f_jpg?from=ke.com
20241030,朝阳,常营,101124647914,精装修不临街  楼下花园水系  诚心出售看房随时,409万,51957元/平,顶层 (共26层) 1室2厅 | 78.72平米 | 南,https://ke-image.ljcdn.com/110000-inspection/pc1_VR1J4DQyU.jpg!m_fill,w_280,h_210,f_jpg?from=ke.com
20241030,朝阳,常营,101124623039,柏林爱乐三期 精装修 满五唯一 临地铁 看房方便,488万,51778元/平,高楼层 (共15层) 2室1厅 | 94.25平米 | 南 北,https://ke-image.ljcdn.com/110000-inspection/3fcc1566-6b43-4c19-b148-83a888063167_1000.jpg!m_fill,w_280,h_210,f_jpg?from=ke.com
20241030,朝阳,常营,101124605715,万象新天天际高尔夫 3室1厅 南 北,820万,57056元/平,中楼层 (共8层) 3室1厅 | 143.72平米 | 南 北,https://ke-image.ljcdn.com/110000-inspection/pc1_1yVD444e7.jpg!m_fill,w_280,h_210,f_jpg?from=ke.com
20241030,朝阳,常营,101124594272,南北通透一居商品房无遮挡满五唯一,292万,46108元/平,低楼层 (共27层) | 2010年 | 1室1厅 | 63.33平米 | 南 北,https://ke-image.ljcdn.com/110000-inspection/pc1_EJNXM2weH.jpg!m_fill,w_280,h_210,f_jpg?from=ke.com
20241030,朝阳,常营,101124576569,朝青知筑 3室2厅 南,1088万,77971元/平,低楼层 (共18层) 3室2厅 | 139.54平米 | 南,https://ke-image.ljcdn.com/110000-inspection/pc1_453CFv9zS.jpg!m_fill,w_280,h_210,f_jpg?from=ke.com
20241030,朝阳,常营,101124493001,正规全南两居室楼层合适居住舒适视野开阔,495万,52930元/平,低楼层 (共28层) | 2008年 | 2室2厅 | 93.52平米 | 南,https://ke-image.ljcdn.com/110000-inspection/pc1_vef1DG55q.jpg!m_fill,w_280,h_210,f_jpg?from=ke.com
20241030,朝阳,常营,101124476002,北京新天地一期 南北三居室 业主自己住 看房方便,735万,52666元/平,高楼层 (共28层) 3室2厅 | 139.56平米 | 南 北,https://ke-image.ljcdn.com/110000-inspection/fdf0405b-9264-4d7f-a617-ff6d21b0a41f_1000.jpg!m_fill,w_280,h_210,f_jpg?from=ke.com
20241030,朝阳,常营,101124450831,住欣家园  近地铁   商品房   采光好房主自荐,220万,44391元/平,中楼层 (共28层) | 2010年 | 1室1厅 | 49.56平米 | 东南,https://ke-image.ljcdn.com/110000-inspection/6b959d17-d66f-4be8-a746-9c79d69111f2_1000.jpg!m_fill,w_280,h_210,f_jpg?from=ke.com
20241030,朝阳,常营,101124437028,北京新天地三期 双卧南向 中间层 精装修 通透三室房主自荐,779万,52184元/平,中楼层 (共28层) | 2008年 | 3室2厅 | 149.28平米 | 南 北,https://ke-image.ljcdn.com/110000-inspection/pc1_7YaKrHQdB.jpg!m_fill,w_280,h_210,f_jpg?from=ke.com
20241030,朝阳,常营,101124392153,住欣家园满五唯一正规东南向两居室,298万,42572元/平,中楼层 (共21层) | 2010年 | 2室1厅 | 70平米 | 南,https://ke-image.ljcdn.com/110000-inspection/pc1_4cFLSeHeA_1.jpg!m_fill,w_280,h_210,f_jpg?from=ke.com
20241030,朝阳,常营,101124378832,朝青知筑 3室2厅 南 北,1099万,78675元/平,中楼层 (共18层) 3室2厅 | 139.69平米 | 南 北,https://ke-image.ljcdn.com/110000-inspection/8c31091b-1a6d-4f5a-b047-174a0008cde7_1000.jpg!m_fill,w_280,h_210,f_jpg?from=ke.com
20241030,朝阳,常营,101124376985,店长推荐：南北通透两居室格局方正无浪费随时可看,489万,53920元/平,低楼层 (共26层) | 2009年 | 2室1厅 | 90.69平米 | 南 北,https://ke-image.ljcdn.com/110000-inspection/pc1_YxFvATZja_1.jpg!m_fill,w_280,h_210,f_jpg?from=ke.com
20241030,朝阳,常营,101124277889,朝阳路5号院 精装修两居室 满五唯一 两个卫生间,446万,49087元/平,底层 (共28层) | 2009年 | 2室1厅 | 90.86平米 | 东北,https://ke-image.ljcdn.com/110000-inspection/2a87e265-b2cb-4831-b6be-6894f279f2f6_1000.jpg!m_fill,w_280,h_210,f_jpg?from=ke.com
20241030,朝阳,常营,101124242833,住欣家园  此房满五年 南向一居室  没遮挡  采光好,195万,39418元/平,中楼层 (共26层) | 2010年 | 1室1厅 | 49.47平米 | 南,https://ke-image.ljcdn.com/110000-inspection/pc1_Eom2sY5kE_1.jpg!m_fill,w_280,h_210,f_jpg?from=ke.com
20241030,朝阳,常营,101124190469,优点社区 两居 满五唯一 采光好,378万,44503元/平,顶层 (共10层) 2室1厅 | 84.94平米 | 南 北,https://ke-image.ljcdn.com/110000-inspection/d009c0e7-0819-4712-913a-80b0d1c845cf_1000.jpg!m_fill,w_280,h_210,f_jpg?from=ke.com
20241030,朝阳,常营,101124148880,中高层南向一居满五唯一采光充足靠谱出售,220万,43359元/平,中楼层 (共29层) | 2010年 | 1室1厅 | 50.74平米 | 南,https://ke-image.ljcdn.com/110000-inspection/pc1_VwJdYkEjz_1.jpg!m_fill,w_280,h_210,f_jpg?from=ke.com
20241030,朝阳,常营,101124039204,北京新天地五期 高层居家新装一居室 业主诚意出售,342万,49223元/平,高楼层 (共27层) 1室1厅 | 69.48平米 | 西北,https://ke-image.ljcdn.com/110000-inspection/cd228047-1fc0-4db4-9295-9af699bc7861_1000.jpg!m_fill,w_280,h_210,f_jpg?from=ke.com
20241030,朝阳,常营,101124036010,富力阳光美园 1室1厅 南,395万,57505元/平,高楼层 (共27层) | 2010年 | 1室1厅 | 68.69平米 | 南,https://ke-image.ljcdn.com/110000-inspection/pc1_WSquY98C4_1.jpg!m_fill,w_280,h_210,f_jpg?from=ke.com
20241030,朝阳,常营,101123940220,常楹公元南向两居视野开阔保持好,590万,67529元/平,底层 (共25层) 2室1厅 | 87.37平米 | 南,https://ke-image.ljcdn.com/110000-inspection/a495fba3-ab51-4a94-932c-5d12b7c40cf3_1000.jpg!m_fill,w_280,h_210,f_jpg?from=ke.com
20241030,朝阳,常营,101123868650,南北通透装修保持好采光充足视野开阔！房主自荐,485万,54753元/平,中楼层 (共26层) | 2010年 | 2室1厅 | 88.58平米 | 南 北,https://ke-image.ljcdn.com/110000-inspection/pc1_SvQXEtVJh_1.jpg!m_fill,w_280,h_210,f_jpg?from=ke.com
20241030,朝阳,常营,101123868611,地铁6号线常营 新天地五期不临街首套首付60万房主自荐,252万,41285元/平,底层 (共28层) 1室1厅 | 61.04平米 | 北,https://ke-image.ljcdn.com/110000-inspection/7c2a4669-37f0-40ad-8c21-a05d2bb2b492_1000.jpg!m_fill,w_280,h_210,f_jpg?from=ke.com
20241030,朝阳,常营,101123801944,北京新天地一期 两梯两户 110米大楼间距 方正北向一居,310万,51080元/平,低楼层 (共28层) | 2007年 | 1室1厅 | 60.69平米 | 北,https://ke-image.ljcdn.com/110000-inspection/943e8d15-edf7-4a7e-8591-1814badce802_1000.jpg!m_fill,w_280,h_210,f_jpg?from=ke.com
20241030,朝阳,常营,101123797951,精装修南北通透全明三居格局视野好,512万,47355元/平,中楼层 (共10层) | 2006年 | 3室1厅 | 108.12平米 | 南 北,https://ke-image.ljcdn.com/110000-inspection/3a279fb9-b183-4579-8094-c6c749e71724_1000.jpg!m_fill,w_280,h_210,f_jpg?from=ke.com
20241030,朝阳,常营,101123793987,万象新天四区 南北通透正规三居 满五唯一 近地铁,660万,48871元/平,高楼层 (共20层) | 2006年 | 3室2厅 | 135.05平米 | 南 北,https://ke-image.ljcdn.com/110000-inspection/pc1_ndysuSgI2.jpg!m_fill,w_280,h_210,f_jpg?from=ke.com
20241030,朝阳,常营,101123768729,正规三居视野开阔采光充足保持好拎包入住,930万,73339元/平,中楼层 (共25层) 3室2厅 | 126.81平米 | 东南 北,https://ke-image.ljcdn.com/110000-inspection/dea1c96e-b2ae-4ec1-9efa-d1036d9709ec_1000.jpg!m_fill,w_280,h_210,f_jpg?from=ke.com
20241030,朝阳,常营,101123678298,北京新天地三期对着小区水系稳定签约,335万,51114元/平,低楼层 (共28层) | 2009年 | 1室1厅 | 65.54平米 | 北,https://ke-image.ljcdn.com/110000-inspection/f70b25a8-634d-4b05-a02f-18a470d178b1_1000.jpg!m_fill,w_280,h_210,f_jpg?from=ke.com
20241030,朝阳,常营,101123669939,北京新天地四期满五年唯一 不临街能看到水系南向两居,475万,51772元/平,低楼层 (共28层) | 2009年 | 2室1厅 | 91.75平米 | 南,https://ke-image.ljcdn.com/110000-inspection/71f9e476-305e-481a-9972-69162b37a34a_1000.jpg!m_fill,w_280,h_210,f_jpg?from=ke.com
20241030,朝阳,常营,101123593493,柏林爱乐二期 1室1厅 西,369万,54659元/平,高楼层 (共11层) | 2004年 | 1室1厅 | 67.51平米 | 西,https://ke-image.ljcdn.com/110000-inspection/pc1_ezejSGFvI.jpg!m_fill,w_280,h_210,f_jpg?from=ke.com
20241030,朝阳,常营,101123557833,金隅丽景园 1室1厅 西,176万,36836元/平,高楼层 (共28层) | 2009年 | 1室1厅 | 47.78平米 | 西,https://ke-image.ljcdn.com/110000-inspection/pc1_svef79nor_1.jpg!m_fill,w_280,h_210,f_jpg?from=ke.com
20241030,朝阳,常营,101123547939,柏林爱乐四期 南北通透二居 近地铁 近龙湖天街,500万,53135元/平,高楼层 (共15层) | 2008年 | 2室2厅 | 94.1平米 | 南 北,https://ke-image.ljcdn.com/110000-inspection/pc1_qEcd7N5kB.jpg!m_fill,w_280,h_210,f_jpg?from=ke.com
20241030,朝阳,常营,101123507060,【商圈推荐】满五唯一西朝向采光好诚心出售！房主自荐,320万,48803元/平,高楼层 (共28层) | 2010年 | 2室1厅 | 65.57平米 | 南 西,https://ke-image.ljcdn.com/110000-inspection/2c06eb9a-af9a-4153-80a3-fecacd34bfd7_1000.jpg!m_fill,w_280,h_210,f_jpg?from=ke.com
20241030,朝阳,常营,101123496669,金隅丽景园  高楼层  视野好,275万,39775元/平,顶层 (共28层) | 2009年 | 2室1厅 | 69.14平米 | 南,https://ke-image.ljcdn.com/110000-inspection/pc1_GYPatPgOn.jpg!m_fill,w_280,h_210,f_jpg?from=ke.com
20241030,朝阳,常营,101123459249,荟康苑 中间楼层 临近六号线黄渠站,338万,50721元/平,中楼层 (共7层) 2室1厅 | 66.64平米 | 南 北,https://ke-image.ljcdn.com/110000-inspection/cc82fea4-f275-4aaf-9d05-3f89ba934b24_1000.jpg!m_fill,w_280,h_210,f_jpg?from=ke.com
20241030,朝阳,常营,101123453726,三阳开泰大三居南北通透满五年唯一,818万,54237元/平,低楼层 (共27层) 3室2厅 | 150.82平米 | 南 北,https://ke-image.ljcdn.com/110000-inspection/pc1_sHRZYzEIB.jpg!m_fill,w_280,h_210,f_jpg?from=ke.com
20241030,朝阳,常营,101123382750,六号线 常营正规一居室 总价合适 配套齐全,178万,34855元/平,高楼层 (共22层) | 2010年 | 1室1厅 | 51.07平米 | 西,https://ke-image.ljcdn.com/110000-inspection/pc1_7UJExBIbW_1.jpg!m_fill,w_280,h_210,f_jpg?from=ke.com
20241030,朝阳,常营,101123347368,精装修拎包入住业主诚心出售板楼得房率83.55%,400万,65381元/平,低楼层 (共11层) | 2002年 | 1室1厅 | 61.18平米 | 东 西,https://ke-image.ljcdn.com/110000-inspection/46cf90a5-9db9-4be0-b6de-b98c1cebca75_1000.jpg!m_fill,w_280,h_210,f_jpg?from=ke.com
20241030,朝阳,常营,101123341217,柏林爱乐三期 南北通透两居 高楼层  布局合理 采光好,618万,57446元/平,中楼层 (共13层) 2室1厅 | 107.58平米 | 南 北,https://ke-image.ljcdn.com/110000-inspection/e7295795-ce27-4567-ae8b-1c70c543cc13_1000.jpg!m_fill,w_280,h_210,f_jpg?from=ke.com
20241030,朝阳,常营,101123333741,丽景园方正南向两居采光视野好周边配套齐全,309万,44692元/平,中楼层 (共28层) | 2009年 | 2室1厅 | 69.14平米 | 南,https://ke-image.ljcdn.com/110000-inspection/1d6adfb6-49a2-484f-b091-07440c3996b0_1000.jpg!m_fill,w_280,h_210,f_jpg?from=ke.com
20241030,朝阳,常营,101123213690,六号线 常营商圈东向两居室 户型方正 总价合适,295万,41573元/平,中楼层 (共26层) | 2010年 | 2室1厅 | 70.96平米 | 东,https://ke-image.ljcdn.com/110000-inspection/00c3528e-0ead-4f61-b853-1f6be9b583ae_1000.jpg!m_fill,w_280,h_210,f_jpg?from=ke.com
20241030,朝阳,常营,101123167855,北京新天地五期 1室1厅 东北,435万,64781元/平,低楼层 (共27层) 1室1厅 | 67.15平米 | 东北,https://ke-image.ljcdn.com/110000-inspection/a9f64806-625e-418d-b85e-efb4623a17dc_1000.jpg!m_fill,w_280,h_210,f_jpg?from=ke.com
20241030,朝阳,常营,101123055532,商品房  住欣家园  正南一居室 高楼层 没遮挡,249万,50334元/平,高楼层 (共26层) | 2010年 | 1室1厅 | 49.47平米 | 南,https://ke-image.ljcdn.com/110000-inspection/pc1_7CKvjDHMT_2.jpg!m_fill,w_280,h_210,f_jpg?from=ke.com
20241030,朝阳,常营,101123048580,首开畅心园 3室1厅 西南,375万,42877元/平,底层 (共29层) | 2010年 | 3室1厅 | 87.46平米 | 西南,https://ke-image.ljcdn.com/110000-inspection/pc1_hUBx8iveD_2.jpg!m_fill,w_280,h_210,f_jpg?from=ke.com
20241030,朝阳,常营,101123019782,西军庄小户型  精装修 满五唯一 近地铁,199万,56295元/平,顶层 (共6层) 1室0厅 | 35.35平米 | 东,https://ke-image.ljcdn.com/110000-inspection/2526a80b-ad5d-46c6-825a-88d00e4efc82_1000.jpg!m_fill,w_280,h_210,f_jpg?from=ke.com
20241030,朝阳,常营,101122790022,北京新天地两梯两户 北向一居 满五年唯一首付100万,280万,44594元/平,底层 (共28层) | 2007年 | 1室1厅 | 62.79平米 | 北,https://ke-image.ljcdn.com/110000-inspection/pc1_eGEYrsGU9_1.jpg!m_fill,w_280,h_210,f_jpg?from=ke.com
20241030,朝阳,常营,101122346314,北京新天地五期 空置看房方便 西南向落地窗,566万,59523元/平,低楼层 (共27层) 2室1厅 | 95.09平米 | 西南,https://ke-image.ljcdn.com/110000-inspection/pc1_0yVL8c1Op.jpg!m_fill,w_280,h_210,f_jpg?from=ke.com
20241030,朝阳,常营,101121918059,万方家园 精装修拎包住 南北通透落地窗 看房方便房主自荐,448万,55051元/平,低楼层 (共6层) 2室1厅 | 81.38平米 | 南 西南 北,https://ke-image.ljcdn.com/110000-inspection/pc1_lDl9batIb_2.jpg!m_fill,w_280,h_210,f_jpg?from=ke.com
20241030,朝阳,常营,101121864796,【好房精选】高层明卫南北两居配套齐全出行方便房主自荐,485万,54039元/平,高楼层 (共26层) | 2010年 | 2室2厅 | 89.75平米 | 东 南 北,https://ke-image.ljcdn.com/110000-inspection/284fbcf3-adff-40c9-934a-4a16be2d1879_1000.jpg!m_fill,w_280,h_210,f_jpg?from=ke.com
20241030,朝阳,常营,101121114742,此房东南向一居室精良装修中间层采光好视野开阔,223万,44996元/平,中楼层 (共28层) | 2010年 | 1室1厅 | 49.56平米 | 东南,https://ke-image.ljcdn.com/110000-inspection/90d5c0a4-b34f-4ab8-ba25-5a6f075fabac_1000.jpg!m_fill,w_280,h_210,f_jpg?from=ke.com
20241030,朝阳,常营,101121054857,板楼中间楼层 南北通透 保持干净 可以拎包入住,510万,54152元/平,中楼层 (共15层) 2室1厅 | 94.18平米 | 南 北,https://ke-image.ljcdn.com/110000-inspection/pc1_jw3SIj19W_2.jpg!m_fill,w_280,h_210,f_jpg?from=ke.com
20241030,朝阳,常营,101120939914,柏林爱乐一期东向一居 精装自住装修拎包住房主自荐,375万,56905元/平,中楼层 (共11层) | 2002年 | 1室1厅 | 65.9平米 | 东,https://ke-image.ljcdn.com/110000-inspection/b19c44d1-b154-48ca-a89b-c36c5b1a05bf_1000.jpg!m_fill,w_280,h_210,f_jpg?from=ke.com
20241030,朝阳,常营,101120840103,北京新天地四期 南北双通透 不临街 看房方便 南北两居房主自荐,550万,55083元/平,底层 (共20层) 2室2厅 | 99.85平米 | 南 北,https://ke-image.ljcdn.com/110000-inspection/pc1_vCRhvCCzD_1.jpg!m_fill,w_280,h_210,f_jpg?from=ke.com
20241030,朝阳,常营,101120685219,新上南北通透三居全明格局一梯两户精装修,780万,59826元/平,中楼层 (共8层) 3室1厅 | 130.38平米 | 南 北,https://ke-image.ljcdn.com/110000-inspection/pc1_XXCFpREA6.jpg!m_fill,w_280,h_210,f_jpg?from=ke.com
20241030,朝阳,常营,101120352866,北京新天地 南向一居 中高楼层 户型方正 配套齐全,432万,58237元/平,中楼层 (共28层) | 2009年 | 1室1厅 | 74.18平米 | 南,https://ke-image.ljcdn.com/110000-inspection/pc1_BKO9fnd27.jpg!m_fill,w_280,h_210,f_jpg?from=ke.com
20241030,朝阳,常营,101119479193,南北通透 满五唯一 六层板楼带电梯房主自荐,710万,72761元/平,低楼层 (共6层) | 2004年 | 2室1厅 | 97.58平米 | 南 北,https://ke-image.ljcdn.com/110000-inspection/12af71b4-99a9-4216-98fc-aa525e97072b_1000.jpg!m_fill,w_280,h_210,f_jpg?from=ke.com
20241030,朝阳,常营,101118492993,常营乡鑫兆佳园  柏林爱乐二期,585万,52448元/平,低楼层 (共24层) | 2007年 | 2室1厅 | 111.54平米 | 南,https://ke-image.ljcdn.com/110000-inspection/b93cedc4-5fe4-4c33-b4db-d2de5c6f0c38_1000.jpg!m_fill,w_280,h_210,f_jpg?from=ke.com
20241030,朝阳,常营,101117798818,柏林爱乐二期 满五年唯一 精装修 近地铁,260万,52889元/平,低楼层 (共21层) | 2005年 | 1室1厅 | 49.16平米 | 东北,https://ke-image.ljcdn.com/110000-inspection/cb847cc3-d456-406a-9dd1-3ea211bdc50e_1000.jpg!m_fill,w_280,h_210,f_jpg?from=ke.com
20241030,朝阳,常营,101127309599,柏林爱乐一期板楼精装南北两居诚意出售新上,550万,54640元/平,低楼层 (共8层) | 2002年 | 2室1厅 | 100.66平米 | 南 北,https://ke-image.ljcdn.com/110000-inspection/pc1_rqzCYfTiu.jpg!m_fill,w_280,h_210,f_jpg?from=ke.com
20241030,朝阳,常营,101127306422,05年商品房总高11层板楼。东西通透 采光好 无新上,288万,48682元/平,顶层 (共11层) | 2004年 | 1室1厅 | 59.16平米 | 东 西,https://ke-image.ljcdn.com/110000-inspection/pc1_cD8Wtlv1n.jpg!m_fill,w_280,h_210,f_jpg?from=ke.com
20241030,朝阳,常营,101127303866,万象新天四区 1室1厅 东北新上,338万,48515元/平,中楼层 (共9层) 1室1厅 | 69.67平米 | 东北,https://ke-image.ljcdn.com/110000-inspection/76f7d45f-5ad0-437c-9bec-e3bda2fbbb8b_1000.jpg!m_fill,w_280,h_210,f_jpg?from=ke.com
20241030,朝阳,常营,101127293816,首开畅心园 3室1厅 东 东南 南新上,305万,33747元/平,底层 (共29层) | 2010年 | 3室1厅 | 90.38平米 | 东 东南 南,https://ke-image.ljcdn.com/110000-inspection/pc1_SLwAwtUUw_1.jpg!m_fill,w_280,h_210,f_jpg?from=ke.com
20241030,朝阳,常营,101127286163,住欣东南两居近地铁 常营天街 体育公园 朝阳医院新上,313万,45422元/平,低楼层 (共26层) | 2010年 | 2室1厅 | 68.91平米 | 东南,https://ke-image.ljcdn.com/110000-inspection/6b72cc8c-2e0f-4183-bc36-77909c009d47_1000.jpg!m_fill,w_280,h_210,f_jpg?from=ke.com
20241030,朝阳,常营,101127281567,北京新天地五期 高楼层北向一居不临街新上,306万,49118元/平,高楼层 (共27层) 1室1厅 | 62.3平米 | 北,https://ke-image.ljcdn.com/110000-inspection/pc1_qWYwy6RWD.jpg!m_fill,w_280,h_210,f_jpg?from=ke.com
20241030,朝阳,常营,101127275641,南向两居 户型方正 业主诚心出售 正对花园 采光好新上,675万,77676元/平,低楼层 (共26层) | 2015年 | 2室1厅 | 86.9平米 | 南,https://ke-image.ljcdn.com/110000-inspection/pc1_0rWai05eF.jpg!m_fill,w_280,h_210,f_jpg?from=ke.com
20241030,朝阳,常营,101127273635,北京新天地二期 不临街看花园出行便利新上,277万,44939元/平,中楼层 (共28层) | 2008年 | 1室1厅 | 61.64平米 | 北,https://ke-image.ljcdn.com/110000-inspection/pc1_QEPqkFll4_1.jpg!m_fill,w_280,h_210,f_jpg?from=ke.com
20241030,朝阳,常营,101127273529,新天地五期 次卧转角大窗 主卧落地阳台 高层采光亮新上,535万,55258元/平,高楼层 (共28层) | 2011年 | 2室1厅 | 96.82平米 | 东南,https://ke-image.ljcdn.com/110000-inspection/pc1_UCkIY0tAR.jpg!m_fill,w_280,h_210,f_jpg?from=ke.com
20241030,朝阳,常营,101127264791,长楹天街西区 3室1厅 南 北新上,930万,65720元/平,中楼层 (共18层) | 2013年 | 3室1厅 | 141.51平米 | 南 北,https://ke-image.ljcdn.com/110000-inspection/pc1_4XJt5CoVh.jpg!m_fill,w_280,h_210,f_jpg?from=ke.com
20241030,朝阳,常营,101127260096,南向大一居落地窗、精装修不临街业主诚售新上,290万,40840元/平,高楼层 (共11层) 1室1厅 | 71.01平米 | 南,https://ke-image.ljcdn.com/110000-inspection/ad080e26-2572-4154-9674-24b9a94b4b71_1000.jpg!m_fill,w_280,h_210,f_jpg?from=ke.com
20241030,朝阳,常营,101127259904,柏林爱乐二期正规东西通透一居室  高楼层采光好新上,305万,52325元/平,高楼层 (共11层) | 2004年 | 1室0厅 | 58.29平米 | 东 西,https://ke-image.ljcdn.com/110000-inspection/pc1_T1aJEMPEH.jpg!m_fill,w_280,h_210,f_jpg?from=ke.com
20241030,朝阳,常营,101127256809,柏林爱乐一期 3室2厅 南 北新上,718万,47506元/平,中楼层 (共8层) | 2002年 | 3室2厅 | 151.14平米 | 南 北,https://ke-image.ljcdn.com/110000-inspection/pc1_oQNPHTpEl.jpg!m_fill,w_280,h_210,f_jpg?from=ke.com
20241030,朝阳,常营,101127220966,柏林爱乐二期 1室1厅 东新上,370万,55631元/平,顶层 (共11层) | 2004年 | 1室1厅 | 66.51平米 | 东,https://ke-image.ljcdn.com/110000-inspection/064039fd-6468-4242-81b3-c91e13d5970e_1000.jpg!m_fill,w_280,h_210,f_jpg?from=ke.com
20241030,朝阳,常营,101127219148,北辰福第中区 2室1厅 西新上,352万,45059元/平,低楼层 (共22层) | 2010年 | 2室1厅 | 78.12平米 | 西,https://ke-image.ljcdn.com/110000-inspection/910c4635-bf17-493c-b141-7b1e7bae6ca7_1000.jpg!m_fill,w_280,h_210,f_jpg?from=ke.com
20241030,朝阳,常营,101127207889,全南向 1号线 精装修 次顶层 采光好 阳光明媚新上,302万,43113元/平,高楼层 (共11层) 1室1厅 | 70.05平米 | 南,https://ke-image.ljcdn.com/110000-inspection/pc1_V3eg9kqwg.jpg!m_fill,w_280,h_210,f_jpg?from=ke.com
20241030,朝阳,常营,101127205401,双地铁交通 花园水系小区 年轻人多 配套成熟,299万,48993元/平,中楼层 (共28层) | 2011年 | 1室1厅 | 61.03平米 | 北,https://ke-image.ljcdn.com/110000-inspection/pc1_1mmpBUKaB_1.jpg!m_fill,w_280,h_210,f_jpg?from=ke.com
20241030,朝阳,常营,101127199269,满五年唯一落地窗精装南向一居室高楼层视野好,365万,53309元/平,中楼层 (共15层) | 2008年 | 1室1厅 | 68.47平米 | 南,https://ke-image.ljcdn.com/110000-inspection/pc1_iJKr35Zn2.jpg!m_fill,w_280,h_210,f_jpg?from=ke.com
20241030,朝阳,常营,101127197084,富力阳光美园 3室1厅 东北,460万,51535元/平,高楼层 (共27层) | 2010年 | 3室1厅 | 89.26平米 | 东北,https://ke-image.ljcdn.com/110000-inspection/pc1_Ac30gCPbU_1.jpg!m_fill,w_280,h_210,f_jpg?from=ke.com
20241030,朝阳,常营,101127177438,万象新天二区 2室2厅 南 北,620万,57149元/平,底层 (共12层) | 2004年 | 2室2厅 | 108.49平米 | 南 北,https://ke-image.ljcdn.com/110000-inspection/pc1_r7XGMnveN.jpg!m_fill,w_280,h_210,f_jpg?from=ke.com
20241030,朝阳,常营,101127177361,万象新天天际高尔夫 3室2厅 南 北,899万,53807元/平,中楼层 (共5层) 3室2厅 | 167.08平米 | 南 北,https://ke-image.ljcdn.com/110000-inspection/pc1_jB1h9JlRY.jpg!m_fill,w_280,h_210,f_jpg?from=ke.com
20241030,朝阳,常营,101127174158,北京新天地五期 南北四居室 看房方便 诚心出售,800万,46081元/平,底层 (共27层) 4室2厅 | 173.61平米 | 南 北,https://ke-image.ljcdn.com/110000-inspection/15387a60-25a8-4e48-9147-424ba54250ee_1000.jpg!m_fill,w_280,h_210,f_jpg?from=ke.com
20241030,朝阳,常营,101127157592,苹果派 三居 五年唯一 无户口 小区中间位置,900万,79752元/平,高楼层 (共12层) | 2007年 | 4室2厅 | 112.85平米 | 南 北,https://ke-image.ljcdn.com/110000-inspection/953420af-3fee-4a48-8a27-f98b4d678791_1000.jpg!m_fill,w_280,h_210,f_jpg?from=ke.com
20241030,朝阳,常营,101127154721,通透两居 满五唯一 中间楼层 电梯直达 背靠公园,370万,39208元/平,中楼层 (共10层) 2室1厅 | 94.37平米 | 东 西,https://ke-image.ljcdn.com/110000-inspection/ac305c6f-f2b7-48be-90a3-dd8370f98c9c_1000.jpg!m_fill,w_280,h_210,f_jpg?from=ke.com
20241030,朝阳,常营,101127128242,经典东北一居室  满五唯一  不临街诚心出售,320万,48201元/平,低楼层 (共28层) | 2009年 | 1室1厅 | 66.39平米 | 东北,https://ke-image.ljcdn.com/110000-inspection/1fe4a3df-22ee-42fc-8582-26ce527090c0_1000.jpg!m_fill,w_280,h_210,f_jpg?from=ke.com
20241030,朝阳,常营,101127114389,正规南向开间 诚心出售满五唯一 高层视野开阔无遮挡,309万,58324元/平,顶层 (共20层) | 2009年 | 1室0厅 | 52.98平米 | 南,https://ke-image.ljcdn.com/110000-inspection/pc1_9WtIAC0dx.jpg!m_fill,w_280,h_210,f_jpg?from=ke.com
20241030,朝阳,常营,101127102578,北辰福第六号院 2室1厅 南,469万,56209元/平,高楼层 (共16层) 2室1厅 | 83.44平米 | 南,https://ke-image.ljcdn.com/110000-inspection/pc1_FPt7vACPI_1.jpg!m_fill,w_280,h_210,f_jpg?from=ke.com
20241030,朝阳,常营,101127085087,满五年唯一拎包入住六号线一号线常营圈,289万,46027元/平,中楼层 (共28层) | 2007年 | 1室2厅 | 62.79平米 | 北,https://ke-image.ljcdn.com/110000-inspection/0644de1a-37af-4563-8927-790cacdf4bb7_1000.jpg!m_fill,w_280,h_210,f_jpg?from=ke.com
20241030,朝阳,常营,101127082496,小区中间位置高楼层楼前花园南北通透采光好房主自荐,462万,51981元/平,高楼层 (共22层) | 2010年 | 2室1厅 | 88.88平米 | 南 北,https://ke-image.ljcdn.com/110000-inspection/b1aee3a1-c93c-4187-994a-1b61a01916ed_1000.jpg!m_fill,w_280,h_210,f_jpg?from=ke.com
20241030,朝阳,常营,101127081814,朝阳路19号院2008年社区一梯四户,279万,39285元/平,顶层 (共11层) 1室1厅 | 71.02平米 | 南,https://ke-image.ljcdn.com/110000-inspection/pc1_5gdX1pXPq.jpg!m_fill,w_280,h_210,f_jpg?from=ke.com
20241030,朝阳,常营,101127072631,柏林爱乐三期  全南精装修一居室  满五唯一,342万,51306元/平,高楼层 (共21层) | 2007年 | 1室1厅 | 66.66平米 | 南,https://ke-image.ljcdn.com/110000-inspection/51a42a50-4521-4ba4-b8d3-e324ca5b56b2_1000.jpg!m_fill,w_280,h_210,f_jpg?from=ke.com
20241030,朝阳,常营,101127064561,柏林爱乐二期 1室1厅 西北,375万,44654元/平,低楼层 (共19层) | 2004年 | 1室1厅 | 83.98平米 | 西北,https://ke-image.ljcdn.com/110000-inspection/pc1_ekAMRl9M3.jpg!m_fill,w_280,h_210,f_jpg?from=ke.com
20241030,朝阳,常营,101127030228,万象新天一区 3室1厅 南 北,615万,49944元/平,顶层 (共6层) | 2004年 | 3室1厅 | 123.14平米 | 南 北,https://ke-image.ljcdn.com/110000-inspection/d3655520-d26c-4f99-96ea-89842c5a8b83_1000.jpg!m_fill,w_280,h_210,f_jpg?from=ke.com
20241030,朝阳,常营,101127028506,2013年商品房 楼下正对花园水系 看房很方便,369万,60453元/平,中楼层 (共28层) 1室1厅 | 61.04平米 | 北,https://ke-image.ljcdn.com/110000-inspection/d00e710a-f59c-495a-8569-e5dd90eebaba_1000.jpg!m_fill,w_280,h_210,f_jpg?from=ke.com
20241030,朝阳,常营,101126985952,南北通透两居明厨明卫位置好配套齐全满五唯一,398万,46648元/平,底层 (共16层) 2室1厅 | 85.32平米 | 东 南 北,https://ke-image.ljcdn.com/110000-inspection/05f5bae3-eefc-4a02-8379-de84e84f5f1a_1000.jpg!m_fill,w_280,h_210,f_jpg?from=ke.com
20241030,朝阳,常营,101126955873,30万精装婚房 家具家电齐全 拎包直接住 看房随时,365万,55438元/平,中楼层 (共28层) | 2008年 | 1室1厅 | 65.84平米 | 东北,https://ke-image.ljcdn.com/110000-inspection/pc1_RJ0QQLEqh_1.jpg!m_fill,w_280,h_210,f_jpg?from=ke.com
20241030,朝阳,常营,101126952295,北京新天地 中高楼层南北通透三居 独立餐厅,750万,52684元/平,中楼层 (共26层) 3室2厅 | 142.36平米 | 南 北,https://ke-image.ljcdn.com/110000-inspection/pc1_RjRLMLXPP.jpg!m_fill,w_280,h_210,f_jpg?from=ke.com
20241030,朝阳,常营,101126951507,北京新天地二期 1室1厅 西北,349万,51324元/平,高楼层 (共15层) 1室1厅 | 68平米 | 西北,https://ke-image.ljcdn.com/110000-inspection/11e3a3f8-1074-44c4-959f-7be256514aec_1000.jpg!m_fill,w_280,h_210,f_jpg?from=ke.com
20241030,朝阳,常营,101126947573,长楹天街西区 正规四居室 方便看,1380万,73125元/平,低楼层 (共18层) | 2013年 | 4室2厅 | 188.72平米 | 南 北,https://ke-image.ljcdn.com/110000-inspection/pc1_UJkWCX3HU.jpg!m_fill,w_280,h_210,f_jpg?from=ke.com
20241030,朝阳,常营,101126945922,富力阳光美园 3室1厅 西南,496万,56326元/平,低楼层 (共27层) | 2010年 | 3室1厅 | 88.06平米 | 西南,https://ke-image.ljcdn.com/110000-inspection/pc1_FATim5nXK_1.jpg!m_fill,w_280,h_210,f_jpg?from=ke.com
20241030,朝阳,常营,101126934829,万象新天天际高尔夫 2室1厅 西北,459万,67500元/平,高楼层 (共18层) 2室1厅 | 68平米 | 西北,https://ke-image.ljcdn.com/110000-inspection/d3f5dd7a-cbff-4fc3-a715-ecb05ff6ab66_1000.jpg!m_fill,w_280,h_210,f_jpg?from=ke.com
20241030,朝阳,常营,101126876117,此房满五唯一商品房 业主诚意出售 采光视野好,359万,51737元/平,中楼层 (共28层) | 2009年 | 2室1厅 | 69.39平米 | 南 西,https://ke-image.ljcdn.com/110000-inspection/7d388393-308c-4ea7-93b8-da31140c9435_1000.jpg!m_fill,w_280,h_210,f_jpg?from=ke.com
20241030,朝阳,常营,101126861314,店长：6号线/1号线/22号线常营龙湖天街不临街,496万,48800元/平,中楼层 (共28层) | 2008年 | 2室1厅 | 101.64平米 | 南,https://ke-image.ljcdn.com/110000-inspection/pc1_QKAJcij6v.jpg!m_fill,w_280,h_210,f_jpg?from=ke.com
20241030,朝阳,常营,101126841467,六号线  常营南北通透两居室 商品房,280万,47123元/平,高楼层 (共28层) | 2010年 | 2室1厅 | 59.42平米 | 南 北,https://ke-image.ljcdn.com/110000-inspection/1f12c2da-650f-4d71-b27f-a4cd63b0cc5e_1000.jpg!m_fill,w_280,h_210,f_jpg?from=ke.com
20241030,朝阳,常营,101126827038,正规一居室不临街户型方正满五年唯一住房。,336万,49174元/平,高楼层 (共10层) 1室1厅 | 68.33平米 | 西北,https://ke-image.ljcdn.com/110000-inspection/eafc61b4-d954-4b46-8fc3-2f4a4ae650fd_1000.jpg!m_fill,w_280,h_210,f_jpg?from=ke.com
20241030,朝阳,常营,101126824771,万象新天天际高尔夫 南北两居 户型方正 满五年唯一,660万,51124元/平,低楼层 (共17层) 2室1厅 | 129.1平米 | 南 北,https://ke-image.ljcdn.com/110000-inspection/d057af5d-0b16-4b3f-b2d2-cdb06361178f_1000.jpg!m_fill,w_280,h_210,f_jpg?from=ke.com
20241030,朝阳,常营,101126811441,北京新天地一期 1室1厅 西北,319万,48859元/平,高楼层 (共28层) | 2007年 | 1室1厅 | 65.29平米 | 西北,https://ke-image.ljcdn.com/110000-inspection/50fff202-b230-4a12-a9cd-2f41e440bf57_1000.jpg!m_fill,w_280,h_210,f_jpg?from=ke.com
20241030,朝阳,常营,101126793343,南北通透 六层板楼带电梯 可看大花园,599万,65724元/平,底层 (共6层) 2室1厅 | 91.14平米 | 南 北,https://ke-image.ljcdn.com/110000-inspection/pc1_sMTuXa4Gb_1.jpg!m_fill,w_280,h_210,f_jpg?from=ke.com
20241030,朝阳,常营,101126770570,北京新天地四期 2室1厅 南,542万,54621元/平,高楼层 (共20层) 2室1厅 | 99.23平米 | 南,https://ke-image.ljcdn.com/110000-inspection/pc1_2Nq5uUjzx.jpg!m_fill,w_280,h_210,f_jpg?from=ke.com
20241030,朝阳,常营,101126767607,万方家园 满五年唯一 客厅带挑空 价钱能谈,388万,41622元/平,顶层 (共6层) 2室1厅 | 93.22平米 | 南 北,https://ke-image.ljcdn.com/110000-inspection/8c858013-2cdb-4534-84c6-04eb627a4a53_1000.jpg!m_fill,w_280,h_210,f_jpg?from=ke.com
20241030,朝阳,常营,101126752751,柏林爱乐一期 中间层 视野开阔 采光充足,335万,52320元/平,中楼层 (共11层) | 2002年 | 1室1厅 | 64.03平米 | 东 西,https://ke-image.ljcdn.com/110000-inspection/0ca3c974-0bd6-44b6-8a26-7630d96dcc24_1000.jpg!m_fill,w_280,h_210,f_jpg?from=ke.com
20241030,朝阳,常营,101126748235,草房地铁有电梯满五唯一采光好首套首付40万,200万,40185元/平,中楼层 (共28层) | 2009年 | 1室1厅 | 49.77平米 | 西,https://ke-image.ljcdn.com/110000-inspection/pc1_orpGU8yNY_1.jpg!m_fill,w_280,h_210,f_jpg?from=ke.com
20241030,朝阳,常营,101126746913,金隅丽景园 大一居室 楼不临街 视野无遮挡,208万,40641元/平,低楼层 (共28层) | 2009年 | 1室1厅 | 51.18平米 | 西,https://ke-image.ljcdn.com/110000-inspection/pc1_yRL7nDIjc_2.jpg!m_fill,w_280,h_210,f_jpg?from=ke.com
20241030,朝阳,常营,101126733168,柏林爱乐三期   南向正规一居室 无遮挡视野好,360万,52486元/平,中楼层 (共15层) 1室1厅 | 68.59平米 | 南,https://ke-image.ljcdn.com/110000-inspection/0745da05-6c60-4eaf-9ac9-7cc631510698_1000.jpg!m_fill,w_280,h_210,f_jpg?from=ke.com
20241030,朝阳,常营,101126733160,柏林爱乐四期一层西向一居室出行便利,309万,45935元/平,底层 (共11层) | 2008年 | 1室1厅 | 67.27平米 | 西,https://ke-image.ljcdn.com/110000-inspection/467cad5c-4574-41f4-b782-6f987e520deb_1000.jpg!m_fill,w_280,h_210,f_jpg?from=ke.com
20241030,朝阳,常营,101126718814,和锦薇棠 4室2厅 南 北,1349万,75898元/平,中楼层 (共6层) 4室2厅 | 177.74平米 | 南 北,https://ke-image.ljcdn.com/110000-inspection/pc1_lqvXunOgn.jpg!m_fill,w_280,h_210,f_jpg?from=ke.com
20241030,朝阳,常营,101126705082,常楹公元 3室1厅 南 北,888万,67396元/平,低楼层 (共25层) 3室1厅 | 131.76平米 | 南 北,https://ke-image.ljcdn.com/110000-inspection/pc1_S6icA2rAp.jpg!m_fill,w_280,h_210,f_jpg?from=ke.com
20241030,朝阳,常营,101126686091,万象新天天际高尔夫 小板楼一梯一户,1126万,52664元/平,底层 (共5层) 4室2厅 | 213.81平米 | 南 北,https://ke-image.ljcdn.com/110000-inspection/pc1_OhowoVRW8_2.jpg!m_fill,w_280,h_210,f_jpg?from=ke.com
20241030,朝阳,常营,101126614159,万象新天一区 全南两居 户型方正 采光好 满五唯一,580万,56371元/平,中楼层 (共14层) | 2006年 | 2室1厅 | 102.89平米 | 南,https://ke-image.ljcdn.com/110000-inspection/pc1_59bfZce8V.jpg!m_fill,w_280,h_210,f_jpg?from=ke.com
20241030,朝阳,常营,101126600763,北京新天地五期 2室2厅 东南房主自荐,519万,53605元/平,中楼层 (共28层) | 2011年 | 2室2厅 | 96.82平米 | 东南,https://ke-image.ljcdn.com/110000-inspection/pc1_Hu46oXliL_1.jpg!m_fill,w_280,h_210,f_jpg?from=ke.com
20241030,朝阳,常营,101126599367,常营 荟康苑满五年唯一 精装自住跃层 看房方便房主自荐,457万,44577元/平,高楼层 (共7层) 3室3厅 | 102.52平米 | 南 北,https://ke-image.ljcdn.com/110000-inspection/dd0c8b84-f96c-496e-8923-582d97e2205c_1000.jpg!m_fill,w_280,h_210,f_jpg?from=ke.com
20241030,朝阳,常营,101126594095,六号线 八通线 采光充足 无遮挡 动静分离 配套好,475万,48048元/平,低楼层 (共28层) 2室1厅 | 98.86平米 | 西南,https://ke-image.ljcdn.com/110000-inspection/pc1_KNkFRhqjV_1.jpg!m_fill,w_280,h_210,f_jpg?from=ke.com
20241030,朝阳,常营,101126593454,万象新天地家园 全明格局  通透三居  诚意出售,636万,49641元/平,高楼层 (共11层) | 2005年 | 3室1厅 | 128.12平米 | 南 北 西,https://ke-image.ljcdn.com/110000-inspection/411f5e66-5e51-4263-a278-240c43cc4fb6_1000.jpg!m_fill,w_280,h_210,f_jpg?from=ke.com
20241030,朝阳,常营,101126572257,柏林爱乐二期 正规一居 精装修 满五年唯一,289万,48409元/平,低楼层 (共21层) | 2005年 | 1室1厅 | 59.7平米 | 西北,https://ke-image.ljcdn.com/110000-inspection/pc1_I3QRnncd1_1.jpg!m_fill,w_280,h_210,f_jpg?from=ke.com
20241030,朝阳,常营,101126562456,万象新天四区 经典复式 南北通透 随时看房房主自荐,810万,52107元/平,顶层 (共17层) | 2006年 | 3室1厅 | 155.45平米 | 南 北,https://ke-image.ljcdn.com/110000-inspection/95a62bb7-9546-40a2-a4d2-02b02d8792ac_1000.jpg!m_fill,w_280,h_210,f_jpg?from=ke.com
20241030,朝阳,常营,101126554991,万象新天一区三层上叠 采光视野很好 满五年唯一,1280万,59367元/平,中楼层 (共4层) 4室2厅 | 215.61平米 | 南 北 东,https://ke-image.ljcdn.com/110000-inspection/pc1_hE8EIJ3oe_2.jpg!m_fill,w_280,h_210,f_jpg?from=ke.com
20241030,朝阳,常营,101126548287,商品房全南两居室全天采光板楼两梯四户,478万,54000元/平,低楼层 (共20层) | 2010年 | 2室1厅 | 88.52平米 | 南,https://ke-image.ljcdn.com/110000-inspection/pc1_IgZpaL6dz.jpg!m_fill,w_280,h_210,f_jpg?from=ke.com
20241030,朝阳,常营,101126545236,万象新天四区 3室1厅 南 北,918万,59341元/平,高楼层 (共20层) | 2006年 | 3室1厅 | 154.7平米 | 南 北,https://ke-image.ljcdn.com/110000-inspection/pc1_pLY4Zhzwi_1.jpg!m_fill,w_280,h_210,f_jpg?from=ke.com
20241030,朝阳,常营,101126505977,北京新天地五期方正户型一居高楼层视野好诚售,325万,53253元/平,高楼层 (共28层) | 2011年 | 1室1厅 | 61.03平米 | 北,https://ke-image.ljcdn.com/110000-inspection/35526796-b025-43d4-9aae-46af29931f3b_1000.jpg!m_fill,w_280,h_210,f_jpg?from=ke.com
20241030,朝阳,常营,101126489972,此房满五年且是家庭唯一住房 南北通透 一梯两户,315万,52257元/平,底层 (共8层) 1室1厅 | 60.28平米 | 南 北,https://ke-image.ljcdn.com/110000-inspection/8e00201c-e72d-45f9-b6c5-0d04b7806c46_1000.jpg!m_fill,w_280,h_210,f_jpg?from=ke.com
20241030,朝阳,常营,101126476838,富力阳光美园正规三居方正户型临地铁6号线常营站,472万,52626元/平,中楼层 (共27层) | 2010年 | 3室1厅 | 89.69平米 | 西北,https://ke-image.ljcdn.com/110000-inspection/85b456e7-d7c1-471f-8b39-e66b06129528_1000.jpg!m_fill,w_280,h_210,f_jpg?from=ke.com
20241030,朝阳,常营,101126469833,常楹公元南北通透正规四居两梯两户,1500万,76578元/平,顶层 (共25层) 4室2厅 | 195.88平米 | 南 北,https://ke-image.ljcdn.com/110000-inspection/pc1_oghexU9Ss_1.jpg!m_fill,w_280,h_210,f_jpg?from=ke.com
20241030,朝阳,常营,101126469294,柏林爱乐三期 1室1厅 东 西,345万,50624元/平,低楼层 (共11层) | 2007年 | 1室1厅 | 68.15平米 | 东 西,https://ke-image.ljcdn.com/110000-inspection/pc1_G8RyNS3NK.jpg!m_fill,w_280,h_210,f_jpg?from=ke.com
20241030,朝阳,常营,101126438067,万象新天四区 1室1厅 西北,380万,56658元/平,低楼层 (共20层) 1室1厅 | 67.07平米 | 西北,https://ke-image.ljcdn.com/110000-inspection/pc1_03HDATERQ.jpg!m_fill,w_280,h_210,f_jpg?from=ke.com
20241030,朝阳,常营,101126436853,柏林爱乐一期 首付80万 次顶层 视野开阔,328万,57757元/平,高楼层 (共11层) | 2002年 | 1室1厅 | 56.79平米 | 西,https://ke-image.ljcdn.com/110000-inspection/7c2a8daf-3b3a-4e7c-8a20-1c4b81413ac2_1000.jpg!m_fill,w_280,h_210,f_jpg?from=ke.com
20241030,朝阳,常营,101126425400,万象新天三区 人车分流 精装四居,1230万,73228元/平,低楼层 (共16层) 4室2厅 | 167.97平米 | 南 北,https://ke-image.ljcdn.com/110000-inspection/23e3b666-1aaa-4bf2-82e1-cd5d989dd390_1000.jpg!m_fill,w_280,h_210,f_jpg?from=ke.com
20241030,朝阳,常营,101126361429,苹果派南北双通透不临街中间楼层,520万,54032元/平,低楼层 (共12层) 2室1厅 | 96.24平米 | 南 北,https://ke-image.ljcdn.com/110000-inspection/pc1_9QbAKqj6X.jpg!m_fill,w_280,h_210,f_jpg?from=ke.com
20241030,朝阳,常营,101126346263,不临街 满五唯一 户型方正 无浪费面积,280万,45426元/平,底层 (共28层) | 2008年 | 1室1厅 | 61.64平米 | 北,https://ke-image.ljcdn.com/110000-inspection/d2da9348-a01b-4a0b-ab8b-4d4fee3c08f4_1000.jpg!m_fill,w_280,h_210,f_jpg?from=ke.com
20241030,朝阳,常营,101126323323,北京新天地二期西南两居室中间位置,509万,54213元/平,中楼层 (共28层) | 2008年 | 2室1厅 | 93.89平米 | 西南,https://ke-image.ljcdn.com/110000-inspection/pc1_05N9iQDan_1.jpg!m_fill,w_280,h_210,f_jpg?from=ke.com
20241030,朝阳,常营,101126322647,70年产权商品房社区 花园水系 绿化高  双地铁,325万,52898元/平,中楼层 (共28层) 1室1厅 | 61.44平米 | 西南,https://ke-image.ljcdn.com/110000-inspection/106afa6f-9b27-4848-9084-20e9a9d9c175_1000.jpg!m_fill,w_280,h_210,f_jpg?from=ke.com
20241030,朝阳,常营,101126318385,精装全南两居两梯四户 正对小区花园房主自荐,499万,48579元/平,低楼层 (共15层) 2室1厅 | 102.72平米 | 南,https://ke-image.ljcdn.com/110000-inspection/pc1_wSZcwd8JQ.jpg!m_fill,w_280,h_210,f_jpg?from=ke.com
20241030,朝阳,常营,101126311633,柏林爱乐二期高层大开间 视野好,228万,46314元/平,高楼层 (共21层) | 2005年 | 1室0厅 | 49.23平米 | 北,https://ke-image.ljcdn.com/110000-inspection/pc1_7sluCJr6I.jpg!m_fill,w_280,h_210,f_jpg?from=ke.com
20241030,朝阳,常营,101126307244,北京新天地五期  居家装修 看房方便 业主诚售,500万,53454元/平,中楼层 (共28层) | 2011年 | 2室1厅 | 93.54平米 | 南,https://ke-image.ljcdn.com/110000-inspection/pc1_U7Z7GR310.jpg!m_fill,w_280,h_210,f_jpg?from=ke.com
20241030,朝阳,常营,101126307147,北辰南区精装修保持好满五唯一全明格局小三居,388万,47955元/平,低楼层 (共23层) | 2010年 | 3室1厅 | 80.91平米 | 西北,https://ke-image.ljcdn.com/110000-inspection/8a152858-eb27-43e9-9c85-067562fa9519_1000.jpg!m_fill,w_280,h_210,f_jpg?from=ke.com
20241030,朝阳,常营,101126306322,朝青知筑 3室2厅 南 北,1088万,77887元/平,高楼层 (共18层) 3室2厅 | 139.69平米 | 南 北,https://ke-image.ljcdn.com/110000-inspection/c6966f7b-2e2d-4fbd-be7f-fb53825cf70a_1000.jpg!m_fill,w_280,h_210,f_jpg?from=ke.com
20241030,朝阳,常营,101126296569,北京新天地三期 近地铁22号线 1号线 满五唯一,475万,52084元/平,高楼层 (共28层) | 2008年 | 2室1厅 | 91.2平米 | 南,https://ke-image.ljcdn.com/110000-inspection/pc1_HhHKu4q61.jpg!m_fill,w_280,h_210,f_jpg?from=ke.com
20241030,朝阳,常营,101126291804,北京新天地四期 1室0厅 北,226万,43664元/平,低楼层 (共20层) | 2009年 | 1室0厅 | 51.76平米 | 北,https://ke-image.ljcdn.com/110000-inspection/34946be8-d611-44c6-8655-6017a37f1480_1000.jpg!m_fill,w_280,h_210,f_jpg?from=ke.com
20241030,朝阳,常营,101126280223,万象新天三区 南北通透 独立管理 观光电梯,1080万,64298元/平,中楼层 (共16层) | 2011年 | 4室2厅 | 167.97平米 | 南 西 北,https://ke-image.ljcdn.com/110000-inspection/pc1_sMHVI6Vo7.jpg!m_fill,w_280,h_210,f_jpg?from=ke.com
20241030,朝阳,常营,101126275951,房为满5唯一双飘窗南向户型格局好无浪费面积,500万,51911元/平,底层 (共26层) | 2009年 | 2室1厅 | 96.32平米 | 南,https://ke-image.ljcdn.com/110000-inspection/fb6a6de5-194b-4618-814d-7d22ce93a78e_1000.jpg!m_fill,w_280,h_210,f_jpg?from=ke.com
20241030,朝阳,常营,101126244122,北京新天地五期精装修南两居视野好无遮挡配套齐全交,519万,57642元/平,低楼层 (共27层) 2室1厅 | 90.04平米 | 南,https://ke-image.ljcdn.com/110000-inspection/ba387134-8582-458b-9b26-91bc9b70bd5b_1000.jpg!m_fill,w_280,h_210,f_jpg?from=ke.com
20241030,朝阳,常营,101126226700,此房满5唯一南北通透精装修视野宽阔采光充足,739万,51535元/平,顶层 (共27层) | 2011年 | 3室1厅 | 143.4平米 | 南 北,https://ke-image.ljcdn.com/110000-inspection/e21f497a-7fb5-4922-9e6b-d8d6c5ceab0e_1000.jpg!m_fill,w_280,h_210,f_jpg?from=ke.com
20241030,朝阳,常营,101126212763,柏林爱乐二期 复式格局动静分离中高层视野开阔,880万,46931元/平,中楼层 (共22层) | 2004年 | 3室1厅 | 187.51平米 | 南 西,https://ke-image.ljcdn.com/110000-inspection/pc1_NVajQ9C0W_1.jpg!m_fill,w_280,h_210,f_jpg?from=ke.com
20241030,朝阳,常营,101126211786,北京新天地四期全南向双阳台两居室不临路正对小区花园,609万,59859元/平,高楼层 (共26层) 2室1厅 | 101.74平米 | 南,https://ke-image.ljcdn.com/110000-inspection/62cfd009-a58d-443d-8a5a-6c6478c7fe61_1000.jpg!m_fill,w_280,h_210,f_jpg?from=ke.com
20241030,朝阳,常营,101126209770,北京新天地主力一居位置居中诚心出售,298万,47460元/平,低楼层 (共28层) | 2007年 | 1室1厅 | 62.79平米 | 北,https://ke-image.ljcdn.com/110000-inspection/cf2dfc68-f517-4795-b162-0db9c02bb2b9_1000.jpg!m_fill,w_280,h_210,f_jpg?from=ke.com
20241030,朝阳,常营,101126195194,万方家园 4室2厅 南 北,650万,40633元/平,顶层 (共6层) 4室2厅 | 159.97平米 | 南 北,https://ke-image.ljcdn.com/110000-inspection/pc1_9j6gpE2oO.jpg!m_fill,w_280,h_210,f_jpg?from=ke.com
20241030,朝阳,常营,101126192184,富力阳光美园离地铁近 离天街商场近 楼龄新房主自荐,509万,57534元/平,高楼层 (共27层) | 2010年 | 3室1厅 | 88.47平米 | 东南,https://ke-image.ljcdn.com/110000-inspection/pc1_wIni5vzBK_1.jpg!m_fill,w_280,h_210,f_jpg?from=ke.com
20241030,朝阳,常营,101126191729,住欣家园 2室1厅 西南,300万,44073元/平,高楼层 (共28层) | 2010年 | 2室1厅 | 68.07平米 | 西南,https://ke-image.ljcdn.com/110000-inspection/pc1_pcWtv46Fl_1.jpg!m_fill,w_280,h_210,f_jpg?from=ke.com
20241030,朝阳,常营,101126164772,满五唯一商品房中建一局建设建筑质量好房主自荐,332万,54967元/平,中楼层 (共28层) | 2007年 | 1室1厅 | 60.4平米 | 北,https://ke-image.ljcdn.com/110000-inspection/3004402e-7333-41f9-88ce-75038067e3e0_1000.jpg!m_fill,w_280,h_210,f_jpg?from=ke.com
20241030,朝阳,常营,101126077791,新上房源北京新天地南向一居满五年唯一价格可谈,415万,58468元/平,低楼层 (共28层) | 2007年 | 1室1厅 | 70.98平米 | 南,https://ke-image.ljcdn.com/110000-inspection/pc1_jl0uj0rHZ.jpg!m_fill,w_280,h_210,f_jpg?from=ke.com
20241030,朝阳,常营,101126064513,城中墅 +私家电梯+独立归家庭院+ 保利自持的物,1918万,101859元/平,高楼层 (共6层) 5室3厅 | 188.3平米 | 南 北,https://ke-image.ljcdn.com/110000-inspection/pc1_BnqLLOUqa.jpg!m_fill,w_280,h_210,f_jpg?from=ke.com
20241030,朝阳,常营,101126062819,正规一居 大落地窗 不临街 私密性好,290万,44760元/平,低楼层 (共28层) | 2007年 | 1室1厅 | 64.79平米 | 西北,https://ke-image.ljcdn.com/110000-inspection/bc1dfc69-b312-47d4-a261-5997fecd92db_1000.jpg!m_fill,w_280,h_210,f_jpg?from=ke.com
20241030,朝阳,常营,101126045388,万方家园 满五年唯一 层高高带二层 看房方便,189万,44036元/平,顶层 (共6层) | 2006年 | 1室1厅 | 42.92平米 | 南,https://ke-image.ljcdn.com/110000-inspection/37246b68-3c1e-4dc0-82d0-eeaefbb17bbe_1000.jpg!m_fill,w_280,h_210,f_jpg?from=ke.com
20241030,朝阳,常营,101126040897,柏林爱乐上下单独入户复式   超大楼间距,1050万,54966元/平,高楼层 (共8层) 4室1厅 | 191.03平米 | 南 北,https://ke-image.ljcdn.com/110000-inspection/216860e0-7782-4f14-a878-1e23d59cbe6a_1000.jpg!m_fill,w_280,h_210,f_jpg?from=ke.com
20241030,朝阳,常营,101125982071,住欣家园 1室1厅 南,183万,36993元/平,中楼层 (共26层) | 2010年 | 1室1厅 | 49.47平米 | 南,https://ke-image.ljcdn.com/110000-inspection/pc1_vLOnI3SqD_1.jpg!m_fill,w_280,h_210,f_jpg?from=ke.com
20241030,朝阳,常营,101125966764,高层观景 对望中国尊 满五年 首套可贷款240万,319万,47906元/平,高楼层 (共28层) | 2008年 | 1室1厅 | 66.59平米 | 西北,https://ke-image.ljcdn.com/110000-inspection/aae81948-f6e7-4d99-9a17-c05511849ee6_1000.jpg!m_fill,w_280,h_210,f_jpg?from=ke.com
20241030,朝阳,常营,101125948424,北京新天地经典一居 满五年唯一 无遮挡 诚意出售,299万,45414元/平,低楼层 (共28层) 1室1厅 | 65.84平米 | 东北,https://ke-image.ljcdn.com/110000-inspection/d98dadb7-6e94-4a38-b918-88ce73942119_1000.jpg!m_fill,w_280,h_210,f_jpg?from=ke.com
20241030,朝阳,常营,101125947543,常楹公元   婚房装修  绿化好  采光好,930万,67800元/平,底层 (共25层) 3室2厅 | 137.17平米 | 西南 北,https://ke-image.ljcdn.com/110000-inspection/pc1_3MOKoNBj2.jpg!m_fill,w_280,h_210,f_jpg?from=ke.com
20241030,朝阳,常营,101125939837,电梯 精装修  拎包入住三居室,398万,44460元/平,高楼层 (共26层) | 2010年 | 3室2厅 | 89.52平米 | 西北,https://ke-image.ljcdn.com/110000-inspection/pc1_yRxKbDxYt_1.jpg!m_fill,w_280,h_210,f_jpg?from=ke.com
20241030,朝阳,常营,101125937608,三阳开泰大三居高楼层不临街南北通透40万精装修,800万,53044元/平,高楼层 (共27层) 3室2厅 | 150.82平米 | 南 北,https://ke-image.ljcdn.com/110000-inspection/e8103d76-dbff-4ff0-a904-16775ab29bb5_1000.jpg!m_fill,w_280,h_210,f_jpg?from=ke.com
20241030,朝阳,常营,101125934098,常楹公元 高楼层南向两居 视野无遮挡,655万,75219元/平,高楼层 (共26层) 2室1厅 | 87.08平米 | 南,https://ke-image.ljcdn.com/110000-inspection/bd6c8423-1031-4122-b17a-86e797f91c86_1000.jpg!m_fill,w_280,h_210,f_jpg?from=ke.com
20241030,朝阳,常营,101125882103,近地铁 常营民族家园 南北通透的一居室 户型方正,269万,42937元/平,底层 (共6层) 1室1厅 | 62.65平米 | 南 北,https://ke-image.ljcdn.com/110000-inspection/pc1_bmHeyu2L3.jpg!m_fill,w_280,h_210,f_jpg?from=ke.com
20241030,朝阳,常营,101125880314,北京新天地五期 东南大窗两居 双面采光 精装,566万,59523元/平,中楼层 (共27层) 2室1厅 | 95.09平米 | 东南 南,https://ke-image.ljcdn.com/110000-inspection/c182cece-0869-453f-b85f-e17405f2d0b5_1000.jpg!m_fill,w_280,h_210,f_jpg?from=ke.com
20241030,朝阳,常营,101125878188,北京新天地南北通透一居室 小区少有户型 看房随时,405万,57131元/平,低楼层 (共20层) 1室1厅 | 70.89平米 | 南 北,https://ke-image.ljcdn.com/110000-inspection/06a7456f-4ace-436b-a439-34b2cae53800_1000.jpg!m_fill,w_280,h_210,f_jpg?from=ke.com
20241030,朝阳,常营,101125812362,满五唯一正对花园不临街 无隔断采光好 两梯两户安静房主自荐,279万,42570元/平,低楼层 (共28层) | 2009年 | 1室2厅 | 65.54平米 | 北,https://ke-image.ljcdn.com/110000-inspection/pc1_uZFmAjp0D.jpg!m_fill,w_280,h_210,f_jpg?from=ke.com
20241030,朝阳,常营,101125809103,柏林爱乐 西向一居室 满五唯一 看房方便,298万,53434元/平,底层 (共11层) | 2002年 | 1室1厅 | 55.77平米 | 西,https://ke-image.ljcdn.com/110000-inspection/pc1_aUKhfA2Sf_2.jpg!m_fill,w_280,h_210,f_jpg?from=ke.com
20241030,朝阳,常营,101125803799,北京新天地四期 35万装修 拎包入住 看房提前约,460万,62997元/平,低楼层 (共20层) | 2009年 | 1室1厅 | 73.02平米 | 南,https://ke-image.ljcdn.com/110000-inspection/pc1_yQyK6d8Lc_1.jpg!m_fill,w_280,h_210,f_jpg?from=ke.com
20241030,朝阳,常营,101125801661,北京新天地三期 满五年精装修 看房随时 诚意出售,313万,46467元/平,高楼层 (共28层) | 2009年 | 1室1厅 | 67.36平米 | 西北,https://ke-image.ljcdn.com/110000-inspection/496e2edb-0f28-4916-90e6-9435a00bb597_1000.jpg!m_fill,w_280,h_210,f_jpg?from=ke.com
20241030,朝阳,常营,101125794328,柏林爱乐二期 满五唯一南向四居室 高楼层 复式三层房主自荐,1020万,36901元/平,顶层 (共19层) | 2004年 | 4室1厅 | 276.42平米 | 南,https://ke-image.ljcdn.com/110000-inspection/e17bcfb2-5600-47bb-b6f4-f4cfb8f41038_1000.jpg!m_fill,w_280,h_210,f_jpg?from=ke.com
20241030,朝阳,常营,101125791915,精装修 业主诚心出售看房方便,230万,46787元/平,中楼层 (共21层) | 2005年 | 1室0厅 | 49.16平米 | 北,https://ke-image.ljcdn.com/110000-inspection/pc1_e1DXl2g1a_1.jpg!m_fill,w_280,h_210,f_jpg?from=ke.com
20241030,朝阳,常营,101125758713,柏林爱乐三期南北复式精装修前后临花园,998万,52058元/平,高楼层 (共8层) | 2007年 | 4室2厅 | 191.71平米 | 南 北,https://ke-image.ljcdn.com/110000-inspection/pc1_MQCJD16wr_1.jpg!m_fill,w_280,h_210,f_jpg?from=ke.com
20241030,朝阳,常营,101125741307,北京新天地 不临街 中间层 全南向 落地窗满五唯一房主自荐,489万,52266元/平,中楼层 (共28层) | 2008年 | 2室1厅 | 93.56平米 | 南,https://ke-image.ljcdn.com/110000-inspection/pc1_6XKdpX51g.jpg!m_fill,w_280,h_210,f_jpg?from=ke.com
20241030,朝阳,常营,101125727061,满五唯一大两居室双卫生间高楼层视野好,479万,43625元/平,高楼层 (共22层) | 2004年 | 2室1厅 | 109.8平米 | 西北,https://ke-image.ljcdn.com/110000-inspection/pc1_DAjb80Hk4_1.jpg!m_fill,w_280,h_210,f_jpg?from=ke.com
20241030,朝阳,常营,101125709598,北京新天地五期2013年社区明星社区诚心出售房主自荐,486万,54583元/平,低楼层 (共27层) 2室1厅 | 89.04平米 | 西北,https://ke-image.ljcdn.com/110000-inspection/pc1_mqGx1MqJ9_2.jpg!m_fill,w_280,h_210,f_jpg?from=ke.com
20241030,朝阳,常营,101125638523,金隅丽景园 2室1厅 南 西,305万,42332元/平,顶层 (共28层) | 2009年 | 2室1厅 | 72.05平米 | 南 西,https://ke-image.ljcdn.com/110000-inspection/pc1_2HrjyWDye.jpg!m_fill,w_280,h_210,f_jpg?from=ke.com
20241030,朝阳,常营,101125636288,金隅丽景园 采光好两居室 诚心出售,288万,39973元/平,中楼层 (共28层) | 2009年 | 2室1厅 | 72.05平米 | 西南,https://ke-image.ljcdn.com/110000-inspection/df38adbd-9412-41ca-8ebf-a914532cb6b7_1000.jpg!m_fill,w_280,h_210,f_jpg?from=ke.com
20241030,朝阳,常营,101125636246,住欣家园 2室1厅 东 南,290万,40262元/平,低楼层 (共21层) | 2010年 | 2室1厅 | 72.03平米 | 东 南,https://ke-image.ljcdn.com/110000-inspection/a8aabdc7-3338-452f-871a-b771309630fe_1000.jpg!m_fill,w_280,h_210,f_jpg?from=ke.com
20241030,朝阳,常营,101125636202,金隅丽景园 2室1厅 东 北,308万,44419元/平,高楼层 (共28层) | 2010年 | 2室1厅 | 69.34平米 | 东 北,https://ke-image.ljcdn.com/110000-inspection/d70e8253-9048-4fc7-9bfa-e631eff87e1d_1000.jpg!m_fill,w_280,h_210,f_jpg?from=ke.com
20241030,朝阳,常营,101125596016,北京新天地三期 客厅宽敞明亮 卧室采光充足 值得看,480万,47143元/平,低楼层 (共28层) | 2009年 | 2室1厅 | 101.82平米 | 西北,https://ke-image.ljcdn.com/110000-inspection/pc1_q67ryR6sO_1.jpg!m_fill,w_280,h_210,f_jpg?from=ke.com
20241030,朝阳,常营,101125556454,柏林爱乐一期 南北通透复式  挑空大客厅,1000万,50873元/平,高楼层 (共8层) | 2002年 | 4室1厅 | 196.57平米 | 南 北,https://ke-image.ljcdn.com/110000-inspection/39a92740-8406-4f63-bd71-ec8cedad7b89_1000.jpg!m_fill,w_280,h_210,f_jpg?from=ke.com
20241030,朝阳,常营,101125542604,富力阳光美园 精装南北通透两居楼层高视野好,469万,52774元/平,高楼层 (共27层) | 2010年 | 2室1厅 | 88.87平米 | 南 北,https://ke-image.ljcdn.com/110000-inspection/pc1_wJyc1FGUc_2.jpg!m_fill,w_280,h_210,f_jpg?from=ke.com
20241030,朝阳,常营,101125514351,住欣家园 西南两居室  高楼层视野无遮挡,275万,41940元/平,中楼层 (共28层) | 2010年 | 2室1厅 | 65.57平米 | 西南,https://ke-image.ljcdn.com/110000-inspection/f79c3f5b-a7c7-4691-9c3e-2be5ee5fe575_1000.jpg!m_fill,w_280,h_210,f_jpg?from=ke.com
20241030,朝阳,常营,101125474625,北京新天地四期 正规一居室 满五唯一商品房 不临街,319万,48407元/平,低楼层 (共26层) | 2009年 | 1室1厅 | 65.9平米 | 东北,https://ke-image.ljcdn.com/110000-inspection/c7753d6e-135f-4b5f-a001-74f290021a80_1000.jpg!m_fill,w_280,h_210,f_jpg?from=ke.com
20241030,朝阳,常营,101125467247,北京新天地五期明星社区主力户型,345万,51378元/平,中楼层 (共27层) 1室1厅 | 67.15平米 | 东 东北,https://ke-image.ljcdn.com/110000-inspection/pc1_SefgHPBNy.jpg!m_fill,w_280,h_210,f_jpg?from=ke.com
20241030,朝阳,常营,101125464954,北京新天地四期 全南向开间 户型方正 不临路,279万,52672元/平,底层 (共20层) | 2009年 | 1室0厅 | 52.97平米 | 南,https://ke-image.ljcdn.com/110000-inspection/49aec749-2c69-446b-8c42-2d13079a2aba_1000.jpg!m_fill,w_280,h_210,f_jpg?from=ke.com
20241030,朝阳,常营,101125452897,北京新天地五期 不临街两居 大阳台 有钥匙方便看,569万,57140元/平,低楼层 (共28层) | 2011年 | 2室2厅 | 99.58平米 | 西南,https://ke-image.ljcdn.com/110000-inspection/e30e2105-961f-406f-8ed5-70a31527387f_1000.jpg!m_fill,w_280,h_210,f_jpg?from=ke.com
20241030,朝阳,常营,101125420201,福瑞四季 全明格局 近地铁 2020年次新社区房主自荐,485万,48534元/平,低楼层 (共22层) 2室1厅 | 99.93平米 | 东 南 北,https://ke-image.ljcdn.com/110000-inspection/pc1_cZPEOrltB.jpg!m_fill,w_280,h_210,f_jpg?from=ke.com
20241030,朝阳,常营,101125418746,柏林爱乐二期 4室2厅 东南,799万,38527元/平,高楼层 (共22层) | 2004年 | 4室2厅 | 207.39平米 | 东南,https://ke-image.ljcdn.com/110000-inspection/pc1_Qb6NVLsAS.jpg!m_fill,w_280,h_210,f_jpg?from=ke.com
20241030,朝阳,常营,101125366255,板楼南北双通透 冬暖夏凉 独立衣帽间大花园,868万,51566元/平,底层 (共8层) 3室2厅 | 168.33平米 | 南 北,https://ke-image.ljcdn.com/110000-inspection/a3027bf3-2724-4209-8a4d-3a40ff036a13_1000.jpg!m_fill,w_280,h_210,f_jpg?from=ke.com
20241030,朝阳,常营,101125247428,满五年唯一采光充足视野好随时看房,325万,49778元/平,中楼层 (共28层) 1室2厅 | 65.29平米 | 西北,https://ke-image.ljcdn.com/110000-inspection/pc1_qOJCfZ9cj.jpg!m_fill,w_280,h_210,f_jpg?from=ke.com
20241030,朝阳,常营,101125239480,金隅丽景园 1室1厅 东,223万,44726元/平,低楼层 (共28层) | 2009年 | 1室1厅 | 49.86平米 | 东,https://ke-image.ljcdn.com/110000-inspection/pc1_RWBVWRQWR.jpg!m_fill,w_280,h_210,f_jpg?from=ke.com
20241030,朝阳,常营,101125199091,新小区临公园近地铁通透户型有车位,570万,54193元/平,低楼层 (共11层) 2室1厅 | 105.18平米 | 东 西,https://ke-image.ljcdn.com/110000-inspection/c27282e8-1c16-4b05-8fea-363043b490dd_1000.jpg!m_fill,w_280,h_210,f_jpg?from=ke.com
20241030,朝阳,常营,101125180898,柏林爱乐三期 户型方正 落地窗 采光好 满五唯一,305万,45598元/平,低楼层 (共11层) | 2007年 | 2室1厅 | 66.89平米 | 西,https://ke-image.ljcdn.com/110000-inspection/pc1_Xqy2Onb3a.jpg!m_fill,w_280,h_210,f_jpg?from=ke.com
20241030,朝阳,常营,101125169831,北京新天地三期 不临街 南向 高层 两居室 精装修,459万,50329元/平,顶层 (共28层) | 2008年 | 2室1厅 | 91.2平米 | 南,https://ke-image.ljcdn.com/110000-inspection/7b7a38a8-7a5d-4af7-935e-976d2b511f2e_1000.jpg!m_fill,w_280,h_210,f_jpg?from=ke.com
20241030,朝阳,常营,101125168653,朝阳区东五环叠拼别墅 独门独院 私家电梯,1660万,96143元/平,中楼层 (共6层) 4室1厅 | 172.66平米 | 南 北,https://ke-image.ljcdn.com/110000-inspection/pc1_c4T5Yr8ZJ_1.jpg!m_fill,w_280,h_210,f_jpg?from=ke.com
20241030,朝阳,常营,101125140693,南北通透三卧朝南人车分流整体落地窗观景房。,860万,52700元/平,中楼层 (共18层) | 2008年 | 3室2厅 | 163.19平米 | 南 北,https://ke-image.ljcdn.com/110000-inspection/ef248fb1-f39f-4d23-bc06-02f66fb3b601_1000.jpg!m_fill,w_280,h_210,f_jpg?from=ke.com
20241030,朝阳,常营,101125123681,房子是70年住宅全地下室只能全款近地铁,68万,32061元/平,地下室 (共10层) | 2007年 | 1室0厅 | 21.21平米 | 东,https://ke-image.ljcdn.com/110000-inspection/c16c2db1-ae64-4874-bfd6-7d6af5db1bc9_1000.jpg!m_fill,w_280,h_210,f_jpg?from=ke.com
20241030,朝阳,常营,101125072650,满五年唯一购房只有契税；精装可拎包入住；高楼层,196万,41117元/平,顶层 (共6层) | 2006年 | 1室1厅 | 47.67平米 | 西,https://ke-image.ljcdn.com/110000-inspection/457f313e-2326-4f56-8828-a93110313016_1000.jpg!m_fill,w_280,h_210,f_jpg?from=ke.com
20241030,朝阳,常营,101125047749,北京新天地四期南向两居室中间位置前后不临街,510万,55586元/平,低楼层 (共28层) | 2009年 | 2室1厅 | 91.75平米 | 南,https://ke-image.ljcdn.com/110000-inspection/pc1_8lxI1Twn7.jpg!m_fill,w_280,h_210,f_jpg?from=ke.com
20241030,朝阳,常营,101125029951,管庄常营新天地五期西南两居室看房方便。,415万,45903元/平,底层 (共28层) | 2011年 | 2室1厅 | 90.41平米 | 西南,https://ke-image.ljcdn.com/110000-inspection/0fb3dba4-83c7-4c61-a9cd-675e60116711_1000.jpg!m_fill,w_280,h_210,f_jpg?from=ke.com
20241030,朝阳,常营,101124936798,新天地五期满二年南北通透三居。中楼层视野无遮,780万,55695元/平,低楼层 (共27层) | 2011年 | 3室2厅 | 140.05平米 | 南 北,https://ke-image.ljcdn.com/110000-inspection/e9d85cc7-a45f-4c1f-ae24-3ae199c9afe0_1000.jpg!m_fill,w_280,h_210,f_jpg?from=ke.com
20241030,朝阳,常营,101124861407,鑫兆佳园、阅读莱茵  地铁精装小二居采光好视野好,329万,45386元/平,高楼层 (共21层) | 2005年 | 2室1厅 | 72.49平米 | 西北,https://ke-image.ljcdn.com/110000-inspection/c6a6f58b-37a8-4cd7-bbcd-ddf4ea563b27_1000.jpg!m_fill,w_280,h_210,f_jpg?from=ke.com
20241030,朝阳,常营,101124830815,六号线 常营商品房南向一居室 总价合适 配套齐全,280万,50180元/平,高楼层 (共27层) | 2010年 | 1室1厅 | 55.8平米 | 南,https://ke-image.ljcdn.com/110000-inspection/e1ff6541-c8e4-4606-a856-1e365964d3a3_1000.jpg!m_fill,w_280,h_210,f_jpg?from=ke.com
20241030,朝阳,常营,101124726428,柏林爱乐一期三阳面板楼三居室诚意出售,799万,52360元/平,中楼层 (共8层) 3室2厅 | 152.6平米 | 南 北,https://ke-image.ljcdn.com/110000-inspection/pc1_YeubLlOOC.jpg!m_fill,w_280,h_210,f_jpg?from=ke.com
20241030,朝阳,常营,101124675979,满五年唯一适合贷款南北通透户型好。板楼一梯两,479万,48103元/平,底层 (共6层) 2室2厅 | 99.58平米 | 南 北,https://ke-image.ljcdn.com/110000-inspection/b17a8204-f45d-4087-86f9-d31c136c4392_1000.jpg!m_fill,w_280,h_210,f_jpg?from=ke.com
20241030,朝阳,常营,101124663752,苹果派南北通透复式满五年唯一高楼层小区中间,658万,46247元/平,高楼层 (共12层) | 2007年 | 3室3厅 | 142.28平米 | 南 北,https://ke-image.ljcdn.com/110000-inspection/79797f2e-4fcf-44ab-b7ca-1516b5c92055_1000.jpg!m_fill,w_280,h_210,f_jpg?from=ke.com
20241030,朝阳,常营,101124641553,柏林爱乐四期 1室1厅 西房主自荐,375万,55896元/平,中楼层 (共11层) | 2008年 | 1室1厅 | 67.09平米 | 西,https://ke-image.ljcdn.com/110000-inspection/2cd9c636-78a5-4f26-bd34-4aff78c677f6_1000.jpg!m_fill,w_280,h_210,f_jpg?from=ke.com
20241030,朝阳,常营,101124596079,6号线常营北京新天地五期户型方正不临街正对花园,315万,51606元/平,低楼层 (共28层) 1室1厅 | 61.04平米 | 北,https://ke-image.ljcdn.com/110000-inspection/pc1_3YnnrZSvt.jpg!m_fill,w_280,h_210,f_jpg?from=ke.com
20241030,朝阳,常营,101124596032,店长：常营新天地东北一居室6/1八通线地铁,330万,49042元/平,顶层 (共15层) 1室1厅 | 67.29平米 | 北,https://ke-image.ljcdn.com/110000-inspection/fe5aa7af-d992-4922-90ec-823dcd37d8e8_1000.jpg!m_fill,w_280,h_210,f_jpg?from=ke.com
20241030,朝阳,常营,101124547423,荟康苑 4室2厅 南 北,389万,38424元/平,高楼层 (共7层) 4室2厅 | 101.24平米 | 南 北,https://ke-image.ljcdn.com/110000-inspection/pc1_yh4OtKmzp.jpg!m_fill,w_280,h_210,f_jpg?from=ke.com
20241030,朝阳,常营,101124505210,柏林爱乐二期 纯南向两居采光通风好。,505万,56998元/平,高楼层 (共24层) | 2007年 | 2室1厅 | 88.6平米 | 南,https://ke-image.ljcdn.com/110000-inspection/066529e5-f524-4d44-9d96-b76cabd3339a_1000.jpg!m_fill,w_280,h_210,f_jpg?from=ke.com
20241030,朝阳,常营,101124484867,常楹公元离天街商场近离地铁近楼龄新,590万,67622元/平,底层 (共27层) 2室1厅 | 87.25平米 | 南,https://ke-image.ljcdn.com/110000-inspection/pc1_JGzQ14iXE.jpg!m_fill,w_280,h_210,f_jpg?from=ke.com
20241030,朝阳,常营,101124430181,经典一居小户型 满五唯一诚心出售 高层视野开阔,279万,53799元/平,高楼层 (共20层) | 2009年 | 1室0厅 | 51.86平米 | 北,https://ke-image.ljcdn.com/110000-inspection/pc1_zqtwYqIGH_2.jpg!m_fill,w_280,h_210,f_jpg?from=ke.com
20241030,朝阳,常营,101124429406,北京新天地四期 南向一居室 户型方正 随时签约房主自荐,209万,51213元/平,底层 (共26层) 1室1厅 | 40.81平米 | 南,https://ke-image.ljcdn.com/110000-inspection/pc1_HNA2pKb87.jpg!m_fill,w_280,h_210,f_jpg?from=ke.com
20241030,朝阳,常营,101124298030,六号线草房站 龙湖天街 常营体育公园 朝阳医院东院房主自荐,230万,31932元/平,低楼层 (共21层) | 2010年 | 2室1厅 | 72.03平米 | 东 南,https://ke-image.ljcdn.com/110000-inspection/ceb4692a-273b-46ef-825b-8abf474d529d_1000.jpg!m_fill,w_280,h_210,f_jpg?from=ke.com
20241030,朝阳,常营,101124261193,西南三居室 客厅正对花园 楼下水系小亭 不临街,650万,53279元/平,高楼层 (共28层) | 2008年 | 3室1厅 | 122平米 | 西南,https://ke-image.ljcdn.com/110000-inspection/pc1_Osd4o73RS_1.jpg!m_fill,w_280,h_210,f_jpg?from=ke.com
20241030,朝阳,常营,101124199255,柏林爱乐二期 车位,15万,10998元/平,地下室 (共1层) 1室0厅 | 13.64平米 | 南,https://ke-image.ljcdn.com/110000-inspection/pc1_preNtjKF9.jpg!m_fill,w_280,h_210,f_jpg?from=ke.com
20241030,朝阳,常营,101124183338,北京新天地四期高层西南两居不临街,479万,52771元/平,中楼层 (共28层) | 2009年 | 2室1厅 | 90.77平米 | 西南,https://ke-image.ljcdn.com/110000-inspection/pc1_FNlbBS6M4_1.jpg!m_fill,w_280,h_210,f_jpg?from=ke.com
20241030,朝阳,常营,101124163504,常营南路45号院南向两居户型好,330万,47272元/平,中楼层 (共28层) | 2013年 | 2室1厅 | 69.81平米 | 南,https://ke-image.ljcdn.com/110000-inspection/02c0ca65-14a1-4ffa-b871-147a7b294145_1000.jpg!m_fill,w_280,h_210,f_jpg?from=ke.com
20241030,朝阳,常营,101124095253,边户三居 一楼无遮挡 南北通透 满五唯一 诚售房主自荐,925万,68211元/平,底层 (共6层) | 2004年 | 3室2厅 | 135.61平米 | 南 北,https://ke-image.ljcdn.com/110000-inspection/9b4340f9-2162-40cd-8f98-6b2fda1ccb3d_1000.jpg!m_fill,w_280,h_210,f_jpg?from=ke.com
20241030,朝阳,常营,101124090002,天际高尔夫花园  一梯一户 平层四居室  诚意出售,1180万,52227元/平,中楼层 (共15层) 4室2厅 | 225.94平米 | 南 北 西,https://ke-image.ljcdn.com/110000-inspection/7aca8510-f958-48ad-95d6-7c71109499f0_1000.jpg!m_fill,w_280,h_210,f_jpg?from=ke.com
20241030,朝阳,常营,101124076402,管庄常营西南两居室满五唯一视野好。,525万,57190元/平,高楼层 (共28层) | 2009年 | 2室2厅 | 91.8平米 | 西南,https://ke-image.ljcdn.com/110000-inspection/pc1_OnZp6WPgN_3.jpg!m_fill,w_280,h_210,f_jpg?from=ke.com
20241030,朝阳,常营,101124040532,常楹公元 南北通透三居 业主诚心出售,968万,79098元/平,低楼层 (共27层) 3室1厅 | 122.38平米 | 南 北,https://ke-image.ljcdn.com/110000-inspection/pc1_b5BbBr20V.jpg!m_fill,w_280,h_210,f_jpg?from=ke.com
20241030,朝阳,常营,101124006777,北京新天地四期不临街北向 精装修,315万,60741元/平,中楼层 (共20层) | 2009年 | 1室1厅 | 51.86平米 | 北,https://ke-image.ljcdn.com/110000-inspection/pc1_HakFtJiUP.jpg!m_fill,w_280,h_210,f_jpg?from=ke.com
20241030,朝阳,常营,101124000254,【店长维护】低楼层南北通透一居  采光好,229万,45509元/平,底层 (共7层) 1室1厅 | 50.32平米 | 南 北,https://ke-image.ljcdn.com/110000-inspection/pc1_Vt9igzsgg.jpg!m_fill,w_280,h_210,f_jpg?from=ke.com
20241030,朝阳,常营,101123999394,北京新天地三期 临街底商 位置好 Loft 随时看,699万,43239元/平,底层 (共28层) | 2009年 | 3室2厅 | 161.66平米 | 西南,https://ke-image.ljcdn.com/110000-inspection/pc1_kY2Z4MdU9.jpg!m_fill,w_280,h_210,f_jpg?from=ke.com
20241030,朝阳,常营,101123978389,金隅丽景园 1室1厅 南房主自荐,259万,56712元/平,高楼层 (共28层) | 2009年 | 1室1厅 | 45.67平米 | 南,https://ke-image.ljcdn.com/110000-inspection/pc1_kfsVj1BPN_1.jpg!m_fill,w_280,h_210,f_jpg?from=ke.com
20241030,朝阳,常营,101123968079,常楹公元南北三居视野开阔采光充足！,925万,74821元/平,顶层 (共26层) 3室1厅 | 123.63平米 | 南 北,https://ke-image.ljcdn.com/110000-inspection/1fa16ae2-2756-4225-ae1a-de39341fb54c_1000.jpg!m_fill,w_280,h_210,f_jpg?from=ke.com
20241030,朝阳,常营,101123889072,首付120万 南北通透带电梯小高层 一号线22号线管庄,370万,42736元/平,低楼层 (共11层) 2室1厅 | 86.58平米 | 南 北,https://ke-image.ljcdn.com/110000-inspection/pc1_eQ5Wac6Kc.jpg!m_fill,w_280,h_210,f_jpg?from=ke.com
20241030,朝阳,常营,101123883760,两梯两户满五唯一商品房首套首付60万,305万,45462元/平,低楼层 (共28层) | 2009年 | 1室1厅 | 67.09平米 | 东北,https://ke-image.ljcdn.com/110000-inspection/pc1_yprlxDTyk.jpg!m_fill,w_280,h_210,f_jpg?from=ke.com
20241030,朝阳,常营,101123845784,2013年的房子 中间位置不临街 满五唯一 接受换房周期,539万,54128元/平,高楼层 (共28层) 2室1厅 | 99.58平米 | 西南,https://ke-image.ljcdn.com/110000-inspection/2c9eeb4b-7b68-4a7d-9c0a-18cba47e8f00_1000.jpg!m_fill,w_280,h_210,f_jpg?from=ke.com
20241030,朝阳,常营,101123766067,满五唯一 大复式 户型好 落地窗,565万,36542元/平,顶层 (共6层) 4室1厅 | 154.62平米 | 南 北,https://ke-image.ljcdn.com/110000-inspection/pc1_oGXMk8pkW.jpg!m_fill,w_280,h_210,f_jpg?from=ke.com
20241030,朝阳,常营,101123702848,柏林爱乐二期 采光好 无遮挡 业主自住 朝南正规两居房主自荐,512万,49374元/平,低楼层 (共21层) 2室1厅 | 103.7平米 | 南,https://ke-image.ljcdn.com/110000-inspection/60e6250d-0bbd-4387-ba7a-2815a67959a0_1000.jpg!m_fill,w_280,h_210,f_jpg?from=ke.com
20241030,朝阳,常营,101123702314,柏林爱乐二期 1室0厅 北 南,370万,62290元/平,底层 (共7层) | 2004年 | 1室0厅 | 59.4平米 | 北 南,https://ke-image.ljcdn.com/110000-inspection/f7f59132-7b53-46bf-b4e1-45cd2fc4d6e3_1000.jpg!m_fill,w_280,h_210,f_jpg?from=ke.com
20241030,朝阳,常营,101123682218,首开畅心园  南向一居室  不临街,225万,44187元/平,中楼层 (共29层) | 2010年 | 1室1厅 | 50.92平米 | 南,https://ke-image.ljcdn.com/110000-inspection/4c6ac522-65a9-407f-b536-db29febe2268_1000.jpg!m_fill,w_280,h_210,f_jpg?from=ke.com
20241030,朝阳,常营,101123632528,馨岛苑    带电梯  满五年唯一商品房   有钥匙随时看,485万,39177元/平,中楼层 (共11层) 3室1厅 | 123.8平米 | 南 北,https://ke-image.ljcdn.com/110000-inspection/pc1_sJJXU3iBJ_1.jpg!m_fill,w_280,h_210,f_jpg?from=ke.com
20241030,朝阳,常营,101123597295,柏林爱乐 东西通透 满五唯一 诚意出售,369万,51508元/平,高楼层 (共11层) | 2007年 | 1室1厅 | 71.64平米 | 东 西,https://ke-image.ljcdn.com/110000-inspection/dab0dbc4-0757-42cf-8f34-65420ca31543_1000.jpg!m_fill,w_280,h_210,f_jpg?from=ke.com
20241030,朝阳,常营,101123547218,万方家园  全南向  看房随时,325万,46810元/平,高楼层 (共6层) 1室1厅 | 69.43平米 | 南,https://ke-image.ljcdn.com/110000-inspection/pc1_jcLz5M5Ts.jpg!m_fill,w_280,h_210,f_jpg?from=ke.com
20241030,朝阳,常营,101123527399,总监推荐！！ 丽景园满五唯一,270万,40149元/平,中楼层 (共28层) | 2009年 | 2室1厅 | 67.25平米 | 南 北,https://ke-image.ljcdn.com/110000-inspection/7ac227a7-63e9-41d2-890e-9d81791f4bad_1000.jpg!m_fill,w_280,h_210,f_jpg?from=ke.com
20241030,朝阳,常营,101123487690,北京新天地五期 满五年唯一 精装修 看房方便,369万,60245元/平,底层 (共27层) | 2013年 | 1室1厅 | 61.25平米 | 东,https://ke-image.ljcdn.com/110000-inspection/pc1_wl74zWQbI.jpg!m_fill,w_280,h_210,f_jpg?from=ke.com
20241030,朝阳,常营,101123453315,北京新天地五期 正对五期花园 无遮挡,392万,56420元/平,中楼层 (共27层) 1室1厅 | 69.48平米 | 东北,https://ke-image.ljcdn.com/110000-inspection/042bc772-ca21-48f6-bdbf-212934f9f65f_1000.jpg!m_fill,w_280,h_210,f_jpg?from=ke.com
20241030,朝阳,常营,101123385210,和锦薇棠叠拼别墅私家电梯入户有花园独门独院,2350万,82361元/平,底层 (共6层) | 2020年 | 4室2厅 | 285.33平米 | 南 北,https://ke-image.ljcdn.com/110000-inspection/e9fb1cf3-992e-4c67-bb14-e5430e03a52c_1000.jpg!m_fill,w_280,h_210,f_jpg?from=ke.com
20241030,朝阳,常营,101123341392,万象新天二区 3室2厅 南 北,998万,73801元/平,底层 (共6层) | 2004年 | 3室2厅 | 135.23平米 | 南 北,https://ke-image.ljcdn.com/110000-inspection/f385074d-1d75-4a0e-9257-ecae854b7053_1000.jpg!m_fill,w_280,h_210,f_jpg?from=ke.com
20241030,朝阳,常营,101123302489,住欣家园 2室1厅 西南,318万,46765元/平,低楼层 (共28层) | 2010年 | 2室1厅 | 68平米 | 西南,https://ke-image.ljcdn.com/110000-inspection/68c1824e-41a1-4a85-aa53-8cf17640ed65_1000.jpg!m_fill,w_280,h_210,f_jpg?from=ke.com
20241030,朝阳,常营,101123157895,住欣家园 2室1厅 西,225万,32002元/平,低楼层 (共21层) | 2010年 | 2室1厅 | 70.31平米 | 西,https://ke-image.ljcdn.com/110000-inspection/28b9cc65-c5c6-4d9e-927d-b6d18a896563_1000.jpg!m_fill,w_280,h_210,f_jpg?from=ke.com
20241030,朝阳,常营,101123077216,六号线草房站 龙湖天街 常营体育公园 朝阳医院东院,290万,41793元/平,中楼层 (共28层) | 2009年 | 2室1厅 | 69.39平米 | 南 西,https://ke-image.ljcdn.com/110000-inspection/d08f8c5c-07d8-470f-924c-897d8d855336_1000.jpg!m_fill,w_280,h_210,f_jpg?from=ke.com
20241030,朝阳,常营,101123003845,和锦微棠上叠户型 精装修可拎包入住 商圈成熟 配套全,1920万,105733元/平,高楼层 (共6层) 4室3厅 | 181.59平米 | 南 北,https://ke-image.ljcdn.com/110000-inspection/pc1_MLJ3lS5OF.jpg!m_fill,w_280,h_210,f_jpg?from=ke.com
20241030,朝阳,常营,101122998154,地铁1号线 22 号线 北京新天地三期 精致装修 落地窗,348万,56275元/平,中楼层 (共28层) | 2009年 | 1室1厅 | 61.84平米 | 北,https://ke-image.ljcdn.com/110000-inspection/pc1_DYoaqODLy.jpg!m_fill,w_280,h_210,f_jpg?from=ke.com
20241030,朝阳,常营,101122988799,地铁6号线200米21年交房百年精工品质新风地暖中央空调,1288万,92676元/平,中楼层 (共18层) 3室2厅 | 138.98平米 | 南 北,https://ke-image.ljcdn.com/110000-inspection/9fb3857c-f65e-4e95-acd2-0771902ada58_1000.jpg!m_fill,w_280,h_210,f_jpg?from=ke.com
20241030,朝阳,常营,101122987500,北辰福第南区 商品房报价 满五唯一 着急卖看房方便！,460万,54484元/平,高楼层 (共16层) 2室1厅 | 84.43平米 | 南 北,https://ke-image.ljcdn.com/110000-inspection/a146b18e-c2fc-4371-90e6-ab98df90f53c_1000.jpg!m_fill,w_280,h_210,f_jpg?from=ke.com
20241030,朝阳,常营,101122880611,总监推荐优点社区刚需两居满五唯一中间楼层,345万,43994元/平,中楼层 (共6层) 2室1厅 | 78.42平米 | 东 西,https://ke-image.ljcdn.com/110000-inspection/pc1_7ohFLlKh1.jpg!m_fill,w_280,h_210,f_jpg?from=ke.com
20241030,朝阳,常营,101122879305,南北通透两居室低楼层无遮挡,510万,54552元/平,底层 (共6层) | 2006年 | 2室1厅 | 93.49平米 | 南 北,https://ke-image.ljcdn.com/110000-inspection/6ea36d68-7533-42b2-9a99-c2ca8c8c0825_1000.jpg!m_fill,w_280,h_210,f_jpg?from=ke.com
20241030,朝阳,常营,101122851097,叠拼别墅有花园私家地库私家电梯配套齐全,1350万,76575元/平,中楼层 (共6层) | 2020年 | 4室1厅 | 176.3平米 | 南 北,https://ke-image.ljcdn.com/110000-inspection/pc1_JEe9PJJzD.jpg!m_fill,w_280,h_210,f_jpg?from=ke.com
20241030,朝阳,常营,101122828452,叠拼别墅私家电梯私家车位独门独户,1426万,80885元/平,中楼层 (共6层) | 2020年 | 4室1厅 | 176.3平米 | 南 北,https://ke-image.ljcdn.com/110000-inspection/pc1_4Q6RHFyyh.jpg!m_fill,w_280,h_210,f_jpg?from=ke.com
20241030,朝阳,常营,101122828337,和锦薇棠 城中墅 是私家电梯保利自持的物业,1850万,104027元/平,高楼层 (共6层) 4室2厅 | 177.84平米 | 南 北,https://ke-image.ljcdn.com/110000-inspection/833fa18f-5792-47f0-85f0-7186e720ea97_1000.jpg!m_fill,w_280,h_210,f_jpg?from=ke.com
20241030,朝阳,常营,101122690880,朝阳区东五环叠拼别墅 独门独院 私家电梯,1562万,85444元/平,中楼层 (共6层) 4室2厅 | 182.81平米 | 南 北,https://ke-image.ljcdn.com/110000-inspection/pc1_KLMM1Ljph.jpg!m_fill,w_280,h_210,f_jpg?from=ke.com
20241030,朝阳,常营,101121981760,北京新天地一期 西南北两居 中间层,465万,49254元/平,中楼层 (共28层) | 2007年 | 2室1厅 | 94.41平米 | 西南 北,https://ke-image.ljcdn.com/110000-inspection/31689483-aa23-4f25-98a3-f965e670bb30_1000.jpg!m_fill,w_280,h_210,f_jpg?from=ke.com
20241030,朝阳,常营,101121932995,北京新天地五期 3室1厅 东南,649万,52096元/平,顶层 (共27层) | 2010年 | 3室1厅 | 124.58平米 | 东南,https://ke-image.ljcdn.com/110000-inspection/pc1_Ng0OT1ap6_1.jpg!m_fill,w_280,h_210,f_jpg?from=ke.com
20241030,朝阳,常营,101121563360,柏林爱乐二期 高楼层三居 采光视野好,690万,44710元/平,中楼层 (共19层) | 2004年 | 3室2厅 | 154.33平米 | 南 西 北,https://ke-image.ljcdn.com/110000-inspection/pc1_2saE9KG8p.jpg!m_fill,w_280,h_210,f_jpg?from=ke.com
20241030,朝阳,常营,101121487057,荟康苑 3室1厅 南 北,429万,52977元/平,中楼层 (共7层) 3室1厅 | 80.98平米 | 南 北,https://ke-image.ljcdn.com/110000-inspection/pc1_DBwExAsgn_1.jpg!m_fill,w_280,h_210,f_jpg?from=ke.com
20241030,朝阳,常营,101121470260,装修精美可以拎包入住户型方正无遮挡业主诚意出售房主自荐,309万,51100元/平,低楼层 (共28层) | 2008年 | 1室1厅 | 60.47平米 | 北,https://ke-image.ljcdn.com/110000-inspection/e1696bbb-9f64-47b9-a5b4-79ae61fbc937_1000.jpg!m_fill,w_280,h_210,f_jpg?from=ke.com
20241030,朝阳,常营,101121278813,柏林爱乐二期新上一居中间位置视野采光好,305万,52678元/平,低楼层 (共21层) | 2005年 | 1室1厅 | 57.9平米 | 西北,https://ke-image.ljcdn.com/110000-inspection/pc1_Z3CcUd5r4_1.jpg!m_fill,w_280,h_210,f_jpg?from=ke.com
20241030,朝阳,常营,101121028450,顶层复式精装自己住保持的好看房方便房主自荐,520万,50208元/平,高楼层 (共7层) 3室2厅 | 103.57平米 | 南 北,https://ke-image.ljcdn.com/110000-inspection/1af9c63a-6cda-410c-a21e-ed71c1327985_1000.jpg!m_fill,w_280,h_210,f_jpg?from=ke.com
20241030,朝阳,常营,101120987709,住欣家园东南两居室业主坐等签约诚心出售 精装修,216万,30535元/平,底层 (共26层) | 2010年 | 2室1厅 | 70.74平米 | 东南,https://ke-image.ljcdn.com/110000-inspection/a08e6161-d375-4de8-bd55-fe293a8597ea_1000.jpg!m_fill,w_280,h_210,f_jpg?from=ke.com
20241030,朝阳,常营,101117409415,和锦薇棠 5室1厅 南 北,2150万,120896元/平,高楼层 (共6层) 5室1厅 | 177.84平米 | 南 北,https://ke-image.ljcdn.com/110000-inspection/pc1_J9Pcfqpl4_1.jpg!m_fill,w_280,h_210,f_jpg?from=ke.com
20241030,朝阳,常营,101127329135,北京新天地三期 1室1厅 北新上,365万,55692元/平,中楼层 (共28层) | 2009年 | 1室1厅 | 65.54平米 | 北,https://s1.ljcdn.com/pegasus/redskull/images/common/default_house_list.png?_v=202410161653269
20241030,朝阳,常营,101127327459,苹果派 南北通透三居室 户型方正 采光好 看房方便新上,550万,48742元/平,低楼层 (共11层) 3室1厅 | 112.84平米 | 南 北,https://s1.ljcdn.com/pegasus/redskull/images/common/default_house_list.png?_v=202410161653269
20241030,朝阳,常营,101127314738,北京像素北区 2室1厅 西南 东北新上,160万,28219元/平,顶层 (共14层) | 2011年 | 2室1厅 | 56.7平米 | 西南 东北,https://s1.ljcdn.com/pegasus/redskull/images/common/default_house_list.png?_v=202410161653269
20241030,朝阳,常营,101127312756,柏林爱乐二期 2室1厅 南新上,565万,50465元/平,中楼层 (共22层) | 2007年 | 2室1厅 | 111.96平米 | 南,https://s1.ljcdn.com/pegasus/redskull/images/common/default_house_list.png?_v=202410161653269
20241030,朝阳,常营,101127288348,常楹公元自由派 1室0厅 北新上,140万,24588元/平,高楼层 (共23层) | 2016年 | 1室0厅 | 56.94平米 | 北,https://s1.ljcdn.com/pegasus/redskull/images/common/default_house_list.png?_v=202410161653269
20241030,朝阳,常营,101127264357,富力阳光美园   高楼层 采光好新上,460万,51744元/平,高楼层 (共26层) | 2010年 | 2室1厅 | 88.9平米 | 南 北,https://s1.ljcdn.com/pegasus/redskull/images/common/default_house_list.png?_v=202410161653269
20241030,朝阳,常营,101127257696,北京新天地房子满5唯一南北通透户型格局好新上,780万,51718元/平,高楼层 (共27层) 3室1厅 | 150.82平米 | 南 北,https://s1.ljcdn.com/pegasus/redskull/images/common/default_house_list.png?_v=202410161653269
20241030,朝阳,常营,101127242967,常楹公元自由派 1室0厅 南新上,101万,27626元/平,低楼层 (共23层) | 2016年 | 1室0厅 | 36.56平米 | 南,https://s1.ljcdn.com/pegasus/redskull/images/common/default_house_list.png?_v=202410161653269
20241030,朝阳,常营,101127239963,北京新天地五期 1室2厅 南新上,375万,50876元/平,中楼层 (共27层) 1室2厅 | 73.71平米 | 南,https://s1.ljcdn.com/pegasus/redskull/images/common/default_house_list.png?_v=202410161653269
20241030,朝阳,常营,101127231039,富力阳光美园离天街商场近 离常营地铁近 楼龄新新上,450万,50619元/平,中楼层 (共26层) | 2010年 | 2室1厅 | 88.9平米 | 南 北,https://s1.ljcdn.com/pegasus/redskull/images/common/default_house_list.png?_v=202410161653269
20241030,朝阳,常营,101127199312,北京新天地五期 3室1厅 东南,640万,51373元/平,低楼层 (共27层) 3室1厅 | 124.58平米 | 东南,https://s1.ljcdn.com/pegasus/redskull/images/common/default_house_list.png?_v=202410161653269
20241030,朝阳,常营,101127179665,北京像素南区 2室1厅 北房主自荐,170万,33165元/平,中楼层 (共16层) 2室1厅 | 51.26平米 | 北,https://s1.ljcdn.com/pegasus/redskull/images/common/default_house_list.png?_v=202410161653269
20241030,朝阳,常营,101127167578,富力阳光美园南北通透全明格局两居室 高层好视野,450万,51044元/平,高楼层 (共20层) | 2010年 | 2室1厅 | 88.16平米 | 南 北,https://s1.ljcdn.com/pegasus/redskull/images/common/default_house_list.png?_v=202410161653269
20241030,朝阳,常营,101127165830,天际高尔夫 满五唯一 南北通透一梯两户使用率高,770万,58202元/平,底层 (共8层) | 2008年 | 3室2厅 | 132.3平米 | 南 北,https://s1.ljcdn.com/pegasus/redskull/images/common/default_house_list.png?_v=202410161653269
20241030,朝阳,常营,101127164952,常楹公元自由派,99万,26464元/平,中楼层 (共23层) 1室0厅 | 37.41平米 | 西北,https://s1.ljcdn.com/pegasus/redskull/images/common/default_house_list.png?_v=202410161653269
20241030,朝阳,常营,101127154973,北京新天地五期 3室2厅 南 北,810万,51169元/平,高楼层 (共27层) 3室2厅 | 158.3平米 | 南 北,https://s1.ljcdn.com/pegasus/redskull/images/common/default_house_list.png?_v=202410161653269
20241030,朝阳,常营,101127144377,首开东都汇 2室2厅 南,220万,34921元/平,中楼层 (共14层) | 2011年 | 2室2厅 | 63平米 | 南,https://s1.ljcdn.com/pegasus/redskull/images/common/default_house_list.png?_v=202410161653269
20241030,朝阳,常营,101127140573,北京像素北区5.48米层高高楼层采光视野好,180万,31142元/平,高楼层 (共14层) | 2011年 | 2室1厅 | 57.8平米 | 西南 东北,https://s1.ljcdn.com/pegasus/redskull/images/common/default_house_list.png?_v=202410161653269
20241030,朝阳,常营,101127139926,常楹公元自由派 精装修 高品质 近地铁,96万,25745元/平,中楼层 (共23层) | 2016年 | 1室0厅 | 37.29平米 | 东,https://s1.ljcdn.com/pegasus/redskull/images/common/default_house_list.png?_v=202410161653269
20241030,朝阳,常营,101127138354,北辰福第中区 南北通透三居室 业主诚意出售,370万,42563元/平,底层 (共27层) | 2010年 | 3室2厅 | 86.93平米 | 南 西 北,https://s1.ljcdn.com/pegasus/redskull/images/common/default_house_list.png?_v=202410161653269
20241030,朝阳,常营,101127130434,北京像素北区 2室1厅 北,110万,26693元/平,中楼层 (共17层) | 2011年 | 2室1厅 | 41.21平米 | 北,https://s1.ljcdn.com/pegasus/redskull/images/common/default_house_list.png?_v=202410161653269
20241030,朝阳,常营,101127129570,柏林爱乐二期 2室2厅 南 北,542万,52601元/平,中楼层 (共9层) 2室2厅 | 103.04平米 | 南 北,https://s1.ljcdn.com/pegasus/redskull/images/common/default_house_list.png?_v=202410161653269
20241030,朝阳,常营,101127115868,西向高楼层  视野宽阔采光好 高品质业主诚心出售,91万,24404元/平,高楼层 (共23层) | 2016年 | 1室0厅 | 37.29平米 | 西,https://s1.ljcdn.com/pegasus/redskull/images/common/default_house_list.png?_v=202410161653269
20241030,朝阳,常营,101127094579,柏林爱乐一期 1室1厅 西,342万,61324元/平,底层 (共11层) | 2002年 | 1室1厅 | 55.77平米 | 西,https://s1.ljcdn.com/pegasus/redskull/images/common/default_house_list.png?_v=202410161653269
20241030,朝阳,常营,101127087948,北京新天地二期小区中间位置位置安静,500万,49194元/平,低楼层 (共28层) | 2008年 | 2室1厅 | 101.64平米 | 南,https://s1.ljcdn.com/pegasus/redskull/images/common/default_house_list.png?_v=202410161653269
20241030,朝阳,常营,101127069154,北京像素北区5.48米层高中间楼层装修不错,180万,31819元/平,中楼层 (共14层) | 2011年 | 2室1厅 | 56.57平米 | 西南,https://s1.ljcdn.com/pegasus/redskull/images/common/default_house_list.png?_v=202410161653269
20241030,朝阳,常营,101127064162,大飘窗两居 户型好 采光好 诚意出售！,498万,49195元/平,低楼层 (共28层) | 2008年 | 2室1厅 | 101.23平米 | 东南,https://s1.ljcdn.com/pegasus/redskull/images/common/default_house_list.png?_v=202410161653269
20241030,朝阳,常营,101127063753,北京像素南区高楼层西南朝向采光好户型方正,165万,29491元/平,中楼层 (共16层) | 2011年 | 2室1厅 | 55.95平米 | 西南,https://s1.ljcdn.com/pegasus/redskull/images/common/default_house_list.png?_v=202410161653269
20241030,朝阳,常营,101127061205,天际高尔夫大三居价格低采光好诚心卖,780万,48946元/平,低楼层 (共19层) | 2009年 | 3室1厅 | 159.36平米 | 南 北,https://s1.ljcdn.com/pegasus/redskull/images/common/default_house_list.png?_v=202410161653269
20241030,朝阳,常营,101127052150,地铁6号线常营站 精装修 北向  高品质,91万,24932元/平,中楼层 (共23层) 1室0厅 | 36.5平米 | 北,https://s1.ljcdn.com/pegasus/redskull/images/common/default_house_list.png?_v=202410161653269
20241030,朝阳,常营,101127044551,北京新天地三期 3室1厅 南 北,750万,50242元/平,中楼层 (共28层) | 2008年 | 3室1厅 | 149.28平米 | 南 北,https://s1.ljcdn.com/pegasus/redskull/images/common/default_house_list.png?_v=202410161653269
20241030,朝阳,常营,101127027031,首开东都汇 5.4米层高 品质商办楼,170万,27865元/平,中楼层 (共14层) 2室1厅 | 61.01平米 | 北,https://s1.ljcdn.com/pegasus/redskull/images/common/default_house_list.png?_v=202410161653269
20241030,朝阳,常营,101127023348,柏林爱乐三期 独门独户 满五年唯一 高层无遮挡急售,465万,49374元/平,中楼层 (共15层) 2室1厅 | 94.18平米 | 南 北,https://s1.ljcdn.com/pegasus/redskull/images/common/default_house_list.png?_v=202410161653269
20241030,朝阳,常营,101127011699,店长常营龙湖天街新天地  西向一居室,269万,53184元/平,底层 (共27层) 1室1厅 | 50.58平米 | 西,https://s1.ljcdn.com/pegasus/redskull/images/common/default_house_list.png?_v=202410161653269
20241030,朝阳,常营,101127009037,首开畅心园 2室1厅 东南,300万,42308元/平,高楼层 (共29层) | 2010年 | 2室1厅 | 70.91平米 | 东南,https://s1.ljcdn.com/pegasus/redskull/images/common/default_house_list.png?_v=202410161653269
20241030,朝阳,常营,101126995157,北京像素南区 2室1厅 南,260万,38963元/平,高楼层 (共16层) 2室1厅 | 66.73平米 | 南,https://s1.ljcdn.com/pegasus/redskull/images/common/default_house_list.png?_v=202410161653269
20241030,朝阳,常营,101126980108,柏林爱乐二期29号楼下地库出售,13.8万,10657元/平,地下室 (共1层) 1室0厅 | 12.95平米 | 北,https://s1.ljcdn.com/pegasus/redskull/images/common/default_house_list.png?_v=202410161653269
20241030,朝阳,常营,101126970180,柏林爱乐二期 2室1厅 南,450万,44978元/平,中楼层 (共22层) 2室1厅 | 100.05平米 | 南,https://s1.ljcdn.com/pegasus/redskull/images/common/default_house_list.png?_v=202410161653269
20241030,朝阳,常营,101126951386,北京像素北区 2室1厅 南 北,190万,33010元/平,底层 (共14层) | 2011年 | 2室1厅 | 57.56平米 | 南 北,https://s1.ljcdn.com/pegasus/redskull/images/common/default_house_list.png?_v=202410161653269
20241030,朝阳,常营,101126919048,北京像素南区 2室1厅 东,170万,30831元/平,中楼层 (共16层) | 2011年 | 2室1厅 | 55.14平米 | 东,https://s1.ljcdn.com/pegasus/redskull/images/common/default_house_list.png?_v=202410161653269
20241030,朝阳,常营,101126900972,柏林爱乐四期 车位,17万,5721元/平,地下室 (共1层) 1室0厅 | 29.72平米 | 南,https://s1.ljcdn.com/pegasus/redskull/images/common/default_house_list.png?_v=202410161653269
20241030,朝阳,常营,101126866510,新上南向一居室 高楼层无遮挡 随时签约 诚心出售,170万,33831元/平,高楼层 (共21层) | 2010年 | 1室1厅 | 50.25平米 | 南,https://s1.ljcdn.com/pegasus/redskull/images/common/default_house_list.png?_v=202410161653269
20241030,朝阳,常营,101126846798,北京像素南区 1室1厅 北,145万,29953元/平,底层 (共16层) 1室1厅 | 48.41平米 | 北,https://s1.ljcdn.com/pegasus/redskull/images/common/default_house_list.png?_v=202410161653269
20241030,朝阳,常营,101126831522,万象新天四区 3室1厅 南 北,560万,44206元/平,顶层 (共5层) 3室1厅 | 126.68平米 | 南 北,https://s1.ljcdn.com/pegasus/redskull/images/common/default_house_list.png?_v=202410161653269
20241030,朝阳,常营,101126801181,北京新天地四期高层视野好无遮挡中间位置,330万,50031元/平,中楼层 (共26层) 1室1厅 | 65.96平米 | 西南,https://s1.ljcdn.com/pegasus/redskull/images/common/default_house_list.png?_v=202410161653269
20241030,朝阳,常营,101126777111,中高楼层正规南向一居卧室双窗户,335万,47344元/平,中楼层 (共11层) | 2010年 | 1室1厅 | 70.76平米 | 南,https://s1.ljcdn.com/pegasus/redskull/images/common/default_house_list.png?_v=202410161653269
20241030,朝阳,常营,101126746023,北京新天地一期  南北三居中间位置视野好,660万,47292元/平,高楼层 (共28层) 3室2厅 | 139.56平米 | 南 北,https://s1.ljcdn.com/pegasus/redskull/images/common/default_house_list.png?_v=202410161653269
20241030,朝阳,常营,101126726946,荟康苑 满五年唯一  新中式改造小区,389万,48037元/平,中楼层 (共7层) | 1997年 | 3室1厅 | 80.98平米 | 南 北,https://s1.ljcdn.com/pegasus/redskull/images/common/default_house_list.png?_v=202410161653269
20241030,朝阳,常营,101126723153,采光好 视野好 南北通透 老业主诚心卖房主自荐,399万,44958元/平,中楼层 (共29层) | 2010年 | 2室1厅 | 88.75平米 | 东 南 北,https://s1.ljcdn.com/pegasus/redskull/images/common/default_house_list.png?_v=202410161653269
20241030,朝阳,常营,101126710088,北京新天地四期 全南向两居室 高楼层 不临路房主自荐,465万,49776元/平,高楼层 (共26层) | 2009年 | 2室1厅 | 93.42平米 | 南,https://s1.ljcdn.com/pegasus/redskull/images/common/default_house_list.png?_v=202410161653269
20241030,朝阳,常营,101126687467,北京像素北区 3室1厅 南,189万,26579元/平,高楼层 (共17层) | 2011年 | 3室1厅 | 71.11平米 | 南,https://s1.ljcdn.com/pegasus/redskull/images/common/default_house_list.png?_v=202410161653269
20241030,朝阳,常营,101126678686,北京像素北区 2室1厅 东,123万,26670元/平,中楼层 (共17层) | 2011年 | 2室1厅 | 46.12平米 | 东,https://s1.ljcdn.com/pegasus/redskull/images/common/default_house_list.png?_v=202410161653269
20241030,朝阳,常营,101126628558,北京像素北区 2室1厅 东,126万,27303元/平,中楼层 (共17层) | 2011年 | 2室1厅 | 46.15平米 | 东,https://s1.ljcdn.com/pegasus/redskull/images/common/default_house_list.png?_v=202410161653269
20241030,朝阳,常营,101126558448,保利嘉园三号院西南向两居采光充足配套齐全,430万,48061元/平,低楼层 (共24层) | 2010年 | 2室1厅 | 89.47平米 | 西南,https://s1.ljcdn.com/pegasus/redskull/images/common/default_house_list.png?_v=202410161653269
20241030,朝阳,常营,101126544236,金隅丽景园 2室1厅 西,238万,35544元/平,高楼层 (共28层) | 2009年 | 2室1厅 | 66.96平米 | 西,https://s1.ljcdn.com/pegasus/redskull/images/common/default_house_list.png?_v=202410161653269
20241030,朝阳,常营,101126476238,北京像素北区 大户型 正南朝向,189万,26080元/平,底层 (共17层) | 2011年 | 2室1厅 | 72.47平米 | 南,https://s1.ljcdn.com/pegasus/redskull/images/common/default_house_list.png?_v=202410161653269
20241030,朝阳,常营,101126422829,常楹公元自由派精装修高楼层采光好,160万,28100元/平,高楼层 (共23层) | 2016年 | 1室0厅 | 56.94平米 | 南,https://s1.ljcdn.com/pegasus/redskull/images/common/default_house_list.png?_v=202410161653269
20241030,朝阳,常营,101126403549,保利嘉园一号院   西南北通透户型,410万,46198元/平,低楼层 (共29层) | 2010年 | 2室2厅 | 88.75平米 | 西南 北,https://s1.ljcdn.com/pegasus/redskull/images/common/default_house_list.png?_v=202410161653269
20241030,朝阳,常营,101126371812,柏林爱乐 南北通透 精装自住 价格可谈,349万,51643元/平,低楼层 (共15层) | 2008年 | 1室1厅 | 67.58平米 | 南 北,https://s1.ljcdn.com/pegasus/redskull/images/common/default_house_list.png?_v=202410161653269
20241030,朝阳,常营,101126364807,北京像素南区 2室1厅 南,220万,39697元/平,底层 (共16层) | 2012年 | 2室1厅 | 55.42平米 | 南,https://s1.ljcdn.com/pegasus/redskull/images/common/default_house_list.png?_v=202410161653269
20241030,朝阳,常营,101126350589,六号线 八通线 南北通透 常营 大两居 高楼层,480万,48796元/平,顶层 (共28层) 2室2厅 | 98.37平米 | 南 北,https://s1.ljcdn.com/pegasus/redskull/images/common/default_house_list.png?_v=202410161653269
20241030,朝阳,常营,101126298347,富力阳光美园 满五年唯一三居室户型方正,427万,48119元/平,底层 (共27层) | 2010年 | 3室1厅 | 88.74平米 | 西北,https://s1.ljcdn.com/pegasus/redskull/images/common/default_house_list.png?_v=202410161653269
20241030,朝阳,常营,101126293443,苹果派 1室0厅 南,50万,44965元/平,地下室 (共12层) | 2007年 | 1室0厅 | 11.12平米 | 南,https://s1.ljcdn.com/pegasus/redskull/images/common/default_house_list.png?_v=202410161653269
20241030,朝阳,常营,101126237976,南北户型满五年唯一业主诚意出售,560万,55961元/平,中楼层 (共28层) 2室1厅 | 100.07平米 | 北 南,https://s1.ljcdn.com/pegasus/redskull/images/common/default_house_list.png?_v=202410161653269
20241030,朝阳,常营,101126205488,福瑞四季 2室1厅 南,435万,51111元/平,高楼层 (共21层) 2室1厅 | 85.11平米 | 南,https://s1.ljcdn.com/pegasus/redskull/images/common/default_house_list.png?_v=202410161653269
20241030,朝阳,常营,101126036495,北京像素南区 2室1厅 北,135万,26633元/平,中楼层 (共16层) | 2011年 | 2室1厅 | 50.69平米 | 北,https://s1.ljcdn.com/pegasus/redskull/images/common/default_house_list.png?_v=202410161653269
20241030,朝阳,常营,101125932602,北京像素南区 2室1厅 南房主自荐,180万,32427元/平,中楼层 (共16层) | 2011年 | 2室1厅 | 55.51平米 | 南,https://s1.ljcdn.com/pegasus/redskull/images/common/default_house_list.png?_v=202410161653269
20241030,朝阳,常营,101125905491,北京像素南区 2室1厅 北,158万,31091元/平,顶层 (共16层) | 2011年 | 2室1厅 | 50.82平米 | 北,https://s1.ljcdn.com/pegasus/redskull/images/common/default_house_list.png?_v=202410161653269
20241030,朝阳,常营,101125831173,北京新天地五期方正一居室满两年诚心出售房主自荐,309万,50147元/平,中楼层 (共27层) 1室1厅 | 61.62平米 | 西,https://s1.ljcdn.com/pegasus/redskull/images/common/default_house_list.png?_v=202410161653269
20241030,朝阳,常营,101125828924,常楹公元自由派,94万,24634元/平,中楼层 (共23层) | 2016年 | 1室0厅 | 38.16平米 | 西北,https://s1.ljcdn.com/pegasus/redskull/images/common/default_house_list.png?_v=202410161653269
20241030,朝阳,常营,101125820058,常楹公元自由派近地铁周边龙湖天街常营体育公园,105万,28158元/平,中楼层 (共23层) | 2016年 | 1室0厅 | 37.29平米 | 西,https://s1.ljcdn.com/pegasus/redskull/images/common/default_house_list.png?_v=202410161653269
20241030,朝阳,常营,101125796307,上线6号 1室0厅 西,95万,20094元/平,低楼层 (共15层) | 2009年 | 1室0厅 | 47.28平米 | 西,https://s1.ljcdn.com/pegasus/redskull/images/common/default_house_list.png?_v=202410161653269
20241030,朝阳,常营,101125781252,北京像素北区 近地铁近商场近三甲医院,268万,67935元/平,中楼层 (共14层) | 2011年 | 3室1厅 | 39.45平米 | 西南,https://s1.ljcdn.com/pegasus/redskull/images/common/default_house_list.png?_v=202410161653269
20241030,朝阳,常营,101125553249,六号线常营 柏林爱乐 东向一居 正对花园 满五唯一,326万,48628元/平,中楼层 (共11层) | 2007年 | 1室1厅 | 67.04平米 | 东,https://s1.ljcdn.com/pegasus/redskull/images/common/default_house_list.png?_v=202410161653269
20241030,朝阳,常营,101125515673,朝阳区东五环外低密城市墅保利物业楼间距宽房主自荐,2850万,97720元/平,底层 (共6层) | 2020年 | 4室3厅 | 291.65平米 | 南 北,https://s1.ljcdn.com/pegasus/redskull/images/common/default_house_list.png?_v=202410161653269
20241030,朝阳,常营,101125514013,北京像素北区近地铁环境好。,113万,28005元/平,底层 (共13层) | 2011年 | 2室1厅 | 40.35平米 | 西北,https://s1.ljcdn.com/pegasus/redskull/images/common/default_house_list.png?_v=202410161653269
20241030,朝阳,常营,101125464216,常营新天地五期 明厨明卫 不临街 商场天街医院公园,460万,51663元/平,中楼层 (共27层) 2室1厅 | 89.04平米 | 西 西北,https://s1.ljcdn.com/pegasus/redskull/images/common/default_house_list.png?_v=202410161653269
20241030,朝阳,常营,101125435251,北京像素北区 2室1厅 西北,108万,26960元/平,底层 (共13层) | 2011年 | 2室1厅 | 40.06平米 | 西北,https://s1.ljcdn.com/pegasus/redskull/images/common/default_house_list.png?_v=202410161653269
20241030,朝阳,常营,101125396990,北京像素南区 中高楼层 视野好  大户型,286万,36016元/平,中楼层 (共16层) 2室1厅 | 79.41平米 | 南,https://s1.ljcdn.com/pegasus/redskull/images/common/default_house_list.png?_v=202410161653269
20241030,朝阳,常营,101125339405,丽景园南向两居室中间楼层无遮挡视野开阔采光好,299万,43836元/平,中楼层 (共28层) | 2009年 | 2室1厅 | 68.21平米 | 南,https://s1.ljcdn.com/pegasus/redskull/images/common/default_house_list.png?_v=202410161653269
20241030,朝阳,常营,101125330417,北京像素南区 近地铁 近商场 近医院,85万,17390元/平,高楼层 (共23层) | 2011年 | 1室0厅 | 48.88平米 | 东北,https://s1.ljcdn.com/pegasus/redskull/images/common/default_house_list.png?_v=202410161653269
20241030,朝阳,常营,101125244182,北京像素北区 5米48的错层 近地铁 近商场,170万,30207元/平,中楼层 (共14层) | 2011年 | 2室1厅 | 56.28平米 | 东南 西北,https://s1.ljcdn.com/pegasus/redskull/images/common/default_house_list.png?_v=202410161653269
20241030,朝阳,常营,101125117534,北京新天地五期 满五年唯一中高楼层 不临街南向一居,388万,52632元/平,中楼层 (共27层) | 2011年 | 1室1厅 | 73.72平米 | 南,https://s1.ljcdn.com/pegasus/redskull/images/common/default_house_list.png?_v=202410161653269
20241030,朝阳,常营,101125080209,北京像素北区  近地铁小区中间位置,130万,29386元/平,低楼层 (共17层) | 2011年 | 1室1厅 | 44.24平米 | 南,https://s1.ljcdn.com/pegasus/redskull/images/common/default_house_list.png?_v=202410161653269
20241030,朝阳,常营,101125047542,北京像素南区 1室0厅 西南,95万,18768元/平,高楼层 (共23层) | 2011年 | 1室0厅 | 50.62平米 | 西南,https://s1.ljcdn.com/pegasus/redskull/images/common/default_house_list.png?_v=202410161653269
20241030,朝阳,常营,101125022879,首开东都汇 2室1厅 南,185万,29333元/平,中楼层 (共14层) 2室1厅 | 63.07平米 | 南,https://s1.ljcdn.com/pegasus/redskull/images/common/default_house_list.png?_v=202410161653269
20241030,朝阳,常营,101124968127,近地铁交通发达配套齐全生活氛围好,245万,49436元/平,高楼层 (共28层) | 2010年 | 1室1厅 | 49.56平米 | 东南,https://s1.ljcdn.com/pegasus/redskull/images/common/default_house_list.png?_v=202410161653269
20241030,朝阳,常营,101124937113,像素北区4.75米挑高复式东南向中间层无遮挡房主自荐,140万,28181元/平,中楼层 (共13层) | 2011年 | 2室1厅 | 49.68平米 | 东南,https://s1.ljcdn.com/pegasus/redskull/images/common/default_house_list.png?_v=202410161653269
20241030,朝阳,常营,101124936730,北京像素北区 2室1厅 西北,108万,26348元/平,底层 (共13层) | 2011年 | 2室1厅 | 40.99平米 | 西北,https://s1.ljcdn.com/pegasus/redskull/images/common/default_house_list.png?_v=202410161653269
20241030,朝阳,常营,101124928310,北京像素南区 5室1厅 南,280万,35656元/平,中楼层 (共16层) | 2011年 | 5室1厅 | 78.53平米 | 南,https://s1.ljcdn.com/pegasus/redskull/images/common/default_house_list.png?_v=202410161653269
20241030,朝阳,常营,101124910825,北京像素北区 2室1厅 西南,185万,32703元/平,中楼层 (共14层) | 2011年 | 2室1厅 | 56.57平米 | 西南,https://s1.ljcdn.com/pegasus/redskull/images/common/default_house_list.png?_v=202410161653269
20241030,朝阳,常营,101124839198,北京像素北区 2室2厅 南 北,215万,35421元/平,低楼层 (共14层) | 2011年 | 2室2厅 | 60.7平米 | 南 北,https://s1.ljcdn.com/pegasus/redskull/images/common/default_house_list.png?_v=202410161653269
20241030,朝阳,常营,101124815642,北京像素南区 近地铁户型方正 视野好,140万,27619元/平,低楼层 (共16层) | 2011年 | 1室1厅 | 50.69平米 | 北,https://s1.ljcdn.com/pegasus/redskull/images/common/default_house_list.png?_v=202410161653269
20241030,朝阳,常营,101124642689,北京像素南区 2室1厅 南,215万,36306元/平,中楼层 (共16层) | 2011年 | 2室1厅 | 59.22平米 | 南,https://s1.ljcdn.com/pegasus/redskull/images/common/default_house_list.png?_v=202410161653269
20241030,朝阳,常营,101124619682,北京像素南区 2室1厅 西南,198万,35351元/平,高楼层 (共16层) | 2011年 | 2室1厅 | 56.01平米 | 西南,https://s1.ljcdn.com/pegasus/redskull/images/common/default_house_list.png?_v=202410161653269
20241030,朝阳,常营,101124381685,北京像素北区 2室1厅 南,145万,28549元/平,高楼层 (共17层) | 2011年 | 2室1厅 | 50.79平米 | 南,https://s1.ljcdn.com/pegasus/redskull/images/common/default_house_list.png?_v=202410161653269
20241030,朝阳,常营,101124323400,北京像素南区 1室1厅 南,195万,35129元/平,中楼层 (共16层) | 2011年 | 1室1厅 | 55.51平米 | 南,https://s1.ljcdn.com/pegasus/redskull/images/common/default_house_list.png?_v=202410161653269
20241030,朝阳,常营,101124246296,北京像素南区 2室1厅 西南,179万,32051元/平,中楼层 (共16层) | 2011年 | 2室1厅 | 55.85平米 | 西南,https://s1.ljcdn.com/pegasus/redskull/images/common/default_house_list.png?_v=202410161653269
20241030,朝阳,常营,101124210285,北京像素北区 中间楼层 精装修 视野开阔,150万,32524元/平,中楼层 (共17层) | 2011年 | 2室1厅 | 46.12平米 | 东,https://s1.ljcdn.com/pegasus/redskull/images/common/default_house_list.png?_v=202410161653269
20241030,朝阳,常营,101124144632,北京像素南区 4.89米挑高中间楼层视野很好,165万,32706元/平,中楼层 (共16层) | 2011年 | 2室1厅 | 50.45平米 | 东,https://s1.ljcdn.com/pegasus/redskull/images/common/default_house_list.png?_v=202410161653269
20241030,朝阳,常营,101124127403,常楹大厦  东向开间  温馨舒适 配套齐全,95万,25476元/平,低楼层 (共23层) | 2016年 | 1室0厅 | 37.29平米 | 东,https://s1.ljcdn.com/pegasus/redskull/images/common/default_house_list.png?_v=202410161653269
20241030,朝阳,常营,101123992023,北京像素北区 1室1厅 南 北,206万,34067元/平,中楼层 (共14层) | 2011年 | 1室1厅 | 60.47平米 | 南 北,https://s1.ljcdn.com/pegasus/redskull/images/common/default_house_list.png?_v=202410161653269
20241030,朝阳,常营,101123941098,北京新天地四期精装满5唯一南向小户型出售采光充足,343万,64754元/平,低楼层 (共20层) | 2009年 | 1室0厅 | 52.97平米 | 南,https://s1.ljcdn.com/pegasus/redskull/images/common/default_house_list.png?_v=202410161653269
20241030,朝阳,常营,101123940523,柏林爱乐三期 2室1厅 南 北,508万,53940元/平,高楼层 (共15层) 2室1厅 | 94.18平米 | 南 北,https://s1.ljcdn.com/pegasus/redskull/images/common/default_house_list.png?_v=202410161653269
20241030,朝阳,常营,101123729598,北京像素南区 2室1厅 西南,198万,35276元/平,底层 (共16层) | 2011年 | 2室1厅 | 56.13平米 | 西南,https://s1.ljcdn.com/pegasus/redskull/images/common/default_house_list.png?_v=202410161653269
20241030,朝阳,常营,101123566452,北京像素南区正南向高楼层装修还不错,200万,36213元/平,高楼层 (共16层) | 2012年 | 2室1厅 | 55.23平米 | 南,https://s1.ljcdn.com/pegasus/redskull/images/common/default_house_list.png?_v=202410161653269
20241030,朝阳,常营,101123499063,北京像素北区 高楼层 视野好 采光好,149万,31608元/平,高楼层 (共17层) | 2011年 | 2室1厅 | 47.14平米 | 西,https://s1.ljcdn.com/pegasus/redskull/images/common/default_house_list.png?_v=202410161653269
20241030,朝阳,常营,101123465765,北京像素北区北偏西朝向中楼层诚意出售,116万,29022元/平,中楼层 (共13层) | 2011年 | 2室1厅 | 39.97平米 | 北,https://s1.ljcdn.com/pegasus/redskull/images/common/default_house_list.png?_v=202410161653269
20241030,朝阳,常营,101123441648,北京像素北区 2室1厅 南,135万,34212元/平,低楼层 (共17层) | 2011年 | 2室1厅 | 39.46平米 | 南,https://s1.ljcdn.com/pegasus/redskull/images/common/default_house_list.png?_v=202410161653269
20241030,朝阳,常营,101123414738,柏林爱乐二期 复式 阳台已封好,790万,57007元/平,顶层 (共7层) | 2004年 | 3室2厅 | 138.58平米 | 南 北,https://s1.ljcdn.com/pegasus/redskull/images/common/default_house_list.png?_v=202410161653269
20241030,朝阳,常营,101123249925,北京像素北区 2室1厅 西南,162万,28106元/平,高楼层 (共14层) | 2011年 | 2室1厅 | 57.64平米 | 西南,https://s1.ljcdn.com/pegasus/redskull/images/common/default_house_list.png?_v=202410161653269
20241030,朝阳,常营,101123152264,北京像素南区 1室0厅 南,105万,20731元/平,高楼层 (共23层) | 2011年 | 1室0厅 | 50.65平米 | 南,https://s1.ljcdn.com/pegasus/redskull/images/common/default_house_list.png?_v=202410161653269
20241030,朝阳,常营,101123143456,北京像素北区 2室1厅 西南 东北,175万,30865元/平,底层 (共14层) | 2011年 | 2室1厅 | 56.7平米 | 西南 东北,https://s1.ljcdn.com/pegasus/redskull/images/common/default_house_list.png?_v=202410161653269
20241030,朝阳,常营,101123138310,北京像素北区 2室1厅 南 北,253万,41524元/平,中楼层 (共14层) | 2011年 | 2室1厅 | 60.93平米 | 南 北,https://s1.ljcdn.com/pegasus/redskull/images/common/default_house_list.png?_v=202410161653269
20241030,朝阳,常营,101123137173,北京像素南区 2室1厅 北,138万,36615元/平,低楼层 (共16层) | 2012年 | 2室1厅 | 37.69平米 | 北,https://s1.ljcdn.com/pegasus/redskull/images/common/default_house_list.png?_v=202410161653269
20241030,朝阳,常营,101123134525,此房满五唯一层高5.48米视野宽阔交通便利设备齐全,260万,42785元/平,中楼层 (共14层) | 2011年 | 1室1厅 | 60.77平米 | 南 北,https://s1.ljcdn.com/pegasus/redskull/images/common/default_house_list.png?_v=202410161653269
20241030,朝阳,常营,101123050415,金隅丽景园 2室1厅 南 北,270万,45440元/平,中楼层 (共28层) | 2010年 | 2室1厅 | 59.42平米 | 南 北,https://s1.ljcdn.com/pegasus/redskull/images/common/default_house_list.png?_v=202410161653269
20241030,朝阳,常营,101122956389,北京像素 5米48挑高 复式 楼下西南,189万,32813元/平,中楼层 (共14层) | 2011年 | 2室1厅 | 57.6平米 | 西南 东北,https://s1.ljcdn.com/pegasus/redskull/images/common/default_house_list.png?_v=202410161653269
20241030,朝阳,常营,101122820726,上线6号商办类可以注册户型为开间房主自荐,104万,18899元/平,中楼层 (共15层) | 2009年 | 1室0厅 | 55.03平米 | 东,https://s1.ljcdn.com/pegasus/redskull/images/common/default_house_list.png?_v=202410161653269
20241030,朝阳,常营,101122819989,上线6号商办类可以注册户型为开间房主自荐,96万,20305元/平,低楼层 (共15层) | 2009年 | 1室0厅 | 47.28平米 | 西,https://s1.ljcdn.com/pegasus/redskull/images/common/default_house_list.png?_v=202410161653269
20241030,朝阳,常营,101122779647,北京像素北区 小复式 4米75挑高 草房,125万,30979元/平,低楼层 (共13层) | 2011年 | 3室0厅 | 40.35平米 | 西北,https://s1.ljcdn.com/pegasus/redskull/images/common/default_house_list.png?_v=202410161653269
20241030,朝阳,常营,101122688795,北京像素北区 2室1厅 南 北,210万,32298元/平,中楼层 (共14层) | 2011年 | 2室1厅 | 65.02平米 | 南 北,https://s1.ljcdn.com/pegasus/redskull/images/common/default_house_list.png?_v=202410161653269
20241030,朝阳,常营,101122485638,北京像素南区业主诚心出售在京随时签约,149万,30371元/平,中楼层 (共16层) 1室1厅 | 49.06平米 | 北,https://s1.ljcdn.com/pegasus/redskull/images/common/default_house_list.png?_v=202410161653269
20241030,朝阳,常营,101122463841,北京像素北区 2室1厅 西南 东北,165万,27103元/平,中楼层 (共14层) | 2011年 | 2室1厅 | 60.88平米 | 西南 东北,https://s1.ljcdn.com/pegasus/redskull/images/common/default_house_list.png?_v=202410161653269
20241030,朝阳,常营,101122391679,北京像素南区 4.89米挑高南向中楼层采光好近地铁,180万,32380元/平,高楼层 (共16层) | 2012年 | 2室1厅 | 55.59平米 | 南,https://s1.ljcdn.com/pegasus/redskull/images/common/default_house_list.png?_v=202410161653269
20241030,朝阳,常营,101122377006,满五唯一全南朝向无遮挡采光好,566万,59398元/平,低楼层 (共28层) | 2009年 | 2室1厅 | 95.29平米 | 南,https://s1.ljcdn.com/pegasus/redskull/images/common/default_house_list.png?_v=202410161653269
20241030,朝阳,常营,101122253350,北京像素北区 北区8号楼 面积大 近地铁,180万,29655元/平,底层 (共14层) | 2011年 | 2室1厅 | 60.7平米 | 南,https://s1.ljcdn.com/pegasus/redskull/images/common/default_house_list.png?_v=202410161653269
20241030,朝阳,常营,101122194372,北京像素南区 1室1厅 北,150万,29453元/平,中楼层 (共16层) | 2011年 | 1室1厅 | 50.93平米 | 北,https://s1.ljcdn.com/pegasus/redskull/images/common/default_house_list.png?_v=202410161653269
20241030,朝阳,常营,101122173089,北京像素南区  高楼层 很亮堂 近地铁、商场,136万,26889元/平,高楼层 (共16层) | 2011年 | 2室1厅 | 50.58平米 | 北,https://s1.ljcdn.com/pegasus/redskull/images/common/default_house_list.png?_v=202410161653269
20241030,朝阳,常营,101122151047,北京像素南区 2室1厅 南,197万,35858元/平,底层 (共16层) | 2011年 | 2室1厅 | 54.94平米 | 南,https://s1.ljcdn.com/pegasus/redskull/images/common/default_house_list.png?_v=202410161653269
20241030,朝阳,常营,101122123571,北京像素北区低楼层精装修5.48米挑高,210万,34643元/平,中楼层 (共14层) | 2011年 | 2室1厅 | 60.62平米 | 南 北,https://s1.ljcdn.com/pegasus/redskull/images/common/default_house_list.png?_v=202410161653269
20241030,朝阳,常营,101122121337,北京像素北区 1室1厅 西,118万,25742元/平,顶层 (共17层) | 2011年 | 1室1厅 | 45.84平米 | 西,https://s1.ljcdn.com/pegasus/redskull/images/common/default_house_list.png?_v=202410161653269
20241030,朝阳,常营,101121985259,北京像素南区 1室1厅 西南,115万,26751元/平,中楼层 (共23层) | 2011年 | 1室1厅 | 42.99平米 | 西南,https://s1.ljcdn.com/pegasus/redskull/images/common/default_house_list.png?_v=202410161653269
20241030,朝阳,常营,101121855478,北京像素北区 人车分流 诚心出售 随时签约,115万,25878元/平,高楼层 (共17层) | 2011年 | 1室1厅 | 44.44平米 | 东,https://s1.ljcdn.com/pegasus/redskull/images/common/default_house_list.png?_v=202410161653269
20241030,朝阳,常营,101121793531,北京像素北区 4米75挑高  一层可做生意,173万,37487元/平,底层 (共17层) | 2011年 | 2室1厅 | 46.15平米 | 东,https://s1.ljcdn.com/pegasus/redskull/images/common/default_house_list.png?_v=202410161653269
20241030,朝阳,常营,101121712470,北京像素南区 1室0厅 东北,115万,21167元/平,中楼层 (共23层) | 2012年 | 1室0厅 | 54.33平米 | 东北,https://s1.ljcdn.com/pegasus/redskull/images/common/default_house_list.png?_v=202410161653269
20241030,朝阳,常营,101121633298,动静分离无遮挡临近地铁大两居,553万,55938元/平,低楼层 (共28层) | 2007年 | 2室1厅 | 98.86平米 | 西南,https://s1.ljcdn.com/pegasus/redskull/images/common/default_house_list.png?_v=202410161653269
20241030,朝阳,常营,101121572445,北京像素南区近地铁中间楼层无遮挡,105万,24585元/平,中楼层 (共23层) | 2011年 | 1室1厅 | 42.71平米 | 西南,https://s1.ljcdn.com/pegasus/redskull/images/common/default_house_list.png?_v=202410161653269
20241030,朝阳,常营,101121396781,北京像素南区 1室1厅 南,170万,30626元/平,中楼层 (共16层) | 2011年 | 1室1厅 | 55.51平米 | 南,https://s1.ljcdn.com/pegasus/redskull/images/common/default_house_list.png?_v=202410161653269
20241030,朝阳,常营,101121295018,北京像素北区层高4.75米东向无遮挡,159万,34476元/平,底层 (共17层) | 2011年 | 1室1厅 | 46.12平米 | 东,https://s1.ljcdn.com/pegasus/redskull/images/common/default_house_list.png?_v=202410161653269
20241030,朝阳,常营,101120838781,北京像素北区层高5.48米南北向采光好房主自荐,235万,38684元/平,低楼层 (共14层) | 2011年 | 2室1厅 | 60.75平米 | 南 北,https://s1.ljcdn.com/pegasus/redskull/images/common/default_house_list.png?_v=202410161653269
