20241030,东城,安定门,101127204011,东城南北两居室业主诚意出售看房方便满五唯一必看好房,488万,82642元/平,高楼层 (共6层) 2室1厅 | 59.05平米 | 南 北,https://ke-image.ljcdn.com/110000-inspection/pc1_RuzUkhEIg.jpg!m_fill,w_280,h_210,f_jpg?from=ke.com
20241030,东城,安定门,101127194999,青年湖 和平里 安定门 国办央产 管理好必看好房,970万,111392元/平,中楼层 (共12层) 3室2厅 | 87.08平米 | 南 北,https://ke-image.ljcdn.com/110000-inspection/pc1_mk4JQ5APz.jpg!m_fill,w_280,h_210,f_jpg?from=ke.com
20241030,东城,安定门,101127180181,东城安定门 安外西河沿中间层 两居 可停车必看好房,480万,92468元/平,中楼层 (共6层) 2室1厅 | 51.91平米 | 东 北,https://ke-image.ljcdn.com/110000-inspection/8723b11a-5e58-4bf4-bc34-dcc68b1c0ebf_1000.jpg!m_fill,w_280,h_210,f_jpg?from=ke.com
20241030,东城,安定门,101127149159,国祥胡同 满五唯一 南北通透 配套齐全 产权清晰必看好房,669万,124930元/平,中楼层 (共5层) 2室1厅 | 53.55平米 | 南 北,https://ke-image.ljcdn.com/110000-inspection/4b011841-fb44-4c82-a4f6-fe13b21831fb_1000.jpg!m_fill,w_280,h_210,f_jpg?from=ke.com
20241030,东城,安定门,101127089147,西营房胡同9号院特殊户型带边窗必看好房,399万,107577元/平,中楼层 (共17层) 1室1厅 | 37.09平米 | 西北,https://ke-image.ljcdn.com/110000-inspection/fe609a47-b72e-4a8d-b075-fd99fea006d2_1000.jpg!m_fill,w_280,h_210,f_jpg?from=ke.com
20241030,东城,安定门,101127070123,新上房源带电梯+楼龄新管理好出门人定湖公园必看好房,550万,88029元/平,中楼层 (共17层) 2室1厅 | 62.48平米 | 西北,https://ke-image.ljcdn.com/110000-inspection/48b922a5-95d9-42db-a1a5-2b29e6f3c619_1000.jpg!m_fill,w_280,h_210,f_jpg?from=ke.com
20241030,东城,安定门,101126720233,青年湖西里小区是由兵器部和中国航天共建而成小区必看好房,780万,129849元/平,低楼层 (共6层) 2室1厅 | 60.07平米 | 南 北,https://ke-image.ljcdn.com/110000-inspection/91b354e1-6c2d-4628-9bf4-bdade77974eb_1000.jpg!m_fill,w_280,h_210,f_jpg?from=ke.com
20241030,东城,安定门,101126666058,东城 安定门 交道口板块 楼龄新必看好房,550万,101570元/平,底层 (共11层) 1室1厅 | 54.15平米 | 南,https://ke-image.ljcdn.com/110000-inspection/pc1_0r8ghZXBE_1.jpg!m_fill,w_280,h_210,f_jpg?from=ke.com
20241030,东城,安定门,101126631543,和平里-正规三居加大厅 紧挨园 户型难得 价可谈必看好房,715万,97705元/平,底层 (共6层) 3室1厅 | 73.18平米 | 南 北,https://ke-image.ljcdn.com/110000-inspection/pc1_TfT1FknRo.jpg!m_fill,w_280,h_210,f_jpg?from=ke.com
20241030,东城,安定门,101126627425,青年湖公园  安德路社区 两居室带客厅必看好房,536万,95493元/平,中楼层 (共6层) 2室1厅 | 56.13平米 | 东 西,https://ke-image.ljcdn.com/110000-inspection/pc1_M0KFuGtfQ_1.jpg!m_fill,w_280,h_210,f_jpg?from=ke.com
20241030,东城,安定门,101126561258,东城六铺炕 青年湖 两居视野开阔 采光充足配套齐全必看好房,539万,99118元/平,顶层 (共6层) 2室1厅 | 54.38平米 | 东 西,https://ke-image.ljcdn.com/110000-inspection/85afd2e9-671e-4463-a9f9-a253a7bcec6a_1000.jpg!m_fill,w_280,h_210,f_jpg?from=ke.com
20241030,东城,安定门,101126541171,安外西河沿路2号院 2023年新社区 交通便利必看好房,798万,120163元/平,中楼层 (共11层) 1室1厅 | 66.41平米 | 南,https://ke-image.ljcdn.com/110000-inspection/344dde8c-c71d-497f-a2d6-5afb1cb4c560_1000.jpg!m_fill,w_280,h_210,f_jpg?from=ke.com
20241030,东城,安定门,101126477535,花园胡同 分 。厅 诚意出售 价格可谈 随时可看必看好房,200万,139861元/平,底层 (共1层) 1室0厅 | 14.3平米 | 南,https://ke-image.ljcdn.com/110000-inspection/9fa8aa4b-086b-4ec1-b1cf-6a7836189494_1000.jpg!m_fill,w_280,h_210,f_jpg?from=ke.com
20241030,东城,安定门,101126475993,青年湖东里小区已经二次升级改造环境优美楼道干净,399万,100076元/平,中楼层 (共6层) 1室1厅 | 39.87平米 | 南,https://ke-image.ljcdn.com/110000-inspection/pc1_hJitTtonf_1.jpg!m_fill,w_280,h_210,f_jpg?from=ke.com
20241030,东城,安定门,101126364378,安德里北街25号院 精装修大一居室 有电梯视野好必看好房,456万,97291元/平,高楼层 (共17层) 1室1厅 | 46.87平米 | 西南,https://ke-image.ljcdn.com/110000-inspection/pc1_4YISDgw8E_1.jpg!m_fill,w_280,h_210,f_jpg?from=ke.com
20241030,东城,安定门,101126330228,安德路55号院把边两居室 满五唯一必看好房,489万,84500元/平,顶层 (共6层) 2室1厅 | 57.87平米 | 东 西 南,https://ke-image.ljcdn.com/110000-inspection/pc1_JURpIOSwp_1.jpg!m_fill,w_280,h_210,f_jpg?from=ke.com
20241030,东城,安定门,101126316386,北二环东城安定门05年小区西南大两居满五唯一必看好房,908万,101726元/平,中楼层 (共19层) 2室1厅 | 89.26平米 | 西南,https://ke-image.ljcdn.com/110000-inspection/722b9f61-9cbf-4508-832a-f06c656cc804_1000.jpg!m_fill,w_280,h_210,f_jpg?from=ke.com
20241030,东城,安定门,101126290211,安德里北街24号院 3室1厅 南 北必看好房,890万,126547元/平,中楼层 (共6层) 3室1厅 | 70.33平米 | 南 北,https://ke-image.ljcdn.com/110000-inspection/74d4e279-1d6a-40ab-b100-a906485315b9_1000.jpg!m_fill,w_280,h_210,f_jpg?from=ke.com
20241030,东城,安定门,101126241596,北二环内 安交板块  一居室 中间层 精装修必看好房,435万,114264元/平,中楼层 (共6层) 1室1厅 | 38.07平米 | 东,https://ke-image.ljcdn.com/110000-inspection/3c2b2e37-b173-4a92-b6e1-6a61105c5888_1000.jpg!m_fill,w_280,h_210,f_jpg?from=ke.com
20241030,东城,安定门,101126158819,青年湖东里东西通透三居中间楼层。必看好房,530万,88659元/平,低楼层 (共6层) 3室1厅 | 59.78平米 | 东 西,https://ke-image.ljcdn.com/110000-inspection/a4363e04-3b54-427a-ab3b-13d375c43d06_1000.jpg!m_fill,w_280,h_210,f_jpg?from=ke.com
20241030,东城,安定门,101126086869,东城安外大街3号院电梯两居室诚心出售必看好房,480万,84108元/平,中楼层 (共12层) 2室1厅 | 57.07平米 | 东,https://ke-image.ljcdn.com/110000-inspection/a14e0fb6-663f-456d-9e2f-39e26a476f04_1000.jpg!m_fill,w_280,h_210,f_jpg?from=ke.com
20241030,东城,安定门,101125762438,上龙西里精装修南向一居室诚心出售。必看好房,470万,97128元/平,中楼层 (共18层) 1室1厅 | 48.39平米 | 南,https://ke-image.ljcdn.com/110000-inspection/3b934a13-c061-4576-b8a5-54b34b479da7_1000.jpg!m_fill,w_280,h_210,f_jpg?from=ke.com
20241030,东城,安定门,101125757215,安定门 青年湖东里 田字格户型 低楼层,650万,89780元/平,底层 (共5层) 3室1厅 | 72.4平米 | 南 北,https://ke-image.ljcdn.com/110000-inspection/96eb6516-c0a0-4c7d-9534-2a15ab5c765a_1000.jpg!m_fill,w_280,h_210,f_jpg?from=ke.com
20241030,东城,安定门,101125718653,房子满五唯一  2001年商品房 单独管理必看好房,680万,99184元/平,顶层 (共16层) 2室1厅 | 68.56平米 | 东,https://ke-image.ljcdn.com/110000-inspection/13505eca-db44-47f3-8adb-4046fc91855f_1000.jpg!m_fill,w_280,h_210,f_jpg?from=ke.com
20241030,东城,安定门,101125711289,东城和平里中间层南北通透近地铁周边三大公园围必看好房,530万,99737元/平,中楼层 (共5层) 2室1厅 | 53.14平米 | 南 北,https://ke-image.ljcdn.com/110000-inspection/pc1_cF2sGeFGU.jpg!m_fill,w_280,h_210,f_jpg?from=ke.com
20241030,东城,安定门,101125504288,青年湖+价格约签有惊喜价+不可想象价+看房方便必看好房,533万,105713元/平,低楼层 (共6层) 2室1厅 | 50.42平米 | 西 东,https://ke-image.ljcdn.com/110000-inspection/27ecc8e5-59b4-4fb8-b47d-8eb708fc720b_1000.jpg!m_fill,w_280,h_210,f_jpg?from=ke.com
20241030,东城,安定门,101125360073,安定门和平里精装一居 近地铁交通方便,470万,83914元/平,低楼层 (共16层) 1室1厅 | 56.01平米 | 西,https://ke-image.ljcdn.com/110000-inspection/pc1_cSXxUIUAx_1.jpg!m_fill,w_280,h_210,f_jpg?from=ke.com
20241030,东城,安定门,101125301721,安定门 三居室  格局好 户型方正 建于1997年必看好房,880万,107830元/平,中楼层 (共18层) 3室1厅 | 81.61平米 | 西南 北,https://ke-image.ljcdn.com/110000-inspection/pc1_jvSnNEjP1_1.jpg!m_fill,w_280,h_210,f_jpg?from=ke.com
20241030,东城,安定门,101125287724,和平里 2006年楼两部电梯电梯直达.必看好房,439万,76668元/平,中楼层 (共19层) 1室1厅 | 57.26平米 | 西,https://ke-image.ljcdn.com/110000-inspection/10b258d4-509b-4b97-ac4c-02a126fb6a23_1000.jpg!m_fill,w_280,h_210,f_jpg?from=ke.com
20241030,东城,安定门,101125028188,和平里 南北通透位置好采光好 无遮挡 不临街 安静必看好房,538万,98770元/平,高楼层 (共6层) 2室1厅 | 54.47平米 | 北 南,https://ke-image.ljcdn.com/110000-inspection/f585684b-803a-4cf4-ba8f-0af642350b66_1000.jpg!m_fill,w_280,h_210,f_jpg?from=ke.com
20241030,东城,安定门,101124851833,安定门   2001年商品房社区  管理好 楼层好必看好房,896万,99900元/平,高楼层 (共18层) 2室1厅 | 89.69平米 | 东南,https://ke-image.ljcdn.com/110000-inspection/pc1_qC6BeIvRy_1.jpg!m_fill,w_280,h_210,f_jpg?from=ke.com
20241030,东城,安定门,101124828051,青年湖东里  满五年唯一商品房东城改造示范社区。,398万,105739元/平,顶层 (共5层) 1室1厅 | 37.64平米 | 南,https://ke-image.ljcdn.com/110000-inspection/be8d4b8d-9df6-4d92-afbe-fe83fc1ce7f6_1000.jpg!m_fill,w_280,h_210,f_jpg?from=ke.com
20241030,东城,安定门,101124694398,安德路47号院冶金部家属楼独立管理必看好房,520万,91389元/平,中楼层 (共5层) 2室1厅 | 56.9平米 | 南 北,https://ke-image.ljcdn.com/110000-inspection/8daacf0e-82fb-4305-96b8-7a5a9e92e662_1000.jpg!m_fill,w_280,h_210,f_jpg?from=ke.com
20241030,东城,安定门,101124490228,北二环安定门满5唯一 南向中间层环保精装修。,565万,105372元/平,中楼层 (共6层) 2室1厅 | 53.62平米 | 南,https://ke-image.ljcdn.com/110000-inspection/74c86edd-b4a8-4fbf-8af3-81af28b26902_1000.jpg!m_fill,w_280,h_210,f_jpg?from=ke.com
20241030,东城,安定门,101124482747,黄寺大街2号院  固定租赁车位  满五年唯一 商品,510万,87901元/平,顶层 (共6层) 2室1厅 | 58.02平米 | 南 北,https://ke-image.ljcdn.com/110000-inspection/5ea9ac5c-09e9-413f-acf8-668476007ce4_1000.jpg!m_fill,w_280,h_210,f_jpg?from=ke.com
20241030,东城,安定门,101123875795,东城六铺炕 全南两居 诚心出售必看好房,639万,113399元/平,低楼层 (共16层) 2室1厅 | 56.35平米 | 南,https://ke-image.ljcdn.com/110000-inspection/pc1_THA7UdpLg.jpg!m_fill,w_280,h_210,f_jpg?from=ke.com
20241030,东城,安定门,101120644173,安德里北街25号院东城区青年湖,455万,97078元/平,中楼层 (共17层) 1室1厅 | 46.87平米 | 西南,https://ke-image.ljcdn.com/110000-inspection/pc1_3Md3yy95O.jpg!m_fill,w_280,h_210,f_jpg?from=ke.com
20241030,东城,安定门,101117534514,东城安定门 朝南电梯三居、满五年家庭唯一住房,740万,84111元/平,高楼层 (共17层) 3室1厅 | 87.98平米 | 南,https://ke-image.ljcdn.com/110000-inspection/08a763cd-2b39-42ed-8a1e-50c7b634c15d_1000.jpg!m_fill,w_280,h_210,f_jpg?from=ke.com
20241030,东城,安定门,101127254830,安定门和平里户型方正电梯一居室中楼层采光好必看好房,550万,137604元/平,中楼层 (共20层) 1室1厅 | 39.97平米 | 东南,https://ke-image.ljcdn.com/110000-inspection/68bb7d33-be60-4411-970b-8ba26ea781be_1000.jpg!m_fill,w_280,h_210,f_jpg?from=ke.com
20241030,东城,安定门,101127026621,安德路 南北通透 明厨明卫 优质两居必看好房,389万,68246元/平,底层 (共6层) 2室1厅 | 57平米 | 南 北,https://ke-image.ljcdn.com/110000-inspection/pc1_ztPamOD6r.jpg!m_fill,w_280,h_210,f_jpg?from=ke.com
20241030,东城,安定门,101126842867,青年湖东里格局好视野宽阔采光充足配套设施齐全必看好房,650万,89274元/平,中楼层 (共6层) 3室1厅 | 72.81平米 | 南 北,https://ke-image.ljcdn.com/110000-inspection/45ce5bc3-2ce0-4597-8d1d-e20e3abe4a79_1000.jpg!m_fill,w_280,h_210,f_jpg?from=ke.com
20241030,东城,安定门,101126793314,东城安定门公园旁中间层户型方正有厅一居必看好房,409万,99732元/平,中楼层 (共6层) 1室1厅 | 41.01平米 | 东,https://ke-image.ljcdn.com/110000-inspection/pc1_ZH3763RGM_1.jpg!m_fill,w_280,h_210,f_jpg?from=ke.com
20241030,东城,安定门,101126636245,08年电梯小区 有地下停车位 满五年唯一必看好房,868万,127255元/平,低楼层 (共11层) | 2008年 | 2室1厅 | 68.21平米 | 东,https://ke-image.ljcdn.com/110000-inspection/pc1_rqQJGw68G.jpg!m_fill,w_280,h_210,f_jpg?from=ke.com
20241030,东城,安定门,101126618290,安外东河沿南北两居室 满五年唯一 采光好 通风好必看好房,639万,98067元/平,顶层 (共6层) 2室1厅 | 65.16平米 | 南 北,https://ke-image.ljcdn.com/110000-inspection/719aabb9-76de-4d55-9639-e81ecada81f9_1000.jpg!m_fill,w_280,h_210,f_jpg?from=ke.com
20241030,东城,安定门,101126562700,永康1号院 方家 2003 年楼龄新必看好房,598万,112639元/平,高楼层 (共7层) | 2002年 | 2室1厅 | 53.09平米 | 东 北,https://ke-image.ljcdn.com/110000-inspection/4fde5aad-e03e-42d8-b458-4d3c5c914a61_1000.jpg!m_fill,w_280,h_210,f_jpg?from=ke.com
20241030,东城,安定门,101126556351,六铺炕+青年湖+中石油家属楼管理好+靠近地铁必看好房,890万,100327元/平,顶层 (共12层) 3室1厅 | 88.71平米 | 南 北,https://ke-image.ljcdn.com/110000-inspection/318c73b7-13da-423f-a1cd-6313cc97e77c_1000.jpg!m_fill,w_280,h_210,f_jpg?from=ke.com
20241030,东城,安定门,101126486656,北二环 东城 有电梯一居室 满五唯一必看好房,530万,119424元/平,中楼层 (共11层) 1室1厅 | 44.38平米 | 东,https://ke-image.ljcdn.com/110000-inspection/pc1_JGeE8wiiD.jpg!m_fill,w_280,h_210,f_jpg?from=ke.com
20241030,东城,安定门,101126456275,安定门外西河沿 楼下地铁2号线 带电梯采光好必看好房,708万,101361元/平,高楼层 (共11层) 3室1厅 | 69.85平米 | 南 西南,https://ke-image.ljcdn.com/110000-inspection/pc1_LrqyTOWk9.jpg!m_fill,w_280,h_210,f_jpg?from=ke.com
20241030,东城,安定门,101126450499,南北通透采光视野无遮挡看房有钥匙。,460万,82202元/平,顶层 (共6层) 2室1厅 | 55.96平米 | 南 北,https://ke-image.ljcdn.com/110000-inspection/c88df502-9694-414d-bd5b-41b5ee0522c2_1000.jpg!m_fill,w_280,h_210,f_jpg?from=ke.com
20241030,东城,安定门,101126450140,安外东河沿 户型方正 无遮挡采光视野好必看好房,709万,105774元/平,中楼层 (共20层) 2室1厅 | 67.03平米 | 南 北,https://ke-image.ljcdn.com/110000-inspection/edda6544-c9ce-41d2-a287-a58e4eac5207_1000.jpg!m_fill,w_280,h_210,f_jpg?from=ke.com
20241030,东城,安定门,101126449410,安德路47号院南北通透三居看房方便必看好房,558万,98465元/平,中楼层 (共5层) 3室1厅 | 56.67平米 | 南 北,https://ke-image.ljcdn.com/110000-inspection/72030b26-6e98-47fd-93eb-e30fbf9814ac_1000.jpg!m_fill,w_280,h_210,f_jpg?from=ke.com
20241030,东城,安定门,101126448517,安定门青年湖公园安德路55号院必看好房,609万,89244元/平,顶层 (共4层) 3室1厅 | 68.24平米 | 南,https://ke-image.ljcdn.com/110000-inspection/237d4365-7ae2-418f-8609-37a76327dd43_1000.jpg!m_fill,w_280,h_210,f_jpg?from=ke.com
20241030,东城,安定门,101126241301,京宝花园三居室靠近公园地铁。诚心出售没有抵押。必看好房,1150万,60447元/平,中楼层 (共12层) 3室1厅 | 190.25平米 | 东 西,https://ke-image.ljcdn.com/110000-inspection/pc1_LRdYm2Wwn_1.jpg!m_fill,w_280,h_210,f_jpg?from=ke.com
20241030,东城,安定门,101125861173,安德里北街25号院 3室1厅 东 北,650万,82415元/平,中楼层 (共17层) 3室1厅 | 78.87平米 | 东 北,https://ke-image.ljcdn.com/110000-inspection/pc1_YN8ZIM2Cz.jpg!m_fill,w_280,h_210,f_jpg?from=ke.com
20241030,东城,安定门,101125495697,青年湖北里   中间楼层   南向小两居 采光充足,438万,101132元/平,中楼层 (共6层) 2室0厅 | 43.31平米 | 南,https://ke-image.ljcdn.com/110000-inspection/pc1_NvqRz2m6x.jpg!m_fill,w_280,h_210,f_jpg?from=ke.com
20241030,东城,安定门,101125280283,区域聚焦 带电梯 楼层高 视野好 看房方便,796万,108285元/平,高楼层 (共16层) 2室1厅 | 73.51平米 | 南,https://ke-image.ljcdn.com/110000-inspection/pc1_6Eaw6qDyx.jpg!m_fill,w_280,h_210,f_jpg?from=ke.com
20241030,东城,安定门,101125181487,东城北二环商品房精装一居高层有电梯有地下车位必看好房,598万,92313元/平,高楼层 (共24层) | 2005年 | 1室1厅 | 64.78平米 | 北,https://ke-image.ljcdn.com/110000-inspection/pc1_ZIjfUvko0.jpg!m_fill,w_280,h_210,f_jpg?from=ke.com
20241030,东城,安定门,101125166426,安外西河沿30万精装带电梯朝南1居近地铁！必看好房,450万,114709元/平,中楼层 (共11层) 1室1厅 | 39.23平米 | 南,https://ke-image.ljcdn.com/110000-inspection/pc1_khhOqp3Ge.jpg!m_fill,w_280,h_210,f_jpg?from=ke.com
20241030,东城,安定门,101125066947,北二环外  精装两居 中间楼层  满五年  诚售必看好房,525万,88489元/平,中楼层 (共6层) 2室1厅 | 59.33平米 | 东 西,https://ke-image.ljcdn.com/110000-inspection/ff8b43b3-1613-41ff-b229-f2524ab8a516_1000.jpg!m_fill,w_280,h_210,f_jpg?from=ke.com
20241030,东城,安定门,101124877404,安定门外东河沿正规电梯一居室近地铁高楼层看河景必看好房,476万,126529元/平,高楼层 (共20层) 1室1厅 | 37.62平米 | 东南,https://ke-image.ljcdn.com/110000-inspection/d0696be9-cd25-4fbb-9670-7c03a5d6959f_1000.jpg!m_fill,w_280,h_210,f_jpg?from=ke.com
20241030,东城,安定门,101124832201,安定门和平里朝南电梯三居、楼龄新带电梯诚心出售必看好房,750万,84157元/平,高楼层 (共17层) 3室2厅 | 89.12平米 | 南,https://ke-image.ljcdn.com/110000-inspection/pc1_VjGtq6LzA.jpg!m_fill,w_280,h_210,f_jpg?from=ke.com
20241030,东城,安定门,101124274639,近地铁 上龙西里 楼龄新 大两居 诚心出售必看好房,699万,78390元/平,低楼层 (共11层) | 2012年 | 2室1厅 | 89.17平米 | 东,https://ke-image.ljcdn.com/110000-inspection/a4962d24-db2f-4451-be29-2ddb9e211e47_1000.jpg!m_fill,w_280,h_210,f_jpg?from=ke.com
20241030,东城,安定门,101127299540,中景濠庭 2室1厅 南 北新上,1550万,127678元/平,高楼层 (共22层) 2室1厅 | 121.4平米 | 南 北,https://ke-image.ljcdn.com/110000-inspection/2e48156c-1642-47cd-81eb-227fd643e399_1000.jpg!m_fill,w_280,h_210,f_jpg?from=ke.com
20241030,东城,安定门,101127274159,东城和平西营房 2006年小区 配套齐全 交通便捷新上,415万,104772元/平,高楼层 (共17层) 1室1厅 | 39.61平米 | 北,https://ke-image.ljcdn.com/110000-inspection/41740bab-1aac-4715-bc85-680258a41331_1000.jpg!m_fill,w_280,h_210,f_jpg?from=ke.com
20241030,东城,安定门,101127273317,黄寺大街28号院 2室1厅 东 西新上,620万,102378元/平,顶层 (共14层) 2室1厅 | 60.56平米 | 东 西,https://ke-image.ljcdn.com/110000-inspection/52f782fb-c792-4016-bd4b-f1b2685702f0_1000.jpg!m_fill,w_280,h_210,f_jpg?from=ke.com
20241030,东城,安定门,101127262438,格局好视野宽阔采光充足配套设施齐全新上,700万,98662元/平,顶层 (共6层) 3室1厅 | 70.95平米 | 南 北,https://ke-image.ljcdn.com/110000-inspection/2f8dd201-7951-4043-bc3e-c2da1fd46eb8_1000.jpg!m_fill,w_280,h_210,f_jpg?from=ke.com
20241030,东城,安定门,101127257316,东城和平里  安德路乙61号院新上,630万,119681元/平,低楼层 (共12层) 2室1厅 | 52.64平米 | 南 北,https://ke-image.ljcdn.com/110000-inspection/8259d752-3494-4036-b69f-74c1271a61a1_1000.jpg!m_fill,w_280,h_210,f_jpg?from=ke.com
20241030,东城,安定门,101127220505,安外西河沿路2号院 2室1厅 东 南新上,1230万,143843元/平,顶层 (共14层) 2室1厅 | 85.51平米 | 东 南,https://ke-image.ljcdn.com/110000-inspection/29add182-33bb-48ba-ab16-f3c3dfce7ff5_1000.jpg!m_fill,w_280,h_210,f_jpg?from=ke.com
20241030,东城,安定门,101127219998,安交板块 东城教委家属楼 朝南一居室 近地铁新上,480万,119107元/平,顶层 (共6层) 1室1厅 | 40.3平米 | 南,https://ke-image.ljcdn.com/110000-inspection/78bd7809-ae00-4648-a46b-402f3410ea29_1000.jpg!m_fill,w_280,h_210,f_jpg?from=ke.com
20241030,东城,安定门,101127193733,东城区青年湖北里全南向的两居满五年唯一新上,580万,114875元/平,底层 (共6层) 2室1厅 | 50.49平米 | 南,https://ke-image.ljcdn.com/110000-inspection/d7a79ace-770a-4527-b82f-9f2081493059_1000.jpg!m_fill,w_280,h_210,f_jpg?from=ke.com
20241030,东城,安定门,101127193046,安定门外地兴居独门独院管理业主诚心出售新上,570万,97553元/平,底层 (共6层) | 1988年 | 3室1厅 | 58.43平米 | 东 西,https://ke-image.ljcdn.com/110000-inspection/ff3d7775-4f32-45eb-956e-a54875692fea_1000.jpg!m_fill,w_280,h_210,f_jpg?from=ke.com
20241030,东城,安定门,101127174534,安德里北街25号院 2室1厅 东南,650万,91627元/平,低楼层 (共17层) 2室1厅 | 70.94平米 | 东南,https://ke-image.ljcdn.com/110000-inspection/725bcf52-b752-4b1a-8aed-98e727a6b3d3_1000.jpg!m_fill,w_280,h_210,f_jpg?from=ke.com
20241030,东城,安定门,101127121436,东城卫生局家属楼 有阳台 无户口,575万,107477元/平,顶层 (共5层) 2室1厅 | 53.5平米 | 东 西,https://ke-image.ljcdn.com/110000-inspection/4707c882-8f26-403f-9422-2eeb487b75c3_1000.jpg!m_fill,w_280,h_210,f_jpg?from=ke.com
20241030,东城,安定门,101127111926,北2环边上  正规南北通透两居室  出门公园地铁,598万,97713元/平,中楼层 (共6层) 2室1厅 | 61.2平米 | 南 北,https://ke-image.ljcdn.com/110000-inspection/bf0f7c4e-fd96-4799-8a38-5c28255dae41_1000.jpg!m_fill,w_280,h_210,f_jpg?from=ke.com
20241030,东城,安定门,101127086324,柴棒胡同 安交板块 使用面积多 随时看房,288万,150000元/平,底层 (共1层) 1室0厅 | 19.2平米 | 南,https://ke-image.ljcdn.com/110000-inspection/f50098a4-2331-46ec-a593-d6f3245da7a1_1000.jpg!m_fill,w_280,h_210,f_jpg?from=ke.com
20241030,东城,安定门,101127083606,湖景苑电梯房三居楼层高采光好80万精装拎包住房主自荐,1300万,123999元/平,中楼层 (共10层) 3室1厅 | 104.84平米 | 东 西,https://ke-image.ljcdn.com/110000-inspection/22ee21a8-3e47-4993-86c0-87bba658e417_1000.jpg!m_fill,w_280,h_210,f_jpg?from=ke.com
20241030,东城,安定门,101127074697,上龙西里 中间楼层 精装修  近公园   采光好,418万,97391元/平,中楼层 (共6层) 1室1厅 | 42.92平米 | 东,https://ke-image.ljcdn.com/110000-inspection/77c6632f-59a0-462f-b676-f632af52a1c2_1000.jpg!m_fill,w_280,h_210,f_jpg?from=ke.com
20241030,东城,安定门,101127069500,满五唯一商品房成本低大客厅 楼下公园 生活方便,998万,81317元/平,低楼层 (共19层) 2室2厅 | 122.73平米 | 东南,https://ke-image.ljcdn.com/110000-inspection/df4fe08f-aecc-4e00-882b-dd4460f4a992_1000.jpg!m_fill,w_280,h_210,f_jpg?from=ke.com
20241030,东城,安定门,101127064135,黄寺大街 有电梯 全明格局 中间楼层 满五唯一,600万,92450元/平,中楼层 (共14层) 2室1厅 | 64.9平米 | 东 南 西,https://ke-image.ljcdn.com/110000-inspection/pc1_ULMPlF18M_1.jpg!m_fill,w_280,h_210,f_jpg?from=ke.com
20241030,东城,安定门,101127039343,六铺炕 1室1厅 东,490万,128407元/平,中楼层 (共5层) 1室1厅 | 38.16平米 | 东,https://ke-image.ljcdn.com/110000-inspection/pc1_bZ1nVPK7T_1.jpg!m_fill,w_280,h_210,f_jpg?from=ke.com
20241030,东城,安定门,101127036967,朗家胡同13号院 南向一居室 中间楼层,560万,145948元/平,中楼层 (共6层) 1室1厅 | 38.37平米 | 南,https://ke-image.ljcdn.com/110000-inspection/8a2e59f7-fe10-4fb1-b912-f645175b538f_1000.jpg!m_fill,w_280,h_210,f_jpg?from=ke.com
20241030,东城,安定门,101127027330,2012年新小区满五唯一电梯房中高层采光充足,560万,90865元/平,中楼层 (共11层) | 2012年 | 1室2厅 | 61.63平米 | 西,https://ke-image.ljcdn.com/110000-inspection/3b1b3560-6ac5-4d9e-90d1-963563f8b206_1000.jpg!m_fill,w_280,h_210,f_jpg?from=ke.com
20241030,东城,安定门,101127006991,六铺炕 2室1厅 东 西,586万,108781元/平,中楼层 (共10层) 2室1厅 | 53.87平米 | 东 西,https://ke-image.ljcdn.com/110000-inspection/pc1_BDQIfCJmL_1.jpg!m_fill,w_280,h_210,f_jpg?from=ke.com
20241030,东城,安定门,101127001799,近地铁   已经完成老旧小区改造户型方正没有浪费,500万,107136元/平,低楼层 (共12层) 2室1厅 | 46.67平米 | 西北,https://ke-image.ljcdn.com/110000-inspection/pc1_YB8rB5iyY_1.jpg!m_fill,w_280,h_210,f_jpg?from=ke.com
20241030,东城,安定门,101126972054,永康胡同18号院 2室1厅 东 西,779万,140818元/平,低楼层 (共6层) 2室1厅 | 55.32平米 | 东 西,https://ke-image.ljcdn.com/110000-inspection/5777ef45-93c7-4763-8a4d-3541735e2d69_1000.jpg!m_fill,w_280,h_210,f_jpg?from=ke.com
20241030,东城,安定门,101126964722,安定门  青年湖 171 精装修一居室,550万,143980元/平,中楼层 (共6层) 1室1厅 | 38.2平米 | 南,https://ke-image.ljcdn.com/110000-inspection/b6a63d93-b37e-4a8e-804a-09a69b96486f_1000.jpg!m_fill,w_280,h_210,f_jpg?from=ke.com
20241030,东城,安定门,101126954794,东城电梯直达两居室 水电家属院单独管里干部楼,625万,113658元/平,中楼层 (共16层) 2室1厅 | 54.99平米 | 东,https://ke-image.ljcdn.com/110000-inspection/pc1_ncvKzoW0h_1.jpg!m_fill,w_280,h_210,f_jpg?from=ke.com
20241030,东城,安定门,101126952066,和平里2000年商品房社区管理好居住舒适度高,620万,92538元/平,中楼层 (共18层) 1室1厅 | 67平米 | 西,https://ke-image.ljcdn.com/110000-inspection/pc1_fHhAxaEV0.jpg!m_fill,w_280,h_210,f_jpg?from=ke.com
20241030,东城,安定门,101126910155,安馨园 2室2厅2卫  南北通透  安交商品房小区,1980万,141429元/平,低楼层 (共6层) 2室2厅 | 140平米 | 南 北,https://ke-image.ljcdn.com/110000-inspection/25d8b0e1-298e-4135-9dd6-d81eb728db07_1000.jpg!m_fill,w_280,h_210,f_jpg?from=ke.com
20241030,东城,安定门,101126875843,六铺炕 2室1厅 南,615万,118543元/平,中楼层 (共5层) 2室1厅 | 51.88平米 | 南,https://ke-image.ljcdn.com/110000-inspection/8ff0d402-5ed9-4d82-b58d-23a546d0481e_1000.jpg!m_fill,w_280,h_210,f_jpg?from=ke.com
20241030,东城,安定门,101126858799,北二环护城河畔2005年商品房精装两居急售！！,920万,105602元/平,低楼层 (共24层) | 2005年 | 2室1厅 | 87.12平米 | 北,https://ke-image.ljcdn.com/110000-inspection/a2662639-01d0-4f42-b1ae-7f3a04f26509_1000.jpg!m_fill,w_280,h_210,f_jpg?from=ke.com
20241030,东城,安定门,101126849829,府上嘉园 2室1厅 西,1389万,110837元/平,中楼层 (共11层) | 2008年 | 2室1厅 | 125.32平米 | 西,https://ke-image.ljcdn.com/110000-inspection/pc1_J6pmB98MV_1.jpg!m_fill,w_280,h_210,f_jpg?from=ke.com
20241030,东城,安定门,101126831115,青年湖+温馨三室两厅双卫+中石化楼道管理好房主自荐,900万,82005元/平,低楼层 (共17层) 3室2厅 | 109.75平米 | 东 北 东北,https://ke-image.ljcdn.com/110000-inspection/pc1_WeZ1VyBCB_1.jpg!m_fill,w_280,h_210,f_jpg?from=ke.com
20241030,东城,安定门,101126829258,落地飘窗楼层好视野开阔采光充足配套设施齐全,735万,97675元/平,中楼层 (共16层) 2室1厅 | 75.25平米 | 东,https://ke-image.ljcdn.com/110000-inspection/fae63eda-bb28-4917-a318-5043af20135b_1000.jpg!m_fill,w_280,h_210,f_jpg?from=ke.com
20241030,东城,安定门,101126824052,北二环内 安交板块 方家 中间楼层 小区管理好,780万,143462元/平,中楼层 (共5层) 2室1厅 | 54.37平米 | 南 北,https://ke-image.ljcdn.com/110000-inspection/f4df73cb-3ec6-4087-8ffd-3251cc78e799_1000.jpg!m_fill,w_280,h_210,f_jpg?from=ke.com
20241030,东城,安定门,101126781731,东城安定门 冶金单位分房 管理好临公园,728万,108511元/平,底层 (共6层) 3室1厅 | 67.09平米 | 东 西,https://ke-image.ljcdn.com/110000-inspection/ad9f2401-089d-4b64-8bfc-0ef834d20e14_1000.jpg!m_fill,w_280,h_210,f_jpg?from=ke.com
20241030,东城,安定门,101126747655,安定门  盖在公园里的房子 南北通透3居2卫带地下,1350万,108863元/平,低楼层 (共6层) 3室1厅 | 124.01平米 | 南 北,https://ke-image.ljcdn.com/110000-inspection/d516a379-6505-414e-9941-bf2266de6b7e_1000.jpg!m_fill,w_280,h_210,f_jpg?from=ke.com
20241030,东城,安定门,101126739732,新上单位院家属楼楼龄新管理好看房方便,560万,99769元/平,高楼层 (共6层) 2室1厅 | 56.13平米 | 东 南 西,https://ke-image.ljcdn.com/110000-inspection/f6bcd955-d8b8-4899-8515-8d820d2b14f9_1000.jpg!m_fill,w_280,h_210,f_jpg?from=ke.com
20241030,东城,安定门,101126734628,青年湖东里东北朝向小两居采光好格局好。,450万,108565元/平,顶层 (共6层) 2室1厅 | 41.45平米 | 东 北,https://ke-image.ljcdn.com/110000-inspection/6513867f-7646-4f6e-9d69-7abb1576a5ab_1000.jpg!m_fill,w_280,h_210,f_jpg?from=ke.com
20241030,东城,安定门,101126722960,大四居业主诚意出售有钥匙...,920万,74140元/平,地下室 (共7层) 4室2厅 | 124.09平米 | 东 西,https://ke-image.ljcdn.com/110000-inspection/pc1_TVwsbFBNj_1.jpg!m_fill,w_280,h_210,f_jpg?from=ke.com
20241030,东城,安定门,101126721417,北二环东城安定门有电梯南北两居满五唯一,658万,104412元/平,低楼层 (共12层) 2室1厅 | 63.02平米 | 南 北,https://ke-image.ljcdn.com/110000-inspection/074ceaa3-a2fe-4b30-88b9-80018266b4f8_1000.jpg!m_fill,w_280,h_210,f_jpg?from=ke.com
20241030,东城,安定门,101126718457,青年湖西里小区是由兵器部和中国航天共建而成小区,940万,122063元/平,中楼层 (共5层) 3室1厅 | 77.01平米 | 南 北,https://ke-image.ljcdn.com/110000-inspection/5e781c3b-a4eb-41dc-a04f-a5ead6e311b7_1000.jpg!m_fill,w_280,h_210,f_jpg?from=ke.com
20241030,东城,安定门,101126705172,安外东河沿 3室1厅 东 西北,790万,119102元/平,中楼层 (共16层) 3室1厅 | 66.33平米 | 东 西北,https://ke-image.ljcdn.com/110000-inspection/c1ac7d3e-dd36-4a17-acc4-52e4fb751afe_1000.jpg!m_fill,w_280,h_210,f_jpg?from=ke.com
20241030,东城,安定门,101126698857,青年湖西里带车位三居诚意出售,1150万,157405元/平,底层 (共5层) 3室1厅 | 73.06平米 | 南 北,https://ke-image.ljcdn.com/110000-inspection/21f06a5e-11bf-42a5-a6ef-ede3b4446fc5_1000.jpg!m_fill,w_280,h_210,f_jpg?from=ke.com
20241030,东城,安定门,101126639606,东城安外大街3号院 电梯两居 布局合理 满五年唯一,470万,90542元/平,低楼层 (共12层) 2室1厅 | 51.91平米 | 东 西,https://ke-image.ljcdn.com/110000-inspection/pc1_TGBW6eqgO_1.jpg!m_fill,w_280,h_210,f_jpg?from=ke.com
20241030,东城,安定门,101126617629,东城区卫生局家属楼西南北通透户型采光时间长。房主自荐,771万,122110元/平,低楼层 (共6层) 3室1厅 | 63.14平米 | 南 西 北,https://ke-image.ljcdn.com/110000-inspection/f6727806-5ed2-49ba-b462-2afd9d757e40_1000.jpg!m_fill,w_280,h_210,f_jpg?from=ke.com
20241030,东城,安定门,101126598495,安外西河沿路2号院  全南向 楼层高 采光好,1209万,136118元/平,高楼层 (共14层) 2室1厅 | 88.82平米 | 南,https://ke-image.ljcdn.com/110000-inspection/pc1_m8JYtpypw.jpg!m_fill,w_280,h_210,f_jpg?from=ke.com
20241030,东城,安定门,101126597050,北二环东城和平里2023年新楼,1150万,136386元/平,中楼层 (共16层) 2室1厅 | 84.32平米 | 南 北,https://ke-image.ljcdn.com/110000-inspection/661cb1db-1fc8-4d10-a606-24aa58202715_1000.jpg!m_fill,w_280,h_210,f_jpg?from=ke.com
20241030,东城,安定门,101126565475,全南户型 视野好  采光充足毛坯房 一手业,1150万,129476元/平,低楼层 (共14层) 2室1厅 | 88.82平米 | 南,https://ke-image.ljcdn.com/110000-inspection/63d35923-b940-45a4-9669-2bf966d9cd7a_1000.jpg!m_fill,w_280,h_210,f_jpg?from=ke.com
20241030,东城,安定门,101126551374,安外西河沿路2号院 2室1厅 南,1280万,138874元/平,低楼层 (共8层) 2室1厅 | 92.17平米 | 南,https://ke-image.ljcdn.com/110000-inspection/pc1_huIPmfZ2P_1.jpg!m_fill,w_280,h_210,f_jpg?from=ke.com
20241030,东城,安定门,101126525671,上龙西里高楼层采光好无遮挡,780万,106239元/平,中楼层 (共18层) 2室1厅 | 73.42平米 | 东南,https://ke-image.ljcdn.com/110000-inspection/67bc9c6a-e9d3-47bc-a824-9e3499830fb8_1000.jpg!m_fill,w_280,h_210,f_jpg?from=ke.com
20241030,东城,安定门,101126513510,花园胡同 3居2卫 满5不唯1 产权干净 看房方便,790万,100894元/平,底层 (共6层) 3室1厅 | 78.3平米 | 东 南 西,https://ke-image.ljcdn.com/110000-inspection/c37f46ac-50ce-41d9-820e-ec565a17306c_1000.jpg!m_fill,w_280,h_210,f_jpg?from=ke.com
20241030,东城,安定门,101126471268,永康胡同5号院、安定门、交道口,839万,152880元/平,顶层 (共5层) 2室1厅 | 54.88平米 | 南 北,https://ke-image.ljcdn.com/110000-inspection/2dcd472e-3fdd-403e-a5b0-071893a7ccd9_1000.jpg!m_fill,w_280,h_210,f_jpg?from=ke.com
20241030,东城,安定门,101126470526,青年湖 北二环和平里安定门 下楼公园,700万,114473元/平,顶层 (共12层) 3室1厅 | 61.15平米 | 东 西,https://ke-image.ljcdn.com/110000-inspection/d80389eb-b5ec-47ee-9205-dba82025a68b_1000.jpg!m_fill,w_280,h_210,f_jpg?from=ke.com
20241030,东城,安定门,101126437655,安交 永康胡同 朝南一居 中间层 无遮挡,599万,137071元/平,中楼层 (共6层) 1室1厅 | 43.7平米 | 南,https://ke-image.ljcdn.com/110000-inspection/2794610e-0176-4e32-bc36-2780c807583f_1000.jpg!m_fill,w_280,h_210,f_jpg?from=ke.com
20241030,东城,安定门,101126433140,中景濠庭二环沿线中轴路边2001年大户型,2600万,90325元/平,中楼层 (共22层) 4室2厅 | 287.85平米 | 南 北,https://ke-image.ljcdn.com/110000-inspection/06be7634-29cb-48b4-8d67-d7a38016c646_1000.jpg!m_fill,w_280,h_210,f_jpg?from=ke.com
20241030,东城,安定门,101126379592,北锣鼓巷 1室0厅 南,270万,234783元/平,底层 (共1层) 1室0厅 | 11.5平米 | 南,https://ke-image.ljcdn.com/110000-inspection/f142f1a3-03e8-4a88-9f97-9ace68eaa773_1000.jpg!m_fill,w_280,h_210,f_jpg?from=ke.com
20241030,东城,安定门,101126378051,青年湖东里  诚意卖 精装修,465万,123605元/平,低楼层 (共6层) 1室1厅 | 37.62平米 | 东,https://ke-image.ljcdn.com/110000-inspection/000fad3b-8fe2-4cfc-9842-3ad8c4cd7bc0_1000.jpg!m_fill,w_280,h_210,f_jpg?from=ke.com
20241030,东城,安定门,101126350030,安外东河沿 格局灵动 文联宿舍楼 管理好 诚售中,545万,136353元/平,低楼层 (共20层) 1室1厅 | 39.97平米 | 南,https://ke-image.ljcdn.com/110000-inspection/10a208ad-0966-4917-b1a4-6f1dafb10d2f_1000.jpg!m_fill,w_280,h_210,f_jpg?from=ke.com
20241030,东城,安定门,101126346077,北二环东城05年小区有电梯双卫全明格局三居室,899万,87785元/平,低楼层 (共19层) 3室1厅 | 102.41平米 | 东 南 北,https://ke-image.ljcdn.com/110000-inspection/83344eb6-c633-4453-b033-813aa2d25c18_1000.jpg!m_fill,w_280,h_210,f_jpg?from=ke.com
20241030,东城,安定门,101126278085,湖景苑小区好 东北朝向一居室 满五年唯一 有电梯！,749万,124834元/平,低楼层 (共10层) 1室1厅 | 60平米 | 东,https://ke-image.ljcdn.com/110000-inspection/pc1_tfIaDK1Rq_1.jpg!m_fill,w_280,h_210,f_jpg?from=ke.com
20241030,东城,安定门,101126256994,安德路47号院 2室1厅 北 南,590万,103637元/平,高楼层 (共6层) 2室1厅 | 56.93平米 | 北 南,https://ke-image.ljcdn.com/110000-inspection/ca374773-933c-4688-9a6b-830ba2d53e25_1000.jpg!m_fill,w_280,h_210,f_jpg?from=ke.com
20241030,东城,安定门,101126243769,西营房 正规一居室 交通便利 位置好,470万,84004元/平,中楼层 (共19层) 1室1厅 | 55.95平米 | 东,https://ke-image.ljcdn.com/110000-inspection/418152a6-fc45-4bed-9314-4f3012ba7d4a_1000.jpg!m_fill,w_280,h_210,f_jpg?from=ke.com
20241030,东城,安定门,101126235263,青年湖西里 精装修 南向阳光充足,570万,156896元/平,中楼层 (共5层) 1室1厅 | 36.33平米 | 南,https://ke-image.ljcdn.com/110000-inspection/401c6553-ed14-4197-8744-2ec19584262c_1000.jpg!m_fill,w_280,h_210,f_jpg?from=ke.com
20241030,东城,安定门,101126224381,黄寺大街2号院,580万,96974元/平,顶层 (共6层) 2室1厅 | 59.81平米 | 南 北,https://ke-image.ljcdn.com/110000-inspection/cd0aa0ce-9014-4cfd-98f1-c0e79980017f_1000.jpg!m_fill,w_280,h_210,f_jpg?from=ke.com
20241030,东城,安定门,101126184453,车辇店胡同 1室1厅 南,530万,136142元/平,低楼层 (共11层) 1室1厅 | 38.93平米 | 南,https://ke-image.ljcdn.com/110000-inspection/a1269167-1a1f-49c6-a190-ee49925b44f3_1000.jpg!m_fill,w_280,h_210,f_jpg?from=ke.com
20241030,东城,安定门,101126184075,宝钞胡同 1室0厅 西,216万,360000元/平,底层 (共1层) 1室0厅 | 6平米 | 西,https://ke-image.ljcdn.com/110000-inspection/e04e4cf6-c393-425e-a7c6-38599b4b983e_1000.jpg!m_fill,w_280,h_210,f_jpg?from=ke.com
20241030,东城,安定门,101126163842,和平里六铺炕 北二环外 电梯小区,523万,121037元/平,低楼层 (共16层) 1室1厅 | 43.21平米 | 西,https://ke-image.ljcdn.com/110000-inspection/pc1_86bunzyjA.jpg!m_fill,w_280,h_210,f_jpg?from=ke.com
20241030,东城,安定门,101126147399,东城 和平里青年湖西里南北通透三居房主自荐,760万,133147元/平,顶层 (共5层) 3室1厅 | 57.08平米 | 东 南 北,https://ke-image.ljcdn.com/110000-inspection/pc1_zJVZT7RUc_1.jpg!m_fill,w_280,h_210,f_jpg?from=ke.com
20241030,东城,安定门,101126136665,东城和平里 黄寺大街2号院 低楼层 一居,379万,113951元/平,低楼层 (共6层) 1室1厅 | 33.26平米 | 北,https://ke-image.ljcdn.com/110000-inspection/f7b90946-01e6-49fe-92e6-97ce69ac96ed_1000.jpg!m_fill,w_280,h_210,f_jpg?from=ke.com
20241030,东城,安定门,101126132748,安外东河沿精装修三居室带电梯管理好,859万,113685元/平,中楼层 (共12层) 3室1厅 | 75.56平米 | 东 西,https://ke-image.ljcdn.com/110000-inspection/ef4eb789-fe37-40ec-ad51-e79b8ed65449_1000.jpg!m_fill,w_280,h_210,f_jpg?from=ke.com
20241030,东城,安定门,101126109532,安外东河沿 3室1厅 东 西北,898万,135384元/平,中楼层 (共16层) 3室1厅 | 66.33平米 | 东 西北,https://ke-image.ljcdn.com/110000-inspection/15040f2a-fe8d-4077-a28c-41e91f843444_1000.jpg!m_fill,w_280,h_210,f_jpg?from=ke.com
20241030,东城,安定门,101126051601,交道口 安定门 花园胡同  平房,280万,280000元/平,底层 (共1层) | 2021年 | 1室0厅 | 10平米 | 南,https://ke-image.ljcdn.com/110000-inspection/51fd3f5a-5fc7-4c40-946a-c5d7d8f1682f_1000.jpg!m_fill,w_280,h_210,f_jpg?from=ke.com
20241030,东城,安定门,101126050044,安交板块 方家 永康胡同5号 中间层 精装修,860万,148944元/平,中楼层 (共6层) | 1982年 | 2室1厅 | 57.74平米 | 南 北,https://ke-image.ljcdn.com/110000-inspection/4bc82b10-cd22-4fd5-be64-7a7c338f70b0_1000.jpg!m_fill,w_280,h_210,f_jpg?from=ke.com
20241030,东城,安定门,101126043957,和平里 2006年楼两部电梯电梯直达.,480万,83435元/平,中楼层 (共16层) 1室1厅 | 57.53平米 | 西,https://ke-image.ljcdn.com/110000-inspection/ff9a6ad9-2f46-449a-a6bf-f9edaf60ce24_1000.jpg!m_fill,w_280,h_210,f_jpg?from=ke.com
20241030,东城,安定门,101125992517,满五唯一无遮挡楼龄新有电梯,735万,86349元/平,中楼层 (共19层) 2室1厅 | 85.12平米 | 东,https://ke-image.ljcdn.com/110000-inspection/05a23f37-c498-4bc9-b7f4-1994b51493ba_1000.jpg!m_fill,w_280,h_210,f_jpg?from=ke.com
20241030,东城,安定门,101125946600,安德路47号院一居室,400万,105821元/平,高楼层 (共6层) 1室1厅 | 37.8平米 | 西,https://ke-image.ljcdn.com/110000-inspection/cf97c118-76b4-405a-8e19-23a8d5515954_1000.jpg!m_fill,w_280,h_210,f_jpg?from=ke.com
20241030,东城,安定门,101125931391,南北通透采光视野无遮挡公园旁随时签约,548万,96769元/平,底层 (共6层) 2室1厅 | 56.63平米 | 南 北,https://ke-image.ljcdn.com/110000-inspection/pc1_DQkYj05w9_1.jpg!m_fill,w_280,h_210,f_jpg?from=ke.com
20241030,东城,安定门,101125852261,安外东河沿满五唯一南北通透三居室。,1200万,148222元/平,底层 (共6层) 3室1厅 | 80.96平米 | 南 西 北,https://ke-image.ljcdn.com/110000-inspection/5faf2aa7-a540-4e9b-b12a-eb2d936ab3bb_1000.jpg!m_fill,w_280,h_210,f_jpg?from=ke.com
20241030,东城,安定门,101125796569,安定门  二环河边2023年新房  全南户型楼层好,820万,123476元/平,高楼层 (共11层) 1室1厅 | 66.41平米 | 南,https://ke-image.ljcdn.com/110000-inspection/934433ad-d93b-4396-aeea-87aebfd84c77_1000.jpg!m_fill,w_280,h_210,f_jpg?from=ke.com
20241030,东城,安定门,101125792392,安定门 1997年公园边上全南正规一室一大厅 精装,580万,102910元/平,高楼层 (共10层) 1室1厅 | 56.36平米 | 南,https://ke-image.ljcdn.com/110000-inspection/d1a412e2-2be2-4da8-96db-961c6fda8cbd_1000.jpg!m_fill,w_280,h_210,f_jpg?from=ke.com
20241030,东城,安定门,101125792350,2000年商品房青年湖尽收眼底一体2户精装修,1280万,98583元/平,低楼层 (共8层) 2室2厅 | 129.84平米 | 东 西,https://ke-image.ljcdn.com/110000-inspection/cc22cbf0-2728-4a83-819c-497bee5efbb6_1000.jpg!m_fill,w_280,h_210,f_jpg?from=ke.com
20241030,东城,安定门,101125766807,和平里东房满五唯一商品房位置好交通。,520万,109084元/平,低楼层 (共12层) 2室1厅 | 47.67平米 | 东 西,https://ke-image.ljcdn.com/110000-inspection/pc1_2XCnkSclG.jpg!m_fill,w_280,h_210,f_jpg?from=ke.com
20241030,东城,安定门,101125758743,北二环外  新上精装修三居室  户型方正  诚售,838万,94487元/平,底层 (共4层) 3室1厅 | 88.69平米 | 南 北,https://ke-image.ljcdn.com/110000-inspection/11490176-6389-42c4-805b-963030e27410_1000.jpg!m_fill,w_280,h_210,f_jpg?from=ke.com
20241030,东城,安定门,101125736946,安德路乙61六铺炕旁工人日报东西电梯两居 很诚售,559万,106194元/平,低楼层 (共12层) 2室1厅 | 52.64平米 | 东 西,https://ke-image.ljcdn.com/110000-inspection/pc1_OiE4Srn1r_1.jpg!m_fill,w_280,h_210,f_jpg?from=ke.com
20241030,东城,安定门,101125715875,安德里北街25号院 1室1厅 南 西,440万,93877元/平,低楼层 (共17层) 1室1厅 | 46.87平米 | 南 西,https://ke-image.ljcdn.com/110000-inspection/pc1_EEP4OYG5T_1.jpg!m_fill,w_280,h_210,f_jpg?from=ke.com
20241030,东城,安定门,101125707292,青年湖西里新上两居室 央产房 业主诚心卖,698万,128050元/平,底层 (共5层) 2室1厅 | 54.51平米 | 南 北,https://ke-image.ljcdn.com/110000-inspection/bac5a4d6-bb2b-4f8d-a907-053fbbe48985_1000.jpg!m_fill,w_280,h_210,f_jpg?from=ke.com
20241030,东城,安定门,101125701083,东城和平里青年湖2000年商品房精装修。,890万,116249元/平,低楼层 (共10层) 2室1厅 | 76.56平米 | 东,https://ke-image.ljcdn.com/110000-inspection/43204056-81f5-4ea7-b1f8-9071e6c939a5_1000.jpg!m_fill,w_280,h_210,f_jpg?from=ke.com
20241030,东城,安定门,101125699591,北二环外  东城带客厅一居室  南向  诚售房主自荐,698万,121013元/平,底层 (共10层) 1室1厅 | 57.68平米 | 南,https://ke-image.ljcdn.com/110000-inspection/pc1_q2lyCXHze_1.jpg!m_fill,w_280,h_210,f_jpg?from=ke.com
20241030,东城,安定门,101125655958,北锣鼓巷 1室0厅 南,265万,194853元/平,底层 (共1层) 1室0厅 | 13.6平米 | 南,https://ke-image.ljcdn.com/110000-inspection/71c259d9-e789-4669-b8b3-159e8187073f_1000.jpg!m_fill,w_280,h_210,f_jpg?from=ke.com
20241030,东城,安定门,101125641890,安外西河沿 1室1厅 南,450万,116611元/平,高楼层 (共12层) 1室1厅 | 38.59平米 | 南,https://ke-image.ljcdn.com/110000-inspection/2b0b76ed-8196-4a94-a1a5-2b4eec618e73_1000.jpg!m_fill,w_280,h_210,f_jpg?from=ke.com
20241030,东城,安定门,101125615476,宝钞苑 2室1厅 东 北,460万,57891元/平,地下室 (共7层) 2室1厅 | 79.46平米 | 东 北,https://ke-image.ljcdn.com/110000-inspection/0baafcd2-5f6c-4090-ac84-468d6e5fff51_1000.jpg!m_fill,w_280,h_210,f_jpg?from=ke.com
20241030,东城,安定门,101125476529,安交 方家 东西通透 中间楼层 1居 诚意出售,670万,143870元/平,中楼层 (共7层) 1室1厅 | 46.57平米 | 东 西,https://ke-image.ljcdn.com/110000-inspection/73e00080-f361-48e1-9dcd-69564105f3e2_1000.jpg!m_fill,w_280,h_210,f_jpg?from=ke.com
20241030,东城,安定门,101125465050,安外大街3号院南向三居室观景房采光视野好房主自荐,598万,83438元/平,顶层 (共6层) 2室1厅 | 71.67平米 | 南 西,https://ke-image.ljcdn.com/110000-inspection/pc1_RRlGzh7rN_1.jpg!m_fill,w_280,h_210,f_jpg?from=ke.com
20241030,东城,安定门,101125454407,后肖家胡同 1室0厅 东,355万,244828元/平,底层 (共1层) 1室0厅 | 14.5平米 | 东,https://ke-image.ljcdn.com/110000-inspection/a42516bb-3cf3-4a8f-a0d8-67ef19b9f39e_1000.jpg!m_fill,w_280,h_210,f_jpg?from=ke.com
20241030,东城,安定门,101125433028,户型方正无遮挡南北两居室 青年湖公园,698万,115296元/平,底层 (共6层) 2室1厅 | 60.54平米 | 南 北,https://ke-image.ljcdn.com/110000-inspection/93bc184e-03a4-4c68-86cc-d903247dcdab_1000.jpg!m_fill,w_280,h_210,f_jpg?from=ke.com
20241030,东城,安定门,101125414157,安定门   和平里  南北通透大2居室  2梯2户,1230万,98503元/平,中楼层 (共14层) 2室1厅 | 124.87平米 | 南 北,https://ke-image.ljcdn.com/110000-inspection/6b7c4d95-59cd-4539-9c67-4b08c2d5c827_1000.jpg!m_fill,w_280,h_210,f_jpg?from=ke.com
20241030,东城,安定门,101125413627,六铺炕 2室1厅 东 西,599万,104102元/平,顶层 (共6层) 2室1厅 | 57.54平米 | 东 西,https://ke-image.ljcdn.com/110000-inspection/6ab29e4e-efb0-45c0-b398-b71444c007f9_1000.jpg!m_fill,w_280,h_210,f_jpg?from=ke.com
20241030,东城,安定门,101125412320,永康胡同1号院二居出售好户型东西南可以看房主自荐,860万,128955元/平,底层 (共7层) 2室1厅 | 66.69平米 | 东 西,https://ke-image.ljcdn.com/110000-inspection/4d93bf2b-8dc1-4e8b-9f77-c39bc53a6d30_1000.jpg!m_fill,w_280,h_210,f_jpg?from=ke.com
20241030,东城,安定门,101125399455,小区新物业管理好 不认识进不去小区商品房 户型方正房主自荐,645万,96862元/平,中楼层 (共18层) 1室1厅 | 66.59平米 | 西南,https://ke-image.ljcdn.com/110000-inspection/f532d79b-197e-42ed-a79f-5c8abfe195ae_1000.jpg!m_fill,w_280,h_210,f_jpg?from=ke.com
20241030,东城,安定门,101125386071,精装东城两居室业主诚意出售看房方便随时签约,585万,104409元/平,低楼层 (共12层) 2室1厅 | 56.03平米 | 东 西,https://ke-image.ljcdn.com/110000-inspection/pc1_zlHM1qMwL_1.jpg!m_fill,w_280,h_210,f_jpg?from=ke.com
20241030,东城,安定门,101125361927,青年湖 朝南向 户型方正 低楼层 管理好,489万,99674元/平,低楼层 (共6层) 2室1厅 | 49.06平米 | 南,https://ke-image.ljcdn.com/110000-inspection/73157522-92d9-466f-af5b-36bd925da20b_1000.jpg!m_fill,w_280,h_210,f_jpg?from=ke.com
20241030,东城,安定门,101125358021,六铺炕 2室1厅 西北,738万,118422元/平,中楼层 (共16层) 2室1厅 | 62.32平米 | 西北,https://ke-image.ljcdn.com/110000-inspection/1cde8c1f-bdd9-413a-a461-0d8c93b3058c_1000.jpg!m_fill,w_280,h_210,f_jpg?from=ke.com
20241030,东城,安定门,101125313953,宝钞胡同中间楼层南北通透两居室单位分房满五,660万,117690元/平,中楼层 (共6层) 2室1厅 | 56.08平米 | 南 北,https://ke-image.ljcdn.com/110000-inspection/c5d1e565-4d99-4ac0-b1b2-1345e1778621_1000.jpg!m_fill,w_280,h_210,f_jpg?from=ke.com
20241030,东城,安定门,101125309299,青年湖北里中间楼层两居室明厨明卫有钥匙诚心卖,495万,93256元/平,中楼层 (共6层) 2室1厅 | 53.08平米 | 东 西,https://ke-image.ljcdn.com/110000-inspection/pc1_PH3e0eaft_1.jpg!m_fill,w_280,h_210,f_jpg?from=ke.com
20241030,东城,安定门,101125305932,和平里东城央产房全明三居南北通透房主自荐,648万,83003元/平,顶层 (共6层) 3室1厅 | 78.07平米 | 南 西 北,https://ke-image.ljcdn.com/110000-inspection/6412b0fb-242e-46db-8127-b8611ad7e2d5_1000.jpg!m_fill,w_280,h_210,f_jpg?from=ke.com
20241030,东城,安定门,101125304451,此房满五唯一北二环 朝南 无遮挡 采光视野好,398万,87724元/平,顶层 (共6层) 1室1厅 | 45.37平米 | 南,https://ke-image.ljcdn.com/110000-inspection/5dc5eac2-90e0-47bb-a704-b067c96e9d93_1000.jpg!m_fill,w_280,h_210,f_jpg?from=ke.com
20241030,东城,安定门,101125294121,湖景苑满五年唯一电梯直达南北通透高楼层视野好,1025万,121202元/平,中楼层 (共10层) 3室1厅 | 84.57平米 | 南 北,https://ke-image.ljcdn.com/110000-inspection/fbb28e1f-11cd-41a2-a280-7abeae6776fe_1000.jpg!m_fill,w_280,h_210,f_jpg?from=ke.com
20241030,东城,安定门,101125260713,工商银行 朝南向 优质电梯 管理好 交通便利,560万,103800元/平,顶层 (共18层) 1室1厅 | 53.95平米 | 南,https://ke-image.ljcdn.com/110000-inspection/pc1_ZSX1tGtlQ_1.jpg!m_fill,w_280,h_210,f_jpg?from=ke.com
20241030,东城,安定门,101125258786,97年的央产家属楼 管理好 挨着公园 楼层视野好,870万,117887元/平,高楼层 (共18层) 2室2厅 | 73.8平米 | 东南,https://ke-image.ljcdn.com/110000-inspection/pc1_H5i2xJIqJ_1.jpg!m_fill,w_280,h_210,f_jpg?from=ke.com
20241030,东城,安定门,101125228276,北三环内2001年商品房 高层观景 精装修 采光好,1150万,83704元/平,中楼层 (共19层) 3室1厅 | 137.39平米 | 西南,https://ke-image.ljcdn.com/110000-inspection/pc1_l0gUfI11e.jpg!m_fill,w_280,h_210,f_jpg?from=ke.com
20241030,东城,安定门,101125211566,六铺炕 3室1厅 南 北,950万,107091元/平,中楼层 (共12层) 3室1厅 | 88.71平米 | 南 北,https://ke-image.ljcdn.com/110000-inspection/pc1_CcMD0BfJW_1.jpg!m_fill,w_280,h_210,f_jpg?from=ke.com
20241030,东城,安定门,101125205742,电梯房满5年出行方便配套齐全,630万,114567元/平,低楼层 (共16层) 2室1厅 | 54.99平米 | 东,https://ke-image.ljcdn.com/110000-inspection/pc1_ehDfPWx1t_1.jpg!m_fill,w_280,h_210,f_jpg?from=ke.com
20241030,东城,安定门,101125196113,安德路47号院成本不高三居精装修有管理。,440万,69964元/平,地下室 (共7层) 3室1厅 | 62.89平米 | 南,https://ke-image.ljcdn.com/110000-inspection/9d7a7490-03ba-4392-964a-2df7d6a432de_1000.jpg!m_fill,w_280,h_210,f_jpg?from=ke.com
20241030,东城,安定门,101125186785,永康胡同1号院 1室1厅 西北,575万,122081元/平,中楼层 (共7层) 1室1厅 | 47.1平米 | 西北,https://ke-image.ljcdn.com/110000-inspection/8831b8ec-89ed-4dad-907f-27d67d234a5e_1000.jpg!m_fill,w_280,h_210,f_jpg?from=ke.com
20241030,东城,安定门,101125169009,安定门  和平里 公园边上西南2居室户型好 位置好,660万,102517元/平,低楼层 (共18层) 2室1厅 | 64.38平米 | 西南,https://ke-image.ljcdn.com/110000-inspection/c74ed3d4-9b4f-4c33-937b-b5c72d77b8d1_1000.jpg!m_fill,w_280,h_210,f_jpg?from=ke.com
20241030,东城,安定门,101125169072,安定门 和平里  全南电梯2居室户型方正 诚意出售,680万,98040元/平,低楼层 (共18层) 2室1厅 | 69.36平米 | 南 东,https://ke-image.ljcdn.com/110000-inspection/2fd58a9f-3f8e-4e63-acb5-2600cfeaf7d1_1000.jpg!m_fill,w_280,h_210,f_jpg?from=ke.com
20241030,东城,安定门,101125142724,上龙西里、青年湖公园、安定门优质一居室,520万,99180元/平,低楼层 (共18层) 1室1厅 | 52.43平米 | 东 南,https://ke-image.ljcdn.com/110000-inspection/59ea9645-23c8-495b-8dc9-9cf24b4392e5_1000.jpg!m_fill,w_280,h_210,f_jpg?from=ke.com
20241030,东城,安定门,101125141989,田字格 板楼 南北通透位置好采光好无遮挡 不临街,760万,99516元/平,中楼层 (共5层) 3室1厅 | 76.37平米 | 南 北,https://ke-image.ljcdn.com/110000-inspection/pc1_OLE7mpa1R.jpg!m_fill,w_280,h_210,f_jpg?from=ke.com
20241030,东城,安定门,101125120476,安德里北街25号院 2室1厅 西 北,630万,100833元/平,低楼层 (共17层) 2室1厅 | 62.48平米 | 西 北,https://ke-image.ljcdn.com/110000-inspection/pc1_l9WD4DtlP.jpg!m_fill,w_280,h_210,f_jpg?from=ke.com
20241030,东城,安定门,101125080366,中景濠庭  2002年商品房小区 精装修 优质房源,699万,94193元/平,低楼层 (共22层) 2室1厅 | 74.21平米 | 北,https://ke-image.ljcdn.com/110000-inspection/a4c46375-0917-4cda-8c64-d3d184a15a6c_1000.jpg!m_fill,w_280,h_210,f_jpg?from=ke.com
20241030,东城,安定门,101124975391,北二环外  西南三居  户型方正  满五年 诚售,1500万,125545元/平,底层 (共10层) 3室2厅 | 119.48平米 | 南 西 北,https://ke-image.ljcdn.com/110000-inspection/26f5acb5-b565-42cf-b241-af905f9990f7_1000.jpg!m_fill,w_280,h_210,f_jpg?from=ke.com
20241030,东城,安定门,101124974883,地兴居 花园洋房小区 1997年 改造后管理好,900万,103508元/平,顶层 (共6层) 3室1厅 | 86.95平米 | 南 北,https://ke-image.ljcdn.com/110000-inspection/2e0282bb-a4d5-4447-a57b-b4943d301e43_1000.jpg!m_fill,w_280,h_210,f_jpg?from=ke.com
20241030,东城,安定门,101124930938,和平里 青年湖北里 青年湖公园 柳荫湖公园门口,510万,81392元/平,高楼层 (共6层) 2室1厅 | 62.66平米 | 东 西,https://ke-image.ljcdn.com/110000-inspection/608da51c-98cc-4578-b4e9-0b285e03af80_1000.jpg!m_fill,w_280,h_210,f_jpg?from=ke.com
20241030,东城,安定门,101124928129,和平里青年湖公园东南角大一居,550万,104246元/平,底层 (共18层) 1室1厅 | 52.76平米 | 南,https://ke-image.ljcdn.com/110000-inspection/pc1_EuKyVtl09.jpg!m_fill,w_280,h_210,f_jpg?from=ke.com
20241030,东城,安定门,101124915199,华府景园 品质楼盘 人文素质高 视野好 采光好,750万,99668元/平,中楼层 (共16层) 2室1厅 | 75.25平米 | 东,https://ke-image.ljcdn.com/110000-inspection/7e974bc4-dfc3-4156-8c93-4ace21f101d8_1000.jpg!m_fill,w_280,h_210,f_jpg?from=ke.com
20241030,东城,安定门,101124865405,东城区和平里 青年湖 精装修全屋定制 电梯房,650万,101897元/平,顶层 (共18层) 2室1厅 | 63.79平米 | 南,https://ke-image.ljcdn.com/110000-inspection/db858ef4-8494-4200-b0bf-1ad96e695c0b_1000.jpg!m_fill,w_280,h_210,f_jpg?from=ke.com
20241030,东城,安定门,101124826314,青年湖东里  紧凑小三居 自住出租都合适 房改房,620万,100503元/平,高楼层 (共6层) 3室1厅 | 61.69平米 | 东 西,https://ke-image.ljcdn.com/110000-inspection/35a1a1af-8e4d-4c86-b3ab-275b0b78502d_1000.jpg!m_fill,w_280,h_210,f_jpg?from=ke.com
20241030,东城,安定门,101124816395,安德路47号院精装修南北通透全明户型大一居室,460万,93477元/平,顶层 (共5层) 1室1厅 | 49.21平米 | 南 北,https://ke-image.ljcdn.com/110000-inspection/65b8509e-5c97-4857-aba0-ecc80497b0f0_1000.jpg!m_fill,w_280,h_210,f_jpg?from=ke.com
20241030,东城,安定门,101124707127,安德路47号院 3室1厅 东 西,580万,84512元/平,顶层 (共6层) 3室1厅 | 68.63平米 | 东 西,https://ke-image.ljcdn.com/110000-inspection/pc1_FLRppZPag.jpg!m_fill,w_280,h_210,f_jpg?from=ke.com
20241030,东城,安定门,101124670585,六铺炕两居室=石油部家属楼=地铁站100米,600万,111380元/平,高楼层 (共10层) 2室1厅 | 53.87平米 | 东 西,https://ke-image.ljcdn.com/110000-inspection/pc1_HInb1US0U.jpg!m_fill,w_280,h_210,f_jpg?from=ke.com
20241030,东城,安定门,101124663604,东城中石油家属院单独管理  产权清晰 精装修两居室,750万,124111元/平,低楼层 (共10层) 2室1厅 | 60.43平米 | 东,https://ke-image.ljcdn.com/110000-inspection/pc1_i7NG1MgF1.jpg!m_fill,w_280,h_210,f_jpg?from=ke.com
20241030,东城,安定门,101124649682,单独的管理  可以停车  精装修2居室,710万,96836元/平,高楼层 (共18层) 2室0厅 | 73.32平米 | 东北,https://ke-image.ljcdn.com/110000-inspection/3eb7053d-2748-4ef9-a73c-2745df6d2ed8_1000.jpg!m_fill,w_280,h_210,f_jpg?from=ke.com
20241030,东城,安定门,101124606682,满二年  产权清晰 签约随时 南北通透房主自荐,580万,142682元/平,顶层 (共6层) 1室1厅 | 40.65平米 | 南 北,https://ke-image.ljcdn.com/110000-inspection/5f2a8fc4-8da9-4fa8-8b36-a293a19c240e_1000.jpg!m_fill,w_280,h_210,f_jpg?from=ke.com
20241030,东城,安定门,101124605141,东城六铺炕全明格局三居室适合有老人小孩,730万,100317元/平,底层 (共5层) 3室0厅 | 72.77平米 | 东 西,https://ke-image.ljcdn.com/110000-inspection/pc1_p5A72HlMH_1.jpg!m_fill,w_280,h_210,f_jpg?from=ke.com
20241030,东城,安定门,101124504007,青年湖南街6号院 环境好 采光无遮挡 车位充足,618万,106186元/平,中楼层 (共6层) 2室1厅 | 58.2平米 | 南 北,https://ke-image.ljcdn.com/110000-inspection/5c6ede0c-65d9-4200-be37-3c646fc07866_1000.jpg!m_fill,w_280,h_210,f_jpg?from=ke.com
20241030,东城,安定门,101124486400,南北通透精装修满五唯一业主诚售,635万,116578元/平,顶层 (共5层) 2室1厅 | 54.47平米 | 南 北,https://ke-image.ljcdn.com/110000-inspection/pc1_zw5L1AFUr.jpg!m_fill,w_280,h_210,f_jpg?from=ke.com
20241030,东城,安定门,101124476441,湖景苑商品房楼盘中高楼层观景房双卫生间房主自荐,1199万,92345元/平,高楼层 (共8层) 2室2厅 | 129.84平米 | 西 东,https://ke-image.ljcdn.com/110000-inspection/134f8c82-a61d-491c-9c50-08f8dab1b0d8_1000.jpg!m_fill,w_280,h_210,f_jpg?from=ke.com
20241030,东城,安定门,101124473915,安德路47号院 三居室 格局好 不临街 无遮挡,735万,104941元/平,低楼层 (共6层) 3室1厅 | 70.04平米 | 东 西,https://ke-image.ljcdn.com/110000-inspection/pc1_T9nMyLDPA.jpg!m_fill,w_280,h_210,f_jpg?from=ke.com
20241030,东城,安定门,101124437808,鼓楼外大街52号楼青年湖附近精装购置成本低,588万,132493元/平,低楼层 (共11层) 1室1厅 | 44.38平米 | 东,https://ke-image.ljcdn.com/110000-inspection/pc1_F8V9heGHH.jpg!m_fill,w_280,h_210,f_jpg?from=ke.com
20241030,东城,安定门,101124419963,安德路乙61号院工人日报社央产房管理好新换电梯房主自荐,650万,111074元/平,中楼层 (共14层) 2室1厅 | 58.52平米 | 西,https://ke-image.ljcdn.com/110000-inspection/9fc0f86c-a4d0-4b32-bfcf-785199c2187b_1000.jpg!m_fill,w_280,h_210,f_jpg?from=ke.com
20241030,东城,安定门,101124387982,安定门 交道口 满五唯一 单位分房 中间楼层两居室,560万,124917元/平,中楼层 (共5层) 2室1厅 | 44.83平米 | 南 北,https://ke-image.ljcdn.com/110000-inspection/43236528-de0e-4f28-a94e-e30c6f5e3ea3_1000.jpg!m_fill,w_280,h_210,f_jpg?from=ke.com
20241030,东城,安定门,101124381695,东城区安定门双南两居室采光无遮挡,498万,85202元/平,中楼层 (共6层) 2室1厅 | 58.45平米 | 南 北,https://ke-image.ljcdn.com/110000-inspection/332b502d-479a-4e60-89c1-47a8c6009524_1000.jpg!m_fill,w_280,h_210,f_jpg?from=ke.com
20241030,东城,安定门,101124379909,安德里北街25号院双东向两居室,516万,95929元/平,中楼层 (共17层) 2室1厅 | 53.79平米 | 东,https://ke-image.ljcdn.com/110000-inspection/0b34fe77-3999-414c-a836-67fdcf8a7356_1000.jpg!m_fill,w_280,h_210,f_jpg?from=ke.com
20241030,东城,安定门,101124334462,上龙西里朝东向大两居电梯直达视野开阔无遮挡房主自荐,799万,90786元/平,高楼层 (共11层) 2室1厅 | 88.01平米 | 东,https://ke-image.ljcdn.com/110000-inspection/379e6525-9ff4-4d3b-aa5e-5716d77f4f39_1000.jpg!m_fill,w_280,h_210,f_jpg?from=ke.com
20241030,东城,安定门,101124071170,下楼就是青年湖公园1995年建成、南北通透板楼社区房主自荐,558万,83721元/平,顶层 (共6层) 2室1厅 | 66.65平米 | 南 北,https://ke-image.ljcdn.com/110000-inspection/dd208005-80d8-4e2b-b086-0c71eba52af3_1000.jpg!m_fill,w_280,h_210,f_jpg?from=ke.com
20241030,东城,安定门,101124022402,东城区 青年湖东里 小户型朝南 中间楼层 随时签约,480万,114286元/平,中楼层 (共6层) 1室1厅 | 42平米 | 南 北,https://ke-image.ljcdn.com/110000-inspection/1e664168-e336-4eb6-8d2a-7ac1d6c0759b_1000.jpg!m_fill,w_280,h_210,f_jpg?from=ke.com
20241030,东城,安定门,101123988647,六铺炕南向全明户型业主诚意出售看房子方便价钱可谈,499万,114687元/平,中楼层 (共6层) 1室1厅 | 43.51平米 | 南,https://ke-image.ljcdn.com/110000-inspection/pc1_U7851Xtor.jpg!m_fill,w_280,h_210,f_jpg?from=ke.com
20241030,东城,安定门,101123924717,青年湖鼓楼鼓楼外大街52号电梯,900万,112571元/平,中楼层 (共11层) 3室1厅 | 79.95平米 | 东 南 西,https://ke-image.ljcdn.com/110000-inspection/7fe67ca6-1f1d-460c-a5b7-70201f2012d8_1000.jpg!m_fill,w_280,h_210,f_jpg?from=ke.com
20241030,东城,安定门,101123864856,永康胡同1号院 方家 两居 看房方便 诚心出售,780万,116471元/平,中楼层 (共7层) 2室1厅 | 66.97平米 | 东 南 西,https://ke-image.ljcdn.com/110000-inspection/c1c76579-ec5d-4bec-be42-349d9b84f9c6_1000.jpg!m_fill,w_280,h_210,f_jpg?from=ke.com
20241030,东城,安定门,101123791033,北二环东城05年小区西营房全南朝向两居有电梯,1000万,101000元/平,低楼层 (共16层) 2室1厅 | 99.01平米 | 南,https://ke-image.ljcdn.com/110000-inspection/8d1a703f-af68-4d4f-b030-b41d76b7892f_1000.jpg!m_fill,w_280,h_210,f_jpg?from=ke.com
20241030,东城,安定门,101123784489,花园东巷平房一间业主诚意出售价格能谈,240万,172662元/平,底层 (共1层) 1室0厅 | 13.9平米 | 西,https://ke-image.ljcdn.com/110000-inspection/befcaf38-0c0c-472f-b8ec-7144002997eb_1000.jpg!m_fill,w_280,h_210,f_jpg?from=ke.com
20241030,东城,安定门,101123785221,安交方家国子监街诚意出售。,298万,224061元/平,底层 (共1层) 1室0厅 | 13.3平米 | 南,https://ke-image.ljcdn.com/110000-inspection/pc1_F9SuIKcYD.jpg!m_fill,w_280,h_210,f_jpg?from=ke.com
20241030,东城,安定门,101123708264,青年湖公园旁边 青年湖东里一居室 不临街 无遮挡房主自荐,530万,105222元/平,底层 (共6层) 1室1厅 | 50.37平米 | 东,https://ke-image.ljcdn.com/110000-inspection/61377459-eb32-40db-8203-730e38e7d57b_1000.jpg!m_fill,w_280,h_210,f_jpg?from=ke.com
20241030,东城,安定门,101123609950,永康胡同1号院 小户型1居 东西通透 产权干净 随时签约,650万,138122元/平,中楼层 (共7层) 1室1厅 | 47.06平米 | 东 西,https://ke-image.ljcdn.com/110000-inspection/dfb7128a-ac17-4837-aa5e-4a4ad91e0419_1000.jpg!m_fill,w_280,h_210,f_jpg?from=ke.com
20241030,东城,安定门,101123572678,西营房胡同中高层2022年精装南向挂西窗无遮挡,1060万,118212元/平,中楼层 (共16层) | 2005年 | 2室1厅 | 89.67平米 | 西南,https://ke-image.ljcdn.com/110000-inspection/724f84b6-d58f-4475-943a-d75a75637017_1000.jpg!m_fill,w_280,h_210,f_jpg?from=ke.com
20241030,东城,安定门,101123562218,安交 永康胡同 朝南一居 中间层  采光位置好房主自荐,632万,148218元/平,低楼层 (共6层) 1室1厅 | 42.64平米 | 南,https://ke-image.ljcdn.com/110000-inspection/d0210b14-32ed-4f09-adab-7f3f567ef00a_1000.jpg!m_fill,w_280,h_210,f_jpg?from=ke.com
20241030,东城,安定门,101123558526,满五年商务部分房有管理、精装修小户型格局 钢混,486万,129187元/平,底层 (共20层) 1室1厅 | 37.62平米 | 东南,https://ke-image.ljcdn.com/110000-inspection/pc1_zfhVOCcFd.jpg!m_fill,w_280,h_210,f_jpg?from=ke.com
20241030,东城,安定门,101123539587,官书院 南北通透3居2卫 低楼层采光好 有车位 随时签约,1690万,136225元/平,低楼层 (共6层) 3室2厅 | 124.06平米 | 南 北,https://ke-image.ljcdn.com/110000-inspection/3361db23-d236-4ca5-b5ea-d3a7832d30eb_1000.jpg!m_fill,w_280,h_210,f_jpg?from=ke.com
20241030,东城,安定门,101123533558,安定门公园边上商品房社区南北通透3居2卫诚意卖,1830万,113264元/平,中楼层 (共22层) 3室2厅 | 161.57平米 | 南 北,https://ke-image.ljcdn.com/110000-inspection/f401f4f1-e74f-4a33-84f8-cbc9673fd51c_1000.jpg!m_fill,w_280,h_210,f_jpg?from=ke.com
20241030,东城,安定门,101123452504,安外西河沿路1号院 2019年房龄 安定门 青年湖公园,830万,123201元/平,高楼层 (共21层) 1室1厅 | 67.37平米 | 东,https://ke-image.ljcdn.com/110000-inspection/ffecd3d7-5fba-4d53-b503-4af456798839_1000.jpg!m_fill,w_280,h_210,f_jpg?from=ke.com
20241030,东城,安定门,101123431652,黄寺大街28号院 经典带电梯2居,576万,92964元/平,低楼层 (共14层) 2室1厅 | 61.96平米 | 东南,https://ke-image.ljcdn.com/110000-inspection/37461e7c-726e-46f7-915b-71809cdf309f_1000.jpg!m_fill,w_280,h_210,f_jpg?from=ke.com
20241030,东城,安定门,101123409017,鼓楼桥北=六铺炕一区东侧=日报家属院=有车位=自管物业,666万,112273元/平,顶层 (共12层) 2室1厅 | 59.32平米 | 东,https://ke-image.ljcdn.com/110000-inspection/pc1_vshP8PBDA.jpg!m_fill,w_280,h_210,f_jpg?from=ke.com
20241030,东城,安定门,101123368952,和平里青年湖公园北门精装修朝南一居房主自荐,420万,101279元/平,高楼层 (共6层) 1室1厅 | 41.47平米 | 南,https://ke-image.ljcdn.com/110000-inspection/pc1_h6unNLaIR.jpg!m_fill,w_280,h_210,f_jpg?from=ke.com
20241030,东城,安定门,101123274574,北锣鼓巷 1室1厅 东,195万,163866元/平,底层 (共1层) 1室1厅 | 11.9平米 | 东,https://ke-image.ljcdn.com/110000-inspection/pc1_XelLKDGGk_1.jpg!m_fill,w_280,h_210,f_jpg?from=ke.com
20241030,东城,安定门,101123236017,精装修 优质两居全天候高亮采光 完善社区管理,565万,97080元/平,高楼层 (共6层) 2室1厅 | 58.2平米 | 南 北,https://ke-image.ljcdn.com/110000-inspection/pc1_enzxsSbwA.jpg!m_fill,w_280,h_210,f_jpg?from=ke.com
20241030,东城,安定门,101123227564,北二环东城05年小区有电梯一居,480万,132195元/平,中楼层 (共17层) 1室0厅 | 36.31平米 | 北,https://ke-image.ljcdn.com/110000-inspection/eaae5a3e-4d82-44ce-8650-3eee5bacda53_1000.jpg!m_fill,w_280,h_210,f_jpg?from=ke.com
20241030,东城,安定门,101123226949,中绦胡同甲2号院 南北通透 精装两居 随时签约,790万,133559元/平,中楼层 (共6层) 2室1厅 | 59.15平米 | 南 北,https://ke-image.ljcdn.com/110000-inspection/101a110f-894a-485e-a12a-c1350be3dd97_1000.jpg!m_fill,w_280,h_210,f_jpg?from=ke.com
20241030,东城,安定门,101123192487,六铺炕 2室1厅 南,655万,147856元/平,高楼层 (共6层) 2室1厅 | 44.3平米 | 南,https://ke-image.ljcdn.com/110000-inspection/pc1_z4iRvCmJv.jpg!m_fill,w_280,h_210,f_jpg?from=ke.com
20241030,东城,安定门,101123120725,不要看报价！市场价就卖！+环境好+三居+楼层合适老人,720万,114943元/平,底层 (共12层) 3室1厅 | 62.64平米 | 南 北,https://ke-image.ljcdn.com/110000-inspection/pc1_Yq92f4Icw.jpg!m_fill,w_280,h_210,f_jpg?from=ke.com
20241030,东城,安定门,101123081903,电梯直达 满五年唯一  精装修安德路乙61号院,720万,121356元/平,中楼层 (共12层) 2室1厅 | 59.33平米 | 东 西,https://ke-image.ljcdn.com/110000-inspection/313a1d0d-f064-4562-990e-d1c1897b7dca_1000.jpg!m_fill,w_280,h_210,f_jpg?from=ke.com
20241030,东城,安定门,101123065906,东城区 安德路乙61号院 南北通透两居室房主自荐,658万,125000元/平,高楼层 (共12层) 2室1厅 | 52.64平米 | 南 北,https://ke-image.ljcdn.com/110000-inspection/ae11b173-8058-4462-aacc-3d960673cae0_1000.jpg!m_fill,w_280,h_210,f_jpg?from=ke.com
20241030,东城,安定门,101123062670,总监力荐安定门明厅大两居室看房方便随时可约,720万,105125元/平,低楼层 (共18层) 2室1厅 | 68.49平米 | 东南,https://ke-image.ljcdn.com/110000-inspection/714eec38-400d-4ab4-b21e-d064be198dd0_1000.jpg!m_fill,w_280,h_210,f_jpg?from=ke.com
20241030,东城,安定门,101122930732,大区聚焦房 南北通透全明格局 精装中间楼层好 诚心卖,830万,140322元/平,中楼层 (共6层) 2室1厅 | 59.15平米 | 南 北,https://ke-image.ljcdn.com/110000-inspection/d06f96ab-5e7b-4b36-91ab-d77984089a7e_1000.jpg!m_fill,w_280,h_210,f_jpg?from=ke.com
20241030,东城,安定门,101122829045,黄寺大街28号院 精装1居室 业主诚心出售房主自荐,385万,89452元/平,高楼层 (共15层) | 1989年 | 1室1厅 | 43.04平米 | 西,https://ke-image.ljcdn.com/110000-inspection/pc1_vguSvKfXI_1.jpg!m_fill,w_280,h_210,f_jpg?from=ke.com
20241030,东城,安定门,101122621983,东城北二环19年新建小区高层有电梯朝南一居,858万,139899元/平,高楼层 (共21层) 1室1厅 | 61.33平米 | 南,https://ke-image.ljcdn.com/110000-inspection/pc1_9UGGOpDis.jpg!m_fill,w_280,h_210,f_jpg?from=ke.com
20241030,东城,安定门,101122569229,安交板块 北锣鼓巷 北二环 安定门 精装修 平房,320万,235295元/平,底层 (共1层) 1室0厅 | 13.6平米 | 南,https://ke-image.ljcdn.com/110000-inspection/16875b3a-d755-4839-8314-efeeb8c785dd_1000.jpg!m_fill,w_280,h_210,f_jpg?from=ke.com
20241030,东城,安定门,101122430113,此房是南北通透以前中石油单位中间楼层,759万,132809元/平,中楼层 (共5层) 2室1厅 | 57.15平米 | 南 北,https://ke-image.ljcdn.com/110000-inspection/pc1_iJFWXQbqN.jpg!m_fill,w_280,h_210,f_jpg?from=ke.com
20241030,东城,安定门,101122334983,安交  中间层南向一居室精装修  国祥胡同4号院,588万,162342元/平,中楼层 (共5层) 1室1厅 | 36.22平米 | 南,https://ke-image.ljcdn.com/110000-inspection/524c8e83-0e49-4184-97f6-5eac0315d8d7_1000.jpg!m_fill,w_280,h_210,f_jpg?from=ke.com
20241030,东城,安定门,101122042385,东城安交 教师楼 中间层 南向一居室 小区可停车,560万,138958元/平,中楼层 (共6层) 1室1厅 | 40.3平米 | 南,https://ke-image.ljcdn.com/110000-inspection/e4d81f9d-88a8-4674-8666-019bd445551f_1000.jpg!m_fill,w_280,h_210,f_jpg?from=ke.com
20241030,东城,安定门,101121795728,安德路乙61号院满五年央产房 电梯直达,753万,112979元/平,中楼层 (共12层) 3室1厅 | 66.65平米 | 东 西,https://ke-image.ljcdn.com/110000-inspection/pc1_nPFLJ4A5I.jpg!m_fill,w_280,h_210,f_jpg?from=ke.com
20241030,东城,安定门,101121666018,东城区 六铺炕 全朝南两居室 采光好！,910万,123793元/平,中楼层 (共16层) 2室1厅 | 73.51平米 | 南,https://ke-image.ljcdn.com/110000-inspection/079ae4d9-e4f6-4b18-aeb0-56ebdad6bd9b_1000.jpg!m_fill,w_280,h_210,f_jpg?from=ke.com
20241030,东城,安定门,101121646701,总监力荐管理好户型好上下楼有电梯。,648万,97108元/平,低楼层 (共10层) 2室1厅 | 66.73平米 | 东 西,https://ke-image.ljcdn.com/110000-inspection/cc779e77-f28c-45ea-a373-64fb26266057_1000.jpg!m_fill,w_280,h_210,f_jpg?from=ke.com
20241030,东城,安定门,101121633471,东城和平里六铺炕。满五年石油单位分房业主诚意出售,588万,116621元/平,高楼层 (共6层) 2室1厅 | 50.42平米 | 东,https://ke-image.ljcdn.com/110000-inspection/pc1_tTQkV7mDP.jpg!m_fill,w_280,h_210,f_jpg?from=ke.com
20241030,东城,安定门,101121384785,赵府街私产平房 手续齐全 随时交易 看房方便,248万,171035元/平,底层 (共1层) 1室0厅 | 14.5平米 | 东,https://ke-image.ljcdn.com/110000-inspection/ac37531e-c88f-4a9d-a568-1dea1be77e58_1000.jpg!m_fill,w_280,h_210,f_jpg?from=ke.com
20241030,东城,安定门,101121211882,近公园近地铁近和四精装修有电梯户型少,559万,156847元/平,低楼层 (共9层) 1室1厅 | 35.64平米 | 东 北,https://ke-image.ljcdn.com/110000-inspection/cb03ced0-ab0f-49fe-bc8e-da127a485a08_1000.jpg!m_fill,w_280,h_210,f_jpg?from=ke.com
20241030,东城,安定门,101121061350,安德路乙61号院两居室随时签约。,600万,129339元/平,中楼层 (共14层) 2室1厅 | 46.39平米 | 东,https://ke-image.ljcdn.com/110000-inspection/pc1_J0otnieb3.jpg!m_fill,w_280,h_210,f_jpg?from=ke.com
20241030,东城,安定门,101121059437,约谈有惊喜+青年湖+九零后+精品大一居+电梯+看房方便,585万,124814元/平,高楼层 (共17层) 1室1厅 | 46.87平米 | 西南,https://ke-image.ljcdn.com/110000-inspection/pc1_L7Res1DOc.jpg!m_fill,w_280,h_210,f_jpg?from=ke.com
20241030,东城,安定门,101120887876,安交 中绦胡同甲2号 满五年 低楼层 采光充足无遮挡房主自荐,738万,139377元/平,底层 (共6层) 2室1厅 | 52.95平米 | 南,https://ke-image.ljcdn.com/110000-inspection/pc1_ALgvmsQKi.jpg!m_fill,w_280,h_210,f_jpg?from=ke.com
20241030,东城,安定门,101120855452,安交  郎家胡同私产平房  看房提前约,310万,218310元/平,底层 (共3层) | 2013年 | 1室0厅 | 14.2平米 | 东,https://ke-image.ljcdn.com/110000-inspection/cf0e1d82-bdc9-4152-8d44-4c03bd36163d_1000.jpg!m_fill,w_280,h_210,f_jpg?from=ke.com
20241030,东城,安定门,101120663361,安德路乙61号院 2居室 电梯直达 2居室,645万,108733元/平,中楼层 (共12层) 2室1厅 | 59.32平米 | 东,https://ke-image.ljcdn.com/110000-inspection/pc1_YLeOnzJbe.jpg!m_fill,w_280,h_210,f_jpg?from=ke.com
20241030,东城,安定门,101120379230,东城和平里 青年湖精装修 看房方便 业主诚心出售,440万,120351元/平,底层 (共17层) 1室1厅 | 36.56平米 | 西,https://ke-image.ljcdn.com/110000-inspection/5c008170-382b-4eaf-9880-a0165abddc56_1000.jpg!m_fill,w_280,h_210,f_jpg?from=ke.com
20241030,东城,安定门,101120283408,安定门 公园边上 南北通透 满五年唯一住房,850万,122408元/平,中楼层 (共6层) 3室1厅 | 69.44平米 | 南 北,https://ke-image.ljcdn.com/110000-inspection/c9612f28-09db-4907-826c-d7341b0ae039_1000.jpg!m_fill,w_280,h_210,f_jpg?from=ke.com
20241030,东城,安定门,101120145029,黄寺大街28号院 政协家属楼 精致一居房主自荐,360万,83644元/平,低楼层 (共15层) 1室1厅 | 43.04平米 | 西,https://ke-image.ljcdn.com/110000-inspection/pc1_GJ8138tQ2.jpg!m_fill,w_280,h_210,f_jpg?from=ke.com
20241030,东城,安定门,101120123763,新上 六铺炕东西通透全明两居  看房很方便  随时签约,595万,111278元/平,顶层 (共5层) 2室1厅 | 53.47平米 | 东 西,https://ke-image.ljcdn.com/110000-inspection/pc1_ahwVt0L3b.jpg!m_fill,w_280,h_210,f_jpg?from=ke.com
20241030,东城,安定门,101119988556,安定门 交道口 柴棒胡同平房 诚意出售房主自荐,240万,196722元/平,底层 (共1层) 1室0厅 | 12.2平米 | 东,https://ke-image.ljcdn.com/110000-inspection/79416b98-6b58-4a6e-8465-e4b908e41e12_1000.jpg!m_fill,w_280,h_210,f_jpg?from=ke.com
20241030,东城,安定门,101119722719,六铺炕2008年带电梯有地下停车库的小区。,1019万,150140元/平,中楼层 (共11层) | 2008年 | 1室1厅 | 67.87平米 | 南,https://ke-image.ljcdn.com/110000-inspection/pc1_8sQUHySPJ.jpg!m_fill,w_280,h_210,f_jpg?from=ke.com
20241030,东城,安定门,101119720487,黄寺大街28号院电梯直达一居室,365万,84805元/平,中楼层 (共15层) 1室1厅 | 43.04平米 | 西,https://ke-image.ljcdn.com/110000-inspection/pc1_W34jhutcE.jpg!m_fill,w_280,h_210,f_jpg?from=ke.com
20241030,东城,安定门,101119642190,鼓楼桥北=六铺炕一区对面=工人日报家属院,750万,126433元/平,高楼层 (共12层) 2室1厅 | 59.32平米 | 南,https://ke-image.ljcdn.com/110000-inspection/pc1_hZVpbfCWz.jpg!m_fill,w_280,h_210,f_jpg?from=ke.com
20241030,东城,安定门,101119610482,冶金部大院中间楼层两居满五唯一央产房,530万,93491元/平,低楼层 (共3层) 2室1厅 | 56.69平米 | 东 西,https://ke-image.ljcdn.com/110000-inspection/pc1_Bg0wzG8YU.jpg!m_fill,w_280,h_210,f_jpg?from=ke.com
20241030,东城,安定门,101118845545,国祥胡同4号院、安定门、交道口房主自荐,530万,118146元/平,中楼层 (共5层) 2室1厅 | 44.86平米 | 南 北,https://ke-image.ljcdn.com/110000-inspection/ef91990d-fbdf-4549-8065-7e76c205d894_1000.jpg!m_fill,w_280,h_210,f_jpg?from=ke.com
20241030,东城,安定门,101118839152,2019年建成小区2梯4户有电梯有地下车库人车分流,1490万,141932元/平,中楼层 (共21层) 3室1厅 | 104.98平米 | 南 北,https://ke-image.ljcdn.com/110000-inspection/9b7c8d54-aeca-43e3-bb1a-11e1075bf4aa_1000.jpg!m_fill,w_280,h_210,f_jpg?from=ke.com
20241030,东城,安定门,101118413658,冶金部安德路55号院南北通透两居室楼层高视野好,580万,100277元/平,顶层 (共7层) 2室1厅 | 57.84平米 | 南 北,https://ke-image.ljcdn.com/110000-inspection/pc1_oU4n9DcMa.jpg!m_fill,w_280,h_210,f_jpg?from=ke.com
20241030,东城,安定门,101118065316,人定湖公园旁正规三居室中高楼层电梯直达环境安静,850万,107773元/平,高楼层 (共17层) 3室1厅 | 78.87平米 | 东北,https://ke-image.ljcdn.com/110000-inspection/pc1_tQ3jcDMsy.jpg!m_fill,w_280,h_210,f_jpg?from=ke.com
20241030,东城,安定门,101117767137,六铺炕小区带电梯近地铁满五唯一,950万,154196元/平,中楼层 (共16层) 2室1厅 | 61.61平米 | 南 西,https://ke-image.ljcdn.com/110000-inspection/pc1_nor9F99T3.jpg!m_fill,w_280,h_210,f_jpg?from=ke.com
20241030,东城,安定门,101117742453,电梯直达东西通透小两居室工人日报社央产管理好房主自荐,595万,125980元/平,中楼层 (共12层) 2室1厅 | 47.23平米 | 东 西,https://ke-image.ljcdn.com/110000-inspection/pc1_b4DBY6Imd.jpg!m_fill,w_280,h_210,f_jpg?from=ke.com
20241030,东城,安定门,101117612168,黄寺大街28号院 满五年唯一 东西通透 电梯两居室,580万,93609元/平,中楼层 (共14层) 2室1厅 | 61.96平米 | 东 西,https://ke-image.ljcdn.com/110000-inspection/pc1_2h8lvjkoL.jpg!m_fill,w_280,h_210,f_jpg?from=ke.com
20241030,东城,安定门,101116610653,东城区安定门外大街3号院东南三居室有装修,1080万,130577元/平,中楼层 (共12层) 3室1厅 | 82.71平米 | 东 南,https://ke-image.ljcdn.com/110000-inspection/pc1_Jab1vjGgY.jpg!m_fill,w_280,h_210,f_jpg?from=ke.com
20241030,东城,安定门,101116504681,东城六铺炕小区 诚心出售 东西朝向,815万,119748元/平,顶层 (共10层) 3室1厅 | 68.06平米 | 东 西,https://ke-image.ljcdn.com/110000-inspection/pc1_imfctKKc8.jpg!m_fill,w_280,h_210,f_jpg?from=ke.com
20241030,东城,安定门,101109393844,东城区2008年电梯商品房 府上嘉园 中高层 满五年,1245万,170900元/平,高楼层 (共11层) | 2008年 | 2室1厅 | 72.85平米 | 东南,https://ke-image.ljcdn.com/110000-inspection/pc1_fOapjOheM_1.jpg!m_fill,w_280,h_210,f_jpg?from=ke.com
20241030,东城,安定门,101127319361,安交板块 全明两居 中间楼层 前后无遮挡新上,540万,102099元/平,中楼层 (共6层) 2室0厅 | 52.89平米 | 南 北,https://ke-image.ljcdn.com/110000-inspection/fbe9d391-eedf-4f14-91c5-1a813ef915d9_1000.jpg!m_fill,w_280,h_210,f_jpg?from=ke.com
20241030,东城,安定门,101127317658,价格低一居室  朝南采光好 随时签约 有钥匙 楼房新上,235万,152995元/平,顶层 (共6层) 1室0厅 | 15.36平米 | 南,https://ke-image.ljcdn.com/110000-inspection/ff5f8da7-e612-4b3f-9ea0-2e0879543779_1000.jpg!m_fill,w_280,h_210,f_jpg?from=ke.com
20241030,东城,安定门,101127317490,北二环和平里商圈  三大公园环绕 精装 诚意出售新上,465万,123605元/平,高楼层 (共6层) 1室0厅 | 37.62平米 | 东,https://ke-image.ljcdn.com/110000-inspection/1d3f0841-6406-40f7-a6ab-eb4c55323d21_1000.jpg!m_fill,w_280,h_210,f_jpg?from=ke.com
20241030,东城,安定门,101127306960,安交小一居 花园胡同 满五唯一 楼层合适 配套齐全新上,460万,136095元/平,底层 (共6层) 1室1厅 | 33.8平米 | 东,https://ke-image.ljcdn.com/110000-inspection/f12a4b74-5dac-411c-97fc-d7307f9e25bd_1000.jpg!m_fill,w_280,h_210,f_jpg?from=ke.com
20241030,东城,安定门,101127271768,此房手续齐全交完土地出让金有不动产权证,285万,287879元/平,底层 (共1层) 1室0厅 | 9.9平米 | 东,https://ke-image.ljcdn.com/110000-inspection/b7d9c9f1-43ea-4536-825e-5502828ecdf1_1000.jpg!m_fill,w_280,h_210,f_jpg?from=ke.com
20241030,东城,安定门,101127270491,黄寺大街28号院 2室1厅 西北新上,530万,86278元/平,低楼层 (共15层) 2室1厅 | 61.43平米 | 西北,https://ke-image.ljcdn.com/110000-inspection/pc1_vUjLjuqvD_1.jpg!m_fill,w_280,h_210,f_jpg?from=ke.com
20241030,东城,安定门,101127268997,东城  和平里  安德路乙61号院新上,559万,120501元/平,中楼层 (共14层) 2室1厅 | 46.39平米 | 东,https://ke-image.ljcdn.com/110000-inspection/pc1_t2LMtJABs.jpg!m_fill,w_280,h_210,f_jpg?from=ke.com
20241030,东城,安定门,101127265205,满五年不唯一央产房东西通透全明格局视野宽阔新上,610万,100661元/平,低楼层 (共14层) 2室1厅 | 60.6平米 | 东 西,https://ke-image.ljcdn.com/110000-inspection/pc1_zvNfbXCmV.jpg!m_fill,w_280,h_210,f_jpg?from=ke.com
20241030,东城,安定门,101127254831,交通部管理好满五唯一带电梯近地铁公园采光好新上,760万,126477元/平,中楼层 (共12层) 2室1厅 | 60.09平米 | 南 北,https://ke-image.ljcdn.com/110000-inspection/87ff9ef7-2dbc-4719-95a3-e0ed5ca9b83f_1000.jpg!m_fill,w_280,h_210,f_jpg?from=ke.com
20241030,东城,安定门,101127241203,北二环东河沿 挨地坛公园 全明南北三居 精装楼龄新新上,1120万,115919元/平,底层 (共7层) 3室2厅 | 96.62平米 | 南 北 西,https://ke-image.ljcdn.com/110000-inspection/17246681-2f4f-4e62-90f8-c8527cf6c73e_1000.jpg!m_fill,w_280,h_210,f_jpg?from=ke.com
20241030,东城,安定门,101127235880,安德路乙61号院小区环境品质高不临街安静二居室。新上,779万,121114元/平,低楼层 (共14层) 2室0厅 | 64.32平米 | 东南,https://ke-image.ljcdn.com/110000-inspection/pc1_WvtLDdQXF.jpg!m_fill,w_280,h_210,f_jpg?from=ke.com
20241030,东城,安定门,101127228586,宝钞胡同 1室0厅 南,200万,327869元/平,底层 (共1层) 1室0厅 | 6.1平米 | 南,https://ke-image.ljcdn.com/110000-inspection/794c5ffb-ce2e-421f-980d-86871b8f9782_1000.jpg!m_fill,w_280,h_210,f_jpg?from=ke.com
20241030,东城,安定门,101127222251,花园胡同8号院  南北通透挂西窗 三居诚心卖新上,735万,124324元/平,底层 (共6层) 3室1厅 | 59.12平米 | 南 北,https://ke-image.ljcdn.com/110000-inspection/72b03ade-2bb2-453f-9a3f-3f3770b59e67_1000.jpg!m_fill,w_280,h_210,f_jpg?from=ke.com
20241030,东城,安定门,101127187155,青年湖北里  电梯直达  1996年 满五唯一房主自荐,699万,99403元/平,中楼层 (共12层) 2室1厅 | 70.32平米 | 南 北,https://ke-image.ljcdn.com/110000-inspection/77f563dd-8486-46d5-b8a1-7633802ad118_1000.jpg!m_fill,w_280,h_210,f_jpg?from=ke.com
20241030,东城,安定门,101127178961,和平里一居室 南向 电梯直达 交通部有管理 环境好,489万,129263元/平,中楼层 (共9层) 1室1厅 | 37.83平米 | 南,https://ke-image.ljcdn.com/110000-inspection/a66ba24e-78b4-4392-a9d0-48cf3ae19298_1000.jpg!m_fill,w_280,h_210,f_jpg?from=ke.com
20241030,东城,安定门,101127147986,北二环外中间楼层朝东向安静不临街采光好。,375万,102180元/平,中楼层 (共6层) 1室1厅 | 36.7平米 | 东南,https://ke-image.ljcdn.com/110000-inspection/pc1_av970k1Ff.jpg!m_fill,w_280,h_210,f_jpg?from=ke.com
20241030,东城,安定门,101127121055,六铺炕 2室1厅 东 南,660万,119113元/平,顶层 (共5层) 2室1厅 | 55.41平米 | 东 南,https://ke-image.ljcdn.com/110000-inspection/pc1_1Zt4bus3q.jpg!m_fill,w_280,h_210,f_jpg?from=ke.com
20241030,东城,安定门,101127087235,南北通透3居挨着公园业主随时签约,576万,96451元/平,顶层 (共5层) 3室1厅 | 59.72平米 | 南 北,https://ke-image.ljcdn.com/110000-inspection/pc1_FdhLhHIdO.jpg!m_fill,w_280,h_210,f_jpg?from=ke.com
20241030,东城,安定门,101127086655,此房满五唯一商品房看房比较方便中间层,590万,104075元/平,低楼层 (共3层) 2室1厅 | 56.69平米 | 南 北,https://ke-image.ljcdn.com/110000-inspection/27edef1a-2690-4729-ae1f-a376764421be_1000.jpg!m_fill,w_280,h_210,f_jpg?from=ke.com
20241030,东城,安定门,101127083819,安德路社区 一室一厅优质房源业主诚意出售,399万,108720元/平,高楼层 (共6层) 1室1厅 | 36.7平米 | 西,https://ke-image.ljcdn.com/110000-inspection/pc1_MmpL96dbm_1.jpg!m_fill,w_280,h_210,f_jpg?from=ke.com
20241030,东城,安定门,101127075654,安定门 柳荫公园边上 建于1996年 管理好位置好,750万,119771元/平,中楼层 (共12层) 2室1厅 | 62.62平米 | 南 北,https://ke-image.ljcdn.com/110000-inspection/pc1_2jj0N2CNj.jpg!m_fill,w_280,h_210,f_jpg?from=ke.com
20241030,东城,安定门,101127074403,东城  2001年社区  精装修 高楼层 满五唯一房主自荐,710万,95675元/平,中楼层 (共22层) 2室1厅 | 74.21平米 | 北,https://ke-image.ljcdn.com/110000-inspection/pc1_AgUoCWXsp.jpg!m_fill,w_280,h_210,f_jpg?from=ke.com
20241030,东城,安定门,101127048693,青年湖东里卧室朝南楼层好采光好,750万,108132元/平,中楼层 (共18层) 2室1厅 | 69.36平米 | 东 南,https://ke-image.ljcdn.com/110000-inspection/pc1_l7NhSi63M_1.jpg!m_fill,w_280,h_210,f_jpg?from=ke.com
20241030,东城,安定门,101127048422,东城 安定门 2000年全南大3居 落地窗 精装修,1620万,97673元/平,低楼层 (共18层) 3室1厅 | 165.86平米 | 南,https://ke-image.ljcdn.com/110000-inspection/590ebb41-bf19-471c-9b60-362ae525c9ad_1000.jpg!m_fill,w_280,h_210,f_jpg?from=ke.com
20241030,东城,安定门,101127045605,北二环外  南北通透  高楼层  视野好  楼龄新,1350万,111203元/平,中楼层 (共22层) 2室1厅 | 121.4平米 | 南 北,https://ke-image.ljcdn.com/110000-inspection/52294445-1d3f-4f72-8028-3cd825ace3d1_1000.jpg!m_fill,w_280,h_210,f_jpg?from=ke.com
20241030,东城,安定门,101127036402,3.1米大挑高、落地大飘窗、方正格局、产权无纠纷,780万,100698元/平,顶层 (共16层) 2室1厅 | 77.46平米 | 东,https://ke-image.ljcdn.com/110000-inspection/pc1_LlfQYnP0s_1.jpg!m_fill,w_280,h_210,f_jpg?from=ke.com
20241030,东城,安定门,101127034429,东城区和平里 安德路47号院全明三居,750万,103037元/平,中楼层 (共6层) | 1994年 | 3室1厅 | 72.79平米 | 东北,https://ke-image.ljcdn.com/110000-inspection/ac149ad3-7617-41a7-a6bd-3593456c9bdd_1000.jpg!m_fill,w_280,h_210,f_jpg?from=ke.com
20241030,东城,安定门,101127032580,西营房 2室1厅 西,745万,87575元/平,高楼层 (共19层) 2室1厅 | 85.07平米 | 西,https://ke-image.ljcdn.com/110000-inspection/pc1_DlNapuRON.jpg!m_fill,w_280,h_210,f_jpg?from=ke.com
20241030,东城,安定门,101127029135,上龙嘉园 3室2厅 东 西,1499万,98250元/平,高楼层 (共14层) 3室2厅 | 152.57平米 | 东 西,https://ke-image.ljcdn.com/110000-inspection/acbb039c-93d8-46d8-afdb-4ba9569916d0_1000.jpg!m_fill,w_280,h_210,f_jpg?from=ke.com
20241030,东城,安定门,101127028932,东城和平里 青年湖西里低楼层南向两居 青年湖,605万,120088元/平,底层 (共6层) 2室1厅 | 50.38平米 | 南,https://ke-image.ljcdn.com/110000-inspection/7685e31b-f90a-4b09-8330-4e832f8af508_1000.jpg!m_fill,w_280,h_210,f_jpg?from=ke.com
20241030,东城,安定门,101127027626,安德路47号院 1室1厅 东,500万,136240元/平,顶层 (共6层) 1室1厅 | 36.7平米 | 东,https://ke-image.ljcdn.com/110000-inspection/pc1_yc6ZlAPXH_1.jpg!m_fill,w_280,h_210,f_jpg?from=ke.com
20241030,东城,安定门,101127027478,东城和平里低价一居安德路47号院南向房主自荐,310万,73969元/平,地下室 (共6层) 1室1厅 | 41.91平米 | 南,https://ke-image.ljcdn.com/110000-inspection/a2613a21-1945-403e-a114-9c0a9c694979_1000.jpg!m_fill,w_280,h_210,f_jpg?from=ke.com
20241030,东城,安定门,101127027127,西营房满五唯一楼龄新有电梯停车方便,420万,115671元/平,中楼层 (共17层) 1室0厅 | 36.31平米 | 北,https://ke-image.ljcdn.com/110000-inspection/a6cf9cb1-750d-43f9-8ac8-eda631df01c2_1000.jpg!m_fill,w_280,h_210,f_jpg?from=ke.com
20241030,东城,安定门,101127027023,此房满五年 中石油单位央产房 户型方正,798万,114311元/平,底层 (共6层) 3室1厅 | 69.81平米 | 东 西,https://ke-image.ljcdn.com/110000-inspection/8aabafa2-6291-4c5c-a091-5771b5ef96fe_1000.jpg!m_fill,w_280,h_210,f_jpg?from=ke.com
20241030,东城,安定门,101127026845,东城区和平里安德里北街24号院青年湖公园房主自荐,780万,126357元/平,中楼层 (共6层) 2室1厅 | 61.73平米 | 南 北,https://ke-image.ljcdn.com/110000-inspection/pc1_tsdl9bvR5_1.jpg!m_fill,w_280,h_210,f_jpg?from=ke.com
20241030,东城,安定门,101127025342,安定门青年湖北二环地兴居花园洋房,930万,106959元/平,顶层 (共6层) 3室1厅 | 86.95平米 | 南 西 北,https://ke-image.ljcdn.com/110000-inspection/c6151ef2-da00-437b-8e81-27e32fc07534_1000.jpg!m_fill,w_280,h_210,f_jpg?from=ke.com
20241030,东城,安定门,101127025299,东城区2005年商品房巷上嘉园电梯房,1130万,113740元/平,中楼层 (共12层) | 2005年 | 2室2厅 | 99.35平米 | 西南,https://ke-image.ljcdn.com/110000-inspection/pc1_uXrFib4qS.jpg!m_fill,w_280,h_210,f_jpg?from=ke.com
20241030,东城,安定门,101127025228,南北通透、好停车、房子挑高2.8米空较大采光好房主自荐,570万,88592元/平,顶层 (共4层) 2室1厅 | 64.34平米 | 南 北,https://ke-image.ljcdn.com/110000-inspection/pc1_5s83KyUDY_1.jpg!m_fill,w_280,h_210,f_jpg?from=ke.com
20241030,东城,安定门,101127025237,满五年唯一 精装修 东西通透格局好 配套齐全,1680万,105941元/平,低楼层 (共16层) 3室1厅 | 158.58平米 | 东 南 西,https://ke-image.ljcdn.com/110000-inspection/pc1_NAsduBTy1_1.jpg!m_fill,w_280,h_210,f_jpg?from=ke.com
20241030,东城,安定门,101127024854,安德路55号院 2室1厅 南 北,600万,87925元/平,顶层 (共4层) 2室1厅 | 68.24平米 | 南 北,https://ke-image.ljcdn.com/110000-inspection/pc1_g3jVYXoU0_1.jpg!m_fill,w_280,h_210,f_jpg?from=ke.com
20241030,东城,安定门,101127024582,北二环带电梯位置好交通便利,460万,118925元/平,高楼层 (共11层) 1室1厅 | 38.68平米 | 南,https://ke-image.ljcdn.com/110000-inspection/pc1_3URyc7my9.jpg!m_fill,w_280,h_210,f_jpg?from=ke.com
20241030,东城,安定门,101127021320,东城和平里 安德路47号院普通住宅小区 三居房主自荐,360万,55625元/平,地下室 (共6层) 3室1厅 | 64.72平米 | 南 北,https://ke-image.ljcdn.com/110000-inspection/0eec13d7-16c5-4f9b-ac55-164d6652542d_1000.jpg!m_fill,w_280,h_210,f_jpg?from=ke.com
20241030,东城,安定门,101126996630,上龙西里电梯南向一居室业主之前精装自主可拎包入,499万,99601元/平,低楼层 (共18层) 1室1厅 | 50.1平米 | 南,https://ke-image.ljcdn.com/110000-inspection/pc1_41xQjlvse_1.jpg!m_fill,w_280,h_210,f_jpg?from=ke.com
20241030,东城,安定门,101126996604,上龙西里 温馨自主两居室带电梯,699万,99644元/平,低楼层 (共18层) 2室1厅 | 70.15平米 | 南,https://ke-image.ljcdn.com/110000-inspection/e48fecf6-24d1-44ee-afdd-e0d4a270facf_1000.jpg!m_fill,w_280,h_210,f_jpg?from=ke.com
20241030,东城,安定门,101126990818,安外西河沿 1室0厅 东,448万,115108元/平,中楼层 (共11层) 1室0厅 | 38.92平米 | 东,https://ke-image.ljcdn.com/110000-inspection/pc1_OnngVTxGq.jpg!m_fill,w_280,h_210,f_jpg?from=ke.com
20241030,东城,安定门,101126990107,郎家胡同 全朝南2居 阳光满屋 产权干净 诚意出售,680万,134441元/平,中楼层 (共4层) 2室1厅 | 50.58平米 | 南,https://ke-image.ljcdn.com/110000-inspection/b5bd7503-cfb9-4585-9d7a-7808bf3b38a7_1000.jpg!m_fill,w_280,h_210,f_jpg?from=ke.com
20241030,东城,安定门,101126974516,和平里六铺炕 优质低楼层精装三居,740万,107559元/平,底层 (共5层) 3室1厅 | 68.8平米 | 东 西,https://ke-image.ljcdn.com/110000-inspection/pc1_apRwmDAz6_1.jpg!m_fill,w_280,h_210,f_jpg?from=ke.com
20241030,东城,安定门,101126939532,中轴路西侧=六铺炕两居室=石油部高职楼=鼓楼大街地,588万,109969元/平,中楼层 (共5层) 2室1厅 | 53.47平米 | 东 西,https://ke-image.ljcdn.com/110000-inspection/pc1_uz9vTUNMU.jpg!m_fill,w_280,h_210,f_jpg?from=ke.com
20241030,东城,安定门,101126913116,东城和平里一居室精装修拎包入住层高2.7,395万,96436元/平,低楼层 (共12层) 1室1厅 | 40.96平米 | 东 西,https://ke-image.ljcdn.com/110000-inspection/pc1_DQNVPPvVY.jpg!m_fill,w_280,h_210,f_jpg?from=ke.com
20241030,东城,安定门,101126905909,高楼层采光好管理好户型方正纯正商品房,1130万,116978元/平,中楼层 (共24层) 2室1厅 | 96.6平米 | 西南,https://ke-image.ljcdn.com/110000-inspection/4f53d99d-a883-4728-933e-34c5e749cffe_1000.jpg!m_fill,w_280,h_210,f_jpg?from=ke.com
20241030,东城,安定门,101126904582,上龙西里中化集团东南3居两梯5户高楼层视野开阔,1798万,95812元/平,高楼层 (共18层) 3室1厅 | 187.66平米 | 东南,https://ke-image.ljcdn.com/110000-inspection/0f465e1a-8776-49ea-84ed-5bc64bcab2f2_1000.jpg!m_fill,w_280,h_210,f_jpg?from=ke.com
20241030,东城,安定门,101126887322,安德路55号院 3室1厅 东 南 西,659万,89966元/平,底层 (共6层) 3室1厅 | 73.25平米 | 东 南 西,https://ke-image.ljcdn.com/110000-inspection/pc1_EwqcFny6t_1.jpg!m_fill,w_280,h_210,f_jpg?from=ke.com
20241030,东城,安定门,101126858745,青年湖东里  低楼层  南北通透  1994年建,570万,93138元/平,低楼层 (共6层) 2室1厅 | 61.2平米 | 南 北,https://ke-image.ljcdn.com/110000-inspection/pc1_Yfc0gjn4N.jpg!m_fill,w_280,h_210,f_jpg?from=ke.com
20241030,东城,安定门,101126851805,安德路47号院 3室1厅 南 北,880万,117805元/平,低楼层 (共6层) 3室1厅 | 74.7平米 | 南 北,https://ke-image.ljcdn.com/110000-inspection/pc1_4pY3BjbKT.jpg!m_fill,w_280,h_210,f_jpg?from=ke.com
20241030,东城,安定门,101126849948,东城 安定门 景观青年湖公园 南北通透 明厨明卫房主自荐,760万,102261元/平,高楼层 (共18层) 3室1厅 | 74.32平米 | 南 北,https://ke-image.ljcdn.com/110000-inspection/03c4779d-fd28-4eba-8ce3-1a560fdd6224_1000.jpg!m_fill,w_280,h_210,f_jpg?from=ke.com
20241030,东城,安定门,101126848625,东城 青年湖公园旁 东西通透3居 精装修 满五唯一房主自荐,750万,94388元/平,高楼层 (共6层) 3室2厅 | 79.46平米 | 东 西,https://ke-image.ljcdn.com/110000-inspection/pc1_5hn735UAU_1.jpg!m_fill,w_280,h_210,f_jpg?from=ke.com
20241030,东城,安定门,101126819650,鼓楼外大街52号 1室1厅 东,575万,129563元/平,低楼层 (共11层) 1室1厅 | 44.38平米 | 东,https://ke-image.ljcdn.com/110000-inspection/a40e6437-708d-4c52-9322-81419403e9bd_1000.jpg!m_fill,w_280,h_210,f_jpg?from=ke.com
20241030,东城,安定门,101126789238,安德路乙61号院 南北通透 有电梯 满五唯一 诚售,750万,112529元/平,高楼层 (共12层) 3室1厅 | 66.65平米 | 南 北,https://ke-image.ljcdn.com/110000-inspection/pc1_h2XlEA3Vk.jpg!m_fill,w_280,h_210,f_jpg?from=ke.com
20241030,东城,安定门,101126776704,安外东河沿带电梯朝南一居室户型方正,499万,142572元/平,中楼层 (共12层) 1室1厅 | 35平米 | 南,https://ke-image.ljcdn.com/110000-inspection/71aef933-e97b-4b78-ba9a-6c30f35d34c7_1000.jpg!m_fill,w_280,h_210,f_jpg?from=ke.com
20241030,东城,安定门,101126748917,青年湖公园旁两居室看房方便,469万,73053元/平,底层 (共6层) 2室1厅 | 64.2平米 | 东 西,https://ke-image.ljcdn.com/110000-inspection/8f58ac8a-ee64-4737-940c-e45a2c405a57_1000.jpg!m_fill,w_280,h_210,f_jpg?from=ke.com
20241030,东城,安定门,101126720310,青年湖东里 精装修大两居  正规客厅,560万,79716元/平,中楼层 (共6层) 2室1厅 | 70.25平米 | 东,https://ke-image.ljcdn.com/110000-inspection/edf63da1-7de3-4d6a-8448-64ebace439e9_1000.jpg!m_fill,w_280,h_210,f_jpg?from=ke.com
20241030,东城,安定门,101126688821,永康胡同1号院 安交方家 2003年社区 随时签约,689万,140843元/平,高楼层 (共7层) 1室1厅 | 48.92平米 | 南 西,https://ke-image.ljcdn.com/110000-inspection/pc1_TcA65iIeO.jpg!m_fill,w_280,h_210,f_jpg?from=ke.com
20241030,东城,安定门,101126667598,安定门 官书院 商品社区 人车分流 南北通透 满五,1850万,105842元/平,顶层 (共6层) 4室3厅 | 174.79平米 | 南 北,https://ke-image.ljcdn.com/110000-inspection/21935f79-653f-4b28-93d6-88d2c9953787_1000.jpg!m_fill,w_280,h_210,f_jpg?from=ke.com
20241030,东城,安定门,101126633488,安定门商圈 三大公园环绕南向电梯房随时看房,569万,100959元/平,中楼层 (共10层) 1室1厅 | 56.36平米 | 南,https://ke-image.ljcdn.com/110000-inspection/6f732134-fddc-495e-a29d-f3ed5a1ea90f_1000.jpg!m_fill,w_280,h_210,f_jpg?from=ke.com
20241030,东城,安定门,101126588457,东城 和平里 安德路乙61号院,720万,117264元/平,高楼层 (共14层) 2室1厅 | 61.4平米 | 东北,https://ke-image.ljcdn.com/110000-inspection/pc1_NZXa1gFTY.jpg!m_fill,w_280,h_210,f_jpg?from=ke.com
20241030,东城,安定门,101126565590,永康胡同1号院 方家 一层两居 看房方便 诚心出售,820万,122243元/平,底层 (共7层) 2室1厅 | 67.08平米 | 东 西 南,https://ke-image.ljcdn.com/110000-inspection/17841112-cf54-4e33-bda3-58fb207f97db_1000.jpg!m_fill,w_280,h_210,f_jpg?from=ke.com
20241030,东城,安定门,101126554004,净土胡同  私产平房  安交随时交易,236万,295000元/平,底层 (共1层) 1室0厅 | 8平米 | 东,https://ke-image.ljcdn.com/110000-inspection/3a491637-ae94-448b-ba54-5df9c8e9b9b5_1000.jpg!m_fill,w_280,h_210,f_jpg?from=ke.com
20241030,东城,安定门,101126550807,东城安交  教师楼 南向一居室  满五年 交通方便,560万,138958元/平,底层 (共6层) 1室1厅 | 40.3平米 | 南,https://ke-image.ljcdn.com/110000-inspection/f548dd0d-f61c-48b8-a4d4-fbb8b5f2f9f1_1000.jpg!m_fill,w_280,h_210,f_jpg?from=ke.com
20241030,东城,安定门,101126523203,北二环19年建成小区有电梯有地下车库,1490万,130611元/平,低楼层 (共21层) 3室1厅 | 114.08平米 | 南,https://ke-image.ljcdn.com/110000-inspection/pc1_MZhoDyfuX.jpg!m_fill,w_280,h_210,f_jpg?from=ke.com
20241030,东城,安定门,101126511636,纱络胡同 1室1厅 东,256万,198758元/平,底层 (共1层) | 2022年 | 1室1厅 | 12.88平米 | 东,https://ke-image.ljcdn.com/110000-inspection/34af1ccb-1f0d-4068-bca8-3c98c81751f4_1000.jpg!m_fill,w_280,h_210,f_jpg?from=ke.com
20241030,东城,安定门,101126510965,东城和平里安定门南北两居室业主诚意出售,566万,103003元/平,中楼层 (共6层) 2室1厅 | 54.95平米 | 南 北,https://ke-image.ljcdn.com/110000-inspection/2fd4e929-7adc-4d91-b4f8-092006cfae2c_1000.jpg!m_fill,w_280,h_210,f_jpg?from=ke.com
20241030,东城,安定门,101126493844,青年湖东里  东西一居室 面积大 价格合适,446万,88545元/平,中楼层 (共6层) | 1992年 | 1室1厅 | 50.37平米 | 东,https://ke-image.ljcdn.com/110000-inspection/pc1_TXfJXsBqq.jpg!m_fill,w_280,h_210,f_jpg?from=ke.com
20241030,东城,安定门,101126485817,和平里2019年新小区全南3居带电梯随时看！,1190万,104313元/平,低楼层 (共21层) 3室1厅 | 114.08平米 | 西南,https://ke-image.ljcdn.com/110000-inspection/pc1_IUMfMINxa.jpg!m_fill,w_280,h_210,f_jpg?from=ke.com
20241030,东城,安定门,101126484249,安外西河沿 精装两居室 近地铁近公园,520万,109084元/平,高楼层 (共12层) 2室1厅 | 47.67平米 | 东 西,https://ke-image.ljcdn.com/110000-inspection/3bc405ac-622d-4bd9-9ba6-80680a739104_1000.jpg!m_fill,w_280,h_210,f_jpg?from=ke.com
20241030,东城,安定门,101126484185,安外西河沿 精装 近地铁近公园 配套齐全,1018万,115368元/平,低楼层 (共11层) 3室1厅 | 88.24平米 | 东 西,https://ke-image.ljcdn.com/110000-inspection/4cd304d7-37a7-4632-a592-004ef07e11b6_1000.jpg!m_fill,w_280,h_210,f_jpg?from=ke.com
20241030,东城,安定门,101126479056,安外西河沿 1室1厅 南,449万,115365元/平,中楼层 (共12层) 1室1厅 | 38.92平米 | 南,https://ke-image.ljcdn.com/110000-inspection/69b9b94d-f0ba-4748-91b7-0d8995c41f0d_1000.jpg!m_fill,w_280,h_210,f_jpg?from=ke.com
20241030,东城,安定门,101126422247,朗家胡同24号院 2室1厅 南,580万,108209元/平,底层 (共6层) | 1977年 | 2室1厅 | 53.6平米 | 南,https://ke-image.ljcdn.com/110000-inspection/pc1_lDA8GXqxv.jpg!m_fill,w_280,h_210,f_jpg?from=ke.com
20241030,东城,安定门,101126382973,北二环内 安定门 交道口 有车位 03年南向一居室,600万,110804元/平,中楼层 (共11层) 1室1厅 | 54.15平米 | 南,https://ke-image.ljcdn.com/110000-inspection/85fc8c17-1c99-42fb-b32f-2544667c0298_1000.jpg!m_fill,w_280,h_210,f_jpg?from=ke.com
20241030,东城,安定门,101126352948,楼龄新高层无遮挡 采光通风好配套设施齐全,760万,112810元/平,中楼层 (共21层) 1室1厅 | 67.37平米 | 东,https://ke-image.ljcdn.com/110000-inspection/cdc11202-8adf-4c2c-9106-bf64b737af21_1000.jpg!m_fill,w_280,h_210,f_jpg?from=ke.com
20241030,东城,安定门,101126351089,安外西河沿路1号院 楼龄新 视野好 户型方正,760万,112810元/平,高楼层 (共21层) 1室1厅 | 67.37平米 | 东,https://ke-image.ljcdn.com/110000-inspection/656ef7af-9bf3-4c41-854a-44e8aaaac83d_1000.jpg!m_fill,w_280,h_210,f_jpg?from=ke.com
20241030,东城,安定门,101126286506,后肖家胡同 1室0厅 南,375万,237342元/平,底层 (共1层) 1室0厅 | 15.8平米 | 南,https://ke-image.ljcdn.com/110000-inspection/50edd1fc-3cc7-41f5-8d7e-fb9bb59d8608_1000.jpg!m_fill,w_280,h_210,f_jpg?from=ke.com
20241030,东城,安定门,101126283651,西营房胡同9号院 全南两居室 中间层 无遮挡视野好,968万,97768元/平,中楼层 (共16层) 2室1厅 | 99.01平米 | 南,https://ke-image.ljcdn.com/110000-inspection/c3a7ffc9-f4cc-4be7-ae4b-6014219bc1c7_1000.jpg!m_fill,w_280,h_210,f_jpg?from=ke.com
20241030,东城,安定门,101126283452,上龙西里 东城和平里精装修电梯全南两居室,750万,118148元/平,高楼层 (共18层) 2室1厅 | 63.48平米 | 南,https://ke-image.ljcdn.com/110000-inspection/pc1_sIh3TGqYo.jpg!m_fill,w_280,h_210,f_jpg?from=ke.com
20241030,东城,安定门,101126282848,西营房胡同9号院 楼龄新 精装修 电梯中间楼层,470万,129441元/平,中楼层 (共17层) 1室1厅 | 36.31平米 | 北,https://ke-image.ljcdn.com/110000-inspection/pc1_2EQ4Cqf7S.jpg!m_fill,w_280,h_210,f_jpg?from=ke.com
20241030,东城,安定门,101126211716,北锣鼓巷 1室0厅 东,279万,211364元/平,底层 (共1层) 1室0厅 | 13.2平米 | 东,https://ke-image.ljcdn.com/110000-inspection/c1c66a12-c143-4608-8495-e7f9370e5e9b_1000.jpg!m_fill,w_280,h_210,f_jpg?from=ke.com
20241030,东城,安定门,101126126852,安交商品房 小区 安馨园 南北通透三居,2500万,153998元/平,高楼层 (共6层) 3室2厅 | 162.34平米 | 东 南 北,https://ke-image.ljcdn.com/110000-inspection/8b76ecc3-8264-44aa-bc0c-55c4edecdb13_1000.jpg!m_fill,w_280,h_210,f_jpg?from=ke.com
20241030,东城,安定门,101126116381,朗家胡同24号院安交中间层南北两居室精装修,599万,112955元/平,低楼层 (共6层) | 1977年 | 2室0厅 | 53.03平米 | 南 北,https://ke-image.ljcdn.com/110000-inspection/ae0ecab3-006c-487d-9ace-c297d26e4ec7_1000.jpg!m_fill,w_280,h_210,f_jpg?from=ke.com
20241030,东城,安定门,101126088055,东城安交方家  官书院 南北四居室 满五唯一 4层,1760万,145299元/平,中楼层 (共6层) 4室1厅 | 121.13平米 | 南 北,https://ke-image.ljcdn.com/110000-inspection/d062055a-55f8-4ed4-8e7d-dcb71aa4f50e_1000.jpg!m_fill,w_280,h_210,f_jpg?from=ke.com
20241030,东城,安定门,101126052703,永康胡同2号院的周边配套介绍。,2520万,159960元/平,顶层 (共6层) 4室1厅 | 157.54平米 | 南 北,https://ke-image.ljcdn.com/110000-inspection/01fa01a9-ec22-4c35-9aed-3451e1008f37_1000.jpg!m_fill,w_280,h_210,f_jpg?from=ke.com
20241030,东城,安定门,101126004772,东城和平里 青年湖东里 南北通透双阳台  3层两居,628万,94607元/平,中楼层 (共6层) 2室1厅 | 66.38平米 | 南 北,https://ke-image.ljcdn.com/110000-inspection/8c81c6c0-f5ff-41b0-9756-b574ffe647c4_1000.jpg!m_fill,w_280,h_210,f_jpg?from=ke.com
20241030,东城,安定门,101125960974,中景濠庭 2002年商品房 管理好有电梯 南北通透,3980万,89090元/平,高楼层 (共22层) 6室2厅 | 446.74平米 | 东 南 西 北,https://ke-image.ljcdn.com/110000-inspection/4d33b2d8-0e08-43f2-876a-1432ad3f43da_1000.jpg!m_fill,w_280,h_210,f_jpg?from=ke.com
20241030,东城,安定门,101125861054,大区聚焦房 安交 通透三居 满五唯一,715万,99196元/平,高楼层 (共6层) 3室1厅 | 72.08平米 | 东 西,https://ke-image.ljcdn.com/110000-inspection/pc1_x9amlylJV.jpg!m_fill,w_280,h_210,f_jpg?from=ke.com
20241030,东城,安定门,101125861027,花园胡同三居室 方正通透 诚心卖,850万,117925元/平,顶层 (共6层) 3室1厅 | 72.08平米 | 东 西,https://ke-image.ljcdn.com/110000-inspection/71e9281f-7182-4a35-8015-6d3bb84e5435_1000.jpg!m_fill,w_280,h_210,f_jpg?from=ke.com
20241030,东城,安定门,101125727593,安德路47号院一居室随时看房房主自荐,305万,83016元/平,底层 (共7层) 1室1厅 | 36.74平米 | 南,https://ke-image.ljcdn.com/110000-inspection/pc1_3wc9c988g_1.jpg!m_fill,w_280,h_210,f_jpg?from=ke.com
20241030,东城,安定门,101125725999,二环内中轴线商品房四居室带电梯有车位安交,2460万,128641元/平,中楼层 (共7层) 4室2厅 | 191.23平米 | 东 西 北,https://ke-image.ljcdn.com/110000-inspection/a149cf37-5f39-4ebc-9a2e-c4623237b998_1000.jpg!m_fill,w_280,h_210,f_jpg?from=ke.com
20241030,东城,安定门,101125712903,安德路乙61号院诚心出售价格可谈可多贷款,599.8万,101096元/平,顶层 (共12层) 2室1厅 | 59.33平米 | 东 西,https://ke-image.ljcdn.com/110000-inspection/pc1_ovt1zKisN.jpg!m_fill,w_280,h_210,f_jpg?from=ke.com
20241030,东城,安定门,101125693535,安定门  华府景园  商品房社区  建于2002年,888万,116475元/平,中楼层 (共16层) 2室1厅 | 76.24平米 | 东南,https://ke-image.ljcdn.com/110000-inspection/pc1_hO8zFAaf4.jpg!m_fill,w_280,h_210,f_jpg?from=ke.com
20241030,东城,安定门,101125651241,上龙西里 东城1996年中国化工集团干部楼双通透,2100万,92130元/平,中楼层 (共18层) 4室2厅 | 227.94平米 | 南 北,https://ke-image.ljcdn.com/110000-inspection/89a0638a-e74c-41b4-b0dc-23d895bdf99f_1000.jpg!m_fill,w_280,h_210,f_jpg?from=ke.com
20241030,东城,安定门,101125641493,安交板块 方家 官书院 南北通透 复式 商品房小区,1900万,106844元/平,顶层 (共6层) 4室3厅 | 177.83平米 | 南 北,https://ke-image.ljcdn.com/110000-inspection/f96cfe45-d869-4fff-a1c1-db9f27df5eb0_1000.jpg!m_fill,w_280,h_210,f_jpg?from=ke.com
20241030,东城,安定门,101125610332,03年板楼4室2卫南北通透带40平米花园,1980万,140406元/平,底层 (共6层) 4室1厅 | 141.02平米 | 东 南 北,https://ke-image.ljcdn.com/110000-inspection/63231096-1126-43ea-8397-09618f9adb50_1000.jpg!m_fill,w_280,h_210,f_jpg?from=ke.com
20241030,东城,安定门,101125608542,安外东河沿 南向电梯三居  商务部央产 视野采光好房主自荐,898万,110198元/平,高楼层 (共20层) 3室1厅 | 81.49平米 | 南,https://ke-image.ljcdn.com/110000-inspection/986cf6d2-0926-4e2b-8b2b-8dc083f94d45_1000.jpg!m_fill,w_280,h_210,f_jpg?from=ke.com
20241030,东城,安定门,101125575158,安定门  柳荫公园边上   建于1997年 2居室,865万,117209元/平,中楼层 (共18层) 2室1厅 | 73.8平米 | 西南,https://ke-image.ljcdn.com/110000-inspection/c57415a0-486f-48cf-8c3b-ff9bc395533a_1000.jpg!m_fill,w_280,h_210,f_jpg?from=ke.com
20241030,东城,安定门,101125574799,安定门  柳荫公园边上  建于1997年  2居室,865万,119624元/平,中楼层 (共18层) 2室1厅 | 72.31平米 | 南,https://ke-image.ljcdn.com/110000-inspection/pc1_cIZrchqhL_1.jpg!m_fill,w_280,h_210,f_jpg?from=ke.com
20241030,东城,安定门,101125495013,前肖家胡同 安交方家胡同 新翻建 内复式二层,358万,245206元/平,底层 (共1层) 1室0厅 | 14.6平米 | 南,https://ke-image.ljcdn.com/110000-inspection/pc1_7Aw2UI8r2.jpg!m_fill,w_280,h_210,f_jpg?from=ke.com
20241030,东城,安定门,101125453606,外馆东街50号院 楼层高采光好视野好 单独院管理,450万,75771元/平,顶层 (共20层) | 1985年 | 2室1厅 | 59.39平米 | 东南,https://ke-image.ljcdn.com/110000-inspection/pc1_wVo6e7Gpi.jpg!m_fill,w_280,h_210,f_jpg?from=ke.com
20241030,东城,安定门,101125352666,好房青年湖安德里北街24号院诚心出售无纠纷,540万,125933元/平,高楼层 (共6层) 1室1厅 | 42.88平米 | 南,https://ke-image.ljcdn.com/110000-inspection/pc1_DynwoJptA.jpg!m_fill,w_280,h_210,f_jpg?from=ke.com
20241030,东城,安定门,101125338483,安德路47号院南北通透两居室费用少,550万,94211元/平,底层 (共6层) 2室1厅 | 58.38平米 | 南 北,https://ke-image.ljcdn.com/110000-inspection/c6d7d12b-89f6-49b4-947d-727a564fcd58_1000.jpg!m_fill,w_280,h_210,f_jpg?from=ke.com
20241030,东城,安定门,101125322487,宝钞胡同 1室0厅 南 北,290万,154256元/平,底层 (共1层) 1室0厅 | 18.8平米 | 南 北,https://ke-image.ljcdn.com/110000-inspection/pc1_6g1JJBTL1_2.jpg!m_fill,w_280,h_210,f_jpg?from=ke.com
20241030,东城,安定门,101125305985,东城北二环 安交板块 南向一居 中间楼层 看房方便,499万,137770元/平,中楼层 (共5层) 1室1厅 | 36.22平米 | 南,https://ke-image.ljcdn.com/110000-inspection/pc1_QR3V3wqKm.jpg!m_fill,w_280,h_210,f_jpg?from=ke.com
20241030,东城,安定门,101125301227,宝钞胡同107号楼   小三居室有钥匙,680万,115411元/平,中楼层 (共6层) 3室1厅 | 58.92平米 | 南 北,https://ke-image.ljcdn.com/110000-inspection/4de9ca1c-bb5b-4a3f-8a61-1761b6728566_1000.jpg!m_fill,w_280,h_210,f_jpg?from=ke.com
20241030,东城,安定门,101125259921,安交方家纯商品小区人车分流高楼层视野好三阳台,1350万,120752元/平,高楼层 (共6层) 2室1厅 | 111.8平米 | 东 西,https://ke-image.ljcdn.com/110000-inspection/24892aa6-0f80-442c-97d7-c5fe2405fa76_1000.jpg!m_fill,w_280,h_210,f_jpg?from=ke.com
20241030,东城,安定门,101125127825,安外西河沿路1号院 2室1厅 东 西,880万,97844元/平,底层 (共18层) 2室1厅 | 89.94平米 | 东 西,https://ke-image.ljcdn.com/110000-inspection/pc1_gUAHZ8e9A.jpg!m_fill,w_280,h_210,f_jpg?from=ke.com
20241030,东城,安定门,101125122771,青年湖西里 2室1厅 南 北,655万,116012元/平,顶层 (共5层) 2室1厅 | 56.46平米 | 南 北,https://ke-image.ljcdn.com/110000-inspection/pc1_L4OKdeZKG_1.jpg!m_fill,w_280,h_210,f_jpg?from=ke.com
20241030,东城,安定门,101125120275,东城北二环19年小区南北两居有电梯有地库,1280万,138125元/平,高楼层 (共15层) | 2019年 | 2室1厅 | 92.67平米 | 南 北,https://ke-image.ljcdn.com/110000-inspection/f212291a-ee23-4ed0-954a-1d1c7508425b_1000.jpg!m_fill,w_280,h_210,f_jpg?from=ke.com
20241030,东城,安定门,101125081853,府上嘉园看名字就知道小区好！,950万,139974元/平,中楼层 (共11层) | 2008年 | 1室2厅 | 67.87平米 | 南,https://ke-image.ljcdn.com/110000-inspection/pc1_E8nIXKXBh.jpg!m_fill,w_280,h_210,f_jpg?from=ke.com
20241030,东城,安定门,101125071873,安定门  公园 地铁 南北通透3居室 中间楼层 看,680万,108818元/平,中楼层 (共6层) 3室1厅 | 62.49平米 | 南 西 北,https://ke-image.ljcdn.com/110000-inspection/pc1_wME0wIx98.jpg!m_fill,w_280,h_210,f_jpg?from=ke.com
20241030,东城,安定门,101125051422,北二环外  2005年商品房   精装修  诚售,1270万,127934元/平,中楼层 (共24层) | 2005年 | 2室2厅 | 99.27平米 | 东南,https://ke-image.ljcdn.com/110000-inspection/3761ed1f-5823-46f6-8d33-7fe439abc3c0_1000.jpg!m_fill,w_280,h_210,f_jpg?from=ke.com
20241030,东城,安定门,101125047708,安德路59号 2室1厅 南 北,630万,110566元/平,中楼层 (共6层) 2室1厅 | 56.98平米 | 南 北,https://ke-image.ljcdn.com/110000-inspection/pc1_vL6cMYQFX.jpg!m_fill,w_280,h_210,f_jpg?from=ke.com
20241030,东城,安定门,101125047346,2居室 位置好 南北通透 采光好 无遮挡 格局好,550万,88326元/平,顶层 (共6层) 2室1厅 | 62.27平米 | 南 北,https://ke-image.ljcdn.com/110000-inspection/999e5036-91b2-4608-b52c-43e969eb5399_1000.jpg!m_fill,w_280,h_210,f_jpg?from=ke.com
20241030,东城,安定门,101125043390,安德路47号院、安定门、青年湖公园中间楼层。,960万,114491元/平,中楼层 (共5层) 4室1厅 | 83.85平米 | 南 北,https://ke-image.ljcdn.com/110000-inspection/pc1_XtQgw1umM.jpg!m_fill,w_280,h_210,f_jpg?from=ke.com
20241030,东城,安定门,101125042182,中绦胡同甲2号院 2室1厅 南,680万,132943元/平,底层 (共6层) 2室1厅 | 51.15平米 | 南,https://ke-image.ljcdn.com/110000-inspection/953fa85d-e220-47e8-8278-cad8a4c55b10_1000.jpg!m_fill,w_280,h_210,f_jpg?from=ke.com
20241030,东城,安定门,101125040931,青年湖东里 楼下双公园 采光无遮挡 拎包入住,825万,128146元/平,高楼层 (共18层) 2室1厅 | 64.38平米 | 南 西,https://ke-image.ljcdn.com/110000-inspection/pc1_KCeLcvd7y.jpg!m_fill,w_280,h_210,f_jpg?from=ke.com
20241030,东城,安定门,101125035148,巷上嘉园 东城和平里 2005年商品房 视野好房主自荐,1120万,112824元/平,中楼层 (共24层) | 2005年 | 2室2厅 | 99.27平米 | 西南,https://ke-image.ljcdn.com/110000-inspection/pc1_KPLOxvRqf.jpg!m_fill,w_280,h_210,f_jpg?from=ke.com
20241030,东城,安定门,101125035017,上龙西里满五唯一精装修1居室,440万,102517元/平,低楼层 (共6层) 1室1厅 | 42.92平米 | 东,https://ke-image.ljcdn.com/110000-inspection/pc1_1Ognsv9N0.jpg!m_fill,w_280,h_210,f_jpg?from=ke.com
20241030,东城,安定门,101125030240,三秀涵雅 精装三居室 全南户型,1620万,98397元/平,低楼层 (共18层) 3室1厅 | 164.64平米 | 南,https://ke-image.ljcdn.com/110000-inspection/pc1_Rc9OvkqdI_1.jpg!m_fill,w_280,h_210,f_jpg?from=ke.com
20241030,东城,安定门,101125029046,小区新物业管理好 不认识进不去小区 商品房 户型方,799万,91503元/平,高楼层 (共18层) 2室1厅 | 87.32平米 | 东南,https://ke-image.ljcdn.com/110000-inspection/pc1_xVqnNBHHK_1.jpg!m_fill,w_280,h_210,f_jpg?from=ke.com
20241030,东城,安定门,101124944863,和平里西营房 精装修电梯房 满5年唯一商品房,485万,86592元/平,中楼层 (共16层) 1室1厅 | 56.01平米 | 东,https://ke-image.ljcdn.com/110000-inspection/pc1_yAHUDDJ3O.jpg!m_fill,w_280,h_210,f_jpg?from=ke.com
20241030,东城,安定门,101124938739,南北通透格局好明厨明卫全明格局视野采光好。,555万,91238元/平,顶层 (共6层) 2室1厅 | 60.83平米 | 南 北,https://ke-image.ljcdn.com/110000-inspection/pc1_8541MBpsl.jpg!m_fill,w_280,h_210,f_jpg?from=ke.com
20241030,东城,安定门,101124938538,名厨、明卫。卧室朝南户型方方正正的一居室面积无,527万,140011元/平,中楼层 (共5层) 1室1厅 | 37.64平米 | 南,https://ke-image.ljcdn.com/110000-inspection/pc1_33nASSyo2.jpg!m_fill,w_280,h_210,f_jpg?from=ke.com
20241030,东城,安定门,101124934072,安德路55号院、冶金部大院、安定门、青年湖公园,560万,86998元/平,底层 (共4层) 2室1厅 | 64.37平米 | 南 北,https://ke-image.ljcdn.com/110000-inspection/pc1_1IQTU4ROb_1.jpg!m_fill,w_280,h_210,f_jpg?from=ke.com
20241030,东城,安定门,101124929866,安交方家南北通透2居满5唯1产权干净随时看房,768万,137094元/平,中楼层 (共6层) 2室1厅 | 56.02平米 | 南 北,https://ke-image.ljcdn.com/110000-inspection/684fc31e-af37-4fc4-bf92-2db3aca85150_1000.jpg!m_fill,w_280,h_210,f_jpg?from=ke.com
20241030,东城,安定门,101124928671,青年湖东里 3室1厅 南 北,758万,112214元/平,中楼层 (共5层) 3室1厅 | 67.55平米 | 南 北,https://ke-image.ljcdn.com/110000-inspection/92987034-1863-4ded-a363-1fa2c13fd84d_1000.jpg!m_fill,w_280,h_210,f_jpg?from=ke.com
20241030,东城,安定门,101124923540,中景濠庭北二环高楼层精装修视野好五居室,3456万,120063元/平,高楼层 (共22层) 5室2厅 | 287.85平米 | 南 北,https://ke-image.ljcdn.com/110000-inspection/73037ccc-abf5-45d8-b8e2-2c500a071ff7_1000.jpg!m_fill,w_280,h_210,f_jpg?from=ke.com
20241030,东城,安定门,101124916207,安定门华府景苑商品房管理 满五年 诚心出售,980万,85913元/平,低楼层 (共12层) 2室1厅 | 114.07平米 | 西北,https://ke-image.ljcdn.com/110000-inspection/f7d778ba-dbbf-4094-84cd-b54b21d105d2_1000.jpg!m_fill,w_280,h_210,f_jpg?from=ke.com
20241030,东城,安定门,101124906096,安外东河沿 临河观景 交通便利 业主诚售,760万,130004元/平,低楼层 (共11层) 2室1厅 | 58.46平米 | 南 北,https://ke-image.ljcdn.com/110000-inspection/pc1_2QJDy1mLH.jpg!m_fill,w_280,h_210,f_jpg?from=ke.com
20241030,东城,安定门,101124868282,青年湖东城 电梯一居室近地铁。,505万,113790元/平,中楼层 (共11层) 1室1厅 | 44.38平米 | 东 西,https://ke-image.ljcdn.com/110000-inspection/pc1_Wadn8xLSe.jpg!m_fill,w_280,h_210,f_jpg?from=ke.com
20241030,东城,安定门,101124789064,东城六铺炕  带电梯 高楼层 采光视野好,609万,110748元/平,高楼层 (共16层) 2室1厅 | 54.99平米 | 东,https://ke-image.ljcdn.com/110000-inspection/pc1_EmYdVRPqM.jpg!m_fill,w_280,h_210,f_jpg?from=ke.com
20241030,东城,安定门,101124768039,和平里安定门新上电梯房双南向电梯直达,639万,112978元/平,低楼层 (共12层) 2室1厅 | 56.56平米 | 南,https://ke-image.ljcdn.com/110000-inspection/pc1_w9WHSiJtg.jpg!m_fill,w_280,h_210,f_jpg?from=ke.com
20241030,东城,安定门,101124692350,五道营胡同 1室0厅 东,325万,264443元/平,底层 (共1层) 1室0厅 | 12.29平米 | 东,https://ke-image.ljcdn.com/110000-inspection/35e69736-4369-4ade-9288-83101c34cd5a_1000.jpg!m_fill,w_280,h_210,f_jpg?from=ke.com
20241030,东城,安定门,101124595876,北二环安定门 青年湖 低楼层 1居 诚意出售,508万,124755元/平,低楼层 (共6层) 1室1厅 | 40.72平米 | 南,https://ke-image.ljcdn.com/110000-inspection/fcc9d018-3b2a-4fdd-9780-5e1a2fb898cc_1000.jpg!m_fill,w_280,h_210,f_jpg?from=ke.com
20241030,东城,安定门,101124546970,上龙西里 2室1厅 西北,755万,94755元/平,低楼层 (共11层) | 2012年 | 2室1厅 | 79.68平米 | 西北,https://ke-image.ljcdn.com/110000-inspection/0f138f60-7804-4085-b335-6b2170de2211_1000.jpg!m_fill,w_280,h_210,f_jpg?from=ke.com
20241030,东城,安定门,101124546849,青年湖东里 楼下就是青年湖公园 小区改造完成,499万,98190元/平,中楼层 (共18层) 2室1厅 | 50.82平米 | 南 北,https://ke-image.ljcdn.com/110000-inspection/pc1_8Tv5IozcL.jpg!m_fill,w_280,h_210,f_jpg?from=ke.com
20241030,东城,安定门,101124514176,五道营胡同 1室0厅 南,325万,274031元/平,底层 (共1层) 1室0厅 | 11.86平米 | 南,https://ke-image.ljcdn.com/110000-inspection/a2852da1-f3e6-4739-ac27-71bafc9620ed_1000.jpg!m_fill,w_280,h_210,f_jpg?from=ke.com
20241030,东城,安定门,101124447122,安交 永康胡同1号院 方家五分 一居室,625万,127760元/平,高楼层 (共7层) 1室1厅 | 48.92平米 | 西 北,https://ke-image.ljcdn.com/110000-inspection/pc1_Bm1FteqsB.jpg!m_fill,w_280,h_210,f_jpg?from=ke.com
20241030,东城,安定门,101124447043,安定门   建于1997年 管理好的小区  公园边,820万,113401元/平,低楼层 (共18层) 2室1厅 | 72.31平米 | 南,https://ke-image.ljcdn.com/110000-inspection/pc1_Q0lbuJfI8.jpg!m_fill,w_280,h_210,f_jpg?from=ke.com
20241030,东城,安定门,101124445589,安定门  公园边上  建于1997年管理好 2居室,840万,113822元/平,低楼层 (共18层) 2室1厅 | 73.8平米 | 东南,https://ke-image.ljcdn.com/110000-inspection/1507db86-b60a-43f5-ab62-46aacb4b5bb6_1000.jpg!m_fill,w_280,h_210,f_jpg?from=ke.com
20241030,东城,安定门,101124399610,东城北二环护城河边19年小区有电梯有地下车库全南一居,858万,139899元/平,中楼层 (共21层) 1室1厅 | 61.33平米 | 南,https://ke-image.ljcdn.com/110000-inspection/pc1_aCg1IlwiX.jpg!m_fill,w_280,h_210,f_jpg?from=ke.com
20241030,东城,安定门,101124386926,总监力荐 和平里  安定门2居室,498万,99006元/平,高楼层 (共6层) 2室1厅 | 50.3平米 | 东 北,https://ke-image.ljcdn.com/110000-inspection/e400444b-bd82-44af-a31a-6d2a554f5ec9_1000.jpg!m_fill,w_280,h_210,f_jpg?from=ke.com
20241030,东城,安定门,101124340900,五道营胡同 1室1厅 西,330万,273859元/平,底层 (共1层) 1室1厅 | 12.05平米 | 西,https://ke-image.ljcdn.com/110000-inspection/f747d2a9-5daa-45b1-99df-05279ab088cf_1000.jpg!m_fill,w_280,h_210,f_jpg?from=ke.com
20241030,东城,安定门,101124327526,西营房电梯房带客厅的正规2居,805万,94197元/平,中楼层 (共16层) 2室1厅 | 85.46平米 | 东,https://ke-image.ljcdn.com/110000-inspection/pc1_EkjPWAspK_1.jpg!m_fill,w_280,h_210,f_jpg?from=ke.com
20241030,东城,安定门,101124320298,外馆精装修大2居室观柳荫公园视野好单独管理好,698万,103761元/平,中楼层 (共20层) | 1985年 | 2室1厅 | 67.27平米 | 南,https://ke-image.ljcdn.com/110000-inspection/699d8731-e7fd-4bd1-ae0e-8b8974ceddf6_1000.jpg!m_fill,w_280,h_210,f_jpg?from=ke.com
20241030,东城,安定门,101124294553,安德里北街25号院 2室1厅 东 南 东南,760万,107133元/平,中楼层 (共17层) 2室1厅 | 70.94平米 | 东 南 东南,https://ke-image.ljcdn.com/110000-inspection/pc1_FVDB0WVMv.jpg!m_fill,w_280,h_210,f_jpg?from=ke.com
20241030,东城,安定门,101124294398,总监力荐精装修一居室楼下就是公园,455万,100287元/平,高楼层 (共6层) 1室1厅 | 45.37平米 | 南 北,https://ke-image.ljcdn.com/110000-inspection/8574530d-450a-4c2e-b8d7-ad40509295ea_1000.jpg!m_fill,w_280,h_210,f_jpg?from=ke.com
20241030,东城,安定门,101124268771,东城区 安外西河沿管理好 南北两居室 有门卫 能签约,520万,93543元/平,顶层 (共6层) 2室1厅 | 55.59平米 | 南 北,https://ke-image.ljcdn.com/110000-inspection/pc1_SR7Gaj5mQ.jpg!m_fill,w_280,h_210,f_jpg?from=ke.com
20241030,东城,安定门,101124230502,满五年央产房全朝南楼层好视野宽阔采光充足,520万,94323元/平,底层 (共10层) 2室1厅 | 55.13平米 | 南,https://ke-image.ljcdn.com/110000-inspection/b0d302b9-cecb-4d50-b3e8-55bcd200f9c1_1000.jpg!m_fill,w_280,h_210,f_jpg?from=ke.com
20241030,东城,安定门,101124154467,安定门 满五唯一商品房 有车位 采光视野好,896万,76288元/平,低楼层 (共12层) 2室1厅 | 117.45平米 | 东,https://ke-image.ljcdn.com/110000-inspection/pc1_Tn6Tu9CZZ.jpg!m_fill,w_280,h_210,f_jpg?from=ke.com
20241030,东城,安定门,101124092837,和平里  公园边上   南北通透3居室   采光好  视野好,620万,84481元/平,顶层 (共6层) 3室1厅 | 73.39平米 | 南 北,https://ke-image.ljcdn.com/110000-inspection/125a3fca-cfb2-4582-943b-5479eb19ddc5_1000.jpg!m_fill,w_280,h_210,f_jpg?from=ke.com
20241030,东城,安定门,101124091797,和平里  青年湖边上  南北通透3居室 位置好  视野开阔,828万,117731元/平,顶层 (共6层) 3室1厅 | 70.33平米 | 南 北,https://ke-image.ljcdn.com/110000-inspection/5715bcc8-7047-4b30-91e6-6d3527b0b701_1000.jpg!m_fill,w_280,h_210,f_jpg?from=ke.com
20241030,东城,安定门,101124005881,朗家胡同安定门商圈 精装南北通透 业主诚意出售满五年,665万,124719元/平,高楼层 (共6层) 2室1厅 | 53.32平米 | 南 北,https://ke-image.ljcdn.com/110000-inspection/8282210f-5f80-423c-bf90-8f9db92089d0_1000.jpg!m_fill,w_280,h_210,f_jpg?from=ke.com
20241030,东城,安定门,101123863925,华府景园 精装 满五唯一 落地大飘窗、方正格局,858万,110954元/平,中楼层 (共16层) 2室1厅 | 77.33平米 | 东,https://ke-image.ljcdn.com/110000-inspection/12c47cee-2196-4538-acb6-b60bece2e977_1000.jpg!m_fill,w_280,h_210,f_jpg?from=ke.com
20241030,东城,安定门,101123718876,西营房 1室1厅 西,499万,89187元/平,中楼层 (共19层) 1室1厅 | 55.95平米 | 西,https://ke-image.ljcdn.com/110000-inspection/pc1_GtvI1Dcp5.jpg!m_fill,w_280,h_210,f_jpg?from=ke.com
20241030,东城,安定门,101123697819,青年湖公园旁 人事部家属楼 南北两居  户型好 楼层好,670万,125187元/平,中楼层 (共14层) 2室1厅 | 53.52平米 | 南 北,https://ke-image.ljcdn.com/110000-inspection/82450fdb-6c64-4946-84e3-21e622796dd0_1000.jpg!m_fill,w_280,h_210,f_jpg?from=ke.com
20241030,东城,安定门,101123677557,安交 方家 国子监街 诚心出售 随时签约,300万,373600元/平,底层 (共1层) 1室0厅 | 8.03平米 | 南 北,https://ke-image.ljcdn.com/110000-inspection/f6a67f47-a373-46e2-aee9-88077207dded_1000.jpg!m_fill,w_280,h_210,f_jpg?from=ke.com
20241030,东城,安定门,101123587793,中轴路西侧=六铺炕两居室=水电部高职楼,650万,125121元/平,底层 (共16层) 2室1厅 | 51.95平米 | 西南,https://ke-image.ljcdn.com/110000-inspection/pc1_uDpv8LPHK.jpg!m_fill,w_280,h_210,f_jpg?from=ke.com
20241030,东城,安定门,101123505961,安外东河沿 3室1厅 南 北,1050万,130128元/平,低楼层 (共6层) 3室1厅 | 80.69平米 | 南 北,https://ke-image.ljcdn.com/110000-inspection/pc1_jRTtcEt93_1.jpg!m_fill,w_280,h_210,f_jpg?from=ke.com
20241030,东城,安定门,101123490951,柴棒胡同 1室0厅 北,260万,214169元/平,底层 (共1层) 1室0厅 | 12.14平米 | 北,https://ke-image.ljcdn.com/110000-inspection/cd6faa62-98bc-4c35-952f-c4231d043e91_1000.jpg!m_fill,w_280,h_210,f_jpg?from=ke.com
20241030,东城,安定门,101123315598,柴棒胡同 1室1厅 东,339万,264844元/平,底层 (共1层) 1室1厅 | 12.8平米 | 东,https://ke-image.ljcdn.com/110000-inspection/0b20d101-3d43-4a05-9b33-d12cf42bc430_1000.jpg!m_fill,w_280,h_210,f_jpg?from=ke.com
20241030,东城,安定门,101123304859,六铺炕青年湖电梯直达2居室,680万,109115元/平,低楼层 (共16层) 2室1厅 | 62.32平米 | 西北,https://ke-image.ljcdn.com/110000-inspection/pc1_r4nI9APSE.jpg!m_fill,w_280,h_210,f_jpg?from=ke.com
20241030,东城,安定门,101123304496,安交板块 楼龄新 南北二居室 满五年 诚意出售,750万,115421元/平,底层 (共11层) 2室1厅 | 64.98平米 | 南 北,https://ke-image.ljcdn.com/110000-inspection/82fd46e3-3d6b-4d38-8f2c-e13e75d9f4bc_1000.jpg!m_fill,w_280,h_210,f_jpg?from=ke.com
20241030,东城,安定门,101123115191,商品房环境干净整洁交通便利配套齐全随时签约,250万,177305元/平,底层 (共1层) 1室1厅 | 14.1平米 | 南,https://ke-image.ljcdn.com/110000-inspection/4f46f279-7d77-49aa-a8f0-33aa7a3bd133_1000.jpg!m_fill,w_280,h_210,f_jpg?from=ke.com
20241030,东城,安定门,101122973832,府上嘉园 与西城一路之隔 楼龄新 交通出行便利 有车位,1099万,118517元/平,顶层 (共5层) | 2008年 | 2室1厅 | 92.73平米 | 西,https://ke-image.ljcdn.com/110000-inspection/pc1_B3PN7cFtN_1.jpg!m_fill,w_280,h_210,f_jpg?from=ke.com
20241030,东城,安定门,101122874742,安德路55号院 1室1厅 东,485万,129853元/平,高楼层 (共6层) 1室1厅 | 37.35平米 | 东,https://ke-image.ljcdn.com/110000-inspection/1945b330-85a2-4ed9-ae69-553ffb8acd58_1000.jpg!m_fill,w_280,h_210,f_jpg?from=ke.com
20241030,东城,安定门,101122871581,凯景铭座 带双车位 格局方正 采光无遮挡,1399万,89565元/平,高楼层 (共19层) 3室1厅 | 156.2平米 | 东 南 北,https://ke-image.ljcdn.com/110000-inspection/f704a9f2-7b75-42da-b75b-0e62ba03c2c7_1000.jpg!m_fill,w_280,h_210,f_jpg?from=ke.com
20241030,东城,安定门,101122860944,东城区  安外大街3号院  中间楼层  小两居室,600万,118812元/平,中楼层 (共6层) 2室1厅 | 50.5平米 | 东北,https://ke-image.ljcdn.com/110000-inspection/pc1_pSvmXWo1r.jpg!m_fill,w_280,h_210,f_jpg?from=ke.com
20241030,东城,安定门,101122715812,冶金部大院 交通便利 楼层好 光线好,590万,128289元/平,顶层 (共3层) 2室0厅 | 45.99平米 | 西南,https://ke-image.ljcdn.com/110000-inspection/51dcf1f1-f178-40d7-a8d6-63e92dd45061_1000.jpg!m_fill,w_280,h_210,f_jpg?from=ke.com
20241030,东城,安定门,101122712313,电梯直达 全明东西通透格局 钢混 满五唯一,520万,85809元/平,高楼层 (共14层) 2室1厅 | 60.6平米 | 东 西,https://ke-image.ljcdn.com/110000-inspection/pc1_bRaFeM2Lv.jpg!m_fill,w_280,h_210,f_jpg?from=ke.com
20241030,东城,安定门,101122531288,六铺炕带电梯三居管理好近地铁可贷款,799万,117397元/平,顶层 (共10层) 3室1厅 | 68.06平米 | 东 西,https://ke-image.ljcdn.com/110000-inspection/pc1_ijiGGlNPI.jpg!m_fill,w_280,h_210,f_jpg?from=ke.com
20241030,东城,安定门,101122523892,中绦胡同甲2号院 南北通透两居 满五年唯一,828万,134503元/平,中楼层 (共6层) 2室1厅 | 61.56平米 | 南 北,https://ke-image.ljcdn.com/110000-inspection/4a95b1e7-efd0-4cc7-ba69-70d4b48e3f6d_1000.jpg!m_fill,w_280,h_210,f_jpg?from=ke.com
20241030,东城,安定门,101122267897,方家 永康胡同号院 2002年小区,599万,122445元/平,高楼层 (共7层) 1室1厅 | 48.92平米 | 西,https://ke-image.ljcdn.com/110000-inspection/pc1_4JleFMohz.jpg!m_fill,w_280,h_210,f_jpg?from=ke.com
20241030,东城,安定门,101121737430,本房满五年全南向中间楼层采光好视野好地铁公园,663万,115506元/平,低楼层 (共11层) 2室1厅 | 57.4平米 | 南,https://ke-image.ljcdn.com/110000-inspection/c2b7ba1e-e101-436e-90e7-9d6f55d6afdd_1000.jpg!m_fill,w_280,h_210,f_jpg?from=ke.com
20241030,东城,安定门,101121461341,经典三居 满五年唯一 看房方便 随时签约,700万,103951元/平,低楼层 (共6层) 3室1厅 | 67.34平米 | 南 北,https://ke-image.ljcdn.com/110000-inspection/9088f9ee-44d8-44b7-9538-658407c5236d_1000.jpg!m_fill,w_280,h_210,f_jpg?from=ke.com
20241030,东城,安定门,101121269876,花园东巷 1室0厅 南,330万,226961元/平,底层 (共1层) 1室0厅 | 14.54平米 | 南,https://ke-image.ljcdn.com/110000-inspection/28bf4279-b717-4132-8eab-dec0eac799c0_1000.jpg!m_fill,w_280,h_210,f_jpg?from=ke.com
20241030,东城,安定门,101121154095,西营房  2005年社区 精装修 小两居 只有契税,490万,85575元/平,中楼层 (共19层) 2室1厅 | 57.26平米 | 西,https://ke-image.ljcdn.com/110000-inspection/pc1_1F9Vvvk8J.jpg!m_fill,w_280,h_210,f_jpg?from=ke.com
20241030,东城,安定门,101117829920,安德里北街 电梯塔楼 大户型 公摊少,1150万,104784元/平,低楼层 (共17层) 4室1厅 | 109.75平米 | 东 南 北,https://ke-image.ljcdn.com/110000-inspection/3c9fdd5f-dc22-437f-aefe-27899f9ee634_1000.jpg!m_fill,w_280,h_210,f_jpg?from=ke.com
20241030,东城,安定门,101127310622,青年湖东里 南北两居室看房方便 业主诚意度高新上,580万,94156元/平,低楼层 (共6层) 2室1厅 | 61.6平米 | 南 北,https://s1.ljcdn.com/pegasus/redskull/images/common/default_house_list.png?_v=202410161653269
20241030,东城,安定门,101127306419,青年湖西里小区是由兵器部和中国航天共建而成小区住宅新上,880万,109453元/平,顶层 (共6层) 3室1厅 | 80.4平米 | 南 北,https://s1.ljcdn.com/pegasus/redskull/images/common/default_house_list.png?_v=202410161653269
20241030,东城,安定门,101127305364,东城 安交 田字格户型 南北通透 中间楼层,1030万,149710元/平,中楼层 (共5层) 3室1厅 | 68.8平米 | 南 北,https://s1.ljcdn.com/pegasus/redskull/images/common/default_house_list.png?_v=202410161653269
20241030,东城,安定门,101127289279,安外西河沿路1号院 2室1厅 南 北新上,1190万,129545元/平,高楼层 (共21层) 2室1厅 | 91.86平米 | 南 北,https://s1.ljcdn.com/pegasus/redskull/images/common/default_house_list.png?_v=202410161653269
20241030,东城,安定门,101127189196,青年湖南里 3室1厅 西北新上,650万,106140元/平,中楼层 (共12层) 3室1厅 | 61.24平米 | 西北,https://s1.ljcdn.com/pegasus/redskull/images/common/default_house_list.png?_v=202410161653269
20241030,东城,安定门,101127156281,北二环南北通透两居室自来水厂家属楼,560万,96220元/平,顶层 (共6层) 2室1厅 | 58.2平米 | 南 北,https://s1.ljcdn.com/pegasus/redskull/images/common/default_house_list.png?_v=202410161653269
20241030,东城,安定门,101126984730,柴棒胡同 1室0厅 南,249万,303659元/平,底层 (共1层) 1室0厅 | 8.2平米 | 南,https://s1.ljcdn.com/pegasus/redskull/images/common/default_house_list.png?_v=202410161653269
20241030,东城,安定门,101126862617,国管局的家属楼 双南两居 青年湖公园 8号线地铁,668万,128068元/平,低楼层 (共14层) 1室1厅 | 52.16平米 | 南,https://s1.ljcdn.com/pegasus/redskull/images/common/default_house_list.png?_v=202410161653269
20241030,东城,安定门,101126701165,华府景园 4室1厅 南 北,2188万,108029元/平,中楼层 (共12层) 4室1厅 | 202.54平米 | 南 北,https://s1.ljcdn.com/pegasus/redskull/images/common/default_house_list.png?_v=202410161653269
20241030,东城,安定门,101126487167,安外西河沿路2号院满五唯一两居室诚心出售,1140万,129871元/平,中楼层 (共11层) 2室1厅 | 87.78平米 | 南 北,https://s1.ljcdn.com/pegasus/redskull/images/common/default_house_list.png?_v=202410161653269
20241030,东城,安定门,101126333174,官书院 交道口 商品房小区 管理好 小区干净,1670万,132730元/平,中楼层 (共6层) 3室1厅 | 125.82平米 | 东 西,https://s1.ljcdn.com/pegasus/redskull/images/common/default_house_list.png?_v=202410161653269
20241030,东城,安定门,101126302617,西营房 2室1厅 东南,1099万,123055元/平,中楼层 (共19层) 2室1厅 | 89.31平米 | 东南,https://s1.ljcdn.com/pegasus/redskull/images/common/default_house_list.png?_v=202410161653269
20241030,东城,安定门,101126246810,朗家胡同13号院 1室1厅 东 南,520万,135523元/平,中楼层 (共6层) 1室1厅 | 38.37平米 | 东 南,https://s1.ljcdn.com/pegasus/redskull/images/common/default_house_list.png?_v=202410161653269
20241030,东城,安定门,101126184374,青年湖东里 1室1厅 南,480万,95276元/平,中楼层 (共18层) 1室1厅 | 50.38平米 | 南,https://s1.ljcdn.com/pegasus/redskull/images/common/default_house_list.png?_v=202410161653269
20241030,东城,安定门,101126135197,东城六铺炕 有电梯 一居室 小户型  青年湖,518万,119880元/平,低楼层 (共16层) 1室1厅 | 43.21平米 | 西,https://s1.ljcdn.com/pegasus/redskull/images/common/default_house_list.png?_v=202410161653269
20241030,东城,安定门,101125990081,西营房  2006年的小区  楼龄新 有电梯,380万,95936元/平,低楼层 (共17层) 1室0厅 | 39.61平米 | 北,https://s1.ljcdn.com/pegasus/redskull/images/common/default_house_list.png?_v=202410161653269
20241030,东城,安定门,101125621466,永康胡同18号院 1室1厅 南,599万,137071元/平,中楼层 (共6层) 1室1厅 | 43.7平米 | 南,https://s1.ljcdn.com/pegasus/redskull/images/common/default_house_list.png?_v=202410161653269
20241030,东城,安定门,101125069887,安定门  3居室  格局好 户型方正 建于1997,1100万,134788元/平,中楼层 (共18层) 3室1厅 | 81.61平米 | 东南 北,https://s1.ljcdn.com/pegasus/redskull/images/common/default_house_list.png?_v=202410161653269
20241030,东城,安定门,101124874759,东城和平里 安德路55号院 冶金部 两居 层高3米,588万,103722元/平,顶层 (共3层) 2室1厅 | 56.69平米 | 东 南 北,https://s1.ljcdn.com/pegasus/redskull/images/common/default_house_list.png?_v=202410161653269
20241030,东城,安定门,101124561548,安外大街3号院 二层两居 户型好 没有浪费面积,499万,87822元/平,低楼层 (共6层) 2室1厅 | 56.82平米 | 西 东,https://s1.ljcdn.com/pegasus/redskull/images/common/default_house_list.png?_v=202410161653269
20241030,东城,安定门,101120252197,东城六铺炕 2居室 诚心卖 满五唯一,660万,105906元/平,低楼层 (共16层) 2室1厅 | 62.32平米 | 西北,https://s1.ljcdn.com/pegasus/redskull/images/common/default_house_list.png?_v=202410161653269
20241030,东城,安定门,101111233072,此房楼龄是2008年建成高楼层视野好电梯房商品房,2499万,112391元/平,顶层 (共11层) | 2008年 | 4室2厅 | 222.35平米 | 南 北,https://s1.ljcdn.com/pegasus/redskull/images/common/default_house_list.png?_v=202410161653269
