20241030,丰台,新宫,101127246883,南庭新苑北区 1室1厅 东必看好房,199万,39469元/平,中楼层 (共15层) | 2012年 | 1室1厅 | 50.42平米 | 东,https://ke-image.ljcdn.com/110000-inspection/3551c3de-24af-48f5-8a60-e75daf41abc8_1000.jpg!m_fill,w_280,h_210,f_jpg?from=ke.com
20241030,丰台,新宫,101127127398,诚苑南里满五年唯一的商品房有钥匙看房方便有车位必看好房,243万,29868元/平,顶层 (共6层) | 2002年 | 2室1厅 | 81.36平米 | 西北,https://ke-image.ljcdn.com/110000-inspection/5bbf3f67-1363-4ddb-a533-cb6bb0d2d039_1000.jpg!m_fill,w_280,h_210,f_jpg?from=ke.com
20241030,丰台,新宫,101127025302,合顺家园 1室1厅 南必看好房,349万,49965元/平,中楼层 (共15层) 1室1厅 | 69.85平米 | 南,https://ke-image.ljcdn.com/110000-inspection/67a0be67-6d13-4e97-95a3-4ee284d20075_1000.jpg!m_fill,w_280,h_210,f_jpg?from=ke.com
20241030,丰台,新宫,101126969736,京粮悦谷首城南区 3室1厅 北 南必看好房,547万,55971元/平,低楼层 (共17层) | 2019年 | 3室1厅 | 97.73平米 | 北 南,https://ke-image.ljcdn.com/110000-inspection/d576281e-b4ee-40d7-8082-c086114e6341_1000.jpg!m_fill,w_280,h_210,f_jpg?from=ke.com
20241030,丰台,新宫,101126893557,飞腾家园 3室1厅 南 北必看好房,350万,38336元/平,低楼层 (共6层) 3室1厅 | 91.3平米 | 南 北,https://ke-image.ljcdn.com/110000-inspection/9ae55b99-f971-4c3c-b21b-94a8dcdf0050_1000.jpg!m_fill,w_280,h_210,f_jpg?from=ke.com
20241030,丰台,新宫,101127277946,合顺家园 3室1厅 东 西必看好房,440万,49628元/平,低楼层 (共16层) | 2019年 | 3室1厅 | 88.66平米 | 东 西,https://ke-image.ljcdn.com/110000-inspection/pc1_g867ybFnx_2.jpg!m_fill,w_280,h_210,f_jpg?from=ke.com
20241030,丰台,新宫,101127182030,阳光星苑北区   4+19号线 次新房 高楼层必看好房,325万,37840元/平,高楼层 (共13层) | 2014年 | 3室1厅 | 85.89平米 | 南,https://ke-image.ljcdn.com/110000-inspection/pc1_qpRpNf3N3_2.jpg!m_fill,w_280,h_210,f_jpg?from=ke.com
20241030,丰台,新宫,101127083907,此房满五唯一低楼层采光无遮挡全南向两居室,260万,44173元/平,低楼层 (共15层) | 2010年 | 2室1厅 | 58.86平米 | 南,https://ke-image.ljcdn.com/110000-inspection/8c177b00-d9eb-4ffe-86e5-8d3c882d17a7_1000.jpg!m_fill,w_280,h_210,f_jpg?from=ke.com
20241030,丰台,新宫,101127036364,公园懿府 2室1厅 南必看好房,360万,47575元/平,高楼层 (共16层) | 2017年 | 2室1厅 | 75.67平米 | 南,https://ke-image.ljcdn.com/110000-inspection/pc1_uDONTlOn6_2.jpg!m_fill,w_280,h_210,f_jpg?from=ke.com
20241030,丰台,新宫,101126872316,南庭新苑南区 精装修一居 商品房 满两年 带车位必看好房,165万,33307元/平,中楼层 (共15层) | 2012年 | 1室1厅 | 49.54平米 | 西,https://ke-image.ljcdn.com/110000-inspection/163deadd-9e88-4c73-9b5c-e0c9dc13ee41_1000.jpg!m_fill,w_280,h_210,f_jpg?from=ke.com
20241030,丰台,新宫,101126814041,阳光星苑北区 4+19号线地铁 全南向两居必看好房,265万,42306元/平,低楼层 (共11层) | 2014年 | 2室1厅 | 62.64平米 | 南,https://ke-image.ljcdn.com/110000-inspection/pc1_FobOoEVhy_2.jpg!m_fill,w_280,h_210,f_jpg?from=ke.com
20241030,丰台,新宫,101126813101,五爱屯西街 南北朝向两居满五唯一 地铁4+19号必看好房,188万,28136元/平,高楼层 (共6层) 2室1厅 | 66.82平米 | 南 北,https://ke-image.ljcdn.com/110000-inspection/6fed0034-c07b-4ef7-83dd-dec58073e469_1000.jpg!m_fill,w_280,h_210,f_jpg?from=ke.com
20241030,丰台,新宫,101126773610,合顺家园2018年小区新宫地铁站近南苑公园！必看好房,480万,54336元/平,中楼层 (共16层) 3室1厅 | 88.34平米 | 南 北,https://ke-image.ljcdn.com/110000-inspection/62514b99-dddc-490c-a2bf-57f77356a4b6_1000.jpg!m_fill,w_280,h_210,f_jpg?from=ke.com
20241030,丰台,新宫,101126704559,公园懿府 1室1厅 西必看好房,199万,36669元/平,中楼层 (共16层) | 2017年 | 1室1厅 | 54.27平米 | 西,https://ke-image.ljcdn.com/110000-inspection/pc1_LfNnPyzt5_2.jpg!m_fill,w_280,h_210,f_jpg?from=ke.com
20241030,丰台,新宫,101126650916,满五唯一 无遮挡 采光好 户型方正必看好房,290万,34890元/平,顶层 (共9层) | 2009年 | 2室1厅 | 83.12平米 | 南 北,https://ke-image.ljcdn.com/110000-inspection/14f76841-6075-48f1-a850-952ed33fa85e_1000.jpg!m_fill,w_280,h_210,f_jpg?from=ke.com
20241030,丰台,新宫,101126611795,阳光星苑北区 2室1厅 南必看好房,265万,40268元/平,高楼层 (共16层) 2室1厅 | 65.81平米 | 南,https://ke-image.ljcdn.com/110000-inspection/d4b5caeb-cc97-4a70-b664-4a824510f4bb_1000.jpg!m_fill,w_280,h_210,f_jpg?from=ke.com
20241030,丰台,新宫,101126461127,新宫 南庭新苑 高层 精装修 两居室 诚心出售必看好房,238万,40271元/平,高楼层 (共15层) | 2009年 | 2室1厅 | 59.1平米 | 南,https://ke-image.ljcdn.com/110000-inspection/pc1_QVrNCwoKY_2.jpg!m_fill,w_280,h_210,f_jpg?from=ke.com
20241030,丰台,新宫,101126173676,阳光星苑北区 4+19号线 新宫南地铁站必看好房,279万,38089元/平,低楼层 (共16层) 2室1厅 | 73.25平米 | 南,https://ke-image.ljcdn.com/110000-inspection/pc1_saVLv6uHz_2.jpg!m_fill,w_280,h_210,f_jpg?from=ke.com
20241030,丰台,新宫,101126137950,公园懿府 1室1厅 南必看好房,220万,41518元/平,低楼层 (共16层) | 2017年 | 1室1厅 | 52.99平米 | 南,https://ke-image.ljcdn.com/110000-inspection/40651808-4b2e-4636-af02-0c096d09033b_1000.jpg!m_fill,w_280,h_210,f_jpg?from=ke.com
20241030,丰台,新宫,101126089230,公园懿府 3室2厅 南 北必看好房,588万,50985元/平,低楼层 (共15层) 3室2厅 | 115.33平米 | 南 北,https://ke-image.ljcdn.com/110000-inspection/pc1_dlimUF5Sy_2.jpg!m_fill,w_280,h_210,f_jpg?from=ke.com
20241030,丰台,新宫,101126053483,南庭新苑北区 1室1厅 西必看好房,178万,35989元/平,低楼层 (共15层) | 2012年 | 1室1厅 | 49.46平米 | 西,https://ke-image.ljcdn.com/110000-inspection/pc1_0NkMAqmv0_2.jpg!m_fill,w_280,h_210,f_jpg?from=ke.com
20241030,丰台,新宫,101126025619,公园懿府18 年商品房小区 满五唯一视野采光好精装必看好房,215万,39948元/平,顶层 (共16层) | 2017年 | 1室1厅 | 53.82平米 | 南,https://ke-image.ljcdn.com/110000-inspection/5ab7ab6a-2945-48ce-8ef5-7bb69e815bda_1000.jpg!m_fill,w_280,h_210,f_jpg?from=ke.com
20241030,丰台,新宫,101125992307,南庭新苑北区新上全南向两居中间楼层视野开阔。必看好房,259万,43721元/平,中楼层 (共16层) | 2012年 | 2室1厅 | 59.24平米 | 南,https://ke-image.ljcdn.com/110000-inspection/080137fd-560b-4d99-a552-6b8833e69460_1000.jpg!m_fill,w_280,h_210,f_jpg?from=ke.com
20241030,丰台,新宫,101125973925,翠海明苑精装近地铁满五唯一商品房,500万,60147元/平,中楼层 (共5层) | 2006年 | 2室2厅 | 83.13平米 | 南 北,https://ke-image.ljcdn.com/110000-inspection/c07e716a-59a8-4713-8a89-a081ae03cc09_1000.jpg!m_fill,w_280,h_210,f_jpg?from=ke.com
20241030,丰台,新宫,101125912149,南北朝向集中供暖中间楼层满五年唯一近地铁两居必看好房,332万,48369元/平,中楼层 (共16层) | 2010年 | 2室1厅 | 68.64平米 | 南 北,https://ke-image.ljcdn.com/110000-inspection/a7d2b91d-66d6-49c8-865e-35f05b18a899_1000.jpg!m_fill,w_280,h_210,f_jpg?from=ke.com
20241030,丰台,新宫,101125708618,新宫地铁合顺家园2018年小区中高层诚售！必看好房,430万,52312元/平,中楼层 (共16层) 2室1厅 | 82.2平米 | 南,https://ke-image.ljcdn.com/110000-inspection/pc1_llgLU1YtV_1.jpg!m_fill,w_280,h_210,f_jpg?from=ke.com
20241030,丰台,新宫,101125675080,公园懿府 满五唯一 两居室 精装修必看好房,309万,41025元/平,高楼层 (共16层) | 2017年 | 2室1厅 | 75.32平米 | 东 西 北,https://ke-image.ljcdn.com/110000-inspection/pc1_Xk4DMOsXq_2.jpg!m_fill,w_280,h_210,f_jpg?from=ke.com
20241030,丰台,新宫,101125637864,满五年唯一商品房东西朝向楼层好视野开阔必看好房,278万,33286元/平,低楼层 (共9层) | 2009年 | 2室1厅 | 83.52平米 | 东 西,https://ke-image.ljcdn.com/110000-inspection/pc1_ARuM9Us4d_2.jpg!m_fill,w_280,h_210,f_jpg?from=ke.com
20241030,丰台,新宫,101125629421,南北朝向集中供暖近地铁两居看房随时必看好房,246万,35892元/平,底层 (共16层) | 2012年 | 2室1厅 | 68.54平米 | 南 北,https://ke-image.ljcdn.com/110000-inspection/dd555073-f5ac-4a02-b02e-4c73f541cee8_1000.jpg!m_fill,w_280,h_210,f_jpg?from=ke.com
20241030,丰台,新宫,101125374804,新宫 南庭新苑 低层两居室 诚心出售必看好房,218万,37082元/平,低楼层 (共16层) | 2010年 | 2室1厅 | 58.79平米 | 南,https://ke-image.ljcdn.com/110000-inspection/295765a4-d50b-44a0-b32f-f53de6c13ef3_1000.jpg!m_fill,w_280,h_210,f_jpg?from=ke.com
20241030,丰台,新宫,101125196892,4+19号线 南庭新苑北区 全南两居室 满五年唯一必看好房,278万,47151元/平,中楼层 (共16层) | 2012年 | 2室1厅 | 58.96平米 | 南,https://ke-image.ljcdn.com/110000-inspection/pc1_zYw78H1MT_1.jpg!m_fill,w_280,h_210,f_jpg?from=ke.com
20241030,丰台,新宫,101125181931,阳光星苑北区 南北通透 满五唯一必看好房,278万,41994元/平,低楼层 (共16层) 2室1厅 | 66.2平米 | 南 北,https://ke-image.ljcdn.com/110000-inspection/pc1_vnWbhIuAg_1.jpg!m_fill,w_280,h_210,f_jpg?from=ke.com
20241030,丰台,新宫,101125156041,诚苑南里 4+19号线 户型方正 楼层好必看好房,251万,30260元/平,中楼层 (共9层) | 2009年 | 2室1厅 | 82.95平米 | 东 西,https://ke-image.ljcdn.com/110000-inspection/pc1_KMFrtIAAO_2.jpg!m_fill,w_280,h_210,f_jpg?from=ke.com
20241030,丰台,新宫,101125089130,商品房社区南北通透两居室精装修业主诚心出售,380万,53454元/平,高楼层 (共15层) 2室1厅 | 71.09平米 | 南 北,https://ke-image.ljcdn.com/110000-inspection/6a5314b7-d149-4852-9531-9be5967450c5_1000.jpg!m_fill,w_280,h_210,f_jpg?from=ke.com
20241030,丰台,新宫,101124987219,京粮悦谷首城南区 2019年 满五唯一商品房 精装必看好房,567万,59118元/平,高楼层 (共17层) 3室1厅 | 95.91平米 | 南 北,https://ke-image.ljcdn.com/110000-inspection/pc1_8xDVZpJPb.jpg!m_fill,w_280,h_210,f_jpg?from=ke.com
20241030,丰台,新宫,101124984791,公园懿府 2室1厅 南 西必看好房,350万,46254元/平,中楼层 (共16层) | 2017年 | 2室1厅 | 75.67平米 | 南 西,https://ke-image.ljcdn.com/110000-inspection/c14d60ef-916d-4230-a550-5821802b29bb_1000.jpg!m_fill,w_280,h_210,f_jpg?from=ke.com
20241030,丰台,新宫,101124965907,新宫19号线+4号线 合顺家园   全明格局三居室,419万,45529元/平,低楼层 (共16层) 3室1厅 | 92.03平米 | 东 西,https://ke-image.ljcdn.com/110000-inspection/d03e521d-47b0-49b4-92a1-df0982dd2eec_1000.jpg!m_fill,w_280,h_210,f_jpg?from=ke.com
20241030,丰台,新宫,101124934694,此房商品房低楼层视野宽阔全南向两居室必看好房,268万,45347元/平,低楼层 (共15层) | 2009年 | 2室1厅 | 59.1平米 | 南,https://ke-image.ljcdn.com/110000-inspection/8b9dc666-72e2-46bc-96cd-64e9911c2100_1000.jpg!m_fill,w_280,h_210,f_jpg?from=ke.com
20241030,丰台,新宫,101124771008,阳光星苑南区 全朝南向的大两居 户型方正,308万,36624元/平,低楼层 (共13层) | 2015年 | 3室1厅 | 84.1平米 | 南,https://ke-image.ljcdn.com/110000-inspection/56126c22-6ef5-4e2f-9b3b-1de88341467b_1000.jpg!m_fill,w_280,h_210,f_jpg?from=ke.com
20241030,丰台,新宫,101124728229,翠海明苑 2室2厅 南 北必看好房,460万,49903元/平,低楼层 (共6层) | 2006年 | 2室2厅 | 92.18平米 | 南 北,https://ke-image.ljcdn.com/110000-inspection/a913e6cf-a197-4152-abd4-4442c93d7c1c_1000.jpg!m_fill,w_280,h_210,f_jpg?from=ke.com
20241030,丰台,新宫,101124687883,满五年唯一地铁电梯房视野宽阔采光充足必看好房,255万,43346元/平,中楼层 (共16层) | 2010年 | 2室1厅 | 58.83平米 | 西 北,https://ke-image.ljcdn.com/110000-inspection/27c2e15f-2a50-4b6d-8989-c0db23f64697_1000.jpg!m_fill,w_280,h_210,f_jpg?from=ke.com
20241030,丰台,新宫,101124462109,公园懿府 2室1厅 东 西,299万,39499元/平,低楼层 (共16层) | 2017年 | 2室1厅 | 75.7平米 | 东 西,https://ke-image.ljcdn.com/110000-inspection/0c42689b-fe3c-4bd7-bef9-0e6e2f38a23b_1000.jpg!m_fill,w_280,h_210,f_jpg?from=ke.com
20241030,丰台,新宫,101124362801,南四环新宫 诚苑南里 满五唯一商品房必看好房,255万,32361元/平,低楼层 (共9层) | 2000年 | 2室1厅 | 78.8平米 | 东 西,https://ke-image.ljcdn.com/110000-inspection/pc1_o0Ew1hIzj_2.jpg!m_fill,w_280,h_210,f_jpg?from=ke.com
20241030,丰台,新宫,101124349822,新宫商圈 小区中间楼 可贷款 朝南 满五唯一 急售必看好房,239万,40585元/平,顶层 (共16层) | 2010年 | 2室1厅 | 58.89平米 | 南,https://ke-image.ljcdn.com/110000-inspection/pc1_FO9i0MNuj_1.jpg!m_fill,w_280,h_210,f_jpg?from=ke.com
20241030,丰台,新宫,101124301279,南北朝向集中供暖高楼层满五年唯一近地铁两居必看好房,315万,46046元/平,高楼层 (共16层) | 2012年 | 2室1厅 | 68.41平米 | 南 北,https://ke-image.ljcdn.com/110000-inspection/pc1_FCMc8i3UK_2.jpg!m_fill,w_280,h_210,f_jpg?from=ke.com
20241030,丰台,新宫,101124287625,阳光星苑北区 2室1厅 南 北必看好房,275万,41335元/平,高楼层 (共16层) 2室1厅 | 66.53平米 | 南 北,https://ke-image.ljcdn.com/110000-inspection/145dc28d-3a46-47a5-b99a-a95e30f1230e_1000.jpg!m_fill,w_280,h_210,f_jpg?from=ke.com
20241030,丰台,新宫,101124135544,南庭新苑北区 满五唯一精装自住一居 朝东必看好房,188万,37125元/平,低楼层 (共15层) | 2012年 | 1室1厅 | 50.64平米 | 东,https://ke-image.ljcdn.com/110000-inspection/888f50da-fd24-4155-8e92-ac827eeecbc1_1000.jpg!m_fill,w_280,h_210,f_jpg?from=ke.com
20241030,丰台,新宫,101124130735,南庭新苑南区正规一室一厅好楼层必看好房,155万,31063元/平,中楼层 (共15层) | 2012年 | 1室1厅 | 49.9平米 | 西,https://ke-image.ljcdn.com/110000-inspection/d95892e9-c74a-4324-b564-7affb7c97e8b_1000.jpg!m_fill,w_280,h_210,f_jpg?from=ke.com
20241030,丰台,新宫,101124110107,新宫 地铁站 翠海明苑 2005年商品房 精装修必看好房,286万,51246元/平,低楼层 (共6层) | 2005年 | 1室1厅 | 55.81平米 | 南 北,https://ke-image.ljcdn.com/110000-inspection/4df9ef5d-5361-4727-b953-003efd312590_1000.jpg!m_fill,w_280,h_210,f_jpg?from=ke.com
20241030,丰台,新宫,101123980588,丰台新宫公益西桥正规一居室满五唯一商品房楼龄新必看好房,189万,37530元/平,高楼层 (共15层) | 2012年 | 1室1厅 | 50.36平米 | 东,https://ke-image.ljcdn.com/110000-inspection/c872ffc7-946c-4004-bea2-248ee1d84692_1000.jpg!m_fill,w_280,h_210,f_jpg?from=ke.com
20241030,丰台,新宫,101123626574,合顺家园 1室1厅 南必看好房,308万,44184元/平,高楼层 (共16层) | 2018年 | 1室1厅 | 69.71平米 | 南,https://ke-image.ljcdn.com/110000-inspection/pc1_M8FYkiMoI_1.jpg!m_fill,w_280,h_210,f_jpg?from=ke.com
20241030,丰台,新宫,101123615154,南庭新苑北区 2室1厅 西 北,238万,40224元/平,高楼层 (共14层) | 2010年 | 2室1厅 | 59.17平米 | 西 北,https://ke-image.ljcdn.com/110000-inspection/642055bf-9a4d-47ab-ab23-27c210a99eef_1000.jpg!m_fill,w_280,h_210,f_jpg?from=ke.com
20241030,丰台,新宫,101123041263,诚苑南里满五唯一商品房南北通透格局必看好房,310万,36835元/平,低楼层 (共9层) | 2009年 | 2室1厅 | 84.16平米 | 南 北,https://ke-image.ljcdn.com/110000-inspection/6a883f51-7454-4a7d-96e4-95f1810733e1_1000.jpg!m_fill,w_280,h_210,f_jpg?from=ke.com
20241030,丰台,新宫,101123003371,2011年新小区南庭新苑南区高层南向两居地铁4号1000米必看好房,255万,42995元/平,高楼层 (共16层) | 2011年 | 2室1厅 | 59.31平米 | 南,https://ke-image.ljcdn.com/110000-inspection/pc1_Yi3BJcZJR_1.jpg!m_fill,w_280,h_210,f_jpg?from=ke.com
20241030,丰台,新宫,101122521712,丰台区新宫阳光星苑北区南北通透两居室满五唯一必看好房,275万,41934元/平,低楼层 (共16层) | 2014年 | 2室1厅 | 65.58平米 | 南 北,https://ke-image.ljcdn.com/110000-inspection/75dedf1c-931f-4226-8144-57459f24a5da_1000.jpg!m_fill,w_280,h_210,f_jpg?from=ke.com
20241030,丰台,新宫,101122440935,阳光星苑北区   满五唯一   东西朝向,269万,37893元/平,高楼层 (共16层) 2室1厅 | 70.99平米 | 东 西,https://ke-image.ljcdn.com/110000-inspection/6f5897c8-4dc9-468c-8d40-e178e27eb690_1000.jpg!m_fill,w_280,h_210,f_jpg?from=ke.com
20241030,丰台,新宫,101122031164,新宫 诚苑南里 南北朝向两居室 中间楼层必看好房,189万,34055元/平,中楼层 (共6层) 1室1厅 | 55.5平米 | 南 北,https://ke-image.ljcdn.com/110000-inspection/6bd70d99-3734-4228-a854-730e1ac09c5e_1000.jpg!m_fill,w_280,h_210,f_jpg?from=ke.com
20241030,丰台,新宫,101121808937,南四环边新宫地铁口边南庭新苑南区必看好房,230万,38918元/平,中楼层 (共15层) | 2009年 | 2室1厅 | 59.1平米 | 南,https://ke-image.ljcdn.com/110000-inspection/fa2f05b0-0f45-434d-abc6-a99c92695d88_1000.jpg!m_fill,w_280,h_210,f_jpg?from=ke.com
20241030,丰台,新宫,101120941504,天骄俊园8号院  南北通透楼层好采光充足近地铁必看好房,350万,36777元/平,低楼层 (共15层) 2室1厅 | 95.17平米 | 南 北,https://ke-image.ljcdn.com/110000-inspection/d62adfaf-cd37-4ae7-8c0b-e6623ffda647_1000.jpg!m_fill,w_280,h_210,f_jpg?from=ke.com
20241030,丰台,新宫,101114956010,中粮天恒天悦壹号 南北通透大四居 次新房 近地铁,1780万,101657元/平,中楼层 (共14层) | 2020年 | 4室2厅 | 175.1平米 | 南 北,https://ke-image.ljcdn.com/110000-inspection/pc1_xnB0Q370o.jpg!m_fill,w_280,h_210,f_jpg?from=ke.com
20241030,丰台,新宫,101127283050,新宫 南庭新苑 高层 南北三居室 随时可看 电梯必看好房,335万,40770元/平,高楼层 (共15层) | 2012年 | 3室1厅 | 82.17平米 | 南 北,https://ke-image.ljcdn.com/110000-inspection/pc1_1kcMxqCoa_2.jpg!m_fill,w_280,h_210,f_jpg?from=ke.com
20241030,丰台,新宫,101127138909,翠海明苑 2室2厅 南 北必看好房,493万,53120元/平,中楼层 (共6层) 2室2厅 | 92.81平米 | 南 北,https://ke-image.ljcdn.com/110000-inspection/136a352a-04cd-4340-a53c-fb1b79208116_1000.jpg!m_fill,w_280,h_210,f_jpg?from=ke.com
20241030,丰台,新宫,101127118337,翠海明苑 2室1厅 南 北必看好房,439万,54058元/平,中楼层 (共6层) | 2006年 | 2室1厅 | 81.21平米 | 南 北,https://ke-image.ljcdn.com/110000-inspection/pc1_Gl4vHKUS4.jpg!m_fill,w_280,h_210,f_jpg?from=ke.com
20241030,丰台,新宫,101127017802,南庭新苑北区  东南两居室 小区中间位置 满五唯一必看好房,277万,45329元/平,低楼层 (共16层) | 2010年 | 2室1厅 | 61.11平米 | 东南,https://ke-image.ljcdn.com/110000-inspection/1ff22c90-25fa-4ac6-aa98-885dfab161c3_1000.jpg!m_fill,w_280,h_210,f_jpg?from=ke.com
20241030,丰台,新宫,101126744818,满两年高楼层南北通透近地铁配套齐全两居必看好房,485万,55008元/平,高楼层 (共17层) 2室1厅 | 88.17平米 | 南 北,https://ke-image.ljcdn.com/110000-inspection/b35c9ee9-dbc3-4d96-bf16-56e676d4a428_1000.jpg!m_fill,w_280,h_210,f_jpg?from=ke.com
20241030,丰台,新宫,101126702631,南庭新苑南区 2室1厅 南,216万,36419元/平,低楼层 (共16层) | 2011年 | 2室1厅 | 59.31平米 | 南,https://ke-image.ljcdn.com/110000-inspection/931c7bc3-556c-4e82-9770-1cbc3c368273_1000.jpg!m_fill,w_280,h_210,f_jpg?from=ke.com
20241030,丰台,新宫,101126536710,新宫4号线19号线悦谷家园东区全南向精装修一居室必看好房,208万,43919元/平,底层 (共17层) | 2019年 | 1室1厅 | 47.36平米 | 南,https://ke-image.ljcdn.com/110000-inspection/e570b6a0-1be9-4d03-a85d-4d27c12862d5_1000.jpg!m_fill,w_280,h_210,f_jpg?from=ke.com
20241030,丰台,新宫,101126253523,京粮悦谷首城西区 近地铁 双商超 业主急售必看好房,197万,42176元/平,低楼层 (共17层) | 2019年 | 1室0厅 | 46.71平米 | 东,https://ke-image.ljcdn.com/110000-inspection/0583c7ae-2aab-46e9-9a81-e587e14883ba_1000.jpg!m_fill,w_280,h_210,f_jpg?from=ke.com
20241030,丰台,新宫,101126126440,南四环新宫商圈 泰禾金府大院 四室两厅 中式园林,1190万,66630元/平,低楼层 (共14层) 4室2厅 | 178.6平米 | 南 西 北,https://ke-image.ljcdn.com/110000-inspection/06ddabd7-8b48-4ddf-8d0e-27a23c2f4a84_1000.jpg!m_fill,w_280,h_210,f_jpg?from=ke.com
20241030,丰台,新宫,101125927262,南庭新苑南区4/19号线双地铁必看好房,310万,38448元/平,低楼层 (共16层) | 2010年 | 3室1厅 | 80.63平米 | 西 北,https://ke-image.ljcdn.com/110000-inspection/066be56f-c32d-4a40-8a15-4ce61830b9aa_1000.jpg!m_fill,w_280,h_210,f_jpg?from=ke.com
20241030,丰台,新宫,101125790302,南庭新苑北区 南北通透三居室   满五年 无遮挡必看好房,368万,45187元/平,低楼层 (共13层) | 2012年 | 3室1厅 | 81.44平米 | 东 南 北,https://ke-image.ljcdn.com/110000-inspection/pc1_luR1cKv2d_2.jpg!m_fill,w_280,h_210,f_jpg?from=ke.com
20241030,丰台,新宫,101125782287,诚苑南里满五年唯一商品房集中供暖带电梯一居必看好房,159万,27959元/平,低楼层 (共9层) | 2000年 | 1室1厅 | 56.87平米 | 东,https://ke-image.ljcdn.com/110000-inspection/pc1_DlSgkVNOt_1.jpg!m_fill,w_280,h_210,f_jpg?from=ke.com
20241030,丰台,新宫,101124841134,南四环新宫商圈4+19号线双地铁  正规全南两居必看好房,227万,38319元/平,低楼层 (共16层) | 2011年 | 2室1厅 | 59.24平米 | 南,https://ke-image.ljcdn.com/110000-inspection/39acb153-6ea6-40df-be6b-27a3c91b26d7_1000.jpg!m_fill,w_280,h_210,f_jpg?from=ke.com
20241030,丰台,新宫,101124659590,新宫 2019年电梯房 京粮悦谷首城东区必看好房,435万,52638元/平,顶层 (共17层) 2室1厅 | 82.64平米 | 南 北,https://ke-image.ljcdn.com/110000-inspection/d328c7ad-dfe0-4699-ac1c-eb696c450d7d_1000.jpg!m_fill,w_280,h_210,f_jpg?from=ke.com
20241030,丰台,新宫,101123951678,阳光星苑北区  南北通透两居室  精装修 拎包入住必看好房,240万,37766元/平,顶层 (共11层) | 2014年 | 2室1厅 | 63.55平米 | 南 北,https://ke-image.ljcdn.com/110000-inspection/c941d640-36d6-4e96-b3ba-1a8b1157eed0_1000.jpg!m_fill,w_280,h_210,f_jpg?from=ke.com
20241030,丰台,新宫,101123190820,新宫 高层 南庭新苑 东向 一居室 业主诚售,165万,33388元/平,高楼层 (共15层) | 2012年 | 1室1厅 | 49.42平米 | 东,https://ke-image.ljcdn.com/110000-inspection/ff210a26-067e-41e0-8e56-7fe1d6b315a4_1000.jpg!m_fill,w_280,h_210,f_jpg?from=ke.com
20241030,丰台,新宫,101122789361,19+4号线新宫站 次新房 南北通透急售 可满贷款必看好房,498万,57216元/平,低楼层 (共17层) | 2019年 | 2室1厅 | 87.04平米 | 南 北,https://ke-image.ljcdn.com/110000-inspection/d58261f4-0e6c-4c8b-832f-5347ae52a271_1000.jpg!m_fill,w_280,h_210,f_jpg?from=ke.com
20241030,丰台,新宫,101122477934,南庭新苑南区三居出售中高楼层视野好,368万,45204元/平,高楼层 (共16层) | 2010年 | 3室1厅 | 81.41平米 | 南 北,https://ke-image.ljcdn.com/110000-inspection/d0070962-367f-4243-bd41-7b832d5b6c8e_1000.jpg!m_fill,w_280,h_210,f_jpg?from=ke.com
20241030,丰台,新宫,101121819057,泰禾金府大院中式园林景观4号线19号线双地铁必看好房,1080万,70492元/平,低楼层 (共14层) 3室2厅 | 153.21平米 | 南 北,https://ke-image.ljcdn.com/110000-inspection/pc1_AO1Va3uPQ.jpg!m_fill,w_280,h_210,f_jpg?from=ke.com
20241030,丰台,新宫,101127257694,阳光星苑北区 3室1厅 南新上,370万,43767元/平,低楼层 (共16层) | 2014年 | 3室1厅 | 84.54平米 | 南,https://ke-image.ljcdn.com/110000-inspection/5e817f1b-eefc-4329-8f9e-c469b207bd59_1000.jpg!m_fill,w_280,h_210,f_jpg?from=ke.com
20241030,丰台,新宫,101127223373,公园懿府精装两居南北通透满五商品房。新上,535万,59637元/平,低楼层 (共15层) 2室2厅 | 89.71平米 | 南 北,https://ke-image.ljcdn.com/110000-inspection/pc1_EmnYSyGKb_2.jpg!m_fill,w_280,h_210,f_jpg?from=ke.com
20241030,丰台,新宫,101127219191,公园懿府 3室2厅 南 北新上,618万,54069元/平,中楼层 (共15层) 3室2厅 | 114.3平米 | 南 北,https://ke-image.ljcdn.com/110000-inspection/b39beb44-305e-4c2c-9372-8e43364180cb_1000.jpg!m_fill,w_280,h_210,f_jpg?from=ke.com
20241030,丰台,新宫,101127213679,新宫带电梯集中供暖不临街东向满五年唯一一居新上,183万,36747元/平,中楼层 (共15层) | 2012年 | 1室1厅 | 49.8平米 | 东,https://ke-image.ljcdn.com/110000-inspection/75153f3c-ca6a-451f-bd55-c992ff701dd9_1000.jpg!m_fill,w_280,h_210,f_jpg?from=ke.com
20241030,丰台,新宫,101127199804,阳光星苑北区 2室1厅 东 西,298万,42067元/平,低楼层 (共16层) 2室1厅 | 70.84平米 | 东 西,https://ke-image.ljcdn.com/110000-inspection/0597c8bc-65b5-45d0-8c26-d2c0b2458478_1000.jpg!m_fill,w_280,h_210,f_jpg?from=ke.com
20241030,丰台,新宫,101127171127,南四环 2012年社区 全明格局 中高层前后无挡,250万,42503元/平,中楼层 (共15层) 1室1厅 | 58.82平米 | 南 北,https://ke-image.ljcdn.com/110000-inspection/pc1_V1IYi5CRX_2.jpg!m_fill,w_280,h_210,f_jpg?from=ke.com
20241030,丰台,新宫,101127099013,京粮悦谷东区南北两居室高层满二年楼龄新,480万,54404元/平,顶层 (共17层) 2室1厅 | 88.23平米 | 南 北,https://ke-image.ljcdn.com/110000-inspection/7d8d23ab-68a2-4b16-8f96-44d9d1f8a3e1_1000.jpg!m_fill,w_280,h_210,f_jpg?from=ke.com
20241030,丰台,新宫,101126938764,2014年小区 南向两居室 户型方正 采光充足,280万,44700元/平,低楼层 (共11层) | 2014年 | 2室1厅 | 62.64平米 | 南,https://ke-image.ljcdn.com/110000-inspection/cd119df3-8d84-4a83-89d0-64728221a640_1000.jpg!m_fill,w_280,h_210,f_jpg?from=ke.com
20241030,丰台,新宫,101126862584,南庭新苑北区 2室2厅 南,395万,50364元/平,低楼层 (共14层) | 2012年 | 2室2厅 | 78.43平米 | 南,https://ke-image.ljcdn.com/110000-inspection/pc1_zMG5GLIZt_2.jpg!m_fill,w_280,h_210,f_jpg?from=ke.com
20241030,丰台,新宫,101126856331,中粮天恒天悦壹号 4室2厅 南 北,1130万,90880元/平,中楼层 (共14层) 4室2厅 | 124.34平米 | 南 北,https://ke-image.ljcdn.com/110000-inspection/pc1_RSKp5tpxW_2.jpg!m_fill,w_280,h_210,f_jpg?from=ke.com
20241030,丰台,新宫,101126817494,公园懿府 2室2厅 南 北,498万,55593元/平,低楼层 (共15层) 2室2厅 | 89.58平米 | 南 北,https://ke-image.ljcdn.com/110000-inspection/pc1_2IFfg1Js6_2.jpg!m_fill,w_280,h_210,f_jpg?from=ke.com
20241030,丰台,新宫,101126808766,公园懿府 低楼层南向一居 4+19号线地铁,240万,43550元/平,底层 (共16层) | 2017年 | 1室1厅 | 55.11平米 | 南,https://ke-image.ljcdn.com/110000-inspection/b712b138-ac9d-4657-b31f-236d7bceb5fe_1000.jpg!m_fill,w_280,h_210,f_jpg?from=ke.com
20241030,丰台,新宫,101126778271,翠海明苑 1室1厅 南 北,258万,46154元/平,中楼层 (共6层) | 2006年 | 1室1厅 | 55.9平米 | 南 北,https://ke-image.ljcdn.com/110000-inspection/pc1_ccomhbvp3_2.jpg!m_fill,w_280,h_210,f_jpg?from=ke.com
20241030,丰台,新宫,101126752351,泰禾金府大院 4室2厅 南 北,1265万,73547元/平,高楼层 (共14层) | 2021年 | 4室2厅 | 172平米 | 南 北,https://ke-image.ljcdn.com/110000-inspection/pc1_YIaEUbU9W_2.jpg!m_fill,w_280,h_210,f_jpg?from=ke.com
20241030,丰台,新宫,101126742920,阳光星苑北区 3室1厅 南,366万,43510元/平,中楼层 (共14层) | 2015年 | 3室1厅 | 84.12平米 | 南,https://ke-image.ljcdn.com/110000-inspection/b0a8a272-33de-4c09-b553-7bcfa98387db_1000.jpg!m_fill,w_280,h_210,f_jpg?from=ke.com
20241030,丰台,新宫,101126684627,飞腾家园 3室1厅 南 北,380万,33372元/平,顶层 (共6层) 3室1厅 | 113.87平米 | 南 北,https://ke-image.ljcdn.com/110000-inspection/d10fd4f6-84e4-4938-9122-45c0037b0919_1000.jpg!m_fill,w_280,h_210,f_jpg?from=ke.com
20241030,丰台,新宫,101126650658,新宫4+19号线 南庭新苑 高层 两居室 诚心出售,210万,35533元/平,顶层 (共15层) | 2012年 | 2室1厅 | 59.1平米 | 东,https://ke-image.ljcdn.com/110000-inspection/pc1_RH5kuUmm5_2.jpg!m_fill,w_280,h_210,f_jpg?from=ke.com
20241030,丰台,新宫,101126609951,潘家庙路9号院北区房子满五年近地铁19号线,266万,46149元/平,中楼层 (共15层) | 2012年 | 1室1厅 | 57.64平米 | 南,https://ke-image.ljcdn.com/110000-inspection/1d064218-648e-4dce-8608-e8da8f15de73_1000.jpg!m_fill,w_280,h_210,f_jpg?from=ke.com
20241030,丰台,新宫,101126588361,阳光星苑北区南向大两居 满两年 顶层,280万,36920元/平,顶层 (共14层) 2室1厅 | 75.84平米 | 南,https://ke-image.ljcdn.com/110000-inspection/pc1_ssTRTP8Dj_2.jpg!m_fill,w_280,h_210,f_jpg?from=ke.com
20241030,丰台,新宫,101126555295,飞腾家园【满五唯一】近地铁19号线,450万,37635元/平,中楼层 (共4层) 3室1厅 | 119.57平米 | 东 西,https://ke-image.ljcdn.com/110000-inspection/pc1_xM55pT8mg_2.jpg!m_fill,w_280,h_210,f_jpg?from=ke.com
20241030,丰台,新宫,101126552087,公园懿府 3室1厅 南 北,650万,56503元/平,高楼层 (共15层) 3室1厅 | 115.04平米 | 南 北,https://ke-image.ljcdn.com/110000-inspection/pc1_YnNLlMtbx_2.jpg!m_fill,w_280,h_210,f_jpg?from=ke.com
20241030,丰台,新宫,101126537251,天骄俊园8号院 2室1厅 南 北,500万,52927元/平,低楼层 (共15层) 2室1厅 | 94.47平米 | 南 北,https://ke-image.ljcdn.com/110000-inspection/aeb2964b-020d-46ac-bc78-36dc2de1c25f_1000.jpg!m_fill,w_280,h_210,f_jpg?from=ke.com
20241030,丰台,新宫,101126533496,近地铁 好楼层 电梯两居室 配套全 南庭新苑,278万,47151元/平,高楼层 (共16层) | 2012年 | 2室1厅 | 58.96平米 | 南,https://ke-image.ljcdn.com/110000-inspection/pc1_dnDgcH1xG_2.jpg!m_fill,w_280,h_210,f_jpg?from=ke.com
20241030,丰台,新宫,101126492215,阳光星苑北区 满五唯一  回迁房13年次新小区,259万,36485元/平,低楼层 (共16层) 2室1厅 | 70.99平米 | 东 西,https://ke-image.ljcdn.com/110000-inspection/pc1_Vx8rtXgvl_2.jpg!m_fill,w_280,h_210,f_jpg?from=ke.com
20241030,丰台,新宫,101126432711,地铁 新宫 电梯精装房 中间楼层采光好房主自荐,350万,41259元/平,中楼层 (共14层) 3室1厅 | 84.83平米 | 南 北,https://ke-image.ljcdn.com/110000-inspection/pc1_je6eomkM4_2.jpg!m_fill,w_280,h_210,f_jpg?from=ke.com
20241030,丰台,新宫,101126429323,公园懿府三期精装修南北通透 业主诚信出售,850万,63443元/平,高楼层 (共15层) | 2018年 | 3室2厅 | 133.98平米 | 南 北,https://ke-image.ljcdn.com/110000-inspection/pc1_dNOgkASZ2_2.jpg!m_fill,w_280,h_210,f_jpg?from=ke.com
20241030,丰台,新宫,101126409350,翠海明苑南北一居 花园洋房 小区有水系,235万,42108元/平,中楼层 (共6层) | 2005年 | 1室0厅 | 55.81平米 | 南 北,https://ke-image.ljcdn.com/110000-inspection/cdbcf2f2-b738-435c-8dea-0f56f483923e_1000.jpg!m_fill,w_280,h_210,f_jpg?from=ke.com
20241030,丰台,新宫,101126408329,商品房社区南北通透两居室精装修满五唯一,620万,47693元/平,顶层 (共15层) 3室2厅 | 130平米 | 南 北,https://ke-image.ljcdn.com/110000-inspection/475fce01-1d04-44c0-913d-96133ae3ad6f_1000.jpg!m_fill,w_280,h_210,f_jpg?from=ke.com
20241030,丰台,新宫,101126394613,新发地地铁口南北通透两居精装修拎包入住,490万,50757元/平,底层 (共15层) | 2012年 | 2室1厅 | 96.54平米 | 南 北,https://ke-image.ljcdn.com/110000-inspection/pc1_LzrRIaOs5_2.jpg!m_fill,w_280,h_210,f_jpg?from=ke.com
20241030,丰台,新宫,101126370233,南庭新苑北区 南北通透两居室 高楼层 采光好,320万,47094元/平,高楼层 (共16层) | 2019年 | 2室1厅 | 67.95平米 | 南 北,https://ke-image.ljcdn.com/110000-inspection/65124479-2c5c-49ef-b563-266e7bb4c884_1000.jpg!m_fill,w_280,h_210,f_jpg?from=ke.com
20241030,丰台,新宫,101126342678,公园懿府 3室2厅 南 北,780万,58375元/平,低楼层 (共15层) 3室2厅 | 133.62平米 | 南 北,https://ke-image.ljcdn.com/110000-inspection/pc1_n7G69ft14_2.jpg!m_fill,w_280,h_210,f_jpg?from=ke.com
20241030,丰台,新宫,101126342601,南庭新苑南区二居室高层采光好格局大,255万,37210元/平,顶层 (共16层) | 2018年 | 2室1厅 | 68.53平米 | 南 北,https://ke-image.ljcdn.com/110000-inspection/9f8fbb1d-11c3-4de7-9ff4-7bebcb395063_1000.jpg!m_fill,w_280,h_210,f_jpg?from=ke.com
20241030,丰台,新宫,101126338689,南庭新苑南区 全南向两居 房本满五唯一 中高层房主自荐,285万,48486元/平,高楼层 (共15层) | 2010年 | 2室1厅 | 58.78平米 | 南,https://ke-image.ljcdn.com/110000-inspection/pc1_i8fK023w7_2.jpg!m_fill,w_280,h_210,f_jpg?from=ke.com
20241030,丰台,新宫,101126332645,中粮天恒天悦壹号 中间不临街 边户型 满两年近地铁,1150万,76852元/平,中楼层 (共14层) 4室1厅 | 149.64平米 | 南 北,https://ke-image.ljcdn.com/110000-inspection/pc1_a9T92alu4_1.jpg!m_fill,w_280,h_210,f_jpg?from=ke.com
20241030,丰台,新宫,101126237266,翠海明苑 1室1厅 南 北,230万,41145元/平,高楼层 (共6层) | 2006年 | 1室1厅 | 55.9平米 | 南 北,https://ke-image.ljcdn.com/110000-inspection/pc1_fNc1J8W9z_2.jpg!m_fill,w_280,h_210,f_jpg?from=ke.com
20241030,丰台,新宫,101126236665,南庭新苑南区 全南两居室 户型方正,265万,44734元/平,底层 (共16层) | 2011年 | 2室1厅 | 59.24平米 | 南,https://ke-image.ljcdn.com/110000-inspection/d8514be1-48f1-4861-82f7-8e82f280533b_1000.jpg!m_fill,w_280,h_210,f_jpg?from=ke.com
20241030,丰台,新宫,101126222476,飞腾家园满五唯一商品房四居室,350万,30576元/平,顶层 (共6层) 4室1厅 | 114.47平米 | 南 北,https://ke-image.ljcdn.com/110000-inspection/pc1_sD1ZJdi4U_2.jpg!m_fill,w_280,h_210,f_jpg?from=ke.com
20241030,丰台,新宫,101126216286,南庭新苑南区 3室1厅 东 北,370万,45998元/平,中楼层 (共16层) | 2010年 | 3室1厅 | 80.44平米 | 东 北,https://ke-image.ljcdn.com/110000-inspection/5bc63364-5747-4d82-bc3d-521d1b6a8a70_1000.jpg!m_fill,w_280,h_210,f_jpg?from=ke.com
20241030,丰台,新宫,101126209376,南庭新苑南区 2室1厅 西南,265万,43522元/平,中楼层 (共15层) | 2010年 | 2室1厅 | 60.89平米 | 西南,https://ke-image.ljcdn.com/110000-inspection/pc1_jkulR7hti_2.jpg!m_fill,w_280,h_210,f_jpg?from=ke.com
20241030,丰台,新宫,101126208961,4+19号线地铁新宫站 交通便利 2018年小区,299万,45986元/平,低楼层 (共16层) 1室1厅 | 65.02平米 | 南 西,https://ke-image.ljcdn.com/110000-inspection/pc1_PkqTKQYrY_2.jpg!m_fill,w_280,h_210,f_jpg?from=ke.com
20241030,丰台,新宫,101126190699,4号线19号线  合顺家园  南向两居室 视野好,460万,56525元/平,高楼层 (共16层) 2室1厅 | 81.38平米 | 东南,https://ke-image.ljcdn.com/110000-inspection/f2bb7409-ec3c-4c2d-91ea-ed278651d2b1_1000.jpg!m_fill,w_280,h_210,f_jpg?from=ke.com
20241030,丰台,新宫,101126172197,17年小区万科物业 满五唯一商品房 次顶层两居室,320万,42793元/平,高楼层 (共16层) | 2017年 | 2室1厅 | 74.78平米 | 东 西,https://ke-image.ljcdn.com/110000-inspection/8a11d811-6352-458c-93d5-68f02b9d17bc_1000.jpg!m_fill,w_280,h_210,f_jpg?from=ke.com
20241030,丰台,新宫,101126158711,公园懿府 3室2厅 南 北,750万,55916元/平,低楼层 (共15层) 3室2厅 | 134.13平米 | 南 北,https://ke-image.ljcdn.com/110000-inspection/pc1_WUIhHplyM_2.jpg!m_fill,w_280,h_210,f_jpg?from=ke.com
20241030,丰台,新宫,101126142508,新宫 南庭新苑南区 4+19号线地铁,256万,43317元/平,高楼层 (共15层) | 2012年 | 2室1厅 | 59.1平米 | 南,https://ke-image.ljcdn.com/110000-inspection/pc1_jprPfixoz_2.jpg!m_fill,w_280,h_210,f_jpg?from=ke.com
20241030,丰台,新宫,101126141153,南庭新苑北区南向中间楼层两居室位置好视野开阔房主自荐,299万,51016元/平,中楼层 (共16层) | 2012年 | 2室1厅 | 58.61平米 | 南,https://ke-image.ljcdn.com/110000-inspection/pc1_uDn6sBal8_1.jpg!m_fill,w_280,h_210,f_jpg?from=ke.com
20241030,丰台,新宫,101126107191,京粮悦谷家园东区全南两居室精装修高层满二年,530万,59942元/平,中楼层 (共17层) | 2019年 | 2室1厅 | 88.42平米 | 南,https://ke-image.ljcdn.com/110000-inspection/pc1_eIycDpOTt_2.jpg!m_fill,w_280,h_210,f_jpg?from=ke.com
20241030,丰台,新宫,101126103137,丰台新宫公园懿府大三居中高楼层视野好,849万,63373元/平,中楼层 (共15层) 3室2厅 | 133.97平米 | 南 西 北,https://ke-image.ljcdn.com/110000-inspection/pc1_hTG5pa0XK_2.jpg!m_fill,w_280,h_210,f_jpg?from=ke.com
20241030,丰台,新宫,101126074876,泰禾金府大院 4室2厅 南 北,1190万,79144元/平,中楼层 (共14层) 4室2厅 | 150.36平米 | 南 北,https://ke-image.ljcdn.com/110000-inspection/fba7e657-6590-428d-a875-83556b199660_1000.jpg!m_fill,w_280,h_210,f_jpg?from=ke.com
20241030,丰台,新宫,101126033090,4+19号线新宫地铁站满五唯一南北两居室,350万,51365元/平,低楼层 (共16层) | 2012年 | 2室1厅 | 68.14平米 | 南 北,https://ke-image.ljcdn.com/110000-inspection/f22e482b-60f9-423f-8c96-e62a8fe45223_1000.jpg!m_fill,w_280,h_210,f_jpg?from=ke.com
20241030,丰台,新宫,101126027050,新宫地铁4+19号线2019年小区朝南一居室出售,349万,50281元/平,中楼层 (共16层) | 2019年 | 1室1厅 | 69.41平米 | 南,https://ke-image.ljcdn.com/110000-inspection/pc1_P6OK28eJO_1.jpg!m_fill,w_280,h_210,f_jpg?from=ke.com
20241030,丰台,新宫,101126012223,此房中间楼层前后无遮挡南北通透小区中间位置,305万,40738元/平,高楼层 (共11层) 2室1厅 | 74.87平米 | 北 南,https://ke-image.ljcdn.com/110000-inspection/pc1_8CDCSwQjf_2.jpg!m_fill,w_280,h_210,f_jpg?from=ke.com
20241030,丰台,新宫,101126001226,南庭新苑北区 2室1厅 南 北,380万,55686元/平,中楼层 (共16层) | 2010年 | 2室1厅 | 68.24平米 | 南 北,https://ke-image.ljcdn.com/110000-inspection/8dd11284-c3c2-4a1c-966d-1f753f8fb576_1000.jpg!m_fill,w_280,h_210,f_jpg?from=ke.com
20241030,丰台,新宫,101125993765,南北通透四居室洋房楼栋高品质商品房社区,1020万,84993元/平,中楼层 (共4层) | 2019年 | 4室2厅 | 120.01平米 | 南 北,https://ke-image.ljcdn.com/110000-inspection/6a60d379-65d8-4a14-ace4-e3c2b4e3da65_1000.jpg!m_fill,w_280,h_210,f_jpg?from=ke.com
20241030,丰台,新宫,101125961097,天骄俊园8号院 1室1厅 南 北,285万,47980元/平,中楼层 (共15层) 1室1厅 | 59.4平米 | 南 北,https://ke-image.ljcdn.com/110000-inspection/1fae4ffa-2fa4-4728-917d-e1274c87a0d3_1000.jpg!m_fill,w_280,h_210,f_jpg?from=ke.com
20241030,丰台,新宫,101125953349,南庭新苑南区地铁4号线19号线,268万,45594元/平,中楼层 (共16层) | 2010年 | 2室1厅 | 58.78平米 | 东北,https://ke-image.ljcdn.com/110000-inspection/bee9ce71-f365-4eb2-a7be-a97a4ad9ea62_1000.jpg!m_fill,w_280,h_210,f_jpg?from=ke.com
20241030,丰台,新宫,101125952946,阳光星苑南区 低楼层南向两居,310万,41494元/平,底层 (共11层) 2室1厅 | 74.71平米 | 西南,https://ke-image.ljcdn.com/110000-inspection/e2dc9882-97b1-43ca-acab-0d2427787f5a_1000.jpg!m_fill,w_280,h_210,f_jpg?from=ke.com
20241030,丰台,新宫,101125946764,此房满二商品房诚心出售 价格可谈房主自荐,190万,37439元/平,低楼层 (共15层) | 2012年 | 1室1厅 | 50.75平米 | 西,https://ke-image.ljcdn.com/110000-inspection/807fc0f3-4b83-425e-85e2-1027025c6b44_1000.jpg!m_fill,w_280,h_210,f_jpg?from=ke.com
20241030,丰台,新宫,101125941718,4+19号线 阳光星苑北区 南北通透两居室,276万,37541元/平,低楼层 (共16层) | 2013年 | 2室1厅 | 73.52平米 | 南 北,https://ke-image.ljcdn.com/110000-inspection/pc1_E0s6dNRQv_2.jpg!m_fill,w_280,h_210,f_jpg?from=ke.com
20241030,丰台,新宫,101125914989,阳光星苑北区 四环外 新宫商圈 东西一居室,110万,30446元/平,高楼层 (共6层) 1室0厅 | 36.13平米 | 东,https://ke-image.ljcdn.com/110000-inspection/pc1_wIGofAeZP_1.jpg!m_fill,w_280,h_210,f_jpg?from=ke.com
20241030,丰台,新宫,101125865358,京粮悦谷首城东区 双地铁双商超 全南向一居室,260万,53421元/平,高楼层 (共15层) | 2019年 | 1室1厅 | 48.67平米 | 南,https://ke-image.ljcdn.com/110000-inspection/f1ea2a1d-18f3-45d2-ab67-6febf026d0ae_1000.jpg!m_fill,w_280,h_210,f_jpg?from=ke.com
20241030,丰台,新宫,101125860887,公园懿府精装修大三居小区中间位置高楼层视野好,720万,56242元/平,顶层 (共15层) | 2017年 | 3室2厅 | 128.02平米 | 南 西 北,https://ke-image.ljcdn.com/110000-inspection/eded89dd-b937-40f2-8824-26510f7cbe4f_1000.jpg!m_fill,w_280,h_210,f_jpg?from=ke.com
20241030,丰台,新宫,101125832649,南庭新苑南区 3室1厅 西北,410万,50680元/平,顶层 (共16层) | 2010年 | 3室1厅 | 80.9平米 | 西北,https://ke-image.ljcdn.com/110000-inspection/pc1_UE1WEEu7U_2.jpg!m_fill,w_280,h_210,f_jpg?from=ke.com
20241030,丰台,新宫,101125832440,南庭新苑南区 3室1厅 东 南 北,380万,46729元/平,中楼层 (共16层) | 2010年 | 3室1厅 | 81.32平米 | 东 南 北,https://ke-image.ljcdn.com/110000-inspection/6e3ae190-3604-4abf-a413-d400ba42501a_1000.jpg!m_fill,w_280,h_210,f_jpg?from=ke.com
20241030,丰台,新宫,101125815314,中粮天恒天悦壹号精装四居高品质商品房社区诚心出售,1300万,91672元/平,顶层 (共14层) 4室2厅 | 141.81平米 | 南 北,https://ke-image.ljcdn.com/110000-inspection/pc1_souoIxpzf_2.jpg!m_fill,w_280,h_210,f_jpg?from=ke.com
20241030,丰台,新宫,101125801409,中粮天恒天悦壹号 中间位置 南北4居室 精装修,1060万,85005元/平,低楼层 (共13层) 4室2厅 | 124.7平米 | 南 北,https://ke-image.ljcdn.com/110000-inspection/pc1_FX6VtLTKQ_2.jpg!m_fill,w_280,h_210,f_jpg?from=ke.com
20241030,丰台,新宫,101125751693,南庭新苑南  南北 采光好 4号线+19号线,260万,37676元/平,顶层 (共16层) | 2018年 | 2室1厅 | 69.01平米 | 南 北,https://ke-image.ljcdn.com/110000-inspection/pc1_HaDGQkDf1_2.jpg!m_fill,w_280,h_210,f_jpg?from=ke.com
20241030,丰台,新宫,101125743163,阳光星苑北区 2室1厅 南 北,295万,43614元/平,中楼层 (共15层) 2室1厅 | 67.64平米 | 南 北,https://ke-image.ljcdn.com/110000-inspection/pc1_RjoQYfsmO_2.jpg!m_fill,w_280,h_210,f_jpg?from=ke.com
20241030,丰台,新宫,101125735459,南庭新苑北区 1室1厅 西,190万,38392元/平,高楼层 (共15层) | 2012年 | 1室1厅 | 49.49平米 | 西,https://ke-image.ljcdn.com/110000-inspection/pc1_SPljadA1N_2.jpg!m_fill,w_280,h_210,f_jpg?from=ke.com
20241030,丰台,新宫,101125728034,合顺家园 全南两居  户型方正 采光好房主自荐,430万,51727元/平,中楼层 (共8层) 2室1厅 | 83.13平米 | 南,https://ke-image.ljcdn.com/110000-inspection/pc1_8QiA5tyIS_2.jpg!m_fill,w_280,h_210,f_jpg?from=ke.com
20241030,丰台,新宫,101125722286,悦谷家园东区 2室1厅 南 北,415万,50475元/平,底层 (共17层) | 2019年 | 2室1厅 | 82.22平米 | 南 北,https://ke-image.ljcdn.com/110000-inspection/pc1_JQwNLmmGu_2.jpg!m_fill,w_280,h_210,f_jpg?from=ke.com
20241030,丰台,新宫,101125717764,2010年电梯房 全南朝向 户型方正 视野开阔采光,270万,45927元/平,低楼层 (共16层) | 2010年 | 2室1厅 | 58.79平米 | 南,https://ke-image.ljcdn.com/110000-inspection/pc1_anmg7BwHE_1.jpg!m_fill,w_280,h_210,f_jpg?from=ke.com
20241030,丰台,新宫,101125704675,南庭新苑北区新上西南两居满五唯一卖。,290万,47487元/平,中楼层 (共16层) | 2012年 | 2室1厅 | 61.07平米 | 西南,https://ke-image.ljcdn.com/110000-inspection/pc1_BFmfm2JQm_1.jpg!m_fill,w_280,h_210,f_jpg?from=ke.com
20241030,丰台,新宫,101125660699,飞腾家园 3室1厅 南 北房主自荐,429万,45249元/平,底层 (共6层) 3室1厅 | 94.81平米 | 南 北,https://ke-image.ljcdn.com/110000-inspection/pc1_CQ6WYOFXh_2.jpg!m_fill,w_280,h_210,f_jpg?from=ke.com
20241030,丰台,新宫,101125654886,南四环新宫商圈  金府大院 小户型精装三居室,889万,76224元/平,低楼层 (共14层) 3室2厅 | 116.63平米 | 南 北,https://ke-image.ljcdn.com/110000-inspection/pc1_2Q20b7vg9_1.jpg!m_fill,w_280,h_210,f_jpg?from=ke.com
20241030,丰台,新宫,101125583831,阳光星苑北区 3室1厅 南 北房主自荐,365万,43314元/平,低楼层 (共16层) | 2014年 | 3室1厅 | 84.27平米 | 南 北,https://ke-image.ljcdn.com/110000-inspection/pc1_4IeCaiSqy_2.jpg!m_fill,w_280,h_210,f_jpg?from=ke.com
20241030,丰台,新宫,101125534178,南庭新苑北区 2室1厅 南,380万,48041元/平,低楼层 (共14层) | 2012年 | 2室1厅 | 79.1平米 | 南,https://ke-image.ljcdn.com/110000-inspection/69fdadf4-05e4-40fa-9973-53e8ba3147b5_1000.jpg!m_fill,w_280,h_210,f_jpg?from=ke.com
20241030,丰台,新宫,101125497627,南庭新苑南区 2室1厅 东北,280万,47636元/平,高楼层 (共16层) | 2010年 | 2室1厅 | 58.78平米 | 东北,https://ke-image.ljcdn.com/110000-inspection/pc1_tDVKtNmNB_2.jpg!m_fill,w_280,h_210,f_jpg?from=ke.com
20241030,丰台,新宫,101125486093,阳光星苑南区 2室1厅 南 北,242万,37701元/平,中楼层 (共16层) 2室1厅 | 64.19平米 | 南 北,https://ke-image.ljcdn.com/110000-inspection/8f77bf3b-650b-4757-9e23-5bdd7efa2df2_1000.jpg!m_fill,w_280,h_210,f_jpg?from=ke.com
20241030,丰台,新宫,101125333273,京粮悦谷首城南区 地铁4+19号线超东向一居室,215万,44579元/平,低楼层 (共15层) | 2019年 | 1室0厅 | 48.23平米 | 东,https://ke-image.ljcdn.com/110000-inspection/pc1_TvuVhoA6U_2.jpg!m_fill,w_280,h_210,f_jpg?from=ke.com
20241030,丰台,新宫,101125299860,悦谷家园东区 2室1厅 南 北,508万,57682元/平,高楼层 (共17层) | 2019年 | 2室1厅 | 88.07平米 | 南 北,https://ke-image.ljcdn.com/110000-inspection/pc1_BSnDg6v5c_2.jpg!m_fill,w_280,h_210,f_jpg?from=ke.com
20241030,丰台,新宫,101125189968,新宫 中粮天恒天悦壹号 南北通透四居室 两梯两户,960万,76985元/平,低楼层 (共13层) 4室2厅 | 124.7平米 | 东 南 北,https://ke-image.ljcdn.com/110000-inspection/24ec51aa-c9ec-4ece-8980-2d43a8015556_1000.jpg!m_fill,w_280,h_210,f_jpg?from=ke.com
20241030,丰台,新宫,101125178693,中粮天悦壹号 精装修四居室 双地铁 业主诚心出售,1150万,83686元/平,低楼层 (共14层) 4室2厅 | 137.42平米 | 南 北,https://ke-image.ljcdn.com/110000-inspection/6261faf9-2572-4b53-8e3c-4947490e144c_1000.jpg!m_fill,w_280,h_210,f_jpg?from=ke.com
20241030,丰台,新宫,101125169054,公园懿府17年商品房小区 满五唯一三面采光两梯两户,836万,62454元/平,高楼层 (共15层) | 2017年 | 3室1厅 | 133.86平米 | 南 北,https://ke-image.ljcdn.com/110000-inspection/pc1_6SldZxFz5_2.jpg!m_fill,w_280,h_210,f_jpg?from=ke.com
20241030,丰台,新宫,101125162635,京粮悦谷首城南区正规一居室全南向中间楼层满二年,359万,51722元/平,中楼层 (共16层) 1室1厅 | 69.41平米 | 南,https://ke-image.ljcdn.com/110000-inspection/pc1_ElJX0qzdR_2.jpg!m_fill,w_280,h_210,f_jpg?from=ke.com
20241030,丰台,新宫,101125146665,4号线 19号线 新宫 金府大院 两梯两户 诚售,1170万,76361元/平,中楼层 (共14层) 3室2厅 | 153.22平米 | 南 北,https://ke-image.ljcdn.com/110000-inspection/ba50e726-4fc8-4b19-83c4-92b67ac256d0_1000.jpg!m_fill,w_280,h_210,f_jpg?from=ke.com
20241030,丰台,新宫,101125140770,新宫 飞腾家园双卧朝南三居室,450万,39148元/平,低楼层 (共6层) 3室1厅 | 114.95平米 | 南 北,https://ke-image.ljcdn.com/110000-inspection/c00d1980-7a03-4251-b758-c15efca57273_1000.jpg!m_fill,w_280,h_210,f_jpg?from=ke.com
20241030,丰台,新宫,101125133021,南庭新苑北区 2室1厅 东北,256万,43776元/平,中楼层 (共16层) | 2012年 | 2室1厅 | 58.48平米 | 东北,https://ke-image.ljcdn.com/110000-inspection/dfa7a397-07e1-456c-bb3d-e5c97d2d8ac8_1000.jpg!m_fill,w_280,h_210,f_jpg?from=ke.com
20241030,丰台,新宫,101125108590,此房满五唯一商品房楼层好采光充足配套齐全。,465万,34481元/平,高楼层 (共6层) 4室2厅 | 134.86平米 | 南 北,https://ke-image.ljcdn.com/110000-inspection/acfdf330-dd26-4f3a-8463-6bafb24bbdb3_1000.jpg!m_fill,w_280,h_210,f_jpg?from=ke.com
20241030,丰台,新宫,101125094237,翠海明苑 满五唯一商品房 精装修 近地铁,450万,55866元/平,中楼层 (共6层) 2室1厅 | 80.55平米 | 南 北,https://ke-image.ljcdn.com/110000-inspection/pc1_tfYtVPvRq_2.jpg!m_fill,w_280,h_210,f_jpg?from=ke.com
20241030,丰台,新宫,101125088466,此房南北通透前后无遮挡全屋落地窗单层刷卡入户,1180万,80218元/平,中楼层 (共14层) | 2021年 | 3室2厅 | 147.1平米 | 南 北,https://ke-image.ljcdn.com/110000-inspection/e476dd98-5ba5-469e-96c1-123df83a0d71_1000.jpg!m_fill,w_280,h_210,f_jpg?from=ke.com
20241030,丰台,新宫,101125056386,南庭新苑南区高楼层全南向两居满五年唯一商品房,308万,52248元/平,顶层 (共16层) | 2010年 | 2室1厅 | 58.95平米 | 南,https://ke-image.ljcdn.com/110000-inspection/03b70349-f465-4d9e-9297-112499a90ef9_1000.jpg!m_fill,w_280,h_210,f_jpg?from=ke.com
20241030,丰台,新宫,101124955882,此房满五唯一全南向两居采光好人车分流,310万,42321元/平,低楼层 (共16层) | 2017年 | 2室1厅 | 73.25平米 | 南 北,https://ke-image.ljcdn.com/110000-inspection/1866cd12-a6d1-42b1-8c62-e080bfd5ce5e_1000.jpg!m_fill,w_280,h_210,f_jpg?from=ke.com
20241030,丰台,新宫,101124897026,2010年电梯房 全南朝向 户型方正 视野开阔采光,270万,45927元/平,低楼层 (共16层) | 2010年 | 2室1厅 | 58.79平米 | 南,https://ke-image.ljcdn.com/110000-inspection/404fb2aa-6ec8-4cb1-bbc1-e3933a33fda8_1000.jpg!m_fill,w_280,h_210,f_jpg?from=ke.com
20241030,丰台,新宫,101124891009,公园懿府  19号线新宫南  次顶层 采光好,395万,52201元/平,高楼层 (共16层) | 2017年 | 2室1厅 | 75.67平米 | 南 西,https://ke-image.ljcdn.com/110000-inspection/5bdf6705-70fd-4975-aee3-1c52027eb62d_1000.jpg!m_fill,w_280,h_210,f_jpg?from=ke.com
20241030,丰台,新宫,101124880537,2005年商品房飞腾家园南北三居满五年唯一,415万,36610元/平,高楼层 (共6层) 3室2厅 | 113.36平米 | 南 北,https://ke-image.ljcdn.com/110000-inspection/03cf17ed-4d5b-481b-b822-0f0150997e06_1000.jpg!m_fill,w_280,h_210,f_jpg?from=ke.com
20241030,丰台,新宫,101124877222,中粮天恒天悦壹号 小区中间位置 东边户 高层观景,1485万,98059元/平,中楼层 (共14层) 4室2厅 | 151.44平米 | 南 北,https://ke-image.ljcdn.com/110000-inspection/19de4416-dd59-425f-ad6d-e40a246ba51d_1000.jpg!m_fill,w_280,h_210,f_jpg?from=ke.com
20241030,丰台,新宫,101124867816,新宫 南庭新苑 电梯房 南北两居室 低层出行方便,285万,41716元/平,底层 (共16层) | 2012年 | 2室1厅 | 68.32平米 | 南 北,https://ke-image.ljcdn.com/110000-inspection/d0679388-6c4a-41ec-a24a-5594d95b1a37_1000.jpg!m_fill,w_280,h_210,f_jpg?from=ke.com
20241030,丰台,新宫,101124866597,诚苑南里 2室2厅 南 北,315万,41388元/平,中楼层 (共7层) | 2002年 | 2室2厅 | 76.11平米 | 南 北,https://ke-image.ljcdn.com/110000-inspection/81e94466-1728-45b0-98a9-fd198df9a9cc_1000.jpg!m_fill,w_280,h_210,f_jpg?from=ke.com
20241030,丰台,新宫,101124858761,南庭新苑北区 1室1厅 西,170万,34351元/平,低楼层 (共15层) | 2012年 | 1室1厅 | 49.49平米 | 西,https://ke-image.ljcdn.com/110000-inspection/c758385d-44d1-47e1-985d-5e39decda47e_1000.jpg!m_fill,w_280,h_210,f_jpg?from=ke.com
20241030,丰台,新宫,101124811132,4号线+19号线新宫站 交通便利 南北通透户型方正,330万,48373元/平,低楼层 (共15层) | 2010年 | 2室1厅 | 68.22平米 | 南 北,https://ke-image.ljcdn.com/110000-inspection/ddf1d74f-8206-485b-abae-35f3a4cd8ca3_1000.jpg!m_fill,w_280,h_210,f_jpg?from=ke.com
20241030,丰台,新宫,101124808677,南四环4+19 双地铁满五唯一精装修南北通透两居室房主自荐,380万,55654元/平,低楼层 (共16层) | 2010年 | 2室1厅 | 68.28平米 | 南 北,https://ke-image.ljcdn.com/110000-inspection/222fc441-7ba9-4ca0-98e7-db2f54defd9f_1000.jpg!m_fill,w_280,h_210,f_jpg?from=ke.com
20241030,丰台,新宫,101124769280,4号+19号 近地铁 南北一居室  楼层好位置佳,276万,49330元/平,低楼层 (共6层) | 2006年 | 1室1厅 | 55.95平米 | 南 北,https://ke-image.ljcdn.com/110000-inspection/90f73fb0-09e4-4d1c-96cd-ce9a326e5bcc_1000.jpg!m_fill,w_280,h_210,f_jpg?from=ke.com
20241030,丰台,新宫,101124701181,新宫 诚苑南里 2层 南北通透 满五年唯一,298万,39082元/平,低楼层 (共7层) | 2002年 | 2室1厅 | 76.25平米 | 南 北,https://ke-image.ljcdn.com/110000-inspection/d83918e4-921c-4ca5-994b-f55e08704fdb_1000.jpg!m_fill,w_280,h_210,f_jpg?from=ke.com
20241030,丰台,新宫,101124694825,新宫4号19号线双地铁 南庭新苑南向两居,325万,55575元/平,低楼层 (共16层) | 2012年 | 2室1厅 | 58.48平米 | 南,https://ke-image.ljcdn.com/110000-inspection/pc1_JEseUJBSN.jpg!m_fill,w_280,h_210,f_jpg?from=ke.com
20241030,丰台,新宫,101124638453,飞腾少见的南北通透2居室好房急售,330万,44764元/平,中楼层 (共6层) 2室1厅 | 73.72平米 | 南 北,https://ke-image.ljcdn.com/110000-inspection/fc183b8f-04fa-44ec-9269-4b245d389c50_1000.jpg!m_fill,w_280,h_210,f_jpg?from=ke.com
20241030,丰台,新宫,101124629167,悦谷家园东区 1室1厅 南,379万,56140元/平,高楼层 (共17层) 1室1厅 | 67.51平米 | 南,https://ke-image.ljcdn.com/110000-inspection/2c14d726-2135-4d31-a2bb-0a677556c3cd_1000.jpg!m_fill,w_280,h_210,f_jpg?from=ke.com
20241030,丰台,新宫,101124628191,公园旁 商品房 南北通透三居室 满五唯一,379万,34654元/平,顶层 (共6层) 3室1厅 | 109.37平米 | 南 北,https://ke-image.ljcdn.com/110000-inspection/4de0a885-6c9e-49fc-b6e7-20a4ee9ca6b2_1000.jpg!m_fill,w_280,h_210,f_jpg?from=ke.com
20241030,丰台,新宫,101124599034,四环外 4+19号线地铁  公园懿府次新 商品房,598万,51472元/平,中楼层 (共15层) | 2017年 | 3室2厅 | 116.18平米 | 南 北,https://ke-image.ljcdn.com/110000-inspection/pc1_LFtUNu0t8.jpg!m_fill,w_280,h_210,f_jpg?from=ke.com
20241030,丰台,新宫,101124598653,阳光星苑南区南北通透电梯房,290万,39312元/平,底层 (共15层) | 2013年 | 2室1厅 | 73.77平米 | 南 北,https://ke-image.ljcdn.com/110000-inspection/1813fecc-903f-4545-b43c-1f0f818af553_1000.jpg!m_fill,w_280,h_210,f_jpg?from=ke.com
20241030,丰台,新宫,101124533157,南庭新苑北区 1室1厅 东,195万,39498元/平,顶层 (共15层) | 2012年 | 1室1厅 | 49.37平米 | 东,https://ke-image.ljcdn.com/110000-inspection/3a2aef1c-50b9-4df7-a4c3-88d8667264d1_1000.jpg!m_fill,w_280,h_210,f_jpg?from=ke.com
20241030,丰台,新宫,101124495659,南庭新苑南区 2室1厅 南 北,293万,42731元/平,顶层 (共16层) | 2011年 | 2室1厅 | 68.57平米 | 南 北,https://ke-image.ljcdn.com/110000-inspection/9ffe7147-9dfa-435d-9749-3a5d046ca877_1000.jpg!m_fill,w_280,h_210,f_jpg?from=ke.com
20241030,丰台,新宫,101124493963,飞腾家园 满五唯一 南北 大三居 中间楼层 采光好,435万,38002元/平,中楼层 (共6层) 3室2厅 | 114.47平米 | 南 北,https://ke-image.ljcdn.com/110000-inspection/8668d6e8-a531-4627-bc0b-43cd8295df30_1000.jpg!m_fill,w_280,h_210,f_jpg?from=ke.com
20241030,丰台,新宫,101124477733,京粮悦谷首城东区 高楼层东向开间 业主急售急售！,261万,46750元/平,中楼层 (共15层) | 2019年 | 1室0厅 | 55.83平米 | 东,https://ke-image.ljcdn.com/110000-inspection/b70c5b8d-f4e5-446f-bdd9-5a27554f925a_1000.jpg!m_fill,w_280,h_210,f_jpg?from=ke.com
20241030,丰台,新宫,101124476906,翠海明苑 南北通透三居室 满五年 商品房 精装修,595万,59105元/平,中楼层 (共5层) | 2005年 | 3室2厅 | 100.67平米 | 南 北,https://ke-image.ljcdn.com/110000-inspection/pc1_WXtU5EXQH.jpg!m_fill,w_280,h_210,f_jpg?from=ke.com
20241030,丰台,新宫,101124441685,满五年唯一 南北通透 中高层采光好可贷款,450万,53822元/平,高楼层 (共16层) | 2018年 | 2室1厅 | 83.61平米 | 南 北,https://ke-image.ljcdn.com/110000-inspection/pc1_szuEEfbPr_2.jpg!m_fill,w_280,h_210,f_jpg?from=ke.com
20241030,丰台,新宫,101124425482,南苑西路56号院 精装两居室  近地铁房主自荐,219万,41243元/平,顶层 (共6层) 2室1厅 | 53.1平米 | 西南,https://ke-image.ljcdn.com/110000-inspection/9449240e-2b40-4b4e-b0d8-00ebe2831127_1000.jpg!m_fill,w_280,h_210,f_jpg?from=ke.com
20241030,丰台,新宫,101124395157,只求一谈靠谱出售前后不临街精装修,399万,47014元/平,中楼层 (共13层) 2室1厅 | 84.87平米 | 南 北,https://ke-image.ljcdn.com/110000-inspection/pc1_0RvR87ZMH.jpg!m_fill,w_280,h_210,f_jpg?from=ke.com
20241030,丰台,新宫,101124360265,翠海明苑 1室1厅 南 北,238万,41028元/平,中楼层 (共5层) | 2006年 | 1室1厅 | 58.01平米 | 南 北,https://ke-image.ljcdn.com/110000-inspection/5f686958-a315-4ae2-8c71-1ba6fd6f4d00_1000.jpg!m_fill,w_280,h_210,f_jpg?from=ke.com
20241030,丰台,新宫,101124357935,南四环泰禾金府大院南北通透大四居好位置次顶层,1330万,76684元/平,高楼层 (共14层) 4室2厅 | 173.44平米 | 南 北,https://ke-image.ljcdn.com/110000-inspection/78b5380e-7781-4648-9e77-798ff6f479cf_1000.jpg!m_fill,w_280,h_210,f_jpg?from=ke.com
20241030,丰台,新宫,101124345262,天骄俊园9号院 基础装修40万 实地看房真感受,419万,48693元/平,低楼层 (共15层) | 2012年 | 2室1厅 | 86.05平米 | 南 北,https://ke-image.ljcdn.com/110000-inspection/44230cfe-34ae-4608-ab72-01a356df2d95_1000.jpg!m_fill,w_280,h_210,f_jpg?from=ke.com
20241030,丰台,新宫,101124316540,丰台 新宫  泰禾金府大院  园林式住宅小区  楼龄新,1350万,78489元/平,中楼层 (共14层) | 2021年 | 4室2厅 | 172平米 | 南 北,https://ke-image.ljcdn.com/110000-inspection/bc0eda02-f5c3-4c43-9063-5c1e40e2ccba_1000.jpg!m_fill,w_280,h_210,f_jpg?from=ke.com
20241030,丰台,新宫,101124123488,诚苑南里 1室1厅 南 北,215万,39523元/平,高楼层 (共9层) | 2000年 | 1室1厅 | 54.4平米 | 南 北,https://ke-image.ljcdn.com/110000-inspection/48ce5c04-f51a-4cd2-80e6-1c3e440259c5_1000.jpg!m_fill,w_280,h_210,f_jpg?from=ke.com
20241030,丰台,新宫,101124074300,丰台新宫板块地铁19号线新宫站楼龄新,209万,42231元/平,顶层 (共15层) | 2012年 | 1室1厅 | 49.49平米 | 西,https://ke-image.ljcdn.com/110000-inspection/e8e8855e-0e68-4894-9ee2-5938f715f78e_1000.jpg!m_fill,w_280,h_210,f_jpg?from=ke.com
20241030,丰台,新宫,101124057610,诚苑南里 2室1厅 南 北房主自荐,189万,34055元/平,底层 (共6层) 2室1厅 | 55.5平米 | 南 北,https://ke-image.ljcdn.com/110000-inspection/84a3dd24-1392-4e88-ab8b-4c997db91a9f_1000.jpg!m_fill,w_280,h_210,f_jpg?from=ke.com
20241030,丰台,新宫,101124013260,中粮天恒天悦壹号 次新房 品质社区 精装4居室,1362万,89937元/平,中楼层 (共14层) 4室2厅 | 151.44平米 | 南 北,https://ke-image.ljcdn.com/110000-inspection/c944de85-dae6-4a26-85de-7f0abfbfd7af_1000.jpg!m_fill,w_280,h_210,f_jpg?from=ke.com
20241030,丰台,新宫,101123996469,新宫 诚苑南里 中间楼层两居室 南北通透房主自荐,330万,43359元/平,中楼层 (共7层) | 2002年 | 2室1厅 | 76.11平米 | 南 北,https://ke-image.ljcdn.com/110000-inspection/b8f4be88-1583-4751-83db-49a641b7233b_1000.jpg!m_fill,w_280,h_210,f_jpg?from=ke.com
20241030,丰台,新宫,101123980964,天悦壹号 中间位置 无遮挡 看房方便,1190万,78626元/平,低楼层 (共14层) 4室1厅 | 151.35平米 | 南 北,https://ke-image.ljcdn.com/110000-inspection/f6b15aaf-a2b3-408e-9abb-ff08e9129bc5_1000.jpg!m_fill,w_280,h_210,f_jpg?from=ke.com
20241030,丰台,新宫,101123973073,京粮 全明格局 2019年小区 板楼带电梯 精装修 环境好,380万,47962元/平,中楼层 (共16层) | 2019年 | 2室1厅 | 79.23平米 | 东北,https://ke-image.ljcdn.com/110000-inspection/469cb622-563b-4820-9d0f-ab7ea3e93ea6_1000.jpg!m_fill,w_280,h_210,f_jpg?from=ke.com
20241030,丰台,新宫,101123948192,南四环4+19号线双地铁 小区中间位置 高层全南向,288万,48963元/平,中楼层 (共16层) | 2010年 | 2室1厅 | 58.82平米 | 南,https://ke-image.ljcdn.com/110000-inspection/pc1_5Dd0Kt8Bw.jpg!m_fill,w_280,h_210,f_jpg?from=ke.com
20241030,丰台,新宫,101123934970,南四环 4+19号线双地铁 全南向 购房只有契税,280万,47555元/平,底层 (共16层) | 2010年 | 2室1厅 | 58.88平米 | 南,https://ke-image.ljcdn.com/110000-inspection/99a83cd3-ebf6-4ba1-9e59-8bf6cf4534f0_1000.jpg!m_fill,w_280,h_210,f_jpg?from=ke.com
20241030,丰台,新宫,101123874661,新宫4+19号线 泰禾金府大院 中式园林 次新房,1138万,75756元/平,高楼层 (共14层) | 2021年 | 4室2厅 | 150.22平米 | 南 北,https://ke-image.ljcdn.com/110000-inspection/5abfa580-135c-492a-8725-93a51a8dee71_1000.jpg!m_fill,w_280,h_210,f_jpg?from=ke.com
20241030,丰台,新宫,101123872066,合顺家园 新小区 电梯房 正规两居室,430万,52574元/平,低楼层 (共16层) | 2016年 | 2室1厅 | 81.79平米 | 东南,https://ke-image.ljcdn.com/110000-inspection/6e1dac53-8bd3-445b-be65-a2bed28595f0_1000.jpg!m_fill,w_280,h_210,f_jpg?from=ke.com
20241030,丰台,新宫,101123869455,翠海明苑 1室1厅 南 北,295万,52858元/平,中楼层 (共6层) | 2005年 | 1室1厅 | 55.81平米 | 南 北,https://ke-image.ljcdn.com/110000-inspection/pc1_AZVrZyY5b_1.jpg!m_fill,w_280,h_210,f_jpg?from=ke.com
20241030,丰台,新宫,101123833185,南北通透近地铁高楼层视野采光好,399万,42236元/平,高楼层 (共15层) 2室1厅 | 94.47平米 | 南 北,https://ke-image.ljcdn.com/110000-inspection/225fdbde-276d-44c5-9e24-26a8eb312dc1_1000.jpg!m_fill,w_280,h_210,f_jpg?from=ke.com
20241030,丰台,新宫,101123826176,诚苑南里 2室1厅 南 北,350万,42174元/平,低楼层 (共9层) | 2009年 | 2室1厅 | 82.99平米 | 南 北,https://ke-image.ljcdn.com/110000-inspection/pc1_lg1B5DN6n_2.jpg!m_fill,w_280,h_210,f_jpg?from=ke.com
20241030,丰台,新宫,101123815574,飞腾家园 满五年 适合刚需客户购买南北通透三居室,360万,31521元/平,顶层 (共6层) 3室1厅 | 114.21平米 | 南 北,https://ke-image.ljcdn.com/110000-inspection/d5f39668-4db6-467e-a7f8-b05f1180874b_1000.jpg!m_fill,w_280,h_210,f_jpg?from=ke.com
20241030,丰台,新宫,101123794203,4号线19号线  南庭新苑南区 东向一居室 采光视野好,177万,34843元/平,高楼层 (共15层) | 2012年 | 1室1厅 | 50.8平米 | 东,https://ke-image.ljcdn.com/110000-inspection/ddc0f564-6899-443f-924b-2e0ecf234452_1000.jpg!m_fill,w_280,h_210,f_jpg?from=ke.com
20241030,丰台,新宫,101123785231,南庭新苑 满五唯一商品房有电梯 2010年社区,175万,35318元/平,低楼层 (共15层) | 2012年 | 1室1厅 | 49.55平米 | 西,https://ke-image.ljcdn.com/110000-inspection/022ae94b-5245-4063-8f61-d73a723dc5af_1000.jpg!m_fill,w_280,h_210,f_jpg?from=ke.com
20241030,丰台,新宫,101123755405,南庭新苑北区 中间层两居室 诚心出售,270万,45934元/平,中楼层 (共16层) | 2012年 | 2室1厅 | 58.78平米 | 西北,https://ke-image.ljcdn.com/110000-inspection/pc1_eIVKUV7kY_1.jpg!m_fill,w_280,h_210,f_jpg?from=ke.com
20241030,丰台,新宫,101123748056,新宫地铁 南庭新苑北区两居室 双地铁有电梯,295万,50256元/平,中楼层 (共16层) | 2012年 | 2室1厅 | 58.7平米 | 东,https://ke-image.ljcdn.com/110000-inspection/34a7222c-b97b-4774-8f25-8d3191bde3a7_1000.jpg!m_fill,w_280,h_210,f_jpg?from=ke.com
20241030,丰台,新宫,101123730558,南庭新苑满五唯一采光好无遮挡优质两居商品房,312万,52954元/平,高楼层 (共16层) | 2010年 | 2室1厅 | 58.92平米 | 南,https://ke-image.ljcdn.com/110000-inspection/cefd1664-4a23-4742-8cf0-d97b5b624305_1000.jpg!m_fill,w_280,h_210,f_jpg?from=ke.com
20241030,丰台,新宫,101123712747,新宫地铁京粮悦谷2019年南向大一居业主诚意出售！,388万,57473元/平,中楼层 (共17层) 1室1厅 | 67.51平米 | 南,https://ke-image.ljcdn.com/110000-inspection/403d8093-f5eb-4367-972f-01c3fd4935e2_1000.jpg!m_fill,w_280,h_210,f_jpg?from=ke.com
20241030,丰台,新宫,101123705172,飞腾家园 3室1厅 南 北房主自荐,388万,42516元/平,高楼层 (共6层) 3室1厅 | 91.26平米 | 南 北,https://ke-image.ljcdn.com/110000-inspection/57f8f8ec-8740-487b-925b-a85bea127c4c_1000.jpg!m_fill,w_280,h_210,f_jpg?from=ke.com
20241030,丰台,新宫,101123620645,南庭新苑南区 3室1厅 南 北,360万,43812元/平,中楼层 (共15层) | 2009年 | 3室1厅 | 82.17平米 | 南 北,https://ke-image.ljcdn.com/110000-inspection/pc1_BPwKdY6Zk_2.jpg!m_fill,w_280,h_210,f_jpg?from=ke.com
20241030,丰台,新宫,101123600107,新宫 4+19号线 泰禾金府大院 南北通透 采光好,1275万,84876元/平,中楼层 (共14层) | 2021年 | 4室2厅 | 150.22平米 | 南 北,https://ke-image.ljcdn.com/110000-inspection/7ed92c63-f284-4402-9007-6c86fb8fd88d_1000.jpg!m_fill,w_280,h_210,f_jpg?from=ke.com
20241030,丰台,新宫,101123600000,泰禾金府大院 新宫 4+19号线 品质高 环境好,1488万,84705元/平,中楼层 (共14层) | 2021年 | 4室2厅 | 175.67平米 | 南 北,https://ke-image.ljcdn.com/110000-inspection/8bd72fcd-5d0b-484e-9fc6-dd97379878e4_1000.jpg!m_fill,w_280,h_210,f_jpg?from=ke.com
20241030,丰台,新宫,101123587897,南四环 公益西桥 新宫 精装修全南,350万,50209元/平,中楼层 (共16层) | 2018年 | 1室1厅 | 69.71平米 | 南,https://ke-image.ljcdn.com/110000-inspection/pc1_7VEbBsjtp_2.jpg!m_fill,w_280,h_210,f_jpg?from=ke.com
20241030,丰台,新宫,101123556525,新宫地铁 4号线19号线 合顺家园一居 精装修,380万,56582元/平,顶层 (共14层) | 2016年 | 1室1厅 | 67.16平米 | 南,https://ke-image.ljcdn.com/110000-inspection/4c913fa5-c5e8-4571-9180-dab59f299bd8_1000.jpg!m_fill,w_280,h_210,f_jpg?from=ke.com
20241030,丰台,新宫,101123545009,新宫 南庭新苑北区 南北通透两居室 近地铁,290万,42566元/平,底层 (共16层) | 2010年 | 2室1厅 | 68.13平米 | 南 北,https://ke-image.ljcdn.com/110000-inspection/pc1_KMUW0IiQp_2.jpg!m_fill,w_280,h_210,f_jpg?from=ke.com
20241030,丰台,新宫,101123530981,李家庄1号楼1巷 2室0厅 南 北,210万,35959元/平,中楼层 (共4层) 2室0厅 | 58.4平米 | 南 北,https://ke-image.ljcdn.com/110000-inspection/pc1_2vTYQlGOD_2.jpg!m_fill,w_280,h_210,f_jpg?from=ke.com
20241030,丰台,新宫,101123519126,近地铁近商超楼龄新南北通透三居全明户型房主自荐,489万,55575元/平,低楼层 (共14层) | 2016年 | 3室1厅 | 87.99平米 | 南 北,https://ke-image.ljcdn.com/110000-inspection/4f0997db-0d58-471b-bd34-fb788e241f44_1000.jpg!m_fill,w_280,h_210,f_jpg?from=ke.com
20241030,丰台,新宫,101123478957,商品房性质 近地铁楼龄新带电梯全明格局看房方便,445万,54421元/平,高楼层 (共16层) | 2016年 | 2室1厅 | 81.77平米 | 南,https://ke-image.ljcdn.com/110000-inspection/pc1_QGCIMVvxe_1.jpg!m_fill,w_280,h_210,f_jpg?from=ke.com
20241030,丰台,新宫,101123470696,4号线19号线  南庭新苑北区  全南向两居室  精装修房主自荐,295万,50102元/平,中楼层 (共13层) | 2012年 | 2室1厅 | 58.88平米 | 南,https://ke-image.ljcdn.com/110000-inspection/pc1_0zTOAVo1d_1.jpg!m_fill,w_280,h_210,f_jpg?from=ke.com
20241030,丰台,新宫,101123455018,南庭新苑北区满五唯一商品房 南北通透 精装修位置佳！,383万,55807元/平,中楼层 (共14层) | 2010年 | 2室1厅 | 68.63平米 | 南 北,https://ke-image.ljcdn.com/110000-inspection/ac440e65-3ca0-4c94-bf76-9863bfe26930_1000.jpg!m_fill,w_280,h_210,f_jpg?from=ke.com
20241030,丰台,新宫,101123417163,4号线19号线双轨运行南庭新苑南区,180万,34797元/平,高楼层 (共15层) | 2012年 | 1室1厅 | 51.73平米 | 东北,https://ke-image.ljcdn.com/110000-inspection/b03186d3-41f7-4338-b8a1-92bf41490a1f_1000.jpg!m_fill,w_280,h_210,f_jpg?from=ke.com
20241030,丰台,新宫,101123408865,2017年商品房小区 万科物业 小区品质好 精装拎包入住,499万,56005元/平,低楼层 (共15层) 2室2厅 | 89.1平米 | 南 北,https://ke-image.ljcdn.com/110000-inspection/pc1_Fd6JMT6gx_2.jpg!m_fill,w_280,h_210,f_jpg?from=ke.com
20241030,丰台,新宫,101123371470,楼龄新 电梯房 楼层好 采光好 格局方正,270万,46705元/平,高楼层 (共15层) | 2012年 | 1室1厅 | 57.81平米 | 南,https://ke-image.ljcdn.com/110000-inspection/pc1_TQ7FV5aaJ_2.jpg!m_fill,w_280,h_210,f_jpg?from=ke.com
20241030,丰台,新宫,101123355436,4号线19号线  南庭新苑南区 东向一居室 满二商品房,198万,38417元/平,高楼层 (共15层) | 2012年 | 1室1厅 | 51.54平米 | 东,https://ke-image.ljcdn.com/110000-inspection/pc1_ioh2oWoVE.jpg!m_fill,w_280,h_210,f_jpg?from=ke.com
20241030,丰台,新宫,101123352042,南庭新苑北区 2室1厅 东房主自荐,280万,47701元/平,高楼层 (共16层) | 2012年 | 2室1厅 | 58.7平米 | 东,https://ke-image.ljcdn.com/110000-inspection/e40067b4-a34c-4cad-bbab-796c9fcc94ed_1000.jpg!m_fill,w_280,h_210,f_jpg?from=ke.com
20241030,丰台,新宫,101123350898,4号线19号线  南庭新苑南区  东南向一居 全明户型房主自荐,215万,42174元/平,顶层 (共15层) | 2012年 | 1室1厅 | 50.98平米 | 东南,https://ke-image.ljcdn.com/110000-inspection/pc1_hchEE2Qdo_2.jpg!m_fill,w_280,h_210,f_jpg?from=ke.com
20241030,丰台,新宫,101123350802,4号线19号线  南庭新苑北区  全南向两居室  商品房本,280万,46528元/平,中楼层 (共16层) | 2012年 | 2室1厅 | 60.18平米 | 南,https://ke-image.ljcdn.com/110000-inspection/c80d6146-9ab7-413e-b3d9-73a84dcb1c63_1000.jpg!m_fill,w_280,h_210,f_jpg?from=ke.com
20241030,丰台,新宫,101123291411,4号线19号线 京粮悦谷首城 南向两居室 人车分流房主自荐,450万,49834元/平,顶层 (共17层) | 2019年 | 2室1厅 | 90.3平米 | 南,https://ke-image.ljcdn.com/110000-inspection/753e2d06-ed36-443f-bb10-a5b53427c823_1000.jpg!m_fill,w_280,h_210,f_jpg?from=ke.com
20241030,丰台,新宫,101123265756,南庭新苑南区 1室1厅 东房主自荐,248万,47942元/平,高楼层 (共15层) | 2012年 | 1室1厅 | 51.73平米 | 东,https://ke-image.ljcdn.com/110000-inspection/d3aa8fad-031f-458c-a8d9-a31730ae5fcf_1000.jpg!m_fill,w_280,h_210,f_jpg?from=ke.com
20241030,丰台,新宫,101123198043,金府平层大四居中间楼层边户位置优越 200万精装修婚房,1550万,89369元/平,中楼层 (共14层) 4室2厅 | 173.44平米 | 南 西 北,https://ke-image.ljcdn.com/110000-inspection/pc1_gRGNM3JEp_2.jpg!m_fill,w_280,h_210,f_jpg?from=ke.com
20241030,丰台,新宫,101123159999,南四环新宫次新小区 4+19双地铁出行 满两年,260万,46412元/平,高楼层 (共15层) | 2019年 | 1室0厅 | 56.02平米 | 东,https://ke-image.ljcdn.com/110000-inspection/pc1_i6KQO0AiM.jpg!m_fill,w_280,h_210,f_jpg?from=ke.com
20241030,丰台,新宫,101123077708,中粮天恒天悦壹号高品质南北通透四居高得房率,1130万,81701元/平,低楼层 (共14层) | 2020年 | 4室1厅 | 138.31平米 | 南 北,https://ke-image.ljcdn.com/110000-inspection/pc1_3kK5O4XNK_2.jpg!m_fill,w_280,h_210,f_jpg?from=ke.com
20241030,丰台,新宫,101123075486,4号线 19号线 新宫 金府大院 两梯两户 诚售,1280万,71669元/平,中楼层 (共14层) 4室2厅 | 178.6平米 | 南 北,https://ke-image.ljcdn.com/110000-inspection/2d6fa982-a5ea-4d47-a521-a1d646327725_1000.jpg!m_fill,w_280,h_210,f_jpg?from=ke.com
20241030,丰台,新宫,101123042345,新宫 南庭新苑南区 东向一居室 高楼层 采光好,208万,42089元/平,高楼层 (共15层) | 2012年 | 1室1厅 | 49.42平米 | 东,https://ke-image.ljcdn.com/110000-inspection/1361f4dd-2ba8-46a7-b35e-01ac269a764e_1000.jpg!m_fill,w_280,h_210,f_jpg?from=ke.com
20241030,丰台,新宫,101123016760,此房满五年适合刚需客户购买南北通透三居室,360万,37971元/平,高楼层 (共6层) 3室1厅 | 94.81平米 | 南 北,https://ke-image.ljcdn.com/110000-inspection/pc1_47CQiwSGe_2.jpg!m_fill,w_280,h_210,f_jpg?from=ke.com
20241030,丰台,新宫,101122966443,翠海明苑 2室1厅 南 北,450万,55866元/平,高楼层 (共6层) 2室1厅 | 80.55平米 | 南 北,https://ke-image.ljcdn.com/110000-inspection/ca4b2cda-1bb9-4d9b-a9cf-a7fe0d17a3e6_1000.jpg!m_fill,w_280,h_210,f_jpg?from=ke.com
20241030,丰台,新宫,101122931790,四环外 次新房 公园懿府精装三居室 人车分流 环境好房主自荐,580万,50087元/平,低楼层 (共15层) 3室2厅 | 115.8平米 | 南 西 北,https://ke-image.ljcdn.com/110000-inspection/d55f0ae6-7a9e-48bc-a8c9-a7a5ad6b4bc3_1000.jpg!m_fill,w_280,h_210,f_jpg?from=ke.com
20241030,丰台,新宫,101122908278,地铁新宫4号+19号近地铁精装南北通透大三居！,699万,59123元/平,低楼层 (共6层) 3室2厅 | 118.23平米 | 南 北,https://ke-image.ljcdn.com/110000-inspection/5fd94d4c-0bc1-4192-a6cf-ce4b7a05c14e_1000.jpg!m_fill,w_280,h_210,f_jpg?from=ke.com
20241030,丰台,新宫,101122897604,泰禾金府大院 4室2厅 南 北,1230万,78705元/平,低楼层 (共14层) 4室2厅 | 156.28平米 | 南 北,https://ke-image.ljcdn.com/110000-inspection/6aa5a198-31d0-4e92-b24c-30038858d293_1000.jpg!m_fill,w_280,h_210,f_jpg?from=ke.com
20241030,丰台,新宫,101122884281,4号线19号线新宫 公园懿府小区南北通透精装修三居,570万,49223元/平,顶层 (共15层) 3室2厅 | 115.8平米 | 南 西 北,https://ke-image.ljcdn.com/110000-inspection/3b85bea5-5a32-4ff9-8f68-ec3c35156add_1000.jpg!m_fill,w_280,h_210,f_jpg?from=ke.com
20241030,丰台,新宫,101122854152,南四环纯商品房小区 满五唯一 双卧朝南正规三居室,435万,40800元/平,高楼层 (共6层) 3室2厅 | 106.62平米 | 南 北,https://ke-image.ljcdn.com/110000-inspection/8e6aaec4-fa6e-4950-ad3c-946d37b6c3b5_1000.jpg!m_fill,w_280,h_210,f_jpg?from=ke.com
20241030,丰台,新宫,101122759099,悦谷家园东区 2室1厅 南 北,480万,54503元/平,高楼层 (共17层) | 2019年 | 2室1厅 | 88.07平米 | 南 北,https://ke-image.ljcdn.com/110000-inspection/87aa9fde-7188-4d74-ac91-3ea09b190c6e_1000.jpg!m_fill,w_280,h_210,f_jpg?from=ke.com
20241030,丰台,新宫,101122751239,房子满两年 中高楼层 视野好 看房随时,295万,39508元/平,中楼层 (共16层) 2室1厅 | 74.67平米 | 南 北,https://ke-image.ljcdn.com/110000-inspection/9f47b00d-01f4-4d95-a01f-482f655b1fa5_1000.jpg!m_fill,w_280,h_210,f_jpg?from=ke.com
20241030,丰台,新宫,101122739230,翠海明苑 南北朝向两居室满二年 地铁4+19号线,500万,54502元/平,高楼层 (共6层) | 2006年 | 2室1厅 | 91.74平米 | 南 北,https://ke-image.ljcdn.com/110000-inspection/2181f13d-a96b-459a-87df-a5a97d07877e_1000.jpg!m_fill,w_280,h_210,f_jpg?from=ke.com
20241030,丰台,新宫,101122622557,诚苑南里 南北通透 大一居 满五年唯一商品房,208万,31554元/平,中楼层 (共9层) | 2000年 | 1室1厅 | 65.92平米 | 南 北,https://ke-image.ljcdn.com/110000-inspection/pc1_PGLo8AycD_2.jpg!m_fill,w_280,h_210,f_jpg?from=ke.com
20241030,丰台,新宫,101122608854,南庭新苑南区 2室1厅 西北房主自荐,275万,46889元/平,中楼层 (共15层) | 2010年 | 2室1厅 | 58.65平米 | 西北,https://ke-image.ljcdn.com/110000-inspection/7f64593c-d396-4e84-8411-738243aea315_1000.jpg!m_fill,w_280,h_210,f_jpg?from=ke.com
20241030,丰台,新宫,101122605172,南庭新苑北区 2室1厅 南 北,335万,49157元/平,低楼层 (共16层) | 2010年 | 2室1厅 | 68.15平米 | 南 北,https://ke-image.ljcdn.com/110000-inspection/09dfbac2-6af4-4e9b-9bba-157a30b2c736_1000.jpg!m_fill,w_280,h_210,f_jpg?from=ke.com
20241030,丰台,新宫,101122596812,天骄俊园9号院大三居精装修南北通透。,719万,54752元/平,低楼层 (共15层) | 2012年 | 3室1厅 | 131.32平米 | 南 北,https://ke-image.ljcdn.com/110000-inspection/ce114b36-4cc6-40fa-8521-8433aa3746ba_1000.jpg!m_fill,w_280,h_210,f_jpg?from=ke.com
20241030,丰台,新宫,101122501851,飞腾家园南北三居 三层 满五唯一房主自荐,479万,42654元/平,中楼层 (共6层) 3室1厅 | 112.3平米 | 南 北,https://ke-image.ljcdn.com/110000-inspection/pc1_VFX9jnump_1.jpg!m_fill,w_280,h_210,f_jpg?from=ke.com
20241030,丰台,新宫,101122426650,南庭新苑北区 满五唯一商品房 中间层 不临街  近地铁,210万,42485元/平,中楼层 (共15层) | 2012年 | 1室1厅 | 49.43平米 | 东,https://ke-image.ljcdn.com/110000-inspection/f723b8be-7ee4-4953-9ae4-d559795c21c3_1000.jpg!m_fill,w_280,h_210,f_jpg?from=ke.com
20241030,丰台,新宫,101122421629,南庭新苑北区正规两居室南北通透户型方正,350万,50440元/平,低楼层 (共16层) | 2012年 | 2室1厅 | 69.39平米 | 南 北,https://ke-image.ljcdn.com/110000-inspection/pc1_REw7D2XpJ_1.jpg!m_fill,w_280,h_210,f_jpg?from=ke.com
20241030,丰台,新宫,101122411994,丰台阳光星苑南去 南北三居室 楼层好,430万,51015元/平,高楼层 (共13层) 3室1厅 | 84.29平米 | 南 北,https://ke-image.ljcdn.com/110000-inspection/pc1_L38lzTcEQ_2.jpg!m_fill,w_280,h_210,f_jpg?from=ke.com
20241030,丰台,新宫,101122385068,诚苑南里 南北通透 精装修 业主自住 满五年唯一有车位,324万,43502元/平,底层 (共7层) 2室1厅 | 74.48平米 | 南 北,https://ke-image.ljcdn.com/110000-inspection/55fd135d-cc81-4f6f-b5ca-13a911cada4d_1000.jpg!m_fill,w_280,h_210,f_jpg?from=ke.com
20241030,丰台,新宫,101122379462,京粮悦谷 19年房 经典大三居室 业主诚售,528万,44512元/平,低楼层 (共15层) | 2019年 | 3室1厅 | 118.62平米 | 东 西,https://ke-image.ljcdn.com/110000-inspection/pc1_ww7he6VSt_2.jpg!m_fill,w_280,h_210,f_jpg?from=ke.com
20241030,丰台,新宫,101122374996,2015年的小区 小区新 环境好 房子户型方正采光好,299万,35553元/平,顶层 (共13层) 3室1厅 | 84.1平米 | 南,https://ke-image.ljcdn.com/110000-inspection/pc1_Ujz6ZEpVX_2.jpg!m_fill,w_280,h_210,f_jpg?from=ke.com
20241030,丰台,新宫,101122372917,2017年商品房小区 双卫生间 高楼层视野开阔 采光充足,536万,56185元/平,高楼层 (共15层) | 2017年 | 2室1厅 | 95.4平米 | 南 北,https://ke-image.ljcdn.com/110000-inspection/pc1_7BuBMKHsn_1.jpg!m_fill,w_280,h_210,f_jpg?from=ke.com
20241030,丰台,新宫,101122360198,诚苑南里 2室1厅 东 西 南,286万,35957元/平,中楼层 (共9层) | 1999年 | 2室1厅 | 79.54平米 | 东 西 南,https://ke-image.ljcdn.com/110000-inspection/pc1_KW2sE6v70_2.jpg!m_fill,w_280,h_210,f_jpg?from=ke.com
20241030,丰台,新宫,101122331376,中粮天恒天悦壹号 4室2厅 南 西 北,1130万,82051元/平,中楼层 (共14层) 4室2厅 | 137.72平米 | 南 西 北,https://ke-image.ljcdn.com/110000-inspection/bd94aa98-e048-4218-a1f6-df580e757b86_1000.jpg!m_fill,w_280,h_210,f_jpg?from=ke.com
20241030,丰台,新宫,101122310643,新宫4+19号线 飞腾家园 中间楼层 全明格局 带车位,500万,46647元/平,中楼层 (共6层) 3室2厅 | 107.19平米 | 南 北,https://ke-image.ljcdn.com/110000-inspection/d794095b-a266-42d4-85db-0433280134b6_1000.jpg!m_fill,w_280,h_210,f_jpg?from=ke.com
20241030,丰台,新宫,101122219156,南庭新苑南区 2室1厅 南,326万,55452元/平,高楼层 (共16层) | 2010年 | 2室1厅 | 58.79平米 | 南,https://ke-image.ljcdn.com/110000-inspection/234104e4-4ad3-4a11-9731-bab4d83722d1_1000.jpg!m_fill,w_280,h_210,f_jpg?from=ke.com
20241030,丰台,新宫,101122095944,新宫翠海明苑南北朝向一居室户型方正,260万,46512元/平,中楼层 (共6层) | 2006年 | 1室1厅 | 55.9平米 | 南,https://ke-image.ljcdn.com/110000-inspection/pc1_8NsQp7H0J_2.jpg!m_fill,w_280,h_210,f_jpg?from=ke.com
20241030,丰台,新宫,101122082402,京粮悦谷首城南区 1室1厅 南,420万,60511元/平,高楼层 (共16层) 1室1厅 | 69.41平米 | 南,https://ke-image.ljcdn.com/110000-inspection/pc1_O8X2NpU83_2.jpg!m_fill,w_280,h_210,f_jpg?from=ke.com
20241030,丰台,新宫,101122021618,新宫 4号线19号线双地铁 南向两居室,275万,46905元/平,低楼层 (共16层) | 2012年 | 2室1厅 | 58.63平米 | 南,https://ke-image.ljcdn.com/110000-inspection/aeff4ff0-789b-4400-9b1e-a06ae5e76fab_1000.jpg!m_fill,w_280,h_210,f_jpg?from=ke.com
20241030,丰台,新宫,101121943151,新宫 南庭新苑北区区 满五唯一 中楼层 采光好 诚售房主自荐,318万,52842元/平,中楼层 (共16层) | 2012年 | 2室1厅 | 60.18平米 | 南,https://ke-image.ljcdn.com/110000-inspection/pc1_JbdG8Cqwm.jpg!m_fill,w_280,h_210,f_jpg?from=ke.com
20241030,丰台,新宫,101121915102,南庭新苑北区南北通透两居室诚心出售,380万,55694元/平,低楼层 (共13层) | 2012年 | 2室1厅 | 68.23平米 | 南 北,https://ke-image.ljcdn.com/110000-inspection/01b21026-88a9-439c-aefa-317f0b441cbe_1000.jpg!m_fill,w_280,h_210,f_jpg?from=ke.com
20241030,丰台,新宫,101121877758,新宫 4+19号线 双地铁 南向两居室 满五唯一,265万,45076元/平,低楼层 (共16层) | 2010年 | 2室1厅 | 58.79平米 | 南,https://ke-image.ljcdn.com/110000-inspection/pc1_ffs3s2boP_2.jpg!m_fill,w_280,h_210,f_jpg?from=ke.com
20241030,丰台,新宫,101121873864,南四环边上4+19号线双地铁 新宫商圈 全南向 两居室,270万,45686元/平,低楼层 (共15层) | 2009年 | 2室1厅 | 59.1平米 | 南,https://ke-image.ljcdn.com/110000-inspection/9c993a44-4eff-4a3c-9efd-5a0a25d1ac51_1000.jpg!m_fill,w_280,h_210,f_jpg?from=ke.com
20241030,丰台,新宫,101121864205,合顺家园 1室1厅 南,368万,52715元/平,高楼层 (共16层) 1室1厅 | 69.81平米 | 南,https://ke-image.ljcdn.com/110000-inspection/pc1_EjRm6NfiN_2.jpg!m_fill,w_280,h_210,f_jpg?from=ke.com
20241030,丰台,新宫,101121830686,飞腾家园顶层三居 满五唯一 有车位,340万,39822元/平,顶层 (共6层) 3室1厅 | 85.38平米 | 南 北,https://ke-image.ljcdn.com/110000-inspection/bb79a01e-f158-45c5-8cc0-957cf4b0b0ec_1000.jpg!m_fill,w_280,h_210,f_jpg?from=ke.com
20241030,丰台,新宫,101121830387,新宫地铁站400米 次新房小区 商品房 两梯四户。,429万,51762元/平,高楼层 (共8层) 2室1厅 | 82.88平米 | 西南,https://ke-image.ljcdn.com/110000-inspection/pc1_euinx5vrv_2.jpg!m_fill,w_280,h_210,f_jpg?from=ke.com
20241030,丰台,新宫,101121826622,业主老着急了谈就行  看房还方便,275万,48010元/平,底层 (共15层) 1室1厅 | 57.28平米 | 南,https://ke-image.ljcdn.com/110000-inspection/pc1_R3VC3o0Hi.jpg!m_fill,w_280,h_210,f_jpg?from=ke.com
20241030,丰台,新宫,101121732344,翠海明苑 1室1厅 南 北,248万,42737元/平,低楼层 (共6层) | 2006年 | 1室1厅 | 58.03平米 | 南 北,https://ke-image.ljcdn.com/110000-inspection/pc1_hrgXE6bgt_2.jpg!m_fill,w_280,h_210,f_jpg?from=ke.com
20241030,丰台,新宫,101121707425,天骄俊园9号院电梯房楼层好满五唯一,599万,45614元/平,底层 (共15层) 3室2厅 | 131.32平米 | 南 北,https://ke-image.ljcdn.com/110000-inspection/f44b00d6-4b7a-4959-a648-ca8c70758ad9_1000.jpg!m_fill,w_280,h_210,f_jpg?from=ke.com
20241030,丰台,新宫,101121706842,南四环新宫南庭新苑北区正规一居室东向,216万,43752元/平,低楼层 (共15层) | 2012年 | 1室1厅 | 49.37平米 | 东,https://ke-image.ljcdn.com/110000-inspection/27a007b1-19da-4c75-bbd0-a926a4f944d6_1000.jpg!m_fill,w_280,h_210,f_jpg?from=ke.com
20241030,丰台,新宫,101121699993,满五年唯一  商品房  价格可谈房主自荐,245万,42506元/平,底层 (共15层) | 2012年 | 1室1厅 | 57.64平米 | 南,https://ke-image.ljcdn.com/110000-inspection/pc1_hS5dQitcK_2.jpg!m_fill,w_280,h_210,f_jpg?from=ke.com
20241030,丰台,新宫,101121688529,南庭新苑北区 2室1厅 北 南,380万,55121元/平,顶层 (共16层) | 2012年 | 2室1厅 | 68.94平米 | 北 南,https://ke-image.ljcdn.com/110000-inspection/6176dea2-3c25-46f7-89f1-524949b0cc63_1000.jpg!m_fill,w_280,h_210,f_jpg?from=ke.com
20241030,丰台,新宫,101121658704,新宫 飞腾家园 商品房小区 满五唯一 精装修 有车位,380万,35675元/平,顶层 (共6层) 3室2厅 | 106.52平米 | 南 北,https://ke-image.ljcdn.com/110000-inspection/pc1_VL1gDJ2M5_1.jpg!m_fill,w_280,h_210,f_jpg?from=ke.com
20241030,丰台,新宫,101121552751,南庭新苑正规的南向一居室视野开阔采光明亮,179万,39796元/平,底层 (共16层) 1室1厅 | 44.98平米 | 南,https://ke-image.ljcdn.com/110000-inspection/3ca55c8e-b8aa-49a7-a169-d1822a7644b4_1000.jpg!m_fill,w_280,h_210,f_jpg?from=ke.com
20241030,丰台,新宫,101121542292,南庭新苑南区全明户型带电梯近地铁,206万,38664元/平,中楼层 (共15层) | 2012年 | 1室1厅 | 53.28平米 | 西,https://ke-image.ljcdn.com/110000-inspection/d5e8b6c7-dc62-4c74-ae8f-a3d1def10527_1000.jpg!m_fill,w_280,h_210,f_jpg?from=ke.com
20241030,丰台,新宫,101121485900,南四环新宫旁通透两居室满五唯一户型方正,310万,39341元/平,低楼层 (共9层) | 2000年 | 2室1厅 | 78.8平米 | 东 西,https://ke-image.ljcdn.com/110000-inspection/3fc12dee-923e-4571-802e-83e7abd69f7b_1000.jpg!m_fill,w_280,h_210,f_jpg?from=ke.com
20241030,丰台,新宫,101121453714,南庭新苑南区4号线19号线双规换乘,305万,44507元/平,中楼层 (共16层) | 2019年 | 2室1厅 | 68.53平米 | 南 北,https://ke-image.ljcdn.com/110000-inspection/205d6d66-3b99-4bae-a737-bdc9c6d6cd3f_1000.jpg!m_fill,w_280,h_210,f_jpg?from=ke.com
20241030,丰台,新宫,101121369883,新宫4+19号线双地铁诚苑南里大四居室,459万,33223元/平,中楼层 (共7层) | 2001年 | 4室2厅 | 138.16平米 | 南 北,https://ke-image.ljcdn.com/110000-inspection/pc1_P2uZY9Prp_2.jpg!m_fill,w_280,h_210,f_jpg?from=ke.com
20241030,丰台,新宫,101121366201,南四环天骄俊园8号院南北大两居精装,470万,48464元/平,底层 (共10层) 2室1厅 | 96.98平米 | 南 北,https://ke-image.ljcdn.com/110000-inspection/5ab816ef-647b-464d-844c-6146262fa632_1000.jpg!m_fill,w_280,h_210,f_jpg?from=ke.com
20241030,丰台,新宫,101121319464,2014年小区环境良好 全南向两居 户型方正 前后无遮挡,298万,40178元/平,低楼层 (共16层) 2室1厅 | 74.17平米 | 南,https://ke-image.ljcdn.com/110000-inspection/5d4b1bc7-e1ab-4735-9a45-a5f6fdb561f4_1000.jpg!m_fill,w_280,h_210,f_jpg?from=ke.com
20241030,丰台,新宫,101121228850,新宫4+19地铁边 天悦壹号高品质社区 南北通透大四居室,1495万,98798元/平,中楼层 (共14层) 4室2厅 | 151.32平米 | 北 南 西,https://ke-image.ljcdn.com/110000-inspection/beaca509-7b21-4f52-9b4b-1244cca84d15_1000.jpg!m_fill,w_280,h_210,f_jpg?from=ke.com
20241030,丰台,新宫,101121169824,南庭新苑北区 满五唯一商品房 诚心出售 价格可谈,330万,56075元/平,底层 (共16层) | 2010年 | 2室1厅 | 58.85平米 | 南,https://ke-image.ljcdn.com/110000-inspection/pc1_9fV4TMJYM.jpg!m_fill,w_280,h_210,f_jpg?from=ke.com
20241030,丰台,新宫,101121123178,合顺家园*朝南采光好正规一居室,358万,51283元/平,中楼层 (共16层) 1室1厅 | 69.81平米 | 南,https://ke-image.ljcdn.com/110000-inspection/0d96d482-93eb-4f34-98cf-4ff1886ce63d_1000.jpg!m_fill,w_280,h_210,f_jpg?from=ke.com
20241030,丰台,新宫,101121102513,公园懿府三期西南北三面采光业主自己从新装修一遍,815万,61127元/平,低楼层 (共15层) 3室1厅 | 133.33平米 | 南 西 北,https://ke-image.ljcdn.com/110000-inspection/5884478e-8328-44d8-b763-776d74f2869b_1000.jpg!m_fill,w_280,h_210,f_jpg?from=ke.com
20241030,丰台,新宫,101121080237,天骄俊园9号院 商品房 双卧朝南 精装  采光好通风好,435万,50961元/平,低楼层 (共15层) | 2012年 | 2室1厅 | 85.36平米 | 南 北,https://ke-image.ljcdn.com/110000-inspection/932f1dde-2e71-457d-9e99-47f7fc773d08_1000.jpg!m_fill,w_280,h_210,f_jpg?from=ke.com
20241030,丰台,新宫,101120994957,公园懿府 3室2厅 南 西 北,899万,67105元/平,低楼层 (共15层) 3室2厅 | 133.97平米 | 南 西 北,https://ke-image.ljcdn.com/110000-inspection/pc1_jy1l4VYxA_1.jpg!m_fill,w_280,h_210,f_jpg?from=ke.com
20241030,丰台,新宫,101120980953,中粮天恒天悦壹号 精品四居 满两年 地铁4/19号线,1390万,98736元/平,顶层 (共14层) 4室2厅 | 140.78平米 | 南 北,https://ke-image.ljcdn.com/110000-inspection/pc1_uwbl2VtZ4_2.jpg!m_fill,w_280,h_210,f_jpg?from=ke.com
20241030,丰台,新宫,101120957072,南庭新苑北区 2室1厅 东南,210万,34247元/平,底层 (共16层) | 2012年 | 2室1厅 | 61.32平米 | 东南,https://ke-image.ljcdn.com/110000-inspection/89b03d9c-289e-425a-98f6-9e3c61ab260b_1000.jpg!m_fill,w_280,h_210,f_jpg?from=ke.com
20241030,丰台,新宫,101120909002,南四环外次新商品房天恒金融街公园懿府,920万,68550元/平,低楼层 (共15层) 3室2厅 | 134.21平米 | 南 北,https://ke-image.ljcdn.com/110000-inspection/fa10e2f4-e8d6-459e-b1ab-ad7b0afef38a_1000.jpg!m_fill,w_280,h_210,f_jpg?from=ke.com
20241030,丰台,新宫,101120838969,2017年商品房小区 万科物业 绿化高 环境佳,682万,58703元/平,中楼层 (共15层) | 2017年 | 3室2厅 | 116.18平米 | 南 北,https://ke-image.ljcdn.com/110000-inspection/pc1_WdGe9X1gI_2.jpg!m_fill,w_280,h_210,f_jpg?from=ke.com
20241030,丰台,新宫,101120837014,天骄俊园8号院精装一居室南北通透,279万,47433元/平,高楼层 (共15层) 1室1厅 | 58.82平米 | 南 北,https://ke-image.ljcdn.com/110000-inspection/ce91ea38-4208-418b-b96a-83de632b304f_1000.jpg!m_fill,w_280,h_210,f_jpg?from=ke.com
20241030,丰台,新宫,101120829541,南四环新宫南庭新苑北区满五唯一东向一居室,205万,40165元/平,顶层 (共15层) | 2012年 | 1室1厅 | 51.04平米 | 东,https://ke-image.ljcdn.com/110000-inspection/888b8dda-ba53-4745-9175-605e65d55382_1000.jpg!m_fill,w_280,h_210,f_jpg?from=ke.com
20241030,丰台,新宫,101120824645,南庭新苑北区 1室1厅 东,243万,49161元/平,高楼层 (共15层) | 2012年 | 1室1厅 | 49.43平米 | 东,https://ke-image.ljcdn.com/110000-inspection/pc1_ecUYnKegi_2.jpg!m_fill,w_280,h_210,f_jpg?from=ke.com
20241030,丰台,新宫,101120796146,金府大院精装修楼层好带电梯业主诚心出售。,1350万,89785元/平,中楼层 (共14层) | 2021年 | 3室2厅 | 150.36平米 | 南 北,https://ke-image.ljcdn.com/110000-inspection/cfe97cc8-e680-401b-b870-80721e081042_1000.jpg!m_fill,w_280,h_210,f_jpg?from=ke.com
20241030,丰台,新宫,101120738672,泰禾金府大院【4号线19号线双地铁】,1150万,78179元/平,顶层 (共14层) 4室2厅 | 147.1平米 | 南 北,https://ke-image.ljcdn.com/110000-inspection/pc1_XFk5TLEKk_2.jpg!m_fill,w_280,h_210,f_jpg?from=ke.com
20241030,丰台,新宫,101120558126,公园懿府 南北双通透三居室 诚心出售,800万,59711元/平,中楼层 (共15层) 3室2厅 | 133.98平米 | 南 北,https://ke-image.ljcdn.com/110000-inspection/eb2d5b00-5e10-48a9-afbb-25937d60a3cc_1000.jpg!m_fill,w_280,h_210,f_jpg?from=ke.com
20241030,丰台,新宫,101120454569,公园懿府中间楼栋 中间楼层 可以贷款 业主诚心出售,580万,50963元/平,中楼层 (共13层) 3室2厅 | 113.81平米 | 南 北 西,https://ke-image.ljcdn.com/110000-inspection/pc1_fBXqI5iIB_1.jpg!m_fill,w_280,h_210,f_jpg?from=ke.com
20241030,丰台,新宫,101120373820,中粮天恒天悦壹号 精装修 把边户型  拎包入住房主自荐,1490万,99880元/平,低楼层 (共14层) 4室2厅 | 149.18平米 | 南 北,https://ke-image.ljcdn.com/110000-inspection/df197131-f73c-471f-8d7f-c309360f881a_1000.jpg!m_fill,w_280,h_210,f_jpg?from=ke.com
20241030,丰台,新宫,101120337647,中粮天悦壹号 南北通透大四居 次新房 近地铁 精装修,1180万,86289元/平,中楼层 (共14层) 4室2厅 | 136.75平米 | 南 北,https://ke-image.ljcdn.com/110000-inspection/2e2991e2-9a36-49b3-9f40-faed9869bac6_1000.jpg!m_fill,w_280,h_210,f_jpg?from=ke.com
20241030,丰台,新宫,101120286606,地铁新宫站19号和4号线合顺家园西南向带电梯！,455万,55353元/平,中楼层 (共16层) 2室1厅 | 82.2平米 | 南 西,https://ke-image.ljcdn.com/110000-inspection/pc1_R5tV1XLxH_2.jpg!m_fill,w_280,h_210,f_jpg?from=ke.com
20241030,丰台,新宫,101120264121,新宫 南庭新苑南区 中间楼层 全南 精装两居室 诚售,269万,45317元/平,中楼层 (共16层) | 2013年 | 2室1厅 | 59.36平米 | 南,https://ke-image.ljcdn.com/110000-inspection/pc1_ssqLqjm7c_2.jpg!m_fill,w_280,h_210,f_jpg?from=ke.com
20241030,丰台,新宫,101120174385,南四环 新宫 阳光星苑北区 南北通透三居室,335万,38913元/平,高楼层 (共13层) | 2014年 | 3室1厅 | 86.09平米 | 南 北,https://ke-image.ljcdn.com/110000-inspection/7337de06-3e9c-47a9-bb9b-f013740c171c_1000.jpg!m_fill,w_280,h_210,f_jpg?from=ke.com
20241030,丰台,新宫,101120132418,南四环外新宫地铁站边上泰禾金府大院小区,1150万,102105元/平,中楼层 (共14层) | 2021年 | 3室2厅 | 112.63平米 | 南 北,https://ke-image.ljcdn.com/110000-inspection/pc1_3wkAJGC4B_1.jpg!m_fill,w_280,h_210,f_jpg?from=ke.com
20241030,丰台,新宫,101120090838,公园懿府 精装修三居室 楼层好,680万,59493元/平,高楼层 (共15层) 3室1厅 | 114.3平米 | 南 西 北,https://ke-image.ljcdn.com/110000-inspection/pc1_jYzu8LbvI_2.jpg!m_fill,w_280,h_210,f_jpg?from=ke.com
20241030,丰台,新宫,101120071457,南四环新宫 公园懿府满五唯一精装修商品房,599万,51728元/平,中楼层 (共15层) 3室2厅 | 115.8平米 | 南 西 北,https://ke-image.ljcdn.com/110000-inspection/pc1_8kSQ1C6oL_2.jpg!m_fill,w_280,h_210,f_jpg?from=ke.com
20241030,丰台,新宫,101119945094,南四环 地铁4+19号线新宫站 南庭新苑北区 全南两居,358万,60761元/平,高楼层 (共16层) | 2010年 | 2室1厅 | 58.92平米 | 南,https://ke-image.ljcdn.com/110000-inspection/8f0d1af6-2986-4bc7-a482-d6d5704f7bc9_1000.jpg!m_fill,w_280,h_210,f_jpg?from=ke.com
20241030,丰台,新宫,101119855234,2019年电梯房社区人车分流,209万,43335元/平,中楼层 (共15层) | 2019年 | 1室1厅 | 48.23平米 | 东,https://ke-image.ljcdn.com/110000-inspection/e634b1e8-e656-4c9b-972d-adfd30e09c0d_1000.jpg!m_fill,w_280,h_210,f_jpg?from=ke.com
20241030,丰台,新宫,101119845243,新宫南四环外19号线&4号线双规南庭新苑南区,225万,37937元/平,顶层 (共16层) | 2011年 | 2室1厅 | 59.31平米 | 南,https://ke-image.ljcdn.com/110000-inspection/e2306c60-4006-4423-8385-0638d372bf52_1000.jpg!m_fill,w_280,h_210,f_jpg?from=ke.com
20241030,丰台,新宫,101119617626,天骄俊园9号院 2室2厅 南 北,450万,46613元/平,底层 (共15层) 2室2厅 | 96.54平米 | 南 北,https://ke-image.ljcdn.com/110000-inspection/51f3e8e8-5fbb-4fd4-a935-1fb20d07bd89_1000.jpg!m_fill,w_280,h_210,f_jpg?from=ke.com
20241030,丰台,新宫,101119575899,南庭新苑南区 南北通透两居室 配套齐全 出入方便房主自荐,269万,39484元/平,底层 (共15层) | 2010年 | 2室1厅 | 68.13平米 | 南 北,https://ke-image.ljcdn.com/110000-inspection/0ec752ad-dc1a-4cc4-9e17-4728fb7b3507_1000.jpg!m_fill,w_280,h_210,f_jpg?from=ke.com
20241030,丰台,新宫,101119566606,东西向两居室 一梯两户 户型方正 视野无遮挡 采光好,276万,38716元/平,中楼层 (共16层) 2室1厅 | 71.29平米 | 东 西,https://ke-image.ljcdn.com/110000-inspection/5116f803-530c-490b-bb4c-ec68dea4e77a_1000.jpg!m_fill,w_280,h_210,f_jpg?from=ke.com
20241030,丰台,新宫,101119566592,阳光星苑南区东西向两居 户型方正 无遮挡 采光好,273万,38735元/平,中楼层 (共16层) 2室1厅 | 70.48平米 | 东 西,https://ke-image.ljcdn.com/110000-inspection/6b906679-f749-4b52-9721-2b6da2f2577e_1000.jpg!m_fill,w_280,h_210,f_jpg?from=ke.com
20241030,丰台,新宫,101119549187,泰禾金府大院范家庄中街8号院,1350万,77046元/平,中楼层 (共14层) 4室2厅 | 175.22平米 | 南 北,https://ke-image.ljcdn.com/110000-inspection/pc1_ktC3bmtYq.jpg!m_fill,w_280,h_210,f_jpg?from=ke.com
20241030,丰台,新宫,101119113765,南庭新苑北区 近地铁  满五唯一商品房房主自荐,355万,58235元/平,中楼层 (共16层) | 2010年 | 2室1厅 | 60.96平米 | 西南,https://ke-image.ljcdn.com/110000-inspection/b5c5537a-6042-4ba6-80e0-3890a01e9504_1000.jpg!m_fill,w_280,h_210,f_jpg?from=ke.com
20241030,丰台,新宫,101118961339,飞腾家园 4+19号线纯商品房社区,470万,41153元/平,中楼层 (共6层) 3室1厅 | 114.21平米 | 南 北,https://ke-image.ljcdn.com/110000-inspection/becf5869-619f-4158-a9a9-9253550c8636_1000.jpg!m_fill,w_280,h_210,f_jpg?from=ke.com
20241030,丰台,新宫,101118910298,中粮天悦壹号 满两年 毛坯房 边户  中间位置 两梯两户房主自荐,1280万,84478元/平,中楼层 (共14层) 4室2厅 | 151.52平米 | 东 南 北,https://ke-image.ljcdn.com/110000-inspection/b7da4e1b-2030-43ab-b1eb-e26511d14dd9_1000.jpg!m_fill,w_280,h_210,f_jpg?from=ke.com
20241030,丰台,新宫,101118896051,京粮悦谷首城西区视野好采光佳无遮挡,245万,52452元/平,高楼层 (共17层) | 2019年 | 1室1厅 | 46.71平米 | 东,https://ke-image.ljcdn.com/110000-inspection/a8ea7f32-99e1-440f-a06d-1b6435be7598_1000.jpg!m_fill,w_280,h_210,f_jpg?from=ke.com
20241030,丰台,新宫,101118626600,诚苑南里 2室1厅 东 西,290万,34723元/平,中楼层 (共9层) | 2009年 | 2室1厅 | 83.52平米 | 东 西,https://ke-image.ljcdn.com/110000-inspection/af93e5dd-85e5-4533-b9e3-e3596a00e210_1000.jpg!m_fill,w_280,h_210,f_jpg?from=ke.com
20241030,丰台,新宫,101118600717,新宫 翠海明苑 南北通透三居室 户型方正,620万,52136元/平,高楼层 (共6层) 3室1厅 | 118.92平米 | 南 北,https://ke-image.ljcdn.com/110000-inspection/b21baed7-418d-4471-83ee-8cc6023c7a04_1000.jpg!m_fill,w_280,h_210,f_jpg?from=ke.com
20241030,丰台,新宫,101118441020,南庭新苑北区 南北通透三居室 诚心出售 满五年,376万,45983元/平,低楼层 (共16层) | 2010年 | 3室1厅 | 81.77平米 | 南 北,https://ke-image.ljcdn.com/110000-inspection/pc1_lzOwuDdKv_2.jpg!m_fill,w_280,h_210,f_jpg?from=ke.com
20241030,丰台,新宫,101118276157,南庭新苑北区南北两居室满五年唯一高楼层采光好,425万,61864元/平,中楼层 (共16层) | 2010年 | 2室1厅 | 68.7平米 | 南 北,https://ke-image.ljcdn.com/110000-inspection/pc1_2KQroZZL9_2.jpg!m_fill,w_280,h_210,f_jpg?from=ke.com
20241030,丰台,新宫,101117935608,新宫合顺家园楼龄新近地铁南北通透全明格局,405万,48661元/平,底层 (共16层) | 2016年 | 2室1厅 | 83.23平米 | 南 北,https://ke-image.ljcdn.com/110000-inspection/202c23c6-70e0-4649-b45b-6b0ae3600cea_1000.jpg!m_fill,w_280,h_210,f_jpg?from=ke.com
20241030,丰台,新宫,101117334189,南庭新苑北区 不满两年回迁房 高楼层,248万,42554元/平,高楼层 (共16层) 2室1厅 | 58.28平米 | 东 北,https://ke-image.ljcdn.com/110000-inspection/3741ada9-0f5c-4075-ac63-91bc9e86952c_1000.jpg!m_fill,w_280,h_210,f_jpg?from=ke.com
20241030,丰台,新宫,101116961145,南庭新苑北区 东南向两居 临近地铁4+19号线,275万,44847元/平,低楼层 (共16层) | 2012年 | 2室1厅 | 61.32平米 | 东南,https://ke-image.ljcdn.com/110000-inspection/pc1_vdiqPvshM_1.jpg!m_fill,w_280,h_210,f_jpg?from=ke.com
20241030,丰台,新宫,101116186531,南庭新苑南区 4+19号线双地铁,205万,41381元/平,低楼层 (共15层) | 2012年 | 1室1厅 | 49.54平米 | 西,https://ke-image.ljcdn.com/110000-inspection/pc1_aKhoY091p.jpg!m_fill,w_280,h_210,f_jpg?from=ke.com
20241030,丰台,新宫,101116150132,京粮悦谷首城西区 业主诚心出售 小区中间位置,499万,57416元/平,底层 (共17层) | 2019年 | 2室2厅 | 86.91平米 | 南 北,https://ke-image.ljcdn.com/110000-inspection/35e88fd2-f773-4259-b1f1-b2898fdcc311_1000.jpg!m_fill,w_280,h_210,f_jpg?from=ke.com
20241030,丰台,新宫,101115823211,阳光星苑北区商品房无遮挡简单装修,288万,40655元/平,低楼层 (共16层) 2室1厅 | 70.84平米 | 东 西,https://ke-image.ljcdn.com/110000-inspection/d6e76faf-b61e-4687-a7ec-6c3a77e11ac8_1000.jpg!m_fill,w_280,h_210,f_jpg?from=ke.com
20241030,丰台,新宫,101115692497,小区中间位置 室内安静 三期装修 诚心出售 可拎包入住房主自荐,890万,69521元/平,中楼层 (共15层) | 2018年 | 3室2厅 | 128.02平米 | 南 西 北,https://ke-image.ljcdn.com/110000-inspection/983ce607-6333-43e3-beba-050ec4f7c332_1000.jpg!m_fill,w_280,h_210,f_jpg?from=ke.com
20241030,丰台,新宫,101115505668,南四环 花乡 新宫 新发地 南北通透 户型方正,430万,50105元/平,低楼层 (共15层) | 2012年 | 2室1厅 | 85.82平米 | 南 北,https://ke-image.ljcdn.com/110000-inspection/6a5c6eb2-0820-404d-88f8-9f93dd4853f0_1000.jpg!m_fill,w_280,h_210,f_jpg?from=ke.com
20241030,丰台,新宫,101127317178,新宫  4+19号线  阳光星苑 全南两居 电梯房新上,239万,36895元/平,底层 (共16层) 2室1厅 | 64.78平米 | 南,https://ke-image.ljcdn.com/110000-inspection/4410361e-ea01-4862-8d8b-703d1dc681f8_1000.jpg!m_fill,w_280,h_210,f_jpg?from=ke.com
20241030,丰台,新宫,101127315472,天骄俊园9号院 1室1厅 南新上,260万,44960元/平,中楼层 (共15层) | 2012年 | 1室1厅 | 57.83平米 | 南,https://ke-image.ljcdn.com/110000-inspection/pc1_F6WPE71Fx_2.jpg!m_fill,w_280,h_210,f_jpg?from=ke.com
20241030,丰台,新宫,101127300511,合顺家园 2室1厅 南 北新上,480万,58573元/平,中楼层 (共16层) | 2019年 | 2室1厅 | 81.95平米 | 南 北,https://ke-image.ljcdn.com/110000-inspection/8469f7e6-a088-41fb-aa93-2fc586cb9810_1000.jpg!m_fill,w_280,h_210,f_jpg?from=ke.com
20241030,丰台,新宫,101127280250,泰禾金府大院 4室2厅 南 北 西新上,1190万,68612元/平,顶层 (共14层) | 2021年 | 4室2厅 | 173.44平米 | 南 北 西,https://ke-image.ljcdn.com/110000-inspection/pc1_uPRch9k5k_2.jpg!m_fill,w_280,h_210,f_jpg?from=ke.com
20241030,丰台,新宫,101127267522,泰禾金府大院 5室3厅 南 北新上,1780万,37051元/平,底层 (共14层) 5室3厅 | 480.43平米 | 南 北,https://ke-image.ljcdn.com/110000-inspection/b67bdafc-ffd0-4931-ac15-84d6f287ce78_1000.jpg!m_fill,w_280,h_210,f_jpg?from=ke.com
20241030,丰台,新宫,101127234497,合顺家园  东西通透三居室  电梯高层 房本满二年新上,530万,49677元/平,中楼层 (共10层) 3室1厅 | 106.69平米 | 东 西,https://ke-image.ljcdn.com/110000-inspection/d93be9f5-a706-4429-a1cc-e4fae22260d6_1000.jpg!m_fill,w_280,h_210,f_jpg?from=ke.com
20241030,丰台,新宫,101127224397,阳光星苑南区  南北通透两居室 精装修 房本满二年新上,305万,41571元/平,底层 (共16层) 2室1厅 | 73.37平米 | 南 北,https://ke-image.ljcdn.com/110000-inspection/13e93f3c-db5c-400c-baf6-978ce37674fe_1000.jpg!m_fill,w_280,h_210,f_jpg?from=ke.com
20241030,丰台,新宫,101127224400,阳光星苑南区 2室1厅 南新上,310万,41796元/平,底层 (共16层) | 2013年 | 2室1厅 | 74.17平米 | 南,https://ke-image.ljcdn.com/110000-inspection/5df89675-b198-4aee-bbec-026829779624_1000.jpg!m_fill,w_280,h_210,f_jpg?from=ke.com
20241030,丰台,新宫,101127218627,阳光星苑北区 1室0厅 东 西新上,125万,33693元/平,高楼层 (共6层) | 2014年 | 1室0厅 | 37.1平米 | 东 西,https://ke-image.ljcdn.com/110000-inspection/b334ddba-92a5-40c6-bfa3-9d38a78841cd_1000.jpg!m_fill,w_280,h_210,f_jpg?from=ke.com
20241030,丰台,新宫,101127156427,业主急售可贷款采光充足毛坯一手房 近地铁,999万,73086元/平,中楼层 (共14层) 4室2厅 | 136.69平米 | 南,https://ke-image.ljcdn.com/110000-inspection/958c9d4a-651f-4db7-913f-376eb10cc372_1000.jpg!m_fill,w_280,h_210,f_jpg?from=ke.com
20241030,丰台,新宫,101127156314,满五年唯一商品房2019年小区 板楼带电梯 精装,370万,46700元/平,低楼层 (共16层) | 2019年 | 2室1厅 | 79.23平米 | 东北,https://ke-image.ljcdn.com/110000-inspection/02c61502-9087-4992-b0f9-e21462c261af_1000.jpg!m_fill,w_280,h_210,f_jpg?from=ke.com
20241030,丰台,新宫,101127081144,南四环 新宫商圈 次新房南北通透两居室,298万,39803元/平,中楼层 (共11层) 2室1厅 | 74.87平米 | 南 北,https://ke-image.ljcdn.com/110000-inspection/pc1_xikbudhkC_1.jpg!m_fill,w_280,h_210,f_jpg?from=ke.com
20241030,丰台,新宫,101127032250,4+19号线新宫地铁 192平米跃层 一步到位,499.5万,25961元/平,高楼层 (共7层) 3室1厅 | 192.41平米 | 南 北,https://ke-image.ljcdn.com/110000-inspection/pc1_PSkcGtqoW_2.jpg!m_fill,w_280,h_210,f_jpg?from=ke.com
20241030,丰台,新宫,101127010760,中粮天恒天悦壹号 小区中间位置中间楼层 毛坯房新上,1330万,87876元/平,中楼层 (共14层) | 2020年 | 4室2厅 | 151.35平米 | 南 北,https://ke-image.ljcdn.com/110000-inspection/45dca641-39ab-4c0e-ae1d-a4362c14561d_1000.jpg!m_fill,w_280,h_210,f_jpg?from=ke.com
20241030,丰台,新宫,101126992296,中粮天恒天悦壹号 精装修四居室 双地铁双商超 急售,1090万,79354元/平,低楼层 (共14层) | 2019年 | 4室2厅 | 137.36平米 | 南 北,https://ke-image.ljcdn.com/110000-inspection/b6e02012-bbc2-49a4-ad69-e1aa0a566907_1000.jpg!m_fill,w_280,h_210,f_jpg?from=ke.com
20241030,丰台,新宫,101126991067,合顺家园全南两居室高楼层采光好,409万,49136元/平,中楼层 (共16层) | 2018年 | 2室1厅 | 83.24平米 | 西南,https://ke-image.ljcdn.com/110000-inspection/94f46ffd-5375-452e-9ad9-f6c98a467a2c_1000.jpg!m_fill,w_280,h_210,f_jpg?from=ke.com
20241030,丰台,新宫,101126983915,南庭新苑北区南向两居室商品房高楼层采光好,299万,50816元/平,高楼层 (共16层) | 2012年 | 2室1厅 | 58.84平米 | 南,https://ke-image.ljcdn.com/110000-inspection/b4b44f1c-35e9-444c-ab3f-6da6433e887d_1000.jpg!m_fill,w_280,h_210,f_jpg?from=ke.com
20241030,丰台,新宫,101126969775,泰禾金府大院 车位,42万,25579元/平,地下室 | 2021年 | 1室0厅 | 16.42平米 | 南,https://ke-image.ljcdn.com/110000-inspection/pc1_0ejjK9IF1.jpg!m_fill,w_280,h_210,f_jpg?from=ke.com
20241030,丰台,新宫,101126937715,阳光星苑北区 2室1厅 南 北,305万,45969元/平,低楼层 (共16层) 2室1厅 | 66.35平米 | 南 北,https://ke-image.ljcdn.com/110000-inspection/37d849c7-e609-4519-aef3-588998b1d81c_1000.jpg!m_fill,w_280,h_210,f_jpg?from=ke.com
20241030,丰台,新宫,101126936525,公园懿府 2室1厅 南 北,500万,66774元/平,底层 (共15层) | 2017年 | 2室1厅 | 74.88平米 | 南 北,https://ke-image.ljcdn.com/110000-inspection/9f118403-5c52-4685-a7a2-420ce14021c4_1000.jpg!m_fill,w_280,h_210,f_jpg?from=ke.com
20241030,丰台,新宫,101126924652,中粮天恒天悦壹号 毛坯四居室 双地铁双商超业主急售,998万,72625元/平,低楼层 (共14层) 4室2厅 | 137.42平米 | 南 北,https://ke-image.ljcdn.com/110000-inspection/2df2d956-f032-46d6-bc58-dc3fa879424f_1000.jpg!m_fill,w_280,h_210,f_jpg?from=ke.com
20241030,丰台,新宫,101126894361,天骄俊园9号院 2室1厅 南 北,435万,51111元/平,高楼层 (共15层) | 2012年 | 2室1厅 | 85.11平米 | 南 北,https://ke-image.ljcdn.com/110000-inspection/3ffdf070-d9a6-4bb5-8ad8-c33fda65c9bf_1000.jpg!m_fill,w_280,h_210,f_jpg?from=ke.com
20241030,丰台,新宫,101126893210,泰禾金府大院 精装修三居室 双地铁双商超 诚心出售,1399万,93367元/平,中楼层 (共14层) 3室2厅 | 149.84平米 | 南 北,https://ke-image.ljcdn.com/110000-inspection/cb43cd34-cd18-4091-bd72-adc789799112_1000.jpg!m_fill,w_280,h_210,f_jpg?from=ke.com
20241030,丰台,新宫,101126762683,公园懿府 2室1厅 南 北,610万,63082元/平,高楼层 (共15层) 2室1厅 | 96.7平米 | 南 北,https://ke-image.ljcdn.com/110000-inspection/756b37b7-4ea8-4349-9b06-4c2451ba1bad_1000.jpg!m_fill,w_280,h_210,f_jpg?from=ke.com
20241030,丰台,新宫,101126690132,新宫地铁站南北朝向集中供暖带电梯三居,560万,57301元/平,中楼层 (共17层) | 2019年 | 3室1厅 | 97.73平米 | 南 北,https://ke-image.ljcdn.com/110000-inspection/7045871c-1c72-4a17-9928-5b2aad51139e_1000.jpg!m_fill,w_280,h_210,f_jpg?from=ke.com
20241030,丰台,新宫,101126659080,泰禾金府大院 南四环 4+19号线 中式园林小区,1080万,73355元/平,中楼层 (共14层) 4室2厅 | 147.23平米 | 南 北,https://ke-image.ljcdn.com/110000-inspection/pc1_YgIgnYmcW_2.jpg!m_fill,w_280,h_210,f_jpg?from=ke.com
20241030,丰台,新宫,101126656774,新宫合顺家园南北向三居满两年看房方便南北通透,510万,57935元/平,高楼层 (共14层) | 2016年 | 3室1厅 | 88.03平米 | 南 北,https://ke-image.ljcdn.com/110000-inspection/86c13f73-4fde-4aa3-b697-6d438b0e9bb3_1000.jpg!m_fill,w_280,h_210,f_jpg?from=ke.com
20241030,丰台,新宫,101126654633,诚苑南里满五年唯一集中供暖随时可看一居,165万,29746元/平,中楼层 (共9层) | 2000年 | 1室1厅 | 55.47平米 | 东 西,https://ke-image.ljcdn.com/110000-inspection/pc1_av0Td4tuC_1.jpg!m_fill,w_280,h_210,f_jpg?from=ke.com
20241030,丰台,新宫,101126651684,新宫阳光星苑南区南向三居视野好,320万,38050元/平,高楼层 (共13层) 3室1厅 | 84.1平米 | 南,https://ke-image.ljcdn.com/110000-inspection/3f913bb4-6d1d-4094-a7f4-0e7982fbb6d9_1000.jpg!m_fill,w_280,h_210,f_jpg?from=ke.com
20241030,丰台,新宫,101126645384,新宫阳光星苑南区三居南向看房方便,375万,44590元/平,低楼层 (共13层) 3室1厅 | 84.1平米 | 南,https://ke-image.ljcdn.com/110000-inspection/pc1_VoVL7bPFl_2.jpg!m_fill,w_280,h_210,f_jpg?from=ke.com
20241030,丰台,新宫,101126643931,新宫公园懿府精装修南北两居无遮挡视野好,540万,59874元/平,中楼层 (共15层) 2室1厅 | 90.19平米 | 南 北,https://ke-image.ljcdn.com/110000-inspection/pc1_Qp9ef1ltd_2.jpg!m_fill,w_280,h_210,f_jpg?from=ke.com
20241030,丰台,新宫,101126565208,南庭新苑集中供暖带电梯小户型满五年唯一近地铁两居,265万,45145元/平,低楼层 (共16层) | 2012年 | 2室1厅 | 58.7平米 | 东,https://ke-image.ljcdn.com/110000-inspection/pc1_faV4du0gQ_2.jpg!m_fill,w_280,h_210,f_jpg?from=ke.com
20241030,丰台,新宫,101126562584,翠海明苑满两年近地铁新宫配套齐全南北通透,249万,41688元/平,底层 (共5层) | 2006年 | 1室0厅 | 59.73平米 | 南 北,https://ke-image.ljcdn.com/110000-inspection/35ff1e22-2afb-4095-8978-4ddb0bdac3d0_1000.jpg!m_fill,w_280,h_210,f_jpg?from=ke.com
20241030,丰台,新宫,101126512545,泰禾金府大院 双地铁4+19号线 中式园林小区,1900万,63759元/平,中楼层 (共6层) 4室2厅 | 298平米 | 东 南 西 北,https://ke-image.ljcdn.com/110000-inspection/pc1_rmOzojAtq_1.jpg!m_fill,w_280,h_210,f_jpg?from=ke.com
20241030,丰台,新宫,101126511244,五爱屯西街  4+19号线新宫南地铁站 单价低,360万,32448元/平,底层 (共6层) | 2001年 | 3室2厅 | 110.95平米 | 东 西,https://ke-image.ljcdn.com/110000-inspection/9afc8962-570c-4450-9bea-5fdef7d2cb23_1000.jpg!m_fill,w_280,h_210,f_jpg?from=ke.com
20241030,丰台,新宫,101126505861,五爱屯西街   4+19号线新宫南大面积房主自荐,256万,27415元/平,顶层 (共6层) 2室1厅 | 93.38平米 | 东 西,https://ke-image.ljcdn.com/110000-inspection/pc1_qA73PhAkz_2.jpg!m_fill,w_280,h_210,f_jpg?from=ke.com
20241030,丰台,新宫,101126498205,阳光星苑南区  新宫南  4+19号线 次新房,225万,31861元/平,低楼层 (共16层) 2室1厅 | 70.62平米 | 东 西,https://ke-image.ljcdn.com/110000-inspection/1af76907-67f5-4af8-a1d0-3e663a17f88a_1000.jpg!m_fill,w_280,h_210,f_jpg?from=ke.com
20241030,丰台,新宫,101126457132,合顺家园 2室1厅 东南,485万,58788元/平,高楼层 (共16层) 2室1厅 | 82.5平米 | 东南,https://ke-image.ljcdn.com/110000-inspection/bcc856e3-6458-47db-be90-cb0029135a16_1000.jpg!m_fill,w_280,h_210,f_jpg?from=ke.com
20241030,丰台,新宫,101126422448,新宫 合顺家园 东西通透 三居室 电梯 诚售,475万,44133元/平,中楼层 (共10层) | 2019年 | 3室1厅 | 107.63平米 | 东 西,https://ke-image.ljcdn.com/110000-inspection/d320d643-4091-4b14-a695-f0219a98fcb1_1000.jpg!m_fill,w_280,h_210,f_jpg?from=ke.com
20241030,丰台,新宫,101126376077,地铁4+19号线公园懿府精装东南北三居室 满五年,720万,53776元/平,中楼层 (共15层) 3室2厅 | 133.89平米 | 东南 北,https://ke-image.ljcdn.com/110000-inspection/pc1_Xh7dKrBNF_2.jpg!m_fill,w_280,h_210,f_jpg?from=ke.com
20241030,丰台,新宫,101126345870,中粮天恒天悦壹号 精装修自住 双地铁双商超诚心出售,1599万,88706元/平,顶层 (共14层) 4室2厅 | 180.26平米 | 南 北,https://ke-image.ljcdn.com/110000-inspection/d7936df7-217c-4c5a-b10d-f4cda4de9b88_1000.jpg!m_fill,w_280,h_210,f_jpg?from=ke.com
20241030,丰台,新宫,101126345208,天悦壹号壹品墅 上叠产品 双地铁 双商超业主诚心售,1590万,70746元/平,高楼层 (共6层) | 2021年 | 5室2厅 | 224.75平米 | 南 北,https://ke-image.ljcdn.com/110000-inspection/pc1_L0EL3LXc5.jpg!m_fill,w_280,h_210,f_jpg?from=ke.com
20241030,丰台,新宫,101126343479,翠海明苑 2室1厅 南 北,500万,52643元/平,中楼层 (共6层) | 2005年 | 2室1厅 | 94.98平米 | 南 北,https://ke-image.ljcdn.com/110000-inspection/2d4815aa-e130-48b2-bb86-a60b28d40428_1000.jpg!m_fill,w_280,h_210,f_jpg?from=ke.com
20241030,丰台,新宫,101126245277,靠谱出售满五唯一看房方便只求一谈,250万,43745元/平,顶层 (共15层) 1室1厅 | 57.15平米 | 南,https://ke-image.ljcdn.com/110000-inspection/0caeb250-0081-4770-998b-fdc1f803549d_1000.jpg!m_fill,w_280,h_210,f_jpg?from=ke.com
20241030,丰台,新宫,101126199444,阳光星苑南区 3室1厅 南,328万,39002元/平,中楼层 (共13层) 3室1厅 | 84.1平米 | 南,https://ke-image.ljcdn.com/110000-inspection/6b86ddf9-12e2-4a95-beeb-14ed1bd7c4df_1000.jpg!m_fill,w_280,h_210,f_jpg?from=ke.com
20241030,丰台,新宫,101126187555,南庭新苑北区 2室1厅 南,308万,52471元/平,低楼层 (共16层) | 2012年 | 2室1厅 | 58.7平米 | 南,https://ke-image.ljcdn.com/110000-inspection/824dfef3-8f41-45f5-b6d0-d986b019e0e1_1000.jpg!m_fill,w_280,h_210,f_jpg?from=ke.com
20241030,丰台,新宫,101126174064,泰禾金府大院 车位,40万,24571元/平,地下室 | 2021年 | 1室0厅 | 16.28平米 | 南,https://ke-image.ljcdn.com/110000-inspection/20e7f646-9b2a-4f8f-b6b6-ef7cab0ec0fa_1000.jpg!m_fill,w_280,h_210,f_jpg?from=ke.com
20241030,丰台,新宫,101126124915,金府大院8层边户三居 有钥匙随时看 有产权车位可单,945万,81026元/平,中楼层 (共14层) 3室1厅 | 116.63平米 | 南 北 东,https://ke-image.ljcdn.com/110000-inspection/pc1_kIbZtOvma_2.jpg!m_fill,w_280,h_210,f_jpg?from=ke.com
20241030,丰台,新宫,101126124667,南四环新宫双地铁南庭新苑南区满五唯一南北两居,400万,58634元/平,低楼层 (共15层) | 2010年 | 2室1厅 | 68.22平米 | 南 北,https://ke-image.ljcdn.com/110000-inspection/5da7dff5-f361-46ed-b9a6-c3f3fcf0535c_1000.jpg!m_fill,w_280,h_210,f_jpg?from=ke.com
20241030,丰台,新宫,101126009244,泰禾金府大院 中式园林社区 4+19号线 下叠产品,2790万,63064元/平,底层 (共6层) 4室1厅 | 442.41平米 | 南 西 北,https://ke-image.ljcdn.com/110000-inspection/df670917-967c-4682-a7ce-290be1a5e5ee_1000.jpg!m_fill,w_280,h_210,f_jpg?from=ke.com
20241030,丰台,新宫,101126002027,新宫 4+19号线 中式园林 下叠产品 高档社区房主自荐,1950万,47745元/平,底层 (共6层) 4室2厅 | 408.42平米 | 南 北,https://ke-image.ljcdn.com/110000-inspection/b3c2adfc-fd9f-4eb4-bc06-43af438cde28_1000.jpg!m_fill,w_280,h_210,f_jpg?from=ke.com
20241030,丰台,新宫,101125997321,金府大院一层下跃 边户 诚心出售,1100万,65457元/平,底层 (共14层) 2室1厅 | 168.05平米 | 南 西,https://ke-image.ljcdn.com/110000-inspection/pc1_DRS5BdA5A_2.jpg!m_fill,w_280,h_210,f_jpg?from=ke.com
20241030,丰台,新宫,101125892434,翠海明苑 南北通透一居室 满五年 诚心出售,196万,41264元/平,高楼层 (共6层) | 2005年 | 1室0厅 | 47.5平米 | 南 北,https://ke-image.ljcdn.com/110000-inspection/d2041be3-03b8-4c59-a690-c12ba06fd21c_1000.jpg!m_fill,w_280,h_210,f_jpg?from=ke.com
20241030,丰台,新宫,101125891265,南四环外 次新房小区公园懿府南北通透精装两居,568万,60259元/平,底层 (共15层) | 2018年 | 2室2厅 | 94.26平米 | 南 北,https://ke-image.ljcdn.com/110000-inspection/4f8c5624-33c8-4531-9c5c-92aa29e47271_1000.jpg!m_fill,w_280,h_210,f_jpg?from=ke.com
20241030,丰台,新宫,101125870660,飞腾家园 南四环 地铁4+19号线 三居室 商品房,318万,34683元/平,顶层 (共6层) | 2005年 | 3室1厅 | 91.69平米 | 南 北,https://ke-image.ljcdn.com/110000-inspection/pc1_1SfzY9Iyt_2.jpg!m_fill,w_280,h_210,f_jpg?from=ke.com
20241030,丰台,新宫,101125805971,新宫商圈南庭新苑 东西向两居室,249万,41390元/平,中楼层 (共15层) | 2009年 | 2室1厅 | 60.16平米 | 东 西,https://ke-image.ljcdn.com/110000-inspection/020d8458-df62-4523-9e72-6987cc84745f_1000.jpg!m_fill,w_280,h_210,f_jpg?from=ke.com
20241030,丰台,新宫,101125801840,合顺家园东南向全明一居室满两年近地铁新宫站,309万,47524元/平,中楼层 (共16层) 1室1厅 | 65.02平米 | 东南,https://ke-image.ljcdn.com/110000-inspection/pc1_eslTlxpEc_2.jpg!m_fill,w_280,h_210,f_jpg?from=ke.com
20241030,丰台,新宫,101125800502,地铁4+19号线飞腾家园一居室 中楼层房主自荐,269万,41616元/平,中楼层 (共6层) 1室1厅 | 64.64平米 | 南,https://ke-image.ljcdn.com/110000-inspection/pc1_tkBPmvKmy_2.jpg!m_fill,w_280,h_210,f_jpg?from=ke.com
20241030,丰台,新宫,101125749399,翠海明苑 1层2居室 满五年唯一商品房 精装修,585万,64152元/平,底层 (共6层) 2室2厅 | 91.19平米 | 南 北,https://ke-image.ljcdn.com/110000-inspection/9bac06f2-5f8e-42cd-8f43-94aa6e47901a_1000.jpg!m_fill,w_280,h_210,f_jpg?from=ke.com
20241030,丰台,新宫,101125747849,中粮天恒天悦壹号 4室2厅 南 北,1350万,90217元/平,中楼层 (共14层) 4室2厅 | 149.64平米 | 南 北,https://ke-image.ljcdn.com/110000-inspection/9f742b68-d17f-4243-961c-9c1b8f4c83b2_1000.jpg!m_fill,w_280,h_210,f_jpg?from=ke.com
20241030,丰台,新宫,101125710813,泰禾金府大院  四叠下  地铁4/19号线,3450万,71808元/平,底层 (共4层) 5室1厅 | 480.45平米 | 南 北,https://ke-image.ljcdn.com/110000-inspection/8324a211-ce75-43bd-8f77-8109713e7cc4_1000.jpg!m_fill,w_280,h_210,f_jpg?from=ke.com
20241030,丰台,新宫,101125642231,阳光星苑 南北通透 满两年 新宫南,272万,36678元/平,低楼层 (共15层) 2室1厅 | 74.16平米 | 南 北,https://ke-image.ljcdn.com/110000-inspection/e01ea21e-7215-4227-921a-c56c23c85fd4_1000.jpg!m_fill,w_280,h_210,f_jpg?from=ke.com
20241030,丰台,新宫,101125624945,翠海明苑 顶层复式两居室 诚心出售,410万,51187元/平,顶层 (共5层) | 2006年 | 2室1厅 | 80.1平米 | 南 北,https://ke-image.ljcdn.com/110000-inspection/cd3de551-f8f7-4e8b-affc-f772ae0e3e32_1000.jpg!m_fill,w_280,h_210,f_jpg?from=ke.com
20241030,丰台,新宫,101125573387,南四环新宫泰禾金府大院别墅上叠全明东边户,1750万,95125元/平,顶层 (共5层) 6室2厅 | 183.97平米 | 南 北,https://ke-image.ljcdn.com/110000-inspection/pc1_iukTGzcE6_1.jpg!m_fill,w_280,h_210,f_jpg?from=ke.com
20241030,丰台,新宫,101125567307,新宫悦谷家园东区南向一居高楼层视野采光俱佳,229万,47236元/平,高楼层 (共15层) | 2019年 | 1室0厅 | 48.48平米 | 南,https://ke-image.ljcdn.com/110000-inspection/1cc5f922-fdb9-4935-9d91-2177cb5b94c0_1000.jpg!m_fill,w_280,h_210,f_jpg?from=ke.com
20241030,丰台,新宫,101125472613,翠海明苑顶层复式 精装自住 换房诚售,468万,62004元/平,顶层 (共6层) 2室1厅 | 75.48平米 | 南 北,https://ke-image.ljcdn.com/110000-inspection/pc1_zTrPX6shf_2.jpg!m_fill,w_280,h_210,f_jpg?from=ke.com
20241030,丰台,新宫,101125470225,此房中间楼层前后无遮挡视野开阔小区中间位置,338万,46867元/平,中楼层 (共16层) | 2014年 | 2室1厅 | 72.12平米 | 南,https://ke-image.ljcdn.com/110000-inspection/2f15a69d-b67b-4f19-bc27-32c5e31da7c1_1000.jpg!m_fill,w_280,h_210,f_jpg?from=ke.com
20241030,丰台,新宫,101125420026,诚苑南里 东西向两居满五年唯一商品房 地铁4+1,255万,32361元/平,底层 (共9层) | 1999年 | 2室1厅 | 78.8平米 | 东 西,https://ke-image.ljcdn.com/110000-inspection/ecf7ffad-784c-4cf3-9b6f-3ffd65af2ce3_1000.jpg!m_fill,w_280,h_210,f_jpg?from=ke.com
20241030,丰台,新宫,101125389851,阳光星苑南区14年次新小区户型方正南北通透环境好,300万,40280元/平,低楼层 (共11层) 2室1厅 | 74.48平米 | 南 北,https://ke-image.ljcdn.com/110000-inspection/pc1_B5DbsrX1j.jpg!m_fill,w_280,h_210,f_jpg?from=ke.com
20241030,丰台,新宫,101125333411,中粮天恒天悦壹号 双地铁 双商超 高品质社区,1180万,85644元/平,中楼层 (共14层) 4室2厅 | 137.78平米 | 南 北,https://ke-image.ljcdn.com/110000-inspection/c66ce1d7-f9ff-487e-90f4-0c81cf9c4434_1000.jpg!m_fill,w_280,h_210,f_jpg?from=ke.com
20241030,丰台,新宫,101125305909,南庭新苑南区 2室1厅 西 北,243万,41433元/平,中楼层 (共15层) | 2010年 | 2室1厅 | 58.65平米 | 西 北,https://ke-image.ljcdn.com/110000-inspection/8672b466-5a73-4bc0-9e1a-e4ccac39359e_1000.jpg!m_fill,w_280,h_210,f_jpg?from=ke.com
20241030,丰台,新宫,101125303220,南四环双地铁4+19号线 泰禾金府大院 上叠拼别墅,2650万,72765元/平,中楼层 (共4层) 6室1厅 | 364.19平米 | 南 北,https://ke-image.ljcdn.com/110000-inspection/pc1_h3x5az6wq_1.jpg!m_fill,w_280,h_210,f_jpg?from=ke.com
20241030,丰台,新宫,101125296368,新宫双地铁南庭新苑南区全南向两居室有电梯楼龄新,270万,45524元/平,中楼层 (共16层) | 2011年 | 2室1厅 | 59.31平米 | 南,https://ke-image.ljcdn.com/110000-inspection/40727024-e636-4fae-ab29-261c01d284b0_1000.jpg!m_fill,w_280,h_210,f_jpg?from=ke.com
20241030,丰台,新宫,101125291677,京粮悦谷首城南区 新上全南一居室 精装修 诚心出售,395万,56909元/平,中楼层 (共16层) 1室1厅 | 69.41平米 | 南,https://ke-image.ljcdn.com/110000-inspection/2ba67eae-aa39-41b2-ba01-c61aadada580_1000.jpg!m_fill,w_280,h_210,f_jpg?from=ke.com
20241030,丰台,新宫,101125291693,中粮天恒天悦壹号 新上高楼层四居室 采光充足,1125万,79366元/平,顶层 (共14层) | 2019年 | 4室2厅 | 141.75平米 | 南 北,https://ke-image.ljcdn.com/110000-inspection/6162aab3-ea34-4b7a-ba00-55c8be6a9954_1000.jpg!m_fill,w_280,h_210,f_jpg?from=ke.com
20241030,丰台,新宫,101125284783,中粮天恒天悦壹号 车位,43.5万,13123元/平,地下室 1室0厅 | 33.15平米 | 南 北,https://ke-image.ljcdn.com/110000-inspection/1944fe39-cf29-4ad9-a5d0-a18295fd76fe_1000.jpg!m_fill,w_280,h_210,f_jpg?from=ke.com
20241030,丰台,新宫,101125236347,公园懿府 2室2厅 南 北,530万,59159元/平,低楼层 (共15层) 2室2厅 | 89.59平米 | 南 北,https://ke-image.ljcdn.com/110000-inspection/pc1_JchyC1F19.jpg!m_fill,w_280,h_210,f_jpg?from=ke.com
20241030,丰台,新宫,101125163014,满五年唯一 精装商品房视野好户型方正出行便利,199万,40211元/平,顶层 (共15层) | 2012年 | 1室1厅 | 49.49平米 | 西,https://ke-image.ljcdn.com/110000-inspection/2a1582a4-9898-4ac4-9b51-94b0fff7f458_1000.jpg!m_fill,w_280,h_210,f_jpg?from=ke.com
20241030,丰台,新宫,101125077127,泰禾金府大院 车位,42万,22789元/平,地下室 | 2021年 | 1室0厅 | 18.43平米 | 南,https://ke-image.ljcdn.com/110000-inspection/fede63b8-b66b-49ae-a0cc-851345a5d6b4_1000.jpg!m_fill,w_280,h_210,f_jpg?from=ke.com
20241030,丰台,新宫,101125058886,新宫地铁电梯房南庭新苑北区南向采光好,288万,49064元/平,低楼层 (共16层) | 2012年 | 2室1厅 | 58.7平米 | 南,https://ke-image.ljcdn.com/110000-inspection/8936fe7e-87ea-4bc1-80e9-33995c416837_1000.jpg!m_fill,w_280,h_210,f_jpg?from=ke.com
20241030,丰台,新宫,101125023086,2013年小区阳光星苑南区全南向正规两居室,327万,38883元/平,中楼层 (共13层) 3室1厅 | 84.1平米 | 南,https://ke-image.ljcdn.com/110000-inspection/0b756d82-808f-4da4-ab0b-7abd1f1ebfe3_1000.jpg!m_fill,w_280,h_210,f_jpg?from=ke.com
20241030,丰台,新宫,101124979110,飞腾家园 5室2厅 东 西房主自荐,485万,49309元/平,顶层 (共4层) 5室2厅 | 98.36平米 | 东 西,https://ke-image.ljcdn.com/110000-inspection/cc3edf7e-a02d-4e5a-85e3-8a065023cea2_1000.jpg!m_fill,w_280,h_210,f_jpg?from=ke.com
20241030,丰台,新宫,101124918231,公园懿府 2室1厅 南 北,580万,60254元/平,底层 (共15层) 2室1厅 | 96.26平米 | 南 北,https://ke-image.ljcdn.com/110000-inspection/a9d7f0f0-0a89-42ff-9918-c249f5b783e6_1000.jpg!m_fill,w_280,h_210,f_jpg?from=ke.com
20241030,丰台,新宫,101124914147,中粮天恒天悦壹号 中间位置 高层观景 满两年精装修,1435万,82268元/平,高楼层 (共14层) | 2020年 | 4室2厅 | 174.43平米 | 南 北,https://ke-image.ljcdn.com/110000-inspection/a3a84e88-0e24-4636-97f2-ae5fae3bc444_1000.jpg!m_fill,w_280,h_210,f_jpg?from=ke.com
20241030,丰台,新宫,101124896285,2019年电梯房满五年唯一近地铁人车分流集中供暖,500万,56434元/平,顶层 (共17层) 2室1厅 | 88.6平米 | 南,https://ke-image.ljcdn.com/110000-inspection/eeae8daa-cf6a-4d6a-b3c5-7dc41c90d074_1000.jpg!m_fill,w_280,h_210,f_jpg?from=ke.com
20241030,丰台,新宫,101124851600,丰台 新宫  电梯两居 南北通透 全明格局,399万,47911元/平,底层 (共16层) | 2019年 | 2室1厅 | 83.28平米 | 南 北,https://ke-image.ljcdn.com/110000-inspection/ca941caa-9030-4a5f-bb74-ed8785423dcd_1000.jpg!m_fill,w_280,h_210,f_jpg?from=ke.com
20241030,丰台,新宫,101124802248,新宫 地铁4+19号线 高楼层 满五唯一商品房,215万,41805元/平,高楼层 (共15层) | 2012年 | 1室1厅 | 51.43平米 | 东,https://ke-image.ljcdn.com/110000-inspection/b865ec2b-1779-4578-b49e-d43344862ac6_1000.jpg!m_fill,w_280,h_210,f_jpg?from=ke.com
20241030,丰台,新宫,101124802176,南庭新苑南区 4+19号线  电梯房 两居室,262万,43278元/平,低楼层 (共16层) | 2010年 | 2室1厅 | 60.54平米 | 东南,https://ke-image.ljcdn.com/110000-inspection/pc1_rdZJotbCZ_1.jpg!m_fill,w_280,h_210,f_jpg?from=ke.com
20241030,丰台,新宫,101124779047,南四环外 次新房 公园懿府 南北通透精装三居室,830万,62117元/平,高楼层 (共15层) | 2017年 | 3室2厅 | 133.62平米 | 东 南 北,https://ke-image.ljcdn.com/110000-inspection/76c35231-7dc4-4a29-b60b-9c8ba0370b75_1000.jpg!m_fill,w_280,h_210,f_jpg?from=ke.com
20241030,丰台,新宫,101124683539,四环旁2019年电梯房双通透户型京粮悦谷首城南区,550万,51216元/平,顶层 (共17层) | 2019年 | 3室1厅 | 107.39平米 | 东 西,https://ke-image.ljcdn.com/110000-inspection/f0c4b71d-3e13-46db-947a-59e7261d127f_1000.jpg!m_fill,w_280,h_210,f_jpg?from=ke.com
20241030,丰台,新宫,101124676853,中粮天恒天悦壹号近地铁高得房率南北通透四室,1280万,92902元/平,中楼层 (共14层) | 2019年 | 4室1厅 | 137.78平米 | 南 北,https://ke-image.ljcdn.com/110000-inspection/789469be-ce8a-4b7e-87ba-1742c78f90ea_1000.jpg!m_fill,w_280,h_210,f_jpg?from=ke.com
20241030,丰台,新宫,101124669610,4+19号线 诚苑南里 南向大四居 复式 业主诚售,500万,30047元/平,高楼层 (共7层) 4室2厅 | 166.41平米 | 东 南 北,https://ke-image.ljcdn.com/110000-inspection/3ac0cf14-8929-4147-b36d-2be7263ac054_1000.jpg!m_fill,w_280,h_210,f_jpg?from=ke.com
20241030,丰台,新宫,101124629140,飞腾家园门口的底商是个不错的选择,480万,39961元/平,底层 (共4层) | 2005年 | 3室2厅 | 120.12平米 | 东 西,https://ke-image.ljcdn.com/110000-inspection/pc1_0VXS9sELi.jpg!m_fill,w_280,h_210,f_jpg?from=ke.com
20241030,丰台,新宫,101124590038,南庭新苑北区 东南向两居室 业主诚心出售价格可谈,258万,42075元/平,低楼层 (共16层) | 2012年 | 2室1厅 | 61.32平米 | 东南,https://ke-image.ljcdn.com/110000-inspection/14cc8ee6-b672-4978-9ba4-3fbe4c8f8c4c_1000.jpg!m_fill,w_280,h_210,f_jpg?from=ke.com
20241030,丰台,新宫,101124570845,近地铁4+19号线  满五年 业主诚心出售,205万,40482元/平,高楼层 (共15层) | 2012年 | 1室1厅 | 50.64平米 | 东,https://ke-image.ljcdn.com/110000-inspection/3d55a152-c393-4f29-8d0b-4f4d007cf5cc_1000.jpg!m_fill,w_280,h_210,f_jpg?from=ke.com
20241030,丰台,新宫,101124564002,新宫 公园懿府 H户型精装两居室,750万,67923元/平,底层 (共15层) | 2018年 | 2室2厅 | 110.42平米 | 南 北,https://ke-image.ljcdn.com/110000-inspection/8c81bdd6-1c38-4dbc-900e-3d22f277103b_1000.jpg!m_fill,w_280,h_210,f_jpg?from=ke.com
20241030,丰台,新宫,101124466792,新宫南苑森林旁04年纯商品房小区 正规三居南北通透,338万,32845元/平,顶层 (共6层) | 2005年 | 3室2厅 | 102.91平米 | 南 北,https://ke-image.ljcdn.com/110000-inspection/98991d74-56ff-4a86-97ce-258e1b577734_1000.jpg!m_fill,w_280,h_210,f_jpg?from=ke.com
20241030,丰台,新宫,101124462309,翠海明苑 3室2厅 南 北,560万,63608元/平,顶层 (共4层) | 2006年 | 3室2厅 | 88.04平米 | 南 北,https://ke-image.ljcdn.com/110000-inspection/pc1_S5yBYv4u9_2.jpg!m_fill,w_280,h_210,f_jpg?from=ke.com
20241030,丰台,新宫,101124444435,中粮天悦壹号 150下跃户型300+的使用面急售,1350万,89983元/平,底层 (共14层) 6室2厅 | 150.03平米 | 南 北,https://ke-image.ljcdn.com/110000-inspection/02013a07-cdb1-4b59-9594-44ee68caa463_1000.jpg!m_fill,w_280,h_210,f_jpg?from=ke.com
20241030,丰台,新宫,101124441466,中粮天恒天悦壹号 车位,44万,11114元/平,地下室 | 2020年 | 1室0厅 | 39.59平米 | 南 北,https://ke-image.ljcdn.com/110000-inspection/pc1_S3i7JCvtk.jpg!m_fill,w_280,h_210,f_jpg?from=ke.com
20241030,丰台,新宫,101124400426,泰禾金府大院 4+19号线 中式园林 两梯两户,1140万,75763元/平,低楼层 (共14层) | 2021年 | 4室2厅 | 150.47平米 | 南 北,https://ke-image.ljcdn.com/110000-inspection/40ff7977-ad5c-49f2-89d4-69e56672e64c_1000.jpg!m_fill,w_280,h_210,f_jpg?from=ke.com
20241030,丰台,新宫,101124398167,新宫商圈4+19号线双地铁正规一居室,185万,36649元/平,中楼层 (共15层) | 2012年 | 1室1厅 | 50.48平米 | 西,https://ke-image.ljcdn.com/110000-inspection/1ad58fed-eab0-476b-9704-5b304b825ff6_1000.jpg!m_fill,w_280,h_210,f_jpg?from=ke.com
20241030,丰台,新宫,101124378429,新宫商圈 双地铁4+19 全南向正规两居室,270万,45524元/平,中楼层 (共16层) | 2011年 | 2室1厅 | 59.31平米 | 南,https://ke-image.ljcdn.com/110000-inspection/514c9845-645d-4d7f-bf1d-4d85c30d14f0_1000.jpg!m_fill,w_280,h_210,f_jpg?from=ke.com
20241030,丰台,新宫,101124305921,丰台区新宫翠海明苑 满五唯一商品房 好楼层,475万,50759元/平,低楼层 (共6层) | 2006年 | 2室1厅 | 93.58平米 | 南 北,https://ke-image.ljcdn.com/110000-inspection/93bd4ae7-b9ec-43b2-93d9-0e349def98c4_1000.jpg!m_fill,w_280,h_210,f_jpg?from=ke.com
20241030,丰台,新宫,101124241441,南四环 一层下跃 双层地下 南北通透三居室,1890万,31288元/平,底层 (共14层) 5室3厅 | 604.07平米 | 南 北,https://ke-image.ljcdn.com/110000-inspection/5f9610fb-c410-4f35-bbeb-75a7bbda55a1_1000.jpg!m_fill,w_280,h_210,f_jpg?from=ke.com
20241030,丰台,新宫,101124201669,诚苑南里 3室1厅 东 西,410万,35796元/平,底层 (共6层) 3室1厅 | 114.54平米 | 东 西,https://ke-image.ljcdn.com/110000-inspection/45af6753-bb20-4d68-9304-9435a7020fee_1000.jpg!m_fill,w_280,h_210,f_jpg?from=ke.com
20241030,丰台,新宫,101124146510,南庭新苑北区 1室1厅 西,230万,46475元/平,顶层 (共15层) | 2012年 | 1室1厅 | 49.49平米 | 西,https://ke-image.ljcdn.com/110000-inspection/7eab6ee8-3853-488b-a503-9c923f17b501_1000.jpg!m_fill,w_280,h_210,f_jpg?from=ke.com
20241030,丰台,新宫,101124108342,泰禾金府大院 4室2厅 南 北,3500万,96632元/平,中楼层 (共4层) 4室2厅 | 362.2平米 | 南 北,https://ke-image.ljcdn.com/110000-inspection/839eb519-667d-4695-8403-f561856e64f7_1000.jpg!m_fill,w_280,h_210,f_jpg?from=ke.com
20241030,丰台,新宫,101124086445,五爱屯西街 新宫南 大面积房子,230万,24631元/平,顶层 (共6层) | 2001年 | 2室2厅 | 93.38平米 | 东 西,https://ke-image.ljcdn.com/110000-inspection/pc1_HQa9AMxOg_2.jpg!m_fill,w_280,h_210,f_jpg?from=ke.com
20241030,丰台,新宫,101124066074,翠海明苑 新宫地铁站 满五年唯一 正规3居室,585万,49405元/平,高楼层 (共6层) 3室1厅 | 118.41平米 | 南 北,https://ke-image.ljcdn.com/110000-inspection/pc1_6DKKbC86b.jpg!m_fill,w_280,h_210,f_jpg?from=ke.com
20241030,丰台,新宫,101124055669,公园懿府南北三居精装修高楼层无遮挡,760万,59209元/平,高楼层 (共15层) | 2017年 | 3室1厅 | 128.36平米 | 南 西 北,https://ke-image.ljcdn.com/110000-inspection/8e4155e4-aa4a-429c-a77c-2edbb33d015b_1000.jpg!m_fill,w_280,h_210,f_jpg?from=ke.com
20241030,丰台,新宫,101124053986,新宫 4+19号线 飞腾家园商品房社区 精装修 自己住,520万,52430元/平,顶层 (共4层) 3室1厅 | 99.18平米 | 东 南 西,https://ke-image.ljcdn.com/110000-inspection/2d5eb774-9268-4eab-a2ad-34651f725ff9_1000.jpg!m_fill,w_280,h_210,f_jpg?from=ke.com
20241030,丰台,新宫,101123952354,新宫4+19号线 电梯房 精装修两居室 满五年唯一,215万,35514元/平,顶层 (共16层) | 2010年 | 2室1厅 | 60.54平米 | 西南,https://ke-image.ljcdn.com/110000-inspection/pc1_5WqgXjZj4_2.jpg!m_fill,w_280,h_210,f_jpg?from=ke.com
20241030,丰台,新宫,101123854513,翠海明苑 2室1厅 南 北,406万,51108元/平,低楼层 (共6层) | 2006年 | 2室1厅 | 79.44平米 | 南 北,https://ke-image.ljcdn.com/110000-inspection/pc1_2awQCCPOX_2.jpg!m_fill,w_280,h_210,f_jpg?from=ke.com
20241030,丰台,新宫,101123853103,合顺家园 南北两居室满两年有电梯,450万,54146元/平,低楼层 (共16层) | 2016年 | 2室1厅 | 83.11平米 | 南 北,https://ke-image.ljcdn.com/110000-inspection/pc1_cU3FwCSDN_1.jpg!m_fill,w_280,h_210,f_jpg?from=ke.com
20241030,丰台,新宫,101123745331,南庭新苑北区 2室1厅 西北,290万,49295元/平,中楼层 (共16层) | 2012年 | 2室1厅 | 58.83平米 | 西北,https://ke-image.ljcdn.com/110000-inspection/pc1_bZbLSwWzm_2.jpg!m_fill,w_280,h_210,f_jpg?from=ke.com
20241030,丰台,新宫,101123744881,南庭新苑北区西北户型 楼层好 视野宽阔 采光充足,290万,46956元/平,高楼层 (共16层) | 2012年 | 2室1厅 | 61.76平米 | 西北,https://ke-image.ljcdn.com/110000-inspection/pc1_kdfkQLte8_1.jpg!m_fill,w_280,h_210,f_jpg?from=ke.com
20241030,丰台,新宫,101123735495,泰禾金府大院 3室2厅 南 北,1190万,76146元/平,中楼层 (共14层) 3室2厅 | 156.28平米 | 南 北,https://ke-image.ljcdn.com/110000-inspection/3a13103e-4142-47fc-bf4f-21b80c6e6cac_1000.jpg!m_fill,w_280,h_210,f_jpg?from=ke.com
20241030,丰台,新宫,101123683317,公园懿府小区车位 临近20-19-15号楼 -1层电梯直达,27万,7849元/平,地下室 | 2017年 | 1室0厅 | 34.4平米 | 南,https://ke-image.ljcdn.com/110000-inspection/3011340f-b56d-4fa0-b9bb-1f874ecf129e_1000.jpg!m_fill,w_280,h_210,f_jpg?from=ke.com
20241030,丰台,新宫,101123621410,花乡新发地新宫天骄俊园9号院南北通透两居高楼层,389万,45620元/平,高楼层 (共15层) | 2013年 | 2室1厅 | 85.27平米 | 南 北,https://ke-image.ljcdn.com/110000-inspection/1873497c-f088-4261-b093-8b49f1659281_1000.jpg!m_fill,w_280,h_210,f_jpg?from=ke.com
20241030,丰台,新宫,101123492074,此房南北通透 人车分流 两梯两户跃层,1550万,84093元/平,底层 (共14层) 2室2厅 | 184.32平米 | 南 北,https://ke-image.ljcdn.com/110000-inspection/pc1_QptI3bLzh_2.jpg!m_fill,w_280,h_210,f_jpg?from=ke.com
20241030,丰台,新宫,101123475717,中粮天恒天悦壹号 精装修下跃 近地铁次新房,1199万,107236元/平,底层 (共14层) 5室3厅 | 111.81平米 | 南 北,https://ke-image.ljcdn.com/110000-inspection/c5efb164-2642-4a84-a20b-79060f8b6955_1000.jpg!m_fill,w_280,h_210,f_jpg?from=ke.com
20241030,丰台,新宫,101123444671,南庭新苑北区 2室2厅 南,349万,44499元/平,低楼层 (共14层) | 2012年 | 2室2厅 | 78.43平米 | 南,https://ke-image.ljcdn.com/110000-inspection/pc1_TkM06GByL_1.jpg!m_fill,w_280,h_210,f_jpg?from=ke.com
20241030,丰台,新宫,101123394792,新宫 翠海明苑 2005年洋房社区,690万,57030元/平,顶层 (共6层) | 2005年 | 3室2厅 | 120.99平米 | 南 北,https://ke-image.ljcdn.com/110000-inspection/pc1_wlBH4M4fp_2.jpg!m_fill,w_280,h_210,f_jpg?from=ke.com
20241030,丰台,新宫,101123356583,2019年次新房 南北通透  高品质商品房社区 精装修,1100万,88746元/平,中楼层 (共4层) 4室2厅 | 123.95平米 | 南 北,https://ke-image.ljcdn.com/110000-inspection/0619666e-ae8f-4ce0-8146-32ca2a4fc552_1000.jpg!m_fill,w_280,h_210,f_jpg?from=ke.com
20241030,丰台,新宫,101123321666,中粮天恒天悦壹号 好位置 好楼层 南北四居室精装修,1285万,93306元/平,高楼层 (共14层) 3室2厅 | 137.72平米 | 南 北,https://ke-image.ljcdn.com/110000-inspection/pc1_eWW8ooYi7_2.jpg!m_fill,w_280,h_210,f_jpg?from=ke.com
20241030,丰台,新宫,101123214292,新宫 4+19号线 南庭新苑南区 电梯房 集中供暖,189万,42103元/平,底层 (共16层) | 2011年 | 1室1厅 | 44.89平米 | 南,https://ke-image.ljcdn.com/110000-inspection/pc1_Tizp0KPA7_2.jpg!m_fill,w_280,h_210,f_jpg?from=ke.com
20241030,丰台,新宫,101123176855,公园懿府 3室2厅 北 西 南,687万,59703元/平,低楼层 (共15层) 3室2厅 | 115.07平米 | 北 西 南,https://ke-image.ljcdn.com/110000-inspection/769408f0-38c4-4c86-88a0-b0302bb0d322_1000.jpg!m_fill,w_280,h_210,f_jpg?from=ke.com
20241030,丰台,新宫,101123156382,四环外 次新房人车分流精装三居科技住宅采光好,675万,52846元/平,中楼层 (共15层) | 2017年 | 3室2厅 | 127.73平米 | 东 南 北,https://ke-image.ljcdn.com/110000-inspection/6b89d469-aec4-44d1-bb73-ace9f152a43c_1000.jpg!m_fill,w_280,h_210,f_jpg?from=ke.com
20241030,丰台,新宫,101123140044,南庭新苑南区 2室1厅 南房主自荐,279万,47002元/平,低楼层 (共16层) | 2013年 | 2室1厅 | 59.36平米 | 南,https://ke-image.ljcdn.com/110000-inspection/85ea96ec-ea23-4292-a693-33d5921e56d5_1000.jpg!m_fill,w_280,h_210,f_jpg?from=ke.com
20241030,丰台,新宫,101123124050,飞腾家园 满五年唯一 南北通透三居室,309万,36238元/平,顶层 (共6层) | 2005年 | 3室1厅 | 85.27平米 | 南 北,https://ke-image.ljcdn.com/110000-inspection/db536b37-ac35-4237-bf5e-94cd1ee77cc3_1000.jpg!m_fill,w_280,h_210,f_jpg?from=ke.com
20241030,丰台,新宫,101123108079,南四环 新宫 公益西桥 新发地满五唯一,269万,46516元/平,顶层 (共15层) | 2012年 | 1室1厅 | 57.83平米 | 南,https://ke-image.ljcdn.com/110000-inspection/pc1_jlI1FZaUf.jpg!m_fill,w_280,h_210,f_jpg?from=ke.com
20241030,丰台,新宫,101123076353,泰禾金府大院 4室2厅 南 北,1280万,87016元/平,低楼层 (共14层) 4室2厅 | 147.1平米 | 南 北,https://ke-image.ljcdn.com/110000-inspection/cc89179a-0f1d-4403-a894-e80b224b13e5_1000.jpg!m_fill,w_280,h_210,f_jpg?from=ke.com
20241030,丰台,新宫,101123067753,泰禾金府大院 车位,42万,25799元/平,地下室 1室0厅 | 16.28平米 | 南,https://ke-image.ljcdn.com/110000-inspection/3cdd6b93-5dfb-4e8f-a427-6dc51b39aaa6_1000.jpg!m_fill,w_280,h_210,f_jpg?from=ke.com
20241030,丰台,新宫,101123067011,泰禾金府大院 车位,42万,25799元/平,地下室 1室0厅 | 16.28平米 | 南,https://ke-image.ljcdn.com/110000-inspection/48993d6f-f3c4-4d21-a09e-2995742dfc78_1000.jpg!m_fill,w_280,h_210,f_jpg?from=ke.com
20241030,丰台,新宫,101123030612,南四环新宫商圈全南向满五唯一商品房,320万,53818元/平,中楼层 (共16层) | 2010年 | 2室1厅 | 59.46平米 | 南,https://ke-image.ljcdn.com/110000-inspection/b90d0ee9-b15a-47d2-88d2-dd7524fcba42_1000.jpg!m_fill,w_280,h_210,f_jpg?from=ke.com
20241030,丰台,新宫,101123007525,翠海明苑 4室2厅 南 北,930万,68333元/平,底层 (共6层) 4室2厅 | 136.1平米 | 南 北,https://ke-image.ljcdn.com/110000-inspection/pc1_HpHl1TBDu.jpg!m_fill,w_280,h_210,f_jpg?from=ke.com
20241030,丰台,新宫,101122988405,2017年商品房小区万科物业 绿化高 前后没有遮挡,550万,48652元/平,低楼层 (共13层) 3室2厅 | 113.05平米 | 东 南 北,https://ke-image.ljcdn.com/110000-inspection/pc1_Z9FN1vhaE_1.jpg!m_fill,w_280,h_210,f_jpg?from=ke.com
20241030,丰台,新宫,101122965681,中粮天恒天悦壹号 3室1厅 南 北,860万,80367元/平,顶层 (共4层) 3室1厅 | 107.01平米 | 南 北,https://ke-image.ljcdn.com/110000-inspection/795e4fa3-6f1e-4cca-94e8-3b26c6be87df_1000.jpg!m_fill,w_280,h_210,f_jpg?from=ke.com
20241030,丰台,新宫,101122851671,4号线 新宫 金府大院 全屋地暖 管家物业 园林社区房主自荐,930万,79740元/平,中楼层 (共14层) 3室1厅 | 116.63平米 | 南 西 北,https://ke-image.ljcdn.com/110000-inspection/ec4f1c4b-ca14-4a89-9e3a-f73d201457c7_1000.jpg!m_fill,w_280,h_210,f_jpg?from=ke.com
20241030,丰台,新宫,101122742522,中粮天恒天悦壹号 下跃产品 双地铁 双商超房主自荐,1430万,99701元/平,底层 (共14层) 3室1厅 | 143.43平米 | 南 北,https://ke-image.ljcdn.com/110000-inspection/ca019f14-98d7-4a17-acba-fb79c153bc64_1000.jpg!m_fill,w_280,h_210,f_jpg?from=ke.com
20241030,丰台,新宫,101122720939,诚苑南里 精装修 三南卧三居室随时可看诚心出售,458万,39267元/平,中楼层 (共9层) | 2009年 | 3室1厅 | 116.64平米 | 东 南 北,https://ke-image.ljcdn.com/110000-inspection/pc1_v7eeFEq2I_2.jpg!m_fill,w_280,h_210,f_jpg?from=ke.com
20241030,丰台,新宫,101122705821,公园懿府南北通透三居室一梯两户高楼层 产权清晰,619万,53280元/平,顶层 (共15层) | 2017年 | 3室1厅 | 116.18平米 | 南 北,https://ke-image.ljcdn.com/110000-inspection/pc1_24CtzGXi2_1.jpg!m_fill,w_280,h_210,f_jpg?from=ke.com
20241030,丰台,新宫,101122639590,南四环泰禾金府大院别墅中式园林,3450万,71959元/平,底层 (共4层) 4室2厅 | 479.44平米 | 东 南 北,https://ke-image.ljcdn.com/110000-inspection/cb5d154f-6de9-4ce0-a4a7-0259cb01ab47_1000.jpg!m_fill,w_280,h_210,f_jpg?from=ke.com
20241030,丰台,新宫,101122580451,南四环 新宫 公园懿府 两梯两户精装修三居室,860万,64232元/平,中楼层 (共15层) | 2017年 | 3室2厅 | 133.89平米 | 南 北,https://ke-image.ljcdn.com/110000-inspection/pc1_uxAA2k8rp_1.jpg!m_fill,w_280,h_210,f_jpg?from=ke.com
20241030,丰台,新宫,101122578295,诚苑南里中间楼层南北通透三居室,410万,36442元/平,中楼层 (共7层) | 2002年 | 3室1厅 | 112.51平米 | 南 北,https://ke-image.ljcdn.com/110000-inspection/e485ae03-d766-4a09-95df-b09261a19ed8_1000.jpg!m_fill,w_280,h_210,f_jpg?from=ke.com
20241030,丰台,新宫,101122552718,新宫 南庭新苑 南北三居室 高层 采光好 诚售房主自荐,359万,43690元/平,高楼层 (共15层) | 2009年 | 3室1厅 | 82.17平米 | 南 西 北,https://ke-image.ljcdn.com/110000-inspection/pc1_gqi07QjNN_1.jpg!m_fill,w_280,h_210,f_jpg?from=ke.com
20241030,丰台,新宫,101122509987,悦谷家园东区 高楼层 视野好 全南向开间双地铁双商超,239万,49107元/平,顶层 (共15层) | 2019年 | 1室0厅 | 48.67平米 | 南,https://ke-image.ljcdn.com/110000-inspection/77e70127-6200-438e-91aa-c1b4fd0ab582_1000.jpg!m_fill,w_280,h_210,f_jpg?from=ke.com
20241030,丰台,新宫,101122507516,公园懿府南北两居高楼层精装修视野好,570万,63602元/平,高楼层 (共15层) 2室1厅 | 89.62平米 | 南 北,https://ke-image.ljcdn.com/110000-inspection/pc1_qsMvj55Fm_2.jpg!m_fill,w_280,h_210,f_jpg?from=ke.com
20241030,丰台,新宫,101122452143,新宫 翠海明苑 4号线19号线换乘 南北通透,245万,40964元/平,底层 (共5层) | 2006年 | 1室1厅 | 59.81平米 | 南 北,https://ke-image.ljcdn.com/110000-inspection/aa5ed3ba-e24a-45a0-9c8c-6dd6edb7b08d_1000.jpg!m_fill,w_280,h_210,f_jpg?from=ke.com
20241030,丰台,新宫,101122448948,四环边新宫地铁4+19号线泰禾金府大院中叠,1750万,58678元/平,中楼层 (共6层) 4室1厅 | 298.24平米 | 南 北,https://ke-image.ljcdn.com/110000-inspection/b20832a4-c428-40f2-a53e-53ba42b9443e_1000.jpg!m_fill,w_280,h_210,f_jpg?from=ke.com
20241030,丰台,新宫,101122223390,新宫 合顺家园 南向一居室 带电梯 近地铁,310万,46173元/平,低楼层 (共14层) | 2018年 | 1室1厅 | 67.14平米 | 南,https://ke-image.ljcdn.com/110000-inspection/pc1_mXUnpn86T_1.jpg!m_fill,w_280,h_210,f_jpg?from=ke.com
20241030,丰台,新宫,101122213489,新宫 诚苑南里 东向一居室 视野开阔,205万,36048元/平,中楼层 (共9层) | 2000年 | 1室1厅 | 56.87平米 | 东,https://ke-image.ljcdn.com/110000-inspection/pc1_SnfAW9yf2_2.jpg!m_fill,w_280,h_210,f_jpg?from=ke.com
20241030,丰台,新宫,101122191207,泰禾金府大院 4室4厅 南 北,2950万,71348元/平,底层 (共6层) 4室4厅 | 413.47平米 | 南 北,https://ke-image.ljcdn.com/110000-inspection/pc1_aZFOBVILh.jpg!m_fill,w_280,h_210,f_jpg?from=ke.com
20241030,丰台,新宫,101122153298,京粮悦谷首城南区 2室1厅 南 北,495万,54781元/平,低楼层 (共17层) | 2019年 | 2室1厅 | 90.36平米 | 南 北,https://ke-image.ljcdn.com/110000-inspection/ac4ac9e7-fac5-44ea-a7f2-5f94b1ceb208_1000.jpg!m_fill,w_280,h_210,f_jpg?from=ke.com
20241030,丰台,新宫,101122135537,南庭新苑北区 1室1厅 西,198万,39015元/平,高楼层 (共15层) | 2012年 | 1室1厅 | 50.75平米 | 西,https://ke-image.ljcdn.com/110000-inspection/f7d5d3ca-d191-4143-b777-2149ca5577b4_1000.jpg!m_fill,w_280,h_210,f_jpg?from=ke.com
20241030,丰台,新宫,101122034912,南四环新宫  合顺家园 两居室 户型好 位置佳房主自荐,409万,48449元/平,低楼层 (共16层) | 2018年 | 2室1厅 | 84.42平米 | 东 南,https://ke-image.ljcdn.com/110000-inspection/085fdbd0-1ca8-46d2-ac4f-acdaa74ef252_1000.jpg!m_fill,w_280,h_210,f_jpg?from=ke.com
20241030,丰台,新宫,101122034810,南庭新苑北区 朝南向两居 临近地铁4+19号线,325万,54005元/平,高楼层 (共16层) | 2012年 | 2室1厅 | 60.18平米 | 南,https://ke-image.ljcdn.com/110000-inspection/c78c9c09-fd1a-44ea-976f-fbeaa736f707_1000.jpg!m_fill,w_280,h_210,f_jpg?from=ke.com
20241030,丰台,新宫,101122029007,带电梯2019年建成朝南向一居室户型方正居住安静,420万,59898元/平,中楼层 (共17层) | 2019年 | 1室1厅 | 70.12平米 | 南,https://ke-image.ljcdn.com/110000-inspection/79936d8f-443a-45f8-b985-89a6a9961f98_1000.jpg!m_fill,w_280,h_210,f_jpg?from=ke.com
20241030,丰台,新宫,101122027304,南四环新宫 合顺家园 三居室 环境好 交通便利,470万,52130元/平,高楼层 (共16层) | 2018年 | 3室1厅 | 90.16平米 | 东 西,https://ke-image.ljcdn.com/110000-inspection/pc1_maAG9qnE0_1.jpg!m_fill,w_280,h_210,f_jpg?from=ke.com
20241030,丰台,新宫,101122006628,新宫 诚苑南里 复式 三居室 南北通透,510万,38555元/平,高楼层 (共7层) | 2002年 | 3室2厅 | 132.28平米 | 南 北,https://ke-image.ljcdn.com/110000-inspection/5b610bce-ae9f-4268-9e1e-95c3e769381c_1000.jpg!m_fill,w_280,h_210,f_jpg?from=ke.com
20241030,丰台,新宫,101122002423,南庭新苑北区 1室1厅 东,245万,47843元/平,中楼层 (共15层) | 2012年 | 1室1厅 | 51.21平米 | 东,https://ke-image.ljcdn.com/110000-inspection/b71f7bad-da04-47b8-a33f-bcd6dbc189c6_1000.jpg!m_fill,w_280,h_210,f_jpg?from=ke.com
20241030,丰台,新宫,101121998177,南四环外 中间楼层 南北通透三居室,428万,39870元/平,中楼层 (共7层) | 2002年 | 3室1厅 | 107.35平米 | 南 北,https://ke-image.ljcdn.com/110000-inspection/pc1_hVqihApm5_1.jpg!m_fill,w_280,h_210,f_jpg?from=ke.com
20241030,丰台,新宫,101121982124,泰禾金府大院 3室2厅 南 北,1150万,75056元/平,低楼层 (共14层) 3室2厅 | 153.22平米 | 南 北,https://ke-image.ljcdn.com/110000-inspection/5e5ad935-8bba-41b8-a669-1ef670a4b4e5_1000.jpg!m_fill,w_280,h_210,f_jpg?from=ke.com
20241030,丰台,新宫,101121947437,悦谷家园东区 1室0厅 东,300万,55006元/平,低楼层 (共16层) | 2019年 | 1室0厅 | 54.54平米 | 东,https://ke-image.ljcdn.com/110000-inspection/6173ca64-e3af-4a41-b079-e6b00696ea7c_1000.jpg!m_fill,w_280,h_210,f_jpg?from=ke.com
20241030,丰台,新宫,101121927309,诚苑南里 2室1厅 南 北,360万,43296元/平,高楼层 (共9层) | 2009年 | 2室1厅 | 83.15平米 | 南 北,https://ke-image.ljcdn.com/110000-inspection/70be9c5a-a33b-42a7-ac67-58745c9e8eae_1000.jpg!m_fill,w_280,h_210,f_jpg?from=ke.com
20241030,丰台,新宫,101121840674,新宫 地铁4+19号线 双地铁 南向两居室,242万,40374元/平,低楼层 (共15层) 2室1厅 | 59.94平米 | 东 南,https://ke-image.ljcdn.com/110000-inspection/e9a59d29-756f-43c1-a276-748fd2d1daba_1000.jpg!m_fill,w_280,h_210,f_jpg?from=ke.com
20241030,丰台,新宫,101121820970,南庭新苑北区 满五唯一朝南向 采光好 地铁4+19号线,338万,57308元/平,低楼层 (共16层) | 2010年 | 2室1厅 | 58.98平米 | 南,https://ke-image.ljcdn.com/110000-inspection/d8527cab-58a2-4106-a056-95d17ed7b635_1000.jpg!m_fill,w_280,h_210,f_jpg?from=ke.com
20241030,丰台,新宫,101121587366,高层视野开阔采光充足毛坯一手房近地铁近万达,1160万,84864元/平,高楼层 (共14层) 4室2厅 | 136.69平米 | 南 北,https://ke-image.ljcdn.com/110000-inspection/pc1_gMYSC0buY.jpg!m_fill,w_280,h_210,f_jpg?from=ke.com
20241030,丰台,新宫,101121562558,泰禾金府大院双轨运行中式园林风格,1295万,88036元/平,低楼层 (共14层) 4室2厅 | 147.1平米 | 南 北,https://ke-image.ljcdn.com/110000-inspection/b4caa78b-ed46-4ae2-82cf-674f06781e86_1000.jpg!m_fill,w_280,h_210,f_jpg?from=ke.com
20241030,丰台,新宫,101121554539,南四环新宫商圈 近地铁 南庭南区 东北向三居室,416万,51716元/平,低楼层 (共16层) | 2010年 | 3室1厅 | 80.44平米 | 东北,https://ke-image.ljcdn.com/110000-inspection/e2484199-4c16-4024-bd49-c9e2fe59c853_1000.jpg!m_fill,w_280,h_210,f_jpg?from=ke.com
20241030,丰台,新宫,101121374908,新宫地铁4+19号线满五唯一跃层大面宽采光视野好,690万,38728元/平,高楼层 (共7层) 4室2厅 | 178.17平米 | 南 北,https://ke-image.ljcdn.com/110000-inspection/77a7e66d-f21c-498e-8dce-8d22ec84c186_1000.jpg!m_fill,w_280,h_210,f_jpg?from=ke.com
20241030,丰台,新宫,101121217954,南庭新苑北区 1室1厅 东,215万,42124元/平,低楼层 (共15层) | 2012年 | 1室1厅 | 51.04平米 | 东,https://ke-image.ljcdn.com/110000-inspection/7abac815-d392-4921-b803-1206145de60f_1000.jpg!m_fill,w_280,h_210,f_jpg?from=ke.com
20241030,丰台,新宫,101121173901,2012年建成电梯房楼层好满五唯一近地铁。,302万,52395元/平,中楼层 (共15层) | 2012年 | 1室1厅 | 57.64平米 | 南,https://ke-image.ljcdn.com/110000-inspection/2ab364e9-8d8b-4ae5-95e8-33ba37b6334a_1000.jpg!m_fill,w_280,h_210,f_jpg?from=ke.com
20241030,丰台,新宫,101121131223,南庭新苑北区 2室1厅 南 北,380万,55475元/平,高楼层 (共16层) | 2012年 | 2室1厅 | 68.5平米 | 南 北,https://ke-image.ljcdn.com/110000-inspection/55c299c5-8efa-4b56-9c2a-7ededd112dcb_1000.jpg!m_fill,w_280,h_210,f_jpg?from=ke.com
20241030,丰台,新宫,101121030226,天悦壹号壹品墅 中叠产品 精致装修 诚心出售 拎包入住,2230万,88619元/平,中楼层 (共6层) 4室3厅 | 251.64平米 | 南 北,https://ke-image.ljcdn.com/110000-inspection/b1a4b0c9-dd6c-47e2-b0e4-816fa77553b5_1000.jpg!m_fill,w_280,h_210,f_jpg?from=ke.com
20241030,丰台,新宫,101120994033,公园懿府子母车位业主诚心卖 产权清晰可以正常交易,46万,6572元/平,地下室 (共15层) | 2017年 | 1室0厅 | 70平米 | 南,https://ke-image.ljcdn.com/110000-inspection/d53394b6-fff2-49e9-b091-bc11fda84030_1000.jpg!m_fill,w_280,h_210,f_jpg?from=ke.com
20241030,丰台,新宫,101120715014,新宫4+19号线双地铁 中间位置 不临街 对花园 两居房主自荐,358万,60864元/平,低楼层 (共16层) | 2010年 | 2室1厅 | 58.82平米 | 南,https://ke-image.ljcdn.com/110000-inspection/pc1_m4imzhYS4.jpg!m_fill,w_280,h_210,f_jpg?from=ke.com
20241030,丰台,新宫,101119666432,诚苑南里 2室1厅 南 北,305万,37442元/平,中楼层 (共9层) | 2000年 | 2室1厅 | 81.46平米 | 南 北,https://ke-image.ljcdn.com/110000-inspection/25cca97a-eb66-42de-b1ae-cb5b1bdc1fdb_1000.jpg!m_fill,w_280,h_210,f_jpg?from=ke.com
20241030,丰台,新宫,101119299310,南四环新宫商圈全南向正规两居室,265万,44643元/平,低楼层 (共16层) | 2013年 | 2室1厅 | 59.36平米 | 南,https://ke-image.ljcdn.com/110000-inspection/fb0fb536-55f4-4942-ad47-c496a01f1cbb_1000.jpg!m_fill,w_280,h_210,f_jpg?from=ke.com
20241030,丰台,新宫,101119157441,4号线19号线 金府大院 管家式物业 人车分流 园林景观,2250万,74921元/平,中楼层 (共6层) 4室1厅 | 300.32平米 | 南 北,https://ke-image.ljcdn.com/110000-inspection/37f057b0-8c63-47cb-a658-7c068fc44e0b_1000.jpg!m_fill,w_280,h_210,f_jpg?from=ke.com
20241030,丰台,新宫,101118899515,泰禾金府大院 优质下叠 边户 中间位置 户型好,2900万,65923元/平,底层 (共6层) 4室2厅 | 439.91平米 | 南 北,https://ke-image.ljcdn.com/110000-inspection/8164806e-d0c5-4aef-b7c3-5a05bd8bbdab_1000.jpg!m_fill,w_280,h_210,f_jpg?from=ke.com
20241030,丰台,新宫,101118784896,阳光星苑北区南北两居精装修看房方便,375万,49492元/平,低楼层 (共14层) 2室1厅 | 75.77平米 | 南 北,https://ke-image.ljcdn.com/110000-inspection/pc1_6o6HZYN2E_2.jpg!m_fill,w_280,h_210,f_jpg?from=ke.com
20241030,丰台,新宫,101118655588,新宫 翠海明苑  南北3居室 房本满两年,570万,48869元/平,顶层 (共6层) | 2006年 | 3室2厅 | 116.64平米 | 南 北,https://ke-image.ljcdn.com/110000-inspection/d6fcb45f-2ff3-4295-b56e-813717b9aeb6_1000.jpg!m_fill,w_280,h_210,f_jpg?from=ke.com
20241030,丰台,新宫,101118332086,南四环 次新房小区 公园懿府 南北通透大三居房主自荐,850万,63500元/平,中楼层 (共15层) | 2017年 | 3室2厅 | 133.86平米 | 南 北,https://ke-image.ljcdn.com/110000-inspection/c148568a-c6fb-43f0-a4a2-c470c01a3809_1000.jpg!m_fill,w_280,h_210,f_jpg?from=ke.com
20241030,丰台,新宫,101118243738,泰禾金府大院 4室3厅 南 北,1950万,65286元/平,中楼层 (共6层) 4室3厅 | 298.69平米 | 南 北,https://ke-image.ljcdn.com/110000-inspection/pc1_DVRMBelNe.jpg!m_fill,w_280,h_210,f_jpg?from=ke.com
20241030,丰台,新宫,101118094449,中粮天恒天悦壹号南北通透四居室洋房楼栋,1200万,96526元/平,高楼层 (共6层) | 2019年 | 4室1厅 | 124.32平米 | 南 北,https://ke-image.ljcdn.com/110000-inspection/3c76099e-b107-439b-b1c3-7a05742b8759_1000.jpg!m_fill,w_280,h_210,f_jpg?from=ke.com
20241030,丰台,新宫,101118082470,泰禾金府大院 优质下叠 诚心出售  新宫4+19号线,2650万,64565元/平,底层 (共6层) 4室2厅 | 410.44平米 | 南 北,https://ke-image.ljcdn.com/110000-inspection/pc1_wN6cL6Sya.jpg!m_fill,w_280,h_210,f_jpg?from=ke.com
20241030,丰台,新宫,101118079491,公园懿府精装修三居无遮挡高楼层正对小区花园,845万,63240元/平,中楼层 (共15层) 3室2厅 | 133.62平米 | 东 南 北,https://ke-image.ljcdn.com/110000-inspection/bd3a0d52-41ec-4166-8fce-5edf367a27f3_1000.jpg!m_fill,w_280,h_210,f_jpg?from=ke.com
20241030,丰台,新宫,101117939730,公益西桥南 新宫 翠海明苑 南北通透,466万,51675元/平,顶层 (共6层) | 2005年 | 2室1厅 | 90.18平米 | 南 北,https://ke-image.ljcdn.com/110000-inspection/pc1_QGOjt2C5C_2.jpg!m_fill,w_280,h_210,f_jpg?from=ke.com
20241030,丰台,新宫,101116168203,公园懿府小区车位 临近17-18-19号楼 -1层电梯直达,23万,6673元/平,地下室 (共3层) | 2018年 | 1室0厅 | 34.47平米 | 南,https://ke-image.ljcdn.com/110000-inspection/1f77c16a-41e2-4b6a-a391-d22b8065d47b_1000.jpg!m_fill,w_280,h_210,f_jpg?from=ke.com
20241030,丰台,新宫,101111267724,公园懿府地下子母车位带储物间随时可看,70万,10983元/平,地下室 (共15层) | 2018年 | 1室0厅 | 63.74平米 | 东 南 西 北,https://ke-image.ljcdn.com/110000-inspection/4dd95ebc-6aae-4719-8138-e607081d9638_1000.jpg!m_fill,w_280,h_210,f_jpg?from=ke.com
20241030,丰台,新宫,101111237687,丰台区 新宫 公园懿府小区 2018年天恒金融街公园懿府,23万,6644元/平,地下室 (共15层) | 2018年 | 1室0厅 | 34.62平米 | 东 南 西 北,https://ke-image.ljcdn.com/110000-inspection/0077ae09-5558-4b85-ad4b-2749a906490a_1000.jpg!m_fill,w_280,h_210,f_jpg?from=ke.com
20241030,丰台,新宫,101111006257,公园懿府地下车位 位置好 交通便利,26万,7543元/平,地下室 (共15层) | 2018年 | 1室0厅 | 34.47平米 | 东 南 西 北,https://ke-image.ljcdn.com/110000-inspection/cc45d5be-23a9-431c-8857-6e9a8ba6803e_1000.jpg!m_fill,w_280,h_210,f_jpg?from=ke.com
20241030,丰台,新宫,101111006221,公园懿府地下车位 位置好 生活便利,31万,8955元/平,地下室 (共15层) | 2018年 | 1室0厅 | 34.62平米 | 东 南 西 北,https://ke-image.ljcdn.com/110000-inspection/26c6208a-0ed0-443b-8feb-783a0ff7ca27_1000.jpg!m_fill,w_280,h_210,f_jpg?from=ke.com
20241030,丰台,新宫,101127332055,南庭新苑南区 1室1厅 西新上,138万,27767元/平,中楼层 (共15层) | 2012年 | 1室1厅 | 49.7平米 | 西,https://s1.ljcdn.com/pegasus/redskull/images/common/default_house_list.png?_v=202410161653269
20241030,丰台,新宫,101127327187,2015年左右的小区 小区环境好 房子是满二的商品新上,298万,40151元/平,中楼层 (共16层) 2室1厅 | 74.22平米 | 南,https://s1.ljcdn.com/pegasus/redskull/images/common/default_house_list.png?_v=202410161653269
20241030,丰台,新宫,101127300868,泰禾金府大院 4室2厅 南 西 北新上,1450万,82542元/平,中楼层 (共14层) | 2021年 | 4室2厅 | 175.67平米 | 南 西 北,https://s1.ljcdn.com/pegasus/redskull/images/common/default_house_list.png?_v=202410161653269
20241030,丰台,新宫,101127237107,南庭新苑南区 南四环 4+19号线 电梯房 南向新上,230万,38918元/平,低楼层 (共15层) | 2009年 | 2室1厅 | 59.1平米 | 南,https://s1.ljcdn.com/pegasus/redskull/images/common/default_house_list.png?_v=202410161653269
20241030,丰台,新宫,101127078135,阳光星苑南区 2室1厅 南,255万,34358元/平,高楼层 (共16层) | 2015年 | 2室1厅 | 74.22平米 | 南,https://s1.ljcdn.com/pegasus/redskull/images/common/default_house_list.png?_v=202410161653269
20241030,丰台,新宫,101126982012,阳光星苑南区  三居室 南北朝向 采光好,360万,42453元/平,中楼层 (共13层) 3室1厅 | 84.8平米 | 南 北,https://s1.ljcdn.com/pegasus/redskull/images/common/default_house_list.png?_v=202410161653269
20241030,丰台,新宫,101126978751,南庭新苑南区 2室1厅 南,240万,40432元/平,低楼层 (共16层) | 2013年 | 2室1厅 | 59.36平米 | 南,https://s1.ljcdn.com/pegasus/redskull/images/common/default_house_list.png?_v=202410161653269
20241030,丰台,新宫,101126931130,南四环4+19号线双地铁全南向精装修两居 诚意出售房主自荐,300万,50565元/平,高楼层 (共16层) | 2019年 | 2室1厅 | 59.33平米 | 南,https://s1.ljcdn.com/pegasus/redskull/images/common/default_house_list.png?_v=202410161653269
20241030,丰台,新宫,101126930538,中粮天恒天悦壹号国企央企高品质商品房社区,1450万,83128元/平,低楼层 (共14层) 4室2厅 | 174.43平米 | 南 北,https://s1.ljcdn.com/pegasus/redskull/images/common/default_house_list.png?_v=202410161653269
20241030,丰台,新宫,101126839220,南庭新苑北区 2室1厅 南,245万,41938元/平,低楼层 (共16层) | 2012年 | 2室1厅 | 58.42平米 | 南,https://s1.ljcdn.com/pegasus/redskull/images/common/default_house_list.png?_v=202410161653269
20241030,丰台,新宫,101126774341,京粮悦谷首城南区 3室1厅 南 北,580万,58848元/平,中楼层 (共16层) 3室1厅 | 98.56平米 | 南 北,https://s1.ljcdn.com/pegasus/redskull/images/common/default_house_list.png?_v=202410161653269
20241030,丰台,新宫,101126766522,合顺家园中高楼层南北三居采光好,478万,54300元/平,高楼层 (共14层) | 2016年 | 3室2厅 | 88.03平米 | 南 北,https://s1.ljcdn.com/pegasus/redskull/images/common/default_house_list.png?_v=202410161653269
20241030,丰台,新宫,101126444712,合顺家园 1室1厅 南,330万,48530元/平,高楼层 (共16层) | 2018年 | 1室1厅 | 68平米 | 南,https://s1.ljcdn.com/pegasus/redskull/images/common/default_house_list.png?_v=202410161653269
20241030,丰台,新宫,101126153221,中粮天恒天悦壹号 4室2厅 南 北,2080万,80527元/平,中楼层 (共6层) | 2020年 | 4室2厅 | 258.3平米 | 南 北,https://s1.ljcdn.com/pegasus/redskull/images/common/default_house_list.png?_v=202410161653269
20241030,丰台,新宫,101126128252,公园懿府 2室1厅 南 北,350万,48410元/平,底层 (共16层) | 2017年 | 2室1厅 | 72.3平米 | 南 北,https://s1.ljcdn.com/pegasus/redskull/images/common/default_house_list.png?_v=202410161653269
20241030,丰台,新宫,101126041505,诚苑南里 东南北两居室 满五年唯一 好户型,232万,34540元/平,高楼层 (共7层) | 2001年 | 2室1厅 | 67.17平米 | 东 南 北,https://s1.ljcdn.com/pegasus/redskull/images/common/default_house_list.png?_v=202410161653269
20241030,丰台,新宫,101125912089,阳光星苑北区   4+19号地铁  东西向带电梯,255万,35997元/平,顶层 (共16层) 3室1厅 | 70.84平米 | 东 西,https://s1.ljcdn.com/pegasus/redskull/images/common/default_house_list.png?_v=202410161653269
20241030,丰台,新宫,101125766583,新宫4号线19号线阳光星苑北区东西朝向两居室带电梯,268万,37832元/平,低楼层 (共16层) 2室1厅 | 70.84平米 | 东 西,https://s1.ljcdn.com/pegasus/redskull/images/common/default_house_list.png?_v=202410161653269
20241030,丰台,新宫,101125710641,新宫4+19号线 电梯房 户型方正 采光充足,190万,38346元/平,中楼层 (共15层) | 2012年 | 1室1厅 | 49.55平米 | 西,https://s1.ljcdn.com/pegasus/redskull/images/common/default_house_list.png?_v=202410161653269
20241030,丰台,新宫,101125286749,公园懿府 3室2厅 南 北,620万,53541元/平,中楼层 (共15层) 3室2厅 | 115.8平米 | 南 北,https://s1.ljcdn.com/pegasus/redskull/images/common/default_house_list.png?_v=202410161653269
20241030,丰台,新宫,101124989024,近地铁4+19号线精装修  诚心出售价格可谈,310万,50929元/平,中楼层 (共16层) | 2019年 | 2室1厅 | 60.87平米 | 东南,https://s1.ljcdn.com/pegasus/redskull/images/common/default_house_list.png?_v=202410161653269
20241030,丰台,新宫,101124271237,泰禾金府大院 4室2厅 南 北,2900万,70066元/平,中楼层 (共4层) 4室2厅 | 413.9平米 | 南 北,https://s1.ljcdn.com/pegasus/redskull/images/common/default_house_list.png?_v=202410161653269
20241030,丰台,新宫,101124090159,南庭新苑北区中高楼层采光好。,165万,33341元/平,高楼层 (共15层) | 2012年 | 1室1厅 | 49.49平米 | 西,https://s1.ljcdn.com/pegasus/redskull/images/common/default_house_list.png?_v=202410161653269
20241030,丰台,新宫,101124090102,南庭新苑北区 1室1厅 西,165万,32823元/平,高楼层 (共15层) | 2012年 | 1室1厅 | 50.27平米 | 西,https://s1.ljcdn.com/pegasus/redskull/images/common/default_house_list.png?_v=202410161653269
20241030,丰台,新宫,101123339944,泰禾金府大院  地下一层车位出售  位置好,42万,25579元/平,地下室 1室0厅 | 16.42平米 | 西 东,https://ke-image.ljcdn.com/110000-inspection/3ca8f2a41ad1655b740912cdcf4be195-058.jpg!m_fill,w_280,h_210,f_jpg?from=ke.com
20241030,丰台,新宫,101122978636,泰禾金府大院 车位,43万,26413元/平,地下室 | 2021年 | 1室0厅 | 16.28平米 | 东,https://ke-image.ljcdn.com/110000-inspection/be59a68a4eb37236069ade8899ea84d2-085.jpg!m_fill,w_280,h_210,f_jpg?from=ke.com
20241030,丰台,新宫,101122892490,翠海明苑 3室2厅 南 北,650万,54983元/平,中楼层 (共6层) 3室2厅 | 118.22平米 | 南 北,https://s1.ljcdn.com/pegasus/redskull/images/common/default_house_list.png?_v=202410161653269
20241030,丰台,新宫,101122859285,翠海明苑 1室1厅 南,230万,41145元/平,高楼层 (共6层) | 2006年 | 1室1厅 | 55.9平米 | 南,https://s1.ljcdn.com/pegasus/redskull/images/common/default_house_list.png?_v=202410161653269
20241030,丰台,新宫,101121983870,南庭新苑南区 2室1厅 东南,239万,39874元/平,低楼层 (共15层) | 2009年 | 2室1厅 | 59.94平米 | 东南,https://s1.ljcdn.com/pegasus/redskull/images/common/default_house_list.png?_v=202410161653269
20241030,丰台,新宫,101121402642,京粮悦谷首城南区 3室1厅 南 北,550万,57346元/平,顶层 (共17层) | 2019年 | 3室1厅 | 95.91平米 | 南 北,https://s1.ljcdn.com/pegasus/redskull/images/common/default_house_list.png?_v=202410161653269
