20241030,通州,北关,101127218144,通州北关商务区电梯次新房精装修拎包入住高楼层视野必看好房,275万,33289元/平,高楼层 (共21层) | 2017年 | 2室1厅 | 82.61平米 | 南 北,https://ke-image.ljcdn.com/110000-inspection/e4fe3b14-ed9d-4286-84ce-c3cb45b77aed_1000.jpg!m_fill,w_280,h_210,f_jpg?from=ke.com
20241030,通州,北关,101127178876,北关地铁  富河园 南北通透 价格能 诚心出售必看好房,318万,36030元/平,中楼层 (共7层) 2室1厅 | 88.26平米 | 南 北,https://ke-image.ljcdn.com/110000-inspection/3b9b394b-96ef-4dc3-9bb0-4ebbc4b7bc1c_1000.jpg!m_fill,w_280,h_210,f_jpg?from=ke.com
20241030,通州,北关,101127144820,东阁雅舍 2室1厅 南 西北必看好房,268万,28710元/平,中楼层 (共25层) | 2010年 | 2室1厅 | 93.35平米 | 南 西北,https://ke-image.ljcdn.com/110000-inspection/827bdfdb-2d83-4916-890b-b89becf4aa96_1000.jpg!m_fill,w_280,h_210,f_jpg?from=ke.com
20241030,通州,北关,101127080579,房地远洋悦山水 3室2厅 南 北必看好房,370万,35028元/平,高楼层 (共21层) | 2017年 | 3室2厅 | 105.63平米 | 南 北,https://ke-image.ljcdn.com/110000-inspection/pc1_VhdBqAi6k_1.jpg!m_fill,w_280,h_210,f_jpg?from=ke.com
20241030,通州,北关,101126983661,通州商务区 六号线 房地远洋悦山水精装一居室必看好房,149万,27867元/平,中楼层 (共22层) | 2017年 | 1室1厅 | 53.47平米 | 南 北,https://ke-image.ljcdn.com/110000-inspection/c0084f4f-e070-4b55-bc23-af7038f5bf7f_1000.jpg!m_fill,w_280,h_210,f_jpg?from=ke.com
20241030,通州,北关,101127100356,天赐良园东三期A区 3室1厅 南 北,420万,34053元/平,中楼层 (共6层) 3室1厅 | 123.34平米 | 南 北,https://ke-image.ljcdn.com/110000-inspection/pc1_fVmYCCrql_2.jpg!m_fill,w_280,h_210,f_jpg?from=ke.com
20241030,通州,北关,101127076892,财富东方 正规两居室 电梯房 高楼层必看好房,290万,31177元/平,高楼层 (共26层) | 2007年 | 2室1厅 | 93.02平米 | 西北,https://ke-image.ljcdn.com/110000-inspection/a682a6ea-2d6c-4697-9171-67f899020244_1000.jpg!m_fill,w_280,h_210,f_jpg?from=ke.com
20241030,通州,北关,101127025150,房地远洋悦山水 2室2厅 南,268万,32474元/平,中楼层 (共21层) | 2017年 | 2室2厅 | 82.53平米 | 南,https://ke-image.ljcdn.com/110000-inspection/956c5863-fba3-4048-9c1f-eb1134b734e3_1000.jpg!m_fill,w_280,h_210,f_jpg?from=ke.com
20241030,通州,北关,101127003487,翠福园底层两居  满五唯一业主诚心出售,278万,31999元/平,底层 (共6层) 2室1厅 | 86.88平米 | 南,https://ke-image.ljcdn.com/110000-inspection/011e7d62-878c-4e06-953a-1c8c13d35ea8_1000.jpg!m_fill,w_280,h_210,f_jpg?from=ke.com
20241030,通州,北关,101126996773,北关地铁 双卧朝南 客厅朝南 南北通透 卫生间有窗,350万,34531元/平,中楼层 (共6层) | 1995年 | 3室1厅 | 101.36平米 | 南 北,https://ke-image.ljcdn.com/110000-inspection/a18fb0ca-f409-4c02-aff3-a508872737dd_1000.jpg!m_fill,w_280,h_210,f_jpg?from=ke.com
20241030,通州,北关,101126989272,金地格林格林+通州北关+运河商务区必看好房,279万,34091元/平,高楼层 (共18层) 2室1厅 | 81.84平米 | 南 北,https://ke-image.ljcdn.com/110000-inspection/3c964914-9f29-4e82-a599-d91ecde495e6_1000.jpg!m_fill,w_280,h_210,f_jpg?from=ke.com
20241030,通州,北关,101126977333,翠福园2010年楼龄M101地铁建设中必看好房,188万,26491元/平,高楼层 (共6层) | 2010年 | 2室1厅 | 70.97平米 | 南 北,https://ke-image.ljcdn.com/110000-inspection/46843ee0-0e9c-45f5-a69f-30b09f13efc3_1000.jpg!m_fill,w_280,h_210,f_jpg?from=ke.com
20241030,通州,北关,101126956154,房地远洋悦山水 3室1厅 南 北必看好房,278万,30695元/平,顶层 (共17层) 3室1厅 | 90.57平米 | 南 北,https://ke-image.ljcdn.com/110000-inspection/f16064f6-e668-4e8f-bc82-8c69869b8aec_1000.jpg!m_fill,w_280,h_210,f_jpg?from=ke.com
20241030,通州,北关,101126943127,房地远洋悦山水 1室1厅 南必看好房,169万,30902元/平,低楼层 (共22层) | 2017年 | 1室1厅 | 54.69平米 | 南,https://ke-image.ljcdn.com/110000-inspection/c6dc8100-d171-43a0-9dce-44e58e7a2c59_1000.jpg!m_fill,w_280,h_210,f_jpg?from=ke.com
20241030,通州,北关,101126920382,永顺西里 1室1厅 南 北必看好房,159万,25159元/平,中楼层 (共6层) 1室1厅 | 63.2平米 | 南 北,https://ke-image.ljcdn.com/110000-inspection/dcd085a5-907f-45fa-97b5-0ae168cb11f0_1000.jpg!m_fill,w_280,h_210,f_jpg?from=ke.com
20241030,通州,北关,101126792378,三居双卫 南北通透 北关运河商务必看好房,368万,35008元/平,低楼层 (共21层) | 2017年 | 3室2厅 | 105.12平米 | 南 北,https://ke-image.ljcdn.com/110000-inspection/efd3c66f-092d-4c8d-a4d5-efcb0d4d11bc_1000.jpg!m_fill,w_280,h_210,f_jpg?from=ke.com
20241030,通州,北关,101126577922,富河园富河园小区少见三居两卫一层采光很好必看好房,390万,31855元/平,底层 (共7层) | 1998年 | 3室2厅 | 122.43平米 | 南 北,https://ke-image.ljcdn.com/110000-inspection/pc1_sk5ELIJ51_1.jpg!m_fill,w_280,h_210,f_jpg?from=ke.com
20241030,通州,北关,101126565700,地铁六号线+2014年新小区+精装南北向一居必看好房,195万,35500元/平,高楼层 (共16层) 1室1厅 | 54.93平米 | 南 北,https://ke-image.ljcdn.com/110000-inspection/pc1_8Vg4eP9cV_1.jpg!m_fill,w_280,h_210,f_jpg?from=ke.com
20241030,通州,北关,101126559600,天赐良园东三期A区 1室0厅 南必看好房,190万,33844元/平,高楼层 (共6层) 1室0厅 | 56.14平米 | 南,https://ke-image.ljcdn.com/110000-inspection/pc1_iVYwzn8m7_1.jpg!m_fill,w_280,h_210,f_jpg?from=ke.com
20241030,通州,北关,101126465688,朝通嘉园 低楼层两居室看房方便必看好房,279万,30238元/平,低楼层 (共6层) | 2003年 | 2室1厅 | 92.27平米 | 南 北,https://ke-image.ljcdn.com/110000-inspection/9d9922e5-9e00-4ba5-a988-1a4a5fc28bc8_1000.jpg!m_fill,w_280,h_210,f_jpg?from=ke.com
20241030,通州,北关,101126375821,8哩岛 3室2厅 南 北,548万,40991元/平,顶层 (共10层) 3室2厅 | 133.69平米 | 南 北,https://ke-image.ljcdn.com/110000-inspection/6004738b-5c48-4ce0-93b8-63b397a39474_1000.jpg!m_fill,w_280,h_210,f_jpg?from=ke.com
20241030,通州,北关,101126255894,西潞苑南北通透一居室中间楼层户型好采光好安静,180万,31414元/平,中楼层 (共6层) | 1998年 | 1室1厅 | 57.3平米 | 南 北,https://ke-image.ljcdn.com/110000-inspection/0cdd1fc1-995e-4f46-8564-ff7c6ba85f19_1000.jpg!m_fill,w_280,h_210,f_jpg?from=ke.com
20241030,通州,北关,101125855746,地铁6号线 天赐良园南北通透 采光充足 视野开阔房主自荐,395万,36772元/平,中楼层 (共7层) | 2002年 | 2室2厅 | 107.42平米 | 南 北,https://ke-image.ljcdn.com/110000-inspection/f0d405cd-fd1e-4831-8aaa-65d230d62ceb_1000.jpg!m_fill,w_280,h_210,f_jpg?from=ke.com
20241030,通州,北关,101125552645,翠福园 1室1厅 东北必看好房,159万,25004元/平,高楼层 (共6层) 1室1厅 | 63.59平米 | 东北,https://ke-image.ljcdn.com/110000-inspection/pc1_ah7toVm92.jpg!m_fill,w_280,h_210,f_jpg?from=ke.com
20241030,通州,北关,101125535411,通州北关商务区 东阁雅舍 高层全明南向三居室房主自荐,329万,30399元/平,高楼层 (共25层) | 2003年 | 3室1厅 | 108.23平米 | 南 西南,https://ke-image.ljcdn.com/110000-inspection/d8a5a76c-2707-43ee-9c3c-8b7098724969_1000.jpg!m_fill,w_280,h_210,f_jpg?from=ke.com
20241030,通州,北关,101125533442,房地远洋悦山水 1室1厅 南必看好房,153万,27976元/平,底层 (共22层) | 2017年 | 1室1厅 | 54.69平米 | 南,https://ke-image.ljcdn.com/110000-inspection/ee524edd-11e3-48bb-9c81-972091526589_1000.jpg!m_fill,w_280,h_210,f_jpg?from=ke.com
20241030,通州,北关,101125426590,地铁六号线+地铁M101+精装南向二居+温榆河公园必看好房,255万,33780元/平,高楼层 (共18层) | 2013年 | 2室1厅 | 75.49平米 | 南,https://ke-image.ljcdn.com/110000-inspection/pc1_mpHYoPgN5_1.jpg!m_fill,w_280,h_210,f_jpg?from=ke.com
20241030,通州,北关,101125340026,地铁6号线低楼层南北通透三居室精装修房主自荐,566万,39471元/平,低楼层 (共6层) | 2003年 | 3室2厅 | 143.4平米 | 南 北,https://ke-image.ljcdn.com/110000-inspection/f63a4b4e-7351-4133-8aed-e6063da71fa1_1000.jpg!m_fill,w_280,h_210,f_jpg?from=ke.com
20241030,通州,北关,101125273731,富河园 小两居首付40多万 中间层 满五唯一必看好房,216万,30814元/平,中楼层 (共6层) 2室1厅 | 70.1平米 | 南 北,https://ke-image.ljcdn.com/110000-inspection/pc1_A6jAhTjxr_1.jpg!m_fill,w_280,h_210,f_jpg?from=ke.com
20241030,通州,北关,101125225223,金地格林格林 3室1厅 南 北必看好房,335万,37418元/平,低楼层 (共18层) | 2014年 | 3室1厅 | 89.53平米 | 南 北,https://ke-image.ljcdn.com/110000-inspection/75a5a345-1dee-43c8-9464-ffced903f672_1000.jpg!m_fill,w_280,h_210,f_jpg?from=ke.com
20241030,通州,北关,101125142060,2017年电梯房满五唯一只有契税！必看好房,168万,30764元/平,中楼层 (共17层) 1室1厅 | 54.61平米 | 南,https://ke-image.ljcdn.com/110000-inspection/00e4fe4c-897a-4983-a847-9220f9773974_1000.jpg!m_fill,w_280,h_210,f_jpg?from=ke.com
20241030,通州,北关,101125135675,地铁6号线  南北通透 采光好  诚心出售必看好房,408万,39371元/平,中楼层 (共6层) | 2004年 | 2室1厅 | 103.63平米 | 南 北,https://ke-image.ljcdn.com/110000-inspection/pc1_eTIrmKMrd_2.jpg!m_fill,w_280,h_210,f_jpg?from=ke.com
20241030,通州,北关,101125098636,通州北关商务区 北京胸科医院家属区 东南两居室必看好房,218万,31784元/平,中楼层 (共6层) 2室1厅 | 68.59平米 | 东南,https://ke-image.ljcdn.com/110000-inspection/8e50b5b1-8ea7-4bc5-9b70-6fed5b956b7b_1000.jpg!m_fill,w_280,h_210,f_jpg?from=ke.com
20241030,通州,北关,101124914011,地铁六号线+2014年新小区+南向两居室+温榆河必看好房,252万,33418元/平,低楼层 (共18层) | 2014年 | 2室1厅 | 75.41平米 | 南,https://ke-image.ljcdn.com/110000-inspection/ac86f6c5-4aa7-481b-82ae-d210bbefb6cf_1000.jpg!m_fill,w_280,h_210,f_jpg?from=ke.com
20241030,通州,北关,101124797263,房地远洋悦山水 1室0厅 南 北必看好房,170万,31366元/平,中楼层 (共17层) 1室0厅 | 54.2平米 | 南 北,https://ke-image.ljcdn.com/110000-inspection/6e265177-5099-4fc6-941a-dc6829d65718_1000.jpg!m_fill,w_280,h_210,f_jpg?from=ke.com
20241030,通州,北关,101124749766,通州北关 五河交汇 远洋悦山水 南向精装两居必看好房,278万,33677元/平,高楼层 (共21层) | 2017年 | 2室1厅 | 82.55平米 | 南,https://ke-image.ljcdn.com/110000-inspection/pc1_8BltG5kta.jpg!m_fill,w_280,h_210,f_jpg?from=ke.com
20241030,通州,北关,101124738696,通州北关 五河交汇 远洋悦山水 南向两居必看好房,260万,31497元/平,中楼层 (共21层) | 2017年 | 2室1厅 | 82.55平米 | 南,https://ke-image.ljcdn.com/110000-inspection/03ea0731-81f3-424e-b4ad-a569e7a04616_1000.jpg!m_fill,w_280,h_210,f_jpg?from=ke.com
20241030,通州,北关,101124719247,天赐良园二期 3室2厅 南 北必看好房,438万,37214元/平,底层 (共6层) 3室2厅 | 117.7平米 | 南 北,https://ke-image.ljcdn.com/110000-inspection/pc1_gvm0fUIcu_1.jpg!m_fill,w_280,h_210,f_jpg?from=ke.com
20241030,通州,北关,101124647220,6号线地铁  公园旁 电梯洋房社区 电梯板楼必看好房,394万,44530元/平,低楼层 (共10层) 2室1厅 | 88.48平米 | 南,https://ke-image.ljcdn.com/110000-inspection/49a57dae-0164-49a4-bf95-4eab4906abc4_1000.jpg!m_fill,w_280,h_210,f_jpg?from=ke.com
20241030,通州,北关,101124426173,此房精装修业主没有住过纯南正规一居室中间楼层必看好房,175万,32046元/平,中楼层 (共17层) 1室1厅 | 54.61平米 | 南,https://ke-image.ljcdn.com/110000-inspection/ee37d3b2-ae23-45e5-98b6-9d5012e176d4_1000.jpg!m_fill,w_280,h_210,f_jpg?from=ke.com
20241030,通州,北关,101123345772,地铁200米满五年南北通透中楼层产权清晰随时可签约,405万,37542元/平,中楼层 (共6层) | 2004年 | 2室1厅 | 107.88平米 | 南 北,https://ke-image.ljcdn.com/110000-inspection/97681445-050c-4af0-a403-d1f2f93395e8_1000.jpg!m_fill,w_280,h_210,f_jpg?from=ke.com
20241030,通州,北关,101122636620,物资学院地铁200米南北通透两居产权清晰诚意出售,430万,42757元/平,中楼层 (共6层) 2室1厅 | 100.57平米 | 南 北,https://ke-image.ljcdn.com/110000-inspection/29847988-cb79-4197-b50b-8ca74ea8b4ac_1000.jpg!m_fill,w_280,h_210,f_jpg?from=ke.com
20241030,通州,北关,101122535325,满五唯一地铁站50米南北通透采光好产权清晰随时可签,360万,41890元/平,中楼层 (共7层) 2室1厅 | 85.94平米 | 南 北,https://ke-image.ljcdn.com/110000-inspection/6bc1811f-ddef-4713-92eb-b0dad3de09da_1000.jpg!m_fill,w_280,h_210,f_jpg?from=ke.com
20241030,通州,北关,101122473139,地铁6号线物资学院站全南两居明厨明卫中间楼层必看好房,210万,36389元/平,中楼层 (共4层) 2室1厅 | 57.71平米 | 南,https://ke-image.ljcdn.com/110000-inspection/0b4e1adc-96db-4892-a671-90813c6ba034_1000.jpg!m_fill,w_280,h_210,f_jpg?from=ke.com
20241030,通州,北关,101127208497,地铁六号线+地铁M101+精装南向二居+温榆河公园新上,258万,34273元/平,低楼层 (共18层) 2室1厅 | 75.28平米 | 南,https://ke-image.ljcdn.com/110000-inspection/pc1_NAUqKhTPN.jpg!m_fill,w_280,h_210,f_jpg?from=ke.com
20241030,通州,北关,101127136283,西潞苑小区 3室1厅 南 北必看好房,226万,22815元/平,顶层 (共6层) 3室1厅 | 99.06平米 | 南 北,https://ke-image.ljcdn.com/110000-inspection/dbda6b39-9480-40ee-b794-d27351a3298f_1000.jpg!m_fill,w_280,h_210,f_jpg?from=ke.com
20241030,通州,北关,101127128402,绿地中央广场 1室1厅 南必看好房,135万,30351元/平,低楼层 (共22层) | 2016年 | 1室1厅 | 44.48平米 | 南,https://ke-image.ljcdn.com/110000-inspection/7bae297c-d24d-4440-ab30-880f482da673_1000.jpg!m_fill,w_280,h_210,f_jpg?from=ke.com
20241030,通州,北关,101127066761,西潞苑小区 2室1厅 南 北必看好房,185万,23421元/平,顶层 (共6层) | 1995年 | 2室1厅 | 78.99平米 | 南 北,https://ke-image.ljcdn.com/110000-inspection/ddee8eb9-6849-482c-867b-e70b0d60f3a6_1000.jpg!m_fill,w_280,h_210,f_jpg?from=ke.com
20241030,通州,北关,101127042328,6号线物资学院路地铁 户型方正 小两居 南北通透必看好房,275万,37003元/平,中楼层 (共7层) 2室1厅 | 74.32平米 | 南 北,https://ke-image.ljcdn.com/110000-inspection/df50574d-19ae-47a8-a9e3-7dfcd89e8801_1000.jpg!m_fill,w_280,h_210,f_jpg?from=ke.com
20241030,通州,北关,101127008747,东阁雅舍 满五唯一商品房 商务区对面 六号线北关站必看好房,288万,26576元/平,中楼层 (共25层) | 2003年 | 3室2厅 | 108.37平米 | 东北,https://ke-image.ljcdn.com/110000-inspection/5cbf4d99-89d5-4384-b22e-a26bfeb6d17c_1000.jpg!m_fill,w_280,h_210,f_jpg?from=ke.com
20241030,通州,北关,101127003918,金地格林格林 2室1厅 南必看好房,246万,32588元/平,中楼层 (共18层) | 2013年 | 2室1厅 | 75.49平米 | 南,https://ke-image.ljcdn.com/110000-inspection/pc1_BikZO0W16_2.jpg!m_fill,w_280,h_210,f_jpg?from=ke.com
20241030,通州,北关,101126862040,绿地中央广场 1室1厅 北必看好房,120万,26979元/平,中楼层 (共22层) | 2016年 | 1室1厅 | 44.48平米 | 北,https://ke-image.ljcdn.com/110000-inspection/0b222305-9a6a-4c0e-94fd-1375f99177d6_1000.jpg!m_fill,w_280,h_210,f_jpg?from=ke.com
20241030,通州,北关,101126834596,绿地中央广场 3室1厅 西必看好房,210万,24394元/平,高楼层 (共22层) | 2016年 | 3室1厅 | 86.09平米 | 西,https://ke-image.ljcdn.com/110000-inspection/1efb5698-432f-4e05-8004-0b11f5bbaddd_1000.jpg!m_fill,w_280,h_210,f_jpg?from=ke.com
20241030,通州,北关,101126809587,世界侨商中心 近地铁北关A口 交通便利必看好房,148万,22914元/平,低楼层 (共27层) | 2018年 | 1室1厅 | 64.59平米 | 南,https://ke-image.ljcdn.com/110000-inspection/c9cd2fc9-4722-4a77-9bf2-4fb13199407c_1000.jpg!m_fill,w_280,h_210,f_jpg?from=ke.com
20241030,通州,北关,101126677092,绿地中央广场 2室1厅 东南必看好房,160万,26806元/平,低楼层 (共22层) | 2016年 | 2室1厅 | 59.69平米 | 东南,https://ke-image.ljcdn.com/110000-inspection/0ea3260f-e92c-4b45-a8d7-acf08d00c6b9_1000.jpg!m_fill,w_280,h_210,f_jpg?from=ke.com
20241030,通州,北关,101126581478,绿地中央广场 2室1厅 东南必看好房,180万,30156元/平,低楼层 (共22层) | 2016年 | 2室1厅 | 59.69平米 | 东南,https://ke-image.ljcdn.com/110000-inspection/67238d34-1499-4195-ac81-25d6286ca4b6_1000.jpg!m_fill,w_280,h_210,f_jpg?from=ke.com
20241030,通州,北关,101126570155,通州北关物资学院站6号线2017年电梯房新小区必看好房,368万,36808元/平,中楼层 (共18层) | 2017年 | 2室1厅 | 99.98平米 | 南,https://ke-image.ljcdn.com/110000-inspection/dfe3c88d-711e-4d3d-b12d-d54537cfb7d6_1000.jpg!m_fill,w_280,h_210,f_jpg?from=ke.com
20241030,通州,北关,101126479475,通州  北关 地铁6号线  南北通透 精装修必看好房,260万,32383元/平,高楼层 (共22层) | 2017年 | 2室1厅 | 80.29平米 | 南 北,https://ke-image.ljcdn.com/110000-inspection/c1ec0d83-7678-4b0b-a39f-db8710f180c4_1000.jpg!m_fill,w_280,h_210,f_jpg?from=ke.com
20241030,通州,北关,101126431102,运河名著万科物业6号线落地窗平层大三居必看好房,505万,36118元/平,高楼层 (共20层) | 2017年 | 3室1厅 | 139.82平米 | 南 北,https://ke-image.ljcdn.com/110000-inspection/4f4ea2b1-61e0-40d6-a33a-5c62d55b5071_1000.jpg!m_fill,w_280,h_210,f_jpg?from=ke.com
20241030,通州,北关,101126361845,地铁6号线商务区内精装大两居大落地窗必看好房,319万,36752元/平,中楼层 (共7层) 2室2厅 | 86.8平米 | 南 西 北,https://ke-image.ljcdn.com/110000-inspection/pc1_SctmAmHG6_1.jpg!m_fill,w_280,h_210,f_jpg?from=ke.com
20241030,通州,北关,101126252256,地铁六号线南北通透三居采光好楼层好必看好房,460万,39381元/平,中楼层 (共7层) 3室2厅 | 116.81平米 | 南 北,https://ke-image.ljcdn.com/110000-inspection/50185cef-3b69-4f6d-b21e-537aa6627b0c_1000.jpg!m_fill,w_280,h_210,f_jpg?from=ke.com
20241030,通州,北关,101126134082,金地格林格林 2室1厅 南,245万,32455元/平,高楼层 (共18层) | 2013年 | 2室1厅 | 75.49平米 | 南,https://ke-image.ljcdn.com/110000-inspection/cf9839e1-9999-45d5-bb7f-34919f63329d_1000.jpg!m_fill,w_280,h_210,f_jpg?from=ke.com
20241030,通州,北关,101126133339,金地格林格林 3室1厅 南 北必看好房,338万,37783元/平,中楼层 (共18层) | 2013年 | 3室1厅 | 89.46平米 | 南 北,https://ke-image.ljcdn.com/110000-inspection/e429ed4f-625a-4341-b11b-ebf26254e7ce_1000.jpg!m_fill,w_280,h_210,f_jpg?from=ke.com
20241030,通州,北关,101125761596,南北通套全明格局电梯房无遮挡必看好房,145万,26694元/平,低楼层 (共22层) | 2017年 | 1室1厅 | 54.32平米 | 南 北,https://ke-image.ljcdn.com/110000-inspection/pc1_Xl9nxnR8l_1.jpg!m_fill,w_280,h_210,f_jpg?from=ke.com
20241030,通州,北关,101125273347,房地远洋悦山水 1室1厅 南 北,159万,29737元/平,中楼层 (共22层) | 2017年 | 1室1厅 | 53.47平米 | 南 北,https://ke-image.ljcdn.com/110000-inspection/351f3c57-fc0e-4d72-bea8-56e052e2ee23_1000.jpg!m_fill,w_280,h_210,f_jpg?from=ke.com
20241030,通州,北关,101124987628,6号线物资学院地铁  温榆河畔 明厨明卫三居必看好房,330万,37108元/平,中楼层 (共10层) 3室1厅 | 88.93平米 | 南 北,https://ke-image.ljcdn.com/110000-inspection/b19c0ff6-a268-4926-bc3a-028aa35235b0_1000.jpg!m_fill,w_280,h_210,f_jpg?from=ke.com
20241030,通州,北关,101124980185,万科大都会滨江 三居三卫  一梯一户 五河交汇处必看好房,650万,37205元/平,中楼层 (共42层) | 2021年 | 3室2厅 | 174.71平米 | 南,https://ke-image.ljcdn.com/110000-inspection/336d1c0d-4670-4610-91fb-e1b6ab479511_1000.jpg!m_fill,w_280,h_210,f_jpg?from=ke.com
20241030,通州,北关,101124811400,6号线地铁沿线 财富东方正规大一居 业主急售,220万,32000元/平,低楼层 (共13层) | 2007年 | 2室1厅 | 68.75平米 | 东南,https://ke-image.ljcdn.com/110000-inspection/pc1_SrbwKZjVZ.jpg!m_fill,w_280,h_210,f_jpg?from=ke.com
20241030,通州,北关,101124783880,下楼地铁六号线北关站C口南侧西海子公园 通惠河北必看好房,160万,36918元/平,中楼层 (共29层) | 2018年 | 1室1厅 | 43.34平米 | 南,https://ke-image.ljcdn.com/110000-inspection/3725c8eb-e8eb-4d93-9402-706ee7976fd9_1000.jpg!m_fill,w_280,h_210,f_jpg?from=ke.com
20241030,通州,北关,101124616731,南北通透采光好精装修视野好两居室,265万,28721元/平,高楼层 (共6层) | 2003年 | 2室1厅 | 92.27平米 | 南 北,https://ke-image.ljcdn.com/110000-inspection/pc1_gWj3JqUpf.jpg!m_fill,w_280,h_210,f_jpg?from=ke.com
20241030,通州,北关,101124558323,劳动局家属院  中间楼层   采光很好  交通便利必看好房,199万,35467元/平,中楼层 (共6层) 2室1厅 | 56.11平米 | 南 北,https://ke-image.ljcdn.com/110000-inspection/2ccfae5c-1597-42c3-a9fd-ddae5cab3cbb_1000.jpg!m_fill,w_280,h_210,f_jpg?from=ke.com
20241030,通州,北关,101124547922,新光大中心 精装修落地窗 人车分流 电梯入库,258万,26604元/平,中楼层 (共41层) | 2017年 | 1室1厅 | 96.98平米 | 北,https://ke-image.ljcdn.com/110000-inspection/d798ffd5-8f42-4950-b4bd-a9f4a076ea54_1000.jpg!m_fill,w_280,h_210,f_jpg?from=ke.com
20241030,通州,北关,101124140477,地铁6号线物资学院站南北通透两居室落地窗必看好房,308万,34299元/平,顶层 (共6层) 2室1厅 | 89.8平米 | 南 北,https://ke-image.ljcdn.com/110000-inspection/pc1_AHYN4YOoq_1.jpg!m_fill,w_280,h_210,f_jpg?from=ke.com
20241030,通州,北关,101124019366,通州北关6号线+温榆河畔 2014年新小区 电梯房必看好房,194万,35222元/平,高楼层 (共18层) | 2015年 | 1室1厅 | 55.08平米 | 南 北,https://ke-image.ljcdn.com/110000-inspection/77d3519a-6513-47f9-bc77-3036553321f5_1000.jpg!m_fill,w_280,h_210,f_jpg?from=ke.com
20241030,通州,北关,101123995935,通州商务区地铁六号线精装二层不临街满五唯一必看好房,286万,41199元/平,低楼层 (共6层) 2室1厅 | 69.42平米 | 东南 北,https://ke-image.ljcdn.com/110000-inspection/d5be87b2-2f30-4b68-903a-07af59fca491_1000.jpg!m_fill,w_280,h_210,f_jpg?from=ke.com
20241030,通州,北关,101123970188,天赐良园二期 2室1厅 南 北,338万,42720元/平,底层 (共6层) 2室1厅 | 79.12平米 | 南 北,https://ke-image.ljcdn.com/110000-inspection/pc1_td9GkXiz6_1.jpg!m_fill,w_280,h_210,f_jpg?from=ke.com
20241030,通州,北关,101123896692,新光大中心 西南三居室 精装修落地窗 高层看河景,475万,31416元/平,高楼层 (共41层) 3室1厅 | 151.2平米 | 西南,https://ke-image.ljcdn.com/110000-inspection/c9f657e3-0fad-43b6-a0bb-9d9dc9501f3f_1000.jpg!m_fill,w_280,h_210,f_jpg?from=ke.com
20241030,通州,北关,101123632050,地铁6号线精装大复式户型方正三卧朝南带落地窗房主自荐,448万,28357元/平,高楼层 (共7层) 3室2厅 | 157.99平米 | 南 北,https://ke-image.ljcdn.com/110000-inspection/50dee6ed-9286-4644-ba9f-cc6206607b9f_1000.jpg!m_fill,w_280,h_210,f_jpg?from=ke.com
20241030,通州,北关,101123554592,新光大中心 南向两居室 看河景视野无遮挡 到地铁150米,340万,29586元/平,中楼层 (共41层) 2室1厅 | 114.92平米 | 南,https://ke-image.ljcdn.com/110000-inspection/14cc81dd-f784-4bfe-8e50-30aebb8180d9_1000.jpg!m_fill,w_280,h_210,f_jpg?from=ke.com
20241030,通州,北关,101123056251,新光大中心 南向看河景 带电梯人车分流 离地铁300米,251万,31356元/平,中楼层 (共41层) 1室1厅 | 80.05平米 | 南,https://ke-image.ljcdn.com/110000-inspection/a18c99ff-c56d-4820-bf43-82b27d432bc7_1000.jpg!m_fill,w_280,h_210,f_jpg?from=ke.com
20241030,通州,北关,101122939498,通州北关6号线+温榆河畔新小区+电梯房+两居必看好房,268万,36139元/平,底层 (共18层) 2室1厅 | 74.16平米 | 南,https://ke-image.ljcdn.com/110000-inspection/pc1_moTRROUIV.jpg!m_fill,w_280,h_210,f_jpg?from=ke.com
20241030,通州,北关,101122560059,8哩岛满五年小一居诚心出售随时可看,218万,44418元/平,顶层 (共10层) 1室1厅 | 49.08平米 | 西,https://ke-image.ljcdn.com/110000-inspection/4f8c2448-33fb-4079-86e2-f5f7e5aadefe_1000.jpg!m_fill,w_280,h_210,f_jpg?from=ke.com
20241030,通州,北关,101122181565,天赐二期大四居近6号地铁精装复式下沉式庭院闹中取静,768万,34816元/平,底层 (共7层) | 2002年 | 4室2厅 | 220.59平米 | 南 北 西,https://ke-image.ljcdn.com/110000-inspection/619720d9-fb25-45f7-8e2d-bc69f925223a_1000.jpg!m_fill,w_280,h_210,f_jpg?from=ke.com
20241030,通州,北关,101121895040,北关地铁 南北通透大两居  出行方便配套好必看好房,299万,32782元/平,中楼层 (共7层) 2室1厅 | 91.21平米 | 南 北,https://ke-image.ljcdn.com/110000-inspection/a7e32599-fc45-4191-bf9c-3691c0172ca6_1000.jpg!m_fill,w_280,h_210,f_jpg?from=ke.com
20241030,通州,北关,101126647721,朝北8080 1室0厅 南必看好房,82万,17206元/平,中楼层 (共7层) | 2015年 | 1室0厅 | 47.66平米 | 南,https://s1.ljcdn.com/pegasus/redskull/images/common/default_house_list.png?_v=202410161653269
20241030,通州,北关,101127281532,西潞苑小区 1室1厅 南新上,155万,27478元/平,顶层 (共6层) 1室1厅 | 56.41平米 | 南,https://ke-image.ljcdn.com/110000-inspection/409090a4-05da-4629-9902-5a963b8e05f6_1000.jpg!m_fill,w_280,h_210,f_jpg?from=ke.com
20241030,通州,北关,101127261608,地铁6号线物资学院站南北通透两居不临街非顶层新上,360万,35829元/平,高楼层 (共6层) 2室1厅 | 100.48平米 | 南 北,https://ke-image.ljcdn.com/110000-inspection/6aa76ac1-816d-40d2-aa91-af42358380ef_1000.jpg!m_fill,w_280,h_210,f_jpg?from=ke.com
20241030,通州,北关,101127253249,温榆河旁金地格林格林 南区精装两居室出售新上,289万,38263元/平,中楼层 (共18层) 2室1厅 | 75.53平米 | 南,https://ke-image.ljcdn.com/110000-inspection/a4155f43-b077-4033-b787-661c409da2fc_1000.jpg!m_fill,w_280,h_210,f_jpg?from=ke.com
20241030,通州,北关,101127205978,财富东方 3室1厅 西南,399万,30470元/平,低楼层 (共26层) | 2008年 | 3室1厅 | 130.95平米 | 西南,https://ke-image.ljcdn.com/110000-inspection/e89fdadd-5034-44ca-82e5-b16a4e28ee7d_1000.jpg!m_fill,w_280,h_210,f_jpg?from=ke.com
20241030,通州,北关,101127199134,地铁6号线  物资学院 南北通透  不临街,410万,40639元/平,低楼层 (共6层) 2室1厅 | 100.89平米 | 南 北,https://ke-image.ljcdn.com/110000-inspection/7598f248-a0d5-4985-9070-fdcc37ea90e5_1000.jpg!m_fill,w_280,h_210,f_jpg?from=ke.com
20241030,通州,北关,101127198509,碧水明珠 3室1厅 西北,349万,30282元/平,低楼层 (共23层) 3室1厅 | 115.25平米 | 西北,https://ke-image.ljcdn.com/110000-inspection/ddb5fdfc-ce1f-411e-b14d-1b810440e379_1000.jpg!m_fill,w_280,h_210,f_jpg?from=ke.com
20241030,通州,北关,101127172945,榆东一街6号院金地格林格林小区,300万,38546元/平,中楼层 (共18层) 2室1厅 | 77.83平米 | 南,https://ke-image.ljcdn.com/110000-inspection/b021bda3-8fec-4633-9dea-4f98b2362a73_1000.jpg!m_fill,w_280,h_210,f_jpg?from=ke.com
20241030,通州,北关,101127160335,6号线物资学院地铁口婚房精装两居诚意卖价钱可谈房主自荐,285万,36145元/平,高楼层 (共6层) | 2004年 | 2室1厅 | 78.85平米 | 东 西,https://ke-image.ljcdn.com/110000-inspection/08640f59-15d5-498f-919a-d4009e0e7ef1_1000.jpg!m_fill,w_280,h_210,f_jpg?from=ke.com
20241030,通州,北关,101127144390,永顺西里 2室1厅 南 北,210万,29590元/平,中楼层 (共6层) 2室1厅 | 70.97平米 | 南 北,https://ke-image.ljcdn.com/110000-inspection/6f738b16-5db5-4e6a-9dfd-348e5363ef2c_1000.jpg!m_fill,w_280,h_210,f_jpg?from=ke.com
20241030,通州,北关,101127123655,民政局家属楼 1室1厅 南,165万,33551元/平,高楼层 (共6层) | 1993年 | 1室1厅 | 49.18平米 | 南,https://ke-image.ljcdn.com/110000-inspection/6c032716-f321-4837-9642-fef8cbac93f8_1000.jpg!m_fill,w_280,h_210,f_jpg?from=ke.com
20241030,通州,北关,101127096565,财贸宿舍 2室1厅 南 北,180万,29494元/平,高楼层 (共6层) 2室1厅 | 61.03平米 | 南 北,https://ke-image.ljcdn.com/110000-inspection/d9f33ece-22fa-4784-8f3e-24b7a3543634_1000.jpg!m_fill,w_280,h_210,f_jpg?from=ke.com
20241030,通州,北关,101127090186,碧水明珠正规一居室视野开阔,180万,26031元/平,中楼层 (共23层) 1室1厅 | 69.15平米 | 北,https://ke-image.ljcdn.com/110000-inspection/e845f9c7-a3b6-4d0b-9a0e-8171ff0a9da9_1000.jpg!m_fill,w_280,h_210,f_jpg?from=ke.com
20241030,通州,北关,101127053490,通州北关悦山水三居两卫明卫精装修,420万,39762元/平,高楼层 (共21层) | 2017年 | 3室2厅 | 105.63平米 | 南 北,https://ke-image.ljcdn.com/110000-inspection/e28ea23e-7f90-41bb-9e3f-1e69db0efe85_1000.jpg!m_fill,w_280,h_210,f_jpg?from=ke.com
20241030,通州,北关,101127039887,天赐良园二期地铁6号线地铁口600米南北通透H户型,379万,35178元/平,中楼层 (共7层) 2室2厅 | 107.74平米 | 南 北,https://ke-image.ljcdn.com/110000-inspection/pc1_iH5tBGR6N_1.jpg!m_fill,w_280,h_210,f_jpg?from=ke.com
20241030,通州,北关,101127022749,房地远洋悦山水 2室1厅 南,268万,32466元/平,中楼层 (共21层) | 2017年 | 2室1厅 | 82.55平米 | 南,https://ke-image.ljcdn.com/110000-inspection/8d3934dd-69c8-4d79-a667-72044df043b8_1000.jpg!m_fill,w_280,h_210,f_jpg?from=ke.com
20241030,通州,北关,101127013129,房子楼层好 南北通透 卫生间带窗 地铁6号线物资,400万,37003元/平,中楼层 (共6层) 3室1厅 | 108.1平米 | 南 北,https://ke-image.ljcdn.com/110000-inspection/pc1_rJ7fmqhmc_1.jpg!m_fill,w_280,h_210,f_jpg?from=ke.com
20241030,通州,北关,101127001776,草房地铁  南北通透 装修好 诚意出售  满五唯一,319万,34398元/平,低楼层 (共6层) | 2003年 | 2室1厅 | 92.74平米 | 南 北,https://ke-image.ljcdn.com/110000-inspection/2fcaf263-e43d-4e7d-9c00-b0f36e36ae1b_1000.jpg!m_fill,w_280,h_210,f_jpg?from=ke.com
20241030,通州,北关,101126996195,2017年新小区产权清晰南向两居电梯新小区,350万,34627元/平,低楼层 (共20层) | 2017年 | 2室1厅 | 101.08平米 | 南,https://ke-image.ljcdn.com/110000-inspection/10c59ce3-cca1-402b-9303-eb761e263fba_1000.jpg!m_fill,w_280,h_210,f_jpg?from=ke.com
20241030,通州,北关,101126981855,金地格林格林 1室1厅 南 北,215万,39256元/平,高楼层 (共18层) 1室1厅 | 54.77平米 | 南 北,https://ke-image.ljcdn.com/110000-inspection/a41a7f77-b12a-41c8-b532-8e88cd4d396a_1000.jpg!m_fill,w_280,h_210,f_jpg?from=ke.com
20241030,通州,北关,101126973338,金地格林格林 3室1厅 东 南 北,380万,42644元/平,高楼层 (共18层) | 2014年 | 3室1厅 | 89.11平米 | 东 南 北,https://ke-image.ljcdn.com/110000-inspection/da86d05b-3139-499e-9b51-711976da2902_1000.jpg!m_fill,w_280,h_210,f_jpg?from=ke.com
20241030,通州,北关,101126972731,朝通嘉园 2室1厅 南 北,305万,33901元/平,底层 (共6层) 2室1厅 | 89.97平米 | 南 北,https://ke-image.ljcdn.com/110000-inspection/pc1_kcGWTJyJT_2.jpg!m_fill,w_280,h_210,f_jpg?from=ke.com
20241030,通州,北关,101126972471,金地格林格林精装修一居室+南北通透+高楼层精装修,230万,42017元/平,中楼层 (共18层) | 2014年 | 1室1厅 | 54.74平米 | 南 北,https://ke-image.ljcdn.com/110000-inspection/c6126e75-2a43-4bc3-b488-739c12d25748_1000.jpg!m_fill,w_280,h_210,f_jpg?from=ke.com
20241030,通州,北关,101126967485,金地格林格林 2室1厅 南,260万,34442元/平,高楼层 (共18层) | 2013年 | 2室1厅 | 75.49平米 | 南,https://ke-image.ljcdn.com/110000-inspection/ec8159d9-8bba-4a50-b488-fd6291d48463_1000.jpg!m_fill,w_280,h_210,f_jpg?from=ke.com
20241030,通州,北关,101126951647,财贸宿舍 2室1厅 南 北,198万,35151元/平,底层 (共6层) 2室1厅 | 56.33平米 | 南 北,https://ke-image.ljcdn.com/110000-inspection/07a7ee2f-fb24-4e3e-be85-87bc76efe35c_1000.jpg!m_fill,w_280,h_210,f_jpg?from=ke.com
20241030,通州,北关,101126947456,地铁六号线物资学院站南北通透两居看房随时,405万,38719元/平,中楼层 (共6层) 2室2厅 | 104.6平米 | 南 北,https://ke-image.ljcdn.com/110000-inspection/fde9d147-298f-411f-9e11-6d10f557a4ac_1000.jpg!m_fill,w_280,h_210,f_jpg?from=ke.com
20241030,通州,北关,101126929445,通州北关 五河交汇 远洋悦山水 南向精装两居,280万,33752元/平,高楼层 (共18层) 2室1厅 | 82.96平米 | 南,https://ke-image.ljcdn.com/110000-inspection/441131b5-7076-4f35-8674-7d37f54887ac_1000.jpg!m_fill,w_280,h_210,f_jpg?from=ke.com
20241030,通州,北关,101126919795,碧水明珠电梯房方正户型+北关六号线,320万,36698元/平,低楼层 (共23层) | 2004年 | 2室1厅 | 87.2平米 | 西南,https://ke-image.ljcdn.com/110000-inspection/79dd6fe1-506f-4c42-80a5-5ffc25bcf9f6_1000.jpg!m_fill,w_280,h_210,f_jpg?from=ke.com
20241030,通州,北关,101126895545,6号线物资学院路 南北通透户型 采光好,350万,37867元/平,顶层 (共6层) | 2004年 | 2室1厅 | 92.43平米 | 南 北,https://ke-image.ljcdn.com/110000-inspection/56ccd32f-3ed1-412f-afb0-4590a0e3ab76_1000.jpg!m_fill,w_280,h_210,f_jpg?from=ke.com
20241030,通州,北关,101126871564,永顺西里 3室1厅 南 北,265万,29786元/平,中楼层 (共6层) | 1995年 | 3室1厅 | 88.97平米 | 南 北,https://ke-image.ljcdn.com/110000-inspection/29b5bb80-f581-4584-98f4-3e046b59eae2_1000.jpg!m_fill,w_280,h_210,f_jpg?from=ke.com
20241030,通州,北关,101126842472,永顺西里 2室1厅 南 北,220万,34349元/平,中楼层 (共6层) | 1992年 | 2室1厅 | 64.05平米 | 南 北,https://ke-image.ljcdn.com/110000-inspection/e1ff4b27-c13f-448b-9dd9-998ffe3fb24e_1000.jpg!m_fill,w_280,h_210,f_jpg?from=ke.com
20241030,通州,北关,101126840390,财富东方 2室1厅 西北,310万,32336元/平,中楼层 (共26层) 2室1厅 | 95.87平米 | 西北,https://ke-image.ljcdn.com/110000-inspection/a8b3a09f-b34e-44f9-ab75-d77b39b26922_1000.jpg!m_fill,w_280,h_210,f_jpg?from=ke.com
20241030,通州,北关,101126826727,8哩岛 1室1厅 西北,198万,51097元/平,中楼层 (共10层) | 2013年 | 1室1厅 | 38.75平米 | 西北,https://ke-image.ljcdn.com/110000-inspection/b4f2e232-19a7-495b-8162-96e5088eac4a_1000.jpg!m_fill,w_280,h_210,f_jpg?from=ke.com
20241030,通州,北关,101126813610,翠福园诚心出售两居采光好M101始发站,270万,29590元/平,高楼层 (共6层) 2室1厅 | 91.25平米 | 南 北,https://ke-image.ljcdn.com/110000-inspection/5937c170-19a2-4b3d-bab5-020fd350253b_1000.jpg!m_fill,w_280,h_210,f_jpg?from=ke.com
20241030,通州,北关,101126809622,金地格林格林 1室1厅 南 北,220万,40168元/平,高楼层 (共18层) 1室1厅 | 54.77平米 | 南 北,https://ke-image.ljcdn.com/110000-inspection/168f652e-24ea-4508-82f5-60f189268bd7_1000.jpg!m_fill,w_280,h_210,f_jpg?from=ke.com
20241030,通州,北关,101126800296,通州商务区地铁六号线南北两居只有契税房主自荐,399万,38175元/平,中楼层 (共6层) 2室2厅 | 104.52平米 | 南 北,https://ke-image.ljcdn.com/110000-inspection/44cb990d-9e4c-4dd6-9727-a93acdb17098_1000.jpg!m_fill,w_280,h_210,f_jpg?from=ke.com
20241030,通州,北关,101126722317,碧水明珠 1室1厅 西北,190万,27561元/平,中楼层 (共23层) | 2004年 | 1室1厅 | 68.94平米 | 西北,https://ke-image.ljcdn.com/110000-inspection/pc1_h4dosEs3i_1.jpg!m_fill,w_280,h_210,f_jpg?from=ke.com
20241030,通州,北关,101126720777,地铁6号线南北通透H户型低楼层采光好。房主自荐,398万,42526元/平,低楼层 (共7层) 2室1厅 | 93.59平米 | 南 北,https://ke-image.ljcdn.com/110000-inspection/pc1_AS4zgUB4N_2.jpg!m_fill,w_280,h_210,f_jpg?from=ke.com
20241030,通州,北关,101126715903,西潞苑小区 2室1厅 南 北,248万,30138元/平,中楼层 (共6层) | 1997年 | 2室1厅 | 82.29平米 | 南 北,https://ke-image.ljcdn.com/110000-inspection/657e4b80-f54d-4785-bcce-88f4a3de040b_1000.jpg!m_fill,w_280,h_210,f_jpg?from=ke.com
20241030,通州,北关,101126712234,财富东方 2室1厅 东北,310万,33259元/平,底层 (共26层) | 2007年 | 2室1厅 | 93.21平米 | 东北,https://ke-image.ljcdn.com/110000-inspection/74ecc7cb-fbb7-4845-9a69-835e12fcd46f_1000.jpg!m_fill,w_280,h_210,f_jpg?from=ke.com
20241030,通州,北关,101126709930,永顺西里 1室1厅 南 北,180万,28709元/平,中楼层 (共6层) | 2006年 | 1室1厅 | 62.7平米 | 南 北,https://ke-image.ljcdn.com/110000-inspection/f2e03a94-46fb-4845-b724-33f45533bf3a_1000.jpg!m_fill,w_280,h_210,f_jpg?from=ke.com
20241030,通州,北关,101126655304,翠福园 2室1厅 南 北,266万,30667元/平,高楼层 (共6层) 2室1厅 | 86.74平米 | 南 北,https://ke-image.ljcdn.com/110000-inspection/pc1_INfzxSBfM_1.jpg!m_fill,w_280,h_210,f_jpg?from=ke.com
20241030,通州,北关,101126633484,天赐良园一期 2室1厅 南 北,290万,41488元/平,中楼层 (共7层) 2室1厅 | 69.9平米 | 南 北,https://ke-image.ljcdn.com/110000-inspection/efd12497-cde4-473c-a320-6e1c46c3079c_1000.jpg!m_fill,w_280,h_210,f_jpg?from=ke.com
20241030,通州,北关,101126612382,朝通嘉园 2003年的商品房满五唯一,368万,31989元/平,低楼层 (共6层) | 2003年 | 3室2厅 | 115.04平米 | 南 北,https://ke-image.ljcdn.com/110000-inspection/0eae7ef6-4abe-4a8f-9609-d5d053792f4f_1000.jpg!m_fill,w_280,h_210,f_jpg?from=ke.com
20241030,通州,北关,101126584263,西潞苑小区 1室0厅 南,127万,39837元/平,中楼层 (共4层) 1室0厅 | 31.88平米 | 南,https://ke-image.ljcdn.com/110000-inspection/pc1_765xrg4hy_1.jpg!m_fill,w_280,h_210,f_jpg?from=ke.com
20241030,通州,北关,101126583678,房地远洋悦山水 3室2厅 南 北,360万,34059元/平,低楼层 (共21层) | 2017年 | 3室2厅 | 105.7平米 | 南 北,https://ke-image.ljcdn.com/110000-inspection/0aabe35a-3cc0-4d68-aca2-b626b5a28d3f_1000.jpg!m_fill,w_280,h_210,f_jpg?from=ke.com
20241030,通州,北关,101126574635,地铁6号线 东南北朝向3居 户型方正 采光充足,595万,37342元/平,中楼层 (共6层) 3室2厅 | 159.34平米 | 南 北,https://ke-image.ljcdn.com/110000-inspection/pc1_VRONZfCrk_1.jpg!m_fill,w_280,h_210,f_jpg?from=ke.com
20241030,通州,北关,101126537228,地铁6号线南北通透大两居大落地窗有车位房主自荐,375万,36758元/平,高楼层 (共6层) 2室1厅 | 102.02平米 | 南 北,https://ke-image.ljcdn.com/110000-inspection/pc1_cwjfiaLUr_1.jpg!m_fill,w_280,h_210,f_jpg?from=ke.com
20241030,通州,北关,101126493969,翠福园新楼2012年建成南北通透前后阳台。,275万,31201元/平,高楼层 (共6层) 2室1厅 | 88.14平米 | 南 北,https://ke-image.ljcdn.com/110000-inspection/pc1_vaosJ4alM.jpg!m_fill,w_280,h_210,f_jpg?from=ke.com
20241030,通州,北关,101126491580,北关财富东方正规大一居 全明户型 精装修满五唯一,215万,33907元/平,中楼层 (共26层) | 2007年 | 1室1厅 | 63.41平米 | 北,https://ke-image.ljcdn.com/110000-inspection/96727cba-d9a7-46ba-8ac2-43c68d52e320_1000.jpg!m_fill,w_280,h_210,f_jpg?from=ke.com
20241030,通州,北关,101126491237,天赐良园一期 3室2厅 南 北,465万,40028元/平,中楼层 (共7层) 3室2厅 | 116.17平米 | 南 北,https://ke-image.ljcdn.com/110000-inspection/pc1_9d8ZQUHEU_1.jpg!m_fill,w_280,h_210,f_jpg?from=ke.com
20241030,通州,北关,101126442649,翠福园经典H户型再现江湖（M101始发站建设中）,279万,30212元/平,高楼层 (共6层) | 2001年 | 2室2厅 | 92.35平米 | 南 北,https://ke-image.ljcdn.com/110000-inspection/6169c2af-221f-4d5e-b9c8-ee4a1dad407c_1000.jpg!m_fill,w_280,h_210,f_jpg?from=ke.com
20241030,通州,北关,101126439304,朝通嘉园 满五唯一近地铁 诚心出售,285万,30982元/平,顶层 (共6层) | 2003年 | 2室1厅 | 91.99平米 | 南 北,https://ke-image.ljcdn.com/110000-inspection/95f83b9c-f12f-4d13-9206-a328d18eaff9_1000.jpg!m_fill,w_280,h_210,f_jpg?from=ke.com
20241030,通州,北关,101126438292,华诚花园 2室1厅 南 北,340万,38458元/平,低楼层 (共6层) 2室1厅 | 88.41平米 | 南 北,https://ke-image.ljcdn.com/110000-inspection/pc1_LprHM5MXF_1.jpg!m_fill,w_280,h_210,f_jpg?from=ke.com
20241030,通州,北关,101126412318,6号线地铁口  不临街低楼层 落地大阳台 无遮挡,450万,41768元/平,低楼层 (共7层) | 2002年 | 2室1厅 | 107.74平米 | 南 北,https://ke-image.ljcdn.com/110000-inspection/bf1ffc3a-3998-49dd-95ba-6513f988342d_1000.jpg!m_fill,w_280,h_210,f_jpg?from=ke.com
20241030,通州,北关,101126384909,房地远洋悦山水 2室1厅 东 南 北,274万,33840元/平,高楼层 (共22层) | 2017年 | 2室1厅 | 80.97平米 | 东 南 北,https://ke-image.ljcdn.com/110000-inspection/b3dc2749-7ba5-4cee-84ca-82a0c07b0e80_1000.jpg!m_fill,w_280,h_210,f_jpg?from=ke.com
20241030,通州,北关,101126337057,劳动局家属院 1室1厅 南 北,190万,33887元/平,中楼层 (共6层) 1室1厅 | 56.07平米 | 南 北,https://ke-image.ljcdn.com/110000-inspection/pc1_h3gVgGg3P_1.jpg!m_fill,w_280,h_210,f_jpg?from=ke.com
20241030,通州,北关,101126329759,温榆河畔地铁六号线花园洋房精装保持的很好,208万,40873元/平,高楼层 (共10层) | 2013年 | 1室0厅 | 50.89平米 | 南,https://ke-image.ljcdn.com/110000-inspection/688255bb-285e-417e-9309-a0bea4d8947e_1000.jpg!m_fill,w_280,h_210,f_jpg?from=ke.com
20241030,通州,北关,101126307405,西潞苑小区 2室2厅 南 北,170万,23413元/平,顶层 (共6层) | 1995年 | 2室2厅 | 72.61平米 | 南 北,https://ke-image.ljcdn.com/110000-inspection/ba0ca83a-469e-4c24-9f30-d1b324fd53e6_1000.jpg!m_fill,w_280,h_210,f_jpg?from=ke.com
20241030,通州,北关,101126287223,地铁6号线  温榆河畔  精装修 通透两居房主自荐,320万,42492元/平,顶层 (共10层) | 2013年 | 2室1厅 | 75.31平米 | 东 西,https://ke-image.ljcdn.com/110000-inspection/pc1_KHh3vyXpf_2.jpg!m_fill,w_280,h_210,f_jpg?from=ke.com
20241030,通州,北关,101126287128,地铁6号线  温榆河畔 通透两居  户型方正房主自荐,300万,39836元/平,高楼层 (共10层) | 2013年 | 2室1厅 | 75.31平米 | 东 西,https://ke-image.ljcdn.com/110000-inspection/b8950d0a-0802-4cc3-86d0-5c43bd85487c_1000.jpg!m_fill,w_280,h_210,f_jpg?from=ke.com
20241030,通州,北关,101126276141,北关财富东方大三居两卫 高楼层视野好 满五唯一,440万,33617元/平,高楼层 (共26层) 3室2厅 | 130.89平米 | 东南,https://ke-image.ljcdn.com/110000-inspection/5b19f764-b81e-42a4-8cf6-f8f275268b40_1000.jpg!m_fill,w_280,h_210,f_jpg?from=ke.com
20241030,通州,北关,101126268215,精装修南北通透两居室+满五年+通州北关,280万,34297元/平,低楼层 (共18层) | 2014年 | 2室1厅 | 81.64平米 | 南 北,https://ke-image.ljcdn.com/110000-inspection/0808aae3-6ff7-4618-95e8-556e71ad8b05_1000.jpg!m_fill,w_280,h_210,f_jpg?from=ke.com
20241030,通州,北关,101126264256,房地远洋悦山水 1室0厅 南 北,180万,32728元/平,中楼层 (共22层) | 2017年 | 1室0厅 | 55平米 | 南 北,https://ke-image.ljcdn.com/110000-inspection/804a9088-9640-4209-b9b2-0ebb1bf5ae6c_1000.jpg!m_fill,w_280,h_210,f_jpg?from=ke.com
20241030,通州,北关,101126263813,安顺北里南北通透一居室2层客厅和主卧室朝南。,230万,35472元/平,低楼层 (共6层) 1室1厅 | 64.84平米 | 南 北,https://ke-image.ljcdn.com/110000-inspection/0a63edc9-9a16-43c5-bb18-c4a7a1aa4b0e_1000.jpg!m_fill,w_280,h_210,f_jpg?from=ke.com
20241030,通州,北关,101126228099,馨通家园 2室2厅 南 北,370万,37721元/平,低楼层 (共12层) 2室2厅 | 98.09平米 | 南 北,https://ke-image.ljcdn.com/110000-inspection/b6636651-2540-4857-88f5-21fb22349ea7_1000.jpg!m_fill,w_280,h_210,f_jpg?from=ke.com
20241030,通州,北关,101126208023,6号线地铁  北京物资学院家属院   校园环境,315万,55341元/平,底层 (共4层) 2室1厅 | 56.92平米 | 南 北,https://ke-image.ljcdn.com/110000-inspection/pc1_kZrLo7EGn_1.jpg!m_fill,w_280,h_210,f_jpg?from=ke.com
20241030,通州,北关,101126204184,房地远洋悦山水 1室1厅 南 北,165万,29266元/平,高楼层 (共22层) | 2017年 | 1室1厅 | 56.38平米 | 南 北,https://ke-image.ljcdn.com/110000-inspection/c13f6969-f22a-4ed9-88b8-280f3f40eb97_1000.jpg!m_fill,w_280,h_210,f_jpg?from=ke.com
20241030,通州,北关,101126177127,馨通家园 1室1厅 南,295万,40329元/平,中楼层 (共11层) 1室1厅 | 73.15平米 | 南,https://ke-image.ljcdn.com/110000-inspection/25c7614b-1ccf-461e-88ca-6cc0bd5bae03_1000.jpg!m_fill,w_280,h_210,f_jpg?from=ke.com
20241030,通州,北关,101126170291,运河商务区 北关地铁 财富东方,312万,30974元/平,高楼层 (共13层) | 2007年 | 2室1厅 | 100.73平米 | 西南,https://ke-image.ljcdn.com/110000-inspection/78b9373d-7c04-44ce-bbd5-73ff325fab50_1000.jpg!m_fill,w_280,h_210,f_jpg?from=ke.com
20241030,通州,北关,101126163679,新光大中心 1室1厅 北,128万,26376元/平,高楼层 (共41层) 1室1厅 | 48.53平米 | 北,https://ke-image.ljcdn.com/110000-inspection/20ee2c8a-d003-45c5-abee-aa4c8af92fca_1000.jpg!m_fill,w_280,h_210,f_jpg?from=ke.com
20241030,通州,北关,101126155104,通惠小区 2室1厅 南 北,179万,26258元/平,高楼层 (共6层) 2室1厅 | 68.17平米 | 南 北,https://ke-image.ljcdn.com/110000-inspection/0153ac84-a6af-47f5-8b54-6fc41f398c89_1000.jpg!m_fill,w_280,h_210,f_jpg?from=ke.com
20241030,通州,北关,101126118385,馨通家园 3室1厅 南 西,480万,35896元/平,中楼层 (共11层) 3室1厅 | 133.72平米 | 南 西,https://ke-image.ljcdn.com/110000-inspection/c3bb6a4d-b70f-4390-ad31-8cf0082a4a89_1000.jpg!m_fill,w_280,h_210,f_jpg?from=ke.com
20241030,通州,北关,101126114487,8哩岛南向一居 精装修 可贷款,245万,40033元/平,低楼层 (共10层) | 2013年 | 1室1厅 | 61.2平米 | 南,https://ke-image.ljcdn.com/110000-inspection/d2c52362-7bee-44bd-a997-a642df4595df_1000.jpg!m_fill,w_280,h_210,f_jpg?from=ke.com
20241030,通州,北关,101126109237,安顺路219号无抵押业主随时可签,248万,27985元/平,高楼层 (共6层) | 2002年 | 2室2厅 | 88.62平米 | 南 北,https://ke-image.ljcdn.com/110000-inspection/363e93db-b4fe-4fbc-8f99-bfd3eda7a47c_1000.jpg!m_fill,w_280,h_210,f_jpg?from=ke.com
20241030,通州,北关,101126087176,通州北关金地格林格林+2014年商品房+满五年,198万,36046元/平,低楼层 (共16层) 1室1厅 | 54.93平米 | 南 北,https://ke-image.ljcdn.com/110000-inspection/7c55aa84-cf66-4902-939f-3d538aa85336_1000.jpg!m_fill,w_280,h_210,f_jpg?from=ke.com
20241030,通州,北关,101126075924,朝通嘉园南北通透满五唯一正规三居室,362万,29886元/平,顶层 (共6层) | 2003年 | 3室2厅 | 121.13平米 | 南 北,https://ke-image.ljcdn.com/110000-inspection/7c12a560-227d-4b37-b1d1-5e120690fc69_1000.jpg!m_fill,w_280,h_210,f_jpg?from=ke.com
20241030,通州,北关,101126046364,碧水满五唯一 中高层 东南向 视野好 免费车位房主自荐,288万,30316元/平,高楼层 (共23层) 2室1厅 | 95平米 | 东南,https://ke-image.ljcdn.com/110000-inspection/pc1_HImEhbEL8_1.jpg!m_fill,w_280,h_210,f_jpg?from=ke.com
20241030,通州,北关,101126045070,房地远洋悦山水 2室1厅 南,279万,33806元/平,中楼层 (共21层) | 2017年 | 2室1厅 | 82.53平米 | 南,https://ke-image.ljcdn.com/110000-inspection/pc1_enFImi0Jo_1.jpg!m_fill,w_280,h_210,f_jpg?from=ke.com
20241030,通州,北关,101126031529,通州北关物资学院地铁6号线天赐良园二期精装三居,535万,34922元/平,中楼层 (共7层) | 2002年 | 3室2厅 | 153.2平米 | 南 北,https://ke-image.ljcdn.com/110000-inspection/576a1268-56d6-48cd-8835-e1be6a5a7338_1000.jpg!m_fill,w_280,h_210,f_jpg?from=ke.com
20241030,通州,北关,101126004449,财富东方 南向两居室 落地阳台 视野开阔,380万,33561元/平,低楼层 (共26层) | 2007年 | 2室2厅 | 113.23平米 | 南,https://ke-image.ljcdn.com/110000-inspection/36c17def-6ba2-4b27-9fed-a2ffb93649bc_1000.jpg!m_fill,w_280,h_210,f_jpg?from=ke.com
20241030,通州,北关,101125990612,小区市政用水市政用电市政燃气小区有公园生,220万,32530元/平,高楼层 (共6层) 2室1厅 | 67.63平米 | 南 北,https://ke-image.ljcdn.com/110000-inspection/6fbaaebd-c89b-425c-b073-d7c4ecb7b0ec_1000.jpg!m_fill,w_280,h_210,f_jpg?from=ke.com
20241030,通州,北关,101125985295,南北双通透户型 功能间动静分离 互不干扰 高楼层,650万,38983元/平,高楼层 (共9层) 3室2厅 | 166.74平米 | 南 北,https://ke-image.ljcdn.com/110000-inspection/pc1_b6nHM5NMu_1.jpg!m_fill,w_280,h_210,f_jpg?from=ke.com
20241030,通州,北关,101125968440,西潞苑小区 2室2厅 南 北,310万,36047元/平,底层 (共6层) | 1995年 | 2室2厅 | 86平米 | 南 北,https://ke-image.ljcdn.com/110000-inspection/64b2b39d-c476-420f-bd81-0723cd3c4a29_1000.jpg!m_fill,w_280,h_210,f_jpg?from=ke.com
20241030,通州,北关,101125949808,此房满五唯一南北通透两居室带阳台落地窗。,365万,42776元/平,中楼层 (共6层) | 2002年 | 2室2厅 | 85.33平米 | 南 北,https://ke-image.ljcdn.com/110000-inspection/pc1_uYoBlcZ51_1.jpg!m_fill,w_280,h_210,f_jpg?from=ke.com
20241030,通州,北关,101125941310,通惠小区 2室1厅 南 北,199万,29386元/平,高楼层 (共6层) 2室1厅 | 67.72平米 | 南 北,https://ke-image.ljcdn.com/110000-inspection/57935975-1eef-4080-91a8-760d98b2986f_1000.jpg!m_fill,w_280,h_210,f_jpg?from=ke.com
20241030,通州,北关,101125929093,天赐良园二期 南北通透H户型 落地窗大阳台,405万,37933元/平,中楼层 (共7层) 2室2厅 | 106.77平米 | 南 北,https://ke-image.ljcdn.com/110000-inspection/10da48d8-adac-4018-a16d-d3f4a3bca57e_1000.jpg!m_fill,w_280,h_210,f_jpg?from=ke.com
20241030,通州,北关,101125924238,6号线地铁口  物资学院家属院  可享食堂操场配套,209万,32174元/平,顶层 (共6层) 2室1厅 | 64.96平米 | 南 北,https://ke-image.ljcdn.com/110000-inspection/1f54e3f7-10bf-44ae-bcd9-072cde98751c_1000.jpg!m_fill,w_280,h_210,f_jpg?from=ke.com
20241030,通州,北关,101125883426,天赐良园二期 商品房 70年产权住宅 周边配套完善,47万,28314元/平,地下室 (共7层) | 2002年 | 1室0厅 | 16.6平米 | 北,https://ke-image.ljcdn.com/110000-inspection/pc1_TagmlHbov_1.jpg!m_fill,w_280,h_210,f_jpg?from=ke.com
20241030,通州,北关,101125876632,运河商务区地铁6号线北关站南北通透小两居,228万,32127元/平,低楼层 (共6层) 2室1厅 | 70.97平米 | 南 北,https://ke-image.ljcdn.com/110000-inspection/794cb2b7-bcf8-4a5f-ade0-5d2a1fc6f8d5_1000.jpg!m_fill,w_280,h_210,f_jpg?from=ke.com
20241030,通州,北关,101125790832,天赐良园东三期A区 2室1厅 南 北,295万,37865元/平,高楼层 (共6层) 2室1厅 | 77.91平米 | 南 北,https://ke-image.ljcdn.com/110000-inspection/pc1_u80CphkGC_2.jpg!m_fill,w_280,h_210,f_jpg?from=ke.com
20241030,通州,北关,101125779817,天赐良园东三期A区采光好视野宽阔,620万,43260元/平,中楼层 (共6层) 3室2厅 | 143.32平米 | 南 北,https://ke-image.ljcdn.com/110000-inspection/pc1_RAscOI5de_2.jpg!m_fill,w_280,h_210,f_jpg?from=ke.com
20241030,通州,北关,101125778730,永顺西里 2室1厅 南 北,215万,30406元/平,高楼层 (共6层) | 1995年 | 2室1厅 | 70.71平米 | 南 北,https://ke-image.ljcdn.com/110000-inspection/bb84a7d5-43c2-4cb5-94b2-3d025ca5dd66_1000.jpg!m_fill,w_280,h_210,f_jpg?from=ke.com
20241030,通州,北关,101125755064,地铁6号线 南北通透两居 带6.3平米储物间低楼层,399万,38447元/平,低楼层 (共6层) | 2004年 | 2室2厅 | 103.78平米 | 南 北,https://ke-image.ljcdn.com/110000-inspection/pc1_iNf1sY9Qo_1.jpg!m_fill,w_280,h_210,f_jpg?from=ke.com
20241030,通州,北关,101125720409,富河园  南北通透3居室 视野宽阔  采光充足,342万,29838元/平,中楼层 (共7层) 3室1厅 | 114.62平米 | 南 北,https://ke-image.ljcdn.com/110000-inspection/45a59709-689e-4230-a8b8-8f0a54724e62_1000.jpg!m_fill,w_280,h_210,f_jpg?from=ke.com
20241030,通州,北关,101125685696,民政局家属楼 南北通透两居 地铁22号线,209万,29973元/平,高楼层 (共6层) | 1993年 | 2室1厅 | 69.73平米 | 南 北,https://ke-image.ljcdn.com/110000-inspection/c17f6822-bb6e-475a-85d0-178519cd238a_1000.jpg!m_fill,w_280,h_210,f_jpg?from=ke.com
20241030,通州,北关,101125683838,通惠小区  万达南北两居  客厅有窗户,228万,33525元/平,中楼层 (共6层) 2室1厅 | 68.01平米 | 南 北,https://ke-image.ljcdn.com/110000-inspection/d07d8c1a-b889-498e-95f3-79cd292620ea_1000.jpg!m_fill,w_280,h_210,f_jpg?from=ke.com
20241030,通州,北关,101125675816,金地格林格林 2室1厅 南,265万,35734元/平,低楼层 (共18层) 2室1厅 | 74.16平米 | 南,https://ke-image.ljcdn.com/110000-inspection/0c304c0c-dd4a-45c1-a0e9-58a30fc2047d_1000.jpg!m_fill,w_280,h_210,f_jpg?from=ke.com
20241030,通州,北关,101125646678,永顺西里南北通透两居室有钥匙随时可看,220万,31113元/平,顶层 (共6层) | 1995年 | 2室1厅 | 70.71平米 | 南 北,https://ke-image.ljcdn.com/110000-inspection/2459fd26-7e85-41e4-967d-6a0165ab59c6_1000.jpg!m_fill,w_280,h_210,f_jpg?from=ke.com
20241030,通州,北关,101125639050,西潞苑小区 2室1厅 南 北,259万,24998元/平,顶层 (共6层) | 2003年 | 2室1厅 | 103.61平米 | 南 北,https://ke-image.ljcdn.com/110000-inspection/73ec1847-2c00-4cdb-a4d4-f691548eb287_1000.jpg!m_fill,w_280,h_210,f_jpg?from=ke.com
20241030,通州,北关,101125591088,精装修南北朝向中间层拎包入住房主自荐,210万,30325元/平,中楼层 (共6层) | 1997年 | 2室1厅 | 69.25平米 | 南 北,https://ke-image.ljcdn.com/110000-inspection/pc1_a9DbTZxrv_1.jpg!m_fill,w_280,h_210,f_jpg?from=ke.com
20241030,通州,北关,101125569856,财富东方落地窗户户型方正精装修,158万,35522元/平,中楼层 (共26层) 1室0厅 | 44.48平米 | 北,https://ke-image.ljcdn.com/110000-inspection/24116f68-165f-4265-a426-92cfc4c02887_1000.jpg!m_fill,w_280,h_210,f_jpg?from=ke.com
20241030,通州,北关,101125523950,天赐良园一期 2室1厅 南 北房主自荐,312万,41981元/平,低楼层 (共7层) 2室1厅 | 74.32平米 | 南 北,https://ke-image.ljcdn.com/110000-inspection/196d7f13-4da2-4cf3-94f1-c5ace0fc526f_1000.jpg!m_fill,w_280,h_210,f_jpg?from=ke.com
20241030,通州,北关,101125441470,诚意出售+2014年新小区+精装南北通透一居,190万,34559元/平,高楼层 (共18层) | 2013年 | 1室1厅 | 54.98平米 | 南 北,https://ke-image.ljcdn.com/110000-inspection/b15d3440-b450-4f6b-98d4-f8d8240ecf14_1000.jpg!m_fill,w_280,h_210,f_jpg?from=ke.com
20241030,通州,北关,101125398839,北京胸科医院家属区 3室1厅 南 北,260万,32995元/平,高楼层 (共6层) | 1992年 | 3室1厅 | 78.8平米 | 南 北,https://ke-image.ljcdn.com/110000-inspection/3fdcd426-60c5-404b-8140-7c8520ac860c_1000.jpg!m_fill,w_280,h_210,f_jpg?from=ke.com
20241030,通州,北关,101125391087,近常营 草房地铁  门口公园  南北通透 三居两卫,345万,30673元/平,底层 (共6层) | 2003年 | 3室2厅 | 112.48平米 | 南 北,https://ke-image.ljcdn.com/110000-inspection/40449b97-36b1-4786-b280-fcd386367350_1000.jpg!m_fill,w_280,h_210,f_jpg?from=ke.com
20241030,通州,北关,101125385770,地铁六号线南北通透两居采光好楼层好,290万,39553元/平,高楼层 (共7层) 2室1厅 | 73.32平米 | 南 北,https://ke-image.ljcdn.com/110000-inspection/pc1_XTon08xEs_2.jpg!m_fill,w_280,h_210,f_jpg?from=ke.com
20241030,通州,北关,101125345795,财富东方 2室1厅 东南,315万,31764元/平,中楼层 (共26层) | 2007年 | 2室1厅 | 99.17平米 | 东南,https://ke-image.ljcdn.com/110000-inspection/fc94d54b-dd23-4c4c-81ca-d720df57241c_1000.jpg!m_fill,w_280,h_210,f_jpg?from=ke.com
20241030,通州,北关,101125319578,地铁6号线  南北通透  不临街 诚心出售,388万,38634元/平,中楼层 (共6层) 2室1厅 | 100.43平米 | 南 北,https://ke-image.ljcdn.com/110000-inspection/pc1_r0ErX80iI.jpg!m_fill,w_280,h_210,f_jpg?from=ke.com
20241030,通州,北关,101125306498,房地远洋悦山水 1室1厅 南,175万,31441元/平,中楼层 (共22层) | 2017年 | 1室1厅 | 55.66平米 | 南,https://ke-image.ljcdn.com/110000-inspection/9219b712-d2cd-468c-971c-24285d286fcf_1000.jpg!m_fill,w_280,h_210,f_jpg?from=ke.com
20241030,通州,北关,101125294998,翠福园此户型唯 一在售首付40仅1%契税自住,215万,25593元/平,顶层 (共6层) | 2003年 | 2室1厅 | 84.01平米 | 东南,https://ke-image.ljcdn.com/110000-inspection/5dd0cf3d-a8b1-4dfd-b0f9-f95176144f7e_1000.jpg!m_fill,w_280,h_210,f_jpg?from=ke.com
20241030,通州,北关,101125245697,碧水明珠  东南朝向  户型方正,330万,36272元/平,低楼层 (共10层) 2室1厅 | 90.98平米 | 东南,https://ke-image.ljcdn.com/110000-inspection/pc1_BrQDew0gA_1.jpg!m_fill,w_280,h_210,f_jpg?from=ke.com
20241030,通州,北关,101125218933,万达+通惠北路12号院+中间层方正户型,290万,31729元/平,中楼层 (共6层) 2室1厅 | 91.4平米 | 南 北,https://ke-image.ljcdn.com/110000-inspection/cd8a78be-3c5f-498b-ad15-db1e18edc060_1000.jpg!m_fill,w_280,h_210,f_jpg?from=ke.com
20241030,通州,北关,101125194351,民政局家属楼 南北通透正规三居,278万,32095元/平,高楼层 (共6层) | 1994年 | 3室1厅 | 86.62平米 | 南 北,https://ke-image.ljcdn.com/110000-inspection/e6d4b8ae-a248-4234-964e-8606180c23da_1000.jpg!m_fill,w_280,h_210,f_jpg?from=ke.com
20241030,通州,北关,101125173184,地铁6号线M101+次新小区+南北西三居温榆河公园,365万,40860元/平,中楼层 (共18层) 3室1厅 | 89.33平米 | 南 北,https://ke-image.ljcdn.com/110000-inspection/c20abd6c-63a6-4d06-887f-94b514f3cd15_1000.jpg!m_fill,w_280,h_210,f_jpg?from=ke.com
20241030,通州,北关,101125165648,通州北关商务区 碧水明珠 电梯三居室,379万,30354元/平,中楼层 (共23层) 3室1厅 | 124.86平米 | 东南 西北,https://ke-image.ljcdn.com/110000-inspection/2e5d6641-0a61-47d0-869d-4464a0614a4d_1000.jpg!m_fill,w_280,h_210,f_jpg?from=ke.com
20241030,通州,北关,101125107538,碧水明珠 2室1厅 西,320万,32794元/平,中楼层 (共23层) 2室1厅 | 97.58平米 | 西,https://ke-image.ljcdn.com/110000-inspection/pc1_DTcWPFGFK_1.jpg!m_fill,w_280,h_210,f_jpg?from=ke.com
20241030,通州,北关,101125104838,财贸宿舍 2室2厅 南 北,298万,32339元/平,顶层 (共6层) 2室2厅 | 92.15平米 | 南 北,https://ke-image.ljcdn.com/110000-inspection/pc1_icCRi1dmg_1.jpg!m_fill,w_280,h_210,f_jpg?from=ke.com
20241030,通州,北关,101125094598,满五唯一正规一居室电梯房客厅卧室朝南。,156万,27729元/平,低楼层 (共22层) | 2017年 | 1室1厅 | 56.26平米 | 南,https://ke-image.ljcdn.com/110000-inspection/76eb9c6d-e212-478f-b5a4-489f7bfe6508_1000.jpg!m_fill,w_280,h_210,f_jpg?from=ke.com
20241030,通州,北关,101125093959,满五唯一只有契税南北通透全明格局,168万,24260元/平,高楼层 (共6层) | 1997年 | 1室2厅 | 69.25平米 | 南 北,https://ke-image.ljcdn.com/110000-inspection/55dc7bce-82bd-415d-bf56-ce7493b40589_1000.jpg!m_fill,w_280,h_210,f_jpg?from=ke.com
20241030,通州,北关,101125039487,金地格林格林高楼层两居室可随时看房,269万,34563元/平,中楼层 (共18层) 2室1厅 | 77.83平米 | 南,https://ke-image.ljcdn.com/110000-inspection/11e56ef0-20e5-4713-9d94-709aceaad020_1000.jpg!m_fill,w_280,h_210,f_jpg?from=ke.com
20241030,通州,北关,101125020712,地铁22号线  明厨明卫三居室房主自荐,245万,28220元/平,高楼层 (共6层) | 1993年 | 3室1厅 | 86.82平米 | 南 北,https://ke-image.ljcdn.com/110000-inspection/9b27c657-6455-45ff-9b18-8bf4b0e08e91_1000.jpg!m_fill,w_280,h_210,f_jpg?from=ke.com
20241030,通州,北关,101125020009,西潞苑小区 精装修 一居 拎包入住,160万,28633元/平,顶层 (共6层) 1室1厅 | 55.88平米 | 南,https://ke-image.ljcdn.com/110000-inspection/edaee1d3-f41d-4050-8f02-7b4f0db5f373_1000.jpg!m_fill,w_280,h_210,f_jpg?from=ke.com
20241030,通州,北关,101124999044,满五唯一通透电梯房全明格局中高楼层,185万,32884元/平,低楼层 (共22层) | 2017年 | 1室1厅 | 56.26平米 | 南,https://ke-image.ljcdn.com/110000-inspection/502ad9cd-c37b-4365-9000-8d62deea712a_1000.jpg!m_fill,w_280,h_210,f_jpg?from=ke.com
20241030,通州,北关,101124998097,此房满五唯一南北通透两居室带阳台落地窗。,350万,40323元/平,中楼层 (共7层) 2室2厅 | 86.8平米 | 南 北,https://ke-image.ljcdn.com/110000-inspection/pc1_wQqFhSjHg_1.jpg!m_fill,w_280,h_210,f_jpg?from=ke.com
20241030,通州,北关,101124979402,运河铭著 3室1厅 南 北,540万,39097元/平,高楼层 (共18层) | 2017年 | 3室1厅 | 138.12平米 | 南 北,https://ke-image.ljcdn.com/110000-inspection/df0ae89a-6a5b-40ac-91f5-4e7dd8499571_1000.jpg!m_fill,w_280,h_210,f_jpg?from=ke.com
20241030,通州,北关,101124963017,物资学院地铁站6号线金地格林格林精装一居,195万,35520元/平,中楼层 (共18层) 1室1厅 | 54.9平米 | 南 北,https://ke-image.ljcdn.com/110000-inspection/725933f8-d775-4773-b95d-e91aac2180d7_1000.jpg!m_fill,w_280,h_210,f_jpg?from=ke.com
20241030,通州,北关,101124959720,地铁六号线物资学院站交通方便小三居,415万,51817元/平,中楼层 (共4层) 3室1厅 | 80.09平米 | 南 北,https://ke-image.ljcdn.com/110000-inspection/a54d3126-0ec8-4d91-9563-fc79c2eaacb3_1000.jpg!m_fill,w_280,h_210,f_jpg?from=ke.com
20241030,通州,北关,101124940997,落地窗视野开阔 楼龄新电梯房交通便利,117万,24773元/平,低楼层 (共41层) 1室0厅 | 47.23平米 | 北,https://ke-image.ljcdn.com/110000-inspection/b250e03d-6d6c-4339-b477-063d23671978_1000.jpg!m_fill,w_280,h_210,f_jpg?from=ke.com
20241030,通州,北关,101124906959,温榆河畔地铁六号线南北通透采光好,315万,36560元/平,中楼层 (共7层) 2室1厅 | 86.16平米 | 东 南 北,https://ke-image.ljcdn.com/110000-inspection/3ad1d407-8708-471c-85c7-db77bfc99ccb_1000.jpg!m_fill,w_280,h_210,f_jpg?from=ke.com
20241030,通州,北关,101124903972,永顺西里 3室1厅 北 南,430万,32840元/平,中楼层 (共6层) | 1995年 | 3室1厅 | 130.94平米 | 北 南,https://ke-image.ljcdn.com/110000-inspection/757a9109-bce1-4f48-906e-8d01091b7f11_1000.jpg!m_fill,w_280,h_210,f_jpg?from=ke.com
20241030,通州,北关,101124868554,富河园 南北通透 全明户型 格局方正,272万,31179元/平,中楼层 (共6层) 3室1厅 | 87.24平米 | 南 北,https://ke-image.ljcdn.com/110000-inspection/ae2334b9-c73f-46af-90ef-601dbb2bd720_1000.jpg!m_fill,w_280,h_210,f_jpg?from=ke.com
20241030,通州,北关,101124858719,房地远洋悦山水 2室1厅 南 北,280万,33715元/平,中楼层 (共22层) | 2017年 | 2室1厅 | 83.05平米 | 南 北,https://ke-image.ljcdn.com/110000-inspection/ac67f583-d07a-46e8-bd4e-6c605c6e6d38_1000.jpg!m_fill,w_280,h_210,f_jpg?from=ke.com
20241030,通州,北关,101124855775,朝通嘉园 2室1厅 南 北,222万,23938元/平,顶层 (共6层) 2室1厅 | 92.74平米 | 南 北,https://ke-image.ljcdn.com/110000-inspection/192dd5ac-d4c8-4f86-ab09-0ef979e3412c_1000.jpg!m_fill,w_280,h_210,f_jpg?from=ke.com
20241030,通州,北关,101124823725,馨通家园 2室2厅 南 北,336万,34726元/平,中楼层 (共6层) | 2003年 | 2室2厅 | 96.76平米 | 南 北,https://ke-image.ljcdn.com/110000-inspection/cf2acc4e-92ec-4fac-9a83-9a0050c07696_1000.jpg!m_fill,w_280,h_210,f_jpg?from=ke.com
20241030,通州,北关,101124814381,南北通透大三居好楼层 6号线物资学院站 产权清晰房主自荐,498万,38507元/平,中楼层 (共7层) 3室1厅 | 129.33平米 | 南 北,https://ke-image.ljcdn.com/110000-inspection/46ed3662-9e54-462b-8709-e0438aeb262e_1000.jpg!m_fill,w_280,h_210,f_jpg?from=ke.com
20241030,通州,北关,101124791156,地铁6号线南北通透H户型楼层好视野宽阔,415万,40623元/平,中楼层 (共6层) 2室1厅 | 102.16平米 | 南 北,https://ke-image.ljcdn.com/110000-inspection/6d297b11-f9d5-4c26-a741-a175128036e3_1000.jpg!m_fill,w_280,h_210,f_jpg?from=ke.com
20241030,通州,北关,101124790911,此房满五唯一南北双通透中间楼层采光足视野开,295万,33095元/平,底层 (共6层) 2室1厅 | 89.14平米 | 南 北,https://ke-image.ljcdn.com/110000-inspection/d718a56a-f20c-4080-902c-7e930add1164_1000.jpg!m_fill,w_280,h_210,f_jpg?from=ke.com
20241030,通州,北关,101124768247,北关地铁1000米电梯三居室对面远洋乐di港。,360万,28833元/平,高楼层 (共23层) | 2004年 | 3室1厅 | 124.86平米 | 东南,https://ke-image.ljcdn.com/110000-inspection/fce61a17-1c6a-4347-80ee-db644d226d27_1000.jpg!m_fill,w_280,h_210,f_jpg?from=ke.com
20241030,通州,北关,101124759721,翠福园 3室2厅 南 北,338万,26492元/平,顶层 (共6层) | 2005年 | 3室2厅 | 127.59平米 | 南 北,https://ke-image.ljcdn.com/110000-inspection/d99a9ee0-9f5e-4adc-8bf3-3dca4ef658ee_1000.jpg!m_fill,w_280,h_210,f_jpg?from=ke.com
20241030,通州,北关,101124728848,地铁六号线南北东三面采光双卫储藏室安静三居华城花园房主自荐,400万,35524元/平,顶层 (共6层) 3室2厅 | 112.6平米 | 东 南 北,https://ke-image.ljcdn.com/110000-inspection/65372679-f2ec-4194-9587-3c867ad11092_1000.jpg!m_fill,w_280,h_210,f_jpg?from=ke.com
20241030,通州,北关,101124709683,劳动局家属院 2室1厅 南 北,165万,29407元/平,中楼层 (共6层) 2室1厅 | 56.11平米 | 南 北,https://ke-image.ljcdn.com/110000-inspection/39016943-f472-42c6-b76e-bf26dbf227be_1000.jpg!m_fill,w_280,h_210,f_jpg?from=ke.com
20241030,通州,北关,101124682035,西潞苑小区 3室1厅 南 北,260万,24450元/平,顶层 (共6层) 3室1厅 | 106.34平米 | 南 北,https://ke-image.ljcdn.com/110000-inspection/3618361d-ec0a-4fcb-a631-76563bdbdf3a_1000.jpg!m_fill,w_280,h_210,f_jpg?from=ke.com
20241030,通州,北关,101124679347,财富东方 东向二居室 直面运河商务区 六号线北关站房主自荐,299万,36701元/平,中楼层 (共26层) 2室2厅 | 81.47平米 | 东,https://ke-image.ljcdn.com/110000-inspection/098785a2-d0eb-4500-b8f0-5c7e402c797b_1000.jpg!m_fill,w_280,h_210,f_jpg?from=ke.com
20241030,通州,北关,101124662124,永顺西里 客厅有窗户  地铁22号线,240万,33770元/平,中楼层 (共6层) | 1993年 | 2室1厅 | 71.07平米 | 南 北,https://ke-image.ljcdn.com/110000-inspection/0aefa57a-a971-4239-a0a5-5fe916362bea_1000.jpg!m_fill,w_280,h_210,f_jpg?from=ke.com
20241030,通州,北关,101124613777,金地格林格林满五唯一中高三居室视野好采光好,368万,41677元/平,中楼层 (共18层) 3室1厅 | 88.3平米 | 南 北,https://ke-image.ljcdn.com/110000-inspection/575a001b-c660-4f37-9533-717d3dbe0833_1000.jpg!m_fill,w_280,h_210,f_jpg?from=ke.com
20241030,通州,北关,101124603065,西潞苑小区 2室1厅 南 北房主自荐,190万,24115元/平,顶层 (共6层) 2室1厅 | 78.79平米 | 南 北,https://ke-image.ljcdn.com/110000-inspection/eb8442ef-8feb-4e57-b177-517ee091ef00_1000.jpg!m_fill,w_280,h_210,f_jpg?from=ke.com
20241030,通州,北关,101124601094,运河商务区电梯新社区随时看房满五唯一。房主自荐,255万,33628元/平,低楼层 (共18层) 2室1厅 | 75.83平米 | 南,https://ke-image.ljcdn.com/110000-inspection/e7a15251-b0e5-4df0-a575-fe3d8003f71f_1000.jpg!m_fill,w_280,h_210,f_jpg?from=ke.com
20241030,通州,北关,101124594659,房子自己精装修自主保持好通州北关金地格林格林,269万,35550元/平,低楼层 (共18层) | 2014年 | 2室1厅 | 75.67平米 | 南,https://ke-image.ljcdn.com/110000-inspection/e495b17e-ccdb-4570-acf3-dfc448c1b2da_1000.jpg!m_fill,w_280,h_210,f_jpg?from=ke.com
20241030,通州,北关,101124572778,温榆河畔 平层 一梯两户 采光充足 视野开阔,725万,40388元/平,中楼层 (共9层) | 2013年 | 4室2厅 | 179.51平米 | 南 北,https://ke-image.ljcdn.com/110000-inspection/7d2598f8-6937-4acd-8a26-181d3f4440c3_1000.jpg!m_fill,w_280,h_210,f_jpg?from=ke.com
20241030,通州,北关,101124560239,南北通透 户型方正 交通便利 商圈配套齐全,200万,31324元/平,顶层 (共6层) | 1992年 | 2室1厅 | 63.85平米 | 南 北,https://ke-image.ljcdn.com/110000-inspection/f7dae274-9853-4e7c-90d5-fae98ba9bb70_1000.jpg!m_fill,w_280,h_210,f_jpg?from=ke.com
20241030,通州,北关,101124560080,房子满五唯一南北通透 楼层好配套齐全视野好,399万,34790元/平,中楼层 (共6层) | 2003年 | 3室1厅 | 114.69平米 | 南 北,https://ke-image.ljcdn.com/110000-inspection/pc1_MzGO12yei_1.jpg!m_fill,w_280,h_210,f_jpg?from=ke.com
20241030,通州,北关,101124496379,物资学院地铁站6号线金地格林格林精装房,366万,40913元/平,中楼层 (共18层) | 2013年 | 3室1厅 | 89.46平米 | 东南 北,https://ke-image.ljcdn.com/110000-inspection/cb7c3461-4c16-4e8e-a8dd-3c486fde943c_1000.jpg!m_fill,w_280,h_210,f_jpg?from=ke.com
20241030,通州,北关,101124417067,通州五河交汇处 碧水明珠 电梯两居室房主自荐,272万,31104元/平,中楼层 (共23层) 2室1厅 | 87.45平米 | 东 北,https://ke-image.ljcdn.com/110000-inspection/pc1_updOwbEBb_1.jpg!m_fill,w_280,h_210,f_jpg?from=ke.com
20241030,通州,北关,101124404792,房地远洋悦山水南北通透一居室开间,160万,29924元/平,低楼层 (共22层) | 2017年 | 1室0厅 | 53.47平米 | 北 南,https://ke-image.ljcdn.com/110000-inspection/eaf273e8-8568-43da-84bd-4802a23e2eab_1000.jpg!m_fill,w_280,h_210,f_jpg?from=ke.com
20241030,通州,北关,101124401189,经理主通州北关 商务区 富河园 中间楼层 看房方便,329万,31397元/平,中楼层 (共7层) 2室1厅 | 104.79平米 | 南 北,https://ke-image.ljcdn.com/110000-inspection/a8c109fe-32ec-45ea-8e66-67975b8092f8_1000.jpg!m_fill,w_280,h_210,f_jpg?from=ke.com
20241030,通州,北关,101124386732,碧水明珠 高楼层采光视野开阔 商务区对面 六号线,270万,29036元/平,高楼层 (共23层) | 2004年 | 2室1厅 | 92.99平米 | 东南,https://ke-image.ljcdn.com/110000-inspection/ead688e2-db35-4cf5-a3f6-302887adf800_1000.jpg!m_fill,w_280,h_210,f_jpg?from=ke.com
20241030,通州,北关,101124364632,地铁6号线精装大两居户型通透中间层落地飘窗,403万,40204元/平,中楼层 (共6层) | 2004年 | 2室1厅 | 100.24平米 | 南 北,https://ke-image.ljcdn.com/110000-inspection/20cb9c52-cf8e-4e9b-b457-f51231bb1bad_1000.jpg!m_fill,w_280,h_210,f_jpg?from=ke.com
20241030,通州,北关,101124316014,物资学院家属院 3室1厅 南,300万,55856元/平,底层 (共6层) 3室1厅 | 53.71平米 | 南,https://ke-image.ljcdn.com/110000-inspection/29d931ad-f498-4ebf-b11e-e8c4a2fe0667_1000.jpg!m_fill,w_280,h_210,f_jpg?from=ke.com
20241030,通州,北关,101124283640,万达广场+南北两居室+中间层+满五唯一+随时看房,190万,28095元/平,中楼层 (共6层) 2室1厅 | 67.63平米 | 南 北,https://ke-image.ljcdn.com/110000-inspection/0f209577-d762-4edf-be1f-456ac575c1dc_1000.jpg!m_fill,w_280,h_210,f_jpg?from=ke.com
20241030,通州,北关,101124250041,西潞苑小区 1室1厅 东,176万,27275元/平,顶层 (共3层) 1室1厅 | 64.53平米 | 东,https://ke-image.ljcdn.com/110000-inspection/e4ae09af-1116-4b91-9333-27ae24e56354_1000.jpg!m_fill,w_280,h_210,f_jpg?from=ke.com
20241030,通州,北关,101124214713,西潞苑小区 3室2厅 南 北,295万,34303元/平,中楼层 (共6层) | 1995年 | 3室2厅 | 86平米 | 南 北,https://ke-image.ljcdn.com/110000-inspection/826bdc5a-720e-41c2-a62b-a6d65e54d316_1000.jpg!m_fill,w_280,h_210,f_jpg?from=ke.com
20241030,通州,北关,101124172932,地铁6号线 全南2居 中楼层 采光充足,355万,41536元/平,中楼层 (共5层) 2室2厅 | 85.47平米 | 南,https://ke-image.ljcdn.com/110000-inspection/db1f8e15-3d2b-49fe-b06f-b59438242078_1000.jpg!m_fill,w_280,h_210,f_jpg?from=ke.com
20241030,通州,北关,101124166574,地铁6号线南北格局户型方正配套齐全。,350万,40727元/平,中楼层 (共7层) 2室1厅 | 85.94平米 | 南 北,https://ke-image.ljcdn.com/110000-inspection/pc1_AdK96s0Bo_2.jpg!m_fill,w_280,h_210,f_jpg?from=ke.com
20241030,通州,北关,101124158826,6号线物资学院地铁  小区中间位置  满五唯一,420万,40561元/平,低楼层 (共6层) 2室1厅 | 103.55平米 | 南 北,https://ke-image.ljcdn.com/110000-inspection/66da700a-1257-4dff-a2d6-acf4b02d7c50_1000.jpg!m_fill,w_280,h_210,f_jpg?from=ke.com
20241030,通州,北关,101124136984,此房满五唯一视野宽阔采光充足交通便利环境好,199万,32666元/平,中楼层 (共6层) 2室1厅 | 60.92平米 | 南,https://ke-image.ljcdn.com/110000-inspection/92ed580e-52f5-4c96-9998-8b129bbd2ca7_1000.jpg!m_fill,w_280,h_210,f_jpg?from=ke.com
20241030,通州,北关,101124135235,西潞苑小区 2室1厅 南 北,260万,23970元/平,顶层 (共6层) 2室1厅 | 108.47平米 | 南 北,https://ke-image.ljcdn.com/110000-inspection/26352989-d16f-479b-bb26-9f0065836ad1_1000.jpg!m_fill,w_280,h_210,f_jpg?from=ke.com
20241030,通州,北关,101124117050,天赐良园二期半 2室1厅 南 北,330万,36905元/平,顶层 (共6层) 2室1厅 | 89.42平米 | 南 北,https://ke-image.ljcdn.com/110000-inspection/pc1_ND02pCwmu_2.jpg!m_fill,w_280,h_210,f_jpg?from=ke.com
20241030,通州,北关,101124102003,南北双通透户型 功能间动静分离 互不干扰 高楼层,620万,39149元/平,顶层 (共9层) | 2013年 | 3室2厅 | 158.37平米 | 南 北,https://ke-image.ljcdn.com/110000-inspection/129189b8-4774-4a97-87b3-4f721cdb2812_1000.jpg!m_fill,w_280,h_210,f_jpg?from=ke.com
20241030,通州,北关,101124101650,房子是满五唯一南北通透精装修自住房保持好,210万,31646元/平,中楼层 (共6层) 2室1厅 | 66.36平米 | 东 南 北,https://ke-image.ljcdn.com/110000-inspection/511e69e6-dfb3-4694-abac-b90b5225ce76_1000.jpg!m_fill,w_280,h_210,f_jpg?from=ke.com
20241030,通州,北关,101124064772,房子满五唯一正规一居室一梯四户次新房,180万,31995元/平,顶层 (共22层) | 2017年 | 1室1厅 | 56.26平米 | 南,https://ke-image.ljcdn.com/110000-inspection/08f77931-4d77-46e1-9d17-2b8171cc7c5c_1000.jpg!m_fill,w_280,h_210,f_jpg?from=ke.com
20241030,通州,北关,101124031983,通州北关精装修两居+中高楼层的全南向两居室+采光好房主自荐,314万,41595元/平,高楼层 (共18层) | 2013年 | 2室1厅 | 75.49平米 | 南,https://ke-image.ljcdn.com/110000-inspection/pc1_iJcqPNywe_1.jpg!m_fill,w_280,h_210,f_jpg?from=ke.com
20241030,通州,北关,101124027987,2014年社区精装修视野开阔采光充足地铁6号线房主自荐,285万,37734元/平,中楼层 (共18层) | 2014年 | 2室1厅 | 75.53平米 | 南,https://ke-image.ljcdn.com/110000-inspection/131294b9-e842-4e9f-a25c-d5eba9ffec43_1000.jpg!m_fill,w_280,h_210,f_jpg?from=ke.com
20241030,通州,北关,101123911352,翠福园 2室1厅 南 北,355万,35003元/平,低楼层 (共6层) | 2005年 | 2室1厅 | 101.42平米 | 南 北,https://ke-image.ljcdn.com/110000-inspection/e51c2798-0a10-4c04-a082-00ece26d085f_1000.jpg!m_fill,w_280,h_210,f_jpg?from=ke.com
20241030,通州,北关,101123866332,劳动局家属院 2室1厅 南 北,180万,28741元/平,顶层 (共6层) 2室1厅 | 62.63平米 | 南 北,https://ke-image.ljcdn.com/110000-inspection/a1a1b1b7-97b1-413e-898b-050191e843e3_1000.jpg!m_fill,w_280,h_210,f_jpg?from=ke.com
20241030,通州,北关,101123830869,通州商务区 观河 视野好 交通便利,330万,33819元/平,中楼层 (共23层) 2室2厅 | 97.58平米 | 西,https://ke-image.ljcdn.com/110000-inspection/pc1_KJAkQtbvt_1.jpg!m_fill,w_280,h_210,f_jpg?from=ke.com
20241030,通州,北关,101123823439,温榆河畔地铁六号线朝南两居室花园洋房,399万,46165元/平,中楼层 (共10层) 2室1厅 | 86.43平米 | 南,https://ke-image.ljcdn.com/110000-inspection/e23b9b34-316f-4ebc-82fc-bdbcb58bffb2_1000.jpg!m_fill,w_280,h_210,f_jpg?from=ke.com
20241030,通州,北关,101123807437,通州五河交汇处 富河园 中间楼层 南北两居室,310万,29952元/平,中楼层 (共7层) 2室2厅 | 103.5平米 | 南 北,https://ke-image.ljcdn.com/110000-inspection/c54d72de-bb0f-4917-8897-18e0c54aed26_1000.jpg!m_fill,w_280,h_210,f_jpg?from=ke.com
20241030,通州,北关,101123792854,地铁6号线  温榆河旁 洋房社区  看房方便,408万,46806元/平,低楼层 (共8层) 2室2厅 | 87.17平米 | 东 西,https://ke-image.ljcdn.com/110000-inspection/250387e4-e9ca-4088-b27d-e568b3e86ebb_1000.jpg!m_fill,w_280,h_210,f_jpg?from=ke.com
20241030,通州,北关,101123763577,通惠小区   北关  万达南北两居,230万,33819元/平,中楼层 (共6层) 2室1厅 | 68.01平米 | 南 北,https://ke-image.ljcdn.com/110000-inspection/a8ebfb06-4ce7-4522-9c4f-28d505f316bb_1000.jpg!m_fill,w_280,h_210,f_jpg?from=ke.com
20241030,通州,北关,101123762227,永顺西里采光好视野宽阔配套设施齐全,286万,31196元/平,低楼层 (共6层) 3室1厅 | 91.68平米 | 南 北,https://ke-image.ljcdn.com/110000-inspection/0e075d4e-8ee3-441f-bd2d-dc2557388fd2_1000.jpg!m_fill,w_280,h_210,f_jpg?from=ke.com
20241030,通州,北关,101123759625,6号线地梯房  精装修  无遮挡  落地窗视野好 有车位,445万,43727元/平,高楼层 (共6层) | 2004年 | 2室1厅 | 101.77平米 | 南 北,https://ke-image.ljcdn.com/110000-inspection/pc1_CMjFIvNPY_2.jpg!m_fill,w_280,h_210,f_jpg?from=ke.com
20241030,通州,北关,101123753068,翠福园 2室1厅 南 北,265万,28978元/平,高楼层 (共6层) 2室1厅 | 91.45平米 | 南 北,https://ke-image.ljcdn.com/110000-inspection/a9bde0b4-50ef-4213-b35d-58df22bd3650_1000.jpg!m_fill,w_280,h_210,f_jpg?from=ke.com
20241030,通州,北关,101123698377,通惠小区 2室1厅 南 北,226万,33250元/平,中楼层 (共6层) 2室1厅 | 67.97平米 | 南 北,https://ke-image.ljcdn.com/110000-inspection/b0aeca03-ae06-44e7-a4ca-41821a0fa57a_1000.jpg!m_fill,w_280,h_210,f_jpg?from=ke.com
20241030,通州,北关,101123682480,天赐良园一期三居室采光充足南北通透,500万,36159元/平,中楼层 (共7层) 3室2厅 | 138.28平米 | 南 北,https://ke-image.ljcdn.com/110000-inspection/pc1_7cvxU5fTO_1.jpg!m_fill,w_280,h_210,f_jpg?from=ke.com
20241030,通州,北关,101123669100,通州北关商务区 满五年唯一 正规一居室 主推阳台,298万,41326元/平,中楼层 (共26层) | 2007年 | 1室1厅 | 72.11平米 | 西南,https://ke-image.ljcdn.com/110000-inspection/f61c67e8-b7b3-4b0b-b5dc-8a6d488773eb_1000.jpg!m_fill,w_280,h_210,f_jpg?from=ke.com
20241030,通州,北关,101123659441,房子满五唯一中间层 视野好采光充足,110万,33466元/平,中楼层 (共4层) | 2000年 | 1室0厅 | 32.87平米 | 西,https://ke-image.ljcdn.com/110000-inspection/pc1_a3QH8qEOl_1.jpg!m_fill,w_280,h_210,f_jpg?from=ke.com
20241030,通州,北关,101123641315,金地格林格林物资学院地铁站6号线,380万,42501元/平,低楼层 (共18层) | 2014年 | 3室1厅 | 89.41平米 | 南 北,https://ke-image.ljcdn.com/110000-inspection/22b61bab-fcd4-418f-b071-76a110be000b_1000.jpg!m_fill,w_280,h_210,f_jpg?from=ke.com
20241030,通州,北关,101123575478,适合有老人和小孩的家庭二层87平两居室南北通透。,320万,36385元/平,低楼层 (共6层) 2室1厅 | 87.95平米 | 南 北,https://ke-image.ljcdn.com/110000-inspection/f020cef4-fcd0-4575-bf62-ce4f37155f5e_1000.jpg!m_fill,w_280,h_210,f_jpg?from=ke.com
20241030,通州,北关,101123524698,此房满五唯一纯南一居室户型方正,180万,33137元/平,高楼层 (共22层) | 2017年 | 1室1厅 | 54.32平米 | 南 北,https://ke-image.ljcdn.com/110000-inspection/8254a5c4-0f14-45cf-8528-0476a68ef46c_1000.jpg!m_fill,w_280,h_210,f_jpg?from=ke.com
20241030,通州,北关,101123516351,翠福园 低楼层 独立上下水 业主诚心出售,213万,30013元/平,底层 (共6层) | 2010年 | 2室1厅 | 70.97平米 | 南 北,https://ke-image.ljcdn.com/110000-inspection/7451ea09-41f2-4ed5-ac11-02bf099e828f_1000.jpg!m_fill,w_280,h_210,f_jpg?from=ke.com
20241030,通州,北关,101123491967,西潞苑小区 3室2厅 南 北房主自荐,366万,38233元/平,低楼层 (共6层) 3室2厅 | 95.73平米 | 南 北,https://ke-image.ljcdn.com/110000-inspection/f4922180-ba03-4340-a86e-9c78426b33c8_1000.jpg!m_fill,w_280,h_210,f_jpg?from=ke.com
20241030,通州,北关,101123488948,温榆河畔 南北通透 户型方正 高楼层 采光充足,562万,41013元/平,高楼层 (共10层) 3室2厅 | 137.03平米 | 南 北,https://ke-image.ljcdn.com/110000-inspection/0e69db1a-778a-4f3d-b866-cec1b060c0d0_1000.jpg!m_fill,w_280,h_210,f_jpg?from=ke.com
20241030,通州,北关,101123442540,碧水明珠 2室1厅 东南,300万,31579元/平,低楼层 (共23层) 2室1厅 | 95平米 | 东南,https://ke-image.ljcdn.com/110000-inspection/337f1803-84ad-4693-a99a-d9a37e454b21_1000.jpg!m_fill,w_280,h_210,f_jpg?from=ke.com
20241030,通州,北关,101123419191,翠福园南北通透两居 中间楼层满五唯一 小区环境优美,289万,33318元/平,中楼层 (共6层) | 2005年 | 2室1厅 | 86.74平米 | 南 北,https://ke-image.ljcdn.com/110000-inspection/e25c9ca2-29d2-4f04-8f3a-c1eb00fddf26_1000.jpg!m_fill,w_280,h_210,f_jpg?from=ke.com
20241030,通州,北关,101123410897,地铁6号线  北关地铁站  正规一居室  只有契税,180万,33040元/平,中楼层 (共22层) | 2017年 | 1室1厅 | 54.48平米 | 南,https://ke-image.ljcdn.com/110000-inspection/pc1_bjX2iNGvZ.jpg!m_fill,w_280,h_210,f_jpg?from=ke.com
20241030,通州,北关,101123403623,金地格林格林 1室1厅 南 北,228万,41470元/平,高楼层 (共18层) | 2013年 | 1室1厅 | 54.98平米 | 南 北,https://ke-image.ljcdn.com/110000-inspection/4519f164-e512-419e-a2df-5e8f0c9bd8ad_1000.jpg!m_fill,w_280,h_210,f_jpg?from=ke.com
20241030,通州,北关,101123403298,富河园 2室1厅 南 北,330万,31885元/平,中楼层 (共7层) 2室1厅 | 103.5平米 | 南 北,https://ke-image.ljcdn.com/110000-inspection/pc1_VICoDxsxB_1.jpg!m_fill,w_280,h_210,f_jpg?from=ke.com
20241030,通州,北关,101123385132,西潞苑小区 2室1厅 南 北房主自荐,180万,24378元/平,顶层 (共6层) 2室1厅 | 73.84平米 | 南 北,https://ke-image.ljcdn.com/110000-inspection/pc1_up1WxgU6H_1.jpg!m_fill,w_280,h_210,f_jpg?from=ke.com
20241030,通州,北关,101123368366,西潞苑小区 南北三居室 明厨明卫 中楼层 采光好,300万,27488元/平,中楼层 (共6层) 3室1厅 | 109.14平米 | 南 北,https://ke-image.ljcdn.com/110000-inspection/a247c084-d030-47cf-a513-16d8036dd54c_1000.jpg!m_fill,w_280,h_210,f_jpg?from=ke.com
20241030,通州,北关,101123354166,地铁6号线 北关地铁站 一居室 经典户型,155万,28182元/平,低楼层 (共22层) | 2017年 | 1室1厅 | 55平米 | 南 北,https://ke-image.ljcdn.com/110000-inspection/pc1_0ldma1iEl_1.jpg!m_fill,w_280,h_210,f_jpg?from=ke.com
20241030,通州,北关,101123349651,南北通透正规一居室满5年一层房子南北通透,224万,39093元/平,底层 (共6层) | 1998年 | 1室1厅 | 57.3平米 | 南 北,https://ke-image.ljcdn.com/110000-inspection/pc1_uuuB66end_1.jpg!m_fill,w_280,h_210,f_jpg?from=ke.com
20241030,通州,北关,101123271728,通州北关 地铁6号线 经典户型 三居居室,360万,34215元/平,中楼层 (共21层) | 2017年 | 3室2厅 | 105.22平米 | 南 北,https://ke-image.ljcdn.com/110000-inspection/807122eb-9b29-4a6c-be7c-a2cf36db0851_1000.jpg!m_fill,w_280,h_210,f_jpg?from=ke.com
20241030,通州,北关,101123264096,6号线 悦山水 南向一居室  满五年,180万,31685元/平,低楼层 (共22层) | 2017年 | 1室1厅 | 56.81平米 | 南,https://ke-image.ljcdn.com/110000-inspection/pc1_IEUfcBz7G.jpg!m_fill,w_280,h_210,f_jpg?from=ke.com
20241030,通州,北关,101123256729,房子满五唯一诚意出售精装修保持好房主自荐,224万,40802元/平,高楼层 (共18层) 1室1厅 | 54.9平米 | 南 北,https://ke-image.ljcdn.com/110000-inspection/pc1_oNw4YbL9z_1.jpg!m_fill,w_280,h_210,f_jpg?from=ke.com
20241030,通州,北关,101123071744,西潞苑小区 1室0厅 南,153万,41999元/平,底层 (共6层) | 2001年 | 1室0厅 | 36.43平米 | 南,https://ke-image.ljcdn.com/110000-inspection/88762c5a-873e-47d2-aefe-60c5ab130e89_1000.jpg!m_fill,w_280,h_210,f_jpg?from=ke.com
20241030,通州,北关,101123059913,6号线 西潞苑 精装 中楼层  两居,260万,36817元/平,中楼层 (共6层) 2室1厅 | 70.62平米 | 南 北,https://ke-image.ljcdn.com/110000-inspection/pc1_6oq6ncc8B.jpg!m_fill,w_280,h_210,f_jpg?from=ke.com
20241030,通州,北关,101123050604,地铁6号线物资学院站南北两居室交易只有契税,350万,40727元/平,中楼层 (共7层) 2室1厅 | 85.94平米 | 南 北,https://ke-image.ljcdn.com/110000-inspection/d35d2e7f-67db-4314-8dc0-aedc8faeac67_1000.jpg!m_fill,w_280,h_210,f_jpg?from=ke.com
20241030,通州,北关,101123013208,地铁6号线 南北通透2居 高楼层 采光充足 视野开阔,380万,37197元/平,高楼层 (共6层) | 2003年 | 2室1厅 | 102.16平米 | 南 北,https://ke-image.ljcdn.com/110000-inspection/44d2b263-65da-478f-9953-606444bc11d0_1000.jpg!m_fill,w_280,h_210,f_jpg?from=ke.com
20241030,通州,北关,101122999197,富河园 2室2厅 南 北,345万,37045元/平,中楼层 (共7层) 2室2厅 | 93.13平米 | 南 北,https://ke-image.ljcdn.com/110000-inspection/e40d2468-9d57-4dbd-87a5-d049c3fb3bc5_1000.jpg!m_fill,w_280,h_210,f_jpg?from=ke.com
20241030,通州,北关,101122984669,通州北关商务区 南向一居室 看房方便,169万,38932元/平,顶层 (共6层) 1室1厅 | 43.41平米 | 南,https://ke-image.ljcdn.com/110000-inspection/pc1_tueGJEFBo_2.jpg!m_fill,w_280,h_210,f_jpg?from=ke.com
20241030,通州,北关,101122961445,物资学院地铁站6号线金地格林格林小区,290万,38626元/平,高楼层 (共18层) 2室1厅 | 75.08平米 | 南,https://ke-image.ljcdn.com/110000-inspection/0402dc66-a914-4397-9a13-68236890c8d0_1000.jpg!m_fill,w_280,h_210,f_jpg?from=ke.com
20241030,通州,北关,101122933882,朝通嘉园 满五唯一 中间楼层。商品房,310万,33598元/平,中楼层 (共6层) 2室1厅 | 92.27平米 | 南 北,https://ke-image.ljcdn.com/110000-inspection/81df566d-3958-4cb4-9ad1-9e17e11a4fac_1000.jpg!m_fill,w_280,h_210,f_jpg?from=ke.com
20241030,通州,北关,101122920505,西潞苑小区 1室1厅 西,130万,31266元/平,顶层 (共3层) 1室1厅 | 41.58平米 | 西,https://ke-image.ljcdn.com/110000-inspection/pc1_CFC0ZcAZB_1.jpg!m_fill,w_280,h_210,f_jpg?from=ke.com
20241030,通州,北关,101122903425,6号线  西潞苑三居室  落地窗,310万,26866元/平,顶层 (共6层) 3室1厅 | 115.39平米 | 南 北,https://ke-image.ljcdn.com/110000-inspection/71a253aa-5905-416f-9525-6146c3bd2fac_1000.jpg!m_fill,w_280,h_210,f_jpg?from=ke.com
20241030,通州,北关,101122863755,经理主推 满五唯一 业主诚心出售  地铁6号线,259万,35918元/平,中楼层 (共26层) | 2007年 | 2室1厅 | 72.11平米 | 西,https://ke-image.ljcdn.com/110000-inspection/0904e25c-92fc-4397-9bcd-b2aa471e06cd_1000.jpg!m_fill,w_280,h_210,f_jpg?from=ke.com
20241030,通州,北关,101122800433,通州北关2014年新小区+采光好+两梯四户+南北通透,320万,38082元/平,低楼层 (共18层) 2室1厅 | 84.03平米 | 南 北,https://ke-image.ljcdn.com/110000-inspection/pc1_wqUQFORxT.jpg!m_fill,w_280,h_210,f_jpg?from=ke.com
20241030,通州,北关,101122618090,地铁6号线  物资学院内  精装修  停车方便房主自荐,315万,46297元/平,高楼层 (共6层) | 2002年 | 3室1厅 | 68.04平米 | 东 南 北,https://ke-image.ljcdn.com/110000-inspection/8d7d43c2-d9fc-4109-9cc0-a7c899bbd3e5_1000.jpg!m_fill,w_280,h_210,f_jpg?from=ke.com
20241030,通州,北关,101122531266,天赐良园一期商品房满五唯一无抵押房主自荐,310万,43873元/平,中楼层 (共7层) 2室1厅 | 70.66平米 | 南 北,https://ke-image.ljcdn.com/110000-inspection/pc1_xXRqjYgkj_1.jpg!m_fill,w_280,h_210,f_jpg?from=ke.com
20241030,通州,北关,101122419746,此房满五唯一户型方正采光充足配套齐全。,298万,41919元/平,中楼层 (共7层) 2室1厅 | 71.09平米 | 南 北,https://ke-image.ljcdn.com/110000-inspection/d63173db-2e60-4414-85dd-0cd0f2459af0_1000.jpg!m_fill,w_280,h_210,f_jpg?from=ke.com
20241030,通州,北关,101122389854,地铁6号线正规两居中间楼层不临街三面采光,385万,44685元/平,中楼层 (共7层) | 2002年 | 3室1厅 | 86.16平米 | 南 北 西,https://ke-image.ljcdn.com/110000-inspection/9b219901-758d-4399-9300-8c87d419f88f_1000.jpg!m_fill,w_280,h_210,f_jpg?from=ke.com
20241030,通州,北关,101122383284,通州北关 6号线 M101  悦山水一居室 低楼层,210万,36966元/平,底层 (共22层) | 2017年 | 1室1厅 | 56.81平米 | 南,https://ke-image.ljcdn.com/110000-inspection/07f3b0a1-d65f-4111-a80f-a97114990df8_1000.jpg!m_fill,w_280,h_210,f_jpg?from=ke.com
20241030,通州,北关,101122365053,通州北关善商务区 富河园 南北户型大两居室,339万,32597元/平,中楼层 (共7层) 2室1厅 | 104平米 | 南 北,https://ke-image.ljcdn.com/110000-inspection/77a59f97-1140-47a4-a3b1-ff99f9e0af54_1000.jpg!m_fill,w_280,h_210,f_jpg?from=ke.com
20241030,通州,北关,101122347688,富河园 2001年房龄 通透户型 视野好,315万,34180元/平,中楼层 (共7层) | 2001年 | 2室1厅 | 92.16平米 | 东 西,https://ke-image.ljcdn.com/110000-inspection/8e0a4b53-0155-4c9e-bd90-c281a07526cb_1000.jpg!m_fill,w_280,h_210,f_jpg?from=ke.com
20241030,通州,北关,101122330186,此房满五年唯一南北通透三居室楼层好采光好,298万,43798元/平,中楼层 (共4层) 3室1厅 | 68.04平米 | 南 西 北,https://ke-image.ljcdn.com/110000-inspection/e4ecdd8e-b6af-4181-9389-7a3d1a4769cf_1000.jpg!m_fill,w_280,h_210,f_jpg?from=ke.com
20241030,通州,北关,101122219847,房地远洋悦山水 南向两居室 出入方便,305万,35917元/平,低楼层 (共13层) 2室1厅 | 84.92平米 | 南,https://ke-image.ljcdn.com/110000-inspection/60380f1d-528d-4f76-8162-05930c0570e2_1000.jpg!m_fill,w_280,h_210,f_jpg?from=ke.com
20241030,通州,北关,101122219024,商务区 北关6号地铁附近 全明3居,345万,32259元/平,低楼层 (共25层) 3室1厅 | 106.95平米 | 西 北,https://ke-image.ljcdn.com/110000-inspection/ba6ba318-ae7a-4683-84fa-4de35b17348f_1000.jpg!m_fill,w_280,h_210,f_jpg?from=ke.com
20241030,通州,北关,101122095739,翠福园南北通透H户型 中间楼层 精装修 太敞亮了！,350万,35053元/平,中楼层 (共5层) 2室1厅 | 99.85平米 | 南 北,https://ke-image.ljcdn.com/110000-inspection/326e34e6-c2e9-42ad-8fb6-294fec75cef2_1000.jpg!m_fill,w_280,h_210,f_jpg?from=ke.com
20241030,通州,北关,101122025344,通州运河商务区 碧水明珠 电梯两居室,280万,30024元/平,中楼层 (共23层) 2室1厅 | 93.26平米 | 东南,https://ke-image.ljcdn.com/110000-inspection/b52d3b5c-2399-4020-8bd3-819a43517319_1000.jpg!m_fill,w_280,h_210,f_jpg?from=ke.com
20241030,通州,北关,101121881286,地铁6号线  西潞苑小区  一居室  只有契税,155万,37278元/平,低楼层 (共3层) 1室0厅 | 41.58平米 | 西,https://ke-image.ljcdn.com/110000-inspection/8d115265-d54e-4a4f-a377-2f1314fdb3f7_1000.jpg!m_fill,w_280,h_210,f_jpg?from=ke.com
20241030,通州,北关,101121799043,南北2居 户型好 落地窗 中间楼层,349万,34586元/平,中楼层 (共5层) | 2005年 | 2室1厅 | 100.91平米 | 南 北,https://ke-image.ljcdn.com/110000-inspection/45b59aa9-776b-4350-af9a-5a4d48f7e940_1000.jpg!m_fill,w_280,h_210,f_jpg?from=ke.com
20241030,通州,北关,101121794873,南北通透小3居诚心出售中间层,330万,31468元/平,中楼层 (共6层) 3室1厅 | 104.87平米 | 南 北,https://ke-image.ljcdn.com/110000-inspection/pc1_2lKRqlqDU_1.jpg!m_fill,w_280,h_210,f_jpg?from=ke.com
20241030,通州,北关,101121769804,碧水明珠 1室1厅 北,200万,29011元/平,中楼层 (共23层) | 2004年 | 1室1厅 | 68.94平米 | 北,https://ke-image.ljcdn.com/110000-inspection/6d4259c7-3319-4b4e-8d3d-1201e8c9e133_1000.jpg!m_fill,w_280,h_210,f_jpg?from=ke.com
20241030,通州,北关,101121618476,财富东方 3室1厅 东南,489万,37420元/平,中楼层 (共26层) 3室1厅 | 130.68平米 | 东南,https://ke-image.ljcdn.com/110000-inspection/94b1c601-6eae-45f4-98e1-0be6d713ff06_1000.jpg!m_fill,w_280,h_210,f_jpg?from=ke.com
20241030,通州,北关,101121215778,通州北关商务区 东阁雅舍 全明户型三居室房主自荐,355万,33166元/平,高楼层 (共25层) 3室1厅 | 107.04平米 | 东北,https://ke-image.ljcdn.com/110000-inspection/c9ef6e19-964b-470f-a996-89d4b139339b_1000.jpg!m_fill,w_280,h_210,f_jpg?from=ke.com
20241030,通州,北关,101120979597,地铁6号线 精装修 南北通透 采光好 配套齐全房主自荐,528万,55463元/平,中楼层 (共7层) 2室1厅 | 95.2平米 | 南 北,https://ke-image.ljcdn.com/110000-inspection/49778d63-270c-46b3-bceb-92abe7ae0ad2_1000.jpg!m_fill,w_280,h_210,f_jpg?from=ke.com
20241030,通州,北关,101120809188,安顺路219号 3室2厅 南 北,260万,24924元/平,中楼层 (共6层) | 2002年 | 3室2厅 | 104.32平米 | 南 北,https://ke-image.ljcdn.com/110000-inspection/pc1_PiZh1Yf7Y_2.jpg!m_fill,w_280,h_210,f_jpg?from=ke.com
20241030,通州,北关,101120685931,8哩岛 4室2厅 南 北房主自荐,1205万,50453元/平,顶层 (共6层) 4室2厅 | 238.84平米 | 南 北,https://ke-image.ljcdn.com/110000-inspection/964df0fb-f71b-4a19-85e7-12ceb2b69b2f_1000.jpg!m_fill,w_280,h_210,f_jpg?from=ke.com
20241030,通州,北关,101120628767,精装一居室 中间楼层 临温榆河,209万,32867元/平,中楼层 (共6层) | 2007年 | 1室1厅 | 63.59平米 | 西北,https://ke-image.ljcdn.com/110000-inspection/98624c4d-b805-48ae-999b-06c398eb68f7_1000.jpg!m_fill,w_280,h_210,f_jpg?from=ke.com
20241030,通州,北关,101120388364,金地格林格林6号线地铁物资学院路站,370万,42099元/平,低楼层 (共18层) 3室2厅 | 87.89平米 | 南 北,https://ke-image.ljcdn.com/110000-inspection/6f3819fd-d1cf-44d0-9bdf-105af3e7ab8b_1000.jpg!m_fill,w_280,h_210,f_jpg?from=ke.com
20241030,通州,北关,101120334235,碧水明珠高层正规一居室满五年。房主自荐,219万,31767元/平,中楼层 (共23层) | 2004年 | 1室1厅 | 68.94平米 | 北,https://ke-image.ljcdn.com/110000-inspection/7034387b-66bb-495d-a7fc-f0c6bec4a481_1000.jpg!m_fill,w_280,h_210,f_jpg?from=ke.com
20241030,通州,北关,101120012664,翠福园 南北通透两居 楼龄新 近地铁,239万,27129元/平,顶层 (共6层) | 2008年 | 2室1厅 | 88.1平米 | 南 北,https://ke-image.ljcdn.com/110000-inspection/6c688e7f-de6d-415d-9106-50445fe3e515_1000.jpg!m_fill,w_280,h_210,f_jpg?from=ke.com
20241030,通州,北关,101119941907,诚意出售 财贸宿舍 南向方正一居室房主自荐,173万,39853元/平,高楼层 (共6层) 1室1厅 | 43.41平米 | 南,https://ke-image.ljcdn.com/110000-inspection/2ac11b7f-5f72-46dd-8f26-8b133c03cf2b_1000.jpg!m_fill,w_280,h_210,f_jpg?from=ke.com
20241030,通州,北关,101119678537,低楼层  近地铁 门口公交车 南北通透两居,205万,34437元/平,低楼层 (共6层) 2室1厅 | 59.53平米 | 南 北,https://ke-image.ljcdn.com/110000-inspection/e1d7c196-ac69-4d56-9270-b220325e8b78_1000.jpg!m_fill,w_280,h_210,f_jpg?from=ke.com
20241030,通州,北关,101119241365,财富东方 正规两居 店长推荐 布局合理,420万,42352元/平,低楼层 (共26层) | 2007年 | 2室2厅 | 99.17平米 | 南,https://ke-image.ljcdn.com/110000-inspection/93fc7cab-1cfd-4f14-9f97-d5db5b02bb7b_1000.jpg!m_fill,w_280,h_210,f_jpg?from=ke.com
20241030,通州,北关,101119103879,通州北关6号线 精装修三居两卫 全明格局 看房随时,499万,35631元/平,低楼层 (共20层) 3室2厅 | 140.05平米 | 西南 北,https://ke-image.ljcdn.com/110000-inspection/f4811e0e-61ac-4d91-b86b-0f660ec70e5a_1000.jpg!m_fill,w_280,h_210,f_jpg?from=ke.com
20241030,通州,北关,101118791527,通州北关商务区 万福家园 三居室,338万,30756元/平,中楼层 (共6层) | 1994年 | 3室1厅 | 109.9平米 | 西 南 北,https://ke-image.ljcdn.com/110000-inspection/3f7f9d47-c0d5-40cb-83a5-c6dfbaa2c3b6_1000.jpg!m_fill,w_280,h_210,f_jpg?from=ke.com
20241030,通州,北关,101118553929,通州北关商务区 满五年唯一 业主诚心置换 看房方便,270万,37032元/平,高楼层 (共13层) | 2007年 | 2室1厅 | 72.91平米 | 东南,https://ke-image.ljcdn.com/110000-inspection/e425e028-7406-409c-896f-3ba0e226be3a_1000.jpg!m_fill,w_280,h_210,f_jpg?from=ke.com
20241030,通州,北关,101118044239,翠福园 南北通透大面积四居 门口地铁规划,530万,29883元/平,高楼层 (共6层) 4室2厅 | 177.36平米 | 南 北,https://ke-image.ljcdn.com/110000-inspection/478fec05-52e7-4523-bf13-28f24f5b0574_1000.jpg!m_fill,w_280,h_210,f_jpg?from=ke.com
20241030,通州,北关,101117897397,万福家园 厅卧双朝南 南北双阳台 近6号线北关地铁,259万,29540元/平,顶层 (共6层) 2室1厅 | 87.68平米 | 南 北,https://ke-image.ljcdn.com/110000-inspection/08aa3c93-5244-416d-a82b-28307adfd31f_1000.jpg!m_fill,w_280,h_210,f_jpg?from=ke.com
20241030,通州,北关,101117861543,财富东方 方正户型 视野开阔 配套齐全,280万,43553元/平,低楼层 (共13层) | 2007年 | 1室1厅 | 64.29平米 | 北,https://ke-image.ljcdn.com/110000-inspection/45a91a20-6a4a-4072-b3ee-36ffe4959f86_1000.jpg!m_fill,w_280,h_210,f_jpg?from=ke.com
20241030,通州,北关,101117785732,通州商务区 万福家园 南北两居室 中间楼层,308万,32077元/平,中楼层 (共6层) 2室2厅 | 96.02平米 | 南 北,https://ke-image.ljcdn.com/110000-inspection/76d0cc37-9100-48a1-aed1-9ef7853549ad_1000.jpg!m_fill,w_280,h_210,f_jpg?from=ke.com
20241030,通州,北关,101117411031,通州区朝通嘉园南北大三居2003年商品房70年大产权,182万,16316元/平,地下室 (共6层) | 2003年 | 3室1厅 | 111.55平米 | 南 北,https://ke-image.ljcdn.com/110000-inspection/pc1_DnYp6wjRi_1.jpg!m_fill,w_280,h_210,f_jpg?from=ke.com
20241030,通州,北关,101117274074,翠福园  中间楼层  装修很好   采光不错,310万,43014元/平,中楼层 (共6层) 2室1厅 | 72.07平米 | 南 西 北,https://ke-image.ljcdn.com/110000-inspection/pc1_L4pjtrkA1_1.jpg!m_fill,w_280,h_210,f_jpg?from=ke.com
20241030,通州,北关,101117030651,中间楼层 临温榆河公园 环境优美,249万,40647元/平,低楼层 (共6层) | 2003年 | 1室1厅 | 61.26平米 | 西北,https://ke-image.ljcdn.com/110000-inspection/2fb9ea06-dc74-4c21-8098-dbe4198750bb_1000.jpg!m_fill,w_280,h_210,f_jpg?from=ke.com
20241030,通州,北关,101116990373,翠福园好的三居室大客厅大卧室交通方便。,476万,33916元/平,高楼层 (共6层) | 2005年 | 3室2厅 | 140.35平米 | 南 北,https://ke-image.ljcdn.com/110000-inspection/pc1_h8dvRI9nP_1.jpg!m_fill,w_280,h_210,f_jpg?from=ke.com
20241030,通州,北关,101115107418,世界侨商中心  近地铁交通便利,226万,42039元/平,高楼层 (共27层) | 2017年 | 1室1厅 | 53.76平米 | 西北,https://ke-image.ljcdn.com/110000-inspection/prod-6e723ae7-6725-4b6a-856e-1282006804bb.jpg!m_fill,w_280,h_210,f_jpg?from=ke.com
20241030,通州,北关,101110837664,翠福园小区低楼层满五年唯一看房方便,417万,44306元/平,底层 (共6层) | 2003年 | 3室1厅 | 94.12平米 | 南 北,https://ke-image.ljcdn.com/110000-inspection/fabbcd97-bf6f-4bd5-9a2b-bf4fdf2d12eb_1000.jpg!m_fill,w_280,h_210,f_jpg?from=ke.com
20241030,通州,北关,101127321203,万福家园 3室1厅 南 北新上,299万,34141元/平,低楼层 (共6层) 3室1厅 | 87.58平米 | 南 北,https://ke-image.ljcdn.com/110000-inspection/073e5a10-5939-451e-b7f1-d8bce25b51cd_1000.jpg!m_fill,w_280,h_210,f_jpg?from=ke.com
20241030,通州,北关,101127243986,北关精装修直接住！！高楼层。南向两居室随时看！新上,270万,35743元/平,高楼层 (共18层) | 2014年 | 2室1厅 | 75.54平米 | 南,https://ke-image.ljcdn.com/110000-inspection/pc1_t4B14WeMD_2.jpg!m_fill,w_280,h_210,f_jpg?from=ke.com
20241030,通州,北关,101127193938,通州商北关西潞苑大两居3层满五年停车免费车位充足,320万,25466元/平,顶层 (共3层) 2室1厅 | 125.66平米 | 东 西,https://ke-image.ljcdn.com/110000-inspection/pc1_RzZZNaBKn_2.jpg!m_fill,w_280,h_210,f_jpg?from=ke.com
20241030,通州,北关,101127135260,天赐良园二期 3室1厅 南 北,495万,31457元/平,中楼层 (共7层) | 2002年 | 3室1厅 | 157.36平米 | 南 北,https://ke-image.ljcdn.com/110000-inspection/b02fad25-d79c-4bb6-8f40-29679429c5aa_1000.jpg!m_fill,w_280,h_210,f_jpg?from=ke.com
20241030,通州,北关,101127130594,朝通嘉园 2室1厅 南 北,249万,26850元/平,顶层 (共6层) 2室1厅 | 92.74平米 | 南 北,https://ke-image.ljcdn.com/110000-inspection/pc1_3Inv1QBUq.jpg!m_fill,w_280,h_210,f_jpg?from=ke.com
20241030,通州,北关,101127115323,新光大中心 精装修两居 高层看河景 钥匙房源 近地,359万,30669元/平,高楼层 (共41层) | 2017年 | 2室1厅 | 117.06平米 | 东,https://ke-image.ljcdn.com/110000-inspection/b559071c-6782-4451-ba83-1fe87f5f002c_1000.jpg!m_fill,w_280,h_210,f_jpg?from=ke.com
20241030,通州,北关,101127054624,翠福园 2室1厅 南 北,245万,28246元/平,顶层 (共6层) | 2005年 | 2室1厅 | 86.74平米 | 南 北,https://ke-image.ljcdn.com/110000-inspection/96aba34b-cf40-429d-93e9-b81e823b1708_1000.jpg!m_fill,w_280,h_210,f_jpg?from=ke.com
20241030,通州,北关,101127050950,天赐良园东三期A区 4室2厅 南 北,780万,44911元/平,高楼层 (共6层) 4室2厅 | 173.68平米 | 南 北,https://ke-image.ljcdn.com/110000-inspection/pc1_idmp9CKaL_1.jpg!m_fill,w_280,h_210,f_jpg?from=ke.com
20241030,通州,北关,101126985597,碧水明珠 4室1厅 东南,399万,25535元/平,高楼层 (共23层) | 2004年 | 4室1厅 | 156.26平米 | 东南,https://ke-image.ljcdn.com/110000-inspection/2e53bede-4a51-4ac6-a64f-65eb61482e32_1000.jpg!m_fill,w_280,h_210,f_jpg?from=ke.com
20241030,通州,北关,101126973114,电梯房新小区+地铁6号线+三室两卫+通州北关+商,585万,41861元/平,高楼层 (共20层) | 2017年 | 3室1厅 | 139.75平米 | 南 北,https://ke-image.ljcdn.com/110000-inspection/pc1_kQsQ2qNZf_1.jpg!m_fill,w_280,h_210,f_jpg?from=ke.com
20241030,通州,北关,101126966210,万科大都会滨江N2 3室2厅 东南,1950万,69848元/平,高楼层 (共42层) | 2021年 | 3室2厅 | 279.18平米 | 东南,https://ke-image.ljcdn.com/110000-inspection/pc1_WEYPmt6SB_2.jpg!m_fill,w_280,h_210,f_jpg?from=ke.com
20241030,通州,北关,101126965046,万科大都会滨江 平层可观五河交汇 东北视野好房主自荐,735万,44646元/平,低楼层 (共42层) | 2021年 | 4室2厅 | 164.63平米 | 东 北,https://ke-image.ljcdn.com/110000-inspection/pc1_13b55UvL6_3.jpg!m_fill,w_280,h_210,f_jpg?from=ke.com
20241030,通州,北关,101126950052,金地格林格林 3室1厅 南 北,345万,38535元/平,低楼层 (共18层) | 2014年 | 3室1厅 | 89.53平米 | 南 北,https://ke-image.ljcdn.com/110000-inspection/539d85e7-544e-4d75-baf6-8c531f6159f4_1000.jpg!m_fill,w_280,h_210,f_jpg?from=ke.com
20241030,通州,北关,101126878302,永顺西里 2室1厅 南,186万,28114元/平,顶层 (共6层) 2室1厅 | 66.16平米 | 南,https://ke-image.ljcdn.com/110000-inspection/f5dfc0a7-4c5f-461b-997b-11ff21538fc5_1000.jpg!m_fill,w_280,h_210,f_jpg?from=ke.com
20241030,通州,北关,101126872511,新光大中心 精装修落地窗 离地铁20米 高层看河景,230万,33558元/平,高楼层 (共29层) | 2016年 | 1室1厅 | 68.54平米 | 西南,https://ke-image.ljcdn.com/110000-inspection/e709bf1b-fefe-4271-8ebc-dcdeb30fa89f_1000.jpg!m_fill,w_280,h_210,f_jpg?from=ke.com
20241030,通州,北关,101126872079,南北通透中间楼层小区中间位置两居室,213万,30022元/平,中楼层 (共6层) 2室1厅 | 70.95平米 | 南 北,https://ke-image.ljcdn.com/110000-inspection/pc1_fU1fgjPuG.jpg!m_fill,w_280,h_210,f_jpg?from=ke.com
20241030,通州,北关,101126857089,馨通家园 4室2厅 南 北,570万,34165元/平,低楼层 (共11层) 4室2厅 | 166.84平米 | 南 北,https://ke-image.ljcdn.com/110000-inspection/654c6ffb-ddda-43ec-8df8-a22881ff7e99_1000.jpg!m_fill,w_280,h_210,f_jpg?from=ke.com
20241030,通州,北关,101126856239,财富东方明厨明卫户型方正只有契税,279万,34154元/平,低楼层 (共26层) | 2008年 | 2室2厅 | 81.69平米 | 西,https://ke-image.ljcdn.com/110000-inspection/6f81a186-8951-4ea9-ad95-a1f8adc18da4_1000.jpg!m_fill,w_280,h_210,f_jpg?from=ke.com
20241030,通州,北关,101126827805,西潞苑小区 2室1厅 南 北,196万,25906元/平,顶层 (共6层) | 1997年 | 2室1厅 | 75.66平米 | 南 北,https://ke-image.ljcdn.com/110000-inspection/1452eb63-e71f-430f-ac9a-7bb387930c20_1000.jpg!m_fill,w_280,h_210,f_jpg?from=ke.com
20241030,通州,北关,101126825111,天赐良园东三期A区 2室2厅 南 北,435万,42361元/平,高楼层 (共6层) 2室2厅 | 102.69平米 | 南 北,https://ke-image.ljcdn.com/110000-inspection/22f3a288-118b-497e-afa4-97729b85ebba_1000.jpg!m_fill,w_280,h_210,f_jpg?from=ke.com
20241030,通州,北关,101126818128,8哩岛 4室2厅 东 南 北,880万,42944元/平,底层 (共10层) 4室2厅 | 204.92平米 | 东 南 北,https://ke-image.ljcdn.com/110000-inspection/pc1_gzRgWaTlH_1.jpg!m_fill,w_280,h_210,f_jpg?from=ke.com
20241030,通州,北关,101126811365,通州北关 地铁6号线三居 温榆河畔视野好 采光充足,659万,48917元/平,中楼层 (共10层) 4室1厅 | 134.72平米 | 东南,https://ke-image.ljcdn.com/110000-inspection/fc9742e2-f1f7-4a67-8e7d-8457322db459_1000.jpg!m_fill,w_280,h_210,f_jpg?from=ke.com
20241030,通州,北关,101126805198,新光大中心 精装修落地窗 钥匙房源 离地铁30米,140万,32303元/平,中楼层 (共29层) | 2016年 | 1室1厅 | 43.34平米 | 北,https://ke-image.ljcdn.com/110000-inspection/70de9a80-5144-432e-9db4-287b54c455dd_1000.jpg!m_fill,w_280,h_210,f_jpg?from=ke.com
20241030,通州,北关,101126798800,通州北关 地铁6号线 南北通透三居室 中楼层采光好,550万,36295元/平,中楼层 (共7层) | 2002年 | 3室2厅 | 151.54平米 | 南 北,https://ke-image.ljcdn.com/110000-inspection/86c4b4ec-9c43-41e5-85ea-f98244413422_1000.jpg!m_fill,w_280,h_210,f_jpg?from=ke.com
20241030,通州,北关,101126792933,通州北关南向一居室 采光好 配套齐全 地铁6号线,259万,42321元/平,中楼层 (共10层) | 2013年 | 1室1厅 | 61.2平米 | 南,https://ke-image.ljcdn.com/110000-inspection/c6d3991f-abb9-4e40-8f5a-97818bf3807a_1000.jpg!m_fill,w_280,h_210,f_jpg?from=ke.com
20241030,通州,北关,101126693683,运河商务区财富东方大三居两卫 满五唯一 诚心出售,420万,32089元/平,低楼层 (共26层) 3室1厅 | 130.89平米 | 西南,https://ke-image.ljcdn.com/110000-inspection/a7e3ba6d-c5ae-45b8-89ed-69c93de8dd11_1000.jpg!m_fill,w_280,h_210,f_jpg?from=ke.com
20241030,通州,北关,101126682900,朝通嘉园 3室1厅 南 西 北房主自荐,360万,29871元/平,中楼层 (共6层) | 2003年 | 3室1厅 | 120.52平米 | 南 西 北,https://ke-image.ljcdn.com/110000-inspection/pc1_NtvwDIVMS.jpg!m_fill,w_280,h_210,f_jpg?from=ke.com
20241030,通州,北关,101126622957,财富东方两居室好楼层装修精美采光好,279万,34196元/平,高楼层 (共26层) 2室1厅 | 81.59平米 | 西,https://ke-image.ljcdn.com/110000-inspection/208e8a0b-982e-4efb-b81e-fcf42616ec34_1000.jpg!m_fill,w_280,h_210,f_jpg?from=ke.com
20241030,通州,北关,101126610475,通州北关 南向一居室 采光充足视野开阔 地铁6号线房主自荐,216万,38717元/平,高楼层 (共6层) 1室0厅 | 55.79平米 | 南,https://ke-image.ljcdn.com/110000-inspection/06202fa9-4e64-40ce-a1b3-52ea40f70ba0_1000.jpg!m_fill,w_280,h_210,f_jpg?from=ke.com
20241030,通州,北关,101126605071,房子是通州北关商务区里面的项目50年产权 落地窗,207万,29674元/平,低楼层 (共29层) | 2016年 | 1室1厅 | 69.76平米 | 东北,https://ke-image.ljcdn.com/110000-inspection/9491b616-32ca-4be7-bc83-c0784966ec20_1000.jpg!m_fill,w_280,h_210,f_jpg?from=ke.com
20241030,通州,北关,101126601744,朝通嘉园 3室1厅 南 北,175万,19426元/平,地下室 (共6层) | 2003年 | 3室1厅 | 90.09平米 | 南 北,https://ke-image.ljcdn.com/110000-inspection/pc1_vb4J6W0YK_1.jpg!m_fill,w_280,h_210,f_jpg?from=ke.com
20241030,通州,北关,101126599541,金地格林格林 1室1厅 南 北,218万,39825元/平,中楼层 (共18层) | 2014年 | 1室1厅 | 54.74平米 | 南 北,https://ke-image.ljcdn.com/110000-inspection/pc1_cxu1osn6M_1.jpg!m_fill,w_280,h_210,f_jpg?from=ke.com
20241030,通州,北关,101126596208,永顺西里 3室1厅 南 北,298万,36413元/平,中楼层 (共6层) | 1996年 | 3室1厅 | 81.84平米 | 南 北,https://ke-image.ljcdn.com/110000-inspection/78e065e9-b7b2-4f89-a2b2-3e781c337500_1000.jpg!m_fill,w_280,h_210,f_jpg?from=ke.com
20241030,通州,北关,101126589551,地铁六号线独栋别墅温榆河畔环境优美,1500万,54211元/平,底层 (共1层) 6室3厅 | 276.7平米 | 东 南 西 北,https://ke-image.ljcdn.com/110000-inspection/ca9a949f-3255-4dfd-ba43-6adbfd6a41dd_1000.jpg!m_fill,w_280,h_210,f_jpg?from=ke.com
20241030,通州,北关,101126581480,北关商务区 南北两居室 中间楼层,275万,28640元/平,中楼层 (共6层) 2室2厅 | 96.02平米 | 南 北,https://ke-image.ljcdn.com/110000-inspection/pc1_mkyY0bFVL_1.jpg!m_fill,w_280,h_210,f_jpg?from=ke.com
20241030,通州,北关,101126580814,满5年唯一方正户型诚心出售精装南北户型。,175万,19426元/平,地下室 (共6层) | 2003年 | 2室1厅 | 90.09平米 | 南 北,https://ke-image.ljcdn.com/110000-inspection/e6a24a34-2754-47f2-955a-82a3f3bf19e5_1000.jpg!m_fill,w_280,h_210,f_jpg?from=ke.com
20241030,通州,北关,101126580277,北关商务区 西海子公园旁 交通便利。,105万,24677元/平,中楼层 (共27层) | 2017年 | 1室0厅 | 42.55平米 | 西,https://ke-image.ljcdn.com/110000-inspection/82a9bffe-0e85-4b4b-9478-a08315a44589_1000.jpg!m_fill,w_280,h_210,f_jpg?from=ke.com
20241030,通州,北关,101126580122,此房满五年唯一业主靠谱出售边户采光好南北通透中,360万,29871元/平,中楼层 (共6层) | 2003年 | 3室1厅 | 120.52平米 | 南 北,https://ke-image.ljcdn.com/110000-inspection/pc1_fFLtEEp4r.jpg!m_fill,w_280,h_210,f_jpg?from=ke.com
20241030,通州,北关,101126579820,绿地中央广场 1室1厅 北,139万,31251元/平,低楼层 (共22层) | 2016年 | 1室1厅 | 44.48平米 | 北,https://ke-image.ljcdn.com/110000-inspection/f16df1e2-31a5-4483-8a32-55ab5e159a1e_1000.jpg!m_fill,w_280,h_210,f_jpg?from=ke.com
20241030,通州,北关,101126570969,运河铭著 3室1厅 南 北 东,606万,43850元/平,高楼层 (共18层) | 2017年 | 3室1厅 | 138.2平米 | 南 北 东,https://ke-image.ljcdn.com/110000-inspection/pc1_3g8Nmzi1R_2.jpg!m_fill,w_280,h_210,f_jpg?from=ke.com
20241030,通州,北关,101126569850,22号线地铁站  南向一居 中间层 随时可看,152万,29916元/平,中楼层 (共6层) 1室1厅 | 50.81平米 | 南,https://ke-image.ljcdn.com/110000-inspection/72029c64-8c55-421a-94f7-4b764df4df3c_1000.jpg!m_fill,w_280,h_210,f_jpg?from=ke.com
20241030,通州,北关,101126568869,万达+通惠北路12号院+中间层+南北通透+方正户型,338万,36981元/平,中楼层 (共6层) 2室2厅 | 91.4平米 | 南 北,https://ke-image.ljcdn.com/110000-inspection/pc1_pGXjPwoHq_1.jpg!m_fill,w_280,h_210,f_jpg?from=ke.com
20241030,通州,北关,101126568600,通州物资学院站+高层板楼洋房 南北三居 次顶层,372万,41644元/平,高楼层 (共18层) | 2015年 | 3室1厅 | 89.33平米 | 南 北,https://ke-image.ljcdn.com/110000-inspection/pc1_BG5yDT613_2.jpg!m_fill,w_280,h_210,f_jpg?from=ke.com
20241030,通州,北关,101126568576,运河铭著 3室1厅 南 北,599万,43431元/平,高楼层 (共18层) | 2017年 | 3室1厅 | 137.92平米 | 南 北,https://ke-image.ljcdn.com/110000-inspection/e5890d6a-d1c6-427f-9853-474480b4b1a8_1000.jpg!m_fill,w_280,h_210,f_jpg?from=ke.com
20241030,通州,北关,101126567292,通州北关6号线+温榆河畔 2014年电梯洋房社区,298万,36413元/平,低楼层 (共18层) | 2014年 | 2室1厅 | 81.84平米 | 南 北,https://ke-image.ljcdn.com/110000-inspection/9eda6e06-9e59-4e04-81f6-ba109c6bff15_1000.jpg!m_fill,w_280,h_210,f_jpg?from=ke.com
20241030,通州,北关,101126565413,运河商务区电梯新社区南北通透正规一居室。,205万,37219元/平,中楼层 (共18层) 1室1厅 | 55.08平米 | 南 北,https://ke-image.ljcdn.com/110000-inspection/pc1_e1Dq5SglT_2.jpg!m_fill,w_280,h_210,f_jpg?from=ke.com
20241030,通州,北关,101126564179,地铁22号线 运河商务区 南北通透复式三居室 满五,550万,29884元/平,顶层 (共6层) 3室3厅 | 184.05平米 | 南 北,https://ke-image.ljcdn.com/110000-inspection/a10b0b25-2870-447d-b869-353d87453141_1000.jpg!m_fill,w_280,h_210,f_jpg?from=ke.com
20241030,通州,北关,101126562669,通惠北路12号院 2室2厅 南 北,220万,24071元/平,顶层 (共6层) 2室2厅 | 91.4平米 | 南 北,https://ke-image.ljcdn.com/110000-inspection/39712dff-012b-41b3-a894-feeca90dc5ed_1000.jpg!m_fill,w_280,h_210,f_jpg?from=ke.com
20241030,通州,北关,101126555005,此房是独栋别墅出门就是温榆河湿地公园独门独院,1180万,42646元/平,底层 (共3层) 6室3厅 | 276.7平米 | 东 南 西 北,https://ke-image.ljcdn.com/110000-inspection/pc1_pCFpupjxU_1.jpg!m_fill,w_280,h_210,f_jpg?from=ke.com
20241030,通州,北关,101126523764,万福家园 运河商务区对面 六号线北关站 去年改造完,277万,28903元/平,低楼层 (共6层) 2室2厅 | 95.84平米 | 南 北,https://ke-image.ljcdn.com/110000-inspection/0faa10b2-adef-4166-8e41-7a0b0f06f471_1000.jpg!m_fill,w_280,h_210,f_jpg?from=ke.com
20241030,通州,北关,101126504059,悦山水精装修南向两居室做了三居室可拎包入住,280万,33895元/平,低楼层 (共21层) | 2017年 | 2室1厅 | 82.61平米 | 南,https://ke-image.ljcdn.com/110000-inspection/c12c86d7-1ef8-44ad-8d5a-d9b1947dfc3b_1000.jpg!m_fill,w_280,h_210,f_jpg?from=ke.com
20241030,通州,北关,101126419475,榆景苑 7室2厅 东 南 西 北,1200万,43369元/平,底层 (共2层) 7室2厅 | 276.7平米 | 东 南 西 北,https://ke-image.ljcdn.com/110000-inspection/pc1_VnQtzKn1T_2.jpg!m_fill,w_280,h_210,f_jpg?from=ke.com
20241030,通州,北关,101126399040,万科大都会滨江 平层可观五河交汇 价格可议,980万,59815元/平,低楼层 (共42层) | 2021年 | 3室2厅 | 163.84平米 | 东 北,https://ke-image.ljcdn.com/110000-inspection/44c09463-ad52-45ec-a6af-11feb96c58e1_1000.jpg!m_fill,w_280,h_210,f_jpg?from=ke.com
20241030,通州,北关,101126379063,财富东方正规两居室楼层好没遮挡。,279万,38094元/平,中楼层 (共13层) | 2007年 | 1室1厅 | 73.24平米 | 南 西,https://ke-image.ljcdn.com/110000-inspection/7ae87a0c-8b15-4043-8414-d40b30996304_1000.jpg!m_fill,w_280,h_210,f_jpg?from=ke.com
20241030,通州,北关,101126361527,翠福园 2室1厅 南 北,280万,32281元/平,顶层 (共6层) 2室1厅 | 86.74平米 | 南 北,https://ke-image.ljcdn.com/110000-inspection/pc1_YrFzHHFrU_2.jpg!m_fill,w_280,h_210,f_jpg?from=ke.com
20241030,通州,北关,101126360656,房地远洋悦山水 2室1厅 南 北,160万,29707元/平,底层 (共22层) | 2017年 | 2室1厅 | 53.86平米 | 南 北,https://ke-image.ljcdn.com/110000-inspection/9f1a1e17-1eaa-43dd-8e4b-77c61f4707c3_1000.jpg!m_fill,w_280,h_210,f_jpg?from=ke.com
20241030,通州,北关,101126353630,通州北关商务区电梯次新房经典三居室南北通透户型精,360万,34021元/平,中楼层 (共13层) 3室2厅 | 105.82平米 | 北 南,https://ke-image.ljcdn.com/110000-inspection/18b4df9f-506b-413e-8adc-de69c28a4c5b_1000.jpg!m_fill,w_280,h_210,f_jpg?from=ke.com
20241030,通州,北关,101126351396,财富东方精装修小户型满两年没遮挡。,168万,37830元/平,高楼层 (共26层) 1室0厅 | 44.41平米 | 北,https://ke-image.ljcdn.com/110000-inspection/b52c26ee-4bc6-483b-aa0d-2dbc559cbbb6_1000.jpg!m_fill,w_280,h_210,f_jpg?from=ke.com
20241030,通州,北关,101126352660,碧水明珠方正户型一居室中间层。,210万,30330元/平,低楼层 (共23层) 1室1厅 | 69.24平米 | 北,https://ke-image.ljcdn.com/110000-inspection/pc1_JalVBIgT0_1.jpg!m_fill,w_280,h_210,f_jpg?from=ke.com
20241030,通州,北关,101126342007,朝通嘉园 3室1厅 南 北,189万,20980元/平,地下室 (共6层) | 2003年 | 3室1厅 | 90.09平米 | 南 北,https://ke-image.ljcdn.com/110000-inspection/pc1_jcHzpSDTB.jpg!m_fill,w_280,h_210,f_jpg?from=ke.com
20241030,通州,北关,101126330079,绿地中央广场  万达北关  东南两居,180万,30156元/平,中楼层 (共22层) | 2016年 | 2室1厅 | 59.69平米 | 东南 南,https://ke-image.ljcdn.com/110000-inspection/e12231b9-c0cb-4600-8056-61ccaad512c6_1000.jpg!m_fill,w_280,h_210,f_jpg?from=ke.com
20241030,通州,北关,101126299998,金地格林格林 2室1厅 南,258万,34024元/平,低楼层 (共18层) 2室1厅 | 75.83平米 | 南,https://ke-image.ljcdn.com/110000-inspection/6d4f6bf6-c8b0-40c8-8e8e-9c087dfae99c_1000.jpg!m_fill,w_280,h_210,f_jpg?from=ke.com
20241030,通州,北关,101126296100,运河铭著 2室1厅 南,370万,37008元/平,低楼层 (共18层) | 2017年 | 2室1厅 | 99.98平米 | 南,https://ke-image.ljcdn.com/110000-inspection/pc1_FcsNqgalX_2.jpg!m_fill,w_280,h_210,f_jpg?from=ke.com
20241030,通州,北关,101126283097,温榆河畔 南北通透 精装未住 明厨明卫生间 采光,590万,42325元/平,低楼层 (共10层) 3室2厅 | 139.4平米 | 南 北,https://ke-image.ljcdn.com/110000-inspection/d5725c0e-839a-4be8-9b50-c37725028101_1000.jpg!m_fill,w_280,h_210,f_jpg?from=ke.com
20241030,通州,北关,101126269069,北关地铁  H户型  南北双通透 明厨明卫 特惠房,310万,33287元/平,中楼层 (共7层) 2室2厅 | 93.13平米 | 南 北,https://ke-image.ljcdn.com/110000-inspection/7679cc1b-94ee-47b6-9812-910f3ae16c90_1000.jpg!m_fill,w_280,h_210,f_jpg?from=ke.com
20241030,通州,北关,101126263771,翠福园精装修拎包入住距离地铁6号线2.5公里。,246万,30292元/平,顶层 (共6层) 2室1厅 | 81.21平米 | 南 北,https://ke-image.ljcdn.com/110000-inspection/pc1_sgNLiWL5t.jpg!m_fill,w_280,h_210,f_jpg?from=ke.com
20241030,通州,北关,101126254306,此房满五唯一正规一居室采光好靠谱出售,145万,32446元/平,中楼层 (共6层) 1室1厅 | 44.69平米 | 南 北,https://ke-image.ljcdn.com/110000-inspection/e6240f2b-0543-4c58-98ac-bab11fee84b3_1000.jpg!m_fill,w_280,h_210,f_jpg?from=ke.com
20241030,通州,北关,101126252971,此房满五唯一正规一居室全明格局南北通透,150万,24672元/平,顶层 (共6层) | 2001年 | 1室1厅 | 60.8平米 | 南 北,https://ke-image.ljcdn.com/110000-inspection/pc1_rXHzc9owz_2.jpg!m_fill,w_280,h_210,f_jpg?from=ke.com
20241030,通州,北关,101126252540,房地远洋悦山水 1室1厅 南 北,183万,33273元/平,高楼层 (共22层) | 2017年 | 1室1厅 | 55平米 | 南 北,https://ke-image.ljcdn.com/110000-inspection/59b4432a-5be2-4dd2-b337-0834c3db2e77_1000.jpg!m_fill,w_280,h_210,f_jpg?from=ke.com
20241030,通州,北关,101126250484,地铁六号线+2014年新小区+精装南北通透三居,339万,38099元/平,顶层 (共18层) | 2015年 | 3室1厅 | 88.98平米 | 南 东 北,https://ke-image.ljcdn.com/110000-inspection/6a502612-1e2f-4361-9cd2-67dea9fedfdd_1000.jpg!m_fill,w_280,h_210,f_jpg?from=ke.com
20241030,通州,北关,101126187682,地铁6号线 天赐良园 6跃7复式 采光充足,520万,27804元/平,高楼层 (共7层) | 2002年 | 4室2厅 | 187.03平米 | 南 北,https://ke-image.ljcdn.com/110000-inspection/4db4fcd5-29b5-4485-ae14-397cdf619f89_1000.jpg!m_fill,w_280,h_210,f_jpg?from=ke.com
20241030,通州,北关,101126167471,世界侨商中心+北向房源+配套完善+看房方便,95万,22534元/平,低楼层 (共27层) | 2017年 | 1室1厅 | 42.16平米 | 北,https://ke-image.ljcdn.com/110000-inspection/8defd769-aaac-4a8b-99c0-358ba5f432cb_1000.jpg!m_fill,w_280,h_210,f_jpg?from=ke.com
20241030,通州,北关,101126161945,万科大都会滨江 高区大平层 观五河交汇,1650万,60920元/平,高楼层 (共42层) | 2021年 | 3室2厅 | 270.85平米 | 东北,https://ke-image.ljcdn.com/110000-inspection/pc1_6kXWCHGMY_2.jpg!m_fill,w_280,h_210,f_jpg?from=ke.com
20241030,通州,北关,101126154489,西潞苑小区 3室2厅 南 北,495万,33195元/平,中楼层 (共6层) 3室2厅 | 149.12平米 | 南 北,https://ke-image.ljcdn.com/110000-inspection/pc1_Wt7mwIoOJ_2.jpg!m_fill,w_280,h_210,f_jpg?from=ke.com
20241030,通州,北关,101126142064,此房满五唯一南北通透两居室精装修,195万,27485元/平,顶层 (共6层) 2室1厅 | 70.95平米 | 南 北,https://ke-image.ljcdn.com/110000-inspection/0c2937a0-f4cd-46a9-a5f6-dea1b305f8da_1000.jpg!m_fill,w_280,h_210,f_jpg?from=ke.com
20241030,通州,北关,101126130001,西潞苑小区 1室1厅 南 北,210万,32229元/平,高楼层 (共6层) 1室1厅 | 65.16平米 | 南 北,https://ke-image.ljcdn.com/110000-inspection/a479ff71-86eb-4211-9be3-57f3c7153d40_1000.jpg!m_fill,w_280,h_210,f_jpg?from=ke.com
20241030,通州,北关,101126127278,西潞苑小区 2室2厅 南 北,210万,28922元/平,底层 (共6层) | 1995年 | 2室2厅 | 72.61平米 | 南 北,https://ke-image.ljcdn.com/110000-inspection/pc1_3M1b0lUeW_2.jpg!m_fill,w_280,h_210,f_jpg?from=ke.com
20241030,通州,北关,101126126294,满五唯一 独栋别墅 带自家大花yuan 无遮挡,1450万,52404元/平,底层 (共2层) 4室2厅 | 276.7平米 | 南 北,https://ke-image.ljcdn.com/110000-inspection/718220e2-a0c5-45b9-a3c0-1b6892de1453_1000.jpg!m_fill,w_280,h_210,f_jpg?from=ke.com
20241030,通州,北关,101126124775,世界侨商中心  近北关地铁A口 交通便利,185万,29047元/平,高楼层 (共27层) | 2017年 | 1室1厅 | 63.69平米 | 南,https://ke-image.ljcdn.com/110000-inspection/e4c1b375-7b52-4688-affa-1e6e2d54c0ba_1000.jpg!m_fill,w_280,h_210,f_jpg?from=ke.com
20241030,通州,北关,101126124521,房地远洋悦山水两居全明精装修随时看,265万,32729元/平,低楼层 (共22层) | 2017年 | 2室1厅 | 80.97平米 | 南 北,https://ke-image.ljcdn.com/110000-inspection/a13dfd89-7bbc-4904-b338-d0815c6cff8b_1000.jpg!m_fill,w_280,h_210,f_jpg?from=ke.com
20241030,通州,北关,101126056357,天赐良园二期 4室1厅 南 西 北,520万,39832元/平,高楼层 (共7层) 4室1厅 | 130.55平米 | 南 西 北,https://ke-image.ljcdn.com/110000-inspection/3b19dcd7-63e2-4361-85b5-f801119ff1dc_1000.jpg!m_fill,w_280,h_210,f_jpg?from=ke.com
20241030,通州,北关,101126048407,地铁6号线南北通透户型低楼层有车位,408万,41544元/平,底层 (共6层) 2室1厅 | 98.21平米 | 南 北,https://ke-image.ljcdn.com/110000-inspection/pc1_V6aTCL3oj.jpg!m_fill,w_280,h_210,f_jpg?from=ke.com
20241030,通州,北关,101126025650,通州北关金地格林格林+南北通透一居室,200万,36377元/平,底层 (共18层) | 2013年 | 1室1厅 | 54.98平米 | 南 北,https://ke-image.ljcdn.com/110000-inspection/d304b20b-6152-465b-9177-4d7a0fd43c13_1000.jpg!m_fill,w_280,h_210,f_jpg?from=ke.com
20241030,通州,北关,101126014188,满五年地铁6号线高绿化三卫生间户型方正,715万,37455元/平,底层 (共6层) | 2002年 | 4室1厅 | 190.9平米 | 南 北,https://ke-image.ljcdn.com/110000-inspection/pc1_P7W1sWMNO_1.jpg!m_fill,w_280,h_210,f_jpg?from=ke.com
20241030,通州,北关,101126001308,地铁六号线南北通透小复式采光好适合一家人居住,345万,28861元/平,高楼层 (共7层) | 2000年 | 2室1厅 | 119.54平米 | 南 北,https://ke-image.ljcdn.com/110000-inspection/7f2b12f4-e177-4cf4-927b-4c56849ed9a1_1000.jpg!m_fill,w_280,h_210,f_jpg?from=ke.com
20241030,通州,北关,101125948917,新光大中心+南向房源+中高楼层+视野好采光佳,165万,38072元/平,高楼层 (共29层) | 2016年 | 1室1厅 | 43.34平米 | 南,https://ke-image.ljcdn.com/110000-inspection/f594d14f-c145-4a4a-9536-269c616f116c_1000.jpg!m_fill,w_280,h_210,f_jpg?from=ke.com
20241030,通州,北关,101125943123,地铁6号线  南北通透  车位充足  看房方便,256万,39409元/平,中楼层 (共6层) 2室1厅 | 64.96平米 | 南 北,https://ke-image.ljcdn.com/110000-inspection/1493a24e-fcc1-4b39-b2c8-57c445f121b6_1000.jpg!m_fill,w_280,h_210,f_jpg?from=ke.com
20241030,通州,北关,101125942298,距离地铁1000米对面远洋购物商场电梯房。,285万,30649元/平,低楼层 (共23层) 2室2厅 | 92.99平米 | 东南,https://ke-image.ljcdn.com/110000-inspection/8b476597-4263-40c3-8b7a-b1f001f6a4f5_1000.jpg!m_fill,w_280,h_210,f_jpg?from=ke.com
20241030,通州,北关,101125887252,永顺西里 2室2厅 南 北,229万,25740元/平,顶层 (共6层) | 1995年 | 2室2厅 | 88.97平米 | 南 北,https://ke-image.ljcdn.com/110000-inspection/0a702e96-4815-4df9-b7a5-410c1e197058_1000.jpg!m_fill,w_280,h_210,f_jpg?from=ke.com
20241030,通州,北关,101125864082,温榆河畔地铁六号线物资学院家属院南北通透两居,252万,38794元/平,中楼层 (共6层) 2室1厅 | 64.96平米 | 南 北,https://ke-image.ljcdn.com/110000-inspection/3332102f-0766-4209-9cf4-eea6fc9d7216_1000.jpg!m_fill,w_280,h_210,f_jpg?from=ke.com
20241030,通州,北关,101125829400,天赐良园东三期A区 2室1厅 南 北,495万,48204元/平,底层 (共6层) 2室1厅 | 102.69平米 | 南 北,https://ke-image.ljcdn.com/110000-inspection/pc1_8SjnlSNzU_1.jpg!m_fill,w_280,h_210,f_jpg?from=ke.com
20241030,通州,北关,101125825977,绿地 北关 精装修 带电梯 落地窗,225万,30789元/平,低楼层 (共22层) 2室1厅 | 73.08平米 | 西 北,https://ke-image.ljcdn.com/110000-inspection/1c313411-572f-4ab5-a1a4-f92057c49e05_1000.jpg!m_fill,w_280,h_210,f_jpg?from=ke.com
20241030,通州,北关,101125738158,富河园 2室1厅 南 北,225万,33886元/平,底层 (共6层) 2室1厅 | 66.4平米 | 南 北,https://ke-image.ljcdn.com/110000-inspection/89fdc0ca-fecd-4396-969d-d2c5ddef32a5_1000.jpg!m_fill,w_280,h_210,f_jpg?from=ke.com
20241030,通州,北关,101125705711,翠福园中间楼层三居近M101地铁,365万,28608元/平,中楼层 (共6层) | 2005年 | 3室1厅 | 127.59平米 | 南 北,https://ke-image.ljcdn.com/110000-inspection/bb2e20e3-4b95-4960-b997-0db6a44b71af_1000.jpg!m_fill,w_280,h_210,f_jpg?from=ke.com
20241030,通州,北关,101125701071,地铁6号线  南北通透复式  装修好  诚心出售,500万,30821元/平,高楼层 (共6层) 3室2厅 | 162.23平米 | 南 北,https://ke-image.ljcdn.com/110000-inspection/3c4e160c-423f-4f3e-a7a4-f4a39485b065_1000.jpg!m_fill,w_280,h_210,f_jpg?from=ke.com
20241030,通州,北关,101125666313,财富东方   高楼层  全南向  采光好,330万,33030元/平,顶层 (共26层) 2室1厅 | 99.91平米 | 南,https://ke-image.ljcdn.com/110000-inspection/45678144-846a-4598-a214-96a870955add_1000.jpg!m_fill,w_280,h_210,f_jpg?from=ke.com
20241030,通州,北关,101125585070,6号线物资学院地铁 大客厅 无遮挡 小区中间位置,439万,33489元/平,中楼层 (共6层) 2室1厅 | 131.09平米 | 南 西 北,https://ke-image.ljcdn.com/110000-inspection/2068d187-ac31-48e6-80e5-47e2c6820694_1000.jpg!m_fill,w_280,h_210,f_jpg?from=ke.com
20241030,通州,北关,101125579676,万科大都会滨江N2  高楼层  视野好,1250万,69530元/平,中楼层 (共42层) | 2021年 | 3室2厅 | 179.78平米 | 西南,https://ke-image.ljcdn.com/110000-inspection/pc1_5bxF5noOm_3.jpg!m_fill,w_280,h_210,f_jpg?from=ke.com
20241030,通州,北关,101125516958,通惠小区 3室2厅 南 北,285万,28861元/平,低楼层 (共6层) 3室2厅 | 98.75平米 | 南 北,https://ke-image.ljcdn.com/110000-inspection/9ea0d2b8-62db-421c-bb1b-91ee4049835b_1000.jpg!m_fill,w_280,h_210,f_jpg?from=ke.com
20241030,通州,北关,101125510963,通州北关 商务区 满五年委托 首付54万,229万,31758元/平,中楼层 (共26层) | 2007年 | 1室1厅 | 72.11平米 | 西南,https://ke-image.ljcdn.com/110000-inspection/6ff8aaeb-bec8-4b51-84b9-db178e22984a_1000.jpg!m_fill,w_280,h_210,f_jpg?from=ke.com
20241030,通州,北关,101125509153,6号线物资学院地铁口  一二层复式  东边户 明卫,856万,44510元/平,底层 (共6层) 4室1厅 | 192.32平米 | 东 南 北,https://ke-image.ljcdn.com/110000-inspection/pc1_eL6EC6cx4_1.jpg!m_fill,w_280,h_210,f_jpg?from=ke.com
20241030,通州,北关,101125448024,西潞苑小区 1室1厅 南,168万,35518元/平,底层 (共6层) 1室1厅 | 47.3平米 | 南,https://ke-image.ljcdn.com/110000-inspection/pc1_sgON48Qu9_1.jpg!m_fill,w_280,h_210,f_jpg?from=ke.com
20241030,通州,北关,101125409712,天赐良园二期复式 临近地铁6号线,799万,45208元/平,高楼层 (共7层) | 2002年 | 3室2厅 | 176.74平米 | 南 西 北,https://ke-image.ljcdn.com/110000-inspection/5a84b760-1f10-4173-8c0d-e94c76c5fbce_1000.jpg!m_fill,w_280,h_210,f_jpg?from=ke.com
20241030,通州,北关,101125326275,榆景苑 5室3厅 东 南 西 北,1490万,53849元/平,底层 (共2层) 5室3厅 | 276.7平米 | 东 南 西 北,https://ke-image.ljcdn.com/110000-inspection/pc1_44rNn1tWz_2.jpg!m_fill,w_280,h_210,f_jpg?from=ke.com
20241030,通州,北关,101125318310,通惠小区  万达 北关附近   南北两居,230万,34110元/平,底层 (共6层) 2室1厅 | 67.43平米 | 南 北,https://ke-image.ljcdn.com/110000-inspection/73b2bbc1-8703-45c4-b6e3-8d40319cb1e4_1000.jpg!m_fill,w_280,h_210,f_jpg?from=ke.com
20241030,通州,北关,101125282106,通州北关 地铁6号线 8哩岛南向一居室 采光好,223万,43821元/平,低楼层 (共10层) 1室0厅 | 50.89平米 | 南,https://ke-image.ljcdn.com/110000-inspection/pc1_tJwQyQqmc_1.jpg!m_fill,w_280,h_210,f_jpg?from=ke.com
20241030,通州,北关,101125247957,6号线物资学院地铁口  南北通透  带车位,175万,42621元/平,顶层 (共7层) 1室2厅 | 41.06平米 | 南 北,https://ke-image.ljcdn.com/110000-inspection/6fd00165-8700-46cf-9be0-184b75feac58_1000.jpg!m_fill,w_280,h_210,f_jpg?from=ke.com
20241030,通州,北关,101125239955,通州北关 地铁6号线 大三居 南北通透 采光充足,560万,35588元/平,中楼层 (共7层) 3室2厅 | 157.36平米 | 南 北,https://ke-image.ljcdn.com/110000-inspection/13087262-12e1-4d4c-b4a4-42d973ec1d5d_1000.jpg!m_fill,w_280,h_210,f_jpg?from=ke.com
20241030,通州,北关,101125210955,天赐良园二期 2室1厅 南 北,469万,46676元/平,低楼层 (共6层) | 2003年 | 2室1厅 | 100.48平米 | 南 北,https://ke-image.ljcdn.com/110000-inspection/dd42a532-4f3f-4ade-a83c-46572825e531_1000.jpg!m_fill,w_280,h_210,f_jpg?from=ke.com
20241030,通州,北关,101125186052,M101地铁商务园站+2014年新小区+温榆河公,288万,38360元/平,高楼层 (共18层) 2室1厅 | 75.08平米 | 南,https://ke-image.ljcdn.com/110000-inspection/pc1_c2XuftcmQ_2.jpg!m_fill,w_280,h_210,f_jpg?from=ke.com
20241030,通州,北关,101125089516,地铁北关900米电梯两居室单价3万看房随时。,285万,30531元/平,中楼层 (共25层) | 2010年 | 2室1厅 | 93.35平米 | 南 西,https://ke-image.ljcdn.com/110000-inspection/272b4803-8c0d-414a-a04e-914aab601632_1000.jpg!m_fill,w_280,h_210,f_jpg?from=ke.com
20241030,通州,北关,101125049286,通州北关2014年新小区+楼层高采光好+两梯四户,360万,42842元/平,高楼层 (共18层) 2室1厅 | 84.03平米 | 南 北,https://ke-image.ljcdn.com/110000-inspection/pc1_SgBH8tMki_2.jpg!m_fill,w_280,h_210,f_jpg?from=ke.com
20241030,通州,北关,101125049139,西潞苑小区 1室1厅 南 北,169万,28504元/平,中楼层 (共6层) | 1998年 | 1室1厅 | 59.29平米 | 南 北,https://ke-image.ljcdn.com/110000-inspection/pc1_FopuxlztI_1.jpg!m_fill,w_280,h_210,f_jpg?from=ke.com
20241030,通州,北关,101125042964,主推 通州商务区 北关地铁 精装修,200万,30908元/平,中楼层 (共6层) 1室1厅 | 64.71平米 | 西 东,https://ke-image.ljcdn.com/110000-inspection/28a74c46-ff53-4f3a-8ec5-feab0ca031ed_1000.jpg!m_fill,w_280,h_210,f_jpg?from=ke.com
20241030,通州,北关,101125038380,万达+永顺西里南北精装修两居+满五唯一,300万,36657元/平,底层 (共6层) 2室1厅 | 81.84平米 | 南 北,https://ke-image.ljcdn.com/110000-inspection/7dcb747c-da9f-4f73-8a89-2b7e7323fd53_1000.jpg!m_fill,w_280,h_210,f_jpg?from=ke.com
20241030,通州,北关,101125026147,平层南北通透户型 一梯一户 视野开阔 采光充足,1400万,58622元/平,顶层 (共5层) | 2011年 | 4室2厅 | 238.82平米 | 南 北,https://ke-image.ljcdn.com/110000-inspection/abf22126-ce74-4f5c-a50c-aedc00bbe73b_1000.jpg!m_fill,w_280,h_210,f_jpg?from=ke.com
20241030,通州,北关,101124977653,通州北关精致小复式 地铁100米 南北通透 大阳台,468万,36260元/平,高楼层 (共7层) | 2002年 | 3室2厅 | 129.07平米 | 南 北 西,https://ke-image.ljcdn.com/110000-inspection/6ccf288d-d41a-48f2-8c7f-15ddff59b0db_1000.jpg!m_fill,w_280,h_210,f_jpg?from=ke.com
20241030,通州,北关,101124971133,通惠小区 2室1厅 南 北,226万,37449元/平,低楼层 (共6层) 2室1厅 | 60.35平米 | 南 北,https://ke-image.ljcdn.com/110000-inspection/eecc1965-a03c-4f1b-afbf-21cfe8036f04_1000.jpg!m_fill,w_280,h_210,f_jpg?from=ke.com
20241030,通州,北关,101124855989,温榆河畔  地铁6号线旁 精装修大平层 看房方便房主自荐,1050万,41074元/平,中楼层 (共6层) 4室2厅 | 255.64平米 | 南 北,https://ke-image.ljcdn.com/110000-inspection/15d0ae00-1b27-4e31-ad87-9f1548313054_1000.jpg!m_fill,w_280,h_210,f_jpg?from=ke.com
20241030,通州,北关,101124820635,通州商区地铁六号线小复式上下两层满五年,430万,33316元/平,高楼层 (共7层) 3室1厅 | 129.07平米 | 南 北,https://ke-image.ljcdn.com/110000-inspection/pc1_HExgBTkRF_2.jpg!m_fill,w_280,h_210,f_jpg?from=ke.com
20241030,通州,北关,101124742673,经理主推 通州北关商务区 满五年唯一 急售,275万,29574元/平,低楼层 (共23层) 2室1厅 | 92.99平米 | 东南,https://ke-image.ljcdn.com/110000-inspection/f393a662-4989-412b-8119-d648fa42b830_1000.jpg!m_fill,w_280,h_210,f_jpg?from=ke.com
20241030,通州,北关,101124727812,新光大中心  西海子公园北侧 近地铁北关C口,290万,34949元/平,高楼层 (共41层) 1室1厅 | 82.98平米 | 西 北,https://ke-image.ljcdn.com/110000-inspection/04cc1257-36f3-482b-8f28-189c0a956142_1000.jpg!m_fill,w_280,h_210,f_jpg?from=ke.com
20241030,通州,北关,101124720339,地铁6号线 精装三居中楼层 南北向 采光充足 不房主自荐,550万,34952元/平,中楼层 (共7层) 3室2厅 | 157.36平米 | 南 西 北,https://ke-image.ljcdn.com/110000-inspection/a307a35f-9384-40ab-9258-848da116c79a_1000.jpg!m_fill,w_280,h_210,f_jpg?from=ke.com
20241030,通州,北关,101124672506,南北通透三居室满五唯一采光好视野开阔业主,335万,29149元/平,顶层 (共6层) | 2003年 | 3室1厅 | 114.93平米 | 南 北,https://ke-image.ljcdn.com/110000-inspection/pc1_r0mMvbxrd_2.jpg!m_fill,w_280,h_210,f_jpg?from=ke.com
20241030,通州,北关,101124671019,朝通嘉园南北通透三居室满五唯一业主诚心出售,379万,32977元/平,顶层 (共6层) | 2003年 | 3室2厅 | 114.93平米 | 南 北,https://ke-image.ljcdn.com/110000-inspection/pc1_uZYNGdvA7.jpg!m_fill,w_280,h_210,f_jpg?from=ke.com
20241030,通州,北关,101124650946,财富东方 3室1厅 南 西,479万,36655元/平,中楼层 (共26层) 3室1厅 | 130.68平米 | 南 西,https://ke-image.ljcdn.com/110000-inspection/7857ada4-ab6e-470b-8124-f97cd95829f0_1000.jpg!m_fill,w_280,h_210,f_jpg?from=ke.com
20241030,通州,北关,101124640138,本房朝北楼层好视野好采光充足配套齐全,90万,21048元/平,低楼层 (共27层) | 2018年 | 1室1厅 | 42.76平米 | 北,https://ke-image.ljcdn.com/110000-inspection/773fd43f-7cc6-4765-b350-0e25d03a6c2d_1000.jpg!m_fill,w_280,h_210,f_jpg?from=ke.com
20241030,通州,北关,101124629753,世外桃园  八里桥地铁  南北通透  出小区进公园,370万,32194元/平,顶层 (共6层) | 2003年 | 3室2厅 | 114.93平米 | 南 北,https://ke-image.ljcdn.com/110000-inspection/6c459bff-481c-4f0b-88d3-05d2972e3925_1000.jpg!m_fill,w_280,h_210,f_jpg?from=ke.com
20241030,通州,北关,101124627701,新光大中心 下楼即是地铁北关C口南侧西海子公园,236万,29716元/平,高楼层 (共29层) | 2016年 | 1室1厅 | 79.42平米 | 东,https://ke-image.ljcdn.com/110000-inspection/a012d796-22d0-481a-96d3-d82964b5a40d_1000.jpg!m_fill,w_280,h_210,f_jpg?from=ke.com
20241030,通州,北关,101124627007,朝通嘉园小区中间楼层三居室满五唯一诚心出售,339万,29558元/平,中楼层 (共6层) | 2003年 | 3室2厅 | 114.69平米 | 南 北,https://ke-image.ljcdn.com/110000-inspection/pc1_01vxwfxKt.jpg!m_fill,w_280,h_210,f_jpg?from=ke.com
20241030,通州,北关,101124617425,北关商务区 东阁雅舍 西南两居室,280万,30659元/平,底层 (共25层) 2室1厅 | 91.33平米 | 西南,https://ke-image.ljcdn.com/110000-inspection/3ff67514-70ce-4ae3-9c07-b09cfa742886_1000.jpg!m_fill,w_280,h_210,f_jpg?from=ke.com
20241030,通州,北关,101124616657,此房满五唯一南北双通透楼层高采光足视野开阔,250万,27225元/平,顶层 (共6层) | 2003年 | 2室1厅 | 91.83平米 | 南 北,https://ke-image.ljcdn.com/110000-inspection/30526379-31c9-4d88-971f-1a77d2db3b2d_1000.jpg!m_fill,w_280,h_210,f_jpg?from=ke.com
20241030,通州,北关,101124616457,此房满五年唯一高楼层采光好前后无遮挡业主诚心房主自荐,258万,27820元/平,顶层 (共6层) | 2003年 | 2室1厅 | 92.74平米 | 南 北,https://ke-image.ljcdn.com/110000-inspection/pc1_HJxsr3IUF.jpg!m_fill,w_280,h_210,f_jpg?from=ke.com
20241030,通州,北关,101124581115,北关商务区 景观好 正规三居室 诚心出售,468万,30998元/平,中楼层 (共41层) 3室1厅 | 150.98平米 | 南 西,https://ke-image.ljcdn.com/110000-inspection/9d0b12f8-b406-434c-9506-47c84ede396e_1000.jpg!m_fill,w_280,h_210,f_jpg?from=ke.com
20241030,通州,北关,101124558583,财富东方 南向户型 采光好 户型方正房主自荐,320万,31946元/平,低楼层 (共26层) 2室1厅 | 100.17平米 | 南,https://ke-image.ljcdn.com/110000-inspection/262d10f1-c86f-4575-b833-4a6fc65f7c42_1000.jpg!m_fill,w_280,h_210,f_jpg?from=ke.com
20241030,通州,北关,101124553840,南北通透正规一居室满五年一套住房,168万,27783元/平,高楼层 (共6层) | 1997年 | 1室2厅 | 60.47平米 | 南 北,https://ke-image.ljcdn.com/110000-inspection/pc1_J4C3SLzPA_1.jpg!m_fill,w_280,h_210,f_jpg?from=ke.com
20241030,通州,北关,101124504521,万福家园三居室业主靠谱出售价格可以商量可以谈。,354万,35400元/平,低楼层 (共6层) 3室2厅 | 100平米 | 南 北,https://ke-image.ljcdn.com/110000-inspection/58519622-dedd-403f-beae-12f1b1b3d260_1000.jpg!m_fill,w_280,h_210,f_jpg?from=ke.com
20241030,通州,北关,101124502916,通州商务区 世界侨商中心 南向  采光好,99万,22912元/平,中楼层 (共27层) | 2018年 | 1室1厅 | 43.21平米 | 南,https://ke-image.ljcdn.com/110000-inspection/b823c4b3-1ee1-400f-a3e2-96269376f6ad_1000.jpg!m_fill,w_280,h_210,f_jpg?from=ke.com
20241030,通州,北关,101124480075,万科大都会滨江N2 通州商务区 精装修,597万,41609元/平,中楼层 (共42层) | 2021年 | 1室1厅 | 143.48平米 | 北,https://ke-image.ljcdn.com/110000-inspection/pc1_IlTblJZqz_2.jpg!m_fill,w_280,h_210,f_jpg?from=ke.com
20241030,通州,北关,101124475047,地铁6号线精装大四居全明格局大落地窗观景房,830万,32658元/平,高楼层 (共6层) 4室2厅 | 254.15平米 | 南 西 北,https://ke-image.ljcdn.com/110000-inspection/pc1_DCuOd5At3_1.jpg!m_fill,w_280,h_210,f_jpg?from=ke.com
20241030,通州,北关,101124391245,东阁雅舍  正规2居室 采光好  视野好,279万,29590元/平,低楼层 (共25层) | 2010年 | 2室1厅 | 94.29平米 | 东 北,https://ke-image.ljcdn.com/110000-inspection/f2730946-2780-4055-97fc-3600ff0bb0d4_1000.jpg!m_fill,w_280,h_210,f_jpg?from=ke.com
20241030,通州,北关,101124275896,万科大都会滨江N2  南向居室  装修很好房主自荐,550万,41401元/平,低楼层 (共42层) | 2021年 | 2室1厅 | 132.85平米 | 南,https://ke-image.ljcdn.com/110000-inspection/551d8816-9640-4ffb-889b-d1e69ab22e8c_1000.jpg!m_fill,w_280,h_210,f_jpg?from=ke.com
20241030,通州,北关,101124275460,新光大中心 1室1厅 南,435万,37942元/平,中楼层 (共41层) | 2017年 | 1室1厅 | 114.65平米 | 南,https://ke-image.ljcdn.com/110000-inspection/d8d1670b-71cd-48db-b1f3-e8454a9613b0_1000.jpg!m_fill,w_280,h_210,f_jpg?from=ke.com
20241030,通州,北关,101124270597,温榆河畔地铁6号线物资学院站1000米独栋别墅房主自荐,1520万,45198元/平,底层 (共3层) | 1995年 | 6室3厅 | 336.3平米 | 东南 西北,https://ke-image.ljcdn.com/110000-inspection/d3746ad4-cec0-4ee9-a3eb-e1337ce18fe6_1000.jpg!m_fill,w_280,h_210,f_jpg?from=ke.com
20241030,通州,北关,101124236308,通州商务区 万科大都会滨江 乐抵港商场,460万,33703元/平,低楼层 (共42层) | 2021年 | 2室1厅 | 136.49平米 | 东 北,https://ke-image.ljcdn.com/110000-inspection/pc1_nkf0187tg_1.jpg!m_fill,w_280,h_210,f_jpg?from=ke.com
20241030,通州,北关,101124224799,西潞苑小区 2室1厅 南 北,244万,43255元/平,中楼层 (共6层) 2室1厅 | 56.41平米 | 南 北,https://ke-image.ljcdn.com/110000-inspection/pc1_Csfc3FtE8_2.jpg!m_fill,w_280,h_210,f_jpg?from=ke.com
20241030,通州,北关,101124220322,地铁六号线+2014年新小区+精装南北向一居+公园,239万,43661元/平,中楼层 (共18层) | 2014年 | 1室1厅 | 54.74平米 | 南 北,https://ke-image.ljcdn.com/110000-inspection/d47f257f-efac-44c3-a4df-a29d1872837a_1000.jpg!m_fill,w_280,h_210,f_jpg?from=ke.com
20241030,通州,北关,101124220176,地铁六号线+2014年新小区+精装南北向一居+公园,206万,37633元/平,高楼层 (共18层) | 2014年 | 1室1厅 | 54.74平米 | 南 北,https://ke-image.ljcdn.com/110000-inspection/pc1_JMaJHZwf2_1.jpg!m_fill,w_280,h_210,f_jpg?from=ke.com
20241030,通州,北关,101124200177,翠福园 2室1厅 南 北,350万,34875元/平,顶层 (共6层) 2室1厅 | 100.36平米 | 南 北,https://ke-image.ljcdn.com/110000-inspection/f00a2e9a-0773-4355-b118-f6eca0b3cd1c_1000.jpg!m_fill,w_280,h_210,f_jpg?from=ke.com
20241030,通州,北关,101124184129,通州6号线地铁 温榆河畔 精装大三居 南北通透,600万,42928元/平,中楼层 (共20层) | 2017年 | 3室1厅 | 139.77平米 | 南 北,https://ke-image.ljcdn.com/110000-inspection/pc1_IavBNoOt3_1.jpg!m_fill,w_280,h_210,f_jpg?from=ke.com
20241030,通州,北关,101124176965,榆景苑采光好视野宽阔配套齐全,1550万,46090元/平,底层 (共2层) 5室2厅 | 336.3平米 | 东 南 西 北,https://ke-image.ljcdn.com/110000-inspection/pc1_KZ2agBDxI_1.jpg!m_fill,w_280,h_210,f_jpg?from=ke.com
20241030,通州,北关,101124159175,地铁6号线物资学院院内南向两居不临街低楼层,270万,44321元/平,中楼层 (共4层) 2室1厅 | 60.92平米 | 南,https://ke-image.ljcdn.com/110000-inspection/fe057b5c-7b60-4fa4-bd6e-e6c09f603f0f_1000.jpg!m_fill,w_280,h_210,f_jpg?from=ke.com
20241030,通州,北关,101124109032,地铁6号线 南北向两居 低楼层户型方正 采光充足房主自荐,350万,40675元/平,低楼层 (共6层) 2室1厅 | 86.05平米 | 南 北,https://ke-image.ljcdn.com/110000-inspection/3e5bfb67-8835-41e3-ae2e-aa57c23e40e9_1000.jpg!m_fill,w_280,h_210,f_jpg?from=ke.com
20241030,通州,北关,101124094189,绿地中央广场  需要全款购买的LOFT,260万,43559元/平,低楼层 (共22层) | 2016年 | 2室2厅 | 59.69平米 | 西北,https://ke-image.ljcdn.com/110000-inspection/e583fbd7-333a-42d4-8fa6-f562695ee78a_1000.jpg!m_fill,w_280,h_210,f_jpg?from=ke.com
20241030,通州,北关,101124091902,地铁6号线物资学院站南北通透两居室落地窗带阳台房主自荐,400万,44544元/平,顶层 (共6层) 2室1厅 | 89.8平米 | 南 北,https://ke-image.ljcdn.com/110000-inspection/6afc1f2e-9d7d-4ca6-a1ef-56c27a5dbbd2_1000.jpg!m_fill,w_280,h_210,f_jpg?from=ke.com
20241030,通州,北关,101124057920,世界侨商中心 1室1厅 北,95万,22332元/平,高楼层 (共27层) | 2018年 | 1室1厅 | 42.54平米 | 北,https://ke-image.ljcdn.com/110000-inspection/3118f809-84c9-43c2-bf0d-0d652ff80cc4_1000.jpg!m_fill,w_280,h_210,f_jpg?from=ke.com
20241030,通州,北关,101124057745,世界侨商中心 1室1厅 北,89万,23829元/平,高楼层 (共27层) | 2017年 | 1室1厅 | 37.35平米 | 北,https://ke-image.ljcdn.com/110000-inspection/46bd0226-699d-49ad-87a3-64192b2a015e_1000.jpg!m_fill,w_280,h_210,f_jpg?from=ke.com
20241030,通州,北关,101124049140,碧水明珠  高楼层  视野好  正规2居室,340万,34844元/平,中楼层 (共23层) | 2004年 | 2室1厅 | 97.58平米 | 东,https://ke-image.ljcdn.com/110000-inspection/c6af6bf3-ccd3-4aa7-8cce-b18a3128ec88_1000.jpg!m_fill,w_280,h_210,f_jpg?from=ke.com
20241030,通州,北关,101124036270,地铁6号线天赐东三期花园边上落地飘窗大客厅,780万,30691元/平,高楼层 (共6层) 4室2厅 | 254.15平米 | 南 北,https://ke-image.ljcdn.com/110000-inspection/pc1_c2nafkmnP_1.jpg!m_fill,w_280,h_210,f_jpg?from=ke.com
20241030,通州,北关,101123993912,此房满五唯一南北向 采光充足 视野开阔 客厅带挑空,1380万,57792元/平,顶层 (共5层) 4室2厅 | 238.79平米 | 南 北,https://ke-image.ljcdn.com/110000-inspection/078080c7-a199-489d-9547-c3dc1b0ba452_1000.jpg!m_fill,w_280,h_210,f_jpg?from=ke.com
20241030,通州,北关,101123993897,此房南北通透上下两层复式采光好。,550万,34447元/平,高楼层 (共7层) 4室3厅 | 159.67平米 | 南 北,https://ke-image.ljcdn.com/110000-inspection/pc1_SHKUyPDlE_1.jpg!m_fill,w_280,h_210,f_jpg?from=ke.com
20241030,通州,北关,101123984524,地铁6号线  大两居  户型方正  诚心出售,489万,39058元/平,中楼层 (共6层) 2室1厅 | 125.2平米 | 南 西 北,https://ke-image.ljcdn.com/110000-inspection/0e652dd8-9938-4efa-aca5-ecf3d4751d9c_1000.jpg!m_fill,w_280,h_210,f_jpg?from=ke.com
20241030,通州,北关,101123981466,地铁六号线满五年唯一采光好视野宽阔。房主自荐,220万,53646元/平,顶层 (共7层) | 2000年 | 1室1厅 | 41.01平米 | 南 北,https://ke-image.ljcdn.com/110000-inspection/pc1_cXMTdmbfQ_1.jpg!m_fill,w_280,h_210,f_jpg?from=ke.com
20241030,通州,北关,101123977961,地铁6号线 南北通透三居 双阳台 不临街,560万,36419元/平,中楼层 (共7层) 3室2厅 | 153.77平米 | 南 北,https://ke-image.ljcdn.com/110000-inspection/d426d3b4-1926-4b17-92dd-61626084c88b_1000.jpg!m_fill,w_280,h_210,f_jpg?from=ke.com
20241030,通州,北关,101123976080,永顺西里 2室1厅 南 北,189万,28009元/平,顶层 (共6层) 2室1厅 | 67.48平米 | 南 北,https://ke-image.ljcdn.com/110000-inspection/ed397701-a5a2-48cf-83f2-49251306524f_1000.jpg!m_fill,w_280,h_210,f_jpg?from=ke.com
20241030,通州,北关,101123976076,温榆河畔 中式古典精装下跃 6号线物资学院路,919.5万,38029元/平,底层 (共9层) 4室3厅 | 241.79平米 | 南 北,https://ke-image.ljcdn.com/110000-inspection/pc1_SMqNxm7UZ_1.jpg!m_fill,w_280,h_210,f_jpg?from=ke.com
20241030,通州,北关,101123974280,：地铁6号线 朝南格局楼层好视野宽阔采光充足房主自荐,225万,42964元/平,高楼层 (共6层) 1室0厅 | 52.37平米 | 南,https://ke-image.ljcdn.com/110000-inspection/f80ad452-0858-4aa3-bd98-c93704a838b9_1000.jpg!m_fill,w_280,h_210,f_jpg?from=ke.com
20241030,通州,北关,101123966865,地铁6号线  南北通透三居  全明户型  不临街,520万,44736元/平,中楼层 (共7层) 3室2厅 | 116.24平米 | 南 北,https://ke-image.ljcdn.com/110000-inspection/f1fb076a-43a3-43b1-846f-08a2a9b572ad_1000.jpg!m_fill,w_280,h_210,f_jpg?from=ke.com
20241030,通州,北关,101123961415,地铁6号线 南北通透三居  看房方便房主自荐,650万,45560元/平,底层 (共6层) | 2003年 | 3室2厅 | 142.67平米 | 南 北,https://ke-image.ljcdn.com/110000-inspection/pc1_lPBQsFALk.jpg!m_fill,w_280,h_210,f_jpg?from=ke.com
20241030,通州,北关,101123958943,地铁6号线 南北通透 采光好 诚心出售,350万,51088元/平,顶层 (共6层) | 2003年 | 2室1厅 | 68.51平米 | 西南 北,https://ke-image.ljcdn.com/110000-inspection/pc1_UMK7cqasi_1.jpg!m_fill,w_280,h_210,f_jpg?from=ke.com
20241030,通州,北关,101123957211,新光大中心 高楼层精装落地窗 看河景离地铁300米,490万,32455元/平,中楼层 (共41层) 3室1厅 | 150.98平米 | 西南,https://ke-image.ljcdn.com/110000-inspection/4b93c745-67bc-45b2-b01b-27b767bd5482_1000.jpg!m_fill,w_280,h_210,f_jpg?from=ke.com
20241030,通州,北关,101123949868,复式结构大四居室产权清晰近地铁300米随时签约,665万,32234元/平,中楼层 (共6层) | 2002年 | 4室2厅 | 206.31平米 | 南 北,https://ke-image.ljcdn.com/110000-inspection/7f1c507b-4975-4f6f-a2bd-a8ac28debba7_1000.jpg!m_fill,w_280,h_210,f_jpg?from=ke.com
20241030,通州,北关,101123949098,地铁6号线正规大三居精装修好楼层适合居住,660万,41943元/平,中楼层 (共7层) | 2002年 | 3室2厅 | 157.36平米 | 东南 北,https://ke-image.ljcdn.com/110000-inspection/e8323123-61ba-42fb-98c1-976d673a4e0d_1000.jpg!m_fill,w_280,h_210,f_jpg?from=ke.com
20241030,通州,北关,101123946438,地铁6号线物资学院站南北通透三居室落地窗带阳台,549万,35942元/平,中楼层 (共7层) 3室1厅 | 152.75平米 | 南 北,https://ke-image.ljcdn.com/110000-inspection/9cdb33df-6afc-41aa-8268-f6b41280ccaa_1000.jpg!m_fill,w_280,h_210,f_jpg?from=ke.com
20241030,通州,北关,101123945885,地铁6号线物资学院大三居精装修户型好居住舒适,475万,46460元/平,高楼层 (共6层) 3室1厅 | 102.24平米 | 南 北,https://ke-image.ljcdn.com/110000-inspection/527447ce-89e3-433c-b80c-22285c128d2c_1000.jpg!m_fill,w_280,h_210,f_jpg?from=ke.com
20241030,通州,北关,101123944479,6号线物资学院地铁口  不临街复式 南北通透 停车免费房主自荐,360万,25000元/平,高楼层 (共7层) 4室1厅 | 144平米 | 南 北,https://ke-image.ljcdn.com/110000-inspection/pc1_cvSHsb1Aj_2.jpg!m_fill,w_280,h_210,f_jpg?from=ke.com
20241030,通州,北关,101123944058,地铁6号线 南北通透3居 低楼层 户型方正,560万,45808元/平,底层 (共6层) | 2004年 | 3室2厅 | 122.25平米 | 南 北,https://ke-image.ljcdn.com/110000-inspection/pc1_GE3dEHCTX_1.jpg!m_fill,w_280,h_210,f_jpg?from=ke.com
20241030,通州,北关,101123927576,地铁6号线 南北向6跃7复式  采光充足 视野开阔,580万,33455元/平,高楼层 (共7层) 3室2厅 | 173.37平米 | 南 北,https://ke-image.ljcdn.com/110000-inspection/pc1_GcQX0vHXQ_1.jpg!m_fill,w_280,h_210,f_jpg?from=ke.com
20241030,通州,北关,101123894642,金地格林格林 1室1厅 南 北,205万,37321元/平,高楼层 (共16层) 1室1厅 | 54.93平米 | 南 北,https://ke-image.ljcdn.com/110000-inspection/pc1_adkccA13d_2.jpg!m_fill,w_280,h_210,f_jpg?from=ke.com
20241030,通州,北关,101123855470,世界侨商中心    近地铁北关A口 围合式社区房主自荐,99万,23600元/平,高楼层 (共27层) | 2017年 | 1室1厅 | 41.95平米 | 北,https://ke-image.ljcdn.com/110000-inspection/dc10ff70-4c62-4b63-9f7f-b22dfd8425fe_1000.jpg!m_fill,w_280,h_210,f_jpg?from=ke.com
20241030,通州,北关,101123825313,6号线地铁沿线 翠福园南向大两居 精装修低楼层急售,272万,31308元/平,低楼层 (共6层) 2室1厅 | 86.88平米 | 西南,https://ke-image.ljcdn.com/110000-inspection/1a3dccfc-a146-4bec-a9de-a25f02b02404_1000.jpg!m_fill,w_280,h_210,f_jpg?from=ke.com
20241030,通州,北关,101123811844,运河商务区一层正规一居室。自住精装修。随时看房。,259万,47289元/平,底层 (共18层) 1室1厅 | 54.77平米 | 南 北,https://ke-image.ljcdn.com/110000-inspection/3fd4a3ed-c243-4d48-a848-b1a35ac4d575_1000.jpg!m_fill,w_280,h_210,f_jpg?from=ke.com
20241030,通州,北关,101123712203,通州北关商务区 东阁雅舍 全明户型两居室,249万,27264元/平,低楼层 (共25层) | 2003年 | 2室1厅 | 91.33平米 | 西北,https://ke-image.ljcdn.com/110000-inspection/7953fe0c-311f-4ccc-bdc2-8e979fdc6822_1000.jpg!m_fill,w_280,h_210,f_jpg?from=ke.com
20241030,通州,北关,101123702594,绿地中央广场  全款购买北关 商务区,145万,32338元/平,低楼层 (共22层) 1室1厅 | 44.84平米 | 东,https://ke-image.ljcdn.com/110000-inspection/f2387741-0538-473c-a675-3133e6191b81_1000.jpg!m_fill,w_280,h_210,f_jpg?from=ke.com
20241030,通州,北关,101123698949,天赐良园二期 环境优美绿化好 近地铁 生活购物方便,445万,46162元/平,高楼层 (共7层) | 2002年 | 2室1厅 | 96.4平米 | 南 北,https://ke-image.ljcdn.com/110000-inspection/1d7469da-4d0b-4480-af5e-cfd34667aeaf_1000.jpg!m_fill,w_280,h_210,f_jpg?from=ke.com
20241030,通州,北关,101123672723,新光大中心 1室1厅 北,450万,46083元/平,低楼层 (共41层) | 2017年 | 1室1厅 | 97.65平米 | 北,https://ke-image.ljcdn.com/110000-inspection/1310825c-98ff-40e0-841b-1f0a5aff08ac_1000.jpg!m_fill,w_280,h_210,f_jpg?from=ke.com
20241030,通州,北关,101123592689,万科大都会滨江三居室可观河独立电梯厅。,830万,42410元/平,高楼层 (共42层) | 2021年 | 3室2厅 | 195.71平米 | 北,https://ke-image.ljcdn.com/110000-inspection/ccf3fe40-c3e2-4382-a55d-4bd68d51bb78_1000.jpg!m_fill,w_280,h_210,f_jpg?from=ke.com
20241030,通州,北关,101123566254,西潞苑小区 2室1厅 南 北,249万,26386元/平,顶层 (共6层) 2室1厅 | 94.37平米 | 南 北,https://ke-image.ljcdn.com/110000-inspection/pc1_EyPW62EVv_1.jpg!m_fill,w_280,h_210,f_jpg?from=ke.com
20241030,通州,北关,101123513425,北关商务区 精装修 高品质 居住舒适,110万,25859元/平,中楼层 (共27层) | 2018年 | 1室0厅 | 42.54平米 | 北,https://ke-image.ljcdn.com/110000-inspection/e40ae812-3ab4-40e7-a743-98ee75843a6f_1000.jpg!m_fill,w_280,h_210,f_jpg?from=ke.com
20241030,通州,北关,101123446715,物资学院地铁站300米满五年大三居新装修产权清晰,496万,38663元/平,中楼层 (共7层) | 2002年 | 3室1厅 | 128.29平米 | 南 北,https://ke-image.ljcdn.com/110000-inspection/159f4124-e31f-4042-8334-e36d93452463_1000.jpg!m_fill,w_280,h_210,f_jpg?from=ke.com
20241030,通州,北关,101123424271,天赐良园二期 小户型 看房方便 配套完善 交通方便,48万,28916元/平,地下室 (共7层) | 2002年 | 1室0厅 | 16.6平米 | 北,https://ke-image.ljcdn.com/110000-inspection/ef5c55a8-e606-4ed0-a553-bc38784abd22_1000.jpg!m_fill,w_280,h_210,f_jpg?from=ke.com
20241030,通州,北关,101123403321,华诚花园 四居室复式户型 不临街闹中取静 大学门口房主自荐,530万,31217元/平,高楼层 (共6层) 3室3厅 | 169.78平米 | 南 北,https://ke-image.ljcdn.com/110000-inspection/deac8120-5990-4eee-95e2-d5619562e596_1000.jpg!m_fill,w_280,h_210,f_jpg?from=ke.com
20241030,通州,北关,101123370248,南北通透三居室低楼层自住看房方便。,330万,31634元/平,低楼层 (共6层) 3室2厅 | 104.32平米 | 南 北,https://ke-image.ljcdn.com/110000-inspection/pc1_1spf9NNq7_2.jpg!m_fill,w_280,h_210,f_jpg?from=ke.com
20241030,通州,北关,101123369760,西潞苑小区 南北二居 方正户型 精装修,360万,37034元/平,底层 (共6层) | 2001年 | 2室1厅 | 97.21平米 | 南 北,https://ke-image.ljcdn.com/110000-inspection/pc1_zzSYBqqrf_2.jpg!m_fill,w_280,h_210,f_jpg?from=ke.com
20241030,通州,北关,101123369699,西潞苑小区 南北二居 采光好 无遮挡,190万,26338元/平,顶层 (共6层) | 2000年 | 2室1厅 | 72.14平米 | 南 北,https://ke-image.ljcdn.com/110000-inspection/804c1d76-3bdf-40fc-884c-60ca6b907098_1000.jpg!m_fill,w_280,h_210,f_jpg?from=ke.com
20241030,通州,北关,101123366727,满五唯一 采光好 不临街 正规南北通透一改居室,175万,30456元/平,高楼层 (共6层) | 1997年 | 2室1厅 | 57.46平米 | 南 北,https://ke-image.ljcdn.com/110000-inspection/7f7f5754-4679-40e6-81d6-3f3448df407f_1000.jpg!m_fill,w_280,h_210,f_jpg?from=ke.com
20241030,通州,北关,101123352707,满五年诚心出售两居明厨明卫,288万,31329元/平,中楼层 (共6层) 2室1厅 | 91.93平米 | 南 北,https://ke-image.ljcdn.com/110000-inspection/d371e9cb-28dc-4ac2-a264-da9f73ba70ef_1000.jpg!m_fill,w_280,h_210,f_jpg?from=ke.com
20241030,通州,北关,101123350598,北关西潞苑小户型诚心卖满5年,135万,37058元/平,低楼层 (共6层) | 2001年 | 1室0厅 | 36.43平米 | 南,https://ke-image.ljcdn.com/110000-inspection/df2e7392-cb0b-47f9-9bcd-85bf36889389_1000.jpg!m_fill,w_280,h_210,f_jpg?from=ke.com
20241030,通州,北关,101123350188,6号线  高层两居  户型好  满五唯一,210万,26586元/平,顶层 (共6层) | 1995年 | 2室1厅 | 78.99平米 | 南 北,https://ke-image.ljcdn.com/110000-inspection/pc1_8D9FaWgaf_1.jpg!m_fill,w_280,h_210,f_jpg?from=ke.com
20241030,通州,北关,101123328092,新光大中心 1室1厅 西南,219万,31255元/平,低楼层 (共29层) | 2016年 | 1室1厅 | 70.07平米 | 西南,https://ke-image.ljcdn.com/110000-inspection/0ce9c429-3dd9-4bdb-8888-1e57d3fee323_1000.jpg!m_fill,w_280,h_210,f_jpg?from=ke.com
20241030,通州,北关,101123308682,富河园 3室2厅 南 北,409万,26981元/平,高楼层 (共7层) | 2001年 | 3室2厅 | 151.59平米 | 南 北,https://ke-image.ljcdn.com/110000-inspection/c3dd4f2a-3e87-4857-95df-18840fc78510_1000.jpg!m_fill,w_280,h_210,f_jpg?from=ke.com
20241030,通州,北关,101123260207,小区唯 一全南向户型（卧客厨全朝阳）采光足 通风房主自荐,419万,40127元/平,低楼层 (共26层) | 2007年 | 2室1厅 | 104.42平米 | 南,https://ke-image.ljcdn.com/110000-inspection/pc1_jH5NebgtK_1.jpg!m_fill,w_280,h_210,f_jpg?from=ke.com
20241030,通州,北关,101123242559,天赐六加七大复式南北通透好格局地铁200米看房方便,480万,30053元/平,高楼层 (共7层) 3室1厅 | 159.72平米 | 南 北,https://ke-image.ljcdn.com/110000-inspection/pc1_IG1nwF5Hz.jpg!m_fill,w_280,h_210,f_jpg?from=ke.com
20241030,通州,北关,101123222686,地铁6号线物资学院路 温榆河畔 南北两居房主自荐,399万,41611元/平,中楼层 (共7层) 2室1厅 | 95.89平米 | 南 北,https://ke-image.ljcdn.com/110000-inspection/dcc0356e-9b1a-45ba-a6d7-e019e0ea2095_1000.jpg!m_fill,w_280,h_210,f_jpg?from=ke.com
20241030,通州,北关,101123208395,地铁6号线物资学院站1-2跃层不临街户型方正,778万,40864元/平,底层 (共5层) 4室2厅 | 190.39平米 | 南 北,https://ke-image.ljcdn.com/110000-inspection/ab3c5b61-ddb7-4bf9-8cda-88de8dc66f8d_1000.jpg!m_fill,w_280,h_210,f_jpg?from=ke.com
20241030,通州,北关,101123168224,通州物资学院站华城花园幽静高层复式楼房,399万,27709元/平,高楼层 (共7层) 3室2厅 | 144平米 | 南 北,https://ke-image.ljcdn.com/110000-inspection/0448d9ef-6ac5-4ab3-8048-b1311433c77c_1000.jpg!m_fill,w_280,h_210,f_jpg?from=ke.com
20241030,通州,北关,101123137614,6号线地铁口 5-6层复式 小区中间 三面采光,1050万,45806元/平,高楼层 (共6层) 4室2厅 | 229.23平米 | 南 西 北,https://ke-image.ljcdn.com/110000-inspection/63d57696-3fb1-4618-b3d2-1cac92ce4b0b_1000.jpg!m_fill,w_280,h_210,f_jpg?from=ke.com
20241030,通州,北关,101123113517,翠福园 4室2厅 南 北,436万,22829元/平,顶层 (共6层) | 2003年 | 4室2厅 | 190.99平米 | 南 北,https://ke-image.ljcdn.com/110000-inspection/5219e938-b1c1-45b2-a163-e46cdef64daf_1000.jpg!m_fill,w_280,h_210,f_jpg?from=ke.com
20241030,通州,北关,101123071780,万科大都会滨江N2 3室1厅 北,1090万,55695元/平,高楼层 (共42层) | 2021年 | 3室1厅 | 195.71平米 | 北,https://ke-image.ljcdn.com/110000-inspection/091cd78b-5486-43ba-ab16-a952e010e21d_1000.jpg!m_fill,w_280,h_210,f_jpg?from=ke.com
20241030,通州,北关,101123071114,北关 财富东方 户型方正 满五年 诚心出售,267万,32773元/平,中楼层 (共26层) 2室2厅 | 81.47平米 | 西,https://ke-image.ljcdn.com/110000-inspection/65f6607a-5966-484f-9e0f-d2d03c35263a_1000.jpg!m_fill,w_280,h_210,f_jpg?from=ke.com
20241030,通州,北关,101123017213,翠福园优质一居室南北通透主卧和客厅朝南,198万,30537元/平,中楼层 (共6层) 1室1厅 | 64.84平米 | 南 北,https://ke-image.ljcdn.com/110000-inspection/pc1_cHpLNgf7v_2.jpg!m_fill,w_280,h_210,f_jpg?from=ke.com
20241030,通州,北关,101123016900,通州商务区275平超大三居室周边商场地铁北关,1650万,59944元/平,高楼层 (共42层) | 2021年 | 3室1厅 | 275.26平米 | 东北,https://ke-image.ljcdn.com/110000-inspection/7b1fe7e6-3956-4a69-960b-e52052c6b882_1000.jpg!m_fill,w_280,h_210,f_jpg?from=ke.com
20241030,通州,北关,101122987364,地铁6号线  南北通透    配套齐全,224万,54555元/平,顶层 (共7层) | 2000年 | 1室0厅 | 41.06平米 | 南 北,https://ke-image.ljcdn.com/110000-inspection/pc1_SH5PH0yY4_1.jpg!m_fill,w_280,h_210,f_jpg?from=ke.com
20241030,通州,北关,101122985498,安顺北里采光好前后阳台地铁M101号线出行方便,236万,34508元/平,顶层 (共6层) | 2012年 | 1室1厅 | 68.39平米 | 南 北,https://ke-image.ljcdn.com/110000-inspection/db469ba4-6aa1-4be8-98a7-4a33702830a9_1000.jpg!m_fill,w_280,h_210,f_jpg?from=ke.com
20241030,通州,北关,101122985427,中楼层南北通透双阳台满五年唯一诚心出售。,210万,31848元/平,中楼层 (共6层) 1室1厅 | 65.94平米 | 南 北,https://ke-image.ljcdn.com/110000-inspection/pc1_csobEyCgL_2.jpg!m_fill,w_280,h_210,f_jpg?from=ke.com
20241030,通州,北关,101122985342,中间楼层南北通透大两居房型方正看房方便。,285万,30310元/平,高楼层 (共6层) 2室2厅 | 94.03平米 | 南 北,https://ke-image.ljcdn.com/110000-inspection/pc1_9FW3P3f9H_2.jpg!m_fill,w_280,h_210,f_jpg?from=ke.com
20241030,通州,北关,101122984492,6号线物资学院路 户型方正 中间楼层三居室,499万,43107元/平,中楼层 (共7层) | 2000年 | 3室2厅 | 115.76平米 | 南 北,https://ke-image.ljcdn.com/110000-inspection/120d0b3f-7e4c-491a-b84d-8e02661c9304_1000.jpg!m_fill,w_280,h_210,f_jpg?from=ke.com
20241030,通州,北关,101122981268,运河商务区精装修一居室南北通透楼间距大。,214万,38980元/平,中楼层 (共18层) 1室1厅 | 54.9平米 | 南 北,https://ke-image.ljcdn.com/110000-inspection/pc1_T7mJB5q3P_2.jpg!m_fill,w_280,h_210,f_jpg?from=ke.com
20241030,通州,北关,101122968480,物资学院家属院 近地铁 南北通透 有钥匙随时可看,300万,49416元/平,底层 (共6层) 2室1厅 | 60.71平米 | 南 北,https://ke-image.ljcdn.com/110000-inspection/5ca09413-dc9f-46c6-99b4-a109672d4f88_1000.jpg!m_fill,w_280,h_210,f_jpg?from=ke.com
20241030,通州,北关,101122968052,地铁6号线  温榆河畔  采光好,229万,47324元/平,中楼层 (共10层) 1室1厅 | 48.39平米 | 西,https://ke-image.ljcdn.com/110000-inspection/ee38dd0c-c35c-468f-9c56-d827e05982ba_1000.jpg!m_fill,w_280,h_210,f_jpg?from=ke.com
20241030,通州,北关,101122964473,翠福园方正两居室全明格局满五年唯一住房,298万,33876元/平,高楼层 (共6层) 2室1厅 | 87.97平米 | 南 北,https://ke-image.ljcdn.com/110000-inspection/pc1_ku9QblUQA_2.jpg!m_fill,w_280,h_210,f_jpg?from=ke.com
20241030,通州,北关,101122961788,6号线物资学院地铁口  顶层复式  带租赁车位 诚心出售,538万,28784元/平,高楼层 (共7层) 4室2厅 | 186.91平米 | 南 北,https://ke-image.ljcdn.com/110000-inspection/8b8445a2-a4e5-4b90-8d3f-c534609c3439_1000.jpg!m_fill,w_280,h_210,f_jpg?from=ke.com
20241030,通州,北关,101122951518,地铁6号线  温榆河畔  花园洋房正规三居,520万,36932元/平,低楼层 (共10层) | 2013年 | 3室2厅 | 140.8平米 | 北 南,https://ke-image.ljcdn.com/110000-inspection/pc1_4oLNr82II_1.jpg!m_fill,w_280,h_210,f_jpg?from=ke.com
20241030,通州,北关,101122885636,地铁6号线一层大两居全明户型低楼层采光好,390万,44314元/平,底层 (共6层) | 2004年 | 2室1厅 | 88.01平米 | 南 北,https://ke-image.ljcdn.com/110000-inspection/pc1_HQMSPxogJ_1.jpg!m_fill,w_280,h_210,f_jpg?from=ke.com
20241030,通州,北关,101122885471,地铁6号线天赐正规两居户型通透低楼层采光好,390万,46094元/平,底层 (共6层) | 2004年 | 2室1厅 | 84.61平米 | 南 北,https://ke-image.ljcdn.com/110000-inspection/pc1_6ladtoKgF_1.jpg!m_fill,w_280,h_210,f_jpg?from=ke.com
20241030,通州,北关,101122885335,业主急售独栋别墅精装修有车库采光好,1580万,52702元/平,底层 (共3层) 6室4厅 | 299.8平米 | 南 北 西 东,https://ke-image.ljcdn.com/110000-inspection/a29a8a17-7431-4186-a10a-daa274792594_1000.jpg!m_fill,w_280,h_210,f_jpg?from=ke.com
20241030,通州,北关,101122851542,天赐二期大四居近6号地铁复式下沉式庭院闹中取静,799万,36222元/平,底层 (共7层) 4室2厅 | 220.59平米 | 东 南 北,https://ke-image.ljcdn.com/110000-inspection/a97bdb20-e939-42e0-9bde-20c5c065ae60_1000.jpg!m_fill,w_280,h_210,f_jpg?from=ke.com
20241030,通州,北关,101122830496,天赐良园二期改善三居室位置楼层好生活购物方便,528万,34644元/平,中楼层 (共7层) | 2002年 | 3室2厅 | 152.41平米 | 南 北,https://ke-image.ljcdn.com/110000-inspection/416d8ecb-bfaa-4e7d-8fa1-34c3c854b4d1_1000.jpg!m_fill,w_280,h_210,f_jpg?from=ke.com
20241030,通州,北关,101122784865,6号线地铁沿线 东阁雅舍电梯大三居  高楼层全明户型,309万,28514元/平,高楼层 (共25层) | 2010年 | 3室1厅 | 108.37平米 | 东北,https://ke-image.ljcdn.com/110000-inspection/25e5ad0e-a7f0-48c0-bc22-fe31c1a0619d_1000.jpg!m_fill,w_280,h_210,f_jpg?from=ke.com
20241030,通州,北关,101122767460,富河园   南北通透   视野好  无遮挡,421万,22850元/平,高楼层 (共7层) | 1998年 | 4室2厅 | 184.25平米 | 南 北,https://ke-image.ljcdn.com/110000-inspection/pc1_bGilkOAhK_1.jpg!m_fill,w_280,h_210,f_jpg?from=ke.com
20241030,通州,北关,101122728898,通州运河商务区 万科物业 精装修急售,520万,37923元/平,低楼层 (共42层) | 2021年 | 3室2厅 | 137.12平米 | 北,https://ke-image.ljcdn.com/110000-inspection/f75b403c-ecd7-4b05-8a31-657358733b3e_1000.jpg!m_fill,w_280,h_210,f_jpg?from=ke.com
20241030,通州,北关,101122694544,经理主推 通州北关商务区 碧水明珠 一居室 首付60万,199万,28866元/平,中楼层 (共23层) | 2004年 | 1室1厅 | 68.94平米 | 西北,https://ke-image.ljcdn.com/110000-inspection/c90cc2d3-11d4-4139-8dec-2472b16f02ee_1000.jpg!m_fill,w_280,h_210,f_jpg?from=ke.com
20241030,通州,北关,101122611600,地铁6号线物资学院路 采光好 户型方正,340万,37520元/平,高楼层 (共6层) | 1997年 | 2室2厅 | 90.62平米 | 南 北,https://ke-image.ljcdn.com/110000-inspection/793460ef-70d4-41b3-bfc4-72c55b8eb3a1_1000.jpg!m_fill,w_280,h_210,f_jpg?from=ke.com
20241030,通州,北关,101122554541,通州商务区 高品质 高楼层 视野好,549万,36310元/平,高楼层 (共41层) 3室1厅 | 151.2平米 | 东南,https://ke-image.ljcdn.com/110000-inspection/f9cbe57b-2d5e-455b-8a3a-317613db419f_1000.jpg!m_fill,w_280,h_210,f_jpg?from=ke.com
20241030,通州,北关,101122515902,地铁6号线物资学院站南北通透不临街中间层,485万,46915元/平,中楼层 (共6层) 2室1厅 | 103.38平米 | 南 北,https://ke-image.ljcdn.com/110000-inspection/81626a03-296f-4ecd-8fb9-3668335720d0_1000.jpg!m_fill,w_280,h_210,f_jpg?from=ke.com
20241030,通州,北关,101122469195,地铁6号线 温榆河畔 南北三居,380万,42190元/平,中楼层 (共6层) | 2004年 | 3室1厅 | 90.07平米 | 南 北 西,https://ke-image.ljcdn.com/110000-inspection/cea59ea1-da23-4742-ac81-5355a1cee0a7_1000.jpg!m_fill,w_280,h_210,f_jpg?from=ke.com
20241030,通州,北关,101122457808,落地窗精装修交通便利自然景观好诚意出售,210万,30471元/平,中楼层 (共29层) | 2016年 | 1室1厅 | 68.92平米 | 东北,https://ke-image.ljcdn.com/110000-inspection/5a9c3922-98ca-46a2-a813-9968ee16390e_1000.jpg!m_fill,w_280,h_210,f_jpg?from=ke.com
20241030,通州,北关,101122421777,通州商务区 万科大都会滨江 精装三居室,800万,47693元/平,中楼层 (共42层) | 2021年 | 3室1厅 | 167.74平米 | 西北,https://ke-image.ljcdn.com/110000-inspection/943b78d9-a2a7-43c2-b192-6289da89b3ae_1000.jpg!m_fill,w_280,h_210,f_jpg?from=ke.com
20241030,通州,北关,101122397744,6号线物资学院  三面采光  复式户型 带固定车位,499万,38223元/平,高楼层 (共7层) | 2002年 | 4室2厅 | 130.55平米 | 东 南 北,https://ke-image.ljcdn.com/110000-inspection/adf6fd96-bc77-4557-a662-6c80ff7ca285_1000.jpg!m_fill,w_280,h_210,f_jpg?from=ke.com
20241030,通州,北关,101122323597,通州北关 物资学院 榆景苑二区 8哩岛 南北通透三居室,625万,38055元/平,低楼层 (共9层) 4室2厅 | 164.24平米 | 南 北,https://ke-image.ljcdn.com/110000-inspection/cec1a959-0759-4f10-9897-a96c5a27a7bf_1000.jpg!m_fill,w_280,h_210,f_jpg?from=ke.com
20241030,通州,北关,101122313730,通州商务区 劳动局家属院南北两居室,198万,35314元/平,中楼层 (共6层) 2室1厅 | 56.07平米 | 南 北,https://ke-image.ljcdn.com/110000-inspection/0549edd1-f6fe-4b83-9799-e1fd13de739c_1000.jpg!m_fill,w_280,h_210,f_jpg?from=ke.com
20241030,通州,北关,101122143634,物资学院家属院 大学环境 两居室 户型方正,226万,39162元/平,顶层 (共4层) 2室1厅 | 57.71平米 | 南,https://ke-image.ljcdn.com/110000-inspection/ef3c5524-0721-4cdd-97c1-61be5bcde9d0_1000.jpg!m_fill,w_280,h_210,f_jpg?from=ke.com
20241030,通州,北关,101122010378,通州商务 五河交汇房地远洋悦山水 南北一居室,180万,32728元/平,低楼层 (共22层) | 2017年 | 1室0厅 | 55平米 | 南 北,https://ke-image.ljcdn.com/110000-inspection/0c1bb6f2-338b-492b-8bca-36f092f1ccd6_1000.jpg!m_fill,w_280,h_210,f_jpg?from=ke.com
20241030,通州,北关,101121998129,富河园    一二层跃层    小区中间位置  南北通透,549万,31779元/平,底层 (共7层) | 2001年 | 4室1厅 | 172.76平米 | 南 北,https://ke-image.ljcdn.com/110000-inspection/19667ef3-593d-4629-bd72-421a596d342a_1000.jpg!m_fill,w_280,h_210,f_jpg?from=ke.com
20241030,通州,北关,101121969877,满五唯一精装修好楼层采光好通风好房主自荐,211万,38483元/平,低楼层 (共18层) | 2015年 | 1室1厅 | 54.83平米 | 南 北,https://ke-image.ljcdn.com/110000-inspection/pc1_j1yChMOR6_2.jpg!m_fill,w_280,h_210,f_jpg?from=ke.com
20241030,通州,北关,101121965425,榆景苑二区 6号线物资学院路地铁 温榆河畔 东西通透,429万,49740元/平,顶层 (共8层) 2室1厅 | 86.25平米 | 东 西,https://ke-image.ljcdn.com/110000-inspection/dae97211-1746-4f00-9913-1f6f25c1e553_1000.jpg!m_fill,w_280,h_210,f_jpg?from=ke.com
20241030,通州,北关,101121848558,天赐良园东三期 满五唯一 中间楼层 采光好 明厨明卫,330万,47333元/平,中楼层 (共6层) 2室1厅 | 69.72平米 | 东南,https://ke-image.ljcdn.com/110000-inspection/3beb3e25-e91a-4560-a76c-6007536e2b4f_1000.jpg!m_fill,w_280,h_210,f_jpg?from=ke.com
20241030,通州,北关,101121769166,万科大都会滨江N2  装修好  高楼层  视野好,700万,39685元/平,高楼层 (共42层) | 2021年 | 3室2厅 | 176.39平米 | 西,https://ke-image.ljcdn.com/110000-inspection/db95c364-ac6a-46ff-a50e-a0212bf45515_1000.jpg!m_fill,w_280,h_210,f_jpg?from=ke.com
20241030,通州,北关,101121553492,富河园 4室1厅 南 北,798万,43387元/平,底层 (共7层) 4室1厅 | 183.93平米 | 南 北,https://ke-image.ljcdn.com/110000-inspection/25df763d-6cad-4852-9230-83e34a4e3ac5_1000.jpg!m_fill,w_280,h_210,f_jpg?from=ke.com
20241030,通州,北关,101121438348,北关商务区 精装修 户型方正 高品质居住房主自荐,169万,26353元/平,低楼层 (共27层) | 2018年 | 1室1厅 | 64.13平米 | 南,https://ke-image.ljcdn.com/110000-inspection/51f77e5d-fd40-455f-9deb-2b2cc4cbfd0c_1000.jpg!m_fill,w_280,h_210,f_jpg?from=ke.com
20241030,通州,北关,101121222084,通州北关 万科大都汇滨江 楼层高 视野好,800万,55757元/平,中楼层 (共42层) | 2021年 | 2室1厅 | 143.48平米 | 北,https://ke-image.ljcdn.com/110000-inspection/de5c71ef-c2b3-451c-90b4-90350e763cd8_1000.jpg!m_fill,w_280,h_210,f_jpg?from=ke.com
20241030,通州,北关,101121200115,富河园 满五唯一商品房 明厨明卫 车位充足免费停车房主自荐,212万,30157元/平,顶层 (共6层) | 1995年 | 2室2厅 | 70.3平米 | 西南,https://ke-image.ljcdn.com/110000-inspection/test-e5fcb67f-a0d4-49eb-a4d9-8803ebda8709.png!m_fill,w_280,h_210,f_jpg?from=ke.com
20241030,通州,北关,101121135248,翠福园小区   高楼层   视野好  5.8米挑高房主自荐,480万,30908元/平,顶层 (共6层) | 2005年 | 3室2厅 | 155.3平米 | 南 北,https://ke-image.ljcdn.com/110000-inspection/pc1_Z14wNlESR_1.jpg!m_fill,w_280,h_210,f_jpg?from=ke.com
20241030,通州,北关,101121114041,户型方正配套完善业主诚心出售视野好采光佳,110万,25725元/平,中楼层 (共27层) | 2018年 | 1室0厅 | 42.76平米 | 北,https://ke-image.ljcdn.com/110000-inspection/pc1_KDgBZSiVK_1.jpg!m_fill,w_280,h_210,f_jpg?from=ke.com
20241030,通州,北关,101121046297,落地窗视野开阔 楼龄新电梯房交通便利,325万,39129元/平,高楼层 (共41层) 2室1厅 | 83.06平米 | 东北,https://ke-image.ljcdn.com/110000-inspection/128dd303-6f64-4bbb-91c7-e2e398a90bf0_1000.jpg!m_fill,w_280,h_210,f_jpg?from=ke.com
20241030,通州,北关,101121010249,翠福园 中间楼层正规一居室 价格可谈 强烈推荐！！！,185万,30200元/平,中楼层 (共6层) | 2003年 | 1室1厅 | 61.26平米 | 西北,https://ke-image.ljcdn.com/110000-inspection/pc1_xedyGQA4T_2.jpg!m_fill,w_280,h_210,f_jpg?from=ke.com
20241030,通州,北关,101120841464,新光大中心 精装修落地窗 南向看河景 人车分流房主自荐,355万,31035元/平,中楼层 (共41层) 2室1厅 | 114.39平米 | 南,https://ke-image.ljcdn.com/110000-inspection/pc1_4UOWj0Iom.jpg!m_fill,w_280,h_210,f_jpg?from=ke.com
20241030,通州,北关,101120829080,碧水明珠正规三居室高楼层视野开阔没有遮挡,430万,28245元/平,高楼层 (共23层) | 2004年 | 4室1厅 | 152.24平米 | 东南,https://ke-image.ljcdn.com/110000-inspection/pc1_H1ajUXuFB_1.jpg!m_fill,w_280,h_210,f_jpg?from=ke.com
20241030,通州,北关,101120793727,财富东方  北向一居室  落地阳台采光好,200万,44965元/平,低楼层 (共26层) 1室1厅 | 44.48平米 | 北,https://ke-image.ljcdn.com/110000-inspection/66255d3d-335a-4604-8f9e-723b7c3fa3f6_1000.jpg!m_fill,w_280,h_210,f_jpg?from=ke.com
20241030,通州,北关,101120755094,新光大中心 通州北关 看房方便,145万,33457元/平,中楼层 (共29层) | 2018年 | 1室1厅 | 43.34平米 | 北,https://ke-image.ljcdn.com/110000-inspection/a5c5bee8-2afb-430f-b8dd-22eda522c713_1000.jpg!m_fill,w_280,h_210,f_jpg?from=ke.com
20241030,通州,北关,101120620571,南北通透板楼结构 公摊小看房方便诚心出售。,182万,20402元/平,地下室 (共6层) | 2003年 | 2室1厅 | 89.21平米 | 南 北,https://ke-image.ljcdn.com/110000-inspection/82eb883d-5e37-4f18-833c-2448c0233d09_1000.jpg!m_fill,w_280,h_210,f_jpg?from=ke.com
20241030,通州,北关,101120192834,独栋别墅精装修 温榆河湿地公园户型布局合理,1800万,65053元/平,底层 (共2层) 4室4厅 | 276.7平米 | 东 南 西 北,https://ke-image.ljcdn.com/110000-inspection/c92ed742-7381-4561-974a-00389142b3f0_1000.jpg!m_fill,w_280,h_210,f_jpg?from=ke.com
20241030,通州,北关,101120057019,8哩岛叠拼 共三层 南北通透 到地铁900米,1750万,49981元/平,底层 (共5层) 5室3厅 | 350.14平米 | 南 北,https://ke-image.ljcdn.com/110000-inspection/pc1_j3T1w7HuH.jpg!m_fill,w_280,h_210,f_jpg?from=ke.com
20241030,通州,北关,101119741174,通州北关商务区 结研所家属院 南北两居室房主自荐,190万,34365元/平,中楼层 (共5层) | 1976年 | 2室1厅 | 55.29平米 | 南 北,https://ke-image.ljcdn.com/110000-inspection/pc1_cPyNN8Gri_1.jpg!m_fill,w_280,h_210,f_jpg?from=ke.com
20241030,通州,北关,101119297436,富河园   装修好  采光充足  视野无遮挡,690万,33439元/平,顶层 (共5层) | 2000年 | 4室3厅 | 206.35平米 | 南 西 北,https://ke-image.ljcdn.com/110000-inspection/0f3d9551-ce74-4d5c-94c8-fb1d03ed29ac_1000.jpg!m_fill,w_280,h_210,f_jpg?from=ke.com
20241030,通州,北关,101119002545,财富东方 自住精装修 转角窗 卧室带阳台 采光十足,275万,38137元/平,顶层 (共26层) | 2007年 | 2室1厅 | 72.11平米 | 西南,https://ke-image.ljcdn.com/110000-inspection/pc1_DMs0mSkcD_1.jpg!m_fill,w_280,h_210,f_jpg?from=ke.com
20241030,通州,北关,101118999928,翠福园 2室1厅 南 北,320万,37489元/平,中楼层 (共6层) | 2003年 | 2室1厅 | 85.36平米 | 南 北,https://ke-image.ljcdn.com/110000-inspection/a9445bf8-8840-4dce-8602-d5342f77f6b5_1000.jpg!m_fill,w_280,h_210,f_jpg?from=ke.com
20241030,通州,北关,101118836508,地铁6号线物资学院站南北通透户型小区中间位置房主自荐,726万,35276元/平,中楼层 (共5层) 4室1厅 | 205.81平米 | 东 南 北,https://ke-image.ljcdn.com/110000-inspection/pc1_eenoZZB6E.jpg!m_fill,w_280,h_210,f_jpg?from=ke.com
20241030,通州,北关,101118118764,商务区 观河景 万科大都汇滨江,739万,57390元/平,低楼层 (共42层) | 2021年 | 3室2厅 | 128.77平米 | 东 南,https://ke-image.ljcdn.com/110000-inspection/bb41d929-14c4-47e9-9e37-1103a4ad4ce1_1000.jpg!m_fill,w_280,h_210,f_jpg?from=ke.com
20241030,通州,北关,101117992182,通州北关6号线西潞苑 交通便利 正规三居 户型方正,323万,32531元/平,顶层 (共6层) | 1998年 | 3室2厅 | 99.29平米 | 南 北,https://ke-image.ljcdn.com/110000-inspection/pc1_iiO1KGQVr_1.jpg!m_fill,w_280,h_210,f_jpg?from=ke.com
20241030,通州,北关,101117922468,新光大中心 有燃气 户型方正 看房方便,300万,36202元/平,中楼层 (共41层) | 2018年 | 1室1厅 | 82.87平米 | 东北,https://ke-image.ljcdn.com/110000-inspection/397c8f6f-bf67-43a0-8672-ec5a3d01aaad_1000.jpg!m_fill,w_280,h_210,f_jpg?from=ke.com
20241030,通州,北关,101108850900,通州区新光大中心 次新房 通州北关 精装修,199万,40871元/平,中楼层 (共41层) 1室0厅 | 48.69平米 | 北,https://ke-image.ljcdn.com/110000-inspection/pc1_xh9F1yKlO_1.jpg!m_fill,w_280,h_210,f_jpg?from=ke.com
20241030,通州,北关,101127313074,万福家园 2室1厅 南 北新上,270万,30794元/平,顶层 (共6层) 2室1厅 | 87.68平米 | 南 北,https://s1.ljcdn.com/pegasus/redskull/images/common/default_house_list.png?_v=202410161653269
20241030,通州,北关,101127295139,朝北8080 2室1厅 南新上,390万,44073元/平,底层 (共7层) 2室1厅 | 88.49平米 | 南,https://s1.ljcdn.com/pegasus/redskull/images/common/default_house_list.png?_v=202410161653269
20241030,通州,北关,101127291507,天赐良园二期 1室0厅 东 西新上,400万,52862元/平,底层 (共1层) 1室0厅 | 75.67平米 | 东 西,https://s1.ljcdn.com/pegasus/redskull/images/common/default_house_list.png?_v=202410161653269
20241030,通州,北关,101127210206,2015年社区。电梯新房金地物业管理南向两居。新上,220万,29124元/平,底层 (共18层) | 2014年 | 2室1厅 | 75.54平米 | 南,https://s1.ljcdn.com/pegasus/redskull/images/common/default_house_list.png?_v=202410161653269
20241030,通州,北关,101127149098,朝北8080 1室1厅 北,100万,26351元/平,顶层 (共7层) | 2015年 | 1室1厅 | 37.95平米 | 北,https://s1.ljcdn.com/pegasus/redskull/images/common/default_house_list.png?_v=202410161653269
20241030,通州,北关,101127145810,财富东方 东北双阳台 视野开阔 诚心出售,298万,32037元/平,顶层 (共26层) | 2007年 | 2室1厅 | 93.02平米 | 东北,https://s1.ljcdn.com/pegasus/redskull/images/common/default_house_list.png?_v=202410161653269
20241030,通州,北关,101127126316,华诚花园 3室2厅 南 北,400万,36830元/平,低楼层 (共7层) 3室2厅 | 108.61平米 | 南 北,https://s1.ljcdn.com/pegasus/redskull/images/common/default_house_list.png?_v=202410161653269
20241030,通州,北关,101127058531,朝北8080 2室1厅 南,185万,20715元/平,中楼层 (共7层) 2室1厅 | 89.31平米 | 南,https://s1.ljcdn.com/pegasus/redskull/images/common/default_house_list.png?_v=202410161653269
20241030,通州,北关,101127030775,朝北8080 2室1厅 南房主自荐,172万,36635元/平,顶层 (共7层) | 2015年 | 2室1厅 | 46.95平米 | 南,https://s1.ljcdn.com/pegasus/redskull/images/common/default_house_list.png?_v=202410161653269
20241030,通州,北关,101126976265,新光大中心  近地铁北关A口 通惠河北岸,249万,35587元/平,中楼层 (共29层) | 2016年 | 1室1厅 | 69.97平米 | 西北,https://s1.ljcdn.com/pegasus/redskull/images/common/default_house_list.png?_v=202410161653269
20241030,通州,北关,101126972289,天赐良园东三期A区 2室1厅 南 北,420万,40042元/平,中楼层 (共6层) | 2004年 | 2室1厅 | 104.89平米 | 南 北,https://s1.ljcdn.com/pegasus/redskull/images/common/default_house_list.png?_v=202410161653269
20241030,通州,北关,101126951930,新光大 落地窗 电梯房交通便利近公园,129万,22369元/平,低楼层 (共41层) 1室1厅 | 57.67平米 | 北,https://s1.ljcdn.com/pegasus/redskull/images/common/default_house_list.png?_v=202410161653269
20241030,通州,北关,101126936666,财富东方 1室1厅 东南,260万,36222元/平,高楼层 (共26层) | 2007年 | 1室1厅 | 71.78平米 | 东南,https://s1.ljcdn.com/pegasus/redskull/images/common/default_house_list.png?_v=202410161653269
20241030,通州,北关,101126934222,8哩岛 2室1厅 东南,380万,45564元/平,中楼层 (共10层) | 2013年 | 2室1厅 | 83.4平米 | 东南,https://s1.ljcdn.com/pegasus/redskull/images/common/default_house_list.png?_v=202410161653269
20241030,通州,北关,101126932102,新光大中心 1室0厅 北,126万,25969元/平,高楼层 (共41层) 1室0厅 | 48.52平米 | 北,https://s1.ljcdn.com/pegasus/redskull/images/common/default_house_list.png?_v=202410161653269
20241030,通州,北关,101126905430,金融街园中园 4室2厅 南 北,1500万,26859元/平,底层 (共3层) 4室2厅 | 558.48平米 | 南 北,https://s1.ljcdn.com/pegasus/redskull/images/common/default_house_list.png?_v=202410161653269
20241030,通州,北关,101126855111,6号线 地铁南向 新光大中心 房龄新,168万,38764元/平,中楼层 (共29层) | 2016年 | 1室1厅 | 43.34平米 | 北,https://s1.ljcdn.com/pegasus/redskull/images/common/default_house_list.png?_v=202410161653269
20241030,通州,北关,101126822154,世界侨商中心 近地铁A口下楼50米即可到达 落地窗,135万,31676元/平,高楼层 (共19层) | 2018年 | 1室1厅 | 42.62平米 | 北,https://s1.ljcdn.com/pegasus/redskull/images/common/default_house_list.png?_v=202410161653269
20241030,通州,北关,101126809834,富河园 3室2厅 南 北,350万,22098元/平,高楼层 (共7层) 3室2厅 | 158.39平米 | 南 北,https://s1.ljcdn.com/pegasus/redskull/images/common/default_house_list.png?_v=202410161653269
20241030,通州,北关,101126797052,富河园 3室1厅 南 北,250万,28624元/平,高楼层 (共6层) 3室1厅 | 87.34平米 | 南 北,https://s1.ljcdn.com/pegasus/redskull/images/common/default_house_list.png?_v=202410161653269
20241030,通州,北关,101126749000,朝北8080 3室1厅 东 南 北,268万,24947元/平,中楼层 (共7层) 3室1厅 | 107.43平米 | 东 南 北,https://s1.ljcdn.com/pegasus/redskull/images/common/default_house_list.png?_v=202410161653269
20241030,通州,北关,101126695137,房地远洋悦山水 1室1厅 南,160万,29256元/平,中楼层 (共22层) | 2017年 | 1室1厅 | 54.69平米 | 南,https://s1.ljcdn.com/pegasus/redskull/images/common/default_house_list.png?_v=202410161653269
20241030,通州,北关,101126693390,朝北8080 1室1厅 南,78万,16639元/平,低楼层 (共7层) 1室1厅 | 46.88平米 | 南,https://s1.ljcdn.com/pegasus/redskull/images/common/default_house_list.png?_v=202410161653269
20241030,通州,北关,101126691840,6号线温榆河畔朝北8080好房出售,95万,26634元/平,顶层 (共7层) | 2015年 | 1室1厅 | 35.67平米 | 北,https://s1.ljcdn.com/pegasus/redskull/images/common/default_house_list.png?_v=202410161653269
20241030,通州,北关,101126636479,朝北8080 1室1厅 北,95万,26463元/平,顶层 (共7层) | 2015年 | 1室1厅 | 35.9平米 | 北,https://s1.ljcdn.com/pegasus/redskull/images/common/default_house_list.png?_v=202410161653269
20241030,通州,北关,101126625800,朝北8080 2室1厅 南 西 北,380万,35432元/平,顶层 (共7层) 2室1厅 | 107.25平米 | 南 西 北,https://s1.ljcdn.com/pegasus/redskull/images/common/default_house_list.png?_v=202410161653269
20241030,通州,北关,101126604136,通州北关商务区里面的项目50年产权 精装修落地,156万,35383元/平,高楼层 (共29层) | 2016年 | 1室1厅 | 44.09平米 | 南,https://s1.ljcdn.com/pegasus/redskull/images/common/default_house_list.png?_v=202410161653269
20241030,通州,北关,101126602991,朝北8080 3室1厅 南 北,340万,31649元/平,高楼层 (共7层) 3室1厅 | 107.43平米 | 南 北,https://s1.ljcdn.com/pegasus/redskull/images/common/default_house_list.png?_v=202410161653269
20241030,通州,北关,101126599547,朝北8080 1室1厅 北,158万,41988元/平,底层 (共7层) | 2015年 | 1室1厅 | 37.63平米 | 北,https://s1.ljcdn.com/pegasus/redskull/images/common/default_house_list.png?_v=202410161653269
20241030,通州,北关,101126544101,财富东方电梯房高楼层南向两居室,330万,32977元/平,高楼层 (共26层) 2室1厅 | 100.07平米 | 南,https://s1.ljcdn.com/pegasus/redskull/images/common/default_house_list.png?_v=202410161653269
20241030,通州,北关,101126503948,北关地铁 世界侨商中心 南向无遮挡 精装修,110万,25810元/平,低楼层 (共19层) | 2018年 | 1室1厅 | 42.62平米 | 南,https://s1.ljcdn.com/pegasus/redskull/images/common/default_house_list.png?_v=202410161653269
20241030,通州,北关,101126467447,通惠小区 4室1厅 南 北,375万,24999元/平,顶层 (共6层) 4室1厅 | 150.01平米 | 南 北,https://s1.ljcdn.com/pegasus/redskull/images/common/default_house_list.png?_v=202410161653269
20241030,通州,北关,101126455282,常营商圈 朝通嘉园 低楼层 满五年唯一 业主靠谱出,454万,39503元/平,低楼层 (共6层) | 2003年 | 3室2厅 | 114.93平米 | 南 北,https://s1.ljcdn.com/pegasus/redskull/images/common/default_house_list.png?_v=202410161653269
20241030,通州,北关,101126395814,朝北8080小区一楼 可以随时看房价格优惠,378万,47256元/平,底层 (共7层) 3室1厅 | 79.99平米 | 南 北,https://s1.ljcdn.com/pegasus/redskull/images/common/default_house_list.png?_v=202410161653269
20241030,通州,北关,101126326776,房子是南向落地窗能看到北关地铁站楼层好无遮挡,117万,27452元/平,高楼层 (共19层) | 2018年 | 1室1厅 | 42.62平米 | 南,https://s1.ljcdn.com/pegasus/redskull/images/common/default_house_list.png?_v=202410161653269
20241030,通州,北关,101126324822,朝北8080 1室0厅 南,85万,17581元/平,中楼层 (共7层) | 2016年 | 1室0厅 | 48.35平米 | 南,https://s1.ljcdn.com/pegasus/redskull/images/common/default_house_list.png?_v=202410161653269
20241030,通州,北关,101126319328,房地远洋悦山水 1室1厅 南 北,150万,26662元/平,低楼层 (共22层) | 2017年 | 1室1厅 | 56.26平米 | 南 北,https://s1.ljcdn.com/pegasus/redskull/images/common/default_house_list.png?_v=202410161653269
20241030,通州,北关,101126296053,富河园 3室2厅 南 北,408万,29538元/平,高楼层 (共7层) 3室2厅 | 138.13平米 | 南 北,https://s1.ljcdn.com/pegasus/redskull/images/common/default_house_list.png?_v=202410161653269
20241030,通州,北关,101126255423,房地远洋悦山水 3室2厅 东 南 北,380万,35975元/平,低楼层 (共21层) | 2017年 | 3室2厅 | 105.63平米 | 东 南 北,https://s1.ljcdn.com/pegasus/redskull/images/common/default_house_list.png?_v=202410161653269
20241030,通州,北关,101126203416,通州北关运河商务区+朝北8080+商业办公类可注册,135万,28816元/平,顶层 (共7层) | 2015年 | 1室1厅 | 46.85平米 | 南,https://s1.ljcdn.com/pegasus/redskull/images/common/default_house_list.png?_v=202410161653269
20241030,通州,北关,101126133541,新光大中心  楼下即是地铁北关站C口 通惠河北岸,165万,38072元/平,中楼层 (共29层) | 2016年 | 1室1厅 | 43.34平米 | 南,https://s1.ljcdn.com/pegasus/redskull/images/common/default_house_list.png?_v=202410161653269
20241030,通州,北关,101126133305,朝北8080 1室1厅 北,140万,30831元/平,底层 (共7层) | 2015年 | 1室1厅 | 45.41平米 | 北,https://s1.ljcdn.com/pegasus/redskull/images/common/default_house_list.png?_v=202410161653269
20241030,通州,北关,101126116200,落地窗视野好可以看西海子公园,157万,35561元/平,高楼层 (共29层) | 2016年 | 1室1厅 | 44.15平米 | 南,https://s1.ljcdn.com/pegasus/redskull/images/common/default_house_list.png?_v=202410161653269
20241030,通州,北关,101126114045,世界侨商中心+西南向房源+中高楼层+视野好采光好,135万,28131元/平,中楼层 (共19层) | 2018年 | 1室1厅 | 47.99平米 | 西南,https://s1.ljcdn.com/pegasus/redskull/images/common/default_house_list.png?_v=202410161653269
20241030,通州,北关,101125953410,可以注册公司温榆河畔商务区精装修。,110万,23144元/平,顶层 (共7层) 1室1厅 | 47.53平米 | 南,https://s1.ljcdn.com/pegasus/redskull/images/common/default_house_list.png?_v=202410161653269
20241030,通州,北关,101125943247,此房房本满五年房子格局方正采光好门口地铁,375万,32505元/平,顶层 (共5层) | 2004年 | 3室1厅 | 115.37平米 | 东 西,https://ke-image.ljcdn.com/110000-inspection/013aba73-4693-426e-bcbf-af0e8f307562.jpg!m_fill,w_280,h_210,f_jpg?from=ke.com
20241030,通州,北关,101125888157,金地格林格林南北通透一居室+通州北关+运河商务区,193万,35066元/平,低楼层 (共18层) | 2013年 | 1室1厅 | 55.04平米 | 南 北,https://s1.ljcdn.com/pegasus/redskull/images/common/default_house_list.png?_v=202410161653269
20241030,通州,北关,101125834319,温榆河畔朝北8080小区方正全南好房诚意出售,385万,43508元/平,底层 (共7层) | 2015年 | 2室1厅 | 88.49平米 | 南,https://s1.ljcdn.com/pegasus/redskull/images/common/default_house_list.png?_v=202410161653269
20241030,通州,北关,101125730431,新光大中心 近地铁北关站通惠河北岸,140万,31754元/平,低楼层 (共29层) | 2016年 | 1室1厅 | 44.09平米 | 南,https://s1.ljcdn.com/pegasus/redskull/images/common/default_house_list.png?_v=202410161653269
20241030,通州,北关,101125719220,地铁6号线M101+次新小区+南北西三居温榆河公园,345万,38656元/平,高楼层 (共18层) | 2014年 | 3室1厅 | 89.25平米 | 南 北,https://s1.ljcdn.com/pegasus/redskull/images/common/default_house_list.png?_v=202410161653269
20241030,通州,北关,101125713980,世界侨商中心 1室1厅 北,115万,26983元/平,中楼层 (共19层) | 2018年 | 1室1厅 | 42.62平米 | 北,https://s1.ljcdn.com/pegasus/redskull/images/common/default_house_list.png?_v=202410161653269
20241030,通州,北关,101125588028,朝通嘉园高楼层南北通透大两居室房主自荐,249万,27255元/平,高楼层 (共6层) 2室2厅 | 91.36平米 | 南 北,https://s1.ljcdn.com/pegasus/redskull/images/common/default_house_list.png?_v=202410161653269
20241030,通州,北关,101125584905,财富东方 满五唯一商品房 高楼层采光好 地铁六号线,350万,33044元/平,高楼层 (共13层) | 2007年 | 2室1厅 | 105.92平米 | 南,https://s1.ljcdn.com/pegasus/redskull/images/common/default_house_list.png?_v=202410161653269
20241030,通州,北关,101125384308,世界侨商中心 通州北关地铁 封闭社区,193万,29914元/平,低楼层 (共27层) | 2017年 | 1室1厅 | 64.52平米 | 南,https://s1.ljcdn.com/pegasus/redskull/images/common/default_house_list.png?_v=202410161653269
20241030,通州,北关,101125354818,世界侨商中心  近地铁北关A口 周边配套齐全,126万,29564元/平,中楼层 (共19层) | 2018年 | 1室1厅 | 42.62平米 | 南,https://s1.ljcdn.com/pegasus/redskull/images/common/default_house_list.png?_v=202410161653269
20241030,通州,北关,101125353630,通州北关地铁 西向 世界侨商中心,199万,27922元/平,顶层 (共19层) | 2018年 | 2室1厅 | 71.27平米 | 西,https://s1.ljcdn.com/pegasus/redskull/images/common/default_house_list.png?_v=202410161653269
20241030,通州,北关,101125343226,新光大中心  近地铁北关站C口 南侧通惠河和西海子,228万,32722元/平,中楼层 (共29层) | 2016年 | 1室1厅 | 69.68平米 | 西 南,https://s1.ljcdn.com/pegasus/redskull/images/common/default_house_list.png?_v=202410161653269
20241030,通州,北关,101125335621,朝北8080 2室1厅 南,215万,45369元/平,底层 (共7层) | 2015年 | 2室1厅 | 47.39平米 | 南,https://s1.ljcdn.com/pegasus/redskull/images/common/default_house_list.png?_v=202410161653269
20241030,通州,北关,101125324871,朝北8080采光好视野宽阔配套全,218万,24415元/平,中楼层 (共7层) | 2015年 | 2室1厅 | 89.29平米 | 南,https://s1.ljcdn.com/pegasus/redskull/images/common/default_house_list.png?_v=202410161653269
20241030,通州,北关,101125249241,碧水明珠 满五唯一 直面商务区五河交汇处 北关站,300万,31487元/平,高楼层 (共23层) 2室1厅 | 95.28平米 | 东 南,https://s1.ljcdn.com/pegasus/redskull/images/common/default_house_list.png?_v=202410161653269
20241030,通州,北关,101125242538,新光大中心 精装修 落地窗 到地铁300米 看河景,248万,35592元/平,中楼层 (共29层) | 2016年 | 1室1厅 | 69.68平米 | 西南,https://s1.ljcdn.com/pegasus/redskull/images/common/default_house_list.png?_v=202410161653269
20241030,通州,北关,101125189355,房子精装修房子是落地窗视野好交通出行方便,226万,28134元/平,中楼层 (共41层) 1室1厅 | 80.33平米 | 南,https://s1.ljcdn.com/pegasus/redskull/images/common/default_house_list.png?_v=202410161653269
20241030,通州,北关,101125182270,运河铭著地铁6号线精装改善新房,490万,35497元/平,低楼层 (共18层) | 2017年 | 3室1厅 | 138.04平米 | 南 北,https://s1.ljcdn.com/pegasus/redskull/images/common/default_house_list.png?_v=202410161653269
20241030,通州,北关,101125169683,金融街园中园 商业独栋 环境好 温榆河畔,1400万,24924元/平,底层 (共4层) | 2012年 | 5室2厅 | 561.71平米 | 南 北,https://s1.ljcdn.com/pegasus/redskull/images/common/default_house_list.png?_v=202410161653269
20241030,通州,北关,101125107946,温榆河畔朝北8080小区一楼复式精致画院,158万,33783元/平,底层 (共7层) | 2015年 | 1室1厅 | 46.77平米 | 南,https://s1.ljcdn.com/pegasus/redskull/images/common/default_house_list.png?_v=202410161653269
20241030,通州,北关,101125058997,世界侨商中心+东南向房源+近地铁,115万,23964元/平,低楼层 (共19层) | 2018年 | 1室1厅 | 47.99平米 | 东南,https://s1.ljcdn.com/pegasus/redskull/images/common/default_house_list.png?_v=202410161653269
20241030,通州,北关,101124872745,物资学院地铁站6号线朝北8080,425万,39650元/平,底层 (共7层) 4室2厅 | 107.19平米 | 南 北,https://s1.ljcdn.com/pegasus/redskull/images/common/default_house_list.png?_v=202410161653269
20241030,通州,北关,101124821598,通州北关物资学院地铁站商业办公可注册有电梯,185万,39295元/平,底层 (共7层) | 2015年 | 1室1厅 | 47.08平米 | 南,https://s1.ljcdn.com/pegasus/redskull/images/common/default_house_list.png?_v=202410161653269
20241030,通州,北关,101124771106,北关商务区 南向 采光好 诚心出售,165万,25717元/平,高楼层 (共27层) | 2018年 | 1室1厅 | 64.16平米 | 南,https://s1.ljcdn.com/pegasus/redskull/images/common/default_house_list.png?_v=202410161653269
20241030,通州,北关,101124769235,朝北8080 1室1厅 西南,120万,25824元/平,中楼层 (共7层) | 2015年 | 1室1厅 | 46.47平米 | 西南,https://s1.ljcdn.com/pegasus/redskull/images/common/default_house_list.png?_v=202410161653269
20241030,通州,北关,101124577260,此房是南向挑空南北通透采光好装修好,437万,54632元/平,底层 (共7层) | 2015年 | 3室1厅 | 79.99平米 | 南 北,https://s1.ljcdn.com/pegasus/redskull/images/common/default_house_list.png?_v=202410161653269
20241030,通州,北关,101124288331,通州北关商务运河区 正规一室一厅！,180万,32949元/平,顶层 (共17层) | 2017年 | 1室1厅 | 54.63平米 | 南 北,https://s1.ljcdn.com/pegasus/redskull/images/common/default_house_list.png?_v=202410161653269
20241030,通州,北关,101124238425,温榆河畔朝北8080一梯三户全南好房出售可个人购买,200万,22327元/平,中楼层 (共7层) 2室1厅 | 89.58平米 | 南,https://s1.ljcdn.com/pegasus/redskull/images/common/default_house_list.png?_v=202410161653269
20241030,通州,北关,101123981598,世界侨商中心+南向房源+中间楼层+视野好采光佳,110万,25810元/平,中楼层 (共19层) | 2018年 | 1室1厅 | 42.62平米 | 南,https://s1.ljcdn.com/pegasus/redskull/images/common/default_house_list.png?_v=202410161653269
20241030,通州,北关,101123956559,金融街企业独栋别墅商务园温榆河畔,1360万,24017元/平,底层 (共3层) 5室2厅 | 566.28平米 | 南 北,https://s1.ljcdn.com/pegasus/redskull/images/common/default_house_list.png?_v=202410161653269
20241030,通州,北关,101123945882,房子南北通透采光性好企业独栋别墅商务园,1400万,25045元/平,底层 (共3层) 4室2厅 | 559.01平米 | 南 北,https://s1.ljcdn.com/pegasus/redskull/images/common/default_house_list.png?_v=202410161653269
20241030,通州,北关,101123945244,地铁6号线南北通透大三居户型通透一层适合居住,580万,43492元/平,底层 (共7层) | 2000年 | 3室2厅 | 133.36平米 | 南 西 北,https://s1.ljcdn.com/pegasus/redskull/images/common/default_house_list.png?_v=202410161653269
20241030,通州,北关,101123896912,朝北8080 3室1厅 南 北,280万,34896元/平,中楼层 (共7层) | 2015年 | 3室1厅 | 80.24平米 | 南 北,https://s1.ljcdn.com/pegasus/redskull/images/common/default_house_list.png?_v=202410161653269
20241030,通州,北关,101123893113,此房南北通透独栋洋房内部有电梯。,1350万,24024元/平,底层 (共3层) 5室2厅 | 561.96平米 | 东南 西北,https://s1.ljcdn.com/pegasus/redskull/images/common/default_house_list.png?_v=202410161653269
20241030,通州,北关,101123827450,温榆河畔朝北8080小区好房出售,135万,21297元/平,中楼层 (共7层) 1室1厅 | 63.39平米 | 东北,https://s1.ljcdn.com/pegasus/redskull/images/common/default_house_list.png?_v=202410161653269
20241030,通州,北关,101123827117,温榆河畔朝北8080小区低密小区,100万,20572元/平,中楼层 (共7层) 1室1厅 | 48.61平米 | 北,https://s1.ljcdn.com/pegasus/redskull/images/common/default_house_list.png?_v=202410161653269
20241030,通州,北关,101123564440,朝北8080 1室1厅 南,175万,37290元/平,底层 (共7层) | 2015年 | 1室1厅 | 46.93平米 | 南,https://s1.ljcdn.com/pegasus/redskull/images/common/default_house_list.png?_v=202410161653269
20241030,通州,北关,101123515646,此房南北通透三居两委动静分离不临街满五唯一,533万,31218元/平,中楼层 (共7层) 4室2厅 | 170.74平米 | 南 北,https://s1.ljcdn.com/pegasus/redskull/images/common/default_house_list.png?_v=202410161653269
20241030,通州,北关,101123295635,运河商务区可以注册公司价格好沟通。,70万,21460元/平,中楼层 (共7层) | 2016年 | 1室1厅 | 32.62平米 | 东,https://s1.ljcdn.com/pegasus/redskull/images/common/default_house_list.png?_v=202410161653269
20241030,通州,北关,101123265340,朝北8080配套齐全采光好交通方便,79万,22148元/平,中楼层 (共7层) | 2015年 | 1室0厅 | 35.67平米 | 北,https://s1.ljcdn.com/pegasus/redskull/images/common/default_house_list.png?_v=202410161653269
20241030,通州,北关,101122831721,世界侨商中心+西向房源+交通方便+配套成熟,201万,28203元/平,中楼层 (共19层) | 2018年 | 2室1厅 | 71.27平米 | 西,https://s1.ljcdn.com/pegasus/redskull/images/common/default_house_list.png?_v=202410161653269
20241030,通州,北关,101122276268,开发商精装修商品房户型好采光好业主诚心出售,103万,27120元/平,顶层 (共7层) | 2015年 | 1室1厅 | 37.98平米 | 北,https://s1.ljcdn.com/pegasus/redskull/images/common/default_house_list.png?_v=202410161653269
20241030,通州,北关,101122180574,户型方正配套完善业主诚心出售看房方便采光佳,125万,28929元/平,高楼层 (共27层) | 2018年 | 1室1厅 | 43.21平米 | 南,https://s1.ljcdn.com/pegasus/redskull/images/common/default_house_list.png?_v=202410161653269
20241030,通州,北关,101122167243,需要全款购买 南向能看到通惠河 复式设计 可注册公司,160万,36290元/平,低楼层 (共29层) | 2016年 | 1室1厅 | 44.09平米 | 南,https://s1.ljcdn.com/pegasus/redskull/images/common/default_house_list.png?_v=202410161653269
20241030,通州,北关,101122006738,北关商务区 精装修  诚心出售,269万,38606元/平,高楼层 (共29层) | 2016年 | 1室1厅 | 69.68平米 | 东南,https://s1.ljcdn.com/pegasus/redskull/images/common/default_house_list.png?_v=202410161653269
20241030,通州,北关,101121920905,落地窗能看到大运河西海子公园采光好精装修,268万,34141元/平,中楼层 (共29层) | 2016年 | 1室1厅 | 78.5平米 | 东,https://s1.ljcdn.com/pegasus/redskull/images/common/default_house_list.png?_v=202410161653269
20241030,通州,北关,101121502924,开发商精装修商品房户型好采光好业主诚心出售,285万,34957元/平,中楼层 (共7层) 3室1厅 | 81.53平米 | 南 北,https://s1.ljcdn.com/pegasus/redskull/images/common/default_house_list.png?_v=202410161653269
20241030,通州,北关,101121185389,世界侨商中心+北向房源+可注册公司+普通完善,115万,26983元/平,低楼层 (共19层) | 2018年 | 1室1厅 | 42.62平米 | 北,https://s1.ljcdn.com/pegasus/redskull/images/common/default_house_list.png?_v=202410161653269
20241030,通州,北关,101120659906,新光大 东向看大运河 精装修 二居室 商务区,320万,27365元/平,中楼层 (共41层) 2室1厅 | 116.94平米 | 东,https://s1.ljcdn.com/pegasus/redskull/images/common/default_house_list.png?_v=202410161653269
20241030,通州,北关,101120169120,新光大中心 精装修落地窗 南向看河景 离地铁300米,166万,37651元/平,低楼层 (共29层) | 2016年 | 1室1厅 | 44.09平米 | 南,https://s1.ljcdn.com/pegasus/redskull/images/common/default_house_list.png?_v=202410161653269
20241030,通州,北关,101120060445,近地铁六号线北关站C口南侧西海子公园通惠河畔。,165万,37424元/平,中楼层 (共29层) | 2016年 | 1室1厅 | 44.09平米 | 北,https://s1.ljcdn.com/pegasus/redskull/images/common/default_house_list.png?_v=202410161653269
20241030,通州,北关,101120026371,富河园  复式户型 南北通透 诚意出售。,420万,21375元/平,高楼层 (共7层) | 1998年 | 4室2厅 | 196.5平米 | 南 北,https://s1.ljcdn.com/pegasus/redskull/images/common/default_house_list.png?_v=202410161653269
20241030,通州,北关,101119128164,交通便利购物方便有通惠河及公园房子有电梯,268万,38330元/平,中楼层 (共29层) | 2016年 | 1室1厅 | 69.92平米 | 东北,https://s1.ljcdn.com/pegasus/redskull/images/common/default_house_list.png?_v=202410161653269
20241030,通州,北关,101118527365,北关商务区 世界侨商中心  精装修,225万,31571元/平,低楼层 (共19层) | 2018年 | 2室1厅 | 71.27平米 | 西,https://s1.ljcdn.com/pegasus/redskull/images/common/default_house_list.png?_v=202410161653269
20241030,通州,北关,101118290226,地铁6号线通州北关 精装修落地窗 离地铁步行400米,215万,30167元/平,低楼层 (共19层) | 2018年 | 2室1厅 | 71.27平米 | 西,https://s1.ljcdn.com/pegasus/redskull/images/common/default_house_list.png?_v=202410161653269
20241030,通州,北关,101115567181,世界侨商中心北关商务区商务型公业主诚心出售,173万,32181元/平,高楼层 (共27层) | 2017年 | 1室0厅 | 53.76平米 | 西北,https://s1.ljcdn.com/pegasus/redskull/images/common/default_house_list.png?_v=202410161653269
20241030,通州,北关,101115567041,世界侨商中心南向方正业主诚心出售,386万,60238元/平,底层 (共27层) | 2017年 | 1室1厅 | 64.08平米 | 南,https://s1.ljcdn.com/pegasus/redskull/images/common/default_house_list.png?_v=202410161653269
20241030,通州,北关,101102132348,富和园小区   南北通透  视野好   无遮挡房主自荐,450万,24397元/平,高楼层 (共7层) | 1998年 | 4室2厅 | 184.45平米 | 南 北,https://ke-image.ljcdn.com/110000-inspection/668338a4-a714-4ea6-ad75-05d5c37b7b40.jpg!m_fill,w_280,h_210,f_jpg?from=ke.com
