20241016,朝阳,百子湾,101127007055,电梯洋房 落地窗采光好 精美装修拎包入住必看好房,580万,61163元/平,中楼层 (共6层) | 2007年 | 2室1厅 | 94.83平米 | 南 北,https://ke-image.ljcdn.com/110000-inspection/pc1_SJ83k8qNn.jpg!m_fill,w_280,h_210,f_jpg?from=ke.com
20241016,朝阳,百子湾,101126872810,金泰先锋北区 南北通透 一梯两户 无遮挡必看好房,668万,71952元/平,低楼层 (共12层) | 2008年 | 2室1厅 | 92.84平米 | 南 北,https://ke-image.ljcdn.com/110000-inspection/8781eac0-5f36-4a1f-bf15-b65326f677c6_1000.jpg!m_fill,w_280,h_210,f_jpg?from=ke.com
20241016,朝阳,百子湾,101126640309,次新小区高楼层南北通透两居室人车分流环境优美必看好房,550万,54429元/平,高楼层 (共22层) 2室1厅 | 101.05平米 | 南 北,https://ke-image.ljcdn.com/110000-inspection/pc1_zqJdw9LNe.jpg!m_fill,w_280,h_210,f_jpg?from=ke.com
20241016,朝阳,百子湾,101126570662,官悦欣园B区 2室1厅 南必看好房,510万,51036元/平,高楼层 (共22层) 2室1厅 | 99.93平米 | 南,https://ke-image.ljcdn.com/110000-inspection/pc1_g5hDKZFkA.jpg!m_fill,w_280,h_210,f_jpg?from=ke.com
20241016,朝阳,百子湾,101126563681,燕保百安家园次新房 南北两居室户型方正采光视野好必看好房,398万,48680元/平,低楼层 (共28层) 2室1厅 | 81.76平米 | 南 北,https://ke-image.ljcdn.com/110000-inspection/75934ffa-2fec-4fb4-853f-431777dd54e8_1000.jpg!m_fill,w_280,h_210,f_jpg?from=ke.com
20241016,朝阳,百子湾,101126541709,沿海赛洛城西向一居室业主诚意出售看房提前预约必看好房,235万,48898元/平,中楼层 (共9层) 1室1厅 | 48.06平米 | 西,https://ke-image.ljcdn.com/110000-inspection/8d757175-757a-4661-957c-9f68ab62ac3a_1000.jpg!m_fill,w_280,h_210,f_jpg?from=ke.com
20241016,朝阳,百子湾,101126537788,1梯2户板楼南北通透高楼层；精装修直接入住必看好房,599万,64687元/平,高楼层 (共6层) 2室1厅 | 92.6平米 | 南 北,https://ke-image.ljcdn.com/110000-inspection/6906758d-10dd-47e0-8d9d-ac5589696648_1000.jpg!m_fill,w_280,h_210,f_jpg?from=ke.com
20241016,朝阳,百子湾,101126476422,燕保百安家园南向大一居室看房随时必看好房,325万,45730元/平,高楼层 (共21层) 1室1厅 | 71.07平米 | 南,https://ke-image.ljcdn.com/110000-inspection/e53c3fb9-25d6-46c7-93fd-b1491d83e056_1000.jpg!m_fill,w_280,h_210,f_jpg?from=ke.com
20241016,朝阳,百子湾,101126450545,沿海赛洛城板楼一梯两户精装两居无遮挡必看好房,460万,56756元/平,中楼层 (共8层) | 2009年 | 2室1厅 | 81.05平米 | 东 西,https://ke-image.ljcdn.com/110000-inspection/93fce6f0-bc35-4d74-81a7-b1c4ad8d2f65_1000.jpg!m_fill,w_280,h_210,f_jpg?from=ke.com
20241016,朝阳,百子湾,101126302976,官悦欣园B区板楼南向一居室格局方正。必看好房,299万,49455元/平,低楼层 (共27层) 1室1厅 | 60.46平米 | 南,https://ke-image.ljcdn.com/110000-inspection/pc1_j6mGmCfdV.jpg!m_fill,w_280,h_210,f_jpg?from=ke.com
20241016,朝阳,百子湾,101126271746,商品房满五唯一高楼层南北通透19年全新装修。必看好房,530万,53677元/平,高楼层 (共24层) | 2006年 | 2室1厅 | 98.74平米 | 南 北,https://ke-image.ljcdn.com/110000-inspection/ef83f317-3b93-434d-a10d-678902e13f81_1000.jpg!m_fill,w_280,h_210,f_jpg?from=ke.com
20241016,朝阳,百子湾,101126165981,金海国际南区 眼睛大两居 安静不临街 精装,650万,58947元/平,高楼层 (共23层) | 2005年 | 2室1厅 | 110.27平米 | 东,https://ke-image.ljcdn.com/110000-inspection/4d5b2b17-ecb7-40a3-bd2c-cf614b319895_1000.jpg!m_fill,w_280,h_210,f_jpg?from=ke.com
20241016,朝阳,百子湾,101126118563,百子湾家园二区南向两居室落地阳台采光足有钥匙必看好房,425万,42092元/平,低楼层 (共22层) | 2006年 | 2室1厅 | 100.97平米 | 南,https://ke-image.ljcdn.com/110000-inspection/46a82958-068c-4866-b00e-3195d3d1b6a2_1000.jpg!m_fill,w_280,h_210,f_jpg?from=ke.com
20241016,朝阳,百子湾,101126080369,【沿海示范区】看小区花园 无噪音 南向落地窗 双卫房主自荐,570万,56153元/平,中楼层 (共14层) | 2007年 | 2室1厅 | 101.51平米 | 南 北,https://ke-image.ljcdn.com/110000-inspection/81f84376-45c2-4e44-a070-6534db7b9693_1000.jpg!m_fill,w_280,h_210,f_jpg?from=ke.com
20241016,朝阳,百子湾,101126070115,官悦欣园B区 南向一居室 小区新环境好必看好房,265万,45745元/平,低楼层 (共22层) | 2014年 | 1室1厅 | 57.93平米 | 南,https://ke-image.ljcdn.com/110000-inspection/pc1_fX5A6ENGc_1.jpg!m_fill,w_280,h_210,f_jpg?from=ke.com
20241016,朝阳,百子湾,101125979297,百子湾家园二区满五唯一户型方正楼层好视野佳必看好房,279万,43492元/平,中楼层 (共14层) 1室1厅 | 64.15平米 | 西北,https://ke-image.ljcdn.com/110000-inspection/f636b20d-c434-4e31-978f-3b43eca6ff26_1000.jpg!m_fill,w_280,h_210,f_jpg?from=ke.com
20241016,朝阳,百子湾,101125786375,国贸附近 建工动力苑温馨大两居诚意出售 产权清晰必看好房,465万,53010元/平,中楼层 (共18层) | 2016年 | 2室1厅 | 87.72平米 | 南 北,https://ke-image.ljcdn.com/110000-inspection/pc1_NSQqAXEhC_2.jpg!m_fill,w_280,h_210,f_jpg?from=ke.com
20241016,朝阳,百子湾,101125763705,金海国际南区满五唯一大一居室视野好 无遮挡房主自荐,450万,55707元/平,中楼层 (共23层) | 2005年 | 1室1厅 | 80.78平米 | 西,https://ke-image.ljcdn.com/110000-inspection/06c08815-abc8-46e5-a26e-895bebe2e23c_1000.jpg!m_fill,w_280,h_210,f_jpg?from=ke.com
20241016,朝阳,百子湾,101125632961,金海国际南区 满五唯一 高楼层视野好 不临街安静必看好房,420万,52944元/平,顶层 (共23层) | 2005年 | 1室1厅 | 79.33平米 | 东,https://ke-image.ljcdn.com/110000-inspection/pc1_7Co5RHOiK.jpg!m_fill,w_280,h_210,f_jpg?from=ke.com
20241016,朝阳,百子湾,101125243524,美利山 精装修 南向采光景观好 满五唯一必看好房,388万,51748元/平,低楼层 (共24层) | 2011年 | 1室1厅 | 74.98平米 | 南,https://ke-image.ljcdn.com/110000-inspection/c98ce1d2-2119-494e-91fb-4b7000f1e7d8_1000.jpg!m_fill,w_280,h_210,f_jpg?from=ke.com
20241016,朝阳,百子湾,101125074591,金都杭城东区精选好房  七号线地铁700米必看好房,630万,70859元/平,低楼层 (共26层) | 2009年 | 2室1厅 | 88.91平米 | 南,https://ke-image.ljcdn.com/110000-inspection/8e19202c-2465-49b4-9825-ff0aab46670a_1000.jpg!m_fill,w_280,h_210,f_jpg?from=ke.com
20241016,朝阳,百子湾,101124989992,官悦欣园南向大俩居 楼龄新 交通便利必看好房,399万,39984元/平,底层 (共26层) 2室2厅 | 99.79平米 | 南,https://ke-image.ljcdn.com/110000-inspection/08e690de-9f04-4713-91bf-e9c54f375ff8_1000.jpg!m_fill,w_280,h_210,f_jpg?from=ke.com
20241016,朝阳,百子湾,101124810483,满五唯一南北通透、双卫生间中楼层无遮挡,559万,54670元/平,中楼层 (共9层) | 2008年 | 2室1厅 | 102.25平米 | 南 北,https://ke-image.ljcdn.com/110000-inspection/1292cd86-7f28-4c68-8dff-5bbcf7808d3f_1000.jpg!m_fill,w_280,h_210,f_jpg?from=ke.com
20241016,朝阳,百子湾,101124703874,沿海东向一居室 不临街 无遮挡 采光视野好必看好房,248万,44613元/平,低楼层 (共25层) 1室1厅 | 55.59平米 | 东,https://ke-image.ljcdn.com/110000-inspection/a040f9f2-b531-4d71-a46f-6f10ed2fc09a_1000.jpg!m_fill,w_280,h_210,f_jpg?from=ke.com
20241016,朝阳,百子湾,101124553913,东四环广渠路百子湾地铁 满五年家庭名下就一套房,469万,45619元/平,中楼层 (共22层) 2室1厅 | 102.81平米 | 南,https://ke-image.ljcdn.com/110000-inspection/4e7bedfe-ad89-4e4b-8cde-0b5a88b89b12_1000.jpg!m_fill,w_280,h_210,f_jpg?from=ke.com
20241016,朝阳,百子湾,101124523397,东四环 百子湾地铁 精装修视野好保养好拎包入住,290万,46639元/平,高楼层 (共22层) | 2006年 | 1室1厅 | 62.18平米 | 北,https://ke-image.ljcdn.com/110000-inspection/b64e9fa5-6253-4f23-a81d-f1c001a6dca9_1000.jpg!m_fill,w_280,h_210,f_jpg?from=ke.com
20241016,朝阳,百子湾,101124435133,沿海赛洛城 南北三居室 满5唯一 产权清晰必看好房,688万,54847元/平,高楼层 (共19层) | 2007年 | 3室2厅 | 125.44平米 | 南 北,https://ke-image.ljcdn.com/110000-inspection/9fd92087-0d9a-44af-8540-2cbfb7462557_1000.jpg!m_fill,w_280,h_210,f_jpg?from=ke.com
20241016,朝阳,百子湾,101124172333,沿海赛洛城五期 高层 采光好 明厨明卫 无遮挡房主自荐,485万,50338元/平,高楼层 (共25层) | 2008年 | 2室1厅 | 96.35平米 | 南,https://ke-image.ljcdn.com/110000-inspection/00f76ca1-b305-42b0-b315-9bc46961419c_1000.jpg!m_fill,w_280,h_210,f_jpg?from=ke.com
20241016,朝阳,百子湾,101124123764,金都杭城东区两居室满五年高楼层  看房方便诚意售,850万,81022元/平,高楼层 (共26层) | 2009年 | 2室1厅 | 104.91平米 | 南 北,https://ke-image.ljcdn.com/110000-inspection/250dd19f-5f68-4e8a-abff-de93d43440fc_1000.jpg!m_fill,w_280,h_210,f_jpg?from=ke.com
20241016,朝阳,百子湾,101123653942,官悦欣园 次新房小区 南北通透两居室,530万,51174元/平,低楼层 (共22层) 2室1厅 | 103.57平米 | 南 北,https://ke-image.ljcdn.com/110000-inspection/pc1_RQ9CXgiF8.jpg!m_fill,w_280,h_210,f_jpg?from=ke.com
20241016,朝阳,百子湾,101123620859,东四环广渠路地铁 满五唯一高层视野好南北通透,540万,54767元/平,高楼层 (共24层) | 2006年 | 2室2厅 | 98.6平米 | 南 北,https://ke-image.ljcdn.com/110000-inspection/e2b49441-1f72-4f1b-bd58-227eb36684f9_1000.jpg!m_fill,w_280,h_210,f_jpg?from=ke.com
20241016,朝阳,百子湾,101123563747,二次装修婚房南北两居两卫 业主诚意出售 看房提前预约,680万,56981元/平,中楼层 (共18层) | 2007年 | 2室1厅 | 119.34平米 | 南 北,https://ke-image.ljcdn.com/110000-inspection/3cb33ade-bc91-4f6c-945d-f75730fce681_1000.jpg!m_fill,w_280,h_210,f_jpg?from=ke.com
20241016,朝阳,百子湾,101122911979,金海国际南区 眼镜户型两居室 满五唯一 拎包入住必看好房,578万,52403元/平,中楼层 (共23层) | 2005年 | 2室1厅 | 110.3平米 | 西,https://ke-image.ljcdn.com/110000-inspection/8fe0aaa5-b081-4420-b1e5-f0309ad4a7df_1000.jpg!m_fill,w_280,h_210,f_jpg?from=ke.com
20241016,朝阳,百子湾,101122842226,金海国际南区 满五唯一 东南向 高楼层 视野采光好必看好房,555万,52562元/平,顶层 (共23层) 2室2厅 | 105.59平米 | 东南,https://ke-image.ljcdn.com/110000-inspection/3f718d5f-7868-4f97-8ff4-200ef5207d28_1000.jpg!m_fill,w_280,h_210,f_jpg?from=ke.com
20241016,朝阳,百子湾,101122448636,观音惠园小区南向一居室户型方正带阳台,270万,47662元/平,高楼层 (共6层) 1室1厅 | 56.65平米 | 南,https://ke-image.ljcdn.com/110000-inspection/pc1_zqnD6aZLd.jpg!m_fill,w_280,h_210,f_jpg?from=ke.com
20241016,朝阳,百子湾,101122339161,此房满五年唯一高层采光好视野无遮挡必看好房,270万,49871元/平,中楼层 (共22层) 1室1厅 | 54.14平米 | 南,https://ke-image.ljcdn.com/110000-inspection/pc1_QnHnwia2i.jpg!m_fill,w_280,h_210,f_jpg?from=ke.com
20241016,朝阳,百子湾,101121939818,百子湾家园 视野无遮挡 商品房 2022年装修的,300万,48232元/平,低楼层 (共24层) | 2006年 | 1室1厅 | 62.2平米 | 北,https://ke-image.ljcdn.com/110000-inspection/pc1_bkNC2gTDB_1.jpg!m_fill,w_280,h_210,f_jpg?from=ke.com
20241016,朝阳,百子湾,101121910627,金海国际南区  高楼层视野好诚意出售必看好房,1060万,57033元/平,高楼层 (共18层) | 2005年 | 3室2厅 | 185.86平米 | 南 北,https://ke-image.ljcdn.com/110000-inspection/pc1_c7d2UmJY1_1.jpg!m_fill,w_280,h_210,f_jpg?from=ke.com
20241016,朝阳,百子湾,101121240320,此房满五唯一南向开间  中间层采光好必看好房,250万,50608元/平,中楼层 (共14层) | 2007年 | 1室0厅 | 49.4平米 | 南,https://ke-image.ljcdn.com/110000-inspection/45f4bee1-337a-4327-af9f-77a3ccb02df7_1000.jpg!m_fill,w_280,h_210,f_jpg?from=ke.com
20241016,朝阳,百子湾,101121239451,满五年唯一 自住正规两居 看房方便 诚意出售全明格局,369万,40346元/平,中楼层 (共25层) 2室2厅 | 91.46平米 | 西 东北,https://ke-image.ljcdn.com/110000-inspection/cce9781c-4492-4f7f-94ec-436c3c702b84_1000.jpg!m_fill,w_280,h_210,f_jpg?from=ke.com
20241016,朝阳,百子湾,101121128786,沿海赛洛城六期 南北通透三居室 采光好 无遮挡必看好房,688万,49888元/平,低楼层 (共9层) 3室1厅 | 137.91平米 | 南 北,https://ke-image.ljcdn.com/110000-inspection/ccf4752b-7130-4d0d-a662-2a13255f26a1_1000.jpg!m_fill,w_280,h_210,f_jpg?from=ke.com
20241016,朝阳,百子湾,101120771091,沿海赛洛城七期 正规小两居 高层视野好 满5年唯一,496万,69654元/平,高楼层 (共24层) | 2009年 | 2室1厅 | 71.21平米 | 东北,https://ke-image.ljcdn.com/110000-inspection/pc1_JVxuMxYzn_1.jpg!m_fill,w_280,h_210,f_jpg?from=ke.com
20241016,朝阳,百子湾,101120613407,沿海赛洛城二期 东西两居室 满五唯一必看好房,450万,49500元/平,顶层 (共6层) 2室1厅 | 90.91平米 | 东 西,https://ke-image.ljcdn.com/110000-inspection/pc1_l5OrwAVg4_1.jpg!m_fill,w_280,h_210,f_jpg?from=ke.com
20241016,朝阳,百子湾,101119739271,《沿海三期示范期》南北两居一梯板楼 诚意卖 随时看必看好房,498万,53234元/平,低楼层 (共8层) | 2007年 | 2室1厅 | 93.55平米 | 南 北,https://ke-image.ljcdn.com/110000-inspection/e44ca591-8d21-4dba-a783-1b66c4750d59_1000.jpg!m_fill,w_280,h_210,f_jpg?from=ke.com
20241016,朝阳,百子湾,101119456241,百子湾家园一区商品房 安静不临街 二次装修采光视野好,498万,48906元/平,高楼层 (共16层) 2室1厅 | 101.83平米 | 南,https://ke-image.ljcdn.com/110000-inspection/pc1_LRj3UA9G0_1.jpg!m_fill,w_280,h_210,f_jpg?from=ke.com
20241016,朝阳,百子湾,101119406948,小区在售少有三居/落地大阳台观小区花园景观,830万,60602元/平,低楼层 (共16层) 3室2厅 | 136.96平米 | 南 北,https://ke-image.ljcdn.com/110000-inspection/pc1_GmzJy1T2Q.jpg!m_fill,w_280,h_210,f_jpg?from=ke.com
20241016,朝阳,百子湾,101118371562,满五唯一 中高楼层 视野好 业主诚意出售,680万,63552元/平,高楼层 (共24层) | 2009年 | 3室1厅 | 107平米 | 西南,https://ke-image.ljcdn.com/110000-inspection/pc1_MwiZKrv3b_1.jpg!m_fill,w_280,h_210,f_jpg?from=ke.com
20241016,朝阳,百子湾,101117598006,百子湾家园  商品房  满五唯一   精装修,490万,48139元/平,高楼层 (共16层) | 2006年 | 2室1厅 | 101.79平米 | 南,https://ke-image.ljcdn.com/110000-inspection/d7b223ce-5d3e-46ef-8240-efb4667f76d4_1000.jpg!m_fill,w_280,h_210,f_jpg?from=ke.com
20241016,朝阳,百子湾,101117516531,建工动力苑 南向大一居 满五唯一 随时看房 诚意卖必看好房,400万,59720元/平,低楼层 (共18层) | 2016年 | 1室1厅 | 66.98平米 | 南,https://ke-image.ljcdn.com/110000-inspection/e0cd7c74-085c-4dde-a249-a5e0bfb3acac_1000.jpg!m_fill,w_280,h_210,f_jpg?from=ke.com
20241016,朝阳,百子湾,101117409451,深沟村1号-正规两居室+-诚意出搜必看好房,180万,35786元/平,中楼层 (共5层) 2室1厅 | 50.3平米 | 东,https://ke-image.ljcdn.com/110000-inspection/59252d30-ba6c-4154-a76e-1831f8af6eea_1000.jpg!m_fill,w_280,h_210,f_jpg?from=ke.com
20241016,朝阳,百子湾,101114908845,商品房满五年 南向两居室 不临街房主自荐,395万,42736元/平,底层 (共24层) | 2006年 | 2室1厅 | 92.43平米 | 南,https://ke-image.ljcdn.com/110000-inspection/df6ad4a2-62d8-4b2f-b82a-b1a2ca3f4e01_1000.jpg!m_fill,w_280,h_210,f_jpg?from=ke.com
20241016,朝阳,百子湾,101126719019,金都杭城西区 封闭社区人车分流环境好 不临街必看好房,735万,59476元/平,中楼层 (共19层) | 2006年 | 2室1厅 | 123.58平米 | 南,https://ke-image.ljcdn.com/110000-inspection/pc1_9iNOlI031.jpg!m_fill,w_280,h_210,f_jpg?from=ke.com
20241016,朝阳,百子湾,101126489031,国贸附近 东四环大成国际 满5唯一 诚心出售,220万,40330元/平,低楼层 (共21层) | 2007年 | 1室1厅 | 54.55平米 | 南,https://ke-image.ljcdn.com/110000-inspection/fc937f62-dd72-4ec9-b179-4193d20fec9b_1000.jpg!m_fill,w_280,h_210,f_jpg?from=ke.com
20241016,朝阳,百子湾,101126363790,满五唯一东南两居客厅卧室都有东、南窗采光面大必看好房,485万,56547元/平,中楼层 (共18层) 2室1厅 | 85.77平米 | 东南,https://ke-image.ljcdn.com/110000-inspection/pc1_yWEPBEdbw.jpg!m_fill,w_280,h_210,f_jpg?from=ke.com
20241016,朝阳,百子湾,101126235547,东四环 国贸附近江南春晓 满五唯一大三居 看房随时,1019万,66355元/平,高楼层 (共19层) | 2006年 | 3室2厅 | 153.57平米 | 北 南,https://ke-image.ljcdn.com/110000-inspection/cc9d5482-2952-4872-a457-b369325e25b3_1000.jpg!m_fill,w_280,h_210,f_jpg?from=ke.com
20241016,朝阳,百子湾,101126176956,板楼户型 示范区管理好 落地窗采光好 满五唯一必看好房,649万,49104元/平,高楼层 (共14层) | 2007年 | 3室1厅 | 132.17平米 | 东南,https://ke-image.ljcdn.com/110000-inspection/pc1_nYDH8jnHp.jpg!m_fill,w_280,h_210,f_jpg?from=ke.com
20241016,朝阳,百子湾,101125764106,金泰先锋北区南北三居 随时可看 满五唯一必看好房,930万,71666元/平,高楼层 (共16层) | 2008年 | 3室1厅 | 129.77平米 | 南 北,https://ke-image.ljcdn.com/110000-inspection/pc1_Wcv1QMEE8_2.jpg!m_fill,w_280,h_210,f_jpg?from=ke.com
20241016,朝阳,百子湾,101125608709,金海国际南区 满五唯一 价格优势 双卫两居必看好房,549万,50520元/平,中楼层 (共23层) | 2005年 | 2室2厅 | 108.67平米 | 西南,https://ke-image.ljcdn.com/110000-inspection/a4bff5ca-712c-4710-a06f-813f40b9a553_1000.jpg!m_fill,w_280,h_210,f_jpg?from=ke.com
20241016,朝阳,百子湾,101125547422,精装修 满五年唯一 高层 东南两居室 看房方便必看好房,506万,54585元/平,中楼层 (共24层) | 2007年 | 2室1厅 | 92.7平米 | 东南 南 东,https://ke-image.ljcdn.com/110000-inspection/pc1_6zbmF9Ok0_1.jpg!m_fill,w_280,h_210,f_jpg?from=ke.com
20241016,朝阳,百子湾,101125384196,金都杭城西区 南北三居 正看小区花园 满五唯一必看好房,830万,65303元/平,高楼层 (共20层) | 2006年 | 3室1厅 | 127.1平米 | 南 北,https://ke-image.ljcdn.com/110000-inspection/9ecf0e52-f4d2-4d82-8b06-39ceef67e50a_1000.jpg!m_fill,w_280,h_210,f_jpg?from=ke.com
20241016,朝阳,百子湾,101125194664,南向 对小区花园 中高楼层 无遮挡 满五唯一,368万,51476元/平,高楼层 (共19层) | 2007年 | 1室1厅 | 71.49平米 | 南,https://ke-image.ljcdn.com/110000-inspection/0ac4ac81-8c98-4a5a-b472-3326836bdc9e_1000.jpg!m_fill,w_280,h_210,f_jpg?from=ke.com
20241016,朝阳,百子湾,101124931289,东四环 地铁7号线 百子湾站 房龄新,345万,50609元/平,中楼层 (共18层) | 2008年 | 1室1厅 | 68.17平米 | 东,https://ke-image.ljcdn.com/110000-inspection/pc1_HjiQvY2Ho_1.jpg!m_fill,w_280,h_210,f_jpg?from=ke.com
20241016,朝阳,百子湾,101124790093,沿海赛洛城 满五唯一 高楼层南向一居室必看好房,258万,49540元/平,中楼层 (共11层) | 2008年 | 1室1厅 | 52.08平米 | 南,https://ke-image.ljcdn.com/110000-inspection/fe33de96-6597-4c4b-a6ae-fa0a6c7515fc_1000.jpg!m_fill,w_280,h_210,f_jpg?from=ke.com
20241016,朝阳,百子湾,101124765093,东四环广渠路百子湾地铁 满五年家庭名下就一套房必看好房,470万,45953元/平,高楼层 (共16层) | 2006年 | 2室2厅 | 102.28平米 | 南,https://ke-image.ljcdn.com/110000-inspection/0a1ebe4e-4c5d-451d-a281-8c17941c0248_1000.jpg!m_fill,w_280,h_210,f_jpg?from=ke.com
20241016,朝阳,百子湾,101124577352,沿海赛洛城七期 东西2居室 一梯两户 板楼必看好房,418万,49638元/平,低楼层 (共6层) 2室1厅 | 84.21平米 | 东 西,https://ke-image.ljcdn.com/110000-inspection/3a2e754d-d7bd-4d06-967d-54a936072b7f_1000.jpg!m_fill,w_280,h_210,f_jpg?from=ke.com
20241016,朝阳,百子湾,101124364348,国贸附近 大成国际 南向开间 满5唯一 民水民电,230万,42133元/平,高楼层 (共21层) | 2007年 | 1室0厅 | 54.59平米 | 南,https://ke-image.ljcdn.com/110000-inspection/56a86b50-9383-4373-95f6-4951ec106f41_1000.jpg!m_fill,w_280,h_210,f_jpg?from=ke.com
20241016,朝阳,百子湾,101123421921,百子湾家园中间层一居室满五唯一商品房 不临街看花园,282万,44284元/平,中楼层 (共15层) | 2006年 | 1室1厅 | 63.68平米 | 北,https://ke-image.ljcdn.com/110000-inspection/7f877ca8-c235-4643-9a58-151b794152a5_1000.jpg!m_fill,w_280,h_210,f_jpg?from=ke.com
20241016,朝阳,百子湾,101123302570,沿海赛洛城七期三居室满五年唯一必看好房,519万,50443元/平,低楼层 (共24层) | 2009年 | 3室1厅 | 102.89平米 | 南 西,https://ke-image.ljcdn.com/110000-inspection/pc1_qrfW1EgMY.jpg!m_fill,w_280,h_210,f_jpg?from=ke.com
20241016,朝阳,百子湾,101122996887,国贸附近 大成国际 温馨小户型 看房有钥匙 诚心出售,182万,40089元/平,高楼层 (共21层) | 2007年 | 1室1厅 | 45.4平米 | 北,https://ke-image.ljcdn.com/110000-inspection/f71e41da-dbfd-4f8f-a090-9888d8f617cc_1000.jpg!m_fill,w_280,h_210,f_jpg?from=ke.com
20241016,朝阳,百子湾,101121735258,此房是人车分流社区前后不临街。业主诚意出售。必看好房,278万,47857元/平,低楼层 (共18层) 1室1厅 | 58.09平米 | 南,https://ke-image.ljcdn.com/110000-inspection/pc1_kGQtlH5Hs.jpg!m_fill,w_280,h_210,f_jpg?from=ke.com
20241016,朝阳,百子湾,101120680784,大成国际 南向开间 70年产权 民水民电必看好房,218万,39935元/平,高楼层 (共21层) 1室0厅 | 54.59平米 | 南,https://ke-image.ljcdn.com/110000-inspection/pc1_L5uERAXzS_1.jpg!m_fill,w_280,h_210,f_jpg?from=ke.com
20241016,朝阳,百子湾,101120665554,大成国际 南向1居 70年产权 诚意出售必看好房,218万,39964元/平,低楼层 (共21层) | 2007年 | 1室1厅 | 54.55平米 | 南,https://ke-image.ljcdn.com/110000-inspection/98bf729a-7948-4aa0-9daf-5dc236deec9e_1000.jpg!m_fill,w_280,h_210,f_jpg?from=ke.com
20241016,朝阳,百子湾,101120286557,东四环边 2017年社区 朝南视野好,425万,63557元/平,高楼层 (共18层) | 2016年 | 2室1厅 | 66.87平米 | 南,https://ke-image.ljcdn.com/110000-inspection/b229ffeb-77db-4598-a8d2-1226ade74fce_1000.jpg!m_fill,w_280,h_210,f_jpg?from=ke.com
20241016,朝阳,百子湾,101119718114,金泰先锋南区 近地铁  两居室必看好房,525万,62212元/平,高楼层 (共18层) | 2008年 | 2室1厅 | 84.39平米 | 西北,https://ke-image.ljcdn.com/110000-inspection/24da3beb-b7f6-4270-8d32-f1b39f9c9c29_1000.jpg!m_fill,w_280,h_210,f_jpg?from=ke.com
20241016,朝阳,百子湾,101118645737,满五年唯一落地大阳台南北通透双卫中高层观景房房主自荐,897万,64246元/平,高楼层 (共16层) 3室1厅 | 139.62平米 | 南 北,https://ke-image.ljcdn.com/110000-inspection/fafc7659-c22f-458d-b647-20c5ef1d9b28_1000.jpg!m_fill,w_280,h_210,f_jpg?from=ke.com
20241016,朝阳,百子湾,101118497198,东四环百子湾 满五年家庭唯一住房西南北2居室双卫,540万,48649元/平,低楼层 (共16层) | 2006年 | 2室1厅 | 111平米 | 西 南 北,https://ke-image.ljcdn.com/110000-inspection/pc1_dR3OQTuE5_1.jpg!m_fill,w_280,h_210,f_jpg?from=ke.com
20241016,朝阳,百子湾,101117899862,沿海赛洛城满五唯一装修保养好南北双线通透,580万,70655元/平,中楼层 (共4层) | 2007年 | 2室1厅 | 82.09平米 | 南 北,https://ke-image.ljcdn.com/110000-inspection/pc1_4uu8YjXHN_1.jpg!m_fill,w_280,h_210,f_jpg?from=ke.com
20241016,朝阳,百子湾,101117745092,7号线百子湾地铁 正规大一居室 户型方正 精装修,430万,51118元/平,中楼层 (共24层) | 2011年 | 1室1厅 | 84.12平米 | 东,https://ke-image.ljcdn.com/110000-inspection/pc1_4o7Jx5FCl_1.jpg!m_fill,w_280,h_210,f_jpg?from=ke.com
20241016,朝阳,百子湾,101117646300,沿海赛洛城一期 中间楼层采光好无遮挡 业主诚意出售,569万,52985元/平,中楼层 (共18层) | 2007年 | 2室1厅 | 107.39平米 | 西北,https://ke-image.ljcdn.com/110000-inspection/pc1_6cANx5shp_1.jpg!m_fill,w_280,h_210,f_jpg?from=ke.com
20241016,朝阳,百子湾,101116487210,东区临水系南花园大联排 客厅6.3米挑空带车库,2000万,58201元/平,地下室 (共3层) | 2005年 | 3室2厅 | 343.64平米 | 南 北,https://ke-image.ljcdn.com/110000-inspection/d553998a-65a9-4a9d-afcd-77b2401cc8a8_1000.jpg!m_fill,w_280,h_210,f_jpg?from=ke.com
20241016,朝阳,百子湾,101116436247,东四环 大成国际 朝东大开间 诚心出售 看房随时,209.9万,43602元/平,中楼层 (共21层) | 2007年 | 1室0厅 | 48.14平米 | 东,https://ke-image.ljcdn.com/110000-inspection/b8cd9d28-9f9e-4eea-ad9e-89e96e5150a6_1000.jpg!m_fill,w_280,h_210,f_jpg?from=ke.com
20241016,朝阳,百子湾,101126878549,国贸附近 金都心语 看房随时 诚心出售必看好房,106万,20692元/平,中楼层 (共15层) | 2010年 | 1室1厅 | 51.23平米 | 北,https://s1.ljcdn.com/pegasus/redskull/images/common/default_house_list.png?_v=20241010190020670
20241016,朝阳,百子湾,101126167365,沿海赛洛城四期 1室1厅 北必看好房,143.6万,28481元/平,中楼层 (共17层) | 2010年 | 1室1厅 | 50.42平米 | 北,https://s1.ljcdn.com/pegasus/redskull/images/common/default_house_list.png?_v=20241010190020670
20241016,朝阳,百子湾,101125855705,金都心语高层开间视野好采光充足,108万,21493元/平,高楼层 (共22层) | 2010年 | 1室0厅 | 50.25平米 | 北,https://s1.ljcdn.com/pegasus/redskull/images/common/default_house_list.png?_v=20241010190020670
20241016,朝阳,百子湾,101123436313,全屋精装修 装修花20万 金都杭城104号楼,158万,31991元/平,中楼层 (共22层) | 2010年 | 1室1厅 | 49.39平米 | 东,https://s1.ljcdn.com/pegasus/redskull/images/common/default_house_list.png?_v=20241010190020670
20241016,朝阳,百子湾,101122984687,国贸附近 东四环 百子湾路12号 温馨小两居 诚心出售,188万,42371元/平,中楼层 (共5层) 2室1厅 | 44.37平米 | 南 北,https://s1.ljcdn.com/pegasus/redskull/images/common/default_house_list.png?_v=20241010190020670
20241016,朝阳,百子湾,101118740545,沿海赛洛城四期朝西向带阳台必看好房,152万,25054元/平,顶层 (共17层) | 2010年 | 1室1厅 | 60.67平米 | 西,https://s1.ljcdn.com/pegasus/redskull/images/common/default_house_list.png?_v=20241010190020670
20241016,朝阳,百子湾,101127077520,燕保百安家园二号院 2室1厅 南,410万,49138元/平,中楼层 (共29层) 2室1厅 | 83.44平米 | 南,https://ke-image.ljcdn.com/110000-inspection/c84c25d1-67e1-4b94-8a1e-412043cdfe98_1000.jpg!m_fill,w_280,h_210,f_jpg?from=ke.com
20241016,朝阳,百子湾,101127060222,百子湾家园二区、商品房、满五、视野开阔新上,270万,43409元/平,低楼层 (共24层) | 2006年 | 1室1厅 | 62.2平米 | 北,https://ke-image.ljcdn.com/110000-inspection/2eac98f4-8510-4818-bb9f-e0864ba518ed_1000.jpg!m_fill,w_280,h_210,f_jpg?from=ke.com
20241016,朝阳,百子湾,101127055892,此房满五唯一南北通透户型.通风效果好新上,800万,75974元/平,低楼层 (共26层) | 2009年 | 2室2厅 | 105.3平米 | 南 北,https://ke-image.ljcdn.com/110000-inspection/e8859d4e-12ab-42cb-ac7e-0768ac2ce01a_1000.jpg!m_fill,w_280,h_210,f_jpg?from=ke.com
20241016,朝阳,百子湾,101127044666,观音惠园 2室1厅 南 北新上,375万,41593元/平,中楼层 (共6层) 2室1厅 | 90.16平米 | 南 北,https://ke-image.ljcdn.com/110000-inspection/d0b628a5-059d-4126-90f2-b9da0c0983d5_1000.jpg!m_fill,w_280,h_210,f_jpg?from=ke.com
20241016,朝阳,百子湾,101127041022,一梯两户 南北通透两居 中间楼层 满五唯一新上,550万,58919元/平,低楼层 (共8层) | 2007年 | 2室1厅 | 93.35平米 | 南 北,https://ke-image.ljcdn.com/110000-inspection/cff9321d-6d80-4a31-8b8e-fa6ff5e8ad50_1000.jpg!m_fill,w_280,h_210,f_jpg?from=ke.com
20241016,朝阳,百子湾,101127032751,板楼南北三居2009新小区业主精装修拎包入住新上,848万,62007元/平,中楼层 (共16层) 3室1厅 | 136.76平米 | 南 北,https://ke-image.ljcdn.com/110000-inspection/53102330-b793-4b25-ac27-0c3fee9ef6d5_1000.jpg!m_fill,w_280,h_210,f_jpg?from=ke.com
20241016,朝阳,百子湾,101127000319,低楼层 南北通透全明格局两居 满五唯一商品房新上,445万,46196元/平,低楼层 (共6层) 2室1厅 | 96.33平米 | 南 北,https://ke-image.ljcdn.com/110000-inspection/642c84b5-c553-4a90-8d62-19130c0a6a76_1000.jpg!m_fill,w_280,h_210,f_jpg?from=ke.com
20241016,朝阳,百子湾,101126997200,石门村路5号院  北向一居室  装修保养好新上,278万,40763元/平,顶层 (共5层) | 2000年 | 1室1厅 | 68.2平米 | 北,https://ke-image.ljcdn.com/110000-inspection/df4b518a-3720-4e86-b42a-1aaa45508891_1000.jpg!m_fill,w_280,h_210,f_jpg?from=ke.com
20241016,朝阳,百子湾,101126989036,官悦欣园B区 1室1厅 南 北新上,320万,55097元/平,中楼层 (共21层) 1室1厅 | 58.08平米 | 南 北,https://ke-image.ljcdn.com/110000-inspection/pc1_SFo0yU1oo.jpg!m_fill,w_280,h_210,f_jpg?from=ke.com
20241016,朝阳,百子湾,101126978035,一梯两户 南北通透 中高楼层 精装新上,625万,65908元/平,中楼层 (共6层) 2室2厅 | 94.83平米 | 南 北,https://ke-image.ljcdn.com/110000-inspection/pc1_a7xD9vgCB.jpg!m_fill,w_280,h_210,f_jpg?from=ke.com
20241016,朝阳,百子湾,101126945539,观音惠园 3室2厅 南 北新上,610万,44329元/平,顶层 (共6层) 3室2厅 | 137.61平米 | 南 北,https://ke-image.ljcdn.com/110000-inspection/34bfdc9d-6f71-4e8f-b09a-36b218577c7a_1000.jpg!m_fill,w_280,h_210,f_jpg?from=ke.com
20241016,朝阳,百子湾,101126935441,沿海赛洛城一期 1室1厅 南新上,299万,52064元/平,低楼层 (共18层) | 2007年 | 1室1厅 | 57.43平米 | 南,https://ke-image.ljcdn.com/110000-inspection/0308de6a-9776-43f1-b8e9-3b2d70b1f143_1000.jpg!m_fill,w_280,h_210,f_jpg?from=ke.com
20241016,朝阳,百子湾,101126905542,朝阳区百子湾东里沿海赛洛城一期,520万,63292元/平,低楼层 (共6层) 1室1厅 | 82.16平米 | 东,https://ke-image.ljcdn.com/110000-inspection/pc1_zp2FBuECh.jpg!m_fill,w_280,h_210,f_jpg?from=ke.com
20241016,朝阳,百子湾,101126886334,观音惠园小区南北两居室1层2户安静,360万,40023元/平,中楼层 (共6层) 2室1厅 | 89.95平米 | 南 北,https://ke-image.ljcdn.com/110000-inspection/57d974a3-e0b7-4b89-af7c-e2ff8508b314_1000.jpg!m_fill,w_280,h_210,f_jpg?from=ke.com
20241016,朝阳,百子湾,101126865837,家园高楼层南北两居室视野采光无遮挡,527万,53470元/平,中楼层 (共22层) | 2006年 | 2室1厅 | 98.56平米 | 南 北,https://ke-image.ljcdn.com/110000-inspection/66383f8b-556e-40e5-a4b0-b654e92b26dd_1000.jpg!m_fill,w_280,h_210,f_jpg?from=ke.com
20241016,朝阳,百子湾,101126858914,江南春晓金都杭城精装修视野好南北通透房主自荐,830万,67778元/平,低楼层 (共19层) | 2006年 | 3室2厅 | 122.46平米 | 南 北,https://ke-image.ljcdn.com/110000-inspection/pc1_C689cKMPJ.jpg!m_fill,w_280,h_210,f_jpg?from=ke.com
20241016,朝阳,百子湾,101126824262,金泰先锋优质一居高层视野好无噪音,350万,51185元/平,高楼层 (共18层) | 2008年 | 1室0厅 | 68.38平米 | 东,https://ke-image.ljcdn.com/110000-inspection/f1e619b8-fb43-4c2e-892d-d5dc91115c72_1000.jpg!m_fill,w_280,h_210,f_jpg?from=ke.com
20241016,朝阳,百子湾,101126798527,金海国际南区 2室1厅 东,618万,56703元/平,中楼层 (共23层) | 2005年 | 2室1厅 | 108.99平米 | 东,https://ke-image.ljcdn.com/110000-inspection/2084177b-b4bb-4790-833f-25c002bd8300_1000.jpg!m_fill,w_280,h_210,f_jpg?from=ke.com
20241016,朝阳,百子湾,101126747920,金海国际东向一居室高楼层无遮挡采光好视野开阔,400万,60469元/平,高楼层 (共23层) 1室1厅 | 66.15平米 | 东,https://ke-image.ljcdn.com/110000-inspection/60c11d10-839d-40b4-97f5-d2bff47719eb_1000.jpg!m_fill,w_280,h_210,f_jpg?from=ke.com
20241016,朝阳,百子湾,101126745697,沿海赛洛城五期 南北通透三居室 仅有契税,709万,49439元/平,中楼层 (共21层) 3室2厅 | 143.41平米 | 南 北,https://ke-image.ljcdn.com/110000-inspection/pc1_HTI1y2lI0.jpg!m_fill,w_280,h_210,f_jpg?from=ke.com
20241016,朝阳,百子湾,101126707236,满五年唯一全南户型两梯四户环境好人车分流,500万,50111元/平,低楼层 (共22层) | 2014年 | 2室1厅 | 99.78平米 | 南,https://ke-image.ljcdn.com/110000-inspection/pc1_dwgATsy0D.jpg!m_fill,w_280,h_210,f_jpg?from=ke.com
20241016,朝阳,百子湾,101126650304,观音惠园 2室1厅 南 北,360万,40139元/平,低楼层 (共6层) 2室1厅 | 89.69平米 | 南 北,https://ke-image.ljcdn.com/110000-inspection/d2cfb682-da7e-41c2-ace1-98d6090ffbb7_1000.jpg!m_fill,w_280,h_210,f_jpg?from=ke.com
20241016,朝阳,百子湾,101126643919,观音惠园 3室1厅 南 北,496万,37252元/平,低楼层 (共6层) 3室1厅 | 133.15平米 | 南 北,https://ke-image.ljcdn.com/110000-inspection/4c8d60f6-6633-41da-9454-f89c2a2736d1_1000.jpg!m_fill,w_280,h_210,f_jpg?from=ke.com
20241016,朝阳,百子湾,101126640346,次新房小区高楼层南向一居室人车分流,350万,59555元/平,高楼层 (共22层) 1室1厅 | 58.77平米 | 南,https://ke-image.ljcdn.com/110000-inspection/pc1_bZrNXpaBf.jpg!m_fill,w_280,h_210,f_jpg?from=ke.com
20241016,朝阳,百子湾,101126554295,美利山 1室1厅 东,325万,46489元/平,中楼层 (共24层) | 2011年 | 1室1厅 | 69.91平米 | 东,https://ke-image.ljcdn.com/110000-inspection/729592c0-7f0a-4124-90c2-702da681ce5f_1000.jpg!m_fill,w_280,h_210,f_jpg?from=ke.com
20241016,朝阳,百子湾,101126539894,沿海赛洛城 美利山 临近地铁三卧室朝南,565万,59200元/平,高楼层 (共24层) | 2011年 | 3室1厅 | 95.44平米 | 西南,https://ke-image.ljcdn.com/110000-inspection/055d4830-1bc1-4743-aaf8-c9cdda695467_1000.jpg!m_fill,w_280,h_210,f_jpg?from=ke.com
20241016,朝阳,百子湾,101126534321,《沿海赛洛城示范区》南北通透两居室户型方正诚售,595万,64360元/平,低楼层 (共11层) 2室2厅 | 92.45平米 | 南 北,https://ke-image.ljcdn.com/110000-inspection/a560a761-3c63-4c02-8b22-0979bc9615c2_1000.jpg!m_fill,w_280,h_210,f_jpg?from=ke.com
20241016,朝阳,百子湾,101126479514,美利山 1室2厅 西,400万,49957元/平,中楼层 (共24层) | 2011年 | 1室2厅 | 80.07平米 | 西,https://ke-image.ljcdn.com/110000-inspection/ee775211-db97-4e2f-a57d-915474b94b31_1000.jpg!m_fill,w_280,h_210,f_jpg?from=ke.com
20241016,朝阳,百子湾,101126479071,满五唯一 中间楼层 业主诚意卖,370万,46239元/平,低楼层 (共24层) | 2011年 | 2室1厅 | 80.02平米 | 西北,https://ke-image.ljcdn.com/110000-inspection/92a928c1-7113-4951-9cdc-0477ff4aa31d_1000.jpg!m_fill,w_280,h_210,f_jpg?from=ke.com
20241016,朝阳,百子湾,101126478432,观音景园二期南向一居室采光好不遮挡,235万,40827元/平,高楼层 (共6层) | 2003年 | 1室1厅 | 57.56平米 | 南,https://ke-image.ljcdn.com/110000-inspection/ec37d923-4225-4915-aa84-5eda925e1bf8_1000.jpg!m_fill,w_280,h_210,f_jpg?from=ke.com
20241016,朝阳,百子湾,101126451514,沿海赛洛城七期满五唯一商品房采光好,230万,48118元/平,中楼层 (共18层) 1室0厅 | 47.8平米 | 西,https://ke-image.ljcdn.com/110000-inspection/3c2b1f17-a34e-4958-b7f4-19e83ad328c4_1000.jpg!m_fill,w_280,h_210,f_jpg?from=ke.com
20241016,朝阳,百子湾,101126436606,金都杭城南向大一居采光好视野佳,558万,70813元/平,中楼层 (共20层) | 2006年 | 1室1厅 | 78.8平米 | 南,https://ke-image.ljcdn.com/110000-inspection/a376aaad-eb2e-46be-8faa-c261fa758dad_1000.jpg!m_fill,w_280,h_210,f_jpg?from=ke.com
20241016,朝阳,百子湾,101126430771,百子湾家园二区南北精装双卫两居室,510万,45946元/平,中楼层 (共16层) 2室1厅 | 111平米 | 西 南 北,https://ke-image.ljcdn.com/110000-inspection/619ccd11-06a5-4fb2-afd0-2b32e4b8d12f_1000.jpg!m_fill,w_280,h_210,f_jpg?from=ke.com
20241016,朝阳,百子湾,101126429354,金都杭城东区  精装修三居室  南北通透 看房方便,1200万,83369元/平,中楼层 (共25层) | 2009年 | 3室2厅 | 143.94平米 | 南 北,https://ke-image.ljcdn.com/110000-inspection/76279d97-a96a-4ffb-8bd0-7514d7acfe8b_1000.jpg!m_fill,w_280,h_210,f_jpg?from=ke.com
20241016,朝阳,百子湾,101126413862,观音景园南北两居室业主诚意出售 看房提前预约,400万,43081元/平,底层 (共6层) 2室2厅 | 92.85平米 | 南 北,https://ke-image.ljcdn.com/110000-inspection/8156850e-0c72-44a5-b117-4c153d36c9d8_1000.jpg!m_fill,w_280,h_210,f_jpg?from=ke.com
20241016,朝阳,百子湾,101126373635,沿海赛洛城南北三居室 业主诚意出售 看房提前预约,779万,53606元/平,中楼层 (共5层) 3室2厅 | 145.32平米 | 南 北,https://ke-image.ljcdn.com/110000-inspection/85635f3a-dea3-4086-b40d-0e63fcd6e7c3_1000.jpg!m_fill,w_280,h_210,f_jpg?from=ke.com
20241016,朝阳,百子湾,101126345066,观音惠园 2室1厅 南 北,330万,36622元/平,顶层 (共6层) 2室1厅 | 90.11平米 | 南 北,https://ke-image.ljcdn.com/110000-inspection/1b7f1e94-4042-4c31-8c88-90c56a032d6d_1000.jpg!m_fill,w_280,h_210,f_jpg?from=ke.com
20241016,朝阳,百子湾,101126342363,金都杭城东区 封闭社区 人车分流 环境优雅 板楼,1080万,70556元/平,高楼层 (共11层) | 2009年 | 3室2厅 | 153.07平米 | 南 北,https://ke-image.ljcdn.com/110000-inspection/4801f3c3-eb30-4235-b4cd-5a9fbdd123e8_1000.jpg!m_fill,w_280,h_210,f_jpg?from=ke.com
20241016,朝阳,百子湾,101126338858,对花园、楼层好、视野采光好、全南向,440万,42798元/平,低楼层 (共22层) 2室1厅 | 102.81平米 | 南,https://ke-image.ljcdn.com/110000-inspection/2f86d4c8-577a-4d9a-a772-e5f856107419_1000.jpg!m_fill,w_280,h_210,f_jpg?from=ke.com
20241016,朝阳,百子湾,101126308839,品质百子湾金都尊享大两居格局！！！,850万,69633元/平,中楼层 (共19层) | 2006年 | 2室1厅 | 122.07平米 | 北 南,https://ke-image.ljcdn.com/110000-inspection/7aeb23ea-4c65-4fb6-a816-f8dea20f6436_1000.jpg!m_fill,w_280,h_210,f_jpg?from=ke.com
20241016,朝阳,百子湾,101126298262,精装大三居户型方正好楼层采光好带阳台,660万,58709元/平,中楼层 (共4层) 3室1厅 | 112.42平米 | 南 北,https://ke-image.ljcdn.com/110000-inspection/a6136b5c-8504-4d4f-99ad-fbf694892979_1000.jpg!m_fill,w_280,h_210,f_jpg?from=ke.com
20241016,朝阳,百子湾,101126290320,百花园 南北通透 前后对花园 满五唯一,560万,53036元/平,低楼层 (共24层) | 2007年 | 2室1厅 | 105.59平米 | 南 北,https://ke-image.ljcdn.com/110000-inspection/ae3fa586-909a-407a-ae38-94e7eede6285_1000.jpg!m_fill,w_280,h_210,f_jpg?from=ke.com
20241016,朝阳,百子湾,101126237572,金海国际南区 东南大三居 满五唯一 随时签约,760万,54724元/平,中楼层 (共23层) | 2005年 | 3室2厅 | 138.88平米 | 东南,https://ke-image.ljcdn.com/110000-inspection/f0a82934-8d33-4a26-9bab-bfc84397b816_1000.jpg!m_fill,w_280,h_210,f_jpg?from=ke.com
20241016,朝阳,百子湾,101126221937,观音惠园 1室1厅 南,245万,43249元/平,高楼层 (共6层) 1室1厅 | 56.65平米 | 南,https://ke-image.ljcdn.com/110000-inspection/f3bfc993-dd9b-4cfb-880e-f585b39f4517_1000.jpg!m_fill,w_280,h_210,f_jpg?from=ke.com
20241016,朝阳,百子湾,101126175260,金海国际南区 1室1厅 西,440万,65604元/平,中楼层 (共23层) 1室1厅 | 67.07平米 | 西,https://ke-image.ljcdn.com/110000-inspection/cef4e76b-bc8a-40f0-8850-9f576b6f08af_1000.jpg!m_fill,w_280,h_210,f_jpg?from=ke.com
20241016,朝阳,百子湾,101126125626,本房满五年家庭一套住房商品房通透性好采光充足,340万,37470元/平,顶层 (共6层) 2室1厅 | 90.74平米 | 南 北,https://ke-image.ljcdn.com/110000-inspection/c6f00b29-4f9c-46e8-862e-993c22af5578_1000.jpg!m_fill,w_280,h_210,f_jpg?from=ke.com
20241016,朝阳,百子湾,101126124581,东四环国贸百子湾金海国际南区商品房精装视野采光好,450万,67085元/平,高楼层 (共23层) | 2005年 | 1室1厅 | 67.08平米 | 东,https://ke-image.ljcdn.com/110000-inspection/pc1_28jPlNSBD.jpg!m_fill,w_280,h_210,f_jpg?from=ke.com
20241016,朝阳,百子湾,101126107032,沿海南北通透板楼 户型方正 前后观花园 采光视野好,570万,55828元/平,中楼层 (共8层) 2室1厅 | 102.1平米 | 南 北,https://ke-image.ljcdn.com/110000-inspection/4d826318-40af-4330-a9f2-85841a074209_1000.jpg!m_fill,w_280,h_210,f_jpg?from=ke.com
20241016,朝阳,百子湾,101126098534,官悦欣园B区 南向一居室 高层视野好,288万,49587元/平,高楼层 (共22层) | 2014年 | 1室1厅 | 58.08平米 | 南,https://ke-image.ljcdn.com/110000-inspection/pc1_wBmZpg227.jpg!m_fill,w_280,h_210,f_jpg?from=ke.com
20241016,朝阳,百子湾,101126097169,沿海赛洛城七期正规一居精装修拎包入住,340万,56060元/平,高楼层 (共18层) 1室1厅 | 60.65平米 | 东 西,https://ke-image.ljcdn.com/110000-inspection/677d02ca-394e-4df0-8b83-c6c928a15008_1000.jpg!m_fill,w_280,h_210,f_jpg?from=ke.com
20241016,朝阳,百子湾,101126087169,官悦欣园B区不临街南向一居采光好房主自荐,284万,48539元/平,低楼层 (共27层) | 2014年 | 1室1厅 | 58.51平米 | 南,https://ke-image.ljcdn.com/110000-inspection/pc1_05YA2IaaI.jpg!m_fill,w_280,h_210,f_jpg?from=ke.com
20241016,朝阳,百子湾,101126050226,沿海赛洛城二期百花园封闭独立安静不临街,530万,78102元/平,中楼层 (共6层) 2室1厅 | 67.86平米 | 南 西 北,https://ke-image.ljcdn.com/110000-inspection/34b9d4de-dfd8-4c92-acc2-4f22cc225172_1000.jpg!m_fill,w_280,h_210,f_jpg?from=ke.com
20241016,朝阳,百子湾,101126043977,金海国际南区 南北通透 两梯两户采光充足安静舒房主自荐,920万,56574元/平,中楼层 (共18层) 3室2厅 | 162.62平米 | 南 北,https://ke-image.ljcdn.com/110000-inspection/f5949439-8687-45c2-8959-6f34449d8b72_1000.jpg!m_fill,w_280,h_210,f_jpg?from=ke.com
20241016,朝阳,百子湾,101125976763,沿海赛洛城四期 2室1厅 南 北,550万,54645元/平,顶层 (共7层) | 2008年 | 2室1厅 | 100.65平米 | 南 北,https://ke-image.ljcdn.com/110000-inspection/4de49bf8-7f91-4982-b395-de1c7ebf6c59_1000.jpg!m_fill,w_280,h_210,f_jpg?from=ke.com
20241016,朝阳,百子湾,101125945820,沿海赛洛城七期东西通透一梯两户满五年唯一,499万,57496元/平,中楼层 (共6层) 2室1厅 | 86.79平米 | 东 西,https://ke-image.ljcdn.com/110000-inspection/7b773a89-78e6-4684-8324-edac5a022b34_1000.jpg!m_fill,w_280,h_210,f_jpg?from=ke.com
20241016,朝阳,百子湾,101125904819,金海国际南区 南向大两居 眼镜户型 视野好 随时签,696万,55645元/平,高楼层 (共23层) | 2005年 | 2室1厅 | 125.08平米 | 南,https://ke-image.ljcdn.com/110000-inspection/689b0c9f-deba-47c7-9086-648424dbf167_1000.jpg!m_fill,w_280,h_210,f_jpg?from=ke.com
20241016,朝阳,百子湾,101125887524,满五年家庭一套住房可转商户型方正南北通透,299万,34768元/平,高楼层 (共6层) | 2008年 | 2室1厅 | 86平米 | 南 北,https://ke-image.ljcdn.com/110000-inspection/pc1_DKk7a2UFm_1.jpg!m_fill,w_280,h_210,f_jpg?from=ke.com
20241016,朝阳,百子湾,101125849883,沿海赛洛城一期 3室1厅 东南,770万,55134元/平,顶层 (共18层) 3室1厅 | 139.66平米 | 东南,https://ke-image.ljcdn.com/110000-inspection/431030ac-f1e4-486e-9922-d071aafbced4_1000.jpg!m_fill,w_280,h_210,f_jpg?from=ke.com
20241016,朝阳,百子湾,101125846877,东四环百子湾家园满五年商品房 可多贷款 视野好,310万,49144元/平,低楼层 (共18层) | 2006年 | 1室1厅 | 63.08平米 | 北,https://ke-image.ljcdn.com/110000-inspection/42a0b6fa-eb16-4c30-8771-0897a789ea49_1000.jpg!m_fill,w_280,h_210,f_jpg?from=ke.com
20241016,朝阳,百子湾,101125833241,沿海赛洛城五期 1室1厅 南,260万,50525元/平,高楼层 (共11层) | 2008年 | 1室1厅 | 51.46平米 | 南,https://ke-image.ljcdn.com/110000-inspection/55fdcd2f-d22d-4b5b-a9c0-2b4c3679fe1d_1000.jpg!m_fill,w_280,h_210,f_jpg?from=ke.com
20241016,朝阳,百子湾,101125822168,洋房板楼1梯2户南北通透人车分流,740万,80113元/平,顶层 (共10层) | 2008年 | 2室2厅 | 92.37平米 | 南 北,https://ke-image.ljcdn.com/110000-inspection/5c57e217-f8af-4e77-b3a3-b72e06742f88_1000.jpg!m_fill,w_280,h_210,f_jpg?from=ke.com
20241016,朝阳,百子湾,101125809132,沿海赛洛城前后不临街两居室中间楼层视野不遮挡房主自荐,510万,63758元/平,中楼层 (共7层) 2室1厅 | 79.99平米 | 东 南 西 北,https://ke-image.ljcdn.com/110000-inspection/3c00f996-3092-4013-a2cc-8ee5bca5ef15_1000.jpg!m_fill,w_280,h_210,f_jpg?from=ke.com
20241016,朝阳,百子湾,101125808392,美利山东向一居室满五唯一精装修,350万,51837元/平,低楼层 (共24层) | 2011年 | 1室1厅 | 67.52平米 | 东,https://ke-image.ljcdn.com/110000-inspection/fc3426f8-f17d-4ad5-a71c-f3127531f54f_1000.jpg!m_fill,w_280,h_210,f_jpg?from=ke.com
20241016,朝阳,百子湾,101125792381,金泰先锋北区 2室1厅 南,755万,82650元/平,中楼层 (共18层) | 2008年 | 2室1厅 | 91.35平米 | 南,https://ke-image.ljcdn.com/110000-inspection/67c7fe32-4932-45f5-a502-2a4b1275234e_1000.jpg!m_fill,w_280,h_210,f_jpg?from=ke.com
20241016,朝阳,百子湾,101125768537,金都杭城东区 2室2厅 南,660万,75464元/平,中楼层 (共26层) | 2009年 | 2室2厅 | 87.46平米 | 南,https://ke-image.ljcdn.com/110000-inspection/de4a231b-c560-4088-b636-f5430d6e27b6_1000.jpg!m_fill,w_280,h_210,f_jpg?from=ke.com
20241016,朝阳,百子湾,101125761285,金海国际南区 全明格局 满五唯一  看国贸 随时签,495万,57794元/平,中楼层 (共23层) | 2005年 | 1室1厅 | 85.65平米 | 西北,https://ke-image.ljcdn.com/110000-inspection/b7616378-ec03-4b79-86b1-d22a81b70a11_1000.jpg!m_fill,w_280,h_210,f_jpg?from=ke.com
20241016,朝阳,百子湾,101125756644,全南向两居大面宽客厅精致装修拎包入住,460万,44756元/平,中楼层 (共14层) | 2006年 | 2室1厅 | 102.78平米 | 南,https://ke-image.ljcdn.com/110000-inspection/pc1_8J0G26zcj.jpg!m_fill,w_280,h_210,f_jpg?from=ke.com
20241016,朝阳,百子湾,101125753002,金海国际南区 3室2厅 东南,775万,53682元/平,顶层 (共23层) | 2005年 | 3室2厅 | 144.37平米 | 东南,https://ke-image.ljcdn.com/110000-inspection/pc1_BgScVjokJ.jpg!m_fill,w_280,h_210,f_jpg?from=ke.com
20241016,朝阳,百子湾,101125750722,沿海赛洛城六期满南北通透户型好采光好,529万,57109元/平,低楼层 (共9层) | 2009年 | 2室1厅 | 92.63平米 | 南 北,https://ke-image.ljcdn.com/110000-inspection/pc1_nCSWjN6QA.jpg!m_fill,w_280,h_210,f_jpg?from=ke.com
20241016,朝阳,百子湾,101125743329,百子湾路  三居室  南北通透装修好  诚意出售房主自荐,330万,52540元/平,中楼层 (共6层) | 1980年 | 2室1厅 | 62.81平米 | 南 北,https://ke-image.ljcdn.com/110000-inspection/pc1_qjTvXi8mL_2.jpg!m_fill,w_280,h_210,f_jpg?from=ke.com
20241016,朝阳,百子湾,101125660853,官悦欣园B区 南北通透两居室 精装修 格局方正近地,520万,51537元/平,低楼层 (共21层) | 2014年 | 2室2厅 | 100.9平米 | 南 北,https://ke-image.ljcdn.com/110000-inspection/pc1_O51anTqiB.jpg!m_fill,w_280,h_210,f_jpg?from=ke.com
20241016,朝阳,百子湾,101125621204,金海国际南区 高层视野采光充足前后不临街,1030万,55419元/平,高楼层 (共18层) | 2005年 | 3室1厅 | 185.86平米 | 南 北,https://ke-image.ljcdn.com/110000-inspection/d04dc02d-f256-4ab8-a5cb-e993b6172f0b_1000.jpg!m_fill,w_280,h_210,f_jpg?from=ke.com
20241016,朝阳,百子湾,101125588249,沿海赛洛城一期 正规大一居 楼层好,359万,60459元/平,高楼层 (共8层) | 2007年 | 1室1厅 | 59.38平米 | 西,https://ke-image.ljcdn.com/110000-inspection/39efbc93-1bdb-4d7c-be4d-138224e70f21_1000.jpg!m_fill,w_280,h_210,f_jpg?from=ke.com
20241016,朝阳,百子湾,101125566553,观音惠园中间位置间距大采光好正对花园户型好房主自荐,488万,36183元/平,高楼层 (共6层) | 2008年 | 3室2厅 | 134.87平米 | 南 北,https://ke-image.ljcdn.com/110000-inspection/pc1_B1agCmXap_2.jpg!m_fill,w_280,h_210,f_jpg?from=ke.com
20241016,朝阳,百子湾,101125566508,东南朝向正规三居室 不临街 正观小区花园 采光无遮,556万,51881元/平,低楼层 (共24层) | 2009年 | 3室1厅 | 107.17平米 | 东 南,https://ke-image.ljcdn.com/110000-inspection/a6b685ff-8c68-402a-8d62-5bea126d9c81_1000.jpg!m_fill,w_280,h_210,f_jpg?from=ke.com
20241016,朝阳,百子湾,101125565889,房子满五年唯一、南北通透、全明格局、没有抵押诚心卖,520万,52520元/平,中楼层 (共20层) 2室1厅 | 99.01平米 | 南 北,https://ke-image.ljcdn.com/110000-inspection/dea666e4-6106-4454-89c8-3309f85bb7fa_1000.jpg!m_fill,w_280,h_210,f_jpg?from=ke.com
20241016,朝阳,百子湾,101125556193,南北大三居 前后看花园 满五唯一 装修好 随时签约,1180万,63489元/平,低楼层 (共18层) | 2005年 | 3室2厅 | 185.86平米 | 南 北,https://ke-image.ljcdn.com/110000-inspection/53a50a11-7087-48cd-8ca2-dffc538eb2c6_1000.jpg!m_fill,w_280,h_210,f_jpg?from=ke.com
20241016,朝阳,百子湾,101125553634,美利山东四环近地铁新装修大一居满五年唯一房主自荐,375万,46835元/平,中楼层 (共24层) | 2011年 | 1室1厅 | 80.07平米 | 西北,https://ke-image.ljcdn.com/110000-inspection/c475684a-5d1e-4621-b5a9-4296f0fecf90_1000.jpg!m_fill,w_280,h_210,f_jpg?from=ke.com
20241016,朝阳,百子湾,101125528886,美利山新上高楼层视野好采光充足。满五唯一,430万,47134元/平,中楼层 (共24层) | 2011年 | 2室1厅 | 91.23平米 | 东,https://ke-image.ljcdn.com/110000-inspection/b5e9d0e8-5ac2-4b66-ac10-11561e6087fc_1000.jpg!m_fill,w_280,h_210,f_jpg?from=ke.com
20241016,朝阳,百子湾,101125523780,沿海赛洛城美利山精装高楼层视野开阔采光好房主自荐,440万,52550元/平,高楼层 (共24层) | 2011年 | 1室1厅 | 83.73平米 | 西,https://ke-image.ljcdn.com/110000-inspection/4080cc1d-5ae2-4fbc-afb9-e464e9d024c3_1000.jpg!m_fill,w_280,h_210,f_jpg?from=ke.com
20241016,朝阳,百子湾,101125520172,满五年南北通透采光好小区花园位置精装修房主自荐,318万,35350元/平,顶层 (共6层) 2室1厅 | 89.96平米 | 南 北,https://ke-image.ljcdn.com/110000-inspection/2ebce298-2538-4d29-b120-38cc8dd86714_1000.jpg!m_fill,w_280,h_210,f_jpg?from=ke.com
20241016,朝阳,百子湾,101125517523,满五唯一间距大采光好小区花园位置精装修,520万,35683元/平,顶层 (共6层) 3室2厅 | 145.73平米 | 南 北,https://ke-image.ljcdn.com/110000-inspection/pc1_cz87ppre8.jpg!m_fill,w_280,h_210,f_jpg?from=ke.com
20241016,朝阳,百子湾,101125506563,金海国际南区 满五唯一 南北通透 精装修 拎包入住,940万,57864元/平,中楼层 (共18层) 3室2厅 | 162.45平米 | 南 北,https://ke-image.ljcdn.com/110000-inspection/pc1_47Xq4E1jw.jpg!m_fill,w_280,h_210,f_jpg?from=ke.com
20241016,朝阳,百子湾,101125497808,南向 对小区花园 户型方正 满五唯一,419万,59332元/平,中楼层 (共18层) | 2007年 | 2室1厅 | 70.62平米 | 南,https://ke-image.ljcdn.com/110000-inspection/7cbee82e-0b93-45b7-8559-dfbc70448321_1000.jpg!m_fill,w_280,h_210,f_jpg?from=ke.com
20241016,朝阳,百子湾,101125457429,此房满五年唯一高层采光好视野无遮挡交通配,335万,59865元/平,中楼层 (共18层) 1室1厅 | 55.96平米 | 东,https://ke-image.ljcdn.com/110000-inspection/d041f3f6-f2d2-481d-b06b-90783b9b78ff_1000.jpg!m_fill,w_280,h_210,f_jpg?from=ke.com
20241016,朝阳,百子湾,101125429695,金海国际南区 南北大三居 满五唯一 安静不临街,1030万,55110元/平,低楼层 (共18层) | 2005年 | 3室2厅 | 186.9平米 | 南 北,https://ke-image.ljcdn.com/110000-inspection/pc1_WaRhxFCEb.jpg!m_fill,w_280,h_210,f_jpg?from=ke.com
20241016,朝阳,百子湾,101125398601,金都杭城西区 3室1厅 南 北,808万,66003元/平,低楼层 (共19层) | 2006年 | 3室1厅 | 122.42平米 | 南 北,https://ke-image.ljcdn.com/110000-inspection/1ac13733-9f35-4929-a75b-937a04c88119_1000.jpg!m_fill,w_280,h_210,f_jpg?from=ke.com
20241016,朝阳,百子湾,101125378536,房子满五唯一位置安静无抵押楼层好采光充足,300万,53754元/平,中楼层 (共24层) | 2007年 | 1室1厅 | 55.81平米 | 东,https://ke-image.ljcdn.com/110000-inspection/cc9a930f-319d-4db9-b98d-14d4fb27b8b3_1000.jpg!m_fill,w_280,h_210,f_jpg?from=ke.com
20241016,朝阳,百子湾,101125368392,百子湾家园一区 2室1厅 南,540万,53030元/平,中楼层 (共16层) | 2006年 | 2室1厅 | 101.83平米 | 南,https://ke-image.ljcdn.com/110000-inspection/bc1835a2-338e-4d05-9aff-c1445359e6fb_1000.jpg!m_fill,w_280,h_210,f_jpg?from=ke.com
20241016,朝阳,百子湾,101125353971,全南朝向 无遮挡 采光好 楼层高视野好 楼位置好,468万,45521元/平,低楼层 (共22层) | 2006年 | 2室1厅 | 102.81平米 | 南,https://ke-image.ljcdn.com/110000-inspection/e68b058e-c8ab-44e2-8c58-ea290cfdf56b_1000.jpg!m_fill,w_280,h_210,f_jpg?from=ke.com
20241016,朝阳,百子湾,101125334383,此房朝南向正规两居室满五年户型好南北通透房主自荐,390万,41815元/平,底层 (共6层) | 2005年 | 2室1厅 | 93.27平米 | 南 北,https://ke-image.ljcdn.com/110000-inspection/7d5ef1a0-db3c-45ac-8548-e110ad2ac9ef_1000.jpg!m_fill,w_280,h_210,f_jpg?from=ke.com
20241016,朝阳,百子湾,101125332668,沿海赛洛城六期 1室1厅 西,250万,52019元/平,低楼层 (共9层) 1室1厅 | 48.06平米 | 西,https://ke-image.ljcdn.com/110000-inspection/f486a0fd-20b9-472c-a350-c0e721c48809_1000.jpg!m_fill,w_280,h_210,f_jpg?from=ke.com
20241016,朝阳,百子湾,101125279705,沿海赛洛城七期南北一居满五唯一精装修,377万,55368元/平,中楼层 (共22层) 1室1厅 | 68.09平米 | 南 北,https://ke-image.ljcdn.com/110000-inspection/195f144f-8627-4a90-af27-2202601934b8_1000.jpg!m_fill,w_280,h_210,f_jpg?from=ke.com
20241016,朝阳,百子湾,101125278805,满五年唯一 视野无遮挡 南北通透,528万,53474元/平,高楼层 (共24层) | 2006年 | 2室1厅 | 98.74平米 | 南 北,https://ke-image.ljcdn.com/110000-inspection/594f4e1e-2dbc-48a6-b859-a757fc1c2b9f_1000.jpg!m_fill,w_280,h_210,f_jpg?from=ke.com
20241016,朝阳,百子湾,101125275749,广渠路东四环 百子湾满五唯一 南北通透格局 采光好,670万,50816元/平,低楼层 (共18层) | 2006年 | 3室2厅 | 131.85平米 | 南 北,https://ke-image.ljcdn.com/110000-inspection/eef7068e-8148-4f6f-ba1d-5b4f4c9baae2_1000.jpg!m_fill,w_280,h_210,f_jpg?from=ke.com
20241016,朝阳,百子湾,101125260627,观音惠园小区南北两居室一层两户户型方正,379万,42037元/平,高楼层 (共6层) 2室2厅 | 90.16平米 | 南 北,https://ke-image.ljcdn.com/110000-inspection/6c44ac72-cf53-4dea-bc12-89aecffffb6f_1000.jpg!m_fill,w_280,h_210,f_jpg?from=ke.com
20241016,朝阳,百子湾,101125217970,非顶层 去年40万精装婚房 拎包入住 满五唯一,409万,42859元/平,高楼层 (共6层) | 2002年 | 2室2厅 | 95.43平米 | 南 北,https://ke-image.ljcdn.com/110000-inspection/a3c22c1b-9b22-4197-a315-198f14a89ab0_1000.jpg!m_fill,w_280,h_210,f_jpg?from=ke.com
20241016,朝阳,百子湾,101125194120,东四环金都杭城精装两居室 诚意出售,670万,75358元/平,中楼层 (共26层) | 2009年 | 2室1厅 | 88.91平米 | 南,https://ke-image.ljcdn.com/110000-inspection/980f33e1-8401-4dd5-a303-8740e9b92e7f_1000.jpg!m_fill,w_280,h_210,f_jpg?from=ke.com
20241016,朝阳,百子湾,101125191606,沿海赛洛城一期 南北2居 转角大阳台 满5年,515万,60911元/平,高楼层 (共8层) | 2007年 | 2室1厅 | 84.55平米 | 南 西 北,https://ke-image.ljcdn.com/110000-inspection/44c659c0-24d1-4546-802f-3ea8cce6b3b6_1000.jpg!m_fill,w_280,h_210,f_jpg?from=ke.com
20241016,朝阳,百子湾,101125181140,水磨厂宿舍  中间层采光好 看房方便,255万,42024元/平,中楼层 (共5层) 3室0厅 | 60.68平米 | 南 北,https://ke-image.ljcdn.com/110000-inspection/00dba932-5e81-4a03-9430-6f22127e5cd7_1000.jpg!m_fill,w_280,h_210,f_jpg?from=ke.com
20241016,朝阳,百子湾,101125139640,沿海赛洛城五期 精装东向一居室,275万,49470元/平,高楼层 (共25层) 1室1厅 | 55.59平米 | 东,https://ke-image.ljcdn.com/110000-inspection/68a40254-2fa1-48b7-b8ad-9301e773533b_1000.jpg!m_fill,w_280,h_210,f_jpg?from=ke.com
20241016,朝阳,百子湾,101125110698,中高楼层 视野好 满五唯一 诚意出售,398万,43627元/平,高楼层 (共24层) | 2011年 | 2室1厅 | 91.23平米 | 东,https://ke-image.ljcdn.com/110000-inspection/9ecbdc79-1788-4165-ada5-a42cf28dde52_1000.jpg!m_fill,w_280,h_210,f_jpg?from=ke.com
20241016,朝阳,百子湾,101125108051,2011年 南北通透 格局好 视野好 一梯两户,620万,59513元/平,顶层 (共7层) | 2010年 | 2室1厅 | 104.18平米 | 南 北,https://ke-image.ljcdn.com/110000-inspection/a50d5e07-e4d6-4b17-b405-357ac1047252_1000.jpg!m_fill,w_280,h_210,f_jpg?from=ke.com
20241016,朝阳,百子湾,101125097702,沿海赛洛城五期 东西通透一居室,365万,53355元/平,中楼层 (共25层) 1室1厅 | 68.41平米 | 东 西,https://ke-image.ljcdn.com/110000-inspection/45ff42da-bc3c-45fc-b987-43c88c4a5f08_1000.jpg!m_fill,w_280,h_210,f_jpg?from=ke.com
20241016,朝阳,百子湾,101125084831,沿海赛洛城七期南北通透前后观景满五年唯一,858万,52674元/平,中楼层 (共9层) 3室1厅 | 162.89平米 | 南 北,https://ke-image.ljcdn.com/110000-inspection/7c65ee49-cb09-48af-a05a-7586db4fba88_1000.jpg!m_fill,w_280,h_210,f_jpg?from=ke.com
20241016,朝阳,百子湾,101125078905,沿海赛洛城东西一居室 高楼层 采光视野好 无遮挡,318万,47056元/平,顶层 (共7层) | 2008年 | 1室1厅 | 67.58平米 | 东 西,https://ke-image.ljcdn.com/110000-inspection/a982ef5f-a54d-49cf-b34d-405a4cac7288_1000.jpg!m_fill,w_280,h_210,f_jpg?from=ke.com
20241016,朝阳,百子湾,101125058867,沿海赛洛城一期一室一厅有电梯采光好无遮挡,330万,56459元/平,中楼层 (共6层) 1室1厅 | 58.45平米 | 西,https://ke-image.ljcdn.com/110000-inspection/8ff22922-cad6-41b3-9aab-e4f8a9a0ddcc_1000.jpg!m_fill,w_280,h_210,f_jpg?from=ke.com
20241016,朝阳,百子湾,101125040138,东四环百子湾 满五年家庭唯一住房 东南北2居室双卫,550万,48048元/平,高楼层 (共14层) | 2006年 | 2室1厅 | 114.47平米 | 东南 北,https://ke-image.ljcdn.com/110000-inspection/54d4315b-6a14-4595-8310-2f6a37b413d6_1000.jpg!m_fill,w_280,h_210,f_jpg?from=ke.com
20241016,朝阳,百子湾,101125039626,满五唯一南北通透两居明厨明卫有餐厅,538万,51921元/平,低楼层 (共22层) | 2014年 | 2室1厅 | 103.62平米 | 南 北,https://ke-image.ljcdn.com/110000-inspection/pc1_b9SbXJycQ.jpg!m_fill,w_280,h_210,f_jpg?from=ke.com
20241016,朝阳,百子湾,101125019713,此房满五年唯一东西通透带南向三个大阳台,520万,50194元/平,中楼层 (共25层) 2室1厅 | 103.6平米 | 东南 西南,https://ke-image.ljcdn.com/110000-inspection/26dd77af-2b99-4157-ac57-aff2dc8767cb_1000.jpg!m_fill,w_280,h_210,f_jpg?from=ke.com
20241016,朝阳,百子湾,101125019391,观音景园二期南北朝向一居室户型方正通透,260万,41316元/平,中楼层 (共6层) 1室1厅 | 62.93平米 | 南 北,https://ke-image.ljcdn.com/110000-inspection/cc42eb13-5a2d-476f-8e5b-21a73ec7fdcd_1000.jpg!m_fill,w_280,h_210,f_jpg?from=ke.com
20241016,朝阳,百子湾,101124998653,金都杭城东区 3室2厅 南 北,1070万,74472元/平,中楼层 (共25层) | 2009年 | 3室2厅 | 143.68平米 | 南 北,https://ke-image.ljcdn.com/110000-inspection/pc1_6Nyzme6Jd_2.jpg!m_fill,w_280,h_210,f_jpg?from=ke.com
20241016,朝阳,百子湾,101124983703,金都杭城东区 3室2厅 南 北,1100万,71863元/平,中楼层 (共11层) | 2009年 | 3室2厅 | 153.07平米 | 南 北,https://ke-image.ljcdn.com/110000-inspection/869cea9c-69eb-48da-afdf-315a277192f9_1000.jpg!m_fill,w_280,h_210,f_jpg?from=ke.com
20241016,朝阳,百子湾,101124979163,观音景园二期正规一居室户型规整方正南向。,330万,57332元/平,中楼层 (共6层) | 2003年 | 1室1厅 | 57.56平米 | 南,https://ke-image.ljcdn.com/110000-inspection/c3cadc13-2670-48c6-995d-04cd1cd6867c_1000.jpg!m_fill,w_280,h_210,f_jpg?from=ke.com
20241016,朝阳,百子湾,101124968670,东四环 水磨厂宿舍 南北两居室诚意出售,199万,34603元/平,顶层 (共5层) | 1981年 | 2室1厅 | 57.51平米 | 南 北,https://ke-image.ljcdn.com/110000-inspection/14a28b0d-c31d-4f40-9d7b-771af34f460a_1000.jpg!m_fill,w_280,h_210,f_jpg?from=ke.com
20241016,朝阳,百子湾,101124964097,双通透户型 户型方正无浪费面积 对花园 采光充足,790万,75303元/平,中楼层 (共26层) | 2009年 | 2室2厅 | 104.91平米 | 南 北,https://ke-image.ljcdn.com/110000-inspection/237b5052-7258-4c74-aef6-46e49aa55c30_1000.jpg!m_fill,w_280,h_210,f_jpg?from=ke.com
20241016,朝阳,百子湾,101124957357,百子湾地铁 视野好保养好拎包入住 正规一居室,320万,51381元/平,高楼层 (共24层) | 2006年 | 1室1厅 | 62.28平米 | 北,https://ke-image.ljcdn.com/110000-inspection/d4a1102d-e614-46b9-a1ce-d7fb7e38fd97_1000.jpg!m_fill,w_280,h_210,f_jpg?from=ke.com
20241016,朝阳,百子湾,101124922361,观音惠园  全明格局三居室南北通透 老人居住优选,550万,45343元/平,底层 (共6层) 3室1厅 | 121.3平米 | 东 南 北,https://ke-image.ljcdn.com/110000-inspection/bbe6109b-407a-4b79-b37c-eb402a17c0bb_1000.jpg!m_fill,w_280,h_210,f_jpg?from=ke.com
20241016,朝阳,百子湾,101124915005,此房朝南向正规一居室中楼层户型好,250万,43433元/平,中楼层 (共6层) 1室2厅 | 57.56平米 | 南,https://ke-image.ljcdn.com/110000-inspection/pc1_yR0p3UDMm.jpg!m_fill,w_280,h_210,f_jpg?from=ke.com
20241016,朝阳,百子湾,101124914812,中间楼层南北通透全明格局两居,350万,45669元/平,中楼层 (共6层) 2室1厅 | 76.64平米 | 南 北,https://ke-image.ljcdn.com/110000-inspection/c1f28dda-9e9f-4a32-9136-31df803a26d8_1000.jpg!m_fill,w_280,h_210,f_jpg?from=ke.com
20241016,朝阳,百子湾,101124911582,高原价相当于满五唯一南北通透采光好户型好。,463万,33786元/平,高楼层 (共6层) 3室1厅 | 137.04平米 | 南 北,https://ke-image.ljcdn.com/110000-inspection/094af506-c371-4917-b868-affbfc25630f_1000.jpg!m_fill,w_280,h_210,f_jpg?from=ke.com
20241016,朝阳,百子湾,101124851869,观音景园二期 中间楼层南向一居室 观花园 不临街,250万,43433元/平,中楼层 (共6层) 1室1厅 | 57.56平米 | 南,https://ke-image.ljcdn.com/110000-inspection/2957ac10-91f0-40c0-961d-9d9cb69747ef_1000.jpg!m_fill,w_280,h_210,f_jpg?from=ke.com
20241016,朝阳,百子湾,101124844009,沿海赛洛城 满五年唯一正规一居室 看房方便诚意出售,300万,53476元/平,中楼层 (共24层) | 2007年 | 1室1厅 | 56.1平米 | 东,https://ke-image.ljcdn.com/110000-inspection/11f63b44-a28d-44e5-9c61-2a4853375c54_1000.jpg!m_fill,w_280,h_210,f_jpg?from=ke.com
20241016,朝阳,百子湾,101124829303,2014年新小区人车分流朝南一居采光充足精装修,330万,56401元/平,高楼层 (共27层) | 2014年 | 1室1厅 | 58.51平米 | 南,https://ke-image.ljcdn.com/110000-inspection/07835c28-82b6-48c3-9e94-d1cf6637e941_1000.jpg!m_fill,w_280,h_210,f_jpg?from=ke.com
20241016,朝阳,百子湾,101124811340,燕保百安家园 高楼层 观景南向两居室,388万,46501元/平,高楼层 (共29层) 2室1厅 | 83.44平米 | 南,https://ke-image.ljcdn.com/110000-inspection/b292e8d8-d86b-4252-a577-61faf20158e0_1000.jpg!m_fill,w_280,h_210,f_jpg?from=ke.com
20241016,朝阳,百子湾,101124781024,2011年商品房  装修好 东向 没有遮挡,360万,51495元/平,低楼层 (共24层) | 2011年 | 1室1厅 | 69.91平米 | 东,https://ke-image.ljcdn.com/110000-inspection/bb8558ff-fc3a-4dab-b525-0dacf86f72fa_1000.jpg!m_fill,w_280,h_210,f_jpg?from=ke.com
20241016,朝阳,百子湾,101124780128,金海国际南区 正规大三居 看房方便 诚意卖 随时签,789万,56812元/平,中楼层 (共23层) | 2005年 | 3室2厅 | 138.88平米 | 西南,https://ke-image.ljcdn.com/110000-inspection/pc1_9EsQ1LExg.jpg!m_fill,w_280,h_210,f_jpg?from=ke.com
20241016,朝阳,百子湾,101124779128,本房户型方正南北通透国标户型采光视野好,550万,52865元/平,中楼层 (共22层) 2室1厅 | 104.04平米 | 南 北,https://ke-image.ljcdn.com/110000-inspection/864134c7-b117-4cf3-9c19-21baa76ad9cd_1000.jpg!m_fill,w_280,h_210,f_jpg?from=ke.com
20241016,朝阳,百子湾,101124776217,沿海赛洛城明厨明卫两居满五年唯一,425万,51899元/平,低楼层 (共25层) 2室1厅 | 81.89平米 | 东 西 北,https://ke-image.ljcdn.com/110000-inspection/767f9cd6-3b86-472c-8378-60641b2d3617_1000.jpg!m_fill,w_280,h_210,f_jpg?from=ke.com
20241016,朝阳,百子湾,101124744559,东四环广渠路百子湾地铁 满五唯一中间楼层视野好,560万,56715元/平,低楼层 (共24层) | 2006年 | 2室1厅 | 98.74平米 | 南 北,https://ke-image.ljcdn.com/110000-inspection/pc1_2ujfLv99k.jpg!m_fill,w_280,h_210,f_jpg?from=ke.com
20241016,朝阳,百子湾,101124723384,东四环金海国际板楼两居近地铁采光视野好,635万,50365元/平,低楼层 (共12层) | 2005年 | 2室2厅 | 126.08平米 | 南 西,https://ke-image.ljcdn.com/110000-inspection/f5f1af75-4235-434b-9e68-dbc62517bffa_1000.jpg!m_fill,w_280,h_210,f_jpg?from=ke.com
20241016,朝阳,百子湾,101124707390,金都杭城东区 南向2居室 精装修出售,690万,77476元/平,中楼层 (共26层) | 2009年 | 2室1厅 | 89.06平米 | 南,https://ke-image.ljcdn.com/110000-inspection/91ecdfbf-3432-465f-8d9f-81704b77a510_1000.jpg!m_fill,w_280,h_210,f_jpg?from=ke.com
20241016,朝阳,百子湾,101124677607,金海国际南区 满五唯一 中间楼层 视野采光好,378万,57126元/平,中楼层 (共23层) | 2005年 | 1室1厅 | 66.17平米 | 西,https://ke-image.ljcdn.com/110000-inspection/pc1_1k0d1pjEb.jpg!m_fill,w_280,h_210,f_jpg?from=ke.com
20241016,朝阳,百子湾,101124617044,2011年 南北通透两居室 户型好 配套成熟,610万,60733元/平,中楼层 (共7层) | 2010年 | 2室1厅 | 100.44平米 | 南 北,https://ke-image.ljcdn.com/110000-inspection/pc1_bivezkhQB.jpg!m_fill,w_280,h_210,f_jpg?from=ke.com
20241016,朝阳,百子湾,101124579934,金海国际南区 东南三居室  满五年唯一 随时看房,770万,55476元/平,中楼层 (共23层) | 2005年 | 3室1厅 | 138.8平米 | 东南,https://ke-image.ljcdn.com/110000-inspection/fb116146-783f-4edb-aab5-58284eacba7c_1000.jpg!m_fill,w_280,h_210,f_jpg?from=ke.com
20241016,朝阳,百子湾,101124558836,此房满五年唯一西向方正一居自住精装修,449万,53625元/平,低楼层 (共24层) | 2011年 | 1室1厅 | 83.73平米 | 西,https://ke-image.ljcdn.com/110000-inspection/e064e051-45a1-4e4b-8748-1e4e977e2c62_1000.jpg!m_fill,w_280,h_210,f_jpg?from=ke.com
20241016,朝阳,百子湾,101124536239,百子湾家园一区、高楼层、商品房、装修保养、视野俱佳,588万,52993元/平,高楼层 (共16层) | 2006年 | 2室1厅 | 110.96平米 | 南 西 北,https://ke-image.ljcdn.com/110000-inspection/d96172bb-4d0b-468d-99a5-4cd2c4d17eec_1000.jpg!m_fill,w_280,h_210,f_jpg?from=ke.com
20241016,朝阳,百子湾,101124514095,此房满两年南向一居室带阳台视野采光都很好,320万,63682元/平,顶层 (共22层) | 2009年 | 1室1厅 | 50.25平米 | 南,https://ke-image.ljcdn.com/110000-inspection/pc1_Y5LprrNky.jpg!m_fill,w_280,h_210,f_jpg?from=ke.com
20241016,朝阳,百子湾,101124480707,商品房 南北通透 家庭名下唯一住房,405万,45026元/平,低楼层 (共6层) 2室1厅 | 89.95平米 | 南 北,https://ke-image.ljcdn.com/110000-inspection/5edad0d5-250e-49f5-a654-83117cd0ad74_1000.jpg!m_fill,w_280,h_210,f_jpg?from=ke.com
20241016,朝阳,百子湾,101124440367,沿海赛洛城六期 2室1厅 东 西,485万,57615元/平,中楼层 (共8层) 2室1厅 | 84.18平米 | 东 西,https://ke-image.ljcdn.com/110000-inspection/d96637e5-bcf7-49f6-84ba-44b44dfcfab9_1000.jpg!m_fill,w_280,h_210,f_jpg?from=ke.com
20241016,朝阳,百子湾,101124438435,沿海赛洛城二期 2室1厅 东南,545万,58697元/平,低楼层 (共24层) 2室1厅 | 92.85平米 | 东南,https://ke-image.ljcdn.com/110000-inspection/3bb11cff-efab-4d21-879d-e0bc394c0d02_1000.jpg!m_fill,w_280,h_210,f_jpg?from=ke.com
20241016,朝阳,百子湾,101124401251,百子湾 优质南北通透四居 价位可谈,1055万,52854元/平,低楼层 (共13层) | 2005年 | 4室2厅 | 199.61平米 | 南 北,https://ke-image.ljcdn.com/110000-inspection/5ad17778-60e9-41a9-90df-c753b1229dfa_1000.jpg!m_fill,w_280,h_210,f_jpg?from=ke.com
20241016,朝阳,百子湾,101124382735,沿海赛洛城二期 南北通透 采光好 无遮挡房主自荐,650万,66667元/平,中楼层 (共8层) | 2007年 | 2室2厅 | 97.5平米 | 南 北,https://ke-image.ljcdn.com/110000-inspection/ded88534-8767-4231-bd08-cf1c667d893d_1000.jpg!m_fill,w_280,h_210,f_jpg?from=ke.com
20241016,朝阳,百子湾,101124358296,东南向 中高楼层 双阳台 落地窗,330万,55323元/平,中楼层 (共8层) | 2007年 | 1室1厅 | 59.65平米 | 东南,https://ke-image.ljcdn.com/110000-inspection/33d7ec58-7e23-467c-b50f-9ab7baacbd6f_1000.jpg!m_fill,w_280,h_210,f_jpg?from=ke.com
20241016,朝阳,百子湾,101124351332,沿海赛洛城 南北通透一居室 满5唯一 带阳台,350万,51396元/平,中楼层 (共11层) | 2008年 | 1室1厅 | 68.1平米 | 南 北,https://ke-image.ljcdn.com/110000-inspection/e2e8d0a0-28c8-4bd0-8eb6-78a410a4413e_1000.jpg!m_fill,w_280,h_210,f_jpg?from=ke.com
20241016,朝阳,百子湾,101124348703,燕保百安家园二号院 2室1厅 南,580万,69512元/平,中楼层 (共29层) 2室1厅 | 83.44平米 | 南,https://ke-image.ljcdn.com/110000-inspection/62ad8a78-a085-458d-a12b-8669cd21fa7f_1000.jpg!m_fill,w_280,h_210,f_jpg?from=ke.com
20241016,朝阳,百子湾,101124322102,满两年精装修价可聊看房方便,320万,57041元/平,低楼层 (共24层) 1室1厅 | 56.1平米 | 东,https://ke-image.ljcdn.com/110000-inspection/pc1_g4vKpS6uZ.jpg!m_fill,w_280,h_210,f_jpg?from=ke.com
20241016,朝阳,百子湾,101124310052,北京第二制药厂宿舍 南向一居室 户型方正,180万,45490元/平,底层 (共6层) | 1980年 | 1室1厅 | 39.57平米 | 南,https://ke-image.ljcdn.com/110000-inspection/pc1_6Sh4uLHjr.jpg!m_fill,w_280,h_210,f_jpg?from=ke.com
20241016,朝阳,百子湾,101124307923,美利山 东向 精装 一居室出售 产权清晰 满五年,380万,56280元/平,高楼层 (共24层) | 2011年 | 1室1厅 | 67.52平米 | 东,https://ke-image.ljcdn.com/110000-inspection/bc0a32c3-0248-4753-9030-ab7670127404_1000.jpg!m_fill,w_280,h_210,f_jpg?from=ke.com
20241016,朝阳,百子湾,101124256994,金泰先锋南区 2室1厅 东北,580万,69130元/平,顶层 (共18层) | 2008年 | 2室1厅 | 83.9平米 | 东北,https://ke-image.ljcdn.com/110000-inspection/pc1_yNJWpwX2G.jpg!m_fill,w_280,h_210,f_jpg?from=ke.com
20241016,朝阳,百子湾,101124163291,沿海赛洛城 满五唯一 中间楼层 户型方正房主自荐,330万,63038元/平,中楼层 (共24层) | 2007年 | 1室1厅 | 52.35平米 | 西,https://ke-image.ljcdn.com/110000-inspection/96848d9d-a4da-490b-b39f-aa950a7daee0_1000.jpg!m_fill,w_280,h_210,f_jpg?from=ke.com
20241016,朝阳,百子湾,101124158162,金海国际南区 方正大一居 满五唯一 安静看花园,458万,57734元/平,中楼层 (共23层) | 2005年 | 1室1厅 | 79.33平米 | 东,https://ke-image.ljcdn.com/110000-inspection/pc1_yw8Mvn61n.jpg!m_fill,w_280,h_210,f_jpg?from=ke.com
20241016,朝阳,百子湾,101124146606,沿海赛洛城一期 2室1厅 南 北,608万,51309元/平,中楼层 (共19层) | 2007年 | 2室1厅 | 118.5平米 | 南 北,https://ke-image.ljcdn.com/110000-inspection/9f0c1e76-6913-413f-bb60-7c73a5ae3a86_1000.jpg!m_fill,w_280,h_210,f_jpg?from=ke.com
20241016,朝阳,百子湾,101124108617,美利山 东四环近地铁大一居可作为两居室,400万,48817元/平,高楼层 (共24层) | 2011年 | 2室1厅 | 81.94平米 | 东,https://ke-image.ljcdn.com/110000-inspection/351eae19-e6c5-4bb3-a5a8-2c7970e33b33_1000.jpg!m_fill,w_280,h_210,f_jpg?from=ke.com
20241016,朝阳,百子湾,101124080829,沿海赛洛城五期 满五唯一 南北通透两居室,650万,61770元/平,中楼层 (共6层) | 2008年 | 2室2厅 | 105.23平米 | 南 北,https://ke-image.ljcdn.com/110000-inspection/f0e1dff5-05ac-4baf-b1e6-c113e70a9932_1000.jpg!m_fill,w_280,h_210,f_jpg?from=ke.com
20241016,朝阳,百子湾,101124076175,水磨厂宿舍  南向采光好 价格低房主自荐,178万,42061元/平,中楼层 (共6层) 1室1厅 | 42.32平米 | 南,https://ke-image.ljcdn.com/110000-inspection/pc1_l1cPc1WDX.jpg!m_fill,w_280,h_210,f_jpg?from=ke.com
20241016,朝阳,百子湾,101124033983,金泰先锋北区 西南两居 看房方便 视野开阔无遮挡房主自荐,709万,79236元/平,中楼层 (共15层) | 2008年 | 2室1厅 | 89.48平米 | 西 南,https://ke-image.ljcdn.com/110000-inspection/pc1_KahM2isCc.jpg!m_fill,w_280,h_210,f_jpg?from=ke.com
20241016,朝阳,百子湾,101124028931,百子湾 满五唯一 无遮挡 看花园 采光好 户型好,479万,47417元/平,低楼层 (共18层) | 2006年 | 2室2厅 | 101.02平米 | 南,https://ke-image.ljcdn.com/110000-inspection/a151852f-f869-47e5-bd84-7e7d404b0ea6_1000.jpg!m_fill,w_280,h_210,f_jpg?from=ke.com
20241016,朝阳,百子湾,101124026363,沿海赛洛城五期满五唯一东西通透采光充足配套齐全,320万,48222元/平,低楼层 (共25层) 1室1厅 | 66.36平米 | 东 西,https://ke-image.ljcdn.com/110000-inspection/70ad7a09-1685-4310-9e38-087e12a6b0f6_1000.jpg!m_fill,w_280,h_210,f_jpg?from=ke.com
20241016,朝阳,百子湾,101124024258,美利山 1室1厅 东,360万,60699元/平,低楼层 (共24层) | 2011年 | 1室1厅 | 59.31平米 | 东,https://ke-image.ljcdn.com/110000-inspection/210caa01-b267-46df-878c-8cadb53b5238_1000.jpg!m_fill,w_280,h_210,f_jpg?from=ke.com
20241016,朝阳,百子湾,101124005822,中高楼层 眼镜户型 视野好 诚意出售,508万,47305元/平,高楼层 (共18层) | 2007年 | 2室2厅 | 107.39平米 | 西北,https://ke-image.ljcdn.com/110000-inspection/b90f8609-d8f9-48f3-9266-14827a6b4648_1000.jpg!m_fill,w_280,h_210,f_jpg?from=ke.com
20241016,朝阳,百子湾,101123974699,沿海五期正规一居满五唯一精装修首付少,300万,53967元/平,高楼层 (共25层) 1室1厅 | 55.59平米 | 东,https://ke-image.ljcdn.com/110000-inspection/6a00cf11-085b-43b7-bb18-1fe267f09558_1000.jpg!m_fill,w_280,h_210,f_jpg?from=ke.com
20241016,朝阳,百子湾,101123966197,高层南北两居 不临街  前后观花园 满五唯一,690万,58076元/平,高楼层 (共18层) | 2007年 | 2室2厅 | 118.81平米 | 南 北,https://ke-image.ljcdn.com/110000-inspection/d7944738-dca4-4aa1-917f-4bcd9b380610_1000.jpg!m_fill,w_280,h_210,f_jpg?from=ke.com
20241016,朝阳,百子湾,101123947419,满两年、原.值392万、板楼高层全明格局独立阳台,439万,63605元/平,高楼层 (共10层) | 2009年 | 1室1厅 | 69.02平米 | 西 北,https://ke-image.ljcdn.com/110000-inspection/pc1_WET4Hbimf.jpg!m_fill,w_280,h_210,f_jpg?from=ke.com
20241016,朝阳,百子湾,101123932536,装修保养得很好 高层 视野好 满五唯一,460万,50423元/平,顶层 (共24层) | 2011年 | 1室2厅 | 91.23平米 | 东,https://ke-image.ljcdn.com/110000-inspection/a5698d24-0fa6-40f2-9ae4-c9911aa05878_1000.jpg!m_fill,w_280,h_210,f_jpg?from=ke.com
20241016,朝阳,百子湾,101123930556,满五年 官悦欣园A区南向一居室,269万,45625元/平,低楼层 (共22层) 1室1厅 | 58.96平米 | 南,https://ke-image.ljcdn.com/110000-inspection/pc1_9UIUSLZSE.jpg!m_fill,w_280,h_210,f_jpg?from=ke.com
20241016,朝阳,百子湾,101123927893,沿海赛洛城一期 西北大两居 带阳台,550万,51216元/平,低楼层 (共18层) | 2007年 | 2室1厅 | 107.39平米 | 西北,https://ke-image.ljcdn.com/110000-inspection/pc1_FG8Nn6OmA_1.jpg!m_fill,w_280,h_210,f_jpg?from=ke.com
20241016,朝阳,百子湾,101123919927,沿海赛洛城、商品房满五年唯一、东南向精装两居室,485万,57801元/平,中楼层 (共25层) 2室1厅 | 83.91平米 | 东南,https://ke-image.ljcdn.com/110000-inspection/5a2a9703-5882-4d50-98b2-bf432f22f41b_1000.jpg!m_fill,w_280,h_210,f_jpg?from=ke.com
20241016,朝阳,百子湾,101123852921,沿海赛洛城二期南北三居室户型方正,888万,78990元/平,中楼层 (共4层) 3室1厅 | 112.42平米 | 南 北,https://ke-image.ljcdn.com/110000-inspection/91a54f91-ed53-4174-9ac8-d4b4fab25e4d_1000.jpg!m_fill,w_280,h_210,f_jpg?from=ke.com
20241016,朝阳,百子湾,101123810597,石门村路5号院 2室1厅 南 北,350万,43707元/平,顶层 (共5层) 2室1厅 | 80.08平米 | 南 北,https://ke-image.ljcdn.com/110000-inspection/pc1_DuDkAbw94_2.jpg!m_fill,w_280,h_210,f_jpg?from=ke.com
20241016,朝阳,百子湾,101123808812,南向 无遮挡 户型方正 诚意出售,380万,50708元/平,低楼层 (共24层) | 2011年 | 2室1厅 | 74.94平米 | 南,https://ke-image.ljcdn.com/110000-inspection/00cd933a-8823-469e-9c27-23ad83e8f576_1000.jpg!m_fill,w_280,h_210,f_jpg?from=ke.com
20241016,朝阳,百子湾,101123804649,沿海赛洛城精装两居室满五唯一,538万,61353元/平,低楼层 (共6层) 2室1厅 | 87.69平米 | 西 东,https://ke-image.ljcdn.com/110000-inspection/cc7657c6-9e4d-41ec-bd56-12261ac43b70_1000.jpg!m_fill,w_280,h_210,f_jpg?from=ke.com
20241016,朝阳,百子湾,101123745002,沿海赛洛城  全明格局两居  诚意出售房主自荐,498万,62305元/平,低楼层 (共7层) 2室1厅 | 79.93平米 | 南 西 北,https://ke-image.ljcdn.com/110000-inspection/pc1_ZLLBglA7B.jpg!m_fill,w_280,h_210,f_jpg?from=ke.com
20241016,朝阳,百子湾,101123740145,高楼层 采光视野好  满五唯一 诚意卖,405万,44282元/平,高楼层 (共25层) 2室2厅 | 91.46平米 | 东南 北,https://ke-image.ljcdn.com/110000-inspection/8e5d3e57-3e90-476f-8490-5a20c46a5d59_1000.jpg!m_fill,w_280,h_210,f_jpg?from=ke.com
20241016,朝阳,百子湾,101123736301,南北通透全明两居落地窗采光足无遮挡视野佳房主自荐,519万,54386元/平,低楼层 (共18层) | 2006年 | 2室2厅 | 95.43平米 | 南 北,https://ke-image.ljcdn.com/110000-inspection/9c23892b-c6a7-4380-8f63-db2c4c9d49b2_1000.jpg!m_fill,w_280,h_210,f_jpg?from=ke.com
20241016,朝阳,百子湾,101123709127,百子湾木材厂满五年唯一南北通透格局方正好楼层,225万,45100元/平,低楼层 (共6层) 1室1厅 | 49.89平米 | 南 北,https://ke-image.ljcdn.com/110000-inspection/2ea3a968-16f1-46dd-81e8-89b20c87840c_1000.jpg!m_fill,w_280,h_210,f_jpg?from=ke.com
20241016,朝阳,百子湾,101123708752,金海国际南区满五唯一三居室业主诚意价格可谈,718万,50475元/平,中楼层 (共23层) | 2005年 | 3室1厅 | 142.25平米 | 东南 北,https://ke-image.ljcdn.com/110000-inspection/1f5c8401-41b0-40c5-ae1c-b1950f73b319_1000.jpg!m_fill,w_280,h_210,f_jpg?from=ke.com
20241016,朝阳,百子湾,101123669621,：满五唯一客厅朝南 双卧室朝南带储物间装修保养好,460万,45572元/平,底层 (共22层) | 2006年 | 2室1厅 | 100.94平米 | 南,https://ke-image.ljcdn.com/110000-inspection/c975b4ed-891a-48c5-9c5e-7e0532497ca1_1000.jpg!m_fill,w_280,h_210,f_jpg?from=ke.com
20241016,朝阳,百子湾,101123645984,满五唯一东西通透高楼层转角阳台诚意卖,519万,59745元/平,高楼层 (共18层) 2室1厅 | 86.87平米 | 东 西 北,https://ke-image.ljcdn.com/110000-inspection/pc1_oe8pWgQcT_1.jpg!m_fill,w_280,h_210,f_jpg?from=ke.com
20241016,朝阳,百子湾,101123641132,东四环 交通方便 满五唯一 南向两居 拎包入住,410万,61213元/平,低楼层 (共18层) | 2016年 | 2室1厅 | 66.98平米 | 南,https://ke-image.ljcdn.com/110000-inspection/c50b32a8-a682-4da1-adde-f5bc47c74bb4_1000.jpg!m_fill,w_280,h_210,f_jpg?from=ke.com
20241016,朝阳,百子湾,101123639649,沿海赛洛城七期 1室1厅 南,272万,50241元/平,低楼层 (共22层) 1室1厅 | 54.14平米 | 南,https://ke-image.ljcdn.com/110000-inspection/7b342979-6173-47f7-b83b-dce4779a27a7_1000.jpg!m_fill,w_280,h_210,f_jpg?from=ke.com
20241016,朝阳,百子湾,101123599743,百子湾家园二区 两居两卫 商品房 落地大窗 无遮挡,509万,45856元/平,低楼层 (共16层) 2室1厅 | 111平米 | 南 西 北,https://ke-image.ljcdn.com/110000-inspection/a3560015-9a32-4849-b2f3-ccf8e9e62a25_1000.jpg!m_fill,w_280,h_210,f_jpg?from=ke.com
20241016,朝阳,百子湾,101123591508,南北通透大三居双卫大厨房满五年唯一商品房,628万,45590元/平,低楼层 (共24层) | 2006年 | 3室1厅 | 137.75平米 | 南 北,https://ke-image.ljcdn.com/110000-inspection/pc1_4DbJUNwVo.jpg!m_fill,w_280,h_210,f_jpg?from=ke.com
20241016,朝阳,百子湾,101123587451,金都杭城东区  南北通透两居室   有钥匙  诚意出售,778万,73969元/平,低楼层 (共26层) | 2009年 | 2室2厅 | 105.18平米 | 南 北,https://ke-image.ljcdn.com/110000-inspection/pc1_h0gOxwdDT.jpg!m_fill,w_280,h_210,f_jpg?from=ke.com
20241016,朝阳,百子湾,101123551436,沿海全明两居室 高层观景 不临街 正观小区花园,440万,58982元/平,中楼层 (共24层) 2室1厅 | 74.6平米 | 东 西 北,https://ke-image.ljcdn.com/110000-inspection/a2c1bb4e-00bd-4ee4-a2ed-3f0903d6fb98_1000.jpg!m_fill,w_280,h_210,f_jpg?from=ke.com
20241016,朝阳,百子湾,101123510079,满五唯一东西通透21年精装修中楼层,338万,56026元/平,低楼层 (共24层) 1室1厅 | 60.33平米 | 东 西,https://ke-image.ljcdn.com/110000-inspection/aa95f95d-8640-426c-b3a5-1de6b466d5be_1000.jpg!m_fill,w_280,h_210,f_jpg?from=ke.com
20241016,朝阳,百子湾,101123506274,美利山 满五唯一 南向大一居 视野开阔,380万,50728元/平,中楼层 (共24层) | 2011年 | 1室1厅 | 74.91平米 | 南,https://ke-image.ljcdn.com/110000-inspection/bda99b30-69e4-4028-8433-f06c78ea1141_1000.jpg!m_fill,w_280,h_210,f_jpg?from=ke.com
20241016,朝阳,百子湾,101123491626,满五年唯一户型规整一居室安静舒适。,310万,64316元/平,低楼层 (共24层) 1室1厅 | 48.2平米 | 西,https://ke-image.ljcdn.com/110000-inspection/35792ec7-3947-4859-be9c-87040bf13aad_1000.jpg!m_fill,w_280,h_210,f_jpg?from=ke.com
20241016,朝阳,百子湾,101123491251,观音惠园商品房商品房无遮挡居住的选择,390万,43257元/平,底层 (共6层) | 2008年 | 2室1厅 | 90.16平米 | 南 北,https://ke-image.ljcdn.com/110000-inspection/60c9c860-e91c-4286-afb3-d7fbbaf5ec5a_1000.jpg!m_fill,w_280,h_210,f_jpg?from=ke.com
20241016,朝阳,百子湾,101123485408,满五唯一一梯两户东西通透中楼层诚意卖房主自荐,535万,62919元/平,中楼层 (共8层) 2室1厅 | 85.03平米 | 东 西,https://ke-image.ljcdn.com/110000-inspection/77ade54a-f95d-4370-88c4-6a15b6270b2f_1000.jpg!m_fill,w_280,h_210,f_jpg?from=ke.com
20241016,朝阳,百子湾,101123480741,国贸附近 江南风情小区 满五唯一 诚心出售 随时看,1070万,70548元/平,中楼层 (共17层) | 2009年 | 3室2厅 | 151.67平米 | 南 北,https://ke-image.ljcdn.com/110000-inspection/pc1_fHAxlVs8d.jpg!m_fill,w_280,h_210,f_jpg?from=ke.com
20241016,朝阳,百子湾,101123478250,南向一居室万科物业管理 采光视野好 正观小区花园,316万,58368元/平,低楼层 (共22层) 1室1厅 | 54.14平米 | 南,https://ke-image.ljcdn.com/110000-inspection/2e4e42a7-6dd9-4686-9ae2-ba6cd4941c91_1000.jpg!m_fill,w_280,h_210,f_jpg?from=ke.com
20241016,朝阳,百子湾,101123474317,金都杭城西区 南向两居室 业主诚意出售,720万,73015元/平,中楼层 (共17层) | 2006年 | 2室1厅 | 98.61平米 | 南,https://ke-image.ljcdn.com/110000-inspection/b10938f7-ec91-42fd-bf86-80678c76e61f_1000.jpg!m_fill,w_280,h_210,f_jpg?from=ke.com
20241016,朝阳,百子湾,101123439457,对花园 正规一居 满五年唯一 诚售,458万,59113元/平,低楼层 (共11层) 1室1厅 | 77.48平米 | 西南,https://ke-image.ljcdn.com/110000-inspection/8d13fff1-ecf5-4237-a7dd-790c4c642e86_1000.jpg!m_fill,w_280,h_210,f_jpg?from=ke.com
20241016,朝阳,百子湾,101123418213,满五唯一南北通透前后看花园落地窗高层,887万,61666元/平,中楼层 (共24层) 3室1厅 | 143.84平米 | 南 北,https://ke-image.ljcdn.com/110000-inspection/pc1_Rq39JEPvX_1.jpg!m_fill,w_280,h_210,f_jpg?from=ke.com
20241016,朝阳,百子湾,101123355509,观音景园二期 南北通透两居室 满五唯一,420万,43846元/平,高楼层 (共6层) | 2003年 | 2室1厅 | 95.79平米 | 南 北,https://ke-image.ljcdn.com/110000-inspection/ae63e493-c34f-45e8-bb01-cb2e38cf2c73_1000.jpg!m_fill,w_280,h_210,f_jpg?from=ke.com
20241016,朝阳,百子湾,101123355165,《沿海示范区三期》满五唯一 板楼小户型  明厨明卫,280万,52692元/平,中楼层 (共8层) 1室1厅 | 53.14平米 | 东,https://ke-image.ljcdn.com/110000-inspection/143af240-8b47-443c-a468-8f4e8b12ee2d_1000.jpg!m_fill,w_280,h_210,f_jpg?from=ke.com
20241016,朝阳,百子湾,101123327785,百子湾家园一区南向两居室新装三年落地窗采光足,500万,49427元/平,低楼层 (共24层) | 2006年 | 2室1厅 | 101.16平米 | 南,https://ke-image.ljcdn.com/110000-inspection/e06a3995-efb0-41df-8297-f53190ea5b67_1000.jpg!m_fill,w_280,h_210,f_jpg?from=ke.com
20241016,朝阳,百子湾,101123277952,中间层 明厨明卫 把边户型 南北通透 户型方正,510万,37062元/平,中楼层 (共6层) 3室2厅 | 137.61平米 | 南 北,https://ke-image.ljcdn.com/110000-inspection/6911df6f-efc6-44d7-a589-bb152082f089_1000.jpg!m_fill,w_280,h_210,f_jpg?from=ke.com
20241016,朝阳,百子湾,101123236882,金都杭城西区 南北大两居室 业主诚意出售,830万,67800元/平,高楼层 (共19层) | 2006年 | 2室2厅 | 122.42平米 | 南 北,https://ke-image.ljcdn.com/110000-inspection/0aa54873-f49c-4bdd-a17b-c8731e5e8862_1000.jpg!m_fill,w_280,h_210,f_jpg?from=ke.com
20241016,朝阳,百子湾,101123199747,沿海赛洛城  东向一居  满五唯一 业主诚意出售房主自荐,255万,45181元/平,低楼层 (共25层) 1室1厅 | 56.44平米 | 东,https://ke-image.ljcdn.com/110000-inspection/3e898ce1-5e13-4baf-9d61-b326bea86887_1000.jpg!m_fill,w_280,h_210,f_jpg?from=ke.com
20241016,朝阳,百子湾,101123175642,沿海赛洛城七期 2室1厅 东 西房主自荐,478万,55543元/平,中楼层 (共5层) 2室1厅 | 86.06平米 | 东 西,https://ke-image.ljcdn.com/110000-inspection/pc1_06patA02x.jpg!m_fill,w_280,h_210,f_jpg?from=ke.com
20241016,朝阳,百子湾,101123142433,观音景园二期满五唯一商品房只有契税新装修,445万,47927元/平,高楼层 (共6层) | 2005年 | 2室1厅 | 92.85平米 | 南 北,https://ke-image.ljcdn.com/110000-inspection/32eddfe1-8740-4f0f-acb7-75fc8dffcd4e_1000.jpg!m_fill,w_280,h_210,f_jpg?from=ke.com
20241016,朝阳,百子湾,101123077309,观音惠园 南北通透三居室 商品房 家庭名下唯一住宅,529万,37175元/平,顶层 (共6层) 3室1厅 | 142.3平米 | 南 北,https://ke-image.ljcdn.com/110000-inspection/5d4e5053-9f95-4eae-b101-9ab9e049c560_1000.jpg!m_fill,w_280,h_210,f_jpg?from=ke.com
20241016,朝阳,百子湾,101123075772,金海国际南区 满五唯一 南北通透 两梯两户 高层视野好,1020万,62789元/平,高楼层 (共18层) 3室2厅 | 162.45平米 | 南 北,https://ke-image.ljcdn.com/110000-inspection/pc1_Hd5eg0mVo.jpg!m_fill,w_280,h_210,f_jpg?from=ke.com
20241016,朝阳,百子湾,101123072841,百子湾沿海赛洛城  户型方正中间楼层保养好带阳台,269万,48839元/平,中楼层 (共24层) | 2009年 | 1室1厅 | 55.08平米 | 东,https://ke-image.ljcdn.com/110000-inspection/fe685350-4ab3-4752-922e-fe5e57920834_1000.jpg!m_fill,w_280,h_210,f_jpg?from=ke.com
20241016,朝阳,百子湾,101123065873,沿海赛洛城七期 西向一居室 满五唯一 诚心出售,235万,40700元/平,顶层 (共8层) | 2009年 | 1室1厅 | 57.74平米 | 西,https://ke-image.ljcdn.com/110000-inspection/2ccbb23e-000e-4832-b962-81bb1f38bc6e_1000.jpg!m_fill,w_280,h_210,f_jpg?from=ke.com
20241016,朝阳,百子湾,101123064651,百子湾家园 正规精装一居室 满五年家庭名下唯一住房房主自荐,280万,44815元/平,低楼层 (共20层) 1室1厅 | 62.48平米 | 东 北,https://ke-image.ljcdn.com/110000-inspection/7b52e72c-856d-4f86-b242-a0124d5a9cf6_1000.jpg!m_fill,w_280,h_210,f_jpg?from=ke.com
20241016,朝阳,百子湾,101123049359,观音惠园双南向卧室南向客厅满五唯一商品房,629万,44116元/平,低楼层 (共6层) 3室1厅 | 142.58平米 | 南 北,https://ke-image.ljcdn.com/110000-inspection/2d53eace-dfee-46ae-b0d1-4fc132b10912_1000.jpg!m_fill,w_280,h_210,f_jpg?from=ke.com
20241016,朝阳,百子湾,101123030696,沿海赛洛城五期 边户 明厨明卫 采光好 无遮挡房主自荐,430万,47016元/平,低楼层 (共25层) 2室1厅 | 91.46平米 | 东 西北,https://ke-image.ljcdn.com/110000-inspection/pc1_hEZ1OYGbt.jpg!m_fill,w_280,h_210,f_jpg?from=ke.com
20241016,朝阳,百子湾,101122957389,南北通透精装两居 全新装修 拎包入住,435万,45526元/平,低楼层 (共6层) | 2003年 | 2室1厅 | 95.55平米 | 南 北,https://ke-image.ljcdn.com/110000-inspection/023d7bcf-769f-4b32-8c21-6259025fb6a2_1000.jpg!m_fill,w_280,h_210,f_jpg?from=ke.com
20241016,朝阳,百子湾,101122906452,观音景园二期 2室1厅 南 北,435万,45450元/平,中楼层 (共6层) 2室1厅 | 95.71平米 | 南 北,https://ke-image.ljcdn.com/110000-inspection/25d81e4f-8a02-4dd7-82fa-4b0b3cfcf4b2_1000.jpg!m_fill,w_280,h_210,f_jpg?from=ke.com
20241016,朝阳,百子湾,101122871651,沿海赛洛城七期精装修西向一居室,295万,57550元/平,中楼层 (共24层) | 2009年 | 1室1厅 | 51.26平米 | 西,https://ke-image.ljcdn.com/110000-inspection/215782f2-f7b7-4d71-8d0e-82a746c44f10_1000.jpg!m_fill,w_280,h_210,f_jpg?from=ke.com
20241016,朝阳,百子湾,101122822498,建工动力苑南北通透小两居室可以随时交易,560万,63840元/平,低楼层 (共18层) | 2016年 | 2室1厅 | 87.72平米 | 南 北,https://ke-image.ljcdn.com/110000-inspection/4942a463-b486-4cf8-b821-3405219666fb_1000.jpg!m_fill,w_280,h_210,f_jpg?from=ke.com
20241016,朝阳,百子湾,101122735176,金泰先锋北区 南北双线通透 明卫 边户行,690万,74250元/平,低楼层 (共10层) | 2008年 | 2室2厅 | 92.93平米 | 南 北,https://ke-image.ljcdn.com/110000-inspection/58197085-63bb-47c8-878e-f266d8fd862e_1000.jpg!m_fill,w_280,h_210,f_jpg?from=ke.com
20241016,朝阳,百子湾,101122721066,沿海赛洛城七期 东向一居室 无遮挡 大阳台,350万,59636元/平,中楼层 (共24层) | 2009年 | 1室1厅 | 58.69平米 | 东,https://ke-image.ljcdn.com/110000-inspection/c918e9ff-6c7f-4aa9-a36e-798c41645e91_1000.jpg!m_fill,w_280,h_210,f_jpg?from=ke.com
20241016,朝阳,百子湾,101122697350,沿海赛洛城二期 1室0厅 南,299万,53904元/平,低楼层 (共19层) | 2007年 | 1室0厅 | 55.47平米 | 南,https://ke-image.ljcdn.com/110000-inspection/pc1_O6yonalM7.jpg!m_fill,w_280,h_210,f_jpg?from=ke.com
20241016,朝阳,百子湾,101122694447,满五唯一、朝东向户型方正精装修楼层好采光充足,399万,57074元/平,高楼层 (共24层) | 2011年 | 1室1厅 | 69.91平米 | 东,https://ke-image.ljcdn.com/110000-inspection/pc1_TBNQZjTCf.jpg!m_fill,w_280,h_210,f_jpg?from=ke.com
20241016,朝阳,百子湾,101122691221,满五唯一南北通透楼层好采光充足 板楼,360万,55131元/平,中楼层 (共11层) | 2008年 | 1室1厅 | 65.3平米 | 南 北,https://ke-image.ljcdn.com/110000-inspection/6f0d9478-82b7-4b8d-9919-ee645a053580_1000.jpg!m_fill,w_280,h_210,f_jpg?from=ke.com
20241016,朝阳,百子湾,101122675026,精装修一梯两户东西通透中高层诚意卖,580万,68510元/平,中楼层 (共8层) 2室1厅 | 84.66平米 | 东 西,https://ke-image.ljcdn.com/110000-inspection/70e1ccc7-a29c-4209-8c91-1bcce7e750d6_1000.jpg!m_fill,w_280,h_210,f_jpg?from=ke.com
20241016,朝阳,百子湾,101122661039,金海国际北区 东北两居室 双阳台 满五年唯一 诚意出售,750万,57538元/平,中楼层 (共12层) 2室2厅 | 130.35平米 | 东 北,https://ke-image.ljcdn.com/110000-inspection/e8c90987-f844-48ae-aefb-81c761176441_1000.jpg!m_fill,w_280,h_210,f_jpg?from=ke.com
20241016,朝阳,百子湾,101122647478,美利山西向中间楼层无遮挡采光好,389万,50422元/平,中楼层 (共24层) | 2011年 | 2室1厅 | 77.15平米 | 西,https://ke-image.ljcdn.com/110000-inspection/8bd80070-1ff5-4236-a9e3-dc5259a598ca_1000.jpg!m_fill,w_280,h_210,f_jpg?from=ke.com
20241016,朝阳,百子湾,101122646790,百子湾南向大一居中间楼层无遮挡采光好,420万,59155元/平,中楼层 (共19层) | 2007年 | 1室1厅 | 71平米 | 南,https://ke-image.ljcdn.com/110000-inspection/e4238740-e3d2-4c26-9e13-e2576dc7270c_1000.jpg!m_fill,w_280,h_210,f_jpg?from=ke.com
20241016,朝阳,百子湾,101122605504,百子湾家园一区低楼层两居室诚意出售,509万,46362元/平,低楼层 (共15层) | 2006年 | 2室1厅 | 109.79平米 | 南 北,https://ke-image.ljcdn.com/110000-inspection/9585fa21-84dd-4949-9c47-dd350467515e_1000.jpg!m_fill,w_280,h_210,f_jpg?from=ke.com
20241016,朝阳,百子湾,101122596983,示范区三期 前后花园 1梯2户板楼 满五唯一,575万,62196元/平,低楼层 (共11层) 2室1厅 | 92.45平米 | 南 北,https://ke-image.ljcdn.com/110000-inspection/768b8914-55ea-4905-bf73-649b396226b3_1000.jpg!m_fill,w_280,h_210,f_jpg?from=ke.com
20241016,朝阳,百子湾,101122581771,金海国际南区 满五唯一 诚意出售,930万,57468元/平,低楼层 (共18层) 3室2厅 | 161.83平米 | 南 北,https://ke-image.ljcdn.com/110000-inspection/pc1_Whc7hJdbK.jpg!m_fill,w_280,h_210,f_jpg?from=ke.com
20241016,朝阳,百子湾,101122505198,石门村路2号院 国贸附近 业主诚意出售,310万,38263元/平,顶层 (共5层) 2室1厅 | 81.02平米 | 东,https://ke-image.ljcdn.com/110000-inspection/afbecdc9-976e-42fb-a190-7284d2780ea2_1000.jpg!m_fill,w_280,h_210,f_jpg?from=ke.com
20241016,朝阳,百子湾,101122496350,满五年唯一户型规整格局合理居住舒适诚意出售房主自荐,490万,49833元/平,低楼层 (共24层) | 2011年 | 3室1厅 | 98.33平米 | 东北,https://ke-image.ljcdn.com/110000-inspection/pc1_ciLQjMZdm.jpg!m_fill,w_280,h_210,f_jpg?from=ke.com
20241016,朝阳,百子湾,101122494715,东四环 国贸附近 建工动力苑 满五唯一大两居 诚心出售,530万,59996元/平,底层 (共18层) | 2016年 | 2室1厅 | 88.34平米 | 南 北,https://ke-image.ljcdn.com/110000-inspection/pc1_W145fU3VQ_1.jpg!m_fill,w_280,h_210,f_jpg?from=ke.com
20241016,朝阳,百子湾,101122447223,沿海赛洛城三期 南北通透 精装修采光好 两居室,630万,64070元/平,中楼层 (共8层) | 2007年 | 2室1厅 | 98.33平米 | 南 北,https://ke-image.ljcdn.com/110000-inspection/f400c23f-99df-49f5-95c9-a96caef554db_1000.jpg!m_fill,w_280,h_210,f_jpg?from=ke.com
20241016,朝阳,百子湾,101122401720,沿海赛洛城三期 采光好 满五唯一 正对小区花园房主自荐,595万,61461元/平,中楼层 (共8层) 2室1厅 | 96.81平米 | 南 北,https://ke-image.ljcdn.com/110000-inspection/dd940218-1796-4e85-b27a-85dbec2ad9e7_1000.jpg!m_fill,w_280,h_210,f_jpg?from=ke.com
20241016,朝阳,百子湾,101122336332,满五唯一商品房 二次装修 可看国贸 中间层视野好,295万,47367元/平,中楼层 (共24层) | 2006年 | 1室1厅 | 62.28平米 | 北,https://ke-image.ljcdn.com/110000-inspection/afb05955-d4a0-462c-ad52-e16964328a59_1000.jpg!m_fill,w_280,h_210,f_jpg?from=ke.com
20241016,朝阳,百子湾,101122334945,百子湾东里沿海赛洛城 户型方正 观小区花园 诚意出售,530万,54707元/平,顶层 (共15层) | 2007年 | 2室1厅 | 96.88平米 | 西南,https://ke-image.ljcdn.com/110000-inspection/pc1_6qmp0zLFK_1.jpg!m_fill,w_280,h_210,f_jpg?from=ke.com
20241016,朝阳,百子湾,101122300295,沿海赛洛城  东西两居  满五唯一 诚意出售房主自荐,490万,58550元/平,中楼层 (共6层) 2室1厅 | 83.69平米 | 东 西,https://ke-image.ljcdn.com/110000-inspection/7a36d26c-6256-4bf9-8b12-0be0ef5dd4aa_1000.jpg!m_fill,w_280,h_210,f_jpg?from=ke.com
20241016,朝阳,百子湾,101122268549,满五唯一商品房 南排安静不临街 看小区花园 价格能谈,309万,49695元/平,低楼层 (共22层) | 2006年 | 1室1厅 | 62.18平米 | 北,https://ke-image.ljcdn.com/110000-inspection/14964306-eee9-49f9-a687-bf33962dda4c_1000.jpg!m_fill,w_280,h_210,f_jpg?from=ke.com
20241016,朝阳,百子湾,101122254766,沿海赛洛城五期 2室1厅 东 北房主自荐,498万,54451元/平,低楼层 (共25层) 2室1厅 | 91.46平米 | 东 北,https://ke-image.ljcdn.com/110000-inspection/3e64ab68-76a3-4267-a70e-4af242fa77e5_1000.jpg!m_fill,w_280,h_210,f_jpg?from=ke.com
20241016,朝阳,百子湾,101122179350,金泰先锋 百子湾 南向 采光好,360万,53200元/平,中楼层 (共18层) | 2008年 | 1室0厅 | 67.67平米 | 东,https://ke-image.ljcdn.com/110000-inspection/5b3f1e5b-f8c9-4e15-b575-607039b92862_1000.jpg!m_fill,w_280,h_210,f_jpg?from=ke.com
20241016,朝阳,百子湾,101122110977,金海国际南区东向一居室中高楼层房主自荐,465万,69321元/平,中楼层 (共23层) | 2005年 | 1室1厅 | 67.08平米 | 东,https://ke-image.ljcdn.com/110000-inspection/06cf5094-a1ee-4136-a27b-2c2a02fb259f_1000.jpg!m_fill,w_280,h_210,f_jpg?from=ke.com
20241016,朝阳,百子湾,101122076576,南北通透 满五年唯一 双卫 没有抵押,650万,66667元/平,中楼层 (共8层) | 2007年 | 2室2厅 | 97.5平米 | 南 北,https://ke-image.ljcdn.com/110000-inspection/3e60e403-eebf-49d0-961e-537942728beb_1000.jpg!m_fill,w_280,h_210,f_jpg?from=ke.com
20241016,朝阳,百子湾,101122051074,沿海赛洛城东向正规一居 二次精装 诚售,470万,56627元/平,低楼层 (共24层) | 2011年 | 1室1厅 | 83平米 | 东,https://ke-image.ljcdn.com/110000-inspection/db79c8c1-6180-41a9-bc0c-34ee1781fadc_1000.jpg!m_fill,w_280,h_210,f_jpg?from=ke.com
20241016,朝阳,百子湾,101122050066,金海国际北区  南北四居室 满五年  只有契税 诚意出售,1130万,57677元/平,低楼层 (共13层) | 2005年 | 4室2厅 | 195.92平米 | 南 北,https://ke-image.ljcdn.com/110000-inspection/pc1_7XljpGBpw_1.jpg!m_fill,w_280,h_210,f_jpg?from=ke.com
20241016,朝阳,百子湾,101122045729,东四环 建工动力苑 南向小两居出售,418万,62510元/平,低楼层 (共16层) | 2016年 | 2室1厅 | 66.87平米 | 南,https://ke-image.ljcdn.com/110000-inspection/472d52a1-bc68-4f2c-affd-d704568ec385_1000.jpg!m_fill,w_280,h_210,f_jpg?from=ke.com
20241016,朝阳,百子湾,101121907840,沿海赛洛城三期  精装修 南北通透两居  带车位,728万,74037元/平,中楼层 (共8层) 2室1厅 | 98.33平米 | 北 南,https://ke-image.ljcdn.com/110000-inspection/d8021cd4-c8d1-4a55-93fa-8dc10bc7baf9_1000.jpg!m_fill,w_280,h_210,f_jpg?from=ke.com
20241016,朝阳,百子湾,101121768821,观音惠园 满五唯一 南北通透格局 采光视野好,299万,33164元/平,高楼层 (共6层) 2室1厅 | 90.16平米 | 南 北,https://ke-image.ljcdn.com/110000-inspection/pc1_szieVoRbn_1.jpg!m_fill,w_280,h_210,f_jpg?from=ke.com
20241016,朝阳,百子湾,101121760400,南北通透两居室中间楼层位置好视野开阔采光好,440万,46030元/平,高楼层 (共6层) | 2003年 | 2室1厅 | 95.59平米 | 南 北,https://ke-image.ljcdn.com/110000-inspection/674f191c-7ad7-4c32-a272-690d2b5c03a5_1000.jpg!m_fill,w_280,h_210,f_jpg?from=ke.com
20241016,朝阳,百子湾,101121750659,满五唯一只有契税户型方正装修好,326万,63598元/平,低楼层 (共24层) | 2009年 | 1室1厅 | 51.26平米 | 西,https://ke-image.ljcdn.com/110000-inspection/pc1_kl5RvTQ3Y_1.jpg!m_fill,w_280,h_210,f_jpg?from=ke.com
20241016,朝阳,百子湾,101121744310,此房满五年唯一采光好视野无遮挡交通配套齐全,300万,49612元/平,低楼层 (共24层) | 2009年 | 1室1厅 | 60.47平米 | 东,https://ke-image.ljcdn.com/110000-inspection/pc1_bQs0AVoKd_1.jpg!m_fill,w_280,h_210,f_jpg?from=ke.com
20241016,朝阳,百子湾,101121710407,沿海赛洛城三期东西通透户型方正满五年唯一,450万,61644元/平,中楼层 (共8层) 1室1厅 | 73平米 | 东 西,https://ke-image.ljcdn.com/110000-inspection/pc1_DZoXwsXm0_1.jpg!m_fill,w_280,h_210,f_jpg?from=ke.com
20241016,朝阳,百子湾,101121571463,建工动力南北通透两居室     诚意出售  看房方便,650万,74100元/平,中楼层 (共18层) 2室2厅 | 87.72平米 | 南 北,https://ke-image.ljcdn.com/110000-inspection/pc1_I5QC5pGyI_1.jpg!m_fill,w_280,h_210,f_jpg?from=ke.com
20241016,朝阳,百子湾,101121537411,百子湾家园三区中高层一居室商品房楼层视野佳,273万,42724元/平,中楼层 (共16层) | 2006年 | 1室1厅 | 63.9平米 | 北,https://ke-image.ljcdn.com/110000-inspection/65b23b29-b4ba-4c1c-b823-b13a189b50e1_1000.jpg!m_fill,w_280,h_210,f_jpg?from=ke.com
20241016,朝阳,百子湾,101121511475,金都杭城西区 2室1厅 南,720万,70964元/平,高楼层 (共20层) | 2006年 | 2室1厅 | 101.46平米 | 南,https://ke-image.ljcdn.com/110000-inspection/pc1_fY6nHm4Q4.jpg!m_fill,w_280,h_210,f_jpg?from=ke.com
20241016,朝阳,百子湾,101121494362,沿海赛洛城朝西一居室带阳台满五唯一房主自荐,240万,45846元/平,中楼层 (共24层) | 2007年 | 1室1厅 | 52.35平米 | 西,https://ke-image.ljcdn.com/110000-inspection/pc1_6Id2ft1oE_1.jpg!m_fill,w_280,h_210,f_jpg?from=ke.com
20241016,朝阳,百子湾,101121493932,金海国际南区 高楼层 看小区花园 满两年 诚意卖,700万,49210元/平,中楼层 (共23层) | 2005年 | 3室1厅 | 142.25平米 | 东南 北,https://ke-image.ljcdn.com/110000-inspection/pc1_knIrTXtwt_1.jpg!m_fill,w_280,h_210,f_jpg?from=ke.com
20241016,朝阳,百子湾,101121473188,水磨厂宿舍 南北通透两居  高层采光好,238万,42327元/平,顶层 (共6层) | 1982年 | 2室1厅 | 56.23平米 | 南 北,https://ke-image.ljcdn.com/110000-inspection/c866c6a8-fb20-4c9c-8fed-61de4dab5913_1000.jpg!m_fill,w_280,h_210,f_jpg?from=ke.com
20241016,朝阳,百子湾,101121463782,此房满五年唯一高层采光好视野无遮挡交通配套齐全,360万,62349元/平,中楼层 (共8层) | 2009年 | 1室1厅 | 57.74平米 | 西,https://ke-image.ljcdn.com/110000-inspection/pc1_GAsw52pRG_1.jpg!m_fill,w_280,h_210,f_jpg?from=ke.com
20241016,朝阳,百子湾,101121459123,观音景园二期 满五年 南北两居室出售,325万,42230元/平,高楼层 (共6层) | 2003年 | 2室1厅 | 76.96平米 | 南 北,https://ke-image.ljcdn.com/110000-inspection/pc1_qqjlX2sad_1.jpg!m_fill,w_280,h_210,f_jpg?from=ke.com
20241016,朝阳,百子湾,101121437823,精装修南北三居室2008年板楼社区,850万,66740元/平,低楼层 (共15层) | 2007年 | 3室1厅 | 127.36平米 | 南 北,https://ke-image.ljcdn.com/110000-inspection/pc1_aDAaM4Fhy_1.jpg!m_fill,w_280,h_210,f_jpg?from=ke.com
20241016,朝阳,百子湾,101121389231,美利山东南大两居室 落地窗 满五唯一 中高楼层采光好,589万,59864元/平,中楼层 (共24层) | 2011年 | 2室1厅 | 98.39平米 | 东南,https://ke-image.ljcdn.com/110000-inspection/pc1_mOqXUthQ6_1.jpg!m_fill,w_280,h_210,f_jpg?from=ke.com
20241016,朝阳,百子湾,101121374782,满五唯一商品房 户型方正 业主诚意出售,315万,55167元/平,低楼层 (共6层) 1室1厅 | 57.1平米 | 南,https://ke-image.ljcdn.com/110000-inspection/5a0891e0-8903-443e-b915-cd84727af90a_1000.jpg!m_fill,w_280,h_210,f_jpg?from=ke.com
20241016,朝阳,百子湾,101121369153,美利山两居室服务费费百一随时看房,430万,52033元/平,低楼层 (共24层) | 2011年 | 2室1厅 | 82.64平米 | 西北,https://ke-image.ljcdn.com/110000-inspection/f99cde36-109f-4798-8ff9-2c62035c46d9_1000.jpg!m_fill,w_280,h_210,f_jpg?from=ke.com
20241016,朝阳,百子湾,101121356774,建工动力苑 1室1厅 南,465万,69538元/平,中楼层 (共16层) | 2016年 | 1室1厅 | 66.87平米 | 南,https://ke-image.ljcdn.com/110000-inspection/pc1_GN9bfB0Af.jpg!m_fill,w_280,h_210,f_jpg?from=ke.com
20241016,朝阳,百子湾,101121288007,百子湾路小区高层小户型价格可以商量,185万,43715元/平,顶层 (共6层) 1室1厅 | 42.32平米 | 南,https://ke-image.ljcdn.com/110000-inspection/pc1_jMaQbInDp_1.jpg!m_fill,w_280,h_210,f_jpg?from=ke.com
20241016,朝阳,百子湾,101121275529,东西通透一居室满五年唯一无遮挡,360万,51717元/平,低楼层 (共25层) 1室1厅 | 69.61平米 | 东 西,https://ke-image.ljcdn.com/110000-inspection/pc1_mL9eiqYtF_1.jpg!m_fill,w_280,h_210,f_jpg?from=ke.com
20241016,朝阳,百子湾,101121254197,百子湾家园一区 满五唯一正规一居室 户型方正随时看房主自荐,249万,41431元/平,底层 (共15层) | 2006年 | 1室1厅 | 60.1平米 | 北,https://ke-image.ljcdn.com/110000-inspection/pc1_VaGYIuAJo_1.jpg!m_fill,w_280,h_210,f_jpg?from=ke.com
20241016,朝阳,百子湾,101121106765,美利山精装两居满五年唯一  随时看诚意卖房主自荐,370万,46332元/平,低楼层 (共24层) | 2011年 | 2室1厅 | 79.86平米 | 西北,https://ke-image.ljcdn.com/110000-inspection/pc1_YddtFJBTN_1.jpg!m_fill,w_280,h_210,f_jpg?from=ke.com
20241016,朝阳,百子湾,101121074726,百子湾家园、南北双通透、格局方正无浪费、两居诚售,525万,53170元/平,低楼层 (共24层) | 2006年 | 2室1厅 | 98.74平米 | 南 北,https://ke-image.ljcdn.com/110000-inspection/c473bbf8-4e3c-48d2-b251-eaf10ca92edf_1000.jpg!m_fill,w_280,h_210,f_jpg?from=ke.com
20241016,朝阳,百子湾,101121065962,此房满五年唯一高层采光好视野无遮挡交通配套齐全,310万,57259元/平,中楼层 (共22层) 1室1厅 | 54.14平米 | 南,https://ke-image.ljcdn.com/110000-inspection/pc1_dJZAVfiv3_1.jpg!m_fill,w_280,h_210,f_jpg?from=ke.com
20241016,朝阳,百子湾,101121045388,百子湾全南两居采光好满五唯一房主自荐,479万,46555元/平,低楼层 (共24层) | 2006年 | 2室2厅 | 102.89平米 | 南,https://ke-image.ljcdn.com/110000-inspection/2d01ebf1-c2d8-4809-986f-2f3595233688_1000.jpg!m_fill,w_280,h_210,f_jpg?from=ke.com
20241016,朝阳,百子湾,101121034867,金都西区 封闭社区 人车分流环境好 小区好交通好,690万,87564元/平,高楼层 (共20层) | 2006年 | 1室1厅 | 78.8平米 | 南,https://ke-image.ljcdn.com/110000-inspection/pc1_Q89ztuODK_1.jpg!m_fill,w_280,h_210,f_jpg?from=ke.com
20241016,朝阳,百子湾,101120975706,满五唯一户型方正格局合理带大阳台看房方便。,498万,53172元/平,低楼层 (共24层) | 2007年 | 2室1厅 | 93.66平米 | 东北,https://ke-image.ljcdn.com/110000-inspection/pc1_B1MM8hk1l_1.jpg!m_fill,w_280,h_210,f_jpg?from=ke.com
20241016,朝阳,百子湾,101120949824,百子湾家园  高层一居室  满五唯一  看花园,315万,49296元/平,高楼层 (共16层) | 2006年 | 1室1厅 | 63.9平米 | 北,https://ke-image.ljcdn.com/110000-inspection/pc1_LBFyumu9v_1.jpg!m_fill,w_280,h_210,f_jpg?from=ke.com
20241016,朝阳,百子湾,101120940942,沿海赛洛城五期 满五唯一 户型方正 精装修,299万,55722元/平,中楼层 (共25层) 1室1厅 | 53.66平米 | 东,https://ke-image.ljcdn.com/110000-inspection/ad4a2924-a939-4c31-9839-57225a92320a_1000.jpg!m_fill,w_280,h_210,f_jpg?from=ke.com
20241016,朝阳,百子湾,101120938166,观音惠园 1室1厅 南,300万,52540元/平,中楼层 (共6层) 1室1厅 | 57.1平米 | 南,https://ke-image.ljcdn.com/110000-inspection/pc1_5O5ADmas2_1.jpg!m_fill,w_280,h_210,f_jpg?from=ke.com
20241016,朝阳,百子湾,101120913318,南北通透商品房采光好一层正规三居室诚意出售。房主自荐,590万,44626元/平,底层 (共6层) 3室1厅 | 132.21平米 | 南 北,https://ke-image.ljcdn.com/110000-inspection/pc1_YGPLalV2y_1.jpg!m_fill,w_280,h_210,f_jpg?from=ke.com
20241016,朝阳,百子湾,101120907815,东四环沿海赛洛城西向一居室 满五唯一 业主诚意出售,328万,62477元/平,低楼层 (共24层) | 2007年 | 1室1厅 | 52.5平米 | 西,https://ke-image.ljcdn.com/110000-inspection/be3ffa9d-cbb8-4fc1-ae41-7de2fb67bd15_1000.jpg!m_fill,w_280,h_210,f_jpg?from=ke.com
20241016,朝阳,百子湾,101120892579,沿海赛洛城一期 西南两居 满五唯一,489万,60096元/平,低楼层 (共24层) | 2007年 | 2室1厅 | 81.37平米 | 西南,https://ke-image.ljcdn.com/110000-inspection/ffca1184-3ff6-44c0-8c50-80611300604d_1000.jpg!m_fill,w_280,h_210,f_jpg?from=ke.com
20241016,朝阳,百子湾,101120886666,沿海赛洛城二期  南北通透两居 满五唯一,680万,65379元/平,中楼层 (共19层) | 2007年 | 2室1厅 | 104.01平米 | 南 北,https://ke-image.ljcdn.com/110000-inspection/prod-6eee8ec0-a984-452d-ae32-6355f6f1cb08.jpg!m_fill,w_280,h_210,f_jpg?from=ke.com
20241016,朝阳,百子湾,101120868577,满五唯一 前后不临街 户型方正 高楼层视野,465万,63839元/平,高楼层 (共10层) 1室1厅 | 72.84平米 | 南,https://ke-image.ljcdn.com/110000-inspection/cfd7cc07-7dd4-4ed9-b4f6-6302473a9281_1000.jpg!m_fill,w_280,h_210,f_jpg?from=ke.com
20241016,朝阳,百子湾,101120830552,沿海赛洛城三期精装修满五唯一东西通透楼层好,610万,66689元/平,中楼层 (共8层) 2室1厅 | 91.47平米 | 东 西,https://ke-image.ljcdn.com/110000-inspection/b62bbd7f-36fc-4762-a83d-16042cebdafd_1000.jpg!m_fill,w_280,h_210,f_jpg?from=ke.com
20241016,朝阳,百子湾,101120770704,江南春晓金都杭城南北通透两居室,840万,68617元/平,顶层 (共19层) | 2006年 | 2室1厅 | 122.42平米 | 南 北,https://ke-image.ljcdn.com/110000-inspection/95dc1372-b105-49c8-bf0a-39dc2972937b_1000.jpg!m_fill,w_280,h_210,f_jpg?from=ke.com
20241016,朝阳,百子湾,101120765365,边户全明格局 三面采光 前后花园  满五唯一 1梯2户,620万,66296元/平,中楼层 (共11层) | 2007年 | 2室1厅 | 93.52平米 | 西南 北,https://ke-image.ljcdn.com/110000-inspection/pc1_39AUe5QEA.jpg!m_fill,w_280,h_210,f_jpg?from=ke.com
20241016,朝阳,百子湾,101120725230,沿海赛洛城五期 通透性大一居 高层,299万,46465元/平,高楼层 (共25层) 1室1厅 | 64.35平米 | 东 西,https://ke-image.ljcdn.com/110000-inspection/pc1_zf0lWlCzR_1.jpg!m_fill,w_280,h_210,f_jpg?from=ke.com
20241016,朝阳,百子湾,101120695489,金海国际南区 南北通透 满五年 高楼层无遮挡 随时看房,980万,60558元/平,高楼层 (共18层) 3室2厅 | 161.83平米 | 南 北,https://ke-image.ljcdn.com/110000-inspection/dfb32839-cc81-4626-8ba9-4375a7eeaecb_1000.jpg!m_fill,w_280,h_210,f_jpg?from=ke.com
20241016,朝阳,百子湾,101120666897,观音惠园 2室2厅 南 北,445万,43808元/平,顶层 (共6层) 2室2厅 | 101.58平米 | 南 北,https://ke-image.ljcdn.com/110000-inspection/pc1_k2i5ehzvg_1.jpg!m_fill,w_280,h_210,f_jpg?from=ke.com
20241016,朝阳,百子湾,101120521952,沿海赛洛城三期满五年唯一南北通透楼层不临街,635万,69256元/平,中楼层 (共11层) 2室1厅 | 91.69平米 | 南 北,https://ke-image.ljcdn.com/110000-inspection/2a4646c0-972a-4c35-863c-829129621b88_1000.jpg!m_fill,w_280,h_210,f_jpg?from=ke.com
20241016,朝阳,百子湾,101120513043,沿海赛洛城七期南北通透三居 满五年唯一,1010万,62006元/平,中楼层 (共9层) 3室2厅 | 162.89平米 | 南 北,https://ke-image.ljcdn.com/110000-inspection/pc1_NYnE7vIOk_1.jpg!m_fill,w_280,h_210,f_jpg?from=ke.com
20241016,朝阳,百子湾,101120488251,观音景园二期 全南一居室 诚心出售,198万,34399元/平,顶层 (共6层) | 2003年 | 1室1厅 | 57.56平米 | 南,https://ke-image.ljcdn.com/110000-inspection/3edad845-d726-4303-a504-a127aeb1be9d_1000.jpg!m_fill,w_280,h_210,f_jpg?from=ke.com
20241016,朝阳,百子湾,101120485610,沿海赛洛城二期 2室1厅 西北,566万,60535元/平,低楼层 (共19层) | 2007年 | 2室1厅 | 93.5平米 | 西北,https://ke-image.ljcdn.com/110000-inspection/pc1_VQ1fG7UHH.jpg!m_fill,w_280,h_210,f_jpg?from=ke.com
20241016,朝阳,百子湾,101120464778,沿海赛洛城六期 东向精装修一居室 看房随时,290万,63625元/平,中楼层 (共18层) 1室1厅 | 45.58平米 | 东,https://ke-image.ljcdn.com/110000-inspection/8b255dcc-40ce-4890-957c-736d4b6898c9_1000.jpg!m_fill,w_280,h_210,f_jpg?from=ke.com
20241016,朝阳,百子湾,101120462742,纯毛坯 一天未住 美利山大一居 随时可看,439万,52132元/平,高楼层 (共24层) | 2011年 | 1室1厅 | 84.21平米 | 东,https://ke-image.ljcdn.com/110000-inspection/pc1_xE9IGhJ0h_1.jpg!m_fill,w_280,h_210,f_jpg?from=ke.com
20241016,朝阳,百子湾,101120427058,金海国际南区+安静不临路+满五唯一装修好,710万,49913元/平,中楼层 (共23层) 3室1厅 | 142.25平米 | 西南 北,https://ke-image.ljcdn.com/110000-inspection/pc1_JcCiZu14i_1.jpg!m_fill,w_280,h_210,f_jpg?from=ke.com
20241016,朝阳,百子湾,101120377929,中高楼层  采光视野好 南北两居 精装修 拎包入住房主自荐,688万,71578元/平,中楼层 (共8层) | 2007年 | 2室1厅 | 96.12平米 | 南 北,https://ke-image.ljcdn.com/110000-inspection/5bc19959-2810-44bb-b187-54fd1f54d3ef_1000.jpg!m_fill,w_280,h_210,f_jpg?from=ke.com
20241016,朝阳,百子湾,101120371617,西南两居 中间楼层 满五唯一 业主诚意出售,460万,59371元/平,低楼层 (共11层) 1室1厅 | 77.48平米 | 西南,https://ke-image.ljcdn.com/110000-inspection/58fd4afe-d957-4252-a8cc-509eb8cc5ccc_1000.jpg!m_fill,w_280,h_210,f_jpg?from=ke.com
20241016,朝阳,百子湾,101120348993,金海国际楼层高 视野好装修保养 可以拎包入住诚意出售,720万,57564元/平,中楼层 (共23层) | 2005年 | 2室1厅 | 125.08平米 | 南,https://ke-image.ljcdn.com/110000-inspection/pc1_Zx8QlcRa2_1.jpg!m_fill,w_280,h_210,f_jpg?from=ke.com
20241016,朝阳,百子湾,101120294624,金泰先锋北区  高层一居室 采光视野好 明卫明厨,495万,70383元/平,高楼层 (共14层) | 2008年 | 1室1厅 | 70.33平米 | 西北,https://ke-image.ljcdn.com/110000-inspection/57e6a58b-409f-496e-a3d9-04dc1a6f8258_1000.jpg!m_fill,w_280,h_210,f_jpg?from=ke.com
20241016,朝阳,百子湾,101120257554,正规两居室 南北通透 户型好 格局方正实用 诚意出售,370万,47755元/平,中楼层 (共6层) | 2002年 | 2室1厅 | 77.48平米 | 南 北,https://ke-image.ljcdn.com/110000-inspection/144ab8db-86c9-4ee8-acf7-2a19286fbca1_1000.jpg!m_fill,w_280,h_210,f_jpg?from=ke.com
20241016,朝阳,百子湾,101120241598,观音惠园商品房三居室 满五年唯一 精装修 中间层,615万,46203元/平,中楼层 (共6层) 3室2厅 | 133.11平米 | 南 北,https://ke-image.ljcdn.com/110000-inspection/pc1_xJ9c20mu5_1.jpg!m_fill,w_280,h_210,f_jpg?from=ke.com
20241016,朝阳,百子湾,101120209433,建工动力苑  满五唯一  边户急售  看房方便 价格可谈房主自荐,586万,66501元/平,低楼层 (共18层) 2室2厅 | 88.12平米 | 南 北,https://ke-image.ljcdn.com/110000-inspection/pc1_CJoXFtUTl_1.jpg!m_fill,w_280,h_210,f_jpg?from=ke.com
20241016,朝阳,百子湾,101120207584,三区 南排看小区大花园 满五唯一 带阳台 高层观景好,310万,49144元/平,中楼层 (共18层) 1室1厅 | 63.08平米 | 北,https://ke-image.ljcdn.com/110000-inspection/74f807f1-bcfc-4209-ad7b-b90f91fc0180_1000.jpg!m_fill,w_280,h_210,f_jpg?from=ke.com
20241016,朝阳,百子湾,101120110244,商品房 精装修未入住 户型方正 通透性好 诚意出售房主自荐,390万,43176元/平,底层 (共6层) | 2008年 | 2室1厅 | 90.33平米 | 南 北,https://ke-image.ljcdn.com/110000-inspection/0225997d-dd00-4aa5-b6de-0bc4f73813be_1000.jpg!m_fill,w_280,h_210,f_jpg?from=ke.com
20241016,朝阳,百子湾,101119999685,观音惠园南北通透三居室明厨明卫满五唯一精装修。,475万,37937元/平,中楼层 (共6层) 3室1厅 | 125.21平米 | 东 南 北,https://ke-image.ljcdn.com/110000-inspection/pc1_nQbsTLKwr_1.jpg!m_fill,w_280,h_210,f_jpg?from=ke.com
20241016,朝阳,百子湾,101119926609,金海国际南区  满五年唯一看房方便诚意出售,468万,59009元/平,低楼层 (共23层) 1室1厅 | 79.31平米 | 西,https://ke-image.ljcdn.com/110000-inspection/6dd192c3-42a2-45a8-96ef-a28b11c677e6_1000.jpg!m_fill,w_280,h_210,f_jpg?from=ke.com
20241016,朝阳,百子湾,101119776514,金都杭城西区 3室1厅 南 北,928万,75805元/平,高楼层 (共19层) | 2006年 | 3室1厅 | 122.42平米 | 南 北,https://ke-image.ljcdn.com/110000-inspection/fc0f2e3c-d026-46f3-bfc9-4a2427fd1cec_1000.jpg!m_fill,w_280,h_210,f_jpg?from=ke.com
20241016,朝阳,百子湾,101119770867,沿海四期经典双通透户型两居室 精装修 采光好,595万,59199元/平,顶层 (共7层) | 2008年 | 2室1厅 | 100.51平米 | 南 北,https://ke-image.ljcdn.com/110000-inspection/e69e5a9d-47e8-42a4-90e0-dbc6b2142406_1000.jpg!m_fill,w_280,h_210,f_jpg?from=ke.com
20241016,朝阳,百子湾,101119754224,北京第二制药厂宿舍  南北通透两居室  中间层 诚意卖,250万,47188元/平,中楼层 (共6层) | 1980年 | 2室1厅 | 52.98平米 | 南 北,https://ke-image.ljcdn.com/110000-inspection/8c083339-16f9-47e4-9dbd-5b0577bf2ec5_1000.jpg!m_fill,w_280,h_210,f_jpg?from=ke.com
20241016,朝阳,百子湾,101119740827,百子湾家园二区精装全南两居室,468万,45521元/平,高楼层 (共22层) 2室1厅 | 102.81平米 | 南,https://ke-image.ljcdn.com/110000-inspection/36630702-27fb-4310-a1e2-ba58307ea852_1000.jpg!m_fill,w_280,h_210,f_jpg?from=ke.com
20241016,朝阳,百子湾,101119733390,观音景园一期 南北通透两居室 业主诚心出售 看房方便,420万,43860元/平,顶层 (共6层) 2室1厅 | 95.76平米 | 南 北,https://ke-image.ljcdn.com/110000-inspection/pc1_dEEXiq5cl_1.jpg!m_fill,w_280,h_210,f_jpg?from=ke.com
20241016,朝阳,百子湾,101119694747,户型好 小区绿化高 南北两居室 满五唯一,710万,67242元/平,低楼层 (共24层) | 2007年 | 2室1厅 | 105.59平米 | 南 北,https://ke-image.ljcdn.com/110000-inspection/pc1_GGEz8f0OU_1.jpg!m_fill,w_280,h_210,f_jpg?from=ke.com
20241016,朝阳,百子湾,101119668450,沿海赛洛城五期 满五唯一 商品房,400万,70560元/平,中楼层 (共11层) | 2008年 | 1室1厅 | 56.69平米 | 东南,https://ke-image.ljcdn.com/110000-inspection/pc1_IpfOE9F85_1.jpg!m_fill,w_280,h_210,f_jpg?from=ke.com
20241016,朝阳,百子湾,101119601829,北京第二制药厂宿舍  中间层南北向两居室 看房方便,229万,43224元/平,中楼层 (共6层) | 1980年 | 2室1厅 | 52.98平米 | 南 北,https://ke-image.ljcdn.com/110000-inspection/904d3d25-3b04-4762-9bab-5267b042938d_1000.jpg!m_fill,w_280,h_210,f_jpg?from=ke.com
20241016,朝阳,百子湾,101119562126,沿海赛洛城一期两居室满五唯一精装修诚意出售。,459万,59696元/平,中楼层 (共10层) 2室1厅 | 76.89平米 | 东北,https://ke-image.ljcdn.com/110000-inspection/pc1_Wtd7Di2Dk_1.jpg!m_fill,w_280,h_210,f_jpg?from=ke.com
20241016,朝阳,百子湾,101119430453,中高楼层 双阳台 落地窗 东南一居房主自荐,348万,53655元/平,中楼层 (共8层) 1室1厅 | 64.86平米 | 东南,https://ke-image.ljcdn.com/110000-inspection/464ee5c4-465a-4d8c-903a-2c4f5e71aa95_1000.jpg!m_fill,w_280,h_210,f_jpg?from=ke.com
20241016,朝阳,百子湾,101119413939,金都杭城东区  东北向的一居 全明格局,475万,73089元/平,中楼层 (共26层) | 2009年 | 1室1厅 | 64.99平米 | 东北,https://ke-image.ljcdn.com/110000-inspection/pc1_0CvTzAwJI_1.jpg!m_fill,w_280,h_210,f_jpg?from=ke.com
20241016,朝阳,百子湾,101119304334,金都杭城东区高层两居室 南北通透 诚意出售,850万,81231元/平,中楼层 (共26层) | 2009年 | 2室2厅 | 104.64平米 | 南 北,https://ke-image.ljcdn.com/110000-inspection/pc1_SKPIt9h1b_1.jpg!m_fill,w_280,h_210,f_jpg?from=ke.com
20241016,朝阳,百子湾,101119298759,房子满五年唯一、东西北全明格局、,460万,57443元/平,顶层 (共7层) | 2008年 | 2室1厅 | 80.08平米 | 东 西 北,https://ke-image.ljcdn.com/110000-inspection/pc1_obLek9ZA4_1.jpg!m_fill,w_280,h_210,f_jpg?from=ke.com
20241016,朝阳,百子湾,101119260729,满五年唯一全明格局两居室带南向预算600万左右,550万,62338元/平,低楼层 (共22层) 2室1厅 | 88.23平米 | 东南,https://ke-image.ljcdn.com/110000-inspection/3a059abc-f62a-4fc5-910e-b128126c6ec9_1000.jpg!m_fill,w_280,h_210,f_jpg?from=ke.com
20241016,朝阳,百子湾,101119251997,沿海赛洛城一期 东向一居室 精装修 高层,359万,64326元/平,高楼层 (共24层) | 2007年 | 1室1厅 | 55.81平米 | 东,https://ke-image.ljcdn.com/110000-inspection/0797ee92-f84c-4230-9d09-09cac0249ff5_1000.jpg!m_fill,w_280,h_210,f_jpg?from=ke.com
20241016,朝阳,百子湾,101119241971,观音惠园 南北通透三居室 自住装修 看房方便房主自荐,550万,40850元/平,底层 (共6层) 3室2厅 | 134.64平米 | 南 北,https://ke-image.ljcdn.com/110000-inspection/pc1_LgPVk3OAu_1.jpg!m_fill,w_280,h_210,f_jpg?from=ke.com
20241016,朝阳,百子湾,101119196791,沿海七期西南向三居室刚需改善均可满足,735万,70081元/平,中楼层 (共24层) | 2009年 | 3室1厅 | 104.88平米 | 南 西,https://ke-image.ljcdn.com/110000-inspection/94d2a7a4-a6dc-46d1-9439-46896a8e8e26_1000.jpg!m_fill,w_280,h_210,f_jpg?from=ke.com
20241016,朝阳,百子湾,101119095139,满五唯一南北通透双卫两梯两户板楼高层视野好房主自荐,749万,51524元/平,高楼层 (共24层) | 2009年 | 3室1厅 | 145.37平米 | 南 北,https://ke-image.ljcdn.com/110000-inspection/8d990927-46c8-4455-86e0-03bea03ee41b_1000.jpg!m_fill,w_280,h_210,f_jpg?from=ke.com
20241016,朝阳,百子湾,101118994819,观音惠园满五唯一小区花园位置楼层好南北通透,513万,37995元/平,高楼层 (共6层) 3室2厅 | 135.02平米 | 南 北,https://ke-image.ljcdn.com/110000-inspection/pc1_qlHGBF2fF_2.jpg!m_fill,w_280,h_210,f_jpg?from=ke.com
20241016,朝阳,百子湾,101118973530,南北通透 俯视石门休闲公园 板楼两居房主自荐,710万,68296元/平,中楼层 (共19层) | 2007年 | 2室1厅 | 103.96平米 | 南 北,https://ke-image.ljcdn.com/110000-inspection/4741bbc4-7647-4e66-aab0-9693260bd8b6_1000.jpg!m_fill,w_280,h_210,f_jpg?from=ke.com
20241016,朝阳,百子湾,101118860120,沿海赛洛城  南北一居  满五唯一商品房 采光好房主自荐,410万,59995元/平,低楼层 (共22层) 1室1厅 | 68.34平米 | 南 北,https://ke-image.ljcdn.com/110000-inspection/pc1_Go1KbwzSl_1.jpg!m_fill,w_280,h_210,f_jpg?from=ke.com
20241016,朝阳,百子湾,101118741174,南向 满五唯一 业主诚意出售 看房方便,425万,61729元/平,低楼层 (共19层) | 2007年 | 1室1厅 | 68.85平米 | 南,https://ke-image.ljcdn.com/110000-inspection/pc1_98Y2rOKWq.jpg!m_fill,w_280,h_210,f_jpg?from=ke.com
20241016,朝阳,百子湾,101118730529,交通便利楼层高朝南向采光好,380万,59824元/平,中楼层 (共24层) | 2011年 | 1室1厅 | 63.52平米 | 南,https://ke-image.ljcdn.com/110000-inspection/pc1_z8riQFng7_1.jpg!m_fill,w_280,h_210,f_jpg?from=ke.com
20241016,朝阳,百子湾,101118710687,南北通透正规两居室 户型方正 布局合理 满五唯一,330万,34480元/平,顶层 (共6层) 2室1厅 | 95.71平米 | 南 北,https://ke-image.ljcdn.com/110000-inspection/pc1_nbFzSiQE6_1.jpg!m_fill,w_280,h_210,f_jpg?from=ke.com
20241016,朝阳,百子湾,101118661468,观音惠园南北通透两居中间层采光好,410万,38527元/平,中楼层 (共6层) 2室1厅 | 106.42平米 | 南 北,https://ke-image.ljcdn.com/110000-inspection/pc1_CNieyAmnq_1.jpg!m_fill,w_280,h_210,f_jpg?from=ke.com
20241016,朝阳,百子湾,101118596717,一层南向一居   低楼层看房方便,255万,45014元/平,底层 (共6层) 1室1厅 | 56.65平米 | 南,https://ke-image.ljcdn.com/110000-inspection/pc1_sorf6lzWR.jpg!m_fill,w_280,h_210,f_jpg?from=ke.com
20241016,朝阳,百子湾,101118486698,沿海赛洛城二期南向一居室满五年中间层,320万,57689元/平,中楼层 (共19层) | 2007年 | 1室1厅 | 55.47平米 | 南,https://ke-image.ljcdn.com/110000-inspection/3f6175e8-be48-4839-b9ab-491bcb282eed_1000.jpg!m_fill,w_280,h_210,f_jpg?from=ke.com
20241016,朝阳,百子湾,101118417090,百子湾家园二区、商品房南向大两居、满五年唯一、诚售,575万,55929元/平,低楼层 (共22层) | 2006年 | 2室1厅 | 102.81平米 | 南,https://ke-image.ljcdn.com/110000-inspection/pc1_06ir1jrOV.jpg!m_fill,w_280,h_210,f_jpg?from=ke.com
20241016,朝阳,百子湾,101118385496,观音景园一期南向一居室精装修满五唯一,299万,49122元/平,中楼层 (共6层) 1室1厅 | 60.87平米 | 南,https://ke-image.ljcdn.com/110000-inspection/aea017ed-6a89-43a6-986c-43cdbc21c2c3_1000.jpg!m_fill,w_280,h_210,f_jpg?from=ke.com
20241016,朝阳,百子湾,101118378938,百子湾地铁 楼层高视野好可观国贸 满五家庭唯一住房,320万,51373元/平,中楼层 (共24层) | 2006年 | 1室1厅 | 62.29平米 | 西北,https://ke-image.ljcdn.com/110000-inspection/18657311-2fd5-43b2-bd1d-fc04a58859bd_1000.jpg!m_fill,w_280,h_210,f_jpg?from=ke.com
20241016,朝阳,百子湾,101118338596,净高2.86米  满五唯一 观景好房  户型方正,499万,53743元/平,顶层 (共24层) 2室1厅 | 92.85平米 | 东南,https://ke-image.ljcdn.com/110000-inspection/1066c7e5-077a-4607-959c-f31367ab4778_1000.jpg!m_fill,w_280,h_210,f_jpg?from=ke.com
20241016,朝阳,百子湾,101118326749,中高楼层 满五唯一 视野好 业主诚意出售,550万,56772元/平,高楼层 (共18层) | 2007年 | 2室2厅 | 96.88平米 | 西北,https://ke-image.ljcdn.com/110000-inspection/491cd9b9-2d3d-4eca-ba3c-d739eed49dd9_1000.jpg!m_fill,w_280,h_210,f_jpg?from=ke.com
20241016,朝阳,百子湾,101118253118,金海国际南区 此房高楼层视野好无遮挡随时签约。,488万,56963元/平,中楼层 (共23层) | 2005年 | 1室1厅 | 85.67平米 | 西北,https://ke-image.ljcdn.com/110000-inspection/b8891183-209b-43f4-89d2-5417464f0510_1000.jpg!m_fill,w_280,h_210,f_jpg?from=ke.com
20241016,朝阳,百子湾,101118150163,金海国际 全明格局一居室高楼层 拎包入住 随时签约房主自荐,570万,66550元/平,中楼层 (共23层) 1室1厅 | 85.65平米 | 东,https://ke-image.ljcdn.com/110000-inspection/pc1_lP7bF8qDO_1.jpg!m_fill,w_280,h_210,f_jpg?from=ke.com
20241016,朝阳,百子湾,101118143478,建工动力苑 南向一居室 满五唯一 两梯四户 看房方便,460万,68791元/平,中楼层 (共18层) | 2016年 | 1室1厅 | 66.87平米 | 南,https://ke-image.ljcdn.com/110000-inspection/b2592524-29e7-4e66-b2e7-99c8780db0f9_1000.jpg!m_fill,w_280,h_210,f_jpg?from=ke.com
20241016,朝阳,百子湾,101118123111,东南北精装三居室满五年唯一双卧+客厅朝南,855万,64602元/平,低楼层 (共14层) | 2007年 | 3室1厅 | 132.35平米 | 东南,https://ke-image.ljcdn.com/110000-inspection/pc1_BYarsFjjH_1.jpg!m_fill,w_280,h_210,f_jpg?from=ke.com
20241016,朝阳,百子湾,101118078124,满五唯一 三层边户全明双卫双南卧 南北通透三居室房主自荐,599万,41781元/平,中楼层 (共6层) 3室2厅 | 143.37平米 | 东 南 北,https://ke-image.ljcdn.com/110000-inspection/bc9b0545-3ff8-4f8d-8962-f0d32099e1bd_1000.jpg!m_fill,w_280,h_210,f_jpg?from=ke.com
20241016,朝阳,百子湾,101118026217,金海国际南区  视野开阔诚意出售看房方便,420万,52851元/平,中楼层 (共23层) | 2005年 | 1室1厅 | 79.47平米 | 西,https://ke-image.ljcdn.com/110000-inspection/13766306-f801-4177-a050-bea057a8243b_1000.jpg!m_fill,w_280,h_210,f_jpg?from=ke.com
20241016,朝阳,百子湾,101117915875,南北通透 满五唯一 观景三居 随时签约房主自荐,650万,59059元/平,顶层 (共4层) 3室1厅 | 110.06平米 | 南 北,https://ke-image.ljcdn.com/110000-inspection/1ba1ae15-ffc3-4a90-acc8-c66bb1845873_1000.jpg!m_fill,w_280,h_210,f_jpg?from=ke.com
20241016,朝阳,百子湾,101117909915,金都杭城东区 东南两居室 诚意出售,650万,74193元/平,中楼层 (共26层) | 2009年 | 2室1厅 | 87.61平米 | 东南,https://ke-image.ljcdn.com/110000-inspection/pc1_xHyModsgy_1.jpg!m_fill,w_280,h_210,f_jpg?from=ke.com
20241016,朝阳,百子湾,101117884124,沿海赛洛城一期东南朝向的三居室带阳台,695万,50301元/平,顶层 (共4层) 3室1厅 | 138.17平米 | 东南,https://ke-image.ljcdn.com/110000-inspection/a25e80bd-8956-4011-8a35-a1d51709125b_1000.jpg!m_fill,w_280,h_210,f_jpg?from=ke.com
20241016,朝阳,百子湾,101117867164,金泰先锋北区 西南北朝向5居 视野采光好 好位置房主自荐,1380万,71943元/平,高楼层 (共10层) | 2010年 | 5室2厅 | 191.82平米 | 西 南 北,https://ke-image.ljcdn.com/110000-inspection/d340598d-3cb0-42ae-86d5-fe1eb8847712_1000.jpg!m_fill,w_280,h_210,f_jpg?from=ke.com
20241016,朝阳,百子湾,101117819367,观音景园一期 采光好 视野佳 大阳台户型,251万,41236元/平,高楼层 (共6层) 1室1厅 | 60.87平米 | 南,https://ke-image.ljcdn.com/110000-inspection/94eaae51-0ecd-4b77-9b86-493e49afa8ce_1000.jpg!m_fill,w_280,h_210,f_jpg?from=ke.com
20241016,朝阳,百子湾,101117810776,百子湾家园一区 中间楼层 满五唯一 面对花园 不临街,570万,55351元/平,中楼层 (共24层) | 2006年 | 2室1厅 | 102.98平米 | 南,https://ke-image.ljcdn.com/110000-inspection/c557b353-0f7c-41a6-8675-0a6a248914f8_1000.jpg!m_fill,w_280,h_210,f_jpg?from=ke.com
20241016,朝阳,百子湾,101117734121,东四环边满五唯一精装修2居室新装修可提包入住,530万,71046元/平,中楼层 (共24层) | 2009年 | 2室1厅 | 74.6平米 | 东 西 北,https://ke-image.ljcdn.com/110000-inspection/pc1_O0OUIuEY5_1.jpg!m_fill,w_280,h_210,f_jpg?from=ke.com
20241016,朝阳,百子湾,101117662799,沿海赛洛城七期南北三居室 中楼层视野无遮挡,828万,57580元/平,中楼层 (共18层) 3室1厅 | 143.8平米 | 南 北,https://ke-image.ljcdn.com/110000-inspection/pc1_WEEQdZAez_1.jpg!m_fill,w_280,h_210,f_jpg?from=ke.com
20241016,朝阳,百子湾,101117566400,沿海赛洛城三期楼层好无遮挡视野好诚意出售,230万,46978元/平,中楼层 (共14层) | 2007年 | 1室0厅 | 48.96平米 | 北,https://ke-image.ljcdn.com/110000-inspection/pc1_aTB8ZdZb6_1.jpg!m_fill,w_280,h_210,f_jpg?from=ke.com
20241016,朝阳,百子湾,101117530579,金都杭城东区 南北通透大三居 业主诚意出售,1260万,77506元/平,高楼层 (共17层) | 2009年 | 3室2厅 | 162.57平米 | 南 北,https://ke-image.ljcdn.com/110000-inspection/7b0a8460-7e7f-445f-ab33-c7402d8015ca_1000.jpg!m_fill,w_280,h_210,f_jpg?from=ke.com
20241016,朝阳,百子湾,101117529610,百子湾东里 南向一居室满五年唯一房主自荐,319万,61252元/平,低楼层 (共11层) | 2008年 | 1室1厅 | 52.08平米 | 南,https://ke-image.ljcdn.com/110000-inspection/2b2f37bf-616e-4dc4-889a-61408af466c6_1000.jpg!m_fill,w_280,h_210,f_jpg?from=ke.com
20241016,朝阳,百子湾,101117439463,金都杭城东区 满五唯一 户型方正房主自荐,1060万,73776元/平,中楼层 (共25层) | 2009年 | 3室2厅 | 143.68平米 | 南 北,https://ke-image.ljcdn.com/110000-inspection/353f2bb2-cf5b-4116-adbc-3c11d7fd2842_1000.jpg!m_fill,w_280,h_210,f_jpg?from=ke.com
20241016,朝阳,百子湾,101117422305,满五唯一 房子南北通透中间的楼前后花园 不临街,1770万,109829元/平,低楼层 (共11层) | 2009年 | 3室1厅 | 161.16平米 | 南 北,https://ke-image.ljcdn.com/110000-inspection/1cd37920-5a8f-4252-9cf3-8e5f7cb6333f_1000.jpg!m_fill,w_280,h_210,f_jpg?from=ke.com
20241016,朝阳,百子湾,101117383366,百子湾路小区 南北3居室 满5年住房 配套好,285万,45375元/平,顶层 (共6层) | 1980年 | 3室0厅 | 62.81平米 | 西南 北,https://ke-image.ljcdn.com/110000-inspection/prod-fc63e0fb-1ece-4442-88bb-f53e07d0644d.jpg!m_fill,w_280,h_210,f_jpg?from=ke.com
20241016,朝阳,百子湾,101117209137,金海国际北区 中间楼层 诚意卖 随时签约 随时看房,1150万,58296元/平,中楼层 (共13层) | 2005年 | 4室2厅 | 197.27平米 | 南 北,https://ke-image.ljcdn.com/110000-inspection/pc1_qLZmmFpsd_1.jpg!m_fill,w_280,h_210,f_jpg?from=ke.com
20241016,朝阳,百子湾,101117079311,金都杭城西区  高楼层 明厨明卫 不临街 诚意出售,1130万,75875元/平,高楼层 (共20层) | 2006年 | 3室2厅 | 148.93平米 | 西南 北,https://ke-image.ljcdn.com/110000-inspection/pc1_oDUfdel9X_1.jpg!m_fill,w_280,h_210,f_jpg?from=ke.com
20241016,朝阳,百子湾,101116949108,百子湾路小区小户型格局好好楼层视野好房主自荐,230万,51732元/平,中楼层 (共5层) 2室0厅 | 44.46平米 | 南,https://ke-image.ljcdn.com/110000-inspection/pc1_GFTTppQDm.jpg!m_fill,w_280,h_210,f_jpg?from=ke.com
20241016,朝阳,百子湾,101116941779,金都杭城东区南北三居室诚意出售,1200万,83369元/平,中楼层 (共25层) | 2009年 | 3室2厅 | 143.94平米 | 南 北,https://ke-image.ljcdn.com/110000-inspection/452ad383-f526-4f26-96b9-1ebb98df2094_1000.jpg!m_fill,w_280,h_210,f_jpg?from=ke.com
20241016,朝阳,百子湾,101116701054,安静不临街 采光充足 层高较高不压抑房主自荐,231万,42347元/平,低楼层 (共21层) | 2007年 | 1室0厅 | 54.55平米 | 南,https://ke-image.ljcdn.com/110000-inspection/bf3d119f-02b5-4530-8d62-494df0b1d235_1000.jpg!m_fill,w_280,h_210,f_jpg?from=ke.com
20241016,朝阳,百子湾,101116586249,百子湾沿海赛洛城东西通透两居满五唯一次顶层,603万,72147元/平,高楼层 (共8层) | 2009年 | 2室1厅 | 83.58平米 | 东 西,https://ke-image.ljcdn.com/110000-inspection/pc1_M4rVgQDwO_1.jpg!m_fill,w_280,h_210,f_jpg?from=ke.com
20241016,朝阳,百子湾,101116379874,沿海赛洛城五期   东向  一居室,249万,43411元/平,低楼层 (共8层) | 2008年 | 1室1厅 | 57.36平米 | 东,https://ke-image.ljcdn.com/110000-inspection/pc1_zNdORm00I_1.jpg!m_fill,w_280,h_210,f_jpg?from=ke.com
20241016,朝阳,百子湾,101116281457,美利山 西向大两居 面积大 近地铁 交通便利,430万,41216元/平,低楼层 (共24层) | 2011年 | 2室1厅 | 104.33平米 | 西,https://ke-image.ljcdn.com/110000-inspection/pc1_zC9cm3jQt.jpg!m_fill,w_280,h_210,f_jpg?from=ke.com
20241016,朝阳,百子湾,101116280819,观音景园  中间楼层  南北通透两居室  户型好,435万,45450元/平,中楼层 (共6层) 2室1厅 | 95.71平米 | 南 北,https://ke-image.ljcdn.com/110000-inspection/pc1_hhPkyfiGX.jpg!m_fill,w_280,h_210,f_jpg?from=ke.com
20241016,朝阳,百子湾,101116270324,沿海赛洛城    大平层    居住舒适,1488万,41197元/平,高楼层 (共20层) | 2013年 | 4室2厅 | 361.2平米 | 东 西 南 北,https://ke-image.ljcdn.com/110000-inspection/pc1_LYSVjc6cP_1.jpg!m_fill,w_280,h_210,f_jpg?from=ke.com
20241016,朝阳,百子湾,101116092685,沿海赛洛城一期 南北通透大两居房主自荐,697万,58705元/平,低楼层 (共18层) | 2007年 | 2室1厅 | 118.73平米 | 南 北,https://ke-image.ljcdn.com/110000-inspection/pc1_Dk6fiRL8A.jpg!m_fill,w_280,h_210,f_jpg?from=ke.com
20241016,朝阳,百子湾,101115948266,商品房21年精装修拎包入住南向正规一居采光好,290万,51192元/平,高楼层 (共6层) 1室1厅 | 56.65平米 | 南,https://ke-image.ljcdn.com/110000-inspection/3c6b1097-f45d-4b38-9d78-41b35b3d6877_1000.jpg!m_fill,w_280,h_210,f_jpg?from=ke.com
20241016,朝阳,百子湾,101115923508,百子湾家园南北通透3居居住的选择无遮挡精装房主自荐,730万,55366元/平,低楼层 (共18层) | 2006年 | 3室1厅 | 131.85平米 | 南 北,https://ke-image.ljcdn.com/110000-inspection/pc1_rLPARBozu_1.jpg!m_fill,w_280,h_210,f_jpg?from=ke.com
20241016,朝阳,百子湾,101115836707,满五唯一东南北2居室双卫产权清晰、落地窗采光好,480万,42713元/平,底层 (共20层) | 2006年 | 2室1厅 | 112.38平米 | 北 南 东,https://ke-image.ljcdn.com/110000-inspection/52f97db5-b0d8-4b44-99d8-8e94f5ec9dee_1000.jpg!m_fill,w_280,h_210,f_jpg?from=ke.com
20241016,朝阳,百子湾,101115788487,沿海赛洛城 全明两居室 位置安静无遮挡,550万,69001元/平,低楼层 (共7层) 2室1厅 | 79.71平米 | 南 西 北,https://ke-image.ljcdn.com/110000-inspection/d41e323a-f191-41eb-af32-768c9bad6d13_1000.jpg!m_fill,w_280,h_210,f_jpg?from=ke.com
20241016,朝阳,百子湾,101115784175,沿海赛洛城一期 精装大两居 视野宽阔,610万,56803元/平,中楼层 (共18层) | 2007年 | 2室1厅 | 107.39平米 | 西北,https://ke-image.ljcdn.com/110000-inspection/pc1_xWMFEklDZ_1.jpg!m_fill,w_280,h_210,f_jpg?from=ke.com
20241016,朝阳,百子湾,101115742151,沿海赛洛城五期 明厨明卫 带三阳台,450万,48644元/平,高楼层 (共25层) | 2009年 | 2室1厅 | 92.51平米 | 东 西 北,https://ke-image.ljcdn.com/110000-inspection/pc1_w1YSgMfx2_1.jpg!m_fill,w_280,h_210,f_jpg?from=ke.com
20241016,朝阳,百子湾,101115606870,观音惠园 南北通透大三居 采光好,550万,41551元/平,中楼层 (共6层) | 2008年 | 3室1厅 | 132.37平米 | 南 北,https://ke-image.ljcdn.com/110000-inspection/53f62601-5ba9-4f23-9d6a-d3736fa27d48_1000.jpg!m_fill,w_280,h_210,f_jpg?from=ke.com
20241016,朝阳,百子湾,101115554953,满五唯一不带消防连廊采光好精装修方便看房,410万,58900元/平,低楼层 (共25层) | 2009年 | 1室1厅 | 69.61平米 | 东 西,https://ke-image.ljcdn.com/110000-inspection/bad646b8-280c-4da9-8be9-1c3e2b5d4424_1000.jpg!m_fill,w_280,h_210,f_jpg?from=ke.com
20241016,朝阳,百子湾,101115308395,商品房 南北通透三居室 满五年唯一 诚意出售房主自荐,505万,36851元/平,顶层 (共6层) | 2008年 | 3室1厅 | 137.04平米 | 南 北,https://ke-image.ljcdn.com/110000-inspection/cb6afcda-d1f6-47e3-91af-5fa1a410715e_1000.jpg!m_fill,w_280,h_210,f_jpg?from=ke.com
20241016,朝阳,百子湾,101114854634,观音惠园二层南北通透两居室满五年唯一住房。,378万,42024元/平,低楼层 (共6层) | 2008年 | 2室1厅 | 89.95平米 | 南 北,https://ke-image.ljcdn.com/110000-inspection/1daffe8f-1d20-4bd5-8565-a62b4d8b36cd_1000.jpg!m_fill,w_280,h_210,f_jpg?from=ke.com
20241016,朝阳,百子湾,101114756010,金海国际北区   顶层复式全明格局诚意出售,2248万,66200元/平,顶层 (共13层) | 2005年 | 5室3厅 | 339.58平米 | 南,https://ke-image.ljcdn.com/110000-inspection/947c1706-736c-462c-9dda-77c653902ca1_1000.jpg!m_fill,w_280,h_210,f_jpg?from=ke.com
20241016,朝阳,百子湾,101114551828,户型方正 全明格局 270度采光  自住 百万精装修,1360万,37653元/平,低楼层 (共20层) | 2013年 | 3室2厅 | 361.2平米 | 东 南 西,https://ke-image.ljcdn.com/110000-inspection/79d8f1d2-b9c4-4e56-98b1-b09b731a6deb_1000.jpg!m_fill,w_280,h_210,f_jpg?from=ke.com
20241016,朝阳,百子湾,101113911214,沿海赛洛城五期东向一居室房主自荐,358万,59967元/平,高楼层 (共25层) | 2009年 | 1室1厅 | 59.7平米 | 东,https://ke-image.ljcdn.com/110000-inspection/14c1cb82-77e0-4fd7-9930-3606d2922e92_1000.jpg!m_fill,w_280,h_210,f_jpg?from=ke.com
20241016,朝阳,百子湾,101112633898,满五年唯一户型规整方正南北通透房主自荐,585万,59761元/平,底层 (共15层) | 2006年 | 2室1厅 | 97.89平米 | 南 北,https://ke-image.ljcdn.com/110000-inspection/9df342cb-18d9-49e7-a5f8-202ed7ff3221_1000.jpg!m_fill,w_280,h_210,f_jpg?from=ke.com
20241016,朝阳,百子湾,101112437323,百子湾路小区 南北通透 业主诚意出售！ 看房方便,308万,43620元/平,顶层 (共6层) 2室1厅 | 70.61平米 | 南 北,https://ke-image.ljcdn.com/110000-inspection/pc1_WDVSZEHZI_2.jpg!m_fill,w_280,h_210,f_jpg?from=ke.com
20241016,朝阳,百子湾,101112373460,美利山小区西向两居室满五唯一商品房,480万,46013元/平,低楼层 (共24层) | 2011年 | 2室1厅 | 104.32平米 | 西,https://ke-image.ljcdn.com/110000-inspection/4bc1a69a-e2e9-4cba-bfcf-50e7ed27a7c3_1000.jpg!m_fill,w_280,h_210,f_jpg?from=ke.com
20241016,朝阳,百子湾,101110041094,石门村路5号院 低楼层适合老人住。房主自荐,350万,51320元/平,底层 (共5层) | 2000年 | 1室1厅 | 68.2平米 | 北,https://ke-image.ljcdn.com/110000-inspection/pc1_7w6wv59Ug_1.jpg!m_fill,w_280,h_210,f_jpg?from=ke.com
20241016,朝阳,百子湾,101109275368,百子湾正规全南向一居室满五年采光好,279万,48472元/平,中楼层 (共6层) | 2003年 | 1室1厅 | 57.56平米 | 南,https://ke-image.ljcdn.com/110000-inspection/pc1_VmFRfo5zI_1.jpg!m_fill,w_280,h_210,f_jpg?from=ke.com
20241016,朝阳,百子湾,101103869782,南北通透两居室 装修好 商品房房主自荐,276万,52844元/平,底层 (共6层) | 1982年 | 2室1厅 | 52.23平米 | 南 北,https://ke-image.ljcdn.com/110000-inspection/pc1_JCOYXa7Mz_1.jpg!m_fill,w_280,h_210,f_jpg?from=ke.com
20241016,朝阳,百子湾,101127087447,官悦欣园A区 1室1厅 南,279万,47002元/平,中楼层 (共27层) 1室1厅 | 59.36平米 | 南,https://ke-image.ljcdn.com/110000-inspection/pc1_gYqHXR22C.jpg!m_fill,w_280,h_210,f_jpg?from=ke.com
20241016,朝阳,百子湾,101127075291,观音惠园 2室1厅 南 北,279万,30694元/平,顶层 (共6层) 2室1厅 | 90.9平米 | 南 北,https://ke-image.ljcdn.com/110000-inspection/4f9ffab7-9560-4e89-b20c-947f8408d954_1000.jpg!m_fill,w_280,h_210,f_jpg?from=ke.com
20241016,朝阳,百子湾,101127030067,沿海赛洛城一期满五唯一 南北通透两居 房屋精装新上,550万,54418元/平,低楼层 (共6层) | 2007年 | 2室1厅 | 101.07平米 | 南 北,https://ke-image.ljcdn.com/110000-inspection/809266f7-2734-404a-843a-2e7e41aa7b1b_1000.jpg!m_fill,w_280,h_210,f_jpg?from=ke.com
20241016,朝阳,百子湾,101127019501,金都杭城东区下跃装修好拎包入住新上,1300万,76055元/平,底层 (共17层) | 2009年 | 4室2厅 | 170.93平米 | 南 北,https://ke-image.ljcdn.com/110000-inspection/pc1_exwUmJ1HJ_1.jpg!m_fill,w_280,h_210,f_jpg?from=ke.com
20241016,朝阳,百子湾,101127012513,沿海赛洛城六期 满五唯一 户型方正 高楼层 采光好新上,730万,55062元/平,高楼层 (共24层) 3室1厅 | 132.58平米 | 西南,https://ke-image.ljcdn.com/110000-inspection/pc1_6CGmYJEP9_1.jpg!m_fill,w_280,h_210,f_jpg?from=ke.com
20241016,朝阳,百子湾,101127005293,沿海赛洛城五期 1室1厅 东 西新上,330万,47407元/平,高楼层 (共25层) 1室1厅 | 69.61平米 | 东 西,https://ke-image.ljcdn.com/110000-inspection/pc1_rElsGiCmg_2.jpg!m_fill,w_280,h_210,f_jpg?from=ke.com
20241016,朝阳,百子湾,101126997991,精装东向大一居  无遮挡  采光好  拎包入住新上,385万,65599元/平,中楼层 (共24层) | 2009年 | 1室1厅 | 58.69平米 | 东,https://ke-image.ljcdn.com/110000-inspection/pc1_Jl3BvsI8p_1.jpg!m_fill,w_280,h_210,f_jpg?from=ke.com
20241016,朝阳,百子湾,101126993975,沿海赛洛城七期 东南三居室 采光好 视野开阔新上,550万,49774元/平,顶层 (共24层) | 2009年 | 3室1厅 | 110.5平米 | 东 南,https://ke-image.ljcdn.com/110000-inspection/pc1_gzodixU5l_1.jpg!m_fill,w_280,h_210,f_jpg?from=ke.com
20241016,朝阳,百子湾,101126989456,商品房满五年 南向两居室 不临街新上,430万,47077元/平,底层 (共16层) | 2006年 | 2室1厅 | 91.34平米 | 南,https://ke-image.ljcdn.com/110000-inspection/7b94f6f8-5316-4d7b-b08c-b5cfbb5666b4_1000.jpg!m_fill,w_280,h_210,f_jpg?from=ke.com
20241016,朝阳,百子湾,101126984909,沿海赛洛城五期大一居室满五年唯一住房业主诚意出售新上,270万,45083元/平,中楼层 (共25层) | 2009年 | 1室1厅 | 59.89平米 | 东,https://ke-image.ljcdn.com/110000-inspection/f4c7c0a2-360b-4e62-a961-bc0248d46b14_1000.jpg!m_fill,w_280,h_210,f_jpg?from=ke.com
20241016,朝阳,百子湾,101126976808,广渠路百子湾地铁户型方正一居格局好商品房新上,230万,38340元/平,底层 (共16层) | 2006年 | 1室1厅 | 59.99平米 | 北,https://ke-image.ljcdn.com/110000-inspection/b9050a8f-2511-4ea1-a85c-c6f940485e41_1000.jpg!m_fill,w_280,h_210,f_jpg?from=ke.com
20241016,朝阳,百子湾,101126976524,广渠路21 号院金海国际北区新上,1260万,63872元/平,中楼层 (共13层) | 2005年 | 4室2厅 | 197.27平米 | 南 北,https://ke-image.ljcdn.com/110000-inspection/91f4bbee-0cce-42ed-8b67-6dd32970e4a8_1000.jpg!m_fill,w_280,h_210,f_jpg?from=ke.com
20241016,朝阳,百子湾,101126964888,沿海赛洛城南北两居室业主诚意出售 装修保养好新上,680万,64364元/平,中楼层 (共24层) 2室2厅 | 105.65平米 | 南 北,https://ke-image.ljcdn.com/110000-inspection/67f92070-601a-4a5c-9c7e-d080c77d0039_1000.jpg!m_fill,w_280,h_210,f_jpg?from=ke.com
20241016,朝阳,百子湾,101126945692,中海边户下叠别墅 独立车库 管家服务 满五唯一新上,1500万,52327元/平,地下室 (共4层) 6室3厅 | 286.66平米 | 南 北,https://ke-image.ljcdn.com/110000-inspection/8878cfe4-84bd-4a10-ae1a-b5dd1ecd5679_1000.jpg!m_fill,w_280,h_210,f_jpg?from=ke.com
20241016,朝阳,百子湾,101126906324,金泰先锋南区 2室1厅 东南,620万,67767元/平,高楼层 (共18层) | 2008年 | 2室1厅 | 91.49平米 | 东南,https://ke-image.ljcdn.com/110000-inspection/pc1_498ETt1k8_1.jpg!m_fill,w_280,h_210,f_jpg?from=ke.com
20241016,朝阳,百子湾,101126903495,国贸附近 精装南向复式 婚房装修 拎包入住,460万,80308元/平,高楼层 (共12层) | 2007年 | 1室1厅 | 57.28平米 | 南,https://ke-image.ljcdn.com/110000-inspection/pc1_xk1xsyrlx_2.jpg!m_fill,w_280,h_210,f_jpg?from=ke.com
20241016,朝阳,百子湾,101126902427,东四环地铁七号线 百子湾东南两居室,579万,53281元/平,中楼层 (共23层) | 2005年 | 2室1厅 | 108.67平米 | 东南,https://ke-image.ljcdn.com/110000-inspection/58803b04-c9c0-49be-9dfd-cbfe0795d399_1000.jpg!m_fill,w_280,h_210,f_jpg?from=ke.com
20241016,朝阳,百子湾,101126899682,南向两居室对小区花园安静视野好；中高楼层,498万,48906元/平,中楼层 (共16层) | 2006年 | 2室1厅 | 101.83平米 | 南,https://ke-image.ljcdn.com/110000-inspection/pc1_EWyuJFqrl.jpg!m_fill,w_280,h_210,f_jpg?from=ke.com
20241016,朝阳,百子湾,101126878766,金都杭城东区 4室2厅 南 北,998万,69191元/平,底层 (共25层) | 2009年 | 4室2厅 | 144.24平米 | 南 北,https://ke-image.ljcdn.com/110000-inspection/ac800547-1aed-4521-b2df-e6b9ab7e7047_1000.jpg!m_fill,w_280,h_210,f_jpg?from=ke.com
20241016,朝阳,百子湾,101126860736,沿海赛洛城精装东向大一居  落地窗  大阳台,387万,66518元/平,中楼层 (共24层) | 2009年 | 1室1厅 | 58.18平米 | 东,https://ke-image.ljcdn.com/110000-inspection/09d55fc9-7b56-407d-9070-a5474cd3129f_1000.jpg!m_fill,w_280,h_210,f_jpg?from=ke.com
20241016,朝阳,百子湾,101126860711,沿海赛洛城七期 3室1厅 南 北,825万,60237元/平,高楼层 (共16层) 3室1厅 | 136.96平米 | 南 北,https://ke-image.ljcdn.com/110000-inspection/afb8cb7b-4ef7-42aa-8866-5ddda875c3bc_1000.jpg!m_fill,w_280,h_210,f_jpg?from=ke.com
20241016,朝阳,百子湾,101126843554,百子湾商品房 南向正规两居 中楼层精装修户型,490万,48506元/平,中楼层 (共18层) | 2006年 | 2室1厅 | 101.02平米 | 南,https://ke-image.ljcdn.com/110000-inspection/327a5f1e-9450-4402-96cd-be138c3fc4a4_1000.jpg!m_fill,w_280,h_210,f_jpg?from=ke.com
20241016,朝阳,百子湾,101126825623,金海国际南区 2室2厅 西南房主自荐,645万,51854元/平,低楼层 (共23层) | 2005年 | 2室2厅 | 124.39平米 | 西南,https://ke-image.ljcdn.com/110000-inspection/8905b96b-51a8-443f-ab4c-7f01a0f734fc_1000.jpg!m_fill,w_280,h_210,f_jpg?from=ke.com
20241016,朝阳,百子湾,101126816191,双卫 主卧带独立卫生间 封闭式管理 人车分开流,755万,56458元/平,低楼层 (共16层) 3室1厅 | 133.73平米 | 南 北,https://ke-image.ljcdn.com/110000-inspection/6c859c4c-909d-4f50-9dde-1091dcd5763a_1000.jpg!m_fill,w_280,h_210,f_jpg?from=ke.com
20241016,朝阳,百子湾,101126814362,沿海赛洛城六期 东西正规两居室  业主诚意出售,450万,55832元/平,顶层 (共8层) 2室1厅 | 80.6平米 | 东 西,https://ke-image.ljcdn.com/110000-inspection/4518c6ca-d6b4-495b-b148-99af8411b6e5_1000.jpg!m_fill,w_280,h_210,f_jpg?from=ke.com
20241016,朝阳,百子湾,101126805255,示范三期南北通透两居室中间楼层,599万,59044元/平,低楼层 (共14层) | 2007年 | 2室1厅 | 101.45平米 | 南 北,https://ke-image.ljcdn.com/110000-inspection/0cc2b300-b8f5-4e5e-adeb-61ae96866380_1000.jpg!m_fill,w_280,h_210,f_jpg?from=ke.com
20241016,朝阳,百子湾,101126779164,观音景园一期 全南一居室 看房方便 诚心出售,228万,37457元/平,中楼层 (共6层) 1室1厅 | 60.87平米 | 南,https://ke-image.ljcdn.com/110000-inspection/3644b0d5-5b5f-48b6-aca0-45fceaae3ce3_1000.jpg!m_fill,w_280,h_210,f_jpg?from=ke.com
20241016,朝阳,百子湾,101126778637,沿海赛洛城一期东西通透大2居室精装修拎包入住,568万,61653元/平,中楼层 (共8层) 2室1厅 | 92.13平米 | 东 西 南,https://ke-image.ljcdn.com/110000-inspection/cd6748ba-5b83-456f-b3f6-c7a81cdcc346_1000.jpg!m_fill,w_280,h_210,f_jpg?from=ke.com
20241016,朝阳,百子湾,101126770114,金都杭城西区优质全南向两居室业主诚意出售房主自荐,750万,63350元/平,低楼层 (共19层) | 2006年 | 2室1厅 | 118.39平米 | 南,https://ke-image.ljcdn.com/110000-inspection/pc1_AnGGVDFnj.jpg!m_fill,w_280,h_210,f_jpg?from=ke.com
20241016,朝阳,百子湾,101126677742,沿海赛洛城二期 东西通透两居室 满五唯一 一梯两户,520万,67349元/平,高楼层 (共6层) | 2007年 | 2室1厅 | 77.21平米 | 东 西,https://ke-image.ljcdn.com/110000-inspection/af1b55b5-f5ea-4f66-b39c-6d246f9b9b65_1000.jpg!m_fill,w_280,h_210,f_jpg?from=ke.com
20241016,朝阳,百子湾,101126620371,金海国际南区 车位,19万,13819元/平,地下室 1室0厅 | 13.75平米 | 南,https://ke-image.ljcdn.com/110000-inspection/40cf095b-8315-4975-b206-c9a80fdcbc8a_1000.jpg!m_fill,w_280,h_210,f_jpg?from=ke.com
20241016,朝阳,百子湾,101126584803,观音惠园南北两居室前后无遮挡,388万,43679元/平,低楼层 (共6层) 2室1厅 | 88.83平米 | 南 北,https://ke-image.ljcdn.com/110000-inspection/pc1_Sq06bTZbe_1.jpg!m_fill,w_280,h_210,f_jpg?from=ke.com
20241016,朝阳,百子湾,101126539463,此房满五年唯一采光好视野无遮挡带两个大阳台,373万,53036元/平,高楼层 (共8层) | 2009年 | 1室1厅 | 70.33平米 | 东 西,https://ke-image.ljcdn.com/110000-inspection/pc1_BIgTOKDh2_1.jpg!m_fill,w_280,h_210,f_jpg?from=ke.com
20241016,朝阳,百子湾,101126518376,观音景园二期 低楼层全南一居,280万,48645元/平,底层 (共6层) 1室1厅 | 57.56平米 | 南,https://ke-image.ljcdn.com/110000-inspection/c1ab5f22-f49e-4aa2-a418-93f6bcaf8664_1000.jpg!m_fill,w_280,h_210,f_jpg?from=ke.com
20241016,朝阳,百子湾,101126498175,大成国际 1室0厅 南,275万,50413元/平,低楼层 (共21层) | 2007年 | 1室0厅 | 54.55平米 | 南,https://ke-image.ljcdn.com/110000-inspection/pc1_PySodjckt.jpg!m_fill,w_280,h_210,f_jpg?from=ke.com
20241016,朝阳,百子湾,101126489191,沿海新上房源 南北通透大两居 观花园,550万,52880元/平,中楼层 (共19层) | 2007年 | 2室1厅 | 104.01平米 | 南 北,https://ke-image.ljcdn.com/110000-inspection/pc1_dq19RHy1K.jpg!m_fill,w_280,h_210,f_jpg?from=ke.com
20241016,朝阳,百子湾,101126474316,南北通透一居室 自封5平米大阳台 前后不临街,298万,44031元/平,底层 (共22层) 1室1厅 | 67.68平米 | 南 北,https://ke-image.ljcdn.com/110000-inspection/pc1_0QOdbK6FN_1.jpg!m_fill,w_280,h_210,f_jpg?from=ke.com
20241016,朝阳,百子湾,101126463675,东四环 金都杭城西区顶层复式业主诚意出售,1800万,72168元/平,顶层 (共17层) | 2006年 | 6室2厅 | 249.42平米 | 南 北,https://ke-image.ljcdn.com/110000-inspection/b72b64e9-c76e-489e-b5f0-7c0c25c6f1ef_1000.jpg!m_fill,w_280,h_210,f_jpg?from=ke.com
20241016,朝阳,百子湾,101126462614,美利山精装一居室领包入住诚意出售,389万,55643元/平,中楼层 (共24层) | 2011年 | 1室1厅 | 69.91平米 | 东,https://ke-image.ljcdn.com/110000-inspection/341dd418-190d-4829-9e34-e87103f25474_1000.jpg!m_fill,w_280,h_210,f_jpg?from=ke.com
20241016,朝阳,百子湾,101126402163,沿海赛洛城五期 1室1厅 东 西,312万,46960元/平,高楼层 (共25层) 1室1厅 | 66.44平米 | 东 西,https://ke-image.ljcdn.com/110000-inspection/9f5515d7-0d20-45e1-a6fc-6ad5d0116744_1000.jpg!m_fill,w_280,h_210,f_jpg?from=ke.com
20241016,朝阳,百子湾,101126396376,东四环 大成国际 小复式业主诚意出售,350万,83037元/平,中楼层 (共12层) | 2007年 | 1室1厅 | 42.15平米 | 北,https://ke-image.ljcdn.com/110000-inspection/pc1_u4JV0auH8.jpg!m_fill,w_280,h_210,f_jpg?from=ke.com
20241016,朝阳,百子湾,101126364280,金海国际东南向大两居业主诚意不临路。,625万,50246元/平,低楼层 (共23层) 2室1厅 | 124.39平米 | 南,https://ke-image.ljcdn.com/110000-inspection/5d2d2ba6-2886-48dd-984e-e118ba2d859c_1000.jpg!m_fill,w_280,h_210,f_jpg?from=ke.com
20241016,朝阳,百子湾,101126347134,沿海赛洛城五期 1室1厅 东 西,320万,48222元/平,中楼层 (共25层) | 2008年 | 1室1厅 | 66.36平米 | 东 西,https://ke-image.ljcdn.com/110000-inspection/13b0b26f-2590-460f-8c26-0ed073de798f_1000.jpg!m_fill,w_280,h_210,f_jpg?from=ke.com
20241016,朝阳,百子湾,101126325291,水磨厂宿舍  高层两居室 采光好 看房方便,185万,41695元/平,顶层 (共5层) | 1974年 | 2室1厅 | 44.37平米 | 西南,https://ke-image.ljcdn.com/110000-inspection/c6d13498-1d58-4162-a671-f8b41df7f4cc_1000.jpg!m_fill,w_280,h_210,f_jpg?from=ke.com
20241016,朝阳,百子湾,101126324322,东四环大成国际南向开间业主诚意出售,220万,40301元/平,中楼层 (共21层) | 2007年 | 1室0厅 | 54.59平米 | 南,https://ke-image.ljcdn.com/110000-inspection/9876a05c-1b18-4989-8742-3201ea13f44f_1000.jpg!m_fill,w_280,h_210,f_jpg?from=ke.com
20241016,朝阳,百子湾,101126322264,金泰先锋北区 2室1厅 东北,620万,72287元/平,高楼层 (共14层) | 2008年 | 2室1厅 | 85.77平米 | 东北,https://ke-image.ljcdn.com/110000-inspection/c2647e0a-2907-402a-a996-e7248210a70b_1000.jpg!m_fill,w_280,h_210,f_jpg?from=ke.com
20241016,朝阳,百子湾,101126276685,大成国际 1室0厅 西,163万,44879元/平,高楼层 (共21层) | 2007年 | 1室0厅 | 36.32平米 | 西,https://ke-image.ljcdn.com/110000-inspection/e33bef7d-8790-494f-bf01-a67eef604e15_1000.jpg!m_fill,w_280,h_210,f_jpg?from=ke.com
20241016,朝阳,百子湾,101126212862,沿海赛洛城七期 满五年唯一视野采光好通透性好,860万,59401元/平,顶层 (共24层) | 2009年 | 3室2厅 | 144.78平米 | 南 北,https://ke-image.ljcdn.com/110000-inspection/feb30f94-8a58-47c8-9520-a60f71a187dd_1000.jpg!m_fill,w_280,h_210,f_jpg?from=ke.com
20241016,朝阳,百子湾,101126209374,美利山西南三居室满五唯一商品房只有契税,500万,52389元/平,低楼层 (共24层) | 2011年 | 3室1厅 | 95.44平米 | 西南,https://ke-image.ljcdn.com/110000-inspection/pc1_sEfRefg06.jpg!m_fill,w_280,h_210,f_jpg?from=ke.com
20241016,朝阳,百子湾,101126195322,CBD国际高尔夫别墅 5室3厅 南 北,3500万,73025元/平,地下室 (共2层) | 2006年 | 5室3厅 | 479.29平米 | 南 北,https://ke-image.ljcdn.com/110000-inspection/de81d79c-98b1-4a00-a394-1e18c7206bff_1000.jpg!m_fill,w_280,h_210,f_jpg?from=ke.com
20241016,朝阳,百子湾,101126191311,观音景园大复式 明厨明卫 满五年唯一 诚意出售,460万,33789元/平,顶层 (共6层) | 2002年 | 3室2厅 | 136.14平米 | 南 北,https://ke-image.ljcdn.com/110000-inspection/d8c5eb16-ca70-46b0-8bfb-6448fe0a315d_1000.jpg!m_fill,w_280,h_210,f_jpg?from=ke.com
20241016,朝阳,百子湾,101126173381,百花园 一层带25㎡种花、种菜空间 四季无遮挡,650万,72007元/平,底层 (共6层) | 2007年 | 2室1厅 | 90.27平米 | 南 北,https://ke-image.ljcdn.com/110000-inspection/8bc7e54b-9e4e-4a6a-bc07-c09635b1ac15_1000.jpg!m_fill,w_280,h_210,f_jpg?from=ke.com
20241016,朝阳,百子湾,101126167599,金海国际南区 满五唯一 高楼层 视野好 随时签约,578万,52403元/平,高楼层 (共23层) | 2005年 | 2室2厅 | 110.3平米 | 西,https://ke-image.ljcdn.com/110000-inspection/pc1_xns18i0wx_1.jpg!m_fill,w_280,h_210,f_jpg?from=ke.com
20241016,朝阳,百子湾,101126159725,百子湾南向正规一居室 满五唯一 户型方正采光视野好,380万,50708元/平,低楼层 (共24层) | 2011年 | 1室1厅 | 74.94平米 | 南,https://ke-image.ljcdn.com/110000-inspection/d2f03997-b7ba-4c60-9089-6d0ef55d91d1_1000.jpg!m_fill,w_280,h_210,f_jpg?from=ke.com
20241016,朝阳,百子湾,101126153663,金海国际南区全南大两居不临街,695万,55578元/平,中楼层 (共23层) 2室1厅 | 125.05平米 | 南,https://ke-image.ljcdn.com/110000-inspection/pc1_GFJOntY87.jpg!m_fill,w_280,h_210,f_jpg?from=ke.com
20241016,朝阳,百子湾,101126133889,金泰先锋南区西南两居高层采光好近地铁,615万,66725元/平,高楼层 (共18层) | 2008年 | 2室1厅 | 92.17平米 | 西南,https://ke-image.ljcdn.com/110000-inspection/pc1_TwOSNtvUt_1.jpg!m_fill,w_280,h_210,f_jpg?from=ke.com
20241016,朝阳,百子湾,101126064557,沿海赛洛城南北两居室 看房方便有钥匙,570万,53952元/平,中楼层 (共24层) 2室1厅 | 105.65平米 | 南 北,https://ke-image.ljcdn.com/110000-inspection/694a9e3d-599a-4ea3-b908-3c59be7ab179_1000.jpg!m_fill,w_280,h_210,f_jpg?from=ke.com
20241016,朝阳,百子湾,101126039585,大成国际 满五唯一 西南向两居 视野好 精装修,495万,42330元/平,中楼层 (共21层) | 2007年 | 3室1厅 | 116.94平米 | 西南,https://ke-image.ljcdn.com/110000-inspection/2da6cd3e-21b5-4dbe-bcf3-641989060362_1000.jpg!m_fill,w_280,h_210,f_jpg?from=ke.com
20241016,朝阳,百子湾,101126012855,金都杭城西区全南优质明亮户型！,750万,63286元/平,高楼层 (共19层) | 2006年 | 2室1厅 | 118.51平米 | 南,https://ke-image.ljcdn.com/110000-inspection/7988a535-a6ad-46c8-a15a-b7eb02bacdff_1000.jpg!m_fill,w_280,h_210,f_jpg?from=ke.com
20241016,朝阳,百子湾,101125997129,百子湾家园三区、商品房房本、全南向采光很好两居诚售,429万,43220元/平,底层 (共18层) | 2006年 | 2室1厅 | 99.26平米 | 南,https://ke-image.ljcdn.com/110000-inspection/pc1_sPzosoudl.jpg!m_fill,w_280,h_210,f_jpg?from=ke.com
20241016,朝阳,百子湾,101125982136,金都杭城西区 精装修 全明格局 正观看小区花园,998万,67012元/平,中楼层 (共20层) | 2006年 | 3室1厅 | 148.93平米 | 南 北,https://ke-image.ljcdn.com/110000-inspection/a68f51f1-a524-4f59-8334-69526d34bc2c_1000.jpg!m_fill,w_280,h_210,f_jpg?from=ke.com
20241016,朝阳,百子湾,101125877921,沿海赛洛城正对公园带产权车位全屋新风精装修,450万,55053元/平,中楼层 (共18层) 2室1厅 | 81.74平米 | 东北,https://ke-image.ljcdn.com/110000-inspection/18e9c5ba-3057-4672-94de-dff73a7008ac_1000.jpg!m_fill,w_280,h_210,f_jpg?from=ke.com
20241016,朝阳,百子湾,101125847061,金泰先锋南区 1室0厅 南,350万,54645元/平,低楼层 (共18层) | 2008年 | 1室0厅 | 64.05平米 | 南,https://ke-image.ljcdn.com/110000-inspection/3d5fc5e5-c48b-4c20-8552-8f72544db8fa_1000.jpg!m_fill,w_280,h_210,f_jpg?from=ke.com
20241016,朝阳,百子湾,101125808126,此房满五年唯一采光好视野无遮挡带两个大阳台,299万,50946元/平,低楼层 (共24层) | 2009年 | 1室1厅 | 58.69平米 | 东,https://ke-image.ljcdn.com/110000-inspection/e2714ce2-30dc-42eb-ae5d-85e1c908ee99_1000.jpg!m_fill,w_280,h_210,f_jpg?from=ke.com
20241016,朝阳,百子湾,101125773972,大成国际 西向采光好 视野开阔,190万,47548元/平,高楼层 (共21层) | 2007年 | 1室1厅 | 39.96平米 | 西,https://ke-image.ljcdn.com/110000-inspection/f85cbdc9-66cf-439c-8b69-ac2f2fb842ea_1000.jpg!m_fill,w_280,h_210,f_jpg?from=ke.com
20241016,朝阳,百子湾,101125740835,金海国际南区 南北通透 单价低 不临街安静采光不错,583万,45494元/平,底层 (共18层) | 2005年 | 2室2厅 | 128.15平米 | 南 北,https://ke-image.ljcdn.com/110000-inspection/pc1_ReAPwIv8j_1.jpg!m_fill,w_280,h_210,f_jpg?from=ke.com
20241016,朝阳,百子湾,101125740482,房子自住的看房比较方便装修比较好,300万,71107元/平,中楼层 (共11层) | 2007年 | 1室1厅 | 42.19平米 | 北,https://ke-image.ljcdn.com/110000-inspection/65637b11-e963-4661-bcc3-1474680dbaf5_1000.jpg!m_fill,w_280,h_210,f_jpg?from=ke.com
20241016,朝阳,百子湾,101125725409,沿海赛洛城三期负一层产权车位,16万,3760元/平,地下室 | 2007年 | 1室1厅 | 42.56平米 | 南,https://ke-image.ljcdn.com/110000-inspection/a7540245-5704-40c5-80a6-c4ef39ece6c5_1000.jpg!m_fill,w_280,h_210,f_jpg?from=ke.com
20241016,朝阳,百子湾,101125716308,沿海赛洛城五期 1室1厅 东,299万,50084元/平,高楼层 (共25层) 1室1厅 | 59.7平米 | 东,https://ke-image.ljcdn.com/110000-inspection/pc1_9OmN84UOx_1.jpg!m_fill,w_280,h_210,f_jpg?from=ke.com
20241016,朝阳,百子湾,101125690957,沿海赛洛城一期东南两居室楼层高没遮挡,446万,55117元/平,中楼层 (共18层) | 2007年 | 2室1厅 | 80.92平米 | 东南,https://ke-image.ljcdn.com/110000-inspection/a6e24f79-8b68-4ead-adbe-d7c8ceb547ae_1000.jpg!m_fill,w_280,h_210,f_jpg?from=ke.com
20241016,朝阳,百子湾,101125662432,观音景园一期南北两居室户型方正,400万,41772元/平,中楼层 (共6层) | 2003年 | 2室1厅 | 95.76平米 | 南 北,https://ke-image.ljcdn.com/110000-inspection/119c2c6d-bcf3-4574-991c-de5cdf82099e_1000.jpg!m_fill,w_280,h_210,f_jpg?from=ke.com
20241016,朝阳,百子湾,101125643209,金都杭城东区 1室1厅 西北,485万,74627元/平,高楼层 (共26层) | 2009年 | 1室1厅 | 64.99平米 | 西北,https://ke-image.ljcdn.com/110000-inspection/58952246-9f8a-41b6-985d-36828fd9409c_1000.jpg!m_fill,w_280,h_210,f_jpg?from=ke.com
20241016,朝阳,百子湾,101125595071,金都杭城东区  南北通透精装修房主自荐,930万,75231元/平,中楼层 (共17层) | 2009年 | 3室1厅 | 123.62平米 | 北 南,https://ke-image.ljcdn.com/110000-inspection/bb3f8a68-763b-4797-b2c6-e3e72c94bc8c_1000.jpg!m_fill,w_280,h_210,f_jpg?from=ke.com
20241016,朝阳,百子湾,101125587101,客厅 主卧朝南 带270度阳台 电梯直通地下车库房主自荐,520万,56351元/平,高楼层 (共25层) 2室1厅 | 92.28平米 | 西南,https://ke-image.ljcdn.com/110000-inspection/ffb08de6-aac9-4ec2-ac21-99b9d55337dd_1000.jpg!m_fill,w_280,h_210,f_jpg?from=ke.com
20241016,朝阳,百子湾,101125507878,观音惠园 户型方正一居室 看房方便 诚心出售,299万,45434元/平,中楼层 (共6层) 1室1厅 | 65.81平米 | 南,https://ke-image.ljcdn.com/110000-inspection/4d7ea73e-dd98-4f88-8d26-36f58e1ed98a_1000.jpg!m_fill,w_280,h_210,f_jpg?from=ke.com
20241016,朝阳,百子湾,101125482716,国贸附近 金都杭城西区 全年两居双卫 业主诚意出售,730万,59191元/平,低楼层 (共19层) | 2006年 | 2室1厅 | 123.33平米 | 南,https://ke-image.ljcdn.com/110000-inspection/5233c4f1-8296-4a83-ae93-72e2c2d89f25_1000.jpg!m_fill,w_280,h_210,f_jpg?from=ke.com
20241016,朝阳,百子湾,101125427168,大成国际 2室1厅 东,399万,65604元/平,低楼层 (共12层) | 2007年 | 2室1厅 | 60.82平米 | 东,https://ke-image.ljcdn.com/110000-inspection/64aeab47-fe67-4cb2-85b9-850872a20b4a_1000.jpg!m_fill,w_280,h_210,f_jpg?from=ke.com
20241016,朝阳,百子湾,101125425077,百子湾家园三区 1室1厅 北,275万,43267元/平,低楼层 (共16层) | 2006年 | 1室1厅 | 63.56平米 | 北,https://ke-image.ljcdn.com/110000-inspection/64766339-39dc-4150-acfa-356082c9a45a_1000.jpg!m_fill,w_280,h_210,f_jpg?from=ke.com
20241016,朝阳,百子湾,101125381690,观音景园二期南向一居室户型方正,198万,34399元/平,顶层 (共6层) | 2003年 | 1室1厅 | 57.56平米 | 南,https://ke-image.ljcdn.com/110000-inspection/pc1_hphcTOb0P_1.jpg!m_fill,w_280,h_210,f_jpg?from=ke.com
20241016,朝阳,百子湾,101125355495,沿海赛洛城高层西南向两居室满五年唯一,490万,53100元/平,高楼层 (共25层) | 2008年 | 2室1厅 | 92.28平米 | 南 西南 西,https://ke-image.ljcdn.com/110000-inspection/b30d2392-16f7-450d-9493-e1e14dbdea4e_1000.jpg!m_fill,w_280,h_210,f_jpg?from=ke.com
20241016,朝阳,百子湾,101125329102,三居室格局   高层60万装修视野棒诚意出售,710万,65796元/平,顶层 (共24层) | 2006年 | 3室1厅 | 107.91平米 | 东 南,https://ke-image.ljcdn.com/110000-inspection/fde43f59-48e8-485d-bca9-95dac9f68deb_1000.jpg!m_fill,w_280,h_210,f_jpg?from=ke.com
20241016,朝阳,百子湾,101125323801,百子湾家园A区正规一居室视野开阔,298万,46863元/平,中楼层 (共16层) 1室1厅 | 63.59平米 | 北,https://ke-image.ljcdn.com/110000-inspection/pc1_EYdW2W5AZ_1.jpg!m_fill,w_280,h_210,f_jpg?from=ke.com
20241016,朝阳,百子湾,101125301111,沿海赛洛城一期 东西两居 双卫,470万,52153元/平,中楼层 (共8层) | 2007年 | 2室1厅 | 90.12平米 | 东 西,https://ke-image.ljcdn.com/110000-inspection/pc1_yYAlY9lCD_1.jpg!m_fill,w_280,h_210,f_jpg?from=ke.com
20241016,朝阳,百子湾,101125296101,金都杭城东区  花园正中 小板楼  1梯2户,1029万,78815元/平,中楼层 (共11层) | 2009年 | 3室2厅 | 130.56平米 | 东南 北,https://ke-image.ljcdn.com/110000-inspection/fb2fb526-456f-4ba7-b337-206edab1dc4f_1000.jpg!m_fill,w_280,h_210,f_jpg?from=ke.com
20241016,朝阳,百子湾,101125295535,美利山 全明格局  采光好 无遮挡 5居室房主自荐,1358万,37597元/平,低楼层 (共20层) 5室2厅 | 361.2平米 | 东 南 西,https://ke-image.ljcdn.com/110000-inspection/pc1_oYRsFo3fx_2.jpg!m_fill,w_280,h_210,f_jpg?from=ke.com
20241016,朝阳,百子湾,101125277547,精装修 南北两居室 业主17年刚装的 户型好一梯两,580万,56808元/平,低楼层 (共8层) 2室1厅 | 102.1平米 | 南 北,https://ke-image.ljcdn.com/110000-inspection/3df87f27-7028-481d-8671-293c08472d12_1000.jpg!m_fill,w_280,h_210,f_jpg?from=ke.com
20241016,朝阳,百子湾,101125246657,建工动力苑  满五唯一两居室   看房方便诚意卖,470万,53580元/平,中楼层 (共16层) 2室1厅 | 87.72平米 | 北 南,https://ke-image.ljcdn.com/110000-inspection/pc1_8SK6tW7vX.jpg!m_fill,w_280,h_210,f_jpg?from=ke.com
20241016,朝阳,百子湾,101125182957,沿海赛洛城 车位,20万,4711元/平,地下室 (共2层) 1室0厅 | 42.46平米 | 东,https://ke-image.ljcdn.com/110000-inspection/5e0537a8-1575-4fb9-a187-964f015b64fc_1000.jpg!m_fill,w_280,h_210,f_jpg?from=ke.com
20241016,朝阳,百子湾,101125171928,金海国际南区东向大一居室满五唯一业主诚意,490万,60674元/平,高楼层 (共23层) 1室1厅 | 80.76平米 | 东,https://ke-image.ljcdn.com/110000-inspection/51124dc5-2eb4-4c11-919f-2ee0e3a61ef5_1000.jpg!m_fill,w_280,h_210,f_jpg?from=ke.com
20241016,朝阳,百子湾,101125171719,东西通透满五唯一精装修H户型方便看,480万,64000元/平,底层 (共6层) 2室1厅 | 75平米 | 东 西,https://ke-image.ljcdn.com/110000-inspection/405090f1-9911-48b8-908b-599a454d4b5e_1000.jpg!m_fill,w_280,h_210,f_jpg?from=ke.com
20241016,朝阳,百子湾,101125168887,建工动力苑 2室1厅 南,451万,67445元/平,高楼层 (共18层) | 2016年 | 2室1厅 | 66.87平米 | 南,https://ke-image.ljcdn.com/110000-inspection/pc1_qx40k5Ybf_1.jpg!m_fill,w_280,h_210,f_jpg?from=ke.com
20241016,朝阳,百子湾,101125154819,沿海赛洛城七期东向一居室带大阳台,335万,55400元/平,中楼层 (共24层) | 2009年 | 1室1厅 | 60.47平米 | 东,https://ke-image.ljcdn.com/110000-inspection/b410551b-ac33-4122-bd95-c3bb5d638a9e_1000.jpg!m_fill,w_280,h_210,f_jpg?from=ke.com
20241016,朝阳,百子湾,101125147578,沿海赛洛城 四居室 采光好 无遮挡房主自荐,998万,41189元/平,中楼层 (共20层) 4室1厅 | 242.3平米 | 东 西北,https://ke-image.ljcdn.com/110000-inspection/9e70020f-d8b6-40a0-998d-20dd4bb9aa53_1000.jpg!m_fill,w_280,h_210,f_jpg?from=ke.com
20241016,朝阳,百子湾,101125136787,金都杭城西区B2——地下车库,19万,5622元/平,地下室 1室0厅 | 33.8平米 | 东,https://ke-image.ljcdn.com/110000-inspection/e74f1b45-26d1-4dab-b3cf-b1dd378a64e5_1000.jpg!m_fill,w_280,h_210,f_jpg?from=ke.com
20241016,朝阳,百子湾,101125122372,建工动力苑  满五唯一商品房   高楼层 采光好,530万,60420元/平,高楼层 (共18层) | 2016年 | 2室1厅 | 87.72平米 | 南 北,https://ke-image.ljcdn.com/110000-inspection/8ebf9ec7-8ace-45aa-ad1a-e494d120f23d_1000.jpg!m_fill,w_280,h_210,f_jpg?from=ke.com
20241016,朝阳,百子湾,101124980934,金海国际南区南北通透大三居两梯两户随时可看,950万,58704元/平,中楼层 (共18层) | 2005年 | 3室2厅 | 161.83平米 | 南 北,https://ke-image.ljcdn.com/110000-inspection/73beaf8d-53da-4e9d-ba06-44bc54da5ada_1000.jpg!m_fill,w_280,h_210,f_jpg?from=ke.com
20241016,朝阳,百子湾,101124957349,观音惠园 采光好无遮挡 看房方便 诚心出售,650万,36094元/平,高楼层 (共6层) | 2008年 | 5室1厅 | 180.09平米 | 南 北,https://ke-image.ljcdn.com/110000-inspection/29e17ec3-2318-4c25-aca5-067fa66e3bbe_1000.jpg!m_fill,w_280,h_210,f_jpg?from=ke.com
20241016,朝阳,百子湾,101124939083,美利山 2室1厅 东北,550万,55935元/平,高楼层 (共24层) | 2011年 | 2室1厅 | 98.33平米 | 东北,https://ke-image.ljcdn.com/110000-inspection/pc1_HkCNeMtBi.jpg!m_fill,w_280,h_210,f_jpg?from=ke.com
20241016,朝阳,百子湾,101124926443,百子湾合生汇 近地铁 出行方便,465万,58616元/平,低楼层 (共23层) | 2005年 | 2室1厅 | 79.33平米 | 东,https://ke-image.ljcdn.com/110000-inspection/pc1_KNrP7L2z7.jpg!m_fill,w_280,h_210,f_jpg?from=ke.com
20241016,朝阳,百子湾,101124887616,金海国际北区 2室1厅 东 西,650万,56326元/平,中楼层 (共12层) 2室1厅 | 115.4平米 | 东 西,https://ke-image.ljcdn.com/110000-inspection/pc1_2Pzo0G7y0_1.jpg!m_fill,w_280,h_210,f_jpg?from=ke.com
20241016,朝阳,百子湾,101124863627,金泰先锋北区 全南向两居 观小区花园,700万,76629元/平,低楼层 (共18层) | 2008年 | 2室1厅 | 91.35平米 | 南,https://ke-image.ljcdn.com/110000-inspection/76f6c2b7-5bdf-435e-bc7b-5a0435a2aba9_1000.jpg!m_fill,w_280,h_210,f_jpg?from=ke.com
20241016,朝阳,百子湾,101124860156,百子湾家园二区、商品房满五年唯一、对花园位置好,445万,44051元/平,低楼层 (共24层) | 2006年 | 2室1厅 | 101.02平米 | 南,https://ke-image.ljcdn.com/110000-inspection/7aaa8e04-a878-496b-a65d-403b38f4f6fc_1000.jpg!m_fill,w_280,h_210,f_jpg?from=ke.com
20241016,朝阳,百子湾,101124790493,国贸附近 江南春晓精装大三居 看房随时 诚心出售,990万,64744元/平,低楼层 (共19层) | 2006年 | 3室2厅 | 152.91平米 | 南 西 北,https://ke-image.ljcdn.com/110000-inspection/acd425f8-aecc-4999-a330-16ea4c01987b_1000.jpg!m_fill,w_280,h_210,f_jpg?from=ke.com
20241016,朝阳,百子湾,101124767876,满五唯一东西朝向中间楼层看房方便诚意卖房主自荐,328万,47120元/平,中楼层 (共25层) 1室1厅 | 69.61平米 | 东 西,https://ke-image.ljcdn.com/110000-inspection/5bef8c88-89b2-4f68-9452-ba844080bda9_1000.jpg!m_fill,w_280,h_210,f_jpg?from=ke.com
20241016,朝阳,百子湾,101124684378,沿海赛洛城自住装修复式 视野开阔 无遮挡 装保养好房主自荐,860万,89940元/平,顶层 (共9层) | 2008年 | 3室1厅 | 95.62平米 | 南 北,https://ke-image.ljcdn.com/110000-inspection/pc1_QfkbUdb4m.jpg!m_fill,w_280,h_210,f_jpg?from=ke.com
20241016,朝阳,百子湾,101124679625,东四环 大成国际 精装复式业主诚意出售房主自荐,320万,75848元/平,高楼层 (共12层) | 2007年 | 1室1厅 | 42.19平米 | 北,https://ke-image.ljcdn.com/110000-inspection/72703c95-6e0f-413a-8e30-c5527ce95ac2_1000.jpg!m_fill,w_280,h_210,f_jpg?from=ke.com
20241016,朝阳,百子湾,101124674321,沿海赛洛城三期 1室0厅 北,306万,62500元/平,顶层 (共14层) | 2007年 | 1室0厅 | 48.96平米 | 北,https://ke-image.ljcdn.com/110000-inspection/42dbb074-c960-42bf-8e94-df3687117e93_1000.jpg!m_fill,w_280,h_210,f_jpg?from=ke.com
20241016,朝阳,百子湾,101124673480,沿海赛洛城二期 南北通透下跃 采光好无遮挡房主自荐,900万,54798元/平,底层 (共4层) | 2007年 | 3室1厅 | 164.24平米 | 南 北,https://ke-image.ljcdn.com/110000-inspection/b4d898a1-4155-4201-a612-673345e39906_1000.jpg!m_fill,w_280,h_210,f_jpg?from=ke.com
20241016,朝阳,百子湾,101124573430,美利山全新装修两居室一直自己住保养如新,463万,55297元/平,中楼层 (共24层) | 2011年 | 2室1厅 | 83.73平米 | 西,https://ke-image.ljcdn.com/110000-inspection/pc1_jvDixuK9l.jpg!m_fill,w_280,h_210,f_jpg?from=ke.com
20241016,朝阳,百子湾,101124518182,观音惠园 2室1厅 南 北,320万,31870元/平,顶层 (共6层) 2室1厅 | 100.41平米 | 南 北,https://ke-image.ljcdn.com/110000-inspection/747dc809-cb43-4498-af95-2e7f44bcd660_1000.jpg!m_fill,w_280,h_210,f_jpg?from=ke.com
20241016,朝阳,百子湾,101124496492,金海国际北区婚房装修四居室业主诚意价格可谈,1120万,56110元/平,中楼层 (共13层) | 2005年 | 4室2厅 | 199.61平米 | 南 北,https://ke-image.ljcdn.com/110000-inspection/pc1_OAdNBmpp7_2.jpg!m_fill,w_280,h_210,f_jpg?from=ke.com
20241016,朝阳,百子湾,101124363861,沿海赛洛城六期 复式户型 采光好 精装修,1030万,74855元/平,顶层 (共7层) 6室1厅 | 137.6平米 | 南 北,https://ke-image.ljcdn.com/110000-inspection/5435a343-24b9-46b0-83a7-9e83004955e6_1000.jpg!m_fill,w_280,h_210,f_jpg?from=ke.com
20241016,朝阳,百子湾,101124358118,沿海三期北向开间 满五年唯一 中高层 视野开阔房主自荐,249万,50858元/平,中楼层 (共14层) | 2007年 | 1室0厅 | 48.96平米 | 北,https://ke-image.ljcdn.com/110000-inspection/pc1_OBxE4zSXv_1.jpg!m_fill,w_280,h_210,f_jpg?from=ke.com
20241016,朝阳,百子湾,101124349909,沿海赛洛城七期 一梯两户 2009年交房 公摊小,785万,56233元/平,高楼层 (共9层) 3室2厅 | 139.6平米 | 南 北,https://ke-image.ljcdn.com/110000-inspection/fd263319-8687-4a15-a3da-7262a67a4400_1000.jpg!m_fill,w_280,h_210,f_jpg?from=ke.com
20241016,朝阳,百子湾,101124333055,中海安德鲁斯庄园西区优质房源业主诚心出售,1970万,53991元/平,地下室 (共3层) | 2006年 | 8室2厅 | 364.88平米 | 南 北,https://ke-image.ljcdn.com/110000-inspection/b252c70e-8e6c-45a1-9921-6ca78bead442_1000.jpg!m_fill,w_280,h_210,f_jpg?from=ke.com
20241016,朝阳,百子湾,101124306157,地铁七号线 百子湾站 东南双卧朝南 近地铁 视野棒,375万,55123元/平,中楼层 (共18层) | 2008年 | 1室1厅 | 68.03平米 | 西,https://ke-image.ljcdn.com/110000-inspection/e1c8a5f0-2415-4b83-81ed-c19055eeb402_1000.jpg!m_fill,w_280,h_210,f_jpg?from=ke.com
20241016,朝阳,百子湾,101124277803,边户联排 客厅挑空5.7米 双车位央企物业管家服务,1800万,49981元/平,地下室 (共3层) 5室2厅 | 360.14平米 | 南 北,https://ke-image.ljcdn.com/110000-inspection/pc1_jVsDHHYKv.jpg!m_fill,w_280,h_210,f_jpg?from=ke.com
20241016,朝阳,百子湾,101124256288,沿海赛洛城四期 精装修 采光好 无遮挡房主自荐,850万,64551元/平,顶层 (共3层) 3室2厅 | 131.68平米 | 南 北,https://ke-image.ljcdn.com/110000-inspection/0bfbcbff-074f-4ded-a62c-63607b82343d_1000.jpg!m_fill,w_280,h_210,f_jpg?from=ke.com
20241016,朝阳,百子湾,101124219844,大成国际  采光好 无遮挡 精装修 业主在京随时签约,175万,43317元/平,中楼层 (共21层) | 2007年 | 1室0厅 | 40.4平米 | 北,https://ke-image.ljcdn.com/110000-inspection/c91387f3-40a1-40a3-8c55-c754c673b374_1000.jpg!m_fill,w_280,h_210,f_jpg?from=ke.com
20241016,朝阳,百子湾,101124172034,满五唯一东南向户型好采光好复式户型 精装修,850万,100963元/平,顶层 (共9层) 4室2厅 | 84.19平米 | 东 南,https://ke-image.ljcdn.com/110000-inspection/034633c5-5d7d-49f8-8038-c28c84110f13_1000.jpg!m_fill,w_280,h_210,f_jpg?from=ke.com
20241016,朝阳,百子湾,101124164234,南北一居室  对小区花园 无遮挡 精装修 星空顶阳台,430万,62921元/平,高楼层 (共22层) 1室1厅 | 68.34平米 | 南 北,https://ke-image.ljcdn.com/110000-inspection/2d706f36-452e-443d-a06b-127442de24a8_1000.jpg!m_fill,w_280,h_210,f_jpg?from=ke.com
20241016,朝阳,百子湾,101124147925,东四环 大成国际 南向开间 业主诚意出售,215万,39385元/平,高楼层 (共21层) | 2007年 | 1室0厅 | 54.59平米 | 南,https://ke-image.ljcdn.com/110000-inspection/cc5130db-5ac7-44dc-96f9-b0698dc4483e_1000.jpg!m_fill,w_280,h_210,f_jpg?from=ke.com
20241016,朝阳,百子湾,101124110496,金海国际北区 高层边户型  全明格局户型方正,1185万,59497元/平,高楼层 (共13层) | 2005年 | 4室2厅 | 199.17平米 | 东 南 北,https://ke-image.ljcdn.com/110000-inspection/pc1_CpzoNSwJ8_2.jpg!m_fill,w_280,h_210,f_jpg?from=ke.com
20241016,朝阳,百子湾,101124077408,金都杭城西北一居  景观好 观国贸,470万,72319元/平,低楼层 (共26层) | 2009年 | 1室1厅 | 64.99平米 | 西北,https://ke-image.ljcdn.com/110000-inspection/60280008-a398-410b-acf0-fc34444f064a_1000.jpg!m_fill,w_280,h_210,f_jpg?from=ke.com
20241016,朝阳,百子湾,101124070840,百子湾家园一区 2室1厅 南,505万,49034元/平,低楼层 (共21层) | 2006年 | 2室1厅 | 102.99平米 | 南,https://ke-image.ljcdn.com/110000-inspection/048dacaf-83d9-46fe-a5b2-33f2130b000c_1000.jpg!m_fill,w_280,h_210,f_jpg?from=ke.com
20241016,朝阳,百子湾,101123962783,金都杭城西区 3室2厅 南 西 北,958万,62378元/平,中楼层 (共19层) | 2006年 | 3室2厅 | 153.58平米 | 南 西 北,https://ke-image.ljcdn.com/110000-inspection/pc1_Qw2yS1UfO_1.jpg!m_fill,w_280,h_210,f_jpg?from=ke.com
20241016,朝阳,百子湾,101123933649,金海国际南区 东南大两居 满五唯一 随时看房 随时签约,570万,52453元/平,中楼层 (共23层) | 2005年 | 2室1厅 | 108.67平米 | 东南,https://ke-image.ljcdn.com/110000-inspection/pc1_ewXKIl914.jpg!m_fill,w_280,h_210,f_jpg?from=ke.com
20241016,朝阳,百子湾,101123930155,沿海赛洛城 车位,24万,3533元/平,地下室 (共15层) 1室0厅 | 67.95平米 | 东,https://ke-image.ljcdn.com/110000-inspection/f9fd2e38-9e83-486c-a063-4394100db096_1000.jpg!m_fill,w_280,h_210,f_jpg?from=ke.com
20241016,朝阳,百子湾,101123900882,国贸附近2公里大成国际温馨大复式 只显示单层面积,310万,73547元/平,低楼层 (共12层) | 2007年 | 2室1厅 | 42.15平米 | 北,https://ke-image.ljcdn.com/110000-inspection/a94e4d47-965f-42d2-bcad-749f8a2bbd62_1000.jpg!m_fill,w_280,h_210,f_jpg?from=ke.com
20241016,朝阳,百子湾,101123856981,大复式 高层视野好 使用面积300平 大家庭优选,990万,64521元/平,顶层 (共8层) 6室2厅 | 153.44平米 | 南 北,https://ke-image.ljcdn.com/110000-inspection/pc1_W95cOVjiu_1.jpg!m_fill,w_280,h_210,f_jpg?from=ke.com
20241016,朝阳,百子湾,101123791078,金泰先锋北区 中层三居室 户型方正 南北通透 不临街,998万,76906元/平,中楼层 (共16层) | 2008年 | 3室1厅 | 129.77平米 | 南 北,https://ke-image.ljcdn.com/110000-inspection/f6c8d8cc-f571-48ef-9fa7-9979864d6349_1000.jpg!m_fill,w_280,h_210,f_jpg?from=ke.com
20241016,朝阳,百子湾,101123760500,金都杭城东区   客厅6米层高  满五唯一  诚意出售,1060万,80285元/平,顶层 (共11层) | 2009年 | 3室2厅 | 132.03平米 | 南 北 西,https://ke-image.ljcdn.com/110000-inspection/26015c75-6aef-4fb1-b1a5-6232fd1f0525_1000.jpg!m_fill,w_280,h_210,f_jpg?from=ke.com
20241016,朝阳,百子湾,101123671372,沿海赛洛城二期精装两居室2021年重金装修,620万,59639元/平,中楼层 (共19层) | 2007年 | 2室1厅 | 103.96平米 | 南 北,https://ke-image.ljcdn.com/110000-inspection/40cf8ea8-75bb-45a7-ba50-db4a32824608_1000.jpg!m_fill,w_280,h_210,f_jpg?from=ke.com
20241016,朝阳,百子湾,101123625481,金海国际南区 高楼层 两居两卫 满五年唯一  诚意卖,575万,52913元/平,高楼层 (共23层) | 2005年 | 2室1厅 | 108.67平米 | 西南,https://ke-image.ljcdn.com/110000-inspection/7582762b-4e88-4162-aa37-f35b4abaab30_1000.jpg!m_fill,w_280,h_210,f_jpg?from=ke.com
20241016,朝阳,百子湾,101123608763,金泰先锋紧凑两居户型方正近地铁,520万,61619元/平,低楼层 (共18层) | 2008年 | 2室1厅 | 84.39平米 | 西北,https://ke-image.ljcdn.com/110000-inspection/494593a2-40f5-4672-93eb-1da8500ab801_1000.jpg!m_fill,w_280,h_210,f_jpg?from=ke.com
20241016,朝阳,百子湾,101123541293,满五年家庭名下一套住房无遮挡全明格局 东四环地铁,500万,52395元/平,底层 (共18层) | 2006年 | 2室1厅 | 95.43平米 | 南 北,https://ke-image.ljcdn.com/110000-inspection/pc1_0Tr24axgx_1.jpg!m_fill,w_280,h_210,f_jpg?from=ke.com
20241016,朝阳,百子湾,101123484271,大成国际 2居复式 满五唯一 70年产权 民水民电 诚意卖,320万,75920元/平,低楼层 (共11层) | 2007年 | 2室1厅 | 42.15平米 | 北,https://ke-image.ljcdn.com/110000-inspection/1e976e49-f014-40a0-9551-1dcd5fd714b5_1000.jpg!m_fill,w_280,h_210,f_jpg?from=ke.com
20241016,朝阳,百子湾,101123470422,CBD国际高尔夫别墅 2室1厅 南 北,769万,63329元/平,低楼层 (共3层) | 2006年 | 2室1厅 | 121.43平米 | 南 北,https://ke-image.ljcdn.com/110000-inspection/63e31632-d8a0-46c5-a429-e108534e66a2_1000.jpg!m_fill,w_280,h_210,f_jpg?from=ke.com
20241016,朝阳,百子湾,101123382027,双拼别墅 花园216平 中海物业 单价不到6万,2500万,52897元/平,地下室 (共3层) 8室3厅 | 472.62平米 | 南 北,https://ke-image.ljcdn.com/110000-inspection/pc1_7VFYM6K2J.jpg!m_fill,w_280,h_210,f_jpg?from=ke.com
20241016,朝阳,百子湾,101123377811,沿海赛洛城七期 南北通透 采光好 位置安静房主自荐,780万,56819元/平,顶层 (共6层) 3室1厅 | 137.28平米 | 南 北,https://ke-image.ljcdn.com/110000-inspection/4ba8e223-6695-4c77-bbce-20add105f530_1000.jpg!m_fill,w_280,h_210,f_jpg?from=ke.com
20241016,朝阳,百子湾,101123376653,近国贸 中海物业 精装联排别墅 诚意出售,1880万,54641元/平,地下室 (共3层) | 2006年 | 6室2厅 | 344.07平米 | 南 北,https://ke-image.ljcdn.com/110000-inspection/18db6310-b090-4216-8902-b506c1050994_1000.jpg!m_fill,w_280,h_210,f_jpg?from=ke.com
20241016,朝阳,百子湾,101123339894,沿海赛洛城  西南三居  业主诚意出售,680万,51298元/平,高楼层 (共24层) 3室1厅 | 132.56平米 | 西南,https://ke-image.ljcdn.com/110000-inspection/2a7610bf-e2a0-4163-a9de-cb6d1e9b9955_1000.jpg!m_fill,w_280,h_210,f_jpg?from=ke.com
20241016,朝阳,百子湾,101123232569,沿海赛洛城一期 东西通透 满五年 一居室精装 出售房主自荐,470万,67134元/平,底层 (共6层) 1室1厅 | 70.01平米 | 西 东,https://ke-image.ljcdn.com/110000-inspection/3e22d2a6-72c1-4ab5-b75d-6af49bcba9ad_1000.jpg!m_fill,w_280,h_210,f_jpg?from=ke.com
20241016,朝阳,百子湾,101123217415,沿海赛洛城四期南北朝向采光好视野充足,839万,58709元/平,顶层 (共3层) 3室1厅 | 142.91平米 | 南 北,https://ke-image.ljcdn.com/110000-inspection/89e38476-28e8-4536-bba1-99b5a45fe3a8_1000.jpg!m_fill,w_280,h_210,f_jpg?from=ke.com
20241016,朝阳,百子湾,101123146084,明厨明卫 户型方正 满五唯一 得房率83%房主自荐,670万,55648元/平,底层 (共4层) | 2007年 | 3室2厅 | 120.4平米 | 东 南 北,https://ke-image.ljcdn.com/110000-inspection/58404b32-fa34-4ac5-bdbe-78963e6b5f08_1000.jpg!m_fill,w_280,h_210,f_jpg?from=ke.com
20241016,朝阳,百子湾,101123140957,东四环大成国际精装三居室业主诚意出售,499万,42947元/平,低楼层 (共21层) | 2007年 | 3室1厅 | 116.19平米 | 西南,https://ke-image.ljcdn.com/110000-inspection/pc1_VGxtFanXQ.jpg!m_fill,w_280,h_210,f_jpg?from=ke.com
20241016,朝阳,百子湾,101123109473,东西通透两居 满五年唯一 自住看房方便,455万,53511元/平,低楼层 (共8层) | 2009年 | 2室1厅 | 85.03平米 | 东 西,https://ke-image.ljcdn.com/110000-inspection/pc1_VhS4afV5b.jpg!m_fill,w_280,h_210,f_jpg?from=ke.com
20241016,朝阳,百子湾,101123054056,观音惠园南北两居室自住装修好,368万,36397元/平,顶层 (共6层) 2室1厅 | 101.11平米 | 南 北,https://ke-image.ljcdn.com/110000-inspection/6dab2d91-7ed2-4a55-9f12-460e0f343b08_1000.jpg!m_fill,w_280,h_210,f_jpg?from=ke.com
20241016,朝阳,百子湾,101122874030,满五唯一 户型方正 诚意出售 配合签约,285万,50803元/平,低楼层 (共24层) | 2007年 | 1室1厅 | 56.1平米 | 东,https://ke-image.ljcdn.com/110000-inspection/pc1_O24eqO0Uf_2.jpg!m_fill,w_280,h_210,f_jpg?from=ke.com
20241016,朝阳,百子湾,101122771329,满二年 精装修 近地铁 看房方便,380万,45966元/平,低楼层 (共24层) | 2011年 | 1室2厅 | 82.67平米 | 西,https://ke-image.ljcdn.com/110000-inspection/pc1_z0HV6b94R_1.jpg!m_fill,w_280,h_210,f_jpg?from=ke.com
20241016,朝阳,百子湾,101122660229,满五年唯一近地铁带南向三居,550万,57628元/平,中楼层 (共24层) | 2011年 | 3室1厅 | 95.44平米 | 西南,https://ke-image.ljcdn.com/110000-inspection/fedf9132-197f-4c32-b13c-28acc2699679_1000.jpg!m_fill,w_280,h_210,f_jpg?from=ke.com
20241016,朝阳,百子湾,101122517962,下叠别墅 满五年唯一 南向花园 诚意出售,1480万,51619元/平,地下室 (共4层) | 2006年 | 4室2厅 | 286.72平米 | 南 北,https://ke-image.ljcdn.com/110000-inspection/pc1_Xz6Jbnk1v_1.jpg!m_fill,w_280,h_210,f_jpg?from=ke.com
20241016,朝阳,百子湾,101122440557,金都杭城西区 下跃户型    采光好  诚意出售,1620万,105938元/平,底层 (共17层) | 2006年 | 4室1厅 | 152.92平米 | 南 北,https://ke-image.ljcdn.com/110000-inspection/pc1_iJsSKFvJ7.jpg!m_fill,w_280,h_210,f_jpg?from=ke.com
20241016,朝阳,百子湾,101122381454,精装大三居户型方正高楼层采光视野好带阳台。房主自荐,628万,51274元/平,中楼层 (共18层) | 2007年 | 3室1厅 | 122.48平米 | 西 东 南,https://ke-image.ljcdn.com/110000-inspection/pc1_F1swNlTCk_1.jpg!m_fill,w_280,h_210,f_jpg?from=ke.com
20241016,朝阳,百子湾,101122018919,观音惠园 满五唯一商品房 诚心出售 看房方便,378万,42005元/平,顶层 (共6层) 2室1厅 | 89.99平米 | 南 北,https://ke-image.ljcdn.com/110000-inspection/pc1_rBYj5CVOl_1.jpg!m_fill,w_280,h_210,f_jpg?from=ke.com
20241016,朝阳,百子湾,101121884809,不临街安静宜居户型方正诚意出售,695万,49993元/平,低楼层 (共9层) 3室1厅 | 139.02平米 | 南 北,https://ke-image.ljcdn.com/110000-inspection/pc1_sjGUzUUFk_1.jpg!m_fill,w_280,h_210,f_jpg?from=ke.com
20241016,朝阳,百子湾,101121852319,东四环7号线地铁金泰先锋西南两局,640万,69437元/平,中楼层 (共18层) | 2008年 | 2室1厅 | 92.17平米 | 西南,https://ke-image.ljcdn.com/110000-inspection/23f93cea-ea06-4155-90d2-793c5ebf7044_1000.jpg!m_fill,w_280,h_210,f_jpg?from=ke.com
20241016,朝阳,百子湾,101121751559,金都杭城东区高楼层东北向一居室 诚意出售 看房方便房主自荐,480万,73983元/平,高楼层 (共26层) | 2009年 | 1室1厅 | 64.88平米 | 东北,https://ke-image.ljcdn.com/110000-inspection/7b9e74f0-8f35-4a37-9386-0007088048a6_1000.jpg!m_fill,w_280,h_210,f_jpg?from=ke.com
20241016,朝阳,百子湾,101121711645,建工动力苑 满五年 诚意卖 随时看房 随时签约,398万,59519元/平,低楼层 (共18层) 2室1厅 | 66.87平米 | 南,https://ke-image.ljcdn.com/110000-inspection/pc1_6cTLVAIZn_1.jpg!m_fill,w_280,h_210,f_jpg?from=ke.com
20241016,朝阳,百子湾,101121688009,房子是满五年唯一的户型格局通风好通透性好,350万,50281元/平,高楼层 (共25层) | 2009年 | 1室1厅 | 69.61平米 | 东 西,https://ke-image.ljcdn.com/110000-inspection/pc1_ljZ9L9SEU_1.jpg!m_fill,w_280,h_210,f_jpg?from=ke.com
20241016,朝阳,百子湾,101121674318,中海东区边户联排 北入户 南花园 位置安静,1480万,51455元/平,地下室 (共3层) 5室2厅 | 287.63平米 | 南 北,https://ke-image.ljcdn.com/110000-inspection/1e3fdfbd-ca65-4375-a2b5-9c6c5ffa434f_1000.jpg!m_fill,w_280,h_210,f_jpg?from=ke.com
20241016,朝阳,百子湾,101121634141,大成国际 南向开间 高层采光好 全新装修 诚意出售房主自荐,279万,51109元/平,高楼层 (共21层) | 2007年 | 1室0厅 | 54.59平米 | 南,https://ke-image.ljcdn.com/110000-inspection/pc1_xA9Rbndmw_1.jpg!m_fill,w_280,h_210,f_jpg?from=ke.com
20241016,朝阳,百子湾,101121473460,下叠别墅 客厅挑空 套内350平,1550万,54329元/平,地下室 (共4层) 6室2厅 | 285.3平米 | 南 北,https://ke-image.ljcdn.com/110000-inspection/pc1_rHU4Uj416_1.jpg!m_fill,w_280,h_210,f_jpg?from=ke.com
20241016,朝阳,百子湾,101121434593,诚意出售 沿海赛洛城精装两居 满五年唯一 仅契税房主自荐,540万,54918元/平,中楼层 (共24层) | 2011年 | 2室1厅 | 98.33平米 | 东北,https://ke-image.ljcdn.com/110000-inspection/0137ed7c-e846-4afb-a06a-2a5a49dd174a_1000.jpg!m_fill,w_280,h_210,f_jpg?from=ke.com
20241016,朝阳,百子湾,101121407876,东南北三居 双卫 前后对花园 明厨明卫房主自荐,608万,50499元/平,顶层 (共4层) | 2007年 | 3室2厅 | 120.4平米 | 东南 北,https://ke-image.ljcdn.com/110000-inspection/pc1_MRMeeyDCu.jpg!m_fill,w_280,h_210,f_jpg?from=ke.com
20241016,朝阳,百子湾,101121243135,金都杭城西区  满五唯一 高楼层 视野好 看房方便,950万,61858元/平,顶层 (共19层) | 2006年 | 3室2厅 | 153.58平米 | 西 南 北,https://ke-image.ljcdn.com/110000-inspection/482c0bc4-815c-41c1-87f9-5d1ce676bbf3_1000.jpg!m_fill,w_280,h_210,f_jpg?from=ke.com
20241016,朝阳,百子湾,101121212320,大成国际  满五唯一  南向复式  诚意出售,417万,72801元/平,中楼层 (共12层) | 2007年 | 1室1厅 | 57.28平米 | 南,https://ke-image.ljcdn.com/110000-inspection/cb98115d-3550-4146-9d4e-5bca6af3481f_1000.jpg!m_fill,w_280,h_210,f_jpg?from=ke.com
20241016,朝阳,百子湾,101121189465,满五唯一南北通透一梯两户有两层地下有花园,890万,66270元/平,底层 (共11层) | 2007年 | 3室1厅 | 134.3平米 | 南 北,https://ke-image.ljcdn.com/110000-inspection/pc1_0Gq7OJw2N.jpg!m_fill,w_280,h_210,f_jpg?from=ke.com
20241016,朝阳,百子湾,101121186211,此房满五唯一南北通透两居室户型方正前后不临街,360万,39496元/平,高楼层 (共6层) 2室1厅 | 91.15平米 | 南 北,https://ke-image.ljcdn.com/110000-inspection/pc1_6ku8dXCFL_1.jpg!m_fill,w_280,h_210,f_jpg?from=ke.com
20241016,朝阳,百子湾,101120977664,大成国际南向复式  采光好  看房方便  诚意出售房主自荐,399万,69658元/平,中楼层 (共12层) | 2007年 | 2室1厅 | 57.28平米 | 南,https://ke-image.ljcdn.com/110000-inspection/pc1_sotW9QtYG_1.jpg!m_fill,w_280,h_210,f_jpg?from=ke.com
20241016,朝阳,百子湾,101120962579,百子湾家园三区 精装两居 南向高层采光好,550万,54012元/平,中楼层 (共16层) | 2006年 | 2室1厅 | 101.83平米 | 南,https://ke-image.ljcdn.com/110000-inspection/pc1_KnLe1e0Qo.jpg!m_fill,w_280,h_210,f_jpg?from=ke.com
20241016,朝阳,百子湾,101120921954,沿海赛洛城二期 东西通透两居室 采光好 无遮挡,573万,63246元/平,低楼层 (共11层) 2室1厅 | 90.6平米 | 东 西,https://ke-image.ljcdn.com/110000-inspection/5dfdfd06-000e-4931-bebc-6cc9f8e39819_1000.jpg!m_fill,w_280,h_210,f_jpg?from=ke.com
20241016,朝阳,百子湾,101120917659,金海国际南区 车位充足 楼层高视野好两居两卫房主自荐,590万,54293元/平,中楼层 (共23层) 2室2厅 | 108.67平米 | 西南,https://ke-image.ljcdn.com/110000-inspection/d69fcc5c-32a3-48ce-8167-16f91ae587bc_1000.jpg!m_fill,w_280,h_210,f_jpg?from=ke.com
20241016,朝阳,百子湾,101120911876,东四环百子湾 金海国际南区 南北通透 近地铁,898万,59947元/平,低楼层 (共18层) 3室2厅 | 149.8平米 | 南 北,https://ke-image.ljcdn.com/110000-inspection/c7500ac1-dd08-457f-84f7-460a88280b34_1000.jpg!m_fill,w_280,h_210,f_jpg?from=ke.com
20241016,朝阳,百子湾,101120904939,沿海赛洛城五期东向一居室满五唯一商品房,365万,68047元/平,低楼层 (共25层) 1室1厅 | 53.64平米 | 东,https://ke-image.ljcdn.com/110000-inspection/pc1_FaeDseBkT_1.jpg!m_fill,w_280,h_210,f_jpg?from=ke.com
20241016,朝阳,百子湾,101120754024,方正两室两卫明亮客厅主客卧全南飘窗满五唯一,828万,67002元/平,高楼层 (共19层) | 2006年 | 2室2厅 | 123.58平米 | 南,https://ke-image.ljcdn.com/110000-inspection/03bffaf7-1dc2-495a-953d-4fb2d0ac442e_1000.jpg!m_fill,w_280,h_210,f_jpg?from=ke.com
20241016,朝阳,百子湾,101120744171,美利山 1室1厅 西,428万,51791元/平,中楼层 (共24层) | 2011年 | 1室1厅 | 82.64平米 | 西,https://ke-image.ljcdn.com/110000-inspection/pc1_cc7cKsceV_1.jpg!m_fill,w_280,h_210,f_jpg?from=ke.com
20241016,朝阳,百子湾,101120619741,美利山西向大一居中高楼层精装修户型方正,485万,57925元/平,中楼层 (共24层) | 2011年 | 2室1厅 | 83.73平米 | 西,https://ke-image.ljcdn.com/110000-inspection/a9f04ff1-1f6a-4430-8472-5106fb9d0d2b_1000.jpg!m_fill,w_280,h_210,f_jpg?from=ke.com
20241016,朝阳,百子湾,101120605558,中海西区联排 南入户北花园满五年唯一,1498万,51894元/平,地下室 (共3层) 4室2厅 | 288.67平米 | 南 北,https://ke-image.ljcdn.com/110000-inspection/pc1_spwsQBIU1_1.jpg!m_fill,w_280,h_210,f_jpg?from=ke.com
20241016,朝阳,百子湾,101120576391,中海安德鲁斯庄园西区 4室2厅 南 北,1200万,47920元/平,中楼层 (共4层) | 2006年 | 4室2厅 | 250.42平米 | 南 北,https://ke-image.ljcdn.com/110000-inspection/pc1_bdQ7CTLqF_1.jpg!m_fill,w_280,h_210,f_jpg?from=ke.com
20241016,朝阳,百子湾,101120541335,下两层正规复式高楼层南向正观小区花园不临街。,608万,86034元/平,顶层 (共18层) | 2007年 | 3室1厅 | 70.67平米 | 南,https://ke-image.ljcdn.com/110000-inspection/b603cc17-965f-49d4-9e49-5064e74494d8_1000.jpg!m_fill,w_280,h_210,f_jpg?from=ke.com
20241016,朝阳,百子湾,101120475691,大成国际 房本算单层面积 业主诚意出售 南向采光好,437万,76292元/平,顶层 (共11层) | 2007年 | 1室1厅 | 57.28平米 | 南,https://ke-image.ljcdn.com/110000-inspection/f78d01be-7621-43db-8660-8dc247766c51_1000.jpg!m_fill,w_280,h_210,f_jpg?from=ke.com
20241016,朝阳,百子湾,101120434011,央企开发 城中联排别墅 管家式服务 上三下一,1380万,48298元/平,地下室 (共3层) 5室2厅 | 285.73平米 | 南 北,https://ke-image.ljcdn.com/110000-inspection/d7b90b1a-251c-490c-b31c-0b3b3904d1e4_1000.jpg!m_fill,w_280,h_210,f_jpg?from=ke.com
20241016,朝阳,百子湾,101120382263,金海国际南区+满五年唯一南北三居室+不临路房主自荐,799万,51971元/平,中楼层 (共23层) | 2005年 | 3室2厅 | 153.74平米 | 南 北,https://ke-image.ljcdn.com/110000-inspection/ed3c2f23-e2e9-4809-b638-b1d9deb1293b_1000.jpg!m_fill,w_280,h_210,f_jpg?from=ke.com
20241016,朝阳,百子湾,101120357265,满五年唯一全明格局两居室带南向预算550万左右,468万,57771元/平,中楼层 (共11层) | 2008年 | 2室1厅 | 81.01平米 | 西南 北,https://ke-image.ljcdn.com/110000-inspection/091c46f1-e2a5-4417-b356-56a22e7c7e06_1000.jpg!m_fill,w_280,h_210,f_jpg?from=ke.com
20241016,朝阳,百子湾,101120322788,中海安德鲁斯庄园东区 上叠户型 位置安静 采光好房主自荐,1030万,45618元/平,中楼层 (共4层) | 2005年 | 4室3厅 | 225.79平米 | 南 北,https://ke-image.ljcdn.com/110000-inspection/pc1_Mmm4Yw8Ed.jpg!m_fill,w_280,h_210,f_jpg?from=ke.com
20241016,朝阳,百子湾,101120302686,商品房  视野开阔 采光充足 无遮挡 高层三居房主自荐,640万,59903元/平,顶层 (共16层) | 2006年 | 3室1厅 | 106.84平米 | 南 西,https://ke-image.ljcdn.com/110000-inspection/pc1_Z0UZWQXxW_1.jpg!m_fill,w_280,h_210,f_jpg?from=ke.com
20241016,朝阳,百子湾,101120165652,大成国际 北向开间 视野开阔 满五唯一靠谱卖,239万,59335元/平,低楼层 (共21层) | 2007年 | 1室0厅 | 40.28平米 | 北,https://ke-image.ljcdn.com/110000-inspection/pc1_aVL7EywXe_2.jpg!m_fill,w_280,h_210,f_jpg?from=ke.com
20241016,朝阳,百子湾,101120154866,国贸附近 大成国际 东向开间 诚意出售,235万,48816元/平,顶层 (共21层) | 2007年 | 1室0厅 | 48.14平米 | 东,https://ke-image.ljcdn.com/110000-inspection/f712cd80-2457-4207-b722-5254db4476e3_1000.jpg!m_fill,w_280,h_210,f_jpg?from=ke.com
20241016,朝阳,百子湾,101120146334,沿海赛洛城一期小复式户型业主急售,500万,84204元/平,顶层 (共8层) | 2007年 | 2室1厅 | 59.38平米 | 西,https://ke-image.ljcdn.com/110000-inspection/f49482d2-6436-415c-b0d0-866cd48887c7_1000.jpg!m_fill,w_280,h_210,f_jpg?from=ke.com
20241016,朝阳,百子湾,101119951840,观音惠园商品房复式南北双通透得房率92.5%,789万,37933元/平,顶层 (共6层) 4室2厅 | 208平米 | 南 北,https://ke-image.ljcdn.com/110000-inspection/957537d7-446d-4669-9386-bc91e73c784e_1000.jpg!m_fill,w_280,h_210,f_jpg?from=ke.com
20241016,朝阳,百子湾,101119864500,金都杭城西区 南北通透3居室 诚意出售,1050万,82613元/平,中楼层 (共20层) | 2006年 | 3室1厅 | 127.1平米 | 南 北,https://ke-image.ljcdn.com/110000-inspection/32ce3385-0acd-43d5-b802-a971f0659968_1000.jpg!m_fill,w_280,h_210,f_jpg?from=ke.com
20241016,朝阳,百子湾,101119798056,沿海赛洛城四期 精装修 LOFT,160万,31734元/平,中楼层 (共17层) | 2010年 | 1室1厅 | 50.42平米 | 北,https://ke-image.ljcdn.com/110000-inspection/pc1_vMmURwpSu_1.jpg!m_fill,w_280,h_210,f_jpg?from=ke.com
20241016,朝阳,百子湾,101119716389,此房满五年唯一三层复式南北通透,860万,128053元/平,顶层 (共10层) 3室2厅 | 67.16平米 | 南 北,https://ke-image.ljcdn.com/110000-inspection/pc1_reSEkqqWd_1.jpg!m_fill,w_280,h_210,f_jpg?from=ke.com
20241016,朝阳,百子湾,101119709147,《赛洛城示范区三期》南北通透 双卫 全景落地窗两居房主自荐,635万,62593元/平,中楼层 (共14层) | 2007年 | 2室1厅 | 101.45平米 | 南 北,https://ke-image.ljcdn.com/110000-inspection/78aa4e0c-678f-42ce-be58-05f07da639af_1000.jpg!m_fill,w_280,h_210,f_jpg?from=ke.com
20241016,朝阳,百子湾,101119669600,商品房南北通透采光视野开阔无遮挡,390万,38841元/平,高楼层 (共6层) 2室1厅 | 100.41平米 | 南 北,https://ke-image.ljcdn.com/110000-inspection/pc1_VhoSmpCKc_1.jpg!m_fill,w_280,h_210,f_jpg?from=ke.com
20241016,朝阳,百子湾,101119652618,金泰先锋北区 高层南北通透 全明格局三居室 无遮挡,1185万,85727元/平,高楼层 (共18层) | 2008年 | 3室2厅 | 138.23平米 | 南 北,https://ke-image.ljcdn.com/110000-inspection/ca2941fc-4106-485f-85c1-20f8a58f1d7e_1000.jpg!m_fill,w_280,h_210,f_jpg?from=ke.com
20241016,朝阳,百子湾,101119457397,沿海赛洛城一期车位-1层位置好,20万,4711元/平,地下室 (共15层) 1室0厅 | 42.46平米 | 东,https://ke-image.ljcdn.com/110000-inspection/852ade5e-30bd-485f-8772-33fd68cefc61_1000.jpg!m_fill,w_280,h_210,f_jpg?from=ke.com
20241016,朝阳,百子湾,101119441562,满五唯一、不临街中间位置.出行便利,290万,55931元/平,中楼层 (共11层) | 2008年 | 1室1厅 | 51.85平米 | 南,https://ke-image.ljcdn.com/110000-inspection/abfe4632-f405-4b8a-9659-c1aa8a4ded0c_1000.jpg!m_fill,w_280,h_210,f_jpg?from=ke.com
20241016,朝阳,百子湾,101119431100,大成国际 西向开间 高层观景 满5唯一,210万,57820元/平,高楼层 (共21层) | 2007年 | 1室0厅 | 36.32平米 | 西,https://ke-image.ljcdn.com/110000-inspection/pc1_XgrswdpI5_2.jpg!m_fill,w_280,h_210,f_jpg?from=ke.com
20241016,朝阳,百子湾,101119425059,采光视野无遮挡看房方便适合居住人车分流房主自荐,328万,68620元/平,顶层 (共18层) 1室1厅 | 47.8平米 | 西,https://ke-image.ljcdn.com/110000-inspection/da4fe4af-a117-41f2-b7c1-ea461d246649_1000.jpg!m_fill,w_280,h_210,f_jpg?from=ke.com
20241016,朝阳,百子湾,101119332260,《赛洛城示范区三期》南北通透 双卫生间大两居,730万,71957元/平,低楼层 (共14层) | 2007年 | 2室1厅 | 101.45平米 | 南 北,https://ke-image.ljcdn.com/110000-inspection/6d6491c4-c7ec-46f7-ad73-48386c08884b_1000.jpg!m_fill,w_280,h_210,f_jpg?from=ke.com
20241016,朝阳,百子湾,101119322506,精装上叠 低密社区  停车方便 双车位,1050万,45938元/平,中楼层 (共4层) | 2005年 | 4室2厅 | 228.57平米 | 南 北,https://ke-image.ljcdn.com/110000-inspection/814ab594-4ab0-4746-a092-a19f6ff36cbe_1000.jpg!m_fill,w_280,h_210,f_jpg?from=ke.com
20241016,朝阳,百子湾,101119283404,石门村路5号院 南北通透户型 采光好,420万,49634元/平,中楼层 (共5层) | 1999年 | 2室1厅 | 84.62平米 | 北 南,https://ke-image.ljcdn.com/110000-inspection/c1f2a8da-3179-4100-a966-a3ab8fe1a34d_1000.jpg!m_fill,w_280,h_210,f_jpg?from=ke.com
20241016,朝阳,百子湾,101119233250,中楼层全南两居 采光好 视野开阔 近商业地铁 诚意卖房主自荐,520万,50991元/平,中楼层 (共15层) | 2006年 | 2室1厅 | 101.98平米 | 南,https://ke-image.ljcdn.com/110000-inspection/pc1_ocoxu9LCh_1.jpg!m_fill,w_280,h_210,f_jpg?from=ke.com
20241016,朝阳,百子湾,101119225076,观音惠园 南北通透三居室满五唯一价格可谈,495万,39503元/平,顶层 (共6层) 3室1厅 | 125.31平米 | 南 北,https://ke-image.ljcdn.com/110000-inspection/pc1_9HtQNh9xY_1.jpg!m_fill,w_280,h_210,f_jpg?from=ke.com
20241016,朝阳,百子湾,101119147546,中海物业 纯别墅区 管家式服务 南花园联排,2220万,64641元/平,地下室 (共3层) | 2006年 | 5室2厅 | 343.44平米 | 南 北,https://ke-image.ljcdn.com/110000-inspection/pc1_UIg5Yz9o2_1.jpg!m_fill,w_280,h_210,f_jpg?from=ke.com
20241016,朝阳,百子湾,101119134806,沿海赛洛城二期南北通透两居室业主诚意出售,710万,68296元/平,中楼层 (共19层) | 2007年 | 2室1厅 | 103.96平米 | 南 北,https://ke-image.ljcdn.com/110000-inspection/91c00758-adb0-4146-9b0d-5cddc56a9e82_1000.jpg!m_fill,w_280,h_210,f_jpg?from=ke.com
20241016,朝阳,百子湾,101119042425,商品房满两年东西通透西向客厅和主卧室带大阳台,520万,61539元/平,顶层 (共5层) 2室1厅 | 84.5平米 | 东 西,https://ke-image.ljcdn.com/110000-inspection/pc1_bjeSlLEBc.jpg!m_fill,w_280,h_210,f_jpg?from=ke.com
20241016,朝阳,百子湾,101118864486,东四环 近国贸 百子湾家园三区 户型方正一居,340万,54769元/平,低楼层 (共19层) | 2006年 | 1室1厅 | 62.08平米 | 北,https://ke-image.ljcdn.com/110000-inspection/pc1_Y6xlDMAvu.jpg!m_fill,w_280,h_210,f_jpg?from=ke.com
20241016,朝阳,百子湾,101118793891,大成国际  满五年唯一 西向视野好 直观四环,165万,45430元/平,低楼层 (共21层) | 2007年 | 1室0厅 | 36.32平米 | 西,https://ke-image.ljcdn.com/110000-inspection/fd95c954-cfd8-4a10-b1d7-edec674f85a0_1000.jpg!m_fill,w_280,h_210,f_jpg?from=ke.com
20241016,朝阳,百子湾,101118784683,高楼层前后无遮挡封闭社区人车分流客厅带阳台,955万,90875元/平,高楼层 (共26层) | 2009年 | 2室1厅 | 105.09平米 | 南 北,https://ke-image.ljcdn.com/110000-inspection/66a2f63a-2886-4c75-bac6-65d691633cc2_1000.jpg!m_fill,w_280,h_210,f_jpg?from=ke.com
20241016,朝阳,百子湾,101118772404,大成国际南向复式    楼上楼下一样的层高  诚意出售,420万,73325元/平,中楼层 (共11层) | 2007年 | 1室1厅 | 57.28平米 | 南,https://ke-image.ljcdn.com/110000-inspection/02921e02-4fa5-4167-9235-6b37c006f943_1000.jpg!m_fill,w_280,h_210,f_jpg?from=ke.com
20241016,朝阳,百子湾,101118651870,金都杭城西区   下跃户型  业主精装出售   看房方便房主自荐,1350万,94202元/平,底层 (共17层) | 2006年 | 4室2厅 | 143.31平米 | 南 西 北,https://ke-image.ljcdn.com/110000-inspection/a71b9b27-5bb1-4e30-9e7a-bda9adb2a262_1000.jpg!m_fill,w_280,h_210,f_jpg?from=ke.com
20241016,朝阳,百子湾,101118537355,百子湾家园 南北通透两居 满五唯一,479万,48581元/平,底层 (共24层) | 2006年 | 2室1厅 | 98.6平米 | 南 北,https://ke-image.ljcdn.com/110000-inspection/pc1_9K8bvoTEE.jpg!m_fill,w_280,h_210,f_jpg?from=ke.com
20241016,朝阳,百子湾,101118291572,沿海赛洛城全明格局视野开阔无遮挡满5唯一。,1390万,38483元/平,高楼层 (共20层) 4室2厅 | 361.2平米 | 东 南 西,https://ke-image.ljcdn.com/110000-inspection/pc1_570z3shvv_2.jpg!m_fill,w_280,h_210,f_jpg?from=ke.com
20241016,朝阳,百子湾,101118197017,金泰先锋北区 南北通透  采光好 一梯两户 诚意出售房主自荐,821万,89240元/平,底层 (共10层) | 2010年 | 2室1厅 | 92平米 | 南 北,https://ke-image.ljcdn.com/110000-inspection/2c068777-d6c2-4d22-9af0-b9c9d8604a1d_1000.jpg!m_fill,w_280,h_210,f_jpg?from=ke.com
20241016,朝阳,百子湾,101118184916,房子户型好位置安静楼层好采光充足满五年,798万,66170元/平,低楼层 (共3层) 2室1厅 | 120.6平米 | 南 北,https://ke-image.ljcdn.com/110000-inspection/250ba7d2-fb0b-456f-8f8c-2b2d7a2fb5f6_1000.jpg!m_fill,w_280,h_210,f_jpg?from=ke.com
20241016,朝阳,百子湾,101118180598,户型方正南北通透明厨明卫2梯3户板楼房主自荐,750万,73479元/平,顶层 (共26层) | 2009年 | 2室2厅 | 102.07平米 | 南 北,https://ke-image.ljcdn.com/110000-inspection/2fde7dfd-ea18-4721-839b-3e55ff9e37a1_1000.jpg!m_fill,w_280,h_210,f_jpg?from=ke.com
20241016,朝阳,百子湾,101118139149,中海物业联排 客厅挑空6米 近国贸纯别墅区,1900万,55307元/平,地下室 (共3层) | 2005年 | 5室2厅 | 343.54平米 | 南 北,https://ke-image.ljcdn.com/110000-inspection/pc1_ky8bJdafV_1.jpg!m_fill,w_280,h_210,f_jpg?from=ke.com
20241016,朝阳,百子湾,101118104615,美利山 精装修 满五唯一 户型方正 大一居室,390万,55787元/平,中楼层 (共24层) | 2011年 | 1室1厅 | 69.91平米 | 东,https://ke-image.ljcdn.com/110000-inspection/pc1_k04yLW36W_1.jpg!m_fill,w_280,h_210,f_jpg?from=ke.com
20241016,朝阳,百子湾,101118055462,满五唯一商品房一层两户南北通透格局好通风好,865万,64529元/平,底层 (共4层) | 2007年 | 4室2厅 | 134.05平米 | 南 北,https://ke-image.ljcdn.com/110000-inspection/pc1_5cwygIeTR_1.jpg!m_fill,w_280,h_210,f_jpg?from=ke.com
20241016,朝阳,百子湾,101117996970,东西通透大阳台满五唯一精装修,530万,72633元/平,顶层 (共6层) | 2007年 | 2室1厅 | 72.97平米 | 东 西,https://ke-image.ljcdn.com/110000-inspection/pc1_1f3WLWJhI_1.jpg!m_fill,w_280,h_210,f_jpg?from=ke.com
20241016,朝阳,百子湾,101117984634,金海国际北区 南北四居室 全明格局 装修好 拎包入住,1280万,65031元/平,低楼层 (共13层) | 2005年 | 4室2厅 | 196.83平米 | 南 北,https://ke-image.ljcdn.com/110000-inspection/c1892358-1235-464c-ba91-87ea2f929fee_1000.jpg!m_fill,w_280,h_210,f_jpg?from=ke.com
20241016,朝阳,百子湾,101117929845,沿海赛洛城上下两层算一层面积南北通透前后看花园,1250万,94404元/平,顶层 (共9层) 3室2厅 | 132.41平米 | 南 北,https://ke-image.ljcdn.com/110000-inspection/79ba3f59-6977-4c46-ad8f-c54799d4e2db_1000.jpg!m_fill,w_280,h_210,f_jpg?from=ke.com
20241016,朝阳,百子湾,101117888832,CBD国际高尔夫别墅临湖独栋别墅带私家院落,3600万,80180元/平,地下室 (共2层) | 2006年 | 4室2厅 | 448.99平米 | 南 北,https://ke-image.ljcdn.com/110000-inspection/aeb8167c-0548-4ce6-a0a0-61a04ed38b6a_1000.jpg!m_fill,w_280,h_210,f_jpg?from=ke.com
20241016,朝阳,百子湾,101117877617,满五唯一南北通透中间层精装修拎包入住,470万,46379元/平,中楼层 (共6层) 2室1厅 | 101.34平米 | 南 北,https://ke-image.ljcdn.com/110000-inspection/fb96c796-2e26-48e6-8498-5955af2923d8_1000.jpg!m_fill,w_280,h_210,f_jpg?from=ke.com
20241016,朝阳,百子湾,101117877167,沿海赛洛城三期  南北通透  满五年唯一,950万,70272元/平,底层 (共11层) | 2007年 | 3室1厅 | 135.19平米 | 南 北,https://ke-image.ljcdn.com/110000-inspection/a4004aeb-a4a7-44d6-b4f9-11cec779f349_1000.jpg!m_fill,w_280,h_210,f_jpg?from=ke.com
20241016,朝阳,百子湾,101117829536,大成国际   精装复式总层高6米   诚意出售看房方便,355万,74299元/平,中楼层 (共11层) | 2007年 | 2室1厅 | 47.78平米 | 北,https://ke-image.ljcdn.com/110000-inspection/098185bd-93be-424e-85b0-90803d991cb5_1000.jpg!m_fill,w_280,h_210,f_jpg?from=ke.com
20241016,朝阳,百子湾,101117773518,沿海赛洛城六期无底商前后花园 顶层复式 诚意出售,1250万,93894元/平,顶层 (共7层) | 2009年 | 4室2厅 | 133.13平米 | 南 北,https://ke-image.ljcdn.com/110000-inspection/pc1_3ZvWdQI0X_1.jpg!m_fill,w_280,h_210,f_jpg?from=ke.com
20241016,朝阳,百子湾,101117737878,沿海赛洛城一期 两居室 无遮挡 采光好房主自荐,400万,50019元/平,中楼层 (共8层) | 2007年 | 2室1厅 | 79.97平米 | 西北,https://ke-image.ljcdn.com/110000-inspection/pc1_Ub7qSAj1O_1.jpg!m_fill,w_280,h_210,f_jpg?from=ke.com
20241016,朝阳,百子湾,101117735084,南北通透两居室 商品房 仅有契税 随时看房,350万,38851元/平,高楼层 (共6层) | 2008年 | 2室1厅 | 90.09平米 | 南 北,https://ke-image.ljcdn.com/110000-inspection/6f22e55b-8a66-42df-bc0e-8dd3e1c6bb18_1000.jpg!m_fill,w_280,h_210,f_jpg?from=ke.com
20241016,朝阳,百子湾,101117638963,沿海赛洛城一期精装修不临街南北通透居住选择,677万,57824元/平,低楼层 (共19层) | 2007年 | 2室1厅 | 117.08平米 | 南 北,https://ke-image.ljcdn.com/110000-inspection/6e3d194a-4060-4b57-919b-27f93ae8dac8_1000.jpg!m_fill,w_280,h_210,f_jpg?from=ke.com
20241016,朝阳,百子湾,101117636935,东四环 近国贸  大成国际新装修开间,241万,66355元/平,中楼层 (共21层) | 2007年 | 1室0厅 | 36.32平米 | 西,https://ke-image.ljcdn.com/110000-inspection/d9b7f63f-e273-49fe-9c27-827193fd6f96_1000.jpg!m_fill,w_280,h_210,f_jpg?from=ke.com
20241016,朝阳,百子湾,101117634935,沿海赛洛城六期板楼东西通透居住的选择精装,623万,75415元/平,中楼层 (共18层) | 2009年 | 2室1厅 | 82.61平米 | 东 西,https://ke-image.ljcdn.com/110000-inspection/348c2231-e37f-4630-b2c9-cb4413fad084_1000.jpg!m_fill,w_280,h_210,f_jpg?from=ke.com
20241016,朝阳,百子湾,101117529335,沿海赛洛城一期、满五唯一、精装修大三居、大阳台房主自荐,799万,52073元/平,低楼层 (共8层) | 2007年 | 3室2厅 | 153.44平米 | 东 南 西 北,https://ke-image.ljcdn.com/110000-inspection/prod-2faa2abd-347d-4fde-8efa-7059d18247d0.jpg!m_fill,w_280,h_210,f_jpg?from=ke.com
20241016,朝阳,百子湾,101117442802,百子湾东里 南北通透双卫三阳台三居室户型方正,855万,60127元/平,低楼层 (共9层) | 2009年 | 3室1厅 | 142.2平米 | 南 北,https://ke-image.ljcdn.com/110000-inspection/bdd6506e-d392-4e22-a6e1-2ad126d6052c_1000.jpg!m_fill,w_280,h_210,f_jpg?from=ke.com
20241016,朝阳,百子湾,101117426277,沿海赛洛城 南向两居室 明厨明卫 采光好,560万,57858元/平,低楼层 (共25层) | 2009年 | 2室1厅 | 96.79平米 | 东南 西,https://ke-image.ljcdn.com/110000-inspection/f8133a8a-d6bd-48d4-abdc-6f893251d2ff_1000.jpg!m_fill,w_280,h_210,f_jpg?from=ke.com
20241016,朝阳,百子湾,101117366653,沿海赛洛城精装大一居带双阳台采光好不临街,390万,64495元/平,低楼层 (共24层) | 2009年 | 1室1厅 | 60.47平米 | 东,https://ke-image.ljcdn.com/110000-inspection/pc1_coumfGXh0_1.jpg!m_fill,w_280,h_210,f_jpg?from=ke.com
20241016,朝阳,百子湾,101116082299,中海安德鲁斯西区 南入户北花园 客厅大面宽带挑空,2350万,65094元/平,地下室 (共3层) | 2006年 | 7室2厅 | 361.02平米 | 南 北,https://ke-image.ljcdn.com/110000-inspection/pc1_5PMVGZI7M_2.jpg!m_fill,w_280,h_210,f_jpg?from=ke.com
20241016,朝阳,百子湾,101115378746,观音景园  南北两居 满五唯一 采光好,350万,37692元/平,顶层 (共6层) | 2009年 | 2室1厅 | 92.86平米 | 南 北,https://ke-image.ljcdn.com/110000-inspection/pc1_0ZvnV9EJq_1.jpg!m_fill,w_280,h_210,f_jpg?from=ke.com
20241016,朝阳,百子湾,101115106174,金海国际南区 地下车位 业主诚意卖 随时签约,22万,16000元/平,地下室 | 2005年 | 1室0厅 | 13.75平米 | 南,https://ke-image.ljcdn.com/110000-inspection/8a415480-aa68-4261-90a8-ea66551aeea3_1000.jpg!m_fill,w_280,h_210,f_jpg?from=ke.com
20241016,朝阳,百子湾,101114636751,上下两层动静分离上下层高一样户型方正。房主自荐,370万,87699元/平,中楼层 (共12层) | 2007年 | 1室1厅 | 42.19平米 | 北,https://ke-image.ljcdn.com/110000-inspection/pc1_oobb6vpMG_1.jpg!m_fill,w_280,h_210,f_jpg?from=ke.com
20241016,朝阳,百子湾,101113466683,中海安德鲁斯庄园东区上叠南北通透采光好,1450万,58855元/平,中楼层 (共4层) | 2005年 | 6室1厅 | 246.37平米 | 南 北,https://ke-image.ljcdn.com/110000-inspection/pc1_kvckyoeJb_1.jpg!m_fill,w_280,h_210,f_jpg?from=ke.com
20241016,朝阳,百子湾,101112941959,满五年唯一  房本算单层面积   单层层高3米,320万,75848元/平,低楼层 (共11层) | 2007年 | 1室1厅 | 42.19平米 | 北,https://ke-image.ljcdn.com/110000-inspection/pc1_gc37PKYmJ_1.jpg!m_fill,w_280,h_210,f_jpg?from=ke.com
20241016,朝阳,百子湾,101109974627,沿海赛洛城七期上下两层大复式前后花园不临街房主自荐,1150万,87214元/平,顶层 (共9层) | 2009年 | 4室2厅 | 131.86平米 | 南 北,https://ke-image.ljcdn.com/110000-inspection/pc1_gNIYOPtGG_1.jpg!m_fill,w_280,h_210,f_jpg?from=ke.com
20241016,朝阳,百子湾,101127099165,国贸附近 东四环 金都心语朝南大开间 诚意出售,125万,25031元/平,高楼层 (共22层) | 2010年 | 1室1厅 | 49.94平米 | 南,https://s1.ljcdn.com/pegasus/redskull/images/common/default_house_list.png?_v=20241010190020670
20241016,朝阳,百子湾,101127096592,金都杭城东区  满五唯一  高楼层  视野开阔,820万,78014元/平,高楼层 (共26层) | 2009年 | 2室1厅 | 105.11平米 | 南 北,https://s1.ljcdn.com/pegasus/redskull/images/common/default_house_list.png?_v=20241010190020670
20241016,朝阳,百子湾,101127084554,百子湾家园三区 满五唯一 商品房新上,540万,53030元/平,高楼层 (共16层) | 2006年 | 2室1厅 | 101.83平米 | 南,https://s1.ljcdn.com/pegasus/redskull/images/common/default_house_list.png?_v=20241010190020670
20241016,朝阳,百子湾,101127067609,沿海赛洛城一期 南北三居室 采光好新上,638万,63445元/平,中楼层 (共8层) | 2007年 | 3室1厅 | 100.56平米 | 南 北,https://s1.ljcdn.com/pegasus/redskull/images/common/default_house_list.png?_v=20241010190020670
20241016,朝阳,百子湾,101127065229,国企品质金泰先锋北区板楼南北通透三居室新上,1185万,85093元/平,中楼层 (共16层) 3室2厅 | 139.26平米 | 南 北,https://s1.ljcdn.com/pegasus/redskull/images/common/default_house_list.png?_v=20241010190020670
20241016,朝阳,百子湾,101127061508,沿海赛洛城二期精装修两居室南北朝向户型方正新上,500万,56994元/平,顶层 (共6层) 2室1厅 | 87.73平米 | 南 北,https://s1.ljcdn.com/pegasus/redskull/images/common/default_house_list.png?_v=20241010190020670
20241016,朝阳,百子湾,101127061443,沿海赛洛城四期东向精装修无遮挡视野新上,140万,28012元/平,中楼层 (共8层) | 2010年 | 1室1厅 | 49.98平米 | 东,https://s1.ljcdn.com/pegasus/redskull/images/common/default_house_list.png?_v=20241010190020670
20241016,朝阳,百子湾,101127061374,沿海赛洛城四期商用房40年产权商水商电新上,120万,28757元/平,中楼层 (共12层) | 2010年 | 1室1厅 | 41.73平米 | 北,https://s1.ljcdn.com/pegasus/redskull/images/common/default_house_list.png?_v=20241010190020670
20241016,朝阳,百子湾,101127049653,百子湾家园三区 2室1厅 南新上,490万,48120元/平,低楼层 (共16层) | 2006年 | 2室1厅 | 101.83平米 | 南,https://s1.ljcdn.com/pegasus/redskull/images/common/default_house_list.png?_v=20241010190020670
20241016,朝阳,百子湾,101127039010,官悦欣园B区 全南向一居室人车分流次新社区。新上,300万,51653元/平,中楼层 (共22层) | 2014年 | 1室1厅 | 58.08平米 | 南,https://s1.ljcdn.com/pegasus/redskull/images/common/default_house_list.png?_v=20241010190020670
20241016,朝阳,百子湾,101127035786,金都杭城东区 1室1厅 东 北新上,450万,69359元/平,高楼层 (共26层) | 2009年 | 1室1厅 | 64.88平米 | 东 北,https://s1.ljcdn.com/pegasus/redskull/images/common/default_house_list.png?_v=20241010190020670
20241016,朝阳,百子湾,101127031929,建工动力苑 1室1厅 南新上,439万,65650元/平,高楼层 (共18层) | 2016年 | 1室1厅 | 66.87平米 | 南,https://s1.ljcdn.com/pegasus/redskull/images/common/default_house_list.png?_v=20241010190020670
20241016,朝阳,百子湾,101127031421,沿海赛洛城五期满五年唯一商品房东西通透装修好新上,330万,48239元/平,中楼层 (共25层) 1室1厅 | 68.41平米 | 东 西,https://s1.ljcdn.com/pegasus/redskull/images/common/default_house_list.png?_v=20241010190020670
20241016,朝阳,百子湾,101126990140,客厅挑空5米精装修南北通透双卫生间不临街新上,646万,72995元/平,顶层 (共6层) | 2007年 | 3室1厅 | 88.5平米 | 南 北,https://s1.ljcdn.com/pegasus/redskull/images/common/default_house_list.png?_v=20241010190020670
20241016,朝阳,百子湾,101126985911,沿海赛洛城四期 1室1厅 南新上,162万,32131元/平,中楼层 (共17层) | 2010年 | 1室1厅 | 50.42平米 | 南,https://s1.ljcdn.com/pegasus/redskull/images/common/default_house_list.png?_v=20241010190020670
20241016,朝阳,百子湾,101126969569,南向采光好 高层视野开阔 民水民电新上,260万,47628元/平,中楼层 (共21层) | 2007年 | 1室0厅 | 54.59平米 | 南,https://s1.ljcdn.com/pegasus/redskull/images/common/default_house_list.png?_v=20241010190020670
20241016,朝阳,百子湾,101126933263,金泰先锋南区大平米优质开间满五唯一。,430万,67136元/平,低楼层 (共18层) | 2008年 | 1室0厅 | 64.05平米 | 南,https://s1.ljcdn.com/pegasus/redskull/images/common/default_house_list.png?_v=20241010190020670
20241016,朝阳,百子湾,101126843616,百子湾家园三区 2室1厅 南,560万,54201元/平,高楼层 (共20层) | 2006年 | 2室1厅 | 103.32平米 | 南,https://s1.ljcdn.com/pegasus/redskull/images/common/default_house_list.png?_v=20241010190020670
20241016,朝阳,百子湾,101126748464,沿海赛洛城四期 1室1厅 东北,180万,30556元/平,高楼层 (共17层) | 2010年 | 1室1厅 | 58.91平米 | 东北,https://s1.ljcdn.com/pegasus/redskull/images/common/default_house_list.png?_v=20241010190020670
20241016,朝阳,百子湾,101126738735,大成国际是70年产权  精装修  保养好,299万,70870元/平,高楼层 (共12层) | 2007年 | 1室1厅 | 42.19平米 | 北,https://s1.ljcdn.com/pegasus/redskull/images/common/default_house_list.png?_v=20241010190020670
20241016,朝阳,百子湾,101126733423,百子湾家园一区 2室1厅 南,570万,55976元/平,中楼层 (共16层) 2室1厅 | 101.83平米 | 南,https://s1.ljcdn.com/pegasus/redskull/images/common/default_house_list.png?_v=20241010190020670
20241016,朝阳,百子湾,101126721019,板楼 东南向 中高楼层 满五唯一,330万,54134元/平,中楼层 (共8层) 1室1厅 | 60.96平米 | 东,https://s1.ljcdn.com/pegasus/redskull/images/common/default_house_list.png?_v=20241010190020670
20241016,朝阳,百子湾,101126707410,官悦欣园B区 1室1厅 南,280万,48637元/平,中楼层 (共18层) 1室1厅 | 57.57平米 | 南,https://s1.ljcdn.com/pegasus/redskull/images/common/default_house_list.png?_v=20241010190020670
20241016,朝阳,百子湾,101126667116,大成国际 高楼层 视野好落地窗视野开阔 业主诚意卖,173万,35937元/平,高楼层 (共21层) | 2007年 | 1室0厅 | 48.14平米 | 东,https://s1.ljcdn.com/pegasus/redskull/images/common/default_house_list.png?_v=20241010190020670
20241016,朝阳,百子湾,101126660482,满五年家庭一套住房通透性好采光充足全明格局,500万,36335元/平,高楼层 (共6层) | 2008年 | 3室1厅 | 137.61平米 | 南 北,https://s1.ljcdn.com/pegasus/redskull/images/common/default_house_list.png?_v=20241010190020670
20241016,朝阳,百子湾,101126647860,沿海赛洛城七期 2室1厅 东南 北,480万,54404元/平,中楼层 (共22层) 2室1厅 | 88.23平米 | 东南 北,https://s1.ljcdn.com/pegasus/redskull/images/common/default_house_list.png?_v=20241010190020670
20241016,朝阳,百子湾,101126625342,官悦欣园A区 2室1厅 南 北,490万,47722元/平,中楼层 (共27层) 2室1厅 | 102.68平米 | 南 北,https://s1.ljcdn.com/pegasus/redskull/images/common/default_house_list.png?_v=20241010190020670
20241016,朝阳,百子湾,101126625308,官悦欣园A区 1室1厅 南,280万,47322元/平,中楼层 (共27层) 1室1厅 | 59.17平米 | 南,https://s1.ljcdn.com/pegasus/redskull/images/common/default_house_list.png?_v=20241010190020670
20241016,朝阳,百子湾,101126614910,沿海赛洛城七期 1室1厅 西,310万,60195元/平,中楼层 (共24层) | 2009年 | 1室1厅 | 51.5平米 | 西,https://s1.ljcdn.com/pegasus/redskull/images/common/default_house_list.png?_v=20241010190020670
20241016,朝阳,百子湾,101126604388,金海国际南区 正规大一居 高楼层 视野好 随时签约,446万,55212元/平,中楼层 (共23层) | 2005年 | 1室2厅 | 80.78平米 | 西,https://s1.ljcdn.com/pegasus/redskull/images/common/default_house_list.png?_v=20241010190020670
20241016,朝阳,百子湾,101126601953,金都杭城东区：人车分流环境优越交通便利。,475万,73213元/平,低楼层 (共26层) | 2009年 | 1室1厅 | 64.88平米 | 东北,https://s1.ljcdn.com/pegasus/redskull/images/common/default_house_list.png?_v=20241010190020670
20241016,朝阳,百子湾,101126600234,满五年家庭一套住房商品房通透性好采光充足,300万,33062元/平,顶层 (共6层) 2室1厅 | 90.74平米 | 南 北,https://s1.ljcdn.com/pegasus/redskull/images/common/default_house_list.png?_v=20241010190020670
20241016,朝阳,百子湾,101126597157,金都杭城104号楼交通便利环境优越。,120万,24297元/平,低楼层 (共22层) | 2010年 | 1室1厅 | 49.39平米 | 西,https://s1.ljcdn.com/pegasus/redskull/images/common/default_house_list.png?_v=20241010190020670
20241016,朝阳,百子湾,101126540837,满五年家庭一套住房通透性好采光充足全明格局,460万,31661元/平,顶层 (共6层) 3室1厅 | 145.29平米 | 南 北,https://s1.ljcdn.com/pegasus/redskull/images/common/default_house_list.png?_v=20241010190020670
20241016,朝阳,百子湾,101126491281,建工动力苑高楼层一居室  看房方便  诚意卖,398万,59519元/平,高楼层 (共18层) | 2016年 | 1室1厅 | 66.87平米 | 南,https://s1.ljcdn.com/pegasus/redskull/images/common/default_house_list.png?_v=20241010190020670
20241016,朝阳,百子湾,101126471039,南北通透 明厨明卫 前后对花园,550万,57197元/平,高楼层 (共16层) | 2006年 | 2室1厅 | 96.16平米 | 南 北,https://s1.ljcdn.com/pegasus/redskull/images/common/default_house_list.png?_v=20241010190020670
20241016,朝阳,百子湾,101126438722,建工动力苑  高楼层南北两居室 诚意出售,480万,54720元/平,中楼层 (共18层) | 2016年 | 2室1厅 | 87.72平米 | 南 北,https://s1.ljcdn.com/pegasus/redskull/images/common/default_house_list.png?_v=20241010190020670
20241016,朝阳,百子湾,101126398181,全南向两居大面宽客厅高层正对小区  拎包入住,460万,44726元/平,中楼层 (共24层) | 2006年 | 2室1厅 | 102.85平米 | 南,https://s1.ljcdn.com/pegasus/redskull/images/common/default_house_list.png?_v=20241010190020670
20241016,朝阳,百子湾,101126350478,2014年次新小区双层地库人车分流高楼层,290万,49012元/平,中楼层 (共27层) 1室1厅 | 59.17平米 | 南,https://s1.ljcdn.com/pegasus/redskull/images/common/default_house_list.png?_v=20241010190020670
20241016,朝阳,百子湾,101126250405,百子湾家园二区高楼层双卫商品房两居视野佳采光好房主自荐,519万,46377元/平,中楼层 (共24层) | 2006年 | 2室1厅 | 111.91平米 | 西 南 北,https://s1.ljcdn.com/pegasus/redskull/images/common/default_house_list.png?_v=20241010190020670
20241016,朝阳,百子湾,101126239147,沿海赛洛城五期 南北通透三居室,799万,55055元/平,中楼层 (共21层) 3室1厅 | 145.13平米 | 南 北,https://s1.ljcdn.com/pegasus/redskull/images/common/default_house_list.png?_v=20241010190020670
20241016,朝阳,百子湾,101126178736,3KM到国贸通勤优选金都心语小户型！,118万,25107元/平,中楼层 (共15层) | 2010年 | 1室1厅 | 47平米 | 东,https://s1.ljcdn.com/pegasus/redskull/images/common/default_house_list.png?_v=20241010190020670
20241016,朝阳,百子湾,101126000616,沿海赛洛城四期 1室1厅 南,160万,30008元/平,中楼层 (共17层) | 2010年 | 1室1厅 | 53.32平米 | 南,https://s1.ljcdn.com/pegasus/redskull/images/common/default_house_list.png?_v=20241010190020670
20241016,朝阳,百子湾,101125995411,金海国际南区 正规东南三居室 高楼层视野采光好,780万,56164元/平,高楼层 (共23层) | 2005年 | 3室1厅 | 138.88平米 | 东南,https://s1.ljcdn.com/pegasus/redskull/images/common/default_house_list.png?_v=20241010190020670
20241016,朝阳,百子湾,101125961365,金都心语 1室0厅 东南,138万,28326元/平,中楼层 (共22层) | 2010年 | 1室0厅 | 48.72平米 | 东南,https://s1.ljcdn.com/pegasus/redskull/images/common/default_house_list.png?_v=20241010190020670
20241016,朝阳,百子湾,101125943586,沿海赛洛城一期 南北通透大两居 装修好,608万,64441元/平,高楼层 (共8层) | 2007年 | 2室1厅 | 94.35平米 | 南 北,https://s1.ljcdn.com/pegasus/redskull/images/common/default_house_list.png?_v=20241010190020670
20241016,朝阳,百子湾,101125905338,沿海赛洛城四期精装修商用房,155万,30926元/平,中楼层 (共12层) | 2010年 | 1室1厅 | 50.12平米 | 南,https://s1.ljcdn.com/pegasus/redskull/images/common/default_house_list.png?_v=20241010190020670
20241016,朝阳,百子湾,101125629630,沿海赛洛城四期 1室1厅 西南,150万,25545元/平,中楼层 (共8层) | 2010年 | 1室1厅 | 58.72平米 | 西南,https://s1.ljcdn.com/pegasus/redskull/images/common/default_house_list.png?_v=20241010190020670
20241016,朝阳,百子湾,101125617670,金泰先锋北区  满五唯一 诚意出售  看房方便,520万,73791元/平,低楼层 (共15层) | 2008年 | 1室1厅 | 70.47平米 | 西北,https://s1.ljcdn.com/pegasus/redskull/images/common/default_house_list.png?_v=20241010190020670
20241016,朝阳,百子湾,101125321252,沿海赛洛城一期三居室户型满五唯一商品房房主自荐,599万,58150元/平,中楼层 (共4层) 3室1厅 | 103.01平米 | 西南 北,https://s1.ljcdn.com/pegasus/redskull/images/common/default_house_list.png?_v=20241010190020670
20241016,朝阳,百子湾,101125269134,东四环广渠路百子湾房子户型方正格局好中间层,285万,45909元/平,低楼层 (共19层) | 2006年 | 1室1厅 | 62.08平米 | 北,https://s1.ljcdn.com/pegasus/redskull/images/common/default_house_list.png?_v=20241010190020670
20241016,朝阳,百子湾,101125175352,金都心语 1室0厅 东,145万,29359元/平,高楼层 (共22层) | 2010年 | 1室0厅 | 49.39平米 | 东,https://s1.ljcdn.com/pegasus/redskull/images/common/default_house_list.png?_v=20241010190020670
20241016,朝阳,百子湾,101124994390,此房满五年唯一南北通透带南向主卧室朝南带独卫,725万,50418元/平,中楼层 (共21层) 3室1厅 | 143.8平米 | 南 北,https://s1.ljcdn.com/pegasus/redskull/images/common/default_house_list.png?_v=20241010190020670
20241016,朝阳,百子湾,101124796473,金海国际南区 正规大三居 安静看花园 随时签约,655万,46046元/平,低楼层 (共23层) | 2005年 | 3室1厅 | 142.25平米 | 西南 北,https://s1.ljcdn.com/pegasus/redskull/images/common/default_house_list.png?_v=20241010190020670
20241016,朝阳,百子湾,101124254053,全明格局联排 上三下一 南北通透 采光佳,1550万,53517元/平,地下室 (共3层) | 2006年 | 5室2厅 | 289.63平米 | 南 北,https://s1.ljcdn.com/pegasus/redskull/images/common/default_house_list.png?_v=20241010190020670
20241016,朝阳,百子湾,101124066223,沿海赛洛城七期 1室1厅 南,270万,49871元/平,高楼层 (共22层) 1室1厅 | 54.14平米 | 南,https://s1.ljcdn.com/pegasus/redskull/images/common/default_house_list.png?_v=20241010190020670
20241016,朝阳,百子湾,101123794404,沿海赛洛城 车位,19万,2148元/平,地下室 (共2层) 1室0厅 | 88.46平米 | 东,https://ke-image.ljcdn.com/110000-inspection/acdc31e7-96a8-4155-a8a7-f9f81c523236.jpg!m_fill,w_280,h_210,f_jpg?from=ke.com
20241016,朝阳,百子湾,101123502253,金都心语西向正对小区花园采光好,135万,27334元/平,低楼层 (共22层) | 2010年 | 1室0厅 | 49.39平米 | 西,https://s1.ljcdn.com/pegasus/redskull/images/common/default_house_list.png?_v=20241010190020670
20241016,朝阳,百子湾,101123481600,金都杭城西区 封闭社区 人车分流 环境好 交通好,1130万,75875元/平,高楼层 (共20层) | 2006年 | 3室2厅 | 148.93平米 | 西北 南,https://s1.ljcdn.com/pegasus/redskull/images/common/default_house_list.png?_v=20241010190020670
20241016,朝阳,百子湾,101123460547,金海国际南区 车位,21万,15273元/平,地下室 | 2005年 | 1室0厅 | 13.75平米 | 南,https://ke-image.ljcdn.com/110000-inspection/e0176c1e-b3aa-4a19-9861-69562d40fd49.jpg!m_fill,w_280,h_210,f_jpg?from=ke.com
20241016,朝阳,百子湾,101123420749,金都心语 东向高层采光 视野开阔 诚意出售房主自荐,140万,28136元/平,高楼层 (共15层) | 2010年 | 1室0厅 | 49.76平米 | 东,https://s1.ljcdn.com/pegasus/redskull/images/common/default_house_list.png?_v=20241010190020670
20241016,朝阳,百子湾,101123070091,金都心语 1室0厅 西,135万,27334元/平,低楼层 (共22层) | 2010年 | 1室0厅 | 49.39平米 | 西,https://s1.ljcdn.com/pegasus/redskull/images/common/default_house_list.png?_v=20241010190020670
20241016,朝阳,百子湾,101122366338,官悦欣园A区 距离地铁近 南向一居室,285万,48396元/平,低楼层 (共18层) 1室1厅 | 58.89平米 | 南,https://s1.ljcdn.com/pegasus/redskull/images/common/default_house_list.png?_v=20241010190020670
20241016,朝阳,百子湾,101120169642,金海国际南区  正规两居室户型方正看房方便,530万,51966元/平,低楼层 (共23层) | 2005年 | 2室1厅 | 101.99平米 | 西北,https://s1.ljcdn.com/pegasus/redskull/images/common/default_house_list.png?_v=20241010190020670
20241016,朝阳,百子湾,101119941250,金都心语 精装修 保养好 视野好,130万,25871元/平,中楼层 (共22层) | 2010年 | 1室0厅 | 50.25平米 | 北,https://s1.ljcdn.com/pegasus/redskull/images/common/default_house_list.png?_v=20241010190020670
20241016,朝阳,百子湾,101119416043,国贸东 金都杭城精装全南两居室 业主诚意出售,798万,64574元/平,顶层 (共19层) | 2006年 | 2室1厅 | 123.58平米 | 南,https://s1.ljcdn.com/pegasus/redskull/images/common/default_house_list.png?_v=20241010190020670
20241016,朝阳,百子湾,101117149030,本房是朝南向高楼层采光好视野好,145万,29885元/平,中楼层 (共22层) | 2010年 | 1室0厅 | 48.52平米 | 南,https://s1.ljcdn.com/pegasus/redskull/images/common/default_house_list.png?_v=20241010190020670
20241016,朝阳,百子湾,101115903731,金海国际南区+产权车位+业主诚意,20万,14546元/平,地下室 1室0厅 | 13.75平米 | 南,https://ke-image.ljcdn.com/110000-inspection/033eb7968523854ed7a83ac8e7df951e-014.jpg!m_fill,w_280,h_210,f_jpg?from=ke.com
20241016,朝阳,百子湾,101113102815,满五唯一南北通透中间楼层视野好房主自荐,530万,40034元/平,中楼层 (共6层) | 2008年 | 3室1厅 | 132.39平米 | 南 北,https://s1.ljcdn.com/pegasus/redskull/images/common/default_house_list.png?_v=20241010190020670
20241016,朝阳,百子湾,101111692468,沿海赛洛城车位-1层业主诚意出售,22万,5292元/平,地下室 (共15层) 1室0厅 | 41.58平米 | 东,https://ke-image.ljcdn.com/110000-inspection/6cd8e1c634499acc99da234fd9b8e08d-033.jpg!m_fill,w_280,h_210,f_jpg?from=ke.com
20241016,朝阳,百子湾,101111692821,沿海赛洛城-1层车位业主诚意出售,22万,5182元/平,地下室 (共2层) | 2007年 | 1室0厅 | 42.46平米 | 东,https://ke-image.ljcdn.com/110000-inspection/bb63c53e3eb9867b29b59d25e02f26a8-036.jpg!m_fill,w_280,h_210,f_jpg?from=ke.com
20241016,朝阳,百子湾,101107465632,车位-1层子母车位可停2台车,20.9万,2357元/平,地下室 (共2层) 1室0厅 | 88.69平米 | 东,https://ke-image.ljcdn.com/110000-inspection/f6e5e706-fad6-45d7-9d09-05b4b1b9890b.jpg!m_fill,w_280,h_210,f_jpg?from=ke.com
20241016,朝阳,百子湾,101106621950,沿海赛洛城五期、地下一层、挨近电梯、产权车位、诚售,20万,4582元/平,地下室 (共25层) | 2008年 | 1室0厅 | 43.65平米 | 南 北,https://ke-image.ljcdn.com/110000-inspection/1e4ffe7c-0927-49e1-ba66-d258dca2c4ef.jpg!m_fill,w_280,h_210,f_jpg?from=ke.com
