20241029,朝阳,石佛营,101127245088,精装修两居室【明厅】拎包入住 诚意出售必看好房,290万,44384元/平,底层 (共6层) | 1993年 | 2室1厅 | 65.34平米 | 东 西,https://ke-image.ljcdn.com/110000-inspection/eefde097-1652-49ce-ab20-25029d28e134_1000.jpg!m_fill,w_280,h_210,f_jpg?from=ke.com
20241029,朝阳,石佛营,101127239508,十里堡北区中间层南向明厨明卫无遮挡。必看好房,186万,43848元/平,中楼层 (共6层) 1室1厅 | 42.42平米 | 南,https://ke-image.ljcdn.com/110000-inspection/68b2bfc3-b0d5-4534-846b-7f3d76dc6ee8_1000.jpg!m_fill,w_280,h_210,f_jpg?from=ke.com
20241029,朝阳,石佛营,101127207911,八里庄北里小区 2室1厅 南 北必看好房,330万,60088元/平,中楼层 (共5层) | 1994年 | 2室1厅 | 54.92平米 | 南 北,https://ke-image.ljcdn.com/110000-inspection/bc05e62a-5714-41dc-9c5d-296fddf4a379_1000.jpg!m_fill,w_280,h_210,f_jpg?from=ke.com
20241029,朝阳,石佛营,101127201362,晨光家园B区南向高层大两居 两梯四户 诚意出售必看好房,675万,66885元/平,高楼层 (共21层) | 2008年 | 2室1厅 | 100.92平米 | 南,https://ke-image.ljcdn.com/110000-inspection/pc1_1uSPNZGbV_1.jpg!m_fill,w_280,h_210,f_jpg?from=ke.com
20241029,朝阳,石佛营,101127073043,高楼层 小户型 满五唯一 视野开阔落地窗 诚意出售必看好房,210万,51929元/平,高楼层 (共11层) 1室0厅 | 40.44平米 | 东,https://ke-image.ljcdn.com/110000-inspection/b63c0ab5-8990-43e3-b18e-6c7f17faf1f6_1000.jpg!m_fill,w_280,h_210,f_jpg?from=ke.com
20241029,朝阳,石佛营,101127037652,炫特嘉园二期 有燃气 满五年唯一 精装修必看好房,190万,46764元/平,低楼层 (共28层) 1室1厅 | 40.63平米 | 北,https://ke-image.ljcdn.com/110000-inspection/097511e5-09d3-4c4a-8b39-a568ac481a0e_1000.jpg!m_fill,w_280,h_210,f_jpg?from=ke.com
20241029,朝阳,石佛营,101127036900,地铁六号线十里堡 晨光家园C区 南北通透 看房随时必看好房,680万,70533元/平,高楼层 (共28层) | 2012年 | 2室1厅 | 96.41平米 | 南 北,https://ke-image.ljcdn.com/110000-inspection/e2a00d13-82be-486f-94bc-94b99942f567_1000.jpg!m_fill,w_280,h_210,f_jpg?from=ke.com
20241029,朝阳,石佛营,101127035575,北京市朝阳区石佛营西里小区南院必看好房,210万,43193元/平,中楼层 (共6层) | 1994年 | 1室1厅 | 48.62平米 | 东 西,https://ke-image.ljcdn.com/110000-inspection/f0aec504-81af-411b-82b7-31bed9ca8afc_1000.jpg!m_fill,w_280,h_210,f_jpg?from=ke.com
20241029,朝阳,石佛营,101127003868,招商公园1872满五唯一四居室必看好房,1650万,73149元/平,高楼层 (共21层) | 2016年 | 4室2厅 | 225.57平米 | 南 北,https://ke-image.ljcdn.com/110000-inspection/c6b07d58-d663-4c03-925c-06fb5cc64514_1000.jpg!m_fill,w_280,h_210,f_jpg?from=ke.com
20241029,朝阳,石佛营,101126949879,十里堡北区南北通透三居室优质三居室好房好价格必看好房,265万,38625元/平,顶层 (共6层) 3室1厅 | 68.61平米 | 南 北,https://ke-image.ljcdn.com/110000-inspection/pc1_2tP5Kb8CN.jpg!m_fill,w_280,h_210,f_jpg?from=ke.com
20241029,朝阳,石佛营,101126941883,八里庄北里小区 2室1厅 南 北必看好房,269万,44886元/平,中楼层 (共6层) 2室1厅 | 59.93平米 | 南 北,https://ke-image.ljcdn.com/110000-inspection/c0c79f80-2b49-4b50-b5a2-57dda39cd85c_1000.jpg!m_fill,w_280,h_210,f_jpg?from=ke.com
20241029,朝阳,石佛营,101126894528,炫特区小区中间位置好小两居高楼层满五年唯一必看好房,336万,54581元/平,中楼层 (共28层) 2室1厅 | 61.56平米 | 东,https://ke-image.ljcdn.com/110000-inspection/090e1d18-e2f8-420d-805a-ae7767072031_1000.jpg!m_fill,w_280,h_210,f_jpg?from=ke.com
20241029,朝阳,石佛营,101126851022,晨光家园A区 状元户型 无遮挡 满五唯一必看好房,528万,65525元/平,中楼层 (共26层) | 2000年 | 2室1厅 | 80.58平米 | 西南,https://ke-image.ljcdn.com/110000-inspection/b3b234fd-326c-421c-b131-2f85d898a14a_1000.jpg!m_fill,w_280,h_210,f_jpg?from=ke.com
20241029,朝阳,石佛营,101126786518,迎曦园 石佛营东里131号院1号楼必看好房,419万,53670元/平,中楼层 (共21层) 2室1厅 | 78.07平米 | 南,https://ke-image.ljcdn.com/110000-inspection/fdcfe32d-4473-45ad-ab69-a2a3e09adc93_1000.jpg!m_fill,w_280,h_210,f_jpg?from=ke.com
20241029,朝阳,石佛营,101126729097,炫特嘉园三期南向一居室正规格局方正户型必看好房,319万,50443元/平,中楼层 (共23层) | 2006年 | 1室1厅 | 63.24平米 | 南,https://ke-image.ljcdn.com/110000-inspection/64acd70c-c873-4d18-ab99-cf9dfa334b40_1000.jpg!m_fill,w_280,h_210,f_jpg?from=ke.com
20241029,朝阳,石佛营,101126716822,此房满五唯一 中楼层 精装两居室  诚意出售必看好房,399万,53781元/平,中楼层 (共18层) | 2004年 | 2室1厅 | 74.19平米 | 东北,https://ke-image.ljcdn.com/110000-inspection/e8407c81-7403-48f2-b51a-0298a33804cb_1000.jpg!m_fill,w_280,h_210,f_jpg?from=ke.com
20241029,朝阳,石佛营,101126691009,满五唯一交易只契税落地窗无任何遮挡南北通透必看好房,359万,50302元/平,低楼层 (共21层) | 2006年 | 1室1厅 | 71.37平米 | 南 北,https://ke-image.ljcdn.com/110000-inspection/2c0438f8-16f5-42d5-9a60-419e57da9ab2_1000.jpg!m_fill,w_280,h_210,f_jpg?from=ke.com
20241029,朝阳,石佛营,101126674375,八里庄北里 带电梯两居室 视野开阔 采光好,310万,46456元/平,低楼层 (共18层) | 1995年 | 2室1厅 | 66.73平米 | 东 南,https://ke-image.ljcdn.com/110000-inspection/6f011d71-584f-43cb-8416-0f29dcd8f766_1000.jpg!m_fill,w_280,h_210,f_jpg?from=ke.com
20241029,朝阳,石佛营,101126670373,保利5+1户型2014年楼龄超百平客厅南向花园必看好房,2700万,84468元/平,中楼层 (共18层) | 2012年 | 5室3厅 | 319.65平米 | 南 北,https://ke-image.ljcdn.com/110000-inspection/pc1_bAuCtM4Dk.jpg!m_fill,w_280,h_210,f_jpg?from=ke.com
20241029,朝阳,石佛营,101126647151,十里堡北区 2室1厅 南 北,230万,37805元/平,顶层 (共6层) | 1979年 | 2室1厅 | 60.84平米 | 南 北,https://ke-image.ljcdn.com/110000-inspection/14bf140a-fc9c-4109-a09d-9825aef2000d_1000.jpg!m_fill,w_280,h_210,f_jpg?from=ke.com
20241029,朝阳,石佛营,101126640652,房子满五唯一户型方正高楼层无遮挡必看好房,485万,59481元/平,高楼层 (共30层) | 1999年 | 2室1厅 | 81.54平米 | 东南,https://ke-image.ljcdn.com/110000-inspection/9051c3a8-3a4a-426e-9f02-52f430a84252_1000.jpg!m_fill,w_280,h_210,f_jpg?from=ke.com
20241029,朝阳,石佛营,101126638745,南北通透明厅两居室看房随时 无遮挡,320万,55050元/平,底层 (共6层) | 1992年 | 2室1厅 | 58.13平米 | 南 北,https://ke-image.ljcdn.com/110000-inspection/0d1c50db-588d-4567-b35d-beb188dde6c1_1000.jpg!m_fill,w_280,h_210,f_jpg?from=ke.com
20241029,朝阳,石佛营,101126633757,八里庄北里 全朝南一居室 采光充足 合适年轻人居住必看好房,225万,44803元/平,中楼层 (共6层) 1室1厅 | 50.22平米 | 南,https://ke-image.ljcdn.com/110000-inspection/25cedb86-9462-4ce0-965d-348db01888d3_1000.jpg!m_fill,w_280,h_210,f_jpg?from=ke.com
20241029,朝阳,石佛营,101126526773,日月东华 次顶层朝东大两居室 满5年唯一精装修,460万,44278元/平,高楼层 (共21层) 2室2厅 | 103.89平米 | 东,https://ke-image.ljcdn.com/110000-inspection/pc1_NwGZd04Xz_1.jpg!m_fill,w_280,h_210,f_jpg?from=ke.com
20241029,朝阳,石佛营,101126476533,十里堡晨光家园A区新上东南向两居状元户型必看好房,498万,61802元/平,中楼层 (共26层) | 2000年 | 2室1厅 | 80.58平米 | 东南,https://ke-image.ljcdn.com/110000-inspection/c605206c-ab95-471e-bed5-8cee0fe439b5_1000.jpg!m_fill,w_280,h_210,f_jpg?from=ke.com
20241029,朝阳,石佛营,101126472008,八里庄北里小区 1室1厅 东 西必看好房,195万,38699元/平,中楼层 (共6层) | 1994年 | 1室1厅 | 50.39平米 | 东 西,https://ke-image.ljcdn.com/110000-inspection/pc1_7TP2GKOLg_1.jpg!m_fill,w_280,h_210,f_jpg?from=ke.com
20241029,朝阳,石佛营,101126337279,公园1872国际公寓诚意出售东向开间,350万,55786元/平,中楼层 (共21层) | 2008年 | 1室0厅 | 62.74平米 | 东,https://ke-image.ljcdn.com/110000-inspection/fe399ded-8565-49dd-985d-edaac12ef134_1000.jpg!m_fill,w_280,h_210,f_jpg?from=ke.com
20241029,朝阳,石佛营,101126303197,满五年唯一 二次精装保养好、位置安静 、小区管理不,499万,49672元/平,低楼层 (共21层) 2室1厅 | 100.46平米 | 东 南,https://ke-image.ljcdn.com/110000-inspection/97dee6d9-2d7d-4b68-b64e-c235726a14f7_1000.jpg!m_fill,w_280,h_210,f_jpg?from=ke.com
20241029,朝阳,石佛营,101126256804,南向三居室双卫生间满五唯一 不临街 高楼层C座必看好房,660万,52386元/平,高楼层 (共21层) 3室1厅 | 125.99平米 | 南,https://ke-image.ljcdn.com/110000-inspection/pc1_hUFMOimic_1.jpg!m_fill,w_280,h_210,f_jpg?from=ke.com
20241029,朝阳,石佛营,101126249665,晨光家园C区新上全明格局三居室 看房随时,920万,71340元/平,高楼层 (共28层) | 2012年 | 3室2厅 | 128.96平米 | 南 北,https://ke-image.ljcdn.com/110000-inspection/cd4a6db6-6cc6-4de5-af01-43bb58bf4a92_1000.jpg!m_fill,w_280,h_210,f_jpg?from=ke.com
20241029,朝阳,石佛营,101126145425,炫特嘉园一期 1室1厅 西,278万,50592元/平,低楼层 (共22层) | 2004年 | 1室1厅 | 54.95平米 | 西,https://ke-image.ljcdn.com/110000-inspection/pc1_iUqVyMkUp_1.jpg!m_fill,w_280,h_210,f_jpg?from=ke.com
20241029,朝阳,石佛营,101126127965,炫特嘉园二期 西南朝向高层新装修2居室 满五唯一必看好房,499万,56925元/平,高楼层 (共28层) 2室1厅 | 87.66平米 | 西南,https://ke-image.ljcdn.com/110000-inspection/pc1_1ZgC1doe0_1.jpg!m_fill,w_280,h_210,f_jpg?from=ke.com
20241029,朝阳,石佛营,101126083341,电梯房*临近公园地铁*满五唯一*超好视野*随时看房必看好房,328万,53895元/平,高楼层 (共18层) 2室1厅 | 60.86平米 | 南,https://ke-image.ljcdn.com/110000-inspection/cb033208-de68-42c7-9033-9ee9ac0b3079_1000.jpg!m_fill,w_280,h_210,f_jpg?from=ke.com
20241029,朝阳,石佛营,101125953160,精装 高楼层 满五唯一 视野开阔 诚意出售必看好房,283万,51399元/平,高楼层 (共22层) | 2004年 | 1室1厅 | 55.06平米 | 东南,https://ke-image.ljcdn.com/110000-inspection/d40b2c74-cc55-40c1-b770-72a3084aa2ff_1000.jpg!m_fill,w_280,h_210,f_jpg?from=ke.com
20241029,朝阳,石佛营,101125921714,炫特嘉园一期 高楼层 东向一居 满五年唯一必看好房,283万,51502元/平,高楼层 (共22层) | 2004年 | 1室1厅 | 54.95平米 | 东,https://ke-image.ljcdn.com/110000-inspection/pc1_9K4UODkam.jpg!m_fill,w_280,h_210,f_jpg?from=ke.com
20241029,朝阳,石佛营,101125889958,《视野开阔无遮挡》日月东华 满五年唯一商品房,429万,42130元/平,低楼层 (共21层) 2室1厅 | 101.83平米 | 西南,https://ke-image.ljcdn.com/110000-inspection/pc1_qYp8hZxut.jpg!m_fill,w_280,h_210,f_jpg?from=ke.com
20241029,朝阳,石佛营,101125811146,石佛营东里小区 1室1厅 南必看好房,210万,42093元/平,低楼层 (共18层) 1室1厅 | 49.89平米 | 南,https://ke-image.ljcdn.com/110000-inspection/39bb11e7-d8fc-4bd4-9286-be68ad2b2100_1000.jpg!m_fill,w_280,h_210,f_jpg?from=ke.com
20241029,朝阳,石佛营,101125765776,八里庄北里 南北小三居 一层  近地铁 精装必看好房,285万,53281元/平,底层 (共6层) | 1982年 | 2室1厅 | 53.49平米 | 南 北,https://ke-image.ljcdn.com/110000-inspection/2ec84170-808b-4ed4-8f77-6d26e4870d58_1000.jpg!m_fill,w_280,h_210,f_jpg?from=ke.com
20241029,朝阳,石佛营,101125627092,南北通透两居室 得房率80% 一梯三户总高9层洋房必看好房,467万,62837元/平,中楼层 (共9层) | 2004年 | 2室1厅 | 74.32平米 | 南 北,https://ke-image.ljcdn.com/110000-inspection/2843d523-472a-4ee3-b616-69072f455453_1000.jpg!m_fill,w_280,h_210,f_jpg?from=ke.com
20241029,朝阳,石佛营,101125581263,全南两居元宝户型带明卫诚意出售必看好房,1030万,80963元/平,低楼层 (共32层) | 2010年 | 2室2厅 | 127.22平米 | 南,https://ke-image.ljcdn.com/110000-inspection/pc1_sT8Gerkyy.jpg!m_fill,w_280,h_210,f_jpg?from=ke.com
20241029,朝阳,石佛营,101125538526,八里庄北里南向一居室 临公园地铁 1993年必看好房,226万,45629元/平,底层 (共6层) 1室1厅 | 49.53平米 | 南,https://ke-image.ljcdn.com/110000-inspection/pc1_MFpcEqNEV_1.jpg!m_fill,w_280,h_210,f_jpg?from=ke.com
20241029,朝阳,石佛营,101125433465,两厅两居室户型 精装修 满五年唯一 业主诚意出售必看好房,413万,39858元/平,中楼层 (共21层) 2室2厅 | 103.62平米 | 西,https://ke-image.ljcdn.com/110000-inspection/pc1_yX9zBJTdq_1.jpg!m_fill,w_280,h_210,f_jpg?from=ke.com
20241029,朝阳,石佛营,101125377673,满五年唯一住房 全明格局 精装修 拎包入住必看好房,518万,55550元/平,中楼层 (共23层) | 2006年 | 2室1厅 | 93.25平米 | 南 北,https://ke-image.ljcdn.com/110000-inspection/08ab5884-a1ed-4797-90b4-2445e51f2a41_1000.jpg!m_fill,w_280,h_210,f_jpg?from=ke.com
20241029,朝阳,石佛营,101125352724,石佛营东里小区 近地铁 满五年唯一 东南向必看好房,330万,48246元/平,中楼层 (共18层) 2室1厅 | 68.4平米 | 东南,https://ke-image.ljcdn.com/110000-inspection/4910126e-5ec7-4910-8491-a106a5536544_1000.jpg!m_fill,w_280,h_210,f_jpg?from=ke.com
20241029,朝阳,石佛营,101125352338,石佛营东里105号院 婚房精装两居室 交易只有契税必看好房,340万,52985元/平,高楼层 (共11层) 2室1厅 | 64.17平米 | 南,https://ke-image.ljcdn.com/110000-inspection/1b1fc124-00fc-421f-b7a4-9a9a3bc1aeb6_1000.jpg!m_fill,w_280,h_210,f_jpg?from=ke.com
20241029,朝阳,石佛营,101125339756,石佛营西里小区 南北通透一居室中间楼层必看好房,210万,45181元/平,高楼层 (共6层) 1室1厅 | 46.48平米 | 南 北,https://ke-image.ljcdn.com/110000-inspection/2bc1557e-a351-4777-969a-df775d40b30c_1000.jpg!m_fill,w_280,h_210,f_jpg?from=ke.com
20241029,朝阳,石佛营,101125339213,炫特区 朝南一居满五年唯一中间楼层采光视野好必看好房,315万,49811元/平,中楼层 (共23层) | 2006年 | 1室1厅 | 63.24平米 | 南,https://ke-image.ljcdn.com/110000-inspection/pc1_xeVAMlVsp_1.jpg!m_fill,w_280,h_210,f_jpg?from=ke.com
20241029,朝阳,石佛营,101125335982,石佛营东里 教师楼 位置好 姚家园路与石佛营路交叉必看好房,209万,44261元/平,高楼层 (共13层) 1室1厅 | 47.22平米 | 南,https://ke-image.ljcdn.com/110000-inspection/c3c61a1c-1d8d-40a8-9042-1504bad4ecf8_1000.jpg!m_fill,w_280,h_210,f_jpg?from=ke.com
20241029,朝阳,石佛营,101125306944,石佛营西里小区 高楼层满五年唯一 西南的一居必看好房,325万,53044元/平,高楼层 (共18层) 1室1厅 | 61.27平米 | 西南,https://ke-image.ljcdn.com/110000-inspection/1b422cd5-6933-40a9-ae46-2a3b56fc76ea_1000.jpg!m_fill,w_280,h_210,f_jpg?from=ke.com
20241029,朝阳,石佛营,101125218517,明厅户型南北精装修两居满五年唯一低楼层必看好房,290万,51722元/平,底层 (共6层) 2室1厅 | 56.07平米 | 南 北,https://ke-image.ljcdn.com/110000-inspection/pc1_VAiE8NG4t.jpg!m_fill,w_280,h_210,f_jpg?from=ke.com
20241029,朝阳,石佛营,101125211111,东岸 全南两居室 满五唯一 高楼层 视野好房主自荐,668万,65729元/平,高楼层 (共21层) | 2008年 | 2室1厅 | 101.63平米 | 南,https://ke-image.ljcdn.com/110000-inspection/pc1_hGPHX9wMg.jpg!m_fill,w_280,h_210,f_jpg?from=ke.com
20241029,朝阳,石佛营,101125137332,满5唯一  东向两居  诚意出售必看好房,405万,45629元/平,中楼层 (共21层) 2室1厅 | 88.76平米 | 东,https://ke-image.ljcdn.com/110000-inspection/pc1_oSZlSnwFY_1.jpg!m_fill,w_280,h_210,f_jpg?from=ke.com
20241029,朝阳,石佛营,101124824064,此房满五唯一南北通透采光视野好前后无遮挡必看好房,298万,53016元/平,低楼层 (共6层) | 1992年 | 2室1厅 | 56.21平米 | 南 北,https://ke-image.ljcdn.com/110000-inspection/pc1_nuVOx4Pr9.jpg!m_fill,w_280,h_210,f_jpg?from=ke.com
20241029,朝阳,石佛营,101124686083,晨光家园A区 主力户型 高楼层西南两居室 满五唯一必看好房,436万,52798元/平,高楼层 (共30层) | 1999年 | 2室1厅 | 82.58平米 | 西南,https://ke-image.ljcdn.com/110000-inspection/pc1_guJ6CE3Up.jpg!m_fill,w_280,h_210,f_jpg?from=ke.com
20241029,朝阳,石佛营,101124674045,万科金阳南北通透两居室封闭式管理交通便利,639万,72540元/平,中楼层 (共19层) 2室1厅 | 88.09平米 | 南 北,https://ke-image.ljcdn.com/110000-inspection/4c62d55c-7406-40c4-896b-143a553910a0_1000.jpg!m_fill,w_280,h_210,f_jpg?from=ke.com
20241029,朝阳,石佛营,101124312797,华业玫瑰郡 东西通透两居室客厅落地飘窗满五唯一必看好房,650万,72944元/平,中楼层 (共12层) | 2008年 | 2室1厅 | 89.11平米 | 东 西,https://ke-image.ljcdn.com/110000-inspection/pc1_85qBWiKub_1.jpg!m_fill,w_280,h_210,f_jpg?from=ke.com
20241029,朝阳,石佛营,101124254797,石佛营东里小区  满五年唯一高层南向大一居必看好房,229万,45901元/平,高楼层 (共18层) 1室1厅 | 49.89平米 | 南,https://ke-image.ljcdn.com/110000-inspection/46764153-250f-4a3d-ae9c-811918c58893_1000.jpg!m_fill,w_280,h_210,f_jpg?from=ke.com
20241029,朝阳,石佛营,101123978461,公安局家属院  满五唯一 单独管理 双门禁 有车位必看好房,298万,50698元/平,中楼层 (共6层) 2室1厅 | 58.78平米 | 南 北,https://ke-image.ljcdn.com/110000-inspection/pc1_Z2YGLpbHL.jpg!m_fill,w_280,h_210,f_jpg?from=ke.com
20241029,朝阳,石佛营,101123761281,晨光家园 满五唯一 精装西南两居 窗外既是绿树花香必看好房,449万,56287元/平,低楼层 (共30层) | 1999年 | 2室1厅 | 79.77平米 | 西南,https://ke-image.ljcdn.com/110000-inspection/pc1_ZySutmLWG.jpg!m_fill,w_280,h_210,f_jpg?from=ke.com
20241029,朝阳,石佛营,101123664579,房子是中间楼层坐落小区中间位置不临街不把边必看好房,498万,59005元/平,中楼层 (共21层) | 2006年 | 2室1厅 | 84.4平米 | 西南,https://ke-image.ljcdn.com/110000-inspection/pc1_ItEohf8rk_1.jpg!m_fill,w_280,h_210,f_jpg?from=ke.com
20241029,朝阳,石佛营,101123617947,华业玫瑰郡 东向正规一居室 满五年唯一必看好房,480万,71376元/平,中楼层 (共12层) | 2008年 | 1室1厅 | 67.25平米 | 东,https://ke-image.ljcdn.com/110000-inspection/pc1_nrzPJ735e_1.jpg!m_fill,w_280,h_210,f_jpg?from=ke.com
20241029,朝阳,石佛营,101123556161,朝阳捷座西向两居室看小区花园满五唯一诚意出售必看好房,438万,52746元/平,高楼层 (共18层) | 2005年 | 2室1厅 | 83.04平米 | 西,https://ke-image.ljcdn.com/110000-inspection/pc1_Dqrg5hwQ7.jpg!m_fill,w_280,h_210,f_jpg?from=ke.com
20241029,朝阳,石佛营,101123434836,有电梯1999年钢混结构精装修无遮挡必看好房,270万,40293元/平,中楼层 (共15层) 2室1厅 | 67.01平米 | 南 北,https://ke-image.ljcdn.com/110000-inspection/cd95940b-5e9e-46be-9326-50ca41250f1a_1000.jpg!m_fill,w_280,h_210,f_jpg?from=ke.com
20241029,朝阳,石佛营,101122708293,6号线十里堡站晨光家园C区南向两居满五唯一必看好房,699万,73641元/平,低楼层 (共28层) | 2012年 | 2室1厅 | 94.92平米 | 南,https://ke-image.ljcdn.com/110000-inspection/1b57d213-bde0-4c64-88a2-731e0acc161c_1000.jpg!m_fill,w_280,h_210,f_jpg?from=ke.com
20241029,朝阳,石佛营,101122601643,八里庄新区 户型方正动静分流 满五唯一,560万,62654元/平,中楼层 (共6层) | 1999年 | 2室1厅 | 89.38平米 | 南 北,https://ke-image.ljcdn.com/110000-inspection/518e00d9-e543-45d3-a7fa-4841b169deb3_1000.jpg!m_fill,w_280,h_210,f_jpg?from=ke.com
20241029,朝阳,石佛营,101122586787,十里堡南区 南北通透两居室  不临街,245万,41253元/平,顶层 (共6层) | 1994年 | 2室1厅 | 59.39平米 | 南 北,https://ke-image.ljcdn.com/110000-inspection/c2c44bb2-c206-4864-b597-255ded786191_1000.jpg!m_fill,w_280,h_210,f_jpg?from=ke.com
20241029,朝阳,石佛营,101127246167,中水金海西南三居室户型方正采光好必看好房,648万,47630元/平,中楼层 (共21层) 3室1厅 | 136.05平米 | 西南,https://ke-image.ljcdn.com/110000-inspection/pc1_40oGSnAaT.jpg!m_fill,w_280,h_210,f_jpg?from=ke.com
20241029,朝阳,石佛营,101127231040,地铁3号线   优质全南2居 电梯房  停车免费必看好房,395万,50590元/平,低楼层 (共21层) 2室1厅 | 78.08平米 | 南,https://ke-image.ljcdn.com/110000-inspection/198f7d5e-797a-42af-bc18-275eb997508c_1000.jpg!m_fill,w_280,h_210,f_jpg?from=ke.com
20241029,朝阳,石佛营,101127229681,有钥匙随时能看 满五年唯一 东南两居室不临街采光好必看好房,472万,53808元/平,中楼层 (共24层) | 2004年 | 2室1厅 | 87.72平米 | 东南,https://ke-image.ljcdn.com/110000-inspection/8d8e75e6-ab06-43bd-8b9f-7638a044e80e_1000.jpg!m_fill,w_280,h_210,f_jpg?from=ke.com
20241029,朝阳,石佛营,101127155679,炫特嘉园二期 北向开间 户型方正,174万,42826元/平,低楼层 (共28层) | 2004年 | 1室0厅 | 40.63平米 | 北,https://ke-image.ljcdn.com/110000-inspection/d0c411af-98f6-478f-814a-56bb9ababc73_1000.jpg!m_fill,w_280,h_210,f_jpg?from=ke.com
20241029,朝阳,石佛营,101127109843,石佛营东里  全明格局  中间楼层两居 建成96年必看好房,290万,46949元/平,中楼层 (共6层) 2室1厅 | 61.77平米 | 东北,https://ke-image.ljcdn.com/110000-inspection/pc1_r1f2On9e0_1.jpg!m_fill,w_280,h_210,f_jpg?from=ke.com
20241029,朝阳,石佛营,101127040723,八里庄北里小区 1室1厅 南必看好房,239万,53600元/平,低楼层 (共6层) 1室1厅 | 44.59平米 | 南,https://ke-image.ljcdn.com/110000-inspection/42fbc05e-ee29-4fc1-8430-d6bb8a82037e_1000.jpg!m_fill,w_280,h_210,f_jpg?from=ke.com
20241029,朝阳,石佛营,101127019020,华业玫瑰郡 南北通透 明厨明卫全明格局 中间层两居必看好房,665万,74485元/平,中楼层 (共14层) | 2008年 | 2室1厅 | 89.28平米 | 南 北,https://ke-image.ljcdn.com/110000-inspection/5b793919-0e22-4abf-9005-f8462d8e3349_1000.jpg!m_fill,w_280,h_210,f_jpg?from=ke.com
20241029,朝阳,石佛营,101126904910,此房是07年商品房 二次精装修 保养的很好 随时签必看好房,435万,88958元/平,底层 (共4层) 1室1厅 | 48.9平米 | 南,https://ke-image.ljcdn.com/110000-inspection/b849307a-05a4-4ec9-b370-504f5d76e2f0_1000.jpg!m_fill,w_280,h_210,f_jpg?from=ke.com
20241029,朝阳,石佛营,101126874715,区委楼双南向两居户型方正采光充足2梯8户必看好房,439万,56413元/平,低楼层 (共18层) 2室1厅 | 77.82平米 | 南,https://ke-image.ljcdn.com/110000-inspection/577a9cc4-b520-498a-90a7-ac1115109416_1000.jpg!m_fill,w_280,h_210,f_jpg?from=ke.com
20241029,朝阳,石佛营,101126784419,炫特嘉园一期 满五唯一 高楼层采光好 户型方正,225万,51125元/平,高楼层 (共22层) | 2004年 | 1室0厅 | 44.01平米 | 东,https://ke-image.ljcdn.com/110000-inspection/1ea02385-05a8-45b7-8b48-1f94b7e0d18a_1000.jpg!m_fill,w_280,h_210,f_jpg?from=ke.com
20241029,朝阳,石佛营,101126732138,酷特区南北通透两居室24小时门禁管理房子保养好必看好房,450万,53331元/平,高楼层 (共21层) 2室1厅 | 84.38平米 | 南 北,https://ke-image.ljcdn.com/110000-inspection/17bee193-89da-4a2b-a4e4-24d4d900af56_1000.jpg!m_fill,w_280,h_210,f_jpg?from=ke.com
20241029,朝阳,石佛营,101126690263,南北通透二居室 满五唯一 独门独户 安静舒适！必看好房,499万,60114元/平,中楼层 (共21层) | 2006年 | 2室1厅 | 83.01平米 | 南 北,https://ke-image.ljcdn.com/110000-inspection/e2f81609-6dca-4069-a186-52be2c1a0282_1000.jpg!m_fill,w_280,h_210,f_jpg?from=ke.com
20241029,朝阳,石佛营,101126593530,地铁3号线石佛营站100米东南向电梯直达必看好房,458万,50541元/平,低楼层 (共21层) | 2001年 | 2室1厅 | 90.62平米 | 东 南,https://ke-image.ljcdn.com/110000-inspection/pc1_sZPjdA1QC_1.jpg!m_fill,w_280,h_210,f_jpg?from=ke.com
20241029,朝阳,石佛营,101126554337,2年前二次精装修 全南一居 全明格局 有私密大阳台必看好房,236万,52797元/平,顶层 (共6层) 2室1厅 | 44.7平米 | 南,https://ke-image.ljcdn.com/110000-inspection/1847e192-728c-42bf-997d-15ae46291760_1000.jpg!m_fill,w_280,h_210,f_jpg?from=ke.com
20241029,朝阳,石佛营,101126498744,满五唯一中层南北一居全明格局精装修必看好房,354万,51402元/平,中楼层 (共11层) | 2006年 | 1室1厅 | 68.87平米 | 南 北,https://ke-image.ljcdn.com/110000-inspection/98905ba1-c102-4c70-9c30-8bbec9ebb52e_1000.jpg!m_fill,w_280,h_210,f_jpg?from=ke.com
20241029,朝阳,石佛营,101126371649,新中式小区 边户大五居室南向直观园林建面350平,3300万,102807元/平,低楼层 (共18层) 5室3厅 | 320.99平米 | 南 北,https://ke-image.ljcdn.com/110000-inspection/pc1_kib1sxOlQ.jpg!m_fill,w_280,h_210,f_jpg?from=ke.com
20241029,朝阳,石佛营,101126202155,炫特嘉园二期 地暖装修2居室 高层落地窗视野开阔必看好房,498万,56804元/平,高楼层 (共28层) | 2004年 | 2室1厅 | 87.67平米 | 西南,https://ke-image.ljcdn.com/110000-inspection/20bca0f3-20a0-4800-b2b3-a325dfa34a60_1000.jpg!m_fill,w_280,h_210,f_jpg?from=ke.com
20241029,朝阳,石佛营,101126063705,1872小区 高层 精装 南北四居室 景观好必看好房,1799万,79518元/平,中楼层 (共31层) | 2016年 | 4室2厅 | 226.24平米 | 东 南 北,https://ke-image.ljcdn.com/110000-inspection/b358e5a6-eb79-48ab-a86c-2ccf785662e5_1000.jpg!m_fill,w_280,h_210,f_jpg?from=ke.com
20241029,朝阳,石佛营,101125955387,公园1872必看三居室方正户型彩光充足。必看好房,1350万,76199元/平,低楼层 (共22层) | 2011年 | 3室2厅 | 177.17平米 | 东南,https://ke-image.ljcdn.com/110000-inspection/pc1_KiGJg02zH.jpg!m_fill,w_280,h_210,f_jpg?from=ke.com
20241029,朝阳,石佛营,101125945507,酷特区 东向一居 刷卡入户 管理好 好房求关必看好房,318万,54257元/平,中楼层 (共21层) 1室1厅 | 58.61平米 | 东,https://ke-image.ljcdn.com/110000-inspection/cebe18d8-662a-4e89-8b24-5794d1477985_1000.jpg!m_fill,w_280,h_210,f_jpg?from=ke.com
20241029,朝阳,石佛营,101125860057,公园1872小区客厅朝南三居室诚意出售必看好房,1330万,75918元/平,中楼层 (共22层) | 2011年 | 3室2厅 | 175.19平米 | 东 南,https://ke-image.ljcdn.com/110000-inspection/pc1_910ATJB6S.jpg!m_fill,w_280,h_210,f_jpg?from=ke.com
20241029,朝阳,石佛营,101125720793,精装全南两居  满五唯一  诚意出售  随时签约,668万,67082元/平,中楼层 (共10层) | 2006年 | 2室1厅 | 99.58平米 | 南,https://ke-image.ljcdn.com/110000-inspection/74e1b8db-cd16-4562-927b-7af5858bb75f_1000.jpg!m_fill,w_280,h_210,f_jpg?from=ke.com
20241029,朝阳,石佛营,101125597334,南北通透两居中间层户型方正满五年业主急售必看好房,296万,50930元/平,中楼层 (共6层) | 1995年 | 2室1厅 | 58.12平米 | 南 北,https://ke-image.ljcdn.com/110000-inspection/465919e6-f147-4c89-8197-6641a89402cf_1000.jpg!m_fill,w_280,h_210,f_jpg?from=ke.com
20241029,朝阳,石佛营,101125371791,西里南北通透 精装修 地铁100米带车位 随时看必看好房,249万,41192元/平,低楼层 (共15层) 1室1厅 | 60.45平米 | 南 北,https://ke-image.ljcdn.com/110000-inspection/d1fd2f39-465a-4804-a5c6-a021002950c7_1000.jpg!m_fill,w_280,h_210,f_jpg?from=ke.com
20241029,朝阳,石佛营,101125360236,中水金海 满五年唯一 看房方便 封闭小区 管理好,479万,47686元/平,低楼层 (共21层) | 2005年 | 2室1厅 | 100.45平米 | 东 南 东南,https://ke-image.ljcdn.com/110000-inspection/580f44fa-9eae-4fb0-b445-183cc9b10b52_1000.jpg!m_fill,w_280,h_210,f_jpg?from=ke.com
20241029,朝阳,石佛营,101125188813,晨光家园A区  户型方正 无遮挡 满五年唯一必看好房,528万,50726元/平,中楼层 (共26层) | 2000年 | 3室1厅 | 104.09平米 | 东 北 南,https://ke-image.ljcdn.com/110000-inspection/pc1_5kA9gHOvw_1.jpg!m_fill,w_280,h_210,f_jpg?from=ke.com
20241029,朝阳,石佛营,101125117654,6号线十里堡晨光家园西南两居 满五唯一诚意卖必看好房,419万,50739元/平,低楼层 (共30层) | 2001年 | 2室1厅 | 82.58平米 | 西南,https://ke-image.ljcdn.com/110000-inspection/8ae95bd3-c229-4cea-bce8-c380844acdc4_1000.jpg!m_fill,w_280,h_210,f_jpg?from=ke.com
20241029,朝阳,石佛营,101125029904,地铁一百米 99年钢混明厅 满五唯一 看房方便必看好房,269万,45218元/平,低楼层 (共15层) | 2000年 | 1室1厅 | 59.49平米 | 南 北,https://ke-image.ljcdn.com/110000-inspection/b4329a20-6082-416f-a185-b2f0fefcf8c2_1000.jpg!m_fill,w_280,h_210,f_jpg?from=ke.com
20241029,朝阳,石佛营,101124819869,公园1872 3室2厅 东南必看好房,1330万,73222元/平,高楼层 (共32层) | 2011年 | 3室2厅 | 181.64平米 | 东南,https://ke-image.ljcdn.com/110000-inspection/62b87a3e-9e9f-4d4d-b090-03f91f5f1976_1000.jpg!m_fill,w_280,h_210,f_jpg?from=ke.com
20241029,朝阳,石佛营,101124790151,万科金阳国际公寓 高楼层 南向开间 满五年唯一必看好房,259万,52718元/平,高楼层 (共19层) 1室0厅 | 49.13平米 | 南,https://ke-image.ljcdn.com/110000-inspection/095a6212-ec84-457b-a8ea-5f90e525ad9d_1000.jpg!m_fill,w_280,h_210,f_jpg?from=ke.com
20241029,朝阳,石佛营,101124692276,业主急售 双阳台 精装修 中间楼层 视野采光好必看好房,282万,49172元/平,中楼层 (共24层) | 2004年 | 1室1厅 | 57.35平米 | 西北,https://ke-image.ljcdn.com/110000-inspection/8e487440-f884-43a6-b5a9-ea7b23aed495_1000.jpg!m_fill,w_280,h_210,f_jpg?from=ke.com
20241029,朝阳,石佛营,101124344698,不临街小区中间位置无遮挡满五唯一正对中国尊必看好房,249万,50436元/平,中楼层 (共28层) | 2004年 | 1室0厅 | 49.37平米 | 西,https://ke-image.ljcdn.com/110000-inspection/b76f1b50-2c74-4cfb-8a57-16d6969ac9f3_1000.jpg!m_fill,w_280,h_210,f_jpg?from=ke.com
20241029,朝阳,石佛营,101123885743,酷特区精装西向开间满五唯一高楼层门禁管理,200万,50214元/平,高楼层 (共21层) | 2006年 | 1室0厅 | 39.83平米 | 西,https://ke-image.ljcdn.com/110000-inspection/cf821e93-6b82-4a1a-9fcd-953004449630_1000.jpg!m_fill,w_280,h_210,f_jpg?from=ke.com
20241029,朝阳,石佛营,101123861144,八里庄北里小区一居室业主诚意出售必看好房,209万,50581元/平,底层 (共6层) | 1992年 | 1室1厅 | 41.32平米 | 西,https://ke-image.ljcdn.com/110000-inspection/f581008f-80b7-4c77-a02f-e30d56276665_1000.jpg!m_fill,w_280,h_210,f_jpg?from=ke.com
20241029,朝阳,石佛营,101123846091,东商小区南北一居小区中间位置满五年唯一商品房必看好房,197万,40017元/平,顶层 (共6层) | 1991年 | 1室1厅 | 49.23平米 | 南 北,https://ke-image.ljcdn.com/110000-inspection/pc1_Y6T3YGh6V.jpg!m_fill,w_280,h_210,f_jpg?from=ke.com
20241029,朝阳,石佛营,101123235087,迎曦园 东向高楼层两居室 视野开阔 户型方正 采光好必看好房,399万,49406元/平,中楼层 (共21层) 2室1厅 | 80.76平米 | 东,https://ke-image.ljcdn.com/110000-inspection/6aa649c0-1a3d-43b9-ad8c-8cf0302efcea_1000.jpg!m_fill,w_280,h_210,f_jpg?from=ke.com
20241029,朝阳,石佛营,101122388286,精装修钢混结构管理环境好对小区花园。必看好房,360万,54144元/平,中楼层 (共20层) 2室1厅 | 66.49平米 | 南 西南 西,https://ke-image.ljcdn.com/110000-inspection/pc1_gMMPQ3dkX_1.jpg!m_fill,w_280,h_210,f_jpg?from=ke.com
20241029,朝阳,石佛营,101120632944,公园1872高层两居室眼镜户型视野开阔无遮挡房主自荐,1230万,84357元/平,高楼层 (共32层) | 2011年 | 2室1厅 | 145.81平米 | 东,https://ke-image.ljcdn.com/110000-inspection/5e05050e-4f24-4621-899f-e254b7a3beea_1000.jpg!m_fill,w_280,h_210,f_jpg?from=ke.com
20241029,朝阳,石佛营,101127283235,婚房30万装修全南向状元户型高层无遮挡急售新上,526万,66364元/平,中楼层 (共28层) 2室1厅 | 79.26平米 | 南,https://ke-image.ljcdn.com/110000-inspection/pc1_iExAn0UjM_2.jpg!m_fill,w_280,h_210,f_jpg?from=ke.com
20241029,朝阳,石佛营,101127260874,十里堡北区 2室1厅 东 西新上,255万,39021元/平,中楼层 (共6层) 2室1厅 | 65.35平米 | 东 西,https://ke-image.ljcdn.com/110000-inspection/ff59f2c4-671c-4fa4-bba1-035477659d0d_1000.jpg!m_fill,w_280,h_210,f_jpg?from=ke.com
20241029,朝阳,石佛营,101127254764,八里庄北里小区 1室1厅 南 北新上,189万,41630元/平,顶层 (共6层) | 1989年 | 1室1厅 | 45.4平米 | 南 北,https://ke-image.ljcdn.com/110000-inspection/pc1_wKwzhla3S.jpg!m_fill,w_280,h_210,f_jpg?from=ke.com
20241029,朝阳,石佛营,101127212115,新上三居室 精装修 业主自住保持的好 不临街安静新上,528万,43379元/平,低楼层 (共21层) 3室1厅 | 121.72平米 | 西北,https://ke-image.ljcdn.com/110000-inspection/d805b115-37a7-481f-9182-8afb050cff15_1000.jpg!m_fill,w_280,h_210,f_jpg?from=ke.com
20241029,朝阳,石佛营,101127201909,保利东郡 5室2厅 南 北新上,2700万,92327元/平,顶层 (共13层) 5室2厅 | 292.44平米 | 南 北,https://ke-image.ljcdn.com/110000-inspection/06c72982-11f9-4b8a-ad47-d1daaa6d525c_1000.jpg!m_fill,w_280,h_210,f_jpg?from=ke.com
20241029,朝阳,石佛营,101127196486,炫特嘉园二期 精装修一居室 户型方正 干净整洁新上,295万,51619元/平,低楼层 (共28层) | 2004年 | 1室1厅 | 57.15平米 | 东南,https://ke-image.ljcdn.com/110000-inspection/a3349a21-355b-46b1-ab17-d7396a8b6dbf_1000.jpg!m_fill,w_280,h_210,f_jpg?from=ke.com
20241029,朝阳,石佛营,101127191411,炫特区 满五唯一 装修保持的好 诚意出售 南北一居新上,435万,60950元/平,中楼层 (共23层) | 2006年 | 1室1厅 | 71.37平米 | 南 北,https://ke-image.ljcdn.com/110000-inspection/82659699-0ead-49f4-b84d-8b9e6552453c_1000.jpg!m_fill,w_280,h_210,f_jpg?from=ke.com
20241029,朝阳,石佛营,101127191357,晨光家园B区  东南两居  中间楼层  正对花园新上,699万,70252元/平,中楼层 (共14层) | 2006年 | 2室1厅 | 99.5平米 | 东南,https://ke-image.ljcdn.com/110000-inspection/pc1_YFuTcH5cM_1.jpg!m_fill,w_280,h_210,f_jpg?from=ke.com
20241029,朝阳,石佛营,101127190384,石佛营东里小区满五唯一商品房价格可谈！新上,470万,45556元/平,低楼层 (共18层) 3室1厅 | 103.17平米 | 南 北,https://ke-image.ljcdn.com/110000-inspection/pc1_hvpCHyLov_1.jpg!m_fill,w_280,h_210,f_jpg?from=ke.com
20241029,朝阳,石佛营,101127172056,日月东华 全南向一居室 看房随时新上,339万,55375元/平,高楼层 (共21层) | 2001年 | 1室1厅 | 61.22平米 | 南,https://ke-image.ljcdn.com/110000-inspection/1067bb1d-457e-4e28-80c7-167b05fd4f17_1000.jpg!m_fill,w_280,h_210,f_jpg?from=ke.com
20241029,朝阳,石佛营,101127166803,6号线十里堡西南一居满五唯一中间层无遮挡,290万,54748元/平,中楼层 (共6层) 1室1厅 | 52.97平米 | 西南,https://ke-image.ljcdn.com/110000-inspection/a696d5c4-7385-435b-af7a-36835972a8ed_1000.jpg!m_fill,w_280,h_210,f_jpg?from=ke.com
20241029,朝阳,石佛营,101127145881,八里庄北里1号院 2室1厅 南 北,370万,59059元/平,中楼层 (共6层) 2室1厅 | 62.65平米 | 南 北,https://ke-image.ljcdn.com/110000-inspection/pc1_9OWFcIcVt_1.jpg!m_fill,w_280,h_210,f_jpg?from=ke.com
20241029,朝阳,石佛营,101127127944,八里庄北里小区 3室1厅 东 西,360万,48193元/平,低楼层 (共6层) | 1992年 | 3室1厅 | 74.7平米 | 东 西,https://ke-image.ljcdn.com/110000-inspection/e9017a98-d4b8-4829-a55f-a843a9e03245_1000.jpg!m_fill,w_280,h_210,f_jpg?from=ke.com
20241029,朝阳,石佛营,101127120450,八里庄北里小区 南北通透 满五唯一,330万,54447元/平,底层 (共6层) 2室1厅 | 60.61平米 | 南 北,https://ke-image.ljcdn.com/110000-inspection/ed05fad4-b2d0-4bda-b4e8-c16900e4ab31_1000.jpg!m_fill,w_280,h_210,f_jpg?from=ke.com
20241029,朝阳,石佛营,101127094970,朝阳站南侧800米 双地铁 两大公园 无遮挡 两居,550万,54134元/平,中楼层 (共21层) 2室1厅 | 101.6平米 | 东 北,https://ke-image.ljcdn.com/110000-inspection/ad73527e-c882-463e-9ba8-546b4ca2f472_1000.jpg!m_fill,w_280,h_210,f_jpg?from=ke.com
20241029,朝阳,石佛营,101127079648,公园1872小区6号楼四居室前后不临街安静不打扰,2400万,99838元/平,高楼层 (共17层) 4室2厅 | 240.39平米 | 南 北,https://ke-image.ljcdn.com/110000-inspection/5c185518-1130-4cd7-8313-e1ff0233e898_1000.jpg!m_fill,w_280,h_210,f_jpg?from=ke.com
20241029,朝阳,石佛营,101127072717,石佛营西里小区 南北通透 中间层 满五年唯一精装修,310万,52929元/平,低楼层 (共6层) | 1994年 | 2室1厅 | 58.57平米 | 南 北,https://ke-image.ljcdn.com/110000-inspection/fb7f9574-df61-4c7b-a16b-3718393497ba_1000.jpg!m_fill,w_280,h_210,f_jpg?from=ke.com
20241029,朝阳,石佛营,101127056015,晨光家园A区东南两居居高层视野开阔满五唯一,475万,56021元/平,高楼层 (共26层) | 2000年 | 2室1厅 | 84.79平米 | 东南,https://ke-image.ljcdn.com/110000-inspection/fb5e3709-f5a4-4e33-928e-8337d33b54ea_1000.jpg!m_fill,w_280,h_210,f_jpg?from=ke.com
20241029,朝阳,石佛营,101127031698,炫特嘉园二期 3室1厅 南 北,730万,59191元/平,底层 (共9层) 3室1厅 | 123.33平米 | 南 北,https://ke-image.ljcdn.com/110000-inspection/pc1_txOoACDiM.jpg!m_fill,w_280,h_210,f_jpg?from=ke.com
20241029,朝阳,石佛营,101126984123,此房楼龄1997年钢混结构交通方便满五唯一,395万,54155元/平,中楼层 (共18层) 2室1厅 | 72.94平米 | 南,https://ke-image.ljcdn.com/110000-inspection/346534a5-87b1-42ea-8f89-58034dbaaf6b_1000.jpg!m_fill,w_280,h_210,f_jpg?from=ke.com
20241029,朝阳,石佛营,101126978090,南北通透采光好无遮挡视野开阔格局合理,200万,51868元/平,底层 (共6层) 1室1厅 | 38.56平米 | 南 北,https://ke-image.ljcdn.com/110000-inspection/7217a4b9-4bc4-4eec-a2da-57505cd1b709_1000.jpg!m_fill,w_280,h_210,f_jpg?from=ke.com
20241029,朝阳,石佛营,101126978045,满五唯一中高层视野宽阔采光充足交通便利,188万,45978元/平,中楼层 (共25层) | 2006年 | 1室0厅 | 40.89平米 | 北,https://ke-image.ljcdn.com/110000-inspection/36df8211-0e9b-4fed-b8f5-d2bfdc8fec3f_1000.jpg!m_fill,w_280,h_210,f_jpg?from=ke.com
20241029,朝阳,石佛营,101126970247,中水金海 满五唯一 无遮挡 视野 采光好 不临街,575万,50158元/平,低楼层 (共21层) 2室1厅 | 114.64平米 | 南,https://ke-image.ljcdn.com/110000-inspection/f71ebe45-815c-4b60-92b5-ab11363f5821_1000.jpg!m_fill,w_280,h_210,f_jpg?from=ke.com
20241029,朝阳,石佛营,101126966256,炫特区满五年唯一只有契税明厨有燃气,210万,47652元/平,低楼层 (共28层) 1室0厅 | 44.07平米 | 北,https://ke-image.ljcdn.com/110000-inspection/b9816b8a-1165-4dc5-ba24-bef08059a79a_1000.jpg!m_fill,w_280,h_210,f_jpg?from=ke.com
20241029,朝阳,石佛营,101126965635,炫特区高楼层视野好西南向采光好精装修,358万,59687元/平,中楼层 (共24层) | 2004年 | 1室1厅 | 59.98平米 | 西南,https://ke-image.ljcdn.com/110000-inspection/0717caf3-df9d-4b40-b704-0a6cff367ae7_1000.jpg!m_fill,w_280,h_210,f_jpg?from=ke.com
20241029,朝阳,石佛营,101126926183,晨光家园B区.全南向两居.东四环十里堡,750万,74405元/平,中楼层 (共21层) 2室1厅 | 100.8平米 | 南,https://ke-image.ljcdn.com/110000-inspection/9d4ada19-cc0b-4845-9649-e0fd1112dee8_1000.jpg!m_fill,w_280,h_210,f_jpg?from=ke.com
20241029,朝阳,石佛营,101126912864,炫特嘉园三期 1室1厅 南 北,450万,64833元/平,中楼层 (共11层) | 2006年 | 1室1厅 | 69.41平米 | 南 北,https://ke-image.ljcdn.com/110000-inspection/76e50d74-e49f-4f5f-9779-305e3cb9b09b_1000.jpg!m_fill,w_280,h_210,f_jpg?from=ke.com
20241029,朝阳,石佛营,101126894215,朝阳东四环 全明户型两居 板楼中间层 1梯两2户,430万,73392元/平,中楼层 (共6层) 2室1厅 | 58.59平米 | 南 北,https://ke-image.ljcdn.com/110000-inspection/2e49f0e0-ef89-43d7-83bd-3abf10962fdb_1000.jpg!m_fill,w_280,h_210,f_jpg?from=ke.com
20241029,朝阳,石佛营,101126859267,满五唯一 落地窗 采光格局好 高层视野开阔,368万,60082元/平,中楼层 (共24层) 1室1厅 | 61.25平米 | 南,https://ke-image.ljcdn.com/110000-inspection/69978d5e-65ca-4ebf-9a05-70910f61a4a5_1000.jpg!m_fill,w_280,h_210,f_jpg?from=ke.com
20241029,朝阳,石佛营,101126831097,公园1872国际公寓 二次装修 满五唯一 景观好,470万,69589元/平,高楼层 (共21层) | 2008年 | 1室0厅 | 67.54平米 | 西,https://ke-image.ljcdn.com/110000-inspection/61139cf1-d981-4a9d-9f25-ea882b862fd0_1000.jpg!m_fill,w_280,h_210,f_jpg?from=ke.com
20241029,朝阳,石佛营,101126827503,精装有燃气西向户型 满五年 对小区花园 光线好,190万,47703元/平,低楼层 (共21层) 1室0厅 | 39.83平米 | 西,https://ke-image.ljcdn.com/110000-inspection/7ef4e294-6dc5-4bdd-b5f6-bb4afff019d1_1000.jpg!m_fill,w_280,h_210,f_jpg?from=ke.com
20241029,朝阳,石佛营,101126826198,石佛营东里128号院的全南向两居室满五唯一中楼层,450万,57560元/平,中楼层 (共20层) | 2001年 | 2室1厅 | 78.18平米 | 南,https://ke-image.ljcdn.com/110000-inspection/191e8f9f-04b0-4ba3-be2d-1fb058eab26d_1000.jpg!m_fill,w_280,h_210,f_jpg?from=ke.com
20241029,朝阳,石佛营,101126792636,十里堡南区 婚房精装修 南北通透格局 不临街,316万,57507元/平,中楼层 (共6层) 2室1厅 | 54.95平米 | 南 北,https://ke-image.ljcdn.com/110000-inspection/f6629c4c-86a2-4c7e-8b1e-2e875866681f_1000.jpg!m_fill,w_280,h_210,f_jpg?from=ke.com
20241029,朝阳,石佛营,101126759609,炫特嘉园一期 高楼层 视野 采光好 满五年唯一,260万,56893元/平,高楼层 (共22层) | 2004年 | 1室0厅 | 45.7平米 | 东,https://ke-image.ljcdn.com/110000-inspection/a00d025e-1205-4a17-90b8-5959f575c42f_1000.jpg!m_fill,w_280,h_210,f_jpg?from=ke.com
20241029,朝阳,石佛营,101126713371,紫萝园 2室1厅 东,470万,50696元/平,低楼层 (共21层) 2室1厅 | 92.71平米 | 东,https://ke-image.ljcdn.com/110000-inspection/pc1_CF1EUzrWe.jpg!m_fill,w_280,h_210,f_jpg?from=ke.com
20241029,朝阳,石佛营,101126709606,十里堡北区 2室1厅 东南,340万,63104元/平,高楼层 (共6层) 2室1厅 | 53.88平米 | 东南,https://ke-image.ljcdn.com/110000-inspection/pc1_IAAMAluA1.jpg!m_fill,w_280,h_210,f_jpg?from=ke.com
20241029,朝阳,石佛营,101126703964,酷特区 1室1厅 南,430万,68222元/平,高楼层 (共24层) | 2006年 | 1室1厅 | 63.03平米 | 南,https://ke-image.ljcdn.com/110000-inspection/88d65e9a-b9bf-48c9-b5e3-63ea3a6537d0_1000.jpg!m_fill,w_280,h_210,f_jpg?from=ke.com
20241029,朝阳,石佛营,101126684856,东南三居室户型好满五年唯一中间楼层管理好,639万,59670元/平,高楼层 (共18层) | 2005年 | 3室1厅 | 107.09平米 | 东南,https://ke-image.ljcdn.com/110000-inspection/pc1_cYtv8bjym.jpg!m_fill,w_280,h_210,f_jpg?from=ke.com
20241029,朝阳,石佛营,101126664499,炫特嘉园三期户型方正满五唯一无浪费面积诚售。房主自荐,295万,48504元/平,低楼层 (共25层) | 2006年 | 1室1厅 | 60.82平米 | 东,https://ke-image.ljcdn.com/110000-inspection/9dca630a-2a2e-4427-adaf-0ff9d26d7949_1000.jpg!m_fill,w_280,h_210,f_jpg?from=ke.com
20241029,朝阳,石佛营,101126641343,石佛营西里小区 2层 双阳台精装一居 满五年高原,215万,45551元/平,低楼层 (共6层) | 1994年 | 1室1厅 | 47.2平米 | 东 西,https://ke-image.ljcdn.com/110000-inspection/pc1_wC20DtpSp_1.jpg!m_fill,w_280,h_210,f_jpg?from=ke.com
20241029,朝阳,石佛营,101126614475,挨着红领巾公园 两栋楼单独管理 电梯直达大三居,530万,44730元/平,低楼层 (共21层) 3室1厅 | 118.49平米 | 西北,https://ke-image.ljcdn.com/110000-inspection/029b0c42-a40f-4eba-9a46-4dc1af7338e9_1000.jpg!m_fill,w_280,h_210,f_jpg?from=ke.com
20241029,朝阳,石佛营,101126596897,晨光家园B区 精装修 南北通透 两室两厅两卫,880万,74451元/平,中楼层 (共9层) | 2008年 | 2室2厅 | 118.2平米 | 北 南,https://ke-image.ljcdn.com/110000-inspection/a9689a39-37c2-4f81-827c-144e73a9cafd_1000.jpg!m_fill,w_280,h_210,f_jpg?from=ke.com
20241029,朝阳,石佛营,101126593481,晨光家园A区 正规两居 无遮挡 满五唯一,430万,51839元/平,底层 (共26层) | 2000年 | 2室1厅 | 82.95平米 | 东南 北,https://ke-image.ljcdn.com/110000-inspection/ee4e8294-5cab-4671-b342-26d11a433c73_1000.jpg!m_fill,w_280,h_210,f_jpg?from=ke.com
20241029,朝阳,石佛营,101126562746,八里庄北里田字格三居全明格局满五年唯一非顶层,372万,47895元/平,高楼层 (共6层) 3室1厅 | 77.67平米 | 南 北,https://ke-image.ljcdn.com/110000-inspection/pc1_SVmKgDOnd.jpg!m_fill,w_280,h_210,f_jpg?from=ke.com
20241029,朝阳,石佛营,101126561725,民水民电 70年产权住宅 商品房 高楼层 无遮挡,270万,55272元/平,低楼层 (共19层) 1室0厅 | 48.85平米 | 南,https://ke-image.ljcdn.com/110000-inspection/ed85f951-eeb6-4450-8abb-79e6a0d82db2_1000.jpg!m_fill,w_280,h_210,f_jpg?from=ke.com
20241029,朝阳,石佛营,101126548868,满五年唯一朝南一居室高楼层采光视野好,338万,51604元/平,高楼层 (共22层) | 2006年 | 1室1厅 | 65.5平米 | 南,https://ke-image.ljcdn.com/110000-inspection/bf730704-1ebf-4eda-a3f3-4cc4063ac4aa_1000.jpg!m_fill,w_280,h_210,f_jpg?from=ke.com
20241029,朝阳,石佛营,101126519155,小区中间位置满五年唯一交易成本低,320万,55125元/平,低楼层 (共28层) | 2004年 | 1室1厅 | 58.05平米 | 西南,https://ke-image.ljcdn.com/110000-inspection/pc1_hlooCYpCQ_1.jpg!m_fill,w_280,h_210,f_jpg?from=ke.com
20241029,朝阳,石佛营,101126498352,紫萝园 装修不错 拎包入住 小区管理好,500万,54419元/平,低楼层 (共21层) | 2001年 | 2室1厅 | 91.88平米 | 南 西,https://ke-image.ljcdn.com/110000-inspection/b7c31671-ee51-494f-9e61-fe07c2bcf764_1000.jpg!m_fill,w_280,h_210,f_jpg?from=ke.com
20241029,朝阳,石佛营,101126493909,酷特区 南北通透 正规一室一厅 高楼层采光好视野佳,328万,57203元/平,高楼层 (共24层) 1室1厅 | 57.34平米 | 南 北,https://ke-image.ljcdn.com/110000-inspection/pc1_cabz5JxvA_1.jpg!m_fill,w_280,h_210,f_jpg?from=ke.com
20241029,朝阳,石佛营,101126474716,南北通透大一居双阳台高楼层无遮挡采光视野棒,260万,49524元/平,顶层 (共6层) 1室1厅 | 52.5平米 | 南 北,https://ke-image.ljcdn.com/110000-inspection/03c10329-2db1-4b32-982d-d45aee6a1d37_1000.jpg!m_fill,w_280,h_210,f_jpg?from=ke.com
20241029,朝阳,石佛营,101126452602,全南向眼镜户型 得房率83% 一梯三户 不临街,530万,65578元/平,中楼层 (共11层) | 2005年 | 2室1厅 | 80.82平米 | 南,https://ke-image.ljcdn.com/110000-inspection/bd0710d9-4e7b-4abb-b11a-964b4dde601f_1000.jpg!m_fill,w_280,h_210,f_jpg?from=ke.com
20241029,朝阳,石佛营,101126433547,日月东华满五年唯一精装修一居前后不临街安静房主自荐,310万,47576元/平,低楼层 (共21层) | 2001年 | 1室1厅 | 65.16平米 | 东,https://ke-image.ljcdn.com/110000-inspection/2489e528-c217-4e51-886e-5b62250fffd5_1000.jpg!m_fill,w_280,h_210,f_jpg?from=ke.com
20241029,朝阳,石佛营,101126389816,迎曦园中高层全南电梯房采光视野俱佳满五唯一,415万,53158元/平,中楼层 (共21层) 2室1厅 | 78.07平米 | 南,https://ke-image.ljcdn.com/110000-inspection/08d6e06f-31dd-45ae-bcb1-9cacf1bc5fdf_1000.jpg!m_fill,w_280,h_210,f_jpg?from=ke.com
20241029,朝阳,石佛营,101126370128,华业玫瑰郡 南北通透 物业管理好 业主靠谱出售。房主自荐,690万,77303元/平,低楼层 (共14层) | 2008年 | 2室1厅 | 89.26平米 | 南 北,https://ke-image.ljcdn.com/110000-inspection/pc1_oD6gJ0ifn_1.jpg!m_fill,w_280,h_210,f_jpg?from=ke.com
20241029,朝阳,石佛营,101126366470,满五年唯一 二次精装保养好 拎包入住 位置安静,498万,49572元/平,高楼层 (共21层) 2室1厅 | 100.46平米 | 西南,https://ke-image.ljcdn.com/110000-inspection/0657946d-c5a7-47c8-9470-939cd2da9c53_1000.jpg!m_fill,w_280,h_210,f_jpg?from=ke.com
20241029,朝阳,石佛营,101126363796,晨光家园C区  南北通透  满五年唯一  精装修,1100万,71643元/平,中楼层 (共28层) | 2012年 | 3室2厅 | 153.54平米 | 南 北,https://ke-image.ljcdn.com/110000-inspection/pc1_a5DWtpSdy.jpg!m_fill,w_280,h_210,f_jpg?from=ke.com
20241029,朝阳,石佛营,101126353948,精装修大两居室 南北通透 正对景观花园 满五唯一房主自荐,720万,63392元/平,高楼层 (共9层) | 2004年 | 2室1厅 | 113.58平米 | 南 北,https://ke-image.ljcdn.com/110000-inspection/pc1_f0x8viGUx.jpg!m_fill,w_280,h_210,f_jpg?from=ke.com
20241029,朝阳,石佛营,101126339217,石佛营西里小区精装修一居室诚意出售,238万,51954元/平,低楼层 (共6层) | 1994年 | 1室1厅 | 45.81平米 | 南 北,https://ke-image.ljcdn.com/110000-inspection/pc1_hNao3IGQL_1.jpg!m_fill,w_280,h_210,f_jpg?from=ke.com
20241029,朝阳,石佛营,101126333236,二期新上满五唯一高楼层精装修诚意出售可谈,399万,62510元/平,高楼层 (共28层) 1室1厅 | 63.83平米 | 南,https://ke-image.ljcdn.com/110000-inspection/52a3c39f-92af-420a-aa0c-8b3151b15b6e_1000.jpg!m_fill,w_280,h_210,f_jpg?from=ke.com
20241029,朝阳,石佛营,101126323682,高楼层 满五唯一 动静分离 光线好 业主诚意出售,310万,54291元/平,高楼层 (共28层) 1室1厅 | 57.1平米 | 西南,https://ke-image.ljcdn.com/110000-inspection/13c59966-2a19-4c30-9de1-0fbcedf6443d_1000.jpg!m_fill,w_280,h_210,f_jpg?from=ke.com
20241029,朝阳,石佛营,101126299819,满五唯一中间楼层位置安静不链接精装修拎包住,328万,50830元/平,中楼层 (共22层) | 2006年 | 1室1厅 | 64.53平米 | 西,https://ke-image.ljcdn.com/110000-inspection/db0d51cf-aa1e-46c2-9bae-5e963c02fc42_1000.jpg!m_fill,w_280,h_210,f_jpg?from=ke.com
20241029,朝阳,石佛营,101126287561,满五唯一南北通透全明格局采光视视野好,358万,51578元/平,低楼层 (共11层) | 2006年 | 1室1厅 | 69.41平米 | 南 北,https://ke-image.ljcdn.com/110000-inspection/b35b1c23-e910-438c-828a-b4621479c5a5_1000.jpg!m_fill,w_280,h_210,f_jpg?from=ke.com
20241029,朝阳,石佛营,101126222346,八里庄北里小区 2室1厅 西,330万,43450元/平,中楼层 (共12层) 2室1厅 | 75.95平米 | 西,https://ke-image.ljcdn.com/110000-inspection/32019976-dae6-4646-8ae3-42976e30c67e_1000.jpg!m_fill,w_280,h_210,f_jpg?from=ke.com
20241029,朝阳,石佛营,101126187911,日月东华 南向正规一居室 户型方正 满五年唯一,317万,42896元/平,顶层 (共21层) | 2001年 | 1室1厅 | 73.9平米 | 南,https://ke-image.ljcdn.com/110000-inspection/1eb3d83c-3ec4-4233-992a-0a654879e74e_1000.jpg!m_fill,w_280,h_210,f_jpg?from=ke.com
20241029,朝阳,石佛营,101126131988,八里庄北里电梯大两居 满五单位分房 近地铁 临公园,320万,42133元/平,低楼层 (共12层) 2室1厅 | 75.95平米 | 西,https://ke-image.ljcdn.com/110000-inspection/3ce2a7dd-dfad-4c44-a5ca-79a67db4fdb4_1000.jpg!m_fill,w_280,h_210,f_jpg?from=ke.com
20241029,朝阳,石佛营,101126114885,日月东华 2室2厅 西南,499万,49129元/平,高楼层 (共21层) 2室2厅 | 101.57平米 | 西南,https://ke-image.ljcdn.com/110000-inspection/pc1_XhBaOHIOk_1.jpg!m_fill,w_280,h_210,f_jpg?from=ke.com
20241029,朝阳,石佛营,101126109092,八里庄北里南向一居室 临公园地铁,198万,38620元/平,顶层 (共6层) | 1994年 | 1室1厅 | 51.27平米 | 南,https://ke-image.ljcdn.com/110000-inspection/pc1_FalY0srcu.jpg!m_fill,w_280,h_210,f_jpg?from=ke.com
20241029,朝阳,石佛营,101126097355,保利东郡新上4居室 东边户 二次装修 中西厨房设计,2050万,102732元/平,顶层 (共12层) 4室2厅 | 199.55平米 | 南 北,https://ke-image.ljcdn.com/110000-inspection/162f4e25-979a-4002-8255-1fef26e0b55c_1000.jpg!m_fill,w_280,h_210,f_jpg?from=ke.com
20241029,朝阳,石佛营,101126087609,满五唯一南向一居室中层无遮挡落地窗房主自荐,310万,59673元/平,中楼层 (共22层) | 2004年 | 1室1厅 | 51.95平米 | 南,https://ke-image.ljcdn.com/110000-inspection/b3301a85-7a7d-40a8-b1af-4d48630e74da_1000.jpg!m_fill,w_280,h_210,f_jpg?from=ke.com
20241029,朝阳,石佛营,101126032531,晨光家园A区西南两居 满五唯一 无任何遮挡 采光好,510万,72806元/平,低楼层 (共28层) | 1999年 | 2室1厅 | 70.05平米 | 南 西,https://ke-image.ljcdn.com/110000-inspection/pc1_YX3zrPxQM_1.jpg!m_fill,w_280,h_210,f_jpg?from=ke.com
20241029,朝阳,石佛营,101126007613,满五年唯一 精装修 高楼层 无遮挡 视野好房主自荐,475万,51698元/平,高楼层 (共21层) | 2001年 | 2室1厅 | 91.88平米 | 南 西,https://ke-image.ljcdn.com/110000-inspection/pc1_xHg6fzG2M.jpg!m_fill,w_280,h_210,f_jpg?from=ke.com
20241029,朝阳,石佛营,101125990600,商品房首套购房只有1%的契税房主自荐,230万,55276元/平,中楼层 (共22层) 1室0厅 | 41.61平米 | 北,https://ke-image.ljcdn.com/110000-inspection/333c625f-0c6b-4898-b6ca-8471a4243076_1000.jpg!m_fill,w_280,h_210,f_jpg?from=ke.com
20241029,朝阳,石佛营,101125986353,炫特区明厨明卫两居室西南北通透满五唯一,510万,51594元/平,高楼层 (共14层) | 2006年 | 2室1厅 | 98.85平米 | 西南 北,https://ke-image.ljcdn.com/110000-inspection/e64ef8bd-7915-486c-86b2-5f1269bedf99_1000.jpg!m_fill,w_280,h_210,f_jpg?from=ke.com
20241029,朝阳,石佛营,101125979376,炫特嘉园一期 1室0厅 南,239万,54880元/平,低楼层 (共18层) | 2004年 | 1室0厅 | 43.55平米 | 南,https://ke-image.ljcdn.com/110000-inspection/9ab386ff-21bf-486b-8f8a-be74fa534c40_1000.jpg!m_fill,w_280,h_210,f_jpg?from=ke.com
20241029,朝阳,石佛营,101125931748,石佛营东里小区满五唯一精装修看房方便,218万,47299元/平,顶层 (共6层) | 1996年 | 1室1厅 | 46.09平米 | 南 北,https://ke-image.ljcdn.com/110000-inspection/570a671f-e6d8-48da-b53d-4e0f0a4c728a_1000.jpg!m_fill,w_280,h_210,f_jpg?from=ke.com
20241029,朝阳,石佛营,101125930963,八里庄北里小区 新增两居室 满五年 中间层 急售,319万,42002元/平,中楼层 (共12层) 2室1厅 | 75.95平米 | 西,https://ke-image.ljcdn.com/110000-inspection/84ebb9d9-1301-43a6-b13c-264829e6563f_1000.jpg!m_fill,w_280,h_210,f_jpg?from=ke.com
20241029,朝阳,石佛营,101125928778,炫特嘉园二期 高层 西南一居 采光佳 视野好房主自荐,345万,46210元/平,高楼层 (共28层) | 2004年 | 1室1厅 | 74.66平米 | 西南,https://ke-image.ljcdn.com/110000-inspection/pc1_c6843vEGO_1.jpg!m_fill,w_280,h_210,f_jpg?from=ke.com
20241029,朝阳,石佛营,101125905143,产权清晰南北通透采光好视野开阔,298万,49379元/平,中楼层 (共6层) | 1992年 | 2室1厅 | 60.35平米 | 南 北,https://ke-image.ljcdn.com/110000-inspection/pc1_Gy8wtq4DL.jpg!m_fill,w_280,h_210,f_jpg?from=ke.com
20241029,朝阳,石佛营,101125899477,日月东华新上正规一居室户型方正满五年诚售,318万,53826元/平,低楼层 (共21层) | 2000年 | 1室1厅 | 59.08平米 | 西,https://ke-image.ljcdn.com/110000-inspection/2712566b-621b-4a32-a23f-90163d54375e_1000.jpg!m_fill,w_280,h_210,f_jpg?from=ke.com
20241029,朝阳,石佛营,101125897378,石佛营西里小区 二层南向  一居室 业主诚意出售,225万,50314元/平,低楼层 (共6层) 1室1厅 | 44.72平米 | 南,https://ke-image.ljcdn.com/110000-inspection/8944e1d1-8bfe-46f6-87f0-6bfcf1d4f7f5_1000.jpg!m_fill,w_280,h_210,f_jpg?from=ke.com
20241029,朝阳,石佛营,101125867988,酷特区 1室1厅 西南,283万,46257元/平,低楼层 (共21层) 1室1厅 | 61.18平米 | 西南,https://ke-image.ljcdn.com/110000-inspection/pc1_xVN0P2jhl.jpg!m_fill,w_280,h_210,f_jpg?from=ke.com
20241029,朝阳,石佛营,101125863607,八里庄北里南北两居 明厨明卫 满五唯一 近地铁,296万,48233元/平,高楼层 (共6层) 2室1厅 | 61.37平米 | 南 北,https://ke-image.ljcdn.com/110000-inspection/cfdb7f21-e430-4672-bd6f-68d343f3628e_1000.jpg!m_fill,w_280,h_210,f_jpg?from=ke.com
20241029,朝阳,石佛营,101125854091,晨光家园A区东南北两居  诚意出售  随时签约,443万,53010元/平,高楼层 (共26层) | 2000年 | 2室1厅 | 83.57平米 | 东北,https://ke-image.ljcdn.com/110000-inspection/9ec7b54e-e323-4091-a51e-7f7f61aef0d1_1000.jpg!m_fill,w_280,h_210,f_jpg?from=ke.com
20241029,朝阳,石佛营,101125808424,炫特嘉园三期满五唯一精装修一梯三户南北通透两居室,550万,61214元/平,低楼层 (共11层) | 2005年 | 2室1厅 | 89.85平米 | 南 北,https://ke-image.ljcdn.com/110000-inspection/8227a35c-79b0-49d5-ba54-238abed0dfbe_1000.jpg!m_fill,w_280,h_210,f_jpg?from=ke.com
20241029,朝阳,石佛营,101125804121,八里庄北里1号院 2室1厅 南 北,360万,58452元/平,低楼层 (共6层) | 1987年 | 2室1厅 | 61.59平米 | 南 北,https://ke-image.ljcdn.com/110000-inspection/60ddf75f-d944-48e3-b147-3888c15b8772_1000.jpg!m_fill,w_280,h_210,f_jpg?from=ke.com
20241029,朝阳,石佛营,101125800816,炫特嘉园三期 1室1厅 西南,375万,54809元/平,中楼层 (共23层) | 2006年 | 1室1厅 | 68.42平米 | 西南,https://ke-image.ljcdn.com/110000-inspection/pc1_B4a8afSkK_1.jpg!m_fill,w_280,h_210,f_jpg?from=ke.com
20241029,朝阳,石佛营,101125793532,晨光家园A区 2室1厅 东南 北,385万,38485元/平,高楼层 (共26层) | 2000年 | 2室1厅 | 100.04平米 | 东南 北,https://ke-image.ljcdn.com/110000-inspection/pc1_9Wvgqyz9n.jpg!m_fill,w_280,h_210,f_jpg?from=ke.com
20241029,朝阳,石佛营,101125773549,石佛营西里南向一居无遮挡户型方正,235万,48137元/平,顶层 (共5层) 1室1厅 | 48.82平米 | 南,https://ke-image.ljcdn.com/110000-inspection/238ecaa4-11d2-43f1-84ac-c805613a7087_1000.jpg!m_fill,w_280,h_210,f_jpg?from=ke.com
20241029,朝阳,石佛营,101125752643,八里庄北里小区 1室1厅 南 北,198万,41371元/平,顶层 (共6层) 1室1厅 | 47.86平米 | 南 北,https://ke-image.ljcdn.com/110000-inspection/aa9335b0-de0a-47f3-8009-7f43be44b8b4_1000.jpg!m_fill,w_280,h_210,f_jpg?from=ke.com
20241029,朝阳,石佛营,101125750554,6号线十里堡晨光家园B区板楼南向两居满五唯一,698万,69164元/平,中楼层 (共21层) | 2008年 | 2室1厅 | 100.92平米 | 南,https://ke-image.ljcdn.com/110000-inspection/83c7d7ee-725d-4ece-aadc-a2e60af8397e_1000.jpg!m_fill,w_280,h_210,f_jpg?from=ke.com
20241029,朝阳,石佛营,101125712716,石佛营西里 南北通透 2层 满五年唯一 精装修一居房主自荐,240万,52391元/平,低楼层 (共6层) | 1994年 | 1室1厅 | 45.81平米 | 南 北,https://ke-image.ljcdn.com/110000-inspection/b901a4c8-75e5-4b4e-b42a-ca731517607b_1000.jpg!m_fill,w_280,h_210,f_jpg?from=ke.com
20241029,朝阳,石佛营,101125654807,石佛营东里西南向两居满五唯一近地铁,370万,50341元/平,低楼层 (共18层) | 1997年 | 2室1厅 | 73.5平米 | 西南,https://ke-image.ljcdn.com/110000-inspection/pc1_0EuYCnTcy.jpg!m_fill,w_280,h_210,f_jpg?from=ke.com
20241029,朝阳,石佛营,101125636535,炫特区板楼三居室南北通透品质三居,699万,56983元/平,顶层 (共9层) | 2004年 | 3室1厅 | 122.67平米 | 南 北,https://ke-image.ljcdn.com/110000-inspection/cb7b5daf-9b08-4937-8110-c6a174118d9d_1000.jpg!m_fill,w_280,h_210,f_jpg?from=ke.com
20241029,朝阳,石佛营,101125612952,石佛营西里小区 满五年唯一东西通透一居室低楼层,230万,50964元/平,底层 (共6层) | 1994年 | 1室1厅 | 45.13平米 | 东 西,https://ke-image.ljcdn.com/110000-inspection/pc1_8VYJ2M9pR_1.jpg!m_fill,w_280,h_210,f_jpg?from=ke.com
20241029,朝阳,石佛营,101125567406,保利新上五居室中间位置正对小区园林餐客厅超百平,3150万,97623元/平,中楼层 (共18层) 5室3厅 | 322.67平米 | 南 北,https://ke-image.ljcdn.com/110000-inspection/pc1_AQI1DKOTU.jpg!m_fill,w_280,h_210,f_jpg?from=ke.com
20241029,朝阳,石佛营,101125562770,石佛营东里小区 东南；两居室 看房方便 户型方正,465万,57858元/平,中楼层 (共18层) 2室1厅 | 80.37平米 | 东 南 东南,https://ke-image.ljcdn.com/110000-inspection/02108cd1-a388-4f3e-aa82-f7146efee4c5_1000.jpg!m_fill,w_280,h_210,f_jpg?from=ke.com
20241029,朝阳,石佛营,101125545391,满五唯一 南北通透 高楼层  无遮挡 近地铁,888万,65213元/平,高楼层 (共21层) | 2008年 | 3室2厅 | 136.17平米 | 南 北,https://ke-image.ljcdn.com/110000-inspection/pc1_a9D09rMeG.jpg!m_fill,w_280,h_210,f_jpg?from=ke.com
20241029,朝阳,石佛营,101125514051,精装修2居室 高层（非顶层）采光、视野无遮挡,499万,59469元/平,顶层 (共28层) 2室1厅 | 83.91平米 | 西南,https://ke-image.ljcdn.com/110000-inspection/915731fe-7eeb-4a33-935f-f4b3f7432213_1000.jpg!m_fill,w_280,h_210,f_jpg?from=ke.com
20241029,朝阳,石佛营,101125486923,08年商品房两梯四户高层精装满五唯一近地铁,836万,62407元/平,顶层 (共21层) | 2008年 | 3室1厅 | 133.96平米 | 南 北,https://ke-image.ljcdn.com/110000-inspection/pc1_TRvJdJics_1.jpg!m_fill,w_280,h_210,f_jpg?from=ke.com
20241029,朝阳,石佛营,101125479956,本房精装修 满五唯一 视野无遮挡 光线好,222.37万,56902元/平,低楼层 (共18层) | 2004年 | 1室0厅 | 39.08平米 | 南,https://ke-image.ljcdn.com/110000-inspection/84b6dfd2-1cca-445f-ace1-7697a30f89f6_1000.jpg!m_fill,w_280,h_210,f_jpg?from=ke.com
20241029,朝阳,石佛营,101125448054,电梯房 精装修 满五年唯一 带车位和充电桩 随时房主自荐,362万,43731元/平,中楼层 (共12层) 2室1厅 | 82.78平米 | 东 西,https://ke-image.ljcdn.com/110000-inspection/f2e060b0-f51c-4eb5-9a60-4fb90bf0e8f9_1000.jpg!m_fill,w_280,h_210,f_jpg?from=ke.com
20241029,朝阳,石佛营,101125432893,万科金阳 全南向 满五年唯一 开间 次顶层 采光好,330万,67046元/平,高楼层 (共19层) 1室0厅 | 49.22平米 | 南,https://ke-image.ljcdn.com/110000-inspection/pc1_eqgUSwMxL.jpg!m_fill,w_280,h_210,f_jpg?from=ke.com
20241029,朝阳,石佛营,101125430514,满五年唯一南向上下水改造了中间层采光好,195万,43047元/平,高楼层 (共6层) 1室1厅 | 45.3平米 | 南,https://ke-image.ljcdn.com/110000-inspection/314e4f7e-b345-4124-8e1d-f2726ed865cd_1000.jpg!m_fill,w_280,h_210,f_jpg?from=ke.com
20241029,朝阳,石佛营,101125389440,炫特嘉园二期 精装修 西南一居 高楼层视野好房主自荐,310万,54291元/平,高楼层 (共28层) | 2004年 | 1室1厅 | 57.1平米 | 西南,https://ke-image.ljcdn.com/110000-inspection/41998ffd-16d6-4945-9858-3bfccba8c301_1000.jpg!m_fill,w_280,h_210,f_jpg?from=ke.com
20241029,朝阳,石佛营,101125377977,石佛营东里105号院低楼层满五唯一,429万,73434元/平,低楼层 (共6层) | 1992年 | 2室1厅 | 58.42平米 | 南 北,https://ke-image.ljcdn.com/110000-inspection/e1d74bbf-955f-4f87-ac90-fb4764d95d5c_1000.jpg!m_fill,w_280,h_210,f_jpg?from=ke.com
20241029,朝阳,石佛营,101125357169,满五唯一 板楼两居 南北通透 中间层 博洛尼装修,650万,68128元/平,低楼层 (共11层) | 2006年 | 2室1厅 | 95.41平米 | 南 北,https://ke-image.ljcdn.com/110000-inspection/pc1_3tBxvqBh0.jpg!m_fill,w_280,h_210,f_jpg?from=ke.com
20241029,朝阳,石佛营,101125302162,满五年唯一 南北通透 高楼层视野好无任何遮挡房主自荐,330万,49144元/平,中楼层 (共25层) | 2006年 | 1室1厅 | 67.15平米 | 南 北,https://ke-image.ljcdn.com/110000-inspection/8f65acfb-208b-491b-9a27-7f8f7b71bc43_1000.jpg!m_fill,w_280,h_210,f_jpg?from=ke.com
20241029,朝阳,石佛营,101125222343,日月东华满五唯一东南2居带大阳台,368万,53920元/平,中楼层 (共21层) | 2000年 | 2室1厅 | 68.25平米 | 东南,https://ke-image.ljcdn.com/110000-inspection/pc1_wh5yZfBBr_1.jpg!m_fill,w_280,h_210,f_jpg?from=ke.com
20241029,朝阳,石佛营,101125213717,满五唯一南北通透大三居高楼层视野采光俱佳,335万,46782元/平,顶层 (共6层) | 1994年 | 3室1厅 | 71.61平米 | 南 北,https://ke-image.ljcdn.com/110000-inspection/3ac0d5f0-47ce-4cec-b6e9-36c8b86b25a0_1000.jpg!m_fill,w_280,h_210,f_jpg?from=ke.com
20241029,朝阳,石佛营,101125206091,十里堡北区 次顶层 南北通透二居。,275万,44643元/平,高楼层 (共6层) | 1982年 | 2室1厅 | 61.6平米 | 南 北,https://ke-image.ljcdn.com/110000-inspection/pc1_44jbMAhRq_1.jpg!m_fill,w_280,h_210,f_jpg?from=ke.com
20241029,朝阳,石佛营,101125205452,炫特嘉园二期满5年唯一 视野开阔精装修1居室,320万,55798元/平,中楼层 (共24层) | 2004年 | 1室1厅 | 57.35平米 | 西北,https://ke-image.ljcdn.com/110000-inspection/pc1_4yr2Vb7H8.jpg!m_fill,w_280,h_210,f_jpg?from=ke.com
20241029,朝阳,石佛营,101125193348,满五唯一近地铁 临公园1995年电梯楼,239万,48806元/平,低楼层 (共18层) | 2000年 | 1室1厅 | 48.97平米 | 南 西,https://ke-image.ljcdn.com/110000-inspection/pc1_HmuJK8z8K_1.jpg!m_fill,w_280,h_210,f_jpg?from=ke.com
20241029,朝阳,石佛营,101125157927,满五年唯一东西通透方正二次装修拎包入住中间层房主自荐,256万,55364元/平,中楼层 (共6层) | 1996年 | 1室1厅 | 46.24平米 | 东 西,https://ke-image.ljcdn.com/110000-inspection/676f88ef-ebae-4703-a578-84d98510213d_1000.jpg!m_fill,w_280,h_210,f_jpg?from=ke.com
20241029,朝阳,石佛营,101125147778,保利东郡高层三居室满五年唯一业主诚意出售,1900万,113773元/平,高楼层 (共18层) 3室2厅 | 167平米 | 南 北,https://ke-image.ljcdn.com/110000-inspection/pc1_DsROIT6cP.jpg!m_fill,w_280,h_210,f_jpg?from=ke.com
20241029,朝阳,石佛营,101125144338,八里庄北里 南北精装两居室 大客厅 近地铁,289万,45786元/平,顶层 (共6层) | 1993年 | 2室1厅 | 63.12平米 | 南 北,https://ke-image.ljcdn.com/110000-inspection/6f43889e-b21c-4db8-841b-26a3266d4891_1000.jpg!m_fill,w_280,h_210,f_jpg?from=ke.com
20241029,朝阳,石佛营,101125116298,特区808石佛营十里堡朝阳公园红领巾公园地铁6和3,595万,56170元/平,低楼层 (共21层) 2室2厅 | 105.93平米 | 东南,https://ke-image.ljcdn.com/110000-inspection/pc1_j1CKR4C3u.jpg!m_fill,w_280,h_210,f_jpg?from=ke.com
20241029,朝阳,石佛营,101125102802,晨光家园B区 南向大两居  满五唯一  随时可签,699万,70252元/平,中楼层 (共13层) | 2006年 | 2室1厅 | 99.5平米 | 南 西,https://ke-image.ljcdn.com/110000-inspection/5c11d97d-4096-4466-835b-5a5ae764ccaa_1000.jpg!m_fill,w_280,h_210,f_jpg?from=ke.com
20241029,朝阳,石佛营,101125089676,朝阳北路 地铁六号线十里堡 晨光家园 满五年唯一,470万,56241元/平,低楼层 (共26层) | 2000年 | 2室1厅 | 83.57平米 | 东北,https://ke-image.ljcdn.com/110000-inspection/11deb204-b008-434a-9545-89cec7c2d99b_1000.jpg!m_fill,w_280,h_210,f_jpg?from=ke.com
20241029,朝阳,石佛营,101125074795,朝阳东四环 电梯房 平层入户 南北通透 满五唯一,380万,57178元/平,中楼层 (共11层) 2室1厅 | 66.46平米 | 南 北,https://ke-image.ljcdn.com/110000-inspection/pc1_Z7FYWJo4Z.jpg!m_fill,w_280,h_210,f_jpg?from=ke.com
20241029,朝阳,石佛营,101125067111,紫萝园  南向三居室 无遮挡 双卫 高楼层,680万,55683元/平,顶层 (共21层) 3室1厅 | 122.12平米 | 南,https://ke-image.ljcdn.com/110000-inspection/928c18d6-2c7d-4459-9b43-63f83519fe2b_1000.jpg!m_fill,w_280,h_210,f_jpg?from=ke.com
20241029,朝阳,石佛营,101125028858,南北通透明厅两居室中间楼层 无遮挡,347万,59398元/平,中楼层 (共6层) 2室1厅 | 58.42平米 | 南 北,https://ke-image.ljcdn.com/110000-inspection/pc1_dKUZ9MPpU_1.jpg!m_fill,w_280,h_210,f_jpg?from=ke.com
20241029,朝阳,石佛营,101124935316,八里庄北里小区 2室1厅 南 北,380万,64725元/平,中楼层 (共5层) 2室1厅 | 58.71平米 | 南 北,https://ke-image.ljcdn.com/110000-inspection/pc1_M7VFcxSZ2_1.jpg!m_fill,w_280,h_210,f_jpg?from=ke.com
20241029,朝阳,石佛营,101124917612,三层精装大两居 东西通透 采光充足 不临街,310万,53458元/平,中楼层 (共6层) 2室1厅 | 57.99平米 | 东 西,https://ke-image.ljcdn.com/110000-inspection/pc1_CsPK73jwq.jpg!m_fill,w_280,h_210,f_jpg?from=ke.com
20241029,朝阳,石佛营,101124881417,八里庄北里 不临街 南北通透 精装修 采光好暖气足房主自荐,288万,48105元/平,顶层 (共6层) 2室1厅 | 59.87平米 | 南 北,https://ke-image.ljcdn.com/110000-inspection/pc1_c4h1zwyYF.jpg!m_fill,w_280,h_210,f_jpg?from=ke.com
20241029,朝阳,石佛营,101124879213,石佛营西里小区 2室1厅 东南,318万,51565元/平,顶层 (共18层) | 1997年 | 2室1厅 | 61.67平米 | 东南,https://ke-image.ljcdn.com/110000-inspection/e7cc6356-df9d-438d-8318-21d4649615e8_1000.jpg!m_fill,w_280,h_210,f_jpg?from=ke.com
20241029,朝阳,石佛营,101124876388,满五唯一两居室高层无遮挡户型方正六号线地铁,550万,68519元/平,中楼层 (共30层) | 1999年 | 2室1厅 | 80.27平米 | 西南,https://ke-image.ljcdn.com/110000-inspection/c0c2ec5a-dd5b-4ba7-b5da-dc83f9f027d2_1000.jpg!m_fill,w_280,h_210,f_jpg?from=ke.com
20241029,朝阳,石佛营,101124853300,晨光家园B区08年商品房社区近地铁配套齐全！,380万,70659元/平,中楼层 (共18层) | 2008年 | 1室1厅 | 53.78平米 | 南,https://ke-image.ljcdn.com/110000-inspection/pc1_0pQhN9ZKJ.jpg!m_fill,w_280,h_210,f_jpg?from=ke.com
20241029,朝阳,石佛营,101124846767,十里堡地铁站 八里庄北里低楼层南北两居 满五年唯一,319万,51610元/平,底层 (共6层) 2室1厅 | 61.81平米 | 南 北,https://ke-image.ljcdn.com/110000-inspection/pc1_Aah7O3bft.jpg!m_fill,w_280,h_210,f_jpg?from=ke.com
20241029,朝阳,石佛营,101124846221,石佛营东里105号院 2层精装修 业主诚意出售,288万,59175元/平,低楼层 (共6层) 2室1厅 | 48.67平米 | 东 北,https://ke-image.ljcdn.com/110000-inspection/d406f6f4-c33c-4902-8082-88d5152f7a0c_1000.jpg!m_fill,w_280,h_210,f_jpg?from=ke.com
20241029,朝阳,石佛营,101124792176,中间楼层 满五年  精装修 正规两居室,569万,64962元/平,中楼层 (共28层) | 2004年 | 2室1厅 | 87.59平米 | 西南,https://ke-image.ljcdn.com/110000-inspection/pc1_tn469S38f.jpg!m_fill,w_280,h_210,f_jpg?from=ke.com
20241029,朝阳,石佛营,101124774312,满五年 家庭唯一 商品房 无抵押  带电梯,468万,51429元/平,中楼层 (共18层) 2室1厅 | 91平米 | 西南,https://ke-image.ljcdn.com/110000-inspection/d295873f-54ce-4c03-bdc2-3eeeb8776693_1000.jpg!m_fill,w_280,h_210,f_jpg?from=ke.com
20241029,朝阳,石佛营,101124746205,满五唯一 小区中间 东西通透 中间楼层,368万,62853元/平,中楼层 (共6层) 2室1厅 | 58.55平米 | 东 西,https://ke-image.ljcdn.com/110000-inspection/988bb57b-1104-4dad-a3da-5dcb2c57f127_1000.jpg!m_fill,w_280,h_210,f_jpg?from=ke.com
20241029,朝阳,石佛营,101124724648,朝阳捷座 正规2居 满五唯一 落地阳台 精装修,530万,63833元/平,中楼层 (共18层) | 2005年 | 2室1厅 | 83.03平米 | 东,https://ke-image.ljcdn.com/110000-inspection/pc1_tFnHXd3ze.jpg!m_fill,w_280,h_210,f_jpg?from=ke.com
20241029,朝阳,石佛营,101124691968,南北通透明厅户型大客厅带阳台前后无遮挡,319万,48547元/平,顶层 (共6层) 2室1厅 | 65.71平米 | 南 北,https://ke-image.ljcdn.com/110000-inspection/pc1_jGQEQ7b19.jpg!m_fill,w_280,h_210,f_jpg?from=ke.com
20241029,朝阳,石佛营,101124670548,石佛营东里132号院特区三居满五唯一精装诚意出售房主自荐,765万,50479元/平,低楼层 (共21层) 3室1厅 | 151.55平米 | 南 东北,https://ke-image.ljcdn.com/110000-inspection/pc1_mpf4WfW9V.jpg!m_fill,w_280,h_210,f_jpg?from=ke.com
20241029,朝阳,石佛营,101124659758,满5年唯一 精装 拎包入住 保养好 无遮挡,530万,71439元/平,中楼层 (共18层) | 2004年 | 2室1厅 | 74.19平米 | 东北,https://ke-image.ljcdn.com/110000-inspection/pc1_4GUHFKSbI.jpg!m_fill,w_280,h_210,f_jpg?from=ke.com
20241029,朝阳,石佛营,101124608936,西北向大三居格局好利用中高楼层满五年,480万,39335元/平,高楼层 (共21层) 3室1厅 | 122.03平米 | 西北,https://ke-image.ljcdn.com/110000-inspection/3b43dad8-3dc6-480e-92fe-960d2057827c_1000.jpg!m_fill,w_280,h_210,f_jpg?from=ke.com
20241029,朝阳,石佛营,101124606574,晨光家园B区  次顶层 南向两居  满五唯一,728万,72137元/平,高楼层 (共21层) | 2008年 | 2室1厅 | 100.92平米 | 西南,https://ke-image.ljcdn.com/110000-inspection/637216e0-17b4-4f56-b403-cc2d94e3240d_1000.jpg!m_fill,w_280,h_210,f_jpg?from=ke.com
20241029,朝阳,石佛营,101124595208,门禁管理 带燃气 满5唯一 东向落地窗 采光好,258万,63799元/平,中楼层 (共11层) 1室1厅 | 40.44平米 | 东,https://ke-image.ljcdn.com/110000-inspection/d16b0003-9111-459a-9cf5-73a00b7c7250_1000.jpg!m_fill,w_280,h_210,f_jpg?from=ke.com
20241029,朝阳,石佛营,101124594740,晨光家园B区 南北通透格局好全明格局,630万,76736元/平,顶层 (共9层) | 2008年 | 2室1厅 | 82.1平米 | 南 北,https://ke-image.ljcdn.com/110000-inspection/1fc23d54-b934-46a3-b242-aa3729db6b8c_1000.jpg!m_fill,w_280,h_210,f_jpg?from=ke.com
20241029,朝阳,石佛营,101124580131,炫特嘉园二期石佛营朝阳公园地铁3号线6号线中间小区,560万,59804元/平,低楼层 (共24层) | 2004年 | 2室1厅 | 93.64平米 | 南,https://ke-image.ljcdn.com/110000-inspection/63a5f2ae-b697-4762-a4ae-d8ab16b33805_1000.jpg!m_fill,w_280,h_210,f_jpg?from=ke.com
20241029,朝阳,石佛营,101124543938,迎曦园 东向两居室 户型方正 看房随时房主自荐,409万,50644元/平,中楼层 (共21层) 2室1厅 | 80.76平米 | 东,https://ke-image.ljcdn.com/110000-inspection/2c15e648-0d14-4518-8afd-5b0fb6bcbaa4_1000.jpg!m_fill,w_280,h_210,f_jpg?from=ke.com
20241029,朝阳,石佛营,101124543644,满五唯一 交通便利 看房随时 业主诚售,490万,51026元/平,低楼层 (共18层) | 1997年 | 3室1厅 | 96.03平米 | 东北,https://ke-image.ljcdn.com/110000-inspection/251d6484-d98e-4a93-ac44-5d628c7a17c5_1000.jpg!m_fill,w_280,h_210,f_jpg?from=ke.com
20241029,朝阳,石佛营,101124523901,石佛营东里三居1997年钢混满五年唯一全明格局,516万,52794元/平,低楼层 (共18层) | 1997年 | 3室1厅 | 97.74平米 | 西南 北,https://ke-image.ljcdn.com/110000-inspection/ab6b9f2b-0529-4ace-b1b9-60b7785b295a_1000.jpg!m_fill,w_280,h_210,f_jpg?from=ke.com
20241029,朝阳,石佛营,101124520997,石佛营东里南北通透精装两居满五年唯一,340万,60114元/平,底层 (共6层) 2室1厅 | 56.56平米 | 南 北,https://ke-image.ljcdn.com/110000-inspection/3967f893-2a0f-4540-a4d6-ff161e672bd2_1000.jpg!m_fill,w_280,h_210,f_jpg?from=ke.com
20241029,朝阳,石佛营,101124512633,东西向三居户型方正采光好业主诚意出售,315万,43163元/平,顶层 (共6层) 3室1厅 | 72.98平米 | 东 西,https://ke-image.ljcdn.com/110000-inspection/pc1_zVnBgB4Uw.jpg!m_fill,w_280,h_210,f_jpg?from=ke.com
20241029,朝阳,石佛营,101124512600,炫特嘉园二期 满五唯一 采光好 视野好 不临街,260万,62187元/平,低楼层 (共28层) | 2004年 | 1室0厅 | 41.81平米 | 西,https://ke-image.ljcdn.com/110000-inspection/cbafbdd8-bdaf-426e-9a5a-2020b1f686cf_1000.jpg!m_fill,w_280,h_210,f_jpg?from=ke.com
20241029,朝阳,石佛营,101124502097,石佛营东里 精装修南北两居 业主诚意出售,349万,59935元/平,高楼层 (共6层) 2室1厅 | 58.23平米 | 南 北,https://ke-image.ljcdn.com/110000-inspection/909e7d55-8102-4860-8d55-a379ac3c5bac_1000.jpg!m_fill,w_280,h_210,f_jpg?from=ke.com
20241029,朝阳,石佛营,101124500117,石佛营东里 满五唯一 南北通透 大一居 采光好,249万,51940元/平,顶层 (共6层) | 1997年 | 1室1厅 | 47.94平米 | 南 北,https://ke-image.ljcdn.com/110000-inspection/pc1_mswx9oeMI.jpg!m_fill,w_280,h_210,f_jpg?from=ke.com
20241029,朝阳,石佛营,101124496773,南北通透一居室中间楼层无遮挡采光好诚意出售,225万,53394元/平,中楼层 (共6层) 1室1厅 | 42.14平米 | 南 北,https://ke-image.ljcdn.com/110000-inspection/58ab2a8f-84be-49da-b1dd-587e3aca6fd3_1000.jpg!m_fill,w_280,h_210,f_jpg?from=ke.com
20241029,朝阳,石佛营,101124478754,十里堡南区 中间楼层 南北通透新装修两居 诚意出售,325万,58067元/平,中楼层 (共6层) | 1993年 | 2室1厅 | 55.97平米 | 南 北,https://ke-image.ljcdn.com/110000-inspection/pc1_QLVHCetKZ.jpg!m_fill,w_280,h_210,f_jpg?from=ke.com
20241029,朝阳,石佛营,101124473622,本房户型格局方正 利用空间好 有燃气 正对小区中间,215万,55270元/平,中楼层 (共11层) | 2006年 | 1室0厅 | 38.9平米 | 西,https://ke-image.ljcdn.com/110000-inspection/309d6a1f-a0bf-4d08-817d-81ec0c0e01b0_1000.jpg!m_fill,w_280,h_210,f_jpg?from=ke.com
20241029,朝阳,石佛营,101124470022,炫特区精装修两居室拎包入住满五唯一,435万,70663元/平,中楼层 (共28层) 2室1厅 | 61.56平米 | 西北,https://ke-image.ljcdn.com/110000-inspection/e91dc246-3b60-443b-a704-54ca335f7e61_1000.jpg!m_fill,w_280,h_210,f_jpg?from=ke.com
20241029,朝阳,石佛营,101124461235,万科金阳国际公寓 高楼层 南向  70年产权商品房,320万,65015元/平,高楼层 (共19层) 1室0厅 | 49.22平米 | 南,https://ke-image.ljcdn.com/110000-inspection/79393dfa-d5f9-4a00-ab47-710584d0835f_1000.jpg!m_fill,w_280,h_210,f_jpg?from=ke.com
20241029,朝阳,石佛营,101124438016,炫特嘉园一期新上全明格局开间 独立厨房带燃气,199万,55095元/平,顶层 (共18层) | 2004年 | 1室0厅 | 36.12平米 | 北,https://ke-image.ljcdn.com/110000-inspection/4a376f0e-f35e-4b4c-b9b7-fbed1fe33ade_1000.jpg!m_fill,w_280,h_210,f_jpg?from=ke.com
20241029,朝阳,石佛营,101124416176,石佛营东里小区 南向两居 无遮挡 近地铁,330万,45243元/平,底层 (共18层) | 1997年 | 3室1厅 | 72.94平米 | 南,https://ke-image.ljcdn.com/110000-inspection/c7177648-06c7-48fa-be63-84c4a11d97bd_1000.jpg!m_fill,w_280,h_210,f_jpg?from=ke.com
20241029,朝阳,石佛营,101124392654,八里庄北里小区 2室1厅 东,350万,51570元/平,低楼层 (共12层) 2室1厅 | 67.87平米 | 东,https://ke-image.ljcdn.com/110000-inspection/3020e470-0463-4564-9c39-2135b9e4dcbd_1000.jpg!m_fill,w_280,h_210,f_jpg?from=ke.com
20241029,朝阳,石佛营,101124391253,炫特区精装修东南两居室落地窗无遮挡户型方正。,510万,53303元/平,中楼层 (共25层) | 2006年 | 2室1厅 | 95.68平米 | 东南,https://ke-image.ljcdn.com/110000-inspection/227a8ad1-d912-4990-94b8-e82a4388b721_1000.jpg!m_fill,w_280,h_210,f_jpg?from=ke.com
20241029,朝阳,石佛营,101124367662,电梯 南向无挡 视野采光好 小区已完成改造,320万,52580元/平,顶层 (共18层) 2室1厅 | 60.86平米 | 东南,https://ke-image.ljcdn.com/110000-inspection/pc1_d3b9mKXjL_1.jpg!m_fill,w_280,h_210,f_jpg?from=ke.com
20241029,朝阳,石佛营,101124332325,石佛营东里小区南北通透三居有电梯高楼层,368万,49041元/平,中楼层 (共13层) 3室1厅 | 75.04平米 | 南 北,https://ke-image.ljcdn.com/110000-inspection/9c83b1ae-31e9-4acf-80f4-80b39f06f3e6_1000.jpg!m_fill,w_280,h_210,f_jpg?from=ke.com
20241029,朝阳,石佛营,101124298970,满五年唯一 把边户型 中间楼层明厨明卫明厅 不临街,375万,57287元/平,中楼层 (共6层) 2室1厅 | 65.46平米 | 南 北,https://ke-image.ljcdn.com/110000-inspection/46fc8c25-3810-47ef-867f-9260194bd62f_1000.jpg!m_fill,w_280,h_210,f_jpg?from=ke.com
20241029,朝阳,石佛营,101124255550,八里庄北里小区 1室1厅 东,219万,47107元/平,低楼层 (共6层) | 1993年 | 1室1厅 | 46.49平米 | 东,https://ke-image.ljcdn.com/110000-inspection/afff899b-4818-4ad6-8e47-dad4184a23fd_1000.jpg!m_fill,w_280,h_210,f_jpg?from=ke.com
20241029,朝阳,石佛营,101124245390,炫特嘉园二期方正户型大一居,332万,51658元/平,低楼层 (共24层) | 2004年 | 1室1厅 | 64.27平米 | 东,https://ke-image.ljcdn.com/110000-inspection/pc1_6N01siOjE.jpg!m_fill,w_280,h_210,f_jpg?from=ke.com
20241029,朝阳,石佛营,101124228736,八里庄北里 南北三居 高楼层 无遮挡 双卧朝南,380万,44305元/平,顶层 (共6层) 3室1厅 | 85.77平米 | 南 北,https://ke-image.ljcdn.com/110000-inspection/pc1_a9T2xohLs.jpg!m_fill,w_280,h_210,f_jpg?from=ke.com
20241029,朝阳,石佛营,101124194964,满四年中间层安静社区环境优美生活配套齐全,258万,55023元/平,高楼层 (共6层) 1室1厅 | 46.89平米 | 东 西,https://ke-image.ljcdn.com/110000-inspection/861c7f12-627c-4aff-8fb2-00479db3c39e_1000.jpg!m_fill,w_280,h_210,f_jpg?from=ke.com
20241029,朝阳,石佛营,101124146715,紫萝园全南向三居室满五唯一双卫生间只有契税,692万,54925元/平,底层 (共21层) 3室1厅 | 125.99平米 | 南,https://ke-image.ljcdn.com/110000-inspection/pc1_2dBSvjJK9_1.jpg!m_fill,w_280,h_210,f_jpg?from=ke.com
20241029,朝阳,石佛营,101124145542,安静宜居 精装修 中间层 可拎包入住 房主诚意出售房主自荐,550万,52921元/平,低楼层 (共21层) | 2001年 | 3室1厅 | 103.93平米 | 东 南 北,https://ke-image.ljcdn.com/110000-inspection/0cc44935-bb7d-42d0-881c-42405e645fa8_1000.jpg!m_fill,w_280,h_210,f_jpg?from=ke.com
20241029,朝阳,石佛营,101124123057,八里庄北里满五年商品房南北通透两居室,360万,57344元/平,中楼层 (共6层) 2室1厅 | 62.78平米 | 南 北,https://ke-image.ljcdn.com/110000-inspection/fda470fc-c0bf-4006-8b50-1f3e9096b584_1000.jpg!m_fill,w_280,h_210,f_jpg?from=ke.com
20241029,朝阳,石佛营,101124108555,晨光B区精装近地铁南北东通透中间层板楼满五唯一,599万,72343元/平,中楼层 (共9层) 1室1厅 | 82.8平米 | 南 北,https://ke-image.ljcdn.com/110000-inspection/pc1_6pz1SiWvp.jpg!m_fill,w_280,h_210,f_jpg?from=ke.com
20241029,朝阳,石佛营,101124090137,八里庄北里小区 2室1厅 南 北,330万,53764元/平,中楼层 (共6层) 2室1厅 | 61.38平米 | 南 北,https://ke-image.ljcdn.com/110000-inspection/8b22026f-bdd2-4efa-9734-f568a3b08f41_1000.jpg!m_fill,w_280,h_210,f_jpg?from=ke.com
20241029,朝阳,石佛营,101124074590,万科金阳 满二年 商品房社区  二次装修,310万,62983元/平,高楼层 (共19层) | 2008年 | 1室0厅 | 49.22平米 | 南,https://ke-image.ljcdn.com/110000-inspection/c49a1be5-c934-4abd-afb5-7605206bb619_1000.jpg!m_fill,w_280,h_210,f_jpg?from=ke.com
20241029,朝阳,石佛营,101124037920,日月东华满五唯一高楼层视野好,500万,59567元/平,高楼层 (共21层) | 2001年 | 2室1厅 | 83.94平米 | 东南,https://ke-image.ljcdn.com/110000-inspection/pc1_5AiXl88Lb.jpg!m_fill,w_280,h_210,f_jpg?from=ke.com
20241029,朝阳,石佛营,101123929016,新上精装大客厅  南北通透 双地铁 双公园 环境好房主自荐,329万,56010元/平,顶层 (共6层) 2室1厅 | 58.74平米 | 南 北,https://ke-image.ljcdn.com/110000-inspection/2fdbcc3c-a32a-4e96-8b94-2f433f09d95e_1000.jpg!m_fill,w_280,h_210,f_jpg?from=ke.com
20241029,朝阳,石佛营,101123895274,本房满二年唯一 装修保持的很好 南北向一居室,403万,55100元/平,低楼层 (共25层) | 2006年 | 1室1厅 | 73.14平米 | 南 北,https://ke-image.ljcdn.com/110000-inspection/pc1_t95sG7NBT.jpg!m_fill,w_280,h_210,f_jpg?from=ke.com
20241029,朝阳,石佛营,101123877290,八里庄北里小区  两居室  钢混  电梯房  近地铁,358万,52317元/平,高楼层 (共18层) | 1988年 | 2室1厅 | 68.43平米 | 西,https://ke-image.ljcdn.com/110000-inspection/pc1_4df9YjzK2_1.jpg!m_fill,w_280,h_210,f_jpg?from=ke.com
20241029,朝阳,石佛营,101123856165,酷特区 1室1厅 东,370万,63130元/平,低楼层 (共21层) 1室1厅 | 58.61平米 | 东,https://ke-image.ljcdn.com/110000-inspection/pc1_oz1sDSSBR.jpg!m_fill,w_280,h_210,f_jpg?from=ke.com
20241029,朝阳,石佛营,101123851618,八里庄北里小区 3室1厅 南 北,330万,45368元/平,顶层 (共6层) | 1996年 | 3室1厅 | 72.74平米 | 南 北,https://ke-image.ljcdn.com/110000-inspection/pc1_ihVDJaYK1_1.jpg!m_fill,w_280,h_210,f_jpg?from=ke.com
20241029,朝阳,石佛营,101123809630,炫特区高楼层双窗落地窗 业主急售满五唯一,195万,49531元/平,高楼层 (共23层) | 2006年 | 1室1厅 | 39.37平米 | 北,https://ke-image.ljcdn.com/110000-inspection/270fb8a4-91ef-414f-a352-c59aebafc5de_1000.jpg!m_fill,w_280,h_210,f_jpg?from=ke.com
20241029,朝阳,石佛营,101123807375,日月东华 1室1厅 西,329万,55688元/平,低楼层 (共21层) | 2000年 | 1室1厅 | 59.08平米 | 西,https://ke-image.ljcdn.com/110000-inspection/70e51da6-18fa-4027-a67e-06947294ea7a_1000.jpg!m_fill,w_280,h_210,f_jpg?from=ke.com
20241029,朝阳,石佛营,101123793403,石佛营西里采光好南北朝向通风好,228万,48491元/平,高楼层 (共6层) 1室1厅 | 47.02平米 | 南 北,https://ke-image.ljcdn.com/110000-inspection/pc1_DYsrtJGJU.jpg!m_fill,w_280,h_210,f_jpg?from=ke.com
20241029,朝阳,石佛营,101123787337,炫特嘉园二期 北向开间 满五唯一  高楼层视野开阔,203万,56847元/平,顶层 (共28层) | 2004年 | 1室0厅 | 35.71平米 | 北,https://ke-image.ljcdn.com/110000-inspection/db198b9e-f026-4db0-b290-9b245da7d10a_1000.jpg!m_fill,w_280,h_210,f_jpg?from=ke.com
20241029,朝阳,石佛营,101123784549,松下彩管全南两居 满五年唯一 精装修！采光充足！,548万,58648元/平,低楼层 (共21层) 2室1厅 | 93.44平米 | 南,https://ke-image.ljcdn.com/110000-inspection/6115fa4f-65b2-436d-b596-7c64e58c9c4f_1000.jpg!m_fill,w_280,h_210,f_jpg?from=ke.com
20241029,朝阳,石佛营,101123782724,八里庄北里小区中间楼层南向一居室,218万,55655元/平,中楼层 (共6层) | 1984年 | 1室1厅 | 39.17平米 | 南,https://ke-image.ljcdn.com/110000-inspection/pc1_dfEFADeve_2.jpg!m_fill,w_280,h_210,f_jpg?from=ke.com
20241029,朝阳,石佛营,101123771723,99年钢混板楼南北通透楼层合适满五唯一近地铁房主自荐,295万,48801元/平,低楼层 (共15层) 1室1厅 | 60.45平米 | 北 南,https://ke-image.ljcdn.com/110000-inspection/pc1_qW6homyli.jpg!m_fill,w_280,h_210,f_jpg?from=ke.com
20241029,朝阳,石佛营,101123766228,石佛营西里  明厅两居  1999年建成钢混 满五年唯一,406万,63537元/平,低楼层 (共15层) | 1999年 | 2室1厅 | 63.9平米 | 南 北,https://ke-image.ljcdn.com/110000-inspection/8dc1af4b-f651-41e8-805e-fb5f7ca579d4_1000.jpg!m_fill,w_280,h_210,f_jpg?from=ke.com
20241029,朝阳,石佛营,101123765704,八里庄北里小区 2室1厅 东 西,290万,52584元/平,高楼层 (共6层) 2室1厅 | 55.15平米 | 东 西,https://ke-image.ljcdn.com/110000-inspection/pc1_im4ZKLwKE.jpg!m_fill,w_280,h_210,f_jpg?from=ke.com
20241029,朝阳,石佛营,101123762937,八里庄北里小区中间层出行方便诚意出售。,310万,54761元/平,高楼层 (共6层) | 1992年 | 2室1厅 | 56.61平米 | 南 北,https://ke-image.ljcdn.com/110000-inspection/pc1_eFc94dKzD.jpg!m_fill,w_280,h_210,f_jpg?from=ke.com
20241029,朝阳,石佛营,101123747197,东向大一居双阳台97年电梯房满五唯一精装婚房,258万,44035元/平,低楼层 (共18层) | 2014年 | 1室1厅 | 58.59平米 | 东,https://ke-image.ljcdn.com/110000-inspection/pc1_GaAUTx10b.jpg!m_fill,w_280,h_210,f_jpg?from=ke.com
20241029,朝阳,石佛营,101123741417,晨光家园B区 东南两居  高楼层  视野好采光好,680万,68445元/平,顶层 (共21层) | 2008年 | 2室1厅 | 99.35平米 | 东南,https://ke-image.ljcdn.com/110000-inspection/6a82ceff-cb8d-4895-b52c-1f6e2bbabbe4_1000.jpg!m_fill,w_280,h_210,f_jpg?from=ke.com
20241029,朝阳,石佛营,101123739806,满五唯一99年钢混有电梯高楼层无遮挡诚意出售,272万,47231元/平,高楼层 (共15层) | 1999年 | 1室1厅 | 57.59平米 | 南 北,https://ke-image.ljcdn.com/110000-inspection/931ae1e4-4cd6-43a6-b948-d39a6b1270a5_1000.jpg!m_fill,w_280,h_210,f_jpg?from=ke.com
20241029,朝阳,石佛营,101123684480,东南向电梯房两居 视野采光俱佳 楼下即是地铁站,420万,68550元/平,高楼层 (共18层) | 1997年 | 2室1厅 | 61.27平米 | 东南,https://ke-image.ljcdn.com/110000-inspection/b4d70ce2-35b2-466d-a060-f3465292158d_1000.jpg!m_fill,w_280,h_210,f_jpg?from=ke.com
20241029,朝阳,石佛营,101123642728,农民日报社家属楼 带客厅南北两居 明厨明卫 临地铁房主自荐,308万,55667元/平,高楼层 (共6层) 2室1厅 | 55.33平米 | 南 北,https://ke-image.ljcdn.com/110000-inspection/pc1_WKQ1YR9Fp.jpg!m_fill,w_280,h_210,f_jpg?from=ke.com
20241029,朝阳,石佛营,101123632513,1999年钢混结构两居室看房方便诚心出售,340万,54707元/平,低楼层 (共15层) | 1999年 | 2室1厅 | 62.15平米 | 南 北,https://ke-image.ljcdn.com/110000-inspection/49b4b0cd-f1db-40cf-8f04-9e5528e1a2fd_1000.jpg!m_fill,w_280,h_210,f_jpg?from=ke.com
20241029,朝阳,石佛营,101123617995,华业玫瑰郡 东向方正一居满五年唯一,540万,80298元/平,中楼层 (共12层) | 2008年 | 1室1厅 | 67.25平米 | 东,https://ke-image.ljcdn.com/110000-inspection/9bc15fcf-2128-44ec-a0cd-cf90a62b3b10_1000.jpg!m_fill,w_280,h_210,f_jpg?from=ke.com
20241029,朝阳,石佛营,101123606682,晨光家园西南两居 高楼层无遮挡 视野好,475万,61031元/平,高楼层 (共28层) 2室1厅 | 77.83平米 | 西南,https://ke-image.ljcdn.com/110000-inspection/pc1_hwUxMrucX.jpg!m_fill,w_280,h_210,f_jpg?from=ke.com
20241029,朝阳,石佛营,101123594050,炫特嘉园一期 南向一居室 无遮挡 满五唯一,309万,59151元/平,高楼层 (共18层) | 2004年 | 1室1厅 | 52.24平米 | 南,https://ke-image.ljcdn.com/110000-inspection/pc1_XKnpiWkfN.jpg!m_fill,w_280,h_210,f_jpg?from=ke.com
20241029,朝阳,石佛营,101123586335,八里庄北里 新上南北精装修 明卫两居 小区环境好,305万,52596元/平,顶层 (共6层) 2室1厅 | 57.99平米 | 南 北,https://ke-image.ljcdn.com/110000-inspection/pc1_3PgDo756E.jpg!m_fill,w_280,h_210,f_jpg?from=ke.com
20241029,朝阳,石佛营,101123573560,八里庄北里 南向两居 满五年唯一 价格可谈 临近地铁,269万,50000元/平,高楼层 (共6层) 2室1厅 | 53.8平米 | 南,https://ke-image.ljcdn.com/110000-inspection/pc1_S0rppYxwB.jpg!m_fill,w_280,h_210,f_jpg?from=ke.com
20241029,朝阳,石佛营,101123560063,满五年央产房  精装修  低楼层  六号线十里堡站房主自荐,375万,60887元/平,低楼层 (共6层) 2室1厅 | 61.59平米 | 南 北,https://ke-image.ljcdn.com/110000-inspection/ad6e6a0a-30ad-40bf-8e6f-926c6bf27b09_1000.jpg!m_fill,w_280,h_210,f_jpg?from=ke.com
20241029,朝阳,石佛营,101123551244,精装婚房两居 全西向 没有任何遮挡 近公园地铁,355.5万,48080元/平,顶层 (共6层) | 1992年 | 2室1厅 | 73.94平米 | 西,https://ke-image.ljcdn.com/110000-inspection/01222a4c-8570-4462-bfae-46efd02b3711_1000.jpg!m_fill,w_280,h_210,f_jpg?from=ke.com
20241029,朝阳,石佛营,101123540347,南北两居 前后花园 满五年唯一 无抵押 无户口,760万,84794元/平,中楼层 (共14层) | 2008年 | 2室1厅 | 89.63平米 | 南 北,https://ke-image.ljcdn.com/110000-inspection/pc1_MylikGHDV.jpg!m_fill,w_280,h_210,f_jpg?from=ke.com
20241029,朝阳,石佛营,101123538656,朝阳北路 地铁六号线 晨光家园 南向2居室,520万,62523元/平,中楼层 (共30层) | 1999年 | 2室1厅 | 83.17平米 | 南,https://ke-image.ljcdn.com/110000-inspection/pc1_p0R2uszI6_1.jpg!m_fill,w_280,h_210,f_jpg?from=ke.com
20241029,朝阳,石佛营,101123535212,独梯入户南北四居自住保养好,2400万,87445元/平,低楼层 (共18层) 4室2厅 | 274.46平米 | 南 西 北,https://ke-image.ljcdn.com/110000-inspection/a21483fe-1e89-4d8b-ad1e-2a5279c45077_1000.jpg!m_fill,w_280,h_210,f_jpg?from=ke.com
20241029,朝阳,石佛营,101123508750,石佛营西里小区 南北通透满五唯一无遮挡精装修,349万,50383元/平,高楼层 (共6层) 3室1厅 | 69.27平米 | 南 北,https://ke-image.ljcdn.com/110000-inspection/pc1_kVrroM2Bq.jpg!m_fill,w_280,h_210,f_jpg?from=ke.com
20241029,朝阳,石佛营,101123505265,石佛营东里南北两居 采光好管理好稳定出售,360万,61288元/平,高楼层 (共6层) 2室1厅 | 58.74平米 | 南 北,https://ke-image.ljcdn.com/110000-inspection/20b9fc55-5372-4f8c-92be-123129d49e5d_1000.jpg!m_fill,w_280,h_210,f_jpg?from=ke.com
20241029,朝阳,石佛营,101123462150,石佛营西里小区 高楼层明厨明卫大三居 看房方便,666万,55821元/平,高楼层 (共18层) | 1996年 | 3室1厅 | 119.31平米 | 南 西 北,https://ke-image.ljcdn.com/110000-inspection/pc1_b1pFN7PvA.jpg!m_fill,w_280,h_210,f_jpg?from=ke.com
20241029,朝阳,石佛营,101123461947,八里庄北里小区南北三居满五唯一单独管理有门禁,370万,50811元/平,顶层 (共6层) 3室1厅 | 72.82平米 | 南 北,https://ke-image.ljcdn.com/110000-inspection/pc1_98ICvvhoG.jpg!m_fill,w_280,h_210,f_jpg?from=ke.com
20241029,朝阳,石佛营,101123424334,全南户型 格局方正 满五唯一 没有遮挡 拎包入住,378万,72359元/平,低楼层 (共18层) | 2004年 | 1室1厅 | 52.24平米 | 南,https://ke-image.ljcdn.com/110000-inspection/pc1_oipr6lRqh.jpg!m_fill,w_280,h_210,f_jpg?from=ke.com
20241029,朝阳,石佛营,101123400047,电梯直达户型方正无遮挡看房方便,239万,40792元/平,中楼层 (共18层) 1室1厅 | 58.59平米 | 东,https://ke-image.ljcdn.com/110000-inspection/7c519260-5b75-4dfd-aca4-6a422ecfb384_1000.jpg!m_fill,w_280,h_210,f_jpg?from=ke.com
20241029,朝阳,石佛营,101123373427,石佛营西里南北通透两居室满五唯一配套齐环境好,360万,47494元/平,低楼层 (共15层) | 2000年 | 2室1厅 | 75.8平米 | 南 北,https://ke-image.ljcdn.com/110000-inspection/pc1_9TbpwEjiq.jpg!m_fill,w_280,h_210,f_jpg?from=ke.com
20241029,朝阳,石佛营,101123326832,西里三层精装修商品房 南北通透大两居,375万,60116元/平,中楼层 (共6层) | 1993年 | 2室1厅 | 62.38平米 | 南 北,https://ke-image.ljcdn.com/110000-inspection/42409654-4512-461c-81e4-20d2b5aa036c_1000.jpg!m_fill,w_280,h_210,f_jpg?from=ke.com
20241029,朝阳,石佛营,101123316740,石佛营东里小区中间层南北通透精装修。,320万,55192元/平,中楼层 (共6层) 2室1厅 | 57.98平米 | 南 北,https://ke-image.ljcdn.com/110000-inspection/9479c1af-1053-4407-ad99-989c0a319176_1000.jpg!m_fill,w_280,h_210,f_jpg?from=ke.com
20241029,朝阳,石佛营,101123295735,南北通透一居室采光好 装修好业主诚意出售,279万,60931元/平,低楼层 (共6层) | 1986年 | 1室1厅 | 45.79平米 | 南 北,https://ke-image.ljcdn.com/110000-inspection/519d4096-544c-42f7-b0a0-ba3502b8c580_1000.jpg!m_fill,w_280,h_210,f_jpg?from=ke.com
20241029,朝阳,石佛营,101123280416,酷特区满五年唯一 东向一居室 适合刚需 2006年商品房,280万,49340元/平,底层 (共21层) | 2006年 | 1室1厅 | 56.75平米 | 东,https://ke-image.ljcdn.com/110000-inspection/pc1_cGE1UbO0I.jpg!m_fill,w_280,h_210,f_jpg?from=ke.com
20241029,朝阳,石佛营,101123270290,炫特嘉园三期双地铁6号线3号线朝阳公园红领巾公园,370万,58369元/平,低楼层 (共21层) | 2006年 | 1室1厅 | 63.39平米 | 南,https://ke-image.ljcdn.com/110000-inspection/pc1_cek8ErSZ5.jpg!m_fill,w_280,h_210,f_jpg?from=ke.com
20241029,朝阳,石佛营,101123243351,本房满五唯一 装修保持好 诚意出售,189万,46438元/平,中楼层 (共21层) | 2006年 | 1室0厅 | 40.7平米 | 北,https://ke-image.ljcdn.com/110000-inspection/470eaafd-3943-4394-9097-5967fed9a448_1000.jpg!m_fill,w_280,h_210,f_jpg?from=ke.com
20241029,朝阳,石佛营,101123240197,八里庄北里 精装修 南北通透两居室房主自荐,345万,59803元/平,中楼层 (共6层) 2室1厅 | 57.69平米 | 南 北,https://ke-image.ljcdn.com/110000-inspection/97b369b7-3379-4268-91de-bce802a52590_1000.jpg!m_fill,w_280,h_210,f_jpg?from=ke.com
20241029,朝阳,石佛营,101123235994,晨光家园B区开间 满五唯一 采光好 精装修,430万,79956元/平,高楼层 (共18层) | 2008年 | 1室0厅 | 53.78平米 | 南,https://ke-image.ljcdn.com/110000-inspection/pc1_ZAARaWf01.jpg!m_fill,w_280,h_210,f_jpg?from=ke.com
20241029,朝阳,石佛营,101123187861,八里庄北里小区满五年业主诚意出售！,289万,46034元/平,高楼层 (共6层) | 1986年 | 2室1厅 | 62.78平米 | 南 北,https://ke-image.ljcdn.com/110000-inspection/b78b7772-410c-45ab-96e1-856375d7f77c_1000.jpg!m_fill,w_280,h_210,f_jpg?from=ke.com
20241029,朝阳,石佛营,101123160233,满五唯一 南北通透 近地铁 无遮挡,299万,48273元/平,顶层 (共6层) 2室1厅 | 61.94平米 | 南 北,https://ke-image.ljcdn.com/110000-inspection/pc1_pXgf0re7V.jpg!m_fill,w_280,h_210,f_jpg?from=ke.com
20241029,朝阳,石佛营,101123143160,满五唯一 精装修户型好 大客厅带阳台 南北通透有车位,385万,66186元/平,高楼层 (共6层) | 1992年 | 2室1厅 | 58.17平米 | 南 北,https://ke-image.ljcdn.com/110000-inspection/c3b06dca-cbf3-43b9-a96d-afcfc1d09656_1000.jpg!m_fill,w_280,h_210,f_jpg?from=ke.com
20241029,朝阳,石佛营,101123142390,华业玫瑰郡 顶层观景 小区中间位置 人车分流房主自荐,350万,92179元/平,顶层 (共14层) | 2008年 | 1室0厅 | 37.97平米 | 南,https://ke-image.ljcdn.com/110000-inspection/8bc8e044-a9d9-4a00-95b3-ed7c917e143f_1000.jpg!m_fill,w_280,h_210,f_jpg?from=ke.com
20241029,朝阳,石佛营,101123130689,明厅两居室 大客厅 一梯两户不临街 双地铁 配套完善房主自荐,350万,59585元/平,顶层 (共6层) 2室1厅 | 58.74平米 | 南 北,https://ke-image.ljcdn.com/110000-inspection/d7cdea95-3547-4633-87f6-76e47e1502af_1000.jpg!m_fill,w_280,h_210,f_jpg?from=ke.com
20241029,朝阳,石佛营,101123127801,炫特嘉园三期石佛营十里堡双地铁3号线6号线朝阳公园房主自荐,265万,64840元/平,高楼层 (共22层) | 2006年 | 1室0厅 | 40.87平米 | 北,https://ke-image.ljcdn.com/110000-inspection/02b27452-4cbc-461b-a8bf-c2ea97742902_1000.jpg!m_fill,w_280,h_210,f_jpg?from=ke.com
20241029,朝阳,石佛营,101123125468,八里庄北里小区两居室  中间楼层 户型方正,298万,56079元/平,中楼层 (共6层) | 1992年 | 2室1厅 | 53.14平米 | 南 北,https://ke-image.ljcdn.com/110000-inspection/pc1_xChetHUJS.jpg!m_fill,w_280,h_210,f_jpg?from=ke.com
20241029,朝阳,石佛营,101123090361,炫特嘉园一期南北通透两居中间楼层得房率80.3%,538万,72390元/平,中楼层 (共9层) | 2004年 | 2室1厅 | 74.32平米 | 南 北,https://ke-image.ljcdn.com/110000-inspection/d75046d4-1ce5-4b0d-b27a-c6dc8d7c8b70_1000.jpg!m_fill,w_280,h_210,f_jpg?from=ke.com
20241029,朝阳,石佛营,101123082522,6号线十里堡晨光家园B区南向中间层两居满五唯一,740万,72814元/平,中楼层 (共21层) | 2008年 | 2室2厅 | 101.63平米 | 南,https://ke-image.ljcdn.com/110000-inspection/f798cdca-309e-4afa-a5fa-6481c1dfc37e_1000.jpg!m_fill,w_280,h_210,f_jpg?from=ke.com
20241029,朝阳,石佛营,101123078793,东四环2005年商品房满五唯一精装修南北通透两居房主自荐,650万,65248元/平,低楼层 (共18层) | 2005年 | 2室1厅 | 99.62平米 | 南 北,https://ke-image.ljcdn.com/110000-inspection/pc1_PrHik8B71.jpg!m_fill,w_280,h_210,f_jpg?from=ke.com
20241029,朝阳,石佛营,101123077306,酷特区 东向开间 满五唯一 落地飘窗 带车位房主自荐,238万,58853元/平,高楼层 (共11层) | 2006年 | 1室0厅 | 40.44平米 | 东,https://ke-image.ljcdn.com/110000-inspection/a42dc79b-0107-4cd5-826e-fbd4460c2230_1000.jpg!m_fill,w_280,h_210,f_jpg?from=ke.com
20241029,朝阳,石佛营,101123067441,向阳朝向 双落地窗  户型方正  满五唯一 楼层好房主自荐,246万,60015元/平,中楼层 (共11层) | 2006年 | 1室0厅 | 40.99平米 | 东,https://ke-image.ljcdn.com/110000-inspection/793bc16b-ae05-4986-aef0-a0676c189051_1000.jpg!m_fill,w_280,h_210,f_jpg?from=ke.com
20241029,朝阳,石佛营,101123051601,炫特嘉园一期南北通透满五唯一两居室得房率80.3%,548万,77489元/平,低楼层 (共9层) | 2004年 | 2室1厅 | 70.72平米 | 南 北,https://ke-image.ljcdn.com/110000-inspection/4ffbf4ed-b100-437c-affa-8016929779ac_1000.jpg!m_fill,w_280,h_210,f_jpg?from=ke.com
20241029,朝阳,石佛营,101122989844,东南北把边户型高楼层无遮挡采光好精装修诚意出售,320万,53174元/平,高楼层 (共15层) 1室1厅 | 60.18平米 | 东南 北,https://ke-image.ljcdn.com/110000-inspection/4db478d3-6b24-402d-b76e-02d70f71fda8_1000.jpg!m_fill,w_280,h_210,f_jpg?from=ke.com
20241029,朝阳,石佛营,101122979356,东向一居 户型格局方正 采光好 空间大,360万,59192元/平,低楼层 (共25层) | 2006年 | 1室1厅 | 60.82平米 | 东,https://ke-image.ljcdn.com/110000-inspection/d6a489df-ad4a-4bdc-8012-cb82ae9c188d_1000.jpg!m_fill,w_280,h_210,f_jpg?from=ke.com
20241029,朝阳,石佛营,101122878418,南北通透前后花园中间层不临街采光好满五唯一,480万,67682元/平,中楼层 (共6层) | 1995年 | 3室1厅 | 70.92平米 | 南 北,https://ke-image.ljcdn.com/110000-inspection/0810d0d4-f7b3-4df6-be4e-7daeeb2dd036_1000.jpg!m_fill,w_280,h_210,f_jpg?from=ke.com
20241029,朝阳,石佛营,101122821955,紫萝园 满五年唯一 明厨明卫 不临街 无遮挡,450万,47018元/平,底层 (共21层) 2室1厅 | 95.71平米 | 西 北,https://ke-image.ljcdn.com/110000-inspection/292c25ab-a8cf-4a5d-b6c9-ccfdb545158a_1000.jpg!m_fill,w_280,h_210,f_jpg?from=ke.com
20241029,朝阳,石佛营,101122766581,满五年唯一 中楼层 正对花园 视野开阔 户型方正,198万,48733元/平,中楼层 (共28层) 1室0厅 | 40.63平米 | 北,https://ke-image.ljcdn.com/110000-inspection/3e5b4fc2-940f-4b4d-9c55-9e91c3d147ce_1000.jpg!m_fill,w_280,h_210,f_jpg?from=ke.com
20241029,朝阳,石佛营,101122730974,石佛营西里 全南向 满五年唯一 一居 近地铁房主自荐,225万,46088元/平,顶层 (共6层) | 1996年 | 1室1厅 | 48.82平米 | 南,https://ke-image.ljcdn.com/110000-inspection/c2274710-eb2f-4d39-9352-3e6285a0fd7c_1000.jpg!m_fill,w_280,h_210,f_jpg?from=ke.com
20241029,朝阳,石佛营,101122690570,1997年电梯一居钢混结构户型方正,256万,51313元/平,低楼层 (共18层) | 1997年 | 1室1厅 | 49.89平米 | 南,https://ke-image.ljcdn.com/110000-inspection/9694f91c-fa3c-473a-b053-74b51e6d8f43_1000.jpg!m_fill,w_280,h_210,f_jpg?from=ke.com
20241029,朝阳,石佛营,101122670073,公园1872国际公寓东向开间诚意出售,395万,62959元/平,高楼层 (共21层) | 2008年 | 1室0厅 | 62.74平米 | 东,https://ke-image.ljcdn.com/110000-inspection/734aaf08-1bfa-4ffb-af85-2c58254f8ed2_1000.jpg!m_fill,w_280,h_210,f_jpg?from=ke.com
20241029,朝阳,石佛营,101122651440,华业玫瑰郡 90万精装修 满五唯一  双卫大两居,830万,78741元/平,高楼层 (共11层) | 2008年 | 2室2厅 | 105.41平米 | 南 北,https://ke-image.ljcdn.com/110000-inspection/7229cb1b-ed32-4722-b848-dc0b5f431349_1000.jpg!m_fill,w_280,h_210,f_jpg?from=ke.com
20241029,朝阳,石佛营,101122611577,一梯三户板楼 使用率83%格局方正 采光好,410万,51932元/平,底层 (共11层) | 2005年 | 2室1厅 | 78.95平米 | 东,https://ke-image.ljcdn.com/110000-inspection/6c45d84b-51a3-4fad-960d-39cd50dc6d08_1000.jpg!m_fill,w_280,h_210,f_jpg?from=ke.com
20241029,朝阳,石佛营,101122597400,业主二次精装修一直自住可以直接拎包入住。,570万,64002元/平,高楼层 (共21层) | 2008年 | 1室1厅 | 89.06平米 | 东南,https://ke-image.ljcdn.com/110000-inspection/969a43d3-c749-4f9e-a4bb-289effc51fcc_1000.jpg!m_fill,w_280,h_210,f_jpg?from=ke.com
20241029,朝阳,石佛营,101122500658,特区808 东南北三居室 业主诚意出售 看房基本随时！,725万,47839元/平,高楼层 (共21层) | 2005年 | 3室1厅 | 151.55平米 | 东 南 北,https://ke-image.ljcdn.com/110000-inspection/c0fb1754-a3ce-4d1d-a25a-6c00784dcfe6_1000.jpg!m_fill,w_280,h_210,f_jpg?from=ke.com
20241029,朝阳,石佛营,101122495063,晨光家园A区 双卧朝南 无遮挡 商品房 近地铁,628万,77445元/平,低楼层 (共26层) | 2000年 | 2室1厅 | 81.09平米 | 西南,https://ke-image.ljcdn.com/110000-inspection/1af2d128-c72e-4fd3-a98e-7a09e0a69b95_1000.jpg!m_fill,w_280,h_210,f_jpg?from=ke.com
20241029,朝阳,石佛营,101122482193,全南向前后不临街明厨明卫采光好,220万,52207元/平,顶层 (共6层) 1室1厅 | 42.14平米 | 南,https://ke-image.ljcdn.com/110000-inspection/17206b37-d909-45a0-bb11-fdf48a8ff172_1000.jpg!m_fill,w_280,h_210,f_jpg?from=ke.com
20241029,朝阳,石佛营,101122407008,石佛营西里松下财管家属院满五唯一2梯6户独立管理,565万,61307元/平,低楼层 (共21层) | 2001年 | 2室1厅 | 92.16平米 | 西南,https://ke-image.ljcdn.com/110000-inspection/f248d1e4-f019-4651-b99f-d09258698ecd_1000.jpg!m_fill,w_280,h_210,f_jpg?from=ke.com
20241029,朝阳,石佛营,101122393271,石佛营西里小区 2室1厅 南 北,295万,55028元/平,低楼层 (共15层) | 1999年 | 2室1厅 | 53.61平米 | 南 北,https://ke-image.ljcdn.com/110000-inspection/932a3d7e-f488-4070-9add-e4b1b4443b2a_1000.jpg!m_fill,w_280,h_210,f_jpg?from=ke.com
20241029,朝阳,石佛营,101122325926,东四环 明厅两居 稳定出售 南北双阳台 不临街 无遮挡,426万,64831元/平,中楼层 (共6层) 2室1厅 | 65.71平米 | 南 北,https://ke-image.ljcdn.com/110000-inspection/581d5780-cf77-4c2d-b0c0-dd764e0bdc0e_1000.jpg!m_fill,w_280,h_210,f_jpg?from=ke.com
20241029,朝阳,石佛营,101122313897,炫特嘉园三期  南向一居 满五唯一 采光好 对花园,420万,61083元/平,顶层 (共11层) | 2006年 | 1室1厅 | 68.76平米 | 南,https://ke-image.ljcdn.com/110000-inspection/pc1_TSaz0NRkR.jpg!m_fill,w_280,h_210,f_jpg?from=ke.com
20241029,朝阳,石佛营,101122308826,楼层好 视野宽阔 采光充足 高楼层 无遮挡 保养好,230万,49591元/平,顶层 (共11层) | 2006年 | 1室1厅 | 46.38平米 | 东 西,https://ke-image.ljcdn.com/110000-inspection/7a74bb04-1a02-4ca5-87a8-3769b7a35c8e_1000.jpg!m_fill,w_280,h_210,f_jpg?from=ke.com
20241029,朝阳,石佛营,101122234055,双卧朝南采光好无遮挡 1990年 钢混带电梯楼龄新,398万,61496元/平,高楼层 (共11层) 2室1厅 | 64.72平米 | 南,https://ke-image.ljcdn.com/110000-inspection/pc1_BqOMUpHMO.jpg!m_fill,w_280,h_210,f_jpg?from=ke.com
20241029,朝阳,石佛营,101122193958,满五唯一户型棒朝南朝东都有窗采光好靠谱卖房主自荐,265万,56904元/平,顶层 (共6层) 1室1厅 | 46.57平米 | 东南,https://ke-image.ljcdn.com/110000-inspection/27aea01d-f6b3-43f1-8404-527e6ec443c4_1000.jpg!m_fill,w_280,h_210,f_jpg?from=ke.com
20241029,朝阳,石佛营,101122175971,《区委楼》  全明格局  满五年唯一 带租赁车位,659万,55059元/平,中楼层 (共18层) 3室2厅 | 119.69平米 | 西南 北,https://ke-image.ljcdn.com/110000-inspection/95fbf001-368a-4044-9435-1cfb10edeadb_1000.jpg!m_fill,w_280,h_210,f_jpg?from=ke.com
20241029,朝阳,石佛营,101122164083,此房为商品房朝东明厅采光好装修好,270万,61045元/平,中楼层 (共5层) | 1994年 | 1室1厅 | 44.23平米 | 东,https://ke-image.ljcdn.com/110000-inspection/09fe12b2-f62c-4623-95af-a3de55883270_1000.jpg!m_fill,w_280,h_210,f_jpg?from=ke.com
20241029,朝阳,石佛营,101122157995,紫萝园满五唯一东西通透两居室满五唯一,500万,51825元/平,低楼层 (共21层) 2室1厅 | 96.48平米 | 东 西 北,https://ke-image.ljcdn.com/110000-inspection/pc1_VXdcY2Lxx.jpg!m_fill,w_280,h_210,f_jpg?from=ke.com
20241029,朝阳,石佛营,101122155912,户型方正两居室有客厅低楼层采光好近地铁公园,350万,52310元/平,低楼层 (共6层) 2室1厅 | 66.91平米 | 西南,https://ke-image.ljcdn.com/110000-inspection/2f4156a4-eb95-440e-ac60-5338dfd226a5_1000.jpg!m_fill,w_280,h_210,f_jpg?from=ke.com
20241029,朝阳,石佛营,101122138460,炫特嘉园一期一居室大阳台视野好可看国贸,387万,67446元/平,高楼层 (共18层) | 2004年 | 1室1厅 | 57.38平米 | 西,https://ke-image.ljcdn.com/110000-inspection/6f8b9289-c110-48cf-a0e3-d7622957c04b_1000.jpg!m_fill,w_280,h_210,f_jpg?from=ke.com
20241029,朝阳,石佛营,101122103928,晨光家园B区  南北通透三居  靠近地铁  配套齐全,900万,62392元/平,顶层 (共10层) | 2006年 | 3室1厅 | 144.25平米 | 南 北,https://ke-image.ljcdn.com/110000-inspection/pc1_U7XyQfIR3.jpg!m_fill,w_280,h_210,f_jpg?from=ke.com
20241029,朝阳,石佛营,101122032503,酷特区 开间小户型 诚意出售 出入门禁,273万,66263元/平,中楼层 (共24层) | 2006年 | 1室0厅 | 41.2平米 | 北,https://ke-image.ljcdn.com/110000-inspection/0aa5d2ed-97bf-49c0-8022-515423955e4d_1000.jpg!m_fill,w_280,h_210,f_jpg?from=ke.com
20241029,朝阳,石佛营,101122009488,满五年唯一全南二居室大客厅户型方正。钢混结构房主自荐,454万,63657元/平,中楼层 (共18层) | 1997年 | 2室1厅 | 71.32平米 | 南,https://ke-image.ljcdn.com/110000-inspection/716d6122-152c-4c9b-a082-06a78d4c4aa3_1000.jpg!m_fill,w_280,h_210,f_jpg?from=ke.com
20241029,朝阳,石佛营,101121990401,满五年唯一精装修钢混结构明厨明卫低楼层。房主自荐,206万,53758元/平,底层 (共6层) 1室1厅 | 38.32平米 | 东,https://ke-image.ljcdn.com/110000-inspection/59294e77-f7b7-4c29-975b-c03dfeb97c22_1000.jpg!m_fill,w_280,h_210,f_jpg?from=ke.com
20241029,朝阳,石佛营,101121984951,石佛营商品房精装修两居无遮挡,390万,55914元/平,中楼层 (共15层) | 1999年 | 2室1厅 | 69.75平米 | 南 北,https://ke-image.ljcdn.com/110000-inspection/11ddcb10-20d8-4baf-9e56-6be6fc5f4ce2_1000.jpg!m_fill,w_280,h_210,f_jpg?from=ke.com
20241029,朝阳,石佛营,101121914651,八里庄北里  大明厅一居 一梯两户房主自荐,290万,56072元/平,顶层 (共6层) 1室1厅 | 51.72平米 | 东 西 北,https://ke-image.ljcdn.com/110000-inspection/37a4499d-c1f3-44b5-a200-6cfdf16b2315_1000.jpg!m_fill,w_280,h_210,f_jpg?from=ke.com
20241029,朝阳,石佛营,101121911248,东里电梯南向一居精装修 满二房改房 户型方正,268万,54055元/平,低楼层 (共18层) 1室1厅 | 49.58平米 | 南,https://ke-image.ljcdn.com/110000-inspection/e192e675-544a-4a70-ad81-8cc3c33e23ec_1000.jpg!m_fill,w_280,h_210,f_jpg?from=ke.com
20241029,朝阳,石佛营,101121907453,中间层南北通透精装修下楼就是地铁。,235万,49768元/平,中楼层 (共13层) 1室1厅 | 47.22平米 | 南 北,https://ke-image.ljcdn.com/110000-inspection/pc1_2DMzxwXuu.jpg!m_fill,w_280,h_210,f_jpg?from=ke.com
20241029,朝阳,石佛营,101121850308,炫特嘉园石佛营朝阳公园地铁3号线6号线十里堡满五唯一,376万,64806元/平,高楼层 (共28层) | 2004年 | 1室1厅 | 58.02平米 | 东南,https://ke-image.ljcdn.com/110000-inspection/585a3a0b-cf7c-49c6-8305-b2347189bad6_1000.jpg!m_fill,w_280,h_210,f_jpg?from=ke.com
20241029,朝阳,石佛营,101121809265,南北通透大两居 精装修 高楼层 视野采光俱佳,350万,56316元/平,顶层 (共6层) 2室1厅 | 62.15平米 | 南 北,https://ke-image.ljcdn.com/110000-inspection/0d34c233-5551-4aa1-93e4-104a244485cc_1000.jpg!m_fill,w_280,h_210,f_jpg?from=ke.com
20241029,朝阳,石佛营,101121699799,炫特嘉园二期 满五唯一 精装一居 高楼层视野佳房主自荐,463万,74009元/平,中楼层 (共28层) | 2004年 | 1室1厅 | 62.56平米 | 东南,https://ke-image.ljcdn.com/110000-inspection/15d47f90-5fb7-4637-8470-959f329c7d22_1000.jpg!m_fill,w_280,h_210,f_jpg?from=ke.com
20241029,朝阳,石佛营,101121659645,东西通透格局方正二次装修拎包入住近地铁,299万,51561元/平,顶层 (共6层) 2室1厅 | 57.99平米 | 东 西,https://ke-image.ljcdn.com/110000-inspection/344812e4-5258-4b47-b824-62190616c8e6_1000.jpg!m_fill,w_280,h_210,f_jpg?from=ke.com
20241029,朝阳,石佛营,101121654599,此房满五年唯一南北通透钢混结构有电梯,360万,52418元/平,高楼层 (共13层) 2室1厅 | 68.68平米 | 南 北,https://ke-image.ljcdn.com/110000-inspection/pc1_tmSgmL5E6.jpg!m_fill,w_280,h_210,f_jpg?from=ke.com
20241029,朝阳,石佛营,101121641387,十里堡北区 1室1厅 南,205万,49008元/平,高楼层 (共6层) | 1982年 | 1室1厅 | 41.83平米 | 南,https://ke-image.ljcdn.com/110000-inspection/pc1_OWIipGxAq.jpg!m_fill,w_280,h_210,f_jpg?from=ke.com
20241029,朝阳,石佛营,101121518915,西里正东两居室 次顶层不临街  满五年 精装修,350万,58686元/平,高楼层 (共6层) 2室1厅 | 59.64平米 | 东,https://ke-image.ljcdn.com/110000-inspection/bfca6e21-c1a3-48cd-bf1c-77d5d0c0eff4_1000.jpg!m_fill,w_280,h_210,f_jpg?from=ke.com
20241029,朝阳,石佛营,101121504828,公园1872国际公寓 全南向 高楼层 精装修,620万,77249元/平,高楼层 (共21层) | 2008年 | 1室1厅 | 80.26平米 | 南,https://ke-image.ljcdn.com/110000-inspection/d3c6212b-fed2-4100-9e96-b8dd9f00148c_1000.jpg!m_fill,w_280,h_210,f_jpg?from=ke.com
20241029,朝阳,石佛营,101121428584,全南一居室  6号线十里堡站  1993年,268万,53827元/平,低楼层 (共6层) | 1993年 | 1室1厅 | 49.79平米 | 南,https://ke-image.ljcdn.com/110000-inspection/a5321fc2-cec1-48eb-a6ac-dc56ee2d4e0b_1000.jpg!m_fill,w_280,h_210,f_jpg?from=ke.com
20241029,朝阳,石佛营,101121400513,八里庄北里小区 六号线十里堡站 满五唯一 诚意出售,245万,55081元/平,中楼层 (共6层) | 1992年 | 1室1厅 | 44.48平米 | 西,https://ke-image.ljcdn.com/110000-inspection/815040ff-25f8-4898-b6cc-94160b35a02d_1000.jpg!m_fill,w_280,h_210,f_jpg?from=ke.com
20241029,朝阳,石佛营,101121376541,石佛营东里小区 1室1厅 东 西,255万,50506元/平,顶层 (共6层) 1室1厅 | 50.49平米 | 东 西,https://ke-image.ljcdn.com/110000-inspection/cad47562-8151-4737-8b04-a801e503929d_1000.jpg!m_fill,w_280,h_210,f_jpg?from=ke.com
20241029,朝阳,石佛营,101121321972,八里庄北里小区三居室业主诚意出售,426万,53680元/平,中楼层 (共18层) | 2000年 | 3室1厅 | 79.36平米 | 东北,https://ke-image.ljcdn.com/110000-inspection/066e10cb-bc58-4010-b89e-d4365cae9800_1000.jpg!m_fill,w_280,h_210,f_jpg?from=ke.com
20241029,朝阳,石佛营,101121285417,满五年唯一 南北通透一居室 中间层采光好房主自荐,265万,56965元/平,中楼层 (共6层) | 1993年 | 1室1厅 | 46.52平米 | 南 北,https://ke-image.ljcdn.com/110000-inspection/d0a11c7f-b623-4cfe-bcf3-39bead91b89c_1000.jpg!m_fill,w_280,h_210,f_jpg?from=ke.com
20241029,朝阳,石佛营,101121268009,中间楼层 南北通透 大阳台不临街无遮挡业主诚售,300万,63132元/平,中楼层 (共6层) 1室1厅 | 47.52平米 | 南 北,https://ke-image.ljcdn.com/110000-inspection/83b495b4-d9b3-4cfa-89d6-51c1fc20edcf_1000.jpg!m_fill,w_280,h_210,f_jpg?from=ke.com
20241029,朝阳,石佛营,101121216684,南北通透明厨明卫不临街采光好满五年唯一,298万,48377元/平,中楼层 (共6层) 2室1厅 | 61.6平米 | 南 北,https://ke-image.ljcdn.com/110000-inspection/3fe77277-f8e1-4da5-92ca-7262d57d9632_1000.jpg!m_fill,w_280,h_210,f_jpg?from=ke.com
20241029,朝阳,石佛营,101121212299,石佛营西里南北一居上下楼方便看房方便诚心卖房主自荐,230万,48916元/平,低楼层 (共6层) 1室1厅 | 47.02平米 | 南 北,https://ke-image.ljcdn.com/110000-inspection/c603d551-cff3-43a7-8c9b-149c36635a84_1000.jpg!m_fill,w_280,h_210,f_jpg?from=ke.com
20241029,朝阳,石佛营,101121194207,满五年唯一诚意出售南北通透户型方正,240万,53692元/平,高楼层 (共6层) 1室1厅 | 44.7平米 | 南 北,https://ke-image.ljcdn.com/110000-inspection/pc1_pRlfSfLpv_1.jpg!m_fill,w_280,h_210,f_jpg?from=ke.com
20241029,朝阳,石佛营,101121174914,满五唯一 全明中高层 无遮挡 直观红领巾,589万,65394元/平,高楼层 (共21层) 2室1厅 | 90.07平米 | 西北,https://ke-image.ljcdn.com/110000-inspection/76fe11b2-7ef9-494e-b74e-445656f11420_1000.jpg!m_fill,w_280,h_210,f_jpg?from=ke.com
20241029,朝阳,石佛营,101121122649,石佛营西里南北通透两居室高楼层靠谱出售价格可谈,283万,45690元/平,顶层 (共6层) 2室1厅 | 61.94平米 | 南 北,https://ke-image.ljcdn.com/110000-inspection/58c137ed-a7ad-4c32-854f-353d5bdb48e3_1000.jpg!m_fill,w_280,h_210,f_jpg?from=ke.com
20241029,朝阳,石佛营,101121100129,公园1872 全南向两居室大面宽采光好,670万,72316元/平,低楼层 (共21层) | 2008年 | 2室1厅 | 92.65平米 | 南,https://ke-image.ljcdn.com/110000-inspection/d46460f0-2d46-4798-892c-13f6b81cbb55_1000.jpg!m_fill,w_280,h_210,f_jpg?from=ke.com
20241029,朝阳,石佛营,101121084313,石佛营东里 东南两居不临街 诚意出售,480万,55192元/平,低楼层 (共18层) 2室1厅 | 86.97平米 | 东南,https://ke-image.ljcdn.com/110000-inspection/bd94b896-694e-480c-a395-ba364be80228_1000.jpg!m_fill,w_280,h_210,f_jpg?from=ke.com
20241029,朝阳,石佛营,101121080005,酷特区 南向 精装修 满五唯一 双门禁管理,425万,69298元/平,中楼层 (共22层) 1室1厅 | 61.33平米 | 南,https://ke-image.ljcdn.com/110000-inspection/1a2831a7-3e74-42d0-9277-31ac748bd601_1000.jpg!m_fill,w_280,h_210,f_jpg?from=ke.com
20241029,朝阳,石佛营,101121031255,石佛营东里105号院满五唯一 南北通透诚意出售,329万,61267元/平,高楼层 (共6层) 2室1厅 | 53.7平米 | 南 北,https://ke-image.ljcdn.com/110000-inspection/ad68f637-ec70-43d6-9672-62630b188c63_1000.jpg!m_fill,w_280,h_210,f_jpg?from=ke.com
20241029,朝阳,石佛营,101121025358,南向一居 无遮挡 商品房视野宽阔采光充足户型方正,440万,80380元/平,中楼层 (共9层) | 2004年 | 1室1厅 | 54.74平米 | 南,https://ke-image.ljcdn.com/110000-inspection/7a551ea2-136b-485d-9352-3fbe08827b77_1000.jpg!m_fill,w_280,h_210,f_jpg?from=ke.com
20241029,朝阳,石佛营,101121013793,3号线地铁婚房小三居儿童房客房带全套家电房主自荐,268.5万,54342元/平,底层 (共6层) 3室1厅 | 49.41平米 | 西北,https://ke-image.ljcdn.com/110000-inspection/pc1_QXHAgfSS2.jpg!m_fill,w_280,h_210,f_jpg?from=ke.com
20241029,朝阳,石佛营,101121000003,此房为满两年商品房采光充足无遮挡业主诚意出售,390万,62965元/平,顶层 (共6层) 2室1厅 | 61.94平米 | 南 北,https://ke-image.ljcdn.com/110000-inspection/4e00e5f5-263b-49f4-8804-855e16a2b51e_1000.jpg!m_fill,w_280,h_210,f_jpg?from=ke.com
20241029,朝阳,石佛营,101120938697,《区委楼》   精装修  东南两居 全明格局  满五年唯一,580万,63243元/平,低楼层 (共18层) 2室1厅 | 91.71平米 | 东南,https://ke-image.ljcdn.com/110000-inspection/923036e4-aada-453e-b46b-8f42257ba29d_1000.jpg!m_fill,w_280,h_210,f_jpg?from=ke.com
20241029,朝阳,石佛营,101120905684,炫特区 满五唯一 精装修 高楼层 可拎包入住房主自荐,269万,65980元/平,中楼层 (共11层) | 2006年 | 1室0厅 | 40.77平米 | 北,https://ke-image.ljcdn.com/110000-inspection/f6fab9d9-c51f-4d7b-8b62-5618245dbbd2_1000.jpg!m_fill,w_280,h_210,f_jpg?from=ke.com
20241029,朝阳,石佛营,101120857996,石佛营西里30万精装南北一居家具家电全留不临街房主自荐,229万,48890元/平,顶层 (共6层) 1室1厅 | 46.84平米 | 南 北,https://ke-image.ljcdn.com/110000-inspection/44711cf5-5f84-492a-93bc-2ef1e576cd4d_1000.jpg!m_fill,w_280,h_210,f_jpg?from=ke.com
20241029,朝阳,石佛营,101120820855,南向两居装修好采光充足小区安静,310万,55279元/平,顶层 (共6层) 2室1厅 | 56.08平米 | 南,https://ke-image.ljcdn.com/110000-inspection/59983e8c-71c3-4b05-b6ed-f403ca5f4519_1000.jpg!m_fill,w_280,h_210,f_jpg?from=ke.com
20241029,朝阳,石佛营,101120749458,炫特嘉园二期精装修一居室高楼层东南朝向房主自荐,410万,70629元/平,中楼层 (共28层) | 2004年 | 1室1厅 | 58.05平米 | 东南,https://ke-image.ljcdn.com/110000-inspection/3083f246-68e2-46f2-8fd8-1c5441795ff9_1000.jpg!m_fill,w_280,h_210,f_jpg?from=ke.com
20241029,朝阳,石佛营,101120742555,东四环石佛营满五唯一南北通透两居室 客厅带阳台,435万,74461元/平,低楼层 (共6层) | 1992年 | 2室1厅 | 58.42平米 | 南 北,https://ke-image.ljcdn.com/110000-inspection/153121d7-fe90-4a28-b434-2842e266a39d_1000.jpg!m_fill,w_280,h_210,f_jpg?from=ke.com
20241029,朝阳,石佛营,101120686971,东里教师楼钢混电梯三居室满五唯一近地铁3号线,410万,53969元/平,高楼层 (共12层) 3室1厅 | 75.97平米 | 东 西,https://ke-image.ljcdn.com/110000-inspection/38dc4fb6-4c71-4d0b-b6f8-5b554365937c_1000.jpg!m_fill,w_280,h_210,f_jpg?from=ke.com
20241029,朝阳,石佛营,101120671742,此房满五唯一南北通透高楼层采光视野好近地铁,950万,69910元/平,高楼层 (共21层) | 2008年 | 3室2厅 | 135.89平米 | 南 北,https://ke-image.ljcdn.com/110000-inspection/89eeea69-b2f1-4c00-88f3-9a3e49ea7eed_1000.jpg!m_fill,w_280,h_210,f_jpg?from=ke.com
20241029,朝阳,石佛营,101120631706,满五唯一的商品房南北户型自住装修中间楼层。,295万,47291元/平,高楼层 (共6层) 2室1厅 | 62.38平米 | 南 北,https://ke-image.ljcdn.com/110000-inspection/8ec65709-8689-41a0-a25d-16ee0a24216c_1000.jpg!m_fill,w_280,h_210,f_jpg?from=ke.com
20241029,朝阳,石佛营,101120290188,满五唯一  南北通透  板楼一梯两户  好楼层  近地铁,679万,82705元/平,高楼层 (共9层) | 2008年 | 1室1厅 | 82.1平米 | 南 北 东,https://ke-image.ljcdn.com/110000-inspection/acbe0cf2-3a1c-4b27-879b-96d3434cd6a8_1000.jpg!m_fill,w_280,h_210,f_jpg?from=ke.com
20241029,朝阳,石佛营,101120102832,：晨光家园 满五唯一 南北通透三居 精装秀 交通便利,640万,62881元/平,高楼层 (共30层) | 1999年 | 3室1厅 | 101.78平米 | 南 北,https://ke-image.ljcdn.com/110000-inspection/13fcfbb9-bc05-4b21-a425-ac2c9a632761_1000.jpg!m_fill,w_280,h_210,f_jpg?from=ke.com
20241029,朝阳,石佛营,101120036219,石佛营西里 全南向5层 满五年唯一 精装修一居房主自荐,262万,53667元/平,高楼层 (共6层) 1室1厅 | 48.82平米 | 南,https://ke-image.ljcdn.com/110000-inspection/0dd1c5ba-187f-4c2a-b51e-159f96c18f33_1000.jpg!m_fill,w_280,h_210,f_jpg?from=ke.com
20241029,朝阳,石佛营,101119979499,公园1872小区东向开间满两年,405万,64553元/平,高楼层 (共21层) | 2008年 | 1室0厅 | 62.74平米 | 东,https://ke-image.ljcdn.com/110000-inspection/795cacc6-7efb-45d8-88be-9d30b54b59ca_1000.jpg!m_fill,w_280,h_210,f_jpg?from=ke.com
20241029,朝阳,石佛营,101119978158,石佛营西里  东西朝向一居  精装修  满五年唯一,248万,51008元/平,顶层 (共6层) | 1994年 | 1室1厅 | 48.62平米 | 东 西,https://ke-image.ljcdn.com/110000-inspection/bc153678-77c8-413a-a2a5-397ae30ef267_1000.jpg!m_fill,w_280,h_210,f_jpg?from=ke.com
20241029,朝阳,石佛营,101119897415,晨光家园B区  南向两居  户型方正  采光充足,650万,65883元/平,顶层 (共21层) | 2008年 | 2室1厅 | 98.66平米 | 南,https://ke-image.ljcdn.com/110000-inspection/d498ee1f-5229-4db0-a561-46ce63c96528_1000.jpg!m_fill,w_280,h_210,f_jpg?from=ke.com
20241029,朝阳,石佛营,101119894443,前后花园明厨明卫南北双阳台,319万,61966元/平,底层 (共5层) 1室1厅 | 51.48平米 | 南 北,https://ke-image.ljcdn.com/110000-inspection/68dd2c33-9930-4087-9678-b2c6d7e925b4_1000.jpg!m_fill,w_280,h_210,f_jpg?from=ke.com
20241029,朝阳,石佛营,101119786186,石佛营西里 户型方正 全明格局 2001年电梯房,655万,73242元/平,低楼层 (共21层) | 2001年 | 2室1厅 | 89.43平米 | 东南 北,https://ke-image.ljcdn.com/110000-inspection/169616a7-9c89-41fb-b5fb-088754506e65_1000.jpg!m_fill,w_280,h_210,f_jpg?from=ke.com
20241029,朝阳,石佛营,101119721607,炫特嘉园三期 大开间 满二年 无遮挡,255万,58919元/平,中楼层 (共14层) | 2006年 | 1室0厅 | 43.28平米 | 北,https://ke-image.ljcdn.com/110000-inspection/07d18cba-aefe-41f4-a526-5c5707f8a587_1000.jpg!m_fill,w_280,h_210,f_jpg?from=ke.com
20241029,朝阳,石佛营,101119678157,八里庄北里 全南向 精装修 明厨明卫 87年钢混 近地铁房主自荐,275万,65352元/平,顶层 (共6层) 1室1厅 | 42.08平米 | 南,https://ke-image.ljcdn.com/110000-inspection/8dea20de-7f91-4493-9a17-9e051521283d_1000.jpg!m_fill,w_280,h_210,f_jpg?from=ke.com
20241029,朝阳,石佛营,101119635871,环卫家园临红领巾公园临地铁 高楼层,580万,45402元/平,高楼层 (共21层) 3室2厅 | 127.75平米 | 东 北,https://ke-image.ljcdn.com/110000-inspection/4e71da49-cf39-455d-8ae1-13fbdee689aa_1000.jpg!m_fill,w_280,h_210,f_jpg?from=ke.com
20241029,朝阳,石佛营,101119531271,八里庄北里小区 2室1厅 南,420万,65533元/平,中楼层 (共18层) | 2000年 | 2室1厅 | 64.09平米 | 南,https://ke-image.ljcdn.com/110000-inspection/pc1_MONw4QWYY.jpg!m_fill,w_280,h_210,f_jpg?from=ke.com
20241029,朝阳,石佛营,101119502692,朝阳捷座南北二居室 满五年唯一 明厨明卫 二次装修！,650万,64981元/平,中楼层 (共18层) | 2005年 | 2室1厅 | 100.03平米 | 南 北,https://ke-image.ljcdn.com/110000-inspection/pc1_y612uo75a_1.jpg!m_fill,w_280,h_210,f_jpg?from=ke.com
20241029,朝阳,石佛营,101119476687,晨光家园C区闹中取静南北通透大三居采光视野无遮挡,1260万,82064元/平,中楼层 (共28层) | 2012年 | 3室2厅 | 153.54平米 | 南 北,https://ke-image.ljcdn.com/110000-inspection/d79bbc1d-a690-437b-9e70-373e9ad7c03a_1000.jpg!m_fill,w_280,h_210,f_jpg?from=ke.com
20241029,朝阳,石佛营,101119306121,石佛营精装刚需两居室大卧室双阳台大客厅,255万,44675元/平,顶层 (共6层) | 1992年 | 2室1厅 | 57.08平米 | 西,https://ke-image.ljcdn.com/110000-inspection/a280d1df-7c26-48e0-9227-539196a3ef19_1000.jpg!m_fill,w_280,h_210,f_jpg?from=ke.com
20241029,朝阳,石佛营,101119246769,石佛营东里小区 2室1厅 南 北,300万,47529元/平,顶层 (共6层) 2室1厅 | 63.12平米 | 南 北,https://ke-image.ljcdn.com/110000-inspection/56e49c47-2472-491e-b6e1-6f42f564a67b_1000.jpg!m_fill,w_280,h_210,f_jpg?from=ke.com
20241029,朝阳,石佛营,101119231975,东四环 低单价 满五年 大两居 2000年,518万,51410元/平,中楼层 (共14层) 2室1厅 | 100.76平米 | 南 北,https://ke-image.ljcdn.com/110000-inspection/40c53158-957a-42cb-94de-d28570075df9_1000.jpg!m_fill,w_280,h_210,f_jpg?from=ke.com
20241029,朝阳,石佛营,101119222391,石佛营 精装 南北通透 双卧朝阳户型 全天采光 视野好,358万,58014元/平,顶层 (共6层) 2室1厅 | 61.71平米 | 南 北,https://ke-image.ljcdn.com/110000-inspection/0c9ec86f-75a4-4c97-869d-3acd8ac665b4_1000.jpg!m_fill,w_280,h_210,f_jpg?from=ke.com
20241029,朝阳,石佛营,101119215585,公园1872国际公寓 诚意在售开间房主自荐,340万,50341元/平,低楼层 (共21层) | 2008年 | 1室0厅 | 67.54平米 | 西,https://ke-image.ljcdn.com/110000-inspection/3b217944-7518-4d7e-b912-ba6500ed8b59_1000.jpg!m_fill,w_280,h_210,f_jpg?from=ke.com
20241029,朝阳,石佛营,101119210979,炫特嘉园一期 南向大开间 满五年 中间层房主自荐,275万,58461元/平,低楼层 (共18层) | 2004年 | 1室0厅 | 47.04平米 | 南,https://ke-image.ljcdn.com/110000-inspection/3df520ce-5670-42ef-95a5-a8aa10c69c58_1000.jpg!m_fill,w_280,h_210,f_jpg?from=ke.com
20241029,朝阳,石佛营,101119162999,朝阳东四环 板楼 南北通透 把边全明 楼新 使用面积大,780万,62093元/平,顶层 (共6层) | 1999年 | 3室2厅 | 125.62平米 | 南 北,https://ke-image.ljcdn.com/110000-inspection/74a748ee-ecac-4ea4-8959-6bf24c6e27ca_1000.jpg!m_fill,w_280,h_210,f_jpg?from=ke.com
20241029,朝阳,石佛营,101118905094,公园1872国际公寓西北向一居室诚意出售,500万,53294元/平,低楼层 (共21层) | 2008年 | 1室1厅 | 93.82平米 | 西北,https://ke-image.ljcdn.com/110000-inspection/4d5bcc31-3050-4702-bd74-c77096b38c11_1000.jpg!m_fill,w_280,h_210,f_jpg?from=ke.com
20241029,朝阳,石佛营,101118864728,朝阳捷座 2室1厅 东,530万,63825元/平,高楼层 (共18层) | 2005年 | 2室1厅 | 83.04平米 | 东,https://ke-image.ljcdn.com/110000-inspection/dd472533-716a-4dcf-837a-35276cda1028_1000.jpg!m_fill,w_280,h_210,f_jpg?from=ke.com
20241029,朝阳,石佛营,101118659742,东四环2005年纯商品房社区满五年唯一诚意出售。,850万,53818元/平,高楼层 (共14层) 2室1厅 | 157.94平米 | 东南 南,https://ke-image.ljcdn.com/110000-inspection/a3eb7835-134a-4248-ae71-e9363d353c83_1000.jpg!m_fill,w_280,h_210,f_jpg?from=ke.com
20241029,朝阳,石佛营,101118612277,八里庄北里 东西通透两居室 业主诚心出售,350万,49801元/平,高楼层 (共12层) 2室1厅 | 70.28平米 | 东 西,https://ke-image.ljcdn.com/110000-inspection/26596418-06f7-4cef-b0ca-95e03280db98_1000.jpg!m_fill,w_280,h_210,f_jpg?from=ke.com
20241029,朝阳,石佛营,101118583566,华业玫瑰郡 精装修 高楼层 一梯三户 三居室 随时签约,780万,82375元/平,顶层 (共11层) | 2008年 | 3室1厅 | 94.69平米 | 东北,https://ke-image.ljcdn.com/110000-inspection/75b4e3af-9035-45f0-931a-c450e27bfb64_1000.jpg!m_fill,w_280,h_210,f_jpg?from=ke.com
20241029,朝阳,石佛营,101118431766,民水民电 70年产权住宅 商品房 高楼层 无遮挡,320万,65015元/平,高楼层 (共19层) 1室0厅 | 49.22平米 | 南,https://ke-image.ljcdn.com/110000-inspection/f4153372-6787-4f2e-aa4d-9dc3e8512b46_1000.jpg!m_fill,w_280,h_210,f_jpg?from=ke.com
20241029,朝阳,石佛营,101118350991,高楼层 一梯三户 东西通透 客厅落地飘窗随时签约,780万,86179元/平,高楼层 (共12层) | 2008年 | 2室1厅 | 90.51平米 | 东 西,https://ke-image.ljcdn.com/110000-inspection/59e7a11c-a032-49ad-86e4-25df5345c671_1000.jpg!m_fill,w_280,h_210,f_jpg?from=ke.com
20241029,朝阳,石佛营,101118268133,满五唯一精装修看房提前预约。,580万,55974元/平,低楼层 (共21层) 2室2厅 | 103.62平米 | 西,https://ke-image.ljcdn.com/110000-inspection/9a4bef38-6baf-4f70-979c-cf22d7c18d23_1000.jpg!m_fill,w_280,h_210,f_jpg?from=ke.com
20241029,朝阳,石佛营,101118240817,满五年南北通透大客厅两居视野开阔采光充足,438万,67055元/平,高楼层 (共6层) 2室1厅 | 65.32平米 | 南 北,https://ke-image.ljcdn.com/110000-inspection/17d20d66-e072-4809-9bc4-beac17c8f336_1000.jpg!m_fill,w_280,h_210,f_jpg?from=ke.com
20241029,朝阳,石佛营,101118226605,此房很少住过保养的很好；南北通透四居室前后观景,2999万,104118元/平,中楼层 (共17层) 4室2厅 | 288.04平米 | 南 北,https://ke-image.ljcdn.com/110000-inspection/3d5a9cce-bbf7-4c4a-b05c-7fbca68a289b_1000.jpg!m_fill,w_280,h_210,f_jpg?from=ke.com
20241029,朝阳,石佛营,101118199520,满五年 南北朝向 临公园 两居室居室 格局方正,505万,50120元/平,低楼层 (共14层) 2室1厅 | 100.76平米 | 南 北,https://ke-image.ljcdn.com/110000-inspection/fca71fd7-836d-48c7-982b-b3d9b55c846d_1000.jpg!m_fill,w_280,h_210,f_jpg?from=ke.com
20241029,朝阳,石佛营,101118111579,八里庄北里 中楼层 两居室 南北通透,410万,63448元/平,中楼层 (共6层) 2室1厅 | 64.62平米 | 南 北,https://ke-image.ljcdn.com/110000-inspection/82ba8d99-1f94-4355-97d4-22c1303104e8_1000.jpg!m_fill,w_280,h_210,f_jpg?from=ke.com
20241029,朝阳,石佛营,101118083473,此房满五年唯一中间楼层业主诚意出售看房方便,268万,54694元/平,中楼层 (共6层) 2室1厅 | 49平米 | 东 北,https://ke-image.ljcdn.com/110000-inspection/782aa8a0-cdbc-4111-b94b-ba292a95bd53_1000.jpg!m_fill,w_280,h_210,f_jpg?from=ke.com
20241029,朝阳,石佛营,101116669287,商品房社区南向正规一居户型方正进出门禁安全,419万,68319元/平,低楼层 (共22层) | 2006年 | 1室1厅 | 61.33平米 | 南,https://ke-image.ljcdn.com/110000-inspection/f23d1808-fbac-4602-84f7-309fbf0d3b03_1000.jpg!m_fill,w_280,h_210,f_jpg?from=ke.com
20241029,朝阳,石佛营,101116565751,区政府家属楼  东南两居  明厨明卫  精装修,600万,66935元/平,低楼层 (共18层) 2室1厅 | 89.64平米 | 东南,https://ke-image.ljcdn.com/110000-inspection/pc1_n1y4Hpm4w.jpg!m_fill,w_280,h_210,f_jpg?from=ke.com
20241029,朝阳,石佛营,101116428701,6号线十里堡站 南北通透中间层  前后不临街,360万,60071元/平,中楼层 (共6层) | 1993年 | 2室1厅 | 59.93平米 | 南 北,https://ke-image.ljcdn.com/110000-inspection/a1d0ef26-c5e8-448a-8568-ab98a83ef6de_1000.jpg!m_fill,w_280,h_210,f_jpg?from=ke.com
20241029,朝阳,石佛营,101116346774,中高层三卧朝南采光好保养新楼龄新,2000万,84492元/平,中楼层 (共31层) | 2016年 | 4室2厅 | 236.71平米 | 南 北,https://ke-image.ljcdn.com/110000-inspection/d6df4f03-c0c8-4339-b45e-abda5b82f973_1000.jpg!m_fill,w_280,h_210,f_jpg?from=ke.com
20241029,朝阳,石佛营,101116302539,石佛营西里小区 西南向两居室 户型好无遮挡 两梯6户,599万,64996元/平,低楼层 (共21层) | 2001年 | 2室1厅 | 92.16平米 | 西南,https://ke-image.ljcdn.com/110000-inspection/267580da-36d9-4c70-b278-f4f70cbb6d77_1000.jpg!m_fill,w_280,h_210,f_jpg?from=ke.com
20241029,朝阳,石佛营,101115761085,满五年看房方便低楼层采光好,289万,57800元/平,底层 (共6层) | 1992年 | 1室1厅 | 50平米 | 西,https://ke-image.ljcdn.com/110000-inspection/0dcbda94-3764-4a59-a2fd-ed3a2130d210_1000.jpg!m_fill,w_280,h_210,f_jpg?from=ke.com
20241029,朝阳,石佛营,101115629639,小区管理好 满五年商品房 装修保持好房主自荐,338万,52624元/平,高楼层 (共6层) | 1996年 | 2室1厅 | 64.23平米 | 东 西南,https://ke-image.ljcdn.com/110000-inspection/a7aa889a-bb60-4292-8549-0d50613a6390_1000.jpg!m_fill,w_280,h_210,f_jpg?from=ke.com
20241029,朝阳,石佛营,101114924131,满五年唯一业主诚心出售明厨明卫,516万,53561元/平,低楼层 (共18层) | 1997年 | 3室1厅 | 96.34平米 | 南 西 北,https://ke-image.ljcdn.com/110000-inspection/pc1_cVz6KPmy8_1.jpg!m_fill,w_280,h_210,f_jpg?from=ke.com
20241029,朝阳,石佛营,101114842306,大四居 适合三代人口居住 满五年 采光好 无遮挡不临街,808万,50472元/平,底层 (共21层) | 2001年 | 4室2厅 | 160.09平米 | 东南,https://ke-image.ljcdn.com/110000-inspection/prod-8a63bc65-a508-420b-99a1-38285c39f7a6.jpg!m_fill,w_280,h_210,f_jpg?from=ke.com
20241029,朝阳,石佛营,101114800677,此房满五唯一、总高8层板楼、一梯两户、24小时门禁,635万,69597元/平,中楼层 (共8层) | 2005年 | 2室1厅 | 91.24平米 | 南 北,https://ke-image.ljcdn.com/110000-inspection/13bb81b5-f643-487f-90d9-ea234fa4cea1_1000.jpg!m_fill,w_280,h_210,f_jpg?from=ke.com
20241029,朝阳,石佛营,101114140761,板楼两居、房子一梯两居南北通透、满五唯一,630万,68695元/平,底层 (共9层) | 2005年 | 2室1厅 | 91.71平米 | 南 北,https://ke-image.ljcdn.com/110000-inspection/2d9a3785-2f18-4dfa-9c32-57953930b555_1000.jpg!m_fill,w_280,h_210,f_jpg?from=ke.com
20241029,朝阳,石佛营,101114075585,低楼层 满五年 无遮挡 楼龄新 明厅一居室,299万,54944元/平,低楼层 (共6层) | 1994年 | 1室1厅 | 54.42平米 | 西,https://ke-image.ljcdn.com/110000-inspection/pc1_vCWif8Afq_1.jpg!m_fill,w_280,h_210,f_jpg?from=ke.com
20241029,朝阳,石佛营,101127308288,石佛营东里   低楼层   钢混电梯房 交通便利,215万,45369元/平,低楼层 (共12层) 1室1厅 | 47.39平米 | 东 西,https://ke-image.ljcdn.com/110000-inspection/f48f66e6-0826-41f2-b621-e2075c1d39cb_1000.jpg!m_fill,w_280,h_210,f_jpg?from=ke.com
20241029,朝阳,石佛营,101127299856,诚意出售 中水金海 东南三居 高楼层 无遮挡新上,660万,48512元/平,高楼层 (共21层) 3室1厅 | 136.05平米 | 东南,https://ke-image.ljcdn.com/110000-inspection/04d6ac4f-b736-4fe4-aeb5-e14184a49462_1000.jpg!m_fill,w_280,h_210,f_jpg?from=ke.com
20241029,朝阳,石佛营,101127275970,精装修大三居 满五唯一 高楼层 格局方正 明厨明卫新上,730万,48169元/平,高楼层 (共21层) 3室2厅 | 151.55平米 | 西北,https://ke-image.ljcdn.com/110000-inspection/pc1_i5LEcRNtA_2.jpg!m_fill,w_280,h_210,f_jpg?from=ke.com
20241029,朝阳,石佛营,101127205069,全南大两居 满五唯一商品房无抵押无户口产权清新上,727万,46031元/平,低楼层 (共14层) 2室1厅 | 157.94平米 | 南,https://ke-image.ljcdn.com/110000-inspection/5f969adf-ed99-4a95-979a-aee9b088bac4_1000.jpg!m_fill,w_280,h_210,f_jpg?from=ke.com
20241029,朝阳,石佛营,101127194016,石佛营西里 南北通透 满五年唯一  一层两居有车位新上,309万,49719元/平,底层 (共6层) | 1994年 | 2室1厅 | 62.15平米 | 南 北,https://ke-image.ljcdn.com/110000-inspection/2d578d4f-8efa-4377-bad7-9331f6ea9918_1000.jpg!m_fill,w_280,h_210,f_jpg?from=ke.com
20241029,朝阳,石佛营,101127190879,南北四居室 全新房 一天没住 高层 观景新上,1900万,83466元/平,中楼层 (共28层) | 2016年 | 4室2厅 | 227.64平米 | 南 北,https://ke-image.ljcdn.com/110000-inspection/d716a3ad-7192-4ca9-b012-b8fda0b38415_1000.jpg!m_fill,w_280,h_210,f_jpg?from=ke.com
20241029,朝阳,石佛营,101127182195,公园1872 高层观景一居室 看红领巾公园新上,815万,87045元/平,中楼层 (共32层) | 2011年 | 1室1厅 | 93.63平米 | 西,https://ke-image.ljcdn.com/110000-inspection/f49b85ae-18a8-4536-a587-c2e4a5a8ffd0_1000.jpg!m_fill,w_280,h_210,f_jpg?from=ke.com
20241029,朝阳,石佛营,101127179066,精装 高楼层 满五唯一 视野开阔 诚意出售新上,320万,58119元/平,中楼层 (共22层) | 2004年 | 1室1厅 | 55.06平米 | 东南,https://ke-image.ljcdn.com/110000-inspection/pc1_uMwuM61gG_2.jpg!m_fill,w_280,h_210,f_jpg?from=ke.com
20241029,朝阳,石佛营,101127165496,紫萝园 高楼层 视野开阔 安静西南向两居室 大阳台,429万,46641元/平,顶层 (共21层) 2室1厅 | 91.98平米 | 西南,https://ke-image.ljcdn.com/110000-inspection/pc1_7KnrwDpSA.jpg!m_fill,w_280,h_210,f_jpg?from=ke.com
20241029,朝阳,石佛营,101127145849,中水金海满五唯一西北两居室中高楼层采光好。,548万,53938元/平,中楼层 (共21层) 2室1厅 | 101.6平米 | 西北,https://ke-image.ljcdn.com/110000-inspection/88eaf1ac-0545-45ea-85b6-f983c7a4c73b_1000.jpg!m_fill,w_280,h_210,f_jpg?from=ke.com
20241029,朝阳,石佛营,101127118047,只交契税 田字格户型 南北通透 出门就是公交站,500万,58296元/平,中楼层 (共6层) 3室1厅 | 85.77平米 | 南 北,https://ke-image.ljcdn.com/110000-inspection/pc1_sNBEm64yT_1.jpg!m_fill,w_280,h_210,f_jpg?from=ke.com
20241029,朝阳,石佛营,101127117394,酷特区 西南向精装两居 满五唯一 好房求关注,535万,63397元/平,中楼层 (共24层) | 2006年 | 2室1厅 | 84.39平米 | 西南,https://ke-image.ljcdn.com/110000-inspection/508ac782-8ad9-4436-a406-2deec8a6cf54_1000.jpg!m_fill,w_280,h_210,f_jpg?from=ke.com
20241029,朝阳,石佛营,101127092665,炫特区满五唯一全南向高楼层日式精装修房主自荐,363万,55881元/平,高楼层 (共28层) 2室1厅 | 64.96平米 | 南,https://ke-image.ljcdn.com/110000-inspection/0bc224d3-d68b-430e-95fb-e21cf0a50147_1000.jpg!m_fill,w_280,h_210,f_jpg?from=ke.com
20241029,朝阳,石佛营,101127072351,公园1872国际公寓西向开间诚意出售,350万,54088元/平,高楼层 (共21层) | 2008年 | 1室0厅 | 64.71平米 | 西,https://ke-image.ljcdn.com/110000-inspection/3ef807ba-f7aa-4f3c-bf2d-8a1e19e77166_1000.jpg!m_fill,w_280,h_210,f_jpg?from=ke.com
20241029,朝阳,石佛营,101127039187,近地铁满五唯一商品房全南两居室,335万,67014元/平,低楼层 (共6层) | 1982年 | 2室1厅 | 49.99平米 | 南,https://ke-image.ljcdn.com/110000-inspection/pc1_3dgSxuZR6_1.jpg!m_fill,w_280,h_210,f_jpg?from=ke.com
20241029,朝阳,石佛营,101127019747,华业玫瑰郡 东西通透 满五年唯一  两居 管理好,665万,73441元/平,低楼层 (共12层) | 2008年 | 2室1厅 | 90.55平米 | 东 西,https://ke-image.ljcdn.com/110000-inspection/441e6793-8028-47f5-ab76-17debaf0a44f_1000.jpg!m_fill,w_280,h_210,f_jpg?from=ke.com
20241029,朝阳,石佛营,101127019299,炫特嘉园二期  西南向 高楼层 电梯房 诚意出售,278万,48678元/平,中楼层 (共28层) | 2004年 | 1室1厅 | 57.11平米 | 西南,https://ke-image.ljcdn.com/110000-inspection/0901e935-3208-4a74-9204-88161fa7edc8_1000.jpg!m_fill,w_280,h_210,f_jpg?from=ke.com
20241029,朝阳,石佛营,101127015515,满5年唯一 全南一居 位置好 楼层好 好房请关注,360万,53067元/平,高楼层 (共25层) | 2006年 | 1室1厅 | 67.84平米 | 南,https://ke-image.ljcdn.com/110000-inspection/3c3a166b-fbe5-4317-ba79-b6b3c7075afc_1000.jpg!m_fill,w_280,h_210,f_jpg?from=ke.com
20241029,朝阳,石佛营,101126971514,炫特嘉园三期 1室0厅 北,226万,55529元/平,低楼层 (共25层) | 2006年 | 1室0厅 | 40.7平米 | 北,https://ke-image.ljcdn.com/110000-inspection/cba4e3b5-2bdf-4cd6-ab1d-60ee7a46baad_1000.jpg!m_fill,w_280,h_210,f_jpg?from=ke.com
20241029,朝阳,石佛营,101126970383,石佛营东里小区精装修一居室只有契税,249万,53676元/平,顶层 (共6层) 1室1厅 | 46.39平米 | 南 北,https://ke-image.ljcdn.com/110000-inspection/9f37b361-0129-440f-88b2-83af9ea08b09_1000.jpg!m_fill,w_280,h_210,f_jpg?from=ke.com
20241029,朝阳,石佛营,101126964041,东四环精装西南两居室户型方正无遮挡满五唯一,445万,56109元/平,底层 (共28层) 2室1厅 | 79.31平米 | 南 西南,https://ke-image.ljcdn.com/110000-inspection/0fc0d874-36d4-412e-8f04-51f009d355bd_1000.jpg!m_fill,w_280,h_210,f_jpg?from=ke.com
20241029,朝阳,石佛营,101126929001,精装西南两居户型方正诚意出售建委大院质量好房主自荐,398万,59859元/平,低楼层 (共20层) | 2001年 | 2室1厅 | 66.49平米 | 西南,https://ke-image.ljcdn.com/110000-inspection/66e81fd7-b56f-41da-85da-c2ad753bef78_1000.jpg!m_fill,w_280,h_210,f_jpg?from=ke.com
20241029,朝阳,石佛营,101126880307,日月东华东南大两居高楼层采光好满五年唯一房主自荐,426万,42233元/平,顶层 (共21层) 2室2厅 | 100.87平米 | 东南,https://ke-image.ljcdn.com/110000-inspection/7167c187-bb0b-4dee-9a66-281530c077a6_1000.jpg!m_fill,w_280,h_210,f_jpg?from=ke.com
20241029,朝阳,石佛营,101126814381,紫萝园 2室1厅 东,520万,54167元/平,中楼层 (共21层) 2室1厅 | 96平米 | 东,https://ke-image.ljcdn.com/110000-inspection/pc1_PCNI3KpiR.jpg!m_fill,w_280,h_210,f_jpg?from=ke.com
20241029,朝阳,石佛营,101126746659,日月东华 地铁3号线沿线 南向三居室满五唯一,589万,47139元/平,中楼层 (共21层) 3室1厅 | 124.95平米 | 南,https://ke-image.ljcdn.com/110000-inspection/pc1_T95l5LSN2.jpg!m_fill,w_280,h_210,f_jpg?from=ke.com
20241029,朝阳,石佛营,101126671424,新出超大客厅南北通透三居室三套房设计观景房,1980万,72472元/平,中楼层 (共18层) 3室2厅 | 273.21平米 | 南 北,https://ke-image.ljcdn.com/110000-inspection/pc1_e5NukaKtF.jpg!m_fill,w_280,h_210,f_jpg?from=ke.com
20241029,朝阳,石佛营,101126669589,炫特嘉园二期 1室1厅 南,360万,56347元/平,中楼层 (共28层) | 2004年 | 1室1厅 | 63.89平米 | 南,https://ke-image.ljcdn.com/110000-inspection/pc1_nrZtamrDu_2.jpg!m_fill,w_280,h_210,f_jpg?from=ke.com
20241029,朝阳,石佛营,101126659302,此房满五年唯一 业主诚意出售 精装修,198万,49712元/平,低楼层 (共21层) 1室0厅 | 39.83平米 | 西,https://ke-image.ljcdn.com/110000-inspection/07f18051-9c19-4737-be7f-ad4fc580346c_1000.jpg!m_fill,w_280,h_210,f_jpg?from=ke.com
20241029,朝阳,石佛营,101126658710,炫特区 格局方正 带落地窗 中楼层视野好,189万,46438元/平,低楼层 (共25层) | 2006年 | 1室0厅 | 40.7平米 | 北,https://ke-image.ljcdn.com/110000-inspection/06b543fb-9044-4377-a377-9407414d776f_1000.jpg!m_fill,w_280,h_210,f_jpg?from=ke.com
20241029,朝阳,石佛营,101126630124,炫特嘉园南向大一居前后无遮挡满五年唯一商品房,379万,59330元/平,低楼层 (共28层) 1室1厅 | 63.88平米 | 南,https://ke-image.ljcdn.com/110000-inspection/pc1_iuhBFH2IK.jpg!m_fill,w_280,h_210,f_jpg?from=ke.com
20241029,朝阳,石佛营,101126569823,高楼层全明格局视野开阔采光无遮 格局方正房主自荐,550万,59325元/平,中楼层 (共21层) 2室1厅 | 92.71平米 | 东 南,https://ke-image.ljcdn.com/110000-inspection/pc1_xR1JPPOKe.jpg!m_fill,w_280,h_210,f_jpg?from=ke.com
20241029,朝阳,石佛营,101126550836,石佛营近地铁五年唯一商品房全明格局,275万,44362元/平,底层 (共6层) 2室1厅 | 61.99平米 | 西南,https://ke-image.ljcdn.com/110000-inspection/c7041c63-c96a-4e9c-b032-9a4fdf4c6c98_1000.jpg!m_fill,w_280,h_210,f_jpg?from=ke.com
20241029,朝阳,石佛营,101126515659,八里庄北里小区 2室1厅 西,348万,40793元/平,中楼层 (共6层) | 1994年 | 2室1厅 | 85.31平米 | 西,https://ke-image.ljcdn.com/110000-inspection/pc1_2vmDa1IdR.jpg!m_fill,w_280,h_210,f_jpg?from=ke.com
20241029,朝阳,石佛营,101126513978,石佛营东里128号院大两居满五唯一高楼层好房,430万,58290元/平,高楼层 (共20层) | 2001年 | 2室1厅 | 73.77平米 | 南,https://ke-image.ljcdn.com/110000-inspection/4588abaf-e172-405b-809f-78d4c3716ef8_1000.jpg!m_fill,w_280,h_210,f_jpg?from=ke.com
20241029,朝阳,石佛营,101126509515,有钥匙 满五年唯一 精装修 高楼层 无遮挡 视野好房主自荐,434万,48941元/平,顶层 (共21层) 2室1厅 | 88.68平米 | 南 西,https://ke-image.ljcdn.com/110000-inspection/pc1_F2PQIj5jX_1.jpg!m_fill,w_280,h_210,f_jpg?from=ke.com
20241029,朝阳,石佛营,101126485703,中间楼层南北通透精装修两居房主自荐,350万,56108元/平,中楼层 (共6层) | 1994年 | 2室1厅 | 62.38平米 | 南 北,https://ke-image.ljcdn.com/110000-inspection/pc1_PaPk92fDG.jpg!m_fill,w_280,h_210,f_jpg?from=ke.com
20241029,朝阳,石佛营,101126459776,炫特嘉园一期南向开间、户型方正、青年社区,245万,52825元/平,低楼层 (共18层) | 2004年 | 1室0厅 | 46.38平米 | 南,https://ke-image.ljcdn.com/110000-inspection/57958dab-9ab4-41c0-a5cc-e1f1d2d4f274_1000.jpg!m_fill,w_280,h_210,f_jpg?from=ke.com
20241029,朝阳,石佛营,101126427955,酷特区南北通透两居室 近十里堡地铁站,525万,62219元/平,高楼层 (共21层) | 2006年 | 2室1厅 | 84.38平米 | 南 北,https://ke-image.ljcdn.com/110000-inspection/5af0587c-250d-4c58-a8a0-9a5480bab334_1000.jpg!m_fill,w_280,h_210,f_jpg?from=ke.com
20241029,朝阳,石佛营,101126412568,1梯3户得房率83%电梯直达地库满五唯一,317万,57585元/平,低楼层 (共11层) 1室1厅 | 55.05平米 | 南,https://ke-image.ljcdn.com/110000-inspection/645ecf00-537f-43e7-8658-d76998ecd926_1000.jpg!m_fill,w_280,h_210,f_jpg?from=ke.com
20241029,朝阳,石佛营,101126405502,石佛营东里 带电梯南向一居室 满五年唯一,255万,51433元/平,中楼层 (共18层) 1室1厅 | 49.58平米 | 南,https://ke-image.ljcdn.com/110000-inspection/a3a19b21-660a-4f24-b59e-30e1b81e2e7f_1000.jpg!m_fill,w_280,h_210,f_jpg?from=ke.com
20241029,朝阳,石佛营,101126277441,石佛营东里日月东华满五唯一无遮挡位置安静。,408万,43990元/平,低楼层 (共21层) | 2001年 | 2室1厅 | 92.75平米 | 西南 西,https://ke-image.ljcdn.com/110000-inspection/7ffafa84-091c-4b76-8285-0f6721654eec_1000.jpg!m_fill,w_280,h_210,f_jpg?from=ke.com
20241029,朝阳,石佛营,101126277237,酷特区 南向二居 落地阳台 精装修 户型方正,540万,64004元/平,中楼层 (共21层) | 2006年 | 2室1厅 | 84.37平米 | 南,https://ke-image.ljcdn.com/110000-inspection/48493409-b6ed-410d-8775-9c1a6c75e362_1000.jpg!m_fill,w_280,h_210,f_jpg?from=ke.com
20241029,朝阳,石佛营,101126274740,公园1872小区西南三居室采光好景观好,1800万,79163元/平,中楼层 (共32层) | 2011年 | 3室2厅 | 227.38平米 | 南 西,https://ke-image.ljcdn.com/110000-inspection/66b91ce2-4a41-4464-9f57-a78979ab0a5d_1000.jpg!m_fill,w_280,h_210,f_jpg?from=ke.com
20241029,朝阳,石佛营,101126269243,满五唯一 南北通透 只有契税 配套完善 出行方便,768万,53378元/平,低楼层 (共14层) 4室1厅 | 143.88平米 | 南 北,https://ke-image.ljcdn.com/110000-inspection/8bd7d675-5812-420e-bac2-fab94c348e62_1000.jpg!m_fill,w_280,h_210,f_jpg?from=ke.com
20241029,朝阳,石佛营,101126256886,保利东郡4+1户型方正 高层视野采光好独梯独户,2100万,105148元/平,高楼层 (共18层) 4室2厅 | 199.72平米 | 南 北,https://ke-image.ljcdn.com/110000-inspection/7f847e2a-7608-4092-bc5c-2e98c6ae4464_1000.jpg!m_fill,w_280,h_210,f_jpg?from=ke.com
20241029,朝阳,石佛营,101126252364,朝阳捷座南向一居室满五唯一高楼层视野好,370万,62819元/平,顶层 (共18层) | 2005年 | 1室1厅 | 58.9平米 | 南,https://ke-image.ljcdn.com/110000-inspection/62d17240-5b8f-447a-be86-9b29d0fdb566_1000.jpg!m_fill,w_280,h_210,f_jpg?from=ke.com
20241029,朝阳,石佛营,101126212426,高楼层精装东向一居室户型方正,330万,51346元/平,高楼层 (共25层) | 2006年 | 1室1厅 | 64.27平米 | 东,https://ke-image.ljcdn.com/110000-inspection/3a0ebd7c-e488-445c-a24a-30ab0e7d793c_1000.jpg!m_fill,w_280,h_210,f_jpg?from=ke.com
20241029,朝阳,石佛营,101126201196,迎曦园 东南 全明格局 二次装修 82%得房率,460万,53564元/平,高楼层 (共21层) 2室1厅 | 85.88平米 | 东南,https://ke-image.ljcdn.com/110000-inspection/65de557c-02c5-4ebf-b73f-6b6a2c9c8abe_1000.jpg!m_fill,w_280,h_210,f_jpg?from=ke.com
20241029,朝阳,石佛营,101126180845,满五唯一 双南户型有电梯 精装修 采光好,430万,60377元/平,中楼层 (共18层) 2室1厅 | 71.22平米 | 南,https://ke-image.ljcdn.com/110000-inspection/a1e6ffb5-c4b9-460c-a824-84cee6c7bd22_1000.jpg!m_fill,w_280,h_210,f_jpg?from=ke.com
20241029,朝阳,石佛营,101126163860,十里堡北区明厨明卫低楼层一居室,218万,47955元/平,低楼层 (共6层) 1室1厅 | 45.46平米 | 东 西,https://ke-image.ljcdn.com/110000-inspection/007b7264-adea-47d0-961a-eb79436e803d_1000.jpg!m_fill,w_280,h_210,f_jpg?from=ke.com
20241029,朝阳,石佛营,101126161236,南北通透两居精装修采光好业主诚意出售,291万,44367元/平,顶层 (共6层) | 1979年 | 2室1厅 | 65.59平米 | 北 南,https://ke-image.ljcdn.com/110000-inspection/f813a89a-fe33-4f01-81cc-3bb32a2354ec_1000.jpg!m_fill,w_280,h_210,f_jpg?from=ke.com
20241029,朝阳,石佛营,101126160534,十里堡北区南北两居室业主诚意出售。,263万,63070元/平,底层 (共6层) 2室1厅 | 41.7平米 | 南 北,https://ke-image.ljcdn.com/110000-inspection/ebbac990-d745-46e9-800b-b2c52225ef70_1000.jpg!m_fill,w_280,h_210,f_jpg?from=ke.com
20241029,朝阳,石佛营,101126157515,满五年唯一房 诚意出售 南北通透 户型方正,226万,49335元/平,底层 (共6层) | 1993年 | 1室1厅 | 45.81平米 | 南 北,https://ke-image.ljcdn.com/110000-inspection/pc1_T0woqqz4d.jpg!m_fill,w_280,h_210,f_jpg?from=ke.com
20241029,朝阳,石佛营,101126107742,炫特区 东南向一居室 只有契税。,329万,63197元/平,低楼层 (共28层) 1室1厅 | 52.06平米 | 东南,https://ke-image.ljcdn.com/110000-inspection/7dbb4ba5-fe10-4596-8355-842f39b47ca8_1000.jpg!m_fill,w_280,h_210,f_jpg?from=ke.com
20241029,朝阳,石佛营,101126107212,精装一居室 炫特区 只有契税。,310万,53366元/平,中楼层 (共18层) | 2004年 | 1室1厅 | 58.09平米 | 东,https://ke-image.ljcdn.com/110000-inspection/26c9e3c9-17dc-4aab-85f8-b0866c5008d5_1000.jpg!m_fill,w_280,h_210,f_jpg?from=ke.com
20241029,朝阳,石佛营,101126106513,南北通透一居满五年唯一采光充足一层无遮挡,218万,49077元/平,底层 (共6层) | 1993年 | 1室1厅 | 44.42平米 | 南 北,https://ke-image.ljcdn.com/110000-inspection/pc1_tDrg7qMQ6.jpg!m_fill,w_280,h_210,f_jpg?from=ke.com
20241029,朝阳,石佛营,101125922152,炫特嘉园一期 1室1厅 东房主自荐,296万,53868元/平,中楼层 (共22层) | 2004年 | 1室1厅 | 54.95平米 | 东,https://ke-image.ljcdn.com/110000-inspection/a580028a-d46c-459f-af86-15a8519e5473_1000.jpg!m_fill,w_280,h_210,f_jpg?from=ke.com
20241029,朝阳,石佛营,101125885058,公园1872 2室2厅 南,1250万,102502元/平,中楼层 (共32层) | 2010年 | 2室2厅 | 121.95平米 | 南,https://ke-image.ljcdn.com/110000-inspection/pc1_NE64tLivF.jpg!m_fill,w_280,h_210,f_jpg?from=ke.com
20241029,朝阳,石佛营,101125832647,2014年楼龄正对园林餐客厅超百平 可用超300,2000万,85303元/平,底层 (共18层) 4室3厅 | 234.46平米 | 南 西 北,https://ke-image.ljcdn.com/110000-inspection/76366dbf-5663-4b93-891b-2eab2a6eecb2_1000.jpg!m_fill,w_280,h_210,f_jpg?from=ke.com
20241029,朝阳,石佛营,101125830685,西南2居室 采光无遮挡 双阳台主次卧室独立房主自荐,496万,60093元/平,高楼层 (共28层) 2室1厅 | 82.54平米 | 西南,https://ke-image.ljcdn.com/110000-inspection/d6571859-ff2a-429b-b386-6829907685e5_1000.jpg!m_fill,w_280,h_210,f_jpg?from=ke.com
20241029,朝阳,石佛营,101125819942,此房满五唯一户型方正带电梯生活方便交通便,550万,53570元/平,中楼层 (共28层) 3室2厅 | 102.67平米 | 东北 南,https://ke-image.ljcdn.com/110000-inspection/70651410-8779-473d-866d-b84dbe0aeca9_1000.jpg!m_fill,w_280,h_210,f_jpg?from=ke.com
20241029,朝阳,石佛营,101125816876,二次装修一居室 看向小区花园 招商物业,810万,82242元/平,低楼层 (共32层) | 2011年 | 1室2厅 | 98.49平米 | 西,https://ke-image.ljcdn.com/110000-inspection/226deb46-7818-4693-9369-5625b4d1f144_1000.jpg!m_fill,w_280,h_210,f_jpg?from=ke.com
20241029,朝阳,石佛营,101125796072,招商公园1872小区观景一居室可远眺西山全景,850万,90997元/平,高楼层 (共32层) 1室2厅 | 93.41平米 | 西,https://ke-image.ljcdn.com/110000-inspection/pc1_L26d4DivW.jpg!m_fill,w_280,h_210,f_jpg?from=ke.com
20241029,朝阳,石佛营,101125737142,南北通透错层设计 满5年唯一 30万精装好房求关注,398万,60496元/平,高楼层 (共22层) | 2006年 | 1室1厅 | 65.79平米 | 南 北,https://ke-image.ljcdn.com/110000-inspection/61ac6a52-7b07-499b-84c7-521aa1a9ae01_1000.jpg!m_fill,w_280,h_210,f_jpg?from=ke.com
20241029,朝阳,石佛营,101125720959,石佛营西里  高楼层  全明格局三居  精装修急售,630万,51763元/平,高楼层 (共18层) | 1996年 | 3室2厅 | 121.71平米 | 东南 北,https://ke-image.ljcdn.com/110000-inspection/2934a744-ae8c-455a-903b-ec6bc3b5ce54_1000.jpg!m_fill,w_280,h_210,f_jpg?from=ke.com
20241029,朝阳,石佛营,101125710626,十里堡北区精装大客厅大一居。,232万,42892元/平,高楼层 (共6层) 1室1厅 | 54.09平米 | 东,https://ke-image.ljcdn.com/110000-inspection/511b7e30-1f2a-4d58-9a01-e9bc1b76a7a8_1000.jpg!m_fill,w_280,h_210,f_jpg?from=ke.com
20241029,朝阳,石佛营,101125704891,精装修一居室 满五年 没有遮挡 户型好 全南采光好,310万,46603元/平,中楼层 (共23层) | 2006年 | 1室1厅 | 66.52平米 | 南,https://ke-image.ljcdn.com/110000-inspection/pc1_ktWUbuv03.jpg!m_fill,w_280,h_210,f_jpg?from=ke.com
20241029,朝阳,石佛营,101125702093,正规大三居 中高楼层 格局方正 视野无遮挡,499万,52554元/平,中楼层 (共21层) | 2000年 | 3室1厅 | 94.95平米 | 西南 北,https://ke-image.ljcdn.com/110000-inspection/pc1_dxLpCC0qT_1.jpg!m_fill,w_280,h_210,f_jpg?from=ke.com
20241029,朝阳,石佛营,101125689590,东岸 6号线地铁口 10平阳台宽敞大一居可两居,410万,54931元/平,底层 (共21层) | 2008年 | 1室1厅 | 74.64平米 | 东南,https://ke-image.ljcdn.com/110000-inspection/f775d505-5922-40c4-99a6-0a8267535032_1000.jpg!m_fill,w_280,h_210,f_jpg?from=ke.com
20241029,朝阳,石佛营,101125681591,东南朝向 正规一居 户型方正 采光好,290万,50744元/平,底层 (共28层) | 2004年 | 1室1厅 | 57.15平米 | 东南,https://ke-image.ljcdn.com/110000-inspection/b68d2129-5b71-4002-a969-b2f54385de67_1000.jpg!m_fill,w_280,h_210,f_jpg?from=ke.com
20241029,朝阳,石佛营,101125663186,迎曦园 满5年唯一 区域聚焦两居室 诚意急售,378万,46754元/平,底层 (共21层) 2室1厅 | 80.85平米 | 东,https://ke-image.ljcdn.com/110000-inspection/pc1_AAG1ipi69.jpg!m_fill,w_280,h_210,f_jpg?from=ke.com
20241029,朝阳,石佛营,101125661616,建委家属楼 满5年唯一 正规三居室 好房求关注,498万,50258元/平,高楼层 (共20层) 3室1厅 | 99.09平米 | 西 北,https://ke-image.ljcdn.com/110000-inspection/pc1_x8rYxMGnM.jpg!m_fill,w_280,h_210,f_jpg?from=ke.com
20241029,朝阳,石佛营,101125607477,此房满五年唯一 南北通透 4居室 双卫,405万,51917元/平,顶层 (共6层) | 1993年 | 3室1厅 | 78.01平米 | 南 北,https://ke-image.ljcdn.com/110000-inspection/70a8769f-33be-43dd-93eb-00bd6212d8ef_1000.jpg!m_fill,w_280,h_210,f_jpg?from=ke.com
20241029,朝阳,石佛营,101125600621,八里庄北里小区满五唯一南北通透采光充足,458万,61684元/平,顶层 (共6层) 3室1厅 | 74.25平米 | 南 北,https://ke-image.ljcdn.com/110000-inspection/acf65226-fa79-4b28-a13a-dd192fa2df61_1000.jpg!m_fill,w_280,h_210,f_jpg?from=ke.com
20241029,朝阳,石佛营,101125595589,石佛营东里105号院 2室1厅 南 北,385万,65779元/平,底层 (共6层) 2室1厅 | 58.53平米 | 南 北,https://ke-image.ljcdn.com/110000-inspection/87024a5a-8cb7-40b4-a56a-c662aec241f9_1000.jpg!m_fill,w_280,h_210,f_jpg?from=ke.com
20241029,朝阳,石佛营,101125581456,南北通透两居精装修无遮挡采光充足交通便利,330万,53808元/平,中楼层 (共6层) 2室1厅 | 61.33平米 | 南 北,https://ke-image.ljcdn.com/110000-inspection/eb7a5e23-3bea-4cc4-95ec-1525cdf72500_1000.jpg!m_fill,w_280,h_210,f_jpg?from=ke.com
20241029,朝阳,石佛营,101125566398,石佛营东里 新上南北两居室 不临街 无遮挡,295万,50213元/平,高楼层 (共6层) 2室1厅 | 58.75平米 | 南 北,https://ke-image.ljcdn.com/110000-inspection/26249d44-da18-4515-b02a-c99ae57942ca_1000.jpg!m_fill,w_280,h_210,f_jpg?from=ke.com
20241029,朝阳,石佛营,101125544701,高层 南北四居室 前后花园 元宝户型 户型方正,2600万,92941元/平,中楼层 (共17层) 4室2厅 | 279.75平米 | 南 北,https://ke-image.ljcdn.com/110000-inspection/3c5c602d-7be1-47b7-ba79-7376e4c27001_1000.jpg!m_fill,w_280,h_210,f_jpg?from=ke.com
20241029,朝阳,石佛营,101125531288,炫特嘉园二期满五唯一高楼层精装修,412万,68690元/平,高楼层 (共24层) | 2004年 | 1室1厅 | 59.98平米 | 西南,https://ke-image.ljcdn.com/110000-inspection/pc1_3vmUU3SMj_1.jpg!m_fill,w_280,h_210,f_jpg?from=ke.com
20241029,朝阳,石佛营,101125531118,商品房社区 中高楼层公摊小 实用面积更宽敞 有门禁房主自荐,569万,52135元/平,中楼层 (共21层) | 2005年 | 2室1厅 | 109.14平米 | 西南,https://ke-image.ljcdn.com/110000-inspection/pc1_zIFgt462R.jpg!m_fill,w_280,h_210,f_jpg?from=ke.com
20241029,朝阳,石佛营,101125447536,炫特区二次精装修两居中高楼层无遮挡落地窗,599万,62782元/平,中楼层 (共11层) | 2006年 | 2室1厅 | 95.41平米 | 南 北,https://ke-image.ljcdn.com/110000-inspection/a49cd037-c48d-45ea-b9fe-306cdd55c021_1000.jpg!m_fill,w_280,h_210,f_jpg?from=ke.com
20241029,朝阳,石佛营,101125427545,石佛营小区东里 南北通透一居室带电梯,220万,46591元/平,低楼层 (共13层) 1室1厅 | 47.22平米 | 南 北,https://ke-image.ljcdn.com/110000-inspection/f4bd818a-f44a-4bfc-9253-fa5e55062a37_1000.jpg!m_fill,w_280,h_210,f_jpg?from=ke.com
20241029,朝阳,石佛营,101125426864,中间楼层满五年看房方便诚心卖,218万,44563元/平,中楼层 (共6层) | 1994年 | 1室1厅 | 48.92平米 | 东 西,https://ke-image.ljcdn.com/110000-inspection/pc1_Sy794gJi3_1.jpg!m_fill,w_280,h_210,f_jpg?from=ke.com
20241029,朝阳,石佛营,101125414223,晨光家园C区 两梯两户 南北通透 双卫双南卧大三居,999万,65590元/平,低楼层 (共28层) | 2012年 | 3室2厅 | 152.31平米 | 南 北,https://ke-image.ljcdn.com/110000-inspection/pc1_fbVJjSQCY.jpg!m_fill,w_280,h_210,f_jpg?from=ke.com
20241029,朝阳,石佛营,101125399050,单独管理  南北通透双阳台  建成年代1996年,218万,48781元/平,高楼层 (共6层) | 1996年 | 1室1厅 | 44.69平米 | 南 北,https://ke-image.ljcdn.com/110000-inspection/6c06081f-969c-4ba2-bf44-c36f541e4059_1000.jpg!m_fill,w_280,h_210,f_jpg?from=ke.com
20241029,朝阳,石佛营,101125351786,炫特嘉园二期 满五年唯一 南向精装一居 高楼层房主自荐,300万,51090元/平,顶层 (共28层) | 2004年 | 1室1厅 | 58.72平米 | 南,https://ke-image.ljcdn.com/110000-inspection/a183fb83-0573-453b-a16e-590fba00da17_1000.jpg!m_fill,w_280,h_210,f_jpg?from=ke.com
20241029,朝阳,石佛营,101125307804,八里庄北里小区 2室1厅 南 北,289万,49495元/平,顶层 (共6层) 2室1厅 | 58.39平米 | 南 北,https://ke-image.ljcdn.com/110000-inspection/6e636aa9-392a-4c39-81f4-9975dc9165d7_1000.jpg!m_fill,w_280,h_210,f_jpg?from=ke.com
20241029,朝阳,石佛营,101125306329,炫特嘉园三期 南向一居 满5年唯一,470万,73842元/平,低楼层 (共22层) | 2006年 | 1室1厅 | 63.65平米 | 南,https://ke-image.ljcdn.com/110000-inspection/a5cc9ec8-3109-4099-b994-17171236679a_1000.jpg!m_fill,w_280,h_210,f_jpg?from=ke.com
20241029,朝阳,石佛营,101125298302,炫特嘉园一期 大面积 高楼层 满五年唯一 东向,275万,55377元/平,顶层 (共28层) | 2004年 | 1室0厅 | 49.66平米 | 东,https://ke-image.ljcdn.com/110000-inspection/pc1_DB3zhhcVD_1.jpg!m_fill,w_280,h_210,f_jpg?from=ke.com
20241029,朝阳,石佛营,101125263194,新上全南向一居室 落地窗视野好 无任何遮挡,335万,51476元/平,低楼层 (共28层) 1室1厅 | 65.08平米 | 南,https://ke-image.ljcdn.com/110000-inspection/66562918-f004-4cc2-8ea0-eab64225a552_1000.jpg!m_fill,w_280,h_210,f_jpg?from=ke.com
20241029,朝阳,石佛营,101125260816,南北通过 精装修一居 满5年唯一  好房求关注,390万,53454元/平,中楼层 (共14层) | 2006年 | 1室1厅 | 72.96平米 | 南 北,https://ke-image.ljcdn.com/110000-inspection/7f214394-aaed-4565-b997-a0255e2d5148_1000.jpg!m_fill,w_280,h_210,f_jpg?from=ke.com
20241029,朝阳,石佛营,101125228431,满5唯一 精装修30万+ 布局合理 视野采光好,285万,59129元/平,顶层 (共18层) | 2004年 | 1室1厅 | 48.2平米 | 西,https://ke-image.ljcdn.com/110000-inspection/65647a4a-209a-4281-8320-134ba83549b9_1000.jpg!m_fill,w_280,h_210,f_jpg?from=ke.com
20241029,朝阳,石佛营,101125202129,八里庄北里小区 南向 中间层 一居室 无遮挡,228万,45600元/平,低楼层 (共6层) | 1992年 | 1室1厅 | 50平米 | 南,https://ke-image.ljcdn.com/110000-inspection/f5c84ed6-6c2a-4be2-abc6-c160b357be60_1000.jpg!m_fill,w_280,h_210,f_jpg?from=ke.com
20241029,朝阳,石佛营,101125196787,炫特嘉园三期西南一居室满五唯一,358万,52324元/平,中楼层 (共23层) | 2006年 | 1室1厅 | 68.42平米 | 西南,https://ke-image.ljcdn.com/110000-inspection/50a92a16-709a-44a4-b142-54360dfc4501_1000.jpg!m_fill,w_280,h_210,f_jpg?from=ke.com
20241029,朝阳,石佛营,101125179310,公园1872元宝户型大四居前后花园景观好,2650万,91094元/平,中楼层 (共17层) 4室2厅 | 290.91平米 | 南 北,https://ke-image.ljcdn.com/110000-inspection/pc1_3kgBcZAqU.jpg!m_fill,w_280,h_210,f_jpg?from=ke.com
20241029,朝阳,石佛营,101125158474,二期正规一居室视野开阔 采光好,263万,49031元/平,顶层 (共28层) | 2004年 | 1室1厅 | 53.64平米 | 东北,https://ke-image.ljcdn.com/110000-inspection/d000ba08-f80f-481e-885a-15c49810a6e2_1000.jpg!m_fill,w_280,h_210,f_jpg?from=ke.com
20241029,朝阳,石佛营,101125120894,石佛营东里105号院  2层  南北通透 满五唯一,420万,71502元/平,低楼层 (共6层) 2室1厅 | 58.74平米 | 南 北,https://ke-image.ljcdn.com/110000-inspection/pc1_t552Vkqjz.jpg!m_fill,w_280,h_210,f_jpg?from=ke.com
20241029,朝阳,石佛营,101125077742,炫特嘉园三期 1室1厅 南,448万,61194元/平,高楼层 (共11层) | 2006年 | 1室1厅 | 73.21平米 | 南,https://ke-image.ljcdn.com/110000-inspection/f4c5c2b0-4242-419d-871b-33d90d4a8e3d_1000.jpg!m_fill,w_280,h_210,f_jpg?from=ke.com
20241029,朝阳,石佛营,101125033911,中间楼层正规一居户型方正有电梯1997年钢混,248万,49710元/平,低楼层 (共18层) | 1997年 | 1室1厅 | 49.89平米 | 南,https://ke-image.ljcdn.com/110000-inspection/e753fe95-08f4-4110-94c1-099050935278_1000.jpg!m_fill,w_280,h_210,f_jpg?from=ke.com
20241029,朝阳,石佛营,101125031602,此房满五年 没有增值税 户型方正 一梯三户的板楼,440万,55612元/平,顶层 (共11层) | 2004年 | 2室1厅 | 79.12平米 | 西,https://ke-image.ljcdn.com/110000-inspection/611fa026-aaae-4dc1-9fe8-865f4f648738_1000.jpg!m_fill,w_280,h_210,f_jpg?from=ke.com
20241029,朝阳,石佛营,101125031221,板楼南向两居室 一梯三户 利用充分 没遮挡,460万,56700元/平,顶层 (共11层) | 2004年 | 2室1厅 | 81.13平米 | 南,https://ke-image.ljcdn.com/110000-inspection/efde20b8-55ff-43ef-9e1f-988c7c86732a_1000.jpg!m_fill,w_280,h_210,f_jpg?from=ke.com
20241029,朝阳,石佛营,101124959828,明厨明卫、精装、有燃气不临街、商品房,200万,47631元/平,中楼层 (共18层) | 2004年 | 1室0厅 | 41.99平米 | 北,https://ke-image.ljcdn.com/110000-inspection/pc1_C615b5yAW_1.jpg!m_fill,w_280,h_210,f_jpg?from=ke.com
20241029,朝阳,石佛营,101124895432,2004年满五唯一户型方正无遮挡采光充足。房主自荐,330万,57512元/平,低楼层 (共18层) | 2004年 | 1室1厅 | 57.38平米 | 西,https://ke-image.ljcdn.com/110000-inspection/deb8eebc-48b5-4266-a17c-7b163da57d84_1000.jpg!m_fill,w_280,h_210,f_jpg?from=ke.com
20241029,朝阳,石佛营,101124829597,此房高楼层视野开阔无遮挡。满五唯一商品房房主自荐,385万,60317元/平,高楼层 (共28层) | 2004年 | 1室1厅 | 63.83平米 | 南,https://ke-image.ljcdn.com/110000-inspection/36c96db3-d593-4b80-ada7-a53d8c16972a_1000.jpg!m_fill,w_280,h_210,f_jpg?from=ke.com
20241029,朝阳,石佛营,101124825127,南北通透明厅户型大客厅带阳台前后无遮挡,439万,75703元/平,低楼层 (共6层) 2室1厅 | 57.99平米 | 南 北,https://ke-image.ljcdn.com/110000-inspection/151d60a3-95f1-4ebb-84c7-e1faa172164e_1000.jpg!m_fill,w_280,h_210,f_jpg?from=ke.com
20241029,朝阳,石佛营,101124824383,十里堡南区 采光好 楼龄新 近地铁 三居室,410万,54975元/平,高楼层 (共6层) | 1995年 | 3室1厅 | 74.58平米 | 南 北,https://ke-image.ljcdn.com/110000-inspection/365b54b0-a54c-45f8-b0f5-a1f6ba459af0_1000.jpg!m_fill,w_280,h_210,f_jpg?from=ke.com
20241029,朝阳,石佛营,101124806409,石佛营东里全南电梯房一居室户型方正格局好,270万,54458元/平,低楼层 (共18层) 1室1厅 | 49.58平米 | 南,https://ke-image.ljcdn.com/110000-inspection/3b7f5ce8-ebd7-473c-a093-468d1ded6449_1000.jpg!m_fill,w_280,h_210,f_jpg?from=ke.com
20241029,朝阳,石佛营,101124729863,小区中间前后花园中间楼层视野开阔无遮挡采光好,228万,47980元/平,中楼层 (共6层) 1室1厅 | 47.52平米 | 南 北,https://ke-image.ljcdn.com/110000-inspection/5cd7b00e-a92d-498c-b111-7382b677f789_1000.jpg!m_fill,w_280,h_210,f_jpg?from=ke.com
20241029,朝阳,石佛营,101124695353,公园1872高层南向两居室阳光充足双卧夹厅南向,1250万,102502元/平,高楼层 (共32层) | 2010年 | 2室1厅 | 121.95平米 | 南,https://ke-image.ljcdn.com/110000-inspection/pc1_tQgE43JXk.jpg!m_fill,w_280,h_210,f_jpg?from=ke.com
20241029,朝阳,石佛营,101124694038,南北通透业主自住精装修前后花园诚售,350万,61991元/平,底层 (共6层) 2室1厅 | 56.46平米 | 南 北,https://ke-image.ljcdn.com/110000-inspection/e06a6987-449a-43fd-9d51-a0957efd1484_1000.jpg!m_fill,w_280,h_210,f_jpg?from=ke.com
20241029,朝阳,石佛营,101124688038,晨光家园B区 南北通透大三居 满五唯一住房 诚意出,878万,65250元/平,低楼层 (共21层) | 2008年 | 3室2厅 | 134.56平米 | 南 北,https://ke-image.ljcdn.com/110000-inspection/4c66e20a-b945-4580-992c-6b3b2ef91cd2_1000.jpg!m_fill,w_280,h_210,f_jpg?from=ke.com
20241029,朝阳,石佛营,101124677335,93年楼龄通透两居室户型方正客厅可摆放沙发电,242万,37038元/平,顶层 (共6层) 2室1厅 | 65.34平米 | 东 西,https://ke-image.ljcdn.com/110000-inspection/pc1_qy5NPvByD.jpg!m_fill,w_280,h_210,f_jpg?from=ke.com
20241029,朝阳,石佛营,101124675513,南北通透格局方正精装修视野开阔采光充足,340万,58390元/平,低楼层 (共6层) 2室1厅 | 58.23平米 | 南 北,https://ke-image.ljcdn.com/110000-inspection/437aec24-f62b-451d-b156-11c5fa0d8032_1000.jpg!m_fill,w_280,h_210,f_jpg?from=ke.com
20241029,朝阳,石佛营,101124673658,酷特南北通透二居室 采光好 满五年唯一 独门独户房主自荐,536万,63523元/平,高楼层 (共21层) 2室1厅 | 84.38平米 | 南 北,https://ke-image.ljcdn.com/110000-inspection/8e6b0b2c-68a1-4b0d-8971-96168b673dd8_1000.jpg!m_fill,w_280,h_210,f_jpg?from=ke.com
20241029,朝阳,石佛营,101124606613,业主二次装修可拎包入住   满五年唯一  诚意卖,699万,78311元/平,低楼层 (共14层) | 2008年 | 2室1厅 | 89.26平米 | 南 北,https://ke-image.ljcdn.com/110000-inspection/99c9145e-cd29-4a91-8997-954bcfa431dc_1000.jpg!m_fill,w_280,h_210,f_jpg?from=ke.com
20241029,朝阳,石佛营,101124596223,带电梯可拎包入住满五唯一公积金可贷30年,245万,41540元/平,顶层 (共12层) | 1994年 | 1室2厅 | 58.98平米 | 东 北,https://ke-image.ljcdn.com/110000-inspection/55eb6c82-40b5-46e6-a39b-d229e6b3d7e0_1000.jpg!m_fill,w_280,h_210,f_jpg?from=ke.com
20241029,朝阳,石佛营,101124542996,户型方正 采光好 1992年钢混结构带电梯,368万,58478元/平,低楼层 (共13层) 2室1厅 | 62.93平米 | 南,https://ke-image.ljcdn.com/110000-inspection/ace7e566-2c81-4706-8af8-027288b98339_1000.jpg!m_fill,w_280,h_210,f_jpg?from=ke.com
20241029,朝阳,石佛营,101124534075,炫特嘉园三期南向一居  满五年唯一 次顶层视野佳,358万,51990元/平,高楼层 (共18层) | 2006年 | 1室1厅 | 68.86平米 | 南,https://ke-image.ljcdn.com/110000-inspection/pc1_VwiRRmlI8.jpg!m_fill,w_280,h_210,f_jpg?from=ke.com
20241029,朝阳,石佛营,101124515701,晨光家园B区 3室1厅 南 北,988万,74019元/平,中楼层 (共13层) | 2006年 | 3室1厅 | 133.48平米 | 南 北,https://ke-image.ljcdn.com/110000-inspection/20be9863-8d0e-42ac-8314-7ab0ca3a2481_1000.jpg!m_fill,w_280,h_210,f_jpg?from=ke.com
20241029,朝阳,石佛营,101124489795,公园1872五号楼西向一居室正对小区花园,850万,86304元/平,低楼层 (共32层) | 2011年 | 1室1厅 | 98.49平米 | 西,https://ke-image.ljcdn.com/110000-inspection/pc1_cR355PEqc.jpg!m_fill,w_280,h_210,f_jpg?from=ke.com
20241029,朝阳,石佛营,101124423494,东里中间层两居 东西通透 楼龄新 满五唯一,300万,51734元/平,中楼层 (共6层) 2室1厅 | 57.99平米 | 东 西,https://ke-image.ljcdn.com/110000-inspection/bbfbe614-b3ef-4a13-b263-126d983152ee_1000.jpg!m_fill,w_280,h_210,f_jpg?from=ke.com
20241029,朝阳,石佛营,101124350942,炫特区 板楼全南向一居室 无遮挡采光充足,320万,46539元/平,顶层 (共11层) | 2006年 | 1室1厅 | 68.76平米 | 南,https://ke-image.ljcdn.com/110000-inspection/c71e5db4-1f55-4ef2-9ad1-62d886c80770_1000.jpg!m_fill,w_280,h_210,f_jpg?from=ke.com
20241029,朝阳,石佛营,101124310015,公园1872西南景观三居室看红领巾公园跟朝阳公园,2050万,90841元/平,高楼层 (共32层) | 2011年 | 3室1厅 | 225.67平米 | 西南,https://ke-image.ljcdn.com/110000-inspection/pc1_eiJviPSzF_1.jpg!m_fill,w_280,h_210,f_jpg?from=ke.com
20241029,朝阳,石佛营,101124308827,十里堡北区 双地铁 配套齐 两大公园 3层 不临街 安静,299万,45761元/平,中楼层 (共6层) | 1993年 | 2室1厅 | 65.34平米 | 东 西,https://ke-image.ljcdn.com/110000-inspection/pc1_T7T8u5pFQ_1.jpg!m_fill,w_280,h_210,f_jpg?from=ke.com
20241029,朝阳,石佛营,101124273993,石佛营东里128号院 建委家属 楼全南 两居室,435万,55641元/平,低楼层 (共20层) 2室1厅 | 78.18平米 | 南,https://ke-image.ljcdn.com/110000-inspection/17f2dfe9-320f-4e9e-91a4-f04a2e31df83_1000.jpg!m_fill,w_280,h_210,f_jpg?from=ke.com
20241029,朝阳,石佛营,101124241513,八里庄北里小区 2室1厅 西,303万,45930元/平,中楼层 (共6层) | 1992年 | 2室1厅 | 65.97平米 | 西,https://ke-image.ljcdn.com/110000-inspection/01bf07cd-d195-4597-b057-34dc6c43faad_1000.jpg!m_fill,w_280,h_210,f_jpg?from=ke.com
20241029,朝阳,石佛营,101124204162,八里庄北里南北两居室 满五年唯一近地铁和公园,239万,44565元/平,顶层 (共6层) | 1982年 | 2室1厅 | 53.63平米 | 南 北,https://ke-image.ljcdn.com/110000-inspection/da8ec2b6-59cd-4499-8efc-1cf931491cbd_1000.jpg!m_fill,w_280,h_210,f_jpg?from=ke.com
20241029,朝阳,石佛营,101124189478,炫特嘉园二期 1室1厅 西北,310万,57836元/平,低楼层 (共28层) 1室1厅 | 53.6平米 | 西北,https://ke-image.ljcdn.com/110000-inspection/8e3745f2-5c99-4a3d-85ce-f23318dd5ebd_1000.jpg!m_fill,w_280,h_210,f_jpg?from=ke.com
20241029,朝阳,石佛营,101124165536,公园1872小区元宝户型南向两居室平墅质感,1200万,96386元/平,低楼层 (共32层) | 2010年 | 2室1厅 | 124.5平米 | 南,https://ke-image.ljcdn.com/110000-inspection/b88bb09a-5a04-4cca-bd81-dfb5aed4f82f_1000.jpg!m_fill,w_280,h_210,f_jpg?from=ke.com
20241029,朝阳,石佛营,101124140473,满5年 唯一住房 户型方正 没有遮挡采光好,439万,44660元/平,底层 (共21层) 2室2厅 | 98.3平米 | 西,https://ke-image.ljcdn.com/110000-inspection/pc1_2NCspFTyU_1.jpg!m_fill,w_280,h_210,f_jpg?from=ke.com
20241029,朝阳,石佛营,101124003661,2015年观景四居室业主换房诚意出售,2300万,73652元/平,低楼层 (共26层) | 2016年 | 4室2厅 | 312.28平米 | 东 南 西,https://ke-image.ljcdn.com/110000-inspection/1583b4da-c41a-46d1-9600-c5d50a49451c_1000.jpg!m_fill,w_280,h_210,f_jpg?from=ke.com
20241029,朝阳,石佛营,101124000238,小区中间位置 前后中式园林水系 独梯独户 使用面积大,1900万,113569元/平,低楼层 (共10层) | 2012年 | 3室2厅 | 167.3平米 | 南 北,https://ke-image.ljcdn.com/110000-inspection/pc1_nZQT7i2gW.jpg!m_fill,w_280,h_210,f_jpg?from=ke.com
20241029,朝阳,石佛营,101123977686,满五年唯一 高楼层落地窗 无遮挡 视野采光好,328万,51744元/平,高楼层 (共21层) | 2006年 | 1室1厅 | 63.39平米 | 南,https://ke-image.ljcdn.com/110000-inspection/33c56bd6-98e8-4655-8378-ea389e24fe6e_1000.jpg!m_fill,w_280,h_210,f_jpg?from=ke.com
20241029,朝阳,石佛营,101123972625,电梯房   满5唯一    东西通透房主自荐,365万,51752元/平,高楼层 (共12层) 2室1厅 | 70.53平米 | 东 西,https://ke-image.ljcdn.com/110000-inspection/pc1_ZzEXHtV7s.jpg!m_fill,w_280,h_210,f_jpg?from=ke.com
20241029,朝阳,石佛营,101123927417,公园1872高层景观西南三居室看小区园林跟公园,1750万,77927元/平,中楼层 (共32层) | 2011年 | 3室2厅 | 224.57平米 | 西南,https://ke-image.ljcdn.com/110000-inspection/pc1_LdXH8fU5W.jpg!m_fill,w_280,h_210,f_jpg?from=ke.com
20241029,朝阳,石佛营,101123887895,南北花园景观平视园区园林5+1户型,2600万,89246元/平,低楼层 (共18层) 5室2厅 | 291.33平米 | 南 北,https://ke-image.ljcdn.com/110000-inspection/d36d88d3-5d8f-45f3-9d09-e355647db276_1000.jpg!m_fill,w_280,h_210,f_jpg?from=ke.com
20241029,朝阳,石佛营,101123880746,满五唯一南北通透大三居高楼层视野采光俱佳,338万,47049元/平,顶层 (共6层) 3室1厅 | 71.84平米 | 南 北,https://ke-image.ljcdn.com/110000-inspection/7e657c51-4cc9-4652-aa8e-103126784b60_1000.jpg!m_fill,w_280,h_210,f_jpg?from=ke.com
20241029,朝阳,石佛营,101123835764,炫特区二次精装南向一居正对小区户型方正满五唯一,426万,60866元/平,低楼层 (共25层) | 2006年 | 1室1厅 | 69.99平米 | 南,https://ke-image.ljcdn.com/110000-inspection/e2eca4fa-64d1-4a0b-ad80-1cceedc2bda4_1000.jpg!m_fill,w_280,h_210,f_jpg?from=ke.com
20241029,朝阳,石佛营,101123750688,南北通透明厅格局精装视野开阔采光充足诚意出售,310万,49808元/平,顶层 (共6层) | 1994年 | 2室1厅 | 62.24平米 | 南 北,https://ke-image.ljcdn.com/110000-inspection/392d42a8-eb62-4140-8461-ad2d1c5a1f74_1000.jpg!m_fill,w_280,h_210,f_jpg?from=ke.com
20241029,朝阳,石佛营,101123712903,公园1872 观景房诚心出售,1250万,83206元/平,中楼层 (共32层) | 2011年 | 2室1厅 | 150.23平米 | 西北,https://ke-image.ljcdn.com/110000-inspection/e745c051-03cf-45c4-9c4f-3c60d9efe0ea_1000.jpg!m_fill,w_280,h_210,f_jpg?from=ke.com
20241029,朝阳,石佛营,101123645357,日月东华满五唯一户型方正三居室,558万,45843元/平,中楼层 (共21层) 3室1厅 | 121.72平米 | 西北,https://ke-image.ljcdn.com/110000-inspection/5e9c7f4e-bdbe-46d8-9722-504c18c3478e_1000.jpg!m_fill,w_280,h_210,f_jpg?from=ke.com
20241029,朝阳,石佛营,101123618604,八里庄北里 明厅一居室 1994年钢混  临公园地铁,214万,47918元/平,低楼层 (共12层) | 1994年 | 1室1厅 | 44.66平米 | 东,https://ke-image.ljcdn.com/110000-inspection/pc1_6F7bzCn1Y.jpg!m_fill,w_280,h_210,f_jpg?from=ke.com
20241029,朝阳,石佛营,101123541845,东向带燃气精装大一居 户型方正 采光充足 浪漫温馨,580万,86246元/平,低楼层 (共12层) | 2008年 | 1室1厅 | 67.25平米 | 东,https://ke-image.ljcdn.com/110000-inspection/pc1_00C0oG5Wh.jpg!m_fill,w_280,h_210,f_jpg?from=ke.com
20241029,朝阳,石佛营,101123534923,紫萝园 满五年唯一精装修看房方便诚心出售,436万,49166元/平,低楼层 (共21层) | 2001年 | 2室1厅 | 88.68平米 | 东 南,https://ke-image.ljcdn.com/110000-inspection/75985d42-e52c-4a36-a728-3c60a5245503_1000.jpg!m_fill,w_280,h_210,f_jpg?from=ke.com
20241029,朝阳,石佛营,101123452371,石佛营东里小区 姚家园路南侧 出行方便 满五唯一,215万,45629元/平,低楼层 (共12层) 1室1厅 | 47.12平米 | 东 西,https://ke-image.ljcdn.com/110000-inspection/4937c5a3-1e65-4ff0-8f98-cea367b80169_1000.jpg!m_fill,w_280,h_210,f_jpg?from=ke.com
20241029,朝阳,石佛营,101123441905,满五唯一东南向精装保养好中高层视野开阔,430万,58290元/平,中楼层 (共20层) | 2001年 | 2室1厅 | 73.77平米 | 东南,https://ke-image.ljcdn.com/110000-inspection/2dab0b1d-00b0-4072-b012-5466f63287ab_1000.jpg!m_fill,w_280,h_210,f_jpg?from=ke.com
20241029,朝阳,石佛营,101123414497,板楼三居  南北通透  近地铁  近公园  随时签约,920万,61928元/平,顶层 (共9层) | 2008年 | 3室1厅 | 148.56平米 | 南 北,https://ke-image.ljcdn.com/110000-inspection/pc1_cyTbdvS6b_1.jpg!m_fill,w_280,h_210,f_jpg?from=ke.com
20241029,朝阳,石佛营,101123376646,万科金阳国际公寓 70年商品房,520万,106340元/平,底层 (共4层) 2室1厅 | 48.9平米 | 南,https://ke-image.ljcdn.com/110000-inspection/cb1db9d5-4599-4b8f-a086-09b83ae33b71_1000.jpg!m_fill,w_280,h_210,f_jpg?from=ke.com
20241029,朝阳,石佛营,101123341432,南北通透两居室管理好采光好满五年唯一,338万,56645元/平,高楼层 (共6层) 2室1厅 | 59.67平米 | 南 北,https://ke-image.ljcdn.com/110000-inspection/a37a8ae9-a410-4f15-aff8-9b2709d06144_1000.jpg!m_fill,w_280,h_210,f_jpg?from=ke.com
20241029,朝阳,石佛营,101123337984,八里庄北里石佛营双地铁6号线3号线朝阳公园红领巾公园房主自荐,479万,55848元/平,高楼层 (共6层) | 1995年 | 3室1厅 | 85.77平米 | 南 北,https://ke-image.ljcdn.com/110000-inspection/b15e7f08-cd5a-421b-b8f3-9a66627a7f99_1000.jpg!m_fill,w_280,h_210,f_jpg?from=ke.com
20241029,朝阳,石佛营,101123302917,八里庄北里小区 户型方正 精装修 近地铁 有电梯房主自荐,399万,57452元/平,低楼层 (共18层) | 1988年 | 2室1厅 | 69.45平米 | 西南,https://ke-image.ljcdn.com/110000-inspection/pc1_ZQoy3BeHQ.jpg!m_fill,w_280,h_210,f_jpg?from=ke.com
20241029,朝阳,石佛营,101123184038,房子满五年唯一户型方正无浪费首套只有1%契税,375万,59158元/平,低楼层 (共25层) | 2006年 | 1室1厅 | 63.39平米 | 南,https://ke-image.ljcdn.com/110000-inspection/de2e1b15-678b-4ed4-90de-f10fee49a32e_1000.jpg!m_fill,w_280,h_210,f_jpg?from=ke.com
20241029,朝阳,石佛营,101123158832,日月东华西向一居满五唯一位置安静不临街。,318万,53999元/平,低楼层 (共21层) | 2000年 | 1室1厅 | 58.89平米 | 西,https://ke-image.ljcdn.com/110000-inspection/8d8da9c4-6ddc-4762-b8b3-fa64f0ea7277_1000.jpg!m_fill,w_280,h_210,f_jpg?from=ke.com
20241029,朝阳,石佛营,101123127951,晨光家园A区 5室2厅 西南,690万,44268元/平,高楼层 (共26层) | 2000年 | 5室2厅 | 155.87平米 | 西南,https://ke-image.ljcdn.com/110000-inspection/pc1_95bMyeQja.jpg!m_fill,w_280,h_210,f_jpg?from=ke.com
20241029,朝阳,石佛营,101123075156,观景房 满五唯一 精装两居 采光好 近地铁 随时看房,410万,55783元/平,顶层 (共18层) | 1997年 | 2室1厅 | 73.5平米 | 西南,https://ke-image.ljcdn.com/110000-inspection/c56d7e81-fa1e-4580-b4da-2f0594a43dac_1000.jpg!m_fill,w_280,h_210,f_jpg?from=ke.com
20241029,朝阳,石佛营,101123056707,小户型 满五唯一 精装修 拎包入住,268万,61328元/平,中楼层 (共22层) | 2004年 | 1室0厅 | 43.7平米 | 北,https://ke-image.ljcdn.com/110000-inspection/d9212b7f-c509-4582-8a46-1d4c93a07491_1000.jpg!m_fill,w_280,h_210,f_jpg?from=ke.com
20241029,朝阳,石佛营,101123051778,双地铁临朝阳公园精装修拎包入住,445万,49139元/平,低楼层 (共21层) | 2000年 | 2室1厅 | 90.56平米 | 东,https://ke-image.ljcdn.com/110000-inspection/pc1_wTjENi6em.jpg!m_fill,w_280,h_210,f_jpg?from=ke.com
20241029,朝阳,石佛营,101123039713,华业玫瑰郡 三居 满五年唯一 空间大,758万,80051元/平,低楼层 (共11层) | 2008年 | 3室1厅 | 94.69平米 | 东北,https://ke-image.ljcdn.com/110000-inspection/7ee0c495-1b39-4aad-a23d-d3180af2452a_1000.jpg!m_fill,w_280,h_210,f_jpg?from=ke.com
20241029,朝阳,石佛营,101123016325,满五唯一 板楼两居 南北通透 中间楼层  精装,660万,69176元/平,中楼层 (共11层) | 2006年 | 2室1厅 | 95.41平米 | 南 北,https://ke-image.ljcdn.com/110000-inspection/63fd6d87-a3e2-4861-9c0c-291e38b7aa0a_1000.jpg!m_fill,w_280,h_210,f_jpg?from=ke.com
20241029,朝阳,石佛营,101123010481,朝阳捷座  满五唯一商品房  封闭式管理  得房率81.8%,350万,59343元/平,高楼层 (共18层) | 2005年 | 1室1厅 | 58.98平米 | 北,https://ke-image.ljcdn.com/110000-inspection/pc1_yAcvNalZB.jpg!m_fill,w_280,h_210,f_jpg?from=ke.com
20241029,朝阳,石佛营,101122995043,满五年唯一商品房 南北通透大客厅明厅楼龄新,439万,75703元/平,中楼层 (共6层) | 1993年 | 2室1厅 | 57.99平米 | 南 北,https://ke-image.ljcdn.com/110000-inspection/a4d321d5-ce84-4608-82ec-078fe3aa0b60_1000.jpg!m_fill,w_280,h_210,f_jpg?from=ke.com
20241029,朝阳,石佛营,101122987086,满五唯一东南精装婚房电梯房高楼层视野好近地铁房主自荐,476万,52360元/平,顶层 (共18层) 2室2厅 | 90.91平米 | 东南 北,https://ke-image.ljcdn.com/110000-inspection/fef90b4d-dbe0-49b3-b2c6-39a1c2820bf2_1000.jpg!m_fill,w_280,h_210,f_jpg?from=ke.com
20241029,朝阳,石佛营,101122984946,石佛营东里 精装修三居 中间层 无遮挡 视野好,460万,44587元/平,中楼层 (共18层) 3室1厅 | 103.17平米 | 西 南 北,https://ke-image.ljcdn.com/110000-inspection/abf93bd7-2498-47d4-9f05-2ce39e550ca4_1000.jpg!m_fill,w_280,h_210,f_jpg?from=ke.com
20241029,朝阳,石佛营,101122969434,炫特嘉园三期南北通透一居室满五唯一看房方便房主自荐,363万,54752元/平,高楼层 (共18层) | 2006年 | 1室1厅 | 66.3平米 | 南 北,https://ke-image.ljcdn.com/110000-inspection/8ea274e0-8f4d-412e-942a-3d6e051c70eb_1000.jpg!m_fill,w_280,h_210,f_jpg?from=ke.com
20241029,朝阳,石佛营,101122961489,经典南向格局 视野开阔 采光充足 房主诚意出售,279万,60156元/平,中楼层 (共18层) | 2004年 | 1室0厅 | 46.38平米 | 南,https://ke-image.ljcdn.com/110000-inspection/72875dfc-113f-4c53-b172-93b8bcd4123a_1000.jpg!m_fill,w_280,h_210,f_jpg?from=ke.com
20241029,朝阳,石佛营,101122960783,石佛营西里小区 2层 满五年唯一 双阳台大一居,240万,49363元/平,低楼层 (共6层) | 1994年 | 1室1厅 | 48.62平米 | 东 西,https://ke-image.ljcdn.com/110000-inspection/f6a348b1-dd38-4a15-a8c1-714e3166fc3d_1000.jpg!m_fill,w_280,h_210,f_jpg?from=ke.com
20241029,朝阳,石佛营,101122917736,新上优质石佛营西里 三层好户型刚需客户来看,280万,57354元/平,中楼层 (共6层) | 1996年 | 1室1厅 | 48.82平米 | 南,https://ke-image.ljcdn.com/110000-inspection/55cbba02-ccc2-4f2b-acd2-6be63d822945_1000.jpg!m_fill,w_280,h_210,f_jpg?from=ke.com
20241029,朝阳,石佛营,101122817559,公园1872小区客厅挑高6米精装修四居室,2790万,88687元/平,中楼层 (共32层) | 2010年 | 4室2厅 | 314.59平米 | 南 西 北,https://ke-image.ljcdn.com/110000-inspection/474faf07-603a-4800-be79-0b8965b0d129_1000.jpg!m_fill,w_280,h_210,f_jpg?from=ke.com
20241029,朝阳,石佛营,101122782256,南北通透三居高楼层通风采光好诚意出售,313万,45621元/平,顶层 (共6层) | 1982年 | 3室1厅 | 68.61平米 | 南 北,https://ke-image.ljcdn.com/110000-inspection/pc1_74g7PMScA.jpg!m_fill,w_280,h_210,f_jpg?from=ke.com
20241029,朝阳,石佛营,101122714564,百万硬装 随时可看 地铁376米 2011年次新房,1260万,78184元/平,高楼层 (共32层) | 2011年 | 3室1厅 | 161.16平米 | 东北,https://ke-image.ljcdn.com/110000-inspection/cf049e02-ab32-44b1-9921-f5502a90bfcf_1000.jpg!m_fill,w_280,h_210,f_jpg?from=ke.com
20241029,朝阳,石佛营,101122697679,石佛营西里小区 低楼层 南北通透 诚意出售,319万,55306元/平,底层 (共6层) | 1995年 | 2室1厅 | 57.68平米 | 南 北,https://ke-image.ljcdn.com/110000-inspection/pc1_B3TbSHKmo.jpg!m_fill,w_280,h_210,f_jpg?from=ke.com
20241029,朝阳,石佛营,101122662543,满五唯一东南对花园视野采光没遮挡。,400万,66689元/平,高楼层 (共24层) | 2004年 | 1室1厅 | 59.98平米 | 东南,https://ke-image.ljcdn.com/110000-inspection/a60192cb-8459-46b2-86db-9ff3dbf95361_1000.jpg!m_fill,w_280,h_210,f_jpg?from=ke.com
20241029,朝阳,石佛营,101122540629,满五年91年建成小区管理好南北通透,217万,44614元/平,顶层 (共6层) | 1991年 | 1室1厅 | 48.64平米 | 南 北,https://ke-image.ljcdn.com/110000-inspection/5532fa08-230f-4bd4-ac14-bca0437e16a9_1000.jpg!m_fill,w_280,h_210,f_jpg?from=ke.com
20241029,朝阳,石佛营,101122530765,公园1872小区西向观景一居室,810万,82426元/平,中楼层 (共22层) | 2010年 | 1室1厅 | 98.27平米 | 西,https://ke-image.ljcdn.com/110000-inspection/0091a91e-7169-4ed8-b2a4-cf935bc24eaf_1000.jpg!m_fill,w_280,h_210,f_jpg?from=ke.com
20241029,朝阳,石佛营,101122495851,全明格局满五唯一商品房3号线地铁500米,429万,73221元/平,低楼层 (共6层) 2室1厅 | 58.59平米 | 南 北,https://ke-image.ljcdn.com/110000-inspection/70694ccd-4f58-4aa5-9a94-1077592a71d4_1000.jpg!m_fill,w_280,h_210,f_jpg?from=ke.com
20241029,朝阳,石佛营,101122482757,八里庄北里小区 1室1厅 南,220万,43180元/平,顶层 (共6层) | 1994年 | 1室1厅 | 50.95平米 | 南,https://ke-image.ljcdn.com/110000-inspection/pc1_IdXKMkG1P_1.jpg!m_fill,w_280,h_210,f_jpg?from=ke.com
20241029,朝阳,石佛营,101122466599,八里庄北里小区一居室业主诚意出售,179万,38257元/平,顶层 (共6层) | 1992年 | 1室1厅 | 46.79平米 | 西,https://ke-image.ljcdn.com/110000-inspection/4ee56cec-c9bc-432e-b01e-d777d92e5829_1000.jpg!m_fill,w_280,h_210,f_jpg?from=ke.com
20241029,朝阳,石佛营,101122417681,满五唯一 客厅大 朝南带阳台 南北通透 户型好 有门禁房主自荐,309万,52605元/平,顶层 (共6层) 2室1厅 | 58.74平米 | 南 北,https://ke-image.ljcdn.com/110000-inspection/87a078ff-bfdf-4470-b9b1-86850d057e72_1000.jpg!m_fill,w_280,h_210,f_jpg?from=ke.com
20241029,朝阳,石佛营,101122396366,晨光家园B区  纯板楼一梯两户 满五唯一 南北通透房主自荐,676万,84185元/平,中楼层 (共9层) | 2008年 | 2室1厅 | 80.3平米 | 东 南 北,https://ke-image.ljcdn.com/110000-inspection/203f988e-9bf3-4cd2-b25d-7da2ad76bdf2_1000.jpg!m_fill,w_280,h_210,f_jpg?from=ke.com
20241029,朝阳,石佛营,101122348492,万科金阳南北通透精装复式满五唯一70年产权住宅房主自荐,518万,104986元/平,顶层 (共4层) | 2008年 | 1室1厅 | 49.34平米 | 南 北,https://ke-image.ljcdn.com/110000-inspection/001e4a04-bf86-465d-88fa-7a83f88c14a9_1000.jpg!m_fill,w_280,h_210,f_jpg?from=ke.com
20241029,朝阳,石佛营,101122284918,西里二楼正南一居室户型方正采光充足,230万,46287元/平,低楼层 (共6层) | 1997年 | 1室1厅 | 49.69平米 | 南,https://ke-image.ljcdn.com/110000-inspection/dee023ad-5570-45dd-952e-d579c567c88c_1000.jpg!m_fill,w_280,h_210,f_jpg?from=ke.com
20241029,朝阳,石佛营,101122148330,非顶层南北通透 距离地铁十里堡站300米（高德地图）,208万,45555元/平,高楼层 (共6层) 1室1厅 | 45.66平米 | 南 北,https://ke-image.ljcdn.com/110000-inspection/9c15a2a4-d80c-42cd-bb26-62cb9d3c846b_1000.jpg!m_fill,w_280,h_210,f_jpg?from=ke.com
20241029,朝阳,石佛营,101122139307,石佛营东里105号院 1室1厅 南,228万,53799元/平,中楼层 (共6层) 1室1厅 | 42.38平米 | 南,https://ke-image.ljcdn.com/110000-inspection/a88799c2-2f2f-4967-ba3a-57b6b5b02e50_1000.jpg!m_fill,w_280,h_210,f_jpg?from=ke.com
20241029,朝阳,石佛营,101122120596,日月东华中间楼层户型方正满五年,349万,59264元/平,中楼层 (共21层) | 2000年 | 1室1厅 | 58.89平米 | 西,https://ke-image.ljcdn.com/110000-inspection/pc1_AuiZkMGV2_1.jpg!m_fill,w_280,h_210,f_jpg?from=ke.com
20241029,朝阳,石佛营,101122056343,满5年 唯一住房 双阳台 卧室双窗户 采光好,375万,64600元/平,低楼层 (共28层) | 2004年 | 1室1厅 | 58.05平米 | 西南,https://ke-image.ljcdn.com/110000-inspection/a540d935-473f-4e41-af30-5b99c125edc9_1000.jpg!m_fill,w_280,h_210,f_jpg?from=ke.com
20241029,朝阳,石佛营,101122004287,公园1872高层南北三居室可看红领巾公园湖面,2123.5万,81595元/平,高楼层 (共18层) 3室2厅 | 260.25平米 | 南 西 北,https://ke-image.ljcdn.com/110000-inspection/2067ab46-e149-4400-8319-e6cc8f574ab1_1000.jpg!m_fill,w_280,h_210,f_jpg?from=ke.com
20241029,朝阳,石佛营,101121988772,晨光家园A区 满五年唯一 全南向 采光好 精装修,399万,65080元/平,高楼层 (共26层) | 2002年 | 1室1厅 | 61.31平米 | 南,https://ke-image.ljcdn.com/110000-inspection/pc1_YF3t0RHge_1.jpg!m_fill,w_280,h_210,f_jpg?from=ke.com
20241029,朝阳,石佛营,101121986038,公园1872 满五年唯一 可观景  高层西南大两居室,1500万,98971元/平,高楼层 (共22层) | 2011年 | 2室1厅 | 151.56平米 | 西南,https://ke-image.ljcdn.com/110000-inspection/pc1_ZnMRL5I8w.jpg!m_fill,w_280,h_210,f_jpg?from=ke.com
20241029,朝阳,石佛营,101121985924,东向一居采光充足户型方正无浪费面积诚售房主自荐,530万,80352元/平,中楼层 (共11层) | 2008年 | 1室1厅 | 65.96平米 | 东,https://ke-image.ljcdn.com/110000-inspection/2176578f-8db6-42eb-9b69-0417c111fae4_1000.jpg!m_fill,w_280,h_210,f_jpg?from=ke.com
20241029,朝阳,石佛营,101121919769,公园1872小区经典小四居南北通透三个卧室朝南。,1650万,83435元/平,低楼层 (共32层) | 2010年 | 4室2厅 | 197.76平米 | 南 北,https://ke-image.ljcdn.com/110000-inspection/pc1_BwOqAHxol.jpg!m_fill,w_280,h_210,f_jpg?from=ke.com
20241029,朝阳,石佛营,101121889588,石佛营东里128号院 南向两居室  户型方正房主自荐,500万,63955元/平,底层 (共20层) 2室1厅 | 78.18平米 | 南,https://ke-image.ljcdn.com/110000-inspection/9ebc7016-91d9-4e7a-8edd-2994b01f8490_1000.jpg!m_fill,w_280,h_210,f_jpg?from=ke.com
20241029,朝阳,石佛营,101121601519,八里庄北里小区中间楼层采光好全南格局！,323万,55613元/平,中楼层 (共6层) | 1986年 | 2室1厅 | 58.08平米 | 南,https://ke-image.ljcdn.com/110000-inspection/56e14c2a-6d1d-4f50-8a04-ab939d935b76_1000.jpg!m_fill,w_280,h_210,f_jpg?from=ke.com
20241029,朝阳,石佛营,101121487541,精装修 满五唯一 高楼层 南北通透 视野开阔 正对花园,445万,67640元/平,高楼层 (共22层) | 2006年 | 1室1厅 | 65.79平米 | 北 南,https://ke-image.ljcdn.com/110000-inspection/a55b9e12-5fcb-4401-99b2-7969c25be575_1000.jpg!m_fill,w_280,h_210,f_jpg?from=ke.com
20241029,朝阳,石佛营,101121463137,东南一居仅契税 高层观景小区中间位置,378万,65117元/平,中楼层 (共28层) | 2004年 | 1室1厅 | 58.05平米 | 东南,https://ke-image.ljcdn.com/110000-inspection/3933cff1-f7ee-4cde-bcb3-52f1ef342ca5_1000.jpg!m_fill,w_280,h_210,f_jpg?from=ke.com
20241029,朝阳,石佛营,101121429182,满五唯一高层南向不临街采光好视野佳户型方正,358万,60341元/平,高楼层 (共28层) | 2004年 | 1室1厅 | 59.33平米 | 南,https://ke-image.ljcdn.com/110000-inspection/d528421b-73a7-4671-b26a-83ffdaf11d5d_1000.jpg!m_fill,w_280,h_210,f_jpg?from=ke.com
20241029,朝阳,石佛营,101121409784,满五唯一 有燃气大一居 精装修 人车分流品质社区,565万,84015元/平,顶层 (共12层) | 2008年 | 1室1厅 | 67.25平米 | 东,https://ke-image.ljcdn.com/110000-inspection/pc1_wgoeI8qVz_1.jpg!m_fill,w_280,h_210,f_jpg?from=ke.com
20241029,朝阳,石佛营,101121365103,八里庄北里小区 2室1厅 南 北,321万,49347元/平,底层 (共12层) 2室1厅 | 65.05平米 | 南 北,https://ke-image.ljcdn.com/110000-inspection/pc1_39ButD5Kc_1.jpg!m_fill,w_280,h_210,f_jpg?from=ke.com
20241029,朝阳,石佛营,101121267229,2001年松下彩管全南两居 精装婚房 带车位 楼下地铁口房主自荐,628万,67209元/平,低楼层 (共21层) | 2001年 | 2室1厅 | 93.44平米 | 南,https://ke-image.ljcdn.com/110000-inspection/38aba231-2697-4737-957b-5b838432b8f4_1000.jpg!m_fill,w_280,h_210,f_jpg?from=ke.com
20241029,朝阳,石佛营,101121220844,高楼层落地窗满五唯一户型好用景色优美房主自荐,305万,61779元/平,中楼层 (共28层) | 2004年 | 1室0厅 | 49.37平米 | 西,https://ke-image.ljcdn.com/110000-inspection/9165d6ae-a146-4985-b9de-0e9f6b28d06e_1000.jpg!m_fill,w_280,h_210,f_jpg?from=ke.com
20241029,朝阳,石佛营,101121137939,日月东华中间层大两居适合改善满五唯一,550万,54150元/平,中楼层 (共21层) | 2003年 | 2室1厅 | 101.57平米 | 西南,https://ke-image.ljcdn.com/110000-inspection/615d37b8-6779-4ed5-b548-a5000545af41_1000.jpg!m_fill,w_280,h_210,f_jpg?from=ke.com
20241029,朝阳,石佛营,101121112070,炫特嘉园二期满五唯一西南一居室户型方正,437万,75280元/平,低楼层 (共28层) | 2004年 | 1室1厅 | 58.05平米 | 西南,https://ke-image.ljcdn.com/110000-inspection/4f5403d3-a62e-4152-8d70-c9071b1eb769_1000.jpg!m_fill,w_280,h_210,f_jpg?from=ke.com
20241029,朝阳,石佛营,101121097660,此房精装修可以拎包入住格局设计合理视野开阔,412万,61356元/平,高楼层 (共25层) | 2006年 | 1室1厅 | 67.15平米 | 南 北,https://ke-image.ljcdn.com/110000-inspection/e3f355cb-68c4-4e9c-8343-255894e640a6_1000.jpg!m_fill,w_280,h_210,f_jpg?from=ke.com
20241029,朝阳,石佛营,101120942037,日月东华精装两居室满五唯一看房有钥匙,549万,52845元/平,低楼层 (共21层) 2室2厅 | 103.89平米 | 西,https://ke-image.ljcdn.com/110000-inspection/f6d3c166-96d5-43f0-b45c-357ce1d53f49_1000.jpg!m_fill,w_280,h_210,f_jpg?from=ke.com
20241029,朝阳,石佛营,101120854422,南北通透双阳台大两居 明厨明卫 高楼层视野采光好,410万,59611元/平,顶层 (共6层) | 1996年 | 2室1厅 | 68.78平米 | 南 北,https://ke-image.ljcdn.com/110000-inspection/2299d1e3-f473-4d02-8f03-f78a4a4e2217_1000.jpg!m_fill,w_280,h_210,f_jpg?from=ke.com
20241029,朝阳,石佛营,101120828742,满2年  正规两居室 钢混结构有电梯,279万,36730元/平,低楼层 (共12层) 2室1厅 | 75.96平米 | 西,https://ke-image.ljcdn.com/110000-inspection/58a8e0fa-836e-4c05-9ef6-12e36cca69ed_1000.jpg!m_fill,w_280,h_210,f_jpg?from=ke.com
20241029,朝阳,石佛营,101120740542,万科金阳 南北通透 把边户型 满五唯一70年产权住宅,608万,107232元/平,中楼层 (共4层) 2室1厅 | 56.7平米 | 南 北,https://ke-image.ljcdn.com/110000-inspection/249dd845-7673-48cb-846b-2627fcd05b26_1000.jpg!m_fill,w_280,h_210,f_jpg?from=ke.com
20241029,朝阳,石佛营,101120659942,炫特嘉园满两年诚意出售好出租,357万,62479元/平,低楼层 (共28层) | 2004年 | 1室1厅 | 57.14平米 | 西南,https://ke-image.ljcdn.com/110000-inspection/09e95b6f-c02c-45bd-ba72-a3e6565ed1a1_1000.jpg!m_fill,w_280,h_210,f_jpg?from=ke.com
20241029,朝阳,石佛营,101120546482,精致实用 双阳台设计 东南朝向 品质装修 阳光视野佳,450万,71931元/平,高楼层 (共28层) | 2004年 | 1室1厅 | 62.56平米 | 东南,https://ke-image.ljcdn.com/110000-inspection/05d6d736-4679-4c13-85b8-9695523c8f3a_1000.jpg!m_fill,w_280,h_210,f_jpg?from=ke.com
20241029,朝阳,石佛营,101120527215,东四环 净层高2.75米 业主换房 稳定出售 价格可以商量,300万,48702元/平,中楼层 (共6层) 2室1厅 | 61.6平米 | 南 北,https://ke-image.ljcdn.com/110000-inspection/86d7fd38-36eb-4235-8525-eb11c5eee5ea_1000.jpg!m_fill,w_280,h_210,f_jpg?from=ke.com
20241029,朝阳,石佛营,101120457766,晨光家园B区开间 满五唯一 采光好,385万,71575元/平,中楼层 (共18层) | 2007年 | 1室0厅 | 53.79平米 | 南,https://ke-image.ljcdn.com/110000-inspection/fd21da51-bc52-42d9-91e7-05d53d82028a_1000.jpg!m_fill,w_280,h_210,f_jpg?from=ke.com
20241029,朝阳,石佛营,101120332810,八里庄北里小区 3室1厅 南 北,530万,61743元/平,高楼层 (共12层) | 1997年 | 3室1厅 | 85.84平米 | 南 北,https://ke-image.ljcdn.com/110000-inspection/pc1_0400B6UYA_1.jpg!m_fill,w_280,h_210,f_jpg?from=ke.com
20241029,朝阳,石佛营,101120282346,晨光家园A区  全南向  满五唯一  精装  近地铁房主自荐,448万,58296元/平,高楼层 (共26层) 1室1厅 | 76.85平米 | 南,https://ke-image.ljcdn.com/110000-inspection/2ed6d27f-104e-4b30-a46e-ebfeb87f5f28_1000.jpg!m_fill,w_280,h_210,f_jpg?from=ke.com
20241029,朝阳,石佛营,101120262571,石佛营东里128号院 自住诚意出售,548万,55304元/平,中楼层 (共20层) 3室1厅 | 99.09平米 | 西北,https://ke-image.ljcdn.com/110000-inspection/5efb0bfc-2983-458f-bea6-9e8322674530_1000.jpg!m_fill,w_280,h_210,f_jpg?from=ke.com
20241029,朝阳,石佛营,101120228377,公园1872小区元宝户型四居室看房方便,2580万,89871元/平,中楼层 (共17层) | 2013年 | 4室2厅 | 287.08平米 | 南 北,https://ke-image.ljcdn.com/110000-inspection/4d2af47c-8a96-49c9-a2e6-f45e399e2457_1000.jpg!m_fill,w_280,h_210,f_jpg?from=ke.com
20241029,朝阳,石佛营,101120186009,炫特嘉园三期 1室1厅 南,399万,61169元/平,高楼层 (共21层) | 2006年 | 1室1厅 | 65.23平米 | 南,https://ke-image.ljcdn.com/110000-inspection/e0ca35e0-2ea0-4452-8a8b-07a112ecc582_1000.jpg!m_fill,w_280,h_210,f_jpg?from=ke.com
20241029,朝阳,石佛营,101120010275,公园1872小区西向高层开间,400万,59225元/平,高楼层 (共21层) | 2008年 | 1室0厅 | 67.54平米 | 西,https://ke-image.ljcdn.com/110000-inspection/850a6cc0-c891-4878-9f9b-d67191611f54_1000.jpg!m_fill,w_280,h_210,f_jpg?from=ke.com
20241029,朝阳,石佛营,101119579773,石佛营东里东向 精装一居客厅有阳台带电梯钢混结构房主自荐,338万,57690元/平,高楼层 (共18层) | 1997年 | 1室1厅 | 58.59平米 | 东,https://ke-image.ljcdn.com/110000-inspection/pc1_UeUVnqT1w_1.jpg!m_fill,w_280,h_210,f_jpg?from=ke.com
20241029,朝阳,石佛营,101119132920,公园1872 高层景观房 次新房 没怎么住过,2800万,91636元/平,高楼层 (共26层) | 2016年 | 4室1厅 | 305.56平米 | 东 南 西 北,https://ke-image.ljcdn.com/110000-inspection/pc1_cWlPLMduJ_1.jpg!m_fill,w_280,h_210,f_jpg?from=ke.com
20241029,朝阳,石佛营,101119119304,二层两居不临街无遮挡南北通透房主自荐,350万,55583元/平,低楼层 (共6层) | 1994年 | 2室1厅 | 62.97平米 | 南 北,https://ke-image.ljcdn.com/110000-inspection/bb53e8a5-845e-4bd7-bbe5-a807313d100f_1000.jpg!m_fill,w_280,h_210,f_jpg?from=ke.com
20241029,朝阳,石佛营,101118925858,满五年唯一南向一居室精装修采光视野好,780万,100361元/平,中楼层 (共12层) | 2008年 | 1室1厅 | 77.72平米 | 南,https://ke-image.ljcdn.com/110000-inspection/91c3566b-597c-4451-a759-cc0facb4bd60_1000.jpg!m_fill,w_280,h_210,f_jpg?from=ke.com
20241029,朝阳,石佛营,101118687993,八里庄北里 6号线十里堡 一居室 1995年,242万,46316元/平,顶层 (共6层) 1室1厅 | 52.25平米 | 南,https://ke-image.ljcdn.com/110000-inspection/49694de4-ee3c-4747-8903-754b9d6d2c5a_1000.jpg!m_fill,w_280,h_210,f_jpg?from=ke.com
20241029,朝阳,石佛营,101118650725,喜欢明厅的看过来  钢混结构  满五年唯一  99年建成,310万,50704元/平,低楼层 (共15层) 1室1厅 | 61.14平米 | 南 北,https://ke-image.ljcdn.com/110000-inspection/bc01c9ff-61fe-4a3d-b1d0-ceec47747096_1000.jpg!m_fill,w_280,h_210,f_jpg?from=ke.com
20241029,朝阳,石佛营,101118122786,华业玫瑰郡封闭式管理满五年唯一产权清晰无抵押,758万,85064元/平,中楼层 (共12层) | 2008年 | 2室1厅 | 89.11平米 | 东 西,https://ke-image.ljcdn.com/110000-inspection/071db345-70b9-493f-8537-113cc96c3ce1_1000.jpg!m_fill,w_280,h_210,f_jpg?from=ke.com
20241029,朝阳,石佛营,101117896210,炫特嘉园三期满五唯一开间业主诚意出售,235万,56342元/平,低楼层 (共25层) | 2006年 | 1室0厅 | 41.71平米 | 北,https://ke-image.ljcdn.com/110000-inspection/f6320f89-998a-4152-8c58-c485aa6e3b1e_1000.jpg!m_fill,w_280,h_210,f_jpg?from=ke.com
20241029,朝阳,石佛营,101117763800,八里庄北里全明电梯两居室   1994年钢混结构,360万,51043元/平,中楼层 (共12层) | 1994年 | 2室1厅 | 70.53平米 | 东 西,https://ke-image.ljcdn.com/110000-inspection/6db10b15-e6ff-4220-ad35-5fbd511497ea_1000.jpg!m_fill,w_280,h_210,f_jpg?from=ke.com
20241029,朝阳,石佛营,101117761466,万科金阳国际公寓 满五年唯一 高楼层 采光好,333万,67780元/平,顶层 (共19层) | 2008年 | 1室0厅 | 49.13平米 | 南,https://ke-image.ljcdn.com/110000-inspection/pc1_KDvBhDlYx_1.jpg!m_fill,w_280,h_210,f_jpg?from=ke.com
20241029,朝阳,石佛营,101117597524,东四环 八里庄北里小区 南北两居室 近地铁,340万,63457元/平,高楼层 (共6层) | 1981年 | 2室1厅 | 53.58平米 | 南 北,https://ke-image.ljcdn.com/110000-inspection/ff0b0d26-0a18-4b6b-945d-80d92ee2bcbc_1000.jpg!m_fill,w_280,h_210,f_jpg?from=ke.com
20241029,朝阳,石佛营,101117338961,公园1872小区南北通透四居室保养如新,2500万,89156元/平,低楼层 (共17层) 4室2厅 | 280.41平米 | 南 北,https://ke-image.ljcdn.com/110000-inspection/pc1_bEQu5ekfX_1.jpg!m_fill,w_280,h_210,f_jpg?from=ke.com
20241029,朝阳,石佛营,101117078368,八里庄北里东南北三居满五唯一费用低配套齐全,438万,54560元/平,高楼层 (共18层) | 1995年 | 3室1厅 | 80.28平米 | 东南 北,https://ke-image.ljcdn.com/110000-inspection/4175f7dc-ac82-48fe-9fa0-95016b3ee00e_1000.jpg!m_fill,w_280,h_210,f_jpg?from=ke.com
20241029,朝阳,石佛营,101114516956,公园1872西南两居室朝向好诚意出售,1190万,77439元/平,低楼层 (共22层) | 2011年 | 2室2厅 | 153.67平米 | 西南,https://ke-image.ljcdn.com/110000-inspection/pc1_8BX7xv02T_1.jpg!m_fill,w_280,h_210,f_jpg?from=ke.com
20241029,朝阳,石佛营,101127304740,炫特嘉园三期 北向开间 满5年唯一  好房求关注新上,229万,56266元/平,中楼层 (共23层) | 2006年 | 1室0厅 | 40.7平米 | 北,https://s1.ljcdn.com/pegasus/redskull/images/common/default_house_list.png?_v=202410161653269
20241029,朝阳,石佛营,101127299486,石佛营东里 满五唯一商品房 南北通透一居带电梯新上,210万,44473元/平,中楼层 (共13层) 1室1厅 | 47.22平米 | 南 北,https://s1.ljcdn.com/pegasus/redskull/images/common/default_house_list.png?_v=202410161653269
20241029,朝阳,石佛营,101127294770,酷特区 2室1厅 西南新上,510万,60434元/平,低楼层 (共24层) | 2006年 | 2室1厅 | 84.39平米 | 西南,https://s1.ljcdn.com/pegasus/redskull/images/common/default_house_list.png?_v=202410161653269
20241029,朝阳,石佛营,101127291219,八里庄北里小区 1室1厅 西,190万,38253元/平,顶层 (共6层) | 1994年 | 1室1厅 | 49.67平米 | 西,https://s1.ljcdn.com/pegasus/redskull/images/common/default_house_list.png?_v=202410161653269
20241029,朝阳,石佛营,101127275769,石佛营西里小区 2室1厅 南 北新上,330万,56305元/平,顶层 (共6层) 2室1厅 | 58.61平米 | 南 北,https://s1.ljcdn.com/pegasus/redskull/images/common/default_house_list.png?_v=202410161653269
20241029,朝阳,石佛营,101127261214,八里庄北里小区 2室1厅 北 南新上,260万,41362元/平,顶层 (共6层) 2室1厅 | 62.86平米 | 北 南,https://s1.ljcdn.com/pegasus/redskull/images/common/default_house_list.png?_v=202410161653269
20241029,朝阳,石佛营,101127253993,石佛营西里精装两居室 诚意出售新上,289万,45051元/平,中楼层 (共6层) 2室1厅 | 64.15平米 | 北 南,https://s1.ljcdn.com/pegasus/redskull/images/common/default_house_list.png?_v=202410161653269
20241029,朝阳,石佛营,101127206706,石佛营西里 南北通透两居  高楼层  视野好新上,260万,44921元/平,顶层 (共6层) | 1995年 | 2室1厅 | 57.88平米 | 南 北,https://s1.ljcdn.com/pegasus/redskull/images/common/default_house_list.png?_v=202410161653269
20241029,朝阳,石佛营,101127179016,石佛营东里小区 高楼层 通透一居室新上,285万,61635元/平,高楼层 (共6层) 1室1厅 | 46.24平米 | 东 西,https://s1.ljcdn.com/pegasus/redskull/images/common/default_house_list.png?_v=202410161653269
20241029,朝阳,石佛营,101127175348,采光好配套齐全交通便利南北通透户型方正,299万,48273元/平,中楼层 (共6层) 2室1厅 | 61.94平米 | 南 北,https://s1.ljcdn.com/pegasus/redskull/images/common/default_house_list.png?_v=202410161653269
20241029,朝阳,石佛营,101127173435,石佛营西里小区 2室1厅 西南,315万,51178元/平,顶层 (共18层) 2室1厅 | 61.55平米 | 西南,https://s1.ljcdn.com/pegasus/redskull/images/common/default_house_list.png?_v=202410161653269
20241029,朝阳,石佛营,101127157984,酷特华庭 精装修 高楼层 无遮挡 落地窗 拎包入住,370万,60409元/平,中楼层 (共24层) 1室1厅 | 61.25平米 | 南,https://s1.ljcdn.com/pegasus/redskull/images/common/default_house_list.png?_v=202410161653269
20241029,朝阳,石佛营,101127146747,炫特区 交易只有契税 双南向 落地大阳台 采光充足房主自荐,445万,59845元/平,中楼层 (共28层) | 2004年 | 2室1厅 | 74.36平米 | 南,https://s1.ljcdn.com/pegasus/redskull/images/common/default_house_list.png?_v=202410161653269
20241029,朝阳,石佛营,101127133033,晨光家园A区 1室1厅 南,440万,66007元/平,低楼层 (共26层) | 2000年 | 1室1厅 | 66.66平米 | 南,https://s1.ljcdn.com/pegasus/redskull/images/common/default_house_list.png?_v=202410161653269
20241029,朝阳,石佛营,101127084320,八里庄北里小区电梯房正规客厅诚意出售！,329万,48079元/平,中楼层 (共18层) | 1988年 | 2室1厅 | 68.43平米 | 东南,https://s1.ljcdn.com/pegasus/redskull/images/common/default_house_list.png?_v=202410161653269
20241029,朝阳,石佛营,101127084085,炫特嘉园三期 车位,20万,5813元/平,地下室 (共11层) 1室0厅 | 34.41平米 | 南,https://s1.ljcdn.com/pegasus/redskull/images/common/default_house_list.png?_v=202410161653269
20241029,朝阳,石佛营,101127078589,日月东华 3室2厅 东南 北,520万,42613元/平,高楼层 (共21层) 3室2厅 | 122.03平米 | 东南 北,https://s1.ljcdn.com/pegasus/redskull/images/common/default_house_list.png?_v=202410161653269
20241029,朝阳,石佛营,101127017561,润枫嘉尚小区高层优质房源！！！,119万,30089元/平,中楼层 (共18层) | 2010年 | 1室0厅 | 39.55平米 | 西,https://s1.ljcdn.com/pegasus/redskull/images/common/default_house_list.png?_v=202410161653269
20241029,朝阳,石佛营,101127015705,南北通透二居室 满五唯一 高楼层视野好 安静舒适,525万,65972元/平,高楼层 (共22层) 2室1厅 | 79.58平米 | 南 北,https://s1.ljcdn.com/pegasus/redskull/images/common/default_house_list.png?_v=202410161653269
20241029,朝阳,石佛营,101126934784,炫特嘉园三期 满5年唯一 西南向一居 好房求关注,375万,52514元/平,中楼层 (共21层) | 2006年 | 1室1厅 | 71.41平米 | 西南,https://s1.ljcdn.com/pegasus/redskull/images/common/default_house_list.png?_v=202410161653269
20241029,朝阳,石佛营,101126927585,石佛营西里小区 精装修 1999年钢混 南北通透,285万,53321元/平,低楼层 (共15层) | 1999年 | 1室1厅 | 53.45平米 | 南 北,https://s1.ljcdn.com/pegasus/redskull/images/common/default_house_list.png?_v=202410161653269
20241029,朝阳,石佛营,101126908205,特区808 3室1厅 西南 北,700万,46190元/平,低楼层 (共21层) 3室1厅 | 151.55平米 | 西南 北,https://s1.ljcdn.com/pegasus/redskull/images/common/default_house_list.png?_v=202410161653269
20241029,朝阳,石佛营,101126894955,石佛营西里小区 南向一居 户型好 采光好,220万,44816元/平,顶层 (共6层) | 1994年 | 1室1厅 | 49.09平米 | 南,https://s1.ljcdn.com/pegasus/redskull/images/common/default_house_list.png?_v=202410161653269
20241029,朝阳,石佛营,101126875338,日月东华 精装一居 满五年唯一商品房,320万,54164元/平,中楼层 (共21层) | 2000年 | 1室1厅 | 59.08平米 | 西,https://s1.ljcdn.com/pegasus/redskull/images/common/default_house_list.png?_v=202410161653269
20241029,朝阳,石佛营,101126807305,公园1872 2室1厅 东,1230万,84230元/平,中楼层 (共32层) | 2011年 | 2室1厅 | 146.03平米 | 东,https://s1.ljcdn.com/pegasus/redskull/images/common/default_house_list.png?_v=202410161653269
20241029,朝阳,石佛营,101126472373,八里庄北里小区 2室1厅 东 西,360万,60332元/平,高楼层 (共6层) 2室1厅 | 59.67平米 | 东 西,https://s1.ljcdn.com/pegasus/redskull/images/common/default_house_list.png?_v=202410161653269
20241029,朝阳,石佛营,101126450781,润枫嘉尚 1室1厅 南 西,200万,31878元/平,低楼层 (共18层) | 2010年 | 1室1厅 | 62.74平米 | 南 西,https://s1.ljcdn.com/pegasus/redskull/images/common/default_house_list.png?_v=202410161653269
20241029,朝阳,石佛营,101126398342,满五年高楼层视野宽阔采光充足配套设施齐全,439万,51370元/平,中楼层 (共20层) 2室2厅 | 85.46平米 | 西南,https://s1.ljcdn.com/pegasus/redskull/images/common/default_house_list.png?_v=202410161653269
20241029,朝阳,石佛营,101126332728,朝阳捷座 3室2厅 东北,580万,54085元/平,顶层 (共18层) | 2005年 | 3室2厅 | 107.24平米 | 东北,https://s1.ljcdn.com/pegasus/redskull/images/common/default_house_list.png?_v=202410161653269
20241029,朝阳,石佛营,101126308206,石佛营东里小区 1室1厅 南,249万,51940元/平,高楼层 (共6层) 1室1厅 | 47.94平米 | 南,https://s1.ljcdn.com/pegasus/redskull/images/common/default_house_list.png?_v=202410161653269
20241029,朝阳,石佛营,101126283969,炫特嘉园二期西南一居室小区中间位置,299万,52328元/平,低楼层 (共28层) 1室1厅 | 57.14平米 | 东南,https://s1.ljcdn.com/pegasus/redskull/images/common/default_house_list.png?_v=202410161653269
20241029,朝阳,石佛营,101126207979,公园1872观景四居室采光观景好,1460万,73827元/平,低楼层 (共32层) | 2010年 | 4室2厅 | 197.76平米 | 南 北,https://s1.ljcdn.com/pegasus/redskull/images/common/default_house_list.png?_v=202410161653269
20241029,朝阳,石佛营,101126187478,八里庄北里小区双南向主卧公园附近,360万,51836元/平,底层 (共18层) | 1988年 | 2室1厅 | 69.45平米 | 南 西,https://s1.ljcdn.com/pegasus/redskull/images/common/default_house_list.png?_v=202410161653269
20241029,朝阳,石佛营,101125871837,东四环 低单价 满五年 大两居 2000年,430万,41490元/平,底层 (共14层) 2室1厅 | 103.64平米 | 南 北,https://s1.ljcdn.com/pegasus/redskull/images/common/default_house_list.png?_v=202410161653269
20241029,朝阳,石佛营,101125806743,十里堡地铁口 50年产权 位置优越 需全款,172万,34407元/平,顶层 (共17层) | 2010年 | 1室1厅 | 49.99平米 | 南,https://s1.ljcdn.com/pegasus/redskull/images/common/default_house_list.png?_v=202410161653269
20241029,朝阳,石佛营,101125749850,炫特嘉园一期地铁6号线3号线中间朝阳公园红领巾公园,350万,60997元/平,中楼层 (共18层) | 2004年 | 1室1厅 | 57.38平米 | 西,https://s1.ljcdn.com/pegasus/redskull/images/common/default_house_list.png?_v=202410161653269
20241029,朝阳,石佛营,101125707867,招商公园地产三居双阳台明卫带储物间地暖人车分流,1350万,75809元/平,低楼层 (共32层) | 2011年 | 3室2厅 | 178.08平米 | 东北,https://s1.ljcdn.com/pegasus/redskull/images/common/default_house_list.png?_v=202410161653269
20241029,朝阳,石佛营,101125640055,满五唯一商品房全明格局东西通透2梯3户,780万,50617元/平,高楼层 (共14层) 3室2厅 | 154.1平米 | 东 西 北,https://s1.ljcdn.com/pegasus/redskull/images/common/default_house_list.png?_v=202410161653269
20241029,朝阳,石佛营,101125555612,公园1872小区观景1居室看小区园林保养好。,810万,82426元/平,中楼层 (共22层) | 2011年 | 1室1厅 | 98.27平米 | 西,https://s1.ljcdn.com/pegasus/redskull/images/common/default_house_list.png?_v=202410161653269
20241029,朝阳,石佛营,101125531311,万科金阳 1室0厅 南,295万,59935元/平,中楼层 (共19层) 1室0厅 | 49.22平米 | 南,https://s1.ljcdn.com/pegasus/redskull/images/common/default_house_list.png?_v=202410161653269
20241029,朝阳,石佛营,101125469264,润枫嘉尚 1室1厅 东,170万,36933元/平,中楼层 (共17层) | 2010年 | 1室1厅 | 46.03平米 | 东,https://s1.ljcdn.com/pegasus/redskull/images/common/default_house_list.png?_v=202410161653269
20241029,朝阳,石佛营,101125291673,润枫嘉尚十里堡地铁站 50年产权 位置优越 需全款,160万,34836元/平,高楼层 (共18层) | 2010年 | 1室0厅 | 45.93平米 | 西,https://s1.ljcdn.com/pegasus/redskull/images/common/default_house_list.png?_v=202410161653269
20241029,朝阳,石佛营,101125265297,公园1872 观景西边户四居室 业主诚意出售,1920万,85612元/平,低楼层 (共21层) | 2016年 | 4室2厅 | 224.27平米 | 南 西 北,https://s1.ljcdn.com/pegasus/redskull/images/common/default_house_list.png?_v=202410161653269
20241029,朝阳,石佛营,101124916985,润枫嘉尚 1室0厅 东,153万,33305元/平,中楼层 (共17层) | 2010年 | 1室0厅 | 45.94平米 | 东,https://s1.ljcdn.com/pegasus/redskull/images/common/default_house_list.png?_v=202410161653269
20241029,朝阳,石佛营,101124812886,此房满五唯一南北通透格局好视野宽阔采光充足,345万,57818元/平,高楼层 (共6层) 2室1厅 | 59.67平米 | 南 北,https://s1.ljcdn.com/pegasus/redskull/images/common/default_house_list.png?_v=202410161653269
20241029,朝阳,石佛营,101124686727,晨光家园A区 2室1厅 南,510万,63536元/平,高楼层 (共30层) | 1999年 | 2室1厅 | 80.27平米 | 南,https://s1.ljcdn.com/pegasus/redskull/images/common/default_house_list.png?_v=202410161653269
20241029,朝阳,石佛营,101124365121,炫特嘉园三期 车位,17.8万,5173元/平,地下室 (共11层) | 2006年 | 1室0厅 | 34.41平米 | 东 南 西 北,https://ke-image.ljcdn.com/110000-inspection/ae16fee66909bbfa100638584ed2bc17-048.jpg!m_fill,w_280,h_210,f_jpg?from=ke.com
20241029,朝阳,石佛营,101124327558,5唯一 交易只有契税 楼层高 视野好 采光充足,300万,52531元/平,高楼层 (共28层) | 2004年 | 1室1厅 | 57.11平米 | 东南,https://s1.ljcdn.com/pegasus/redskull/images/common/default_house_list.png?_v=202410161653269
20241029,朝阳,石佛营,101124324525,十里堡地铁站 八里庄北里中间层 南北两居 明厨明卫,330万,53278元/平,中楼层 (共6层) 2室1厅 | 61.94平米 | 南 北,https://s1.ljcdn.com/pegasus/redskull/images/common/default_house_list.png?_v=202410161653269
20241029,朝阳,石佛营,101124094554,十里堡晨光家园小区两居 满五唯一 诚意出售,489万,61696元/平,高楼层 (共28层) | 2000年 | 2室1厅 | 79.26平米 | 南,https://s1.ljcdn.com/pegasus/redskull/images/common/default_house_list.png?_v=202410161653269
20241029,朝阳,石佛营,101123902050,全南向开间 高层采光视野好 独立厨房卫生间 有燃气,258万,55917元/平,中楼层 (共18层) | 2004年 | 1室0厅 | 46.14平米 | 南,https://s1.ljcdn.com/pegasus/redskull/images/common/default_house_list.png?_v=202410161653269
20241029,朝阳,石佛营,101123885396,公园1872大两居室低层看树冠层欢迎带看,1150万,75559元/平,低楼层 (共32层) | 2011年 | 2室2厅 | 152.2平米 | 西北,https://s1.ljcdn.com/pegasus/redskull/images/common/default_house_list.png?_v=202410161653269
20241029,朝阳,石佛营,101123839716,满五年高楼层视野开阔采光充足无遮挡全南,620万,66353元/平,顶层 (共21层) | 2001年 | 2室1厅 | 93.44平米 | 南,https://s1.ljcdn.com/pegasus/redskull/images/common/default_house_list.png?_v=202410161653269
20241029,朝阳,石佛营,101123667692,电梯房东向无遮挡满五年成本价房无抵押产权清晰,338万,54817元/平,中楼层 (共12层) | 1994年 | 1室1厅 | 61.66平米 | 东,https://s1.ljcdn.com/pegasus/redskull/images/common/default_house_list.png?_v=202410161653269
20241029,朝阳,石佛营,101123602682,晨光家园B区  全南两居室  满五唯一 随时可签,718万,71146元/平,低楼层 (共21层) | 2008年 | 2室1厅 | 100.92平米 | 西南,https://s1.ljcdn.com/pegasus/redskull/images/common/default_house_list.png?_v=202410161653269
20241029,朝阳,石佛营,101123324279,保利东郡 车位,48万,12270元/平,地下室 | 2013年 | 1室0厅 | 39.12平米 | 东 西,https://ke-image.ljcdn.com/110000-inspection/e4958f445ac293a46e4f610f9062178b-071.jpg!m_fill,w_280,h_210,f_jpg?from=ke.com
20241029,朝阳,石佛营,101123298929,满五年近地铁采光好位置好不临街。,340万,53292元/平,高楼层 (共6层) 2室1厅 | 63.8平米 | 南 北,https://s1.ljcdn.com/pegasus/redskull/images/common/default_house_list.png?_v=202410161653269
20241029,朝阳,石佛营,101123251929,万科金阳精装修高层南向开间满五唯一视野无遮挡,308万,62412元/平,顶层 (共19层) 1室0厅 | 49.35平米 | 南,https://s1.ljcdn.com/pegasus/redskull/images/common/default_house_list.png?_v=202410161653269
20241029,朝阳,石佛营,101123141785,晨光家园A区 精装一居  中楼层 采光好 临地铁 近公园,380万,65733元/平,中楼层 (共26层) | 2000年 | 1室1厅 | 57.81平米 | 南,https://s1.ljcdn.com/pegasus/redskull/images/common/default_house_list.png?_v=202410161653269
20241029,朝阳,石佛营,101122697480,润枫嘉尚 1室0厅 北,160万,32071元/平,低楼层 (共17层) | 2010年 | 1室0厅 | 49.89平米 | 北,https://s1.ljcdn.com/pegasus/redskull/images/common/default_house_list.png?_v=202410161653269
20241029,朝阳,石佛营,101122581705,满五唯一 东西通透 70万精装修 可拎包入住低楼层,350万,70282元/平,底层 (共6层) 2室1厅 | 49.8平米 | 东 西,https://s1.ljcdn.com/pegasus/redskull/images/common/default_house_list.png?_v=202410161653269
20241029,朝阳,石佛营,101122080520,满五年唯一  西南向采光好 2001年2梯6户,480万,52084元/平,底层 (共21层) | 2001年 | 2室1厅 | 92.16平米 | 西南,https://s1.ljcdn.com/pegasus/redskull/images/common/default_house_list.png?_v=202410161653269
20241029,朝阳,石佛营,101121500703,华业玫瑰郡 车位,28万,5834元/平,地下室 (共14层) 1室0厅 | 48平米 | 西,https://ke-image.ljcdn.com/110000-inspection/0642084c657cfff500d055e33eb825bb-018.jpg!m_fill,w_280,h_210,f_jpg?from=ke.com
20241029,朝阳,石佛营,101120676096,炫特嘉园三期 车位,18.2万,5206元/平,地下室 (共11层) | 2006年 | 1室0厅 | 34.96平米 | 南,https://ke-image.ljcdn.com/110000-inspection/bfc7d414383756579801843cf593ec11-019.jpg!m_fill,w_280,h_210,f_jpg?from=ke.com
20241029,朝阳,石佛营,101120407973,晨光家园B区   一梯三户 诚意出售,285万,30371元/平,中楼层 (共9层) | 2008年 | 1室1厅 | 93.84平米 | 西,https://s1.ljcdn.com/pegasus/redskull/images/common/default_house_list.png?_v=202410161653269
20241029,朝阳,石佛营,101118021687,此房南北户型中高楼层视野开阔采光好,395万,63526元/平,高楼层 (共6层) | 1993年 | 2室1厅 | 62.18平米 | 南 北,https://s1.ljcdn.com/pegasus/redskull/images/common/default_house_list.png?_v=202410161653269
