20241029,海淀,苏州桥,101127183286,稻香园北社区中间楼层南向采光好配套齐全必看好房,540万,100186元/平,中楼层 (共6层) 2室1厅 | 53.9平米 | 南,https://ke-image.ljcdn.com/110000-inspection/pc1_KkyYrrAoQ_1.jpg!m_fill,w_280,h_210,f_jpg?from=ke.com
20241029,海淀,苏州桥,101127169856,苏州街77号价格低三居南北通透中间层不临街必看好房,549万,97169元/平,中楼层 (共6层) | 1980年 | 3室1厅 | 56.5平米 | 南 北,https://ke-image.ljcdn.com/110000-inspection/fbec809e-cd7e-4648-9f86-f9f1752798db_1000.jpg!m_fill,w_280,h_210,f_jpg?from=ke.com
20241029,海淀,苏州桥,101127045451,稻香园西里 精装修  东南向落地双阳台 室内宽敞明必看好房,758万,100080元/平,低楼层 (共18层) 3室1厅 | 75.74平米 | 东南,https://ke-image.ljcdn.com/110000-inspection/pc1_y8kuUDVTD.jpg!m_fill,w_280,h_210,f_jpg?from=ke.com
20241029,海淀,苏州桥,101126970216,三义庙北 教委的家属楼坡屋顶必看好房,305万,81118元/平,顶层 (共6层) 1室1厅 | 37.6平米 | 南,https://ke-image.ljcdn.com/110000-inspection/a056f9a0-379c-416f-a537-54ea27e2b89a_1000.jpg!m_fill,w_280,h_210,f_jpg?from=ke.com
20241029,海淀,苏州桥,101126949898,小南庄甲26号院满五年唯一苏州街苏州桥地铁必看好房,425万,84510元/平,顶层 (共5层) 2室1厅 | 50.29平米 | 南 北,https://ke-image.ljcdn.com/110000-inspection/8f27febf-1c80-476c-8658-fdab8be87b76_1000.jpg!m_fill,w_280,h_210,f_jpg?from=ke.com
20241029,海淀,苏州桥,101127128276,经贸委家属楼独立管理有门禁。户型好出房少。必看好房,1460万,99118元/平,中楼层 (共10层) | 1993年 | 3室2厅 | 147.3平米 | 东 南 北,https://ke-image.ljcdn.com/110000-inspection/4294a09b-5f13-46d8-b748-0b74bd526174_1000.jpg!m_fill,w_280,h_210,f_jpg?from=ke.com
20241029,海淀,苏州桥,101127098713,紫金庄园 2室1厅 南必看好房,480万,71249元/平,中楼层 (共22层) | 2000年 | 2室1厅 | 67.37平米 | 南,https://ke-image.ljcdn.com/110000-inspection/pc1_3otF1l29D_1.jpg!m_fill,w_280,h_210,f_jpg?from=ke.com
20241029,海淀,苏州桥,101127062681,中关村苏州桥紫金庄园西南向大一居 有电梯必看好房,438万,69031元/平,高楼层 (共22层) | 2000年 | 1室1厅 | 63.45平米 | 西南,https://ke-image.ljcdn.com/110000-inspection/pc1_tDDNceNkd_1.jpg!m_fill,w_280,h_210,f_jpg?from=ke.com
20241029,海淀,苏州桥,101126938191,小南庄社区央产大院南北通透诚意出售随时签约。必看好房,750万,82873元/平,顶层 (共6层) | 1993年 | 2室2厅 | 90.5平米 | 南 北,https://ke-image.ljcdn.com/110000-inspection/4bf44830-4d72-45fc-b9e9-d1e300aeee33_1000.jpg!m_fill,w_280,h_210,f_jpg?from=ke.com
20241029,海淀,苏州桥,101126927746,万泉 双卧朝南 大客厅 板楼南北通透 满五唯一精装,550万,87720元/平,顶层 (共6层) 2室1厅 | 62.7平米 | 南 北,https://ke-image.ljcdn.com/110000-inspection/pc1_xJgPuC133_1.jpg!m_fill,w_280,h_210,f_jpg?from=ke.com
20241029,海淀,苏州桥,101126860815,小南庄甲26号院满五年唯一苏州街苏州桥地铁必看好房,365万,91159元/平,顶层 (共5层) 1室1厅 | 40.04平米 | 南 北,https://ke-image.ljcdn.com/110000-inspection/pc1_dQotor7Vr_1.jpg!m_fill,w_280,h_210,f_jpg?from=ke.com
20241029,海淀,苏州桥,101126826337,小南庄 精装修两居 全明格局 中间楼层必看好房,499万,86333元/平,中楼层 (共6层) | 1982年 | 2室1厅 | 57.8平米 | 东 西,https://ke-image.ljcdn.com/110000-inspection/b2eeb358-3cfc-4f4e-adec-ef83ffac0400_1000.jpg!m_fill,w_280,h_210,f_jpg?from=ke.com
20241029,海淀,苏州桥,101126817832,小南庄社区西南向正规一居室随时签约 不临街,379万,89811元/平,高楼层 (共6层) | 1999年 | 1室1厅 | 42.2平米 | 南 西,https://ke-image.ljcdn.com/110000-inspection/pc1_Y5MeaNYfF_1.jpg!m_fill,w_280,h_210,f_jpg?from=ke.com
20241029,海淀,苏州桥,101126746030,倒座庙新上经典2居中间层出小区就是地铁必看好房,510万,97143元/平,中楼层 (共6层) | 1980年 | 2室1厅 | 52.5平米 | 南,https://ke-image.ljcdn.com/110000-inspection/pc1_olSw2LI6f_1.jpg!m_fill,w_280,h_210,f_jpg?from=ke.com
20241029,海淀,苏州桥,101126744251,中关村海淀南路24号院临地铁南北通透环境好可停车必看好房,650万,117329元/平,低楼层 (共6层) 2室1厅 | 55.4平米 | 南 北,https://ke-image.ljcdn.com/110000-inspection/pc1_iBsnqVwiK_1.jpg!m_fill,w_280,h_210,f_jpg?from=ke.com
20241029,海淀,苏州桥,101126643958,倒座庙 大两居 全明格局 有客厅 双阳台,515万,83374元/平,高楼层 (共6层) 2室1厅 | 61.77平米 | 东 西,https://ke-image.ljcdn.com/110000-inspection/pc1_MVUofEkaU_1.jpg!m_fill,w_280,h_210,f_jpg?from=ke.com
20241029,海淀,苏州桥,101126603360,海淀中关村稻香园西南大三居农行家属楼地铁16号线必看好房,1058万,99963元/平,高楼层 (共20层) | 1987年 | 3室1厅 | 105.84平米 | 南 北,https://ke-image.ljcdn.com/110000-inspection/pc1_s9Xx8b0VS_1.jpg!m_fill,w_280,h_210,f_jpg?from=ke.com
20241029,海淀,苏州桥,101126348143,小南庄社区 中间层 南北向 正规两居室随时签约！必看好房,568万,87628元/平,中楼层 (共6层) | 1995年 | 2室1厅 | 64.82平米 | 南 北,https://ke-image.ljcdn.com/110000-inspection/d017b1ee-eefb-4361-9c26-e63ed52c17bf_1000.jpg!m_fill,w_280,h_210,f_jpg?from=ke.com
20241029,海淀,苏州桥,101126259368,大河庄苑满五年唯一小区中间前后花园必看好房,1498万,119716元/平,低楼层 (共9层) 2室2厅 | 125.13平米 | 南 北,https://ke-image.ljcdn.com/110000-inspection/pc1_2MBh1Qbh5_1.jpg!m_fill,w_280,h_210,f_jpg?from=ke.com
20241029,海淀,苏州桥,101126183769,满五唯一南北通透双阳台采光好视野开阔精装修必看好房,1088万,97265元/平,中楼层 (共20层) | 1992年 | 3室1厅 | 111.86平米 | 东 南 北,https://ke-image.ljcdn.com/110000-inspection/pc1_ITYa8o6xn_1.jpg!m_fill,w_280,h_210,f_jpg?from=ke.com
20241029,海淀,苏州桥,101126070463,满五唯一商品房 高层无遮挡 苏州街地铁口 看房方便必看好房,885万,77810元/平,高楼层 (共18层) | 1998年 | 2室1厅 | 113.74平米 | 西北,https://ke-image.ljcdn.com/110000-inspection/pc1_JjTscDrpO_1.jpg!m_fill,w_280,h_210,f_jpg?from=ke.com
20241029,海淀,苏州桥,101125920691,海淀黄庄 苏州街 双地铁 南北通透3居 看房随时必看好房,730万,93470元/平,低楼层 (共12层) | 1985年 | 3室1厅 | 78.1平米 | 南 北,https://ke-image.ljcdn.com/110000-inspection/pc1_lfkY2OWpw_1.jpg!m_fill,w_280,h_210,f_jpg?from=ke.com
20241029,海淀,苏州桥,101125815864,稻香园南北通透两居室楼层好视野宽阔采光充足必看好房,555万,107330元/平,中楼层 (共5层) 2室1厅 | 51.71平米 | 南 北,https://ke-image.ljcdn.com/110000-inspection/pc1_jcYeZ4QMP_1.jpg!m_fill,w_280,h_210,f_jpg?from=ke.com
20241029,海淀,苏州桥,101125764151,稻香园 2室1厅 南 西 北必看好房,515万,88641元/平,低楼层 (共6层) | 1999年 | 2室1厅 | 58.1平米 | 南 西 北,https://ke-image.ljcdn.com/110000-inspection/pc1_piiNM8WIj_1.jpg!m_fill,w_280,h_210,f_jpg?from=ke.com
20241029,海淀,苏州桥,101125639034,海淀南路 三面采光 满五年单位分房一手业主必看好房,600万,98685元/平,中楼层 (共12层) 2室1厅 | 60.8平米 | 南 北,https://ke-image.ljcdn.com/110000-inspection/pc1_O23OGSlg9_1.jpg!m_fill,w_280,h_210,f_jpg?from=ke.com
20241029,海淀,苏州桥,101125439462,苏州桥 小南庄 楼龄新 1997年 看房方便必看好房,725万,81921元/平,中楼层 (共18层) | 1997年 | 3室1厅 | 88.5平米 | 西南,https://ke-image.ljcdn.com/110000-inspection/pc1_RogQNDzvO_1.jpg!m_fill,w_280,h_210,f_jpg?from=ke.com
20241029,海淀,苏州桥,101125410835,楼层高视野好朝南阳光足便宜精装修必看好房,410万,88078元/平,高楼层 (共18层) | 2004年 | 1室1厅 | 46.55平米 | 南,https://ke-image.ljcdn.com/110000-inspection/pc1_3OH8QF8nK_1.jpg!m_fill,w_280,h_210,f_jpg?from=ke.com
20241029,海淀,苏州桥,101125255615,王公坟社区   三层  南北三居室  不临街必看好房,630万,99842元/平,中楼层 (共6层) | 1991年 | 3室1厅 | 63.1平米 | 南 北,https://ke-image.ljcdn.com/110000-inspection/pc1_5qnJy79uk_1.jpg!m_fill,w_280,h_210,f_jpg?from=ke.com
20241029,海淀,苏州桥,101124847705,好房推选  带电梯 全明南向精装不临街 满五唯一必看好房,436万,86767元/平,中楼层 (共18层) 2室1厅 | 50.25平米 | 西南,https://ke-image.ljcdn.com/110000-inspection/pc1_6ENNnur9c_1.jpg!m_fill,w_280,h_210,f_jpg?from=ke.com
20241029,海淀,苏州桥,101124616526,苏州桥小南庄精装南北一居室 楼层好 不临街 诚售必看好房,429万,101901元/平,低楼层 (共6层) 1室1厅 | 42.1平米 | 南 北,https://ke-image.ljcdn.com/110000-inspection/pc1_hnLhb5XXn_1.jpg!m_fill,w_280,h_210,f_jpg?from=ke.com
20241029,海淀,苏州桥,101124383575,诚心出售 西南向 电梯房南向大客厅南向双阳台 观必看好房,899万,96563元/平,高楼层 (共16层) 2室1厅 | 93.1平米 | 西南,https://ke-image.ljcdn.com/110000-inspection/bd302a85-b5fa-458e-a0b6-0abf0ef39252_1000.jpg!m_fill,w_280,h_210,f_jpg?from=ke.com
20241029,海淀,苏州桥,101124184373,稻香园北社区南北通透两居室户型方正中低楼层必看好房,550万,94665元/平,低楼层 (共6层) | 1999年 | 2室1厅 | 58.1平米 | 南 北,https://ke-image.ljcdn.com/110000-inspection/ed0b390a-a865-4b05-b8fc-acfcdc1fe4a1_1000.jpg!m_fill,w_280,h_210,f_jpg?from=ke.com
20241029,海淀,苏州桥,101124119877,小南庄社区南北通透一居室户型好,498万,94498元/平,底层 (共6层) | 1993年 | 1室1厅 | 52.7平米 | 南 北,https://ke-image.ljcdn.com/110000-inspection/pc1_OsijRkCPT_1.jpg!m_fill,w_280,h_210,f_jpg?from=ke.com
20241029,海淀,苏州桥,101123744759,难得小三居苏州街双地铁出行方便电梯房户型方正必看好房,690万,89611元/平,中楼层 (共16层) 3室1厅 | 77平米 | 西北,https://ke-image.ljcdn.com/110000-inspection/pc1_4U8v2IF9m_1.jpg!m_fill,w_280,h_210,f_jpg?from=ke.com
20241029,海淀,苏州桥,101123579925,中关村苏州桥万泉庄中间层两居 南北通透 视野好必看好房,560万,90105元/平,低楼层 (共6层) 2室1厅 | 62.15平米 | 南 北,https://ke-image.ljcdn.com/110000-inspection/51cd79d3-60af-489b-891b-f322685dea5c_1000.jpg!m_fill,w_280,h_210,f_jpg?from=ke.com
20241029,海淀,苏州桥,101123512479,园林局家属楼 单独管理 南北通透 13.2平米大客厅房主自荐,620万,100978元/平,顶层 (共6层) | 1994年 | 2室1厅 | 61.4平米 | 南 西 北,https://ke-image.ljcdn.com/110000-inspection/pc1_D8SNVWK2o_1.jpg!m_fill,w_280,h_210,f_jpg?from=ke.com
20241029,海淀,苏州桥,101123399721,紫金庄园 交通方便 1998年房龄必看好房,506万,83928元/平,中楼层 (共22层) 2室1厅 | 60.29平米 | 东北,https://ke-image.ljcdn.com/110000-inspection/pc1_UNxyMtOOs_1.jpg!m_fill,w_280,h_210,f_jpg?from=ke.com
20241029,海淀,苏州桥,101122125027,稻香园南社区   电梯南北三居室    明厨明卫必看好房,850万,95367元/平,低楼层 (共16层) 3室1厅 | 89.13平米 | 南 北,https://ke-image.ljcdn.com/110000-inspection/pc1_MrrNN3u8b_1.jpg!m_fill,w_280,h_210,f_jpg?from=ke.com
20241029,海淀,苏州桥,101121343742,稻香园西里 带电梯 三居 满五唯一精装修 高楼层视野好房主自荐,666万,92500元/平,顶层 (共18层) | 1999年 | 3室1厅 | 72平米 | 西南,https://ke-image.ljcdn.com/110000-inspection/pc1_UKvLR48yy_1.jpg!m_fill,w_280,h_210,f_jpg?from=ke.com
20241029,海淀,苏州桥,101121174944,诚心出售 南向大一居 电梯房采光好观西山视野好,560万,99733元/平,中楼层 (共16层) 1室1厅 | 56.15平米 | 南,https://ke-image.ljcdn.com/110000-inspection/pc1_w9ANzJiPl_1.jpg!m_fill,w_280,h_210,f_jpg?from=ke.com
20241029,海淀,苏州桥,101120167652,万泉 小南庄 带电梯 大两居 双南向 满五唯一商品房房主自荐,965万,106583元/平,低楼层 (共12层) 2室2厅 | 90.54平米 | 南 北,https://ke-image.ljcdn.com/110000-inspection/2a38a043-99c6-40b8-a25c-7ccdda036425_1000.jpg!m_fill,w_280,h_210,f_jpg?from=ke.com
20241029,海淀,苏州桥,101119804654,南向观景一居 7.3平米客厅 高层电梯直达 采光好房主自荐,418万,96536元/平,高楼层 (共16层) | 1986年 | 1室1厅 | 43.3平米 | 南 北,https://ke-image.ljcdn.com/110000-inspection/0c899759-5739-4d17-a593-fdca2f0a1a09_1000.jpg!m_fill,w_280,h_210,f_jpg?from=ke.com
20241029,海淀,苏州桥,101119624435,外交部家属院福利分房板楼低层两居可看可谈急售必看好房,660万,119134元/平,低楼层 (共6层) 2室1厅 | 55.4平米 | 南 北,https://ke-image.ljcdn.com/110000-inspection/pc1_Yj9jcgsdY_1.jpg!m_fill,w_280,h_210,f_jpg?from=ke.com
20241029,海淀,苏州桥,101118142575,武警家属楼大客厅明厅采光视野好3阳台带上下水必看好房,720万,80673元/平,中楼层 (共6层) 3室1厅 | 89.25平米 | 东 西,https://ke-image.ljcdn.com/110000-inspection/pc1_pAxMPGdLw_1.jpg!m_fill,w_280,h_210,f_jpg?from=ke.com
20241029,海淀,苏州桥,101113517982,长远天地 配套齐全 交通便利 诚心出售,860万,74653元/平,低楼层 (共21层) | 2003年 | 2室2厅 | 115.2平米 | 东,https://ke-image.ljcdn.com/110000-inspection/pc1_6xocHhEfQ_1.jpg!m_fill,w_280,h_210,f_jpg?from=ke.com
20241029,海淀,苏州桥,101110906510,满五年唯一朝南向一居室诚心出售,440万,97996元/平,中楼层 (共16层) 1室1厅 | 44.9平米 | 南,https://ke-image.ljcdn.com/110000-inspection/d3255dc7-7837-41a7-8395-2b1da67b6005_1000.jpg!m_fill,w_280,h_210,f_jpg?from=ke.com
20241029,海淀,苏州桥,101127114713,倒座庙 南北向两居 明厨明卫 中间楼层 门口地铁必看好房,515万,87735元/平,中楼层 (共6层) | 1980年 | 2室1厅 | 58.7平米 | 南 北,https://ke-image.ljcdn.com/110000-inspection/pc1_7dxhCFRXF_1.jpg!m_fill,w_280,h_210,f_jpg?from=ke.com
20241029,海淀,苏州桥,101127032565,纽约客 70年loft上下两层 楼龄新 停车方便房主自荐,430万,74835元/平,中楼层 (共15层) | 2007年 | 1室1厅 | 57.46平米 | 西北,https://ke-image.ljcdn.com/110000-inspection/pc1_FH7Xhk3mm_1.jpg!m_fill,w_280,h_210,f_jpg?from=ke.com
20241029,海淀,苏州桥,101126976155,小南庄新区 中间层优质两居室 看房随时,555万,84155元/平,中楼层 (共6层) | 1994年 | 2室1厅 | 65.95平米 | 南 北 西,https://ke-image.ljcdn.com/110000-inspection/pc1_O9VGEjfVG_1.jpg!m_fill,w_280,h_210,f_jpg?from=ke.com
20241029,海淀,苏州桥,101126656134,中湾国际 南向一居室 中间楼层 采光无遮挡停车方便必看好房,375万,88444元/平,中楼层 (共19层) | 2009年 | 1室0厅 | 42.4平米 | 南,https://ke-image.ljcdn.com/110000-inspection/03d99fbc-5d91-4610-a16c-e5e4ae85449c_1000.jpg!m_fill,w_280,h_210,f_jpg?from=ke.com
20241029,海淀,苏州桥,101126416357,中关村 复式两居精装修有燃气南北通透必看好房,616万,83799元/平,中楼层 (共10层) | 2008年 | 2室1厅 | 73.51平米 | 南 北,https://ke-image.ljcdn.com/110000-inspection/pc1_octG25U2K_1.jpg!m_fill,w_280,h_210,f_jpg?from=ke.com
20241029,海淀,苏州桥,101126222065,三面观景  稻香园西里 带电梯 南北通透 全明格局必看好房,675万,84165元/平,顶层 (共14层) | 1990年 | 3室1厅 | 80.2平米 | 南 北,https://ke-image.ljcdn.com/110000-inspection/pc1_ybCaU0HgF_1.jpg!m_fill,w_280,h_210,f_jpg?from=ke.com
20241029,海淀,苏州桥,101126197597,海淀南路 2室1厅 南 北,530万,87604元/平,中楼层 (共12层) | 1985年 | 2室1厅 | 60.5平米 | 南 北,https://ke-image.ljcdn.com/110000-inspection/1733c13e-0326-4d75-a6fc-71eff94b5cf2_1000.jpg!m_fill,w_280,h_210,f_jpg?from=ke.com
20241029,海淀,苏州桥,101125999822,10号线16号线苏州街换乘站精准一居室必看好房,460万,87470元/平,高楼层 (共20层) | 2008年 | 1室0厅 | 52.59平米 | 南,https://ke-image.ljcdn.com/110000-inspection/pc1_ED3HOpSpy_1.jpg!m_fill,w_280,h_210,f_jpg?from=ke.com
20241029,海淀,苏州桥,101125952888,南北通透 高层带电梯 明厨明卫 采光充足 客厅宽敞房主自荐,746万,93018元/平,高楼层 (共14层) | 1987年 | 3室1厅 | 80.2平米 | 南 北,https://ke-image.ljcdn.com/110000-inspection/pc1_KGVeE6vaZ_1.jpg!m_fill,w_280,h_210,f_jpg?from=ke.com
20241029,海淀,苏州桥,101125879500,小南庄 双南向两居室 业主诚意出售,569万,90175元/平,低楼层 (共16层) | 1986年 | 2室1厅 | 63.1平米 | 南,https://ke-image.ljcdn.com/110000-inspection/pc1_rR1etT8Bm_1.jpg!m_fill,w_280,h_210,f_jpg?from=ke.com
20241029,海淀,苏州桥,101125634965,万泉庄小区 南北通透 不临街 无遮挡,469万,78167元/平,顶层 (共6层) 2室1厅 | 60平米 | 南 北,https://ke-image.ljcdn.com/110000-inspection/pc1_ibZBljZNe_1.jpg!m_fill,w_280,h_210,f_jpg?from=ke.com
20241029,海淀,苏州桥,101124574914,小区是正规70年产权的商品房小区 民水民电必看好房,698万,85824元/平,中楼层 (共22层) 1室1厅 | 81.33平米 | 东 西,https://ke-image.ljcdn.com/110000-inspection/pc1_foYbJOMDt_1.jpg!m_fill,w_280,h_210,f_jpg?from=ke.com
20241029,海淀,苏州桥,101123048069,商品房南北通透户型方正业主诚意出售必看好房,520万,89501元/平,中楼层 (共6层) | 1999年 | 2室1厅 | 58.1平米 | 南 北,https://ke-image.ljcdn.com/110000-inspection/pc1_NMB2bZPww_1.jpg!m_fill,w_280,h_210,f_jpg?from=ke.com
20241029,海淀,苏州桥,101122440240,小南庄社区东西向三居室明厨明卫,598万,81140元/平,顶层 (共6层) | 1982年 | 3室1厅 | 73.7平米 | 东 西,https://ke-image.ljcdn.com/110000-inspection/pc1_6sCW38Sam.jpg!m_fill,w_280,h_210,f_jpg?from=ke.com
20241029,海淀,苏州桥,101121651933,中湾国际一室一厅高楼层视野好满五唯一价格可谈必看好房,429万,65188元/平,高楼层 (共19层) | 2009年 | 1室1厅 | 65.81平米 | 北,https://ke-image.ljcdn.com/110000-inspection/pc1_ny3AtYXqc_1.jpg!m_fill,w_280,h_210,f_jpg?from=ke.com
20241029,海淀,苏州桥,101120128089,榆树林 复式三居视野开阔采光充足前后无遮挡必看好房,880万,70120元/平,顶层 (共6层) | 2000年 | 3室1厅 | 125.5平米 | 东南 北,https://ke-image.ljcdn.com/110000-inspection/pc1_efBVrNVi3_1.jpg!m_fill,w_280,h_210,f_jpg?from=ke.com
20241029,海淀,苏州桥,101119652980,西里双南两居 有电梯 不临街高楼层视野好产权干净必看好房,565万,90691元/平,高楼层 (共14层) | 1987年 | 2室1厅 | 62.3平米 | 西南,https://ke-image.ljcdn.com/110000-inspection/079213a0-20b9-45e7-8b96-424bed81f610_1000.jpg!m_fill,w_280,h_210,f_jpg?from=ke.com
20241029,海淀,苏州桥,101119355159,小南庄 南北向 半地下大一居 采光好诚心卖 小区中间必看好房,258万,44065元/平,地下室 (共6层) 1室1厅 | 58.55平米 | 南 北,https://ke-image.ljcdn.com/110000-inspection/644ab25e-d64d-4416-9234-3f202928d0a0_1000.jpg!m_fill,w_280,h_210,f_jpg?from=ke.com
20241029,海淀,苏州桥,101119348841,小南庄社区 优质好房 诚心出售 南北通透 户型方正,398万,70145元/平,地下室 (共6层) | 1994年 | 1室1厅 | 56.74平米 | 南 北,https://ke-image.ljcdn.com/110000-inspection/e8406200-40e6-4ef3-8c61-c88ffee54533_1000.jpg!m_fill,w_280,h_210,f_jpg?from=ke.com
20241029,海淀,苏州桥,101117613617,八一中学家属院 管理好 人文好,800万,116128元/平,高楼层 (共6层) 3室1厅 | 68.89平米 | 南 北,https://ke-image.ljcdn.com/110000-inspection/pc1_QajV9YCQA_1.jpg!m_fill,w_280,h_210,f_jpg?from=ke.com
20241029,海淀,苏州桥,101127091739,中关村公馆 1室0厅 东必看好房,225万,54879元/平,高楼层 (共15层) | 2009年 | 1室0厅 | 41平米 | 东,https://s1.ljcdn.com/pegasus/redskull/images/common/default_house_list.png?_v=202410161653269
20241029,海淀,苏州桥,101127254775,2层楼梯舒适区南北通透明厨明卫格局方正双地铁新上,560万,93179元/平,低楼层 (共6层) 2室1厅 | 60.1平米 | 北 南,https://ke-image.ljcdn.com/110000-inspection/pc1_M4S3aV4xc.jpg!m_fill,w_280,h_210,f_jpg?from=ke.com
20241029,海淀,苏州桥,101127235655,苏州桥紫金庄园东向大两居户型方正视野开阔新上,985万,64889元/平,中楼层 (共22层) 2室1厅 | 151.8平米 | 东,https://ke-image.ljcdn.com/110000-inspection/pc1_fLo0yFFew_1.jpg!m_fill,w_280,h_210,f_jpg?from=ke.com
20241029,海淀,苏州桥,101127234919,海淀南路小区 近地铁 满五唯一 南向采光好 不临街新上,780万,103890元/平,中楼层 (共16层) 3室1厅 | 75.08平米 | 南,https://ke-image.ljcdn.com/110000-inspection/pc1_PBPNLRVol_1.jpg!m_fill,w_280,h_210,f_jpg?from=ke.com
20241029,海淀,苏州桥,101127210846,小南庄社区 1室1厅 东新上,420万,73685元/平,顶层 (共6层) | 1998年 | 1室1厅 | 57平米 | 东,https://ke-image.ljcdn.com/110000-inspection/pc1_MRRXbxoxz_1.jpg!m_fill,w_280,h_210,f_jpg?from=ke.com
20241029,海淀,苏州桥,101127203038,中关村小南庄社区 中间层 南北向三居室 随时签约新上,750万,94745元/平,中楼层 (共6层) | 2000年 | 3室1厅 | 79.16平米 | 南 北,https://ke-image.ljcdn.com/110000-inspection/pc1_dTzDwtelV_1.jpg!m_fill,w_280,h_210,f_jpg?from=ke.com
20241029,海淀,苏州桥,101127200828,稻香园小区  人民银行家属楼  管理好 视野好新上,786万,90658元/平,高楼层 (共16层) 2室1厅 | 86.7平米 | 东北,https://ke-image.ljcdn.com/110000-inspection/10022814-982a-462b-b2a0-e6bbc652a743_1000.jpg!m_fill,w_280,h_210,f_jpg?from=ke.com
20241029,海淀,苏州桥,101127190973,稻香园 2室1厅 东新上,478万,91782元/平,顶层 (共10层) 2室1厅 | 52.08平米 | 东,https://ke-image.ljcdn.com/110000-inspection/pc1_6jCQka8tA.jpg!m_fill,w_280,h_210,f_jpg?from=ke.com
20241029,海淀,苏州桥,101127188783,苏州桥 紫金庄园2000年大三居 业主诚心出售房主自荐,1250万,98271元/平,高楼层 (共22层) | 1999年 | 3室1厅 | 127.2平米 | 西南,https://ke-image.ljcdn.com/110000-inspection/pc1_P6CDuS51Q_1.jpg!m_fill,w_280,h_210,f_jpg?from=ke.com
20241029,海淀,苏州桥,101127184140,三义庙北 南北通透两居室 视野无遮挡新上,448万,80000元/平,顶层 (共6层) 2室1厅 | 56平米 | 南 北,https://ke-image.ljcdn.com/110000-inspection/ab3cdab9-45dc-44a0-8c90-18de219a56c3_1000.jpg!m_fill,w_280,h_210,f_jpg?from=ke.com
20241029,海淀,苏州桥,101127150215,稻香园西里 精装修两居室 业主自住,600万,96619元/平,低楼层 (共14层) | 1987年 | 2室1厅 | 62.1平米 | 南 北,https://ke-image.ljcdn.com/110000-inspection/62ce16c7-6caf-4c9e-b8af-c04d68da0749_1000.jpg!m_fill,w_280,h_210,f_jpg?from=ke.com
20241029,海淀,苏州桥,101127112199,长远天地 1室1厅 东,805万,69879元/平,中楼层 (共21层) | 2003年 | 1室1厅 | 115.2平米 | 东,https://ke-image.ljcdn.com/110000-inspection/pc1_1ANOmR65X_1.jpg!m_fill,w_280,h_210,f_jpg?from=ke.com
20241029,海淀,苏州桥,101127077820,小南庄 两居室 精装可拎包入住安静宜居,545万,84209元/平,高楼层 (共6层) | 1995年 | 2室1厅 | 64.72平米 | 南 北,https://ke-image.ljcdn.com/110000-inspection/pc1_oMvOaV8YM.jpg!m_fill,w_280,h_210,f_jpg?from=ke.com
20241029,海淀,苏州桥,101126973709,海淀南路  新上  南北两居室   精装修,620万,95239元/平,低楼层 (共6层) 2室1厅 | 65.1平米 | 南 北,https://ke-image.ljcdn.com/110000-inspection/pc1_v9BhFtOuD_1.jpg!m_fill,w_280,h_210,f_jpg?from=ke.com
20241029,海淀,苏州桥,101126955790,中关村苏州桥小南庄中间层南向一居,450万,98018元/平,低楼层 (共6层) 1室1厅 | 45.91平米 | 南,https://ke-image.ljcdn.com/110000-inspection/pc1_3weTEJ9BX_1.jpg!m_fill,w_280,h_210,f_jpg?from=ke.com
20241029,海淀,苏州桥,101126937640,三义庙北 院内可以停车田字格三居室,630万,90129元/平,高楼层 (共6层) 3室1厅 | 69.9平米 | 南 北,https://ke-image.ljcdn.com/110000-inspection/e17e0418-0204-4a84-9bb0-6ea6b5eb79c9_1000.jpg!m_fill,w_280,h_210,f_jpg?from=ke.com
20241029,海淀,苏州桥,101126903616,三义庙北 满五年唯一 东西双阳台,470万,70056元/平,高楼层 (共6层) | 1995年 | 2室1厅 | 67.09平米 | 东 西,https://ke-image.ljcdn.com/110000-inspection/cb5d109e-07e1-482a-a9f6-53ff276ae96d_1000.jpg!m_fill,w_280,h_210,f_jpg?from=ke.com
20241029,海淀,苏州桥,101126891946,万泉庄两居 东西向 安静不临街 满五唯一精装修采光,575万,92296元/平,顶层 (共6层) | 1991年 | 2室1厅 | 62.3平米 | 东 西,https://ke-image.ljcdn.com/110000-inspection/4a78228e-96cf-4296-ba47-d6b251cceff3_1000.jpg!m_fill,w_280,h_210,f_jpg?from=ke.com
20241029,海淀,苏州桥,101126870726,小南庄社区 2室1厅 东 西,636万,110802元/平,底层 (共6层) | 1994年 | 2室1厅 | 57.4平米 | 东 西,https://ke-image.ljcdn.com/110000-inspection/9911fe91-7d3b-4074-b9f1-37719b20943b_1000.jpg!m_fill,w_280,h_210,f_jpg?from=ke.com
20241029,海淀,苏州桥,101126857152,三义庙北 明厨明卫南向一居室不临街,369万,82367元/平,高楼层 (共6层) 1室1厅 | 44.8平米 | 南,https://ke-image.ljcdn.com/110000-inspection/pc1_71i1ArbdW_1.jpg!m_fill,w_280,h_210,f_jpg?from=ke.com
20241029,海淀,苏州桥,101126832700,小南庄社区 中间楼层 带电梯 视野好 诚心出售,990万,95431元/平,中楼层 (共18层) | 1997年 | 3室1厅 | 103.74平米 | 西北,https://ke-image.ljcdn.com/110000-inspection/a18992d7-dd5e-46c8-a15d-b5daf4748500_1000.jpg!m_fill,w_280,h_210,f_jpg?from=ke.com
20241029,海淀,苏州桥,101126824289,海淀南路满五年唯一不临街明厨明卫有电梯诚心卖,626万,102961元/平,中楼层 (共16层) 2室1厅 | 60.8平米 | 东,https://ke-image.ljcdn.com/110000-inspection/pc1_3OKkj09XI_1.jpg!m_fill,w_280,h_210,f_jpg?from=ke.com
20241029,海淀,苏州桥,101126778101,万泉庄北社区中间楼层南北通透一居,450万,98254元/平,低楼层 (共6层) 1室1厅 | 45.8平米 | 南 北,https://ke-image.ljcdn.com/110000-inspection/pc1_fYgAtsJJh_1.jpg!m_fill,w_280,h_210,f_jpg?from=ke.com
20241029,海淀,苏州桥,101126760197,中关村小南庄社区 不临街南北通透正规一居室随时签约,398万,82676元/平,高楼层 (共6层) 1室1厅 | 48.14平米 | 南 北,https://ke-image.ljcdn.com/110000-inspection/pc1_OFJNdYe0N_1.jpg!m_fill,w_280,h_210,f_jpg?from=ke.com
20241029,海淀,苏州桥,101126731880,小南庄社区正规两居室诚意出售随时签约,399万,77778元/平,顶层 (共6层) | 1980年 | 2室1厅 | 51.3平米 | 东 北,https://ke-image.ljcdn.com/110000-inspection/pc1_7BKD1PlCh_1.jpg!m_fill,w_280,h_210,f_jpg?from=ke.com
20241029,海淀,苏州桥,101126706981,小南庄新区 小区改造完成 可以贷款30年,550万,89330元/平,高楼层 (共6层) | 1993年 | 2室1厅 | 61.57平米 | 南 西 北,https://ke-image.ljcdn.com/110000-inspection/d36ad103-dd1c-4eb3-a835-208406c5e5a6_1000.jpg!m_fill,w_280,h_210,f_jpg?from=ke.com
20241029,海淀,苏州桥,101126629090,小南庄社区楼龄新两居室大客厅房主自荐,750万,88884元/平,高楼层 (共18层) | 1997年 | 2室1厅 | 84.38平米 | 东,https://ke-image.ljcdn.com/110000-inspection/33409157-bcc4-4f57-bc2d-2dad86219baf_1000.jpg!m_fill,w_280,h_210,f_jpg?from=ke.com
20241029,海淀,苏州桥,101126616496,房子户型方正西南北三面采光安静不临街板楼中间,1020万,102637元/平,中楼层 (共6层) 3室1厅 | 99.38平米 | 南 北,https://ke-image.ljcdn.com/110000-inspection/pc1_cnsJENgp4.jpg!m_fill,w_280,h_210,f_jpg?from=ke.com
20241029,海淀,苏州桥,101126588675,稻香园 2室1厅 南 北,668万,112477元/平,中楼层 (共6层) 2室1厅 | 59.39平米 | 南 北,https://ke-image.ljcdn.com/110000-inspection/pc1_gWxJg4AYD_1.jpg!m_fill,w_280,h_210,f_jpg?from=ke.com
20241029,海淀,苏州桥,101126572424,万泉庄两居 楼层好 位置佳 无遮挡,588万,94080元/平,低楼层 (共6层) 2室1厅 | 62.5平米 | 南 北,https://ke-image.ljcdn.com/110000-inspection/pc1_vN7YeeZIL_1.jpg!m_fill,w_280,h_210,f_jpg?from=ke.com
20241029,海淀,苏州桥,101126529375,长远天地 70年住宅 大户型 高楼层 采光视野好,1700万,54914元/平,高楼层 (共21层) 4室2厅 | 309.58平米 | 西南,https://ke-image.ljcdn.com/110000-inspection/pc1_0J6reGbkf_1.jpg!m_fill,w_280,h_210,f_jpg?from=ke.com
20241029,海淀,苏州桥,101126526252,大河庄苑又名紫金长河商品房社区。,1660万,120282元/平,高楼层 (共16层) 3室1厅 | 138.01平米 | 西南,https://ke-image.ljcdn.com/110000-inspection/9db55352-41cc-4c0a-b4c9-126ba0de0903_1000.jpg!m_fill,w_280,h_210,f_jpg?from=ke.com
20241029,海淀,苏州桥,101126506866,楼中宅院枢纽居所：大宅门可望可及后花园宜家,1760万,90746元/平,低楼层 (共22层) 4室2厅 | 193.95平米 | 东 西,https://ke-image.ljcdn.com/110000-inspection/pc1_33uKushSv_1.jpg!m_fill,w_280,h_210,f_jpg?from=ke.com
20241029,海淀,苏州桥,101126490484,小南庄社区   人民大学西门,495万,94593元/平,低楼层 (共6层) 1室1厅 | 52.33平米 | 南 北,https://ke-image.ljcdn.com/110000-inspection/pc1_hjMGajVVO_1.jpg!m_fill,w_280,h_210,f_jpg?from=ke.com
20241029,海淀,苏州桥,101126465047,不满二年个shui一个点不占用可迁出中间层两居,590万,99612元/平,低楼层 (共6层) 2室1厅 | 59.23平米 | 南 北,https://ke-image.ljcdn.com/110000-inspection/dcbd4207-adb9-4a0f-8e22-4e516e792ef4_1000.jpg!m_fill,w_280,h_210,f_jpg?from=ke.com
20241029,海淀,苏州桥,101126450857,中关村苏州桥紫金庄园西南向大一居 有电梯,500万,78803元/平,中楼层 (共22层) | 2000年 | 1室1厅 | 63.45平米 | 西南,https://ke-image.ljcdn.com/110000-inspection/pc1_FUtIaTGgl_1.jpg!m_fill,w_280,h_210,f_jpg?from=ke.com
20241029,海淀,苏州桥,101126411731,苏州街 海淀黄庄 双地铁 南向2居 采光好户型方正,600万,108500元/平,低楼层 (共12层) | 1985年 | 2室1厅 | 55.3平米 | 南,https://ke-image.ljcdn.com/110000-inspection/pc1_KeCJ9jvwh_1.jpg!m_fill,w_280,h_210,f_jpg?from=ke.com
20241029,海淀,苏州桥,101126407460,万泉庄小区全明格局精装修南北向两居室临近小区入口,599万,92154元/平,顶层 (共6层) 2室1厅 | 65平米 | 南 北,https://ke-image.ljcdn.com/110000-inspection/pc1_rusSrJ7pJ_1.jpg!m_fill,w_280,h_210,f_jpg?from=ke.com
20241029,海淀,苏州桥,101126402054,居家生活四代同堂小区中间有车位业主诚心卖,2450万,117970元/平,低楼层 (共11层) | 2004年 | 4室2厅 | 207.68平米 | 南 北,https://ke-image.ljcdn.com/110000-inspection/pc1_vGsC3rr1E_1.jpg!m_fill,w_280,h_210,f_jpg?from=ke.com
20241029,海淀,苏州桥,101126380621,苏州桥 人民大学 紫金庄园 2000年楼龄 大三居,1150万,63960元/平,低楼层 (共22层) 3室1厅 | 179.8平米 | 西,https://ke-image.ljcdn.com/110000-inspection/pc1_AEB6wQuGY_1.jpg!m_fill,w_280,h_210,f_jpg?from=ke.com
20241029,海淀,苏州桥,101126376553,海淀南路 1室1厅 南,510万,106162元/平,低楼层 (共16层) 1室1厅 | 48.04平米 | 南,https://ke-image.ljcdn.com/110000-inspection/pc1_5arubSGGI_1.jpg!m_fill,w_280,h_210,f_jpg?from=ke.com
20241029,海淀,苏州桥,101126345934,小南庄甲26号院  公积金可以贷款30年,498万,80845元/平,顶层 (共6层) 2室1厅 | 61.6平米 | 南 北,https://ke-image.ljcdn.com/110000-inspection/pc1_X32TqmkJ2_1.jpg!m_fill,w_280,h_210,f_jpg?from=ke.com
20241029,海淀,苏州桥,101126313922,海淀南路高层视野好精装修交通便利临近八一使用率高,660万,116608元/平,高楼层 (共12层) 2室1厅 | 56.6平米 | 南,https://ke-image.ljcdn.com/110000-inspection/pc1_96tMwsbbd_1.jpg!m_fill,w_280,h_210,f_jpg?from=ke.com
20241029,海淀,苏州桥,101126283538,海淀南路 3室1厅 东北,690万,100466元/平,顶层 (共16层) 3室1厅 | 68.68平米 | 东北,https://ke-image.ljcdn.com/110000-inspection/pc1_NtZJ8CIHg_1.jpg!m_fill,w_280,h_210,f_jpg?from=ke.com
20241029,海淀,苏州桥,101126273179,小南庄甲26号院1996年房龄使用面积多5平米房主自荐,499万,99225元/平,顶层 (共5层) 2室1厅 | 50.29平米 | 南,https://ke-image.ljcdn.com/110000-inspection/f6fd4351-b6e0-4ab4-acb0-b0f67716b457_1000.jpg!m_fill,w_280,h_210,f_jpg?from=ke.com
20241029,海淀,苏州桥,101126255699,海淀南路 2室1厅 东南,685万,111819元/平,中楼层 (共16层) 2室1厅 | 61.26平米 | 东南,https://ke-image.ljcdn.com/110000-inspection/pc1_XnN20FFbk_1.jpg!m_fill,w_280,h_210,f_jpg?from=ke.com
20241029,海淀,苏州桥,101126250927,稻香园 满五年 看房方便有钥匙 诚心出售,470万,84685元/平,顶层 (共6层) | 1986年 | 2室1厅 | 55.5平米 | 南,https://ke-image.ljcdn.com/110000-inspection/pc1_A02MzBFxO_1.jpg!m_fill,w_280,h_210,f_jpg?from=ke.com
20241029,海淀,苏州桥,101126248161,海淀南路 塔楼有电梯 双南两居室 双线地铁 随时签,598万,93540元/平,低楼层 (共16层) 2室1厅 | 63.93平米 | 南,https://ke-image.ljcdn.com/110000-inspection/bf0d4442-9d73-45f5-8fdf-97bbc7e70b7e_1000.jpg!m_fill,w_280,h_210,f_jpg?from=ke.com
20241029,海淀,苏州桥,101126208866,紫金庄园 高楼层 南向两居电梯房 无遮挡 采光好,530万,79211元/平,中楼层 (共22层) | 2000年 | 2室1厅 | 66.91平米 | 西南,https://ke-image.ljcdn.com/110000-inspection/pc1_x8AgutUhZ_1.jpg!m_fill,w_280,h_210,f_jpg?from=ke.com
20241029,海淀,苏州桥,101126204327,小南庄甲26号院南北精装一居室  安静不临街,440万,105063元/平,底层 (共6层) 1室1厅 | 41.88平米 | 南 北,https://ke-image.ljcdn.com/110000-inspection/9326530e-971f-46a7-a502-0f1ce4f8a2e6_1000.jpg!m_fill,w_280,h_210,f_jpg?from=ke.com
20241029,海淀,苏州桥,101126180979,苏州桥小南庄社区 南北向三居室 采光好 不临街房主自荐,635万,82254元/平,顶层 (共6层) | 1995年 | 3室1厅 | 77.2平米 | 南 北,https://ke-image.ljcdn.com/110000-inspection/pc1_FbdQ8QwTV_1.jpg!m_fill,w_280,h_210,f_jpg?from=ke.com
20241029,海淀,苏州桥,101126165766,海淀黄庄附近电梯直达精装修满五年唯一,810万,102016元/平,中楼层 (共12层) 3室1厅 | 79.4平米 | 南 北,https://ke-image.ljcdn.com/110000-inspection/pc1_scyYqt6v6_1.jpg!m_fill,w_280,h_210,f_jpg?from=ke.com
20241029,海淀,苏州桥,101126155437,小南庄  一居室  把边客厅带窗,350万,84582元/平,顶层 (共6层) | 1999年 | 1室1厅 | 41.38平米 | 西,https://ke-image.ljcdn.com/110000-inspection/pc1_Vn5Wte0eJ_1.jpg!m_fill,w_280,h_210,f_jpg?from=ke.com
20241029,海淀,苏州桥,101126145868,中关村人民大学北路满五唯一临地铁西南向采光好无遮挡,1620万,83618元/平,低楼层 (共24层) 3室2厅 | 193.74平米 | 西南,https://ke-image.ljcdn.com/110000-inspection/09765b23-2df8-4c2c-b51d-2df6befb3175_1000.jpg!m_fill,w_280,h_210,f_jpg?from=ke.com
20241029,海淀,苏州桥,101126130024,苏州桥 稻香园西里西北三居室 诚心出售,680万,95775元/平,中楼层 (共18层) | 1987年 | 3室1厅 | 71平米 | 西北,https://ke-image.ljcdn.com/110000-inspection/pc1_0qFkqZdU8_1.jpg!m_fill,w_280,h_210,f_jpg?from=ke.com
20241029,海淀,苏州桥,101126115417,稻香园 2室1厅 南 北,510万,82166元/平,顶层 (共6层) 2室1厅 | 62.07平米 | 南 北,https://ke-image.ljcdn.com/110000-inspection/pc1_SCLIIi2t8_1.jpg!m_fill,w_280,h_210,f_jpg?from=ke.com
20241029,海淀,苏州桥,101126094254,人大西门小南庄社区 精装修拎包入住 诚心出售,460万,98925元/平,顶层 (共6层) | 1993年 | 1室1厅 | 46.5平米 | 南 北,https://ke-image.ljcdn.com/110000-inspection/pc1_peBK0Y0n4_1.jpg!m_fill,w_280,h_210,f_jpg?from=ke.com
20241029,海淀,苏州桥,101125998141,苏州街  南北通透  明厨明卫 双阳台,449万,97843元/平,中楼层 (共6层) 1室1厅 | 45.89平米 | 南 北,https://ke-image.ljcdn.com/110000-inspection/pc1_ZvjAv1OMP_1.jpg!m_fill,w_280,h_210,f_jpg?from=ke.com
20241029,海淀,苏州桥,101125981868,苏州桥 紫金庄园 正规大三居室 业主诚心出售,1160万,90981元/平,中楼层 (共22层) | 1999年 | 3室1厅 | 127.5平米 | 西南 东北,https://ke-image.ljcdn.com/110000-inspection/pc1_ksQejh34c_1.jpg!m_fill,w_280,h_210,f_jpg?from=ke.com
20241029,海淀,苏州桥,101125970505,海淀南路小区独立管理可停车位置好房主自荐,468.3万,105000元/平,底层 (共6层) 1室1厅 | 44.6平米 | 南,https://ke-image.ljcdn.com/110000-inspection/887f2960-470f-4c7c-a990-7a16f4b7c5ca_1000.jpg!m_fill,w_280,h_210,f_jpg?from=ke.com
20241029,海淀,苏州桥,101125943671,小南庄新区 南北通透 精装修 高层好视野 光线好,450万,89092元/平,顶层 (共6层) | 2000年 | 2室1厅 | 50.51平米 | 南 北,https://ke-image.ljcdn.com/110000-inspection/pc1_TM6pEFV0O_1.jpg!m_fill,w_280,h_210,f_jpg?from=ke.com
20241029,海淀,苏州桥,101125940072,航天长城30号院 新上中间层全南两居室,800万,121323元/平,中楼层 (共7层) 2室1厅 | 65.94平米 | 南,https://ke-image.ljcdn.com/110000-inspection/fd361eda-2861-40d3-8592-1ad83b6d90ca_1000.jpg!m_fill,w_280,h_210,f_jpg?from=ke.com
20241029,海淀,苏州桥,101125879623,海淀南路 有电梯 视野好 交通便利,735万,97896元/平,低楼层 (共16层) 3室1厅 | 75.08平米 | 南,https://ke-image.ljcdn.com/110000-inspection/pc1_i6oDb7Lc4_1.jpg!m_fill,w_280,h_210,f_jpg?from=ke.com
20241029,海淀,苏州桥,101125863714,小南庄社区 单独管理 中间楼层 东西通透 看房方便,500万,86506元/平,中楼层 (共6层) | 1982年 | 2室1厅 | 57.8平米 | 东 西,https://ke-image.ljcdn.com/110000-inspection/pc1_as6Wy13bG_1.jpg!m_fill,w_280,h_210,f_jpg?from=ke.com
20241029,海淀,苏州桥,101125848372,稻香园 南北三居室 不临街  精装修,688万,100409元/平,顶层 (共6层) 3室1厅 | 68.52平米 | 南 北,https://ke-image.ljcdn.com/110000-inspection/pc1_dk6IOzi30_1.jpg!m_fill,w_280,h_210,f_jpg?from=ke.com
20241029,海淀,苏州桥,101125845514,海淀南路 精装自住三居室 有电梯 近地铁,845万,112968元/平,低楼层 (共16层) 3室1厅 | 74.8平米 | 东北,https://ke-image.ljcdn.com/110000-inspection/pc1_XhfOoOZ5c_1.jpg!m_fill,w_280,h_210,f_jpg?from=ke.com
20241029,海淀,苏州桥,101125830165,苏州桥小南庄社区 正规南北向两居室 随时签约,490万,76396元/平,顶层 (共6层) 2室1厅 | 64.14平米 | 南 北,https://ke-image.ljcdn.com/110000-inspection/pc1_s8iZzFa6t_1.jpg!m_fill,w_280,h_210,f_jpg?from=ke.com
20241029,海淀,苏州桥,101125789075,中关村苏州桥 外经贸家属楼三卧朝南 楼层好 带电梯房主自荐,1180万,100341元/平,高楼层 (共10层) | 1993年 | 3室1厅 | 117.6平米 | 南 北,https://ke-image.ljcdn.com/110000-inspection/pc1_wchRQyz0f_1.jpg!m_fill,w_280,h_210,f_jpg?from=ke.com
20241029,海淀,苏州桥,101125774225,中关村 苏州街 海淀南路 南北2居 出行便利有地铁,610万,100827元/平,低楼层 (共12层) 2室1厅 | 60.5平米 | 南 北,https://ke-image.ljcdn.com/110000-inspection/pc1_DgWOuG6PR_1.jpg!m_fill,w_280,h_210,f_jpg?from=ke.com
20241029,海淀,苏州桥,101125709727,小南庄社区东西通透两居室有客厅,596万,97069元/平,低楼层 (共6层) | 1994年 | 2室1厅 | 61.4平米 | 东 西,https://ke-image.ljcdn.com/110000-inspection/effc72af-a8f9-41f8-a8f4-de5ce73ec61e_1000.jpg!m_fill,w_280,h_210,f_jpg?from=ke.com
20241029,海淀,苏州桥,101125682383,稻香园 南向两居室 高楼层 不遮挡,499万,90678元/平,顶层 (共6层) 2室1厅 | 55.03平米 | 南,https://ke-image.ljcdn.com/110000-inspection/pc1_nPpovNl1S_1.jpg!m_fill,w_280,h_210,f_jpg?from=ke.com
20241029,海淀,苏州桥,101125681396,大河庄苑 2室1厅 南,1410万,119018元/平,低楼层 (共16层) 2室1厅 | 118.47平米 | 南,https://ke-image.ljcdn.com/110000-inspection/pc1_k3R6A1Kg0_1.jpg!m_fill,w_280,h_210,f_jpg?from=ke.com
20241029,海淀,苏州桥,101125582806,楼龄新 南向 高楼层视野采光好,530万,79211元/平,中楼层 (共22层) | 2000年 | 2室2厅 | 66.91平米 | 南 西,https://ke-image.ljcdn.com/110000-inspection/pc1_C1bTslpLq_1.jpg!m_fill,w_280,h_210,f_jpg?from=ke.com
20241029,海淀,苏州桥,101125567956,大河庄苑 1室0厅 南,430万,94881元/平,高楼层 (共18层) | 2004年 | 1室0厅 | 45.32平米 | 南,https://ke-image.ljcdn.com/110000-inspection/pc1_4AV0Oazpr_1.jpg!m_fill,w_280,h_210,f_jpg?from=ke.com
20241029,海淀,苏州桥,101125567046,中关村 海淀大街44号 南北通透2居 户型方正,540万,86262元/平,中楼层 (共6层) | 1990年 | 2室1厅 | 62.6平米 | 南 北,https://ke-image.ljcdn.com/110000-inspection/pc1_7Xt1Ko6uJ_1.jpg!m_fill,w_280,h_210,f_jpg?from=ke.com
20241029,海淀,苏州桥,101125531774,苏州街20号院 3室1厅 东,1450万,93748元/平,中楼层 (共14层) | 2000年 | 3室1厅 | 154.67平米 | 东,https://ke-image.ljcdn.com/110000-inspection/ad862f31-7440-458b-b925-e11bb691792c_1000.jpg!m_fill,w_280,h_210,f_jpg?from=ke.com
20241029,海淀,苏州桥,101125512351,万泉 王公坟 满五年 低楼层 不临街,480万,102784元/平,低楼层 (共6层) | 1991年 | 2室1厅 | 46.7平米 | 东北,https://ke-image.ljcdn.com/110000-inspection/pc1_6F0Vr70ix_1.jpg!m_fill,w_280,h_210,f_jpg?from=ke.com
20241029,海淀,苏州桥,101125475682,苏州街地铁口 全明格局2居 高层观景 采光视野好,588万,96711元/平,高楼层 (共16层) 2室1厅 | 60.8平米 | 东北,https://ke-image.ljcdn.com/110000-inspection/pc1_TiBIlsGD6_1.jpg!m_fill,w_280,h_210,f_jpg?from=ke.com
20241029,海淀,苏州桥,101125469825,中关村苏州街倒座庙两居 中间层 很安静,580万,97808元/平,低楼层 (共6层) | 1980年 | 2室1厅 | 59.3平米 | 南 北,https://ke-image.ljcdn.com/110000-inspection/pc1_e5XjMtpoy_1.jpg!m_fill,w_280,h_210,f_jpg?from=ke.com
20241029,海淀,苏州桥,101125452751,稻香园 2室1厅 南 北,700万,106061元/平,中楼层 (共5层) 2室1厅 | 66平米 | 南 北,https://ke-image.ljcdn.com/110000-inspection/pc1_RcYuAVAY9_1.jpg!m_fill,w_280,h_210,f_jpg?from=ke.com
20241029,海淀,苏州桥,101125438146,苏州桥 小南庄 二居室 户型方正 业主诚心出售房主自荐,675万,83998元/平,中楼层 (共18层) | 1997年 | 2室1厅 | 80.36平米 | 西北,https://ke-image.ljcdn.com/110000-inspection/23a39f55-f9ce-42c8-b575-e4441c14de72_1000.jpg!m_fill,w_280,h_210,f_jpg?from=ke.com
20241029,海淀,苏州桥,101125408440,正规大三居室带客厅客厅带窗楼龄新。,1000万,102670元/平,高楼层 (共18层) | 1997年 | 3室1厅 | 97.4平米 | 西南,https://ke-image.ljcdn.com/110000-inspection/pc1_pbAVKfArp_1.jpg!m_fill,w_280,h_210,f_jpg?from=ke.com
20241029,海淀,苏州桥,101125405081,稻香园 板楼南北通透 只有契税,570万,96939元/平,底层 (共6层) | 1985年 | 2室1厅 | 58.8平米 | 南 北,https://ke-image.ljcdn.com/110000-inspection/pc1_CuD3aMfru_1.jpg!m_fill,w_280,h_210,f_jpg?from=ke.com
20241029,海淀,苏州桥,101125392130,港沟小区 南向两居室 户型方正 采光好无浪费,465万,93000元/平,顶层 (共5层) | 1978年 | 2室1厅 | 50平米 | 南,https://ke-image.ljcdn.com/110000-inspection/pc1_H0MtyrkDN_1.jpg!m_fill,w_280,h_210,f_jpg?from=ke.com
20241029,海淀,苏州桥,101125385539,稻香园社区 高楼层南北向三居室 田字格,868万,95880元/平,高楼层 (共16层) 3室1厅 | 90.53平米 | 南 北,https://ke-image.ljcdn.com/110000-inspection/pc1_T8IlXCr66_1.jpg!m_fill,w_280,h_210,f_jpg?from=ke.com
20241029,海淀,苏州桥,101125335741,稻香园西里 电梯两居 西南向不临街 中间层采光好,608万,99185元/平,中楼层 (共18层) 2室1厅 | 61.3平米 | 南,https://ke-image.ljcdn.com/110000-inspection/pc1_pv5hulcSa_1.jpg!m_fill,w_280,h_210,f_jpg?from=ke.com
20241029,海淀,苏州桥,101125326862,万泉庄小区 1室1厅 南 北,530万,115721元/平,中楼层 (共6层) 1室1厅 | 45.8平米 | 南 北,https://ke-image.ljcdn.com/110000-inspection/pc1_z7nla4uv3_1.jpg!m_fill,w_280,h_210,f_jpg?from=ke.com
20241029,海淀,苏州桥,101125270364,双地铁  10号线16号线换乘苏州街站满五唯一三居,850万,84334元/平,中楼层 (共16层) | 1999年 | 3室1厅 | 100.79平米 | 东 南 北,https://ke-image.ljcdn.com/110000-inspection/pc1_KZyB80dYn_1.jpg!m_fill,w_280,h_210,f_jpg?from=ke.com
20241029,海淀,苏州桥,101125188163,紫金庄园 楼龄新 带电梯 正规一居室 诚心出售,435万,82014元/平,中楼层 (共22层) 1室1厅 | 53.04平米 | 北,https://ke-image.ljcdn.com/110000-inspection/4422046e-004f-48fe-b3ff-0ba5326110b2_1000.jpg!m_fill,w_280,h_210,f_jpg?from=ke.com
20241029,海淀,苏州桥,101125162362,小南庄大一居室半地下不占用老式精装户口可迁出,270万,48632元/平,地下室 (共6层) | 1993年 | 2室1厅 | 55.52平米 | 南 北,https://ke-image.ljcdn.com/110000-inspection/pc1_nX8xAzjKk_1.jpg!m_fill,w_280,h_210,f_jpg?from=ke.com
20241029,海淀,苏州桥,101125130578,苏州街12号04年花园社区 车位足人车分流 精装,1570万,87887元/平,低楼层 (共22层) 3室2厅 | 178.64平米 | 西南,https://ke-image.ljcdn.com/110000-inspection/pc1_yNNIbd5n9_1.jpg!m_fill,w_280,h_210,f_jpg?from=ke.com
20241029,海淀,苏州桥,101125104400,苏州桥 人民大学 紫金庄园 西南二居室 业主诚心出,545万,80018元/平,高楼层 (共22层) 2室1厅 | 68.11平米 | 西南,https://ke-image.ljcdn.com/110000-inspection/pc1_x20I4mZtl_1.jpg!m_fill,w_280,h_210,f_jpg?from=ke.com
20241029,海淀,苏州桥,101125083755,小南庄通用集团家属楼 南北向 三居室,1250万,99841元/平,中楼层 (共6层) | 1993年 | 3室2厅 | 125.2平米 | 南 北,https://ke-image.ljcdn.com/110000-inspection/pc1_THrXFbVl0_1.jpg!m_fill,w_280,h_210,f_jpg?from=ke.com
20241029,海淀,苏州桥,101125063786,小南庄社区 南北通透 精装修 采光好,420万,83152元/平,顶层 (共6层) 1室1厅 | 50.51平米 | 南 北,https://ke-image.ljcdn.com/110000-inspection/pc1_ReGAF5801_1.jpg!m_fill,w_280,h_210,f_jpg?from=ke.com
20241029,海淀,苏州桥,101125049879,小南庄半地下 285小区中间位置 装修好 租户稳定,285万,48677元/平,地下室 (共6层) | 2000年 | 1室1厅 | 58.55平米 | 南 北,https://ke-image.ljcdn.com/110000-inspection/pc1_qTmetJ6ck_1.jpg!m_fill,w_280,h_210,f_jpg?from=ke.com
20241029,海淀,苏州桥,101125035641,小南庄社区 2层 三居室随时签约正规客厅房主自荐,830万,103647元/平,低楼层 (共6层) | 2015年 | 3室1厅 | 80.08平米 | 南 西 北,https://ke-image.ljcdn.com/110000-inspection/d561993b-bccf-431b-815c-5cd03d79405a_1000.jpg!m_fill,w_280,h_210,f_jpg?from=ke.com
20241029,海淀,苏州桥,101125021141,小南庄安静社区生活方便前后不临街安静,410万,89657元/平,底层 (共6层) | 1995年 | 1室1厅 | 45.73平米 | 南,https://ke-image.ljcdn.com/110000-inspection/pc1_zAIIWC8yj_1.jpg!m_fill,w_280,h_210,f_jpg?from=ke.com
20241029,海淀,苏州桥,101125020145,精装修高楼层楼龄新户型好。,1200万,84436元/平,中楼层 (共24层) 3室1厅 | 142.12平米 | 东南,https://ke-image.ljcdn.com/110000-inspection/pc1_z2Qcvmsc3_1.jpg!m_fill,w_280,h_210,f_jpg?from=ke.com
20241029,海淀,苏州桥,101125019923,海淀南路 两南一北三居室 一层半,740万,96606元/平,底层 (共12层) 3室1厅 | 76.6平米 | 南 北,https://ke-image.ljcdn.com/110000-inspection/pc1_gcVjH3nFQ_1.jpg!m_fill,w_280,h_210,f_jpg?from=ke.com
20241029,海淀,苏州桥,101124969089,苏州桥小南庄社区全明格局正规一居室,355万,83925元/平,高楼层 (共6层) 1室1厅 | 42.3平米 | 东,https://ke-image.ljcdn.com/110000-inspection/pc1_Krwaptgco_1.jpg!m_fill,w_280,h_210,f_jpg?from=ke.com
20241029,海淀,苏州桥,101124961411,满五年 全明格局装修好有电梯,615万,99034元/平,高楼层 (共14层) | 1987年 | 2室1厅 | 62.1平米 | 南 西,https://ke-image.ljcdn.com/110000-inspection/pc1_n3iwgvmrR_1.jpg!m_fill,w_280,h_210,f_jpg?from=ke.com
20241029,海淀,苏州桥,101124886094,近地铁精装南北三居次新房方便停车单位分房,1200万,116280元/平,中楼层 (共10层) 3室1厅 | 103.2平米 | 南 北,https://ke-image.ljcdn.com/110000-inspection/pc1_dXlpT0FFP_1.jpg!m_fill,w_280,h_210,f_jpg?from=ke.com
20241029,海淀,苏州桥,101124864404,满五年自己住精装修前面无遮挡交通便利,499万,88319元/平,高楼层 (共6层) 2室1厅 | 56.5平米 | 南 北,https://ke-image.ljcdn.com/110000-inspection/pc1_1u1IZLKus_1.jpg!m_fill,w_280,h_210,f_jpg?from=ke.com
20241029,海淀,苏州桥,101124768288,中关村苏州桥 小南庄南北通透两居室 一手业主诚售,530万,80658元/平,高楼层 (共6层) | 1994年 | 2室1厅 | 65.71平米 | 南 北,https://ke-image.ljcdn.com/110000-inspection/pc1_6oHP3VWJr_1.jpg!m_fill,w_280,h_210,f_jpg?from=ke.com
20241029,海淀,苏州桥,101124668706,小南庄社区家属楼中间楼层南北通透房主自荐,598万,104000元/平,中楼层 (共6层) 2室1厅 | 57.5平米 | 南 北,https://ke-image.ljcdn.com/110000-inspection/pc1_Sp2RGD4AH_1.jpg!m_fill,w_280,h_210,f_jpg?from=ke.com
20241029,海淀,苏州桥,101124633151,倒座庙 苏州街 苏州桥 人大西门全明格局双南两居房主自荐,550万,104762元/平,高楼层 (共6层) | 1980年 | 2室1厅 | 52.5平米 | 南,https://ke-image.ljcdn.com/110000-inspection/pc1_SLPYispf7_1.jpg!m_fill,w_280,h_210,f_jpg?from=ke.com
20241029,海淀,苏州桥,101124608346,紫金庄园 1室1厅 西南,460万,72499元/平,中楼层 (共22层) | 2000年 | 1室1厅 | 63.45平米 | 西南,https://ke-image.ljcdn.com/110000-inspection/4d795757-53a1-4981-a5c0-8f2905477e8f_1000.jpg!m_fill,w_280,h_210,f_jpg?from=ke.com
20241029,海淀,苏州桥,101124573690,小南庄 低楼层 三居室小区改造完成,780万,96931元/平,底层 (共6层) | 1995年 | 3室1厅 | 80.47平米 | 东 南 北,https://ke-image.ljcdn.com/110000-inspection/pc1_i0VshPt6t_1.jpg!m_fill,w_280,h_210,f_jpg?from=ke.com
20241029,海淀,苏州桥,101124566726,三义庙北 东西通透 双阳台 低层 精装修 看房方便,520万,77787元/平,底层 (共6层) 2室1厅 | 66.85平米 | 东 西,https://ke-image.ljcdn.com/110000-inspection/607d1955-816a-4716-a8d0-64c06cc83998_1000.jpg!m_fill,w_280,h_210,f_jpg?from=ke.com
20241029,海淀,苏州桥,101124534653,中关村苏州桥紫金庄园 有电梯 明厨明卫,430万,81071元/平,中楼层 (共22层) | 2000年 | 2室1厅 | 53.04平米 | 北,https://ke-image.ljcdn.com/110000-inspection/9e591195-fcf4-4c3c-901f-2c1c7e937d36_1000.jpg!m_fill,w_280,h_210,f_jpg?from=ke.com
20241029,海淀,苏州桥,101124484625,小南庄  万泉 南北向板楼  满五年 社区改造完毕,415万,82162元/平,顶层 (共6层) | 2000年 | 1室1厅 | 50.51平米 | 南 北,https://ke-image.ljcdn.com/110000-inspection/pc1_39RIDjrdH_1.jpg!m_fill,w_280,h_210,f_jpg?from=ke.com
20241029,海淀,苏州桥,101124441890,小南庄低楼层精装一居南北通透,610万,108137元/平,底层 (共6层) 1室1厅 | 56.41平米 | 南 北,https://ke-image.ljcdn.com/110000-inspection/pc1_7WAjDXhd7_1.jpg!m_fill,w_280,h_210,f_jpg?from=ke.com
20241029,海淀,苏州桥,101124390146,紫金庄园 1998年房龄 业主诚心出售,1320万,67108元/平,中楼层 (共22层) 3室1厅 | 196.7平米 | 西北,https://ke-image.ljcdn.com/110000-inspection/6c33f17e-6209-48b3-83bd-208245ea1d4d_1000.jpg!m_fill,w_280,h_210,f_jpg?from=ke.com
20241029,海淀,苏州桥,101124341967,稻香园 精装一居室 人民银行家属楼 明厨明卫,575万,101591元/平,高楼层 (共16层) 1室1厅 | 56.6平米 | 南,https://ke-image.ljcdn.com/110000-inspection/pc1_2zxap9y5g_1.jpg!m_fill,w_280,h_210,f_jpg?from=ke.com
20241029,海淀,苏州桥,101124262940,海淀大街44号南北通透格局楼层好 视野宽阔,510万,81470元/平,顶层 (共6层) 2室1厅 | 62.6平米 | 南 北,https://ke-image.ljcdn.com/110000-inspection/pc1_g1z7n6vBT_1.jpg!m_fill,w_280,h_210,f_jpg?from=ke.com
20241029,海淀,苏州桥,101124163276,海淀大街44号 满五年唯一 南北通透 楼层好 交通便利,510万,81470元/平,中楼层 (共6层) 2室1厅 | 62.6平米 | 南 北,https://ke-image.ljcdn.com/110000-inspection/pc1_kuaLfj4y6_1.jpg!m_fill,w_280,h_210,f_jpg?from=ke.com
20241029,海淀,苏州桥,101124157949,八一中学家属院 3室1厅 东 西,660万,99040元/平,中楼层 (共6层) 3室1厅 | 66.64平米 | 东 西,https://ke-image.ljcdn.com/110000-inspection/3a7c23be-b312-47f0-b556-73f07ac38bd2_1000.jpg!m_fill,w_280,h_210,f_jpg?from=ke.com
20241029,海淀,苏州桥,101124086206,稻香园西里 精装修两居室 西南朝向 诚心出售,666万,102874元/平,低楼层 (共18层) 2室1厅 | 64.74平米 | 西南,https://ke-image.ljcdn.com/110000-inspection/9cd7b870-7f2f-497e-984a-24cc5e6c56bb_1000.jpg!m_fill,w_280,h_210,f_jpg?from=ke.com
20241029,海淀,苏州桥,101124085598,海淀区中关村苏州街海淀大街44号2居室出售,460万,73483元/平,顶层 (共6层) 2室1厅 | 62.6平米 | 南 北,https://ke-image.ljcdn.com/110000-inspection/pc1_UmsZmJO4z_1.jpg!m_fill,w_280,h_210,f_jpg?from=ke.com
20241029,海淀,苏州桥,101124050239,小南庄 高层全天采光  精装提包住 比同户型面积大,520万,103545元/平,顶层 (共6层) | 1994年 | 2室1厅 | 50.22平米 | 南 北,https://ke-image.ljcdn.com/110000-inspection/pc1_m1kIKKk8o_1.jpg!m_fill,w_280,h_210,f_jpg?from=ke.com
20241029,海淀,苏州桥,101124003613,海淀南路 3室1厅 东 北,570万,96611元/平,高楼层 (共16层) 3室1厅 | 59平米 | 东 北,https://ke-image.ljcdn.com/110000-inspection/pc1_jbmMYMbbL_1.jpg!m_fill,w_280,h_210,f_jpg?from=ke.com
20241029,海淀,苏州桥,101123964996,电视台家属楼 单独管理  带电梯,820万,109876元/平,顶层 (共18层) 2室1厅 | 74.63平米 | 南,https://ke-image.ljcdn.com/110000-inspection/81ac1265-0a9c-41fb-8fa3-4b6b4a6eaa3b_1000.jpg!m_fill,w_280,h_210,f_jpg?from=ke.com
20241029,海淀,苏州桥,101123960800,西屋国际 70年产权 高层大四居 周期可以谈,2630万,102105元/平,高楼层 (共23层) 4室2厅 | 257.58平米 | 南 北,https://ke-image.ljcdn.com/110000-inspection/198a50ca-9449-46b2-853e-f5b374dccdcb_1000.jpg!m_fill,w_280,h_210,f_jpg?from=ke.com
20241029,海淀,苏州桥,101123915559,大河庄苑 3室2厅 南 北,2260万,158965元/平,高楼层 (共10层) 3室2厅 | 142.17平米 | 南 北,https://ke-image.ljcdn.com/110000-inspection/a1bef53a-1a86-4f95-8b57-c60a66d70018_1000.jpg!m_fill,w_280,h_210,f_jpg?from=ke.com
20241029,海淀,苏州桥,101123912959,稻香园西里 3室1厅 南 北,760万,109055元/平,顶层 (共6层) 3室1厅 | 69.69平米 | 南 北,https://ke-image.ljcdn.com/110000-inspection/pc1_xoida5PSG_1.jpg!m_fill,w_280,h_210,f_jpg?from=ke.com
20241029,海淀,苏州桥,101123904771,人车分流花园式小区正规商品房住宅70年产权,580万,100104元/平,低楼层 (共18层) | 2004年 | 1室1厅 | 57.94平米 | 西,https://ke-image.ljcdn.com/110000-inspection/pc1_EJy3Uwg3N_1.jpg!m_fill,w_280,h_210,f_jpg?from=ke.com
20241029,海淀,苏州桥,101123902243,精装小两居采光充足中间楼层,553万,104755元/平,中楼层 (共6层) | 1995年 | 2室1厅 | 52.79平米 | 北 南,https://ke-image.ljcdn.com/110000-inspection/637036e9-255d-4ffe-be86-b4da514fabb4_1000.jpg!m_fill,w_280,h_210,f_jpg?from=ke.com
20241029,海淀,苏州桥,101123899290,苏州桥 稻香园西里 带电梯 南向一居室 采光好,460万,88975元/平,低楼层 (共18层) | 1989年 | 1室1厅 | 51.7平米 | 东南,https://ke-image.ljcdn.com/110000-inspection/pc1_xz436GbkA_1.jpg!m_fill,w_280,h_210,f_jpg?from=ke.com
20241029,海淀,苏州桥,101123889677,西里 电梯次顶层 三居 满五唯一精装修 楼层高 视野好,750万,104167元/平,高楼层 (共18层) | 1999年 | 3室1厅 | 72平米 | 西 北,https://ke-image.ljcdn.com/110000-inspection/1f941b4b-768b-4874-9a8f-f7252b5b8c1c_1000.jpg!m_fill,w_280,h_210,f_jpg?from=ke.com
20241029,海淀,苏州桥,101123867460,紫金庄园精装大三居视野无遮挡面积179.8平米,1260万,82917元/平,中楼层 (共22层) 3室2厅 | 151.96平米 | 西,https://ke-image.ljcdn.com/110000-inspection/a117c302-1482-4c45-9fef-647b6574a201_1000.jpg!m_fill,w_280,h_210,f_jpg?from=ke.com
20241029,海淀,苏州桥,101123807938,紫金庄园 满五年唯一 交通方便位置好  精装修,1080万,71147元/平,低楼层 (共22层) | 1998年 | 2室1厅 | 151.8平米 | 东,https://ke-image.ljcdn.com/110000-inspection/c6c6c4dd-63fe-40b7-a91c-a654f72aca49_1000.jpg!m_fill,w_280,h_210,f_jpg?from=ke.com
20241029,海淀,苏州桥,101123803127,人大西门苏州街 王公坟社区中间楼层南向两居室 不临街,530万,96540元/平,中楼层 (共6层) | 1991年 | 2室1厅 | 54.9平米 | 南,https://ke-image.ljcdn.com/110000-inspection/pc1_0KOoWCD1z_1.jpg!m_fill,w_280,h_210,f_jpg?from=ke.com
20241029,海淀,苏州桥,101123773702,大河庄苑小区2004年商品房社区楼龄新环境优美,2690万,128949元/平,中楼层 (共10层) 4室1厅 | 208.61平米 | 南 北,https://ke-image.ljcdn.com/110000-inspection/31f53aee-a846-48bc-b031-262c0c93cf18_1000.jpg!m_fill,w_280,h_210,f_jpg?from=ke.com
20241029,海淀,苏州桥,101123738376,小南庄社区 南北通 透精装修三居室 随时签约房主自荐,420万,52884元/平,地下室 (共6层) | 1995年 | 3室1厅 | 79.42平米 | 南 西 北,https://ke-image.ljcdn.com/110000-inspection/9d120bf2-056e-46c6-a7cb-dd90f35d9adf_1000.jpg!m_fill,w_280,h_210,f_jpg?from=ke.com
20241029,海淀,苏州桥,101123652876,三义庙北 南北通透 大客厅 单独管理房主自荐,550万,97174元/平,底层 (共7层) | 1994年 | 3室1厅 | 56.6平米 | 南 北,https://ke-image.ljcdn.com/110000-inspection/4b558815-5c91-4197-882f-92206aa092e6_1000.jpg!m_fill,w_280,h_210,f_jpg?from=ke.com
20241029,海淀,苏州桥,101123627153,苏州桥小南庄一层满五年业主诚意出售,450万,84635元/平,底层 (共18层) | 1997年 | 1室1厅 | 53.17平米 | 东,https://ke-image.ljcdn.com/110000-inspection/pc1_skzV0tPsz_1.jpg!m_fill,w_280,h_210,f_jpg?from=ke.com
20241029,海淀,苏州桥,101123597215,万泉庄小区 2室1厅 东 西,650万,104334元/平,高楼层 (共6层) | 1991年 | 2室1厅 | 62.3平米 | 东 西,https://ke-image.ljcdn.com/110000-inspection/pc1_xnadV77m6_1.jpg!m_fill,w_280,h_210,f_jpg?from=ke.com
20241029,海淀,苏州桥,101123593098,稻香园西里  户型方正   全明格局  南北通透,497万,113730元/平,中楼层 (共14层) | 1987年 | 1室1厅 | 43.7平米 | 南 北,https://ke-image.ljcdn.com/110000-inspection/pc1_hxhoA5Bdo_1.jpg!m_fill,w_280,h_210,f_jpg?from=ke.com
20241029,海淀,苏州桥,101123513452,2000年商品房中间楼层视野好采光充足看房方便,980万,92725元/平,中楼层 (共18层) | 1998年 | 2室1厅 | 105.69平米 | 西南,https://ke-image.ljcdn.com/110000-inspection/c24b1ef0-eaa4-4680-8b89-99da70e2db22_1000.jpg!m_fill,w_280,h_210,f_jpg?from=ke.com
20241029,海淀,苏州桥,101123510260,大河庄苑南向精装修诚心出售无遮挡视野好,540万,119153元/平,低楼层 (共18层) | 2004年 | 1室1厅 | 45.32平米 | 南,https://ke-image.ljcdn.com/110000-inspection/pc1_R5YT6qPyr_1.jpg!m_fill,w_280,h_210,f_jpg?from=ke.com
20241029,海淀,苏州桥,101123442159,万泉精装一居室满五年唯一看房方便,388万,98228元/平,高楼层 (共6层) | 1989年 | 1室1厅 | 39.5平米 | 西 北,https://ke-image.ljcdn.com/110000-inspection/6ee10b83-83bb-4c07-a7e0-202f9d406ca2_1000.jpg!m_fill,w_280,h_210,f_jpg?from=ke.com
20241029,海淀,苏州桥,101123421537,小南庄社区 人民大学西门 苏州桥精装一居室,538万,100000元/平,高楼层 (共6层) | 1998年 | 1室1厅 | 53.8平米 | 东,https://ke-image.ljcdn.com/110000-inspection/77461223-1a2f-4aa0-8156-e64a89b2e363_1000.jpg!m_fill,w_280,h_210,f_jpg?from=ke.com
20241029,海淀,苏州桥,101123405485,西屋国际 前后花园 一梯两户 板楼,1720万,92043元/平,中楼层 (共22层) 3室2厅 | 186.87平米 | 东 北 西,https://ke-image.ljcdn.com/110000-inspection/pc1_rdDAwePu9_1.jpg!m_fill,w_280,h_210,f_jpg?from=ke.com
20241029,海淀,苏州桥,101123385317,1994年房龄中间层正规朝南客厅满五年唯一,690万,101621元/平,中楼层 (共7层) | 1994年 | 2室1厅 | 67.9平米 | 南 北,https://ke-image.ljcdn.com/110000-inspection/pc1_QqWmr5J6d_1.jpg!m_fill,w_280,h_210,f_jpg?from=ke.com
20241029,海淀,苏州桥,101123365002,八一中学家属院 2室1厅 南 北,795万,121989元/平,高楼层 (共6层) 2室1厅 | 65.17平米 | 南 北,https://ke-image.ljcdn.com/110000-inspection/pc1_m7SYuRfiG_1.jpg!m_fill,w_280,h_210,f_jpg?from=ke.com
20241029,海淀,苏州桥,101123345819,三义庙北中间南北两居室小区有物业,520万,90910元/平,中楼层 (共6层) 2室1厅 | 57.2平米 | 南 北,https://ke-image.ljcdn.com/110000-inspection/pc1_B1StxtRWK_1.jpg!m_fill,w_280,h_210,f_jpg?from=ke.com
20241029,海淀,苏州桥,101123309449,稻香园西里2022年全新精装高档家具家电带电梯满五唯一,718万,111665元/平,低楼层 (共18层) | 1999年 | 2室1厅 | 64.3平米 | 南,https://ke-image.ljcdn.com/110000-inspection/pc1_HS48T7r46_1.jpg!m_fill,w_280,h_210,f_jpg?from=ke.com
20241029,海淀,苏州桥,101123289478,海淀黄庄苏州街优质两居室精装修,570万,95318元/平,低楼层 (共12层) | 1985年 | 2室1厅 | 59.8平米 | 南 北,https://ke-image.ljcdn.com/110000-inspection/90512067-3d86-4501-80fe-43dfd0f18b09_1000.jpg!m_fill,w_280,h_210,f_jpg?from=ke.com
20241029,海淀,苏州桥,101123275675,中关村苏州桥三义庙明厨明卫南向一居,388万,93834元/平,底层 (共6层) 1室1厅 | 41.35平米 | 南,https://ke-image.ljcdn.com/110000-inspection/pc1_lOytrHek9.jpg!m_fill,w_280,h_210,f_jpg?from=ke.com
20241029,海淀,苏州桥,101123262416,西北三环苏州桥航空港社区 南北实用面积大 只有契税,690万,107813元/平,中楼层 (共6层) 3室1厅 | 64平米 | 南 北,https://ke-image.ljcdn.com/110000-inspection/pc1_73oL9ezS8_1.jpg!m_fill,w_280,h_210,f_jpg?from=ke.com
20241029,海淀,苏州桥,101123255471,西颐北馆 3室1厅 西北,695万,75136元/平,中楼层 (共5层) | 1998年 | 3室1厅 | 92.5平米 | 西北,https://ke-image.ljcdn.com/110000-inspection/4b9de179-cb5d-4e85-aa57-828729492390_1000.jpg!m_fill,w_280,h_210,f_jpg?from=ke.com
20241029,海淀,苏州桥,101123254939,倒座庙 南北二居室 户型方正 业主诚心出售,520万,87690元/平,中楼层 (共6层) | 1980年 | 2室1厅 | 59.3平米 | 南 北,https://ke-image.ljcdn.com/110000-inspection/b587ceb8-bb3e-4c54-8f6e-e100d422771a_1000.jpg!m_fill,w_280,h_210,f_jpg?from=ke.com
20241029,海淀,苏州桥,101123229851,小两居带客厅大卫生间人车分流花园式社区带幼儿园,798万,115202元/平,底层 (共16层) 2室1厅 | 69.27平米 | 西南,https://ke-image.ljcdn.com/110000-inspection/pc1_2UD3sLrnj_1.jpg!m_fill,w_280,h_210,f_jpg?from=ke.com
20241029,海淀,苏州桥,101123191612,海淀南路 满五年唯一 采光充足 看房子方便房主自荐,680万,109855元/平,中楼层 (共16层) 2室1厅 | 61.9平米 | 东南,https://ke-image.ljcdn.com/110000-inspection/pc1_wjL9vJeDE_1.jpg!m_fill,w_280,h_210,f_jpg?from=ke.com
20241029,海淀,苏州桥,101123183166,万泉庄1号院双南两居室业主诚心卖价格能谈,508万,88348元/平,顶层 (共6层) | 1983年 | 2室1厅 | 57.5平米 | 南,https://ke-image.ljcdn.com/110000-inspection/pc1_QPXBuotIC_1.jpg!m_fill,w_280,h_210,f_jpg?from=ke.com
20241029,海淀,苏州桥,101123180486,满五年多贷款南北通透户型方正精装修 采光好,750万,105190元/平,顶层 (共6层) 2室1厅 | 71.3平米 | 南 北,https://ke-image.ljcdn.com/110000-inspection/pc1_pRMV9Av5s_1.jpg!m_fill,w_280,h_210,f_jpg?from=ke.com
20241029,海淀,苏州桥,101123176749,小南庄 精装修 两居室 低楼层房主自荐,580万,96990元/平,底层 (共6层) | 1987年 | 2室1厅 | 59.8平米 | 东 西,https://ke-image.ljcdn.com/110000-inspection/pc1_ze2ljUSWo_1.jpg!m_fill,w_280,h_210,f_jpg?from=ke.com
20241029,海淀,苏州桥,101123150091,小南庄 精装修正规一居室 随时签约,430万,92394元/平,顶层 (共6层) 1室1厅 | 46.54平米 | 东,https://ke-image.ljcdn.com/110000-inspection/pc1_FyqDdur54_1.jpg!m_fill,w_280,h_210,f_jpg?from=ke.com
20241029,海淀,苏州桥,101123139591,中关村苏州桥万泉庄小区两居 不临街很安静 通风好,490万,78652元/平,顶层 (共6层) | 1991年 | 2室1厅 | 62.3平米 | 东 西,https://ke-image.ljcdn.com/110000-inspection/pc1_5jotnpu3O_1.jpg!m_fill,w_280,h_210,f_jpg?from=ke.com
20241029,海淀,苏州桥,101123137616,稻香园西里新登记板楼二层南北通透两居房主自荐,625万,112980元/平,低楼层 (共6层) 2室1厅 | 55.32平米 | 南 北,https://ke-image.ljcdn.com/110000-inspection/c0369531-db06-46a9-9da8-fb027843444d_1000.jpg!m_fill,w_280,h_210,f_jpg?from=ke.com
20241029,海淀,苏州桥,101123123910,万泉庄1号院 优质三居室 独特户型 南 北 西南,643万,84163元/平,高楼层 (共6层) 3室1厅 | 76.4平米 | 南 北 西南,https://ke-image.ljcdn.com/110000-inspection/pc1_z4gv51NtB_1.jpg!m_fill,w_280,h_210,f_jpg?from=ke.com
20241029,海淀,苏州桥,101123107977,海淀南路 精装修 有电梯 交通便利,850万,108835元/平,高楼层 (共12层) | 1985年 | 3室1厅 | 78.1平米 | 南 北,https://ke-image.ljcdn.com/110000-inspection/pc1_xQFno5LLL_1.jpg!m_fill,w_280,h_210,f_jpg?from=ke.com
20241029,海淀,苏州桥,101123004864,万泉庄小区 南北两居室 满五唯一 采光好安静不临街,560万,96886元/平,底层 (共6层) 2室1厅 | 57.8平米 | 南 北,https://ke-image.ljcdn.com/110000-inspection/pc1_o7v0LOyFD_1.jpg!m_fill,w_280,h_210,f_jpg?from=ke.com
20241029,海淀,苏州桥,101122990683,满五唯一 看房随时 不临街 央企家属楼 人文素质高,830万,95733元/平,低楼层 (共16层) 2室1厅 | 86.7平米 | 西北,https://ke-image.ljcdn.com/110000-inspection/pc1_4X0PZDkhC_1.jpg!m_fill,w_280,h_210,f_jpg?from=ke.com
20241029,海淀,苏州桥,101122917152,海淀南路 2室1厅 南 北,555万,98231元/平,低楼层 (共6层) 2室1厅 | 56.5平米 | 南 北,https://ke-image.ljcdn.com/110000-inspection/pc1_6vkAkoE4s_1.jpg!m_fill,w_280,h_210,f_jpg?from=ke.com
20241029,海淀,苏州桥,101122878067,小南庄 管理好楼  满五年南北  苏州街苏州桥地铁,699万,91974元/平,低楼层 (共6层) | 1993年 | 2室1厅 | 76平米 | 南 北,https://ke-image.ljcdn.com/110000-inspection/pc1_kNSivwrwJ_1.jpg!m_fill,w_280,h_210,f_jpg?from=ke.com
20241029,海淀,苏州桥,101122863625,苏州街 带电梯 满五唯一 带客厅三居,988万,105669元/平,高楼层 (共20层) | 1992年 | 3室1厅 | 93.5平米 | 西北,https://ke-image.ljcdn.com/110000-inspection/pc1_1b2DI8VYK_1.jpg!m_fill,w_280,h_210,f_jpg?from=ke.com
20241029,海淀,苏州桥,101122843905,西颐北馆中科院家属楼适合多贷款采光好视野佳,395万,88367元/平,顶层 (共6层) 1室1厅 | 44.7平米 | 南 北,https://ke-image.ljcdn.com/110000-inspection/pc1_2Fxi39iBn_1.jpg!m_fill,w_280,h_210,f_jpg?from=ke.com
20241029,海淀,苏州桥,101122831613,三义庙北 满五年唯一 采光充足,358万,85442元/平,高楼层 (共6层) 1室1厅 | 41.9平米 | 南,https://ke-image.ljcdn.com/110000-inspection/pc1_ivyfHkawm_1.jpg!m_fill,w_280,h_210,f_jpg?from=ke.com
20241029,海淀,苏州桥,101122822280,苏州桥小南庄社区南北通透户型位置好房主自荐,278万,52325元/平,地下室 (共6层) | 1995年 | 1室1厅 | 53.13平米 | 南 北,https://ke-image.ljcdn.com/110000-inspection/pc1_FnmP1ysfF_1.jpg!m_fill,w_280,h_210,f_jpg?from=ke.com
20241029,海淀,苏州桥,101122800712,高层无遮挡安静不临街采光充足中关村高档小区,2030万,138115元/平,顶层 (共18层) | 2004年 | 3室2厅 | 146.98平米 | 南 北,https://ke-image.ljcdn.com/110000-inspection/pc1_mEobsOhVo_1.jpg!m_fill,w_280,h_210,f_jpg?from=ke.com
20241029,海淀,苏州桥,101122728862,八一教职工宿舍 南北通透正规三居室 明厨明卫,1000万,125534元/平,低楼层 (共6层) 3室1厅 | 79.66平米 | 南 北,https://ke-image.ljcdn.com/110000-inspection/pc1_CzKikMude_1.jpg!m_fill,w_280,h_210,f_jpg?from=ke.com
20241029,海淀,苏州桥,101122711097,三义庙满五年单位福利分房小区环境好停车方便,416万,88908元/平,顶层 (共6层) | 1982年 | 2室1厅 | 46.79平米 | 南,https://ke-image.ljcdn.com/110000-inspection/pc1_gjscrBzj2_1.jpg!m_fill,w_280,h_210,f_jpg?from=ke.com
20241029,海淀,苏州桥,101122674726,小南庄甲26号院南北通透一居室楼龄新,420万,99574元/平,高楼层 (共6层) 1室1厅 | 42.18平米 | 南 北,https://ke-image.ljcdn.com/110000-inspection/pc1_PbaObi8JD_1.jpg!m_fill,w_280,h_210,f_jpg?from=ke.com
20241029,海淀,苏州桥,101122673584,大河庄苑商品房地下停车绿化好出门繁华入户宁静,520万,114588元/平,中楼层 (共18层) | 2004年 | 1室1厅 | 45.38平米 | 东,https://ke-image.ljcdn.com/110000-inspection/pc1_Oy5TVNy9Y_1.jpg!m_fill,w_280,h_210,f_jpg?from=ke.com
20241029,海淀,苏州桥,101122664954,高楼层视野好精装修居住舒适3居,1450万,97486元/平,中楼层 (共22层) 3室1厅 | 148.74平米 | 东北,https://ke-image.ljcdn.com/110000-inspection/pc1_WzOOXs5SA_1.jpg!m_fill,w_280,h_210,f_jpg?from=ke.com
20241029,海淀,苏州桥,101122657163,小南庄社区 半地下一居 精装修,340万,59660元/平,地下室 (共6层) | 1994年 | 1室1厅 | 56.99平米 | 南 北,https://ke-image.ljcdn.com/110000-inspection/39f0d99f-90b2-4316-8cb0-fa2ea16851db_1000.jpg!m_fill,w_280,h_210,f_jpg?from=ke.com
20241029,海淀,苏州桥,101122587136,苏州桥北三环边紫金庄园 南向电梯两居 精装 诚心出售,580万,86092元/平,低楼层 (共22层) | 2000年 | 2室1厅 | 67.37平米 | 南,https://ke-image.ljcdn.com/110000-inspection/c85131b2-4a18-40fd-b75e-44537ba68aa1_1000.jpg!m_fill,w_280,h_210,f_jpg?from=ke.com
20241029,海淀,苏州桥,101122578854,倒座庙 东向两居 明厨明卫 门口苏州街地铁诚心出售,530万,91333元/平,顶层 (共6层) 2室1厅 | 58.03平米 | 东,https://ke-image.ljcdn.com/110000-inspection/pc1_NuLu8FqIr_1.jpg!m_fill,w_280,h_210,f_jpg?from=ke.com
20241029,海淀,苏州桥,101122535236,小南庄社区 中间楼层 朝南一居室 采光充足,490万,107151元/平,中楼层 (共6层) | 1995年 | 1室1厅 | 45.73平米 | 南,https://ke-image.ljcdn.com/110000-inspection/0a9cf02a-497c-41e2-a0c4-626ed186d9de_1000.jpg!m_fill,w_280,h_210,f_jpg?from=ke.com
20241029,海淀,苏州桥,101122463129,海淀黄庄 海淀医院 苏州街 精装一居室,489万,109888元/平,中楼层 (共16层) | 1990年 | 1室1厅 | 44.5平米 | 南,https://ke-image.ljcdn.com/110000-inspection/pc1_GMfPTsoWV_1.jpg!m_fill,w_280,h_210,f_jpg?from=ke.com
20241029,海淀,苏州桥,101122428558,人民大学北路33号院    满五年唯一   有电梯房主自荐,1380万,98291元/平,高楼层 (共24层) 2室1厅 | 140.4平米 | 东南,https://ke-image.ljcdn.com/110000-inspection/99b6aada-edc3-4853-b3a5-17fbb2d981fe_1000.jpg!m_fill,w_280,h_210,f_jpg?from=ke.com
20241029,海淀,苏州桥,101122398672,万泉庄小区中高楼层东西全明二居室。,688万,110434元/平,高楼层 (共6层) | 1991年 | 2室1厅 | 62.3平米 | 东 南 西,https://ke-image.ljcdn.com/110000-inspection/pc1_rhI25dD9Z_1.jpg!m_fill,w_280,h_210,f_jpg?from=ke.com
20241029,海淀,苏州桥,101122392743,苏州桥人大西门三建家属楼 满五唯一诚心出售看房方便,435万,80407元/平,顶层 (共6层) 2室1厅 | 54.1平米 | 南 北,https://ke-image.ljcdn.com/110000-inspection/pc1_5qoS4xkcL_1.jpg!m_fill,w_280,h_210,f_jpg?from=ke.com
20241029,海淀,苏州桥,101122338125,房子满五年单位福利分房层高3.3米不临街,505万,73509元/平,顶层 (共4层) 2室1厅 | 68.7平米 | 南 北,https://ke-image.ljcdn.com/110000-inspection/pc1_zNHZuE0JC_1.jpg!m_fill,w_280,h_210,f_jpg?from=ke.com
20241029,海淀,苏州桥,101122235670,稻香园西里 苏州街 苏州桥 电梯房三居室,888万,110724元/平,中楼层 (共14层) | 1987年 | 3室1厅 | 80.2平米 | 南 西 北,https://ke-image.ljcdn.com/110000-inspection/pc1_P4ItqjWw3_1.jpg!m_fill,w_280,h_210,f_jpg?from=ke.com
20241029,海淀,苏州桥,101122077714,小南庄 南向两居室 带15平米南向客厅,648万,91772元/平,低楼层 (共18层) | 1997年 | 2室1厅 | 70.61平米 | 南,https://ke-image.ljcdn.com/110000-inspection/f612a219-cdec-4829-aaca-2b6a4f27a295_1000.jpg!m_fill,w_280,h_210,f_jpg?from=ke.com
20241029,海淀,苏州桥,101122058136,西颐北馆满五唯一层高3.25,770万,83244元/平,中楼层 (共5层) | 1998年 | 3室1厅 | 92.5平米 | 西北,https://ke-image.ljcdn.com/110000-inspection/pc1_xeYjT9IHA_1.jpg!m_fill,w_280,h_210,f_jpg?from=ke.com
20241029,海淀,苏州桥,101122001252,中关村西南向大3居2卫 精装修无遮挡临地铁配套齐,1790万,92392元/平,低楼层 (共24层) 3室2厅 | 193.74平米 | 西南,https://ke-image.ljcdn.com/110000-inspection/7f781b6d-2107-4ca5-badc-7fe2a9d54b9e_1000.jpg!m_fill,w_280,h_210,f_jpg?from=ke.com
20241029,海淀,苏州桥,101121920801,稻香园北社区 大一居带客厅 南向不临街,560万,85575元/平,低楼层 (共20层) | 1992年 | 1室1厅 | 65.44平米 | 南,https://ke-image.ljcdn.com/110000-inspection/pc1_88zijdjBx_1.jpg!m_fill,w_280,h_210,f_jpg?from=ke.com
20241029,海淀,苏州桥,101121740978,长远天地东南向高楼层单价低房价低诚心出售,1500万,63649元/平,中楼层 (共21层) | 2003年 | 4室2厅 | 235.67平米 | 东南,https://ke-image.ljcdn.com/110000-inspection/8df1f5d0-0b81-48b6-81eb-5d002e19411d_1000.jpg!m_fill,w_280,h_210,f_jpg?from=ke.com
20241029,海淀,苏州桥,101121649047,紫金庄园  西南朝向 大一局 中间层,598万,94248元/平,中楼层 (共22层) | 2000年 | 1室1厅 | 63.45平米 | 西南,https://ke-image.ljcdn.com/110000-inspection/87d98a3f-3d6e-4360-a85e-da8f7a1cd68a_1000.jpg!m_fill,w_280,h_210,f_jpg?from=ke.com
20241029,海淀,苏州桥,101121460184,小南庄社区 全明格局一居中间层,473万,111821元/平,中楼层 (共6层) 1室1厅 | 42.3平米 | 东,https://ke-image.ljcdn.com/110000-inspection/e42b64b1-5242-45de-9d56-9d4a7255b49b_1000.jpg!m_fill,w_280,h_210,f_jpg?from=ke.com
20241029,海淀,苏州桥,101121416908,稻香园 万泉河 苏州街 满五年唯一,598万,95680元/平,底层 (共6层) | 1985年 | 2室1厅 | 62.5平米 | 南 北,https://ke-image.ljcdn.com/110000-inspection/pc1_tGa6JwLrB_1.jpg!m_fill,w_280,h_210,f_jpg?from=ke.com
20241029,海淀,苏州桥,101121390840,小南庄新区  南北通透 看房方便,399万,59191元/平,地下室 (共6层) 2室1厅 | 67.41平米 | 南 北,https://ke-image.ljcdn.com/110000-inspection/pc1_wDqYbqkoO_1.jpg!m_fill,w_280,h_210,f_jpg?from=ke.com
20241029,海淀,苏州桥,101121361464,明卫双南格局 通透房间大采光好居住舒服,618万,117715元/平,中楼层 (共6层) 2室1厅 | 52.5平米 | 南,https://ke-image.ljcdn.com/110000-inspection/pc1_VBq5ZQ3NN_1.jpg!m_fill,w_280,h_210,f_jpg?from=ke.com
20241029,海淀,苏州桥,101121287221,小南庄社区 顶层小两居 看房方便 社区已经改造,518万,103147元/平,顶层 (共6层) | 1994年 | 2室1厅 | 50.22平米 | 南 北,https://ke-image.ljcdn.com/110000-inspection/pc1_HtmNjaW5U_1.jpg!m_fill,w_280,h_210,f_jpg?from=ke.com
20241029,海淀,苏州桥,101121130646,西颐北馆 中科院家属院 停车方便,420万,72539元/平,中楼层 (共5层) | 1998年 | 2室1厅 | 57.9平米 | 东,https://ke-image.ljcdn.com/110000-inspection/c552bc95-5cfd-4e7e-ad20-8e904a0fcd85_1000.jpg!m_fill,w_280,h_210,f_jpg?from=ke.com
20241029,海淀,苏州桥,101121096975,榆树林 正规一室一厅 楼龄新 业主诚意出售,600万,107086元/平,中楼层 (共6层) 1室1厅 | 56.03平米 | 东北,https://ke-image.ljcdn.com/110000-inspection/d9324e50-0b31-4ad7-89d0-8ab776ae9386_1000.jpg!m_fill,w_280,h_210,f_jpg?from=ke.com
20241029,海淀,苏州桥,101121055164,小南庄南北大一居 不临街采光好 出行方便,416万,75913元/平,底层 (共6层) | 1995年 | 1室1厅 | 54.8平米 | 南 北,https://ke-image.ljcdn.com/110000-inspection/d59afe48-5d94-4009-8f9d-ed6e4ada9626_1000.jpg!m_fill,w_280,h_210,f_jpg?from=ke.com
20241029,海淀,苏州桥,101120989895,苏州街经典低楼层有厅三居适合多贷款地铁200米,650万,96268元/平,底层 (共10层) 3室1厅 | 67.52平米 | 南 北,https://ke-image.ljcdn.com/110000-inspection/pc1_E2UNjFDrf_1.jpg!m_fill,w_280,h_210,f_jpg?from=ke.com
20241029,海淀,苏州桥,101120959937,小南庄社区精装三居室带的电梯视野无遮挡,930万,100335元/平,中楼层 (共12层) 3室1厅 | 92.69平米 | 南 北,https://ke-image.ljcdn.com/110000-inspection/pc1_vKydCUK9U_1.jpg!m_fill,w_280,h_210,f_jpg?from=ke.com
20241029,海淀,苏州桥,101120933433,万泉庄小区1居室空置随时可看.,458万,91054元/平,底层 (共6层) | 1991年 | 1室1厅 | 50.3平米 | 东 西,https://ke-image.ljcdn.com/110000-inspection/pc1_GUVYp0LL5_1.jpg!m_fill,w_280,h_210,f_jpg?from=ke.com
20241029,海淀,苏州桥,101120863373,中关村 苏州街地铁口 南北通透三居 满五唯一单位分房,686万,99710元/平,低楼层 (共12层) 3室1厅 | 68.8平米 | 南 北,https://ke-image.ljcdn.com/110000-inspection/pc1_NUJFtnCtN_1.jpg!m_fill,w_280,h_210,f_jpg?from=ke.com
20241029,海淀,苏州桥,101120818572,苏州街地铁口 带电梯两居 交通便利 急售看房方便,540万,90000元/平,低楼层 (共16层) 2室1厅 | 60平米 | 东 北,https://ke-image.ljcdn.com/110000-inspection/fd47ebe5-fd56-48f4-b7e5-8bd91b849c63_1000.jpg!m_fill,w_280,h_210,f_jpg?from=ke.com
20241029,海淀,苏州桥,101120765770,紫金庄园2000年社区全面市政改造满五年停车位充足,1230万,100738元/平,中楼层 (共22层) | 1999年 | 3室1厅 | 122.1平米 | 西南,https://ke-image.ljcdn.com/110000-inspection/pc1_GGiwS5GzR_1.jpg!m_fill,w_280,h_210,f_jpg?from=ke.com
20241029,海淀,苏州桥,101120676968,海淀南路两居 单位分房 带电梯 诚意出售,638万,108504元/平,高楼层 (共16层) 2室1厅 | 58.8平米 | 东北,https://ke-image.ljcdn.com/110000-inspection/a729628a-ea62-49a6-acd0-f97428469a87_1000.jpg!m_fill,w_280,h_210,f_jpg?from=ke.com
20241029,海淀,苏州桥,101120342102,苏州街 满五唯一商品房 西南向 临地铁  配套齐全,1190万,84758元/平,低楼层 (共24层) 2室2厅 | 140.4平米 | 西南,https://ke-image.ljcdn.com/110000-inspection/pc1_iqinM94Jg_1.jpg!m_fill,w_280,h_210,f_jpg?from=ke.com
20241029,海淀,苏州桥,101120244095,苏州桥紫金庄园东向大两居户型方正视野开阔无遮挡,1099万,72398元/平,中楼层 (共22层) 2室1厅 | 151.8平米 | 东,https://ke-image.ljcdn.com/110000-inspection/pc1_gftRQrHs9_1.jpg!m_fill,w_280,h_210,f_jpg?from=ke.com
20241029,海淀,苏州桥,101119923514,苏州桥小南庄甲26号院南北通透、楼龄新、安静不临街,598万,143063元/平,底层 (共6层) 1室1厅 | 41.8平米 | 南 北,https://ke-image.ljcdn.com/110000-inspection/pc1_WXPtINCWy_1.jpg!m_fill,w_280,h_210,f_jpg?from=ke.com
20241029,海淀,苏州桥,101119881078,中关村 苏州街 海淀南路 南向一居 高层采光视野好房主自荐,429万,106452元/平,顶层 (共12层) 1室1厅 | 40.3平米 | 南,https://ke-image.ljcdn.com/110000-inspection/pc1_ePJyJMU5V_1.jpg!m_fill,w_280,h_210,f_jpg?from=ke.com
20241029,海淀,苏州桥,101119854395,海淀南路 满五年两居室 高楼层带电梯精装修,770万,128078元/平,高楼层 (共16层) 2室1厅 | 60.12平米 | 西南,https://ke-image.ljcdn.com/110000-inspection/pc1_PemuehON3_1.jpg!m_fill,w_280,h_210,f_jpg?from=ke.com
20241029,海淀,苏州桥,101119762319,满五唯一精装修小区环境好临地铁10号线苏州街站,760万,102014元/平,底层 (共16层) 3室1厅 | 74.5平米 | 西北,https://ke-image.ljcdn.com/110000-inspection/pc1_PEKu7MnHC_2.jpg!m_fill,w_280,h_210,f_jpg?from=ke.com
20241029,海淀,苏州桥,101119760235,海淀南路 满五年单位分房 带电梯 诚意出售,880万,119647元/平,中楼层 (共16层) 3室1厅 | 73.55平米 | 东北,https://ke-image.ljcdn.com/110000-inspection/pc1_RcP6O3Vd1_1.jpg!m_fill,w_280,h_210,f_jpg?from=ke.com
20241029,海淀,苏州桥,101119704904,小南庄 精装修半地下 南北向 独立管理 安静 不临街,350万,70836元/平,地下室 (共6层) | 1995年 | 1室1厅 | 49.41平米 | 南 北,https://ke-image.ljcdn.com/110000-inspection/c1d71087-2260-410a-bf7d-d35eeba98ad2_1000.jpg!m_fill,w_280,h_210,f_jpg?from=ke.com
20241029,海淀,苏州桥,101119578259,万泉庄小区东西通透大客厅正规一居室房主自荐,600万,125787元/平,高楼层 (共6层) | 1991年 | 1室1厅 | 47.7平米 | 东 西,https://ke-image.ljcdn.com/110000-inspection/pc1_m89lSSmb5_1.jpg!m_fill,w_280,h_210,f_jpg?from=ke.com
20241029,海淀,苏州桥,101119569730,满五年 一手业主中间楼层采光好无遮挡诚心出售,756万,70033元/平,低楼层 (共21层) 1室1厅 | 107.95平米 | 北,https://ke-image.ljcdn.com/110000-inspection/f704e8ed-6893-4d28-afb9-794ccdd9d2e6_1000.jpg!m_fill,w_280,h_210,f_jpg?from=ke.com
20241029,海淀,苏州桥,101119542500,万泉河62号院1998年楼龄新大两居小区环境好,980万,109498元/平,顶层 (共6层) 2室1厅 | 89.5平米 | 东北,https://ke-image.ljcdn.com/110000-inspection/pc1_x6y4qicDS_1.jpg!m_fill,w_280,h_210,f_jpg?from=ke.com
20241029,海淀,苏州桥,101119478931,三义庙北低层南向一居室安静不临街,349万,83294元/平,低楼层 (共6层) | 1988年 | 2室1厅 | 41.9平米 | 南,https://ke-image.ljcdn.com/110000-inspection/pc1_8ELsst9uC_1.jpg!m_fill,w_280,h_210,f_jpg?from=ke.com
20241029,海淀,苏州桥,101119346615,海淀南路 两居室 采光好 无遮挡 带电梯 诚心出售,735万,118933元/平,中楼层 (共16层) | 1990年 | 2室1厅 | 61.8平米 | 东南,https://ke-image.ljcdn.com/110000-inspection/38c4b28d-ea75-4b2b-86f4-6ec3e25ae085_1000.jpg!m_fill,w_280,h_210,f_jpg?from=ke.com
20241029,海淀,苏州桥,101119335080,小南庄 正规一居室 低楼层 诚心出售房主自荐,488万,124809元/平,底层 (共6层) | 1980年 | 1室1厅 | 39.1平米 | 南,https://ke-image.ljcdn.com/110000-inspection/pc1_tWtXG0Y8Y_1.jpg!m_fill,w_280,h_210,f_jpg?from=ke.com
20241029,海淀,苏州桥,101119263124,3居2卫 东南朝向 6层 视野好 客厅50平  适合居住,1600万,68289元/平,低楼层 (共21层) | 2003年 | 3室2厅 | 234.3平米 | 东 南,https://ke-image.ljcdn.com/110000-inspection/pc1_mBbeQ8Z9C_1.jpg!m_fill,w_280,h_210,f_jpg?from=ke.com
20241029,海淀,苏州桥,101119238038,人车分流花园式小区正规商品房住宅,450万,99163元/平,高楼层 (共18层) | 2004年 | 1室1厅 | 45.38平米 | 东,https://ke-image.ljcdn.com/110000-inspection/pc1_9qz33jVXo_1.jpg!m_fill,w_280,h_210,f_jpg?from=ke.com
20241029,海淀,苏州桥,101119171248,三义庙北 1994年 南北两居带客厅满五年唯一,660万,100764元/平,底层 (共7层) | 1994年 | 2室1厅 | 65.5平米 | 南 北,https://ke-image.ljcdn.com/110000-inspection/93b0e93c-0965-45f5-93e5-9f34084e10f3_1000.jpg!m_fill,w_280,h_210,f_jpg?from=ke.com
20241029,海淀,苏州桥,101119111779,房子是满五年唯一可以多贷款看房方便。,910万,97015元/平,中楼层 (共20层) 3室1厅 | 93.8平米 | 西北,https://ke-image.ljcdn.com/110000-inspection/pc1_GV2m8Qsaj_1.jpg!m_fill,w_280,h_210,f_jpg?from=ke.com
20241029,海淀,苏州桥,101119106538,小南庄小一居室看房方便还有电梯,569万,138511元/平,顶层 (共16层) 1室1厅 | 41.08平米 | 南,https://ke-image.ljcdn.com/110000-inspection/pc1_WaFLPau5P_1.jpg!m_fill,w_280,h_210,f_jpg?from=ke.com
20241029,海淀,苏州桥,101119034415,中关村商圈远中悦莱70年产权 精装修 临地铁10号线,640万,107401元/平,中楼层 (共22层) 1室1厅 | 59.59平米 | 西,https://ke-image.ljcdn.com/110000-inspection/7a36fdd3-33a4-4198-bb91-ccbfd15e6f60_1000.jpg!m_fill,w_280,h_210,f_jpg?from=ke.com
20241029,海淀,苏州桥,101118852913,满五年成本价南北通透明厅格局业主诚售,610万,121466元/平,顶层 (共6层) | 1994年 | 2室1厅 | 50.22平米 | 南 北,https://ke-image.ljcdn.com/110000-inspection/pc1_KlLd95t4P_1.jpg!m_fill,w_280,h_210,f_jpg?from=ke.com
20241029,海淀,苏州桥,101118732847,小南庄社区 中间层 南北通透大 一居室,410万,75271元/平,中楼层 (共6层) | 2000年 | 1室1厅 | 54.47平米 | 南 北,https://ke-image.ljcdn.com/110000-inspection/8792abaa-8bd6-4a0f-bb15-bb0ad0a73fe7_1000.jpg!m_fill,w_280,h_210,f_jpg?from=ke.com
20241029,海淀,苏州桥,101118710342,南北通透 精装修管理好南北双阳台 环境好,299万,56405元/平,地下室 (共6层) | 1995年 | 1室1厅 | 53.01平米 | 南 北,https://ke-image.ljcdn.com/110000-inspection/pc1_t6uyco8th.jpg!m_fill,w_280,h_210,f_jpg?from=ke.com
20241029,海淀,苏州桥,101118662632,万泉河62号院  满五年央产房 苏州街,1078万,125642元/平,中楼层 (共10层) 3室1厅 | 85.8平米 | 南 北,https://ke-image.ljcdn.com/110000-inspection/614b5413-4d49-479e-9165-b020fbeb69bc_1000.jpg!m_fill,w_280,h_210,f_jpg?from=ke.com
20241029,海淀,苏州桥,101118651308,苏州街52号院全明格局3居室双阳台,1139万,99598元/平,中楼层 (共20层) 3室1厅 | 114.36平米 | 东 西 北,https://ke-image.ljcdn.com/110000-inspection/pc1_lsGxpuB9d_1.jpg!m_fill,w_280,h_210,f_jpg?from=ke.com
20241029,海淀,苏州桥,101118644880,海淀黄庄地铁口 精装修三居室 带电梯高楼层,850万,116599元/平,中楼层 (共16层) 3室1厅 | 72.9平米 | 东北,https://ke-image.ljcdn.com/110000-inspection/pc1_jVGbJm0gr_1.jpg!m_fill,w_280,h_210,f_jpg?from=ke.com
20241029,海淀,苏州桥,101118631894,小南庄社区低楼层朝南向一居室诚心出售,540万,117622元/平,低楼层 (共6层) 1室1厅 | 45.91平米 | 南,https://ke-image.ljcdn.com/110000-inspection/pc1_ioZIu2yDW.jpg!m_fill,w_280,h_210,f_jpg?from=ke.com
20241029,海淀,苏州桥,101118552775,三义庙北 精装修 满五年唯一 不临街房主自荐,599万,110742元/平,高楼层 (共6层) 2室1厅 | 54.09平米 | 南 北,https://ke-image.ljcdn.com/110000-inspection/pc1_Gs0WbP3Cf_1.jpg!m_fill,w_280,h_210,f_jpg?from=ke.com
20241029,海淀,苏州桥,101118548885,小南庄 精装修 南北通透 光线好 视野佳 诚心出售房主自荐,450万,89606元/平,顶层 (共6层) 1室1厅 | 50.22平米 | 南 北,https://ke-image.ljcdn.com/110000-inspection/pc1_prAdSJ3ow_1.jpg!m_fill,w_280,h_210,f_jpg?from=ke.com
20241029,海淀,苏州桥,101118508497,中关村 苏州桥 稻香园西里 南向精装两居 中间层带电梯,600万,101695元/平,中楼层 (共18层) 2室1厅 | 59平米 | 南,https://ke-image.ljcdn.com/110000-inspection/pc1_zT2fmKZaw_1.jpg!m_fill,w_280,h_210,f_jpg?from=ke.com
20241029,海淀,苏州桥,101118425312,小南庄社区2居室诚心出售看房方便,399万,58274元/平,地下室 (共6层) 2室1厅 | 68.47平米 | 南 北,https://ke-image.ljcdn.com/110000-inspection/pc1_1ann9hdXS_1.jpg!m_fill,w_280,h_210,f_jpg?from=ke.com
20241029,海淀,苏州桥,101118387912,苏州街20号院  双地铁 商品房社区 能停车,1100万,83498元/平,高楼层 (共14层) 3室1厅 | 131.74平米 | 西,https://ke-image.ljcdn.com/110000-inspection/7f8af4d9-abcf-4504-9ad9-02ec77e3bc6c_1000.jpg!m_fill,w_280,h_210,f_jpg?from=ke.com
20241029,海淀,苏州桥,101118329894,稻香园 南北通透高楼层三居室 视野开阔,705万,118289元/平,顶层 (共6层) 3室1厅 | 59.6平米 | 南 北,https://ke-image.ljcdn.com/110000-inspection/pc1_mhnhHXRWK_1.jpg!m_fill,w_280,h_210,f_jpg?from=ke.com
20241029,海淀,苏州桥,101118248820,小南庄社区 南北通透 中间楼 中间户型 采光好,640万,98735元/平,中楼层 (共6层) | 1995年 | 2室1厅 | 64.82平米 | 南 北,https://ke-image.ljcdn.com/110000-inspection/pc1_6MZQE04Dt_1.jpg!m_fill,w_280,h_210,f_jpg?from=ke.com
20241029,海淀,苏州桥,101118095228,满五年唯一不临街精装修小区安静停车方便,700万,78300元/平,顶层 (共6层) 2室1厅 | 89.4平米 | 东 西,https://ke-image.ljcdn.com/110000-inspection/0c0067cd-b814-4c77-aa98-87b2946b600d_1000.jpg!m_fill,w_280,h_210,f_jpg?from=ke.com
20241029,海淀,苏州桥,101117973399,板楼2层通透两居室格局好没浪费面积,580万,105647元/平,低楼层 (共6层) 2室1厅 | 54.9平米 | 东 西,https://ke-image.ljcdn.com/110000-inspection/720dc83e-242a-4acd-bb2f-7823a90a0052_1000.jpg!m_fill,w_280,h_210,f_jpg?from=ke.com
20241029,海淀,苏州桥,101117904138,小南庄社区  南北2居室  苏州街苏州桥地铁10、16号线,692万,106758元/平,顶层 (共6层) | 1995年 | 2室1厅 | 64.82平米 | 南 北,https://ke-image.ljcdn.com/110000-inspection/f61db3d1-db11-4664-805b-5f66591a9be2_1000.jpg!m_fill,w_280,h_210,f_jpg?from=ke.com
20241029,海淀,苏州桥,101117794487,苏州桥  紫金庄园 全南向 2居,710万,105389元/平,低楼层 (共22层) | 2000年 | 2室1厅 | 67.37平米 | 南,https://ke-image.ljcdn.com/110000-inspection/pc1_vX56TrqhJ_1.jpg!m_fill,w_280,h_210,f_jpg?from=ke.com
20241029,海淀,苏州桥,101117780430,三义庙北满五央产小区环境好好停车,556万,95863元/平,顶层 (共6层) 2室1厅 | 58平米 | 南 北,https://ke-image.ljcdn.com/110000-inspection/b59c70c1-9e66-45e8-ac78-3c4cc71938e7_1000.jpg!m_fill,w_280,h_210,f_jpg?from=ke.com
20241029,海淀,苏州桥,101117449156,小南庄  电梯  高层  2居室  满五年  精装修,715万,121682元/平,中楼层 (共16层) 2室1厅 | 58.76平米 | 南,https://ke-image.ljcdn.com/110000-inspection/pc1_yg98mGebC_1.jpg!m_fill,w_280,h_210,f_jpg?from=ke.com
20241029,海淀,苏州桥,101117162293,小南庄社区双南向2居室视野采光好,745万,118067元/平,低楼层 (共16层) | 1986年 | 2室1厅 | 63.1平米 | 南,https://ke-image.ljcdn.com/110000-inspection/92bdc366-a92c-4240-b439-b81b979574ad_1000.jpg!m_fill,w_280,h_210,f_jpg?from=ke.com
20241029,海淀,苏州桥,101116918865,小南庄社区 南北通透 单独管理 采光好 不临街,800万,101215元/平,高楼层 (共6层) 3室1厅 | 79.04平米 | 南 北,https://ke-image.ljcdn.com/110000-inspection/pc1_afv45wL9j_1.jpg!m_fill,w_280,h_210,f_jpg?from=ke.com
20241029,海淀,苏州桥,101116755780,稻香园大3居室 东南北三面采光临地铁,1300万,130812元/平,低楼层 (共6层) 3室1厅 | 99.38平米 | 东 南 北,https://ke-image.ljcdn.com/110000-inspection/a98beade-37e7-46a1-8e32-797c0c4edc4d_1000.jpg!m_fill,w_280,h_210,f_jpg?from=ke.com
20241029,海淀,苏州桥,101116726210,南北两居室  不临街 自住精装修 满五年唯一,530万,107724元/平,底层 (共6层) 2室1厅 | 49.2平米 | 南 北,https://ke-image.ljcdn.com/110000-inspection/pc1_Yw795fbwe_1.jpg!m_fill,w_280,h_210,f_jpg?from=ke.com
20241029,海淀,苏州桥,101116507321,西北三环苏州桥南北三居 诚心出售看房方便 中科院物业,650万,71983元/平,中楼层 (共5层) | 1998年 | 3室1厅 | 90.3平米 | 西南,https://ke-image.ljcdn.com/110000-inspection/7d4936e2-ca14-459b-b1de-4f8432507bf4_1000.jpg!m_fill,w_280,h_210,f_jpg?from=ke.com
20241029,海淀,苏州桥,101116446096,苏州桥紫金庄园 带电梯大三居室,1375万,80269元/平,高楼层 (共22层) 3室1厅 | 171.3平米 | 东,https://ke-image.ljcdn.com/110000-inspection/pc1_IPZfciHfI_1.jpg!m_fill,w_280,h_210,f_jpg?from=ke.com
20241029,海淀,苏州桥,101116362637,苏州桥 紫金庄园大三居 户型方正 看房方便,1400万,71175元/平,高楼层 (共22层) | 1998年 | 3室2厅 | 196.7平米 | 西南,https://ke-image.ljcdn.com/110000-inspection/6f284c6e-2bcc-40b6-bbfd-4731b24f9362_1000.jpg!m_fill,w_280,h_210,f_jpg?from=ke.com
20241029,海淀,苏州桥,101116204766,稻香园西里优质一居室电梯房中间楼层,600万,116055元/平,中楼层 (共18层) | 1999年 | 1室1厅 | 51.7平米 | 南,https://ke-image.ljcdn.com/110000-inspection/95060c4a-6390-46f4-b0da-860b9be1b2f5_1000.jpg!m_fill,w_280,h_210,f_jpg?from=ke.com
20241029,海淀,苏州桥,101116144801,三义庙北 南向一居室 业主诚心出售,430万,114362元/平,顶层 (共6层) 1室1厅 | 37.6平米 | 南,https://ke-image.ljcdn.com/110000-inspection/b1b560b1-ba5f-4cab-af1d-7ebe4ad448e5_1000.jpg!m_fill,w_280,h_210,f_jpg?from=ke.com
20241029,海淀,苏州桥,101116127143,满五唯一商品房精装修四居双卫电梯房,1720万,67690元/平,高楼层 (共22层) | 1998年 | 4室2厅 | 254.1平米 | 西 东,https://ke-image.ljcdn.com/110000-inspection/pc1_yFfKEwCo4_1.jpg!m_fill,w_280,h_210,f_jpg?from=ke.com
20241029,海淀,苏州桥,101116066178,小南庄社区 四居 有电梯 楼龄新,1600万,94754元/平,低楼层 (共18层) | 1997年 | 4室2厅 | 168.86平米 | 西南 北,https://ke-image.ljcdn.com/110000-inspection/5c3c69cf-8b00-40a2-beb9-26742e545a21_1000.jpg!m_fill,w_280,h_210,f_jpg?from=ke.com
20241029,海淀,苏州桥,101115679700,小南庄社区 2室1厅 东南,950万,118810元/平,顶层 (共18层) 2室1厅 | 79.96平米 | 东南,https://ke-image.ljcdn.com/110000-inspection/pc1_EQq575bX8_1.jpg!m_fill,w_280,h_210,f_jpg?from=ke.com
20241029,海淀,苏州桥,101115601441,小南庄社区 南北通透两居室  满五年 业主诚心出售,320万,51062元/平,地下室 (共6层) | 1995年 | 2室1厅 | 62.67平米 | 南 北,https://ke-image.ljcdn.com/110000-inspection/7221d610-32cb-4b28-974a-eb6cc10db68a_1000.jpg!m_fill,w_280,h_210,f_jpg?from=ke.com
20241029,海淀,苏州桥,101115012446,紫金庄园 目前周边带电梯三居中十分优质的一套,1450万,73717元/平,中楼层 (共22层) 3室1厅 | 196.7平米 | 西南,https://ke-image.ljcdn.com/110000-inspection/0af3c996-648f-434c-8ed4-0002267dd12b_1000.jpg!m_fill,w_280,h_210,f_jpg?from=ke.com
20241029,海淀,苏州桥,101114965572,万泉庄优质两居室 南北通透 精装修,599万,95687元/平,顶层 (共6层) | 2001年 | 2室1厅 | 62.6平米 | 南 北,https://ke-image.ljcdn.com/110000-inspection/pc1_9kQSkPYGi_1.jpg!m_fill,w_280,h_210,f_jpg?from=ke.com
20241029,海淀,苏州桥,101114869509,小南庄 大两居室 精装修 适合刚需客户,359万,52570元/平,地下室 (共6层) | 1994年 | 2室1厅 | 68.29平米 | 南 北,https://ke-image.ljcdn.com/110000-inspection/pc1_2uMqFaqic_1.jpg!m_fill,w_280,h_210,f_jpg?from=ke.com
20241029,海淀,苏州桥,101114765445,房产证满五年 小区可停车 层高3.3米,900万,99668元/平,中楼层 (共5层) | 1998年 | 3室1厅 | 90.3平米 | 西南,https://ke-image.ljcdn.com/110000-inspection/c54cf420-446b-43ae-a4fe-8347c2cc0a11_1000.jpg!m_fill,w_280,h_210,f_jpg?from=ke.com
20241029,海淀,苏州桥,101114300190,苏州桥 小南庄万泉  满五年  板楼三层房主自荐,605万,143706元/平,中楼层 (共6层) 1室1厅 | 42.1平米 | 南 北,https://ke-image.ljcdn.com/110000-inspection/pc1_K0BghbqbQ_1.jpg!m_fill,w_280,h_210,f_jpg?from=ke.com
20241029,海淀,苏州桥,101113966241,小南庄社区全明格局户型视野开阔采光充足,590万,96564元/平,顶层 (共6层) | 1980年 | 2室1厅 | 61.1平米 | 南 北,https://ke-image.ljcdn.com/110000-inspection/pc1_arAEiH0Ko_1.jpg!m_fill,w_280,h_210,f_jpg?from=ke.com
20241029,海淀,苏州桥,101112707267,苏州街77号院 两居室 满五年家庭一套商品房,530万,91855元/平,中楼层 (共6层) 2室1厅 | 57.7平米 | 北 南,https://ke-image.ljcdn.com/110000-inspection/pc1_Aaocxw3Iv_1.jpg!m_fill,w_280,h_210,f_jpg?from=ke.com
20241029,海淀,苏州桥,101111512344,小南庄社区 精装修 南北通透 两居室,788万,122857元/平,顶层 (共6层) 2室1厅 | 64.14平米 | 南 北,https://ke-image.ljcdn.com/110000-inspection/pc1_N71FpntL5_1.jpg!m_fill,w_280,h_210,f_jpg?from=ke.com
20241029,海淀,苏州桥,101111090783,满五年精装修低楼层带电梯小区中间位置采光充足,900万,97614元/平,低楼层 (共22层) | 1999年 | 2室2厅 | 92.2平米 | 南,https://ke-image.ljcdn.com/110000-inspection/pc1_NDSDtT3JM_1.jpg!m_fill,w_280,h_210,f_jpg?from=ke.com
20241029,海淀,苏州桥,101127306859,小南庄 1995年房龄 看房方便,380万,81651元/平,高楼层 (共6层) 1室1厅 | 46.54平米 | 东,https://ke-image.ljcdn.com/110000-inspection/pc1_wBsE4yP4Q_1.jpg!m_fill,w_280,h_210,f_jpg?from=ke.com
20241029,海淀,苏州桥,101127290190,万泉河62号院 3室1厅 东南,650万,93945元/平,底层 (共6层) 3室1厅 | 69.19平米 | 东南,https://ke-image.ljcdn.com/110000-inspection/c99f1815-7dc0-47a5-84fe-dad2f8a326df_1000.jpg!m_fill,w_280,h_210,f_jpg?from=ke.com
20241029,海淀,苏州桥,101127290242,稻香园北社区  低层南北小三居  不临街  诚心卖,648万,109091元/平,底层 (共6层) 3室1厅 | 59.4平米 | 南 北,https://ke-image.ljcdn.com/110000-inspection/a368568c-f238-4232-8c8c-79fea3b66603_1000.jpg!m_fill,w_280,h_210,f_jpg?from=ke.com
20241029,海淀,苏州桥,101127288585,小南庄社区 1998年 南北向 带电梯 诚心出售新上,820万,88467元/平,底层 (共12层) 3室1厅 | 92.69平米 | 南,https://ke-image.ljcdn.com/110000-inspection/pc1_wZFWcm1m4_1.jpg!m_fill,w_280,h_210,f_jpg?from=ke.com
20241029,海淀,苏州桥,101127284591,苏州街12号精装三居在客厅俯瞰西山美景居住舒适,1210万,93329元/平,顶层 (共22层) 3室2厅 | 129.65平米 | 西北,https://ke-image.ljcdn.com/110000-inspection/pc1_vIxIzHSuq_1.jpg!m_fill,w_280,h_210,f_jpg?from=ke.com
20241029,海淀,苏州桥,101127274014,小南庄甲26号院 三建集团家属楼 楼龄新 户型好,509万,82644元/平,顶层 (共6层) 2室1厅 | 61.59平米 | 南 北,https://ke-image.ljcdn.com/110000-inspection/pc1_12FWquXGx_1.jpg!m_fill,w_280,h_210,f_jpg?from=ke.com
20241029,海淀,苏州桥,101127270706,小南庄社区 2室1厅 南 北新上,590万,99612元/平,高楼层 (共6层) 2室1厅 | 59.23平米 | 南 北,https://ke-image.ljcdn.com/110000-inspection/c516a82e-6b23-4dd6-8c05-ae026ca950b3_1000.jpg!m_fill,w_280,h_210,f_jpg?from=ke.com
20241029,海淀,苏州桥,101127268439,海淀南路30号院  南北双通透三居室  明厨明卫新上,1409万,107558元/平,高楼层 (共6层) | 1998年 | 3室2厅 | 131平米 | 南 北,https://ke-image.ljcdn.com/110000-inspection/aa4854fb-9b5b-4236-85fb-6f143c0cdbfb_1000.jpg!m_fill,w_280,h_210,f_jpg?from=ke.com
20241029,海淀,苏州桥,101127254529,三义庙北 2室1厅 东 西新上,609万,91442元/平,中楼层 (共7层) | 1994年 | 2室1厅 | 66.6平米 | 东 西,https://ke-image.ljcdn.com/110000-inspection/691581e0-bd4f-43ae-b8b7-859bc5da9de7_1000.jpg!m_fill,w_280,h_210,f_jpg?from=ke.com
20241029,海淀,苏州桥,101127252952,紫金庄园满五唯一农行总行家属楼新上,850万,104244元/平,高楼层 (共22层) | 1998年 | 2室1厅 | 81.54平米 | 南,https://ke-image.ljcdn.com/110000-inspection/6ee1956f-9e68-4c2a-9ab8-9cb07fba5e4c_1000.jpg!m_fill,w_280,h_210,f_jpg?from=ke.com
20241029,海淀,苏州桥,101127252950,小南庄社区 1室1厅 东新上,378万,81221元/平,顶层 (共6层) 1室1厅 | 46.54平米 | 东,https://ke-image.ljcdn.com/110000-inspection/pc1_JPxkBcjFT_1.jpg!m_fill,w_280,h_210,f_jpg?from=ke.com
20241029,海淀,苏州桥,101127193286,小南庄社区 1996年楼龄 东向大一居诚心出售新上,430万,79926元/平,顶层 (共6层) | 1998年 | 2室1厅 | 53.8平米 | 东,https://ke-image.ljcdn.com/110000-inspection/pc1_UgYTlr2me_1.jpg!m_fill,w_280,h_210,f_jpg?from=ke.com
20241029,海淀,苏州桥,101127176306,西屋国际 3室2厅 南 西新上,1688万,94492元/平,高楼层 (共22层) 3室2厅 | 178.64平米 | 南 西,https://ke-image.ljcdn.com/110000-inspection/381ef146-bce4-48f4-a400-321ab33d4d44_1000.jpg!m_fill,w_280,h_210,f_jpg?from=ke.com
20241029,海淀,苏州桥,101127167848,小南庄 精装修 97年 正规客厅两居室新上,715万,93894元/平,顶层 (共18层) 2室1厅 | 76.15平米 | 东,https://ke-image.ljcdn.com/110000-inspection/pc1_uqFiAFnJU_1.jpg!m_fill,w_280,h_210,f_jpg?from=ke.com
20241029,海淀,苏州桥,101127153763,位置安静 9.7平米客厅 卧室宽敞明亮 随时看房,232万,50911元/平,地下室 (共6层) | 1995年 | 1室1厅 | 45.57平米 | 东,https://ke-image.ljcdn.com/110000-inspection/99c3caaf-7da1-487e-864e-45ddcbf58dfc_1000.jpg!m_fill,w_280,h_210,f_jpg?from=ke.com
20241029,海淀,苏州桥,101127149838,稻香园南北通透不临街精装修看房随时,1180万,104983元/平,中楼层 (共20层) 3室1厅 | 112.4平米 | 北 南 东,https://ke-image.ljcdn.com/110000-inspection/1b02a002-c550-4d2b-a6a8-203ade1ca30f_1000.jpg!m_fill,w_280,h_210,f_jpg?from=ke.com
20241029,海淀,苏州桥,101127066557,苏州桥 三义庙北小区 诚心出售 价格可谈房主自荐,520万,77880元/平,底层 (共6层) 2室1厅 | 66.77平米 | 东 西,https://ke-image.ljcdn.com/110000-inspection/pc1_wvflplvDV_1.jpg!m_fill,w_280,h_210,f_jpg?from=ke.com
20241029,海淀,苏州桥,101127062954,楼层高南北通透有电梯双线地铁看房方便,572万,93160元/平,高楼层 (共12层) | 1985年 | 2室1厅 | 61.4平米 | 南 北,https://ke-image.ljcdn.com/110000-inspection/14d8193a-183b-45f1-bd18-af33a03c01b7_1000.jpg!m_fill,w_280,h_210,f_jpg?from=ke.com
20241029,海淀,苏州桥,101127047188,2004年小区70年正规住宅小区  新装修,1650万,92365元/平,低楼层 (共22层) | 2004年 | 4室2厅 | 178.64平米 | 西南,https://ke-image.ljcdn.com/110000-inspection/pc1_EOpeusiU9_1.jpg!m_fill,w_280,h_210,f_jpg?from=ke.com
20241029,海淀,苏州桥,101126956469,中关村南向无遮挡精装采光好有车位,888万,93170元/平,中楼层 (共22层) | 2005年 | 1室1厅 | 95.31平米 | 南,https://ke-image.ljcdn.com/110000-inspection/pc1_JA8GDL03k_1.jpg!m_fill,w_280,h_210,f_jpg?from=ke.com
20241029,海淀,苏州桥,101126922088,小南庄社区 1室1厅 南 北,480万,84329元/平,底层 (共6层) | 2000年 | 1室1厅 | 56.92平米 | 南 北,https://ke-image.ljcdn.com/110000-inspection/pc1_xaSxCDBuZ_1.jpg!m_fill,w_280,h_210,f_jpg?from=ke.com
20241029,海淀,苏州桥,101126913284,小南庄社区 2层三居室 业主诚心出售,670万,95865元/平,低楼层 (共6层) 3室1厅 | 69.89平米 | 南 北,https://ke-image.ljcdn.com/110000-inspection/pc1_5OW2kLrDu_1.jpg!m_fill,w_280,h_210,f_jpg?from=ke.com
20241029,海淀,苏州桥,101126912210,中湾国际 1室0厅 南,430万,101416元/平,高楼层 (共19层) | 2009年 | 1室0厅 | 42.4平米 | 南,https://ke-image.ljcdn.com/110000-inspection/pc1_zFIg163C7_1.jpg!m_fill,w_280,h_210,f_jpg?from=ke.com
20241029,海淀,苏州桥,101126903028,小南庄 精装修 两居室 可公积金贷款,480万,81041元/平,顶层 (共6层) 2室1厅 | 59.23平米 | 南 北,https://ke-image.ljcdn.com/110000-inspection/pc1_qXxBsyNHh_1.jpg!m_fill,w_280,h_210,f_jpg?from=ke.com
20241029,海淀,苏州桥,101126860532,中湾国际 2室1厅 东 东南,900万,94707元/平,高楼层 (共19层) | 2009年 | 2室1厅 | 95.03平米 | 东 东南,https://ke-image.ljcdn.com/110000-inspection/fb7e5353-88cc-4fbe-91d8-1c996e0d71b9_1000.jpg!m_fill,w_280,h_210,f_jpg?from=ke.com
20241029,海淀,苏州桥,101126818123,中关村苏州街人车分流花园社区满五唯一带电梯,831万,119810元/平,高楼层 (共16层) 1室1厅 | 69.36平米 | 东南,https://ke-image.ljcdn.com/110000-inspection/e0f46428-de74-440c-996e-d947e6d1dc30_1000.jpg!m_fill,w_280,h_210,f_jpg?from=ke.com
20241029,海淀,苏州桥,101126794508,中湾国际 1室0厅 北,455万,69139元/平,高楼层 (共19层) | 2009年 | 1室0厅 | 65.81平米 | 北,https://ke-image.ljcdn.com/110000-inspection/e98de98e-d3c6-4a79-8b64-f09ca9a647df_1000.jpg!m_fill,w_280,h_210,f_jpg?from=ke.com
20241029,海淀,苏州桥,101126731704,小南庄社区好房小区环境优美周边配套齐全,360万,85309元/平,顶层 (共6层) | 1999年 | 1室1厅 | 42.2平米 | 西南,https://ke-image.ljcdn.com/110000-inspection/pc1_IHYzJKUU0_1.jpg!m_fill,w_280,h_210,f_jpg?from=ke.com
20241029,海淀,苏州桥,101126660242,立方庭南北通透格局楼层好视野宽阔采光充足。,590万,80262元/平,中楼层 (共10层) | 2008年 | 2室1厅 | 73.51平米 | 南 北,https://ke-image.ljcdn.com/110000-inspection/pc1_48nDDrqDg_1.jpg!m_fill,w_280,h_210,f_jpg?from=ke.com
20241029,海淀,苏州桥,101126650849,海淀南路30号院户型好闹中取静此户型卖的少,1870万,126694元/平,底层 (共6层) 4室2厅 | 147.6平米 | 南 北,https://ke-image.ljcdn.com/110000-inspection/pc1_EU2aeUwEQ_1.jpg!m_fill,w_280,h_210,f_jpg?from=ke.com
20241029,海淀,苏州桥,101126581466,榆树林 3室1厅 南 北,820万,84034元/平,顶层 (共6层) 3室1厅 | 97.58平米 | 南 北,https://ke-image.ljcdn.com/110000-inspection/pc1_AWs5CKR5X_1.jpg!m_fill,w_280,h_210,f_jpg?from=ke.com
20241029,海淀,苏州桥,101126567770,北三环苏州桥 小南庄社区 板楼带电梯三居室,730万,99185元/平,顶层 (共6层) | 1980年 | 3室1厅 | 73.6平米 | 南 北,https://ke-image.ljcdn.com/110000-inspection/6ee714ee-77df-40b2-83d4-a6ec7bf1022e_1000.jpg!m_fill,w_280,h_210,f_jpg?from=ke.com
20241029,海淀,苏州桥,101126537997,海淀南路34号 1室1厅 南,490万,64644元/平,中楼层 (共20层) | 2008年 | 1室1厅 | 75.8平米 | 南,https://ke-image.ljcdn.com/110000-inspection/pc1_zc4C2IcOz_1.jpg!m_fill,w_280,h_210,f_jpg?from=ke.com
20241029,海淀,苏州桥,101126462881,紫金庄园 4室2厅 西南,1950万,57795元/平,高楼层 (共22层) 4室2厅 | 337.4平米 | 西南,https://ke-image.ljcdn.com/110000-inspection/pc1_DoI8nRmVV_1.jpg!m_fill,w_280,h_210,f_jpg?from=ke.com
20241029,海淀,苏州桥,101126460696,航空港家属楼小区管理好2层好楼层楼龄新,499万,89044元/平,低楼层 (共6层) 2室1厅 | 56.04平米 | 东 西,https://ke-image.ljcdn.com/110000-inspection/pc1_dSrYsyaTh_1.jpg!m_fill,w_280,h_210,f_jpg?from=ke.com
20241029,海淀,苏州桥,101126448665,远中悦莱2005年新社区70年产权 精装修自住 有,860万,104917元/平,中楼层 (共21层) | 2005年 | 1室1厅 | 81.97平米 | 西,https://ke-image.ljcdn.com/110000-inspection/pc1_dwRXrW2EM_1.jpg!m_fill,w_280,h_210,f_jpg?from=ke.com
20241029,海淀,苏州桥,101126420401,三义庙北 3室1厅 南 北,666万,92244元/平,高楼层 (共6层) 3室1厅 | 72.2平米 | 南 北,https://ke-image.ljcdn.com/110000-inspection/pc1_MuMzrkQJb_1.jpg!m_fill,w_280,h_210,f_jpg?from=ke.com
20241029,海淀,苏州桥,101126352065,中关村 苏州桥小南庄精装南北通透中间层大两居 诚售,948万,104752元/平,中楼层 (共6层) | 1993年 | 2室2厅 | 90.5平米 | 南 北,https://ke-image.ljcdn.com/110000-inspection/pc1_wlH8naUUO_1.jpg!m_fill,w_280,h_210,f_jpg?from=ke.com
20241029,海淀,苏州桥,101126211491,无需购房资质此房精装修业主诚心卖房看房提前约,350万,81662元/平,低楼层 (共10层) | 2008年 | 2室2厅 | 42.86平米 | 北,https://ke-image.ljcdn.com/110000-inspection/4389c326-186a-4b60-b5bd-bc57f39f2dd5_1000.jpg!m_fill,w_280,h_210,f_jpg?from=ke.com
20241029,海淀,苏州桥,101126185688,小南庄社区 2室1厅 南 北,550万,84851元/平,高楼层 (共6层) | 1995年 | 2室1厅 | 64.82平米 | 南 北,https://ke-image.ljcdn.com/110000-inspection/dce5eba5-ef65-4ef0-ad63-015c9c89c7b3_1000.jpg!m_fill,w_280,h_210,f_jpg?from=ke.com
20241029,海淀,苏州桥,101126171345,小南庄社区 一居室 公积金贷款30年,379万,81506元/平,顶层 (共6层) | 1993年 | 1室1厅 | 46.5平米 | 南 北,https://ke-image.ljcdn.com/110000-inspection/pc1_U3g3aGjfX_1.jpg!m_fill,w_280,h_210,f_jpg?from=ke.com
20241029,海淀,苏州桥,101126143036,中关村 立方庭 上下两层复式三居精装修有燃气,1050万,100325元/平,中楼层 (共10层) | 2008年 | 3室2厅 | 104.66平米 | 南,https://ke-image.ljcdn.com/110000-inspection/pc1_lY7gYafJM_1.jpg!m_fill,w_280,h_210,f_jpg?from=ke.com
20241029,海淀,苏州桥,101126119096,社区改造已完成 满五年唯一 不临街无遮挡 视野开阔,520万,80347元/平,顶层 (共6层) | 1995年 | 2室1厅 | 64.72平米 | 南 北,https://ke-image.ljcdn.com/110000-inspection/9de14967-72b7-41c3-bc93-c6b4c1e920bb_1000.jpg!m_fill,w_280,h_210,f_jpg?from=ke.com
20241029,海淀,苏州桥,101126089680,满五年唯一民水民电有燃气精装修品质高八一,550万,92020元/平,低楼层 (共22层) | 2005年 | 1室1厅 | 59.77平米 | 西,https://ke-image.ljcdn.com/110000-inspection/pc1_ksW5CsIm7_1.jpg!m_fill,w_280,h_210,f_jpg?from=ke.com
20241029,海淀,苏州桥,101126065680,苏州街  南北通透  有客厅  不临街房主自荐,525万,99057元/平,底层 (共6层) | 1991年 | 2室1厅 | 53平米 | 南 北,https://ke-image.ljcdn.com/110000-inspection/pc1_jvFpviOsx_1.jpg!m_fill,w_280,h_210,f_jpg?from=ke.com
20241029,海淀,苏州桥,101126044690,小南庄社区南北通透双阳台两居室精装修,420万,62306元/平,地下室 (共6层) 2室1厅 | 67.41平米 | 南 北,https://ke-image.ljcdn.com/110000-inspection/pc1_mVrMuOWeB_1.jpg!m_fill,w_280,h_210,f_jpg?from=ke.com
20241029,海淀,苏州桥,101126008319,小南庄社区 精装修 满五年唯一 看房基本随时,268万,58811元/平,地下室 (共6层) | 1995年 | 1室1厅 | 45.57平米 | 东,https://ke-image.ljcdn.com/110000-inspection/pc1_A0ZhGfSQd_1.jpg!m_fill,w_280,h_210,f_jpg?from=ke.com
20241029,海淀,苏州桥,101125972256,稻香园铁道部家属楼业主诚心卖,620万,81280元/平,底层 (共10层) 2室1厅 | 76.28平米 | 东 西,https://ke-image.ljcdn.com/110000-inspection/pc1_hyzBuKULJ_1.jpg!m_fill,w_280,h_210,f_jpg?from=ke.com
20241029,海淀,苏州桥,101125927269,大河庄苑满五年唯一商品房看房随时,490万,86132元/平,低楼层 (共18层) | 2004年 | 1室0厅 | 56.89平米 | 东,https://ke-image.ljcdn.com/110000-inspection/5bc632d4-b4a9-4fa9-9c31-c3c5e67f578f_1000.jpg!m_fill,w_280,h_210,f_jpg?from=ke.com
20241029,海淀,苏州桥,101125844519,三义庙南北精装修带正规客厅两居室中间层拎包住,580万,93897元/平,低楼层 (共7层) | 1994年 | 2室1厅 | 61.77平米 | 南 北,https://ke-image.ljcdn.com/110000-inspection/pc1_BP0u6f62s_1.jpg!m_fill,w_280,h_210,f_jpg?from=ke.com
20241029,海淀,苏州桥,101125821642,大河庄苑 1室0厅 西,425万,93654元/平,低楼层 (共18层) | 2004年 | 1室0厅 | 45.38平米 | 西,https://ke-image.ljcdn.com/110000-inspection/pc1_fXobgF5NY.jpg!m_fill,w_280,h_210,f_jpg?from=ke.com
20241029,海淀,苏州桥,101125796225,面积大 南北通透中间楼层采光充足1梯2户,1720万,87572元/平,中楼层 (共9层) 3室2厅 | 196.41平米 | 南 北,https://ke-image.ljcdn.com/110000-inspection/pc1_9VLca9fp7_1.jpg!m_fill,w_280,h_210,f_jpg?from=ke.com
20241029,海淀,苏州桥,101125766114,纽约客70年产权精装复式对外大窗户业主诚心卖,410万,81902元/平,高楼层 (共15层) | 2007年 | 1室1厅 | 50.06平米 | 东,https://ke-image.ljcdn.com/110000-inspection/pc1_Fdx7pozkh_1.jpg!m_fill,w_280,h_210,f_jpg?from=ke.com
20241029,海淀,苏州桥,101125751702,立方庭 复式结构带燃气一居室 层高5.75米,623万,89217元/平,中楼层 (共10层) | 2008年 | 2室2厅 | 69.83平米 | 南 北,https://ke-image.ljcdn.com/110000-inspection/pc1_4Zc8K0yYc_1.jpg!m_fill,w_280,h_210,f_jpg?from=ke.com
20241029,海淀,苏州桥,101125719272,中湾国际 1室0厅 北,370万,66583元/平,高楼层 (共19层) | 2009年 | 1室0厅 | 55.57平米 | 北,https://ke-image.ljcdn.com/110000-inspection/pc1_f49ccsWdM_1.jpg!m_fill,w_280,h_210,f_jpg?from=ke.com
20241029,海淀,苏州桥,101125649532,满五年唯一大客厅不临街大卫生间人车分流花园式,1250万,105406元/平,中楼层 (共16层) 2室2厅 | 118.59平米 | 南 北,https://ke-image.ljcdn.com/110000-inspection/pc1_QpB8QLrn2_1.jpg!m_fill,w_280,h_210,f_jpg?from=ke.com
20241029,海淀,苏州桥,101125613791,立方庭 1室1厅 东,375万,86207元/平,低楼层 (共10层) | 2008年 | 1室1厅 | 43.5平米 | 东,https://ke-image.ljcdn.com/110000-inspection/pc1_jTWY1ON8f_1.jpg!m_fill,w_280,h_210,f_jpg?from=ke.com
20241029,海淀,苏州桥,101125567646,中湾国际 1室1厅 北,413万,110992元/平,高楼层 (共19层) | 2009年 | 1室1厅 | 37.21平米 | 北,https://ke-image.ljcdn.com/110000-inspection/pc1_zlYx8JhZk_1.jpg!m_fill,w_280,h_210,f_jpg?from=ke.com
20241029,海淀,苏州桥,101125483245,中关村苏州桥万泉庄 全南向的精装修两居,658万,104945元/平,低楼层 (共6层) 2室1厅 | 62.7平米 | 南,https://ke-image.ljcdn.com/110000-inspection/43bb9bec-4e04-42ef-81d3-18cc16a7237c_1000.jpg!m_fill,w_280,h_210,f_jpg?from=ke.com
20241029,海淀,苏州桥,101125413615,小南庄社区 2室1厅 南 北,365万,54139元/平,地下室 (共6层) 2室1厅 | 67.42平米 | 南 北,https://ke-image.ljcdn.com/110000-inspection/pc1_TznRzvLVA_1.jpg!m_fill,w_280,h_210,f_jpg?from=ke.com
20241029,海淀,苏州桥,101125410621,远中悦莱 1室1厅 北,850万,90910元/平,中楼层 (共21层) | 2005年 | 1室1厅 | 93.5平米 | 北,https://ke-image.ljcdn.com/110000-inspection/pc1_mSu1XczzR_1.jpg!m_fill,w_280,h_210,f_jpg?from=ke.com
20241029,海淀,苏州桥,101125402047,纽约客满五年唯一费用少自己住精装修产权清晰,538万,103482元/平,中楼层 (共15层) | 2007年 | 1室1厅 | 51.99平米 | 东南,https://ke-image.ljcdn.com/110000-inspection/338572df-602e-4348-8cce-076a7c6a746c_1000.jpg!m_fill,w_280,h_210,f_jpg?from=ke.com
20241029,海淀,苏州桥,101125365627,海淀南路 2室1厅 南 北,600万,99174元/平,低楼层 (共12层) 2室1厅 | 60.5平米 | 南 北,https://ke-image.ljcdn.com/110000-inspection/pc1_vWtvUTvOv_1.jpg!m_fill,w_280,h_210,f_jpg?from=ke.com
20241029,海淀,苏州桥,101125296763,新中关 1室0厅 南,450万,71885元/平,中楼层 (共18层) 1室0厅 | 62.6平米 | 南,https://ke-image.ljcdn.com/110000-inspection/pc1_GFD7gsSvw_1.jpg!m_fill,w_280,h_210,f_jpg?from=ke.com
20241029,海淀,苏州桥,101125292060,小南庄社区 4室1厅 南 北 西,515万,42214元/平,地下室 (共6层) | 1995年 | 4室1厅 | 122平米 | 南 北 西,https://ke-image.ljcdn.com/110000-inspection/6aab2ffe-607f-43ff-8aea-a33efa739516_1000.jpg!m_fill,w_280,h_210,f_jpg?from=ke.com
20241029,海淀,苏州桥,101125283138,长远天地 1室1厅 南,1470万,70909元/平,中楼层 (共21层) | 2003年 | 1室1厅 | 207.31平米 | 南,https://ke-image.ljcdn.com/110000-inspection/dab17589-ebf7-44a0-bf83-0d070d422292_1000.jpg!m_fill,w_280,h_210,f_jpg?from=ke.com
20241029,海淀,苏州桥,101125176727,稻香园西里两居室 业主诚意出售,645万,99630元/平,低楼层 (共18层) 2室1厅 | 64.74平米 | 西南,https://ke-image.ljcdn.com/110000-inspection/pc1_VN3dxH7jq.jpg!m_fill,w_280,h_210,f_jpg?from=ke.com
20241029,海淀,苏州桥,101125127567,人大海淀南路南北通透全明两居可停车精装保持好,648万,93914元/平,顶层 (共6层) 2室1厅 | 69平米 | 南 北,https://ke-image.ljcdn.com/110000-inspection/5be96955-b881-4707-a6ca-348e92b237a0_1000.jpg!m_fill,w_280,h_210,f_jpg?from=ke.com
20241029,海淀,苏州桥,101125106117,小南庄板楼中间层南北通透两居室满五年唯一商品房,550万,86601元/平,高楼层 (共6层) | 2000年 | 2室1厅 | 63.51平米 | 南 北,https://ke-image.ljcdn.com/110000-inspection/pc1_x11nAsv1K_1.jpg!m_fill,w_280,h_210,f_jpg?from=ke.com
20241029,海淀,苏州桥,101125072813,北三环苏州桥小南庄社区 管理好 安静不临街 诚心卖,580万,100870元/平,高楼层 (共6层) 2室1厅 | 57.5平米 | 南 北,https://ke-image.ljcdn.com/110000-inspection/dcf28984-97de-47c2-ae6b-b7c9ce2e0307_1000.jpg!m_fill,w_280,h_210,f_jpg?from=ke.com
20241029,海淀,苏州桥,101125060561,东西向大面积两居满五年唯一看房方便,565万,85219元/平,中楼层 (共6层) | 1987年 | 2室1厅 | 66.3平米 | 西 东,https://ke-image.ljcdn.com/110000-inspection/pc1_Ug1ImOtX9_1.jpg!m_fill,w_280,h_210,f_jpg?from=ke.com
20241029,海淀,苏州桥,101125019865,海淀南路24号院 南北向田字格小三居,823万,116904元/平,高楼层 (共6层) 3室1厅 | 70.4平米 | 南 北,https://ke-image.ljcdn.com/110000-inspection/pc1_P9yL387E1_1.jpg!m_fill,w_280,h_210,f_jpg?from=ke.com
20241029,海淀,苏州桥,101124985932,稻香园西里 3室1厅 东南,799万,105493元/平,高楼层 (共18层) 3室1厅 | 75.74平米 | 东南,https://ke-image.ljcdn.com/110000-inspection/pc1_GYgzgZ41J_1.jpg!m_fill,w_280,h_210,f_jpg?from=ke.com
20241029,海淀,苏州桥,101124983093,纽约客 1室1厅 东南,550万,102977元/平,中楼层 (共15层) | 2007年 | 1室1厅 | 53.41平米 | 东南,https://ke-image.ljcdn.com/110000-inspection/pc1_5yEa3pK0R_1.jpg!m_fill,w_280,h_210,f_jpg?from=ke.com
20241029,海淀,苏州桥,101124964174,海淀中街15号有燃气  精装修拎包入住  预约看房,799万,97475元/平,中楼层 (共21层) | 2005年 | 1室1厅 | 81.97平米 | 西,https://ke-image.ljcdn.com/110000-inspection/pc1_5tDpHgIA6_1.jpg!m_fill,w_280,h_210,f_jpg?from=ke.com
20241029,海淀,苏州桥,101124955681,苏州街52号院 人民大学 高楼层2000年,1126万,98462元/平,高楼层 (共20层) 3室1厅 | 114.36平米 | 东 北 西,https://ke-image.ljcdn.com/110000-inspection/pc1_gBm1Guxn1_1.jpg!m_fill,w_280,h_210,f_jpg?from=ke.com
20241029,海淀,苏州桥,101124945470,万泉庄小区 1室1厅 南 北,499万,109912元/平,底层 (共6层) 1室1厅 | 45.4平米 | 南 北,https://ke-image.ljcdn.com/110000-inspection/pc1_bRImYVptY_1.jpg!m_fill,w_280,h_210,f_jpg?from=ke.com
20241029,海淀,苏州桥,101124924803,远中悦莱 70年产权 民水民电有燃气,1219万,96532元/平,中楼层 (共21层) | 2005年 | 2室1厅 | 126.28平米 | 西南,https://ke-image.ljcdn.com/110000-inspection/pc1_3xRRbYGsD_1.jpg!m_fill,w_280,h_210,f_jpg?from=ke.com
20241029,海淀,苏州桥,101124924780,海淀中街15号 远中悦莱 有燃气 精装自住,748万,99522元/平,中楼层 (共22层) | 2005年 | 1室1厅 | 75.16平米 | 西,https://ke-image.ljcdn.com/110000-inspection/17ccf2fa-04a5-402a-9191-7083e33d27cc_1000.jpg!m_fill,w_280,h_210,f_jpg?from=ke.com
20241029,海淀,苏州桥,101124885436,中关村长远天地 70年产权 优质资产 地段配套成熟,1768万,88127元/平,低楼层 (共21层) | 2003年 | 1室0厅 | 200.62平米 | 东 北,https://ke-image.ljcdn.com/110000-inspection/6227eded-b60a-43e4-a054-b038cefa3ac5_1000.jpg!m_fill,w_280,h_210,f_jpg?from=ke.com
20241029,海淀,苏州桥,101124858004,苏州桥 三义庙 靠谱出售一居室 诚心卖,480万,107143元/平,中楼层 (共7层) | 1994年 | 1室1厅 | 44.8平米 | 东,https://ke-image.ljcdn.com/110000-inspection/pc1_r6KNMyRHx_1.jpg!m_fill,w_280,h_210,f_jpg?from=ke.com
20241029,海淀,苏州桥,101124828457,海淀南路 田字格三居室 小区改造完了干净整洁,785万,96201元/平,高楼层 (共6层) 3室1厅 | 81.6平米 | 南 北,https://ke-image.ljcdn.com/110000-inspection/c9a237fe-8ebe-4d3d-908c-e0408fffd994_1000.jpg!m_fill,w_280,h_210,f_jpg?from=ke.com
20241029,海淀,苏州桥,101124820686,大河庄苑2004年商品房人车分流24小时安保,1918万,134909元/平,底层 (共10层) | 2004年 | 3室1厅 | 142.17平米 | 南 北,https://ke-image.ljcdn.com/110000-inspection/pc1_5x1Iin20T.jpg!m_fill,w_280,h_210,f_jpg?from=ke.com
20241029,海淀,苏州桥,101124820648,大河庄苑适合喜欢顶层安静的客户一梯两户前后无遮挡,2828万,136401元/平,顶层 (共11层) | 2004年 | 4室2厅 | 207.33平米 | 南 北,https://ke-image.ljcdn.com/110000-inspection/pc1_uuSlwReBB_1.jpg!m_fill,w_280,h_210,f_jpg?from=ke.com
20241029,海淀,苏州桥,101124809778,纽约客 优质大平层 精装修 近地铁停车方便 有公园,808万,51835元/平,中楼层 (共15层) | 2007年 | 3室1厅 | 155.88平米 | 东,https://ke-image.ljcdn.com/110000-inspection/pc1_OqaEToRSp_1.jpg!m_fill,w_280,h_210,f_jpg?from=ke.com
20241029,海淀,苏州桥,101124808853,稻香园东南北通透不临街；楼层好 视野宽阔 采光好,1150万,102341元/平,中楼层 (共20层) 3室1厅 | 112.37平米 | 东 南 北,https://ke-image.ljcdn.com/110000-inspection/pc1_oEAtsrMy9_1.jpg!m_fill,w_280,h_210,f_jpg?from=ke.com
20241029,海淀,苏州桥,101124746716,稻香园一居 南向朝向好采光好视野无遮挡明厨明卫,559万,98764元/平,中楼层 (共16层) 1室1厅 | 56.6平米 | 南,https://ke-image.ljcdn.com/110000-inspection/130fc88d-9094-4c20-a863-c1c2c0e519b3_1000.jpg!m_fill,w_280,h_210,f_jpg?from=ke.com
20241029,海淀,苏州桥,101124718226,海淀南路34号 1室0厅 北,450万,91020元/平,中楼层 (共20层) | 2008年 | 1室0厅 | 49.44平米 | 北,https://ke-image.ljcdn.com/110000-inspection/pc1_zylcbUyF3_1.jpg!m_fill,w_280,h_210,f_jpg?from=ke.com
20241029,海淀,苏州桥,101124707902,小南庄 航天部家属楼 精装修 双卧室朝南,580万,86054元/平,顶层 (共6层) 2室1厅 | 67.4平米 | 西南,https://ke-image.ljcdn.com/110000-inspection/pc1_Hjr02Au2Q_1.jpg!m_fill,w_280,h_210,f_jpg?from=ke.com
20241029,海淀,苏州桥,101124701370,大河庄苑 1室0厅 西,539万,94297元/平,顶层 (共18层) | 2004年 | 1室0厅 | 57.16平米 | 西,https://ke-image.ljcdn.com/110000-inspection/pc1_ALoim7fxC_1.jpg!m_fill,w_280,h_210,f_jpg?from=ke.com
20241029,海淀,苏州桥,101124698235,稻香园正规南向一居室满五年唯一商品房,565万,140199元/平,低楼层 (共6层) 1室1厅 | 40.3平米 | 南,https://ke-image.ljcdn.com/110000-inspection/0c0408eb-79d4-46cc-85bc-013226faf163_1000.jpg!m_fill,w_280,h_210,f_jpg?from=ke.com
20241029,海淀,苏州桥,101124691256,西屋国际 2005年 商品房住宅小区,1190万,80006元/平,低楼层 (共22层) 3室1厅 | 148.74平米 | 东北,https://ke-image.ljcdn.com/110000-inspection/pc1_6uLfVexUB_1.jpg!m_fill,w_280,h_210,f_jpg?from=ke.com
20241029,海淀,苏州桥,101124691068,稻香园南社区东南大两居 有电梯 适合刚需和改善客户,939万,98635元/平,中楼层 (共16层) | 1987年 | 2室1厅 | 95.2平米 | 东南,https://ke-image.ljcdn.com/110000-inspection/pc1_mVUqKgxMy_1.jpg!m_fill,w_280,h_210,f_jpg?from=ke.com
20241029,海淀,苏州桥,101124690236,西屋国际 3室2厅 东南,1750万,98887元/平,低楼层 (共23层) 3室2厅 | 176.97平米 | 东南,https://ke-image.ljcdn.com/110000-inspection/pc1_togPmj2OS.jpg!m_fill,w_280,h_210,f_jpg?from=ke.com
20241029,海淀,苏州桥,101124687852,立方庭 2室1厅 东,410万,94253元/平,高楼层 (共10层) | 2008年 | 2室1厅 | 43.5平米 | 东,https://ke-image.ljcdn.com/110000-inspection/9b1d87ef-d219-4022-a6dd-7d121732bebd_1000.jpg!m_fill,w_280,h_210,f_jpg?from=ke.com
20241029,海淀,苏州桥,101124687557,大河庄苑 双卧室、客厅全朝南、北大、人大,1430万,120584元/平,中楼层 (共16层) 2室1厅 | 118.59平米 | 南,https://ke-image.ljcdn.com/110000-inspection/pc1_aeXe28Qtv_1.jpg!m_fill,w_280,h_210,f_jpg?from=ke.com
20241029,海淀,苏州桥,101124684575,中湾国际 1室1厅 北,576万,87525元/平,中楼层 (共19层) | 2009年 | 1室1厅 | 65.81平米 | 北,https://ke-image.ljcdn.com/110000-inspection/pc1_KXxXsl9Nh_1.jpg!m_fill,w_280,h_210,f_jpg?from=ke.com
20241029,海淀,苏州桥,101124684368,中关村 业主诚售 70年产权 南向 一居 下楼地铁,470万,77100元/平,中楼层 (共18层) 1室0厅 | 60.96平米 | 南,https://ke-image.ljcdn.com/110000-inspection/c9cf985b-1249-47cc-a63f-36a6edcd0641_1000.jpg!m_fill,w_280,h_210,f_jpg?from=ke.com
20241029,海淀,苏州桥,101124672884,远中悦莱 满五唯一两居室 业主诚心出售 随时签约,1260万,100744元/平,中楼层 (共22层) | 2005年 | 2室1厅 | 125.07平米 | 西北,https://ke-image.ljcdn.com/110000-inspection/pc1_H6nx4Ap4W_1.jpg!m_fill,w_280,h_210,f_jpg?from=ke.com
20241029,海淀,苏州桥,101124661672,立方庭复式结构可以注册精装修,355万,82828元/平,中楼层 (共10层) | 2008年 | 2室1厅 | 42.86平米 | 北,https://ke-image.ljcdn.com/110000-inspection/pc1_dQTJklE6d_1.jpg!m_fill,w_280,h_210,f_jpg?from=ke.com
20241029,海淀,苏州桥,101124651409,稻香园 3室1厅 东 西,870万,94545元/平,底层 (共10层) 3室1厅 | 92.02平米 | 东 西,https://ke-image.ljcdn.com/110000-inspection/482d19c2-ca01-4ce8-8869-72f04445d65b_1000.jpg!m_fill,w_280,h_210,f_jpg?from=ke.com
20241029,海淀,苏州桥,101124637459,港沟小区中间层明厨明卫不临街诚心卖看房方便,470万,94000元/平,中楼层 (共5层) | 1978年 | 2室1厅 | 50平米 | 南,https://ke-image.ljcdn.com/110000-inspection/pc1_NalUO45fF_1.jpg!m_fill,w_280,h_210,f_jpg?from=ke.com
20241029,海淀,苏州桥,101124627441,海淀大街25号 2室1厅 东 北,630万,108434元/平,中楼层 (共6层) | 1990年 | 2室1厅 | 58.1平米 | 东 北,https://ke-image.ljcdn.com/110000-inspection/pc1_g70aYiAYi_1.jpg!m_fill,w_280,h_210,f_jpg?from=ke.com
20241029,海淀,苏州桥,101124620087,远中悦莱海淀区海淀中街15号,760万,92717元/平,中楼层 (共22层) | 2005年 | 1室1厅 | 81.97平米 | 东,https://ke-image.ljcdn.com/110000-inspection/995df628-93cf-4231-897f-19ec804bdc65_1000.jpg!m_fill,w_280,h_210,f_jpg?from=ke.com
20241029,海淀,苏州桥,101124593847,苏州街52号院 东西通透 业主诚心出售,430万,73092元/平,顶层 (共6层) 2室1厅 | 58.83平米 | 东 西,https://ke-image.ljcdn.com/110000-inspection/pc1_6iKkRUL5E_1.jpg!m_fill,w_280,h_210,f_jpg?from=ke.com
20241029,海淀,苏州桥,101124547278,紫金庄园 大两居 双卫 精装修大客厅有电梯采光好,1060万,69829元/平,低楼层 (共22层) 2室2厅 | 151.8平米 | 西,https://ke-image.ljcdn.com/110000-inspection/pc1_4c0pezHu9_1.jpg!m_fill,w_280,h_210,f_jpg?from=ke.com
20241029,海淀,苏州桥,101124547250,满五年精装修视野好业主诚心卖,416万,72399元/平,高楼层 (共15层) | 2007年 | 1室1厅 | 57.46平米 | 北,https://ke-image.ljcdn.com/110000-inspection/pc1_Nf2xFW7Ke.jpg!m_fill,w_280,h_210,f_jpg?from=ke.com
20241029,海淀,苏州桥,101124486731,海淀南路 2室1厅 南,630万,103110元/平,低楼层 (共11层) 2室1厅 | 61.1平米 | 南,https://ke-image.ljcdn.com/110000-inspection/pc1_L67pXJxHC_1.jpg!m_fill,w_280,h_210,f_jpg?from=ke.com
20241029,海淀,苏州桥,101124399557,三义庙北 南北通透三居室 不临街 诚心出售,605万,106141元/平,底层 (共6层) 3室1厅 | 57平米 | 南 北,https://ke-image.ljcdn.com/110000-inspection/feec623a-1993-4b3b-9199-6defd55c5b3e_1000.jpg!m_fill,w_280,h_210,f_jpg?from=ke.com
20241029,海淀,苏州桥,101124393420,海淀大街44号正规三居室南北通透带客厅,830万,97993元/平,高楼层 (共6层) 3室1厅 | 84.7平米 | 南 北,https://ke-image.ljcdn.com/110000-inspection/5fdf4e84-1acc-4731-837e-a07ddf781108_1000.jpg!m_fill,w_280,h_210,f_jpg?from=ke.com
20241029,海淀,苏州桥,101124371283,海淀中街15号 远中悦莱 满五年家庭一套住宅 精装,728万,96861元/平,低楼层 (共22层) | 2005年 | 2室2厅 | 75.16平米 | 东,https://ke-image.ljcdn.com/110000-inspection/29cd8fb6-6f4e-4954-9a7d-d9ffb2441202_1000.jpg!m_fill,w_280,h_210,f_jpg?from=ke.com
20241029,海淀,苏州桥,101124370673,海淀南路 下楼到黄庄地铁80米 高层南向有电梯房主自荐,449万,113099元/平,中楼层 (共12层) | 1985年 | 1室1厅 | 39.7平米 | 南,https://ke-image.ljcdn.com/110000-inspection/87e70138-848c-4dc3-a81e-a2c0e902c990_1000.jpg!m_fill,w_280,h_210,f_jpg?from=ke.com
20241029,海淀,苏州桥,101124277887,紫金庄园精装修三居室满五年唯一诚心出售,1280万,74723元/平,低楼层 (共22层) 3室1厅 | 171.3平米 | 东,https://ke-image.ljcdn.com/110000-inspection/d0d7980d-1bd0-422b-badf-fff1dc9651fb_1000.jpg!m_fill,w_280,h_210,f_jpg?from=ke.com
20241029,海淀,苏州桥,101124241377,立方庭 1室1厅 北,380万,87477元/平,中楼层 (共10层) | 2008年 | 1室1厅 | 43.44平米 | 北,https://ke-image.ljcdn.com/110000-inspection/pc1_eWuWiTtvE_1.jpg!m_fill,w_280,h_210,f_jpg?from=ke.com
20241029,海淀,苏州桥,101124221948,八一南北通透格局明厨明卫楼层好采光足近地铁,750万,115084元/平,低楼层 (共6层) 3室1厅 | 65.17平米 | 南 北,https://ke-image.ljcdn.com/110000-inspection/pc1_urILG0iLg_1.jpg!m_fill,w_280,h_210,f_jpg?from=ke.com
20241029,海淀,苏州桥,101124170796,万泉庄1号院 南北通透 不临街 全明格局,530万,86320元/平,底层 (共6层) | 1983年 | 2室1厅 | 61.4平米 | 南 北,https://ke-image.ljcdn.com/110000-inspection/pc1_LubqAQCer_1.jpg!m_fill,w_280,h_210,f_jpg?from=ke.com
20241029,海淀,苏州桥,101124152947,苏州街20号院 70产权住宅 有电梯高层无遮挡,1020万,96509元/平,顶层 (共18层) | 1998年 | 2室2厅 | 105.69平米 | 东南 西南,https://ke-image.ljcdn.com/110000-inspection/0c746e9f-81c0-4e6a-bf6a-62edc075c921_1000.jpg!m_fill,w_280,h_210,f_jpg?from=ke.com
20241029,海淀,苏州桥,101124137915,97年商品房有电梯精装修无遮挡大两居,675万,94077元/平,低楼层 (共18层) 2室1厅 | 71.75平米 | 北,https://ke-image.ljcdn.com/110000-inspection/pc1_IpvLjKnXK_1.jpg!m_fill,w_280,h_210,f_jpg?from=ke.com
20241029,海淀,苏州桥,101124069659,小南庄新区 南北向 公积金可贷款30年,378万,74852元/平,顶层 (共6层) 1室1厅 | 50.5平米 | 南 北,https://ke-image.ljcdn.com/110000-inspection/pc1_uimAFdqjS_1.jpg!m_fill,w_280,h_210,f_jpg?from=ke.com
20241029,海淀,苏州桥,101124018847,远中悦莱 05年商品房 70年产权 两室两厅两卫 诚心卖,1260万,100744元/平,低楼层 (共22层) | 2005年 | 2室1厅 | 125.07平米 | 东北,https://ke-image.ljcdn.com/110000-inspection/pc1_4OY4QDsn0_1.jpg!m_fill,w_280,h_210,f_jpg?from=ke.com
20241029,海淀,苏州桥,101123957629,中关村 业主急售  70年产权  南向 一居 下楼地铁,399万,64857元/平,中楼层 (共18层) 1室1厅 | 61.52平米 | 南,https://ke-image.ljcdn.com/110000-inspection/pc1_K2jrzcgCo_1.jpg!m_fill,w_280,h_210,f_jpg?from=ke.com
20241029,海淀,苏州桥,101123908396,1998年万泉河62号院南北两居室客厅有窗户,548万,85359元/平,顶层 (共6层) 2室1厅 | 64.2平米 | 南 北,https://ke-image.ljcdn.com/110000-inspection/pc1_7HcRf2T4e_1.jpg!m_fill,w_280,h_210,f_jpg?from=ke.com
20241029,海淀,苏州桥,101123874732,东南朝向 精装修 看房方便 有钥匙,1360万,99934元/平,中楼层 (共22层) | 2005年 | 3室2厅 | 136.09平米 | 东南,https://ke-image.ljcdn.com/110000-inspection/pc1_qKj8NLVX2_1.jpg!m_fill,w_280,h_210,f_jpg?from=ke.com
20241029,海淀,苏州桥,101123809303,海淀南路34号 1室2厅 南,700万,133106元/平,高楼层 (共20层) | 2008年 | 1室2厅 | 52.59平米 | 南,https://ke-image.ljcdn.com/110000-inspection/pc1_A62CPvElb_1.jpg!m_fill,w_280,h_210,f_jpg?from=ke.com
20241029,海淀,苏州桥,101123678026,小南庄  独立管理  小区带广场房主自荐,358万,54292元/平,地下室 (共6层) | 1995年 | 2室1厅 | 65.94平米 | 南 北,https://ke-image.ljcdn.com/110000-inspection/pc1_luwacItNK.jpg!m_fill,w_280,h_210,f_jpg?from=ke.com
20241029,海淀,苏州桥,101123633263,中关村大街19号 新中关 南向 高层无遮挡,470万,75080元/平,顶层 (共18层) 1室0厅 | 62.6平米 | 南,https://ke-image.ljcdn.com/110000-inspection/641a439e-786a-4df0-8a24-5499b3a8d150_1000.jpg!m_fill,w_280,h_210,f_jpg?from=ke.com
20241029,海淀,苏州桥,101123561343,远中悦莱满五唯一西单元楼层高视野好没有遮挡,1330万,105322元/平,高楼层 (共21层) | 2005年 | 2室1厅 | 126.28平米 | 西南,https://ke-image.ljcdn.com/110000-inspection/pc1_k01BRrAGZ_1.jpg!m_fill,w_280,h_210,f_jpg?from=ke.com
20241029,海淀,苏州桥,101123397301,倒座庙9号院 三居室带客厅 明厨明卫 配套齐全,1000万,101103元/平,顶层 (共6层) 3室1厅 | 98.91平米 | 东 西 北,https://ke-image.ljcdn.com/110000-inspection/9bf186d7-be1e-4dca-9687-83eade7a0bff_1000.jpg!m_fill,w_280,h_210,f_jpg?from=ke.com
20241029,海淀,苏州桥,101123383476,海淀南路34号楼层好视野宽阔配套设施齐全交通便利,408万,82927元/平,高楼层 (共20层) | 2008年 | 1室0厅 | 49.2平米 | 北,https://ke-image.ljcdn.com/110000-inspection/4e751b9c-e400-4990-b5cc-003b0b5d716b_1000.jpg!m_fill,w_280,h_210,f_jpg?from=ke.com
20241029,海淀,苏州桥,101123290815,小南庄 三居室 满五年 南北向 苏州街苏州桥地铁,910万,128350元/平,底层 (共6层) | 1980年 | 3室1厅 | 70.9平米 | 南 北,https://ke-image.ljcdn.com/110000-inspection/e8d0ba71-b30d-4f6b-8dca-82670a1ff6de_1000.jpg!m_fill,w_280,h_210,f_jpg?from=ke.com
20241029,海淀,苏州桥,101123275152,中湾国际 1室1厅 南,495万,79723元/平,顶层 (共19层) | 2009年 | 1室1厅 | 62.09平米 | 南,https://ke-image.ljcdn.com/110000-inspection/pc1_3wPbw7gic_1.jpg!m_fill,w_280,h_210,f_jpg?from=ke.com
20241029,海淀,苏州桥,101123273140,小南庄南向低楼层两居室适合家里有老人和小孩的家庭,850万,107324元/平,底层 (共6层) | 1998年 | 2室1厅 | 79.2平米 | 南,https://ke-image.ljcdn.com/110000-inspection/pc1_88FouaXRO_1.jpg!m_fill,w_280,h_210,f_jpg?from=ke.com
20241029,海淀,苏州桥,101123271931,店长推荐 双南卧室 高层观景 电梯直达 精装修房主自荐,680万,110390元/平,高楼层 (共16层) | 1986年 | 2室1厅 | 61.6平米 | 南,https://ke-image.ljcdn.com/110000-inspection/pc1_QrZYaDJd3_1.jpg!m_fill,w_280,h_210,f_jpg?from=ke.com
20241029,海淀,苏州桥,101123259512,人民大学2009年商品房社区 70年大产权 民水民电可贷款,430万,69255元/平,中楼层 (共19层) | 2009年 | 1室1厅 | 62.09平米 | 南,https://ke-image.ljcdn.com/110000-inspection/pc1_Q3gseOKIV_1.jpg!m_fill,w_280,h_210,f_jpg?from=ke.com
20241029,海淀,苏州桥,101123244198,总监推荐 1997年新楼龄 有电梯大客厅 两居室诚心出售,659万,91847元/平,低楼层 (共18层) 2室1厅 | 71.75平米 | 北,https://ke-image.ljcdn.com/110000-inspection/42ec8de2-189e-4fe2-8088-d43c11b36620_1000.jpg!m_fill,w_280,h_210,f_jpg?from=ke.com
20241029,海淀,苏州桥,101123220837,远中悦莱 2室1厅 南,1450万,114825元/平,中楼层 (共22层) 2室1厅 | 126.28平米 | 南,https://ke-image.ljcdn.com/110000-inspection/febfffe3-cb01-4ff9-bf45-357ef3109508_1000.jpg!m_fill,w_280,h_210,f_jpg?from=ke.com
20241029,海淀,苏州桥,101123216523,小南庄新区社区 住宅 诚心出售,299万,52697元/平,地下室 (共6层) | 1994年 | 1室1厅 | 56.74平米 | 南 北,https://ke-image.ljcdn.com/110000-inspection/9381f52d-f176-4b91-abf0-e8acc409524f_1000.jpg!m_fill,w_280,h_210,f_jpg?from=ke.com
20241029,海淀,苏州桥,101123167017,苏州街20号院 10号线和16号线双地铁换乘 不临街精装修,900万,93760元/平,底层 (共18层) 2室1厅 | 95.99平米 | 东南,https://ke-image.ljcdn.com/110000-inspection/50427273-0922-40df-ad83-1f44d60564cd_1000.jpg!m_fill,w_280,h_210,f_jpg?from=ke.com
20241029,海淀,苏州桥,101123133104,海淀南路小区高楼层 10号线和4号线交汇 看房随时,760万,123177元/平,高楼层 (共12层) | 1985年 | 2室1厅 | 61.7平米 | 南 西 北,https://ke-image.ljcdn.com/110000-inspection/pc1_0pBZmvz47_1.jpg!m_fill,w_280,h_210,f_jpg?from=ke.com
20241029,海淀,苏州桥,101123110232,中关村苏州桥小南庄田字格三居 明厨明卫 通风好,628万,85676元/平,底层 (共6层) | 1982年 | 3室1厅 | 73.3平米 | 东 西北,https://ke-image.ljcdn.com/110000-inspection/b69372d2-bde3-4321-909f-e3b275b58260_1000.jpg!m_fill,w_280,h_210,f_jpg?from=ke.com
20241029,海淀,苏州桥,101123043971,万泉庄小区 二居室 精装修 不临街地铁10、16号线,550万,88283元/平,顶层 (共6层) | 1991年 | 2室1厅 | 62.3平米 | 东 西,https://ke-image.ljcdn.com/110000-inspection/c9d672f4-0223-4ef0-93ab-006f84f65756_1000.jpg!m_fill,w_280,h_210,f_jpg?from=ke.com
20241029,海淀,苏州桥,101122982138,中湾国际 1室1厅 南 北,420万,99057元/平,低楼层 (共19层) | 2009年 | 1室1厅 | 42.4平米 | 南 北,https://ke-image.ljcdn.com/110000-inspection/1ee49c36-fe6a-4121-84c7-bb4990cfe32f_1000.jpg!m_fill,w_280,h_210,f_jpg?from=ke.com
20241029,海淀,苏州桥,101122972461,紫金庄园 农行家属楼楼 交通方便房主自荐,968万,85430元/平,高楼层 (共22层) | 1998年 | 3室1厅 | 113.31平米 | 西北,https://ke-image.ljcdn.com/110000-inspection/a505995a-e309-41ae-bfa7-d65ee7cc8a82_1000.jpg!m_fill,w_280,h_210,f_jpg?from=ke.com
20241029,海淀,苏州桥,101122967894,海淀南路 南北向三居室 低层无遮挡 精装,860万,112155元/平,底层 (共12层) | 1985年 | 3室0厅 | 76.68平米 | 南 北,https://ke-image.ljcdn.com/110000-inspection/pc1_yZuSkjlj1_1.jpg!m_fill,w_280,h_210,f_jpg?from=ke.com
20241029,海淀,苏州桥,101122906362,北三环 人民大学 2005年商品房 70年产权 楼龄新有装修,680万,90474元/平,低楼层 (共22层) | 2005年 | 1室1厅 | 75.16平米 | 东,https://ke-image.ljcdn.com/110000-inspection/eed0d695-ba66-4fa4-85a4-709523b68579_1000.jpg!m_fill,w_280,h_210,f_jpg?from=ke.com
20241029,海淀,苏州桥,101122874891,精装落地窗采光充足面积大适合3世之家,1398万,72726元/平,低楼层 (共21层) 5室1厅 | 192.23平米 | 西,https://ke-image.ljcdn.com/110000-inspection/pc1_1DYliNIvS_1.jpg!m_fill,w_280,h_210,f_jpg?from=ke.com
20241029,海淀,苏州桥,101122774219,小南庄  环境家属楼  满五年 明厅 苏州街苏州桥地铁,525万,81776元/平,顶层 (共6层) | 1998年 | 2室1厅 | 64.2平米 | 东 西,https://ke-image.ljcdn.com/110000-inspection/pc1_AFL7Rtq00_1.jpg!m_fill,w_280,h_210,f_jpg?from=ke.com
20241029,海淀,苏州桥,101122758071,长远天地 难得5居室次顶层视野佳西山尽收眼底,1560万,63898元/平,高楼层 (共21层) | 2003年 | 5室1厅 | 244.14平米 | 西,https://ke-image.ljcdn.com/110000-inspection/pc1_9kOeVteRe_1.jpg!m_fill,w_280,h_210,f_jpg?from=ke.com
20241029,海淀,苏州桥,101122664888,小南庄社区 中间楼层 全明格局 诚心出售 看房方便,599万,91731元/平,低楼层 (共6层) 2室1厅 | 65.3平米 | 东 西,https://ke-image.ljcdn.com/110000-inspection/04c61d26-6fb4-4d28-9954-0e982bd36f12_1000.jpg!m_fill,w_280,h_210,f_jpg?from=ke.com
20241029,海淀,苏州桥,101122664060,中关村苏州桥小南庄精装修南北向两居,388万,56759元/平,地下室 (共6层) | 1994年 | 2室1厅 | 68.36平米 | 南 北,https://ke-image.ljcdn.com/110000-inspection/b2f00a38-31f1-4eab-86c4-b43c69199832_1000.jpg!m_fill,w_280,h_210,f_jpg?from=ke.com
20241029,海淀,苏州桥,101122663961,中关村苏州桥小南庄社区南北向两居,756万,122728元/平,低楼层 (共6层) | 1993年 | 2室1厅 | 61.6平米 | 南 北,https://ke-image.ljcdn.com/110000-inspection/pc1_Tfy947FGB_1.jpg!m_fill,w_280,h_210,f_jpg?from=ke.com
20241029,海淀,苏州桥,101122651144,苏州街海淀南路满五唯一南向 下楼即到10/16换乘站,450万,105387元/平,低楼层 (共6层) 1室1厅 | 42.7平米 | 南,https://ke-image.ljcdn.com/110000-inspection/e764a07f-c761-45c3-83a4-527e35c27508_1000.jpg!m_fill,w_280,h_210,f_jpg?from=ke.com
20241029,海淀,苏州桥,101122618724,满五唯一商品房 临地铁黄庄站 新中关购物方便 大窗,520万,71665元/平,中楼层 (共18层) 1室1厅 | 72.56平米 | 南 西 北,https://ke-image.ljcdn.com/110000-inspection/pc1_KbcMq3p0w_1.jpg!m_fill,w_280,h_210,f_jpg?from=ke.com
20241029,海淀,苏州桥,101122618191,纽约客 带电梯 东南朝向 采光充足 配套齐全 交通便利,779万,73959元/平,中楼层 (共15层) | 2008年 | 1室1厅 | 105.33平米 | 东南,https://ke-image.ljcdn.com/110000-inspection/pc1_raAKhAJbg_1.jpg!m_fill,w_280,h_210,f_jpg?from=ke.com
20241029,海淀,苏州桥,101122613329,远中悦莱 1室1厅 东,800万,106440元/平,低楼层 (共22层) | 2005年 | 1室1厅 | 75.16平米 | 东,https://ke-image.ljcdn.com/110000-inspection/pc1_KpSHK4Kbz_1.jpg!m_fill,w_280,h_210,f_jpg?from=ke.com
20241029,海淀,苏州桥,101122402937,小南庄好房带客厅户型院里好停车,585万,95433元/平,顶层 (共6层) | 1994年 | 2室1厅 | 61.3平米 | 东 西,https://ke-image.ljcdn.com/110000-inspection/pc1_OetpVogQO_1.jpg!m_fill,w_280,h_210,f_jpg?from=ke.com
20241029,海淀,苏州桥,101122375153,住宅适合多口人家面积大居住舒服通透东西南朝向,1700万,54654元/平,低楼层 (共21层) | 2003年 | 5室2厅 | 311.05平米 | 东 南 西,https://ke-image.ljcdn.com/110000-inspection/45628992-f72b-420f-b285-f8b0abfa189c_1000.jpg!m_fill,w_280,h_210,f_jpg?from=ke.com
20241029,海淀,苏州桥,101122355236,高楼层视野无遮挡采光视野好精装有燃气随时签约,760万,92717元/平,高楼层 (共21层) | 2005年 | 1室1厅 | 81.97平米 | 西,https://ke-image.ljcdn.com/110000-inspection/pc1_Uzt5AEqwU_1.jpg!m_fill,w_280,h_210,f_jpg?from=ke.com
20241029,海淀,苏州桥,101122260012,小南庄社区 南北通透中间楼 不临街,340万,49412元/平,地下室 (共6层) | 1994年 | 2室1厅 | 68.81平米 | 南 北,https://ke-image.ljcdn.com/110000-inspection/bb68eb46-1ee2-4e24-a994-17eaee7b8a40_1000.jpg!m_fill,w_280,h_210,f_jpg?from=ke.com
20241029,海淀,苏州桥,101122167871,小南庄社区 南北通透 小区中间位置 不临街 看房方便,530万,113979元/平,顶层 (共6层) | 1993年 | 1室1厅 | 46.5平米 | 南 北,https://ke-image.ljcdn.com/110000-inspection/pc1_YRd7x7w2C_1.jpg!m_fill,w_280,h_210,f_jpg?from=ke.com
20241029,海淀,苏州桥,101122135567,中关村 万柳 苏州街 70年产权住宅 两室两厅 精装修,480万,80999元/平,高楼层 (共15层) | 2008年 | 2室2厅 | 59.26平米 | 西北,https://ke-image.ljcdn.com/110000-inspection/pc1_rzWiRgZED_1.jpg!m_fill,w_280,h_210,f_jpg?from=ke.com
20241029,海淀,苏州桥,101122114326,海淀南路 复式三居 单层89.2平米 高层景观房 采光好,1320万,147983元/平,高楼层 (共20层) | 2008年 | 3室1厅 | 89.2平米 | 西南,https://ke-image.ljcdn.com/110000-inspection/93228491-11b5-4cb1-bb4a-767b149fbe9e_1000.jpg!m_fill,w_280,h_210,f_jpg?from=ke.com
20241029,海淀,苏州桥,101122096429,中关村海淀南路24号院南北通透复式临地铁满五唯一,1430万,105762元/平,顶层 (共6层) 3室2厅 | 135.21平米 | 南 北,https://ke-image.ljcdn.com/110000-inspection/4e90a919-d7a7-4405-aead-b6d5de8f131f_1000.jpg!m_fill,w_280,h_210,f_jpg?from=ke.com
20241029,海淀,苏州桥,101122052129,紫金庄园 大户型 电梯房 采光好 诚心出售 随时签约,1600万,44334元/平,高楼层 (共22层) | 1998年 | 6室2厅 | 360.9平米 | 东北,https://ke-image.ljcdn.com/110000-inspection/pc1_Rf9aozJDX.jpg!m_fill,w_280,h_210,f_jpg?from=ke.com
20241029,海淀,苏州桥,101122006334,武警干部家属楼95年4层双阳台大客厅无遮挡不临街房主自荐,817万,88680元/平,中楼层 (共6层) 3室1厅 | 92.13平米 | 东 西,https://ke-image.ljcdn.com/110000-inspection/pc1_Vm8QoeaVY_1.jpg!m_fill,w_280,h_210,f_jpg?from=ke.com
20241029,海淀,苏州桥,101121954600,70年商品房民水民电有燃气高楼层视野好满五唯一,830万,88771元/平,中楼层 (共21层) | 2005年 | 1室1厅 | 93.5平米 | 北,https://ke-image.ljcdn.com/110000-inspection/pc1_cQmIRDtnN_1.jpg!m_fill,w_280,h_210,f_jpg?from=ke.com
20241029,海淀,苏州桥,101121780460,紫金庄园满五年家庭名下一套业主诚心出售,1450万,80646元/平,中楼层 (共22层) | 1998年 | 3室2厅 | 179.8平米 | 西,https://ke-image.ljcdn.com/110000-inspection/51acb19b-631e-4b65-b464-ed55a2624992_1000.jpg!m_fill,w_280,h_210,f_jpg?from=ke.com
20241029,海淀,苏州桥,101121662657,海淀南路34号 1室1厅 东,535万,68327元/平,高楼层 (共20层) | 2008年 | 1室1厅 | 78.3平米 | 东,https://ke-image.ljcdn.com/110000-inspection/pc1_3RZJLCTJk_1.jpg!m_fill,w_280,h_210,f_jpg?from=ke.com
20241029,海淀,苏州桥,101121550149,小南庄 满五年 苏州街苏州桥地铁 卫生间厨房大,450万,102506元/平,高楼层 (共6层) | 1993年 | 1室1厅 | 43.9平米 | 东南,https://ke-image.ljcdn.com/110000-inspection/pc1_ClOHfpzw5_1.jpg!m_fill,w_280,h_210,f_jpg?from=ke.com
20241029,海淀,苏州桥,101121514531,紫金庄园 新改造 中间楼 低楼层 电梯房,810万,85534元/平,底层 (共22层) | 1999年 | 3室1厅 | 94.7平米 | 东,https://ke-image.ljcdn.com/110000-inspection/788fb5d5-884e-4305-aa4b-5fac4ee4688b_1000.jpg!m_fill,w_280,h_210,f_jpg?from=ke.com
20241029,海淀,苏州桥,101121469978,航天家属院氛围好苏州街地铁配套好电梯板楼户型好,1230万,137738元/平,中楼层 (共14层) 2室2厅 | 89.3平米 | 南 北,https://ke-image.ljcdn.com/110000-inspection/5ba60c62-ce67-4424-be8e-7969e616064e_1000.jpg!m_fill,w_280,h_210,f_jpg?from=ke.com
20241029,海淀,苏州桥,101121392453,万泉庄 南北二居室 户型方正 业主诚心出售,618万,98252元/平,顶层 (共6层) 2室1厅 | 62.9平米 | 南 北,https://ke-image.ljcdn.com/110000-inspection/pc1_U2JcpzucJ_1.jpg!m_fill,w_280,h_210,f_jpg?from=ke.com
20241029,海淀,苏州桥,101121333585,中关村苏州桥紫金庄园三居 采光没遮挡 很安静,1150万,75758元/平,低楼层 (共22层) 3室2厅 | 151.8平米 | 东,https://ke-image.ljcdn.com/110000-inspection/pc1_c2EjpB7FC_1.jpg!m_fill,w_280,h_210,f_jpg?from=ke.com
20241029,海淀,苏州桥,101121304536,小南庄社区精装南北三居室有电梯,1289万,103785元/平,低楼层 (共10层) | 1993年 | 3室1厅 | 124.2平米 | 北 南,https://ke-image.ljcdn.com/110000-inspection/pc1_zjnyrnAbM_1.jpg!m_fill,w_280,h_210,f_jpg?from=ke.com
20241029,海淀,苏州桥,101121216594,苏州街地铁口配套优越两居室板楼二层大客厅精装修,660万,116815元/平,低楼层 (共6层) 2室1厅 | 56.5平米 | 南 北,https://ke-image.ljcdn.com/110000-inspection/pc1_ymPt25oZe_1.jpg!m_fill,w_280,h_210,f_jpg?from=ke.com
20241029,海淀,苏州桥,101121127921,中湾国际 正规一居室 精装修 中间楼层 交通便利,460万,69424元/平,中楼层 (共19层) | 2009年 | 1室1厅 | 66.26平米 | 西 北,https://ke-image.ljcdn.com/110000-inspection/pc1_w9Ty82t7v_1.jpg!m_fill,w_280,h_210,f_jpg?from=ke.com
20241029,海淀,苏州桥,101121080593,新中关 楼龄新 采光好 近地铁 看房方便,780万,74159元/平,低楼层 (共18层) | 2006年 | 2室1厅 | 105.18平米 | 西南,https://ke-image.ljcdn.com/110000-inspection/pc1_ct6DWCKQB_1.jpg!m_fill,w_280,h_210,f_jpg?from=ke.com
20241029,海淀,苏州桥,101121077032,中关村苏州桥小南庄社区一层正规一居室,500万,114000元/平,底层 (共6层) 1室1厅 | 43.86平米 | 南,https://ke-image.ljcdn.com/110000-inspection/pc1_fx1T9u1Sh_1.jpg!m_fill,w_280,h_210,f_jpg?from=ke.com
20241029,海淀,苏州桥,101121056841,小南庄社区  一居室 小区安静 旁边是苏州桥16号线,550万,131769元/平,顶层 (共6层) 1室1厅 | 41.74平米 | 东,https://ke-image.ljcdn.com/110000-inspection/pc1_BXlHnBgM3_1.jpg!m_fill,w_280,h_210,f_jpg?from=ke.com
20241029,海淀,苏州桥,101121055160,人大西门 全南一居室 低楼层 业主诚心出售,500万,118260元/平,低楼层 (共6层) 1室1厅 | 42.28平米 | 南,https://ke-image.ljcdn.com/110000-inspection/f151963e-dad9-4946-8402-f070451e99a4_1000.jpg!m_fill,w_280,h_210,f_jpg?from=ke.com
20241029,海淀,苏州桥,101121019402,苏州街海淀黄庄精装三居室拎包入住,1200万,84436元/平,中楼层 (共24层) 3室2厅 | 142.12平米 | 东 南,https://ke-image.ljcdn.com/110000-inspection/pc1_Y2M3q6YnL_1.jpg!m_fill,w_280,h_210,f_jpg?from=ke.com
20241029,海淀,苏州桥,101121017461,小南庄社区 苏州桥 苏州街  精装修 三居室电梯房,825万,118026元/平,低楼层 (共16层) | 1986年 | 3室1厅 | 69.9平米 | 东 北,https://ke-image.ljcdn.com/110000-inspection/pc1_vj40cfLk7_1.jpg!m_fill,w_280,h_210,f_jpg?from=ke.com
20241029,海淀,苏州桥,101120897187,海淀南路 苏州街 海淀黄庄南北两居室,598万,102223元/平,中楼层 (共11层) 2室1厅 | 58.5平米 | 南 北,https://ke-image.ljcdn.com/110000-inspection/1e834c03-3997-4fc9-b305-dba8ece2ba4e_1000.jpg!m_fill,w_280,h_210,f_jpg?from=ke.com
20241029,海淀,苏州桥,101120491830,远中悦莱正规一居室精装修看房方便,698万,116781元/平,低楼层 (共22层) | 2005年 | 1室1厅 | 59.77平米 | 西,https://ke-image.ljcdn.com/110000-inspection/de7032d2-04e2-4ec2-855b-09ea645c5c32_1000.jpg!m_fill,w_280,h_210,f_jpg?from=ke.com
20241029,海淀,苏州桥,101120463309,苏州桥紫金庄园6号楼精装大三居,1250万,69522元/平,低楼层 (共22层) 3室1厅 | 179.8平米 | 西,https://ke-image.ljcdn.com/110000-inspection/pc1_8KgJLLYrl_1.jpg!m_fill,w_280,h_210,f_jpg?from=ke.com
20241029,海淀,苏州桥,101120450889,海淀南路 满五年单位分房 南北向电梯直达,830万,108497元/平,中楼层 (共12层) 3室1厅 | 76.5平米 | 南 北,https://ke-image.ljcdn.com/110000-inspection/33eb1af5-7e31-4c4b-845f-3c362f28deae_1000.jpg!m_fill,w_280,h_210,f_jpg?from=ke.com
20241029,海淀,苏州桥,101120268479,10号线苏州街地铁 满五年精装 有电梯  商品房 两居室房主自荐,1185万,83381元/平,中楼层 (共24层) 2室2厅 | 142.12平米 | 西南,https://ke-image.ljcdn.com/110000-inspection/d0720e0c-8bb2-4b8e-a949-e63357326318_1000.jpg!m_fill,w_280,h_210,f_jpg?from=ke.com
20241029,海淀,苏州桥,101120188331,小南庄社区 南北向两居室 一首房主 随时签约,400万,58132元/平,地下室 (共6层) | 1994年 | 2室1厅 | 68.81平米 | 南 北,https://ke-image.ljcdn.com/110000-inspection/ec502c7c-34e1-4802-b833-e703b160af0a_1000.jpg!m_fill,w_280,h_210,f_jpg?from=ke.com
20241029,海淀,苏州桥,101120076842,三义庙北精装修南北通透复式经典户型,960万,98868元/平,高楼层 (共7层) | 1994年 | 3室2厅 | 97.1平米 | 南 北,https://ke-image.ljcdn.com/110000-inspection/121e59d7-5c38-4988-8aa2-159e04d2f8e0_1000.jpg!m_fill,w_280,h_210,f_jpg?from=ke.com
20241029,海淀,苏州桥,101120019069,小南庄甲26号院三居南北通透装修好,570万,92548元/平,顶层 (共6层) 3室1厅 | 61.59平米 | 南 北,https://ke-image.ljcdn.com/110000-inspection/pc1_Siq3IJS82_1.jpg!m_fill,w_280,h_210,f_jpg?from=ke.com
20241029,海淀,苏州桥,101119768225,苏州街20号院 2000年房龄 大两居室 高楼层 诚心卖房主自荐,850万,95797元/平,高楼层 (共14层) | 2000年 | 2室1厅 | 88.73平米 | 西,https://ke-image.ljcdn.com/110000-inspection/891dd818-9883-4a8f-8552-545eb8b6d97e_1000.jpg!m_fill,w_280,h_210,f_jpg?from=ke.com
20241029,海淀,苏州桥,101119767716,海淀南路24号院 3居  南北 楼龄新 居住舒服 诚心出房主自荐,1380万,102626元/平,顶层 (共6层) 3室1厅 | 134.47平米 | 南 北,https://ke-image.ljcdn.com/110000-inspection/pc1_7VPDiiMSW_1.jpg!m_fill,w_280,h_210,f_jpg?from=ke.com
20241029,海淀,苏州桥,101119580906,远中悦莱 满五年唯一商品房 高楼层 全南向 两室两卫,1299万,103128元/平,高楼层 (共22层) 2室1厅 | 125.96平米 | 西南,https://ke-image.ljcdn.com/110000-inspection/pc1_bBoNk3M4E_1.jpg!m_fill,w_280,h_210,f_jpg?from=ke.com
20241029,海淀,苏州桥,101119484234,总价不高无遮挡视野好采光好交通便利,420万,91484元/平,中楼层 (共20层) | 2008年 | 1室1厅 | 45.91平米 | 东,https://ke-image.ljcdn.com/110000-inspection/pc1_T5ly4uaNJ_1.jpg!m_fill,w_280,h_210,f_jpg?from=ke.com
20241029,海淀,苏州桥,101119468604,艾*   南向  精装修  70年产权   可贷款,490万,93174元/平,高楼层 (共20层) | 2008年 | 1室1厅 | 52.59平米 | 南,https://ke-image.ljcdn.com/110000-inspection/pc1_0Fh8Nh82e_1.jpg!m_fill,w_280,h_210,f_jpg?from=ke.com
20241029,海淀,苏州桥,101119452345,海淀区苏州街海淀南路南北两居室,720万,110940元/平,中楼层 (共6层) 2室1厅 | 64.9平米 | 南 北,https://ke-image.ljcdn.com/110000-inspection/pc1_pnpycON0x_1.jpg!m_fill,w_280,h_210,f_jpg?from=ke.com
20241029,海淀,苏州桥,101119380490,满五年唯一 精装修三居小区环境好外交部家属院,1600万,118986元/平,顶层 (共6层) 3室2厅 | 134.47平米 | 南 北,https://ke-image.ljcdn.com/110000-inspection/pc1_ozDKytUVp_1.jpg!m_fill,w_280,h_210,f_jpg?from=ke.com
20241029,海淀,苏州桥,101119272318,艾* 房本只体现单层面积  70年产权  管家式服务房主自荐,1350万,140494元/平,高楼层 (共20层) | 2008年 | 3室2厅 | 96.09平米 | 南,https://ke-image.ljcdn.com/110000-inspection/pc1_xqHwEs6ai_1.jpg!m_fill,w_280,h_210,f_jpg?from=ke.com
20241029,海淀,苏州桥,101119267860,万泉庄1号院 南北通透两居总价不高诚心卖房主自荐,579万,113153元/平,底层 (共6层) 2室1厅 | 51.17平米 | 南 北,https://ke-image.ljcdn.com/110000-inspection/pc1_OzCQTKEN9_1.jpg!m_fill,w_280,h_210,f_jpg?from=ke.com
20241029,海淀,苏州桥,101119256545,中关村大街19号 新中关 70年产权 朝南开间 随时签约,590万,94250元/平,中楼层 (共18层) 1室0厅 | 62.6平米 | 南,https://ke-image.ljcdn.com/110000-inspection/pc1_9xNHHhxNG_1.jpg!m_fill,w_280,h_210,f_jpg?from=ke.com
20241029,海淀,苏州桥,101119204014,苏州桥三义庙通透双卫三居 满五年 使用面积大诚心出售,780万,80330元/平,高楼层 (共7层) | 1994年 | 3室2厅 | 97.1平米 | 东 西,https://ke-image.ljcdn.com/110000-inspection/pc1_LjMTUkVgO.jpg!m_fill,w_280,h_210,f_jpg?from=ke.com
20241029,海淀,苏州桥,101118785296,满二年精装修业主在京随时签约,989万,103767元/平,中楼层 (共22层) | 2005年 | 1室1厅 | 95.31平米 | 南,https://ke-image.ljcdn.com/110000-inspection/pc1_krYfnyJS7_1.jpg!m_fill,w_280,h_210,f_jpg?from=ke.com
20241029,海淀,苏州桥,101118752374,远中悦莱 民水民电有燃气 楼龄新 户型好 停车方便,1250万,98987元/平,低楼层 (共21层) | 2005年 | 2室1厅 | 126.28平米 | 东南,https://ke-image.ljcdn.com/110000-inspection/6c259011-afd7-430b-b31d-49bd978f7c49_1000.jpg!m_fill,w_280,h_210,f_jpg?from=ke.com
20241029,海淀,苏州桥,101118604204,中关村立方庭 东西通透 2008年新房 精装修复式,640万,93623元/平,中楼层 (共10层) | 2008年 | 2室1厅 | 68.36平米 | 东 西,https://ke-image.ljcdn.com/110000-inspection/2b422b32-9d59-4d5f-9611-e473b01ba950_1000.jpg!m_fill,w_280,h_210,f_jpg?from=ke.com
20241029,海淀,苏州桥,101118440260,苏州桥紫金庄园 两居室视野无遮挡,900万,95037元/平,低楼层 (共22层) | 1999年 | 2室1厅 | 94.7平米 | 东 南,https://ke-image.ljcdn.com/110000-inspection/07bc7ef0-b960-4369-befb-a1f454993b86_1000.jpg!m_fill,w_280,h_210,f_jpg?from=ke.com
20241029,海淀,苏州桥,101118423250,海淀 中关村 艾* 正规1居室 楼龄新 停车方便,595万,75990元/平,中楼层 (共20层) | 2008年 | 1室1厅 | 78.3平米 | 东,https://ke-image.ljcdn.com/110000-inspection/pc1_vT9GK5tZq_1.jpg!m_fill,w_280,h_210,f_jpg?from=ke.com
20241029,海淀,苏州桥,101118350914,小南庄社区 精装修  适合自住,398万,67977元/平,地下室 (共6层) 2室1厅 | 58.55平米 | 南 北,https://ke-image.ljcdn.com/110000-inspection/662cd232-f2ad-4034-8785-c5a4ef7fb3e5_1000.jpg!m_fill,w_280,h_210,f_jpg?from=ke.com
20241029,海淀,苏州桥,101118332703,西屋国际小三居 户型方正利用率高 单价低,1430万,96141元/平,低楼层 (共22层) | 2004年 | 4室1厅 | 148.74平米 | 东 北,https://ke-image.ljcdn.com/110000-inspection/pc1_w5DqPXlGe_1.jpg!m_fill,w_280,h_210,f_jpg?from=ke.com
20241029,海淀,苏州桥,101118275812,小南庄  满五年  2层  精装修,600万,105264元/平,低楼层 (共6层) | 1998年 | 1室1厅 | 57平米 | 东,https://ke-image.ljcdn.com/110000-inspection/d0538ceb-8969-444b-94c7-957216cd1aa7_1000.jpg!m_fill,w_280,h_210,f_jpg?from=ke.com
20241029,海淀,苏州桥,101118212554,西北三环苏州桥 三义庙北通透两居 满五唯一 一手业主,610万,90923元/平,中楼层 (共6层) 2室1厅 | 67.09平米 | 东 西,https://ke-image.ljcdn.com/110000-inspection/d42c0c53-2b8e-40bf-925a-92cae532deec_1000.jpg!m_fill,w_280,h_210,f_jpg?from=ke.com
20241029,海淀,苏州桥,101118208692,小南庄 低楼层 两居室  采光好,550万,100000元/平,低楼层 (共6层) | 1980年 | 2室1厅 | 55平米 | 南,https://ke-image.ljcdn.com/110000-inspection/7431a464-3a7b-4d7a-8148-1d99d0018bf3_1000.jpg!m_fill,w_280,h_210,f_jpg?from=ke.com
20241029,海淀,苏州桥,101118189906,三义庙已做了平改坡顶不漏雨也不热朝南向不临街房主自荐,430万,129052元/平,顶层 (共6层) | 1982年 | 1室1厅 | 33.32平米 | 南,https://ke-image.ljcdn.com/110000-inspection/pc1_snpxw9HFs_1.jpg!m_fill,w_280,h_210,f_jpg?from=ke.com
20241029,海淀,苏州桥,101118169027,工商局家属楼1997年建成 全明格局通透带大客厅20平,800万,100377元/平,底层 (共6层) 2室1厅 | 79.7平米 | 东 西,https://ke-image.ljcdn.com/110000-inspection/b1ba9b28-cfc4-4750-a4ab-4ddb240b4c8c_1000.jpg!m_fill,w_280,h_210,f_jpg?from=ke.com
20241029,海淀,苏州桥,101118006557,小南庄 一居室 南北向 精装修,288万,54085元/平,地下室 (共6层) | 1995年 | 1室1厅 | 53.25平米 | 南 北,https://ke-image.ljcdn.com/110000-inspection/5fa47e57-ccdf-46b3-a37c-26610e92b97e_1000.jpg!m_fill,w_280,h_210,f_jpg?from=ke.com
20241029,海淀,苏州桥,101117870189,此房格局规整采光好配套齐全交通便利管理好,720万,70108元/平,低楼层 (共20层) | 2008年 | 2室1厅 | 102.7平米 | 东 西北,https://ke-image.ljcdn.com/110000-inspection/b303a47b-8d8a-44d0-90a7-c2d4edf11774_1000.jpg!m_fill,w_280,h_210,f_jpg?from=ke.com
20241029,海淀,苏州桥,101117615529,小南庄 优质好房 户型方正 南北通透 三室双明卫 精装,1398万,103174元/平,高楼层 (共6层) | 1998年 | 3室2厅 | 135.5平米 | 南 西 北,https://ke-image.ljcdn.com/110000-inspection/pc1_qlPQPMgDX_1.jpg!m_fill,w_280,h_210,f_jpg?from=ke.com
20241029,海淀,苏州桥,101117355970,紫金庄园 农行家属楼 单独管理 楼龄新,840万,102228元/平,底层 (共22层) | 1998年 | 2室1厅 | 82.17平米 | 西南,https://ke-image.ljcdn.com/110000-inspection/pc1_lPuCie2sN_1.jpg!m_fill,w_280,h_210,f_jpg?from=ke.com
20241029,海淀,苏州桥,101117168349,黄庄地铁口 中高楼层 正南飘窗 70年产权 诚心出售房主自荐,470万,75080元/平,中楼层 (共18层) 1室1厅 | 62.6平米 | 南,https://ke-image.ljcdn.com/110000-inspection/pc1_uB1wlWvt3_1.jpg!m_fill,w_280,h_210,f_jpg?from=ke.com
20241029,海淀,苏州桥,101116978329,近地铁 安静  车位充足  通透  单位分房  2居,1010万,112976元/平,低楼层 (共6层) | 1997年 | 2室1厅 | 89.4平米 | 东 西,https://ke-image.ljcdn.com/110000-inspection/621e37fb-41da-4d7d-bc69-2317a00ef6e4_1000.jpg!m_fill,w_280,h_210,f_jpg?from=ke.com
20241029,海淀,苏州桥,101116763850,万南社区优质两居室已完成改造产权满五年分房,699万,106881元/平,高楼层 (共6层) | 1995年 | 2室0厅 | 65.4平米 | 东 西,https://ke-image.ljcdn.com/110000-inspection/pc1_irnxZmxaW_1.jpg!m_fill,w_280,h_210,f_jpg?from=ke.com
20241029,海淀,苏州桥,101116437560,榆树林 复式结构 有钥匙 2000年的楼龄,939万,96229元/平,顶层 (共6层) 2室1厅 | 97.58平米 | 南 北,https://ke-image.ljcdn.com/110000-inspection/f4fdd213-a598-4ea4-891e-8e9bcbefee6a_1000.jpg!m_fill,w_280,h_210,f_jpg?from=ke.com
20241029,海淀,苏州桥,101116150691,小南庄 2居室 满五年 苏州街苏州桥地铁,320万,57637元/平,地下室 (共6层) | 1993年 | 2室1厅 | 55.52平米 | 南 北,https://ke-image.ljcdn.com/110000-inspection/pc1_zETRXrNoM_1.jpg!m_fill,w_280,h_210,f_jpg?from=ke.com
20241029,海淀,苏州桥,101115958926,小南庄社区 南北通透两居室 不临街 业主稳定签约,372万,67003元/平,地下室 (共6层) | 1993年 | 2室1厅 | 55.52平米 | 南 北,https://ke-image.ljcdn.com/110000-inspection/a511d34e-7b9a-4cea-876f-68ce653d9a82_1000.jpg!m_fill,w_280,h_210,f_jpg?from=ke.com
20241029,海淀,苏州桥,101114923025,新中关 年代新 正南落地窗 高楼层 70年产权双地铁精装,558万,91536元/平,高楼层 (共18层) 1室0厅 | 60.96平米 | 南,https://ke-image.ljcdn.com/110000-inspection/c50dae3e-c3a1-4de8-9516-88ec1fce2534_1000.jpg!m_fill,w_280,h_210,f_jpg?from=ke.com
20241029,海淀,苏州桥,101125319078,此房满五唯一 楼龄新带电梯 次顶层 全南三居室两个,1236万,94395元/平,高楼层 (共20层) | 2001年 | 3室2厅 | 130.94平米 | 南,https://ke-image.ljcdn.com/110000-inspection/pc1_XzAEEU84h_1.jpg!m_fill,w_280,h_210,f_jpg?from=ke.com
20241029,海淀,苏州桥,101127303657,小南庄社区 2室1厅 南 北,490万,82729元/平,顶层 (共6层) 2室1厅 | 59.23平米 | 南 北,https://s1.ljcdn.com/pegasus/redskull/images/common/default_house_list.png?_v=202410161653269
20241029,海淀,苏州桥,101127295874,中关村公馆 1室1厅 东,195万,45850元/平,中楼层 (共15层) | 2009年 | 1室1厅 | 42.53平米 | 东,https://s1.ljcdn.com/pegasus/redskull/images/common/default_house_list.png?_v=202410161653269
20241029,海淀,苏州桥,101127252557,稻香园 2室1厅 南新上,540万,98004元/平,底层 (共6层) | 1980年 | 2室1厅 | 55.1平米 | 南,https://s1.ljcdn.com/pegasus/redskull/images/common/default_house_list.png?_v=202410161653269
20241029,海淀,苏州桥,101127195058,万泉庄1号院 中间层 两居室新上,513万,94913元/平,中楼层 (共6层) 2室1厅 | 54.05平米 | 南 北,https://s1.ljcdn.com/pegasus/redskull/images/common/default_house_list.png?_v=202410161653269
20241029,海淀,苏州桥,101127191426,小南庄社区 2室1厅 东新上,590万,95935元/平,低楼层 (共6层) | 1998年 | 2室1厅 | 61.5平米 | 东,https://s1.ljcdn.com/pegasus/redskull/images/common/default_house_list.png?_v=202410161653269
20241029,海淀,苏州桥,101127188087,稻香园西里满二年高楼层采光好两居室电梯房南北通透房主自荐,575万,90267元/平,高楼层 (共14层) | 1987年 | 2室1厅 | 63.7平米 | 南 北,https://s1.ljcdn.com/pegasus/redskull/images/common/default_house_list.png?_v=202410161653269
20241029,海淀,苏州桥,101127079267,海淀南路30号院航天部大院南北全明三居,1350万,142556元/平,高楼层 (共6层) 3室1厅 | 94.7平米 | 北 南,https://s1.ljcdn.com/pegasus/redskull/images/common/default_house_list.png?_v=202410161653269
20241029,海淀,苏州桥,101127073298,万泉河62号院南北通透客厅带阳台 小区停车方便,450万,57545元/平,地下室 (共6层) 2室1厅 | 78.2平米 | 南 北,https://s1.ljcdn.com/pegasus/redskull/images/common/default_house_list.png?_v=202410161653269
20241029,海淀,苏州桥,101127066248,全明格局一居室带电梯采光和视野好诚心出售,520万,100000元/平,中楼层 (共20层) 1室1厅 | 52平米 | 南,https://s1.ljcdn.com/pegasus/redskull/images/common/default_house_list.png?_v=202410161653269
20241029,海淀,苏州桥,101126995066,西屋国际楼层好视野宽阔配套设施齐全,1720万,89514元/平,中楼层 (共23层) | 2004年 | 3室2厅 | 192.15平米 | 东 西,https://s1.ljcdn.com/pegasus/redskull/images/common/default_house_list.png?_v=202410161653269
20241029,海淀,苏州桥,101126907527,小南庄甲26号院 客厅带东窗 楼龄新可公积金贷款,430万,104981元/平,中楼层 (共6层) 1室1厅 | 40.96平米 | 南 北 东,https://s1.ljcdn.com/pegasus/redskull/images/common/default_house_list.png?_v=202410161653269
20241029,海淀,苏州桥,101126880194,中关村公馆 2室1厅 东南,660万,88094元/平,中楼层 (共15层) | 2009年 | 2室1厅 | 74.92平米 | 东南,https://s1.ljcdn.com/pegasus/redskull/images/common/default_house_list.png?_v=202410161653269
20241029,海淀,苏州桥,101126778060,三义庙北 2室1厅 南 北,500万,86207元/平,底层 (共6层) 2室1厅 | 58平米 | 南 北,https://s1.ljcdn.com/pegasus/redskull/images/common/default_house_list.png?_v=202410161653269
20241029,海淀,苏州桥,101126713785,小南庄社区精装修南北1居室要求不高能拎包入住,430万,78468元/平,底层 (共6层) | 1995年 | 1室1厅 | 54.8平米 | 南 北,https://s1.ljcdn.com/pegasus/redskull/images/common/default_house_list.png?_v=202410161653269
20241029,海淀,苏州桥,101126673360,苏州桥万泉南北通透中间楼层采光好无遮挡,460万,109264元/平,中楼层 (共6层) 1室1厅 | 42.1平米 | 北 南,https://s1.ljcdn.com/pegasus/redskull/images/common/default_house_list.png?_v=202410161653269
20241029,海淀,苏州桥,101126594506,小南庄社区 产权清晰 业主诚心卖房,360万,86249元/平,顶层 (共6层) | 1999年 | 1室1厅 | 41.74平米 | 南,https://s1.ljcdn.com/pegasus/redskull/images/common/default_house_list.png?_v=202410161653269
20241029,海淀,苏州桥,101126582993,干休所 电梯三居 满五年中间层 大客厅 明厨明卫,950万,97396元/平,中楼层 (共20层) 3室1厅 | 97.54平米 | 西 东北,https://s1.ljcdn.com/pegasus/redskull/images/common/default_house_list.png?_v=202410161653269
20241029,海淀,苏州桥,101126357836,中湾国际 09年小区 小户型  高楼层 视野好,430万,67388元/平,顶层 (共19层) | 2009年 | 1室0厅 | 63.81平米 | 北,https://s1.ljcdn.com/pegasus/redskull/images/common/default_house_list.png?_v=202410161653269
20241029,海淀,苏州桥,101126300067,大河庄苑 3室2厅 南 北,1970万,138567元/平,低楼层 (共10层) 3室2厅 | 142.17平米 | 南 北,https://s1.ljcdn.com/pegasus/redskull/images/common/default_house_list.png?_v=202410161653269
20241029,海淀,苏州桥,101126251660,小南庄社区 南北三居室 看房方便,1460万,99118元/平,底层 (共10层) | 1993年 | 4室2厅 | 147.3平米 | 南 北,https://s1.ljcdn.com/pegasus/redskull/images/common/default_house_list.png?_v=202410161653269
20241029,海淀,苏州桥,101126220001,远中悦莱 1室1厅 西,645万,85943元/平,高楼层 (共22层) 1室1厅 | 75.05平米 | 西,https://s1.ljcdn.com/pegasus/redskull/images/common/default_house_list.png?_v=202410161653269
20241029,海淀,苏州桥,101125709340,中关村 远中悦莱 满五唯一 临地铁 精装修采光好,660万,87813元/平,中楼层 (共22层) | 2005年 | 1室1厅 | 75.16平米 | 东,https://s1.ljcdn.com/pegasus/redskull/images/common/default_house_list.png?_v=202410161653269
20241029,海淀,苏州桥,101125280903,稻香园 2室1厅 西,598万,113797元/平,高楼层 (共6层) 2室1厅 | 52.55平米 | 西,https://s1.ljcdn.com/pegasus/redskull/images/common/default_house_list.png?_v=202410161653269
20241029,海淀,苏州桥,101125231358,远中悦莱 车位,40万,7165元/平,地下室 (共1层) 1室0厅 | 55.83平米 | 东,https://s1.ljcdn.com/pegasus/redskull/images/common/default_house_list.png?_v=202410161653269
20241029,海淀,苏州桥,101125230679,南北通透大四居满五唯一两梯两户,2299万,99249元/平,中楼层 (共22层) | 2004年 | 4室2厅 | 231.64平米 | 南 北,https://s1.ljcdn.com/pegasus/redskull/images/common/default_house_list.png?_v=202410161653269
20241029,海淀,苏州桥,101125181288,远中悦莱 1室1厅 西,760万,92717元/平,中楼层 (共21层) | 2005年 | 1室1厅 | 81.97平米 | 西,https://s1.ljcdn.com/pegasus/redskull/images/common/default_house_list.png?_v=202410161653269
20241029,海淀,苏州桥,101125073389,中关村 苏州街只有契税 南北有厅两居,505万,80671元/平,顶层 (共6层) 2室1厅 | 62.6平米 | 南 北,https://s1.ljcdn.com/pegasus/redskull/images/common/default_house_list.png?_v=202410161653269
20241029,海淀,苏州桥,101124786205,稻香园 3室1厅 南 北,880万,104019元/平,顶层 (共5层) 3室1厅 | 84.6平米 | 南 北,https://s1.ljcdn.com/pegasus/redskull/images/common/default_house_list.png?_v=202410161653269
20241029,海淀,苏州桥,101124773344,西屋国际精装改善大三居可直接入住,1780万,100583元/平,低楼层 (共23层) 3室2厅 | 176.97平米 | 东南,https://s1.ljcdn.com/pegasus/redskull/images/common/default_house_list.png?_v=202410161653269
20241029,海淀,苏州桥,101124704542,大河庄苑 南北朝向 三室两卫 人车分流 环境好,1988万,140277元/平,低楼层 (共10层) 3室2厅 | 141.72平米 | 南 北,https://s1.ljcdn.com/pegasus/redskull/images/common/default_house_list.png?_v=202410161653269
20241029,海淀,苏州桥,101124679366,小南庄社区 2室1厅 南 西,700万,111288元/平,底层 (共6层) 2室1厅 | 62.9平米 | 南 西,https://s1.ljcdn.com/pegasus/redskull/images/common/default_house_list.png?_v=202410161653269
20241029,海淀,苏州桥,101124545627,人大西门稻香园西里 有电梯 中间楼层两居室,588万,97191元/平,中楼层 (共14层) | 1987年 | 2室1厅 | 60.5平米 | 南,https://s1.ljcdn.com/pegasus/redskull/images/common/default_house_list.png?_v=202410161653269
20241029,海淀,苏州桥,101124477481,立方庭中关村复式结构南北通透,630万,85703元/平,中楼层 (共10层) | 2008年 | 2室1厅 | 73.51平米 | 南 北,https://s1.ljcdn.com/pegasus/redskull/images/common/default_house_list.png?_v=202410161653269
20241029,海淀,苏州桥,101124460090,小南庄、满五年3居室两梯 西南全天采光 苏州桥,990万,96482元/平,高楼层 (共18层) | 1997年 | 3室1厅 | 102.61平米 | 西南,https://s1.ljcdn.com/pegasus/redskull/images/common/default_house_list.png?_v=202410161653269
20241029,海淀,苏州桥,101124302323,新中关  70年产权  精装修  位置好,470万,75080元/平,中楼层 (共18层) 1室1厅 | 62.6平米 | 南,https://s1.ljcdn.com/pegasus/redskull/images/common/default_house_list.png?_v=202410161653269
20241029,海淀,苏州桥,101124231032,三义庙北 南北向小三居 满五年唯一,580万,99828元/平,顶层 (共6层) | 1982年 | 3室1厅 | 58.1平米 | 南 西 北,https://s1.ljcdn.com/pegasus/redskull/images/common/default_house_list.png?_v=202410161653269
20241029,海淀,苏州桥,101124197372,海淀南路双南向   满五年唯一   无遮挡   配套齐全,560万,102942元/平,中楼层 (共6层) 2室1厅 | 54.4平米 | 南,https://s1.ljcdn.com/pegasus/redskull/images/common/default_house_list.png?_v=202410161653269
20241029,海淀,苏州桥,101124184279,中关村 苏州桥小南庄 南北价格低的一居室 诚售,310万,53357元/平,地下室 (共6层) 1室1厅 | 58.1平米 | 南 北,https://s1.ljcdn.com/pegasus/redskull/images/common/default_house_list.png?_v=202410161653269
20241029,海淀,苏州桥,101124059627,紫金庄园东南向 采光好 沐浴阳光 温馨舒适 满五唯一,490万,77227元/平,中楼层 (共22层) | 2000年 | 2室1厅 | 63.45平米 | 东 南,https://s1.ljcdn.com/pegasus/redskull/images/common/default_house_list.png?_v=202410161653269
20241029,海淀,苏州桥,101124013185,中关村立方庭复式只有契税临地铁 精装修 配套齐,410万,87701元/平,高楼层 (共10层) | 2008年 | 1室1厅 | 46.75平米 | 东,https://s1.ljcdn.com/pegasus/redskull/images/common/default_house_list.png?_v=202410161653269
20241029,海淀,苏州桥,101123948989,稻香园南向一居 带电梯 视野好 采光充足,560万,98940元/平,高楼层 (共16层) 1室1厅 | 56.6平米 | 南,https://s1.ljcdn.com/pegasus/redskull/images/common/default_house_list.png?_v=202410161653269
20241029,海淀,苏州桥,101123795122,房子是满五年正规三居南北通透前后无遮挡。,598万,105841元/平,顶层 (共6层) | 1995年 | 3室1厅 | 56.5平米 | 南 北,https://s1.ljcdn.com/pegasus/redskull/images/common/default_house_list.png?_v=202410161653269
20241029,海淀,苏州桥,101123643439,小南庄社区 南向一居室 业主诚心出售,319万,72998元/平,地下室 (共6层) | 1995年 | 1室1厅 | 43.7平米 | 南,https://s1.ljcdn.com/pegasus/redskull/images/common/default_house_list.png?_v=202410161653269
20241029,海淀,苏州桥,101123321369,海淀南路 2室1厅 东北,690万,99711元/平,低楼层 (共16层) 2室1厅 | 69.2平米 | 东北,https://s1.ljcdn.com/pegasus/redskull/images/common/default_house_list.png?_v=202410161653269
20241029,海淀,苏州桥,101122834195,2003年 南北3居 格局方正 采光好 面积大1梯2户有电梯,2000万,101911元/平,中楼层 (共9层) 3室2厅 | 196.25平米 | 南 北,https://s1.ljcdn.com/pegasus/redskull/images/common/default_house_list.png?_v=202410161653269
20241029,海淀,苏州桥,101122776524,中关村西区立方庭小区精装修楼层高视野好有钥匙,370万,86328元/平,高楼层 (共10层) | 2008年 | 1室1厅 | 42.86平米 | 北,https://s1.ljcdn.com/pegasus/redskull/images/common/default_house_list.png?_v=202410161653269
20241029,海淀,苏州桥,101122693003,北京市海淀区中关村苏州街33号房屋出售,248万,36801元/平,低楼层 (共16层) 1室0厅 | 67.39平米 | 西,https://s1.ljcdn.com/pegasus/redskull/images/common/default_house_list.png?_v=202410161653269
20241029,海淀,苏州桥,101122620014,西屋国际东西向三居室视野宽阔采光充足。,1870万,96417元/平,中楼层 (共22层) 3室2厅 | 193.95平米 | 东 西,https://s1.ljcdn.com/pegasus/redskull/images/common/default_house_list.png?_v=202410161653269
20241029,海淀,苏州桥,101122541502,苏州街33号公寓 1室1厅 东,258万,42851元/平,中楼层 (共16层) 1室1厅 | 60.21平米 | 东,https://s1.ljcdn.com/pegasus/redskull/images/common/default_house_list.png?_v=202410161653269
20241029,海淀,苏州桥,101122461618,中关村公馆  高层 南向   次新房,749万,113761元/平,顶层 (共15层) | 2009年 | 2室2厅 | 65.84平米 | 南,https://s1.ljcdn.com/pegasus/redskull/images/common/default_house_list.png?_v=202410161653269
20241029,海淀,苏州桥,101122345659,西屋国际 3室2厅 东 西,2200万,102804元/平,中楼层 (共22层) 3室2厅 | 214平米 | 东 西,https://s1.ljcdn.com/pegasus/redskull/images/common/default_house_list.png?_v=202410161653269
20241029,海淀,苏州桥,101121186872,苏州街33号 价格可谈诚心出售,430万,34799元/平,低楼层 (共16层) 2室1厅 | 123.57平米 | 西,https://s1.ljcdn.com/pegasus/redskull/images/common/default_house_list.png?_v=202410161653269
20241029,海淀,苏州桥,101121138112,苏州桥 小南庄电梯两居室 小区管理好 诚售,700万,113637元/平,高楼层 (共16层) | 1986年 | 2室1厅 | 61.6平米 | 南,https://s1.ljcdn.com/pegasus/redskull/images/common/default_house_list.png?_v=202410161653269
20241029,海淀,苏州桥,101120814045,三义庙北*田字格”户型不临街近地铁环境好,639万,91679元/平,底层 (共6层) 3室1厅 | 69.7平米 | 南 北,https://s1.ljcdn.com/pegasus/redskull/images/common/default_house_list.png?_v=202410161653269
20241029,海淀,苏州桥,101120607921,航天家属院四居室两卫2000年电梯板楼满五唯一,1890万,117465元/平,高楼层 (共14层) 4室2厅 | 160.9平米 | 南 北,https://ke-image.ljcdn.com/110000-inspection/cc5a1e8c-f181-4648-a273-60bca2050c55_1000.jpg!m_fill,w_280,h_210,f_jpg?from=ke.com
20241029,海淀,苏州桥,101119984078,此房满二年西南向边户两居室户型私密性好。,330万,55092元/平,地下室 (共6层) 2室1厅 | 59.9平米 | 东南 西,https://s1.ljcdn.com/pegasus/redskull/images/common/default_house_list.png?_v=202410161653269
20241029,海淀,苏州桥,101119723773,紫金庄园 3室2厅 东北,1250万,63549元/平,高楼层 (共22层) 3室2厅 | 196.7平米 | 东北,https://s1.ljcdn.com/pegasus/redskull/images/common/default_house_list.png?_v=202410161653269
20241029,海淀,苏州桥,101119651241,70年住宅产权商品房民水民电2梯4户观景中关村,1880万,97841元/平,中楼层 (共23层) 3室2厅 | 192.15平米 | 东 西,https://s1.ljcdn.com/pegasus/redskull/images/common/default_house_list.png?_v=202410161653269
20241029,海淀,苏州桥,101118473529,苏州桥 小南庄 大三居 三卧室朝南 带电梯 采光好,1280万,108844元/平,低楼层 (共10层) | 1993年 | 3室2厅 | 117.6平米 | 南 北,https://s1.ljcdn.com/pegasus/redskull/images/common/default_house_list.png?_v=202410161653269
20241029,海淀,苏州桥,101117405902,紫金庄园满5年家庭一套房电梯 人大苏州街苏州桥地铁,950万,100317元/平,高楼层 (共22层) | 1999年 | 2室1厅 | 94.7平米 | 东南,https://ke-image.ljcdn.com/110000-inspection/bb58a93e-5ccc-4254-b45e-2fb1993d55ca.jpg!m_fill,w_280,h_210,f_jpg?from=ke.com
20241029,海淀,苏州桥,101117285629,中关村公馆 高楼层 采光好 精装修房主自荐,403万,103413元/平,顶层 (共15层) | 2009年 | 1室1厅 | 38.97平米 | 西,https://s1.ljcdn.com/pegasus/redskull/images/common/default_house_list.png?_v=202410161653269
