20241031,通州,通州其它,101127127645,亦庄旁精装1居高楼层视野开阔配套齐全交通便利必看好房,138万,26162元/平,高楼层 (共15层) | 2015年 | 1室1厅 | 52.75平米 | 南,https://ke-image.ljcdn.com/110000-inspection/49202fe5-f382-4d51-b561-75862351ad9c_1000.jpg!m_fill,w_280,h_210,f_jpg?from=ke.com
20241031,通州,通州其它,101126779810,郎府书苑 南向两居室 购买只有契税 首付21万必看好房,133万,14796元/平,低楼层 (共17层) | 2021年 | 2室2厅 | 89.89平米 | 南,https://ke-image.ljcdn.com/110000-inspection/pc1_NJ1J0c5Rr_2.jpg!m_fill,w_280,h_210,f_jpg?from=ke.com
20241031,通州,通州其它,101126723112,本房满五唯一之前业主自住精装修无需大动必看好房,218万,28757元/平,低楼层 (共16层) 2室1厅 | 75.81平米 | 南,https://ke-image.ljcdn.com/110000-inspection/a7598d10-dff2-4537-bf8c-29a68aa925ec_1000.jpg!m_fill,w_280,h_210,f_jpg?from=ke.com
20241031,通州,通州其它,101126703227,东惠家园 2室1厅 南必看好房,295万,32881元/平,低楼层 (共28层) 2室1厅 | 89.72平米 | 南,https://ke-image.ljcdn.com/110000-inspection/0d085719-8358-4348-8b8c-435394e0ad7e_1000.jpg!m_fill,w_280,h_210,f_jpg?from=ke.com
20241031,通州,通州其它,101126632561,富力尚悦居C区 精装修自住三居室 中高楼层 拎包入必看好房,419万,31028元/平,中楼层 (共20层) | 2015年 | 3室1厅 | 135.04平米 | 南 北,https://ke-image.ljcdn.com/110000-inspection/pc1_xjXqWS66e_2.jpg!m_fill,w_280,h_210,f_jpg?from=ke.com
20241031,通州,通州其它,101127162775,紫峰九院城 4室2厅 南 北,177万,12711元/平,高楼层 (共6层) 4室2厅 | 139.25平米 | 南 北,https://ke-image.ljcdn.com/110000-inspection/a7a13395-4a43-425a-bca6-d99d507c0f36_1000.jpg!m_fill,w_280,h_210,f_jpg?from=ke.com
20241031,通州,通州其它,101127121301,靠近地铁半小时到国贸南北通透电梯房必看好房,330万,30320元/平,中楼层 (共18层) 2室1厅 | 108.84平米 | 南 北,https://ke-image.ljcdn.com/110000-inspection/083d2678-6ce9-4c54-8705-1e0a28b42f9e_1000.jpg!m_fill,w_280,h_210,f_jpg?from=ke.com
20241031,通州,通州其它,101127103058,阳光花庭离地铁站近小三居舒适得很必看好房,324万,35933元/平,中楼层 (共16层) 3室1厅 | 90.17平米 | 南 北,https://ke-image.ljcdn.com/110000-inspection/c00178e4-4220-4b55-9450-2f94d485d9ec_1000.jpg!m_fill,w_280,h_210,f_jpg?from=ke.com
20241031,通州,通州其它,101127061812,富力尚悦居D区精装修带电梯必看好房,130万,26418元/平,中楼层 (共18层) | 2015年 | 1室1厅 | 49.21平米 | 西南,https://ke-image.ljcdn.com/110000-inspection/pc1_e39xKTIH0.jpg!m_fill,w_280,h_210,f_jpg?from=ke.com
20241031,通州,通州其它,101127058671,东惠家园4号院107平米南北通透三居低楼层必看好房,286万,26553元/平,底层 (共27层) | 2021年 | 3室1厅 | 107.71平米 | 南 北,https://ke-image.ljcdn.com/110000-inspection/c5e9aded-0b5e-4a7f-8702-fb589f671b41_1000.jpg!m_fill,w_280,h_210,f_jpg?from=ke.com
20241031,通州,通州其它,101127051863,此房高楼层带电梯有地铁南北通透视野好必看好房,455万,54387元/平,中楼层 (共15层) 2室1厅 | 83.66平米 | 南 北,https://ke-image.ljcdn.com/110000-inspection/ce5c4ea8-4ec5-473f-b75b-b067e9430af3_1000.jpg!m_fill,w_280,h_210,f_jpg?from=ke.com
20241031,通州,通州其它,101127051629,首开万科城市之光万科物业看房随时必看好房,345万,45163元/平,低楼层 (共21层) 2室1厅 | 76.39平米 | 南,https://ke-image.ljcdn.com/110000-inspection/8e07a99b-4978-4c75-8f15-af114c6bb634_1000.jpg!m_fill,w_280,h_210,f_jpg?from=ke.com
20241031,通州,通州其它,101126983234,满五唯一17号线50米（高德地图）明厨明卫 南向必看好房,200万,33485元/平,中楼层 (共18层) 1室1厅 | 59.73平米 | 南 北,https://ke-image.ljcdn.com/110000-inspection/730ecc85-bb20-402e-8a9e-8e101438c20a_1000.jpg!m_fill,w_280,h_210,f_jpg?from=ke.com
20241031,通州,通州其它,101126970189,东亚印象台湖  满五新小区高品质正规两居室必看好房,175万,27417元/平,低楼层 (共13层) | 2014年 | 2室1厅 | 63.83平米 | 南 北,https://ke-image.ljcdn.com/110000-inspection/a16b4af0-7f8f-4f36-80f6-d73e2daef08b_1000.jpg!m_fill,w_280,h_210,f_jpg?from=ke.com
20241031,通州,通州其它,101126883794,富力尚悦居D区 2室2厅 西南必看好房,168万,24519元/平,低楼层 (共18层) | 2015年 | 2室2厅 | 68.52平米 | 西南,https://ke-image.ljcdn.com/110000-inspection/e51eb4c9-682a-435d-afb8-4d4d1792816f_1000.jpg!m_fill,w_280,h_210,f_jpg?from=ke.com
20241031,通州,通州其它,101126854693,润枫领尚 实用大两居 精装修 满五唯一必看好房,385万,44101元/平,高楼层 (共16层) | 2012年 | 2室1厅 | 87.3平米 | 南 北,https://ke-image.ljcdn.com/110000-inspection/748fa091-5add-4280-b395-4dd66c7e6515_1000.jpg!m_fill,w_280,h_210,f_jpg?from=ke.com
20241031,通州,通州其它,101126808424,阳光城京悦府89平米三居南北通透满五唯一必看好房,330万,36737元/平,低楼层 (共19层) 3室1厅 | 89.83平米 | 南 北 东,https://ke-image.ljcdn.com/110000-inspection/a3d1b6d3-36a7-4e02-9876-64085a6a79b8_1000.jpg!m_fill,w_280,h_210,f_jpg?from=ke.com
20241031,通州,通州其它,101126776636,东惠家园89平米纯南两居室中高楼层户型房本无遮挡必看好房,287万,31992元/平,高楼层 (共28层) 2室2厅 | 89.71平米 | 南,https://ke-image.ljcdn.com/110000-inspection/ca30439c-7dc7-4a9f-b779-5d0804fea169_1000.jpg!m_fill,w_280,h_210,f_jpg?from=ke.com
20241031,通州,通州其它,101126707302,十里春风  两居室  采光好  视野好必看好房,102万,12752元/平,中楼层 (共27层) | 2020年 | 2室1厅 | 79.99平米 | 南 北,https://ke-image.ljcdn.com/110000-inspection/pc1_8djbAUloG.jpg!m_fill,w_280,h_210,f_jpg?from=ke.com
20241031,通州,通州其它,101126700760,次渠北里三区157平米南北通透大三居满五唯一必看好房,410万,26026元/平,中楼层 (共18层) 3室2厅 | 157.54平米 | 南 北 西,https://ke-image.ljcdn.com/110000-inspection/b68b41aa-a751-4afb-a0cc-39b02287d896_1000.jpg!m_fill,w_280,h_210,f_jpg?from=ke.com
20241031,通州,通州其它,101126692801,满两年南北通透两居 双大飘窗 装修好 诚意出售必看好房,489万,58396元/平,中楼层 (共14层) 2室1厅 | 83.74平米 | 南 北,https://ke-image.ljcdn.com/110000-inspection/6178aa35-1e5a-48c4-b1a7-95fff6bbb6e4_1000.jpg!m_fill,w_280,h_210,f_jpg?from=ke.com
20241031,通州,通州其它,101126673448,东惠家园4号院 次新房 装修未入住必看好房,346万,32997元/平,中楼层 (共28层) | 2021年 | 3室2厅 | 104.86平米 | 南 北,https://ke-image.ljcdn.com/110000-inspection/82ee1077-7fad-4e20-a4ad-87fc1b7e1cf8_1000.jpg!m_fill,w_280,h_210,f_jpg?from=ke.com
20241031,通州,通州其它,101126649331,有地铁采光好明厨明卫次渠北里一居室必看好房,190万,31773元/平,中楼层 (共18层) 1室1厅 | 59.8平米 | 西 北,https://ke-image.ljcdn.com/110000-inspection/da846658-c40d-46c6-be8a-99261e0c5f8d_1000.jpg!m_fill,w_280,h_210,f_jpg?from=ke.com
20241031,通州,通州其它,101126645294,满五唯一无户口花园洋房社区南北通透,275万,26402元/平,中楼层 (共8层) 3室1厅 | 104.16平米 | 南 北,https://ke-image.ljcdn.com/110000-inspection/pc1_kFkMUHmgX_1.jpg!m_fill,w_280,h_210,f_jpg?from=ke.com
20241031,通州,通州其它,101126622975,次渠北里一区南向优质房源采光好位置佳必看好房,210万,35886元/平,低楼层 (共18层) 1室1厅 | 58.52平米 | 东 南,https://ke-image.ljcdn.com/110000-inspection/pc1_cmq8UXxvL.jpg!m_fill,w_280,h_210,f_jpg?from=ke.com
20241031,通州,通州其它,101126609738,东惠家园、南向正规一居室 、采光好无遮挡必看好房,188万,29053元/平,低楼层 (共28层) | 2019年 | 1室1厅 | 64.71平米 | 南,https://ke-image.ljcdn.com/110000-inspection/pc1_zPNyzeTZO_1.jpg!m_fill,w_280,h_210,f_jpg?from=ke.com
20241031,通州,通州其它,101126568965,富力尚悦居D区正南一居室中间楼层采光充足,135万,26017元/平,中楼层 (共18层) | 2015年 | 1室1厅 | 51.89平米 | 南,https://ke-image.ljcdn.com/110000-inspection/e62bb875-60f1-4b34-b837-4703b7c6fcd5_1000.jpg!m_fill,w_280,h_210,f_jpg?from=ke.com
20241031,通州,通州其它,101126545091,首开缇香郡 1室1厅 南必看好房,98万,17361元/平,底层 (共16层) | 2016年 | 1室1厅 | 56.45平米 | 南,https://ke-image.ljcdn.com/110000-inspection/pc1_XsVMwBn17_1.jpg!m_fill,w_280,h_210,f_jpg?from=ke.com
20241031,通州,通州其它,101126538792,首开香溪郡 3室1厅 南 北必看好房,288万,28453元/平,高楼层 (共8层) | 2016年 | 3室1厅 | 101.22平米 | 南 北,https://ke-image.ljcdn.com/110000-inspection/pc1_4CoJzfK5d_1.jpg!m_fill,w_280,h_210,f_jpg?from=ke.com
20241031,通州,通州其它,101126530415,次渠南里十区 2室1厅 南 北,328万,30156元/平,低楼层 (共18层) 2室1厅 | 108.77平米 | 南 北,https://ke-image.ljcdn.com/110000-inspection/pc1_Ko4a6i2Q6.jpg!m_fill,w_280,h_210,f_jpg?from=ke.com
20241031,通州,通州其它,101126520642,富力尚悦居70年住宅大面积一居业主诚意出售,119万,20870元/平,底层 (共22层) | 2015年 | 1室0厅 | 57.02平米 | 南,https://ke-image.ljcdn.com/110000-inspection/666f2ec7-f97d-45c7-84d1-86b199c84879_1000.jpg!m_fill,w_280,h_210,f_jpg?from=ke.com
20241031,通州,通州其它,101126513526,富力尚悦居C区高楼层南向无遮挡采光充足必看好房,268万,32580元/平,高楼层 (共20层) 2室1厅 | 82.26平米 | 西南,https://ke-image.ljcdn.com/110000-inspection/ec3d9408-84d4-4ae7-84c9-7fcf8890c928_1000.jpg!m_fill,w_280,h_210,f_jpg?from=ke.com
20241031,通州,通州其它,101126490904,次渠南里十一区正规一居室 满五  采光好必看好房,170万,29215元/平,顶层 (共18层) 1室1厅 | 58.19平米 | 东,https://ke-image.ljcdn.com/110000-inspection/0364d5af-9af0-4986-88d3-72d227bceb08_1000.jpg!m_fill,w_280,h_210,f_jpg?from=ke.com
20241031,通州,通州其它,101126472933,首开香溪郡 3室1厅 南 北必看好房,268万,28499元/平,中楼层 (共5层) 3室1厅 | 94.04平米 | 南 北,https://ke-image.ljcdn.com/110000-inspection/pc1_gSA8ZvHo6_1.jpg!m_fill,w_280,h_210,f_jpg?from=ke.com
20241031,通州,通州其它,101126447292,首开国风美仑 南北通透三居室 带电梯 精装修必看好房,289万,32549元/平,中楼层 (共16层) 3室1厅 | 88.79平米 | 南 北,https://ke-image.ljcdn.com/110000-inspection/f09e998e-c8cb-4c91-ab2a-987a4c88c8a1_1000.jpg!m_fill,w_280,h_210,f_jpg?from=ke.com
20241031,通州,通州其它,101126433128,富力尚悦居B区正南 自住精装修 特干净 现状保持好必看好房,129万,24386元/平,低楼层 (共15层) | 2015年 | 1室0厅 | 52.9平米 | 南,https://ke-image.ljcdn.com/110000-inspection/4638284c-a422-414a-862d-4dcaf28b3826_1000.jpg!m_fill,w_280,h_210,f_jpg?from=ke.com
20241031,通州,通州其它,101126360266,此房满五唯一南北通透全明格局高楼层采光充足必看好房,290万,31813元/平,高楼层 (共16层) | 2013年 | 3室1厅 | 91.16平米 | 南 北,https://ke-image.ljcdn.com/110000-inspection/pc1_wOqDUhK5P_2.jpg!m_fill,w_280,h_210,f_jpg?from=ke.com
20241031,通州,通州其它,101126331016,首开缇香郡必看好房,185万,20869元/平,低楼层 (共9层) 3室1厅 | 88.65平米 | 南 北,https://ke-image.ljcdn.com/110000-inspection/aeed2d4b-cde8-479a-9f2e-006f73108fcf_1000.jpg!m_fill,w_280,h_210,f_jpg?from=ke.com
20241031,通州,通州其它,101126284208,十里春风 2室1厅 南 北必看好房,100万,12969元/平,中楼层 (共22层) | 2020年 | 2室1厅 | 77.11平米 | 南 北,https://ke-image.ljcdn.com/110000-inspection/pc1_pZzMKAewl_1.jpg!m_fill,w_280,h_210,f_jpg?from=ke.com
20241031,通州,通州其它,101126224643,富力尚悦居C区 满五唯一精装眼镜两户型居室必看好房,275万,31113元/平,中楼层 (共20层) | 2015年 | 2室1厅 | 88.39平米 | 南,https://ke-image.ljcdn.com/110000-inspection/4a6017b5-7d1a-4ae5-8c8f-7c39697daab2_1000.jpg!m_fill,w_280,h_210,f_jpg?from=ke.com
20241031,通州,通州其它,101126188989,润枫领尚 2室1厅 南 北必看好房,399万,45275元/平,中楼层 (共18层) | 2012年 | 2室1厅 | 88.13平米 | 南 北,https://ke-image.ljcdn.com/110000-inspection/pc1_gstZ1Sjk2.jpg!m_fill,w_280,h_210,f_jpg?from=ke.com
20241031,通州,通州其它,101126138884,首开国风美仑5号院南北通透商品房明厨明卫必看好房,368万,30603元/平,高楼层 (共16层) 3室1厅 | 120.25平米 | 南 北,https://ke-image.ljcdn.com/110000-inspection/547914f8-94e6-4d7e-96cf-2100b88788a6_1000.jpg!m_fill,w_280,h_210,f_jpg?from=ke.com
20241031,通州,通州其它,101126081232,首开万科城市之光 万科物业 全明格局 地暖新风必看好房,425万,47657元/平,高楼层 (共11层) 3室1厅 | 89.18平米 | 南 北,https://ke-image.ljcdn.com/110000-inspection/bef9e0c6-57a2-4aeb-b4e8-2a801ca02543_1000.jpg!m_fill,w_280,h_210,f_jpg?from=ke.com
20241031,通州,通州其它,101125968167,郎府书苑 三居室 三面宽户型 只有契税 首付34万必看好房,219万,20155元/平,中楼层 (共17层) 3室2厅 | 108.66平米 | 南 北,https://ke-image.ljcdn.com/110000-inspection/c341e657-dd53-4c42-bd87-32d281393ad7_1000.jpg!m_fill,w_280,h_210,f_jpg?from=ke.com
20241031,通州,通州其它,101125889622,定海园一里高楼层采光好无遮挡业主诚意出售必看好房,360万,34938元/平,顶层 (共11层) 2室2厅 | 103.04平米 | 南 北,https://ke-image.ljcdn.com/110000-inspection/pc1_knZOQmBz3.jpg!m_fill,w_280,h_210,f_jpg?from=ke.com
20241031,通州,通州其它,101125753757,满五唯一 南北通透 视野通风好必看好房,299万,39343元/平,低楼层 (共11层) | 2009年 | 1室1厅 | 76平米 | 南 北,https://ke-image.ljcdn.com/110000-inspection/pc1_vNBUbyqZS_1.jpg!m_fill,w_280,h_210,f_jpg?from=ke.com
20241031,通州,通州其它,101125738832,次新房环境优美洋房社区南北3+1眼镜户型适,182万,12980元/平,中楼层 (共6层) 4室2厅 | 140.22平米 | 南 北,https://ke-image.ljcdn.com/110000-inspection/pc1_4FDRq5J30.jpg!m_fill,w_280,h_210,f_jpg?from=ke.com
20241031,通州,通州其它,101125726553,环保优质精装修双大飘窗南北通透采光很好。房主自荐,450万,53880元/平,低楼层 (共15层) 2室1厅 | 83.52平米 | 南 北,https://ke-image.ljcdn.com/110000-inspection/5e81dc8f-1b05-4911-90bd-c849c4434a30_1000.jpg!m_fill,w_280,h_210,f_jpg?from=ke.com
20241031,通州,通州其它,101125643454,富力尚悦居C区 精装修 全南两居 中楼层 视野开阔必看好房,275万,31123元/平,中楼层 (共20层) | 2015年 | 2室1厅 | 88.36平米 | 南,https://ke-image.ljcdn.com/110000-inspection/pc1_L94NOS2Hg.jpg!m_fill,w_280,h_210,f_jpg?from=ke.com
20241031,通州,通州其它,101125519370,润枫领尚 精装修一居 满五唯一必看好房,198万,35606元/平,低楼层 (共18层) | 2013年 | 1室1厅 | 55.61平米 | 东北,https://ke-image.ljcdn.com/110000-inspection/7e5592b7-6f2b-44f9-9000-5b2b6e874335_1000.jpg!m_fill,w_280,h_210,f_jpg?from=ke.com
20241031,通州,通州其它,101125492021,富力尚悦居A区 1室1厅 南必看好房,205万,32468元/平,底层 (共20层) | 2015年 | 1室1厅 | 63.14平米 | 南,https://ke-image.ljcdn.com/110000-inspection/pc1_0jEJptmwb_2.jpg!m_fill,w_280,h_210,f_jpg?from=ke.com
20241031,通州,通州其它,101125397092,南北东三面采光楼层高视野好满五唯一诚意出售必看好房,310万,34164元/平,中楼层 (共21层) 3室2厅 | 90.74平米 | 东 南 北,https://ke-image.ljcdn.com/110000-inspection/fc9f49f5-e6d1-47f3-9dfa-a8f48c62f28b_1000.jpg!m_fill,w_280,h_210,f_jpg?from=ke.com
20241031,通州,通州其它,101125381363,次新电梯洋房一梯两户三阳开泰南面的面宽9米必看好房,378万,32281元/平,中楼层 (共5层) 3室2厅 | 117.1平米 | 南 北,https://ke-image.ljcdn.com/110000-inspection/pc1_BnFbH1r24_1.jpg!m_fill,w_280,h_210,f_jpg?from=ke.com
20241031,通州,通州其它,101125278170,富力尚悦居C区精装修人车分流必看好房,359万,32178元/平,高楼层 (共20层) 3室2厅 | 111.57平米 | 南 北,https://ke-image.ljcdn.com/110000-inspection/pc1_GnWLdMuWp.jpg!m_fill,w_280,h_210,f_jpg?from=ke.com
20241031,通州,通州其它,101125259085,满五唯一新小区高品质正规两居室业主诚意出售,225万,31789元/平,中楼层 (共12层) 2室1厅 | 70.78平米 | 南 北,https://ke-image.ljcdn.com/110000-inspection/fc53d5dc-42c2-4a8c-a190-1cb26989fd08_1000.jpg!m_fill,w_280,h_210,f_jpg?from=ke.com
20241031,通州,通州其它,101125240279,此房满五唯一精装修不临街中高楼层边户动静,288万,32255元/平,高楼层 (共16层) 3室1厅 | 89.29平米 | 南 北,https://ke-image.ljcdn.com/110000-inspection/db1ffa81-2871-4dc5-b863-df231b27281a_1000.jpg!m_fill,w_280,h_210,f_jpg?from=ke.com
20241031,通州,通州其它,101125124983,【YaoYao领先！】中间位置.不临街.阳光城两居必看好房,270万,29914元/平,底层 (共21层) 2室1厅 | 90.26平米 | 南,https://ke-image.ljcdn.com/110000-inspection/b119b5d9-8222-4b9a-9a87-b5bdbba4d4b6_1000.jpg!m_fill,w_280,h_210,f_jpg?from=ke.com
20241031,通州,通州其它,101125093145,紫峰九院城南北三居室带阳台有钥匙随时看房,129万,12475元/平,低楼层 (共6层) 3室1厅 | 103.41平米 | 南 北,https://ke-image.ljcdn.com/110000-inspection/pc1_iiFHu0cIY.jpg!m_fill,w_280,h_210,f_jpg?from=ke.com
20241031,通州,通州其它,101124978461,首开缇香郡满五唯一朝向南采光号视野开阔必看好房,199万,22614元/平,中楼层 (共8层) 3室2厅 | 88平米 | 北 南,https://ke-image.ljcdn.com/110000-inspection/f1b66de9-b959-429f-885c-9a1bce0b8c53_1000.jpg!m_fill,w_280,h_210,f_jpg?from=ke.com
20241031,通州,通州其它,101124967383,南北东三面采光一梯两户明厨明卫满五唯一必看好房,370万,41804元/平,低楼层 (共11层) | 2013年 | 3室1厅 | 88.51平米 | 东 南 北,https://ke-image.ljcdn.com/110000-inspection/fe5c8dce-80d5-4445-a3be-66332ea3a3b7_1000.jpg!m_fill,w_280,h_210,f_jpg?from=ke.com
20241031,通州,通州其它,101124951611,满五唯一 中高楼层 南向两居 采光位置优越必看好房,315万,35071元/平,高楼层 (共16层) 2室1厅 | 89.82平米 | 南,https://ke-image.ljcdn.com/110000-inspection/pc1_Ibxew8U18_1.jpg!m_fill,w_280,h_210,f_jpg?from=ke.com
20241031,通州,通州其它,101124887218,亦庄京东旁2015年新小区70年住宅空房有钥匙必看好房,169万,23285元/平,低楼层 (共15层) | 2014年 | 2室2厅 | 72.58平米 | 西南,https://ke-image.ljcdn.com/110000-inspection/pc1_fhkKU2p51.jpg!m_fill,w_280,h_210,f_jpg?from=ke.com
20241031,通州,通州其它,101124864342,东亚印象台湖满五唯新小区高品质正规两居室,196万,30573元/平,高楼层 (共10层) 2室1厅 | 64.11平米 | 南,https://ke-image.ljcdn.com/110000-inspection/3da71b2a-cee5-497c-84b9-ae7f9e1178e9_1000.jpg!m_fill,w_280,h_210,f_jpg?from=ke.com
20241031,通州,通州其它,101124804965,次渠南里大三居出行方便南北通透近地铁,410万,26298元/平,低楼层 (共18层) 3室2厅 | 155.91平米 | 东 南 北,https://ke-image.ljcdn.com/110000-inspection/f51fe03c-ae27-4806-a2f3-b89355138263_1000.jpg!m_fill,w_280,h_210,f_jpg?from=ke.com
20241031,通州,通州其它,101124794584,阳光花庭 满五唯一 中高楼层 南向两居 价格可谈,322万,35596元/平,高楼层 (共21层) 2室2厅 | 90.46平米 | 南,https://ke-image.ljcdn.com/110000-inspection/pc1_LJqgBqr4y_1.jpg!m_fill,w_280,h_210,f_jpg?from=ke.com
20241031,通州,通州其它,101124724609,十里春风 2室1厅 南 西北必看好房,90万,12490元/平,高楼层 (共22层) | 2020年 | 2室1厅 | 72.06平米 | 南 西北,https://ke-image.ljcdn.com/110000-inspection/397caf1f-7bd9-4e4f-b4d0-d4045a33ea8d_1000.jpg!m_fill,w_280,h_210,f_jpg?from=ke.com
20241031,通州,通州其它,101124696152,十里春风精装修两居室  公园社区 首付20万,100万,12493元/平,中楼层 (共27层) | 2020年 | 2室1厅 | 80.05平米 | 南 北,https://ke-image.ljcdn.com/110000-inspection/pc1_ahgwQVAdU.jpg!m_fill,w_280,h_210,f_jpg?from=ke.com
20241031,通州,通州其它,101124576954,富力尚悦居A区 2室1厅 西南必看好房,269万,32055元/平,低楼层 (共15层) 2室1厅 | 83.92平米 | 西南,https://ke-image.ljcdn.com/110000-inspection/f9a709fa-4d72-4825-821c-55cf720f8665_1000.jpg!m_fill,w_280,h_210,f_jpg?from=ke.com
20241031,通州,通州其它,101124565066,首开国风美仑 2室1厅 南 北,200万,27469元/平,中楼层 (共15层) | 2013年 | 2室1厅 | 72.81平米 | 南 北,https://ke-image.ljcdn.com/110000-inspection/pc1_J3a3UyvUw.jpg!m_fill,w_280,h_210,f_jpg?from=ke.com
20241031,通州,通州其它,101124505251,70年住宅高楼层精装修自住诚心出售必看好房,147万,20696元/平,中楼层 (共16层) | 2016年 | 2室1厅 | 71.03平米 | 南 北,https://ke-image.ljcdn.com/110000-inspection/pc1_rRkLVE9l7.jpg!m_fill,w_280,h_210,f_jpg?from=ke.com
20241031,通州,通州其它,101124498535,富力尚悦居D区 1室1厅 南必看好房,131万,23621元/平,高楼层 (共18层) | 2015年 | 1室1厅 | 55.46平米 | 南,https://ke-image.ljcdn.com/110000-inspection/995bf448-1fc2-48b4-bdea-41421e7e4578_1000.jpg!m_fill,w_280,h_210,f_jpg?from=ke.com
20241031,通州,通州其它,101124477802,首开.缇香郡  满五唯一    精装修  拎包入住必看好房,170万,20785元/平,低楼层 (共11层) | 2016年 | 2室1厅 | 81.79平米 | 南,https://ke-image.ljcdn.com/110000-inspection/pc1_h5I7DV5TY.jpg!m_fill,w_280,h_210,f_jpg?from=ke.com
20241031,通州,通州其它,101124416492,电梯洋房一梯二户干湿分离的卫生间首开物业近公园,348万,33663元/平,中楼层 (共8层) 3室2厅 | 103.38平米 | 南 北,https://ke-image.ljcdn.com/110000-inspection/pc1_asMJPjn7R.jpg!m_fill,w_280,h_210,f_jpg?from=ke.com
20241031,通州,通州其它,101124409344,华鑫园小区南北通透满五唯一,256万,30404元/平,低楼层 (共6层) 2室1厅 | 84.2平米 | 南 北,https://ke-image.ljcdn.com/110000-inspection/89197520-f0cd-48c4-bf2d-0a1f34a64fae_1000.jpg!m_fill,w_280,h_210,f_jpg?from=ke.com
20241031,通州,通州其它,101124360529,泰禾拾景园 3室2厅 南 北必看好房,720万,56264元/平,中楼层 (共8层) 3室2厅 | 127.97平米 | 南 北,https://ke-image.ljcdn.com/110000-inspection/pc1_EWeZzq5JT_1.jpg!m_fill,w_280,h_210,f_jpg?from=ke.com
20241031,通州,通州其它,101124334206,首开国风美仑业主自住满五唯一南北通透必看好房,280万,31511元/平,中楼层 (共16层) 3室1厅 | 88.86平米 | 南 北,https://ke-image.ljcdn.com/110000-inspection/pc1_l9E5wRFCa.jpg!m_fill,w_280,h_210,f_jpg?from=ke.com
20241031,通州,通州其它,101124201316,南北通透、楼层采光好明厨明卫次卧无连廊不临街必看好房,109万,13316元/平,低楼层 (共27层) | 2020年 | 2室1厅 | 81.86平米 | 南 北,https://ke-image.ljcdn.com/110000-inspection/820513e3-eed9-4bc9-94ac-150c40c37882_1000.jpg!m_fill,w_280,h_210,f_jpg?from=ke.com
20241031,通州,通州其它,101124175580,定海园一里  南北通透   高楼层,299万,38586元/平,高楼层 (共10层) 2室1厅 | 77.49平米 | 南 北,https://ke-image.ljcdn.com/110000-inspection/5c0d259a-bee4-4a75-9b5d-5b12a5dcc952_1000.jpg!m_fill,w_280,h_210,f_jpg?from=ke.com
20241031,通州,通州其它,101124033493,东亚印象台湖 次新小区 环球影城旁 刚需小三居,258万,33730元/平,高楼层 (共12层) 3室1厅 | 76.49平米 | 南 北,https://ke-image.ljcdn.com/110000-inspection/511841fd-8203-4088-81b2-bafbf66ef961_1000.jpg!m_fill,w_280,h_210,f_jpg?from=ke.com
20241031,通州,通州其它,101123908411,正规一居室 明厨明卫 亦庄线次渠南站500米 满五唯一必看好房,178万,29982元/平,高楼层 (共18层) 1室1厅 | 59.37平米 | 西北,https://ke-image.ljcdn.com/110000-inspection/8b70310c-3791-48de-9658-2310cb49edee_1000.jpg!m_fill,w_280,h_210,f_jpg?from=ke.com
20241031,通州,通州其它,101123712389,楼龄新南北向两居室格局合理业主诚意出售,278万,30814元/平,顶层 (共28层) 2室1厅 | 90.22平米 | 南 北,https://ke-image.ljcdn.com/110000-inspection/pc1_nQHmLsHjy_1.jpg!m_fill,w_280,h_210,f_jpg?from=ke.com
20241031,通州,通州其它,101123658776,富力尚悦居A区  精装电梯房  南北通透必看好房,355万,26140元/平,低楼层 (共20层) | 2015年 | 3室1厅 | 135.81平米 | 南 北,https://ke-image.ljcdn.com/110000-inspection/pc1_vvBKHePaF.jpg!m_fill,w_280,h_210,f_jpg?from=ke.com
20241031,通州,通州其它,101123577180,富力尚悦居D区 西南向三居室 中间楼层 业主诚心出售必看好房,229万,25196元/平,中楼层 (共18层) | 2015年 | 3室2厅 | 90.89平米 | 南,https://ke-image.ljcdn.com/110000-inspection/25f19a89-c350-484c-bd5c-5e07c60ea603_1000.jpg!m_fill,w_280,h_210,f_jpg?from=ke.com
20241031,通州,通州其它,101123527676,边户大四居无遮挡采光好精装修可以拎包入住,650万,41179元/平,中楼层 (共11层) | 2014年 | 4室2厅 | 157.85平米 | 南 北,https://ke-image.ljcdn.com/110000-inspection/c02a06c9-1150-4dcd-9e3f-1715d3c06770_1000.jpg!m_fill,w_280,h_210,f_jpg?from=ke.com
20241031,通州,通州其它,101123519816,次渠南里七区一层108.平米南北大两居出门就是菜市场必看好房,268万,24667元/平,底层 (共18层) 2室2厅 | 108.65平米 | 南 北,https://ke-image.ljcdn.com/110000-inspection/18b115a6-d894-4c3f-8369-8ab0a2edf311_1000.jpg!m_fill,w_280,h_210,f_jpg?from=ke.com
20241031,通州,通州其它,101123476850,富力尚悦居B区 1室1厅 西南必看好房,130万,22720元/平,中楼层 (共15层) | 2014年 | 1室1厅 | 57.22平米 | 西南,https://ke-image.ljcdn.com/110000-inspection/pc1_eiyViLRUO.jpg!m_fill,w_280,h_210,f_jpg?from=ke.com
20241031,通州,通州其它,101123422710,本房满五唯一采光好全明格局视野开阔必看好房,280万,30756元/平,中楼层 (共14层) | 2013年 | 3室1厅 | 91.04平米 | 南,https://ke-image.ljcdn.com/110000-inspection/80657212-2808-4f9c-bbad-b3a3f52f0841_1000.jpg!m_fill,w_280,h_210,f_jpg?from=ke.com
20241031,通州,通州其它,101123387166,东亚印象台湖A5区 房子保持很好 优质好房必看好房,248万,31609元/平,高楼层 (共12层) 3室1厅 | 78.46平米 | 南 北,https://ke-image.ljcdn.com/110000-inspection/2abb3570-58e5-42ce-a8f0-41ece9a06062_1000.jpg!m_fill,w_280,h_210,f_jpg?from=ke.com
20241031,通州,通州其它,101123371959,泰禾拾景园 满五唯一 全南向两居室 精装地暖新风,450万,52497元/平,中楼层 (共20层) 2室1厅 | 85.72平米 | 南,https://ke-image.ljcdn.com/110000-inspection/c85ccf6c-279e-424a-8bcc-9a0eb5d6e39a_1000.jpg!m_fill,w_280,h_210,f_jpg?from=ke.com
20241031,通州,通州其它,101123299717,南北通透方正两居亦庄线17号双线地铁不临街必看好房,268万,28734元/平,中楼层 (共6层) 2室1厅 | 93.27平米 | 南 北,https://ke-image.ljcdn.com/110000-inspection/0682eb48-3c93-4764-8de4-e016e1802475_1000.jpg!m_fill,w_280,h_210,f_jpg?from=ke.com
20241031,通州,通州其它,101122839012,十里春风 环境好 精装修 价钱可以商量必看好房,105万,13153元/平,低楼层 (共22层) | 2020年 | 2室1厅 | 79.83平米 | 南,https://ke-image.ljcdn.com/110000-inspection/eab274c3-5e71-47e7-b383-c31b0adfb960_1000.jpg!m_fill,w_280,h_210,f_jpg?from=ke.com
20241031,通州,通州其它,101122838908,十里春风南北通透两居室无遮挡,109万,13668元/平,高楼层 (共27层) | 2020年 | 2室1厅 | 79.75平米 | 北 南,https://ke-image.ljcdn.com/110000-inspection/pc1_1KqtxWnXg.jpg!m_fill,w_280,h_210,f_jpg?from=ke.com
20241031,通州,通州其它,101122838318,台湖·银河湾 业主诚意出售 人车分流社区房主自荐,435万,54464元/平,低楼层 (共18层) 3室1厅 | 79.87平米 | 南 北,https://ke-image.ljcdn.com/110000-inspection/003b1f64-bdd0-48e5-98ff-066cc13d07f8_1000.jpg!m_fill,w_280,h_210,f_jpg?from=ke.com
20241031,通州,通州其它,101122417025,十里春风 3室2厅 北 南,128万,13651元/平,高楼层 (共20层) 3室2厅 | 93.77平米 | 北 南,https://ke-image.ljcdn.com/110000-inspection/pc1_tU0d0SVBN_1.jpg!m_fill,w_280,h_210,f_jpg?from=ke.com
20241031,通州,通州其它,101122207904,万驰家园南北通透的两居室H户型全明户型,160万,18012元/平,中楼层 (共6层) | 2009年 | 2室1厅 | 88.83平米 | 南 北,https://ke-image.ljcdn.com/110000-inspection/pc1_rcMS1EgM7.jpg!m_fill,w_280,h_210,f_jpg?from=ke.com
20241031,通州,通州其它,101120945963,高品质社区 精装全明格局 4居室 好楼层 采光充足必看好房,415万,29784元/平,高楼层 (共15层) 4室2厅 | 139.34平米 | 南 西 北,https://ke-image.ljcdn.com/110000-inspection/7a73b8b7-6474-4a03-b183-48dfd49e1af6_1000.jpg!m_fill,w_280,h_210,f_jpg?from=ke.com
20241031,通州,通州其它,101119585836,定海园一里满五唯一一居价格便宜格局方正,295万,40922元/平,底层 (共11层) 1室1厅 | 72.09平米 | 南,https://ke-image.ljcdn.com/110000-inspection/df53ef15-0c65-4158-ab90-2e14e90a8c27_1000.jpg!m_fill,w_280,h_210,f_jpg?from=ke.com
20241031,通州,通州其它,101127306632,泰禾一号公馆 2室1厅 南 北必看好房,455万,56396元/平,底层 (共10层) | 2017年 | 2室1厅 | 80.68平米 | 南 北,https://ke-image.ljcdn.com/110000-inspection/08c40832-3535-4df1-8900-d93ec31ab55b_1000.jpg!m_fill,w_280,h_210,f_jpg?from=ke.com
20241031,通州,通州其它,101127269720,首开国风美仑 2室1厅 南必看好房,220万,29040元/平,中楼层 (共16层) | 2014年 | 2室1厅 | 75.76平米 | 南,https://ke-image.ljcdn.com/110000-inspection/88ac376e-20f2-4460-a136-0a1c05a8348a_1000.jpg!m_fill,w_280,h_210,f_jpg?from=ke.com
20241031,通州,通州其它,101127230866,富力尚悦居D区 1室1厅 南必看好房,140万,25045元/平,中楼层 (共18层) | 2015年 | 1室1厅 | 55.9平米 | 南,https://ke-image.ljcdn.com/110000-inspection/dfb75a91-e1d5-44fb-9879-66d0d9ed6bc5_1000.jpg!m_fill,w_280,h_210,f_jpg?from=ke.com
20241031,通州,通州其它,101127222348,台湖·银河湾次顶层三居室优质房源视野开阔。必看好房,428万,53122元/平,高楼层 (共18层) 3室1厅 | 80.57平米 | 南 北,https://ke-image.ljcdn.com/110000-inspection/pc1_yCRrMQJkB.jpg!m_fill,w_280,h_210,f_jpg?from=ke.com
20241031,通州,通州其它,101127166141,富力尚悦居A区 4室1厅 南 西 北必看好房,388万,27846元/平,顶层 (共15层) 4室1厅 | 139.34平米 | 南 西 北,https://ke-image.ljcdn.com/110000-inspection/pc1_18HsPLFjN.jpg!m_fill,w_280,h_210,f_jpg?from=ke.com
20241031,通州,通州其它,101127094618,十里春风 3室1厅 南 北必看好房,129万,14253元/平,高楼层 (共27层) | 2020年 | 3室1厅 | 90.51平米 | 南 北,https://ke-image.ljcdn.com/110000-inspection/79b7a215-9b12-4e4e-ba89-0c2a8cd8646f_1000.jpg!m_fill,w_280,h_210,f_jpg?from=ke.com
20241031,通州,通州其它,101127065589,通州旭辉御锦下叠精装修拎包入住南北通透必看好房,750万,28360元/平,底层 (共6层) | 2014年 | 4室2厅 | 264.46平米 | 南 北,https://ke-image.ljcdn.com/110000-inspection/pc1_9T2dUeNjm.jpg!m_fill,w_280,h_210,f_jpg?from=ke.com
20241031,通州,通州其它,101127047776,此房满五唯一只有契税全南格局采光好精装修必看好房,110万,19425元/平,中楼层 (共16层) | 2016年 | 1室1厅 | 56.63平米 | 南,https://ke-image.ljcdn.com/110000-inspection/d60a38ba-fa3b-401b-9cfd-e3783aada602_1000.jpg!m_fill,w_280,h_210,f_jpg?from=ke.com
20241031,通州,通州其它,101127043943,首开国风美仑南向两居业主诚意出售必看好房,205万,27060元/平,高楼层 (共16层) | 2014年 | 2室1厅 | 75.76平米 | 南,https://ke-image.ljcdn.com/110000-inspection/2812db91-37ad-407f-95cf-879d073fc79f_1000.jpg!m_fill,w_280,h_210,f_jpg?from=ke.com
20241031,通州,通州其它,101127009050,房子满五唯一南北通透不临街业主诚意出售必看好房,520万,43424元/平,中楼层 (共11层) | 2013年 | 3室1厅 | 119.75平米 | 南 北,https://ke-image.ljcdn.com/110000-inspection/9ebddb32-bf7d-4e9c-9358-b775ac7bd4ca_1000.jpg!m_fill,w_280,h_210,f_jpg?from=ke.com
20241031,通州,通州其它,101127001604,泰禾拾景园 3室1厅 东 南 北必看好房,526万,53866元/平,中楼层 (共20层) 3室1厅 | 97.65平米 | 东 南 北,https://ke-image.ljcdn.com/110000-inspection/4e6f820a-b5bc-473e-9add-7ad0c78d22c7_1000.jpg!m_fill,w_280,h_210,f_jpg?from=ke.com
20241031,通州,通州其它,101126897138,台湖银河湾 业主诚售 玉石装修 邻高铁 亦庄站必看好房,300万,56170元/平,低楼层 (共18层) | 2016年 | 1室1厅 | 53.41平米 | 南,https://ke-image.ljcdn.com/110000-inspection/132df03b-d729-421b-8baa-1db79f451fd6_1000.jpg!m_fill,w_280,h_210,f_jpg?from=ke.com
20241031,通州,通州其它,101126757229,中叠巴洛克风格别墅 上下四层 有内部私家电梯必看好房,908万,35417元/平,中楼层 (共6层) | 2017年 | 3室2厅 | 256.38平米 | 南 北,https://ke-image.ljcdn.com/110000-inspection/pc1_wo4POkpCQ_2.jpg!m_fill,w_280,h_210,f_jpg?from=ke.com
20241031,通州,通州其它,101126410440,K2春风十里必看好房,140万,15556元/平,高楼层 (共17层) | 2020年 | 3室1厅 | 90平米 | 东 南 北,https://ke-image.ljcdn.com/110000-inspection/pc1_txdjUxPhh.jpg!m_fill,w_280,h_210,f_jpg?from=ke.com
20241031,通州,通州其它,101126375389,共四层精装修拎包住不临街不把边南北通透,750万,28843元/平,底层 (共6层) | 2014年 | 3室2厅 | 260.03平米 | 南 北,https://ke-image.ljcdn.com/110000-inspection/pc1_sFIKDYdyq.jpg!m_fill,w_280,h_210,f_jpg?from=ke.com
20241031,通州,通州其它,101126368298,此房满五唯一南北通透视野开阔采光充足全明格必看好房,425万,30412元/平,低楼层 (共15层) 4室2厅 | 139.75平米 | 南 北,https://ke-image.ljcdn.com/110000-inspection/50969e86-6414-4e3c-a480-54dc48270ee7_1000.jpg!m_fill,w_280,h_210,f_jpg?from=ke.com
20241031,通州,通州其它,101126319039,润枫领尚 1室1厅 南,300万,42864元/平,中楼层 (共18层) | 2012年 | 1室1厅 | 69.99平米 | 南,https://ke-image.ljcdn.com/110000-inspection/pc1_oPsX6lg71.jpg!m_fill,w_280,h_210,f_jpg?from=ke.com
20241031,通州,通州其它,101126295527,十里春风 3室1厅 南 北,318万,20192元/平,底层 (共4层) | 2020年 | 3室1厅 | 157.49平米 | 南 北,https://ke-image.ljcdn.com/110000-inspection/pc1_6VJ4DuM2M.jpg!m_fill,w_280,h_210,f_jpg?from=ke.com
20241031,通州,通州其它,101126287552,富力尚悦居B区中高楼层全明户型两居诚心出售,185万,24766元/平,中楼层 (共15层) | 2014年 | 2室1厅 | 74.7平米 | 东 南 北,https://ke-image.ljcdn.com/110000-inspection/ab0549f7-d7bc-4a70-b1d7-8ae7fab508fa_1000.jpg!m_fill,w_280,h_210,f_jpg?from=ke.com
20241031,通州,通州其它,101126121702,阳光城京悦府 2室1厅 南,326万,36421元/平,中楼层 (共16层) 2室1厅 | 89.51平米 | 南,https://ke-image.ljcdn.com/110000-inspection/5eb9b3ca-013b-4f16-a4f5-c52f4173543b_1000.jpg!m_fill,w_280,h_210,f_jpg?from=ke.com
20241031,通州,通州其它,101126083761,新上房源南北通透两居室诚心出售满五年不临街必看好房,170万,20510元/平,中楼层 (共11层) 2室1厅 | 82.89平米 | 南 北,https://ke-image.ljcdn.com/110000-inspection/744c00ba-b5d9-43fd-a1c7-cd1403518ef8_1000.jpg!m_fill,w_280,h_210,f_jpg?from=ke.com
20241031,通州,通州其它,101126000648,紫峰九院城风景独特环境优美随时可看必看好房,118万,12415元/平,顶层 (共4层) 3室1厅 | 95.05平米 | 南 北,https://ke-image.ljcdn.com/110000-inspection/pc1_1EqxAiVsl.jpg!m_fill,w_280,h_210,f_jpg?from=ke.com
20241031,通州,通州其它,101125963816,首付二成 旭辉御锦中叠别墅产品 近公园必看好房,620万,31274元/平,中楼层 (共6层) | 2014年 | 4室2厅 | 198.25平米 | 南 北,https://ke-image.ljcdn.com/110000-inspection/pc1_6xTj9CK4V_1.jpg!m_fill,w_280,h_210,f_jpg?from=ke.com
20241031,通州,通州其它,101125541141,泰晤士印象 满五唯一 南北通透三居室 精装修必看好房,183万,17838元/平,中楼层 (共14层) 3室1厅 | 102.59平米 | 南 北,https://ke-image.ljcdn.com/110000-inspection/1dc17bd0-f1a4-4e73-a1ba-4cdcf14ee633_1000.jpg!m_fill,w_280,h_210,f_jpg?from=ke.com
20241031,通州,通州其它,101125403490,华馨园68平一居室社区三层诚心出售看房方便,175万,25600元/平,中楼层 (共6层) 1室1厅 | 68.36平米 | 东 西,https://ke-image.ljcdn.com/110000-inspection/5034d6c8-29b9-4c4b-b087-b22b025f176e_1000.jpg!m_fill,w_280,h_210,f_jpg?from=ke.com
20241031,通州,通州其它,101125374168,翡翠四季B区 中间楼层 业主诚意出售必看好房,650万,50921元/平,中楼层 (共9层) 4室1厅 | 127.65平米 | 南 北,https://ke-image.ljcdn.com/110000-inspection/b5d0bd2f-aaa0-4e61-a1da-c4f3314224b0_1000.jpg!m_fill,w_280,h_210,f_jpg?from=ke.com
20241031,通州,通州其它,101125240134,十里春风  南北通透 采光好  两居室必看好房,108万,13649元/平,低楼层 (共27层) | 2020年 | 2室1厅 | 79.13平米 | 南 北,https://ke-image.ljcdn.com/110000-inspection/pc1_e4b2QSoUE.jpg!m_fill,w_280,h_210,f_jpg?from=ke.com
20241031,通州,通州其它,101125229320,精装修保持好满五唯一大面积必看好房,225万,28260元/平,低楼层 (共16层) | 2013年 | 2室1厅 | 79.62平米 | 南,https://ke-image.ljcdn.com/110000-inspection/pc1_yaVfMcv3Z.jpg!m_fill,w_280,h_210,f_jpg?from=ke.com
20241031,通州,通州其它,101125126152,首开香溪郡精装修两居室户型方正布局合理必看好房,252万,30115元/平,中楼层 (共6层) | 2017年 | 2室1厅 | 83.68平米 | 南,https://ke-image.ljcdn.com/110000-inspection/2a6e4cce-8b07-4021-9fac-d71a35a62c63_1000.jpg!m_fill,w_280,h_210,f_jpg?from=ke.com
20241031,通州,通州其它,101125077529,春风必看房源 低价三居 高楼层 全明户型必看好房,115万,12316元/平,中楼层 (共20层) 3室1厅 | 93.38平米 | 南 北,https://ke-image.ljcdn.com/110000-inspection/pc1_OQlvlj4jw_1.jpg!m_fill,w_280,h_210,f_jpg?from=ke.com
20241031,通州,通州其它,101125058385,房子南北通透不临街业主诚意出售必看好房,459万,38472元/平,底层 (共11层) | 2013年 | 3室2厅 | 119.31平米 | 南 北,https://ke-image.ljcdn.com/110000-inspection/dd085041-2931-45fa-8945-98299c71423c_1000.jpg!m_fill,w_280,h_210,f_jpg?from=ke.com
20241031,通州,通州其它,101124894175,边户南北通透洋房一梯两户 精装修 视野开阔必看好房,430万,47499元/平,中楼层 (共9层) | 2016年 | 3室1厅 | 90.53平米 | 南 北,https://ke-image.ljcdn.com/110000-inspection/da0a32db-02aa-4f51-8306-a901700e7b3a_1000.jpg!m_fill,w_280,h_210,f_jpg?from=ke.com
20241031,通州,通州其它,101124742002,润枫领尚三居 满五唯一 精装修 南北通透,398万,45217元/平,低楼层 (共18层) | 2014年 | 3室1厅 | 88.02平米 | 南 北,https://ke-image.ljcdn.com/110000-inspection/pc1_9UFiaGiFs.jpg!m_fill,w_280,h_210,f_jpg?from=ke.com
20241031,通州,通州其它,101124683143,首开缇香郡二期客厅阳台精装修。必看好房,189万,21282元/平,顶层 (共5层) 3室1厅 | 88.81平米 | 南 北,https://ke-image.ljcdn.com/110000-inspection/pc1_eRcDxHg68.jpg!m_fill,w_280,h_210,f_jpg?from=ke.com
20241031,通州,通州其它,101124691895,小区中高楼层 采光好无遮挡 电梯房,185万,22425元/平,高楼层 (共11层) | 2017年 | 2室1厅 | 82.5平米 | 南 北,https://ke-image.ljcdn.com/110000-inspection/b96d4394-464d-44dc-83d7-cce1eff4f36a_1000.jpg!m_fill,w_280,h_210,f_jpg?from=ke.com
20241031,通州,通州其它,101124673601,东惠家园 正规南向一居室 视野好 无遮挡 精装修,200万,30908元/平,中楼层 (共28层) | 2019年 | 1室1厅 | 64.71平米 | 南,https://ke-image.ljcdn.com/110000-inspection/374ca99f-63fa-49a9-90f7-2e20e5a4bd9b_1000.jpg!m_fill,w_280,h_210,f_jpg?from=ke.com
20241031,通州,通州其它,101124512916,通州电梯洋房社区 南北通透下跃户型 满五唯一必看好房,445万,27497元/平,底层 (共8层) | 2016年 | 3室3厅 | 161.84平米 | 南 北,https://ke-image.ljcdn.com/110000-inspection/pc1_9ywKesaEe_1.jpg!m_fill,w_280,h_210,f_jpg?from=ke.com
20241031,通州,通州其它,101124431611,首开缇香郡二期业主自住精装修带车位。,399万,27860元/平,中楼层 (共4层) 3室2厅 | 143.22平米 | 南 北,https://ke-image.ljcdn.com/110000-inspection/24a8edca-9c5b-4bd8-adec-6ef766bffd63_1000.jpg!m_fill,w_280,h_210,f_jpg?from=ke.com
20241031,通州,通州其它,101124415609,下跃户型南北通透自住精装修房主自荐,345万,23420元/平,底层 (共11层) | 2017年 | 3室2厅 | 147.31平米 | 南 北,https://ke-image.ljcdn.com/110000-inspection/170f6c0b-f0d1-45bf-ac6a-1a3887b73a54_1000.jpg!m_fill,w_280,h_210,f_jpg?from=ke.com
20241031,通州,通州其它,101124415439,首开缇香郡南北通透两居室南北通透电梯小洋房大客厅,190万,23231元/平,低楼层 (共11层) 2室1厅 | 81.79平米 | 南 北,https://ke-image.ljcdn.com/110000-inspection/df4ae97e-eac3-4bfc-9332-b875d30b723c_1000.jpg!m_fill,w_280,h_210,f_jpg?from=ke.com
20241031,通州,通州其它,101124259756,首开缇香郡下叠洋房产权清晰诚意出售,369万,23804元/平,底层 (共5层) | 2016年 | 3室1厅 | 155.02平米 | 南 北,https://ke-image.ljcdn.com/110000-inspection/40efc459-7f82-4504-bc84-9a7cfb7f6527_1000.jpg!m_fill,w_280,h_210,f_jpg?from=ke.com
20241031,通州,通州其它,101124249484,房子南北通透户型方正视野开阔采光充足,200万,22620元/平,中楼层 (共11层) | 2017年 | 3室1厅 | 88.42平米 | 南 北,https://ke-image.ljcdn.com/110000-inspection/55f333aa-c9df-44e2-a36c-c64702eae4ab_1000.jpg!m_fill,w_280,h_210,f_jpg?from=ke.com
20241031,通州,通州其它,101124160748,此房满五唯一只有契税全南格局采光好精装修。,126万,22337元/平,低楼层 (共16层) | 2016年 | 1室1厅 | 56.41平米 | 南,https://ke-image.ljcdn.com/110000-inspection/03d6b247-3bb3-4f1b-bc5b-9ceaae5ad4dc_1000.jpg!m_fill,w_280,h_210,f_jpg?from=ke.com
20241031,通州,通州其它,101124158055,首开缇香郡 南北通透两居室 满五唯一 有钥匙随时看房必看好房,148万,20680元/平,中楼层 (共16层) | 2016年 | 2室1厅 | 71.57平米 | 南 北,https://ke-image.ljcdn.com/110000-inspection/f91ed42f-c83f-4104-a98a-6d2f7735f808_1000.jpg!m_fill,w_280,h_210,f_jpg?from=ke.com
20241031,通州,通州其它,101124124633,下叠四个落地窗南北入户不临街不把边直接走手续房主自荐,700万,26916元/平,底层 (共6层) | 2014年 | 4室2厅 | 260.07平米 | 南 北,https://ke-image.ljcdn.com/110000-inspection/pc1_hfpbTFP7O_2.jpg!m_fill,w_280,h_210,f_jpg?from=ke.com
20241031,通州,通州其它,101123926724,满五唯一新小区高品质正规两居室业主诚意出售房主自荐,235万,36210元/平,中楼层 (共12层) 2室1厅 | 64.9平米 | 南,https://ke-image.ljcdn.com/110000-inspection/2f08bc65-439f-4106-92af-26f90981ab05_1000.jpg!m_fill,w_280,h_210,f_jpg?from=ke.com
20241031,通州,通州其它,101123673416,店长推荐：东亚印象台湖 南北通透一居电梯房 满五唯一必看好房,154万,28424元/平,顶层 (共12层) 1室1厅 | 54.18平米 | 南 北,https://ke-image.ljcdn.com/110000-inspection/pc1_Ajs4UZE9o_1.jpg!m_fill,w_280,h_210,f_jpg?from=ke.com
20241031,通州,通州其它,101123599008,富力尚悦居带电梯西南向高层一居室,118万,22028元/平,顶层 (共15层) | 2015年 | 1室0厅 | 53.57平米 | 西南,https://ke-image.ljcdn.com/110000-inspection/0652ae14-ede9-437d-b286-1195bb0b50f0_1000.jpg!m_fill,w_280,h_210,f_jpg?from=ke.com
20241031,通州,通州其它,101123461334,十里春风出售南北通透两居室中楼层采光好户型佳,108万,13592元/平,中楼层 (共20层) | 2020年 | 2室1厅 | 79.46平米 | 南 北,https://ke-image.ljcdn.com/110000-inspection/pc1_VtKxZREhq.jpg!m_fill,w_280,h_210,f_jpg?from=ke.com
20241031,通州,通州其它,101123350288,两居室 南北通透 格局好 看房随时 楼层视野挺好必看好房,169万,18739元/平,高楼层 (共6层) 2室1厅 | 90.19平米 | 南 北,https://ke-image.ljcdn.com/110000-inspection/pc1_V894E6L3c.jpg!m_fill,w_280,h_210,f_jpg?from=ke.com
20241031,通州,通州其它,101123256315,新月里 电梯入户 精装修 上叠户型南北通透 看房方便,550万,31042元/平,中楼层 (共4层) 4室2厅 | 177.18平米 | 南 北,https://ke-image.ljcdn.com/110000-inspection/7e3d00b8-bbe2-4193-a865-04ac633da19e_1000.jpg!m_fill,w_280,h_210,f_jpg?from=ke.com
20241031,通州,通州其它,101123087221,可贷款 70年住宅 一居室 诚意出售 价格可议 看房方便必看好房,118万,20952元/平,底层 (共18层) | 2015年 | 1室1厅 | 56.32平米 | 南,https://ke-image.ljcdn.com/110000-inspection/1e41917d-7db3-4db2-aac8-17008a2a7684_1000.jpg!m_fill,w_280,h_210,f_jpg?from=ke.com
20241031,通州,通州其它,101122672834,东惠家园 正规三居 户型好 朝向好,310万,28972元/平,低楼层 (共26层) | 2019年 | 3室1厅 | 107平米 | 南 北,https://ke-image.ljcdn.com/110000-inspection/6f1f17d8-a721-4362-8db0-f3a445114291_1000.jpg!m_fill,w_280,h_210,f_jpg?from=ke.com
20241031,通州,通州其它,101122656599,融科千章墅 毛坯上叠别墅 近公园 绿化60 管家式服务必看好房,895万,35581元/平,中楼层 (共4层) 4室3厅 | 251.54平米 | 南 北,https://ke-image.ljcdn.com/110000-inspection/pc1_kSBpkaC1B_1.jpg!m_fill,w_280,h_210,f_jpg?from=ke.com
20241031,通州,通州其它,101122644616,漷县镇商业广场小区 长陵营镇。必看好房,146万,15207元/平,中楼层 (共4层) | 2003年 | 2室1厅 | 96.01平米 | 南 北,https://ke-image.ljcdn.com/110000-inspection/pc1_2KZdeOCdt_1.jpg!m_fill,w_280,h_210,f_jpg?from=ke.com
20241031,通州,通州其它,101122635525,北大人民医院 距离土桥地铁16公里 好楼层 看房随时必看好房,229万,17835元/平,中楼层 (共6层) | 2009年 | 3室1厅 | 128.4平米 | 南 北,https://ke-image.ljcdn.com/110000-inspection/635398b6-f327-4958-889c-c50c1b8e3ec3_1000.jpg!m_fill,w_280,h_210,f_jpg?from=ke.com
20241031,通州,通州其它,101122311252,精装4居室 全明格局 高品质社区 业主诚意出售价格可议必看好房,428万,29694元/平,低楼层 (共20层) 4室1厅 | 144.14平米 | 东 南 北,https://ke-image.ljcdn.com/110000-inspection/2f2a03f0-be99-48d0-b37b-f00d157e6c4a_1000.jpg!m_fill,w_280,h_210,f_jpg?from=ke.com
20241031,通州,通州其它,101127206017,泰禾1号街区 南向 视野好光线足 诚意出售必看好房,170万,25880元/平,中楼层 (共9层) | 2015年 | 2室1厅 | 65.69平米 | 南,https://s1.ljcdn.com/pegasus/redskull/images/common/default_house_list.png?_v=202410161653269
20241031,通州,通州其它,101127149414,首开万科城市之光盛佳尚苑 个人可购买 朝东 有钥匙必看好房,76万,20743元/平,中楼层 (共14层) | 2018年 | 2室1厅 | 36.64平米 | 东,https://s1.ljcdn.com/pegasus/redskull/images/common/default_house_list.png?_v=202410161653269
20241031,通州,通州其它,101127109236,珠江四季悦城亦庄新城新阳光社区,135万,14708元/平,低楼层 (共12层) 3室1厅 | 91.79平米 | 东南,https://s1.ljcdn.com/pegasus/redskull/images/common/default_house_list.png?_v=202410161653269
20241031,通州,通州其它,101127100546,首开万科城市之光盛佳尚苑 朝东 业主诚意出售必看好房,70万,19386元/平,高楼层 (共14层) 2室1厅 | 36.11平米 | 东,https://s1.ljcdn.com/pegasus/redskull/images/common/default_house_list.png?_v=202410161653269
20241031,通州,通州其它,101126974260,珠江四季悦城 3室1厅 北必看好房,129万,14147元/平,中楼层 (共12层) 3室1厅 | 91.19平米 | 北,https://s1.ljcdn.com/pegasus/redskull/images/common/default_house_list.png?_v=202410161653269
20241031,通州,通州其它,101126849953,珠江悦soho  珠江四季悦城 采光好 无遮挡房主自荐,99万,15562元/平,顶层 (共12层) | 2015年 | 3室1厅 | 63.62平米 | 西北,https://s1.ljcdn.com/pegasus/redskull/images/common/default_house_list.png?_v=202410161653269
20241031,通州,通州其它,101126760077,珠江四季悦城四个房间面朝金马公园精装修房主自荐,159万,17323元/平,低楼层 (共12层) | 2014年 | 4室1厅 | 91.79平米 | 西,https://s1.ljcdn.com/pegasus/redskull/images/common/default_house_list.png?_v=202410161653269
20241031,通州,通州其它,101126125289,东亚环球国际 现房出售 有钥匙看房方便必看好房,40万,9971元/平,低楼层 (共11层) | 2015年 | 1室1厅 | 40.12平米 | 东,https://s1.ljcdn.com/pegasus/redskull/images/common/default_house_list.png?_v=202410161653269
20241031,通州,通州其它,101125900896,精装修保持好小区景观绿化好业主诚心出售,149万,16746元/平,中楼层 (共14层) | 2012年 | 2室1厅 | 88.98平米 | 南,https://s1.ljcdn.com/pegasus/redskull/images/common/default_house_list.png?_v=202410161653269
20241031,通州,通州其它,101125815166,珠江四季悦城 3室1厅 北必看好房,136万,14914元/平,中楼层 (共12层) 3室1厅 | 91.19平米 | 北,https://s1.ljcdn.com/pegasus/redskull/images/common/default_house_list.png?_v=202410161653269
20241031,通州,通州其它,101125644571,星悦国际南向视野无遮挡业主诚心出售,163万,14807元/平,顶层 (共14层) | 2012年 | 2室1厅 | 110.09平米 | 南,https://s1.ljcdn.com/pegasus/redskull/images/common/default_house_list.png?_v=202410161653269
20241031,通州,通州其它,101125633628,东亚印象台湖 满五小三居高品质,232万,29431元/平,中楼层 (共10层) 3室2厅 | 78.83平米 | 西南 南 北,https://s1.ljcdn.com/pegasus/redskull/images/common/default_house_list.png?_v=202410161653269
20241031,通州,通州其它,101125618312,此房朝东前面无遮挡高楼层小区配套齐全,118万,17586元/平,中楼层 (共13层) | 2015年 | 2室1厅 | 67.1平米 | 东,https://s1.ljcdn.com/pegasus/redskull/images/common/default_house_list.png?_v=202410161653269
20241031,通州,通州其它,101125554815,首开万科城市之光盛佳尚苑 2室1厅 南必看好房,86万,17336元/平,高楼层 (共16层) | 2017年 | 2室1厅 | 49.61平米 | 南,https://s1.ljcdn.com/pegasus/redskull/images/common/default_house_list.png?_v=202410161653269
20241031,通州,通州其它,101125116425,首开万科城市之光盛佳尚苑 朝南 随时可以看房,100万,18373元/平,高楼层 (共16层) | 2017年 | 2室1厅 | 54.43平米 | 南,https://s1.ljcdn.com/pegasus/redskull/images/common/default_house_list.png?_v=202410161653269
20241031,通州,通州其它,101124359489,珠江四季悦城亦庄新城新阳光社区,100万,15385元/平,低楼层 (共12层) 3室2厅 | 65平米 | 西南,https://s1.ljcdn.com/pegasus/redskull/images/common/default_house_list.png?_v=202410161653269
20241031,通州,通州其它,101124267334,泰禾1号街区 南向 精装修 小区距离高速1.5公里,169万,32544元/平,高楼层 (共9层) | 2017年 | 2室1厅 | 51.93平米 | 南,https://s1.ljcdn.com/pegasus/redskull/images/common/default_house_list.png?_v=202410161653269
20241031,通州,通州其它,101120051803,珠江四季悦城四室西向精装修,135万,14708元/平,高楼层 (共12层) 4室2厅 | 91.79平米 | 东,https://s1.ljcdn.com/pegasus/redskull/images/common/default_house_list.png?_v=202410161653269
20241031,通州,通州其它,101115498717,首开万科台湖新城V公馆 精装修 南北通透,106万,21567元/平,低楼层 (共10层) 3室1厅 | 49.15平米 | 南 北,https://s1.ljcdn.com/pegasus/redskull/images/common/default_house_list.png?_v=202410161653269
20241031,通州,通州其它,101127279074,首开国风美仑电梯房业主诚心出售新上,168万,32755元/平,低楼层 (共17层) | 2013年 | 1室1厅 | 51.29平米 | 南,https://ke-image.ljcdn.com/110000-inspection/pc1_ZLeD9NzwT.jpg!m_fill,w_280,h_210,f_jpg?from=ke.com
20241031,通州,通州其它,101127246397,翡翠四季A区 万科物业 一梯两户 开发商精装修新上,700万,54327元/平,顶层 (共9层) 4室2厅 | 128.85平米 | 南 北,https://ke-image.ljcdn.com/110000-inspection/6dda9997-0d73-4ce6-807b-90b3d74d357d_1000.jpg!m_fill,w_280,h_210,f_jpg?from=ke.com
20241031,通州,通州其它,101127237187,桂语听澜 3室1厅 南 北新上,630万,61530元/平,高楼层 (共15层) | 2024年 | 3室1厅 | 102.39平米 | 南 北,https://ke-image.ljcdn.com/110000-inspection/c7e41214-046c-4a47-829b-78fa64e23edc_1000.jpg!m_fill,w_280,h_210,f_jpg?from=ke.com
20241031,通州,通州其它,101127232695,润枫领尚 3室1厅 南 北新上,379万,43201元/平,低楼层 (共11层) | 2013年 | 3室1厅 | 87.73平米 | 南 北,https://ke-image.ljcdn.com/110000-inspection/e45da271-1a7d-4806-8940-092d64e70564_1000.jpg!m_fill,w_280,h_210,f_jpg?from=ke.com
20241031,通州,通州其它,101127226144,首开万科城市之光 3室2厅 东 南 北新上,430万,47970元/平,顶层 (共9层) 3室2厅 | 89.64平米 | 东 南 北,https://ke-image.ljcdn.com/110000-inspection/67953ba1-0cff-48d3-8dfa-17e7773a9b5f_1000.jpg!m_fill,w_280,h_210,f_jpg?from=ke.com
20241031,通州,通州其它,101127220509,金地北京壹街区采光好视野宽阔配套齐全房主自荐,405万,41813元/平,中楼层 (共8层) 3室2厅 | 96.86平米 | 南 北,https://ke-image.ljcdn.com/110000-inspection/571248c2-3211-4f43-b74e-375212e44aa8_1000.jpg!m_fill,w_280,h_210,f_jpg?from=ke.com
20241031,通州,通州其它,101127219928,十里春风 2室1厅 南 北,119万,15310元/平,中楼层 (共18层) | 2020年 | 2室1厅 | 77.73平米 | 南 北,https://ke-image.ljcdn.com/110000-inspection/pc1_q7VciP1Mv.jpg!m_fill,w_280,h_210,f_jpg?from=ke.com
20241031,通州,通州其它,101127219670,首开香溪郡 3室1厅 南 北,360万,35116元/平,高楼层 (共8层) | 2015年 | 3室1厅 | 102.52平米 | 南 北,https://ke-image.ljcdn.com/110000-inspection/pc1_2CN9Jga7F_1.jpg!m_fill,w_280,h_210,f_jpg?from=ke.com
20241031,通州,通州其它,101127204161,东亚印象台湖 3室2厅 东 南 北,251万,32820元/平,中楼层 (共12层) 3室2厅 | 76.48平米 | 东 南 北,https://ke-image.ljcdn.com/110000-inspection/d97c7534-f12b-4f8a-9143-96b2c6c25456_1000.jpg!m_fill,w_280,h_210,f_jpg?from=ke.com
20241031,通州,通州其它,101127191742,首开缇香郡 精装南北通透大三居 自住房 诚心出售,295万,24098元/平,中楼层 (共8层) 3室2厅 | 122.42平米 | 南 北,https://ke-image.ljcdn.com/110000-inspection/39e94378-6f20-4123-8d11-35cdf628551a_1000.jpg!m_fill,w_280,h_210,f_jpg?from=ke.com
20241031,通州,通州其它,101127185952,紫峰九院城 3室1厅 南 北,140万,14231元/平,中楼层 (共8层) 3室1厅 | 98.38平米 | 南 北,https://ke-image.ljcdn.com/110000-inspection/7ead931c-8b7b-4c61-8afc-71fc738982ce_1000.jpg!m_fill,w_280,h_210,f_jpg?from=ke.com
20241031,通州,通州其它,101127177527,紫峰九院城 3室1厅 南 北,115万,12185元/平,顶层 (共4层) 3室1厅 | 94.38平米 | 南 北,https://ke-image.ljcdn.com/110000-inspection/5baed831-bb33-4997-a3b7-52def385b57c_1000.jpg!m_fill,w_280,h_210,f_jpg?from=ke.com
20241031,通州,通州其它,101127163435,富力尚悦居C区 2室2厅 南 西房主自荐,298万,35405元/平,低楼层 (共20层) | 2015年 | 2室2厅 | 84.17平米 | 南 西,https://ke-image.ljcdn.com/110000-inspection/29049edd-880d-492a-96cb-3a528bb76f7b_1000.jpg!m_fill,w_280,h_210,f_jpg?from=ke.com
20241031,通州,通州其它,101127131056,首开万科城市之光 满五唯一两居室 万科物业 精装修,350万,45818元/平,顶层 (共21层) 2室1厅 | 76.39平米 | 南,https://ke-image.ljcdn.com/110000-inspection/a3c44c2f-5a22-47a7-984b-b53a42c04c26_1000.jpg!m_fill,w_280,h_210,f_jpg?from=ke.com
20241031,通州,通州其它,101127112623,一梯两户南北通透 户型方正 智能精装修 诚意出售,680万,52730元/平,中楼层 (共9层) 4室1厅 | 128.96平米 | 南 北,https://ke-image.ljcdn.com/110000-inspection/c7bd2b00-9524-4c90-98f7-338d5e727974_1000.jpg!m_fill,w_280,h_210,f_jpg?from=ke.com
20241031,通州,通州其它,101127102337,首开香溪郡 3室2厅 南 北,330万,31683元/平,中楼层 (共8层) | 2017年 | 3室2厅 | 104.16平米 | 南 北,https://ke-image.ljcdn.com/110000-inspection/pc1_RSkZtmD90_2.jpg!m_fill,w_280,h_210,f_jpg?from=ke.com
20241031,通州,通州其它,101127090912,东亚印象台湖 满五唯一 精装修 双南两居室 诚意出,180万,27765元/平,底层 (共12层) 2室1厅 | 64.83平米 | 南,https://ke-image.ljcdn.com/110000-inspection/b17a6f6c-0b05-4a08-9c15-1945ae600eb5_1000.jpg!m_fill,w_280,h_210,f_jpg?from=ke.com
20241031,通州,通州其它,101127090214,阳光城京悦府 3室1厅 南 北 东,320万,35544元/平,底层 (共16层) 3室1厅 | 90.03平米 | 南 北 东,https://ke-image.ljcdn.com/110000-inspection/0666f923-7d66-4c13-a132-232ef7552e93_1000.jpg!m_fill,w_280,h_210,f_jpg?from=ke.com
20241031,通州,通州其它,101127077435,十里春风 2室2厅 南 北,150万,18354元/平,高楼层 (共27层) 2室2厅 | 81.73平米 | 南 北,https://ke-image.ljcdn.com/110000-inspection/pc1_5c96KgBcT.jpg!m_fill,w_280,h_210,f_jpg?from=ke.com
20241031,通州,通州其它,101127038394,首开缇香郡二期 3室1厅 南 北,215万,23908元/平,高楼层 (共10层) 3室1厅 | 89.93平米 | 南 北,https://ke-image.ljcdn.com/110000-inspection/e5113ed8-47a2-42d2-9d11-6578fcec1b2d_1000.jpg!m_fill,w_280,h_210,f_jpg?from=ke.com
20241031,通州,通州其它,101127067573,业主诚意出售楼层好采光视野好.交通便利,520万,62172元/平,高楼层 (共14层) 2室1厅 | 83.64平米 | 南 北,https://ke-image.ljcdn.com/110000-inspection/pc1_4Nwc9nb1o.jpg!m_fill,w_280,h_210,f_jpg?from=ke.com
20241031,通州,通州其它,101127065003,翡翠四季C区 4室1厅 南 北,640万,51751元/平,低楼层 (共15层) 4室1厅 | 123.67平米 | 南 北,https://ke-image.ljcdn.com/110000-inspection/173105b6-9a79-4a45-8395-e4010dba7449_1000.jpg!m_fill,w_280,h_210,f_jpg?from=ke.com
20241031,通州,通州其它,101127064181,富力尚悦居A区 3室2厅 南 北,400万,35638元/平,低楼层 (共20层) | 2015年 | 3室2厅 | 112.24平米 | 南 北,https://ke-image.ljcdn.com/110000-inspection/c0621abb-47a8-41c7-8f7a-0e09133593cb_1000.jpg!m_fill,w_280,h_210,f_jpg?from=ke.com
20241031,通州,通州其它,101127058421,金地北京壹街区采光好视野宽阔配套齐全,620万,50187元/平,低楼层 (共7层) | 2024年 | 4室2厅 | 123.54平米 | 南 北,https://ke-image.ljcdn.com/110000-inspection/bdc1e3ce-a42f-4e5c-8c28-360e631194c9_1000.jpg!m_fill,w_280,h_210,f_jpg?from=ke.com
20241031,通州,通州其它,101127041431,翡翠四季B区 2室2厅 南 北,710万,55448元/平,高楼层 (共9层) 2室2厅 | 128.05平米 | 南 北,https://ke-image.ljcdn.com/110000-inspection/5e420c25-b3b2-4bb3-9e3a-598da6e45e04_1000.jpg!m_fill,w_280,h_210,f_jpg?from=ke.com
20241031,通州,通州其它,101127038932,东亚印象台湖 南北通透两居室 满五唯一电梯房 靠谱,219万,30850元/平,中楼层 (共12层) 2室1厅 | 70.99平米 | 南 北,https://ke-image.ljcdn.com/110000-inspection/f81350df-d94d-42ef-b139-03158575725a_1000.jpg!m_fill,w_280,h_210,f_jpg?from=ke.com
20241031,通州,通州其它,101127032324,首开万科城市之光 优质精装好房 价格合适房主自荐,360万,48538元/平,低楼层 (共17层) | 2016年 | 2室2厅 | 74.17平米 | 南,https://ke-image.ljcdn.com/110000-inspection/83d80528-545b-4369-922a-f6f63bd69dcb_1000.jpg!m_fill,w_280,h_210,f_jpg?from=ke.com
20241031,通州,通州其它,101127005635,一梯两户南北通透6层花园洋房带5个阳台精装,385万,32878元/平,中楼层 (共6层) | 2016年 | 3室1厅 | 117.1平米 | 南 北,https://ke-image.ljcdn.com/110000-inspection/pc1_WRFlpApBB_2.jpg!m_fill,w_280,h_210,f_jpg?from=ke.com
20241031,通州,通州其它,101127001337,十里春风 3室1厅 南 北房主自荐,126万,13559元/平,低楼层 (共27层) 3室1厅 | 92.93平米 | 南 北,https://ke-image.ljcdn.com/110000-inspection/pc1_wjrD1amOy.jpg!m_fill,w_280,h_210,f_jpg?from=ke.com
20241031,通州,通州其它,101126978968,兴贸二街5号院亦庄新城精装修全明格局,399万,33275元/平,中楼层 (共16层) 3室2厅 | 119.91平米 | 南 北,https://ke-image.ljcdn.com/110000-inspection/8c610fa2-c4dc-4bda-a132-05d16a5b62ce_1000.jpg!m_fill,w_280,h_210,f_jpg?from=ke.com
20241031,通州,通州其它,101126966813,首开香溪郡 3室1厅 南 北,315万,39813元/平,顶层 (共8层) 3室1厅 | 79.12平米 | 南 北,https://ke-image.ljcdn.com/110000-inspection/pc1_His2H0oty_2.jpg!m_fill,w_280,h_210,f_jpg?from=ke.com
20241031,通州,通州其它,101126965216,富力尚悦居C区 2室1厅 南 西,300万,35436元/平,低楼层 (共20层) 2室1厅 | 84.66平米 | 南 西,https://ke-image.ljcdn.com/110000-inspection/98a8a25d-5d68-4479-8095-d25fd80b15d3_1000.jpg!m_fill,w_280,h_210,f_jpg?from=ke.com
20241031,通州,通州其它,101126962826,K2春风十里房主自荐,129万,14117元/平,中楼层 (共17层) | 2020年 | 3室1厅 | 91.38平米 | 北 南,https://ke-image.ljcdn.com/110000-inspection/pc1_Eglp5CQ70.jpg!m_fill,w_280,h_210,f_jpg?from=ke.com
20241031,通州,通州其它,101126957829,紫峰九院城 3室2厅 南 北,196万,19923元/平,中楼层 (共8层) 3室2厅 | 98.38平米 | 南 北,https://ke-image.ljcdn.com/110000-inspection/a60991e7-3b32-4480-820d-2edcb1b13c2a_1000.jpg!m_fill,w_280,h_210,f_jpg?from=ke.com
20241031,通州,通州其它,101126937079,泰禾一号公馆  一梯两户集中,460万,57386元/平,顶层 (共10层) | 2022年 | 2室1厅 | 80.16平米 | 南 北,https://ke-image.ljcdn.com/110000-inspection/0bc67f1b-6d5f-4510-ad57-129fa3b9cdc4_1000.jpg!m_fill,w_280,h_210,f_jpg?from=ke.com
20241031,通州,通州其它,101126918770,十里春风 2室1厅 南,130万,15885元/平,高楼层 (共17层) | 2020年 | 2室1厅 | 81.84平米 | 南,https://ke-image.ljcdn.com/110000-inspection/63d8b9fb-e5c1-4a28-9d2e-0468503d31f3_1000.jpg!m_fill,w_280,h_210,f_jpg?from=ke.com
20241031,通州,通州其它,101126912642,富力尚悦居C区 3室2厅 南 北,370万,33172元/平,中楼层 (共20层) | 2015年 | 3室2厅 | 111.54平米 | 南 北,https://ke-image.ljcdn.com/110000-inspection/6f31a40d-1945-4aa4-9692-8225d47b1fe8_1000.jpg!m_fill,w_280,h_210,f_jpg?from=ke.com
20241031,通州,通州其它,101126905957,阳光城京悦府 3室2厅 南 北,350万,38885元/平,高楼层 (共21层) 3室2厅 | 90.01平米 | 南 北,https://ke-image.ljcdn.com/110000-inspection/049b4ae2-af6a-4fba-bf04-b3fe61e73681_1000.jpg!m_fill,w_280,h_210,f_jpg?from=ke.com
20241031,通州,通州其它,101126886410,润枫领尚 实用大两居 精装修 满五唯一,460万,52315元/平,高楼层 (共18层) | 2013年 | 2室1厅 | 87.93平米 | 南 北,https://ke-image.ljcdn.com/110000-inspection/65e5bf49-1ea2-4fb0-a572-a93b6e200592_1000.jpg!m_fill,w_280,h_210,f_jpg?from=ke.com
20241031,通州,通州其它,101126882338,满五唯一南北东三面采光户型方正一梯两户,385万,43420元/平,低楼层 (共17层) | 2014年 | 3室1厅 | 88.67平米 | 东 南 北,https://ke-image.ljcdn.com/110000-inspection/5505fd22-6e20-4cb3-8710-e4f0094c89fa_1000.jpg!m_fill,w_280,h_210,f_jpg?from=ke.com
20241031,通州,通州其它,101126880516,东亚印象台湖 2室1厅 南 北房主自荐,225万,31789元/平,高楼层 (共12层) 2室1厅 | 70.78平米 | 南 北,https://ke-image.ljcdn.com/110000-inspection/7d009c02-c1a0-4759-8c63-710e86afa67a_1000.jpg!m_fill,w_280,h_210,f_jpg?from=ke.com
20241031,通州,通州其它,101126879553,京华园 高楼层视野好 近地铁 诚意出售 随时可约,225万,26860元/平,顶层 (共6层) 2室1厅 | 83.77平米 | 南 北,https://ke-image.ljcdn.com/110000-inspection/7bc2a78a-d5d6-431b-9cd7-ac54f9d44d77_1000.jpg!m_fill,w_280,h_210,f_jpg?from=ke.com
20241031,通州,通州其它,101126853460,台湖银河湾 业主诚意出售 随时可看 卫生间有窗户,475万,60750元/平,中楼层 (共9层) 3室1厅 | 78.19平米 | 南 北,https://ke-image.ljcdn.com/110000-inspection/ba41252f-cdab-4012-b8e9-f6df453088b6_1000.jpg!m_fill,w_280,h_210,f_jpg?from=ke.com
20241031,通州,通州其它,101126834797,装修好无遮挡采光好南北通透,480万,57479元/平,低楼层 (共14层) 2室1厅 | 83.51平米 | 南 北,https://ke-image.ljcdn.com/110000-inspection/9e2301d7-4390-438c-9ceb-56cef7dd98b1_1000.jpg!m_fill,w_280,h_210,f_jpg?from=ke.com
20241031,通州,通州其它,101126824353,润枫领尚 4室2厅 南 北,720万,41320元/平,中楼层 (共11层) | 2014年 | 4室2厅 | 174.25平米 | 南 北,https://ke-image.ljcdn.com/110000-inspection/7a225854-e481-4502-a060-b203b75c7d50_1000.jpg!m_fill,w_280,h_210,f_jpg?from=ke.com
20241031,通州,通州其它,101126810791,十里春风 2室1厅 东南,135万,16911元/平,中楼层 (共22层) | 2020年 | 2室1厅 | 79.83平米 | 东南,https://ke-image.ljcdn.com/110000-inspection/60366d3a-8f7b-45bc-8cfd-8d13bf906455_1000.jpg!m_fill,w_280,h_210,f_jpg?from=ke.com
20241031,通州,通州其它,101126793672,十里春风 2室1厅 南 北,135万,16878元/平,低楼层 (共27层) | 2020年 | 2室1厅 | 79.99平米 | 南 北,https://ke-image.ljcdn.com/110000-inspection/pc1_vc3UVsXbC.jpg!m_fill,w_280,h_210,f_jpg?from=ke.com
20241031,通州,通州其它,101126789815,南北好房 精装修电梯房 诚意出售,185万,29002元/平,高楼层 (共12层) 2室1厅 | 63.79平米 | 南 北,https://ke-image.ljcdn.com/110000-inspection/0f69a59f-f3db-4df1-b01d-5e9d9910af09_1000.jpg!m_fill,w_280,h_210,f_jpg?from=ke.com
20241031,通州,通州其它,101126766676,东亚印象台湖 中高楼层 满五唯一 靠谱签约,182万,28389元/平,中楼层 (共10层) 2室1厅 | 64.11平米 | 南,https://ke-image.ljcdn.com/110000-inspection/ac4cf582-3eda-41aa-b49a-b242df8ab324_1000.jpg!m_fill,w_280,h_210,f_jpg?from=ke.com
20241031,通州,通州其它,101126734762,首开缇香郡 次顶层 自住三居室 诚心出售 随时看房,195万,22094元/平,高楼层 (共8层) | 2016年 | 3室1厅 | 88.26平米 | 南 北,https://ke-image.ljcdn.com/110000-inspection/c356052e-75a0-4ab2-9ee9-346b79ac5630_1000.jpg!m_fill,w_280,h_210,f_jpg?from=ke.com
20241031,通州,通州其它,101126733755,富力尚悦居A区 2室1厅 南,368万,42906元/平,底层 (共15层) 2室1厅 | 85.77平米 | 南,https://ke-image.ljcdn.com/110000-inspection/4fff2295-6a61-41da-8be0-3d32ffb98d47_1000.jpg!m_fill,w_280,h_210,f_jpg?from=ke.com
20241031,通州,通州其它,101126715623,润枫领尚 4室1厅 南 北,750万,42907元/平,低楼层 (共11层) | 2014年 | 4室1厅 | 174.8平米 | 南 北,https://ke-image.ljcdn.com/110000-inspection/pc1_uQuRIi2Hr.jpg!m_fill,w_280,h_210,f_jpg?from=ke.com
20241031,通州,通州其它,101126713013,十里春风 南朝向 采光好视野好,123万,15242元/平,中楼层 (共17层) | 2020年 | 2室1厅 | 80.7平米 | 南,https://ke-image.ljcdn.com/110000-inspection/pc1_MIy8eG10y.jpg!m_fill,w_280,h_210,f_jpg?from=ke.com
20241031,通州,通州其它,101126712966,K2十里春风南朝向 采光好 视野好,123万,15242元/平,中楼层 (共17层) | 2020年 | 2室1厅 | 80.7平米 | 南,https://ke-image.ljcdn.com/110000-inspection/pc1_8D0kFcRBO.jpg!m_fill,w_280,h_210,f_jpg?from=ke.com
20241031,通州,通州其它,101126702448,房子是南北通透格局客厅主卧朝南楼层好业主诚售,460万,51582元/平,低楼层 (共11层) | 2016年 | 3室1厅 | 89.18平米 | 南 北,https://ke-image.ljcdn.com/110000-inspection/37bcc744-0101-47b5-b3c6-0ca0849faeef_1000.jpg!m_fill,w_280,h_210,f_jpg?from=ke.com
20241031,通州,通州其它,101126701718,十里春风 南北通透 精装修 采光好 视野开阔房主自荐,155万,17648元/平,低楼层 (共22层) | 2020年 | 3室1厅 | 87.83平米 | 南 北,https://ke-image.ljcdn.com/110000-inspection/pc1_7fJoho9f9_1.jpg!m_fill,w_280,h_210,f_jpg?from=ke.com
20241031,通州,通州其它,101126700307,紫峰东里一区 一层南北通透三居室 自住房保持良好,170万,12400元/平,底层 (共8层) 4室2厅 | 137.1平米 | 南 北,https://ke-image.ljcdn.com/110000-inspection/650c06bb-6d19-4d97-87c0-663de57cb342_1000.jpg!m_fill,w_280,h_210,f_jpg?from=ke.com
20241031,通州,通州其它,101126699055,南北通透 明厨明卫 一梯两户 有新风地暖 楼层高,455万,56153元/平,高楼层 (共9层) 2室1厅 | 81.03平米 | 南 北,https://ke-image.ljcdn.com/110000-inspection/c1078ca5-158e-4dab-8243-0d9521fd327f_1000.jpg!m_fill,w_280,h_210,f_jpg?from=ke.com
20241031,通州,通州其它,101126695598,次渠北里一区 楼层好 视野宽阔 交通便利,350万,32834元/平,中楼层 (共18层) 2室2厅 | 106.6平米 | 南 北,https://ke-image.ljcdn.com/110000-inspection/e0a271a5-4919-476f-92e0-bc113504025a_1000.jpg!m_fill,w_280,h_210,f_jpg?from=ke.com
20241031,通州,通州其它,101126669022,紫峰东里一区 毛坯中高楼层南北通透四居室 边户全明,188万,13499元/平,中楼层 (共8层) 4室2厅 | 139.27平米 | 南 北,https://ke-image.ljcdn.com/110000-inspection/b4a6ddfa-a590-4771-abfc-fd0c579031cb_1000.jpg!m_fill,w_280,h_210,f_jpg?from=ke.com
20241031,通州,通州其它,101126666892,满两年  交易只有契税两梯两户开发商精装修,650万,54073元/平,中楼层 (共15层) 4室2厅 | 120.21平米 | 南 北,https://ke-image.ljcdn.com/110000-inspection/3e2a0268-20f5-4624-ba1e-795d4e1bf841_1000.jpg!m_fill,w_280,h_210,f_jpg?from=ke.com
20241031,通州,通州其它,101126660549,万科开发业主很诚意出售房屋干净整洁,650万,50404元/平,中楼层 (共9层) 3室2厅 | 128.96平米 | 南 北,https://ke-image.ljcdn.com/110000-inspection/c7c5ab8f-8923-4445-bbbc-1d5fef6d52ea_1000.jpg!m_fill,w_280,h_210,f_jpg?from=ke.com
20241031,通州,通州其它,101126659194,富力尚悦居A区 3室2厅 南 北,358万,33634元/平,顶层 (共10层) | 2015年 | 3室2厅 | 106.44平米 | 南 北,https://ke-image.ljcdn.com/110000-inspection/4ad3ad20-b74c-44a6-93a7-7fde336ad8e2_1000.jpg!m_fill,w_280,h_210,f_jpg?from=ke.com
20241031,通州,通州其它,101126656486,南北通透 格局好 户型方正 无遮挡,398万,38974元/平,高楼层 (共11层) 2室2厅 | 102.12平米 | 南 北,https://ke-image.ljcdn.com/110000-inspection/786d11d3-f1f8-4e7c-8ab6-46dea4c65b63_1000.jpg!m_fill,w_280,h_210,f_jpg?from=ke.com
20241031,通州,通州其它,101126655172,润枫领尚 4室2厅 南 北,720万,45773元/平,低楼层 (共11层) | 2014年 | 4室2厅 | 157.3平米 | 南 北,https://ke-image.ljcdn.com/110000-inspection/2360873f-315c-47e0-963d-fdf6c067da9a_1000.jpg!m_fill,w_280,h_210,f_jpg?from=ke.com
20241031,通州,通州其它,101126644319,小区好位置 南北通透 格局好 户型方正 无遮挡房主自荐,406万,40334元/平,中楼层 (共11层) 2室2厅 | 100.66平米 | 南 北,https://ke-image.ljcdn.com/110000-inspection/pc1_Yt382JZc8.jpg!m_fill,w_280,h_210,f_jpg?from=ke.com
20241031,通州,通州其它,101126626822,南区次新中间楼东边户精致装修人车分流地下停车,480万,40107元/平,中楼层 (共6层) 3室2厅 | 119.68平米 | 南 北,https://ke-image.ljcdn.com/110000-inspection/pc1_It14laTy6_1.jpg!m_fill,w_280,h_210,f_jpg?from=ke.com
20241031,通州,通州其它,101126626726,中间层精装修带电梯户型双通透低密洋房社区。,288万,31673元/平,中楼层 (共8层) 3室1厅 | 90.93平米 | 南 北,https://ke-image.ljcdn.com/110000-inspection/pc1_IgoOyBedj_1.jpg!m_fill,w_280,h_210,f_jpg?from=ke.com
20241031,通州,通州其它,101126607810,通州区润枫领尚中楼层1居室近地铁,310万,43860元/平,中楼层 (共18层) | 2013年 | 1室1厅 | 70.68平米 | 东南,https://ke-image.ljcdn.com/110000-inspection/6c6214b2-9b35-4cd9-9e55-4315058cdd40_1000.jpg!m_fill,w_280,h_210,f_jpg?from=ke.com
20241031,通州,通州其它,101126606519,满五唯一商品房 中间层 南北通透 落地窗 有地铁,288万,31196元/平,中楼层 (共6层) 2室1厅 | 92.32平米 | 南 北,https://ke-image.ljcdn.com/110000-inspection/b27f130f-cd3d-4170-86a3-9a2d1cebda72_1000.jpg!m_fill,w_280,h_210,f_jpg?from=ke.com
20241031,通州,通州其它,101126591482,首开香溪郡 3室2厅 南 北,375万,35630元/平,中楼层 (共8层) | 2017年 | 3室2厅 | 105.25平米 | 南 北,https://ke-image.ljcdn.com/110000-inspection/pc1_682zbdLoF.jpg!m_fill,w_280,h_210,f_jpg?from=ke.com
20241031,通州,通州其它,101126560724,此房南北通透 格局好 户型方正 无遮挡业主诚意出,410万,39997元/平,中楼层 (共11层) | 2010年 | 2室1厅 | 102.51平米 | 南 北,https://ke-image.ljcdn.com/110000-inspection/pc1_NOoPrqmcL.jpg!m_fill,w_280,h_210,f_jpg?from=ke.com
20241031,通州,通州其它,101126556850,首开国风美仑南北通透的三居室 两个卫生间 明厨明卫房主自荐,395万,32942元/平,顶层 (共16层) 3室2厅 | 119.91平米 | 东 南 北,https://ke-image.ljcdn.com/110000-inspection/d0ffbe65-ee3e-48e2-9a41-f46581dd3e1c_1000.jpg!m_fill,w_280,h_210,f_jpg?from=ke.com
20241031,通州,通州其它,101126550239,首开国风美仑 3室1厅 南 北,318万,31189元/平,低楼层 (共16层) | 2013年 | 3室1厅 | 101.96平米 | 南 北,https://ke-image.ljcdn.com/110000-inspection/pc1_LgMJajxzC.jpg!m_fill,w_280,h_210,f_jpg?from=ke.com
20241031,通州,通州其它,101126535657,次渠南里七区方正户型全明格局采光好,188万,32281元/平,中楼层 (共18层) 1室1厅 | 58.24平米 | 西北,https://ke-image.ljcdn.com/110000-inspection/014b377b-79a5-43a2-878a-8d88e6923df6_1000.jpg!m_fill,w_280,h_210,f_jpg?from=ke.com
20241031,通州,通州其它,101126531363,阳光花庭 邻近地铁 出行无忧,270万,34178元/平,底层 (共16层) 2室1厅 | 79平米 | 南 北,https://ke-image.ljcdn.com/110000-inspection/6958d133-9eac-43cc-b5d4-097421c1d349_1000.jpg!m_fill,w_280,h_210,f_jpg?from=ke.com
20241031,通州,通州其它,101126523624,富力尚悦居C区 2室1厅 南,295万,33375元/平,中楼层 (共20层) | 2015年 | 2室1厅 | 88.39平米 | 南,https://ke-image.ljcdn.com/110000-inspection/pc1_oq19GLwiV.jpg!m_fill,w_280,h_210,f_jpg?from=ke.com
20241031,通州,通州其它,101126522030,东亚印象台湖 双南向两居室不临街电梯房 诚意出售,193万,29771元/平,低楼层 (共12层) 2室1厅 | 64.83平米 | 南,https://ke-image.ljcdn.com/110000-inspection/15e20371-4fa0-45e2-b948-dab3e5dab4db_1000.jpg!m_fill,w_280,h_210,f_jpg?from=ke.com
20241031,通州,通州其它,101126507030,首开缇香郡电梯房高楼层精装修拎包入住房主自荐,168万,24348元/平,高楼层 (共16层) | 2016年 | 2室1厅 | 69平米 | 南 北,https://ke-image.ljcdn.com/110000-inspection/4eccee98-3752-4fd8-9b9b-4c0c85c8f2d5_1000.jpg!m_fill,w_280,h_210,f_jpg?from=ke.com
20241031,通州,通州其它,101126504671,此房楼层高 视野好 南北通透居住感好,378万,48419元/平,高楼层 (共11层) 1室1厅 | 78.07平米 | 南 北,https://ke-image.ljcdn.com/110000-inspection/b3319479-44e2-4d89-819c-c779fe663a63_1000.jpg!m_fill,w_280,h_210,f_jpg?from=ke.com
20241031,通州,通州其它,101126493771,户型方正格局分明全天采光无遮挡视野景观好精装修,220万,33998元/平,高楼层 (共28层) | 2019年 | 1室1厅 | 64.71平米 | 南,https://ke-image.ljcdn.com/110000-inspection/313c52f7-d2b5-4c4b-9ff2-454115f3e212_1000.jpg!m_fill,w_280,h_210,f_jpg?from=ke.com
20241031,通州,通州其它,101126493730,此房精装修朝向好采光好出行方便 双地铁 南北,330万,30819元/平,高楼层 (共28层) | 2019年 | 3室1厅 | 107.08平米 | 东 南 北,https://ke-image.ljcdn.com/110000-inspection/d3fb3604-4e07-4c10-ba74-5c35c8dfafb5_1000.jpg!m_fill,w_280,h_210,f_jpg?from=ke.com
20241031,通州,通州其它,101126490616,首付20% 精装 边户型 一梯两户 花园洋房,285万,31347元/平,顶层 (共8层) 3室1厅 | 90.92平米 | 南 北,https://ke-image.ljcdn.com/110000-inspection/pc1_4wLis5n4U_1.jpg!m_fill,w_280,h_210,f_jpg?from=ke.com
20241031,通州,通州其它,101126477378,边户大四居无遮挡采光好精装修可以拎包入住,700万,44346元/平,高楼层 (共11层) | 2014年 | 4室2厅 | 157.85平米 | 南 北,https://ke-image.ljcdn.com/110000-inspection/pc1_akrcKuZlb.jpg!m_fill,w_280,h_210,f_jpg?from=ke.com
20241031,通州,通州其它,101126478467,大窗户边户型精装修南北通透楼层好视野广阔,330万,32196元/平,中楼层 (共8层) 3室1厅 | 102.5平米 | 南 北,https://ke-image.ljcdn.com/110000-inspection/pc1_QwPXn9hQn_1.jpg!m_fill,w_280,h_210,f_jpg?from=ke.com
20241031,通州,通州其它,101126476523,通州 首开香溪郡 近公园 不临街 不把边房主自荐,275万,30827元/平,中楼层 (共8层) 3室1厅 | 89.21平米 | 南 北,https://ke-image.ljcdn.com/110000-inspection/pc1_JBQOAOKte.jpg!m_fill,w_280,h_210,f_jpg?from=ke.com
20241031,通州,通州其它,101126473484,十里春风 2室2厅 南 北,106万,13213元/平,顶层 (共18层) | 2020年 | 2室2厅 | 80.23平米 | 南 北,https://ke-image.ljcdn.com/110000-inspection/eb750ca3-d344-4b1b-b5fb-5e1dacfe7d0e_1000.jpg!m_fill,w_280,h_210,f_jpg?from=ke.com
20241031,通州,通州其它,101126472502,东惠家园 南向一居 采光好 无遮挡,198万,30599元/平,高楼层 (共28层) | 2019年 | 1室1厅 | 64.71平米 | 南,https://ke-image.ljcdn.com/110000-inspection/d1187fb5-5a97-4d8a-96bc-d4ac257f9428_1000.jpg!m_fill,w_280,h_210,f_jpg?from=ke.com
20241031,通州,通州其它,101126467980,润枫领尚 3室2厅 南 北,540万,45219元/平,低楼层 (共11层) | 2013年 | 3室2厅 | 119.42平米 | 南 北,https://ke-image.ljcdn.com/110000-inspection/2a41e4b5-3eff-4b76-bba0-707b612ff6a5_1000.jpg!m_fill,w_280,h_210,f_jpg?from=ke.com
20241031,通州,通州其它,101126454737,台湖银河湾 三居玉石精装 17号线次渠北亦庄火车站,450万,56040元/平,低楼层 (共18层) 3室1厅 | 80.3平米 | 南 北,https://ke-image.ljcdn.com/110000-inspection/b8c279d9-6e4f-4682-8ebb-f95eb5956701_1000.jpg!m_fill,w_280,h_210,f_jpg?from=ke.com
20241031,通州,通州其它,101126449024,润枫领尚 舒适大一居 精装修 满五唯一,335万,47926元/平,中楼层 (共16层) | 2012年 | 1室1厅 | 69.9平米 | 东南,https://ke-image.ljcdn.com/110000-inspection/57a8032a-91e8-4278-bf2a-0e492dafaf52_1000.jpg!m_fill,w_280,h_210,f_jpg?from=ke.com
20241031,通州,通州其它,101126429122,紫峰东里一区 南北通透3+1户型 诚心出售随时看房,187万,13516元/平,中楼层 (共8层) 4室2厅 | 138.36平米 | 南 北,https://ke-image.ljcdn.com/110000-inspection/b8ca8fd5-7b1a-488d-897a-50d495a549fa_1000.jpg!m_fill,w_280,h_210,f_jpg?from=ke.com
20241031,通州,通州其它,101126427454,首开缇香郡 精装自住三居室 东边户 通风和视野好,235万,26506元/平,中楼层 (共9层) 3室1厅 | 88.66平米 | 南 北,https://ke-image.ljcdn.com/110000-inspection/89aa6b50-d00c-4595-b71b-818a7f1f6f34_1000.jpg!m_fill,w_280,h_210,f_jpg?from=ke.com
20241031,通州,通州其它,101126420052,首付60全屋智能家电满五唯一全明户型拎包住房主自荐,298万,29199元/平,低楼层 (共8层) 3室2厅 | 102.06平米 | 南 北,https://ke-image.ljcdn.com/110000-inspection/pc1_aVcZpDM6e_1.jpg!m_fill,w_280,h_210,f_jpg?from=ke.com
20241031,通州,通州其它,101126412480,金地北京壹街区采光好视野宽阔配套齐全,320万,41238元/平,中楼层 (共6层) | 2023年 | 2室1厅 | 77.6平米 | 东南,https://ke-image.ljcdn.com/110000-inspection/fc451432-4a76-490b-b1d4-9b6a38e1ae74_1000.jpg!m_fill,w_280,h_210,f_jpg?from=ke.com
20241031,通州,通州其它,101126405473,东亚印象台湖 双南向两居室 电梯房好房 自住精装修,228万,32438元/平,中楼层 (共12层) 2室1厅 | 70.29平米 | 南,https://ke-image.ljcdn.com/110000-inspection/7a7e6d2c-44d2-4b86-bfcc-4ee754f7ee24_1000.jpg!m_fill,w_280,h_210,f_jpg?from=ke.com
20241031,通州,通州其它,101126400543,富力尚悦居C区 精装修 中楼层 采光好 诚意出售,428万,29847元/平,中楼层 (共20层) | 2015年 | 4室2厅 | 143.4平米 | 南 北,https://ke-image.ljcdn.com/110000-inspection/f63246d7-41b0-4997-80f7-333e203fa163_1000.jpg!m_fill,w_280,h_210,f_jpg?from=ke.com
20241031,通州,通州其它,101126375072,富力尚悦居A区 3室2厅 东 西,350万,32031元/平,顶层 (共9层) 3室2厅 | 109.27平米 | 东 西,https://ke-image.ljcdn.com/110000-inspection/920213b2-4a7e-4e1c-bf69-c90f4096d7f8_1000.jpg!m_fill,w_280,h_210,f_jpg?from=ke.com
20241031,通州,通州其它,101126373516,满五唯一 中高楼层 南向两居 采光位置优越房主自荐,315万,35071元/平,中楼层 (共18层) 2室1厅 | 89.82平米 | 南,https://ke-image.ljcdn.com/110000-inspection/9dd64201-c723-40a3-9dd0-e3000ba35e2a_1000.jpg!m_fill,w_280,h_210,f_jpg?from=ke.com
20241031,通州,通州其它,101126358623,双南两居室 精装修 新风系统楼层高 视野好,359万,48442元/平,中楼层 (共18层) 2室1厅 | 74.11平米 | 南,https://ke-image.ljcdn.com/110000-inspection/63548437-f798-4a46-979b-dcb2a0493333_1000.jpg!m_fill,w_280,h_210,f_jpg?from=ke.com
20241031,通州,通州其它,101126346108,首开缇香郡二期交通便利采光充足视野宽阔,220万,26948元/平,高楼层 (共11层) 2室2厅 | 81.64平米 | 南 北,https://ke-image.ljcdn.com/110000-inspection/pc1_uFfgSFSya_1.jpg!m_fill,w_280,h_210,f_jpg?from=ke.com
20241031,通州,通州其它,101126339650,明月听蘭 南北通透三居室 全新西边户 诚意出售,550万,55855元/平,中楼层 (共13层) | 2023年 | 3室2厅 | 98.47平米 | 南 北,https://ke-image.ljcdn.com/110000-inspection/cda7706d-ae77-4234-9f38-32a376889b99_1000.jpg!m_fill,w_280,h_210,f_jpg?from=ke.com
20241031,通州,通州其它,101126334489,十里春风 2室1厅 南 北,150万,18765元/平,顶层 (共22层) | 2020年 | 2室1厅 | 79.94平米 | 南 北,https://ke-image.ljcdn.com/110000-inspection/3c350152-9af7-4501-9944-00202fb7067c_1000.jpg!m_fill,w_280,h_210,f_jpg?from=ke.com
20241031,通州,通州其它,101126308031,东亚印象台湖 满五唯一新小区高品质方正两居室,226万,32153元/平,低楼层 (共12层) 2室1厅 | 70.29平米 | 南,https://ke-image.ljcdn.com/110000-inspection/95998dcb-4d29-45fa-bb06-ebea139488db_1000.jpg!m_fill,w_280,h_210,f_jpg?from=ke.com
20241031,通州,通州其它,101126268639,K2春风十里 三室两厅 南北通透 人车分流,185万,18440元/平,高楼层 (共6层) | 2020年 | 3室2厅 | 100.33平米 | 南 北,https://ke-image.ljcdn.com/110000-inspection/pc1_DkV4vfnX8.jpg!m_fill,w_280,h_210,f_jpg?from=ke.com
20241031,通州,通州其它,101126266290,于家务西里,180万,21968元/平,中楼层 (共8层) | 2016年 | 2室2厅 | 81.94平米 | 南 北,https://ke-image.ljcdn.com/110000-inspection/df5ea110-c111-4da6-b797-09614ea0ebb7_1000.jpg!m_fill,w_280,h_210,f_jpg?from=ke.com
20241031,通州,通州其它,101126251685,首开缇香郡二期 2室1厅 南 北,220万,25780元/平,中楼层 (共11层) 2室1厅 | 85.34平米 | 南 北,https://ke-image.ljcdn.com/110000-inspection/a0555640-2c4d-469c-a898-63ff3e16d2b9_1000.jpg!m_fill,w_280,h_210,f_jpg?from=ke.com
20241031,通州,通州其它,101126248103,富力尚悦居D区南北通透拎包入住,215万,28976元/平,低楼层 (共18层) | 2015年 | 2室1厅 | 74.2平米 | 南 北,https://ke-image.ljcdn.com/110000-inspection/a892edb7-73cd-447e-a595-b5430ef27d34_1000.jpg!m_fill,w_280,h_210,f_jpg?from=ke.com
20241031,通州,通州其它,101126231949,紫峰九院嘉园   --东里一区,230万,24990元/平,低楼层 (共8层) | 2017年 | 2室1厅 | 92.04平米 | 南 北,https://ke-image.ljcdn.com/110000-inspection/91774a16-b655-4e3c-8e6e-9ade2a57f0a6_1000.jpg!m_fill,w_280,h_210,f_jpg?from=ke.com
20241031,通州,通州其它,101126223556,首开万科城市之光步行到亦庄火车站1.3千米,410万,45551元/平,低楼层 (共11层) | 2016年 | 3室1厅 | 90.01平米 | 南 北,https://ke-image.ljcdn.com/110000-inspection/35bb8176-2e55-46bc-98e6-ca99bb36ba58_1000.jpg!m_fill,w_280,h_210,f_jpg?from=ke.com
20241031,通州,通州其它,101126221506,东亚印象台湖满五唯一新小区高品质正规三居室,236万,30114元/平,低楼层 (共12层) 3室2厅 | 78.37平米 | 南 北 东,https://ke-image.ljcdn.com/110000-inspection/pc1_DQMapDsXh.jpg!m_fill,w_280,h_210,f_jpg?from=ke.com
20241031,通州,通州其它,101126205623,花园式小区 首开物业 电梯洋房 近公园,339万,40903元/平,顶层 (共5层) | 2017年 | 2室1厅 | 82.88平米 | 南 北,https://ke-image.ljcdn.com/110000-inspection/pc1_Ed1zitgJf_1.jpg!m_fill,w_280,h_210,f_jpg?from=ke.com
20241031,通州,通州其它,101126176440,十里春风 2室1厅 南 北,109万,14070元/平,低楼层 (共22层) | 2020年 | 2室1厅 | 77.47平米 | 南 北,https://ke-image.ljcdn.com/110000-inspection/pc1_IMseApm1M.jpg!m_fill,w_280,h_210,f_jpg?from=ke.com
20241031,通州,通州其它,101126164794,富力尚悦居A区 3室1厅 西南,349万,32244元/平,低楼层 (共15层) | 2015年 | 3室1厅 | 108.24平米 | 西南,https://ke-image.ljcdn.com/110000-inspection/pc1_mY4It9FTN.jpg!m_fill,w_280,h_210,f_jpg?from=ke.com
20241031,通州,通州其它,101126141771,华馨园 满五年 南北通透格局 正规两居室,298万,35059元/平,低楼层 (共6层) 2室1厅 | 85平米 | 南 北,https://ke-image.ljcdn.com/110000-inspection/pc1_tWWOJqAmA.jpg!m_fill,w_280,h_210,f_jpg?from=ke.com
20241031,通州,通州其它,101126136528,首付20%  临小中河近东郊湿地公园 电梯洋房,350万,34254元/平,高楼层 (共8层) 3室1厅 | 102.18平米 | 南 北,https://ke-image.ljcdn.com/110000-inspection/pc1_3PktufQKb.jpg!m_fill,w_280,h_210,f_jpg?from=ke.com
20241031,通州,通州其它,101126129439,此房楼层高 视野好 南北通透居住感好,269万,34585元/平,顶层 (共11层) 1室1厅 | 77.78平米 | 南 北,https://ke-image.ljcdn.com/110000-inspection/28fcbb26-314a-47f4-b444-d498fa4c69ec_1000.jpg!m_fill,w_280,h_210,f_jpg?from=ke.com
20241031,通州,通州其它,101126119549,东惠家园 1室1厅 南,225万,34776元/平,中楼层 (共28层) 1室1厅 | 64.7平米 | 南,https://ke-image.ljcdn.com/110000-inspection/pc1_UkAb9Ctrb.jpg!m_fill,w_280,h_210,f_jpg?from=ke.com
20241031,通州,通州其它,101126068808,K2春风十里 人车分流封闭小区,140万,17476元/平,中楼层 (共23层) | 2020年 | 2室1厅 | 80.11平米 | 北 南,https://ke-image.ljcdn.com/110000-inspection/7e325fa8-d175-481c-9e5c-930e9be88960_1000.jpg!m_fill,w_280,h_210,f_jpg?from=ke.com
20241031,通州,通州其它,101126054436,阳光城京悦府 2室1厅 南,305万,33792元/平,低楼层 (共21层) 2室1厅 | 90.26平米 | 南,https://ke-image.ljcdn.com/110000-inspection/c6bbe619-5ec0-4aeb-9410-5f6165c76eab_1000.jpg!m_fill,w_280,h_210,f_jpg?from=ke.com
20241031,通州,通州其它,101126052715,首开缇香郡 精装南北通透三居室 有钥匙随时看房,179万,20272元/平,低楼层 (共6层) 3室1厅 | 88.3平米 | 南 北,https://ke-image.ljcdn.com/110000-inspection/pc1_zsTWKxGRw.jpg!m_fill,w_280,h_210,f_jpg?from=ke.com
20241031,通州,通州其它,101126041803,富力尚悦居A区 4室2厅 南 北,553万,33322元/平,底层 (共20层) 4室2厅 | 165.96平米 | 南 北,https://ke-image.ljcdn.com/110000-inspection/21ba7588-5364-43bf-804c-8fb92f3edb8a_1000.jpg!m_fill,w_280,h_210,f_jpg?from=ke.com
20241031,通州,通州其它,101126011581,明月听蘭 3室2厅 南 北,545万,56019元/平,中楼层 (共15层) | 2023年 | 3室2厅 | 97.29平米 | 南 北,https://ke-image.ljcdn.com/110000-inspection/pc1_enaidclIX.jpg!m_fill,w_280,h_210,f_jpg?from=ke.com
20241031,通州,通州其它,101126009357,东亚印象台湖满五唯一新小区高品质,188万,29325元/平,低楼层 (共12层) | 2014年 | 2室1厅 | 64.11平米 | 南,https://ke-image.ljcdn.com/110000-inspection/1fe776d7-2c0b-43f1-9a45-5b7c08dded99_1000.jpg!m_fill,w_280,h_210,f_jpg?from=ke.com
20241031,通州,通州其它,101125995323,富力尚悦居D区一层精装修拎包入住,120万,24386元/平,底层 (共18层) | 2015年 | 1室1厅 | 49.21平米 | 西南,https://ke-image.ljcdn.com/110000-inspection/pc1_pmEaTQ9aT.jpg!m_fill,w_280,h_210,f_jpg?from=ke.com
20241031,通州,通州其它,101125966720,楼栋位于小区中间视野开阔次新房前后无遮挡房主自荐,568万,61386元/平,高楼层 (共14层) 3室1厅 | 92.53平米 | 南 北,https://ke-image.ljcdn.com/110000-inspection/667a2482-22bb-4791-849d-888abac6315a_1000.jpg!m_fill,w_280,h_210,f_jpg?from=ke.com
20241031,通州,通州其它,101125945509,润枫领尚 舒适大两居 精装修 满五唯一,420万,48099元/平,中楼层 (共18层) | 2013年 | 2室1厅 | 87.32平米 | 南 北,https://ke-image.ljcdn.com/110000-inspection/d40fc39d-d0ab-4b47-a60a-43b3ca3fe704_1000.jpg!m_fill,w_280,h_210,f_jpg?from=ke.com
20241031,通州,通州其它,101125921851,小区中间视野开阔次新房前后无遮挡房主自荐,568万,68286元/平,中楼层 (共14层) | 2019年 | 2室2厅 | 83.18平米 | 南 北,https://ke-image.ljcdn.com/110000-inspection/pc1_nqFI9VCQx_1.jpg!m_fill,w_280,h_210,f_jpg?from=ke.com
20241031,通州,通州其它,101125892811,中高楼层 采光好无遮挡 电梯房,200万,22699元/平,中楼层 (共9层) 3室2厅 | 88.11平米 | 南 北,https://ke-image.ljcdn.com/110000-inspection/e45e6fd7-abdc-414e-9ced-9a5c8ccc0270_1000.jpg!m_fill,w_280,h_210,f_jpg?from=ke.com
20241031,通州,通州其它,101125866516,泰禾拾景园小三居 边户全明格局随时签约,550万,56324元/平,高楼层 (共20层) | 2016年 | 3室1厅 | 97.65平米 | 南 北,https://ke-image.ljcdn.com/110000-inspection/16618882-ee72-458d-88df-db82595dc1b0_1000.jpg!m_fill,w_280,h_210,f_jpg?from=ke.com
20241031,通州,通州其它,101125854212,精装修电梯房一梯二户 近公园 南北通透 全天采光,338万,32756元/平,中楼层 (共8层) 2室2厅 | 103.19平米 | 南 北,https://ke-image.ljcdn.com/110000-inspection/pc1_G8YshyXgq_1.jpg!m_fill,w_280,h_210,f_jpg?from=ke.com
20241031,通州,通州其它,101125821827,此房满五唯一南北通透格局好明厨明卫,340万,31788元/平,高楼层 (共18层) 2室2厅 | 106.96平米 | 南 北,https://ke-image.ljcdn.com/110000-inspection/4fd6477b-be76-4ba0-8275-136357fe54d9_1000.jpg!m_fill,w_280,h_210,f_jpg?from=ke.com
20241031,通州,通州其它,101125819193,紫峰九院城 3室1厅 南 北,140万,14149元/平,高楼层 (共8层) 3室1厅 | 98.95平米 | 南 北,https://ke-image.ljcdn.com/110000-inspection/pc1_kNNg3mbQ2.jpg!m_fill,w_280,h_210,f_jpg?from=ke.com
20241031,通州,通州其它,101125784574,东惠家园 2室1厅 南,298万,33219元/平,中楼层 (共28层) 2室1厅 | 89.71平米 | 南,https://ke-image.ljcdn.com/110000-inspection/2f2305f2-030b-4de9-ac39-3884f5811ce8_1000.jpg!m_fill,w_280,h_210,f_jpg?from=ke.com
20241031,通州,通州其它,101125774563,K2春风十里三居室洋房户型好采光好急售房主自荐,198万,22268元/平,中楼层 (共4层) 3室1厅 | 88.92平米 | 南 北,https://ke-image.ljcdn.com/110000-inspection/pc1_6HzXnyE24_1.jpg!m_fill,w_280,h_210,f_jpg?from=ke.com
20241031,通州,通州其它,101125764189,满五唯一精装修高楼层视野好诚意出售,245万,31703元/平,高楼层 (共12层) 3室1厅 | 77.28平米 | 南 北,https://ke-image.ljcdn.com/110000-inspection/93855ea8-470e-4db0-9739-c6c519c54c54_1000.jpg!m_fill,w_280,h_210,f_jpg?from=ke.com
20241031,通州,通州其它,101125753730,十里春风出售两居室毛坯 户型随时看房！,160万,20220元/平,中楼层 (共27层) | 2020年 | 2室1厅 | 79.13平米 | 南 北,https://ke-image.ljcdn.com/110000-inspection/pc1_3fLNYKVBm.jpg!m_fill,w_280,h_210,f_jpg?from=ke.com
20241031,通州,通州其它,101125749164,翡翠四季C区 小区中间位置 中高楼层 业主诚意出售,650万,52739元/平,高楼层 (共18层) | 2020年 | 3室2厅 | 123.25平米 | 东 南 北,https://ke-image.ljcdn.com/110000-inspection/pc1_PXtS2Poa9.jpg!m_fill,w_280,h_210,f_jpg?from=ke.com
20241031,通州,通州其它,101125739588,富力尚悦居B区 1室1厅 南,135万,24216元/平,低楼层 (共20层) | 2014年 | 1室1厅 | 55.75平米 | 南,https://ke-image.ljcdn.com/110000-inspection/1edfaca9-775f-451e-a82b-23bb7252c726_1000.jpg!m_fill,w_280,h_210,f_jpg?from=ke.com
20241031,通州,通州其它,101125728437,富力尚悦居D区高楼层南向无遮挡采光充足,142万,27100元/平,中楼层 (共18层) | 2015年 | 1室1厅 | 52.4平米 | 南,https://ke-image.ljcdn.com/110000-inspection/pc1_4ZaiZxyHb.jpg!m_fill,w_280,h_210,f_jpg?from=ke.com
20241031,通州,通州其它,101125711131,首开国风美仑5号院南北通透满五唯一,330万,37046元/平,中楼层 (共16层) 3室1厅 | 89.08平米 | 南 北,https://ke-image.ljcdn.com/110000-inspection/7f67605f-2cf9-439d-8487-89df7a3251f1_1000.jpg!m_fill,w_280,h_210,f_jpg?from=ke.com
20241031,通州,通州其它,101125684339,首开缇香郡二期精装修房源一梯两户诚心出售。,265万,27493元/平,中楼层 (共10层) 3室2厅 | 96.39平米 | 南 北,https://ke-image.ljcdn.com/110000-inspection/5cfa11ba-700d-479b-b4a3-89e5b6d95c9d_1000.jpg!m_fill,w_280,h_210,f_jpg?from=ke.com
20241031,通州,通州其它,101125674411,北京经开汀塘高楼层采光好无遮挡业主诚意出售,638万,67974元/平,高楼层 (共15层) | 2019年 | 3室1厅 | 93.86平米 | 南 北,https://ke-image.ljcdn.com/110000-inspection/pc1_IQdCYoxwA_1.jpg!m_fill,w_280,h_210,f_jpg?from=ke.com
20241031,通州,通州其它,101125664952,富力尚悦居A区 2室1厅 南,345万,38984元/平,高楼层 (共20层) | 2015年 | 2室1厅 | 88.5平米 | 南,https://ke-image.ljcdn.com/110000-inspection/0c728321-75b8-4c08-a596-3c89276b32e3_1000.jpg!m_fill,w_280,h_210,f_jpg?from=ke.com
20241031,通州,通州其它,101125664054,首开国风美仑兴贸二街5号院11号楼,225万,29700元/平,低楼层 (共16层) 2室1厅 | 75.76平米 | 南,https://ke-image.ljcdn.com/110000-inspection/90bb70b1-bc10-4f66-85d9-731263be1fd7_1000.jpg!m_fill,w_280,h_210,f_jpg?from=ke.com
20241031,通州,通州其它,101125644050,阳光城京悦府 2室1厅 南,335万,37033元/平,高楼层 (共21层) 2室1厅 | 90.46平米 | 南,https://ke-image.ljcdn.com/110000-inspection/pc1_K7Vvcf6HE.jpg!m_fill,w_280,h_210,f_jpg?from=ke.com
20241031,通州,通州其它,101125626483,阳光城京悦府 2室1厅 南,360万,40081元/平,中楼层 (共16层) 2室1厅 | 89.82平米 | 南,https://ke-image.ljcdn.com/110000-inspection/7e0c1440-14d0-4fe6-8f48-f8604cd54ec9_1000.jpg!m_fill,w_280,h_210,f_jpg?from=ke.com
20241031,通州,通州其它,101125612978,东六环：一梯两户总高8层花园洋房人车分流。,299万,32700元/平,低楼层 (共8层) | 2016年 | 3室1厅 | 91.44平米 | 南 北,https://ke-image.ljcdn.com/110000-inspection/pc1_Pods7FEPK_1.jpg!m_fill,w_280,h_210,f_jpg?from=ke.com
20241031,通州,通州其它,101125608881,东六环：一梯两户+花园洋房+南北通透+人车分流。,280万,30069元/平,高楼层 (共7层) | 2016年 | 3室1厅 | 93.12平米 | 南 北,https://ke-image.ljcdn.com/110000-inspection/pc1_6UTYvPHws_1.jpg!m_fill,w_280,h_210,f_jpg?from=ke.com
20241031,通州,通州其它,101125598138,满五唯一 南北通透 视野通风好,299万,38741元/平,中楼层 (共11层) | 2010年 | 1室1厅 | 77.18平米 | 南 北,https://ke-image.ljcdn.com/110000-inspection/pc1_C5EhJ3Jgw.jpg!m_fill,w_280,h_210,f_jpg?from=ke.com
20241031,通州,通州其它,101125565366,东亚印象台湖 2室2厅 北 南 东,188万,27750元/平,中楼层 (共12层) 2室2厅 | 67.75平米 | 北 南 东,https://ke-image.ljcdn.com/110000-inspection/cbc0709b-0eef-4d3e-959f-a9036ffd0900_1000.jpg!m_fill,w_280,h_210,f_jpg?from=ke.com
20241031,通州,通州其它,101125556425,高间距大无遮挡采光好诚心卖。,510万,42465元/平,低楼层 (共10层) 3室2厅 | 120.1平米 | 南 北,https://ke-image.ljcdn.com/110000-inspection/1a510386-46a6-4b36-adeb-fc4213f077f7_1000.jpg!m_fill,w_280,h_210,f_jpg?from=ke.com
20241031,通州,通州其它,101125519976,润枫领尚 实用大两居 精装修 满五唯一,380万,43544元/平,底层 (共18层) | 2013年 | 2室1厅 | 87.27平米 | 南 北,https://ke-image.ljcdn.com/110000-inspection/5b03be43-044c-4d48-8b1e-28949863201b_1000.jpg!m_fill,w_280,h_210,f_jpg?from=ke.com
20241031,通州,通州其它,101125491982,紫峰九院城 一层全南三居室 业主诚心出售 看房找我房主自荐,150万,12715元/平,底层 (共15层) 3室2厅 | 117.98平米 | 南,https://ke-image.ljcdn.com/110000-inspection/pc1_Awqm9qoSp.jpg!m_fill,w_280,h_210,f_jpg?from=ke.com
20241031,通州,通州其它,101125487392,次渠北里三区155平面东边户大三居满五唯一,418万,26883元/平,顶层 (共16层) 3室2厅 | 155.49平米 | 东 南 北,https://ke-image.ljcdn.com/110000-inspection/799259e6-0be5-4ff1-a3b9-d3bf7b9a0c4e_1000.jpg!m_fill,w_280,h_210,f_jpg?from=ke.com
20241031,通州,通州其它,101125483393,富力尚悦居D区 1室1厅 南,133万,25219元/平,低楼层 (共18层) | 2015年 | 1室1厅 | 52.74平米 | 南,https://ke-image.ljcdn.com/110000-inspection/cce39cfa-e4d8-419f-adc8-b18050e62f92_1000.jpg!m_fill,w_280,h_210,f_jpg?from=ke.com
20241031,通州,通州其它,101125466009,南北通透的格局配套设施齐全交通便利,265万,39647元/平,底层 (共11层) 1室1厅 | 66.84平米 | 南 北,https://ke-image.ljcdn.com/110000-inspection/09fc957b-9633-4069-8b1f-48f8dfa222f4_1000.jpg!m_fill,w_280,h_210,f_jpg?from=ke.com
20241031,通州,通州其它,101125465112,高楼层 采光好 南北通 一梯两户,445万,44390元/平,低楼层 (共11层) | 2010年 | 2室1厅 | 100.25平米 | 南 北,https://ke-image.ljcdn.com/110000-inspection/95536e3a-c1ab-495b-b804-8c9d43711c64_1000.jpg!m_fill,w_280,h_210,f_jpg?from=ke.com
20241031,通州,通州其它,101125447565,富力尚悦居D区精装修 可贷款,149万,26466元/平,低楼层 (共18层) | 2015年 | 1室1厅 | 56.3平米 | 南,https://ke-image.ljcdn.com/110000-inspection/fa14a82b-7909-4250-969e-1114cf013e71_1000.jpg!m_fill,w_280,h_210,f_jpg?from=ke.com
20241031,通州,通州其它,101125425218,首开国风美仑119平两居两卫装修楼层好、满五唯一,399万,33253元/平,中楼层 (共16层) 2室1厅 | 119.99平米 | 南 西 北,https://ke-image.ljcdn.com/110000-inspection/pc1_z6RraNuOi_2.jpg!m_fill,w_280,h_210,f_jpg?from=ke.com
20241031,通州,通州其它,101125418487,华鑫园小区  精装修落地窗  拎包入住,275万,27678元/平,中楼层 (共6层) | 2002年 | 2室1厅 | 99.36平米 | 西 北,https://ke-image.ljcdn.com/110000-inspection/e6ac1d61-9e82-404f-8870-3b874d2135d1_1000.jpg!m_fill,w_280,h_210,f_jpg?from=ke.com
20241031,通州,通州其它,101125416207,富力尚悦居B区 2室1厅 东 南 北,189万,26302元/平,高楼层 (共20层) | 2014年 | 2室1厅 | 71.86平米 | 东 南 北,https://ke-image.ljcdn.com/110000-inspection/pc1_n31lt28hs_1.jpg!m_fill,w_280,h_210,f_jpg?from=ke.com
20241031,通州,通州其它,101125413291,荷香街2号院南北通透精装三居室,336万,31885元/平,低楼层 (共8层) | 2017年 | 3室1厅 | 105.38平米 | 南 北,https://ke-image.ljcdn.com/110000-inspection/pc1_zV8OPYMZk_1.jpg!m_fill,w_280,h_210,f_jpg?from=ke.com
20241031,通州,通州其它,101125405740,泰晤士印象 3室2厅 南 北,215万,19747元/平,中楼层 (共14层) 3室2厅 | 108.88平米 | 南 北,https://ke-image.ljcdn.com/110000-inspection/93f466f0-516b-4c1d-9ca6-7223020fd755_1000.jpg!m_fill,w_280,h_210,f_jpg?from=ke.com
20241031,通州,通州其它,101125397101,次渠南里十一区  明厨明卫  业主急售,280万,26186元/平,底层 (共18层) 2室1厅 | 106.93平米 | 南 北,https://ke-image.ljcdn.com/110000-inspection/pc1_099T0LJff.jpg!m_fill,w_280,h_210,f_jpg?from=ke.com
20241031,通州,通州其它,101125346285,K2春风十里 精装修两居室 总首付30万买北京两居,130万,16240元/平,中楼层 (共27层) | 2020年 | 2室1厅 | 80.05平米 | 北 南,https://ke-image.ljcdn.com/110000-inspection/pc1_yue0LLWMJ.jpg!m_fill,w_280,h_210,f_jpg?from=ke.com
20241031,通州,通州其它,101125343905,富力尚悦居C区 南北通透 中间户型次新房,425万,31264元/平,中楼层 (共20层) | 2015年 | 4室2厅 | 135.94平米 | 南 北,https://ke-image.ljcdn.com/110000-inspection/b97cec85-3127-49ac-9233-7af3f6b0e55a_1000.jpg!m_fill,w_280,h_210,f_jpg?from=ke.com
20241031,通州,通州其它,101125336770,此房满五唯一明厨精装修户型方正,165万,25428元/平,底层 (共12层) 2室1厅 | 64.89平米 | 南,https://ke-image.ljcdn.com/110000-inspection/c73f5cea-466d-4ff8-b550-2422b45aa7fb_1000.jpg!m_fill,w_280,h_210,f_jpg?from=ke.com
20241031,通州,通州其它,101125329512,泰禾一号公馆一梯两户集中供暖,558万,61299元/平,低楼层 (共10层) 3室2厅 | 91.03平米 | 南 北,https://ke-image.ljcdn.com/110000-inspection/3a0d1f47-f808-4c55-8dc2-e9bfc8fb77b8_1000.jpg!m_fill,w_280,h_210,f_jpg?from=ke.com
20241031,通州,通州其它,101125319413,首开万科台湖新城公园里 中间位置,405万,44976元/平,顶层 (共11层) 3室1厅 | 90.05平米 | 南 北,https://ke-image.ljcdn.com/110000-inspection/768fa5cf-df04-48ee-ad9d-30ee99c9e970_1000.jpg!m_fill,w_280,h_210,f_jpg?from=ke.com
20241031,通州,通州其它,101125307843,房子产权清晰业主诚意出售全名户型三面有窗户,155万,22503元/平,底层 (共16层) | 2016年 | 2室1厅 | 68.88平米 | 南 北,https://ke-image.ljcdn.com/110000-inspection/12f2bc65-3028-4301-8512-c364abce92f2_1000.jpg!m_fill,w_280,h_210,f_jpg?from=ke.com
20241031,通州,通州其它,101125290350,高楼层全明格局南北通透两居  一梯两户 满五唯一,430万,49256元/平,高楼层 (共16层) | 2012年 | 2室1厅 | 87.3平米 | 南 北,https://ke-image.ljcdn.com/110000-inspection/f5da6ad0-bb46-4042-b30c-d36b504a1b25_1000.jpg!m_fill,w_280,h_210,f_jpg?from=ke.com
20241031,通州,通州其它,101125271607,东亚印象台湖 满五唯一新小区高品质正规两居室,227万,29493元/平,低楼层 (共12层) | 2014年 | 3室2厅 | 76.97平米 | 北 南,https://ke-image.ljcdn.com/110000-inspection/4ae171c2-006d-4414-bc2a-1df08cc30a94_1000.jpg!m_fill,w_280,h_210,f_jpg?from=ke.com
20241031,通州,通州其它,101125269181,此房满五年唯一业主自住装修效果保持好南北通透,435万,42668元/平,中楼层 (共11层) 2室2厅 | 101.95平米 | 南 北,https://ke-image.ljcdn.com/110000-inspection/f0e54409-5e24-4546-b5cc-0fbc1cfb4ded_1000.jpg!m_fill,w_280,h_210,f_jpg?from=ke.com
20241031,通州,通州其它,101125261324,首开香溪郡南北通透三居室精装修采光好,428万,36563元/平,中楼层 (共6层) | 2016年 | 3室1厅 | 117.06平米 | 南 北,https://ke-image.ljcdn.com/110000-inspection/297c75f7-f8b2-4a11-bda2-370361544051_1000.jpg!m_fill,w_280,h_210,f_jpg?from=ke.com
20241031,通州,通州其它,101125260236,富力尚悦居C区 2室1厅 南,499万,56455元/平,底层 (共20层) | 2015年 | 2室1厅 | 88.39平米 | 南,https://ke-image.ljcdn.com/110000-inspection/pc1_SBzog51N4.jpg!m_fill,w_280,h_210,f_jpg?from=ke.com
20241031,通州,通州其它,101125257480,次渠南里十区 1室1厅 西北,195万,33402元/平,低楼层 (共18层) 1室1厅 | 58.38平米 | 西北,https://ke-image.ljcdn.com/110000-inspection/3c979239-343f-41dc-9bf3-fc2c01d7a1c1_1000.jpg!m_fill,w_280,h_210,f_jpg?from=ke.com
20241031,通州,通州其它,101125253174,泰禾一号公馆 眼镜户型 南北通透边户三居室,738万,56565元/平,低楼层 (共11层) 3室2厅 | 130.47平米 | 南 北,https://ke-image.ljcdn.com/110000-inspection/pc1_jeCmCBAeZ_1.jpg!m_fill,w_280,h_210,f_jpg?from=ke.com
20241031,通州,通州其它,101125247539,正规一居室 精装修 全明格局可以随时过户,186万,31457元/平,顶层 (共18层) 1室1厅 | 59.13平米 | 西北,https://ke-image.ljcdn.com/110000-inspection/92d3de40-f724-45db-b689-f0c9bc310f44_1000.jpg!m_fill,w_280,h_210,f_jpg?from=ke.com
20241031,通州,通州其它,101125225397,此房高楼层带电梯精装修通风好 诚心卖,289万,39229元/平,中楼层 (共11层) 1室1厅 | 73.67平米 | 南,https://ke-image.ljcdn.com/110000-inspection/e3e0de85-7f90-4587-86f2-72cff9395a3c_1000.jpg!m_fill,w_280,h_210,f_jpg?from=ke.com
20241031,通州,通州其它,101125200068,润枫领尚 4室2厅 南 北,780万,44402元/平,中楼层 (共11层) | 2014年 | 4室2厅 | 175.67平米 | 南 北,https://ke-image.ljcdn.com/110000-inspection/25f0ae54-83ed-4419-97f9-5b9970ca2fc6_1000.jpg!m_fill,w_280,h_210,f_jpg?from=ke.com
20241031,通州,通州其它,101125185312,紫峰东里一区 南北通透四居室 毛坯房  诚心出售,258万,18645元/平,中楼层 (共8层) 4室1厅 | 138.38平米 | 南 北,https://ke-image.ljcdn.com/110000-inspection/pc1_njWbZ6RJP.jpg!m_fill,w_280,h_210,f_jpg?from=ke.com
20241031,通州,通州其它,101125183545,首开缇香郡二期采光充足视野好,195万,23880元/平,高楼层 (共11层) 2室2厅 | 81.66平米 | 南 北,https://ke-image.ljcdn.com/110000-inspection/f7a1ed98-2944-49b8-bb92-6b455cc08d61_1000.jpg!m_fill,w_280,h_210,f_jpg?from=ke.com
20241031,通州,通州其它,101125173085,明月听蘭 南北通透三居  17号线次渠 亦庄火车站,620万,62964元/平,中楼层 (共13层) | 2023年 | 3室1厅 | 98.47平米 | 南 北,https://ke-image.ljcdn.com/110000-inspection/pc1_o9APMNwA7_1.jpg!m_fill,w_280,h_210,f_jpg?from=ke.com
20241031,通州,通州其它,101125160774,阳光城京悦府 2室1厅 南房主自荐,328万,36260元/平,顶层 (共21层) 2室1厅 | 90.46平米 | 南,https://ke-image.ljcdn.com/110000-inspection/4176fb04-2375-4e2a-97ee-c6867eeaee04_1000.jpg!m_fill,w_280,h_210,f_jpg?from=ke.com
20241031,通州,通州其它,101125158500,富力尚悦居C区 洋房中间楼层 满五唯一,308万,36493元/平,中楼层 (共7层) 2室1厅 | 84.4平米 | 南,https://ke-image.ljcdn.com/110000-inspection/pc1_o0WtoyymE.jpg!m_fill,w_280,h_210,f_jpg?from=ke.com
20241031,通州,通州其它,101125140814,首开缇香郡二期东边户全明格局视野好无遮挡。,210万,23488元/平,中楼层 (共11层) 3室1厅 | 89.41平米 | 南 北,https://ke-image.ljcdn.com/110000-inspection/73092474-cfa3-4776-83f6-92bf7bd343fe_1000.jpg!m_fill,w_280,h_210,f_jpg?from=ke.com
20241031,通州,通州其它,101125126047,阳光城京悦府 2室1厅 南,279万,30911元/平,低楼层 (共21层) 2室1厅 | 90.26平米 | 南,https://ke-image.ljcdn.com/110000-inspection/da56f6cc-4f2f-4f3a-b512-e3aace0de649_1000.jpg!m_fill,w_280,h_210,f_jpg?from=ke.com
20241031,通州,通州其它,101125103636,紫峰九院城精装南北三居室带阳台有钥匙随时看房,150万,15248元/平,低楼层 (共8层) 3室1厅 | 98.38平米 | 南 北,https://ke-image.ljcdn.com/110000-inspection/d7062b9c-b75a-42da-8644-2d6a62534ec4_1000.jpg!m_fill,w_280,h_210,f_jpg?from=ke.com
20241031,通州,通州其它,101125089531,东惠家园4号院62平米南向一居户型方正无遮挡,190万,30680元/平,中楼层 (共27层) | 2021年 | 1室1厅 | 61.93平米 | 南,https://ke-image.ljcdn.com/110000-inspection/51ccbf04-1397-40e7-8417-78ef687ac0eb_1000.jpg!m_fill,w_280,h_210,f_jpg?from=ke.com
20241031,通州,通州其它,101125084460,中高楼层 视野开阔 南北通透装修好,190万,23078元/平,中楼层 (共11层) | 2017年 | 2室2厅 | 82.33平米 | 南 北,https://ke-image.ljcdn.com/110000-inspection/c389569f-99e2-4350-951e-4bd4aab7f637_1000.jpg!m_fill,w_280,h_210,f_jpg?from=ke.com
20241031,通州,通州其它,101125082608,翡翠四季A区精装修保持的好,740万,57525元/平,高楼层 (共9层) 4室1厅 | 128.64平米 | 南 北,https://ke-image.ljcdn.com/110000-inspection/4b8275ee-749f-4cfa-b97b-227d54d32b44_1000.jpg!m_fill,w_280,h_210,f_jpg?from=ke.com
20241031,通州,通州其它,101125080675,东亚印象台湖满五唯一精装修,195万,27354元/平,低楼层 (共12层) | 2015年 | 2室1厅 | 71.29平米 | 南 北,https://ke-image.ljcdn.com/110000-inspection/a1553739-83c1-4aad-befc-ebbb4fb74def_1000.jpg!m_fill,w_280,h_210,f_jpg?from=ke.com
20241031,通州,通州其它,101125073081,南北通透三居室 精装修 新风系统 明厨明卫 视野好,440万,48352元/平,中楼层 (共18层) 3室2厅 | 91平米 | 北 南,https://ke-image.ljcdn.com/110000-inspection/aec7b5fd-b069-4e4e-9838-9c01af443227_1000.jpg!m_fill,w_280,h_210,f_jpg?from=ke.com
20241031,通州,通州其它,101125063556,次顶层精装 眼睛户型 商品房 带两个车位 看房随时,280万,20101元/平,高楼层 (共6层) | 2017年 | 4室2厅 | 139.3平米 | 南 北,https://ke-image.ljcdn.com/110000-inspection/dfcd6efd-1d43-480e-a746-05c190dc2d5a_1000.jpg!m_fill,w_280,h_210,f_jpg?from=ke.com
20241031,通州,通州其它,101125061317,自住南北通透两居室精装修随时看房诚心出售,195万,23720元/平,中楼层 (共11层) 2室1厅 | 82.21平米 | 南 北,https://ke-image.ljcdn.com/110000-inspection/pc1_f4CEG7QDd.jpg!m_fill,w_280,h_210,f_jpg?from=ke.com
20241031,通州,通州其它,101125059601,首开.缇香郡精装修三居业主诚心出售。,219万,24665元/平,底层 (共8层) 3室2厅 | 88.79平米 | 南,https://ke-image.ljcdn.com/110000-inspection/pc1_0EDC2Oaiu.jpg!m_fill,w_280,h_210,f_jpg?from=ke.com
20241031,通州,通州其它,101125059247,润枫领尚 全明格局两居 满五唯一,400万,45788元/平,低楼层 (共18层) | 2013年 | 2室1厅 | 87.36平米 | 南 北,https://ke-image.ljcdn.com/110000-inspection/pc1_vto3h76ej_1.jpg!m_fill,w_280,h_210,f_jpg?from=ke.com
20241031,通州,通州其它,101125044318,房子南北通透不临街业主诚意出售全明户型,548万,45644元/平,低楼层 (共11层) | 2013年 | 3室1厅 | 120.06平米 | 南 北,https://ke-image.ljcdn.com/110000-inspection/54d29e8d-84a1-4e8f-bd15-554e4fb2a747_1000.jpg!m_fill,w_280,h_210,f_jpg?from=ke.com
20241031,通州,通州其它,101125020362,富力尚悦居D区 1室1厅 南,135万,25598元/平,中楼层 (共18层) | 2015年 | 1室1厅 | 52.74平米 | 南,https://ke-image.ljcdn.com/110000-inspection/pc1_elg7wur4C.jpg!m_fill,w_280,h_210,f_jpg?from=ke.com
20241031,通州,通州其它,101124978328,台湖银河湾 玉石精装两居全明格局 17号线仅契税,430万,53264元/平,中楼层 (共9层) 2室1厅 | 80.73平米 | 南 北,https://ke-image.ljcdn.com/110000-inspection/pc1_qPQPGiQoH.jpg!m_fill,w_280,h_210,f_jpg?from=ke.com
20241031,通州,通州其它,101124977707,富力尚悦居C区 4室2厅 南 北,435万,31813元/平,中楼层 (共20层) 4室2厅 | 136.74平米 | 南 北,https://ke-image.ljcdn.com/110000-inspection/pc1_nixFtm0vz.jpg!m_fill,w_280,h_210,f_jpg?from=ke.com
20241031,通州,通州其它,101124969212,业主诚意出售 次新房 全南向精装修 视野开阔 采光,370万,48436元/平,中楼层 (共21层) 2室1厅 | 76.39平米 | 南,https://ke-image.ljcdn.com/110000-inspection/pc1_LJ3i4nGzx.jpg!m_fill,w_280,h_210,f_jpg?from=ke.com
20241031,通州,通州其它,101124946461,润枫领尚 1室1厅 东 南房主自荐,267万,37750元/平,低楼层 (共18层) | 2013年 | 1室1厅 | 70.73平米 | 东 南,https://ke-image.ljcdn.com/110000-inspection/c1eafdae-c1c0-417a-b31d-17c4a038e893_1000.jpg!m_fill,w_280,h_210,f_jpg?from=ke.com
20241031,通州,通州其它,101124941466,精致装修未入住满五年唯一住房电梯洋房一梯两户。房主自荐,378万,33182元/平,高楼层 (共6层) 3室2厅 | 113.92平米 | 南 北,https://ke-image.ljcdn.com/110000-inspection/pc1_qc4ScFEh7_1.jpg!m_fill,w_280,h_210,f_jpg?from=ke.com
20241031,通州,通州其它,101124937741,定海园二里无遮挡采光好业主诚意出售,490万,40702元/平,低楼层 (共11层) | 2009年 | 3室2厅 | 120.39平米 | 南 北,https://ke-image.ljcdn.com/110000-inspection/aa2e9795-327c-4868-a92b-4a8f3add4cd6_1000.jpg!m_fill,w_280,h_210,f_jpg?from=ke.com
20241031,通州,通州其它,101124924980,定海园二里 2室1厅 南,298万,40839元/平,低楼层 (共11层) 2室1厅 | 72.97平米 | 南,https://ke-image.ljcdn.com/110000-inspection/pc1_I3WHvtZQu_1.jpg!m_fill,w_280,h_210,f_jpg?from=ke.com
20241031,通州,通州其它,101124880036,富力尚悦居A区 次顶层眼镜两居室 观花园采光好,299万,34861元/平,高楼层 (共9层) 2室1厅 | 85.77平米 | 西南,https://ke-image.ljcdn.com/110000-inspection/pc1_gP1NCWXML.jpg!m_fill,w_280,h_210,f_jpg?from=ke.com
20241031,通州,通州其它,101124877043,十里春风 2室1厅 南 北,119万,15326元/平,低楼层 (共18层) | 2020年 | 2室1厅 | 77.65平米 | 南 北,https://ke-image.ljcdn.com/110000-inspection/pc1_mIosEFADo.jpg!m_fill,w_280,h_210,f_jpg?from=ke.com
20241031,通州,通州其它,101124847544,东亚印象台湖满五唯一新小区高品质正规两居室,165万,25126元/平,底层 (共12层) 2室1厅 | 65.67平米 | 南,https://ke-image.ljcdn.com/110000-inspection/e2613a46-c307-4dbd-8e8d-f13031269b32_1000.jpg!m_fill,w_280,h_210,f_jpg?from=ke.com
20241031,通州,通州其它,101124837565,富力尚悦居A区 精装高楼层四居室 视野好,710万,36864元/平,高楼层 (共20层) 4室2厅 | 192.6平米 | 南 西 北,https://ke-image.ljcdn.com/110000-inspection/pc1_87yQs8Od1.jpg!m_fill,w_280,h_210,f_jpg?from=ke.com
20241031,通州,通州其它,101124817216,十里春风 3室1厅 南 北,148万,16209元/平,高楼层 (共27层) 3室1厅 | 91.31平米 | 南 北,https://ke-image.ljcdn.com/110000-inspection/pc1_OIbH1fs3Y.jpg!m_fill,w_280,h_210,f_jpg?from=ke.com
20241031,通州,通州其它,101124815098,南向二居室 采光充足 精装修 拎包入住,175万,20524元/平,低楼层 (共17层) | 2016年 | 2室2厅 | 85.27平米 | 南 北,https://ke-image.ljcdn.com/110000-inspection/c6c510ed-4571-4228-b68c-1118fe1be7b4_1000.jpg!m_fill,w_280,h_210,f_jpg?from=ke.com
20241031,通州,通州其它,101124796379,润枫领尚两居室 南北通透 中间楼层,369万,42336元/平,中楼层 (共18层) | 2013年 | 2室1厅 | 87.16平米 | 南 北,https://ke-image.ljcdn.com/110000-inspection/e06832b6-309e-4293-84e4-a2debca8bfa0_1000.jpg!m_fill,w_280,h_210,f_jpg?from=ke.com
20241031,通州,通州其它,101124787871,泰禾拾景园 洋房三居 户型方正 开发商精装 边户明房主自荐,700万,54838元/平,低楼层 (共6层) 3室2厅 | 127.65平米 | 南 北,https://ke-image.ljcdn.com/110000-inspection/7a478c67-ff49-4779-925c-fead3bb4f773_1000.jpg!m_fill,w_280,h_210,f_jpg?from=ke.com
20241031,通州,通州其它,101124778995,南北通透大两居采光好精装修业主急售。,390万,44633元/平,低楼层 (共18层) | 2013年 | 2室1厅 | 87.38平米 | 南 北,https://ke-image.ljcdn.com/110000-inspection/d819fa41-7ff6-4947-b35b-59fc3ad97709_1000.jpg!m_fill,w_280,h_210,f_jpg?from=ke.com
20241031,通州,通州其它,101124775143,定海园一里南北通透业主诚意出售房主自荐,286万,36448元/平,低楼层 (共10层) 1室1厅 | 78.47平米 | 南 北,https://ke-image.ljcdn.com/110000-inspection/pc1_paIjIARUN_1.jpg!m_fill,w_280,h_210,f_jpg?from=ke.com
20241031,通州,通州其它,101124745109,首开香溪郡高楼层东边户三居室南北通透大窗户房主自荐,340万,32759元/平,中楼层 (共8层) 3室1厅 | 103.79平米 | 南 北,https://ke-image.ljcdn.com/110000-inspection/pc1_HA3xojW2J_1.jpg!m_fill,w_280,h_210,f_jpg?from=ke.com
20241031,通州,通州其它,101124742610,十里春风 3室2厅 南 北,200万,22674元/平,高楼层 (共22层) | 2020年 | 3室2厅 | 88.21平米 | 南 北,https://ke-image.ljcdn.com/110000-inspection/ec29c98d-1f26-4dbd-bf07-b1bf44cf5b8a_1000.jpg!m_fill,w_280,h_210,f_jpg?from=ke.com
20241031,通州,通州其它,101124740311,首开万科城市之光 南北三居室 满五唯一,500万,55525元/平,高楼层 (共11层) 3室1厅 | 90.05平米 | 南 北,https://ke-image.ljcdn.com/110000-inspection/2eccfd34-bff5-4e11-9ea9-258d0be67d20_1000.jpg!m_fill,w_280,h_210,f_jpg?from=ke.com
20241031,通州,通州其它,101124714076,首开国风美仑 南北通透 采光好无遮挡,300万,33667元/平,中楼层 (共16层) 3室2厅 | 89.11平米 | 南 西 北,https://ke-image.ljcdn.com/110000-inspection/00d68240-3f02-4336-9d62-036bcfef0557_1000.jpg!m_fill,w_280,h_210,f_jpg?from=ke.com
20241031,通州,通州其它,101124691200,富力尚悦居A区精装修带电梯一梯一户,563万,33924元/平,中楼层 (共20层) 4室2厅 | 165.96平米 | 南 北,https://ke-image.ljcdn.com/110000-inspection/160f04ab-6465-43cc-a75e-24d8791bbf5b_1000.jpg!m_fill,w_280,h_210,f_jpg?from=ke.com
20241031,通州,通州其它,101124681664,首开国风美仑  南北通透三居室 价格可聊 采光好,318万,35844元/平,高楼层 (共16层) | 2014年 | 3室1厅 | 88.72平米 | 南 北,https://ke-image.ljcdn.com/110000-inspection/935c97cb-2acc-48ae-8bc0-630212d4aeb5_1000.jpg!m_fill,w_280,h_210,f_jpg?from=ke.com
20241031,通州,通州其它,101124666862,十里春风 3室1厅 南 北,185万,20678元/平,低楼层 (共18层) | 2020年 | 3室1厅 | 89.47平米 | 南 北,https://ke-image.ljcdn.com/110000-inspection/cd599909-bdda-477c-b9b1-0405ceb673f2_1000.jpg!m_fill,w_280,h_210,f_jpg?from=ke.com
20241031,通州,通州其它,101124657755,南北通透上叠别墅精装修东边户采光好视野开阔,360万,25053元/平,顶层 (共2层) 3室2厅 | 143.7平米 | 南 北,https://ke-image.ljcdn.com/110000-inspection/pc1_9Z41qtEZt_1.jpg!m_fill,w_280,h_210,f_jpg?from=ke.com
20241031,通州,通州其它,101124621418,首开缇香郡交通便利采光充足视野宽阔,160万,22372元/平,低楼层 (共16层) | 2016年 | 2室1厅 | 71.52平米 | 南 北,https://ke-image.ljcdn.com/110000-inspection/4eb58ff9-0aec-416d-92b7-b3349a0700f9_1000.jpg!m_fill,w_280,h_210,f_jpg?from=ke.com
20241031,通州,通州其它,101124604371,楼层高。视野好南北通透户型方正,530万,56468元/平,顶层 (共15层) 3室1厅 | 93.86平米 | 东 南 北,https://ke-image.ljcdn.com/110000-inspection/de66630a-8b74-42f6-b148-7bdb936f6288_1000.jpg!m_fill,w_280,h_210,f_jpg?from=ke.com
20241031,通州,通州其它,101124580842,南北通透户型方正两居亦庄线17号线双线地铁,310万,33810元/平,高楼层 (共6层) 2室1厅 | 91.69平米 | 南 北,https://ke-image.ljcdn.com/110000-inspection/7f382417-517d-464e-ace6-28756b52240b_1000.jpg!m_fill,w_280,h_210,f_jpg?from=ke.com
20241031,通州,通州其它,101124572526,东亚印象台湖 2室1厅 南,195万,30051元/平,底层 (共12层) 2室1厅 | 64.89平米 | 南,https://ke-image.ljcdn.com/110000-inspection/eb716e32-8eee-4e45-9956-e6cd420813bf_1000.jpg!m_fill,w_280,h_210,f_jpg?from=ke.com
20241031,通州,通州其它,101124569780,台湖银河湾高品质小区环境好房主自荐,595万,74497元/平,中楼层 (共18层) 3室1厅 | 79.87平米 | 南 北,https://ke-image.ljcdn.com/110000-inspection/770ab47e-bf87-450a-937d-5b5c49e367fc_1000.jpg!m_fill,w_280,h_210,f_jpg?from=ke.com
20241031,通州,通州其它,101124558104,泰晤士印象 南北通透三居室 明厨明卫 全新精装,175万,17351元/平,低楼层 (共11层) 3室1厅 | 100.86平米 | 南 北,https://ke-image.ljcdn.com/110000-inspection/12c55d8e-462f-4475-9bf6-3c507f17855b_1000.jpg!m_fill,w_280,h_210,f_jpg?from=ke.com
20241031,通州,通州其它,101124530642,精装修业主诚意出售高楼层无遮挡采光好视野好,425万,41247元/平,顶层 (共11层) 2室2厅 | 103.04平米 | 南 北,https://ke-image.ljcdn.com/110000-inspection/pc1_7oLRvcObS_1.jpg!m_fill,w_280,h_210,f_jpg?from=ke.com
20241031,通州,通州其它,101124526482,首开缇香郡二期采光充足交通便利,188万,30192元/平,底层 (共10层) 2室1厅 | 62.27平米 | 南 北,https://ke-image.ljcdn.com/110000-inspection/e4983588-9b27-4bc1-9137-877e99fc21c6_1000.jpg!m_fill,w_280,h_210,f_jpg?from=ke.com
20241031,通州,通州其它,101124518956,首开国风美仑 1室1厅 南,178万,33484元/平,中楼层 (共16层) | 2013年 | 1室1厅 | 53.16平米 | 南,https://ke-image.ljcdn.com/110000-inspection/cfe13e63-c29b-4025-b5d4-72f93f1e526c_1000.jpg!m_fill,w_280,h_210,f_jpg?from=ke.com
20241031,通州,通州其它,101124507356,三居室全明格局客厅大窗户精装修诚意出售,243万,31514元/平,底层 (共12层) | 2014年 | 3室2厅 | 77.11平米 | 南 北,https://ke-image.ljcdn.com/110000-inspection/f1575bd5-4d4e-4649-b1f2-21064270eab7_1000.jpg!m_fill,w_280,h_210,f_jpg?from=ke.com
20241031,通州,通州其它,101124506535,高楼层采光好 一梯两户 新社区 有电梯,215万,24399元/平,中楼层 (共8层) 3室2厅 | 88.12平米 | 南 北,https://ke-image.ljcdn.com/110000-inspection/1f57433b-e086-4751-8684-94c7684be880_1000.jpg!m_fill,w_280,h_210,f_jpg?from=ke.com
20241031,通州,通州其它,101124495426,东惠家园 南北通透两居室 中高楼层 无遮挡,278万,30814元/平,高楼层 (共28层) 2室1厅 | 90.22平米 | 南 北,https://ke-image.ljcdn.com/110000-inspection/pc1_k4OOJSdRa_1.jpg!m_fill,w_280,h_210,f_jpg?from=ke.com
20241031,通州,通州其它,101124491665,北京经开汀塘精装修装修效果好业主诚意出售,580万,62907元/平,低楼层 (共14层) 3室1厅 | 92.2平米 | 南 北,https://ke-image.ljcdn.com/110000-inspection/de870b6a-0d2e-42cb-b7f1-9df912d4e54d_1000.jpg!m_fill,w_280,h_210,f_jpg?from=ke.com
20241031,通州,通州其它,101124480071,东惠家园优质两居室纯南户型高楼层采光好,358万,39902元/平,中楼层 (共28层) 2室1厅 | 89.72平米 | 南,https://ke-image.ljcdn.com/110000-inspection/e72900ac-75a2-4268-b844-fc79cc0ef997_1000.jpg!m_fill,w_280,h_210,f_jpg?from=ke.com
20241031,通州,通州其它,101124472587,首开国风美仑 精装修 业主自住 满五唯一 仅契税房主自荐,295万,33039元/平,低楼层 (共16层) 3室1厅 | 89.29平米 | 南 北,https://ke-image.ljcdn.com/110000-inspection/19926a5b-1bd0-415f-91dc-6abce20dce1b_1000.jpg!m_fill,w_280,h_210,f_jpg?from=ke.com
20241031,通州,通州其它,101124460203,首开缇香郡二期楼层好采光充足视野好,179万,21748元/平,低楼层 (共11层) 2室1厅 | 82.31平米 | 南 北,https://ke-image.ljcdn.com/110000-inspection/834d2ea9-dbfb-4492-b539-262c0c39de27_1000.jpg!m_fill,w_280,h_210,f_jpg?from=ke.com
20241031,通州,通州其它,101124443751,润枫领尚 精装修四居 格局方正 高楼层,830万,47633元/平,高楼层 (共11层) | 2014年 | 4室2厅 | 174.25平米 | 南 北,https://ke-image.ljcdn.com/110000-inspection/6209045c-01c3-449c-88ac-d2cfed195a63_1000.jpg!m_fill,w_280,h_210,f_jpg?from=ke.com
20241031,通州,通州其它,101124440611,东亚印象台湖 3室2厅 南 北,255万,32349元/平,高楼层 (共10层) 3室2厅 | 78.83平米 | 南 北,https://ke-image.ljcdn.com/110000-inspection/pc1_68GMr2pMr.jpg!m_fill,w_280,h_210,f_jpg?from=ke.com
20241031,通州,通州其它,101124436742,富力尚悦居A区中间矮楼 中间楼层东边户四居室随时看,495万,35891元/平,中楼层 (共10层) | 2015年 | 4室1厅 | 137.92平米 | 东 南 北,https://ke-image.ljcdn.com/110000-inspection/b2c36e81-1bda-48b9-b8cb-b456816808f0_1000.jpg!m_fill,w_280,h_210,f_jpg?from=ke.com
20241031,通州,通州其它,101124435730,泰晤士印象 新小区 南向两居精装修 满五年房主自荐,168万,20246元/平,中楼层 (共11层) 2室1厅 | 82.98平米 | 南,https://ke-image.ljcdn.com/110000-inspection/da2fa3fc-aaaf-4864-9266-2264cd478209_1000.jpg!m_fill,w_280,h_210,f_jpg?from=ke.com
20241031,通州,通州其它,101124387143,次顶层西南北大三居正对花园双地铁,400万,25643元/平,高楼层 (共18层) 3室2厅 | 155.99平米 | 南 西 北,https://ke-image.ljcdn.com/110000-inspection/pc1_o0JFIbxw5.jpg!m_fill,w_280,h_210,f_jpg?from=ke.com
20241031,通州,通州其它,101124383645,亦庄商品房 精装边户全明2居室 南北透通 业主诚意出售,205万,27621元/平,高楼层 (共15层) | 2015年 | 2室1厅 | 74.22平米 | 南 西 北,https://ke-image.ljcdn.com/110000-inspection/2cf25fc5-6c09-4b03-a248-dfc79d05de30_1000.jpg!m_fill,w_280,h_210,f_jpg?from=ke.com
20241031,通州,通州其它,101124376814,此房业主自住装修好拎包入住采光无遮挡带电梯,395万,38753元/平,底层 (共11层) 2室2厅 | 101.93平米 | 南 北,https://ke-image.ljcdn.com/110000-inspection/b7c9a636-07d7-4d0e-a060-5e86c14731cd_1000.jpg!m_fill,w_280,h_210,f_jpg?from=ke.com
20241031,通州,通州其它,101124375223,首开香溪郡 3室1厅 南 北,340万,33591元/平,中楼层 (共8层) | 2015年 | 3室1厅 | 101.22平米 | 南 北,https://ke-image.ljcdn.com/110000-inspection/pc1_SxO0NJgTI_1.jpg!m_fill,w_280,h_210,f_jpg?from=ke.com
20241031,通州,通州其它,101124340866,新月里南北通透3居室 精装修客厅带阳台。,235万,26340元/平,底层 (共10层) 3室2厅 | 89.22平米 | 南 北,https://ke-image.ljcdn.com/110000-inspection/pc1_jimsykPcb.jpg!m_fill,w_280,h_210,f_jpg?from=ke.com
20241031,通州,通州其它,101124339334,首开香溪郡 3室2厅 南 北,378万,37143元/平,顶层 (共8层) 3室2厅 | 101.77平米 | 南 北,https://ke-image.ljcdn.com/110000-inspection/pc1_swlaY0Dgc_1.jpg!m_fill,w_280,h_210,f_jpg?from=ke.com
20241031,通州,通州其它,101124304553,首开国风美仑小区大面积三居双卫边户中楼层房主自荐,399万,33181元/平,中楼层 (共16层) 3室2厅 | 120.25平米 | 东 南 北,https://ke-image.ljcdn.com/110000-inspection/2d6dc5b1-3488-4e1a-b759-9b49967f5b15_1000.jpg!m_fill,w_280,h_210,f_jpg?from=ke.com
20241031,通州,通州其它,101124282830,首开万科台湖新城公园里 万科城市之光,405万,45542元/平,顶层 (共11层) | 2016年 | 3室2厅 | 88.93平米 | 南 北 东,https://ke-image.ljcdn.com/110000-inspection/c8885f44-6cb2-4263-bb57-8e3a182e768d_1000.jpg!m_fill,w_280,h_210,f_jpg?from=ke.com
20241031,通州,通州其它,101124277951,润枫领尚 4室2厅 南 北,730万,42005元/平,低楼层 (共11层) | 2014年 | 4室2厅 | 173.79平米 | 南 北,https://ke-image.ljcdn.com/110000-inspection/eec51b29-f2e1-4a15-8ac7-e62e6a3bc673_1000.jpg!m_fill,w_280,h_210,f_jpg?from=ke.com
20241031,通州,通州其它,101124261469,【大于7小时采光】公馆精装2房.视野千里无遮,412万,50940元/平,低楼层 (共9层) 2室1厅 | 80.88平米 | 南 北,https://ke-image.ljcdn.com/110000-inspection/052cbc81-ed35-40de-917d-fe9278e69cbe_1000.jpg!m_fill,w_280,h_210,f_jpg?from=ke.com
20241031,通州,通州其它,101124242257,首开国风美仑 1室1厅 南 北,165万,32002元/平,底层 (共15层) | 2013年 | 1室1厅 | 51.56平米 | 南 北,https://ke-image.ljcdn.com/110000-inspection/d3fed51e-ac80-4373-b9ba-8526295b9f2e_1000.jpg!m_fill,w_280,h_210,f_jpg?from=ke.com
20241031,通州,通州其它,101124233410,满五唯一  楼层好 明厨 精装修 户型方正,185万,28414元/平,中楼层 (共12层) 2室1厅 | 65.11平米 | 南,https://ke-image.ljcdn.com/110000-inspection/pc1_JFkqdrHbv.jpg!m_fill,w_280,h_210,f_jpg?from=ke.com
20241031,通州,通州其它,101124231848,东亚印象台湖南北通透精装修,199万,27833元/平,低楼层 (共12层) 2室1厅 | 71.5平米 | 南 北,https://ke-image.ljcdn.com/110000-inspection/e213eaed-b5c7-4ca4-992c-8b3ddcbb16f4_1000.jpg!m_fill,w_280,h_210,f_jpg?from=ke.com
20241031,通州,通州其它,101124226357,泰禾拾景园 中式园林 优质生活,680万,53280元/平,低楼层 (共20层) 4室2厅 | 127.63平米 | 南 北,https://ke-image.ljcdn.com/110000-inspection/329cfc56-20e4-4440-9cf2-abc65bb922e9_1000.jpg!m_fill,w_280,h_210,f_jpg?from=ke.com
20241031,通州,通州其它,101124225636,富力尚悦居B区 2室1厅 西 东,180万,24801元/平,顶层 (共15层) | 2014年 | 2室1厅 | 72.58平米 | 西 东,https://ke-image.ljcdn.com/110000-inspection/a6186ee4-4884-4001-a547-3b1e562d353a_1000.jpg!m_fill,w_280,h_210,f_jpg?from=ke.com
20241031,通州,通州其它,101124215867,首开国风美仑满五唯一高楼层精装修,248万,33605元/平,中楼层 (共16层) 2室1厅 | 73.8平米 | 南,https://ke-image.ljcdn.com/110000-inspection/7572b2da-1885-4afa-bfa4-e76b8634fd4f_1000.jpg!m_fill,w_280,h_210,f_jpg?from=ke.com
20241031,通州,通州其它,101124215582,富力尚悦居A区 4室2厅 南 北,558万,33623元/平,中楼层 (共20层) 4室2厅 | 165.96平米 | 南 北,https://ke-image.ljcdn.com/110000-inspection/pc1_s1eXLhgvy_1.jpg!m_fill,w_280,h_210,f_jpg?from=ke.com
20241031,通州,通州其它,101124200771,定海园二里 2室1厅 南 北,450万,44375元/平,中楼层 (共11层) 2室1厅 | 101.41平米 | 南 北,https://ke-image.ljcdn.com/110000-inspection/pc1_itiacGeUO.jpg!m_fill,w_280,h_210,f_jpg?from=ke.com
20241031,通州,通州其它,101124187455,首开缇香郡二期 南北通透 中央空调+地暖 诚心出售房主自荐,485万,33864元/平,顶层 (共2层) | 2017年 | 3室2厅 | 143.22平米 | 南 北,https://ke-image.ljcdn.com/110000-inspection/pc1_an7gDsZHP_1.jpg!m_fill,w_280,h_210,f_jpg?from=ke.com
20241031,通州,通州其它,101124160733,首开缇香郡视野宽阔交通便利配套设施齐全,145万,25605元/平,中楼层 (共16层) 1室1厅 | 56.63平米 | 南,https://ke-image.ljcdn.com/110000-inspection/pc1_M4OzCGveN.jpg!m_fill,w_280,h_210,f_jpg?from=ke.com
20241031,通州,通州其它,101124149064,满五唯一仅契税业主靠谱签约,135万,25211元/平,低楼层 (共22层) | 2015年 | 1室1厅 | 53.55平米 | 南,https://ke-image.ljcdn.com/110000-inspection/pc1_Jap3p2Wh1.jpg!m_fill,w_280,h_210,f_jpg?from=ke.com
20241031,通州,通州其它,101124119819,十里春风 2室1厅 南 北,118万,14460元/平,高楼层 (共27层) 2室1厅 | 81.61平米 | 南 北,https://ke-image.ljcdn.com/110000-inspection/pc1_hRfqT3htW.jpg!m_fill,w_280,h_210,f_jpg?from=ke.com
20241031,通州,通州其它,101124079804,精装修 全明格局 诚意出售 随时签约房主自荐,235万,42138元/平,中楼层 (共18层) | 2012年 | 1室0厅 | 55.77平米 | 西北,https://ke-image.ljcdn.com/110000-inspection/pc1_l6cDJPuKv.jpg!m_fill,w_280,h_210,f_jpg?from=ke.com
20241031,通州,通州其它,101124075856,紫峰九院城 南北通透两居 低楼层出入方便 诚心出售,162万,16426元/平,底层 (共4层) 3室1厅 | 98.63平米 | 南 北,https://ke-image.ljcdn.com/110000-inspection/pc1_1Ae9Kzz9V.jpg!m_fill,w_280,h_210,f_jpg?from=ke.com
20241031,通州,通州其它,101124062758,首开缇香郡二期有社区有电梯采光好,185万,23265元/平,顶层 (共9层) 2室1厅 | 79.52平米 | 南 北,https://ke-image.ljcdn.com/110000-inspection/5e738afa-6678-49a1-99da-7a2728275443_1000.jpg!m_fill,w_280,h_210,f_jpg?from=ke.com
20241031,通州,通州其它,101124055109,十里春风 3室1厅 南 北房主自荐,240万,27289元/平,中楼层 (共4层) | 2020年 | 3室1厅 | 87.95平米 | 南 北,https://ke-image.ljcdn.com/110000-inspection/pc1_mcE6fdfFx.jpg!m_fill,w_280,h_210,f_jpg?from=ke.com
20241031,通州,通州其它,101124046491,首开缇香郡二期楼层好配套设施齐全,185万,22534元/平,低楼层 (共11层) 2室1厅 | 82.1平米 | 南 北,https://ke-image.ljcdn.com/110000-inspection/e5d4fe61-227e-4ebf-aed9-e083deb47e74_1000.jpg!m_fill,w_280,h_210,f_jpg?from=ke.com
20241031,通州,通州其它,101124020862,泰晤士印象 精装大两居 南向 诚心出售 价格可谈,170万,19826元/平,中楼层 (共13层) | 2016年 | 2室1厅 | 85.75平米 | 南,https://ke-image.ljcdn.com/110000-inspection/f498a1cb-8dd1-4999-888b-4958dcf0c8b9_1000.jpg!m_fill,w_280,h_210,f_jpg?from=ke.com
20241031,通州,通州其它,101123987300,东亚印象台湖 满五唯一高楼层两居室精装修 靠谱签约,230万,32496元/平,高楼层 (共12层) 2室1厅 | 70.78平米 | 南 北,https://ke-image.ljcdn.com/110000-inspection/d9465568-e97b-4ab6-b6f6-d7ff85351cf5_1000.jpg!m_fill,w_280,h_210,f_jpg?from=ke.com
20241031,通州,通州其它,101123973175,东亚印象台湖 精装修三居室 出行方便 诚意出售,225万,28869元/平,底层 (共12层) 3室2厅 | 77.94平米 | 东 南 北,https://ke-image.ljcdn.com/110000-inspection/edde4caf-4111-4d45-9a57-51a3a50a547c_1000.jpg!m_fill,w_280,h_210,f_jpg?from=ke.com
20241031,通州,通州其它,101123970818,三居室全明格局客厅大窗户精装修诚意出售,244万,31586元/平,中楼层 (共12层) | 2015年 | 3室1厅 | 77.25平米 | 南 北,https://ke-image.ljcdn.com/110000-inspection/pc1_9KTXcn58c_1.jpg!m_fill,w_280,h_210,f_jpg?from=ke.com
20241031,通州,通州其它,101123956207,首开万科城市之光 高楼层南北通透三居 17号线万科物业,475万,52749元/平,高楼层 (共11层) 3室1厅 | 90.05平米 | 南 北,https://ke-image.ljcdn.com/110000-inspection/3b177c94-2322-4d22-8307-d3825563e259_1000.jpg!m_fill,w_280,h_210,f_jpg?from=ke.com
20241031,通州,通州其它,101123947480,带电梯有地铁南北通透高楼层,496万,59231元/平,中楼层 (共15层) 2室1厅 | 83.74平米 | 南 北,https://ke-image.ljcdn.com/110000-inspection/7ade1159-f0a1-4413-8139-2b483d63873d_1000.jpg!m_fill,w_280,h_210,f_jpg?from=ke.com
20241031,通州,通州其它,101123943106,十里春风出售南北两居室看房基本随时,135万,17061元/平,中楼层 (共27层) | 2020年 | 2室2厅 | 79.13平米 | 南 北,https://ke-image.ljcdn.com/110000-inspection/pc1_jzBCjenpM_1.jpg!m_fill,w_280,h_210,f_jpg?from=ke.com
20241031,通州,通州其它,101123942847,泰晤士印象 精装三居 南北通透 诚心出售 价格可谈,193万,19136元/平,低楼层 (共14层) | 2016年 | 3室1厅 | 100.86平米 | 南 北,https://ke-image.ljcdn.com/110000-inspection/bafc45b0-af9f-49b6-8204-ab0e19a40997_1000.jpg!m_fill,w_280,h_210,f_jpg?from=ke.com
20241031,通州,通州其它,101123935745,富力尚悦居C区中高楼层眼镜户型精装修无遮挡两居室,298万,33715元/平,高楼层 (共20层) | 2015年 | 2室1厅 | 88.39平米 | 南,https://ke-image.ljcdn.com/110000-inspection/pc1_WCztKaXmG_2.jpg!m_fill,w_280,h_210,f_jpg?from=ke.com
20241031,通州,通州其它,101123923687,泰晤士印象  新小区  南北通透大三居 边户全明格局,195万,18428元/平,中楼层 (共11层) | 2016年 | 3室2厅 | 105.82平米 | 南 北,https://ke-image.ljcdn.com/110000-inspection/026c1720-b634-437b-ad40-209536c537a0_1000.jpg!m_fill,w_280,h_210,f_jpg?from=ke.com
20241031,通州,通州其它,101123903519,首开国风美仑5号院带电梯商品房,299万,33319元/平,低楼层 (共16层) | 2014年 | 3室1厅 | 89.74平米 | 南 北,https://ke-image.ljcdn.com/110000-inspection/pc1_HCwqaGt9G.jpg!m_fill,w_280,h_210,f_jpg?from=ke.com
20241031,通州,通州其它,101123877408,首开国风美仑南北通透诚心出售中高楼层视野采光好,320万,35274元/平,顶层 (共14层) | 2013年 | 3室1厅 | 90.72平米 | 南 北,https://ke-image.ljcdn.com/110000-inspection/e9caaadf-6500-4966-ab42-5e69cbc01405_1000.jpg!m_fill,w_280,h_210,f_jpg?from=ke.com
20241031,通州,通州其它,101123848290,定海园一里 2室1厅 南 北,419万,40875元/平,高楼层 (共11层) 2室1厅 | 102.51平米 | 南 北,https://ke-image.ljcdn.com/110000-inspection/14a63c42-509c-4479-9f08-0cc751241727_1000.jpg!m_fill,w_280,h_210,f_jpg?from=ke.com
20241031,通州,通州其它,101123816860,房子看房方便随时签约高楼层采光好满五年唯一,150万,23787元/平,中楼层 (共6层) 2室1厅 | 63.06平米 | 南 北 西,https://ke-image.ljcdn.com/110000-inspection/a26ff564-ce2e-4728-ab22-724302ae7673_1000.jpg!m_fill,w_280,h_210,f_jpg?from=ke.com
20241031,通州,通州其它,101123801584,首开.缇香郡 全南向正规一居室 诚心出售 随时看房,135万,24056元/平,高楼层 (共16层) | 2016年 | 1室1厅 | 56.12平米 | 南,https://ke-image.ljcdn.com/110000-inspection/pc1_gk9poGu2y.jpg!m_fill,w_280,h_210,f_jpg?from=ke.com
20241031,通州,通州其它,101123797357,此房满五年 中间楼层 采光好 视野好,210万,28510元/平,低楼层 (共16层) 2室1厅 | 73.66平米 | 南 北,https://ke-image.ljcdn.com/110000-inspection/f74d35ac-d41c-45a1-8199-d277cf4cba73_1000.jpg!m_fill,w_280,h_210,f_jpg?from=ke.com
20241031,通州,通州其它,101123791593,富力尚悦居A区 2室1厅 南,315万,36804元/平,中楼层 (共15层) 2室1厅 | 85.59平米 | 南,https://ke-image.ljcdn.com/110000-inspection/c7cb1268-8806-4313-b28f-5cc9cf06bd7c_1000.jpg!m_fill,w_280,h_210,f_jpg?from=ke.com
20241031,通州,通州其它,101123710353,台湖银河湾 南北通透三居室 玉石精装修 只有契税,445万,55842元/平,低楼层 (共18层) 3室1厅 | 79.69平米 | 南 北,https://ke-image.ljcdn.com/110000-inspection/d6a14e68-1621-4c6c-99de-e0dc07072946_1000.jpg!m_fill,w_280,h_210,f_jpg?from=ke.com
20241031,通州,通州其它,101123707898,首开缇香郡南北通透两居室业主精装自住房看房提前约,210万,25676元/平,低楼层 (共11层) 2室1厅 | 81.79平米 | 南 北,https://ke-image.ljcdn.com/110000-inspection/pc1_wHh8DetEk.jpg!m_fill,w_280,h_210,f_jpg?from=ke.com
20241031,通州,通州其它,101123682948,满五唯一商品房业主诚心出售。,235万,31363元/平,中楼层 (共16层) | 2014年 | 2室1厅 | 74.93平米 | 南,https://ke-image.ljcdn.com/110000-inspection/pc1_8ptsx1DeF.jpg!m_fill,w_280,h_210,f_jpg?from=ke.com
20241031,通州,通州其它,101123627761,首开国风美仑中高楼层全南两居满五唯一,235万,31363元/平,中楼层 (共16层) | 2014年 | 2室1厅 | 74.93平米 | 南,https://ke-image.ljcdn.com/110000-inspection/6317e3bf-b95a-4126-b69c-06d2acd44851_1000.jpg!m_fill,w_280,h_210,f_jpg?from=ke.com
20241031,通州,通州其它,101123590564,润枫领尚小区 高楼层 视野开阔 全明格局,230万,41234元/平,高楼层 (共18层) | 2013年 | 1室0厅 | 55.78平米 | 西北,https://ke-image.ljcdn.com/110000-inspection/pc1_hIBdeNMOI.jpg!m_fill,w_280,h_210,f_jpg?from=ke.com
20241031,通州,通州其它,101123585242,国风美仑5号院中间楼层相当于满五唯一南北通透,315万,35454元/平,中楼层 (共16层) 3室1厅 | 88.85平米 | 南 北,https://ke-image.ljcdn.com/110000-inspection/pc1_VFxSIl2ze.jpg!m_fill,w_280,h_210,f_jpg?from=ke.com
20241031,通州,通州其它,101123583976,东边户次新房落地窗一梯两户保持的好不临街房主自荐,306万,33705元/平,中楼层 (共8层) 3室1厅 | 90.79平米 | 南 北,https://ke-image.ljcdn.com/110000-inspection/pc1_fxfBuvmY6_1.jpg!m_fill,w_280,h_210,f_jpg?from=ke.com
20241031,通州,通州其它,101123564914,首开国风美仑南北通透三居室 满五唯一 边户明厨明卫,320万,35485元/平,中楼层 (共13层) 3室1厅 | 90.18平米 | 南 北,https://ke-image.ljcdn.com/110000-inspection/2a9defef-f04f-4a96-ba3e-5abb5e20f767_1000.jpg!m_fill,w_280,h_210,f_jpg?from=ke.com
20241031,通州,通州其它,101123551459,翡翠四季A区精装修四居室诚意出售。,800万,62190元/平,低楼层 (共9层) 4室2厅 | 128.64平米 | 南 北,https://ke-image.ljcdn.com/110000-inspection/32b5d694-c988-44fe-9ca2-df4b884f7b56_1000.jpg!m_fill,w_280,h_210,f_jpg?from=ke.com
20241031,通州,通州其它,101123549048,电梯洋房一梯二户 南北通透 前后楼间距不影响采光,323万,31720元/平,顶层 (共8层) 3室2厅 | 101.83平米 | 南 北,https://ke-image.ljcdn.com/110000-inspection/pc1_XwX27tD2T_1.jpg!m_fill,w_280,h_210,f_jpg?from=ke.com
20241031,通州,通州其它,101123545222,东惠家园64.7平米南向正规一室一厅户型好房本满二,195万,30135元/平,底层 (共28层) | 2019年 | 1室1厅 | 64.71平米 | 南,https://ke-image.ljcdn.com/110000-inspection/32840eed-1d07-4dd0-a24c-3f68c712a4bb_1000.jpg!m_fill,w_280,h_210,f_jpg?from=ke.com
20241031,通州,通州其它,101123514319,润枫领尚 南北通透全明格局两居,425万,48644元/平,低楼层 (共16层) | 2012年 | 2室1厅 | 87.37平米 | 南 北,https://ke-image.ljcdn.com/110000-inspection/2f541b72-3f91-4865-87bb-7be5dce682ec_1000.jpg!m_fill,w_280,h_210,f_jpg?from=ke.com
20241031,通州,通州其它,101123498529,首开国风美仑精装修保持好两居室,220万,30233元/平,底层 (共15层) 2室1厅 | 72.77平米 | 南 北,https://ke-image.ljcdn.com/110000-inspection/0d868527-a83b-4f9b-9481-1e3fb19efe1c_1000.jpg!m_fill,w_280,h_210,f_jpg?from=ke.com
20241031,通州,通州其它,101123471576,富力尚悦居B区 南向大面积一居室 中间楼层 商品房,146万,25552元/平,低楼层 (共22层) | 2015年 | 1室1厅 | 57.14平米 | 南,https://ke-image.ljcdn.com/110000-inspection/pc1_FS1KWwkCY.jpg!m_fill,w_280,h_210,f_jpg?from=ke.com
20241031,通州,通州其它,101123463683,首开国风美仑带电梯南北通透靠谱签约,310万,34910元/平,低楼层 (共16层) | 2014年 | 3室1厅 | 88.8平米 | 南 北,https://ke-image.ljcdn.com/110000-inspection/1e799ddc-e0f8-4c93-8b90-0f1492c157d6_1000.jpg!m_fill,w_280,h_210,f_jpg?from=ke.com
20241031,通州,通州其它,101123455004,富力尚悦居A区 全南向2居 精装修 中楼层 无遮挡,299万,33797元/平,中楼层 (共20层) 2室2厅 | 88.47平米 | 南,https://ke-image.ljcdn.com/110000-inspection/d3f2682c-2b61-41fe-b1fe-2f7bd9b4755f_1000.jpg!m_fill,w_280,h_210,f_jpg?from=ke.com
20241031,通州,通州其它,101123433361,通州板块 精装修2居 南向 不临街 采光充足 满五唯一,175万,20524元/平,中楼层 (共14层) | 2016年 | 2室1厅 | 85.27平米 | 南,https://ke-image.ljcdn.com/110000-inspection/940353fe-e977-45ae-b656-357519532ce1_1000.jpg!m_fill,w_280,h_210,f_jpg?from=ke.com
20241031,通州,通州其它,101123397651,富力尚悦居B区 1室0厅 西 南,126万,22028元/平,高楼层 (共15层) | 2015年 | 1室0厅 | 57.2平米 | 西 南,https://ke-image.ljcdn.com/110000-inspection/pc1_nuUMBfBHR.jpg!m_fill,w_280,h_210,f_jpg?from=ke.com
20241031,通州,通州其它,101123372891,首开香溪郡花园洋房社区南北通透正规三居室,365万,35270元/平,中楼层 (共8层) 3室2厅 | 103.49平米 | 南 北,https://ke-image.ljcdn.com/110000-inspection/pc1_S7iNLwicg_1.jpg!m_fill,w_280,h_210,f_jpg?from=ke.com
20241031,通州,通州其它,101123354271,首开香溪郡精装修两居室南北通透,299万,37079元/平,顶层 (共8层) 3室1厅 | 80.64平米 | 南 北,https://ke-image.ljcdn.com/110000-inspection/pc1_Xx9aqbxjA_1.jpg!m_fill,w_280,h_210,f_jpg?from=ke.com
20241031,通州,通州其它,101123349939,万驰家园  经典二居室 南北通透 业主诚售,185万,20513元/平,高楼层 (共6层) 2室1厅 | 90.19平米 | 南 北,https://ke-image.ljcdn.com/110000-inspection/pc1_FNpKrI0Zr.jpg!m_fill,w_280,h_210,f_jpg?from=ke.com
20241031,通州,通州其它,101123324559,十里春风出售南北向两居室楼层好采光佳,120万,14761元/平,高楼层 (共27层) 2室2厅 | 81.3平米 | 南 北,https://ke-image.ljcdn.com/110000-inspection/pc1_Te1LH6rQr.jpg!m_fill,w_280,h_210,f_jpg?from=ke.com
20241031,通州,通州其它,101123316718,南北两居室 明厨明卫 17号线次渠北站700米 满五唯一,328万,30295元/平,中楼层 (共18层) 2室1厅 | 108.27平米 | 南 北,https://ke-image.ljcdn.com/110000-inspection/pc1_FEBJrAE3V.jpg!m_fill,w_280,h_210,f_jpg?from=ke.com
20241031,通州,通州其它,101123292686,东惠家园4号院 2室1厅 南 北,270万,31006元/平,中楼层 (共28层) | 2021年 | 2室1厅 | 87.08平米 | 南 北,https://ke-image.ljcdn.com/110000-inspection/6fb82470-497f-42a2-b86d-13f5d79eb6bd_1000.jpg!m_fill,w_280,h_210,f_jpg?from=ke.com
20241031,通州,通州其它,101123269762,富力尚悦居C区 4室2厅 南 北,490万,35474元/平,中楼层 (共7层) 4室2厅 | 138.13平米 | 南 北,https://ke-image.ljcdn.com/110000-inspection/7666d677-c5bc-461d-a4f3-2f489f8aec07_1000.jpg!m_fill,w_280,h_210,f_jpg?from=ke.com
20241031,通州,通州其它,101123197413,公园沿河项目国企开发电梯洋房项目,420万,35318元/平,中楼层 (共6层) 3室2厅 | 118.92平米 | 南 北,https://ke-image.ljcdn.com/110000-inspection/pc1_hTf6PH4xl_1.jpg!m_fill,w_280,h_210,f_jpg?from=ke.com
20241031,通州,通州其它,101123141775,此房南北通透 格局好 户型方正 无遮挡,380万,36691元/平,高楼层 (共11层) 2室1厅 | 103.57平米 | 南 北,https://ke-image.ljcdn.com/110000-inspection/pc1_KcgvttfKJ.jpg!m_fill,w_280,h_210,f_jpg?from=ke.com
20241031,通州,通州其它,101123135888,定海园一里满五年楼间距宽房子诚心卖,320万,43408元/平,低楼层 (共10层) 1室1厅 | 73.72平米 | 南,https://ke-image.ljcdn.com/110000-inspection/pc1_WvSXdiaLN.jpg!m_fill,w_280,h_210,f_jpg?from=ke.com
20241031,通州,通州其它,101123071913,首开万科城市之光 东边户全明三居 南北通透诚意出售,410万,45289元/平,高楼层 (共9层) | 2016年 | 3室1厅 | 90.53平米 | 南 北,https://ke-image.ljcdn.com/110000-inspection/382eb61d-1f81-4c41-aa95-ca2af1a9008f_1000.jpg!m_fill,w_280,h_210,f_jpg?from=ke.com
20241031,通州,通州其它,101123056622,首开香溪郡南北通透两居室户型方正,285万,36017元/平,顶层 (共8层) | 2017年 | 2室1厅 | 79.13平米 | 南 北,https://ke-image.ljcdn.com/110000-inspection/pc1_u1GGM19jH_1.jpg!m_fill,w_280,h_210,f_jpg?from=ke.com
20241031,通州,通州其它,101123051038,富力尚悦居D区出租拎包入住,139万,26351元/平,低楼层 (共15层) | 2015年 | 1室0厅 | 52.75平米 | 南,https://ke-image.ljcdn.com/110000-inspection/894ad926-e053-4fb9-8dab-492ccc343306_1000.jpg!m_fill,w_280,h_210,f_jpg?from=ke.com
20241031,通州,通州其它,101123046159,富力尚悦居D区 5层边户全明 南北通透 满五唯一,215万,28976元/平,低楼层 (共18层) | 2015年 | 2室1厅 | 74.2平米 | 东 南 北,https://ke-image.ljcdn.com/110000-inspection/97f10233-a8fc-4520-88ec-f459836d015c_1000.jpg!m_fill,w_280,h_210,f_jpg?from=ke.com
20241031,通州,通州其它,101123038798,东亚印象台湖 次新房 精装修 电梯房,200万,30850元/平,底层 (共12层) | 2014年 | 2室1厅 | 64.83平米 | 南 北,https://ke-image.ljcdn.com/110000-inspection/b9b78f2d-7984-4e87-9097-8bf9ccb0e2a4_1000.jpg!m_fill,w_280,h_210,f_jpg?from=ke.com
20241031,通州,通州其它,101123032907,富力尚悦居B区 1室1厅 南,155万,27808元/平,中楼层 (共20层) | 2014年 | 1室1厅 | 55.74平米 | 南,https://ke-image.ljcdn.com/110000-inspection/b49286cf-6b52-4fc9-95d1-c36fefb2e1cf_1000.jpg!m_fill,w_280,h_210,f_jpg?from=ke.com
20241031,通州,通州其它,101123021301,水南西三路1号院东惠家园中间楼层三居室,308万,28786元/平,低楼层 (共26层) | 2019年 | 3室1厅 | 107平米 | 南,https://ke-image.ljcdn.com/110000-inspection/5426284d-e9a6-4406-9e08-e1795e471995_1000.jpg!m_fill,w_280,h_210,f_jpg?from=ke.com
20241031,通州,通州其它,101122982474,南北三居室 精装修 一梯两户 诚心卖 交易只有契税,200万,22520元/平,中楼层 (共5层) 3室1厅 | 88.81平米 | 南 北,https://ke-image.ljcdn.com/110000-inspection/7269a73d-f0c9-41f3-b334-1458d86cdf04_1000.jpg!m_fill,w_280,h_210,f_jpg?from=ke.com
20241031,通州,通州其它,101122963587,石榴集团春风十里 户型好 楼层好,180万,20460元/平,低楼层 (共22层) | 2020年 | 3室2厅 | 87.98平米 | 南 北,https://ke-image.ljcdn.com/110000-inspection/pc1_vPR68CwBF.jpg!m_fill,w_280,h_210,f_jpg?from=ke.com
20241031,通州,通州其它,101122952433,南北通透户型方正两居17号线双线地铁满五唯一,265万,28705元/平,高楼层 (共6层) 2室1厅 | 92.32平米 | 南 北,https://ke-image.ljcdn.com/110000-inspection/82526cd3-08e3-4c15-bab2-b3f0ee024b69_1000.jpg!m_fill,w_280,h_210,f_jpg?from=ke.com
20241031,通州,通州其它,101122909539,东亚印象台湖 优质好房 宜居小区,210万,32373元/平,低楼层 (共10层) 2室1厅 | 64.87平米 | 南,https://ke-image.ljcdn.com/110000-inspection/80454c72-c37d-4353-8709-5ce7dc928b26_1000.jpg!m_fill,w_280,h_210,f_jpg?from=ke.com
20241031,通州,通州其它,101122882501,富力尚悦居A区  精装修电梯房   南北通透,470万,32608元/平,高楼层 (共20层) | 2015年 | 4室2厅 | 144.14平米 | 南 北,https://ke-image.ljcdn.com/110000-inspection/d2611949-3e60-473f-920e-51d9e41127a3_1000.jpg!m_fill,w_280,h_210,f_jpg?from=ke.com
20241031,通州,通州其它,101122860985,一梯两户 南北通透精装修 视野开阔 采光好房主自荐,450万,49973元/平,中楼层 (共11层) 3室1厅 | 90.05平米 | 南 北,https://ke-image.ljcdn.com/110000-inspection/30df8d52-c145-47ad-97ff-e216ae842866_1000.jpg!m_fill,w_280,h_210,f_jpg?from=ke.com
20241031,通州,通州其它,101122844773,小区环境好楼层好视野开阔采光好配套设施完善房主自荐,210万,27199元/平,中楼层 (共22层) | 2020年 | 2室1厅 | 77.21平米 | 南 北,https://ke-image.ljcdn.com/110000-inspection/pc1_m60DbSZpg.jpg!m_fill,w_280,h_210,f_jpg?from=ke.com
20241031,通州,通州其它,101122818101,次新房南北通透三居室双地铁17号线亦庄线,370万,35286元/平,中楼层 (共28层) | 2021年 | 3室1厅 | 104.86平米 | 南 北,https://ke-image.ljcdn.com/110000-inspection/pc1_a2vudrKit_1.jpg!m_fill,w_280,h_210,f_jpg?from=ke.com
20241031,通州,通州其它,101122811246,首开国风美仑5号院 精装全南两居室 满五唯一 带车位房主自荐,268万,36100元/平,中楼层 (共16层) | 2013年 | 2室1厅 | 74.24平米 | 南,https://ke-image.ljcdn.com/110000-inspection/pc1_vNRPki25m.jpg!m_fill,w_280,h_210,f_jpg?from=ke.com
20241031,通州,通州其它,101122810869,楼间距大 无遮挡采光好诚心卖。,470万,38959元/平,底层 (共11层) 3室1厅 | 120.64平米 | 南 北,https://ke-image.ljcdn.com/110000-inspection/81764964-f543-4cd8-a24e-42556f5d68b9_1000.jpg!m_fill,w_280,h_210,f_jpg?from=ke.com
20241031,通州,通州其它,101122802968,台湖银河湾玉石精装业主自住,500万,62097元/平,低楼层 (共18层) 3室1厅 | 80.52平米 | 南 北,https://ke-image.ljcdn.com/110000-inspection/695df202-eb25-4cf9-bb3f-74d9525e4793_1000.jpg!m_fill,w_280,h_210,f_jpg?from=ke.com
20241031,通州,通州其它,101122750113,首开缇香郡配套设施齐全视野宽阔房主自荐,275万,31021元/平,底层 (共11层) 3室1厅 | 88.65平米 | 南 北,https://ke-image.ljcdn.com/110000-inspection/97276962-f006-456f-b9b0-06cf33c34c5f_1000.jpg!m_fill,w_280,h_210,f_jpg?from=ke.com
20241031,通州,通州其它,101122740567,万科精装 南北通透三居  明厨明卫,490万,53681元/平,低楼层 (共17层) | 2016年 | 3室1厅 | 91.28平米 | 南 北,https://ke-image.ljcdn.com/110000-inspection/f471cca2-5932-41b0-88b5-e765484c32f6_1000.jpg!m_fill,w_280,h_210,f_jpg?from=ke.com
20241031,通州,通州其它,101122734118,富力尚悦居B区  电梯房 精装修,128万,24522元/平,中楼层 (共15层) | 2014年 | 1室1厅 | 52.2平米 | 西南,https://ke-image.ljcdn.com/110000-inspection/21bc03b7-1ac3-46ae-b0ad-cbea133c5951_1000.jpg!m_fill,w_280,h_210,f_jpg?from=ke.com
20241031,通州,通州其它,101122731096,首开南区中间不临街保持的好采光充足明厨明卫房主自荐,329万,31825元/平,中楼层 (共8层) | 2017年 | 3室2厅 | 103.38平米 | 南 北,https://ke-image.ljcdn.com/110000-inspection/pc1_pNUh5kU7N_1.jpg!m_fill,w_280,h_210,f_jpg?from=ke.com
20241031,通州,通州其它,101122728221,房子满两年 南北通透 楼间距大采光好 精装修,498万,59477元/平,高楼层 (共14层) 2室2厅 | 83.73平米 | 南 北,https://ke-image.ljcdn.com/110000-inspection/58a4ca1a-4ca7-4c68-b834-8a6c421d03b9_1000.jpg!m_fill,w_280,h_210,f_jpg?from=ke.com
20241031,通州,通州其它,101122724292,首开香溪郡 精装修 南北通透 花园洋房,215万,30316元/平,底层 (共8层) 2室1厅 | 70.92平米 | 南 北,https://ke-image.ljcdn.com/110000-inspection/pc1_dWaOS4zTt_1.jpg!m_fill,w_280,h_210,f_jpg?from=ke.com
20241031,通州,通州其它,101122696492,富力尚悦居D区 中间层 南北通透 边户全明满五唯一,223万,30054元/平,中楼层 (共18层) | 2015年 | 2室1厅 | 74.2平米 | 南 东 北,https://ke-image.ljcdn.com/110000-inspection/f57d116e-da19-4a7f-814b-9feae0863aec_1000.jpg!m_fill,w_280,h_210,f_jpg?from=ke.com
20241031,通州,通州其它,101122687573,泰晤士印象 满五唯一 精装三居 环保材料 诚心出售房主自荐,229万,20964元/平,低楼层 (共13层) | 2016年 | 3室2厅 | 109.24平米 | 南 北,https://ke-image.ljcdn.com/110000-inspection/848113dd-60ec-4f74-b7ca-9dde71150489_1000.jpg!m_fill,w_280,h_210,f_jpg?from=ke.com
20241031,通州,通州其它,101122687060,四个阳台明厨明卫满五唯一楼间距适中房主自荐,315万,31182元/平,低楼层 (共8层) 3室2厅 | 101.02平米 | 南 北,https://ke-image.ljcdn.com/110000-inspection/pc1_5yjxTwE8s_2.jpg!m_fill,w_280,h_210,f_jpg?from=ke.com
20241031,通州,通州其它,101122684973,东亚印象台湖。高楼层南北通透,182万,28170元/平,高楼层 (共12层) 2室1厅 | 64.61平米 | 南 北,https://ke-image.ljcdn.com/110000-inspection/5e063ce7-f2ae-42ec-8ae0-6b0017f950e1_1000.jpg!m_fill,w_280,h_210,f_jpg?from=ke.com
20241031,通州,通州其它,101122674323,富力尚悦居A区 4室2厅 南 北 东,518万,35925元/平,低楼层 (共20层) | 2015年 | 4室2厅 | 144.19平米 | 南 北 东,https://ke-image.ljcdn.com/110000-inspection/5706873d-87da-4b58-bf12-64908c8b9653_1000.jpg!m_fill,w_280,h_210,f_jpg?from=ke.com
20241031,通州,通州其它,101122662957,此房不临街全明格局南北通透双明卫人车分流,425万,35420元/平,低楼层 (共16层) | 2014年 | 3室1厅 | 119.99平米 | 南 北,https://ke-image.ljcdn.com/110000-inspection/8aa6a735-e24f-4938-b4a8-1ff156397ef1_1000.jpg!m_fill,w_280,h_210,f_jpg?from=ke.com
20241031,通州,通州其它,101122662039,南北通透 格局好 看房随时 楼层视野挺好房主自荐,169万,18739元/平,顶层 (共6层) 2室2厅 | 90.19平米 | 南 北,https://ke-image.ljcdn.com/110000-inspection/0774ffab-442b-4b4a-ab57-8d2c34a5e243_1000.jpg!m_fill,w_280,h_210,f_jpg?from=ke.com
20241031,通州,通州其它,101122618096,首开物业 近公园 电梯洋房 绿化30 人车分流,298万,32881元/平,中楼层 (共8层) 3室1厅 | 90.63平米 | 南 北,https://ke-image.ljcdn.com/110000-inspection/pc1_HZcPFwCyi.jpg!m_fill,w_280,h_210,f_jpg?from=ke.com
20241031,通州,通州其它,101122563713,富力尚悦居A区 满五唯一 南北通透三居 采光好房主自荐,388万,33857元/平,中楼层 (共15层) | 2015年 | 3室2厅 | 114.6平米 | 南 北,https://ke-image.ljcdn.com/110000-inspection/456e9b28-961a-4127-ae4c-02e1b9f22889_1000.jpg!m_fill,w_280,h_210,f_jpg?from=ke.com
20241031,通州,通州其它,101122548825,首开国风美仑满五年唯一 南北通透  价格可聊 随时看房,307万,34534元/平,低楼层 (共16层) 3室1厅 | 88.9平米 | 南 北,https://ke-image.ljcdn.com/110000-inspection/586a4dbc-3a4e-4aec-a27b-26ebbafc4b34_1000.jpg!m_fill,w_280,h_210,f_jpg?from=ke.com
20241031,通州,通州其它,101122538924,首开万科城市之光 业主诚意出售 边户 小区中间位置,460万,51426元/平,中楼层 (共11层) 3室2厅 | 89.45平米 | 南 北,https://ke-image.ljcdn.com/110000-inspection/pc1_X40Nena6w.jpg!m_fill,w_280,h_210,f_jpg?from=ke.com
20241031,通州,通州其它,101122536843,首开万科城市之光 南北通透三居 全明边户 诚意出售,442万,49414元/平,顶层 (共8层) 3室1厅 | 89.45平米 | 南 北,https://ke-image.ljcdn.com/110000-inspection/pc1_W8xIs8VHt_1.jpg!m_fill,w_280,h_210,f_jpg?from=ke.com
20241031,通州,通州其它,101122503396,定海园一里  南北通透 高楼层 精装修,414万,40179元/平,中楼层 (共11层) | 2010年 | 2室2厅 | 103.04平米 | 南 北,https://ke-image.ljcdn.com/110000-inspection/699c28f4-04f6-4618-a8e4-b850f66c3527_1000.jpg!m_fill,w_280,h_210,f_jpg?from=ke.com
20241031,通州,通州其它,101122498041,富力尚悦居B区 信创园附近 南向一居室,155万,29694元/平,低楼层 (共20层) | 2014年 | 1室0厅 | 52.2平米 | 南,https://ke-image.ljcdn.com/110000-inspection/pc1_DgLyJ5eRA.jpg!m_fill,w_280,h_210,f_jpg?from=ke.com
20241031,通州,通州其它,101122469935,富力尚悦居B区 2室1厅 东 西,190万,26233元/平,顶层 (共15层) | 2014年 | 2室1厅 | 72.43平米 | 东 西,https://ke-image.ljcdn.com/110000-inspection/64a99f21-857a-4fde-b98e-6945156f570c_1000.jpg!m_fill,w_280,h_210,f_jpg?from=ke.com
20241031,通州,通州其它,101122415865,台湖银河湾高楼层视野好采光充足,377万,70587元/平,中楼层 (共18层) 1室2厅 | 53.41平米 | 南,https://ke-image.ljcdn.com/110000-inspection/cdb62a15-ef1a-46fe-9a27-5973774d5282_1000.jpg!m_fill,w_280,h_210,f_jpg?from=ke.com
20241031,通州,通州其它,101122399236,首付20%  临小中河近东郊湿地公园 电梯洋房,299万,37734元/平,顶层 (共8层) 2室1厅 | 79.24平米 | 南 北,https://ke-image.ljcdn.com/110000-inspection/pc1_IUtbKuAyg_1.jpg!m_fill,w_280,h_210,f_jpg?from=ke.com
20241031,通州,通州其它,101122395243,润枫领尚一居室 满五唯一 高楼层 全明格局,234万,41951元/平,高楼层 (共18层) | 2013年 | 1室0厅 | 55.78平米 | 西北,https://ke-image.ljcdn.com/110000-inspection/56d112ac-951a-4661-bebf-76e1e5719be9_1000.jpg!m_fill,w_280,h_210,f_jpg?from=ke.com
20241031,通州,通州其它,101122279250,翡翠四季C区 优质好房 高档小区 真诚出售,850万,70716元/平,中楼层 (共15层) 3室1厅 | 120.2平米 | 南 北,https://ke-image.ljcdn.com/110000-inspection/00a466ba-04d0-472f-a663-b78ac3d50f42_1000.jpg!m_fill,w_280,h_210,f_jpg?from=ke.com
20241031,通州,通州其它,101122278760,台湖·银河湾 优质好房 品质好,370万,67704元/平,低楼层 (共9层) 1室1厅 | 54.65平米 | 南,https://ke-image.ljcdn.com/110000-inspection/2968c760-baa0-474d-b841-3710acfdf613_1000.jpg!m_fill,w_280,h_210,f_jpg?from=ke.com
20241031,通州,通州其它,101122270249,高楼层无遮挡采光好诚心卖。,458万,37739元/平,顶层 (共11层) 3室2厅 | 121.36平米 | 南 北,https://ke-image.ljcdn.com/110000-inspection/8fa1fadf-6f76-4b44-b731-0f9e467e899e_1000.jpg!m_fill,w_280,h_210,f_jpg?from=ke.com
20241031,通州,通州其它,101122264622,东惠家园 次顶楼  南北通透  视野采光很好,339万,31462元/平,高楼层 (共28层) | 2019年 | 3室1厅 | 107.75平米 | 南 北,https://ke-image.ljcdn.com/110000-inspection/pc1_OChAyY42a.jpg!m_fill,w_280,h_210,f_jpg?from=ke.com
20241031,通州,通州其它,101122256124,首开香溪郡边户型主卧有阳台精装修南北通透房主自荐,358万,33676元/平,中楼层 (共8层) 3室2厅 | 106.31平米 | 南 北,https://ke-image.ljcdn.com/110000-inspection/pc1_gxu5D0Mre.jpg!m_fill,w_280,h_210,f_jpg?from=ke.com
20241031,通州,通州其它,101122234370,泰禾拾景园 南北通透 开发商精装修 有新风和地暖,699万,55083元/平,中楼层 (共6层) 3室2厅 | 126.9平米 | 南 北,https://ke-image.ljcdn.com/110000-inspection/192a57a4-a78e-4260-972d-baab8c32be5f_1000.jpg!m_fill,w_280,h_210,f_jpg?from=ke.com
20241031,通州,通州其它,101122224486,首开香溪郡 3室2厅 南 北房主自荐,400万,35946元/平,顶层 (共6层) 3室2厅 | 111.28平米 | 南 北,https://ke-image.ljcdn.com/110000-inspection/pc1_nRKz4JyS7.jpg!m_fill,w_280,h_210,f_jpg?from=ke.com
20241031,通州,通州其它,101122194237,台湖·银河湾 高档优质小区 好房,530万,66011元/平,低楼层 (共18层) 3室2厅 | 80.29平米 | 南 北,https://ke-image.ljcdn.com/110000-inspection/2f6b4a9d-10b6-48b7-baed-83469b972cd6_1000.jpg!m_fill,w_280,h_210,f_jpg?from=ke.com
20241031,通州,通州其它,101122187457,东惠家园 3室1厅 南,340万,31546元/平,中楼层 (共28层) | 2019年 | 3室1厅 | 107.78平米 | 南,https://ke-image.ljcdn.com/110000-inspection/f4544fff-f574-4dac-b84f-8474d266eea6_1000.jpg!m_fill,w_280,h_210,f_jpg?from=ke.com
20241031,通州,通州其它,101122165713,房子满两年 南北通透 楼间距大采光好 精装修,595万,64304元/平,高楼层 (共14层) 3室1厅 | 92.53平米 | 东 南 北,https://ke-image.ljcdn.com/110000-inspection/60672aba-3bd3-49fc-a707-43cdc84b3b30_1000.jpg!m_fill,w_280,h_210,f_jpg?from=ke.com
20241031,通州,通州其它,101122154755,房子无遮挡南北通透精装修采光好,430万,47310元/平,低楼层 (共18层) 3室1厅 | 90.89平米 | 南 北,https://ke-image.ljcdn.com/110000-inspection/a54326d1-7e63-4dd7-b9bb-0d1e18d2c4c8_1000.jpg!m_fill,w_280,h_210,f_jpg?from=ke.com
20241031,通州,通州其它,101122142333,定海园三里楼层高采光好业主诚心卖价格合适,298万,38314元/平,中楼层 (共11层) 1室1厅 | 77.78平米 | 南 北,https://ke-image.ljcdn.com/110000-inspection/142364ed-2f9c-46af-b6d5-5940cf166501_1000.jpg!m_fill,w_280,h_210,f_jpg?from=ke.com
20241031,通州,通州其它,101122130475,海盛四街6号院 台湖银河湾 优质好房,610万,75655元/平,高楼层 (共9层) 3室2厅 | 80.63平米 | 南 北,https://ke-image.ljcdn.com/110000-inspection/d95a3ac2-d418-423e-92cb-2dc49a5b0f60_1000.jpg!m_fill,w_280,h_210,f_jpg?from=ke.com
20241031,通州,通州其它,101122080974,业主诚意出售 次新房 全南向精装修 视野开阔 采光好,398万,52102元/平,低楼层 (共21层) 2室1厅 | 76.39平米 | 南,https://ke-image.ljcdn.com/110000-inspection/5160740d-cb0c-4ebd-a0fd-5c76d789969a_1000.jpg!m_fill,w_280,h_210,f_jpg?from=ke.com
20241031,通州,通州其它,101122008916,满五唯一、南北通透、视野开阔、交通便利、稳定签约,410万,36529元/平,中楼层 (共20层) | 2015年 | 3室2厅 | 112.24平米 | 南 北,https://ke-image.ljcdn.com/110000-inspection/508d732a-209c-40db-b9b3-9571b99632e8_1000.jpg!m_fill,w_280,h_210,f_jpg?from=ke.com
20241031,通州,通州其它,101121971052,东惠家园4号院 87平米南北通透两居室户 户型方正,270万,31006元/平,低楼层 (共28层) | 2021年 | 2室1厅 | 87.08平米 | 南 北,https://ke-image.ljcdn.com/110000-inspection/4580f411-cc85-4855-a966-99f828bc96c3_1000.jpg!m_fill,w_280,h_210,f_jpg?from=ke.com
20241031,通州,通州其它,101121626388,南北通透精装修小三居边户全明格局,430万,48457元/平,低楼层 (共18层) | 2013年 | 3室1厅 | 88.74平米 | 东 南 北,https://ke-image.ljcdn.com/110000-inspection/9bd0305d-47e1-4f99-a4e6-f416ed115a30_1000.jpg!m_fill,w_280,h_210,f_jpg?from=ke.com
20241031,通州,通州其它,101121212970,富力尚悦居D区 商品房 南向一居 可贷款 有电梯,130万,24810元/平,低楼层 (共18层) | 2015年 | 1室1厅 | 52.4平米 | 南,https://ke-image.ljcdn.com/110000-inspection/97d58b42-8f3c-4d79-aa1b-287df096e453_1000.jpg!m_fill,w_280,h_210,f_jpg?from=ke.com
20241031,通州,通州其它,101121198936,精装一居商品房70年产权  高楼层 采光好 诚意出售,165万,30790元/平,中楼层 (共22层) | 2015年 | 1室1厅 | 53.59平米 | 南,https://ke-image.ljcdn.com/110000-inspection/pc1_flTFEeRD9.jpg!m_fill,w_280,h_210,f_jpg?from=ke.com
20241031,通州,通州其它,101121195713,南北通透 格局好 看房随时 楼层视野挺好,195万,21622元/平,中楼层 (共6层) 2室1厅 | 90.19平米 | 南 北,https://ke-image.ljcdn.com/110000-inspection/pc1_19ECVLG9Y_1.jpg!m_fill,w_280,h_210,f_jpg?from=ke.com
20241031,通州,通州其它,101121173118,三居室 原 值高 楼层好 有钥匙看房随时  随时能住,230万,18294元/平,中楼层 (共6层) | 2009年 | 3室1厅 | 125.73平米 | 南 北,https://ke-image.ljcdn.com/110000-inspection/pc1_oiV94waJz.jpg!m_fill,w_280,h_210,f_jpg?from=ke.com
20241031,通州,通州其它,101121145612,富力尚悦居C区 3室2厅 南 北,420万,37655元/平,低楼层 (共20层) | 2015年 | 3室2厅 | 111.54平米 | 南 北,https://ke-image.ljcdn.com/110000-inspection/116e3fa9-1f53-4e9e-884b-e5d07241f7e0_1000.jpg!m_fill,w_280,h_210,f_jpg?from=ke.com
20241031,通州,通州其它,101121132714,富力尚悦居A区 4室2厅 南 北,800万,41537元/平,中楼层 (共20层) 4室2厅 | 192.6平米 | 南 北,https://ke-image.ljcdn.com/110000-inspection/70e38c2b-6357-49ad-93b2-a43b5c41442c_1000.jpg!m_fill,w_280,h_210,f_jpg?from=ke.com
20241031,通州,通州其它,101121127617,公园沿河项目国企开发电梯洋房项目,310万,29952元/平,中楼层 (共8层) | 2016年 | 3室2厅 | 103.5平米 | 南 北,https://ke-image.ljcdn.com/110000-inspection/0a3e614d-d3bc-471d-8070-031a3ce6200d_1000.jpg!m_fill,w_280,h_210,f_jpg?from=ke.com
20241031,通州,通州其它,101121104420,富力尚悦居A区  精装修  有电梯,345万,38984元/平,低楼层 (共20层) | 2015年 | 2室1厅 | 88.5平米 | 南,https://ke-image.ljcdn.com/110000-inspection/pc1_7Nn8Liriv.jpg!m_fill,w_280,h_210,f_jpg?from=ke.com
20241031,通州,通州其它,101121088807,玉石精装 南向一居 视野好 采光佳,350万,64696元/平,中楼层 (共11层) 1室1厅 | 54.1平米 | 南,https://ke-image.ljcdn.com/110000-inspection/pc1_TNO3MZYZ4.jpg!m_fill,w_280,h_210,f_jpg?from=ke.com
20241031,通州,通州其它,101121071037,首开香溪郡 南北通透四居室 带电梯临水系,537万,40722元/平,中楼层 (共5层) 4室2厅 | 131.87平米 | 南 北,https://ke-image.ljcdn.com/110000-inspection/pc1_nsxLdPC8b.jpg!m_fill,w_280,h_210,f_jpg?from=ke.com
20241031,通州,通州其它,101120964769,定海园二里楼层矮适合老人居住采光好楼间距大,299万,40976元/平,底层 (共11层) 1室1厅 | 72.97平米 | 南,https://ke-image.ljcdn.com/110000-inspection/pc1_ZlCZhO5JW.jpg!m_fill,w_280,h_210,f_jpg?from=ke.com
20241031,通州,通州其它,101120905812,富力尚悦居C区 全明格局四居室  满五年唯一,550万,39818元/平,高楼层 (共7层) 4室2厅 | 138.13平米 | 南 北,https://ke-image.ljcdn.com/110000-inspection/pc1_qnPb7P9sz_1.jpg!m_fill,w_280,h_210,f_jpg?from=ke.com
20241031,通州,通州其它,101120895791,翡翠四季C区万科开发精装修,679万,56485元/平,中楼层 (共15层) 3室2厅 | 120.21平米 | 南 北,https://ke-image.ljcdn.com/110000-inspection/518e7af0-0646-4cc0-a9cd-dfe077462681_1000.jpg!m_fill,w_280,h_210,f_jpg?from=ke.com
20241031,通州,通州其它,101120811693,富力尚悦居A区 明厨明卫 中高楼层,542万,37603元/平,中楼层 (共20层) 4室2厅 | 144.14平米 | 南 西 北,https://ke-image.ljcdn.com/110000-inspection/a2ebd29b-0de8-4f25-b3f0-1497e384c134_1000.jpg!m_fill,w_280,h_210,f_jpg?from=ke.com
20241031,通州,通州其它,101120475092,东惠家园 新小区 电梯房 南北通透,325万,36317元/平,低楼层 (共28层) 2室1厅 | 89.49平米 | 南 北,https://ke-image.ljcdn.com/110000-inspection/pc1_1uTlRP1Pm.jpg!m_fill,w_280,h_210,f_jpg?from=ke.com
20241031,通州,通州其它,101120348089,富力尚悦居B区边户两居已转商,245万,32520元/平,低楼层 (共22层) | 2015年 | 2室1厅 | 75.34平米 | 南 西 北,https://ke-image.ljcdn.com/110000-inspection/pc1_1iMawgu6U.jpg!m_fill,w_280,h_210,f_jpg?from=ke.com
20241031,通州,通州其它,101120324849,富力尚悦居B区 南向精装修 采光充足无遮挡 电梯房房主自荐,136万,25397元/平,低楼层 (共22层) | 2015年 | 1室1厅 | 53.55平米 | 南,https://ke-image.ljcdn.com/110000-inspection/pc1_rLYHwDaKi.jpg!m_fill,w_280,h_210,f_jpg?from=ke.com
20241031,通州,通州其它,101120123691,石榴十里春风 户型好 楼层很好 采光好,115万,15596元/平,中楼层 (共27层) | 2020年 | 2室1厅 | 73.74平米 | 西南,https://ke-image.ljcdn.com/110000-inspection/791f986e-ab7b-450d-a460-0f9c2d9fde17_1000.jpg!m_fill,w_280,h_210,f_jpg?from=ke.com
20241031,通州,通州其它,101120084716,泰禾拾景园两居室 全南向 精装修,420万,48997元/平,低楼层 (共20层) 2室1厅 | 85.72平米 | 南,https://ke-image.ljcdn.com/110000-inspection/8e1c1220-7591-4434-b2f0-e06d0bde7c93_1000.jpg!m_fill,w_280,h_210,f_jpg?from=ke.com
20241031,通州,通州其它,101119898791,精装修花园洋房小中河水系多阳台房主自荐,269万,30053元/平,中楼层 (共8层) 2室2厅 | 89.51平米 | 南 北,https://ke-image.ljcdn.com/110000-inspection/38cdb801-e6a6-4c20-a1cf-b1d7ccebe157_1000.jpg!m_fill,w_280,h_210,f_jpg?from=ke.com
20241031,通州,通州其它,101119723191,满五年唯一只有一个契税  商品房 拎包入住,155万,15856元/平,中楼层 (共4层) 2室1厅 | 97.76平米 | 南 北,https://ke-image.ljcdn.com/110000-inspection/pc1_E7Wo2wV5V_1.jpg!m_fill,w_280,h_210,f_jpg?from=ke.com
20241031,通州,通州其它,101119690525,富力尚悦居C区 南北通透边户四居 高楼层,520万,38253元/平,高楼层 (共20层) | 2015年 | 4室2厅 | 135.94平米 | 南 西 北,https://ke-image.ljcdn.com/110000-inspection/pc1_azDa6K50W.jpg!m_fill,w_280,h_210,f_jpg?from=ke.com
20241031,通州,通州其它,101119658550,首付20%  临小中河近东郊湿地公园 电梯洋房,319万,38841元/平,底层 (共6层) 2室1厅 | 82.13平米 | 南 北,https://ke-image.ljcdn.com/110000-inspection/pc1_hah9UzUbO_2.jpg!m_fill,w_280,h_210,f_jpg?from=ke.com
20241031,通州,通州其它,101119652810,十里春风 2室2厅 南 北,140万,17155元/平,高楼层 (共27层) 2室2厅 | 81.61平米 | 南 北,https://ke-image.ljcdn.com/110000-inspection/pc1_zDmOGzJOr.jpg!m_fill,w_280,h_210,f_jpg?from=ke.com
20241031,通州,通州其它,101119613981,富力尚悦居D区 南向 高楼层1室1厅,159万,30642元/平,顶层 (共18层) | 2015年 | 1室1厅 | 51.89平米 | 南,https://ke-image.ljcdn.com/110000-inspection/pc1_1gV5tmInp_2.jpg!m_fill,w_280,h_210,f_jpg?from=ke.com
20241031,通州,通州其它,101119600442,富力尚悦居A区 中间层 精装修 随时看房诚心卖,528万,38878元/平,中楼层 (共20层) | 2015年 | 3室2厅 | 135.81平米 | 南 北,https://ke-image.ljcdn.com/110000-inspection/pc1_42uSVXDC4.jpg!m_fill,w_280,h_210,f_jpg?from=ke.com
20241031,通州,通州其它,101119537197,北区双卫全明三居精装修五阳台楼前无遮挡采光棒,430万,35915元/平,中楼层 (共6层) 3室2厅 | 119.73平米 | 南 北,https://ke-image.ljcdn.com/110000-inspection/b8b7f06e-e040-4395-98fb-f1759f60c890_1000.jpg!m_fill,w_280,h_210,f_jpg?from=ke.com
20241031,通州,通州其它,101119242803,富力尚悦居A区 4室2厅 南 西 北,800万,41537元/平,顶层 (共20层) 4室2厅 | 192.6平米 | 南 西 北,https://ke-image.ljcdn.com/110000-inspection/bd67b923-7288-4136-897f-e7739ebba172_1000.jpg!m_fill,w_280,h_210,f_jpg?from=ke.com
20241031,通州,通州其它,101119218950,富力尚悦居A区 精装3居 拎包入住 满五唯一房主自荐,393万,35027元/平,低楼层 (共20层) 3室2厅 | 112.2平米 | 南 北,https://ke-image.ljcdn.com/110000-inspection/c9579bc6-fc24-48e6-8960-225e36d36f8d_1000.jpg!m_fill,w_280,h_210,f_jpg?from=ke.com
20241031,通州,通州其它,101119096009,富力尚悦居B区 南向一居室 高楼层 诚意出售,150万,26906元/平,高楼层 (共14层) | 2014年 | 1室1厅 | 55.75平米 | 南,https://ke-image.ljcdn.com/110000-inspection/pc1_xfuJmbB3u.jpg!m_fill,w_280,h_210,f_jpg?from=ke.com
20241031,通州,通州其它,101118943604,十里春风 2室1厅 南 北,160万,20616元/平,高楼层 (共18层) | 2020年 | 2室1厅 | 77.61平米 | 南 北,https://ke-image.ljcdn.com/110000-inspection/pc1_IUdqqEsyv_1.jpg!m_fill,w_280,h_210,f_jpg?from=ke.com
20241031,通州,通州其它,101118925976,富力尚悦居A区 满五唯一 精装修 带电梯,375万,33423元/平,低楼层 (共20层) 3室2厅 | 112.2平米 | 南 北,https://ke-image.ljcdn.com/110000-inspection/pc1_VkH5QydMB_1.jpg!m_fill,w_280,h_210,f_jpg?from=ke.com
20241031,通州,通州其它,101118908292,6环内：一梯两户人车分流精装修总高6层有电梯！,298万,36923元/平,中楼层 (共6层) 2室1厅 | 80.71平米 | 南 北,https://ke-image.ljcdn.com/110000-inspection/f7ceec07-352f-4002-9614-7876093b493a_1000.jpg!m_fill,w_280,h_210,f_jpg?from=ke.com
20241031,通州,通州其它,101118902455,本房满五唯一业主自住精装修诚心出售,308万,34701元/平,中楼层 (共16层) 3室1厅 | 88.76平米 | 南 北,https://ke-image.ljcdn.com/110000-inspection/5d5ae725-42b3-47a5-ad7c-d05a8d0789fa_1000.jpg!m_fill,w_280,h_210,f_jpg?from=ke.com
20241031,通州,通州其它,101118776578,首开国风美仑全南两居精装修诚意出售,259万,34566元/平,中楼层 (共16层) | 2014年 | 2室1厅 | 74.93平米 | 南,https://ke-image.ljcdn.com/110000-inspection/pc1_wDVQRo4Nn.jpg!m_fill,w_280,h_210,f_jpg?from=ke.com
20241031,通州,通州其它,101118273508,台湖银河湾 玉石精装 业主诚意出售 中间楼层,530万,66358元/平,中楼层 (共18层) 3室1厅 | 79.87平米 | 南 北,https://ke-image.ljcdn.com/110000-inspection/bb1b1967-c3ed-4171-a0ec-187edb90f98b_1000.jpg!m_fill,w_280,h_210,f_jpg?from=ke.com
20241031,通州,通州其它,101118192744,台湖银河湾玉石精装修优质住宅。,620万,77000元/平,低楼层 (共18层) 3室2厅 | 80.52平米 | 南 北,https://ke-image.ljcdn.com/110000-inspection/pc1_O4bHxuQi7.jpg!m_fill,w_280,h_210,f_jpg?from=ke.com
20241031,通州,通州其它,101118145022,泰禾一号公馆眼镜户型主卧和次卧朝南,678万,55176元/平,底层 (共11层) 3室2厅 | 122.88平米 | 南 北,https://ke-image.ljcdn.com/110000-inspection/8277d0e5-796e-4ca5-b0e4-0efe58c3391d_1000.jpg!m_fill,w_280,h_210,f_jpg?from=ke.com
20241031,通州,通州其它,101117984899,通州区兴贸二区富力尚悦居C区三居室,400万,35862元/平,中楼层 (共20层) | 2015年 | 3室2厅 | 111.54平米 | 北 南,https://ke-image.ljcdn.com/110000-inspection/5ed8d5b3-24ae-4bb3-a444-d3b28f505fcd_1000.jpg!m_fill,w_280,h_210,f_jpg?from=ke.com
20241031,通州,通州其它,101117974996,通州徐辛庄两居室 。满五唯一！,185万,26305元/平,中楼层 (共6层) 2室1厅 | 70.33平米 | 东 西,https://ke-image.ljcdn.com/110000-inspection/pc1_IsBGctke1_1.jpg!m_fill,w_280,h_210,f_jpg?from=ke.com
20241031,通州,通州其它,101117932149,徐辛庄 3室1厅 南 西,218万,26009元/平,中楼层 (共6层) 3室1厅 | 83.82平米 | 南 西,https://ke-image.ljcdn.com/110000-inspection/ce7962c6-d378-4204-9d28-909188c2f574_1000.jpg!m_fill,w_280,h_210,f_jpg?from=ke.com
20241031,通州,通州其它,101117720062,次新房 南北通透 东边户 业主诚意出售,820万,66306元/平,中楼层 (共15层) 4室2厅 | 123.67平米 | 南 北,https://ke-image.ljcdn.com/110000-inspection/pc1_gulu0VdJr.jpg!m_fill,w_280,h_210,f_jpg?from=ke.com
20241031,通州,通州其它,101117694853,万驰家园南北通透的两居室H户型采光好！,165万,18664元/平,高楼层 (共6层) 2室2厅 | 88.41平米 | 南 北,https://ke-image.ljcdn.com/110000-inspection/dde47e1b-dd20-443f-b651-94b1800fad59_1000.jpg!m_fill,w_280,h_210,f_jpg?from=ke.com
20241031,通州,通州其它,101117669463,富力尚悦居B区 边户2居 南北通透 有电梯 采光充足,220万,29201元/平,中楼层 (共22层) | 2015年 | 2室1厅 | 75.34平米 | 南 西 北,https://ke-image.ljcdn.com/110000-inspection/3cfc4cc5-b453-4f2f-9b6c-af365fdcdf10_1000.jpg!m_fill,w_280,h_210,f_jpg?from=ke.com
20241031,通州,通州其它,101117395332,电梯板楼中间楼层全屋地暖中央空调三阳户型。,500万,39039元/平,中楼层 (共5层) 4室2厅 | 128.08平米 | 南 北,https://ke-image.ljcdn.com/110000-inspection/64730d6e-281e-4aaa-b452-7f8e89168c3f_1000.jpg!m_fill,w_280,h_210,f_jpg?from=ke.com
20241031,通州,通州其它,101116951907,上叠精装修别墅 欧式风格 带车位,1130万,44248元/平,中楼层 (共4层) 4室1厅 | 255.38平米 | 南 北,https://ke-image.ljcdn.com/110000-inspection/e0bfd5ab-0454-4346-9000-9494ce8def64_1000.jpg!m_fill,w_280,h_210,f_jpg?from=ke.com
20241031,通州,通州其它,101116409068,徐辛庄正规三居室 业主急售 南北通透！,280万,30854元/平,中楼层 (共6层) 3室1厅 | 90.75平米 | 南 北,https://ke-image.ljcdn.com/110000-inspection/pc1_wAf4o8a1O_2.jpg!m_fill,w_280,h_210,f_jpg?from=ke.com
20241031,通州,通州其它,101116043315,北京市通州区富力尚悦居D区一层房主自荐,140万,26541元/平,底层 (共15层) | 2015年 | 1室1厅 | 52.75平米 | 南,https://ke-image.ljcdn.com/110000-inspection/pc1_WElqr7l0q.jpg!m_fill,w_280,h_210,f_jpg?from=ke.com
20241031,通州,通州其它,101115866294,泰晤士印象 南向两居室 诚心出售,175万,20524元/平,中楼层 (共14层) | 2016年 | 2室2厅 | 85.27平米 | 南,https://ke-image.ljcdn.com/110000-inspection/pc1_ieG6jPhtF.jpg!m_fill,w_280,h_210,f_jpg?from=ke.com
20241031,通州,通州其它,101114698141,通州洋房 一梯两户 南北四居室 采光好绿化30%,445万,31951元/平,中楼层 (共6层) 4室2厅 | 139.28平米 | 南 北,https://ke-image.ljcdn.com/110000-inspection/c06cf75b-4d24-42ad-a365-f07268561ebb_1000.jpg!m_fill,w_280,h_210,f_jpg?from=ke.com
20241031,通州,通州其它,101114632241,万科下跃户型精装修高品质,1580万,152481元/平,底层 (共15层) 4室1厅 | 103.62平米 | 南 北,https://ke-image.ljcdn.com/110000-inspection/2f6170a9-2b5e-4c2f-9499-72923958cc21_1000.jpg!m_fill,w_280,h_210,f_jpg?from=ke.com
20241031,通州,通州其它,101110465096,翡翠四季B区精装修上下俩层诚意出售,980万,70241元/平,顶层 (共2层) 4室2厅 | 139.52平米 | 南 北,https://ke-image.ljcdn.com/110000-inspection/pc1_vDaHBD4kx_1.jpg!m_fill,w_280,h_210,f_jpg?from=ke.com
20241031,通州,通州其它,101102170303,富力尚悦居  正规四居 视野开阔,590万,35551元/平,高楼层 (共20层) | 2015年 | 4室2厅 | 165.96平米 | 南 北,https://ke-image.ljcdn.com/110000-inspection/test-27a0a2f3-4dd9-4938-ae70-bc02b3214ffa.png!m_fill,w_280,h_210,f_jpg?from=ke.com
20241031,通州,通州其它,101127351701,紫峰九院城 3室1厅 南 北新上,120万,12586元/平,顶层 (共11层) 3室1厅 | 95.35平米 | 南 北,https://ke-image.ljcdn.com/110000-inspection/pc1_pK9ot6CUB.jpg!m_fill,w_280,h_210,f_jpg?from=ke.com
20241031,通州,通州其它,101127350009,首开缇香郡 4室2厅 南 北新上,369万,24283元/平,底层 (共6层) | 2016年 | 4室2厅 | 151.96平米 | 南 北,https://ke-image.ljcdn.com/110000-inspection/pc1_zatJbjJuY_1.jpg!m_fill,w_280,h_210,f_jpg?from=ke.com
20241031,通州,通州其它,101127349501,首开缇香郡二期 4室2厅 南 北新上,488万,27495元/平,中楼层 (共4层) | 2019年 | 4室2厅 | 177.49平米 | 南 北,https://ke-image.ljcdn.com/110000-inspection/pc1_kR0cJQw1X.jpg!m_fill,w_280,h_210,f_jpg?from=ke.com
20241031,通州,通州其它,101127349001,首开缇香郡 3室2厅 南 北新上,360万,25138元/平,中楼层 (共4层) 3室2厅 | 143.21平米 | 南 北,https://ke-image.ljcdn.com/110000-inspection/124c0bae-58a0-4580-8213-fe4c7b5f5f85_1000.jpg!m_fill,w_280,h_210,f_jpg?from=ke.com
20241031,通州,通州其它,101127317833,东亚印象台湖 2室1厅 南 北新上,190万,29308元/平,高楼层 (共12层) 2室1厅 | 64.83平米 | 南 北,https://ke-image.ljcdn.com/110000-inspection/445ea7f8-b5a1-4530-8177-d30ba8452d5f_1000.jpg!m_fill,w_280,h_210,f_jpg?from=ke.com
20241031,通州,通州其它,101127314809,东惠家园4号院商品房南北通透大两居中间层无遮挡新上,268万,30890元/平,中楼层 (共28层) | 2021年 | 2室1厅 | 86.76平米 | 南 北,https://ke-image.ljcdn.com/110000-inspection/pc1_2ttAwUCgD.jpg!m_fill,w_280,h_210,f_jpg?from=ke.com
20241031,通州,通州其它,101127313426,东亚印象台湖 2室1厅 南新上,188万,28968元/平,高楼层 (共12层) 2室1厅 | 64.9平米 | 南,https://ke-image.ljcdn.com/110000-inspection/pc1_Jn8GCygOs.jpg!m_fill,w_280,h_210,f_jpg?from=ke.com
20241031,通州,通州其它,101127312597,泰禾拾景园  满五唯一 高楼层两居新上,440万,51330元/平,中楼层 (共20层) | 2016年 | 2室1厅 | 85.72平米 | 南,https://ke-image.ljcdn.com/110000-inspection/f5ba907b-8c5d-4568-9ead-4527bf5bf1a7_1000.jpg!m_fill,w_280,h_210,f_jpg?from=ke.com
20241031,通州,通州其它,101127307991,东亚印象台湖 2室1厅 南新上,228万,32438元/平,中楼层 (共12层) 2室1厅 | 70.29平米 | 南,https://ke-image.ljcdn.com/110000-inspection/f3f82eb6-82c4-4f7b-900e-61f844a36d35_1000.jpg!m_fill,w_280,h_210,f_jpg?from=ke.com
20241031,通州,通州其它,101127270484,首开国风美仑 3室1厅 南 北新上,310万,34910元/平,低楼层 (共16层) | 2014年 | 3室1厅 | 88.8平米 | 南 北,https://ke-image.ljcdn.com/110000-inspection/cf6a4f9b-16bd-4ee2-b6d2-cc35ec92d1d5_1000.jpg!m_fill,w_280,h_210,f_jpg?from=ke.com
20241031,通州,通州其它,101127269649,富力尚悦居C区 3室2厅 南 北新上,349万,35154元/平,高楼层 (共20层) 3室2厅 | 99.28平米 | 南 北,https://ke-image.ljcdn.com/110000-inspection/dddd21bc-030b-4b12-ac6f-771dba047c9c_1000.jpg!m_fill,w_280,h_210,f_jpg?from=ke.com
20241031,通州,通州其它,101127267626,富力尚悦居D区 1室0厅 西南新上,124万,23539元/平,高楼层 (共18层) | 2015年 | 1室0厅 | 52.68平米 | 西南,https://ke-image.ljcdn.com/110000-inspection/pc1_25V4nvT4W.jpg!m_fill,w_280,h_210,f_jpg?from=ke.com
20241031,通州,通州其它,101127260420,泰晤士印象 高楼层 精装修 南向 上跃 三居新上,283万,21150元/平,顶层 (共14层) | 2016年 | 3室2厅 | 133.81平米 | 南,https://ke-image.ljcdn.com/110000-inspection/pc1_qiktkordK_2.jpg!m_fill,w_280,h_210,f_jpg?from=ke.com
20241031,通州,通州其它,101127251597,首开万科城市之光 车位,18万,5440元/平,地下室 (共2层) 1室0厅 | 33.09平米 | 南,https://ke-image.ljcdn.com/110000-inspection/0c900f62-95d5-49f3-a7b3-ee237e698c28_1000.jpg!m_fill,w_280,h_210,f_jpg?from=ke.com
20241031,通州,通州其它,101127244550,亦庄京东旁15年新精装1居70年住宅价格可议新上,133万,25632元/平,低楼层 (共18层) | 2015年 | 1室1厅 | 51.89平米 | 南,https://ke-image.ljcdn.com/110000-inspection/3b8bd7a6-8755-4ce8-8e03-53915ce4ab8a_1000.jpg!m_fill,w_280,h_210,f_jpg?from=ke.com
20241031,通州,通州其它,101127234742,泰晤士印象 3室1厅 南 北新上,210万,20389元/平,低楼层 (共15层) | 2016年 | 3室1厅 | 103平米 | 南 北,https://ke-image.ljcdn.com/110000-inspection/pc1_FArRBBBCc.jpg!m_fill,w_280,h_210,f_jpg?from=ke.com
20241031,通州,通州其它,101127233307,泰晤士印象 精装修跃层 三居室 看房方便新上,242万,18047元/平,顶层 (共13层) | 2016年 | 3室1厅 | 134.1平米 | 南,https://ke-image.ljcdn.com/110000-inspection/pc1_SCDCekS95_2.jpg!m_fill,w_280,h_210,f_jpg?from=ke.com
20241031,通州,通州其它,101127231804,首开国风美仑 2室1厅 南 北新上,239万,32893元/平,低楼层 (共15层) 2室1厅 | 72.66平米 | 南 北,https://ke-image.ljcdn.com/110000-inspection/pc1_5xe2BfAqD.jpg!m_fill,w_280,h_210,f_jpg?from=ke.com
20241031,通州,通州其它,101127213169,泰禾1号街区 双面采光 6.3挑高 好装修 诚意出,199万,37259元/平,顶层 (共9层) 2室1厅 | 53.41平米 | 西北,https://ke-image.ljcdn.com/110000-inspection/f94f1fc8-510c-4d57-9e7b-84421d197ab2_1000.jpg!m_fill,w_280,h_210,f_jpg?from=ke.com
20241031,通州,通州其它,101127212270,台湖银河湾 南向一居室 精装修 高楼层,279万,52533元/平,高楼层 (共12层) 1室1厅 | 53.11平米 | 南,https://ke-image.ljcdn.com/110000-inspection/pc1_emOnF56km_1.jpg!m_fill,w_280,h_210,f_jpg?from=ke.com
20241031,通州,通州其它,101127164504,首开缇香郡二期 1室2厅 南 北房主自荐,285万,31692元/平,中楼层 (共10层) 1室2厅 | 89.93平米 | 南 北,https://ke-image.ljcdn.com/110000-inspection/pc1_BShRV79ZM.jpg!m_fill,w_280,h_210,f_jpg?from=ke.com
20241031,通州,通州其它,101127158109,旭辉御锦 精装中叠别墅产品 南北通透,636万,32046元/平,中楼层 (共6层) | 2014年 | 3室2厅 | 198.47平米 | 南 北,https://ke-image.ljcdn.com/110000-inspection/pc1_Wt9w9citN.jpg!m_fill,w_280,h_210,f_jpg?from=ke.com
20241031,通州,通州其它,101127152465,泰禾拾景园 4室2厅 南,820万,64234元/平,顶层 (共7层) | 2016年 | 4室2厅 | 127.66平米 | 南,https://ke-image.ljcdn.com/110000-inspection/pc1_y42M4CIzN_1.jpg!m_fill,w_280,h_210,f_jpg?from=ke.com
20241031,通州,通州其它,101127147654,首付20%  临小中河近东郊湿地公园 电梯洋房,369万,33127元/平,顶层 (共6层) | 2017年 | 3室2厅 | 111.39平米 | 南 北,https://ke-image.ljcdn.com/110000-inspection/pc1_ZzRB7AL4h.jpg!m_fill,w_280,h_210,f_jpg?from=ke.com
20241031,通州,通州其它,101127119317,富力尚悦居A区 4室2厅 南 北,750万,38941元/平,中楼层 (共20层) 4室2厅 | 192.6平米 | 南 北,https://ke-image.ljcdn.com/110000-inspection/47f8dfa1-7780-4a5a-8188-f60005c6bc16_1000.jpg!m_fill,w_280,h_210,f_jpg?from=ke.com
20241031,通州,通州其它,101127085709,业主诚意出售 次新房 全南向精装修 视野开阔 采,350万,45872元/平,低楼层 (共21层) 2室1厅 | 76.3平米 | 南,https://ke-image.ljcdn.com/110000-inspection/57b2ddeb-3e57-419e-8cfe-518decc32917_1000.jpg!m_fill,w_280,h_210,f_jpg?from=ke.com
20241031,通州,通州其它,101127079251,十里春风 2室1厅 南,160万,19546元/平,中楼层 (共27层) | 2020年 | 2室1厅 | 81.86平米 | 南,https://ke-image.ljcdn.com/110000-inspection/pc1_Z0maDY5xF.jpg!m_fill,w_280,h_210,f_jpg?from=ke.com
20241031,通州,通州其它,101127078646,K2春风十里别墅精装修有电梯120平米院房主自荐,620万,38901元/平,底层 (共4层) | 2020年 | 4室2厅 | 159.38平米 | 南 北,https://ke-image.ljcdn.com/110000-inspection/pc1_IYsSbV7n0.jpg!m_fill,w_280,h_210,f_jpg?from=ke.com
20241031,通州,通州其它,101127078009,东郊湿地公园 南北通透叠拼别墅 带两个产权车库,1280万,32637元/平,底层 (共4层) | 2016年 | 6室2厅 | 392.2平米 | 南 北,https://ke-image.ljcdn.com/110000-inspection/pc1_YmEH2h2Oh.jpg!m_fill,w_280,h_210,f_jpg?from=ke.com
20241031,通州,通州其它,101127053679,精装修7.2米宽上3层下2层无遮挡南北花园房主自荐,1700万,48347元/平,中楼层 (共4层) 5室2厅 | 351.63平米 | 南 北,https://ke-image.ljcdn.com/110000-inspection/pc1_LNujDo5yV.jpg!m_fill,w_280,h_210,f_jpg?from=ke.com
20241031,通州,通州其它,101127037646,旭辉御锦中叠东边户南北通透精装修,800万,39477元/平,中楼层 (共6层) | 2014年 | 5室2厅 | 202.65平米 | 南 北,https://ke-image.ljcdn.com/110000-inspection/pc1_SyPJeIzmR_2.jpg!m_fill,w_280,h_210,f_jpg?from=ke.com
20241031,通州,通州其它,101127009350,润枫领尚 实用大两居 精装修 满五唯一新上,405万,46493元/平,低楼层 (共16层) | 2012年 | 2室1厅 | 87.11平米 | 南 北,https://ke-image.ljcdn.com/110000-inspection/9c4e1b41-165e-4cdc-97bd-707c346084ee_1000.jpg!m_fill,w_280,h_210,f_jpg?from=ke.com
20241031,通州,通州其它,101127006520,次渠大街19号华馨园小区///新上,350万,23906元/平,高楼层 (共6层) 3室2厅 | 146.41平米 | 南 北,https://ke-image.ljcdn.com/110000-inspection/5a898c20-1f93-4c76-a0be-9bbaa80ae34c_1000.jpg!m_fill,w_280,h_210,f_jpg?from=ke.com
20241031,通州,通州其它,101127002281,泰禾中国院子采光好视野宽阔中式独栋别墅新上,3000万,75215元/平,地下室 (共2层) 5室3厅 | 398.86平米 | 东 南 西 北,https://ke-image.ljcdn.com/110000-inspection/296be749-44dc-4d6d-a10f-8b67bd2cfb3c_1000.jpg!m_fill,w_280,h_210,f_jpg?from=ke.com
20241031,通州,通州其它,101126997003,首开缇香郡二期 4室2厅 南 北,1000万,39557元/平,底层 (共4层) | 2018年 | 4室2厅 | 252.8平米 | 南 北,https://ke-image.ljcdn.com/110000-inspection/eae0ff5a-19af-4f27-8f67-5f2fd4939e60_1000.jpg!m_fill,w_280,h_210,f_jpg?from=ke.com
20241031,通州,通州其它,101126992237,万科物业明厨明卫高楼层满五年,450万,48036元/平,中楼层 (共21层) 3室1厅 | 93.68平米 | 南 北,https://ke-image.ljcdn.com/110000-inspection/1310bff9-fb17-406b-b1d4-135c080cc0ad_1000.jpg!m_fill,w_280,h_210,f_jpg?from=ke.com
20241031,通州,通州其它,101126991294,首开缇香郡二期精装修顶层两居,230万,28166元/平,顶层 (共11层) 3室2厅 | 81.66平米 | 南 北,https://ke-image.ljcdn.com/110000-inspection/fc05413e-b6c3-4dfe-992c-5cb134172818_1000.jpg!m_fill,w_280,h_210,f_jpg?from=ke.com
20241031,通州,通州其它,101126975039,旭辉中叠不临街不把边儿精装修拎包住保养好。,658万,33691元/平,中楼层 (共6层) | 2014年 | 4室2厅 | 195.31平米 | 南 北,https://ke-image.ljcdn.com/110000-inspection/pc1_Ok2eNuEnX.jpg!m_fill,w_280,h_210,f_jpg?from=ke.com
20241031,通州,通州其它,101126953161,精装修联排别墅   屋内加装电梯  装修好 采光好,395万,24936元/平,底层 (共4层) | 2020年 | 4室2厅 | 158.41平米 | 南 北,https://ke-image.ljcdn.com/110000-inspection/bddf67ee-2cd0-4699-aa53-69a3875a6efa_1000.jpg!m_fill,w_280,h_210,f_jpg?from=ke.com
20241031,通州,通州其它,101126952351,台湖银河湾 玉石装修 次顶层业主诚售 24小时热水,300万,54895元/平,高楼层 (共9层) 1室1厅 | 54.65平米 | 南,https://ke-image.ljcdn.com/110000-inspection/59c15e1c-74b8-4feb-976f-d8950f5a960c_1000.jpg!m_fill,w_280,h_210,f_jpg?from=ke.com
20241031,通州,通州其它,101126931999,东亚印象台湖 双南向两居室 采光视野无遮挡 诚意卖,183万,28563元/平,中楼层 (共12层) 2室1厅 | 64.07平米 | 南,https://ke-image.ljcdn.com/110000-inspection/4370a1c4-37e1-4c96-818f-9ceccef4f31d_1000.jpg!m_fill,w_280,h_210,f_jpg?from=ke.com
20241031,通州,通州其它,101126930183,首开缇香郡二期 4室2厅 南 北,570万,33808元/平,中楼层 (共4层) 4室2厅 | 168.6平米 | 南 北,https://ke-image.ljcdn.com/110000-inspection/50bf7d76-8e40-4246-9688-be1a1c5e73da_1000.jpg!m_fill,w_280,h_210,f_jpg?from=ke.com
20241031,通州,通州其它,101126925709,巴洛克风格别墅 上下三层 有二个产权车位 绿化60,980万,38998元/平,中楼层 (共4层) | 2014年 | 5室2厅 | 251.3平米 | 南 北,https://ke-image.ljcdn.com/110000-inspection/pc1_jB8RUVSaS.jpg!m_fill,w_280,h_210,f_jpg?from=ke.com
20241031,通州,通州其它,101126912705,兴贸二街商品房亦庄新城新阳光社区,178万,33996元/平,中楼层 (共15层) 1室1厅 | 52.36平米 | 南,https://ke-image.ljcdn.com/110000-inspection/c667397e-7dd8-421d-8e85-b2e696a53159_1000.jpg!m_fill,w_280,h_210,f_jpg?from=ke.com
20241031,通州,通州其它,101126910734,润枫领尚 3室1厅 南 北,410万,46528元/平,高楼层 (共18层) | 2012年 | 3室1厅 | 88.12平米 | 南 北,https://ke-image.ljcdn.com/110000-inspection/ccf44cb5-9163-47c6-9662-8b406174903f_1000.jpg!m_fill,w_280,h_210,f_jpg?from=ke.com
20241031,通州,通州其它,101126909845,近公园电梯洋房 人车分流 南北双通透 绿化30,406万,31694元/平,中楼层 (共5层) 4室2厅 | 128.1平米 | 南 北,https://ke-image.ljcdn.com/110000-inspection/pc1_30Vt9kqvG.jpg!m_fill,w_280,h_210,f_jpg?from=ke.com
20241031,通州,通州其它,101126907056,泰禾拾景园 4室1厅 南 西 北,805万,63064元/平,顶层 (共6层) 4室1厅 | 127.65平米 | 南 西 北,https://ke-image.ljcdn.com/110000-inspection/2592f100-9265-4f5e-9d92-1b3e9599fedb_1000.jpg!m_fill,w_280,h_210,f_jpg?from=ke.com
20241031,通州,通州其它,101126906120,泰晤士印象 2室1厅 南 北,290万,26635元/平,底层 (共14层) | 2016年 | 2室1厅 | 108.88平米 | 南 北,https://ke-image.ljcdn.com/110000-inspection/pc1_cmb7ImM3d_1.jpg!m_fill,w_280,h_210,f_jpg?from=ke.com
20241031,通州,通州其它,101126900555,首开缇香郡 超大别墅 精装修 优质户型 上下3层,580万,41346元/平,底层 (共4层) 4室2厅 | 140.28平米 | 南 北,https://ke-image.ljcdn.com/110000-inspection/209b9561-e110-4d44-b616-17c99afedcd9_1000.jpg!m_fill,w_280,h_210,f_jpg?from=ke.com
20241031,通州,通州其它,101126894412,洋房户型一梯两户开发商精装修万科的物业,620万,48268元/平,低楼层 (共9层) 4室2厅 | 128.45平米 | 南 北,https://ke-image.ljcdn.com/110000-inspection/c7eb7832-aefa-400e-9ecc-9618b2b92aa8_1000.jpg!m_fill,w_280,h_210,f_jpg?from=ke.com
20241031,通州,通州其它,101126869117,于家务西里 顶层 三居室 装修好,240万,27181元/平,顶层 (共6层) 3室1厅 | 88.3平米 | 南 北,https://ke-image.ljcdn.com/110000-inspection/d96ec2f8-2cc9-463e-bba2-2d62f6581617_1000.jpg!m_fill,w_280,h_210,f_jpg?from=ke.com
20241031,通州,通州其它,101126849693,泰晤士印象小区地址仪府路12号院,295万,27005元/平,底层 (共13层) | 2016年 | 3室2厅 | 109.24平米 | 南 北,https://ke-image.ljcdn.com/110000-inspection/pc1_0M2Akwuv9.jpg!m_fill,w_280,h_210,f_jpg?from=ke.com
20241031,通州,通州其它,101126848295,紫峰九院城 3室2厅 南 北,220万,15952元/平,高楼层 (共14层) 3室2厅 | 137.92平米 | 南 北,https://ke-image.ljcdn.com/110000-inspection/bb2f9dad-6820-4e88-b80a-447627ecc652_1000.jpg!m_fill,w_280,h_210,f_jpg?from=ke.com
20241031,通州,通州其它,101126847173,东惠家园4号院中高楼层南北通透大三居采光好,335万,31748元/平,中楼层 (共27层) | 2021年 | 3室1厅 | 105.52平米 | 南 北,https://ke-image.ljcdn.com/110000-inspection/246f2a99-d9a5-4eeb-a137-b9d3283910f9_1000.jpg!m_fill,w_280,h_210,f_jpg?from=ke.com
20241031,通州,通州其它,101126836728,星悦国际 车位,9.5万,3342元/平,地下室 | 2012年 | 1室0厅 | 28.43平米 | 南,https://ke-image.ljcdn.com/110000-inspection/ca27aaf2-a466-4a81-84b4-6892e5df9b39_1000.jpg!m_fill,w_280,h_210,f_jpg?from=ke.com
20241031,通州,通州其它,101126842702,富力尚悦居D区 2室1厅 南 北,219万,30396元/平,低楼层 (共15层) | 2015年 | 2室1厅 | 72.05平米 | 南 北,https://ke-image.ljcdn.com/110000-inspection/pc1_F11oJM56B.jpg!m_fill,w_280,h_210,f_jpg?from=ke.com
20241031,通州,通州其它,101126840889,首开缇香郡二期顶层2卫南北朝向,389万,43802元/平,高楼层 (共6层) | 2017年 | 4室2厅 | 88.81平米 | 南 北,https://ke-image.ljcdn.com/110000-inspection/pc1_V6PtSfELc_1.jpg!m_fill,w_280,h_210,f_jpg?from=ke.com
20241031,通州,通州其它,101126834140,十里春风 2室1厅 南 北,210万,26432元/平,底层 (共27层) | 2020年 | 2室1厅 | 79.45平米 | 南 北,https://ke-image.ljcdn.com/110000-inspection/pc1_HZmI563f7.jpg!m_fill,w_280,h_210,f_jpg?from=ke.com
20241031,通州,通州其它,101126821342,首开香溪郡 2室1厅 南 北,290万,35397元/平,顶层 (共7层) 2室1厅 | 81.93平米 | 南 北,https://ke-image.ljcdn.com/110000-inspection/4990285c-2782-4bd4-934d-2673f0210d5a_1000.jpg!m_fill,w_280,h_210,f_jpg?from=ke.com
20241031,通州,通州其它,101126795257,翡翠四季C区 4室1厅 南 北,660万,53368元/平,中楼层 (共15层) 4室1厅 | 123.67平米 | 南 北,https://ke-image.ljcdn.com/110000-inspection/pc1_e0qK6t12Z.jpg!m_fill,w_280,h_210,f_jpg?from=ke.com
20241031,通州,通州其它,101126781930,首开国风美仑兴贸二街7号院南北通透电梯房,208万,28358元/平,中楼层 (共15层) 2室1厅 | 73.35平米 | 南 北,https://ke-image.ljcdn.com/110000-inspection/pc1_j9ikzGX36_1.jpg!m_fill,w_280,h_210,f_jpg?from=ke.com
20241031,通州,通州其它,101126776934,翡翠四季B区精装洋房经典户型新风地暖中央空调,618万,48180元/平,低楼层 (共9层) 4室2厅 | 128.27平米 | 南 北,https://ke-image.ljcdn.com/110000-inspection/pc1_QbG8IaC11.jpg!m_fill,w_280,h_210,f_jpg?from=ke.com
20241031,通州,通州其它,101126775041,不满二年景山南向高楼层随时看,285万,34837元/平,高楼层 (共28层) | 2021年 | 2室1厅 | 81.81平米 | 南,https://ke-image.ljcdn.com/110000-inspection/846bb93a-026e-4840-9ada-a051a4e268e6_1000.jpg!m_fill,w_280,h_210,f_jpg?from=ke.com
20241031,通州,通州其它,101126773472,店长推：6层花园洋房精装修可通地库人车分流,365万,30486元/平,低楼层 (共6层) 3室2厅 | 119.73平米 | 南 北,https://ke-image.ljcdn.com/110000-inspection/pc1_jde5jYqWz_2.jpg!m_fill,w_280,h_210,f_jpg?from=ke.com
20241031,通州,通州其它,101126772674,台湖·银河湾 优质精装好房 价低合适,300万,55453元/平,顶层 (共11层) 1室1厅 | 54.1平米 | 南,https://ke-image.ljcdn.com/110000-inspection/pc1_lH553CUqe.jpg!m_fill,w_280,h_210,f_jpg?from=ke.com
20241031,通州,通州其它,101126737634,全明格局业主自己精装修开放厨房,449万,49249元/平,低楼层 (共17层) 3室2厅 | 91.17平米 | 南 北,https://ke-image.ljcdn.com/110000-inspection/c628410e-9f1b-43b8-b724-299027efa7eb_1000.jpg!m_fill,w_280,h_210,f_jpg?from=ke.com
20241031,通州,通州其它,101126737567,东亚印象台湖 满五唯一 边户 诚意出售,233万,30462元/平,低楼层 (共12层) 3室1厅 | 76.49平米 | 南 北,https://ke-image.ljcdn.com/110000-inspection/pc1_xXZAYTjlV.jpg!m_fill,w_280,h_210,f_jpg?from=ke.com
20241031,通州,通州其它,101126726966,东亚印象台湖A7区  优质好房,235万,33324元/平,中楼层 (共12层) 2室2厅 | 70.52平米 | 南,https://ke-image.ljcdn.com/110000-inspection/pc1_USsDczQms_1.jpg!m_fill,w_280,h_210,f_jpg?from=ke.com
20241031,通州,通州其它,101126724348,首开万科城市之光 2室1厅 南,359万,48442元/平,中楼层 (共18层) 2室1厅 | 74.11平米 | 南,https://ke-image.ljcdn.com/110000-inspection/pc1_wtUv5akO5.jpg!m_fill,w_280,h_210,f_jpg?from=ke.com
20241031,通州,通州其它,101126721990,首开国风美仑  兴贸二街5号院,530万,32989元/平,底层 (共16层) | 2014年 | 8室4厅 | 160.66平米 | 南 北,https://ke-image.ljcdn.com/110000-inspection/ad53b5a9-442f-4f3b-9197-9028f20aad83_1000.jpg!m_fill,w_280,h_210,f_jpg?from=ke.com
20241031,通州,通州其它,101126714934,泰晤士印象 南向两居 中高楼层 视野好,175万,21090元/平,高楼层 (共11层) 2室1厅 | 82.98平米 | 南,https://ke-image.ljcdn.com/110000-inspection/pc1_O9lsQCNfB_1.jpg!m_fill,w_280,h_210,f_jpg?from=ke.com
20241031,通州,通州其它,101126712441,翡翠四季C区 中叠 业主诚意出售,950万,60614元/平,中楼层 (共4层) 4室1厅 | 156.73平米 | 南 西 北,https://ke-image.ljcdn.com/110000-inspection/cc6396dd-684e-4d60-9e04-3e600abb16e1_1000.jpg!m_fill,w_280,h_210,f_jpg?from=ke.com
20241031,通州,通州其它,101126708843,翡翠四季A区下叠 万科物业 智能家居 亦庄火车站,999万,41193元/平,底层 (共5层) 4室2厅 | 242.52平米 | 南 北,https://ke-image.ljcdn.com/110000-inspection/92d68740-072c-45d3-bc94-4034e2eb6d83_1000.jpg!m_fill,w_280,h_210,f_jpg?from=ke.com
20241031,通州,通州其它,101126704305,东亚印象台湖A4区 优质好房,215万,30376元/平,中楼层 (共12层) 2室2厅 | 70.78平米 | 南 北,https://ke-image.ljcdn.com/110000-inspection/pc1_Ykm1aCA9b_1.jpg!m_fill,w_280,h_210,f_jpg?from=ke.com
20241031,通州,通州其它,101126691902,首开缇香郡,135万,24159元/平,低楼层 (共16层) 1室1厅 | 55.88平米 | 南,https://ke-image.ljcdn.com/110000-inspection/77613a70-01ee-4369-8861-7d372397c854_1000.jpg!m_fill,w_280,h_210,f_jpg?from=ke.com
20241031,通州,通州其它,101126690054,翡翠四季C区 精装大平层 业主诚意出售,596万,49580元/平,低楼层 (共15层) 4室1厅 | 120.21平米 | 南 北,https://ke-image.ljcdn.com/110000-inspection/9cfe1e06-1c0f-42b0-ab98-ef49a186c573_1000.jpg!m_fill,w_280,h_210,f_jpg?from=ke.com
20241031,通州,通州其它,101126688807,中高楼层 视野开阔 南北通透装修保持好,195万,23880元/平,高楼层 (共11层) 2室1厅 | 81.66平米 | 南 北,https://ke-image.ljcdn.com/110000-inspection/pc1_hJRPD4EHx.jpg!m_fill,w_280,h_210,f_jpg?from=ke.com
20241031,通州,通州其它,101126677972,亦庄泰禾拾景园精装下跃边户明卫业主诚意出售,980万,76809元/平,底层 (共5层) 6室4厅 | 127.59平米 | 南 西 北,https://ke-image.ljcdn.com/110000-inspection/a27d3e09-e874-4d51-b1e5-d8aa9d62dbe3_1000.jpg!m_fill,w_280,h_210,f_jpg?from=ke.com
20241031,通州,通州其它,101126674525,此房全南向采光充足低楼层出行方便,239万,31897元/平,低楼层 (共16层) | 2014年 | 2室1厅 | 74.93平米 | 南,https://ke-image.ljcdn.com/110000-inspection/20821800-cd88-4ef7-a6dd-0fe1e38b388c_1000.jpg!m_fill,w_280,h_210,f_jpg?from=ke.com
20241031,通州,通州其它,101126673548,华馨园 2室1厅 南 北房主自荐,260万,32056元/平,顶层 (共6层) 2室1厅 | 81.11平米 | 南 北,https://ke-image.ljcdn.com/110000-inspection/acf9d7ba-f0d6-4bf7-9966-52d8cabc94bf_1000.jpg!m_fill,w_280,h_210,f_jpg?from=ke.com
20241031,通州,通州其它,101126668578,精装修拎包入住带车库私家电梯南北通透户型,1700万,43346元/平,底层 (共4层) 8室3厅 | 392.2平米 | 南 北,https://ke-image.ljcdn.com/110000-inspection/pc1_qaY27tVVJ.jpg!m_fill,w_280,h_210,f_jpg?from=ke.com
20241031,通州,通州其它,101126642440,京悦府别墅高品大下叠精装未住业主急售急售。,2200万,122659元/平,底层 (共4层) 6室1厅 | 179.36平米 | 南 北,https://ke-image.ljcdn.com/110000-inspection/9ba60f64-e8cc-4b45-8a09-3134efada4ec_1000.jpg!m_fill,w_280,h_210,f_jpg?from=ke.com
20241031,通州,通州其它,101126630515,首开香溪郡 4室2厅 南 北房主自荐,466万,28844元/平,底层 (共8层) | 2015年 | 4室2厅 | 161.56平米 | 南 北,https://ke-image.ljcdn.com/110000-inspection/pc1_9i52lVli6_1.jpg!m_fill,w_280,h_210,f_jpg?from=ke.com
20241031,通州,通州其它,101126614010,北区下跃实测花园25平米电梯洋房落地窗南北。房主自荐,400万,27963元/平,底层 (共8层) | 2016年 | 4室2厅 | 143.05平米 | 南 北,https://ke-image.ljcdn.com/110000-inspection/pc1_CYdzBYTR6_1.jpg!m_fill,w_280,h_210,f_jpg?from=ke.com
20241031,通州,通州其它,101126605569,东亚印象台湖A5区 价格合适 优质好房,239万,30587元/平,底层 (共12层) 3室2厅 | 78.14平米 | 南 北,https://ke-image.ljcdn.com/110000-inspection/00886eb8-2291-4174-aa60-40c687b296aa_1000.jpg!m_fill,w_280,h_210,f_jpg?from=ke.com
20241031,通州,通州其它,101126603257,台湖·银河湾 低密洋房 价格合适,360万,64644元/平,高楼层 (共7层) 1室1厅 | 55.69平米 | 南,https://ke-image.ljcdn.com/110000-inspection/pc1_c1xSgKSWD_2.jpg!m_fill,w_280,h_210,f_jpg?from=ke.com
20241031,通州,通州其它,101126602036,润枫领尚 5室1厅 南 北,738万,42011元/平,中楼层 (共11层) | 2014年 | 5室1厅 | 175.67平米 | 南 北,https://ke-image.ljcdn.com/110000-inspection/pc1_5TwfIXgyc.jpg!m_fill,w_280,h_210,f_jpg?from=ke.com
20241031,通州,通州其它,101126598253,房子满五年一层下跃使用空间大设计合理南北,899万,70505元/平,底层 (共5层) 6室3厅 | 127.51平米 | 南 北,https://ke-image.ljcdn.com/110000-inspection/fc546760-ec94-4f68-93ef-f50b5802fd55_1000.jpg!m_fill,w_280,h_210,f_jpg?from=ke.com
20241031,通州,通州其它,101126594855,房子满两年电梯房玉石装修 业主诚心出售,350万,62882元/平,中楼层 (共7层) | 2016年 | 1室1厅 | 55.66平米 | 南,https://ke-image.ljcdn.com/110000-inspection/babe8870-d490-4f90-83ae-ca3808c2f81b_1000.jpg!m_fill,w_280,h_210,f_jpg?from=ke.com
20241031,通州,通州其它,101126595890,泰禾一号公馆 南北通透 明厨明卫 一梯两户 有新风,440万,54442元/平,顶层 (共10层) 2室1厅 | 80.82平米 | 南 北,https://ke-image.ljcdn.com/110000-inspection/949228ce-a316-4904-8123-6754b01c7109_1000.jpg!m_fill,w_280,h_210,f_jpg?from=ke.com
20241031,通州,通州其它,101126587116,东惠家园全南一居室采光好视野好,210万,32428元/平,高楼层 (共26层) | 2019年 | 1室1厅 | 64.76平米 | 南,https://ke-image.ljcdn.com/110000-inspection/bb212b8d-4142-48f3-9131-c0d105a7cb02_1000.jpg!m_fill,w_280,h_210,f_jpg?from=ke.com
20241031,通州,通州其它,101126585840,旭辉御锦 4室2厅 南 北,839万,32259元/平,底层 (共6层) | 2014年 | 4室2厅 | 260.09平米 | 南 北,https://ke-image.ljcdn.com/110000-inspection/9b0fc741-ba82-4973-9944-c88ebb722a75_1000.jpg!m_fill,w_280,h_210,f_jpg?from=ke.com
20241031,通州,通州其它,101126585804,东郊湿地公园边 沿河下叠别墅 精装修南北通透,830万,31975元/平,底层 (共6层) | 2014年 | 3室3厅 | 259.58平米 | 南 北,https://ke-image.ljcdn.com/110000-inspection/03010f23-ecda-4680-93ae-cb8065a5ad86_1000.jpg!m_fill,w_280,h_210,f_jpg?from=ke.com
20241031,通州,通州其它,101126585208,此房南北通透楼层高有电梯业主诚意出售,305万,39340元/平,低楼层 (共11层) 1室1厅 | 77.53平米 | 南 北,https://ke-image.ljcdn.com/110000-inspection/63e212cf-9fb7-4225-9fe4-356d4970b322_1000.jpg!m_fill,w_280,h_210,f_jpg?from=ke.com
20241031,通州,通州其它,101126584580,富力尚悦居D区亦庄新城新阳光社区,130万,23087元/平,低楼层 (共15层) | 2015年 | 1室0厅 | 56.31平米 | 南,https://ke-image.ljcdn.com/110000-inspection/0e11c2fb-3f8d-49ae-85ab-6eff85f3778f_1000.jpg!m_fill,w_280,h_210,f_jpg?from=ke.com
20241031,通州,通州其它,101126578699,首开万科城市之光 车位,32万,4838元/平,地下室 1室0厅 | 66.15平米 | 南,https://ke-image.ljcdn.com/110000-inspection/d337a5db-1594-4f65-8958-c665810a48c0_1000.jpg!m_fill,w_280,h_210,f_jpg?from=ke.com
20241031,通州,通州其它,101126563362,满五年唯一南北通透格局好没有浪费,246万,23613元/平,底层 (共6层) | 1996年 | 4室1厅 | 104.18平米 | 南 北,https://ke-image.ljcdn.com/110000-inspection/a2047b88-b6f9-4b83-bfdd-52dec6215731_1000.jpg!m_fill,w_280,h_210,f_jpg?from=ke.com
20241031,通州,通州其它,101126560159,京华园 2室1厅 南 北,230万,26770元/平,高楼层 (共6层) 2室1厅 | 85.92平米 | 南 北,https://ke-image.ljcdn.com/110000-inspection/9ff3378e-daaa-4a78-a6c7-2833451ff9fd_1000.jpg!m_fill,w_280,h_210,f_jpg?from=ke.com
20241031,通州,通州其它,101126518992,泰晤士印象 南北通透  复式格局 边户格局 方便看房主自荐,269万,18749元/平,顶层 (共14层) | 2016年 | 4室2厅 | 143.48平米 | 南 北,https://ke-image.ljcdn.com/110000-inspection/pc1_6gFyNAasb_2.jpg!m_fill,w_280,h_210,f_jpg?from=ke.com
20241031,通州,通州其它,101126517598,首付20%  临小中河近东郊湿地公园上市地产,1100万,28303元/平,底层 (共4层) 4室2厅 | 388.66平米 | 南 北,https://ke-image.ljcdn.com/110000-inspection/pc1_Tw3FldAJg_1.jpg!m_fill,w_280,h_210,f_jpg?from=ke.com
20241031,通州,通州其它,101126492041,首开缇香郡下叠洋房房子产权清晰诚意出售,320万,20667元/平,底层 (共4层) 3室2厅 | 154.84平米 | 南,https://ke-image.ljcdn.com/110000-inspection/pc1_iusIQVX3Z_1.jpg!m_fill,w_280,h_210,f_jpg?from=ke.com
20241031,通州,通州其它,101126486935,东亚印象台湖满五唯一新小区高品质,235万,30425元/平,中楼层 (共12层) 3室2厅 | 77.24平米 | 南 北,https://ke-image.ljcdn.com/110000-inspection/2aa6b353-64ab-4d5f-b943-a1483c00cf8e_1000.jpg!m_fill,w_280,h_210,f_jpg?from=ke.com
20241031,通州,通州其它,101126466661,华馨园 3室2厅 南 北房主自荐,350万,23906元/平,高楼层 (共6层) 3室2厅 | 146.41平米 | 南 北,https://ke-image.ljcdn.com/110000-inspection/pc1_R0ahVHONt.jpg!m_fill,w_280,h_210,f_jpg?from=ke.com
20241031,通州,通州其它,101126449309,首开缇香郡二期 4室2厅 南 北,700万,30059元/平,底层 (共5层) 4室2厅 | 232.88平米 | 南 北,https://ke-image.ljcdn.com/110000-inspection/aa859223-93f9-4146-9d3d-a32a1aea670a_1000.jpg!m_fill,w_280,h_210,f_jpg?from=ke.com
20241031,通州,通州其它,101126434210,阳光城京悦府环境优美价格实惠距离地铁近,1366万,117516元/平,底层 (共4层) 5室2厅 | 116.24平米 | 南 北,https://ke-image.ljcdn.com/110000-inspection/394608a1-00ae-4a5f-9a95-f4e018d965d9_1000.jpg!m_fill,w_280,h_210,f_jpg?from=ke.com
20241031,通州,通州其它,101126429448,翡翠四季C区 4室2厅 南 北,1195万,43661元/平,底层 (共2层) 4室2厅 | 273.7平米 | 南 北,https://ke-image.ljcdn.com/110000-inspection/pc1_s1rJkCrHZ.jpg!m_fill,w_280,h_210,f_jpg?from=ke.com
20241031,通州,通州其它,101126423329,首开国风美仑亦庄新城新阳光社区,225万,30308元/平,中楼层 (共16层) | 2013年 | 2室1厅 | 74.24平米 | 南,https://ke-image.ljcdn.com/110000-inspection/194c65f7-6084-4d50-9b40-94a9d51c55b1_1000.jpg!m_fill,w_280,h_210,f_jpg?from=ke.com
20241031,通州,通州其它,101126409212,富力尚悦居A区南北通透四居室 双卫生间 南北双阳台房主自荐,559万,33683元/平,低楼层 (共20层) 4室2厅 | 165.96平米 | 南 北,https://ke-image.ljcdn.com/110000-inspection/c90152a3-8b59-4964-add9-4cfce5d4cf23_1000.jpg!m_fill,w_280,h_210,f_jpg?from=ke.com
20241031,通州,通州其它,101126378021,满五唯一首开国风美仑正规两居室国企开,220万,30216元/平,中楼层 (共15层) | 2013年 | 2室1厅 | 72.81平米 | 南 北,https://ke-image.ljcdn.com/110000-inspection/pc1_05JqPLnkp.jpg!m_fill,w_280,h_210,f_jpg?from=ke.com
20241031,通州,通州其它,101126357494,绿心公园旁北院边户满五年唯一看房方便！,810万,33722元/平,底层 (共3层) 5室1厅 | 240.2平米 | 南 北,https://ke-image.ljcdn.com/110000-inspection/318d3c89-af70-42f8-8f24-b04f9b126a86_1000.jpg!m_fill,w_280,h_210,f_jpg?from=ke.com
20241031,通州,通州其它,101126352375,润枫领尚四居室 满五唯一 高楼层 精装修,730万,46247元/平,高楼层 (共11层) | 2014年 | 4室2厅 | 157.85平米 | 南 北,https://ke-image.ljcdn.com/110000-inspection/pc1_c7v4QSIli.jpg!m_fill,w_280,h_210,f_jpg?from=ke.com
20241031,通州,通州其它,101126348823,盛通绿色家园 6室2厅 南 北房主自荐,1080万,56169元/平,底层 (共1层) | 2003年 | 6室2厅 | 192.28平米 | 南 北,https://ke-image.ljcdn.com/110000-inspection/pc1_NSyqjW37t_2.jpg!m_fill,w_280,h_210,f_jpg?from=ke.com
20241031,通州,通州其它,101126342810,台湖银河湾 南北通透三居室 自住保持好,519万,66394元/平,底层 (共12层) 3室2厅 | 78.17平米 | 南 北,https://ke-image.ljcdn.com/110000-inspection/03a79979-3c97-4716-a99c-ceea2410a1de_1000.jpg!m_fill,w_280,h_210,f_jpg?from=ke.com
20241031,通州,通州其它,101126334063,九万亩东郊湿地公园旁  纯毛坯下叠别墅 带两个产,1300万,33132元/平,底层 (共4层) | 2014年 | 5室3厅 | 392.37平米 | 南 北,https://ke-image.ljcdn.com/110000-inspection/pc1_D7Qth224j_1.jpg!m_fill,w_280,h_210,f_jpg?from=ke.com
20241031,通州,通州其它,101126326203,南北两居室 明厨明卫 17号线次渠北站700米,325万,29627元/平,高楼层 (共18层) 2室1厅 | 109.7平米 | 南 西 北,https://ke-image.ljcdn.com/110000-inspection/fac4a5fc-06d9-4618-88ca-5fbcff91c207_1000.jpg!m_fill,w_280,h_210,f_jpg?from=ke.com
20241031,通州,通州其它,101126324724,首开国风美仑 2室1厅 南 北,215万,29312元/平,中楼层 (共15层) 2室1厅 | 73.35平米 | 南 北,https://ke-image.ljcdn.com/110000-inspection/pc1_RJ3F1FfmH_1.jpg!m_fill,w_280,h_210,f_jpg?from=ke.com
20241031,通州,通州其它,101126316750,芳草园别墅满五年唯一独栋花园,1200万,33604元/平,底层 (共3层) 5室2厅 | 357.11平米 | 南 北,https://ke-image.ljcdn.com/110000-inspection/pc1_joEGlV00J.jpg!m_fill,w_280,h_210,f_jpg?from=ke.com
20241031,通州,通州其它,101126311424,首开香溪郡 3室2厅 南 北,461万,31805元/平,底层 (共8层) 3室2厅 | 144.95平米 | 南 北,https://ke-image.ljcdn.com/110000-inspection/pc1_kuemnhy92.jpg!m_fill,w_280,h_210,f_jpg?from=ke.com
20241031,通州,通州其它,101126300174,首开万科城市之光 车位,18.5万,5591元/平,地下室 (共2层) 1室0厅 | 33.09平米 | 东,https://ke-image.ljcdn.com/110000-inspection/9a35c2dd-93e3-4bf3-bfca-258b26451130_1000.jpg!m_fill,w_280,h_210,f_jpg?from=ke.com
20241031,通州,通州其它,101126246016,首开缇香郡二期 2室1厅 南 北,197万,23964元/平,中楼层 (共11层) 2室1厅 | 82.21平米 | 南 北,https://ke-image.ljcdn.com/110000-inspection/6ee27c1d-4b43-4725-ac8a-94c653535f0c_1000.jpg!m_fill,w_280,h_210,f_jpg?from=ke.com
20241031,通州,通州其它,101126225380,东亚印象台湖 2室2厅 南 北房主自荐,239万,33667元/平,高楼层 (共12层) 2室2厅 | 70.99平米 | 南 北,https://ke-image.ljcdn.com/110000-inspection/9967949c-92ec-429e-a235-0bc4e67f0629_1000.jpg!m_fill,w_280,h_210,f_jpg?from=ke.com
20241031,通州,通州其它,101126224300,私家电梯入户南北通透自住的精装修有车位,1288万,79639元/平,中楼层 (共4层) | 2019年 | 5室2厅 | 161.73平米 | 南 北,https://ke-image.ljcdn.com/110000-inspection/pc1_Fewz23eU3.jpg!m_fill,w_280,h_210,f_jpg?from=ke.com
20241031,通州,通州其它,101126209626,旭辉御锦 3室1厅 南 北,695万,41244元/平,高楼层 (共6层) | 2014年 | 3室1厅 | 168.51平米 | 南 北,https://ke-image.ljcdn.com/110000-inspection/pc1_QlcEl8CfK_1.jpg!m_fill,w_280,h_210,f_jpg?from=ke.com
20241031,通州,通州其它,101126201345,东惠家园4号院 南北三居 业主急售,291万,27895元/平,底层 (共28层) | 2021年 | 3室1厅 | 104.32平米 | 南 北,https://ke-image.ljcdn.com/110000-inspection/8c4498f5-6023-40a5-bcc3-6fe9e99a949e_1000.jpg!m_fill,w_280,h_210,f_jpg?from=ke.com
20241031,通州,通州其它,101126194177,六环内：西边户一手房毛坯房人车分流管家管理。,950万,37825元/平,中楼层 (共4层) | 2014年 | 4室3厅 | 251.16平米 | 南 北,https://ke-image.ljcdn.com/110000-inspection/pc1_P7O38Ru3o_1.jpg!m_fill,w_280,h_210,f_jpg?from=ke.com
20241031,通州,通州其它,101126181432,精装修朝向南采光号视野开阔,191万,21427元/平,高楼层 (共11层) | 2016年 | 3室1厅 | 89.14平米 | 南 北,https://ke-image.ljcdn.com/110000-inspection/51ffc963-491c-4b47-808e-80ff679a41a9_1000.jpg!m_fill,w_280,h_210,f_jpg?from=ke.com
20241031,通州,通州其它,101126180433,十里春风 2室1厅 南 西 北,125万,17323元/平,高楼层 (共22层) | 2020年 | 2室1厅 | 72.16平米 | 南 西 北,https://ke-image.ljcdn.com/110000-inspection/pc1_TBLdntKRU_1.jpg!m_fill,w_280,h_210,f_jpg?from=ke.com
20241031,通州,通州其它,101126156205,首开万科城市之光 车位,18万,5440元/平,地下室 (共2层) 1室0厅 | 33.09平米 | 东,https://ke-image.ljcdn.com/110000-inspection/890f151a-96e4-4229-b5c6-d3d187a23ccf_1000.jpg!m_fill,w_280,h_210,f_jpg?from=ke.com
20241031,通州,通州其它,101126130262,翡翠四季A区 下叠 业主诚意出售,1600万,57662元/平,底层 (共5层) 4室2厅 | 277.48平米 | 南 北,https://ke-image.ljcdn.com/110000-inspection/63022016-18de-4209-b53b-c372e36e1760_1000.jpg!m_fill,w_280,h_210,f_jpg?from=ke.com
20241031,通州,通州其它,101126124765,徐辛庄 4室1厅 南 北,595万,30448元/平,底层 (共2层) 4室1厅 | 195.42平米 | 南 北,https://ke-image.ljcdn.com/110000-inspection/pc1_5RwmbE2PA_2.jpg!m_fill,w_280,h_210,f_jpg?from=ke.com
20241031,通州,通州其它,101126109704,首开缇香郡二期一层下跃业主诚心出售。,325万,21966元/平,底层 (共11层) | 2017年 | 3室2厅 | 147.96平米 | 南,https://ke-image.ljcdn.com/110000-inspection/de21a22a-9218-41cb-a7fe-09371e6b9b60_1000.jpg!m_fill,w_280,h_210,f_jpg?from=ke.com
20241031,通州,通州其它,101126099577,首开国风美仑小区环境优美户型好面积没有浪费。,260万,34301元/平,中楼层 (共16层) 2室1厅 | 75.8平米 | 南,https://ke-image.ljcdn.com/110000-inspection/pc1_mpkrAJxUG.jpg!m_fill,w_280,h_210,f_jpg?from=ke.com
20241031,通州,通州其它,101126099236,首开国风美仑5号院南北通透满五唯一不临街,283万,31899元/平,顶层 (共16层) | 2014年 | 3室1厅 | 88.72平米 | 南 北,https://ke-image.ljcdn.com/110000-inspection/eba8de39-9c94-4d03-ac9e-cc735ff2b159_1000.jpg!m_fill,w_280,h_210,f_jpg?from=ke.com
20241031,通州,通州其它,101126075329,定海园一里 1室1厅 南,295万,40017元/平,底层 (共10层) 1室1厅 | 73.72平米 | 南,https://ke-image.ljcdn.com/110000-inspection/239edd3c-fc8e-4f3e-bf3a-56ecb4ae270b_1000.jpg!m_fill,w_280,h_210,f_jpg?from=ke.com
20241031,通州,通州其它,101126063839,首开国风美仑七号院户型方正精装修,230万,31861元/平,顶层 (共15层) 2室1厅 | 72.19平米 | 南 北,https://ke-image.ljcdn.com/110000-inspection/f847497c-b834-4266-bda0-4a00570031ca_1000.jpg!m_fill,w_280,h_210,f_jpg?from=ke.com
20241031,通州,通州其它,101126057837,此房满五唯一 格局好 视野开阔 改善户型,330万,31667元/平,低楼层 (共15层) 3室1厅 | 104.21平米 | 南 北,https://ke-image.ljcdn.com/110000-inspection/cb26af05-c5d6-4e5f-8d88-4b064863d164_1000.jpg!m_fill,w_280,h_210,f_jpg?from=ke.com
20241031,通州,通州其它,101126057587,东六环别墅：室内电梯+南北花园+产权车位+管家管理,1250万,31865元/平,底层 (共4层) | 2014年 | 7室3厅 | 392.28平米 | 南 北,https://ke-image.ljcdn.com/110000-inspection/3749f310-eacf-4b6f-bb52-d9e8f5f9ad21_1000.jpg!m_fill,w_280,h_210,f_jpg?from=ke.com
20241031,通州,通州其它,101125995074,润枫领尚 地下产权车位 诚意出售,28万,8558元/平,地下室 (共18层) | 2013年 | 1室1厅 | 32.72平米 | 南 北,https://ke-image.ljcdn.com/110000-inspection/5f624dfd-56cb-4ae8-8a80-7e596bd7e164_1000.jpg!m_fill,w_280,h_210,f_jpg?from=ke.com
20241031,通州,通州其它,101126040657,富力尚悦居C区 2室1厅 南,279万,33057元/平,低楼层 (共7层) 2室1厅 | 84.4平米 | 南,https://ke-image.ljcdn.com/110000-inspection/pc1_zk4xjWMl8_1.jpg!m_fill,w_280,h_210,f_jpg?from=ke.com
20241031,通州,通州其它,101126015284,满五唯一明厨格局户型方正南北通透诚意出售,215万,30274元/平,低楼层 (共12层) | 2015年 | 2室1厅 | 71.02平米 | 南 北,https://ke-image.ljcdn.com/110000-inspection/16be8a1b-a387-4b2f-be76-c13872b4274d_1000.jpg!m_fill,w_280,h_210,f_jpg?from=ke.com
20241031,通州,通州其它,101125984603,东亚印象台湖 2室1厅 南 北,190万,29321元/平,中楼层 (共12层) | 2015年 | 2室1厅 | 64.8平米 | 南 北,https://ke-image.ljcdn.com/110000-inspection/e2b61859-5a76-48d6-b295-02f5029b7f21_1000.jpg!m_fill,w_280,h_210,f_jpg?from=ke.com
20241031,通州,通州其它,101125973936,阳光城京悦府 精装修跃层  满两年,710万,58197元/平,高楼层 (共9层) 3室1厅 | 122平米 | 南 北,https://ke-image.ljcdn.com/110000-inspection/96ffe47b-22f6-472f-8eea-ccf063e64f7d_1000.jpg!m_fill,w_280,h_210,f_jpg?from=ke.com
20241031,通州,通州其它,101125960906,此房户型方正南北通透格局中间楼层采光好,358万,40402元/平,中楼层 (共16层) | 2014年 | 3室1厅 | 88.61平米 | 南 北,https://ke-image.ljcdn.com/110000-inspection/7b927bb3-0967-41f5-b4a8-911dc7c8d2de_1000.jpg!m_fill,w_280,h_210,f_jpg?from=ke.com
20241031,通州,通州其它,101125953749,亦庄京东旁2015年新小区70年住宅有电梯,168万,29740元/平,低楼层 (共15层) | 2014年 | 1室0厅 | 56.49平米 | 南,https://ke-image.ljcdn.com/110000-inspection/e4e239dd-6719-4944-bf46-250d1f130771_1000.jpg!m_fill,w_280,h_210,f_jpg?from=ke.com
20241031,通州,通州其它,101125940735,此房满五唯一南北通透格局中间楼层采光通风好,339万,33275元/平,中楼层 (共15层) 3室1厅 | 101.88平米 | 南 北,https://ke-image.ljcdn.com/110000-inspection/pc1_pLvs2z48F_1.jpg!m_fill,w_280,h_210,f_jpg?from=ke.com
20241031,通州,通州其它,101125936556,全明格局精装三居室看房随时！,165万,17704元/平,高楼层 (共27层) 3室1厅 | 93.2平米 | 南 北,https://ke-image.ljcdn.com/110000-inspection/7c0769e7-b54f-4f1c-a864-6abf6ac90b9e_1000.jpg!m_fill,w_280,h_210,f_jpg?from=ke.com
20241031,通州,通州其它,101125935622,台湖银河湾全明格局玉石精装,535万,65830元/平,低楼层 (共9层) 3室1厅 | 81.27平米 | 南 北,https://ke-image.ljcdn.com/110000-inspection/pc1_X9bkl1Lp3.jpg!m_fill,w_280,h_210,f_jpg?from=ke.com
20241031,通州,通州其它,101125935232,十里春风 2室1厅 南 北,137万,17678元/平,低楼层 (共22层) | 2020年 | 2室1厅 | 77.5平米 | 南 北,https://ke-image.ljcdn.com/110000-inspection/pc1_zrv1bMvpS.jpg!m_fill,w_280,h_210,f_jpg?from=ke.com
20241031,通州,通州其它,101125934780,泰禾拾景园 3室2厅 南 北,689万,54159元/平,低楼层 (共8层) 3室2厅 | 127.22平米 | 南 北,https://ke-image.ljcdn.com/110000-inspection/045a652f-b2eb-4500-9f1f-048ecc0640d5_1000.jpg!m_fill,w_280,h_210,f_jpg?from=ke.com
20241031,通州,通州其它,101125929804,芳草园别墅南院联排满五年唯一独立花园,780万,33093元/平,底层 (共2层) 8室2厅 | 235.7平米 | 南 北,https://ke-image.ljcdn.com/110000-inspection/4b72fc53-acdb-4cd4-9f5c-2f83afe5984c_1000.jpg!m_fill,w_280,h_210,f_jpg?from=ke.com
20241031,通州,通州其它,101125927818,南北通透三居 装修好 看房方便,480万,53976元/平,高楼层 (共11层) | 2016年 | 3室1厅 | 88.93平米 | 南 北,https://ke-image.ljcdn.com/110000-inspection/pc1_f5U962ACR_1.jpg!m_fill,w_280,h_210,f_jpg?from=ke.com
20241031,通州,通州其它,101125923531,400平院  满五唯一  北邻绿心公园,1650万,35692元/平,底层 (共3层) 7室5厅 | 462.3平米 | 南 北 东,https://ke-image.ljcdn.com/110000-inspection/pc1_ZJdCjbe47_1.jpg!m_fill,w_280,h_210,f_jpg?from=ke.com
20241031,通州,通州其它,101125922660,此房已经满五年了业主北京唯一住房 南北通透的两,145万,15103元/平,顶层 (共4层) 2室1厅 | 96.01平米 | 南 北,https://ke-image.ljcdn.com/110000-inspection/pc1_3HJnPj48J.jpg!m_fill,w_280,h_210,f_jpg?from=ke.com
20241031,通州,通州其它,101125913535,一梯两户人车分流直通地库的花园洋房您不考虑下房主自荐,387万,33877元/平,中楼层 (共5层) 3室2厅 | 114.24平米 | 南 北,https://ke-image.ljcdn.com/110000-inspection/pc1_ifwzXlG4u_1.jpg!m_fill,w_280,h_210,f_jpg?from=ke.com
20241031,通州,通州其它,101125884091,首开.缇香郡  南北通透精装修业主诚心出售。,200万,22661元/平,中楼层 (共8层) 3室1厅 | 88.26平米 | 南 北,https://ke-image.ljcdn.com/110000-inspection/pc1_k9steaIpS.jpg!m_fill,w_280,h_210,f_jpg?from=ke.com
20241031,通州,通州其它,101125854488,首开缇香郡顶层南北通透采光好,239万,27067元/平,高楼层 (共7层) 3室2厅 | 88.3平米 | 南 北,https://ke-image.ljcdn.com/110000-inspection/6407ca2e-1d94-44f3-8e6a-c1af9b73273a_1000.jpg!m_fill,w_280,h_210,f_jpg?from=ke.com
20241031,通州,通州其它,101125853820,首开缇香郡二期 2室1厅 南 北,240万,29091元/平,高楼层 (共11层) | 2017年 | 2室1厅 | 82.5平米 | 南 北,https://ke-image.ljcdn.com/110000-inspection/22bf23d1-23d1-45f0-99fa-19108582cc62_1000.jpg!m_fill,w_280,h_210,f_jpg?from=ke.com
20241031,通州,通州其它,101125852999,首开缇香郡二期 4室1厅 南 北,280万,31136元/平,顶层 (共10层) 4室1厅 | 89.93平米 | 南 北,https://ke-image.ljcdn.com/110000-inspection/2f78ed86-5a56-4e72-86bf-0ec21578a5ec_1000.jpg!m_fill,w_280,h_210,f_jpg?from=ke.com
20241031,通州,通州其它,101125831666,首开缇香郡二期 高楼层南北通透两居室 精装自住房,179万,21146元/平,高楼层 (共11层) 2室1厅 | 84.65平米 | 南 北,https://ke-image.ljcdn.com/110000-inspection/fdc55daa-9ecd-4b24-90f7-aff3db771f38_1000.jpg!m_fill,w_280,h_210,f_jpg?from=ke.com
20241031,通州,通州其它,101125801568,首开缇香郡二期 4室2厅 南 北,540万,31570元/平,中楼层 (共5层) 4室2厅 | 171.05平米 | 南 北,https://ke-image.ljcdn.com/110000-inspection/b54f23d3-8b6b-42df-be87-f103ab95fe46_1000.jpg!m_fill,w_280,h_210,f_jpg?from=ke.com
20241031,通州,通州其它,101125788196,首开缇香郡二期 3室2厅 南 北,259万,28801元/平,中楼层 (共10层) 3室2厅 | 89.93平米 | 南 北,https://ke-image.ljcdn.com/110000-inspection/6376fe12-ca5a-4d8b-aa65-74ff0155d3b0_1000.jpg!m_fill,w_280,h_210,f_jpg?from=ke.com
20241031,通州,通州其它,101125782959,融科千章墅东边户精装修挨着湖边私家电梯,2800万,54877元/平,底层 (共4层) 7室3厅 | 510.24平米 | 南 北,https://ke-image.ljcdn.com/110000-inspection/pc1_TKLi6HSPN_1.jpg!m_fill,w_280,h_210,f_jpg?from=ke.com
20241031,通州,通州其它,101125760944,此房满五唯一商品房南北通透格局17号线亦庄线,228万,27921元/平,顶层 (共5层) 2室1厅 | 81.66平米 | 南 北,https://ke-image.ljcdn.com/110000-inspection/fdf4ec81-d44e-42df-90ef-16d00356aa86_1000.jpg!m_fill,w_280,h_210,f_jpg?from=ke.com
20241031,通州,通州其它,101125757891,泰晤士印象  高楼层三居 户型方正 满五唯一,199万,19731元/平,高楼层 (共11层) | 2016年 | 3室1厅 | 100.86平米 | 南 北,https://ke-image.ljcdn.com/110000-inspection/2794c9c6-32c4-463b-ac4f-c0f7b8012766_1000.jpg!m_fill,w_280,h_210,f_jpg?from=ke.com
20241031,通州,通州其它,101125750036,旭辉御锦精装修直接入住大窗采光好南北通透,690万,40889元/平,高楼层 (共6层) | 2014年 | 4室2厅 | 168.75平米 | 南 北,https://ke-image.ljcdn.com/110000-inspection/pc1_DHsJ9edUO_1.jpg!m_fill,w_280,h_210,f_jpg?from=ke.com
20241031,通州,通州其它,101125736197,首开缇香郡中高层小洋房南北通透精装四居,270万,30246元/平,顶层 (共8层) 4室2厅 | 89.27平米 | 南 北,https://ke-image.ljcdn.com/110000-inspection/01a20587-8338-497a-a66d-26cc71bfd554_1000.jpg!m_fill,w_280,h_210,f_jpg?from=ke.com
20241031,通州,通州其它,101125726975,翡翠四季C区 中叠 万科精装 电梯入户 诚意卖,950万,61027元/平,中楼层 (共5层) 4室1厅 | 155.67平米 | 南 北,https://ke-image.ljcdn.com/110000-inspection/6f59c672-eb29-4d6e-b946-654eac0d132c_1000.jpg!m_fill,w_280,h_210,f_jpg?from=ke.com
20241031,通州,通州其它,101125726448,业主诚意出售装修保持良好满五唯一,440万,48824元/平,底层 (共11层) 3室1厅 | 90.12平米 | 南 北,https://ke-image.ljcdn.com/110000-inspection/4351ed2b-4bd7-40bc-80fb-6a917961da12_1000.jpg!m_fill,w_280,h_210,f_jpg?from=ke.com
20241031,通州,通州其它,101125719772,首开国风美仑 4室2厅 南 北,515万,36852元/平,高楼层 (共15层) 4室2厅 | 139.75平米 | 南 北,https://ke-image.ljcdn.com/110000-inspection/e768c7b0-9409-4af3-8631-5fcb60a731c7_1000.jpg!m_fill,w_280,h_210,f_jpg?from=ke.com
20241031,通州,通州其它,101125703922,汉斯格雅地暖大金中央空调大金水晶灯米乐电器,1280万,33094元/平,底层 (共6层) 4室2厅 | 386.78平米 | 北 南,https://ke-image.ljcdn.com/110000-inspection/738e1162-3cfc-49ae-b4a7-1af5ed43795d_1000.jpg!m_fill,w_280,h_210,f_jpg?from=ke.com
20241031,通州,通州其它,101125702076,首开缇香郡二期 4室2厅 南 北,730万,40883元/平,中楼层 (共4层) 4室2厅 | 178.56平米 | 南 北,https://ke-image.ljcdn.com/110000-inspection/pc1_3Z2hAT86Q.jpg!m_fill,w_280,h_210,f_jpg?from=ke.com
20241031,通州,通州其它,101125687653,润枫领尚 顶层边户小三居 精装修 满五唯一,475万,53234元/平,顶层 (共18层) | 2014年 | 3室1厅 | 89.23平米 | 南 北,https://ke-image.ljcdn.com/110000-inspection/pc1_CDnMwJAYK.jpg!m_fill,w_280,h_210,f_jpg?from=ke.com
20241031,通州,通州其它,101125679684,首开缇香郡视野好大面积单价低。,346万,23070元/平,底层 (共8层) 3室1厅 | 149.98平米 | 南 北,https://ke-image.ljcdn.com/110000-inspection/951e9f60-cb01-479c-a3f4-c21f4398f46b_1000.jpg!m_fill,w_280,h_210,f_jpg?from=ke.com
20241031,通州,通州其它,101125659136,阳光城京悦府 环境优美 居住舒适 临近地铁交通方便,1350万,88816元/平,中楼层 (共9层) 5室2厅 | 152平米 | 南 北,https://ke-image.ljcdn.com/110000-inspection/9023cae4-c29d-49dc-9c33-625fa0f62447_1000.jpg!m_fill,w_280,h_210,f_jpg?from=ke.com
20241031,通州,通州其它,101125645910,K2春风十里正规两居室采光好视野好业主诚意出售,119万,14638元/平,低楼层 (共27层) 2室2厅 | 81.3平米 | 南 北,https://ke-image.ljcdn.com/110000-inspection/pc1_lM1PhwJbQ.jpg!m_fill,w_280,h_210,f_jpg?from=ke.com
20241031,通州,通州其它,101125627370,旭辉上叠不临街不把边电梯直达业委会人车分流房主自荐,680万,40294元/平,高楼层 (共6层) | 2014年 | 4室3厅 | 168.76平米 | 南 北,https://ke-image.ljcdn.com/110000-inspection/pc1_RBh2o3tku.jpg!m_fill,w_280,h_210,f_jpg?from=ke.com
20241031,通州,通州其它,101125623497,独栋别墅业主诚意出售东边户临河视野好,3999万,90502元/平,底层 (共2层) 6室3厅 | 441.87平米 | 南 北,https://ke-image.ljcdn.com/110000-inspection/pc1_e0eXj00E9_1.jpg!m_fill,w_280,h_210,f_jpg?from=ke.com
20241031,通州,通州其它,101125612262,富力尚悦居A区 4室1厅 东 西,435万,30880元/平,低楼层 (共9层) | 2015年 | 4室1厅 | 140.87平米 | 东 西,https://ke-image.ljcdn.com/110000-inspection/pc1_O46uIevCK.jpg!m_fill,w_280,h_210,f_jpg?from=ke.com
20241031,通州,通州其它,101125607648,K2春风十里下跃的房子给您温馨的家,200万,25890元/平,底层 (共18层) | 2020年 | 4室2厅 | 77.25平米 | 南 北,https://ke-image.ljcdn.com/110000-inspection/pc1_tcLdeXOvC.jpg!m_fill,w_280,h_210,f_jpg?from=ke.com
20241031,通州,通州其它,101125605880,首开缇香郡二期精装修洋房下跃拎包入住。,488万,32064元/平,底层 (共5层) 4室2厅 | 152.2平米 | 南 北,https://ke-image.ljcdn.com/110000-inspection/0b936243-e8a6-4367-8812-270dd76a0b57_1000.jpg!m_fill,w_280,h_210,f_jpg?from=ke.com
20241031,通州,通州其它,101125595653,此房业主精装南北通透采光无遮挡 业主诚意出售,425万,46617元/平,中楼层 (共17层) 3室1厅 | 91.17平米 | 南 北,https://ke-image.ljcdn.com/110000-inspection/df750c56-15a7-42ac-b87e-044c485fa5f4_1000.jpg!m_fill,w_280,h_210,f_jpg?from=ke.com
20241031,通州,通州其它,101125590968,万驰家园南北通透户型好精装修,149万,16602元/平,顶层 (共6层) | 2009年 | 2室2厅 | 89.75平米 | 南 北,https://ke-image.ljcdn.com/110000-inspection/pc1_Z0MwPhGzU_1.jpg!m_fill,w_280,h_210,f_jpg?from=ke.com
20241031,通州,通州其它,101125587221,千章墅南北通透上叠产品前后无遮挡精装修房主自荐,1150万,45781元/平,中楼层 (共4层) | 2014年 | 4室2厅 | 251.2平米 | 南 北,https://ke-image.ljcdn.com/110000-inspection/pc1_cF15y1Yqm_1.jpg!m_fill,w_280,h_210,f_jpg?from=ke.com
20241031,通州,通州其它,101125578811,万驰家园南北通透户型好精装修,178万,28250元/平,低楼层 (共6层) 1室1厅 | 63.01平米 | 南 北,https://ke-image.ljcdn.com/110000-inspection/290aceaa-9fdf-482f-9507-565705fcf128_1000.jpg!m_fill,w_280,h_210,f_jpg?from=ke.com
20241031,通州,通州其它,101125578594,满五年唯一 首付33万 社保5年 精装修,129万,20457元/平,高楼层 (共6层) | 2009年 | 1室1厅 | 63.06平米 | 南 北,https://ke-image.ljcdn.com/110000-inspection/pc1_FeNlQcnqv_1.jpg!m_fill,w_280,h_210,f_jpg?from=ke.com
20241031,通州,通州其它,101125573559,通州新城 精装3居 南北通透 无遮挡 商品房房主自荐,210万,20234元/平,低楼层 (共14层) | 2016年 | 3室1厅 | 103.79平米 | 南 北,https://ke-image.ljcdn.com/110000-inspection/485f2761-c549-45ff-bc88-7f8775cc0970_1000.jpg!m_fill,w_280,h_210,f_jpg?from=ke.com
20241031,通州,通州其它,101125570178,润枫领尚 南北通透大四居 高楼层 位置视野好,835万,47622元/平,中楼层 (共11层) | 2014年 | 4室2厅 | 175.34平米 | 南 北,https://ke-image.ljcdn.com/110000-inspection/pc1_Tfo6GgGrP_1.jpg!m_fill,w_280,h_210,f_jpg?from=ke.com
20241031,通州,通州其它,101125561238,首开.缇香郡  三居室精装修,199万,22413元/平,中楼层 (共8层) 3室1厅 | 88.79平米 | 南 北,https://ke-image.ljcdn.com/110000-inspection/3e7efab2-a29e-402e-920c-074cd7fa8ff0_1000.jpg!m_fill,w_280,h_210,f_jpg?from=ke.com
20241031,通州,通州其它,101125555963,次新上叠别墅人车分流地下产权车位业委会房主自荐,560万,33233元/平,高楼层 (共6层) | 2014年 | 3室2厅 | 168.51平米 | 南 北,https://ke-image.ljcdn.com/110000-inspection/6950583f-5f33-4795-b0fb-609542a7ad87_1000.jpg!m_fill,w_280,h_210,f_jpg?from=ke.com
20241031,通州,通州其它,101125519963,润枫领尚 地下产权车位 位置好,26万,7947元/平,地下室 (共18层) | 2013年 | 1室0厅 | 32.72平米 | 东 南 西 北,https://ke-image.ljcdn.com/110000-inspection/b29c46d3-149a-4818-a6cb-d27166b13d1f_1000.jpg!m_fill,w_280,h_210,f_jpg?from=ke.com
20241031,通州,通州其它,101125494079,鲁能格拉斯小镇下叠精装修南北通透南入户。房主自荐,1380万,54078元/平,底层 (共2层) 5室3厅 | 255.19平米 | 南 北,https://ke-image.ljcdn.com/110000-inspection/pc1_RwvsPgJf8_1.jpg!m_fill,w_280,h_210,f_jpg?from=ke.com
20241031,通州,通州其它,101125514950,润枫领尚 精装南北三居 顶层复式边户 双层使用,430万,48131元/平,顶层 (共18层) | 2013年 | 3室1厅 | 89.34平米 | 东 南 北,https://ke-image.ljcdn.com/110000-inspection/pc1_rjlBRbORi_1.jpg!m_fill,w_280,h_210,f_jpg?from=ke.com
20241031,通州,通州其它,101125457904,通州北关 徐辛庄 两室一厅 大产权 满五年唯一,149万,21186元/平,中楼层 (共6层) 2室1厅 | 70.33平米 | 东 西,https://ke-image.ljcdn.com/110000-inspection/pc1_Q2WXKDllt_2.jpg!m_fill,w_280,h_210,f_jpg?from=ke.com
20241031,通州,通州其它,101125451034,全明格局南北通透诚意出售装修好,420万,46175元/平,低楼层 (共17层) | 2016年 | 3室1厅 | 90.96平米 | 南 北,https://ke-image.ljcdn.com/110000-inspection/dc0dee64-200c-41d1-8022-988abf045265_1000.jpg!m_fill,w_280,h_210,f_jpg?from=ke.com
20241031,通州,通州其它,101125415570,泰禾拾景园 下跃 南北通透 精装修拎包入住,1000万,78426元/平,底层 (共5层) 3室1厅 | 127.51平米 | 南 北,https://ke-image.ljcdn.com/110000-inspection/pc1_Bak43Ouzz.jpg!m_fill,w_280,h_210,f_jpg?from=ke.com
20241031,通州,通州其它,101125413439,富力尚悦居B区 1室1厅 西南,145万,25341元/平,高楼层 (共15层) | 2014年 | 1室1厅 | 57.22平米 | 西南,https://ke-image.ljcdn.com/110000-inspection/f2c50414-76c7-40ef-b566-378ba24d7107_1000.jpg!m_fill,w_280,h_210,f_jpg?from=ke.com
20241031,通州,通州其它,101125401628,通顺路 独栋别墅 南北通透 毛坯房 2016年建,2500万,69874元/平,底层 (共2层) | 2016年 | 5室2厅 | 357.79平米 | 南 北,https://ke-image.ljcdn.com/110000-inspection/pc1_hHWy5wfb4_2.jpg!m_fill,w_280,h_210,f_jpg?from=ke.com
20241031,通州,通州其它,101125394754,泰晤士印象 南北通透 上跃 毛坯交房 目前空置,259万,18091元/平,顶层 (共14层) | 2016年 | 3室2厅 | 143.17平米 | 南 北,https://ke-image.ljcdn.com/110000-inspection/pc1_uXGjB6KqO.jpg!m_fill,w_280,h_210,f_jpg?from=ke.com
20241031,通州,通州其它,101125390953,首开香溪郡下跃户型洋房 精装修 户型方正布局合理房主自荐,515万,26733元/平,底层 (共6层) 5室2厅 | 192.65平米 | 南 北,https://ke-image.ljcdn.com/110000-inspection/pc1_LORsUCpyh.jpg!m_fill,w_280,h_210,f_jpg?from=ke.com
20241031,通州,通州其它,101125384452,泰禾拾景园 7室1厅 南 北,888万,70010元/平,底层 (共6层) | 2016年 | 7室1厅 | 126.84平米 | 南 北,https://ke-image.ljcdn.com/110000-inspection/pc1_t0oUBoxW6_1.jpg!m_fill,w_280,h_210,f_jpg?from=ke.com
20241031,通州,通州其它,101125382384,十里春风 车位,11万,3035元/平,地下室 | 2020年 | 1室0厅 | 36.25平米 | 南,https://ke-image.ljcdn.com/110000-inspection/3ba17e64-f898-41f4-9d96-e93b592e7e1c_1000.jpg!m_fill,w_280,h_210,f_jpg?from=ke.com
20241031,通州,通州其它,101125379748,润枫领尚 3室1厅 南 北,413万,46842元/平,中楼层 (共18层) | 2013年 | 3室1厅 | 88.17平米 | 南 北,https://ke-image.ljcdn.com/110000-inspection/5c23fda2-5ecd-4bd8-a23f-3ca18ae64077_1000.jpg!m_fill,w_280,h_210,f_jpg?from=ke.com
20241031,通州,通州其它,101125373433,润枫领尚 地下产权车位 诚意出售,25.8万,7886元/平,地下室 (共18层) | 2013年 | 1室0厅 | 32.72平米 | 南 北,https://ke-image.ljcdn.com/110000-inspection/pc1_kaVaNWtzv.jpg!m_fill,w_280,h_210,f_jpg?from=ke.com
20241031,通州,通州其它,101125366218,首开缇香郡二期 4室2厅 南 北,568万,33678元/平,中楼层 (共4层) | 2019年 | 4室2厅 | 168.66平米 | 南 北,https://ke-image.ljcdn.com/110000-inspection/a360f585-cde1-49aa-b2ce-1024e4d43428_1000.jpg!m_fill,w_280,h_210,f_jpg?from=ke.com
20241031,通州,通州其它,101125333304,东亚印象台湖 精装修 满五唯一 电梯房 采光好,185万,28875元/平,低楼层 (共12层) | 2015年 | 2室1厅 | 64.07平米 | 南,https://ke-image.ljcdn.com/110000-inspection/pc1_Al3FfjxzO.jpg!m_fill,w_280,h_210,f_jpg?from=ke.com
20241031,通州,通州其它,101125322251,盛通绿色家园 5室2厅 北,1000万,52008元/平,底层 (共2层) | 2003年 | 5室2厅 | 192.28平米 | 北,https://ke-image.ljcdn.com/110000-inspection/pc1_ACliyt6Zn_1.jpg!m_fill,w_280,h_210,f_jpg?from=ke.com
20241031,通州,通州其它,101125288928,十里春风 3室1厅 南 北,199万,22060元/平,高楼层 (共18层) | 2020年 | 3室1厅 | 90.21平米 | 南 北,https://ke-image.ljcdn.com/110000-inspection/pc1_CLIhwxC7U.jpg!m_fill,w_280,h_210,f_jpg?from=ke.com
20241031,通州,通州其它,101125246566,鲁能格拉斯小镇 二期独栋 诚心出售 看房方便。,2700万,50670元/平,底层 (共4层) 5室2厅 | 532.86平米 | 南 北,https://ke-image.ljcdn.com/110000-inspection/7cea59a5-0931-4ec8-b39e-43761a692f13_1000.jpg!m_fill,w_280,h_210,f_jpg?from=ke.com
20241031,通州,通州其它,101125246010,鲁能格拉斯小镇 一期独栋 业主诚心出售 看房方便,3800万,57856元/平,底层 (共3层) 6室3厅 | 656.81平米 | 东 南 西 北,https://ke-image.ljcdn.com/110000-inspection/pc1_1smrtWBKx_2.jpg!m_fill,w_280,h_210,f_jpg?from=ke.com
20241031,通州,通州其它,101125224740,东惠家园4号院 3室2厅 南 北,350万,32462元/平,中楼层 (共27层) | 2021年 | 3室2厅 | 107.82平米 | 南 北,https://ke-image.ljcdn.com/110000-inspection/59a8cd55-0dfd-444c-babe-e4b70e694e16_1000.jpg!m_fill,w_280,h_210,f_jpg?from=ke.com
20241031,通州,通州其它,101125220449,阳光城京悦府 5室3厅 南 北房主自荐,1260万,97728元/平,底层 (共9层) 5室3厅 | 128.93平米 | 南 北,https://ke-image.ljcdn.com/110000-inspection/pc1_vCbg6s6Xg.jpg!m_fill,w_280,h_210,f_jpg?from=ke.com
20241031,通州,通州其它,101125215489,富力尚悦居A区 4室2厅 南 北房主自荐,666万,34580元/平,高楼层 (共20层) | 2015年 | 4室2厅 | 192.6平米 | 南 北,https://ke-image.ljcdn.com/110000-inspection/pc1_qAVdlFIFk_1.jpg!m_fill,w_280,h_210,f_jpg?from=ke.com
20241031,通州,通州其它,101125208853,十里春风出售排屋精装修满两年随时看房,550万,34337元/平,底层 (共4层) | 2020年 | 4室2厅 | 160.18平米 | 南 北,https://ke-image.ljcdn.com/110000-inspection/pc1_ciQPQH9dp_1.jpg!m_fill,w_280,h_210,f_jpg?from=ke.com
20241031,通州,通州其它,101125206292,仅契税商品房17号线次渠站700米（高德地图）,310万,33587元/平,低楼层 (共6层) 2室2厅 | 92.3平米 | 南 北,https://ke-image.ljcdn.com/110000-inspection/40fdcfc9-257b-4bdd-8660-0c6a4af928cc_1000.jpg!m_fill,w_280,h_210,f_jpg?from=ke.com
20241031,通州,通州其它,101125188036,首开缇香郡二期满五唯一南北通透,370万,25835元/平,中楼层 (共4层) 4室2厅 | 143.22平米 | 南 北,https://ke-image.ljcdn.com/110000-inspection/pc1_z728gRpEi.jpg!m_fill,w_280,h_210,f_jpg?from=ke.com
20241031,通州,通州其它,101125181608,紫峰东里二区 南北通透3+1眼睛户型 自住保持良好,290万,20690元/平,顶层 (共6层) 3室2厅 | 140.17平米 | 南 北,https://ke-image.ljcdn.com/110000-inspection/75d87d34-00a9-4ec4-8093-88ee7cd06aa2_1000.jpg!m_fill,w_280,h_210,f_jpg?from=ke.com
20241031,通州,通州其它,101125177339,翡翠四季A区 高品质叠拼 环境好 周边配套齐全,1100万,106724元/平,中楼层 (共5层) | 2018年 | 4室2厅 | 103.07平米 | 南 北,https://ke-image.ljcdn.com/110000-inspection/95fe56ae-de4f-45db-90af-13324d64d8f7_1000.jpg!m_fill,w_280,h_210,f_jpg?from=ke.com
20241031,通州,通州其它,101125171855,首开香溪郡南区：5层的花园洋房人车分流自住装修房主自荐,405万,33734元/平,中楼层 (共5层) 3室1厅 | 120.06平米 | 南 北,https://ke-image.ljcdn.com/110000-inspection/52e49a77-2b87-4b29-94ad-0ea53cf813fd_1000.jpg!m_fill,w_280,h_210,f_jpg?from=ke.com
20241031,通州,通州其它,101125154029,南北通透四居室万科开发精装万科物业诚意出售,800万,64909元/平,高楼层 (共18层) | 2020年 | 4室2厅 | 123.25平米 | 南 北,https://ke-image.ljcdn.com/110000-inspection/55b10822-ddef-40c4-bfe6-04f19a516943_1000.jpg!m_fill,w_280,h_210,f_jpg?from=ke.com
20241031,通州,通州其它,101125147119,诚意出售 随时可签 电梯房 次新房 高层视野好,208万,31635元/平,顶层 (共12层) | 2014年 | 2室1厅 | 65.75平米 | 南 北,https://ke-image.ljcdn.com/110000-inspection/6e430f02-eb7f-4bdb-bea2-b14816af8331_1000.jpg!m_fill,w_280,h_210,f_jpg?from=ke.com
20241031,通州,通州其它,101125140259,台湖·银河湾精装修三居室诚意出售,448万,56183元/平,高楼层 (共18层) 3室1厅 | 79.74平米 | 南 北,https://ke-image.ljcdn.com/110000-inspection/pc1_fTsAdCTrH_1.jpg!m_fill,w_280,h_210,f_jpg?from=ke.com
20241031,通州,通州其它,101125104300,旭辉御锦精装修上叠 电梯入户,750万,44500元/平,高楼层 (共6层) | 2014年 | 4室2厅 | 168.54平米 | 南 北,https://ke-image.ljcdn.com/110000-inspection/pc1_sshrmnTWI.jpg!m_fill,w_280,h_210,f_jpg?from=ke.com
20241031,通州,通州其它,101125101351,融科千章墅精装下叠 别墅私家电梯入户 前后花园,1400万,35697元/平,底层 (共4层) 9室1厅 | 392.2平米 | 南 北,https://ke-image.ljcdn.com/110000-inspection/55bbcd88-929f-4bbd-92af-c9f7066e8d83_1000.jpg!m_fill,w_280,h_210,f_jpg?from=ke.com
20241031,通州,通州其它,101125085917,泰禾四居室精装修高楼层全明格局,675万,52888元/平,高楼层 (共20层) 4室1厅 | 127.63平米 | 南 西 北,https://ke-image.ljcdn.com/110000-inspection/pc1_CojkH22ef_1.jpg!m_fill,w_280,h_210,f_jpg?from=ke.com
20241031,通州,通州其它,101125059554,楼层好视野宽阔满五唯一。大面积单价低,340万,24412元/平,底层 (共4层) | 2017年 | 3室2厅 | 139.28平米 | 南 北,https://ke-image.ljcdn.com/110000-inspection/pc1_vK1s65xOq.jpg!m_fill,w_280,h_210,f_jpg?from=ke.com
20241031,通州,通州其它,101125057314,首开缇香郡中间户南北户型1层下跃,355万,24121元/平,底层 (共11层) | 2016年 | 3室2厅 | 147.18平米 | 南 北,https://ke-image.ljcdn.com/110000-inspection/pc1_SaD17gzpm.jpg!m_fill,w_280,h_210,f_jpg?from=ke.com
20241031,通州,通州其它,101125042716,翡翠四季C区精装修万科开发,980万,92918元/平,顶层 (共4层) 4室1厅 | 105.47平米 | 南 北,https://ke-image.ljcdn.com/110000-inspection/pc1_xoVDYimEx.jpg!m_fill,w_280,h_210,f_jpg?from=ke.com
20241031,通州,通州其它,101124980793,十里春风 3室1厅 南 北,309万,19606元/平,底层 (共3层) | 2020年 | 3室1厅 | 157.61平米 | 南 北,https://ke-image.ljcdn.com/110000-inspection/pc1_NRbgzah9K.jpg!m_fill,w_280,h_210,f_jpg?from=ke.com
20241031,通州,通州其它,101124977267,首开缇香郡二期 低楼层 南北通透,195万,21835元/平,低楼层 (共10层) | 2019年 | 3室1厅 | 89.31平米 | 南 北,https://ke-image.ljcdn.com/110000-inspection/c8bad1ee-70dd-4f58-b25f-25424275a0bc_1000.jpg!m_fill,w_280,h_210,f_jpg?from=ke.com
20241031,通州,通州其它,101124973993,首开国风美仑正规一居室满五唯一,178万,33484元/平,高楼层 (共16层) | 2013年 | 1室1厅 | 53.16平米 | 南,https://ke-image.ljcdn.com/110000-inspection/efdd8bfd-26a6-4b94-8fe6-e248c77749a3_1000.jpg!m_fill,w_280,h_210,f_jpg?from=ke.com
20241031,通州,通州其它,101124972528,首开国风美仑 3室1厅 南 北,320万,31385元/平,高楼层 (共16层) | 2013年 | 3室1厅 | 101.96平米 | 南 北,https://ke-image.ljcdn.com/110000-inspection/pc1_s7qpMv2ck.jpg!m_fill,w_280,h_210,f_jpg?from=ke.com
20241031,通州,通州其它,101124970604,首开国风美仑小区七号院精装修视野好业主诚心出售,200万,27469元/平,高楼层 (共15层) | 2013年 | 2室1厅 | 72.81平米 | 南,https://ke-image.ljcdn.com/110000-inspection/c2c1f980-8b55-4e5a-b37e-51485d693134_1000.jpg!m_fill,w_280,h_210,f_jpg?from=ke.com
20241031,通州,通州其它,101124969267,翡翠四季C区万科开发商精装万科物业,979万,62705元/平,中楼层 (共4层) 4室2厅 | 156.13平米 | 南 北,https://ke-image.ljcdn.com/110000-inspection/e86ad309-2975-4721-b092-c1529cc7002f_1000.jpg!m_fill,w_280,h_210,f_jpg?from=ke.com
20241031,通州,通州其它,101124962776,润枫领尚 南北通透 现代风精装修小三居 视野好,435万,49421元/平,高楼层 (共18层) | 2014年 | 3室1厅 | 88.02平米 | 南 北,https://ke-image.ljcdn.com/110000-inspection/df3df4f0-4f66-40d1-afcb-d67fcecba353_1000.jpg!m_fill,w_280,h_210,f_jpg?from=ke.com
20241031,通州,通州其它,101124954388,鲁能格拉斯小镇 700平独栋 精装修 室内带电梯,4700万,99379元/平,顶层 (共2层) | 2013年 | 6室3厅 | 472.94平米 | 南 北,https://ke-image.ljcdn.com/110000-inspection/pc1_gsipvB5yh.jpg!m_fill,w_280,h_210,f_jpg?from=ke.com
20241031,通州,通州其它,101124946695,翡翠四季A区一层花园洋房诚意出售,720万,55971元/平,底层 (共9层) 4室2厅 | 128.64平米 | 南 北,https://ke-image.ljcdn.com/110000-inspection/pc1_azDd8Uqcf_1.jpg!m_fill,w_280,h_210,f_jpg?from=ke.com
20241031,通州,通州其它,101124932883,首开南区南北落地窗上下楼分开精致装修保持好。房主自荐,695万,36039元/平,底层 (共6层) 4室2厅 | 192.85平米 | 南 北,https://ke-image.ljcdn.com/110000-inspection/pc1_T53MUdUkM_1.jpg!m_fill,w_280,h_210,f_jpg?from=ke.com
20241031,通州,通州其它,101124899049,次渠北里二区 1室1厅 东,190万,31773元/平,中楼层 (共18层) | 2012年 | 1室1厅 | 59.8平米 | 东,https://ke-image.ljcdn.com/110000-inspection/8cbff051-0acb-4af4-8889-b187fdfe500e_1000.jpg!m_fill,w_280,h_210,f_jpg?from=ke.com
20241031,通州,通州其它,101124885433,叠拼户型独立私家入户24小时安保,1580万,134343元/平,底层 (共4层) 5室2厅 | 117.61平米 | 南 北,https://ke-image.ljcdn.com/110000-inspection/pc1_OFlS98P1c.jpg!m_fill,w_280,h_210,f_jpg?from=ke.com
20241031,通州,通州其它,101124865291,首开国风美仑满五唯一高楼层业主诚心出售,238万,31395元/平,高楼层 (共16层) 2室1厅 | 75.81平米 | 南,https://ke-image.ljcdn.com/110000-inspection/cb6d0d61-50cf-4e7e-a97f-19158ecbdfa2_1000.jpg!m_fill,w_280,h_210,f_jpg?from=ke.com
20241031,通州,通州其它,101124860961,定海园二里 3室2厅 南 北,510万,42476元/平,顶层 (共11层) 3室2厅 | 120.07平米 | 南 北,https://ke-image.ljcdn.com/110000-inspection/da9013e0-6404-4ddc-824e-9d4445280d08_1000.jpg!m_fill,w_280,h_210,f_jpg?from=ke.com
20241031,通州,通州其它,101124854847,万驰家园正规两居厨房有阳台南北通透,168万,17574元/平,顶层 (共6层) 2室1厅 | 95.6平米 | 南 北,https://ke-image.ljcdn.com/110000-inspection/c8973587-468c-484d-96c7-64e99e7216db_1000.jpg!m_fill,w_280,h_210,f_jpg?from=ke.com
20241031,通州,通州其它,101124844422,首开.缇香郡南北通透小两居。,175万,25425元/平,低楼层 (共16层) | 2016年 | 2室1厅 | 68.83平米 | 南 北,https://ke-image.ljcdn.com/110000-inspection/4c0b0b21-1cb5-4455-b057-ccdb73798ec5_1000.jpg!m_fill,w_280,h_210,f_jpg?from=ke.com
20241031,通州,通州其它,101124822815,东亚印象台湖 2室1厅 南,190万,29276元/平,中楼层 (共12层) 2室1厅 | 64.9平米 | 南,https://ke-image.ljcdn.com/110000-inspection/9c3cf6b6-3a4a-47b5-b7e7-37df696710d2_1000.jpg!m_fill,w_280,h_210,f_jpg?from=ke.com
20241031,通州,通州其它,101124779438,旭辉御锦边户型明卫精装修电梯入户南北通透房主自荐,700万,39807元/平,高楼层 (共6层) | 2014年 | 2室2厅 | 175.85平米 | 南 北,https://ke-image.ljcdn.com/110000-inspection/pc1_ylj7aHOlw_2.jpg!m_fill,w_280,h_210,f_jpg?from=ke.com
20241031,通州,通州其它,101124750852,泰禾拾景园 4室2厅 南 北,679万,53201元/平,中楼层 (共20层) | 2016年 | 4室2厅 | 127.63平米 | 南 北,https://ke-image.ljcdn.com/110000-inspection/pc1_A8bdVbk3Z.jpg!m_fill,w_280,h_210,f_jpg?from=ke.com
20241031,通州,通州其它,101124742648,泰禾拾景园 高品质洋房社区一层下跃 大空间,900万,70733元/平,底层 (共4层) 6室2厅 | 127.24平米 | 南 北,https://ke-image.ljcdn.com/110000-inspection/pc1_hwV39Lde6.jpg!m_fill,w_280,h_210,f_jpg?from=ke.com
20241031,通州,通州其它,101124741355,泰禾拾景园 一层下跃 南北采光井 大空间,900万,70318元/平,底层 (共4层) 6室2厅 | 127.99平米 | 南 北,https://ke-image.ljcdn.com/110000-inspection/8313437b-1c3b-4068-a66d-7ddb4b19139a_1000.jpg!m_fill,w_280,h_210,f_jpg?from=ke.com
20241031,通州,通州其它,101124730547,泰禾一号院 9室4厅 南 北,1700万,45327元/平,底层 (共3层) 9室4厅 | 375.06平米 | 南 北,https://ke-image.ljcdn.com/110000-inspection/6e16cc2c-4871-4794-ac16-a603124b5b20_1000.jpg!m_fill,w_280,h_210,f_jpg?from=ke.com
20241031,通州,通州其它,101124681359,首开香溪郡精装下跃户型方正布局合理业主靠谱出售,520万,31791元/平,底层 (共8层) | 2017年 | 4室2厅 | 163.57平米 | 南 北,https://ke-image.ljcdn.com/110000-inspection/d69dcb47-c84c-40c6-ba2b-155a60ffdc2b_1000.jpg!m_fill,w_280,h_210,f_jpg?from=ke.com
20241031,通州,通州其它,101124666270,此房满五唯一楼层好明厨精装修户型方正,190万,29549元/平,中楼层 (共12层) 2室1厅 | 64.3平米 | 南,https://ke-image.ljcdn.com/110000-inspection/a47c889d-b7c1-4c34-861c-098c63c4f160_1000.jpg!m_fill,w_280,h_210,f_jpg?from=ke.com
20241031,通州,通州其它,101124660021,满五年唯一商品房南北通透电梯房精装修,215万,24432元/平,低楼层 (共8层) 3室1厅 | 88平米 | 南 北,https://ke-image.ljcdn.com/110000-inspection/31d44154-7718-446d-a9c7-ce9f3a9fbb56_1000.jpg!m_fill,w_280,h_210,f_jpg?from=ke.com
20241031,通州,通州其它,101124658169,首开缇香郡二期花园别墅业主诚心出售。,349万,22361元/平,底层 (共4层) | 2017年 | 4室2厅 | 156.08平米 | 南 北,https://ke-image.ljcdn.com/110000-inspection/pc1_tEMHQIVPI_1.jpg!m_fill,w_280,h_210,f_jpg?from=ke.com
20241031,通州,通州其它,101124651992,首开缇香郡 下跃 满五唯一随时签约,365万,24292元/平,底层 (共8层) 3室1厅 | 150.26平米 | 南 北,https://ke-image.ljcdn.com/110000-inspection/pc1_uB5YF7LYA.jpg!m_fill,w_280,h_210,f_jpg?from=ke.com
20241031,通州,通州其它,101124642545,首开缇香郡 精装一层下跃 满五年 随时看房诚心出售,460万,23944元/平,底层 (共8层) 5室3厅 | 192.12平米 | 南 北,https://ke-image.ljcdn.com/110000-inspection/d33867da-d24a-4512-9405-e3db02909d05_1000.jpg!m_fill,w_280,h_210,f_jpg?from=ke.com
20241031,通州,通州其它,101124628745,首开缇香郡  满五唯一  精装修 拎包入住,138万,24369元/平,低楼层 (共16层) | 2016年 | 1室1厅 | 56.63平米 | 南,https://ke-image.ljcdn.com/110000-inspection/pc1_dEjKo0kNQ.jpg!m_fill,w_280,h_210,f_jpg?from=ke.com
20241031,通州,通州其它,101124620174,阳光城京悦府 6室3厅 南 北,1250万,97246元/平,中楼层 (共4层) | 2019年 | 6室3厅 | 128.54平米 | 南 北,https://ke-image.ljcdn.com/110000-inspection/ab288533-29e1-43a0-ad69-f32d7e0e297c_1000.jpg!m_fill,w_280,h_210,f_jpg?from=ke.com
20241031,通州,通州其它,101124613287,此房是两居装修好无遮挡采光好南北通透,505万,60306元/平,中楼层 (共15层) 2室2厅 | 83.74平米 | 南 北,https://ke-image.ljcdn.com/110000-inspection/pc1_z50zXvrVK.jpg!m_fill,w_280,h_210,f_jpg?from=ke.com
20241031,通州,通州其它,101124605094,旭辉御锦 4室2厅 南 北,720万,42728元/平,高楼层 (共6层) 4室2厅 | 168.51平米 | 南 北,https://ke-image.ljcdn.com/110000-inspection/pc1_QRfc39qBZ_1.jpg!m_fill,w_280,h_210,f_jpg?from=ke.com
20241031,通州,通州其它,101124567008,首开缇香郡 精装自住上叠别墅 业主换房诚意出售,330万,22936元/平,中楼层 (共4层) 3室2厅 | 143.88平米 | 南 北,https://ke-image.ljcdn.com/110000-inspection/pc1_1Gh3pwWem.jpg!m_fill,w_280,h_210,f_jpg?from=ke.com
20241031,通州,通州其它,101124591629,首开缇香郡二期楼层好视野宽阔交通便利,209万,23619元/平,中楼层 (共11层) 3室1厅 | 88.49平米 | 南 北,https://ke-image.ljcdn.com/110000-inspection/pc1_RmIHzkWqF.jpg!m_fill,w_280,h_210,f_jpg?from=ke.com
20241031,通州,通州其它,101124587051,首付20%  临小中河近东郊湿地公园上市地产,1280万,32605元/平,底层 (共4层) | 2014年 | 6室2厅 | 392.58平米 | 南 北,https://ke-image.ljcdn.com/110000-inspection/d0228dcb-422e-4366-a4a1-eea261b578b0_1000.jpg!m_fill,w_280,h_210,f_jpg?from=ke.com
20241031,通州,通州其它,101124586524,首开缇香郡 车位,12.5万,3046元/平,地下室 (共11层) | 2016年 | 1室0厅 | 41.05平米 | 南 北,https://ke-image.ljcdn.com/110000-inspection/6f378797-a7d7-4f87-b58a-8efae0775178_1000.jpg!m_fill,w_280,h_210,f_jpg?from=ke.com
20241031,通州,通州其它,101124573101,首开.缇香郡正规一居室全南朝向。,162万,29439元/平,中楼层 (共16层) | 2016年 | 1室1厅 | 55.03平米 | 南,https://ke-image.ljcdn.com/110000-inspection/5bcb277e-230d-40a4-a590-99fa57282f4c_1000.jpg!m_fill,w_280,h_210,f_jpg?from=ke.com
20241031,通州,通州其它,101124571184,首开缇香郡 高楼层 南北通透  拎包入住,155万,24964元/平,顶层 (共16层) | 2016年 | 1室1厅 | 62.09平米 | 南 北,https://ke-image.ljcdn.com/110000-inspection/pc1_B1vXKCAQL.jpg!m_fill,w_280,h_210,f_jpg?from=ke.com
20241031,通州,通州其它,101124565789,首开缇香郡二期满五唯一业主自住精装修。即可。,225万,25404元/平,中楼层 (共11层) 3室1厅 | 88.57平米 | 南 北,https://ke-image.ljcdn.com/110000-inspection/pc1_XwAlhyq8M.jpg!m_fill,w_280,h_210,f_jpg?from=ke.com
20241031,通州,通州其它,101124551718,近公园 南北通透电梯洋房 上市物业绿化30人车分流,438万,37484元/平,中楼层 (共6层) | 2018年 | 3室2厅 | 116.85平米 | 南 北,https://ke-image.ljcdn.com/110000-inspection/ee959078-5346-4449-9e92-570b7268aa32_1000.jpg!m_fill,w_280,h_210,f_jpg?from=ke.com
20241031,通州,通州其它,101124538438,东边户上叠别墅电梯入户精装修管家管理。房主自荐,730万,40733元/平,高楼层 (共6层) | 2014年 | 3室1厅 | 179.22平米 | 南 北,https://ke-image.ljcdn.com/110000-inspection/pc1_8EqEQrZ3g_1.jpg!m_fill,w_280,h_210,f_jpg?from=ke.com
20241031,通州,通州其它,101124537286,别墅中叠东边户 明厨明卫 南北通透 电梯刷卡入户,718万,35431元/平,中楼层 (共6层) | 2014年 | 4室1厅 | 202.65平米 | 东 南 北,https://ke-image.ljcdn.com/110000-inspection/pc1_qmNIlcVbD_1.jpg!m_fill,w_280,h_210,f_jpg?from=ke.com
20241031,通州,通州其它,101124515597,首开万科城市之光 地下产权车位 业主诚意出售,24万,7253元/平,地下室 (共2层) 1室0厅 | 33.09平米 | 南,https://ke-image.ljcdn.com/110000-inspection/a24549db-3125-4072-9df6-411f1dffef62_1000.jpg!m_fill,w_280,h_210,f_jpg?from=ke.com
20241031,通州,通州其它,101124515537,首开万科城市之光 盛达嘉园 重新装修 中间位置房主自荐,500万,55655元/平,低楼层 (共11层) 3室2厅 | 89.84平米 | 南 北,https://ke-image.ljcdn.com/110000-inspection/2cef95f6-c10c-402d-8a8f-2bd123f87777_1000.jpg!m_fill,w_280,h_210,f_jpg?from=ke.com
20241031,通州,通州其它,101124507904,鲁能格拉斯小镇采光好可观河带挑空诚意售,1600万,48559元/平,中楼层 (共4层) | 2021年 | 4室3厅 | 329.5平米 | 南 北,https://ke-image.ljcdn.com/110000-inspection/pc1_Hsm0kvlcM_1.jpg!m_fill,w_280,h_210,f_jpg?from=ke.com
20241031,通州,通州其它,101124475420,鲁能格拉斯小镇 三期独栋 精装修 二成首付,3600万,81901元/平,顶层 (共2层) | 2014年 | 6室3厅 | 439.56平米 | 南 北,https://ke-image.ljcdn.com/110000-inspection/pc1_iqiQchoGy_1.jpg!m_fill,w_280,h_210,f_jpg?from=ke.com
20241031,通州,通州其它,101124441730,润枫领尚 车位,27万,8252元/平,地下室 (共18层) | 2013年 | 1室0厅 | 32.72平米 | 南,https://ke-image.ljcdn.com/110000-inspection/c172c1a6-db29-4f9a-a95e-48b3b7f37451_1000.jpg!m_fill,w_280,h_210,f_jpg?from=ke.com
20241031,通州,通州其它,101124441200,华馨园 亦庄新城 商品房社区 南北通透板楼复式,350万,23906元/平,高楼层 (共6层) 4室1厅 | 146.41平米 | 南 北,https://ke-image.ljcdn.com/110000-inspection/b2189b58-2909-47c1-b8ad-f70fd78dbdcc_1000.jpg!m_fill,w_280,h_210,f_jpg?from=ke.com
20241031,通州,通州其它,101124429951,首开缇香郡二期采光充足配套设施齐全,225万,26650元/平,中楼层 (共11层) 2室1厅 | 84.43平米 | 南 北,https://ke-image.ljcdn.com/110000-inspection/b99e3dd5-71c1-4cef-b858-ff29a316e571_1000.jpg!m_fill,w_280,h_210,f_jpg?from=ke.com
20241031,通州,通州其它,101124424287,上下五层叠拼别墅 上市公司管家服务 有内部私家电梯,1720万,43856元/平,底层 (共4层) 5室2厅 | 392.2平米 | 南 北,https://ke-image.ljcdn.com/110000-inspection/pc1_YH6DvV5IT_1.jpg!m_fill,w_280,h_210,f_jpg?from=ke.com
20241031,通州,通州其它,101124411364,国风美仑地下车位中间位置诚意出售,16万,4383元/平,地下室 (共16层) 1室0厅 | 36.51平米 | 南,https://ke-image.ljcdn.com/110000-inspection/pc1_ay20jCQd3.jpg!m_fill,w_280,h_210,f_jpg?from=ke.com
20241031,通州,通州其它,101124374553,首开缇香郡采光充足配套设施齐全,258万,29279元/平,高楼层 (共8层) | 2016年 | 3室1厅 | 88.12平米 | 南 北,https://ke-image.ljcdn.com/110000-inspection/pc1_Kyv9v6XC8.jpg!m_fill,w_280,h_210,f_jpg?from=ke.com
20241031,通州,通州其它,101124356394,南北通透下叠别墅 纯毛坯次新房 环境好有产权车位,1120万,46761元/平,底层 (共4层) 6室4厅 | 239.52平米 | 南 北,https://ke-image.ljcdn.com/110000-inspection/pc1_gTIXOQvMw_1.jpg!m_fill,w_280,h_210,f_jpg?from=ke.com
20241031,通州,通州其它,101124353497,富力尚悦居D区 商品房 精装修 仅契税 70年大产权,169万,30013元/平,中楼层 (共15层) | 2015年 | 1室1厅 | 56.31平米 | 南,https://ke-image.ljcdn.com/110000-inspection/472caaa2-7621-42b3-bcc8-4ba9cd2a2dad_1000.jpg!m_fill,w_280,h_210,f_jpg?from=ke.com
20241031,通州,通州其它,101124349823,旭辉御锦 5室2厅 南 北,850万,43523元/平,中楼层 (共6层) | 2014年 | 5室2厅 | 195.3平米 | 南 北,https://ke-image.ljcdn.com/110000-inspection/pc1_xcaDSfTyQ_1.jpg!m_fill,w_280,h_210,f_jpg?from=ke.com
20241031,通州,通州其它,101124332359,近公园电梯洋房 一梯二户 人车分流 直通地库,448万,35116元/平,中楼层 (共6层) 4室1厅 | 127.58平米 | 南 北,https://ke-image.ljcdn.com/110000-inspection/89027991-57e2-4296-bc91-347a48d039e8_1000.jpg!m_fill,w_280,h_210,f_jpg?from=ke.com
20241031,通州,通州其它,101124330072,首开.缇香郡满五唯一业主诚心出售。,328万,22898元/平,中楼层 (共5层) | 2016年 | 3室2厅 | 143.25平米 | 南 北,https://ke-image.ljcdn.com/110000-inspection/pc1_X1yuSmL50_1.jpg!m_fill,w_280,h_210,f_jpg?from=ke.com
20241031,通州,通州其它,101124319787,十里春风出售两居室户型楼层好户型佳,120万,16721元/平,中楼层 (共22层) | 2020年 | 2室1厅 | 71.77平米 | 南,https://ke-image.ljcdn.com/110000-inspection/pc1_u5xGowh9R.jpg!m_fill,w_280,h_210,f_jpg?from=ke.com
20241031,通州,通州其它,101124314683,富力尚悦居A区 精装修 电梯房 一层采光好,490万,36080元/平,底层 (共20层) | 2015年 | 3室1厅 | 135.81平米 | 南 北,https://ke-image.ljcdn.com/110000-inspection/b458e415-7bf6-495e-81a9-ce36796c36f7_1000.jpg!m_fill,w_280,h_210,f_jpg?from=ke.com
20241031,通州,通州其它,101124280101,旭辉御锦精装修边户型采光好南北通透,660万,36827元/平,高楼层 (共6层) | 2014年 | 2室2厅 | 179.22平米 | 南 北,https://ke-image.ljcdn.com/110000-inspection/pc1_yH8YuVmT5_1.jpg!m_fill,w_280,h_210,f_jpg?from=ke.com
20241031,通州,通州其它,101124275421,润枫领尚高层挑空户型 南北通透 高楼层 视野好,700万,44641元/平,顶层 (共11层) 5室2厅 | 156.81平米 | 南 北,https://ke-image.ljcdn.com/110000-inspection/pc1_dMHQ6dzEY_1.jpg!m_fill,w_280,h_210,f_jpg?from=ke.com
20241031,通州,通州其它,101124272905,泰禾中国院子采光好视野宽阔交通便利,4800万,94909元/平,底层 (共2层) | 2010年 | 5室2厅 | 505.75平米 | 南 北,https://ke-image.ljcdn.com/110000-inspection/b271def3-e1c4-463b-86cd-ad51aa6a7da9_1000.jpg!m_fill,w_280,h_210,f_jpg?from=ke.com
20241031,通州,通州其它,101124272859,融科千章墅 5室2厅 南 北,2500万,55064元/平,底层 (共3层) 5室2厅 | 454.02平米 | 南 北,https://ke-image.ljcdn.com/110000-inspection/pc1_1qan6OVS0_1.jpg!m_fill,w_280,h_210,f_jpg?from=ke.com
20241031,通州,通州其它,101124262625,首开缇香郡 东边户 自住房保持好 诚心出售看房随时,380万,25179元/平,底层 (共8层) 3室2厅 | 150.92平米 | 南 北,https://ke-image.ljcdn.com/110000-inspection/54e20f96-8cd1-4211-b4c2-da8dbe73a0f9_1000.jpg!m_fill,w_280,h_210,f_jpg?from=ke.com
20241031,通州,通州其它,101124262264,首开缇香郡二期 有租户 看房需要提前预约 满两年,230万,27171元/平,中楼层 (共11层) 2室1厅 | 84.65平米 | 南 北,https://ke-image.ljcdn.com/110000-inspection/7df6f412-d479-4f56-a2e4-8d8d1c849363_1000.jpg!m_fill,w_280,h_210,f_jpg?from=ke.com
20241031,通州,通州其它,101124261958,首开缇香郡二期 高楼层跃层两居室 精装自住房保持好,198万,24710元/平,顶层 (共9层) 3室1厅 | 80.13平米 | 南 北,https://ke-image.ljcdn.com/110000-inspection/955684b1-74b1-4e5c-b2bc-e7363f64e36b_1000.jpg!m_fill,w_280,h_210,f_jpg?from=ke.com
20241031,通州,通州其它,101124255553,首开.缇香郡南北朝向采光好业主自住看房方便。,368万,24467元/平,底层 (共8层) 4室2厅 | 150.41平米 | 南 北,https://ke-image.ljcdn.com/110000-inspection/pc1_TsHpDxCUf.jpg!m_fill,w_280,h_210,f_jpg?from=ke.com
20241031,通州,通州其它,101124252301,首开缇香郡二期采光充足南北通透格局,478万,32418元/平,底层 (共11层) 2室2厅 | 147.45平米 | 南 北,https://ke-image.ljcdn.com/110000-inspection/pc1_UA9o7SWZ9_1.jpg!m_fill,w_280,h_210,f_jpg?from=ke.com
20241031,通州,通州其它,101124247014,亦庄京东旁 高品质社区 全明格局 好楼层 阳光充足,428万,29830元/平,高楼层 (共20层) | 2015年 | 4室1厅 | 143.48平米 | 南 北,https://ke-image.ljcdn.com/110000-inspection/pc1_EVuRIvg3D.jpg!m_fill,w_280,h_210,f_jpg?from=ke.com
20241031,通州,通州其它,101124246375,首开缇香郡二期 自住南北通透三居室 下跃户型 满五年,418万,26986元/平,底层 (共5层) 3室1厅 | 154.9平米 | 南 北,https://ke-image.ljcdn.com/110000-inspection/f4882ef7-8f05-484d-94ae-f027cfe03ca8_1000.jpg!m_fill,w_280,h_210,f_jpg?from=ke.com
20241031,通州,通州其它,101124232725,泰禾中国院子视野宽阔配套设施齐全交通便利,3200万,80229元/平,地下室 (共1层) | 2005年 | 5室2厅 | 398.86平米 | 南 北,https://ke-image.ljcdn.com/110000-inspection/pc1_3ZpHwDOyo_2.jpg!m_fill,w_280,h_210,f_jpg?from=ke.com
20241031,通州,通州其它,101124231647,融创千章墅临近水系毛坯房视野开阔随时看房,1250万,31896元/平,底层 (共4层) 5室2厅 | 391.91平米 | 南 北,https://ke-image.ljcdn.com/110000-inspection/pc1_MCsbbXynE.jpg!m_fill,w_280,h_210,f_jpg?from=ke.com
20241031,通州,通州其它,101124231103,近公园 首开物业 精装修 绿化30 人车分流,565万,39112元/平,底层 (共8层) 3室2厅 | 144.46平米 | 南 北,https://ke-image.ljcdn.com/110000-inspection/pc1_7atW2SxPb_1.jpg!m_fill,w_280,h_210,f_jpg?from=ke.com
20241031,通州,通州其它,101124224484,首开缇香郡  精装修 拎包入住  满五不唯一房主自荐,259万,29056元/平,顶层 (共11层) 3室1厅 | 89.14平米 | 南 北,https://ke-image.ljcdn.com/110000-inspection/17daaeca-b099-4a2e-b1c2-0c73c5a5fae6_1000.jpg!m_fill,w_280,h_210,f_jpg?from=ke.com
20241031,通州,通州其它,101124218710,首开.缇香郡南北朝向商品房地下一层,365万,24563元/平,底层 (共11层) 3室2厅 | 148.6平米 | 南 北,https://ke-image.ljcdn.com/110000-inspection/pc1_oOcKEew6s.jpg!m_fill,w_280,h_210,f_jpg?from=ke.com
20241031,通州,通州其它,101124211205,独栋别墅纯毛坯房2016年建成南北通透采光好,2900万,81054元/平,底层 (共2层) | 2016年 | 7室1厅 | 357.79平米 | 南 北,https://ke-image.ljcdn.com/110000-inspection/pc1_82BHm8AUJ_1.jpg!m_fill,w_280,h_210,f_jpg?from=ke.com
20241031,通州,通州其它,101124187928,全明格局满五唯一室内有储物间,247万,32049元/平,底层 (共12层) 3室2厅 | 77.07平米 | 南 北,https://ke-image.ljcdn.com/110000-inspection/c991bccc-98e0-4625-be9a-148a0dcda6c2_1000.jpg!m_fill,w_280,h_210,f_jpg?from=ke.com
20241031,通州,通州其它,101124187820,翡翠四季B区 中叠 业主诚意出售万科物业,950万,68573元/平,低楼层 (共3层) 4室2厅 | 138.54平米 | 南 北,https://ke-image.ljcdn.com/110000-inspection/dd01dcf0-b78a-4652-80f8-5e2ab61ac21c_1000.jpg!m_fill,w_280,h_210,f_jpg?from=ke.com
20241031,通州,通州其它,101124185771,房子满两年 南北通透 楼间距大采光好 精装修,529万,56548元/平,底层 (共14层) 3室2厅 | 93.55平米 | 南 北,https://ke-image.ljcdn.com/110000-inspection/9fc1a8c2-6522-48a2-96e7-239b1f72de78_1000.jpg!m_fill,w_280,h_210,f_jpg?from=ke.com
20241031,通州,通州其它,101124177042,首开缇香郡视野宽阔楼层好采光充足,386万,26828元/平,中楼层 (共4层) 3室2厅 | 143.88平米 | 南 北,https://ke-image.ljcdn.com/110000-inspection/pc1_18tR2kIWh_2.jpg!m_fill,w_280,h_210,f_jpg?from=ke.com
20241031,通州,通州其它,101124176512,首开缇香郡视野宽阔格局好交通便利,380万,25225元/平,底层 (共8层) | 2016年 | 3室2厅 | 150.65平米 | 南 北,https://ke-image.ljcdn.com/110000-inspection/cf9d9af6-2c50-4f2b-82b2-2895aa42e295_1000.jpg!m_fill,w_280,h_210,f_jpg?from=ke.com
20241031,通州,通州其它,101124175349,满五唯一高楼层采光好南北通透,236万,36997元/平,高楼层 (共12层) | 2014年 | 2室1厅 | 63.79平米 | 南 北,https://ke-image.ljcdn.com/110000-inspection/19f7b673-cc96-41ec-99c2-4bf9a43b6a3b_1000.jpg!m_fill,w_280,h_210,f_jpg?from=ke.com
20241031,通州,通州其它,101124174926,首开.缇香郡业主自住房子满五唯一,149万,26665元/平,中楼层 (共16层) 1室1厅 | 55.88平米 | 南,https://ke-image.ljcdn.com/110000-inspection/9d4d9f8d-625a-435b-b79e-56613b17a463_1000.jpg!m_fill,w_280,h_210,f_jpg?from=ke.com
20241031,通州,通州其它,101124174470,首开缇香郡二期采光充足配套设施齐全,340万,22620元/平,底层 (共11层) | 2017年 | 3室1厅 | 150.31平米 | 南,https://ke-image.ljcdn.com/110000-inspection/2060118c-a5bd-4c47-bca6-0d1b3de2e2fc_1000.jpg!m_fill,w_280,h_210,f_jpg?from=ke.com
20241031,通州,通州其它,101124172798,新月里 精装自住三居室 高楼层采光好 视野开阔,290万,32399元/平,顶层 (共10层) 4室1厅 | 89.51平米 | 南 北,https://ke-image.ljcdn.com/110000-inspection/d3e1f055-284d-47be-a6dd-98f8e07e7a1c_1000.jpg!m_fill,w_280,h_210,f_jpg?from=ke.com
20241031,通州,通州其它,101124160012,首开缇香郡二期四居三卫急售中间楼层南北通透拎包入住,569万,32206元/平,中楼层 (共5层) 4室2厅 | 176.68平米 | 南 北,https://ke-image.ljcdn.com/110000-inspection/5659455a-ab0a-4aa7-bd65-aaf6d8048477_1000.jpg!m_fill,w_280,h_210,f_jpg?from=ke.com
20241031,通州,通州其它,101124161540,富力尚悦居A区 3室1厅 西南,465万,41619元/平,底层 (共15层) 3室1厅 | 111.73平米 | 西南,https://ke-image.ljcdn.com/110000-inspection/pc1_RI24xxnoP.jpg!m_fill,w_280,h_210,f_jpg?from=ke.com
20241031,通州,通州其它,101124159779,旭辉下叠中间位置明厨明卫地上南北出行人车分流房主自荐,810万,31148元/平,底层 (共6层) | 2014年 | 4室3厅 | 260.05平米 | 南 北,https://ke-image.ljcdn.com/110000-inspection/pc1_abVNuy5j5_1.jpg!m_fill,w_280,h_210,f_jpg?from=ke.com
20241031,通州,通州其它,101124151363,首开国风美仑 2室1厅 南 北,198万,27076元/平,中楼层 (共15层) | 2013年 | 2室1厅 | 73.13平米 | 南 北,https://ke-image.ljcdn.com/110000-inspection/07ecb893-e82d-476c-b70e-b6070c92008e_1000.jpg!m_fill,w_280,h_210,f_jpg?from=ke.com
20241031,通州,通州其它,101124115644,首开缇香郡二期毛坯上叠南北通透采光充足,350万,24357元/平,中楼层 (共4层) | 2017年 | 3室2厅 | 143.7平米 | 南 北,https://ke-image.ljcdn.com/110000-inspection/pc1_vPGc7mDNW_1.jpg!m_fill,w_280,h_210,f_jpg?from=ke.com
20241031,通州,通州其它,101124112963,鲁能格拉斯小镇 独栋别墅 四面采光 适用面积大,3300万,61596元/平,地下室 (共2层) | 2010年 | 7室2厅 | 535.75平米 | 东 南 西 北,https://ke-image.ljcdn.com/110000-inspection/594a1f15-a9a6-403a-b076-7dc9b28dce59_1000.jpg!m_fill,w_280,h_210,f_jpg?from=ke.com
20241031,通州,通州其它,101124112590,三期独栋南入户首付20%花园面积300平米,2690万,56891元/平,顶层 (共2层) | 2013年 | 6室2厅 | 472.84平米 | 东 南 西 北,https://ke-image.ljcdn.com/110000-inspection/pc1_xP30lBNVH_1.jpg!m_fill,w_280,h_210,f_jpg?from=ke.com
20241031,通州,通州其它,101124067190,阳光城京悦府 5室1厅 南 北,1680万,94160元/平,底层 (共4层) 5室1厅 | 178.42平米 | 南 北,https://ke-image.ljcdn.com/110000-inspection/pc1_BVK91VEy1.jpg!m_fill,w_280,h_210,f_jpg?from=ke.com
20241031,通州,通州其它,101124063659,鲁能格斯别墅区南入户北花园使用面积大,8900万,97962元/平,底层 (共2层) 10室1厅 | 908.52平米 | 东 南 西 北,https://ke-image.ljcdn.com/110000-inspection/pc1_IOoLvSiXX.jpg!m_fill,w_280,h_210,f_jpg?from=ke.com
20241031,通州,通州其它,101124063570,鲁能格l斯独栋别墅南入户北花园使用面积大,8010万,82956元/平,底层 (共3层) | 2009年 | 8室2厅 | 965.58平米 | 南 东 西 北,https://ke-image.ljcdn.com/110000-inspection/pc1_2PfqXeWKK_1.jpg!m_fill,w_280,h_210,f_jpg?from=ke.com
20241031,通州,通州其它,101124063602,二期独栋外立面大理石材挨水系带800平庭院,8500万,93559元/平,底层 (共2层) 8室1厅 | 908.52平米 | 南 东 西 北,https://ke-image.ljcdn.com/110000-inspection/pc1_BfTYS0buR_1.jpg!m_fill,w_280,h_210,f_jpg?from=ke.com
20241031,通州,通州其它,101124056195,十里春风 3室2厅 南 北,128万,13794元/平,低楼层 (共27层) 3室2厅 | 92.8平米 | 南 北,https://ke-image.ljcdn.com/110000-inspection/pc1_kTsNgtJnc.jpg!m_fill,w_280,h_210,f_jpg?from=ke.com
20241031,通州,通州其它,101124055287,十里春风 2室1厅 南 北,133万,16764元/平,高楼层 (共20层) | 2020年 | 2室1厅 | 79.34平米 | 南 北,https://ke-image.ljcdn.com/110000-inspection/pc1_NpYdBO8CI.jpg!m_fill,w_280,h_210,f_jpg?from=ke.com
20241031,通州,通州其它,101124040117,东亚印象台湖 南北通透三居室 诚意出售 满五唯一,245万,31716元/平,低楼层 (共12层) | 2015年 | 3室1厅 | 77.25平米 | 南 北 西,https://ke-image.ljcdn.com/110000-inspection/pc1_4SDwl8yF1_1.jpg!m_fill,w_280,h_210,f_jpg?from=ke.com
20241031,通州,通州其它,101124026198,首开国风美仑高楼层电梯房诚意出售房主自荐,183万,33827元/平,顶层 (共15层) | 2013年 | 2室1厅 | 54.1平米 | 南 北,https://ke-image.ljcdn.com/110000-inspection/pc1_bG12xsw1b.jpg!m_fill,w_280,h_210,f_jpg?from=ke.com
20241031,通州,通州其它,101124010499,首开缇香郡二期中叠别墅楼层好采光充足视野宽阔,390万,28002元/平,底层 (共4层) 3室2厅 | 139.28平米 | 南 北,https://ke-image.ljcdn.com/110000-inspection/71f3cbc6-50d3-46a2-8f71-7108807dea97_1000.jpg!m_fill,w_280,h_210,f_jpg?from=ke.com
20241031,通州,通州其它,101123995226,东亚印象台湖A7区 带大阳台 价格合适,160万,30059元/平,顶层 (共12层) 1室1厅 | 53.23平米 | 南,https://ke-image.ljcdn.com/110000-inspection/e12afc85-676e-45fe-832c-dd606f6b4414_1000.jpg!m_fill,w_280,h_210,f_jpg?from=ke.com
20241031,通州,通州其它,101123992848,【总监推荐.精装上叠】位置优越.观花园I随看随签,1500万,93122元/平,中楼层 (共4层) 4室3厅 | 161.08平米 | 南 北,https://ke-image.ljcdn.com/110000-inspection/d870f9cb-9bc9-4615-bc9c-bbbf3ca5057e_1000.jpg!m_fill,w_280,h_210,f_jpg?from=ke.com
20241031,通州,通州其它,101123954483,首开缇香郡二期 自住精装南北三居室 下跃户型 保持好,350万,23189元/平,底层 (共11层) | 2017年 | 3室1厅 | 150.94平米 | 南 北,https://ke-image.ljcdn.com/110000-inspection/pc1_x7x2Ydkpi.jpg!m_fill,w_280,h_210,f_jpg?from=ke.com
20241031,通州,通州其它,101123952782,鲁能格la斯精装独栋别墅200平花园,3999万,72991元/平,底层 (共2层) 10室4厅 | 547.88平米 | 东南 西北,https://ke-image.ljcdn.com/110000-inspection/ff366f7a-f8a1-413f-90b8-7227c06211f8_1000.jpg!m_fill,w_280,h_210,f_jpg?from=ke.com
20241031,通州,通州其它,101123911392,上市物业 上下四层有车位 精装修 四期中叠东边户,998万,37352元/平,中楼层 (共6层) 4室2厅 | 267.19平米 | 南 北,https://ke-image.ljcdn.com/110000-inspection/pc1_C79im6Aow_1.jpg!m_fill,w_280,h_210,f_jpg?from=ke.com
20241031,通州,通州其它,101123894883,泰禾拾景园 3室2厅 南 北,800万,62839元/平,中楼层 (共4层) 3室2厅 | 127.31平米 | 南 北,https://ke-image.ljcdn.com/110000-inspection/fbfe6fde-1c95-436a-bbe2-282d881c5b01_1000.jpg!m_fill,w_280,h_210,f_jpg?from=ke.com
20241031,通州,通州其它,101123854785,此房满五唯一精装修视野开阔中高楼层动静分离,318万,35811元/平,高楼层 (共16层) | 2014年 | 3室1厅 | 88.8平米 | 南 北,https://ke-image.ljcdn.com/110000-inspection/pc1_HWJDmjcsw_1.jpg!m_fill,w_280,h_210,f_jpg?from=ke.com
20241031,通州,通州其它,101123790071,业主诚意出售 满五唯一 精装 采光充足 视野开阔,175万,32300元/平,顶层 (共12层) 1室1厅 | 54.18平米 | 南 北,https://ke-image.ljcdn.com/110000-inspection/d3d7fe73-30e5-4d1e-930d-6f6109d09fbe_1000.jpg!m_fill,w_280,h_210,f_jpg?from=ke.com
20241031,通州,通州其它,101123771636,台湖银河湾 南向一居室 精装修 高楼层 看房方便,320万,57461元/平,中楼层 (共7层) 1室1厅 | 55.69平米 | 南,https://ke-image.ljcdn.com/110000-inspection/35301995-7933-4a07-b5a2-c10d736ff865_1000.jpg!m_fill,w_280,h_210,f_jpg?from=ke.com
20241031,通州,通州其它,101123771479,台湖银河湾 南向一居室 精装修 高楼层,350万,63939元/平,顶层 (共9层) 1室1厅 | 54.74平米 | 南,https://ke-image.ljcdn.com/110000-inspection/e78d4eb6-1561-4dad-bf1e-3ade55cca259_1000.jpg!m_fill,w_280,h_210,f_jpg?from=ke.com
20241031,通州,通州其它,101123755929,急售好房推荐：南北通透格局好 交通便利视野佳,380万,35267元/平,顶层 (共28层) 3室1厅 | 107.75平米 | 南 西 北,https://ke-image.ljcdn.com/110000-inspection/aadf7149-4d2b-4def-ba70-50451290a969_1000.jpg!m_fill,w_280,h_210,f_jpg?from=ke.com
20241031,通州,通州其它,101123744380,润枫领尚 全明格局 一居室 高调空,230万,44835元/平,顶层 (共16层) | 2012年 | 1室1厅 | 51.3平米 | 东 北,https://ke-image.ljcdn.com/110000-inspection/prod-0a7d1e97-a27d-4cac-9b73-bfbcfbd399e2.jpg!m_fill,w_280,h_210,f_jpg?from=ke.com
20241031,通州,通州其它,101123711872,高楼层采光好 一梯两户 新社区 有电梯,288万,32244元/平,高楼层 (共10层) 3室1厅 | 89.32平米 | 南 北,https://ke-image.ljcdn.com/110000-inspection/pc1_sGJEzXZ6g_2.jpg!m_fill,w_280,h_210,f_jpg?from=ke.com
20241031,通州,通州其它,101123699920,泰禾中国院子采光好视野宽阔采光充足,3900万,93184元/平,底层 (共2层) | 2009年 | 5室2厅 | 418.53平米 | 东 南 西 北,https://ke-image.ljcdn.com/110000-inspection/a6f76a71-6699-4875-be6d-f1e1e4fa4c38_1000.jpg!m_fill,w_280,h_210,f_jpg?from=ke.com
20241031,通州,通州其它,101123697438,十里春风下跃 4室2厅 南北通透  带车位,179万,23053元/平,底层 (共18层) | 2020年 | 4室2厅 | 77.65平米 | 南 北,https://ke-image.ljcdn.com/110000-inspection/pc1_qf9HyjEdA.jpg!m_fill,w_280,h_210,f_jpg?from=ke.com
20241031,通州,通州其它,101123662993,明厨格局 户型方正 南北通透 诚意出售,219万,30941元/平,低楼层 (共12层) | 2015年 | 2室2厅 | 70.78平米 | 南 北,https://ke-image.ljcdn.com/110000-inspection/6ad459f1-9e32-4e3d-b872-833ac15cef3f_1000.jpg!m_fill,w_280,h_210,f_jpg?from=ke.com
20241031,通州,通州其它,101123639642,采光充足集中供暖地暖70年住宅,336万,22943元/平,底层 (共11层) 3室1厅 | 146.45平米 | 南 北,https://ke-image.ljcdn.com/110000-inspection/aaff7fff-d317-4d2b-ba15-619486395b7e_1000.jpg!m_fill,w_280,h_210,f_jpg?from=ke.com
20241031,通州,通州其它,101123633691,泰禾中国院子中式独栋别墅精致装修私家电梯,13000万,261712元/平,底层 (共2层) 6室4厅 | 496.73平米 | 东 南 西 北,https://ke-image.ljcdn.com/110000-inspection/b6e6e1b6-5ce4-4533-9ba3-5d1f7cf027af_1000.jpg!m_fill,w_280,h_210,f_jpg?from=ke.com
20241031,通州,通州其它,101123617798,十里春风出售一层下跃户型看房基本随时,230万,24785元/平,底层 (共27层) 5室2厅 | 92.8平米 | 南 北,https://ke-image.ljcdn.com/110000-inspection/pc1_oPzNAFAVZ.jpg!m_fill,w_280,h_210,f_jpg?from=ke.com
20241031,通州,通州其它,101123593092,房子业主诚意出售随时可以签约。,410万,27117元/平,底层 (共6层) | 2017年 | 4室1厅 | 151.2平米 | 南 北,https://ke-image.ljcdn.com/110000-inspection/pc1_YNpVC8Ybs_1.jpg!m_fill,w_280,h_210,f_jpg?from=ke.com
20241031,通州,通州其它,101123592040,富力尚悦居A区改善大四居精心挑选家具拎包入住随时看,425万,30222元/平,中楼层 (共9层) | 2015年 | 4室1厅 | 140.63平米 | 西南 东北,https://ke-image.ljcdn.com/110000-inspection/e405df13-0a36-41d3-9328-60884c6ed480_1000.jpg!m_fill,w_280,h_210,f_jpg?from=ke.com
20241031,通州,通州其它,101123576737,南北通透 万科开发 智能精装修 诚意出售,710万,55352元/平,中楼层 (共9层) 4室1厅 | 128.27平米 | 南 北,https://ke-image.ljcdn.com/110000-inspection/9594ba59-2f1e-4bca-97ee-5221b0b829d5_1000.jpg!m_fill,w_280,h_210,f_jpg?from=ke.com
20241031,通州,通州其它,101123563954,十里春风正规三居室 高楼层 视野好 K2集团新社区,142万,15508元/平,中楼层 (共23层) | 2020年 | 3室2厅 | 91.57平米 | 南 北,https://ke-image.ljcdn.com/110000-inspection/pc1_IbgWd3y1P.jpg!m_fill,w_280,h_210,f_jpg?from=ke.com
20241031,通州,通州其它,101123547307,富力尚悦居D区 2室1厅 南 北,198万,27546元/平,高楼层 (共18层) | 2015年 | 2室1厅 | 71.88平米 | 南 北,https://ke-image.ljcdn.com/110000-inspection/pc1_bI8NeHbS6.jpg!m_fill,w_280,h_210,f_jpg?from=ke.com
20241031,通州,通州其它,101123524934,润枫领尚 实用小三居 中高楼层 精装修,435万,49259元/平,中楼层 (共16层) 3室1厅 | 88.31平米 | 南 北,https://ke-image.ljcdn.com/110000-inspection/119cd67b-2f15-46b8-9658-649255288776_1000.jpg!m_fill,w_280,h_210,f_jpg?from=ke.com
20241031,通州,通州其它,101123505698,盛通绿色家园 独栋别墅 共三层 朝北绿地,950万,57797元/平,底层 (共2层) 3室2厅 | 164.37平米 | 南 北,https://ke-image.ljcdn.com/110000-inspection/pc1_s3H1Jmz4U_1.jpg!m_fill,w_280,h_210,f_jpg?from=ke.com
20241031,通州,通州其它,101123501423,总监推荐好房沿河叠拼别墅湿地公园房主自荐,780万,39345元/平,中楼层 (共6层) | 2014年 | 5室3厅 | 198.25平米 | 南 北,https://ke-image.ljcdn.com/110000-inspection/9dce58c0-ae1b-4eea-8576-170e0e31ebee_1000.jpg!m_fill,w_280,h_210,f_jpg?from=ke.com
20241031,通州,通州其它,101123484260,通州改善生活区首开缇香郡国企开发小洋房一梯两户,268万,30365元/平,顶层 (共8层) 3室4厅 | 88.26平米 | 南 北,https://ke-image.ljcdn.com/110000-inspection/30f467bd-8302-4657-b253-d07f351cdae3_1000.jpg!m_fill,w_280,h_210,f_jpg?from=ke.com
20241031,通州,通州其它,101123472737,洋房 前后左右不临街东边户安静舒适高品质社区,785万,61497元/平,低楼层 (共6层) | 2016年 | 3室2厅 | 127.65平米 | 南 东 北,https://ke-image.ljcdn.com/110000-inspection/d57e0ef2-f600-4751-8b9a-7bbdba70f351_1000.jpg!m_fill,w_280,h_210,f_jpg?from=ke.com
20241031,通州,通州其它,101123460290,一层三居室 南北通透  格局方正 精装修,539万,57926元/平,底层 (共14层) | 2019年 | 3室1厅 | 93.05平米 | 南 北,https://ke-image.ljcdn.com/110000-inspection/32eb11ad-e884-435b-a7a7-f31b9bae843b_1000.jpg!m_fill,w_280,h_210,f_jpg?from=ke.com
20241031,通州,通州其它,101123420575,首开香溪郡花园洋房一梯两户南北通透,275万,34819元/平,顶层 (共7层) 2室2厅 | 78.98平米 | 南 北,https://ke-image.ljcdn.com/110000-inspection/pc1_2Kms3Dzz7_1.jpg!m_fill,w_280,h_210,f_jpg?from=ke.com
20241031,通州,通州其它,101123419770,下叠别墅南北入户没有遮挡人车分流管家24小时房主自荐,880万,33322元/平,底层 (共6层) | 2014年 | 4室2厅 | 264.09平米 | 南 北,https://ke-image.ljcdn.com/110000-inspection/pc1_kXqLIIT3a_1.jpg!m_fill,w_280,h_210,f_jpg?from=ke.com
20241031,通州,通州其它,101123407241,前后不临街 楼层高视野好 一梯两户 精装修 新风和地暖,880万,68724元/平,顶层 (共4层) 5室3厅 | 128.05平米 | 南 北,https://ke-image.ljcdn.com/110000-inspection/c9eebd3b-9149-43c2-a058-5a201ed00633_1000.jpg!m_fill,w_280,h_210,f_jpg?from=ke.com
20241031,通州,通州其它,101123405513,阳光城京悦府 5室2厅 南 北,1580万,96708元/平,中楼层 (共4层) 5室2厅 | 163.38平米 | 南 北,https://ke-image.ljcdn.com/110000-inspection/pc1_WVouamnWi_1.jpg!m_fill,w_280,h_210,f_jpg?from=ke.com
20241031,通州,通州其它,101123401161,翡翠四季C区 别墅花园高品质小区,1580万,50788元/平,底层 (共4层) 4室4厅 | 311.1平米 | 南 北,https://ke-image.ljcdn.com/110000-inspection/9d5ef836-d2e1-408d-b451-0ee7603d9b80_1000.jpg!m_fill,w_280,h_210,f_jpg?from=ke.com
20241031,通州,通州其它,101123396807,精装修 全明格局 诚意出售 随时签约,205万,36838元/平,低楼层 (共16层) | 2012年 | 1室0厅 | 55.65平米 | 东北,https://ke-image.ljcdn.com/110000-inspection/89289cbf-ad27-4240-9fee-2b197a14e11a_1000.jpg!m_fill,w_280,h_210,f_jpg?from=ke.com
20241031,通州,通州其它,101123380517,北京经开汀塘花园洋房三居室。,580万,61920元/平,底层 (共14层) 3室1厅 | 93.67平米 | 南 北,https://ke-image.ljcdn.com/110000-inspection/235f1561-6c09-48e2-b195-d4d6367a09b2_1000.jpg!m_fill,w_280,h_210,f_jpg?from=ke.com
20241031,通州,通州其它,101123366474,满五唯一业主靠谱出售自住看房提前联系。,205万,29149元/平,低楼层 (共6层) 2室1厅 | 70.33平米 | 东 西,https://ke-image.ljcdn.com/110000-inspection/pc1_BmRM2OnGs_1.jpg!m_fill,w_280,h_210,f_jpg?from=ke.com
20241031,通州,通州其它,101123361847,东亚印象台湖南北通透看房方便,228万,34794元/平,顶层 (共12层) 2室1厅 | 65.53平米 | 东 南 北,https://ke-image.ljcdn.com/110000-inspection/4e7606c6-8850-4cdf-9cab-65b7e572707c_1000.jpg!m_fill,w_280,h_210,f_jpg?from=ke.com
20241031,通州,通州其它,101123361715,首开香溪郡 3室1厅 南 北,315万,33952元/平,低楼层 (共8层) 3室1厅 | 92.78平米 | 南 北,https://ke-image.ljcdn.com/110000-inspection/e33931b0-e4a6-4267-836f-d46e290fd2f1_1000.jpg!m_fill,w_280,h_210,f_jpg?from=ke.com
20241031,通州,通州其它,101123351154,首开缇香郡二期 3室2厅 南 北,330万,23042元/平,中楼层 (共4层) 3室2厅 | 143.22平米 | 南 北,https://ke-image.ljcdn.com/110000-inspection/fb6cddb7-d013-49a1-a763-aae8a149071e_1000.jpg!m_fill,w_280,h_210,f_jpg?from=ke.com
20241031,通州,通州其它,101123350218,此房满五唯一商品房  价格很低  靠谱卖,178万,25310元/平,顶层 (共6层) 2室1厅 | 70.33平米 | 东 西,https://ke-image.ljcdn.com/110000-inspection/76190ff7-0eda-4bc5-8a1f-e03883fb93be_1000.jpg!m_fill,w_280,h_210,f_jpg?from=ke.com
20241031,通州,通州其它,101123319421,富力尚悦居A区  亦庄新城  双卧朝南  大平层,700万,36345元/平,中楼层 (共20层) 4室2厅 | 192.6平米 | 南 北,https://ke-image.ljcdn.com/110000-inspection/ea924ee7-7966-49df-bd67-571c6644ebe6_1000.jpg!m_fill,w_280,h_210,f_jpg?from=ke.com
20241031,通州,通州其它,101123285609,东亚印象台湖 南北通透 电梯房 小区环境好,183万,28693元/平,中楼层 (共12层) | 2015年 | 2室1厅 | 63.78平米 | 南 北,https://ke-image.ljcdn.com/110000-inspection/pc1_911CsYV6C_1.jpg!m_fill,w_280,h_210,f_jpg?from=ke.com
20241031,通州,通州其它,101123262885,旭辉御锦中叠产品寨辛庄东路8号院,720万,36871元/平,中楼层 (共6层) | 2014年 | 5室2厅 | 195.28平米 | 南 北,https://ke-image.ljcdn.com/110000-inspection/pc1_CUaTvqld2_1.jpg!m_fill,w_280,h_210,f_jpg?from=ke.com
20241031,通州,通州其它,101123255520,真联排  有天有地  全家人的度假别墅,358万,22580元/平,底层 (共4层) | 2020年 | 5室2厅 | 158.55平米 | 南 北,https://ke-image.ljcdn.com/110000-inspection/pc1_ptBmawdnA.jpg!m_fill,w_280,h_210,f_jpg?from=ke.com
20241031,通州,通州其它,101123212420,首开缇香郡顶层两居业主诚心出售,225万,27440元/平,顶层 (共8层) 2室2厅 | 82平米 | 南 北,https://ke-image.ljcdn.com/110000-inspection/f3b74fa5-5209-47de-a75d-28192a50de0a_1000.jpg!m_fill,w_280,h_210,f_jpg?from=ke.com
20241031,通州,通州其它,101123211727,翡翠四季A区 3室3厅 南 北,1060万,102604元/平,中楼层 (共5层) | 2018年 | 3室3厅 | 103.31平米 | 南 北,https://ke-image.ljcdn.com/110000-inspection/d9f24d2a-12b6-4046-a35f-aaeae503161c_1000.jpg!m_fill,w_280,h_210,f_jpg?from=ke.com
20241031,通州,通州其它,101123181319,下叠别墅东边户视野开阔明厨明卫人车分流。房主自荐,791万,29436元/平,底层 (共6层) | 2014年 | 5室1厅 | 268.72平米 | 南 北,https://ke-image.ljcdn.com/110000-inspection/pc1_zRaeDh3Rh_1.jpg!m_fill,w_280,h_210,f_jpg?from=ke.com
20241031,通州,通州其它,101123155667,十里春风 2室1厅 南 北,170万,23687元/平,低楼层 (共22层) | 2020年 | 2室1厅 | 71.77平米 | 南 北,https://ke-image.ljcdn.com/110000-inspection/pc1_5HvljxxRw_1.jpg!m_fill,w_280,h_210,f_jpg?from=ke.com
20241031,通州,通州其它,101123132340,润枫领尚小区 高楼层 南北通透精装修三居室,430万,48853元/平,高楼层 (共18层) | 2014年 | 3室1厅 | 88.02平米 | 南 北,https://ke-image.ljcdn.com/110000-inspection/220c9e6e-5c6c-415b-95a6-bc1cad936d7e_1000.jpg!m_fill,w_280,h_210,f_jpg?from=ke.com
20241031,通州,通州其它,101123063029,通州首开香溪郡 精装修三居室 电梯洋房采光好,346万,32997元/平,中楼层 (共8层) 3室2厅 | 104.86平米 | 东南 北,https://ke-image.ljcdn.com/110000-inspection/d28cdb0d-f6ad-4be0-a5c0-d1940ab0fde4_1000.jpg!m_fill,w_280,h_210,f_jpg?from=ke.com
20241031,通州,通州其它,101123059316,台湖银河湾 南北通透三居室 全明格局东边户 诚意出售,535万,66493元/平,中楼层 (共11层) 3室1厅 | 80.46平米 | 南 北,https://ke-image.ljcdn.com/110000-inspection/bf97cc05-3683-4e6d-9341-2b665e37f54a_1000.jpg!m_fill,w_280,h_210,f_jpg?from=ke.com
20241031,通州,通州其它,101123048175,泰晤士印象 新小区 环境好 满五唯一商品房 南北三居,206万,20425元/平,中楼层 (共11层) | 2016年 | 3室1厅 | 100.86平米 | 南 北,https://ke-image.ljcdn.com/110000-inspection/pc1_VyK5EzTcf.jpg!m_fill,w_280,h_210,f_jpg?from=ke.com
20241031,通州,通州其它,101123045573,上叠别墅精装修自住标准地下停车诚意出售。,1099万,43676元/平,中楼层 (共4层) | 2014年 | 4室1厅 | 251.63平米 | 南 北,https://ke-image.ljcdn.com/110000-inspection/pc1_1IbfQEKO2.jpg!m_fill,w_280,h_210,f_jpg?from=ke.com
20241031,通州,通州其它,101123019416,华馨园 3室1厅 南 北,350万,23906元/平,高楼层 (共6层) 3室1厅 | 146.41平米 | 南 北,https://ke-image.ljcdn.com/110000-inspection/95250578-0c2b-4e4e-bf95-e70ec2e149f4_1000.jpg!m_fill,w_280,h_210,f_jpg?from=ke.com
20241031,通州,通州其它,101123018029,十里春风 2室1厅 南 北,145万,17809元/平,中楼层 (共27层) 2室1厅 | 81.42平米 | 南 北,https://ke-image.ljcdn.com/110000-inspection/pc1_HC70EG94H.jpg!m_fill,w_280,h_210,f_jpg?from=ke.com
20241031,通州,通州其它,101123005505,天鸿颐景别墅 6室3厅 南 北,1420万,58579元/平,底层 (共2层) | 2016年 | 6室3厅 | 242.41平米 | 南 北,https://ke-image.ljcdn.com/110000-inspection/d383bc22-53a1-44fb-ad97-3f4dd0856245_1000.jpg!m_fill,w_280,h_210,f_jpg?from=ke.com
20241031,通州,通州其它,101122998716,此房已经满五年了业主北京唯一住房 南北朝向三居室,210万,21482元/平,顶层 (共4层) 3室1厅 | 97.76平米 | 南 北,https://ke-image.ljcdn.com/110000-inspection/pc1_qrfH8WYwo.jpg!m_fill,w_280,h_210,f_jpg?from=ke.com
20241031,通州,通州其它,101122971958,六环：联排别墅带室内电梯南北花园产权车位。房主自荐,1980万,43657元/平,底层 (共3层) | 2017年 | 4室2厅 | 453.54平米 | 南 北,https://ke-image.ljcdn.com/110000-inspection/pc1_p5Og8RRzj.jpg!m_fill,w_280,h_210,f_jpg?from=ke.com
20241031,通州,通州其它,101122970819,通州融科千章墅 纯毛坯别墅 户型好环境好,890万,33310元/平,中楼层 (共6层) 4室2厅 | 267.19平米 | 南 北,https://ke-image.ljcdn.com/110000-inspection/9e711809-cf88-4065-96d8-fba141f2eae1_1000.jpg!m_fill,w_280,h_210,f_jpg?from=ke.com
20241031,通州,通州其它,101122960563,合园别墅南入户南北通透四面采光有2个车位一个,2438万,53840元/平,底层 (共3层) 5室2厅 | 452.83平米 | 南 北,https://ke-image.ljcdn.com/110000-inspection/pc1_mZCRlO6eN_1.jpg!m_fill,w_280,h_210,f_jpg?from=ke.com
20241031,通州,通州其它,101122951720,十里春风 南北通透3居室 视野好采光好,140万,15066元/平,中楼层 (共27层) 3室1厅 | 92.93平米 | 南 北,https://ke-image.ljcdn.com/110000-inspection/pc1_rmcox9lNX.jpg!m_fill,w_280,h_210,f_jpg?from=ke.com
20241031,通州,通州其它,101122911570,十里春风 5室2厅 南 北,470万,29844元/平,底层 (共3层) | 2020年 | 5室2厅 | 157.49平米 | 南 北,https://ke-image.ljcdn.com/110000-inspection/pc1_VgDHMl8mH_1.jpg!m_fill,w_280,h_210,f_jpg?from=ke.com
20241031,通州,通州其它,101122889103,新月里 东边户 南北通透下叠  精装修 看房随时房主自荐,860万,33615元/平,底层 (共2层) 5室1厅 | 255.84平米 | 南 北,https://ke-image.ljcdn.com/110000-inspection/182ee852-dad0-41ec-9463-3d2370759bc5_1000.jpg!m_fill,w_280,h_210,f_jpg?from=ke.com
20241031,通州,通州其它,101122816001,南北通透 户型方正 智能精装修 诚意出售房主自荐,790万,64098元/平,高楼层 (共18层) | 2020年 | 4室2厅 | 123.25平米 | 南 北,https://ke-image.ljcdn.com/110000-inspection/pc1_ykrJnSNHA_1.jpg!m_fill,w_280,h_210,f_jpg?from=ke.com
20241031,通州,通州其它,101122793739,融科千章墅 纯毛坯上叠别墅 小区中间位置 南北通透,1050万,41440元/平,中楼层 (共4层) | 2016年 | 4室2厅 | 253.38平米 | 南 北,https://ke-image.ljcdn.com/110000-inspection/efc1ecb0-7598-4ab3-8b90-f4c4a56f9237_1000.jpg!m_fill,w_280,h_210,f_jpg?from=ke.com
20241031,通州,通州其它,101122775821,阳光城京悦府 4室2厅 南 北,1160万,75516元/平,中楼层 (共9层) 4室2厅 | 153.61平米 | 南 北,https://ke-image.ljcdn.com/110000-inspection/2bff34b8-c914-4bb7-b425-673379812fe0_1000.jpg!m_fill,w_280,h_210,f_jpg?from=ke.com
20241031,通州,通州其它,101122755027,兴贸二街5号院首开国风美仑南北通透三居室,349万,39276元/平,中楼层 (共16层) 3室1厅 | 88.86平米 | 北 南,https://ke-image.ljcdn.com/110000-inspection/52b3aea1-460c-4190-9fb7-ffce6f82dd2e_1000.jpg!m_fill,w_280,h_210,f_jpg?from=ke.com
20241031,通州,通州其它,101122752972,兴茂二区富力尚悦居b区南向一居室,165万,29230元/平,低楼层 (共15层) | 2014年 | 1室1厅 | 56.45平米 | 南,https://ke-image.ljcdn.com/110000-inspection/7fd54e82-4a3d-4707-81be-48d37038b011_1000.jpg!m_fill,w_280,h_210,f_jpg?from=ke.com
20241031,通州,通州其它,101122678425,新月里 南北通透两居室 通风好 客厅带阳台,230万,28012元/平,低楼层 (共11层) 2室2厅 | 82.11平米 | 南 北,https://ke-image.ljcdn.com/110000-inspection/02e5b562-79bd-41e2-921a-aa388e0e2a52_1000.jpg!m_fill,w_280,h_210,f_jpg?from=ke.com
20241031,通州,通州其它,101122661535,东亚印象台湖 优质好房 适宜居住,200万,31324元/平,中楼层 (共12层) 2室1厅 | 63.85平米 | 南 北,https://ke-image.ljcdn.com/110000-inspection/pc1_Qfl9bfW6r_1.jpg!m_fill,w_280,h_210,f_jpg?from=ke.com
20241031,通州,通州其它,101122660567,六环内：一梯两户南北通透电梯板楼通地库。房主自荐,435万,36488元/平,低楼层 (共6层) 3室1厅 | 119.22平米 | 南 北,https://ke-image.ljcdn.com/110000-inspection/pc1_t7je5kiez.jpg!m_fill,w_280,h_210,f_jpg?from=ke.com
20241031,通州,通州其它,101122585685,泰晤士印象 独立餐厅 精装三居 环保材料 诚心出售,206万,19468元/平,中楼层 (共14层) | 2016年 | 3室2厅 | 105.82平米 | 南 北,https://ke-image.ljcdn.com/110000-inspection/76ef7ae5-b8c7-49f5-aec9-d22cac95f306_1000.jpg!m_fill,w_280,h_210,f_jpg?from=ke.com
20241031,通州,通州其它,101122562531,首开万科城市之光 满五唯一三居室 精装修诚意出售,475万,52772元/平,低楼层 (共11层) | 2016年 | 3室1厅 | 90.01平米 | 南 北,https://ke-image.ljcdn.com/110000-inspection/pc1_MAP4ulOkq.jpg!m_fill,w_280,h_210,f_jpg?from=ke.com
20241031,通州,通州其它,101122560041,首开香溪郡：一梯两户南北通透人车分流电梯板楼,380万,37550元/平,顶层 (共8层) | 2017年 | 3室1厅 | 101.2平米 | 南 北,https://ke-image.ljcdn.com/110000-inspection/796bd50e-3eed-4ae5-b159-8b86e0cee4a0_1000.jpg!m_fill,w_280,h_210,f_jpg?from=ke.com
20241031,通州,通州其它,101122557140,东惠家园 1室2厅 南,239万,36940元/平,顶层 (共28层) 1室2厅 | 64.7平米 | 南,https://ke-image.ljcdn.com/110000-inspection/pc1_Xw8ZSZYsQ.jpg!m_fill,w_280,h_210,f_jpg?from=ke.com
20241031,通州,通州其它,101122532405,东六环：联排别墅+室内电梯+南北庭院+产权车位。,2280万,50621元/平,底层 (共4层) | 2013年 | 6室3厅 | 450.41平米 | 南 北,https://ke-image.ljcdn.com/110000-inspection/pc1_SFDkmVEHd_1.jpg!m_fill,w_280,h_210,f_jpg?from=ke.com
20241031,通州,通州其它,101122518191,万驰家园此房楼层好南北通透户型好有装修,189万,20435元/平,中楼层 (共6层) | 2009年 | 2室1厅 | 92.49平米 | 南 北,https://ke-image.ljcdn.com/110000-inspection/pc1_wbPb1cxsO.jpg!m_fill,w_280,h_210,f_jpg?from=ke.com
20241031,通州,通州其它,101122470456,双拼别墅  环境安静  靠谱卖,850万,36811元/平,底层 (共2层) 4室2厅 | 230.91平米 | 南 北,https://ke-image.ljcdn.com/110000-inspection/92975522-28ec-482b-adc4-e017b0221544_1000.jpg!m_fill,w_280,h_210,f_jpg?from=ke.com
20241031,通州,通州其它,101122457249,兴贸二街5号院首开国风美仑小区三居室,305万,33620元/平,低楼层 (共14层) | 2013年 | 3室1厅 | 90.72平米 | 南 北,https://ke-image.ljcdn.com/110000-inspection/a5ef6af5-2610-425c-90dd-7a7cd0393748_1000.jpg!m_fill,w_280,h_210,f_jpg?from=ke.com
20241031,通州,通州其它,101122364228,台湖·银河湾 品质高 优质好房,360万,67404元/平,低楼层 (共18层) 1室1厅 | 53.41平米 | 南,https://ke-image.ljcdn.com/110000-inspection/a9ecde17-ef8a-4099-92b8-de77e3766e4b_1000.jpg!m_fill,w_280,h_210,f_jpg?from=ke.com
20241031,通州,通州其它,101122309986,旭辉下叠地上南40平米人车分流自持业委会房主自荐,720万,27686元/平,底层 (共6层) | 2014年 | 4室2厅 | 260.06平米 | 南 北,https://ke-image.ljcdn.com/110000-inspection/pc1_aWjuOLsg8_1.jpg!m_fill,w_280,h_210,f_jpg?from=ke.com
20241031,通州,通州其它,101122308191,阳光城京悦府 6跃7 无遮挡采光好 南北通透 次新房,600万,51631元/平,中楼层 (共9层) 3室2厅 | 116.21平米 | 南 北,https://ke-image.ljcdn.com/110000-inspection/pc1_qL18Xwjha.jpg!m_fill,w_280,h_210,f_jpg?from=ke.com
20241031,通州,通州其它,101122194516,首付20% 干挂石材 巴洛克风格  私家电梯,1580万,40148元/平,底层 (共4层) | 2014年 | 4室2厅 | 393.55平米 | 南 北,https://ke-image.ljcdn.com/110000-inspection/pc1_KvHhYtNEa_1.jpg!m_fill,w_280,h_210,f_jpg?from=ke.com
20241031,通州,通州其它,101122189807,首开国风美仑 满五唯一 高楼层 上跃户型,280万,39293元/平,顶层 (共16层) 2室1厅 | 71.26平米 | 南,https://ke-image.ljcdn.com/110000-inspection/19ddd202-84f7-4c9d-a390-8bffb1bb2729_1000.jpg!m_fill,w_280,h_210,f_jpg?from=ke.com
20241031,通州,通州其它,101122187960,东亚印象台湖A4区 优质好房 生活工作便利,248万,35283元/平,中楼层 (共12层) 2室2厅 | 70.29平米 | 南,https://ke-image.ljcdn.com/110000-inspection/df76f0e4-e96f-49e0-9e28-63b4de6ff045_1000.jpg!m_fill,w_280,h_210,f_jpg?from=ke.com
20241031,通州,通州其它,101122175726,首开缇香郡一期地下产权车位独立房本位置宽敞,12.5万,2997元/平,地下室 (共11层) | 2016年 | 1室0厅 | 41.72平米 | 南,https://ke-image.ljcdn.com/110000-inspection/pc1_YpK6TEjUE.jpg!m_fill,w_280,h_210,f_jpg?from=ke.com
20241031,通州,通州其它,101122053227,首付20%  临小中河近东郊湿地公园 电梯洋房,530万,26306元/平,底层 (共6层) 5室1厅 | 201.48平米 | 南 北,https://ke-image.ljcdn.com/110000-inspection/98a451c3-40f6-49c0-88b6-84819fa2cb27_1000.jpg!m_fill,w_280,h_210,f_jpg?from=ke.com
20241031,通州,通州其它,101122037201,联排别墅水系中间30米私家电梯地上花园产权车位房主自荐,2250万,49573元/平,底层 (共3层) | 2017年 | 4室1厅 | 453.88平米 | 南 北,https://ke-image.ljcdn.com/110000-inspection/7b838196-d5fe-4e40-b97c-6ff9e4f87aad_1000.jpg!m_fill,w_280,h_210,f_jpg?from=ke.com
20241031,通州,通州其它,101122036841,房子满两年小区中间位置三期联排带下沉庭院。房主自荐,1600万,35266元/平,底层 (共3层) | 2017年 | 5室2厅 | 453.7平米 | 南 北,https://ke-image.ljcdn.com/110000-inspection/0c2279b0-8ea8-4e39-b12d-4f2e4aa52ce1_1000.jpg!m_fill,w_280,h_210,f_jpg?from=ke.com
20241031,通州,通州其它,101121998517,两居楼层高 视野开阔 采光无遮挡 一梯两户 明厨明卫,480万,59348元/平,高楼层 (共9层) 2室1厅 | 80.88平米 | 南 北,https://ke-image.ljcdn.com/110000-inspection/pc1_N7FsKl5aI_1.jpg!m_fill,w_280,h_210,f_jpg?from=ke.com
20241031,通州,通州其它,101121847706,新小区 品质很新 装修好 采光充足 视野开阔房主自荐,165万,28872元/平,顶层 (共12层) 1室1厅 | 57.15平米 | 南 北,https://ke-image.ljcdn.com/110000-inspection/2d9713b8-f44d-4c7a-882a-c9e421bafe57_1000.jpg!m_fill,w_280,h_210,f_jpg?from=ke.com
20241031,通州,通州其它,101121774014,南北通透三居室全明格局楼层高视野好,580万,63716元/平,顶层 (共10层) 3室1厅 | 91.03平米 | 南 北,https://ke-image.ljcdn.com/110000-inspection/b8b9f7db-6f84-41f7-816c-40d48be2c6fb_1000.jpg!m_fill,w_280,h_210,f_jpg?from=ke.com
20241031,通州,通州其它,101121618420,富力尚悦居B区 满五年唯一 七十年产权,150万,28012元/平,底层 (共22层) | 2015年 | 1室1厅 | 53.55平米 | 南,https://ke-image.ljcdn.com/110000-inspection/pc1_02zv6MrvF.jpg!m_fill,w_280,h_210,f_jpg?from=ke.com
20241031,通州,通州其它,101121553238,富力尚悦居A区 精装三居 人车分流 南北通透,375万,33411元/平,底层 (共20层) | 2015年 | 3室2厅 | 112.24平米 | 南 北,https://ke-image.ljcdn.com/110000-inspection/pc1_sly6c71FR_1.jpg!m_fill,w_280,h_210,f_jpg?from=ke.com
20241031,通州,通州其它,101121519764,天鸿颐景别墅 6室3厅 南 北,1600万,54995元/平,底层 (共1层) | 2016年 | 6室3厅 | 290.94平米 | 南 北,https://ke-image.ljcdn.com/110000-inspection/pc1_RJo4lZIz4_1.jpg!m_fill,w_280,h_210,f_jpg?from=ke.com
20241031,通州,通州其它,101121501237,富力尚悦居A区全南中高层诚意出售,352万,39788元/平,中楼层 (共20层) 2室1厅 | 88.47平米 | 南,https://ke-image.ljcdn.com/110000-inspection/4660bb3c-734b-4217-a938-8fcb160dac70_1000.jpg!m_fill,w_280,h_210,f_jpg?from=ke.com
20241031,通州,通州其它,101121426346,8号楼上叠别墅小区好位置一手房毛坯房！看房方便,1080万,42482元/平,中楼层 (共4层) | 2013年 | 3室2厅 | 254.23平米 | 南 北,https://ke-image.ljcdn.com/110000-inspection/pc1_xzeOP7Opn_1.jpg!m_fill,w_280,h_210,f_jpg?from=ke.com
20241031,通州,通州其它,101121413994,融科千章墅 南北通透  精装修叠拼别墅 采光好环境好,1700万,43346元/平,底层 (共4层) | 2014年 | 5室3厅 | 392.2平米 | 南 北,https://ke-image.ljcdn.com/110000-inspection/3ef4578c-df90-4b41-8055-71c5377cf681_1000.jpg!m_fill,w_280,h_210,f_jpg?from=ke.com
20241031,通州,通州其它,101121333005,首开国风美仑7号院精装修两居室,258万,34599元/平,底层 (共15层) | 2013年 | 2室1厅 | 74.57平米 | 南,https://ke-image.ljcdn.com/110000-inspection/a982f92e-f705-44bc-83bc-15e616e48b79_1000.jpg!m_fill,w_280,h_210,f_jpg?from=ke.com
20241031,通州,通州其它,101121291874,富力尚悦居C区  诚心出售  随时看房,318万,37781元/平,中楼层 (共20层) | 2015年 | 2室1厅 | 84.17平米 | 西南,https://ke-image.ljcdn.com/110000-inspection/1da933a7-ee32-448c-a3e4-fc2e4f8fd3cf_1000.jpg!m_fill,w_280,h_210,f_jpg?from=ke.com
20241031,通州,通州其它,101121241476,润枫领尚 刚需小户型 满五唯一 17号线地铁,256万,46035元/平,低楼层 (共18层) | 2012年 | 1室0厅 | 55.61平米 | 西北,https://ke-image.ljcdn.com/110000-inspection/9d4f2bb9-e885-4d67-a5e8-2822293c3ca8_1000.jpg!m_fill,w_280,h_210,f_jpg?from=ke.com
20241031,通州,通州其它,101120886847,天鸿颐景别墅 5室3厅 东 南 西 北,1650万,68067元/平,底层 (共3层) | 2016年 | 5室3厅 | 242.41平米 | 东 南 西 北,https://ke-image.ljcdn.com/110000-inspection/pc1_lHeKVNRFw_1.jpg!m_fill,w_280,h_210,f_jpg?from=ke.com
20241031,通州,通州其它,101120868527,富力尚悦居D区 2室1厅 东 南 北,218万,29373元/平,中楼层 (共15层) | 2015年 | 2室1厅 | 74.22平米 | 东 南 北,https://ke-image.ljcdn.com/110000-inspection/4eeb3cfe-fe37-407a-a826-6ae841cedae7_1000.jpg!m_fill,w_280,h_210,f_jpg?from=ke.com
20241031,通州,通州其它,101120856608,通州旭辉御锦 精装修叠拼别墅 电梯入户 环境优美,630万,37456元/平,高楼层 (共6层) | 2014年 | 3室1厅 | 168.2平米 | 南 北,https://ke-image.ljcdn.com/110000-inspection/pc1_hiCHK5Lsk_1.jpg!m_fill,w_280,h_210,f_jpg?from=ke.com
20241031,通州,通州其它,101120651098,东惠家园 出入方便  无遮挡 采光好,299万,27853元/平,底层 (共28层) 3室1厅 | 107.35平米 | 南 北,https://ke-image.ljcdn.com/110000-inspection/38ef45d2-1b77-453c-9fc5-bec334057571_1000.jpg!m_fill,w_280,h_210,f_jpg?from=ke.com
20241031,通州,通州其它,101120604563,鲁能格拉斯小镇新房北入户南花园,1750万,59538元/平,底层 (共4层) 5室2厅 | 293.93平米 | 南 北,https://ke-image.ljcdn.com/110000-inspection/a03632ae-4d7b-4a4d-b78d-687b730b2ff3_1000.jpg!m_fill,w_280,h_210,f_jpg?from=ke.com
20241031,通州,通州其它,101120580297,融科千章墅 5室2厅 南 北,1980万,43624元/平,底层 (共4层) 5室2厅 | 453.88平米 | 南 北,https://ke-image.ljcdn.com/110000-inspection/pc1_FroKg0MyZ.jpg!m_fill,w_280,h_210,f_jpg?from=ke.com
20241031,通州,通州其它,101120483378,南北通透纯毛坯独栋视野开阔采光和通风效果好,1850万,67998元/平,底层 (共2层) | 2016年 | 4室2厅 | 272.07平米 | 南 北,https://ke-image.ljcdn.com/110000-inspection/pc1_kQMItgv21_1.jpg!m_fill,w_280,h_210,f_jpg?from=ke.com
20241031,通州,通州其它,101120357883,首付20%  临小中河近东郊湿地公园 电梯洋房,320万,30776元/平,中楼层 (共8层) 3室1厅 | 103.98平米 | 南 北,https://ke-image.ljcdn.com/110000-inspection/499eb3fb-d6aa-4911-8468-f4609d9b3993_1000.jpg!m_fill,w_280,h_210,f_jpg?from=ke.com
20241031,通州,通州其它,101120267419,融科千章墅 6室3厅 南 北,3200万,81604元/平,底层 (共4层) 6室3厅 | 392.14平米 | 南 北,https://ke-image.ljcdn.com/110000-inspection/pc1_o8Zl85Crz_2.jpg!m_fill,w_280,h_210,f_jpg?from=ke.com
20241031,通州,通州其它,101120171855,绿荫别墅双拼的设计满五年看房方便！房主自荐,660万,32433元/平,底层 (共3层) 4室2厅 | 203.5平米 | 南 北,https://ke-image.ljcdn.com/110000-inspection/pc1_lSeRvVmyS.jpg!m_fill,w_280,h_210,f_jpg?from=ke.com
20241031,通州,通州其它,101119609993,国企开发 电梯花园洋房 南北通透三居两卫,440万,38382元/平,顶层 (共6层) 3室1厅 | 114.64平米 | 南 北,https://ke-image.ljcdn.com/110000-inspection/2c410286-683d-44a1-a277-6a7e091b5ffa_1000.jpg!m_fill,w_280,h_210,f_jpg?from=ke.com
20241031,通州,通州其它,101119392341,店长推荐：6环内旭辉上叠别墅人车分流管家管理,660万,36827元/平,高楼层 (共6层) | 2014年 | 3室2厅 | 179.22平米 | 南 北,https://ke-image.ljcdn.com/110000-inspection/10f3464e-7cff-4670-8b56-5a311d37b59d_1000.jpg!m_fill,w_280,h_210,f_jpg?from=ke.com
20241031,通州,通州其它,101119271012,满五唯一通透四居 品质精装室内扩展 中央空调净水软水房主自荐,528万,41341元/平,中楼层 (共5层) 4室2厅 | 127.72平米 | 南 北,https://ke-image.ljcdn.com/110000-inspection/pc1_we8tZUM5R.jpg!m_fill,w_280,h_210,f_jpg?from=ke.com
20241031,通州,通州其它,101119244984,私家电梯入户 高挑空 小区里的大上叠 诚意出售,1590万,97780元/平,中楼层 (共4层) 5室2厅 | 162.61平米 | 南 北,https://ke-image.ljcdn.com/110000-inspection/cfe31b36-0fca-4680-8549-0f697f773c28_1000.jpg!m_fill,w_280,h_210,f_jpg?from=ke.com
20241031,通州,通州其它,101119108632,此车位位于首开国风美仑5号院下面车位旁边带充电桩,16万,4383元/平,地下室 1室1厅 | 36.51平米 | 南,https://ke-image.ljcdn.com/110000-inspection/pc1_BAWbK4RL9.jpg!m_fill,w_280,h_210,f_jpg?from=ke.com
20241031,通州,通州其它,101119025648,十里春风 5室2厅 南 北,460万,28718元/平,底层 (共4层) 5室2厅 | 160.18平米 | 南 北,https://ke-image.ljcdn.com/110000-inspection/pc1_NqyW1qqfp_1.jpg!m_fill,w_280,h_210,f_jpg?from=ke.com
20241031,通州,通州其它,101118989598,中叠私家电梯新四期楼龄管家服务私家产权车库。房主自荐,990万,38615元/平,中楼层 (共6层) | 2017年 | 4室2厅 | 256.38平米 | 南 北,https://ke-image.ljcdn.com/110000-inspection/6964b753-d3aa-485b-9d29-55bba23a7109_1000.jpg!m_fill,w_280,h_210,f_jpg?from=ke.com
20241031,通州,通州其它,101118986743,通顺路 独栋别墅 南北通透 毛坯房 2016年建成,1650万,68067元/平,底层 (共2层) | 2016年 | 5室2厅 | 242.41平米 | 南 北,https://ke-image.ljcdn.com/110000-inspection/pc1_EMlnGIZ6W_2.jpg!m_fill,w_280,h_210,f_jpg?from=ke.com
20241031,通州,通州其它,101118977826,花园洋房一梯两户南北通透精装修全明格局,305万,33628元/平,中楼层 (共8层) | 2016年 | 3室1厅 | 90.7平米 | 南 北,https://ke-image.ljcdn.com/110000-inspection/85f64b3a-b5da-472b-9dc1-ee357cf39498_1000.jpg!m_fill,w_280,h_210,f_jpg?from=ke.com
20241031,通州,通州其它,101118977644,首开香溪郡 纯毛坯下跃四居 小区中间位置,590万,30582元/平,底层 (共6层) | 2016年 | 4室2厅 | 192.93平米 | 南 北,https://ke-image.ljcdn.com/110000-inspection/9fec9b62-037e-412a-80b9-7be5e94a9e21_1000.jpg!m_fill,w_280,h_210,f_jpg?from=ke.com
20241031,通州,通州其它,101118668417,首开香溪郡全新精装修拎包入住下沉花园,530万,32403元/平,底层 (共8层) 4室2厅 | 163.57平米 | 南 北,https://ke-image.ljcdn.com/110000-inspection/7e69d3f9-dcd8-4725-9645-8c944bbc8bd9_1000.jpg!m_fill,w_280,h_210,f_jpg?from=ke.com
20241031,通州,通州其它,101118479358,房子是南北通透格局客厅主卧朝南楼层好业主诚售,480万,52707元/平,低楼层 (共17层) | 2016年 | 3室1厅 | 91.07平米 | 南 北,https://ke-image.ljcdn.com/110000-inspection/bad618c0-ed4b-46e7-b68a-d0947a0340a5_1000.jpg!m_fill,w_280,h_210,f_jpg?from=ke.com
20241031,通州,通州其它,101118447243,翡翠四季A区万科开发万科物业精装修,950万,72326元/平,中楼层 (共5层) 4室2厅 | 131.35平米 | 南 北,https://ke-image.ljcdn.com/110000-inspection/c38786ad-eec3-4dce-a418-0a6eeab0f091_1000.jpg!m_fill,w_280,h_210,f_jpg?from=ke.com
20241031,通州,通州其它,101118367866,叠拼别墅一梯一户三卧朝南采光充足好位置,990万,91363元/平,顶层 (共4层) 3室2厅 | 108.36平米 | 南 北,https://ke-image.ljcdn.com/110000-inspection/pc1_CMXB93ocH_1.jpg!m_fill,w_280,h_210,f_jpg?from=ke.com
20241031,通州,通州其它,101118322953,通州新城 旭辉御锦 南北通透中叠 带下沉庭院,680万,34822元/平,中楼层 (共6层) | 2014年 | 5室2厅 | 195.28平米 | 南 北,https://ke-image.ljcdn.com/110000-inspection/5894ccd7-9b81-4218-98c2-40fa689a6183_1000.jpg!m_fill,w_280,h_210,f_jpg?from=ke.com
20241031,通州,通州其它,101118076909,万科开发二次精装诚意出售万科物业房主自荐,998万,96960元/平,中楼层 (共5层) 5室2厅 | 102.93平米 | 南 北,https://ke-image.ljcdn.com/110000-inspection/7decf231-3f20-4443-b658-0c1fccd530a5_1000.jpg!m_fill,w_280,h_210,f_jpg?from=ke.com
20241031,通州,通州其它,101117989642,徐辛庄 南北三居室 中楼层 采光充足 满五年,236万,33557元/平,中楼层 (共6层) 3室1厅 | 70.33平米 | 南 北,https://ke-image.ljcdn.com/110000-inspection/d461a2af-a2ea-4bca-931c-35b74b05cb6b_1000.jpg!m_fill,w_280,h_210,f_jpg?from=ke.com
20241031,通州,通州其它,101117843401,旭辉御锦精装修没住过临近湿地公园60平南花园,1100万,42292元/平,底层 (共6层) 4室2厅 | 260.1平米 | 南 北,https://ke-image.ljcdn.com/110000-inspection/pc1_33CSFbHca_2.jpg!m_fill,w_280,h_210,f_jpg?from=ke.com
20241031,通州,通州其它,101117819915,满五年唯一  精装下跃拎包住 双厅全明 随时看,550万,33741元/平,底层 (共8层) 3室2厅 | 163.01平米 | 南 北,https://ke-image.ljcdn.com/110000-inspection/pc1_ZNVa7yGPd.jpg!m_fill,w_280,h_210,f_jpg?from=ke.com
20241031,通州,通州其它,101117407599,翡翠四季A区万科开发万科物业,1050万,102350元/平,中楼层 (共5层) 3室1厅 | 102.59平米 | 南 北,https://ke-image.ljcdn.com/110000-inspection/ea3b1137-d132-47ab-8629-0468aabf6a30_1000.jpg!m_fill,w_280,h_210,f_jpg?from=ke.com
20241031,通州,通州其它,101117259435,全屋地暖+电梯板楼+一梯两户+人车分流+落地阳台！房主自荐,378万,36618元/平,中楼层 (共8层) | 2015年 | 3室2厅 | 103.23平米 | 南 北,https://ke-image.ljcdn.com/110000-inspection/63686ef2-f2d3-4e18-a370-d9d97ae6094b_1000.jpg!m_fill,w_280,h_210,f_jpg?from=ke.com
20241031,通州,通州其它,101117173352,电梯入户中叠别墅人车分流管家管理16年次新房,725万,37123元/平,中楼层 (共6层) | 2014年 | 4室1厅 | 195.3平米 | 南 北,https://ke-image.ljcdn.com/110000-inspection/pc1_yswfPhieZ_1.jpg!m_fill,w_280,h_210,f_jpg?from=ke.com
20241031,通州,通州其它,101116139342,融创千章墅联排别墅大花园户型方正南北通透,1850万,40968元/平,底层 (共3层) | 2017年 | 5室2厅 | 451.58平米 | 南 北,https://ke-image.ljcdn.com/110000-inspection/pc1_vvj0km5Gs.jpg!m_fill,w_280,h_210,f_jpg?from=ke.com
20241031,通州,通州其它,101115779952,四期边户东边户型南北朝向日照充足下叠带电梯房主自荐,1650万,65953元/平,底层 (共4层) | 2017年 | 5室2厅 | 250.18平米 | 南,https://ke-image.ljcdn.com/110000-inspection/pc1_wgHcs8CLC_1.jpg!m_fill,w_280,h_210,f_jpg?from=ke.com
20241031,通州,通州其它,101114867532,诚意出售带产权车位看房有钥匙别墅社区南北三层,1100万,43074元/平,中楼层 (共4层) | 2013年 | 4室2厅 | 255.38平米 | 南 北,https://ke-image.ljcdn.com/110000-inspection/pc1_SY7qE809k_2.jpg!m_fill,w_280,h_210,f_jpg?from=ke.com
20241031,通州,通州其它,101114101437,无遮光望公园3层地上1层地下本算2层挑高6.5米房主自荐,1495万,62574元/平,底层 (共4层) | 2017年 | 4室2厅 | 238.92平米 | 南 北,https://ke-image.ljcdn.com/110000-inspection/b5b2183e-6463-47c5-9faf-4038c8c654d0_1000.jpg!m_fill,w_280,h_210,f_jpg?from=ke.com
20241031,通州,通州其它,101113614542,旭辉御锦 精装修下叠 带南向花园 带地下二层次新房房主自荐,1090万,41837元/平,底层 (共6层) | 2014年 | 4室3厅 | 260.54平米 | 南 北,https://ke-image.ljcdn.com/110000-inspection/6e5ee453-23de-46a3-b657-ccdd0f94dcf4_1000.jpg!m_fill,w_280,h_210,f_jpg?from=ke.com
20241031,通州,通州其它,101127314962,紫峰九院城 2室1厅 南 北新上,78万,13105元/平,中楼层 (共11层) 2室1厅 | 59.52平米 | 南 北,https://s1.ljcdn.com/pegasus/redskull/images/common/default_house_list.png?_v=202410161653269
20241031,通州,通州其它,101127328094,富力尚悦居B区 2室1厅 南 北新上,186万,25884元/平,低楼层 (共20层) | 2014年 | 2室1厅 | 71.86平米 | 南 北,https://s1.ljcdn.com/pegasus/redskull/images/common/default_house_list.png?_v=202410161653269
20241031,通州,通州其它,101127299150,泰禾一号公馆 2室2厅 南 北新上,470万,58111元/平,低楼层 (共9层) 2室2厅 | 80.88平米 | 南 北,https://s1.ljcdn.com/pegasus/redskull/images/common/default_house_list.png?_v=202410161653269
20241031,通州,通州其它,101127295013,泰禾1号街区 3室2厅 西新上,160万,23757元/平,低楼层 (共9层) | 2015年 | 3室2厅 | 67.35平米 | 西,https://s1.ljcdn.com/pegasus/redskull/images/common/default_house_list.png?_v=202410161653269
20241031,通州,通州其它,101127287929,珠江四季悦城 3室1厅 北新上,128万,13657元/平,中楼层 (共9层) | 2014年 | 3室1厅 | 93.73平米 | 北,https://s1.ljcdn.com/pegasus/redskull/images/common/default_house_list.png?_v=202410161653269
20241031,通州,通州其它,101127285491,泰禾1号街区 上下两层4.5米 西向好房 个人可买新上,160万,24525元/平,中楼层 (共13层) | 2015年 | 2室1厅 | 65.24平米 | 西,https://s1.ljcdn.com/pegasus/redskull/images/common/default_house_list.png?_v=202410161653269
20241031,通州,通州其它,101127264174,紫峰九院城 1室1厅 南 北新上,71万,12051元/平,中楼层 (共11层) 1室1厅 | 58.92平米 | 南 北,https://s1.ljcdn.com/pegasus/redskull/images/common/default_house_list.png?_v=202410161653269
20241031,通州,通州其它,101127277693,富力尚悦居E区 3室1厅 南新上,128万,12524元/平,中楼层 (共9层) 3室1厅 | 102.21平米 | 南,https://s1.ljcdn.com/pegasus/redskull/images/common/default_house_list.png?_v=202410161653269
20241031,通州,通州其它,101127276221,东亚尚品台湖 1室1厅 东新上,80万,15083元/平,中楼层 (共15层) | 2016年 | 1室1厅 | 53.04平米 | 东,https://s1.ljcdn.com/pegasus/redskull/images/common/default_house_list.png?_v=202410161653269
20241031,通州,通州其它,101127271128,泰禾1号街区 高楼层 诚意出售新上,95万,21789元/平,中楼层 (共8层) 1室0厅 | 43.6平米 | 北,https://s1.ljcdn.com/pegasus/redskull/images/common/default_house_list.png?_v=202410161653269
20241031,通州,通州其它,101127265805,首开国风美仑 3室2厅 南 北新上,420万,34928元/平,中楼层 (共16层) 3室2厅 | 120.25平米 | 南 北,https://s1.ljcdn.com/pegasus/redskull/images/common/default_house_list.png?_v=202410161653269
20241031,通州,通州其它,101127265768,十里春风 2室1厅 西南新上,99万,12340元/平,高楼层 (共18层) | 2020年 | 2室1厅 | 80.23平米 | 西南,https://s1.ljcdn.com/pegasus/redskull/images/common/default_house_list.png?_v=202410161653269
20241031,通州,通州其它,101127259406,富力尚悦居B区 2室1厅 南 北 西新上,195万,25883元/平,中楼层 (共22层) | 2015年 | 2室1厅 | 75.34平米 | 南 北 西,https://s1.ljcdn.com/pegasus/redskull/images/common/default_house_list.png?_v=202410161653269
20241031,通州,通州其它,101127257348,旭辉御锦 车位,30万,6712元/平,地下室 | 2014年 | 1室0厅 | 44.7平米 | 南,https://ke-image.ljcdn.com/110000-inspection/c71a3dfe56a16eb0c2ae4e8c86539199-018.jpg!m_fill,w_280,h_210,f_jpg?from=ke.com
20241031,通州,通州其它,101127257178,东亚尚品台湖随时看房户型标准价格面谈新上,140万,18284元/平,低楼层 (共15层) | 2016年 | 2室1厅 | 76.57平米 | 西,https://s1.ljcdn.com/pegasus/redskull/images/common/default_house_list.png?_v=202410161653269
20241031,通州,通州其它,101127256792,十里春风 2室1厅 西南新上,130万,16285元/平,中楼层 (共22层) | 2020年 | 2室1厅 | 79.83平米 | 西南,https://s1.ljcdn.com/pegasus/redskull/images/common/default_house_list.png?_v=202410161653269
20241031,通州,通州其它,101127247484,东惠家园 优质三居 业主诚心出售新上,296万,27548元/平,底层 (共26层) | 2019年 | 3室1厅 | 107.45平米 | 南 北,https://s1.ljcdn.com/pegasus/redskull/images/common/default_house_list.png?_v=202410161653269
20241031,通州,通州其它,101127239714,泰晤士印象 3室2厅 南 北新上,195万,17951元/平,中楼层 (共17层) | 2016年 | 3室2厅 | 108.63平米 | 南 北,https://s1.ljcdn.com/pegasus/redskull/images/common/default_house_list.png?_v=202410161653269
20241031,通州,通州其它,101127220658,富力尚悦居D区 1室1厅 南,132万,23614元/平,低楼层 (共18层) | 2015年 | 1室1厅 | 55.9平米 | 南,https://s1.ljcdn.com/pegasus/redskull/images/common/default_house_list.png?_v=202410161653269
20241031,通州,通州其它,101127211312,翡翠四季A区 下叠 万科物业 智能家居 亦庄火车站,990万,35009元/平,底层 (共5层) 4室2厅 | 282.79平米 | 南 北,https://s1.ljcdn.com/pegasus/redskull/images/common/default_house_list.png?_v=202410161653269
20241031,通州,通州其它,101127205183,泰禾1号街区 5.7米挑高 业主诚意出售随时可看,130万,32566元/平,低楼层 (共13层) 1室1厅 | 39.92平米 | 北,https://s1.ljcdn.com/pegasus/redskull/images/common/default_house_list.png?_v=202410161653269
20241031,通州,通州其它,101127200115,首开万科城市之光盛佳尚苑 上下两层4.2 公司产权,70万,19386元/平,中楼层 (共14层) 2室1厅 | 36.11平米 | 东,https://s1.ljcdn.com/pegasus/redskull/images/common/default_house_list.png?_v=202410161653269
20241031,通州,通州其它,101127198436,旭辉御锦 车位,33万,7526元/平,地下室 | 2014年 | 1室0厅 | 43.85平米 | 北,https://s1.ljcdn.com/pegasus/redskull/images/common/default_house_list.png?_v=202410161653269
20241031,通州,通州其它,101127198033,东亚尚品台湖标准一室户型装修好,110万,16715元/平,高楼层 (共15层) 1室1厅 | 65.81平米 | 南,https://s1.ljcdn.com/pegasus/redskull/images/common/default_house_list.png?_v=202410161653269
20241031,通州,通州其它,101127197175,首开万科城市之光盛佳尚苑 顶层 视野好 看国贸,120万,21934元/平,顶层 (共18层) 2室1厅 | 54.71平米 | 北,https://s1.ljcdn.com/pegasus/redskull/images/common/default_house_list.png?_v=202410161653269
20241031,通州,通州其它,101127173845,紫峰九院城 4室2厅 南 北,200万,14509元/平,底层 (共6层) 4室2厅 | 137.85平米 | 南 北,https://s1.ljcdn.com/pegasus/redskull/images/common/default_house_list.png?_v=202410161653269
20241031,通州,通州其它,101127180941,东亚尚品台湖 边户 业主诚意出售,55万,14632元/平,低楼层 (共15层) | 2016年 | 1室1厅 | 37.59平米 | 东北,https://s1.ljcdn.com/pegasus/redskull/images/common/default_house_list.png?_v=202410161653269
20241031,通州,通州其它,101127150547,紫峰九院城 3室2厅 南 北,290万,21027元/平,低楼层 (共14层) 3室2厅 | 137.92平米 | 南 北,https://s1.ljcdn.com/pegasus/redskull/images/common/default_house_list.png?_v=202410161653269
20241031,通州,通州其它,101127128655,华馨园小区 高楼层 视野宽阔,320万,28229元/平,顶层 (共6层) 3室2厅 | 113.36平米 | 南 北,https://s1.ljcdn.com/pegasus/redskull/images/common/default_house_list.png?_v=202410161653269
20241031,通州,通州其它,101127122929,十里春风 2室1厅 南 北,125万,15274元/平,高楼层 (共17层) | 2020年 | 2室1厅 | 81.84平米 | 南 北,https://s1.ljcdn.com/pegasus/redskull/images/common/default_house_list.png?_v=202410161653269
20241031,通州,通州其它,101127121515,珠江四季悦城 1室1厅 南,118万,17964元/平,中楼层 (共9层) | 2014年 | 1室1厅 | 65.69平米 | 南,https://s1.ljcdn.com/pegasus/redskull/images/common/default_house_list.png?_v=202410161653269
20241031,通州,通州其它,101127111800,万驰家园南北通透户型好精装修,165万,18295元/平,高楼层 (共6层) 2室2厅 | 90.19平米 | 北 南,https://s1.ljcdn.com/pegasus/redskull/images/common/default_house_list.png?_v=202410161653269
20241031,通州,通州其它,101127106548,次渠北里一区 2室1厅 南 北,360万,33383元/平,中楼层 (共18层) 2室1厅 | 107.84平米 | 南 北,https://s1.ljcdn.com/pegasus/redskull/images/common/default_house_list.png?_v=202410161653269
20241031,通州,通州其它,101127099706,台湖银河湾 玉石精装一居室 交易只有契税 诚意卖,350万,65778元/平,中楼层 (共11层) 1室1厅 | 53.21平米 | 南,https://s1.ljcdn.com/pegasus/redskull/images/common/default_house_list.png?_v=202410161653269
20241031,通州,通州其它,101127098069,东亚印象台湖 高楼层南北通透两居室 不临街电梯房,198万,31020元/平,高楼层 (共12层) | 2014年 | 2室1厅 | 63.83平米 | 南 北,https://s1.ljcdn.com/pegasus/redskull/images/common/default_house_list.png?_v=202410161653269
20241031,通州,通州其它,101127081062,泰禾1号街区 业主诚意出售 17号线次渠北地铁站,88万,22045元/平,高楼层 (共13层) | 2015年 | 1室1厅 | 39.92平米 | 北,https://s1.ljcdn.com/pegasus/redskull/images/common/default_house_list.png?_v=202410161653269
20241031,通州,通州其它,101127080938,旭辉丽舍 1室0厅 南,72万,12212元/平,高楼层 (共6层) | 2014年 | 1室0厅 | 58.96平米 | 南,https://s1.ljcdn.com/pegasus/redskull/images/common/default_house_list.png?_v=202410161653269
20241031,通州,通州其它,101127078745,东惠家园4号院107平南北通透三居室户型方正,295万,27391元/平,低楼层 (共27层) | 2021年 | 3室2厅 | 107.7平米 | 南 北,https://s1.ljcdn.com/pegasus/redskull/images/common/default_house_list.png?_v=202410161653269
20241031,通州,通州其它,101127061007,首开香溪郡 车位,22万,6843元/平,地下室 (共1层) | 2016年 | 厅室未知 | 32.15平米 | 南,https://ke-image.ljcdn.com/110000-inspection/35bdd2709a4a81a73f130f52c454ba8f-089.jpg!m_fill,w_280,h_210,f_jpg?from=ke.com
20241031,通州,通州其它,101127053449,珠江四季悦城 1室1厅 北,100万,15296元/平,中楼层 (共12层) 1室1厅 | 65.38平米 | 北,https://s1.ljcdn.com/pegasus/redskull/images/common/default_house_list.png?_v=202410161653269
20241031,通州,通州其它,101127052886,珠江四季悦城 4室1厅 北,163万,18260元/平,中楼层 (共12层) | 2015年 | 4室1厅 | 89.27平米 | 北,https://s1.ljcdn.com/pegasus/redskull/images/common/default_house_list.png?_v=202410161653269
20241031,通州,通州其它,101127045625,富力尚悦居A区 4室1厅 南 北,680万,35307元/平,中楼层 (共20层) 4室1厅 | 192.6平米 | 南 北,https://s1.ljcdn.com/pegasus/redskull/images/common/default_house_list.png?_v=202410161653269
20241031,通州,通州其它,101127043558,泰禾1号街区 高楼层 视野好 诚意出售,105万,26303元/平,高楼层 (共13层) | 2015年 | 1室1厅 | 39.92平米 | 北,https://s1.ljcdn.com/pegasus/redskull/images/common/default_house_list.png?_v=202410161653269
20241031,通州,通州其它,101127038286,首开缇香郡二期 3室2厅 南 北,228万,25807元/平,中楼层 (共9层) 3室2厅 | 88.35平米 | 南 北,https://s1.ljcdn.com/pegasus/redskull/images/common/default_house_list.png?_v=202410161653269
20241031,通州,通州其它,101127035579,台湖银河湾 玉石精装一居室 亦庄火车站 17号线,335万,62130元/平,高楼层 (共9层) 1室1厅 | 53.92平米 | 南,https://s1.ljcdn.com/pegasus/redskull/images/common/default_house_list.png?_v=202410161653269
20241031,通州,通州其它,101127030756,东亚尚品台湖特殊户型精装修,160万,20896元/平,中楼层 (共15层) | 2016年 | 2室2厅 | 76.57平米 | 南,https://s1.ljcdn.com/pegasus/redskull/images/common/default_house_list.png?_v=202410161653269
20241031,通州,通州其它,101127028774,1号街区 业主重新装修 户型改善 使用空间大,198万,30822元/平,中楼层 (共9层) | 2017年 | 3室2厅 | 64.24平米 | 东,https://s1.ljcdn.com/pegasus/redskull/images/common/default_house_list.png?_v=202410161653269
20241031,通州,通州其它,101127022550,泰禾1号街区 上下两层4.5米 东向好房 个人可买,155万,31119元/平,中楼层 (共9层) 2室1厅 | 49.81平米 | 东,https://s1.ljcdn.com/pegasus/redskull/images/common/default_house_list.png?_v=202410161653269
20241031,通州,通州其它,101127022350,东亚印象台湖 电梯房 南北通透 高楼层视野好,180万,28205元/平,高楼层 (共10层) 2室1厅 | 63.82平米 | 南 北,https://s1.ljcdn.com/pegasus/redskull/images/common/default_house_list.png?_v=202410161653269
20241031,通州,通州其它,101127019592,泰禾1号街区 西向 好楼层 诚意出售,160万,30634元/平,中楼层 (共9层) 2室2厅 | 52.23平米 | 西,https://s1.ljcdn.com/pegasus/redskull/images/common/default_house_list.png?_v=202410161653269
20241031,通州,通州其它,101127005181,首开香溪郡 车位,18万,5599元/平,地下室 (共1层) | 2016年 | 1室0厅 | 32.15平米 | 北,https://ke-image.ljcdn.com/110000-inspection/b2fe327251ca1744fef999c25b1b3e95-065.jpg!m_fill,w_280,h_210,f_jpg?from=ke.com
20241031,通州,通州其它,101126998961,东亚尚品台湖 2室1厅 西,145万,19057元/平,低楼层 (共15层) | 2016年 | 2室1厅 | 76.09平米 | 西,https://s1.ljcdn.com/pegasus/redskull/images/common/default_house_list.png?_v=202410161653269
20241031,通州,通州其它,101126997519,旭辉御锦 车位,32万,7298元/平,地下室 | 2014年 | 1室0厅 | 43.85平米 | 南 北,https://ke-image.ljcdn.com/110000-inspection/a9b61144db8461d38552384c0a0f9d60-017.jpg!m_fill,w_280,h_210,f_jpg?from=ke.com
20241031,通州,通州其它,101126993859,首开国风美仑 1室1厅 南,190万,44928元/平,底层 (共14层) | 2014年 | 1室1厅 | 42.29平米 | 南,https://s1.ljcdn.com/pegasus/redskull/images/common/default_house_list.png?_v=202410161653269
20241031,通州,通州其它,101126988837,水南西三路东惠家园三期4号院。,275万,31977元/平,中楼层 (共28层) | 2021年 | 2室1厅 | 86平米 | 南 北,https://s1.ljcdn.com/pegasus/redskull/images/common/default_house_list.png?_v=202410161653269
20241031,通州,通州其它,101126985586,泰禾1号街区 3室2厅 西南,210万,24666元/平,中楼层 (共13层) | 2015年 | 3室2厅 | 85.14平米 | 西南,https://s1.ljcdn.com/pegasus/redskull/images/common/default_house_list.png?_v=202410161653269
20241031,通州,通州其它,101126981236,台湖银河湾 玉石精装修一居室 十七号线 亦庄火车站,325万,60275元/平,中楼层 (共9层) 1室1厅 | 53.92平米 | 南 北,https://s1.ljcdn.com/pegasus/redskull/images/common/default_house_list.png?_v=202410161653269
20241031,通州,通州其它,101126977888,珠江四季悦城 4室1厅 西,175万,19066元/平,中楼层 (共12层) | 2014年 | 4室1厅 | 91.79平米 | 西,https://s1.ljcdn.com/pegasus/redskull/images/common/default_house_list.png?_v=202410161653269
20241031,通州,通州其它,101126971686,新华联科技大厦 有电梯 楼层好 适合办公,175万,11049元/平,中楼层 (共8层) 4室1厅 | 158.39平米 | 北,https://s1.ljcdn.com/pegasus/redskull/images/common/default_house_list.png?_v=202410161653269
20241031,通州,通州其它,101126969120,首开缇香郡 1室1厅 南 北,130万,23298元/平,高楼层 (共16层) | 2016年 | 1室1厅 | 55.8平米 | 南 北,https://s1.ljcdn.com/pegasus/redskull/images/common/default_house_list.png?_v=202410161653269
20241031,通州,通州其它,101126968390,首开香溪郡 车位,17.5万,5558元/平,地下室 (共1层) | 2016年 | 1室0厅 | 31.49平米 | 南,https://ke-image.ljcdn.com/110000-inspection/bf5c3550d360d27cf2325c6c453db9fd-032.jpg!m_fill,w_280,h_210,f_jpg?from=ke.com
20241031,通州,通州其它,101126964139,东亚印象台湖 3室1厅 南 北,240万,31048元/平,中楼层 (共13层) | 2014年 | 3室1厅 | 77.3平米 | 南 北,https://s1.ljcdn.com/pegasus/redskull/images/common/default_house_list.png?_v=202410161653269
20241031,通州,通州其它,101126962306,首开万科台湖新城V公馆 1室1厅 西,88万,17905元/平,中楼层 (共10层) 1室1厅 | 49.15平米 | 西,https://s1.ljcdn.com/pegasus/redskull/images/common/default_house_list.png?_v=202410161653269
20241031,通州,通州其它,101126924404,紫峰九院城 4室2厅 南 北,210万,19343元/平,底层 (共15层) 4室2厅 | 108.57平米 | 南 北,https://s1.ljcdn.com/pegasus/redskull/images/common/default_house_list.png?_v=202410161653269
20241031,通州,通州其它,101126913923,台湖银河湾 1室1厅 南 北,347万,62422元/平,高楼层 (共18层) 1室1厅 | 55.59平米 | 南 北,https://s1.ljcdn.com/pegasus/redskull/images/common/default_house_list.png?_v=202410161653269
20241031,通州,通州其它,101126906200,润枫领尚交通方便临近地铁公交明厨明卫通风好,430万,49211元/平,低楼层 (共18层) | 2013年 | 2室1厅 | 87.38平米 | 南 北,https://s1.ljcdn.com/pegasus/redskull/images/common/default_house_list.png?_v=202410161653269
20241031,通州,通州其它,101126905576,万驰家园南北通透户型好精装修,185万,20980元/平,底层 (共6层) 2室1厅 | 88.18平米 | 南 北,https://s1.ljcdn.com/pegasus/redskull/images/common/default_house_list.png?_v=202410161653269
20241031,通州,通州其它,101126902954,城乡世纪广场莫尔空间 2室1厅 西北,115万,17905元/平,高楼层 (共13层) 2室1厅 | 64.23平米 | 西北,https://s1.ljcdn.com/pegasus/redskull/images/common/default_house_list.png?_v=202410161653269
20241031,通州,通州其它,101126902511,东亚尚品台湖 1室0厅 西,54.8万,14815元/平,低楼层 (共15层) | 2016年 | 1室0厅 | 36.99平米 | 西,https://s1.ljcdn.com/pegasus/redskull/images/common/default_house_list.png?_v=202410161653269
20241031,通州,通州其它,101126887304,星悦国际 2室1厅 东,135万,15788元/平,底层 (共17层) | 2012年 | 2室1厅 | 85.51平米 | 东,https://s1.ljcdn.com/pegasus/redskull/images/common/default_house_list.png?_v=202410161653269
20241031,通州,通州其它,101126885989,东亚尚品台湖  高层西向优质房源 采光好,75万,14138元/平,高楼层 (共15层) | 2016年 | 1室1厅 | 53.05平米 | 西,https://s1.ljcdn.com/pegasus/redskull/images/common/default_house_list.png?_v=202410161653269
20241031,通州,通州其它,101126871754,首开缇香郡二期 3室2厅 南 北,460万,29672元/平,底层 (共4层) 3室2厅 | 155.03平米 | 南 北,https://s1.ljcdn.com/pegasus/redskull/images/common/default_house_list.png?_v=202410161653269
20241031,通州,通州其它,101126835038,全新精装修没住过上叠纯新户型好位置好诚售房主自荐,1700万,52639元/平,中楼层 (共4层) 3室3厅 | 322.96平米 | 北 南,https://s1.ljcdn.com/pegasus/redskull/images/common/default_house_list.png?_v=202410161653269
20241031,通州,通州其它,101126852456,首开.缇香郡 商办 顶层 电梯房,50万,10205元/平,顶层 (共7层) | 2020年 | 1室0厅 | 49平米 | 南,https://s1.ljcdn.com/pegasus/redskull/images/common/default_house_list.png?_v=202410161653269
20241031,通州,通州其它,101126846992,星悦国际 2室1厅 西北,130万,14191元/平,底层 (共14层) | 2012年 | 2室1厅 | 91.61平米 | 西北,https://s1.ljcdn.com/pegasus/redskull/images/common/default_house_list.png?_v=202410161653269
20241031,通州,通州其它,101126836213,星悦国际 车位,9.5万,3342元/平,地下室 | 2012年 | 1室1厅 | 28.43平米 | 东南,https://s1.ljcdn.com/pegasus/redskull/images/common/default_house_list.png?_v=202410161653269
20241031,通州,通州其它,101126839214,珠江四季悦城精装修带电梯全款购买,140万,15445元/平,低楼层 (共12层) 3室1厅 | 90.65平米 | 南,https://s1.ljcdn.com/pegasus/redskull/images/common/default_house_list.png?_v=202410161653269
20241031,通州,通州其它,101126832187,珠江四季悦城 3室1厅 北,153万,16525元/平,中楼层 (共9层) | 2014年 | 3室1厅 | 92.59平米 | 北,https://s1.ljcdn.com/pegasus/redskull/images/common/default_house_list.png?_v=202410161653269
20241031,通州,通州其它,101126812341,珠江四季悦城房主诚信售卖全小区低价！,95万,14933元/平,低楼层 (共12层) | 2015年 | 3室1厅 | 63.62平米 | 北,https://s1.ljcdn.com/pegasus/redskull/images/common/default_house_list.png?_v=202410161653269
20241031,通州,通州其它,101126811936,珠江四季悦城 精装修 带电梯 可全款购买,130万,19933元/平,高楼层 (共12层) 3室1厅 | 65.22平米 | 西,https://s1.ljcdn.com/pegasus/redskull/images/common/default_house_list.png?_v=202410161653269
20241031,通州,通州其它,101126802287,珠江四季悦城    整体精装修,185万,20409元/平,中楼层 (共12层) | 2014年 | 3室1厅 | 90.65平米 | 南,https://s1.ljcdn.com/pegasus/redskull/images/common/default_house_list.png?_v=202410161653269
20241031,通州,通州其它,101126801140,珠江四季悦城诚心卖！价格低！户型敞亮！房主自荐,150万,16931元/平,高楼层 (共12层) | 2015年 | 4室1厅 | 88.6平米 | 西,https://s1.ljcdn.com/pegasus/redskull/images/common/default_house_list.png?_v=202410161653269
20241031,通州,通州其它,101126799496,十里春风 2室2厅 南 北,110万,13797元/平,低楼层 (共22层) | 2020年 | 2室2厅 | 79.73平米 | 南 北,https://s1.ljcdn.com/pegasus/redskull/images/common/default_house_list.png?_v=202410161653269
20241031,通州,通州其它,101126798684,东亚环球国际一层开间精装修诚意出售,43万,10783元/平,底层 (共11层) 1室0厅 | 39.88平米 | 西,https://s1.ljcdn.com/pegasus/redskull/images/common/default_house_list.png?_v=202410161653269
20241031,通州,通州其它,101126798387,银河中心 2室1厅 东,213万,34444元/平,高楼层 (共15层) | 2021年 | 2室1厅 | 61.84平米 | 东,https://s1.ljcdn.com/pegasus/redskull/images/common/default_house_list.png?_v=202410161653269
20241031,通州,通州其它,101126798015,东亚环球国际一层开间诚意出售,43万,10783元/平,底层 (共11层) 1室0厅 | 39.88平米 | 西,https://s1.ljcdn.com/pegasus/redskull/images/common/default_house_list.png?_v=202410161653269
20241031,通州,通州其它,101126797628,台湖银河湾南向一居独门独户。,385万,71165元/平,顶层 (共11层) 1室1厅 | 54.1平米 | 南,https://s1.ljcdn.com/pegasus/redskull/images/common/default_house_list.png?_v=202410161653269
20241031,通州,通州其它,101126780399,十里春风 4室3厅 南 北,195万,22180元/平,底层 (共5层) | 2020年 | 4室3厅 | 87.92平米 | 南 北,https://s1.ljcdn.com/pegasus/redskull/images/common/default_house_list.png?_v=202410161653269
20241031,通州,通州其它,101126777174,东亚尚品台湖 1室1厅 西,70万,17931元/平,高楼层 (共15层) | 2016年 | 1室1厅 | 39.04平米 | 西,https://s1.ljcdn.com/pegasus/redskull/images/common/default_house_list.png?_v=202410161653269
20241031,通州,通州其它,101126767696,城乡世纪广场莫尔空间中高楼层优质房源,128万,20263元/平,高楼层 (共13层) 2室1厅 | 63.17平米 | 西,https://s1.ljcdn.com/pegasus/redskull/images/common/default_house_list.png?_v=202410161653269
20241031,通州,通州其它,101126767241,东亚尚品台湖高楼层次顶层采光好,80万,15081元/平,高楼层 (共15层) | 2016年 | 1室0厅 | 53.05平米 | 西,https://s1.ljcdn.com/pegasus/redskull/images/common/default_house_list.png?_v=202410161653269
20241031,通州,通州其它,101126763954,首开万科城市之光盛佳尚苑 上下两层 个人产权 万科,120万,22871元/平,高楼层 (共18层) | 2017年 | 2室1厅 | 52.47平米 | 东,https://s1.ljcdn.com/pegasus/redskull/images/common/default_house_list.png?_v=202410161653269
20241031,通州,通州其它,101126749318,胡家垈村甲8号院东亚尚品台湖/,55万,14053元/平,中楼层 (共15层) 1室0厅 | 39.14平米 | 东,https://s1.ljcdn.com/pegasus/redskull/images/common/default_house_list.png?_v=202410161653269
20241031,通州,通州其它,101126740834,胡家垈村甲8号院东亚尚品台湖。,48.9万,13082元/平,低楼层 (共15层) 1室1厅 | 37.38平米 | 东,https://s1.ljcdn.com/pegasus/redskull/images/common/default_house_list.png?_v=202410161653269
20241031,通州,通州其它,101126719429,珠江四季悦城亦庄新城新阳光社区,112万,17173元/平,低楼层 (共12层) 1室1厅 | 65.22平米 | 西,https://s1.ljcdn.com/pegasus/redskull/images/common/default_house_list.png?_v=202410161653269
20241031,通州,通州其它,101126719159,珠江四季悦城亦庄新城新阳光社区,112万,17194元/平,顶层 (共12层) | 2014年 | 1室1厅 | 65.14平米 | 西,https://s1.ljcdn.com/pegasus/redskull/images/common/default_house_list.png?_v=202410161653269
20241031,通州,通州其它,101126714881,富力尚悦居E区 3室1厅 西 北,130万,12485元/平,中楼层 (共9层) | 2015年 | 3室1厅 | 104.13平米 | 西 北,https://s1.ljcdn.com/pegasus/redskull/images/common/default_house_list.png?_v=202410161653269
20241031,通州,通州其它,101126707187,胡家垈村甲8号院东亚尚品台湖,73万,18651元/平,底层 (共15层) 1室1厅 | 39.14平米 | 东,https://s1.ljcdn.com/pegasus/redskull/images/common/default_house_list.png?_v=202410161653269
20241031,通州,通州其它,101126702527,4.5米挑高上下两层中楼层南向好房业主诚意,129万,29588元/平,高楼层 (共8层) | 2017年 | 1室1厅 | 43.6平米 | 北,https://s1.ljcdn.com/pegasus/redskull/images/common/default_house_list.png?_v=202410161653269
20241031,通州,通州其它,101126701142,开发商统一精装修业主诚意出售 楼层视野好,258万,30095元/平,中楼层 (共13层) | 2017年 | 3室1厅 | 85.73平米 | 南 东 东南,https://s1.ljcdn.com/pegasus/redskull/images/common/default_house_list.png?_v=202410161653269
20241031,通州,通州其它,101126687325,富力尚悦居A区 大四居 精装修 河景房 满五唯一,599万,36094元/平,高楼层 (共20层) 4室2厅 | 165.96平米 | 南 北,https://s1.ljcdn.com/pegasus/redskull/images/common/default_house_list.png?_v=202410161653269
20241031,通州,通州其它,101126676341,南向两居有景山采光好随时看房,255万,31170元/平,高楼层 (共28层) | 2021年 | 2室1厅 | 81.81平米 | 南,https://s1.ljcdn.com/pegasus/redskull/images/common/default_house_list.png?_v=202410161653269
20241031,通州,通州其它,101126672426,东亚环球国际 西向 诚意出售 预约看房,42.5万,10663元/平,低楼层 (共11层) | 2015年 | 1室0厅 | 39.86平米 | 西,https://s1.ljcdn.com/pegasus/redskull/images/common/default_house_list.png?_v=202410161653269
20241031,通州,通州其它,101126672368,富力▪尚悦居 采光好总价合适中间楼层二房间 密度小,118万,15262元/平,中楼层 (共9层) | 2015年 | 2室1厅 | 77.32平米 | 西南,https://s1.ljcdn.com/pegasus/redskull/images/common/default_house_list.png?_v=202410161653269
20241031,通州,通州其它,101126661631,富力尚悦居A区 3室1厅 南 北,430万,38483元/平,底层 (共15层) | 2015年 | 3室1厅 | 111.74平米 | 南 北,https://s1.ljcdn.com/pegasus/redskull/images/common/default_house_list.png?_v=202410161653269
20241031,通州,通州其它,101126659407,东四路3号院 东向 诚意出售 看房预约,85万,23540元/平,低楼层 (共14层) 1室2厅 | 36.11平米 | 东,https://s1.ljcdn.com/pegasus/redskull/images/common/default_house_list.png?_v=202410161653269
20241031,通州,通州其它,101126658694,东亚尚品台湖 复式 业主诚心出售,78万,19944元/平,顶层 (共15层) 1室1厅 | 39.11平米 | 西,https://s1.ljcdn.com/pegasus/redskull/images/common/default_house_list.png?_v=202410161653269
20241031,通州,通州其它,101126657940,城乡世纪广场莫尔空间次顶层1111111,125万,22936元/平,高楼层 (共13层) 1室0厅 | 54.5平米 | 东,https://s1.ljcdn.com/pegasus/redskull/images/common/default_house_list.png?_v=202410161653269
20241031,通州,通州其它,101126613320,星悦国际 2室1厅 东南,188万,17861元/平,中楼层 (共14层) | 2012年 | 2室1厅 | 105.26平米 | 东南,https://s1.ljcdn.com/pegasus/redskull/images/common/default_house_list.png?_v=202410161653269
20241031,通州,通州其它,101126612260,星悦国际兴贸三街19号院,153万,17897元/平,高楼层 (共14层) | 2012年 | 2室1厅 | 85.49平米 | 东北,https://s1.ljcdn.com/pegasus/redskull/images/common/default_house_list.png?_v=202410161653269
20241031,通州,通州其它,101126595609,东亚尚品台湖 西向好房 中高楼层 视野开阔,79万,21433元/平,顶层 (共15层) | 2016年 | 1室1厅 | 36.86平米 | 西,https://s1.ljcdn.com/pegasus/redskull/images/common/default_house_list.png?_v=202410161653269
20241031,通州,通州其它,101126591158,房子满五唯一精装修全明格局拎包入住看房方,210万,37675元/平,中楼层 (共18层) | 2013年 | 1室0厅 | 55.74平米 | 东北,https://s1.ljcdn.com/pegasus/redskull/images/common/default_house_list.png?_v=202410161653269
20241031,通州,通州其它,101126562012,南北通透 格局好 看房随时 楼层视野挺好,248万,18530元/平,中楼层 (共6层) | 2009年 | 3室2厅 | 133.84平米 | 南 北,https://s1.ljcdn.com/pegasus/redskull/images/common/default_house_list.png?_v=202410161653269
20241031,通州,通州其它,101126560731,新华联科技大厦 楼层高 采光好 停车方便,373万,9883元/平,顶层 (共8层) | 2009年 | 1室0厅 | 377.44平米 | 南,https://s1.ljcdn.com/pegasus/redskull/images/common/default_house_list.png?_v=202410161653269
20241031,通州,通州其它,101126560185,泰禾1号街区 地铁17号线 业主诚意出售,175万,24391元/平,中楼层 (共13层) | 2017年 | 3室1厅 | 71.75平米 | 西北,https://s1.ljcdn.com/pegasus/redskull/images/common/default_house_list.png?_v=202410161653269
20241031,通州,通州其它,101126530300,泰禾1号街区 2室1厅 西,165万,25292元/平,高楼层 (共13层) | 2015年 | 2室1厅 | 65.24平米 | 西,https://s1.ljcdn.com/pegasus/redskull/images/common/default_house_list.png?_v=202410161653269
20241031,通州,通州其它,101126524813,此房楼层好采光视野好小区中间位置,598万,63883元/平,高楼层 (共14层) | 2019年 | 3室2厅 | 93.61平米 | 南 北,https://s1.ljcdn.com/pegasus/redskull/images/common/default_house_list.png?_v=202410161653269
20241031,通州,通州其它,101126517226,房子是复式 诚意出售 诚意出售 随时可签,162万,26880元/平,低楼层 (共9层) | 2017年 | 3室2厅 | 60.27平米 | 东,https://s1.ljcdn.com/pegasus/redskull/images/common/default_house_list.png?_v=202410161653269
20241031,通州,通州其它,101126513969,星悦国际 3室1厅 南 北,359万,21787元/平,高楼层 (共14层) | 2012年 | 3室1厅 | 164.78平米 | 南 北,https://s1.ljcdn.com/pegasus/redskull/images/common/default_house_list.png?_v=202410161653269
20241031,通州,通州其它,101126512800,胡家垈村甲8号院东向两套打通户型楼层好,125万,16360元/平,中楼层 (共15层) | 2016年 | 2室1厅 | 76.41平米 | 东,https://s1.ljcdn.com/pegasus/redskull/images/common/default_house_list.png?_v=202410161653269
20241031,通州,通州其它,101126476243,星悦国际。精装修地暖中央空调随时看房,175万,16041元/平,低楼层 (共14层) | 2012年 | 2室1厅 | 109.1平米 | 东南,https://s1.ljcdn.com/pegasus/redskull/images/common/default_house_list.png?_v=202410161653269
20241031,通州,通州其它,101126460188,城乡世纪广场莫尔空间 2室1厅 西,128万,18543元/平,中楼层 (共13层) | 2015年 | 2室1厅 | 69.03平米 | 西,https://s1.ljcdn.com/pegasus/redskull/images/common/default_house_list.png?_v=202410161653269
20241031,通州,通州其它,101126453342,融科千章墅 7室2厅 南 北,2200万,48471元/平,底层 (共3层) 7室2厅 | 453.88平米 | 南 北,https://s1.ljcdn.com/pegasus/redskull/images/common/default_house_list.png?_v=202410161653269
20241031,通州,通州其它,101126437235,珠江四季悦城精装修业主诚心卖中高楼层视野好,125万,19648元/平,高楼层 (共12层) | 2015年 | 3室1厅 | 63.62平米 | 西北,https://s1.ljcdn.com/pegasus/redskull/images/common/default_house_list.png?_v=202410161653269
20241031,通州,通州其它,101126413008,珠江四季悦城带电梯精装修高楼层,100万,15502元/平,高楼层 (共14层) 1室2厅 | 64.51平米 | 西北,https://s1.ljcdn.com/pegasus/redskull/images/common/default_house_list.png?_v=202410161653269
20241031,通州,通州其它,101126411242,城乡世纪广场莫尔空间 5室1厅 南 北,230万,18518元/平,高楼层 (共13层) | 2015年 | 5室1厅 | 124.21平米 | 南 北,https://s1.ljcdn.com/pegasus/redskull/images/common/default_house_list.png?_v=202410161653269
20241031,通州,通州其它,101126384825,东亚环球国际 电梯房 小区环境好,45万,11290元/平,中楼层 (共11层) | 2015年 | 1室0厅 | 39.86平米 | 东,https://s1.ljcdn.com/pegasus/redskull/images/common/default_house_list.png?_v=202410161653269
20241031,通州,通州其它,101126376508,星悦国际小区景观绿化优美精装修,220万,15763元/平,低楼层 (共17层) | 2012年 | 3室1厅 | 139.57平米 | 西南,https://s1.ljcdn.com/pegasus/redskull/images/common/default_house_list.png?_v=202410161653269
20241031,通州,通州其它,101126340862,星悦国际精装修保持好小区景观绿化好交通便利,170万,15727元/平,中楼层 (共14层) | 2012年 | 2室1厅 | 108.1平米 | 东 南,https://s1.ljcdn.com/pegasus/redskull/images/common/default_house_list.png?_v=202410161653269
20241031,通州,通州其它,101126305285,珠江四季悦城精装修带电梯。,140万,15121元/平,中楼层 (共9层) | 2014年 | 3室1厅 | 92.59平米 | 北,https://s1.ljcdn.com/pegasus/redskull/images/common/default_house_list.png?_v=202410161653269
20241031,通州,通州其它,101126286157,星悦国际、全明户型、户型方正、业主诚心出售,245万,15735元/平,低楼层 (共14层) | 2012年 | 3室1厅 | 155.71平米 | 东 南 西,https://s1.ljcdn.com/pegasus/redskull/images/common/default_house_list.png?_v=202410161653269
20241031,通州,通州其它,101126280733,兴贸三街19号院小区景观绿化*好地暖业主诚心,370万,22750元/平,中楼层 (共14层) | 2012年 | 3室1厅 | 162.64平米 | 南 北,https://s1.ljcdn.com/pegasus/redskull/images/common/default_house_list.png?_v=202410161653269
20241031,通州,通州其它,101126248549,胡家垈村甲8号院东亚尚品台湖。,110万,21675元/平,底层 (共15层) | 2016年 | 2室1厅 | 50.75平米 | 东,https://s1.ljcdn.com/pegasus/redskull/images/common/default_house_list.png?_v=202410161653269
20241031,通州,通州其它,101126247222,面朝别墅 高楼层 房况良好 诚意出售,75万,19905元/平,中楼层 (共14层) | 2018年 | 2室1厅 | 37.68平米 | 东,https://s1.ljcdn.com/pegasus/redskull/images/common/default_house_list.png?_v=202410161653269
20241031,通州,通州其它,101126215278,东亚环球国际 高层  预约看房,43万,10783元/平,高楼层 (共11层) 1室0厅 | 39.88平米 | 西,https://s1.ljcdn.com/pegasus/redskull/images/common/default_house_list.png?_v=202410161653269
20241031,通州,通州其它,101126193606,星悦国际小区精装修地暖交付小区环境优美绿化好,155万,15433元/平,中楼层 (共14层) | 2012年 | 2室1厅 | 100.44平米 | 北,https://s1.ljcdn.com/pegasus/redskull/images/common/default_house_list.png?_v=202410161653269
20241031,通州,通州其它,101126185429,北大人民医院旁边 满五年唯一 精装修看房随时,185万,20717元/平,底层 (共6层) | 2009年 | 2室1厅 | 89.3平米 | 南 北,https://s1.ljcdn.com/pegasus/redskull/images/common/default_house_list.png?_v=202410161653269
20241031,通州,通州其它,101126180878,东亚尚品台湖  精装 业主诚意出售,75万,19212元/平,底层 (共15层) | 2016年 | 1室1厅 | 39.04平米 | 东,https://s1.ljcdn.com/pegasus/redskull/images/common/default_house_list.png?_v=202410161653269
20241031,通州,通州其它,101126168377,首开万科城市之光盛佳尚苑 纯南向 中高楼层,130万,23937元/平,中楼层 (共18层) 2室1厅 | 54.31平米 | 南,https://s1.ljcdn.com/pegasus/redskull/images/common/default_house_list.png?_v=202410161653269
20241031,通州,通州其它,101126160531,旭辉丽舍 1室1厅 南,75万,12243元/平,低楼层 (共6层) | 2014年 | 1室1厅 | 61.26平米 | 南,https://s1.ljcdn.com/pegasus/redskull/images/common/default_house_list.png?_v=202410161653269
20241031,通州,通州其它,101126138439,台湖银河湾 好楼层 南北通透,580万,72664元/平,中楼层 (共11层) 3室1厅 | 79.82平米 | 南 北,https://ke-image.ljcdn.com/110000-inspection/ecad8f09-674a-46bf-846a-dc17b9833115_1000.jpg!m_fill,w_280,h_210,f_jpg?from=ke.com
20241031,通州,通州其它,101126136123,泰禾1号街区 高楼层 东南边户采光,209万,25838元/平,高楼层 (共9层) | 2015年 | 3室2厅 | 80.89平米 | 东南,https://s1.ljcdn.com/pegasus/redskull/images/common/default_house_list.png?_v=202410161653269
20241031,通州,通州其它,101126107757,润枫领尚 大三居 南北通透 双卫不临街,505万,42313元/平,低楼层 (共11层) | 2013年 | 3室1厅 | 119.35平米 | 南 北,https://s1.ljcdn.com/pegasus/redskull/images/common/default_house_list.png?_v=202410161653269
20241031,通州,通州其它,101126097713,东亚尚品台湖 高楼层 房况良好 诚意出售,58.9万,15945元/平,高楼层 (共15层) 1室1厅 | 36.94平米 | 东,https://s1.ljcdn.com/pegasus/redskull/images/common/default_house_list.png?_v=202410161653269
20241031,通州,通州其它,101126091346,首开万科城市之光 上下两层 精装修 高楼层,120万,19789元/平,中楼层 (共18层) | 2017年 | 3室2厅 | 60.64平米 | 西 北,https://s1.ljcdn.com/pegasus/redskull/images/common/default_house_list.png?_v=202410161653269
20241031,通州,通州其它,101126090313,北大人民医院旁边 满五年唯一 精装修,199万,22502元/平,中楼层 (共6层) 2室1厅 | 88.44平米 | 南 北,https://s1.ljcdn.com/pegasus/redskull/images/common/default_house_list.png?_v=202410161653269
20241031,通州,通州其它,101126085272,此房已经满五年了业主北京唯一住房 南北朝向的两,165万,16879元/平,中楼层 (共4层) 2室1厅 | 97.76平米 | 南 北,https://s1.ljcdn.com/pegasus/redskull/images/common/default_house_list.png?_v=202410161653269
20241031,通州,通州其它,101126081143,首开缇香郡二期  南北通透精装修业主自住,230万,26952元/平,中楼层 (共11层) 2室1厅 | 85.34平米 | 南 北,https://s1.ljcdn.com/pegasus/redskull/images/common/default_house_list.png?_v=202410161653269
20241031,通州,通州其它,101126077040,珠江四季悦城带电梯精装修房全款购买,110万,16924元/平,低楼层 (共12层) | 2014年 | 1室1厅 | 65平米 | 东,https://s1.ljcdn.com/pegasus/redskull/images/common/default_house_list.png?_v=202410161653269
20241031,通州,通州其它,101126036627,万科V公馆 落地大窗 东向 诚意出售,88万,17905元/平,中楼层 (共9层) 1室1厅 | 49.15平米 | 东,https://s1.ljcdn.com/pegasus/redskull/images/common/default_house_list.png?_v=202410161653269
20241031,通州,通州其它,101126031352,胡家垈村甲8号院西向房子客户急售价格可聊,78万,15385元/平,低楼层 (共15层) | 2016年 | 1室1厅 | 50.7平米 | 西,https://s1.ljcdn.com/pegasus/redskull/images/common/default_house_list.png?_v=202410161653269
20241031,通州,通州其它,101126030043,城乡世纪广场莫尔空间 2室1厅 北,108万,16812元/平,中楼层 (共13层) | 2015年 | 2室1厅 | 64.24平米 | 北,https://s1.ljcdn.com/pegasus/redskull/images/common/default_house_list.png?_v=202410161653269
20241031,通州,通州其它,101126027648,珠江四季悦城精装修带电梯全款购买,158万,17327元/平,低楼层 (共12层) 3室1厅 | 91.19平米 | 北,https://s1.ljcdn.com/pegasus/redskull/images/common/default_house_list.png?_v=202410161653269
20241031,通州,通州其它,101125950262,珠江四季悦城新阳光社区亦庄新城房主自荐,125万,19166元/平,低楼层 (共12层) 3室1厅 | 65.22平米 | 南,https://s1.ljcdn.com/pegasus/redskull/images/common/default_house_list.png?_v=202410161653269
20241031,通州,通州其它,101125940842,此房南北通透格局地暖小区绿化环境好,340万,20838元/平,中楼层 (共14层) | 2012年 | 3室1厅 | 163.17平米 | 南 北,https://s1.ljcdn.com/pegasus/redskull/images/common/default_house_list.png?_v=202410161653269
20241031,通州,通州其它,101125933328,珠江四季悦城业主诚信出售房子刚刚精装完全屋家电,169万,18644元/平,高楼层 (共12层) | 2014年 | 3室1厅 | 90.65平米 | 南,https://s1.ljcdn.com/pegasus/redskull/images/common/default_house_list.png?_v=202410161653269
20241031,通州,通州其它,101125901406,银河中心 2室2厅 东,201万,32504元/平,高楼层 (共15层) | 2021年 | 2室2厅 | 61.84平米 | 东,https://s1.ljcdn.com/pegasus/redskull/images/common/default_house_list.png?_v=202410161653269
20241031,通州,通州其它,101125872593,珠江四季悦城 4室1厅 东,155万,16887元/平,高楼层 (共12层) 4室1厅 | 91.79平米 | 东,https://s1.ljcdn.com/pegasus/redskull/images/common/default_house_list.png?_v=202410161653269
20241031,通州,通州其它,101125813075,鲁能格拉斯小镇 5室3厅 东 西 南 北,2950万,64928元/平,顶层 (共2层) | 2013年 | 5室3厅 | 454.35平米 | 东 西 南 北,https://ke-image.ljcdn.com/110000-inspection/pc0_EfQ6yuvkc_1.jpg!m_fill,w_280,h_210,f_jpg?from=ke.com
20241031,通州,通州其它,101125753814,东亚环球国际 价低东向 保持良好,45万,11217元/平,低楼层 (共11层) | 2015年 | 1室0厅 | 40.12平米 | 东,https://s1.ljcdn.com/pegasus/redskull/images/common/default_house_list.png?_v=202410161653269
20241031,通州,通州其它,101125752408,紫峰九院城 2室1厅 南 北,170万,18379元/平,中楼层 (共8层) 2室1厅 | 92.5平米 | 南 北,https://s1.ljcdn.com/pegasus/redskull/images/common/default_house_list.png?_v=202410161653269
20241031,通州,通州其它,101125747365,首开国风美仑5号院南北通透满五唯一,285万,32117元/平,低楼层 (共16层) 3室2厅 | 88.74平米 | 南 北,https://s1.ljcdn.com/pegasus/redskull/images/common/default_house_list.png?_v=202410161653269
20241031,通州,通州其它,101125738012,星悦国际精装修保持好小区景观绿化好交通便利,160万,17466元/平,中楼层 (共14层) | 2012年 | 2室1厅 | 91.61平米 | 南,https://s1.ljcdn.com/pegasus/redskull/images/common/default_house_list.png?_v=202410161653269
20241031,通州,通州其它,101125732847,珠江四季悦城 1室1厅 南,110万,16743元/平,中楼层 (共9层) 1室1厅 | 65.7平米 | 南,https://s1.ljcdn.com/pegasus/redskull/images/common/default_house_list.png?_v=202410161653269
20241031,通州,通州其它,101125730304,星悦国际 3室1厅 东 南 西,299万,17587元/平,高楼层 (共13层) 3室1厅 | 170.02平米 | 东 南 西,https://s1.ljcdn.com/pegasus/redskull/images/common/default_house_list.png?_v=202410161653269
20241031,通州,通州其它,101125712076,上下三层结构未打通增加雨搭设计电梯楼产权车位房主自荐,100万,22625元/平,顶层 (共6层) | 2014年 | 1室0厅 | 44.2平米 | 北,https://s1.ljcdn.com/pegasus/redskull/images/common/default_house_list.png?_v=202410161653269
20241031,通州,通州其它,101125680566,东亚环球国际 高楼层 诚意出售,51万,12706元/平,低楼层 (共11层) 1室0厅 | 40.14平米 | 东,https://s1.ljcdn.com/pegasus/redskull/images/common/default_house_list.png?_v=202410161653269
20241031,通州,通州其它,101125623343,润枫领尚 4室2厅 南 北,720万,45916元/平,顶层 (共11层) | 2014年 | 4室2厅 | 156.81平米 | 南 北,https://s1.ljcdn.com/pegasus/redskull/images/common/default_house_list.png?_v=202410161653269
20241031,通州,通州其它,101125611290,南向落地窗 业主诚意出售 高楼层,120万,28545元/平,中楼层 (共10层) 1室1厅 | 42.04平米 | 南,https://s1.ljcdn.com/pegasus/redskull/images/common/default_house_list.png?_v=202410161653269
20241031,通州,通州其它,101125611718,珠江四季悦城 上下双层 京东总部旁 环境优美,158万,17261元/平,高楼层 (共9层) | 2014年 | 3室2厅 | 91.54平米 | 南,https://s1.ljcdn.com/pegasus/redskull/images/common/default_house_list.png?_v=202410161653269
20241031,通州,通州其它,101125588529,泰禾拾景园 车位,21万,6464元/平,地下室 (共1层) 1室0厅 | 32.49平米 | 南,https://ke-image.ljcdn.com/110000-inspection/4e678845a1c56d845228372acfb0d3fe-046.jpg!m_fill,w_280,h_210,f_jpg?from=ke.com
20241031,通州,通州其它,101125577008,次新房业委会开发商精装修人车分流产权车位房主自荐,80万,13569元/平,中楼层 (共6层) | 2014年 | 1室0厅 | 58.96平米 | 南 北,https://s1.ljcdn.com/pegasus/redskull/images/common/default_house_list.png?_v=202410161653269
20241031,通州,通州其它,101125565243,珠江四季悦城精装修带电梯全款购买,142万,15665元/平,低楼层 (共14层) 3室1厅 | 90.65平米 | 南,https://s1.ljcdn.com/pegasus/redskull/images/common/default_house_list.png?_v=202410161653269
20241031,通州,通州其它,101125562285,城乡世纪广场莫尔空间 2室1厅 西,112万,20398元/平,中楼层 (共13层) | 2015年 | 2室1厅 | 54.91平米 | 西,https://s1.ljcdn.com/pegasus/redskull/images/common/default_house_list.png?_v=202410161653269
20241031,通州,通州其它,101125550492,首开万科台湖新城V公馆 上下两层 诚意出售,90万,18857元/平,中楼层 (共10层) 2室1厅 | 47.73平米 | 西,https://s1.ljcdn.com/pegasus/redskull/images/common/default_house_list.png?_v=202410161653269
20241031,通州,通州其它,101125549042,泰禾1号街区 4.5米上下两层 精装保持好看房随时,188万,26338元/平,中楼层 (共13层) | 2015年 | 3室1厅 | 71.38平米 | 西 北,https://s1.ljcdn.com/pegasus/redskull/images/common/default_house_list.png?_v=202410161653269
20241031,通州,通州其它,101125544939,首开.缇香郡产权车位买房可附带。,13万,3275元/平,地下室 (共11层) | 2016年 | 1室0厅 | 39.7平米 | 南 北,https://s1.ljcdn.com/pegasus/redskull/images/common/default_house_list.png?_v=202410161653269
20241031,通州,通州其它,101125542089,首开万科城市之光盛佳尚苑 精装修,85万,18229元/平,中楼层 (共18层) | 2017年 | 2室1厅 | 46.63平米 | 北,https://s1.ljcdn.com/pegasus/redskull/images/common/default_house_list.png?_v=202410161653269
20241031,通州,通州其它,101125516110,朝向好 业主诚意出售  中间楼层房主自荐,240万,33380元/平,中楼层 (共9层) 3室2厅 | 71.9平米 | 西南,https://s1.ljcdn.com/pegasus/redskull/images/common/default_house_list.png?_v=202410161653269
20241031,通州,通州其它,101125510602,东亚环球国际 诚意出售 欢迎咨询,50万,12544元/平,高楼层 (共11层) | 2015年 | 1室1厅 | 39.86平米 | 西,https://s1.ljcdn.com/pegasus/redskull/images/common/default_house_list.png?_v=202410161653269
20241031,通州,通州其它,101125510595,东亚环球国际 诚意出售 高楼层,50万,12795元/平,高楼层 (共11层) | 2015年 | 1室1厅 | 39.08平米 | 西,https://s1.ljcdn.com/pegasus/redskull/images/common/default_house_list.png?_v=202410161653269
20241031,通州,通州其它,101125503333,星悦国际精装修地暖交付安保24小时巡逻房主自荐,155万,16920元/平,中楼层 (共14层) | 2012年 | 2室1厅 | 91.61平米 | 东北,https://s1.ljcdn.com/pegasus/redskull/images/common/default_house_list.png?_v=202410161653269
20241031,通州,通州其它,101125490854,交通便利精装交付房屋保持良好,68万,18559元/平,低楼层 (共14层) | 2018年 | 2室1厅 | 36.64平米 | 东,https://s1.ljcdn.com/pegasus/redskull/images/common/default_house_list.png?_v=202410161653269
20241031,通州,通州其它,101125475590,兴贸三街19号院小区景观绿化好地暖业主诚心出售,188万,17858元/平,中楼层 (共14层) | 2012年 | 2室1厅 | 105.28平米 | 南,https://s1.ljcdn.com/pegasus/redskull/images/common/default_house_list.png?_v=202410161653269
20241031,通州,通州其它,101125456773,东亚尚品台湖精装修复式诚意出售,140万,21447元/平,底层 (共15层) 3室1厅 | 65.28平米 | 南,https://s1.ljcdn.com/pegasus/redskull/images/common/default_house_list.png?_v=202410161653269
20241031,通州,通州其它,101125452832,星悦国际小区精装修中高楼层。,239万,17129元/平,中楼层 (共14层) | 2012年 | 3室1厅 | 139.53平米 | 南,https://s1.ljcdn.com/pegasus/redskull/images/common/default_house_list.png?_v=202410161653269
20241031,通州,通州其它,101125443093,东亚尚品台湖 状况良好 诚意出售,55万,14809元/平,中楼层 (共15层) | 2016年 | 厅室未知 | 37.14平米 | 南,https://s1.ljcdn.com/pegasus/redskull/images/common/default_house_list.png?_v=202410161653269
20241031,通州,通州其它,101125426203,小区绿化环境好精装修高楼层视野开阔。,151万,15034元/平,顶层 (共14层) | 2012年 | 2室1厅 | 100.44平米 | 东北,https://s1.ljcdn.com/pegasus/redskull/images/common/default_house_list.png?_v=202410161653269
20241031,通州,通州其它,101125421549,诚意出售 视野好 交通便利 舒适楼层,166万,31783元/平,低楼层 (共9层) 2室2厅 | 52.23平米 | 东,https://s1.ljcdn.com/pegasus/redskull/images/common/default_house_list.png?_v=202410161653269
20241031,通州,通州其它,101125411379,旭辉丽舍 1室1厅 南,64.5万,10977元/平,中楼层 (共6层) | 2014年 | 1室1厅 | 58.76平米 | 南,https://s1.ljcdn.com/pegasus/redskull/images/common/default_house_list.png?_v=202410161653269
20241031,通州,通州其它,101125411005,泰禾1号街区 高楼层 诚意出售,120万,30061元/平,高楼层 (共13层) | 2015年 | 1室1厅 | 39.92平米 | 北,https://s1.ljcdn.com/pegasus/redskull/images/common/default_house_list.png?_v=202410161653269
20241031,通州,通州其它,101125387323,次渠北里三区 南北通透两居室 全明格局 无遮挡,317万,29352元/平,低楼层 (共18层) 2室1厅 | 108平米 | 南 北,https://s1.ljcdn.com/pegasus/redskull/images/common/default_house_list.png?_v=202410161653269
20241031,通州,通州其它,101125385986,亦庄京东旁一居室满五唯一业主变现诚意出售,113万,21565元/平,底层 (共18层) | 2015年 | 1室0厅 | 52.4平米 | 南,https://s1.ljcdn.com/pegasus/redskull/images/common/default_house_list.png?_v=202410161653269
20241031,通州,通州其它,101125384206,珠江四季悦城南向高楼层带电梯精装修,152万,16549元/平,高楼层 (共14层) 3室1厅 | 91.85平米 | 南,https://s1.ljcdn.com/pegasus/redskull/images/common/default_house_list.png?_v=202410161653269
20241031,通州,通州其它,101125317503,东亚尚品台湖 西向复式 采光好,140万,26391元/平,顶层 (共15层) | 2016年 | 2室1厅 | 53.05平米 | 西,https://s1.ljcdn.com/pegasus/redskull/images/common/default_house_list.png?_v=202410161653269
20241031,通州,通州其它,101125264437,通州区兴贸三街19号院星悦国际小区,249万,17845元/平,顶层 (共14层) | 2012年 | 3室2厅 | 139.54平米 | 东南,https://s1.ljcdn.com/pegasus/redskull/images/common/default_house_list.png?_v=202410161653269
20241031,通州,通州其它,101125250407,泰晤士印象 3室1厅 南 北,198万,19632元/平,中楼层 (共11层) 3室1厅 | 100.86平米 | 南 北,https://s1.ljcdn.com/pegasus/redskull/images/common/default_house_list.png?_v=202410161653269
20241031,通州,通州其它,101125183208,珠江四季悦城业主诚心售卖户型大先到先得！,160万,17432元/平,中楼层 (共12层) | 2014年 | 3室1厅 | 91.79平米 | 西,https://s1.ljcdn.com/pegasus/redskull/images/common/default_house_list.png?_v=202410161653269
20241031,通州,通州其它,101125155232,落地窗精装只需有北京社保业主诚意出售房主自荐,50万,11313元/平,中楼层 (共6层) | 2014年 | 1室0厅 | 44.2平米 | 北,https://s1.ljcdn.com/pegasus/redskull/images/common/default_house_list.png?_v=202410161653269
20241031,通州,通州其它,101125148421,新华联科技大厦 停车方便 有电梯 看房方便,280万,10863元/平,顶层 (共8层) 1室0厅 | 257.77平米 | 北,https://s1.ljcdn.com/pegasus/redskull/images/common/default_house_list.png?_v=202410161653269
20241031,通州,通州其它,101125070371,莱茵湾一期 5室2厅 南 北房主自荐,799万,29700元/平,顶层 (共3层) 5室2厅 | 269.03平米 | 南 北,https://s1.ljcdn.com/pegasus/redskull/images/common/default_house_list.png?_v=202410161653269
20241031,通州,通州其它,101125045775,千章墅四期上叠精装修别墅产品管家管理南北通透,1200万,53294元/平,中楼层 (共4层) | 2017年 | 5室2厅 | 225.17平米 | 南 北,https://s1.ljcdn.com/pegasus/redskull/images/common/default_house_list.png?_v=202410161653269
20241031,通州,通州其它,101125045390,珠江四季悦城 1室1厅 西北,103万,15967元/平,低楼层 (共12层) 1室1厅 | 64.51平米 | 西北,https://s1.ljcdn.com/pegasus/redskull/images/common/default_house_list.png?_v=202410161653269
20241031,通州,通州其它,101125027384,东亚尚品台湖 业主精装修  无需等电梯,185万,24700元/平,底层 (共15层) 3室1厅 | 74.9平米 | 西南,https://s1.ljcdn.com/pegasus/redskull/images/common/default_house_list.png?_v=202410161653269
20241031,通州,通州其它,101124986227,珠江四季悦城精装修带电梯高楼层全款购买,159万,17452元/平,高楼层 (共12层) 3室1厅 | 91.11平米 | 西南,https://s1.ljcdn.com/pegasus/redskull/images/common/default_house_list.png?_v=202410161653269
20241031,通州,通州其它,101124985720,十里春风 2室1厅 南 北,135万,17515元/平,中楼层 (共22层) | 2020年 | 2室1厅 | 77.08平米 | 南 北,https://s1.ljcdn.com/pegasus/redskull/images/common/default_house_list.png?_v=202410161653269
20241031,通州,通州其它,101124973462,兴贸三街19号院小区景观绿化好地暖业主诚心出售,253万,15450元/平,低楼层 (共14层) 3室2厅 | 163.76平米 | 西 南 北,https://s1.ljcdn.com/pegasus/redskull/images/common/default_house_list.png?_v=202410161653269
20241031,通州,通州其它,101124970315,兴贸三街19号院业主诚心出售小区绿化好,149万,16810元/平,中楼层 (共14层) | 2012年 | 2室1厅 | 88.64平米 | 西南,https://s1.ljcdn.com/pegasus/redskull/images/common/default_house_list.png?_v=202410161653269
20241031,通州,通州其它,101124961985,首开万科台湖新城V公馆 4室2厅 南 西,155万,15130元/平,低楼层 (共9层) 4室2厅 | 102.45平米 | 南 西,https://s1.ljcdn.com/pegasus/redskull/images/common/default_house_list.png?_v=202410161653269
20241031,通州,通州其它,101124954065,次渠北里一区地铁站旁优质小区,355万,33303元/平,低楼层 (共18层) 2室1厅 | 106.6平米 | 南 北,https://s1.ljcdn.com/pegasus/redskull/images/common/default_house_list.png?_v=202410161653269
20241031,通州,通州其它,101124940801,珠江四季悦城4-1-1-289.68平朝向南,169万,18845元/平,低楼层 (共12层) | 2015年 | 4室1厅 | 89.68平米 | 南,https://s1.ljcdn.com/pegasus/redskull/images/common/default_house_list.png?_v=202410161653269
20241031,通州,通州其它,101124938948,明月听蘭 一层 业主诚意出售 次新房 有房本,660万,54143元/平,底层 (共14层) | 2023年 | 4室2厅 | 121.9平米 | 南 北,https://s1.ljcdn.com/pegasus/redskull/images/common/default_house_list.png?_v=202410161653269
20241031,通州,通州其它,101124901867,旭辉丽舍 3室1厅 北,81万,18326元/平,顶层 (共6层) | 2014年 | 3室1厅 | 44.2平米 | 北,https://s1.ljcdn.com/pegasus/redskull/images/common/default_house_list.png?_v=202410161653269
20241031,通州,通州其它,101124870019,旭辉丽舍可注册绿城物业集中供暖精装修。,160万,12457元/平,中楼层 (共6层) | 2014年 | 3室1厅 | 128.45平米 | 南 北,https://s1.ljcdn.com/pegasus/redskull/images/common/default_house_list.png?_v=202410161653269
20241031,通州,通州其它,101124861802,珠江四季悦城 3室2厅 南,139万,15013元/平,中楼层 (共9层) | 2014年 | 3室2厅 | 92.59平米 | 南,https://s1.ljcdn.com/pegasus/redskull/images/common/default_house_list.png?_v=202410161653269
20241031,通州,通州其它,101124827412,珠江四季悦城电梯房采光良好,170万,18521元/平,高楼层 (共12层) | 2014年 | 4室2厅 | 91.79平米 | 西,https://s1.ljcdn.com/pegasus/redskull/images/common/default_house_list.png?_v=202410161653269
20241031,通州,通州其它,101124819086,东六环：精修修上叠别墅人车分流管家管理,615万,36497元/平,高楼层 (共6层) | 2014年 | 3室1厅 | 168.51平米 | 南 北,https://s1.ljcdn.com/pegasus/redskull/images/common/default_house_list.png?_v=202410161653269
20241031,通州,通州其它,101124776161,珠江四季悦城亦庄新城新阳光社区,155万,16887元/平,中楼层 (共12层) 4室1厅 | 91.79平米 | 西,https://s1.ljcdn.com/pegasus/redskull/images/common/default_house_list.png?_v=202410161653269
20241031,通州,通州其它,101124759786,首开万科城市之光盛佳尚苑 业主诚意出售,94.5万,17956元/平,中楼层 (共16层) | 2017年 | 3室1厅 | 52.63平米 | 西,https://s1.ljcdn.com/pegasus/redskull/images/common/default_house_list.png?_v=202410161653269
20241031,通州,通州其它,101124732263,珠江四季悦城三期精装修电梯房,102万,15640元/平,低楼层 (共12层) | 2014年 | 3室1厅 | 65.22平米 | 东,https://s1.ljcdn.com/pegasus/redskull/images/common/default_house_list.png?_v=202410161653269
20241031,通州,通州其它,101124728960,千章墅边户型纯毛坯采光好人车分流满五唯一,1400万,35702元/平,底层 (共4层) | 2014年 | 5室2厅 | 392.14平米 | 南 北,https://s1.ljcdn.com/pegasus/redskull/images/common/default_house_list.png?_v=202410161653269
20241031,通州,通州其它,101124707712,此房满五唯一南北向两居视野棒有电梯,380万,37763元/平,顶层 (共11层) 2室2厅 | 100.63平米 | 南 北,https://s1.ljcdn.com/pegasus/redskull/images/common/default_house_list.png?_v=202410161653269
20241031,通州,通州其它,101124695744,首开万科城市之光盛佳尚苑 朝东,95万,18883元/平,中楼层 (共18层) | 2017年 | 2室1厅 | 50.31平米 | 东,https://s1.ljcdn.com/pegasus/redskull/images/common/default_house_list.png?_v=202410161653269
20241031,通州,通州其它,101124681837,城乡世纪广场莫尔空间高楼层采光好无遮挡,123万,17951元/平,顶层 (共13层) 1室1厅 | 68.52平米 | 西,https://s1.ljcdn.com/pegasus/redskull/images/common/default_house_list.png?_v=202410161653269
20241031,通州,通州其它,101124657112,珠江四季悦城亦庄新城新阳光社区,152万,16685元/平,低楼层 (共12层) | 2014年 | 4室1厅 | 91.1平米 | 东 北 东北,https://s1.ljcdn.com/pegasus/redskull/images/common/default_house_list.png?_v=202410161653269
20241031,通州,通州其它,101124648915,首开万科城市之光盛佳尚苑 业主诚意出售,138万,22993元/平,低楼层 (共18层) | 2017年 | 3室1厅 | 60.02平米 | 东,https://s1.ljcdn.com/pegasus/redskull/images/common/default_house_list.png?_v=202410161653269
20241031,通州,通州其它,101124638332,富力尚悦居B区 1室1厅 南 北,140万,24502元/平,低楼层 (共22层) | 2015年 | 1室1厅 | 57.14平米 | 南 北,https://s1.ljcdn.com/pegasus/redskull/images/common/default_house_list.png?_v=202410161653269
20241031,通州,通州其它,101124586127,珠江四季悦城 上下双层 京东总部附近 小三室 精装,115万,17655元/平,顶层 (共12层) | 2014年 | 3室1厅 | 65.14平米 | 东,https://s1.ljcdn.com/pegasus/redskull/images/common/default_house_list.png?_v=202410161653269
20241031,通州,通州其它,101124565255,珠江四季悦城三期中楼层采光好电梯房,163万,17247元/平,高楼层 (共9层) 3室2厅 | 94.51平米 | 西北 北,https://s1.ljcdn.com/pegasus/redskull/images/common/default_house_list.png?_v=202410161653269
20241031,通州,通州其它,101124564147,星悦好房南向采光佳中间楼层安静含软装房主自荐,180万,17098元/平,中楼层 (共14层) | 2012年 | 2室2厅 | 105.28平米 | 南,https://s1.ljcdn.com/pegasus/redskull/images/common/default_house_list.png?_v=202410161653269
20241031,通州,通州其它,101124505846,珠江四季悦城 三个房间  个人可购买房主自荐,125万,19648元/平,中楼层 (共12层) | 2015年 | 3室1厅 | 63.62平米 | 北,https://s1.ljcdn.com/pegasus/redskull/images/common/default_house_list.png?_v=202410161653269
20241031,通州,通州其它,101124484207,首开万科台湖新城V公馆小区 精装修,80万,19030元/平,中楼层 (共10层) 1室1厅 | 42.04平米 | 南,https://s1.ljcdn.com/pegasus/redskull/images/common/default_house_list.png?_v=202410161653269
20241031,通州,通州其它,101124480734,珠江四季悦城亦庄新城新阳光社区,175万,19066元/平,中楼层 (共12层) | 2014年 | 4室2厅 | 91.79平米 | 西,https://s1.ljcdn.com/pegasus/redskull/images/common/default_house_list.png?_v=202410161653269
20241031,通州,通州其它,101124466569,珠江四季悦城三期亦庄新城新阳光社区,155万,16887元/平,顶层 (共12层) 4室1厅 | 91.79平米 | 东,https://s1.ljcdn.com/pegasus/redskull/images/common/default_house_list.png?_v=202410161653269
20241031,通州,通州其它,101124442495,兴贸三街19号院全屋智能家具家电,240万,17074元/平,低楼层 (共14层) | 2012年 | 3室2厅 | 140.57平米 | 东 南 西,https://s1.ljcdn.com/pegasus/redskull/images/common/default_house_list.png?_v=202410161653269
20241031,通州,通州其它,101124440283,旭辉丽舍 1室0厅 北房主自荐,51万,11497元/平,高楼层 (共6层) | 2014年 | 1室0厅 | 44.36平米 | 北,https://s1.ljcdn.com/pegasus/redskull/images/common/default_house_list.png?_v=202410161653269
20241031,通州,通州其它,101124433510,首开万科城市之光盛佳尚苑 优质好房,100万,18332元/平,中楼层 (共18层) 2室1厅 | 54.55平米 | 北,https://s1.ljcdn.com/pegasus/redskull/images/common/default_house_list.png?_v=202410161653269
20241031,通州,通州其它,101124430969,首开.缇香郡商办房 需要全款购房精装修.,55万,8866元/平,中楼层 (共7层) 1室0厅 | 62.04平米 | 南,https://s1.ljcdn.com/pegasus/redskull/images/common/default_house_list.png?_v=202410161653269
20241031,通州,通州其它,101124396547,鲁能格拉斯小镇独栋别墅北入户随时看房,1600万,51210元/平,底层 (共2层) | 2015年 | 5室2厅 | 312.44平米 | 南 北,https://s1.ljcdn.com/pegasus/redskull/images/common/default_house_list.png?_v=202410161653269
20241031,通州,通州其它,101124385836,东亚尚品台湖精装修格局好,148万,19375元/平,高楼层 (共15层) | 2016年 | 1室2厅 | 76.39平米 | 东,https://s1.ljcdn.com/pegasus/redskull/images/common/default_house_list.png?_v=202410161653269
20241031,通州,通州其它,101124372229,中间层南向采光好朝金马公园视野好,180万,19740元/平,中楼层 (共12层) | 2014年 | 4室2厅 | 91.19平米 | 南,https://s1.ljcdn.com/pegasus/redskull/images/common/default_house_list.png?_v=202410161653269
20241031,通州,通州其它,101124367780,诚意出售看房方便高楼层视野开阔采光充足,108万,19817元/平,顶层 (共13层) 2室1厅 | 54.5平米 | 东,https://s1.ljcdn.com/pegasus/redskull/images/common/default_house_list.png?_v=202410161653269
20241031,通州,通州其它,101124351344,珠江四季悦城 3室1厅 北,108万,16976元/平,低楼层 (共12层) | 2015年 | 3室1厅 | 63.62平米 | 北,https://s1.ljcdn.com/pegasus/redskull/images/common/default_house_list.png?_v=202410161653269
20241031,通州,通州其它,101124344378,中高楼层南向精装修采光视野好,210万,19947元/平,中楼层 (共14层) | 2012年 | 2室1厅 | 105.28平米 | 南,https://s1.ljcdn.com/pegasus/redskull/images/common/default_house_list.png?_v=202410161653269
20241031,通州,通州其它,101124342611,鲁能格拉斯小镇精装修独栋别墅拎包入住四周花园,2900万,53802元/平,地下室 (共2层) | 2008年 | 5室2厅 | 539.02平米 | 南 北,https://ke-image.ljcdn.com/110000-inspection/08262761-6007-443c-8536-ee4f72ef7311.jpg!m_fill,w_280,h_210,f_jpg?from=ke.com
20241031,通州,通州其它,101124331563,中高楼层南北通透采光视野好,310万,18813元/平,顶层 (共14层) | 2012年 | 3室2厅 | 164.78平米 | 南 北,https://s1.ljcdn.com/pegasus/redskull/images/common/default_house_list.png?_v=202410161653269
20241031,通州,通州其它,101124326816,这个房子视野好精装修带电梯,140万,15253元/平,中楼层 (共12层) | 2014年 | 3室2厅 | 91.79平米 | 东,https://s1.ljcdn.com/pegasus/redskull/images/common/default_house_list.png?_v=202410161653269
20241031,通州,通州其它,101124310527,兴贸三街19号院业主诚心出售。,120万,13100元/平,底层 (共14层) | 2012年 | 2室1厅 | 91.61平米 | 东南,https://s1.ljcdn.com/pegasus/redskull/images/common/default_house_list.png?_v=202410161653269
20241031,通州,通州其它,101124253678,旭辉丽舍 1室0厅 北,52万,11723元/平,中楼层 (共6层) | 2014年 | 1室0厅 | 44.36平米 | 北,https://s1.ljcdn.com/pegasus/redskull/images/common/default_house_list.png?_v=202410161653269
20241031,通州,通州其它,101124238884,珠江四季悦城  南向三房  个人产权 中间楼层,160万,17281元/平,中楼层 (共9层) | 2014年 | 3室1厅 | 92.59平米 | 南,https://s1.ljcdn.com/pegasus/redskull/images/common/default_house_list.png?_v=202410161653269
20241031,通州,通州其它,101124213330,珠江四季悦城精装修东向低楼层电梯房,120万,18400元/平,低楼层 (共12层) | 2014年 | 3室1厅 | 65.22平米 | 东,https://s1.ljcdn.com/pegasus/redskull/images/common/default_house_list.png?_v=202410161653269
20241031,通州,通州其它,101124188734,泰禾1号街区 3室1厅 东北,172万,26304元/平,低楼层 (共9层) | 2017年 | 3室1厅 | 65.39平米 | 东北,https://s1.ljcdn.com/pegasus/redskull/images/common/default_house_list.png?_v=202410161653269
20241031,通州,通州其它,101124188318,泰禾1号街区 3室1厅 西南,215万,25079元/平,中楼层 (共13层) | 2015年 | 3室1厅 | 85.73平米 | 西南,https://s1.ljcdn.com/pegasus/redskull/images/common/default_house_list.png?_v=202410161653269
20241031,通州,通州其它,101124173447,泰禾1号街区精装修复式保持情况良好,220万,28661元/平,底层 (共9层) | 2017年 | 3室1厅 | 76.76平米 | 南,https://s1.ljcdn.com/pegasus/redskull/images/common/default_house_list.png?_v=202410161653269
20241031,通州,通州其它,101124141077,次新房业委会开发商精装修人车分流产权车位房主自荐,50万,11272元/平,中楼层 (共6层) | 2014年 | 1室0厅 | 44.36平米 | 北,https://s1.ljcdn.com/pegasus/redskull/images/common/default_house_list.png?_v=202410161653269
20241031,通州,通州其它,101124138845,首开、国风美仑业主诚心出售。,419万,34923元/平,底层 (共16层) | 2014年 | 3室1厅 | 119.98平米 | 南 北,https://s1.ljcdn.com/pegasus/redskull/images/common/default_house_list.png?_v=202410161653269
20241031,通州,通州其它,101124123075,珠江四季悦城带电梯精装修北向房全款购买,160万,17281元/平,低楼层 (共9层) | 2014年 | 3室1厅 | 92.59平米 | 北,https://s1.ljcdn.com/pegasus/redskull/images/common/default_house_list.png?_v=202410161653269
20241031,通州,通州其它,101124085354,泰禾1号街区个人产权 6.2米挑高复式 东向视野好,195万,39514元/平,顶层 (共9层) | 2015年 | 3室2厅 | 49.35平米 | 东,https://s1.ljcdn.com/pegasus/redskull/images/common/default_house_list.png?_v=202410161653269
20241031,通州,通州其它,101124072316,珠江四季悦城北向边户精装修电梯房,136万,15093元/平,中楼层 (共12层) 3室1厅 | 90.11平米 | 北,https://s1.ljcdn.com/pegasus/redskull/images/common/default_house_list.png?_v=202410161653269
20241031,通州,通州其它,101124054545,东亚尚品台湖 业主精装修 高楼层 视野开阔房主自荐,79万,20195元/平,顶层 (共15层) | 2016年 | 1室1厅 | 39.12平米 | 东,https://s1.ljcdn.com/pegasus/redskull/images/common/default_house_list.png?_v=202410161653269
20241031,通州,通州其它,101124046725,珠江四季悦城 精装修 边户  带窗户 带电梯,172万,18879元/平,低楼层 (共12层) | 2014年 | 3室1厅 | 91.11平米 | 南 西,https://s1.ljcdn.com/pegasus/redskull/images/common/default_house_list.png?_v=202410161653269
20241031,通州,通州其它,101124046705,泰禾1号街区临近地铁十七号线三室全明格局,192万,26715元/平,高楼层 (共13层) | 2015年 | 3室1厅 | 71.87平米 | 东北,https://s1.ljcdn.com/pegasus/redskull/images/common/default_house_list.png?_v=202410161653269
20241031,通州,通州其它,101124009540,东亚尚品台湖小区业主诚意出售小区绿化环境好,78万,21082元/平,底层 (共15层) | 2016年 | 1室1厅 | 37平米 | 东 西,https://s1.ljcdn.com/pegasus/redskull/images/common/default_house_list.png?_v=202410161653269
20241031,通州,通州其它,101124008756,东亚尚品台湖 业主诚意出售 小区环境优美配套齐全,54.5万,13971元/平,中楼层 (共15层) | 2016年 | 1室1厅 | 39.01平米 | 西,https://s1.ljcdn.com/pegasus/redskull/images/common/default_house_list.png?_v=202410161653269
20241031,通州,通州其它,101123979953,泰禾1号街区 4.5米挑高 西南两面窗 上下两层 诚意出售,209万,25838元/平,顶层 (共9层) | 2015年 | 3室1厅 | 80.89平米 | 南 西,https://s1.ljcdn.com/pegasus/redskull/images/common/default_house_list.png?_v=202410161653269
20241031,通州,通州其它,101123979399,珠江四季悦城 次顶层精装修 电梯房,153万,16779元/平,高楼层 (共12层) 3室1厅 | 91.19平米 | 北,https://s1.ljcdn.com/pegasus/redskull/images/common/default_house_list.png?_v=202410161653269
20241031,通州,通州其它,101123961651,富力尚悦居E区高品质高楼层采光好精装二室人车分流,139万,15892元/平,顶层 (共9层) | 2015年 | 2室1厅 | 87.47平米 | 东,https://s1.ljcdn.com/pegasus/redskull/images/common/default_house_list.png?_v=202410161653269
20241031,通州,通州其它,101123929335,兴贸三街19号院 大面积两房出售 看房提前预约 随时看,169万,16056元/平,中楼层 (共14层) | 2012年 | 2室1厅 | 105.26平米 | 西北,https://s1.ljcdn.com/pegasus/redskull/images/common/default_house_list.png?_v=202410161653269
20241031,通州,通州其它,101123921392,星悦国际中间楼层采光好诚心出售,151万,16483元/平,中楼层 (共14层) | 2012年 | 2室1厅 | 91.61平米 | 东北,https://s1.ljcdn.com/pegasus/redskull/images/common/default_house_list.png?_v=202410161653269
20241031,通州,通州其它,101123896922,首开.缇香郡商办房 需要全款购房精装修.,65万,10478元/平,中楼层 (共7层) 1室1厅 | 62.04平米 | 南,https://s1.ljcdn.com/pegasus/redskull/images/common/default_house_list.png?_v=202410161653269
20241031,通州,通州其它,101123886881,珠江四季悦城带电梯精装修全款购买,143万,15775元/平,中楼层 (共14层) 3室1厅 | 90.65平米 | 南,https://s1.ljcdn.com/pegasus/redskull/images/common/default_house_list.png?_v=202410161653269
20241031,通州,通州其它,101123846021,泰禾1号街区精装修诚意出售,258万,39674元/平,顶层 (共9层) | 2017年 | 3室1厅 | 65.03平米 | 西北,https://s1.ljcdn.com/pegasus/redskull/images/common/default_house_list.png?_v=202410161653269
20241031,通州,通州其它,101123845909,首开万科城市之光盛佳尚苑 2室1厅 南,96万,19592元/平,中楼层 (共16层) | 2017年 | 2室1厅 | 49平米 | 南,https://s1.ljcdn.com/pegasus/redskull/images/common/default_house_list.png?_v=202410161653269
20241031,通州,通州其它,101123790406,华鑫园小区临近 次渠站双线旁 生活设施齐全,310万,32784元/平,低楼层 (共6层) 2室1厅 | 94.56平米 | 南 北,https://s1.ljcdn.com/pegasus/redskull/images/common/default_house_list.png?_v=202410161653269
20241031,通州,通州其它,101123771762,首开万科城市之光盛佳尚苑 2室2厅 北,97万,17557元/平,中楼层 (共18层) | 2017年 | 2室2厅 | 55.25平米 | 北,https://s1.ljcdn.com/pegasus/redskull/images/common/default_house_list.png?_v=202410161653269
20241031,通州,通州其它,101123752016,珠江四季悦城精装修带电梯高楼层房,180万,19664元/平,高楼层 (共9层) | 2014年 | 3室1厅 | 91.54平米 | 南,https://s1.ljcdn.com/pegasus/redskull/images/common/default_house_list.png?_v=202410161653269
20241031,通州,通州其它,101123751066,泰禾1号街区上下两层诚意出售。,118万,27040元/平,中楼层 (共13层) | 2017年 | 1室1厅 | 43.64平米 | 北,https://s1.ljcdn.com/pegasus/redskull/images/common/default_house_list.png?_v=202410161653269
20241031,通州,通州其它,101123750179,星悦国际双卫大两室 业主诚心出售,166万,15342元/平,低楼层 (共13层) | 2012年 | 2室1厅 | 108.2平米 | 东北,https://s1.ljcdn.com/pegasus/redskull/images/common/default_house_list.png?_v=202410161653269
20241031,通州,通州其它,101123720004,兴贸三街19号院业主诚心出售,265万,16719元/平,底层 (共14层) | 2012年 | 3室2厅 | 158.51平米 | 南 北,https://s1.ljcdn.com/pegasus/redskull/images/common/default_house_list.png?_v=202410161653269
20241031,通州,通州其它,101123716058,珠江四季悦城带电梯精装修南向房,178万,19636元/平,中楼层 (共12层) | 2014年 | 3室1厅 | 90.65平米 | 南,https://s1.ljcdn.com/pegasus/redskull/images/common/default_house_list.png?_v=202410161653269
20241031,通州,通州其它,101123707278,4.5米挑高上下两层中楼层北向好房,118万,24990元/平,高楼层 (共9层) | 2015年 | 1室1厅 | 47.22平米 | 北,https://s1.ljcdn.com/pegasus/redskull/images/common/default_house_list.png?_v=202410161653269
20241031,通州,通州其它,101123703143,富力尚悦居E区 电梯房 精装修 采光好 户型好 业主急售,131万,14698元/平,中楼层 (共9层) | 2015年 | 2室1厅 | 89.13平米 | 西,https://s1.ljcdn.com/pegasus/redskull/images/common/default_house_list.png?_v=202410161653269
20241031,通州,通州其它,101123656678,泰禾拾景园 车位,15.5万,4771元/平,地下室 (共1层) | 2015年 | 1室0厅 | 32.49平米 | 南 北,https://ke-image.ljcdn.com/110000-inspection/bab258cbbe0379b60322f3544efd7624-090.jpg!m_fill,w_280,h_210,f_jpg?from=ke.com
20241031,通州,通州其它,101123614985,星悦国际 2室1厅 东北,196万,18047元/平,中楼层 (共13层) 2室1厅 | 108.61平米 | 东北,https://s1.ljcdn.com/pegasus/redskull/images/common/default_house_list.png?_v=202410161653269
20241031,通州,通州其它,101123601834,城乡世纪广场莫尔空间 3室1厅 南,295万,18518元/平,中楼层 (共13层) | 2015年 | 3室1厅 | 159.31平米 | 南,https://s1.ljcdn.com/pegasus/redskull/images/common/default_house_list.png?_v=202410161653269
20241031,通州,通州其它,101123535815,珠江四季悦城电梯房采光良好,175万,19066元/平,中楼层 (共12层) | 2014年 | 4室1厅 | 91.79平米 | 西,https://s1.ljcdn.com/pegasus/redskull/images/common/default_house_list.png?_v=202410161653269
20241031,通州,通州其它,101123518562,台湖银河精装修商品房上下两层。,730万,52972元/平,顶层 (共18层) | 2016年 | 3室2厅 | 137.81平米 | 南 北,https://s1.ljcdn.com/pegasus/redskull/images/common/default_house_list.png?_v=202410161653269
20241031,通州,通州其它,101123475043,首开缇香郡交通便利采光充足视野宽阔,170万,23452元/平,底层 (共16层) | 2016年 | 2室1厅 | 72.49平米 | 南,https://s1.ljcdn.com/pegasus/redskull/images/common/default_house_list.png?_v=202410161653269
20241031,通州,通州其它,101123465913,富力尚悦居D区 东边户2居 南北通透 有电梯,238万,33006元/平,高楼层 (共18层) | 2015年 | 2室2厅 | 72.11平米 | 东 南 北,https://s1.ljcdn.com/pegasus/redskull/images/common/default_house_list.png?_v=202410161653269
20241031,通州,通州其它,101123463682,富力尚悦居C区 中间层2居 无遮挡 精装修 有电梯,350万,41342元/平,中楼层 (共20层) 2室1厅 | 84.66平米 | 东 南,https://s1.ljcdn.com/pegasus/redskull/images/common/default_house_list.png?_v=202410161653269
20241031,通州,通州其它,101123453302,东亚尚品台湖53平米业主诚心出售85万可谈,85万,16029元/平,中楼层 (共15层) | 2016年 | 1室0厅 | 53.03平米 | 东,https://s1.ljcdn.com/pegasus/redskull/images/common/default_house_list.png?_v=202410161653269
20241031,通州,通州其它,101123435530,东亚尚品台湖 好房优质 诚意出售,53万,13576元/平,中楼层 (共15层) | 2016年 | 1室0厅 | 39.04平米 | 西,https://s1.ljcdn.com/pegasus/redskull/images/common/default_house_list.png?_v=202410161653269
20241031,通州,通州其它,101123399170,首开国风美仑 车位,15万,4109元/平,地下室 (共16层) | 2014年 | 1室0厅 | 36.51平米 | 南,https://ke-image.ljcdn.com/110000-inspection/b676fabb0d29d67f24572d0413460180-085.jpg!m_fill,w_280,h_210,f_jpg?from=ke.com
20241031,通州,通州其它,101123377455,首开万科城市之光盛佳尚苑  房子二次装修,98万,20000元/平,低楼层 (共16层) | 2017年 | 2室1厅 | 49平米 | 北,https://s1.ljcdn.com/pegasus/redskull/images/common/default_house_list.png?_v=202410161653269
20241031,通州,通州其它,101123333169,首开国风美仑 车位,15.5万,4246元/平,地下室 (共16层) 1室0厅 | 36.51平米 | 北,https://ke-image.ljcdn.com/110000-inspection/1ab4fe19c3a1177d5685ec1beae28fcd-079.jpg!m_fill,w_280,h_210,f_jpg?from=ke.com
20241031,通州,通州其它,101123347681,东亚尚品台湖 业主精装修 中高楼层 视野开阔,66万,17843元/平,中楼层 (共15层) 1室0厅 | 36.99平米 | 东,https://s1.ljcdn.com/pegasus/redskull/images/common/default_house_list.png?_v=202410161653269
20241031,通州,通州其它,101123325950,首开香溪郡 车位,18万,5599元/平,地下室 | 2016年 | 1室0厅 | 32.15平米 | 南 北,https://ke-image.ljcdn.com/110000-inspection/3a7fc45f0178f238ce048235c11c5475-034.jpg!m_fill,w_280,h_210,f_jpg?from=ke.com
20241031,通州,通州其它,101123264566,首开香溪郡 车位,18万,6281元/平,地下室 (共1层) | 2016年 | 1室0厅 | 28.66平米 | 南 北,https://ke-image.ljcdn.com/110000-inspection/c975a318976219c39c27ad1b2c735ad6-097.jpg!m_fill,w_280,h_210,f_jpg?from=ke.com
20241031,通州,通州其它,101123258560,高楼层采光好南北通透格局视野开阔房主自荐,210万,19947元/平,高楼层 (共14层) | 2012年 | 2室2厅 | 105.28平米 | 南,https://s1.ljcdn.com/pegasus/redskull/images/common/default_house_list.png?_v=202410161653269
20241031,通州,通州其它,101123204152,泰禾1号街区 2室1厅 西房主自荐,169万,26210元/平,低楼层 (共13层) | 2015年 | 2室1厅 | 64.48平米 | 西,https://s1.ljcdn.com/pegasus/redskull/images/common/default_house_list.png?_v=202410161653269
20241031,通州,通州其它,101123192452,旭辉丽舍 1室0厅 南,79万,12896元/平,低楼层 (共6层) | 2014年 | 1室0厅 | 61.26平米 | 南,https://s1.ljcdn.com/pegasus/redskull/images/common/default_house_list.png?_v=202410161653269
20241031,通州,通州其它,101123138869,泰禾1号街区 6.2米 朝南 业主诚售,295万,39172元/平,顶层 (共13层) | 2015年 | 5室2厅 | 75.31平米 | 南,https://s1.ljcdn.com/pegasus/redskull/images/common/default_house_list.png?_v=202410161653269
20241031,通州,通州其它,101123119044,精装修保持好高楼层地暖业主诚心出售。,285万,18243元/平,高楼层 (共14层) | 2012年 | 3室1厅 | 156.23平米 | 南 北,https://s1.ljcdn.com/pegasus/redskull/images/common/default_house_list.png?_v=202410161653269
20241031,通州,通州其它,101123118023,珠江四季悦城精装修高楼层电梯房,220万,23720元/平,顶层 (共12层) 3室1厅 | 92.75平米 | 东,https://s1.ljcdn.com/pegasus/redskull/images/common/default_house_list.png?_v=202410161653269
20241031,通州,通州其它,101123077461,珠江四季悦城精装修带电梯看房方便,145万,15825元/平,中楼层 (共12层) | 2014年 | 3室1厅 | 91.63平米 | 西,https://s1.ljcdn.com/pegasus/redskull/images/common/default_house_list.png?_v=202410161653269
20241031,通州,通州其它,101123018410,东亚环球国际 优质好房 交通便利,45万,11217元/平,低楼层 (共11层) | 2015年 | 0室1厅 | 40.12平米 | 东,https://s1.ljcdn.com/pegasus/redskull/images/common/default_house_list.png?_v=202410161653269
20241031,通州,通州其它,101123000170,泰禾1号街区精装修商品房业主诚意出售。,210万,36270元/平,顶层 (共9层) | 2015年 | 2室1厅 | 57.9平米 | 东南,https://s1.ljcdn.com/pegasus/redskull/images/common/default_house_list.png?_v=202410161653269
20241031,通州,通州其它,101122949292,星悦国际诚心出售人群大多为年轻人,179万,17006元/平,中楼层 (共14层) | 2012年 | 2室2厅 | 105.26平米 | 西北,https://s1.ljcdn.com/pegasus/redskull/images/common/default_house_list.png?_v=202410161653269
20241031,通州,通州其它,101122915797,首开万科城市之光盛佳尚苑 2室1厅 北,88万,17876元/平,低楼层 (共18层) | 2017年 | 2室1厅 | 49.23平米 | 北,https://s1.ljcdn.com/pegasus/redskull/images/common/default_house_list.png?_v=202410161653269
20241031,通州,通州其它,101122863894,胡家垈村甲8号院东亚尚品台湖/,78万,14734元/平,中楼层 (共15层) | 2016年 | 1室0厅 | 52.94平米 | 东,https://s1.ljcdn.com/pegasus/redskull/images/common/default_house_list.png?_v=202410161653269
20241031,通州,通州其它,101122830142,富力尚悦居A区 2室1厅 南,365万,42646元/平,低楼层 (共15层) 2室1厅 | 85.59平米 | 南,https://s1.ljcdn.com/pegasus/redskull/images/common/default_house_list.png?_v=202410161653269
20241031,通州,通州其它,101122788518,定海园一里  南北一居室 一梯三户 板楼 满五唯一,310万,39506元/平,低楼层 (共11层) 1室1厅 | 78.47平米 | 南 北,https://s1.ljcdn.com/pegasus/redskull/images/common/default_house_list.png?_v=202410161653269
20241031,通州,通州其它,101122785472,胡家垈村甲8号院东亚尚品台湖成熟小区,80万,15761元/平,低楼层 (共15层) | 2016年 | 1室0厅 | 50.76平米 | 西,https://s1.ljcdn.com/pegasus/redskull/images/common/default_house_list.png?_v=202410161653269
20241031,通州,通州其它,101122767638,珠江四季悦城北向精装修高层电梯房,130万,14429元/平,顶层 (共12层) 3室1厅 | 90.1平米 | 北,https://s1.ljcdn.com/pegasus/redskull/images/common/default_house_list.png?_v=202410161653269
20241031,通州,通州其它,101122716681,东亚环球国际 1室0厅 南,55万,13099元/平,中楼层 (共11层) 1室0厅 | 41.99平米 | 南,https://s1.ljcdn.com/pegasus/redskull/images/common/default_house_list.png?_v=202410161653269
20241031,通州,通州其它,101122608298,地铁17号线 交通便利 精装交付 房屋保持良好,87万,23090元/平,中楼层 (共14层) | 2018年 | 2室1厅 | 37.68平米 | 东,https://s1.ljcdn.com/pegasus/redskull/images/common/default_house_list.png?_v=202410161653269
20241031,通州,通州其它,101122564707,珠江四季悦城中高层采光良好视野开阔,125万,19166元/平,高楼层 (共12层) 3室1厅 | 65.22平米 | 西,https://s1.ljcdn.com/pegasus/redskull/images/common/default_house_list.png?_v=202410161653269
20241031,通州,通州其它,101122564538,珠江四季悦城  电梯房  4.5米挑高 上下两层,120万,18551元/平,低楼层 (共12层) 1室1厅 | 64.69平米 | 北,https://s1.ljcdn.com/pegasus/redskull/images/common/default_house_list.png?_v=202410161653269
20241031,通州,通州其它,101122556828,首开万科城市之光盛佳尚苑 3室1厅 西南,168万,23301元/平,中楼层 (共18层) | 2017年 | 3室1厅 | 72.1平米 | 西南,https://s1.ljcdn.com/pegasus/redskull/images/common/default_house_list.png?_v=202410161653269
20241031,通州,通州其它,101122536786,楼层好视野开阔交通便利业主诚心出售,200万,38110元/平,高楼层 (共9层) 2室1厅 | 52.48平米 | 西,https://s1.ljcdn.com/pegasus/redskull/images/common/default_house_list.png?_v=202410161653269
20241031,通州,通州其它,101122533846,兴贸二街5号院首开国风美仑地下产权车位,17万,4657元/平,地下室 1室0厅 | 36.51平米 | 北 南,https://ke-image.ljcdn.com/110000-inspection/ec054431ed975d3359f0267ff56ee9fa-096.jpg!m_fill,w_280,h_210,f_jpg?from=ke.com
20241031,通州,通州其它,101122508706,兴茂二区富力尚悦居B区南向的一居室,180万,31887元/平,中楼层 (共15层) | 2014年 | 1室1厅 | 56.45平米 | 南,https://s1.ljcdn.com/pegasus/redskull/images/common/default_house_list.png?_v=202410161653269
20241031,通州,通州其它,101122504887,珠江四季悦城电梯房面向公园精装修配套齐全,173万,19291元/平,中楼层 (共12层) | 2015年 | 4室1厅 | 89.68平米 | 南,https://s1.ljcdn.com/pegasus/redskull/images/common/default_house_list.png?_v=202410161653269
20241031,通州,通州其它,101122499499,城乡世纪广场莫尔空间高楼层无遮挡采光好业主诚意出售,118万,18677元/平,中楼层 (共13层) | 2015年 | 2室2厅 | 63.18平米 | 东,https://s1.ljcdn.com/pegasus/redskull/images/common/default_house_list.png?_v=202410161653269
20241031,通州,通州其它,101122492414,东亚印象台湖 优质好房 小区适宜居住,249万,37043元/平,顶层 (共12层) 2室1厅 | 67.22平米 | 南 北,https://s1.ljcdn.com/pegasus/redskull/images/common/default_house_list.png?_v=202410161653269
20241031,通州,通州其它,101122488599,城乡世纪广场莫尔空间 诚售  带电梯,120万,18857元/平,中楼层 (共13层) | 2015年 | 1室1厅 | 63.64平米 | 东,https://s1.ljcdn.com/pegasus/redskull/images/common/default_house_list.png?_v=202410161653269
20241031,通州,通州其它,101122469755,东亚尚品台湖 中层西向精装平层 视野开阔可随时约看,83万,16355元/平,中楼层 (共15层) | 2016年 | 1室1厅 | 50.75平米 | 西,https://s1.ljcdn.com/pegasus/redskull/images/common/default_house_list.png?_v=202410161653269
20241031,通州,通州其它,101122466687,东亚尚品台湖精装53平米上下两层 超大使用空间,120万,22621元/平,底层 (共15层) | 2016年 | 2室1厅 | 53.05平米 | 东,https://s1.ljcdn.com/pegasus/redskull/images/common/default_house_list.png?_v=202410161653269
20241031,通州,通州其它,101122443400,泰禾一号院 联排别墅 地上三层地下两层 全款购买,1300万,37372元/平,底层 (共3层) | 2015年 | 5室3厅 | 347.86平米 | 南 北,https://s1.ljcdn.com/pegasus/redskull/images/common/default_house_list.png?_v=202410161653269
20241031,通州,通州其它,101122443187,泰禾一号院 联排别墅 地上三层地下两层 全款购买,1800万,50474元/平,底层 (共3层) | 2017年 | 6室4厅 | 356.62平米 | 南 北,https://s1.ljcdn.com/pegasus/redskull/images/common/default_house_list.png?_v=202410161653269
20241031,通州,通州其它,101122437885,泰禾1号街区  复式 业主诚意出售,160万,24642元/平,中楼层 (共13层) 2室1厅 | 64.93平米 | 东,https://s1.ljcdn.com/pegasus/redskull/images/common/default_house_list.png?_v=202410161653269
20241031,通州,通州其它,101122419473,城乡世纪广场莫尔空间高楼层无遮挡视野好业主诚意出售,125万,22462元/平,高楼层 (共13层) 2室1厅 | 55.65平米 | 东,https://s1.ljcdn.com/pegasus/redskull/images/common/default_house_list.png?_v=202410161653269
20241031,通州,通州其它,101122374706,东亚尚品台湖业主房子没有出租户型独特,80万,20440元/平,底层 (共15层) 3室1厅 | 39.14平米 | 西,https://s1.ljcdn.com/pegasus/redskull/images/common/default_house_list.png?_v=202410161653269
20241031,通州,通州其它,101122341680,首开万科城市之光盛佳尚苑 优质好房,95万,18734元/平,低楼层 (共18层) | 2017年 | 2室1厅 | 50.71平米 | 东,https://s1.ljcdn.com/pegasus/redskull/images/common/default_house_list.png?_v=202410161653269
20241031,通州,通州其它,101122337069,首开万科城市之光盛佳尚苑 优质好房,143万,29048元/平,顶层 (共18层) | 2017年 | 2室1厅 | 49.23平米 | 南,https://s1.ljcdn.com/pegasus/redskull/images/common/default_house_list.png?_v=202410161653269
20241031,通州,通州其它,101122094368,新上两居满两年有车位楼层视野好房主自荐,200万,25937元/平,中楼层 (共22层) | 2020年 | 2室1厅 | 77.11平米 | 南 北,https://ke-image.ljcdn.com/110000-inspection/57669d9b-bd47-4e76-9e70-2daaa0ef5467.jpeg!m_fill,w_280,h_210,f_jpg?from=ke.com
20241031,通州,通州其它,101122000965,首开缇香郡 高楼层 采光好 视野好,239万,26918元/平,顶层 (共8层) 4室2厅 | 88.79平米 | 南 北,https://ke-image.ljcdn.com/110000-inspection/a0896e97-7b90-4403-8bec-cf834c5efae1.jpg!m_fill,w_280,h_210,f_jpg?from=ke.com
20241031,通州,通州其它,101121910238,珠江四季悦城 上下两层 四间 个人产权 南向,165万,18212元/平,中楼层 (共12层) | 2015年 | 4室1厅 | 90.6平米 | 南,https://s1.ljcdn.com/pegasus/redskull/images/common/default_house_list.png?_v=202410161653269
20241031,通州,通州其它,101121879974,富力尚悦居A区 车位,23万,6669元/平,地下室 1室0厅 | 34.49平米 | 南,https://ke-image.ljcdn.com/110000-inspection/10c5335a32e133440369fa0ca16aa13c-026.jpg!m_fill,w_280,h_210,f_jpg?from=ke.com
20241031,通州,通州其它,101121849503,富力尚悦居A区 车位,23万,7045元/平,地下室 1室0厅 | 32.65平米 | 南,https://ke-image.ljcdn.com/110000-inspection/4fe5081b7562d994b9961a9371574ee6-057.jpg!m_fill,w_280,h_210,f_jpg?from=ke.com
20241031,通州,通州其它,101121831179,东亚尚品台湖  顶层复式  精装  业主急售,123万,23186元/平,顶层 (共15层) | 2016年 | 1室1厅 | 53.05平米 | 东,https://s1.ljcdn.com/pegasus/redskull/images/common/default_house_list.png?_v=202410161653269
20241031,通州,通州其它,101121824351,兴贸三街19号院精装修高楼层大三居,340万,20838元/平,中楼层 (共14层) | 2012年 | 3室2厅 | 163.17平米 | 南 北,https://s1.ljcdn.com/pegasus/redskull/images/common/default_house_list.png?_v=202410161653269
20241031,通州,通州其它,101121815531,全南格局 24小时热水人车分流,350万,62961元/平,中楼层 (共18层) 1室1厅 | 55.59平米 | 南,https://s1.ljcdn.com/pegasus/redskull/images/common/default_house_list.png?_v=202410161653269
20241031,通州,通州其它,101121804300,珠江四季悦城 3室2厅 南,170万,18572元/平,顶层 (共9层) 3室2厅 | 91.54平米 | 南,https://s1.ljcdn.com/pegasus/redskull/images/common/default_house_list.png?_v=202410161653269
20241031,通州,通州其它,101121797853,台湖银河湾玉石精装户型方正,500万,61935元/平,低楼层 (共9层) 2室1厅 | 80.73平米 | 南 北,https://s1.ljcdn.com/pegasus/redskull/images/common/default_house_list.png?_v=202410161653269
20241031,通州,通州其它,101121766642,珠江四季悦城带电梯精装修的房子,159万,17437元/平,低楼层 (共12层) 3室2厅 | 91.19平米 | 西北,https://s1.ljcdn.com/pegasus/redskull/images/common/default_house_list.png?_v=202410161653269
20241031,通州,通州其它,101121744694,珠江四季悦城 京东总部附近 上下两层 边户 全明格局,165万,17710元/平,中楼层 (共12层) 3室1厅 | 93.17平米 | 东南,https://s1.ljcdn.com/pegasus/redskull/images/common/default_house_list.png?_v=202410161653269
20241031,通州,通州其它,101121721371,东亚尚品台湖 53平米 精装修   可注册公司,89万,16774元/平,高楼层 (共15层) | 2016年 | 1室0厅 | 53.06平米 | 西,https://s1.ljcdn.com/pegasus/redskull/images/common/default_house_list.png?_v=202410161653269
20241031,通州,通州其它,101121694803,珠江四季悦城  业主二次精装修,159万,17540元/平,中楼层 (共12层) 3室1厅 | 90.65平米 | 南 北,https://s1.ljcdn.com/pegasus/redskull/images/common/default_house_list.png?_v=202410161653269
20241031,通州,通州其它,101121675866,此房高楼层挑高是6.2米视野宽阔落地飘窗,230万,34303元/平,顶层 (共9层) | 2015年 | 3室2厅 | 67.05平米 | 西,https://s1.ljcdn.com/pegasus/redskull/images/common/default_house_list.png?_v=202410161653269
20241031,通州,通州其它,101121648654,东亚尚品台湖 53平米精装 户型方正使用率高,76万,14332元/平,低楼层 (共15层) | 2016年 | 1室1厅 | 53.03平米 | 西,https://s1.ljcdn.com/pegasus/redskull/images/common/default_house_list.png?_v=202410161653269
20241031,通州,通州其它,101121587450,珠江四季悦城 1室1厅 北,85万,13355元/平,底层 (共12层) 1室1厅 | 63.65平米 | 北,https://s1.ljcdn.com/pegasus/redskull/images/common/default_house_list.png?_v=202410161653269
20241031,通州,通州其它,101121582612,星悦国际大面积诚意出售精装修随时可看,305万,18443元/平,中楼层 (共14层) | 2012年 | 3室1厅 | 165.38平米 | 南 西 北,https://s1.ljcdn.com/pegasus/redskull/images/common/default_house_list.png?_v=202410161653269
20241031,通州,通州其它,101121571294,万科中高楼层 南向 精装修 业主诚意出售,93万,18891元/平,中楼层 (共18层) | 2017年 | 2室2厅 | 49.23平米 | 南,https://s1.ljcdn.com/pegasus/redskull/images/common/default_house_list.png?_v=202410161653269
20241031,通州,通州其它,101121565431,此房满五唯一南向中高层简单装修拎包入住,158万,29506元/平,中楼层 (共22层) | 2015年 | 1室1厅 | 53.55平米 | 南,https://s1.ljcdn.com/pegasus/redskull/images/common/default_house_list.png?_v=202410161653269
20241031,通州,通州其它,101121339624,城乡世纪广场莫尔空间 1室1厅 东,130万,19689元/平,中楼层 (共13层) 1室1厅 | 66.03平米 | 东,https://s1.ljcdn.com/pegasus/redskull/images/common/default_house_list.png?_v=202410161653269
20241031,通州,通州其它,101121257205,珠江四季悦城三期环境很好南向,175万,19118元/平,中楼层 (共9层) | 2014年 | 3室1厅 | 91.54平米 | 南,https://s1.ljcdn.com/pegasus/redskull/images/common/default_house_list.png?_v=202410161653269
20241031,通州,通州其它,101121012960,星悦国际  精装修  带电梯  东南向,198万,17615元/平,中楼层 (共13层) 2室1厅 | 112.41平米 | 东南,https://s1.ljcdn.com/pegasus/redskull/images/common/default_house_list.png?_v=202410161653269
20241031,通州,通州其它,101121012430,东亚尚品台湖 2室1厅 东,73万,19892元/平,底层 (共15层) 2室1厅 | 36.7平米 | 东,https://s1.ljcdn.com/pegasus/redskull/images/common/default_house_list.png?_v=202410161653269
20241031,通州,通州其它,101120913946,全南格局精装修全新房 24小时热水人车分流,398万,73568元/平,高楼层 (共11层) 1室1厅 | 54.1平米 | 南,https://s1.ljcdn.com/pegasus/redskull/images/common/default_house_list.png?_v=202410161653269
20241031,通州,通州其它,101120827503,泰禾一号街区 封闭式小区管理 环境好,210万,31969元/平,高楼层 (共9层) | 2015年 | 2室1厅 | 65.69平米 | 南,https://s1.ljcdn.com/pegasus/redskull/images/common/default_house_list.png?_v=202410161653269
20241031,通州,通州其它,101120416505,珠江四季悦城三期精装修电梯房,100万,15502元/平,低楼层 (共14层) 1室1厅 | 64.51平米 | 北,https://s1.ljcdn.com/pegasus/redskull/images/common/default_house_list.png?_v=202410161653269
20241031,通州,通州其它,101120226491,星悦国际 2室1厅 东南,195万,17874元/平,高楼层 (共14层) | 2012年 | 2室1厅 | 109.1平米 | 东南,https://s1.ljcdn.com/pegasus/redskull/images/common/default_house_list.png?_v=202410161653269
20241031,通州,通州其它,101120099079,泰禾一号街区 复式 西北朝向 朝小区里,170万,26142元/平,高楼层 (共9层) 3室1厅 | 65.03平米 | 西北,https://s1.ljcdn.com/pegasus/redskull/images/common/default_house_list.png?_v=202410161653269
20241031,通州,通州其它,101119887248,5.7米层高 朝小区内不吵 复式房主自荐,235万,36255元/平,低楼层 (共13层) 3室2厅 | 64.82平米 | 东,https://s1.ljcdn.com/pegasus/redskull/images/common/default_house_list.png?_v=202410161653269
20241031,通州,通州其它,101119778038,首开香溪郡 车位,22万,7677元/平,地下室 | 2016年 | 1室0厅 | 28.66平米 | 南,https://ke-image.ljcdn.com/110000-inspection/5f235a08-9684-4b42-9566-72caf1da0e2e.jpg!m_fill,w_280,h_210,f_jpg?from=ke.com
20241031,通州,通州其它,101119763037,珠江四季悦城 二次精装修 采光好 事业开阔 南向,225万,24301元/平,顶层 (共9层) | 2014年 | 3室1厅 | 92.59平米 | 南,https://s1.ljcdn.com/pegasus/redskull/images/common/default_house_list.png?_v=202410161653269
20241031,通州,通州其它,101119538319,首开香溪郡 车位,19万,10544元/平,地下室 (共1层) | 2016年 | 1室0厅 | 18.02平米 | 南,https://ke-image.ljcdn.com/110000-inspection/e5a6365d-c025-4b99-9e3f-1d04c5b3c4e6.jpg!m_fill,w_280,h_210,f_jpg?from=ke.com
20241031,通州,通州其它,101119485252,润枫领尚 车位,26万,8058元/平,地下室 (共18层) | 2013年 | 1室0厅 | 32.27平米 | 东 南 西 北,https://ke-image.ljcdn.com/110000-inspection/63563c45ab9aace4caf0435e187cd125-005.jpg!m_fill,w_280,h_210,f_jpg?from=ke.com
20241031,通州,通州其它,101119090192,电梯房精装修小户型户型方正业主诚意出售,103万,15755元/平,高楼层 (共12层) 1室1厅 | 65.38平米 | 北,https://s1.ljcdn.com/pegasus/redskull/images/common/default_house_list.png?_v=202410161653269
20241031,通州,通州其它,101118843822,富力尚悦居A区 南北通透四居室,610万,36756元/平,低楼层 (共20层) | 2015年 | 4室2厅 | 165.96平米 | 南 北,https://s1.ljcdn.com/pegasus/redskull/images/common/default_house_list.png?_v=202410161653269
20241031,通州,通州其它,101118798694,电梯房精装修小户型户型方正业主诚意出售,125万,19166元/平,低楼层 (共12层) 3室1厅 | 65.22平米 | 西南,https://s1.ljcdn.com/pegasus/redskull/images/common/default_house_list.png?_v=202410161653269
20241031,通州,通州其它,101118779237,珠江四季悦城南向电梯房精装修个人产权。,159万,17540元/平,低楼层 (共12层) 3室1厅 | 90.65平米 | 南,https://s1.ljcdn.com/pegasus/redskull/images/common/default_house_list.png?_v=202410161653269
20241031,通州,通州其它,101118596251,富力尚悦居A区 车位,22.8万,7001元/平,地下室 1室0厅 | 32.57平米 | 南,https://ke-image.ljcdn.com/110000-inspection/8bcd983cf7e151b5fd23c25e74a0c1e8-035.jpg!m_fill,w_280,h_210,f_jpg?from=ke.com
20241031,通州,通州其它,101117874540,首开国风美仑 车位,13万,3517元/平,地下室 (共16层) 1室1厅 | 36.97平米 | 南,https://ke-image.ljcdn.com/110000-inspection/52cd29592849321350265300dc0b92b9-031.jpg!m_fill,w_280,h_210,f_jpg?from=ke.com
20241031,通州,通州其它,101117651877,首开万科城市之光盛佳尚苑精装房,90万,17679元/平,低楼层 (共18层) | 2017年 | 2室1厅 | 50.91平米 | 东,https://s1.ljcdn.com/pegasus/redskull/images/common/default_house_list.png?_v=202410161653269
20241031,通州,通州其它,101117258655,星悦国际兴贸三街19号院91.61平方米,140万,15283元/平,底层 (共14层) | 2012年 | 2室1厅 | 91.61平米 | 东 北,https://s1.ljcdn.com/pegasus/redskull/images/common/default_house_list.png?_v=202410161653269
20241031,通州,通州其它,101117221457,人车分流中间位置随时签约诚意出售。,19万,6772元/平,地下室 (共1层) | 2016年 | 1室0厅 | 28.06平米 | 南,https://ke-image.ljcdn.com/110000-inspection/3d256f11-c122-41a8-b7ad-862c35b64ec2.jpg!m_fill,w_280,h_210,f_jpg?from=ke.com
20241031,通州,通州其它,101116704619,新房南向个人可购买对花园市场价可出售。,188万,20740元/平,低楼层 (共12层) 3室1厅 | 90.65平米 | 南,https://s1.ljcdn.com/pegasus/redskull/images/common/default_house_list.png?_v=202410161653269
20241031,通州,通州其它,101114017572,泰禾一号街区  电梯房 业主诚意出售,198万,30904元/平,高楼层 (共9层) | 2017年 | 3室2厅 | 64.07平米 | 西,https://s1.ljcdn.com/pegasus/redskull/images/common/default_house_list.png?_v=202410161653269
