20241024,通州,万达,101127191383,南向三居满五唯一好楼层每个房间都可以有阳光必看好房,470万,33558元/平,中楼层 (共23层) | 2002年 | 3室2厅 | 140.06平米 | 南,https://ke-image.ljcdn.com/110000-inspection/9f864047-113a-4269-9659-241ae4e93b4c_1000.jpg!m_fill,w_280,h_210,f_jpg?from=ke.com
20241024,通州,万达,101127123767,万达商圈 满五唯一 南向精装两居 配套方便必看好房,550万,59466元/平,高楼层 (共11层) | 2015年 | 2室1厅 | 92.49平米 | 南,https://ke-image.ljcdn.com/110000-inspection/5dd94f15-dda0-4d04-9e98-bbbe12ebc690_1000.jpg!m_fill,w_280,h_210,f_jpg?from=ke.com
20241024,通州,万达,101127057845,万达商圈房子精装拎包入住双地铁人车分流安静不临街必看好房,348万,37460元/平,低楼层 (共11层) | 2004年 | 2室1厅 | 92.9平米 | 东 西,https://ke-image.ljcdn.com/110000-inspection/873d3c94-1a48-421e-b039-ead3216141fd_1000.jpg!m_fill,w_280,h_210,f_jpg?from=ke.com
20241024,通州,万达,101126977934,北光宿舍楼南向万达商圈1号线很近采光好必看好房,150万,34373元/平,高楼层 (共6层) 1室1厅 | 43.64平米 | 南,https://ke-image.ljcdn.com/110000-inspection/9082f4c8-c720-4728-821a-5f9f386e5091_1000.jpg!m_fill,w_280,h_210,f_jpg?from=ke.com
20241024,通州,万达,101126906766,潞河中学家属院南区 2室1厅 南 北必看好房,270万,35166元/平,顶层 (共6层) 2室1厅 | 76.78平米 | 南 北,https://ke-image.ljcdn.com/110000-inspection/45bee788-f3a6-4653-b216-ab212dc10f31_1000.jpg!m_fill,w_280,h_210,f_jpg?from=ke.com
20241024,通州,万达,101127113658,通州区新城东里小区两居室三层好楼层必看好房,260万,45100元/平,中楼层 (共5层) 2室1厅 | 57.65平米 | 东 西,https://ke-image.ljcdn.com/110000-inspection/5bf9d690-c154-443c-9224-8b26eb17f478_1000.jpg!m_fill,w_280,h_210,f_jpg?from=ke.com
20241024,通州,万达,101126995216,新城南关 满五唯一 南北通透 三居室 户型方正,290万,42133元/平,中楼层 (共6层) 3室1厅 | 68.83平米 | 南 北,https://ke-image.ljcdn.com/110000-inspection/2636bfc5-7d76-4187-9d58-fae1cc8bddbf_1000.jpg!m_fill,w_280,h_210,f_jpg?from=ke.com
20241024,通州,万达,101126903757,新城东里 南北通透 两居室  满五唯一 楼龄新,329万,36138元/平,顶层 (共6层) 2室1厅 | 91.04平米 | 南 北,https://ke-image.ljcdn.com/110000-inspection/4b1d4b29-3846-4922-a56d-361ffcb4f423_1000.jpg!m_fill,w_280,h_210,f_jpg?from=ke.com
20241024,通州,万达,101126888067,西营前街 2室2厅 南 北必看好房,235万,25006元/平,顶层 (共6层) 2室2厅 | 93.98平米 | 南 北,https://ke-image.ljcdn.com/110000-inspection/fafe311e-a5d4-4c1f-ae47-f88e0e0c4af7_1000.jpg!m_fill,w_280,h_210,f_jpg?from=ke.com
20241024,通州,万达,101126864752,中仓小区 2室1厅 南 北必看好房,205万,32102元/平,中楼层 (共5层) 2室1厅 | 63.86平米 | 南 北,https://ke-image.ljcdn.com/110000-inspection/d503b4e7-704a-4c9c-b373-10de55f217b9_1000.jpg!m_fill,w_280,h_210,f_jpg?from=ke.com
20241024,通州,万达,101126791498,红旗家属院 2室1厅 南 北必看好房,179万,31344元/平,顶层 (共5层) 2室1厅 | 57.11平米 | 南 北,https://ke-image.ljcdn.com/110000-inspection/1cee8760-047f-4975-a8eb-537591faf127_1000.jpg!m_fill,w_280,h_210,f_jpg?from=ke.com
20241024,通州,万达,101126768639,通惠南路低楼层万达商圈临近地铁必看好房,239万,37187元/平,低楼层 (共6层) 2室1厅 | 64.27平米 | 南 北,https://ke-image.ljcdn.com/110000-inspection/96a04254-f719-4911-9756-aed2a9a06bdb_1000.jpg!m_fill,w_280,h_210,f_jpg?from=ke.com
20241024,通州,万达,101126750522,潞河北街中间楼层精装修两居室随时看房,227万,37159元/平,中楼层 (共6层) 2室1厅 | 61.09平米 | 南 北,https://ke-image.ljcdn.com/110000-inspection/a8a1ad9f-af5b-4d27-a424-7bf334b1c735_1000.jpg!m_fill,w_280,h_210,f_jpg?from=ke.com
20241024,通州,万达,101126728389,东方生活区。房本满五年家庭唯一住房配套齐全。必看好房,175万,31379元/平,中楼层 (共5层) 2室1厅 | 55.77平米 | 南 北,https://ke-image.ljcdn.com/110000-inspection/ab781aaa-dcc2-402b-9466-75a528627924_1000.jpg!m_fill,w_280,h_210,f_jpg?from=ke.com
20241024,通州,万达,101126695214,满五年唯一 户型方正 采光好 视野好必看好房,269万,36016元/平,中楼层 (共27层) | 2018年 | 2室1厅 | 74.69平米 | 东南,https://ke-image.ljcdn.com/110000-inspection/1eaae88c-36cd-4e90-803e-9ca7b4c8e722_1000.jpg!m_fill,w_280,h_210,f_jpg?from=ke.com
20241024,通州,万达,101126691023,后南仓 官园 中间楼层 南北通透采光好必看好房,220万,34051元/平,中楼层 (共6层) | 1986年 | 3室0厅 | 64.61平米 | 南 北,https://ke-image.ljcdn.com/110000-inspection/pc1_uABay2zy4_1.jpg!m_fill,w_280,h_210,f_jpg?from=ke.com
20241024,通州,万达,101126634917,摩卡空间 难得户型 正规三居室 精装修 拎包入住必看好房,610万,48062元/平,高楼层 (共12层) 3室2厅 | 126.92平米 | 南 北,https://ke-image.ljcdn.com/110000-inspection/dd8617d3-cee4-4356-949e-1bb8f5bb3c8a_1000.jpg!m_fill,w_280,h_210,f_jpg?from=ke.com
20241024,通州,万达,101126623357,万达商圈 复兴北里 南北三居 看房方便 诚意出售必看好房,275万,32614元/平,中楼层 (共6层) 3室1厅 | 84.32平米 | 南 北,https://ke-image.ljcdn.com/110000-inspection/d865b6fc-0713-4531-b6de-2fc254245c55_1000.jpg!m_fill,w_280,h_210,f_jpg?from=ke.com
20241024,通州,万达,101126529047,77平米+院中山大街108号院+满五年+官员房主自荐,285万,51333元/平,底层 (共6层) 2室1厅 | 55.52平米 | 南 北,https://ke-image.ljcdn.com/110000-inspection/62a9a545-8334-44e9-a637-3621cd2e6402_1000.jpg!m_fill,w_280,h_210,f_jpg?from=ke.com
20241024,通州,万达,101126403637,2018年新小区 北人家园南向两居 满五年,279万,36178元/平,中楼层 (共27层) | 2018年 | 2室1厅 | 77.12平米 | 南,https://ke-image.ljcdn.com/110000-inspection/89ebac9f-6569-4b29-af99-e6d2035ff44a_1000.jpg!m_fill,w_280,h_210,f_jpg?from=ke.com
20241024,通州,万达,101126392605,通惠南路 2室2厅 东 西,230万,37338元/平,中楼层 (共6层) 2室2厅 | 61.6平米 | 东 西,https://ke-image.ljcdn.com/110000-inspection/3ae49277-f516-40b4-82b5-b925170a0493_1000.jpg!m_fill,w_280,h_210,f_jpg?from=ke.com
20241024,通州,万达,101126251752,此房满五唯一 万达广场 交通便利  官园,240万,34375元/平,高楼层 (共6层) 2室1厅 | 69.82平米 | 东 西,https://ke-image.ljcdn.com/110000-inspection/a175a7fa-f130-42a0-899d-d8df02f3c3ac_1000.jpg!m_fill,w_280,h_210,f_jpg?from=ke.com
20241024,通州,万达,101126223929,帅府园 2室1厅 南 北必看好房,380万,44844元/平,高楼层 (共6层) 2室1厅 | 84.74平米 | 南 北,https://ke-image.ljcdn.com/110000-inspection/7ccf7cc9-ecdc-45d4-a57d-f9e2334020f0_1000.jpg!m_fill,w_280,h_210,f_jpg?from=ke.com
20241024,通州,万达,101126111262,北光家属院 万达旁板楼 南北通透边户 满五唯一必看好房,180万,32544元/平,高楼层 (共6层) | 1985年 | 2室1厅 | 55.31平米 | 南 北,https://ke-image.ljcdn.com/110000-inspection/122b4e33-e625-46fe-891e-c1d6657832f6_1000.jpg!m_fill,w_280,h_210,f_jpg?from=ke.com
20241024,通州,万达,101125992899,地铁6号线北关站运河商务区南向小两居必看好房,218万,32665元/平,顶层 (共6层) 2室1厅 | 66.74平米 | 南,https://ke-image.ljcdn.com/110000-inspection/6cc1a8d4-6c3a-480c-9f37-472a42e1dfeb_1000.jpg!m_fill,w_280,h_210,f_jpg?from=ke.com
20241024,通州,万达,101125924702,北京ONE中山街 首师大 无抵押无贷款高楼层视野好必看好房,373万,34576元/平,高楼层 (共32层) | 2014年 | 2室1厅 | 107.88平米 | 西,https://ke-image.ljcdn.com/110000-inspection/e1c95d32-f445-44ec-9f0a-bc9241e3da58_1000.jpg!m_fill,w_280,h_210,f_jpg?from=ke.com
20241024,通州,万达,101125915414,玉带河西街 2室1厅 南 北,232万,29971元/平,中楼层 (共7层) | 1999年 | 2室1厅 | 77.41平米 | 南 北,https://ke-image.ljcdn.com/110000-inspection/6d835aa6-1796-41c9-96e5-8d604447850d_1000.jpg!m_fill,w_280,h_210,f_jpg?from=ke.com
20241024,通州,万达,101125834980,万方家园好视野中间楼层诚心出售近地铁近万达商圈必看好房,419万,54786元/平,中楼层 (共18层) 2室1厅 | 76.48平米 | 南,https://ke-image.ljcdn.com/110000-inspection/138b09d3-f220-44d2-9f4b-6e40ebeb06d9_1000.jpg!m_fill,w_280,h_210,f_jpg?from=ke.com
20241024,通州,万达,101125832136,通惠南路小区官园首诗附万达板块必看好房,218万,37445元/平,中楼层 (共6层) 2室1厅 | 58.22平米 | 南 北,https://ke-image.ljcdn.com/110000-inspection/6c3251a7-cb49-401f-b2d9-b8a6c82e30d4_1000.jpg!m_fill,w_280,h_210,f_jpg?from=ke.com
20241024,通州,万达,101125798906,通州区第二毛线厂宿舍 2室1厅 南 北,289万,47192元/平,中楼层 (共7层) 2室1厅 | 61.24平米 | 南 北,https://ke-image.ljcdn.com/110000-inspection/6ecef47f-a7f5-42f4-85de-be04a80bf85a_1000.jpg!m_fill,w_280,h_210,f_jpg?from=ke.com
20241024,通州,万达,101125594059,新城东里 大两居 南北通透的户型 采光好 户型方正必看好房,450万,45254元/平,中楼层 (共6层) 2室2厅 | 99.44平米 | 南 北,https://ke-image.ljcdn.com/110000-inspection/91d08700-c79b-4a7a-99d5-5d97aeece958_1000.jpg!m_fill,w_280,h_210,f_jpg?from=ke.com
20241024,通州,万达,101125579944,次新房诚心出售全南格局精装修视野宽阔万达必看好房,412万,53878元/平,中楼层 (共18层) | 2015年 | 2室1厅 | 76.47平米 | 南,https://ke-image.ljcdn.com/110000-inspection/d87e0d92-f00f-4668-90b2-fdb2a55f52ca_1000.jpg!m_fill,w_280,h_210,f_jpg?from=ke.com
20241024,通州,万达,101125506059,北人家园 2室1厅 东南必看好房,299万,38771元/平,中楼层 (共27层) | 2018年 | 2室1厅 | 77.12平米 | 东南,https://ke-image.ljcdn.com/110000-inspection/ab2aa2df-d79a-44a2-a363-bc3b742eff83_1000.jpg!m_fill,w_280,h_210,f_jpg?from=ke.com
20241024,通州,万达,101125436195,优质房源通州区通惠南路15号院,232万,37767元/平,中楼层 (共6层) 2室1厅 | 61.43平米 | 南 北,https://ke-image.ljcdn.com/110000-inspection/62810aaf-f128-45e5-bcdd-eea68da269cf_1000.jpg!m_fill,w_280,h_210,f_jpg?from=ke.com
20241024,通州,万达,101125236970,万达商圈配套成熟房子满五年在京家庭唯一住房。,205万,31056元/平,中楼层 (共4层) 2室1厅 | 66.01平米 | 南 北,https://ke-image.ljcdn.com/110000-inspection/271488db-010e-40be-a78f-33a06002843c_1000.jpg!m_fill,w_280,h_210,f_jpg?from=ke.com
20241024,通州,万达,101125226847,西营前街 运河商务区 6号地铁北运河西必看好房,159万,28541元/平,高楼层 (共6层) 2室1厅 | 55.71平米 | 南 北,https://ke-image.ljcdn.com/110000-inspection/23ceaef1-1d7f-411c-b13e-62937b4d2205_1000.jpg!m_fill,w_280,h_210,f_jpg?from=ke.com
20241024,通州,万达,101125186186,西营前街  南向一居室  低楼层必看好房,143万,33935元/平,低楼层 (共6层) 1室1厅 | 42.14平米 | 南,https://ke-image.ljcdn.com/110000-inspection/456d035e-107c-4995-8e35-d75815694e24_1000.jpg!m_fill,w_280,h_210,f_jpg?from=ke.com
20241024,通州,万达,101125131270,万达 中仓小区 低楼层 南北通透 精装修必看好房,209万,36488元/平,中楼层 (共4层) 2室1厅 | 57.28平米 | 南 北,https://ke-image.ljcdn.com/110000-inspection/035b297d-cb34-4590-bb73-1e3638085e5e_1000.jpg!m_fill,w_280,h_210,f_jpg?from=ke.com
20241024,通州,万达,101125120204,东营前街 2室1厅 南 北必看好房,185万,29370元/平,中楼层 (共6层) 2室1厅 | 62.99平米 | 南 北,https://ke-image.ljcdn.com/110000-inspection/e2dae046-29d4-4335-9ef2-2c4b572329e7_1000.jpg!m_fill,w_280,h_210,f_jpg?from=ke.com
20241024,通州,万达,101125018935,永顺南街164号院 2室1厅 南 北必看好房,193万,31697元/平,中楼层 (共5层) 2室1厅 | 60.89平米 | 南 北,https://ke-image.ljcdn.com/110000-inspection/f05ce4d5-1993-4e41-af18-5b172356c301_1000.jpg!m_fill,w_280,h_210,f_jpg?from=ke.com
20241024,通州,万达,101124835592,北光宿舍楼 西南两居室采光位置好。万达旁,185万,34052元/平,中楼层 (共6层) 2室1厅 | 54.33平米 | 南,https://ke-image.ljcdn.com/110000-inspection/7f501687-f708-4b20-acd2-8381a408c990_1000.jpg!m_fill,w_280,h_210,f_jpg?from=ke.com
20241024,通州,万达,101124808810,通州区万达广场 万方家园南北通透三居室必看好房,851万,60437元/平,低楼层 (共18层) 3室1厅 | 140.81平米 | 南 北,https://ke-image.ljcdn.com/110000-inspection/007c2c19-2716-4f84-afc6-2e3c56f91649_1000.jpg!m_fill,w_280,h_210,f_jpg?from=ke.com
20241024,通州,万达,101124664799,新华大街 水月院 南北朝向2居室 户型方正 精装必看好房,170万,28315元/平,高楼层 (共6层) 2室1厅 | 60.04平米 | 南 北,https://ke-image.ljcdn.com/110000-inspection/3b1a504d-4634-45d2-9cb3-3b26e0f9e159_1000.jpg!m_fill,w_280,h_210,f_jpg?from=ke.com
20241024,通州,万达,101124540741,潞河北街南北通透2居室保持好可以直接拎包入住。必看好房,279万,36586元/平,中楼层 (共6层) | 1995年 | 2室1厅 | 76.26平米 | 南 北,https://ke-image.ljcdn.com/110000-inspection/f7293422-9c7e-4c95-a412-6c2bfd4efcb8_1000.jpg!m_fill,w_280,h_210,f_jpg?from=ke.com
20241024,通州,万达,101124533821,玉带河东街435号院  南北通透 中间楼层必看好房,168万,27787元/平,中楼层 (共6层) 2室1厅 | 60.46平米 | 南 北,https://ke-image.ljcdn.com/110000-inspection/d349172c-3c89-4980-8c24-764473d6953b_1000.jpg!m_fill,w_280,h_210,f_jpg?from=ke.com
20241024,通州,万达,101124458642,新华大街 水月院 南北向大两居 户型方正 采光好必看好房,312万,32822元/平,中楼层 (共6层) 2室1厅 | 95.06平米 | 南 北,https://ke-image.ljcdn.com/110000-inspection/356ef24e-da8d-4b36-a7fb-e458deab266b_1000.jpg!m_fill,w_280,h_210,f_jpg?from=ke.com
20241024,通州,万达,101124374729,中仓小区 低楼层 精装修 业主靠谱必看好房,189万,31969元/平,底层 (共6层) 1室2厅 | 59.12平米 | 南 北,https://ke-image.ljcdn.com/110000-inspection/f1f2ea43-cd18-4cf1-abad-cb1a11aad1c9_1000.jpg!m_fill,w_280,h_210,f_jpg?from=ke.com
20241024,通州,万达,101124015568,永顺南街234号院满五唯一一楼方便出行近22号线必看好房,165万,27242元/平,底层 (共6层) 2室1厅 | 60.57平米 | 南 北,https://ke-image.ljcdn.com/110000-inspection/4a6f7f28-916b-48ff-98ce-f93beba6a0d9_1000.jpg!m_fill,w_280,h_210,f_jpg?from=ke.com
20241024,通州,万达,101123980061,南北通透 户型方正 交通便利 商圈配套齐全 低楼层必看好房,233万,33647元/平,低楼层 (共6层) 3室1厅 | 69.25平米 | 南 北,https://ke-image.ljcdn.com/110000-inspection/3069d5cd-50c0-40c4-8423-4aa2e490231a_1000.jpg!m_fill,w_280,h_210,f_jpg?from=ke.com
20241024,通州,万达,101123826783,复兴西里31号院 业主诚意出售 看房方便 价格可谈,209万,33398元/平,高楼层 (共6层) | 2000年 | 2室1厅 | 62.58平米 | 东 西,https://ke-image.ljcdn.com/110000-inspection/0287c2e6-a934-40cc-8c34-14cc5bafd995_1000.jpg!m_fill,w_280,h_210,f_jpg?from=ke.com
20241024,通州,万达,101123731402,南小园 满五唯一 中间层视野采光好 装修也很好必看好房,188万,27865元/平,中楼层 (共6层) 2室1厅 | 67.47平米 | 南 北,https://ke-image.ljcdn.com/110000-inspection/c5fe40c3-a9ce-482d-85b8-f51fc4f38c61_1000.jpg!m_fill,w_280,h_210,f_jpg?from=ke.com
20241024,通州,万达,101123554626,北京ONE 中山街 首师大 南北三居 层高3米 看房方便必看好房,535万,27752元/平,低楼层 (共26层) 3室2厅 | 192.78平米 | 南 北,https://ke-image.ljcdn.com/110000-inspection/pc1_F6XC6Qiyl_1.jpg!m_fill,w_280,h_210,f_jpg?from=ke.com
20241024,通州,万达,101123455272,后南仓 低价 楼层好 采光足 诚心出售必看好房,149万,36927元/平,高楼层 (共6层) 1室0厅 | 40.35平米 | 南,https://ke-image.ljcdn.com/110000-inspection/711c3478-eade-46b9-9d30-4daa94a37a39_1000.jpg!m_fill,w_280,h_210,f_jpg?from=ke.com
20241024,通州,万达,101123346354,帅府园 官园 北苑地铁万达旁 户型方正 诚心出售,285万,44650元/平,中楼层 (共6层) | 1993年 | 2室1厅 | 63.83平米 | 东 西,https://ke-image.ljcdn.com/110000-inspection/8296ad3c-6363-4a37-9876-6e8b4b75c3f5_1000.jpg!m_fill,w_280,h_210,f_jpg?from=ke.com
20241024,通州,万达,101123322643,后南仓 精装三居满五年业主诚心出售,395万,40389元/平,中楼层 (共6层) | 1990年 | 3室1厅 | 97.8平米 | 南 北,https://ke-image.ljcdn.com/110000-inspection/a872e6d0-a3ce-4415-bb29-821f04e73372_1000.jpg!m_fill,w_280,h_210,f_jpg?from=ke.com
20241024,通州,万达,101127138912,帅府园 2室1厅 南 北必看好房,290万,46025元/平,中楼层 (共6层) 2室1厅 | 63.01平米 | 南 北,https://ke-image.ljcdn.com/110000-inspection/f630bf30-22f6-4881-a377-5d59b0bbaf6b_1000.jpg!m_fill,w_280,h_210,f_jpg?from=ke.com
20241024,通州,万达,101127114460,新华南路 满五年 楼层低 位置好 潞河医院万达广必看好房,132万,31125元/平,低楼层 (共6层) | 1984年 | 1室1厅 | 42.41平米 | 南,https://ke-image.ljcdn.com/110000-inspection/52dde765-f495-4406-913c-d48b937945bc_1000.jpg!m_fill,w_280,h_210,f_jpg?from=ke.com
20241024,通州,万达,101127111507,潞河医院北街 南北2居 楼层低 位置好 价格低必看好房,178万,29490元/平,低楼层 (共6层) | 1984年 | 2室1厅 | 60.36平米 | 南 北,https://ke-image.ljcdn.com/110000-inspection/ac91e306-ae68-44a8-a090-7dd25791ba8e_1000.jpg!m_fill,w_280,h_210,f_jpg?from=ke.com
20241024,通州,万达,101127058143,户型好有独立的大面宽客厅南北通透没遮挡配套全必看好房,215万,31083元/平,顶层 (共5层) | 1983年 | 2室1厅 | 69.17平米 | 南 北,https://ke-image.ljcdn.com/110000-inspection/9df6e762-823a-439f-a582-0ae0b7f0f542_1000.jpg!m_fill,w_280,h_210,f_jpg?from=ke.com
20241024,通州,万达,101127044185,北人家园 南北朝向 全明户型 满五年唯一,320万,34962元/平,顶层 (共16层) 2室2厅 | 91.53平米 | 南 北,https://ke-image.ljcdn.com/110000-inspection/52a99f28-797b-40b5-bd2e-167b5e53e8f3_1000.jpg!m_fill,w_280,h_210,f_jpg?from=ke.com
20241024,通州,万达,101127036721,通惠南路6号逸秀名园有钥匙随时可看,370万,38703元/平,低楼层 (共18层) 2室1厅 | 95.6平米 | 南 北,https://ke-image.ljcdn.com/110000-inspection/0603cf18-b822-4176-a5e4-e9a376546090_1000.jpg!m_fill,w_280,h_210,f_jpg?from=ke.com
20241024,通州,万达,101127036358,北人家园 南向两居 满五年唯一 业主诚心出售,270万,35011元/平,顶层 (共27层) | 2018年 | 2室1厅 | 77.12平米 | 南,https://ke-image.ljcdn.com/110000-inspection/pc1_67wOpBm36_1.jpg!m_fill,w_280,h_210,f_jpg?from=ke.com
20241024,通州,万达,101127023219,逸秀名园万达商圈 双地铁 满五年唯1必看好房,158万,37300元/平,顶层 (共18层) | 2004年 | 1室1厅 | 42.36平米 | 东,https://ke-image.ljcdn.com/110000-inspection/03d61d8c-c329-4a32-889f-8ad149f15e4c_1000.jpg!m_fill,w_280,h_210,f_jpg?from=ke.com
20241024,通州,万达,101126743060,逸秀名园 1室0厅 南必看好房,220万,38856元/平,中楼层 (共23层) | 2004年 | 1室0厅 | 56.62平米 | 南,https://ke-image.ljcdn.com/110000-inspection/fd846fb5-c12e-48fb-8fa6-5a14bbfb8229_1000.jpg!m_fill,w_280,h_210,f_jpg?from=ke.com
20241024,通州,万达,101126563061,改造过小区组合贷款可以30年在建地铁22号线必看好房,188万,29013元/平,中楼层 (共6层) 2室1厅 | 64.8平米 | 南 北,https://ke-image.ljcdn.com/110000-inspection/7c2f9bbe-b32d-423f-b87e-1078c26efe57_1000.jpg!m_fill,w_280,h_210,f_jpg?from=ke.com
20241024,通州,万达,101126546031,西营前街精装修南北通透视野开阔 看房方便诚心出售必看好房,150万,25939元/平,顶层 (共6层) 2室1厅 | 57.83平米 | 南 北,https://ke-image.ljcdn.com/110000-inspection/pc1_VglWg2nkz_1.jpg!m_fill,w_280,h_210,f_jpg?from=ke.com
20241024,通州,万达,101126495949,中仓小区 低楼层 南北通透 满五唯一 诚心出售必看好房,199万,32212元/平,底层 (共5层) 2室1厅 | 61.78平米 | 南 北,https://ke-image.ljcdn.com/110000-inspection/955020c8-ab26-4d84-86f5-6d7eb0bf6220_1000.jpg!m_fill,w_280,h_210,f_jpg?from=ke.com
20241024,通州,万达,101126421466,旅游新村 万达广场 一号线通州北苑地铁 配套完善,315万,32084元/平,高楼层 (共6层) | 1997年 | 2室1厅 | 98.18平米 | 东 南 西,https://ke-image.ljcdn.com/110000-inspection/d73fc712-d913-4a46-9ec7-8b423b1747fc_1000.jpg!m_fill,w_280,h_210,f_jpg?from=ke.com
20241024,通州,万达,101126340011,富力金禧花园 东南向两居室 高楼层,555万,61695元/平,高楼层 (共27层) | 2015年 | 2室1厅 | 89.96平米 | 东南,https://ke-image.ljcdn.com/110000-inspection/2ad27de7-2626-477c-8263-838b5544f435_1000.jpg!m_fill,w_280,h_210,f_jpg?from=ke.com
20241024,通州,万达,101126285343,精装修前后无遮挡采光好南北通透拎包入住。必看好房,199万,27934元/平,高楼层 (共6层) | 1989年 | 2室1厅 | 71.24平米 | 南 北,https://ke-image.ljcdn.com/110000-inspection/2f02dd88-c674-41cc-b31e-b34d387466d4_1000.jpg!m_fill,w_280,h_210,f_jpg?from=ke.com
20241024,通州,万达,101126245178,此房满五年 南北通透格局 两居 干湿分离 配套设施必看好房,280万,45403元/平,高楼层 (共6层) | 1994年 | 2室1厅 | 61.67平米 | 南 北,https://ke-image.ljcdn.com/110000-inspection/3b0e6877-f653-413a-b9e1-3183ca4304cc_1000.jpg!m_fill,w_280,h_210,f_jpg?from=ke.com
20241024,通州,万达,101126077324,红旗家属院南北通透满五唯一产权清晰必看好房,223万,31520元/平,顶层 (共6层) | 1994年 | 2室1厅 | 70.75平米 | 南 北,https://ke-image.ljcdn.com/110000-inspection/4cf056dc-7023-45ac-baa1-39d37911e58d_1000.jpg!m_fill,w_280,h_210,f_jpg?from=ke.com
20241024,通州,万达,101126016783,新华大街 车站路 低楼层的小两居 户型方正必看好房,198万,33006元/平,底层 (共6层) 2室1厅 | 59.99平米 | 西南,https://ke-image.ljcdn.com/110000-inspection/8dc767c5-b550-4eb0-a6cc-4e15337b0c98_1000.jpg!m_fill,w_280,h_210,f_jpg?from=ke.com
20241024,通州,万达,101125996284,万达商圈 电梯房两小户型精装修 满五年唯一 双地铁必看好房,166万,39188元/平,低楼层 (共18层) | 2004年 | 1室1厅 | 42.36平米 | 东,https://ke-image.ljcdn.com/110000-inspection/40abef53-5f18-44ba-a03a-613225864d1a_1000.jpg!m_fill,w_280,h_210,f_jpg?from=ke.com
20241024,通州,万达,101125909986,此房满五年唯一南北通透全明格局精装修可谈必看好房,820万,62596元/平,低楼层 (共27层) | 2015年 | 3室2厅 | 131平米 | 南 北,https://ke-image.ljcdn.com/110000-inspection/ab3d4554-dca1-449f-af9e-5f3a87758680_1000.jpg!m_fill,w_280,h_210,f_jpg?from=ke.com
20241024,通州,万达,101125753237,中山大街 中间楼层 采光充足 看房方便必看好房,288万,46497元/平,中楼层 (共6层) | 1989年 | 2室1厅 | 61.94平米 | 南 北,https://ke-image.ljcdn.com/110000-inspection/6707ca57-e419-4856-9305-8944152a62b5_1000.jpg!m_fill,w_280,h_210,f_jpg?from=ke.com
20241024,通州,万达,101125662090,西海子公园旁天桥湾一层南北两居满五唯一必看好房,288万,36905元/平,底层 (共6层) | 1996年 | 2室1厅 | 78.04平米 | 南 北,https://ke-image.ljcdn.com/110000-inspection/6050e42d-89dc-4aaf-9678-4eb8620223ba_1000.jpg!m_fill,w_280,h_210,f_jpg?from=ke.com
20241024,通州,万达,101125649681,玉带河西街 近万达 近地铁 交通便利 周边配套齐全,360万,23216元/平,高楼层 (共7层) 4室2厅 | 155.07平米 | 南 北,https://ke-image.ljcdn.com/110000-inspection/4e91255d-58fc-4e10-b63d-d4f4eac3afd3_1000.jpg!m_fill,w_280,h_210,f_jpg?from=ke.com
20241024,通州,万达,101125585732,万达附近 东南西采光充足视野无遮 二层 满五年必看好房,297万,47233元/平,低楼层 (共6层) | 1993年 | 2室1厅 | 62.88平米 | 东 南 西,https://ke-image.ljcdn.com/110000-inspection/0da86b5e-9e8c-43ae-82f5-68f06b85b1bd_1000.jpg!m_fill,w_280,h_210,f_jpg?from=ke.com
20241024,通州,万达,101125577092,北京ONE 2室1厅 西,300万,37966元/平,高楼层 (共31层) | 2021年 | 2室1厅 | 79.02平米 | 西,https://ke-image.ljcdn.com/110000-inspection/30b86787-095a-407c-8e78-353ff4aaff12_1000.jpg!m_fill,w_280,h_210,f_jpg?from=ke.com
20241024,通州,万达,101125209676,逸秀名园 1室1厅 南必看好房,228万,39577元/平,高楼层 (共23层) | 2004年 | 1室1厅 | 57.61平米 | 南,https://ke-image.ljcdn.com/110000-inspection/095021fd-603b-4456-81eb-48cd3b35d246_1000.jpg!m_fill,w_280,h_210,f_jpg?from=ke.com
20241024,通州,万达,101125120035,次新房 精装修 万方家园 一号线地铁 万达广场,575万,62821元/平,中楼层 (共18层) | 2015年 | 2室1厅 | 91.53平米 | 南 北,https://ke-image.ljcdn.com/110000-inspection/aabec24b-48e9-48ec-aedc-4bd766e3f91c_1000.jpg!m_fill,w_280,h_210,f_jpg?from=ke.com
20241024,通州,万达,101124554565,怡佳家园通州万达旁两居电梯房满五唯一必看好房,328万,35618元/平,高楼层 (共23层) | 2002年 | 2室1厅 | 92.09平米 | 东北,https://ke-image.ljcdn.com/110000-inspection/d8adf09b-f1ff-451c-89e9-48291c1d3ae6_1000.jpg!m_fill,w_280,h_210,f_jpg?from=ke.com
20241024,通州,万达,101124011199,满五唯一南北通透无户口全明格局交通便利。必看好房,150万,25939元/平,顶层 (共6层) | 1987年 | 2室1厅 | 57.83平米 | 南 北,https://ke-image.ljcdn.com/110000-inspection/794765d7-7622-49d1-84a7-b2a435ffe82d_1000.jpg!m_fill,w_280,h_210,f_jpg?from=ke.com
20241024,通州,万达,101121659427,逸秀名园  南向一居室高楼层视野好不临街必看好房,219万,37322元/平,高楼层 (共23层) | 2004年 | 1室0厅 | 58.68平米 | 南,https://ke-image.ljcdn.com/110000-inspection/ac32d6bd-fe14-4011-90fa-ef895a04984d_1000.jpg!m_fill,w_280,h_210,f_jpg?from=ke.com
20241024,通州,万达,101125499845,聚焦《好房》 万达广场 通州北苑1号线 办公写字楼,205万,18469元/平,中楼层 (共32层) | 2014年 | 3室2厅 | 111平米 | 东 北,https://s1.ljcdn.com/pegasus/redskull/images/common/default_house_list.png?_v=202410161653269
20241024,通州,万达,101127186680,东营前街 2室1厅 南 北新上,180万,29911元/平,低楼层 (共6层) 2室1厅 | 60.18平米 | 南 北,https://ke-image.ljcdn.com/110000-inspection/b9030ace-1ca8-40df-9d36-1eae684e4a97_1000.jpg!m_fill,w_280,h_210,f_jpg?from=ke.com
20241024,通州,万达,101127174822,鼎晟国际 满五年一套 南向 中山街 首师大新上,445万,50023元/平,顶层 (共24层) | 2006年 | 2室1厅 | 88.96平米 | 南,https://ke-image.ljcdn.com/110000-inspection/d3624c5f-e5f4-4c57-b870-3366a6c79a7f_1000.jpg!m_fill,w_280,h_210,f_jpg?from=ke.com
20241024,通州,万达,101127145708,车站路 2室1厅 南 北新上,332万,44244元/平,高楼层 (共6层) 2室1厅 | 75.04平米 | 南 北,https://ke-image.ljcdn.com/110000-inspection/07ee10ba-deef-4234-adb3-e63987737450_1000.jpg!m_fill,w_280,h_210,f_jpg?from=ke.com
20241024,通州,万达,101127132899,富力金禧花园 高得房率户型 中间楼层 诚心出售新上,540万,61623元/平,中楼层 (共22层) | 2012年 | 2室1厅 | 87.63平米 | 西南,https://ke-image.ljcdn.com/110000-inspection/32dd6979-fbfa-4fb4-a4be-6c5ba067f2b1_1000.jpg!m_fill,w_280,h_210,f_jpg?from=ke.com
20241024,通州,万达,101127131679,天桥湾 3室2厅 南 北新上,405万,40416元/平,中楼层 (共6层) | 1996年 | 3室2厅 | 100.21平米 | 南 北,https://ke-image.ljcdn.com/110000-inspection/4cff1d93-d799-4cd4-a0fb-0ecbd2b867dc_1000.jpg!m_fill,w_280,h_210,f_jpg?from=ke.com
20241024,通州,万达,101127113660,中仓小区 2室1厅 南 北新上,275万,41686元/平,低楼层 (共6层) 2室1厅 | 65.97平米 | 南 北,https://ke-image.ljcdn.com/110000-inspection/c6ae36c1-4646-4846-81ff-f40f6e247834_1000.jpg!m_fill,w_280,h_210,f_jpg?from=ke.com
20241024,通州,万达,101127110542,南北通透位于两个出口中间进出方便楼层好精新上,1150万,72024元/平,低楼层 (共27层) 4室2厅 | 159.67平米 | 南 北,https://ke-image.ljcdn.com/110000-inspection/e656c2b1-887f-4f82-9026-d10da9a3ab34_1000.jpg!m_fill,w_280,h_210,f_jpg?from=ke.com
20241024,通州,万达,101127107652,东营前街老少皆宜前后楼间距大采光充足。新上,179万,31811元/平,中楼层 (共6层) 2室1厅 | 56.27平米 | 南 北,https://ke-image.ljcdn.com/110000-inspection/93edc466-0509-4682-956d-b395dbd49870_1000.jpg!m_fill,w_280,h_210,f_jpg?from=ke.com
20241024,通州,万达,101127107549,东营前街 好楼层 采光好 视野好新上,179万,29829元/平,中楼层 (共6层) 2室1厅 | 60.01平米 | 南 北,https://ke-image.ljcdn.com/110000-inspection/b83a7f74-67e7-49b3-8f88-ea13b05a23e4_1000.jpg!m_fill,w_280,h_210,f_jpg?from=ke.com
20241024,通州,万达,101127101033,东方生活区 精装修 好户型 南北通透小区中间诚心卖新上,269万,38930元/平,顶层 (共5层) 2室1厅 | 69.1平米 | 南 北,https://ke-image.ljcdn.com/110000-inspection/9665b34e-ea7f-4ecf-93b1-e77072df9faa_1000.jpg!m_fill,w_280,h_210,f_jpg?from=ke.com
20241024,通州,万达,101127097629,帅府园二期 满五年一套南北四居 中山街 首师大新上,980万,60923元/平,高楼层 (共21层) 4室2厅 | 160.86平米 | 南 北,https://ke-image.ljcdn.com/110000-inspection/8ba84135-a9b6-4d78-a17c-35f43602e36a_1000.jpg!m_fill,w_280,h_210,f_jpg?from=ke.com
20241024,通州,万达,101127086603,北京光学仪器厂家属院 3室1厅 南 北,246万,37818元/平,底层 (共6层) 3室1厅 | 65.05平米 | 南 北,https://ke-image.ljcdn.com/110000-inspection/987f104e-96ef-4c84-8f1e-09ba6eb53b54_1000.jpg!m_fill,w_280,h_210,f_jpg?from=ke.com
20241024,通州,万达,101127080210,摩卡空间 南向 带电梯  采光 视野好,230万,42736元/平,中楼层 (共19层) | 2005年 | 1室0厅 | 53.82平米 | 南,https://ke-image.ljcdn.com/110000-inspection/ff73db1f-278c-4672-887f-e7aff9ee43c4_1000.jpg!m_fill,w_280,h_210,f_jpg?from=ke.com
20241024,通州,万达,101127068908,新仓路 首师大 南北楼层好 满五年,267万,55303元/平,中楼层 (共5层) 2室1厅 | 48.28平米 | 南 北,https://ke-image.ljcdn.com/110000-inspection/ce1aee8e-16ff-460f-9d96-cb907a501c68_1000.jpg!m_fill,w_280,h_210,f_jpg?from=ke.com
20241024,通州,万达,101127062928,万达商圈 交通、购物方便 南北通透,316万,50796元/平,高楼层 (共6层) 2室1厅 | 62.21平米 | 南 北,https://ke-image.ljcdn.com/110000-inspection/d844408f-0a40-40e2-9372-c8c08f12f54a_1000.jpg!m_fill,w_280,h_210,f_jpg?from=ke.com
20241024,通州,万达,101127048476,后南仓 有小区 楼层好 采光足 诚心出售,165万,40984元/平,中楼层 (共6层) | 1982年 | 1室0厅 | 40.26平米 | 南,https://ke-image.ljcdn.com/110000-inspection/af63abb4-5c5d-4fcf-a7b1-de04f129db70_1000.jpg!m_fill,w_280,h_210,f_jpg?from=ke.com
20241024,通州,万达,101127042974,北京ONE 东南精装2居 层高3米 恒温恒湿恒氧房主自荐,420万,36248元/平,高楼层 (共36层) | 2021年 | 2室2厅 | 115.87平米 | 东北,https://ke-image.ljcdn.com/110000-inspection/db5edfcb-6b69-4160-8989-672b42ab274b_1000.jpg!m_fill,w_280,h_210,f_jpg?from=ke.com
20241024,通州,万达,101126979416,通惠南路全明格局两室两卧均有阳台临近万达商圈,220万,36722元/平,低楼层 (共6层) 2室1厅 | 59.91平米 | 东 西,https://ke-image.ljcdn.com/110000-inspection/73693884-8b4d-42d9-882a-a598064c4847_1000.jpg!m_fill,w_280,h_210,f_jpg?from=ke.com
20241024,通州,万达,101126977355,北人家园 1室1厅 东 南,220万,33491元/平,低楼层 (共27层) | 2018年 | 1室1厅 | 65.69平米 | 东 南,https://ke-image.ljcdn.com/110000-inspection/320ae1c9-a1db-4064-b675-a754e83314b8_1000.jpg!m_fill,w_280,h_210,f_jpg?from=ke.com
20241024,通州,万达,101126974692,鼎晟国际 1室0厅 东,299万,57901元/平,低楼层 (共24层) | 2006年 | 1室0厅 | 51.64平米 | 东,https://ke-image.ljcdn.com/110000-inspection/705214c6-d38f-4360-a806-dc2b0095b971_1000.jpg!m_fill,w_280,h_210,f_jpg?from=ke.com
20241024,通州,万达,101126970879,中间位置 中间层满五唯一南北通透 格局好业主靠谱,219万,35204元/平,中楼层 (共4层) 2室1厅 | 62.21平米 | 南 北,https://ke-image.ljcdn.com/110000-inspection/a2d3fc68-5adb-4a8a-a205-7cb8ade4184e_1000.jpg!m_fill,w_280,h_210,f_jpg?from=ke.com
20241024,通州,万达,101126968675,万方家园万达商圈配套齐全次新房,439万,57013元/平,低楼层 (共18层) | 2015年 | 2室1厅 | 77平米 | 南,https://ke-image.ljcdn.com/110000-inspection/17e46bc1-847c-4922-8d41-374c97bfb3ea_1000.jpg!m_fill,w_280,h_210,f_jpg?from=ke.com
20241024,通州,万达,101126959383,后南仓 全南的两居 采光好 看房随时,200万,38147元/平,高楼层 (共6层) | 1981年 | 2室1厅 | 52.43平米 | 南,https://ke-image.ljcdn.com/110000-inspection/baaea310-93c2-4524-b99c-a85a8b76a091_1000.jpg!m_fill,w_280,h_210,f_jpg?from=ke.com
20241024,通州,万达,101126950085,中仓小区南北通透两居室已安装电梯,280万,39616元/平,中楼层 (共6层) 2室1厅 | 70.68平米 | 南 北,https://ke-image.ljcdn.com/110000-inspection/64d8d023-bfa4-4e37-b1fb-137d0e53d2b5_1000.jpg!m_fill,w_280,h_210,f_jpg?from=ke.com
20241024,通州,万达,101126947574,新华小区 2室2厅 西 东,280万,30353元/平,顶层 (共6层) 2室2厅 | 92.25平米 | 西 东,https://ke-image.ljcdn.com/110000-inspection/29351296-a2d5-41a9-8198-2e16b3468cd2_1000.jpg!m_fill,w_280,h_210,f_jpg?from=ke.com
20241024,通州,万达,101126947091,后南仓 首师大  满五唯一 诚心出售,210万,42017元/平,高楼层 (共6层) 2室1厅 | 49.98平米 | 东北,https://ke-image.ljcdn.com/110000-inspection/bb3d6a09-9e2b-49b4-a7a0-73b3cffaa961_1000.jpg!m_fill,w_280,h_210,f_jpg?from=ke.com
20241024,通州,万达,101126932046,西大街51号 2室1厅 北 南,302万,31985元/平,中楼层 (共6层) 2室1厅 | 94.42平米 | 北 南,https://ke-image.ljcdn.com/110000-inspection/c5ca9228-9d1f-4bd4-9fbe-2c88a11b2f6b_1000.jpg!m_fill,w_280,h_210,f_jpg?from=ke.com
20241024,通州,万达,101126929974,世图印刷厂家属院 2室2厅 南 北,290万,31267元/平,中楼层 (共6层) 2室2厅 | 92.75平米 | 南 北,https://ke-image.ljcdn.com/110000-inspection/4ea6ff74-c5fa-4d20-a7f2-1f6f2b2be60c_1000.jpg!m_fill,w_280,h_210,f_jpg?from=ke.com
20241024,通州,万达,101126923799,天桥湾 2室1厅 南 北,278万,42783元/平,高楼层 (共6层) | 1996年 | 2室1厅 | 64.98平米 | 南 北,https://ke-image.ljcdn.com/110000-inspection/9eb152f4-cf04-48b0-8bae-0505e5de8632_1000.jpg!m_fill,w_280,h_210,f_jpg?from=ke.com
20241024,通州,万达,101126923442,红旗家属院 南北2居室 全明户型 满五唯一诚心出售,218万,36645元/平,高楼层 (共6层) 2室1厅 | 59.49平米 | 南 北,https://ke-image.ljcdn.com/110000-inspection/0a3cd279-7947-46ba-8ee6-dd8166e5d981_1000.jpg!m_fill,w_280,h_210,f_jpg?from=ke.com
20241024,通州,万达,101126922785,万达商圈  边户高层 视野开阔 人车分流 精装修,590万,64481元/平,高楼层 (共18层) | 2015年 | 2室1厅 | 91.5平米 | 南 北,https://ke-image.ljcdn.com/110000-inspection/27e32603-cf23-48dc-8937-d79a7be1ee43_1000.jpg!m_fill,w_280,h_210,f_jpg?from=ke.com
20241024,通州,万达,101126914041,潇雅居 2室1厅 西,330万,32830元/平,高楼层 (共18层) 2室1厅 | 100.52平米 | 西,https://ke-image.ljcdn.com/110000-inspection/501a8587-2ee2-4553-a0ca-9f021b5eb02d_1000.jpg!m_fill,w_280,h_210,f_jpg?from=ke.com
20241024,通州,万达,101126909580,北人家园电梯小区 业主诚心出售 满五年唯一,290万,36219元/平,高楼层 (共16层) | 2018年 | 2室1厅 | 80.07平米 | 东,https://ke-image.ljcdn.com/110000-inspection/e807f5c0-0daa-432c-a5ba-c376aa9d15de_1000.jpg!m_fill,w_280,h_210,f_jpg?from=ke.com
20241024,通州,万达,101126908269,后南仓 2室1厅 南 北,199万,34537元/平,顶层 (共5层) 2室1厅 | 57.62平米 | 南 北,https://ke-image.ljcdn.com/110000-inspection/11dc5230-c51d-4dc3-8b12-7efa66b806f6_1000.jpg!m_fill,w_280,h_210,f_jpg?from=ke.com
20241024,通州,万达,101126906223,北京ONE 东南精装2居 层高3米,465万,35731元/平,中楼层 (共31层) | 2021年 | 2室1厅 | 130.14平米 | 西南,https://ke-image.ljcdn.com/110000-inspection/6cdf005e-6497-4b93-86c5-c61fe3ba9707_1000.jpg!m_fill,w_280,h_210,f_jpg?from=ke.com
20241024,通州,万达,101126905029,后南仓小区交通便利房源优质,240万,37565元/平,高楼层 (共6层) 3室0厅 | 63.89平米 | 南 北,https://ke-image.ljcdn.com/110000-inspection/bbbe1178-fccc-4556-983b-37006fbc3fee_1000.jpg!m_fill,w_280,h_210,f_jpg?from=ke.com
20241024,通州,万达,101126892506,北小园 2室1厅 南 北,385万,44473元/平,中楼层 (共7层) 2室1厅 | 86.57平米 | 南 北,https://ke-image.ljcdn.com/110000-inspection/f1c39634-8232-4d09-8482-54ccb326f348_1000.jpg!m_fill,w_280,h_210,f_jpg?from=ke.com
20241024,通州,万达,101126883939,北人家园 南北朝向 2018年小区 诚心出售,385万,42850元/平,中楼层 (共16层) 2室2厅 | 89.85平米 | 南 北,https://ke-image.ljcdn.com/110000-inspection/pc1_T1Qaw5e6P.jpg!m_fill,w_280,h_210,f_jpg?from=ke.com
20241024,通州,万达,101126857982,万方家园 满五唯一全明通透户型,575万,62842元/平,低楼层 (共18层) | 2015年 | 2室2厅 | 91.5平米 | 南 北,https://ke-image.ljcdn.com/110000-inspection/5ca6d286-bd4a-42a0-a47c-128377a4a65c_1000.jpg!m_fill,w_280,h_210,f_jpg?from=ke.com
20241024,通州,万达,101126853593,富力金禧花园 南向两居室 高楼层 视野开阔 无遮,507万,56415元/平,高楼层 (共24层) | 2013年 | 2室1厅 | 89.87平米 | 西北 南,https://ke-image.ljcdn.com/110000-inspection/a2c24738-6239-4940-b159-e8ec7c7abd55_1000.jpg!m_fill,w_280,h_210,f_jpg?from=ke.com
20241024,通州,万达,101126808438,皓月苑 2室1厅 南 北房主自荐,245万,36313元/平,低楼层 (共6层) | 2002年 | 2室1厅 | 67.47平米 | 南 北,https://ke-image.ljcdn.com/110000-inspection/d04c2f5f-ff8c-42df-ab49-9b87823c82c8_1000.jpg!m_fill,w_280,h_210,f_jpg?from=ke.com
20241024,通州,万达,101126806494,中仓小区 1室1厅 南 北,210万,37581元/平,中楼层 (共6层) 1室1厅 | 55.88平米 | 南 北,https://ke-image.ljcdn.com/110000-inspection/21826d3b-3815-487f-a05f-7f949578689d_1000.jpg!m_fill,w_280,h_210,f_jpg?from=ke.com
20241024,通州,万达,101126791317,红旗家属院 2室1厅 南 北,200万,37099元/平,中楼层 (共5层) 2室1厅 | 53.91平米 | 南 北,https://ke-image.ljcdn.com/110000-inspection/6650df36-4bed-41d1-b3cd-f07c4e148fdc_1000.jpg!m_fill,w_280,h_210,f_jpg?from=ke.com
20241024,通州,万达,101126781733,水月院 2室1厅 南 北,230万,36267元/平,低楼层 (共6层) 2室1厅 | 63.42平米 | 南 北,https://ke-image.ljcdn.com/110000-inspection/02e81f71-b259-4171-b53b-a8ca6370c66b_1000.jpg!m_fill,w_280,h_210,f_jpg?from=ke.com
20241024,通州,万达,101126748313,此房东南向带草坪楼层好视野宽阔采光充足,550万,63673元/平,底层 (共22层) | 2013年 | 2室1厅 | 86.38平米 | 东南,https://ke-image.ljcdn.com/110000-inspection/6fea7de0-ee30-4742-93d8-58529181a9d0_1000.jpg!m_fill,w_280,h_210,f_jpg?from=ke.com
20241024,通州,万达,101126736418,如意园 1室1厅 南 北,210万,40401元/平,中楼层 (共6层) | 1994年 | 1室1厅 | 51.98平米 | 南 北,https://ke-image.ljcdn.com/110000-inspection/cb59e564-7afc-4759-b2b1-e2eb65158776_1000.jpg!m_fill,w_280,h_210,f_jpg?from=ke.com
20241024,通州,万达,101126729891,复兴西里31号院,267万,33539元/平,顶层 (共6层) 2室1厅 | 79.61平米 | 南 北,https://ke-image.ljcdn.com/110000-inspection/pc1_liHLGa9GA_1.jpg!m_fill,w_280,h_210,f_jpg?from=ke.com
20241024,通州,万达,101126726917,北人家园 2室1厅 南,335万,45455元/平,高楼层 (共16层) | 2018年 | 2室1厅 | 73.7平米 | 南,https://ke-image.ljcdn.com/110000-inspection/6337b414-c8ea-4c0f-b863-c261abd9c9d5_1000.jpg!m_fill,w_280,h_210,f_jpg?from=ke.com
20241024,通州,万达,101126725545,通州万达旁 怡佳家园 电梯大两居 满五唯一,335万,34654元/平,中楼层 (共23层) 2室1厅 | 96.67平米 | 西北,https://ke-image.ljcdn.com/110000-inspection/pc1_jdYLyEdF4_1.jpg!m_fill,w_280,h_210,f_jpg?from=ke.com
20241024,通州,万达,101126703790,万方家园 万达商圈 视野阔 一号线通州北苑站,869万,61327元/平,中楼层 (共18层) 3室2厅 | 141.7平米 | 南 北,https://ke-image.ljcdn.com/110000-inspection/9dedab25-5470-4622-81c2-a5c9d2b6c30c_1000.jpg!m_fill,w_280,h_210,f_jpg?from=ke.com
20241024,通州,万达,101126691470,故城东路11号院 2室1厅 南 北,249万,28328元/平,高楼层 (共6层) 2室1厅 | 87.9平米 | 南 北,https://ke-image.ljcdn.com/110000-inspection/6f6da2d2-d150-42bf-84bd-168967e51c91_1000.jpg!m_fill,w_280,h_210,f_jpg?from=ke.com
20241024,通州,万达,101126673238,北人家园 2室1厅 南 东 西,299万,34059元/平,低楼层 (共16层) | 2018年 | 2室1厅 | 87.79平米 | 南 东 西,https://ke-image.ljcdn.com/110000-inspection/0249cd5c-799d-403e-ab14-70c38e8cd7c5_1000.jpg!m_fill,w_280,h_210,f_jpg?from=ke.com
20241024,通州,万达,101126670188,帅府园二期 1室1厅 南,450万,64805元/平,低楼层 (共21层) | 2015年 | 1室1厅 | 69.44平米 | 南,https://ke-image.ljcdn.com/110000-inspection/05626b0f-9859-4ff6-9dae-3e52e75ad119_1000.jpg!m_fill,w_280,h_210,f_jpg?from=ke.com
20241024,通州,万达,101126667305,中山街金帅府家园全明格局户型好南北通透,610万,60619元/平,低楼层 (共21层) | 2015年 | 2室2厅 | 100.63平米 | 南 北,https://ke-image.ljcdn.com/110000-inspection/06665205-ad5c-40d7-b3d3-7303ab60748f_1000.jpg!m_fill,w_280,h_210,f_jpg?from=ke.com
20241024,通州,万达,101126654793,中仓小区 中间位置西边户 少有小三居 价格诚心卖,258万,32348元/平,高楼层 (共6层) 3室1厅 | 79.76平米 | 南 西 北,https://ke-image.ljcdn.com/110000-inspection/cbcba46e-ffef-494e-ba30-b677fc3e20e8_1000.jpg!m_fill,w_280,h_210,f_jpg?from=ke.com
20241024,通州,万达,101126641410,摩卡空间 1室0厅 南,255万,47381元/平,低楼层 (共17层) | 2005年 | 1室0厅 | 53.82平米 | 南,https://ke-image.ljcdn.com/110000-inspection/1baf60cd-fdf4-43d7-8b4b-884589c05d14_1000.jpg!m_fill,w_280,h_210,f_jpg?from=ke.com
20241024,通州,万达,101126637762,玉带河西街 中间楼层 两居室 满五唯一,180万,39250元/平,中楼层 (共6层) 2室0厅 | 45.86平米 | 南 西,https://ke-image.ljcdn.com/110000-inspection/4c608afb-1e16-482e-932b-3e8d69095425_1000.jpg!m_fill,w_280,h_210,f_jpg?from=ke.com
20241024,通州,万达,101126633054,旅游新城 万达广场 一号线地铁 配套完善,319万,38370元/平,中楼层 (共6层) | 1996年 | 2室1厅 | 83.14平米 | 南 北,https://ke-image.ljcdn.com/110000-inspection/38ffa308-215e-476d-91a9-7aa1bd056436_1000.jpg!m_fill,w_280,h_210,f_jpg?from=ke.com
20241024,通州,万达,101126617782,中仓小区 精装修 南北通透 视野采光好 价格可谈,210万,32224元/平,高楼层 (共6层) 2室1厅 | 65.17平米 | 南 北,https://ke-image.ljcdn.com/110000-inspection/99d07d95-deee-4b98-93fd-b4be438ae24e_1000.jpg!m_fill,w_280,h_210,f_jpg?from=ke.com
20241024,通州,万达,101126607827,世图印刷厂家属院南北通透格局合理配套齐全,306万,33164元/平,底层 (共6层) 2室2厅 | 92.27平米 | 南 北,https://ke-image.ljcdn.com/110000-inspection/1642464c-fecf-45fa-a2b8-03a3ffaffaea_1000.jpg!m_fill,w_280,h_210,f_jpg?from=ke.com
20241024,通州,万达,101126591852,潞河家属院南区  精装修 南北低楼层三居房主自荐,450万,45970元/平,低楼层 (共6层) | 1987年 | 3室1厅 | 97.89平米 | 南 北,https://ke-image.ljcdn.com/110000-inspection/af2c90bb-a904-4d0a-af9e-304a5da5711f_1000.jpg!m_fill,w_280,h_210,f_jpg?from=ke.com
20241024,通州,万达,101126569848,北苑南路24号院近万达商圈北园地铁站,298万,33506元/平,高楼层 (共6层) 2室1厅 | 88.94平米 | 南 北,https://ke-image.ljcdn.com/110000-inspection/bac38ce1-02d2-420a-8f46-c6629aaf9bce_1000.jpg!m_fill,w_280,h_210,f_jpg?from=ke.com
20241024,通州,万达,101126555072,北京东湾 2室1厅 南,480万,67970元/平,中楼层 (共18层) 2室1厅 | 70.62平米 | 南,https://ke-image.ljcdn.com/110000-inspection/444f6b79-8b00-4e8d-8985-83c9c10fb1af_1000.jpg!m_fill,w_280,h_210,f_jpg?from=ke.com
20241024,通州,万达,101126533157,怡佳家园通惠南路8号需要提前约,230万,36364元/平,低楼层 (共28层) | 2002年 | 1室1厅 | 63.25平米 | 北,https://ke-image.ljcdn.com/110000-inspection/936486d9-ae14-4e66-ab91-0ed0f94b697f_1000.jpg!m_fill,w_280,h_210,f_jpg?from=ke.com
20241024,通州,万达,101126525280,房主诚心出售+通州北苑+中山街+万达广场+首师大,285万,45383元/平,中楼层 (共6层) | 1990年 | 2室1厅 | 62.8平米 | 南 北,https://ke-image.ljcdn.com/110000-inspection/17bce8a6-39c2-49e9-afc2-0fde193354bb_1000.jpg!m_fill,w_280,h_210,f_jpg?from=ke.com
20241024,通州,万达,101126517606,后南仓售两居 楼层好 采光足 诚心出售,229万,37684元/平,中楼层 (共6层) 2室1厅 | 60.77平米 | 南,https://ke-image.ljcdn.com/110000-inspection/2c0b80b7-eb4a-436b-8c04-95d7e0b647db_1000.jpg!m_fill,w_280,h_210,f_jpg?from=ke.com
20241024,通州,万达,101126513685,西顺城街甲27号院 2室1厅 东 西房主自荐,197万,32600元/平,中楼层 (共6层) 2室1厅 | 60.43平米 | 东 西,https://ke-image.ljcdn.com/110000-inspection/7e9be54b-7b49-4f19-97f0-84451da9b0df_1000.jpg!m_fill,w_280,h_210,f_jpg?from=ke.com
20241024,通州,万达,101126512778,此房满五唯一 南北通透 正规两居格局 采光无遮挡,860万,55065元/平,中楼层 (共36层) | 2014年 | 2室2厅 | 156.18平米 | 南 北,https://ke-image.ljcdn.com/110000-inspection/c561d4e8-6eb7-45bb-9801-9e2ae631e5fe_1000.jpg!m_fill,w_280,h_210,f_jpg?from=ke.com
20241024,通州,万达,101126503016,如意园 2室1厅 南,302万,43150元/平,中楼层 (共6层) 2室1厅 | 69.99平米 | 南,https://ke-image.ljcdn.com/110000-inspection/6ae3faf2-94c9-4612-8a27-486fe441fe89_1000.jpg!m_fill,w_280,h_210,f_jpg?from=ke.com
20241024,通州,万达,101126461656,富力金禧花园 南向两居室 高楼层 视野开阔 无遮挡房主自荐,555万,63033元/平,中楼层 (共27层) | 2015年 | 2室1厅 | 88.05平米 | 南,https://ke-image.ljcdn.com/110000-inspection/96898d08-2cc2-4241-b9bc-bb9559e2f33e_1000.jpg!m_fill,w_280,h_210,f_jpg?from=ke.com
20241024,通州,万达,101126451600,通惠河畔 北京东湾 科技住宅 精装修 南向两居,460万,63827元/平,高楼层 (共12层) 2室1厅 | 72.07平米 | 南,https://ke-image.ljcdn.com/110000-inspection/99329de5-f8ff-493c-a748-06e6d26a7c17_1000.jpg!m_fill,w_280,h_210,f_jpg?from=ke.com
20241024,通州,万达,101126451308,万达旁次新房 环境好 好停车 帅府园二期 中山首大,936万,58188元/平,顶层 (共21层) 4室2厅 | 160.86平米 | 南 北,https://ke-image.ljcdn.com/110000-inspection/c2790852-4a8e-4fed-b7ab-013097812f52_1000.jpg!m_fill,w_280,h_210,f_jpg?from=ke.com
20241024,通州,万达,101126448073,在水一方 2室2厅 南 北,436万,40226元/平,中楼层 (共12层) | 2004年 | 2室2厅 | 108.39平米 | 南 北,https://ke-image.ljcdn.com/110000-inspection/95ebb051-302c-4bff-a49c-0ea1c873550e_1000.jpg!m_fill,w_280,h_210,f_jpg?from=ke.com
20241024,通州,万达,101126447974,在水一方 2室2厅 南 北,396万,40077元/平,中楼层 (共11层) | 2004年 | 2室2厅 | 98.81平米 | 南 北,https://ke-image.ljcdn.com/110000-inspection/9a48cec1-2e80-416e-9f4a-4139a437832d_1000.jpg!m_fill,w_280,h_210,f_jpg?from=ke.com
20241024,通州,万达,101126398531,玉带河西街8号院  南北朝南高楼层采光好满五年,298万,43708元/平,顶层 (共6层) | 2001年 | 2室1厅 | 68.18平米 | 南 北,https://ke-image.ljcdn.com/110000-inspection/f83c35d9-307d-40be-86db-21f4f4f324c2_1000.jpg!m_fill,w_280,h_210,f_jpg?from=ke.com
20241024,通州,万达,101126381236,干休所家属院  万达  北关南北两居,189万,35347元/平,底层 (共6层) 2室1厅 | 53.47平米 | 南 北,https://ke-image.ljcdn.com/110000-inspection/441cffbe-769b-4474-bddb-d54abd19ace8_1000.jpg!m_fill,w_280,h_210,f_jpg?from=ke.com
20241024,通州,万达,101126358160,业主诚心出售 看房随时 视野好 房子没有遮挡,209万,42121元/平,高楼层 (共6层) 2室1厅 | 49.62平米 | 南,https://ke-image.ljcdn.com/110000-inspection/8abc6ec3-29d5-4f5f-96c5-71bdda0f9768_1000.jpg!m_fill,w_280,h_210,f_jpg?from=ke.com
20241024,通州,万达,101126352164,中仓小区南北通透两居室有钥匙随时看房业主诚心卖房主自荐,270万,33178元/平,高楼层 (共6层) 2室1厅 | 81.38平米 | 南 西 北,https://ke-image.ljcdn.com/110000-inspection/8e187908-d325-4a03-a5fc-5cf5bb403744_1000.jpg!m_fill,w_280,h_210,f_jpg?from=ke.com
20241024,通州,万达,101126348884,摩卡空间  正规两居室 电梯房 满五年 拎包入住,358万,42539元/平,中楼层 (共17层) 2室2厅 | 84.16平米 | 东北,https://ke-image.ljcdn.com/110000-inspection/89a99d94-c891-42a4-b216-31b2f830bc49_1000.jpg!m_fill,w_280,h_210,f_jpg?from=ke.com
20241024,通州,万达,101126330816,此房满五唯一低楼层省去了爬楼出行便利,180万,36037元/平,低楼层 (共6层) 2室1厅 | 49.95平米 | 东北,https://ke-image.ljcdn.com/110000-inspection/8b754b15-a308-4897-b8f3-bd69158659fb_1000.jpg!m_fill,w_280,h_210,f_jpg?from=ke.com
20241024,通州,万达,101126294924,东营前街 2室1厅 南 北,215万,31021元/平,中楼层 (共6层) 2室1厅 | 69.31平米 | 南 北,https://ke-image.ljcdn.com/110000-inspection/pc1_XnmALR8iG_1.jpg!m_fill,w_280,h_210,f_jpg?from=ke.com
20241024,通州,万达,101126262490,鼎晟国际首师大中 中山街小,580万,45670元/平,低楼层 (共11层) 3室1厅 | 127平米 | 东 南 西,https://ke-image.ljcdn.com/110000-inspection/7e2dc9b8-f4d2-4725-b1c6-233266d4497f_1000.jpg!m_fill,w_280,h_210,f_jpg?from=ke.com
20241024,通州,万达,101126254726,通州万达广场南侧 京澜誉府小区 南北通透四居室,825万,59529元/平,低楼层 (共12层) | 2022年 | 4室2厅 | 138.59平米 | 东 南 北,https://ke-image.ljcdn.com/110000-inspection/ba11b365-a0d8-4c11-b1dc-e8f72acd7e90_1000.jpg!m_fill,w_280,h_210,f_jpg?from=ke.com
20241024,通州,万达,101126253233,京杭府 3室2厅 南 北 西,830万,47839元/平,低楼层 (共36层) | 2014年 | 3室2厅 | 173.5平米 | 南 北 西,https://ke-image.ljcdn.com/110000-inspection/5cc5da91-aeac-46f6-922f-54fdec5d0ddb_1000.jpg!m_fill,w_280,h_210,f_jpg?from=ke.com
20241024,通州,万达,101126247771,房子已经满五年唯一 南北朝向 正规3居 户型方正,370万,36805元/平,中楼层 (共6层) 3室2厅 | 100.53平米 | 南 北,https://ke-image.ljcdn.com/110000-inspection/d85ae3fe-a68d-4ac3-8fa3-eb04670fbce1_1000.jpg!m_fill,w_280,h_210,f_jpg?from=ke.com
20241024,通州,万达,101126243596,东营前街  南北通透 小两居居住舒适,195万,32598元/平,底层 (共6层) 2室1厅 | 59.82平米 | 南 北,https://ke-image.ljcdn.com/110000-inspection/18bccb28-f212-4696-957a-f7fea8342cd9_1000.jpg!m_fill,w_280,h_210,f_jpg?from=ke.com
20241024,通州,万达,101126240224,此房满五唯一通透格局楼层好视野宽阔采光充足房主自荐,285万,46214元/平,高楼层 (共6层) | 1994年 | 2室1厅 | 61.67平米 | 东 西,https://ke-image.ljcdn.com/110000-inspection/5ee601ee-c292-4e29-89af-aad79ea2ed38_1000.jpg!m_fill,w_280,h_210,f_jpg?from=ke.com
20241024,通州,万达,101126230695,干休所家属院 2室1厅 南 北,225万,37809元/平,低楼层 (共6层) 2室1厅 | 59.51平米 | 南 北,https://ke-image.ljcdn.com/110000-inspection/5b8bd878-57e7-4e34-ad68-1d346ae6cb37_1000.jpg!m_fill,w_280,h_210,f_jpg?from=ke.com
20241024,通州,万达,101126216202,富力东南两居 次顶层 满五唯一 看房方便,565万,63886元/平,高楼层 (共24层) | 2013年 | 2室1厅 | 88.44平米 | 东南,https://ke-image.ljcdn.com/110000-inspection/fa7577bc-5227-48f0-8965-03919f1b22e3_1000.jpg!m_fill,w_280,h_210,f_jpg?from=ke.com
20241024,通州,万达,101126204765,摩卡空间  南北朝向 精装修两居室 诚心出售房主自荐,445万,45005元/平,中楼层 (共19层) 2室1厅 | 98.88平米 | 南 北,https://ke-image.ljcdn.com/110000-inspection/885df354-fe91-4d55-9108-ed2d6d3d92fc_1000.jpg!m_fill,w_280,h_210,f_jpg?from=ke.com
20241024,通州,万达,101126186381,北京东湾 1室1厅 东,355万,58150元/平,中楼层 (共28层) 1室1厅 | 61.05平米 | 东,https://ke-image.ljcdn.com/110000-inspection/576dcad6-7870-4193-abaf-573f46fd6138_1000.jpg!m_fill,w_280,h_210,f_jpg?from=ke.com
20241024,通州,万达,101126175172,复兴西里31号院,350万,32840元/平,低楼层 (共6层) 3室1厅 | 106.58平米 | 南 北,https://ke-image.ljcdn.com/110000-inspection/3999c71b-b7ea-4696-b079-9ce383df7fc9_1000.jpg!m_fill,w_280,h_210,f_jpg?from=ke.com
20241024,通州,万达,101126162772,北京ONE 满二年 中山街 首师大 无抵押 无户口,680万,36477元/平,中楼层 (共26层) | 2014年 | 3室2厅 | 186.42平米 | 南 北,https://ke-image.ljcdn.com/110000-inspection/f9608388-317b-4f3f-8c33-946966deeec9_1000.jpg!m_fill,w_280,h_210,f_jpg?from=ke.com
20241024,通州,万达,101126155083,诚心出售好房源南北两居室随时可看房配套齐全,295万,36144元/平,高楼层 (共6层) 2室2厅 | 81.62平米 | 南 北,https://ke-image.ljcdn.com/110000-inspection/pc1_GxlxPRHxr_1.jpg!m_fill,w_280,h_210,f_jpg?from=ke.com
20241024,通州,万达,101126150501,西营前街 南北通透两居  满五年唯一 业主诚心出售房主自荐,230万,34406元/平,中楼层 (共6层) 2室1厅 | 66.85平米 | 南 北,https://ke-image.ljcdn.com/110000-inspection/d369ac1f-72d2-4f16-b3a0-ae9dbf785697_1000.jpg!m_fill,w_280,h_210,f_jpg?from=ke.com
20241024,通州,万达,101126112819,潞河南北两居 前后不临街 有钥匙随时看 满两年高原,279万,38027元/平,中楼层 (共6层) 2室1厅 | 73.37平米 | 南 北,https://ke-image.ljcdn.com/110000-inspection/80df2ab8-f294-47bd-9583-7ed906f56922_1000.jpg!m_fill,w_280,h_210,f_jpg?from=ke.com
20241024,通州,万达,101126101688,北京ONE 1室1厅 东,300万,37898元/平,中楼层 (共31层) | 2021年 | 1室1厅 | 79.16平米 | 东,https://ke-image.ljcdn.com/110000-inspection/pc1_2kmLAOWKt_1.jpg!m_fill,w_280,h_210,f_jpg?from=ke.com
20241024,通州,万达,101126076629,东方生活区南北通透户型方正采光好。,204万,30961元/平,中楼层 (共6层) | 1989年 | 2室1厅 | 65.89平米 | 南 北,https://ke-image.ljcdn.com/110000-inspection/c770a24d-a336-4eec-848b-b377e4a23d38_1000.jpg!m_fill,w_280,h_210,f_jpg?from=ke.com
20241024,通州,万达,101126068777,南北通透格局楼层好视野宽阔采光充足,319万,41831元/平,高楼层 (共6层) | 1995年 | 2室1厅 | 76.26平米 | 北 南,https://ke-image.ljcdn.com/110000-inspection/20e49439-2157-4306-abc5-d2aa97a5b55e_1000.jpg!m_fill,w_280,h_210,f_jpg?from=ke.com
20241024,通州,万达,101126056229,富力金禧花园 2室1厅 东南,550万,61010元/平,高楼层 (共24层) 2室1厅 | 90.15平米 | 东南,https://ke-image.ljcdn.com/110000-inspection/7fb2a529-55c7-450d-b6c0-4e21c515cb4a_1000.jpg!m_fill,w_280,h_210,f_jpg?from=ke.com
20241024,通州,万达,101126048942,中仓小区 2室2厅 南 北,350万,43323元/平,底层 (共6层) | 1991年 | 2室2厅 | 80.79平米 | 南 北,https://ke-image.ljcdn.com/110000-inspection/965d5ca9-7d72-47d5-8dec-ea4c1d40e669_1000.jpg!m_fill,w_280,h_210,f_jpg?from=ke.com
20241024,通州,万达,101126039588,新华南路60号楼 交通局家属楼 满五不唯一,200万,33267元/平,底层 (共6层) | 1984年 | 2室1厅 | 60.12平米 | 北 南,https://ke-image.ljcdn.com/110000-inspection/4e916735-7895-415e-a8b8-80f8f3a99acc_1000.jpg!m_fill,w_280,h_210,f_jpg?from=ke.com
20241024,通州,万达,101126007808,新华小区 6号地铁  通运门站 运河商务区,225万,31744元/平,低楼层 (共7层) 2室1厅 | 70.88平米 | 东 西,https://ke-image.ljcdn.com/110000-inspection/0065be46-6c22-47dc-904a-5dfc4055ca36_1000.jpg!m_fill,w_280,h_210,f_jpg?from=ke.com
20241024,通州,万达,101126004440,永顺南街306号 2室1厅 南 北,168万,26039元/平,顶层 (共6层) 2室1厅 | 64.52平米 | 南 北,https://ke-image.ljcdn.com/110000-inspection/0be1d5d2-d626-4715-8410-ea18420d1123_1000.jpg!m_fill,w_280,h_210,f_jpg?from=ke.com
20241024,通州,万达,101125991244,北人家园 2室1厅 东,285万,37456元/平,中楼层 (共27层) | 2018年 | 2室1厅 | 76.09平米 | 东,https://ke-image.ljcdn.com/110000-inspection/pc1_eGMSzwnSE_1.jpg!m_fill,w_280,h_210,f_jpg?from=ke.com
20241024,通州,万达,101125986054,北京光学仪器厂家属院 2室1厅 南 北,218万,39876元/平,中楼层 (共6层) 2室1厅 | 54.67平米 | 南 北,https://ke-image.ljcdn.com/110000-inspection/527b8eef-4db7-4c43-a260-5289f8a41bdc_1000.jpg!m_fill,w_280,h_210,f_jpg?from=ke.com
20241024,通州,万达,101125952376,水月院胡同16号 精装修两居室 业主诚心出售,185万,28902元/平,顶层 (共6层) 2室1厅 | 64.01平米 | 南 北,https://ke-image.ljcdn.com/110000-inspection/ec09e1ee-aef2-4b27-ae89-bd38afc60a1b_1000.jpg!m_fill,w_280,h_210,f_jpg?from=ke.com
20241024,通州,万达,101125950153,东西通透格局楼层好视野宽阔采光充足,216万,31672元/平,高楼层 (共6层) 2室1厅 | 68.2平米 | 东 西,https://ke-image.ljcdn.com/110000-inspection/1e819dfa-24a9-4693-b543-3ef06b40d295_1000.jpg!m_fill,w_280,h_210,f_jpg?from=ke.com
20241024,通州,万达,101125933101,玉带河西街小区两居室周边配套齐全,199万,34561元/平,高楼层 (共6层) 2室1厅 | 57.58平米 | 东 北,https://ke-image.ljcdn.com/110000-inspection/de653fd2-0f94-459c-8542-8488ba78d0c2_1000.jpg!m_fill,w_280,h_210,f_jpg?from=ke.com
20241024,通州,万达,101125886161,万方家园 2室2厅 南 北,592万,63595元/平,中楼层 (共11层) 2室2厅 | 93.09平米 | 南 北,https://ke-image.ljcdn.com/110000-inspection/5258ac7a-81f1-48d8-9e43-aac9dab0966d_1000.jpg!m_fill,w_280,h_210,f_jpg?from=ke.com
20241024,通州,万达,101125881304,后南仓 满五年一套 南北 官园 万达 潞河,235万,33911元/平,高楼层 (共6层) 3室1厅 | 69.3平米 | 南 北,https://ke-image.ljcdn.com/110000-inspection/5e3b5eb8-2ab5-4932-938d-7ca7475266c3_1000.jpg!m_fill,w_280,h_210,f_jpg?from=ke.com
20241024,通州,万达,101125868483,金帅府家园 精装三居 中间楼层 视野开阔,960万,61085元/平,中楼层 (共21层) | 2015年 | 3室2厅 | 157.16平米 | 南 北,https://ke-image.ljcdn.com/110000-inspection/10626baa-3a93-4ed4-850c-e02b26f9d42c_1000.jpg!m_fill,w_280,h_210,f_jpg?from=ke.com
20241024,通州,万达,101125865548,帅府园 1室1厅 东,252万,47165元/平,高楼层 (共6层) 1室1厅 | 53.43平米 | 东,https://ke-image.ljcdn.com/110000-inspection/33c8135b-c475-4b01-901a-62b79b18abdb_1000.jpg!m_fill,w_280,h_210,f_jpg?from=ke.com
20241024,通州,万达,101125845987,运河商务区 西海子公园 环境好 中楼层 南向一居,220万,41557元/平,中楼层 (共6层) 1室1厅 | 52.94平米 | 南,https://ke-image.ljcdn.com/110000-inspection/bf5872f1-ffb9-4fe4-998e-4fb017e20e2a_1000.jpg!m_fill,w_280,h_210,f_jpg?from=ke.com
20241024,通州,万达,101125832377,复兴北里小区万达板块地铁1号线北苑地铁站,233万,27699元/平,顶层 (共6层) | 1995年 | 2室2厅 | 84.12平米 | 南 北,https://ke-image.ljcdn.com/110000-inspection/bea6e497-f942-4c93-b9e4-1ddfb5ec5ee0_1000.jpg!m_fill,w_280,h_210,f_jpg?from=ke.com
20241024,通州,万达,101125796356,西营前街 2室1厅 南 北,210万,37541元/平,高楼层 (共6层) | 1987年 | 2室1厅 | 55.94平米 | 南 北,https://ke-image.ljcdn.com/110000-inspection/73cd4422-02ac-4096-8848-59e52ac49dff_1000.jpg!m_fill,w_280,h_210,f_jpg?from=ke.com
20241024,通州,万达,101125794449,南北通透一居室西海子公园环境好交通便利,190万,36081元/平,顶层 (共6层) 1室1厅 | 52.66平米 | 南 北,https://ke-image.ljcdn.com/110000-inspection/2735cc7e-11ca-41b2-958f-380ffa16010c_1000.jpg!m_fill,w_280,h_210,f_jpg?from=ke.com
20241024,通州,万达,101125786467,北京ONE 中山街 恒温恒湿恒氧 精装修,315万,39864元/平,低楼层 (共31层) | 2021年 | 1室1厅 | 79.02平米 | 西,https://ke-image.ljcdn.com/110000-inspection/7755986b-8492-45a2-931b-0ce7a9427ee1_1000.jpg!m_fill,w_280,h_210,f_jpg?from=ke.com
20241024,通州,万达,101125764804,在水一方通州万达客厅面宽4米中高楼层满五唯一,295万,35741元/平,中楼层 (共12层) | 2004年 | 1室1厅 | 82.54平米 | 南 北,https://ke-image.ljcdn.com/110000-inspection/cf1fb7af-030f-40d1-92d9-9c7942de739a_1000.jpg!m_fill,w_280,h_210,f_jpg?from=ke.com
20241024,通州,万达,101125736968,此房满五低楼层南北通透通风好交通便,225万,38647元/平,低楼层 (共6层) 2室1厅 | 58.22平米 | 南 北,https://ke-image.ljcdn.com/110000-inspection/1e7be4bc-200d-4611-9779-db7379274069_1000.jpg!m_fill,w_280,h_210,f_jpg?from=ke.com
20241024,通州,万达,101125729873,新城南关 南北通透2居 满五年 后南仓潞河看房方便房主自荐,310万,41071元/平,中楼层 (共6层) | 1989年 | 2室1厅 | 75.48平米 | 南 北,https://ke-image.ljcdn.com/110000-inspection/7be17296-7c8f-48d9-83fb-dba791962917_1000.jpg!m_fill,w_280,h_210,f_jpg?from=ke.com
20241024,通州,万达,101125715370,新城东里 2室1厅 南 北,295万,42686元/平,高楼层 (共6层) | 1985年 | 2室1厅 | 69.11平米 | 南 北,https://ke-image.ljcdn.com/110000-inspection/faf97173-b09f-4b2b-9a3e-bfc71d36a1e9_1000.jpg!m_fill,w_280,h_210,f_jpg?from=ke.com
20241024,通州,万达,101125715066,南北通透户型方正配套齐全小区环境较好,249万,45497元/平,中楼层 (共6层) | 1996年 | 1室1厅 | 54.73平米 | 南 北,https://ke-image.ljcdn.com/110000-inspection/df057c05-365c-4239-b6da-a3c4a119e1ff_1000.jpg!m_fill,w_280,h_210,f_jpg?from=ke.com
20241024,通州,万达,101125709164,南北通透 全明格局 可以拎包入住,460万,36474元/平,顶层 (共5层) 3室2厅 | 126.12平米 | 南 北,https://ke-image.ljcdn.com/110000-inspection/160aaf6b-e094-425b-ac57-59968303b707_1000.jpg!m_fill,w_280,h_210,f_jpg?from=ke.com
20241024,通州,万达,101125689710,南北通透 全明格局 一层适合老人居住房主自荐,625万,35823元/平,底层 (共5层) 3室2厅 | 174.47平米 | 南 北,https://ke-image.ljcdn.com/110000-inspection/2e310670-e466-4232-a994-9e7c022b48f0_1000.jpg!m_fill,w_280,h_210,f_jpg?from=ke.com
20241024,通州,万达,101125687125,房子满五唯一南北通透楼层好采光好视野宽敞。,405万,41080元/平,低楼层 (共6层) 3室1厅 | 98.59平米 | 南 北,https://ke-image.ljcdn.com/110000-inspection/950c38b4-2eaf-48a6-8f8e-56535ac578da_1000.jpg!m_fill,w_280,h_210,f_jpg?from=ke.com
20241024,通州,万达,101125659887,潇雅居 2室1厅 东,326万,35058元/平,低楼层 (共18层) 2室1厅 | 92.99平米 | 东,https://ke-image.ljcdn.com/110000-inspection/ae5a65cc-ed6a-4199-8313-9419345598e3_1000.jpg!m_fill,w_280,h_210,f_jpg?from=ke.com
20241024,通州,万达,101125656631,皓月苑 南北通透 满五唯一 改造小区 2002年,228万,32277元/平,高楼层 (共7层) | 2002年 | 2室1厅 | 70.64平米 | 南 北,https://ke-image.ljcdn.com/110000-inspection/0f3e6c21-e43b-469a-8dd5-f8cd7ee1803a_1000.jpg!m_fill,w_280,h_210,f_jpg?from=ke.com
20241024,通州,万达,101125636652,地铁 6号线北关站运河商务区南北通透两居室,290万,40892元/平,中楼层 (共4层) 2室1厅 | 70.92平米 | 南 北,https://ke-image.ljcdn.com/110000-inspection/db0af0ed-31ce-4a7f-b8c6-5095c98d6880_1000.jpg!m_fill,w_280,h_210,f_jpg?from=ke.com
20241024,通州,万达,101125614543,中仓小区   东西通透   采光好房主自荐,230万,35860元/平,中楼层 (共6层) 2室1厅 | 64.14平米 | 东 西,https://ke-image.ljcdn.com/110000-inspection/c0f4e477-a8a9-421a-b7f1-7b996392545e_1000.jpg!m_fill,w_280,h_210,f_jpg?from=ke.com
20241024,通州,万达,101125604185,西营前街 交通方便 低楼层两居室 双卧朝南房主自荐,178万,35665元/平,底层 (共6层) 2室1厅 | 49.91平米 | 南,https://ke-image.ljcdn.com/110000-inspection/24baf8aa-8da0-4545-be77-0679137ac07f_1000.jpg!m_fill,w_280,h_210,f_jpg?from=ke.com
20241024,通州,万达,101125583296,此房满五唯一南北通透格局楼层好视野宽阔采光,200万,32820元/平,顶层 (共6层) | 2000年 | 2室1厅 | 60.94平米 | 南 北,https://ke-image.ljcdn.com/110000-inspection/c6b6d8d4-b9e3-4b3b-b018-585fb411e8a2_1000.jpg!m_fill,w_280,h_210,f_jpg?from=ke.com
20241024,通州,万达,101125579159,运河商务区东西通透两居室高楼层采光好,220万,27511元/平,高楼层 (共6层) | 2000年 | 2室1厅 | 79.97平米 | 东 西,https://ke-image.ljcdn.com/110000-inspection/b3ec73aa-24d5-4e74-b4a2-59fa704c2cb4_1000.jpg!m_fill,w_280,h_210,f_jpg?from=ke.com
20241024,通州,万达,101125541368,通州万达在水一方小区高楼层落地窗户型2居室,350万,44473元/平,中楼层 (共11层) | 2004年 | 2室1厅 | 78.7平米 | 南 北,https://ke-image.ljcdn.com/110000-inspection/c8d2d5f0-b34c-4ff0-b9f3-aa24877863a0_1000.jpg!m_fill,w_280,h_210,f_jpg?from=ke.com
20241024,通州,万达,101125528898,新华南路 南北两居 满五年精装修 位置好,191万,31644元/平,顶层 (共6层) | 1984年 | 2室1厅 | 60.36平米 | 南 北,https://ke-image.ljcdn.com/110000-inspection/3fa1efa7-8a25-4f7d-b488-00d4919badc8_1000.jpg!m_fill,w_280,h_210,f_jpg?from=ke.com
20241024,通州,万达,101125521486,东营前街 南北两居室 中楼层 装修好,186万,30908元/平,中楼层 (共6层) 2室1厅 | 60.18平米 | 南 北,https://ke-image.ljcdn.com/110000-inspection/53f4f31b-3496-480b-8ebd-aa0b4207289c_1000.jpg!m_fill,w_280,h_210,f_jpg?from=ke.com
20241024,通州,万达,101125520643,世图印刷厂家属院河景房电梯半层入户满五唯一,299万,32409元/平,中楼层 (共6层) 2室1厅 | 92.26平米 | 南 北,https://ke-image.ljcdn.com/110000-inspection/9433bd3a-6e5d-4f97-8030-5b2c0c532e4e_1000.jpg!m_fill,w_280,h_210,f_jpg?from=ke.com
20241024,通州,万达,101125512348,通惠南路 东西通透通风好交通便利,232万,35356元/平,顶层 (共6层) 2室1厅 | 65.62平米 | 东 西,https://ke-image.ljcdn.com/110000-inspection/10493707-8f35-475f-b29f-6933fd887dea_1000.jpg!m_fill,w_280,h_210,f_jpg?from=ke.com
20241024,通州,万达,101125506358,万达商圈  满五唯一 南向落地窗 视野开阔房主自荐,209万,37143元/平,高楼层 (共6层) 1室1厅 | 56.27平米 | 南,https://ke-image.ljcdn.com/110000-inspection/f4e8a941-0995-4ffc-b5ee-f61125e9f355_1000.jpg!m_fill,w_280,h_210,f_jpg?from=ke.com
20241024,通州,万达,101125498785,南北通透 两居室 户型方正 产权清晰 靠谱出售,259万,37477元/平,顶层 (共6层) | 1985年 | 2室1厅 | 69.11平米 | 南 北,https://ke-image.ljcdn.com/110000-inspection/53cf11c6-51af-4b1c-8466-f9a69ff2e1f3_1000.jpg!m_fill,w_280,h_210,f_jpg?from=ke.com
20241024,通州,万达,101125495941,永顺35号院 2室1厅 南,189万,29435元/平,中楼层 (共6层) 2室1厅 | 64.21平米 | 南,https://ke-image.ljcdn.com/110000-inspection/893f5812-0363-4058-9071-dd48e7766cf6_1000.jpg!m_fill,w_280,h_210,f_jpg?from=ke.com
20241024,通州,万达,101125454078,后南仓官园 南北通透 三居室 户型好 采光好不临街房主自荐,210万,35648元/平,高楼层 (共6层) | 1982年 | 3室1厅 | 58.91平米 | 南 北,https://ke-image.ljcdn.com/110000-inspection/4f686f73-b4a4-4910-89b4-aa0d1e0f6b6a_1000.jpg!m_fill,w_280,h_210,f_jpg?from=ke.com
20241024,通州,万达,101125445945,新华小区南北通透两居满五年中楼层全明格局,299万,37153元/平,中楼层 (共6层) 2室2厅 | 80.48平米 | 南 北,https://ke-image.ljcdn.com/110000-inspection/c4281d5c-7593-4b2b-a30e-974c442f847d_1000.jpg!m_fill,w_280,h_210,f_jpg?from=ke.com
20241024,通州,万达,101125413769,红旗家属院 满五年唯一 低楼层 精装修 拎包入住,270万,45555元/平,低楼层 (共6层) 2室1厅 | 59.27平米 | 南 北,https://ke-image.ljcdn.com/110000-inspection/ff932664-c64c-48b8-9063-a9b4eca4f405_1000.jpg!m_fill,w_280,h_210,f_jpg?from=ke.com
20241024,通州,万达,101125380790,玉带河西街 近地铁 近万达 周边配套齐全 交通便利,185万,31109元/平,顶层 (共5层) 3室1厅 | 59.47平米 | 南 北,https://ke-image.ljcdn.com/110000-inspection/626f1580-55f3-444f-858f-b321a26dff32_1000.jpg!m_fill,w_280,h_210,f_jpg?from=ke.com
20241024,通州,万达,101125380644,运河商务区 南北通透小两居 明厨明卫 低楼层,185万,33060元/平,底层 (共6层) | 1991年 | 2室1厅 | 55.96平米 | 南 北,https://ke-image.ljcdn.com/110000-inspection/57ba7f70-8aa1-40a9-a617-f3eafe83e98e_1000.jpg!m_fill,w_280,h_210,f_jpg?from=ke.com
20241024,通州,万达,101125375486,永顺南街306号 2室1厅 南 北,190万,29321元/平,中楼层 (共6层) 2室1厅 | 64.8平米 | 南 北,https://ke-image.ljcdn.com/110000-inspection/d3956b98-d001-47fc-a290-ea33acf495df_1000.jpg!m_fill,w_280,h_210,f_jpg?from=ke.com
20241024,通州,万达,101125373605,逸秀名园 2室2厅 东 西,368万,39112元/平,低楼层 (共11层) | 2004年 | 2室2厅 | 94.09平米 | 东 西,https://ke-image.ljcdn.com/110000-inspection/b5640546-d84d-41a0-96bb-67ae9fc39ed1_1000.jpg!m_fill,w_280,h_210,f_jpg?from=ke.com
20241024,通州,万达,101125371201,富力金禧花园 满五唯一 中高楼层 视野好,590万,67160元/平,中楼层 (共18层) | 2013年 | 2室1厅 | 87.85平米 | 西南,https://ke-image.ljcdn.com/110000-inspection/9926275b-c067-48b9-bb76-bd1df586012b_1000.jpg!m_fill,w_280,h_210,f_jpg?from=ke.com
20241024,通州,万达,101125339677,富力金禧花园 平层正规三居室、南北通透 中高层 首,870万,66616元/平,高楼层 (共27层) | 2015年 | 3室2厅 | 130.6平米 | 南 北,https://ke-image.ljcdn.com/110000-inspection/67be5937-35ba-4ff1-8ea6-bd0ff3c8a2b9_1000.jpg!m_fill,w_280,h_210,f_jpg?from=ke.com
20241024,通州,万达,101125317733,新城东里 正规两居室 户型方正  潞河 急售,220万,39942元/平,顶层 (共6层) 2室1厅 | 55.08平米 | 南,https://ke-image.ljcdn.com/110000-inspection/ef5b48c3-4ce4-452a-bd64-b3c81bfdfa8a_1000.jpg!m_fill,w_280,h_210,f_jpg?from=ke.com
20241024,通州,万达,101125294321,万达旁大两居怡佳家园精装修采光好,465万,40719元/平,中楼层 (共23层) 2室1厅 | 114.2平米 | 西南,https://ke-image.ljcdn.com/110000-inspection/eaa13742-596b-4bcf-87bc-f8793a3b28bc_1000.jpg!m_fill,w_280,h_210,f_jpg?from=ke.com
20241024,通州,万达,101125276460,摩卡空间 电梯房 中间楼层满五唯一双卫,599万,54480元/平,高楼层 (共12层) 2室2厅 | 109.95平米 | 南 北,https://ke-image.ljcdn.com/110000-inspection/234a46a3-bd9e-46bd-a5ae-ecd59ce89a21_1000.jpg!m_fill,w_280,h_210,f_jpg?from=ke.com
20241024,通州,万达,101125265622,西营前街 运河商务区 6号地铁北运河西,199万,28959元/平,高楼层 (共6层) 2室1厅 | 68.72平米 | 南 北,https://ke-image.ljcdn.com/110000-inspection/46b73dec-c99e-46e6-a598-76692af19840_1000.jpg!m_fill,w_280,h_210,f_jpg?from=ke.com
20241024,通州,万达,101125221668,玉带河西街8号院 正规1居室 南向采光好 楼层好,209万,40646元/平,中楼层 (共6层) | 2001年 | 1室1厅 | 51.42平米 | 南,https://ke-image.ljcdn.com/110000-inspection/301c08fd-3720-4140-9e18-32ec4519ac11_1000.jpg!m_fill,w_280,h_210,f_jpg?from=ke.com
20241024,通州,万达,101125221691,玉带河西街8号院 97年建成 南北2居室 户型方正,308万,45175元/平,高楼层 (共6层) | 2001年 | 2室1厅 | 68.18平米 | 南 北,https://ke-image.ljcdn.com/110000-inspection/7c103c0c-bb81-42f1-9cdc-f8cf1668fcb6_1000.jpg!m_fill,w_280,h_210,f_jpg?from=ke.com
20241024,通州,万达,101125221199,富力金禧花园 1室1厅 南,427万,67800元/平,低楼层 (共9层) 1室1厅 | 62.98平米 | 南,https://ke-image.ljcdn.com/110000-inspection/d2318a68-a814-47be-8a42-582afdb3e9db_1000.jpg!m_fill,w_280,h_210,f_jpg?from=ke.com
20241024,通州,万达,101125213804,高楼层视野宽阔无遮挡采光充足配套齐全交通便利,1360万,58365元/平,高楼层 (共36层) | 2014年 | 4室2厅 | 233.02平米 | 南 北,https://ke-image.ljcdn.com/110000-inspection/0c3cd69e-0c45-46b1-81ff-a9e09f7fb8bf_1000.jpg!m_fill,w_280,h_210,f_jpg?from=ke.com
20241024,通州,万达,101125184996,北京东湾 2室1厅 南,465万,66792元/平,高楼层 (共18层) 2室1厅 | 69.62平米 | 南,https://ke-image.ljcdn.com/110000-inspection/64c14c4e-d111-4f80-975f-dc62cf887300_1000.jpg!m_fill,w_280,h_210,f_jpg?from=ke.com
20241024,通州,万达,101125167063,南北通透格局视野无遮挡采光好房主自荐,489万,37452元/平,低楼层 (共11层) | 2004年 | 3室2厅 | 130.57平米 | 南 北,https://ke-image.ljcdn.com/110000-inspection/24bd43ff-ac74-47a6-bc86-2053fdf9e391_1000.jpg!m_fill,w_280,h_210,f_jpg?from=ke.com
20241024,通州,万达,101125116278,玉带河西街 南北通透 楼层好 交通生活便利,288万,33104元/平,低楼层 (共6层) 2室1厅 | 87平米 | 南 北,https://ke-image.ljcdn.com/110000-inspection/5cf006dd-8a80-419a-9952-eb1b7e86a1ce_1000.jpg!m_fill,w_280,h_210,f_jpg?from=ke.com
20241024,通州,万达,101125100484,北京东湾 通州万达+地铁22号线  次新房一居室,335万,56541元/平,高楼层 (共28层) 1室1厅 | 59.25平米 | 东,https://ke-image.ljcdn.com/110000-inspection/2a897967-0f36-4e33-9c41-5e6db225a1bb_1000.jpg!m_fill,w_280,h_210,f_jpg?from=ke.com
20241024,通州,万达,101125083929,帅府园 2室1厅 东 西,400万,46790元/平,中楼层 (共6层) 2室1厅 | 85.49平米 | 东 西,https://ke-image.ljcdn.com/110000-inspection/d381f66f-a6d6-4236-b92d-ed462e43b79e_1000.jpg!m_fill,w_280,h_210,f_jpg?from=ke.com
20241024,通州,万达,101125062379,楼层好 视野宽阔 采光好 配套齐全 出行便利,310万,35633元/平,低楼层 (共6层) 2室1厅 | 87平米 | 南 北,https://ke-image.ljcdn.com/110000-inspection/52a081a1-7a4a-485d-8b03-684cae0415a3_1000.jpg!m_fill,w_280,h_210,f_jpg?from=ke.com
20241024,通州,万达,101125061628,后南仓低楼层+小区门口位置距离近看房方便,190万,36951元/平,低楼层 (共6层) 1室1厅 | 51.42平米 | 南,https://ke-image.ljcdn.com/110000-inspection/61186870-2774-4106-9b55-bad0064858ea_1000.jpg!m_fill,w_280,h_210,f_jpg?from=ke.com
20241024,通州,万达,101125050709,此房南北通透格局楼层好视野宽阔采光充足,215万,34357元/平,中楼层 (共6层) | 1989年 | 2室1厅 | 62.58平米 | 南 北,https://ke-image.ljcdn.com/110000-inspection/a7f25fcd-a857-4efe-8747-de11efe7e83c_1000.jpg!m_fill,w_280,h_210,f_jpg?from=ke.com
20241024,通州,万达,101125042829,通州 车站路小区 正规两居室南向大客厅 看房随时,215万,35840元/平,中楼层 (共6层) 2室1厅 | 59.99平米 | 西南,https://ke-image.ljcdn.com/110000-inspection/86e954c9-7f93-4411-9f22-97f1fc1c74dc_1000.jpg!m_fill,w_280,h_210,f_jpg?from=ke.com
20241024,通州,万达,101125039352,西营前街 2室1厅 南 北,188万,30570元/平,顶层 (共6层) | 1995年 | 2室1厅 | 61.5平米 | 南 北,https://ke-image.ljcdn.com/110000-inspection/6e895aa5-8bb9-4c8a-b3a5-ae850fccad81_1000.jpg!m_fill,w_280,h_210,f_jpg?from=ke.com
20241024,通州,万达,101125039242,三面朝阳 全明格局 南北通透 精装修小区中间位置房主自荐,985万,76263元/平,中楼层 (共10层) 4室2厅 | 129.16平米 | 南 北,https://ke-image.ljcdn.com/110000-inspection/13595af3-2dd9-44d3-9b23-1ac59f1c1206_1000.jpg!m_fill,w_280,h_210,f_jpg?from=ke.com
20241024,通州,万达,101125007064,摩卡空间 1室1厅 西北,235万,41352元/平,高楼层 (共19层) 1室1厅 | 56.83平米 | 西北,https://ke-image.ljcdn.com/110000-inspection/4f127257-dd6b-4693-a90c-4ecd6e49f2b6_1000.jpg!m_fill,w_280,h_210,f_jpg?from=ke.com
20241024,通州,万达,101124987795,中仓小区 1室1厅 南 北房主自荐,227万,39403元/平,底层 (共5层) 1室1厅 | 57.61平米 | 南 北,https://ke-image.ljcdn.com/110000-inspection/3c05ec4c-d7ae-4c15-9b67-b6586f631761_1000.jpg!m_fill,w_280,h_210,f_jpg?from=ke.com
20241024,通州,万达,101124982408,北人家园 满五唯一 两室一厅 次新房,299万,37343元/平,低楼层 (共16层) | 2018年 | 2室1厅 | 80.07平米 | 东,https://ke-image.ljcdn.com/110000-inspection/2138863b-c2b4-4a7d-bc11-ecbd49238497_1000.jpg!m_fill,w_280,h_210,f_jpg?from=ke.com
20241024,通州,万达,101124975491,在水一方高楼层视野好精装修满五唯一自住房,490万,45803元/平,中楼层 (共12层) | 2004年 | 2室2厅 | 106.98平米 | 南 北,https://ke-image.ljcdn.com/110000-inspection/dff69060-96c6-4011-8c1a-e31322d4049e_1000.jpg!m_fill,w_280,h_210,f_jpg?from=ke.com
20241024,通州,万达,101124964330,东方生活区 正规社区 楼间距宽,199万,35683元/平,中楼层 (共5层) 2室1厅 | 55.77平米 | 南 北,https://ke-image.ljcdn.com/110000-inspection/2938cc47-a58e-41a1-8fda-3ea85c945a39_1000.jpg!m_fill,w_280,h_210,f_jpg?from=ke.com
20241024,通州,万达,101124954950,万达商圈 电梯房两居 精装修 人车分流小区,389万,40228元/平,高楼层 (共28层) | 2002年 | 2室1厅 | 96.7平米 | 东北,https://ke-image.ljcdn.com/110000-inspection/0388b26f-7957-4777-966d-519692c161d1_1000.jpg!m_fill,w_280,h_210,f_jpg?from=ke.com
20241024,通州,万达,101124954788,帅府园二期 精装修 满五年唯一 楼层高视野好无遮挡,500万,58052元/平,顶层 (共21层) | 2015年 | 2室1厅 | 86.13平米 | 南,https://ke-image.ljcdn.com/110000-inspection/a76b11d1-c75a-49b6-89ce-2387e6f0b34f_1000.jpg!m_fill,w_280,h_210,f_jpg?from=ke.com
20241024,通州,万达,101124931780,帅府园二期 中山街 高楼层 采光好,336万,63040元/平,顶层 (共21层) | 2015年 | 1室0厅 | 53.3平米 | 南,https://ke-image.ljcdn.com/110000-inspection/65a69979-6cf8-443d-a62e-ec11b4894a8e_1000.jpg!m_fill,w_280,h_210,f_jpg?from=ke.com
20241024,通州,万达,101124911735,玉带河西街 此房满五唯一  业主诚心出售,172万,35261元/平,中楼层 (共6层) 1室1厅 | 48.78平米 | 南,https://ke-image.ljcdn.com/110000-inspection/pc1_6UbJ3vHNs.jpg!m_fill,w_280,h_210,f_jpg?from=ke.com
20241024,通州,万达,101124900250,此房南北通透格局楼层好视野宽阔采光充足,850万,54453元/平,低楼层 (共36层) | 2014年 | 2室2厅 | 156.1平米 | 南 北,https://ke-image.ljcdn.com/110000-inspection/7af55b6e-13d8-42ef-bbd4-b11395ed54ce_1000.jpg!m_fill,w_280,h_210,f_jpg?from=ke.com
20241024,通州,万达,101124864239,万方家园 2室1厅 南 北,440万,63538元/平,低楼层 (共18层) | 2015年 | 2室1厅 | 69.25平米 | 南 北,https://ke-image.ljcdn.com/110000-inspection/d146cd10-c614-4a75-87d4-8c306c514cff_1000.jpg!m_fill,w_280,h_210,f_jpg?from=ke.com
20241024,通州,万达,101124740562,万达商圈南北通透中低层停车不收费看房方便,266万,34627元/平,中楼层 (共6层) 2室1厅 | 76.82平米 | 南 北,https://ke-image.ljcdn.com/110000-inspection/83950584-9c97-459e-9074-3c9bbd28ac5e_1000.jpg!m_fill,w_280,h_210,f_jpg?from=ke.com
20241024,通州,万达,101124724619,北人家园 南北朝向 满五唯一 两室两厅,390万,43223元/平,中楼层 (共16层) 2室2厅 | 90.23平米 | 南 北,https://ke-image.ljcdn.com/110000-inspection/pc1_SyjWy1CEV_1.jpg!m_fill,w_280,h_210,f_jpg?from=ke.com
20241024,通州,万达,101124646366,新华东街 2室1厅 南 北,210万,31250元/平,中楼层 (共5层) 2室1厅 | 67.2平米 | 南 北,https://ke-image.ljcdn.com/110000-inspection/ed7778a7-40c3-44bc-809f-587f153420d1_1000.jpg!m_fill,w_280,h_210,f_jpg?from=ke.com
20241024,通州,万达,101124633380,后南仓 官园 满五年一套 潞河医院 看房子方便房主自荐,222万,34748元/平,顶层 (共6层) 2室1厅 | 63.89平米 | 南 北,https://ke-image.ljcdn.com/110000-inspection/c8616271-8f19-4c82-8940-886c436512a7_1000.jpg!m_fill,w_280,h_210,f_jpg?from=ke.com
20241024,通州,万达,101124609717,潇雅居 万达广场 电梯3居 户型方正 业主诚心出售,490万,36340元/平,低楼层 (共18层) | 2002年 | 3室1厅 | 134.84平米 | 东北,https://ke-image.ljcdn.com/110000-inspection/3a3027e3-223e-4e7d-b41a-c8c94a4ecfde_1000.jpg!m_fill,w_280,h_210,f_jpg?from=ke.com
20241024,通州,万达,101124560081,中仓小区 2室1厅 南 北,175万,25429元/平,顶层 (共6层) | 1991年 | 2室1厅 | 68.82平米 | 南 北,https://ke-image.ljcdn.com/110000-inspection/52c17bb8-fcc0-42ac-ac2a-94fb83045e2a_1000.jpg!m_fill,w_280,h_210,f_jpg?from=ke.com
20241024,通州,万达,101124538799,北京东湾精装三居 地铁200米 河景房房主自荐,665万,59604元/平,高楼层 (共12层) 3室2厅 | 111.57平米 | 南 北,https://ke-image.ljcdn.com/110000-inspection/b2a2a127-e724-41f3-ba79-802d973a972c_1000.jpg!m_fill,w_280,h_210,f_jpg?from=ke.com
20241024,通州,万达,101124506367,复兴里小区 2室2厅 南 北,288万,35208元/平,顶层 (共6层) 2室2厅 | 81.8平米 | 南 北,https://ke-image.ljcdn.com/110000-inspection/cb2bb8f9-030d-4c3c-b156-794b4173ee64_1000.jpg!m_fill,w_280,h_210,f_jpg?from=ke.com
20241024,通州,万达,101124494562,官园胡同1号院满五年唯一 视野好 户型方正,306万,41913元/平,顶层 (共6层) | 1985年 | 3室1厅 | 73.01平米 | 南 北,https://ke-image.ljcdn.com/110000-inspection/a53f29d9-d7af-43c6-921d-a87dfe607a08_1000.jpg!m_fill,w_280,h_210,f_jpg?from=ke.com
20241024,通州,万达,101124482556,后南仓 南北通透 高楼层 采光好 视野开阔,249万,32171元/平,顶层 (共6层) 2室2厅 | 77.4平米 | 南 北,https://ke-image.ljcdn.com/110000-inspection/2b8a5678-02ac-41a6-94bb-22c7c0f965ed_1000.jpg!m_fill,w_280,h_210,f_jpg?from=ke.com
20241024,通州,万达,101124446070,新华小区诚心出售低单价交通便利小区位置好,285万,30948元/平,高楼层 (共6层) 2室1厅 | 92.09平米 | 东 西,https://ke-image.ljcdn.com/110000-inspection/pc1_mEJkbmYNU.jpg!m_fill,w_280,h_210,f_jpg?from=ke.com
20241024,通州,万达,101124420395,皓月苑南北通透户型方正前后不临街。房主自荐,228万,33193元/平,中楼层 (共6层) | 2002年 | 2室1厅 | 68.69平米 | 南 北,https://ke-image.ljcdn.com/110000-inspection/20bc2cb1-6a6c-43a9-807e-0de979b0fd24_1000.jpg!m_fill,w_280,h_210,f_jpg?from=ke.com
20241024,通州,万达,101124400396,此房满五格局好楼层好视野宽阔采光充,208万,39484元/平,中楼层 (共5层) 2室1厅 | 52.68平米 | 南,https://ke-image.ljcdn.com/110000-inspection/03d58e9a-0ea8-4a20-9b59-3b9aebd946f1_1000.jpg!m_fill,w_280,h_210,f_jpg?from=ke.com
20241024,通州,万达,101124391757,运河商务区 地铁22号线 精装两居 采光视野,570万,64663元/平,低楼层 (共24层) 2室1厅 | 88.15平米 | 东,https://ke-image.ljcdn.com/110000-inspection/d357967c-5c37-4a34-a04a-a8814ff119a1_1000.jpg!m_fill,w_280,h_210,f_jpg?from=ke.com
20241024,通州,万达,101124365981,摩卡空间详云天地家园中山大街35号,245万,45523元/平,高楼层 (共19层) 1室0厅 | 53.82平米 | 南,https://ke-image.ljcdn.com/110000-inspection/e4632431-a9c7-4878-bec8-976f5a8ebe15_1000.jpg!m_fill,w_280,h_210,f_jpg?from=ke.com
20241024,通州,万达,101124355605,中仓小区 带电梯 满五唯一  低楼层,242万,34557元/平,低楼层 (共6层) | 1992年 | 2室1厅 | 70.03平米 | 南 北,https://ke-image.ljcdn.com/110000-inspection/e48cc5e7-a3ba-4095-a3ac-3e745c1339f0_1000.jpg!m_fill,w_280,h_210,f_jpg?from=ke.com
20241024,通州,万达,101124355535,干休所家属院南北通透三居室边户户型方正,300万,43322元/平,中楼层 (共6层) 3室1厅 | 69.25平米 | 南 北,https://ke-image.ljcdn.com/110000-inspection/b3649ae9-4d9b-4c3f-8479-3e1d04746326_1000.jpg!m_fill,w_280,h_210,f_jpg?from=ke.com
20241024,通州,万达,101124322912,满五年 唯一住房 精装 采光充足 周边配套齐全 诚意卖,186万,32944元/平,顶层 (共27层) | 2018年 | 1室1厅 | 56.46平米 | 南,https://ke-image.ljcdn.com/110000-inspection/9a71542c-54e7-489d-970d-47947abbf522_1000.jpg!m_fill,w_280,h_210,f_jpg?from=ke.com
20241024,通州,万达,101124319996,中仓小区 南北通透 客厅有窗户 交通便利,199万,29026元/平,顶层 (共6层) 2室1厅 | 68.56平米 | 南 北 西,https://ke-image.ljcdn.com/110000-inspection/1fd8555c-b4ea-4bc3-adf1-31061d06f6dd_1000.jpg!m_fill,w_280,h_210,f_jpg?from=ke.com
20241024,通州,万达,101124285944,通州万达广场  南北通透 精装修 双卫生间三居室,399万,35632元/平,高楼层 (共6层) 3室1厅 | 111.98平米 | 南 北,https://ke-image.ljcdn.com/110000-inspection/02f7ad8e-fbc1-4b0e-8be1-22e8e82e3b24_1000.jpg!m_fill,w_280,h_210,f_jpg?from=ke.com
20241024,通州,万达,101124258710,东营前街南北通透 中间楼层 看房方便,225万,33523元/平,高楼层 (共6层) 2室1厅 | 67.12平米 | 南 北,https://ke-image.ljcdn.com/110000-inspection/69c18c30-919e-4a19-8ddf-a3758603e071_1000.jpg!m_fill,w_280,h_210,f_jpg?from=ke.com
20241024,通州,万达,101124232299,潞河名苑 电梯2居精装修 户型方正采光好业主诚心出售,450万,45400元/平,高楼层 (共15层) | 2011年 | 2室1厅 | 99.12平米 | 西,https://ke-image.ljcdn.com/110000-inspection/42af4f9f-2d43-4ff4-82a7-9f3ff382cb4f_1000.jpg!m_fill,w_280,h_210,f_jpg?from=ke.com
20241024,通州,万达,101124216994,店长推荐 京澜誉府 南北通透 三阳开泰 中高楼层,750万,60567元/平,中楼层 (共18层) | 2022年 | 3室2厅 | 123.83平米 | 南 北,https://ke-image.ljcdn.com/110000-inspection/87aa0381-3702-4725-8291-ff8cedeeb016_1000.jpg!m_fill,w_280,h_210,f_jpg?from=ke.com
20241024,通州,万达,101124178797,西营前街 全明格局三居室 户型方正 采光视野好,349万,29286元/平,顶层 (共6层) 3室1厅 | 119.17平米 | 东 南 西,https://ke-image.ljcdn.com/110000-inspection/c9543974-5284-4232-ac00-f98626411c31_1000.jpg!m_fill,w_280,h_210,f_jpg?from=ke.com
20241024,通州,万达,101124178202,新城东里 南北向小两居 业主诚心卖 价位可议,235万,43303元/平,顶层 (共6层) 2室1厅 | 54.27平米 | 南 北,https://ke-image.ljcdn.com/110000-inspection/6aae95a0-fa19-49bb-9856-91280e7a4374_1000.jpg!m_fill,w_280,h_210,f_jpg?from=ke.com
20241024,通州,万达,101124167959,万达商圈 满五唯一 南向精装两居  配套方便房主自荐,409万,53486元/平,低楼层 (共18层) | 2015年 | 2室2厅 | 76.47平米 | 南 北,https://ke-image.ljcdn.com/110000-inspection/9abf13e7-decf-4363-b027-42c1e597dc7d_1000.jpg!m_fill,w_280,h_210,f_jpg?from=ke.com
20241024,通州,万达,101124126025,红旗家属院  正规两居室 楼层合适 满五年家庭名下唯一,285万,40283元/平,中楼层 (共6层) 2室2厅 | 70.75平米 | 南 北,https://ke-image.ljcdn.com/110000-inspection/37bb47bf-d46f-4b3b-9351-328e85df4e44_1000.jpg!m_fill,w_280,h_210,f_jpg?from=ke.com
20241024,通州,万达,101124106563,摩卡空间 电梯房  南北通透  精装修  中高楼层,475万,49557元/平,中楼层 (共11层) 2室2厅 | 95.85平米 | 南 北,https://ke-image.ljcdn.com/110000-inspection/b662ff48-276a-40d5-a1e5-79b6a96410b6_1000.jpg!m_fill,w_280,h_210,f_jpg?from=ke.com
20241024,通州,万达,101124080887,玉带河西街小区 玉带河西大街。,275万,39804元/平,中楼层 (共5层) 3室1厅 | 69.09平米 | 南 北,https://ke-image.ljcdn.com/110000-inspection/2f7ab241-d85c-44b5-8b3c-1e1871567a73_1000.jpg!m_fill,w_280,h_210,f_jpg?from=ke.com
20241024,通州,万达,101124074877,车站路小区满五唯一位置好。房主自荐,218万,36781元/平,高楼层 (共6层) 1室1厅 | 59.27平米 | 西,https://ke-image.ljcdn.com/110000-inspection/1f734dff-927f-435f-8c5b-26e21bfd6e69_1000.jpg!m_fill,w_280,h_210,f_jpg?from=ke.com
20241024,通州,万达,101124062796,水月院 2室1厅 南 北,169万,27976元/平,高楼层 (共6层) 2室1厅 | 60.41平米 | 南 北,https://ke-image.ljcdn.com/110000-inspection/a7da211f-5115-4bec-a48a-301234a63e09_1000.jpg!m_fill,w_280,h_210,f_jpg?from=ke.com
20241024,通州,万达,101124059953,东方生活区 满五唯一 正规户型,239万,34588元/平,顶层 (共5层) 2室1厅 | 69.1平米 | 南 北,https://ke-image.ljcdn.com/110000-inspection/bddb0d9a-435b-4d93-ba04-c449d026f400_1000.jpg!m_fill,w_280,h_210,f_jpg?from=ke.com
20241024,通州,万达,101124052469,玉带河西街8号院 2002年建成的 户型方正2居室,345万,44113元/平,顶层 (共6层) 2室1厅 | 78.21平米 | 南 北,https://ke-image.ljcdn.com/110000-inspection/pc1_gGjWrie11_1.jpg!m_fill,w_280,h_210,f_jpg?from=ke.com
20241024,通州,万达,101124052063,皓月苑 2室1厅 南,230万,34029元/平,底层 (共6层) | 2002年 | 2室1厅 | 67.59平米 | 南,https://ke-image.ljcdn.com/110000-inspection/644dc112-0b6f-467c-b27d-58f86f2d6679_1000.jpg!m_fill,w_280,h_210,f_jpg?from=ke.com
20241024,通州,万达,101124041652,红旗家属院 2室1厅 南,200万,40701元/平,中楼层 (共5层) 2室1厅 | 49.14平米 | 南,https://ke-image.ljcdn.com/110000-inspection/f9bf03eb-5e14-4d63-b6ff-29b2ca8b98c1_1000.jpg!m_fill,w_280,h_210,f_jpg?from=ke.com
20241024,通州,万达,101124035298,西营前街 2室1厅 南 北,325万,35219元/平,中楼层 (共6层) | 1996年 | 2室1厅 | 92.28平米 | 南 北,https://ke-image.ljcdn.com/110000-inspection/d011ef5c-4252-4027-831c-cb629708f4f3_1000.jpg!m_fill,w_280,h_210,f_jpg?from=ke.com
20241024,通州,万达,101124030349,此房满五全南 格局楼层好视野宽阔采光充足,215万,40813元/平,中楼层 (共5层) 2室1厅 | 52.68平米 | 南,https://ke-image.ljcdn.com/110000-inspection/f5edf7b6-6cae-414d-835d-c16e1f56f01d_1000.jpg!m_fill,w_280,h_210,f_jpg?from=ke.com
20241024,通州,万达,101124030346,通州万达+北京东湾+前排观河景+视野好+精装修,475万,66987元/平,中楼层 (共12层) 2室1厅 | 70.91平米 | 南,https://ke-image.ljcdn.com/110000-inspection/df8f8847-be72-438d-9154-08bb28b1e419_1000.jpg!m_fill,w_280,h_210,f_jpg?from=ke.com
20241024,通州,万达,101124016492,西营前街 朝南两居室 楼层低 出行方便,190万,34552元/平,低楼层 (共6层) 2室1厅 | 54.99平米 | 南,https://ke-image.ljcdn.com/110000-inspection/b0d34076-9d42-407b-a5b8-0db94d97fc3d_1000.jpg!m_fill,w_280,h_210,f_jpg?from=ke.com
20241024,通州,万达,101123956936,东营前街 南北两居格局方正 无浪费面积,268万,33660元/平,高楼层 (共6层) 2室1厅 | 79.62平米 | 南 北,https://ke-image.ljcdn.com/110000-inspection/5fa521ea-7d17-48d8-b876-dddd32d875d7_1000.jpg!m_fill,w_280,h_210,f_jpg?from=ke.com
20241024,通州,万达,101123954523,水月院高楼层采光好 三居室 满五唯一,265万,32664元/平,顶层 (共6层) 3室1厅 | 81.13平米 | 南 北,https://ke-image.ljcdn.com/110000-inspection/5e4434b2-a8f6-485c-8ddc-c03082ea3e37_1000.jpg!m_fill,w_280,h_210,f_jpg?from=ke.com
20241024,通州,万达,101123932763,北人家园 满五唯一 高楼层非顶层 业主诚心出售,309万,38529元/平,高楼层 (共27层) | 2018年 | 2室1厅 | 80.2平米 | 南,https://ke-image.ljcdn.com/110000-inspection/pc1_4RS6TdCbb_1.jpg!m_fill,w_280,h_210,f_jpg?from=ke.com
20241024,通州,万达,101123908773,通州区新城东里两居室不临街不把边,248万,42532元/平,顶层 (共6层) | 1986年 | 2室1厅 | 58.31平米 | 南 北,https://ke-image.ljcdn.com/110000-inspection/73e2a548-6c86-4c47-baa7-c03ac3661c86_1000.jpg!m_fill,w_280,h_210,f_jpg?from=ke.com
20241024,通州,万达,101123906799,南小园1998年房龄 满五唯一 4层 改造外观漂亮,268万,28241元/平,中楼层 (共6层) 2室1厅 | 94.9平米 | 西南,https://ke-image.ljcdn.com/110000-inspection/pc1_tE1aqf6Eh.jpg!m_fill,w_280,h_210,f_jpg?from=ke.com
20241024,通州,万达,101123849649,万达广场 永顺南街304号院 中间层 南北通透大两居,380万,34982元/平,中楼层 (共6层) 2室1厅 | 108.63平米 | 南 北,https://ke-image.ljcdn.com/110000-inspection/b23ec8fe-b710-4f23-83a5-c8dc61846d76_1000.jpg!m_fill,w_280,h_210,f_jpg?from=ke.com
20241024,通州,万达,101123786878,北人家园 小区好位置中间层视野采光都很好,310万,39431元/平,低楼层 (共27层) | 2018年 | 2室1厅 | 78.62平米 | 北 南,https://ke-image.ljcdn.com/110000-inspection/7c81c87a-8d23-4b40-a9c0-5973b4cdb53a_1000.jpg!m_fill,w_280,h_210,f_jpg?from=ke.com
20241024,通州,万达,101123785215,地铁22号线北京东湾观景房高楼层视野采光好,443万,58359元/平,顶层 (共18层) 2室1厅 | 75.91平米 | 南,https://ke-image.ljcdn.com/110000-inspection/db267a88-615a-4f01-ac81-d127fa7bd9bd_1000.jpg!m_fill,w_280,h_210,f_jpg?from=ke.com
20241024,通州,万达,101123767809,玉带河西街 3室1厅 南 北,439万,36572元/平,中楼层 (共6层) 3室1厅 | 120.04平米 | 南 北,https://ke-image.ljcdn.com/110000-inspection/dcb81353-7b2e-4f67-a389-342974d3f289_1000.jpg!m_fill,w_280,h_210,f_jpg?from=ke.com
20241024,通州,万达,101123762162,北京东湾 2室1厅 南,480万,67692元/平,中楼层 (共12层) 2室1厅 | 70.91平米 | 南,https://ke-image.ljcdn.com/110000-inspection/601ff83e-d2a8-4e52-b1ad-99360180e52e_1000.jpg!m_fill,w_280,h_210,f_jpg?from=ke.com
20241024,通州,万达,101123699297,摩卡空间 电梯三居室 满五唯一,630万,49658元/平,高楼层 (共12层) 3室1厅 | 126.87平米 | 西南,https://ke-image.ljcdn.com/110000-inspection/bd66297e-8647-40d9-83bf-5d37b294814c_1000.jpg!m_fill,w_280,h_210,f_jpg?from=ke.com
20241024,通州,万达,101123693272,楼龄新的社区到地铁方便配套完善随时可以签约,310万,42513元/平,底层 (共16层) | 2018年 | 2室1厅 | 72.92平米 | 南,https://ke-image.ljcdn.com/110000-inspection/b5864a4a-7a92-4e14-9f22-f61c70ca6f5e_1000.jpg!m_fill,w_280,h_210,f_jpg?from=ke.com
20241024,通州,万达,101123670801,北京东湾 南北通透大三居 全明户型 临河观景,670万,60052元/平,中楼层 (共12层) 3室2厅 | 111.57平米 | 南 北,https://ke-image.ljcdn.com/110000-inspection/65926b6e-010a-45e0-bb58-f773513b544c_1000.jpg!m_fill,w_280,h_210,f_jpg?from=ke.com
20241024,通州,万达,101123663442,北京ONE 精装修大两居 次新社区房主自荐,379万,37682元/平,低楼层 (共31层) | 2021年 | 2室1厅 | 100.58平米 | 东,https://ke-image.ljcdn.com/110000-inspection/b4d5d889-5f23-4955-8f3f-5d2a9414dda2_1000.jpg!m_fill,w_280,h_210,f_jpg?from=ke.com
20241024,通州,万达,101123637550,通州万达+商务区 南北通透 两居室 方正户型,180万,25081元/平,顶层 (共6层) 2室1厅 | 71.77平米 | 南 北,https://ke-image.ljcdn.com/110000-inspection/9e4c1453-a0fe-4388-be88-d132e0bcb450_1000.jpg!m_fill,w_280,h_210,f_jpg?from=ke.com
20241024,通州,万达,101123585919,富力金禧花园 南向两居室 高楼层 视野开阔 无遮挡房主自荐,608万,67317元/平,中楼层 (共22层) | 2012年 | 2室1厅 | 90.32平米 | 南,https://ke-image.ljcdn.com/110000-inspection/1973b17a-3e2a-4362-953a-4957a8f9ef5d_1000.jpg!m_fill,w_280,h_210,f_jpg?from=ke.com
20241024,通州,万达,101123578767,万达商圈南北两居室距离永shun站269米（高德地图,205万,31774元/平,中楼层 (共6层) 2室1厅 | 64.52平米 | 南 北,https://ke-image.ljcdn.com/110000-inspection/145f70da-99f6-4b72-a6fc-7803bfc9680f_1000.jpg!m_fill,w_280,h_210,f_jpg?from=ke.com
20241024,通州,万达,101123572379,西营前街 位置好 配套齐全 业主诚心卖,215万,38593元/平,中楼层 (共6层) | 1981年 | 2室1厅 | 55.71平米 | 南 北,https://ke-image.ljcdn.com/110000-inspection/49ddf2b6-293d-4661-bbf7-2fd0437f50b4_1000.jpg!m_fill,w_280,h_210,f_jpg?from=ke.com
20241024,通州,万达,101123550527,红旗家属院 精装修 中间楼层 两居室 明厨明卫,222万,37318元/平,低楼层 (共6层) 2室1厅 | 59.49平米 | 南 北,https://ke-image.ljcdn.com/110000-inspection/f193bf1f-4cb9-4214-93c1-45f6686c3d1a_1000.jpg!m_fill,w_280,h_210,f_jpg?from=ke.com
20241024,通州,万达,101123485697,北人家园 满五年 次顶层 业主诚心出售,330万,44777元/平,高楼层 (共16层) | 2018年 | 2室1厅 | 73.7平米 | 南,https://ke-image.ljcdn.com/110000-inspection/a33f7465-56eb-4ca5-86c0-4004c28889ec_1000.jpg!m_fill,w_280,h_210,f_jpg?from=ke.com
20241024,通州,万达,101123475306,富力金禧花园 高楼层 正规2居室 精装修 临万达广场,515万,57879元/平,中楼层 (共18层) | 2013年 | 2室1厅 | 88.98平米 | 东北,https://ke-image.ljcdn.com/110000-inspection/f2cb254f-53dc-4695-8768-926d23002e3a_1000.jpg!m_fill,w_280,h_210,f_jpg?from=ke.com
20241024,通州,万达,101123474779,新华小区 6号地铁  通运门站 运河商务区,419万,39521元/平,中楼层 (共7层) 3室2厅 | 106.02平米 | 南 北,https://ke-image.ljcdn.com/110000-inspection/90d03d66-7c62-4602-b579-edbbd8ba8366_1000.jpg!m_fill,w_280,h_210,f_jpg?from=ke.com
20241024,通州,万达,101123457012,通州区万达商圈 达富雅园小区 中间楼层开间 无遮挡,240万,42675元/平,中楼层 (共6层) 1室0厅 | 56.24平米 | 南,https://ke-image.ljcdn.com/110000-inspection/0a5d8f63-c7f4-4909-b64d-ea19bf377aac_1000.jpg!m_fill,w_280,h_210,f_jpg?from=ke.com
20241024,通州,万达,101123445079,万达明厨明卫  南北双通透  配套齐全 人车分流,569万,61761元/平,低楼层 (共18层) | 2015年 | 2室2厅 | 92.13平米 | 南 北,https://ke-image.ljcdn.com/110000-inspection/9f28cf95-0361-42a8-af18-052fe8e29517_1000.jpg!m_fill,w_280,h_210,f_jpg?from=ke.com
20241024,通州,万达,101123389138,地铁22号线 运河商务区 精装东南向两居 视野采光好,581万,68905元/平,高楼层 (共24层) 2室1厅 | 84.32平米 | 东南,https://ke-image.ljcdn.com/110000-inspection/d596f49e-fca4-4556-a33d-132af7b6dd5a_1000.jpg!m_fill,w_280,h_210,f_jpg?from=ke.com
20241024,通州,万达,101123366524,北人家园北人2017年社区满五年视野宽阔无遮挡,265万,33519元/平,底层 (共27层) | 2018年 | 2室1厅 | 79.06平米 | 南 北,https://ke-image.ljcdn.com/110000-inspection/eb0a73b1-329d-4b4f-910f-9d896fad654e_1000.jpg!m_fill,w_280,h_210,f_jpg?from=ke.com
20241024,通州,万达,101123366430,新华小区 满五唯一 低楼层 两室一厅,290万,31437元/平,低楼层 (共6层) | 1999年 | 2室2厅 | 92.25平米 | 东 西,https://ke-image.ljcdn.com/110000-inspection/b18aa146-d155-4896-a4ff-cd08c587cac0_1000.jpg!m_fill,w_280,h_210,f_jpg?from=ke.com
20241024,通州,万达,101123323906,商圈首看！怡佳家园 大三居 业主诚心在售,550万,42127元/平,高楼层 (共28层) | 2002年 | 3室2厅 | 130.56平米 | 西南,https://ke-image.ljcdn.com/110000-inspection/d3962f57-48be-4a42-bc76-74ffeb8e2b61_1000.jpg!m_fill,w_280,h_210,f_jpg?from=ke.com
20241024,通州,万达,101123316206,新华路口 京杭府 看房方便 价格可谈 业主诚意出售,820万,52531元/平,低楼层 (共36层) | 2014年 | 2室1厅 | 156.1平米 | 南 北,https://ke-image.ljcdn.com/110000-inspection/6b6cde5e-dd41-441f-9695-8d4cb466f926_1000.jpg!m_fill,w_280,h_210,f_jpg?from=ke.com
20241024,通州,万达,101123287793,北京ONE 恒温恒湿恒氧 科技住宅 小户型,319万,40370元/平,中楼层 (共31层) | 2021年 | 1室1厅 | 79.02平米 | 西,https://ke-image.ljcdn.com/110000-inspection/ab1e55b2-ef3a-41c4-a04a-a66ba08e8617_1000.jpg!m_fill,w_280,h_210,f_jpg?from=ke.com
20241024,通州,万达,101123273648,东营前街低成本的两居室南北通透配套完善,179万,26669元/平,顶层 (共6层) 2室1厅 | 67.12平米 | 南 北,https://ke-image.ljcdn.com/110000-inspection/0b46502f-a6bd-4876-b712-1389230eb85a_1000.jpg!m_fill,w_280,h_210,f_jpg?from=ke.com
20241024,通州,万达,101123220566,中仓小区 南北通透两居室 楼层低 采光好,257万,40094元/平,中楼层 (共5层) 2室1厅 | 64.1平米 | 南 北,https://ke-image.ljcdn.com/110000-inspection/0bca7b84-ae97-4c4a-83ee-ea0ac901ffe0_1000.jpg!m_fill,w_280,h_210,f_jpg?from=ke.com
20241024,通州,万达,101123206538,水月院胡同南北通透采光好优质三居,305万,37594元/平,高楼层 (共6层) 3室1厅 | 81.13平米 | 北 南,https://ke-image.ljcdn.com/110000-inspection/eae6e46a-bd7e-41c8-8445-c90775875fcb_1000.jpg!m_fill,w_280,h_210,f_jpg?from=ke.com
20241024,通州,万达,101123181863,北小园 南北通透 中楼层 精装修 只有契税,380万,43271元/平,中楼层 (共6层) 2室1厅 | 87.82平米 | 南 北,https://ke-image.ljcdn.com/110000-inspection/99b2f8bc-8f9a-4f7c-9103-7ee7983e7b73_1000.jpg!m_fill,w_280,h_210,f_jpg?from=ke.com
20241024,通州,万达,101123138370,东营前街2001年房龄南北通透社区已经改造,262万,37917元/平,中楼层 (共6层) 2室1厅 | 69.1平米 | 南 北,https://ke-image.ljcdn.com/110000-inspection/f96dabd4-5610-41d8-92ae-ac16913de1d7_1000.jpg!m_fill,w_280,h_210,f_jpg?from=ke.com
20241024,通州,万达,101123132316,新华小区 运河商务区 板楼社区 出行方便,365万,37919元/平,高楼层 (共6层) | 1999年 | 2室2厅 | 96.26平米 | 南 北,https://ke-image.ljcdn.com/110000-inspection/dd0ddc89-2e3d-493a-8fc8-d21a59d80a47_1000.jpg!m_fill,w_280,h_210,f_jpg?from=ke.com
20241024,通州,万达,101123055063,南小园精装三居 南北通透适合一家人,290万,33303元/平,顶层 (共6层) 3室1厅 | 87.08平米 | 南 北,https://ke-image.ljcdn.com/110000-inspection/pc1_3wd025d2P_1.jpg!m_fill,w_280,h_210,f_jpg?from=ke.com
20241024,通州,万达,101123049704,北人家园 2室0厅 南,295万,40456元/平,低楼层 (共16层) 2室0厅 | 72.92平米 | 南,https://ke-image.ljcdn.com/110000-inspection/67dd4a19-5e74-46fb-a808-ceeeea11c3a1_1000.jpg!m_fill,w_280,h_210,f_jpg?from=ke.com
20241024,通州,万达,101123040114,富力金禧花园 正规两居室 精装修,538万,60464元/平,高楼层 (共18层) | 2013年 | 2室1厅 | 88.98平米 | 南 西 北,https://ke-image.ljcdn.com/110000-inspection/9201f0cb-3f7e-4eea-ad1e-d0323498e6d8_1000.jpg!m_fill,w_280,h_210,f_jpg?from=ke.com
20241024,通州,万达,101122959246,天桥湾小区 正规三居 低楼层 交通生活便利,410万,41752元/平,低楼层 (共6层) 3室1厅 | 98.2平米 | 南 北,https://ke-image.ljcdn.com/110000-inspection/8ace80e6-8f5d-4649-8e16-c4860be9dbc8_1000.jpg!m_fill,w_280,h_210,f_jpg?from=ke.com
20241024,通州,万达,101122908591,中仓小区 南北通透二居室 采光视野好 诚心出售,260万,40651元/平,高楼层 (共6层) 2室1厅 | 63.96平米 | 南 北,https://ke-image.ljcdn.com/110000-inspection/8b0265a6-0581-466a-966a-726dcac15254_1000.jpg!m_fill,w_280,h_210,f_jpg?from=ke.com
20241024,通州,万达,101122715258,车站路小区的优秀卖点还有户型介绍小区介绍,262万,34915元/平,顶层 (共6层) 2室1厅 | 75.04平米 | 南 北,https://ke-image.ljcdn.com/110000-inspection/f7780a2c-5c89-4752-8114-efc2995dc0ed_1000.jpg!m_fill,w_280,h_210,f_jpg?from=ke.com
20241024,通州,万达,101122685591,北京ONE大三居 单价低 高科技住宅,685万,35517元/平,顶层 (共26层) 3室2厅 | 192.87平米 | 南 北,https://ke-image.ljcdn.com/110000-inspection/3790f392-a8c8-4b6d-beae-e1018f30773d_1000.jpg!m_fill,w_280,h_210,f_jpg?from=ke.com
20241024,通州,万达,101122667143,新华西街55号 无遮挡 无抵押 通透户型 生活配合齐全,185万,33674元/平,高楼层 (共6层) 2室1厅 | 54.94平米 | 南 北,https://ke-image.ljcdn.com/110000-inspection/87ac3ec9-8806-416a-9cc8-514f3a8b0cf5_1000.jpg!m_fill,w_280,h_210,f_jpg?from=ke.com
20241024,通州,万达,101122629895,北人家园 南北朝向 卫生间带窗 满五 唯一,325万,41270元/平,中楼层 (共27层) | 2018年 | 2室1厅 | 78.75平米 | 南 北,https://ke-image.ljcdn.com/110000-inspection/ad54f463-f5ca-4406-ac05-e4b040d412d3_1000.jpg!m_fill,w_280,h_210,f_jpg?from=ke.com
20241024,通州,万达,101122595072,此房满五年三居室南北通透高楼层户型出房少,890万,67939元/平,高楼层 (共27层) | 2015年 | 3室2厅 | 131平米 | 南 北,https://ke-image.ljcdn.com/110000-inspection/c91f85ba-4ccd-45e6-97eb-f542cd8538f6_1000.jpg!m_fill,w_280,h_210,f_jpg?from=ke.com
20241024,通州,万达,101122561349,新华小区 满五唯一 精装修 2居室 近地铁,230万,39492元/平,底层 (共7层) 2室1厅 | 58.24平米 | 南 北,https://ke-image.ljcdn.com/110000-inspection/6ef2e772-c022-4cc7-be48-79f73652a8f4_1000.jpg!m_fill,w_280,h_210,f_jpg?from=ke.com
20241024,通州,万达,101122359919,中仓小区  满五唯一 户型方正 业主诚心出售房主自荐,215万,31558元/平,高楼层 (共6层) 2室1厅 | 68.13平米 | 南 北,https://ke-image.ljcdn.com/110000-inspection/6adc69f0-98e4-4be8-9c72-cf290d15db59_1000.jpg!m_fill,w_280,h_210,f_jpg?from=ke.com
20241024,通州,万达,101122316833,天桥湾 出门西海子公园  地铁6号线,190万,37917元/平,中楼层 (共5层) 2室1厅 | 50.11平米 | 东北,https://ke-image.ljcdn.com/110000-inspection/5395071e-0470-4137-adb5-e9c5f244964c_1000.jpg!m_fill,w_280,h_210,f_jpg?from=ke.com
20241024,通州,万达,101121919486,京澜誉府 万达商圈 明厨明卫 三阳开泰,640万,52451元/平,底层 (共18层) | 2022年 | 3室1厅 | 122.02平米 | 南 北,https://ke-image.ljcdn.com/110000-inspection/d554c65c-5b11-455e-87b3-4fcc81b0f756_1000.jpg!m_fill,w_280,h_210,f_jpg?from=ke.com
20241024,通州,万达,101121913956,世图印刷厂家属院 南北两居室大客厅不临街,249万,26844元/平,顶层 (共6层) 2室2厅 | 92.76平米 | 南 北,https://ke-image.ljcdn.com/110000-inspection/53253244-51ad-46fe-b60b-fe5c27531eec_1000.jpg!m_fill,w_280,h_210,f_jpg?from=ke.com
20241024,通州,万达,101121447619,此房满五唯一 南北通透 格局合理配套齐全 采光充足房主自荐,298万,30942元/平,顶层 (共6层) 2室2厅 | 96.31平米 | 南 北,https://ke-image.ljcdn.com/110000-inspection/45fe1242-5281-4771-adc2-0ed2598db101_1000.jpg!m_fill,w_280,h_210,f_jpg?from=ke.com
20241024,通州,万达,101121252412,富力金禧花园业主诚心出售看房提前联系就行房主自荐,537万,61114元/平,顶层 (共27层) | 2015年 | 2室1厅 | 87.87平米 | 东南,https://ke-image.ljcdn.com/110000-inspection/16003465-4932-439b-97a8-89306ad5e986_1000.jpg!m_fill,w_280,h_210,f_jpg?from=ke.com
20241024,通州,万达,101120917068,富力金禧花园  正规两居室 客厅带阳台 一层,620万,68843元/平,底层 (共27层) | 2015年 | 2室2厅 | 90.06平米 | 东南,https://ke-image.ljcdn.com/110000-inspection/200e1891-288d-4f1c-bc17-82ba0ab37053_1000.jpg!m_fill,w_280,h_210,f_jpg?from=ke.com
20241024,通州,万达,101120807025,北京ONE 大三居 楼层好 采光充足 诚心出售,690万,35776元/平,高楼层 (共26层) | 2020年 | 3室1厅 | 192.87平米 | 南 北,https://ke-image.ljcdn.com/110000-inspection/6da743f7-de18-402c-b173-6942295124ad_1000.jpg!m_fill,w_280,h_210,f_jpg?from=ke.com
20241024,通州,万达,101120285365,鼎晟国际 正规两居  业主诚意出售,465万,47527元/平,高楼层 (共24层) | 2006年 | 2室2厅 | 97.84平米 | 东南,https://ke-image.ljcdn.com/110000-inspection/cb138723-4542-457a-83ff-e1c738868806_1000.jpg!m_fill,w_280,h_210,f_jpg?from=ke.com
20241024,通州,万达,101120029958,满五唯一楼龄新小区安静2002年建成,235万,35065元/平,底层 (共6层) | 2002年 | 2室1厅 | 67.02平米 | 南 北,https://ke-image.ljcdn.com/110000-inspection/601bc518-f603-4804-b4e4-6250d6507b94_1000.jpg!m_fill,w_280,h_210,f_jpg?from=ke.com
20241024,通州,万达,101120020416,帅府园二期精装三居室南北3居室随时签约房主自荐,950万,60456元/平,低楼层 (共21层) 3室1厅 | 157.14平米 | 南 北,https://ke-image.ljcdn.com/110000-inspection/f80c1502-81a1-4b6a-995e-52f7ef0cdd6c_1000.jpg!m_fill,w_280,h_210,f_jpg?from=ke.com
20241024,通州,万达,101119753086,西营前街 1室1厅 南,345万,54815元/平,低楼层 (共6层) 1室1厅 | 62.94平米 | 南,https://ke-image.ljcdn.com/110000-inspection/pc1_XsCIhEphd.jpg!m_fill,w_280,h_210,f_jpg?from=ke.com
20241024,通州,万达,101119716501,东营前街正规两居室低楼层看房随时,300万,36783元/平,低楼层 (共6层) 3室1厅 | 81.56平米 | 南 北,https://ke-image.ljcdn.com/110000-inspection/c27b2042-c9d0-4d15-9877-fbcdebd37e7a_1000.jpg!m_fill,w_280,h_210,f_jpg?from=ke.com
20241024,通州,万达,101119716205,水月院 2室2厅 南 北,399万,42000元/平,高楼层 (共6层) 2室2厅 | 95平米 | 南 北,https://ke-image.ljcdn.com/110000-inspection/6050a8e0-5e66-47cb-8431-f13b3ab47bc7_1000.jpg!m_fill,w_280,h_210,f_jpg?from=ke.com
20241024,通州,万达,101119703596,中仓小区 满五唯一 采光视野好 诚心出售 南北通透三居,340万,35099元/平,中楼层 (共5层) 3室1厅 | 96.87平米 | 南 北,https://ke-image.ljcdn.com/110000-inspection/9c1e74f0-7a43-407e-8513-77ca14c455a4_1000.jpg!m_fill,w_280,h_210,f_jpg?from=ke.com
20241024,通州,万达,101119504047,北人家园正规2居室南北通透价格可谈,335万,42779元/平,低楼层 (共27层) 2室1厅 | 78.31平米 | 南 北,https://ke-image.ljcdn.com/110000-inspection/pc1_FtoVO7NbQ_1.jpg!m_fill,w_280,h_210,f_jpg?from=ke.com
20241024,通州,万达,101119484768,新华小区南北通透大两居户型方正。,310万,31933元/平,底层 (共6层) 2室1厅 | 97.08平米 | 南 北,https://ke-image.ljcdn.com/110000-inspection/0a157efb-e900-4397-9432-348032400647_1000.jpg!m_fill,w_280,h_210,f_jpg?from=ke.com
20241024,通州,万达,101119218853,新华东街 经典两居 业主诚心出售 看房提前联系,220万,35519元/平,高楼层 (共6层) 2室1厅 | 61.94平米 | 南,https://ke-image.ljcdn.com/110000-inspection/5a398977-46cf-4599-86bc-36e71ed981bd_1000.jpg!m_fill,w_280,h_210,f_jpg?from=ke.com
20241024,通州,万达,101127239365,新城东里 1室1厅 南,189万,49921元/平,顶层 (共6层) 1室1厅 | 37.86平米 | 南,https://ke-image.ljcdn.com/110000-inspection/86d8e5cc-40dd-4209-ac5a-1537a37a7b9c_1000.jpg!m_fill,w_280,h_210,f_jpg?from=ke.com
20241024,通州,万达,101127195373,万达商圈 电梯房两居 双地铁 采光好 视野宽阔,335万,34644元/平,中楼层 (共28层) | 2002年 | 2室1厅 | 96.7平米 | 东北,https://ke-image.ljcdn.com/110000-inspection/0466228c-0441-4e5f-8467-7acdf66b8f71_1000.jpg!m_fill,w_280,h_210,f_jpg?from=ke.com
20241024,通州,万达,101127188412,东方生活区 2室1厅 南 北新上,185万,33172元/平,中楼层 (共5层) 2室1厅 | 55.77平米 | 南 北,https://ke-image.ljcdn.com/110000-inspection/f71c772f-4612-4779-ac5d-5cc1bc3112fd_1000.jpg!m_fill,w_280,h_210,f_jpg?from=ke.com
20241024,通州,万达,101127161970,满五年唯一住房 标准大两居 户型方正 业主诚心出售新上,320万,34413元/平,低楼层 (共18层) | 2002年 | 2室1厅 | 92.99平米 | 东,https://ke-image.ljcdn.com/110000-inspection/pc1_GFtmEg6V5.jpg!m_fill,w_280,h_210,f_jpg?from=ke.com
20241024,通州,万达,101127148717,东方生活区 正规两居室 满五唯一 靠谱卖新上,185万,28975元/平,顶层 (共5层) 2室1厅 | 63.85平米 | 南 北,https://ke-image.ljcdn.com/110000-inspection/a3f12b1c-1b83-4f1d-8ad9-8a9837f6b8ec_1000.jpg!m_fill,w_280,h_210,f_jpg?from=ke.com
20241024,通州,万达,101127148477,中仓小区 南北通透 视野好 采光好 不临街 诚心卖新上,235万,34493元/平,高楼层 (共6层) | 1992年 | 2室1厅 | 68.13平米 | 南 北,https://ke-image.ljcdn.com/110000-inspection/61c48e51-0f93-4aab-a6e5-52aade4338dc_1000.jpg!m_fill,w_280,h_210,f_jpg?from=ke.com
20241024,通州,万达,101127142672,好户型 精装修20万 南北2居室 满2年原300万新上,268万,38177元/平,高楼层 (共6层) 2室1厅 | 70.2平米 | 南 北,https://ke-image.ljcdn.com/110000-inspection/5d21bdc5-97c2-4cb3-a611-753e46b5efba_1000.jpg!m_fill,w_280,h_210,f_jpg?from=ke.com
20241024,通州,万达,101127134516,富力金禧花园 板楼四居室 高得房率户型 一梯三户新上,950万,65581元/平,中楼层 (共10层) 4室2厅 | 144.86平米 | 南 北,https://ke-image.ljcdn.com/110000-inspection/19c94c0f-32ee-4ad1-9dfd-93f0b77a642f_1000.jpg!m_fill,w_280,h_210,f_jpg?from=ke.com
20241024,通州,万达,101127132691,玉带河西街30号楼南北两居室诚心出售新上,265万,33707元/平,高楼层 (共6层) 2室1厅 | 78.62平米 | 南 北,https://ke-image.ljcdn.com/110000-inspection/ade47259-89a0-4916-a8a4-92596cb48da0_1000.jpg!m_fill,w_280,h_210,f_jpg?from=ke.com
20241024,通州,万达,101127131928,富力金禧花园 2室1厅 东南新上,498万,56869元/平,低楼层 (共22层) | 2012年 | 2室1厅 | 87.57平米 | 东南,https://ke-image.ljcdn.com/110000-inspection/3de73853-c497-4aa9-a0ae-6320f8491050_1000.jpg!m_fill,w_280,h_210,f_jpg?from=ke.com
20241024,通州,万达,101127130227,中山街  电梯大平层 中间层 采光充足新上,650万,34851元/平,中楼层 (共26层) | 2020年 | 3室1厅 | 186.51平米 | 东 南 北,https://ke-image.ljcdn.com/110000-inspection/0c8d1112-d319-4f38-ae77-fee0fa7d4363_1000.jpg!m_fill,w_280,h_210,f_jpg?from=ke.com
20241024,通州,万达,101127125175,南向阳光两居 电梯高层 视野好 采光好新上,360万,44888元/平,高楼层 (共27层) | 2018年 | 2室1厅 | 80.2平米 | 南,https://ke-image.ljcdn.com/110000-inspection/c0f6a122-d284-4fd7-af0f-146008cf4e0c_1000.jpg!m_fill,w_280,h_210,f_jpg?from=ke.com
20241024,通州,万达,101127113530,新华大街 车站路 精装2居室 户型方正 格局合理新上,179万,29814元/平,高楼层 (共6层) 2室1厅 | 60.04平米 | 南 北,https://ke-image.ljcdn.com/110000-inspection/5dd2aefc-ae3b-47dc-b547-3d23f7cf8e92_1000.jpg!m_fill,w_280,h_210,f_jpg?from=ke.com
20241024,通州,万达,101127111478,天桥湾 3室2厅 南新上,319万,29937元/平,顶层 (共6层) | 1996年 | 3室2厅 | 106.56平米 | 南,https://ke-image.ljcdn.com/110000-inspection/5bf11a8d-d043-49f5-aae2-183376a75c4a_1000.jpg!m_fill,w_280,h_210,f_jpg?from=ke.com
20241024,通州,万达,101127104903,新华西街 中山街 首师大 精装三居室 南北通透新上,485万,44920元/平,顶层 (共6层) 3室1厅 | 107.97平米 | 南 北,https://ke-image.ljcdn.com/110000-inspection/4cd55733-62ad-43eb-ab18-bbfb5c78008b_1000.jpg!m_fill,w_280,h_210,f_jpg?from=ke.com
20241024,通州,万达,101127093946,中仓小区精装修一居室南北通透户型方正。新上,199万,37869元/平,中楼层 (共6层) 1室1厅 | 52.55平米 | 南 北,https://ke-image.ljcdn.com/110000-inspection/22f99c04-e1c0-4a9a-907e-b0ddc0ebce4b_1000.jpg!m_fill,w_280,h_210,f_jpg?from=ke.com
20241024,通州,万达,101127078256,保利大都汇 近地铁 双窗通风 有身份z就可买,225万,43412元/平,高楼层 (共18层) | 2017年 | 1室1厅 | 51.83平米 | 西 北,https://ke-image.ljcdn.com/110000-inspection/da30b63b-04d5-48c7-8fe5-f5d83f467cbd_1000.jpg!m_fill,w_280,h_210,f_jpg?from=ke.com
20241024,通州,万达,101127076155,帅府园 2室1厅 南 北新上,300万,50995元/平,底层 (共6层) 2室1厅 | 58.83平米 | 南 北,https://ke-image.ljcdn.com/110000-inspection/08d840d2-52b9-4881-873a-c6f9e4f53979_1000.jpg!m_fill,w_280,h_210,f_jpg?from=ke.com
20241024,通州,万达,101127065123,新华小区 2室1厅 东 西,238万,33507元/平,中楼层 (共7层) 2室1厅 | 71.03平米 | 东 西,https://ke-image.ljcdn.com/110000-inspection/pc1_zD8RGppbN_1.jpg!m_fill,w_280,h_210,f_jpg?from=ke.com
20241024,通州,万达,101127060867,新华小区 中间层一居室 全明户型,194万,28754元/平,中楼层 (共6层) 1室1厅 | 67.47平米 | 东南,https://ke-image.ljcdn.com/110000-inspection/463d96a4-844f-4b8c-a969-5bf748be9b5c_1000.jpg!m_fill,w_280,h_210,f_jpg?from=ke.com
20241024,通州,万达,101127052225,东营前街 方正户型 采光好 视野佳 满五年唯一房主自荐,190万,26829元/平,顶层 (共6层) 3室1厅 | 70.82平米 | 西南,https://ke-image.ljcdn.com/110000-inspection/29b3754e-1962-4aa6-8c43-34a60a478610_1000.jpg!m_fill,w_280,h_210,f_jpg?from=ke.com
20241024,通州,万达,101127051777,新华东街 2室2厅 南 北,210万,24360元/平,顶层 (共5层) 2室2厅 | 86.21平米 | 南 北,https://ke-image.ljcdn.com/110000-inspection/978a9a68-6c0e-47bf-aad6-8001b0ab0634_1000.jpg!m_fill,w_280,h_210,f_jpg?from=ke.com
20241024,通州,万达,101127051227,东营前街 1室1厅 东北,197万,33544元/平,高楼层 (共6层) 1室1厅 | 58.73平米 | 东北,https://ke-image.ljcdn.com/110000-inspection/pc1_whZiKAjk6_1.jpg!m_fill,w_280,h_210,f_jpg?from=ke.com
20241024,通州,万达,101127050214,新华小区 不临街 满五年唯一 业主诚心出售,260万,36948元/平,中楼层 (共7层) 2室1厅 | 70.37平米 | 南 北,https://ke-image.ljcdn.com/110000-inspection/28f1a6e2-9127-4282-9990-a52e49d3268c_1000.jpg!m_fill,w_280,h_210,f_jpg?from=ke.com
20241024,通州,万达,101127044339,后南仓 南北精装三居 采光充足,268万,37536元/平,高楼层 (共6层) | 1986年 | 2室1厅 | 71.4平米 | 南 北,https://ke-image.ljcdn.com/110000-inspection/f4826727-47c7-4422-9a16-2496aa76d37f_1000.jpg!m_fill,w_280,h_210,f_jpg?from=ke.com
20241024,通州,万达,101127037433,皓月苑 满五唯一 有钥匙 靠谱,219万,32046元/平,低楼层 (共6层) | 2002年 | 2室1厅 | 68.34平米 | 南 北,https://ke-image.ljcdn.com/110000-inspection/pc1_JjxcjMG90_1.jpg!m_fill,w_280,h_210,f_jpg?from=ke.com
20241024,通州,万达,101127037436,万达商圈  怡佳家园 电梯房两居 东南向 满五年,398万,39093元/平,高楼层 (共28层) | 2002年 | 2室2厅 | 101.81平米 | 东南,https://ke-image.ljcdn.com/110000-inspection/ea534c95-bdde-42c0-af44-faf443e33533_1000.jpg!m_fill,w_280,h_210,f_jpg?from=ke.com
20241024,通州,万达,101127013938,世图印刷厂宿舍南北通透观河两居中间楼层,300万,32514元/平,中楼层 (共6层) 2室1厅 | 92.27平米 | 南 北,https://ke-image.ljcdn.com/110000-inspection/165c60e5-4c6e-41ef-a3c9-e592fd517cb7_1000.jpg!m_fill,w_280,h_210,f_jpg?from=ke.com
20241024,通州,万达,101126990683,玉带河西街 2室1厅 南 北,310万,35633元/平,低楼层 (共6层) 2室1厅 | 87平米 | 南 北,https://ke-image.ljcdn.com/110000-inspection/4c8fd571-3a8d-41f8-adc8-7b053eb0e6ec_1000.jpg!m_fill,w_280,h_210,f_jpg?from=ke.com
20241024,通州,万达,101126988251,富力金禧花园 2室2厅 东南,610万,69437元/平,底层 (共18层) | 2013年 | 2室2厅 | 87.85平米 | 东南,https://ke-image.ljcdn.com/110000-inspection/a54fe63e-42ba-4329-aa0f-5f3aa7dd91a5_1000.jpg!m_fill,w_280,h_210,f_jpg?from=ke.com
20241024,通州,万达,101126975238,新城东里 3室1厅 南 北,279万,49233元/平,中楼层 (共5层) 3室1厅 | 56.67平米 | 南 北,https://ke-image.ljcdn.com/110000-inspection/d8aac0c7-0181-4a40-a7f7-a256ff03b607_1000.jpg!m_fill,w_280,h_210,f_jpg?from=ke.com
20241024,通州,万达,101126968142,西营前街 供电局大院 舒服大三居 视野开阔 采光好,318万,27306元/平,顶层 (共6层) 3室2厅 | 116.46平米 | 南 北,https://ke-image.ljcdn.com/110000-inspection/17ece64d-97fe-403d-bbab-3fd5a8377bc5_1000.jpg!m_fill,w_280,h_210,f_jpg?from=ke.com
20241024,通州,万达,101126949733,房子南北通透格局户型方正采光和通风好交通便利,205万,31783元/平,顶层 (共6层) | 1990年 | 2室1厅 | 64.5平米 | 南 北,https://ke-image.ljcdn.com/110000-inspection/pc1_CjJPkM68s_1.jpg!m_fill,w_280,h_210,f_jpg?from=ke.com
20241024,通州,万达,101126926285,如意园 2室1厅 东南 西北,280万,37454元/平,中楼层 (共6层) 2室1厅 | 74.76平米 | 东南 西北,https://ke-image.ljcdn.com/110000-inspection/7858876d-d8a3-4283-afc4-47efad18fe64_1000.jpg!m_fill,w_280,h_210,f_jpg?from=ke.com
20241024,通州,万达,101126925721,中仓小区 2室2厅 南 北,330万,38592元/平,中楼层 (共6层) 2室2厅 | 85.51平米 | 南 北,https://ke-image.ljcdn.com/110000-inspection/pc1_lOgC24hb1_1.jpg!m_fill,w_280,h_210,f_jpg?from=ke.com
20241024,通州,万达,101126901171,红旗家属院  南北通透 正规两居室 满五年拎包入住,355万,50177元/平,中楼层 (共6层) 2室1厅 | 70.75平米 | 南 北,https://ke-image.ljcdn.com/110000-inspection/acea99a6-dc03-4a7e-97b1-50feb89af9a0_1000.jpg!m_fill,w_280,h_210,f_jpg?from=ke.com
20241024,通州,万达,101126898829,皓月苑 改造完社区 复式结构 靠谱卖房主自荐,235万,27361元/平,顶层 (共6层) | 2002年 | 2室1厅 | 85.89平米 | 南 北,https://ke-image.ljcdn.com/110000-inspection/43d684fc-1272-46a0-83ac-5ed7482306e2_1000.jpg!m_fill,w_280,h_210,f_jpg?from=ke.com
20241024,通州,万达,101126890056,首师大带电梯高品质社区低单价,465万,30998元/平,低楼层 (共36层) | 2021年 | 3室2厅 | 150.01平米 | 西,https://ke-image.ljcdn.com/110000-inspection/60240b46-a48b-419a-afe7-00c820a19f38_1000.jpg!m_fill,w_280,h_210,f_jpg?from=ke.com
20241024,通州,万达,101126888864,周仓庵胡同 2室1厅 南 北,199万,35999元/平,低楼层 (共6层) 2室1厅 | 55.28平米 | 南 北,https://ke-image.ljcdn.com/110000-inspection/e2cb125f-786f-4dab-9084-84a312230612_1000.jpg!m_fill,w_280,h_210,f_jpg?from=ke.com
20241024,通州,万达,101126878547,金帅府家园+中山街+首诗附+诚意出,350万,65667元/平,中楼层 (共21层) | 2015年 | 1室0厅 | 53.3平米 | 南,https://ke-image.ljcdn.com/110000-inspection/73a0b655-8fbc-481e-b44c-a9dfebcdef74_1000.jpg!m_fill,w_280,h_210,f_jpg?from=ke.com
20241024,通州,万达,101126873497,中仓小区 中间楼层南北三居 不临街 看房提前约,339万,34820元/平,中楼层 (共6层) | 1991年 | 3室1厅 | 97.36平米 | 南 北,https://ke-image.ljcdn.com/110000-inspection/pc1_5gJDgMoUK_1.jpg!m_fill,w_280,h_210,f_jpg?from=ke.com
20241024,通州,万达,101126871554,达富雅园位置好生活成本低停车便利房主自荐,206万,38127元/平,高楼层 (共6层) | 2004年 | 1室1厅 | 54.03平米 | 南,https://ke-image.ljcdn.com/110000-inspection/pc1_k4fktWlFJ_1.jpg!m_fill,w_280,h_210,f_jpg?from=ke.com
20241024,通州,万达,101126869083,中仓小区 2室1厅 南 北,210万,32731元/平,中楼层 (共6层) 2室1厅 | 64.16平米 | 南 北,https://ke-image.ljcdn.com/110000-inspection/2ae41023-14a9-4e6c-8793-d661d5634af3_1000.jpg!m_fill,w_280,h_210,f_jpg?from=ke.com
20241024,通州,万达,101126865167,鼎晟国际 2室1厅 南 北,499万,54721元/平,中楼层 (共11层) | 2004年 | 2室1厅 | 91.19平米 | 南 北,https://ke-image.ljcdn.com/110000-inspection/f7ad6298-9370-44fc-8fe4-e12e44679fcc_1000.jpg!m_fill,w_280,h_210,f_jpg?from=ke.com
20241024,通州,万达,101126861532,正常卖房新城东里潞河中距离近,249万,47348元/平,中楼层 (共6层) 2室1厅 | 52.59平米 | 南,https://ke-image.ljcdn.com/110000-inspection/264738e9-feb0-4e6f-a107-f2213a267ed8_1000.jpg!m_fill,w_280,h_210,f_jpg?from=ke.com
20241024,通州,万达,101126825452,新华南路 三层 正规两居室 南北通透 满五年 急售,190万,31478元/平,中楼层 (共6层) | 1984年 | 2室1厅 | 60.36平米 | 南 北,https://ke-image.ljcdn.com/110000-inspection/e49dd55f-4138-4441-a7d0-aa5d448f0f43_1000.jpg!m_fill,w_280,h_210,f_jpg?from=ke.com
20241024,通州,万达,101126795858,西营前街改造院里 少有大三居 精装修 全明户型,308万,30205元/平,高楼层 (共6层) | 1997年 | 3室1厅 | 101.97平米 | 南 北,https://ke-image.ljcdn.com/110000-inspection/pc1_pILx2nIcp_1.jpg!m_fill,w_280,h_210,f_jpg?from=ke.com
20241024,通州,万达,101126780969,摩卡空间  电梯两居室 中间楼层 视野好,345万,40994元/平,中楼层 (共17层) 2室1厅 | 84.16平米 | 东北,https://ke-image.ljcdn.com/110000-inspection/d29084ec-e4ed-474d-98ed-3ffdeb3a2d29_1000.jpg!m_fill,w_280,h_210,f_jpg?from=ke.com
20241024,通州,万达,101126757058,保利大都汇 精装修 业主诚心出售,200万,37538元/平,低楼层 (共22层) | 2017年 | 1室1厅 | 53.28平米 | 东南,https://ke-image.ljcdn.com/110000-inspection/43feb1af-31d0-4645-a83e-688f7248e2cf_1000.jpg!m_fill,w_280,h_210,f_jpg?from=ke.com
20241024,通州,万达,101126752459,新仓路 鼎晟国际 南北通透 采光好,459万,49039元/平,中楼层 (共12层) 2室1厅 | 93.6平米 | 南 北,https://ke-image.ljcdn.com/110000-inspection/37b9124e-0f52-450b-b713-ef9634981a8c_1000.jpg!m_fill,w_280,h_210,f_jpg?from=ke.com
20241024,通州,万达,101126744025,2018年房龄南向采光好高层视野开阔精装修,325万,40524元/平,高楼层 (共27层) | 2018年 | 2室1厅 | 80.2平米 | 南,https://ke-image.ljcdn.com/110000-inspection/pc1_hFZDcmhgi_1.jpg!m_fill,w_280,h_210,f_jpg?from=ke.com
20241024,通州,万达,101126717233,中仓小区少有小三居 南北东方正户型 采光好 诚心卖房主自荐,335万,42002元/平,中楼层 (共6层) 3室1厅 | 79.76平米 | 南 北 东,https://ke-image.ljcdn.com/110000-inspection/975a1a88-11ee-4ad2-b970-c8f3b8a80d4c_1000.jpg!m_fill,w_280,h_210,f_jpg?from=ke.com
20241024,通州,万达,101126703827,摩卡空间 电梯 两居室 采光好 精装修 可观景,365万,50730元/平,低楼层 (共17层) 2室2厅 | 71.95平米 | 西南,https://ke-image.ljcdn.com/110000-inspection/7b19a324-c9e1-4292-b80c-b3f0c2a65a3c_1000.jpg!m_fill,w_280,h_210,f_jpg?from=ke.com
20241024,通州,万达,101126690587,6号线地铁南向落地窗保利大都汇,190万,36013元/平,顶层 (共18层) | 2017年 | 1室1厅 | 52.76平米 | 南,https://ke-image.ljcdn.com/110000-inspection/def36f21-0e15-4c0f-99a4-e19f4a37fc0b_1000.jpg!m_fill,w_280,h_210,f_jpg?from=ke.com
20241024,通州,万达,101126672274,北关中学 2室2厅 东 西,248万,29003元/平,低楼层 (共6层) | 2000年 | 2室2厅 | 85.51平米 | 东 西,https://ke-image.ljcdn.com/110000-inspection/ad8293c1-fd10-44fd-8633-77fca524df51_1000.jpg!m_fill,w_280,h_210,f_jpg?from=ke.com
20241024,通州,万达,101126671371,新城东里 此房楼层低南向 采光好透亮 潞河 方正,225万,44414元/平,底层 (共5层) 2室1厅 | 50.66平米 | 南,https://ke-image.ljcdn.com/110000-inspection/79794b1c-fae5-436a-bb80-8482f7e75435_1000.jpg!m_fill,w_280,h_210,f_jpg?from=ke.com
20241024,通州,万达,101126670336,达富雅园 3室1厅 东 西,389万,41379元/平,中楼层 (共6层) 3室1厅 | 94.01平米 | 东 西,https://ke-image.ljcdn.com/110000-inspection/99b44604-6df8-4014-956a-cb51e360fdcd_1000.jpg!m_fill,w_280,h_210,f_jpg?from=ke.com
20241024,通州,万达,101126658673,新城南关31号旁门 南北通透低楼层两居室 适合带老,338万,42731元/平,低楼层 (共6层) 2室1厅 | 79.1平米 | 南 北,https://ke-image.ljcdn.com/110000-inspection/pc1_NqjP5ilb9_1.jpg!m_fill,w_280,h_210,f_jpg?from=ke.com
20241024,通州,万达,101126654625,帅府园 2室1厅 南 北,247万,45522元/平,顶层 (共6层) | 1993年 | 2室1厅 | 54.26平米 | 南 北,https://ke-image.ljcdn.com/110000-inspection/776cf7e7-9b6e-4a24-a8ff-3cd8596d7aa2_1000.jpg!m_fill,w_280,h_210,f_jpg?from=ke.com
20241024,通州,万达,101126652044,帅府园 2室1厅 东 西,410万,48372元/平,中楼层 (共6层) 2室1厅 | 84.76平米 | 东 西,https://ke-image.ljcdn.com/110000-inspection/16ee31cc-0d12-4e98-98dc-aa87b5dde6be_1000.jpg!m_fill,w_280,h_210,f_jpg?from=ke.com
20241024,通州,万达,101126616889,后南仓 1室1厅 北 南,195万,38954元/平,顶层 (共6层) 1室1厅 | 50.06平米 | 北 南,https://ke-image.ljcdn.com/110000-inspection/3eda880e-7814-4ddd-a79c-0213207c5849_1000.jpg!m_fill,w_280,h_210,f_jpg?from=ke.com
20241024,通州,万达,101126587371,北京东湾 精装现房 英式园林  万达广场900米,490万,65799元/平,低楼层 (共9层) 2室1厅 | 74.47平米 | 南,https://ke-image.ljcdn.com/110000-inspection/750ddda9-3598-4fcc-8548-1f93ff006a12_1000.jpg!m_fill,w_280,h_210,f_jpg?from=ke.com
20241024,通州,万达,101126580134,帅府园二期 中山街 南北 大三居 满五唯一,899万,57548元/平,低楼层 (共21层) | 2015年 | 3室2厅 | 156.22平米 | 南,https://ke-image.ljcdn.com/110000-inspection/943122f1-30cb-4e84-9943-50bea44150d6_1000.jpg!m_fill,w_280,h_210,f_jpg?from=ke.com
20241024,通州,万达,101126580075,永顺35号院 3室1厅 南 北,320万,34893元/平,顶层 (共6层) 3室1厅 | 91.71平米 | 南 北,https://ke-image.ljcdn.com/110000-inspection/e4bd0c1d-f142-465e-9731-7d4aff8fa447_1000.jpg!m_fill,w_280,h_210,f_jpg?from=ke.com
20241024,通州,万达,101126579630,在水一方 3室2厅 南 北,549万,39164元/平,高楼层 (共12层) | 2004年 | 3室2厅 | 140.18平米 | 南 北,https://ke-image.ljcdn.com/110000-inspection/a2cdf10b-cd9a-4b32-b72a-c52be4d5a71a_1000.jpg!m_fill,w_280,h_210,f_jpg?from=ke.com
20241024,通州,万达,101126573861,如意园 2室1厅 南 北,315万,42683元/平,高楼层 (共6层) | 1998年 | 2室1厅 | 73.8平米 | 南 北,https://ke-image.ljcdn.com/110000-inspection/12f60e9f-22e3-4d80-8fd5-614e8124da0a_1000.jpg!m_fill,w_280,h_210,f_jpg?from=ke.com
20241024,通州,万达,101126569939,北关中学 2室1厅 东 西,220万,31153元/平,顶层 (共6层) 2室1厅 | 70.62平米 | 东 西,https://ke-image.ljcdn.com/110000-inspection/c1b1196d-ce46-4531-ade2-8eeeeb59f7ee_1000.jpg!m_fill,w_280,h_210,f_jpg?from=ke.com
20241024,通州,万达,101126568131,地铁22号线 运河商务区 南北通透 落地窗 电梯房,365万,43966元/平,低楼层 (共12层) | 2004年 | 2室1厅 | 83.02平米 | 南 北,https://ke-image.ljcdn.com/110000-inspection/cb319699-db52-4045-8361-26ee12334304_1000.jpg!m_fill,w_280,h_210,f_jpg?from=ke.com
20241024,通州,万达,101126567237,北关商务区景观好  西海子公园旁 居住舒适,178万,34152元/平,低楼层 (共22层) | 2017年 | 1室1厅 | 52.12平米 | 西 东,https://ke-image.ljcdn.com/110000-inspection/a486e22f-006f-4d2f-bc3b-07146bd04790_1000.jpg!m_fill,w_280,h_210,f_jpg?from=ke.com
20241024,通州,万达,101126566968,永顺南街308号院 2室1厅 东 西,300万,39704元/平,顶层 (共6层) 2室1厅 | 75.56平米 | 东 西,https://ke-image.ljcdn.com/110000-inspection/80af7929-576a-4806-9e5c-aff21c85c310_1000.jpg!m_fill,w_280,h_210,f_jpg?from=ke.com
20241024,通州,万达,101126563830,吉祥园 2室1厅 南 北,308万,42031元/平,低楼层 (共6层) 2室1厅 | 73.28平米 | 南 北,https://ke-image.ljcdn.com/110000-inspection/4d73435e-46fb-4523-b015-25166b4bd357_1000.jpg!m_fill,w_280,h_210,f_jpg?from=ke.com
20241024,通州,万达,101126563090,运河商务区 如意园 西海子公园环境好 东西两居,355万,38033元/平,高楼层 (共6层) | 2001年 | 2室1厅 | 93.34平米 | 东 西,https://ke-image.ljcdn.com/110000-inspection/877c34da-bfff-414a-aac0-b5f11dbc97cb_1000.jpg!m_fill,w_280,h_210,f_jpg?from=ke.com
20241024,通州,万达,101126562924,地铁22号线 电梯板楼 南北三居 满五唯一 落地窗,547万,43614元/平,高楼层 (共12层) | 2004年 | 3室2厅 | 125.42平米 | 南 北,https://ke-image.ljcdn.com/110000-inspection/8006b1c7-c1cf-4fa1-b16e-c23421650b2e_1000.jpg!m_fill,w_280,h_210,f_jpg?from=ke.com
20241024,通州,万达,101126562613,运河商务区 通惠河畔 西海子公园 东西通透两居,283万,41092元/平,中楼层 (共6层) 2室1厅 | 68.87平米 | 东 西,https://ke-image.ljcdn.com/110000-inspection/9dc4ed77-5b2b-4f0e-93b2-d14033623adc_1000.jpg!m_fill,w_280,h_210,f_jpg?from=ke.com
20241024,通州,万达,101126561893,吉祥园 2室1厅 南,295万,44129元/平,中楼层 (共6层) | 1995年 | 2室1厅 | 66.85平米 | 南,https://ke-image.ljcdn.com/110000-inspection/pc1_MBwglgaqn.jpg!m_fill,w_280,h_210,f_jpg?from=ke.com
20241024,通州,万达,101126561664,永顺南街232号院 1室1厅 南,130万,30901元/平,顶层 (共6层) 1室1厅 | 42.07平米 | 南,https://ke-image.ljcdn.com/110000-inspection/bade7a3e-46eb-4d8b-9f48-04dc3b553d32_1000.jpg!m_fill,w_280,h_210,f_jpg?from=ke.com
20241024,通州,万达,101126546916,新城东里 南北朝向的三居室 精装修 满五年,269万,46181元/平,中楼层 (共5层) 3室1厅 | 58.25平米 | 南 北,https://ke-image.ljcdn.com/110000-inspection/a19ead2b-7502-4e9b-a817-9dca1a3d5de1_1000.jpg!m_fill,w_280,h_210,f_jpg?from=ke.com
20241024,通州,万达,101126546336,新城东里 中间楼层 南北通透 满五唯一,260万,44636元/平,中楼层 (共5层) 3室0厅 | 58.25平米 | 北 南,https://ke-image.ljcdn.com/110000-inspection/3e5f4232-28ed-4235-9a6e-9cd4b8892cb1_1000.jpg!m_fill,w_280,h_210,f_jpg?from=ke.com
20241024,通州,万达,101126545417,中仓小区 少有复式 中间位置 阳光充足 诚心出售,455万,40124元/平,顶层 (共5层) 3室1厅 | 113.4平米 | 北 南,https://ke-image.ljcdn.com/110000-inspection/fe2eeab4-b3c7-40fb-bc23-4c1c82e2489f_1000.jpg!m_fill,w_280,h_210,f_jpg?from=ke.com
20241024,通州,万达,101126512237,满五唯一 精装修 交通便利 万达旁北苑地铁站,255万,38861元/平,高楼层 (共6层) 3室1厅 | 65.62平米 | 东 西,https://ke-image.ljcdn.com/110000-inspection/17d8e9ed-ac6d-49d3-83f9-452d2369c8a9_1000.jpg!m_fill,w_280,h_210,f_jpg?from=ke.com
20241024,通州,万达,101126506911,北苑南路34号院 1号线北苑地铁 南北板楼,265万,35091元/平,高楼层 (共6层) 2室1厅 | 75.52平米 | 南 北,https://ke-image.ljcdn.com/110000-inspection/ab0e2eda-bd85-41bf-9c68-3fd797755963_1000.jpg!m_fill,w_280,h_210,f_jpg?from=ke.com
20241024,通州,万达,101126499702,万达商圈 双地铁人车分流双卫金.角房源,530万,39327元/平,高楼层 (共23层) 3室1厅 | 134.77平米 | 南 北,https://ke-image.ljcdn.com/110000-inspection/fc6659e7-1d04-4976-8406-bbfe7cf837f9_1000.jpg!m_fill,w_280,h_210,f_jpg?from=ke.com
20241024,通州,万达,101126496373,此房满五唯一 精装修 户型好 采光好 潞河医院旁,270万,38163元/平,顶层 (共6层) 2室1厅 | 70.75平米 | 南 北,https://ke-image.ljcdn.com/110000-inspection/a443de2e-9afd-463e-92ba-7cd701001a92_1000.jpg!m_fill,w_280,h_210,f_jpg?from=ke.com
20241024,通州,万达,101126492763,此房满五唯一业主诚心出售采光充足看房,339万,29010元/平,顶层 (共6层) 2室1厅 | 116.86平米 | 南 北,https://ke-image.ljcdn.com/110000-inspection/ea4d9d99-acd4-4566-9e9b-665a79c4a696_1000.jpg!m_fill,w_280,h_210,f_jpg?from=ke.com
20241024,通州,万达,101126484726,新城东里 满五年唯一 小三居的格局 业主诚心卖房主自荐,268万,37457元/平,顶层 (共6层) 3室1厅 | 71.55平米 | 南 北,https://ke-image.ljcdn.com/110000-inspection/13cd5a2f-484b-4634-9eb0-a1c9baca75db_1000.jpg!m_fill,w_280,h_210,f_jpg?from=ke.com
20241024,通州,万达,101126475897,西营前街供电局家属楼层高2.7米 功能间都大诚心卖房主自荐,198万,28771元/平,高楼层 (共6层) 2室1厅 | 68.82平米 | 南 北,https://ke-image.ljcdn.com/110000-inspection/2ed7f794-b284-41ca-8b8e-8bf557ad4d90_1000.jpg!m_fill,w_280,h_210,f_jpg?from=ke.com
20241024,通州,万达,101126473992,京澜誉府万达板块北苑地铁优质三室,509万,54259元/平,底层 (共18层) | 2022年 | 3室1厅 | 93.81平米 | 南 北,https://ke-image.ljcdn.com/110000-inspection/c3e63dbe-df85-432c-a7fd-c2ebd2300eb7_1000.jpg!m_fill,w_280,h_210,f_jpg?from=ke.com
20241024,通州,万达,101126466407,东营前街较新房龄满五唯一精装,215万,28891元/平,顶层 (共6层) 1室1厅 | 74.42平米 | 南 北,https://ke-image.ljcdn.com/110000-inspection/848475f1-5318-472d-a0cb-eb6051bb9e0f_1000.jpg!m_fill,w_280,h_210,f_jpg?from=ke.com
20241024,通州,万达,101126466296,北京ONE复式无遮挡采光好随时签约,465万,30998元/平,中楼层 (共36层) | 2021年 | 2室1厅 | 150.01平米 | 东,https://ke-image.ljcdn.com/110000-inspection/70caf9a0-b3a5-48b4-a334-8cf5932b21ac_1000.jpg!m_fill,w_280,h_210,f_jpg?from=ke.com
20241024,通州,万达,101126458170,逸秀名园 1室1厅 南,227万,41042元/平,中楼层 (共18层) 1室1厅 | 55.31平米 | 南,https://ke-image.ljcdn.com/110000-inspection/76a62259-8ef5-441d-a6ea-8f5ed231def0_1000.jpg!m_fill,w_280,h_210,f_jpg?from=ke.com
20241024,通州,万达,101126446534,全南向观通惠河景采光好视野好精装修,485万,61557元/平,中楼层 (共25层) 2室2厅 | 78.79平米 | 南,https://ke-image.ljcdn.com/110000-inspection/3bb2ed9f-1093-409f-951e-9fbe8e5796e6_1000.jpg!m_fill,w_280,h_210,f_jpg?from=ke.com
20241024,通州,万达,101126442339,皓月苑 4室2厅 南 北,476万,33899元/平,顶层 (共6层) 4室2厅 | 140.42平米 | 南 北,https://ke-image.ljcdn.com/110000-inspection/3659df78-c7e4-4b41-843b-75bd6327cbba_1000.jpg!m_fill,w_280,h_210,f_jpg?from=ke.com
20241024,通州,万达,101126432352,逸秀名园 1室1厅 东,288万,48551元/平,中楼层 (共18层) | 2004年 | 1室1厅 | 59.32平米 | 东,https://ke-image.ljcdn.com/110000-inspection/67541fc6-3c2d-44a0-8283-43b7442cdb94_1000.jpg!m_fill,w_280,h_210,f_jpg?from=ke.com
20241024,通州,万达,101126421827,复兴里小区万达商圈配套齐全！！,160万,39477元/平,顶层 (共6层) 1室1厅 | 40.53平米 | 南,https://ke-image.ljcdn.com/110000-inspection/9f7388e9-9d51-4af5-bdfc-c9eb1b973c4c_1000.jpg!m_fill,w_280,h_210,f_jpg?from=ke.com
20241024,通州,万达,101126421650,万达商圈 南北通透 人车分流  户型方正 视野开阔,588万,64333元/平,高楼层 (共18层) | 2015年 | 2室2厅 | 91.4平米 | 南 北,https://ke-image.ljcdn.com/110000-inspection/5b2c1073-b5e9-4a4b-ad67-d2ee349251aa_1000.jpg!m_fill,w_280,h_210,f_jpg?from=ke.com
20241024,通州,万达,101126417569,新华大街南侧潇雅居 电梯两居室满五唯一,408万,37476元/平,低楼层 (共18层) 2室2厅 | 108.87平米 | 西南,https://ke-image.ljcdn.com/110000-inspection/7eb1f093-4c22-4bf7-b3b2-906983476bb3_1000.jpg!m_fill,w_280,h_210,f_jpg?from=ke.com
20241024,通州,万达,101126412422,玉带河西街 南北正规两居 交通生活便利,238万,30746元/平,中楼层 (共7层) 2室1厅 | 77.41平米 | 南 北,https://ke-image.ljcdn.com/110000-inspection/6b2a86a5-2a71-41ed-a197-57bac7e14285_1000.jpg!m_fill,w_280,h_210,f_jpg?from=ke.com
20241024,通州,万达,101126406194,商超聚集 精装2居 采光视野好 满五年唯一,189万,34788元/平,顶层 (共6层) 2室1厅 | 54.33平米 | 南,https://ke-image.ljcdn.com/110000-inspection/25578e0e-edf3-4f96-9bbd-9a8deeae24a9_1000.jpg!m_fill,w_280,h_210,f_jpg?from=ke.com
20241024,通州,万达,101126391059,富力金禧花园 车位,28万,8901元/平,地下室 (共1层) 1室0厅 | 31.46平米 | 南,https://ke-image.ljcdn.com/110000-inspection/e8e6aa44-4b79-402d-8f1a-9778d61a9683_1000.jpg!m_fill,w_280,h_210,f_jpg?from=ke.com
20241024,通州,万达,101126373441,潞河北街26号院1号楼南北通透,310万,33088元/平,中楼层 (共7层) 2室2厅 | 93.69平米 | 南 北,https://ke-image.ljcdn.com/110000-inspection/pc1_hShUPmA4e_2.jpg!m_fill,w_280,h_210,f_jpg?from=ke.com
20241024,通州,万达,101126372894,此房满五唯一南北通透格局楼层好视野宽阔采光充,216万,34489元/平,底层 (共6层) | 1989年 | 2室1厅 | 62.63平米 | 北 南,https://ke-image.ljcdn.com/110000-inspection/eeffa05e-cdf5-418c-aeb2-e1d2245ebd04_1000.jpg!m_fill,w_280,h_210,f_jpg?from=ke.com
20241024,通州,万达,101126372346,玉带河西街8号 潞河医院家属楼 楼层好,238万,40643元/平,中楼层 (共6层) | 2001年 | 1室1厅 | 58.56平米 | 西 南,https://ke-image.ljcdn.com/110000-inspection/58733d87-e00c-44d5-819b-a9154a3b349d_1000.jpg!m_fill,w_280,h_210,f_jpg?from=ke.com
20241024,通州,万达,101126351315,带电梯 南北通透 近万达 近地铁交通方便 配套齐全,310万,39431元/平,顶层 (共6层) 2室1厅 | 78.62平米 | 南 北,https://ke-image.ljcdn.com/110000-inspection/4862b36f-68e6-4147-9159-7101e6158bf7_1000.jpg!m_fill,w_280,h_210,f_jpg?from=ke.com
20241024,通州,万达,101126341431,富力金禧花园中间楼层优质大两居,538万,59199元/平,低楼层 (共27层) | 2015年 | 2室1厅 | 90.88平米 | 东 南 北,https://ke-image.ljcdn.com/110000-inspection/7597f8d2-4d70-4acf-9fb5-0254ef460c42_1000.jpg!m_fill,w_280,h_210,f_jpg?from=ke.com
20241024,通州,万达,101126324964,中仓小区南北通透户型方正前后不遮挡。,220万,34451元/平,中楼层 (共5层) 2室1厅 | 63.86平米 | 南 北,https://ke-image.ljcdn.com/110000-inspection/pc1_yWn3FHtp6_1.jpg!m_fill,w_280,h_210,f_jpg?from=ke.com
20241024,通州,万达,101126319958,达富雅园万达商圈通州北苑地铁站,308万,29477元/平,底层 (共6层) 2室1厅 | 104.49平米 | 南 北,https://ke-image.ljcdn.com/110000-inspection/7284bf6a-9112-4d15-9062-880407175e53_1000.jpg!m_fill,w_280,h_210,f_jpg?from=ke.com
20241024,通州,万达,101126315693,万达商圈 2015年楼龄 南北两居 高楼层 诚心卖,548万,59944元/平,顶层 (共18层) | 2015年 | 2室1厅 | 91.42平米 | 南 北,https://ke-image.ljcdn.com/110000-inspection/72d6b6d8-9efd-4724-9c0d-dfcdf17a5a70_1000.jpg!m_fill,w_280,h_210,f_jpg?from=ke.com
20241024,通州,万达,101126304923,新华小区 2室2厅 南 北,227万,32923元/平,顶层 (共6层) 2室2厅 | 68.95平米 | 南 北,https://ke-image.ljcdn.com/110000-inspection/pc1_CoEXUQd6A_1.jpg!m_fill,w_280,h_210,f_jpg?from=ke.com
20241024,通州,万达,101126304578,北关商务区 精装修 居住舒适 诚心出售,198万,33623元/平,顶层 (共22层) | 2017年 | 1室1厅 | 58.89平米 | 西,https://ke-image.ljcdn.com/110000-inspection/7efe86b4-bb23-403f-b773-45930c95ce9e_1000.jpg!m_fill,w_280,h_210,f_jpg?from=ke.com
20241024,通州,万达,101126298316,万达商圈 高层视野开阔 三面宽南向 两梯两户,1080万,66450元/平,顶层 (共18层) | 2015年 | 3室2厅 | 162.53平米 | 南 北,https://ke-image.ljcdn.com/110000-inspection/73968075-a66b-4c27-8354-d34b927ac5d9_1000.jpg!m_fill,w_280,h_210,f_jpg?from=ke.com
20241024,通州,万达,101126283516,富力金禧花园车位9号楼楼下看房提前,29万,9219元/平,地下室 (共1层) 1室0厅 | 31.46平米 | 南,https://ke-image.ljcdn.com/110000-inspection/7c9b614f-9979-4e39-8421-abaff9ef192d_1000.jpg!m_fill,w_280,h_210,f_jpg?from=ke.com
20241024,通州,万达,101126245390,京杭广场 平层四居三卫 临河 精装修 南北通透,1160万,50132元/平,中楼层 (共36层) | 2014年 | 4室2厅 | 231.39平米 | 南 北,https://ke-image.ljcdn.com/110000-inspection/a2d81683-212d-494d-872f-5af4cd62cc82_1000.jpg!m_fill,w_280,h_210,f_jpg?from=ke.com
20241024,通州,万达,101126199980,北京东湾次新房平层四居室通州万达+地铁22号线,899万,64514元/平,底层 (共6层) 4室2厅 | 139.35平米 | 南 北 东,https://ke-image.ljcdn.com/110000-inspection/590c67e9-43c0-4687-ad65-87ee4df69d30_1000.jpg!m_fill,w_280,h_210,f_jpg?from=ke.com
20241024,通州,万达,101126196813,富力金禧花园 车位,37万,11498元/平,地下室 1室0厅 | 32.18平米 | 东,https://ke-image.ljcdn.com/110000-inspection/c89ea242-ebcb-4499-aa2a-f5348e02590c_1000.jpg!m_fill,w_280,h_210,f_jpg?from=ke.com
20241024,通州,万达,101126184803,运河商务区 南北通透两居 明厨明卫 中楼层,220万,29690元/平,中楼层 (共6层) 2室1厅 | 74.1平米 | 南 北,https://ke-image.ljcdn.com/110000-inspection/7659530b-2dcc-4ac6-9b34-1ae1089554fb_1000.jpg!m_fill,w_280,h_210,f_jpg?from=ke.com
20241024,通州,万达,101126177681,北关中学 2室2厅 东 西,285万,33330元/平,低楼层 (共6层) | 2000年 | 2室2厅 | 85.51平米 | 东 西,https://ke-image.ljcdn.com/110000-inspection/08c13f0a-2b14-41b9-9ae7-3c5a857bbe6e_1000.jpg!m_fill,w_280,h_210,f_jpg?from=ke.com
20241024,通州,万达,101126155623,北关中学 2室1厅 东 西,230万,28761元/平,高楼层 (共6层) | 2000年 | 2室1厅 | 79.97平米 | 东 西,https://ke-image.ljcdn.com/110000-inspection/853f7d92-71fa-47d5-95a7-ed72ef961934_1000.jpg!m_fill,w_280,h_210,f_jpg?from=ke.com
20241024,通州,万达,101126133505,皓月苑 业主靠谱卖  改造完社区,208万,28994元/平,顶层 (共6层) | 2002年 | 2室1厅 | 71.74平米 | 南 北,https://ke-image.ljcdn.com/110000-inspection/pc1_RTyRvE1t0_1.jpg!m_fill,w_280,h_210,f_jpg?from=ke.com
20241024,通州,万达,101126119518,东方生活区 2室1厅 南,175万,31379元/平,顶层 (共5层) 2室1厅 | 55.77平米 | 南,https://ke-image.ljcdn.com/110000-inspection/85cf179d-1dfc-4ca8-8b2c-ba1649fcc56b_1000.jpg!m_fill,w_280,h_210,f_jpg?from=ke.com
20241024,通州,万达,101126114281,中仓小区 低楼层 全明格局 南北通透 不临街靠谱卖,239万,34704元/平,低楼层 (共6层) | 1991年 | 2室1厅 | 68.87平米 | 南 北 西,https://ke-image.ljcdn.com/110000-inspection/86f47913-d76e-47cd-a7ab-f9bc0ce3c773_1000.jpg!m_fill,w_280,h_210,f_jpg?from=ke.com
20241024,通州,万达,101126107686,摩卡空间  两室两厅 两卫 南北通透、诚心出售可看,580万,60512元/平,高楼层 (共11层) | 2005年 | 2室2厅 | 95.85平米 | 南 北,https://ke-image.ljcdn.com/110000-inspection/73ee068d-d9fe-4ad4-ac97-bc087331d67f_1000.jpg!m_fill,w_280,h_210,f_jpg?from=ke.com
20241024,通州,万达,101126100225,帅府园 3室1厅 东 南 西,360万,34790元/平,顶层 (共6层) | 1996年 | 3室1厅 | 103.48平米 | 东 南 西,https://ke-image.ljcdn.com/110000-inspection/15b32359-9548-468b-865e-bb3982624b1b_1000.jpg!m_fill,w_280,h_210,f_jpg?from=ke.com
20241024,通州,万达,101126097718,富力金禧花园南北两居采光通风好,560万,63064元/平,高楼层 (共24层) 2室1厅 | 88.8平米 | 南 北,https://ke-image.ljcdn.com/110000-inspection/73655466-42da-4a78-89af-4800b4c297ef_1000.jpg!m_fill,w_280,h_210,f_jpg?from=ke.com
20241024,通州,万达,101126057330,富力金禧花园精装修视野好。,910万,69466元/平,中楼层 (共27层) | 2015年 | 3室1厅 | 131平米 | 东 南 北,https://ke-image.ljcdn.com/110000-inspection/7b137197-725f-484b-ba3f-58b8b2a8c607_1000.jpg!m_fill,w_280,h_210,f_jpg?from=ke.com
20241024,通州,万达,101126031246,保利大都汇精装修 挑高4.2米 近地铁和公园,148万,28100元/平,中楼层 (共22层) | 2017年 | 1室1厅 | 52.67平米 | 西北,https://ke-image.ljcdn.com/110000-inspection/778c7d70-a737-4a4d-ae77-605cdf615034_1000.jpg!m_fill,w_280,h_210,f_jpg?from=ke.com
20241024,通州,万达,101126030805,次顶层诚心卖随时看明厨明卫户型好满五视野通风采光好房主自荐,528万,58099元/平,高楼层 (共27层) | 2015年 | 2室1厅 | 90.88平米 | 东 南 北,https://ke-image.ljcdn.com/110000-inspection/d19c8981-1fd0-4bfa-97ec-25ba00dd4b83_1000.jpg!m_fill,w_280,h_210,f_jpg?from=ke.com
20241024,通州,万达,101125972442,北京ONE 满五唯一 精装修 楼层好采光足,350万,37615元/平,低楼层 (共32层) | 2014年 | 3室1厅 | 93.05平米 | 东,https://ke-image.ljcdn.com/110000-inspection/f53ef987-e928-4b20-b4d5-18203090a786_1000.jpg!m_fill,w_280,h_210,f_jpg?from=ke.com
20241024,通州,万达,101125962955,玉带河西街 2室1厅 南 北,196万,34969元/平,中楼层 (共5层) 2室1厅 | 56.05平米 | 南 北,https://ke-image.ljcdn.com/110000-inspection/4bef372f-9af2-4a03-a16b-98e838e2969c_1000.jpg!m_fill,w_280,h_210,f_jpg?from=ke.com
20241024,通州,万达,101125889034,地铁 6号线北关站运河商务区南北通透两居室,265万,34542元/平,低楼层 (共6层) 2室1厅 | 76.72平米 | 南 北,https://ke-image.ljcdn.com/110000-inspection/67571b62-a404-43a6-ae68-3601836cd69c_1000.jpg!m_fill,w_280,h_210,f_jpg?from=ke.com
20241024,通州,万达,101125833737,万达商圈 电梯三居室 京澜誉府 精装修 拎包入住,600万,59655元/平,低楼层 (共18层) | 2022年 | 3室1厅 | 100.58平米 | 北 南,https://ke-image.ljcdn.com/110000-inspection/pc1_sKwSgVOzv_1.jpg!m_fill,w_280,h_210,f_jpg?from=ke.com
20241024,通州,万达,101125827160,南北朝向格局好低楼层房本已经满五年,238万,31895元/平,低楼层 (共6层) 2室1厅 | 74.62平米 | 南 北,https://ke-image.ljcdn.com/110000-inspection/pc1_nE0Sj1UrU.jpg!m_fill,w_280,h_210,f_jpg?from=ke.com
20241024,通州,万达,101125809066,如意园 2室1厅 东 西,249万,34796元/平,中楼层 (共6层) 2室1厅 | 71.56平米 | 东 西,https://ke-image.ljcdn.com/110000-inspection/0a4110c7-d11b-4c22-919f-04c9dca78336_1000.jpg!m_fill,w_280,h_210,f_jpg?from=ke.com
20241024,通州,万达,101125790436,产权清晰 户型方正格局不错 靠谱出售,218万,44364元/平,顶层 (共5层) | 2002年 | 2室1厅 | 49.14平米 | 南,https://ke-image.ljcdn.com/110000-inspection/f2e60c47-8f37-46a0-8f04-f1d22400eaa1_1000.jpg!m_fill,w_280,h_210,f_jpg?from=ke.com
20241024,通州,万达,101125782445,摩卡空间 正规两居室 南北通透 电梯房,475万,49557元/平,高楼层 (共11层) 2室2厅 | 95.85平米 | 南 北,https://ke-image.ljcdn.com/110000-inspection/320beedf-2cc7-44d4-9e0c-c87b4d9dc252_1000.jpg!m_fill,w_280,h_210,f_jpg?from=ke.com
20241024,通州,万达,101125780562,潞河名苑 1室1厅 东 北,222万,38859元/平,中楼层 (共15层) | 2011年 | 1室1厅 | 57.13平米 | 东 北,https://ke-image.ljcdn.com/110000-inspection/ecd2b9c9-244a-45ea-835f-5bac072261bd_1000.jpg!m_fill,w_280,h_210,f_jpg?from=ke.com
20241024,通州,万达,101125744463,北人家园满五唯一 中楼层 南向户型 不临街不把边,305万,39549元/平,中楼层 (共27层) | 2018年 | 2室1厅 | 77.12平米 | 南,https://ke-image.ljcdn.com/110000-inspection/7308aab6-f8a8-4c29-a161-b5b64f51ff85_1000.jpg!m_fill,w_280,h_210,f_jpg?from=ke.com
20241024,通州,万达,101125703125,水月院 南向一居室 中高楼层 诚心出售,175万,41303元/平,高楼层 (共6层) 1室1厅 | 42.37平米 | 南,https://ke-image.ljcdn.com/110000-inspection/prod-b78789aa-8ba6-4bde-9952-dc50e41e1238.jpg!m_fill,w_280,h_210,f_jpg?from=ke.com
20241024,通州,万达,101125684381,万达旁住宅人车分流双地铁随时可以看房,520万,34079元/平,高楼层 (共28层) | 2002年 | 3室1厅 | 152.59平米 | 南,https://ke-image.ljcdn.com/110000-inspection/bff27162-c73b-4579-82e2-67a24beace5d_1000.jpg!m_fill,w_280,h_210,f_jpg?from=ke.com
20241024,通州,万达,101125684200,吉祥园 2室1厅 南 北,269万,36050元/平,高楼层 (共6层) 2室1厅 | 74.62平米 | 南 北,https://ke-image.ljcdn.com/110000-inspection/a49c8ece-cf48-422d-b425-1b942939a1b9_1000.jpg!m_fill,w_280,h_210,f_jpg?from=ke.com
20241024,通州,万达,101125653982,富力金禧花园 车位,36万,12167元/平,地下室 (共1层) 1室0厅 | 29.59平米 | 南,https://ke-image.ljcdn.com/110000-inspection/4e7c9800-a2b1-4e53-91de-fc7962011533_1000.jpg!m_fill,w_280,h_210,f_jpg?from=ke.com
20241024,通州,万达,101125635818,在水一方一层两居室满五年业主诚心出售,425万,42475元/平,底层 (共11层) | 2004年 | 2室1厅 | 100.06平米 | 东南,https://ke-image.ljcdn.com/110000-inspection/bfa01829-b61e-4455-ab49-92f4fd5d086e_1000.jpg!m_fill,w_280,h_210,f_jpg?from=ke.com
20241024,通州,万达,101125607015,保利大都汇+南向观景房+配套成熟,165万,30969元/平,高楼层 (共22层) | 2017年 | 1室1厅 | 53.28平米 | 东南,https://ke-image.ljcdn.com/110000-inspection/f86c0a63-18a6-439b-8fca-0891a436e51c_1000.jpg!m_fill,w_280,h_210,f_jpg?from=ke.com
20241024,通州,万达,101125581716,周仓庵胡同 2室1厅 南 北,195万,34897元/平,中楼层 (共6层) 2室1厅 | 55.88平米 | 南 北,https://ke-image.ljcdn.com/110000-inspection/97bf105b-414d-41a8-a653-40ecec462c03_1000.jpg!m_fill,w_280,h_210,f_jpg?from=ke.com
20241024,通州,万达,101125559453,此房满五年唯一住房南北通透楼层好正规3居,890万,68373元/平,高楼层 (共27层) | 2015年 | 3室1厅 | 130.17平米 | 南 北,https://ke-image.ljcdn.com/110000-inspection/e4f4158b-c533-4eca-be0a-d2ecce098573_1000.jpg!m_fill,w_280,h_210,f_jpg?from=ke.com
20241024,通州,万达,101125555957,保利大都汇 2室1厅 西,215万,37746元/平,高楼层 (共18层) | 2017年 | 2室1厅 | 56.96平米 | 西,https://ke-image.ljcdn.com/110000-inspection/3ed5d4d3-38c9-4d87-b316-904e8f6b8c72_1000.jpg!m_fill,w_280,h_210,f_jpg?from=ke.com
20241024,通州,万达,101125509871,富力金禧花园 车位,33万,10490元/平,地下室 (共1层) 1室0厅 | 31.46平米 | 南,https://ke-image.ljcdn.com/110000-inspection/5f468d97-c51e-424e-aaae-54f8b2b0c8d5_1000.jpg!m_fill,w_280,h_210,f_jpg?from=ke.com
20241024,通州,万达,101125503532,北人家园电梯南向正规两居室只有契税,309万,38529元/平,中楼层 (共27层) | 2018年 | 2室1厅 | 80.2平米 | 南,https://ke-image.ljcdn.com/110000-inspection/20453492-551b-4405-aff5-b713337c4b00_1000.jpg!m_fill,w_280,h_210,f_jpg?from=ke.com
20241024,通州,万达,101125501538,东营前街正规两居 满五年唯一 看房方便,217万,26940元/平,顶层 (共6层) 2室1厅 | 80.55平米 | 西南,https://ke-image.ljcdn.com/110000-inspection/5cb79be7-d67d-48e3-8b2a-c4c7608783de_1000.jpg!m_fill,w_280,h_210,f_jpg?from=ke.com
20241024,通州,万达,101125487017,达富雅园 南北通透 停车位 后南仓,340万,38083元/平,高楼层 (共6层) | 2004年 | 2室1厅 | 89.28平米 | 南 北,https://ke-image.ljcdn.com/110000-inspection/pc1_XV3NvGvVt.jpg!m_fill,w_280,h_210,f_jpg?from=ke.com
20241024,通州,万达,101125455124,西海子公园 六号线北关站 满五唯一 诚意出售！,276万,37659元/平,底层 (共6层) 2室1厅 | 73.29平米 | 南 北,https://ke-image.ljcdn.com/110000-inspection/7570885b-d4f1-498b-9ec3-c1329aa22797_1000.jpg!m_fill,w_280,h_210,f_jpg?from=ke.com
20241024,通州,万达,101125395846,帅府园 大复式 满五唯一 诚心出售 随时看房,467万,35361元/平,顶层 (共6层) 5室2厅 | 132.07平米 | 东 西,https://ke-image.ljcdn.com/110000-inspection/06da37fc-b329-4e9e-b66f-463d57424d98_1000.jpg!m_fill,w_280,h_210,f_jpg?from=ke.com
20241024,通州,万达,101125383530,玉带河西街 2室1厅 南 北,225万,32567元/平,顶层 (共5层) 2室1厅 | 69.09平米 | 南 北,https://ke-image.ljcdn.com/110000-inspection/a07fe0e7-aebc-45e9-bf98-8276430358f2_1000.jpg!m_fill,w_280,h_210,f_jpg?from=ke.com
20241024,通州,万达,101125381267,后南仓 中低楼层 南北通透 采光充足,191万,35091元/平,中楼层 (共5层) 2室1厅 | 54.43平米 | 南 北,https://ke-image.ljcdn.com/110000-inspection/99b0826f-6af8-4cb8-974f-96778623e3b8_1000.jpg!m_fill,w_280,h_210,f_jpg?from=ke.com
20241024,通州,万达,101125369652,南小园 南北通透小三居 全明优质户型 改造完社区,240万,27561元/平,顶层 (共6层) 3室1厅 | 87.08平米 | 南 北,https://ke-image.ljcdn.com/110000-inspection/pc1_f1Cw6yo2d_1.jpg!m_fill,w_280,h_210,f_jpg?from=ke.com
20241024,通州,万达,101125368306,潞河家属院南区 小区安静 南北通透采光充足视野好,349万,44122元/平,中楼层 (共6层) 2室2厅 | 79.1平米 | 南 北,https://ke-image.ljcdn.com/110000-inspection/d6a99ab4-735a-407e-bd55-30a4fac5901a_1000.jpg!m_fill,w_280,h_210,f_jpg?from=ke.com
20241024,通州,万达,101125357494,万达旁可以预约诚心出手可以谈,389万,39666元/平,低楼层 (共23层) | 2004年 | 2室2厅 | 98.07平米 | 南 北,https://ke-image.ljcdn.com/110000-inspection/6c727ae6-2f79-4486-9bd6-1a698dc1763e_1000.jpg!m_fill,w_280,h_210,f_jpg?from=ke.com
20241024,通州,万达,101125316423,北小园正规两居室布局合理看房方便,270万,35522元/平,中楼层 (共7层) 2室1厅 | 76.01平米 | 东 西,https://ke-image.ljcdn.com/110000-inspection/39044b19-8d5e-40bc-aad8-0ea286fb815e_1000.jpg!m_fill,w_280,h_210,f_jpg?from=ke.com
20241024,通州,万达,101125241793,帅府园 通州万达北苑 后南仓新装修复式无需再装房主自荐,400万,42168元/平,顶层 (共6层) 2室2厅 | 94.86平米 | 南 北,https://ke-image.ljcdn.com/110000-inspection/6179bd9f-d13b-4eec-8d19-42f982adcffb_1000.jpg!m_fill,w_280,h_210,f_jpg?from=ke.com
20241024,通州,万达,101125235556,富力金禧花园 2室1厅 西南,590万,65129元/平,高楼层 (共24层) | 2013年 | 2室1厅 | 90.59平米 | 西南,https://ke-image.ljcdn.com/110000-inspection/c710bf5a-ed03-4a30-9735-c0bf10fd94a7_1000.jpg!m_fill,w_280,h_210,f_jpg?from=ke.com
20241024,通州,万达,101125213962,房子带电梯 南北朝向全天采光充足  无遮挡 满五年,292万,37141元/平,顶层 (共6层) 2室1厅 | 78.62平米 | 南 北,https://ke-image.ljcdn.com/110000-inspection/1b8d08da-1f6f-447d-aeb5-c4b11f52896c_1000.jpg!m_fill,w_280,h_210,f_jpg?from=ke.com
20241024,通州,万达,101125206570,保利大都汇 西海子公园通惠河畔 近地铁,180万,36211元/平,高楼层 (共22层) | 2018年 | 1室1厅 | 49.71平米 | 南,https://ke-image.ljcdn.com/110000-inspection/ba0d2a59-d58c-4589-a4b1-10afdecb9b8f_1000.jpg!m_fill,w_280,h_210,f_jpg?from=ke.com
20241024,通州,万达,101125199613,新华小区 1室1厅 南 北,235万,40351元/平,低楼层 (共7层) | 1997年 | 1室1厅 | 58.24平米 | 南 北,https://ke-image.ljcdn.com/110000-inspection/pc1_AjjKgVtw9_1.jpg!m_fill,w_280,h_210,f_jpg?from=ke.com
20241024,通州,万达,101125161635,怡佳家园 3室2厅 南,546万,38984元/平,低楼层 (共23层) | 2002年 | 3室2厅 | 140.06平米 | 南,https://ke-image.ljcdn.com/110000-inspection/36c4ed5c-f7d9-40b1-8214-4bad4122cdc7_1000.jpg!m_fill,w_280,h_210,f_jpg?from=ke.com
20241024,通州,万达,101125152823,保利大都汇+南向观景房+视野好采光佳,175万,32846元/平,高楼层 (共22层) | 2017年 | 1室1厅 | 53.28平米 | 东南,https://ke-image.ljcdn.com/110000-inspection/4aea433b-7e43-44d7-8c1b-0939ffc0da50_1000.jpg!m_fill,w_280,h_210,f_jpg?from=ke.com
20241024,通州,万达,101125151415,房子南北西通透户型正规三居视野好采光充足满五年,550万,52242元/平,高楼层 (共6层) 3室1厅 | 105.28平米 | 南 西 北,https://ke-image.ljcdn.com/110000-inspection/49d24950-e822-446d-819e-c61b1b6379c7_1000.jpg!m_fill,w_280,h_210,f_jpg?from=ke.com
20241024,通州,万达,101125120100,通州区 万达商圈 万方家园小区 全明两居室,588万,63823元/平,中楼层 (共18层) | 2015年 | 2室1厅 | 92.13平米 | 南 西 北,https://ke-image.ljcdn.com/110000-inspection/a819c411-4928-42cd-8e62-04ca8ddb91a3_1000.jpg!m_fill,w_280,h_210,f_jpg?from=ke.com
20241024,通州,万达,101125112861,故城东路11号院 运河商务区 南北通透 两居室房主自荐,299万,31671元/平,中楼层 (共6层) 2室1厅 | 94.41平米 | 南 北,https://ke-image.ljcdn.com/110000-inspection/pc1_NbqZllfu1_1.jpg!m_fill,w_280,h_210,f_jpg?from=ke.com
20241024,通州,万达,101125111195,万达干休所家属院+中间层+南北两居+满五唯一,200万,35274元/平,中楼层 (共6层) 2室0厅 | 56.7平米 | 南 北,https://ke-image.ljcdn.com/110000-inspection/834dccd9-26e2-44df-bea0-f27155568fc4_1000.jpg!m_fill,w_280,h_210,f_jpg?from=ke.com
20241024,通州,万达,101125105110,富力金禧花园 车位,30万,9536元/平,地下室 (共1层) 1室0厅 | 31.46平米 | 北,https://ke-image.ljcdn.com/110000-inspection/71317df2-1888-4490-921e-3e43e71ee7b4_1000.jpg!m_fill,w_280,h_210,f_jpg?from=ke.com
20241024,通州,万达,101125104671,富力金禧花园 车位,30万,9536元/平,地下室 1室0厅 | 31.46平米 | 南,https://ke-image.ljcdn.com/110000-inspection/f60c65b5-586e-4254-8be0-4b8a61b65d16_1000.jpg!m_fill,w_280,h_210,f_jpg?from=ke.com
20241024,通州,万达,101125095291,潞河北街26号院  精装三居  南北通透 独立餐厅,498万,42150元/平,中楼层 (共7层) | 2001年 | 3室2厅 | 118.15平米 | 南 西 北,https://ke-image.ljcdn.com/110000-inspection/355f195c-4ac3-44fe-8821-15c4ad79e856_1000.jpg!m_fill,w_280,h_210,f_jpg?from=ke.com
20241024,通州,万达,101125094854,京杭府 3室2厅 南 北,888万,48269元/平,中楼层 (共36层) | 2014年 | 3室2厅 | 183.97平米 | 南 北,https://ke-image.ljcdn.com/110000-inspection/8f0833df-10ae-4ffc-ac24-5dbba3e40229_1000.jpg!m_fill,w_280,h_210,f_jpg?from=ke.com
20241024,通州,万达,101125094630,帅府园 2室1厅 南 北,455万,51500元/平,中楼层 (共6层) 2室1厅 | 88.35平米 | 南 北,https://ke-image.ljcdn.com/110000-inspection/pc1_MYhsy6Una.jpg!m_fill,w_280,h_210,f_jpg?from=ke.com
20241024,通州,万达,101125081799,潞河中学北街26号院 3室1厅 南 北,481万,29541元/平,底层 (共7层) | 2001年 | 3室1厅 | 162.83平米 | 南 北,https://ke-image.ljcdn.com/110000-inspection/274199f0-410d-447a-8ad5-1628445b322b_1000.jpg!m_fill,w_280,h_210,f_jpg?from=ke.com
20241024,通州,万达,101125073289,后南仓小区 低楼层 南北通透  交通方便 配套齐全,269万,41966元/平,底层 (共4层) 2室1厅 | 64.1平米 | 南 北,https://ke-image.ljcdn.com/110000-inspection/049ec9c4-6255-45a9-87de-d9e51a06a9ee_1000.jpg!m_fill,w_280,h_210,f_jpg?from=ke.com
20241024,通州,万达,101125071800,后南仓小区 低楼层 南北通透 配套齐全 交通便利,359万,47676元/平,底层 (共6层) 2室1厅 | 75.3平米 | 南 北,https://ke-image.ljcdn.com/110000-inspection/d60fe6d5-ae71-4b21-944c-3d1877682ad9_1000.jpg!m_fill,w_280,h_210,f_jpg?from=ke.com
20241024,通州,万达,101125066824,此房满五唯一南北通透格局楼层好视野宽阔,271万,39225元/平,顶层 (共5层) | 1983年 | 2室1厅 | 69.09平米 | 南 北,https://ke-image.ljcdn.com/110000-inspection/d30cfe0a-9f9e-4c21-86c3-0ea7ffd7cc12_1000.jpg!m_fill,w_280,h_210,f_jpg?from=ke.com
20241024,通州,万达,101125065721,皓月苑南北通透户型方正采光好。,230万,32061元/平,顶层 (共6层) | 2002年 | 2室1厅 | 71.74平米 | 南 北,https://ke-image.ljcdn.com/110000-inspection/pc1_dK8ugf9K8_1.jpg!m_fill,w_280,h_210,f_jpg?from=ke.com
20241024,通州,万达,101125065657,潞河中学北街 2室1厅 南 北,310万,40651元/平,中楼层 (共6层) | 1995年 | 2室1厅 | 76.26平米 | 南 北,https://ke-image.ljcdn.com/110000-inspection/f47a8f3a-4951-44c9-91ae-f5ba2edd8b6a_1000.jpg!m_fill,w_280,h_210,f_jpg?from=ke.com
20241024,通州,万达,101125065643,玉带河西街 南北通透两居  楼层好 交通便利,202万,34607元/平,低楼层 (共6层) 2室1厅 | 58.37平米 | 南 北 东,https://ke-image.ljcdn.com/110000-inspection/6f50c4bc-3904-4b6b-9d3c-05233091f2bb_1000.jpg!m_fill,w_280,h_210,f_jpg?from=ke.com
20241024,通州,万达,101125065045,京杭府 四居三卫 北临通惠河 一梯一户 私密性好,1200万,54583元/平,中楼层 (共36层) | 2014年 | 4室1厅 | 219.85平米 | 东 南 北,https://ke-image.ljcdn.com/110000-inspection/a12e2705-a8b7-4541-8dae-a6b75fe0949f_1000.jpg!m_fill,w_280,h_210,f_jpg?from=ke.com
20241024,通州,万达,101125065068,玉带河西街 后南仓 南北通透两居 好楼层,190万,35192元/平,中楼层 (共5层) 2室1厅 | 53.99平米 | 南 北,https://ke-image.ljcdn.com/110000-inspection/8ab670c4-25c6-4c1a-9713-13fc80184234_1000.jpg!m_fill,w_280,h_210,f_jpg?from=ke.com
20241024,通州,万达,101125051549,保利大都汇 交通便利西海子公园旁 楼龄新,192万,36810元/平,中楼层 (共18层) | 2017年 | 1室1厅 | 52.16平米 | 西,https://ke-image.ljcdn.com/110000-inspection/f145e2a2-1c64-47e6-b9b4-9890e9594700_1000.jpg!m_fill,w_280,h_210,f_jpg?from=ke.com
20241024,通州,万达,101125030967,在水一方 2室1厅 南 北,330万,41458元/平,顶层 (共12层) | 2004年 | 2室1厅 | 79.6平米 | 南 北,https://ke-image.ljcdn.com/110000-inspection/540e13c1-7565-4ecd-8537-50caaf02a064_1000.jpg!m_fill,w_280,h_210,f_jpg?from=ke.com
20241024,通州,万达,101125027456,新城东里 南北通透双厅精装修三居 业主急售,447万,35864元/平,顶层 (共6层) 3室2厅 | 124.64平米 | 南 北,https://ke-image.ljcdn.com/110000-inspection/ce1d966a-1663-4edc-bb28-6025bc1c044a_1000.jpg!m_fill,w_280,h_210,f_jpg?from=ke.com
20241024,通州,万达,101125026703,潞河名苑 4室2厅 南 北,460万,30214元/平,高楼层 (共7层) | 2000年 | 4室2厅 | 152.25平米 | 南 北,https://ke-image.ljcdn.com/110000-inspection/84196ae2-bf90-4c1a-8641-7f48eb3e8d32_1000.jpg!m_fill,w_280,h_210,f_jpg?from=ke.com
20241024,通州,万达,101125019152,皓月苑 3室2厅 南,328万,29936元/平,顶层 (共6层) | 2002年 | 3室2厅 | 109.57平米 | 南,https://ke-image.ljcdn.com/110000-inspection/bf3a4810-f094-4cc6-b668-c53057098b27_1000.jpg!m_fill,w_280,h_210,f_jpg?from=ke.com
20241024,通州,万达,101124974471,南北通透 户型方正 采光好 交通便利,236万,36533元/平,顶层 (共4层) | 1975年 | 2室0厅 | 64.6平米 | 南 北,https://ke-image.ljcdn.com/110000-inspection/2f6d9ddd-8746-4bfb-8981-d296a52238b1_1000.jpg!m_fill,w_280,h_210,f_jpg?from=ke.com
20241024,通州,万达,101124951781,户型通透 交通便利 商圈配套齐全 客厅带边窗,246万,28769元/平,顶层 (共6层) | 2000年 | 2室1厅 | 85.51平米 | 东南 西,https://ke-image.ljcdn.com/110000-inspection/ab646ed8-2f81-4868-9bb0-07f0b4b078b4_1000.jpg!m_fill,w_280,h_210,f_jpg?from=ke.com
20241024,通州,万达,101124936174,满五唯一南北通透楼栋在小区中间位置房主自荐,235万,31418元/平,顶层 (共6层) 3室1厅 | 74.8平米 | 南 北,https://ke-image.ljcdn.com/110000-inspection/a0dc8487-4a1c-4e6e-9ff9-d02093a53b63_1000.jpg!m_fill,w_280,h_210,f_jpg?from=ke.com
20241024,通州,万达,101124849844,此房满五南北通透格局楼层好视野宽阔采光充足,430万,35822元/平,中楼层 (共6层) 4室1厅 | 120.04平米 | 南 西 北,https://ke-image.ljcdn.com/110000-inspection/351d76ca-b3fb-4b02-a720-884419487e58_1000.jpg!m_fill,w_280,h_210,f_jpg?from=ke.com
20241024,通州,万达,101124826952,北京ONE 2室1厅 西,358万,36565元/平,低楼层 (共32层) | 2014年 | 2室1厅 | 97.91平米 | 西,https://ke-image.ljcdn.com/110000-inspection/b5252b51-6e60-4f7f-9260-f3c469c167b4_1000.jpg!m_fill,w_280,h_210,f_jpg?from=ke.com
20241024,通州,万达,101124819708,业主诚售一期6号楼车位靠近电梯附近,35万,11521元/平,地下室 1室0厅 | 30.38平米 | 南,https://ke-image.ljcdn.com/110000-inspection/332c0f82-a420-41f5-802e-5f43125517c3_1000.jpg!m_fill,w_280,h_210,f_jpg?from=ke.com
20241024,通州,万达,101124812638,潞河名苑电梯复式  高楼层采光好 业主诚心出售,629万,30934元/平,高楼层 (共15层) | 2011年 | 5室1厅 | 203.34平米 | 东 北,https://ke-image.ljcdn.com/110000-inspection/ca409c00-4478-4399-946b-d1c29729da0c_1000.jpg!m_fill,w_280,h_210,f_jpg?from=ke.com
20241024,通州,万达,101124788736,帅府园 南北通透 精装修两居 采光好,370万,43663元/平,顶层 (共6层) | 2002年 | 2室1厅 | 84.74平米 | 南 北,https://ke-image.ljcdn.com/110000-inspection/acf89baa-482d-4406-ae03-55be0028cc75_1000.jpg!m_fill,w_280,h_210,f_jpg?from=ke.com
20241024,通州,万达,101124779277,帅府园 万达 北苑双层精装修满五唯一 诚售,379万,36697元/平,顶层 (共6层) | 1996年 | 3室2厅 | 103.28平米 | 南 北,https://ke-image.ljcdn.com/110000-inspection/1180782b-32eb-419f-b50a-d6df9ed7380b_1000.jpg!m_fill,w_280,h_210,f_jpg?from=ke.com
20241024,通州,万达,101124733780,此房是电梯房复式结构带落地大阳台采光好,630万,35200元/平,高楼层 (共12层) | 2004年 | 4室2厅 | 178.98平米 | 南 北,https://ke-image.ljcdn.com/110000-inspection/44413117-3018-454b-b8c0-1edc4777befa_1000.jpg!m_fill,w_280,h_210,f_jpg?from=ke.com
20241024,通州,万达,101124678948,西营前街 精装修 三居室 业主靠谱房主自荐,347万,31909元/平,中楼层 (共7层) | 1996年 | 3室1厅 | 108.75平米 | 东 北,https://ke-image.ljcdn.com/110000-inspection/d2965274-5e25-4dd1-91a8-3b6c782bd7e0_1000.jpg!m_fill,w_280,h_210,f_jpg?from=ke.com
20241024,通州,万达,101124638219,逸秀名园 1室1厅 南,256万,44146元/平,高楼层 (共23层) | 2004年 | 1室1厅 | 57.99平米 | 南,https://ke-image.ljcdn.com/110000-inspection/e851835c-b76d-4daa-8765-f82e3b6eb571_1000.jpg!m_fill,w_280,h_210,f_jpg?from=ke.com
20241024,通州,万达,101124588988,摩卡空间 满五唯一 南北通透 两居,498万,50031元/平,高楼层 (共12层) 2室2厅 | 99.54平米 | 南 北,https://ke-image.ljcdn.com/110000-inspection/b9bb723c-f4d9-4997-9af0-2fec6379a74f_1000.jpg!m_fill,w_280,h_210,f_jpg?from=ke.com
20241024,通州,万达,101124544181,保利大都汇 近北关地铁C口 通惠河北岸,158万,30061元/平,高楼层 (共22层) | 2017年 | 1室0厅 | 52.56平米 | 西北,https://ke-image.ljcdn.com/110000-inspection/f848eaca-d5e3-4266-890a-210fa5cf5dc5_1000.jpg!m_fill,w_280,h_210,f_jpg?from=ke.com
20241024,通州,万达,101124541569,后南仓正规小三居 交通方便   东南北通透采光充足,230万,39980元/平,中楼层 (共5层) | 1975年 | 3室1厅 | 57.53平米 | 东 南 北,https://ke-image.ljcdn.com/110000-inspection/eae273ac-9926-4cc2-9942-a4e5ada2c806_1000.jpg!m_fill,w_280,h_210,f_jpg?from=ke.com
20241024,通州,万达,101124509404,北小园低层两居室 南北通透 双卫,366万,38755元/平,底层 (共7层) 2室2厅 | 94.44平米 | 南 北,https://ke-image.ljcdn.com/110000-inspection/c51832db-e43b-4c1c-a203-d0d2a6589ff7_1000.jpg!m_fill,w_280,h_210,f_jpg?from=ke.com
20241024,通州,万达,101124504884,新华西街 中山街 低楼层南北两居室 满五年,332万,52177元/平,底层 (共6层) | 1992年 | 2室1厅 | 63.63平米 | 南 北,https://ke-image.ljcdn.com/110000-inspection/6b6f11c7-39e3-4bbb-9fb0-44989a9005ea_1000.jpg!m_fill,w_280,h_210,f_jpg?from=ke.com
20241024,通州,万达,101124504394,南北通透格局 楼层好 正规三居室业主诚心出售,495万,35920元/平,低楼层 (共7层) 3室1厅 | 137.81平米 | 南 北,https://ke-image.ljcdn.com/110000-inspection/pc1_P1HsnJWCW.jpg!m_fill,w_280,h_210,f_jpg?from=ke.com
20241024,通州,万达,101124494505,万达商圈正规两居南北通透采光充足,270万,32767元/平,顶层 (共6层) 2室2厅 | 82.4平米 | 南 北,https://ke-image.ljcdn.com/110000-inspection/ea5feb9a-2bab-41ed-8734-7d010610eddc_1000.jpg!m_fill,w_280,h_210,f_jpg?from=ke.com
20241024,通州,万达,101124397357,同心嘉园 5室2厅 南 北,1100万,50536元/平,高楼层 (共7层) | 2001年 | 5室2厅 | 217.67平米 | 南 北,https://ke-image.ljcdn.com/110000-inspection/2f15095d-172b-4cb4-bd4f-d74a5b95f9ae_1000.jpg!m_fill,w_280,h_210,f_jpg?from=ke.com
20241024,通州,万达,101124361471,通州城区位置万达商圈生活配套成熟满五年 南北通透房主自荐,219万,33177元/平,中楼层 (共4层) 2室1厅 | 66.01平米 | 南 北,https://ke-image.ljcdn.com/110000-inspection/e8b31fd2-0f32-4e1e-9845-1ac6b1f825d2_1000.jpg!m_fill,w_280,h_210,f_jpg?from=ke.com
20241024,通州,万达,101124357838,潞河名苑 高楼层采光好  满五唯一 看房方便,595万,27239元/平,高楼层 (共7层) | 2002年 | 4室2厅 | 218.44平米 | 南 北,https://ke-image.ljcdn.com/110000-inspection/edf8da2b-8d33-451e-bfc1-d0852b81974e_1000.jpg!m_fill,w_280,h_210,f_jpg?from=ke.com
20241024,通州,万达,101124267551,人车分流双地铁1梯2户南北通透200米万达,389万,39080元/平,低楼层 (共23层) | 2004年 | 2室1厅 | 99.54平米 | 南 北,https://ke-image.ljcdn.com/110000-inspection/4472b6a0-8159-416c-ba43-341daa33e9c7_1000.jpg!m_fill,w_280,h_210,f_jpg?from=ke.com
20241024,通州,万达,101124260136,潞河北街26号院顶层复式精装修无抵押,570万,26767元/平,高楼层 (共7层) | 2002年 | 4室2厅 | 212.95平米 | 南 北,https://ke-image.ljcdn.com/110000-inspection/ccff293d-3fdf-425e-bd07-04b27773e1ca_1000.jpg!m_fill,w_280,h_210,f_jpg?from=ke.com
20241024,通州,万达,101124226089,在水一方南北两居室满五唯一落地窗采光好,368万,39944元/平,顶层 (共12层) | 2004年 | 2室1厅 | 92.13平米 | 南 北,https://ke-image.ljcdn.com/110000-inspection/be480aaf-e366-4975-8459-452d2d58fd0b_1000.jpg!m_fill,w_280,h_210,f_jpg?from=ke.com
20241024,通州,万达,101124221350,帅府园 后南仓官员 满五唯一 诚心出售 看房方便,320万,32614元/平,顶层 (共6层) | 1996年 | 3室1厅 | 98.12平米 | 东 西,https://ke-image.ljcdn.com/110000-inspection/9fae1b7b-b9d7-4522-8a39-65f01f664cc6_1000.jpg!m_fill,w_280,h_210,f_jpg?from=ke.com
20241024,通州,万达,101124193299,京杭府广场 临河 三居两卫 一梯一户 视野开阔,940万,51096元/平,中楼层 (共36层) | 2014年 | 3室2厅 | 183.97平米 | 南 北,https://ke-image.ljcdn.com/110000-inspection/0458518f-8e31-46de-b6ca-94d1ef563608_1000.jpg!m_fill,w_280,h_210,f_jpg?from=ke.com
20241024,通州,万达,101124184562,非顶层跃层格局满五唯一随时可看房人车分流房主自荐,515万,35518元/平,高楼层 (共28层) | 2002年 | 3室2厅 | 145平米 | 南,https://ke-image.ljcdn.com/110000-inspection/4c572909-03ca-4a77-b267-bd85b6c20cf3_1000.jpg!m_fill,w_280,h_210,f_jpg?from=ke.com
20241024,通州,万达,101124182969,此房满五年家庭一套 后南仓 没有遮挡业主诚心出售。,170万,38698元/平,中楼层 (共6层) 1室1厅 | 43.93平米 | 南,https://ke-image.ljcdn.com/110000-inspection/pc1_q1y0RBAWr.jpg!m_fill,w_280,h_210,f_jpg?from=ke.com
20241024,通州,万达,101124181681,摩卡空间 正规一居室 满五年家庭名下唯一住房  急售,260万,45751元/平,低楼层 (共17层) 1室1厅 | 56.83平米 | 东 北,https://ke-image.ljcdn.com/110000-inspection/8cc1d66b-e2ce-45a6-addc-5436b44c3a63_1000.jpg!m_fill,w_280,h_210,f_jpg?from=ke.com
20241024,通州,万达,101124175034,复兴西里31号院 3室1厅 东 南 西,450万,32992元/平,中楼层 (共5层) 3室1厅 | 136.4平米 | 东 南 西,https://ke-image.ljcdn.com/110000-inspection/7a36b673-2a3e-49a0-961a-1fb355935961_1000.jpg!m_fill,w_280,h_210,f_jpg?from=ke.com
20241024,通州,万达,101124149756,帅府园 3室2厅 南 北,420万,41129元/平,高楼层 (共6层) | 1996年 | 3室2厅 | 102.12平米 | 南 北,https://ke-image.ljcdn.com/110000-inspection/f8822983-6700-459a-b3b1-7d014698cc97_1000.jpg!m_fill,w_280,h_210,f_jpg?from=ke.com
20241024,通州,万达,101124142909,万达旁电梯复式全南采光好随时可看房主自荐,459万,32833元/平,高楼层 (共28层) | 2002年 | 3室2厅 | 139.8平米 | 南,https://ke-image.ljcdn.com/110000-inspection/33c1b6f5-a1e0-4882-b3d6-c9f36432cf2e_1000.jpg!m_fill,w_280,h_210,f_jpg?from=ke.com
20241024,通州,万达,101124132397,商圈推荐的好户型 东方生活区 配套完善 好楼层带客厅房主自荐,206万,32508元/平,中楼层 (共6层) 2室1厅 | 63.37平米 | 南 西 北,https://ke-image.ljcdn.com/110000-inspection/0098f167-2f28-4f4d-8568-c4d2d6725dff_1000.jpg!m_fill,w_280,h_210,f_jpg?from=ke.com
20241024,通州,万达,101124105651,潞河中学北街26号院 2室1厅 南 北房主自荐,282万,39870元/平,中楼层 (共7层) | 2002年 | 2室1厅 | 70.73平米 | 南 北,https://ke-image.ljcdn.com/110000-inspection/edcce8a4-df84-4904-9fae-2828f381a24d_1000.jpg!m_fill,w_280,h_210,f_jpg?from=ke.com
20241024,通州,万达,101124061684,帅府园二期  中山街 全明三居  有电梯 人车分流社区,856万,62346元/平,顶层 (共21层) | 2015年 | 3室1厅 | 137.3平米 | 南 北,https://ke-image.ljcdn.com/110000-inspection/8cf59cc8-8986-4d0f-bec1-d6c34d056a5c_1000.jpg!m_fill,w_280,h_210,f_jpg?from=ke.com
20241024,通州,万达,101124014806,北京ONE 中山街 满两年 精装修  楼层好采光足,375万,47373元/平,高楼层 (共31层) | 2021年 | 1室1厅 | 79.16平米 | 东,https://ke-image.ljcdn.com/110000-inspection/87e0fe8c-4c4e-4d8d-ae3d-664a181291a6_1000.jpg!m_fill,w_280,h_210,f_jpg?from=ke.com
20241024,通州,万达,101123945239,满五唯一南北通透位置安静2002年社区房龄新房主自荐,438万,29385元/平,顶层 (共6层) 4室2厅 | 149.06平米 | 南 北,https://ke-image.ljcdn.com/110000-inspection/96f81476-3881-4e12-87d0-e08167892b21_1000.jpg!m_fill,w_280,h_210,f_jpg?from=ke.com
20241024,通州,万达,101123881700,水月院小区业主诚心卖 价格可以商量,288万,40673元/平,中楼层 (共6层) 3室1厅 | 70.81平米 | 南 北,https://ke-image.ljcdn.com/110000-inspection/9e3a89bb-d669-427c-9da7-b582502ab2a5_1000.jpg!m_fill,w_280,h_210,f_jpg?from=ke.com
20241024,通州,万达,101123769973,东方生活区 2室1厅 南 北,255万,38819元/平,中楼层 (共6层) | 1989年 | 2室1厅 | 65.69平米 | 南 北,https://ke-image.ljcdn.com/110000-inspection/eb9ffbc8-dde6-41b7-b348-b83ab114fed1_1000.jpg!m_fill,w_280,h_210,f_jpg?from=ke.com
20241024,通州,万达,101123752205,通州区达富雅园小区 南北通透 全明户型两居室,328万,32547元/平,顶层 (共6层) | 2004年 | 2室1厅 | 100.78平米 | 南 北,https://ke-image.ljcdn.com/110000-inspection/pc1_nr4m2NjS6_1.jpg!m_fill,w_280,h_210,f_jpg?from=ke.com
20241024,通州,万达,101123752210,万方家园南北通透两居室满五唯一店长推荐,435万,62816元/平,中楼层 (共18层) | 2015年 | 2室1厅 | 69.25平米 | 南 北,https://ke-image.ljcdn.com/110000-inspection/pc1_60AWb10Gz_1.jpg!m_fill,w_280,h_210,f_jpg?from=ke.com
20241024,通州,万达,101123751228,通惠南路 万达广场 一号线地铁站 配套齐全,229万,38104元/平,顶层 (共6层) | 1988年 | 2室1厅 | 60.1平米 | 东 西,https://ke-image.ljcdn.com/110000-inspection/pc1_jhXu2njAW_1.jpg!m_fill,w_280,h_210,f_jpg?from=ke.com
20241024,通州,万达,101123717443,西海子公园旁天桥湾南北通透三居满五唯一,325万,30088元/平,顶层 (共6层) 3室1厅 | 108.02平米 | 南 北,https://ke-image.ljcdn.com/110000-inspection/2f8cad84-6534-438a-ac5a-fa80e01e924a_1000.jpg!m_fill,w_280,h_210,f_jpg?from=ke.com
20241024,通州,万达,101123662618,南北通透边户正规三居室 户型方正 明厨明卫 交通便利,209万,25822元/平,顶层 (共6层) 3室1厅 | 80.94平米 | 东 南 北,https://ke-image.ljcdn.com/110000-inspection/8f11119a-f4a9-4f89-acbf-97a6c4ded6b6_1000.jpg!m_fill,w_280,h_210,f_jpg?from=ke.com
20241024,通州,万达,101123618667,潞河名苑 满五唯一 双卫生间带窗户 3居 钢混结构 急售,510万,37064元/平,中楼层 (共7层) 3室1厅 | 137.6平米 | 南 北,https://ke-image.ljcdn.com/110000-inspection/032fdc62-8627-44bc-a5af-0ba85228537b_1000.jpg!m_fill,w_280,h_210,f_jpg?from=ke.com
20241024,通州,万达,101123533381,保利大都汇+西南向房源+业主诚心出售,189万,35776元/平,低楼层 (共22层) | 2018年 | 1室1厅 | 52.83平米 | 西 南,https://ke-image.ljcdn.com/110000-inspection/87474547-728d-47a2-8268-189b25fb1180_1000.jpg!m_fill,w_280,h_210,f_jpg?from=ke.com
20241024,通州,万达,101123284776,皓月苑 正规复式 楼龄新 格局好房主自荐,369万,22395元/平,顶层 (共6层) 5室1厅 | 164.77平米 | 南 北,https://ke-image.ljcdn.com/110000-inspection/1370e864-f548-4ee6-8a61-62b31baf2f84_1000.jpg!m_fill,w_280,h_210,f_jpg?from=ke.com
20241024,通州,万达,101123281119,万达广场200米房屋小户型方正不临街配套齐全,239万,42986元/平,中楼层 (共18层) 1室0厅 | 55.6平米 | 南,https://ke-image.ljcdn.com/110000-inspection/7d2395ee-ddc4-4c93-bdb6-b2ab860e69f3_1000.jpg!m_fill,w_280,h_210,f_jpg?from=ke.com
20241024,通州,万达,101123274071,满五年唯一万达商圈距离万达100米北苑地铁300米,1080万,66246元/平,中楼层 (共18层) | 2015年 | 3室2厅 | 163.03平米 | 南 北,https://ke-image.ljcdn.com/110000-inspection/a95a9904-72c2-482e-bab2-78f43906043d_1000.jpg!m_fill,w_280,h_210,f_jpg?from=ke.com
20241024,通州,万达,101123270469,富力金禧花园 车位,30万,9536元/平,地下室 (共1层) 1室0厅 | 31.46平米 | 东 南 西 北,https://ke-image.ljcdn.com/110000-inspection/cffd2c59-e843-49f3-9a70-d2cbd436a4d7_1000.jpg!m_fill,w_280,h_210,f_jpg?from=ke.com
20241024,通州,万达,101123257305,帅府园 全新精装婚房 明厅 明厨,291万,49465元/平,中楼层 (共6层) 2室1厅 | 58.83平米 | 西 北,https://ke-image.ljcdn.com/110000-inspection/56da105b-709b-4439-9c4e-c929a0a596a6_1000.jpg!m_fill,w_280,h_210,f_jpg?from=ke.com
20241024,通州,万达,101123234224,玉带河西街 后南仓 2中宿舍楼97年房 带电梯哦,238万,40775元/平,高楼层 (共6层) 2室1厅 | 58.37平米 | 南 北,https://ke-image.ljcdn.com/110000-inspection/3f1b4a01-3881-4721-8576-074c2e5bd1c3_1000.jpg!m_fill,w_280,h_210,f_jpg?from=ke.com
20241024,通州,万达,101123157791,帅府园 东西两居室精装修配套齐全,278万,52031元/平,中楼层 (共6层) 2室1厅 | 53.43平米 | 东 西,https://ke-image.ljcdn.com/110000-inspection/89717780-42c2-41d3-94eb-58a071d3612f_1000.jpg!m_fill,w_280,h_210,f_jpg?from=ke.com
20241024,通州,万达,101123117380,新城南关31号旁门 南北通透低楼层两居 适合带老人居住,366万,46271元/平,底层 (共6层) 2室1厅 | 79.1平米 | 南 北,https://ke-image.ljcdn.com/110000-inspection/pc1_q20eOursl_1.jpg!m_fill,w_280,h_210,f_jpg?from=ke.com
20241024,通州,万达,101123077683,店长推荐 万达商圈 南北两居 中间楼层 北苑地铁,238万,32599元/平,中楼层 (共6层) 2室2厅 | 73.01平米 | 南 北,https://ke-image.ljcdn.com/110000-inspection/aee102e5-0a06-4e6b-9259-246f89c1edfe_1000.jpg!m_fill,w_280,h_210,f_jpg?from=ke.com
20241024,通州,万达,101123061618,富力精装两居 拐角飘窗 视野好 采光好,585万,64577元/平,低楼层 (共24层) | 2013年 | 2室1厅 | 90.59平米 | 西 南,https://ke-image.ljcdn.com/110000-inspection/b957da00-6a6e-4e15-8356-f5f3eddc762e_1000.jpg!m_fill,w_280,h_210,f_jpg?from=ke.com
20241024,通州,万达,101122988841,电梯房 三居室 户型不错  看房方便,475万,36452元/平,高楼层 (共18层) 3室1厅 | 130.31平米 | 东,https://ke-image.ljcdn.com/110000-inspection/6cf5f802-1cc4-4644-8421-5aa7c8ad17a2_1000.jpg!m_fill,w_280,h_210,f_jpg?from=ke.com
20241024,通州,万达,101122981292,潞河名苑小区业主诚心出售 看房提前联系,649万,38634元/平,高楼层 (共15层) | 2011年 | 3室2厅 | 167.99平米 | 南,https://ke-image.ljcdn.com/110000-inspection/88ecc907-e22b-45e0-86e0-eb9a23a061ef_1000.jpg!m_fill,w_280,h_210,f_jpg?from=ke.com
20241024,通州,万达,101122981282,水月院业主诚心出售看房提前联系基本可以看,200万,33108元/平,顶层 (共6层) 2室1厅 | 60.41平米 | 南 北,https://ke-image.ljcdn.com/110000-inspection/719805db-d845-4acb-925f-39b6127efade_1000.jpg!m_fill,w_280,h_210,f_jpg?from=ke.com
20241024,通州,万达,101122978080,电信局宿舍楼  万达南北两居   北关,220万,29690元/平,高楼层 (共6层) 2室1厅 | 74.1平米 | 北 南,https://ke-image.ljcdn.com/110000-inspection/359dc630-0645-4811-98e9-1628bcad6f5f_1000.jpg!m_fill,w_280,h_210,f_jpg?from=ke.com
20241024,通州,万达,101122969730,北京ONE恒温的科技住宅房子户型方正,460万,33997元/平,高楼层 (共31层) | 2021年 | 2室1厅 | 135.31平米 | 西南,https://ke-image.ljcdn.com/110000-inspection/095d86fc-ecac-451e-bc3b-23496dd10ce9_1000.jpg!m_fill,w_280,h_210,f_jpg?from=ke.com
20241024,通州,万达,101122966061,电梯房 户型方正 产权清晰 看房方便,580万,64474元/平,中楼层 (共27层) | 2015年 | 2室2厅 | 89.96平米 | 西南,https://ke-image.ljcdn.com/110000-inspection/3cd186ca-f548-45e3-b355-e769041e52cf_1000.jpg!m_fill,w_280,h_210,f_jpg?from=ke.com
20241024,通州,万达,101122935646,新华西街 中山街 首师大 精装三居室 看房方便,410万,48470元/平,低楼层 (共6层) 3室1厅 | 84.59平米 | 南 西 北,https://ke-image.ljcdn.com/110000-inspection/c2053801-6187-4613-b882-2252b88c0c08_1000.jpg!m_fill,w_280,h_210,f_jpg?from=ke.com
20241024,通州,万达,101122925129,此房满五唯一南北通透户型方正精装修诚心出售,175万,30262元/平,顶层 (共6层) 2室1厅 | 57.83平米 | 南 北,https://ke-image.ljcdn.com/110000-inspection/pc1_QygW4LKud_1.jpg!m_fill,w_280,h_210,f_jpg?from=ke.com
20241024,通州,万达,101122827129,逸秀名园 1室0厅 南,240万,41387元/平,中楼层 (共23层) | 2004年 | 1室0厅 | 57.99平米 | 南,https://ke-image.ljcdn.com/110000-inspection/7573a3f3-a972-4812-b888-50f5e3042af2_1000.jpg!m_fill,w_280,h_210,f_jpg?from=ke.com
20241024,通州,万达,101122666186,通州万达900米精装修一天没住过南北通透2居室,275万,36395元/平,顶层 (共6层) 2室1厅 | 75.56平米 | 南 北,https://ke-image.ljcdn.com/110000-inspection/35461ff1-ec33-4723-8d01-d8eedab42462_1000.jpg!m_fill,w_280,h_210,f_jpg?from=ke.com
20241024,通州,万达,101122626865,万达商圈 低楼层三居  满五年唯一  业主诚心出售,349万,35847元/平,中楼层 (共6层) | 1991年 | 3室1厅 | 97.36平米 | 南 北,https://ke-image.ljcdn.com/110000-inspection/pc1_sc6v5WWt7.jpg!m_fill,w_280,h_210,f_jpg?from=ke.com
20241024,通州,万达,101122618909,北京ONE 恒温恒氧恒湿 电梯复式 精装修 单价低,630万,33939元/平,高楼层 (共32层) | 2014年 | 3室2厅 | 185.63平米 | 西,https://ke-image.ljcdn.com/110000-inspection/621ff0e8-ab04-4dd0-961e-ef45b6eb4306_1000.jpg!m_fill,w_280,h_210,f_jpg?from=ke.com
20241024,通州,万达,101122601908,帅府园二期 南北通透 正规三居 诚意出售,870万,57823元/平,底层 (共21层) | 2015年 | 3室2厅 | 150.46平米 | 南 北,https://ke-image.ljcdn.com/110000-inspection/c68f6873-8633-4ff0-8cdd-44e21d40020f_1000.jpg!m_fill,w_280,h_210,f_jpg?from=ke.com
20241024,通州,万达,101122535964,天桥湾南北通透精装修优质房源,327万,39427元/平,高楼层 (共6层) | 1996年 | 2室1厅 | 82.94平米 | 南 北,https://ke-image.ljcdn.com/110000-inspection/d670c516-1473-4c48-8574-06c5fd45f2f2_1000.jpg!m_fill,w_280,h_210,f_jpg?from=ke.com
20241024,通州,万达,101122501107,此房满五唯一新风系统精装修层高3米复式户型,650万,35016元/平,中楼层 (共32层) | 2014年 | 3室2厅 | 185.63平米 | 西,https://ke-image.ljcdn.com/110000-inspection/6b4d8b2e-d72d-4e41-bd0f-537b7f011464_1000.jpg!m_fill,w_280,h_210,f_jpg?from=ke.com
20241024,通州,万达,101122494220,满五唯一南北通透位置安静2002年社区房龄新,330万,33743元/平,顶层 (共6层) | 2002年 | 3室1厅 | 97.8平米 | 南 北,https://ke-image.ljcdn.com/110000-inspection/a9fac4dc-dc08-46e6-ab0e-4051012d01cf_1000.jpg!m_fill,w_280,h_210,f_jpg?from=ke.com
20241024,通州,万达,101122139922,万达商圈 电梯两居室 精装修拎包入住 看房方便,388万,40125元/平,中楼层 (共28层) | 2002年 | 2室1厅 | 96.7平米 | 东北,https://ke-image.ljcdn.com/110000-inspection/c8ca5c90-62b9-4058-b52d-e15c20124ab6_1000.jpg!m_fill,w_280,h_210,f_jpg?from=ke.com
20241024,通州,万达,101121844430,通州万达广场 怡佳家园复式两居室,550万,36178元/平,高楼层 (共28层) | 2002年 | 3室2厅 | 152.03平米 | 南,https://ke-image.ljcdn.com/110000-inspection/73c8a7c0-2a71-4c96-a4e8-9860c2682c0b_1000.jpg!m_fill,w_280,h_210,f_jpg?from=ke.com
20241024,通州,万达,101121776269,店长推荐 北苑南路34号院 三居室 低楼层 停车方便,245万,35477元/平,底层 (共6层) | 1973年 | 3室1厅 | 69.06平米 | 南 北,https://ke-image.ljcdn.com/110000-inspection/5ba469de-f758-43a5-a9cd-3d8545b62a1c_1000.jpg!m_fill,w_280,h_210,f_jpg?from=ke.com
20241024,通州,万达,101121769566,店长推荐 怡佳家园 正规一居 近地铁万达广场,265万,41898元/平,低楼层 (共28层) | 2002年 | 1室1厅 | 63.25平米 | 北,https://ke-image.ljcdn.com/110000-inspection/fbe5e18c-5ec3-4877-ad1f-e919ed2f23d5_1000.jpg!m_fill,w_280,h_210,f_jpg?from=ke.com
20241024,通州,万达,101121769448,店长推荐！怡佳家园 万达商圈 双卫,375万,33453元/平,低楼层 (共28层) | 2002年 | 2室1厅 | 112.1平米 | 西南,https://ke-image.ljcdn.com/110000-inspection/d3da7b25-c1fc-4364-8637-8ab5faa218b3_1000.jpg!m_fill,w_280,h_210,f_jpg?from=ke.com
20241024,通州,万达,101121716842,红旗家属院业主诚心出售 看房提前联系,269万,37294元/平,顶层 (共6层) 2室1厅 | 72.13平米 | 南 北,https://ke-image.ljcdn.com/110000-inspection/b1d60846-32a7-4b47-ac35-e4aa1cb51235_1000.jpg!m_fill,w_280,h_210,f_jpg?from=ke.com
20241024,通州,万达,101121619641,复式结构上下两层均为南北通透户型方正精装修,420万,29911元/平,顶层 (共6层) | 2002年 | 4室2厅 | 140.42平米 | 南 北,https://ke-image.ljcdn.com/110000-inspection/pc1_Xr15eGVAR_1.jpg!m_fill,w_280,h_210,f_jpg?from=ke.com
20241024,通州,万达,101121337790,万达商圈 店长推荐 电梯两居 配套齐全 出行方便,370万,38263元/平,中楼层 (共28层) | 2002年 | 2室1厅 | 96.7平米 | 西北,https://ke-image.ljcdn.com/110000-inspection/pc1_wZ1H1DsSn.jpg!m_fill,w_280,h_210,f_jpg?from=ke.com
20241024,通州,万达,101121319096,此房平层四居 三卫 临河 精装修 南北通透采光无遮挡,1400万,53055元/平,中楼层 (共36层) | 2014年 | 4室1厅 | 263.88平米 | 南 北,https://ke-image.ljcdn.com/110000-inspection/0e0b2e17-016a-49f8-b488-5808e981aac4_1000.jpg!m_fill,w_280,h_210,f_jpg?from=ke.com
20241024,通州,万达,101121317536,西营前街  小三居 南北朝向 小区已经改造 诚心出售,273万,36444元/平,顶层 (共6层) | 1994年 | 3室1厅 | 74.91平米 | 南 东 北,https://ke-image.ljcdn.com/110000-inspection/dd8611c0-0d2a-4e7c-931b-183979ab6746_1000.jpg!m_fill,w_280,h_210,f_jpg?from=ke.com
20241024,通州,万达,101121295364,北小园  满五唯一 诚心卖 使用率高,380万,33653元/平,高楼层 (共7层) | 2001年 | 3室2厅 | 112.92平米 | 东 西,https://ke-image.ljcdn.com/110000-inspection/43c1186c-647f-4a45-a0a1-25ba48381870_1000.jpg!m_fill,w_280,h_210,f_jpg?from=ke.com
20241024,通州,万达,101121153529,南北通透 西海子公园 交通便利 商圈配套齐全,486万,45932元/平,中楼层 (共5层) 2室2厅 | 105.81平米 | 南 西 北,https://ke-image.ljcdn.com/110000-inspection/48746e24-bc8b-491e-afa8-ab2600e75f86_1000.jpg!m_fill,w_280,h_210,f_jpg?from=ke.com
20241024,通州,万达,101121142587,中仓小区 新华大街 南北通透 精装修,485万,43005元/平,高楼层 (共6层) | 1991年 | 3室2厅 | 112.78平米 | 南 北,https://ke-image.ljcdn.com/110000-inspection/d68bbfe4-2a7e-46b9-a632-b743c0185e8e_1000.jpg!m_fill,w_280,h_210,f_jpg?from=ke.com
20241024,通州,万达,101121004593,南小园南北通透双卫价格便宜,436万,33086元/平,高楼层 (共6层) 3室2厅 | 131.78平米 | 南 北,https://ke-image.ljcdn.com/110000-inspection/pc1_Ys64fPGQW_1.jpg!m_fill,w_280,h_210,f_jpg?from=ke.com
20241024,通州,万达,101120885640,天桥湾小区 南北两居 交通生活便利,319万,40658元/平,底层 (共6层) | 1996年 | 2室1厅 | 78.46平米 | 南 北,https://ke-image.ljcdn.com/110000-inspection/be17caed-3c2c-4a10-b068-7996e40b6378_1000.jpg!m_fill,w_280,h_210,f_jpg?from=ke.com
20241024,通州,万达,101120778009,新华小区 运河商务区 三室两厅两卫 单价低,496万,28418元/平,高楼层 (共7层) | 1997年 | 3室2厅 | 174.54平米 | 东 西,https://ke-image.ljcdn.com/110000-inspection/pc1_p8IH16PBW_1.jpg!m_fill,w_280,h_210,f_jpg?from=ke.com
20241024,通州,万达,101120748568,怡佳家园 高楼层 精装修 配套好,950万,39327元/平,顶层 (共23层) | 2002年 | 6室1厅 | 241.57平米 | 东南,https://ke-image.ljcdn.com/110000-inspection/b1cafbd4-d052-4511-82df-c980d97d06da_1000.jpg!m_fill,w_280,h_210,f_jpg?from=ke.com
20241024,通州,万达,101120723520,潇雅居 双卫三居 有电梯 小区有4000平米公园,482万,35747元/平,中楼层 (共18层) 3室1厅 | 134.84平米 | 西 北,https://ke-image.ljcdn.com/110000-inspection/a084e203-5f28-4d55-b424-da6d68a30163_1000.jpg!m_fill,w_280,h_210,f_jpg?from=ke.com
20241024,通州,万达,101120688685,此房满五唯一南北通透格局合理配套齐全,219万,36844元/平,顶层 (共6层) 2室1厅 | 59.44平米 | 南 北,https://ke-image.ljcdn.com/110000-inspection/45b74546-fd3c-481b-8fe5-a1152411ae69_1000.jpg!m_fill,w_280,h_210,f_jpg?from=ke.com
20241024,通州,万达,101120522588,新华小区 2室1厅 南 北,212万,30747元/平,顶层 (共6层) 2室1厅 | 68.95平米 | 南 北,https://ke-image.ljcdn.com/110000-inspection/bd9ce1d8-626c-4745-811a-d7133553018a_1000.jpg!m_fill,w_280,h_210,f_jpg?from=ke.com
20241024,通州,万达,101120455142,视野开阔落地窗电梯房交通便利 看通惠河,218万,41580元/平,顶层 (共18层) | 2017年 | 1室1厅 | 52.43平米 | 东南,https://ke-image.ljcdn.com/110000-inspection/pc1_sFFTsQQ4f.jpg!m_fill,w_280,h_210,f_jpg?from=ke.com
20241024,通州,万达,101120338323,近地铁落地窗采光好楼层高视野好,230万,41360元/平,高楼层 (共18层) | 2017年 | 2室1厅 | 55.61平米 | 南,https://ke-image.ljcdn.com/110000-inspection/bbc6cad3-9d74-42be-89b6-eb3eced63688_1000.jpg!m_fill,w_280,h_210,f_jpg?from=ke.com
20241024,通州,万达,101120000738,此房满五年住 南北通透 采光充足 视野好自住装修,219万,34294元/平,中楼层 (共5层) 2室1厅 | 63.86平米 | 南 北,https://ke-image.ljcdn.com/110000-inspection/85d85f7d-ce8b-4346-841f-d4fcd96bfb37_1000.jpg!m_fill,w_280,h_210,f_jpg?from=ke.com
20241024,通州,万达,101119927568,6号地铁近 三层南北通透 满五唯一 双南卧室,198万,32891元/平,中楼层 (共6层) 2室1厅 | 60.2平米 | 南 北,https://ke-image.ljcdn.com/110000-inspection/c1c54e43-8ae1-4ce0-8682-9fa5ba77f78c_1000.jpg!m_fill,w_280,h_210,f_jpg?from=ke.com
20241024,通州,万达,101119447177,天桥湾小区河景房 紧挨着西海子公园配套爱情海商业,380万,33760元/平,顶层 (共6层) | 1996年 | 3室2厅 | 112.56平米 | 南 北,https://ke-image.ljcdn.com/110000-inspection/ae65190f-27fd-4057-9066-26c0857454b8_1000.jpg!m_fill,w_280,h_210,f_jpg?from=ke.com
20241024,通州,万达,101118990199,视野开阔落地窗电梯房交通便利,170万,32277元/平,中楼层 (共22层) | 2017年 | 1室1厅 | 52.67平米 | 西北,https://ke-image.ljcdn.com/110000-inspection/008c93c1-9411-4f8a-b406-7254d720eb03_1000.jpg!m_fill,w_280,h_210,f_jpg?from=ke.com
20241024,通州,万达,101118037242,富力金禧花园   车位  诚意出售,35万,11126元/平,地下室 (共1层) 1室0厅 | 31.46平米 | 南,https://ke-image.ljcdn.com/110000-inspection/e96b3f20-50a2-422f-9025-bfbcfdbb4972_1000.jpg!m_fill,w_280,h_210,f_jpg?from=ke.com
20241024,通州,万达,101117809284,北小园 正规两居 东西通透 满五年唯一 业主诚心出售,275万,36180元/平,低楼层 (共7层) | 2001年 | 2室1厅 | 76.01平米 | 东 西,https://ke-image.ljcdn.com/110000-inspection/ba7c20e1-7550-4aa5-88c1-2713326fae39_1000.jpg!m_fill,w_280,h_210,f_jpg?from=ke.com
20241024,通州,万达,101127230558,逸秀名园 2室1厅 南 北,450万,44728元/平,中楼层 (共23层) | 2004年 | 2室1厅 | 100.61平米 | 南 北,https://s1.ljcdn.com/pegasus/redskull/images/common/default_house_list.png?_v=202410161653269
20241024,通州,万达,101127213642,新华小区 2室2厅 南 北,280万,34792元/平,高楼层 (共6层) 2室2厅 | 80.48平米 | 南 北,https://s1.ljcdn.com/pegasus/redskull/images/common/default_house_list.png?_v=202410161653269
20241024,通州,万达,101127142468,北人家园 2室1厅 南新上,320万,39901元/平,中楼层 (共27层) | 2018年 | 2室1厅 | 80.2平米 | 南,https://s1.ljcdn.com/pegasus/redskull/images/common/default_house_list.png?_v=202410161653269
20241024,通州,万达,101127081746,鼎晟国际+满五年+诚意出售+正规一居,320万,54617元/平,中楼层 (共24层) | 2006年 | 1室1厅 | 58.59平米 | 东,https://s1.ljcdn.com/pegasus/redskull/images/common/default_house_list.png?_v=202410161653269
20241024,通州,万达,101127069588,此房满五唯一南北通透格局楼层好视野宽阔采光新上,215万,36834元/平,顶层 (共6层) 1室1厅 | 58.37平米 | 南 北,https://s1.ljcdn.com/pegasus/redskull/images/common/default_house_list.png?_v=202410161653269
20241024,通州,万达,101127063560,世图印刷厂家属院俩室一厅中间楼层不临街,165万,30807元/平,中楼层 (共6层) 2室1厅 | 53.56平米 | 南,https://s1.ljcdn.com/pegasus/redskull/images/common/default_house_list.png?_v=202410161653269
20241024,通州,万达,101127031134,满五年南向户型好楼层交通便利配套齐全,192万,36959元/平,高楼层 (共6层) 2室1厅 | 51.95平米 | 南,https://s1.ljcdn.com/pegasus/redskull/images/common/default_house_list.png?_v=202410161653269
20241024,通州,万达,101127018492,保利大都汇 近地铁交通便利 通惠河西海子公园北侧,180万,39448元/平,高楼层 (共22层) | 2017年 | 1室1厅 | 45.63平米 | 南,https://s1.ljcdn.com/pegasus/redskull/images/common/default_house_list.png?_v=202410161653269
20241024,通州,万达,101127012476,中仓小区 2室1厅 南 北,240万,34189元/平,中楼层 (共6层) | 1990年 | 2室1厅 | 70.2平米 | 南 北,https://s1.ljcdn.com/pegasus/redskull/images/common/default_house_list.png?_v=202410161653269
20241024,通州,万达,101126982865,万达商圈 南北通透两居 看房方便 格局好 诚心出售,235万,38150元/平,底层 (共6层) | 1987年 | 2室1厅 | 61.6平米 | 南 北,https://s1.ljcdn.com/pegasus/redskull/images/common/default_house_list.png?_v=202410161653269
20241024,通州,万达,101126952345,西营前街 满五年 户型方正 靠谱卖房主自荐,169万,30211元/平,中楼层 (共6层) | 1989年 | 2室1厅 | 55.94平米 | 北 南,https://s1.ljcdn.com/pegasus/redskull/images/common/default_house_list.png?_v=202410161653269
20241024,通州,万达,101126952279,西营前街 满五年 户型方正 靠谱卖房主自荐,199万,27934元/平,高楼层 (共6层) | 1989年 | 3室1厅 | 71.24平米 | 南 北,https://s1.ljcdn.com/pegasus/redskull/images/common/default_house_list.png?_v=202410161653269
20241024,通州,万达,101126947928,北人家园 全明户型  中高楼层视野开阔 满五年唯一,320万,40635元/平,高楼层 (共27层) | 2018年 | 2室1厅 | 78.75平米 | 南 北,https://s1.ljcdn.com/pegasus/redskull/images/common/default_house_list.png?_v=202410161653269
20241024,通州,万达,101126932522,玉带河东街385号院 2室1厅 南 北,189万,31744元/平,底层 (共6层) | 1986年 | 2室1厅 | 59.54平米 | 南 北,https://s1.ljcdn.com/pegasus/redskull/images/common/default_house_list.png?_v=202410161653269
20241024,通州,万达,101126925224,富力金禧花园 2室1厅 南 北,580万,64957元/平,高楼层 (共24层) | 2013年 | 2室1厅 | 89.29平米 | 南 北,https://s1.ljcdn.com/pegasus/redskull/images/common/default_house_list.png?_v=202410161653269
20241024,通州,万达,101126920726,通惠南路小区 万达商圈 1号线地铁 官园+首诗附,219万,36044元/平,低楼层 (共6层) | 1989年 | 2室1厅 | 60.76平米 | 东 西,https://s1.ljcdn.com/pegasus/redskull/images/common/default_house_list.png?_v=202410161653269
20241024,通州,万达,101126839286,西营后街 2室1厅 南 北,140万,24775元/平,顶层 (共6层) 2室1厅 | 56.51平米 | 南 北,https://s1.ljcdn.com/pegasus/redskull/images/common/default_house_list.png?_v=202410161653269
20241024,通州,万达,101126843901,通州万达广场 写字楼 诚心出售,145万,20260元/平,中楼层 (共32层) 1室0厅 | 71.57平米 | 南,https://s1.ljcdn.com/pegasus/redskull/images/common/default_house_list.png?_v=202410161653269
20241024,通州,万达,101126843837,通州万达广场 写字楼 诚心出售,145万,20260元/平,中楼层 (共32层) 1室0厅 | 71.57平米 | 南,https://s1.ljcdn.com/pegasus/redskull/images/common/default_house_list.png?_v=202410161653269
20241024,通州,万达,101126759073,通州万达旁逸秀名园 满五唯一电梯板楼南北大三居双卫房主自荐,598万,37729元/平,高楼层 (共23层) | 2004年 | 3室2厅 | 158.5平米 | 南 北,https://s1.ljcdn.com/pegasus/redskull/images/common/default_house_list.png?_v=202410161653269
20241024,通州,万达,101126747417,帅府园 3室1厅 南房主自荐,380万,48181元/平,中楼层 (共6层) | 1995年 | 3室1厅 | 78.87平米 | 南,https://s1.ljcdn.com/pegasus/redskull/images/common/default_house_list.png?_v=202410161653269
20241024,通州,万达,101126723527,鼎晟国际 1室0厅 北,280万,55021元/平,高楼层 (共24层) | 2004年 | 1室0厅 | 50.89平米 | 北,https://s1.ljcdn.com/pegasus/redskull/images/common/default_house_list.png?_v=202410161653269
20241024,通州,万达,101126721570,吉祥园 3室2厅 南 北,320万,34343元/平,顶层 (共6层) 3室2厅 | 93.18平米 | 南 北,https://s1.ljcdn.com/pegasus/redskull/images/common/default_house_list.png?_v=202410161653269
20241024,通州,万达,101126707763,帅府园顶层复式四居室南北通透亮,400万,38730元/平,顶层 (共6层) 4室1厅 | 103.28平米 | 南 北,https://s1.ljcdn.com/pegasus/redskull/images/common/default_house_list.png?_v=202410161653269
20241024,通州,万达,101126699866,车站路 满五年 户型方正 视野好,329万,37134元/平,顶层 (共6层) 3室1厅 | 88.6平米 | 南 北,https://s1.ljcdn.com/pegasus/redskull/images/common/default_house_list.png?_v=202410161653269
20241024,通州,万达,101126656261,万方家园精装房源拎包入住小区设施配套完善。,443万,57932元/平,高楼层 (共18层) | 2015年 | 2室1厅 | 76.47平米 | 南,https://s1.ljcdn.com/pegasus/redskull/images/common/default_house_list.png?_v=202410161653269
20241024,通州,万达,101126651173,玉带河西街 满五不唯一 有租户看房先预约,240万,36020元/平,低楼层 (共6层) 2室1厅 | 66.63平米 | 南 北,https://s1.ljcdn.com/pegasus/redskull/images/common/default_house_list.png?_v=202410161653269
20241024,通州,万达,101126649954,怡佳家园二期通惠南路6号逸秀名园,200万,34489元/平,中楼层 (共23层) | 2004年 | 1室1厅 | 57.99平米 | 南,https://s1.ljcdn.com/pegasus/redskull/images/common/default_house_list.png?_v=202410161653269
20241024,通州,万达,101126647531,河景后边房通透户型优质视野楼层满五唯一,160万,28076元/平,顶层 (共6层) 2室1厅 | 56.99平米 | 南 北,https://s1.ljcdn.com/pegasus/redskull/images/common/default_house_list.png?_v=202410161653269
20241024,通州,万达,101126645097,此房西南北通透格局楼层好视野宽阔采光充足,930万,63984元/平,顶层 (共9层) | 2013年 | 4室1厅 | 145.35平米 | 南 北,https://s1.ljcdn.com/pegasus/redskull/images/common/default_house_list.png?_v=202410161653269
20241024,通州,万达,101126620959,此房东南北向带草坪楼层好视野宽阔采光充足,550万,61207元/平,底层 (共24层) | 2013年 | 2室1厅 | 89.86平米 | 东北,https://s1.ljcdn.com/pegasus/redskull/images/common/default_house_list.png?_v=202410161653269
20241024,通州,万达,101126596837,东营前街 3室1厅 南 北,170万,23339元/平,高楼层 (共6层) 3室1厅 | 72.84平米 | 南 北,https://s1.ljcdn.com/pegasus/redskull/images/common/default_house_list.png?_v=202410161653269
20241024,通州,万达,101126590954,万达商圈西营前前街南北通透楼层低交通便利诚心卖,179万,30401元/平,低楼层 (共6层) 2室1厅 | 58.88平米 | 南 北,https://s1.ljcdn.com/pegasus/redskull/images/common/default_house_list.png?_v=202410161653269
20241024,通州,万达,101126585963,万达附近西海子公园旁通惠河边灵活两居,227万,36216元/平,低楼层 (共6层) 2室1厅 | 62.68平米 | 东 南 西,https://s1.ljcdn.com/pegasus/redskull/images/common/default_house_list.png?_v=202410161653269
20241024,通州,万达,101126421218,通州万达广场 纯商业办公 1号线通州北苑站,170万,20270元/平,中楼层 (共32层) | 2014年 | 1室1厅 | 83.87平米 | 西,https://s1.ljcdn.com/pegasus/redskull/images/common/default_house_list.png?_v=202410161653269
20241024,通州,万达,101126223447,西营前街 南北通透 视野开阔 采光充足 交通便利,163万,28187元/平,高楼层 (共6层) | 1987年 | 2室1厅 | 57.83平米 | 南 北,https://s1.ljcdn.com/pegasus/redskull/images/common/default_house_list.png?_v=202410161653269
20241024,通州,万达,101126123528,运河商务区6号线北关地铁站南北通透两居室,260万,29293元/平,底层 (共6层) 2室1厅 | 88.76平米 | 南 北,https://s1.ljcdn.com/pegasus/redskull/images/common/default_house_list.png?_v=202410161653269
20241024,通州,万达,101126112107,富力金禧花园车位9号楼楼下看房提前,33万,10490元/平,地下室 (共1层) | 2016年 | 1室0厅 | 31.46平米 | 南,https://ke-image.ljcdn.com/110000-inspection/c51add9f-33ce-4cf4-9291-9a5c4eff1651.jpg!m_fill,w_280,h_210,f_jpg?from=ke.com
20241024,通州,万达,101126045371,西门金街  万达广场,260万,22221元/平,中楼层 (共32层) | 2014年 | 1室1厅 | 117.01平米 | 西,https://s1.ljcdn.com/pegasus/redskull/images/common/default_house_list.png?_v=202410161653269
20241024,通州,万达,101125870971,通州万达广场 纯写字楼 诚心出售,211万,23427元/平,高楼层 (共32层) 1室0厅 | 90.07平米 | 南,https://s1.ljcdn.com/pegasus/redskull/images/common/default_house_list.png?_v=202410161653269
20241024,通州,万达,101125681752,北人家园电梯两居户型方正周边配套齐全,258万,34622元/平,中楼层 (共27层) | 2018年 | 2室1厅 | 74.52平米 | 东,https://s1.ljcdn.com/pegasus/redskull/images/common/default_house_list.png?_v=202410161653269
20241024,通州,万达,101125581516,如意园 2室1厅 南 北,316万,40230元/平,中楼层 (共6层) 2室1厅 | 78.55平米 | 南 北,https://s1.ljcdn.com/pegasus/redskull/images/common/default_house_list.png?_v=202410161653269
20241024,通州,万达,101124330880,通州万达广场 写字楼 看房方便 诚信出售,168万,20917元/平,低楼层 (共32层) | 2014年 | 1室0厅 | 80.32平米 | 西,https://s1.ljcdn.com/pegasus/redskull/images/common/default_house_list.png?_v=202410161653269
20241024,通州,万达,101124156717,万达广场 1室0厅 东 北 南,2574万,26000元/平,中楼层 (共32层) 1室0厅 | 990平米 | 东 北 南,https://s1.ljcdn.com/pegasus/redskull/images/common/default_house_list.png?_v=202410161653269
20241024,通州,万达,101124127517,万达广场 1室1厅 南,280万,23994元/平,中楼层 (共32层) 1室1厅 | 116.7平米 | 南,https://s1.ljcdn.com/pegasus/redskull/images/common/default_house_list.png?_v=202410161653269
20241024,通州,万达,101123240092,保利大都汇+南向房源+配套完善+业主诚心卖,189万,35547元/平,低楼层 (共22层) | 2017年 | 1室1厅 | 53.17平米 | 南,https://s1.ljcdn.com/pegasus/redskull/images/common/default_house_list.png?_v=202410161653269
