20241105,朝阳,酒仙桥,101127366232,燕莎后,779万,,2室2厅 低楼层/共16层 南 北 暂无数据/精装 118.44平米 2006年建/板楼,https://s1.ljcdn.com/pegasus/redskull/images/common/default_house_detail.png?_v=202411041520163 
20241105,朝阳,惠新西街,101127366249,胜古南里,299万,,2室1厅 顶层/共5层 南 暂无数据/精装 53.03平米 板楼,https://s1.ljcdn.com/pegasus/redskull/images/common/default_house_detail.png?_v=202411041520163 
20241105,大兴,黄村中,101127366253,兴华中里,249万,,2室1厅 底层/共6层 南 北 平层/简装 73.37平米 板楼,https://ke-image.ljcdn.com/110000-inspection/pc0_BhFEzlZXH_2.jpg!m_fill,w_120,h_80,f_jpg?from=ke.com 
20241105,房山,房山其它,101127366305,房山区委党校小区,87万,,2室1厅 中楼层/共6层 南 北 平层/简装 66.94平米 板楼,https://ke-image.ljcdn.com/110000-inspection/pc0_tVteZlnKp.jpg!m_fill,w_120,h_80,f_jpg?from=ke.com 
20241105,朝阳,朝青,101127366303,青年汇佳园,900万,,3室2厅 中楼层/共13层 南 北 暂无数据/其他 129.79平米 2008年建/板塔结合,https://s1.ljcdn.com/pegasus/redskull/images/common/default_house_detail.png?_v=202411041520163 
20241105,丰台,七里庄,101127366295,庄维多摩市三期,540万,,2室1厅 中楼层/共22层 东南 平层/精装 85.79平米 2006年建/塔楼,https://ke-image.ljcdn.com/110000-inspection/pc0_XtxoxDDFo_1.jpg!m_fill,w_120,h_80,f_jpg?from=ke.com 
20241105,昌平,昌平其它,101127366318,中海汇智里,400万,,2室1厅 中楼层/共15层 南 平层/其他 74.48平米 2024年建/板楼,https://ke-image.ljcdn.com/110000-inspection/b6ac832c-5ceb-40f5-8254-c9e3f24cc270_1000.jpg!m_fill,w_120,h_80,f_jpg?from=ke.com 
20241105,顺义,顺义城,101127366357,东兴二区,361万,,3室1厅 中楼层/共6层 南 北 平层/其他 99.6平米 板楼,https://s1.ljcdn.com/pegasus/redskull/images/common/default_house_detail.png?_v=202411041520163 
20241105,房山,良乡,101127366343,蓝光星华海悦城,258万,,3室1厅 低楼层/共10层 南 北 平层/简装 85.28平米 板塔结合,https://ke-image.ljcdn.com/110000-inspection/pc0_5SLtyoBjX_2.jpg!m_fill,w_120,h_80,f_jpg?from=ke.com 
20241105,朝阳,望京,101127366452,望京新城,500万,,2室1厅 高楼层/共31层 东南 东北 暂无数据/简装 80.11平米 1997年建/塔楼,https://s1.ljcdn.com/pegasus/redskull/images/common/default_house_detail.png?_v=202411041520163 
20241105,朝阳,四惠,101127366367,壹线国际,399万,,2室1厅 低楼层/共9层 东 平层/精装 73.68平米 2006年建/板楼,https://ke-image.ljcdn.com/110000-inspection/pc0_7Qx7ayYuX.jpg!m_fill,w_120,h_80,f_jpg?from=ke.com 
20241105,东城,永定门,101127366389,西革新里110号院,289万,,1室1厅 底层/共6层 南 平层/其他 42.98平米 板楼,https://ke-image.ljcdn.com/110000-inspection/488c247f-a0fd-49ad-9bc9-a31b3c5193bd_1000.jpg!m_fill,w_120,h_80,f_jpg?from=ke.com 
20241105,东城,永定门,101127366546,景泰西里西区,425万,,1室1厅 低楼层/共10层 南 平层/简装 60.29平米 2005年建/板塔结合,https://ke-image.ljcdn.com/110000-inspection/pc0_Va2GEDHa3_2.jpg!m_fill,w_120,h_80,f_jpg?from=ke.com 
20241105,大兴,旧宫,101127366375,大城小镇,293万,,2室2厅 高楼层/共6层 南 北 平层/简装 87.92平米 2007年建/板楼,https://ke-image.ljcdn.com/110000-inspection/pc0_pxlhWIeKx_1.jpg!m_fill,w_120,h_80,f_jpg?from=ke.com 
20241105,海淀,紫竹桥,101127366492,北洼西里,720万,,2室1厅 中楼层/共18层 西南 平层/其他 80.9平米 塔楼,https://ke-image.ljcdn.com/110000-inspection/pc1_ZvShjyu5v.jpg!m_fill,w_120,h_80,f_jpg?from=ke.com 
20241105,西城,六铺炕,101127366456,黄寺大街24号院,1068万,,2室1厅 低楼层/共6层 南 北 平层/简装 71.47平米 板楼,https://ke-image.ljcdn.com/110000-inspection/pc0_5yEK9dzcj.jpg!m_fill,w_120,h_80,f_jpg?from=ke.com 
20241105,石景山,杨庄,101127366490,黄南苑,339万,,2室1厅 中楼层/共24层 东南 平层/精装 73.21平米 塔楼,https://ke-image.ljcdn.com/110000-inspection/98ca232b-680e-4078-b1dc-392593ea564e_1000.jpg!m_fill,w_120,h_80,f_jpg?from=ke.com 
20241105,丰台,和义,101127366469,和义东里四区,140万,,1室1厅 顶层/共6层 南 平层/简装 38.78平米 板楼,https://ke-image.ljcdn.com/110000-inspection/859e4b05-2544-45b7-9254-b464581be106_1000.jpg!m_fill,w_120,h_80,f_jpg?from=ke.com 
20241105,房山,良乡,101127366608,苏庄一里小区,179万,,2室2厅 顶层/共6层 南 北 平层/精装 90.57平米 2004年建/板楼,https://ke-image.ljcdn.com/110000-inspection/pc0_XETbsgKZM_2.jpg!m_fill,w_120,h_80,f_jpg?from=ke.com 
20241105,朝阳,朝阳其它,101127366597,将府锦苑,440万,,2室2厅 低楼层/共25层 南 北 暂无数据/简装 100.57平米 板楼,https://s1.ljcdn.com/pegasus/redskull/images/common/default_house_detail.png?_v=202411041520163 
20241105,顺义,马坡,101127366867,中铁花溪渡,282万,,3室1厅 低楼层/共18层 南 北 平层/精装 97.12平米 2014年建/板楼,https://ke-image.ljcdn.com/110000-inspection/pc0_oQrINKMDZ_1.jpg!m_fill,w_120,h_80,f_jpg?from=ke.com 
20241105,海淀,海淀北部新区,101127366833,正源尚峰尚水,215万,,2室1厅 中楼层/共5层 东 暂无数据/其他 63.72平米 2016年建/板塔结合,https://s1.ljcdn.com/pegasus/redskull/images/common/default_house_detail.png?_v=202411041520163 
20241105,房山,燕山,101127366797,迎风一里,60万,,1室1厅 中楼层/共6层 南 平层/简装 43.87平米 1988年建/板楼,https://ke-image.ljcdn.com/110000-inspection/pc0_CS98sfgpZ.jpg!m_fill,w_120,h_80,f_jpg?from=ke.com 
20241105,海淀,学院路,101127366834,清华东路27号院,700万,,3室1厅 高楼层/共6层 南 北 平层/精装 83平米 1996年建/板楼,https://ke-image.ljcdn.com/110000-inspection/pc0_JuEy2CRqa_1.jpg!m_fill,w_120,h_80,f_jpg?from=ke.com 
20241105,丰台,方庄,101127366808,gogo新世代,460万,,1室1厅 中楼层/共32层 南 平层/其他 56.77平米 2005年建/板塔结合,https://s1.ljcdn.com/pegasus/redskull/images/common/default_house_detail.png?_v=202411041520163 
20241105,朝阳,望京,101127366992,大西洋新城G区,935万,,2室1厅 顶层/共27层 西南 平层/精装 104.15平米 2012年建/板塔结合,https://s1.ljcdn.com/pegasus/redskull/images/common/default_house_detail.png?_v=202411041520163 
20241105,海淀,知春路,101127366894,和景园,788万,,2室1厅 底层/共6层 南 东北 平层/简装 103.74平米 板楼,https://ke-image.ljcdn.com/110000-inspection/2bb0857a-f5dd-46fb-a181-6f63528e83d1_1000.jpg!m_fill,w_120,h_80,f_jpg?from=ke.com 
20241105,通州,万达,101127367062,如意园,228万,,2室1厅 顶层/共6层 南 北 平层/其他 68.63平米 板楼,https://ke-image.ljcdn.com/110000-inspection/406ca5a7-0e3c-4666-a408-3da5b2452d13_1000.jpg!m_fill,w_120,h_80,f_jpg?from=ke.com 
20241105,顺义,后沙峪,101127366956,江山赋,255万,,1室1厅 高楼层/共10层 西 平层/其他 57.26平米 2010年建/板楼,https://s1.ljcdn.com/pegasus/redskull/images/common/default_house_detail.png?_v=202411041520163 
20241105,房山,长阳,101127367056,加州水郡四期,228万,,3室1厅 中楼层/共11层 南 北 平层/简装 91.63平米 2011年建/板楼,https://ke-image.ljcdn.com/110000-inspection/pc1_RiRtv5Y1G.jpg!m_fill,w_120,h_80,f_jpg?from=ke.com 
20241105,石景山,苹果园,101127367129,金顶街59号院,397万,,2室1厅 中楼层/共6层 南 北 平层/其他 82.52平米 2006年建/板楼,https://ke-image.ljcdn.com/110000-inspection/pc0_xQd8sTuwA_1.jpg!m_fill,w_120,h_80,f_jpg?from=ke.com 
20241105,朝阳,北苑,101127367007,n次方,198万,,1室1厅 中楼层/共18层 西 暂无数据/其他 66.69平米 2014年建/板楼,https://s1.ljcdn.com/pegasus/redskull/images/common/default_house_detail.png?_v=202411041520163 
20241105,房山,良乡,101127367291,蓝光星华海悦城,268万,,3室1厅 低楼层/共9层 南 北 平层/精装 85平米 2016年建/板塔结合,https://ke-image.ljcdn.com/110000-inspection/pc0_OWIfX4BPA.jpg!m_fill,w_120,h_80,f_jpg?from=ke.com 
20241105,朝阳,北苑,101127367026,华贸城,580万,,2室2厅 低楼层/共17层 西 南 北 暂无数据/精装 67.98平米 2011年建/板塔结合,https://s1.ljcdn.com/pegasus/redskull/images/common/default_house_detail.png?_v=202411041520163 
20241105,丰台,宋家庄,101127367158,横一条甲18号院,260万,,1室2厅 低楼层/共18层 西 平层/简装 70.72平米 2010年建/板楼,https://ke-image.ljcdn.com/110000-inspection/20b2f0b2-4dd8-446a-8075-1115a289af90_1000.jpg!m_fill,w_120,h_80,f_jpg?from=ke.com 
20241105,通州,潞苑,101127367016,通瑞嘉苑西区,280万,,2室1厅 中楼层/共17层 西 平层/其他 70.69平米 板塔结合,https://ke-image.ljcdn.com/110000-inspection/pc1_QsWuM7HKZ_1.jpg!m_fill,w_120,h_80,f_jpg?from=ke.com 
20241105,朝阳,北苑,101127367086,筑华年,605万,,2室1厅 底层/共14层 南 北 平层/简装 81.3平米 板楼,https://ke-image.ljcdn.com/110000-inspection/pc0_VFECdxerP_1.jpg!m_fill,w_120,h_80,f_jpg?from=ke.com 
20241105,昌平,回龙观,101127367112,龙博苑二区,400万,,3室2厅 顶层/共6层 南 北 暂无数据/简装 95.42平米 板楼,https://s1.ljcdn.com/pegasus/redskull/images/common/default_house_detail.png?_v=202411041520163 
20241105,丰台,新宫,101127367361,京粮悦谷首城南区,550万,,3室2厅 顶层/共17层 南 北 暂无数据/其他 95.91平米 2019年建/板塔结合,https://s1.ljcdn.com/pegasus/redskull/images/common/default_house_detail.png?_v=202411041520163 
20241105,密云,古北口镇,101127367459,龙湖长城源著2号院,89万,,2室1厅 底层/共4层 南 北 暂无数据/其他 63.59平米 板楼,https://s1.ljcdn.com/pegasus/redskull/images/common/default_house_detail.png?_v=202411041520163 
20241105,通州,北关,101127367366,新光大中心,160万,,1室1厅 高楼层/共29层 南 复式/其他 43.34平米 2016年建/塔楼,https://ke-image.ljcdn.com/110000-inspection/6b72107f-073e-4049-a211-49b0c4656a4e_1000.jpg!m_fill,w_120,h_80,f_jpg?from=ke.com 
20241105,朝阳,北苑,101127367330,时代庄园,1280万,,3室3厅 底层/共5层 南 北 复式/其他 162.07平米 板楼,https://ke-image.ljcdn.com/110000-inspection/2a744f98-31bb-4f5a-acbd-8d1b146ba024_1000.jpg!m_fill,w_120,h_80,f_jpg?from=ke.com 
20241105,密云,溪翁庄镇,101127367556,弗农小镇,5万,,车位 暂无数据 南 平层/其他 57.37平米 暂无数据,https://ke-image.ljcdn.com/110000-inspection/apc_27rHmFOLA_1.jpg!m_fill,w_120,h_80,f_jpg?from=ke.com 
20241105,大兴,高米店,101127367246,郁花园一里,380万,,2室1厅 中楼层/共7层 南 北 平层/其他 88.2平米 2000年建/板楼,https://ke-image.ljcdn.com/110000-inspection/pc1_k6ylLWO7W.jpg!m_fill,w_120,h_80,f_jpg?from=ke.com 
20241105,房山,良乡,101127367430,蓝光星华海悦城,198万,,2室1厅 底层/共10层 西 南 平层/精装 73.43平米 板塔结合,https://ke-image.ljcdn.com/110000-inspection/0a0f1837-f227-448d-bd50-272adc0ecc2e_1000.jpg!m_fill,w_120,h_80,f_jpg?from=ke.com 
20241105,朝阳,安贞,101127367457,小黄庄,320万,,2室1厅 顶层/共6层 南 北 暂无数据/其他 50.42平米 1976年建/板楼,https://s1.ljcdn.com/pegasus/redskull/images/common/default_house_detail.png?_v=202411041520163 
20241105,朝阳,朝青,101127367539,银谷美泉家园,1095万,,3室1厅 底层/共7层 南 北 平层/精装 150.23平米 2009年建/板楼,https://ke-image.ljcdn.com/110000-inspection/pc0_QSv7IQatV_1.jpg!m_fill,w_120,h_80,f_jpg?from=ke.com 
20241105,东城,永定门,101127367394,景泰西里西区,630万,,2室1厅 中楼层/共9层 南 北 平层/精装 88.66平米 板塔结合,https://ke-image.ljcdn.com/110000-inspection/pc0_js8iA6IWx_1.jpg!m_fill,w_120,h_80,f_jpg?from=ke.com 
20241105,东城,东直门,101127367489,民安小区东直门内北小街,738万,,2室1厅 底层/共14层 南 北 平层/精装 78.03平米 板楼,https://ke-image.ljcdn.com/110000-inspection/70f4b6ff-9ac0-4d7a-aedd-47907c33af36_1000.jpg!m_fill,w_120,h_80,f_jpg?from=ke.com 
20241105,海淀,五道口,101127367498,展春园,610万,,2室1厅 中楼层/共6层 南 北 平层/精装 64.3平米 板楼,https://ke-image.ljcdn.com/110000-inspection/6d9a5a95-76d7-4e73-b03f-a54253166743_1000.jpg!m_fill,w_120,h_80,f_jpg?from=ke.com 
20241105,石景山,鲁谷,101127367455,聚兴园,650万,,3室2厅 低楼层/共9层 南 北 平层/精装 113.63平米 2005年建/板楼,https://ke-image.ljcdn.com/110000-inspection/76d1af2a-f1c8-449e-8875-559be4bb8c3c_1000.jpg!m_fill,w_120,h_80,f_jpg?from=ke.com 
20241105,朝阳,西坝河,101127367410,光熙家园一期,850万,,2室1厅 高楼层/共24层 东南 北 平层/精装 95.66平米 塔楼,https://s1.ljcdn.com/pegasus/redskull/images/common/default_house_detail.png?_v=202411041520163 
20241105,丰台,刘家窑,101127367760,石榴园北里小区,238万,,2室1厅 底层/共6层 西 东 平层/简装 59.7平米 板楼,https://ke-image.ljcdn.com/110000-inspection/5e6b0eb6-af7e-4bf0-97b2-4b5ff73e8d95_1000.jpg!m_fill,w_120,h_80,f_jpg?from=ke.com 
20241105,通州,潞苑,101127367619,K2清水湾,248万,,2室1厅 低楼层/共27层 西 平层/简装 57.25平米 2012年建/板塔结合,https://ke-image.ljcdn.com/110000-inspection/d793f360-f5a8-4dd1-a973-490f971a2575_1000.jpg!m_fill,w_120,h_80,f_jpg?from=ke.com 
20241105,密云,溪翁庄镇,101127367590,弗农小镇,5万,,车位 暂无数据 南 平层/其他 57.37平米 暂无数据,https://ke-image.ljcdn.com/110000-inspection/apc_EKNkWuhZu_1.jpg!m_fill,w_120,h_80,f_jpg?from=ke.com 
20241105,海淀,定慧寺,101127367821,定慧西里,358万,,1室1厅 高楼层/共16层 南 平层/简装 51.4平米 塔楼,https://ke-image.ljcdn.com/110000-inspection/1628fc39-8cf3-4b96-a0e5-88de9cfd8824_1000.jpg!m_fill,w_120,h_80,f_jpg?from=ke.com 
20241105,海淀,紫竹桥,101127367947,昌运宫,565万,,2室1厅 中楼层/共17层 南 平层/简装 67.2平米 塔楼,https://ke-image.ljcdn.com/110000-inspection/pc0_awoHMhCNq.jpg!m_fill,w_120,h_80,f_jpg?from=ke.com 
20241105,丰台,右安门外,101127367538,百合园,530万,,2室1厅 高楼层/共22层 东南 平层/精装 67.26平米 2001年建/塔楼,https://s1.ljcdn.com/pegasus/redskull/images/common/default_house_detail.png?_v=202411041520163 
20241105,海淀,六里桥,101127367722,铁路小区,350万,,1室1厅 底层/共6层 东 西 平层/简装 46.38平米 2001年建/板楼,https://ke-image.ljcdn.com/110000-inspection/pc0_NZLsa6fTE.jpg!m_fill,w_120,h_80,f_jpg?from=ke.com 
20241105,丰台,刘家窑,101127367720,榴景秀苑,529万,,2室1厅 中楼层/共29层 南 平层/简装 85.14平米 2017年建/板楼,https://ke-image.ljcdn.com/110000-inspection/e8d6b3a3-953c-47e6-a7ef-e2fb26a09dba_1000.jpg!m_fill,w_120,h_80,f_jpg?from=ke.com 
20241105,西城,月坛,101127367957,二七剧场路,555万,,1室1厅 高楼层/共23层 西南 平层/简装 43.5平米 1987年建/板塔结合,https://s1.ljcdn.com/pegasus/redskull/images/common/default_house_detail.png?_v=202411041520163 
20241105,顺义,马坡,101127368073,香悦四季东区,365万,,3室2厅 中楼层/共11层 南 北 平层/精装 114.05平米 板楼,https://ke-image.ljcdn.com/110000-inspection/007c99f3-0e4a-4794-ab1e-784c2cc83deb_1000.jpg!m_fill,w_120,h_80,f_jpg?from=ke.com 
20241105,海淀,四季青,101127367859,美丽西园,720万,,2室1厅 中楼层/共6层 南 北 平层/简装 93.84平米 板楼,https://ke-image.ljcdn.com/110000-inspection/pc1_wITHIlFHI.jpg!m_fill,w_120,h_80,f_jpg?from=ke.com 
20241105,海淀,安宁庄,101127367666,安宁里南区,450万,,2室1厅 中楼层/共18层 西 平层/其他 80.29平米 1998年建/塔楼,https://ke-image.ljcdn.com/110000-inspection/354e41c4-515e-4185-8281-8be08ef19dee_1000.jpg!m_fill,w_120,h_80,f_jpg?from=ke.com 
20241105,朝阳,四惠,101127367816,东恒时代三期,650万,,2室1厅 中楼层/共27层 西北 暂无数据/精装 90.01平米 2006年建/塔楼,https://s1.ljcdn.com/pegasus/redskull/images/common/default_house_detail.png?_v=202411041520163 
20241105,门头沟,大峪,101127368233,黑山东街,108万,,2室1厅 顶层/共6层 南 平层/简装 49.19平米 板楼,https://ke-image.ljcdn.com/110000-inspection/pc1_u2cdXtmu0.jpg!m_fill,w_120,h_80,f_jpg?from=ke.com 
20241105,丰台,马家堡,101127367950,明日嘉园,220万,,1室0厅 高楼层/共24层 北 平层/简装 39.15平米 2003年建/塔楼,https://ke-image.ljcdn.com/110000-inspection/pc1_EG8aX0XpI_1.jpg!m_fill,w_120,h_80,f_jpg?from=ke.com 
20241105,海淀,五道口,101127368219,中国矿业大学校内,498万,,2室1厅 底层/共6层 南 北 平层/简装 56.2平米 1994年建/板楼,https://ke-image.ljcdn.com/110000-inspection/09c987d9-b191-4e3f-b5ed-b3499115498a_1000.jpg!m_fill,w_120,h_80,f_jpg?from=ke.com 
20241105,大兴,大兴新机场洋房别墅区,101127368149,育新花园北里,138万,,2室2厅 中楼层/共18层 南 北 平层/简装 85平米 板楼,https://ke-image.ljcdn.com/110000-inspection/5c1d75b6-cab1-4295-8adf-d4d6b85eb51a_1000.jpg!m_fill,w_120,h_80,f_jpg?from=ke.com 
20241105,昌平,东关,101127368256,金隅嘉和园,275万,,2室1厅 低楼层/共19层 南 北 平层/其他 74.67平米 2010年建/板楼,https://ke-image.ljcdn.com/110000-inspection/pc1_r5TqtuLlt.jpg!m_fill,w_120,h_80,f_jpg?from=ke.com 
20241105,西城,陶然亭,101127368188,姚家井二巷,630万,,2室1厅 高楼层/共6层 南 暂无数据/其他 50.65平米 板楼,https://s1.ljcdn.com/pegasus/redskull/images/common/default_house_detail.png?_v=202411041520163 
20241105,大兴,高米店,101127367966,可可家园,599万,,3室2厅 低楼层/共6层 北 南 平层/精装 135.79平米 板楼,https://ke-image.ljcdn.com/110000-inspection/5d8eff89-967b-4d4d-af9e-0be2bd2ce0fb_1000.jpg!m_fill,w_120,h_80,f_jpg?from=ke.com 
20241105,朝阳,亚运村,101127368265,安慧北里逸园,560万,,2室1厅 低楼层/共26层 西南 平层/精装 82.87平米 1997年建/塔楼,https://ke-image.ljcdn.com/110000-inspection/c495a0d5-8d31-4a1f-8a0e-f5d11573a70f_1000.jpg!m_fill,w_120,h_80,f_jpg?from=ke.com 
20241105,房山,长阳,101127368202,长阳半岛怡和路3号院,585万,,4室1厅 低楼层/共11层 南 北 平层/精装 141.2平米 2014年建/板楼,https://ke-image.ljcdn.com/110000-inspection/pc0_TNSk1mKuu.jpg!m_fill,w_120,h_80,f_jpg?from=ke.com 
20241105,通州,通州其它,101127368191,东惠家园,380万,,3室1厅 顶层/共28层 南 西 北 平层/精装 107.75平米 板塔结合,https://ke-image.ljcdn.com/110000-inspection/221caa42-c085-4bdd-ae40-ff254e4f09b1_1000.jpg!m_fill,w_120,h_80,f_jpg?from=ke.com 
20241105,丰台,青塔,101127368305,万恒家园,496万,,2室1厅 高楼层/共6层 南 北 平层/其他 90.63平米 板楼,https://ke-image.ljcdn.com/110000-inspection/acd98d92-492d-4c67-8285-5a311997952e_1000.jpg!m_fill,w_120,h_80,f_jpg?from=ke.com 
20241105,房山,长阳,101127368207,长阳半岛怡和路3号院,368万,,2室1厅 高楼层/共18层 南 平层/精装 87.33平米 2014年建/塔楼,https://ke-image.ljcdn.com/110000-inspection/f454e327-2d3e-48c8-9737-aa1884a8a0fc_1000.jpg!m_fill,w_120,h_80,f_jpg?from=ke.com 
20241105,朝阳,亮马桥,101127368200,新源街,325万,,2室1厅 顶层/共6层 南 北 平层/精装 57.5平米 1983年建/板楼,https://ke-image.ljcdn.com/110000-inspection/pc0_4E1fmVkbI_2.jpg!m_fill,w_120,h_80,f_jpg?from=ke.com 
20241105,通州,梨园,101127368419,梨园东里,320万,,3室1厅 高楼层/共6层 南 北 平层/简装 99.06平米 板楼,https://ke-image.ljcdn.com/110000-inspection/pc0_kWBNyExrL.jpg!m_fill,w_120,h_80,f_jpg?from=ke.com 
20241105,朝阳,太阳宫,101127368346,红玺台,1320万,,2室1厅 中楼层/共16层 南 北 暂无数据/精装 71.77平米 2011年建/板楼,https://ke-image.ljcdn.com/110000-inspection/pc0_lLuahj5iA.jpg!m_fill,w_120,h_80,f_jpg?from=ke.com 
20241105,门头沟,上岸地铁,101127368126,梧桐苑栖凤园,312万,,2室1厅 中楼层/共27层 南 平层/精装 87.43平米 2013年建/板楼,https://ke-image.ljcdn.com/110000-inspection/pc1_KnozYfDOz.jpg!m_fill,w_120,h_80,f_jpg?from=ke.com 
20241105,石景山,杨庄,101127368667,西现代城,228万,,1室1厅 底层/共22层 南 平层/精装 51.38平米 2004年建/板塔结合,https://ke-image.ljcdn.com/110000-inspection/pc0_H93Nzx66M.jpg!m_fill,w_120,h_80,f_jpg?from=ke.com 
20241105,朝阳,奥林匹克公园,101127368226,景龙国际,455万,,2室1厅 顶层/共16层 东 西 平层/简装 126.54平米 2007年建/板塔结合,https://ke-image.ljcdn.com/110000-inspection/23373494-ba13-42a9-a95c-f47ed6278d76_1000.jpg!m_fill,w_120,h_80,f_jpg?from=ke.com 
20241105,西城,月坛,101127368142,月坛北街,560万,,1室0厅 中楼层/共5层 南 平层/简装 33.3平米 板楼,https://ke-image.ljcdn.com/110000-inspection/7f1f6336-350e-4b8d-b58d-63bb43a60e7c_1000.jpg!m_fill,w_120,h_80,f_jpg?from=ke.com 
20241105,丰台,新宫,101127368852,悦谷家园东区,330万,,1室1厅 低楼层/共17层 南 暂无数据/其他 67.51平米 板塔结合,https://s1.ljcdn.com/pegasus/redskull/images/common/default_house_detail.png?_v=202411041520163 
20241105,朝阳,劲松,101127368561,劲松二区,392万,,3室1厅 高楼层/共15层 东北 平层/精装 74.73平米 塔楼,https://ke-image.ljcdn.com/110000-inspection/6e40ceff-22dc-40df-bceb-bc27301e756c_1000.jpg!m_fill,w_120,h_80,f_jpg?from=ke.com 
20241105,朝阳,望京,101127368547,澳洲康都,840万,,2室1厅 高楼层/共28层 西南 北 平层/精装 97.82平米 2006年建/板塔结合,https://ke-image.ljcdn.com/110000-inspection/pc0_9egaQ5VsP_1.jpg!m_fill,w_120,h_80,f_jpg?from=ke.com 
20241105,西城,马甸,101127368370,新风南里,625万,,1室1厅 顶层/共6层 南 平层/精装 45.9平米 1990年建/板楼,https://ke-image.ljcdn.com/110000-inspection/pc0_18aHY4UYm.jpg!m_fill,w_120,h_80,f_jpg?from=ke.com 
20241105,顺义,顺义其它,101127368472,润景园,160万,,2室1厅 高楼层/共11层 南 暂无数据/其他 86.95平米 板塔结合,https://s1.ljcdn.com/pegasus/redskull/images/common/default_house_detail.png?_v=202411041520163 
20241105,海淀,小西天,101127368900,学院南路丙10号院,460万,,2室1厅 中楼层/共5层 南 平层/其他 50.4平米 板楼,https://ke-image.ljcdn.com/110000-inspection/pc0_crG2bNKUZ.jpg!m_fill,w_120,h_80,f_jpg?from=ke.com 
20241105,通州,果园,101127368902,蓝山国际公寓,636万,,3室1厅 低楼层/共14层 南 北 平层/其他 155.42平米 2004年建/板塔结合,https://ke-image.ljcdn.com/110000-inspection/9d016d0b-0c55-4dd3-a9a2-3ce6d7bf49ad_1000.jpg!m_fill,w_120,h_80,f_jpg?from=ke.com 
20241105,通州,潞苑,101127368634,K2清水湾,429万,,2室1厅 低楼层/共27层 南 平层/其他 86.61平米 2012年建/塔楼,https://ke-image.ljcdn.com/110000-inspection/e4ba2afd-b4c4-475f-ac74-b7659264ee07_1000.jpg!m_fill,w_120,h_80,f_jpg?from=ke.com 
20241105,丰台,和义,101127368643,久敬佳园一区,473万,,2室2厅 顶层/共10层 南 北 错层/精装 113.34平米 2007年建/板楼,https://ke-image.ljcdn.com/110000-inspection/553ba687-6447-41e7-9fff-d77462297f1f_1000.jpg!m_fill,w_120,h_80,f_jpg?from=ke.com 
20241105,昌平,北七家,101127368998,名佳花园一区,245万,,2室1厅 高楼层/共7层 南 复式/精装 76.31平米 板楼,https://ke-image.ljcdn.com/110000-inspection/pc0_1JFCkd556.jpg!m_fill,w_120,h_80,f_jpg?from=ke.com 
20241105,怀柔,怀柔,101127368494,东关一区,290万,,3室2厅 中楼层/共6层 南 北 平层/其他 98.72平米 板楼,https://ke-image.ljcdn.com/110000-inspection/1d48f442-2ef1-4a02-9056-d4be73d55558_1000.jpg!m_fill,w_120,h_80,f_jpg?from=ke.com 
20241105,通州,潞苑,101127368723,K2清水湾,270万,,2室1厅 中楼层/共27层 西 平层/简装 57.25平米 2012年建/板塔结合,https://ke-image.ljcdn.com/110000-inspection/2de3e8b9-0054-4223-866f-034b8523827c_1000.jpg!m_fill,w_120,h_80,f_jpg?from=ke.com 
20241105,朝阳,健翔桥,101127369131,丝竹园小区,380万,,2室1厅 中楼层/共9层 东 西 平层/其他 59.59平米 1994年建/板楼,https://s1.ljcdn.com/pegasus/redskull/images/common/default_house_detail.png?_v=202411041520163 
20241105,石景山,鲁谷,101127368760,依翠园,650万,,2室1厅 中楼层/共16层 东 西 平层/精装 142.92平米 2002年建/板楼,https://ke-image.ljcdn.com/110000-inspection/1060f6b3-e440-49e8-bbaf-9f743dd3225d_1000.jpg!m_fill,w_120,h_80,f_jpg?from=ke.com 
20241105,海淀,军博,101127368851,铁东小区,650万,,3室1厅 中楼层/共16层 东北 暂无数据/简装 70.7平米 塔楼,https://s1.ljcdn.com/pegasus/redskull/images/common/default_house_detail.png?_v=202411041520163 
20241105,海淀,小西天,101127369472,学院南路32号院,460万,,2室1厅 顶层/共6层 东 西 平层/其他 55.9平米 板楼,https://ke-image.ljcdn.com/110000-inspection/pc0_v7y7pWtca.jpg!m_fill,w_120,h_80,f_jpg?from=ke.com 
20241105,通州,梨园,101127369351,幸福时光,349万,,2室2厅 底层/共6层 南 北 平层/精装 89.24平米 2004年建/板楼,https://ke-image.ljcdn.com/110000-inspection/c930e4bc-42cb-4725-8036-3813ce785645_1000.jpg!m_fill,w_120,h_80,f_jpg?from=ke.com 
20241105,丰台,玉泉营,101127369340,万年花城四期,569万,,2室1厅 低楼层/共27层 西南 平层/精装 88.35平米 2008年建/塔楼,https://ke-image.ljcdn.com/110000-inspection/7e685d1b-96ab-4220-b8f5-685723d7cd9c_1000.jpg!m_fill,w_120,h_80,f_jpg?from=ke.com 
20241105,通州,果园,101127369293,苏荷时代,386万,,3室1厅 顶层/共18层 南 北 平层/简装 102.67平米 2005年建/板塔结合,https://ke-image.ljcdn.com/110000-inspection/9f5e2b27-6168-408e-9355-311068a313e8_1000.jpg!m_fill,w_120,h_80,f_jpg?from=ke.com 
20241105,海淀,紫竹桥,101127368622,三虎桥南路8号院,510万,,2室1厅 中楼层/共5层 南 北 平层/精装 58.8平米 1998年建/板楼,https://ke-image.ljcdn.com/110000-inspection/pc0_25hA0zVyg.jpg!m_fill,w_120,h_80,f_jpg?from=ke.com 
20241105,西城,马甸,101127369002,裕中东里,860万,,2室1厅 低楼层/共6层 南 北 平层/精装 60.2平米 1985年建/板楼,https://ke-image.ljcdn.com/110000-inspection/pc0_3UEiZIRg2.jpg!m_fill,w_120,h_80,f_jpg?from=ke.com 
20241105,朝阳,北苑,101127369431,润泽悦溪,820万,,2室1厅 底层/共11层 东 西 平层/其他 84.91平米 2010年建/板塔结合,https://ke-image.ljcdn.com/110000-inspection/1a5bb282-5b6e-46a9-b08c-5c1e383cc398_1000.jpg!m_fill,w_120,h_80,f_jpg?from=ke.com 
20241105,朝阳,北苑,101127369339,天润福熙大道,1138万,,3室1厅 低楼层/共27层 南 平层/其他 121.94平米 2014年建/板楼,https://ke-image.ljcdn.com/110000-inspection/pc0_n0dujTQpg.jpg!m_fill,w_120,h_80,f_jpg?from=ke.com 
20241105,石景山,苹果园,101127368734,广宁村,268万,,2室1厅 中楼层/共18层 西南 平层/精装 72.95平米 塔楼,https://ke-image.ljcdn.com/110000-inspection/26018088-3f03-41ec-bdda-fc9cab50f311_1000.jpg!m_fill,w_120,h_80,f_jpg?from=ke.com 
20241105,朝阳,石佛营,101127368936,晨光家园A区,550万,,2室1厅 低楼层/共26层 东南 平层/简装 80.58平米 2000年建/塔楼,https://ke-image.ljcdn.com/110000-inspection/0e882348-75c6-462b-92eb-9f7b1c3ca74a_1000.jpg!m_fill,w_120,h_80,f_jpg?from=ke.com 
20241105,丰台,太平桥,101127368979,威尔夏大道,880万,,2室2厅 高楼层/共15层 南 平层/精装 106.88平米 2006年建/板楼,https://ke-image.ljcdn.com/110000-inspection/5481e434-99fe-44c0-93e0-9cedfe9910b7_1000.jpg!m_fill,w_120,h_80,f_jpg?from=ke.com 
20241105,海淀,西北旺,101127369501,百草园,635万,,2室1厅 顶层/共6层 南 北 暂无数据/简装 88.38平米 板楼,https://s1.ljcdn.com/pegasus/redskull/images/common/default_house_detail.png?_v=202411041520163 
20241105,门头沟,大峪,101127369588,黑山东街,110万,,1室1厅 中楼层/共6层 南 平层/简装 41.59平米 1996年建/板楼,https://ke-image.ljcdn.com/110000-inspection/pc1_F0rQDnCRj.jpg!m_fill,w_120,h_80,f_jpg?from=ke.com 
20241105,密云,鼓楼街道,101127369130,宾阳北里,115万,,2室1厅 顶层/共6层 南 北 平层/其他 64.27平米 1995年建/板楼,https://ke-image.ljcdn.com/110000-inspection/pc0_QPxTJZMpM.jpg!m_fill,w_120,h_80,f_jpg?from=ke.com 
20241105,海淀,安宁庄,101127369064,毛纺住宅北小区,500万,,2室1厅 高楼层/共14层 东 西 平层/精装 75平米 1997年建/板楼,https://ke-image.ljcdn.com/110000-inspection/pc1_Wq0pRaVLH_1.jpg!m_fill,w_120,h_80,f_jpg?from=ke.com 
20241105,朝阳,亚运村,101127369075,紫玉山庄,7200万,,7室3厅 底层/共3层 东 南 西 北 复式/简装 343.63平米 板楼,https://ke-image.ljcdn.com/110000-inspection/95368178-0728-4e66-908f-9543d6cdb4dc_1000.jpg!m_fill,w_120,h_80,f_jpg?from=ke.com 
20241105,东城,东花市,101127369471,花市枣苑一期,1295万,,2室1厅 中楼层/共18层 西南 平层/其他 126.52平米 2002年建/塔楼,https://ke-image.ljcdn.com/110000-inspection/e18af9b6-0653-42ad-bab0-41a2193a69b1_1000.jpg!m_fill,w_120,h_80,f_jpg?from=ke.com 
20241105,朝阳,甘露园,101127369590,甘露园南里,285万,,2室1厅 中楼层/共6层 南 北 平层/精装 61.23平米 板楼,https://ke-image.ljcdn.com/110000-inspection/pc0_759lGcPpG.jpg!m_fill,w_120,h_80,f_jpg?from=ke.com 
20241105,房山,良乡,101127369812,月华小区,199万,,3室1厅 中楼层/共6层 南 北 平层/简装 96.22平米 板楼,https://ke-image.ljcdn.com/110000-inspection/pc0_2WoXStq4E.jpg!m_fill,w_120,h_80,f_jpg?from=ke.com 
20241105,丰台,成寿寺,101127369707,美好家园,580万,,2室1厅 高楼层/共12层 南 北 暂无数据/其他 106.92平米 板楼,https://s1.ljcdn.com/pegasus/redskull/images/common/default_house_detail.png?_v=202411041520163 
20241105,海淀,牡丹园,101127369086,小关街,499万,,2室1厅 中楼层/共6层 南 北 暂无数据/简装 64.6平米 板楼,https://s1.ljcdn.com/pegasus/redskull/images/common/default_house_detail.png?_v=202411041520163 
20241105,海淀,魏公村,101127369920,民族大学家属院,335万,,1室1厅 顶层/共5层 南 平层/精装 36.48平米 板楼,https://ke-image.ljcdn.com/110000-inspection/pc1_1D2cESxLI.jpg!m_fill,w_120,h_80,f_jpg?from=ke.com 
20241105,海淀,清河,101127369757,莱圳家园,580万,,2室1厅 中楼层/共13层 南 平层/精装 71.07平米 2012年建/板楼,https://ke-image.ljcdn.com/110000-inspection/72b3ebd1-cbb3-4b96-a0e4-73a8bc4cc5bd_1000.jpg!m_fill,w_120,h_80,f_jpg?from=ke.com 
20241105,海淀,牡丹园,101127370089,塔院小区,495万,,2室1厅 中楼层/共6层 南 北 平层/简装 58.06平米 板楼,https://ke-image.ljcdn.com/110000-inspection/56455c63-1207-4ba9-92a3-07632a413ded_1000.jpg!m_fill,w_120,h_80,f_jpg?from=ke.com 
20241105,海淀,西二旗,101127369828,铭科苑,370万,,2室1厅 顶层/共6层 南 北 平层/简装 72.1平米 板楼,https://ke-image.ljcdn.com/110000-inspection/822b4f63-2f84-41c0-a75f-3394cf4c59db_1000.jpg!m_fill,w_120,h_80,f_jpg?from=ke.com 
20241105,海淀,五棵松,101127369304,复兴路81号院,420万,,2室1厅 中楼层/共5层 南 平层/其他 53.1平米 板楼,https://ke-image.ljcdn.com/110000-inspection/pc1_Blxu9D4r8_1.jpg!m_fill,w_120,h_80,f_jpg?from=ke.com 
20241105,丰台,成寿寺,101127369649,方宝苑,620万,,3室1厅 高楼层/共13层 南 北 西 平层/精装 109.59平米 2001年建/板楼,https://ke-image.ljcdn.com/110000-inspection/pc0_Hoh3HAP11.jpg!m_fill,w_120,h_80,f_jpg?from=ke.com 
20241105,海淀,甘家口,101127369821,工商大学家属院,690万,,2室1厅 中楼层/共5层 南 北 平层/精装 61.5平米 板楼,https://ke-image.ljcdn.com/110000-inspection/pc0_SQBphLYnp.jpg!m_fill,w_120,h_80,f_jpg?from=ke.com 
20241105,海淀,田村,101127370137,景宜里,720万,,2室1厅 中楼层/共9层 南 平层/其他 92.05平米 板楼,https://ke-image.ljcdn.com/110000-inspection/pc1_ISBu9CNzC_1.jpg!m_fill,w_120,h_80,f_jpg?from=ke.com 
20241105,大兴,南中轴机场商务区,101127369892,首地浣溪谷,230万,,3室1厅 底层/共6层 南 北 暂无数据/精装 94.71平米 2014年建/板楼,https://s1.ljcdn.com/pegasus/redskull/images/common/default_house_detail.png?_v=202411041520163 
20241105,丰台,方庄,101127369931,芳群园一区,496万,,2室1厅 高楼层/共25层 东南 西北 平层/精装 82.21平米 1991年建/塔楼,https://ke-image.ljcdn.com/110000-inspection/11353ea4-106c-41f1-8ca1-a181321baf3f_1000.jpg!m_fill,w_120,h_80,f_jpg?from=ke.com 
20241105,海淀,四季青,101127369926,五福玲珑居北区,359万,,1室1厅 中楼层/共16层 南 暂无数据/简装 55.37平米 2015年建/板楼,https://s1.ljcdn.com/pegasus/redskull/images/common/default_house_detail.png?_v=202411041520163 
20241105,海淀,上地,101127370169,上地东里,1150万,,3室1厅 中楼层/共6层 南 北 平层/其他 95.65平米 板楼,https://ke-image.ljcdn.com/110000-inspection/85b10ca5-8a7c-44a7-915b-f31f94436326_1000.jpg!m_fill,w_120,h_80,f_jpg?from=ke.com 
20241105,朝阳,三元桥,101127369496,曙光西里,335万,,2室1厅 顶层/共6层 西南 东北 平层/其他 57.83平米 1982年建/板楼,https://ke-image.ljcdn.com/110000-inspection/6c3f1a46-3201-4a26-a5ad-433010c461d8_1000.jpg!m_fill,w_120,h_80,f_jpg?from=ke.com 
20241105,西城,马连道,101127370185,三义东里,435万,,2室1厅 中楼层/共16层 东北 平层/简装 52.87平米 塔楼,https://ke-image.ljcdn.com/110000-inspection/pc0_si0YnTC7k.jpg!m_fill,w_120,h_80,f_jpg?from=ke.com 
20241105,通州,通州其它,101127370059,首开万科城市之光,358万,,2室1厅 低楼层/共18层 南 暂无数据/其他 74.11平米 板楼,https://s1.ljcdn.com/pegasus/redskull/images/common/default_house_detail.png?_v=202411041520163 
20241105,海淀,苏州桥,101127369858,海淀南路,658万,,2室1厅 中楼层/共16层 西南 平层/其他 64.3平米 塔楼,https://ke-image.ljcdn.com/110000-inspection/pc0_gMngn0wIg_1.jpg!m_fill,w_120,h_80,f_jpg?from=ke.com 
20241105,西城,马连道,101127370022,马连道中里,598万,,3室1厅 顶层/共6层 南 北 复式/精装 79.72平米 板楼,https://ke-image.ljcdn.com/110000-inspection/71f70d09-f442-4ebe-8dc6-d5a257686c8d_1000.jpg!m_fill,w_120,h_80,f_jpg?from=ke.com 
20241105,丰台,科技园区,101127369454,广安康润家园东区,295万,,2室1厅 低楼层/共21层 南 西 平层/其他 75.24平米 2021年建/板楼,https://ke-image.ljcdn.com/110000-inspection/pc0_kihbRlD86.jpg!m_fill,w_120,h_80,f_jpg?from=ke.com 
20241105,朝阳,奥林匹克公园,101127369754,上林世家,2500万,,4室2厅 低楼层/共18层 南 北 平层/精装 209.38平米 2013年建/板楼,https://ke-image.ljcdn.com/110000-inspection/pc0_BZdUCKhql.jpg!m_fill,w_120,h_80,f_jpg?from=ke.com 
20241105,朝阳,甜水园,101127369891,马道口,350万,,2室1厅 低楼层/共6层 南 北 平层/精装 59.49平米 1987年建/板楼,https://ke-image.ljcdn.com/110000-inspection/f2c77bc6-6588-4e65-8883-d48eaaaf0414_1000.jpg!m_fill,w_120,h_80,f_jpg?from=ke.com 
20241105,朝阳,建国门外,101127370150,长安6号,420万,,1室0厅 高楼层/共18层 北 平层/简装 73.43平米 2005年建/塔楼,https://s1.ljcdn.com/pegasus/redskull/images/common/default_house_detail.png?_v=202411041520163 
20241105,昌平,西三旗,101127370455,金榜园,600万,,2室2厅 高楼层/共12层 南 北 平层/精装 120.72平米 2004年建/板楼,https://ke-image.ljcdn.com/110000-inspection/fd3262b0-165e-4b00-bb5d-e297c207f99c_1000.jpg!m_fill,w_120,h_80,f_jpg?from=ke.com 
20241105,朝阳,奥林匹克公园,101127370640,澳林春天二期,755万,,2室1厅 低楼层/共24层 西南 平层/简装 126.8平米 2002年建/塔楼,https://ke-image.ljcdn.com/110000-inspection/2fb79b4f-62d7-4acd-ab8b-f1e5c988a6dc_1000.jpg!m_fill,w_120,h_80,f_jpg?from=ke.com 
20241105,东城,永定门,101127370411,天天家园,739万,,3室1厅 中楼层/共11层 东 北 复式/精装 129.15平米 塔楼,https://ke-image.ljcdn.com/110000-inspection/pc0_eTfACGZ3x_2.jpg!m_fill,w_120,h_80,f_jpg?from=ke.com 
20241105,大兴,义和庄,101127369971,恒大未来城,63万,,1室1厅 中楼层/共19层 南 复式/其他 20.58平米 2017年建/塔楼,https://s1.ljcdn.com/pegasus/redskull/images/common/default_house_detail.png?_v=202411041520163 
20241105,西城,马连道,101127370210,红莲中里,475万,,1室1厅 中楼层/共18层 南 西 平层/精装 56.98平米 塔楼,https://ke-image.ljcdn.com/110000-inspection/pc1_XrXjRCTAK.jpg!m_fill,w_120,h_80,f_jpg?from=ke.com 
20241105,朝阳,立水桥,101127369944,明天第一城7号院,186万,,1室1厅 低楼层/共21层 东南 平层/精装 63.87平米 2007年建/板塔结合,https://s1.ljcdn.com/pegasus/redskull/images/common/default_house_detail.png?_v=202411041520163 
20241105,海淀,海淀北部新区,101127370461,上庄馨瑞嘉园,360万,,2室1厅 中楼层/共16层 南 北 平层/其他 86.96平米 2013年建/板楼,https://ke-image.ljcdn.com/110000-inspection/pc1_QAxkI6hDq.jpg!m_fill,w_120,h_80,f_jpg?from=ke.com 
20241105,通州,九棵树(家乐福),101127370401,K2玉蘭湾,700万,,3室2厅 低楼层/共18层 南 北 平层/其他 134.4平米 2015年建/板楼,https://s1.ljcdn.com/pegasus/redskull/images/common/default_house_detail.png?_v=202411041520163 
20241105,大兴,高米店,101127370523,金地仰山东区,1080万,,5室2厅 低楼层/共7层 南 北 复式/精装 179.48平米 板楼,https://ke-image.ljcdn.com/110000-inspection/pc0_THWiTZkOR.jpg!m_fill,w_120,h_80,f_jpg?from=ke.com 
20241105,顺义,顺义城,101127370596,仓上小区,235万,,3室1厅 高楼层/共6层 南 北 平层/简装 108.03平米 1995年建/板楼,https://ke-image.ljcdn.com/110000-inspection/pc0_0312EjQKe.jpg!m_fill,w_120,h_80,f_jpg?from=ke.com 
20241105,丰台,马家堡,101127370607,未来66,240万,,1室0厅 底层/共22层 东南 平层/简装 41平米 塔楼,https://ke-image.ljcdn.com/110000-inspection/e78f9a13-c92a-4ac8-afb8-42de8d1b4679_1000.jpg!m_fill,w_120,h_80,f_jpg?from=ke.com 
20241105,大兴,旧宫,101127370557,朗润园二期,20万,,车位 地下室/共21层 南 暂无数据/简装 31.12平米 2015年建/板塔结合,https://s1.ljcdn.com/pegasus/redskull/images/common/default_house_detail.png?_v=202411041520163 
20241105,昌平,北七家,101127370470,温泉花园B区,165万,,2室1厅 顶层/共6层 南 北 平层/简装 55.54平米 2002年建/板楼,https://ke-image.ljcdn.com/110000-inspection/pc1_eGz0tEZp5.jpg!m_fill,w_120,h_80,f_jpg?from=ke.com 
20241105,朝阳,劲松,101127370809,农光里,323万,,2室1厅 高楼层/共6层 南 北 平层/精装 60.61平米 板楼,https://ke-image.ljcdn.com/110000-inspection/pc1_hm8O2ym45.jpg!m_fill,w_120,h_80,f_jpg?from=ke.com 
20241105,朝阳,北苑,101127370864,旭辉奥都,192万,,1室1厅 中楼层/共26层 东北 平层/其他 55.52平米 2009年建/塔楼,https://s1.ljcdn.com/pegasus/redskull/images/common/default_house_detail.png?_v=202411041520163 
20241105,西城,月坛,101127370871,阜成门南大街,479万,,1室1厅 中楼层/共14层 东 平层/其他 40.3平米 板塔结合,https://ke-image.ljcdn.com/110000-inspection/da8777db-d22b-487a-a04b-e525cbd21bfd_1000.jpg!m_fill,w_120,h_80,f_jpg?from=ke.com 
20241105,通州,万达,101127370275,京杭府,1200万,,4室2厅 中楼层/共36层 南 北 平层/精装 231.39平米 2014年建/板楼,https://ke-image.ljcdn.com/110000-inspection/8384611d-2efe-4925-8695-69b4880bf3a1_1000.jpg!m_fill,w_120,h_80,f_jpg?from=ke.com 
20241105,通州,万达,101127370094,北苑南路26号院,198万,,3室1厅 高楼层/共6层 南 西 北 暂无数据/简装 65.85平米 板楼,https://s1.ljcdn.com/pegasus/redskull/images/common/default_house_detail.png?_v=202411041520163 
20241105,海淀,定慧寺,101127370546,定慧北里,458万,,2室1厅 顶层/共6层 东 西 平层/精装 77.45平米 板楼,https://ke-image.ljcdn.com/110000-inspection/pc0_CYajMPA4f_1.jpg!m_fill,w_120,h_80,f_jpg?from=ke.com 
20241105,密云,鼓楼街道,101127371372,绿地朗山公馆北区,205万,,3室1厅 中楼层/共15层 南 北 平层/其他 102.44平米 2018年建/板楼,https://ke-image.ljcdn.com/110000-inspection/9949dc5e-4b88-4b5a-ac85-32b5434f14c8_1000.jpg!m_fill,w_120,h_80,f_jpg?from=ke.com 
20241105,大兴,黄村中,101127370570,星瑞家园,470万,,3室1厅 中楼层/共6层 南 北 平层/其他 120.74平米 板楼,https://ke-image.ljcdn.com/110000-inspection/176e85fa-eaaf-493f-87ab-ef6b912af2ed_1000.jpg!m_fill,w_120,h_80,f_jpg?from=ke.com 
20241105,东城,东花市,101127370710,本家润园C区,450万,,1室1厅 高楼层/共18层 北 平层/简装 50.86平米 板塔结合,https://ke-image.ljcdn.com/110000-inspection/35585c24-6fbe-423c-9c7e-d87069b8c0ff_1000.jpg!m_fill,w_120,h_80,f_jpg?from=ke.com 
20241105,丰台,青塔,101127370843,万科紫苑,618万,,2室1厅 低楼层/共14层 南 北 平层/精装 95.26平米 2009年建/板楼,https://ke-image.ljcdn.com/110000-inspection/91ad5dd2-e3a3-4d40-a65f-b94e3aae9da2_1000.jpg!m_fill,w_120,h_80,f_jpg?from=ke.com 
20241105,海淀,军博,101127370884,莲花池东路9号院,680万,,2室1厅 低楼层/共19层 东 平层/精装 71.38平米 塔楼,https://ke-image.ljcdn.com/110000-inspection/1c1dcbc2-c401-41d4-a92d-492631cb7af4_1000.jpg!m_fill,w_120,h_80,f_jpg?from=ke.com 
20241105,大兴,西红门,101127370602,鸿坤理想城八期,158万,,1室0厅 高楼层/共24层 南 平层/简装 47.01平米 2019年建/板楼,https://s1.ljcdn.com/pegasus/redskull/images/common/default_house_detail.png?_v=202411041520163 
20241105,海淀,定慧寺,101127370774,岭南路26号院,703万,,3室1厅 底层/共6层 南 北 平层/精装 67.4平米 板楼,https://ke-image.ljcdn.com/110000-inspection/pc1_VZ9ONUKwj.jpg!m_fill,w_120,h_80,f_jpg?from=ke.com 
20241105,通州,武夷花园,101127371152,运河湾北区,420万,,2室1厅 低楼层/共32层 南 平层/其他 86.06平米 板楼,https://s1.ljcdn.com/pegasus/redskull/images/common/default_house_detail.png?_v=202411041520163 
20241105,丰台,科技园区,101127370818,首开华润花香四季,459万,,2室1厅 中楼层/共28层 南 暂无数据/简装 81.31平米 2017年建/板楼,https://s1.ljcdn.com/pegasus/redskull/images/common/default_house_detail.png?_v=202411041520163 
20241105,朝阳,潘家园,101127370675,弘善家园,310万,,2室1厅 中楼层/共28层 南 平层/精装 58.85平米 2009年建/塔楼,https://ke-image.ljcdn.com/110000-inspection/d604fe7a-b940-4401-8893-71fab8d5cb3b_1000.jpg!m_fill,w_120,h_80,f_jpg?from=ke.com 
20241105,海淀,西山,101127371479,四季香山,1500万,,3室2厅 中楼层/共5层 南 北 平层/精装 142.05平米 板楼,https://ke-image.ljcdn.com/110000-inspection/aa61d246-112d-4ddb-a0ed-1fa67830b819_1000.jpg!m_fill,w_120,h_80,f_jpg?from=ke.com 
20241105,海淀,军博,101127371660,北小马厂3号院,778万,,2室1厅 底层/共8层 南 北 平层/精装 81.51平米 板楼,https://ke-image.ljcdn.com/110000-inspection/7fd21be6-a76f-4c70-a708-7617cc98fe57_1000.jpg!m_fill,w_120,h_80,f_jpg?from=ke.com 
20241105,朝阳,奥林匹克公园,101127370606,万科星园,920万,,3室1厅 低楼层/共28层 西南 平层/其他 124.23平米 塔楼,https://ke-image.ljcdn.com/110000-inspection/3750481d-bc1e-4124-9484-720f772a8cf4_1000.jpg!m_fill,w_120,h_80,f_jpg?from=ke.com 
20241105,大兴,黄村中,101127371291,三合北巷4号院,180万,,1室1厅 低楼层/共21层 南 平层/简装 44.35平米 2016年建/板楼,https://ke-image.ljcdn.com/110000-inspection/5a70901d-45fa-46e2-9f57-3fe1ec1a059a_1000.jpg!m_fill,w_120,h_80,f_jpg?from=ke.com 
20241105,海淀,玉泉路,101127370826,田村山南路18号院,416万,,2室1厅 低楼层/共6层 南 北 平层/精装 71.31平米 1999年建/板楼,https://ke-image.ljcdn.com/110000-inspection/pc0_EAAjOZjUn_1.jpg!m_fill,w_120,h_80,f_jpg?from=ke.com 
20241105,通州,九棵树(家乐福),101127370930,京贸国际公馆,760万,,3室2厅 低楼层/共27层 南 北 平层/精装 122.47平米 2019年建/板楼,https://ke-image.ljcdn.com/110000-inspection/8f16bac3-e838-4780-9861-b60f9d23aadb_1000.jpg!m_fill,w_120,h_80,f_jpg?from=ke.com 
20241105,怀柔,怀柔,101127371062,湖光小区,118万,,2室1厅 顶层/共5层 南 平层/简装 52.48平米 板楼,https://ke-image.ljcdn.com/110000-inspection/9db24c6d-1854-4172-af63-8bf45e979829_1000.jpg!m_fill,w_120,h_80,f_jpg?from=ke.com 
20241105,石景山,杨庄,101127371756,茂华璟公院,738万,,2室2厅 高楼层/共9层 南 平层/精装 113.01平米 2009年建/板塔结合,https://ke-image.ljcdn.com/110000-inspection/6b5189fb-60ae-42ab-9adc-d3327ab152f7_1000.jpg!m_fill,w_120,h_80,f_jpg?from=ke.com 
20241105,海淀,世纪城,101127371568,时雨园,1160万,,2室1厅 低楼层/共19层 东 南 平层/精装 105.82平米 2005年建/塔楼,https://ke-image.ljcdn.com/110000-inspection/pc1_EZQbfk8Ft_2.jpg!m_fill,w_120,h_80,f_jpg?from=ke.com 
20241105,大兴,旧宫,101127370782,芳源里,585万,,3室1厅 中楼层/共10层 南 北 暂无数据/简装 144.5平米 板楼,https://ke-image.ljcdn.com/110000-inspection/be13985b-ba5a-4233-8d26-93bd432c51cc_1000.jpg!m_fill,w_120,h_80,f_jpg?from=ke.com 
20241105,朝阳,北工大,101127371679,平乐园小区,335万,,2室1厅 高楼层/共18层 西南 平层/简装 60.71平米 1996年建/塔楼,https://ke-image.ljcdn.com/110000-inspection/pc1_dBgy37Abm.jpg!m_fill,w_120,h_80,f_jpg?from=ke.com 
20241105,朝阳,亚运村小营,101127371075,光大名筑,1290万,,3室2厅 底层/共11层 南 北 平层/精装 136.11平米 板楼,https://ke-image.ljcdn.com/110000-inspection/71af1f12-0a3b-41b5-bb50-00f1feb76917_1000.jpg!m_fill,w_120,h_80,f_jpg?from=ke.com 
20241105,门头沟,滨河西区,101127371865,含晖苑,436万,,3室2厅 底层/共6层 南 北 暂无数据/其他 123.78平米 板楼,https://s1.ljcdn.com/pegasus/redskull/images/common/default_house_detail.png?_v=202411041520163 
20241105,丰台,马家堡,101127371808,嘉园二里,125万,,2室1厅 地下室/共6层 东 西 平层/简装 35.42平米 板楼,https://ke-image.ljcdn.com/110000-inspection/apc_tLOJnZZbT_1.jpg!m_fill,w_120,h_80,f_jpg?from=ke.com 
20241105,海淀,安宁庄,101127371897,安宁里,388万,,2室1厅 高楼层/共6层 南 北 平层/精装 68.3平米 1990年建/板楼,https://ke-image.ljcdn.com/110000-inspection/42caf33b-97b9-4a25-8450-f1614026a94a_1000.jpg!m_fill,w_120,h_80,f_jpg?from=ke.com 
20241105,亦庄开发区,亦庄,101127372245,金色漫香林五期,600万,,4室1厅 顶层/共9层 南 北 复式/其他 89.95平米 2011年建/板楼,https://ke-image.ljcdn.com/110000-inspection/6dac5551-8d6c-4d61-9203-83db6d43e555_1000.jpg!m_fill,w_120,h_80,f_jpg?from=ke.com 
20241105,亦庄开发区,马驹桥,101127371354,宏仁家园,189万,,1室1厅 中楼层/共14层 南 平层/其他 76.54平米 2013年建/板楼,https://s1.ljcdn.com/pegasus/redskull/images/common/default_house_detail.png?_v=202411041520163 
20241105,朝阳,三元桥,101127371150,金星园,1250万,,3室1厅 低楼层/共21层 东 西 北 平层/精装 135.92平米 2005年建/塔楼,https://ke-image.ljcdn.com/110000-inspection/pc0_sAsE3hagg_1.jpg!m_fill,w_120,h_80,f_jpg?from=ke.com 
20241105,朝阳,望京,101127371956,大西洋新城C区,760万,,2室2厅 高楼层/共10层 西南 东北 平层/简装 96.16平米 板楼,https://ke-image.ljcdn.com/110000-inspection/38058960-2965-4a1a-9058-fb5566163f09_1000.jpg!m_fill,w_120,h_80,f_jpg?from=ke.com 
20241105,海淀,军博,101127371905,铁东小区,375万,,1室0厅 高楼层/共11层 东 平层/其他 36.7平米 1998年建/板塔结合,https://ke-image.ljcdn.com/110000-inspection/64f61007-f6ab-4be2-bbab-110aa9ba705c_1000.jpg!m_fill,w_120,h_80,f_jpg?from=ke.com 
20241105,大兴,高米店,101127372319,郁花园一里,338万,,3室2厅 中楼层/共7层 西 南 北 平层/简装 90.3平米 板楼,https://ke-image.ljcdn.com/110000-inspection/pc1_fqjV4FETu.jpg!m_fill,w_120,h_80,f_jpg?from=ke.com 
20241105,朝阳,潘家园,101127372093,华威西里,280万,,2室1厅 高楼层/共6层 南 北 平层/简装 64.51平米 板楼,https://ke-image.ljcdn.com/110000-inspection/52e0bc86-601a-4933-a908-f24acff0778c_1000.jpg!m_fill,w_120,h_80,f_jpg?from=ke.com 
20241105,通州,通州其它,101127372335,首开缇香郡二期,230万,,2室1厅 高楼层/共11层 南 北 暂无数据/其他 81.66平米 板楼,https://s1.ljcdn.com/pegasus/redskull/images/common/default_house_detail.png?_v=202411041520163 
20241105,朝阳,亚运村小营,101127372033,欧陆经典,1149万,,5室2厅 底层/共26层 东南 复式/精装 174.38平米 塔楼,https://ke-image.ljcdn.com/110000-inspection/f18ad5b0-f57d-4e20-b0ca-4970c78c9732_1000.jpg!m_fill,w_120,h_80,f_jpg?from=ke.com 
20241105,东城,永定门,101127371747,富莱茵花园,658万,,2室1厅 底层/共21层 东北 平层/精装 114.81平米 塔楼,https://ke-image.ljcdn.com/110000-inspection/0a419cd4-fdb1-4bdd-ac6f-6255bedbb443_1000.jpg!m_fill,w_120,h_80,f_jpg?from=ke.com 
20241105,海淀,军博,101127372508,海天中心,727万,,2室1厅 高楼层/共21层 西 平层/简装 91.4平米 塔楼,https://ke-image.ljcdn.com/110000-inspection/155ebc89-f95c-44bf-ad43-48650d231490_1000.jpg!m_fill,w_120,h_80,f_jpg?from=ke.com 
20241105,朝阳,和平里,101127371802,和平街十一区,475万,,2室1厅 顶层/共6层 南 平层/简装 69.91平米 1999年建/板楼,https://ke-image.ljcdn.com/110000-inspection/pc0_plx324TeZ.jpg!m_fill,w_120,h_80,f_jpg?from=ke.com 
20241105,东城,金宝街,101127372066,禾风仕家,680万,,2室1厅 中楼层/共10层 北 平层/精装 63.83平米 2000年建/板塔结合,https://ke-image.ljcdn.com/110000-inspection/7aadd771-7c5f-40a3-8f83-ecf6c3d445d7_1000.jpg!m_fill,w_120,h_80,f_jpg?from=ke.com 
20241105,朝阳,常营,101127371818,首开畅心园,350万,,3室1厅 底层/共26层 南 西 北 平层/精装 92.71平米 2010年建/塔楼,https://ke-image.ljcdn.com/110000-inspection/pc1_pbbFrotFm_2.jpg!m_fill,w_120,h_80,f_jpg?from=ke.com 
20241105,昌平,立水桥,101127372652,北京北,460万,,2室1厅 低楼层/共20层 东南 平层/精装 81.89平米 2009年建/板塔结合,https://ke-image.ljcdn.com/110000-inspection/c31c462b-a670-427c-93af-62198759718b_1000.jpg!m_fill,w_120,h_80,f_jpg?from=ke.com 
20241105,昌平,回龙观,101127372823,龙腾苑六区,449万,,3室1厅 顶层/共6层 南 北 平层/简装 126.66平米 板楼,https://ke-image.ljcdn.com/110000-inspection/0fe569e1-913b-43a5-b879-c1f285eaee51_1000.jpg!m_fill,w_120,h_80,f_jpg?from=ke.com 
20241105,丰台,科技园区,101127372342,广安康润家园东区,345万,,3室1厅 中楼层/共21层 南 北 平层/简装 103.24平米 2021年建/板楼,https://ke-image.ljcdn.com/110000-inspection/25717ba2-736f-44d2-a376-35568defdb9b_1000.jpg!m_fill,w_120,h_80,f_jpg?from=ke.com 
20241105,海淀,海淀北部新区,101127372651,冠城大通百旺府,450万,,1室1厅 中楼层/共11层 南 平层/其他 75.4平米 板楼,https://s1.ljcdn.com/pegasus/redskull/images/common/default_house_detail.png?_v=202411041520163 
20241105,朝阳,三元桥,101127372841,UHN国际村,445万,,1室0厅 中楼层/共28层 西北 平层/其他 52.34平米 2006年建/板楼,https://ke-image.ljcdn.com/110000-inspection/d134826f-1d03-4c89-8b34-7516af5e5144_1000.jpg!m_fill,w_120,h_80,f_jpg?from=ke.com 
20241105,朝阳,北苑,101127372621,北苑家园莲葩园,498万,,2室2厅 低楼层/共25层 东南 平层/精装 99.51平米 2004年建/塔楼,https://ke-image.ljcdn.com/110000-inspection/7bf4a376-bddb-4bd2-a260-b86d1ce44de9_1000.jpg!m_fill,w_120,h_80,f_jpg?from=ke.com 
20241105,丰台,蒲黄榆,101127372152,蒲黄榆四里,385万,,3室1厅 中楼层/共6层 南 北 平层/简装 68.5平米 板楼,https://ke-image.ljcdn.com/110000-inspection/8725195f-5e8f-439a-857d-7d5cd58312c3_1000.jpg!m_fill,w_120,h_80,f_jpg?from=ke.com 
20241105,朝阳,亚运村,101127372965,慧忠里C区,650万,,3室1厅 顶层/共6层 南 北 平层/精装 75.13平米 1990年建/板楼,https://ke-image.ljcdn.com/110000-inspection/43a2d996-194b-45aa-92ea-cbbdbe17fee7_1000.jpg!m_fill,w_120,h_80,f_jpg?from=ke.com 
20241105,密云,密云镇,101127372358,城建上河湾北区,182万,,3室2厅 中楼层/共15层 南 北 平层/其他 89.83平米 2014年建/板楼,https://ke-image.ljcdn.com/110000-inspection/pc1_ZwvZ9Dkpd.jpg!m_fill,w_120,h_80,f_jpg?from=ke.com 
20241105,石景山,石景山其它,101127372545,金隅滨和园6号院,165万,,1室1厅 低楼层/共31层 南 平层/简装 58.9平米 2013年建/板楼,https://ke-image.ljcdn.com/110000-inspection/992e42b7-8668-426a-ad30-27f3cd3cb04b_1000.jpg!m_fill,w_120,h_80,f_jpg?from=ke.com 
20241105,西城,宣武门,101127372747,南火扇胡同,170万,,1室0厅 底层/共1层 东 暂无数据/精装 6.8平米 平房,https://s1.ljcdn.com/pegasus/redskull/images/common/default_house_detail.png?_v=202411041520163 
20241105,东城,朝阳门内,101127372374,豆瓣胡同,899万,,2室1厅 低楼层/共15层 东南 南 平层/简装 71.76平米 板塔结合,https://ke-image.ljcdn.com/110000-inspection/3a272748-ae26-451b-9501-096da6f34d37_1000.jpg!m_fill,w_120,h_80,f_jpg?from=ke.com 
20241105,顺义,顺义其它,101127373079,下坡屯家园二区,139万,,2室1厅 顶层/共7层 南 北 平层/简装 82.88平米 2011年建/板楼,https://ke-image.ljcdn.com/110000-inspection/bf053bb4-cb7a-42c0-9bc2-36e00693d367_1000.jpg!m_fill,w_120,h_80,f_jpg?from=ke.com 
20241105,顺义,顺义城,101127372090,东兴二区,188万,,2室1厅 中楼层/共6层 南 北 平层/精装 71.39平米 板楼,https://ke-image.ljcdn.com/110000-inspection/7fcbd7fe-86de-4d85-8777-1a4d0f5a4154_1000.jpg!m_fill,w_120,h_80,f_jpg?from=ke.com 
20241105,顺义,顺义城,101127372561,幸福东区,142万,,1室1厅 低楼层/共6层 北 南 暂无数据/简装 42.61平米 1992年建/板楼,https://s1.ljcdn.com/pegasus/redskull/images/common/default_house_detail.png?_v=202411041520163 
20241105,海淀,紫竹桥,101127373049,北洼路28号院,1060万,,4室2厅 中楼层/共18层 西南 北 平层/精装 148.37平米 1996年建/塔楼,https://ke-image.ljcdn.com/110000-inspection/pc1_DSnvISPNt.jpg!m_fill,w_120,h_80,f_jpg?from=ke.com 
20241105,朝阳,华威桥,101127372859,南新园,220万,,1室1厅 顶层/共24层 南 平层/简装 58.99平米 1996年建/塔楼,https://ke-image.ljcdn.com/110000-inspection/a610553a-e916-490b-87f7-a225ddfc9b61_1000.jpg!m_fill,w_120,h_80,f_jpg?from=ke.com 
20241105,朝阳,朝青,101127372813,天鹅湾北区,650万,,1室1厅 低楼层/共26层 南 平层/精装 79.47平米 2007年建/板塔结合,https://ke-image.ljcdn.com/110000-inspection/pc0_mVYLqGAAJ.jpg!m_fill,w_120,h_80,f_jpg?from=ke.com 
20241105,朝阳,燕莎,101127372829,华远九都汇,1280万,,2室2厅 低楼层/共23层 南 西 平层/其他 153.93平米 2011年建/板楼,https://ke-image.ljcdn.com/110000-inspection/pc0_DmUzhQGVm_1.jpg!m_fill,w_120,h_80,f_jpg?from=ke.com 
20241105,顺义,顺义城,101127373177,石园东区,247万,,2室1厅 低楼层/共6层 南 北 平层/精装 86.01平米 1996年建/板楼,https://ke-image.ljcdn.com/110000-inspection/pc0_AWJ7uFgsm_1.jpg!m_fill,w_120,h_80,f_jpg?from=ke.com 
20241105,大兴,瀛海,101127372314,德茂小区,149万,,2室1厅 高楼层/共6层 南 北 平层/简装 55.81平米 板楼,https://ke-image.ljcdn.com/110000-inspection/pc0_ZCfu6E1yd.jpg!m_fill,w_120,h_80,f_jpg?from=ke.com 
20241105,顺义,顺义其它,101127372446,润景园,153万,,2室1厅 中楼层/共11层 东 西 暂无数据/精装 89.75平米 板塔结合,https://s1.ljcdn.com/pegasus/redskull/images/common/default_house_detail.png?_v=202411041520163 
20241105,海淀,清河,101127373151,莱圳家园,815万,,2室1厅 中楼层/共17层 西 东 平层/简装 94.14平米 2012年建/板楼,https://ke-image.ljcdn.com/110000-inspection/pc0_hJYnOcs9I.jpg!m_fill,w_120,h_80,f_jpg?from=ke.com 
20241105,大兴,枣园,101127373305,滨河西里南区,188万,,2室1厅 高楼层/共6层 南 北 平层/其他 61.92平米 板楼,https://ke-image.ljcdn.com/110000-inspection/pc0_8CLyYhG7K_2.jpg!m_fill,w_120,h_80,f_jpg?from=ke.com 
20241105,朝阳,奥林匹克公园,101127372897,世茂奥临花园,1900万,,3室2厅 高楼层/共27层 南 北 平层/其他 200.09平米 2007年建/板楼,https://ke-image.ljcdn.com/110000-inspection/e4ba57cb-91fa-4f4a-b6a8-48edabe3c6a6_1000.jpg!m_fill,w_120,h_80,f_jpg?from=ke.com 
20241105,海淀,清河,101127373005,莱圳家园,725万,,3室1厅 底层/共17层 东 西 平层/精装 98.63平米 2012年建/板楼,https://ke-image.ljcdn.com/110000-inspection/afbf0971-09ed-4954-9a81-d4ab9e9e268a_1000.jpg!m_fill,w_120,h_80,f_jpg?from=ke.com 
20241105,朝阳,三元桥,101127372776,UHN国际村,450万,,1室0厅 中楼层/共28层 东南 平层/其他 52.99平米 2006年建/板楼,https://ke-image.ljcdn.com/110000-inspection/pc0_W9Hc5Os0t_1.jpg!m_fill,w_120,h_80,f_jpg?from=ke.com 
20241105,昌平,昌平其它,101127373500,金科帕提欧,420万,,3室2厅 顶层/共7层 南 北 复式/其他 87.01平米 2011年建/板楼,https://ke-image.ljcdn.com/110000-inspection/pc0_SSwMO1KbB.jpg!m_fill,w_120,h_80,f_jpg?from=ke.com 
20241105,亦庄开发区,亦庄,101127373424,金地格林小镇,990万,,4室2厅 中楼层/共5层 南 北 平层/精装 175.29平米 板楼,https://ke-image.ljcdn.com/110000-inspection/pc0_9LiKFxx4m.jpg!m_fill,w_120,h_80,f_jpg?from=ke.com 
20241105,通州,万达,101127372702,万方家园,450万,,2室1厅 低楼层/共18层 南 平层/其他 76.47平米 2015年建/板楼,https://ke-image.ljcdn.com/110000-inspection/44ff1e6e-3edc-40ed-8897-990d2c1778b0_1000.jpg!m_fill,w_120,h_80,f_jpg?from=ke.com 
20241105,海淀,西山,101127373703,融创香山壹號院,3900万,,4室2厅 中楼层/共6层 西 北 南 平层/精装 271.22平米 2023年建/板楼,https://ke-image.ljcdn.com/110000-inspection/pc0_lzRfpZ0Ff_2.jpg!m_fill,w_120,h_80,f_jpg?from=ke.com 
20241105,顺义,后沙峪,101127372993,金地中央世家,100万,,1室1厅 低楼层/共9层 南 复式/精装 44.01平米 2016年建/板楼,https://s1.ljcdn.com/pegasus/redskull/images/common/default_house_detail.png?_v=202411041520163 
20241105,朝阳,甜水园,101127373456,道家园,499万,,3室1厅 低楼层/共18层 东 北 平层/精装 85.16平米 1993年建/塔楼,https://ke-image.ljcdn.com/110000-inspection/pc0_9x5MKsnZD.jpg!m_fill,w_120,h_80,f_jpg?from=ke.com 
20241105,顺义,顺义城,101127373733,石园南区,179万,,2室1厅 低楼层/共6层 南 北 平层/简装 83.57平米 板楼,https://ke-image.ljcdn.com/110000-inspection/pc0_ccR9eJWM5_1.jpg!m_fill,w_120,h_80,f_jpg?from=ke.com 
20241105,顺义,顺义其它,101127372920,润景园,150万,,2室1厅 中楼层/共11层 东 西 平层/其他 90.67平米 板塔结合,https://ke-image.ljcdn.com/110000-inspection/pc1_JQ0hhIwbB.jpg!m_fill,w_120,h_80,f_jpg?from=ke.com 
20241105,顺义,顺义其它,101127373497,润景园,139万,,2室1厅 底层/共11层 东 西 暂无数据/精装 87.39平米 板塔结合,https://s1.ljcdn.com/pegasus/redskull/images/common/default_house_detail.png?_v=202411041520163 
20241105,顺义,后沙峪,101127373535,蓝星花园,130万,,1室0厅 中楼层/共11层 西 平层/精装 32.38平米 2006年建/板塔结合,https://ke-image.ljcdn.com/110000-inspection/622eb2a1-497e-4eb6-b4aa-978530fefa61_1000.jpg!m_fill,w_120,h_80,f_jpg?from=ke.com 
20241105,石景山,苹果园,101127372814,西井小区一区,200万,,2室1厅 顶层/共6层 东 西 平层/简装 50.37平米 1984年建/板楼,https://ke-image.ljcdn.com/110000-inspection/8f086643-2aed-47f0-8ba9-0a7e2d207073_1000.jpg!m_fill,w_120,h_80,f_jpg?from=ke.com 
20241105,顺义,顺义城,101127373057,万科四季花城,470万,,3室2厅 低楼层/共11层 南 北 平层/精装 119.74平米 2006年建/板楼,https://s1.ljcdn.com/pegasus/redskull/images/common/default_house_detail.png?_v=202411041520163 
20241105,西城,马甸,101127373529,北环中心,786万,,4室1厅 底层/共26层 南 平层/简装 148.16平米 2006年建/塔楼,https://ke-image.ljcdn.com/110000-inspection/pc0_u3efWGgb2.jpg!m_fill,w_120,h_80,f_jpg?from=ke.com 
20241105,西城,马甸,101127373567,北环中心,760万,,3室1厅 底层/共26层 南 平层/简装 143.35平米 2006年建/塔楼,https://ke-image.ljcdn.com/110000-inspection/pc0_NhmwZaEev.jpg!m_fill,w_120,h_80,f_jpg?from=ke.com 
20241105,朝阳,甘露园,101127373861,甘露晴苑,510万,,3室1厅 底层/共22层 东南 平层/其他 110.16平米 塔楼,https://ke-image.ljcdn.com/110000-inspection/pc0_V4DJIHb6g.jpg!m_fill,w_120,h_80,f_jpg?from=ke.com 
20241105,昌平,北七家,101127373373,海德堡花园,184万,,1室1厅 底层/共5层 南 平层/精装 49.51平米 2004年建/板楼,https://ke-image.ljcdn.com/110000-inspection/aeba2311-581d-432a-8223-6274ed3c22a0_1000.jpg!m_fill,w_120,h_80,f_jpg?from=ke.com 
20241105,大兴,枣园,101127373506,新安里,170万,,2室1厅 顶层/共6层 南 北 平层/其他 69.48平米 1995年建/板楼,https://s1.ljcdn.com/pegasus/redskull/images/common/default_house_detail.png?_v=202411041520163 
20241105,朝阳,红庙,101127373611,呼家楼南里,309万,,2室1厅 中楼层/共6层 南 北 平层/精装 47.72平米 1973年建/板楼,https://ke-image.ljcdn.com/110000-inspection/pc0_t48JmuLb9_1.jpg!m_fill,w_120,h_80,f_jpg?from=ke.com 
20241105,通州,万达,101127373972,京杭府,1320万,,4室1厅 低楼层/共36层 东 南 北 平层/精装 263.88平米 2014年建/板楼,https://ke-image.ljcdn.com/110000-inspection/9e7455af-0197-423b-b116-451ceb1d38a9_1000.jpg!m_fill,w_120,h_80,f_jpg?from=ke.com 
20241105,朝阳,高碑店,101127373217,南太平庄北巷,319万,,2室1厅 中楼层/共7层 东 西 平层/简装 80.4平米 板楼,https://ke-image.ljcdn.com/110000-inspection/4e37505f-4891-44b3-a168-e02bbbc7dd77_1000.jpg!m_fill,w_120,h_80,f_jpg?from=ke.com 
20241105,昌平,天通苑,101127373705,天通苑东三区,448万,,4室2厅 高楼层/共7层 南 北 复式/精装 185.37平米 板楼,https://ke-image.ljcdn.com/110000-inspection/pc0_5CAsBsxZ1.jpg!m_fill,w_120,h_80,f_jpg?from=ke.com 
20241105,密云,鼓楼街道,101127374108,密云橡树湾西区,340万,,3室2厅 中楼层/共11层 南 北 平层/精装 125.62平米 板楼,https://ke-image.ljcdn.com/110000-inspection/pc1_F8AScYC5b.jpg!m_fill,w_120,h_80,f_jpg?from=ke.com 
20241105,海淀,公主坟,101127373739,翠微路2号院,500万,,2室1厅 顶层/共6层 南 北 平层/毛坯 61.4平米 板楼,https://ke-image.ljcdn.com/110000-inspection/pc0_vCNu8w4Ut.jpg!m_fill,w_120,h_80,f_jpg?from=ke.com 
20241105,密云,鼓楼街道,101127373746,长安小区,138万,,2室2厅 顶层/共7层 南 北 平层/其他 89.38平米 板楼,https://ke-image.ljcdn.com/110000-inspection/pc0_8QusTidRd_1.jpg!m_fill,w_120,h_80,f_jpg?from=ke.com 
20241105,大兴,西红门,101127374149,瑞海家园三区,380万,,2室1厅 中楼层/共6层 南 北 暂无数据/简装 95.72平米 板楼,https://s1.ljcdn.com/pegasus/redskull/images/common/default_house_detail.png?_v=202411041520163 
20241105,朝阳,常营,101127373400,北京新天地二期,500万,,2室2厅 高楼层/共28层 东南 平层/简装 100.57平米 板塔结合,https://ke-image.ljcdn.com/110000-inspection/1e5b30d4-3060-458a-983b-0e49cf354150_1000.jpg!m_fill,w_120,h_80,f_jpg?from=ke.com 
20241105,朝阳,豆各庄,101127373807,绿丰家园,330万,,2室1厅 中楼层/共6层 南 北 暂无数据/精装 101.73平米 板楼,https://s1.ljcdn.com/pegasus/redskull/images/common/default_house_detail.png?_v=202411041520163 
20241105,石景山,老山,101127373731,老山西里,336万,,2室1厅 中楼层/共6层 南 北 暂无数据/简装 69.31平米 1998年建/板楼,https://s1.ljcdn.com/pegasus/redskull/images/common/default_house_detail.png?_v=202411041520163 
20241105,丰台,蒲黄榆,101127374080,刘家窑南里,190万,,1室1厅 高楼层/共6层 南 平层/简装 40.66平米 板楼,https://ke-image.ljcdn.com/110000-inspection/pc0_fUonhqQcT_1.jpg!m_fill,w_120,h_80,f_jpg?from=ke.com 
20241105,门头沟,上岸地铁,101127374300,电建金地华宸,1030万,,2室1厅 高楼层/共6层 南 北 平层/其他 185.27平米 板塔结合,https://ke-image.ljcdn.com/110000-inspection/pc0_tj1KaxQ7I.jpg!m_fill,w_120,h_80,f_jpg?from=ke.com 
20241105,门头沟,大峪,101127374340,永新小区,172.8万,,2室1厅 顶层/共6层 南 平层/精装 62.03平米 板楼,https://ke-image.ljcdn.com/110000-inspection/523f10ee-1056-4eb3-9bb0-79d2b92ad066_1000.jpg!m_fill,w_120,h_80,f_jpg?from=ke.com 
20241105,朝阳,东坝,101127373601,金隅悦和园,320万,,2室1厅 中楼层/共28层 南 北 平层/精装 77.11平米 2013年建/板楼,https://ke-image.ljcdn.com/110000-inspection/pc1_9r4rnNqVP.jpg!m_fill,w_120,h_80,f_jpg?from=ke.com 
20241105,丰台,科技园区,101127374535,京投银泰万科西华府,470万,,2室1厅 高楼层/共21层 南 平层/精装 71.35平米 板楼,https://ke-image.ljcdn.com/110000-inspection/24b1b869-33ac-4f62-a4ad-893e9b36768d_1000.jpg!m_fill,w_120,h_80,f_jpg?from=ke.com 
20241105,朝阳,团结湖,101127374372,团结湖南里,418万,,3室1厅 低楼层/共15层 西北 平层/毛坯 81.29平米 1985年建/塔楼,https://ke-image.ljcdn.com/110000-inspection/apc_je51cvbJW_1.jpg!m_fill,w_120,h_80,f_jpg?from=ke.com 
20241105,朝阳,惠新西街,101127374437,惠新里小区,490万,,3室1厅 顶层/共6层 南 北 西 平层/精装 77.19平米 板楼,https://ke-image.ljcdn.com/110000-inspection/pc0_DC9QllEWs.jpg!m_fill,w_120,h_80,f_jpg?from=ke.com 
20241105,顺义,顺义城,101127373649,石园西区,156万,,2室1厅 中楼层/共6层 南 北 平层/精装 60.81平米 1990年建/板楼,https://ke-image.ljcdn.com/110000-inspection/pc0_nThZh7pTs_1.jpg!m_fill,w_120,h_80,f_jpg?from=ke.com 
20241105,房山,良乡,101127374063,首创伊林郡一期,232万,,2室1厅 高楼层/共18层 南 平层/简装 73.42平米 2015年建/板塔结合,https://ke-image.ljcdn.com/110000-inspection/pc1_Kd0gHIBoB_1.jpg!m_fill,w_120,h_80,f_jpg?from=ke.com 
20241105,海淀,五道口,101127374233,成府路20号院,510万,,2室1厅 中楼层/共9层 东 西 平层/精装 58.5平米 板楼,https://s1.ljcdn.com/pegasus/redskull/images/common/default_house_detail.png?_v=202411041520163 
20241105,海淀,五棵松,101127374111,金沟河5号院,375万,,2室1厅 顶层/共6层 南 北 平层/简装 61.8平米 板楼,https://ke-image.ljcdn.com/110000-inspection/pc1_IyahQgVGq_1.jpg!m_fill,w_120,h_80,f_jpg?from=ke.com 
20241105,朝阳,红庙,101127374221,延静西里,400万,,3室0厅 中楼层/共15层 南 北 平层/精装 70.52平米 1987年建/板塔结合,https://ke-image.ljcdn.com/110000-inspection/94e33b19-c53b-400e-8b13-0f440b815c8b_1000.jpg!m_fill,w_120,h_80,f_jpg?from=ke.com 
20241105,顺义,顺义城,101127373912,西辛北区,132万,,1室1厅 高楼层/共6层 南 北 平层/简装 52.58平米 1997年建/板楼,https://s1.ljcdn.com/pegasus/redskull/images/common/default_house_detail.png?_v=202411041520163 
20241105,朝阳,太阳宫,101127374597,水星园,1180万,,3室1厅 低楼层/共19层 东南 东北 西北 平层/其他 125.18平米 2005年建/塔楼,https://ke-image.ljcdn.com/110000-inspection/b246833e-33c7-4997-a310-608e218063ce_1000.jpg!m_fill,w_120,h_80,f_jpg?from=ke.com 
20241105,昌平,回龙观,101127374345,龙泽苑东区,520万,,3室1厅 底层/共7层 南 北 平层/其他 121.01平米 2005年建/板楼,https://s1.ljcdn.com/pegasus/redskull/images/common/default_house_detail.png?_v=202411041520163 
20241105,丰台,万源,101127373944,桃源里,280万,,2室1厅 中楼层/共6层 南 北 平层/简装 76.9平米 板楼,https://ke-image.ljcdn.com/110000-inspection/pc1_XZ7JE6Yhl.jpg!m_fill,w_120,h_80,f_jpg?from=ke.com 
20241105,大兴,枣园,101127374386,首邑溪谷,240万,,2室1厅 低楼层/共16层 南 北 复式/其他 45.89平米 2012年建/板塔结合,https://ke-image.ljcdn.com/110000-inspection/627e0446-b304-47d5-9833-e110573670f2_1000.jpg!m_fill,w_120,h_80,f_jpg?from=ke.com 
20241105,顺义,中央别墅区,101127374317,翠竹新村,189万,,1室1厅 中楼层/共11层 西 平层/其他 65.01平米 2010年建/板塔结合,https://ke-image.ljcdn.com/110000-inspection/pc1_U5eSrWm5A_1.jpg!m_fill,w_120,h_80,f_jpg?from=ke.com 
20241105,顺义,顺义城,101127374764,金汉绿港三区,240万,,1室1厅 高楼层/共18层 东南 平层/简装 66.99平米 2009年建/板塔结合,https://ke-image.ljcdn.com/110000-inspection/bbbe365f-7a07-40b1-aff8-c5c88938ece9_1000.jpg!m_fill,w_120,h_80,f_jpg?from=ke.com 
20241105,顺义,中央别墅区,101127374393,誉天下四期,1400万,,5室3厅 底层/共3层 南 北 复式/其他 400.7平米 板楼,https://ke-image.ljcdn.com/110000-inspection/pc0_cJqBlaqhK_1.jpg!m_fill,w_120,h_80,f_jpg?from=ke.com 
20241105,亦庄开发区,亦庄河西区,101127374757,枫丹壹号二期,865万,,4室2厅 中楼层/共27层 南 北 平层/其他 144.52平米 2014年建/板楼,https://ke-image.ljcdn.com/110000-inspection/ef08c01d-1d65-4a15-9e46-1091e9846421_1000.jpg!m_fill,w_120,h_80,f_jpg?from=ke.com 
20241105,东城,和平里,101127374065,民旺园,707万,,2室1厅 中楼层/共6层 南 北 西 平层/精装 64.3平米 板楼,https://ke-image.ljcdn.com/110000-inspection/pc0_SZiEzRJSv.jpg!m_fill,w_120,h_80,f_jpg?from=ke.com 
20241105,丰台,西罗园,101127374106,西罗园三区,290万,,2室1厅 高楼层/共18层 南 平层/简装 59.7平米 塔楼,https://ke-image.ljcdn.com/110000-inspection/04daff1d-8512-4bfa-87b2-98076a0807b9_1000.jpg!m_fill,w_120,h_80,f_jpg?from=ke.com 
20241105,海淀,双榆树,101127374804,知春东里,605万,,2室1厅 中楼层/共6层 南 北 平层/简装 57.9平米 板楼,https://ke-image.ljcdn.com/110000-inspection/pc1_9eMZ90E96_1.jpg!m_fill,w_120,h_80,f_jpg?from=ke.com 
20241105,丰台,太平桥,101127374415,太平桥东里,515万,,3室1厅 底层/共6层 南 北 平层/简装 78.34平米 板楼,https://ke-image.ljcdn.com/110000-inspection/pc0_hQURPMblF_1.jpg!m_fill,w_120,h_80,f_jpg?from=ke.com 
20241105,丰台,青塔,101127374550,广安康馨家园北区,248万,,1室1厅 高楼层/共34层 南 暂无数据/简装 60.29平米 2015年建/板楼,https://s1.ljcdn.com/pegasus/redskull/images/common/default_house_detail.png?_v=202411041520163 
20241105,丰台,太平桥,101127374463,太平桥小区,369万,,2室1厅 低楼层/共24层 东南 平层/精装 55.3平米 塔楼,https://ke-image.ljcdn.com/110000-inspection/pc0_QPqQfyxGK_1.jpg!m_fill,w_120,h_80,f_jpg?from=ke.com 
20241105,丰台,右安门外,101127374960,亚林西居住区9号院,370万,,2室1厅 低楼层/共28层 南 平层/精装 58.46平米 板塔结合,https://ke-image.ljcdn.com/110000-inspection/f31db21c-babf-4afa-b7c1-f511ee5fb42d_1000.jpg!m_fill,w_120,h_80,f_jpg?from=ke.com 
20241105,朝阳,定福庄,101127374202,定福家园1号院,499万,,3室1厅 中楼层/共16层 南 平层/其他 110.15平米 2010年建/塔楼,https://ke-image.ljcdn.com/110000-inspection/apc_9w5xP3fgS_1.jpg!m_fill,w_120,h_80,f_jpg?from=ke.com 
20241105,亦庄开发区,亦庄,101127374289,北京经开壹中心,408万,,2室1厅 中楼层/共11层 南 北 平层/其他 77.42平米 2016年建/塔楼,https://ke-image.ljcdn.com/110000-inspection/pc1_MEujlnslV.jpg!m_fill,w_120,h_80,f_jpg?from=ke.com 
20241105,东城,安定门,101127374511,永康胡同5号院,586万,,1室1厅 顶层/共5层 南 平层/其他 36.58平米 板楼,https://ke-image.ljcdn.com/110000-inspection/21dae2c1-b47c-4fe6-a126-d62a09acc88e_1000.jpg!m_fill,w_120,h_80,f_jpg?from=ke.com 
20241105,朝阳,团结湖,101127375180,团结湖路,338万,,2室1厅 低楼层/共6层 东 西 平层/精装 61.72平米 板楼,https://ke-image.ljcdn.com/110000-inspection/eb3ce777-5d82-4508-b05f-797eff68c915_1000.jpg!m_fill,w_120,h_80,f_jpg?from=ke.com 
20241105,朝阳,西坝河,101127374266,金岛花园,820万,,3室1厅 中楼层/共22层 东南 平层/简装 109.03平米 塔楼,https://ke-image.ljcdn.com/110000-inspection/82829cff-3cca-4de2-9a09-a5688c0f3f7e_1000.jpg!m_fill,w_120,h_80,f_jpg?from=ke.com 
20241105,丰台,成寿寺,101127375076,方庄南路18号院,392万,,2室1厅 高楼层/共28层 东南 平层/精装 78.45平米 2018年建/板塔结合,https://ke-image.ljcdn.com/110000-inspection/229dedec-6073-4b59-a4c8-9ca5aa53303c_1000.jpg!m_fill,w_120,h_80,f_jpg?from=ke.com 
20241105,东城,左安门,101127375027,左安浦园,590万,,3室1厅 低楼层/共14层 东 南 平层/精装 77.31平米 板楼,https://ke-image.ljcdn.com/110000-inspection/pc0_CfYJAktaC_1.jpg!m_fill,w_120,h_80,f_jpg?from=ke.com 
20241105,朝阳,劲松,101127374845,富顿,265万,,1室0厅 中楼层/共23层 东 平层/精装 48.79平米 2003年建/塔楼,https://s1.ljcdn.com/pegasus/redskull/images/common/default_house_detail.png?_v=202411041520163 
20241105,朝阳,双桥,101127375292,北花园小区3号院,159万,,1室0厅 底层/共29层 南 平层/其他 48.68平米 板楼,https://ke-image.ljcdn.com/110000-inspection/pc0_GHJKaSFgw.jpg!m_fill,w_120,h_80,f_jpg?from=ke.com 
20241105,丰台,马家堡,101127374606,晨新园,459万,,2室2厅 中楼层/共6层 南 北 平层/其他 76.24平米 板楼,https://ke-image.ljcdn.com/110000-inspection/7cd69bfa-04b3-41bf-a6c2-9f7f4762526c_1000.jpg!m_fill,w_120,h_80,f_jpg?from=ke.com 
20241105,海淀,苏州桥,101127374417,大河庄苑,1420万,,2室1厅 中楼层/共16层 西南 平层/精装 118.05平米 塔楼,https://ke-image.ljcdn.com/110000-inspection/5892413e-7010-4a70-80c1-73ab60159fa9_1000.jpg!m_fill,w_120,h_80,f_jpg?from=ke.com 
20241105,海淀,苏州桥,101127374568,三义庙北,499万,,2室1厅 中楼层/共6层 东 西 平层/简装 67.09平米 板楼,https://s1.ljcdn.com/pegasus/redskull/images/common/default_house_detail.png?_v=202411041520163 
20241105,朝阳,北苑,101127374687,北苑6号院,315万,,2室1厅 顶层/共6层 南 北 平层/其他 72.22平米 板楼,https://ke-image.ljcdn.com/110000-inspection/d8a87545-459c-4638-9df6-cb6926a4fb14_1000.jpg!m_fill,w_120,h_80,f_jpg?from=ke.com 
20241105,西城,长椿街,101127374925,西便门内大街79号院,345万,,1室1厅 顶层/共4层 西 平层/其他 39平米 板楼,https://ke-image.ljcdn.com/110000-inspection/pc0_KHnvM1h5P_1.jpg!m_fill,w_120,h_80,f_jpg?from=ke.com 
20241105,海淀,五道口,101127374670,文津国际公寓,460万,,1室0厅 中楼层/共19层 南 平层/简装 75.91平米 2007年建/塔楼,https://ke-image.ljcdn.com/110000-inspection/065646d8-e2d7-42c3-8fea-96968d1c36f0_1000.jpg!m_fill,w_120,h_80,f_jpg?from=ke.com 
20241105,通州,果园,101127374490,葛布店东里,255万,,3室1厅 底层/共6层 南 北 平层/简装 65.18平米 板楼,https://ke-image.ljcdn.com/110000-inspection/pc1_ZBAc3tbd7_1.jpg!m_fill,w_120,h_80,f_jpg?from=ke.com 
20241105,海淀,苏州桥,101127374751,万泉庄小区,630万,,2室1厅 低楼层/共6层 南 北 平层/精装 62.6平米 板楼,https://ke-image.ljcdn.com/110000-inspection/pc0_HabNbM32p_1.jpg!m_fill,w_120,h_80,f_jpg?from=ke.com 
20241105,朝阳,望京,101127375500,利泽西园,500万,,2室1厅 低楼层/共7层 南 北 平层/精装 72.07平米 板楼,https://ke-image.ljcdn.com/110000-inspection/pc1_vLNy4fQHz_1.jpg!m_fill,w_120,h_80,f_jpg?from=ke.com 
20241105,丰台,玉泉营,101127374570,三环新城6号院,590万,,2室1厅 低楼层/共22层 南 平层/精装 102.83平米 板塔结合,https://ke-image.ljcdn.com/110000-inspection/e385a96a-dc07-48a0-828f-de149d7b703f_1000.jpg!m_fill,w_120,h_80,f_jpg?from=ke.com 
20241105,丰台,青塔,101127374657,万恒家园,670万,,3室2厅 低楼层/共6层 南 北 平层/其他 123.35平米 2005年建/板楼,https://ke-image.ljcdn.com/110000-inspection/pc0_ctJzsOKMe_1.jpg!m_fill,w_120,h_80,f_jpg?from=ke.com 
20241105,亦庄开发区,亦庄,101127375621,金色漫香林六期,200万,,3室1厅 中楼层/共9层 南 平层/精装 93.55平米 板塔结合,https://s1.ljcdn.com/pegasus/redskull/images/common/default_house_detail.png?_v=202411041520163 
20241105,西城,牛街,101127375347,贵仁居,830万,,2室1厅 中楼层/共18层 东 南 平层/精装 79.2平米 2007年建/塔楼,https://ke-image.ljcdn.com/110000-inspection/pc0_XZFvMbnhc.jpg!m_fill,w_120,h_80,f_jpg?from=ke.com 
20241105,通州,通州其它,101127374863,东惠家园4号院,199万,,1室1厅 高楼层/共27层 南 平层/简装 61.93平米 2021年建/板楼,https://ke-image.ljcdn.com/110000-inspection/d7db0e1d-c42b-492c-9a46-d2a4b2f7b97e_1000.jpg!m_fill,w_120,h_80,f_jpg?from=ke.com 
20241105,朝阳,北苑,101127375556,新街坊,679万,,2室2厅 高楼层/共18层 南 平层/精装 130.69平米 2004年建/板楼,https://ke-image.ljcdn.com/110000-inspection/308592c1-b964-4a01-b569-f98c8bb10dfb_1000.jpg!m_fill,w_120,h_80,f_jpg?from=ke.com 
20241105,朝阳,石佛营,101127375616,酷特区,483万,,2室1厅 低楼层/共22层 南 北 平层/精装 79.58平米 板塔结合,https://s1.ljcdn.com/pegasus/redskull/images/common/default_house_detail.png?_v=202411041520163 
20241105,大兴,枣园,101127374650,红木林南区,450万,,2室1厅 中楼层/共28层 西南 平层/简装 70.99平米 2013年建/板楼,https://s1.ljcdn.com/pegasus/redskull/images/common/default_house_detail.png?_v=202411041520163 
20241105,海淀,海淀北部新区,101127375588,海淀幸福里,1250万,,3室1厅 顶层/共14层 南 北 平层/精装 131.22平米 2022年建/板楼,https://ke-image.ljcdn.com/110000-inspection/d230b081-f0a0-49ee-921c-ca913f42db4d_1000.jpg!m_fill,w_120,h_80,f_jpg?from=ke.com 
20241105,朝阳,亚运村小营,101127375632,嘉铭桐城C区,775万,,2室1厅 顶层/共28层 西南 平层/其他 110.22平米 塔楼,https://ke-image.ljcdn.com/110000-inspection/d5766247-7a5f-403d-99a7-6cad88005135_1000.jpg!m_fill,w_120,h_80,f_jpg?from=ke.com 
20241105,房山,长阳,101127375490,长阳半岛2号院,309万,,2室1厅 顶层/共18层 南 暂无数据/精装 86.34平米 2011年建/板塔结合,https://s1.ljcdn.com/pegasus/redskull/images/common/default_house_detail.png?_v=202411041520163 
20241105,朝阳,北苑,101127375277,中国铁建花语城,1450万,,3室2厅 中楼层/共6层 南 北 暂无数据/精装 148.87平米 板楼,https://s1.ljcdn.com/pegasus/redskull/images/common/default_house_detail.png?_v=202411041520163 
20241105,朝阳,朝阳公园,101127376087,瞰都国际,710万,,3室1厅 低楼层/共19层 西南 平层/精装 115.2平米 2005年建/塔楼,https://ke-image.ljcdn.com/110000-inspection/pc1_hlz9OoDFh.jpg!m_fill,w_120,h_80,f_jpg?from=ke.com 
20241105,密云,鼓楼街道,101127374698,宾阳里小区,140万,,2室1厅 中楼层/共6层 南 北 平层/其他 77.24平米 板楼,https://ke-image.ljcdn.com/110000-inspection/496dc12a-7c3f-429f-9cce-b16f3bacc412_1000.jpg!m_fill,w_120,h_80,f_jpg?from=ke.com 
20241105,朝阳,潘家园,101127375611,弘善家园,300万,,1室1厅 高楼层/共28层 南 平层/其他 57.1平米 2009年建/塔楼,https://ke-image.ljcdn.com/110000-inspection/28555da1-7f43-4870-bce2-fc186af498c2_1000.jpg!m_fill,w_120,h_80,f_jpg?from=ke.com 
20241105,西城,广安门,101127375620,远见名苑,850万,,2室2厅 低楼层/共26层 南 暂无数据/精装 81.37平米 塔楼,https://s1.ljcdn.com/pegasus/redskull/images/common/default_house_detail.png?_v=202411041520163 
20241105,朝阳,双桥,101127375433,金隅康惠园3号院,248万,,1室1厅 顶层/共20层 东北 平层/简装 61.21平米 2012年建/板楼,https://ke-image.ljcdn.com/110000-inspection/apc_1gHhiqU3V_1.jpg!m_fill,w_120,h_80,f_jpg?from=ke.com 
20241105,大兴,枣园,101127374961,滨河西里中区,148万,,1室1厅 底层/共6层 南 平层/简装 39.35平米 板楼,https://ke-image.ljcdn.com/110000-inspection/d36e67bf-ddd9-4015-88aa-bc8e07c319b7_1000.jpg!m_fill,w_120,h_80,f_jpg?from=ke.com 
20241105,通州,果园,101127375587,苏荷时代,340万,,2室1厅 高楼层/共18层 南 北 平层/毛坯 87.4平米 2005年建/板塔结合,https://ke-image.ljcdn.com/110000-inspection/5d3887e2-f572-479b-8ab9-c2b3ec71ab6a_1000.jpg!m_fill,w_120,h_80,f_jpg?from=ke.com 
20241105,门头沟,门头沟其它,101127375309,檀香府,500万,,3室1厅 顶层/共6层 东 南 北 平层/其他 125平米 板楼,https://ke-image.ljcdn.com/110000-inspection/pc0_rlm34uvTp_1.jpg!m_fill,w_120,h_80,f_jpg?from=ke.com 
20241105,丰台,马家堡,101127375634,新新天第,350万,,2室1厅 底层/共9层 东 北 平层/精装 57.89平米 2005年建/板塔结合,https://s1.ljcdn.com/pegasus/redskull/images/common/default_house_detail.png?_v=202411041520163 
20241105,西城,德胜门,101127375675,冰窖口胡同73号院,1150万,,3室1厅 中楼层/共6层 南 北 平层/简装 74.1平米 板楼,https://s1.ljcdn.com/pegasus/redskull/images/common/default_house_detail.png?_v=202411041520163 
20241105,大兴,旧宫,101127374826,幻星家园,550万,,3室1厅 低楼层/共9层 南 北 平层/精装 129.25平米 2003年建/板楼,https://ke-image.ljcdn.com/110000-inspection/pc0_QcHDqbpHP_1.jpg!m_fill,w_120,h_80,f_jpg?from=ke.com 
20241105,通州,通州其它,101127375989,紫峰九院城,99万,,2室1厅 中楼层/共18层 南 北 平层/精装 60.11平米 板楼,https://ke-image.ljcdn.com/110000-inspection/ac23b0da-3171-4b40-b624-1dfede90645d_1000.jpg!m_fill,w_120,h_80,f_jpg?from=ke.com 
20241105,昌平,天通苑,101127375357,天通苑东一区,315万,,2室1厅 低楼层/共7层 南 北 平层/精装 88.95平米 板楼,https://ke-image.ljcdn.com/110000-inspection/pc1_Feho9iS68.jpg!m_fill,w_120,h_80,f_jpg?from=ke.com 
20241105,大兴,高米店,101127375650,天恒世界集,90万,,1室1厅 低楼层/共13层 东 暂无数据/其他 47.09平米 塔楼,https://s1.ljcdn.com/pegasus/redskull/images/common/default_house_detail.png?_v=202411041520163 
20241105,亦庄开发区,亦庄,101127375609,贵园北里戊区,248万,,1室1厅 底层/共6层 南 北 暂无数据/简装 59.08平米 板楼,https://s1.ljcdn.com/pegasus/redskull/images/common/default_house_detail.png?_v=202411041520163 
20241105,石景山,鲁谷,101127375373,永乐西区,249万,,2室1厅 高楼层/共6层 东 西 平层/其他 62.08平米 1991年建/板楼,https://ke-image.ljcdn.com/110000-inspection/pc1_vQVWCxyGm.jpg!m_fill,w_120,h_80,f_jpg?from=ke.com 
20241105,东城,广渠门,101127376375,广渠门内大街,525万,,2室1厅 中楼层/共14层 南 平层/简装 62.81平米 1987年建/板楼,https://ke-image.ljcdn.com/110000-inspection/dd611167-f9ef-4486-a836-af418f674f8c_1000.jpg!m_fill,w_120,h_80,f_jpg?from=ke.com 
20241105,朝阳,红庙,101127375560,红庙北里,250万,,1室1厅 中楼层/共18层 南 北 平层/简装 49.56平米 1989年建/板楼,https://s1.ljcdn.com/pegasus/redskull/images/common/default_house_detail.png?_v=202411041520163 
20241105,大兴,黄村火车站,101127375329,车站北里,248万,,2室1厅 中楼层/共6层 南 北 平层/简装 77.18平米 板楼,https://ke-image.ljcdn.com/110000-inspection/820c8a21-4d5f-4cc3-a6e5-24b0e722f714_1000.jpg!m_fill,w_120,h_80,f_jpg?from=ke.com 
20241105,朝阳,双桥,101127375843,温泉北里,269万,,3室1厅 高楼层/共6层 南 北 平层/简装 97.69平米 2000年建/板楼,https://ke-image.ljcdn.com/110000-inspection/pc0_frOQWFcHm.jpg!m_fill,w_120,h_80,f_jpg?from=ke.com 
20241105,朝阳,亮马桥,101127376116,新源里东,369万,,2室1厅 中楼层/共5层 南 北 平层/简装 56.69平米 板楼,https://ke-image.ljcdn.com/110000-inspection/pc0_iMKGIDX2l_2.jpg!m_fill,w_120,h_80,f_jpg?from=ke.com 
20241105,昌平,天通苑,101127375705,都市芳园明湖园,735万,,4室3厅 中楼层/共4层 东 南 北 复式/精装 181.57平米 板楼,https://ke-image.ljcdn.com/110000-inspection/6a76c83b-f8da-4806-852e-22eef865430f_1000.jpg!m_fill,w_120,h_80,f_jpg?from=ke.com 
20241105,朝阳,朝阳门外,101127375050,三丰里小区,285万,,1室1厅 顶层/共6层 东 西 北 平层/其他 41.08平米 板楼,https://ke-image.ljcdn.com/110000-inspection/1d60a14c-44a5-4307-be17-8ef66452bf6e_1000.jpg!m_fill,w_120,h_80,f_jpg?from=ke.com 
20241105,顺义,顺义城,101127375566,阳光水岸,325万,,2室1厅 高楼层/共18层 南 北 平层/精装 88.19平米 2010年建/板楼,https://ke-image.ljcdn.com/110000-inspection/pc0_wsviXh24n_1.jpg!m_fill,w_120,h_80,f_jpg?from=ke.com 
20241105,亦庄开发区,亦庄,101127375851,贵园南里丙区,275万,,1室1厅 高楼层/共6层 南 北 平层/简装 59.88平米 板楼,https://ke-image.ljcdn.com/110000-inspection/pc0_KpJHCdIj8.jpg!m_fill,w_120,h_80,f_jpg?from=ke.com 
20241105,朝阳,北苑,101127376455,城市绿洲花园,898万,,3室2厅 顶层/共9层 南 北 复式/精装 134.06平米 2005年建/板楼,https://ke-image.ljcdn.com/110000-inspection/17a84ff3-3de6-47b0-b435-01949d571984_1000.jpg!m_fill,w_120,h_80,f_jpg?from=ke.com 
20241105,朝阳,北苑,101127375393,北苑家园紫绶园,370万,,2室1厅 高楼层/共25层 东南 北 平层/其他 79.63平米 塔楼,https://ke-image.ljcdn.com/110000-inspection/bf11c416-a770-4911-b96c-f738616b534c_1000.jpg!m_fill,w_120,h_80,f_jpg?from=ke.com 
20241105,丰台,青塔,101127376148,同馨家园,259万,,1室1厅 顶层/共28层 南 平层/其他 72.77平米 2014年建/板楼,https://ke-image.ljcdn.com/110000-inspection/pc1_AqOY13nXh_1.jpg!m_fill,w_120,h_80,f_jpg?from=ke.com 
20241105,顺义,顺义城,101127375598,西辛北区,409万,,3室1厅 低楼层/共16层 南 北 平层/精装 136.51平米 2013年建/塔楼,https://ke-image.ljcdn.com/110000-inspection/0e56863a-0048-4ac6-8ba2-06c76b54574e_1000.jpg!m_fill,w_120,h_80,f_jpg?from=ke.com 
20241105,东城,天坛,101127375098,金鱼池西区,1020万,,4室2厅 中楼层/共5层 南 北 跃层/精装 135.13平米 2003年建/板楼,https://s1.ljcdn.com/pegasus/redskull/images/common/default_house_detail.png?_v=202411041520163 
20241105,朝阳,定福庄,101127375931,金福家园,405万,,2室1厅 中楼层/共18层 东南 北 平层/其他 109.77平米 2002年建/塔楼,https://s1.ljcdn.com/pegasus/redskull/images/common/default_house_detail.png?_v=202411041520163 
20241105,丰台,青塔,101127375581,青塔东里,400万,,2室1厅 底层/共7层 东 西 平层/精装 84.51平米 板楼,https://ke-image.ljcdn.com/110000-inspection/pc0_Nj3OhAdCe_1.jpg!m_fill,w_120,h_80,f_jpg?from=ke.com 
20241105,通州,潞苑,101127375939,东亚逸品阁,30万,,车位 地下室/共1层 南 暂无数据/其他 37.91平米 2013年建/板塔结合,https://s1.ljcdn.com/pegasus/redskull/images/common/default_house_detail.png?_v=202411041520163 
20241105,西城,马连道,101127376309,马连道中里,586万,,2室1厅 低楼层/共6层 南 北 平层/简装 63.14平米 1996年建/板楼,https://ke-image.ljcdn.com/110000-inspection/pc0_xdqTPTZzB.jpg!m_fill,w_120,h_80,f_jpg?from=ke.com 
20241105,海淀,北太平庄,101127375995,北影小区,499万,,2室0厅 中楼层/共17层 东南 平层/精装 59.72平米 塔楼,https://ke-image.ljcdn.com/110000-inspection/pc0_5abSccGmt_1.jpg!m_fill,w_120,h_80,f_jpg?from=ke.com 
20241105,大兴,枣园,101127375210,彩虹新城,400万,,3室1厅 高楼层/共16层 北 南 平层/简装 87.73平米 2008年建/板楼,https://ke-image.ljcdn.com/110000-inspection/88b8ee6e-7c5f-4ee6-997d-dfe8fd27eaf6_1000.jpg!m_fill,w_120,h_80,f_jpg?from=ke.com 
20241105,朝阳,十里堡,101127375816,十里堡北里,288万,,2室1厅 顶层/共6层 南 平层/简装 61.01平米 1987年建/板楼,https://s1.ljcdn.com/pegasus/redskull/images/common/default_house_detail.png?_v=202411041520163 
20241105,西城,月坛,101127376583,阜成门外大街,890万,,2室1厅 顶层/共5层 南 北 平层/其他 74平米 板楼,https://ke-image.ljcdn.com/110000-inspection/pc0_W6gCIC1HR.jpg!m_fill,w_120,h_80,f_jpg?from=ke.com 
20241105,西城,六铺炕,101127376357,安德路,900万,,2室1厅 底层/共6层 东 暂无数据/其他 59.1平米 1993年建/板楼,https://s1.ljcdn.com/pegasus/redskull/images/common/default_house_detail.png?_v=202411041520163 
20241105,海淀,公主坟,101127376556,普惠南里,420万,,1室1厅 低楼层/共18层 南 平层/精装 47.5平米 1989年建/塔楼,https://ke-image.ljcdn.com/110000-inspection/pc0_o4R9RIo92.jpg!m_fill,w_120,h_80,f_jpg?from=ke.com 
20241105,顺义,顺义城,101127376512,龙府花园,299万,,3室1厅 高楼层/共6层 南 北 平层/简装 97.88平米 板楼,https://ke-image.ljcdn.com/110000-inspection/pc0_ce4Bka9w1_1.jpg!m_fill,w_120,h_80,f_jpg?from=ke.com 
20241105,昌平,天通苑,101127376260,天通苑东一区,319万,,2室1厅 中楼层/共7层 南 北 平层/精装 84.5平米 板楼,https://ke-image.ljcdn.com/110000-inspection/pc1_oyRNXl3T0.jpg!m_fill,w_120,h_80,f_jpg?from=ke.com 
20241105,怀柔,怀柔,101127375709,裕华园一区,75万,,1室1厅 中楼层/共15层 南 北 平层/其他 51.6平米 板楼,https://ke-image.ljcdn.com/110000-inspection/4971aef0-6ab0-47e5-bcf9-16449df119f1_1000.jpg!m_fill,w_120,h_80,f_jpg?from=ke.com 
20241105,朝阳,十里堡,101127376153,十里堡北里,320万,,2室1厅 底层/共6层 南 平层/简装 49.49平米 1984年建/板楼,https://s1.ljcdn.com/pegasus/redskull/images/common/default_house_detail.png?_v=202411041520163 
20241105,东城,永定门,101127376679,天天家园,718万,,2室2厅 中楼层/共11层 东 西 暂无数据/其他 100.8平米 板楼,https://s1.ljcdn.com/pegasus/redskull/images/common/default_house_detail.png?_v=202411041520163 
20241105,西城,广安门,101127376179,红居斜街4号院,437万,,3室1厅 顶层/共6层 东 西 平层/精装 54.59平米 1980年建/板楼,https://ke-image.ljcdn.com/110000-inspection/apc_BeCfbnjO0_1.jpg!m_fill,w_120,h_80,f_jpg?from=ke.com 
20241105,大兴,天宫院,101127376095,珺悦国际,200万,,3室1厅 中楼层/共28层 西南 暂无数据/简装 131.59平米 2014年建/塔楼,https://s1.ljcdn.com/pegasus/redskull/images/common/default_house_detail.png?_v=202411041520163 
20241105,房山,良乡,101127375745,绿地诺亚方舟,95万,,1室1厅 中楼层/共14层 南 暂无数据/精装 51.14平米 2016年建/塔楼,https://s1.ljcdn.com/pegasus/redskull/images/common/default_house_detail.png?_v=202411041520163 
20241105,大兴,枣园,101127376024,兴盛街187号院,380万,,2室2厅 中楼层/共12层 南 北 平层/其他 88.44平米 板楼,https://ke-image.ljcdn.com/110000-inspection/fb267b24-13f8-42c8-96db-32d46da4c12a_1000.jpg!m_fill,w_120,h_80,f_jpg?from=ke.com 
20241105,大兴,黄村火车站,101127376281,翰林庭院,760万,,4室3厅 高楼层/共15层 南 北 复式/简装 199.73平米 2008年建/板楼,https://ke-image.ljcdn.com/110000-inspection/0f6e0ae4-55c8-4425-a0e2-ff4033731dc3_1000.jpg!m_fill,w_120,h_80,f_jpg?from=ke.com 
20241105,房山,城关,101127376727,矿机北路,88万,,2室1厅 低楼层/共7层 东 西 平层/精装 65.98平米 1996年建/板楼,https://ke-image.ljcdn.com/110000-inspection/pc0_ZNCwK6bAR_2.jpg!m_fill,w_120,h_80,f_jpg?from=ke.com 
20241105,顺义,顺义城,101127376876,石园西区,195万,,2室1厅 中楼层/共6层 南 北 平层/简装 66.48平米 1991年建/板楼,https://ke-image.ljcdn.com/110000-inspection/pc0_nthvt9CFe_1.jpg!m_fill,w_120,h_80,f_jpg?from=ke.com 
20241105,丰台,玉泉营,101127376056,万年花城二期,260万,,1室0厅 低楼层/共24层 北 平层/精装 51.96平米 塔楼,https://ke-image.ljcdn.com/110000-inspection/pc0_EOhaTHgIX_1.jpg!m_fill,w_120,h_80,f_jpg?from=ke.com 
20241105,大兴,黄村中,101127375825,星瑞家园,360万,,2室1厅 中楼层/共6层 南 北 平层/精装 99.13平米 板楼,https://ke-image.ljcdn.com/110000-inspection/190d59d8-2bf2-4919-80fe-04fce367aeaa_1000.jpg!m_fill,w_120,h_80,f_jpg?from=ke.com 
20241105,朝阳,四惠,101127376355,通惠家园,693万,,3室1厅 中楼层/共9层 南 北 平层/简装 142.23平米 板楼,https://s1.ljcdn.com/pegasus/redskull/images/common/default_house_detail.png?_v=202411041520163 
20241105,顺义,顺义城,101127376741,石园北区,158万,,1室1厅 低楼层/共18层 东 平层/简装 72.57平米 2003年建/塔楼,https://ke-image.ljcdn.com/110000-inspection/pc0_VpkUH8eFl.jpg!m_fill,w_120,h_80,f_jpg?from=ke.com 
20241105,通州,通州其它,101127376562,首开万科城市之光盛佳尚苑,68万,,2室1厅 低楼层/共14层 西 暂无数据/精装 36.64平米 2018年建/塔楼,https://s1.ljcdn.com/pegasus/redskull/images/common/default_house_detail.png?_v=202411041520163 
20241105,西城,右安门内,101127376190,育人里小区,1049万,,3室2厅 中楼层/共6层 南 北 暂无数据/其他 99.37平米 板楼,https://s1.ljcdn.com/pegasus/redskull/images/common/default_house_detail.png?_v=202411041520163 
20241105,房山,良乡,101127376345,伟业嘉园西里,125万,,2室1厅 顶层/共5层 北 暂无数据/其他 40.39平米 板楼,https://ke-image.ljcdn.com/110000-inspection/pc0_xXWXOqgqT_1.jpg!m_fill,w_120,h_80,f_jpg?from=ke.com 
20241105,海淀,清河,101127376710,砂轮厂宿舍,379万,,2室1厅 中楼层/共7层 南 北 暂无数据/其他 63.85平米 板楼,https://s1.ljcdn.com/pegasus/redskull/images/common/default_house_detail.png?_v=202411041520163 
20241105,西城,广安门,101127376287,荣丰2008,500万,,1室1厅 中楼层/共26层 南 暂无数据/其他 61.58平米 2006年建/塔楼,https://s1.ljcdn.com/pegasus/redskull/images/common/default_house_detail.png?_v=202411041520163 
20241105,顺义,顺义城,101127375658,石园东区,190万,,1室1厅 顶层/共6层 南 北 平层/其他 60.37平米 1995年建/板楼,https://ke-image.ljcdn.com/110000-inspection/pc0_kxntlho4I_1.jpg!m_fill,w_120,h_80,f_jpg?from=ke.com 
20241105,房山,窦店,101127376136,山水汇豪苑A区,129万,,2室1厅 低楼层/共6层 南 北 平层/精装 85.25平米 2003年建/板楼,https://ke-image.ljcdn.com/110000-inspection/pc0_tn5g1qm7u.jpg!m_fill,w_120,h_80,f_jpg?from=ke.com 
20241105,丰台,青塔,101127375937,青塔芳园,260万,,2室1厅 中楼层/共6层 南 北 平层/简装 62.25平米 板楼,https://ke-image.ljcdn.com/110000-inspection/5a0eb360-e0bc-4a85-9c7d-91cc3570eb49_1000.jpg!m_fill,w_120,h_80,f_jpg?from=ke.com 
20241105,房山,长阳,101127376690,合景领峰7号院,380万,,3室1厅 中楼层/共18层 南 北 平层/精装 99.1平米 2015年建/板楼,https://ke-image.ljcdn.com/110000-inspection/05dceb77-b3ff-4b12-82b5-3d410df274b2_1000.jpg!m_fill,w_120,h_80,f_jpg?from=ke.com 
20241105,通州,万达,101127376738,北人家园,275万,,2室1厅 低楼层/共16层 东 西 暂无数据/简装 80.33平米 2018年建/塔楼,https://ke-image.ljcdn.com/110000-inspection/pc0_WDF165NbE_1.jpg!m_fill,w_120,h_80,f_jpg?from=ke.com 
20241105,房山,城关,101127375962,矿机北路,105万,,3室1厅 底层/共7层 南 北 暂无数据/其他 63.57平米 1996年建/板楼,https://s1.ljcdn.com/pegasus/redskull/images/common/default_house_detail.png?_v=202411041520163 
20241105,西城,木樨地,101127376843,复兴门外大街,880万,,2室1厅 低楼层/共16层 南 平层/毛坯 70.79平米 塔楼,https://s1.ljcdn.com/pegasus/redskull/images/common/default_house_detail.png?_v=202411041520163 
20241105,东城,永定门,101127376589,望坛新苑,650万,,2室1厅 高楼层/共10层 东 暂无数据/精装 74.87平米 板楼,https://s1.ljcdn.com/pegasus/redskull/images/common/default_house_detail.png?_v=202411041520163 
20241105,海淀,二里庄,101127376831,科技大学家属院(海淀),363万,,1室1厅 低楼层/共12层 南 暂无数据/简装 35平米 板楼,https://s1.ljcdn.com/pegasus/redskull/images/common/default_house_detail.png?_v=202411041520163 
20241105,丰台,右安门外,101127377301,玉林里小区,505万,,3室1厅 低楼层/共18层 东南 西南 平层/精装 81.8平米 塔楼,https://ke-image.ljcdn.com/110000-inspection/pc0_UyFu7j5l0_1.jpg!m_fill,w_120,h_80,f_jpg?from=ke.com 
20241105,顺义,后沙峪,101127377412,万科城市花园,336万,,2室2厅 中楼层/共6层 南 北 平层/精装 81.6平米 1995年建/板楼,https://ke-image.ljcdn.com/110000-inspection/pc1_Jpr6YrLFP_1.jpg!m_fill,w_120,h_80,f_jpg?from=ke.com 
20241105,丰台,玉泉营,101127377397,青秀雅苑,256万,,1室1厅 低楼层/共21层 南 平层/精装 71.22平米 2011年建/板楼,https://ke-image.ljcdn.com/110000-inspection/81b5be1b-d351-4528-9a5a-7f301c51721a_1000.jpg!m_fill,w_120,h_80,f_jpg?from=ke.com 
20241105,房山,窦店,101127376458,世界名园南区,220万,,3室2厅 顶层/共6层 南 北 平层/毛坯 134.2平米 2011年建/板楼,https://ke-image.ljcdn.com/110000-inspection/pc1_LZD5igSYp_2.jpg!m_fill,w_120,h_80,f_jpg?from=ke.com 
20241105,东城,和平里,101127377510,安外大街80号院,456万,,1室1厅 顶层/共6层 南 平层/其他 42.88平米 1984年建/板楼,https://ke-image.ljcdn.com/110000-inspection/3f3d4d50-6f4b-4cf9-9d84-a02f300b173a_1000.jpg!m_fill,w_120,h_80,f_jpg?from=ke.com 
20241105,丰台,马家堡,101127377836,南华小区,372万,,2室1厅 低楼层/共7层 东 北 平层/简装 72.91平米 板楼,https://ke-image.ljcdn.com/110000-inspection/pc1_CLVjHGt0n_1.jpg!m_fill,w_120,h_80,f_jpg?from=ke.com 
20241105,大兴,天宫院,101127377639,保利春天里,267万,,2室1厅 底层/共30层 南 平层/精装 84.63平米 2014年建/板楼,https://ke-image.ljcdn.com/110000-inspection/7700e5d3-6af9-4dd4-9b41-4d5941233f5d_1000.jpg!m_fill,w_120,h_80,f_jpg?from=ke.com 
20241105,朝阳,红庙,101127377557,红庙北里,296万,,2室1厅 顶层/共5层 南 北 平层/简装 64.83平米 板楼,https://ke-image.ljcdn.com/110000-inspection/pc0_8U2J5HOfl.jpg!m_fill,w_120,h_80,f_jpg?from=ke.com 
20241105,昌平,北七家,101127377474,王府温馨公寓,260万,,2室1厅 中楼层/共6层 南 北 暂无数据/简装 89.9平米 板楼,https://s1.ljcdn.com/pegasus/redskull/images/common/default_house_detail.png?_v=202411041520163 
20241105,通州,通州其它,101127377506,泰晤士印象,195万,,3室1厅 中楼层/共11层 南 北 平层/精装 105.82平米 2016年建/板楼,https://ke-image.ljcdn.com/110000-inspection/746451d3-e432-4537-8375-d5bbe90025e5_1000.jpg!m_fill,w_120,h_80,f_jpg?from=ke.com 
20241105,房山,房山其它,101127377751,大自然新城雅苑,180万,,4室2厅 顶层/共6层 南 北 暂无数据/其他 162.16平米 2003年建/板楼,https://s1.ljcdn.com/pegasus/redskull/images/common/default_house_detail.png?_v=202411041520163 
20241105,海淀,学院路,101127377651,建清园,460万,,2室1厅 中楼层/共6层 南 平层/精装 53平米 板楼,https://ke-image.ljcdn.com/110000-inspection/pc0_USVCNsbOR_1.jpg!m_fill,w_120,h_80,f_jpg?from=ke.com 
20241105,朝阳,豆各庄,101127378060,万科青青家园,580万,,3室2厅 中楼层/共5层 南 北 平层/精装 131.06平米 板楼,https://ke-image.ljcdn.com/110000-inspection/pc0_sSwg7GOB4.jpg!m_fill,w_120,h_80,f_jpg?from=ke.com 
20241105,海淀,二里庄,101127378368,二里庄小区,410万,,1室1厅 中楼层/共6层 东 平层/简装 49.3平米 1993年建/板楼,https://ke-image.ljcdn.com/110000-inspection/pc0_CYKokgpXZ_1.jpg!m_fill,w_120,h_80,f_jpg?from=ke.com 
20241105,朝阳,亮马桥,101127377535,新源街,475万,,3室1厅 中楼层/共16层 北 平层/精装 76.28平米 塔楼,https://ke-image.ljcdn.com/110000-inspection/556fea32-cddc-4f89-9d91-c3aaf7b27c23_1000.jpg!m_fill,w_120,h_80,f_jpg?from=ke.com 
20241105,顺义,后沙峪,101127376858,蓝星花园,375万,,3室2厅 底层/共13层 南 北 平层/简装 131.54平米 板楼,https://ke-image.ljcdn.com/110000-inspection/pc1_Ym0NxfHop_1.jpg!m_fill,w_120,h_80,f_jpg?from=ke.com 
20241105,顺义,顺义城,101127378284,东兴一区,192万,,1室1厅 中楼层/共6层 南 北 平层/简装 64.62平米 板楼,https://ke-image.ljcdn.com/110000-inspection/deb0829e-bddf-4642-9c7f-bdb47ecb5661_1000.jpg!m_fill,w_120,h_80,f_jpg?from=ke.com 
20241105,石景山,鲁谷,101127378119,远洋沁山水,750万,,2室1厅 低楼层/共20层 南 北 平层/简装 86.15平米 2010年建/板楼,https://ke-image.ljcdn.com/110000-inspection/e8dadaa0-4c73-48db-a548-ae8d695abd08_1000.jpg!m_fill,w_120,h_80,f_jpg?from=ke.com 
20241105,大兴,义和庄,101127377774,恒大未来城,209万,,3室1厅 低楼层/共19层 北 跃层/其他 95.3平米 2017年建/塔楼,https://s1.ljcdn.com/pegasus/redskull/images/common/default_house_detail.png?_v=202411041520163 
20241105,西城,木樨地,101127378019,真武庙二里,1000万,,3室1厅 低楼层/共18层 东北 平层/其他 92.7平米 塔楼,https://ke-image.ljcdn.com/110000-inspection/8a3b8a5d-3f94-4f78-b0b7-5ba28438aeac_1000.jpg!m_fill,w_120,h_80,f_jpg?from=ke.com 
20241105,房山,良乡,101127378037,阳光邑上,278万,,2室2厅 顶层/共6层 南 北 复式/精装 85.75平米 2011年建/板楼,https://ke-image.ljcdn.com/110000-inspection/pc0_jl6Xzisaz_1.jpg!m_fill,w_120,h_80,f_jpg?from=ke.com 
20241105,朝阳,朝青,101127378294,华纺易城,950万,,3室1厅 低楼层/共15层 南 北 平层/简装 134.96平米 2006年建/板楼,https://ke-image.ljcdn.com/110000-inspection/pc1_3U7ZyENS1_1.jpg!m_fill,w_120,h_80,f_jpg?from=ke.com 
20241105,朝阳,国展,101127378608,左家庄西街1号院,480万,,3室1厅 低楼层/共6层 东 西 平层/毛坯 70.73平米 1994年建/板楼,https://ke-image.ljcdn.com/110000-inspection/3a6762ac-0745-4bb3-935d-5ae174c9ba61_1000.jpg!m_fill,w_120,h_80,f_jpg?from=ke.com 
20241105,朝阳,石佛营,101127377922,炫特嘉园一期,283万,,1室1厅 低楼层/共22层 东南 平层/精装 55.06平米 2004年建/塔楼,https://ke-image.ljcdn.com/110000-inspection/pc1_Si7YAtomR_1.jpg!m_fill,w_120,h_80,f_jpg?from=ke.com 
20241105,西城,广安门,101127377823,红居南街1号院,368万,,2室2厅 地下室/共6层 南 西 北 平层/简装 48.52平米 1989年建/板楼,https://ke-image.ljcdn.com/110000-inspection/pc1_o7NBQOliv_1.jpg!m_fill,w_120,h_80,f_jpg?from=ke.com 
20241105,石景山,古城,101127378324,中海长安雅苑,515万,,3室1厅 高楼层/共20层 东南 北 平层/精装 87.12平米 板楼,https://ke-image.ljcdn.com/110000-inspection/1f7c763e-ac74-4452-819b-aa3dbd029ee1_1000.jpg!m_fill,w_120,h_80,f_jpg?from=ke.com 
20241105,大兴,旧宫,101127378057,芳源里,478万,,2室1厅 底层/共6层 南 北 平层/其他 90.32平米 2004年建/板楼,https://ke-image.ljcdn.com/110000-inspection/78971807-5db7-405b-947d-95212c125558_1000.jpg!m_fill,w_120,h_80,f_jpg?from=ke.com 
20241105,朝阳,豆各庄,101127378310,扬州水乡,960万,,4室2厅 底层/共3层 南 北 复式/简装 170.28平米 2004年建/板楼,https://ke-image.ljcdn.com/110000-inspection/06bba0b4-390f-4687-a23c-881cfb73c553_1000.jpg!m_fill,w_120,h_80,f_jpg?from=ke.com 
20241105,丰台,新宫,101127378476,泰禾金府大院,1750万,,5室1厅 高楼层/共6层 南 北 复式/其他 185.23平米 板楼,https://ke-image.ljcdn.com/110000-inspection/2b4e1ff9-ba14-40f1-b804-f76cd6277b74_1000.jpg!m_fill,w_120,h_80,f_jpg?from=ke.com 
20241105,海淀,双榆树,101127378688,知春里,635万,,2室1厅 高楼层/共18层 西南 平层/精装 74.1平米 塔楼,https://ke-image.ljcdn.com/110000-inspection/2b8ec646-dffe-4946-a2cb-bfe5317061c0_1000.jpg!m_fill,w_120,h_80,f_jpg?from=ke.com 
20241105,昌平,西关环岛,101127377918,西环里,200万,,2室1厅 低楼层/共6层 南 平层/其他 69.79平米 板楼,https://ke-image.ljcdn.com/110000-inspection/pc0_FQUDPRP6N.jpg!m_fill,w_120,h_80,f_jpg?from=ke.com 
20241105,西城,牛街,101127378342,枣林前街,539万,,2室1厅 顶层/共16层 南 平层/简装 61.52平米 1989年建/板楼,https://ke-image.ljcdn.com/110000-inspection/pc0_xJZ28EoJq.jpg!m_fill,w_120,h_80,f_jpg?from=ke.com 
20241105,朝阳,亚运村,101127377805,慧忠里B区,520万,,2室1厅 顶层/共6层 南 北 平层/简装 63.89平米 板楼,https://ke-image.ljcdn.com/110000-inspection/pc0_DxfIy1cr3_1.jpg!m_fill,w_120,h_80,f_jpg?from=ke.com 
20241105,昌平,鼓楼大街,101127378056,金隅万科城二期,346万,,2室1厅 高楼层/共28层 东南 平层/精装 84.85平米 2012年建/板塔结合,https://ke-image.ljcdn.com/110000-inspection/pc1_6AQgcJgFt.jpg!m_fill,w_120,h_80,f_jpg?from=ke.com 
20241105,西城,牛街,101127378313,平原里小区,285万,,1室1厅 地下室/共6层 南 北 平层/其他 44.36平米 板楼,https://ke-image.ljcdn.com/110000-inspection/pc1_kORd4K6QY_1.jpg!m_fill,w_120,h_80,f_jpg?from=ke.com 
20241105,通州,九棵树(家乐福),101127378374,大方居,289万,,2室1厅 中楼层/共22层 东 平层/精装 89.92平米 2010年建/板塔结合,https://ke-image.ljcdn.com/110000-inspection/caff6d6a-45f8-4ad7-8c1b-ee5739fd53f7_1000.jpg!m_fill,w_120,h_80,f_jpg?from=ke.com 
20241105,顺义,后沙峪,101127378580,中粮祥云国际生活区,1580万,,4室3厅 低楼层/共15层 南 北 平层/其他 304.49平米 2013年建/塔楼,https://ke-image.ljcdn.com/110000-inspection/pc1_qwkQt6cU1_1.jpg!m_fill,w_120,h_80,f_jpg?from=ke.com 
20241105,丰台,大红门,101127378732,临泓路6号院,310万,,1室1厅 中楼层/共16层 东南 平层/简装 60.09平米 板塔结合,https://ke-image.ljcdn.com/110000-inspection/0105e1ab-6fbf-4a55-861c-6642e3016013_1000.jpg!m_fill,w_120,h_80,f_jpg?from=ke.com 
20241105,丰台,木樨园,101127378210,远中悦麒,468万,,2室1厅 高楼层/共24层 东北 平层/简装 92.04平米 2006年建/塔楼,https://ke-image.ljcdn.com/110000-inspection/5903fbdf-137c-456f-be81-ffc6cb01ba65_1000.jpg!m_fill,w_120,h_80,f_jpg?from=ke.com 
20241105,西城,马甸,101127378357,新风南里,650万,,2室1厅 地下室/共6层 东南 平层/精装 61.7平米 板楼,https://ke-image.ljcdn.com/110000-inspection/3d69a328-339d-426e-955a-fe3af234409d_1000.jpg!m_fill,w_120,h_80,f_jpg?from=ke.com 
20241105,密云,密云镇,101127378136,海阔水岸花墅,585万,,4室3厅 底层/共4层 东南 西北 复式/其他 250.27平米 板塔结合,https://ke-image.ljcdn.com/110000-inspection/pc0_R0Ez4R94g.jpg!m_fill,w_120,h_80,f_jpg?from=ke.com 
20241105,东城,蒲黄榆,101127377338,景泰东里,330万,,1室1厅 中楼层/共6层 南 暂无数据/简装 51.73平米 板楼,https://s1.ljcdn.com/pegasus/redskull/images/common/default_house_detail.png?_v=202411041520163 
20241105,怀柔,怀柔,101127378454,南华园二区,198万,,3室1厅 中楼层/共6层 南 北 平层/简装 98.44平米 板楼,https://ke-image.ljcdn.com/110000-inspection/4ef4fbdc-ebef-485f-8b91-06750d7a6812_1000.jpg!m_fill,w_120,h_80,f_jpg?from=ke.com 
20241105,顺义,顺义城,101127378796,金汉绿港三区,235万,,1室1厅 高楼层/共18层 南 平层/简装 66.99平米 2009年建/板塔结合,https://ke-image.ljcdn.com/110000-inspection/156252fe-2dec-40d3-96eb-cd5f43b21c34_1000.jpg!m_fill,w_120,h_80,f_jpg?from=ke.com 
20241105,通州,马驹桥,101127378823,融科钧廷,288万,,2室1厅 中楼层/共11层 南 平层/其他 74.38平米 2014年建/板楼,https://ke-image.ljcdn.com/110000-inspection/2a96d15f-2b64-4dc1-8132-ebc6909cfc25_1000.jpg!m_fill,w_120,h_80,f_jpg?from=ke.com 
20241105,海淀,甘家口,101127378367,阜北小区,620万,,3室1厅 中楼层/共5层 南 北 平层/精装 71平米 1966年建/板楼,https://ke-image.ljcdn.com/110000-inspection/pc1_Vjb1p9guL.jpg!m_fill,w_120,h_80,f_jpg?from=ke.com 
20241105,顺义,顺义城,101127378587,金汉绿港三区,379万,,3室2厅 低楼层/共20层 南 北 平层/其他 129.86平米 2009年建/板塔结合,https://s1.ljcdn.com/pegasus/redskull/images/common/default_house_detail.png?_v=202411041520163 
20241105,昌平,西三旗,101127378232,旗胜家园,385万,,2室1厅 低楼层/共21层 南 北 平层/简装 89.81平米 2009年建/板塔结合,https://ke-image.ljcdn.com/110000-inspection/7e5dfcbd-9734-43a3-9032-f783555fb10d_1000.jpg!m_fill,w_120,h_80,f_jpg?from=ke.com 
20241105,丰台,赵公口,101127377370,石榴庄西街,330万,,3室1厅 中楼层/共6层 南 北 平层/精装 69.1平米 板楼,https://ke-image.ljcdn.com/110000-inspection/3a4a370f-af2e-49d3-a010-e1c702477998_1000.jpg!m_fill,w_120,h_80,f_jpg?from=ke.com 
20241105,朝阳,北苑,101127378804,天润福熙大道,1330万,,3室2厅 低楼层/共27层 北 南 东 暂无数据/简装 159.07平米 2011年建/板楼,https://ke-image.ljcdn.com/110000-inspection/apc_dzwkFdKyJ_1.jpg!m_fill,w_120,h_80,f_jpg?from=ke.com 
20241105,朝阳,三元桥,101127378237,UHN国际村,1680万,,4室1厅 低楼层/共6层 南 北 平层/精装 174.98平米 2007年建/板楼,https://ke-image.ljcdn.com/110000-inspection/f0f4ef45-b826-4420-97f5-687cd80784ad_1000.jpg!m_fill,w_120,h_80,f_jpg?from=ke.com 
20241105,丰台,右安门外,101127378852,昆仑域,460万,,2室1厅 高楼层/共29层 南 北 平层/简装 66.74平米 板楼,https://ke-image.ljcdn.com/110000-inspection/10f725b2-266b-4f73-9bf5-00f6c3664c64_1000.jpg!m_fill,w_120,h_80,f_jpg?from=ke.com 
20241105,石景山,杨庄,101127378526,八角北路11号院,410万,,3室1厅 顶层/共7层 南 北 平层/精装 76.56平米 1999年建/板楼,https://ke-image.ljcdn.com/110000-inspection/5fbae271-4b84-4f27-b0cd-c15bc2928b64_1000.jpg!m_fill,w_120,h_80,f_jpg?from=ke.com 
20241105,大兴,西红门,101127379360,鸿坤理想城四期,280万,,2室1厅 顶层/共24层 南 北 平层/简装 76.03平米 板塔结合,https://ke-image.ljcdn.com/110000-inspection/b8f5bddd-b81f-45c8-b43e-a9bd461383ce_1000.jpg!m_fill,w_120,h_80,f_jpg?from=ke.com 
20241105,顺义,顺义城,101127378709,怡馨家园,445万,,3室2厅 高楼层/共18层 南 北 平层/简装 102.55平米 2004年建/板塔结合,https://ke-image.ljcdn.com/110000-inspection/pc0_dfRRpXOS8_1.jpg!m_fill,w_120,h_80,f_jpg?from=ke.com 
20241105,顺义,中央别墅区,101127377546,天裕昕园西区,280万,,3室1厅 低楼层/共18层 南 北 平层/精装 105.09平米 板楼,https://ke-image.ljcdn.com/110000-inspection/pc1_WsiDexKrZ_1.jpg!m_fill,w_120,h_80,f_jpg?from=ke.com 
20241105,顺义,顺义城,101127378979,龙庭公寓,399万,,3室1厅 中楼层/共21层 西南 平层/其他 138.89平米 2002年建/塔楼,https://ke-image.ljcdn.com/110000-inspection/eaa8cd2f-7107-4e66-bd7e-c9bb15acc87e_1000.jpg!m_fill,w_120,h_80,f_jpg?from=ke.com 
20241105,西城,车公庄,101127378751,北礼士路北区,930万,,3室1厅 中楼层/共6层 南 北 平层/精装 84.7平米 1994年建/板塔结合,https://ke-image.ljcdn.com/110000-inspection/acfa66d7-f647-4abf-8103-dd7fd7225075_1000.jpg!m_fill,w_120,h_80,f_jpg?from=ke.com 
20241105,西城,木樨地,101127378574,西便门西里,380万,,1室1厅 顶层/共6层 南 平层/精装 42.57平米 板楼,https://ke-image.ljcdn.com/110000-inspection/pc1_ekL7dePPA_2.jpg!m_fill,w_120,h_80,f_jpg?from=ke.com 
20241105,朝阳,大望路,101127378854,珠江帝景,1575万,,3室1厅 中楼层/共26层 东 南 平层/其他 156.12平米 2006年建/塔楼,https://ke-image.ljcdn.com/110000-inspection/92e8f491-2d6d-447f-bbaf-18313e2afd62_1000.jpg!m_fill,w_120,h_80,f_jpg?from=ke.com 
20241105,朝阳,奥林匹克公园,101127378741,天居园,660万,,2室1厅 高楼层/共32层 西南 北 平层/精装 108.77平米 2008年建/塔楼,https://ke-image.ljcdn.com/110000-inspection/04b5cb4b-b2fe-45e7-9a51-de2dd515ad0c_1000.jpg!m_fill,w_120,h_80,f_jpg?from=ke.com 
20241105,通州,武夷花园,101127378985,武夷花园紫荆雅园,380万,,2室1厅 低楼层/共6层 南 北 平层/其他 93.09平米 板楼,https://ke-image.ljcdn.com/110000-inspection/a9fb827e-db86-4ae1-87f2-d9d0e132a6a6_1000.jpg!m_fill,w_120,h_80,f_jpg?from=ke.com 
20241105,亦庄开发区,亦庄河西区,101127379196,南海家园七里,385万,,2室1厅 底层/共15层 南 北 平层/简装 83.9平米 2012年建/板楼,https://ke-image.ljcdn.com/110000-inspection/pc0_xdOl2iUZL_1.jpg!m_fill,w_120,h_80,f_jpg?from=ke.com 
20241105,朝阳,朝青,101127379472,星河湾朗园,2980万,,4室2厅 高楼层/共12层 南 北 错层/其他 271.13平米 2006年建/板楼,https://ke-image.ljcdn.com/110000-inspection/pc0_yaloSa5O6_1.jpg!m_fill,w_120,h_80,f_jpg?from=ke.com 
20241105,顺义,顺义城,101127378770,胜利小区,200万,,3室1厅 高楼层/共6层 东 西 平层/简装 81.86平米 板楼,https://ke-image.ljcdn.com/110000-inspection/9f1848a3-cfe9-43e0-bcf5-0d223b49fc38_1000.jpg!m_fill,w_120,h_80,f_jpg?from=ke.com 
20241105,丰台,青塔,101127378767,春风雅筑,338万,,1室1厅 中楼层/共15层 南 平层/简装 58.56平米 2012年建/板楼,https://ke-image.ljcdn.com/110000-inspection/pc1_oBu5qTjkw_1.jpg!m_fill,w_120,h_80,f_jpg?from=ke.com 
20241105,顺义,顺义城,101127379108,东兴一区,210万,,2室1厅 中楼层/共6层 南 北 平层/精装 60.37平米 1993年建/板楼,https://ke-image.ljcdn.com/110000-inspection/1f52218b-276f-4082-8d75-575cc1ef9c01_1000.jpg!m_fill,w_120,h_80,f_jpg?from=ke.com 
20241105,海淀,双榆树,101127378802,双榆树东里,579万,,3室1厅 低楼层/共12层 西北 平层/简装 69.3平米 板塔结合,https://ke-image.ljcdn.com/110000-inspection/pc0_OouQmaBru_1.jpg!m_fill,w_120,h_80,f_jpg?from=ke.com 
20241105,海淀,双榆树,101127379035,青云北区,575万,,2室1厅 中楼层/共6层 东 西 平层/简装 67.13平米 1993年建/板楼,https://ke-image.ljcdn.com/110000-inspection/pc0_RJXiXc9HO_1.jpg!m_fill,w_120,h_80,f_jpg?from=ke.com 
20241105,大兴,枣园,101127378782,滨河西里北区,260万,,2室2厅 顶层/共7层 南 北 复式/其他 88.06平米 板楼,https://ke-image.ljcdn.com/110000-inspection/635b7449-ba04-4663-b1a3-4a43903a915c_1000.jpg!m_fill,w_120,h_80,f_jpg?from=ke.com 
20241105,昌平,南口,101127379616,旺和家园,175万,,1室1厅 高楼层/共6层 南 北 平层/其他 67.38平米 板楼,https://ke-image.ljcdn.com/110000-inspection/58865dfa-b72b-4048-9138-128a25330df8_1000.jpg!m_fill,w_120,h_80,f_jpg?from=ke.com 
20241105,西城,马甸,101127378863,新明胡同,1298万,,3室1厅 中楼层/共18层 东 南 北 平层/简装 96.3平米 板楼,https://ke-image.ljcdn.com/110000-inspection/pc0_DKAwdbtvf.jpg!m_fill,w_120,h_80,f_jpg?from=ke.com 
20241105,东城,和平里,101127378685,康鸿家园,1520万,,3室2厅 中楼层/共6层 南 北 平层/简装 149.47平米 板楼,https://ke-image.ljcdn.com/110000-inspection/e0c42723-8617-4ad0-8fbe-9f323e7e1b8c_1000.jpg!m_fill,w_120,h_80,f_jpg?from=ke.com 
20241105,丰台,蒲黄榆,101127379110,南三环中路15号院,275万,,2室1厅 低楼层/共14层 南 北 平层/简装 58.81平米 板楼,https://ke-image.ljcdn.com/110000-inspection/1fb06e81-3ab7-4aec-8e0b-b75aed8f8b00_1000.jpg!m_fill,w_120,h_80,f_jpg?from=ke.com 
20241105,朝阳,三元桥,101127378946,曙光里,399万,,2室1厅 中楼层/共6层 东南 平层/精装 57.07平米 板楼,https://ke-image.ljcdn.com/110000-inspection/pc0_LzYKKI6jw_2.jpg!m_fill,w_120,h_80,f_jpg?from=ke.com 
20241105,丰台,卢沟桥,101127378814,晓月苑三里,269万,,3室1厅 中楼层/共6层 南 北 平层/简装 90.94平米 1999年建/板楼,https://ke-image.ljcdn.com/110000-inspection/pc0_gJ3iBbO9A_1.jpg!m_fill,w_120,h_80,f_jpg?from=ke.com 
20241105,朝阳,双桥,101127378769,华美橡树岭,365万,,2室1厅 低楼层/共6层 南 北 平层/简装 87.22平米 2008年建/板塔结合,https://ke-image.ljcdn.com/110000-inspection/pc0_u9RAE3o38.jpg!m_fill,w_120,h_80,f_jpg?from=ke.com 
20241105,大兴,高米店,101127378010,翡翠城一期,780万,,4室2厅 中楼层/共9层 北 南 平层/精装 186.34平米 板塔结合,https://ke-image.ljcdn.com/110000-inspection/pc0_bo4Qxo1o7.jpg!m_fill,w_120,h_80,f_jpg?from=ke.com 
20241105,东城,工体,101127379058,阳光都市,728万,,1室1厅 中楼层/共25层 西 平层/精装 79.28平米 塔楼,https://ke-image.ljcdn.com/110000-inspection/c6cf9af3-af52-4ef4-be96-825e58955f6f_1000.jpg!m_fill,w_120,h_80,f_jpg?from=ke.com 
20241105,朝阳,方庄,101127379112,广顺园,580万,,2室1厅 中楼层/共22层 东北 平层/精装 94.61平米 板塔结合,https://ke-image.ljcdn.com/110000-inspection/01c6df14-c5b3-4818-a744-8fec02b02023_1000.jpg!m_fill,w_120,h_80,f_jpg?from=ke.com 
20241105,海淀,知春路,101127379006,知春路56号院,399万,,1室1厅 中楼层/共12层 南 平层/简装 46.4平米 板塔结合,https://ke-image.ljcdn.com/110000-inspection/bf3d7299-3e41-4ffe-a79d-ef10a4df278e_1000.jpg!m_fill,w_120,h_80,f_jpg?from=ke.com 
20241105,丰台,刘家窑,101127379381,石榴园北里小区,293万,,3室1厅 底层/共6层 南 北 暂无数据/简装 74.35平米 板楼,https://s1.ljcdn.com/pegasus/redskull/images/common/default_house_detail.png?_v=202411041520163 
20241105,通州,临河里,101127378266,华业东方玫瑰B区,22万,,车位 地下室/共1层 南 暂无数据/其他 30.77平米 2014年建/板塔结合,https://s1.ljcdn.com/pegasus/redskull/images/common/default_house_detail.png?_v=202411041520163 
20241105,朝阳,管庄,101127379916,京通苑,640万,,3室1厅 高楼层/共21层 东南 暂无数据/其他 136.85平米 2000年建/塔楼,https://s1.ljcdn.com/pegasus/redskull/images/common/default_house_detail.png?_v=202411041520163 
20241105,顺义,顺义城,101127379657,前进花园一区,189万,,2室1厅 中楼层/共6层 南 北 平层/精装 76.71平米 板楼,https://ke-image.ljcdn.com/110000-inspection/b3ef7c01-0374-4bcc-a06d-8298fcb880e8_1000.jpg!m_fill,w_120,h_80,f_jpg?from=ke.com 
20241105,顺义,顺义城,101127379057,东兴二区,268万,,2室2厅 顶层/共6层 南 北 平层/精装 102.69平米 板楼,https://ke-image.ljcdn.com/110000-inspection/14ba304a-07f4-4c1d-91c2-f9c2f2804643_1000.jpg!m_fill,w_120,h_80,f_jpg?from=ke.com 
20241105,丰台,北大地,101127379510,正阳小区,420万,,2室1厅 低楼层/共19层 东南 平层/其他 71.91平米 2001年建/塔楼,https://ke-image.ljcdn.com/110000-inspection/4ed52823-ecda-4970-8de0-aa67047d2c39_1000.jpg!m_fill,w_120,h_80,f_jpg?from=ke.com 
20241105,朝阳,十里河,101127379314,山水文园三期,2700万,,4室2厅 高楼层/共12层 南 西 北 平层/精装 294.84平米 板楼,https://ke-image.ljcdn.com/110000-inspection/fe027b8d-ff03-4d3f-b7c2-da1eb207eb3a_1000.jpg!m_fill,w_120,h_80,f_jpg?from=ke.com 
20241105,朝阳,潘家园,101127379541,华威西里,330万,,2室1厅 中楼层/共18层 西北 平层/精装 62.62平米 塔楼,https://ke-image.ljcdn.com/110000-inspection/069275d9-a978-42ed-835f-3d8da3b66c2b_1000.jpg!m_fill,w_120,h_80,f_jpg?from=ke.com 
20241105,亦庄开发区,亦庄,101127379779,国融国际,155万,,1室1厅 中楼层/共21层 西南 平层/其他 53.04平米 2008年建/塔楼,https://s1.ljcdn.com/pegasus/redskull/images/common/default_house_detail.png?_v=202411041520163 
20241105,海淀,紫竹桥,101127379378,三虎桥南路,800万,,3室2厅 中楼层/共6层 东 平层/精装 90.85平米 板楼,https://ke-image.ljcdn.com/110000-inspection/pc1_kD31dK2vl_2.jpg!m_fill,w_120,h_80,f_jpg?from=ke.com 
20241105,朝阳,高碑店,101127379759,兴隆家园,598万,,2室2厅 中楼层/共24层 东南 平层/简装 122.57平米 塔楼,https://s1.ljcdn.com/pegasus/redskull/images/common/default_house_detail.png?_v=202411041520163 
20241105,密云,果园街道,101127379608,果园新里中区,125万,,2室1厅 低楼层/共6层 南 北 暂无数据/简装 62.36平米 板楼,https://s1.ljcdn.com/pegasus/redskull/images/common/default_house_detail.png?_v=202411041520163 
20241105,海淀,海淀北部新区,101127379389,保利西山林语,480万,,2室1厅 底层/共8层 南 北 暂无数据/其他 90.93平米 2010年建/板楼,https://s1.ljcdn.com/pegasus/redskull/images/common/default_house_detail.png?_v=202411041520163 
20241105,通州,临河里,101127380068,花涧溪,320万,,2室1厅 高楼层/共12层 南 复式/精装 103.17平米 2006年建/板楼,https://ke-image.ljcdn.com/110000-inspection/746c5ac3-7c65-425e-9bb2-32d939cf452d_1000.jpg!m_fill,w_120,h_80,f_jpg?from=ke.com 
20241105,朝阳,惠新西街,101127380384,惠新里小区,390万,,3室1厅 中楼层/共5层 南 北 平层/简装 56.29平米 板楼,https://ke-image.ljcdn.com/110000-inspection/pc0_mUNP29Dtq.jpg!m_fill,w_120,h_80,f_jpg?from=ke.com 
20241105,昌平,沙河,101127379987,高教大楼,80万,,4室0厅 中楼层/共30层 东 南 暂无数据/其他 37.77平米 2011年建/板楼,https://s1.ljcdn.com/pegasus/redskull/images/common/default_house_detail.png?_v=202411041520163 
20241105,朝阳,双桥,101127379421,水郡长安,780万,,3室2厅 低楼层/共6层 南 北 平层/精装 154.59平米 板楼,https://s1.ljcdn.com/pegasus/redskull/images/common/default_house_detail.png?_v=202411041520163 
20241105,海淀,甘家口,101127379910,建设部大院,820万,,2室1厅 中楼层/共18层 西北 平层/精装 68.61平米 塔楼,https://s1.ljcdn.com/pegasus/redskull/images/common/default_house_detail.png?_v=202411041520163 
20241105,亦庄开发区,亦庄河西区,101127380412,泰河园一里一区,310万,,1室1厅 中楼层/共10层 南 平层/精装 60.13平米 2011年建/板楼,https://ke-image.ljcdn.com/110000-inspection/pc1_Mpw3oll7M.jpg!m_fill,w_120,h_80,f_jpg?from=ke.com 
20241105,顺义,马坡,101127378826,顺悦家园,185万,,2室1厅 高楼层/共27层 南 北 平层/其他 80.52平米 2014年建/板楼,https://ke-image.ljcdn.com/110000-inspection/e0ede1c2-e3f9-464e-a244-88b2591d80ad_1000.jpg!m_fill,w_120,h_80,f_jpg?from=ke.com 
20241105,东城,永定门,101127380099,望坛新苑,700万,,2室1厅 中楼层/共11层 西北 平层/其他 78.24平米 板楼,https://ke-image.ljcdn.com/110000-inspection/pc1_Gq5qH7MLD_2.jpg!m_fill,w_120,h_80,f_jpg?from=ke.com 
20241105,通州,通州其它,101127379714,东亚尚品台湖,76万,,1室0厅 低楼层/共15层 西 平层/其他 53.03平米 2016年建/板塔结合,https://s1.ljcdn.com/pegasus/redskull/images/common/default_house_detail.png?_v=202411041520163 
20241105,通州,北关,101127380599,西潞苑小区,180万,,2室1厅 顶层/共6层 南 北 平层/简装 73.83平米 1997年建/板楼,https://ke-image.ljcdn.com/110000-inspection/pc0_7TzzEuf0q_1.jpg!m_fill,w_120,h_80,f_jpg?from=ke.com 
20241105,朝阳,大望路,101127379790,珠江帝景,1200万,,2室2厅 低楼层/共26层 南 平层/精装 127.69平米 塔楼,https://ke-image.ljcdn.com/110000-inspection/63cebb1e-da9a-4eb2-8c8c-89b8e514db4b.jpg!m_fill,w_120,h_80,f_jpg?from=ke.com 
20241105,朝阳,东坝,101127379565,首开常青藤二期,600万,,2室2厅 高楼层/共6层 南 北 暂无数据/精装 82.42平米 板楼,https://s1.ljcdn.com/pegasus/redskull/images/common/default_house_detail.png?_v=202411041520163 
20241105,朝阳,石佛营,101127379617,特区808,728万,,3室2厅 高楼层/共14层 东 西 北 平层/简装 154.1平米 板塔结合,https://ke-image.ljcdn.com/110000-inspection/pc1_2EtDrXo19_2.jpg!m_fill,w_120,h_80,f_jpg?from=ke.com 
20241105,朝阳,十里河,101127380460,建工家园,549万,,2室2厅 中楼层/共21层 南 平层/精装 107.77平米 2008年建/板塔结合,https://ke-image.ljcdn.com/110000-inspection/761afe58-4b2f-4927-9684-1397cda1d04a_1000.jpg!m_fill,w_120,h_80,f_jpg?from=ke.com 
20241105,通州,通州北苑,101127380022,世纪星城三期,360万,,2室1厅 低楼层/共26层 南 平层/精装 100.47平米 2009年建/板楼,https://ke-image.ljcdn.com/110000-inspection/00c39d3c-54ab-4b16-a3b4-4cd9ca2b1b41_1000.jpg!m_fill,w_120,h_80,f_jpg?from=ke.com 
20241105,朝阳,北苑,101127380647,润泽公馆,2690万,,6室3厅 底层/共24层 南 北 西 跃层/精装 269.01平米 2014年建/板楼,https://ke-image.ljcdn.com/110000-inspection/pc0_sLzRuB7c2.jpg!m_fill,w_120,h_80,f_jpg?from=ke.com 
20241105,昌平,回龙观,101127379114,通达园,550万,,3室2厅 中楼层/共7层 南 北 平层/精装 129.25平米 板楼,https://ke-image.ljcdn.com/110000-inspection/pc0_oDv8m27CM_2.jpg!m_fill,w_120,h_80,f_jpg?from=ke.com 
20241105,大兴,旧宫,101127380537,明悦湾,380万,,3室1厅 高楼层/共19层 南 北 平层/其他 90.37平米 2012年建/板楼,https://s1.ljcdn.com/pegasus/redskull/images/common/default_house_detail.png?_v=202411041520163 
20241105,顺义,后沙峪,101127380547,春晖园随园,1050万,,2室2厅 底层/共3层 南 北 暂无数据/其他 187.4平米 2013年建/板楼,https://s1.ljcdn.com/pegasus/redskull/images/common/default_house_detail.png?_v=202411041520163 
20241105,西城,右安门内,101127380827,新安中里,470万,,2室1厅 顶层/共5层 南 西 北 平层/毛坯 49.68平米 1978年建/板楼,https://ke-image.ljcdn.com/110000-inspection/d5e32918-0152-409e-a7b6-f6a518eb5bf8_1000.jpg!m_fill,w_120,h_80,f_jpg?from=ke.com 
20241105,东城,东直门,101127379242,东中街,480万,,2室1厅 高楼层/共6层 东北 平层/简装 48.29平米 板楼,https://ke-image.ljcdn.com/110000-inspection/b9400b63-207e-44ed-911f-f7e20d450bd8_1000.jpg!m_fill,w_120,h_80,f_jpg?from=ke.com 
20241105,丰台,马连道,101127380563,康宁居,1199万,,3室1厅 低楼层/共15层 南 北 平层/其他 154.67平米 板塔结合,https://ke-image.ljcdn.com/110000-inspection/pc0_GM2OngHJ4_1.jpg!m_fill,w_120,h_80,f_jpg?from=ke.com 
20241105,顺义,顺义其它,101127380697,板桥南街7号院,205万,,3室1厅 中楼层/共8层 南 北 暂无数据/精装 108.89平米 板楼,https://s1.ljcdn.com/pegasus/redskull/images/common/default_house_detail.png?_v=202411041520163 
20241105,朝阳,双井,101127380222,CBD总部公寓一期,1036万,,2室1厅 中楼层/共9层 东 西 平层/精装 116.24平米 板楼,https://s1.ljcdn.com/pegasus/redskull/images/common/default_house_detail.png?_v=202411041520163 
20241105,朝阳,亚运村,101127380338,慧忠里C区,450万,,1室1厅 高楼层/共16层 东南 平层/精装 52.9平米 1992年建/塔楼,https://ke-image.ljcdn.com/110000-inspection/0125336b-42ed-4786-88a5-efe09039a7d9_1000.jpg!m_fill,w_120,h_80,f_jpg?from=ke.com 
20241105,丰台,六里桥,101127380751,金家村288号院,950万,,3室2厅 高楼层/共22层 东南 平层/其他 150.36平米 2004年建/板塔结合,https://ke-image.ljcdn.com/110000-inspection/pc0_yACmGonY7.jpg!m_fill,w_120,h_80,f_jpg?from=ke.com 
20241105,昌平,南邵,101127380988,龙山华府,259万,,2室1厅 高楼层/共21层 南 北 平层/其他 77.5平米 2012年建/板楼,https://ke-image.ljcdn.com/110000-inspection/pc0_kN45nq1GJ.jpg!m_fill,w_120,h_80,f_jpg?from=ke.com 
20241105,朝阳,惠新西街,101127380767,北四环东路104号,396万,,2室1厅 低楼层/共6层 南 北 平层/精装 63.95平米 1990年建/板楼,https://ke-image.ljcdn.com/110000-inspection/144fd783-4d2c-4b23-b60a-432d24adf4e9_1000.jpg!m_fill,w_120,h_80,f_jpg?from=ke.com 
20241105,顺义,顺义城,101127380889,石园北区,185万,,2室1厅 顶层/共6层 南 北 平层/精装 82.06平米 1999年建/板楼,https://ke-image.ljcdn.com/110000-inspection/pc0_0C5kDfc5B.jpg!m_fill,w_120,h_80,f_jpg?from=ke.com 
20241105,通州,临河里,101127379418,海棠湾三期,175万,,1室0厅 低楼层/共27层 东 平层/精装 45.85平米 2012年建/塔楼,https://ke-image.ljcdn.com/110000-inspection/c5574ced-8689-4726-aa57-c20bf90314ed_1000.jpg!m_fill,w_120,h_80,f_jpg?from=ke.com 
20241105,西城,牛街,101127380710,西华经典,550万,,1室1厅 低楼层/共25层 北 平层/其他 64.73平米 2000年建/塔楼,https://ke-image.ljcdn.com/110000-inspection/apc_vruFh5FL9_1.jpg!m_fill,w_120,h_80,f_jpg?from=ke.com 
20241105,朝阳,常营,101127381147,万象新天四区,468万,,2室1厅 中楼层/共4层 东 西 平层/其他 77.58平米 板楼,https://s1.ljcdn.com/pegasus/redskull/images/common/default_house_detail.png?_v=202411041520163 
20241105,大兴,枣园,101127381472,首开康乃馨城,215万,,1室1厅 高楼层/共9层 南 平层/其他 64.85平米 2012年建/板楼,https://ke-image.ljcdn.com/110000-inspection/76a06481-c549-412c-be07-10b95f10886c_1000.jpg!m_fill,w_120,h_80,f_jpg?from=ke.com 
20241105,朝阳,惠新西街,101127380789,惠新里小区,655万,,3室1厅 低楼层/共20层 西南 平层/精装 73.29平米 1991年建/塔楼,https://ke-image.ljcdn.com/110000-inspection/pc0_4hJvgTcfE.jpg!m_fill,w_120,h_80,f_jpg?from=ke.com 
20241105,海淀,苏州桥,101127380792,紫金庄园,430万,,1室1厅 低楼层/共22层 东北 平层/简装 53.04平米 2000年建/塔楼,https://ke-image.ljcdn.com/110000-inspection/pc1_ukAZ1iOYo_1.jpg!m_fill,w_120,h_80,f_jpg?from=ke.com 
20241105,房山,长阳,101127381511,五矿名品,850万,,3室2厅 中楼层/共8层 南 北 暂无数据/简装 136.39平米 板楼,https://s1.ljcdn.com/pegasus/redskull/images/common/default_house_detail.png?_v=202411041520163 
20241105,海淀,西北旺,101127380985,冬晴园,600万,,2室1厅 顶层/共6层 南 北 平层/毛坯 81.86平米 板楼,https://ke-image.ljcdn.com/110000-inspection/pc1_cXhzrAgO5.jpg!m_fill,w_120,h_80,f_jpg?from=ke.com 
20241105,丰台,马家堡,101127380561,丰开苑,365万,,1室1厅 中楼层/共18层 南 平层/其他 57.19平米 塔楼,https://ke-image.ljcdn.com/110000-inspection/pc1_7Exx5LUGN_1.jpg!m_fill,w_120,h_80,f_jpg?from=ke.com 
20241105,西城,牛街,101127380869,醋章胡同,1155万,,3室1厅 中楼层/共6层 南 北 平层/其他 123.16平米 1997年建/板楼,https://ke-image.ljcdn.com/110000-inspection/pc0_MBaOcrekW_1.jpg!m_fill,w_120,h_80,f_jpg?from=ke.com 
20241105,西城,牛街,101127380840,门楼巷,1050万,,3室2厅 高楼层/共6层 南 北 平层/其他 127.19平米 1997年建/板楼,https://ke-image.ljcdn.com/110000-inspection/pc0_xwNODlyPp_1.jpg!m_fill,w_120,h_80,f_jpg?from=ke.com 
20241105,朝阳,团结湖,101127380754,水碓子西里,370万,,2室1厅 低楼层/共12层 南 平层/其他 55.39平米 1981年建/塔楼,https://ke-image.ljcdn.com/110000-inspection/b396b357-2912-4bd9-acbb-e9df152c4c1f_1000.jpg!m_fill,w_120,h_80,f_jpg?from=ke.com 
20241105,房山,良乡,101127381055,蝶翠苑,199万,,2室2厅 中楼层/共6层 南 北 平层/精装 88.13平米 2003年建/板楼,https://ke-image.ljcdn.com/110000-inspection/pc0_mmELWml9X_1.jpg!m_fill,w_120,h_80,f_jpg?from=ke.com 
20241105,西城,西单,101127380918,西黄城根南街一区,1260万,,3室1厅 底层/共6层 南 北 平层/其他 71平米 板楼,https://ke-image.ljcdn.com/110000-inspection/37d0046c-d2e6-46ff-b868-ab052b0c5dd6_1000.jpg!m_fill,w_120,h_80,f_jpg?from=ke.com 
20241105,顺义,顺义城,101127381049,煤炭公司家属楼,205万,,1室1厅 高楼层/共6层 南 北 暂无数据/其他 58.43平米 1996年建/板楼,https://s1.ljcdn.com/pegasus/redskull/images/common/default_house_detail.png?_v=202411041520163 
20241105,通州,潞苑,101127380637,通瑞嘉苑西区,269万,,2室1厅 低楼层/共28层 南 北 平层/其他 74.34平米 2016年建/板塔结合,https://ke-image.ljcdn.com/110000-inspection/pc0_oBJQzBZGa_1.jpg!m_fill,w_120,h_80,f_jpg?from=ke.com 
20241105,东城,前门,101127381356,前门东大街,550万,,2室0厅 低楼层/共16层 南 平层/精装 57.26平米 板楼,https://ke-image.ljcdn.com/110000-inspection/pc0_fLWNUrO3c.jpg!m_fill,w_120,h_80,f_jpg?from=ke.com 
20241105,丰台,科技园区,101127381403,富丰路8号院,310万,,2室1厅 顶层/共6层 南 平层/简装 72.2平米 板楼,https://s1.ljcdn.com/pegasus/redskull/images/common/default_house_detail.png?_v=202411041520163 
20241105,海淀,西北旺,101127381171,夏霖园,520万,,2室1厅 顶层/共6层 南 北 平层/毛坯 76.79平米 2003年建/板楼,https://ke-image.ljcdn.com/110000-inspection/pc1_YM0Y9r5ab.jpg!m_fill,w_120,h_80,f_jpg?from=ke.com 
20241105,亦庄开发区,通州其它,101127380766,定海园二里,260万,,1室1厅 中楼层/共11层 南 平层/毛坯 72.97平米 板塔结合,https://ke-image.ljcdn.com/110000-inspection/f69fe9c5-8e6c-4968-bb0c-2e01ccfa161d_1000.jpg!m_fill,w_120,h_80,f_jpg?from=ke.com 
20241105,顺义,顺义城,101127381380,前进花园一区,209万,,2室2厅 顶层/共6层 南 北 平层/精装 81.85平米 2001年建/板楼,https://ke-image.ljcdn.com/110000-inspection/12b24138-c15e-4a20-af5b-426ee7cae62f_1000.jpg!m_fill,w_120,h_80,f_jpg?from=ke.com 
20241105,朝阳,劲松,101127381735,武圣东里,350万,,2室1厅 低楼层/共16层 南 暂无数据/精装 65.4平米 塔楼,https://s1.ljcdn.com/pegasus/redskull/images/common/default_house_detail.png?_v=202411041520163 
20241105,昌平,天通苑,101127381483,天通苑北三区,460万,,2室2厅 低楼层/共7层 南 北 平层/精装 107.8平米 板楼,https://ke-image.ljcdn.com/110000-inspection/f4f20517-fb43-403d-96d7-b94b07029b8d_1000.jpg!m_fill,w_120,h_80,f_jpg?from=ke.com 
20241105,朝阳,垡头,101127381257,垡头西里二区,228万,,2室1厅 低楼层/共6层 南 北 暂无数据/简装 61.24平米 1983年建/板楼,https://s1.ljcdn.com/pegasus/redskull/images/common/default_house_detail.png?_v=202411041520163 
20241105,朝阳,定福庄,101127380942,金星小区,208万,,2室1厅 高楼层/共6层 南 北 平层/精装 55.09平米 板楼,https://ke-image.ljcdn.com/110000-inspection/pc1_YMxrthNO1.jpg!m_fill,w_120,h_80,f_jpg?from=ke.com 
20241105,顺义,顺义城,101127382016,裕龙西区,370万,,2室1厅 顶层/共6层 南 北 平层/简装 129.59平米 2003年建/板楼,https://ke-image.ljcdn.com/110000-inspection/pc0_tkAFqPdXt.jpg!m_fill,w_120,h_80,f_jpg?from=ke.com 
20241105,朝阳,北苑,101127381363,华贸城,580万,,3室1厅 中楼层/共16层 南 北 暂无数据/简装 65.43平米 2012年建/板塔结合,https://ke-image.ljcdn.com/110000-inspection/apc_QEk2xX9YC_1.jpg!m_fill,w_120,h_80,f_jpg?from=ke.com 
20241105,朝阳,亚运村,101127380298,慧忠里C区,420万,,1室1厅 中楼层/共5层 南 北 平层/精装 46.83平米 1990年建/板楼,https://ke-image.ljcdn.com/110000-inspection/9fd78ba1-5334-42ca-a89e-3b038b9b7668_1000.jpg!m_fill,w_120,h_80,f_jpg?from=ke.com 
20241105,顺义,顺义其它,101127381459,金地未未来,75万,,1室1厅 底层/共10层 西 复式/简装 42.06平米 2017年建/塔楼,https://s1.ljcdn.com/pegasus/redskull/images/common/default_house_detail.png?_v=202411041520163 
20241105,西城,六铺炕,101127382151,六铺炕一区,748万,,2室1厅 中楼层/共6层 西 暂无数据/其他 50.3平米 1994年建/板塔结合,https://s1.ljcdn.com/pegasus/redskull/images/common/default_house_detail.png?_v=202411041520163 
20241105,朝阳,常营,101127381464,柏林爱乐一期,298万,,1室1厅 底层/共11层 西 平层/其他 55.77平米 2002年建/板楼,https://ke-image.ljcdn.com/110000-inspection/pc0_QNrrpkgGl_2.jpg!m_fill,w_120,h_80,f_jpg?from=ke.com 
20241105,房山,窦店,101127381233,北京城建琨廷漫缇,390万,,5室3厅 底层/共8层 南 北 暂无数据/精装 232.23平米 板楼,https://s1.ljcdn.com/pegasus/redskull/images/common/default_house_detail.png?_v=202411041520163 
20241105,海淀,海淀北部新区,101127381182,冠城大通百旺府,840万,,2室2厅 低楼层/共9层 南 北 平层/精装 106平米 板楼,https://ke-image.ljcdn.com/110000-inspection/pc0_n7QtFHdLp.jpg!m_fill,w_120,h_80,f_jpg?from=ke.com 
20241105,丰台,房山其它,101127381557,西山湖小区,52万,,1室1厅 低楼层/共8层 北 暂无数据/其他 36.79平米 板楼,https://s1.ljcdn.com/pegasus/redskull/images/common/default_house_detail.png?_v=202411041520163 
20241105,密云,果园街道,101127381972,中加锦园,228万,,2室1厅 中楼层/共11层 南 北 暂无数据/简装 94.22平米 2013年建/板楼,https://s1.ljcdn.com/pegasus/redskull/images/common/default_house_detail.png?_v=202411041520163 
20241105,丰台,玉泉营,101127381884,怡海花园恒丰园,500万,,2室1厅 中楼层/共6层 南 北 平层/其他 89.38平米 板楼,https://ke-image.ljcdn.com/110000-inspection/51f2a1e6-1783-4a0c-a616-b90181c04403_1000.jpg!m_fill,w_120,h_80,f_jpg?from=ke.com 
20241105,昌平,西关环岛,101127381214,大三尖,210万,,2室1厅 高楼层/共6层 南 平层/其他 89平米 板楼,https://ke-image.ljcdn.com/110000-inspection/2720958a-52c6-46c6-8fcb-83be1933558a_1000.jpg!m_fill,w_120,h_80,f_jpg?from=ke.com 
20241105,通州,万达,101127381964,新城东里,235万,,2室1厅 顶层/共6层 南 北 平层/简装 54.27平米 板楼,https://ke-image.ljcdn.com/110000-inspection/29e4f559-d54e-498b-9869-87c605faf4d1_1000.jpg!m_fill,w_120,h_80,f_jpg?from=ke.com 
20241105,海淀,牡丹园,101127382416,塔院小区,360万,,1室1厅 高楼层/共18层 南 平层/简装 43.6平米 塔楼,https://ke-image.ljcdn.com/110000-inspection/2434d3f6-1768-44d5-a0b4-50fbbc74d8f8_1000.jpg!m_fill,w_120,h_80,f_jpg?from=ke.com 
20241105,顺义,顺义城,101127382359,裕龙三区,319万,,2室1厅 顶层/共11层 南 北 平层/精装 93.16平米 2009年建/板楼,https://ke-image.ljcdn.com/110000-inspection/pc0_Ylx7uVuFF_1.jpg!m_fill,w_120,h_80,f_jpg?from=ke.com 
20241105,通州,九棵树(家乐福),101127381294,京洲世家,489万,,4室2厅 高楼层/共11层 南 北 复式/精装 87.73平米 2011年建/板塔结合,https://ke-image.ljcdn.com/110000-inspection/ece5d501-3796-4f3f-bebb-e2de1b094c3b_1000.jpg!m_fill,w_120,h_80,f_jpg?from=ke.com 
20241105,昌平,北七家,101127381785,蓬莱公寓西区,458万,,3室2厅 顶层/共4层 南 北 复式/精装 200.98平米 板楼,https://ke-image.ljcdn.com/110000-inspection/pc0_MKyRYZvQ4_1.jpg!m_fill,w_120,h_80,f_jpg?from=ke.com 
20241105,顺义,顺义城,101127381505,西辛南区,360万,,3室1厅 中楼层/共18层 南 北 平层/其他 134.86平米 2004年建/板塔结合,https://ke-image.ljcdn.com/110000-inspection/feb57c9b-7e77-4050-bdd9-9a6be729166f_1000.jpg!m_fill,w_120,h_80,f_jpg?from=ke.com 
20241105,通州,九棵树(家乐福),101127381549,新翠景园,458万,,3室2厅 底层/共6层 南 北 平层/精装 113.73平米 2005年建/板楼,https://ke-image.ljcdn.com/110000-inspection/27d340ea-6aa4-4878-af30-c9ca7c337335_1000.jpg!m_fill,w_120,h_80,f_jpg?from=ke.com 
20241105,海淀,马连洼,101127381862,天秀花园安和园,790万,,2室2厅 底层/共6层 西 西南 北 平层/精装 104.14平米 2000年建/板楼,https://ke-image.ljcdn.com/110000-inspection/pc0_tPNRTW3Ob.jpg!m_fill,w_120,h_80,f_jpg?from=ke.com 
20241105,通州,通州其它,101127381800,金地北京壹街区,299万,,2室1厅 中楼层/共7层 东南 平层/精装 78.26平米 2024年建/板楼,https://ke-image.ljcdn.com/110000-inspection/pc1_brrq1AUJo_1.jpg!m_fill,w_120,h_80,f_jpg?from=ke.com 
20241105,朝阳,农展馆,101127382535,麦子店街,318万,,2室1厅 中楼层/共6层 南 北 平层/简装 54.56平米 板楼,https://ke-image.ljcdn.com/110000-inspection/pc1_JByDLEJ8K.jpg!m_fill,w_120,h_80,f_jpg?from=ke.com 
20241105,朝阳,双桥,101127381633,东一时区,309万,,2室1厅 中楼层/共22层 东南 平层/精装 73.98平米 板塔结合,https://ke-image.ljcdn.com/110000-inspection/7fd989c4-a4ea-4c37-8aa5-de494e556de8_1000.jpg!m_fill,w_120,h_80,f_jpg?from=ke.com 
20241105,石景山,苹果园,101127381989,西山枫林一二期,476万,,2室1厅 中楼层/共11层 东 西 平层/简装 93.87平米 2004年建/板楼,https://ke-image.ljcdn.com/110000-inspection/7d27b10c-893a-4ef7-8dce-06c1fc8af0e1_1000.jpg!m_fill,w_120,h_80,f_jpg?from=ke.com 
20241105,朝阳,垡头,101127381974,翠成馨园A区,520万,,2室1厅 中楼层/共11层 南 北 平层/精装 106.59平米 2007年建/板楼,https://ke-image.ljcdn.com/110000-inspection/pc0_LXnROannF.jpg!m_fill,w_120,h_80,f_jpg?from=ke.com 
20241105,昌平,回龙观,101127381986,新龙城,538万,,2室1厅 中楼层/共9层 南 北 平层/简装 100.92平米 板楼,https://ke-image.ljcdn.com/110000-inspection/20a098c7-29d6-4ae0-a365-6f90a3f1298f_1000.jpg!m_fill,w_120,h_80,f_jpg?from=ke.com 
20241105,石景山,苹果园,101127382516,工疗宿舍,225万,,2室1厅 顶层/共6层 南 北 平层/简装 63.64平米 板楼,https://ke-image.ljcdn.com/110000-inspection/pc0_gZoTBmtFM_1.jpg!m_fill,w_120,h_80,f_jpg?from=ke.com 
20241105,朝阳,国展,101127382380,豪成大厦,850万,,4室2厅 高楼层/共25层 东南 平层/简装 168.84平米 塔楼,https://ke-image.ljcdn.com/110000-inspection/pc0_zIgJbtmfe.jpg!m_fill,w_120,h_80,f_jpg?from=ke.com 
20241105,大兴,旧宫,101127382169,东亚五环国际,168万,,2室2厅 低楼层/共19层 东 暂无数据/其他 93.61平米 2014年建/塔楼,https://s1.ljcdn.com/pegasus/redskull/images/common/default_house_detail.png?_v=202411041520163 
20241105,东城,永定门,101127382555,景泰西里65号院,450万,,2室1厅 顶层/共6层 南 北 暂无数据/其他 61.44平米 1985年建/板楼,https://s1.ljcdn.com/pegasus/redskull/images/common/default_house_detail.png?_v=202411041520163 
20241105,顺义,顺义其它,101127381774,彩俸北区,240万,,2室1厅 底层/共6层 南 北 平层/简装 86.57平米 2004年建/板楼,https://ke-image.ljcdn.com/110000-inspection/pc0_kDSSle9NC_1.jpg!m_fill,w_120,h_80,f_jpg?from=ke.com 
20241105,房山,房山其它,101127382412,原新街,75万,,3室1厅 顶层/共5层 南 北 暂无数据/简装 77.4平米 1987年建/板楼,https://s1.ljcdn.com/pegasus/redskull/images/common/default_house_detail.png?_v=202411041520163 
20241105,石景山,玉泉路,101127382559,玉泉医院家属楼,498万,,3室1厅 中楼层/共7层 南 北 暂无数据/简装 81.5平米 1984年建/板楼,https://s1.ljcdn.com/pegasus/redskull/images/common/default_house_detail.png?_v=202411041520163 
20241105,顺义,后沙峪,101127382603,吉祥雅筑,295万,,2室1厅 低楼层/共14层 东 南 平层/精装 84.64平米 2012年建/塔楼,https://ke-image.ljcdn.com/110000-inspection/pc1_BeZfTLDts_1.jpg!m_fill,w_120,h_80,f_jpg?from=ke.com 
20241105,房山,长阳,101127382200,长阳国际城一区,395万,,3室1厅 中楼层/共20层 南 北 平层/精装 88.88平米 2012年建/板塔结合,https://ke-image.ljcdn.com/110000-inspection/pc0_02921ItHr_1.jpg!m_fill,w_120,h_80,f_jpg?from=ke.com 
20241105,房山,长阳,101127382839,长阳半岛怡和路3号院,440万,,3室1厅 高楼层/共18层 西南 北 平层/精装 101.15平米 2014年建/塔楼,https://ke-image.ljcdn.com/110000-inspection/pc0_62JNilSQt_2.jpg!m_fill,w_120,h_80,f_jpg?from=ke.com 
20241105,亦庄开发区,亦庄,101127382719,一栋洋房,1850万,,7室3厅 底层/共3层 南 北 复式/其他 261.1平米 板楼,https://ke-image.ljcdn.com/110000-inspection/08d8385d-21d1-412c-8c56-69bd6f228684_1000.jpg!m_fill,w_120,h_80,f_jpg?from=ke.com 
20241105,朝阳,红庙,101127382205,红庙北里,398万,,3室2厅 顶层/共3层 南 北 暂无数据/其他 71.04平米 板楼,https://s1.ljcdn.com/pegasus/redskull/images/common/default_house_detail.png?_v=202411041520163 
20241105,顺义,顺义城,101127382258,裕龙三区,230万,,3室1厅 高楼层/共6层 南 北 平层/简装 84.81平米 2000年建/板楼,https://ke-image.ljcdn.com/110000-inspection/debca53b-4e39-46fc-8bc9-2fc4eb47ec61_1000.jpg!m_fill,w_120,h_80,f_jpg?from=ke.com 
20241105,朝阳,双井,101127382328,双花园南里一区,650万,,2室1厅 高楼层/共22层 东 暂无数据/其他 120.95平米 塔楼,https://s1.ljcdn.com/pegasus/redskull/images/common/default_house_detail.png?_v=202411041520163 
20241105,顺义,顺义城,101127382344,裕龙一区,435万,,3室2厅 低楼层/共6层 北 南 平层/精装 120.55平米 板楼,https://ke-image.ljcdn.com/110000-inspection/pc0_6cwIC3IKK_1.jpg!m_fill,w_120,h_80,f_jpg?from=ke.com 
20241105,朝阳,奥林匹克公园,101127382996,天居园,710万,,3室2厅 底层/共32层 东南 平层/精装 131.35平米 2008年建/塔楼,https://ke-image.ljcdn.com/110000-inspection/pc0_b15jI50tT.jpg!m_fill,w_120,h_80,f_jpg?from=ke.com 
20241105,朝阳,立水桥,101127382983,明天第一城1号院,199万,,1室0厅 底层/共6层 南 平层/简装 39.75平米 2007年建/板楼,https://ke-image.ljcdn.com/110000-inspection/df97e191-41fd-43f7-84a8-c555e6bdd47f_1000.jpg!m_fill,w_120,h_80,f_jpg?from=ke.com 
20241105,朝阳,北苑,101127382094,天润福熙大道,1380万,,3室1厅 低楼层/共26层 南 北 平层/精装 140.24平米 板楼,https://ke-image.ljcdn.com/110000-inspection/0a6ed711-3e69-4512-b15f-4c3b87335e76_1000.jpg!m_fill,w_120,h_80,f_jpg?from=ke.com 
20241105,昌平,立水桥,101127382354,卢卡新天地,310万,,1室1厅 中楼层/共18层 东 暂无数据/其他 74.81平米 2014年建/板塔结合,https://s1.ljcdn.com/pegasus/redskull/images/common/default_house_detail.png?_v=202411041520163 
20241105,丰台,科技园区,101127383424,怡海花园富泽园,499万,,2室2厅 中楼层/共7层 西南 平层/简装 102.22平米 1998年建/板楼,https://ke-image.ljcdn.com/110000-inspection/1804f954-2874-4830-8234-a529139d9c7d_1000.jpg!m_fill,w_120,h_80,f_jpg?from=ke.com 
20241105,密云,溪翁庄镇,101127382360,京溪小区,73万,,3室2厅 高楼层/共6层 南 北 平层/精装 100平米 1999年建/板楼,https://ke-image.ljcdn.com/110000-inspection/0ba5da2f-4fa1-4544-87f1-1cb30ad6a575_1000.jpg!m_fill,w_120,h_80,f_jpg?from=ke.com 
20241105,石景山,苹果园,101127382691,海特花园西区,510万,,3室1厅 中楼层/共7层 南 西 北 平层/精装 107.96平米 1995年建/板楼,https://ke-image.ljcdn.com/110000-inspection/f6d9c538-8b15-4a13-b4a0-1d58c4266e15_1000.jpg!m_fill,w_120,h_80,f_jpg?from=ke.com 
20241105,朝阳,双桥,101127382289,双桥六号井,218万,,2室1厅 底层/共6层 南 北 暂无数据/简装 53.36平米 板楼,https://s1.ljcdn.com/pegasus/redskull/images/common/default_house_detail.png?_v=202411041520163 
20241105,朝阳,亮马桥,101127382598,SOHO北京公馆,1600万,,2室2厅 中楼层/共29层 南 北 平层/精装 221.51平米 塔楼,https://ke-image.ljcdn.com/110000-inspection/4dd23c61-f3ce-4212-a918-53772f54acba_1000.jpg!m_fill,w_120,h_80,f_jpg?from=ke.com 
20241105,朝阳,芍药居,101127383039,芍药居北里,350万,,3室1厅 地下室/共7层 北 南 暂无数据/其他 97.11平米 板楼,https://s1.ljcdn.com/pegasus/redskull/images/common/default_house_detail.png?_v=202411041520163 
20241105,通州,梨园,101127382429,站前巴黎,346万,,2室1厅 中楼层/共6层 南 北 平层/简装 98.84平米 板楼,https://ke-image.ljcdn.com/110000-inspection/939ffdf6-71aa-472b-b7c7-1aa8b5349bf2_1000.jpg!m_fill,w_120,h_80,f_jpg?from=ke.com 
20241105,丰台,新宫,101127382988,飞腾家园,450万,,3室2厅 中楼层/共6层 南 北 平层/简装 114.51平米 2005年建/板楼,https://ke-image.ljcdn.com/110000-inspection/df48c342-c9ff-4ede-b1b8-5bbc29bf9f00_1000.jpg!m_fill,w_120,h_80,f_jpg?from=ke.com 
20241105,海淀,中关村,101127382757,科育小区,1460万,,4室1厅 低楼层/共3层 南 西 北 平层/简装 115.89平米 板楼,https://s1.ljcdn.com/pegasus/redskull/images/common/default_house_detail.png?_v=202411041520163 
20241105,石景山,苹果园,101127382642,海特花园西区,395万,,2室2厅 底层/共7层 东 南 北 平层/精装 90.82平米 板楼,https://ke-image.ljcdn.com/110000-inspection/0bdc19c4-5748-4013-b362-f6178fbb3c5d_1000.jpg!m_fill,w_120,h_80,f_jpg?from=ke.com 
20241105,朝阳,望京,101127382584,慧谷时空,680万,,2室1厅 高楼层/共25层 东 平层/简装 110.67平米 塔楼,https://ke-image.ljcdn.com/110000-inspection/pc0_gtmQ2YzY5_1.jpg!m_fill,w_120,h_80,f_jpg?from=ke.com 
20241105,通州,临河里,101127382726,金隅七零九零,349万,,2室1厅 顶层/共15层 南 北 平层/精装 84.31平米 2009年建/板楼,https://ke-image.ljcdn.com/110000-inspection/pc0_Z7TkVr5Qb.jpg!m_fill,w_120,h_80,f_jpg?from=ke.com 
20241105,通州,通州其它,101127383300,珠江四季悦城,129万,,3室2厅 顶层/共9层 北 复式/精装 92.59平米 2014年建/板楼,https://s1.ljcdn.com/pegasus/redskull/images/common/default_house_detail.png?_v=202411041520163 
20241105,房山,窦店,101127382789,金鑫苑,90万,,2室2厅 高楼层/共6层 南 北 平层/简装 86.43平米 板楼,https://ke-image.ljcdn.com/110000-inspection/pc1_Ef5GI70ZI_2.jpg!m_fill,w_120,h_80,f_jpg?from=ke.com 
20241105,通州,通州北苑,101127383043,世纪星城三期,418万,,2室2厅 高楼层/共26层 北 南 平层/精装 104.51平米 2009年建/板楼,https://ke-image.ljcdn.com/110000-inspection/f4d77b15-46e1-4004-9692-bd00fae4ea42_1000.jpg!m_fill,w_120,h_80,f_jpg?from=ke.com 
20241105,朝阳,豆各庄,101127383132,富力又一城B区,600万,,3室1厅 高楼层/共22层 东南 平层/其他 121.57平米 2008年建/塔楼,https://ke-image.ljcdn.com/110000-inspection/b4bcc5db-350f-48a1-ae09-c17d8f19ed7f_1000.jpg!m_fill,w_120,h_80,f_jpg?from=ke.com 
20241105,通州,果园,101127383396,运河西大街8号院,205万,,2室1厅 中楼层/共6层 南 北 平层/简装 57.55平米 板楼,https://ke-image.ljcdn.com/110000-inspection/pc0_DkEnWdd9o_1.jpg!m_fill,w_120,h_80,f_jpg?from=ke.com 
20241105,朝阳,高碑店,101127382869,富华家园,539万,,3室1厅 高楼层/共24层 南 西 北 平层/精装 98.47平米 2001年建/塔楼,https://ke-image.ljcdn.com/110000-inspection/pc0_9guBo4jQc_1.jpg!m_fill,w_120,h_80,f_jpg?from=ke.com 
20241105,丰台,广安门,101127383276,莲花池南里小区,368万,,3室1厅 底层/共6层 南 北 平层/简装 57.55平米 1986年建/板楼,https://ke-image.ljcdn.com/110000-inspection/03cac501-f300-4301-9104-fac89ea86acc_1000.jpg!m_fill,w_120,h_80,f_jpg?from=ke.com 
20241105,顺义,顺义城,101127383171,阳光水岸,380万,,3室1厅 中楼层/共9层 南 北 平层/精装 92.45平米 2010年建/板楼,https://ke-image.ljcdn.com/110000-inspection/5e6963e4-8e66-4172-929c-45e928d14647_1000.jpg!m_fill,w_120,h_80,f_jpg?from=ke.com 
20241105,海淀,定慧寺,101127382978,科委宿舍,620万,,2室1厅 中楼层/共14层 南 平层/精装 53.3平米 1985年建/板楼,https://ke-image.ljcdn.com/110000-inspection/pc1_A9dTjUg4T.jpg!m_fill,w_120,h_80,f_jpg?from=ke.com 
20241105,通州,乔庄,101127383540,柳岸景园,430万,,3室1厅 高楼层/共6层 南 北 东 暂无数据/简装 123.84平米 2004年建/板楼,https://s1.ljcdn.com/pegasus/redskull/images/common/default_house_detail.png?_v=202411041520163 
20241105,朝阳,红庙,101127383952,金台里,450万,,1室1厅 高楼层/共21层 西 平层/精装 73.83平米 2002年建/板楼,https://ke-image.ljcdn.com/110000-inspection/pc0_BBG3TQT98_1.jpg!m_fill,w_120,h_80,f_jpg?from=ke.com 
20241105,朝阳,管庄,101127383703,瑞祥里,299万,,2室1厅 中楼层/共6层 南 北 平层/简装 80.22平米 板楼,https://ke-image.ljcdn.com/110000-inspection/apc_dPxHzMKay_1.jpg!m_fill,w_120,h_80,f_jpg?from=ke.com 
20241105,顺义,顺义城,101127383719,双兴南区,275万,,4室2厅 高楼层/共6层 西 北 平层/简装 156.18平米 1997年建/板楼,https://ke-image.ljcdn.com/110000-inspection/2f142fed-2eb3-4fa0-9a01-3ce862e789a9_1000.jpg!m_fill,w_120,h_80,f_jpg?from=ke.com 
20241105,朝阳,小红门,101127382942,柏林郡,588万,,3室2厅 低楼层/共24层 南 北 平层/精装 106.23平米 板楼,https://ke-image.ljcdn.com/110000-inspection/89c70fe5-ff07-45da-900d-a03eb333e913_1000.jpg!m_fill,w_120,h_80,f_jpg?from=ke.com 
20241105,顺义,顺义其它,101127383647,东方太阳城,315万,,3室2厅 高楼层/共6层 南 北 平层/其他 130.98平米 2008年建/板楼,https://ke-image.ljcdn.com/110000-inspection/pc0_EksWPHwUK_1.jpg!m_fill,w_120,h_80,f_jpg?from=ke.com 
20241105,昌平,回龙观,101127383652,风雅园二区,446万,,3室2厅 中楼层/共7层 南 北 平层/精装 118.56平米 板楼,https://ke-image.ljcdn.com/110000-inspection/pc1_nOaTC0oI4.jpg!m_fill,w_120,h_80,f_jpg?from=ke.com 
20241105,顺义,马坡,101127383735,北辰墅院1900,330万,,3室2厅 低楼层/共18层 南 北 平层/其他 113.83平米 2016年建/板楼,https://ke-image.ljcdn.com/110000-inspection/9319cb93-c540-4846-a03b-d15c50668d82_1000.jpg!m_fill,w_120,h_80,f_jpg?from=ke.com 
20241105,朝阳,高碑店,101127384080,兴隆家园,780万,,3室2厅 低楼层/共22层 南 北 平层/精装 141.32平米 2005年建/板塔结合,https://ke-image.ljcdn.com/110000-inspection/pc1_GAhXpzDeX_1.jpg!m_fill,w_120,h_80,f_jpg?from=ke.com 
20241105,丰台,赵公口,101127384091,彩虹城四区,220万,,2室1厅 底层/共4层 南 复式/精装 70.78平米 塔楼,https://s1.ljcdn.com/pegasus/redskull/images/common/default_house_detail.png?_v=202411041520163 
20241105,朝阳,北苑,101127382458,恒大名都,418万,,2室1厅 中楼层/共29层 东 西 平层/精装 74.13平米 2017年建/板楼,https://ke-image.ljcdn.com/110000-inspection/pc0_lLun6Wqn1_1.jpg!m_fill,w_120,h_80,f_jpg?from=ke.com 
20241105,东城,崇文门,101127383185,国瑞城东区,720万,,2室1厅 中楼层/共16层 西 平层/精装 75.45平米 2006年建/板塔结合,https://ke-image.ljcdn.com/110000-inspection/1e4dec9b-4c7c-4d9e-ad23-dcac9dc09747_1000.jpg!m_fill,w_120,h_80,f_jpg?from=ke.com 
20241105,海淀,田村,101127383368,天合家园,980万,,3室1厅 低楼层/共17层 南 平层/精装 117.51平米 板楼,https://ke-image.ljcdn.com/110000-inspection/pc0_sHSWx4XkK.jpg!m_fill,w_120,h_80,f_jpg?from=ke.com 
20241105,朝阳,国展,101127384107,香河园中里,260万,,2室0厅 中楼层/共16层 北 平层/简装 43.9平米 1981年建/塔楼,https://s1.ljcdn.com/pegasus/redskull/images/common/default_house_detail.png?_v=202411041520163 
20241105,海淀,世纪城,101127383346,晨月园,559万,,1室1厅 中楼层/共17层 南 平层/简装 57.3平米 2007年建/塔楼,https://ke-image.ljcdn.com/110000-inspection/pc1_nd3v0CSEG_2.jpg!m_fill,w_120,h_80,f_jpg?from=ke.com 
20241105,朝阳,潘家园,101127384208,嘉禾园,371万,,1室1厅 低楼层/共6层 南 北 平层/精装 62.49平米 板楼,https://ke-image.ljcdn.com/110000-inspection/pc0_mAHd9eOnn_1.jpg!m_fill,w_120,h_80,f_jpg?from=ke.com 
20241105,房山,长阳,101127383389,长阳国际城二区,440万,,3室1厅 低楼层/共20层 南 北 平层/简装 117.89平米 2012年建/板塔结合,https://ke-image.ljcdn.com/110000-inspection/pc0_V07bpVF0u_1.jpg!m_fill,w_120,h_80,f_jpg?from=ke.com 
20241105,昌平,北七家,101127383448,远洋傲北,1150万,,6室3厅 底层/共3层 南 北 复式/简装 333.93平米 板楼,https://ke-image.ljcdn.com/110000-inspection/59ae4d37-9df0-4b66-8d42-820535e73262_1000.jpg!m_fill,w_120,h_80,f_jpg?from=ke.com 
20241105,顺义,马坡,101127383817,顺悦家园,157万,,1室1厅 低楼层/共27层 南 暂无数据/其他 65.86平米 2014年建/板楼,https://s1.ljcdn.com/pegasus/redskull/images/common/default_house_detail.png?_v=202411041520163 
20241105,朝阳,惠新西街,101127384103,惠新苑,1350万,,4室1厅 高楼层/共12层 南 北 复式/精装 170.8平米 板楼,https://ke-image.ljcdn.com/110000-inspection/165b6998-a4f2-473b-bca4-073253260786_1000.jpg!m_fill,w_120,h_80,f_jpg?from=ke.com 
20241105,朝阳,望京,101127383718,上京新航线,1220万,,3室2厅 低楼层/共26层 南 北 平层/精装 135.92平米 2007年建/板楼,https://ke-image.ljcdn.com/110000-inspection/pc0_vFDBrFcrA_1.jpg!m_fill,w_120,h_80,f_jpg?from=ke.com 
20241105,丰台,和义,101127384084,和义西里三区,205万,,1室1厅 顶层/共6层 南 北 平层/其他 56.11平米 2004年建/板楼,https://ke-image.ljcdn.com/110000-inspection/a9872837-39e1-468b-84a6-4522b7023c4f_1000.jpg!m_fill,w_120,h_80,f_jpg?from=ke.com 
20241105,顺义,顺义城,101127383685,澜西园三区,265万,,2室1厅 高楼层/共12层 西南 平层/精装 92.01平米 2009年建/板塔结合,https://ke-image.ljcdn.com/110000-inspection/9e347e3c-da0b-4c18-aedd-1073bad503c8_1000.jpg!m_fill,w_120,h_80,f_jpg?from=ke.com 
20241105,密云,古北口镇,101127383795,龙湖长城源著2号院,88万,,2室1厅 中楼层/共5层 南 北 暂无数据/精装 80.75平米 板楼,https://s1.ljcdn.com/pegasus/redskull/images/common/default_house_detail.png?_v=202411041520163 
20241105,朝阳,管庄,101127384491,朗廷,112万,,1室1厅 高楼层/共12层 南 平层/精装 44.8平米 2010年建/塔楼,https://s1.ljcdn.com/pegasus/redskull/images/common/default_house_detail.png?_v=202411041520163 
20241105,丰台,宋家庄,101127383945,政怡家园,338万,,1室1厅 高楼层/共15层 西 平层/精装 69.17平米 2006年建/板塔结合,https://ke-image.ljcdn.com/110000-inspection/68e03d32-7ebb-4de4-a1c9-108a044ace13_1000.jpg!m_fill,w_120,h_80,f_jpg?from=ke.com 
20241105,西城,天宁寺,101127384303,广安门外大街,480万,,2室1厅 高楼层/共12层 南 暂无数据/简装 57.62平米 板楼,https://s1.ljcdn.com/pegasus/redskull/images/common/default_house_detail.png?_v=202411041520163 
20241105,通州,潞苑,101127383018,中建雅颂居,285万,,2室1厅 低楼层/共22层 东 平层/简装 92.09平米 2012年建/板塔结合,https://ke-image.ljcdn.com/110000-inspection/pc1_42B4lcBYt_1.jpg!m_fill,w_120,h_80,f_jpg?from=ke.com 
20241105,丰台,玉泉营,101127383961,万年花城一期,679万,,2室1厅 高楼层/共16层 南 平层/简装 100.39平米 2005年建/板楼,https://ke-image.ljcdn.com/110000-inspection/aa9f0fa1-d162-46ca-99d2-e00a59becfd5_1000.jpg!m_fill,w_120,h_80,f_jpg?from=ke.com 
20241105,朝阳,中央别墅区,101127384539,康营家园六区,289万,,2室1厅 低楼层/共6层 南 北 平层/简装 89.05平米 板楼,https://ke-image.ljcdn.com/110000-inspection/pc0_cDHtKXqz4_1.jpg!m_fill,w_120,h_80,f_jpg?from=ke.com 
20241105,朝阳,望京,101127384228,望京明苑,670万,,3室2厅 中楼层/共28层 东南 西北 平层/精装 139.98平米 2001年建/塔楼,https://ke-image.ljcdn.com/110000-inspection/pc0_wpB2GEnfm.jpg!m_fill,w_120,h_80,f_jpg?from=ke.com 
20241105,昌平,立水桥,101127384140,溪城家园,288万,,1室1厅 顶层/共15层 南 北 暂无数据/简装 57.93平米 2010年建/板塔结合,https://s1.ljcdn.com/pegasus/redskull/images/common/default_house_detail.png?_v=202411041520163 
20241105,东城,工体,101127383729,阳光都市,1550万,,3室2厅 低楼层/共25层 西南 平层/简装 191.74平米 塔楼,https://ke-image.ljcdn.com/110000-inspection/prod-c233fe42-e8fc-486f-beb1-e92f2da678c6.jpg!m_fill,w_120,h_80,f_jpg?from=ke.com 
20241105,西城,长椿街,101127383875,广义街10号院,1030万,,2室1厅 高楼层/共6层 南 北 平层/精装 113.95平米 板楼,https://ke-image.ljcdn.com/110000-inspection/apc_ZT4OZ1uRx_1.jpg!m_fill,w_120,h_80,f_jpg?from=ke.com 
20241105,朝阳,建国门外,101127384276,万豪国际公寓,1260万,,3室2厅 中楼层/共23层 西北 暂无数据/精装 166.19平米 2003年建/塔楼,https://s1.ljcdn.com/pegasus/redskull/images/common/default_house_detail.png?_v=202411041520163 
20241105,顺义,顺义城,101127384667,龙府花园,296万,,3室1厅 顶层/共6层 南 北 平层/简装 97.58平米 板楼,https://ke-image.ljcdn.com/110000-inspection/b8caa793-a50a-43e9-b3eb-864319832a42_1000.jpg!m_fill,w_120,h_80,f_jpg?from=ke.com 
20241105,顺义,顺义其它,101127383838,东方太阳城,638万,,4室2厅 中楼层/共6层 南 北 平层/其他 192.86平米 2010年建/板楼,https://ke-image.ljcdn.com/110000-inspection/pc0_XmroTtL76.jpg!m_fill,w_120,h_80,f_jpg?from=ke.com 
20241105,石景山,鲁谷,101127384364,永乐西区,219万,,2室1厅 中楼层/共6层 北 南 平层/简装 60.32平米 板楼,https://ke-image.ljcdn.com/110000-inspection/pc0_kyU4nPGLf.jpg!m_fill,w_120,h_80,f_jpg?from=ke.com 
20241105,顺义,顺义城,101127384002,阳光水岸,245万,,1室1厅 中楼层/共6层 南 北 平层/简装 70.56平米 板楼,https://ke-image.ljcdn.com/110000-inspection/pc0_opgV1mBfC.jpg!m_fill,w_120,h_80,f_jpg?from=ke.com 
20241105,海淀,清河,101127384088,永泰东里,680万,,3室1厅 底层/共6层 南 北 平层/简装 95.87平米 板楼,https://ke-image.ljcdn.com/110000-inspection/pc0_VYeBJlIO1.jpg!m_fill,w_120,h_80,f_jpg?from=ke.com 
20241105,大兴,枣园,101127384839,滨河西里北区,230万,,2室1厅 底层/共6层 南 北 平层/简装 62.02平米 板楼,https://s1.ljcdn.com/pegasus/redskull/images/common/default_house_detail.png?_v=202411041520163 
20241105,海淀,海淀其它,101127383354,前沙涧路7号院,275万,,2室1厅 顶层/共6层 南 北 复式/其他 84.5平米 板楼,https://ke-image.ljcdn.com/110000-inspection/pc0_U26Vw1rj9.jpg!m_fill,w_120,h_80,f_jpg?from=ke.com 
20241105,大兴,义和庄,101127384133,联港嘉园D区,260万,,2室1厅 中楼层/共14层 南 北 平层/其他 89.37平米 2013年建/板楼,https://ke-image.ljcdn.com/110000-inspection/pc1_GTdaO8s8l_2.jpg!m_fill,w_120,h_80,f_jpg?from=ke.com 
20241105,大兴,旧宫,101127384831,宣颐家园,450万,,2室1厅 低楼层/共14层 南 北 平层/简装 106.55平米 2004年建/板楼,https://ke-image.ljcdn.com/110000-inspection/817222aa-f9ae-44e3-9864-d65cc09b0f5e_1000.jpg!m_fill,w_120,h_80,f_jpg?from=ke.com 
20241105,朝阳,北苑,101127384050,北苑家园望春园,580万,,2室1厅 低楼层/共25层 西北 南 暂无数据/精装 111平米 2006年建/塔楼,https://s1.ljcdn.com/pegasus/redskull/images/common/default_house_detail.png?_v=202411041520163 
20241105,昌平,立水桥,101127384374,溪城家园,359万,,2室1厅 低楼层/共15层 西南 平层/简装 83.61平米 2010年建/板塔结合,https://ke-image.ljcdn.com/110000-inspection/30ca4eea-5e22-4aaf-a1c9-2faec37d3141_1000.jpg!m_fill,w_120,h_80,f_jpg?from=ke.com 
20241105,顺义,顺义城,101127384237,石园东区,238万,,2室1厅 顶层/共6层 南 北 平层/其他 75.76平米 1994年建/板楼,https://ke-image.ljcdn.com/110000-inspection/pc0_gbntSVFqB.jpg!m_fill,w_120,h_80,f_jpg?from=ke.com 
20241105,朝阳,常营,101127384197,富力阳光美园,485万,,2室1厅 低楼层/共26层 南 平层/简装 88.8平米 2010年建/板楼,https://ke-image.ljcdn.com/110000-inspection/a1862dd4-85e9-4b73-b504-bc1f21af8fe5_1000.jpg!m_fill,w_120,h_80,f_jpg?from=ke.com 
20241105,朝阳,酒仙桥,101127384145,丽都职工公寓,465万,,3室1厅 高楼层/共23层 东 西 北 平层/精装 78.6平米 1988年建/塔楼,https://ke-image.ljcdn.com/110000-inspection/pc1_e3LgDpr8E.jpg!m_fill,w_120,h_80,f_jpg?from=ke.com 
20241105,通州,通州其它,101127384740,首开缇香郡,368万,,4室2厅 底层/共8层 南 北 复式/其他 150.41平米 板楼,https://ke-image.ljcdn.com/110000-inspection/pc0_ZVh19RblB_1.jpg!m_fill,w_120,h_80,f_jpg?from=ke.com 
20241105,朝阳,豆各庄,101127384241,朝丰家园8号院,290万,,2室1厅 高楼层/共18层 南 北 平层/精装 78.01平米 2009年建/板楼,https://ke-image.ljcdn.com/110000-inspection/2c86ac15-dd12-4fd0-b5de-f3a3fbe41743_1000.jpg!m_fill,w_120,h_80,f_jpg?from=ke.com 
20241105,丰台,大红门,101127384286,珠江骏景中区,699万,,2室1厅 高楼层/共24层 南 北 平层/精装 100.46平米 2002年建/板塔结合,https://ke-image.ljcdn.com/110000-inspection/122cd9e2-b07b-4ed5-8c17-856f1fc58751_1000.jpg!m_fill,w_120,h_80,f_jpg?from=ke.com 
20241105,亦庄开发区,亦庄,101127384852,莱茵河畔,680万,,3室2厅 中楼层/共5层 西南 东北 平层/简装 146.34平米 板楼,https://ke-image.ljcdn.com/110000-inspection/8bcfc7f0-87f6-4eb3-b429-e8a0bc4a487f_1000.jpg!m_fill,w_120,h_80,f_jpg?from=ke.com 
20241105,通州,马驹桥,101127385167,新海北里,339万,,3室2厅 低楼层/共6层 南 北 平层/精装 108.42平米 2006年建/板楼,https://ke-image.ljcdn.com/110000-inspection/28af671d-f14f-492a-8b43-36caca4af1ab_1000.jpg!m_fill,w_120,h_80,f_jpg?from=ke.com 
20241105,通州,潞苑,101127384777,中建雅颂居,196万,,1室1厅 中楼层/共22层 东 平层/其他 63.61平米 2012年建/板塔结合,https://ke-image.ljcdn.com/110000-inspection/pc0_KNckM3lud_1.jpg!m_fill,w_120,h_80,f_jpg?from=ke.com 
20241105,丰台,方庄,101127385291,芳城园三区,255万,,1室1厅 低楼层/共25层 东南 平层/简装 49.66平米 1995年建/塔楼,https://ke-image.ljcdn.com/110000-inspection/980119c1-f5f5-4167-9fc7-f153fe2aeb05_1000.jpg!m_fill,w_120,h_80,f_jpg?from=ke.com 
20241105,海淀,安宁庄,101127384854,安宁里,380万,,2室1厅 低楼层/共6层 南 北 平层/简装 57平米 1999年建/板楼,https://s1.ljcdn.com/pegasus/redskull/images/common/default_house_detail.png?_v=202411041520163 
20241105,顺义,顺义城,101127385323,裕龙六区,315万,,3室1厅 中楼层/共6层 南 北 平层/其他 107.81平米 板楼,https://ke-image.ljcdn.com/110000-inspection/36be0b58-3448-4d87-a4aa-30060d3dd5ef_1000.jpg!m_fill,w_120,h_80,f_jpg?from=ke.com 
20241105,顺义,顺义城,101127385584,裕龙四区,225万,,2室1厅 中楼层/共6层 南 北 平层/简装 72.51平米 板楼,https://ke-image.ljcdn.com/110000-inspection/pc0_YWESb82KP_1.jpg!m_fill,w_120,h_80,f_jpg?from=ke.com 
20241105,通州,马驹桥,101127385391,融科钧廷,400万,,3室1厅 中楼层/共11层 南 北 平层/其他 101.23平米 2014年建/板楼,https://ke-image.ljcdn.com/110000-inspection/280b53ef-23bb-4181-ac12-1382803a6a26_1000.jpg!m_fill,w_120,h_80,f_jpg?from=ke.com 
20241105,石景山,五里坨,101127385132,绿地·京西景园,143万,,1室1厅 中楼层/共22层 南 平层/精装 50.67平米 2017年建/塔楼,https://ke-image.ljcdn.com/110000-inspection/pc0_SBO7ajXwp.jpg!m_fill,w_120,h_80,f_jpg?from=ke.com 
20241105,东城,崇文门,101127385623,新世界中心,715万,,2室1厅 高楼层/共16层 西 平层/其他 126.54平米 塔楼,https://ke-image.ljcdn.com/110000-inspection/434b500d-bc50-4e0e-aa84-f45c4481efe0_1000.jpg!m_fill,w_120,h_80,f_jpg?from=ke.com 
20241105,西城,金融街,101127385113,新文化街,830万,,1室1厅 中楼层/共16层 西南 平层/简装 48.8平米 1989年建/板塔结合,https://ke-image.ljcdn.com/110000-inspection/a4d16788-d545-4275-8c7a-5d9e851a741e_1000.jpg!m_fill,w_120,h_80,f_jpg?from=ke.com 
20241105,房山,长阳,101127385180,加州水郡三期,199万,,2室1厅 顶层/共15层 西南 平层/精装 91.06平米 2010年建/塔楼,https://ke-image.ljcdn.com/110000-inspection/pc0_NtGD0JB4x_2.jpg!m_fill,w_120,h_80,f_jpg?from=ke.com 
20241105,昌平,沙河,101127385439,北科建泰禾丽春湖院子,3350万,,6室4厅 底层/共3层 南 北 跃层/毛坯 568.91平米 2019年建/暂无数据,https://ke-image.ljcdn.com/110000-inspection/pc0_7rDDYT9Ey.jpg!m_fill,w_120,h_80,f_jpg?from=ke.com 
20241105,朝阳,东坝,101127385579,利锦府,435万,,2室1厅 低楼层/共19层 西 平层/简装 79.95平米 2016年建/塔楼,https://ke-image.ljcdn.com/110000-inspection/pc0_ukaw70HVy_1.jpg!m_fill,w_120,h_80,f_jpg?from=ke.com 
20241105,丰台,科技园区,101127385077,富锦嘉园一区,620万,,3室1厅 中楼层/共5层 南 北 平层/精装 123.17平米 板楼,https://ke-image.ljcdn.com/110000-inspection/10c2149c-378d-4c8a-9013-21c057c1fa7d_1000.jpg!m_fill,w_120,h_80,f_jpg?from=ke.com 
20241105,朝阳,朝青,101127385000,青年汇佳园,639万,,2室1厅 中楼层/共16层 东南 平层/简装 95.61平米 塔楼,https://ke-image.ljcdn.com/110000-inspection/b24eadd6-bd37-419d-8ffa-b251e27c65d3_1000.jpg!m_fill,w_120,h_80,f_jpg?from=ke.com 
20241105,房山,窦店,101127385137,沁园春景,125万,,2室1厅 底层/共6层 南 北 平层/简装 87.43平米 2005年建/板楼,https://ke-image.ljcdn.com/110000-inspection/pc0_WxuDPCW2o_2.jpg!m_fill,w_120,h_80,f_jpg?from=ke.com 
20241105,顺义,顺义城,101127385927,阳光水岸,198万,,1室1厅 顶层/共18层 南 平层/简装 71.65平米 2010年建/板楼,https://ke-image.ljcdn.com/110000-inspection/5d39eb92-22b9-4b1d-bc94-1df7cc7b56b7_1000.jpg!m_fill,w_120,h_80,f_jpg?from=ke.com 
20241105,海淀,清河,101127385417,橡树湾三期,970万,,2室2厅 中楼层/共18层 西 平层/精装 90.25平米 2011年建/板塔结合,https://ke-image.ljcdn.com/110000-inspection/6288a848-ca56-48ad-bd10-62c43145714c_1000.jpg!m_fill,w_120,h_80,f_jpg?from=ke.com 
20241105,朝阳,潘家园,101127385314,松榆西里,450万,,4室2厅 顶层/共6层 南 北 复式/简装 123.72平米 1995年建/板楼,https://ke-image.ljcdn.com/110000-inspection/pc0_Z6IujKH1o.jpg!m_fill,w_120,h_80,f_jpg?from=ke.com 
20241105,朝阳,望京,101127385572,金隅丽港城,988万,,2室2厅 底层/共9层 南 北 平层/简装 106.5平米 2005年建/板楼,https://ke-image.ljcdn.com/110000-inspection/pc0_o16d7Olv3.jpg!m_fill,w_120,h_80,f_jpg?from=ke.com 
20241105,大兴,旧宫,101127385979,清逸西园,155万,,1室1厅 中楼层/共6层 南 平层/其他 48.37平米 板楼,https://s1.ljcdn.com/pegasus/redskull/images/common/default_house_detail.png?_v=202411041520163 
20241105,朝阳,芍药居,101127385214,芍药居北里,360万,,1室1厅 中楼层/共24层 北 平层/精装 57.91平米 1997年建/塔楼,https://ke-image.ljcdn.com/110000-inspection/0e19af72-e94c-4fd3-82fd-0a32ae375016_1000.jpg!m_fill,w_120,h_80,f_jpg?from=ke.com 
20241105,海淀,小西天,101127385413,新外大街3号院,550万,,3室1厅 底层/共4层 南 北 平层/其他 63.1平米 1959年建/板楼,https://ke-image.ljcdn.com/110000-inspection/3f0fbb29-8bb3-411d-a9ca-848da003168b_1000.jpg!m_fill,w_120,h_80,f_jpg?from=ke.com 
20241105,顺义,顺义城,101127385684,裕龙三区,440万,,4室2厅 底层/共18层 南 错层/简装 86.64平米 2009年建/板塔结合,https://ke-image.ljcdn.com/110000-inspection/pc0_F0IwJUfZo_1.jpg!m_fill,w_120,h_80,f_jpg?from=ke.com 
20241105,西城,广安门,101127386464,丽水莲花,580万,,1室1厅 中楼层/共28层 西 暂无数据/简装 66.88平米 2007年建/塔楼,https://s1.ljcdn.com/pegasus/redskull/images/common/default_house_detail.png?_v=202411041520163 
20241105,顺义,顺义城,101127385702,裕龙三区,238万,,2室1厅 高楼层/共22层 南 平层/简装 66.46平米 2009年建/板塔结合,https://ke-image.ljcdn.com/110000-inspection/pc0_sRhdj5Bpo_1.jpg!m_fill,w_120,h_80,f_jpg?from=ke.com 
20241105,顺义,顺义城,101127385667,裕龙一区,360万,,3室1厅 中楼层/共6层 南 北 平层/简装 99.91平米 1998年建/板楼,https://ke-image.ljcdn.com/110000-inspection/pc0_PY2rDWLLo_1.jpg!m_fill,w_120,h_80,f_jpg?from=ke.com 
20241105,顺义,顺义城,101127385522,港馨家园西区,215万,,2室2厅 高楼层/共6层 南 北 平层/简装 90.62平米 板楼,https://ke-image.ljcdn.com/110000-inspection/pc0_uQCEDic0u_1.jpg!m_fill,w_120,h_80,f_jpg?from=ke.com 
20241105,房山,长阳,101127385525,康泽佳苑南区,165万,,2室1厅 中楼层/共18层 南 北 平层/简装 53.38平米 2014年建/板楼,https://ke-image.ljcdn.com/110000-inspection/pc0_P1XNh52KK.jpg!m_fill,w_120,h_80,f_jpg?from=ke.com 
20241105,通州,九棵树(家乐福),101127385785,大方居,308万,,2室1厅 中楼层/共15层 南 平层/精装 91.69平米 2010年建/板塔结合,https://ke-image.ljcdn.com/110000-inspection/pc0_24vARJaqH.jpg!m_fill,w_120,h_80,f_jpg?from=ke.com 
20241105,朝阳,北苑,101127385374,来北家园,251万,,1室1厅 中楼层/共20层 南 平层/精装 52.96平米 2021年建/板楼,https://ke-image.ljcdn.com/110000-inspection/pc0_BiMGcwcll.jpg!m_fill,w_120,h_80,f_jpg?from=ke.com 
20241105,大兴,旧宫,101127386143,庑殿家苑A区,315万,,2室1厅 高楼层/共18层 南 北 西 平层/简装 87.07平米 板楼,https://ke-image.ljcdn.com/110000-inspection/c8eddae3-472c-4595-a366-0bf28b7889d3_1000.jpg!m_fill,w_120,h_80,f_jpg?from=ke.com 
20241105,顺义,顺义城,101127385661,石园南区,210万,,2室1厅 顶层/共6层 南 北 平层/其他 85.89平米 板楼,https://ke-image.ljcdn.com/110000-inspection/pc0_i0TgxboST_1.jpg!m_fill,w_120,h_80,f_jpg?from=ke.com 
20241105,丰台,草桥,101127386640,恋日嘉园一期,818万,,2室1厅 低楼层/共12层 南 北 平层/简装 120.62平米 板楼,https://ke-image.ljcdn.com/110000-inspection/7a738eb5-f9c6-4f04-bf5b-6debab9f2076_1000.jpg!m_fill,w_120,h_80,f_jpg?from=ke.com 
20241105,怀柔,怀柔,101127386407,开利园小区,99万,,1室1厅 顶层/共4层 南 平层/其他 49.22平米 2000年建/板楼,https://ke-image.ljcdn.com/110000-inspection/524fa51d-edad-4aac-b163-2e494da46994_1000.jpg!m_fill,w_120,h_80,f_jpg?from=ke.com 
20241105,顺义,马坡,101127385801,新马家园,158万,,1室1厅 中楼层/共28层 南 平层/其他 65.22平米 2013年建/板楼,https://ke-image.ljcdn.com/110000-inspection/3594b072-1b43-4971-a2b3-497b58bfe04c_1000.jpg!m_fill,w_120,h_80,f_jpg?from=ke.com 
20241105,顺义,马坡,101127385811,北辰墅院1900,390万,,3室1厅 低楼层/共18层 南 北 平层/其他 121.55平米 2016年建/板楼,https://ke-image.ljcdn.com/110000-inspection/pc1_41BQTVyKj_1.jpg!m_fill,w_120,h_80,f_jpg?from=ke.com 
20241105,西城,天宁寺,101127386363,广安苑一期,800万,,2室1厅 低楼层/共11层 南 北 暂无数据/简装 71.97平米 1999年建/板塔结合,https://s1.ljcdn.com/pegasus/redskull/images/common/default_house_detail.png?_v=202411041520163 
20241105,大兴,天宫院,101127385274,保利首开熙悦春天,265万,,2室1厅 中楼层/共21层 南 平层/精装 83.82平米 板楼,https://ke-image.ljcdn.com/110000-inspection/pc0_0Oh22pfwT_2.jpg!m_fill,w_120,h_80,f_jpg?from=ke.com 
20241105,门头沟,上岸地铁,101127386207,中铁西城,330万,,3室1厅 低楼层/共18层 南 平层/精装 92.06平米 板楼,https://ke-image.ljcdn.com/110000-inspection/pc0_ecbnMf5nE.jpg!m_fill,w_120,h_80,f_jpg?from=ke.com 
20241105,房山,燕山,101127386180,杏花东里社区,60万,,2室1厅 高楼层/共6层 东 南 平层/简装 59.35平米 板楼,https://ke-image.ljcdn.com/110000-inspection/pc1_Cmlgu1geM.jpg!m_fill,w_120,h_80,f_jpg?from=ke.com 
20241105,朝阳,安贞,101127385829,安贞西里,530万,,2室1厅 顶层/共16层 南 北 平层/精装 70.8平米 1986年建/塔楼,https://ke-image.ljcdn.com/110000-inspection/pc0_6rDUgTf0r.jpg!m_fill,w_120,h_80,f_jpg?from=ke.com 
20241105,海淀,五棵松,101127385841,永定路85号院,384万,,2室1厅 中楼层/共5层 南 北 平层/其他 56.1平米 1964年建/板楼,https://ke-image.ljcdn.com/110000-inspection/pc0_0YFtLwYmA.jpg!m_fill,w_120,h_80,f_jpg?from=ke.com 
20241105,顺义,顺义城,101127385774,裕龙一区,240万,,2室1厅 顶层/共6层 南 北 平层/简装 81.72平米 板楼,https://ke-image.ljcdn.com/110000-inspection/pc0_RitwjTfkw_1.jpg!m_fill,w_120,h_80,f_jpg?from=ke.com 
20241105,海淀,甘家口,101127386040,车公庄西路14号院,1125万,,3室2厅 高楼层/共7层 南 北 复式/简装 128.9平米 1990年建/板楼,https://ke-image.ljcdn.com/110000-inspection/pc0_HPqB6qtF2.jpg!m_fill,w_120,h_80,f_jpg?from=ke.com 
20241105,朝阳,常营,101127386575,首开畅心园,249万,,2室1厅 低楼层/共29层 东 北 平层/其他 71.51平米 2010年建/塔楼,https://ke-image.ljcdn.com/110000-inspection/pc0_IEEIMmoM9_1.jpg!m_fill,w_120,h_80,f_jpg?from=ke.com 
20241105,亦庄开发区,亦庄河西区,101127386233,南海家园四里,359万,,2室2厅 底层/共18层 南 北 平层/精装 79.28平米 2012年建/板楼,https://ke-image.ljcdn.com/110000-inspection/pc0_x4W4vRnTP.jpg!m_fill,w_120,h_80,f_jpg?from=ke.com 
20241105,顺义,顺义城,101127386033,双兴北区,290万,,2室1厅 低楼层/共3层 南 北 平层/精装 83.55平米 板楼,https://ke-image.ljcdn.com/110000-inspection/8e71ad18-b866-482d-bb8f-a6309f1b9f80_1000.jpg!m_fill,w_120,h_80,f_jpg?from=ke.com 
20241105,海淀,北太平庄,101127386992,庚坊国际,718万,,2室1厅 高楼层/共16层 东南 平层/其他 70.39平米 2005年建/塔楼,https://ke-image.ljcdn.com/110000-inspection/bd73a384-05cd-4e68-b9ea-2ffcfbc7e668_1000.jpg!m_fill,w_120,h_80,f_jpg?from=ke.com 
20241105,朝阳,亚运村小营,101127386205,主场,455万,,1室1厅 低楼层/共24层 北 平层/其他 57.56平米 2007年建/塔楼,https://ke-image.ljcdn.com/110000-inspection/d85e911a-bbf9-49d0-978b-5b1a427c7add_1000.jpg!m_fill,w_120,h_80,f_jpg?from=ke.com 
20241105,朝阳,惠新西街,101127386420,樱花东街,330万,,2室1厅 顶层/共6层 东 西 暂无数据/简装 63.7平米 1988年建/板楼,https://s1.ljcdn.com/pegasus/redskull/images/common/default_house_detail.png?_v=202411041520163 
20241105,朝阳,北苑,101127386361,n次方,176万,,1室1厅 高楼层/共18层 东 复式/简装 64.45平米 2014年建/板楼,https://s1.ljcdn.com/pegasus/redskull/images/common/default_house_detail.png?_v=202411041520163 
20241105,朝阳,潘家园,101127386983,潘家园东里,350万,,2室1厅 底层/共6层 南 北 平层/简装 55.94平米 1992年建/板楼,https://ke-image.ljcdn.com/110000-inspection/2d084871-0317-44ed-93ba-0e52a3c241e4_1000.jpg!m_fill,w_120,h_80,f_jpg?from=ke.com 
20241105,通州,梨园,101127386321,新城嘉园,347万,,3室1厅 高楼层/共17层 南 北 平层/简装 91.71平米 板楼,https://ke-image.ljcdn.com/110000-inspection/8a6163e0-a7af-456d-9807-78c586f7ada6_1000.jpg!m_fill,w_120,h_80,f_jpg?from=ke.com 
20241105,房山,窦店,101127386296,沁园春景,70万,,1室1厅 中楼层/共4层 南 北 暂无数据/简装 54.59平米 板楼,https://s1.ljcdn.com/pegasus/redskull/images/common/default_house_detail.png?_v=202411041520163 
20241105,顺义,马坡,101127386397,鲁能7号院颐景润园,480万,,3室2厅 中楼层/共6层 南 北 平层/精装 141.16平米 2012年建/板楼,https://ke-image.ljcdn.com/110000-inspection/4c56bce5-4071-443b-988c-621cd10fe053_1000.jpg!m_fill,w_120,h_80,f_jpg?from=ke.com 
20241105,昌平,沙河,101127386190,民园小区,315万,,3室1厅 高楼层/共6层 南 北 平层/精装 82.86平米 板楼,https://s1.ljcdn.com/pegasus/redskull/images/common/default_house_detail.png?_v=202411041520163 
20241105,大兴,西红门,101127386940,鸿坤理想城礼域府,759万,,3室2厅 中楼层/共21层 南 北 平层/精装 132.63平米 2012年建/板楼,https://ke-image.ljcdn.com/110000-inspection/96879f64-4150-413d-bd97-1b5ef7a5c7a4_1000.jpg!m_fill,w_120,h_80,f_jpg?from=ke.com 
20241105,海淀,西三旗,101127387312,育新花园,480万,,2室1厅 高楼层/共22层 西南 平层/简装 63.1平米 塔楼,https://ke-image.ljcdn.com/110000-inspection/97ae3996-79c3-4473-a182-4c64dcc0b34c_1000.jpg!m_fill,w_120,h_80,f_jpg?from=ke.com 
20241105,顺义,顺义城,101127386642,裕龙一区,265万,,3室1厅 高楼层/共6层 南 北 平层/简装 86.12平米 1998年建/板楼,https://ke-image.ljcdn.com/110000-inspection/5e34f387-76d6-4b2b-b8c0-dd07f5608edd_1000.jpg!m_fill,w_120,h_80,f_jpg?from=ke.com 
20241105,顺义,顺义城,101127386772,裕龙一区,279万,,3室1厅 中楼层/共6层 南 北 平层/简装 85.09平米 1998年建/板楼,https://ke-image.ljcdn.com/110000-inspection/pc0_m2Corc5Ri_1.jpg!m_fill,w_120,h_80,f_jpg?from=ke.com 
20241105,朝阳,双桥,101127387271,远洋一方润园2号院,600万,,3室1厅 顶层/共15层 南 北 平层/精装 116.99平米 2010年建/板塔结合,https://ke-image.ljcdn.com/110000-inspection/apc_f9oXkLS7r_1.jpg!m_fill,w_120,h_80,f_jpg?from=ke.com 
20241105,顺义,顺义城,101127386819,石园北区,195万,,2室1厅 顶层/共6层 南 北 平层/其他 83.23平米 1999年建/板楼,https://ke-image.ljcdn.com/110000-inspection/6363c011-9188-415e-b2ac-491773bb6298_1000.jpg!m_fill,w_120,h_80,f_jpg?from=ke.com 
20241105,朝阳,北苑,101127386621,北苑家园绣菊园,450万,,3室1厅 高楼层/共25层 西南 平层/精装 110.19平米 1999年建/塔楼,https://s1.ljcdn.com/pegasus/redskull/images/common/default_house_detail.png?_v=202411041520163 
20241105,朝阳,常营,101127387291,北京新天地五期,252万,,1室1厅 底层/共28层 北 平层/精装 61.04平米 板塔结合,https://ke-image.ljcdn.com/110000-inspection/b4c300cd-f12d-4021-9b93-9864c30a418b_1000.jpg!m_fill,w_120,h_80,f_jpg?from=ke.com 
20241105,朝阳,红庙,101127387472,延静西里,410万,,3室1厅 高楼层/共6层 南 北 暂无数据/其他 64.9平米 板楼,https://s1.ljcdn.com/pegasus/redskull/images/common/default_house_detail.png?_v=202411041520163 
20241105,昌平,昌平其它,101127386786,保利芳园,258万,,3室1厅 中楼层/共18层 东 西 北 平层/其他 58.85平米 2013年建/板塔结合,https://ke-image.ljcdn.com/110000-inspection/pc0_EFuTy8Ivb_1.jpg!m_fill,w_120,h_80,f_jpg?from=ke.com 
20241105,海淀,紫竹桥,101127386757,车公庄西路35号院,1100万,,4室1厅 中楼层/共6层 南 北 平层/简装 103.9平米 板楼,https://ke-image.ljcdn.com/110000-inspection/pc0_G5hhSAOKx.jpg!m_fill,w_120,h_80,f_jpg?from=ke.com 
20241105,门头沟,滨河西区,101127386765,德露苑,352万,,3室1厅 中楼层/共7层 南 西 北 平层/其他 111.21平米 板楼,https://ke-image.ljcdn.com/110000-inspection/pc0_ndWgYN7zp_1.jpg!m_fill,w_120,h_80,f_jpg?from=ke.com 
20241105,通州,通州北苑,101127386866,世纪星城,468万,,2室2厅 低楼层/共10层 南 北 平层/其他 91.85平米 2005年建/板楼,https://ke-image.ljcdn.com/110000-inspection/pc1_aZqRMvRlB_1.jpg!m_fill,w_120,h_80,f_jpg?from=ke.com 
20241105,顺义,马坡,101127387158,新马家园,145万,,1室1厅 中楼层/共28层 南 平层/简装 65.22平米 2013年建/板楼,https://ke-image.ljcdn.com/110000-inspection/0fb43ac4-99d4-4a30-af08-f86f8bc8e7e1_1000.jpg!m_fill,w_120,h_80,f_jpg?from=ke.com 
20241105,海淀,西二旗,101127387743,领秀新硅谷1号院,899万,,2室1厅 中楼层/共15层 南 北 平层/精装 95.19平米 2011年建/板楼,https://s1.ljcdn.com/pegasus/redskull/images/common/default_house_detail.png?_v=202411041520163 
20241105,西城,宣武门,101127387316,四合上院,2398万,,3室1厅 高楼层/共11层 南 北 平层/精装 151.43平米 2013年建/板楼,https://ke-image.ljcdn.com/110000-inspection/apc_rzU2bqV8d_1.jpg!m_fill,w_120,h_80,f_jpg?from=ke.com 
20241105,朝阳,豆各庄,101127387783,朝丰家园6号院,260万,,2室1厅 低楼层/共18层 南 北 平层/简装 77.86平米 2022年建/板楼,https://s1.ljcdn.com/pegasus/redskull/images/common/default_house_detail.png?_v=202411041520163 
20241105,朝阳,双桥,101127387516,东一时区,328万,,2室1厅 中楼层/共22层 西南 平层/简装 73.22平米 板塔结合,https://ke-image.ljcdn.com/110000-inspection/pc0_IceA0lvzw.jpg!m_fill,w_120,h_80,f_jpg?from=ke.com 
20241105,朝阳,潘家园,101127387331,弘善家园,273万,,2室1厅 低楼层/共28层 西南 平层/精装 70.73平米 2020年建/塔楼,https://s1.ljcdn.com/pegasus/redskull/images/common/default_house_detail.png?_v=202411041520163 
20241105,怀柔,怀柔,101127387353,于家园二区北院,146万,,3室1厅 顶层/共6层 南 北 平层/其他 73.1平米 板楼,https://ke-image.ljcdn.com/110000-inspection/cff68097-1a62-4209-aa61-53f9b4319e68_1000.jpg!m_fill,w_120,h_80,f_jpg?from=ke.com 
20241105,丰台,新宫,101127387117,飞腾家园,399万,,3室2厅 中楼层/共6层 南 北 平层/简装 109.7平米 板楼,https://ke-image.ljcdn.com/110000-inspection/pc0_FQ68CHaXn_1.jpg!m_fill,w_120,h_80,f_jpg?from=ke.com 
20241105,海淀,西二旗,101127387414,领秀新硅谷2号院,690万,,2室1厅 底层/共15层 南 平层/简装 86.89平米 2008年建/板楼,https://ke-image.ljcdn.com/110000-inspection/apc_syWcVyMXc_1.jpg!m_fill,w_120,h_80,f_jpg?from=ke.com 
20241105,海淀,五棵松,101127387313,复兴路77号院,627万,,3室2厅 底层/共5层 南 北 平层/简装 68.9平米 板楼,https://ke-image.ljcdn.com/110000-inspection/pc0_NktwOtu4I.jpg!m_fill,w_120,h_80,f_jpg?from=ke.com 
20241105,朝阳,望京,101127387282,望京新城,536万,,2室2厅 低楼层/共26层 东南 平层/精装 105.71平米 1997年建/塔楼,https://ke-image.ljcdn.com/110000-inspection/pc0_RZaJLTYYw.jpg!m_fill,w_120,h_80,f_jpg?from=ke.com 
20241105,顺义,顺义其它,101127387947,炫立方,85万,,1室1厅 中楼层/共10层 南 复式/其他 47.97平米 2015年建/板塔结合,https://s1.ljcdn.com/pegasus/redskull/images/common/default_house_detail.png?_v=202411041520163 
20241105,朝阳,望京,101127387660,星源国际,650万,,3室2厅 低楼层/共25层 东 平层/精装 120.95平米 2004年建/板塔结合,https://ke-image.ljcdn.com/110000-inspection/5984cb2b-62ca-4582-9df6-a0d3f87232c3_1000.jpg!m_fill,w_120,h_80,f_jpg?from=ke.com 
20241105,丰台,花乡,101127387197,银地家园,550万,,3室2厅 低楼层/共12层 南 北 暂无数据/简装 133.55平米 板塔结合,https://s1.ljcdn.com/pegasus/redskull/images/common/default_house_detail.png?_v=202411041520163 
20241105,西城,广安门,101127387430,红居南街,439万,,2室1厅 中楼层/共6层 南 平层/其他 54.94平米 1989年建/板楼,https://ke-image.ljcdn.com/110000-inspection/pc0_MsuqZ76ri_1.jpg!m_fill,w_120,h_80,f_jpg?from=ke.com 
20241105,海淀,五棵松,101127388176,复兴路79号院,450万,,2室1厅 顶层/共5层 南 北 暂无数据/精装 61.12平米 板楼,https://s1.ljcdn.com/pegasus/redskull/images/common/default_house_detail.png?_v=202411041520163 
20241105,海淀,西北旺,101127387433,冬晴园,869万,,3室1厅 顶层/共6层 南 西 北 复式/其他 101.26平米 板楼,https://ke-image.ljcdn.com/110000-inspection/7460ebc1-763e-4a60-a449-043f963a2dba_1000.jpg!m_fill,w_120,h_80,f_jpg?from=ke.com 
20241105,朝阳,奥林匹克公园,101127387604,学士居,499万,,2室1厅 中楼层/共6层 南 北 平层/精装 67.85平米 板楼,https://ke-image.ljcdn.com/110000-inspection/d2bc9f86-4523-4029-a05e-588551a03a21_1000.jpg!m_fill,w_120,h_80,f_jpg?from=ke.com 
20241105,房山,良乡,101127387102,政通路西里,130万,,2室1厅 中楼层/共6层 东南 平层/精装 60.14平米 2001年建/板楼,https://ke-image.ljcdn.com/110000-inspection/pc0_okezeoLVq_1.jpg!m_fill,w_120,h_80,f_jpg?from=ke.com 
20241105,海淀,五棵松,101127387692,永金里小区,555万,,2室1厅 中楼层/共12层 南 平层/简装 82.44平米 塔楼,https://ke-image.ljcdn.com/110000-inspection/pc0_d7vywuigW_1.jpg!m_fill,w_120,h_80,f_jpg?from=ke.com 
20241105,大兴,黄村中,101127387667,兴政西里,270万,,2室1厅 中楼层/共6层 南 北 平层/精装 66.74平米 板楼,https://ke-image.ljcdn.com/110000-inspection/e36932ac-a13a-441a-80e0-48766c18d8d2_1000.jpg!m_fill,w_120,h_80,f_jpg?from=ke.com 
20241105,丰台,宋家庄,101127388103,横一条甲18号院,479万,,2室1厅 低楼层/共6层 南 北 平层/精装 87.83平米 2010年建/板楼,https://ke-image.ljcdn.com/110000-inspection/pc1_3JPMzPPUh_1.jpg!m_fill,w_120,h_80,f_jpg?from=ke.com 
20241105,丰台,草桥,101127387638,玺萌丽苑,728万,,3室1厅 高楼层/共24层 东 平层/简装 127.67平米 2002年建/塔楼,https://ke-image.ljcdn.com/110000-inspection/pc0_oToGPhxbO_1.jpg!m_fill,w_120,h_80,f_jpg?from=ke.com 
20241105,海淀,西北旺,101127387490,秋露园,666万,,2室1厅 顶层/共6层 南 北 复式/其他 76.22平米 板楼,https://ke-image.ljcdn.com/110000-inspection/pc0_x2zEODlTP.jpg!m_fill,w_120,h_80,f_jpg?from=ke.com 
20241105,昌平,天通苑,101127388255,天通苑二区,370万,,3室1厅 中楼层/共6层 南 北 平层/简装 101.29平米 1999年建/板楼,https://s1.ljcdn.com/pegasus/redskull/images/common/default_house_detail.png?_v=202411041520163 
20241105,通州,玉桥,101127387609,京艺天朗,240万,,1室1厅 中楼层/共12层 南 平层/精装 58.28平米 2004年建/板楼,https://ke-image.ljcdn.com/110000-inspection/pc0_655HI26hA.jpg!m_fill,w_120,h_80,f_jpg?from=ke.com 
20241105,朝阳,望京,101127387681,花家地小区,210万,,1室1厅 顶层/共6层 南 北 平层/简装 53.35平米 1993年建/板楼,https://ke-image.ljcdn.com/110000-inspection/pc1_5pPeDAJ4A.jpg!m_fill,w_120,h_80,f_jpg?from=ke.com 
20241105,西城,马甸,101127388299,新外大街6号院,780万,,2室1厅 中楼层/共5层 南 北 平层/精装 56.7平米 板楼,https://ke-image.ljcdn.com/110000-inspection/ae18d547-ab40-4777-a953-46d0025ab20a_1000.jpg!m_fill,w_120,h_80,f_jpg?from=ke.com 
20241105,西城,马连道,101127387625,红莲北里,658万,,3室1厅 高楼层/共6层 南 北 平层/简装 68.02平米 板楼,https://ke-image.ljcdn.com/110000-inspection/pc1_2YDwlrhuQ.jpg!m_fill,w_120,h_80,f_jpg?from=ke.com 
20241105,朝阳,常营,101127387814,北京新天地三期,299万,,1室1厅 中楼层/共28层 北 平层/精装 61.84平米 2009年建/板塔结合,https://ke-image.ljcdn.com/110000-inspection/pc0_aCQcTV4FS_1.jpg!m_fill,w_120,h_80,f_jpg?from=ke.com 
20241105,昌平,回龙观,101127387845,北京人家,420万,,2室1厅 顶层/共6层 南 北 平层/精装 84.3平米 板楼,https://ke-image.ljcdn.com/110000-inspection/pc0_gVz40EPP7.jpg!m_fill,w_120,h_80,f_jpg?from=ke.com 
20241105,石景山,五里坨,101127388076,绿地·京西景园,130万,,1室1厅 高楼层/共18层 南 暂无数据/其他 49.58平米 板楼,https://s1.ljcdn.com/pegasus/redskull/images/common/default_house_detail.png?_v=202411041520163 
20241105,西城,马连道,101127388511,马连道中里,830万,,3室1厅 高楼层/共6层 东南 北 暂无数据/其他 78.2平米 板楼,https://s1.ljcdn.com/pegasus/redskull/images/common/default_house_detail.png?_v=202411041520163 
20241105,通州,乔庄,101127388519,玉桥中路10号院,400万,,3室2厅 顶层/共6层 南 北 暂无数据/简装 129.69平米 2000年建/板楼,https://s1.ljcdn.com/pegasus/redskull/images/common/default_house_detail.png?_v=202411041520163 
20241105,昌平,回龙观,101127387925,和谐家园一区,377万,,2室1厅 底层/共6层 南 北 平层/精装 94.45平米 2006年建/板楼,https://ke-image.ljcdn.com/110000-inspection/79b63507-966e-41b9-82ea-1a6760e35f3a_1000.jpg!m_fill,w_120,h_80,f_jpg?from=ke.com 
20241105,通州,马驹桥,101127388001,一世情园,305万,,3室1厅 顶层/共5层 南 北 复式/其他 109.03平米 2005年建/板楼,https://ke-image.ljcdn.com/110000-inspection/pc0_F390SwJoh.jpg!m_fill,w_120,h_80,f_jpg?from=ke.com 
20241105,昌平,北七家,101127388551,温泉花园B区,245万,,2室2厅 中楼层/共6层 南 北 平层/其他 80.12平米 板楼,https://ke-image.ljcdn.com/110000-inspection/pc1_DbQnTmdKW.jpg!m_fill,w_120,h_80,f_jpg?from=ke.com 
20241105,通州,通州北苑,101127387901,杨庄北街7号院,199万,,2室1厅 中楼层/共6层 南 北 平层/其他 65.21平米 板楼,https://ke-image.ljcdn.com/110000-inspection/a15d23cf-e57b-41e9-aafe-d03011ec4195_1000.jpg!m_fill,w_120,h_80,f_jpg?from=ke.com 
20241105,大兴,旧宫,101127387970,芳源里,435万,,3室2厅 顶层/共6层 东 南 北 平层/其他 126.64平米 板楼,https://ke-image.ljcdn.com/110000-inspection/1a6cd8a5-ee50-44f8-91f1-1845fdfefa32_1000.jpg!m_fill,w_120,h_80,f_jpg?from=ke.com 
20241105,大兴,旧宫,101127388284,清和园,169万,,1室1厅 顶层/共6层 南 北 暂无数据/其他 49.56平米 板楼,https://s1.ljcdn.com/pegasus/redskull/images/common/default_house_detail.png?_v=202411041520163 
20241105,昌平,回龙观,101127388264,东亚上北中心,205万,,1室1厅 高楼层/共21层 西 平层/简装 63.14平米 2009年建/塔楼,https://s1.ljcdn.com/pegasus/redskull/images/common/default_house_detail.png?_v=202411041520163 
20241105,丰台,北京南站,101127387790,鼎立水岸家园,400万,,1室0厅 中楼层/共21层 北 平层/其他 57.81平米 2007年建/板塔结合,https://ke-image.ljcdn.com/110000-inspection/2ee39ed8-999f-436e-baaa-b80252b97180_1000.jpg!m_fill,w_120,h_80,f_jpg?from=ke.com 
20241105,海淀,魏公村,101127388009,民族大学南路19号院,1160万,,2室1厅 高楼层/共18层 南 平层/精装 98.49平米 塔楼,https://ke-image.ljcdn.com/110000-inspection/pc1_lPpQ3Mvbs.jpg!m_fill,w_120,h_80,f_jpg?from=ke.com 
20241105,石景山,古城,101127388880,中海金石公馆,936万,,3室2厅 中楼层/共18层 南 北 平层/精装 135.15平米 2014年建/板楼,https://ke-image.ljcdn.com/110000-inspection/e134d6f7-f590-471b-a0b1-964b280e37df_1000.jpg!m_fill,w_120,h_80,f_jpg?from=ke.com 
20241105,通州,梨园,101127388364,梨园东里,235万,,2室1厅 高楼层/共6层 南 北 平层/简装 74.72平米 板楼,https://ke-image.ljcdn.com/110000-inspection/b831c7c7-caf8-4a97-9dfe-9a8fb5bc1165_1000.jpg!m_fill,w_120,h_80,f_jpg?from=ke.com 
20241105,海淀,颐和园,101127388061,燕北园,350万,,1室1厅 中楼层/共6层 东 平层/其他 41.6平米 板楼,https://ke-image.ljcdn.com/110000-inspection/pc1_ATC0Sssis_1.jpg!m_fill,w_120,h_80,f_jpg?from=ke.com 
20241105,丰台,五里店,101127388042,五里店北里二区,248万,,1室1厅 底层/共9层 南 平层/简装 66.14平米 2008年建/板楼,https://ke-image.ljcdn.com/110000-inspection/pc1_0rgAsPTin_1.jpg!m_fill,w_120,h_80,f_jpg?from=ke.com 
20241105,丰台,菜户营,101127387902,顺驰蓝调,620万,,1室1厅 中楼层/共8层 南 北 平层/其他 75.12平米 2008年建/板塔结合,https://ke-image.ljcdn.com/110000-inspection/pc1_B1XJ67tOw_1.jpg!m_fill,w_120,h_80,f_jpg?from=ke.com 
20241105,朝阳,亚运村,101127388090,慧忠里C区,415万,,1室1厅 中楼层/共5层 南 平层/简装 45.26平米 1990年建/板楼,https://s1.ljcdn.com/pegasus/redskull/images/common/default_house_detail.png?_v=202411041520163 
20241105,大兴,瀛海,101127388470,中国铁建花语金郡,235万,,1室1厅 低楼层/共20层 南 平层/简装 62.57平米 板楼,https://ke-image.ljcdn.com/110000-inspection/f1a755ce-6f7b-4bcd-ad06-034f12d94d61_1000.jpg!m_fill,w_120,h_80,f_jpg?from=ke.com 
20241105,海淀,海淀北部新区,101127388552,上庄馨瑞嘉园,235万,,1室1厅 顶层/共16层 南 暂无数据/简装 67.73平米 2013年建/板楼,https://s1.ljcdn.com/pegasus/redskull/images/common/default_house_detail.png?_v=202411041520163 
20241105,大兴,枣园,101127388269,首邑溪谷,269万,,2室1厅 中楼层/共14层 东 北 复式/精装 47.2平米 板塔结合,https://ke-image.ljcdn.com/110000-inspection/5ac93f1d-acc3-4af0-a591-ee586a56ee7a_1000.jpg!m_fill,w_120,h_80,f_jpg?from=ke.com 
20241105,丰台,青塔,101127388313,建邦枫景,480万,,3室2厅 中楼层/共22层 南 北 平层/精装 89.68平米 2011年建/板楼,https://ke-image.ljcdn.com/110000-inspection/8776fc7a-cbd1-493d-8742-5523e2548959_1000.jpg!m_fill,w_120,h_80,f_jpg?from=ke.com 
20241105,朝阳,太阳宫,101127389167,万方景轩,796万,,2室1厅 中楼层/共20层 东 平层/精装 76.58平米 板塔结合,https://ke-image.ljcdn.com/110000-inspection/b0ccb9d2-5110-4b9f-8cc6-e99148e83843_1000.jpg!m_fill,w_120,h_80,f_jpg?from=ke.com 
20241105,通州,潞苑,101127388329,新潮嘉园一期,280万,,2室1厅 低楼层/共6层 南 北 平层/其他 94.48平米 2002年建/板楼,https://s1.ljcdn.com/pegasus/redskull/images/common/default_house_detail.png?_v=202411041520163 
20241105,门头沟,冯村,101127388716,四季怡园北区,230万,,2室1厅 高楼层/共20层 东 南 北 平层/简装 69.54平米 板楼,https://ke-image.ljcdn.com/110000-inspection/f32002af-8234-4d6c-93e9-7b7be65bac58_1000.jpg!m_fill,w_120,h_80,f_jpg?from=ke.com 
20241105,昌平,回龙观,101127388378,龙博苑二区,305万,,1室1厅 顶层/共6层 南 北 平层/简装 76.58平米 板楼,https://ke-image.ljcdn.com/110000-inspection/ffaa9aeb-ebdd-445d-b8ce-f91174017e0b_1000.jpg!m_fill,w_120,h_80,f_jpg?from=ke.com 
20241105,昌平,霍营,101127388546,华龙苑中里,268万,,2室1厅 顶层/共5层 南 北 平层/简装 65.07平米 板楼,https://ke-image.ljcdn.com/110000-inspection/ec26e75d-36de-4573-9592-8699c679e8ec_1000.jpg!m_fill,w_120,h_80,f_jpg?from=ke.com 
20241105,通州,武夷花园,101127388445,运河园,360万,,2室1厅 顶层/共6层 南 北 平层/其他 76.39平米 2001年建/板楼,https://s1.ljcdn.com/pegasus/redskull/images/common/default_house_detail.png?_v=202411041520163 
20241105,石景山,鲁谷,101127388594,碣石坪,239万,,2室1厅 顶层/共6层 南 北 平层/简装 67.99平米 1997年建/板楼,https://ke-image.ljcdn.com/110000-inspection/4b751899-5d03-4720-b770-1281c4e1d8c1_1000.jpg!m_fill,w_120,h_80,f_jpg?from=ke.com 
20241105,房山,房山其它,101127388844,原新街,93万,,2室1厅 顶层/共4层 南 北 平层/精装 60.49平米 板楼,https://ke-image.ljcdn.com/110000-inspection/pc0_0xY1iM2WX_2.jpg!m_fill,w_120,h_80,f_jpg?from=ke.com 
20241105,丰台,科技园区,101127388557,棉花城,1720万,,4室2厅 底层/共3层 南 北 复式/精装 197.94平米 2002年建/暂无数据,https://ke-image.ljcdn.com/110000-inspection/pc0_qzoYVGdOj_1.jpg!m_fill,w_120,h_80,f_jpg?from=ke.com 
20241105,朝阳,常营,101127389535,北京新天地一期,335万,,1室1厅 高楼层/共28层 东北 平层/其他 67.12平米 2008年建/板塔结合,https://ke-image.ljcdn.com/110000-inspection/8facda11-977f-4881-ae95-aaf187538480_1000.jpg!m_fill,w_120,h_80,f_jpg?from=ke.com 
20241105,朝阳,豆各庄,101127388618,万科青青家园,450万,,3室2厅 中楼层/共5层 南 北 平层/精装 123.83平米 板楼,https://ke-image.ljcdn.com/110000-inspection/pc0_HbQdBuEiO.jpg!m_fill,w_120,h_80,f_jpg?from=ke.com 
20241105,亦庄开发区,亦庄河西区,101127388697,中信新城东区,460万,,3室1厅 底层/共12层 南 北 平层/简装 90.31平米 2013年建/板楼,https://s1.ljcdn.com/pegasus/redskull/images/common/default_house_detail.png?_v=202411041520163 
20241105,门头沟,大峪,101127389251,金泰丽湾悦栖山,438万,,3室2厅 顶层/共21层 南 北 平层/精装 121.07平米 板楼,https://ke-image.ljcdn.com/110000-inspection/9fd150d3-2ca7-4998-a0e2-709fd8498e4f_1000.jpg!m_fill,w_120,h_80,f_jpg?from=ke.com 
20241105,亦庄开发区,亦庄河西区,101127388717,金茂逸墅,1450万,,4室2厅 低楼层/共17层 南 北 平层/精装 196.68平米 板楼,https://ke-image.ljcdn.com/110000-inspection/pc0_cOMLraJ0a_2.jpg!m_fill,w_120,h_80,f_jpg?from=ke.com 
20241105,海淀,西直门,101127389395,交大东路34号院,500万,,2室1厅 中楼层/共6层 南 北 平层/精装 56.3平米 1990年建/板楼,https://ke-image.ljcdn.com/110000-inspection/pc0_bIUk9KTXd.jpg!m_fill,w_120,h_80,f_jpg?from=ke.com 
20241105,朝阳,豆各庄,101127389999,恒大御景湾中区,380万,,2室2厅 高楼层/共20层 南 北 平层/其他 88.6平米 板楼,https://ke-image.ljcdn.com/110000-inspection/de3e2cba-f6ef-4ec4-b6e7-b98f0eecfda1_1000.jpg!m_fill,w_120,h_80,f_jpg?from=ke.com 
20241105,通州,万达,101127389975,官园胡同1号院,319万,,2室1厅 高楼层/共6层 南 西 北 平层/简装 65.96平米 板楼,https://ke-image.ljcdn.com/110000-inspection/pc0_EQud7fj6b.jpg!m_fill,w_120,h_80,f_jpg?from=ke.com 
20241105,大兴,高米店,101127389005,泰中花园,315万,,2室2厅 中楼层/共7层 东 西 平层/其他 106.14平米 2000年建/板楼,https://ke-image.ljcdn.com/110000-inspection/43be5927-6dec-49ac-8bc7-738ca19a74da_1000.jpg!m_fill,w_120,h_80,f_jpg?from=ke.com 
20241105,通州,玉桥,101127389601,京艺天朗雅园,385万,,2室1厅 高楼层/共6层 南 北 平层/精装 87.08平米 2008年建/板楼,https://ke-image.ljcdn.com/110000-inspection/fc33715d-bbf2-4ae6-804b-ef913e0cbae4_1000.jpg!m_fill,w_120,h_80,f_jpg?from=ke.com 
20241105,朝阳,芍药居,101127390047,芍药居北里,515万,,2室1厅 顶层/共14层 南 北 平层/简装 67.1平米 1997年建/板楼,https://ke-image.ljcdn.com/110000-inspection/pc0_pkc6xD0Ez.jpg!m_fill,w_120,h_80,f_jpg?from=ke.com 
20241105,西城,月坛,101127389972,月坛北街25号院,1582万,,3室1厅 中楼层/共6层 南 北 平层/简装 86.2平米 板楼,https://ke-image.ljcdn.com/110000-inspection/5d6a311e-ea0e-4bf1-b546-91178062d7ae_1000.jpg!m_fill,w_120,h_80,f_jpg?from=ke.com 
20241105,昌平,沙河,101127389859,北街家园六区,260万,,2室1厅 中楼层/共18层 东 平层/其他 63.04平米 2010年建/板楼,https://ke-image.ljcdn.com/110000-inspection/ecdc6fb3-7dc7-4ef5-bd71-af5ee3f9b2a5_1000.jpg!m_fill,w_120,h_80,f_jpg?from=ke.com 
20241105,丰台,太平桥,101127389628,太平桥西里,470万,,3室1厅 中楼层/共6层 南 北 平层/其他 66.68平米 1979年建/板楼,https://ke-image.ljcdn.com/110000-inspection/pc0_lXn3WYtAn.jpg!m_fill,w_120,h_80,f_jpg?from=ke.com 
20241105,海淀,玉泉路,101127390427,玉阜嘉园,940万,,3室1厅 高楼层/共12层 东 西 平层/精装 122.74平米 2003年建/板塔结合,https://ke-image.ljcdn.com/110000-inspection/pc0_VhfnhoMF6_1.jpg!m_fill,w_120,h_80,f_jpg?from=ke.com 
20241105,大兴,旧宫,101127389814,旧宫新苑南区,236万,,1室1厅 中楼层/共18层 东南 北 平层/精装 62.51平米 2012年建/板楼,https://ke-image.ljcdn.com/110000-inspection/b6707072-204f-489d-85e6-add11d7eba26_1000.jpg!m_fill,w_120,h_80,f_jpg?from=ke.com 
20241105,朝阳,奥林匹克公园,101127389676,拂林园,950万,,3室1厅 中楼层/共30层 东南 平层/简装 163.66平米 2004年建/塔楼,https://ke-image.ljcdn.com/110000-inspection/886ea28f-7add-41ba-aed6-47377f5e871f_1000.jpg!m_fill,w_120,h_80,f_jpg?from=ke.com 
20241105,朝阳,酒仙桥,101127389829,梵谷水郡,260万,,1室1厅 中楼层/共24层 北 南 暂无数据/精装 41.5平米 2009年建/塔楼,https://s1.ljcdn.com/pegasus/redskull/images/common/default_house_detail.png?_v=202411041520163 
20241105,朝阳,双桥,101127390148,双惠苑2号院,399万,,2室1厅 低楼层/共7层 南 北 平层/简装 89.26平米 2002年建/板楼,https://ke-image.ljcdn.com/110000-inspection/pc0_wlLLjj9Ul.jpg!m_fill,w_120,h_80,f_jpg?from=ke.com 
20241105,朝阳,定福庄,101127389373,定福庄西街,205万,,2室1厅 底层/共6层 南 北 平层/简装 56.83平米 1990年建/板楼,https://ke-image.ljcdn.com/110000-inspection/d8fdc7e5-a149-4a1c-8a68-6749581ca60e_1000.jpg!m_fill,w_120,h_80,f_jpg?from=ke.com 
20241105,朝阳,朝青,101127390129,珠江罗马嘉园东区,495万,,1室1厅 中楼层/共11层 西南 平层/其他 60.77平米 2008年建/板塔结合,https://ke-image.ljcdn.com/110000-inspection/9c71c0a5-a7d2-4370-9b2d-6492a593151c_1000.jpg!m_fill,w_120,h_80,f_jpg?from=ke.com 
20241105,顺义,顺义城,101127389842,金汉绿港五区,205万,,1室1厅 中楼层/共19层 西北 平层/精装 64.34平米 2012年建/塔楼,https://ke-image.ljcdn.com/110000-inspection/pc0_iyx6IeDL1.jpg!m_fill,w_120,h_80,f_jpg?from=ke.com 
20241105,西城,宣武门,101127390864,宣武门外东大街,375万,,1室0厅 底层/共11层 南 平层/简装 33.06平米 板楼,https://ke-image.ljcdn.com/110000-inspection/pc0_HqABA0NUH_1.jpg!m_fill,w_120,h_80,f_jpg?from=ke.com 
20241105,西城,右安门内,101127389598,新安中里,749万,,3室1厅 高楼层/共7层 南 北 复式/简装 83.25平米 板楼,https://ke-image.ljcdn.com/110000-inspection/pc0_bMkklguv4_1.jpg!m_fill,w_120,h_80,f_jpg?from=ke.com 
20241105,大兴,枣园,101127390021,双河南里尚城北区,155万,,1室1厅 底层/共12层 南 平层/简装 50.84平米 板楼,https://ke-image.ljcdn.com/110000-inspection/a6cdc5b4-8a84-4ae8-b5c2-919023052dc6_1000.jpg!m_fill,w_120,h_80,f_jpg?from=ke.com 
20241105,大兴,大兴其它,101127389517,首座御园一区二期,390万,,3室1厅 高楼层/共15层 北 平层/简装 115.89平米 板塔结合,https://ke-image.ljcdn.com/110000-inspection/b3b6b2a7-8037-4de4-aa63-d67b6e9eb004_1000.jpg!m_fill,w_120,h_80,f_jpg?from=ke.com 
20241105,顺义,顺义城,101127389646,滨河小区,210万,,2室1厅 中楼层/共6层 南 北 平层/简装 79.46平米 板楼,https://ke-image.ljcdn.com/110000-inspection/pc0_2TAFlIdkl_1.jpg!m_fill,w_120,h_80,f_jpg?from=ke.com 
20241105,西城,木樨地,101127389549,铁一区,830万,,2室1厅 中楼层/共6层 南 北 暂无数据/其他 60.6平米 1995年建/板楼,https://s1.ljcdn.com/pegasus/redskull/images/common/default_house_detail.png?_v=202411041520163 
20241105,朝阳,望京,101127390278,望京西园二区,465万,,2室1厅 中楼层/共24层 东南 平层/精装 77.7平米 2001年建/塔楼,https://ke-image.ljcdn.com/110000-inspection/pc0_XySZV2gI5.jpg!m_fill,w_120,h_80,f_jpg?from=ke.com 
20241105,东城,灯市口,101127389993,北河沿大街,458万,,1室1厅 高楼层/共6层 南 平层/简装 38.24平米 塔楼,https://ke-image.ljcdn.com/110000-inspection/163a5ee5-555c-4e86-9481-362f725f90ec_1000.jpg!m_fill,w_120,h_80,f_jpg?from=ke.com 
20241105,朝阳,双井,101127390612,乐成国际,1420万,,3室2厅 低楼层/共21层 南 北 西 平层/精装 145.68平米 2006年建/板塔结合,https://ke-image.ljcdn.com/110000-inspection/1440250e-6c45-43aa-9211-52ab2906e8cd.jpg!m_fill,w_120,h_80,f_jpg?from=ke.com 
20241105,海淀,公主坟,101127390310,万寿路小区,565万,,2室1厅 高楼层/共6层 南 北 平层/简装 57.7平米 板楼,https://ke-image.ljcdn.com/110000-inspection/9df9a7bd-bd24-4563-8869-e90034f0c5b8_1000.jpg!m_fill,w_120,h_80,f_jpg?from=ke.com 
20241105,海淀,小西天,101127391195,索家坟,450万,,3室1厅 中楼层/共6层 南 西 北 平层/精装 56.9平米 板楼,https://ke-image.ljcdn.com/110000-inspection/pc0_D1GXhK7xJ.jpg!m_fill,w_120,h_80,f_jpg?from=ke.com 
20241105,昌平,立水桥,101127391031,嘉诚花园二期,520万,,2室1厅 底层/共7层 南 北 平层/其他 100.67平米 板楼,https://ke-image.ljcdn.com/110000-inspection/pc0_L58jKawQc_1.jpg!m_fill,w_120,h_80,f_jpg?from=ke.com 
20241105,大兴,义和庄,101127390696,罗奇营二区社区,200万,,2室1厅 高楼层/共6层 南 北 平层/其他 82.73平米 板楼,https://ke-image.ljcdn.com/110000-inspection/pc0_mohNFPVPd_2.jpg!m_fill,w_120,h_80,f_jpg?from=ke.com 
20241105,丰台,新宫,101127390202,南庭新苑南区,280万,,2室1厅 中楼层/共16层 南 北 平层/简装 68.53平米 2019年建/板楼,https://ke-image.ljcdn.com/110000-inspection/c29053d6-923f-42c4-a8ec-7b4faf554997_1000.jpg!m_fill,w_120,h_80,f_jpg?from=ke.com 
20241105,西城,牛街,101127390851,泰和嘉苑,428万,,1室0厅 中楼层/共21层 东 平层/其他 36.71平米 2003年建/塔楼,https://ke-image.ljcdn.com/110000-inspection/pc0_l0kSgkc7f.jpg!m_fill,w_120,h_80,f_jpg?from=ke.com 
20241105,朝阳,望京,101127390673,望京新城,580万,,2室1厅 高楼层/共27层 南 暂无数据/简装 99.91平米 1997年建/塔楼,https://s1.ljcdn.com/pegasus/redskull/images/common/default_house_detail.png?_v=202411041520163 
20241105,朝阳,东坝,101127390492,汇景苑三区,430万,,3室1厅 低楼层/共29层 东 南 北 平层/其他 87.31平米 2016年建/板楼,https://ke-image.ljcdn.com/110000-inspection/pc1_C4Mq3bgl0_1.jpg!m_fill,w_120,h_80,f_jpg?from=ke.com 
20241105,昌平,西关环岛,101127391568,郝庄家园南区,228万,,3室2厅 高楼层/共6层 南 北 平层/简装 103.97平米 板楼,https://ke-image.ljcdn.com/110000-inspection/pc0_bcressc20_1.jpg!m_fill,w_120,h_80,f_jpg?from=ke.com 
20241105,通州,武夷花园,101127390963,上营新村,330万,,2室1厅 高楼层/共21层 南 平层/精装 82.08平米 2013年建/板塔结合,https://ke-image.ljcdn.com/110000-inspection/pc0_vxmS46FRW_1.jpg!m_fill,w_120,h_80,f_jpg?from=ke.com 
20241105,石景山,古城,101127390522,古城路小区,218万,,2室1厅 中楼层/共6层 南 平层/简装 53.87平米 1980年建/板楼,https://ke-image.ljcdn.com/110000-inspection/264adb4b-296e-4053-9f9c-8329b6fa32a9_1000.jpg!m_fill,w_120,h_80,f_jpg?from=ke.com 
20241105,东城,交道口,101127390540,交道口东大街,706万,,1室1厅 低楼层/共11层 北 平层/毛坯 53.46平米 板塔结合,https://ke-image.ljcdn.com/110000-inspection/2f58b7cc-2518-451c-b0d8-4e386add5944_1000.jpg!m_fill,w_120,h_80,f_jpg?from=ke.com 
20241105,海淀,小西天,101127391503,今典花园,470万,,1室1厅 中楼层/共26层 西 暂无数据/简装 55.75平米 1999年建/塔楼,https://s1.ljcdn.com/pegasus/redskull/images/common/default_house_detail.png?_v=202411041520163 
20241105,大兴,高米店,101127390604,金惠园三里,360万,,2室1厅 顶层/共6层 北 南 平层/简装 85.11平米 板塔结合,https://ke-image.ljcdn.com/110000-inspection/pc0_hAueTgbBx.jpg!m_fill,w_120,h_80,f_jpg?from=ke.com 
20241105,丰台,大红门,101127390898,建欣苑四里,315万,,2室1厅 低楼层/共6层 南 北 平层/简装 68.8平米 板楼,https://ke-image.ljcdn.com/110000-inspection/pc0_U0j4bl88C_1.jpg!m_fill,w_120,h_80,f_jpg?from=ke.com 
20241105,海淀,北太平庄,101127390478,北影小区,650万,,2室1厅 高楼层/共10层 东 北 平层/精装 82.1平米 板塔结合,https://ke-image.ljcdn.com/110000-inspection/pc0_eDUBT0qzE.jpg!m_fill,w_120,h_80,f_jpg?from=ke.com 
20241105,房山,长阳,101127391551,金域缇香,430万,,3室2厅 高楼层/共18层 南 北 平层/其他 117.07平米 2014年建/板塔结合,https://ke-image.ljcdn.com/110000-inspection/pc0_V87n8EJAs.jpg!m_fill,w_120,h_80,f_jpg?from=ke.com 
20241105,门头沟,城子,101127391073,绿岛家园,350万,,2室1厅 底层/共6层 南 北 平层/精装 91.76平米 2003年建/板塔结合,https://ke-image.ljcdn.com/110000-inspection/d5cc179f-33b7-4284-9abc-219ce5e55f37_1000.jpg!m_fill,w_120,h_80,f_jpg?from=ke.com 
20241105,顺义,后沙峪,101127391384,双裕花园西区,220万,,1室1厅 低楼层/共6层 南 北 平层/精装 56.69平米 1999年建/板楼,https://ke-image.ljcdn.com/110000-inspection/54a178aa-dba3-42af-af69-ff26c7463211_1000.jpg!m_fill,w_120,h_80,f_jpg?from=ke.com 
20241105,东城,永定门,101127390889,郭庄北里,550万,,3室1厅 高楼层/共6层 南 北 平层/简装 73.89平米 板楼,https://ke-image.ljcdn.com/110000-inspection/94cc2106-54d7-4a3a-b32a-fc0904d6564c_1000.jpg!m_fill,w_120,h_80,f_jpg?from=ke.com 
20241105,海淀,五道口,101127391623,东王庄,420万,,1室1厅 底层/共6层 南 北 平层/其他 53.55平米 板楼,https://ke-image.ljcdn.com/110000-inspection/54d702c4-2464-4e1c-82b1-055af9a0628b_1000.jpg!m_fill,w_120,h_80,f_jpg?from=ke.com 
20241105,朝阳,望京,101127391045,望京西园一区,499万,,2室1厅 低楼层/共18层 西北 平层/精装 92.06平米 2001年建/塔楼,https://ke-image.ljcdn.com/110000-inspection/5e10e0bb-de6d-4151-b4a2-462b0e264936_1000.jpg!m_fill,w_120,h_80,f_jpg?from=ke.com 
20241105,密云,鼓楼街道,101127391984,首创禧悦府,240万,,2室1厅 高楼层/共15层 南 北 暂无数据/其他 72.46平米 板塔结合,https://s1.ljcdn.com/pegasus/redskull/images/common/default_house_detail.png?_v=202411041520163 
20241105,朝阳,双桥,101127390962,水郡长安,770万,,3室2厅 中楼层/共9层 南 北 平层/精装 151.63平米 板楼,https://ke-image.ljcdn.com/110000-inspection/d1798e77-335f-4743-9cd1-573c74397c86_1000.jpg!m_fill,w_120,h_80,f_jpg?from=ke.com 
20241105,东城,左安门,101127391671,火桥北里,459万,,2室1厅 高楼层/共9层 东 平层/精装 57.01平米 板塔结合,https://ke-image.ljcdn.com/110000-inspection/3cb355ce-f8e7-433f-b762-9c57673bd645_1000.jpg!m_fill,w_120,h_80,f_jpg?from=ke.com 
20241105,丰台,玉泉营,101127391222,三环新城6号院,685万,,3室1厅 高楼层/共10层 南 平层/精装 123.06平米 2005年建/板塔结合,https://ke-image.ljcdn.com/110000-inspection/7f3ef194-cf18-4505-9c48-243a15b4c3d2_1000.jpg!m_fill,w_120,h_80,f_jpg?from=ke.com 
20241105,西城,牛街,101127391544,白广路6号院,666万,,3室1厅 顶层/共5层 北 平层/其他 87.24平米 1950年建/板楼,https://ke-image.ljcdn.com/110000-inspection/pc0_iFaxFVtHl_1.jpg!m_fill,w_120,h_80,f_jpg?from=ke.com 
20241105,顺义,顺义城,101127391033,双兴北区,275万,,2室1厅 低楼层/共6层 南 北 平层/精装 87.61平米 1999年建/板楼,https://ke-image.ljcdn.com/110000-inspection/pc0_YOhg0IPKM.jpg!m_fill,w_120,h_80,f_jpg?from=ke.com 
20241105,朝阳,奥林匹克公园,101127391735,澳景花庭,750万,,3室1厅 顶层/共11层 南 北 复式/简装 98.47平米 板楼,https://ke-image.ljcdn.com/110000-inspection/pc0_3brhTJ5Vq.jpg!m_fill,w_120,h_80,f_jpg?from=ke.com 
20241105,朝阳,百子湾,101127391329,百子湾家园三区,490万,,2室1厅 高楼层/共16层 南 平层/精装 101.79平米 2006年建/板楼,https://ke-image.ljcdn.com/110000-inspection/pc0_MPZ12qEXO.jpg!m_fill,w_120,h_80,f_jpg?from=ke.com 
20241105,丰台,太平桥,101127391370,太平桥西里,295万,,1室1厅 中楼层/共16层 南 平层/精装 48.47平米 塔楼,https://ke-image.ljcdn.com/110000-inspection/pc0_OuARkHKdC.jpg!m_fill,w_120,h_80,f_jpg?from=ke.com 
20241105,海淀,上地,101127391193,宣海家园,779万,,2室1厅 低楼层/共18层 南 北 平层/简装 111.69平米 板楼,https://ke-image.ljcdn.com/110000-inspection/b04a0dd2-eb2f-4cad-8710-7679154bbf1f_1000.jpg!m_fill,w_120,h_80,f_jpg?from=ke.com 
20241105,通州,通州其它,101127391999,紫峰九院城,140万,,3室1厅 顶层/共11层 南 北 平层/其他 96.41平米 板楼,https://s1.ljcdn.com/pegasus/redskull/images/common/default_house_detail.png?_v=202411041520163 
20241105,西城,陶然亭,101127391601,中信禧园,1600万,,2室2厅 高楼层/共20层 南 暂无数据/其他 91.31平米 板塔结合,https://s1.ljcdn.com/pegasus/redskull/images/common/default_house_detail.png?_v=202411041520163 
20241105,朝阳,酒仙桥,101127391117,梵谷水郡,269万,,1室0厅 底层/共24层 西南 平层/简装 53.28平米 2009年建/塔楼,https://ke-image.ljcdn.com/110000-inspection/pc0_vx2tVuXA9.jpg!m_fill,w_120,h_80,f_jpg?from=ke.com 
20241105,昌平,天通苑,101127392148,天通苑中苑,600万,,3室2厅 底层/共11层 西 复式/精装 152.9平米 2008年建/板楼,https://ke-image.ljcdn.com/110000-inspection/d10000ff-5b27-48c5-b14f-d06585d8e79d_1000.jpg!m_fill,w_120,h_80,f_jpg?from=ke.com 
20241105,房山,长阳,101127392040,碧桂园小区C区,280万,,4室1厅 底层/共15层 南 北 复式/其他 103.71平米 2007年建/板楼,https://ke-image.ljcdn.com/110000-inspection/pc0_AH4hLbSfx_1.jpg!m_fill,w_120,h_80,f_jpg?from=ke.com 
20241105,朝阳,豆各庄,101127391484,恒大御景湾东区,400万,,3室1厅 中楼层/共19层 南 北 平层/其他 89.11平米 2016年建/板楼,https://ke-image.ljcdn.com/110000-inspection/cf9e6985-076b-4583-9503-96cf0894d6b4_1000.jpg!m_fill,w_120,h_80,f_jpg?from=ke.com 
20241105,丰台,青塔,101127391417,丰泽家园,246万,,2室1厅 高楼层/共28层 南 北 平层/其他 60.46平米 2013年建/板塔结合,https://ke-image.ljcdn.com/110000-inspection/30db7f32-175e-4d48-91ed-348100b6ff14_1000.jpg!m_fill,w_120,h_80,f_jpg?from=ke.com 
20241105,通州,玉桥,101127392720,玉桥南里,290万,,3室1厅 中楼层/共6层 南 北 平层/精装 71.61平米 1994年建/板楼,https://ke-image.ljcdn.com/110000-inspection/09589a01-4a72-4011-84a4-eb2ca7960796_1000.jpg!m_fill,w_120,h_80,f_jpg?from=ke.com 
20241105,海淀,甘家口,101127391782,车公庄西路14号院,531万,,2室1厅 中楼层/共7层 南 北 暂无数据/简装 59.7平米 板楼,https://s1.ljcdn.com/pegasus/redskull/images/common/default_house_detail.png?_v=202411041520163 
20241105,大兴,黄村火车站,101127391777,翰林庭院,570万,,3室2厅 中楼层/共15层 南 北 平层/精装 144平米 2008年建/板楼,https://ke-image.ljcdn.com/110000-inspection/8e65d71e-d9a3-4453-a364-64d821708973_1000.jpg!m_fill,w_120,h_80,f_jpg?from=ke.com 
20241105,大兴,旧宫,101127391826,东亚五环国际,198万,,2室1厅 底层/共19层 东北 暂无数据/其他 98.46平米 2014年建/板楼,https://s1.ljcdn.com/pegasus/redskull/images/common/default_house_detail.png?_v=202411041520163 
20241105,朝阳,甜水园,101127392339,道家园,462万,,3室1厅 低楼层/共12层 南 北 平层/简装 74.94平米 板塔结合,https://ke-image.ljcdn.com/110000-inspection/pc1_NQ1qOQTz0.jpg!m_fill,w_120,h_80,f_jpg?from=ke.com 
20241105,丰台,看丹桥,101127391501,丰台南路108号院,189万,,1室1厅 高楼层/共6层 南 平层/精装 42.46平米 板楼,https://ke-image.ljcdn.com/110000-inspection/535bf0d9-212e-41e4-87fe-47a743c88ea8_1000.jpg!m_fill,w_120,h_80,f_jpg?from=ke.com 
20241105,丰台,角门,101127391740,司达小区,230万,,2室1厅 高楼层/共6层 东南 暂无数据/简装 55.6平米 板楼,https://s1.ljcdn.com/pegasus/redskull/images/common/default_house_detail.png?_v=202411041520163 
20241105,海淀,知春路,101127391898,太月园,860万,,2室1厅 中楼层/共27层 南 平层/简装 90.69平米 1999年建/塔楼,https://ke-image.ljcdn.com/110000-inspection/9b2457ab-2c0f-41dc-a454-fe39a41d7588_1000.jpg!m_fill,w_120,h_80,f_jpg?from=ke.com 
20241105,房山,房山其它,101127392344,惠景新苑,60万,,2室1厅 高楼层/共18层 南 暂无数据/精装 69.74平米 2013年建/塔楼,https://s1.ljcdn.com/pegasus/redskull/images/common/default_house_detail.png?_v=202411041520163 
20241105,石景山,鲁谷,101127392403,永乐西区,250万,,2室1厅 中楼层/共6层 南 北 平层/精装 57.63平米 1985年建/板楼,https://s1.ljcdn.com/pegasus/redskull/images/common/default_house_detail.png?_v=202411041520163 
20241105,亦庄开发区,亦庄,101127392407,通泰国际公馆,475万,,2室1厅 低楼层/共15层 南 北 平层/其他 89.07平米 板楼,https://ke-image.ljcdn.com/110000-inspection/6c4cb016-6584-4c2c-bdcd-dc1ea66c4fe9_1000.jpg!m_fill,w_120,h_80,f_jpg?from=ke.com 
20241105,顺义,顺义城,101127391597,双兴北区,215万,,2室1厅 高楼层/共6层 南 北 平层/简装 69.8平米 1995年建/板楼,https://ke-image.ljcdn.com/110000-inspection/pc0_hloVZC5Hy_1.jpg!m_fill,w_120,h_80,f_jpg?from=ke.com 
20241105,丰台,北大地,101127393056,北大地一里,310万,,2室1厅 中楼层/共5层 南 北 平层/精装 57.4平米 板楼,https://s1.ljcdn.com/pegasus/redskull/images/common/default_house_detail.png?_v=202411041520163 
20241105,怀柔,怀柔,101127392277,裕华园一区,70万,,1室1厅 高楼层/共15层 南 北 平层/简装 51.6平米 板楼,https://ke-image.ljcdn.com/110000-inspection/b7c9abdb-f5ce-4d10-8ff1-34909fb31999_1000.jpg!m_fill,w_120,h_80,f_jpg?from=ke.com 
20241105,朝阳,北苑,101127391804,北苑家园望春园,23万,,车位 地下室/共25层 南 暂无数据/其他 34.37平米 塔楼,https://s1.ljcdn.com/pegasus/redskull/images/common/default_house_detail.png?_v=202411041520163 
20241105,房山,长阳,101127392070,首开熙悦山澜庭,269万,,2室1厅 底层/共21层 南 平层/精装 65.67平米 2014年建/板塔结合,https://ke-image.ljcdn.com/110000-inspection/pc0_3He0OAM2V.jpg!m_fill,w_120,h_80,f_jpg?from=ke.com 
20241105,顺义,顺义城,101127391994,港馨家园西区,260万,,2室1厅 顶层/共5层 南 北 平层/简装 93.59平米 板楼,https://ke-image.ljcdn.com/110000-inspection/pc1_QebmtLlWF_1.jpg!m_fill,w_120,h_80,f_jpg?from=ke.com 
20241105,顺义,顺义城,101127392567,建新南区,259万,,2室1厅 中楼层/共6层 南 北 平层/简装 56.34平米 1987年建/板楼,https://ke-image.ljcdn.com/110000-inspection/pc0_ttnIuz1LS_1.jpg!m_fill,w_120,h_80,f_jpg?from=ke.com 
20241105,通州,万达,101127391741,保利大都汇,210万,,1室1厅 低楼层/共22层 东 暂无数据/其他 52.8平米 2017年建/塔楼,https://s1.ljcdn.com/pegasus/redskull/images/common/default_house_detail.png?_v=202411041520163 
20241105,石景山,苹果园,101127393184,海特花园西区,465万,,3室2厅 低楼层/共18层 南 西 平层/简装 124.44平米 1995年建/塔楼,https://ke-image.ljcdn.com/110000-inspection/2e430d9f-1009-49b3-92fb-21f314f3d352_1000.jpg!m_fill,w_120,h_80,f_jpg?from=ke.com 
20241105,海淀,海淀北部新区,101127392868,香麓雅庭,110万,,1室1厅 底层/共7层 北 暂无数据/精装 57.04平米 2011年建/塔楼,https://s1.ljcdn.com/pegasus/redskull/images/common/default_house_detail.png?_v=202411041520163 
20241105,昌平,天通苑,101127392739,天通苑北三区,360万,,3室1厅 高楼层/共7层 南 北 复式/简装 141.84平米 2003年建/板楼,https://ke-image.ljcdn.com/110000-inspection/d46fbf70-d6d8-4852-9fcb-568d1e236758_1000.jpg!m_fill,w_120,h_80,f_jpg?from=ke.com 
20241105,昌平,鼓楼大街,101127393499,北城根小区,215万,,2室1厅 顶层/共6层 南 北 平层/其他 80.17平米 1995年建/板楼,https://ke-image.ljcdn.com/110000-inspection/pc0_JeveViIg9.jpg!m_fill,w_120,h_80,f_jpg?from=ke.com 
20241105,海淀,定慧寺,101127392158,恩济里小区,522万,,2室1厅 中楼层/共15层 南 北 平层/精装 66.68平米 板楼,https://ke-image.ljcdn.com/110000-inspection/pc1_fh12alEBF_1.jpg!m_fill,w_120,h_80,f_jpg?from=ke.com 
20241105,通州,果园,101127392534,葛布店东里,276万,,2室1厅 底层/共6层 东 南 平层/精装 79.13平米 板楼,https://ke-image.ljcdn.com/110000-inspection/pc1_zTVVsEJbC_1.jpg!m_fill,w_120,h_80,f_jpg?from=ke.com 
20241105,朝阳,建国门外,101127392205,永安南里,450万,,2室1厅 高楼层/共7层 东南 平层/精装 76.1平米 1992年建/板楼,https://ke-image.ljcdn.com/110000-inspection/8003e2fd-61ea-47e5-a18b-6858c7411439_1000.jpg!m_fill,w_120,h_80,f_jpg?from=ke.com 
20241105,昌平,回龙观,101127392805,新龙城,589万,,3室1厅 顶层/共20层 南 北 暂无数据/精装 125.38平米 2007年建/板楼,https://s1.ljcdn.com/pegasus/redskull/images/common/default_house_detail.png?_v=202411041520163 
20241105,丰台,成寿寺,101127393011,晶城秀府,308万,,1室1厅 顶层/共20层 东 平层/精装 58.83平米 2010年建/塔楼,https://ke-image.ljcdn.com/110000-inspection/b947c290-5b74-4550-961f-88802f2fa2c6_1000.jpg!m_fill,w_120,h_80,f_jpg?from=ke.com 
20241105,朝阳,潘家园,101127393643,潘家园东里,399万,,2室1厅 低楼层/共18层 西南 平层/精装 74.41平米 1996年建/塔楼,https://ke-image.ljcdn.com/110000-inspection/bd040f91-f573-4368-93ec-434e14605b4d_1000.jpg!m_fill,w_120,h_80,f_jpg?from=ke.com 
20241105,房山,良乡,101127393079,旭辉E天地,52万,,1室1厅 中楼层/共14层 北 暂无数据/其他 32.57平米 2015年建/板楼,https://s1.ljcdn.com/pegasus/redskull/images/common/default_house_detail.png?_v=202411041520163 
20241105,西城,宣武门,101127393172,庄胜二期,600万,,1室1厅 底层/共12层 北 平层/简装 47.12平米 2004年建/板塔结合, 
20241105,朝阳,小红门,101127392617,柏林郡,388万,,2室1厅 高楼层/共27层 南 平层/精装 84.19平米 板楼,https://ke-image.ljcdn.com/110000-inspection/pc1_CRAwlhkp9.jpg!m_fill,w_120,h_80,f_jpg?from=ke.com 
20241105,房山,长阳,101127392901,加州水郡四期,155万,,1室1厅 低楼层/共11层 西北 平层/简装 58.87平米 2011年建/板楼,https://ke-image.ljcdn.com/110000-inspection/pc0_O8xu3qddS_2.jpg!m_fill,w_120,h_80,f_jpg?from=ke.com 
20241105,朝阳,酒仙桥,101127392694,梵谷水郡,245万,,1室1厅 中楼层/共24层 西南 平层/精装 44.38平米 塔楼,https://s1.ljcdn.com/pegasus/redskull/images/common/default_house_detail.png?_v=202411041520163 
20241105,丰台,赵公口,101127392381,跃城,255万,,1室1厅 低楼层/共20层 北 平层/精装 56.57平米 板塔结合,https://ke-image.ljcdn.com/110000-inspection/2bea007c-ec39-46a7-838e-e6e238e8d6ae_1000.jpg!m_fill,w_120,h_80,f_jpg?from=ke.com 
20241105,东城,崇文门,101127393824,国瑞城中区,650万,,2室1厅 中楼层/共16层 西南 平层/简装 61.72平米 2006年建/塔楼,https://ke-image.ljcdn.com/110000-inspection/pc1_9FIfU257W_2.jpg!m_fill,w_120,h_80,f_jpg?from=ke.com 
20241105,朝阳,东坝,101127393348,金隅景和园,285万,,1室1厅 低楼层/共21层 南 平层/精装 60.01平米 2011年建/板楼,https://ke-image.ljcdn.com/110000-inspection/pc1_a1aKHIKmv.jpg!m_fill,w_120,h_80,f_jpg?from=ke.com 
20241105,海淀,小西天,101127392445,电车厂宿舍,460万,,2室1厅 中楼层/共6层 南 北 平层/简装 54.3平米 1983年建/板楼,https://ke-image.ljcdn.com/110000-inspection/pc1_g7F91Dwci.jpg!m_fill,w_120,h_80,f_jpg?from=ke.com 
20241105,丰台,大红门,101127393383,建欣苑四里,295万,,2室1厅 顶层/共6层 南 北 暂无数据/精装 69.72平米 板楼,https://s1.ljcdn.com/pegasus/redskull/images/common/default_house_detail.png?_v=202411041520163 
20241105,通州,通州北苑,101127393347,经纬小区,219万,,2室1厅 中楼层/共6层 东 南 西 平层/简装 57.25平米 板楼,https://ke-image.ljcdn.com/110000-inspection/1650ee3d-5430-4a73-8331-23e510507edf_1000.jpg!m_fill,w_120,h_80,f_jpg?from=ke.com 
20241105,昌平,天通苑,101127392734,天通西苑三区,475万,,3室2厅 低楼层/共32层 东南 平层/简装 198.61平米 2003年建/塔楼,https://ke-image.ljcdn.com/110000-inspection/apc_AzAjTCXlU_1.jpg!m_fill,w_120,h_80,f_jpg?from=ke.com 
20241105,丰台,洋桥,101127393464,海户西里,380万,,2室1厅 顶层/共6层 南 北 平层/精装 64.9平米 板楼,https://ke-image.ljcdn.com/110000-inspection/ff640210-6b00-451a-9fda-4351b9035d70_1000.jpg!m_fill,w_120,h_80,f_jpg?from=ke.com 
20241105,昌平,天通苑,101127393205,天通苑北一区,480万,,2室1厅 底层/共12层 南 北 平层/简装 127.99平米 2005年建/板楼,https://ke-image.ljcdn.com/110000-inspection/pc0_Oe6EVB2gw.jpg!m_fill,w_120,h_80,f_jpg?from=ke.com 
20241105,西城,广安门,101127393823,荣丰2008,420万,,1室1厅 中楼层/共16层 东 复式/简装 31.76平米 2007年建/塔楼,https://ke-image.ljcdn.com/110000-inspection/pc0_7fGCeY80R_1.jpg!m_fill,w_120,h_80,f_jpg?from=ke.com 
20241105,海淀,学院路,101127392814,清华东路27号院,750万,,2室1厅 中楼层/共7层 南 北 平层/其他 74.5平米 板楼,https://ke-image.ljcdn.com/110000-inspection/pc0_wEvirnl34_1.jpg!m_fill,w_120,h_80,f_jpg?from=ke.com 
20241105,大兴,枣园,101127393142,首开康乃馨城,205万,,1室1厅 低楼层/共16层 南 暂无数据/简装 62.32平米 2012年建/板楼,https://s1.ljcdn.com/pegasus/redskull/images/common/default_house_detail.png?_v=202411041520163 
20241105,海淀,二里庄,101127393081,志新北里,518万,,2室1厅 中楼层/共6层 南 平层/精装 59.3平米 板楼,https://ke-image.ljcdn.com/110000-inspection/983291da-06f8-42c4-917f-13a116ded722_1000.jpg!m_fill,w_120,h_80,f_jpg?from=ke.com 
20241105,通州,北关,101127393253,财富东方,330万,,2室1厅 中楼层/共26层 南 平层/简装 99.91平米 塔楼,https://ke-image.ljcdn.com/110000-inspection/59447151-7dae-43a0-9ee6-f8fb52d77bee_1000.jpg!m_fill,w_120,h_80,f_jpg?from=ke.com 
20241105,西城,长椿街,101127393020,感化胡同3号院,720万,,2室1厅 顶层/共6层 南 平层/精装 61.19平米 板楼,https://s1.ljcdn.com/pegasus/redskull/images/common/default_house_detail.png?_v=202411041520163 
20241105,房山,良乡,101127393601,嘉瑞通小区,299万,,3室1厅 中楼层/共15层 南 北 东 暂无数据/简装 119.57平米 塔楼,https://s1.ljcdn.com/pegasus/redskull/images/common/default_house_detail.png?_v=202411041520163 
20241105,朝阳,常营,101127394427,苹果派,179万,,1室1厅 低楼层/共11层 北 平层/精装 38.11平米 板楼,https://ke-image.ljcdn.com/110000-inspection/pc1_3l7FUUspE.jpg!m_fill,w_120,h_80,f_jpg?from=ke.com 
20241105,石景山,杨庄,101127394111,西成忆树,560万,,2室1厅 中楼层/共20层 南 西 平层/其他 118.86平米 2005年建/板塔结合,https://ke-image.ljcdn.com/110000-inspection/d4672425-c4e7-4b00-9105-d94ca152db39_1000.jpg!m_fill,w_120,h_80,f_jpg?from=ke.com 
20241105,昌平,北七家,101127393321,燕城苑南区,235万,,2室1厅 中楼层/共6层 南 北 平层/其他 48.61平米 1996年建/板楼,https://ke-image.ljcdn.com/110000-inspection/pc1_Wlj1oCw1U_1.jpg!m_fill,w_120,h_80,f_jpg?from=ke.com 
20241105,朝阳,四惠,101127393876,通惠家园,496万,,2室2厅 中楼层/共7层 南 北 平层/精装 88.41平米 2002年建/板楼,https://ke-image.ljcdn.com/110000-inspection/pc0_LimTUBkso.jpg!m_fill,w_120,h_80,f_jpg?from=ke.com 
20241105,朝阳,定福庄,101127393340,定福庄西街,205万,,2室1厅 底层/共5层 南 北 暂无数据/简装 53.09平米 板楼,https://s1.ljcdn.com/pegasus/redskull/images/common/default_house_detail.png?_v=202411041520163 
20241105,东城,建国门内,101127393681,长安太和,3180万,,4室2厅 低楼层/共24层 东北 平层/精装 229.85平米 2012年建/板楼,https://ke-image.ljcdn.com/110000-inspection/prod-f9ec3582-8578-444d-90ff-3ed88eb5b0bf.jpg!m_fill,w_120,h_80,f_jpg?from=ke.com 
20241105,朝阳,中央别墅区,101127393526,康营家园五区,205万,,1室1厅 低楼层/共9层 南 平层/精装 54.01平米 2023年建/板塔结合,https://ke-image.ljcdn.com/110000-inspection/pc0_jRTu5eRd9_1.jpg!m_fill,w_120,h_80,f_jpg?from=ke.com 
20241105,丰台,方庄,101127393294,芳古园一区,580万,,3室1厅 中楼层/共25层 东 南 北 平层/精装 77.26平米 塔楼,https://ke-image.ljcdn.com/110000-inspection/pc1_c1VkwfnY9.jpg!m_fill,w_120,h_80,f_jpg?from=ke.com 
20241105,昌平,鼓楼大街,101127393786,金隅万科城一期,560万,,3室2厅 低楼层/共28层 南 北 平层/精装 139.15平米 2009年建/板塔结合,https://ke-image.ljcdn.com/110000-inspection/97ade425-e873-479e-bf06-072c0f77869e_1000.jpg!m_fill,w_120,h_80,f_jpg?from=ke.com 
20241105,通州,通州其它,101127393229,东亚印象台湖,160万,,1室1厅 顶层/共12层 南 暂无数据/简装 55.25平米 2014年建/板楼,https://s1.ljcdn.com/pegasus/redskull/images/common/default_house_detail.png?_v=202411041520163 
20241105,丰台,太平桥,101127393622,太平桥东里,360万,,1室1厅 中楼层/共24层 东 平层/其他 48.9平米 塔楼,https://ke-image.ljcdn.com/110000-inspection/pc1_cIqgRYFwD.jpg!m_fill,w_120,h_80,f_jpg?from=ke.com 
20241105,海淀,军博,101127394104,电信小区,340万,,1室1厅 顶层/共5层 南 北 暂无数据/精装 41.6平米 板楼,https://s1.ljcdn.com/pegasus/redskull/images/common/default_house_detail.png?_v=202411041520163 
20241105,西城,马甸,101127394752,裕中西里,830万,,2室1厅 高楼层/共6层 南 北 平层/精装 67.6平米 1989年建/板楼,https://ke-image.ljcdn.com/110000-inspection/12af8d23-75f5-4c0b-b54c-84a4a02d30b5_1000.jpg!m_fill,w_120,h_80,f_jpg?from=ke.com 
20241105,朝阳,豆各庄,101127394795,富力又一城C区,580万,,2室1厅 底层/共23层 东北 平层/其他 85.29平米 2011年建/塔楼,https://ke-image.ljcdn.com/110000-inspection/1dfedfef-1807-4f7c-9783-cecf31a797f8_1000.jpg!m_fill,w_120,h_80,f_jpg?from=ke.com 
20241105,通州,武夷花园,101127393986,京贸家园,380万,,3室1厅 中楼层/共29层 南 北 平层/简装 87.84平米 2010年建/板塔结合,https://ke-image.ljcdn.com/110000-inspection/ab13a47d-be2b-4e38-893b-ceaf3911a44d_1000.jpg!m_fill,w_120,h_80,f_jpg?from=ke.com 
20241105,海淀,清河,101127394784,永泰东里,360万,,2室1厅 高楼层/共6层 南 北 平层/简装 59.19平米 板楼,https://ke-image.ljcdn.com/110000-inspection/eaea1419-efd7-4f26-80f2-575143a354bf_1000.jpg!m_fill,w_120,h_80,f_jpg?from=ke.com 
20241105,海淀,西直门,101127394811,交大东路34号院,498万,,2室1厅 低楼层/共6层 南 北 平层/精装 56.3平米 1990年建/板楼,https://ke-image.ljcdn.com/110000-inspection/pc1_SZlIxmhMV.jpg!m_fill,w_120,h_80,f_jpg?from=ke.com 
20241105,朝阳,望京,101127394800,北京香颂三期,830万,,2室1厅 中楼层/共20层 南 平层/其他 115.88平米 2009年建/板楼,https://ke-image.ljcdn.com/110000-inspection/027687e9-f5af-4cca-b885-6ca9e9a55f00_1000.jpg!m_fill,w_120,h_80,f_jpg?from=ke.com 
20241105,丰台,蒲黄榆,101127394328,蒲安里,259万,,2室1厅 高楼层/共6层 南 平层/其他 52.3平米 板楼,https://ke-image.ljcdn.com/110000-inspection/be693ef8-f695-4515-99af-f223ca04e85b_1000.jpg!m_fill,w_120,h_80,f_jpg?from=ke.com 
20241105,朝阳,朝阳公园,101127394098,瞰都国际,320万,,1室0厅 中楼层/共15层 西北 暂无数据/精装 48.39平米 板塔结合,https://s1.ljcdn.com/pegasus/redskull/images/common/default_house_detail.png?_v=202411041520163 
20241105,朝阳,小红门,101127394891,江南山水,2800万,,8室8厅 底层/共3层 东 南 西 北 复式/精装 446.5平米 板楼,https://ke-image.ljcdn.com/110000-inspection/pc0_uXKh0DVLH.jpg!m_fill,w_120,h_80,f_jpg?from=ke.com 
20241105,海淀,玉泉路,101127394404,铁建大院,1350万,,3室1厅 低楼层/共15层 南 北 平层/其他 101.65平米 板楼,https://s1.ljcdn.com/pegasus/redskull/images/common/default_house_detail.png?_v=202411041520163 
20241105,海淀,中关村,101127394880,紫金数码,442万,,1室1厅 中楼层/共13层 东 暂无数据/其他 39.48平米 板楼,https://s1.ljcdn.com/pegasus/redskull/images/common/default_house_detail.png?_v=202411041520163 
20241105,西城,广安门,101127394815,荣丰2008,350万,,1室1厅 低楼层/共10层 北 复式/精装 28.35平米 2005年建/塔楼,https://ke-image.ljcdn.com/110000-inspection/pc0_q8tinkBnE_1.jpg!m_fill,w_120,h_80,f_jpg?from=ke.com 
20241105,丰台,右安门外,101127393854,玉林里小区,550万,,3室1厅 低楼层/共18层 东 南 西 北 平层/简装 81.58平米 塔楼,https://ke-image.ljcdn.com/110000-inspection/3a178350-c4f2-49e9-8e72-2d77b9c52957_1000.jpg!m_fill,w_120,h_80,f_jpg?from=ke.com 
20241105,石景山,鲁谷,101127394309,六合园,348万,,2室1厅 底层/共22层 西北 平层/精装 76.55平米 1996年建/塔楼,https://ke-image.ljcdn.com/110000-inspection/b68c24b8-ca76-49f7-9b79-9b5efca3ab20_1000.jpg!m_fill,w_120,h_80,f_jpg?from=ke.com 
20241105,朝阳,劲松,101127394201,劲松三区,248万,,2室1厅 低楼层/共12层 南 北 平层/精装 53.05平米 1980年建/板塔结合,https://ke-image.ljcdn.com/110000-inspection/d4ca6957-e463-4bc0-9b6d-18817aadd131_1000.jpg!m_fill,w_120,h_80,f_jpg?from=ke.com 
20241105,通州,武夷花园,101127394402,京贸国际城,278万,,2室1厅 中楼层/共35层 南 平层/其他 58.42平米 2013年建/板塔结合,https://ke-image.ljcdn.com/110000-inspection/32ec8fbc-ae2b-4553-b10a-25e4a4081ce6_1000.jpg!m_fill,w_120,h_80,f_jpg?from=ke.com 
20241105,石景山,苹果园,101127394246,西山枫林三期,361万,,2室1厅 中楼层/共10层 东 西 平层/精装 84.2平米 2006年建/板楼,https://ke-image.ljcdn.com/110000-inspection/pc0_ndWbzhhSS_1.jpg!m_fill,w_120,h_80,f_jpg?from=ke.com 
20241105,顺义,中央别墅区,101127395179,誉天下盛寓,938万,,4室2厅 底层/共5层 南 北 复式/其他 240.02平米 板楼,https://ke-image.ljcdn.com/110000-inspection/apc_b5TojOQWa_1.jpg!m_fill,w_120,h_80,f_jpg?from=ke.com 
20241105,朝阳,亚运村小营,101127394506,光大名筑,420万,,1室1厅 中楼层/共15层 北 平层/精装 53.61平米 2004年建/板楼,https://s1.ljcdn.com/pegasus/redskull/images/common/default_house_detail.png?_v=202411041520163 
20241105,顺义,马坡,101127394434,新马家园,173万,,2室1厅 底层/共27层 南 北 平层/其他 80.65平米 2013年建/板楼,https://ke-image.ljcdn.com/110000-inspection/pc0_1u2ee1FBm.jpg!m_fill,w_120,h_80,f_jpg?from=ke.com 
20241105,朝阳,北苑,101127395071,世华泊郡,600万,,2室1厅 低楼层/共27层 南 平层/精装 87.61平米 2014年建/板楼,https://ke-image.ljcdn.com/110000-inspection/44c89345-26d4-4f96-80ed-c945a5c7e80f_1000.jpg!m_fill,w_120,h_80,f_jpg?from=ke.com 
20241105,丰台,玉泉营,101127394705,万年花城二期,615万,,2室2厅 低楼层/共27层 西南 平层/精装 89.16平米 2006年建/塔楼,https://ke-image.ljcdn.com/110000-inspection/pc0_2geFGmGMj.jpg!m_fill,w_120,h_80,f_jpg?from=ke.com 
20241105,昌平,霍营,101127394498,华龙苑南里,285万,,2室1厅 顶层/共6层 南 北 平层/简装 70.21平米 板楼,https://ke-image.ljcdn.com/110000-inspection/5e34550c-dfaa-4917-9e94-ea67dbbb1203_1000.jpg!m_fill,w_120,h_80,f_jpg?from=ke.com 
20241105,海淀,白石桥,101127394457,大柳树3号院,320万,,1室0厅 高楼层/共6层 东 平层/简装 41.24平米 1992年建/板楼,https://ke-image.ljcdn.com/110000-inspection/pc0_w6c9sDRNn_1.jpg!m_fill,w_120,h_80,f_jpg?from=ke.com 
20241105,朝阳,东坝,101127394238,汇景苑三区,430万,,3室1厅 低楼层/共28层 南 北 平层/精装 87.24平米 2016年建/板楼,https://ke-image.ljcdn.com/110000-inspection/pc0_ckLyxlHZG_1.jpg!m_fill,w_120,h_80,f_jpg?from=ke.com 
20241105,丰台,马家堡,101127394650,西马金润二区,410万,,3室1厅 高楼层/共6层 南 北 暂无数据/简装 90.29平米 板楼,https://s1.ljcdn.com/pegasus/redskull/images/common/default_house_detail.png?_v=202411041520163 
20241105,密云,鼓楼街道,101127395488,梧桐苑,265万,,3室2厅 低楼层/共12层 南 北 平层/其他 154.24平米 板楼,https://ke-image.ljcdn.com/110000-inspection/560d2ffb-88f7-41a2-837c-dffee70ed31b_1000.jpg!m_fill,w_120,h_80,f_jpg?from=ke.com 
20241105,朝阳,甜水园,101127394999,秀水园,510万,,2室1厅 中楼层/共18层 东南 平层/精装 67.46平米 1992年建/塔楼,https://ke-image.ljcdn.com/110000-inspection/02c3ab20-7049-4cbc-9b7d-8828c2cc5df4_1000.jpg!m_fill,w_120,h_80,f_jpg?from=ke.com 
20241105,朝阳,奥林匹克公园,101127395247,澳景花庭,1380万,,3室2厅 中楼层/共6层 南 北 平层/精装 180.85平米 2006年建/板楼,https://s1.ljcdn.com/pegasus/redskull/images/common/default_house_detail.png?_v=202411041520163 
20241105,朝阳,亮马桥,101127394626,新源里东,360万,,2室1厅 中楼层/共5层 南 北 平层/精装 56.85平米 板楼,https://ke-image.ljcdn.com/110000-inspection/cda63bb2-217a-487d-8734-2d90e772870a_1000.jpg!m_fill,w_120,h_80,f_jpg?from=ke.com 
20241105,朝阳,北苑,101127395172,天润福熙大道,675万,,1室1厅 中楼层/共27层 南 平层/其他 73.13平米 2011年建/板楼,https://ke-image.ljcdn.com/110000-inspection/pc0_HzXD4Zemi_1.jpg!m_fill,w_120,h_80,f_jpg?from=ke.com 
20241105,东城,永定门,101127394334,西革新里110号院,390万,,2室1厅 低楼层/共6层 南 北 暂无数据/精装 60.29平米 1990年建/板楼,https://s1.ljcdn.com/pegasus/redskull/images/common/default_house_detail.png?_v=202411041520163 
20241105,密云,果园街道,101127394929,懿品府小区,182万,,2室1厅 高楼层/共21层 南 平层/精装 89.18平米 2013年建/板楼,https://ke-image.ljcdn.com/110000-inspection/55522f14-5b2c-4cf8-84e9-77874ac26a79_1000.jpg!m_fill,w_120,h_80,f_jpg?from=ke.com 
20241105,海淀,西三旗,101127394690,金隅翡丽蓝爵堡,1190万,,3室2厅 中楼层/共6层 南 北 平层/其他 131.04平米 板楼,https://ke-image.ljcdn.com/110000-inspection/d7fe4694-3e97-4cf8-8b0e-c5ba25bc454f_1000.jpg!m_fill,w_120,h_80,f_jpg?from=ke.com 
20241105,朝阳,百子湾,101127395464,金泰先锋南区,530万,,2室1厅 高楼层/共18层 西北 平层/其他 83.77平米 2008年建/塔楼,https://ke-image.ljcdn.com/110000-inspection/fb3d555a-ffab-42f1-a07b-632b2532469a_1000.jpg!m_fill,w_120,h_80,f_jpg?from=ke.com 
20241105,朝阳,北苑,101127395271,世华泊郡,750万,,2室1厅 中楼层/共7层 南 北 平层/精装 87.17平米 板楼,https://ke-image.ljcdn.com/110000-inspection/68405649-03b3-4d61-a60d-c7db6b2bd2c7_1000.jpg!m_fill,w_120,h_80,f_jpg?from=ke.com 
20241105,海淀,中关村,101127394924,紫金数码,496万,,1室1厅 低楼层/共13层 西 平层/其他 44.38平米 2007年建/板楼,https://s1.ljcdn.com/pegasus/redskull/images/common/default_house_detail.png?_v=202411041520163 
20241105,顺义,顺义其它,101127395049,旭辉26街区,92万,,2室1厅 高楼层/共8层 东 西 复式/简装 41.88平米 塔楼,https://s1.ljcdn.com/pegasus/redskull/images/common/default_house_detail.png?_v=202411041520163 
20241105,昌平,北七家,101127395010,望都新地,283万,,2室1厅 高楼层/共6层 南 北 暂无数据/简装 89.71平米 2009年建/板楼,https://s1.ljcdn.com/pegasus/redskull/images/common/default_house_detail.png?_v=202411041520163 
20241105,大兴,西红门,101127395365,月桂庄园,1050万,,3室2厅 底层/共4层 南 北 暂无数据/其他 175.33平米 板楼,https://s1.ljcdn.com/pegasus/redskull/images/common/default_house_detail.png?_v=202411041520163 
20241105,东城,东四,101127395667,美术馆后街,620万,,2室1厅 中楼层/共10层 东 西 平层/简装 60.3平米 塔楼,https://ke-image.ljcdn.com/110000-inspection/c68383aa-4fed-4687-9a8b-0958c7a42efc_1000.jpg!m_fill,w_120,h_80,f_jpg?from=ke.com 
20241105,朝阳,奥林匹克公园,101127395623,上元君庭,749万,,2室2厅 低楼层/共32层 西 平层/其他 108.44平米 2008年建/板塔结合,https://ke-image.ljcdn.com/110000-inspection/910bf239-d0c6-45ac-b010-4126d3cafcd3_1000.jpg!m_fill,w_120,h_80,f_jpg?from=ke.com 
20241105,延庆,延庆其它,101127395752,城建万科城,150万,,3室2厅 低楼层/共8层 南 北 暂无数据/其他 91.96平米 板塔结合,https://s1.ljcdn.com/pegasus/redskull/images/common/default_house_detail.png?_v=202411041520163 
20241105,朝阳,大望路,101127395425,后现代城A区,20万,,车位 地下室/共14层 南 北 暂无数据/简装 42.24平米 2004年建/塔楼,https://s1.ljcdn.com/pegasus/redskull/images/common/default_house_detail.png?_v=202411041520163 
20241105,东城,广渠门,101127395084,广渠门内大街,525万,,2室1厅 中楼层/共14层 南 平层/简装 62.81平米 1987年建/板楼,https://ke-image.ljcdn.com/110000-inspection/509ff59c-f30e-4d30-a378-774d7a1cfce6_1000.jpg!m_fill,w_120,h_80,f_jpg?from=ke.com 
20241105,海淀,定慧寺,101127395106,北京印象,420万,,1室1厅 低楼层/共11层 北 平层/其他 54.75平米 板塔结合,https://ke-image.ljcdn.com/110000-inspection/pc1_RCAEqwOIR_1.jpg!m_fill,w_120,h_80,f_jpg?from=ke.com 
20241105,顺义,顺义城,101127396079,义宾南区,209万,,2室1厅 底层/共6层 南 北 平层/简装 57.55平米 板楼,https://ke-image.ljcdn.com/110000-inspection/add8a66a-0bb0-4f95-952e-363cf073a1ec_1000.jpg!m_fill,w_120,h_80,f_jpg?from=ke.com 
20241105,顺义,顺义城,101127395102,红杉一品,340万,,2室1厅 高楼层/共18层 南 北 暂无数据/精装 78.25平米 2011年建/板楼,https://s1.ljcdn.com/pegasus/redskull/images/common/default_house_detail.png?_v=202411041520163 
20241105,朝阳,工体,101127395085,首开幸福广场,889万,,2室1厅 中楼层/共21层 东 平层/其他 127.2平米 2008年建/板塔结合,https://s1.ljcdn.com/pegasus/redskull/images/common/default_house_detail.png?_v=202411041520163 
20241105,通州,马驹桥,101127395337,珠江逸景,330万,,3室2厅 低楼层/共14层 南 北 平层/简装 126.54平米 2010年建/板塔结合,https://s1.ljcdn.com/pegasus/redskull/images/common/default_house_detail.png?_v=202411041520163 
20241105,门头沟,滨河西区,101127395892,永兴小区,220万,,2室1厅 中楼层/共6层 南 北 平层/简装 82.53平米 板楼,https://ke-image.ljcdn.com/110000-inspection/fa396517-efb1-4c8f-9273-da8954bd5ba8_1000.jpg!m_fill,w_120,h_80,f_jpg?from=ke.com 
20241105,朝阳,常营,101127395149,苹果派,228万,,1室1厅 底层/共10层 北 平层/简装 52.21平米 2007年建/板楼,https://ke-image.ljcdn.com/110000-inspection/pc0_gmTfkQdGi_1.jpg!m_fill,w_120,h_80,f_jpg?from=ke.com 
20241105,昌平,鼓楼大街,101127396072,金隅万科城二期,36.5万,,车位 暂无数据 南 平层/其他 23.47平米 平房,https://ke-image.ljcdn.com/110000-inspection/pc0_lT6fSt1vc.jpg!m_fill,w_120,h_80,f_jpg?from=ke.com 
20241105,通州,通州其它,101127395308,台湖银河湾,500万,,3室1厅 高楼层/共18层 南 北 平层/其他 80.3平米 板楼,https://ke-image.ljcdn.com/110000-inspection/851c0e4e-23d5-4b7a-8e4c-a5aee2cf04d2_1000.jpg!m_fill,w_120,h_80,f_jpg?from=ke.com 
20241105,西城,菜户营,101127395813,鸭子桥路,395万,,2室1厅 顶层/共6层 东南 平层/简装 51.09平米 塔楼,https://ke-image.ljcdn.com/110000-inspection/pc0_V7A4TZMR2_1.jpg!m_fill,w_120,h_80,f_jpg?from=ke.com 
20241105,昌平,立水桥,101127396351,北方明珠,290万,,1室1厅 顶层/共19层 西 平层/精装 66.49平米 2004年建/塔楼,https://ke-image.ljcdn.com/110000-inspection/1aedfbd1-8d8e-41fc-bc68-649ce7a43271_1000.jpg!m_fill,w_120,h_80,f_jpg?from=ke.com 
20241105,海淀,牡丹园,101127395702,都景苑,600万,,2室1厅 中楼层/共23层 东 东南 平层/简装 76.21平米 塔楼,https://ke-image.ljcdn.com/110000-inspection/e4cf2c4d-32b9-4619-8596-e73f9b738e9a_1000.jpg!m_fill,w_120,h_80,f_jpg?from=ke.com 
20241105,丰台,六里桥,101127395609,莲香园,1480万,,4室2厅 顶层/共24层 东南 复式/精装 262.05平米 2000年建/塔楼,https://ke-image.ljcdn.com/110000-inspection/pc0_SkDvaxJgy.jpg!m_fill,w_120,h_80,f_jpg?from=ke.com 
20241105,丰台,成寿寺,101127395830,华芳园,439万,,3室1厅 中楼层/共18层 东南 北 平层/精装 89.3平米 塔楼,https://ke-image.ljcdn.com/110000-inspection/fc552bac-d529-49bc-b142-5d123b5e4992_1000.jpg!m_fill,w_120,h_80,f_jpg?from=ke.com 
20241105,丰台,五里店,101127395598,丰西北里,210万,,2室1厅 中楼层/共5层 南 北 平层/精装 55.7平米 板楼,https://ke-image.ljcdn.com/110000-inspection/pc1_sMyKE9jIa_1.jpg!m_fill,w_120,h_80,f_jpg?from=ke.com 
20241105,通州,临河里,101127396049,华业东方玫瑰C区,780万,,3室2厅 中楼层/共27层 南 北 暂无数据/精装 139.11平米 板塔结合,https://s1.ljcdn.com/pegasus/redskull/images/common/default_house_detail.png?_v=202411041520163 
20241105,亦庄开发区,亦庄,101127396976,林肯公园B区,585万,,3室1厅 高楼层/共22层 西南 平层/其他 166.47平米 2013年建/塔楼,https://s1.ljcdn.com/pegasus/redskull/images/common/default_house_detail.png?_v=202411041520163 
20241105,怀柔,怀柔,101127396375,青春路一院,176万,,2室1厅 中楼层/共6层 南 北 平层/其他 60.75平米 板楼,https://ke-image.ljcdn.com/110000-inspection/0c795302-374b-43ca-a0ce-38d47a78491f_1000.jpg!m_fill,w_120,h_80,f_jpg?from=ke.com 
20241105,丰台,新宫,101127396186,泰禾金府大院,1138万,,4室2厅 高楼层/共14层 南 北 平层/毛坯 150.22平米 2021年建/板楼,https://ke-image.ljcdn.com/110000-inspection/46dc8281-ed25-47c9-a44d-b84cf9b54db8_1000.jpg!m_fill,w_120,h_80,f_jpg?from=ke.com 
20241105,朝阳,朝青,101127396468,国美第一城3号院,520万,,1室1厅 高楼层/共28层 西南 平层/简装 94.61平米 2007年建/板塔结合,https://ke-image.ljcdn.com/110000-inspection/4107a233-df9f-488f-9443-9745ddff518b_1000.jpg!m_fill,w_120,h_80,f_jpg?from=ke.com 
20241105,朝阳,豆各庄,101127395597,朝丰家园8号院,316万,,2室1厅 顶层/共16层 南 北 平层/精装 77.74平米 2011年建/板楼,https://ke-image.ljcdn.com/110000-inspection/90683059-33cb-472b-8be6-8a30efb8a5be_1000.jpg!m_fill,w_120,h_80,f_jpg?from=ke.com 
20241105,东城,陶然亭,101127396703,中海紫御公馆,1130万,,2室2厅 中楼层/共17层 南 北 平层/精装 89.98平米 板塔结合,https://ke-image.ljcdn.com/110000-inspection/apc_MjyblOkKe_1.jpg!m_fill,w_120,h_80,f_jpg?from=ke.com 
20241105,朝阳,管庄,101127395974,建东苑,320万,,2室1厅 低楼层/共6层 南 北 平层/简装 85.4平米 板楼,https://ke-image.ljcdn.com/110000-inspection/770b2a4f-2340-4409-a6ae-d84b93a3572a_1000.jpg!m_fill,w_120,h_80,f_jpg?from=ke.com 
20241105,怀柔,怀柔,101127395762,育龙馨居,133万,,2室1厅 低楼层/共11层 南 北 平层/精装 71.67平米 2013年建/暂无数据,https://ke-image.ljcdn.com/110000-inspection/b6c5bc75-fd59-43e5-8716-49a4216283a8_1000.jpg!m_fill,w_120,h_80,f_jpg?from=ke.com 
20241105,昌平,沙河,101127396357,北街家园六区,350万,,3室1厅 高楼层/共18层 东 西 平层/其他 77.54平米 2010年建/板楼,https://ke-image.ljcdn.com/110000-inspection/50af757a-7887-402c-bc1b-61af23629bec_1000.jpg!m_fill,w_120,h_80,f_jpg?from=ke.com 
20241105,顺义,顺义其它,101127396580,顺鑫颐和天璟,270万,,3室1厅 高楼层/共9层 南 北 平层/其他 111.97平米 板楼,https://ke-image.ljcdn.com/110000-inspection/baf25873-c135-4570-bb03-3b471ad772d2_1000.jpg!m_fill,w_120,h_80,f_jpg?from=ke.com 
20241105,西城,马甸,101127396054,裕中东里,699万,,2室1厅 顶层/共6层 南 北 暂无数据/简装 57.9平米 板楼,https://s1.ljcdn.com/pegasus/redskull/images/common/default_house_detail.png?_v=202411041520163 
20241105,通州,玉桥,101127396632,幸福艺居,215万,,1室2厅 高楼层/共6层 南 北 平层/精装 62.93平米 2004年建/板楼,https://ke-image.ljcdn.com/110000-inspection/apc_YEIsq5n1w.jpg!m_fill,w_120,h_80,f_jpg?from=ke.com 
20241105,朝阳,朝青,101127397275,青年汇佳园,370万,,1室1厅 低楼层/共13层 西北 暂无数据/精装 65.98平米 板塔结合,https://s1.ljcdn.com/pegasus/redskull/images/common/default_house_detail.png?_v=202411041520163 
20241105,大兴,旧宫,101127396679,大城小镇,248万,,1室1厅 高楼层/共6层 南 北 平层/简装 58.01平米 2008年建/板楼,https://ke-image.ljcdn.com/110000-inspection/60699ce0-b69a-49cb-b96c-bd1b22a32714_1000.jpg!m_fill,w_120,h_80,f_jpg?from=ke.com 
20241105,朝阳,国展,101127395789,静安里,289万,,2室1厅 底层/共6层 西南 平层/其他 46.94平米 板楼,https://s1.ljcdn.com/pegasus/redskull/images/common/default_house_detail.png?_v=202411041520163 
20241105,朝阳,华威桥,101127396102,南新园,528万,,3室1厅 低楼层/共6层 南 北 平层/精装 78.59平米 1995年建/板楼,https://ke-image.ljcdn.com/110000-inspection/21ead154-adf8-44af-9c18-b9933ce2db9f_1000.jpg!m_fill,w_120,h_80,f_jpg?from=ke.com 
20241105,朝阳,大望路,101127397499,乐成豪丽,458万,,1室1厅 高楼层/共12层 东 暂无数据/简装 71.37平米 2008年建/塔楼,https://s1.ljcdn.com/pegasus/redskull/images/common/default_house_detail.png?_v=202411041520163 
20241105,西城,牛街,101127396313,平原里小区,440万,,1室1厅 低楼层/共9层 东 南 北 平层/简装 44.57平米 板楼,https://ke-image.ljcdn.com/110000-inspection/pc0_PBgWeTbu3_2.jpg!m_fill,w_120,h_80,f_jpg?from=ke.com 
20241105,昌平,奥林匹克公园,101127397199,招商嘉铭珑原,1750万,,4室2厅 中楼层/共7层 南 北 暂无数据/精装 216.59平米 2012年建/板楼,https://s1.ljcdn.com/pegasus/redskull/images/common/default_house_detail.png?_v=202411041520163 
20241105,门头沟,冯村,101127397664,北京城建上悦居,258万,,2室1厅 高楼层/共21层 南 平层/精装 74.19平米 板楼,https://ke-image.ljcdn.com/110000-inspection/pc1_QKajK0g3z.jpg!m_fill,w_120,h_80,f_jpg?from=ke.com 
20241105,丰台,科技园区,101127397283,四合欣园,475万,,3室2厅 低楼层/共28层 南 北 暂无数据/精装 95.35平米 2015年建/板楼,https://s1.ljcdn.com/pegasus/redskull/images/common/default_house_detail.png?_v=202411041520163 
20241105,大兴,大兴新机场洋房别墅区,101127396348,恒盛波尔多小镇南区,170万,,2室1厅 中楼层/共6层 南 北 暂无数据/精装 87.47平米 2010年建/板楼,https://s1.ljcdn.com/pegasus/redskull/images/common/default_house_detail.png?_v=202411041520163 
20241105,海淀,知春路,101127396425,罗庄西里,398万,,1室1厅 高楼层/共9层 南 平层/精装 46.89平米 1997年建/板楼,https://ke-image.ljcdn.com/110000-inspection/c11e4ff1-cbe6-420a-88c2-363607b834d4_1000.jpg!m_fill,w_120,h_80,f_jpg?from=ke.com 
20241105,门头沟,冯村,101127396462,润西山苑,1060万,,4室2厅 中楼层/共10层 南 北 平层/精装 210.13平米 板楼,https://ke-image.ljcdn.com/110000-inspection/pc1_fI8FcGmg4.jpg!m_fill,w_120,h_80,f_jpg?from=ke.com 
20241105,顺义,顺义城,101127396997,建新南区,280万,,2室1厅 高楼层/共6层 南 北 平层/简装 69.77平米 1991年建/板楼,https://s1.ljcdn.com/pegasus/redskull/images/common/default_house_detail.png?_v=202411041520163 
20241105,朝阳,高碑店,101127396380,金隅泰和园,390万,,2室2厅 中楼层/共14层 南 暂无数据/简装 72.9平米 2013年建/板楼,https://s1.ljcdn.com/pegasus/redskull/images/common/default_house_detail.png?_v=202411041520163 
20241105,朝阳,芍药居,101127396594,芍药居北里,835万,,3室2厅 中楼层/共28层 西南 北 平层/精装 123.12平米 塔楼,https://ke-image.ljcdn.com/110000-inspection/e8e70ae9-6278-4220-ac58-0a78b166104f_1000.jpg!m_fill,w_120,h_80,f_jpg?from=ke.com 
20241105,朝阳,劲松,101127397379,农光东里,250万,,2室1厅 顶层/共6层 南 北 平层/精装 58.05平米 板楼,https://s1.ljcdn.com/pegasus/redskull/images/common/default_house_detail.png?_v=202411041520163 
20241105,朝阳,百子湾,101127397013,沿海赛洛城三期,398万,,1室1厅 高楼层/共11层 东 西 平层/简装 72.37平米 板楼,https://ke-image.ljcdn.com/110000-inspection/add494c9-7e66-4904-a185-095e5675082c_1000.jpg!m_fill,w_120,h_80,f_jpg?from=ke.com 
20241105,昌平,北七家,101127397034,翡翠公园六期,720万,,3室2厅 中楼层/共8层 南 北 平层/其他 117.04平米 2022年建/板楼,https://ke-image.ljcdn.com/110000-inspection/pc1_BeeXDX4Br.jpg!m_fill,w_120,h_80,f_jpg?from=ke.com 
20241105,东城,永定门,101127396428,华龙美晟,680万,,2室1厅 低楼层/共12层 西北 平层/精装 83.98平米 板塔结合,https://ke-image.ljcdn.com/110000-inspection/pc0_bU4E0h7cO_2.jpg!m_fill,w_120,h_80,f_jpg?from=ke.com 
20241105,大兴,旧宫,101127397288,大城小镇,235万,,1室1厅 中楼层/共6层 南 北 平层/精装 59平米 板楼,https://ke-image.ljcdn.com/110000-inspection/e3b5bebe-761b-440a-b41c-946046e26e9a_1000.jpg!m_fill,w_120,h_80,f_jpg?from=ke.com 
20241105,房山,长阳,101127397220,长阳半岛怡和路8号院,649万,,3室2厅 低楼层/共15层 南 北 平层/精装 166.56平米 2014年建/板楼,https://ke-image.ljcdn.com/110000-inspection/pc1_NO7XDKSfL.jpg!m_fill,w_120,h_80,f_jpg?from=ke.com 
20241105,大兴,瀛海,101127397475,上林苑,210万,,1室2厅 顶层/共6层 南 北 平层/其他 72.2平米 板楼,https://ke-image.ljcdn.com/110000-inspection/pc0_26zaFnOGt_1.jpg!m_fill,w_120,h_80,f_jpg?from=ke.com 
20241105,朝阳,四惠,101127396477,八里庄西里,248万,,2室1厅 中楼层/共6层 西南 平层/其他 50.29平米 1983年建/板楼,https://s1.ljcdn.com/pegasus/redskull/images/common/default_house_detail.png?_v=202411041520163 
20241105,朝阳,安贞,101127396806,安贞西里,468万,,2室1厅 低楼层/共16层 南 平层/简装 70.22平米 1986年建/塔楼,https://s1.ljcdn.com/pegasus/redskull/images/common/default_house_detail.png?_v=202411041520163 
20241105,通州,果园,101127397599,探矿家属院,170万,,2室1厅 顶层/共6层 南 北 平层/简装 56.77平米 板楼,https://ke-image.ljcdn.com/110000-inspection/pc0_e53T6uNel.jpg!m_fill,w_120,h_80,f_jpg?from=ke.com 
20241105,朝阳,石佛营,101127396572,炫特嘉园三期,188万,,1室0厅 低楼层/共25层 北 平层/精装 40.89平米 2006年建/板楼,https://ke-image.ljcdn.com/110000-inspection/5671534e-cde1-499a-8d56-662449d2bb39_1000.jpg!m_fill,w_120,h_80,f_jpg?from=ke.com 
20241105,丰台,成寿寺,101127398027,鑫源国际,255万,,1室1厅 高楼层/共18层 东北 跃层/其他 75.54平米 2010年建/板塔结合,https://s1.ljcdn.com/pegasus/redskull/images/common/default_house_detail.png?_v=202411041520163 
20241105,房山,良乡,101127397639,建设巷小区,130万,,2室1厅 高楼层/共6层 南 北 平层/其他 62.53平米 1985年建/板楼,https://s1.ljcdn.com/pegasus/redskull/images/common/default_house_detail.png?_v=202411041520163 
20241105,门头沟,冯村,101127396930,北京城建上悦居,330万,,3室1厅 高楼层/共21层 南 北 平层/简装 89.64平米 2018年建/板楼,https://ke-image.ljcdn.com/110000-inspection/72a1ca6e-c987-41e4-980a-090f334960ba_1000.jpg!m_fill,w_120,h_80,f_jpg?from=ke.com 
20241105,朝阳,农展馆,101127398224,枣营北里,470万,,2室1厅 低楼层/共18层 东南 平层/精装 61.17平米 1992年建/塔楼,https://ke-image.ljcdn.com/110000-inspection/75aa7fbe-8acd-4c98-84d5-ac4102c14e5b_1000.jpg!m_fill,w_120,h_80,f_jpg?from=ke.com 
20241105,亦庄开发区,亦庄,101127397560,贵园北里戊区,255万,,1室1厅 底层/共6层 南 平层/其他 50.99平米 板楼,https://ke-image.ljcdn.com/110000-inspection/pc1_nTwJZ1FjY.jpg!m_fill,w_120,h_80,f_jpg?from=ke.com 
20241105,通州,万达,101127396652,通惠南路,230万,,2室1厅 中楼层/共5层 南 北 平层/精装 53平米 板楼,https://ke-image.ljcdn.com/110000-inspection/59d27203-a81b-4520-a495-b39242f25045_1000.jpg!m_fill,w_120,h_80,f_jpg?from=ke.com 
20241105,朝阳,百子湾,101127397457,沿海赛洛城一期,480万,,2室1厅 高楼层/共8层 东南 暂无数据/精装 84.08平米 板楼,https://s1.ljcdn.com/pegasus/redskull/images/common/default_house_detail.png?_v=202411041520163 
20241105,通州,潞苑,101127396990,富力惠兰美居,150万,,1室1厅 中楼层/共28层 南 平层/精装 47.34平米 2015年建/板塔结合,https://ke-image.ljcdn.com/110000-inspection/pc1_VJvcWT2fP_1.jpg!m_fill,w_120,h_80,f_jpg?from=ke.com 
20241105,海淀,中关村,101127397640,紫金数码,316万,,1室1厅 高楼层/共13层 东 平层/其他 39.48平米 板楼,https://ke-image.ljcdn.com/110000-inspection/pc0_UJseESgyb_1.jpg!m_fill,w_120,h_80,f_jpg?from=ke.com 
20241105,朝阳,四惠,101127397871,壹线国际,399万,,2室1厅 中楼层/共9层 西 平层/简装 73.87平米 2006年建/板塔结合,https://ke-image.ljcdn.com/110000-inspection/120888ff-fb13-4ee9-8235-1e5c236067f0_1000.jpg!m_fill,w_120,h_80,f_jpg?from=ke.com 
20241105,海淀,军博,101127397626,北蜂窝30号院,395万,,2室1厅 底层/共5层 南 北 暂无数据/简装 47.44平米 板楼,https://s1.ljcdn.com/pegasus/redskull/images/common/default_house_detail.png?_v=202411041520163 
20241105,亦庄开发区,亦庄,101127398416,小康东里,390万,,3室1厅 中楼层/共6层 南 北 平层/其他 105.38平米 板楼,https://ke-image.ljcdn.com/110000-inspection/3b5a5b13-903c-42b7-ae28-ea9f4c1ab636_1000.jpg!m_fill,w_120,h_80,f_jpg?from=ke.com 
20241105,海淀,马连洼,101127397863,菊园,500万,,2室1厅 底层/共6层 南 平层/简装 69.65平米 板楼,https://ke-image.ljcdn.com/110000-inspection/pc1_U8RiIaYZa.jpg!m_fill,w_120,h_80,f_jpg?from=ke.com 
20241105,朝阳,大望路,101127397225,易构空间,730万,,2室1厅 低楼层/共28层 南 平层/精装 115.41平米 2004年建/塔楼,https://ke-image.ljcdn.com/110000-inspection/pc0_WR9KkdfBi.jpg!m_fill,w_120,h_80,f_jpg?from=ke.com 
20241105,通州,临河里,101127397286,DBC加州小镇,228万,,1室1厅 中楼层/共11层 北 南 平层/简装 66.21平米 2007年建/板楼,https://ke-image.ljcdn.com/110000-inspection/pc0_HkKtFqxUr_1.jpg!m_fill,w_120,h_80,f_jpg?from=ke.com 
20241105,昌平,天通苑,101127398464,天通西苑二区,350万,,2室1厅 低楼层/共13层 南 北 平层/精装 82.05平米 2002年建/板楼,https://ke-image.ljcdn.com/110000-inspection/551fc260-f55d-4f5e-a419-ed793c8685dc_1000.jpg!m_fill,w_120,h_80,f_jpg?from=ke.com 
20241105,顺义,顺义城,101127397967,石园东区,175万,,2室1厅 低楼层/共6层 南 北 平层/其他 66.72平米 1994年建/板楼,https://ke-image.ljcdn.com/110000-inspection/51925b46-1c54-4819-a85b-29bddf08c02d_1000.jpg!m_fill,w_120,h_80,f_jpg?from=ke.com 
20241105,丰台,六里桥,101127397927,风荷曲苑,399万,,1室0厅 中楼层/共20层 东 平层/精装 46.16平米 塔楼,https://ke-image.ljcdn.com/110000-inspection/pc0_rTPiVXtME_2.jpg!m_fill,w_120,h_80,f_jpg?from=ke.com 
20241105,怀柔,怀柔,101127398491,富乐小区北里,169万,,3室1厅 低楼层/共6层 东 西 平层/简装 82.87平米 板楼,https://ke-image.ljcdn.com/110000-inspection/d0c8315f-c033-411f-8055-60da17766a89_1000.jpg!m_fill,w_120,h_80,f_jpg?from=ke.com 
20241105,大兴,枣园,101127397943,滨河西里南区,390万,,2室2厅 底层/共17层 南 暂无数据/简装 98.06平米 塔楼,https://s1.ljcdn.com/pegasus/redskull/images/common/default_house_detail.png?_v=202411041520163 
20241105,大兴,西红门,101127397449,瑞海家园二区,388万,,2室1厅 中楼层/共6层 南 北 平层/精装 109.28平米 板楼,https://ke-image.ljcdn.com/110000-inspection/f0b2fd19-f262-4b61-87fd-90567f606478_1000.jpg!m_fill,w_120,h_80,f_jpg?from=ke.com 
20241105,朝阳,劲松,101127398571,富顿,286万,,1室0厅 低楼层/共16层 南 平层/简装 51.24平米 2004年建/塔楼,https://s1.ljcdn.com/pegasus/redskull/images/common/default_house_detail.png?_v=202411041520163 
20241105,海淀,魏公村,101127397988,魏公村佳苑,1020万,,3室1厅 低楼层/共28层 南 西 北 平层/简装 99.18平米 板楼,https://ke-image.ljcdn.com/110000-inspection/pc0_RB6I9xUdE.jpg!m_fill,w_120,h_80,f_jpg?from=ke.com 
20241105,西城,车公庄,101127397438,车公庄北里,530万,,2室1厅 高楼层/共6层 南 北 平层/精装 57.9平米 板楼,https://ke-image.ljcdn.com/110000-inspection/14dd737c-b53f-4047-bde7-cb15cf776ce9_1000.jpg!m_fill,w_120,h_80,f_jpg?from=ke.com 
20241105,通州,临河里,101127397650,海棠湾三期,205万,,1室1厅 高楼层/共27层 东 暂无数据/其他 44.95平米 2012年建/塔楼,https://s1.ljcdn.com/pegasus/redskull/images/common/default_house_detail.png?_v=202411041520163 
20241105,石景山,五里坨,101127397577,南宫嘉园,179万,,1室2厅 中楼层/共11层 南 平层/精装 59.45平米 2015年建/板塔结合,https://s1.ljcdn.com/pegasus/redskull/images/common/default_house_detail.png?_v=202411041520163 
20241105,昌平,西关环岛,101127397454,建明里小区,209万,,2室1厅 中楼层/共6层 南 平层/其他 56.3平米 2003年建/板楼,https://ke-image.ljcdn.com/110000-inspection/pc0_qba8MSSc2.jpg!m_fill,w_120,h_80,f_jpg?from=ke.com 
20241105,通州,乔庄,101127398036,艺苑东街8号院,200万,,2室1厅 中楼层/共5层 南 北 暂无数据/其他 57.04平米 板楼,https://s1.ljcdn.com/pegasus/redskull/images/common/default_house_detail.png?_v=202411041520163 
20241105,海淀,小西天,101127398106,红联北村,295万,,1室1厅 中楼层/共6层 东 平层/简装 42.1平米 板楼,https://ke-image.ljcdn.com/110000-inspection/pc0_kG9X09Dbu.jpg!m_fill,w_120,h_80,f_jpg?from=ke.com 
20241105,朝阳,立水桥,101127398181,立城苑,490万,,2室1厅 低楼层/共15层 东 西 平层/其他 96.34平米 2008年建/板楼,https://ke-image.ljcdn.com/110000-inspection/b372e97d-5454-45e4-b185-e23c01f464fc_1000.jpg!m_fill,w_120,h_80,f_jpg?from=ke.com 
20241105,西城,新街口,101127398715,新街口西里三区,660万,,2室1厅 中楼层/共6层 东 西 平层/精装 66.3平米 2007年建/板楼,https://ke-image.ljcdn.com/110000-inspection/052f66a7-721d-4f7c-95f9-b4729cf19000_1000.jpg!m_fill,w_120,h_80,f_jpg?from=ke.com 
20241105,朝阳,双桥,101127398335,远洋一方润园6号院,315万,,2室1厅 顶层/共15层 西 东 平层/精装 74.39平米 板塔结合,https://ke-image.ljcdn.com/110000-inspection/apc_0Z8HZMrmm_1.jpg!m_fill,w_120,h_80,f_jpg?from=ke.com 
20241105,海淀,中关村,101127398547,科育小区,610万,,2室1厅 中楼层/共4层 南 平层/其他 49.2平米 板楼,https://ke-image.ljcdn.com/110000-inspection/pc0_mNuI71fnd_1.jpg!m_fill,w_120,h_80,f_jpg?from=ke.com 
20241105,丰台,青塔,101127398273,青塔东里,279万,,2室1厅 顶层/共7层 南 北 平层/精装 54.67平米 板楼,https://ke-image.ljcdn.com/110000-inspection/pc0_c3BjRrPVw.jpg!m_fill,w_120,h_80,f_jpg?from=ke.com 
20241105,通州,武夷花园,101127397500,水仙园,210万,,1室0厅 底层/共6层 南 平层/简装 41.84平米 板楼,https://s1.ljcdn.com/pegasus/redskull/images/common/default_house_detail.png?_v=202411041520163 
20241105,丰台,洋桥,101127398261,马家堡39号院,275万,,2室1厅 高楼层/共6层 南 北 平层/简装 57.3平米 板楼,https://ke-image.ljcdn.com/110000-inspection/b4ec755e-7632-4c35-8202-a0bfc3efe78f_1000.jpg!m_fill,w_120,h_80,f_jpg?from=ke.com 
20241105,昌平,天通苑,101127398456,天通苑东一区,360万,,2室1厅 中楼层/共17层 西南 平层/精装 106.86平米 塔楼,https://ke-image.ljcdn.com/110000-inspection/pc1_EhHKi6Q3I.jpg!m_fill,w_120,h_80,f_jpg?from=ke.com 
20241105,通州,通州其它,101127397773,泰禾1号街区,230万,,3室2厅 中楼层/共13层 东南 暂无数据/其他 85.6平米 2015年建/塔楼,https://s1.ljcdn.com/pegasus/redskull/images/common/default_house_detail.png?_v=202411041520163 
20241105,朝阳,双井,101127398410,东环18公寓,490万,,1室1厅 低楼层/共14层 西北 平层/简装 79.3平米 板楼,https://ke-image.ljcdn.com/110000-inspection/pc0_2kyDXZb5t_1.jpg!m_fill,w_120,h_80,f_jpg?from=ke.com 
20241105,朝阳,望京,101127398639,中环南路5号院,349万,,2室1厅 高楼层/共6层 南 北 平层/简装 73.32平米 板楼,https://ke-image.ljcdn.com/110000-inspection/pc0_F6ob7R8yg.jpg!m_fill,w_120,h_80,f_jpg?from=ke.com 
20241105,朝阳,和平里,101127398474,和平街十四区,280万,,1室1厅 高楼层/共6层 南 平层/精装 42.32平米 板楼,https://ke-image.ljcdn.com/110000-inspection/pc1_1q2bLilUq_1.jpg!m_fill,w_120,h_80,f_jpg?from=ke.com 
20241105,昌平,北七家,101127398194,名流花园,249万,,2室1厅 高楼层/共7层 南 北 复式/其他 95.73平米 板楼,https://ke-image.ljcdn.com/110000-inspection/pc0_G39NrQgSD.jpg!m_fill,w_120,h_80,f_jpg?from=ke.com 
20241105,门头沟,门头沟其它,101127398983,惠通新苑,159万,,2室1厅 低楼层/共18层 南 北 平层/精装 76.56平米 板楼,https://ke-image.ljcdn.com/110000-inspection/b6bbf469-4aad-41b4-8b55-9919ec3c2161_1000.jpg!m_fill,w_120,h_80,f_jpg?from=ke.com 
20241105,朝阳,十里河,101127398596,周家庄中路18号院,240万,,1室1厅 中楼层/共28层 南 暂无数据/精装 50.51平米 2014年建/板楼,https://ke-image.ljcdn.com/110000-inspection/46b37747-0591-478a-811c-75d54fc6dbc7_1000.jpg!m_fill,w_120,h_80,f_jpg?from=ke.com 
20241105,门头沟,上岸地铁,101127398629,梧桐苑栖凤园,306万,,2室1厅 低楼层/共27层 南 平层/其他 85.16平米 2013年建/板楼,https://ke-image.ljcdn.com/110000-inspection/1745802d-4591-4216-a99c-74f7a5058fa3_1000.jpg!m_fill,w_120,h_80,f_jpg?from=ke.com 
20241105,海淀,皂君庙,101127398801,皂君西里,466万,,2室1厅 高楼层/共6层 西 北 平层/精装 52平米 板楼,https://ke-image.ljcdn.com/110000-inspection/ea085235-2478-4221-b3ac-04a2d02da5b8_1000.jpg!m_fill,w_120,h_80,f_jpg?from=ke.com 
20241105,大兴,枣园,101127399291,枣园小区,420万,,2室2厅 底层/共6层 南 北 平层/精装 97.49平米 板楼,https://ke-image.ljcdn.com/110000-inspection/pc0_RwfrcGbvt.jpg!m_fill,w_120,h_80,f_jpg?from=ke.com 
20241105,海淀,西三旗,101127398060,建材城西一里,310万,,2室1厅 中楼层/共5层 北 南 平层/其他 58平米 1979年建/板楼,https://ke-image.ljcdn.com/110000-inspection/pc0_xoADOiaDi.jpg!m_fill,w_120,h_80,f_jpg?from=ke.com 
20241105,丰台,太平桥,101127398677,首科花园,1080万,,4室1厅 底层/共9层 南 北 平层/其他 146.6平米 2007年建/板楼,https://ke-image.ljcdn.com/110000-inspection/pc0_GFre6xXni.jpg!m_fill,w_120,h_80,f_jpg?from=ke.com 
20241105,房山,良乡,101127398927,西潞园四里,240万,,3室1厅 底层/共6层 南 北 平层/其他 95.9平米 板楼,https://s1.ljcdn.com/pegasus/redskull/images/common/default_house_detail.png?_v=202411041520163 
20241105,丰台,看丹桥,101127398370,韩庄子二里,210万,,1室1厅 高楼层/共6层 南 平层/简装 40.5平米 板楼,https://ke-image.ljcdn.com/110000-inspection/pc1_RVt2IfGir_1.jpg!m_fill,w_120,h_80,f_jpg?from=ke.com 
20241105,朝阳,甘露园,101127398724,甘露园南里,349万,,3室1厅 中楼层/共6层 东 西 平层/其他 73.92平米 板楼,https://ke-image.ljcdn.com/110000-inspection/c7f8ed82-4912-46d5-bc74-84440bfda3eb_1000.jpg!m_fill,w_120,h_80,f_jpg?from=ke.com 
20241105,顺义,顺义城,101127398108,阳光水岸,396万,,3室1厅 中楼层/共18层 南 北 平层/精装 98.76平米 2010年建/板楼,https://ke-image.ljcdn.com/110000-inspection/3989d3d4-4444-46eb-87b3-d3721103bf26_1000.jpg!m_fill,w_120,h_80,f_jpg?from=ke.com 
20241105,丰台,右安门外,101127398429,亚林西居住区9号院,395万,,2室1厅 中楼层/共28层 南 平层/精装 58.33平米 2019年建/板塔结合,https://ke-image.ljcdn.com/110000-inspection/pc0_3ht406aYh_1.jpg!m_fill,w_120,h_80,f_jpg?from=ke.com 
20241105,海淀,世纪城,101127399776,观山园,2350万,,3室2厅 高楼层/共11层 南 北 平层/精装 172.63平米 板楼,https://s1.ljcdn.com/pegasus/redskull/images/common/default_house_detail.png?_v=202411041520163 
20241105,朝阳,望京,101127398188,西八间北里,280万,,2室1厅 中楼层/共6层 南 北 平层/精装 60.44平米 板楼,https://ke-image.ljcdn.com/110000-inspection/pc1_waPJ3YOEf_1.jpg!m_fill,w_120,h_80,f_jpg?from=ke.com 
20241105,昌平,回龙观,101127399119,融泽嘉园中路2号院,430万,,2室1厅 中楼层/共27层 南 暂无数据/简装 87.63平米 2013年建/板楼,https://s1.ljcdn.com/pegasus/redskull/images/common/default_house_detail.png?_v=202411041520163 
20241105,门头沟,上岸地铁,101127398482,远洋新天地,98万,,1室1厅 中楼层/共18层 南 暂无数据/精装 42.83平米 2016年建/塔楼,https://s1.ljcdn.com/pegasus/redskull/images/common/default_house_detail.png?_v=202411041520163 
20241105,亦庄开发区,亦庄河西区,101127398525,枫丹壹号二期,850万,,4室2厅 顶层/共25层 南 北 平层/其他 144.2平米 2014年建/板楼,https://ke-image.ljcdn.com/110000-inspection/a58c40af-f589-40a4-994e-f88a0c062888_1000.jpg!m_fill,w_120,h_80,f_jpg?from=ke.com 
20241105,顺义,顺义其它,101127399012,润景园,240万,,3室1厅 高楼层/共11层 南 北 暂无数据/其他 117.11平米 板塔结合,https://s1.ljcdn.com/pegasus/redskull/images/common/default_house_detail.png?_v=202411041520163 
20241105,朝阳,欢乐谷,101127399384,紫南家园南区,450万,,2室1厅 低楼层/共6层 南 北 平层/精装 73.61平米 板楼,https://ke-image.ljcdn.com/110000-inspection/45063d53-3316-4a50-84f6-7f5e590118be_1000.jpg!m_fill,w_120,h_80,f_jpg?from=ke.com 
20241105,朝阳,团结湖,101127398316,团结湖东里,320万,,2室1厅 底层/共16层 东北 平层/精装 55.35平米 1987年建/塔楼,https://ke-image.ljcdn.com/110000-inspection/88e53779-3f0f-4e60-bae7-b0b286306463_1000.jpg!m_fill,w_120,h_80,f_jpg?from=ke.com 
20241105,朝阳,太阳宫,101127399343,太阳公元北区,2180万,,3室2厅 中楼层/共25层 南 北 平层/精装 162.52平米 2011年建/板楼,https://ke-image.ljcdn.com/110000-inspection/6eab858b-4e41-495b-88d3-b12e1c45841e_1000.jpg!m_fill,w_120,h_80,f_jpg?from=ke.com 
20241105,朝阳,垡头,101127399751,垡头北里,210万,,2室1厅 高楼层/共6层 南 北 平层/精装 56.1平米 板楼,https://ke-image.ljcdn.com/110000-inspection/pc0_vzliK8crE.jpg!m_fill,w_120,h_80,f_jpg?from=ke.com 
20241105,大兴,黄村中,101127399883,黄村西里,184万,,2室1厅 中楼层/共5层 南 平层/其他 54.92平米 板楼,https://ke-image.ljcdn.com/110000-inspection/pc0_Up6sCEaDk.jpg!m_fill,w_120,h_80,f_jpg?from=ke.com 
20241105,海淀,军博,101127399078,羊坊店路16号院,699万,,3室1厅 中楼层/共5层 南 北 平层/毛坯 88.1平米 板楼,https://ke-image.ljcdn.com/110000-inspection/pc0_jivx3Z3cO.jpg!m_fill,w_120,h_80,f_jpg?from=ke.com 
20241105,朝阳,朝青,101127398460,天鹅湾北区,590万,,1室1厅 底层/共8层 南 跃层/精装 50.97平米 2009年建/板楼,https://ke-image.ljcdn.com/110000-inspection/pc0_GnvieRHgN_1.jpg!m_fill,w_120,h_80,f_jpg?from=ke.com 
20241105,房山,窦店,101127399505,北京城建琨廷北区,180万,,3室2厅 低楼层/共14层 南 北 平层/精装 95.51平米 2014年建/板楼,https://ke-image.ljcdn.com/110000-inspection/pc0_IDumzFhB3_2.jpg!m_fill,w_120,h_80,f_jpg?from=ke.com 
20241105,昌平,天通苑,101127399847,天通苑一区,450万,,3室2厅 中楼层/共6层 南 北 平层/简装 159.55平米 2000年建/板楼,https://ke-image.ljcdn.com/110000-inspection/pc1_cFCm6M4TD.jpg!m_fill,w_120,h_80,f_jpg?from=ke.com 
20241105,丰台,玉泉营,101127398813,三环新城7号院,462万,,2室1厅 中楼层/共22层 南 北 平层/精装 98.13平米 板楼,https://ke-image.ljcdn.com/110000-inspection/9c7e85fa-e0f3-49b7-8920-3c72e08d9e15_1000.jpg!m_fill,w_120,h_80,f_jpg?from=ke.com 
20241105,丰台,玉泉营,101127399608,三环新城7号院,560万,,2室1厅 底层/共29层 南 北 平层/精装 86.26平米 2005年建/板楼,https://ke-image.ljcdn.com/110000-inspection/d61ff3ef-76a5-4096-a5d9-e35f0f022a7a_1000.jpg!m_fill,w_120,h_80,f_jpg?from=ke.com 
20241105,大兴,西红门,101127400059,兴都苑,255万,,1室1厅 高楼层/共6层 南 平层/其他 56.49平米 2000年建/板楼,https://s1.ljcdn.com/pegasus/redskull/images/common/default_house_detail.png?_v=202411041520163 
20241105,丰台,洋桥,101127399074,洋桥东里,350万,,2室1厅 低楼层/共16层 南 平层/简装 64.98平米 1997年建/塔楼,https://ke-image.ljcdn.com/110000-inspection/b353f8f6-9072-4256-a749-904bd273934f_1000.jpg!m_fill,w_120,h_80,f_jpg?from=ke.com 
20241105,顺义,马坡,101127398990,香悦四季东区,530万,,4室2厅 中楼层/共11层 南 北 平层/其他 156.61平米 板楼,https://ke-image.ljcdn.com/110000-inspection/3050d8d2-27d9-4b40-92ec-ed8dac0ed95a_1000.jpg!m_fill,w_120,h_80,f_jpg?from=ke.com 
20241105,朝阳,双桥,101127400195,东一时区,499万,,3室2厅 低楼层/共23层 西南 平层/简装 136.32平米 2005年建/板塔结合,https://ke-image.ljcdn.com/110000-inspection/pc0_A7kyCCxtG.jpg!m_fill,w_120,h_80,f_jpg?from=ke.com 
20241105,朝阳,大望路,101127400155,金港国际,1200万,,4室2厅 低楼层/共16层 东 西 暂无数据/精装 186.2平米 板楼,https://s1.ljcdn.com/pegasus/redskull/images/common/default_house_detail.png?_v=202411041520163 
20241105,大兴,旧宫,101127399770,清逸园,309万,,3室1厅 中楼层/共6层 南 北 平层/简装 82.52平米 板楼,https://s1.ljcdn.com/pegasus/redskull/images/common/default_house_detail.png?_v=202411041520163 
20241105,大兴,科技园区,101127400071,长丰园一区,156万,,2室1厅 顶层/共6层 南 北 平层/简装 53.69平米 2005年建/板楼,https://ke-image.ljcdn.com/110000-inspection/3be4f973-6e3e-41b6-9654-1f668a55970b_1000.jpg!m_fill,w_120,h_80,f_jpg?from=ke.com 
20241105,朝阳,亚运村,101127399165,汇园公寓,755万,,2室2厅 中楼层/共13层 南 平层/精装 97.38平米 板塔结合,https://ke-image.ljcdn.com/110000-inspection/27edbd0d-b310-451e-9198-e577268e8ac9_1000.jpg!m_fill,w_120,h_80,f_jpg?from=ke.com 
20241105,海淀,田村,101127399574,雅世合金公寓,700万,,2室1厅 低楼层/共9层 西南 平层/精装 72.96平米 2011年建/板楼,https://ke-image.ljcdn.com/110000-inspection/pc0_3kBLizLFb_2.jpg!m_fill,w_120,h_80,f_jpg?from=ke.com 
20241105,昌平,天通苑,101127400435,天通苑五区,290万,,2室1厅 顶层/共6层 南 北 平层/简装 99.96平米 2001年建/板楼,https://ke-image.ljcdn.com/110000-inspection/7a4f6990-4adc-43bb-852c-b1316db4dc7d_1000.jpg!m_fill,w_120,h_80,f_jpg?from=ke.com 
20241105,东城,广渠门,101127400475,安化北里,540万,,2室1厅 中楼层/共6层 南 北 平层/精装 52.98平米 板楼,https://ke-image.ljcdn.com/110000-inspection/73e0efc4-5018-4874-8706-201013071b9e_1000.jpg!m_fill,w_120,h_80,f_jpg?from=ke.com 
20241105,海淀,五棵松,101127399230,北太平路16号院,640万,,2室1厅 底层/共5层 南 北 平层/简装 55.9平米 板楼,https://ke-image.ljcdn.com/110000-inspection/pc0_fqkm3l4ml.jpg!m_fill,w_120,h_80,f_jpg?from=ke.com 
20241105,丰台,丽泽,101127400225,益丰苑,850万,,2室1厅 低楼层/共17层 南 北 平层/精装 94.77平米 2010年建/板楼,https://ke-image.ljcdn.com/110000-inspection/e8775937-7b85-409a-9a50-bc19f6109f3f_1000.jpg!m_fill,w_120,h_80,f_jpg?from=ke.com 
20241105,朝阳,北苑,101127399325,乐想汇,128万,,1室1厅 中楼层/共18层 西 平层/简装 48.62平米 2013年建/板楼,https://s1.ljcdn.com/pegasus/redskull/images/common/default_house_detail.png?_v=202411041520163 
20241105,朝阳,望京,101127399908,花家地西里一区,450万,,3室1厅 中楼层/共6层 南 北 平层/其他 86.5平米 1995年建/板楼,https://ke-image.ljcdn.com/110000-inspection/pc1_oUPhH1mmB.jpg!m_fill,w_120,h_80,f_jpg?from=ke.com 
20241105,昌平,回龙观,101127400175,云趣园一区,326万,,2室1厅 底层/共6层 南 北 平层/简装 73.53平米 板楼,https://ke-image.ljcdn.com/110000-inspection/pc0_C4BUid2jl.jpg!m_fill,w_120,h_80,f_jpg?from=ke.com 
20241105,昌平,回龙观,101127400523,龙华园,275万,,1室1厅 中楼层/共6层 南 北 平层/精装 58.57平米 板楼,https://ke-image.ljcdn.com/110000-inspection/c2e83f43-fc3f-4caf-9d18-54ece57d5d49_1000.jpg!m_fill,w_120,h_80,f_jpg?from=ke.com 
20241105,西城,长椿街,101127400407,天泽园,1620万,,5室3厅 高楼层/共7层 东 西 复式/精装 182.51平米 板楼,https://ke-image.ljcdn.com/110000-inspection/pc0_GG0HZ2qS0.jpg!m_fill,w_120,h_80,f_jpg?from=ke.com 
20241105,朝阳,劲松,101127399940,劲松二区,305万,,2室1厅 低楼层/共14层 西北 平层/精装 57.71平米 塔楼,https://ke-image.ljcdn.com/110000-inspection/666a70c4-d4a2-43b9-beca-3701c4d7cd4a_1000.jpg!m_fill,w_120,h_80,f_jpg?from=ke.com 
20241105,朝阳,芍药居,101127400385,芍药居北里,670万,,2室1厅 高楼层/共11层 西南 平层/精装 94.77平米 2008年建/板塔结合,https://ke-image.ljcdn.com/110000-inspection/pc0_GoA0L7vwy.jpg!m_fill,w_120,h_80,f_jpg?from=ke.com 
20241105,大兴,天宫院,101127400287,保利首开熙悦春天,349万,,4室2厅 低楼层/共20层 南 北 平层/精装 97.34平米 板楼,https://ke-image.ljcdn.com/110000-inspection/0b85fc96-703d-4f70-8ae0-37d0b9e9955c_1000.jpg!m_fill,w_120,h_80,f_jpg?from=ke.com 
20241105,昌平,东关,101127400683,世涛天朗,550万,,3室2厅 中楼层/共6层 南 北 平层/简装 138.99平米 2005年建/板楼,https://ke-image.ljcdn.com/110000-inspection/b265133e-eae5-4806-a7bb-6c2edd4f920c_1000.jpg!m_fill,w_120,h_80,f_jpg?from=ke.com 
20241105,海淀,公主坟,101127400394,翠微北里,855万,,3室1厅 中楼层/共24层 南 北 东 平层/简装 83.5平米 塔楼,https://ke-image.ljcdn.com/110000-inspection/5fce2ff1-d0ac-45a3-bb12-ee1eddd44704_1000.jpg!m_fill,w_120,h_80,f_jpg?from=ke.com 
20241105,顺义,顺义城,101127400779,幸福东区,168万,,2室1厅 顶层/共6层 南 北 平层/简装 63.03平米 1992年建/板楼,https://ke-image.ljcdn.com/110000-inspection/ff85c26e-0fef-46d1-b293-a697268d5b12_1000.jpg!m_fill,w_120,h_80,f_jpg?from=ke.com 
20241105,房山,良乡,101127400795,文化路社区,120万,,2室1厅 顶层/共5层 南 北 平层/简装 68.39平米 板楼,https://ke-image.ljcdn.com/110000-inspection/pc0_GINtKaPk3.jpg!m_fill,w_120,h_80,f_jpg?from=ke.com 
20241105,顺义,顺义其它,101127400214,润景园,235万,,3室1厅 中楼层/共11层 南 北 暂无数据/其他 117.11平米 板塔结合,https://s1.ljcdn.com/pegasus/redskull/images/common/default_house_detail.png?_v=202411041520163 
20241105,亦庄开发区,亦庄河西区,101127400827,亦庄金茂府,1200万,,3室2厅 高楼层/共17层 南 北 平层/精装 133.51平米 板楼,https://ke-image.ljcdn.com/110000-inspection/pc1_tAtDIphpj.jpg!m_fill,w_120,h_80,f_jpg?from=ke.com 
20241105,房山,阎村,101127399918,天恒乐DO,75万,,1室1厅 中楼层/共13层 西 复式/简装 66.21平米 板塔结合,https://s1.ljcdn.com/pegasus/redskull/images/common/default_house_detail.png?_v=202411041520163 
20241105,海淀,小西天,101127400821,今典花园,780万,,2室1厅 中楼层/共25层 西北 平层/简装 78.51平米 2002年建/塔楼,https://ke-image.ljcdn.com/110000-inspection/c8acfba5-3330-4473-90a7-9a0f6bc8d4db_1000.jpg!m_fill,w_120,h_80,f_jpg?from=ke.com 
20241105,通州,临河里,101127400210,金隅花石匠二期西区,589万,,3室2厅 中楼层/共15层 南 北 平层/精装 114.92平米 2012年建/板楼,https://ke-image.ljcdn.com/110000-inspection/apc_giJ43ewPb_1.jpg!m_fill,w_120,h_80,f_jpg?from=ke.com 
20241105,海淀,紫竹桥,101127401203,北洼西里,364万,,2室1厅 顶层/共6层 东 西 平层/精装 55.2平米 板楼,https://ke-image.ljcdn.com/110000-inspection/pc0_AfxIqAHWJ.jpg!m_fill,w_120,h_80,f_jpg?from=ke.com 
20241105,西城,白纸坊,101127401089,南运巷,660万,,3室1厅 高楼层/共16层 东 西 平层/其他 83.16平米 1980年建/板楼,https://s1.ljcdn.com/pegasus/redskull/images/common/default_house_detail.png?_v=202411041520163 
20241105,门头沟,滨河西区,101127400863,倚山嘉园,450万,,3室3厅 顶层/共6层 南 北 复式/精装 167.8平米 2004年建/板楼,https://ke-image.ljcdn.com/110000-inspection/pc0_gPlvyMXJP.jpg!m_fill,w_120,h_80,f_jpg?from=ke.com 
20241105,房山,长阳,101127400987,长阳半岛怡和路1号院,409万,,3室2厅 中楼层/共18层 西南 北 平层/精装 98.03平米 2014年建/板塔结合,https://ke-image.ljcdn.com/110000-inspection/pc1_DmnlfwLuI.jpg!m_fill,w_120,h_80,f_jpg?from=ke.com 
20241105,朝阳,建国门外,101127400014,美华世纪,498万,,2室1厅 低楼层/共12层 西北 复式/简装 90.24平米 2004年建/塔楼,https://ke-image.ljcdn.com/110000-inspection/eaf78070-77da-4dc8-95e6-d1100d48e5a0_1000.jpg!m_fill,w_120,h_80,f_jpg?from=ke.com 
20241105,朝阳,定福庄,101127401272,瑞和国际,486万,,2室1厅 高楼层/共22层 东 南 北 暂无数据/其他 95.48平米 塔楼,https://s1.ljcdn.com/pegasus/redskull/images/common/default_house_detail.png?_v=202411041520163 
20241105,西城,广安门,101127400943,朗琴园,860万,,2室1厅 高楼层/共29层 西北 平层/精装 74.14平米 2004年建/板塔结合,https://ke-image.ljcdn.com/110000-inspection/pc0_Px5BKpHzn_1.jpg!m_fill,w_120,h_80,f_jpg?from=ke.com 
20241105,朝阳,定福庄,101127400742,定福庄北里1号院,308万,,2室1厅 低楼层/共6层 南 北 平层/简装 66.96平米 1998年建/板楼,https://ke-image.ljcdn.com/110000-inspection/e7f37f6b-330a-4ff5-9abb-6065843e5080_1000.jpg!m_fill,w_120,h_80,f_jpg?from=ke.com 
20241105,东城,东直门,101127401427,香河园北里,560万,,2室1厅 高楼层/共14层 东 西 平层/精装 60.27平米 板楼,https://ke-image.ljcdn.com/110000-inspection/62dbbff4-6603-43fe-a992-c780341603b6_1000.jpg!m_fill,w_120,h_80,f_jpg?from=ke.com 
20241105,昌平,东关,101127401511,东环路小区,210万,,3室1厅 中楼层/共5层 南 北 平层/其他 56.2平米 1992年建/板楼,https://ke-image.ljcdn.com/110000-inspection/46c0d244-e1bd-4267-8d07-2cf552e015af_1000.jpg!m_fill,w_120,h_80,f_jpg?from=ke.com 
20241105,亦庄开发区,马驹桥,101127400450,宏仁家园,190万,,2室1厅 中楼层/共28层 西 平层/精装 85.88平米 2013年建/板楼,https://ke-image.ljcdn.com/110000-inspection/37f9ed84-7eb6-45a6-832b-4573a81872c3_1000.jpg!m_fill,w_120,h_80,f_jpg?from=ke.com 
20241105,海淀,田村,101127401281,西山国际城,165万,,1室1厅 中楼层/共6层 西 北 复式/其他 33平米 2013年建/塔楼,https://s1.ljcdn.com/pegasus/redskull/images/common/default_house_detail.png?_v=202411041520163 
20241105,石景山,苹果园,101127401459,西山枫林一二期,620万,,3室2厅 低楼层/共11层 南 北 平层/简装 124.54平米 板楼,https://s1.ljcdn.com/pegasus/redskull/images/common/default_house_detail.png?_v=202411041520163 
20241105,西城,右安门内,101127400397,白纸坊西街,600万,,1室1厅 低楼层/共18层 南 平层/简装 57.95平米 塔楼,https://s1.ljcdn.com/pegasus/redskull/images/common/default_house_detail.png?_v=202411041520163 
20241105,丰台,玉泉营,101127401639,万年花城二期,375万,,1室1厅 高楼层/共10层 北 平层/简装 61.54平米 2005年建/板楼,https://ke-image.ljcdn.com/110000-inspection/85744c5c-84c6-4c2e-a71e-2672d34de93b_1000.jpg!m_fill,w_120,h_80,f_jpg?from=ke.com 
20241105,朝阳,芍药居,101127400429,芍药居北里,670万,,2室1厅 顶层/共11层 东 平层/精装 97.42平米 2008年建/板塔结合,https://ke-image.ljcdn.com/110000-inspection/pc0_UHptMqCMd.jpg!m_fill,w_120,h_80,f_jpg?from=ke.com 
20241105,顺义,顺义其它,101127400476,金地未未来,89万,,2室1厅 中楼层/共10层 东 暂无数据/其他 41.4平米 塔楼,https://s1.ljcdn.com/pegasus/redskull/images/common/default_house_detail.png?_v=202411041520163 
20241105,东城,东花市,101127401483,富贵园一区,1830万,,3室1厅 中楼层/共11层 南 北 平层/简装 144.8平米 板楼,https://s1.ljcdn.com/pegasus/redskull/images/common/default_house_detail.png?_v=202411041520163 
20241105,朝阳,奥林匹克公园,101127400509,万科星园,860万,,2室1厅 中楼层/共29层 西南 平层/精装 107.07平米 2003年建/塔楼,https://ke-image.ljcdn.com/110000-inspection/a3a397d7-7a64-46c4-b108-b585897e3a2d_1000.jpg!m_fill,w_120,h_80,f_jpg?from=ke.com 
20241105,密云,鼓楼街道,101127400510,行宫东区,150万,,2室2厅 顶层/共6层 南 北 平层/其他 93.78平米 板楼,http://vr-public.realsee-cdn.cn/release/screenshot/auto3d-jBwZlaMuv60VU6BpLmp_SB/83a7416b0c6f97ee1922dfdb046cc8cf/1725510196_12/pc0_SKqXd4uEd.jpg 
20241105,西城,德胜门,101127401847,四环胡同,295万,,1室1厅 底层/共1层 南 暂无数据/简装 11.41平米 平房,https://s1.ljcdn.com/pegasus/redskull/images/common/default_house_detail.png?_v=202411041520163 
20241105,房山,窦店,101127401631,沁园春景,90万,,1室1厅 底层/共6层 南 北 暂无数据/其他 53.23平米 2004年建/板楼,https://s1.ljcdn.com/pegasus/redskull/images/common/default_house_detail.png?_v=202411041520163 
20241105,房山,良乡,101127401382,苏庄二里,249.5万,,3室1厅 高楼层/共6层 南 北 平层/简装 108平米 板楼,https://ke-image.ljcdn.com/110000-inspection/pc0_aJxnUAbG2.jpg!m_fill,w_120,h_80,f_jpg?from=ke.com 
20241105,朝阳,北苑,101127401863,北苑家园望春园,399万,,2室1厅 中楼层/共25层 东南 平层/精装 71.36平米 2007年建/塔楼,https://ke-image.ljcdn.com/110000-inspection/d3c57ec2-8caa-4bb5-9861-e710da385fa0_1000.jpg!m_fill,w_120,h_80,f_jpg?from=ke.com 
20241105,丰台,太平桥,101127401944,太平桥小区,385万,,2室1厅 底层/共6层 南 北 平层/其他 52.13平米 板楼,https://ke-image.ljcdn.com/110000-inspection/pc0_wzY9BnaVG.jpg!m_fill,w_120,h_80,f_jpg?from=ke.com 
20241105,海淀,苏州桥,101127402768,小南庄社区,490万,,1室1厅 中楼层/共6层 东 南 暂无数据/精装 57平米 1993年建/板楼,https://s1.ljcdn.com/pegasus/redskull/images/common/default_house_detail.png?_v=202411041520163 
20241105,大兴,高米店,101127400972,新里西斯莱公馆,610万,,3室1厅 低楼层/共18层 南 北 平层/简装 120.65平米 2011年建/板楼,https://ke-image.ljcdn.com/110000-inspection/pc0_STNhfNjKF.jpg!m_fill,w_120,h_80,f_jpg?from=ke.com 
20241105,东城,安定门,101127401855,上龙嘉园,1260万,,3室1厅 中楼层/共14层 东 西 暂无数据/简装 152.68平米 板楼,https://s1.ljcdn.com/pegasus/redskull/images/common/default_house_detail.png?_v=202411041520163 
20241105,密云,鼓楼街道,101127402090,花园小区,160万,,3室2厅 中楼层/共6层 南 北 平层/其他 80.67平米 板楼,https://ke-image.ljcdn.com/110000-inspection/pc0_7LPG6IOzm.jpg!m_fill,w_120,h_80,f_jpg?from=ke.com 
20241105,大兴,瀛海,101127402179,永旭嘉园,269万,,2室1厅 中楼层/共16层 南 北 平层/其他 87.26平米 2015年建/板楼,https://ke-image.ljcdn.com/110000-inspection/528e38db-10df-41e6-96b0-1e0434fe345a_1000.jpg!m_fill,w_120,h_80,f_jpg?from=ke.com 
20241105,丰台,马家堡,101127402944,西马金润一区,596万,,2室1厅 中楼层/共6层 南 北 平层/精装 95.94平米 2006年建/板楼,https://ke-image.ljcdn.com/110000-inspection/3b1340c4-6335-4515-8d42-5e49a5363471_1000.jpg!m_fill,w_120,h_80,f_jpg?from=ke.com 
20241105,朝阳,石佛营,101127402027,八里庄北里小区,323万,,2室1厅 中楼层/共6层 南 平层/其他 58.08平米 1986年建/板楼,https://ke-image.ljcdn.com/110000-inspection/29d82de1-2723-4b1e-b113-c772bfa266a0_1000.jpg!m_fill,w_120,h_80,f_jpg?from=ke.com 
20241105,房山,长阳,101127401892,铭品嘉苑,210万,,2室1厅 高楼层/共20层 南 平层/精装 90.63平米 2016年建/塔楼,https://ke-image.ljcdn.com/110000-inspection/pc1_0uncXB4NI_1.jpg!m_fill,w_120,h_80,f_jpg?from=ke.com 
20241105,海淀,甘家口,101127402976,新苑街15号院,670万,,3室1厅 中楼层/共6层 南 北 平层/精装 68.4平米 板楼,https://ke-image.ljcdn.com/110000-inspection/pc1_UfIIfywYw.jpg!m_fill,w_120,h_80,f_jpg?from=ke.com 
20241105,海淀,军博,101127402263,光耀东方,165万,,1室1厅 中楼层/共14层 南 平层/简装 62.38平米 塔楼,https://s1.ljcdn.com/pegasus/redskull/images/common/default_house_detail.png?_v=202411041520163 
20241105,大兴,瀛海,101127401958,永旭嘉园,270万,,2室1厅 中楼层/共16层 南 平层/简装 88.35平米 2015年建/板塔结合,https://ke-image.ljcdn.com/110000-inspection/pc1_OwnCq8jNz.jpg!m_fill,w_120,h_80,f_jpg?from=ke.com 
20241105,大兴,旧宫,101127402341,红星楼,168万,,2室1厅 中楼层/共5层 南 北 暂无数据/简装 54.65平米 1982年建/板楼,https://s1.ljcdn.com/pegasus/redskull/images/common/default_house_detail.png?_v=202411041520163 
20241105,东城,安定门,101127401165,府上嘉园,1189万,,2室1厅 中楼层/共5层 西 北 平层/精装 85.9平米 2008年建/板塔结合,https://ke-image.ljcdn.com/110000-inspection/da36a068-3261-4bc2-ac27-b4eb2e4284ed_1000.jpg!m_fill,w_120,h_80,f_jpg?from=ke.com 
20241105,房山,长阳,101127402127,世茂维拉,720万,,5室3厅 中楼层/共5层 南 北 暂无数据/精装 252.26平米 板楼,https://s1.ljcdn.com/pegasus/redskull/images/common/default_house_detail.png?_v=202411041520163 
20241105,顺义,顺义城,101127401634,阳光水岸,188万,,1室1厅 高楼层/共19层 南 平层/简装 56.41平米 板楼,https://ke-image.ljcdn.com/110000-inspection/4e641073-84ae-49db-8d9c-7434a21c0ecf_1000.jpg!m_fill,w_120,h_80,f_jpg?from=ke.com 
20241105,丰台,看丹桥,101127402584,新华街六里,260万,,2室1厅 高楼层/共6层 南 北 平层/精装 62.6平米 板楼,https://ke-image.ljcdn.com/110000-inspection/pc1_VynuVxWUb.jpg!m_fill,w_120,h_80,f_jpg?from=ke.com 
20241105,西城,马甸,101127402465,新风街,750万,,2室1厅 中楼层/共5层 南 北 平层/精装 53.5平米 板楼,https://s1.ljcdn.com/pegasus/redskull/images/common/default_house_detail.png?_v=202411041520163 
20241105,顺义,顺义其它,101127402643,炫立方,70万,,1室1厅 顶层/共10层 东 复式/其他 39.11平米 2015年建/板塔结合,https://s1.ljcdn.com/pegasus/redskull/images/common/default_house_detail.png?_v=202411041520163 
20241105,石景山,老山,101127402427,老山西里,170万,,2室1厅 顶层/共6层 南 北 暂无数据/其他 50.25平米 板楼,https://s1.ljcdn.com/pegasus/redskull/images/common/default_house_detail.png?_v=202411041520163 
20241105,密云,鼓楼街道,101127402632,保利花园A区,278万,,3室2厅 顶层/共11层 南 北 平层/精装 126.06平米 2011年建/板楼,https://ke-image.ljcdn.com/110000-inspection/pc0_JaQXvrJzU_1.jpg!m_fill,w_120,h_80,f_jpg?from=ke.com 
20241105,海淀,田村,101127401325,西山国际城,220万,,2室1厅 低楼层/共6层 东南 复式/其他 30.74平米 2010年建/塔楼,https://s1.ljcdn.com/pegasus/redskull/images/common/default_house_detail.png?_v=202411041520163 
20241105,朝阳,常营,101127402517,富力阳光美园,370万,,2室1厅 高楼层/共27层 东 平层/精装 76.56平米 2010年建/塔楼,https://ke-image.ljcdn.com/110000-inspection/9ac4eca0-068a-48f2-9f58-d9589b2d4ca1_1000.jpg!m_fill,w_120,h_80,f_jpg?from=ke.com 
20241105,朝阳,CBD,101127402586,光辉里小区,418万,,2室1厅 顶层/共18层 西南 北 平层/精装 64.93平米 塔楼,https://ke-image.ljcdn.com/110000-inspection/c361e920-c501-452b-85e3-28761f7a249e_1000.jpg!m_fill,w_120,h_80,f_jpg?from=ke.com 
20241105,朝阳,管庄,101127401660,管庄西里,298万,,2室1厅 中楼层/共24层 东 南 平层/其他 93.73平米 塔楼,https://s1.ljcdn.com/pegasus/redskull/images/common/default_house_detail.png?_v=202411041520163 
20241105,海淀,二里庄,101127402602,志新东路甲8号,460万,,2室1厅 低楼层/共6层 南 北 暂无数据/简装 63平米 板楼,https://s1.ljcdn.com/pegasus/redskull/images/common/default_house_detail.png?_v=202411041520163 
20241105,朝阳,潘家园,101127402680,劲松六区,288万,,2室1厅 高楼层/共6层 南 暂无数据/精装 56.44平米 1980年建/板楼,https://s1.ljcdn.com/pegasus/redskull/images/common/default_house_detail.png?_v=202411041520163 
20241105,朝阳,亚运村,101127402358,安慧北里秀园,370万,,1室1厅 低楼层/共20层 南 平层/简装 49.6平米 塔楼,https://ke-image.ljcdn.com/110000-inspection/f9ef7d83-70e6-4b7f-b0ad-82485781310d_1000.jpg!m_fill,w_120,h_80,f_jpg?from=ke.com 
20241105,昌平,回龙观,101127402793,流星花园二区,220万,,1室1厅 中楼层/共11层 北 平层/简装 47.3平米 2004年建/板塔结合,https://s1.ljcdn.com/pegasus/redskull/images/common/default_house_detail.png?_v=202411041520163 
20241105,昌平,鼓楼大街,101127402420,永安里小区,350万,,3室2厅 中楼层/共6层 南 北 平层/精装 106.57平米 1996年建/板楼,https://ke-image.ljcdn.com/110000-inspection/fb208202-ed0a-4ba0-adac-295c35f754c9_1000.jpg!m_fill,w_120,h_80,f_jpg?from=ke.com 
20241105,朝阳,常营,101127403600,万象新天天际高尔夫,658万,,2室2厅 高楼层/共14层 南 北 暂无数据/简装 109.47平米 2009年建/板楼,https://s1.ljcdn.com/pegasus/redskull/images/common/default_house_detail.png?_v=202411041520163 
20241105,海淀,马甸,101127402839,冠城南园,1680万,,3室1厅 底层/共23层 东 西 北 平层/精装 125.46平米 1998年建/塔楼,https://ke-image.ljcdn.com/110000-inspection/62df2aa3-cfa7-4dd1-ad50-08869890700f_1000.jpg!m_fill,w_120,h_80,f_jpg?from=ke.com 
20241105,大兴,西红门,101127402776,世嘉博苑,405万,,2室1厅 中楼层/共15层 南 平层/精装 85.22平米 2009年建/板塔结合,https://ke-image.ljcdn.com/110000-inspection/6688af5b-c730-44f2-a426-dd712b9d3054_1000.jpg!m_fill,w_120,h_80,f_jpg?from=ke.com 
20241105,海淀,世纪城,101127402651,晨月园,890万,,2室2厅 顶层/共17层 西南 平层/精装 94.08平米 2007年建/塔楼,https://ke-image.ljcdn.com/110000-inspection/55adb375-c295-488b-b009-8c9d6c38194b_1000.jpg!m_fill,w_120,h_80,f_jpg?from=ke.com 
20241105,朝阳,管庄,101127402737,管庄西里,298万,,2室1厅 中楼层/共6层 东 西 平层/精装 72平米 板楼,https://ke-image.ljcdn.com/110000-inspection/pc1_KaI5xVS1Y.jpg!m_fill,w_120,h_80,f_jpg?from=ke.com 
20241105,朝阳,惠新西街,101127402762,胜古南里,386万,,3室1厅 高楼层/共6层 南 北 平层/其他 55.65平米 板楼,https://s1.ljcdn.com/pegasus/redskull/images/common/default_house_detail.png?_v=202411041520163 
20241105,昌平,霍营,101127403680,天鑫家园,275万,,2室1厅 顶层/共6层 北 平层/简装 59.19平米 2003年建/板塔结合,https://ke-image.ljcdn.com/110000-inspection/e305300f-e55a-4bae-902d-807e14d2cc32_1000.jpg!m_fill,w_120,h_80,f_jpg?from=ke.com 
20241105,西城,广安门,101127402671,远见名苑,888万,,2室1厅 低楼层/共26层 东 平层/精装 83.1平米 2004年建/塔楼,https://ke-image.ljcdn.com/110000-inspection/pc0_PFIZJ1nOB.jpg!m_fill,w_120,h_80,f_jpg?from=ke.com 
20241105,丰台,七里庄,101127402778,东大街西里,249万,,2室1厅 低楼层/共6层 东 西 平层/其他 50.82平米 板楼,https://ke-image.ljcdn.com/110000-inspection/pc0_PhS0Pcaab.jpg!m_fill,w_120,h_80,f_jpg?from=ke.com 
20241105,朝阳,团结湖,101127402785,团结湖中路北一条,420万,,3室1厅 中楼层/共5层 南 北 平层/其他 63.59平米 板楼,https://s1.ljcdn.com/pegasus/redskull/images/common/default_house_detail.png?_v=202411041520163 
20241105,顺义,顺义其它,101127402872,鼎顺嘉园西区,145万,,1室1厅 高楼层/共16层 南 北 平层/其他 60.16平米 2016年建/板楼,https://ke-image.ljcdn.com/110000-inspection/b7ed7a3e-fe78-4b22-ace3-e2f9d19df546_1000.jpg!m_fill,w_120,h_80,f_jpg?from=ke.com 
20241105,大兴,大兴机场空港,101127402983,椿蓉园,99万,,2室1厅 高楼层/共6层 南 北 暂无数据/其他 78平米 板楼,https://s1.ljcdn.com/pegasus/redskull/images/common/default_house_detail.png?_v=202411041520163 
20241105,朝阳,潘家园,101127403091,松榆里,238万,,1室1厅 高楼层/共6层 南 平层/简装 42.19平米 板楼,https://ke-image.ljcdn.com/110000-inspection/pc1_yfBemcHws.jpg!m_fill,w_120,h_80,f_jpg?from=ke.com 
20241105,海淀,魏公村,101127402094,魏公村佳苑,860万,,3室1厅 中楼层/共28层 南 北 暂无数据/其他 86.99平米 板楼,https://s1.ljcdn.com/pegasus/redskull/images/common/default_house_detail.png?_v=202411041520163 
20241105,密云,鼓楼街道,101127402842,宾阳西里北区,200万,,3室2厅 顶层/共6层 南 北 平层/其他 135.18平米 板楼,https://ke-image.ljcdn.com/110000-inspection/pc0_EzJ0ScPVO_1.jpg!m_fill,w_120,h_80,f_jpg?from=ke.com 
20241105,通州,果园,101127403063,巴克摩界,290万,,2室1厅 中楼层/共11层 南 西南 西 平层/简装 86.94平米 2007年建/塔楼,https://ke-image.ljcdn.com/110000-inspection/afff6688-4f61-42c6-97c0-972f1d21d071_1000.jpg!m_fill,w_120,h_80,f_jpg?from=ke.com 
20241105,朝阳,望京,101127402939,望京西园三区,910万,,3室2厅 底层/共18层 南 西 暂无数据/其他 175.19平米 板塔结合,https://s1.ljcdn.com/pegasus/redskull/images/common/default_house_detail.png?_v=202411041520163 
20241105,朝阳,东坝,101127402332,单店西村,260万,,2室1厅 低楼层/共6层 南 北 暂无数据/精装 64.66平米 板楼,https://s1.ljcdn.com/pegasus/redskull/images/common/default_house_detail.png?_v=202411041520163 
20241105,昌平,西关环岛,101127402970,琥珀郡,125万,,2室1厅 中楼层/共13层 南 平层/其他 86.25平米 2012年建/板塔结合,https://s1.ljcdn.com/pegasus/redskull/images/common/default_house_detail.png?_v=202411041520163 
20241105,石景山,鲁谷,101127403465,重聚园,305万,,1室1厅 中楼层/共24层 西 南 暂无数据/精装 62.63平米 2003年建/塔楼,https://s1.ljcdn.com/pegasus/redskull/images/common/default_house_detail.png?_v=202411041520163 
20241105,石景山,苹果园,101127402927,叠翠庭苑一区,187万,,1室0厅 底层/共17层 西 平层/其他 44.55平米 2019年建/板楼,https://ke-image.ljcdn.com/110000-inspection/ce74a202-0d8c-41a4-986b-30a36c544244_1000.jpg!m_fill,w_120,h_80,f_jpg?from=ke.com 
20241105,顺义,中央别墅区,101127402350,名都园,750万,,3室2厅 底层/共6层 东南 暂无数据/简装 147.52平米 板楼,https://s1.ljcdn.com/pegasus/redskull/images/common/default_house_detail.png?_v=202411041520163 
20241105,海淀,定慧寺,101127403012,恩济里小区,530万,,3室1厅 底层/共4层 西北 平层/简装 63.4平米 板楼,https://s1.ljcdn.com/pegasus/redskull/images/common/default_house_detail.png?_v=202411041520163 
20241105,丰台,马家堡,101127403207,冬季星空,1128万,,4室1厅 高楼层/共9层 南 北 平层/简装 156.77平米 2005年建/板楼,https://s1.ljcdn.com/pegasus/redskull/images/common/default_house_detail.png?_v=202411041520163 
20241105,西城,马连道,101127403046,太平里,420万,,1室1厅 底层/共7层 东 西 平层/简装 49.6平米 板楼,https://ke-image.ljcdn.com/110000-inspection/pc1_1FEz5NkbC.jpg!m_fill,w_120,h_80,f_jpg?from=ke.com 
20241105,亦庄开发区,亦庄河西区,101127402141,亦庄金茂悦北区,1330万,,4室2厅 低楼层/共13层 南 北 东 平层/精装 195.13平米 板楼,https://ke-image.ljcdn.com/110000-inspection/d5746f15-0dbe-4c6b-9707-da9c654fd58f_1000.jpg!m_fill,w_120,h_80,f_jpg?from=ke.com 
20241105,海淀,清河,101127403285,宝盛里,300万,,1室1厅 中楼层/共6层 南 平层/简装 53.09平米 板楼,https://ke-image.ljcdn.com/110000-inspection/779c6c7b-f9f1-4c64-b289-0ab7d8ef33a4_1000.jpg!m_fill,w_120,h_80,f_jpg?from=ke.com 
20241105,门头沟,城子,101127403603,绿岛家园,395万,,4室2厅 顶层/共6层 南 北 西 跃层/其他 147.96平米 板塔结合,https://ke-image.ljcdn.com/110000-inspection/pc0_psNPCjqFH.jpg!m_fill,w_120,h_80,f_jpg?from=ke.com 
20241105,海淀,五棵松,101127403425,永定路17号院,355万,,2室1厅 高楼层/共6层 南 北 平层/其他 54平米 板楼,https://ke-image.ljcdn.com/110000-inspection/pc0_tY4VPFsRt_1.jpg!m_fill,w_120,h_80,f_jpg?from=ke.com 
20241105,通州,北关,101127403302,北京胸科医院家属区,195万,,2室1厅 中楼层/共5层 南 平层/精装 52.56平米 板楼,https://ke-image.ljcdn.com/110000-inspection/pc0_RpPiQZKIr_2.jpg!m_fill,w_120,h_80,f_jpg?from=ke.com 
20241105,西城,宣武门,101127403559,小安澜营胡同,175万,,1室0厅 底层/共1层 西 平层/精装 12.5平米 平房,https://ke-image.ljcdn.com/110000-inspection/pc0_XuBU98Eom_1.jpg!m_fill,w_120,h_80,f_jpg?from=ke.com 
20241105,顺义,顺义城,101127404448,澜西园三区,245万,,2室1厅 顶层/共12层 南 北 暂无数据/简装 92.77平米 2009年建/塔楼,https://s1.ljcdn.com/pegasus/redskull/images/common/default_house_detail.png?_v=202411041520163 
20241105,丰台,五里店,101127402718,彩虹家园,260万,,2室1厅 底层/共20层 东 西 北 平层/其他 65.32平米 2012年建/板楼,https://s1.ljcdn.com/pegasus/redskull/images/common/default_house_detail.png?_v=202411041520163 
20241105,昌平,立水桥,101127403525,润枫欣尚,170万,,1室1厅 中楼层/共20层 东北 平层/精装 63.26平米 2011年建/塔楼,https://s1.ljcdn.com/pegasus/redskull/images/common/default_house_detail.png?_v=202411041520163 
20241105,海淀,西二旗,101127403961,铭科苑,415万,,2室1厅 底层/共6层 南 北 平层/简装 69.1平米 板楼,https://s1.ljcdn.com/pegasus/redskull/images/common/default_house_detail.png?_v=202411041520163 
20241105,密云,鼓楼街道,101127403562,世纪家园,230万,,2室1厅 低楼层/共6层 南 北 平层/其他 78.24平米 2006年建/板楼,https://ke-image.ljcdn.com/110000-inspection/07433ec6-d358-439b-820b-6ad9cb67585e_1000.jpg!m_fill,w_120,h_80,f_jpg?from=ke.com 
20241105,顺义,顺义城,101127402766,双兴北区,220万,,2室1厅 顶层/共6层 南 北 平层/简装 83.23平米 板楼,https://ke-image.ljcdn.com/110000-inspection/14136882-56d0-4c16-8c70-a48ad0542a94_1000.jpg!m_fill,w_120,h_80,f_jpg?from=ke.com 
20241105,西城,广安门,101127403557,红山世家,1050万,,2室2厅 中楼层/共19层 西 平层/精装 90.95平米 2011年建/板楼,https://ke-image.ljcdn.com/110000-inspection/pc1_you2rRh6w.jpg!m_fill,w_120,h_80,f_jpg?from=ke.com 
20241105,通州,通州其它,101127403444,东亚印象台湖,175万,,2室1厅 中楼层/共10层 南 暂无数据/简装 64.11平米 板楼,https://s1.ljcdn.com/pegasus/redskull/images/common/default_house_detail.png?_v=202411041520163 
20241105,朝阳,甜水园,101127403551,公园五号,810万,,1室1厅 中楼层/共17层 东 南 平层/精装 81.54平米 2010年建/板楼,https://ke-image.ljcdn.com/110000-inspection/pc0_ZRcWRlqSd.jpg!m_fill,w_120,h_80,f_jpg?from=ke.com 
20241105,朝阳,惠新西街,101127404008,惠新西街甲15号院,520万,,2室1厅 中楼层/共6层 南 北 平层/精装 64.29平米 板楼,https://ke-image.ljcdn.com/110000-inspection/f9e222c3-8319-4937-88a0-5e7bcc76c08d_1000.jpg!m_fill,w_120,h_80,f_jpg?from=ke.com 
20241105,西城,六铺炕,101127404147,林家胡同2号院,1600万,,3室1厅 顶层/共6层 南 北 平层/精装 91.91平米 板楼,https://ke-image.ljcdn.com/110000-inspection/d094b179-248e-405c-b477-852378dc9a3d_1000.jpg!m_fill,w_120,h_80,f_jpg?from=ke.com 
20241105,大兴,旧宫,101127404329,芳源里,379万,,2室1厅 高楼层/共6层 南 北 平层/简装 89.32平米 板楼,https://ke-image.ljcdn.com/110000-inspection/pc1_uqIJbeK7i.jpg!m_fill,w_120,h_80,f_jpg?from=ke.com 
20241105,大兴,旧宫,101127404816,美然绿色家园,368万,,2室1厅 低楼层/共6层 南 北 平层/其他 88平米 2001年建/板楼,https://ke-image.ljcdn.com/110000-inspection/210ef269-4742-461c-8cfe-56d738c6cec6_1000.jpg!m_fill,w_120,h_80,f_jpg?from=ke.com 
20241105,东城,崇文门,101127403006,天坛公馆,1750万,,2室1厅 底层/共6层 南 北 平层/其他 115.98平米 板楼,https://s1.ljcdn.com/pegasus/redskull/images/common/default_house_detail.png?_v=202411041520163 
20241105,朝阳,甜水园,101127403861,甜水园北里,378万,,2室1厅 高楼层/共6层 南 北 平层/其他 62.82平米 板楼,https://s1.ljcdn.com/pegasus/redskull/images/common/default_house_detail.png?_v=202411041520163 
20241105,亦庄开发区,亦庄河西区,101127403846,中海京叁號院,1295万,,3室2厅 低楼层/共24层 南 北 平层/精装 167.99平米 2022年建/板楼,https://ke-image.ljcdn.com/110000-inspection/5f025bc3-c15b-40cf-a9ad-21d530387d90_1000.jpg!m_fill,w_120,h_80,f_jpg?from=ke.com 
20241105,丰台,看丹桥,101127404864,新华街七里,320万,,2室1厅 高楼层/共24层 东北 暂无数据/简装 65.5平米 塔楼,https://s1.ljcdn.com/pegasus/redskull/images/common/default_house_detail.png?_v=202411041520163 
20241105,顺义,顺义城,101127404171,石园东区,200万,,2室1厅 低楼层/共6层 南 北 暂无数据/其他 76.09平米 1994年建/板楼,https://s1.ljcdn.com/pegasus/redskull/images/common/default_house_detail.png?_v=202411041520163 
20241105,朝阳,望京,101127404074,澳洲康都,660万,,2室1厅 低楼层/共17层 东南 平层/其他 79.42平米 板塔结合,https://s1.ljcdn.com/pegasus/redskull/images/common/default_house_detail.png?_v=202411041520163 
20241105,东城,东直门,101127404307,北官厅胡同,695万,,3室1厅 中楼层/共6层 南 西 平层/简装 73.94平米 板楼,https://ke-image.ljcdn.com/110000-inspection/efe7450e-68e9-41b1-a1b8-0c423e203832_1000.jpg!m_fill,w_120,h_80,f_jpg?from=ke.com 
20241105,顺义,顺义城,101127403021,龙府花园,370万,,3室1厅 中楼层/共6层 南 北 平层/精装 108.32平米 2001年建/板楼,https://ke-image.ljcdn.com/110000-inspection/de648e0d-fdb0-4e4c-82e1-8e742fee0391_1000.jpg!m_fill,w_120,h_80,f_jpg?from=ke.com 
20241105,石景山,苹果园,101127403102,苹果园小区一区,262万,,2室1厅 中楼层/共14层 南 北 平层/其他 57.73平米 2000年建/板塔结合,https://ke-image.ljcdn.com/110000-inspection/pc0_gs3xV0mvU.jpg!m_fill,w_120,h_80,f_jpg?from=ke.com 
20241105,昌平,沙河,101127404896,北街家园八区,315万,,2室1厅 高楼层/共17层 南 北 平层/其他 91.32平米 2011年建/板楼,https://ke-image.ljcdn.com/110000-inspection/pc0_nJaqKqaev.jpg!m_fill,w_120,h_80,f_jpg?from=ke.com 
20241105,亦庄开发区,亦庄,101127404235,国融国际,128万,,1室0厅 中楼层/共23层 东 平层/其他 42.6平米 2008年建/塔楼,https://ke-image.ljcdn.com/110000-inspection/pc0_gvSEdCa5a.jpg!m_fill,w_120,h_80,f_jpg?from=ke.com 
20241105,朝阳,甜水园,101127403037,道家园,254万,,2室1厅 底层/共7层 南 北 平层/精装 52.88平米 1991年建/板楼,https://s1.ljcdn.com/pegasus/redskull/images/common/default_house_detail.png?_v=202411041520163 
20241105,昌平,回龙观,101127403134,云趣园一区,450万,,3室2厅 高楼层/共7层 南 北 暂无数据/简装 131.77平米 1999年建/板楼,https://s1.ljcdn.com/pegasus/redskull/images/common/default_house_detail.png?_v=202411041520163 
20241105,顺义,首都机场,101127403956,南竺园,172万,,2室1厅 高楼层/共6层 南 北 平层/其他 58.84平米 1989年建/板楼,https://ke-image.ljcdn.com/110000-inspection/e6aac6be-ea4b-42d4-a18e-daf151be9966_1000.jpg!m_fill,w_120,h_80,f_jpg?from=ke.com 
20241105,海淀,清河,101127404305,世华龙樾二期,55万,,车位 地下室/共9层 南 北 平层/精装 66.9平米 2015年建/平房,https://ke-image.ljcdn.com/110000-inspection/9730b859-ec56-4a37-8fc2-10e48bd664be_1000.jpg!m_fill,w_120,h_80,f_jpg?from=ke.com 
20241105,大兴,旧宫,101127404357,芳源里,339万,,2室1厅 高楼层/共6层 南 北 平层/精装 102.45平米 2003年建/板楼,https://s1.ljcdn.com/pegasus/redskull/images/common/default_house_detail.png?_v=202411041520163 
20241105,昌平,回龙观,101127404579,云趣园三区,530万,,3室2厅 中楼层/共6层 南 北 平层/精装 145.71平米 板楼,https://ke-image.ljcdn.com/110000-inspection/pc0_gIb0uWL3U.jpg!m_fill,w_120,h_80,f_jpg?from=ke.com 
20241105,海淀,清河,101127404114,永泰园,439万,,2室1厅 中楼层/共6层 南 北 平层/其他 72.58平米 板楼,https://ke-image.ljcdn.com/110000-inspection/pc1_trQKurHs8_2.jpg!m_fill,w_120,h_80,f_jpg?from=ke.com 
20241105,石景山,苹果园,101127404278,琳琅庄园,518万,,2室1厅 低楼层/共9层 南 北 平层/精装 106.54平米 板楼,https://ke-image.ljcdn.com/110000-inspection/7697307c-2537-4a52-bf68-128069b3f059_1000.jpg!m_fill,w_120,h_80,f_jpg?from=ke.com 
20241105,通州,通州其它,101127404584,珠江四季悦城,150万,,4室2厅 中楼层/共12层 南 复式/精装 92.19平米 塔楼,https://s1.ljcdn.com/pegasus/redskull/images/common/default_house_detail.png?_v=202411041520163 
20241105,亦庄开发区,亦庄,101127404399,贵园南里甲区,390万,,2室2厅 顶层/共6层 南 北 平层/精装 87.29平米 板楼,https://ke-image.ljcdn.com/110000-inspection/pc1_gQqwIWelk.jpg!m_fill,w_120,h_80,f_jpg?from=ke.com 
20241105,海淀,西三旗,101127404178,建材城东一里,378万,,2室1厅 中楼层/共6层 南 北 平层/其他 73.34平米 板楼,https://ke-image.ljcdn.com/110000-inspection/b9dff94c-50bf-44c3-8c73-0c25e77dc7f8_1000.jpg!m_fill,w_120,h_80,f_jpg?from=ke.com 
20241105,西城,金融街,101127405344,教育街,986万,,2室1厅 顶层/共12层 南 北 平层/精装 60.2平米 板楼,https://ke-image.ljcdn.com/110000-inspection/7adccdea-2ac5-4074-be13-7b520ad53b85_1000.jpg!m_fill,w_120,h_80,f_jpg?from=ke.com 
20241105,丰台,马家堡,101127405129,马家堡西里,375万,,2室1厅 低楼层/共24层 西北 暂无数据/简装 75.7平米 2006年建/塔楼,https://s1.ljcdn.com/pegasus/redskull/images/common/default_house_detail.png?_v=202411041520163 
20241105,朝阳,四惠,101127404581,通惠家园,530万,,2室2厅 中楼层/共7层 南 北 平层/简装 105.91平米 2003年建/板楼,https://ke-image.ljcdn.com/110000-inspection/adae495d-8970-4d5e-8d49-b89393aeffa3_1000.jpg!m_fill,w_120,h_80,f_jpg?from=ke.com 
20241105,昌平,回龙观,101127404258,田园风光雅苑,520万,,3室2厅 高楼层/共6层 南 北 暂无数据/精装 124.68平米 板楼,https://s1.ljcdn.com/pegasus/redskull/images/common/default_house_detail.png?_v=202411041520163 
20241105,朝阳,奥林匹克公园,101127404388,澳林春天四期,1550万,,3室1厅 低楼层/共13层 南 北 平层/精装 157.47平米 2004年建/板楼,https://s1.ljcdn.com/pegasus/redskull/images/common/default_house_detail.png?_v=202411041520163 
20241105,东城,安贞,101127405360,胜古中路1号院,1070万,,7室2厅 中楼层/共14层 东 西 平层/简装 148.9平米 板楼,https://s1.ljcdn.com/pegasus/redskull/images/common/default_house_detail.png?_v=202411041520163 
20241105,朝阳,望京,101127404582,花家地西里一区,345万,,2室1厅 中楼层/共6层 南 北 平层/简装 65.82平米 板楼,https://ke-image.ljcdn.com/110000-inspection/pc1_iRP1TWdDB.jpg!m_fill,w_120,h_80,f_jpg?from=ke.com 
20241105,海淀,万柳,101127404923,涧桥泊屋,7500万,,4室2厅 底层/共14层 东 南 北 复式/其他 299.43平米 板楼,https://ke-image.ljcdn.com/110000-inspection/pc0_McjKXBWTN.jpg!m_fill,w_120,h_80,f_jpg?from=ke.com 
20241105,丰台,大红门,101127404252,珠江骏景北区,240万,,1室0厅 高楼层/共24层 北 平层/精装 52.18平米 2005年建/塔楼,https://s1.ljcdn.com/pegasus/redskull/images/common/default_house_detail.png?_v=202411041520163 
20241105,丰台,方庄,101127403854,gogo新世代,200万,,1室0厅 中楼层/共30层 西 平层/简装 37.98平米 2005年建/塔楼,https://s1.ljcdn.com/pegasus/redskull/images/common/default_house_detail.png?_v=202411041520163 
20241105,昌平,回龙观,101127405075,紫晶七星广场,100万,,1室1厅 中楼层/共5层 北 平层/其他 40.15平米 2014年建/塔楼,https://s1.ljcdn.com/pegasus/redskull/images/common/default_house_detail.png?_v=202411041520163 
20241105,门头沟,上岸地铁,101127405584,电建金地华宸,666万,,3室2厅 高楼层/共26层 南 北 暂无数据/精装 118.55平米 2019年建/板塔结合,https://s1.ljcdn.com/pegasus/redskull/images/common/default_house_detail.png?_v=202411041520163 
20241105,通州,九棵树(家乐福),101127405401,靓景明居,310万,,2室1厅 中楼层/共12层 东 南 北 平层/其他 69.6平米 2005年建/板塔结合,https://ke-image.ljcdn.com/110000-inspection/4103f833-8c4c-465f-8a96-4b0744d0a65a_1000.jpg!m_fill,w_120,h_80,f_jpg?from=ke.com 
20241105,朝阳,定福庄,101127405019,福盈家园,420万,,3室1厅 高楼层/共20层 东 北 平层/其他 123.95平米 2010年建/板塔结合,https://ke-image.ljcdn.com/110000-inspection/pc0_PuT2HkN9Z.jpg!m_fill,w_120,h_80,f_jpg?from=ke.com 
20241105,昌平,回龙观,101127405114,龙锦苑二区,450万,,2室1厅 中楼层/共6层 南 北 平层/简装 102.53平米 2005年建/板楼,https://ke-image.ljcdn.com/110000-inspection/090839ac-ec3e-40fe-8407-8be9f96a9064_1000.jpg!m_fill,w_120,h_80,f_jpg?from=ke.com 
20241105,朝阳,红庙,101127404838,东区国际,1050万,,3室2厅 中楼层/共26层 东南 暂无数据/精装 179.32平米 2005年建/塔楼,https://s1.ljcdn.com/pegasus/redskull/images/common/default_house_detail.png?_v=202411041520163 
20241105,朝阳,石佛营,101127405029,石佛营西里小区,680万,,2室1厅 中楼层/共21层 南 平层/精装 93.44平米 塔楼,https://ke-image.ljcdn.com/110000-inspection/36b96b0f-e2bc-421c-8c32-905a4ef46786_1000.jpg!m_fill,w_120,h_80,f_jpg?from=ke.com 
20241105,朝阳,劲松,101127405147,农光东里,249万,,2室1厅 中楼层/共6层 南 北 平层/精装 57.62平米 1991年建/板楼,https://s1.ljcdn.com/pegasus/redskull/images/common/default_house_detail.png?_v=202411041520163 
20241105,通州,临河里,101127405352,华远铭悦园,380万,,3室1厅 高楼层/共28层 南 平层/简装 115.1平米 2014年建/板楼,https://ke-image.ljcdn.com/110000-inspection/c433f95d-ad44-4411-a9bf-487d3790913a_1000.jpg!m_fill,w_120,h_80,f_jpg?from=ke.com 
20241105,大兴,黄村火车站,101127405028,建兴家园,450万,,3室2厅 中楼层/共7层 南 北 平层/其他 131.53平米 板楼,https://ke-image.ljcdn.com/110000-inspection/c95da7a7-e51a-45e5-be67-17b33e5d2d32_1000.jpg!m_fill,w_120,h_80,f_jpg?from=ke.com 
20241105,朝阳,西坝河,101127405523,西坝河东里,635万,,3室1厅 高楼层/共24层 南 北 平层/简装 78.71平米 1987年建/塔楼,https://ke-image.ljcdn.com/110000-inspection/25f1f9c6-c641-4668-8ba9-25ff585ec180_1000.jpg!m_fill,w_120,h_80,f_jpg?from=ke.com 
20241105,海淀,清河,101127405142,清缘东里,605万,,2室1厅 低楼层/共13层 南 北 平层/其他 88.01平米 2003年建/板楼,https://ke-image.ljcdn.com/110000-inspection/50e87cc0-2f2d-4a36-896b-0a30182a1f42_1000.jpg!m_fill,w_120,h_80,f_jpg?from=ke.com 
20241105,朝阳,望京,101127405368,望京新城,595万,,3室1厅 高楼层/共26层 东南 西北 平层/精装 110.14平米 1997年建/塔楼,https://ke-image.ljcdn.com/110000-inspection/0723b772-9c73-46d0-89c3-2b10bbd24c4b_1000.jpg!m_fill,w_120,h_80,f_jpg?from=ke.com 
20241105,密云,古北口镇,101127405409,龙湖长城源著2号院,76万,,1室1厅 中楼层/共6层 南 平层/其他 53.64平米 2013年建/板楼,https://s1.ljcdn.com/pegasus/redskull/images/common/default_house_detail.png?_v=202411041520163 
20241105,昌平,东关,101127404429,北京怡园,215万,,1室1厅 顶层/共16层 南 平层/其他 58.17平米 2016年建/板楼,https://ke-image.ljcdn.com/110000-inspection/abd6cbfe-e7c6-4169-a221-eedab9b51336_1000.jpg!m_fill,w_120,h_80,f_jpg?from=ke.com 
20241105,通州,通州其它,101127406048,十里春风,150万,,2室2厅 中楼层/共27层 南 北 暂无数据/精装 80.05平米 2020年建/板塔结合,https://s1.ljcdn.com/pegasus/redskull/images/common/default_house_detail.png?_v=202411041520163 
20241105,房山,长阳,101127405092,碧波园,265万,,3室1厅 顶层/共6层 南 北 平层/其他 109.38平米 板楼,https://ke-image.ljcdn.com/110000-inspection/pc0_XD77CTkrB_1.jpg!m_fill,w_120,h_80,f_jpg?from=ke.com 
20241105,丰台,丰台其它,101127405687,中体奥林匹克花园三期,900万,,4室2厅 地下室/共3层 南 北 复式/精装 320.22平米 板楼,https://ke-image.ljcdn.com/110000-inspection/pc0_I5EQQ67HE_1.jpg!m_fill,w_120,h_80,f_jpg?from=ke.com 
20241105,海淀,紫竹桥,101127405471,车道沟东路4号院,570万,,2室1厅 中楼层/共6层 南 北 平层/精装 60.99平米 板楼,https://ke-image.ljcdn.com/110000-inspection/c181eb68-bc59-42ad-b567-fd99c5ccb3c2_1000.jpg!m_fill,w_120,h_80,f_jpg?from=ke.com 
20241105,朝阳,甜水园,101127405124,道家园,410万,,2室1厅 高楼层/共18层 东 南 暂无数据/简装 59.71平米 1993年建/塔楼,https://s1.ljcdn.com/pegasus/redskull/images/common/default_house_detail.png?_v=202411041520163 
20241105,丰台,科技园区,101127404622,中海御鑫阁,188万,,1室0厅 低楼层/共20层 西 平层/精装 41.35平米 2012年建/板楼,https://ke-image.ljcdn.com/110000-inspection/5b6dd75f-b061-4ddc-b264-77dffdfeb4f9_1000.jpg!m_fill,w_120,h_80,f_jpg?from=ke.com 
20241105,海淀,双榆树,101127405697,知春里,630万,,2室1厅 高楼层/共18层 南 平层/其他 61.6平米 1988年建/塔楼,https://ke-image.ljcdn.com/110000-inspection/pc1_9kd8iFmjb_1.jpg!m_fill,w_120,h_80,f_jpg?from=ke.com 
20241105,海淀,小西天,101127405653,明光村小区,698万,,3室1厅 中楼层/共18层 东南 暂无数据/简装 79.9平米 1996年建/塔楼,https://s1.ljcdn.com/pegasus/redskull/images/common/default_house_detail.png?_v=202411041520163 
20241105,密云,鼓楼街道,101127405927,行宫南区,166万,,3室1厅 底层/共6层 南 北 平层/其他 93.94平米 板楼,https://ke-image.ljcdn.com/110000-inspection/pc1_JNAnU9s1q_1.jpg!m_fill,w_120,h_80,f_jpg?from=ke.com 
20241105,顺义,马坡,101127405627,龙湖香醍溪岸北区,333万,,3室1厅 高楼层/共8层 南 北 平层/精装 127.83平米 2011年建/板楼,https://ke-image.ljcdn.com/110000-inspection/067bf60b-a5f7-4726-9880-fd9ff465cb4f_1000.jpg!m_fill,w_120,h_80,f_jpg?from=ke.com 
20241105,海淀,双榆树,101127406185,知春路82号院,650万,,2室1厅 顶层/共6层 南 北 平层/简装 54.3平米 1993年建/板楼,https://ke-image.ljcdn.com/110000-inspection/ca1f7291-060e-41f0-bcef-695d27e61bd4_1000.jpg!m_fill,w_120,h_80,f_jpg?from=ke.com 
20241105,海淀,五道口,101127405727,清华园铁路宿舍,658万,,2室1厅 低楼层/共6层 东北 平层/其他 56.16平米 塔楼,https://ke-image.ljcdn.com/110000-inspection/pc0_tjhIYG8Dk_1.jpg!m_fill,w_120,h_80,f_jpg?from=ke.com 
20241105,朝阳,垡头,101127404814,翠成馨园E区,350万,,2室1厅 高楼层/共28层 东南 暂无数据/其他 90.03平米 2009年建/塔楼,https://s1.ljcdn.com/pegasus/redskull/images/common/default_house_detail.png?_v=202411041520163 
20241105,东城,安定门,101127404781,安外大街3号院,450万,,1室1厅 顶层/共6层 南 平层/简装 42.67平米 板楼,https://ke-image.ljcdn.com/110000-inspection/6bb8fc11-1215-442c-ad7e-c31c7efb0abd_1000.jpg!m_fill,w_120,h_80,f_jpg?from=ke.com 
20241105,顺义,顺义城,101127406656,港馨家园西区,215万,,2室1厅 顶层/共5层 南 北 平层/简装 93.6平米 板楼,https://ke-image.ljcdn.com/110000-inspection/pc0_e9deWfNid_1.jpg!m_fill,w_120,h_80,f_jpg?from=ke.com 
20241105,房山,长阳,101127406033,万科新里程57号院,370万,,2室2厅 底层/共8层 南 北 暂无数据/简装 91.05平米 2013年建/板楼,https://s1.ljcdn.com/pegasus/redskull/images/common/default_house_detail.png?_v=202411041520163 
20241105,海淀,海淀北部新区,101127405676,海淀幸福里,838万,,3室2厅 低楼层/共15层 南 北 暂无数据/其他 99.66平米 板楼,https://s1.ljcdn.com/pegasus/redskull/images/common/default_house_detail.png?_v=202411041520163 
20241105,大兴,高米店,101127405958,金惠园三里,395万,,2室1厅 底层/共6层 南 北 平层/精装 87.41平米 板楼,https://ke-image.ljcdn.com/110000-inspection/b0f764c8-342c-4dfd-9b76-9f1abca97204_1000.jpg!m_fill,w_120,h_80,f_jpg?from=ke.com 
20241105,海淀,四季青,101127406081,京投银泰琨御府,1650万,,2室2厅 底层/共9层 南 北 平层/其他 100.59平米 板楼,https://ke-image.ljcdn.com/110000-inspection/pc0_jdQpaxBTA.jpg!m_fill,w_120,h_80,f_jpg?from=ke.com 
20241105,西城,六铺炕,101127405764,大井胡同,735万,,2室1厅 顶层/共6层 南 北 平层/精装 51.7平米 1989年建/板楼,https://ke-image.ljcdn.com/110000-inspection/e0a53f21-dade-4e77-9d14-03896f227517_1000.jpg!m_fill,w_120,h_80,f_jpg?from=ke.com 
20241105,房山,长阳,101127405796,天泰新景,245万,,3室1厅 中楼层/共6层 南 北 平层/其他 106.9平米 2003年建/板楼,https://ke-image.ljcdn.com/110000-inspection/pc0_B87ici0HK.jpg!m_fill,w_120,h_80,f_jpg?from=ke.com 
20241105,顺义,顺义城,101127406123,滨河小区,220万,,2室1厅 低楼层/共6层 南 北 平层/其他 75.64平米 1994年建/板楼,https://ke-image.ljcdn.com/110000-inspection/pc0_853wPtcEs_1.jpg!m_fill,w_120,h_80,f_jpg?from=ke.com 
20241105,东城,广渠门,101127405938,广渠家园,599万,,2室1厅 中楼层/共18层 东 西 平层/其他 62.34平米 板楼,https://ke-image.ljcdn.com/110000-inspection/7437c88e-83fe-4d91-aaa6-f6bf75e26703_1000.jpg!m_fill,w_120,h_80,f_jpg?from=ke.com 
20241105,房山,窦店,101127405310,田家园小区,135万,,3室1厅 低楼层/共6层 东 南 北 平层/其他 97.98平米 板楼,https://s1.ljcdn.com/pegasus/redskull/images/common/default_house_detail.png?_v=202411041520163 
20241105,朝阳,北工大,101127405954,磨房南里,280万,,2室1厅 中楼层/共6层 南 北 平层/简装 57.73平米 板楼,https://ke-image.ljcdn.com/110000-inspection/f6c2fc36-a879-42b2-8c09-9f20af340614_1000.jpg!m_fill,w_120,h_80,f_jpg?from=ke.com 
20241105,西城,天宁寺,101127406321,白菜湾社区,558万,,2室1厅 底层/共6层 南 北 平层/其他 54.02平米 板楼,https://ke-image.ljcdn.com/110000-inspection/pc1_euRn92QUO_1.jpg!m_fill,w_120,h_80,f_jpg?from=ke.com 
20241105,昌平,霍营,101127406331,华龙苑北里,428万,,2室1厅 底层/共7层 南 北 平层/简装 90.9平米 2005年建/板楼,https://s1.ljcdn.com/pegasus/redskull/images/common/default_house_detail.png?_v=202411041520163 
20241105,西城,车公庄,101127405518,朝阳庵,680万,,2室1厅 顶层/共4层 南 暂无数据/其他 61.6平米 板楼,https://s1.ljcdn.com/pegasus/redskull/images/common/default_house_detail.png?_v=202411041520163 
20241105,朝阳,潘家园,101127406789,华威西里,256万,,1室1厅 低楼层/共22层 南 平层/其他 47.55平米 塔楼,https://ke-image.ljcdn.com/110000-inspection/493d095d-e616-4d3b-b8d4-4912acfe7e03_1000.jpg!m_fill,w_120,h_80,f_jpg?from=ke.com 
20241105,房山,长阳,101127406967,加州水郡四期,220万,,2室1厅 中楼层/共14层 西南 平层/简装 89.21平米 2011年建/塔楼,https://s1.ljcdn.com/pegasus/redskull/images/common/default_house_detail.png?_v=202411041520163 
20241105,丰台,大红门,101127407107,建欣苑四里,368万,,2室1厅 高楼层/共6层 南 北 平层/精装 73.24平米 1998年建/板楼,https://ke-image.ljcdn.com/110000-inspection/7589bbcb-c193-468c-8892-a985da315682_1000.jpg!m_fill,w_120,h_80,f_jpg?from=ke.com 
20241105,朝阳,南沙滩,101127407139,南沙滩小区,305万,,2室1厅 高楼层/共6层 南 暂无数据/其他 55.39平米 板楼,https://s1.ljcdn.com/pegasus/redskull/images/common/default_house_detail.png?_v=202411041520163 
20241105,通州,果园,101127405790,果园西小区,358万,,2室2厅 中楼层/共7层 南 北 平层/精装 101.61平米 板楼,https://ke-image.ljcdn.com/110000-inspection/c782594a-7897-4b67-a7ea-d7cf617860eb_1000.jpg!m_fill,w_120,h_80,f_jpg?from=ke.com 
20241105,大兴,观音寺,101127406827,海悦公馆,229万,,2室1厅 高楼层/共24层 西南 平层/精装 78.21平米 板塔结合,https://ke-image.ljcdn.com/110000-inspection/00e6521d-abd6-432b-b3a7-235b9ce5fb44_1000.jpg!m_fill,w_120,h_80,f_jpg?from=ke.com 
20241105,西城,陶然亭,101127406961,畅柳园,750万,,2室1厅 高楼层/共14层 东 平层/简装 72.46平米 2004年建/板塔结合,https://ke-image.ljcdn.com/110000-inspection/pc1_7LuXdnui7_2.jpg!m_fill,w_120,h_80,f_jpg?from=ke.com 
20241105,海淀,公主坟,101127407151,普惠北里,418万,,1室1厅 高楼层/共7层 南 平层/精装 46.7平米 1991年建/板楼,https://ke-image.ljcdn.com/110000-inspection/pc0_ABij3CbTE.jpg!m_fill,w_120,h_80,f_jpg?from=ke.com 
20241105,东城,永定门,101127407269,管村26号院,470万,,2室1厅 高楼层/共6层 南 北 平层/精装 69.03平米 板楼,https://ke-image.ljcdn.com/110000-inspection/pc1_NGbJOKTbo_2.jpg!m_fill,w_120,h_80,f_jpg?from=ke.com 
20241105,房山,长阳,101127407415,康泽佳苑南区,115万,,1室1厅 高楼层/共28层 东南 暂无数据/精装 42.31平米 2014年建/塔楼,https://s1.ljcdn.com/pegasus/redskull/images/common/default_house_detail.png?_v=202411041520163 
20241105,大兴,高米店,101127407464,顺驰领海,560万,,3室1厅 高楼层/共15层 南 北 复式/精装 89.21平米 2007年建/板楼,https://s1.ljcdn.com/pegasus/redskull/images/common/default_house_detail.png?_v=202411041520163 
20241105,大兴,大兴其它,101127407626,颂善园,125万,,1室1厅 中楼层/共21层 南 平层/其他 55.88平米 板楼,https://s1.ljcdn.com/pegasus/redskull/images/common/default_house_detail.png?_v=202411041520163 
20241105,通州,潞苑,101127407343,澜花语岸,270万,,2室1厅 顶层/共6层 南 北 平层/简装 95.7平米 2003年建/板楼,https://ke-image.ljcdn.com/110000-inspection/a437173c-ffff-47ac-aa43-595056f92abe_1000.jpg!m_fill,w_120,h_80,f_jpg?from=ke.com 
20241105,朝阳,亚运村小营,101127407222,安慧东里,305万,,1室1厅 中楼层/共7层 南 平层/其他 42.4平米 1994年建/板楼,https://s1.ljcdn.com/pegasus/redskull/images/common/default_house_detail.png?_v=202411041520163 
20241105,石景山,苹果园,101127407243,金顶阳光,455万,,2室1厅 中楼层/共11层 南 平层/精装 90.37平米 板楼,https://ke-image.ljcdn.com/110000-inspection/pc0_sBXrF6OJe_1.jpg!m_fill,w_120,h_80,f_jpg?from=ke.com 
20241105,通州,通州其它,101127406350,珠江四季悦城,118万,,1室1厅 中楼层/共12层 北 复式/精装 64.51平米 板楼,https://s1.ljcdn.com/pegasus/redskull/images/common/default_house_detail.png?_v=202411041520163 
20241105,东城,永定门,101127408144,百荣嘉园,370万,,1室1厅 中楼层/共21层 东 暂无数据/简装 47.21平米 2016年建/板塔结合,https://s1.ljcdn.com/pegasus/redskull/images/common/default_house_detail.png?_v=202411041520163 
20241105,大兴,大兴新机场洋房别墅区,101127408073,育新花园北里,120万,,2室1厅 低楼层/共16层 南 暂无数据/简装 73.64平米 板楼,https://s1.ljcdn.com/pegasus/redskull/images/common/default_house_detail.png?_v=202411041520163 
20241105,丰台,西罗园,101127407557,西罗园三区,400万,,2室1厅 低楼层/共24层 东南 平层/简装 73.34平米 塔楼,https://ke-image.ljcdn.com/110000-inspection/6ba4268b-e3c9-4230-a686-85664a66a7de_1000.jpg!m_fill,w_120,h_80,f_jpg?from=ke.com 
20241105,丰台,木樨园,101127407560,慧时欣园一期,389万,,2室1厅 底层/共25层 西南 平层/精装 88.55平米 2001年建/塔楼,https://ke-image.ljcdn.com/110000-inspection/d4e86765-864e-4512-bc03-6521e75f894f_1000.jpg!m_fill,w_120,h_80,f_jpg?from=ke.com 
20241105,丰台,丰台其它,101127407731,长馨园,198万,,2室1厅 高楼层/共15层 南 暂无数据/其他 69.55平米 板塔结合,https://s1.ljcdn.com/pegasus/redskull/images/common/default_house_detail.png?_v=202411041520163 
20241105,顺义,马坡,101127407090,马坡花园一区,249万,,2室2厅 低楼层/共6层 南 北 平层/精装 90.83平米 2001年建/板楼,https://ke-image.ljcdn.com/110000-inspection/a3ee8261-d4d8-4742-bea1-9546b57fa9b1_1000.jpg!m_fill,w_120,h_80,f_jpg?from=ke.com 
20241105,房山,良乡,101127407188,首创紫悦台,330万,,2室1厅 顶层/共16层 北 南 平层/精装 83.69平米 2017年建/板楼,https://ke-image.ljcdn.com/110000-inspection/pc0_XvgazAz9F_1.jpg!m_fill,w_120,h_80,f_jpg?from=ke.com 
20241105,房山,良乡,101127408137,北潞春家园,280万,,3室1厅 高楼层/共7层 南 北 平层/精装 131平米 2000年建/板楼,https://ke-image.ljcdn.com/110000-inspection/pc0_7lENPmKqW.jpg!m_fill,w_120,h_80,f_jpg?from=ke.com 
20241105,朝阳,奥林匹克公园,101127407704,世纪龙祥嘉园,460万,,3室1厅 底层/共11层 南 北 平层/其他 93.75平米 2003年建/板楼,https://ke-image.ljcdn.com/110000-inspection/pc0_xHulPHC6f_1.jpg!m_fill,w_120,h_80,f_jpg?from=ke.com 
20241105,大兴,天宫院,101127407252,鑫苑鑫都汇,435万,,3室1厅 中楼层/共26层 南 北 平层/精装 97.12平米 板塔结合,https://ke-image.ljcdn.com/110000-inspection/pc1_nYXolYSRJ_2.jpg!m_fill,w_120,h_80,f_jpg?from=ke.com 
20241105,西城,广安门,101127407955,远见名苑,412万,,1室0厅 高楼层/共24层 西 平层/简装 57.75平米 2004年建/板塔结合,https://ke-image.ljcdn.com/110000-inspection/pc1_ZTIljbPF6_1.jpg!m_fill,w_120,h_80,f_jpg?from=ke.com 
20241105,朝阳,潘家园,101127408138,百环花园,530万,,2室1厅 低楼层/共28层 西南 平层/精装 118.33平米 2001年建/塔楼,https://ke-image.ljcdn.com/110000-inspection/276db81c-867f-400e-bc74-f5c54d6c018f_1000.jpg!m_fill,w_120,h_80,f_jpg?from=ke.com 
20241105,通州,九棵树(家乐福),101127407516,龙湖花盛香醍,1866万,,5室2厅 顶层/共8层 南 北 复式/其他 352.86平米 板楼,https://ke-image.ljcdn.com/110000-inspection/b996fd10-a1f6-41cd-bc26-801f1bc75c10_1000.jpg!m_fill,w_120,h_80,f_jpg?from=ke.com 
20241105,西城,月坛,101127407848,三里河北街2号院,820万,,2室1厅 高楼层/共6层 南 北 平层/其他 47.6平米 1973年建/板楼,https://ke-image.ljcdn.com/110000-inspection/ac00f035-d19a-409d-a105-af5bfecccf82_1000.jpg!m_fill,w_120,h_80,f_jpg?from=ke.com 
20241105,大兴,枣园,101127407686,彩虹新城,410万,,2室1厅 高楼层/共18层 南 北 平层/简装 89.01平米 2008年建/板楼,https://ke-image.ljcdn.com/110000-inspection/390a225d-d7be-4130-b2fc-93b388f7b2a1_1000.jpg!m_fill,w_120,h_80,f_jpg?from=ke.com 
20241105,密云,鼓楼街道,101127408279,檀州家园西区,165万,,2室2厅 低楼层/共6层 南 北 平层/其他 97.85平米 板楼,https://ke-image.ljcdn.com/110000-inspection/5fbae74a-2df5-465b-b76b-575e2d3e21b2_1000.jpg!m_fill,w_120,h_80,f_jpg?from=ke.com 
20241105,海淀,小西天,101127407508,远洋风景,2080万,,3室2厅 高楼层/共14层 南 西 北 平层/简装 172.44平米 板楼,https://ke-image.ljcdn.com/110000-inspection/pc0_JRc6xAeEp.jpg!m_fill,w_120,h_80,f_jpg?from=ke.com 
20241105,朝阳,劲松,101127408266,农光东里,426万,,3室1厅 顶层/共6层 东 西 南 平层/其他 85.14平米 板楼,https://ke-image.ljcdn.com/110000-inspection/31594919-aee9-4a4b-9bd2-16277b5078b6_1000.jpg!m_fill,w_120,h_80,f_jpg?from=ke.com 
20241105,顺义,顺义其它,101127407101,首创悦树湾,100万,,1室1厅 顶层/共10层 南 平层/其他 65.55平米 2017年建/板塔结合,https://ke-image.ljcdn.com/110000-inspection/7499667d-6231-4b8c-9152-3f7d92277d8e_1000.jpg!m_fill,w_120,h_80,f_jpg?from=ke.com 
20241105,朝阳,马甸,101127407554,裕民东里,510万,,3室1厅 顶层/共6层 南 北 平层/简装 68.27平米 板楼,https://s1.ljcdn.com/pegasus/redskull/images/common/default_house_detail.png?_v=202411041520163 
20241105,房山,窦店,101127408282,田家园小区,140万,,2室1厅 低楼层/共6层 南 北 平层/精装 88.02平米 2008年建/板楼,https://s1.ljcdn.com/pegasus/redskull/images/common/default_house_detail.png?_v=202411041520163 
20241105,丰台,草桥,101127408864,南珠苑,278万,,1室1厅 高楼层/共22层 西 平层/精装 56.14平米 2004年建/塔楼,https://ke-image.ljcdn.com/110000-inspection/pc1_LlYAnPjnJ_1.jpg!m_fill,w_120,h_80,f_jpg?from=ke.com 
20241105,丰台,马家堡,101127408307,晨新园,480万,,2室2厅 低楼层/共6层 东 南 西 平层/精装 78.24平米 板楼,https://ke-image.ljcdn.com/110000-inspection/pc1_LbPeolVaM_2.jpg!m_fill,w_120,h_80,f_jpg?from=ke.com 
20241105,顺义,顺义城,101127407182,仓上小区,159万,,1室1厅 中楼层/共6层 南 北 平层/简装 61平米 1992年建/板楼,https://ke-image.ljcdn.com/110000-inspection/2a372757-4134-4a63-aa84-c0d7fd8f95e9_1000.jpg!m_fill,w_120,h_80,f_jpg?from=ke.com 
20241105,丰台,青塔,101127408346,青塔南里,252万,,2室1厅 高楼层/共28层 东 西 平层/其他 68.95平米 2013年建/板塔结合,https://ke-image.ljcdn.com/110000-inspection/pc0_WJSLbJEAG.jpg!m_fill,w_120,h_80,f_jpg?from=ke.com 
20241105,海淀,知春路,101127408187,蓟门南里,429万,,2室0厅 底层/共6层 南 平层/其他 54.5平米 板楼,https://ke-image.ljcdn.com/110000-inspection/ba549359-b834-4d83-ada2-e6f41bebe46b_1000.jpg!m_fill,w_120,h_80,f_jpg?from=ke.com 
20241105,房山,长阳,101127407214,西悦欣居,245万,,2室1厅 高楼层/共18层 南 平层/其他 88.68平米 2012年建/板塔结合,https://ke-image.ljcdn.com/110000-inspection/pc0_ir7QdrGRd_1.jpg!m_fill,w_120,h_80,f_jpg?from=ke.com 
20241105,顺义,顺义城,101127407974,龙府花园,279万,,2室1厅 低楼层/共6层 南 北 平层/其他 77.78平米 板楼,https://ke-image.ljcdn.com/110000-inspection/2e881fa4-4fde-4b7a-99ae-fa3c1a42b65c_1000.jpg!m_fill,w_120,h_80,f_jpg?from=ke.com 
20241105,顺义,顺义其它,101127407826,首创悦树湾,160万,,2室1厅 中楼层/共11层 南 北 平层/其他 88.73平米 2017年建/板塔结合,https://ke-image.ljcdn.com/110000-inspection/f110920b-f206-4d28-8541-a0ce9109631b_1000.jpg!m_fill,w_120,h_80,f_jpg?from=ke.com 
20241105,海淀,马连洼,101127407230,梅园,678万,,3室1厅 低楼层/共6层 南 北 平层/简装 85.2平米 板楼,https://s1.ljcdn.com/pegasus/redskull/images/common/default_house_detail.png?_v=202411041520163 
20241105,大兴,黄村中,101127407437,兴政西里,500万,,3室2厅 中楼层/共5层 南 北 平层/其他 133.31平米 板楼,https://ke-image.ljcdn.com/110000-inspection/5d06cc8e-978f-43e6-950f-ef480a7deaa8_1000.jpg!m_fill,w_120,h_80,f_jpg?from=ke.com 
20241105,西城,阜成门,101127408389,物华大厦,850万,,2室2厅 高楼层/共25层 西 平层/简装 110.2平米 2000年建/塔楼,https://ke-image.ljcdn.com/110000-inspection/d6814bd4-c55e-412f-8d0b-5f4c6477b7ab_1000.jpg!m_fill,w_120,h_80,f_jpg?from=ke.com 
20241105,朝阳,首都机场,101127408607,北平里,190万,,2室1厅 顶层/共6层 南 北 平层/其他 61.25平米 板楼,https://s1.ljcdn.com/pegasus/redskull/images/common/default_house_detail.png?_v=202411041520163 
20241105,朝阳,望京,101127409216,望京新城,400万,,1室1厅 中楼层/共30层 西南 平层/精装 73.22平米 1998年建/塔楼,https://ke-image.ljcdn.com/110000-inspection/pc0_nd0B98qkp_1.jpg!m_fill,w_120,h_80,f_jpg?from=ke.com 
20241105,通州,潞苑,101127408887,通瑞嘉苑西区,245万,,2室1厅 高楼层/共17层 西 平层/其他 70.69平米 2016年建/板塔结合,https://ke-image.ljcdn.com/110000-inspection/21d0fcb7-196d-4e6a-82e4-afc3d004219d_1000.jpg!m_fill,w_120,h_80,f_jpg?from=ke.com 
20241105,通州,北关,101127407517,运河铭著,385万,,2室1厅 高楼层/共18层 南 平层/精装 100.3平米 2017年建/板楼,https://ke-image.ljcdn.com/110000-inspection/b02eb678-e9af-4cd1-8495-5edf50a95765_1000.jpg!m_fill,w_120,h_80,f_jpg?from=ke.com 
20241105,昌平,南口,101127408443,南厂住宅西区,135万,,2室1厅 顶层/共4层 南 北 平层/简装 56.5平米 板楼,https://ke-image.ljcdn.com/110000-inspection/533165eb-cf97-4a35-9dbd-f55c79fd2423_1000.jpg!m_fill,w_120,h_80,f_jpg?from=ke.com 
20241105,通州,潞苑,101127408552,通瑞嘉苑西区,316万,,3室1厅 低楼层/共28层 南 西 北 平层/简装 90.71平米 2016年建/板塔结合,https://ke-image.ljcdn.com/110000-inspection/1471da58-1b59-4987-9497-376153ba1ade_1000.jpg!m_fill,w_120,h_80,f_jpg?from=ke.com 
20241105,通州,北关,101127408485,通惠小区,225万,,3室1厅 顶层/共6层 东 南 北 平层/简装 74.77平米 板楼,https://ke-image.ljcdn.com/110000-inspection/70785c5e-b9cb-4f7e-a3f1-7af90bc05af7_1000.jpg!m_fill,w_120,h_80,f_jpg?from=ke.com 
20241105,房山,良乡,101127408833,佳世苑小区,270万,,3室1厅 中楼层/共5层 南 北 暂无数据/精装 130.77平米 2005年建/板楼,https://s1.ljcdn.com/pegasus/redskull/images/common/default_house_detail.png?_v=202411041520163 
20241105,大兴,黄村火车站,101127409360,义和庄北里,245万,,2室1厅 中楼层/共6层 南 北 平层/简装 80.37平米 板楼,https://ke-image.ljcdn.com/110000-inspection/bd5538f7-fae2-4c1d-8c5b-a73ff06529ac_1000.jpg!m_fill,w_120,h_80,f_jpg?from=ke.com 
20241105,朝阳,豆各庄,101127408260,富力又一城C区,816万,,3室1厅 低楼层/共18层 南 北 平层/精装 153.63平米 2010年建/板楼,https://s1.ljcdn.com/pegasus/redskull/images/common/default_house_detail.png?_v=202411041520163 
20241105,通州,万达,101127408406,水月院,299万,,2室1厅 中楼层/共6层 南 北 平层/简装 95.06平米 板楼,https://ke-image.ljcdn.com/110000-inspection/640076c7-646b-4280-9ff6-c95c08c14d85_1000.jpg!m_fill,w_120,h_80,f_jpg?from=ke.com 
20241105,朝阳,和平里,101127408364,和平街十三区,418万,,3室1厅 顶层/共6层 南 西 东 平层/精装 63.3平米 1976年建/板楼,https://s1.ljcdn.com/pegasus/redskull/images/common/default_house_detail.png?_v=202411041520163 
20241105,大兴,西红门,101127408194,宏福园,256万,,2室1厅 中楼层/共6层 南 东北 平层/其他 80.65平米 塔楼,https://ke-image.ljcdn.com/110000-inspection/d6f6db88-7bce-46fa-938f-dd11dc0cfefb_1000.jpg!m_fill,w_120,h_80,f_jpg?from=ke.com 
20241105,昌平,西关环岛,101127409408,郝庄家园,220万,,2室2厅 中楼层/共6层 南 北 平层/简装 83.52平米 板楼,https://ke-image.ljcdn.com/110000-inspection/8a60ae0c-0f80-4f85-be27-a669fd65c330_1000.jpg!m_fill,w_120,h_80,f_jpg?from=ke.com 
20241105,丰台,蒲黄榆,101127408308,蒲黄榆四里,415万,,3室1厅 底层/共6层 东南 平层/其他 73.8平米 1992年建/板楼,https://ke-image.ljcdn.com/110000-inspection/53c0d116-f3e7-4403-a3a9-f26f868292fd_1000.jpg!m_fill,w_120,h_80,f_jpg?from=ke.com 
20241105,朝阳,芍药居,101127408380,芍药居2号院,739万,,3室2厅 高楼层/共7层 南 北 复式/简装 106.54平米 板楼,https://ke-image.ljcdn.com/110000-inspection/apc_MfKGAaW0B.jpg!m_fill,w_120,h_80,f_jpg?from=ke.com 
20241105,海淀,公主坟,101127409098,翠微东里,520万,,2室1厅 低楼层/共18层 南 暂无数据/其他 57.1平米 1986年建/塔楼,https://s1.ljcdn.com/pegasus/redskull/images/common/default_house_detail.png?_v=202411041520163 
20241105,房山,长阳,101127409191,长阳半岛怡和南路10号院,429万,,3室1厅 高楼层/共11层 南 北 平层/精装 102.58平米 2015年建/板楼,https://ke-image.ljcdn.com/110000-inspection/pc0_4dMmKaKo1_1.jpg!m_fill,w_120,h_80,f_jpg?from=ke.com 
20241105,大兴,天宫院,101127407773,鑫苑鑫都汇,435万,,3室1厅 低楼层/共26层 南 北 暂无数据/精装 97.12平米 2015年建/板塔结合,https://s1.ljcdn.com/pegasus/redskull/images/common/default_house_detail.png?_v=202411041520163 
20241105,通州,九棵树(家乐福),101127408502,翠屏里,220万,,1室1厅 低楼层/共7层 南 北 平层/精装 53.1平米 1999年建/板楼,https://s1.ljcdn.com/pegasus/redskull/images/common/default_house_detail.png?_v=202411041520163 
20241105,通州,万达,101127408693,富力金禧花园,620万,,2室1厅 低楼层/共27层 东南 平层/精装 90.06平米 2015年建/板塔结合,https://ke-image.ljcdn.com/110000-inspection/1dde7cdf-2bde-4c5f-99d6-71f6a647c834_1000.jpg!m_fill,w_120,h_80,f_jpg?from=ke.com 
20241105,顺义,顺义城,101127409203,澜西园四区,158万,,1室1厅 中楼层/共11层 南 北 平层/简装 56.69平米 2013年建/板楼,https://ke-image.ljcdn.com/110000-inspection/a2904606-5955-4fec-9ecc-71ae3b31580f_1000.jpg!m_fill,w_120,h_80,f_jpg?from=ke.com 
20241105,密云,鼓楼街道,101127409632,骊景家园,185万,,3室2厅 顶层/共6层 南 北 平层/精装 134.18平米 板楼,https://ke-image.ljcdn.com/110000-inspection/5aa23e83-8f27-4d39-bf3b-b21469e193ba_1000.jpg!m_fill,w_120,h_80,f_jpg?from=ke.com 
20241105,石景山,苹果园,101127408805,西黄新村北里,560万,,3室2厅 底层/共23层 东南 平层/其他 111.89平米 2003年建/塔楼,https://s1.ljcdn.com/pegasus/redskull/images/common/default_house_detail.png?_v=202411041520163 
20241105,西城,白纸坊,101127408604,建功南里,445万,,1室1厅 中楼层/共16层 南 平层/简装 57.62平米 塔楼,https://ke-image.ljcdn.com/110000-inspection/26b1a928-fc12-4451-b7a2-8eaadc0e8217_1000.jpg!m_fill,w_120,h_80,f_jpg?from=ke.com 
20241105,丰台,丰台其它,101127408402,崔村一里,120万,,2室1厅 中楼层/共5层 南 暂无数据/其他 51.1平米 1980年建/板楼,https://s1.ljcdn.com/pegasus/redskull/images/common/default_house_detail.png?_v=202411041520163 
20241105,海淀,牡丹园,101127409689,戛纳35号院,930万,,2室1厅 高楼层/共14层 西北 暂无数据/精装 98.74平米 板塔结合,https://s1.ljcdn.com/pegasus/redskull/images/common/default_house_detail.png?_v=202411041520163 
20241105,大兴,枣园,101127407950,清源西里,255万,,2室1厅 中楼层/共6层 南 北 平层/精装 62.9平米 板楼,https://ke-image.ljcdn.com/110000-inspection/06313cfd-a541-494c-8d6b-0e0dfdf31e78_1000.jpg!m_fill,w_120,h_80,f_jpg?from=ke.com 
20241105,丰台,看丹桥,101127408418,看丹苑,638万,,3室1厅 中楼层/共16层 南 北 暂无数据/简装 131.74平米 2003年建/塔楼,https://s1.ljcdn.com/pegasus/redskull/images/common/default_house_detail.png?_v=202411041520163 
20241105,顺义,顺义城,101127408077,双兴北区,316万,,3室1厅 高楼层/共6层 南 北 平层/其他 111.36平米 1995年建/板楼,https://ke-image.ljcdn.com/110000-inspection/pc0_HbnGAz5lb.jpg!m_fill,w_120,h_80,f_jpg?from=ke.com 
20241105,朝阳,豆各庄,101127409952,扬州水乡,410万,,3室2厅 中楼层/共4层 南 北 平层/精装 107.3平米 板楼,https://s1.ljcdn.com/pegasus/redskull/images/common/default_house_detail.png?_v=202411041520163 
20241105,通州,北关,101127409125,财富东方,299万,,2室1厅 高楼层/共26层 东北 平层/简装 93.02平米 2007年建/塔楼,https://ke-image.ljcdn.com/110000-inspection/0ff5855c-7149-419d-bdec-6f03c78862b1_1000.jpg!m_fill,w_120,h_80,f_jpg?from=ke.com 
20241105,通州,玉桥,101127408366,幸福艺居,360万,,3室1厅 顶层/共6层 南 北 平层/精装 105.88平米 板楼,https://ke-image.ljcdn.com/110000-inspection/pc0_JbekQxAhf.jpg!m_fill,w_120,h_80,f_jpg?from=ke.com 
20241105,通州,北关,101127409635,8哩岛,1100万,,4室2厅 中楼层/共5层 南 北 暂无数据/精装 255.58平米 板楼,https://s1.ljcdn.com/pegasus/redskull/images/common/default_house_detail.png?_v=202411041520163 
20241105,海淀,小西天,101127409158,红联村,430万,,2室1厅 顶层/共6层 南 北 平层/其他 55.4平米 板楼,https://ke-image.ljcdn.com/110000-inspection/9c75ca75-496c-47d2-9bfc-a54a56d168b0_1000.jpg!m_fill,w_120,h_80,f_jpg?from=ke.com 
20241105,丰台,草桥,101127410073,玺萌公馆,950万,,2室2厅 低楼层/共6层 南 北 平层/简装 118.44平米 板楼,https://ke-image.ljcdn.com/110000-inspection/pc0_LPHmqlIdt_1.jpg!m_fill,w_120,h_80,f_jpg?from=ke.com 
20241105,通州,潞苑,101127409221,华龙小区,220万,,2室1厅 中楼层/共6层 南 北 平层/精装 60.7平米 2001年建/板楼,https://s1.ljcdn.com/pegasus/redskull/images/common/default_house_detail.png?_v=202411041520163 
20241105,丰台,洋桥,101127408349,马家堡路33号院,280万,,2室1厅 顶层/共6层 南 北 平层/简装 62.4平米 板楼,https://ke-image.ljcdn.com/110000-inspection/956c148d-91d3-4174-825d-631e1067bb57_1000.jpg!m_fill,w_120,h_80,f_jpg?from=ke.com 
20241105,丰台,玉泉营,101127409484,育菲园东里,460万,,3室2厅 中楼层/共6层 南 北 平层/简装 94.67平米 板楼,https://ke-image.ljcdn.com/110000-inspection/a57fc600-12f6-449a-9ecc-fef27cb6fd0c_1000.jpg!m_fill,w_120,h_80,f_jpg?from=ke.com 
20241105,海淀,军博,101127409937,电信小区,398万,,2室1厅 顶层/共6层 南 北 平层/简装 50.4平米 板楼,https://ke-image.ljcdn.com/110000-inspection/pc0_PXgFaNZGd.jpg!m_fill,w_120,h_80,f_jpg?from=ke.com 
20241105,顺义,顺义城,101127409848,西辛南区,289万,,3室1厅 底层/共6层 南 北 平层/精装 92.53平米 板楼,https://ke-image.ljcdn.com/110000-inspection/257ecf1a-f3de-4ab8-ae12-ab4306e7e1cf_1000.jpg!m_fill,w_120,h_80,f_jpg?from=ke.com 
20241105,海淀,小西天,101127410361,西直门北大街43号院,219万,,2室1厅 地下室/共6层 东 西 平层/其他 51.19平米 板楼,https://ke-image.ljcdn.com/110000-inspection/pc0_f91OQBEZW.jpg!m_fill,w_120,h_80,f_jpg?from=ke.com 
20241105,朝阳,朝阳其它,101127409963,将府锦苑,560万,,3室1厅 高楼层/共28层 南 北 暂无数据/简装 125.64平米 板楼,https://s1.ljcdn.com/pegasus/redskull/images/common/default_house_detail.png?_v=202411041520163 
20241105,西城,月坛,101127410127,南礼士路三条南里,849万,,2室1厅 中楼层/共11层 南 平层/精装 59.58平米 2008年建/板塔结合,https://ke-image.ljcdn.com/110000-inspection/dfbd58a4-ab30-4e32-b4f5-ecac5a230c71_1000.jpg!m_fill,w_120,h_80,f_jpg?from=ke.com 
20241105,密云,鼓楼街道,101127409612,檀营国际生态城北区,160万,,2室1厅 低楼层/共21层 南 平层/其他 92.95平米 2012年建/板楼,https://s1.ljcdn.com/pegasus/redskull/images/common/default_house_detail.png?_v=202411041520163 
20241105,朝阳,石佛营,101127409644,晨光家园B区,968万,,3室1厅 顶层/共18层 南 北 平层/精装 135.04平米 2008年建/板楼,https://s1.ljcdn.com/pegasus/redskull/images/common/default_house_detail.png?_v=202411041520163 
20241105,朝阳,常营,101127409620,柏林爱乐二期,379万,,2室1厅 低楼层/共19层 东北 平层/简装 83.98平米 塔楼,https://s1.ljcdn.com/pegasus/redskull/images/common/default_house_detail.png?_v=202411041520163 
20241105,石景山,鲁谷,101127409813,六合园,460万,,3室1厅 中楼层/共22层 东南 北 平层/精装 91.62平米 1996年建/塔楼,https://ke-image.ljcdn.com/110000-inspection/pc0_IRSqBEZFj.jpg!m_fill,w_120,h_80,f_jpg?from=ke.com 
20241105,海淀,定慧寺,101127408973,安装宿舍,315万,,1室1厅 低楼层/共16层 南 平层/其他 43.2平米 1989年建/塔楼,https://ke-image.ljcdn.com/110000-inspection/pc0_2kVkCydMD_1.jpg!m_fill,w_120,h_80,f_jpg?from=ke.com 
20241105,朝阳,东大桥,101127410633,新城国际,1330万,,2室1厅 高楼层/共30层 西 平层/精装 127.96平米 2008年建/塔楼,https://s1.ljcdn.com/pegasus/redskull/images/common/default_house_detail.png?_v=202411041520163 
20241105,朝阳,芍药居,101127409684,高原街4号院,425万,,2室1厅 中楼层/共6层 南 北 平层/简装 59.66平米 1990年建/板楼,https://ke-image.ljcdn.com/110000-inspection/pc0_50RuGOVeC.jpg!m_fill,w_120,h_80,f_jpg?from=ke.com 
20241105,西城,天宁寺,101127409909,贵都国际,498万,,1室1厅 高楼层/共20层 东 暂无数据/其他 115.89平米 2007年建/塔楼,https://s1.ljcdn.com/pegasus/redskull/images/common/default_house_detail.png?_v=202411041520163 
20241105,东城,广渠门,101127409925,东环居苑,510万,,1室1厅 低楼层/共18层 西南 平层/其他 62.35平米 2004年建/塔楼,https://ke-image.ljcdn.com/110000-inspection/3ea43bae-2162-4142-a6d4-f375a4a1f8f6_1000.jpg!m_fill,w_120,h_80,f_jpg?from=ke.com 
20241105,海淀,魏公村,101127409958,航天五院小区,2300万,,4室2厅 高楼层/共24层 东南 暂无数据/精装 171.24平米 2004年建/塔楼,https://s1.ljcdn.com/pegasus/redskull/images/common/default_house_detail.png?_v=202411041520163 
20241105,西城,马甸,101127410497,裕中西里,1050万,,3室1厅 中楼层/共6层 南 北 平层/精装 77.1平米 1989年建/塔楼,https://s1.ljcdn.com/pegasus/redskull/images/common/default_house_detail.png?_v=202411041520163 
20241105,朝阳,北苑,101127409358,环科院,349万,,2室1厅 中楼层/共6层 南 北 平层/精装 69.65平米 板楼,https://ke-image.ljcdn.com/110000-inspection/295d3dbf-e4fe-4fe2-b0b3-11291bcd50d7_1000.jpg!m_fill,w_120,h_80,f_jpg?from=ke.com 
20241105,丰台,洋桥,101127410857,南三环中路71号院,400万,,2室1厅 高楼层/共17层 南 平层/精装 77.24平米 塔楼,https://s1.ljcdn.com/pegasus/redskull/images/common/default_house_detail.png?_v=202411041520163 
20241105,房山,城关,101127410475,城关南里社区,80万,,1室1厅 中楼层/共5层 南 北 暂无数据/其他 53.66平米 暂无数据,https://s1.ljcdn.com/pegasus/redskull/images/common/default_house_detail.png?_v=202411041520163 
20241105,朝阳,亚运村小营,101127410408,育慧里二区,310万,,1室1厅 中楼层/共6层 南 暂无数据/精装 40.42平米 板楼,https://s1.ljcdn.com/pegasus/redskull/images/common/default_house_detail.png?_v=202411041520163 
20241105,亦庄开发区,亦庄,101127411264,贵园南里甲区,420万,,3室2厅 顶层/共5层 南 北 平层/其他 100.21平米 板楼,https://s1.ljcdn.com/pegasus/redskull/images/common/default_house_detail.png?_v=202411041520163 
20241105,丰台,科技园区,101127410053,怡海花园富泽园,525万,,2室1厅 低楼层/共30层 东南 北 平层/简装 105.2平米 2001年建/塔楼,https://ke-image.ljcdn.com/110000-inspection/ccd1cf9c-e4ca-47e5-8ed5-b2c48dee6131_1000.jpg!m_fill,w_120,h_80,f_jpg?from=ke.com 
20241105,顺义,顺义其它,101127410794,润景园,239万,,3室1厅 低楼层/共11层 南 北 暂无数据/精装 119.57平米 板塔结合,https://s1.ljcdn.com/pegasus/redskull/images/common/default_house_detail.png?_v=202411041520163 
20241105,丰台,方庄,101127410456,芳城东里,438万,,2室1厅 中楼层/共7层 南 北 平层/精装 69.4平米 板楼,https://ke-image.ljcdn.com/110000-inspection/331c469c-2917-40da-aba0-9d1b69c517f0_1000.jpg!m_fill,w_120,h_80,f_jpg?from=ke.com 
20241105,通州,临河里,101127410118,华业东方玫瑰D区,420万,,2室1厅 高楼层/共27层 南 北 平层/其他 89.4平米 板塔结合,https://ke-image.ljcdn.com/110000-inspection/3faf490e-a704-42be-bee5-ec748fea60e2_1000.jpg!m_fill,w_120,h_80,f_jpg?from=ke.com 
20241105,朝阳,北苑,101127410851,北苑家园茉藜园,535万,,2室1厅 低楼层/共25层 东南 暂无数据/其他 112.39平米 2003年建/塔楼,https://s1.ljcdn.com/pegasus/redskull/images/common/default_house_detail.png?_v=202411041520163 
20241105,亦庄开发区,亦庄,101127409501,星岛假日,595万,,2室1厅 中楼层/共5层 南 北 平层/精装 105.94平米 板楼,https://ke-image.ljcdn.com/110000-inspection/pc1_i0rTJxpnl.jpg!m_fill,w_120,h_80,f_jpg?from=ke.com 
20241105,东城,永定门,101127411440,望坛新苑,967万,,3室1厅 中楼层/共11层 东 南 西 平层/精装 103.98平米 板楼,https://ke-image.ljcdn.com/110000-inspection/dd7fa7da-b17b-4208-9dc5-f84ef71db74e_1000.jpg!m_fill,w_120,h_80,f_jpg?from=ke.com 
20241105,石景山,鲁谷,101127410245,远洋山水,345万,,1室1厅 高楼层/共26层 南 北 平层/其他 56.71平米 2006年建/板塔结合,https://ke-image.ljcdn.com/110000-inspection/7d18cda4-ddc7-41d3-81dc-d938264fdcb0_1000.jpg!m_fill,w_120,h_80,f_jpg?from=ke.com 
20241105,昌平,霍营,101127410178,龙锦苑东一区,375万,,2室1厅 高楼层/共6层 南 北 平层/简装 98.48平米 板楼,https://ke-image.ljcdn.com/110000-inspection/ad10ce1e-f41f-4dba-8012-a22ee52a3cfc_1000.jpg!m_fill,w_120,h_80,f_jpg?from=ke.com 
20241105,朝阳,望京,101127409710,花家地西里一区,350万,,2室1厅 低楼层/共6层 南 北 平层/简装 65.4平米 板楼,https://s1.ljcdn.com/pegasus/redskull/images/common/default_house_detail.png?_v=202411041520163 
20241105,朝阳,定福庄,101127410938,定福家园2号院,485万,,3室2厅 低楼层/共21层 南 北 平层/简装 119.35平米 2006年建/塔楼,https://ke-image.ljcdn.com/110000-inspection/pc0_iBORNMKiO_1.jpg!m_fill,w_120,h_80,f_jpg?from=ke.com 
20241105,海淀,西山,101127410911,西山美墅馆A区,920万,,3室1厅 低楼层/共3层 东南 西南 复式/其他 65.26平米 板楼,https://ke-image.ljcdn.com/110000-inspection/pc0_VukPnLiQj_2.jpg!m_fill,w_120,h_80,f_jpg?from=ke.com 
20241105,东城,金宝街,101127410406,禾风仕家,720万,,1室1厅 中楼层/共10层 北 平层/其他 63.83平米 2000年建/板塔结合,https://s1.ljcdn.com/pegasus/redskull/images/common/default_house_detail.png?_v=202411041520163 
20241105,东城,东四,101127410986,美术馆后街,600万,,1室1厅 中楼层/共10层 东 西 平层/精装 47.3平米 塔楼,https://ke-image.ljcdn.com/110000-inspection/cf538d7b-f243-4610-8883-399d48f5d755_1000.jpg!m_fill,w_120,h_80,f_jpg?from=ke.com 
20241105,朝阳,甜水园,101127411091,公园五号,830万,,1室2厅 中楼层/共17层 南 平层/精装 91.87平米 板楼,https://ke-image.ljcdn.com/110000-inspection/pc0_qgMwUWCtH.jpg!m_fill,w_120,h_80,f_jpg?from=ke.com 
20241105,大兴,大兴其它,101127411057,居善园,95万,,1室0厅 底层/共18层 西 平层/精装 41.79平米 板楼,https://s1.ljcdn.com/pegasus/redskull/images/common/default_house_detail.png?_v=202411041520163 
20241105,朝阳,亚运村,101127411303,安慧里三区,898万,,4室2厅 高楼层/共18层 南 北 平层/其他 155.65平米 1990年建/板楼,https://ke-image.ljcdn.com/110000-inspection/816132c1-b074-4e78-a4fe-b17606c3ee4f_1000.jpg!m_fill,w_120,h_80,f_jpg?from=ke.com 
20241105,顺义,顺义城,101127410508,怡馨家园,280万,,2室1厅 低楼层/共18层 东 平层/其他 74.58平米 2008年建/板楼,https://ke-image.ljcdn.com/110000-inspection/pc0_inLxqKwvi_1.jpg!m_fill,w_120,h_80,f_jpg?from=ke.com 
20241105,亦庄开发区,亦庄,101127410728,贵园北里戊区,300万,,1室1厅 中楼层/共6层 南 北 平层/精装 58.73平米 板楼,https://ke-image.ljcdn.com/110000-inspection/pc0_NnZRU6Ipf.jpg!m_fill,w_120,h_80,f_jpg?from=ke.com 
20241105,亦庄开发区,亦庄,101127410437,贵园东里,480万,,3室2厅 底层/共6层 南 北 平层/精装 94.57平米 1996年建/板楼,https://ke-image.ljcdn.com/110000-inspection/pc1_ghVwQVrEZ.jpg!m_fill,w_120,h_80,f_jpg?from=ke.com 
20241105,石景山,鲁谷,101127409661,七星园,285万,,2室1厅 顶层/共6层 东 西 北 平层/其他 68.25平米 1995年建/板楼,https://ke-image.ljcdn.com/110000-inspection/pc0_tY64cFEhy.jpg!m_fill,w_120,h_80,f_jpg?from=ke.com 
20241105,大兴,旧宫,101127410470,国韵村,950万,,4室2厅 低楼层/共17层 南 北 平层/其他 173.64平米 板楼,https://ke-image.ljcdn.com/110000-inspection/pc1_HO9db1vJB.jpg!m_fill,w_120,h_80,f_jpg?from=ke.com 
20241105,朝阳,豆各庄,101127410450,富力又一城C区,459万,,2室2厅 低楼层/共18层 南 北 平层/其他 90.41平米 2010年建/板楼,https://s1.ljcdn.com/pegasus/redskull/images/common/default_house_detail.png?_v=202411041520163 
20241105,西城,右安门内,101127410776,华龙美钰,1070万,,2室1厅 高楼层/共21层 西北 平层/其他 87.96平米 2011年建/板塔结合,https://ke-image.ljcdn.com/110000-inspection/b7f7173e-86c5-4e48-a433-39374dbebfcf_1000.jpg!m_fill,w_120,h_80,f_jpg?from=ke.com 
20241105,大兴,枣园,101127411840,东亚康和名居,396万,,3室1厅 中楼层/共18层 东 南 北 平层/其他 89.98平米 2012年建/板楼,https://ke-image.ljcdn.com/110000-inspection/6b197d8b-91c4-4679-a59f-1f13bb9433a4_1000.jpg!m_fill,w_120,h_80,f_jpg?from=ke.com 
20241105,房山,长阳,101127410078,加州水郡二期,409万,,3室2厅 中楼层/共9层 南 西 北 平层/简装 140.37平米 2007年建/板楼,https://ke-image.ljcdn.com/110000-inspection/pc0_SPUL3y3YO.jpg!m_fill,w_120,h_80,f_jpg?from=ke.com 
20241105,昌平,回龙观,101127410652,龙跃苑三区,550万,,3室1厅 中楼层/共6层 南 北 暂无数据/简装 143.43平米 板楼,https://s1.ljcdn.com/pegasus/redskull/images/common/default_house_detail.png?_v=202411041520163 
20241105,丰台,七里庄,101127411163,泥洼路5号院,200万,,1室1厅 中楼层/共6层 东 平层/其他 47.2平米 板楼,https://s1.ljcdn.com/pegasus/redskull/images/common/default_house_detail.png?_v=202411041520163 
20241105,朝阳,安贞,101127411162,安贞里,380万,,2室1厅 中楼层/共17层 东北 平层/精装 62.96平米 2007年建/塔楼,https://ke-image.ljcdn.com/110000-inspection/8e840f2c-5545-41f6-aa5e-4699b1e4fafc_1000.jpg!m_fill,w_120,h_80,f_jpg?from=ke.com 
20241105,丰台,和义,101127410518,和义西里三区,335万,,3室1厅 顶层/共6层 南 北 平层/其他 108.34平米 板楼,https://ke-image.ljcdn.com/110000-inspection/a36eb19e-2b07-436e-9c6c-985ca0236f4a_1000.jpg!m_fill,w_120,h_80,f_jpg?from=ke.com 
20241105,丰台,青塔,101127411409,兆丰园,599万,,3室2厅 低楼层/共26层 西南 北 平层/其他 124.33平米 2002年建/塔楼,https://ke-image.ljcdn.com/110000-inspection/pc0_rlNCyOOTx_1.jpg!m_fill,w_120,h_80,f_jpg?from=ke.com 
20241105,朝阳,团结湖,101127410045,白家庄东里,330万,,2室1厅 顶层/共12层 东 平层/简装 56.35平米 板楼,https://ke-image.ljcdn.com/110000-inspection/apc_97XVc2FBX_1.jpg!m_fill,w_120,h_80,f_jpg?from=ke.com 
20241105,海淀,上地,101127411705,枫润家园,1180万,,2室2厅 中楼层/共10层 南 北 暂无数据/精装 104.28平米 板楼,https://s1.ljcdn.com/pegasus/redskull/images/common/default_house_detail.png?_v=202411041520163 
20241105,大兴,西红门,101127411555,兴都苑,410万,,3室2厅 底层/共6层 南 北 平层/简装 116.07平米 2000年建/板楼,https://ke-image.ljcdn.com/110000-inspection/4d69cad5-cfe6-4391-89e7-3cffbb52f746_1000.jpg!m_fill,w_120,h_80,f_jpg?from=ke.com 
20241105,东城,金宝街,101127410956,朝阳门内大街甲190号院,530万,,2室1厅 顶层/共6层 南 北 暂无数据/精装 54.04平米 板楼,https://s1.ljcdn.com/pegasus/redskull/images/common/default_house_detail.png?_v=202411041520163 
20241105,昌平,沙河,101127411272,北街家园八区,142万,,1室0厅 低楼层/共18层 东 平层/其他 32.9平米 2011年建/板塔结合,https://s1.ljcdn.com/pegasus/redskull/images/common/default_house_detail.png?_v=202411041520163 
20241105,朝阳,甘露园,101127411585,甘露园南里,255万,,1室1厅 中楼层/共16层 东北 平层/其他 47.59平米 塔楼,https://ke-image.ljcdn.com/110000-inspection/pc0_LI7ZHtsM0_1.jpg!m_fill,w_120,h_80,f_jpg?from=ke.com 
20241105,朝阳,朝青,101127410988,青年汇佳园,420万,,1室1厅 低楼层/共13层 西北 平层/精装 65.98平米 板塔结合,https://s1.ljcdn.com/pegasus/redskull/images/common/default_house_detail.png?_v=202411041520163 
20241105,朝阳,常营,101127412320,柏林爱乐二期,495万,,2室2厅 高楼层/共22层 西南 平层/其他 94.32平米 塔楼,https://ke-image.ljcdn.com/110000-inspection/pc0_6EE9Su1w7_1.jpg!m_fill,w_120,h_80,f_jpg?from=ke.com 
20241105,朝阳,东大桥,101127411763,关东店北街,580万,,2室1厅 高楼层/共18层 南 平层/精装 61.23平米 1989年建/塔楼,https://s1.ljcdn.com/pegasus/redskull/images/common/default_house_detail.png?_v=202411041520163 
20241105,丰台,西罗园,101127411658,宝汇苑,490万,,3室1厅 高楼层/共24层 南 北 平层/精装 92.4平米 塔楼,https://ke-image.ljcdn.com/110000-inspection/pc0_6QYqzblpM_2.jpg!m_fill,w_120,h_80,f_jpg?from=ke.com 
20241105,西城,木樨地,101127410950,白云路七号院,450万,,2室1厅 地下室/共6层 东 西 错层/简装 45.6平米 板楼,https://s1.ljcdn.com/pegasus/redskull/images/common/default_house_detail.png?_v=202411041520163 
20241105,房山,良乡,101127412087,昊天温泉家园,150万,,2室1厅 底层/共6层 南 北 暂无数据/其他 71.76平米 板楼,https://s1.ljcdn.com/pegasus/redskull/images/common/default_house_detail.png?_v=202411041520163 
20241105,西城,马甸,101127411188,裕中西里,789万,,2室1厅 中楼层/共6层 南 北 平层/其他 61平米 1982年建/板楼,https://ke-image.ljcdn.com/110000-inspection/pc0_rVGI8CoZq.jpg!m_fill,w_120,h_80,f_jpg?from=ke.com 
20241105,朝阳,东坝,101127411665,福润四季B区,299万,,2室1厅 中楼层/共21层 南 平层/其他 75.23平米 2014年建/板塔结合,https://ke-image.ljcdn.com/110000-inspection/a3be3b06-bf25-44ac-bb54-fedc7ce76249_1000.jpg!m_fill,w_120,h_80,f_jpg?from=ke.com 
20241105,朝阳,奥林匹克公园,101127410966,天居园,780万,,2室1厅 低楼层/共32层 东南 平层/简装 133.56平米 2008年建/塔楼,https://ke-image.ljcdn.com/110000-inspection/341c6c69-64f5-4c2b-884e-e5d9fd0406f8_1000.jpg!m_fill,w_120,h_80,f_jpg?from=ke.com 
20241105,密云,鼓楼街道,101127411448,长安小区,179万,,2室1厅 低楼层/共6层 南 北 平层/其他 90.16平米 板楼,https://ke-image.ljcdn.com/110000-inspection/pc0_iTvZ3CaTR_1.jpg!m_fill,w_120,h_80,f_jpg?from=ke.com 
20241105,朝阳,常营,101127411014,保利嘉园三号院,460万,,2室2厅 高楼层/共29层 东 南 北 暂无数据/其他 88.75平米 2010年建/塔楼,https://s1.ljcdn.com/pegasus/redskull/images/common/default_house_detail.png?_v=202411041520163 
20241105,大兴,西红门,101127412185,瑞海家园三区,369万,,2室1厅 中楼层/共6层 南 北 平层/精装 96平米 板楼,https://ke-image.ljcdn.com/110000-inspection/pc1_gMxrkD4RT_2.jpg!m_fill,w_120,h_80,f_jpg?from=ke.com 
20241105,东城,朝阳门内,101127411250,豆瓣胡同,880万,,2室1厅 中楼层/共14层 南 北 平层/简装 71.37平米 板塔结合,https://ke-image.ljcdn.com/110000-inspection/9da030ff-7386-4a1a-bd9c-0077bda5e3a7_1000.jpg!m_fill,w_120,h_80,f_jpg?from=ke.com 
20241105,石景山,苹果园,101127411349,模式口南里,225万,,2室1厅 低楼层/共12层 南 暂无数据/其他 60.18平米 1988年建/板塔结合,https://s1.ljcdn.com/pegasus/redskull/images/common/default_house_detail.png?_v=202411041520163 
20241105,西城,长椿街,101127412624,西便门内大街97号院,460万,,1室1厅 中楼层/共6层 南 平层/精装 42.53平米 1979年建/板楼,https://ke-image.ljcdn.com/110000-inspection/pc0_2Tsn2HHMY_1.jpg!m_fill,w_120,h_80,f_jpg?from=ke.com 
20241105,西城,白纸坊,101127411282,恬心家园,475万,,1室0厅 中楼层/共18层 东 平层/精装 51.25平米 2004年建/塔楼,https://s1.ljcdn.com/pegasus/redskull/images/common/default_house_detail.png?_v=202411041520163 
20241105,昌平,天通苑,101127411078,天通苑东三区,409万,,3室1厅 底层/共19层 东北 平层/其他 150.27平米 塔楼,https://ke-image.ljcdn.com/110000-inspection/pc0_HGKkwrdnE.jpg!m_fill,w_120,h_80,f_jpg?from=ke.com 
20241105,朝阳,团结湖,101127410621,团结湖北头条,469万,,3室1厅 高楼层/共6层 南 北 平层/简装 80.55平米 1981年建/板楼,https://ke-image.ljcdn.com/110000-inspection/bfc06822-cfad-41ec-8fd8-f4c83bf35030_1000.jpg!m_fill,w_120,h_80,f_jpg?from=ke.com 
20241105,朝阳,东坝,101127411979,朝阳新城一区,498万,,2室1厅 高楼层/共6层 南 北 平层/简装 112.39平米 板塔结合,https://ke-image.ljcdn.com/110000-inspection/apc_A1D2OzasZ_1.jpg!m_fill,w_120,h_80,f_jpg?from=ke.com 
20241105,丰台,五里店,101127411857,程庄南里,390万,,2室2厅 中楼层/共21层 东南 平层/其他 104.62平米 塔楼,https://ke-image.ljcdn.com/110000-inspection/9f99c63c-bffb-4119-93db-939d151d062c_1000.jpg!m_fill,w_120,h_80,f_jpg?from=ke.com 
20241105,昌平,北七家,101127410637,国瑞熙墅,1500万,,6室1厅 低楼层/共16层 南 北 复式/毛坯 342.51平米 2019年建/板楼,https://ke-image.ljcdn.com/110000-inspection/pc0_udS32Z1Ko.jpg!m_fill,w_120,h_80,f_jpg?from=ke.com 
20241105,海淀,田村,101127411054,中国房子,585万,,1室1厅 中楼层/共9层 南 平层/精装 71.53平米 2005年建/板楼,https://ke-image.ljcdn.com/110000-inspection/pc0_ewgJoyYF0_1.jpg!m_fill,w_120,h_80,f_jpg?from=ke.com 
20241105,西城,金融街,101127412147,华远北街,960万,,2室0厅 顶层/共17层 南 北 平层/其他 71.7平米 板塔结合,https://ke-image.ljcdn.com/110000-inspection/aeb8d0b5-6ef1-4f43-8946-90060ab7d97c_1000.jpg!m_fill,w_120,h_80,f_jpg?from=ke.com 
20241105,朝阳,大望路,101127411525,住总香榭8号,1700万,,3室1厅 中楼层/共7层 南 北 平层/精装 138.99平米 板楼,https://s1.ljcdn.com/pegasus/redskull/images/common/default_house_detail.png?_v=202411041520163 
20241105,门头沟,大峪,101127412409,新桥路小区,150万,,1室1厅 底层/共6层 南 北 平层/其他 51.27平米 1993年建/板楼,https://ke-image.ljcdn.com/110000-inspection/905bf496-e69f-4f39-9656-93d7e329d4e5_1000.jpg!m_fill,w_120,h_80,f_jpg?from=ke.com 
20241105,昌平,天通苑,101127411394,天通苑北三区,520万,,3室2厅 高楼层/共7层 南 北 跃层/精装 191.33平米 2005年建/板楼,https://s1.ljcdn.com/pegasus/redskull/images/common/default_house_detail.png?_v=202411041520163 
20241105,朝阳,亚运村,101127411873,天创世缘,640万,,2室1厅 低楼层/共31层 南 北 平层/精装 105.72平米 2001年建/塔楼,https://ke-image.ljcdn.com/110000-inspection/pc0_Svpt5zTfM_1.jpg!m_fill,w_120,h_80,f_jpg?from=ke.com 
20241105,顺义,顺义城,101127411652,石园西区,140万,,2室1厅 底层/共6层 南 北 暂无数据/简装 58.24平米 1991年建/板楼,https://s1.ljcdn.com/pegasus/redskull/images/common/default_house_detail.png?_v=202411041520163 
20241105,大兴,高米店,101127412155,顺驰领海,380万,,2室1厅 中楼层/共15层 东南 平层/简装 80.26平米 2008年建/板楼,https://ke-image.ljcdn.com/110000-inspection/pc0_b6xezXzKc_2.jpg!m_fill,w_120,h_80,f_jpg?from=ke.com 
20241105,海淀,清河,101127412171,专家国际花园,2410万,,5室3厅 顶层/共5层 南 北 复式/精装 286.31平米 板楼,https://ke-image.ljcdn.com/110000-inspection/535f1f5c-5dba-431e-8127-f66d383dcf41_1000.jpg!m_fill,w_120,h_80,f_jpg?from=ke.com 
20241105,门头沟,大峪,101127411724,峪园小区,189万,,2室1厅 中楼层/共6层 南 北 平层/精装 59.78平米 1982年建/板楼,https://ke-image.ljcdn.com/110000-inspection/532ae78a-f870-444e-9079-0b316bd36cde_1000.jpg!m_fill,w_120,h_80,f_jpg?from=ke.com 
20241105,昌平,沙河,101127412355,北街家园六区,425万,,3室2厅 低楼层/共14层 南 北 暂无数据/精装 106.63平米 板楼,https://s1.ljcdn.com/pegasus/redskull/images/common/default_house_detail.png?_v=202411041520163 
20241105,丰台,看丹桥,101127412665,新华街五里,345万,,2室1厅 高楼层/共24层 东 南 平层/精装 71.2平米 塔楼,https://ke-image.ljcdn.com/110000-inspection/c4003e56-a5be-4bb6-a76e-cccef24beb88_1000.jpg!m_fill,w_120,h_80,f_jpg?from=ke.com 
20241105,海淀,万柳,101127412458,碧水云天,2350万,,4室1厅 低楼层/共14层 东 西 平层/其他 154.13平米 2004年建/板楼,https://ke-image.ljcdn.com/110000-inspection/pc0_MlCXTck8T_2.jpg!m_fill,w_120,h_80,f_jpg?from=ke.com 
20241105,密云,鼓楼街道,101127411682,密云橡树湾西区,198万,,2室1厅 中楼层/共20层 南 暂无数据/精装 88.48平米 2017年建/板楼,https://s1.ljcdn.com/pegasus/redskull/images/common/default_house_detail.png?_v=202411041520163 
20241105,海淀,西二旗,101127412559,智学苑,388万,,1室1厅 中楼层/共24层 东 暂无数据/简装 68.87平米 塔楼,https://s1.ljcdn.com/pegasus/redskull/images/common/default_house_detail.png?_v=202411041520163 
20241105,通州,潞苑,101127411924,通瑞嘉苑东区,300万,,2室1厅 低楼层/共28层 南 北 平层/毛坯 80.51平米 板塔结合,https://ke-image.ljcdn.com/110000-inspection/ec950c8e-197e-47ad-9810-a6f5c56585b2_1000.jpg!m_fill,w_120,h_80,f_jpg?from=ke.com 
20241105,朝阳,健翔桥,101127413248,华盛乐章,550万,,2室1厅 高楼层/共23层 南 西 平层/精装 86.01平米 2001年建/塔楼,https://ke-image.ljcdn.com/110000-inspection/51389a4a-3ade-4171-a418-e99894891cfe_1000.jpg!m_fill,w_120,h_80,f_jpg?from=ke.com 
20241105,通州,通州北苑,101127412264,西马庄园,239万,,3室1厅 顶层/共6层 南 北 平层/简装 106.17平米 1996年建/板楼,https://ke-image.ljcdn.com/110000-inspection/pc0_g3zEpqeyp_1.jpg!m_fill,w_120,h_80,f_jpg?from=ke.com 
20241105,昌平,回龙观,101127412602,龙跃苑东四区,410万,,2室1厅 顶层/共6层 南 北 平层/精装 97.11平米 板楼,https://s1.ljcdn.com/pegasus/redskull/images/common/default_house_detail.png?_v=202411041520163 
20241105,朝阳,团结湖,101127412611,团结湖中路北一条,295万,,2室0厅 中楼层/共5层 南 平层/精装 42.92平米 1979年建/板楼,https://s1.ljcdn.com/pegasus/redskull/images/common/default_house_detail.png?_v=202411041520163 
20241105,通州,临河里,101127413159,金隅自由筑,95万,,2室1厅 高楼层/共7层 南 暂无数据/其他 68.92平米 2013年建/板塔结合,https://s1.ljcdn.com/pegasus/redskull/images/common/default_house_detail.png?_v=202411041520163 
20241105,朝阳,甜水园,101127411718,水碓子东路,360万,,3室1厅 高楼层/共6层 南 北 平层/毛坯 61.85平米 1980年建/板楼,https://ke-image.ljcdn.com/110000-inspection/7eb4d878-5532-47d3-a23d-dbeee0d6b9e5_1000.jpg!m_fill,w_120,h_80,f_jpg?from=ke.com 
20241105,大兴,枣园,101127412634,盛嘉华苑,230万,,2室1厅 中楼层/共18层 南 平层/其他 69.42平米 2012年建/板塔结合,https://ke-image.ljcdn.com/110000-inspection/37c949e7-86c6-404a-93b9-5a4aa5a61691_1000.jpg!m_fill,w_120,h_80,f_jpg?from=ke.com 
20241105,海淀,知春路,101127411325,太月园,880万,,2室1厅 低楼层/共19层 西南 平层/简装 100.9平米 塔楼,https://ke-image.ljcdn.com/110000-inspection/pc0_Ubb4HPIXL_1.jpg!m_fill,w_120,h_80,f_jpg?from=ke.com 
20241105,大兴,天宫院,101127413017,龙湖时代天街,240万,,2室2厅 高楼层/共26层 东 西 复式/其他 86.62平米 2014年建/塔楼,https://ke-image.ljcdn.com/110000-inspection/595bc0c7-1284-487c-9cc9-f3668e91b193_1000.jpg!m_fill,w_120,h_80,f_jpg?from=ke.com 
20241105,海淀,双榆树,101127411726,青云北区,567万,,2室1厅 底层/共6层 南 北 暂无数据/精装 63.1平米 板楼,https://s1.ljcdn.com/pegasus/redskull/images/common/default_house_detail.png?_v=202411041520163 
20241105,朝阳,定福庄,101127412252,美然动力A2区,369万,,2室1厅 高楼层/共13层 南 北 平层/简装 91.17平米 2003年建/板楼,https://ke-image.ljcdn.com/110000-inspection/ca4a07a5-bccd-42a1-9790-c3f5b3942f7a_1000.jpg!m_fill,w_120,h_80,f_jpg?from=ke.com 
20241105,西城,月坛,101127411970,月坛北街,630万,,2室1厅 中楼层/共5层 南 北 平层/精装 51.8平米 板楼,https://ke-image.ljcdn.com/110000-inspection/1d2e22a8-5ae0-449e-9068-ce638d3839aa_1000.jpg!m_fill,w_120,h_80,f_jpg?from=ke.com 
20241105,通州,马驹桥,101127412340,融科香雪兰溪,310万,,3室1厅 中楼层/共21层 南 北 平层/精装 88.93平米 板楼,https://ke-image.ljcdn.com/110000-inspection/d561aecf-9755-4423-a30a-a55629af699a_1000.jpg!m_fill,w_120,h_80,f_jpg?from=ke.com 
20241105,顺义,天竺,101127413039,万通天竺新新家园,2080万,,7室2厅 底层/共3层 南 北 复式/精装 422.22平米 2011年建/板楼,https://ke-image.ljcdn.com/110000-inspection/pc0_4y2Ku6bV8.jpg!m_fill,w_120,h_80,f_jpg?from=ke.com 
20241105,丰台,岳各庄,101127412316,靛厂锦园,650万,,3室1厅 中楼层/共5层 南 北 暂无数据/其他 103.37平米 2009年建/板楼,https://s1.ljcdn.com/pegasus/redskull/images/common/default_house_detail.png?_v=202411041520163 
20241105,亦庄开发区,亦庄,101127412549,金色漫香林四期,428万,,3室2厅 高楼层/共9层 南 北 暂无数据/精装 89.78平米 2011年建/板楼,https://s1.ljcdn.com/pegasus/redskull/images/common/default_house_detail.png?_v=202411041520163 
20241105,朝阳,安贞,101127413209,国典华园,1620万,,3室1厅 顶层/共17层 西南 平层/其他 171.4平米 塔楼,https://ke-image.ljcdn.com/110000-inspection/pc0_ExIZWDb1t.jpg!m_fill,w_120,h_80,f_jpg?from=ke.com 
20241105,海淀,紫竹桥,101127412648,车道沟南里,450万,,2室1厅 中楼层/共21层 西南 平层/其他 48.4平米 塔楼,https://ke-image.ljcdn.com/110000-inspection/ab19c2c4-f2cb-41b2-be12-68e7d5b60521_1000.jpg!m_fill,w_120,h_80,f_jpg?from=ke.com 
20241105,朝阳,团结湖,101127412721,团结湖北五条,310万,,2室1厅 中楼层/共6层 南 暂无数据/精装 53.41平米 1984年建/板楼,https://s1.ljcdn.com/pegasus/redskull/images/common/default_house_detail.png?_v=202411041520163 
20241105,昌平,霍营,101127412753,慧龙居,345万,,2室1厅 顶层/共6层 南 北 平层/精装 82.44平米 板楼,https://s1.ljcdn.com/pegasus/redskull/images/common/default_house_detail.png?_v=202411041520163 
20241105,密云,古北口镇,101127413623,龙湖长城源著2号院,60万,,1室1厅 中楼层/共6层 南 暂无数据/其他 36.43平米 2018年建/板楼,https://s1.ljcdn.com/pegasus/redskull/images/common/default_house_detail.png?_v=202411041520163 
20241105,海淀,清河,101127412677,观澳园,550万,,2室1厅 中楼层/共5层 南 北 平层/其他 76.1平米 2005年建/板楼,https://ke-image.ljcdn.com/110000-inspection/1c23890e-8c40-4f60-a110-8b05977a6290_1000.jpg!m_fill,w_120,h_80,f_jpg?from=ke.com 
20241105,西城,广安门,101127412030,红居南街1号院,390万,,1室1厅 中楼层/共6层 南 暂无数据/简装 35.56平米 板楼,https://s1.ljcdn.com/pegasus/redskull/images/common/default_house_detail.png?_v=202411041520163 
20241105,丰台,方庄,101127412508,芳城园二区,450万,,2室1厅 低楼层/共25层 东南 西南 平层/精装 68.6平米 塔楼,https://ke-image.ljcdn.com/110000-inspection/c16c42d3-243f-4545-a077-7034f2e5914d_1000.jpg!m_fill,w_120,h_80,f_jpg?from=ke.com 
20241105,房山,良乡,101127411805,阳光邑上,360万,,3室1厅 中楼层/共6层 东南 平层/精装 118.31平米 2011年建/板楼,https://ke-image.ljcdn.com/110000-inspection/pc0_9snAxsZOm_1.jpg!m_fill,w_120,h_80,f_jpg?from=ke.com 
20241105,朝阳,西坝河,101127412757,西坝河东里,545万,,3室1厅 低楼层/共6层 西 东 北 暂无数据/其他 77.66平米 1988年建/板楼,https://s1.ljcdn.com/pegasus/redskull/images/common/default_house_detail.png?_v=202411041520163 
20241105,海淀,安宁庄,101127414160,水利局一处宿舍,310万,,2室1厅 底层/共5层 南 北 平层/简装 56.8平米 板楼,https://ke-image.ljcdn.com/110000-inspection/apc_rh5GNP0sr_1.jpg!m_fill,w_120,h_80,f_jpg?from=ke.com 
20241105,海淀,上地,101127411917,宣海家园,1150万,,3室2厅 中楼层/共18层 南 北 暂无数据/其他 166.63平米 板楼,https://s1.ljcdn.com/pegasus/redskull/images/common/default_house_detail.png?_v=202411041520163 
20241105,朝阳,方庄,101127412454,芳林苑,600万,,2室1厅 高楼层/共22层 东 平层/精装 105.02平米 2000年建/塔楼,https://s1.ljcdn.com/pegasus/redskull/images/common/default_house_detail.png?_v=202411041520163 
20241105,大兴,瀛海,101127412770,德茂佳苑,288万,,2室1厅 高楼层/共6层 南 北 暂无数据/简装 86.38平米 板楼,https://s1.ljcdn.com/pegasus/redskull/images/common/default_house_detail.png?_v=202411041520163 
20241105,东城,崇文门,101127413523,国瑞城中区,520万,,1室1厅 低楼层/共12层 南 暂无数据/简装 58.39平米 2006年建/塔楼,https://s1.ljcdn.com/pegasus/redskull/images/common/default_house_detail.png?_v=202411041520163 
20241105,昌平,天通苑,101127413562,天通西苑一区,588万,,3室2厅 高楼层/共13层 南 北 平层/简装 155.68平米 板楼,https://ke-image.ljcdn.com/110000-inspection/pc0_c0q1rZtKF.jpg!m_fill,w_120,h_80,f_jpg?from=ke.com 
20241105,丰台,玉泉营,101127412844,三环新城7号院,360万,,1室1厅 高楼层/共29层 西 平层/简装 62.98平米 2005年建/板楼,https://ke-image.ljcdn.com/110000-inspection/3b646db6-ab31-4e0a-8fb7-e849edbfcaab_1000.jpg!m_fill,w_120,h_80,f_jpg?from=ke.com 
20241105,西城,德胜门,101127413140,德胜佳苑,960万,,2室1厅 中楼层/共4层 北 南 暂无数据/精装 89.63平米 2009年建/板楼,https://s1.ljcdn.com/pegasus/redskull/images/common/default_house_detail.png?_v=202411041520163 
20241105,大兴,瀛海,101127413619,永旭嘉园,270万,,2室1厅 中楼层/共16层 南 北 暂无数据/其他 87.26平米 2015年建/板楼,https://s1.ljcdn.com/pegasus/redskull/images/common/default_house_detail.png?_v=202411041520163 
20241105,海淀,牡丹园,101127412494,花园北路乙28号院,366万,,2室1厅 低楼层/共6层 东北 平层/简装 50.4平米 板楼,https://s1.ljcdn.com/pegasus/redskull/images/common/default_house_detail.png?_v=202411041520163 
20241105,密云,鼓楼街道,101127412237,檀城西区,238万,,4室2厅 顶层/共6层 南 北 复式/其他 201.68平米 板楼,https://ke-image.ljcdn.com/110000-inspection/pc0_gcKCtCrSU_1.jpg!m_fill,w_120,h_80,f_jpg?from=ke.com 
20241105,朝阳,安贞,101127413368,安华里社区,398万,,2室1厅 中楼层/共6层 南 北 平层/其他 54.15平米 板楼,https://ke-image.ljcdn.com/110000-inspection/ecc29467-2bf9-4cc6-a8db-a8b19f2b5da9_1000.jpg!m_fill,w_120,h_80,f_jpg?from=ke.com 
20241105,朝阳,定福庄,101127413683,妇联小区,268万,,2室1厅 低楼层/共6层 南 北 暂无数据/其他 68.46平米 板楼,https://s1.ljcdn.com/pegasus/redskull/images/common/default_house_detail.png?_v=202411041520163 
20241105,门头沟,冯村,101127414656,华润西山墅,2680万,,5室2厅 底层/共3层 南 北 暂无数据/其他 646.08平米 板楼,https://s1.ljcdn.com/pegasus/redskull/images/common/default_house_detail.png?_v=202411041520163 
20241105,通州,北关,101127413301,西潞苑小区,189万,,1室1厅 低楼层/共6层 南 北 平层/其他 57.3平米 板楼,https://ke-image.ljcdn.com/110000-inspection/pc0_S9J2NIqOJ_1.jpg!m_fill,w_120,h_80,f_jpg?from=ke.com 
20241105,丰台,大红门,101127413963,建欣苑二里,368万,,3室1厅 高楼层/共6层 南 北 平层/精装 82.77平米 板楼,https://ke-image.ljcdn.com/110000-inspection/585b6f9a-eeb0-4f15-bf92-0bcceb3d7ac3_1000.jpg!m_fill,w_120,h_80,f_jpg?from=ke.com 
20241105,朝阳,四惠,101127413763,通惠家园,460万,,2室1厅 低楼层/共28层 东南 平层/其他 83.48平米 2001年建/板塔结合,https://ke-image.ljcdn.com/110000-inspection/pc0_hbgdBQmg4_1.jpg!m_fill,w_120,h_80,f_jpg?from=ke.com 
20241105,朝阳,劲松,101127413212,农光里,380万,,2室1厅 中楼层/共12层 西 东 平层/精装 73.46平米 板塔结合,https://ke-image.ljcdn.com/110000-inspection/pc0_IVh0tINIt.jpg!m_fill,w_120,h_80,f_jpg?from=ke.com 
20241105,东城,东直门,101127412397,东直门内大街,599万,,1室1厅 高楼层/共12层 南 平层/精装 54.12平米 板楼,https://ke-image.ljcdn.com/110000-inspection/00095996-a2e6-47c2-8468-4aae30731265_1000.jpg!m_fill,w_120,h_80,f_jpg?from=ke.com 
20241105,丰台,木樨园,101127413995,东木樨园,219万,,1室1厅 低楼层/共15层 东 平层/简装 56.7平米 1995年建/板塔结合,https://ke-image.ljcdn.com/110000-inspection/dd0d103b-84c2-4a62-943f-eed7f595256b_1000.jpg!m_fill,w_120,h_80,f_jpg?from=ke.com 
20241105,朝阳,望京,101127413292,望京西园一区,486万,,2室2厅 低楼层/共7层 南 北 平层/其他 92.51平米 板楼,https://ke-image.ljcdn.com/110000-inspection/e6012c7b-8eff-4f19-92ed-a60bf41f440a_1000.jpg!m_fill,w_120,h_80,f_jpg?from=ke.com 
20241105,昌平,天通苑,101127413688,天通西苑三区,410万,,2室2厅 低楼层/共17层 南 北 平层/毛坯 133.94平米 板楼,https://ke-image.ljcdn.com/110000-inspection/pc0_ION9FklPJ.jpg!m_fill,w_120,h_80,f_jpg?from=ke.com 
20241105,朝阳,朝青,101127414727,青年汇佳园,586万,,2室1厅 低楼层/共18层 西北 平层/其他 79.34平米 2008年建/板塔结合,https://ke-image.ljcdn.com/110000-inspection/pc0_0Yitk55lW_1.jpg!m_fill,w_120,h_80,f_jpg?from=ke.com 
20241105,通州,潞苑,101127413748,华龙小区,288万,,2室1厅 中楼层/共5层 南 北 平层/简装 88.81平米 板楼,https://ke-image.ljcdn.com/110000-inspection/pc0_Hd2T9PX0C_1.jpg!m_fill,w_120,h_80,f_jpg?from=ke.com 
20241105,朝阳,酒仙桥,101127412926,丽都职工公寓,388万,,3室0厅 低楼层/共23层 东 平层/简装 70.6平米 1991年建/塔楼,https://s1.ljcdn.com/pegasus/redskull/images/common/default_house_detail.png?_v=202411041520163 
20241105,昌平,回龙观,101127414575,东亚上北中心,199万,,1室1厅 低楼层/共20层 南 平层/其他 60.03平米 塔楼,https://s1.ljcdn.com/pegasus/redskull/images/common/default_house_detail.png?_v=202411041520163 
20241105,昌平,南邵,101127413685,招商都会湾,449万,,3室1厅 高楼层/共11层 南 北 平层/其他 88.31平米 2021年建/板楼,https://ke-image.ljcdn.com/110000-inspection/pc1_xpZyl5KIO.jpg!m_fill,w_120,h_80,f_jpg?from=ke.com 
20241105,大兴,黄村中,101127414951,黄村西里,149万,,2室1厅 中楼层/共5层 南 北 平层/其他 43.19平米 1976年建/板楼,https://s1.ljcdn.com/pegasus/redskull/images/common/default_house_detail.png?_v=202411041520163 
20241105,朝阳,惠新西街,101127412941,胜古南里,380万,,3室1厅 中楼层/共5层 南 北 平层/精装 56.93平米 1979年建/板楼,https://s1.ljcdn.com/pegasus/redskull/images/common/default_house_detail.png?_v=202411041520163 
20241105,西城,阜成门,101127414767,百万庄午区,1045万,,3室1厅 顶层/共5层 南 北 平层/精装 97.7平米 板楼,https://ke-image.ljcdn.com/110000-inspection/pc0_miU6XcI4u.jpg!m_fill,w_120,h_80,f_jpg?from=ke.com 
20241105,丰台,马家堡,101127415392,富卓苑,186万,,1室0厅 中楼层/共20层 东 平层/其他 36.18平米 塔楼,https://ke-image.ljcdn.com/110000-inspection/e1332351-c431-405d-85ab-7cc938d91171_1000.jpg!m_fill,w_120,h_80,f_jpg?from=ke.com 
20241105,石景山,苹果园,101127413390,金铸阳光苑,495万,,2室1厅 低楼层/共23层 南 暂无数据/简装 75.41平米 板塔结合,https://s1.ljcdn.com/pegasus/redskull/images/common/default_house_detail.png?_v=202411041520163 
20241105,大兴,旧宫,101127415001,清逸西园,226万,,3室1厅 顶层/共6层 南 北 暂无数据/其他 85.58平米 板楼,https://s1.ljcdn.com/pegasus/redskull/images/common/default_house_detail.png?_v=202411041520163 
20241105,昌平,东关,101127414747,东环路小区,200万,,2室1厅 高楼层/共6层 南 平层/其他 65.19平米 板楼,https://ke-image.ljcdn.com/110000-inspection/pc0_ZWRPQaclK.jpg!m_fill,w_120,h_80,f_jpg?from=ke.com 
20241105,昌平,回龙观,101127413954,北京人家,392万,,2室2厅 中楼层/共6层 东 南 西 平层/简装 89平米 板楼,https://ke-image.ljcdn.com/110000-inspection/pc0_BhIqm7zNc.jpg!m_fill,w_120,h_80,f_jpg?from=ke.com 
20241105,怀柔,怀柔,101127415159,商业街,225万,,3室1厅 高楼层/共6层 南 北 平层/其他 88.27平米 板楼,https://ke-image.ljcdn.com/110000-inspection/992d2f2d-1c6f-4c4f-a1e5-08c3b018929f_1000.jpg!m_fill,w_120,h_80,f_jpg?from=ke.com 
20241105,朝阳,安贞,101127413133,安贞西里,440万,,2室1厅 中楼层/共6层 南 北 平层/精装 57.73平米 板楼,https://ke-image.ljcdn.com/110000-inspection/570ddb62-64bb-408c-b7b4-99b7d990a26d_1000.jpg!m_fill,w_120,h_80,f_jpg?from=ke.com 
20241105,朝阳,安贞,101127415648,安华西里社区,460万,,2室1厅 低楼层/共21层 东 平层/精装 50.61平米 1989年建/塔楼,https://ke-image.ljcdn.com/110000-inspection/8a6c65d9-f91d-4d39-88d2-a764a11d12f5_1000.jpg!m_fill,w_120,h_80,f_jpg?from=ke.com 
20241105,朝阳,北苑,101127414404,北苑家园绣菊园南区,690万,,3室1厅 低楼层/共25层 东 南 暂无数据/其他 139.41平米 2005年建/塔楼,https://s1.ljcdn.com/pegasus/redskull/images/common/default_house_detail.png?_v=202411041520163 
20241105,海淀,定慧寺,101127415289,八里庄路62号院,150万,,1室0厅 高楼层/共19层 西 平层/其他 49.61平米 2012年建/塔楼,https://s1.ljcdn.com/pegasus/redskull/images/common/default_house_detail.png?_v=202411041520163 
20241105,东城,朝阳门内,101127414038,南弓匠营胡同,1160万,,3室2厅 顶层/共6层 南 北 复式/精装 116.37平米 板楼,https://ke-image.ljcdn.com/110000-inspection/pc0_UbsqLbJ2J.jpg!m_fill,w_120,h_80,f_jpg?from=ke.com 
20241105,昌平,立水桥,101127414436,溪城家园,395万,,2室1厅 高楼层/共15层 南 暂无数据/精装 82.53平米 2010年建/板塔结合,https://s1.ljcdn.com/pegasus/redskull/images/common/default_house_detail.png?_v=202411041520163 
20241105,昌平,回龙观,101127414054,风雅园二区,405万,,2室2厅 中楼层/共7层 南 北 平层/精装 95.91平米 板楼,https://s1.ljcdn.com/pegasus/redskull/images/common/default_house_detail.png?_v=202411041520163 
20241105,朝阳,农展馆,101127415792,朝阳公园西里北区,396万,,2室1厅 顶层/共6层 南 北 平层/精装 47.67平米 板楼,https://s1.ljcdn.com/pegasus/redskull/images/common/default_house_detail.png?_v=202411041520163 
20241105,丰台,方庄,101127413790,方庄6号,970万,,3室1厅 高楼层/共15层 南 北 平层/简装 148.55平米 2008年建/板塔结合,https://ke-image.ljcdn.com/110000-inspection/pc0_mf8P4VK4h_1.jpg!m_fill,w_120,h_80,f_jpg?from=ke.com 
20241105,大兴,黄村中,101127415231,富强东里,260万,,2室1厅 低楼层/共6层 南 北 平层/其他 76.12平米 1985年建/板楼,https://ke-image.ljcdn.com/110000-inspection/746ab484-b6b4-40f5-afc2-332df7edf236_1000.jpg!m_fill,w_120,h_80,f_jpg?from=ke.com 
20241105,大兴,枣园,101127414556,枣园小区,210万,,2室1厅 中楼层/共6层 南 北 平层/简装 71.28平米 1994年建/板楼,https://ke-image.ljcdn.com/110000-inspection/2e812889-ca5d-4827-ab3a-64685b37fc05_1000.jpg!m_fill,w_120,h_80,f_jpg?from=ke.com 
20241105,通州,通州北苑,101127414134,西马庄园,195万,,2室1厅 底层/共6层 南 北 平层/其他 72.96平米 板楼,https://ke-image.ljcdn.com/110000-inspection/pc0_66lpwEv5y_1.jpg!m_fill,w_120,h_80,f_jpg?from=ke.com 
20241105,朝阳,惠新西街,101127413629,胜古北里,1560万,,4室2厅 底层/共6层 南 北 平层/简装 167.44平米 1997年建/板楼,https://ke-image.ljcdn.com/110000-inspection/90592346-52f7-427b-9431-8cdc29c21d0a_1000.jpg!m_fill,w_120,h_80,f_jpg?from=ke.com 
20241105,昌平,霍营,101127415137,天鑫家园,389万,,2室1厅 中楼层/共6层 南 北 暂无数据/其他 85.12平米 2003年建/板塔结合,https://s1.ljcdn.com/pegasus/redskull/images/common/default_house_detail.png?_v=202411041520163 
20241105,朝阳,亚运村小营,101127414949,北苑路168号,710万,,3室1厅 高楼层/共24层 西南 平层/简装 151.23平米 2005年建/塔楼,https://ke-image.ljcdn.com/110000-inspection/pc0_TB2rJtJHZ_1.jpg!m_fill,w_120,h_80,f_jpg?from=ke.com 
20241105,大兴,黄村中,101127415539,富强东里,180万,,2室1厅 中楼层/共6层 南 北 平层/简装 64.67平米 板楼,https://ke-image.ljcdn.com/110000-inspection/7b5e2e85-b51c-4122-99cd-1ede7580a62a_1000.jpg!m_fill,w_120,h_80,f_jpg?from=ke.com 
20241105,大兴,枣园,101127415743,首邑溪谷,260万,,2室1厅 高楼层/共16层 南 北 复式/其他 45.89平米 2012年建/板塔结合,https://s1.ljcdn.com/pegasus/redskull/images/common/default_house_detail.png?_v=202411041520163 
20241105,朝阳,双桥,101127414454,双惠苑3号院,335万,,2室1厅 顶层/共6层 南 北 平层/简装 99.12平米 2004年建/板楼,https://ke-image.ljcdn.com/110000-inspection/apc_7VTc7rUCI_1.jpg!m_fill,w_120,h_80,f_jpg?from=ke.com 
20241105,丰台,马家堡,101127413917,明月嘉园,560万,,2室1厅 中楼层/共24层 东北 暂无数据/其他 83.01平米 2004年建/塔楼,https://s1.ljcdn.com/pegasus/redskull/images/common/default_house_detail.png?_v=202411041520163 
20241105,朝阳,北苑,101127414366,平安嘉苑,553万,,2室1厅 中楼层/共25层 西南 平层/精装 85平米 塔楼,https://ke-image.ljcdn.com/110000-inspection/896d00b4-a563-4edb-aa22-6ce598b1ad91_1000.jpg!m_fill,w_120,h_80,f_jpg?from=ke.com 
20241105,朝阳,红庙,101127415077,红庙北里,272万,,2室1厅 顶层/共4层 南 北 平层/精装 56.92平米 板楼,https://ke-image.ljcdn.com/110000-inspection/6a0855e7-3ce7-4b32-b36b-35806ab19fe1_1000.jpg!m_fill,w_120,h_80,f_jpg?from=ke.com 
20241105,通州,通州其它,101127415288,东亚印象台湖,245万,,3室2厅 中楼层/共12层 南 北 平层/其他 77.28平米 板楼,https://s1.ljcdn.com/pegasus/redskull/images/common/default_house_detail.png?_v=202411041520163 
20241105,亦庄开发区,亦庄,101127414962,新康家园,599万,,4室2厅 顶层/共6层 南 北 复式/其他 151.81平米 板楼,https://ke-image.ljcdn.com/110000-inspection/pc0_qHdFgUKh0.jpg!m_fill,w_120,h_80,f_jpg?from=ke.com 
20241105,东城,永定门,101127415759,沙子口路50号,999万,,3室1厅 高楼层/共18层 南 北 平层/精装 131.49平米 塔楼,https://s1.ljcdn.com/pegasus/redskull/images/common/default_house_detail.png?_v=202411041520163 
20241105,丰台,卢沟桥,101127415204,沸城,410万,,4室1厅 中楼层/共23层 南 北 平层/简装 124.56平米 板塔结合,https://ke-image.ljcdn.com/110000-inspection/pc0_yeoal9jIU_1.jpg!m_fill,w_120,h_80,f_jpg?from=ke.com 
20241105,海淀,玉泉路,101127415148,玉阜嘉园,780万,,2室1厅 中楼层/共12层 南 平层/简装 107.81平米 2002年建/板楼,https://ke-image.ljcdn.com/110000-inspection/c7884b61-7514-4cac-9c9f-16b770bbf81a_1000.jpg!m_fill,w_120,h_80,f_jpg?from=ke.com 
20241105,朝阳,国展,101127416672,左家庄东里,580万,,3室1厅 底层/共21层 西南 西北 平层/简装 87.11平米 1997年建/塔楼,https://ke-image.ljcdn.com/110000-inspection/7185f6ca-05ab-4442-b7bc-e9bba126c29b_1000.jpg!m_fill,w_120,h_80,f_jpg?from=ke.com 
20241105,朝阳,常营,101127415576,富力阳光美园,325万,,1室1厅 低楼层/共20层 南 北 平层/简装 63.65平米 2010年建/板楼,https://ke-image.ljcdn.com/110000-inspection/pc0_DIqF7uevV.jpg!m_fill,w_120,h_80,f_jpg?from=ke.com 
20241105,西城,白纸坊,101127415372,南运巷,730万,,3室1厅 低楼层/共16层 东 西 平层/其他 82.83平米 板楼,https://s1.ljcdn.com/pegasus/redskull/images/common/default_house_detail.png?_v=202411041520163 
20241105,昌平,天通苑,101127414782,天通苑东二区,398万,,2室1厅 中楼层/共7层 南 北 平层/精装 112.52平米 板楼,https://ke-image.ljcdn.com/110000-inspection/pc1_OCqgHPDPU.jpg!m_fill,w_120,h_80,f_jpg?from=ke.com 
20241105,朝阳,潘家园,101127416266,弘善家园,260万,,2室1厅 低楼层/共28层 西 平层/简装 71.05平米 塔楼,https://s1.ljcdn.com/pegasus/redskull/images/common/default_house_detail.png?_v=202411041520163 
20241105,丰台,右安门外,101127416441,玉林东里三区,300万,,2室1厅 高楼层/共6层 南 北 平层/精装 54.44平米 板楼,https://ke-image.ljcdn.com/110000-inspection/e1e18a56-8106-4867-8cf2-e850fc1edc67_1000.jpg!m_fill,w_120,h_80,f_jpg?from=ke.com 
20241105,怀柔,怀柔,101127415452,育龙铭居,140万,,2室1厅 低楼层/共9层 南 北 平层/其他 65.81平米 2011年建/板楼,https://ke-image.ljcdn.com/110000-inspection/519f9fed-7891-4690-beab-ceca01d8021a_1000.jpg!m_fill,w_120,h_80,f_jpg?from=ke.com 
20241105,海淀,定慧寺,101127415126,定慧西里,338万,,1室1厅 底层/共16层 南 平层/简装 52.3平米 1993年建/塔楼,https://ke-image.ljcdn.com/110000-inspection/pc0_Hd9J63Umi_1.jpg!m_fill,w_120,h_80,f_jpg?from=ke.com 
20241105,通州,梨园,101127415800,桃花岛,639万,,3室2厅 底层/共6层 南 北 暂无数据/其他 127.31平米 板楼,https://s1.ljcdn.com/pegasus/redskull/images/common/default_house_detail.png?_v=202411041520163 
20241105,昌平,回龙观,101127415516,龙博苑一区,478万,,3室1厅 中楼层/共6层 南 北 平层/其他 102.01平米 板楼,https://s1.ljcdn.com/pegasus/redskull/images/common/default_house_detail.png?_v=202411041520163 
20241105,大兴,旧宫,101127415022,宣颐家园,159万,,2室1厅 底层/共5层 东 暂无数据/简装 37.28平米 2004年建/塔楼,https://s1.ljcdn.com/pegasus/redskull/images/common/default_house_detail.png?_v=202411041520163 
20241105,西城,月坛,101127416431,阜成门外大街乙40号,899万,,2室1厅 中楼层/共5层 南 北 平层/其他 59.1平米 1979年建/板楼,https://ke-image.ljcdn.com/110000-inspection/pc0_w84lO6G6b_1.jpg!m_fill,w_120,h_80,f_jpg?from=ke.com 
20241105,丰台,青塔,101127416021,丰泽家园,275万,,2室1厅 顶层/共8层 南 平层/其他 63.74平米 2013年建/板塔结合,https://ke-image.ljcdn.com/110000-inspection/pc0_8Eh21ug5G_1.jpg!m_fill,w_120,h_80,f_jpg?from=ke.com 
20241105,房山,窦店,101127415708,山水汇豪苑A区,90万,,2室1厅 高楼层/共6层 南 北 平层/其他 63.16平米 2003年建/板楼,https://ke-image.ljcdn.com/110000-inspection/pc0_PpPzivuZk_2.jpg!m_fill,w_120,h_80,f_jpg?from=ke.com 
20241105,大兴,黄村火车站,101127417376,义和庄东路,270万,,3室1厅 顶层/共5层 南 北 暂无数据/简装 99.71平米 塔楼,https://s1.ljcdn.com/pegasus/redskull/images/common/default_house_detail.png?_v=202411041520163 
20241105,朝阳,双井,101127416513,苹果社区南区,990万,,3室1厅 高楼层/共27层 西南 平层/精装 124.39平米 2005年建/板塔结合,https://s1.ljcdn.com/pegasus/redskull/images/common/default_house_detail.png?_v=202411041520163 
20241105,朝阳,奥林匹克公园,101127417424,世茂奥临花园,960万,,2室1厅 中楼层/共28层 南 平层/其他 117.41平米 2007年建/板楼,https://ke-image.ljcdn.com/110000-inspection/3a01722b-6d60-4f0d-828f-0986d916ff30_1000.jpg!m_fill,w_120,h_80,f_jpg?from=ke.com 
20241105,西城,长椿街,101127416835,西便门内大街79号院,468万,,2室1厅 顶层/共4层 东 西 平层/其他 60.47平米 板楼,https://ke-image.ljcdn.com/110000-inspection/apc_zpHQEjOHc_1.jpg!m_fill,w_120,h_80,f_jpg?from=ke.com 
20241105,海淀,颐和园,101127416831,燕北园,605万,,2室1厅 高楼层/共6层 南 北 暂无数据/其他 58.1平米 板楼,https://s1.ljcdn.com/pegasus/redskull/images/common/default_house_detail.png?_v=202411041520163 
20241105,昌平,东关,101127416769,水晶屿,85万,,1室0厅 低楼层/共7层 南 暂无数据/毛坯 53.36平米 2016年建/塔楼,https://s1.ljcdn.com/pegasus/redskull/images/common/default_house_detail.png?_v=202411041520163 
20241105,房山,良乡,101127415566,行宫园,360万,,4室2厅 高楼层/共13层 南 北 平层/其他 156.81平米 2002年建/板塔结合,https://s1.ljcdn.com/pegasus/redskull/images/common/default_house_detail.png?_v=202411041520163 
20241105,朝阳,垡头,101127416947,燕保祈东家园,199万,,1室2厅 底层/共28层 南 平层/简装 59.84平米 2021年建/板楼,https://s1.ljcdn.com/pegasus/redskull/images/common/default_house_detail.png?_v=202411041520163 
20241105,通州,通州其它,101127416833,首开国风美仑,230万,,暂无数据 低楼层/共13层 南 暂无数据/其他 78.76平米 板楼,https://s1.ljcdn.com/pegasus/redskull/images/common/default_house_detail.png?_v=202411041520163 
20241105,海淀,中关村,101127417632,东南小区,498万,,1室1厅 低楼层/共12层 南 暂无数据/精装 39.5平米 板塔结合,https://s1.ljcdn.com/pegasus/redskull/images/common/default_house_detail.png?_v=202411041520163 
20241105,朝阳,潘家园,101127416172,弘善家园,280万,,2室1厅 低楼层/共25层 西 平层/简装 73.29平米 塔楼,https://ke-image.ljcdn.com/110000-inspection/8e791647-e19f-4c34-98cf-7a0685e51f25_1000.jpg!m_fill,w_120,h_80,f_jpg?from=ke.com 
20241105,石景山,苹果园,101127416549,西黄新村北里,290万,,2室1厅 中楼层/共6层 南 北 暂无数据/其他 53.69平米 1998年建/板楼,https://s1.ljcdn.com/pegasus/redskull/images/common/default_house_detail.png?_v=202411041520163 
20241105,朝阳,潘家园,101127417057,弘善家园,268万,,1室1厅 高楼层/共28层 南 平层/简装 59.76平米 2012年建/塔楼,https://s1.ljcdn.com/pegasus/redskull/images/common/default_house_detail.png?_v=202411041520163 
20241105,西城,马甸,101127418080,马甸南村,750万,,2室1厅 高楼层/共6层 南 北 暂无数据/精装 57平米 板楼,https://s1.ljcdn.com/pegasus/redskull/images/common/default_house_detail.png?_v=202411041520163 
20241105,丰台,蒲黄榆,101127417201,刘家窑南里,248万,,2室1厅 低楼层/共16层 北 平层/精装 63平米 塔楼,https://ke-image.ljcdn.com/110000-inspection/8990494b-9275-43fb-8b88-bb37373a7edc_1000.jpg!m_fill,w_120,h_80,f_jpg?from=ke.com 
20241105,丰台,右安门外,101127417233,百合园,368万,,1室1厅 中楼层/共18层 南 西 暂无数据/精装 53.46平米 1999年建/塔楼,https://s1.ljcdn.com/pegasus/redskull/images/common/default_house_detail.png?_v=202411041520163 
20241105,丰台,北大地,101127417583,正阳小区,568万,,3室1厅 低楼层/共19层 西北 平层/简装 114.89平米 1999年建/塔楼,https://ke-image.ljcdn.com/110000-inspection/173f8a4d-9646-450f-a721-134555243b22_1000.jpg!m_fill,w_120,h_80,f_jpg?from=ke.com 
20241105,海淀,清河,101127416381,永泰西里,369万,,2室1厅 底层/共6层 南 北 暂无数据/其他 58.15平米 1998年建/板楼,https://s1.ljcdn.com/pegasus/redskull/images/common/default_house_detail.png?_v=202411041520163 
20241105,朝阳,东大桥,101127418471,核桃园北里,735万,,3室1厅 低楼层/共18层 北 西南 平层/简装 71.33平米 1990年建/塔楼,https://ke-image.ljcdn.com/110000-inspection/pc0_wvKrTPUvM_1.jpg!m_fill,w_120,h_80,f_jpg?from=ke.com 
20241105,丰台,大红门,101127416748,建欣苑四里,229万,,1室1厅 顶层/共6层 南 平层/精装 64.41平米 板楼,https://ke-image.ljcdn.com/110000-inspection/b5790621-ecb7-4a85-b16a-fc0f6e325fb5_1000.jpg!m_fill,w_120,h_80,f_jpg?from=ke.com 
20241105,亦庄开发区,亦庄,101127417329,金色漫香林二期,410万,,2室2厅 中楼层/共7层 南 北 暂无数据/其他 90.48平米 2010年建/板塔结合,https://s1.ljcdn.com/pegasus/redskull/images/common/default_house_detail.png?_v=202411041520163 
20241105,丰台,木樨园,101127417272,慧时欣园二期,760万,,3室1厅 中楼层/共27层 南 北 暂无数据/精装 141.11平米 2003年建/塔楼,https://s1.ljcdn.com/pegasus/redskull/images/common/default_house_detail.png?_v=202411041520163 
20241105,密云,溪翁庄镇,101127418551,万科云溪,180万,,2室1厅 底层/共10层 南 北 暂无数据/精装 82.11平米 板楼,https://s1.ljcdn.com/pegasus/redskull/images/common/default_house_detail.png?_v=202411041520163 
20241105,海淀,海淀北部新区,101127417173,海淀嘉郡,430万,,2室1厅 高楼层/共16层 南 暂无数据/精装 88.2平米 板楼,https://s1.ljcdn.com/pegasus/redskull/images/common/default_house_detail.png?_v=202411041520163 
20241105,朝阳,甘露园,101127418583,甘露园南里,510万,,2室1厅 顶层/共18层 南 平层/简装 89.82平米 2002年建/塔楼,https://ke-image.ljcdn.com/110000-inspection/pc0_dtRxCCceD_2.jpg!m_fill,w_120,h_80,f_jpg?from=ke.com 
20241105,昌平,天通苑,101127417604,天通苑北一区,340万,,2室1厅 中楼层/共29层 东 暂无数据/精装 86.38平米 2005年建/塔楼,https://s1.ljcdn.com/pegasus/redskull/images/common/default_house_detail.png?_v=202411041520163 
20241105,石景山,鲁谷,101127417490,六合园,400万,,3室2厅 高楼层/共7层 南 北 跃层/精装 121.7平米 板楼,https://s1.ljcdn.com/pegasus/redskull/images/common/default_house_detail.png?_v=202411041520163 
20241105,石景山,石景山其它,101127416966,金隅滨和园7号院,175万,,1室1厅 高楼层/共28层 南 平层/精装 58.24平米 板楼,https://ke-image.ljcdn.com/110000-inspection/f1127fcb-2943-45d3-8165-cf18c3f40c0e_1000.jpg!m_fill,w_120,h_80,f_jpg?from=ke.com 
20241105,顺义,李桥,101127416733,馨港庄园三区,125万,,1室1厅 高楼层/共6层 东北 平层/简装 52.12平米 板楼,https://ke-image.ljcdn.com/110000-inspection/9c22453d-45be-4eb1-8833-6c2c8d9fdec2_1000.jpg!m_fill,w_120,h_80,f_jpg?from=ke.com 
20241105,东城,天坛,101127417496,金鱼池西区,290万,,2室1厅 地下室/共7层 南 北 平层/精装 55.87平米 板楼,https://ke-image.ljcdn.com/110000-inspection/pc0_LDVA9Vooq_2.jpg!m_fill,w_120,h_80,f_jpg?from=ke.com 
20241105,通州,临河里,101127418345,华业东方玫瑰A区,138万,,1室0厅 低楼层/共27层 东 平层/其他 30.54平米 2012年建/板塔结合,https://ke-image.ljcdn.com/110000-inspection/9e8dff3c-7502-491d-bcef-38ac3c6e734f_1000.jpg!m_fill,w_120,h_80,f_jpg?from=ke.com 
20241105,西城,月坛,101127418127,三里河三区,980万,,3室1厅 顶层/共5层 南 北 平层/精装 76.4平米 板楼,https://ke-image.ljcdn.com/110000-inspection/b043a66e-5db3-437f-96de-242b552dade3_1000.jpg!m_fill,w_120,h_80,f_jpg?from=ke.com 
20241105,海淀,牡丹园,101127418672,牡丹园西里,550万,,2室1厅 中楼层/共16层 西南 暂无数据/精装 58.4平米 塔楼,https://s1.ljcdn.com/pegasus/redskull/images/common/default_house_detail.png?_v=202411041520163 
20241105,海淀,紫竹桥,101127418255,车道沟南里,659万,,3室1厅 高楼层/共21层 东 西 北 平层/毛坯 79.5平米 塔楼,https://ke-image.ljcdn.com/110000-inspection/pc0_bhaNRRti2.jpg!m_fill,w_120,h_80,f_jpg?from=ke.com 
20241105,丰台,成寿寺,101127418715,静馨嘉苑,465万,,2室1厅 中楼层/共17层 东 平层/精装 96.99平米 2002年建/板塔结合,https://s1.ljcdn.com/pegasus/redskull/images/common/default_house_detail.png?_v=202411041520163 
20241105,海淀,知春路,101127417286,罗庄南里,499万,,2室1厅 高楼层/共6层 南 北 平层/精装 54.68平米 板楼,https://s1.ljcdn.com/pegasus/redskull/images/common/default_house_detail.png?_v=202411041520163 
20241105,东城,东花市,101127417720,本家润园C区,770万,,2室1厅 低楼层/共18层 南 北 平层/其他 83.26平米 板塔结合,https://ke-image.ljcdn.com/110000-inspection/c86910a7-2e84-465e-9841-dda0d829ccf3_1000.jpg!m_fill,w_120,h_80,f_jpg?from=ke.com 
20241105,大兴,瀛海,101127418960,中国铁建花语金郡,238万,,2室1厅 底层/共20层 西 暂无数据/其他 65.77平米 板楼,https://s1.ljcdn.com/pegasus/redskull/images/common/default_house_detail.png?_v=202411041520163 
20241105,昌平,天通苑,101127417701,天通苑北三区,425万,,3室1厅 中楼层/共6层 南 北 平层/简装 129.54平米 板楼,https://s1.ljcdn.com/pegasus/redskull/images/common/default_house_detail.png?_v=202411041520163 
20241105,海淀,苏州桥,101127418001,海淀南路,620万,,2室1厅 低楼层/共16层 南 平层/其他 64.58平米 塔楼,https://ke-image.ljcdn.com/110000-inspection/pc0_BaPOhIWqq_1.jpg!m_fill,w_120,h_80,f_jpg?from=ke.com 
20241105,顺义,顺义城,101127417596,建新南区,220万,,2室1厅 顶层/共6层 南 平层/简装 41.53平米 1987年建/板楼,https://ke-image.ljcdn.com/110000-inspection/pc0_RvsElnP6G.jpg!m_fill,w_120,h_80,f_jpg?from=ke.com 
20241105,丰台,右安门外,101127418819,右外西二条,249万,,2室1厅 顶层/共6层 东 西北 平层/简装 60.06平米 板楼,https://ke-image.ljcdn.com/110000-inspection/apc_9cUw0ziKW_1.jpg!m_fill,w_120,h_80,f_jpg?from=ke.com 
20241105,朝阳,潘家园,101127419111,弘善家园,306万,,2室1厅 中楼层/共28层 西南 平层/精装 79.37平米 2020年建/塔楼,https://ke-image.ljcdn.com/110000-inspection/pc0_mWETdP55i_1.jpg!m_fill,w_120,h_80,f_jpg?from=ke.com 
20241105,朝阳,甜水园,101127417406,延静里,299万,,2室1厅 高楼层/共6层 南 平层/精装 57.69平米 板楼,https://ke-image.ljcdn.com/110000-inspection/f91996d9-6c14-4c63-845f-bdd17220d2b7_1000.jpg!m_fill,w_120,h_80,f_jpg?from=ke.com 
20241105,通州,武夷花园,101127418907,京贸国际城,736万,,3室2厅 低楼层/共33层 南 北 平层/精装 124.1平米 2019年建/板塔结合,https://ke-image.ljcdn.com/110000-inspection/bb65cf42-e47d-4c75-b4d5-5b3be964976e_1000.jpg!m_fill,w_120,h_80,f_jpg?from=ke.com 
20241105,丰台,北大地,101127418841,正阳小区,580万,,2室1厅 低楼层/共19层 南 西 平层/精装 101.62平米 塔楼,https://s1.ljcdn.com/pegasus/redskull/images/common/default_house_detail.png?_v=202411041520163 
20241105,朝阳,亚运村,101127419223,慧忠北里第三社区,950万,,4室2厅 低楼层/共25层 东南 暂无数据/简装 147.38平米 1997年建/塔楼,https://s1.ljcdn.com/pegasus/redskull/images/common/default_house_detail.png?_v=202411041520163 
20241105,丰台,赵公口,101127417772,彩虹城三区,505万,,2室1厅 低楼层/共14层 南 平层/简装 89.36平米 2005年建/板塔结合,https://ke-image.ljcdn.com/110000-inspection/d2be9973-3fd0-4781-9d22-fe1a5c1e18f4_1000.jpg!m_fill,w_120,h_80,f_jpg?from=ke.com 
20241105,朝阳,定福庄,101127418353,电建南院,285万,,2室1厅 顶层/共6层 南 北 暂无数据/简装 69.13平米 板楼,https://s1.ljcdn.com/pegasus/redskull/images/common/default_house_detail.png?_v=202411041520163 
20241105,丰台,玉泉营,101127418229,万柳西园,588万,,2室2厅 中楼层/共6层 南 北 平层/精装 91.26平米 板楼,https://ke-image.ljcdn.com/110000-inspection/165d6866-195a-405e-87d8-8fe8f9f86c09_1000.jpg!m_fill,w_120,h_80,f_jpg?from=ke.com 
20241105,海淀,清河,101127419055,水木天成,455万,,2室1厅 低楼层/共26层 东 平层/其他 67.1平米 板楼,https://s1.ljcdn.com/pegasus/redskull/images/common/default_house_detail.png?_v=202411041520163 
20241105,西城,官园,101127419291,富国里小区,1300万,,3室2厅 中楼层/共5层 西北 平层/精装 100.6平米 板楼,https://ke-image.ljcdn.com/110000-inspection/2b418187-acf5-4584-ba80-f241a76b2ba1_1000.jpg!m_fill,w_120,h_80,f_jpg?from=ke.com 
20241105,西城,宣武门,101127419559,椿树园,650万,,2室1厅 中楼层/共13层 东 西 平层/其他 64.85平米 1999年建/板楼,https://s1.ljcdn.com/pegasus/redskull/images/common/default_house_detail.png?_v=202411041520163 
20241105,昌平,天通苑,101127419209,天通苑中苑,300万,,1室1厅 高楼层/共20层 西南 暂无数据/简装 74.74平米 2008年建/塔楼,https://s1.ljcdn.com/pegasus/redskull/images/common/default_house_detail.png?_v=202411041520163 
20241105,房山,长阳,101127419331,清苑嘉园,143万,,1室1厅 高楼层/共15层 南 平层/简装 59.33平米 2017年建/板楼,https://ke-image.ljcdn.com/110000-inspection/pc0_L9rekVtsj_1.jpg!m_fill,w_120,h_80,f_jpg?from=ke.com 
20241105,通州,果园,101127419696,雅丽世居,320万,,2室2厅 中楼层/共18层 南 北 复式/简装 103.44平米 2005年建/板楼,https://ke-image.ljcdn.com/110000-inspection/ca71c7ec-0b90-4f73-a131-2dda485821d7_1000.jpg!m_fill,w_120,h_80,f_jpg?from=ke.com 
20241105,大兴,天宫院,101127419498,鑫苑鑫都汇,350万,,2室2厅 中楼层/共25层 南 平层/其他 84.35平米 2015年建/板塔结合,https://ke-image.ljcdn.com/110000-inspection/5b689d6b-8129-4907-8f30-350f6f5e1370_1000.jpg!m_fill,w_120,h_80,f_jpg?from=ke.com 
20241105,昌平,回龙观,101127419792,龙跃苑四区,390万,,2室1厅 中楼层/共6层 南 北 平层/简装 90.41平米 2005年建/板楼,https://ke-image.ljcdn.com/110000-inspection/09396265-025d-4d0a-b79c-3f27b5f9d604_1000.jpg!m_fill,w_120,h_80,f_jpg?from=ke.com 
20241105,丰台,马家堡,101127419610,马家堡西里,345万,,2室1厅 低楼层/共18层 东南 暂无数据/精装 63.69平米 塔楼,https://s1.ljcdn.com/pegasus/redskull/images/common/default_house_detail.png?_v=202411041520163 
20241105,丰台,青塔,101127418776,青塔芳园,270万,,3室1厅 顶层/共6层 南 北 平层/其他 75.68平米 板楼,https://ke-image.ljcdn.com/110000-inspection/apc_yNqNtz7b0_1.jpg!m_fill,w_120,h_80,f_jpg?from=ke.com 
20241105,海淀,清河,101127418486,永泰园,818万,,2室1厅 低楼层/共10层 南 北 平层/其他 107.22平米 板楼,https://ke-image.ljcdn.com/110000-inspection/pc0_9YVBkqf26_1.jpg!m_fill,w_120,h_80,f_jpg?from=ke.com 
20241105,朝阳,华威桥,101127418398,山水文园四期,2000万,,4室2厅 中楼层/共13层 南 北 暂无数据/精装 233.28平米 2009年建/板楼,https://s1.ljcdn.com/pegasus/redskull/images/common/default_house_detail.png?_v=202411041520163 
20241105,门头沟,城子,101127418856,三家店华北路,140万,,2室1厅 高楼层/共6层 南 北 平层/简装 70.24平米 板楼,https://ke-image.ljcdn.com/110000-inspection/0e6599d3-420f-4b81-ab84-e5287e7206f5_1000.jpg!m_fill,w_120,h_80,f_jpg?from=ke.com 
20241105,朝阳,十里河,101127419330,周庄嘉园东里C区,249万,,1室1厅 低楼层/共6层 南 北 平层/其他 48.05平米 板楼,https://ke-image.ljcdn.com/110000-inspection/pc0_laM0XDpom.jpg!m_fill,w_120,h_80,f_jpg?from=ke.com 
20241105,朝阳,东坝,101127418542,华瀚福园D区,191万,,1室1厅 中楼层/共18层 东南 暂无数据/其他 53.93平米 2016年建/板楼,https://s1.ljcdn.com/pegasus/redskull/images/common/default_house_detail.png?_v=202411041520163 
20241105,门头沟,冯村,101127420215,冯村信园小区,215万,,2室1厅 顶层/共6层 南 北 平层/精装 72.04平米 板楼,https://ke-image.ljcdn.com/110000-inspection/pc0_5Jeo7s688.jpg!m_fill,w_120,h_80,f_jpg?from=ke.com 
20241105,大兴,大兴其它,101127418984,首座御园一区二期,285万,,2室1厅 高楼层/共14层 东南 平层/其他 90.83平米 2015年建/塔楼,https://s1.ljcdn.com/pegasus/redskull/images/common/default_house_detail.png?_v=202411041520163 
20241105,海淀,牡丹园,101127420203,塔院小区,418万,,2室1厅 顶层/共14层 南 平层/精装 63.7平米 1992年建/板塔结合,https://ke-image.ljcdn.com/110000-inspection/pc0_uVOJs8Qxw.jpg!m_fill,w_120,h_80,f_jpg?from=ke.com 
20241105,丰台,看丹桥,101127420111,新华街二里,260万,,2室1厅 中楼层/共6层 南 北 平层/其他 56.1平米 板楼,https://s1.ljcdn.com/pegasus/redskull/images/common/default_house_detail.png?_v=202411041520163 
20241105,门头沟,城子,101127418654,三家店华北路,158万,,2室1厅 低楼层/共6层 南 北 平层/简装 70.24平米 板楼,https://ke-image.ljcdn.com/110000-inspection/e52cebe6-b6ee-4905-be81-eb76d7e8c726_1000.jpg!m_fill,w_120,h_80,f_jpg?from=ke.com 
20241105,朝阳,惠新西街,101127419096,惠新里小区,528万,,2室1厅 低楼层/共18层 南 东北 平层/其他 69.61平米 1989年建/塔楼,https://ke-image.ljcdn.com/110000-inspection/pc0_9TEJiDdH2.jpg!m_fill,w_120,h_80,f_jpg?from=ke.com 
20241105,海淀,六里桥,101127419604,莲花小区,730万,,2室2厅 高楼层/共28层 西南 平层/其他 91.92平米 2004年建/塔楼,https://ke-image.ljcdn.com/110000-inspection/6eb74bb6-ebd3-45c0-9a95-b5b58216e104_1000.jpg!m_fill,w_120,h_80,f_jpg?from=ke.com 
20241105,朝阳,定福庄,101127419176,美然动力A2区,525万,,3室1厅 中楼层/共13层 东 南 北 平层/简装 119.62平米 2003年建/板楼,https://s1.ljcdn.com/pegasus/redskull/images/common/default_house_detail.png?_v=202411041520163 
20241105,海淀,清河,101127419748,宝盛北里,420万,,1室1厅 中楼层/共6层 南 北 暂无数据/精装 62.57平米 板楼,https://s1.ljcdn.com/pegasus/redskull/images/common/default_house_detail.png?_v=202411041520163 
20241105,大兴,天宫院,101127420331,住总万科橙,309万,,2室1厅 高楼层/共18层 南 北 平层/简装 78.75平米 板楼,https://ke-image.ljcdn.com/110000-inspection/pc0_mBfg1GpWq_2.jpg!m_fill,w_120,h_80,f_jpg?from=ke.com 
20241105,海淀,上地,101127419069,马连洼北路1号院,750万,,2室1厅 中楼层/共5层 南 平层/精装 53.8平米 1997年建/板楼,https://s1.ljcdn.com/pegasus/redskull/images/common/default_house_detail.png?_v=202411041520163 
20241105,海淀,紫竹桥,101127419793,富丽小区,1200万,,3室1厅 底层/共7层 南 北 暂无数据/精装 104.07平米 1999年建/板楼,https://ke-image.ljcdn.com/110000-inspection/pc0_XW82qBgoR_2.jpg!m_fill,w_120,h_80,f_jpg?from=ke.com 
20241105,海淀,学院路,101127420313,八家嘉园,680万,,2室1厅 低楼层/共25层 东北 南 暂无数据/其他 88.82平米 2014年建/板楼,https://s1.ljcdn.com/pegasus/redskull/images/common/default_house_detail.png?_v=202411041520163 
20241105,丰台,科技园区,101127420743,富锦嘉园一区,508万,,2室2厅 顶层/共6层 南 北 复式/其他 90.41平米 板楼,https://ke-image.ljcdn.com/110000-inspection/pc0_mhm7fm7LG_1.jpg!m_fill,w_120,h_80,f_jpg?from=ke.com 
20241105,通州,通州其它,101127419320,天鸿颐景别墅,1600万,,5室3厅 底层/共1层 南 北 复式/其他 290.94平米 2016年建/板楼,https://ke-image.ljcdn.com/110000-inspection/pc0_5qivVV7xd_1.jpg!m_fill,w_120,h_80,f_jpg?from=ke.com 
20241105,房山,长阳,101127420082,徜徉嘉园6号院,379万,,3室1厅 高楼层/共11层 南 北 平层/其他 92.02平米 2014年建/板楼,https://s1.ljcdn.com/pegasus/redskull/images/common/default_house_detail.png?_v=202411041520163 
20241105,朝阳,华威桥,101127420858,南新园,210万,,1室1厅 高楼层/共24层 西 暂无数据/简装 45.02平米 塔楼,https://s1.ljcdn.com/pegasus/redskull/images/common/default_house_detail.png?_v=202411041520163 
20241105,昌平,立水桥,101127420639,溪城家园,308万,,1室1厅 低楼层/共15层 南 平层/精装 65.11平米 2010年建/板楼,https://ke-image.ljcdn.com/110000-inspection/3fcdedd6-6faa-49d0-a519-a1378b6ce901_1000.jpg!m_fill,w_120,h_80,f_jpg?from=ke.com 
20241105,西城,牛街,101127419544,平原里小区,845万,,3室1厅 中楼层/共5层 南 北 复式/其他 83.53平米 板楼,https://s1.ljcdn.com/pegasus/redskull/images/common/default_house_detail.png?_v=202411041520163 
20241105,朝阳,北苑,101127419644,朝来绿色家园广华居,739万,,3室2厅 中楼层/共23层 东 南 北 暂无数据/精装 149.08平米 2004年建/塔楼,https://s1.ljcdn.com/pegasus/redskull/images/common/default_house_detail.png?_v=202411041520163 
20241105,大兴,义和庄,101127421312,佟馨家园A区,149万,,1室1厅 中楼层/共18层 南 平层/其他 49.06平米 2016年建/板楼,https://ke-image.ljcdn.com/110000-inspection/pc0_qEWQExvIc_2.jpg!m_fill,w_120,h_80,f_jpg?from=ke.com 
20241105,通州,玉桥,101127420867,玉桥西里70号院,260万,,2室1厅 顶层/共6层 南 北 暂无数据/精装 77.89平米 板楼,https://s1.ljcdn.com/pegasus/redskull/images/common/default_house_detail.png?_v=202411041520163 
20241105,门头沟,城子,101127420671,城子大街96号院,169万,,2室1厅 顶层/共6层 东 西 平层/其他 69.18平米 板塔结合,https://ke-image.ljcdn.com/110000-inspection/95633a9a-ef19-4576-9930-79a3bb5ae6e3_1000.jpg!m_fill,w_120,h_80,f_jpg?from=ke.com 
20241105,丰台,大红门,101127420322,上海建筑,685万,,3室1厅 低楼层/共15层 东南 平层/精装 95.83平米 2010年建/板塔结合,https://ke-image.ljcdn.com/110000-inspection/pc0_FlsxuClT1_1.jpg!m_fill,w_120,h_80,f_jpg?from=ke.com 
20241105,朝阳,朝阳公园,101127420117,泰华滨河苑,480万,,2室1厅 中楼层/共27层 南 平层/精装 82.77平米 2005年建/板塔结合,https://s1.ljcdn.com/pegasus/redskull/images/common/default_house_detail.png?_v=202411041520163 
20241105,朝阳,常营,101127421376,柏林爱乐一期,560万,,2室1厅 中楼层/共11层 南 北 平层/其他 101.43平米 2002年建/板楼,https://ke-image.ljcdn.com/110000-inspection/0b2c2629-7f33-4b8d-a1ae-64164d1094f8_1000.jpg!m_fill,w_120,h_80,f_jpg?from=ke.com 
20241105,房山,阎村,101127420921,腾龙家园三区,159万,,2室2厅 低楼层/共11层 南 北 平层/其他 103.36平米 2013年建/板楼,https://s1.ljcdn.com/pegasus/redskull/images/common/default_house_detail.png?_v=202411041520163 
20241105,通州,乔庄,101127419646,阳光好东东,435万,,2室1厅 中楼层/共10层 南 北 平层/其他 103.76平米 2005年建/板塔结合,https://s1.ljcdn.com/pegasus/redskull/images/common/default_house_detail.png?_v=202411041520163 
20241105,大兴,枣园,101127420449,马赛公馆,450万,,3室1厅 中楼层/共17层 南 北 平层/精装 104.26平米 2012年建/板楼,https://ke-image.ljcdn.com/110000-inspection/pc0_eoqhqNKDH_2.jpg!m_fill,w_120,h_80,f_jpg?from=ke.com 
20241105,朝阳,安贞,101127420056,安华里社区,268万,,1室1厅 低楼层/共13层 西南 暂无数据/精装 46.82平米 1992年建/板塔结合,https://s1.ljcdn.com/pegasus/redskull/images/common/default_house_detail.png?_v=202411041520163 
20241105,房山,长阳,101127421479,合景领峰7号院,820万,,5室2厅 底层/共4层 南 北 暂无数据/其他 173.59平米 板楼,https://s1.ljcdn.com/pegasus/redskull/images/common/default_house_detail.png?_v=202411041520163 
20241105,海淀,中关村,101127420517,紫金数码,415万,,1室1厅 中楼层/共13层 东 暂无数据/精装 39.48平米 板楼,https://s1.ljcdn.com/pegasus/redskull/images/common/default_house_detail.png?_v=202411041520163 
20241105,丰台,马家堡,101127421664,名都家苑,350万,,1室1厅 中楼层/共12层 北 平层/简装 55.82平米 2006年建/板楼,https://ke-image.ljcdn.com/110000-inspection/apc_JApzWlG5m_1.jpg!m_fill,w_120,h_80,f_jpg?from=ke.com 
20241105,海淀,双榆树,101127421371,知春里,788万,,3室1厅 中楼层/共6层 南 北 暂无数据/简装 73.2平米 板楼,https://s1.ljcdn.com/pegasus/redskull/images/common/default_house_detail.png?_v=202411041520163 
20241105,海淀,公主坟,101127420577,翠微南里,655万,,2室1厅 低楼层/共18层 南 平层/其他 68.39平米 塔楼,https://ke-image.ljcdn.com/110000-inspection/84eca4c7-9b11-4006-86cd-a388b8c388e6_1000.jpg!m_fill,w_120,h_80,f_jpg?from=ke.com 
20241105,丰台,赵公口,101127419854,裕隆园,530万,,2室1厅 低楼层/共21层 东 南 平层/简装 110.43平米 塔楼,https://ke-image.ljcdn.com/110000-inspection/e0be4283-afd8-4f13-925f-e292349cde6a_1000.jpg!m_fill,w_120,h_80,f_jpg?from=ke.com 
20241105,朝阳,东坝,101127421231,奥林匹克花园一期,1150万,,4室2厅 中楼层/共8层 南 北 平层/精装 164.18平米 板楼,https://ke-image.ljcdn.com/110000-inspection/pc0_9EXVBtpas_1.jpg!m_fill,w_120,h_80,f_jpg?from=ke.com 
20241105,朝阳,团结湖,101127420168,团结湖路,290万,,1室1厅 低楼层/共6层 东 平层/精装 37平米 板楼,https://s1.ljcdn.com/pegasus/redskull/images/common/default_house_detail.png?_v=202411041520163 
20241105,海淀,甘家口,101127420820,建设部大院,838万,,3室1厅 低楼层/共16层 东 西 北 平层/简装 71.31平米 板楼,https://ke-image.ljcdn.com/110000-inspection/pc0_KORhaWf2w.jpg!m_fill,w_120,h_80,f_jpg?from=ke.com 
20241105,大兴,西红门,101127420645,兴海家园日苑,380万,,2室1厅 低楼层/共6层 南 北 暂无数据/简装 84.3平米 板楼,https://s1.ljcdn.com/pegasus/redskull/images/common/default_house_detail.png?_v=202411041520163 
20241105,昌平,天通苑,101127420492,天通苑北三区,580万,,3室2厅 高楼层/共7层 南 北 平层/简装 142.66平米 板楼,https://s1.ljcdn.com/pegasus/redskull/images/common/default_house_detail.png?_v=202411041520163 
20241105,东城,崇文门,101127421723,南岗子,510万,,2室1厅 中楼层/共6层 南 北 平层/其他 57.87平米 1988年建/板楼,https://ke-image.ljcdn.com/110000-inspection/3fe4058c-7495-4667-a721-8bfe7cfff5ce_1000.jpg!m_fill,w_120,h_80,f_jpg?from=ke.com 
20241105,丰台,科技园区,101127420710,广安康润家园东区,179万,,1室1厅 低楼层/共16层 东 暂无数据/精装 61.63平米 2021年建/板楼,https://s1.ljcdn.com/pegasus/redskull/images/common/default_house_detail.png?_v=202411041520163 
20241105,亦庄开发区,亦庄,101127420652,贵园东里,348万,,2室1厅 高楼层/共6层 南 北 暂无数据/简装 83.69平米 1997年建/板楼,https://s1.ljcdn.com/pegasus/redskull/images/common/default_house_detail.png?_v=202411041520163 
20241105,东城,朝阳门内,101127421156,朝阳门内大街,426万,,1室1厅 高楼层/共6层 南 平层/精装 38.69平米 1991年建/板楼,https://ke-image.ljcdn.com/110000-inspection/dfcc66bc-dd79-48dd-891f-bc06984e3f53_1000.jpg!m_fill,w_120,h_80,f_jpg?from=ke.com 
20241105,西城,木樨地,101127420993,白云观,688万,,1室1厅 高楼层/共6层 南 平层/简装 50.1平米 板楼,https://s1.ljcdn.com/pegasus/redskull/images/common/default_house_detail.png?_v=202411041520163 
20241105,丰台,北京南站,101127422096,翠林二里,290万,,2室1厅 中楼层/共6层 南 北 平层/简装 61.95平米 板楼,https://ke-image.ljcdn.com/110000-inspection/apc_4lHDYKuVb_1.jpg!m_fill,w_120,h_80,f_jpg?from=ke.com 
20241105,顺义,后沙峪,101127421647,中粮祥云国际生活区,1800万,,5室2厅 底层/共15层 东 南 北 复式/其他 532.25平米 2014年建/板楼,https://ke-image.ljcdn.com/110000-inspection/b12b6df5-ca3a-4be1-8ed6-6bbce1ade9e8_1000.jpg!m_fill,w_120,h_80,f_jpg?from=ke.com 
20241105,丰台,草桥,101127422103,草桥欣园三区,660万,,3室1厅 高楼层/共18层 南 北 平层/精装 102.04平米 2001年建/板楼,https://ke-image.ljcdn.com/110000-inspection/e568e14c-e639-49df-943a-70201161403b_1000.jpg!m_fill,w_120,h_80,f_jpg?from=ke.com 
20241105,丰台,科技园区,101127421835,怡海花园恒泰园,585万,,3室2厅 高楼层/共7层 南 北 复式/精装 117.76平米 1997年建/板楼,https://s1.ljcdn.com/pegasus/redskull/images/common/default_house_detail.png?_v=202411041520163 
20241105,海淀,马连洼,101127421172,西山华府珑园,1900万,,3室2厅 底层/共4层 南 北 暂无数据/其他 169.55平米 板楼,https://s1.ljcdn.com/pegasus/redskull/images/common/default_house_detail.png?_v=202411041520163 
20241105,石景山,苹果园,101127421663,模式口西里,230万,,2室1厅 低楼层/共16层 东南 平层/其他 62.97平米 1988年建/塔楼,https://s1.ljcdn.com/pegasus/redskull/images/common/default_house_detail.png?_v=202411041520163 
20241105,朝阳,望京,101127421045,鹿港嘉苑,755万,,2室1厅 顶层/共23层 南 平层/简装 94.36平米 板楼,https://s1.ljcdn.com/pegasus/redskull/images/common/default_house_detail.png?_v=202411041520163 
20241105,西城,宣武门,101127422240,四合上院,2100万,,3室1厅 高楼层/共14层 东 西 平层/精装 127.71平米 2013年建/板楼,https://ke-image.ljcdn.com/110000-inspection/pc0_fr7do3rWV_2.jpg!m_fill,w_120,h_80,f_jpg?from=ke.com 
20241105,西城,官园,101127421618,西直门南小街,540万,,1室1厅 中楼层/共16层 南 东 平层/其他 44.1平米 塔楼,https://ke-image.ljcdn.com/110000-inspection/apc_nsvP87xdt_1.jpg!m_fill,w_120,h_80,f_jpg?from=ke.com 
20241105,朝阳,甜水园,101127421743,道家园,258万,,1室1厅 低楼层/共18层 东南 平层/其他 45.04平米 1996年建/塔楼,https://ke-image.ljcdn.com/110000-inspection/a07457cf-0e0f-41d7-b95a-81a612564f3e_1000.jpg!m_fill,w_120,h_80,f_jpg?from=ke.com 
20241105,海淀,中关村,101127421345,紫金数码,310万,,1室0厅 中楼层/共13层 西 平层/精装 39平米 板楼,https://s1.ljcdn.com/pegasus/redskull/images/common/default_house_detail.png?_v=202411041520163 
20241105,昌平,回龙观,101127421144,东亚上北中心,108万,,1室1厅 中楼层/共21层 北 平层/其他 38.43平米 2009年建/塔楼,https://s1.ljcdn.com/pegasus/redskull/images/common/default_house_detail.png?_v=202411041520163 
20241105,海淀,西直门,101127421308,交大嘉园,990万,,2室1厅 中楼层/共19层 西北 平层/其他 87.88平米 2003年建/塔楼,https://ke-image.ljcdn.com/110000-inspection/b0adb137-0d26-417d-ba93-14de76a6dd1d_1000.jpg!m_fill,w_120,h_80,f_jpg?from=ke.com 
20241105,石景山,杨庄,101127421366,杨庄中区,260万,,1室1厅 低楼层/共16层 东 平层/简装 61.6平米 1996年建/板楼,https://ke-image.ljcdn.com/110000-inspection/fdbe1888-d799-4ab2-8798-d128fa32658d_1000.jpg!m_fill,w_120,h_80,f_jpg?from=ke.com 
20241105,朝阳,惠新西街,101127422707,罗马花园,86万,,车位 暂无数据 南 暂无数据/其他 20.73平米 塔楼,https://s1.ljcdn.com/pegasus/redskull/images/common/default_house_detail.png?_v=202411041520163 
20241105,丰台,丰台其它,101127421485,燕西华府,258万,,2室1厅 底层/共6层 南 平层/毛坯 87.34平米 板楼,https://ke-image.ljcdn.com/110000-inspection/pc0_vjC5668Cz_2.jpg!m_fill,w_120,h_80,f_jpg?from=ke.com 
20241105,朝阳,东坝,101127422175,汇景苑二区,420万,,3室1厅 中楼层/共28层 东 南 北 平层/简装 88.23平米 2016年建/板塔结合,https://ke-image.ljcdn.com/110000-inspection/pc0_H2m68pcIX_1.jpg!m_fill,w_120,h_80,f_jpg?from=ke.com 
20241105,朝阳,奥林匹克公园,101127421384,天畅园,820万,,3室2厅 中楼层/共29层 西南 平层/精装 183.04平米 2008年建/塔楼,https://ke-image.ljcdn.com/110000-inspection/39a7c3b5-9c5f-4cc1-9ab4-e1efee38ea08_1000.jpg!m_fill,w_120,h_80,f_jpg?from=ke.com 
20241105,东城,朝阳门内,101127421166,朝阳门南小街,890万,,3室1厅 中楼层/共16层 南 北 平层/简装 85.17平米 板塔结合,https://ke-image.ljcdn.com/110000-inspection/b3eaeec0-cc45-48a4-aea9-2f60bfa26c6d_1000.jpg!m_fill,w_120,h_80,f_jpg?from=ke.com 
20241105,丰台,木樨园,101127422207,定安西里,287万,,3室1厅 中楼层/共6层 南 西 北 平层/精装 62.2平米 板楼,https://s1.ljcdn.com/pegasus/redskull/images/common/default_house_detail.png?_v=202411041520163 
20241105,朝阳,三元桥,101127422899,凤凰城三期,1230万,,2室1厅 低楼层/共31层 南 平层/精装 115.25平米 2006年建/板塔结合,https://s1.ljcdn.com/pegasus/redskull/images/common/default_house_detail.png?_v=202411041520163 
20241105,朝阳,劲松,101127422020,农光里,260万,,1室1厅 高楼层/共6层 南 北 平层/精装 42.79平米 1986年建/板楼,https://s1.ljcdn.com/pegasus/redskull/images/common/default_house_detail.png?_v=202411041520163 
20241105,石景山,石景山其它,101127421709,金隅滨和园7号院,159万,,1室1厅 高楼层/共28层 南 平层/其他 58.24平米 2014年建/板楼,https://ke-image.ljcdn.com/110000-inspection/pc0_Pzb0iIT2Y.jpg!m_fill,w_120,h_80,f_jpg?from=ke.com 
20241105,通州,通州其它,101127422514,十里春风,105万,,2室1厅 低楼层/共20层 南 北 暂无数据/其他 81.69平米 板楼,https://s1.ljcdn.com/pegasus/redskull/images/common/default_house_detail.png?_v=202411041520163 
20241105,东城,崇文门,101127422100,新裕家园,1495万,,3室1厅 中楼层/共16层 南 北 暂无数据/精装 129.63平米 板楼,https://s1.ljcdn.com/pegasus/redskull/images/common/default_house_detail.png?_v=202411041520163 
20241105,丰台,蒲黄榆,101127423168,蒲黄榆一里,650万,,2室1厅 顶层/共5层 东 西 平层/简装 69.9平米 1997年建/板楼,https://s1.ljcdn.com/pegasus/redskull/images/common/default_house_detail.png?_v=202411041520163 
20241105,门头沟,滨河西区,101127422181,永兴小区,249万,,2室1厅 底层/共6层 南 北 平层/精装 73.94平米 板楼,https://s1.ljcdn.com/pegasus/redskull/images/common/default_house_detail.png?_v=202411041520163 
20241105,丰台,马家堡,101127422495,丽水园,660万,,2室1厅 中楼层/共10层 南 北 平层/简装 95.34平米 板楼,https://s1.ljcdn.com/pegasus/redskull/images/common/default_house_detail.png?_v=202411041520163 
20241105,海淀,苏州桥,101127421646,小南庄社区,900万,,3室1厅 顶层/共6层 西 东 南 平层/简装 82.49平米 1995年建/板楼,https://s1.ljcdn.com/pegasus/redskull/images/common/default_house_detail.png?_v=202411041520163 
20241105,顺义,顺义城,101127422102,西辛南区,260万,,3室2厅 中楼层/共7层 南 北 平层/其他 92.67平米 板楼,https://ke-image.ljcdn.com/110000-inspection/1fa573f8-eede-44e9-868e-0115a460b1a9_1000.jpg!m_fill,w_120,h_80,f_jpg?from=ke.com 
20241105,海淀,马甸,101127422340,钟表南园,450万,,2室1厅 中楼层/共6层 南 北 平层/其他 54.9平米 2001年建/板楼,https://ke-image.ljcdn.com/110000-inspection/0d52fe18-e974-4c6d-adbe-351b71fc150c_1000.jpg!m_fill,w_120,h_80,f_jpg?from=ke.com 
20241105,丰台,青塔,101127422236,春园,238万,,2室1厅 低楼层/共24层 南 平层/其他 57.18平米 塔楼,https://s1.ljcdn.com/pegasus/redskull/images/common/default_house_detail.png?_v=202411041520163 
20241105,东城,安定门,101127422093,六铺炕,650万,,2室1厅 中楼层/共10层 东 西 暂无数据/简装 60.61平米 板楼,https://s1.ljcdn.com/pegasus/redskull/images/common/default_house_detail.png?_v=202411041520163 
20241105,海淀,甘家口,101127422357,阜南小区,477万,,2室1厅 中楼层/共5层 南 北 暂无数据/精装 54.21平米 板楼,https://s1.ljcdn.com/pegasus/redskull/images/common/default_house_detail.png?_v=202411041520163 
20241105,密云,古北口镇,101127422221,龙湖长城源著1号院,95万,,1室1厅 中楼层/共8层 东 暂无数据/精装 64.81平米 2015年建/板楼,https://s1.ljcdn.com/pegasus/redskull/images/common/default_house_detail.png?_v=202411041520163 
20241105,朝阳,潘家园,101127422184,弘善家园,320万,,2室1厅 高楼层/共27层 东 平层/精装 80.72平米 塔楼,https://ke-image.ljcdn.com/110000-inspection/633da622-d7b1-475e-bfd4-384de67de6ce_1000.jpg!m_fill,w_120,h_80,f_jpg?from=ke.com 
20241105,海淀,厂洼,101127423648,厂洼小区,750万,,3室1厅 高楼层/共6层 南 北 平层/毛坯 80.05平米 板楼,https://ke-image.ljcdn.com/110000-inspection/pc0_vqNz2sxMv.jpg!m_fill,w_120,h_80,f_jpg?from=ke.com 
20241105,通州,玉桥,101127423815,玉桥南里,240万,,2室1厅 中楼层/共6层 南 北 暂无数据/简装 67.24平米 板楼,https://s1.ljcdn.com/pegasus/redskull/images/common/default_house_detail.png?_v=202411041520163 
20241105,朝阳,垡头,101127423754,格林莱雅,615万,,2室1厅 低楼层/共17层 南 北 平层/精装 107.16平米 2009年建/板楼,https://ke-image.ljcdn.com/110000-inspection/pc0_JYvwWgCcz.jpg!m_fill,w_120,h_80,f_jpg?from=ke.com 
20241105,大兴,枣园,101127422799,康庄路52号院,286万,,2室1厅 低楼层/共22层 南 暂无数据/其他 87.04平米 2010年建/板楼,https://s1.ljcdn.com/pegasus/redskull/images/common/default_house_detail.png?_v=202411041520163 
20241105,朝阳,东坝,101127422342,华纺星海家园,270万,,1室1厅 中楼层/共11层 南 北 暂无数据/其他 63.45平米 板塔结合,https://s1.ljcdn.com/pegasus/redskull/images/common/default_house_detail.png?_v=202411041520163 
20241105,丰台,菜户营,101127423138,万泉盛景园,299万,,1室1厅 低楼层/共28层 西南 暂无数据/简装 59.48平米 2017年建/板楼,https://s1.ljcdn.com/pegasus/redskull/images/common/default_house_detail.png?_v=202411041520163 
20241105,海淀,五道口,101127422285,圆明园东里,710万,,2室1厅 中楼层/共6层 南 北 平层/其他 68.3平米 1999年建/板楼,https://ke-image.ljcdn.com/110000-inspection/pc0_K5Shf2CtU_1.jpg!m_fill,w_120,h_80,f_jpg?from=ke.com 
20241105,丰台,玉泉营,101127423802,万年花城四期,699万,,2室2厅 高楼层/共9层 南 平层/精装 98.12平米 2008年建/板楼,https://ke-image.ljcdn.com/110000-inspection/2fa4eeec-6fea-4f83-8a42-ee03829afe43_1000.jpg!m_fill,w_120,h_80,f_jpg?from=ke.com 
20241105,西城,宣武门,101127422349,椿树园,1350万,,3室1厅 中楼层/共12层 东南 暂无数据/其他 129.55平米 板塔结合,https://s1.ljcdn.com/pegasus/redskull/images/common/default_house_detail.png?_v=202411041520163 
20241105,朝阳,酒仙桥,101127422884,将府家园,492万,,2室1厅 中楼层/共16层 东 平层/简装 100.41平米 2004年建/板楼,https://ke-image.ljcdn.com/110000-inspection/pc0_KNlnTiPM9_1.jpg!m_fill,w_120,h_80,f_jpg?from=ke.com 
20241105,房山,良乡,101127423882,绿地诺亚方舟,70万,,1室1厅 低楼层/共17层 西 暂无数据/精装 50.18平米 2016年建/塔楼,https://s1.ljcdn.com/pegasus/redskull/images/common/default_house_detail.png?_v=202411041520163 
20241105,海淀,西二旗,101127422911,智学苑,710万,,3室1厅 高楼层/共6层 南 北 平层/其他 100.13平米 板楼,https://ke-image.ljcdn.com/110000-inspection/pc0_T9zoL4LT3.jpg!m_fill,w_120,h_80,f_jpg?from=ke.com 
20241105,海淀,小西天,101127422817,五月华庭,265万,,1室1厅 中楼层/共12层 南 暂无数据/精装 37.52平米 2004年建/塔楼,https://s1.ljcdn.com/pegasus/redskull/images/common/default_house_detail.png?_v=202411041520163 
20241105,朝阳,北苑,101127422748,北苑家园茉藜园,550万,,2室1厅 中楼层/共26层 南 北 平层/简装 108.14平米 2005年建/塔楼,https://s1.ljcdn.com/pegasus/redskull/images/common/default_house_detail.png?_v=202411041520163 
20241105,朝阳,北苑,101127422541,北苑家园绣菊园,315万,,1室1厅 低楼层/共14层 南 北 平层/精装 67.76平米 板楼,https://ke-image.ljcdn.com/110000-inspection/993d73f8-c8b3-4ea2-8012-b3d76a8284c1_1000.jpg!m_fill,w_120,h_80,f_jpg?from=ke.com 
20241105,西城,月坛,101127423141,二七剧场路,790万,,2室1厅 顶层/共6层 南 平层/精装 52.4平米 板楼,https://ke-image.ljcdn.com/110000-inspection/a10a78f2-e948-48c1-9bcd-59ac0111299f_1000.jpg!m_fill,w_120,h_80,f_jpg?from=ke.com 
20241105,大兴,瀛海,101127423172,首开龙湖天琅,270万,,2室1厅 低楼层/共15层 南 北 暂无数据/简装 75.94平米 板楼,https://s1.ljcdn.com/pegasus/redskull/images/common/default_house_detail.png?_v=202411041520163 
20241105,石景山,苹果园,101127424266,金顶阳光,438万,,2室1厅 中楼层/共21层 南 北 暂无数据/精装 89.27平米 板楼,https://s1.ljcdn.com/pegasus/redskull/images/common/default_house_detail.png?_v=202411041520163 
20241105,朝阳,望京,101127424203,宝星国际二期,430万,,1室1厅 中楼层/共25层 南 暂无数据/精装 63.49平米 2007年建/板楼,https://s1.ljcdn.com/pegasus/redskull/images/common/default_house_detail.png?_v=202411041520163 
20241105,丰台,菜户营,101127423148,万泉盛景园,299万,,1室1厅 低楼层/共28层 东南 暂无数据/简装 59.48平米 2017年建/板楼,https://s1.ljcdn.com/pegasus/redskull/images/common/default_house_detail.png?_v=202411041520163 
20241105,丰台,菜户营,101127423126,万泉盛景园,299万,,1室1厅 低楼层/共28层 东南 暂无数据/简装 59.48平米 2017年建/板楼,https://s1.ljcdn.com/pegasus/redskull/images/common/default_house_detail.png?_v=202411041520163 
20241105,大兴,大兴新机场洋房别墅区,101127424313,当代采育满庭春MOMA,120万,,2室1厅 低楼层/共18层 南 北 暂无数据/毛坯 89.7平米 2015年建/板楼,https://s1.ljcdn.com/pegasus/redskull/images/common/default_house_detail.png?_v=202411041520163 
20241105,大兴,高米店,101127424567,天恒世界集,188万,,3室1厅 中楼层/共13层 北 暂无数据/其他 73.75平米 塔楼,https://s1.ljcdn.com/pegasus/redskull/images/common/default_house_detail.png?_v=202411041520163 
20241105,石景山,五里坨,101127423441,绿地·京西景园,110万,,1室1厅 低楼层/共28层 南 暂无数据/精装 41.46平米 板楼,https://s1.ljcdn.com/pegasus/redskull/images/common/default_house_detail.png?_v=202411041520163 
20241105,亦庄开发区,亦庄河西区,101127423212,鹿海园五里,360万,,1室1厅 高楼层/共20层 东 南 平层/精装 70.02平米 2012年建/板楼,https://ke-image.ljcdn.com/110000-inspection/cf56eaea-98f3-4124-ae20-472992c9bcc4_1000.jpg!m_fill,w_120,h_80,f_jpg?from=ke.com 
20241105,房山,长阳,101127423954,长阳国际城三区,260万,,3室1厅 中楼层/共15层 南 北 平层/简装 89.21平米 2012年建/板楼,https://ke-image.ljcdn.com/110000-inspection/pc0_AtdflKqpU.jpg!m_fill,w_120,h_80,f_jpg?from=ke.com 
20241105,丰台,洋桥,101127424679,洋桥北里,299万,,2室2厅 底层/共6层 南 西 北 平层/精装 50.4平米 板楼,https://ke-image.ljcdn.com/110000-inspection/fb188ff8-2e13-4e0a-bf4e-10111716665a_1000.jpg!m_fill,w_120,h_80,f_jpg?from=ke.com 
20241105,海淀,厂洼,101127424944,厂洼小区,520万,,2室1厅 高楼层/共6层 南 平层/简装 61.39平米 板楼,https://s1.ljcdn.com/pegasus/redskull/images/common/default_house_detail.png?_v=202411041520163 
20241105,朝阳,燕莎,101127423117,US联邦公寓,1360万,,4室1厅 低楼层/共26层 东 西 暂无数据/精装 226.49平米 2007年建/板塔结合,https://ke-image.ljcdn.com/110000-inspection/54a95e29-3f71-4549-bd9f-774a24ea903c.jpg!m_fill,w_120,h_80,f_jpg?from=ke.com 
20241105,大兴,天宫院,101127424587,住总正华多彩嘉园,226万,,2室1厅 底层/共28层 南 北 平层/简装 75.39平米 板塔结合,https://ke-image.ljcdn.com/110000-inspection/71c8c8c0-aec1-409b-a5ad-4624be909626_1000.jpg!m_fill,w_120,h_80,f_jpg?from=ke.com 
20241105,朝阳,首都机场,101127424162,南平里,135万,,1室0厅 低楼层/共6层 南 平层/其他 32.99平米 1994年建/板楼,https://s1.ljcdn.com/pegasus/redskull/images/common/default_house_detail.png?_v=202411041520163 
20241105,朝阳,豆各庄,101127424992,富力又一城C区,415万,,2室1厅 低楼层/共21层 南 北 平层/精装 88.42平米 2010年建/板楼,https://ke-image.ljcdn.com/110000-inspection/pc0_0YTfdvhrM_1.jpg!m_fill,w_120,h_80,f_jpg?from=ke.com 
20241105,海淀,马连洼,101127424210,紫成嘉园,1500万,,3室2厅 顶层/共6层 南 北 平层/精装 150.5平米 2006年建/板楼,https://ke-image.ljcdn.com/110000-inspection/pc0_JGNc0tGwG.jpg!m_fill,w_120,h_80,f_jpg?from=ke.com 
20241105,石景山,八角,101127425002,八角北里,212万,,2室1厅 中楼层/共6层 南 平层/简装 57.98平米 1984年建/塔楼,https://ke-image.ljcdn.com/110000-inspection/07c91a3a-2ad2-4eda-b9a6-0d40c561a7f9_1000.jpg!m_fill,w_120,h_80,f_jpg?from=ke.com 
20241105,朝阳,酒仙桥,101127425113,亮马嘉园,750万,,3室2厅 低楼层/共17层 东 南 西 北 平层/其他 114.28平米 板塔结合,https://ke-image.ljcdn.com/110000-inspection/pc0_fF2tykxYC_1.jpg!m_fill,w_120,h_80,f_jpg?from=ke.com 
20241105,通州,通州北苑,101127423406,天时名苑,325万,,1室1厅 高楼层/共28层 南 北 平层/简装 64.83平米 2009年建/板塔结合,https://ke-image.ljcdn.com/110000-inspection/a871aa59-de50-4766-87a4-c065215f1e75_1000.jpg!m_fill,w_120,h_80,f_jpg?from=ke.com 
20241105,大兴,大兴新机场,101127425392,龙熙顺景丁区,400万,,3室2厅 低楼层/共15层 东 西 平层/其他 180.66平米 板楼,https://ke-image.ljcdn.com/110000-inspection/627a2969-6957-4e30-bc2b-32133274edaf_1000.jpg!m_fill,w_120,h_80,f_jpg?from=ke.com 
20241105,东城,东直门,101127424434,东直门外大街(东城）,570万,,1室1厅 顶层/共14层 南 北 平层/其他 52.6平米 板塔结合,https://s1.ljcdn.com/pegasus/redskull/images/common/default_house_detail.png?_v=202411041520163 
20241105,昌平,北七家,101127425353,名佳花园一区,260万,,3室1厅 中楼层/共7层 南 北 暂无数据/精装 87.63平米 板楼,https://s1.ljcdn.com/pegasus/redskull/images/common/default_house_detail.png?_v=202411041520163 
20241105,海淀,田村,101127424482,兰德华庭,750万,,2室2厅 中楼层/共13层 南 北 平层/精装 93.52平米 板楼,https://ke-image.ljcdn.com/110000-inspection/pc0_XVykczHXA_1.jpg!m_fill,w_120,h_80,f_jpg?from=ke.com 
20241105,通州,马驹桥,101127425434,融科香雪兰溪,260万,,2室1厅 中楼层/共20层 南 平层/精装 84.27平米 2011年建/板楼,https://s1.ljcdn.com/pegasus/redskull/images/common/default_house_detail.png?_v=202411041520163 
20241105,大兴,旧宫,101127424575,清逸西园,237万,,2室1厅 高楼层/共6层 南 北 平层/简装 76.21平米 2001年建/板楼,https://ke-image.ljcdn.com/110000-inspection/apc_3wjf3avIy_1.jpg!m_fill,w_120,h_80,f_jpg?from=ke.com 
20241105,西城,金融街,101127425291,鲍家街,1338万,,2室1厅 中楼层/共16层 东南 暂无数据/其他 74.4平米 板塔结合,https://s1.ljcdn.com/pegasus/redskull/images/common/default_house_detail.png?_v=202411041520163 
20241105,顺义,马坡,101127425683,鲁能7号院颐景润园,480万,,3室2厅 中楼层/共6层 南 北 平层/其他 149.77平米 板楼,https://ke-image.ljcdn.com/110000-inspection/4ac753c6-1313-46aa-83f2-31a2f920bcae_1000.jpg!m_fill,w_120,h_80,f_jpg?from=ke.com 
20241105,昌平,回龙观,101127423598,风雅园二区,255万,,1室1厅 顶层/共5层 东 西 平层/精装 70.74平米 2000年建/板楼,https://ke-image.ljcdn.com/110000-inspection/pc0_UdPlezFl7_1.jpg!m_fill,w_120,h_80,f_jpg?from=ke.com 
20241105,通州,临河里,101127424300,新城乐居,269万,,2室1厅 高楼层/共25层 南 平层/简装 78.87平米 2012年建/板楼,https://ke-image.ljcdn.com/110000-inspection/pc0_vzsPrKPQ6.jpg!m_fill,w_120,h_80,f_jpg?from=ke.com 
20241105,朝阳,石佛营,101127424374,八里庄北里小区,330万,,2室1厅 中楼层/共6层 南 北 平层/简装 59.93平米 1993年建/板楼,https://ke-image.ljcdn.com/110000-inspection/b1dc54b4-aa7c-4f93-ac1a-19933792fa7f_1000.jpg!m_fill,w_120,h_80,f_jpg?from=ke.com 
20241105,顺义,马坡,101127424706,鲁能7号院颐景润园,660万,,4室2厅 高楼层/共6层 南 北 复式/其他 177.96平米 板楼,https://ke-image.ljcdn.com/110000-inspection/pc0_1hqGhasWb.jpg!m_fill,w_120,h_80,f_jpg?from=ke.com 
20241105,东城,广渠门,101127425722,天利园,680万,,2室1厅 高楼层/共16层 南 平层/简装 66.31平米 2003年建/板塔结合,https://ke-image.ljcdn.com/110000-inspection/pc0_PR7YSlwhG_2.jpg!m_fill,w_120,h_80,f_jpg?from=ke.com 
20241105,海淀,中关村,101127424884,紫金数码,442万,,1室1厅 中楼层/共13层 东 暂无数据/其他 39.48平米 2007年建/板楼,https://s1.ljcdn.com/pegasus/redskull/images/common/default_house_detail.png?_v=202411041520163 
20241105,顺义,顺义其它,101127425595,空港国际,115万,,2室1厅 中楼层/共14层 南 西 平层/精装 79.55平米 2017年建/板塔结合,https://s1.ljcdn.com/pegasus/redskull/images/common/default_house_detail.png?_v=202411041520163 
20241105,亦庄开发区,亦庄,101127424754,林肯公园,619万,,2室1厅 中楼层/共24层 南 平层/精装 92.7平米 2011年建/板楼,https://ke-image.ljcdn.com/110000-inspection/pc0_7dHsJ6bzK.jpg!m_fill,w_120,h_80,f_jpg?from=ke.com 
20241105,房山,长阳,101127425818,九洲溪雅苑一区,468万,,4室2厅 顶层/共14层 南 北 复式/简装 180.93平米 2009年建/板楼,https://ke-image.ljcdn.com/110000-inspection/pc0_z7fwWLQ0T.jpg!m_fill,w_120,h_80,f_jpg?from=ke.com 
20241105,顺义,顺义城,101127426179,澜西园三区,236万,,2室1厅 中楼层/共12层 东南 平层/精装 92.01平米 2009年建/板塔结合,https://ke-image.ljcdn.com/110000-inspection/48004d29-e520-4e6d-9e5f-49bac2d1dcb3_1000.jpg!m_fill,w_120,h_80,f_jpg?from=ke.com 
20241105,房山,窦店,101127424253,山水汇豪苑A区,145万,,2室1厅 底层/共5层 南 北 平层/精装 103.38平米 2008年建/板楼,https://ke-image.ljcdn.com/110000-inspection/pc0_zuyjeuuLR_1.jpg!m_fill,w_120,h_80,f_jpg?from=ke.com 
20241105,朝阳,双井,101127424802,广渠门外大街路北区,520万,,4室1厅 底层/共6层 南 平层/精装 40.83平米 板楼,https://ke-image.ljcdn.com/110000-inspection/112eb767-de04-44a9-b370-e4870301c0f6_1000.jpg!m_fill,w_120,h_80,f_jpg?from=ke.com 
20241105,昌平,回龙观,101127426064,龙泽苑西区,699万,,3室2厅 中楼层/共7层 南 北 平层/精装 142.11平米 板楼,https://ke-image.ljcdn.com/110000-inspection/e7a9eb56-3a7a-4fe2-a2f5-3caa001f7489_1000.jpg!m_fill,w_120,h_80,f_jpg?from=ke.com 
20241105,昌平,天通苑,101127426080,天通苑北三区,339万,,2室1厅 中楼层/共7层 南 北 平层/精装 97.75平米 2003年建/板楼,https://ke-image.ljcdn.com/110000-inspection/17a6f1be-5ae7-4a9d-b609-fc254d46fc57_1000.jpg!m_fill,w_120,h_80,f_jpg?from=ke.com 
20241105,通州,通州其它,101127426275,紫峰九院城,130万,,3室1厅 中楼层/共15层 南 北 暂无数据/简装 94.46平米 板楼,https://s1.ljcdn.com/pegasus/redskull/images/common/default_house_detail.png?_v=202411041520163 
20241105,通州,武夷花园,101127424866,通州富力中心A,360万,,3室2厅 中楼层/共30层 南 北 平层/精装 130.67平米 2017年建/板楼,https://ke-image.ljcdn.com/110000-inspection/pc0_c5TnvRdm5_1.jpg!m_fill,w_120,h_80,f_jpg?from=ke.com 
20241105,朝阳,西坝河,101127425962,光熙家园二期,1380万,,3室2厅 低楼层/共21层 南 北 平层/精装 154.33平米 2009年建/板塔结合,https://s1.ljcdn.com/pegasus/redskull/images/common/default_house_detail.png?_v=202411041520163 
20241105,海淀,公主坟,101127425030,万寿路小区,455万,,3室1厅 地下室/共6层 东 西 暂无数据/其他 74.4平米 板楼,https://s1.ljcdn.com/pegasus/redskull/images/common/default_house_detail.png?_v=202411041520163 
20241105,丰台,西罗园,101127425073,西罗园一区,246万,,1室1厅 中楼层/共6层 南 北 平层/精装 39.2平米 1980年建/板楼,https://ke-image.ljcdn.com/110000-inspection/pc0_jXc3Jh3F7_2.jpg!m_fill,w_120,h_80,f_jpg?from=ke.com 
20241105,顺义,中央别墅区,101127426375,名都园,949万,,4室2厅 底层/共3层 南 北 复式/精装 155平米 板楼,https://ke-image.ljcdn.com/110000-inspection/pc0_T7Kww6mQ8_1.jpg!m_fill,w_120,h_80,f_jpg?from=ke.com 
20241105,亦庄开发区,亦庄河西区,101127426075,亦庄金茂府,1199万,,3室2厅 高楼层/共18层 南 北 暂无数据/精装 137.11平米 板楼,https://s1.ljcdn.com/pegasus/redskull/images/common/default_house_detail.png?_v=202411041520163 
20241105,通州,潞苑,101127424856,东亚逸品阁,380万,,2室1厅 高楼层/共21层 南 平层/其他 89.58平米 2013年建/板塔结合,https://s1.ljcdn.com/pegasus/redskull/images/common/default_house_detail.png?_v=202411041520163 
20241105,海淀,清河,101127426026,世华龙樾四期,2780万,,4室2厅 低楼层/共6层 南 北 平层/精装 192.04平米 板楼,https://ke-image.ljcdn.com/110000-inspection/1e1e1f87-3cea-41e7-9d23-3f3cffe65d14_1000.jpg!m_fill,w_120,h_80,f_jpg?from=ke.com 
20241105,朝阳,定福庄,101127425174,美然动力A3区,528万,,3室2厅 中楼层/共6层 南 北 暂无数据/其他 120.86平米 板楼,https://s1.ljcdn.com/pegasus/redskull/images/common/default_house_detail.png?_v=202411041520163 
20241105,密云,鼓楼街道,101127425519,沿湖小区,165万,,2室2厅 顶层/共6层 南 北 平层/其他 87.85平米 板楼,https://ke-image.ljcdn.com/110000-inspection/pc0_5jOTQfbJe.jpg!m_fill,w_120,h_80,f_jpg?from=ke.com 
20241105,朝阳,北苑,101127426288,新街坊,596万,,3室1厅 低楼层/共18层 东北 平层/其他 111.64平米 2004年建/板楼,https://ke-image.ljcdn.com/110000-inspection/754926a2-4806-44c1-b825-210ad3f9456b_1000.jpg!m_fill,w_120,h_80,f_jpg?from=ke.com 
20241105,海淀,安宁庄,101127425169,安宁里南区,460万,,2室1厅 中楼层/共7层 南 平层/其他 74.16平米 板楼,https://ke-image.ljcdn.com/110000-inspection/pc0_X0DT0V4Mw.jpg!m_fill,w_120,h_80,f_jpg?from=ke.com 
20241105,朝阳,潘家园,101127425206,嘉禾园,340万,,2室0厅 高楼层/共6层 南 北 平层/简装 55.45平米 板楼,https://ke-image.ljcdn.com/110000-inspection/db208e56-ce7d-4705-9300-0a662112f806_1000.jpg!m_fill,w_120,h_80,f_jpg?from=ke.com 
20241105,通州,武夷花园,101127426547,运河湾南区,398万,,2室1厅 底层/共11层 南 北 平层/其他 89.57平米 板塔结合,https://s1.ljcdn.com/pegasus/redskull/images/common/default_house_detail.png?_v=202411041520163 
20241105,顺义,顺义其它,101127425599,东方太阳城,385万,,2室1厅 顶层/共6层 南 北 复式/其他 96.2平米 2008年建/板楼,https://ke-image.ljcdn.com/110000-inspection/pc0_vloJfDzSF_1.jpg!m_fill,w_120,h_80,f_jpg?from=ke.com 
20241105,顺义,顺义城,101127426425,阳光水岸,270万,,2室1厅 高楼层/共19层 南 北 平层/其他 74.85平米 板楼,https://ke-image.ljcdn.com/110000-inspection/f51a6ff0-24e2-4ee4-9a7b-cbb5993a09e1_1000.jpg!m_fill,w_120,h_80,f_jpg?from=ke.com 
20241105,顺义,顺义其它,101127426186,金地未未来,55万,,1室1厅 低楼层/共10层 西 平层/精装 43.82平米 板塔结合,https://s1.ljcdn.com/pegasus/redskull/images/common/default_house_detail.png?_v=202411041520163 
20241105,怀柔,怀柔,101127425160,育龙铭居,126万,,2室1厅 低楼层/共6层 东 西 平层/简装 69.42平米 板楼,https://ke-image.ljcdn.com/110000-inspection/7bc454e0-12b5-4851-91ea-997ecc554111_1000.jpg!m_fill,w_120,h_80,f_jpg?from=ke.com 
20241105,顺义,马坡,101127424862,泰和宜园,350万,,3室1厅 中楼层/共11层 南 北 平层/简装 128.02平米 2010年建/板楼,https://ke-image.ljcdn.com/110000-inspection/3ff9dbf1-2476-4d67-a8d8-cf969c750c79_1000.jpg!m_fill,w_120,h_80,f_jpg?from=ke.com 
20241105,顺义,马坡,101127425716,鲁能7号院颐景润园,606万,,3室2厅 底层/共5层 南 北 复式/其他 169.4平米 2012年建/板楼,https://ke-image.ljcdn.com/110000-inspection/8a10d972-84f2-4cf7-9595-a71bc11e8e27_1000.jpg!m_fill,w_120,h_80,f_jpg?from=ke.com 
20241105,顺义,后沙峪,101127426643,万科观承别墅二期,2700万,,5室1厅 底层/共4层 南 北 复式/精装 337平米 板楼,https://ke-image.ljcdn.com/110000-inspection/pc0_Bwilrfeih_1.jpg!m_fill,w_120,h_80,f_jpg?from=ke.com 
20241105,朝阳,定福庄,101127425695,妇联小区,205万,,2室1厅 低楼层/共6层 南 北 暂无数据/其他 59.68平米 板楼,https://s1.ljcdn.com/pegasus/redskull/images/common/default_house_detail.png?_v=202411041520163 
20241105,朝阳,四惠,101127426553,金地名京,678万,,2室2厅 中楼层/共9层 东南 暂无数据/其他 78.56平米 板楼,https://s1.ljcdn.com/pegasus/redskull/images/common/default_house_detail.png?_v=202411041520163 
20241105,通州,通州其它,101127426539,东亚印象台湖,215万,,2室2厅 中楼层/共12层 南 平层/精装 70.52平米 2015年建/板楼,https://ke-image.ljcdn.com/110000-inspection/4369e3da-0d76-43b5-8974-9384182b5cf7_1000.jpg!m_fill,w_120,h_80,f_jpg?from=ke.com 
20241105,顺义,马坡,101127425426,龙湖香醍溪岸南区,315万,,3室1厅 中楼层/共8层 南 北 平层/精装 116.15平米 2012年建/板楼,https://ke-image.ljcdn.com/110000-inspection/d3f8b2d8-1e6d-48ca-9bd9-efa669a61e44_1000.jpg!m_fill,w_120,h_80,f_jpg?from=ke.com 
20241105,门头沟,滨河西区,101127425069,葡东小区,235万,,2室2厅 中楼层/共6层 南 平层/简装 74.51平米 板楼,https://ke-image.ljcdn.com/110000-inspection/pc0_2Yitqa1j8.jpg!m_fill,w_120,h_80,f_jpg?from=ke.com 
20241105,顺义,顺义城,101127426903,澜西园二区,227万,,2室1厅 底层/共11层 南 北 平层/精装 94.6平米 2013年建/板楼,https://ke-image.ljcdn.com/110000-inspection/86b74745-8a9e-4564-b52d-b3c68c85dbd5_1000.jpg!m_fill,w_120,h_80,f_jpg?from=ke.com 
20241105,顺义,顺义城,101127425538,裕龙四区,285万,,3室1厅 底层/共6层 南 北 平层/简装 97.65平米 2003年建/板楼,https://ke-image.ljcdn.com/110000-inspection/pc0_8z4J22QKA_1.jpg!m_fill,w_120,h_80,f_jpg?from=ke.com 
20241105,丰台,岳各庄,101127425804,大井南里,245万,,2室1厅 中楼层/共6层 南 北 平层/其他 53.88平米 板楼,https://ke-image.ljcdn.com/110000-inspection/pc0_B8Q5SkcsC_1.jpg!m_fill,w_120,h_80,f_jpg?from=ke.com 
20241105,通州,九棵树(家乐福),101127425586,怡然世家,165万,,1室1厅 中楼层/共28层 南 平层/简装 51.86平米 2013年建/板塔结合,https://ke-image.ljcdn.com/110000-inspection/pc0_9xqdhcVXi.jpg!m_fill,w_120,h_80,f_jpg?from=ke.com 
20241105,通州,玉桥,101127426992,源泉苑,225万,,2室1厅 中楼层/共6层 南 北 平层/简装 70.62平米 板楼,https://s1.ljcdn.com/pegasus/redskull/images/common/default_house_detail.png?_v=202411041520163 
20241105,顺义,顺义其它,101127425750,润景园,220万,,3室1厅 中楼层/共11层 南 北 暂无数据/其他 119.86平米 板塔结合,https://s1.ljcdn.com/pegasus/redskull/images/common/default_house_detail.png?_v=202411041520163 
20241105,顺义,顺义城,101127426325,阳光水岸,430万,,3室1厅 中楼层/共9层 南 北 平层/简装 124.38平米 2010年建/板楼,https://ke-image.ljcdn.com/110000-inspection/8453e82c-13c4-4e2e-8bc6-036b85e8d0d6_1000.jpg!m_fill,w_120,h_80,f_jpg?from=ke.com 
20241105,东城,崇文门,101127427159,新怡家园,1350万,,2室1厅 高楼层/共13层 南 平层/精装 100.86平米 板楼,https://ke-image.ljcdn.com/110000-inspection/apc_op6MzYB7U_1.jpg!m_fill,w_120,h_80,f_jpg?from=ke.com 
20241105,顺义,顺义城,101127425390,东兴一区,225万,,2室1厅 高楼层/共6层 南 北 平层/精装 66.11平米 板塔结合,https://ke-image.ljcdn.com/110000-inspection/a5188dab-892e-43a3-91a0-c462930163ac_1000.jpg!m_fill,w_120,h_80,f_jpg?from=ke.com 
20241105,海淀,西三旗,101127425846,建材城东一里,460万,,3室1厅 底层/共6层 南 北 平层/其他 81.39平米 板楼,https://s1.ljcdn.com/pegasus/redskull/images/common/default_house_detail.png?_v=202411041520163 
20241105,丰台,科技园区,101127427223,恒富中街6号院,530万,,3室2厅 中楼层/共7层 南 北 平层/其他 141.48平米 板楼,https://ke-image.ljcdn.com/110000-inspection/564e6892-57b9-483e-a0d3-26f782ab01dd_1000.jpg!m_fill,w_120,h_80,f_jpg?from=ke.com 
20241105,海淀,五道口,101127425730,清华园,508万,,2室1厅 底层/共5层 东 平层/其他 40.5平米 板楼,https://s1.ljcdn.com/pegasus/redskull/images/common/default_house_detail.png?_v=202411041520163 
20241105,顺义,顺义城,101127426319,双兴北区,208万,,1室1厅 低楼层/共6层 南 北 平层/其他 60.6平米 1995年建/板楼,https://ke-image.ljcdn.com/110000-inspection/21d402c7-7e93-4b7a-9801-9a796a359406_1000.jpg!m_fill,w_120,h_80,f_jpg?from=ke.com 
20241105,朝阳,北苑,101127427235,北苑家园茉藜园,479万,,2室1厅 低楼层/共26层 东南 平层/精装 102.84平米 2005年建/板塔结合,https://ke-image.ljcdn.com/110000-inspection/pc0_Oks8L5OaS_1.jpg!m_fill,w_120,h_80,f_jpg?from=ke.com 
20241105,东城,安定门,101127427035,安外东河沿,738万,,2室1厅 顶层/共20层 南 平层/简装 60.83平米 塔楼,https://ke-image.ljcdn.com/110000-inspection/pc0_RMutLdpsx.jpg!m_fill,w_120,h_80,f_jpg?from=ke.com 
20241105,海淀,甘家口,101127425438,中海馥园,68万,,车位 暂无数据 南 暂无数据/精装 12平米 板塔结合,https://s1.ljcdn.com/pegasus/redskull/images/common/default_house_detail.png?_v=202411041520163 
20241105,朝阳,亮马桥,101127426484,牛王庙,299万,,2室1厅 顶层/共5层 南 北 平层/简装 47.57平米 板楼,https://ke-image.ljcdn.com/110000-inspection/pc0_IeNvmZZil.jpg!m_fill,w_120,h_80,f_jpg?from=ke.com 
20241105,顺义,后沙峪,101127426597,万科观承别墅二期,2800万,,6室2厅 底层/共2层 南 北 复式/精装 376.79平米 板楼,https://ke-image.ljcdn.com/110000-inspection/apc_3GmN5hBsZ_1.jpg!m_fill,w_120,h_80,f_jpg?from=ke.com 
20241105,门头沟,滨河西区,101127425725,葡东南区,265万,,2室1厅 低楼层/共6层 南 平层/简装 84.97平米 2004年建/板楼,https://ke-image.ljcdn.com/110000-inspection/e8c4da2c-4213-4bf3-b714-27a771a095eb_1000.jpg!m_fill,w_120,h_80,f_jpg?from=ke.com 
20241105,西城,六铺炕,101127425566,黄寺大街24号院,1295万,,3室1厅 高楼层/共6层 东 西南 平层/精装 85.4平米 板楼,https://s1.ljcdn.com/pegasus/redskull/images/common/default_house_detail.png?_v=202411041520163 
20241105,通州,临河里,101127427257,华业东方玫瑰D区,389万,,2室1厅 低楼层/共27层 南 北 平层/精装 88.54平米 板塔结合,https://ke-image.ljcdn.com/110000-inspection/9afe4f7b-cb1c-4778-963b-1d4b004b9854_1000.jpg!m_fill,w_120,h_80,f_jpg?from=ke.com 
20241105,昌平,回龙观,101127427179,融泽嘉园东一路6号院,498万,,2室1厅 中楼层/共34层 南 北 平层/精装 87.71平米 2015年建/板楼,https://ke-image.ljcdn.com/110000-inspection/pc0_7AxMRA1mu.jpg!m_fill,w_120,h_80,f_jpg?from=ke.com 
20241105,大兴,旧宫,101127426532,东亚五环国际,200万,,2室1厅 高楼层/共19层 西 暂无数据/其他 93.75平米 2014年建/塔楼,https://s1.ljcdn.com/pegasus/redskull/images/common/default_house_detail.png?_v=202411041520163 
20241105,海淀,四季青,101127427379,水云居,1320万,,2室2厅 低楼层/共7层 南 西 北 平层/精装 123.63平米 2011年建/板楼,https://ke-image.ljcdn.com/110000-inspection/pc0_hrXKxPaUU_2.jpg!m_fill,w_120,h_80,f_jpg?from=ke.com 
20241105,朝阳,红庙,101127426220,金台里,232万,,1室1厅 低楼层/共16层 南 平层/其他 43.74平米 塔楼,https://s1.ljcdn.com/pegasus/redskull/images/common/default_house_detail.png?_v=202411041520163 
20241105,海淀,公主坟,101127426120,翠微路2号院,550万,,2室1厅 中楼层/共5层 南 暂无数据/简装 53.7平米 板楼,https://s1.ljcdn.com/pegasus/redskull/images/common/default_house_detail.png?_v=202411041520163 
20241105,昌平,回龙观,101127427338,龙禧苑一区,566万,,3室1厅 底层/共7层 南 北 平层/其他 123.13平米 板楼,https://ke-image.ljcdn.com/110000-inspection/pc0_Js5Kxy2u1_2.jpg!m_fill,w_120,h_80,f_jpg?from=ke.com 
20241105,房山,长阳,101127427587,加州水郡三期,358万,,3室2厅 低楼层/共14层 南 西 北 暂无数据/其他 147.13平米 2010年建/板塔结合,https://s1.ljcdn.com/pegasus/redskull/images/common/default_house_detail.png?_v=202411041520163 
20241105,大兴,西红门,101127426061,鸿坤理想城派郡18号院,419万,,2室1厅 高楼层/共11层 南 北 平层/其他 93.58平米 2009年建/板楼,https://ke-image.ljcdn.com/110000-inspection/c0e02761-0f1c-4ecc-9c0a-f327cd7aaeed_1000.jpg!m_fill,w_120,h_80,f_jpg?from=ke.com 
20241105,朝阳,北苑,101127427434,北苑家园茉藜园,319万,,2室1厅 顶层/共14层 东 西 平层/精装 65.96平米 2004年建/板楼,https://ke-image.ljcdn.com/110000-inspection/e582b5df-1998-43a4-8092-d982c4cbacec_1000.jpg!m_fill,w_120,h_80,f_jpg?from=ke.com 
20241105,昌平,天通苑,101127426508,天通苑东一区,349万,,2室2厅 中楼层/共7层 南 北 平层/简装 115.95平米 板楼,https://ke-image.ljcdn.com/110000-inspection/apc_rkudzexAs_1.jpg!m_fill,w_120,h_80,f_jpg?from=ke.com 
20241105,大兴,枣园,101127426386,双河北里尚城,178万,,1室1厅 底层/共12层 东 西 北 平层/简装 60.69平米 2017年建/板楼,https://ke-image.ljcdn.com/110000-inspection/a9f7ab4b-0d0b-4e6c-b89c-6dce39df08c8_1000.jpg!m_fill,w_120,h_80,f_jpg?from=ke.com 
20241105,东城,崇文门,101127427061,新怡家园,1350万,,2室1厅 高楼层/共13层 南 平层/精装 100.86平米 板楼,https://ke-image.ljcdn.com/110000-inspection/pc0_pST40ZKGo_1.jpg!m_fill,w_120,h_80,f_jpg?from=ke.com 
20241105,顺义,顺义城,101127426600,东兴一区,220万,,2室1厅 高楼层/共6层 南 北 暂无数据/简装 72.21平米 板楼,https://s1.ljcdn.com/pegasus/redskull/images/common/default_house_detail.png?_v=202411041520163 
20241105,海淀,海淀北部新区,101127426572,首创天阅西山,1690万,,3室1厅 低楼层/共25层 北 南 平层/精装 186.37平米 板楼,https://ke-image.ljcdn.com/110000-inspection/0ff4bd56-6067-445b-a6be-17159ca26840_1000.jpg!m_fill,w_120,h_80,f_jpg?from=ke.com 
20241105,顺义,顺义其它,101127427530,龙湖好望山,850万,,6室1厅 底层/共4层 南 北 复式/精装 338.94平米 2014年建/板楼,https://ke-image.ljcdn.com/110000-inspection/pc0_2MFXjDvXE_1.jpg!m_fill,w_120,h_80,f_jpg?from=ke.com 
20241105,顺义,马坡,101127426616,中晟馨苑小区一号院,215万,,2室1厅 低楼层/共18层 南 北 平层/简装 81.45平米 2015年建/板楼,https://ke-image.ljcdn.com/110000-inspection/60a6ece0-8eff-4cf9-88a2-42d4f011e939_1000.jpg!m_fill,w_120,h_80,f_jpg?from=ke.com 
20241105,海淀,清河,101127426806,橡树湾一期,760万,,2室1厅 中楼层/共11层 西 暂无数据/其他 71.26平米 2007年建/板塔结合,https://s1.ljcdn.com/pegasus/redskull/images/common/default_house_detail.png?_v=202411041520163 
20241105,朝阳,双井,101127427135,苹果社区北区,439万,,1室1厅 中楼层/共21层 北 平层/精装 88.3平米 2008年建/塔楼,https://s1.ljcdn.com/pegasus/redskull/images/common/default_house_detail.png?_v=202411041520163 
20241105,朝阳,双井,101127428176,富力城A区,610万,,1室1厅 高楼层/共28层 北 平层/精装 61.5平米 2004年建/塔楼,https://ke-image.ljcdn.com/110000-inspection/pc0_EioxOHQ82_1.jpg!m_fill,w_120,h_80,f_jpg?from=ke.com 
20241105,通州,临河里,101127426652,华业东方玫瑰B区,320万,,2室1厅 顶层/共10层 西 东 复式/简装 84.14平米 2012年建/板塔结合,https://ke-image.ljcdn.com/110000-inspection/pc0_C03a9sfrj.jpg!m_fill,w_120,h_80,f_jpg?from=ke.com 
20241105,通州,九棵树(家乐福),101127427221,新翠景园,205万,,1室1厅 低楼层/共11层 南 暂无数据/精装 68.73平米 2005年建/板塔结合,https://s1.ljcdn.com/pegasus/redskull/images/common/default_house_detail.png?_v=202411041520163 
20241105,房山,长阳,101127426626,金地朗悦朗园,400万,,3室1厅 高楼层/共14层 南 北 平层/精装 89.23平米 2013年建/板塔结合,https://s1.ljcdn.com/pegasus/redskull/images/common/default_house_detail.png?_v=202411041520163 
20241105,朝阳,朝青,101127426664,银谷美泉家园,1080万,,3室2厅 中楼层/共7层 南 北 平层/精装 142.17平米 板楼,https://ke-image.ljcdn.com/110000-inspection/pc0_3UqLfNcfp.jpg!m_fill,w_120,h_80,f_jpg?from=ke.com 
20241105,丰台,看丹桥,101127426382,韩庄子东里,360万,,2室1厅 中楼层/共6层 东 南 西 平层/简装 71.69平米 板楼,https://ke-image.ljcdn.com/110000-inspection/2d0d785d-5a97-4d36-b613-8b393a3a0e45_1000.jpg!m_fill,w_120,h_80,f_jpg?from=ke.com 
20241105,朝阳,劲松,101127427233,垂杨柳北里,239万,,1室1厅 高楼层/共18层 东南 平层/其他 47.06平米 1989年建/塔楼,https://s1.ljcdn.com/pegasus/redskull/images/common/default_house_detail.png?_v=202411041520163 
20241105,通州,马驹桥,101127428227,珠江逸景,150万,,1室1厅 中楼层/共15层 东北 平层/其他 55.85平米 板楼,https://ke-image.ljcdn.com/110000-inspection/121485d5-e780-4b21-9300-e36b0c7a56dd_1000.jpg!m_fill,w_120,h_80,f_jpg?from=ke.com 
20241105,朝阳,甘露园,101127428416,康家园,280万,,2室1厅 底层/共6层 东 西 平层/简装 69.03平米 板楼,https://ke-image.ljcdn.com/110000-inspection/pc0_5shjFlAsd.jpg!m_fill,w_120,h_80,f_jpg?from=ke.com 
20241105,海淀,马连洼,101127428471,水利局小区,600万,,2室1厅 中楼层/共6层 南 北 暂无数据/其他 79.1平米 1999年建/板楼,https://s1.ljcdn.com/pegasus/redskull/images/common/default_house_detail.png?_v=202411041520163 
20241105,朝阳,北苑,101127428203,世华泊郡,595万,,2室1厅 低楼层/共27层 南 北 平层/其他 85.74平米 2012年建/板楼,https://ke-image.ljcdn.com/110000-inspection/3df2bcfe-ef90-4f10-a4ae-6035d070f289_1000.jpg!m_fill,w_120,h_80,f_jpg?from=ke.com 
20241105,丰台,看丹桥,101127426952,韩庄子二里,309万,,2室1厅 高楼层/共6层 南 北 平层/精装 65.5平米 板楼,https://s1.ljcdn.com/pegasus/redskull/images/common/default_house_detail.png?_v=202411041520163 
20241105,房山,良乡,101127427158,瑞雪春堂,218万,,2室1厅 低楼层/共15层 南 暂无数据/简装 89.47平米 2010年建/板楼,https://s1.ljcdn.com/pegasus/redskull/images/common/default_house_detail.png?_v=202411041520163 
20241105,海淀,清河,101127427589,怡清园,340万,,1室1厅 中楼层/共6层 南 平层/其他 57.37平米 2003年建/板楼,https://ke-image.ljcdn.com/110000-inspection/7c0e257d-a8af-4f72-a1b0-b0c6306a7454_1000.jpg!m_fill,w_120,h_80,f_jpg?from=ke.com 
20241105,通州,九棵树(家乐福),101127427636,蓝调沙龙东区,349万,,2室2厅 顶层/共6层 南 北 平层/精装 94.98平米 板楼,https://ke-image.ljcdn.com/110000-inspection/pc0_UDLXuy1Vq_1.jpg!m_fill,w_120,h_80,f_jpg?from=ke.com 
20241105,顺义,顺义城,101127428448,仓上小区,140万,,1室1厅 顶层/共6层 南 北 平层/简装 60.54平米 1992年建/板楼,https://ke-image.ljcdn.com/110000-inspection/pc0_IqoyDLOvT_1.jpg!m_fill,w_120,h_80,f_jpg?from=ke.com 
20241105,顺义,马坡,101127426702,金宝花园北区,249万,,2室1厅 高楼层/共9层 南 北 平层/简装 92.56平米 2013年建/板楼,https://ke-image.ljcdn.com/110000-inspection/9b896278-0638-4cf6-9f05-aceb7dbca282_1000.jpg!m_fill,w_120,h_80,f_jpg?from=ke.com 
20241105,朝阳,潘家园,101127427701,松榆西里,240万,,2室1厅 顶层/共6层 南 北 暂无数据/简装 50.44平米 板楼,https://s1.ljcdn.com/pegasus/redskull/images/common/default_house_detail.png?_v=202411041520163 
20241105,昌平,回龙观,101127428266,龙泽苑东区,535万,,2室2厅 中楼层/共7层 南 北 平层/简装 109.82平米 2005年建/板楼,https://ke-image.ljcdn.com/110000-inspection/a856fc75-cc62-48ca-9187-745d856d78b1_1000.jpg!m_fill,w_120,h_80,f_jpg?from=ke.com 
20241105,朝阳,安贞,101127426766,安贞西里,289万,,1室1厅 高楼层/共6层 南 平层/精装 41.47平米 板楼,https://ke-image.ljcdn.com/110000-inspection/e6765ad4-243c-47a8-8ae5-10e0e6f1a7bb_1000.jpg!m_fill,w_120,h_80,f_jpg?from=ke.com 
20241105,东城,崇文门,101127426989,法华南里,1991万,,5室2厅 中楼层/共6层 南 北 平层/精装 221.84平米 板楼,https://ke-image.ljcdn.com/110000-inspection/pc0_n55yqKVH6_1.jpg!m_fill,w_120,h_80,f_jpg?from=ke.com 
20241105,通州,马驹桥,101127427908,珠江逸景,220万,,2室1厅 顶层/共14层 东 平层/精装 84.87平米 板塔结合,https://ke-image.ljcdn.com/110000-inspection/45e6bb2e-0237-4f71-a30b-4c565a04e5ac_1000.jpg!m_fill,w_120,h_80,f_jpg?from=ke.com 
20241105,昌平,回龙观,101127427649,首开智慧社,459万,,2室1厅 低楼层/共17层 东南 暂无数据/其他 86.35平米 板塔结合,https://s1.ljcdn.com/pegasus/redskull/images/common/default_house_detail.png?_v=202411041520163 
20241105,顺义,马坡,101127428314,顺悦家园,190万,,2室1厅 中楼层/共27层 南 北 平层/其他 77.82平米 2014年建/板楼,https://ke-image.ljcdn.com/110000-inspection/0918b315-761d-4faa-abea-52e70900d4a1_1000.jpg!m_fill,w_120,h_80,f_jpg?from=ke.com 
20241105,朝阳,北苑,101127427919,北苑家园茉藜园,389万,,2室1厅 底层/共15层 东 南 北 平层/其他 73.22平米 2004年建/板楼,https://ke-image.ljcdn.com/110000-inspection/pc0_uGVpcj1bF_1.jpg!m_fill,w_120,h_80,f_jpg?from=ke.com 
20241105,房山,良乡,101127426878,行宫园,340万,,3室2厅 低楼层/共13层 南 北 平层/简装 156.81平米 2002年建/板塔结合,https://ke-image.ljcdn.com/110000-inspection/pc0_BMuLM8k0G_1.jpg!m_fill,w_120,h_80,f_jpg?from=ke.com 
20241105,朝阳,常营,101127427085,首开畅心园,345万,,3室1厅 高楼层/共29层 东南 平层/简装 89.75平米 2010年建/塔楼,https://s1.ljcdn.com/pegasus/redskull/images/common/default_house_detail.png?_v=202411041520163 
20241105,密云,鼓楼街道,101127428005,久润花园东区,186万,,3室2厅 中楼层/共6层 南 北 暂无数据/其他 115.25平米 板楼,https://s1.ljcdn.com/pegasus/redskull/images/common/default_house_detail.png?_v=202411041520163 
20241105,海淀,西二旗,101127428985,智学苑,490万,,2室1厅 中楼层/共6层 南 北 平层/简装 68.71平米 2000年建/板楼,https://ke-image.ljcdn.com/110000-inspection/pc1_31m3oGZYn_1.jpg!m_fill,w_120,h_80,f_jpg?from=ke.com 
20241105,丰台,新宫,101127429040,中粮天恒天悦壹号,1190万,,4室2厅 低楼层/共14层 南 北 平层/其他 151.35平米 板楼,https://ke-image.ljcdn.com/110000-inspection/98a0c743-f232-46e5-944e-4455ac4f2a81_1000.jpg!m_fill,w_120,h_80,f_jpg?from=ke.com 
20241105,朝阳,北苑,101127427656,新街坊,336万,,1室0厅 中楼层/共18层 西 平层/精装 42.85平米 2004年建/板楼,https://ke-image.ljcdn.com/110000-inspection/86e62132-ad67-4b6b-bbcb-a21ef0cc8e2e_1000.jpg!m_fill,w_120,h_80,f_jpg?from=ke.com 
20241105,通州,通州其它,101127428939,次渠北里一区,360万,,2室2厅 中楼层/共18层 南 北 暂无数据/简装 106.86平米 板楼,https://s1.ljcdn.com/pegasus/redskull/images/common/default_house_detail.png?_v=202411041520163 
20241105,东城,左安门,101127427910,左安浦园,830万,,3室1厅 中楼层/共14层 西 平层/简装 94.09平米 2004年建/板楼,https://s1.ljcdn.com/pegasus/redskull/images/common/default_house_detail.png?_v=202411041520163 
20241105,门头沟,滨河西区,101127429088,葡东小区,178万,,2室1厅 低楼层/共6层 南 北 平层/简装 64.01平米 1997年建/板楼,https://ke-image.ljcdn.com/110000-inspection/pc0_DPurdgTvi.jpg!m_fill,w_120,h_80,f_jpg?from=ke.com 
20241105,朝阳,芍药居,101127428666,芍药居北里,335万,,1室1厅 高楼层/共7层 东 平层/简装 45.45平米 1994年建/板楼,https://ke-image.ljcdn.com/110000-inspection/pc0_DdXhiC22F.jpg!m_fill,w_120,h_80,f_jpg?from=ke.com 
20241105,门头沟,上岸地铁,101127428436,梧桐苑知秋园,363万,,3室1厅 高楼层/共22层 南 北 平层/简装 89.1平米 2013年建/板楼,https://ke-image.ljcdn.com/110000-inspection/fcb26226-d28d-4d81-a6cf-b999606d9c27_1000.jpg!m_fill,w_120,h_80,f_jpg?from=ke.com 
20241105,朝阳,酒仙桥,101127429257,梵谷水郡,395万,,3室1厅 低楼层/共24层 西南 北 暂无数据/简装 92.19平米 塔楼,https://s1.ljcdn.com/pegasus/redskull/images/common/default_house_detail.png?_v=202411041520163 
20241105,丰台,科技园区,101127429411,恒富花园1号院,395万,,2室1厅 顶层/共6层 南 北 平层/简装 80.93平米 板楼,https://s1.ljcdn.com/pegasus/redskull/images/common/default_house_detail.png?_v=202411041520163 
20241105,丰台,青塔,101127428044,青塔东里,305万,,2室1厅 中楼层/共7层 南 北 暂无数据/精装 65.04平米 板楼,https://s1.ljcdn.com/pegasus/redskull/images/common/default_house_detail.png?_v=202411041520163 
20241105,房山,阎村,101127429289,燕化星城北里,129万,,1室1厅 低楼层/共6层 南 平层/其他 56.01平米 2003年建/板楼,https://s1.ljcdn.com/pegasus/redskull/images/common/default_house_detail.png?_v=202411041520163 
20241105,海淀,甘家口,101127428321,增光佳苑,1880万,,3室2厅 高楼层/共20层 东南 平层/简装 171.77平米 板塔结合,https://ke-image.ljcdn.com/110000-inspection/pc0_QP79oHf3A.jpg!m_fill,w_120,h_80,f_jpg?from=ke.com 
20241105,朝阳,北苑,101127427550,北苑家园茉藜园,860万,,3室1厅 中楼层/共26层 西南 平层/其他 137.69平米 2004年建/塔楼,https://s1.ljcdn.com/pegasus/redskull/images/common/default_house_detail.png?_v=202411041520163 
20241105,海淀,公主坟,101127428517,翠微路17号院,450万,,1室1厅 中楼层/共12层 东 平层/其他 47.2平米 板塔结合,https://ke-image.ljcdn.com/110000-inspection/pc0_AUxyBnoQX_1.jpg!m_fill,w_120,h_80,f_jpg?from=ke.com 
20241105,西城,六铺炕,101127428954,教场口6号院,780万,,1室1厅 顶层/共6层 东 平层/其他 53.44平米 2005年建/板楼,https://ke-image.ljcdn.com/110000-inspection/0cbf9c68-15f7-4aa2-b1cf-a2e1054f26dd_1000.jpg!m_fill,w_120,h_80,f_jpg?from=ke.com 
20241105,丰台,刘家窑,101127429323,鑫兆雅园南区,710万,,3室1厅 高楼层/共6层 南 北 平层/精装 118.62平米 板楼,https://s1.ljcdn.com/pegasus/redskull/images/common/default_house_detail.png?_v=202411041520163 
20241105,丰台,青塔,101127429799,青塔西里6号院,385万,,2室1厅 中楼层/共14层 东 西 平层/精装 77.02平米 塔楼,https://s1.ljcdn.com/pegasus/redskull/images/common/default_house_detail.png?_v=202411041520163 
20241105,海淀,清河,101127427630,世华龙樾二期,2250万,,3室2厅 中楼层/共9层 南 北 平层/精装 174.55平米 板楼,https://ke-image.ljcdn.com/110000-inspection/pc0_1V5bTmYsy_1.jpg!m_fill,w_120,h_80,f_jpg?from=ke.com 
20241105,海淀,田村,101127429002,天合家园,480万,,1室1厅 中楼层/共14层 西北 平层/精装 62.24平米 板楼,https://s1.ljcdn.com/pegasus/redskull/images/common/default_house_detail.png?_v=202411041520163 
20241105,门头沟,冯村,101127428358,北京城建上悦居东区,310万,,3室1厅 高楼层/共21层 南 北 暂无数据/简装 88平米 板楼,https://s1.ljcdn.com/pegasus/redskull/images/common/default_house_detail.png?_v=202411041520163 
20241105,东城,广渠门,101127429619,光明楼,535万,,3室1厅 中楼层/共5层 东 西 平层/其他 58.12平米 板楼,https://ke-image.ljcdn.com/110000-inspection/b38f40d3-2662-4873-b8f1-0aac1c8331d8_1000.jpg!m_fill,w_120,h_80,f_jpg?from=ke.com 
20241105,西城,长椿街,101127428418,长椿街西里,600万,,2室1厅 中楼层/共6层 南 北 平层/其他 63.18平米 板楼,https://ke-image.ljcdn.com/110000-inspection/pc0_oweEUkpa4_1.jpg!m_fill,w_120,h_80,f_jpg?from=ke.com 
20241105,昌平,北七家,101127428709,温泉花园B区,398万,,4室2厅 底层/共6层 南 北 平层/精装 148.93平米 板楼,https://ke-image.ljcdn.com/110000-inspection/apc_faUTHwpap_1.jpg!m_fill,w_120,h_80,f_jpg?from=ke.com 
20241105,朝阳,望京,101127428577,星海明珠,1396万,,3室2厅 中楼层/共8层 南 北 平层/简装 179.59平米 2001年建/板楼,https://ke-image.ljcdn.com/110000-inspection/pc0_9c66PppEW_1.jpg!m_fill,w_120,h_80,f_jpg?from=ke.com 
20241105,顺义,顺义其它,101127429747,润景园,245万,,3室2厅 中楼层/共11层 南 北 暂无数据/简装 119.86平米 板塔结合,https://s1.ljcdn.com/pegasus/redskull/images/common/default_house_detail.png?_v=202411041520163 
20241105,朝阳,北工大,101127428476,磨房北里,245万,,1室1厅 低楼层/共18层 南 暂无数据/其他 46.76平米 1990年建/塔楼,https://s1.ljcdn.com/pegasus/redskull/images/common/default_house_detail.png?_v=202411041520163 
20241105,东城,安贞,101127428536,小黄庄二区,630万,,2室1厅 中楼层/共12层 南 北 平层/其他 58.76平米 板塔结合,https://ke-image.ljcdn.com/110000-inspection/c32e8a17-396a-4642-8718-033da74d64a0_1000.jpg!m_fill,w_120,h_80,f_jpg?from=ke.com 
20241105,海淀,牡丹园,101127429664,中鑫嘉园,590万,,1室1厅 底层/共23层 西 平层/简装 63.18平米 2001年建/塔楼,https://s1.ljcdn.com/pegasus/redskull/images/common/default_house_detail.png?_v=202411041520163 
20241105,朝阳,三里屯,101127428710,三里屯SOHO,1050万,,2室1厅 低楼层/共28层 东南 平层/精装 168.49平米 塔楼,https://s1.ljcdn.com/pegasus/redskull/images/common/default_house_detail.png?_v=202411041520163 
20241105,通州,潞苑,101127428508,华龙小区,355万,,3室3厅 顶层/共6层 南 北 复式/简装 139.03平米 1998年建/板楼,https://ke-image.ljcdn.com/110000-inspection/pc0_MlzYDuzDs_1.jpg!m_fill,w_120,h_80,f_jpg?from=ke.com 
20241105,海淀,西二旗,101127428626,领秀新硅谷2号院,1600万,,5室2厅 中楼层/共4层 南 北 复式/精装 155.52平米 板楼,https://ke-image.ljcdn.com/110000-inspection/pc0_4dLMdcwxE_1.jpg!m_fill,w_120,h_80,f_jpg?from=ke.com 
20241105,怀柔,怀柔,101127429434,翠竹园小区,400万,,3室1厅 中楼层/共6层 南 西 北 暂无数据/精装 118.78平米 板楼,https://s1.ljcdn.com/pegasus/redskull/images/common/default_house_detail.png?_v=202411041520163 
20241105,东城,朝阳门内,101127428094,南竹杆胡同,750万,,2室1厅 顶层/共6层 南 平层/精装 75.82平米 板楼,https://s1.ljcdn.com/pegasus/redskull/images/common/default_house_detail.png?_v=202411041520163 
20241105,西城,木樨地,101127429929,复兴门外大街,1550万,,3室1厅 中楼层/共16层 西南 北 平层/其他 94.6平米 板楼,https://s1.ljcdn.com/pegasus/redskull/images/common/default_house_detail.png?_v=202411041520163 
20241105,通州,九棵树(家乐福),101127428854,蓝调沙龙东区,480万,,3室2厅 高楼层/共6层 南 北 平层/精装 106.49平米 2005年建/板塔结合,https://ke-image.ljcdn.com/110000-inspection/4c4effed-f1f7-4526-bae8-413fbf442ce1_1000.jpg!m_fill,w_120,h_80,f_jpg?from=ke.com 
20241105,海淀,清河,101127429359,世华龙樾一期东区,1699万,,3室2厅 中楼层/共18层 南 北 东 平层/毛坯 127.71平米 2014年建/板楼,https://ke-image.ljcdn.com/110000-inspection/pc0_WMpHHpDEl_1.jpg!m_fill,w_120,h_80,f_jpg?from=ke.com 
20241105,通州,临河里,101127428286,金隅创客,69万,,1室1厅 高楼层/共9层 西南 暂无数据/简装 45.37平米 2015年建/板塔结合,https://s1.ljcdn.com/pegasus/redskull/images/common/default_house_detail.png?_v=202411041520163 
20241105,石景山,鲁谷,101127428870,北重西厂,249万,,3室1厅 低楼层/共6层 东 西 平层/精装 65.87平米 1995年建/板楼,https://ke-image.ljcdn.com/110000-inspection/pc0_CGkSim2MD.jpg!m_fill,w_120,h_80,f_jpg?from=ke.com 
20241105,密云,鼓楼街道,101127430137,檀城东区,168万,,2室2厅 中楼层/共7层 南 北 暂无数据/简装 92.67平米 板楼,https://s1.ljcdn.com/pegasus/redskull/images/common/default_house_detail.png?_v=202411041520163 
20241105,顺义,顺义其它,101127430711,艾迪公园,65万,,1室0厅 高楼层/共12层 西 平层/精装 63.74平米 塔楼,https://s1.ljcdn.com/pegasus/redskull/images/common/default_house_detail.png?_v=202411041520163 
20241105,石景山,古城,101127430249,古城现代嘉园,168万,,1室1厅 底层/共21层 南 平层/其他 50.25平米 板塔结合,https://ke-image.ljcdn.com/110000-inspection/pc0_DK1S4gN6j.jpg!m_fill,w_120,h_80,f_jpg?from=ke.com 
20241105,朝阳,北苑,101127430224,旭辉奥都,310万,,2室1厅 中楼层/共26层 东南 平层/精装 90.52平米 2009年建/塔楼,https://s1.ljcdn.com/pegasus/redskull/images/common/default_house_detail.png?_v=202411041520163 
20241105,通州,万达,101127428982,复兴西里31号院,202万,,2室1厅 高楼层/共6层 东 西 平层/其他 62.58平米 2000年建/板楼,https://ke-image.ljcdn.com/110000-inspection/839c098a-78dd-4344-87cf-1461d6a86c16_1000.jpg!m_fill,w_120,h_80,f_jpg?from=ke.com 
20241105,朝阳,劲松,101127429393,乐澜宝邸,950万,,3室1厅 低楼层/共28层 西南 平层/精装 148.06平米 2003年建/塔楼,https://s1.ljcdn.com/pegasus/redskull/images/common/default_house_detail.png?_v=202411041520163 
20241105,海淀,牡丹园,101127430427,龙翔路小区,609万,,3室1厅 低楼层/共18层 东 南 北 平层/精装 70.9平米 塔楼,https://ke-image.ljcdn.com/110000-inspection/pc0_jBVj86ON1.jpg!m_fill,w_120,h_80,f_jpg?from=ke.com 
20241105,朝阳,常营,101127429090,北京新天地五期,342万,,1室1厅 高楼层/共27层 西北 平层/精装 69.48平米 板塔结合,https://ke-image.ljcdn.com/110000-inspection/d1eae240-a526-4ca9-8758-7bc7c0f5bd1b_1000.jpg!m_fill,w_120,h_80,f_jpg?from=ke.com 
20241105,朝阳,石佛营,101127430887,日月东华,413万,,2室2厅 中楼层/共21层 西 平层/精装 103.62平米 塔楼,https://ke-image.ljcdn.com/110000-inspection/pc0_gwhGrR3F5_1.jpg!m_fill,w_120,h_80,f_jpg?from=ke.com 
20241105,朝阳,惠新西街,101127430384,胜古北里,425万,,2室1厅 顶层/共6层 东 西 暂无数据/其他 64.56平米 板楼,https://s1.ljcdn.com/pegasus/redskull/images/common/default_house_detail.png?_v=202411041520163 
20241105,朝阳,常营,101127429972,北京新天地五期,310万,,1室1厅 顶层/共27层 西 暂无数据/精装 61.62平米 板塔结合,https://s1.ljcdn.com/pegasus/redskull/images/common/default_house_detail.png?_v=202411041520163 
20241105,顺义,顺义城,101127430425,双兴南区,265万,,3室2厅 高楼层/共6层 南 北 平层/简装 104.86平米 1995年建/板楼,https://ke-image.ljcdn.com/110000-inspection/a9cc85af-2b85-4d7c-adc3-dde70e57a9eb_1000.jpg!m_fill,w_120,h_80,f_jpg?from=ke.com 
20241105,丰台,赵公口,101127428957,彩虹城四区,250万,,1室0厅 中楼层/共16层 西 平层/精装 45.99平米 2007年建/板塔结合,https://ke-image.ljcdn.com/110000-inspection/pc0_NEyFNIByC_1.jpg!m_fill,w_120,h_80,f_jpg?from=ke.com 
20241105,朝阳,北苑,101127430555,北苑家园茉藜园,746万,,3室1厅 高楼层/共26层 南 西 平层/简装 137.69平米 2004年建/塔楼,https://ke-image.ljcdn.com/110000-inspection/pc0_W8lFVscQB.jpg!m_fill,w_120,h_80,f_jpg?from=ke.com 
20241105,丰台,洋桥,101127429346,海户西里31号院,288万,,2室1厅 底层/共6层 南 北 平层/简装 55.25平米 板楼,https://ke-image.ljcdn.com/110000-inspection/f7c29cb2-25d8-4bb0-a165-07607e244a76_1000.jpg!m_fill,w_120,h_80,f_jpg?from=ke.com 
20241105,丰台,玉泉营,101127430553,中海甲叁號院,1596万,,3室1厅 高楼层/共11层 南 北 平层/精装 154.6平米 2022年建/板楼,https://ke-image.ljcdn.com/110000-inspection/951b3154-2c61-44a4-b6ff-b6e3f2318262_1000.jpg!m_fill,w_120,h_80,f_jpg?from=ke.com 
20241105,朝阳,望京,101127431207,合生麒麟社,219万,,1室0厅 低楼层/共29层 南 暂无数据/其他 70.27平米 2012年建/板楼,https://s1.ljcdn.com/pegasus/redskull/images/common/default_house_detail.png?_v=202411041520163 
20241105,大兴,西红门,101127429436,同庆园,245万,,2室1厅 底层/共6层 南 北 暂无数据/其他 76.62平米 板楼,https://s1.ljcdn.com/pegasus/redskull/images/common/default_house_detail.png?_v=202411041520163 
20241105,房山,阎村,101127430592,绿城百合公寓南区,370万,,3室1厅 中楼层/共5层 南 北 平层/简装 124.21平米 板楼,https://ke-image.ljcdn.com/110000-inspection/pc0_XAa7egl5g_2.jpg!m_fill,w_120,h_80,f_jpg?from=ke.com 
20241105,东城,崇文门,101127429832,南岗子,495万,,2室1厅 顶层/共6层 南 北 平层/简装 54.72平米 1978年建/板楼,https://ke-image.ljcdn.com/110000-inspection/c5a81af8-4f35-4d32-8156-82c8f9379010_1000.jpg!m_fill,w_120,h_80,f_jpg?from=ke.com 
20241105,顺义,顺义城,101127430436,双兴北区,300万,,2室1厅 中楼层/共12层 南 平层/精装 93.82平米 2007年建/板楼,https://ke-image.ljcdn.com/110000-inspection/4cce79a9-fc3f-4c1e-9a4b-51c496c68f7f_1000.jpg!m_fill,w_120,h_80,f_jpg?from=ke.com 
20241105,丰台,丰台其它,101127430873,张郭庄小区,198万,,3室1厅 顶层/共6层 南 北 暂无数据/其他 77.1平米 板楼,https://s1.ljcdn.com/pegasus/redskull/images/common/default_house_detail.png?_v=202411041520163 
20241105,丰台,科技园区,101127429670,恒富中街3号院,240万,,1室1厅 底层/共6层 南 北 暂无数据/简装 53.23平米 板楼,https://s1.ljcdn.com/pegasus/redskull/images/common/default_house_detail.png?_v=202411041520163 
20241105,顺义,顺义其它,101127430548,艾迪公园,70万,,1室0厅 中楼层/共12层 东 平层/毛坯 68.48平米 塔楼,https://s1.ljcdn.com/pegasus/redskull/images/common/default_house_detail.png?_v=202411041520163 
20241105,东城,安定门,101127430145,安德里北街24号院,600万,,1室1厅 高楼层/共6层 南 暂无数据/其他 44.52平米 板楼,https://s1.ljcdn.com/pegasus/redskull/images/common/default_house_detail.png?_v=202411041520163 
20241105,通州,九棵树(家乐福),101127429718,靓景明居,205万,,1室1厅 底层/共12层 南 平层/精装 54.28平米 2005年建/板楼,https://ke-image.ljcdn.com/110000-inspection/8a9b2f2f-d0a4-4040-9103-5e36a8439196_1000.jpg!m_fill,w_120,h_80,f_jpg?from=ke.com 
20241105,顺义,顺义城,101127431607,双兴南区,350万,,3室1厅 高楼层/共6层 南 北 平层/简装 120.69平米 1995年建/板楼,https://ke-image.ljcdn.com/110000-inspection/cffa2960-2c7c-4078-8b83-bf2e20d7c76c_1000.jpg!m_fill,w_120,h_80,f_jpg?from=ke.com 
20241105,朝阳,亮马桥,101127429342,新源街,288万,,1室1厅 顶层/共16层 南 暂无数据/其他 45.92平米 塔楼,https://s1.ljcdn.com/pegasus/redskull/images/common/default_house_detail.png?_v=202411041520163 
20241105,房山,长阳,101127431008,芭蕾雨悦都北区,28.8万,,车位 地下室/共1层 南 暂无数据/其他 12.15平米 板楼,https://s1.ljcdn.com/pegasus/redskull/images/common/default_house_detail.png?_v=202411041520163 
20241105,顺义,马坡,101127431507,香悦四季西区,70万,,2室1厅 高楼层/共15层 东 平层/精装 66.47平米 2014年建/板楼,https://s1.ljcdn.com/pegasus/redskull/images/common/default_house_detail.png?_v=202411041520163 
20241105,通州,万达,101127430232,后南仓,215万,,2室1厅 中楼层/共5层 南 平层/其他 52.68平米 板楼,https://ke-image.ljcdn.com/110000-inspection/003637e5-3ffc-4a18-8763-ae7688309d5f_1000.jpg!m_fill,w_120,h_80,f_jpg?from=ke.com 
20241105,顺义,顺义城,101127431307,澜西园四区,220万,,3室0厅 中楼层/共12层 南 北 平层/简装 83.88平米 板楼,https://ke-image.ljcdn.com/110000-inspection/f537400d-ae6f-4b24-b260-4e40046cd36c_1000.jpg!m_fill,w_120,h_80,f_jpg?from=ke.com 
20241105,朝阳,朝青,101127429406,金隅凤麟洲,1030万,,4室3厅 低楼层/共8层 东 南 西 平层/精装 201.53平米 2008年建/板塔结合,https://s1.ljcdn.com/pegasus/redskull/images/common/default_house_detail.png?_v=202411041520163 
20241105,朝阳,东大桥,101127431145,东大桥东里,450万,,2室1厅 低楼层/共16层 东 平层/其他 54.95平米 1988年建/塔楼,https://s1.ljcdn.com/pegasus/redskull/images/common/default_house_detail.png?_v=202411041520163 
20241105,大兴,高米店,101127430751,郁花园三里,439万,,2室1厅 顶层/共18层 南 北 暂无数据/简装 93.98平米 2009年建/板塔结合,https://s1.ljcdn.com/pegasus/redskull/images/common/default_house_detail.png?_v=202411041520163 
20241105,顺义,顺义其它,101127429821,润景园,130万,,2室1厅 顶层/共11层 东 西 暂无数据/简装 87.85平米 板塔结合,https://s1.ljcdn.com/pegasus/redskull/images/common/default_house_detail.png?_v=202411041520163 
20241105,大兴,黄村火车站,101127430344,锦华园,265万,,2室1厅 低楼层/共6层 南 北 暂无数据/其他 87.36平米 板楼,https://s1.ljcdn.com/pegasus/redskull/images/common/default_house_detail.png?_v=202411041520163 
20241105,朝阳,石佛营,101127430863,八里庄北里小区,370万,,3室1厅 顶层/共6层 南 北 暂无数据/其他 78.1平米 1993年建/板楼,https://s1.ljcdn.com/pegasus/redskull/images/common/default_house_detail.png?_v=202411041520163 
20241105,通州,临河里,101127431731,华业东方玫瑰D区,920万,,3室2厅 低楼层/共26层 南 北 平层/精装 178.65平米 2013年建/板塔结合,https://ke-image.ljcdn.com/110000-inspection/37762c0f-6f44-472d-8f8f-c7ae1d49edbb_1000.jpg!m_fill,w_120,h_80,f_jpg?from=ke.com 
20241105,朝阳,北苑,101127431354,北苑家园茉藜园,600万,,2室1厅 底层/共26层 东南 平层/其他 127.21平米 2005年建/板塔结合,https://ke-image.ljcdn.com/110000-inspection/24dd87c2-c433-4283-a6a6-bcfb21b6a92d_1000.jpg!m_fill,w_120,h_80,f_jpg?from=ke.com 
20241105,大兴,旧宫,101127430172,云龙家园,458万,,3室1厅 低楼层/共6层 南 北 平层/简装 118.84平米 板楼,https://ke-image.ljcdn.com/110000-inspection/9b6ef701-e195-4109-8580-c383da2ca1df_1000.jpg!m_fill,w_120,h_80,f_jpg?from=ke.com 
20241105,顺义,顺义城,101127431531,胜利小区,208万,,1室1厅 中楼层/共6层 南 北 平层/精装 58.18平米 板楼,https://ke-image.ljcdn.com/110000-inspection/452413b1-db23-4771-b004-237154024806_1000.jpg!m_fill,w_120,h_80,f_jpg?from=ke.com 
20241105,通州,果园,101127430322,新华联家园北区,450万,,2室2厅 中楼层/共12层 南 北 暂无数据/精装 102.51平米 2004年建/板楼,https://s1.ljcdn.com/pegasus/redskull/images/common/default_house_detail.png?_v=202411041520163 
20241105,海淀,厂洼,101127431408,厂洼西街10号院,1150万,,3室2厅 顶层/共6层 南 北 复式/其他 136.9平米 1998年建/板楼,https://ke-image.ljcdn.com/110000-inspection/pc0_UCbs3amXi_1.jpg!m_fill,w_120,h_80,f_jpg?from=ke.com 
20241105,朝阳,北苑,101127430975,山水巢东,1350万,,5室3厅 中楼层/共14层 西南 复式/其他 277.97平米 2004年建/塔楼,https://ke-image.ljcdn.com/110000-inspection/pc0_WF6b8NiRb.jpg!m_fill,w_120,h_80,f_jpg?from=ke.com 
20241105,亦庄开发区,亦庄,101127430949,贵园北里甲区,390万,,2室1厅 底层/共6层 南 北 平层/简装 88.74平米 1995年建/板楼,https://s1.ljcdn.com/pegasus/redskull/images/common/default_house_detail.png?_v=202411041520163 
20241105,朝阳,国展,101127430220,静安里,611万,,2室1厅 中楼层/共7层 东南 西北 平层/简装 89.61平米 板楼,https://ke-image.ljcdn.com/110000-inspection/80503b11-0f6e-4932-bc79-99b75292da3c_1000.jpg!m_fill,w_120,h_80,f_jpg?from=ke.com 
20241105,顺义,顺义城,101127430406,滨河小区,210万,,2室1厅 中楼层/共6层 南 北 平层/简装 76.08平米 1992年建/板楼,https://ke-image.ljcdn.com/110000-inspection/pc0_OFwo4sb1X_1.jpg!m_fill,w_120,h_80,f_jpg?from=ke.com 
20241105,顺义,顺义其它,101127430189,蓝岸丽舍五期,699万,,4室1厅 底层/共6层 南 北 暂无数据/毛坯 271.83平米 板楼,https://s1.ljcdn.com/pegasus/redskull/images/common/default_house_detail.png?_v=202411041520163 
20241105,顺义,顺义城,101127431721,双兴南区,218万,,1室1厅 中楼层/共6层 南 北 平层/精装 69.54平米 1998年建/板楼,https://ke-image.ljcdn.com/110000-inspection/5d579bb9-689c-4f36-bd00-8be70244408f_1000.jpg!m_fill,w_120,h_80,f_jpg?from=ke.com 
20241105,顺义,顺义城,101127432231,兴顺宝典,375万,,3室2厅 低楼层/共18层 南 北 平层/简装 143.88平米 2004年建/板楼,https://ke-image.ljcdn.com/110000-inspection/pc0_D4ytlRMGH_1.jpg!m_fill,w_120,h_80,f_jpg?from=ke.com 
20241105,朝阳,常营,101127431851,富力阳光美园,499万,,3室1厅 低楼层/共27层 西南 暂无数据/简装 88.3平米 2010年建/塔楼,https://s1.ljcdn.com/pegasus/redskull/images/common/default_house_detail.png?_v=202411041520163 
20241105,朝阳,亮马桥,101127430396,三源里南小街,310万,,2室1厅 顶层/共6层 南 北 平层/精装 61.2平米 板楼,https://ke-image.ljcdn.com/110000-inspection/6e081fd8-f6dc-4fb1-ada7-595a9d789c79_1000.jpg!m_fill,w_120,h_80,f_jpg?from=ke.com 
20241105,海淀,北太平庄,101127430078,北影小区,460万,,1室1厅 中楼层/共10层 东 平层/精装 58.01平米 板塔结合,https://ke-image.ljcdn.com/110000-inspection/0565fc30-5ca2-4aad-b0b7-2c71a601ce24_1000.jpg!m_fill,w_120,h_80,f_jpg?from=ke.com 
20241105,海淀,清河,101127431808,怡清园,820万,,3室1厅 中楼层/共6层 南 北 平层/其他 120.87平米 2003年建/板楼,https://s1.ljcdn.com/pegasus/redskull/images/common/default_house_detail.png?_v=202411041520163 
20241105,顺义,顺义城,101127431391,胜利小区,165万,,1室1厅 顶层/共6层 南 北 平层/精装 55.89平米 板楼,https://ke-image.ljcdn.com/110000-inspection/78df847a-61aa-486c-8971-7e5bfb282c53_1000.jpg!m_fill,w_120,h_80,f_jpg?from=ke.com 
20241105,海淀,颐和园,101127431572,燕北园,688万,,3室1厅 中楼层/共6层 南 北 平层/精装 81.2平米 板楼,https://s1.ljcdn.com/pegasus/redskull/images/common/default_house_detail.png?_v=202411041520163 
20241105,顺义,顺义城,101127432343,双兴北区,359万,,3室2厅 顶层/共6层 南 北 复式/其他 137.25平米 2005年建/板楼,https://ke-image.ljcdn.com/110000-inspection/8c30b65c-865c-42d9-9730-14e9ee74e4b7_1000.jpg!m_fill,w_120,h_80,f_jpg?from=ke.com 
20241105,顺义,顺义城,101127431834,双兴南区,465万,,3室1厅 中楼层/共18层 南 北 复式/简装 190.35平米 2006年建/板楼,https://ke-image.ljcdn.com/110000-inspection/pc0_Xu2Y9X5ZD_1.jpg!m_fill,w_120,h_80,f_jpg?from=ke.com 
20241105,朝阳,北苑,101127431249,世华泊郡,998万,,3室1厅 高楼层/共27层 南 北 平层/其他 119.32平米 2012年建/板楼,https://ke-image.ljcdn.com/110000-inspection/99d7e549-9edf-40b8-b3af-2b5077ee35eb_1000.jpg!m_fill,w_120,h_80,f_jpg?from=ke.com 
20241105,朝阳,北苑,101127431381,华贸城,1435万,,3室2厅 底层/共26层 南 北 平层/其他 191.49平米 2012年建/板塔结合,https://ke-image.ljcdn.com/110000-inspection/7c53d7d5-a9cf-47ce-8a60-90a89bc781d8_1000.jpg!m_fill,w_120,h_80,f_jpg?from=ke.com 
20241105,丰台,玉泉营,101127431995,万年花城四期,365万,,1室1厅 低楼层/共9层 北 平层/其他 56.09平米 2008年建/板楼,https://ke-image.ljcdn.com/110000-inspection/587bf91c-0d1e-4a9b-ad78-4f86b00e77ab_1000.jpg!m_fill,w_120,h_80,f_jpg?from=ke.com 
20241105,朝阳,北苑,101127430742,北苑家园茉藜园,537万,,2室1厅 低楼层/共26层 西南 北 暂无数据/其他 105.15平米 2004年建/塔楼,https://s1.ljcdn.com/pegasus/redskull/images/common/default_house_detail.png?_v=202411041520163 
20241105,大兴,旧宫,101127431872,富力盛悦居,650万,,3室2厅 中楼层/共18层 南 北 暂无数据/精装 89.56平米 2013年建/板楼,https://s1.ljcdn.com/pegasus/redskull/images/common/default_house_detail.png?_v=202411041520163 
20241105,朝阳,望京,101127431313,望京西园二区,466万,,2室1厅 低楼层/共24层 东南 暂无数据/精装 77.7平米 2001年建/塔楼,https://s1.ljcdn.com/pegasus/redskull/images/common/default_house_detail.png?_v=202411041520163 
20241105,朝阳,豆各庄,101127430946,京城雅居,708万,,3室1厅 中楼层/共7层 南 复式/精装 159.53平米 2006年建/板楼,https://ke-image.ljcdn.com/110000-inspection/pc0_wFqqtTaVE.jpg!m_fill,w_120,h_80,f_jpg?from=ke.com 
20241105,朝阳,北工大,101127432107,磨房北里,320万,,2室1厅 底层/共6层 北 南 平层/简装 50.55平米 板楼,https://ke-image.ljcdn.com/110000-inspection/00838774-7541-49c5-91c4-6f349982b4db_1000.jpg!m_fill,w_120,h_80,f_jpg?from=ke.com 
20241105,顺义,顺义其它,101127431780,润景园,155万,,2室1厅 中楼层/共11层 南 暂无数据/精装 86.93平米 板塔结合,https://s1.ljcdn.com/pegasus/redskull/images/common/default_house_detail.png?_v=202411041520163 
20241105,朝阳,首都机场,101127432000,南平里,160万,,2室1厅 顶层/共6层 南 北 平层/其他 57.56平米 1991年建/板楼,https://s1.ljcdn.com/pegasus/redskull/images/common/default_house_detail.png?_v=202411041520163 
20241105,朝阳,双井,101127431727,富力城D区,630万,,1室1厅 中楼层/共8层 北 平层/精装 71.35平米 2006年建/板塔结合,https://s1.ljcdn.com/pegasus/redskull/images/common/default_house_detail.png?_v=202411041520163 
20241105,昌平,北七家,101127432647,温泉花园A区,172万,,2室1厅 顶层/共5层 南 平层/简装 62.23平米 板楼,https://ke-image.ljcdn.com/110000-inspection/91d2b38b-5aa2-4cdc-92c2-b74c5cae0279_1000.jpg!m_fill,w_120,h_80,f_jpg?from=ke.com 
20241105,朝阳,CBD,101127430876,温莎大道,750万,,1室1厅 低楼层/共16层 北 平层/精装 91平米 2005年建/板塔结合,https://ke-image.ljcdn.com/110000-inspection/164d7a87-d950-47b6-a82b-604177cb167e_1000.jpg!m_fill,w_120,h_80,f_jpg?from=ke.com 
20241105,顺义,顺义城,101127432265,双兴北区,580万,,4室1厅 低楼层/共6层 南 北 平层/精装 153.06平米 板楼,https://ke-image.ljcdn.com/110000-inspection/pc0_PeCqkpmQ0.jpg!m_fill,w_120,h_80,f_jpg?from=ke.com 
20241105,西城,马甸,101127430957,新外大街乙8号院,897万,,1室1厅 顶层/共7层 南 北 复式/精装 63.44平米 板楼,https://ke-image.ljcdn.com/110000-inspection/pc0_gDh5NPmn3.jpg!m_fill,w_120,h_80,f_jpg?from=ke.com 
20241105,通州,梨园,101127431924,新城嘉园,235万,,1室1厅 顶层/共28层 南 暂无数据/其他 66.06平米 板楼,https://s1.ljcdn.com/pegasus/redskull/images/common/default_house_detail.png?_v=202411041520163 
20241105,朝阳,红庙,101127432128,红庙北里,420万,,3室1厅 顶层/共6层 南 北 平层/精装 81.31平米 板楼,https://ke-image.ljcdn.com/110000-inspection/6fb5d672-4a4e-44a1-8a60-591b4e953f61_1000.jpg!m_fill,w_120,h_80,f_jpg?from=ke.com 
20241105,海淀,海淀北部新区,101127432963,冠城大通百旺府,1250万,,3室2厅 高楼层/共7层 南 北 暂无数据/精装 137.37平米 板楼,https://s1.ljcdn.com/pegasus/redskull/images/common/default_house_detail.png?_v=202411041520163 
20241105,朝阳,北苑,101127431919,润泽悦溪,719万,,2室1厅 中楼层/共11层 南 北 平层/精装 85.88平米 2010年建/板楼,https://s1.ljcdn.com/pegasus/redskull/images/common/default_house_detail.png?_v=202411041520163 
20241105,顺义,顺义城,101127432823,义宾北区,260万,,2室1厅 顶层/共6层 南 北 平层/简装 73.37平米 1990年建/板楼,https://ke-image.ljcdn.com/110000-inspection/923f58cf-26d5-478a-93e7-4d93a47f3311_1000.jpg!m_fill,w_120,h_80,f_jpg?from=ke.com 
20241105,亦庄开发区,亦庄,101127432192,通泰国际公馆,459万,,2室1厅 中楼层/共15层 南 北 平层/精装 89.77平米 板楼,https://ke-image.ljcdn.com/110000-inspection/pc0_bckmfFSWH.jpg!m_fill,w_120,h_80,f_jpg?from=ke.com 
20241105,亦庄开发区,通州其它,101127431037,定海园一里,350万,,2室1厅 底层/共11层 南 北 暂无数据/其他 86.22平米 板楼,https://s1.ljcdn.com/pegasus/redskull/images/common/default_house_detail.png?_v=202411041520163 
20241105,朝阳,北苑,101127432426,世华泊郡,848万,,3室1厅 中楼层/共16层 南 北 平层/其他 89.75平米 板楼,https://ke-image.ljcdn.com/110000-inspection/26b0fc9c-b915-49a6-9d59-0aa5186167a3_1000.jpg!m_fill,w_120,h_80,f_jpg?from=ke.com 
20241105,大兴,瀛海,101127432887,德茂小区,168万,,1室1厅 中楼层/共6层 南 平层/其他 41.67平米 板楼,https://s1.ljcdn.com/pegasus/redskull/images/common/default_house_detail.png?_v=202411041520163 
20241105,通州,果园,101127431149,葛布店北里,218万,,3室1厅 顶层/共7层 南 北 平层/其他 80.2平米 板楼,https://ke-image.ljcdn.com/110000-inspection/56e3b3c3-d7b8-45be-8e4b-69dc044f56f1_1000.jpg!m_fill,w_120,h_80,f_jpg?from=ke.com 
20241105,西城,右安门内,101127430974,右安门内西街甲10号院,360万,,1室0厅 低楼层/共6层 西南 平层/简装 41.01平米 1987年建/板楼,https://ke-image.ljcdn.com/110000-inspection/pc0_uVarBNkZq_1.jpg!m_fill,w_120,h_80,f_jpg?from=ke.com 
20241105,西城,马甸,101127431714,马甸南村,759万,,2室1厅 中楼层/共13层 南 北 平层/精装 65.9平米 板塔结合,https://ke-image.ljcdn.com/110000-inspection/pc0_joxS5vctR.jpg!m_fill,w_120,h_80,f_jpg?from=ke.com 
20241105,顺义,顺义城,101127432795,双兴南区,455万,,3室2厅 低楼层/共6层 南 北 平层/其他 122.95平米 1995年建/板楼,https://ke-image.ljcdn.com/110000-inspection/apc_fVfG6ZV92_1.jpg!m_fill,w_120,h_80,f_jpg?from=ke.com 
20241105,房山,良乡,101127432656,行宫园,218万,,2室2厅 中楼层/共13层 南 北 平层/精装 104.56平米 2002年建/板塔结合,https://ke-image.ljcdn.com/110000-inspection/pc0_etu0DI87I_1.jpg!m_fill,w_120,h_80,f_jpg?from=ke.com 
20241105,顺义,马坡,101127432698,金宝花园北区,320万,,3室2厅 中楼层/共11层 南 北 平层/简装 103.07平米 板楼,https://ke-image.ljcdn.com/110000-inspection/bb1fd970-eba1-454b-9bc0-2105685e1a8d_1000.jpg!m_fill,w_120,h_80,f_jpg?from=ke.com 
20241105,朝阳,双井,101127432463,九龙花园,598万,,2室1厅 低楼层/共22层 西南 平层/精装 107.03平米 2001年建/塔楼,https://ke-image.ljcdn.com/110000-inspection/pc0_0QrBV4PXf_1.jpg!m_fill,w_120,h_80,f_jpg?from=ke.com 
20241105,大兴,西红门,101127432321,鸿坤理想城礼域府,250万,,1室0厅 顶层/共15层 西 暂无数据/其他 50.66平米 2011年建/板塔结合,https://s1.ljcdn.com/pegasus/redskull/images/common/default_house_detail.png?_v=202411041520163 
20241105,大兴,南中轴机场商务区,101127431708,格林云墅,289万,,3室1厅 中楼层/共9层 南 北 平层/简装 89.61平米 2015年建/板楼,https://ke-image.ljcdn.com/110000-inspection/pc0_sPmBg2PwY_1.jpg!m_fill,w_120,h_80,f_jpg?from=ke.com 
20241105,朝阳,亚运村,101127433223,安慧里四区,475万,,3室1厅 低楼层/共20层 东南 北 平层/精装 71.38平米 塔楼,https://ke-image.ljcdn.com/110000-inspection/pc0_lX3qOyS1m.jpg!m_fill,w_120,h_80,f_jpg?from=ke.com 
20241105,顺义,顺义其它,101127433209,东方太阳城,350万,,3室2厅 低楼层/共6层 南 北 平层/其他 150.32平米 板楼,https://ke-image.ljcdn.com/110000-inspection/pc0_BbNAkHviC_1.jpg!m_fill,w_120,h_80,f_jpg?from=ke.com 
20241105,海淀,世纪城,101127432613,观山园,2100万,,3室2厅 顶层/共11层 北 南 平层/精装 123.08平米 板楼,https://ke-image.ljcdn.com/110000-inspection/pc0_1gWNSQpgw_2.jpg!m_fill,w_120,h_80,f_jpg?from=ke.com 
20241105,丰台,万源,101127432527,万源东里,319万,,3室1厅 中楼层/共5层 南 北 平层/简装 75.5平米 板楼,https://ke-image.ljcdn.com/110000-inspection/pc0_lQ1Ed0IMd.jpg!m_fill,w_120,h_80,f_jpg?from=ke.com 
20241105,东城,广渠门,101127433259,冠城名敦道A区,505万,,2室1厅 高楼层/共23层 西 平层/简装 93.27平米 2010年建/塔楼,https://s1.ljcdn.com/pegasus/redskull/images/common/default_house_detail.png?_v=202411041520163 
20241105,顺义,马坡,101127432312,佳和宜园,119万,,1室1厅 中楼层/共11层 南 平层/其他 47.95平米 2009年建/板塔结合,https://ke-image.ljcdn.com/110000-inspection/4fa79067-98f4-4cc3-9fc8-c12d05fd21ee_1000.jpg!m_fill,w_120,h_80,f_jpg?from=ke.com 
20241105,顺义,顺义城,101127431629,双兴南区,320万,,3室1厅 顶层/共6层 南 北 复式/精装 106.74平米 1998年建/板楼,https://ke-image.ljcdn.com/110000-inspection/edf114c4-c0ed-449a-b34e-cb23dcd0f940_1000.jpg!m_fill,w_120,h_80,f_jpg?from=ke.com 
20241105,海淀,苏州桥,101127431820,三义庙北,470万,,2室1厅 中楼层/共6层 南 北 平层/其他 50.9平米 板楼,https://s1.ljcdn.com/pegasus/redskull/images/common/default_house_detail.png?_v=202411041520163 
20241105,顺义,顺义城,101127432242,双兴北区,420万,,5室2厅 高楼层/共6层 南 北 复式/简装 148.75平米 2007年建/板楼,https://ke-image.ljcdn.com/110000-inspection/pc0_GnueMfxxh_1.jpg!m_fill,w_120,h_80,f_jpg?from=ke.com 
20241105,顺义,顺义城,101127431550,胜利小区,189万,,2室1厅 底层/共6层 东 西 平层/精装 59.23平米 板楼,https://ke-image.ljcdn.com/110000-inspection/eaec2c40-e215-4fac-b53c-b9c761f6fb78_1000.jpg!m_fill,w_120,h_80,f_jpg?from=ke.com 
20241105,朝阳,华威桥,101127432868,双龙南里,280万,,2室1厅 底层/共6层 南 北 平层/精装 57.39平米 板楼,https://ke-image.ljcdn.com/110000-inspection/3907086f-2f1f-4810-a04e-b10d261d6936_1000.jpg!m_fill,w_120,h_80,f_jpg?from=ke.com 
20241105,西城,车公庄,101127433120,车公庄大街,490万,,1室1厅 低楼层/共13层 南 暂无数据/精装 48平米 1991年建/板塔结合,https://s1.ljcdn.com/pegasus/redskull/images/common/default_house_detail.png?_v=202411041520163 
20241105,顺义,顺义城,101127433479,东兴二区,325万,,3室2厅 底层/共6层 南 北 平层/精装 101.38平米 板楼,https://ke-image.ljcdn.com/110000-inspection/04da0057-616a-4875-a365-ccb236f4bf22_1000.jpg!m_fill,w_120,h_80,f_jpg?from=ke.com 
20241105,顺义,顺义城,101127432520,太平小区,200万,,3室1厅 低楼层/共6层 东 西 平层/其他 107.74平米 板塔结合,https://ke-image.ljcdn.com/110000-inspection/e7007676-1ca8-4f7f-adfb-5480dcd32ff4_1000.jpg!m_fill,w_120,h_80,f_jpg?from=ke.com 
20241105,顺义,顺义城,101127431742,太平小区,245万,,2室1厅 中楼层/共6层 南 北 平层/精装 89.83平米 1997年建/板塔结合,https://ke-image.ljcdn.com/110000-inspection/e7c70792-6fb9-4e2d-98a1-8902f3701274_1000.jpg!m_fill,w_120,h_80,f_jpg?from=ke.com 
20241105,怀柔,怀柔,101127432230,馥郁苑二期,300万,,2室1厅 顶层/共6层 东南 复式/精装 83.28平米 板楼,https://ke-image.ljcdn.com/110000-inspection/562d7e4f-bbc9-4734-ba8a-dafd8b25663f_1000.jpg!m_fill,w_120,h_80,f_jpg?from=ke.com 
20241105,西城,牛街,101127431821,白广路6号院,870万,,3室1厅 顶层/共12层 东 西 平层/简装 111.49平米 板塔结合,https://ke-image.ljcdn.com/110000-inspection/pc0_10G9iiEns_1.jpg!m_fill,w_120,h_80,f_jpg?from=ke.com 
20241105,海淀,紫竹桥,101127432536,美林花园,1200万,,2室1厅 中楼层/共25层 西 暂无数据/简装 117.51平米 2000年建/塔楼,https://s1.ljcdn.com/pegasus/redskull/images/common/default_house_detail.png?_v=202411041520163 
20241105,海淀,世纪城,101127431837,观山园,1760万,,2室2厅 顶层/共11层 南 北 平层/精装 122.07平米 板楼,https://ke-image.ljcdn.com/110000-inspection/pc0_wYFigovF1_1.jpg!m_fill,w_120,h_80,f_jpg?from=ke.com 
20241105,顺义,顺义其它,101127433591,东方太阳城,389万,,3室2厅 中楼层/共6层 南 北 平层/其他 139.61平米 2010年建/板楼,https://ke-image.ljcdn.com/110000-inspection/pc0_TqNwYd07A_1.jpg!m_fill,w_120,h_80,f_jpg?from=ke.com 
20241105,昌平,天通苑,101127433707,天通苑东三区,359万,,2室1厅 中楼层/共7层 南 北 平层/其他 117.18平米 板楼,https://ke-image.ljcdn.com/110000-inspection/apc_aJRxx5qId_1.jpg!m_fill,w_120,h_80,f_jpg?from=ke.com 
20241105,顺义,顺义城,101127431838,胜利小区,195万,,2室1厅 中楼层/共6层 南 北 平层/简装 59.67平米 1991年建/板楼,https://ke-image.ljcdn.com/110000-inspection/pc0_ebHuPZylU.jpg!m_fill,w_120,h_80,f_jpg?from=ke.com 
20241105,顺义,顺义城,101127433108,双兴南区,205万,,2室1厅 中楼层/共6层 南 北 平层/简装 59.77平米 1993年建/板楼,https://ke-image.ljcdn.com/110000-inspection/f977a861-4896-4876-b5a1-f785bdac994b_1000.jpg!m_fill,w_120,h_80,f_jpg?from=ke.com 
20241105,顺义,马坡,101127433623,首创禧瑞山,680万,,3室1厅 中楼层/共4层 南 北 复式/其他 141.54平米 2018年建/板楼,https://ke-image.ljcdn.com/110000-inspection/530e87e4-715c-4a78-b9c7-159ac5964164_1000.jpg!m_fill,w_120,h_80,f_jpg?from=ke.com 
20241105,顺义,顺义其它,101127433687,东方太阳城,428万,,2室3厅 顶层/共4层 南 北 复式/其他 156.03平米 2004年建/板楼,https://ke-image.ljcdn.com/110000-inspection/pc0_ANXTgHtXS_1.jpg!m_fill,w_120,h_80,f_jpg?from=ke.com 
20241105,东城,和平里,101127432614,和平里七区,790万,,2室1厅 底层/共8层 东 西 北 平层/毛坯 69.81平米 板楼,https://ke-image.ljcdn.com/110000-inspection/22e6bcbc-49e7-475a-a7f1-17a1bef746d3_1000.jpg!m_fill,w_120,h_80,f_jpg?from=ke.com 
20241105,丰台,马家堡,101127433269,星河城东区,860万,,3室1厅 中楼层/共18层 南 北 平层/简装 134.41平米 2007年建/板塔结合,https://s1.ljcdn.com/pegasus/redskull/images/common/default_house_detail.png?_v=202411041520163 
20241105,朝阳,亚运村,101127433979,安慧里五区,350万,,2室1厅 顶层/共6层 东 西 平层/精装 55.22平米 板楼,https://ke-image.ljcdn.com/110000-inspection/pc0_ojOYRQIok.jpg!m_fill,w_120,h_80,f_jpg?from=ke.com 
20241105,丰台,丽泽,101127433546,盛鑫嘉园,520万,,2室1厅 顶层/共22层 南 暂无数据/简装 102.47平米 塔楼,https://s1.ljcdn.com/pegasus/redskull/images/common/default_house_detail.png?_v=202411041520163 
20241105,大兴,义和庄,101127432190,佟馨家园D区,249万,,2室1厅 中楼层/共18层 南 北 平层/简装 79.64平米 板楼,https://ke-image.ljcdn.com/110000-inspection/bc5aa30b-f305-4a3f-858d-45a0f5828fac_1000.jpg!m_fill,w_120,h_80,f_jpg?from=ke.com 
20241105,顺义,顺义城,101127433381,胜利小区,385万,,3室1厅 高楼层/共6层 南 北 平层/其他 117.18平米 板楼,https://ke-image.ljcdn.com/110000-inspection/pc0_vkol4MxeM_1.jpg!m_fill,w_120,h_80,f_jpg?from=ke.com 
20241105,西城,六铺炕,101127432238,教场口6号院,686万,,1室1厅 底层/共6层 南 北 平层/其他 52.74平米 2003年建/板楼,https://ke-image.ljcdn.com/110000-inspection/pc0_LXKZlt7UO.jpg!m_fill,w_120,h_80,f_jpg?from=ke.com 
20241105,朝阳,甜水园,101127433489,公园五号,1010万,,3室2厅 中楼层/共7层 东 南 北 平层/简装 122.05平米 1999年建/板楼,https://ke-image.ljcdn.com/110000-inspection/pc0_xG1kGX1eA_1.jpg!m_fill,w_120,h_80,f_jpg?from=ke.com 
20241105,朝阳,北苑,101127433722,世华泊郡,1010万,,3室1厅 中楼层/共27层 东 南 北 平层/其他 130.17平米 2012年建/板楼,https://ke-image.ljcdn.com/110000-inspection/2447492e-a621-468d-811d-f7ea6418fcdf_1000.jpg!m_fill,w_120,h_80,f_jpg?from=ke.com 
20241105,通州,九棵树(家乐福),101127433540,阿尔法社区,260万,,1室2厅 顶层/共6层 南 北 平层/其他 86.19平米 2008年建/板楼,https://ke-image.ljcdn.com/110000-inspection/pc0_YP0t6xka7_1.jpg!m_fill,w_120,h_80,f_jpg?from=ke.com 
20241105,朝阳,管庄,101127432461,京通苑,255万,,1室1厅 中楼层/共24层 东南 暂无数据/精装 66.52平米 塔楼,https://s1.ljcdn.com/pegasus/redskull/images/common/default_house_detail.png?_v=202411041520163 
20241105,顺义,顺义城,101127434755,裕龙六区,276万,,3室1厅 顶层/共6层 南 北 平层/其他 93.34平米 2003年建/板楼,https://ke-image.ljcdn.com/110000-inspection/pc0_hZV6Zslny_1.jpg!m_fill,w_120,h_80,f_jpg?from=ke.com 
20241105,朝阳,潘家园,101127433588,嘉多丽园,570万,,2室1厅 低楼层/共25层 南 西 平层/简装 113.5平米 塔楼,https://s1.ljcdn.com/pegasus/redskull/images/common/default_house_detail.png?_v=202411041520163 
20241105,房山,长阳,101127433330,金隅畅和园9号院,170万,,1室1厅 低楼层/共21层 南 暂无数据/其他 65.08平米 2016年建/板塔结合,https://s1.ljcdn.com/pegasus/redskull/images/common/default_house_detail.png?_v=202411041520163 
20241105,通州,临河里,101127432366,华远铭悦雅园,158万,,1室1厅 低楼层/共23层 南 暂无数据/精装 50.37平米 2015年建/塔楼,https://s1.ljcdn.com/pegasus/redskull/images/common/default_house_detail.png?_v=202411041520163 
20241105,西城,马甸,101127434539,新风南里,780万,,2室1厅 中楼层/共5层 南 北 暂无数据/其他 53.6平米 板楼,https://s1.ljcdn.com/pegasus/redskull/images/common/default_house_detail.png?_v=202411041520163 
20241105,通州,九棵树(家乐福),101127432542,大方居,245万,,2室1厅 低楼层/共22层 西 平层/精装 90.47平米 2010年建/板塔结合,https://ke-image.ljcdn.com/110000-inspection/62803843-03fa-472f-9487-90687ee17bf2_1000.jpg!m_fill,w_120,h_80,f_jpg?from=ke.com 
20241105,朝阳,石佛营,101127433777,炫特嘉园一期,218万,,1室1厅 中楼层/共18层 北 暂无数据/精装 42.03平米 2004年建/塔楼,https://s1.ljcdn.com/pegasus/redskull/images/common/default_house_detail.png?_v=202411041520163 
20241105,朝阳,双井,101127433608,华腾园,480万,,1室1厅 中楼层/共24层 北 平层/精装 60.51平米 2003年建/塔楼,https://ke-image.ljcdn.com/110000-inspection/pc0_WeUvTOGJP.jpg!m_fill,w_120,h_80,f_jpg?from=ke.com 
20241105,大兴,瀛海,101127433861,兴海园,340万,,3室1厅 中楼层/共6层 南 北 平层/其他 90.38平米 板楼,https://s1.ljcdn.com/pegasus/redskull/images/common/default_house_detail.png?_v=202411041520163 
20241105,顺义,顺义城,101127433100,玉兰苑,336万,,2室1厅 高楼层/共6层 南 北 平层/精装 91.72平米 板楼,https://ke-image.ljcdn.com/110000-inspection/eceb0c98-7c23-4a86-87c0-b3c34633cbd6_1000.jpg!m_fill,w_120,h_80,f_jpg?from=ke.com 
20241105,丰台,玉泉营,101127434218,怡海花园恒丰园,420万,,2室1厅 顶层/共6层 南 北 暂无数据/其他 83.48平米 板楼,https://s1.ljcdn.com/pegasus/redskull/images/common/default_house_detail.png?_v=202411041520163 
20241105,顺义,顺义城,101127434100,胜利小区,230万,,2室1厅 中楼层/共5层 南 北 平层/其他 65.95平米 板楼,https://ke-image.ljcdn.com/110000-inspection/pc0_MBYCtjgTg_1.jpg!m_fill,w_120,h_80,f_jpg?from=ke.com 
20241105,丰台,卢沟桥,101127434143,晓月苑二里,230万,,3室1厅 顶层/共6层 南 北 平层/简装 87.98平米 1998年建/板楼,https://ke-image.ljcdn.com/110000-inspection/pc0_CmaLbiU8F_1.jpg!m_fill,w_120,h_80,f_jpg?from=ke.com 
20241105,海淀,清河,101127434891,橡林郡,480万,,1室0厅 低楼层/共21层 东 平层/其他 47.2平米 板楼,https://ke-image.ljcdn.com/110000-inspection/76fb1506-2fe8-4e35-97aa-0321a7ecf08a_1000.jpg!m_fill,w_120,h_80,f_jpg?from=ke.com 
20241105,亦庄开发区,亦庄,101127434506,贵园南里甲区,465万,,3室1厅 中楼层/共6层 南 北 平层/其他 101.93平米 1995年建/板楼,https://s1.ljcdn.com/pegasus/redskull/images/common/default_house_detail.png?_v=202411041520163 
20241105,丰台,草桥,101127434276,恋日花都,750万,,2室1厅 高楼层/共17层 西南 平层/其他 121.97平米 板塔结合,https://ke-image.ljcdn.com/110000-inspection/897a2ecf-f7af-4e0a-a768-0d188989b1cc_1000.jpg!m_fill,w_120,h_80,f_jpg?from=ke.com 
20241105,顺义,顺义城,101127434082,东兴一区,349万,,2室1厅 顶层/共6层 南 北 复式/其他 98.81平米 板楼,https://ke-image.ljcdn.com/110000-inspection/cdc88254-fde4-4ba2-ac4c-ab20a03edc54_1000.jpg!m_fill,w_120,h_80,f_jpg?from=ke.com 
20241105,朝阳,望京,101127434431,南湖东园一区,720万,,3室2厅 中楼层/共28层 东南 北 平层/其他 109平米 1998年建/塔楼,https://ke-image.ljcdn.com/110000-inspection/pc0_qZrHdNO6q.jpg!m_fill,w_120,h_80,f_jpg?from=ke.com 
20241105,朝阳,四惠,101127434565,金地名京,680万,,2室1厅 顶层/共6层 东 西 复式/精装 75.27平米 2009年建/板楼,https://s1.ljcdn.com/pegasus/redskull/images/common/default_house_detail.png?_v=202411041520163 
20241105,顺义,顺义其它,101127435159,龙湖好望山,599万,,4室2厅 中楼层/共4层 南 北 复式/其他 222.19平米 2014年建/板楼,https://ke-image.ljcdn.com/110000-inspection/d7bd6325-f9a1-48a5-aa2c-b5a06408a5ec_1000.jpg!m_fill,w_120,h_80,f_jpg?from=ke.com 
20241105,顺义,顺义城,101127434044,西辛南区,207万,,2室1厅 顶层/共5层 南 北 平层/精装 79.92平米 1994年建/板楼,https://ke-image.ljcdn.com/110000-inspection/b0e4c03d-6d78-48a6-a6f4-650170695849_1000.jpg!m_fill,w_120,h_80,f_jpg?from=ke.com 
20241105,海淀,海淀北部新区,101127434342,海淀嘉郡,385万,,2室1厅 中楼层/共16层 南 暂无数据/其他 84.81平米 2016年建/板楼,https://s1.ljcdn.com/pegasus/redskull/images/common/default_house_detail.png?_v=202411041520163 
20241105,顺义,顺义其它,101127433630,首创禧瑞墅,578万,,4室2厅 中楼层/共5层 南 北 复式/毛坯 157.88平米 板楼,https://ke-image.ljcdn.com/110000-inspection/pc0_I2OrAZkyM_1.jpg!m_fill,w_120,h_80,f_jpg?from=ke.com 
20241105,顺义,马坡,101127434776,龙湖香醍漫步一区,535万,,3室2厅 底层/共6层 东 南 北 复式/其他 89.55平米 板楼,https://ke-image.ljcdn.com/110000-inspection/d23b86bd-5a6d-4dfa-95a5-bf82d6116055_1000.jpg!m_fill,w_120,h_80,f_jpg?from=ke.com 
20241105,西城,宣武门,101127435568,诚实胡同,225万,,1室1厅 底层/共1层 南 平层/简装 14.9平米 1980年建/平房,https://s1.ljcdn.com/pegasus/redskull/images/common/default_house_detail.png?_v=202411041520163 
20241105,朝阳,北苑,101127435231,旭辉奥都,430万,,3室1厅 底层/共20层 南 北 平层/其他 112.75平米 2009年建/板楼,https://s1.ljcdn.com/pegasus/redskull/images/common/default_house_detail.png?_v=202411041520163 
20241105,顺义,顺义其它,101127436345,龙湖好望山,800万,,6室2厅 底层/共4层 南 北 复式/精装 293.54平米 2014年建/板楼,https://ke-image.ljcdn.com/110000-inspection/8597ebad-d536-4822-9ab2-1c0fdd8c66a5_1000.jpg!m_fill,w_120,h_80,f_jpg?from=ke.com 
20241105,朝阳,北苑,101127435365,旭辉奥都,183万,,2室1厅 中楼层/共24层 西北 平层/其他 70.5平米 2009年建/塔楼,https://s1.ljcdn.com/pegasus/redskull/images/common/default_house_detail.png?_v=202411041520163 
20241105,顺义,顺义城,101127435016,裕龙一区,239万,,2室1厅 高楼层/共6层 南 北 平层/简装 81.72平米 板楼,https://ke-image.ljcdn.com/110000-inspection/pc0_8feQhJ0tc_1.jpg!m_fill,w_120,h_80,f_jpg?from=ke.com 
20241105,房山,良乡,101127436659,月华小区,208万,,3室1厅 低楼层/共6层 南 北 平层/简装 96.22平米 1999年建/板楼,https://ke-image.ljcdn.com/110000-inspection/pc0_xhZ6EmYJK.jpg!m_fill,w_120,h_80,f_jpg?from=ke.com 
20241105,顺义,顺义城,101127434764,双兴南区,380万,,2室2厅 高楼层/共6层 南 北 平层/精装 122.03平米 板楼,https://ke-image.ljcdn.com/110000-inspection/pc0_j3fsp5WQk_1.jpg!m_fill,w_120,h_80,f_jpg?from=ke.com 
20241105,石景山,苹果园,101127436723,西黄新村北里,249万,,1室2厅 低楼层/共6层 南 北 平层/精装 57.53平米 板楼,https://ke-image.ljcdn.com/110000-inspection/pc0_4swxePtg2.jpg!m_fill,w_120,h_80,f_jpg?from=ke.com 
20241105,西城,西单,101127436183,西黄城根45号院,852万,,2室1厅 中楼层/共5层 南 北 平层/精装 56.6平米 板楼,https://ke-image.ljcdn.com/110000-inspection/pc0_t6TxSVzse.jpg!m_fill,w_120,h_80,f_jpg?from=ke.com 
20241105,丰台,丰台其它,101127436713,汤泉墅,295万,,3室1厅 中楼层/共6层 南 北 平层/简装 86.57平米 2011年建/板楼,https://ke-image.ljcdn.com/110000-inspection/pc0_pLUnAKu08_2.jpg!m_fill,w_120,h_80,f_jpg?from=ke.com 
20241105,朝阳,双井,101127436851,富力城E区,739万,,2室1厅 中楼层/共18层 西 北 平层/精装 95.99平米 塔楼,https://s1.ljcdn.com/pegasus/redskull/images/common/default_house_detail.png?_v=202411041520163 
20241105,朝阳,芍药居,101127435921,芍药居北里,960万,,3室1厅 低楼层/共25层 南 北 平层/精装 139.58平米 2000年建/塔楼,https://ke-image.ljcdn.com/110000-inspection/pc0_oYOUVbIuu.jpg!m_fill,w_120,h_80,f_jpg?from=ke.com 
20241105,房山,长阳,101127435909,徜徉嘉园8号院,599万,,3室1厅 顶层/共6层 南 北 复式/其他 132.38平米 2014年建/板楼,https://ke-image.ljcdn.com/110000-inspection/pc0_5pOchcGLY.jpg!m_fill,w_120,h_80,f_jpg?from=ke.com 
20241105,房山,长阳,101127436343,金隅糖,315万,,2室2厅 低楼层/共16层 南 北 平层/精装 83.15平米 板楼,https://s1.ljcdn.com/pegasus/redskull/images/common/default_house_detail.png?_v=202411041520163 
20241105,顺义,马坡,101127436635,龙湖香醍溪岸南区,900万,,5室2厅 顶层/共2层 南 北 复式/其他 293.63平米 2011年建/板楼,https://ke-image.ljcdn.com/110000-inspection/275c339c-f086-4f1f-a1b2-aff07c3b1dc2_1000.jpg!m_fill,w_120,h_80,f_jpg?from=ke.com 
20241105,朝阳,惠新西街,101127436304,胜古南里,258万,,1室1厅 中楼层/共6层 南 平层/精装 35.42平米 板楼,https://ke-image.ljcdn.com/110000-inspection/pc0_DXt3Ki2mG.jpg!m_fill,w_120,h_80,f_jpg?from=ke.com 
20241105,顺义,马坡,101127434702,纳帕尔湾,880万,,5室2厅 底层/共4层 南 北 复式/精装 327.86平米 2008年建/板楼,https://ke-image.ljcdn.com/110000-inspection/pc0_7gYco59Yz_1.jpg!m_fill,w_120,h_80,f_jpg?from=ke.com 
20241105,昌平,天通苑,101127435560,天通苑中苑,1050万,,5室3厅 高楼层/共12层 南 北 复式/其他 235.73平米 板楼,https://ke-image.ljcdn.com/110000-inspection/pc0_FWeDqjNRV.jpg!m_fill,w_120,h_80,f_jpg?from=ke.com 
20241105,大兴,观音寺,101127435382,观音寺小区,220万,,2室1厅 高楼层/共6层 南 北 平层/其他 77.33平米 板楼,https://s1.ljcdn.com/pegasus/redskull/images/common/default_house_detail.png?_v=202411041520163 
20241105,丰台,玉泉营,101127435768,万年花城二期,785万,,3室1厅 低楼层/共27层 东南 平层/精装 112.6平米 2007年建/塔楼,https://ke-image.ljcdn.com/110000-inspection/2ede0e0a-dfbf-4518-934c-cc11c5200b76_1000.jpg!m_fill,w_120,h_80,f_jpg?from=ke.com 
20241105,朝阳,惠新西街,101127436634,小关东街,392万,,2室1厅 高楼层/共6层 南 北 平层/精装 54.92平米 板楼,https://ke-image.ljcdn.com/110000-inspection/pc0_HZojNdPge.jpg!m_fill,w_120,h_80,f_jpg?from=ke.com 
20241105,昌平,立水桥,101127436791,东亚奥北中心北区,115万,,1室1厅 低楼层/共20层 北 平层/其他 40.32平米 2008年建/板塔结合,https://s1.ljcdn.com/pegasus/redskull/images/common/default_house_detail.png?_v=202411041520163 
20241105,丰台,玉泉营,101127435293,万年花城二期,1030万,,3室2厅 中楼层/共11层 南 北 平层/精装 125.3平米 2006年建/板楼,https://ke-image.ljcdn.com/110000-inspection/07c709df-a63e-444a-baa8-dcd50f406195_1000.jpg!m_fill,w_120,h_80,f_jpg?from=ke.com 
20241105,朝阳,北苑,101127436287,旭辉奥都,210万,,1室1厅 低楼层/共25层 西南 平层/其他 69.82平米 2009年建/塔楼,https://s1.ljcdn.com/pegasus/redskull/images/common/default_house_detail.png?_v=202411041520163 
20241105,通州,临河里,101127435702,华远铭悦园,230万,,2室1厅 高楼层/共27层 南 平层/其他 56.21平米 2014年建/板楼,https://ke-image.ljcdn.com/110000-inspection/apc_AEhkf4NT5.jpg!m_fill,w_120,h_80,f_jpg?from=ke.com 
20241105,昌平,回龙观,101127435928,TBD住总万科天地,220万,,1室1厅 顶层/共18层 北 复式/其他 50.89平米 2019年建/塔楼,https://s1.ljcdn.com/pegasus/redskull/images/common/default_house_detail.png?_v=202411041520163 
20241105,海淀,清河,101127436689,观澳园,500万,,1室1厅 低楼层/共7层 西 南 北 平层/其他 71.04平米 2005年建/板楼,https://ke-image.ljcdn.com/110000-inspection/pc0_zVn0nmDhi_1.jpg!m_fill,w_120,h_80,f_jpg?from=ke.com 
20241105,海淀,西直门,101127435884,铁道科学研究院,880万,,3室1厅 中楼层/共5层 南 北 暂无数据/其他 98.38平米 板楼,https://s1.ljcdn.com/pegasus/redskull/images/common/default_house_detail.png?_v=202411041520163 
20241105,顺义,马坡,101127436938,龙湖香醍漫步一区,731万,,6室4厅 底层/共6层 南 北 东 复式/精装 155.13平米 板楼,https://ke-image.ljcdn.com/110000-inspection/7c895af8-5118-4d81-a48a-20ecc6da6548_1000.jpg!m_fill,w_120,h_80,f_jpg?from=ke.com 
20241105,房山,良乡,101127436853,恒大滨河左岸南区,195万,,2室1厅 中楼层/共15层 南 暂无数据/精装 83.96平米 板楼,https://s1.ljcdn.com/pegasus/redskull/images/common/default_house_detail.png?_v=202411041520163 
20241105,朝阳,潘家园,101127437088,潘家园小区,260万,,2室1厅 顶层/共6层 南 北 平层/精装 60.55平米 1981年建/板楼,https://s1.ljcdn.com/pegasus/redskull/images/common/default_house_detail.png?_v=202411041520163 
20241105,朝阳,朝青,101127436849,逸翠园,1299万,,3室2厅 高楼层/共7层 南 北 错层/简装 155平米 板楼,https://ke-image.ljcdn.com/110000-inspection/2c9e0561-7bed-43e0-bc57-1a1aeb5b21ea_1000.jpg!m_fill,w_120,h_80,f_jpg?from=ke.com 
20241105,顺义,马坡,101127436628,龙湖香醍漫步三区,460万,,3室2厅 中楼层/共6层 南 北 平层/毛坯 181.71平米 2009年建/板楼,https://ke-image.ljcdn.com/110000-inspection/apc_0qDkwFf9C_1.jpg!m_fill,w_120,h_80,f_jpg?from=ke.com 
20241105,朝阳,北苑,101127437114,旭辉奥都,265万,,2室1厅 低楼层/共20层 西北 平层/其他 73.59平米 2009年建/板楼,https://s1.ljcdn.com/pegasus/redskull/images/common/default_house_detail.png?_v=202411041520163 
20241105,西城,西直门,101127435757,玉桃园二区,1166万,,2室2厅 低楼层/共6层 南 北 暂无数据/简装 89.7平米 板楼,https://s1.ljcdn.com/pegasus/redskull/images/common/default_house_detail.png?_v=202411041520163 
20241105,朝阳,北苑,101127437547,北苑家园茉藜园,530万,,2室1厅 中楼层/共25层 南 北 平层/其他 111.83平米 2003年建/塔楼,https://s1.ljcdn.com/pegasus/redskull/images/common/default_house_detail.png?_v=202411041520163 
20241105,昌平,回龙观,101127436182,龙兴园中区,400万,,3室2厅 低楼层/共6层 南 北 暂无数据/简装 102.48平米 板楼,https://s1.ljcdn.com/pegasus/redskull/images/common/default_house_detail.png?_v=202411041520163 
20241105,顺义,顺义其它,101127437232,东方太阳城,368万,,3室2厅 中楼层/共4层 南 北 平层/其他 127.55平米 板楼,https://ke-image.ljcdn.com/110000-inspection/pc0_e9Zy0q4II_1.jpg!m_fill,w_120,h_80,f_jpg?from=ke.com 
20241105,东城,崇文门,101127436392,南岗子,568万,,3室1厅 顶层/共6层 南 北 平层/简装 68.71平米 板楼,https://ke-image.ljcdn.com/110000-inspection/4430d8f8-756e-4694-81f9-be5bedb1c370_1000.jpg!m_fill,w_120,h_80,f_jpg?from=ke.com 
20241105,通州,果园,101127436911,葛布店南里,292万,,2室1厅 中楼层/共5层 南 北 平层/简装 90.41平米 板楼,https://ke-image.ljcdn.com/110000-inspection/pc0_SI6R1k81j.jpg!m_fill,w_120,h_80,f_jpg?from=ke.com 
20241105,大兴,黄村中,101127437296,黄村西里,178万,,2室1厅 中楼层/共5层 南 北 平层/其他 53.61平米 板楼,https://s1.ljcdn.com/pegasus/redskull/images/common/default_house_detail.png?_v=202411041520163 
20241105,顺义,顺义城,101127437039,仓上小区,205万,,2室1厅 中楼层/共6层 南 北 暂无数据/其他 76.17平米 1992年建/板楼,https://s1.ljcdn.com/pegasus/redskull/images/common/default_house_detail.png?_v=202411041520163 
20241105,朝阳,双井,101127437124,CBD总部公寓二期,650万,,1室1厅 中楼层/共14层 西 暂无数据/简装 80.74平米 板楼,https://s1.ljcdn.com/pegasus/redskull/images/common/default_house_detail.png?_v=202411041520163 
20241105,朝阳,北苑,101127437835,北苑家园望春园,549万,,2室2厅 中楼层/共23层 南 北 平层/其他 97.78平米 2009年建/板塔结合,https://s1.ljcdn.com/pegasus/redskull/images/common/default_house_detail.png?_v=202411041520163 
20241105,丰台,玉泉营,101127437071,三环新城8号院,505万,,2室1厅 中楼层/共22层 东南 北 暂无数据/其他 97.01平米 2007年建/塔楼,https://s1.ljcdn.com/pegasus/redskull/images/common/default_house_detail.png?_v=202411041520163 
20241105,顺义,顺义城,101127437488,石园北区,218万,,2室1厅 中楼层/共18层 东南 平层/其他 87.41平米 2002年建/塔楼,https://ke-image.ljcdn.com/110000-inspection/pc0_CWmK9rLfX_1.jpg!m_fill,w_120,h_80,f_jpg?from=ke.com 
20241105,顺义,顺义城,101127438345,东兴一区,225万,,2室2厅 中楼层/共6层 东南 平层/精装 81.31平米 塔楼,https://ke-image.ljcdn.com/110000-inspection/7cf9344d-dfe6-4a5e-b139-c28ca28355cf_1000.jpg!m_fill,w_120,h_80,f_jpg?from=ke.com 
20241105,朝阳,亚运村,101127437477,安慧里二区,298万,,1室1厅 低楼层/共18层 南 北 平层/简装 46.84平米 板楼,https://s1.ljcdn.com/pegasus/redskull/images/common/default_house_detail.png?_v=202411041520163 
20241105,朝阳,管庄,101127436760,华龙美树,165万,,1室0厅 中楼层/共19层 北 平层/其他 36.78平米 2005年建/板楼,https://ke-image.ljcdn.com/110000-inspection/ffc7d22f-1320-4fb7-bcf6-e2e0f0c53d25_1000.jpg!m_fill,w_120,h_80,f_jpg?from=ke.com 
20241105,石景山,五里坨,101127436317,绿地·京西景园,225万,,2室1厅 高楼层/共27层 东 南 北 暂无数据/其他 67.09平米 板塔结合,https://s1.ljcdn.com/pegasus/redskull/images/common/default_house_detail.png?_v=202411041520163 
20241105,大兴,旧宫,101127437541,亦庄北岸,223万,,2室1厅 低楼层/共11层 东北 平层/其他 62.74平米 2008年建/板楼,https://ke-image.ljcdn.com/110000-inspection/pc0_zvxLm15BD.jpg!m_fill,w_120,h_80,f_jpg?from=ke.com 
20241105,海淀,四季青,101127436764,五福玲珑居南区,266万,,1室0厅 高楼层/共16层 南 暂无数据/精装 38.37平米 2016年建/板楼,https://s1.ljcdn.com/pegasus/redskull/images/common/default_house_detail.png?_v=202411041520163 
20241105,顺义,顺义城,101127437268,兴顺宝典,630万,,4室2厅 中楼层/共9层 南 北 平层/其他 182.5平米 2004年建/板楼,https://ke-image.ljcdn.com/110000-inspection/pc0_CQ6zNUKA7_1.jpg!m_fill,w_120,h_80,f_jpg?from=ke.com 
20241105,顺义,马坡,101127437343,龙湖香醍溪岸南区,129万,,1室0厅 中楼层/共8层 南 平层/其他 38.96平米 2012年建/板楼,https://ke-image.ljcdn.com/110000-inspection/aec82d1f-7520-4e7e-842b-458dca94341c_1000.jpg!m_fill,w_120,h_80,f_jpg?from=ke.com 
20241105,朝阳,常营,101127436477,馨岛苑,349万,,2室1厅 高楼层/共11层 西北 平层/其他 88.51平米 板塔结合,https://s1.ljcdn.com/pegasus/redskull/images/common/default_house_detail.png?_v=202411041520163 
20241105,朝阳,北苑,101127437048,北苑家园莲葩园,509万,,2室1厅 中楼层/共25层 西南 平层/其他 99.84平米 2004年建/塔楼,https://ke-image.ljcdn.com/110000-inspection/pc0_Klv5H9XcE_1.jpg!m_fill,w_120,h_80,f_jpg?from=ke.com 
20241105,石景山,苹果园,101127436366,西山枫林四期,389万,,3室1厅 顶层/共6层 南 北 复式/其他 96.83平米 2006年建/板楼,https://ke-image.ljcdn.com/110000-inspection/pc0_QEMXxlmw6.jpg!m_fill,w_120,h_80,f_jpg?from=ke.com 
20241105,西城,右安门内,101127437068,建功东里,368万,,1室1厅 底层/共5层 南 平层/简装 38.3平米 板楼,https://ke-image.ljcdn.com/110000-inspection/pc0_U61AbM5az.jpg!m_fill,w_120,h_80,f_jpg?from=ke.com 
20241105,通州,万达,101127438229,西营前街,176万,,2室1厅 低楼层/共6层 南 平层/其他 54.99平米 板楼,https://ke-image.ljcdn.com/110000-inspection/c4538f07-a847-44d0-aab5-0a74080128b8_1000.jpg!m_fill,w_120,h_80,f_jpg?from=ke.com 
20241105,顺义,中央别墅区,101127436702,住总正华新国展满庭芳,380万,,3室1厅 顶层/共15层 南 北 暂无数据/精装 103.37平米 板楼,https://s1.ljcdn.com/pegasus/redskull/images/common/default_house_detail.png?_v=202411041520163 
20241105,顺义,顺义城,101127438245,广厦鑫苑,320万,,3室1厅 低楼层/共18层 南 北 平层/其他 119.53平米 2003年建/板楼,https://ke-image.ljcdn.com/110000-inspection/pc0_pKO0dRlzC_1.jpg!m_fill,w_120,h_80,f_jpg?from=ke.com 
20241105,通州,梨园,101127438570,新城嘉园,270万,,2室1厅 顶层/共26层 南 北 平层/其他 77.31平米 板楼,https://ke-image.ljcdn.com/110000-inspection/b26f94aa-2c91-462c-bfa9-96523541d8ca_1000.jpg!m_fill,w_120,h_80,f_jpg?from=ke.com 
20241105,房山,良乡,101127437404,苏庄二里,228万,,2室2厅 高楼层/共6层 南 北 平层/简装 89.69平米 板楼,https://s1.ljcdn.com/pegasus/redskull/images/common/default_house_detail.png?_v=202411041520163 
20241105,朝阳,双井,101127437940,富力城B区,1630万,,3室2厅 中楼层/共11层 南 平层/精装 169.19平米 2005年建/板塔结合,https://s1.ljcdn.com/pegasus/redskull/images/common/default_house_detail.png?_v=202411041520163 
20241105,西城,马甸,101127437542,新明胡同,999万,,3室1厅 中楼层/共18层 南 西 北 平层/精装 79.8平米 塔楼,https://ke-image.ljcdn.com/110000-inspection/pc0_sWJ3U6s3n.jpg!m_fill,w_120,h_80,f_jpg?from=ke.com 
20241105,房山,长阳,101127438325,长龙家园,165万,,2室1厅 高楼层/共12层 南 北 暂无数据/精装 66.36平米 板楼,https://s1.ljcdn.com/pegasus/redskull/images/common/default_house_detail.png?_v=202411041520163 
20241105,门头沟,上岸地铁,101127438682,中铁西城,322万,,2室1厅 中楼层/共18层 南 北 平层/其他 89.3平米 板楼,https://ke-image.ljcdn.com/110000-inspection/53f86cc3-900f-49e0-9bf7-c80cb28e9f8c_1000.jpg!m_fill,w_120,h_80,f_jpg?from=ke.com 
20241105,东城,永定门,101127438146,景泰西里,340万,,2室1厅 中楼层/共6层 东 暂无数据/其他 45.82平米 板塔结合,https://s1.ljcdn.com/pegasus/redskull/images/common/default_house_detail.png?_v=202411041520163 
20241105,朝阳,北苑,101127436910,中国铁建国际城,450万,,2室1厅 顶层/共28层 东 北 平层/其他 61.48平米 2011年建/板楼,https://ke-image.ljcdn.com/110000-inspection/cb381144-1ffc-4c45-8eb7-2b848b55cee0_1000.jpg!m_fill,w_120,h_80,f_jpg?from=ke.com 
20241105,朝阳,望京,101127438244,望京路10号院,450万,,2室1厅 顶层/共16层 东南 暂无数据/精装 77.08平米 塔楼,https://s1.ljcdn.com/pegasus/redskull/images/common/default_house_detail.png?_v=202411041520163 
20241105,房山,长阳,101127437912,温庄子家园,253万,,2室2厅 顶层/共6层 南 北 平层/其他 100平米 板楼,https://s1.ljcdn.com/pegasus/redskull/images/common/default_house_detail.png?_v=202411041520163 
20241105,朝阳,西坝河,101127439609,西坝河东里,428万,,2室1厅 中楼层/共5层 南 北 平层/精装 60.92平米 板楼,https://s1.ljcdn.com/pegasus/redskull/images/common/default_house_detail.png?_v=202411041520163 
20241105,昌平,回龙观,101127438709,北京城建畅悦居A区,322万,,2室1厅 中楼层/共21层 南 暂无数据/其他 81.14平米 2016年建/板塔结合,https://s1.ljcdn.com/pegasus/redskull/images/common/default_house_detail.png?_v=202411041520163 
20241105,门头沟,城子,101127438548,三家店新建路,105万,,2室1厅 顶层/共6层 南 北 暂无数据/其他 61.83平米 1998年建/板楼,https://s1.ljcdn.com/pegasus/redskull/images/common/default_house_detail.png?_v=202411041520163 
20241105,朝阳,垡头,101127439659,金蝉北里21号院,338万,,2室1厅 顶层/共6层 南 平层/其他 65平米 板楼,https://s1.ljcdn.com/pegasus/redskull/images/common/default_house_detail.png?_v=202411041520163 
20241105,海淀,紫竹桥,101127438525,三虎桥,400万,,2室1厅 底层/共6层 西北 平层/简装 42.9平米 板楼,https://ke-image.ljcdn.com/110000-inspection/pc0_Ln5PBQyim.jpg!m_fill,w_120,h_80,f_jpg?from=ke.com 
20241105,大兴,枣园,101127439327,红木林南区,405万,,2室1厅 中楼层/共28层 东南 平层/简装 71.3平米 2013年建/板楼,https://ke-image.ljcdn.com/110000-inspection/pc0_PURdIdkiY_2.jpg!m_fill,w_120,h_80,f_jpg?from=ke.com 
20241105,顺义,马坡,101127441081,张庄家园,188万,,3室2厅 高楼层/共11层 南 北 暂无数据/其他 108.6平米 板塔结合,https://s1.ljcdn.com/pegasus/redskull/images/common/default_house_detail.png?_v=202411041520163 
20241105,朝阳,石佛营,101127440683,石佛营东里小区,500万,,3室1厅 低楼层/共18层 西南 暂无数据/其他 91.59平米 1997年建/塔楼,https://s1.ljcdn.com/pegasus/redskull/images/common/default_house_detail.png?_v=202411041520163 
20241105,昌平,回龙观,101127440421,和谐家园一区,515万,,3室1厅 底层/共6层 南 北 平层/其他 118.84平米 板楼,https://s1.ljcdn.com/pegasus/redskull/images/common/default_house_detail.png?_v=202411041520163 
20241105,怀柔,怀柔,101127439501,顶秀美泉小镇A区,369万,,3室2厅 中楼层/共5层 南 北 平层/毛坯 160.65平米 2010年建/板楼,https://s1.ljcdn.com/pegasus/redskull/images/common/default_house_detail.png?_v=202411041520163 
20241105,海淀,世纪城,101127441495,鲁艺上河村,3850万,,4室2厅 顶层/共6层 南 北 暂无数据/毛坯 245.11平米 板楼,https://s1.ljcdn.com/pegasus/redskull/images/common/default_house_detail.png?_v=202411041520163 
20241105,西城,陶然亭,101127439374,板章路,238万,,1室0厅 底层/共1层 东 平层/其他 16.5平米 暂无数据,https://ke-image.ljcdn.com/110000-inspection/apc_4ZTe2cyfj_1.jpg!m_fill,w_120,h_80,f_jpg?from=ke.com 
20241105,昌平,回龙观,101127440719,骊龙园,460万,,2室1厅 中楼层/共6层 南 北 暂无数据/简装 97.21平米 板楼,https://s1.ljcdn.com/pegasus/redskull/images/common/default_house_detail.png?_v=202411041520163 
20241105,昌平,回龙观,101127440504,金达园,299万,,2室1厅 顶层/共6层 南 北 暂无数据/其他 88.14平米 1998年建/板楼,https://s1.ljcdn.com/pegasus/redskull/images/common/default_house_detail.png?_v=202411041520163 
20241105,朝阳,三里屯,101127441834,三里屯SOHO,1135万,,2室1厅 高楼层/共23层 西南 暂无数据/其他 169.05平米 塔楼,https://ke-image.ljcdn.com/110000-inspection/5550564a-f4d9-4707-b424-8dcc8805f9f1_1000.jpg!m_fill,w_120,h_80,f_jpg?from=ke.com 
20241105,丰台,赵公口,101127441649,南顶小区,240万,,3室1厅 顶层/共5层 南 北 平层/简装 56.5平米 板楼,https://s1.ljcdn.com/pegasus/redskull/images/common/default_house_detail.png?_v=202411041520163 
20241105,朝阳,健翔桥,101127440646,华严北里9号院,455万,,2室1厅 低楼层/共6层 南 北 平层/精装 56.44平米 1983年建/板楼,https://ke-image.ljcdn.com/110000-inspection/pc0_mhxzdfcC2_1.jpg!m_fill,w_120,h_80,f_jpg?from=ke.com 
20241105,丰台,玉泉营,101127441962,万柳园小区,378万,,3室1厅 中楼层/共6层 南 北 暂无数据/简装 74.67平米 1991年建/板楼,https://s1.ljcdn.com/pegasus/redskull/images/common/default_house_detail.png?_v=202411041520163 
20241105,丰台,丰台其它,101127440589,领秀翡翠山B区,698万,,4室2厅 中楼层/共4层 南 北 暂无数据/精装 183.57平米 板楼,https://s1.ljcdn.com/pegasus/redskull/images/common/default_house_detail.png?_v=202411041520163 
20241105,丰台,北大地,101127442128,西安街甲4号院,450万,,3室1厅 顶层/共6层 南 北 平层/精装 81.1平米 板楼,https://ke-image.ljcdn.com/110000-inspection/ee13b055-f4ca-43f0-a8e2-a9d3d580169c_1000.jpg!m_fill,w_120,h_80,f_jpg?from=ke.com 
20241105,海淀,六里桥,101127440934,橙色年代,505万,,2室1厅 低楼层/共24层 西 平层/精装 70.39平米 塔楼,https://ke-image.ljcdn.com/110000-inspection/pc0_4eEbObFpk.jpg!m_fill,w_120,h_80,f_jpg?from=ke.com 
20241105,亦庄开发区,亦庄,101127441308,国锐金嵿,900万,,3室2厅 中楼层/共22层 南 北 暂无数据/其他 219.01平米 板塔结合,https://s1.ljcdn.com/pegasus/redskull/images/common/default_house_detail.png?_v=202411041520163 
20241105,顺义,顺义其它,101127441634,水色时光三区,560万,,4室2厅 底层/共3层 南 北 暂无数据/其他 208.68平米 板楼,https://s1.ljcdn.com/pegasus/redskull/images/common/default_house_detail.png?_v=202411041520163 
20241105,大兴,旧宫,101127441372,清和园,228万,,2室1厅 低楼层/共6层 南 北 平层/其他 71.57平米 板楼,https://s1.ljcdn.com/pegasus/redskull/images/common/default_house_detail.png?_v=202411041520163 
20241105,海淀,万柳,101127442960,万泉新新家园,1266万,,3室1厅 中楼层/共6层 南 西 北 平层/其他 117.38平米 板楼,https://ke-image.ljcdn.com/110000-inspection/5efda2dd-5205-4400-93cb-94ac0032775c_1000.jpg!m_fill,w_120,h_80,f_jpg?from=ke.com 
20241105,丰台,大红门,101127443907,福海小区,485万,,2室2厅 顶层/共14层 南 北 平层/其他 84.87平米 2004年建/板楼,https://ke-image.ljcdn.com/110000-inspection/3df74738-b0e4-40be-81a8-a90b896af885_1000.jpg!m_fill,w_120,h_80,f_jpg?from=ke.com 
20241105,海淀,定慧寺,101127442252,定慧西里,350万,,1室1厅 低楼层/共16层 东南 暂无数据/其他 51.4平米 塔楼,https://s1.ljcdn.com/pegasus/redskull/images/common/default_house_detail.png?_v=202411041520163 
20241105,丰台,丰台其它,101127443322,燕西华府,239万,,2室1厅 底层/共6层 北 南 暂无数据/精装 88.48平米 板楼,https://s1.ljcdn.com/pegasus/redskull/images/common/default_house_detail.png?_v=202411041520163 
20241105,朝阳,定福庄,101127443456,瑞和国际,690万,,3室2厅 高楼层/共22层 东南 暂无数据/其他 141.63平米 2009年建/塔楼,https://s1.ljcdn.com/pegasus/redskull/images/common/default_house_detail.png?_v=202411041520163 
20241105,石景山,苹果园,101127442556,模式口南里,258万,,2室1厅 中楼层/共16层 东北 暂无数据/简装 64.9平米 塔楼,https://s1.ljcdn.com/pegasus/redskull/images/common/default_house_detail.png?_v=202411041520163 
20241105,昌平,回龙观,101127444483,龙博苑二区,330万,,2室1厅 高楼层/共6层 南 北 暂无数据/简装 79.93平米 板楼,https://s1.ljcdn.com/pegasus/redskull/images/common/default_house_detail.png?_v=202411041520163 
20241105,朝阳,北工大,101127441598,磨房北里,225万,,1室1厅 高楼层/共6层 南 北 暂无数据/其他 46.15平米 板楼,https://s1.ljcdn.com/pegasus/redskull/images/common/default_house_detail.png?_v=202411041520163 
20241105,朝阳,双桥,101127442868,双柳巷,300万,,2室1厅 底层/共5层 南 北 平层/精装 64.05平米 1983年建/板楼,https://s1.ljcdn.com/pegasus/redskull/images/common/default_house_detail.png?_v=202411041520163 
20241105,东城,崇文门,101127443962,兴隆都市馨园,320万,,1室0厅 高楼层/共7层 北 平层/其他 37.54平米 2004年建/塔楼,https://s1.ljcdn.com/pegasus/redskull/images/common/default_house_detail.png?_v=202411041520163 
20241105,朝阳,北苑,101127443124,天怡家园,490万,,3室1厅 高楼层/共20层 西北 平层/简装 109.39平米 塔楼,https://ke-image.ljcdn.com/110000-inspection/b807b7d4-d960-411a-a91c-ac1453a3dbb7_1000.jpg!m_fill,w_120,h_80,f_jpg?from=ke.com 
20241105,丰台,七里庄,101127444635,望园西里,320万,,2室1厅 高楼层/共6层 南 北 平层/简装 58.53平米 板楼,https://s1.ljcdn.com/pegasus/redskull/images/common/default_house_detail.png?_v=202411041520163 
20241105,昌平,天通苑,101127443416,天通西苑三区,510万,,3室1厅 中楼层/共32层 西南 平层/精装 163.85平米 2001年建/塔楼,https://ke-image.ljcdn.com/110000-inspection/pc0_WzNpaCVa5.jpg!m_fill,w_120,h_80,f_jpg?from=ke.com 
20241105,东城,和平里,101127444698,民旺园十九号院,3500万,,4室2厅 底层/共6层 东 南 西 平层/其他 282.92平米 板楼,https://s1.ljcdn.com/pegasus/redskull/images/common/default_house_detail.png?_v=202411041520163 
20241105,海淀,牡丹园,101127445433,塔院小区,320万,,1室1厅 高楼层/共6层 南 平层/精装 40.53平米 板楼,https://s1.ljcdn.com/pegasus/redskull/images/common/default_house_detail.png?_v=202411041520163 
20241105,大兴,旧宫,101127443912,首开保利熙悦诚郡,739万,,3室2厅 底层/共15层 南 西 北 暂无数据/精装 138.12平米 板楼,https://s1.ljcdn.com/pegasus/redskull/images/common/default_house_detail.png?_v=202411041520163 
20241105,西城,西单,101127445088,东牛角胡同,192万,,1室0厅 底层/共1层 西 暂无数据/其他 8.1平米 平房,https://s1.ljcdn.com/pegasus/redskull/images/common/default_house_detail.png?_v=202411041520163 
20241105,顺义,顺义其它,101127444911,润景园,145万,,2室1厅 中楼层/共11层 南 暂无数据/其他 86.95平米 板塔结合,https://s1.ljcdn.com/pegasus/redskull/images/common/default_house_detail.png?_v=202411041520163 
20241105,朝阳,垡头,101127444630,燕保祈东家园二期,310万,,2室1厅 中楼层/共28层 南 北 暂无数据/其他 80.62平米 2021年建/板楼,https://s1.ljcdn.com/pegasus/redskull/images/common/default_house_detail.png?_v=202411041520163 
20241105,朝阳,农展馆,101127445621,朝阳公园西里南区,470万,,2室1厅 高楼层/共18层 东南 平层/其他 64.5平米 塔楼,https://s1.ljcdn.com/pegasus/redskull/images/common/default_house_detail.png?_v=202411041520163 
20241105,顺义,顺义城,101127444414,阳光水岸,228万,,2室1厅 顶层/共13层 南 平层/简装 71.43平米 2010年建/板楼,https://ke-image.ljcdn.com/110000-inspection/bfdd0e4d-a8d4-407c-be05-2449be9e5bc4_1000.jpg!m_fill,w_120,h_80,f_jpg?from=ke.com 
