20241017,亦庄开发区,马驹桥,101126956826,宏仁家园南向两居业主诚心出售包转商满五唯一必看好房,199万,23388元/平,高楼层 (共15层) | 2013年 | 2室2厅 | 85.09平米 | 南,https://ke-image.ljcdn.com/110000-inspection/8932c450-c309-4188-acf9-bb67ba1facb6_1000.jpg!m_fill,w_280,h_210,f_jpg?from=ke.com
20241017,亦庄开发区,马驹桥,101126949922,东亚瑞晶苑 2室1厅 南必看好房,228万,28993元/平,中楼层 (共21层) 2室1厅 | 78.64平米 | 南,https://ke-image.ljcdn.com/110000-inspection/2e0079f2-967d-4679-b393-d6dafdfa50c2_1000.jpg!m_fill,w_280,h_210,f_jpg?from=ke.com
20241017,亦庄开发区,马驹桥,101126821026,亦庄新城 精装3居 满五唯一 南北通透 采光充足必看好房,282万,31883元/平,低楼层 (共20层) | 2011年 | 3室1厅 | 88.45平米 | 南 北,https://ke-image.ljcdn.com/110000-inspection/3bac1959-c14c-4eb3-b5bd-262e142c1b88_1000.jpg!m_fill,w_280,h_210,f_jpg?from=ke.com
20241017,亦庄开发区,马驹桥,101126748328,融科钧廷 南向一居 中楼层 视野采光好 首付28万必看好房,179万,32328元/平,低楼层 (共11层) | 2014年 | 1室1厅 | 55.37平米 | 南,https://ke-image.ljcdn.com/110000-inspection/2826a079-72a2-47f0-be73-acfce7a13d38_1000.jpg!m_fill,w_280,h_210,f_jpg?from=ke.com
20241017,亦庄开发区,马驹桥,101126718459,边户型两居室中高楼层视野采光很棒精装随时能看必看好房,288万,36028元/平,中楼层 (共15层) | 2022年 | 2室1厅 | 79.94平米 | 南 北,https://ke-image.ljcdn.com/110000-inspection/2beb0b1c-a4de-4cf8-ad5e-b1962fa345d0_1000.jpg!m_fill,w_280,h_210,f_jpg?from=ke.com
20241017,亦庄开发区,马驹桥,101126802642,样本小区 大三居 南北通透 满五唯一,460万,32177元/平,高楼层 (共9层) 3室2厅 | 142.96平米 | 南 北,https://ke-image.ljcdn.com/110000-inspection/47d3bce5-1d62-42e6-9d6b-1d3a0eacfd16_1000.jpg!m_fill,w_280,h_210,f_jpg?from=ke.com
20241017,亦庄开发区,马驹桥,101126708555,宏仁家园 全南向采光好 面向小区园林 楼层好不临街房主自荐,220万,25859元/平,低楼层 (共18层) 2室1厅 | 85.08平米 | 南,https://ke-image.ljcdn.com/110000-inspection/4a8316a1-2f24-414a-b839-829f79160561_1000.jpg!m_fill,w_280,h_210,f_jpg?from=ke.com
20241017,亦庄开发区,马驹桥,101126703102,亦庄橡树湾 南北通透精装修三居室 带车位 无抵押,345万,36404元/平,低楼层 (共12层) | 2022年 | 3室1厅 | 94.77平米 | 南 北,https://ke-image.ljcdn.com/110000-inspection/83da3670-2098-4a3e-8ef4-00f2a7af19ed_1000.jpg!m_fill,w_280,h_210,f_jpg?from=ke.com
20241017,亦庄开发区,马驹桥,101126639372,通州区马桥路228号院,200万,22630元/平,底层 (共20层) | 2013年 | 2室2厅 | 88.38平米 | 南,https://ke-image.ljcdn.com/110000-inspection/2f938d34-46f5-4799-a282-64da5c9ea60b_1000.jpg!m_fill,w_280,h_210,f_jpg?from=ke.com
20241017,亦庄开发区,马驹桥,101126601623,亦庄新城 南向两居 高楼层 采光好 满五唯一,200万,26320元/平,高楼层 (共21层) | 2011年 | 2室1厅 | 75.99平米 | 南,https://ke-image.ljcdn.com/110000-inspection/494f9506-9861-4e69-a883-b3a8e85b67ba_1000.jpg!m_fill,w_280,h_210,f_jpg?from=ke.com
20241017,亦庄开发区,马驹桥,101126589889,南北通透两居室中间楼层精装修必看好房,189万,25445元/平,中楼层 (共6层) 2室1厅 | 74.28平米 | 南 北,https://ke-image.ljcdn.com/110000-inspection/67bcf726-cce7-4ae0-94de-3f9f5aee18e4_1000.jpg!m_fill,w_280,h_210,f_jpg?from=ke.com
20241017,亦庄开发区,马驹桥,101126581610,亦庄新城 全南向三居 精装修 满五唯一 中间楼层,350万,35390元/平,中楼层 (共10层) | 2011年 | 3室1厅 | 98.9平米 | 南,https://ke-image.ljcdn.com/110000-inspection/pc1_334EEMyEG.jpg!m_fill,w_280,h_210,f_jpg?from=ke.com
20241017,亦庄开发区,马驹桥,101126537246,合生世界村70年住宅满五年唯一看房方便有钥匙必看好房,195万,22850元/平,中楼层 (共14层) 2室1厅 | 85.34平米 | 西,https://ke-image.ljcdn.com/110000-inspection/1e803f9e-0250-4a48-942e-a9895653925c_1000.jpg!m_fill,w_280,h_210,f_jpg?from=ke.com
20241017,亦庄开发区,马驹桥,101126460599,东亚瑞晶苑南北两居室高楼层采光好视野好必看好房,225万,29183元/平,高楼层 (共21层) 2室1厅 | 77.1平米 | 南 北,https://ke-image.ljcdn.com/110000-inspection/da945e72-1633-4a79-83ba-ece7bf68f496_1000.jpg!m_fill,w_280,h_210,f_jpg?from=ke.com
20241017,亦庄开发区,马驹桥,101126455769,样本南北双通透三面宽三居全明格局精装修拎包住,495万,33830元/平,中楼层 (共5层) 3室1厅 | 146.32平米 | 南 北,https://ke-image.ljcdn.com/110000-inspection/pc1_P3RXc9vql.jpg!m_fill,w_280,h_210,f_jpg?from=ke.com
20241017,亦庄开发区,马驹桥,101126410525,合生世界村南北通透两居室中高楼层诚心出售必看好房,227万,24812元/平,中楼层 (共14层) | 2011年 | 2室1厅 | 91.49平米 | 南 北,https://ke-image.ljcdn.com/110000-inspection/e58f3515-d332-424d-a90e-e7bda43ee8c5_1000.jpg!m_fill,w_280,h_210,f_jpg?from=ke.com
20241017,亦庄开发区,马驹桥,101126204411,珠江逸景 满五唯一 南北通透 高楼层必看好房,238万,25295元/平,高楼层 (共14层) | 2009年 | 2室1厅 | 94.09平米 | 南 北,https://ke-image.ljcdn.com/110000-inspection/f248cac4-a0da-4b5c-90c0-7a99fc23cb65_1000.jpg!m_fill,w_280,h_210,f_jpg?from=ke.com
20241017,亦庄开发区,马驹桥,101126180488,珠江逸景 南向 采光好 视野好必看好房,220万,22625元/平,低楼层 (共14层) | 2009年 | 2室2厅 | 97.24平米 | 南,https://ke-image.ljcdn.com/110000-inspection/6eb42619-3eea-41fa-b9a8-3a279340343f_1000.jpg!m_fill,w_280,h_210,f_jpg?from=ke.com
20241017,亦庄开发区,马驹桥,101126136931,宏仁家园  南北通透两居室  满五年  看房方便,228万,25653元/平,低楼层 (共15层) | 2013年 | 2室1厅 | 88.88平米 | 南 北,https://ke-image.ljcdn.com/110000-inspection/pc1_tpYF5fWBc.jpg!m_fill,w_280,h_210,f_jpg?from=ke.com
20241017,亦庄开发区,马驹桥,101126114168,景盛北二街15号院新上东南北2居室高楼层视野开阔必看好房,225万,28253元/平,中楼层 (共21层) 2室1厅 | 79.64平米 | 东 南 北,https://ke-image.ljcdn.com/110000-inspection/2e30f4fa-eceb-4457-b5cd-770fa5231d18_1000.jpg!m_fill,w_280,h_210,f_jpg?from=ke.com
20241017,亦庄开发区,马驹桥,101126109118,合生世界村小三居满五唯一 中高楼层视野好房主自荐,220万,22711元/平,中楼层 (共14层) 3室1厅 | 96.87平米 | 西北,https://ke-image.ljcdn.com/110000-inspection/pc1_mbvqoc46y_2.jpg!m_fill,w_280,h_210,f_jpg?from=ke.com
20241017,亦庄开发区,马驹桥,101126047468,融科香雪兰溪满五唯一户型方正,309万,34626元/平,低楼层 (共21层) 3室1厅 | 89.24平米 | 南 北,https://ke-image.ljcdn.com/110000-inspection/pc1_ecegHjzKR.jpg!m_fill,w_280,h_210,f_jpg?from=ke.com
20241017,亦庄开发区,马驹桥,101125848811,满五唯一 南北通透 双明卫格局 中楼层视野好,435万,31154元/平,中楼层 (共20层) | 2011年 | 3室2厅 | 139.63平米 | 南 北,https://ke-image.ljcdn.com/110000-inspection/3136dc71-578d-4bf8-97ed-03a4f7145b14_1000.jpg!m_fill,w_280,h_210,f_jpg?from=ke.com
20241017,亦庄开发区,马驹桥,101125785664,珠江逸景 西北向高楼层采光好  满五年唯一房主自荐,142万,25526元/平,高楼层 (共15层) | 2009年 | 1室1厅 | 55.63平米 | 东 北,https://ke-image.ljcdn.com/110000-inspection/d7c48fa1-8418-4ce3-9f34-a74350e6080f_1000.jpg!m_fill,w_280,h_210,f_jpg?from=ke.com
20241017,亦庄开发区,马驹桥,101125741259,亦庄新城 南北三居 户型方正 诚心卖 看房随时必看好房,260万,29009元/平,低楼层 (共11层) 3室1厅 | 89.63平米 | 南 北,https://ke-image.ljcdn.com/110000-inspection/b383cf38-ec64-42b5-bf06-6f284863b827_1000.jpg!m_fill,w_280,h_210,f_jpg?from=ke.com
20241017,亦庄开发区,马驹桥,101125727325,珠江逸景南向满五年唯一看房提前预约 自住房保持干净必看好房,236万,24469元/平,低楼层 (共14层) 2室2厅 | 96.45平米 | 南,https://ke-image.ljcdn.com/110000-inspection/bffa41b0-0bec-4747-932b-b43b10644014_1000.jpg!m_fill,w_280,h_210,f_jpg?from=ke.com
20241017,亦庄开发区,马驹桥,101125673972,亦庄新城 南北通透两居室 满五唯一商品房中高楼层,240万,25760元/平,高楼层 (共14层) 2室1厅 | 93.17平米 | 南 北,https://ke-image.ljcdn.com/110000-inspection/c4ab881e-ad83-4f5f-9f96-f528ddc5758a_1000.jpg!m_fill,w_280,h_210,f_jpg?from=ke.com
20241017,亦庄开发区,马驹桥,101125616851,亦庄橡树湾次新房 高层视野好 南北通透三居室,365万,39126元/平,顶层 (共11层) | 2022年 | 3室2厅 | 93.29平米 | 南 北,https://ke-image.ljcdn.com/110000-inspection/a1093853-9731-4889-b994-eb028893a033_1000.jpg!m_fill,w_280,h_210,f_jpg?from=ke.com
20241017,亦庄开发区,马驹桥,101125612675,新海北里 满五唯一 中间层格局采光好房主自荐,243万,26730元/平,中楼层 (共6层) | 2006年 | 2室1厅 | 90.91平米 | 南 北,https://ke-image.ljcdn.com/110000-inspection/c4690208-347d-49f3-ab71-b461bac9ef44_1000.jpg!m_fill,w_280,h_210,f_jpg?from=ke.com
20241017,亦庄开发区,马驹桥,101125563603,一世情园大两居南北通透一梯一户精致装修房主自荐,305万,27951元/平,中楼层 (共5层) 2室1厅 | 109.12平米 | 南 北,https://ke-image.ljcdn.com/110000-inspection/4fa91587-3af5-400b-b94a-fdbada22fe7d_1000.jpg!m_fill,w_280,h_210,f_jpg?from=ke.com
20241017,亦庄开发区,马驹桥,101125347614,金地格林6采光充足精装修诚心出售必看好房,368万,35348元/平,中楼层 (共9层) 2室1厅 | 104.11平米 | 东 西 北,https://ke-image.ljcdn.com/110000-inspection/pc1_rtvlRODWb_2.jpg!m_fill,w_280,h_210,f_jpg?from=ke.com
20241017,亦庄开发区,马驹桥,101125241491,宏仁家园 东西通透两居室 商品房 看房随时,195万,21754元/平,低楼层 (共28层) | 2013年 | 2室1厅 | 89.64平米 | 东 西,https://ke-image.ljcdn.com/110000-inspection/229f78f7-73e4-4d94-83e9-12deeb6dddab_1000.jpg!m_fill,w_280,h_210,f_jpg?from=ke.com
20241017,亦庄开发区,马驹桥,101125227236,金地格林6 婚房精装修 三居二卫小洋房房主自荐,565万,40404元/平,低楼层 (共10层) 3室2厅 | 139.84平米 | 南 北,https://ke-image.ljcdn.com/110000-inspection/5d1b254f-8a06-4531-b9ad-37b8914a4a60_1000.jpg!m_fill,w_280,h_210,f_jpg?from=ke.com
20241017,亦庄开发区,马驹桥,101125181226,亦庄新城 南北通透两居室 满五唯一商品房 业主自房主自荐,240万,24858元/平,中楼层 (共11层) 2室1厅 | 96.55平米 | 南 北,https://ke-image.ljcdn.com/110000-inspection/65b7c8de-6468-4097-861c-cb7cc776e6b9_1000.jpg!m_fill,w_280,h_210,f_jpg?from=ke.com
20241017,亦庄开发区,马驹桥,101125157294,莲水怡园 带电梯 南向正规一居 采光好房主自荐,199万,29693元/平,高楼层 (共12层) | 2005年 | 1室1厅 | 67.02平米 | 南,https://ke-image.ljcdn.com/110000-inspection/996d82f3-04c8-4fb9-9c5f-22d2a71312f9_1000.jpg!m_fill,w_280,h_210,f_jpg?from=ke.com
20241017,亦庄开发区,马驹桥,101125156346,亦庄橡树湾  南北通透  三居室,389万,41047元/平,高楼层 (共12层) | 2022年 | 3室1厅 | 94.77平米 | 南 北,https://ke-image.ljcdn.com/110000-inspection/9caeebc3-4d32-41ef-9b18-8c2e6079a8d1_1000.jpg!m_fill,w_280,h_210,f_jpg?from=ke.com
20241017,亦庄开发区,马驹桥,101124971748,亦庄新城 融科香雪兰溪 南北通透三居 诚心出售,275万,31247元/平,低楼层 (共20层) | 2011年 | 3室1厅 | 88.01平米 | 南 北,https://ke-image.ljcdn.com/110000-inspection/pc1_HmyXDWBN1.jpg!m_fill,w_280,h_210,f_jpg?from=ke.com
20241017,亦庄开发区,马驹桥,101124944365,亦庄新城 融科3居 南北通透 无遮挡 视野开阔房主自荐,275万,30990元/平,顶层 (共20层) | 2011年 | 3室1厅 | 88.74平米 | 北 南,https://ke-image.ljcdn.com/110000-inspection/pc1_xJQLdwQpU.jpg!m_fill,w_280,h_210,f_jpg?from=ke.com
20241017,亦庄开发区,马驹桥,101124743638,合生世界花园南北通透大三居三卫业主自住房,430万,27707元/平,高楼层 (共18层) 3室2厅 | 155.2平米 | 南 北,https://ke-image.ljcdn.com/110000-inspection/pc1_cZTllg91y.jpg!m_fill,w_280,h_210,f_jpg?from=ke.com
20241017,亦庄开发区,马驹桥,101124727122,宏仁家园 东西通透两居室 商品房 看房随时,208万,22976元/平,高楼层 (共28层) | 2013年 | 2室1厅 | 90.53平米 | 东 西,https://ke-image.ljcdn.com/110000-inspection/0b778eff-fdd2-408d-a46f-442453958d07_1000.jpg!m_fill,w_280,h_210,f_jpg?from=ke.com
20241017,亦庄开发区,马驹桥,101124690203,莲水怡园 南向 带电梯 大一居,206万,27202元/平,中楼层 (共12层) | 2005年 | 1室1厅 | 75.73平米 | 南,https://ke-image.ljcdn.com/110000-inspection/73b8e837-bac3-49e2-a0df-13e36d05dfeb_1000.jpg!m_fill,w_280,h_210,f_jpg?from=ke.com
20241017,亦庄开发区,马驹桥,101124649067,亦庄橡树湾  南北通透  低楼层  三居室,350万,36913元/平,底层 (共13层) | 2022年 | 3室2厅 | 94.82平米 | 南 北,https://ke-image.ljcdn.com/110000-inspection/pc1_k1QByxN00.jpg!m_fill,w_280,h_210,f_jpg?from=ke.com
20241017,亦庄开发区,马驹桥,101124636843,亦庄新城 南北通透两居业主自住中间楼层 满五唯一,240万,25258元/平,低楼层 (共15层) | 2010年 | 2室1厅 | 95.02平米 | 南 北,https://ke-image.ljcdn.com/110000-inspection/7a7feadd-d6c2-4a57-83d5-01660b5d4ef6_1000.jpg!m_fill,w_280,h_210,f_jpg?from=ke.com
20241017,亦庄开发区,马驹桥,101124494181,米拉小镇 全南向 满五唯一 电梯房 正规两居室必看好房,291万,33005元/平,中楼层 (共25层) | 2012年 | 2室1厅 | 88.17平米 | 南,https://ke-image.ljcdn.com/110000-inspection/pc1_1MN6qmNvn.jpg!m_fill,w_280,h_210,f_jpg?from=ke.com
20241017,亦庄开发区,马驹桥,101124406447,精装修南北通透大3居2梯2户 按满五唯一卖必看好房,445万,34750元/平,中楼层 (共18层) 3室1厅 | 128.06平米 | 南 北,https://ke-image.ljcdn.com/110000-inspection/f2cb5d03-f4c7-4be0-943a-ae2f00ca7be6_1000.jpg!m_fill,w_280,h_210,f_jpg?from=ke.com
20241017,亦庄开发区,马驹桥,101124333097,亦庄新城 精装2居 满五唯一  中间楼层 采光充足,260万,30564元/平,中楼层 (共21层) 2室1厅 | 85.07平米 | 南,https://ke-image.ljcdn.com/110000-inspection/3665b5ba-1221-4098-8002-fbe8f2f56ffa_1000.jpg!m_fill,w_280,h_210,f_jpg?from=ke.com
20241017,亦庄开发区,马驹桥,101124124287,亦庄橡树湾南北通透三居室精装修房主自荐,368万,39346元/平,顶层 (共11层) | 2022年 | 3室1厅 | 93.53平米 | 南 北,https://ke-image.ljcdn.com/110000-inspection/pc1_CAD9L4OLv.jpg!m_fill,w_280,h_210,f_jpg?from=ke.com
20241017,亦庄开发区,马驹桥,101124060260,宏仁家园 西向两居室 采光充足必看好房,190万,22124元/平,中楼层 (共28层) | 2013年 | 2室1厅 | 85.88平米 | 西,https://ke-image.ljcdn.com/110000-inspection/0003e360-c7cc-45ac-abe0-9aa040f403f1_1000.jpg!m_fill,w_280,h_210,f_jpg?from=ke.com
20241017,亦庄开发区,马驹桥,101123499118,天和嘉园 满五唯一两居 婚房精装修 拎包入住房主自荐,230万,32259元/平,中楼层 (共15层) | 2013年 | 2室1厅 | 71.3平米 | 南,https://ke-image.ljcdn.com/110000-inspection/pc1_8eLCVWF8J_2.jpg!m_fill,w_280,h_210,f_jpg?from=ke.com
20241017,亦庄开发区,马驹桥,101122843067,亦庄橡树湾精装修两居 业主诚心出售必看好房,269万,33651元/平,底层 (共15层) | 2022年 | 2室1厅 | 79.94平米 | 南 北,https://ke-image.ljcdn.com/110000-inspection/e9ff5ef7-eed4-4a60-87a6-22cae5b50eda_1000.jpg!m_fill,w_280,h_210,f_jpg?from=ke.com
20241017,亦庄开发区,马驹桥,101127043648,合生世界村 南向两居室 全明格局 满五唯一必看好房,230万,24513元/平,高楼层 (共14层) | 2011年 | 2室1厅 | 93.83平米 | 南,https://ke-image.ljcdn.com/110000-inspection/pc1_iCDalMS6M.jpg!m_fill,w_280,h_210,f_jpg?from=ke.com
20241017,亦庄开发区,马驹桥,101126871621,低密洋房总高5层中间层精装修必看好房,177万,28398元/平,中楼层 (共5层) | 2006年 | 2室1厅 | 62.33平米 | 北,https://ke-image.ljcdn.com/110000-inspection/pc1_YijZrQJPg_1.jpg!m_fill,w_280,h_210,f_jpg?from=ke.com
20241017,亦庄开发区,马驹桥,101126867844,新海北里南北通透大两居小区同户型单价比较低必看好房,177万,23820元/平,高楼层 (共6层) | 2006年 | 2室1厅 | 74.31平米 | 南 北,https://ke-image.ljcdn.com/110000-inspection/b0f7b0ec-0231-4cf4-a812-57a5863aca87_1000.jpg!m_fill,w_280,h_210,f_jpg?from=ke.com
20241017,亦庄开发区,马驹桥,101126861726,宏仁家园 中间楼层 采光好 视野开阔 无遮挡商品房,185万,21542元/平,中楼层 (共28层) | 2013年 | 2室1厅 | 85.88平米 | 西,https://ke-image.ljcdn.com/110000-inspection/7213acf2-4fc3-4376-8c13-0021268f42a2_1000.jpg!m_fill,w_280,h_210,f_jpg?from=ke.com
20241017,亦庄开发区,马驹桥,101126781317,亦庄新城 南向两居满五唯一高楼层 看房随时,205万,26978元/平,高楼层 (共21层) | 2011年 | 2室1厅 | 75.99平米 | 南,https://ke-image.ljcdn.com/110000-inspection/pc1_nHr27fiFm_1.jpg!m_fill,w_280,h_210,f_jpg?from=ke.com
20241017,亦庄开发区,马驹桥,101126778049,亦庄新城 精装三居 拎包入住 南北通透 满五唯一,480万,29485元/平,低楼层 (共11层) 3室2厅 | 162.8平米 | 南 北,https://ke-image.ljcdn.com/110000-inspection/pc1_xDJ7cvmmy.jpg!m_fill,w_280,h_210,f_jpg?from=ke.com
20241017,亦庄开发区,马驹桥,101126771952,融科香雪兰溪 二期高楼层小三居视野采光好 诚心出售必看好房,295万,32995元/平,高楼层 (共21层) | 2011年 | 3室1厅 | 89.41平米 | 南 北,https://ke-image.ljcdn.com/110000-inspection/17516f7a-1360-44e0-9692-4fae9e23f7e9_1000.jpg!m_fill,w_280,h_210,f_jpg?from=ke.com
20241017,亦庄开发区,马驹桥,101126697647,亦庄新城 南北通透四居 精装修满五唯一 人车分流,620万,34785元/平,低楼层 (共11层) 4室1厅 | 178.24平米 | 南 北,https://ke-image.ljcdn.com/110000-inspection/8c598a53-a2d9-4b11-813d-026fc89eb488_1000.jpg!m_fill,w_280,h_210,f_jpg?from=ke.com
20241017,亦庄开发区,马驹桥,101126615327,亦庄新城 南向两居 业主自己住 采光好 满五唯一房主自荐,243万,30772元/平,低楼层 (共21层) | 2011年 | 2室1厅 | 78.97平米 | 南,https://ke-image.ljcdn.com/110000-inspection/58bea8a2-3c00-4f1e-b858-3169f87512fd_1000.jpg!m_fill,w_280,h_210,f_jpg?from=ke.com
20241017,亦庄开发区,马驹桥,101126558623,金地格林6 四至五跃层 动静分离 大三居,509万,30049元/平,顶层 (共4层) 3室2厅 | 169.39平米 | 南 北,https://ke-image.ljcdn.com/110000-inspection/253a91b2-b4fe-466a-910a-6c3f582289c0_1000.jpg!m_fill,w_280,h_210,f_jpg?from=ke.com
20241017,亦庄开发区,马驹桥,101126509244,亦庄橡树湾优质三居室绿化好南北通透,330万,34822元/平,底层 (共12层) | 2022年 | 3室1厅 | 94.77平米 | 南 北,https://ke-image.ljcdn.com/110000-inspection/pc1_DVTdoy1QK_2.jpg!m_fill,w_280,h_210,f_jpg?from=ke.com
20241017,亦庄开发区,马驹桥,101126432994,亦庄新城珠江逸景优选一居室业主出国变现靠谱卖,145万,27369元/平,中楼层 (共14层) 1室1厅 | 52.98平米 | 东,https://ke-image.ljcdn.com/110000-inspection/4939841c-7d29-42cf-9059-f59fffa2fc54_1000.jpg!m_fill,w_280,h_210,f_jpg?from=ke.com
20241017,亦庄开发区,马驹桥,101126311667,亦庄新城 南向两居 满五唯一商品房 精装修 诚心卖必看好房,229万,29908元/平,低楼层 (共21层) | 2011年 | 2室1厅 | 76.57平米 | 南,https://ke-image.ljcdn.com/110000-inspection/af3564ac-3638-4097-b466-9c76ab9dd3a7_1000.jpg!m_fill,w_280,h_210,f_jpg?from=ke.com
20241017,亦庄开发区,马驹桥,101126200839,亦庄橡树湾  四居室  南北通透必看好房,610万,43205元/平,中楼层 (共12层) | 2022年 | 4室2厅 | 141.19平米 | 南 北,https://ke-image.ljcdn.com/110000-inspection/pc1_kSfoopoZR_2.jpg!m_fill,w_280,h_210,f_jpg?from=ke.com
20241017,亦庄开发区,马驹桥,101125228728,亦庄橡树湾 高楼层  南北通透  看房方便 位置好,388万,41233元/平,高楼层 (共15层) | 2022年 | 3室1厅 | 94.1平米 | 南 北,https://ke-image.ljcdn.com/110000-inspection/4c42b68b-a398-4df2-b9d3-7a2afebf62da_1000.jpg!m_fill,w_280,h_210,f_jpg?from=ke.com
20241017,亦庄开发区,马驹桥,101125212543,满五唯一 南北通透 视野宽阔 中间楼层必看好房,210万,24885元/平,中楼层 (共20层) 2室1厅 | 84.39平米 | 南 北,https://ke-image.ljcdn.com/110000-inspection/d13f11a0-80db-4178-94ec-a228ae39b6c7_1000.jpg!m_fill,w_280,h_210,f_jpg?from=ke.com
20241017,亦庄开发区,马驹桥,101125185750,珠江逸景70年住宅中高层满五年唯一两居室 精装房必看好房,210万,21785元/平,高楼层 (共15层) 2室1厅 | 96.4平米 | 东南 西北,https://ke-image.ljcdn.com/110000-inspection/pc1_pPbxFYVfb_1.jpg!m_fill,w_280,h_210,f_jpg?from=ke.com
20241017,亦庄开发区,马驹桥,101125183634,天鹅堡别墅区 亦庄新城 适合改善家庭人口多的家庭必看好房,910万,38688元/平,底层 (共3层) 4室2厅 | 235.22平米 | 南 北,https://ke-image.ljcdn.com/110000-inspection/pc1_MBG5oUqPB.jpg!m_fill,w_280,h_210,f_jpg?from=ke.com
20241017,亦庄开发区,马驹桥,101124914656,亦庄新城 东南双卫两居室 无抵押 无遮挡看房随时,223万,24867元/平,低楼层 (共15层) | 2010年 | 2室1厅 | 89.68平米 | 东南,https://ke-image.ljcdn.com/110000-inspection/pc1_ZhEEM24Ao_1.jpg!m_fill,w_280,h_210,f_jpg?from=ke.com
20241017,亦庄开发区,马驹桥,101124859424,一世情园满五唯一业主自住诚心出售必看好房,160万,25828元/平,中楼层 (共5层) 1室1厅 | 61.95平米 | 北,https://ke-image.ljcdn.com/110000-inspection/411b85ce-85b4-48ff-bce6-7f924db21d04_1000.jpg!m_fill,w_280,h_210,f_jpg?from=ke.com
20241017,亦庄开发区,马驹桥,101124692877,合生世界村 南向两居 无遮挡 视野好 随时配合签约必看好房,195万,20838元/平,低楼层 (共14层) 2室1厅 | 93.58平米 | 南,https://ke-image.ljcdn.com/110000-inspection/pc1_oXpaQHvLV.jpg!m_fill,w_280,h_210,f_jpg?from=ke.com
20241017,亦庄开发区,马驹桥,101124628887,格林小镇6不临街小密度洋房叠拼,705万,43907元/平,底层 (共5层) 3室2厅 | 160.57平米 | 南 北,https://ke-image.ljcdn.com/110000-inspection/6d5b68c6-41c3-49dd-9fef-3b3118707b4d_1000.jpg!m_fill,w_280,h_210,f_jpg?from=ke.com
20241017,亦庄开发区,马驹桥,101124618392,天鹅堡 4室2厅 南 北,725万,30714元/平,底层 (共3层) 4室2厅 | 236.05平米 | 南 北,https://ke-image.ljcdn.com/110000-inspection/c15057e3-3a8c-4d8a-ac06-80cd14946049_1000.jpg!m_fill,w_280,h_210,f_jpg?from=ke.com
20241017,亦庄开发区,马驹桥,101124595228,天鹅堡 次顶层 直上三层 户型方正 视野佳房主自荐,249万,24686元/平,中楼层 (共5层) | 2009年 | 2室1厅 | 100.87平米 | 南 北,https://ke-image.ljcdn.com/110000-inspection/d26a63a7-0a4b-4070-9634-ffa9a5e1aa7c_1000.jpg!m_fill,w_280,h_210,f_jpg?from=ke.com
20241017,亦庄开发区,马驹桥,101124446482,金地格林6电梯洋房三居满五唯一靠谱卖房主自荐,465万,30633元/平,顶层 (共5层) 3室2厅 | 151.8平米 | 南 北,https://ke-image.ljcdn.com/110000-inspection/pc1_zjQPPdv2o_1.jpg!m_fill,w_280,h_210,f_jpg?from=ke.com
20241017,亦庄开发区,马驹桥,101123788143,满五年唯一商品房无户口无抵押有产权车位。必看好房,515万,36095元/平,中楼层 (共10层) 3室2厅 | 142.68平米 | 南 北,https://ke-image.ljcdn.com/110000-inspection/pc1_JL0uYLVZQ.jpg!m_fill,w_280,h_210,f_jpg?from=ke.com
20241017,亦庄开发区,马驹桥,101123253096,顶层 高挑高 南北通透 大三居房主自荐,508万,34003元/平,顶层 (共5层) | 2008年 | 3室2厅 | 149.4平米 | 南 北,https://ke-image.ljcdn.com/110000-inspection/pc1_WtH0Q9Lq2.jpg!m_fill,w_280,h_210,f_jpg?from=ke.com
20241017,亦庄开发区,马驹桥,101122934145,珠江别墅 人车分流 封闭式管理 精装修 环境好 视野好,599万,29284元/平,中楼层 (共4层) 3室1厅 | 204.55平米 | 南 北,https://ke-image.ljcdn.com/110000-inspection/8a712cc9-532d-4e32-92dc-5837be776c11_1000.jpg!m_fill,w_280,h_210,f_jpg?from=ke.com
20241017,亦庄开发区,马驹桥,101122797568,神龙辛屯小区  满五唯一  南北通透  大两居  全明格局必看好房,219万,22935元/平,中楼层 (共6层) 2室2厅 | 95.49平米 | 南 北,https://ke-image.ljcdn.com/110000-inspection/pc1_zR8Y8m7RY.jpg!m_fill,w_280,h_210,f_jpg?from=ke.com
20241017,亦庄开发区,马驹桥,101122706646,亦庄新城  东亚瑞晶苑 全南两居双阳台 满五唯一商品房,250万,31791元/平,中楼层 (共21层) | 2011年 | 2室1厅 | 78.64平米 | 南,https://ke-image.ljcdn.com/110000-inspection/pc1_OWi5gHnuL.jpg!m_fill,w_280,h_210,f_jpg?from=ke.com
20241017,亦庄开发区,马驹桥,101122242682,亦庄新城马驹桥 珠江逸景家园 南向两居 明厨明卫,275万,29548元/平,低楼层 (共14层) | 2009年 | 2室1厅 | 93.07平米 | 南,https://ke-image.ljcdn.com/110000-inspection/5ae96e4b-3497-4353-b463-d10bc76e824c_1000.jpg!m_fill,w_280,h_210,f_jpg?from=ke.com
20241017,亦庄开发区,马驹桥,101126367636,合生世界花园  东向精装房 可公司可个人购买,83万,14181元/平,中楼层 (共17层) 1室1厅 | 58.53平米 | 东,https://s1.ljcdn.com/pegasus/redskull/images/common/default_house_list.png?_v=202410161653269
20241017,亦庄开发区,马驹桥,101127090655,融科钧廷 2室1厅 南,300万,40421元/平,低楼层 (共11层) | 2014年 | 2室1厅 | 74.22平米 | 南,https://ke-image.ljcdn.com/110000-inspection/7c152b1d-63d7-4762-8b2c-6818a07f72e1_1000.jpg!m_fill,w_280,h_210,f_jpg?from=ke.com
20241017,亦庄开发区,马驹桥,101127055481,南向1居室带储物间有钥匙随时看房,195万,31791元/平,低楼层 (共21层) | 2011年 | 1室1厅 | 61.34平米 | 南,https://ke-image.ljcdn.com/110000-inspection/882625f1-bf2e-40a8-ba91-3ea200a2abfe_1000.jpg!m_fill,w_280,h_210,f_jpg?from=ke.com
20241017,亦庄开发区,马驹桥,101127030222,通州区马桥路228号院,250万,28432元/平,高楼层 (共28层) 2室2厅 | 87.93平米 | 南,https://ke-image.ljcdn.com/110000-inspection/b3f4757a-aeea-4e62-af80-29d952fd3760_1000.jpg!m_fill,w_280,h_210,f_jpg?from=ke.com
20241017,亦庄开发区,马驹桥,101127023422,通州区马桥路228号院宏仁家园新上,218万,25623元/平,中楼层 (共18层) 2室2厅 | 85.08平米 | 南,https://ke-image.ljcdn.com/110000-inspection/65425ddd-8665-47a1-a29d-7c4af533c40b_1000.jpg!m_fill,w_280,h_210,f_jpg?from=ke.com
20241017,亦庄开发区,马驹桥,101127013888,中间楼层 南北双阳台 首付30万 满五唯一,185万,27766元/平,中楼层 (共6层) | 2006年 | 1室1厅 | 66.63平米 | 南 北,https://ke-image.ljcdn.com/110000-inspection/1bc608c7-50d4-4ca7-aa2a-4ff58cf94871_1000.jpg!m_fill,w_280,h_210,f_jpg?from=ke.com
20241017,亦庄开发区,马驹桥,101126998331,天和嘉园 2室2厅 南新上,280万,33255元/平,中楼层 (共15层) | 2013年 | 2室2厅 | 84.2平米 | 南,https://ke-image.ljcdn.com/110000-inspection/a671c4cd-e63a-4da7-af02-50ede2a4a4d1_1000.jpg!m_fill,w_280,h_210,f_jpg?from=ke.com
20241017,亦庄开发区,马驹桥,101126993792,合生世界村 南北通透 高楼层 无遮挡新上,300万,33037元/平,高楼层 (共14层) 2室1厅 | 90.81平米 | 南 北,https://ke-image.ljcdn.com/110000-inspection/12240ef0-912a-4fb7-8217-c5bf246d3ee0_1000.jpg!m_fill,w_280,h_210,f_jpg?from=ke.com
20241017,亦庄开发区,马驹桥,101126977747,宏仁家园  户型方正  两居室新上,198万,23112元/平,高楼层 (共28层) | 2013年 | 2室1厅 | 85.67平米 | 西,https://ke-image.ljcdn.com/110000-inspection/560819af-e943-448f-bcd0-1191b7924680_1000.jpg!m_fill,w_280,h_210,f_jpg?from=ke.com
20241017,亦庄开发区,马驹桥,101126969537,宏仁家园此房已转商 低楼层 采光好 70年住宅新上,200万,22625元/平,底层 (共20层) | 2013年 | 2室1厅 | 88.4平米 | 南,https://ke-image.ljcdn.com/110000-inspection/68ba4000-4192-4efb-a56f-b2ffeecf057c_1000.jpg!m_fill,w_280,h_210,f_jpg?from=ke.com
20241017,亦庄开发区,马驹桥,101126959169,房子是正规三居南北通透经典户型新装修新上,320万,29787元/平,高楼层 (共6层) | 2006年 | 3室1厅 | 107.43平米 | 南 北,https://ke-image.ljcdn.com/110000-inspection/70d713df-ebfd-4d65-9f0b-62d578d1938d_1000.jpg!m_fill,w_280,h_210,f_jpg?from=ke.com
20241017,亦庄开发区,马驹桥,101126932433,此房已转商 南北通透有电梯 采光好 70年住宅新上,240万,26626元/平,中楼层 (共18层) 2室1厅 | 90.14平米 | 南 北,https://ke-image.ljcdn.com/110000-inspection/693dc535-778e-4ee1-9810-d359eea1bb6f_1000.jpg!m_fill,w_280,h_210,f_jpg?from=ke.com
20241017,亦庄开发区,马驹桥,101126931135,宏仁家园业主诚心出售满五唯一新上,196万,22879元/平,中楼层 (共28层) | 2013年 | 2室1厅 | 85.67平米 | 西,https://ke-image.ljcdn.com/110000-inspection/ce5f1f68-0859-4749-aeb1-a3cf02c7f50e_1000.jpg!m_fill,w_280,h_210,f_jpg?from=ke.com
20241017,亦庄开发区,马驹桥,101126926175,珠江逸景业主自住房可以随时看房,249万,26527元/平,高楼层 (共14层) | 2009年 | 2室1厅 | 93.87平米 | 东,https://ke-image.ljcdn.com/110000-inspection/3c3e0839-e5e6-4625-98f4-db96e9db8836_1000.jpg!m_fill,w_280,h_210,f_jpg?from=ke.com
20241017,亦庄开发区,马驹桥,101126901069,亦庄橡树湾南向一居室精装修无遮挡采光很好,249万,37517元/平,底层 (共11层) | 2022年 | 1室1厅 | 66.37平米 | 南,https://ke-image.ljcdn.com/110000-inspection/cf058a1e-a78c-4a3b-a746-ffdb4f0d5bdf_1000.jpg!m_fill,w_280,h_210,f_jpg?from=ke.com
20241017,亦庄开发区,马驹桥,101126864155,亦庄新城 南向两居 精装修 满五唯一 高楼层,198万,31344元/平,高楼层 (共21层) | 2011年 | 1室1厅 | 63.17平米 | 南,https://ke-image.ljcdn.com/110000-inspection/b5816def-e195-4d2b-a652-5f94eaf7397c_1000.jpg!m_fill,w_280,h_210,f_jpg?from=ke.com
20241017,亦庄开发区,马驹桥,101126862193,融科香雪兰溪 2室1厅 南,258万,30493元/平,高楼层 (共18层) | 2011年 | 2室1厅 | 84.61平米 | 南,https://ke-image.ljcdn.com/110000-inspection/bd3670d1-2bf4-4581-99a3-9bd3f062e357_1000.jpg!m_fill,w_280,h_210,f_jpg?from=ke.com
20241017,亦庄开发区,马驹桥,101126845862,亦庄橡树湾南北通透三居室精装修中高楼层,435万,46233元/平,中楼层 (共15层) | 2022年 | 3室2厅 | 94.09平米 | 南 北,https://ke-image.ljcdn.com/110000-inspection/8fce68a5-1ec1-4571-b043-d42d1ae0be9a_1000.jpg!m_fill,w_280,h_210,f_jpg?from=ke.com
20241017,亦庄开发区,马驹桥,101126821620,宏仁家园 2室1厅 东,210万,23370元/平,高楼层 (共28层) | 2013年 | 2室1厅 | 89.86平米 | 东,https://ke-image.ljcdn.com/110000-inspection/9b0364a2-1e8a-49f4-95d9-a5424c242109_1000.jpg!m_fill,w_280,h_210,f_jpg?from=ke.com
20241017,亦庄开发区,马驹桥,101126768556,莲水怡园 3室1厅 南 北,368万,30680元/平,高楼层 (共12层) | 2005年 | 3室1厅 | 119.95平米 | 南 北,https://ke-image.ljcdn.com/110000-inspection/e81722f1-a3bd-42c5-8c81-a875068082cb_1000.jpg!m_fill,w_280,h_210,f_jpg?from=ke.com
20241017,亦庄开发区,马驹桥,101126737198,金地格林6全明格局三居室水系边上满五唯一,570万,37382元/平,中楼层 (共5层) 3室1厅 | 152.48平米 | 南 北,https://ke-image.ljcdn.com/110000-inspection/a87d1187-cc9c-4c40-a844-35fe734c72e7_1000.jpg!m_fill,w_280,h_210,f_jpg?from=ke.com
20241017,亦庄开发区,马驹桥,101126731970,宏仁家园70年住宅高楼层视线好。,245万,28599元/平,顶层 (共28层) | 2013年 | 2室2厅 | 85.67平米 | 西,https://ke-image.ljcdn.com/110000-inspection/767c311a-3662-447c-9c0b-688ed3e8e37c_1000.jpg!m_fill,w_280,h_210,f_jpg?from=ke.com
20241017,亦庄开发区,马驹桥,101126724430,米拉小镇  满五唯一  南北通透  带电梯  观景,308万,38689元/平,高楼层 (共21层) | 2012年 | 2室2厅 | 79.61平米 | 南 北,https://ke-image.ljcdn.com/110000-inspection/b6258276-b498-4bc3-a72b-a156fb2251b4_1000.jpg!m_fill,w_280,h_210,f_jpg?from=ke.com
20241017,亦庄开发区,马驹桥,101126700659,合生世界村 满五唯一 随时看房,165万,31103元/平,高楼层 (共14层) 1室1厅 | 53.05平米 | 西,https://ke-image.ljcdn.com/110000-inspection/3db7bc34-fa08-4b92-a6ae-4309753a5ed4_1000.jpg!m_fill,w_280,h_210,f_jpg?from=ke.com
20241017,亦庄开发区,马驹桥,101126693752,珠江逸景 满五唯一 业主诚心出售,230万,24695元/平,中楼层 (共14层) 2室1厅 | 93.14平米 | 西,https://ke-image.ljcdn.com/110000-inspection/pc1_4z77bpSPA.jpg!m_fill,w_280,h_210,f_jpg?from=ke.com
20241017,亦庄开发区,马驹桥,101126685211,融科香雪兰溪中楼层 南北通透 全明格局 无遮挡,295万,32888元/平,低楼层 (共21层) 3室1厅 | 89.7平米 | 南 北,https://ke-image.ljcdn.com/110000-inspection/9ba702c2-e753-4f44-a65a-d42e1796ead7_1000.jpg!m_fill,w_280,h_210,f_jpg?from=ke.com
20241017,亦庄开发区,马驹桥,101126669540,亦庄新城客厅卧室均朝南向厨房有窗楼层好,191万,30777元/平,中楼层 (共18层) | 2011年 | 1室1厅 | 62.06平米 | 南,https://ke-image.ljcdn.com/110000-inspection/7003ccff-e3a4-468c-bd0a-9785bb35625b_1000.jpg!m_fill,w_280,h_210,f_jpg?from=ke.com
20241017,亦庄开发区,马驹桥,101126665687,中间楼层精装修只有契税业主自住看房方便,188万,28165元/平,中楼层 (共6层) | 2006年 | 2室1厅 | 66.75平米 | 南 北,https://ke-image.ljcdn.com/110000-inspection/pc1_D3CgctXwx.jpg!m_fill,w_280,h_210,f_jpg?from=ke.com
20241017,亦庄开发区,马驹桥,101126661469,亦庄橡树湾南向一居室精装修无遮挡采光很好,240万,36205元/平,底层 (共11层) | 2022年 | 1室1厅 | 66.29平米 | 南 北,https://ke-image.ljcdn.com/110000-inspection/08348696-1fd0-465a-a18b-2cfcd407c3f0_1000.jpg!m_fill,w_280,h_210,f_jpg?from=ke.com
20241017,亦庄开发区,马驹桥,101126650779,珠江逸景东南朝向2居室高楼层视野开阔业主诚心出售,240万,27865元/平,高楼层 (共14层) | 2010年 | 2室1厅 | 86.13平米 | 东南,https://ke-image.ljcdn.com/110000-inspection/d5467af2-6406-4f89-a144-9da053b33222_1000.jpg!m_fill,w_280,h_210,f_jpg?from=ke.com
20241017,亦庄开发区,马驹桥,101126643012,珠江逸景 东西通透两居室 看房有钥匙,228万,25006元/平,高楼层 (共14层) 2室1厅 | 91.18平米 | 东 西,https://ke-image.ljcdn.com/110000-inspection/pc1_Sw2phllMB_1.jpg!m_fill,w_280,h_210,f_jpg?from=ke.com
20241017,亦庄开发区,马驹桥,101126611846,宏仁家园 2室1厅 东 西,210万,23254元/平,低楼层 (共28层) | 2013年 | 2室1厅 | 90.31平米 | 东 西,https://ke-image.ljcdn.com/110000-inspection/pc1_Pghpm2IJY.jpg!m_fill,w_280,h_210,f_jpg?from=ke.com
20241017,亦庄开发区,马驹桥,101126579212,珠江逸景 电梯房 社区人车分流,226万,23481元/平,低楼层 (共14层) | 2009年 | 2室1厅 | 96.25平米 | 南,https://ke-image.ljcdn.com/110000-inspection/7582f3f6-cdb4-4082-af11-1c88f84b5816_1000.jpg!m_fill,w_280,h_210,f_jpg?from=ke.com
20241017,亦庄开发区,马驹桥,101126569301,亦庄橡树湾南北通透三居室低楼层无遮挡采光充足,368万,39058元/平,底层 (共12层) | 2022年 | 3室1厅 | 94.22平米 | 南 北,https://ke-image.ljcdn.com/110000-inspection/ccb0f93e-37af-4493-b7cb-dd450673a746_1000.jpg!m_fill,w_280,h_210,f_jpg?from=ke.com
20241017,亦庄开发区,马驹桥,101126564353,新海北里 南北通透三居室满五唯一业主诚心出售,298万,27783元/平,高楼层 (共6层) | 2008年 | 3室2厅 | 107.26平米 | 南 北,https://ke-image.ljcdn.com/110000-inspection/pc1_zo1egJd8W.jpg!m_fill,w_280,h_210,f_jpg?from=ke.com
20241017,亦庄开发区,马驹桥,101126550459,新海北里 房子是正规全南一居户型满五年唯一,156万,27533元/平,高楼层 (共6层) | 2006年 | 1室1厅 | 56.66平米 | 南,https://ke-image.ljcdn.com/110000-inspection/pc1_XvzDUay3E_2.jpg!m_fill,w_280,h_210,f_jpg?from=ke.com
20241017,亦庄开发区,马驹桥,101126526093,珠江逸景南向中楼层采光好、视野好,319万,32675元/平,中楼层 (共15层) 2室1厅 | 97.63平米 | 南,https://ke-image.ljcdn.com/110000-inspection/48960b76-ca80-4e59-ae34-a959f2591db5_1000.jpg!m_fill,w_280,h_210,f_jpg?from=ke.com
20241017,亦庄开发区,马驹桥,101126508022,大四居室南北通透近地铁周边配套齐全,379万,26063元/平,底层 (共6层) 4室1厅 | 145.42平米 | 南 北,https://ke-image.ljcdn.com/110000-inspection/3db602fa-827c-4a9e-92ba-dfa7ff526a19_1000.jpg!m_fill,w_280,h_210,f_jpg?from=ke.com
20241017,亦庄开发区,马驹桥,101126497554,亦庄新城 精装1居 明厨明卫 中高楼层视野开阔,195万,33546元/平,高楼层 (共20层) | 2011年 | 1室1厅 | 58.13平米 | 西北,https://ke-image.ljcdn.com/110000-inspection/pc1_fGm6vgbj9.jpg!m_fill,w_280,h_210,f_jpg?from=ke.com
20241017,亦庄开发区,马驹桥,101126488407,样本 3室2厅 南 北,498万,37696元/平,低楼层 (共6层) | 2006年 | 3室2厅 | 132.11平米 | 南 北,https://ke-image.ljcdn.com/110000-inspection/09610a26-cd93-4b41-aade-97fde8529de4_1000.jpg!m_fill,w_280,h_210,f_jpg?from=ke.com
20241017,亦庄开发区,马驹桥,101126470523,亦庄橡树湾 近地铁 小区环境好 绿化高,418万,44079元/平,高楼层 (共15层) | 2022年 | 3室2厅 | 94.83平米 | 南 北,https://ke-image.ljcdn.com/110000-inspection/138eec3e-ce77-4fe8-8f55-a16ca37dc703_1000.jpg!m_fill,w_280,h_210,f_jpg?from=ke.com
20241017,亦庄开发区,马驹桥,101126468871,莲水怡园满五唯一带电梯一居室看房方便房主自荐,208万,31036元/平,低楼层 (共12层) | 2005年 | 1室1厅 | 67.02平米 | 南,https://ke-image.ljcdn.com/110000-inspection/bcc3b13c-d180-451d-8e3a-b841a34059ed_1000.jpg!m_fill,w_280,h_210,f_jpg?from=ke.com
20241017,亦庄开发区,马驹桥,101126466078,亦庄橡树湾飘窗户型  高楼层视野开阔无遮挡套内大,378万,40385元/平,顶层 (共9层) | 2022年 | 2室2厅 | 93.6平米 | 南 北,https://ke-image.ljcdn.com/110000-inspection/82dbc770-8bcb-4a4e-bd01-0e28a9c7501b_1000.jpg!m_fill,w_280,h_210,f_jpg?from=ke.com
20241017,亦庄开发区,马驹桥,101126461013,融科香雪兰溪 南北通透三居室 满五唯一 不临六环,320万,36196元/平,高楼层 (共18层) | 2011年 | 3室1厅 | 88.41平米 | 南 北,https://ke-image.ljcdn.com/110000-inspection/811cc06c-70cc-496b-9f8d-eac93d6a7a51_1000.jpg!m_fill,w_280,h_210,f_jpg?from=ke.com
20241017,亦庄开发区,马驹桥,101126457347,珠江逸景家园 西南向双卫两居室 低楼层无遮挡,216万,22414元/平,低楼层 (共15层) | 2009年 | 2室1厅 | 96.37平米 | 西南,https://ke-image.ljcdn.com/110000-inspection/9af0c74d-f739-4972-8f04-8f8adcf1c3a9_1000.jpg!m_fill,w_280,h_210,f_jpg?from=ke.com
20241017,亦庄开发区,马驹桥,101126434086,通州区马桥路228号院宏仁家园房主自荐,229万,25911元/平,高楼层 (共20层) | 2013年 | 2室1厅 | 88.38平米 | 南,https://ke-image.ljcdn.com/110000-inspection/pc1_ohhT9W3EI.jpg!m_fill,w_280,h_210,f_jpg?from=ke.com
20241017,亦庄开发区,马驹桥,101126433400,融科香雪兰溪 中间楼层 全明格局 户型板正,180万,33458元/平,高楼层 (共17层) 1室0厅 | 53.8平米 | 东 北,https://ke-image.ljcdn.com/110000-inspection/pc1_zPZ1A5dsa.jpg!m_fill,w_280,h_210,f_jpg?from=ke.com
20241017,亦庄开发区,马驹桥,101126417061,精装修一居室近地铁和公园买此房居住巨舒适！！,223万,29447元/平,低楼层 (共12层) | 2005年 | 1室1厅 | 75.73平米 | 东,https://ke-image.ljcdn.com/110000-inspection/pc1_opBwEXDwa.jpg!m_fill,w_280,h_210,f_jpg?from=ke.com
20241017,亦庄开发区,马驹桥,101126407144,莲水怡园 大三居 满五唯一南北通透,339万,28785元/平,底层 (共6层) 3室1厅 | 117.77平米 | 南 北,https://ke-image.ljcdn.com/110000-inspection/baff051d-ee34-4c22-8caa-452d720dd97f_1000.jpg!m_fill,w_280,h_210,f_jpg?from=ke.com
20241017,亦庄开发区,马驹桥,101126405678,米拉小镇全南向高层两居室满二年自住装修只有契税,305万,34398元/平,中楼层 (共21层) 2室1厅 | 88.67平米 | 南,https://ke-image.ljcdn.com/110000-inspection/3e319a66-5ccb-4ee0-9896-244cce24a139_1000.jpg!m_fill,w_280,h_210,f_jpg?from=ke.com
20241017,亦庄开发区,马驹桥,101126399127,亦庄新城中间楼层 精装修 南向一居户型方正,175万,28530元/平,中楼层 (共21层) | 2011年 | 1室1厅 | 61.34平米 | 南,https://ke-image.ljcdn.com/110000-inspection/pc1_Tx6Was7SU.jpg!m_fill,w_280,h_210,f_jpg?from=ke.com
20241017,亦庄开发区,马驹桥,101126376640,宏仁家园 免费停车 出小区南门50米处公交车站,219万,24716元/平,低楼层 (共15层) | 2013年 | 2室2厅 | 88.61平米 | 南 北,https://ke-image.ljcdn.com/110000-inspection/ae1f08af-7618-4727-8faf-e300f7af217a_1000.jpg!m_fill,w_280,h_210,f_jpg?from=ke.com
20241017,亦庄开发区,马驹桥,101126359888,东亚瑞晶苑 顶层西南北通透三居室毛坯房次新房,285万,32149元/平,顶层 (共18层) | 2011年 | 3室1厅 | 88.65平米 | 南 北,https://ke-image.ljcdn.com/110000-inspection/pc1_yUP2jIx81_2.jpg!m_fill,w_280,h_210,f_jpg?from=ke.com
20241017,亦庄开发区,马驹桥,101126359731,一世情园小区中间位置二层南北通透的两居室满五唯一,348万,31892元/平,中楼层 (共5层) 2室2厅 | 109.12平米 | 南 北,https://ke-image.ljcdn.com/110000-inspection/pc1_IOE5hB8FK.jpg!m_fill,w_280,h_210,f_jpg?from=ke.com
20241017,亦庄开发区,马驹桥,101126354523,亦庄新城南北通透两居满五唯一看房提前沟通,230万,23984元/平,低楼层 (共11层) 2室1厅 | 95.9平米 | 南 北,https://ke-image.ljcdn.com/110000-inspection/c7014463-38f1-49de-baf3-65b5fd50bdb6_1000.jpg!m_fill,w_280,h_210,f_jpg?from=ke.com
20241017,亦庄开发区,马驹桥,101126353725,亦庄橡树湾精装修南北通透三居室,425万,45093元/平,中楼层 (共12层) | 2022年 | 3室1厅 | 94.25平米 | 南 北,https://ke-image.ljcdn.com/110000-inspection/pc1_mBqvMYF21.jpg!m_fill,w_280,h_210,f_jpg?from=ke.com
20241017,亦庄开发区,马驹桥,101126343307,一世情园一层三居带大园中间位置,460万,36127元/平,底层 (共5层) 3室2厅 | 127.33平米 | 南 北,https://ke-image.ljcdn.com/110000-inspection/pc1_SP92imy3D.jpg!m_fill,w_280,h_210,f_jpg?from=ke.com
20241017,亦庄开发区,马驹桥,101126329380,珠江逸景 2室1厅 东,240万,25972元/平,低楼层 (共14层) | 2010年 | 2室1厅 | 92.41平米 | 东,https://ke-image.ljcdn.com/110000-inspection/edfaa165-6aba-45cc-a7df-2acb2d65332d_1000.jpg!m_fill,w_280,h_210,f_jpg?from=ke.com
20241017,亦庄开发区,马驹桥,101126301179,此房满五唯一南北西三朝向双卧朝南一梯一户,368万,29004元/平,中楼层 (共5层) | 2005年 | 3室2厅 | 126.88平米 | 南 西 北,https://ke-image.ljcdn.com/110000-inspection/pc1_tyoDB4ABx.jpg!m_fill,w_280,h_210,f_jpg?from=ke.com
20241017,亦庄开发区,马驹桥,101126296343,融科香雪兰溪 南向两居 满五唯一  中间好楼层,260万,30564元/平,中楼层 (共21层) | 2011年 | 2室1厅 | 85.07平米 | 南,https://ke-image.ljcdn.com/110000-inspection/3e1cba22-3ba6-49f0-972e-fa0d4f437924_1000.jpg!m_fill,w_280,h_210,f_jpg?from=ke.com
20241017,亦庄开发区,马驹桥,101126257216,珠江逸景家园南北通透两居户型好。,235万,25223元/平,中楼层 (共14层) 2室2厅 | 93.17平米 | 南 北,https://ke-image.ljcdn.com/110000-inspection/pc1_K6c3aINn3.jpg!m_fill,w_280,h_210,f_jpg?from=ke.com
20241017,亦庄开发区,马驹桥,101126248579,南北通透二层楼层好户型好一家人居住很舒适,320万,29793元/平,低楼层 (共6层) | 2006年 | 3室1厅 | 107.41平米 | 南 北,https://ke-image.ljcdn.com/110000-inspection/a0130373-cbba-4ddd-b689-bc82d3c6f300_1000.jpg!m_fill,w_280,h_210,f_jpg?from=ke.com
20241017,亦庄开发区,马驹桥,101126247858,位置好户型好楼层低南北通透满五唯一,340万,31755元/平,低楼层 (共6层) 3室1厅 | 107.07平米 | 南 北,https://ke-image.ljcdn.com/110000-inspection/b274006e-3913-4e85-b7b1-9b0c7f26399a_1000.jpg!m_fill,w_280,h_210,f_jpg?from=ke.com
20241017,亦庄开发区,马驹桥,101126232991,天鹅堡 2室1厅 南 西 北,242万,29266元/平,中楼层 (共5层) | 2009年 | 2室1厅 | 82.69平米 | 南 西 北,https://ke-image.ljcdn.com/110000-inspection/pc1_Rgxv66u7q_1.jpg!m_fill,w_280,h_210,f_jpg?from=ke.com
20241017,亦庄开发区,马驹桥,101126231582,珠江逸景 南向 装修好 采光好,265万,27533元/平,低楼层 (共14层) | 2009年 | 2室1厅 | 96.25平米 | 南,https://ke-image.ljcdn.com/110000-inspection/eb23f612-fe5d-4b4e-ade3-c18c14246972_1000.jpg!m_fill,w_280,h_210,f_jpg?from=ke.com
20241017,亦庄开发区,马驹桥,101126226247,亦庄橡树湾 高楼层  南北通透三居室  视野开阔,389万,41340元/平,中楼层 (共15层) | 2022年 | 3室1厅 | 94.1平米 | 南 北,https://ke-image.ljcdn.com/110000-inspection/pc1_HHbuLCH8M.jpg!m_fill,w_280,h_210,f_jpg?from=ke.com
20241017,亦庄开发区,马驹桥,101126217776,莲水怡园 南北通透带电梯中间楼层满五唯一,287万,29319元/平,中楼层 (共12层) | 2005年 | 2室1厅 | 97.89平米 | 东 南 北,https://ke-image.ljcdn.com/110000-inspection/9ae37298-6cad-4b86-8e16-80c797d158f1_1000.jpg!m_fill,w_280,h_210,f_jpg?from=ke.com
20241017,亦庄开发区,马驹桥,101126212505,珠江逸景东北小三居 业主自住房看房提前预约目前空置,220万,22388元/平,低楼层 (共14层) | 2010年 | 3室1厅 | 98.27平米 | 东 北 东北,https://ke-image.ljcdn.com/110000-inspection/05751fe6-3fcc-4194-b1b7-b9013146ca4b_1000.jpg!m_fill,w_280,h_210,f_jpg?from=ke.com
20241017,亦庄开发区,马驹桥,101126206263,合生世界村 满五唯一精装两居 高楼层无遮挡,200万,23444元/平,顶层 (共14层) 2室1厅 | 85.31平米 | 西,https://ke-image.ljcdn.com/110000-inspection/a85bf557-6013-4758-a918-d6735190f59d_1000.jpg!m_fill,w_280,h_210,f_jpg?from=ke.com
20241017,亦庄开发区,马驹桥,101126181818,珠江逸景精装修两居满五年唯一看房提前约有钥匙,220万,24302元/平,低楼层 (共14层) 2室1厅 | 90.53平米 | 东 西,https://ke-image.ljcdn.com/110000-inspection/027bbfcc-b733-4dd7-a8be-3899e6a88d39_1000.jpg!m_fill,w_280,h_210,f_jpg?from=ke.com
20241017,亦庄开发区,马驹桥,101126158750,亦庄新城 高楼层南北通透大三居 采光好 视野开阔,425万,32997元/平,顶层 (共18层) 3室2厅 | 128.8平米 | 北 南,https://ke-image.ljcdn.com/110000-inspection/fac0d016-2a3f-4ef4-9b6e-34405c05e78d_1000.jpg!m_fill,w_280,h_210,f_jpg?from=ke.com
20241017,亦庄开发区,马驹桥,101126126073,米拉小镇  中高楼层  电梯房  观景  满五唯一房主自荐,306万,34706元/平,高楼层 (共25层) | 2012年 | 2室2厅 | 88.17平米 | 南,https://ke-image.ljcdn.com/110000-inspection/pc1_JFSXNqdvp.jpg!m_fill,w_280,h_210,f_jpg?from=ke.com
20241017,亦庄开发区,马驹桥,101126119366,合生世界花园 高楼层 采光好 精装修,370万,32457元/平,高楼层 (共18层) | 2014年 | 3室2厅 | 114平米 | 南 北,https://ke-image.ljcdn.com/110000-inspection/a52451a5-b7bf-41ba-99b6-d23cc4ccfcef_1000.jpg!m_fill,w_280,h_210,f_jpg?from=ke.com
20241017,亦庄开发区,马驹桥,101126117643,亦庄新城 南向3居 采光充足 精装修 可拎包入住,338万,31112元/平,低楼层 (共20层) 3室1厅 | 108.64平米 | 南,https://ke-image.ljcdn.com/110000-inspection/pc1_yiMijYDTx_2.jpg!m_fill,w_280,h_210,f_jpg?from=ke.com
20241017,亦庄开发区,马驹桥,101126113650,亦庄新城 精装三居室 高楼层采光充足  业主诚心卖,480万,34377元/平,高楼层 (共20层) | 2011年 | 3室2厅 | 139.63平米 | 南 北,https://ke-image.ljcdn.com/110000-inspection/pc1_tgfKmA19G.jpg!m_fill,w_280,h_210,f_jpg?from=ke.com
20241017,亦庄开发区,马驹桥,101126109012,亦庄新城 融科香雪兰溪  南北通透三居 诚心出售,305万,33829元/平,高楼层 (共21层) 3室1厅 | 90.16平米 | 南 北,https://ke-image.ljcdn.com/110000-inspection/200e8ffb-df02-41c9-8687-8363218b1bc0_1000.jpg!m_fill,w_280,h_210,f_jpg?from=ke.com
20241017,亦庄开发区,马驹桥,101126072045,融科钧廷 南北通透大三居 前后无遮挡 诚售房主自荐,620万,35330元/平,底层 (共8层) 3室2厅 | 175.49平米 | 东南 南 北,https://ke-image.ljcdn.com/110000-inspection/pc1_baKM1YVwV.jpg!m_fill,w_280,h_210,f_jpg?from=ke.com
20241017,亦庄开发区,马驹桥,101126069384,亦庄橡树湾 2室1厅 南 北,325万,40544元/平,中楼层 (共15层) | 2022年 | 2室1厅 | 80.16平米 | 南 北,https://ke-image.ljcdn.com/110000-inspection/33be1702-7f79-4062-aa9f-0b768cc11ee6_1000.jpg!m_fill,w_280,h_210,f_jpg?from=ke.com
20241017,亦庄开发区,马驹桥,101126063789,融科钧廷3居室次顶层业主自住诚心出售·,466万,34668元/平,高楼层 (共10层) | 2011年 | 3室2厅 | 134.42平米 | 南 北,https://ke-image.ljcdn.com/110000-inspection/pc1_9FH7TzWG8.jpg!m_fill,w_280,h_210,f_jpg?from=ke.com
20241017,亦庄开发区,马驹桥,101126035179,东亚瑞晶苑 全南向 中间楼层采光好 满五年唯一,229万,29660元/平,中楼层 (共18层) | 2011年 | 2室1厅 | 77.21平米 | 南,https://ke-image.ljcdn.com/110000-inspection/d008c9ee-75a9-4b86-9a7d-8f63e8f89de8_1000.jpg!m_fill,w_280,h_210,f_jpg?from=ke.com
20241017,亦庄开发区,马驹桥,101125993981,亦庄新城珠江逸景电梯房2009年社区人车分流,242万,24846元/平,高楼层 (共14层) 2室1厅 | 97.4平米 | 南,https://ke-image.ljcdn.com/110000-inspection/pc1_Hc1qatzan.jpg!m_fill,w_280,h_210,f_jpg?from=ke.com
20241017,亦庄开发区,马驹桥,101125990576,合生世界花园 高楼层 采光好 视野好,350万,30702元/平,高楼层 (共18层) | 2014年 | 3室1厅 | 114平米 | 南,https://ke-image.ljcdn.com/110000-inspection/f8323d66-5186-471e-8570-e53edc6777f4_1000.jpg!m_fill,w_280,h_210,f_jpg?from=ke.com
20241017,亦庄开发区,马驹桥,101125968603,亦庄橡树湾   东西通透两居室   开发商精装修,308万,40199元/平,低楼层 (共9层) | 2022年 | 2室1厅 | 76.62平米 | 东 西,https://ke-image.ljcdn.com/110000-inspection/pc1_lPvEtOR82.jpg!m_fill,w_280,h_210,f_jpg?from=ke.com
20241017,亦庄开发区,马驹桥,101125966033,亦庄橡树湾南北三居室中间楼层精装修,435万,46154元/平,中楼层 (共12层) | 2022年 | 3室2厅 | 94.25平米 | 南 北,https://ke-image.ljcdn.com/110000-inspection/ad02775d-1899-4f0e-b0ae-2d7e30f30dea_1000.jpg!m_fill,w_280,h_210,f_jpg?from=ke.com
20241017,亦庄开发区,马驹桥,101125943682,宏仁家园：满五唯一 商品房  大一居,189万,24693元/平,中楼层 (共14层) | 2013年 | 1室1厅 | 76.54平米 | 南,https://ke-image.ljcdn.com/110000-inspection/pc1_RUyWiPeQB.jpg!m_fill,w_280,h_210,f_jpg?from=ke.com
20241017,亦庄开发区,马驹桥,101125941635,珠江逸景全南向的两居室满五唯一中高楼层无遮挡,258万,27701元/平,中楼层 (共14层) 2室1厅 | 93.14平米 | 南,https://ke-image.ljcdn.com/110000-inspection/ef11da94-bfac-4bd6-a782-2bd4d0be6adb_1000.jpg!m_fill,w_280,h_210,f_jpg?from=ke.com
20241017,亦庄开发区,马驹桥,101125931774,融科香雪兰溪 南北通透 小三居 精装修 诚心出售房主自荐,308万,34449元/平,中楼层 (共21层) | 2011年 | 3室1厅 | 89.41平米 | 南 北,https://ke-image.ljcdn.com/110000-inspection/0a707d34-6572-426b-80f5-2acd463b002d_1000.jpg!m_fill,w_280,h_210,f_jpg?from=ke.com
20241017,亦庄开发区,马驹桥,101125875008,低楼层南北通透两居室只有契税看房方便,266万,28816元/平,低楼层 (共6层) | 2006年 | 2室2厅 | 92.31平米 | 南 北,https://ke-image.ljcdn.com/110000-inspection/pc1_kOSVYnGuq_2.jpg!m_fill,w_280,h_210,f_jpg?from=ke.com
20241017,亦庄开发区,马驹桥,101125863418,低楼层明厨明卫南北通透两居室满五唯一,208万,28592元/平,低楼层 (共6层) | 2006年 | 2室1厅 | 72.75平米 | 南 北,https://ke-image.ljcdn.com/110000-inspection/11c68e66-3dc5-4aad-a11a-ba112e75423d_1000.jpg!m_fill,w_280,h_210,f_jpg?from=ke.com
20241017,亦庄开发区,马驹桥,101125851613,亦庄新城 南北通透大三居 精装修 次顶层 满五唯一,388万,29794元/平,顶层 (共14层) 3室2厅 | 130.23平米 | 南 北,https://ke-image.ljcdn.com/110000-inspection/21024896-9c64-499b-a716-3c82651e89ce_1000.jpg!m_fill,w_280,h_210,f_jpg?from=ke.com
20241017,亦庄开发区,马驹桥,101125847032,通州区马桥路228号院宏仁家园,217万,24679元/平,高楼层 (共28层) 2室1厅 | 87.93平米 | 南,https://ke-image.ljcdn.com/110000-inspection/pc1_TAfLqXauO_2.jpg!m_fill,w_280,h_210,f_jpg?from=ke.com
20241017,亦庄开发区,马驹桥,101125838625,融科香雪兰溪 2室1厅 南 北,260万,30549元/平,中楼层 (共20层) 2室1厅 | 85.11平米 | 南 北,https://ke-image.ljcdn.com/110000-inspection/fe7b889b-ae38-404d-8c3c-15aff133ef75_1000.jpg!m_fill,w_280,h_210,f_jpg?from=ke.com
20241017,亦庄开发区,马驹桥,101125820896,天和嘉园南北通透的二居满五唯一精装修房主自荐,315万,34773元/平,低楼层 (共15层) | 2013年 | 2室2厅 | 90.59平米 | 南 北,https://ke-image.ljcdn.com/110000-inspection/99d4f601-c1f7-45d6-a6d7-20ad913ded1e_1000.jpg!m_fill,w_280,h_210,f_jpg?from=ke.com
20241017,亦庄开发区,马驹桥,101125802754,莲水怡园  低楼层  无遮挡  板楼  南北通透,295万,29240元/平,底层 (共6层) | 2003年 | 2室1厅 | 100.89平米 | 南 北,https://ke-image.ljcdn.com/110000-inspection/pc1_qgWIvHqy2.jpg!m_fill,w_280,h_210,f_jpg?from=ke.com
20241017,亦庄开发区,马驹桥,101125801307,高楼层 三面朝阳 精装修自住标准,278万,31870元/平,高楼层 (共20层) | 2011年 | 2室1厅 | 87.23平米 | 南,https://ke-image.ljcdn.com/110000-inspection/pc1_GSrmkQ6Ej.jpg!m_fill,w_280,h_210,f_jpg?from=ke.com
20241017,亦庄开发区,马驹桥,101125778691,满五唯一南北通透视野好二次精装带品牌实木家具家电,229万,24485元/平,顶层 (共14层) | 2009年 | 2室1厅 | 93.53平米 | 南 北,https://ke-image.ljcdn.com/110000-inspection/117de08b-a114-40a0-b4b0-1e8145963b24_1000.jpg!m_fill,w_280,h_210,f_jpg?from=ke.com
20241017,亦庄开发区,马驹桥,101125758497,满五唯一一层带餐厅的户型南北通透,255万,27452元/平,底层 (共6层) | 2006年 | 2室2厅 | 92.89平米 | 南 北,https://ke-image.ljcdn.com/110000-inspection/05dcc89b-17ff-4bac-8161-192eda0dda3b_1000.jpg!m_fill,w_280,h_210,f_jpg?from=ke.com
20241017,亦庄开发区,马驹桥,101125748476,金地格林6 3室2厅 南 北,545万,40630元/平,低楼层 (共9层) 3室2厅 | 134.14平米 | 南 北,https://ke-image.ljcdn.com/110000-inspection/pc1_aLx3AEYUP.jpg!m_fill,w_280,h_210,f_jpg?from=ke.com
20241017,亦庄开发区,马驹桥,101125742654,亦庄新城 南北通透两居室 满五唯一商品房 中间楼层,238万,29401元/平,高楼层 (共21层) | 2011年 | 2室1厅 | 80.95平米 | 南 北,https://ke-image.ljcdn.com/110000-inspection/beb60da9-b92e-4874-bbba-33578cbfaa21_1000.jpg!m_fill,w_280,h_210,f_jpg?from=ke.com
20241017,亦庄开发区,马驹桥,101125735963,一世情园大两居满屋唯一南北通透业主着急出售,340万,31159元/平,中楼层 (共5层) | 2005年 | 2室1厅 | 109.12平米 | 南 北,https://ke-image.ljcdn.com/110000-inspection/pc1_3NMoJeLM4.jpg!m_fill,w_280,h_210,f_jpg?from=ke.com
20241017,亦庄开发区,马驹桥,101125726968,亦庄新城珠江逸景电梯商品房人车分流交通便利,205万,23708元/平,低楼层 (共14层) | 2010年 | 2室1厅 | 86.47平米 | 西,https://ke-image.ljcdn.com/110000-inspection/cdc33388-5eff-4195-b824-b71fb6f42c2f_1000.jpg!m_fill,w_280,h_210,f_jpg?from=ke.com
20241017,亦庄开发区,马驹桥,101125705528,此房是2014年社区 中间楼层 原价高 全明户型,430万,35464元/平,低楼层 (共15层) | 2013年 | 3室2厅 | 121.25平米 | 南 北,https://ke-image.ljcdn.com/110000-inspection/389b2423-707c-4031-8649-abaaaa065b25_1000.jpg!m_fill,w_280,h_210,f_jpg?from=ke.com
20241017,亦庄开发区,马驹桥,101125695956,东亚瑞晶苑 全南向两居室 低楼层采光好 无遮挡,228万,29777元/平,低楼层 (共21层) | 2011年 | 2室1厅 | 76.57平米 | 南,https://ke-image.ljcdn.com/110000-inspection/pc1_SCt8yZ6Ub.jpg!m_fill,w_280,h_210,f_jpg?from=ke.com
20241017,亦庄开发区,马驹桥,101125690195,亦庄新城第二生活区正规商品房人车分流交通方便,249万,25218元/平,高楼层 (共14层) | 2010年 | 3室1厅 | 98.74平米 | 东 南,https://ke-image.ljcdn.com/110000-inspection/pc1_9kGKvhSDD_2.jpg!m_fill,w_280,h_210,f_jpg?from=ke.com
20241017,亦庄开发区,马驹桥,101125668450,珠江逸景全南双卫两居室满五唯一 看房方便,298万,30524元/平,中楼层 (共15层) 2室1厅 | 97.63平米 | 南,https://ke-image.ljcdn.com/110000-inspection/8617931e-1d98-48c5-84e1-da37815ae867_1000.jpg!m_fill,w_280,h_210,f_jpg?from=ke.com
20241017,亦庄开发区,马驹桥,101125667647,合生世界花园中层南向两居室满五年唯一看房提前预约,298万,29532元/平,中楼层 (共11层) | 2013年 | 2室1厅 | 100.91平米 | 南,https://ke-image.ljcdn.com/110000-inspection/60a06034-c446-4469-b33d-755e4cdf5ff7_1000.jpg!m_fill,w_280,h_210,f_jpg?from=ke.com
20241017,亦庄开发区,马驹桥,101125634795,莲水怡园电梯两居室边户明厨明卫,223万,22781元/平,高楼层 (共12层) | 2005年 | 2室1厅 | 97.89平米 | 南 北,https://ke-image.ljcdn.com/110000-inspection/pc1_BpujroCI8.jpg!m_fill,w_280,h_210,f_jpg?from=ke.com
20241017,亦庄开发区,马驹桥,101125628346,融科香雪兰溪南向大一居 看房方便,210万,29318元/平,中楼层 (共20层) | 2011年 | 1室1厅 | 71.63平米 | 南,https://ke-image.ljcdn.com/110000-inspection/17058d30-e60e-46f5-ac14-ce985fcd879c_1000.jpg!m_fill,w_280,h_210,f_jpg?from=ke.com
20241017,亦庄开发区,马驹桥,101125626983,金地格林6满五年唯一精装三居室视野好 看房方便,535万,37844元/平,中楼层 (共9层) 3室2厅 | 141.37平米 | 南 北 西南,https://ke-image.ljcdn.com/110000-inspection/f3d2352c-9e6c-4eee-b7d0-5d64bdc9bb96_1000.jpg!m_fill,w_280,h_210,f_jpg?from=ke.com
20241017,亦庄开发区,马驹桥,101125625658,珠江逸景南向两居中高层 视野开阔 正对小区中间绿化,239万,24832元/平,中楼层 (共14层) | 2009年 | 2室1厅 | 96.25平米 | 南,https://ke-image.ljcdn.com/110000-inspection/2f9f1fc2-f68e-485a-84f1-bde09631c540_1000.jpg!m_fill,w_280,h_210,f_jpg?from=ke.com
20241017,亦庄开发区,马驹桥,101125593608,融科钧廷 南北通透大三居 精装修 拎包入住,515万,39503元/平,中楼层 (共11层) | 2014年 | 3室2厅 | 130.37平米 | 南 北,https://ke-image.ljcdn.com/110000-inspection/eba5a44a-5d37-40b2-bd08-342649b6c71c_1000.jpg!m_fill,w_280,h_210,f_jpg?from=ke.com
20241017,亦庄开发区,马驹桥,101125592900,宏仁家园 全南向 两居室高楼层  无遮挡  满五年,220万,25859元/平,高楼层 (共18层) 2室1厅 | 85.08平米 | 南,https://ke-image.ljcdn.com/110000-inspection/e9cd5aee-9f13-4051-b771-82eaf54cf2c8_1000.jpg!m_fill,w_280,h_210,f_jpg?from=ke.com
20241017,亦庄开发区,马驹桥,101125577581,莲水怡园南北通透两居室 满五唯一,280万,30912元/平,中楼层 (共6层) 2室1厅 | 90.58平米 | 南 北,https://ke-image.ljcdn.com/110000-inspection/pc1_p9EUJRGMN.jpg!m_fill,w_280,h_210,f_jpg?from=ke.com
20241017,亦庄开发区,马驹桥,101125567132,亦庄新城马驹桥 珠江逸景家园 西向两居 明厨明卫,230万,24734元/平,低楼层 (共14层) | 2009年 | 2室1厅 | 92.99平米 | 西,https://ke-image.ljcdn.com/110000-inspection/fdebabe1-6415-4a3b-aa7f-ccae215c37dd_1000.jpg!m_fill,w_280,h_210,f_jpg?from=ke.com
20241017,亦庄开发区,马驹桥,101125561859,莲水怡园低楼层两居室南北通透小区中间位置,288万,28589元/平,中楼层 (共6层) 2室1厅 | 100.74平米 | 南 北,https://ke-image.ljcdn.com/110000-inspection/pc1_nPbqcSyG8.jpg!m_fill,w_280,h_210,f_jpg?from=ke.com
20241017,亦庄开发区,马驹桥,101125561344,2024年10月12日满两年南北通透三居室,299万,27578元/平,顶层 (共6层) | 2006年 | 3室2厅 | 108.42平米 | 南 北,https://ke-image.ljcdn.com/110000-inspection/7512b579-290a-43ba-9110-e89c68a87df6_1000.jpg!m_fill,w_280,h_210,f_jpg?from=ke.com
20241017,亦庄开发区,马驹桥,101125526698,金地格林6 婚房精装修 99平大两居 边户房主自荐,421万,42724元/平,低楼层 (共9层) | 2009年 | 2室1厅 | 98.54平米 | 东 西 北,https://ke-image.ljcdn.com/110000-inspection/pc1_Kv6wlSfl2_2.jpg!m_fill,w_280,h_210,f_jpg?from=ke.com
20241017,亦庄开发区,马驹桥,101125525460,宏仁家园全南两居室 面积大采光好 中间位置不临街,185万,21765元/平,底层 (共15层) | 2013年 | 2室1厅 | 85平米 | 南,https://ke-image.ljcdn.com/110000-inspection/f15efbe1-3a84-465c-baef-8262142dbe0a_1000.jpg!m_fill,w_280,h_210,f_jpg?from=ke.com
20241017,亦庄开发区,马驹桥,101125512973,珠江逸景 西向小两居 业主诚心卖,220万,25440元/平,低楼层 (共14层) | 2010年 | 2室1厅 | 86.48平米 | 西,https://ke-image.ljcdn.com/110000-inspection/4b240e1d-e986-455b-9f16-7117d08163b9_1000.jpg!m_fill,w_280,h_210,f_jpg?from=ke.com
20241017,亦庄开发区,马驹桥,101125401661,珠江逸景 南北通透 中间楼层 做过二次装修,252万,26898元/平,中楼层 (共14层) 2室1厅 | 93.69平米 | 南 北,https://ke-image.ljcdn.com/110000-inspection/1b59c966-bff0-4453-9cdc-6b98de8c3dd4_1000.jpg!m_fill,w_280,h_210,f_jpg?from=ke.com
20241017,亦庄开发区,马驹桥,101125387725,莲水怡园 满五唯一低楼层无遮挡 南北通透,292万,28931元/平,底层 (共6层) | 2003年 | 2室1厅 | 100.93平米 | 南 北,https://ke-image.ljcdn.com/110000-inspection/pc1_oZBWtIOdj.jpg!m_fill,w_280,h_210,f_jpg?from=ke.com
20241017,亦庄开发区,马驹桥,101125382663,莲水怡园  满五唯一 板楼低层南北通透不临街房主自荐,265万,30324元/平,底层 (共5层) | 2007年 | 2室1厅 | 87.39平米 | 南 北,https://ke-image.ljcdn.com/110000-inspection/1504d9b0-da4b-45a2-bf0a-db0a82bea134_1000.jpg!m_fill,w_280,h_210,f_jpg?from=ke.com
20241017,亦庄开发区,马驹桥,101125330511,东亚瑞晶苑  南向大两居 高楼层采光好 做过二次装,249万,31396元/平,高楼层 (共21层) 2室1厅 | 79.31平米 | 南,https://ke-image.ljcdn.com/110000-inspection/1665aad5-5bb2-4524-8df0-7623feb981bb_1000.jpg!m_fill,w_280,h_210,f_jpg?from=ke.com
20241017,亦庄开发区,马驹桥,101125322768,米拉小镇南北两居 满五唯一 明厨明卫,268万,30410元/平,底层 (共25层) | 2012年 | 2室1厅 | 88.13平米 | 南 北,https://ke-image.ljcdn.com/110000-inspection/b21d0bfa-f84c-43e2-b53f-5883ca386608_1000.jpg!m_fill,w_280,h_210,f_jpg?from=ke.com
20241017,亦庄开发区,马驹桥,101125319488,新海北里 低楼层 精装修 大一居室房主自荐,235万,35059元/平,低楼层 (共6层) | 2006年 | 2室1厅 | 67.03平米 | 南 北,https://ke-image.ljcdn.com/110000-inspection/0770f975-232f-455f-898f-19d99666a66c_1000.jpg!m_fill,w_280,h_210,f_jpg?from=ke.com
20241017,亦庄开发区,马驹桥,101125316950,亦庄开发区 南向2居 落地阳台 人车分流 无遮挡,282万,37914元/平,中楼层 (共11层) | 2014年 | 2室1厅 | 74.38平米 | 南,https://ke-image.ljcdn.com/110000-inspection/pc1_Q1xaf5P9S.jpg!m_fill,w_280,h_210,f_jpg?from=ke.com
20241017,亦庄开发区,马驹桥,101125307112,亦庄橡树湾户型格局方正一居室客厅主卧朝南,220万,32334元/平,底层 (共6层) 1室1厅 | 68.04平米 | 南,https://ke-image.ljcdn.com/110000-inspection/372647d7-468d-4737-9412-52db8d12af04_1000.jpg!m_fill,w_280,h_210,f_jpg?from=ke.com
20241017,亦庄开发区,马驹桥,101125299449,融科香雪兰溪 1室1厅 东北,185万,34387元/平,中楼层 (共17层) 1室1厅 | 53.8平米 | 东北,https://ke-image.ljcdn.com/110000-inspection/1c021336-9172-4db2-bde6-9e16496c2863_1000.jpg!m_fill,w_280,h_210,f_jpg?from=ke.com
20241017,亦庄开发区,马驹桥,101125277221,亦庄开发区 南向2居 电梯房 满五年唯一 花园社区,255万,29742元/平,低楼层 (共17层) 2室1厅 | 85.74平米 | 南,https://ke-image.ljcdn.com/110000-inspection/pc1_mGCspeMRD.jpg!m_fill,w_280,h_210,f_jpg?from=ke.com
20241017,亦庄开发区,马驹桥,101125275735,融科钧廷 精装大两居 满五唯一 采光充足 双卧朝南,385万,37683元/平,中楼层 (共20层) | 2011年 | 2室2厅 | 102.17平米 | 南,https://ke-image.ljcdn.com/110000-inspection/b640314e-2019-4b12-8fef-de5c7cf13661_1000.jpg!m_fill,w_280,h_210,f_jpg?from=ke.com
20241017,亦庄开发区,马驹桥,101125272441,宏仁家园 2室1厅 南 北,240万,26768元/平,顶层 (共15层) | 2013年 | 2室1厅 | 89.66平米 | 南 北,https://ke-image.ljcdn.com/110000-inspection/9abe21e4-7dcf-4a81-84e6-18f185db42e3_1000.jpg!m_fill,w_280,h_210,f_jpg?from=ke.com
20241017,亦庄开发区,马驹桥,101125270657,亦庄橡树湾 2室2厅 东 西,299万,37954元/平,低楼层 (共12层) | 2022年 | 2室2厅 | 78.78平米 | 东 西,https://ke-image.ljcdn.com/110000-inspection/pc1_kO67ATIo6.jpg!m_fill,w_280,h_210,f_jpg?from=ke.com
20241017,亦庄开发区,马驹桥,101125259412,样本少有带电梯大三居 带10平米阳台 满五唯一,468万,28301元/平,中楼层 (共9层) 3室2厅 | 165.37平米 | 南 北,https://ke-image.ljcdn.com/110000-inspection/01fb6b2e-a894-4dba-b116-a4f899ffba14_1000.jpg!m_fill,w_280,h_210,f_jpg?from=ke.com
20241017,亦庄开发区,马驹桥,101125231143,样本小区四居室三层南北通透业主精装修自住,570万,36350元/平,中楼层 (共5层) 3室1厅 | 156.81平米 | 南 西 北,https://ke-image.ljcdn.com/110000-inspection/pc1_Yi1UbW2bG.jpg!m_fill,w_280,h_210,f_jpg?from=ke.com
20241017,亦庄开发区,马驹桥,101125228852,融科香雪兰溪 一期小三居 边户明厨明卫 满五唯一,305万,33935元/平,中楼层 (共17层) 3室1厅 | 89.88平米 | 南 北,https://ke-image.ljcdn.com/110000-inspection/66ed7f76-190b-4752-bb43-b60d62322248_1000.jpg!m_fill,w_280,h_210,f_jpg?from=ke.com
20241017,亦庄开发区,马驹桥,101125220407,亦庄橡树湾南北通透三居室得房高中间楼层,385万,40205元/平,低楼层 (共6层) | 2022年 | 3室1厅 | 95.76平米 | 南 北,https://ke-image.ljcdn.com/110000-inspection/17a464a9-0581-47ca-aee3-7caff202d68a_1000.jpg!m_fill,w_280,h_210,f_jpg?from=ke.com
20241017,亦庄开发区,马驹桥,101125203185,融科钧廷 高品质社区 满五唯一 中间楼层 采光好,399万,34645元/平,中楼层 (共15层) | 2014年 | 3室2厅 | 115.17平米 | 南 北,https://ke-image.ljcdn.com/110000-inspection/bd898773-a573-4d68-a12c-40cf583b5a5a_1000.jpg!m_fill,w_280,h_210,f_jpg?from=ke.com
20241017,亦庄开发区,马驹桥,101125200299,亦庄新城 东南两居 满五唯一 精装修 高楼层,240万,30034元/平,高楼层 (共21层) 2室1厅 | 79.91平米 | 东南 北,https://ke-image.ljcdn.com/110000-inspection/pc1_czQrMbbNv.jpg!m_fill,w_280,h_210,f_jpg?from=ke.com
20241017,亦庄开发区,马驹桥,101125191512,亦庄橡树湾  一口价三居室价格不谈位置好无遮挡房主自荐,365万,38727元/平,低楼层 (共12层) | 2022年 | 3室2厅 | 94.25平米 | 南 北,https://ke-image.ljcdn.com/110000-inspection/c7cc0b61-b859-462f-b0fe-16b4a0fd701c_1000.jpg!m_fill,w_280,h_210,f_jpg?from=ke.com
20241017,亦庄开发区,马驹桥,101125191133,米拉小镇 精装修 全南向两居室 价格可谈,312万,35187元/平,中楼层 (共21层) 2室2厅 | 88.67平米 | 南,https://ke-image.ljcdn.com/110000-inspection/pc1_vDYDuxohv.jpg!m_fill,w_280,h_210,f_jpg?from=ke.com
20241017,亦庄开发区,马驹桥,101125177140,东亚瑞晶苑南向1居室户型方正不临街业主诚心,220万,27976元/平,中楼层 (共21层) | 2011年 | 2室1厅 | 78.64平米 | 南,https://ke-image.ljcdn.com/110000-inspection/29f1a9e0-3bdc-4b06-a84f-da1ff8418ccb_1000.jpg!m_fill,w_280,h_210,f_jpg?from=ke.com
20241017,亦庄开发区,马驹桥,101125176123,融科香雪兰溪 3室1厅 南 北,356万,40077元/平,底层 (共18层) | 2010年 | 3室1厅 | 88.83平米 | 南 北,https://ke-image.ljcdn.com/110000-inspection/pc1_qhUH4i4dh.jpg!m_fill,w_280,h_210,f_jpg?from=ke.com
20241017,亦庄开发区,马驹桥,101125106920,样本小区满五唯一两居室业主去年刚装修的保持很好,365万,34109元/平,高楼层 (共6层) 2室2厅 | 107.01平米 | 南 北,https://ke-image.ljcdn.com/110000-inspection/pc1_NZQqZVa4Q.jpg!m_fill,w_280,h_210,f_jpg?from=ke.com
20241017,亦庄开发区,马驹桥,101125078806,亦庄新城 融创开发 南向2居 三阳开泰 无遮挡！,265万,31151元/平,低楼层 (共21层) | 2011年 | 2室1厅 | 85.07平米 | 南,https://ke-image.ljcdn.com/110000-inspection/pc1_WuCtc9aKS.jpg!m_fill,w_280,h_210,f_jpg?from=ke.com
20241017,亦庄开发区,马驹桥,101125078645,珠江逸景西向两居 业主诚心出售,228万,26274元/平,中楼层 (共14层) | 2009年 | 2室1厅 | 86.78平米 | 西,https://ke-image.ljcdn.com/110000-inspection/pc1_yYVx4uo6m.jpg!m_fill,w_280,h_210,f_jpg?from=ke.com
20241017,亦庄开发区,马驹桥,101125052615,新海北里一层南北通透两居带车位精装修房主自荐,258万,29666元/平,底层 (共6层) 2室2厅 | 86.97平米 | 南 北,https://ke-image.ljcdn.com/110000-inspection/34c424a0-6b0e-4de0-adf1-d5699d048dc0_1000.jpg!m_fill,w_280,h_210,f_jpg?from=ke.com
20241017,亦庄开发区,马驹桥,101125048398,融科香雪兰溪全南两居室 三面朝阳 中楼层 业主诚售,275万,32503元/平,中楼层 (共18层) | 2011年 | 2室1厅 | 84.61平米 | 南,https://ke-image.ljcdn.com/110000-inspection/cbb37e28-384b-4d5a-9fa8-eeb783135f27_1000.jpg!m_fill,w_280,h_210,f_jpg?from=ke.com
20241017,亦庄开发区,马驹桥,101125045985,样本小区满五唯一无遮挡视野佳双卧南向三居室房主自荐,410万,27759元/平,高楼层 (共6层) | 2006年 | 3室1厅 | 147.7平米 | 南 北,https://ke-image.ljcdn.com/110000-inspection/fcb5908c-08a2-4b31-a938-dc88293f1d05_1000.jpg!m_fill,w_280,h_210,f_jpg?from=ke.com
20241017,亦庄开发区,马驹桥,101125044373,亦庄橡树湾东边户 转角飘窗三居室 套内大 精装修,420万,44440元/平,低楼层 (共12层) | 2022年 | 3室2厅 | 94.51平米 | 南 北,https://ke-image.ljcdn.com/110000-inspection/994c8a6c-d7fc-4dcc-9548-9bdce7661e15_1000.jpg!m_fill,w_280,h_210,f_jpg?from=ke.com
20241017,亦庄开发区,马驹桥,101125022376,宏仁家园  中高楼层 采光足 视野开阔无遮挡满五年,225万,25592元/平,中楼层 (共28层) | 2004年 | 2室1厅 | 87.92平米 | 南,https://ke-image.ljcdn.com/110000-inspection/31fae843-d0f2-4bc7-805e-db9ce6594383_1000.jpg!m_fill,w_280,h_210,f_jpg?from=ke.com
20241017,亦庄开发区,马驹桥,101125020200,融科香雪兰溪 纯南向两居室 高楼层视野采光好,229万,28047元/平,高楼层 (共20层) | 2011年 | 2室1厅 | 81.65平米 | 南,https://ke-image.ljcdn.com/110000-inspection/4bfae214-50a9-41ca-a24f-8f8f61ce555f_1000.jpg!m_fill,w_280,h_210,f_jpg?from=ke.com
20241017,亦庄开发区,马驹桥,101124996389,亦庄新城东亚瑞晶苑3居室高楼层业主诚心出售房主自荐,295万,33277元/平,高楼层 (共18层) | 2011年 | 3室1厅 | 88.65平米 | 东 南 北,https://ke-image.ljcdn.com/110000-inspection/pc1_YvtLQ21si.jpg!m_fill,w_280,h_210,f_jpg?from=ke.com
20241017,亦庄开发区,马驹桥,101124989055,融科香雪兰溪 南北通透 简单装修 诚心出售房主自荐,289万,32302元/平,低楼层 (共17层) | 2010年 | 3室1厅 | 89.47平米 | 南 北,https://ke-image.ljcdn.com/110000-inspection/pc1_CR8Vxod8r.jpg!m_fill,w_280,h_210,f_jpg?from=ke.com
20241017,亦庄开发区,马驹桥,101124981999,宏仁家园  全南两居室 诚意出售,194万,22803元/平,底层 (共18层) 2室1厅 | 85.08平米 | 南,https://ke-image.ljcdn.com/110000-inspection/0b69c5ea-4bd8-4c5b-bf85-2e0796a5dae0_1000.jpg!m_fill,w_280,h_210,f_jpg?from=ke.com
20241017,亦庄开发区,马驹桥,101124973655,新海北里精装修三居次顶层满五唯一房主自荐,305万,28543元/平,高楼层 (共6层) | 2006年 | 3室1厅 | 106.86平米 | 南 北,https://ke-image.ljcdn.com/110000-inspection/pc1_asRBRh6dN.jpg!m_fill,w_280,h_210,f_jpg?from=ke.com
20241017,亦庄开发区,马驹桥,101124963762,通州区马桥路228号院宏仁家园,210万,23254元/平,低楼层 (共28层) | 2013年 | 2室1厅 | 90.31平米 | 东 南 西,https://ke-image.ljcdn.com/110000-inspection/0b5de891-7e5e-42b4-a242-90b963ff6152_1000.jpg!m_fill,w_280,h_210,f_jpg?from=ke.com
20241017,亦庄开发区,马驹桥,101124953128,珠江逸景精装修南向两居诚心出售,259万,26854元/平,中楼层 (共14层) | 2009年 | 2室2厅 | 96.45平米 | 南,https://ke-image.ljcdn.com/110000-inspection/e68c8e06-c93c-47a8-b0c5-76f22058e3dd_1000.jpg!m_fill,w_280,h_210,f_jpg?from=ke.com
20241017,亦庄开发区,马驹桥,101124936284,宏仁家园西南北朝向两居精装修,229万,25405元/平,高楼层 (共18层) 2室1厅 | 90.14平米 | 南 西 北,https://ke-image.ljcdn.com/110000-inspection/063bcd48-54b7-4899-b273-9d35920c5604_1000.jpg!m_fill,w_280,h_210,f_jpg?from=ke.com
20241017,亦庄开发区,马驹桥,101124907393,辛屯小区三层板楼户型好周边配套完善单价低上车好房房主自荐,210万,24900元/平,中楼层 (共7层) | 1997年 | 2室2厅 | 84.34平米 | 南 北,https://ke-image.ljcdn.com/110000-inspection/5937f415-b70b-477d-9fd5-73c5924ae1e9_1000.jpg!m_fill,w_280,h_210,f_jpg?from=ke.com
20241017,亦庄开发区,马驹桥,101124837975,亦庄新城  精装修两居 中间楼层 商品房 只交契税,252万,31775元/平,低楼层 (共21层) 2室1厅 | 79.31平米 | 南,https://ke-image.ljcdn.com/110000-inspection/pc1_CmwpWp6Ul.jpg!m_fill,w_280,h_210,f_jpg?from=ke.com
20241017,亦庄开发区,马驹桥,101124837224,融科钧廷亦庄新城 精装修两居室满五唯一,208万,27049元/平,低楼层 (共20层) 2室1厅 | 76.9平米 | 西 北,https://ke-image.ljcdn.com/110000-inspection/3afc27c3-631e-496a-b4e8-0538833fd632_1000.jpg!m_fill,w_280,h_210,f_jpg?from=ke.com
20241017,亦庄开发区,马驹桥,101124779182,亦庄新城 南北通透3居 精装修 可拎包入住,416万,32079元/平,底层 (共20层) | 2011年 | 3室1厅 | 129.68平米 | 南 北,https://ke-image.ljcdn.com/110000-inspection/91bc8d10-1310-4a25-bc01-3c7fd8ce17ac_1000.jpg!m_fill,w_280,h_210,f_jpg?from=ke.com
20241017,亦庄开发区,马驹桥,101124778872,亦庄橡树湾东西两居户型方正,299万,37954元/平,低楼层 (共12层) | 2022年 | 2室2厅 | 78.78平米 | 东 西,https://ke-image.ljcdn.com/110000-inspection/23d7309a-06ae-4fce-9031-04d9843e5032_1000.jpg!m_fill,w_280,h_210,f_jpg?from=ke.com
20241017,亦庄开发区,马驹桥,101124775544,珠江逸景顶层南向大两居精装修业主诚心出售,255万,25156元/平,顶层 (共14层) | 2009年 | 2室1厅 | 101.37平米 | 南,https://ke-image.ljcdn.com/110000-inspection/pc1_7AKxvkdkx.jpg!m_fill,w_280,h_210,f_jpg?from=ke.com
20241017,亦庄开发区,马驹桥,101124773279,亦庄新城 南北通透三居高楼层 小区人车分流 无遮挡,450万,33302元/平,高楼层 (共11层) 3室2厅 | 135.13平米 | 南 北,https://ke-image.ljcdn.com/110000-inspection/pc1_lqCAmOuXC.jpg!m_fill,w_280,h_210,f_jpg?from=ke.com
20241017,亦庄开发区,马驹桥,101124759318,亦庄橡树湾 三居室带拐角飘窗 中楼层电梯房房主自荐,409万,43026元/平,低楼层 (共15层) | 2022年 | 3室1厅 | 95.06平米 | 南 北,https://ke-image.ljcdn.com/110000-inspection/5762c15e-db7a-417d-ad5e-aa9737e2ef0a_1000.jpg!m_fill,w_280,h_210,f_jpg?from=ke.com
20241017,亦庄开发区,马驹桥,101124754241,合生世界村南北通透精装修两居70年住宅看房提前联,249万,27402元/平,低楼层 (共14层) | 2011年 | 2室2厅 | 90.87平米 | 南 北,https://ke-image.ljcdn.com/110000-inspection/b67716b2-2e43-459b-918d-bc686ad64b88_1000.jpg!m_fill,w_280,h_210,f_jpg?from=ke.com
20241017,亦庄开发区,马驹桥,101124739886,珠江逸景两居室中高楼层视野好诚心出售,255万,27379元/平,中楼层 (共14层) 2室1厅 | 93.14平米 | 西,https://ke-image.ljcdn.com/110000-inspection/d264046e-6347-4246-a6ef-c7a6c7c69861_1000.jpg!m_fill,w_280,h_210,f_jpg?from=ke.com
20241017,亦庄开发区,马驹桥,101124728927,样本 3室1厅 南 北房主自荐,496万,36181元/平,高楼层 (共6层) 3室1厅 | 137.09平米 | 南 北,https://ke-image.ljcdn.com/110000-inspection/98d3dd6f-c579-4053-9a7f-5595ffdcd248_1000.jpg!m_fill,w_280,h_210,f_jpg?from=ke.com
20241017,亦庄开发区,马驹桥,101124718831,中间楼层 视野好 带电梯 无遮挡,193万,44801元/平,中楼层 (共18层) 1室0厅 | 43.08平米 | 西,https://ke-image.ljcdn.com/110000-inspection/pc1_oY9XquWqV.jpg!m_fill,w_280,h_210,f_jpg?from=ke.com
20241017,亦庄开发区,马驹桥,101124716641,神龙辛屯小区精装修正规两居,260万,27228元/平,高楼层 (共6层) 2室1厅 | 95.49平米 | 南 北,https://ke-image.ljcdn.com/110000-inspection/a06ffaa0-765c-44c9-956c-287e12b041ac_1000.jpg!m_fill,w_280,h_210,f_jpg?from=ke.com
20241017,亦庄开发区,马驹桥,101124703984,样本 3室2厅 南 北,508万,32983元/平,中楼层 (共6层) 3室2厅 | 154.02平米 | 南 北,https://ke-image.ljcdn.com/110000-inspection/95468290-127c-4176-8edc-3034677592dd_1000.jpg!m_fill,w_280,h_210,f_jpg?from=ke.com
20241017,亦庄开发区,马驹桥,101124677995,亦庄开发区 南北3居 东边户 明厨明卫 通风好,305万,34170元/平,中楼层 (共20层) 3室1厅 | 89.26平米 | 南 北,https://ke-image.ljcdn.com/110000-inspection/a8a957bc-df88-4d4d-8344-4813c18055fd_1000.jpg!m_fill,w_280,h_210,f_jpg?from=ke.com
20241017,亦庄开发区,马驹桥,101124650627,宏仁家园全南户型精装修采光好电梯房中楼层,210万,23762元/平,低楼层 (共20层) 2室1厅 | 88.38平米 | 南,https://ke-image.ljcdn.com/110000-inspection/cb666a60-91c3-45d7-b363-902301e9b169_1000.jpg!m_fill,w_280,h_210,f_jpg?from=ke.com
20241017,亦庄开发区,马驹桥,101124638722,融科钧廷 大三居 满五唯一 装修好 采光好 视野好,410万,35315元/平,低楼层 (共15层) | 2014年 | 3室2厅 | 116.1平米 | 南 北,https://ke-image.ljcdn.com/110000-inspection/26856128-81c0-43af-8358-979932facba4_1000.jpg!m_fill,w_280,h_210,f_jpg?from=ke.com
20241017,亦庄开发区,马驹桥,101124622442,米拉小镇 精装修两居 满五唯一,285万,37784元/平,低楼层 (共18层) 2室1厅 | 75.43平米 | 南,https://ke-image.ljcdn.com/110000-inspection/2807fc86-d21c-4823-8eff-666e3250b6ca_1000.jpg!m_fill,w_280,h_210,f_jpg?from=ke.com
20241017,亦庄开发区,马驹桥,101124609249,米拉小镇顶层套间两居可以当三居可以加阁v楼,375万,34338元/平,顶层 (共21层) 3室1厅 | 109.21平米 | 南 北,https://ke-image.ljcdn.com/110000-inspection/pc1_wvvwTT6ww.jpg!m_fill,w_280,h_210,f_jpg?from=ke.com
20241017,亦庄开发区,马驹桥,101124605756,珠江逸景两居室满五唯一 看房方便,230万,26658元/平,低楼层 (共14层) | 2010年 | 2室1厅 | 86.28平米 | 西,https://ke-image.ljcdn.com/110000-inspection/pc1_l1Hm1ChFG.jpg!m_fill,w_280,h_210,f_jpg?from=ke.com
20241017,亦庄开发区,马驹桥,101124596234,新海北里 满五唯一 全南一居 中间层,165万,29111元/平,中楼层 (共6层) | 2006年 | 1室1厅 | 56.68平米 | 南,https://ke-image.ljcdn.com/110000-inspection/c1795e4f-6696-4f91-940f-0bc542eed52a_1000.jpg!m_fill,w_280,h_210,f_jpg?from=ke.com
20241017,亦庄开发区,马驹桥,101124588326,合生世界村南北通透两居户型方正中间楼层诚心卖,224万,24532元/平,中楼层 (共14层) 2室1厅 | 91.31平米 | 南 北,https://ke-image.ljcdn.com/110000-inspection/e9e22981-2abe-471c-b309-ca7a8605ab07_1000.jpg!m_fill,w_280,h_210,f_jpg?from=ke.com
20241017,亦庄开发区,马驹桥,101124555686,新海北里满五唯一低楼层正规一居室,175万,30886元/平,低楼层 (共6层) | 2006年 | 1室1厅 | 56.66平米 | 南,https://ke-image.ljcdn.com/110000-inspection/pc1_uRdvTCWq8.jpg!m_fill,w_280,h_210,f_jpg?from=ke.com
20241017,亦庄开发区,马驹桥,101124532883,合生世界村东西通透两居户型方正中间楼层诚心卖,210万,23420元/平,中楼层 (共14层) 2室1厅 | 89.67平米 | 东 西,https://ke-image.ljcdn.com/110000-inspection/6c3332d8-7521-477d-9721-5db9d8c38eb1_1000.jpg!m_fill,w_280,h_210,f_jpg?from=ke.com
20241017,亦庄开发区,马驹桥,101124526685,亦庄橡树湾  三居室  南北通透,325万,34542元/平,底层 (共15层) | 2022年 | 3室1厅 | 94.09平米 | 南 北,https://ke-image.ljcdn.com/110000-inspection/pc1_HcdYX21fl.jpg!m_fill,w_280,h_210,f_jpg?from=ke.com
20241017,亦庄开发区,马驹桥,101124486250,亦庄橡树湾中间楼层精装修全屋智能家居,405万,43040元/平,高楼层 (共15层) | 2022年 | 3室1厅 | 94.1平米 | 南 北,https://ke-image.ljcdn.com/110000-inspection/bd5eb90b-08d2-4598-ae57-997947d80b84_1000.jpg!m_fill,w_280,h_210,f_jpg?from=ke.com
20241017,亦庄开发区,马驹桥,101124485665,融科钧廷 2室1厅 南,350万,36139元/平,高楼层 (共20层) 2室1厅 | 96.85平米 | 南,https://ke-image.ljcdn.com/110000-inspection/ff3804eb-da91-41d4-98d7-86c0fdfa8018_1000.jpg!m_fill,w_280,h_210,f_jpg?from=ke.com
20241017,亦庄开发区,马驹桥,101124438158,合生世界村 中间楼层 南北通透,245万,26779元/平,中楼层 (共14层) | 2011年 | 2室1厅 | 91.49平米 | 南 北,https://ke-image.ljcdn.com/110000-inspection/f1ef9c5c-67bd-4351-9771-284f9229a291_1000.jpg!m_fill,w_280,h_210,f_jpg?from=ke.com
20241017,亦庄开发区,马驹桥,101124437241,宏仁家园南北两居室明厨明卫精装修,205万,23623元/平,顶层 (共28层) | 2013年 | 2室1厅 | 86.78平米 | 南 北,https://ke-image.ljcdn.com/110000-inspection/143fcfa0-9e10-4100-a8d9-87eb0dc1d15d_1000.jpg!m_fill,w_280,h_210,f_jpg?from=ke.com
20241017,亦庄开发区,马驹桥,101124409427,亦庄新城 融科大三居 精装修 人车分流 洋房,369万,37191元/平,低楼层 (共11层) | 2011年 | 3室1厅 | 99.22平米 | 南,https://ke-image.ljcdn.com/110000-inspection/9ffc344a-08c9-441d-913f-9a37b2a0bdde_1000.jpg!m_fill,w_280,h_210,f_jpg?from=ke.com
20241017,亦庄开发区,马驹桥,101124396290,珠江逸景南北通透两居室满五唯一 看房方便,235万,25126元/平,中楼层 (共14层) 2室1厅 | 93.53平米 | 南 北,https://ke-image.ljcdn.com/110000-inspection/pc1_UPdBIeNeJ.jpg!m_fill,w_280,h_210,f_jpg?from=ke.com
20241017,亦庄开发区,马驹桥,101124381311,亦庄新城 南北通透 人车分流 主卧客厅朝南有钥匙,490万,33583元/平,高楼层 (共10层) | 2011年 | 3室2厅 | 145.91平米 | 南 北,https://ke-image.ljcdn.com/110000-inspection/354426bc-af88-4b74-bbf1-1222f7bc03ef_1000.jpg!m_fill,w_280,h_210,f_jpg?from=ke.com
20241017,亦庄开发区,马驹桥,101124378571,样本 3室1厅 南 北,490万,31613元/平,高楼层 (共6层) | 2006年 | 3室1厅 | 155平米 | 南 北,https://ke-image.ljcdn.com/110000-inspection/fd157b85-58a9-45c7-80a7-93c1183120d3_1000.jpg!m_fill,w_280,h_210,f_jpg?from=ke.com
20241017,亦庄开发区,马驹桥,101124315454,宏仁家园高楼层南向两居室次卧带小阳台满五年,203万,23214元/平,高楼层 (共28层) | 2013年 | 2室1厅 | 87.45平米 | 南,https://ke-image.ljcdn.com/110000-inspection/pc1_E676Vey8n.jpg!m_fill,w_280,h_210,f_jpg?from=ke.com
20241017,亦庄开发区,马驹桥,101124311474,米拉小镇  南向  带电梯  两居室  满五唯一,303万,34172元/平,高楼层 (共21层) 2室1厅 | 88.67平米 | 南,https://ke-image.ljcdn.com/110000-inspection/dbb07074-a3cc-4222-8f15-db3c6bc4b1b6_1000.jpg!m_fill,w_280,h_210,f_jpg?from=ke.com
20241017,亦庄开发区,马驹桥,101124304628,合生世界花园南北通透两居室看房方便诚心 出售,330万,32401元/平,低楼层 (共11层) | 2013年 | 2室1厅 | 101.85平米 | 南 北,https://ke-image.ljcdn.com/110000-inspection/e0282876-5a71-4764-ab62-86bc3a20ab14_1000.jpg!m_fill,w_280,h_210,f_jpg?from=ke.com
20241017,亦庄开发区,马驹桥,101124297045,融科香雪兰溪  高楼层视野好三居两卫 客厅带大阳台,428万,33422元/平,高楼层 (共18层) 3室1厅 | 128.06平米 | 南 北,https://ke-image.ljcdn.com/110000-inspection/1bc5363f-76ec-4cb9-b870-54d2e62dedfb_1000.jpg!m_fill,w_280,h_210,f_jpg?from=ke.com
20241017,亦庄开发区,马驹桥,101124284555,亦庄新城 融科香雪兰溪 带产权车位 南北三居 满五唯一,295万,33057元/平,低楼层 (共21层) 3室1厅 | 89.24平米 | 南 北,https://ke-image.ljcdn.com/110000-inspection/a18222e3-4744-4191-b4b2-3de45015e60b_1000.jpg!m_fill,w_280,h_210,f_jpg?from=ke.com
20241017,亦庄开发区,马驹桥,101124276469,融科香雪兰溪 满五唯一 南向 电梯房 高楼层 采光充足,223万,27312元/平,高楼层 (共20层) 2室1厅 | 81.65平米 | 南,https://ke-image.ljcdn.com/110000-inspection/pc1_qG5iAy4Sz.jpg!m_fill,w_280,h_210,f_jpg?from=ke.com
20241017,亦庄开发区,马驹桥,101124245498,亦庄开发区样本洋房社区品质两居中间楼层诚心出售,378万,35121元/平,中楼层 (共6层) 2室2厅 | 107.63平米 | 南 北,https://ke-image.ljcdn.com/110000-inspection/pc1_BhnVJNA8r.jpg!m_fill,w_280,h_210,f_jpg?from=ke.com
20241017,亦庄开发区,马驹桥,101124217749,宏仁家园两居全南格局精装修优质房主自荐,215万,24322元/平,中楼层 (共20层) | 2013年 | 2室1厅 | 88.4平米 | 南,https://ke-image.ljcdn.com/110000-inspection/cf5355f1-dce3-4d87-a887-2f68d4c34bb6_1000.jpg!m_fill,w_280,h_210,f_jpg?from=ke.com
20241017,亦庄开发区,马驹桥,101124210773,新海北里低楼层精装两居业主诚心出售价格可谈,249万,26709元/平,低楼层 (共6层) | 2006年 | 2室2厅 | 93.23平米 | 南 北,https://ke-image.ljcdn.com/110000-inspection/pc1_0SvxctpEN.jpg!m_fill,w_280,h_210,f_jpg?from=ke.com
20241017,亦庄开发区,马驹桥,101124185107,珠江逸景 西南向三居室 低楼层带路台 自主装修房房主自荐,219万,25368元/平,低楼层 (共14层) 3室1厅 | 86.33平米 | 西南,https://ke-image.ljcdn.com/110000-inspection/pc1_X1JfN3dPF_2.jpg!m_fill,w_280,h_210,f_jpg?from=ke.com
20241017,亦庄开发区,马驹桥,101124170204,合生世界村南北通透两居室环境安逸居住舒适房主自荐,199万,21900元/平,底层 (共14层) | 2011年 | 2室2厅 | 90.87平米 | 南 北,https://ke-image.ljcdn.com/110000-inspection/pc1_wsikXJlOI.jpg!m_fill,w_280,h_210,f_jpg?from=ke.com
20241017,亦庄开发区,马驹桥,101124168188,米拉小镇  满五唯一  南向  高楼层  电梯房  正规两居,299万,33721元/平,高楼层 (共21层) 2室2厅 | 88.67平米 | 南,https://ke-image.ljcdn.com/110000-inspection/e8e77229-cf1a-4af0-853a-b98c1c7f5d61_1000.jpg!m_fill,w_280,h_210,f_jpg?from=ke.com
20241017,亦庄开发区,马驹桥,101124162373,满五唯一 南北通透 东边户明厨明卫小三居 采光视野好,326万,36523元/平,中楼层 (共20层) 3室1厅 | 89.26平米 | 南 北,https://ke-image.ljcdn.com/110000-inspection/b5fad9e9-e501-437e-8a21-c7459680dc44_1000.jpg!m_fill,w_280,h_210,f_jpg?from=ke.com
20241017,亦庄开发区,马驹桥,101124073483,样本好户型好位置装修不错业主性格很好,550万,37160元/平,中楼层 (共6层) 3室2厅 | 148.01平米 | 南 北,https://ke-image.ljcdn.com/110000-inspection/pc1_0AJC2Ek7L.jpg!m_fill,w_280,h_210,f_jpg?from=ke.com
20241017,亦庄开发区,马驹桥,101124067567,珠江逸景满五唯一南北通透两居业主诚心出售房主自荐,235万,25239元/平,高楼层 (共14层) | 2009年 | 2室1厅 | 93.11平米 | 南 北,https://ke-image.ljcdn.com/110000-inspection/b7aaa911-41d4-489c-b5ca-d2230743bf51_1000.jpg!m_fill,w_280,h_210,f_jpg?from=ke.com
20241017,亦庄开发区,马驹桥,101124055064,合生世界花园满五唯一三居房屋现状保持的好,370万,32457元/平,低楼层 (共18层) | 2014年 | 3室1厅 | 114平米 | 南,https://ke-image.ljcdn.com/110000-inspection/4598dd48-2905-48d4-ad40-c7377118c359_1000.jpg!m_fill,w_280,h_210,f_jpg?from=ke.com
20241017,亦庄开发区,马驹桥,101124040745,亦庄第二生活区南北通透大四居精装修拎包入住,630万,35182元/平,中楼层 (共11层) | 2011年 | 4室2厅 | 179.07平米 | 南 北,https://ke-image.ljcdn.com/110000-inspection/133fd642-3f8e-409d-b260-fc7c0ea0d79b_1000.jpg!m_fill,w_280,h_210,f_jpg?from=ke.com
20241017,亦庄开发区,马驹桥,101124029519,珠江逸景东向精装两居室 业主换房诚意出售看房提前,220万,23437元/平,低楼层 (共14层) | 2009年 | 2室1厅 | 93.87平米 | 东,https://ke-image.ljcdn.com/110000-inspection/e9868009-2291-4836-bdb8-d999ab75157a_1000.jpg!m_fill,w_280,h_210,f_jpg?from=ke.com
20241017,亦庄开发区,马驹桥,101124028905,融科香雪兰溪 客厅带大阳台 精装 诚心出售 看房方便,540万,38410元/平,中楼层 (共8层) 3室1厅 | 140.59平米 | 南 北,https://ke-image.ljcdn.com/110000-inspection/e0324f7d-aff6-4f2e-998b-4681e8392508_1000.jpg!m_fill,w_280,h_210,f_jpg?from=ke.com
20241017,亦庄开发区,马驹桥,101124025300,亦庄新城 东亚瑞晶苑 东南北朝向 满五唯一 商品房,219万,27382元/平,低楼层 (共21层) | 2011年 | 2室1厅 | 79.98平米 | 东 南 北,https://ke-image.ljcdn.com/110000-inspection/860baf00-fcaa-468d-959c-8fde57ad258b_1000.jpg!m_fill,w_280,h_210,f_jpg?from=ke.com
20241017,亦庄开发区,马驹桥,101123983855,珠江逸景 精装一居室 中高楼层 朝花园不临街,165万,29661元/平,中楼层 (共15层) | 2009年 | 1室1厅 | 55.63平米 | 西北,https://ke-image.ljcdn.com/110000-inspection/3e27d7a4-c272-40dc-823d-cbfb058adc82_1000.jpg!m_fill,w_280,h_210,f_jpg?from=ke.com
20241017,亦庄开发区,马驹桥,101123977406,莲水怡园  南北通透  带电梯  带阳台,309万,31761元/平,中楼层 (共12层) | 2005年 | 2室1厅 | 97.29平米 | 南 北,https://ke-image.ljcdn.com/110000-inspection/cbea61ec-3f0d-4e7d-b318-79d80b110663_1000.jpg!m_fill,w_280,h_210,f_jpg?from=ke.com
20241017,亦庄开发区,马驹桥,101123968523,合生世界村 南北两居室 中楼层无遮挡 前后花园,240万,26233元/平,低楼层 (共14层) | 2011年 | 2室1厅 | 91.49平米 | 南 北,https://ke-image.ljcdn.com/110000-inspection/817c348d-8834-4fc8-add0-3b59e79029fc_1000.jpg!m_fill,w_280,h_210,f_jpg?from=ke.com
20241017,亦庄开发区,马驹桥,101123967075,珠江逸景满五年唯一 商品房 南北通透三居室诚心出售房主自荐,348万,27450元/平,中楼层 (共14层) 3室2厅 | 126.78平米 | 南 北,https://ke-image.ljcdn.com/110000-inspection/pc1_sWHuiSvKk.jpg!m_fill,w_280,h_210,f_jpg?from=ke.com
20241017,亦庄开发区,马驹桥,101123953246,亦庄橡树湾  边户三居室   南北朝向,390万,41127元/平,低楼层 (共15层) | 2022年 | 3室2厅 | 94.83平米 | 南 北,https://ke-image.ljcdn.com/110000-inspection/f0a7f9d9-49eb-4b31-a5dc-4de64187edd8_1000.jpg!m_fill,w_280,h_210,f_jpg?from=ke.com
20241017,亦庄开发区,马驹桥,101123924987,珠江逸景两居室中间楼层视野好诚心出售,235万,27080元/平,中楼层 (共14层) 2室1厅 | 86.78平米 | 西,https://ke-image.ljcdn.com/110000-inspection/93c24544-f2eb-4113-9831-340a2b83c30e_1000.jpg!m_fill,w_280,h_210,f_jpg?from=ke.com
20241017,亦庄开发区,马驹桥,101123916334,亦庄橡树湾 亦庄橡树湾南北三居室精装修高楼层,398万,42495元/平,顶层 (共11层) | 2022年 | 3室2厅 | 93.66平米 | 南 北,https://ke-image.ljcdn.com/110000-inspection/713d1ebf-5fe8-4977-9a56-63062f6d34af_1000.jpg!m_fill,w_280,h_210,f_jpg?from=ke.com
20241017,亦庄开发区,马驹桥,101123915333,亦庄新城第二生活区人车分流品质社区少有户型,378万,33158元/平,高楼层 (共18层) 3室1厅 | 114平米 | 南,https://ke-image.ljcdn.com/110000-inspection/3020edc0-312a-4b61-8d8d-f9b803b204fc_1000.jpg!m_fill,w_280,h_210,f_jpg?from=ke.com
20241017,亦庄开发区,马驹桥,101123913001,亦庄橡树湾  正规三居室 南北通透,420万,44492元/平,低楼层 (共9层) 3室1厅 | 94.4平米 | 南 北,https://ke-image.ljcdn.com/110000-inspection/pc1_1LsHvNm0a.jpg!m_fill,w_280,h_210,f_jpg?from=ke.com
20241017,亦庄开发区,马驹桥,101123904538,融科香雪兰溪 电梯房 高楼层 装修好 自住标准,176万,32714元/平,顶层 (共17层) | 2010年 | 1室1厅 | 53.8平米 | 北 东,https://ke-image.ljcdn.com/110000-inspection/d4e51449-6eb2-457f-9adf-d4420153f10a_1000.jpg!m_fill,w_280,h_210,f_jpg?from=ke.com
20241017,亦庄开发区,马驹桥,101123901312,满五唯一  六环里  电梯房  南向高楼层,239万,33521元/平,低楼层 (共15层) | 2013年 | 1室1厅 | 71.3平米 | 南,https://ke-image.ljcdn.com/110000-inspection/pc1_kYuiLIKDk.jpg!m_fill,w_280,h_210,f_jpg?from=ke.com
20241017,亦庄开发区,马驹桥,101123892827,亦庄新城人车分流  电梯房 满五唯一 房子无抵押,275万,28235元/平,中楼层 (共14层) | 2009年 | 2室1厅 | 97.4平米 | 南,https://ke-image.ljcdn.com/110000-inspection/pc1_7q6QNUq7u.jpg!m_fill,w_280,h_210,f_jpg?from=ke.com
20241017,亦庄开发区,马驹桥,101123878762,宏仁家园  南向两居室   中间楼层  采光充足,208万,23656元/平,中楼层 (共28层) 2室1厅 | 87.93平米 | 南,https://ke-image.ljcdn.com/110000-inspection/pc1_zGtDBuCKI.jpg!m_fill,w_280,h_210,f_jpg?from=ke.com
20241017,亦庄开发区,马驹桥,101123855459,珠江逸景 东南向 采光好 视野好,238万,25711元/平,低楼层 (共15层) 2室1厅 | 92.57平米 | 东南,https://ke-image.ljcdn.com/110000-inspection/pc1_ahIvC3Eny.jpg!m_fill,w_280,h_210,f_jpg?from=ke.com
20241017,亦庄开发区,马驹桥,101123834653,合生世界村客厅南向小三居业主二次装修满5唯一,290万,29950元/平,低楼层 (共14层) 3室1厅 | 96.83平米 | 南 北 西南,https://ke-image.ljcdn.com/110000-inspection/pc1_9tEpZBEED.jpg!m_fill,w_280,h_210,f_jpg?from=ke.com
20241017,亦庄开发区,马驹桥,101123793582,珠江逸景 中间楼层 南北通透 采光好,295万,31541元/平,中楼层 (共14层) | 2009年 | 2室1厅 | 93.53平米 | 南 北,https://ke-image.ljcdn.com/110000-inspection/513398b7-68fd-43d5-9b23-2ad55d9658c9_1000.jpg!m_fill,w_280,h_210,f_jpg?from=ke.com
20241017,亦庄开发区,马驹桥,101123784033,天和嘉园 2室1厅 南,299万,35511元/平,高楼层 (共15层) | 2013年 | 2室1厅 | 84.2平米 | 南,https://ke-image.ljcdn.com/110000-inspection/06036af0-cb8c-4d37-bbbe-d097a43b98b3_1000.jpg!m_fill,w_280,h_210,f_jpg?from=ke.com
20241017,亦庄开发区,马驹桥,101123767025,亦庄新城 融创开发 边户3居 中间层 前后无遮挡,316万,35045元/平,中楼层 (共21层) | 2011年 | 3室1厅 | 90.17平米 | 南 北,https://ke-image.ljcdn.com/110000-inspection/ff3c122a-4d92-4bec-8500-2773aad2a365_1000.jpg!m_fill,w_280,h_210,f_jpg?from=ke.com
20241017,亦庄开发区,马驹桥,101123758590,亦庄新城南北两居满五唯一中楼层拎包入住,245万,31777元/平,高楼层 (共22层) 2室1厅 | 77.1平米 | 南 北,https://ke-image.ljcdn.com/110000-inspection/3ed52c9f-c6ef-4c30-8cee-aaa614c867ec_1000.jpg!m_fill,w_280,h_210,f_jpg?from=ke.com
20241017,亦庄开发区,马驹桥,101123757658,亦庄新城 融科香雪兰溪 精装修 中间楼层南向两居,270万,30953元/平,中楼层 (共20层) 2室1厅 | 87.23平米 | 南,https://ke-image.ljcdn.com/110000-inspection/pc1_MJIZNHG9H.jpg!m_fill,w_280,h_210,f_jpg?from=ke.com
20241017,亦庄开发区,马驹桥,101123743654,亦庄橡树湾高楼层大一居一口价房源诚心出售房主自荐,249万,36150元/平,高楼层 (共15层) | 2022年 | 1室1厅 | 68.88平米 | 南 北,https://ke-image.ljcdn.com/110000-inspection/d6379442-b4db-446d-9157-21ad0f789bbe_1000.jpg!m_fill,w_280,h_210,f_jpg?from=ke.com
20241017,亦庄开发区,马驹桥,101123739795,合生世界花园南北通透大三居室高楼层采光好,455万,29248元/平,高楼层 (共18层) 3室2厅 | 155.57平米 | 南 北,https://ke-image.ljcdn.com/110000-inspection/pc1_WePxyrjHB.jpg!m_fill,w_280,h_210,f_jpg?from=ke.com
20241017,亦庄开发区,马驹桥,101123732769,珠江逸景 高楼层 采光好 视野好,249万,25817元/平,高楼层 (共14层) 2室1厅 | 96.45平米 | 南,https://ke-image.ljcdn.com/110000-inspection/0e31d509-d83e-45eb-bfab-1b78f09eb226_1000.jpg!m_fill,w_280,h_210,f_jpg?from=ke.com
20241017,亦庄开发区,马驹桥,101123719365,莲水怡园  板楼  低楼层 南北通透  两居室,289万,33116元/平,低楼层 (共6层) | 2006年 | 2室1厅 | 87.27平米 | 南 北,https://ke-image.ljcdn.com/110000-inspection/5f14db98-aaba-4662-bbdf-cc21c364a0b3_1000.jpg!m_fill,w_280,h_210,f_jpg?from=ke.com
20241017,亦庄开发区,马驹桥,101123711296,东西通透二居 精装修 带电梯 满五唯一,338万,36478元/平,低楼层 (共12层) | 2005年 | 2室1厅 | 92.66平米 | 东 西,https://ke-image.ljcdn.com/110000-inspection/7cfaa1a1-0ae1-48e0-a326-8a06652dac55_1000.jpg!m_fill,w_280,h_210,f_jpg?from=ke.com
20241017,亦庄开发区,马驹桥,101123698640,亦庄橡树湾南北通透三居室 精装修可拎包入住,415万,44371元/平,低楼层 (共11层) | 2022年 | 3室2厅 | 93.53平米 | 南 北,https://ke-image.ljcdn.com/110000-inspection/pc1_SlSBVmNMx.jpg!m_fill,w_280,h_210,f_jpg?from=ke.com
20241017,亦庄开发区,马驹桥,101123679439,东亚瑞晶苑 全南向 高楼层视野好,239万,30642元/平,高楼层 (共18层) | 2011年 | 2室1厅 | 78平米 | 南,https://ke-image.ljcdn.com/110000-inspection/ec408244-7d73-46a0-828b-690c4fba481e_1000.jpg!m_fill,w_280,h_210,f_jpg?from=ke.com
20241017,亦庄开发区,马驹桥,101123661118,亦庄橡树湾南北通透三居室随时看房,419万,44400元/平,底层 (共15层) | 2022年 | 3室2厅 | 94.37平米 | 南 北,https://ke-image.ljcdn.com/110000-inspection/pc1_rQK83W8An.jpg!m_fill,w_280,h_210,f_jpg?from=ke.com
20241017,亦庄开发区,马驹桥,101123658212,莲水怡园 南北通透 大二居 满五唯一,270万,26694元/平,低楼层 (共6层) 2室1厅 | 101.15平米 | 南 北,https://ke-image.ljcdn.com/110000-inspection/70f58a88-3864-43b7-b181-5ea197cd7877_1000.jpg!m_fill,w_280,h_210,f_jpg?from=ke.com
20241017,亦庄开发区,马驹桥,101123575623,宏仁家园 南北通透两居室 满五唯一 中楼层视野好,239万,27720元/平,中楼层 (共28层) | 2013年 | 2室1厅 | 86.22平米 | 南 北,https://ke-image.ljcdn.com/110000-inspection/566fcc6d-3a12-419a-87a4-f896d9807571_1000.jpg!m_fill,w_280,h_210,f_jpg?from=ke.com
20241017,亦庄开发区,马驹桥,101123575514,珠江逸景南北通透两居 满五年唯一 高楼层视野好,270万,29723元/平,中楼层 (共14层) | 2009年 | 2室1厅 | 90.84平米 | 南 北,https://ke-image.ljcdn.com/110000-inspection/125a4b0e-e758-4fe5-a8ec-5272ea4986a5_1000.jpg!m_fill,w_280,h_210,f_jpg?from=ke.com
20241017,亦庄开发区,马驹桥,101123540990,融科· 精装三居室 中间楼层 采光充足房主自荐,400万,39514元/平,中楼层 (共11层) | 2014年 | 3室2厅 | 101.23平米 | 南 北,https://ke-image.ljcdn.com/110000-inspection/0494f0c0-64f6-4b37-ad37-0f126337b5eb_1000.jpg!m_fill,w_280,h_210,f_jpg?from=ke.com
20241017,亦庄开发区,马驹桥,101123526556,满五唯一南北通透三居室精装修,275万,25735元/平,顶层 (共6层) | 2006年 | 3室2厅 | 106.86平米 | 南 北,https://ke-image.ljcdn.com/110000-inspection/a5fbd670-1e44-4217-95fd-dfb354552172_1000.jpg!m_fill,w_280,h_210,f_jpg?from=ke.com
20241017,亦庄开发区,马驹桥,101123498967,东边户两居 采光视野好 精装修业主自住 中间层,315万,39121元/平,中楼层 (共10层) | 2022年 | 2室2厅 | 80.52平米 | 南 北,https://ke-image.ljcdn.com/110000-inspection/f65a0e20-789c-4b42-a9a0-2917623c55c3_1000.jpg!m_fill,w_280,h_210,f_jpg?from=ke.com
20241017,亦庄开发区,马驹桥,101123440430,亦庄新城 南向2居 客厅有阳台 精装修 满五年唯一,269万,31793元/平,高楼层 (共18层) 2室1厅 | 84.61平米 | 南,https://ke-image.ljcdn.com/110000-inspection/pc1_CodiHYWP1.jpg!m_fill,w_280,h_210,f_jpg?from=ke.com
20241017,亦庄开发区,马驹桥,101123389056,亦庄橡树湾两居随时看精装修自己住,299万,37954元/平,低楼层 (共12层) | 2022年 | 2室2厅 | 78.78平米 | 东 西,https://ke-image.ljcdn.com/110000-inspection/051c6811-5cce-4e04-b8ac-ed69312db137_1000.jpg!m_fill,w_280,h_210,f_jpg?from=ke.com
20241017,亦庄开发区,马驹桥,101123378273,亦庄新城 融科香雪兰溪 南北通透三居  满五唯一,290万,32724元/平,低楼层 (共20层) 3室1厅 | 88.62平米 | 南 北,https://ke-image.ljcdn.com/110000-inspection/b8e15623-aa4e-416a-8347-0b79a6b53342_1000.jpg!m_fill,w_280,h_210,f_jpg?from=ke.com
20241017,亦庄开发区,马驹桥,101123301426,样本大三居两个卫生间采光充足,480万,32920元/平,中楼层 (共6层) | 2006年 | 3室2厅 | 145.81平米 | 南 北,https://ke-image.ljcdn.com/110000-inspection/pc1_HBx4Wjyma.jpg!m_fill,w_280,h_210,f_jpg?from=ke.com
20241017,亦庄开发区,马驹桥,101123296226,莲水怡园  精装修  两居室  南北通透  板楼  低楼层,320万,36668元/平,低楼层 (共6层) | 2007年 | 2室1厅 | 87.27平米 | 南 北,https://ke-image.ljcdn.com/110000-inspection/pc1_Q8AxfvPGF_1.jpg!m_fill,w_280,h_210,f_jpg?from=ke.com
20241017,亦庄开发区,马驹桥,101123193709,新海北里三居室南北通透满五唯一业主着急卖房主自荐,345万,31821元/平,低楼层 (共6层) | 2006年 | 3室2厅 | 108.42平米 | 南 北,https://ke-image.ljcdn.com/110000-inspection/11685b23-802d-4d7b-8860-d91bf6dc7b76_1000.jpg!m_fill,w_280,h_210,f_jpg?from=ke.com
20241017,亦庄开发区,马驹桥,101123193537,亦庄新城 洋房3居 满五唯一 电梯房 小区中间位置,610万,41582元/平,中楼层 (共5层) 3室2厅 | 146.7平米 | 南 北,https://ke-image.ljcdn.com/110000-inspection/pc1_SaCJsa1pE.jpg!m_fill,w_280,h_210,f_jpg?from=ke.com
20241017,亦庄开发区,马驹桥,101123188731,莲水怡园 2室1厅 东 西,298万,32161元/平,中楼层 (共12层) | 2005年 | 2室1厅 | 92.66平米 | 东 西,https://ke-image.ljcdn.com/110000-inspection/9d878cf7-6a48-4990-8bfd-626bb191f3f1_1000.jpg!m_fill,w_280,h_210,f_jpg?from=ke.com
20241017,亦庄开发区,马驹桥,101123186241,亦庄橡树湾 四居室小区中间位置中高楼层房主自荐,655万,46709元/平,中楼层 (共12层) | 2022年 | 4室2厅 | 140.23平米 | 南 北,https://ke-image.ljcdn.com/110000-inspection/pc1_Tg5N8q5gv.jpg!m_fill,w_280,h_210,f_jpg?from=ke.com
20241017,亦庄开发区,马驹桥,101123173648,新海北里三居室大面积满五唯一南北通透房主自荐,299万,27838元/平,顶层 (共6层) | 2006年 | 3室2厅 | 107.41平米 | 南 北,https://ke-image.ljcdn.com/110000-inspection/21c7058f-3d60-47fc-8b7f-70572d76cd81_1000.jpg!m_fill,w_280,h_210,f_jpg?from=ke.com
20241017,亦庄开发区,马驹桥,101123110980,此房满五唯一业主诚心出售房本在手中间楼层。,230万,26609元/平,高楼层 (共14层) | 2010年 | 2室1厅 | 86.44平米 | 西,https://ke-image.ljcdn.com/110000-inspection/13e0443b-28f6-4268-acb6-a485bc1ae805_1000.jpg!m_fill,w_280,h_210,f_jpg?from=ke.com
20241017,亦庄开发区,马驹桥,101123055670,橡树湾精装三居价格合适业主诚心出售,469万,37723元/平,底层 (共12层) 3室2厅 | 124.33平米 | 南 北,https://ke-image.ljcdn.com/110000-inspection/e1d204b7-166e-4707-a3c5-2a3a05d2b148_1000.jpg!m_fill,w_280,h_210,f_jpg?from=ke.com
20241017,亦庄开发区,马驹桥,101123032028,亦庄橡树湾精装修东西向两居室,285万,36200元/平,底层 (共13层) | 2022年 | 2室1厅 | 78.73平米 | 东 西,https://ke-image.ljcdn.com/110000-inspection/8df50f7a-c502-4c52-9156-75d84b82f411_1000.jpg!m_fill,w_280,h_210,f_jpg?from=ke.com
20241017,亦庄开发区,马驹桥,101122989587,新海北里精装一居室南北双阳台业主诚心出售,159万,23817元/平,顶层 (共6层) | 2006年 | 1室1厅 | 66.76平米 | 南 北,https://ke-image.ljcdn.com/110000-inspection/0164447b-dcee-4f54-8b4b-7acf668985e5_1000.jpg!m_fill,w_280,h_210,f_jpg?from=ke.com
20241017,亦庄开发区,马驹桥,101122968575,橡树湾中间位置中间户型视野广阔,700万,49576元/平,顶层 (共12层) 4室2厅 | 141.2平米 | 南 北,https://ke-image.ljcdn.com/110000-inspection/28dcd208-b04d-4058-ae72-e6af0ac9be16_1000.jpg!m_fill,w_280,h_210,f_jpg?from=ke.com
20241017,亦庄开发区,马驹桥,101122922527,金地格林6、满五唯一正规二居靠谱卖,330万,38774元/平,高楼层 (共9层) 2室1厅 | 85.11平米 | 东 西北,https://ke-image.ljcdn.com/110000-inspection/2c6aa713-d5bc-4c25-8f12-0ce12f16856d_1000.jpg!m_fill,w_280,h_210,f_jpg?from=ke.com
20241017,亦庄开发区,马驹桥,101122876716,融科钧廷 南北通透 精装三居室 满五唯一,380万,48863元/平,顶层 (共15层) | 2014年 | 3室1厅 | 77.77平米 | 南 北,https://ke-image.ljcdn.com/110000-inspection/05845ce3-9f8f-4b2e-8f80-4704fc2d4f9b_1000.jpg!m_fill,w_280,h_210,f_jpg?from=ke.com
20241017,亦庄开发区,马驹桥,101122803963,合生世界村 中楼层 南北两居室 对着小区前后花园,280万,30605元/平,中楼层 (共14层) | 2011年 | 2室1厅 | 91.49平米 | 南 北,https://ke-image.ljcdn.com/110000-inspection/7d7dad4e-7bff-44eb-a77d-7f385d371083_1000.jpg!m_fill,w_280,h_210,f_jpg?from=ke.com
20241017,亦庄开发区,马驹桥,101122802653,融科香雪兰溪 满五唯一 全明格局一居室,188万,34945元/平,中楼层 (共17层) 1室1厅 | 53.8平米 | 东北,https://ke-image.ljcdn.com/110000-inspection/8c8b0994-cde7-4f96-b8bc-c9524ecc587b_1000.jpg!m_fill,w_280,h_210,f_jpg?from=ke.com
20241017,亦庄开发区,马驹桥,101122742285,合生世界村顶层南向大两居诚心出售,288万,29545元/平,顶层 (共14层) | 2011年 | 2室2厅 | 97.48平米 | 南,https://ke-image.ljcdn.com/110000-inspection/22e08446-4ba2-4220-abdd-9e6ff0dfbfd8_1000.jpg!m_fill,w_280,h_210,f_jpg?from=ke.com
20241017,亦庄开发区,马驹桥,101122696457,满五唯一业主诚心出售小区管理到位配套齐全。,366万,42430元/平,中楼层 (共9层) 2室1厅 | 86.26平米 | 东 西 北,https://ke-image.ljcdn.com/110000-inspection/624a663a-8f05-4dad-97e5-c54b2bc5f666_1000.jpg!m_fill,w_280,h_210,f_jpg?from=ke.com
20241017,亦庄开发区,马驹桥,101122696025,新海北里 精装修 南北通透大两居房主自荐,245万,26237元/平,顶层 (共6层) | 2006年 | 2室2厅 | 93.38平米 | 南 北,https://ke-image.ljcdn.com/110000-inspection/pc1_krd4f4ov3.jpg!m_fill,w_280,h_210,f_jpg?from=ke.com
20241017,亦庄开发区,马驹桥,101122661153,融科香雪兰溪 精装修 东南两居 满五唯一 诚心出售,253万,33626元/平,中楼层 (共17层) 2室1厅 | 75.24平米 | 东 南,https://ke-image.ljcdn.com/110000-inspection/a42cd5f8-456f-45df-a150-dab5ce2aa3b2_1000.jpg!m_fill,w_280,h_210,f_jpg?from=ke.com
20241017,亦庄开发区,马驹桥,101122620028,莲水怡园满五唯一  南北通透 低楼层两居,350万,34678元/平,中楼层 (共6层) | 2003年 | 2室1厅 | 100.93平米 | 南 北,https://ke-image.ljcdn.com/110000-inspection/pc1_PyEa5GhYo.jpg!m_fill,w_280,h_210,f_jpg?from=ke.com
20241017,亦庄开发区,马驹桥,101122604002,米拉小镇中间楼层两居室装修好看房方便,289万,38565元/平,低楼层 (共18层) | 2012年 | 2室1厅 | 74.94平米 | 南 西,https://ke-image.ljcdn.com/110000-inspection/pc1_nz4fkYFpB_1.jpg!m_fill,w_280,h_210,f_jpg?from=ke.com
20241017,亦庄开发区,马驹桥,101122566621,新海北里大两居带餐厅 明卫 满五唯一,248万,26699元/平,顶层 (共6层) | 2006年 | 2室2厅 | 92.89平米 | 南 北,https://ke-image.ljcdn.com/110000-inspection/10597f31-e1b7-4186-8ae5-d8036556cf99_1000.jpg!m_fill,w_280,h_210,f_jpg?from=ke.com
20241017,亦庄开发区,马驹桥,101122542255,一世情园  南北通透  满五唯一  业主着急卖,330万,30267元/平,中楼层 (共5层) 2室1厅 | 109.03平米 | 南 北,https://ke-image.ljcdn.com/110000-inspection/pc1_2ehEpouiv.jpg!m_fill,w_280,h_210,f_jpg?from=ke.com
20241017,亦庄开发区,马驹桥,101122530893,融科香雪兰溪 客厅朝南 简装 诚心出售 看房方便,410万,36035元/平,底层 (共21层) | 2011年 | 4室1厅 | 113.78平米 | 南 北,https://ke-image.ljcdn.com/110000-inspection/pc1_PoQz2eSrM_1.jpg!m_fill,w_280,h_210,f_jpg?from=ke.com
20241017,亦庄开发区,马驹桥,101122475645,亦庄天和嘉园电梯房中间楼全南两居诚心卖看房随时,281万,33373元/平,中楼层 (共15层) | 2013年 | 2室1厅 | 84.2平米 | 南,https://ke-image.ljcdn.com/110000-inspection/0b177f29-54da-4072-ad6d-e1b208581d87_1000.jpg!m_fill,w_280,h_210,f_jpg?from=ke.com
20241017,亦庄开发区,马驹桥,101122286537,融科香雪兰溪 全南向两居室 看房方便,272万,31182元/平,中楼层 (共20层) | 2011年 | 2室1厅 | 87.23平米 | 南,https://ke-image.ljcdn.com/110000-inspection/4e928b44-c6d6-41b6-a89c-5ced2c99451c_1000.jpg!m_fill,w_280,h_210,f_jpg?from=ke.com
20241017,亦庄开发区,马驹桥,101122238809,新海北里南北通透两居室 高楼层诚心出,175万,24289元/平,顶层 (共6层) | 2006年 | 2室1厅 | 72.05平米 | 南 北,https://ke-image.ljcdn.com/110000-inspection/75404f31-5c05-404b-b280-edda957b2268_1000.jpg!m_fill,w_280,h_210,f_jpg?from=ke.com
20241017,亦庄开发区,马驹桥,101122238592,亦庄橡树湾  精装修  新小区 电梯  南北通透,305万,38535元/平,顶层 (共15层) | 2022年 | 2室1厅 | 79.15平米 | 南 北,https://ke-image.ljcdn.com/110000-inspection/615e4d23-c429-4869-913c-6ebb710ea17d_1000.jpg!m_fill,w_280,h_210,f_jpg?from=ke.com
20241017,亦庄开发区,马驹桥,101122219066,米拉小镇正规一居小区环境好业主着急卖,183万,42108元/平,低楼层 (共18层) 1室1厅 | 43.46平米 | 西,https://ke-image.ljcdn.com/110000-inspection/5d9a7f36-8886-450a-952e-7d93d2185f58_1000.jpg!m_fill,w_280,h_210,f_jpg?from=ke.com
20241017,亦庄开发区,马驹桥,101122184887,样本电梯房 大两居前后无遮挡满五唯一,455万,38859元/平,中楼层 (共9层) 2室1厅 | 117.09平米 | 南 北,https://ke-image.ljcdn.com/110000-inspection/b53cf34f-5696-470b-af97-ddeedfe4fa20_1000.jpg!m_fill,w_280,h_210,f_jpg?from=ke.com
20241017,亦庄开发区,马驹桥,101122101343,宏仁家园南向两居室 视野采光好 中间楼层 安静舒适,228万,26799元/平,低楼层 (共18层) 2室1厅 | 85.08平米 | 南,https://ke-image.ljcdn.com/110000-inspection/a720eacd-aac8-41e9-84bb-517a6c17e6c6_1000.jpg!m_fill,w_280,h_210,f_jpg?from=ke.com
20241017,亦庄开发区,马驹桥,101122094324,珠江逸景 业主二次装修一居室 自住高楼层,205万,36706元/平,中楼层 (共15层) 1室1厅 | 55.85平米 | 东北,https://ke-image.ljcdn.com/110000-inspection/c49c3ebf-b0c7-4596-a5a3-b6609397e6b8_1000.jpg!m_fill,w_280,h_210,f_jpg?from=ke.com
20241017,亦庄开发区,马驹桥,101122044515,新海南里 3室2厅 南 北,330万,30882元/平,中楼层 (共6层) | 2006年 | 3室2厅 | 106.86平米 | 南 北,https://ke-image.ljcdn.com/110000-inspection/3023f20c-8b55-4e04-aae4-daedd60eaa44_1000.jpg!m_fill,w_280,h_210,f_jpg?from=ke.com
20241017,亦庄开发区,马驹桥,101121971360,亦庄橡树湾南北通透三居室精装修不临街,417万,44329元/平,中楼层 (共13层) | 2022年 | 3室1厅 | 94.07平米 | 南 北,https://ke-image.ljcdn.com/110000-inspection/a3b50be6-4214-4f76-85c8-c5d1e8b06eaa_1000.jpg!m_fill,w_280,h_210,f_jpg?from=ke.com
20241017,亦庄开发区,马驹桥,101121969644,亦庄橡树湾房主自荐,255万,39801元/平,底层 (共10层) | 2022年 | 1室1厅 | 64.07平米 | 南 北,https://ke-image.ljcdn.com/110000-inspection/pc1_Ztf5YMIqC.jpg!m_fill,w_280,h_210,f_jpg?from=ke.com
20241017,亦庄开发区,马驹桥,101121872568,宏仁家园商品房两居室中高楼层视野宽阔,195万,22707元/平,中楼层 (共28层) | 2013年 | 2室1厅 | 85.88平米 | 西,https://ke-image.ljcdn.com/110000-inspection/c5c15a22-29d3-4658-b467-629be24f391a_1000.jpg!m_fill,w_280,h_210,f_jpg?from=ke.com
20241017,亦庄开发区,马驹桥,101121850617,店长推荐 样本普宅三居满五唯一好楼层。,500万,38596元/平,中楼层 (共6层) 3室1厅 | 129.55平米 | 南 北,https://ke-image.ljcdn.com/110000-inspection/pc1_vdUmckAWx.jpg!m_fill,w_280,h_210,f_jpg?from=ke.com
20241017,亦庄开发区,马驹桥,101121782905,亦庄新城 双卫格局满五唯一业主诚心出售 高楼层,320万,32909元/平,高楼层 (共15层) | 2009年 | 2室1厅 | 97.24平米 | 南,https://ke-image.ljcdn.com/110000-inspection/pc1_AjVwTXjKN.jpg!m_fill,w_280,h_210,f_jpg?from=ke.com
20241017,亦庄开发区,马驹桥,101121642758,亦庄橡树湾 南区三居室 南北通透 有房本,390万,41459元/平,顶层 (共13层) | 2022年 | 3室1厅 | 94.07平米 | 南 北,https://ke-image.ljcdn.com/110000-inspection/ea1b1a28-d658-419a-ad0c-cd2adfa83a9e_1000.jpg!m_fill,w_280,h_210,f_jpg?from=ke.com
20241017,亦庄开发区,马驹桥,101121534135,莲水怡园满五唯一带电梯两居观河景落地窗280W能卖,289万,29663元/平,顶层 (共12层) | 2005年 | 2室1厅 | 97.43平米 | 南 北,https://ke-image.ljcdn.com/110000-inspection/dc66a20e-39b7-4697-9e81-520181b4b768_1000.jpg!m_fill,w_280,h_210,f_jpg?from=ke.com
20241017,亦庄开发区,马驹桥,101121413675,商品房 南向两居 满五唯一 看房随时 可以随时签约房主自荐,265万,29985元/平,高楼层 (共20层) | 2013年 | 2室1厅 | 88.38平米 | 南,https://ke-image.ljcdn.com/110000-inspection/pc1_cDbFIRIKi.jpg!m_fill,w_280,h_210,f_jpg?from=ke.com
20241017,亦庄开发区,马驹桥,101121236191,亦庄新城东南北朝向三居精装修满五唯一业主自住,290万,32906元/平,低楼层 (共19层) | 2011年 | 3室1厅 | 88.13平米 | 东 南 北,https://ke-image.ljcdn.com/110000-inspection/5a2cb11b-d801-4790-979d-89d1d3e89c99_1000.jpg!m_fill,w_280,h_210,f_jpg?from=ke.com
20241017,亦庄开发区,马驹桥,101121149468,新海北里精装修三居次顶层满五唯一房主自荐,379万,35338元/平,高楼层 (共6层) | 2006年 | 3室2厅 | 107.25平米 | 南 北,https://ke-image.ljcdn.com/110000-inspection/pc1_N57i43xPO_2.jpg!m_fill,w_280,h_210,f_jpg?from=ke.com
20241017,亦庄开发区,马驹桥,101121112053,房子满五年唯一南北通透靠谱卖随时看房,226万,24598元/平,顶层 (共6层) | 2006年 | 2室1厅 | 91.88平米 | 南 北,https://ke-image.ljcdn.com/110000-inspection/pc1_iRM4ozRPN.jpg!m_fill,w_280,h_210,f_jpg?from=ke.com
20241017,亦庄开发区,马驹桥,101120921580,天和嘉园满五唯一全南向高层两居室,295万,35036元/平,高楼层 (共15层) | 2013年 | 2室1厅 | 84.2平米 | 南,https://ke-image.ljcdn.com/110000-inspection/a8d80c1c-c9da-49fa-9dea-00e7fe6b0d6c_1000.jpg!m_fill,w_280,h_210,f_jpg?from=ke.com
20241017,亦庄开发区,马驹桥,101120862537,亦庄新城全 南向两居 满五年 中间楼层 业主诚心卖,270万,35262元/平,低楼层 (共21层) 2室1厅 | 76.57平米 | 南,https://ke-image.ljcdn.com/110000-inspection/pc1_r3Z4djTpU_2.jpg!m_fill,w_280,h_210,f_jpg?from=ke.com
20241017,亦庄开发区,马驹桥,101120858180,一世情园南北通透二居满五年唯一房主自荐,360万,33019元/平,底层 (共5层) | 2005年 | 2室1厅 | 109.03平米 | 南 北,https://ke-image.ljcdn.com/110000-inspection/pc1_MNA2Paacr_1.jpg!m_fill,w_280,h_210,f_jpg?from=ke.com
20241017,亦庄开发区,马驹桥,101120857518,宏仁家园 精装修 品牌家电 南向两居室,256万,29244元/平,低楼层 (共28层) | 2013年 | 2室1厅 | 87.54平米 | 南,https://ke-image.ljcdn.com/110000-inspection/04694504-ad24-435f-838c-208beca4b1fc_1000.jpg!m_fill,w_280,h_210,f_jpg?from=ke.com
20241017,亦庄开发区,马驹桥,101120580513,样本小区诚意出售两居室南北通透无遮挡采光好~房主自荐,399万,36549元/平,高楼层 (共6层) 2室2厅 | 109.17平米 | 南 北,https://ke-image.ljcdn.com/110000-inspection/99d3ba83-ca3a-443f-a7bc-eb4cbcc635a1_1000.jpg!m_fill,w_280,h_210,f_jpg?from=ke.com
20241017,亦庄开发区,马驹桥,101120346669,新海北里 低楼层 南北通透 两居室,215万,29841元/平,底层 (共6层) | 2006年 | 2室1厅 | 72.05平米 | 南 北,https://ke-image.ljcdn.com/110000-inspection/09d47917-a7b7-48b4-bcd2-370dd70e8418_1000.jpg!m_fill,w_280,h_210,f_jpg?from=ke.com
20241017,亦庄开发区,马驹桥,101119778945,合生世界花园 高楼层 精装三居室 业主自住房 保持干净,489万,31433元/平,高楼层 (共18层) 3室1厅 | 155.57平米 | 南 北,https://ke-image.ljcdn.com/110000-inspection/922f1812-539b-41a8-827d-73515b857446_1000.jpg!m_fill,w_280,h_210,f_jpg?from=ke.com
20241017,亦庄开发区,马驹桥,101119713843,样本 南北通透 低楼层 精装修三居室,580万,39153元/平,低楼层 (共6层) 3室2厅 | 148.14平米 | 南 北,https://ke-image.ljcdn.com/110000-inspection/pc1_EwT2AC0n2_2.jpg!m_fill,w_280,h_210,f_jpg?from=ke.com
20241017,亦庄开发区,马驹桥,101119670936,亦庄生活区宏仁家园南北西三居室精装修三居室满五唯一,266万,29754元/平,高楼层 (共20层) | 2013年 | 3室1厅 | 89.4平米 | 南 西 北,https://ke-image.ljcdn.com/110000-inspection/362b0be3-edaa-4deb-b153-8a8a4dd051f0_1000.jpg!m_fill,w_280,h_210,f_jpg?from=ke.com
20241017,亦庄开发区,马驹桥,101118811137,房子满五年南北通透全明格局楼层好视野开阔,400万,31526元/平,底层 (共5层) | 2005年 | 3室2厅 | 126.88平米 | 南 北,https://ke-image.ljcdn.com/110000-inspection/pc1_GUB0OU95z.jpg!m_fill,w_280,h_210,f_jpg?from=ke.com
20241017,亦庄开发区,马驹桥,101118585223,一世情园南北通透两居室客厅主卧南向,299万,27402元/平,中楼层 (共5层) | 2005年 | 2室1厅 | 109.12平米 | 南 北,https://ke-image.ljcdn.com/110000-inspection/pc1_TrGi0uatJ.jpg!m_fill,w_280,h_210,f_jpg?from=ke.com
20241017,亦庄开发区,马驹桥,101116741646,合生世界村精装南北通透两居 业主自住 看房提前预约,310万,34138元/平,低楼层 (共14层) | 2011年 | 2室1厅 | 90.81平米 | 南 北,https://ke-image.ljcdn.com/110000-inspection/prod-ba80d81c-7803-45a0-a866-e4868708b498.jpg!m_fill,w_280,h_210,f_jpg?from=ke.com
20241017,亦庄开发区,马驹桥,101112562172,亦庄第二生活区  南向两居  满五唯一  商品房 中楼层,308万,40225元/平,中楼层 (共21层) | 2011年 | 2室1厅 | 76.57平米 | 南,https://ke-image.ljcdn.com/110000-inspection/pc1_LbTeoloy7_1.jpg!m_fill,w_280,h_210,f_jpg?from=ke.com
20241017,亦庄开发区,马驹桥,101127084809,亦庄新城 融科香雪兰溪 满五年南北通透诚心出售,280万,31370元/平,顶层 (共20层) | 2011年 | 3室1厅 | 89.26平米 | 南 北,https://ke-image.ljcdn.com/110000-inspection/7ae72ff4-fb1d-46c8-8364-6678b12ae329_1000.jpg!m_fill,w_280,h_210,f_jpg?from=ke.com
20241017,亦庄开发区,马驹桥,101127079913,融科香雪兰溪 2室1厅 南,258万,30328元/平,中楼层 (共21层) | 2011年 | 2室1厅 | 85.07平米 | 南,https://ke-image.ljcdn.com/110000-inspection/e60c261d-6aef-4ed0-8511-0045aba328a3_1000.jpg!m_fill,w_280,h_210,f_jpg?from=ke.com
20241017,亦庄开发区,马驹桥,101127079404,样本南北通透三居满五唯一看房有钥匙新上,470万,36907元/平,中楼层 (共6层) 3室2厅 | 127.35平米 | 南 北,https://ke-image.ljcdn.com/110000-inspection/pc1_Tdn6SfiCh_1.jpg!m_fill,w_280,h_210,f_jpg?from=ke.com
20241017,亦庄开发区,马驹桥,101127019311,新式精装修 复式户型 带家政间和衣帽间 满五唯一新上,520万,28827元/平,顶层 (共6层) 4室2厅 | 180.39平米 | 南 北,https://ke-image.ljcdn.com/110000-inspection/b3dc1625-786b-48b2-9ba9-5f3c886124bf_1000.jpg!m_fill,w_280,h_210,f_jpg?from=ke.com
20241017,亦庄开发区,马驹桥,101126975939,融科钧廷 高品质社区 精装修 视野好 满五唯一新上,369万,36688元/平,高楼层 (共20层) | 2011年 | 3室1厅 | 100.58平米 | 西南,https://ke-image.ljcdn.com/110000-inspection/pc1_hx8JK6LSp.jpg!m_fill,w_280,h_210,f_jpg?from=ke.com
20241017,亦庄开发区,马驹桥,101126966687,合生世界村南北通透二居可随时看房新上,220万,24094元/平,高楼层 (共14层) | 2011年 | 2室1厅 | 91.31平米 | 南 北,https://ke-image.ljcdn.com/110000-inspection/5da47054-5f8b-4e16-93c4-4a78ff36d7fc_1000.jpg!m_fill,w_280,h_210,f_jpg?from=ke.com
20241017,亦庄开发区,马驹桥,101126954982,米拉小镇 1室1厅 东 西 北新上,215万,35918元/平,高楼层 (共18层) 1室1厅 | 59.86平米 | 东 西 北,https://ke-image.ljcdn.com/110000-inspection/pc1_s6t6L0Ztg.jpg!m_fill,w_280,h_210,f_jpg?from=ke.com
20241017,亦庄开发区,马驹桥,101126938620,合生世界村西南向小三居业主诚心出售,240万,24786元/平,中楼层 (共14层) 3室1厅 | 96.83平米 | 西南,https://ke-image.ljcdn.com/110000-inspection/pc1_QaRnpkB42.jpg!m_fill,w_280,h_210,f_jpg?from=ke.com
20241017,亦庄开发区,马驹桥,101126918244,人车分流中间楼层满五唯一价格可谈,170万,39462元/平,中楼层 (共18层) 1室0厅 | 43.08平米 | 西,https://ke-image.ljcdn.com/110000-inspection/b467e6ef-c7d5-438f-823c-1860a6a51f9c_1000.jpg!m_fill,w_280,h_210,f_jpg?from=ke.com
20241017,亦庄开发区,马驹桥,101126918075,房子满五唯一南向落地窗阳台客厅和卧室都朝南,249万,36928元/平,低楼层 (共18层) 1室1厅 | 67.43平米 | 南,https://ke-image.ljcdn.com/110000-inspection/027c8383-b6aa-4386-ae94-f76268ce6e55_1000.jpg!m_fill,w_280,h_210,f_jpg?from=ke.com
20241017,亦庄开发区,马驹桥,101126913575,融科香雪兰溪 满五唯一 南北通透 精装修 诚心出售,295万,33289元/平,高楼层 (共20层) | 2011年 | 3室1厅 | 88.62平米 | 南 北,https://ke-image.ljcdn.com/110000-inspection/pc1_k4R1dtJND_2.jpg!m_fill,w_280,h_210,f_jpg?from=ke.com
20241017,亦庄开发区,马驹桥,101126898396,亦庄新城 精装2居 满五唯一 不临六环,272万,32439元/平,低楼层 (共18层) | 2011年 | 2室1厅 | 83.85平米 | 南,https://ke-image.ljcdn.com/110000-inspection/e883464a-0e44-44fe-9a34-af42c93e9b2c_1000.jpg!m_fill,w_280,h_210,f_jpg?from=ke.com
20241017,亦庄开发区,马驹桥,101126877540,珠江逸景70年住宅 明厨明卫 电梯房 精装两居,260万,27892元/平,低楼层 (共14层) | 2010年 | 2室1厅 | 93.22平米 | 东,https://ke-image.ljcdn.com/110000-inspection/pc1_1Q4a64DZP.jpg!m_fill,w_280,h_210,f_jpg?from=ke.com
20241017,亦庄开发区,马驹桥,101126875886,亦庄新城珠江逸景电梯商品房社区人车分流,260万,27013元/平,中楼层 (共14层) | 2009年 | 2室1厅 | 96.25平米 | 南,https://ke-image.ljcdn.com/110000-inspection/pc1_tTbsKfHzz.jpg!m_fill,w_280,h_210,f_jpg?from=ke.com
20241017,亦庄开发区,马驹桥,101126865698,珠江逸景南北通透大三居客厅南向。,355万,28398元/平,低楼层 (共14层) | 2009年 | 3室2厅 | 125.01平米 | 南 北,https://ke-image.ljcdn.com/110000-inspection/207f5dde-132d-493f-b590-4c1ab75710ac_1000.jpg!m_fill,w_280,h_210,f_jpg?from=ke.com
20241017,亦庄开发区,马驹桥,101126861701,莲水怡园 1室1厅 南,230万,34928元/平,高楼层 (共12层) | 2005年 | 1室1厅 | 65.85平米 | 南,https://ke-image.ljcdn.com/110000-inspection/9ea1f546-1e53-4fd8-8425-edfc46a51691_1000.jpg!m_fill,w_280,h_210,f_jpg?from=ke.com
20241017,亦庄开发区,马驹桥,101126849238,合生世界花园低层南北两居装修好,305万,29946元/平,低楼层 (共11层) | 2013年 | 2室1厅 | 101.85平米 | 南,https://ke-image.ljcdn.com/110000-inspection/770c67d1-140f-4896-94b2-ee3b0c87f88d_1000.jpg!m_fill,w_280,h_210,f_jpg?from=ke.com
20241017,亦庄开发区,马驹桥,101126846377,合生世界花园全南向两居室居住舒适度高满五唯一,290万,28739元/平,高楼层 (共11层) | 2013年 | 2室1厅 | 100.91平米 | 南,https://ke-image.ljcdn.com/110000-inspection/f81d6363-ff15-4c5f-a9b4-c6f6a3480cdd_1000.jpg!m_fill,w_280,h_210,f_jpg?from=ke.com
20241017,亦庄开发区,马驹桥,101126843905,珠江逸景全南低层好房装修好采光也好,310万,31936元/平,低楼层 (共15层) | 2010年 | 2室1厅 | 97.07平米 | 南,https://ke-image.ljcdn.com/110000-inspection/pc1_fd5QfXebi.jpg!m_fill,w_280,h_210,f_jpg?from=ke.com
20241017,亦庄开发区,马驹桥,101126824176,珠江别墅 小区环境好 封闭式管理 视野好 业主自住,619万,30018元/平,中楼层 (共4层) 4室2厅 | 206.21平米 | 南 北,https://ke-image.ljcdn.com/110000-inspection/pc1_e0DdcUgfM.jpg!m_fill,w_280,h_210,f_jpg?from=ke.com
20241017,亦庄开发区,马驹桥,101126818339,金地格林6 地上一二层有地下南院北厨入户,705万,44082元/平,底层 (共4层) 4室3厅 | 159.93平米 | 南 北,https://ke-image.ljcdn.com/110000-inspection/a6de3f3a-a090-4f57-a763-c7b655f18099_1000.jpg!m_fill,w_280,h_210,f_jpg?from=ke.com
20241017,亦庄开发区,马驹桥,101126814338,新海北里 3室1厅 南 北,201万,22103元/平,顶层 (共6层) | 2006年 | 3室1厅 | 90.94平米 | 南 北,https://ke-image.ljcdn.com/110000-inspection/pc1_bRKZQlXDu.jpg!m_fill,w_280,h_210,f_jpg?from=ke.com
20241017,亦庄开发区,马驹桥,101126814182,此房满五唯一  业主自住 保持干净 可随时看房,225万,23546元/平,低楼层 (共15层) 2室1厅 | 95.56平米 | 东,https://ke-image.ljcdn.com/110000-inspection/pc1_VRm009o0r.jpg!m_fill,w_280,h_210,f_jpg?from=ke.com
20241017,亦庄开发区,马驹桥,101126813808,珠江逸景 70年住宅 满五年唯一中高层 视野开阔,150万,26858元/平,高楼层 (共15层) 1室1厅 | 55.85平米 | 西北,https://ke-image.ljcdn.com/110000-inspection/pc1_DSWUbPrjs.jpg!m_fill,w_280,h_210,f_jpg?from=ke.com
20241017,亦庄开发区,马驹桥,101126796542,景盛北二街3号院20号融科香雪兰溪,560万,35581元/平,底层 (共8层) 4室2厅 | 157.39平米 | 南 北,https://ke-image.ljcdn.com/110000-inspection/b41413f5-89ed-4e1b-8ac2-f650a01b4e3d_1000.jpg!m_fill,w_280,h_210,f_jpg?from=ke.com
20241017,亦庄开发区,马驹桥,101126795970,融科香雪兰溪 客厅带大阳台 花园洋房大三居 有电梯,630万,39668元/平,低楼层 (共8层) 3室1厅 | 158.82平米 | 南 北,https://ke-image.ljcdn.com/110000-inspection/f0131465-dde4-46ab-8bb2-305fdbc893fb_1000.jpg!m_fill,w_280,h_210,f_jpg?from=ke.com
20241017,亦庄开发区,马驹桥,101126795737,融科香雪兰溪全南两居室 三面朝阳 中楼层 业主诚售,269万,32013元/平,中楼层 (共18层) 2室1厅 | 84.03平米 | 南,https://ke-image.ljcdn.com/110000-inspection/pc1_ENYvua8f7.jpg!m_fill,w_280,h_210,f_jpg?from=ke.com
20241017,亦庄开发区,马驹桥,101126788681,亦庄生活区 样本南北通透三居室三居室看房随时,490万,35451元/平,中楼层 (共6层) 3室1厅 | 138.22平米 | 南 北,https://ke-image.ljcdn.com/110000-inspection/8be8cc7d-e2ff-4153-91ce-f45ef8f0c960_1000.jpg!m_fill,w_280,h_210,f_jpg?from=ke.com
20241017,亦庄开发区,马驹桥,101126788565,一世情园  中楼层  三居室  满五唯一  不临街,359万,28295元/平,中楼层 (共5层) 3室1厅 | 126.88平米 | 南 北 西,https://ke-image.ljcdn.com/110000-inspection/f88d284f-f19f-4ba7-90a5-3fbd4f5c429e_1000.jpg!m_fill,w_280,h_210,f_jpg?from=ke.com
20241017,亦庄开发区,马驹桥,101126782815,宏仁家园 全南向两居室低楼层无遮挡 商品房满五年,205万,23418元/平,低楼层 (共28层) | 2013年 | 2室1厅 | 87.54平米 | 南,https://ke-image.ljcdn.com/110000-inspection/16b63d05-3f86-4a68-9e50-eb87a06a6448_1000.jpg!m_fill,w_280,h_210,f_jpg?from=ke.com
20241017,亦庄开发区,马驹桥,101126780225,亦庄橡树湾 南北通透 精装修 采光好 低楼层,386万,40744元/平,低楼层 (共12层) | 2022年 | 3室2厅 | 94.74平米 | 南 北,https://ke-image.ljcdn.com/110000-inspection/74e7003b-cb34-46ea-9660-c5bf1a3342ed_1000.jpg!m_fill,w_280,h_210,f_jpg?from=ke.com
20241017,亦庄开发区,马驹桥,101126771764,临水系联排别墅装修花费260万前后宽敞停车方便,980万,41389元/平,底层 (共4层) 5室2厅 | 236.78平米 | 南 北,https://ke-image.ljcdn.com/110000-inspection/c4d6303c-15f7-4458-8b55-4d16d610bc9d_1000.jpg!m_fill,w_280,h_210,f_jpg?from=ke.com
20241017,亦庄开发区,马驹桥,101126751941,景盛北二街3号院20号融科香雪兰溪,313万,36506元/平,中楼层 (共17层) | 2010年 | 2室1厅 | 85.74平米 | 南,https://ke-image.ljcdn.com/110000-inspection/bc0d00e0-f6d3-479c-b557-c7643fd51908_1000.jpg!m_fill,w_280,h_210,f_jpg?from=ke.com
20241017,亦庄开发区,马驹桥,101126747823,采光充足诚心出售 两个卫生间。,520万,31721元/平,中楼层 (共6层) 3室1厅 | 163.93平米 | 南 北,https://ke-image.ljcdn.com/110000-inspection/b67872b6-7170-4204-86dd-0f072c96d3e3_1000.jpg!m_fill,w_280,h_210,f_jpg?from=ke.com
20241017,亦庄开发区,马驹桥,101126747711,亦庄橡树湾 精装修一居室东朝向视野无遮挡.房主自荐,173万,32815元/平,底层 (共13层) | 2022年 | 1室1厅 | 52.72平米 | 东 西,https://ke-image.ljcdn.com/110000-inspection/f6c64f7d-abc7-455b-8f7d-7d3d74bf8a36_1000.jpg!m_fill,w_280,h_210,f_jpg?from=ke.com
20241017,亦庄开发区,马驹桥,101126747610,珠江逸景东向两居诚意出售。,229万,26536元/平,高楼层 (共14层) 2室1厅 | 86.3平米 | 东,https://ke-image.ljcdn.com/110000-inspection/pc1_FfwL5ihsC_2.jpg!m_fill,w_280,h_210,f_jpg?from=ke.com
20241017,亦庄开发区,马驹桥,101126746269,宏仁家园 3室1厅 南 北,235万,26426元/平,高楼层 (共28层) 3室1厅 | 88.93平米 | 南 北,https://ke-image.ljcdn.com/110000-inspection/pc1_JKsDKmXTA.jpg!m_fill,w_280,h_210,f_jpg?from=ke.com
20241017,亦庄开发区,马驹桥,101126744231,宏仁家园  高楼层 全明格局两居室 户型好看房预约,235万,27174元/平,高楼层 (共28层) | 2013年 | 2室1厅 | 86.48平米 | 西北,https://ke-image.ljcdn.com/110000-inspection/fbdc76e7-c71b-4703-9f94-36c6b2847739_1000.jpg!m_fill,w_280,h_210,f_jpg?from=ke.com
20241017,亦庄开发区,马驹桥,101126743484,亦庄新城融科香雪兰溪卧室双向朝南,265万,33121元/平,底层 (共20层) | 2011年 | 2室1厅 | 80.01平米 | 西南,https://ke-image.ljcdn.com/110000-inspection/pc1_aZtk6ASac_1.jpg!m_fill,w_280,h_210,f_jpg?from=ke.com
20241017,亦庄开发区,马驹桥,101126741695,合生世界花园 70年大产权商品房满五年唯一 看房提,298万,29532元/平,高楼层 (共11层) 2室1厅 | 100.91平米 | 南,https://ke-image.ljcdn.com/110000-inspection/pc1_75BZTRsOq.jpg!m_fill,w_280,h_210,f_jpg?from=ke.com
20241017,亦庄开发区,马驹桥,101126734993,亦庄新城 精装3居 满五唯一 南北通透 采光充足,308万,34756元/平,高楼层 (共20层) | 2011年 | 3室1厅 | 88.62平米 | 南 北,https://ke-image.ljcdn.com/110000-inspection/pc1_Ia34LNyko_1.jpg!m_fill,w_280,h_210,f_jpg?from=ke.com
20241017,亦庄开发区,马驹桥,101126734009,通州区马桥路228号院宏仁家园,230万,25468元/平,顶层 (共28层) | 2013年 | 2室1厅 | 90.31平米 | 东 南 西,https://ke-image.ljcdn.com/110000-inspection/6193ecde-13c2-4475-9b92-f32d703a5558_1000.jpg!m_fill,w_280,h_210,f_jpg?from=ke.com
20241017,亦庄开发区,马驹桥,101126728372,北京市通州区马驹桥融科香雪兰溪,235万,29342元/平,高楼层 (共20层) 2室1厅 | 80.09平米 | 西南,https://ke-image.ljcdn.com/110000-inspection/48c8a29c-3e33-40b6-a557-ad992b7775fc_1000.jpg!m_fill,w_280,h_210,f_jpg?from=ke.com
20241017,亦庄开发区,马驹桥,101126727599,珠江逸景满五唯一南北通透两居中间楼层。,249万,25793元/平,中楼层 (共11层) 2室1厅 | 96.54平米 | 南 北,https://ke-image.ljcdn.com/110000-inspection/cc4b8b89-0cd0-4ad4-99d5-d51e9e092fbd_1000.jpg!m_fill,w_280,h_210,f_jpg?from=ke.com
20241017,亦庄开发区,马驹桥,101126722629,通州区马桥路228号院,210万,24706元/平,低楼层 (共15层) | 2013年 | 2室1厅 | 85平米 | 南,https://ke-image.ljcdn.com/110000-inspection/17452a5c-2506-4f85-9644-5e85bf99c888_1000.jpg!m_fill,w_280,h_210,f_jpg?from=ke.com
20241017,亦庄开发区,马驹桥,101126722109,通州区马桥路228号院宏仁家园,180万,27427元/平,顶层 (共14层) | 2012年 | 1室1厅 | 65.63平米 | 东 南,https://ke-image.ljcdn.com/110000-inspection/pc1_ONMqyaiXM_1.jpg!m_fill,w_280,h_210,f_jpg?from=ke.com
20241017,亦庄开发区,马驹桥,101126713960,北京市通州区马驹桥融科香雪兰溪,305万,33935元/平,低楼层 (共17层) | 2010年 | 3室1厅 | 89.88平米 | 南 北,https://ke-image.ljcdn.com/110000-inspection/pc1_bos1V8A86.jpg!m_fill,w_280,h_210,f_jpg?from=ke.com
20241017,亦庄开发区,马驹桥,101126700498,亦庄科技服务小镇天鹅堡上叠别墅满五年唯一 随时看房房主自荐,568万,34854元/平,中楼层 (共4层) 4室2厅 | 162.97平米 | 南 北,https://ke-image.ljcdn.com/110000-inspection/871a5bd3-dc05-47ee-800d-a5e2f13a7546_1000.jpg!m_fill,w_280,h_210,f_jpg?from=ke.com
20241017,亦庄开发区,马驹桥,101126700169,亦庄新城 东南北通透三居室 全明格局 业主诚售,283万,32458元/平,中楼层 (共21层) | 2011年 | 3室1厅 | 87.19平米 | 东 南 北,https://ke-image.ljcdn.com/110000-inspection/pc1_TG7LSvdw6_1.jpg!m_fill,w_280,h_210,f_jpg?from=ke.com
20241017,亦庄开发区,马驹桥,101126699908,顶层复式 满五年唯一 楼层高 视野开阔 南北通透,630万,35489元/平,顶层 (共10层) | 2011年 | 4室2厅 | 177.52平米 | 南 北,https://ke-image.ljcdn.com/110000-inspection/6a988534-61ec-4d73-b58f-e4f6b5a9a6ff_1000.jpg!m_fill,w_280,h_210,f_jpg?from=ke.com
20241017,亦庄开发区,马驹桥,101126697696,此房精装修双卫格局满五唯一业主诚心出售,260万,26738元/平,低楼层 (共15层) | 2009年 | 2室1厅 | 97.24平米 | 南,https://ke-image.ljcdn.com/110000-inspection/62d4e76e-ee76-4cca-9f68-da8d96dab40a_1000.jpg!m_fill,w_280,h_210,f_jpg?from=ke.com
20241017,亦庄开发区,马驹桥,101126695439,亦庄橡树湾 1室1厅 南 北,255万,39801元/平,底层 (共10层) | 2022年 | 1室1厅 | 64.07平米 | 南 北,https://ke-image.ljcdn.com/110000-inspection/pc1_RvuDvfyOs.jpg!m_fill,w_280,h_210,f_jpg?from=ke.com
20241017,亦庄开发区,马驹桥,101126694745,珠江逸景家园新上2居室高楼层视野好,239万,24780元/平,顶层 (共15层) | 2010年 | 2室1厅 | 96.45平米 | 东北,https://ke-image.ljcdn.com/110000-inspection/pc1_z25YHS94E_1.jpg!m_fill,w_280,h_210,f_jpg?from=ke.com
20241017,亦庄开发区,马驹桥,101126690752,珠江逸景家园 南北通透三居室业主诚心出售,380万,29166元/平,顶层 (共14层) | 2009年 | 3室1厅 | 130.29平米 | 南 北,https://ke-image.ljcdn.com/110000-inspection/256cac64-7920-4975-b1dc-d610fcefa648_1000.jpg!m_fill,w_280,h_210,f_jpg?from=ke.com
20241017,亦庄开发区,马驹桥,101126678781,亦庄新城 朝南两居 中间楼层 满五唯一商品房,235万,29884元/平,中楼层 (共20层) | 2011年 | 2室1厅 | 78.64平米 | 南,https://ke-image.ljcdn.com/110000-inspection/pc1_8bfn3Qdck.jpg!m_fill,w_280,h_210,f_jpg?from=ke.com
20241017,亦庄开发区,马驹桥,101126678259,东亚瑞晶苑全明格局2居室业主诚心出售,199万,25048元/平,底层 (共21层) | 2011年 | 2室1厅 | 79.45平米 | 东南 北,https://ke-image.ljcdn.com/110000-inspection/8b0a0d7f-06dd-42ba-a1c0-3dd7688a7640_1000.jpg!m_fill,w_280,h_210,f_jpg?from=ke.com
20241017,亦庄开发区,马驹桥,101126671524,珠江逸景南向两居室 采光发没遮挡 看房方便,269万,27949元/平,低楼层 (共14层) | 2009年 | 2室1厅 | 96.25平米 | 南,https://ke-image.ljcdn.com/110000-inspection/pc1_nVpEe91bk.jpg!m_fill,w_280,h_210,f_jpg?from=ke.com
20241017,亦庄开发区,马驹桥,101126667833,融科钧廷   南向大两居室  采光充足,335万,32789元/平,中楼层 (共20层) | 2011年 | 2室1厅 | 102.17平米 | 南,https://ke-image.ljcdn.com/110000-inspection/pc1_33RvM1zEh_1.jpg!m_fill,w_280,h_210,f_jpg?from=ke.com
20241017,亦庄开发区,马驹桥,101126626630,合生世界村 南向满五 业主诚心卖,248万,26451元/平,低楼层 (共14层) | 2011年 | 2室1厅 | 93.76平米 | 南,https://ke-image.ljcdn.com/110000-inspection/pc1_KogEw5niT.jpg!m_fill,w_280,h_210,f_jpg?from=ke.com
20241017,亦庄开发区,马驹桥,101126613887,亦庄科技服务小镇宏仁家园全南两居室满五年唯一 急售,249万,28174元/平,中楼层 (共20层) | 2013年 | 2室1厅 | 88.38平米 | 南,https://ke-image.ljcdn.com/110000-inspection/571b8f99-dc6c-492f-abb3-b37ace78e85a_1000.jpg!m_fill,w_280,h_210,f_jpg?from=ke.com
20241017,亦庄开发区,马驹桥,101126612377,此房是满五年唯一 南北通透包含两个车精装修房主自荐,940万,40226元/平,底层 (共3层) 6室2厅 | 233.68平米 | 南 北,https://ke-image.ljcdn.com/110000-inspection/pc1_Tnix2EOn9.jpg!m_fill,w_280,h_210,f_jpg?from=ke.com
20241017,亦庄开发区,马驹桥,101126609369,精装修两居室 南卧室带拐角飘窗 楼层高 视野好,235万,29445元/平,高楼层 (共21层) | 2011年 | 2室1厅 | 79.81平米 | 西 南 北,https://ke-image.ljcdn.com/110000-inspection/bc0564a6-19c0-4fd9-bc6e-f37fa9d1ec77_1000.jpg!m_fill,w_280,h_210,f_jpg?from=ke.com
20241017,亦庄开发区,马驹桥,101126605213,满五唯一南北通透户型方正居住舒适,348万,27310元/平,中楼层 (共5层) 3室1厅 | 127.43平米 | 东 南 北,https://ke-image.ljcdn.com/110000-inspection/314629bf-e750-48c1-baf7-3913229d55bd_1000.jpg!m_fill,w_280,h_210,f_jpg?from=ke.com
20241017,亦庄开发区,马驹桥,101126592889,亦庄新城 顶层复式 满五年唯一 高楼层 南北通透,600万,33569元/平,顶层 (共11层) 4室1厅 | 178.74平米 | 南 北,https://ke-image.ljcdn.com/110000-inspection/c0426f0a-8785-46e2-a064-56ff214a77c7_1000.jpg!m_fill,w_280,h_210,f_jpg?from=ke.com
20241017,亦庄开发区,马驹桥,101126585350,亦庄新城融科香雪兰溪三面朝阳采光好诚心出售,265万,31151元/平,低楼层 (共21层) 2室1厅 | 85.07平米 | 南,https://ke-image.ljcdn.com/110000-inspection/pc1_v5BAXQCaj.jpg!m_fill,w_280,h_210,f_jpg?from=ke.com
20241017,亦庄开发区,马驹桥,101126556882,天鹅堡 7室2厅 北 南,1180万,34524元/平,底层 (共3层) 7室2厅 | 341.8平米 | 北 南,https://ke-image.ljcdn.com/110000-inspection/pc1_dhk7mGXXg.jpg!m_fill,w_280,h_210,f_jpg?from=ke.com
20241017,亦庄开发区,马驹桥,101126512509,南北通透四居室满五唯一中间楼层,430万,29570元/平,中楼层 (共6层) | 2007年 | 4室1厅 | 145.42平米 | 南 北,https://ke-image.ljcdn.com/110000-inspection/e2260635-1a88-46e5-9fcc-2c824465e74b_1000.jpg!m_fill,w_280,h_210,f_jpg?from=ke.com
20241017,亦庄开发区,马驹桥,101126508886,此房精装修双卫格局满五年业主诚心出售,225万,23172元/平,低楼层 (共15层) 2室1厅 | 97.1平米 | 东南,https://ke-image.ljcdn.com/110000-inspection/866a70ef-d24b-428f-8f52-55d9b2c7e816_1000.jpg!m_fill,w_280,h_210,f_jpg?from=ke.com
20241017,亦庄开发区,马驹桥,101126464058,金地格林6 3室2厅 南 北,700万,33043元/平,底层 (共5层) 3室2厅 | 211.85平米 | 南 北,https://ke-image.ljcdn.com/110000-inspection/0a8c02b6-1e48-4277-86e9-dc34502a8a66_1000.jpg!m_fill,w_280,h_210,f_jpg?from=ke.com
20241017,亦庄开发区,马驹桥,101126448557,房子满五唯一复式横厅；南北通透视野开阔；不临街,470万,24300元/平,顶层 (共6层) 6室1厅 | 193.42平米 | 南 北,https://ke-image.ljcdn.com/110000-inspection/pc1_8Cpe5AuBi.jpg!m_fill,w_280,h_210,f_jpg?from=ke.com
20241017,亦庄开发区,马驹桥,101126408145,亦庄新城 融科香雪兰溪 全南俩居,290万,34090元/平,中楼层 (共21层) | 2011年 | 2室1厅 | 85.07平米 | 南,https://ke-image.ljcdn.com/110000-inspection/371570e6-16c6-47c3-a7aa-2826433bda89_1000.jpg!m_fill,w_280,h_210,f_jpg?from=ke.com
20241017,亦庄开发区,马驹桥,101126405162,亦庄马驹桥天鹅堡别墅 真正拎包入住 室内加装电梯,1050万,44338元/平,底层 (共3层) 4室3厅 | 236.82平米 | 南 北,https://ke-image.ljcdn.com/110000-inspection/b66946f2-4633-44a3-b13c-d4d1819af48b_1000.jpg!m_fill,w_280,h_210,f_jpg?from=ke.com
20241017,亦庄开发区,马驹桥,101126384290,亦庄开发区 花园洋房 电梯房 有花园 阳台 地下室房主自荐,630万,39668元/平,低楼层 (共8层) 3室1厅 | 158.82平米 | 南 北,https://ke-image.ljcdn.com/110000-inspection/pc1_0vlV1wvvO.jpg!m_fill,w_280,h_210,f_jpg?from=ke.com
20241017,亦庄开发区,马驹桥,101126378376,合生世界村小三居室二次装修保持好满五唯一,260万,26841元/平,中楼层 (共14层) 3室1厅 | 96.87平米 | 西北,https://ke-image.ljcdn.com/110000-inspection/226cfa59-33cd-41ce-81b1-0eabe103837b_1000.jpg!m_fill,w_280,h_210,f_jpg?from=ke.com
20241017,亦庄开发区,马驹桥,101126376716,融科钧廷197.7平米南北大三居。,695万,35155元/平,顶层 (共11层) 3室1厅 | 197.7平米 | 南 北,https://ke-image.ljcdn.com/110000-inspection/2df72b3d-3cc5-4e1b-85db-b9498993e441_1000.jpg!m_fill,w_280,h_210,f_jpg?from=ke.com
20241017,亦庄开发区,马驹桥,101126367203,珠江逸景 东西通透 双面采光  满五年唯一,239万,26351元/平,低楼层 (共14层) 2室1厅 | 90.7平米 | 东 西,https://ke-image.ljcdn.com/110000-inspection/pc1_dZdJVBW5c.jpg!m_fill,w_280,h_210,f_jpg?from=ke.com
20241017,亦庄开发区,马驹桥,101126355548,合生世界村全南向精装自住房高层无遮挡视野开阔,250万,25636元/平,顶层 (共14层) | 2011年 | 2室1厅 | 97.52平米 | 南,https://ke-image.ljcdn.com/110000-inspection/49e458ae-0722-4fe3-8fac-b4a65713dc5f_1000.jpg!m_fill,w_280,h_210,f_jpg?from=ke.com
20241017,亦庄开发区,马驹桥,101126353032,亦庄橡树湾 南北一居室   明厨明卫  前后无遮挡房主自荐,228万,36492元/平,底层 (共9层) | 2022年 | 1室1厅 | 62.48平米 | 南 北,https://ke-image.ljcdn.com/110000-inspection/ea9598c4-3a98-4fa2-9530-11b1dedfb2e3_1000.jpg!m_fill,w_280,h_210,f_jpg?from=ke.com
20241017,亦庄开发区,马驹桥,101126344425,珠江逸景一层南北通透户型全款房本在产权清晰无抵押,535万,35594元/平,底层 (共11层) 4室2厅 | 150.31平米 | 南 北,https://ke-image.ljcdn.com/110000-inspection/7c640d6a-e319-432a-b14f-8009812862bf_1000.jpg!m_fill,w_280,h_210,f_jpg?from=ke.com
20241017,亦庄开发区,马驹桥,101126335934,亦庄橡树湾 南北三居室业主自住  保持好看房方便,410万,43571元/平,低楼层 (共15层) | 2022年 | 3室1厅 | 94.1平米 | 南 北,https://ke-image.ljcdn.com/110000-inspection/ccbeff41-5a49-4b5f-9ffa-48478bf8d8d3_1000.jpg!m_fill,w_280,h_210,f_jpg?from=ke.com
20241017,亦庄开发区,马驹桥,101126329314,小区中间位置。南北通透两居室户型方正居住舒适,310万,28433元/平,中楼层 (共5层) 2室2厅 | 109.03平米 | 南 北,https://ke-image.ljcdn.com/110000-inspection/pc1_PSnfN726u.jpg!m_fill,w_280,h_210,f_jpg?from=ke.com
20241017,亦庄开发区,马驹桥,101126285404,一世情园小区中间位置二层南北通透的两居室满五,292万,26782元/平,中楼层 (共5层) 2室2厅 | 109.03平米 | 南 北,https://ke-image.ljcdn.com/110000-inspection/pc1_WRUTIJ8T3.jpg!m_fill,w_280,h_210,f_jpg?from=ke.com
20241017,亦庄开发区,马驹桥,101126275803,莲水怡园 满五唯一 南北通透 采光好 无户口,246万,26953元/平,高楼层 (共6层) | 2007年 | 2室1厅 | 91.27平米 | 东 南 北,https://ke-image.ljcdn.com/110000-inspection/ede58e0a-c501-4c45-99ef-b7e45f64b163_1000.jpg!m_fill,w_280,h_210,f_jpg?from=ke.com
20241017,亦庄开发区,马驹桥,101126248515,金地格林6 3室2厅 南 北,700万,43699元/平,底层 (共5层) | 2008年 | 3室2厅 | 160.19平米 | 南 北,https://ke-image.ljcdn.com/110000-inspection/79fe7599-402b-4e6f-babe-5994c02fa171_1000.jpg!m_fill,w_280,h_210,f_jpg?from=ke.com
20241017,亦庄开发区,马驹桥,101126200717,东亚瑞晶苑,235万,29906元/平,中楼层 (共21层) 2室1厅 | 78.58平米 | 南 北,https://ke-image.ljcdn.com/110000-inspection/ee7729a5-6e29-4645-a64c-5e623f9fdc2f_1000.jpg!m_fill,w_280,h_210,f_jpg?from=ke.com
20241017,亦庄开发区,马驹桥,101126178372,天鹅堡 4室2厅 采光好 看房方便,998万,41418元/平,底层 (共3层) 4室2厅 | 240.96平米 | 南 西 北,https://ke-image.ljcdn.com/110000-inspection/pc1_JndNAFaLH.jpg!m_fill,w_280,h_210,f_jpg?from=ke.com
20241017,亦庄开发区,马驹桥,101126159430,样本 2室2厅 南 北,370万,34532元/平,中楼层 (共6层) 2室2厅 | 107.15平米 | 南 北,https://ke-image.ljcdn.com/110000-inspection/0499bceb-f6ad-472f-b970-9c7f8775c0c3_1000.jpg!m_fill,w_280,h_210,f_jpg?from=ke.com
20241017,亦庄开发区,马驹桥,101126130434,融科钧廷 品质社区 东南通透  满五唯一 大三居,380万,31184元/平,低楼层 (共20层) | 2011年 | 3室1厅 | 121.86平米 | 东 南,https://ke-image.ljcdn.com/110000-inspection/f67c26c3-7a65-4b0d-919a-0c007b28e141_1000.jpg!m_fill,w_280,h_210,f_jpg?from=ke.com
20241017,亦庄开发区,马驹桥,101126121967,宏仁家园  高楼层  南北通透  精装修  东边户,218万,25121元/平,高楼层 (共28层) | 2013年 | 2室1厅 | 86.78平米 | 南 北,https://ke-image.ljcdn.com/110000-inspection/a5ac293a-273c-432d-ba89-902268a1d11d_1000.jpg!m_fill,w_280,h_210,f_jpg?from=ke.com
20241017,亦庄开发区,马驹桥,101126073563,珠江逸景 西北向三居室 高楼层采光好 满五年唯一,245万,24950元/平,高楼层 (共14层) | 2010年 | 3室1厅 | 98.2平米 | 西北,https://ke-image.ljcdn.com/110000-inspection/a113ec29-2893-4ebb-84cb-69f925167138_1000.jpg!m_fill,w_280,h_210,f_jpg?from=ke.com
20241017,亦庄开发区,马驹桥,101126015324,融科香雪兰溪不临六环满五唯一南北通透明厨明卫,410万,31356元/平,高楼层 (共18层) | 2011年 | 3室2厅 | 130.76平米 | 南 北,https://ke-image.ljcdn.com/110000-inspection/pc1_k6Hj6vTHu_2.jpg!m_fill,w_280,h_210,f_jpg?from=ke.com
20241017,亦庄开发区,马驹桥,101126001723,莲水怡园房子满二年无个 南北通透无抵押 无户口房主自荐,199万,29141元/平,底层 (共6层) | 2003年 | 1室1厅 | 68.29平米 | 南 北,https://ke-image.ljcdn.com/110000-inspection/pc1_Jsr218SFH.jpg!m_fill,w_280,h_210,f_jpg?from=ke.com
20241017,亦庄开发区,马驹桥,101125951756,新海北里 南北通透三居室满五唯一业主诚心出售,355万,33030元/平,底层 (共6层) | 2006年 | 3室2厅 | 107.48平米 | 南 北,https://ke-image.ljcdn.com/110000-inspection/ccf98166-e35c-4212-bcde-5c8f404bbdfd_1000.jpg!m_fill,w_280,h_210,f_jpg?from=ke.com
20241017,亦庄开发区,马驹桥,101125940917,融科钧廷 南向一居室 满五唯一 中高楼层,210万,37927元/平,高楼层 (共11层) | 2014年 | 1室1厅 | 55.37平米 | 南,https://ke-image.ljcdn.com/110000-inspection/bbe6f111-622f-4634-9595-3ce055e79863_1000.jpg!m_fill,w_280,h_210,f_jpg?from=ke.com
20241017,亦庄开发区,马驹桥,101125935228,样本 3室2厅 南 北,485万,32610元/平,低楼层 (共6层) 3室2厅 | 148.73平米 | 南 北,https://ke-image.ljcdn.com/110000-inspection/0d177a3a-3f9d-4090-b9d3-a6909006d020_1000.jpg!m_fill,w_280,h_210,f_jpg?from=ke.com
20241017,亦庄开发区,马驹桥,101125914378,新装修 西边户一楼带2个卧室 200平院 满五唯一,1100万,39560元/平,底层 (共4层) 4室2厅 | 278.06平米 | 南 北,https://ke-image.ljcdn.com/110000-inspection/6a7e2d41-c70d-439e-b24a-277e6b69eb06_1000.jpg!m_fill,w_280,h_210,f_jpg?from=ke.com
20241017,亦庄开发区,马驹桥,101125868200,通州区马桥路228号院宏仁家园,201万,23463元/平,低楼层 (共28层) | 2013年 | 2室1厅 | 85.67平米 | 西,https://ke-image.ljcdn.com/110000-inspection/4dc45095-e19d-4a32-bf18-0e38888d844e_1000.jpg!m_fill,w_280,h_210,f_jpg?from=ke.com
20241017,亦庄开发区,马驹桥,101125866618,天鹅堡 4室2厅 南 北,1160万,34390元/平,底层 (共3层) | 2011年 | 4室2厅 | 337.31平米 | 南 北,https://ke-image.ljcdn.com/110000-inspection/197fc052-7321-4d84-9b87-cd70f8d80dee_1000.jpg!m_fill,w_280,h_210,f_jpg?from=ke.com
20241017,亦庄开发区,马驹桥,101125851935,珠江逸景 西向高楼层 采光好无遮挡 满五年唯一,160万,28309元/平,高楼层 (共14层) 1室1厅 | 56.52平米 | 西,https://ke-image.ljcdn.com/110000-inspection/dd152a14-769c-47f8-8ae1-a7c38ac88765_1000.jpg!m_fill,w_280,h_210,f_jpg?from=ke.com
20241017,亦庄开发区,马驹桥,101125833582,亦庄新城板块 南北3居 满五年唯一 精装修无遮挡,338万,37774元/平,高楼层 (共17层) 3室1厅 | 89.48平米 | 南 北,https://ke-image.ljcdn.com/110000-inspection/7fa39d67-b128-4f42-bc23-966e45ec97dc_1000.jpg!m_fill,w_280,h_210,f_jpg?from=ke.com
20241017,亦庄开发区,马驹桥,101125793348,融科香雪兰溪 电梯洋房 一梯两户 三面朝阳户型方正,610万,38438元/平,中楼层 (共4层) 3室1厅 | 158.7平米 | 南 北,https://ke-image.ljcdn.com/110000-inspection/314b22ee-3eb7-43c9-8d1e-9983e6654b8a_1000.jpg!m_fill,w_280,h_210,f_jpg?from=ke.com
20241017,亦庄开发区,马驹桥,101125791305,东亚瑞晶苑 全南向 高楼层采光好 满五唯一,245万,31318元/平,中楼层 (共21层) | 2011年 | 2室1厅 | 78.23平米 | 南,https://ke-image.ljcdn.com/110000-inspection/7bd179fb-165e-4475-8427-0f2ac51b70dd_1000.jpg!m_fill,w_280,h_210,f_jpg?from=ke.com
20241017,亦庄开发区,马驹桥,101125788543,宏仁家园两居室超精装修东西朝向,239万,26663元/平,底层 (共28层) | 2013年 | 2室1厅 | 89.64平米 | 东 西,https://ke-image.ljcdn.com/110000-inspection/pc1_bAhicgaAH_2.jpg!m_fill,w_280,h_210,f_jpg?from=ke.com
20241017,亦庄开发区,马驹桥,101125755317,满五年唯一全南向两居室 精装 客厅八角落地窗 刚需,288万,29141元/平,低楼层 (共11层) | 2010年 | 2室1厅 | 98.83平米 | 南,https://ke-image.ljcdn.com/110000-inspection/pc1_m6LMKiXb2.jpg!m_fill,w_280,h_210,f_jpg?from=ke.com
20241017,亦庄开发区,马驹桥,101125753247,合生世界花园 南北通透精装三居三卫 户型方正,435万,28107元/平,高楼层 (共18层) 3室2厅 | 154.77平米 | 南 北,https://ke-image.ljcdn.com/110000-inspection/f9969c40-b75f-4707-83b6-53820fde7eae_1000.jpg!m_fill,w_280,h_210,f_jpg?from=ke.com
20241017,亦庄开发区,马驹桥,101125752594,珠江逸景全南向精装修大产权 采光好 小区中间位置好,480万,16284元/平,底层 (共14层) | 2009年 | 7室1厅 | 294.77平米 | 南 北,https://ke-image.ljcdn.com/110000-inspection/pc1_lvrtXQSZp.jpg!m_fill,w_280,h_210,f_jpg?from=ke.com
20241017,亦庄开发区,马驹桥,101125751428,融科钧廷南北通透三居中高层 满五年唯一交易有契税,480万,35795元/平,高楼层 (共20层) | 2011年 | 3室2厅 | 134.1平米 | 南 北,https://ke-image.ljcdn.com/110000-inspection/pc1_TAIEj0nDD.jpg!m_fill,w_280,h_210,f_jpg?from=ke.com
20241017,亦庄开发区,马驹桥,101125727906,北区地上两层 边户 单层面积大 带车库 安静舒适,950万,32588元/平,底层 (共2层) 3室2厅 | 291.52平米 | 南 北,https://ke-image.ljcdn.com/110000-inspection/b41024cf-3af5-4a89-8239-407dfd4040eb_1000.jpg!m_fill,w_280,h_210,f_jpg?from=ke.com
20241017,亦庄开发区,马驹桥,101125719858,珠江逸景南北通透两居室满五唯一 看房方便,260万,27546元/平,高楼层 (共14层) 2室1厅 | 94.39平米 | 南 北,https://ke-image.ljcdn.com/110000-inspection/pc1_ZsmXjicR7.jpg!m_fill,w_280,h_210,f_jpg?from=ke.com
20241017,亦庄开发区,马驹桥,101125713543,融科香雪兰溪 满五年唯一 南北通透 诚心出售,290万,32669元/平,低楼层 (共21层) | 2011年 | 3室1厅 | 88.77平米 | 南 北,https://ke-image.ljcdn.com/110000-inspection/pc1_XZyYYAYjh_2.jpg!m_fill,w_280,h_210,f_jpg?from=ke.com
20241017,亦庄开发区,马驹桥,101125698769,莲水怡园高楼层大两居南北通透,280万,30912元/平,顶层 (共6层) | 2007年 | 2室1厅 | 90.58平米 | 南 北,https://ke-image.ljcdn.com/110000-inspection/aa41c4b5-970b-4871-b82f-5e6af1ddfc0c_1000.jpg!m_fill,w_280,h_210,f_jpg?from=ke.com
20241017,亦庄开发区,马驹桥,101125691502,珠江逸景三居室,330万,25409元/平,顶层 (共14层) 3室1厅 | 129.88平米 | 南 北,https://ke-image.ljcdn.com/110000-inspection/pc1_wShh6VA7e.jpg!m_fill,w_280,h_210,f_jpg?from=ke.com
20241017,亦庄开发区,马驹桥,101125678989,满五唯一 南北通透 眼镜户型 楼层好 采光充足,259万,22957元/平,中楼层 (共6层) 3室1厅 | 112.82平米 | 南 北,https://ke-image.ljcdn.com/110000-inspection/e0ea9d76-e208-423d-830c-c9546308d102_1000.jpg!m_fill,w_280,h_210,f_jpg?from=ke.com
20241017,亦庄开发区,马驹桥,101125668532,新海北里精装修诚心出售采光充足,310万,28851元/平,顶层 (共6层) | 2006年 | 3室2厅 | 107.45平米 | 南 北,https://ke-image.ljcdn.com/110000-inspection/939bf8e6-c894-4023-8d8c-8ee2ce62367b_1000.jpg!m_fill,w_280,h_210,f_jpg?from=ke.com
20241017,亦庄开发区,马驹桥,101125638577,天鹅堡地上三层半地下一层联排别墅精装修业主诚心售,820万,34829元/平,底层 (共3层) | 2010年 | 3室2厅 | 235.44平米 | 南 北,https://ke-image.ljcdn.com/110000-inspection/4ef4908c-626b-4a5b-8e34-d3d5366bca2b_1000.jpg!m_fill,w_280,h_210,f_jpg?from=ke.com
20241017,亦庄开发区,马驹桥,101125605551,满五唯一 电梯洋房 下跃4居 南北双入户 精装修,770万,48710元/平,低楼层 (共6层) 4室2厅 | 158.08平米 | 南 北,https://ke-image.ljcdn.com/110000-inspection/pc1_a2itz7APF.jpg!m_fill,w_280,h_210,f_jpg?from=ke.com
20241017,亦庄开发区,马驹桥,101125595368,米拉小镇低楼层满五唯一精装修两居室房主自荐,284万,32015元/平,底层 (共25层) | 2012年 | 2室1厅 | 88.71平米 | 南,https://ke-image.ljcdn.com/110000-inspection/69bacb29-6aab-484d-8b8e-adcd0456f7af_1000.jpg!m_fill,w_280,h_210,f_jpg?from=ke.com
20241017,亦庄开发区,马驹桥,101125582515,亦庄橡树湾东西向两居室精装修高楼层无遮挡,315万,39578元/平,中楼层 (共12层) 2室2厅 | 79.59平米 | 东 西,https://ke-image.ljcdn.com/110000-inspection/7c341d72-c845-4224-bef5-6aa6e91ae2c6_1000.jpg!m_fill,w_280,h_210,f_jpg?from=ke.com
20241017,亦庄开发区,马驹桥,101125578744,金地格林小镇6满五唯一有河有绿化,625万,36621元/平,中楼层 (共5层) 3室1厅 | 170.67平米 | 南 北,https://ke-image.ljcdn.com/110000-inspection/41b109c0-853b-4499-b6e0-bafb668935ca_1000.jpg!m_fill,w_280,h_210,f_jpg?from=ke.com
20241017,亦庄开发区,马驹桥,101125546458,样本 2室1厅 南 北,359万,32903元/平,高楼层 (共6层) | 2006年 | 2室1厅 | 109.11平米 | 南 北,https://ke-image.ljcdn.com/110000-inspection/6b25eafb-2830-4f6c-88a5-95afc0f2e17a_1000.jpg!m_fill,w_280,h_210,f_jpg?from=ke.com
20241017,亦庄开发区,马驹桥,101125545627,米拉小镇  精装修  带电梯  小户型观景,182万,42120元/平,高楼层 (共18层) | 2012年 | 1室0厅 | 43.21平米 | 西,https://ke-image.ljcdn.com/110000-inspection/b9f31182-9609-4bb5-8bd1-954cc9530776_1000.jpg!m_fill,w_280,h_210,f_jpg?from=ke.com
20241017,亦庄开发区,马驹桥,101125541798,莲水怡园  小户型  精装修  南向  带电梯,223万,36332元/平,中楼层 (共12层) | 2005年 | 1室0厅 | 61.38平米 | 南,https://ke-image.ljcdn.com/110000-inspection/pc1_uoIBrDSB1.jpg!m_fill,w_280,h_210,f_jpg?from=ke.com
20241017,亦庄开发区,马驹桥,101125533157,金地格林6 2室1厅 东 南,355万,36493元/平,底层 (共9层) 2室1厅 | 97.28平米 | 东 南,https://ke-image.ljcdn.com/110000-inspection/7854a63b-f85e-4160-aa74-2c225c6b31df_1000.jpg!m_fill,w_280,h_210,f_jpg?from=ke.com
20241017,亦庄开发区,马驹桥,101125531908,珠江逸景南北通透二居业主自住房随时看满5唯一,261万,27740元/平,高楼层 (共14层) | 2009年 | 2室1厅 | 94.09平米 | 南 北,https://ke-image.ljcdn.com/110000-inspection/31066d4a-1754-4035-9972-cc7ed1efccd2_1000.jpg!m_fill,w_280,h_210,f_jpg?from=ke.com
20241017,亦庄开发区,马驹桥,101125527691,金地格林6 南北通透三居室满五年唯一 全明格局,525万,36421元/平,低楼层 (共10层) 3室2厅 | 144.15平米 | 南 北,https://ke-image.ljcdn.com/110000-inspection/pc1_J5vDbiY4D.jpg!m_fill,w_280,h_210,f_jpg?from=ke.com
20241017,亦庄开发区,马驹桥,101125503041,样本 5室3厅 南 北,999万,35543元/平,底层 (共6层) 5室3厅 | 281.07平米 | 南 北,https://ke-image.ljcdn.com/110000-inspection/pc1_EZ7Oizk8L.jpg!m_fill,w_280,h_210,f_jpg?from=ke.com
20241017,亦庄开发区,马驹桥,101125501321,神龙辛屯精装低层两居业主诚心出售价格可谈！！！房主自荐,210万,25120元/平,中楼层 (共7层) | 1997年 | 2室2厅 | 83.6平米 | 南 北,https://ke-image.ljcdn.com/110000-inspection/pc1_DHL4VPaaU_1.jpg!m_fill,w_280,h_210,f_jpg?from=ke.com
20241017,亦庄开发区,马驹桥,101125494068,洋房4居、满五唯一一层下跃地下室多一间房,630万,40077元/平,底层 (共6层) 4室2厅 | 157.2平米 | 南 北,https://ke-image.ljcdn.com/110000-inspection/e3954c96-e093-4a36-af6c-c05ac66e8a33_1000.jpg!m_fill,w_280,h_210,f_jpg?from=ke.com
20241017,亦庄开发区,马驹桥,101125489781,复式大面宽双天台采光好装修好使用面积大,520万,31700元/平,顶层 (共6层) 4室2厅 | 164.04平米 | 南 北,https://ke-image.ljcdn.com/110000-inspection/pc1_mJcpeVKST.jpg!m_fill,w_280,h_210,f_jpg?from=ke.com
20241017,亦庄开发区,马驹桥,101125487287,满五唯一 南北通透 高楼层复式 精装自己住,750万,37482元/平,顶层 (共20层) | 2011年 | 3室1厅 | 200.1平米 | 南 北,https://ke-image.ljcdn.com/110000-inspection/7a227b47-bec0-4e59-a6af-a75645caed87_1000.jpg!m_fill,w_280,h_210,f_jpg?from=ke.com
20241017,亦庄开发区,马驹桥,101125486643,金地格林6 6室1厅 南 北,670万,36309元/平,顶层 (共9层) 6室1厅 | 184.53平米 | 南 北,https://ke-image.ljcdn.com/110000-inspection/81437ffe-5d02-403b-8aef-c701c363cef3_1000.jpg!m_fill,w_280,h_210,f_jpg?from=ke.com
20241017,亦庄开发区,马驹桥,101125474527,亦庄新城马驹桥 珠江逸景家园 正南双卫下月、跃,460万,46554元/平,底层 (共11层) | 2010年 | 5室1厅 | 98.81平米 | 南 北,https://ke-image.ljcdn.com/110000-inspection/pc1_nwnGyzfe8.jpg!m_fill,w_280,h_210,f_jpg?from=ke.com
20241017,亦庄开发区,马驹桥,101125463353,天鹅堡联排别墅四层单层200平 精装修带电梯房主自荐,1679万,66683元/平,底层 (共3层) 10室5厅 | 251.79平米 | 南 北,https://ke-image.ljcdn.com/110000-inspection/c71409d2-8482-447c-9907-f8518322ef89_1000.jpg!m_fill,w_280,h_210,f_jpg?from=ke.com
20241017,亦庄开发区,马驹桥,101125450971,精装别墅 实得面积350平以上 南化园60平 诚售房主自荐,890万,36052元/平,底层 (共3层) 4室2厅 | 246.87平米 | 南 北,https://ke-image.ljcdn.com/110000-inspection/a8465014-5975-4a55-b3b8-49b0121ecf19_1000.jpg!m_fill,w_280,h_210,f_jpg?from=ke.com
20241017,亦庄开发区,马驹桥,101125421462,新海北里  中楼层  满五唯一  南北通透,220万,32861元/平,中楼层 (共6层) | 2006年 | 1室1厅 | 66.95平米 | 南 北,https://ke-image.ljcdn.com/110000-inspection/pc1_VscJR2vbA.jpg!m_fill,w_280,h_210,f_jpg?from=ke.com
20241017,亦庄开发区,马驹桥,101125413453,融科钧廷 3室2厅 南 北,520万,32179元/平,低楼层 (共11层) 3室2厅 | 161.6平米 | 南 北,https://ke-image.ljcdn.com/110000-inspection/85decedb-b8d0-4d95-af5b-3ba354666096_1000.jpg!m_fill,w_280,h_210,f_jpg?from=ke.com
20241017,亦庄开发区,马驹桥,101125405850,亦庄新城南北通透两居满五唯一商品房 前后无遮挡房主自荐,229万,25210元/平,中楼层 (共14层) | 2009年 | 2室1厅 | 90.84平米 | 南 北,https://ke-image.ljcdn.com/110000-inspection/0d13d3d9-6a39-4009-a9b3-23d0c1e8ce6b_1000.jpg!m_fill,w_280,h_210,f_jpg?from=ke.com
20241017,亦庄开发区,马驹桥,101125402430,精装三居 满五唯一 中间楼层 采光充足 明厨明卫,410万,33709元/平,中楼层 (共20层) 3室1厅 | 121.63平米 | 南 西,https://ke-image.ljcdn.com/110000-inspection/ef3cf644-1720-4620-979d-91326767b9eb_1000.jpg!m_fill,w_280,h_210,f_jpg?from=ke.com
20241017,亦庄开发区,马驹桥,101125330581,宏仁家园  两居室  户型方正,200万,24415元/平,高楼层 (共28层) | 2013年 | 2室1厅 | 81.92平米 | 西南,https://ke-image.ljcdn.com/110000-inspection/a71adf08-f636-4aa8-838d-204d4f38ed06_1000.jpg!m_fill,w_280,h_210,f_jpg?from=ke.com
20241017,亦庄开发区,马驹桥,101125297757,珠江逸景 车位,16万,5729元/平,地下室 (共14层) | 2007年 | 1室0厅 | 27.93平米 | 南,https://ke-image.ljcdn.com/110000-inspection/59c5e8a2-7a3b-4caf-bb1a-17abb4ca9752_1000.jpg!m_fill,w_280,h_210,f_jpg?from=ke.com
20241017,亦庄开发区,马驹桥,101125280542,亦庄新城 精装1居 商品房 南向 满五唯一,138万,62247元/平,底层 (共17层) | 2010年 | 1室0厅 | 22.17平米 | 南,https://ke-image.ljcdn.com/110000-inspection/pc1_TlN5nW7De.jpg!m_fill,w_280,h_210,f_jpg?from=ke.com
20241017,亦庄开发区,马驹桥,101125280463,天鹅堡精装修联排别墅带车库满五唯一,1000万,42243元/平,底层 (共3层) 6室2厅 | 236.73平米 | 南 北,https://ke-image.ljcdn.com/110000-inspection/pc1_t7vGrwOJf_1.jpg!m_fill,w_280,h_210,f_jpg?from=ke.com
20241017,亦庄开发区,马驹桥,101125279882,新海北里南北通透二居满五唯一靠谱卖,278万,29822元/平,高楼层 (共6层) 2室2厅 | 93.22平米 | 南 北,https://ke-image.ljcdn.com/110000-inspection/pc1_eeI6ZfzKF.jpg!m_fill,w_280,h_210,f_jpg?from=ke.com
20241017,亦庄开发区,马驹桥,101125267741,天鹅堡独栋别墅 北区位置好 挑空客厅 双车库 精装,1999万,47085元/平,底层 (共3层) 7室2厅 | 424.56平米 | 南 北,https://ke-image.ljcdn.com/110000-inspection/bc67c3ed-65dd-41f9-9e65-9d37e2098f09_1000.jpg!m_fill,w_280,h_210,f_jpg?from=ke.com
20241017,亦庄开发区,马驹桥,101125267797,宏仁家园 明厨明卫 中间层 南北通透 价钱可聊,208万,23194元/平,低楼层 (共20层) | 2013年 | 2室1厅 | 89.68平米 | 南 北,https://ke-image.ljcdn.com/110000-inspection/pc1_ET0IOE1G2.jpg!m_fill,w_280,h_210,f_jpg?from=ke.com
20241017,亦庄开发区,马驹桥,101125259413,联排别墅房业主稳定签约西边户博洛尼整体装修未入住房主自荐,1080万,44625元/平,底层 (共3层) 4室2厅 | 242.02平米 | 南 北,https://ke-image.ljcdn.com/110000-inspection/pc1_MqwBLfVDf.jpg!m_fill,w_280,h_210,f_jpg?from=ke.com
20241017,亦庄开发区,马驹桥,101125258832,天鹅堡 3室2厅 南,800万,32728元/平,底层 (共3层) 3室2厅 | 244.44平米 | 南,https://ke-image.ljcdn.com/110000-inspection/pc1_4lZbGEEKy.jpg!m_fill,w_280,h_210,f_jpg?from=ke.com
20241017,亦庄开发区,马驹桥,101125249712,宏仁家园满五年唯一精装两居 全南向视野好,230万,26024元/平,中楼层 (共20层) | 2013年 | 2室1厅 | 88.38平米 | 南,https://ke-image.ljcdn.com/110000-inspection/pc1_xoovEffw8.jpg!m_fill,w_280,h_210,f_jpg?from=ke.com
20241017,亦庄开发区,马驹桥,101125248884,一世情园 4室1厅 南 北,398万,33533元/平,顶层 (共5层) | 2005年 | 4室1厅 | 118.69平米 | 南 北,https://ke-image.ljcdn.com/110000-inspection/pc1_v3pLwv9hw.jpg!m_fill,w_280,h_210,f_jpg?from=ke.com
20241017,亦庄开发区,马驹桥,101125235066,亦庄橡树湾  南北通透三居室精装修中间楼层无遮挡,409万,43396元/平,中楼层 (共12层) | 2022年 | 3室1厅 | 94.25平米 | 南 北,https://ke-image.ljcdn.com/110000-inspection/14ba7aa3-ca7f-4bba-96f8-e3cc4813b971_1000.jpg!m_fill,w_280,h_210,f_jpg?from=ke.com
20241017,亦庄开发区,马驹桥,101125227311,双卧朝南南北通透三居室随时看房采光好诚心出售房主自荐,460万,34329元/平,中楼层 (共6层) 3室2厅 | 134平米 | 南 北,https://ke-image.ljcdn.com/110000-inspection/pc1_cWh1myICR.jpg!m_fill,w_280,h_210,f_jpg?from=ke.com
20241017,亦庄开发区,马驹桥,101125212478,中高楼层南北通透两居室采光视野好,330万,37432元/平,中楼层 (共21层) 2室2厅 | 88.16平米 | 南 北,https://ke-image.ljcdn.com/110000-inspection/0e18f9d3-6b7d-47fa-a68a-cb7952fa4616_1000.jpg!m_fill,w_280,h_210,f_jpg?from=ke.com
20241017,亦庄开发区,马驹桥,101125205513,合生世界村 全南两居室两居室精装大产权正对小区喷泉,260万,27731元/平,低楼层 (共14层) 2室1厅 | 93.76平米 | 南,https://ke-image.ljcdn.com/110000-inspection/81185f2d-5b01-45fc-8b16-8c1670a2c0d2_1000.jpg!m_fill,w_280,h_210,f_jpg?from=ke.com
20241017,亦庄开发区,马驹桥,101125191741,宏仁家园 2室1厅 南 北,228万,25289元/平,顶层 (共14层) | 2013年 | 2室1厅 | 90.16平米 | 南 北,https://ke-image.ljcdn.com/110000-inspection/b40edf92-8e4b-472c-84a9-5b278f35a6ed_1000.jpg!m_fill,w_280,h_210,f_jpg?from=ke.com
20241017,亦庄开发区,马驹桥,101125191114,宏仁家园 2室1厅 南,239万,27181元/平,底层 (共28层) 2室1厅 | 87.93平米 | 南,https://ke-image.ljcdn.com/110000-inspection/b78bdd61-3d09-486b-869d-9f693a41e2de_1000.jpg!m_fill,w_280,h_210,f_jpg?from=ke.com
20241017,亦庄开发区,马驹桥,101125183363,合生世界村南向两居室环境安逸居住舒适满五唯一,229万,24406元/平,低楼层 (共14层) | 2011年 | 2室1厅 | 93.83平米 | 南,https://ke-image.ljcdn.com/110000-inspection/pc1_dc0RyCqx7.jpg!m_fill,w_280,h_210,f_jpg?from=ke.com
20241017,亦庄开发区,马驹桥,101125157491,天鹅堡联排别墅精装修满五年,926万,37883元/平,底层 (共3层) 5室2厅 | 244.44平米 | 北 南,https://ke-image.ljcdn.com/110000-inspection/pc1_AV6Jp3tPt.jpg!m_fill,w_280,h_210,f_jpg?from=ke.com
20241017,亦庄开发区,马驹桥,101125128921,宏仁家园 2室1厅 南,213万,24495元/平,中楼层 (共28层) | 2013年 | 2室1厅 | 86.96平米 | 南,https://ke-image.ljcdn.com/110000-inspection/8faf10b1-1373-4936-93e7-928bbffd8ea5_1000.jpg!m_fill,w_280,h_210,f_jpg?from=ke.com
20241017,亦庄开发区,马驹桥,101125128308,合生世界花园 南北通透大三居满5唯一随时看房,420万,27062元/平,高楼层 (共18层) | 2014年 | 3室2厅 | 155.2平米 | 南 北,https://ke-image.ljcdn.com/110000-inspection/a2bf4040-4b95-4f42-8044-109443e30a8e_1000.jpg!m_fill,w_280,h_210,f_jpg?from=ke.com
20241017,亦庄开发区,马驹桥,101125116732,亦庄新城 南北通透复式格局采光和视野俱佳 一梯两户,745万,34139元/平,顶层 (共11层) 5室2厅 | 218.23平米 | 南 北,https://ke-image.ljcdn.com/110000-inspection/4d27461e-e064-4c6d-ab72-01c3e4d5fae1_1000.jpg!m_fill,w_280,h_210,f_jpg?from=ke.com
20241017,亦庄开发区,马驹桥,101125113264,全南向中高层采光好业主随时签约满五唯一,213万,26030元/平,低楼层 (共20层) 2室1厅 | 81.83平米 | 南,https://ke-image.ljcdn.com/110000-inspection/pc1_DpICjTWtV.jpg!m_fill,w_280,h_210,f_jpg?from=ke.com
20241017,亦庄开发区,马驹桥,101125087921,样本少有户型4-5层复式格局好楼层适中,620万,35803元/平,中楼层 (共5层) 4室2厅 | 173.17平米 | 南 北,https://ke-image.ljcdn.com/110000-inspection/pc1_J09emHmq8.jpg!m_fill,w_280,h_210,f_jpg?from=ke.com
20241017,亦庄开发区,马驹桥,101125077446,神龙辛屯小区高楼层南北通透大三居三代人居住,320万,21533元/平,高楼层 (共7层) 3室2厅 | 148.61平米 | 南 北,https://ke-image.ljcdn.com/110000-inspection/pc1_DUKFfQy6O.jpg!m_fill,w_280,h_210,f_jpg?from=ke.com
20241017,亦庄开发区,马驹桥,101125050900,东亚瑞晶苑 南北通透 低楼层 采光好 满五年唯一,229万,28290元/平,低楼层 (共21层) | 2011年 | 2室1厅 | 80.95平米 | 南 北,https://ke-image.ljcdn.com/110000-inspection/0d954b71-a42b-4e21-95b3-fd21922c7ae6_1000.jpg!m_fill,w_280,h_210,f_jpg?from=ke.com
20241017,亦庄开发区,马驹桥,101125039549,亦庄新城洋房大平层  精装拎包入住   金地格林6,530万,33418元/平,中楼层 (共5层) 3室2厅 | 158.6平米 | 南 北,https://ke-image.ljcdn.com/110000-inspection/pc1_DxjxORkof_1.jpg!m_fill,w_280,h_210,f_jpg?from=ke.com
20241017,亦庄开发区,马驹桥,101125033465,米拉小镇 南北通透 精装修 电梯房 两居室,309万,38582元/平,中楼层 (共18层) | 2012年 | 2室2厅 | 80.09平米 | 南 北,https://ke-image.ljcdn.com/110000-inspection/pc1_1mIH6bylT_1.jpg!m_fill,w_280,h_210,f_jpg?from=ke.com
20241017,亦庄开发区,马驹桥,101125022460,天鹅堡联排别墅前后花园满五年,780万,31562元/平,底层 (共3层) 3室2厅 | 247.14平米 | 南 北,https://ke-image.ljcdn.com/110000-inspection/pc1_O1w7JKacO.jpg!m_fill,w_280,h_210,f_jpg?from=ke.com
20241017,亦庄开发区,马驹桥,101125004810,样本小区4+5复式户型边户型南北通透,650万,37411元/平,中楼层 (共5层) 4室2厅 | 173.75平米 | 南 北,https://ke-image.ljcdn.com/110000-inspection/pc1_7Tuux3FCT.jpg!m_fill,w_280,h_210,f_jpg?from=ke.com
20241017,亦庄开发区,马驹桥,101124989459,莲水怡园 精装修 正规三居室,298万,28975元/平,顶层 (共5层) | 2007年 | 3室2厅 | 102.85平米 | 东 南 北,https://ke-image.ljcdn.com/110000-inspection/97efd023-4535-44c6-a025-c6442aba45ec_1000.jpg!m_fill,w_280,h_210,f_jpg?from=ke.com
20241017,亦庄开发区,马驹桥,101124988141,天鹅堡联排别墅地上三层半地下一层精装修,850万,35779元/平,底层 (共3层) | 2009年 | 3室2厅 | 237.57平米 | 南 北,https://ke-image.ljcdn.com/110000-inspection/pc1_dzs7U8Hox.jpg!m_fill,w_280,h_210,f_jpg?from=ke.com
20241017,亦庄开发区,马驹桥,101124988117,天鹅堡 带车库联排位置很好满五唯一原始户型,699万,30164元/平,底层 (共3层) 4室2厅 | 231.74平米 | 南 北,https://ke-image.ljcdn.com/110000-inspection/pc1_0nH3k5qHi.jpg!m_fill,w_280,h_210,f_jpg?from=ke.com
20241017,亦庄开发区,马驹桥,101124970503,金地格林6 电梯复式5+6 精装修,750万,37486元/平,顶层 (共5层) | 2008年 | 5室2厅 | 200.08平米 | 南 北,https://ke-image.ljcdn.com/110000-inspection/pc1_LhoETTmFV.jpg!m_fill,w_280,h_210,f_jpg?from=ke.com
20241017,亦庄开发区,马驹桥,101124954257,样本不临街中间户五六复式超大面积舒适度高房主自荐,535万,30341元/平,高楼层 (共6层) | 2006年 | 5室3厅 | 176.33平米 | 北 南,https://ke-image.ljcdn.com/110000-inspection/94413da2-db58-4687-930d-d8ca339b709a_1000.jpg!m_fill,w_280,h_210,f_jpg?from=ke.com
20241017,亦庄开发区,马驹桥,101124936443,一世情园,235万,37475元/平,底层 (共5层) | 2005年 | 1室1厅 | 62.71平米 | 北 西 东,https://ke-image.ljcdn.com/110000-inspection/pc1_UxY1NzdYR.jpg!m_fill,w_280,h_210,f_jpg?from=ke.com
20241017,亦庄开发区,马驹桥,101124936344,样本 3室1厅 南 北房主自荐,399万,34699元/平,高楼层 (共6层) | 2006年 | 3室1厅 | 114.99平米 | 南 北,https://ke-image.ljcdn.com/110000-inspection/bc9a2175-43f8-42d7-b58c-c00a8042bdd4_1000.jpg!m_fill,w_280,h_210,f_jpg?from=ke.com
20241017,亦庄开发区,马驹桥,101124930310,带电梯满五唯一东向一居室看房方便,235万,31032元/平,低楼层 (共12层) | 2005年 | 1室1厅 | 75.73平米 | 东,https://ke-image.ljcdn.com/110000-inspection/535a876f-dce7-4e23-a904-4962a89169dd_1000.jpg!m_fill,w_280,h_210,f_jpg?from=ke.com
20241017,亦庄开发区,马驹桥,101124925881,电梯中高层三居 明厨明卫 满五唯一 视野采光好房主自荐,505万,34966元/平,高楼层 (共10层) 3室2厅 | 144.43平米 | 南 北,https://ke-image.ljcdn.com/110000-inspection/pc1_H8CdPsFxN.jpg!m_fill,w_280,h_210,f_jpg?from=ke.com
20241017,亦庄开发区,马驹桥,101124923248,亦庄新城 南北通透两居室 满五唯一商品房 中间楼层,219万,27638元/平,高楼层 (共21层) | 2011年 | 2室1厅 | 79.24平米 | 东南 北,https://ke-image.ljcdn.com/110000-inspection/pc1_9SLSRVpkG.jpg!m_fill,w_280,h_210,f_jpg?from=ke.com
20241017,亦庄开发区,马驹桥,101124895798,满五唯一边户三居室刚需房随时可看！,230万,25864元/平,中楼层 (共28层) 3室1厅 | 88.93平米 | 南 北,https://ke-image.ljcdn.com/110000-inspection/6df22d48-aa5a-42fc-a5a8-948ce754e6f8_1000.jpg!m_fill,w_280,h_210,f_jpg?from=ke.com
20241017,亦庄开发区,马驹桥,101124867250,珠江逸景一层下跃精装修满五唯一业主诚心出售,460万,46554元/平,底层 (共11层) 4室2厅 | 98.81平米 | 南,https://ke-image.ljcdn.com/110000-inspection/pc1_iY91LJKaS.jpg!m_fill,w_280,h_210,f_jpg?from=ke.com
20241017,亦庄开发区,马驹桥,101124852431,亦庄新城 品质社区 融科钧廷 精装3居 南北通透,435万,31395元/平,高楼层 (共20层) 3室2厅 | 138.56平米 | 南 北,https://ke-image.ljcdn.com/110000-inspection/pc1_bD6RsGQhK.jpg!m_fill,w_280,h_210,f_jpg?from=ke.com
20241017,亦庄开发区,马驹桥,101124829831,合生世界村南北通透明厨明卫大产权中高层装修30万,272万,29799元/平,中楼层 (共14层) 2室1厅 | 91.28平米 | 南 北,https://ke-image.ljcdn.com/110000-inspection/4e143c36-4d5d-4f87-86c0-3a4f403fc9d6_1000.jpg!m_fill,w_280,h_210,f_jpg?from=ke.com
20241017,亦庄开发区,马驹桥,101124815811,满五唯一 南北通透 眼镜户型 三面朝阳,315万,27921元/平,底层 (共6层) 3室1厅 | 112.82平米 | 北 南,https://ke-image.ljcdn.com/110000-inspection/pc1_fLVsunG46.jpg!m_fill,w_280,h_210,f_jpg?from=ke.com
20241017,亦庄开发区,马驹桥,101124813060,边户联排大花园三个车位双客厅小区中间位置。,1030万,36025元/平,底层 (共3层) 4室2厅 | 285.92平米 | 南 北,https://ke-image.ljcdn.com/110000-inspection/pc1_N3z3GZQkp_1.jpg!m_fill,w_280,h_210,f_jpg?from=ke.com
20241017,亦庄开发区,马驹桥,101124812915,珠江逸景 126平米大三居 业主诚意出售,358万,28238元/平,低楼层 (共14层) | 2009年 | 3室1厅 | 126.78平米 | 南 北,https://ke-image.ljcdn.com/110000-inspection/pc1_wHaR2sWAR.jpg!m_fill,w_280,h_210,f_jpg?from=ke.com
20241017,亦庄开发区,马驹桥,101124812763,亦庄新城 上叠别墅小区环境好 满五唯一南北通透,600万,29097元/平,中楼层 (共4层) 4室2厅 | 206.21平米 | 南 北,https://ke-image.ljcdn.com/110000-inspection/pc1_Nj8l7p1lb.jpg!m_fill,w_280,h_210,f_jpg?from=ke.com
20241017,亦庄开发区,马驹桥,101124742770,融科钧廷高品质社区 人车分流 满五唯一三居室,338万,31130元/平,低楼层 (共20层) | 2011年 | 3室1厅 | 108.58平米 | 南,https://ke-image.ljcdn.com/110000-inspection/5f12ad19-c970-461c-88c7-209654eaceb5_1000.jpg!m_fill,w_280,h_210,f_jpg?from=ke.com
20241017,亦庄开发区,马驹桥,101124740918,米拉小镇小户型西向一居 满五唯一,176万,40638元/平,低楼层 (共21层) | 2012年 | 1室0厅 | 43.31平米 | 西,https://ke-image.ljcdn.com/110000-inspection/4ce24694-6ef2-4949-b537-d1650443c3d9_1000.jpg!m_fill,w_280,h_210,f_jpg?from=ke.com
20241017,亦庄开发区,马驹桥,101124695878,天鹅堡地上三层半地下一层的联排别墅南北通透,766万,30981元/平,底层 (共3层) 3室2厅 | 247.25平米 | 南 北,https://ke-image.ljcdn.com/110000-inspection/pc1_o2N65CH6m.jpg!m_fill,w_280,h_210,f_jpg?from=ke.com
20241017,亦庄开发区,马驹桥,101124659242,天鹅堡上叠户型精装修 保持良好。,660万,40936元/平,中楼层 (共4层) 3室2厅 | 161.23平米 | 南 北,https://ke-image.ljcdn.com/110000-inspection/pc1_EaHXZgIVm.jpg!m_fill,w_280,h_210,f_jpg?from=ke.com
20241017,亦庄开发区,马驹桥,101124646709,亦庄生活区一世情园南北通透三居室 双卫生间 急售,350万,28315元/平,中楼层 (共5层) | 2005年 | 3室1厅 | 123.61平米 | 南 北,https://ke-image.ljcdn.com/110000-inspection/pc1_k04sTcNlt.jpg!m_fill,w_280,h_210,f_jpg?from=ke.com
20241017,亦庄开发区,马驹桥,101124625811,天鹅堡叠拼别墅满五唯一看房随时,560万,30019元/平,中楼层 (共4层) 3室2厅 | 186.55平米 | 南 北,https://ke-image.ljcdn.com/110000-inspection/pc1_QVRm8g45I.jpg!m_fill,w_280,h_210,f_jpg?from=ke.com
20241017,亦庄开发区,马驹桥,101124625463,样本小区南区不临街满五唯一采光无遮挡,480万,26878元/平,顶层 (共6层) 4室1厅 | 178.59平米 | 南 北,https://ke-image.ljcdn.com/110000-inspection/pc1_z7Z29DQXj_1.jpg!m_fill,w_280,h_210,f_jpg?from=ke.com
20241017,亦庄开发区,马驹桥,101124625237,合生世界村一层带地下业主诚心出售看房方便,500万,65972元/平,底层 (共14层) 4室1厅 | 75.79平米 | 南,https://ke-image.ljcdn.com/110000-inspection/30d2986b-99a4-44c1-a07f-d1822bd18279_1000.jpg!m_fill,w_280,h_210,f_jpg?from=ke.com
20241017,亦庄开发区,马驹桥,101124613792,珠江逸景两居室中高楼层视野好诚心出售房主自荐,190万,21850元/平,中楼层 (共14层) | 2009年 | 2室1厅 | 86.96平米 | 西,https://ke-image.ljcdn.com/110000-inspection/2a561a18-0cc3-4297-9d35-a33ab029f836_1000.jpg!m_fill,w_280,h_210,f_jpg?from=ke.com
20241017,亦庄开发区,马驹桥,101124607764,合生世界村一层带下跃的房子诚心出售全南向房主自荐,500万,53431元/平,底层 (共14层) 4室2厅 | 93.58平米 | 南,https://ke-image.ljcdn.com/110000-inspection/pc1_uvuY0OI5t.jpg!m_fill,w_280,h_210,f_jpg?from=ke.com
20241017,亦庄开发区,马驹桥,101124582062,珠江萨尔斯郡 联排别墅南入户 精装修 带私家车位,818万,29493元/平,底层 (共3层) 4室2厅 | 277.36平米 | 南 北,https://ke-image.ljcdn.com/110000-inspection/pc1_bk4okfsVI_1.jpg!m_fill,w_280,h_210,f_jpg?from=ke.com
20241017,亦庄开发区,马驹桥,101124581915,亦庄橡树湾  车位  位置好 诚意出售,20万,6672元/平,地下室 | 2022年 | 1室0厅 | 29.98平米 | 南,https://ke-image.ljcdn.com/110000-inspection/pc1_punodyx1g.jpg!m_fill,w_280,h_210,f_jpg?from=ke.com
20241017,亦庄开发区,马驹桥,101124577911,融科钧廷新社区 南北通透全明格局 大三居 满五唯一,488万,34873元/平,中楼层 (共20层) 3室2厅 | 139.94平米 | 南 北,https://ke-image.ljcdn.com/110000-inspection/pc1_nU8qsYu0W.jpg!m_fill,w_280,h_210,f_jpg?from=ke.com
20241017,亦庄开发区,马驹桥,101124548966,珠江逸景 东西通透 采光好 通透性强,240万,26287元/平,高楼层 (共14层) 2室1厅 | 91.3平米 | 东 西,https://ke-image.ljcdn.com/110000-inspection/518145a1-93eb-4d52-8204-c5100e63a38f_1000.jpg!m_fill,w_280,h_210,f_jpg?from=ke.com
20241017,亦庄开发区,马驹桥,101124432858,满五唯一的中间楼层大两居两居两卫随时可看,375万,34332元/平,低楼层 (共6层) 2室1厅 | 109.23平米 | 南 北,https://ke-image.ljcdn.com/110000-inspection/573d7103-59e8-403d-aee8-d04a0426eff1_1000.jpg!m_fill,w_280,h_210,f_jpg?from=ke.com
20241017,亦庄开发区,马驹桥,101124431468,亦庄金地格林6一层47平米院 满五年看房方便,635万,45232元/平,底层 (共10层) 3室2厅 | 140.39平米 | 南 北,https://ke-image.ljcdn.com/110000-inspection/f7a8ab63-4078-4baf-b8d4-8315dd370e97_1000.jpg!m_fill,w_280,h_210,f_jpg?from=ke.com
20241017,亦庄开发区,马驹桥,101124363808,亦庄新城 南向一居 满五唯一商品房 中间楼层,199万,32066元/平,高楼层 (共18层) 1室1厅 | 62.06平米 | 南,https://ke-image.ljcdn.com/110000-inspection/9a1f7a7b-62fd-4a18-b8f5-7ae816f52182_1000.jpg!m_fill,w_280,h_210,f_jpg?from=ke.com
20241017,亦庄开发区,马驹桥,101124331874,合生世界花园 高楼层 南北通透 采光好房主自荐,435万,28029元/平,高楼层 (共18层) 3室2厅 | 155.2平米 | 南 北,https://ke-image.ljcdn.com/110000-inspection/pc1_ngQBuGkPM_2.jpg!m_fill,w_280,h_210,f_jpg?from=ke.com
20241017,亦庄开发区,马驹桥,101124331475,亦庄橡树湾 2室1厅 南 北房主自荐,285万,35554元/平,顶层 (共15层) | 2022年 | 2室1厅 | 80.16平米 | 南 北,https://ke-image.ljcdn.com/110000-inspection/pc1_Hn1ACS9TF_1.jpg!m_fill,w_280,h_210,f_jpg?from=ke.com
20241017,亦庄开发区,马驹桥,101124324575,亦庄新城电梯商品房社区 刚需小户型出行方便,230万,26283元/平,低楼层 (共14层) | 2009年 | 2室1厅 | 87.51平米 | 东,https://ke-image.ljcdn.com/110000-inspection/pc1_JhfeKqZaD.jpg!m_fill,w_280,h_210,f_jpg?from=ke.com
20241017,亦庄开发区,马驹桥,101124321126,样本小区中高楼层大户型满五唯一,472万,28774元/平,顶层 (共6层) | 2006年 | 4室2厅 | 164.04平米 | 南 北,https://ke-image.ljcdn.com/110000-inspection/23a42e13-40c1-4933-9ef0-4d55f4b05d0c_1000.jpg!m_fill,w_280,h_210,f_jpg?from=ke.com
20241017,亦庄开发区,马驹桥,101124320878,天和嘉园满五唯一中高楼层南向两居室,278万,33017元/平,高楼层 (共15层) | 2013年 | 2室1厅 | 84.2平米 | 南,https://ke-image.ljcdn.com/110000-inspection/b9ea6f8e-91d1-4518-ab3e-28391c6f7f55_1000.jpg!m_fill,w_280,h_210,f_jpg?from=ke.com
20241017,亦庄开发区,马驹桥,101124319997,精装修 4居室 南北通透 1梯2户 高楼层 采光充,755万,37358元/平,高楼层 (共8层) 4室3厅 | 202.1平米 | 南 北,https://ke-image.ljcdn.com/110000-inspection/pc1_aLc6bZj25_1.jpg!m_fill,w_280,h_210,f_jpg?from=ke.com
20241017,亦庄开发区,马驹桥,101124314179,合生世界村  中间楼层  采光好,150万,28276元/平,中楼层 (共14层) 1室1厅 | 53.05平米 | 西,https://ke-image.ljcdn.com/110000-inspection/pc1_aurOpMaoo.jpg!m_fill,w_280,h_210,f_jpg?from=ke.com
20241017,亦庄开发区,马驹桥,101124309854,此房满五唯一正规一居室中间楼层大飘窗采光充足,199万,31734元/平,中楼层 (共5层) | 2005年 | 1室1厅 | 62.71平米 | 北 西,https://ke-image.ljcdn.com/110000-inspection/pc1_5VmHaJZZi_1.jpg!m_fill,w_280,h_210,f_jpg?from=ke.com
20241017,亦庄开发区,马驹桥,101124277259,融科钧廷 2室1厅 南 北,440万,37153元/平,顶层 (共9层) | 2014年 | 2室1厅 | 118.43平米 | 南 北,https://ke-image.ljcdn.com/110000-inspection/pc1_Lq9Egs62S.jpg!m_fill,w_280,h_210,f_jpg?from=ke.com
20241017,亦庄开发区,马驹桥,101124276659,融科香雪兰溪 明厨明卫 南北通透 电梯房 地采暖,325万,34928元/平,低楼层 (共18层) 2室2厅 | 93.05平米 | 南 北,https://ke-image.ljcdn.com/110000-inspection/pc1_iDbOcZVHM.jpg!m_fill,w_280,h_210,f_jpg?from=ke.com
20241017,亦庄开发区,马驹桥,101124274724,融科钧廷 亦庄新城 南北通透 精装修大三居,575万,41119元/平,底层 (共10层) | 2011年 | 4室2厅 | 139.84平米 | 南 北,https://ke-image.ljcdn.com/110000-inspection/pc1_yNGP366is.jpg!m_fill,w_280,h_210,f_jpg?from=ke.com
20241017,亦庄开发区,马驹桥,101124274535,亦庄新城  融科钧廷 满五唯一复式 高楼层 视野好,545万,38478元/平,顶层 (共20层) | 2011年 | 3室2厅 | 141.64平米 | 南,https://ke-image.ljcdn.com/110000-inspection/pc1_BBUnNg9vc.jpg!m_fill,w_280,h_210,f_jpg?from=ke.com
20241017,亦庄开发区,马驹桥,101124274347,融科钧廷 亦庄新城 精装修两居室没有遮挡满五唯一,232万,30479元/平,低楼层 (共20层) 2室2厅 | 76.12平米 | 西 北,https://ke-image.ljcdn.com/110000-inspection/pc1_lClpMrx8i_2.jpg!m_fill,w_280,h_210,f_jpg?from=ke.com
20241017,亦庄开发区,马驹桥,101124274077,融科香雪兰溪南北通透格局采光棒 视野好 全明格局,243万,28552元/平,低楼层 (共20层) 2室1厅 | 85.11平米 | 北 南,https://ke-image.ljcdn.com/110000-inspection/9630408e-c793-4642-98e9-19fa061a8d58_1000.jpg!m_fill,w_280,h_210,f_jpg?from=ke.com
20241017,亦庄开发区,马驹桥,101124273956,融科香雪兰溪 南北通透花园洋房 业主诚心出售随时可看,570万,36260元/平,底层 (共5层) 4室2厅 | 157.2平米 | 南 北,https://ke-image.ljcdn.com/110000-inspection/95fc143f-91bb-45d2-a236-b736e02824e3_1000.jpg!m_fill,w_280,h_210,f_jpg?from=ke.com
20241017,亦庄开发区,马驹桥,101124259564,莲水怡园南北通透边户中间楼层,298万,34143元/平,中楼层 (共5层) | 2007年 | 2室1厅 | 87.28平米 | 东 南 北,https://ke-image.ljcdn.com/110000-inspection/pc1_jbJImgZNu.jpg!m_fill,w_280,h_210,f_jpg?from=ke.com
20241017,亦庄开发区,马驹桥,101124248372,神龙辛屯小区满五唯一低楼层,230万,29155元/平,底层 (共6层) | 2001年 | 1室1厅 | 78.89平米 | 南 北,https://ke-image.ljcdn.com/110000-inspection/c1047a95-831c-4c74-ba19-441a42252642_1000.jpg!m_fill,w_280,h_210,f_jpg?from=ke.com
20241017,亦庄开发区,马驹桥,101124242454,融科香雪兰溪 商品房 南北通透小三居 中高楼层 采光好,315万,35231元/平,中楼层 (共21层) | 2011年 | 3室1厅 | 89.41平米 | 南 北,https://ke-image.ljcdn.com/110000-inspection/pc1_V8bJ9DVC7.jpg!m_fill,w_280,h_210,f_jpg?from=ke.com
20241017,亦庄开发区,马驹桥,101124231634,金地格林6 4室1厅 南 北房主自荐,758万,47396元/平,底层 (共4层) | 2008年 | 4室1厅 | 159.93平米 | 南 北,https://ke-image.ljcdn.com/110000-inspection/pc1_taf6leXtQ.jpg!m_fill,w_280,h_210,f_jpg?from=ke.com
20241017,亦庄开发区,马驹桥,101124211540,一世情园 满五唯一 南北通透 采光好,319万,29259元/平,顶层 (共5层) | 2005年 | 3室1厅 | 109.03平米 | 南 北,https://ke-image.ljcdn.com/110000-inspection/pc1_2LlnHF9hh_2.jpg!m_fill,w_280,h_210,f_jpg?from=ke.com
20241017,亦庄开发区,马驹桥,101124197984,亦庄新城第二生活区 电梯商品房卫生间带窗 两梯两户,230万,24234元/平,低楼层 (共14层) 2室1厅 | 94.91平米 | 南 北,https://ke-image.ljcdn.com/110000-inspection/f2c7b854-19ad-4ef0-9236-775955d5fcb8_1000.jpg!m_fill,w_280,h_210,f_jpg?from=ke.com
20241017,亦庄开发区,马驹桥,101124195899,亦庄新城 精装2居 满五唯一 高品质社区 人车分流 地暖,230万,30252元/平,中楼层 (共20层) | 2011年 | 2室1厅 | 76.03平米 | 东北,https://ke-image.ljcdn.com/110000-inspection/pc1_ULsAuc9US_1.jpg!m_fill,w_280,h_210,f_jpg?from=ke.com
20241017,亦庄开发区,马驹桥,101124176886,样本南北通透加15平阳台面积130多平诚心卖房主自荐,429万,37176元/平,高楼层 (共6层) 3室1厅 | 115.4平米 | 南 北,https://ke-image.ljcdn.com/110000-inspection/3bf247b6-edb7-456f-8fef-92184ea5d483_1000.jpg!m_fill,w_280,h_210,f_jpg?from=ke.com
20241017,亦庄开发区,马驹桥,101124176106,新海北里 中间楼层 正规三居室 随时可看,340万,31818元/平,中楼层 (共6层) 3室2厅 | 106.86平米 | 南 北,https://ke-image.ljcdn.com/110000-inspection/pc1_ZuBfzOvDY.jpg!m_fill,w_280,h_210,f_jpg?from=ke.com
20241017,亦庄开发区,马驹桥,101124172773,新海北里南北通透一居仅有契税次顶层,165万,24716元/平,高楼层 (共6层) | 2006年 | 2室1厅 | 66.76平米 | 南 北,https://ke-image.ljcdn.com/110000-inspection/pc1_fZhfwadVk_1.jpg!m_fill,w_280,h_210,f_jpg?from=ke.com
20241017,亦庄开发区,马驹桥,101124172679,莲水怡园 高楼层  视野好  采光好  满五唯一  南北向,210万,30018元/平,顶层 (共6层) 1室1厅 | 69.96平米 | 南 北,https://ke-image.ljcdn.com/110000-inspection/pc1_3tPU57OPF.jpg!m_fill,w_280,h_210,f_jpg?from=ke.com
20241017,亦庄开发区,马驹桥,101124169430,莲水怡园 南向两居 精装修 带电梯 满五唯一房主自荐,238万,36143元/平,低楼层 (共12层) | 2005年 | 2室1厅 | 65.85平米 | 南,https://ke-image.ljcdn.com/110000-inspection/1b358881-33ab-45e2-a9d5-177c3f85f70e_1000.jpg!m_fill,w_280,h_210,f_jpg?from=ke.com
20241017,亦庄开发区,马驹桥,101124169234,样本南北通透二居满五唯一靠谱卖,385万,35445元/平,中楼层 (共6层) 2室1厅 | 108.62平米 | 南 北,https://ke-image.ljcdn.com/110000-inspection/pc1_FpRVxo2Bx.jpg!m_fill,w_280,h_210,f_jpg?from=ke.com
20241017,亦庄开发区,马驹桥,101124167392,融科香雪兰溪 一期小三居 楼层高视野好 满五唯一,315万,35204元/平,中楼层 (共17层) 3室1厅 | 89.48平米 | 南 北,https://ke-image.ljcdn.com/110000-inspection/pc1_AMMZ4qpmA.jpg!m_fill,w_280,h_210,f_jpg?from=ke.com
20241017,亦庄开发区,马驹桥,101124158287,亦庄新城 此房满五唯一南北通透有车位 看房方便,870万,31529元/平,底层 (共3层) | 2009年 | 4室2厅 | 275.94平米 | 南 北,https://ke-image.ljcdn.com/110000-inspection/bd2a320e-f8af-4782-81f3-4486e05afdd6_1000.jpg!m_fill,w_280,h_210,f_jpg?from=ke.com
20241017,亦庄开发区,马驹桥,101124134900,金地格林6 2室1厅 南 北,450万,43441元/平,低楼层 (共9层) 2室1厅 | 103.59平米 | 南 北,https://ke-image.ljcdn.com/110000-inspection/9e270dd4-61cb-43b6-8938-bac96cfc1ac4_1000.jpg!m_fill,w_280,h_210,f_jpg?from=ke.com
20241017,亦庄开发区,马驹桥,101124134885,天鹅堡 南北通透 采光好 大两居,365万,36449元/平,中楼层 (共5层) 2室2厅 | 100.14平米 | 南 北,https://ke-image.ljcdn.com/110000-inspection/pc1_r12I8pfQv.jpg!m_fill,w_280,h_210,f_jpg?from=ke.com
20241017,亦庄开发区,马驹桥,101124091829,金地格林6 3室2厅 南 北,550万,32151元/平,顶层 (共4层) 3室2厅 | 171.07平米 | 南 北,https://ke-image.ljcdn.com/110000-inspection/cc2cff2f-2bb7-4864-ba53-1b8fb99ddf97_1000.jpg!m_fill,w_280,h_210,f_jpg?from=ke.com
20241017,亦庄开发区,马驹桥,101124087433,宏仁家园 3室0厅 西,210万,24453元/平,高楼层 (共28层) | 2013年 | 3室0厅 | 85.88平米 | 西,https://ke-image.ljcdn.com/110000-inspection/6d0e844c-bb68-4c36-9c0a-0e3161fce8a6_1000.jpg!m_fill,w_280,h_210,f_jpg?from=ke.com
20241017,亦庄开发区,马驹桥,101124064361,新海南里276号楼中间楼层两居室 诚心出售 电梯房,315万,37411元/平,低楼层 (共15层) | 2013年 | 2室1厅 | 84.2平米 | 南,https://ke-image.ljcdn.com/110000-inspection/75d6db8f-2ac3-4cb2-aa57-bf72c78d89a1_1000.jpg!m_fill,w_280,h_210,f_jpg?from=ke.com
20241017,亦庄开发区,马驹桥,101124034670,满五唯一精装自住独栋价格能谈,1980万,47997元/平,底层 (共3层) | 2007年 | 6室5厅 | 412.53平米 | 东 南 西 北,https://ke-image.ljcdn.com/110000-inspection/pc1_57ofRfM2q.jpg!m_fill,w_280,h_210,f_jpg?from=ke.com
20241017,亦庄开发区,马驹桥,101124032182,宏仁家园满五年高楼层南北朝向看房预约,218万,24437元/平,高楼层 (共28层) 3室1厅 | 89.21平米 | 南 北,https://ke-image.ljcdn.com/110000-inspection/c0e48c7e-5959-4c98-a2d8-84a4bf8e25f7_1000.jpg!m_fill,w_280,h_210,f_jpg?from=ke.com
20241017,亦庄开发区,马驹桥,101123996348,亦庄新城马驹桥 融科钧廷 南北通透大三居 精装自住,550万,40917元/平,高楼层 (共10层) | 2011年 | 3室2厅 | 134.42平米 | 北 南,https://ke-image.ljcdn.com/110000-inspection/pc1_TQEaSnbZ0_2.jpg!m_fill,w_280,h_210,f_jpg?from=ke.com
20241017,亦庄开发区,马驹桥,101123981383,新海北里满五唯一南北通透两居室,240万,26400元/平,顶层 (共6层) | 2006年 | 2室1厅 | 90.91平米 | 南 北,https://ke-image.ljcdn.com/110000-inspection/f848ddd0-d4f2-4526-919b-3e2ade6ee692_1000.jpg!m_fill,w_280,h_210,f_jpg?from=ke.com
20241017,亦庄开发区,马驹桥,101123980447,米拉小镇 中间楼层两居室 满五唯一,258万,34636元/平,中楼层 (共21层) | 2012年 | 2室1厅 | 74.49平米 | 南 西,https://ke-image.ljcdn.com/110000-inspection/8b08d47f-9c95-4f98-a4ab-bf4d26fbe9e6_1000.jpg!m_fill,w_280,h_210,f_jpg?from=ke.com
20241017,亦庄开发区,马驹桥,101123977505,中间楼层南北通透三居室精装修,376万,29649元/平,高楼层 (共12层) | 2005年 | 3室1厅 | 126.82平米 | 南 北,https://ke-image.ljcdn.com/110000-inspection/31748511-454b-47c4-9be4-87dfe9dfa86f_1000.jpg!m_fill,w_280,h_210,f_jpg?from=ke.com
20241017,亦庄开发区,马驹桥,101123970465,金地格林6 3室2厅 南 北,530万,33259元/平,中楼层 (共5层) 3室2厅 | 159.36平米 | 南 北,https://ke-image.ljcdn.com/110000-inspection/pc1_qOZQCVZ48.jpg!m_fill,w_280,h_210,f_jpg?from=ke.com
20241017,亦庄开发区,马驹桥,101123933981,珠江逸景住宅 南北通透精装修两居室 可以直接拎包入住,298万,32006元/平,高楼层 (共14层) | 2009年 | 2室1厅 | 93.11平米 | 南 北,https://ke-image.ljcdn.com/110000-inspection/pc1_A7ZOVCj2g.jpg!m_fill,w_280,h_210,f_jpg?from=ke.com
20241017,亦庄开发区,马驹桥,101123921605,天鹅堡270平双层叠拼别墅有花园北车库,920万,33624元/平,底层 (共4层) 3室2厅 | 273.62平米 | 南 北,https://ke-image.ljcdn.com/110000-inspection/pc1_ih1jOd8u7.jpg!m_fill,w_280,h_210,f_jpg?from=ke.com
20241017,亦庄开发区,马驹桥,101123911087,此房是联排中间户业主诚心出售看房方便,799万,34179元/平,底层 (共2层) 4室2厅 | 233.77平米 | 南 北,https://ke-image.ljcdn.com/110000-inspection/pc1_iGLDvdwzi.jpg!m_fill,w_280,h_210,f_jpg?from=ke.com
20241017,亦庄开发区,马驹桥,101123896810,样本 4室1厅 南 北,460万,27149元/平,顶层 (共6层) | 2007年 | 4室1厅 | 169.44平米 | 南 北,https://ke-image.ljcdn.com/110000-inspection/pc1_9o7HV3Jwu.jpg!m_fill,w_280,h_210,f_jpg?from=ke.com
20241017,亦庄开发区,马驹桥,101123864151,新海北里  板楼 低楼层 满五唯一 不临街 南北通透,245万,36694元/平,低楼层 (共6层) | 2006年 | 2室1厅 | 66.77平米 | 南 北,https://ke-image.ljcdn.com/110000-inspection/pc1_OXnwrUhk2.jpg!m_fill,w_280,h_210,f_jpg?from=ke.com
20241017,亦庄开发区,马驹桥,101123857244,珠江逸景 明厨明卫南北通透,275万,29497元/平,高楼层 (共14层) | 2009年 | 2室1厅 | 93.23平米 | 南 北,https://ke-image.ljcdn.com/110000-inspection/e7e94bd9-b687-49dc-8cca-6dae9ca34f32_1000.jpg!m_fill,w_280,h_210,f_jpg?from=ke.com
20241017,亦庄开发区,马驹桥,101123846024,天鹅堡南排大花园联排别墅装修有车位,1180万,35104元/平,底层 (共3层) 5室2厅 | 336.15平米 | 南 北,https://ke-image.ljcdn.com/110000-inspection/pc1_vqe8Xy1xQ.jpg!m_fill,w_280,h_210,f_jpg?from=ke.com
20241017,亦庄开发区,马驹桥,101123809975,合生世界花园 2室1厅 南,305万,30225元/平,顶层 (共11层) | 2013年 | 2室1厅 | 100.91平米 | 南,https://ke-image.ljcdn.com/110000-inspection/pc1_23S8udfAD.jpg!m_fill,w_280,h_210,f_jpg?from=ke.com
20241017,亦庄开发区,马驹桥,101123799500,金地格林6精装修平层满五唯一看房方便,540万,37847元/平,低楼层 (共10层) 3室2厅 | 142.68平米 | 南 北,https://ke-image.ljcdn.com/110000-inspection/pc1_VpZrbnDxb.jpg!m_fill,w_280,h_210,f_jpg?from=ke.com
20241017,亦庄开发区,马驹桥,101123776534,天鹅堡大联排别墅精装修业主靠谱卖,1380万,41245元/平,底层 (共3层) 5室2厅 | 334.59平米 | 南 北,https://ke-image.ljcdn.com/110000-inspection/pc1_bZrRYSw4v_2.jpg!m_fill,w_280,h_210,f_jpg?from=ke.com
20241017,亦庄开发区,马驹桥,101123771989,六环里 别墅 上叠  精装修 自住房 上下两层,639万,39377元/平,中楼层 (共4层) 4室2厅 | 162.28平米 | 南 北,https://ke-image.ljcdn.com/110000-inspection/4db2e27a-01c5-44dc-ab79-993fc61dde19_1000.jpg!m_fill,w_280,h_210,f_jpg?from=ke.com
20241017,亦庄开发区,马驹桥,101123765323,天鹅堡的联排别墅毛坯房东边户,750万,31091元/平,底层 (共3层) | 2009年 | 3室2厅 | 241.23平米 | 东 南 北,https://ke-image.ljcdn.com/110000-inspection/pc1_mYaB7sBSX.jpg!m_fill,w_280,h_210,f_jpg?from=ke.com
20241017,亦庄开发区,马驹桥,101123760752,亦庄新城马驹桥 东亚瑞晶苑 南北通透两居 满五唯一,260万,33688元/平,低楼层 (共21层) | 2011年 | 2室1厅 | 77.18平米 | 南 北,https://ke-image.ljcdn.com/110000-inspection/f57948fc-1d3a-4458-8d72-833258849691_1000.jpg!m_fill,w_280,h_210,f_jpg?from=ke.com
20241017,亦庄开发区,马驹桥,101123756984,金地格林6南区电梯好房挑空高户型棒位置好,820万,40230元/平,顶层 (共5层) | 2008年 | 5室2厅 | 203.83平米 | 南 北,https://ke-image.ljcdn.com/110000-inspection/pc1_RdftfaCt9_1.jpg!m_fill,w_280,h_210,f_jpg?from=ke.com
20241017,亦庄开发区,马驹桥,101123752379,金地格林6南区洋房F4户型复式精装修,560万,33060元/平,中楼层 (共5层) | 2009年 | 3室2厅 | 169.39平米 | 南 北,https://ke-image.ljcdn.com/110000-inspection/8912faf9-f121-4c87-9099-eb563ca607d3_1000.jpg!m_fill,w_280,h_210,f_jpg?from=ke.com
20241017,亦庄开发区,马驹桥,101123739409,莲水怡园  电梯房  三居室  中楼层  通透户型  观景,266万,22139元/平,中楼层 (共12层) | 2005年 | 3室1厅 | 120.15平米 | 南 北,https://ke-image.ljcdn.com/110000-inspection/pc1_2DSJkubQF.jpg!m_fill,w_280,h_210,f_jpg?from=ke.com
20241017,亦庄开发区,马驹桥,101123714990,合生世界花园南向住宅一层带下跃 满五年唯一诚意出售,510万,50541元/平,底层 (共11层) | 2013年 | 6室2厅 | 100.91平米 | 南,https://ke-image.ljcdn.com/110000-inspection/40d5b754-10a4-4d72-9f30-4d2e73fd2fc4_1000.jpg!m_fill,w_280,h_210,f_jpg?from=ke.com
20241017,亦庄开发区,马驹桥,101123697264,珠江逸景 车位,16万,5918元/平,地下室 (共1层) 1室0厅 | 27.04平米 | 南,https://ke-image.ljcdn.com/110000-inspection/pc1_ETyoJQCeC.jpg!m_fill,w_280,h_210,f_jpg?from=ke.com
20241017,亦庄开发区,马驹桥,101123690577,融科香雪兰溪  南北通透三居室,299万,33442元/平,中楼层 (共21层) | 2010年 | 3室1厅 | 89.41平米 | 南 北,https://ke-image.ljcdn.com/110000-inspection/pc1_xkb39zz5P.jpg!m_fill,w_280,h_210,f_jpg?from=ke.com
20241017,亦庄开发区,马驹桥,101123639890,珠江逸景满五年唯一 商品房 共计三层房子诚心卖,565万,19550元/平,底层 (共15层) 7室2厅 | 289.01平米 | 南,https://ke-image.ljcdn.com/110000-inspection/aa711bf9-ba03-4278-963f-dd30c20e94e9_1000.jpg!m_fill,w_280,h_210,f_jpg?from=ke.com
20241017,亦庄开发区,马驹桥,101123609554,新式精装联排别墅 真正拎包入住 6居室 全天采光带车库,935万,39499元/平,底层 (共3层) 6室4厅 | 236.72平米 | 南 北,https://ke-image.ljcdn.com/110000-inspection/pc1_otYFgNszw.jpg!m_fill,w_280,h_210,f_jpg?from=ke.com
20241017,亦庄开发区,马驹桥,101123603052,亦庄新城马驹桥 珠江逸景家园 正规一居 满五唯一,151万,26888元/平,中楼层 (共15层) 1室1厅 | 56.16平米 | 东北,https://ke-image.ljcdn.com/110000-inspection/pc1_xJUPgR742.jpg!m_fill,w_280,h_210,f_jpg?from=ke.com
20241017,亦庄开发区,马驹桥,101123555482,珠江逸景全屋精装修 中高层满五年唯一全南向无遮挡,305万,31689元/平,高楼层 (共14层) | 2009年 | 2室1厅 | 96.25平米 | 南,https://ke-image.ljcdn.com/110000-inspection/d64d7a30-3381-4975-ab5a-7901c7f3a655_1000.jpg!m_fill,w_280,h_210,f_jpg?from=ke.com
20241017,亦庄开发区,马驹桥,101123504625,亦庄新城合生2010年电梯房社区人车分流居住舒适,245万,27323元/平,高楼层 (共14层) 2室1厅 | 89.67平米 | 东 西,https://ke-image.ljcdn.com/110000-inspection/30d69118-81c9-4b62-a5a6-417edf09686e_1000.jpg!m_fill,w_280,h_210,f_jpg?from=ke.com
20241017,亦庄开发区,马驹桥,101123492040,样本改善好房五居室四卫三客厅看房随时业主人很好,1031万,41101元/平,底层 (共6层) 5室3厅 | 250.85平米 | 南 北,https://ke-image.ljcdn.com/110000-inspection/a0f5749e-518b-4d94-806f-d069a7898f89_1000.jpg!m_fill,w_280,h_210,f_jpg?from=ke.com
20241017,亦庄开发区,马驹桥,101123478263,亦庄新城合生世界花园14年品质社区有喷泉景色美,320万,31524元/平,高楼层 (共11层) 2室1厅 | 101.51平米 | 南 北,https://ke-image.ljcdn.com/110000-inspection/pc1_a0q5ZxwFi.jpg!m_fill,w_280,h_210,f_jpg?from=ke.com
20241017,亦庄开发区,马驹桥,101123477240,中间楼层南向一居室只有契税,243万,36345元/平,中楼层 (共12层) | 2005年 | 1室1厅 | 66.86平米 | 南,https://ke-image.ljcdn.com/110000-inspection/0de30e60-005e-4795-be4c-b3b3c289020a_1000.jpg!m_fill,w_280,h_210,f_jpg?from=ke.com
20241017,亦庄开发区,马驹桥,101123465672,金地格林6上下三层自住看房方便,760万,47447元/平,底层 (共5层) 3室2厅 | 160.18平米 | 南 北,https://ke-image.ljcdn.com/110000-inspection/b6511812-7bb5-43a0-9b46-0a9c8295a1a4_1000.jpg!m_fill,w_280,h_210,f_jpg?from=ke.com
20241017,亦庄开发区,马驹桥,101123382966,上叠别墅 精装自住 带产权车库 双阳卧室 满五唯一,565万,34669元/平,中楼层 (共4层) 4室2厅 | 162.97平米 | 南 北,https://ke-image.ljcdn.com/110000-inspection/620ba058-6461-4398-9fc7-d679b303bb14_1000.jpg!m_fill,w_280,h_210,f_jpg?from=ke.com
20241017,亦庄开发区,马驹桥,101123365093,金地洋房 边户有电梯  精装自住,550万,37685元/平,低楼层 (共9层) 3室1厅 | 145.95平米 | 北 南 东,https://ke-image.ljcdn.com/110000-inspection/pc1_r2ErmiHDt_1.jpg!m_fill,w_280,h_210,f_jpg?from=ke.com
20241017,亦庄开发区,马驹桥,101123337448,一世情园 顶层复式花园 一梯一户  南北通透房主自荐,305万,27974元/平,顶层 (共5层) | 2005年 | 3室1厅 | 109.03平米 | 南 北,https://ke-image.ljcdn.com/110000-inspection/67c289f2-2b5d-4bf1-b6b7-d6f3d989d62a_1000.jpg!m_fill,w_280,h_210,f_jpg?from=ke.com
20241017,亦庄开发区,马驹桥,101123277278,东亚瑞晶苑   南北朝向两居室   精装修,268万,34761元/平,中楼层 (共21层) | 2011年 | 2室1厅 | 77.1平米 | 南 北,https://ke-image.ljcdn.com/110000-inspection/pc1_jxHGko1Qj_1.jpg!m_fill,w_280,h_210,f_jpg?from=ke.com
20241017,亦庄开发区,马驹桥,101123248138,金地格林6洋房复式户型满五年诚心出售,545万,32008元/平,中楼层 (共5层) | 2008年 | 3室1厅 | 170.27平米 | 南 北,https://ke-image.ljcdn.com/110000-inspection/pc1_3OQkKiE49.jpg!m_fill,w_280,h_210,f_jpg?from=ke.com
20241017,亦庄开发区,马驹桥,101123198466,珠江逸景 南向 高楼层 采光好 视野好,249万,25505元/平,高楼层 (共15层) 2室1厅 | 97.63平米 | 南,https://ke-image.ljcdn.com/110000-inspection/37c8096f-033c-4421-b990-e4b276adb838_1000.jpg!m_fill,w_280,h_210,f_jpg?from=ke.com
20241017,亦庄开发区,马驹桥,101123166461,新海北里大两居 满五唯一 精装修,245万,26847元/平,高楼层 (共6层) | 2006年 | 2室2厅 | 91.26平米 | 南 北,https://ke-image.ljcdn.com/110000-inspection/pc1_gFxGxins0.jpg!m_fill,w_280,h_210,f_jpg?from=ke.com
20241017,亦庄开发区,马驹桥,101123164460,样本单价2.8万的好房 复式结构 四居室私密性好 诚售,470万,27706元/平,顶层 (共6层) 4室2厅 | 169.64平米 | 南 北,https://ke-image.ljcdn.com/110000-inspection/5b04316b-a06d-4427-b84f-c3e090007bbc_1000.jpg!m_fill,w_280,h_210,f_jpg?from=ke.com
20241017,亦庄开发区,马驹桥,101123131267,样本中楼层边户阳光四居室随时可看~价格可聊~,447万,28351元/平,中楼层 (共5层) 4室2厅 | 157.67平米 | 南 北,https://ke-image.ljcdn.com/110000-inspection/3f8e09db-5312-4996-ae55-ec8b6952b3af_1000.jpg!m_fill,w_280,h_210,f_jpg?from=ke.com
20241017,亦庄开发区,马驹桥,101123112044,金地格林6北区南客厅高度5.9米复式精装修 满五唯一,725万,39681元/平,顶层 (共9层) 4室2厅 | 182.71平米 | 南 北,https://ke-image.ljcdn.com/110000-inspection/f9a0b5ff-141e-41d0-baa5-df65f9fe7430_1000.jpg!m_fill,w_280,h_210,f_jpg?from=ke.com
20241017,亦庄开发区,马驹桥,101123089109,莲水怡园满五唯一低楼层精装修,358万,35400元/平,底层 (共6层) 2室1厅 | 101.13平米 | 南 北,https://ke-image.ljcdn.com/110000-inspection/d4a2363b-47fb-4d7d-955a-58c7bc00a9d7_1000.jpg!m_fill,w_280,h_210,f_jpg?from=ke.com
20241017,亦庄开发区,马驹桥,101123074590,天鹅堡三期大联排靠谱签约大花园房主自荐,1150万,34161元/平,底层 (共3层) 5室3厅 | 336.65平米 | 南 北,https://ke-image.ljcdn.com/110000-inspection/pc1_MAPUqPdym.jpg!m_fill,w_280,h_210,f_jpg?from=ke.com
20241017,亦庄开发区,马驹桥,101122942395,马驹桥亦庄开发区样本大两居视野好,435万,40598元/平,高楼层 (共6层) 2室1厅 | 107.15平米 | 南 北,https://ke-image.ljcdn.com/110000-inspection/951fd417-d322-4749-978e-36987142fe9c_1000.jpg!m_fill,w_280,h_210,f_jpg?from=ke.com
20241017,亦庄开发区,马驹桥,101122888095,天鹅堡精装修联排一层有卧室带车库使用面积350平,1145万,48388元/平,底层 (共3层) | 2010年 | 5室2厅 | 236.63平米 | 南 北,https://ke-image.ljcdn.com/110000-inspection/594729a8-0558-4e5f-99a0-4e839302351b_1000.jpg!m_fill,w_280,h_210,f_jpg?from=ke.com
20241017,亦庄开发区,马驹桥,101122817057,天鹅堡精装联排别墅 可三代同堂 前后花园 满五唯一,788万,32176元/平,底层 (共4层) 5室2厅 | 244.91平米 | 南 北,https://ke-image.ljcdn.com/110000-inspection/47bb7621-f587-4221-93d1-f8a3aaae8d62_1000.jpg!m_fill,w_280,h_210,f_jpg?from=ke.com
20241017,亦庄开发区,马驹桥,101122777756,天鹅堡叠拼别墅 边户型采光视野好 6个卧室精装修,658万,34751元/平,中楼层 (共4层) 5室2厅 | 189.35平米 | 南 北,https://ke-image.ljcdn.com/110000-inspection/6127313d-c541-458d-af1e-17143663b0ed_1000.jpg!m_fill,w_280,h_210,f_jpg?from=ke.com
20241017,亦庄开发区,马驹桥,101122772492,一世情园大三居顶层带各楼业主着急卖,375万,29428元/平,顶层 (共5层) | 2005年 | 3室1厅 | 127.43平米 | 南 北,https://ke-image.ljcdn.com/110000-inspection/pc1_Gdfvrw3BG.jpg!m_fill,w_280,h_210,f_jpg?from=ke.com
20241017,亦庄开发区,马驹桥,101122762308,融科香雪兰溪南北三居室 双通透户型 满五唯一,325万,36358元/平,中楼层 (共17层) | 2010年 | 3室1厅 | 89.39平米 | 南 北,https://ke-image.ljcdn.com/110000-inspection/pc1_RjaKVGJEw.jpg!m_fill,w_280,h_210,f_jpg?from=ke.com
20241017,亦庄开发区,马驹桥,101122680416,莲水怡园拐角大三居满五唯一业主诚心卖,370万,26923元/平,高楼层 (共12层) | 2005年 | 2室1厅 | 137.43平米 | 南 北,https://ke-image.ljcdn.com/110000-inspection/4a7cfe5a-443b-4792-94ad-bbe4db780d5c_1000.jpg!m_fill,w_280,h_210,f_jpg?from=ke.com
20241017,亦庄开发区,马驹桥,101122674275,亦庄新城 满五唯一 下跃4居室 南北通透,535万,39651元/平,底层 (共15层) | 2014年 | 4室1厅 | 134.93平米 | 南 北,https://ke-image.ljcdn.com/110000-inspection/c7886a9e-57e9-41c8-8546-c02e9f8c2ff4_1000.jpg!m_fill,w_280,h_210,f_jpg?from=ke.com
20241017,亦庄开发区,马驹桥,101122597372,融科香雪兰溪电梯洋房 客厅带大阳台 精装,650万,40958元/平,中楼层 (共4层) 3室2厅 | 158.7平米 | 南 北,https://ke-image.ljcdn.com/110000-inspection/eb753c68-06b8-4da0-9563-d6917f3f22a6_1000.jpg!m_fill,w_280,h_210,f_jpg?from=ke.com
20241017,亦庄开发区,马驹桥,101122553155,天鹅堡联排边户好位置花园150平精装修满五唯一 带车库,968万,39699元/平,底层 (共3层) 5室2厅 | 243.84平米 | 南 北,https://ke-image.ljcdn.com/110000-inspection/5a176408-4202-4443-8602-f4fd7d8a9b95_1000.jpg!m_fill,w_280,h_210,f_jpg?from=ke.com
20241017,亦庄开发区,马驹桥,101122551468,神龙辛屯小区 2室1厅 南 北,269万,28263元/平,中楼层 (共7层) | 1997年 | 2室1厅 | 95.18平米 | 南 北,https://ke-image.ljcdn.com/110000-inspection/1ff6948f-7db4-4e1b-859b-4d21153486a2_1000.jpg!m_fill,w_280,h_210,f_jpg?from=ke.com
20241017,亦庄开发区,马驹桥,101122508709,融科香雪兰溪 客厅带大阳台 简装 诚心出售 看房方便,610万,38305元/平,中楼层 (共5层) 3室1厅 | 159.25平米 | 南 北,https://ke-image.ljcdn.com/110000-inspection/4b452028-21b1-4f84-9bd2-01efd380b6e2_1000.jpg!m_fill,w_280,h_210,f_jpg?from=ke.com
20241017,亦庄开发区,马驹桥,101122442977,此房满五唯一中间楼层中间位置南北都有阳台,570万,41034元/平,低楼层 (共9层) 3室2厅 | 138.91平米 | 南 北,https://ke-image.ljcdn.com/110000-inspection/pc1_KG0Q7dXyG.jpg!m_fill,w_280,h_210,f_jpg?from=ke.com
20241017,亦庄开发区,马驹桥,101122329974,金地格林6 3室2厅 南 北房主自荐,588万,39316元/平,中楼层 (共5层) | 2009年 | 3室2厅 | 149.56平米 | 南 北,https://ke-image.ljcdn.com/110000-inspection/82ec2f73-33a2-4309-a382-58253b527357_1000.jpg!m_fill,w_280,h_210,f_jpg?from=ke.com
20241017,亦庄开发区,马驹桥,101122175551,一世情园正规一居室满五唯一客厅卧室大阳台业主诚心卖,209万,33532元/平,顶层 (共5层) | 2005年 | 1室1厅 | 62.33平米 | 东 北,https://ke-image.ljcdn.com/110000-inspection/pc1_PtLPeGONl_1.jpg!m_fill,w_280,h_210,f_jpg?from=ke.com
20241017,亦庄开发区,马驹桥,101122151306,天鹅堡叠拼别墅精装修 满五唯一 全天采光 换房急售,615万,33260元/平,中楼层 (共4层) 3室1厅 | 184.91平米 | 南 北,https://ke-image.ljcdn.com/110000-inspection/pc1_AagLVK2hF.jpg!m_fill,w_280,h_210,f_jpg?from=ke.com
20241017,亦庄开发区,马驹桥,101122125428,一世情园步梯二层洋房格局好户型方正诚心出售,329万,26727元/平,中楼层 (共5层) 3室2厅 | 123.1平米 | 南 北,https://ke-image.ljcdn.com/110000-inspection/2798bd9d-2891-4ae9-a2cb-de85f94b3e39_1000.jpg!m_fill,w_280,h_210,f_jpg?from=ke.com
20241017,亦庄开发区,马驹桥,101122091353,叠拼别墅 精装保持好 满五唯一 双阳台已封闭 带车库,575万,35664元/平,中楼层 (共4层) | 2009年 | 4室2厅 | 161.23平米 | 南 北,https://ke-image.ljcdn.com/110000-inspection/6a23e683-0626-4e14-a1db-b96136fc6b78_1000.jpg!m_fill,w_280,h_210,f_jpg?from=ke.com
20241017,亦庄开发区,马驹桥,101122043120,融科香雪兰溪 客厅带大阳台 精装 诚心出售 看房方便,780万,49150元/平,中楼层 (共5层) 3室1厅 | 158.7平米 | 南 北,https://ke-image.ljcdn.com/110000-inspection/pc1_XG2mXAkKm.jpg!m_fill,w_280,h_210,f_jpg?from=ke.com
20241017,亦庄开发区,马驹桥,101121878578,莲水怡园 南北通透 带复式两居室,295万,29284元/平,顶层 (共6层) 2室1厅 | 100.74平米 | 南 北,https://ke-image.ljcdn.com/110000-inspection/pc1_wIOXR8yEJ_1.jpg!m_fill,w_280,h_210,f_jpg?from=ke.com
20241017,亦庄开发区,马驹桥,101121874298,天鹅堡 精装联排别墅带车库全天采光  视野开阔,868万,37244元/平,底层 (共3层) 4室2厅 | 233.06平米 | 南 北,https://ke-image.ljcdn.com/110000-inspection/pc1_3ruEADm2n_2.jpg!m_fill,w_280,h_210,f_jpg?from=ke.com
20241017,亦庄开发区,马驹桥,101121872078,莲水怡园业主诚心卖一居室中间楼层采光好视野好,189万,30000元/平,中楼层 (共12层) | 2005年 | 1室0厅 | 63平米 | 东南,https://ke-image.ljcdn.com/110000-inspection/pc1_SkzT1WVEo.jpg!m_fill,w_280,h_210,f_jpg?from=ke.com
20241017,亦庄开发区,马驹桥,101121838485,融科香雪兰溪 精装修 纯南向两居室 满五唯一,298万,35464元/平,低楼层 (共18层) 2室1厅 | 84.03平米 | 南,https://ke-image.ljcdn.com/110000-inspection/5555b0ad-59c8-4cab-9a24-109580c21358_1000.jpg!m_fill,w_280,h_210,f_jpg?from=ke.com
20241017,亦庄开发区,马驹桥,101121783002,亦庄新城 珠江逸景 小三居 高楼层 随时看 满五唯一房主自荐,295万,30041元/平,中楼层 (共14层) | 2009年 | 3室1厅 | 98.2平米 | 西北,https://ke-image.ljcdn.com/110000-inspection/e257d450-6921-4841-bc6c-83ad8c83d2bd_1000.jpg!m_fill,w_280,h_210,f_jpg?from=ke.com
20241017,亦庄开发区,马驹桥,101121765532,融科香雪兰溪 满五唯一 南向两居室 不临六环,276万,32621元/平,高楼层 (共18层) 2室1厅 | 84.61平米 | 南,https://ke-image.ljcdn.com/110000-inspection/pc1_lpUt17nCV_1.jpg!m_fill,w_280,h_210,f_jpg?from=ke.com
20241017,亦庄开发区,马驹桥,101121745967,珠江逸景家园  业主诚心出售 看房提前联系房主自荐,270万,29483元/平,高楼层 (共14层) | 2009年 | 2室1厅 | 91.58平米 | 东 西,https://ke-image.ljcdn.com/110000-inspection/b8893420-3ecf-4a3d-b751-cb0e11dc27de_1000.jpg!m_fill,w_280,h_210,f_jpg?from=ke.com
20241017,亦庄开发区,马驹桥,101121584541,亦庄别墅生活区 大花园 精装修 随时看房房主自荐,1260万,49665元/平,底层 (共3层) 10室2厅 | 253.7平米 | 南 北,https://ke-image.ljcdn.com/110000-inspection/d0260a97-c52a-4d01-b7ec-4a32287c7e4e_1000.jpg!m_fill,w_280,h_210,f_jpg?from=ke.com
20241017,亦庄开发区,马驹桥,101121525977,神龙辛屯小区二层四居满五唯一三个卧室朝南,316万,25685元/平,低楼层 (共7层) 4室1厅 | 123.03平米 | 南 北,https://ke-image.ljcdn.com/110000-inspection/pc1_sS4ZPgtZE.jpg!m_fill,w_280,h_210,f_jpg?from=ke.com
20241017,亦庄开发区,马驹桥,101121453303,新海东路2号院南北通透正规一居室,230万,39243元/平,顶层 (共6层) | 2003年 | 1室1厅 | 58.61平米 | 南 北,https://ke-image.ljcdn.com/110000-inspection/74c4d258-5abf-4d04-b00f-46343b713571_1000.jpg!m_fill,w_280,h_210,f_jpg?from=ke.com
20241017,亦庄开发区,马驹桥,101121440866,天鹅堡联排中间户 满五年 诚心出售 随时签约,800万,32812元/平,顶层 (共3层) | 2010年 | 5室3厅 | 243.82平米 | 南 北,https://ke-image.ljcdn.com/110000-inspection/pc1_CsNtQQeqC.jpg!m_fill,w_280,h_210,f_jpg?from=ke.com
20241017,亦庄开发区,马驹桥,101121223630,金地格林6南区带电梯南北户型采光充足。,610万,41525元/平,顶层 (共6层) | 2008年 | 3室2厅 | 146.9平米 | 南 西 北,https://ke-image.ljcdn.com/110000-inspection/pc1_LsMm3CNTo_1.jpg!m_fill,w_280,h_210,f_jpg?from=ke.com
20241017,亦庄开发区,马驹桥,101121168512,亦庄生活区 满五唯一 平层带看房随时 好多个阳台,538万,33575元/平,中楼层 (共5层) 3室2厅 | 160.24平米 | 南 北 东,https://ke-image.ljcdn.com/110000-inspection/pc1_dEGSiHkJ9.jpg!m_fill,w_280,h_210,f_jpg?from=ke.com
20241017,亦庄开发区,马驹桥,101121084751,宏仁家园东西朝向两居室精装修次新房,290万,32273元/平,低楼层 (共28层) | 2013年 | 2室1厅 | 89.86平米 | 东 西,https://ke-image.ljcdn.com/110000-inspection/pc1_DzneEusfT.jpg!m_fill,w_280,h_210,f_jpg?from=ke.com
20241017,亦庄开发区,马驹桥,101121003145,一世情园  低楼层    满五唯一  南北通透,455万,36715元/平,底层 (共5层) 3室1厅 | 123.93平米 | 南 北,https://ke-image.ljcdn.com/110000-inspection/pc1_s8SgdlFid.jpg!m_fill,w_280,h_210,f_jpg?from=ke.com
20241017,亦庄开发区,马驹桥,101120973007,珠江叠下户型上下三层南北入户南北花园,1000万,35517元/平,底层 (共4层) | 2009年 | 4室2厅 | 281.56平米 | 南 北,https://ke-image.ljcdn.com/110000-inspection/pc1_Rdj48aIDL.jpg!m_fill,w_280,h_210,f_jpg?from=ke.com
20241017,亦庄开发区,马驹桥,101120934801,亦庄新城  商品房2居 满五唯一  人车分流,319万,41974元/平,高楼层 (共20层) | 2011年 | 3室1厅 | 76平米 | 东北,https://ke-image.ljcdn.com/110000-inspection/pc1_FIfg2WWv7_2.jpg!m_fill,w_280,h_210,f_jpg?from=ke.com
20241017,亦庄开发区,马驹桥,101120821832,样本 6室0厅 南 北,510万,27550元/平,高楼层 (共6层) | 2006年 | 6室0厅 | 185.12平米 | 南 北,https://ke-image.ljcdn.com/110000-inspection/86cf88de-dd19-481c-88e8-b55ce228c913_1000.jpg!m_fill,w_280,h_210,f_jpg?from=ke.com
20241017,亦庄开发区,马驹桥,101120729199,洋房一层复式一层有卧室大面宽,950万,39950元/平,底层 (共5层) | 2009年 | 3室1厅 | 237.8平米 | 南 北,https://ke-image.ljcdn.com/110000-inspection/pc1_PBhNyay7k.jpg!m_fill,w_280,h_210,f_jpg?from=ke.com
20241017,亦庄开发区,马驹桥,101120698560,新海南里满五唯一带餐厅的大两居。,229万,24653元/平,顶层 (共6层) | 2006年 | 2室2厅 | 92.89平米 | 南 北,https://ke-image.ljcdn.com/110000-inspection/pc1_6EDEElEuS.jpg!m_fill,w_280,h_210,f_jpg?from=ke.com
20241017,亦庄开发区,马驹桥,101120683637,天鹅堡大联排别墅满五唯一有车库。,1120万,33319元/平,底层 (共3层) | 2010年 | 6室3厅 | 336.15平米 | 南 北,https://ke-image.ljcdn.com/110000-inspection/pc1_eSs3z8BIS.jpg!m_fill,w_280,h_210,f_jpg?from=ke.com
20241017,亦庄开发区,马驹桥,101120643625,一世情园一层双卫大三居！房源随时可以看价格可谈,448万,36150元/平,底层 (共5层) | 2005年 | 3室1厅 | 123.93平米 | 南 北,https://ke-image.ljcdn.com/110000-inspection/pc1_zio7oCgpJ.jpg!m_fill,w_280,h_210,f_jpg?from=ke.com
20241017,亦庄开发区,马驹桥,101120613855,天鹅堡  大联排别墅  出入方便 有钥匙,1139万,34077元/平,底层 (共3层) | 2010年 | 4室2厅 | 334.25平米 | 南 北,https://ke-image.ljcdn.com/110000-inspection/pc1_KBIv9rzoB_1.jpg!m_fill,w_280,h_210,f_jpg?from=ke.com
20241017,亦庄开发区,马驹桥,101120593908,金地格林6满五年唯一三居室 高楼层视野好精装修,550万,38906元/平,高楼层 (共9层) | 2009年 | 3室1厅 | 141.37平米 | 南 西 北,https://ke-image.ljcdn.com/110000-inspection/pc1_n00sE8wd9_1.jpg!m_fill,w_280,h_210,f_jpg?from=ke.com
20241017,亦庄开发区,马驹桥,101120233376,融科钧廷 诚心出售 精装修  人车分流  地暖 东西通透,1090万,23423元/平,底层 (共3层) | 2011年 | 4室1厅 | 465.37平米 | 东 西,https://ke-image.ljcdn.com/110000-inspection/pc1_mdn2uC3gW.jpg!m_fill,w_280,h_210,f_jpg?from=ke.com
20241017,亦庄开发区,马驹桥,101120014159,珠江逸景 地下车位 已经安了充电桩  诚心卖,18万,6657元/平,地下室 (共14层) 1室0厅 | 27.04平米 | 南,https://ke-image.ljcdn.com/110000-inspection/pc1_HvM6TG2Kw.jpg!m_fill,w_280,h_210,f_jpg?from=ke.com
20241017,亦庄开发区,马驹桥,101119995893,亦庄新城 3居室 满五唯一  明厨明卫 人车分流,410万,33748元/平,中楼层 (共20层) | 2011年 | 3室1厅 | 121.49平米 | 东南,https://ke-image.ljcdn.com/110000-inspection/20aaa7df-4b3f-495e-961d-e2aa5aec89bd_1000.jpg!m_fill,w_280,h_210,f_jpg?from=ke.com
20241017,亦庄开发区,马驹桥,101119940721,融科香雪兰溪 南北通透精装小三居 不临六环,345万,38548元/平,底层 (共18层) | 2011年 | 3室1厅 | 89.5平米 | 南 北,https://ke-image.ljcdn.com/110000-inspection/pc1_bU9BfiqGc_1.jpg!m_fill,w_280,h_210,f_jpg?from=ke.com
20241017,亦庄开发区,马驹桥,101119560642,此房满五唯一小三居室户型方正业主诚心出售,280万,27278元/平,高楼层 (共14层) 3室1厅 | 102.65平米 | 西 北,https://ke-image.ljcdn.com/110000-inspection/pc1_JdeqLxlh8.jpg!m_fill,w_280,h_210,f_jpg?from=ke.com
20241017,亦庄开发区,马驹桥,101119178650,天鹅堡 2室2厅 南房主自荐,330万,40531元/平,顶层 (共5层) | 2009年 | 2室2厅 | 81.42平米 | 南,https://ke-image.ljcdn.com/110000-inspection/pc1_iNkS43pfI.jpg!m_fill,w_280,h_210,f_jpg?from=ke.com
20241017,亦庄开发区,马驹桥,101119139396,珠江逸景 车位,14.8万,5474元/平,地下室 (共14层) 1室0厅 | 27.04平米 | 南,https://ke-image.ljcdn.com/110000-inspection/pc1_0wHQyoJQF.jpg!m_fill,w_280,h_210,f_jpg?from=ke.com
20241017,亦庄开发区,马驹桥,101118737750,天鹅堡 3室2厅 南 北,750万,40406元/平,底层 (共4层) 3室2厅 | 185.62平米 | 南 北,https://ke-image.ljcdn.com/110000-inspection/a151ed21-a4c2-414b-994a-3d25e8cebb4f_1000.jpg!m_fill,w_280,h_210,f_jpg?from=ke.com
20241017,亦庄开发区,马驹桥,101118628842,一世情园满五唯一三居室 业主诚心卖,360万,30434元/平,顶层 (共5层) 3室2厅 | 118.29平米 | 南 北,https://ke-image.ljcdn.com/110000-inspection/pc1_m31dDTiqX.jpg!m_fill,w_280,h_210,f_jpg?from=ke.com
20241017,亦庄开发区,马驹桥,101118062068,珠江萨尔斯郡 联排 大客厅 通透户型 有车位房主自荐,880万,39629元/平,中楼层 (共4层) 4室1厅 | 222.06平米 | 东 西,https://ke-image.ljcdn.com/110000-inspection/pc1_Hc4NSTDuz.jpg!m_fill,w_280,h_210,f_jpg?from=ke.com
20241017,亦庄开发区,马驹桥,101117859826,一世情园满五年唯一三居精装修靠谱卖,379万,32040元/平,中楼层 (共5层) | 2005年 | 3室2厅 | 118.29平米 | 南 北,https://ke-image.ljcdn.com/110000-inspection/prod-65b1f406-1199-4da3-8a52-7f39135445d7.jpg!m_fill,w_280,h_210,f_jpg?from=ke.com
20241017,亦庄开发区,马驹桥,101127116081,合生世界村南向南向可以注册公司。,195万,17508元/平,低楼层 (共15层) 3室1厅 | 111.38平米 | 南,https://s1.ljcdn.com/pegasus/redskull/images/common/default_house_list.png?_v=202410161653269
20241017,亦庄开发区,马驹桥,101127106866,融科香雪兰溪   南北通透   采光充足,310万,34859元/平,中楼层 (共21层) | 2011年 | 3室1厅 | 88.93平米 | 南 北,https://s1.ljcdn.com/pegasus/redskull/images/common/default_house_list.png?_v=202410161653269
20241017,亦庄开发区,马驹桥,101127100040,东亚瑞晶苑 2室1厅 南,240万,30231元/平,中楼层 (共21层) | 2011年 | 2室1厅 | 79.39平米 | 南,https://s1.ljcdn.com/pegasus/redskull/images/common/default_house_list.png?_v=202410161653269
20241017,亦庄开发区,马驹桥,101127096376,融科钧廷 1室1厅 南,215万,34920元/平,高楼层 (共9层) | 2014年 | 1室1厅 | 61.57平米 | 南,https://s1.ljcdn.com/pegasus/redskull/images/common/default_house_list.png?_v=202410161653269
20241017,亦庄开发区,马驹桥,101127093716,亦庄新城 新上南北通透大两居 高楼层 诚售,240万,26421元/平,高楼层 (共14层) | 2009年 | 2室1厅 | 90.84平米 | 南 北,https://s1.ljcdn.com/pegasus/redskull/images/common/default_house_list.png?_v=202410161653269
20241017,亦庄开发区,马驹桥,101127086880,珠江逸景南北通透明厨明卫 看房提前预约 满五年唯一,251万,26000元/平,低楼层 (共11层) 2室1厅 | 96.54平米 | 南 北,https://s1.ljcdn.com/pegasus/redskull/images/common/default_house_list.png?_v=202410161653269
20241017,亦庄开发区,马驹桥,101127077909,亦庄橡树湾 2室1厅 南 北新上,335万,42213元/平,高楼层 (共15层) | 2022年 | 2室1厅 | 79.36平米 | 南 北,https://s1.ljcdn.com/pegasus/redskull/images/common/default_house_list.png?_v=202410161653269
20241017,亦庄开发区,马驹桥,101127062856,合生世界花园 南向复式 业主诚心卖新上,93万,15467元/平,低楼层 (共12层) | 2016年 | 2室1厅 | 60.13平米 | 南,https://s1.ljcdn.com/pegasus/redskull/images/common/default_house_list.png?_v=202410161653269
20241017,亦庄开发区,马驹桥,101127053466,合生世界村全南向两居室中高楼层诚心出售新上,230万,24571元/平,中楼层 (共14层) 2室1厅 | 93.61平米 | 南,https://s1.ljcdn.com/pegasus/redskull/images/common/default_house_list.png?_v=202410161653269
20241017,亦庄开发区,马驹桥,101127046646,合生世界村  南向精装修  诚意出售,278万,19231元/平,低楼层 (共17层) 4室2厅 | 144.56平米 | 南,https://s1.ljcdn.com/pegasus/redskull/images/common/default_house_list.png?_v=202410161653269
20241017,亦庄开发区,马驹桥,101127038221,莲水怡园 2室2厅 南 北新上,290万,29027元/平,中楼层 (共6层) 2室2厅 | 99.91平米 | 南 北,https://s1.ljcdn.com/pegasus/redskull/images/common/default_house_list.png?_v=202410161653269
20241017,亦庄开发区,马驹桥,101127036800,融科钧廷 车位,24万,18141元/平,地下室 | 2014年 | 1室0厅 | 13.23平米 | 南,https://s1.ljcdn.com/pegasus/redskull/images/common/default_house_list.png?_v=202410161653269
20241017,亦庄开发区,马驹桥,101127003298,米拉小镇 1室0厅 北新上,58万,15361元/平,中楼层 (共9层) | 2012年 | 1室0厅 | 37.76平米 | 北,https://s1.ljcdn.com/pegasus/redskull/images/common/default_house_list.png?_v=202410161653269
20241017,亦庄开发区,马驹桥,101126992656,合生世界村 1室0厅 东新上,90万,11807元/平,低楼层 (共25层) 1室0厅 | 76.23平米 | 东,https://s1.ljcdn.com/pegasus/redskull/images/common/default_house_list.png?_v=202410161653269
20241017,亦庄开发区,马驹桥,101126898611,金地格林6 3室2厅 南 北,520万,30151元/平,中楼层 (共5层) 3室2厅 | 172.47平米 | 南 北,https://s1.ljcdn.com/pegasus/redskull/images/common/default_house_list.png?_v=202410161653269
20241017,亦庄开发区,马驹桥,101126894486,亦庄生活区天鹅堡边户精装六居室大花园精装修随时看房,1100万,43263元/平,底层 (共3层) 4室3厅 | 254.26平米 | 南 北,https://s1.ljcdn.com/pegasus/redskull/images/common/default_house_list.png?_v=202410161653269
20241017,亦庄开发区,马驹桥,101126885212,融科香雪兰溪 2室1厅 南,255万,30347元/平,顶层 (共18层) | 2011年 | 2室1厅 | 84.03平米 | 南,https://s1.ljcdn.com/pegasus/redskull/images/common/default_house_list.png?_v=202410161653269
20241017,亦庄开发区,马驹桥,101126884999,亦庄橡树湾 3室2厅 南 北,410万,43576元/平,高楼层 (共15层) | 2022年 | 3室2厅 | 94.09平米 | 南 北,https://s1.ljcdn.com/pegasus/redskull/images/common/default_house_list.png?_v=202410161653269
20241017,亦庄开发区,马驹桥,101126884547,米拉小镇 1室1厅 西,149万,34652元/平,低楼层 (共18层) 1室1厅 | 43平米 | 西,https://s1.ljcdn.com/pegasus/redskull/images/common/default_house_list.png?_v=202410161653269
20241017,亦庄开发区,马驹桥,101126884243,合生世界村北向精装房 业主诚意出售 个人房本诚意出,170万,16620元/平,低楼层 (共17层) 3室2厅 | 102.29平米 | 北,https://s1.ljcdn.com/pegasus/redskull/images/common/default_house_list.png?_v=202410161653269
20241017,亦庄开发区,马驹桥,101126878974,合生世界花园合生世界花园 精装业主诚心,82万,14680元/平,低楼层 (共17层) 1室1厅 | 55.86平米 | 西,https://s1.ljcdn.com/pegasus/redskull/images/common/default_house_list.png?_v=202410161653269
20241017,亦庄开发区,马驹桥,101126868232,宏仁家园全南两居满五唯一。,210万,23756元/平,中楼层 (共20层) | 2013年 | 2室1厅 | 88.4平米 | 南,https://s1.ljcdn.com/pegasus/redskull/images/common/default_house_list.png?_v=202410161653269
20241017,亦庄开发区,马驹桥,101126851687,合生世界村 1室0厅 东,92万,13035元/平,中楼层 (共25层) 1室0厅 | 70.58平米 | 东,https://s1.ljcdn.com/pegasus/redskull/images/common/default_house_list.png?_v=202410161653269
20241017,亦庄开发区,马驹桥,101126846293,合生世界村 3室2厅 北,200万,19572元/平,高楼层 (共17层) | 2014年 | 3室2厅 | 102.19平米 | 北,https://s1.ljcdn.com/pegasus/redskull/images/common/default_house_list.png?_v=202410161653269
20241017,亦庄开发区,马驹桥,101126845269,亦庄橡树湾南北通透三居室精装修,345万,36978元/平,中楼层 (共15层) | 2022年 | 3室1厅 | 93.3平米 | 南 北,https://s1.ljcdn.com/pegasus/redskull/images/common/default_house_list.png?_v=202410161653269
20241017,亦庄开发区,马驹桥,101126836001,此房满五唯一南向两居采光好高楼层视野好,285万,29818元/平,高楼层 (共14层) 3室1厅 | 95.58平米 | 南,https://s1.ljcdn.com/pegasus/redskull/images/common/default_house_list.png?_v=202410161653269
20241017,亦庄开发区,马驹桥,101126817901,合生世界花园 南向中楼层 业主诚心出售,89万,14821元/平,中楼层 (共12层) | 2016年 | 1室1厅 | 60.05平米 | 南,https://s1.ljcdn.com/pegasus/redskull/images/common/default_house_list.png?_v=202410161653269
20241017,亦庄开发区,马驹桥,101126799269,合生世界花园 1室1厅 西,79万,13621元/平,高楼层 (共17层) 1室1厅 | 58平米 | 西,https://s1.ljcdn.com/pegasus/redskull/images/common/default_house_list.png?_v=202410161653269
20241017,亦庄开发区,马驹桥,101126789769,米拉小镇 1室1厅 东 南,72万,11186元/平,中楼层 (共10层) 1室1厅 | 64.37平米 | 东 南,https://s1.ljcdn.com/pegasus/redskull/images/common/default_house_list.png?_v=202410161653269
20241017,亦庄开发区,马驹桥,101126786674,合生世界花园中层采光好有本无贷无抵押查封,78万,13599元/平,中楼层 (共12层) | 2016年 | 1室1厅 | 57.36平米 | 北,https://s1.ljcdn.com/pegasus/redskull/images/common/default_house_list.png?_v=202410161653269
20241017,亦庄开发区,马驹桥,101126749060,合生世界花园  高楼层  采光好,90万,14988元/平,顶层 (共12层) | 2016年 | 1室1厅 | 60.05平米 | 南,https://s1.ljcdn.com/pegasus/redskull/images/common/default_house_list.png?_v=202410161653269
20241017,亦庄开发区,马驹桥,101126721108,合生世界村可以个人购买可以公司名义购买,202万,18694元/平,中楼层 (共17层) 3室1厅 | 108.06平米 | 南,https://s1.ljcdn.com/pegasus/redskull/images/common/default_house_list.png?_v=202410161653269
20241017,亦庄开发区,马驹桥,101126717249,东亚瑞晶苑 2室1厅 南 北,230万,28287元/平,高楼层 (共19层) | 2011年 | 2室1厅 | 81.31平米 | 南 北,https://s1.ljcdn.com/pegasus/redskull/images/common/default_house_list.png?_v=202410161653269
20241017,亦庄开发区,马驹桥,101126707504,金地格林6 3室1厅 南 北,580万,38544元/平,中楼层 (共5层) | 2008年 | 3室1厅 | 150.48平米 | 南 北,https://s1.ljcdn.com/pegasus/redskull/images/common/default_house_list.png?_v=202410161653269
20241017,亦庄开发区,马驹桥,101126685381,合生世界花园 精装复式房可公司可个人购买,88万,15036元/平,低楼层 (共17层) 1室1厅 | 58.53平米 | 东,https://s1.ljcdn.com/pegasus/redskull/images/common/default_house_list.png?_v=202410161653269
20241017,亦庄开发区,马驹桥,101126685009,此房业主诚心出售高楼层无遮挡视野采光好,97万,13744元/平,中楼层 (共25层) 1室1厅 | 70.58平米 | 东,https://s1.ljcdn.com/pegasus/redskull/images/common/default_house_list.png?_v=202410161653269
20241017,亦庄开发区,马驹桥,101126669812,合生世界村精装朝向西有租户看房预约,100万,13216元/平,高楼层 (共25层) 1室0厅 | 75.67平米 | 西,https://s1.ljcdn.com/pegasus/redskull/images/common/default_house_list.png?_v=202410161653269
20241017,亦庄开发区,马驹桥,101126649221,合生世界花园 精装东向 业主诚售,108万,16115元/平,中楼层 (共17层) | 2014年 | 1室1厅 | 67.02平米 | 东,https://s1.ljcdn.com/pegasus/redskull/images/common/default_house_list.png?_v=202410161653269
20241017,亦庄开发区,马驹桥,101126597489,合生世界村,195万,19133元/平,低楼层 (共17层) 3室1厅 | 101.92平米 | 北,https://s1.ljcdn.com/pegasus/redskull/images/common/default_house_list.png?_v=202410161653269
20241017,亦庄开发区,马驹桥,101126597331,合生悦上城 上下两层 可个人可公司购买,230万,15864元/平,中楼层 (共17层) 4室2厅 | 144.99平米 | 北,https://s1.ljcdn.com/pegasus/redskull/images/common/default_house_list.png?_v=202410161653269
20241017,亦庄开发区,马驹桥,101126584455,米拉village价格超低个人可购买,49万,12953元/平,低楼层 (共9层) 1室0厅 | 37.83平米 | 北,https://s1.ljcdn.com/pegasus/redskull/images/common/default_house_list.png?_v=202410161653269
20241017,亦庄开发区,马驹桥,101126565610,珠江逸景 3室2厅 南 北,550万,19549元/平,底层 (共15层) | 2009年 | 3室2厅 | 281.35平米 | 南 北,https://s1.ljcdn.com/pegasus/redskull/images/common/default_house_list.png?_v=202410161653269
20241017,亦庄开发区,马驹桥,101126537234,合生世界花园 北向商办房 中高层正对小区随时可交,74万,18376元/平,中楼层 (共12层) | 2016年 | 1室1厅 | 40.27平米 | 北,https://s1.ljcdn.com/pegasus/redskull/images/common/default_house_list.png?_v=202410161653269
20241017,亦庄开发区,马驹桥,101126477919,合生世界花园南北向两居满五年唯一 商品房 产权清晰,295万,28965元/平,底层 (共11层) 2室1厅 | 101.85平米 | 南 北,https://s1.ljcdn.com/pegasus/redskull/images/common/default_house_list.png?_v=202410161653269
20241017,亦庄开发区,马驹桥,101126459507,亦庄新城合生世界村户型好。,80万,11163元/平,低楼层 (共25层) 1室1厅 | 71.67平米 | 东,https://s1.ljcdn.com/pegasus/redskull/images/common/default_house_list.png?_v=202410161653269
20241017,亦庄开发区,马驹桥,101126457845,合生世界村层高5.49米复式使用率高,235万,21853元/平,中楼层 (共17层) 3室2厅 | 107.54平米 | 南,https://s1.ljcdn.com/pegasus/redskull/images/common/default_house_list.png?_v=202410161653269
20241017,亦庄开发区,马驹桥,101126412578,合生世界村高楼层视野好可随时看房,220万,20458元/平,顶层 (共17层) 3室1厅 | 107.54平米 | 南,https://s1.ljcdn.com/pegasus/redskull/images/common/default_house_list.png?_v=202410161653269
20241017,亦庄开发区,马驹桥,101126389082,合生世界村北向可以注册公司。,195万,19012元/平,低楼层 (共15层) | 2012年 | 3室2厅 | 102.57平米 | 北,https://s1.ljcdn.com/pegasus/redskull/images/common/default_house_list.png?_v=202410161653269
20241017,亦庄开发区,马驹桥,101126386816,金地格林6 4室1厅 南 北,570万,33516元/平,中楼层 (共5层) | 2008年 | 4室1厅 | 170.07平米 | 南 北,https://s1.ljcdn.com/pegasus/redskull/images/common/default_house_list.png?_v=202410161653269
20241017,亦庄开发区,马驹桥,101126358323,亦庄新城融科钧廷 房东诚心出售,368万,37536元/平,低楼层 (共11层) | 2014年 | 3室1厅 | 98.04平米 | 南 北,https://s1.ljcdn.com/pegasus/redskull/images/common/default_house_list.png?_v=202410161653269
20241017,亦庄开发区,马驹桥,101126344844,合生世界村商办房需要公司名义买卖 全款房本在手,85万,17956元/平,中楼层 (共12层) 1室1厅 | 47.34平米 | 东,https://s1.ljcdn.com/pegasus/redskull/images/common/default_house_list.png?_v=202410161653269
20241017,亦庄开发区,马驹桥,101126248620,急售急售次顶层南北通透四居室满五唯一,330万,22693元/平,高楼层 (共6层) 4室2厅 | 145.42平米 | 南 北,https://s1.ljcdn.com/pegasus/redskull/images/common/default_house_list.png?_v=202410161653269
20241017,亦庄开发区,马驹桥,101126228688,合生世界村住宅 高楼层无遮挡 12年小区,230万,24946元/平,中楼层 (共14层) 2室1厅 | 92.2平米 | 西,https://s1.ljcdn.com/pegasus/redskull/images/common/default_house_list.png?_v=202410161653269
20241017,亦庄开发区,马驹桥,101126196724,新海北里 采光较好 正规南向一居室,198万,34940元/平,中楼层 (共6层) | 2006年 | 1室1厅 | 56.67平米 | 南,https://s1.ljcdn.com/pegasus/redskull/images/common/default_house_list.png?_v=202410161653269
20241017,亦庄开发区,马驹桥,101126183107,通州区马桥路228号院,235万,26590元/平,高楼层 (共20层) | 2013年 | 2室1厅 | 88.38平米 | 南,https://s1.ljcdn.com/pegasus/redskull/images/common/default_house_list.png?_v=202410161653269
20241017,亦庄开发区,马驹桥,101126163990,合生世界村 5.5米调高复式房  诚心出售,188万,18439元/平,中楼层 (共17层) 3室2厅 | 101.96平米 | 北,https://s1.ljcdn.com/pegasus/redskull/images/common/default_house_list.png?_v=202410161653269
20241017,亦庄开发区,马驹桥,101126120992,亦庄新城 全南俩居 拎包入住 高楼层视野好,251万,29506元/平,高楼层 (共21层) 2室1厅 | 85.07平米 | 南,https://s1.ljcdn.com/pegasus/redskull/images/common/default_house_list.png?_v=202410161653269
20241017,亦庄开发区,马驹桥,101125995831,亦庄新城 融创开发 南北大三居 落地阳台一梯一户,405万,31138元/平,中楼层 (共18层) 3室2厅 | 130.07平米 | 南 北,https://s1.ljcdn.com/pegasus/redskull/images/common/default_house_list.png?_v=202410161653269
20241017,亦庄开发区,马驹桥,101125987013,莲水怡园  南向  一居室 电梯房 满五唯一 观景,219万,32677元/平,低楼层 (共12层) | 2005年 | 1室1厅 | 67.02平米 | 南,https://s1.ljcdn.com/pegasus/redskull/images/common/default_house_list.png?_v=202410161653269
20241017,亦庄开发区,马驹桥,101125837634,亦庄橡树湾特殊户型 南北大三居  可观小区园林,460万,39869元/平,底层 (共11层) | 2022年 | 3室2厅 | 115.38平米 | 南 北,https://s1.ljcdn.com/pegasus/redskull/images/common/default_house_list.png?_v=202410161653269
20241017,亦庄开发区,马驹桥,101125797561,米拉小镇商业办公开间可以个人购买,59万,11927元/平,顶层 (共9层) 1室0厅 | 49.47平米 | 东,https://s1.ljcdn.com/pegasus/redskull/images/common/default_house_list.png?_v=202410161653269
20241017,亦庄开发区,马驹桥,101125754452,合生世界村 南向精装房 中高层采光好视野开阔全款本,290万,19445元/平,高楼层 (共17层) | 2012年 | 4室2厅 | 149.14平米 | 南,https://s1.ljcdn.com/pegasus/redskull/images/common/default_house_list.png?_v=202410161653269
20241017,亦庄开发区,马驹桥,101125753438,此房可注册东向高层业主诚心出售,86万,14669元/平,中楼层 (共17层) | 2014年 | 1室1厅 | 58.63平米 | 东,https://s1.ljcdn.com/pegasus/redskull/images/common/default_house_list.png?_v=202410161653269
20241017,亦庄开发区,马驹桥,101125753463,合生世界花园南向高层 精装修 全款房本在手有钥匙,100万,14504元/平,顶层 (共12层) | 2016年 | 1室1厅 | 68.95平米 | 南,https://s1.ljcdn.com/pegasus/redskull/images/common/default_house_list.png?_v=202410161653269
20241017,亦庄开发区,马驹桥,101125722644,样本 3室2厅 南 北,500万,33952元/平,高楼层 (共9层) | 2007年 | 3室2厅 | 147.27平米 | 南 北,https://s1.ljcdn.com/pegasus/redskull/images/common/default_house_list.png?_v=202410161653269
20241017,亦庄开发区,马驹桥,101125662585,合生世界花园业主            诚意出售,120万,17573元/平,顶层 (共17层) 1室1厅 | 68.29平米 | 东,https://s1.ljcdn.com/pegasus/redskull/images/common/default_house_list.png?_v=202410161653269
20241017,亦庄开发区,马驹桥,101125650666,合生新上高楼层视野开阔随时看房,160万,14714元/平,顶层 (共17层) 3室1厅 | 108.74平米 | 南,https://s1.ljcdn.com/pegasus/redskull/images/common/default_house_list.png?_v=202410161653269
20241017,亦庄开发区,马驹桥,101125636815,合生世界村   看房随时可注册办公,72万,15210元/平,中楼层 (共12层) 1室1厅 | 47.34平米 | 西,https://s1.ljcdn.com/pegasus/redskull/images/common/default_house_list.png?_v=202410161653269
20241017,亦庄开发区,马驹桥,101125601903,合生世界村 朝花园  高楼层 采光好,299万,21070元/平,高楼层 (共17层) 4室2厅 | 141.91平米 | 北,https://s1.ljcdn.com/pegasus/redskull/images/common/default_house_list.png?_v=202410161653269
20241017,亦庄开发区,马驹桥,101125592175,合生世界村 南向高楼层 采光好 视野开阔,275万,18452元/平,高楼层 (共17层) | 2014年 | 4室3厅 | 149.04平米 | 南,https://s1.ljcdn.com/pegasus/redskull/images/common/default_house_list.png?_v=202410161653269
20241017,亦庄开发区,马驹桥,101125563097,新海北里南北通透两居室带餐厅户型不临街满五年,199万,21754元/平,顶层 (共6层) | 2006年 | 2室1厅 | 91.48平米 | 南 北,https://s1.ljcdn.com/pegasus/redskull/images/common/default_house_list.png?_v=202410161653269
20241017,亦庄开发区,马驹桥,101125503516,中间楼层 南北通透 全明格局 精装自住房主自荐,228万,26789元/平,中楼层 (共20层) | 2011年 | 2室1厅 | 85.11平米 | 南 北,https://s1.ljcdn.com/pegasus/redskull/images/common/default_house_list.png?_v=202410161653269
20241017,亦庄开发区,马驹桥,101125495678,合生世界花园  复式业主  诚心  出售,82万,14010元/平,低楼层 (共17层) | 2014年 | 1室1厅 | 58.53平米 | 东,https://s1.ljcdn.com/pegasus/redskull/images/common/default_house_list.png?_v=202410161653269
20241017,亦庄开发区,马驹桥,101125461398,合生世界村南向中高层商办房精装看房提前预约租户看房,193万,17812元/平,高楼层 (共15层) | 2012年 | 3室1厅 | 108.36平米 | 南,https://s1.ljcdn.com/pegasus/redskull/images/common/default_house_list.png?_v=202410161653269
20241017,亦庄开发区,马驹桥,101125456410,此房满五唯一产权明晰业主诚心出售价格稳定。,550万,50051元/平,高楼层 (共9层) 2室2厅 | 109.89平米 | 南 西 北,https://s1.ljcdn.com/pegasus/redskull/images/common/default_house_list.png?_v=202410161653269
20241017,亦庄开发区,马驹桥,101125450993,亦庄新城马驹桥 东亚瑞晶苑 南向一居 满五唯一,202万,32740元/平,高楼层 (共19层) | 2011年 | 1室1厅 | 61.7平米 | 南,https://s1.ljcdn.com/pegasus/redskull/images/common/default_house_list.png?_v=202410161653269
20241017,亦庄开发区,马驹桥,101125435134,样本 3室2厅 南 北,480万,36295元/平,低楼层 (共6层) 3室2厅 | 132.25平米 | 南 北,https://s1.ljcdn.com/pegasus/redskull/images/common/default_house_list.png?_v=202410161653269
20241017,亦庄开发区,马驹桥,101125358187,合生世界村 南向 可个人可公司购买,272万,18319元/平,低楼层 (共17层) | 2014年 | 4室2厅 | 148.48平米 | 南,https://s1.ljcdn.com/pegasus/redskull/images/common/default_house_list.png?_v=202410161653269
20241017,亦庄开发区,马驹桥,101125306472,合生世界村 1室1厅 西,85万,11179元/平,顶层 (共25层) | 2014年 | 1室1厅 | 76.04平米 | 西,https://s1.ljcdn.com/pegasus/redskull/images/common/default_house_list.png?_v=202410161653269
20241017,亦庄开发区,马驹桥,101125263371,合生世界花园 可以个人名义买可以公司名义买,80万,13945元/平,中楼层 (共12层) | 2016年 | 1室1厅 | 57.37平米 | 北,https://s1.ljcdn.com/pegasus/redskull/images/common/default_house_list.png?_v=202410161653269
20241017,亦庄开发区,马驹桥,101125238469,合生世界花园 业主换房随时看房,85万,14817元/平,中楼层 (共12层) | 2016年 | 1室1厅 | 57.37平米 | 北,https://s1.ljcdn.com/pegasus/redskull/images/common/default_house_list.png?_v=202410161653269
20241017,亦庄开发区,马驹桥,101125203182,合生世界村房子是个人的房本可以注册公司。,205万,20042元/平,低楼层 (共17层) | 2012年 | 3室2厅 | 102.29平米 | 北,https://s1.ljcdn.com/pegasus/redskull/images/common/default_house_list.png?_v=202410161653269
20241017,亦庄开发区,马驹桥,101125166336,米拉小镇  商业办公 小户型  带电梯,115万,18630元/平,中楼层 (共10层) 2室1厅 | 61.73平米 | 南,https://s1.ljcdn.com/pegasus/redskull/images/common/default_house_list.png?_v=202410161653269
20241017,亦庄开发区,马驹桥,101125143218,合生世界村好房南向中楼层视野好,190万,22972元/平,中楼层 (共15层) | 2012年 | 2室1厅 | 82.71平米 | 南,https://s1.ljcdn.com/pegasus/redskull/images/common/default_house_list.png?_v=202410161653269
20241017,亦庄开发区,马驹桥,101125114955,亦庄新城合生世界村新上南向随时看房采光好,210万,19313元/平,高楼层 (共17层) | 2014年 | 3室1厅 | 108.74平米 | 南,https://s1.ljcdn.com/pegasus/redskull/images/common/default_house_list.png?_v=202410161653269
20241017,亦庄开发区,马驹桥,101125069266,亦庄橡树湾南北通透三居室精装修,385万,40540元/平,中楼层 (共12层) | 2022年 | 3室1厅 | 94.97平米 | 南 北,https://s1.ljcdn.com/pegasus/redskull/images/common/default_house_list.png?_v=202410161653269
20241017,亦庄开发区,马驹桥,101125060221,合生世界村 3室1厅 南,238万,21966元/平,高楼层 (共15层) | 2012年 | 3室1厅 | 108.35平米 | 南,https://s1.ljcdn.com/pegasus/redskull/images/common/default_house_list.png?_v=202410161653269
20241017,亦庄开发区,马驹桥,101125047670,新上合生南向3上下两层业主诚心出售,215万,19813元/平,中楼层 (共17层) 3室1厅 | 108.52平米 | 南,https://s1.ljcdn.com/pegasus/redskull/images/common/default_house_list.png?_v=202410161653269
20241017,亦庄开发区,马驹桥,101125007269,合生世界花园精装房业主诚心出售,79万,13771元/平,中楼层 (共12层) | 2014年 | 1室1厅 | 57.37平米 | 北,https://s1.ljcdn.com/pegasus/redskull/images/common/default_house_list.png?_v=202410161653269
20241017,亦庄开发区,马驹桥,101124991386,合生世界花园南向大两居业主自主诚心出售,299万,29631元/平,中楼层 (共11层) | 2013年 | 2室1厅 | 100.91平米 | 南,https://s1.ljcdn.com/pegasus/redskull/images/common/default_house_list.png?_v=202410161653269
20241017,亦庄开发区,马驹桥,101124966946,合生世界花园北向精装房 全款房本在手产权清晰,70万,12204元/平,低楼层 (共12层) | 2016年 | 1室1厅 | 57.36平米 | 北,https://s1.ljcdn.com/pegasus/redskull/images/common/default_house_list.png?_v=202410161653269
20241017,亦庄开发区,马驹桥,101124959378,合生世界村 1室1厅 西,81万,11241元/平,低楼层 (共25层) 1室1厅 | 72.06平米 | 西,https://s1.ljcdn.com/pegasus/redskull/images/common/default_house_list.png?_v=202410161653269
20241017,亦庄开发区,马驹桥,101124929877,亦庄新城合生世界村新上诚心出售,196万,19241元/平,中楼层 (共17层) 3室2厅 | 101.87平米 | 北,https://s1.ljcdn.com/pegasus/redskull/images/common/default_house_list.png?_v=202410161653269
20241017,亦庄开发区,马驹桥,101124906983,珠江逸景 高楼层 采光好 视野好,230万,23641元/平,高楼层 (共14层) | 2010年 | 2室2厅 | 97.29平米 | 东,https://s1.ljcdn.com/pegasus/redskull/images/common/default_house_list.png?_v=202410161653269
20241017,亦庄开发区,马驹桥,101124873817,合生世界花园14年新小区。小区环境好大楼间距,95万,17013元/平,高楼层 (共17层) | 2014年 | 2室1厅 | 55.84平米 | 西,https://s1.ljcdn.com/pegasus/redskull/images/common/default_house_list.png?_v=202410161653269
20241017,亦庄开发区,马驹桥,101124817040,合生世界花园精装南向商办房 全款房本在手产权清晰,94万,15633元/平,低楼层 (共12层) | 2016年 | 1室1厅 | 60.13平米 | 南,https://s1.ljcdn.com/pegasus/redskull/images/common/default_house_list.png?_v=202410161653269
20241017,亦庄开发区,马驹桥,101124812946,此房是办公类小户型带电梯。,62万,14237元/平,中楼层 (共9层) | 2012年 | 1室1厅 | 43.55平米 | 东,https://s1.ljcdn.com/pegasus/redskull/images/common/default_house_list.png?_v=202410161653269
20241017,亦庄开发区,马驹桥,101124719570,合生世界村 商业南向复式 5.49米层高,198万,18238元/平,低楼层 (共17层) 3室2厅 | 108.57平米 | 南,https://s1.ljcdn.com/pegasus/redskull/images/common/default_house_list.png?_v=202410161653269
20241017,亦庄开发区,马驹桥,101124685514,合生世界村北向商办房 全款房本在手产权清晰随时看,185万,18037元/平,高楼层 (共15层) | 2012年 | 3室2厅 | 102.57平米 | 北,https://s1.ljcdn.com/pegasus/redskull/images/common/default_house_list.png?_v=202410161653269
20241017,亦庄开发区,马驹桥,101124681522,合生世界花园 东向中高楼层采光好,83万,14164元/平,中楼层 (共17层) 1室1厅 | 58.6平米 | 东,https://s1.ljcdn.com/pegasus/redskull/images/common/default_house_list.png?_v=202410161653269
20241017,亦庄开发区,马驹桥,101124676902,合生世界村 中间楼层  采光好,170万,20524元/平,中楼层 (共15层) | 2012年 | 2室1厅 | 82.83平米 | 南,https://s1.ljcdn.com/pegasus/redskull/images/common/default_house_list.png?_v=202410161653269
20241017,亦庄开发区,马驹桥,101124558645,合生世界村北向三室复式业主诚心出售,180万,17598元/平,高楼层 (共17层) | 2012年 | 3室2厅 | 102.29平米 | 北,https://s1.ljcdn.com/pegasus/redskull/images/common/default_house_list.png?_v=202410161653269
20241017,亦庄开发区,马驹桥,101124374110,米拉小镇电梯房环境舒适视野开阔,360万,40784元/平,高楼层 (共21层) 2室1厅 | 88.27平米 | 南 北,https://ke-image.ljcdn.com/110000-inspection/5e24d45b-49fc-42f3-840d-7455e429fd19_1000.jpg!m_fill,w_280,h_210,f_jpg?from=ke.com
20241017,亦庄开发区,马驹桥,101124292577,合生世界村可随时看房高楼层视野好,294万,20171元/平,高楼层 (共15层) 4室2厅 | 145.76平米 | 南,https://s1.ljcdn.com/pegasus/redskull/images/common/default_house_list.png?_v=202410161653269
20241017,亦庄开发区,马驹桥,101124289785,亦庄新城 精装2居 中间楼层视野开阔,235万,30909元/平,中楼层 (共20层) | 2011年 | 2室1厅 | 76.03平米 | 东北,https://s1.ljcdn.com/pegasus/redskull/images/common/default_house_list.png?_v=202410161653269
20241017,亦庄开发区,马驹桥,101124255172,亦庄新城 商办房 个人房本 中楼层无遮挡 产权清晰,86万,12185元/平,低楼层 (共25层) | 2014年 | 1室1厅 | 70.58平米 | 东,https://s1.ljcdn.com/pegasus/redskull/images/common/default_house_list.png?_v=202410161653269
20241017,亦庄开发区,马驹桥,101124255118,合生世界村 2室1厅 西,103万,13612元/平,中楼层 (共25层) 2室1厅 | 75.67平米 | 西,https://s1.ljcdn.com/pegasus/redskull/images/common/default_house_list.png?_v=202410161653269
20241017,亦庄开发区,马驹桥,101124173185,米拉小镇精装开间价格可谈业主诚心出售,60万,12129元/平,中楼层 (共9层) 1室0厅 | 49.47平米 | 东,https://s1.ljcdn.com/pegasus/redskull/images/common/default_house_list.png?_v=202410161653269
20241017,亦庄开发区,马驹桥,101124135642,合生世界村满五唯一业主诚心出售,98万,12951元/平,高楼层 (共25层) 2室1厅 | 75.67平米 | 西,https://s1.ljcdn.com/pegasus/redskull/images/common/default_house_list.png?_v=202410161653269
20241017,亦庄开发区,马驹桥,101124108757,合生世界村 东西通透 通透性强,220万,21156元/平,低楼层 (共14层) 3室1厅 | 103.99平米 | 东 西,https://s1.ljcdn.com/pegasus/redskull/images/common/default_house_list.png?_v=202410161653269
20241017,亦庄开发区,马驹桥,101124085759,合生世界村北向好房买房租房合适,260万,18327元/平,中楼层 (共17层) | 2012年 | 4室2厅 | 141.87平米 | 北,https://s1.ljcdn.com/pegasus/redskull/images/common/default_house_list.png?_v=202410161653269
20241017,亦庄开发区,马驹桥,101123977351,米拉小镇  商业办公类  电梯房  小户型,87万,22998元/平,高楼层 (共9层) 1室0厅 | 37.83平米 | 南,https://s1.ljcdn.com/pegasus/redskull/images/common/default_house_list.png?_v=202410161653269
20241017,亦庄开发区,马驹桥,101123937248,合生悦上城 南向中高楼层采光好  可公司可个人购买,230万,21195元/平,中楼层 (共17层) | 2014年 | 3室1厅 | 108.52平米 | 南,https://s1.ljcdn.com/pegasus/redskull/images/common/default_house_list.png?_v=202410161653269
20241017,亦庄开发区,马驹桥,101123807849,合生世界村 高楼层 采光好 视野好,265万,28309元/平,高楼层 (共14层) 2室1厅 | 93.61平米 | 南,https://s1.ljcdn.com/pegasus/redskull/images/common/default_house_list.png?_v=202410161653269
20241017,亦庄开发区,马驹桥,101123761786,米拉小镇 配套齐全电梯房交通便利,175万,40746元/平,低楼层 (共21层) | 2012年 | 1室1厅 | 42.95平米 | 西,https://s1.ljcdn.com/pegasus/redskull/images/common/default_house_list.png?_v=202410161653269
20241017,亦庄开发区,马驹桥,101123729675,合生世界村西向 商办房个人房本高楼层无遮挡 产权清晰,90万,11894元/平,中楼层 (共25层) 1室1厅 | 75.67平米 | 西,https://s1.ljcdn.com/pegasus/redskull/images/common/default_house_list.png?_v=202410161653269
20241017,亦庄开发区,马驹桥,101123641129,合生世界村H区5.49米层高大落地飘窗,200万,24181元/平,高楼层 (共15层) | 2012年 | 2室1厅 | 82.71平米 | 南,https://s1.ljcdn.com/pegasus/redskull/images/common/default_house_list.png?_v=202410161653269
20241017,亦庄开发区,马驹桥,101123506624,亦庄橡树湾精装修中间位置中间楼层,300万,37198元/平,高楼层 (共15层) | 2022年 | 2室2厅 | 80.65平米 | 南 北,https://s1.ljcdn.com/pegasus/redskull/images/common/default_house_list.png?_v=202410161653269
20241017,亦庄开发区,马驹桥,101123416575,合生世界村  4.3米挑高 看房钥匙,80万,17641元/平,低楼层 (共12层) 1室1厅 | 45.35平米 | 北,https://s1.ljcdn.com/pegasus/redskull/images/common/default_house_list.png?_v=202410161653269
20241017,亦庄开发区,马驹桥,101123409441,合生世界村南向 中高层视野开阔无遮挡精装房需全款买,235万,21689元/平,高楼层 (共15层) 3室2厅 | 108.35平米 | 南,https://s1.ljcdn.com/pegasus/redskull/images/common/default_house_list.png?_v=202410161653269
20241017,亦庄开发区,马驹桥,101123373346,合生世界村 4室2厅 南,292万,19579元/平,中楼层 (共17层) 4室2厅 | 149.14平米 | 南,https://s1.ljcdn.com/pegasus/redskull/images/common/default_house_list.png?_v=202410161653269
20241017,亦庄开发区,马驹桥,101123314741,米拉小镇电梯房小户型配套齐全出行便利。,76万,16109元/平,中楼层 (共10层) 1室0厅 | 47.18平米 | 东,https://s1.ljcdn.com/pegasus/redskull/images/common/default_house_list.png?_v=202410161653269
20241017,亦庄开发区,马驹桥,101123217879,合生世界花园南向lofe诚心出售,93万,15467元/平,低楼层 (共12层) | 2016年 | 1室1厅 | 60.13平米 | 南,https://s1.ljcdn.com/pegasus/redskull/images/common/default_house_list.png?_v=202410161653269
20241017,亦庄开发区,马驹桥,101123074646,合生·世界村 高楼层东向精装修,92万,13035元/平,顶层 (共25层) 1室0厅 | 70.58平米 | 东,https://s1.ljcdn.com/pegasus/redskull/images/common/default_house_list.png?_v=202410161653269
20241017,亦庄开发区,马驹桥,101122974785,亦庄橡树湾 3室2厅 南 北,490万,39409元/平,底层 (共12层) | 2022年 | 3室2厅 | 124.34平米 | 南 北,https://s1.ljcdn.com/pegasus/redskull/images/common/default_house_list.png?_v=202410161653269
20241017,亦庄开发区,马驹桥,101122959748,合生世界村 中高层精装房 中高楼层 视野开阔无遮挡,178万,17463元/平,低楼层 (共17层) 3室2厅 | 101.93平米 | 北,https://s1.ljcdn.com/pegasus/redskull/images/common/default_house_list.png?_v=202410161653269
20241017,亦庄开发区,马驹桥,101122788574,合生世界村 全款房本在手中高层视野开阔看房预约,80万,16900元/平,中楼层 (共12层) 1室0厅 | 47.34平米 | 东,https://s1.ljcdn.com/pegasus/redskull/images/common/default_house_list.png?_v=202410161653269
20241017,亦庄开发区,马驹桥,101122695861,米拉小镇电梯房大开间配套齐全,78万,17121元/平,中楼层 (共9层) | 2012年 | 1室0厅 | 45.56平米 | 东,https://s1.ljcdn.com/pegasus/redskull/images/common/default_house_list.png?_v=202410161653269
20241017,亦庄开发区,马驹桥,101122682921,合生悦上城    精装修 诚心出售,94万,13429元/平,低楼层 (共25层) | 2014年 | 1室1厅 | 70平米 | 西,https://s1.ljcdn.com/pegasus/redskull/images/common/default_house_list.png?_v=202410161653269
20241017,亦庄开发区,马驹桥,101122608815,合生·世界村  南向 低楼层 采光好,290万,19896元/平,低楼层 (共15层) | 2012年 | 4室2厅 | 145.76平米 | 南,https://s1.ljcdn.com/pegasus/redskull/images/common/default_house_list.png?_v=202410161653269
20241017,亦庄开发区,马驹桥,101122468843,亦庄橡树湾  在售房源配套车位 位置近,17万,5671元/平,地下室 | 2022年 | 1室0厅 | 29.98平米 | 南 北,https://ke-image.ljcdn.com/110000-inspection/8387a85df678585fc819aff0f0c78a07-090.jpg!m_fill,w_280,h_210,f_jpg?from=ke.com
20241017,亦庄开发区,马驹桥,101122313182,金地格林6地下车库位置好随时看,14.5万,4526元/平,地下室 1室0厅 | 32.04平米 | 南,https://ke-image.ljcdn.com/110000-inspection/b5d35444-8266-4fed-8818-d17b41ddd8fd.jpg!m_fill,w_280,h_210,f_jpg?from=ke.com
20241017,亦庄开发区,马驹桥,101121548902,合生世界花园 人车分流绿化环境好业主诚意出售,88万,14616元/平,中楼层 (共12层) | 2014年 | 1室1厅 | 60.21平米 | 南,https://s1.ljcdn.com/pegasus/redskull/images/common/default_house_list.png?_v=202410161653269
20241017,亦庄开发区,马驹桥,101121425023,合生世界花园西向复式人车分流 精装修 高楼层 视野好,88万,15483元/平,顶层 (共17层) 1室1厅 | 56.84平米 | 西,https://s1.ljcdn.com/pegasus/redskull/images/common/default_house_list.png?_v=202410161653269
20241017,亦庄开发区,马驹桥,101120956542,合生世界花园 西向复式 人车分流  高楼层 视野好,92万,16476元/平,中楼层 (共17层) 1室1厅 | 55.84平米 | 西,https://s1.ljcdn.com/pegasus/redskull/images/common/default_house_list.png?_v=202410161653269
20241017,亦庄开发区,马驹桥,101120753517,融科钧廷 车位 出售 诚心出售 随时可看,21万,15874元/平,地下室 | 2014年 | 1室0厅 | 13.23平米 | 南,https://ke-image.ljcdn.com/110000-inspection/f4af284e4b73ab1a7da55595c935708a-052.jpg!m_fill,w_280,h_210,f_jpg?from=ke.com
20241017,亦庄开发区,马驹桥,101120132267,米拉小镇中间楼层个人名义可以购买价格实惠,60万,13749元/平,中楼层 (共9层) 1室0厅 | 43.64平米 | 东,https://s1.ljcdn.com/pegasus/redskull/images/common/default_house_list.png?_v=202410161653269
