20241021,东城,安贞,101127094276,北三环内2002年的商品房西南向三居室中间层必看好房,1330万,88092元/平,中楼层 (共16层) | 2001年 | 3室1厅 | 150.98平米 | 西南,https://ke-image.ljcdn.com/110000-inspection/75c9a000-122f-4f14-be22-cb3a85fdc1e5_1000.jpg!m_fill,w_280,h_210,f_jpg?from=ke.com
20241021,东城,安贞,101127090617,北三环内安华里 南北向一居 电梯直达 不临街必看好房,360万,70217元/平,中楼层 (共18层) | 1987年 | 1室1厅 | 51.27平米 | 南 北,https://ke-image.ljcdn.com/110000-inspection/ecd8321b-632b-4af5-bf31-d35ae1a98580_1000.jpg!m_fill,w_280,h_210,f_jpg?from=ke.com
20241021,东城,安贞,101127006361,安贞西里 南北通透 全明一居 中间层 精装修必看好房,320万,76010元/平,中楼层 (共6层) 1室1厅 | 42.1平米 | 南 北,https://ke-image.ljcdn.com/110000-inspection/9d0f6e9f-4023-4ca7-ae4c-747000b6b15b_1000.jpg!m_fill,w_280,h_210,f_jpg?from=ke.com
20241021,东城,安贞,101126952874,可公积金贷款 地铁8号10号12号线围绕 明厨明卫必看好房,260万,68656元/平,中楼层 (共16层) | 1986年 | 1室1厅 | 37.87平米 | 北,https://ke-image.ljcdn.com/110000-inspection/5c42c63f-5d6e-465f-b856-4e9baaaadca3_1000.jpg!m_fill,w_280,h_210,f_jpg?from=ke.com
20241021,东城,安贞,101126946357,安贞西里四区南北三居明厅无遮挡满五带电梯楼下公园必看好房,560万,80356元/平,中楼层 (共16层) 3室1厅 | 69.69平米 | 北 东 南,https://ke-image.ljcdn.com/110000-inspection/bd33bb81-451e-4362-a063-5ba144313481_1000.jpg!m_fill,w_280,h_210,f_jpg?from=ke.com
20241021,东城,安贞,101127027480,安贞西里精装两居 采光好 离元大都公园近 中间楼层,415万,71974元/平,中楼层 (共6层) 2室1厅 | 57.66平米 | 东 南 西,https://ke-image.ljcdn.com/110000-inspection/d00161f1-27a2-4200-a4b3-f29df523f5b9_1000.jpg!m_fill,w_280,h_210,f_jpg?from=ke.com
20241021,东城,安贞,101126984998,安贞西里南向一居室 楼下公园 小区环境好 采光好,230万,59710元/平,中楼层 (共24层) | 1987年 | 1室1厅 | 38.52平米 | 东 南,https://ke-image.ljcdn.com/110000-inspection/6ebdc821-5dba-4d71-afb8-0261e906b981_1000.jpg!m_fill,w_280,h_210,f_jpg?from=ke.com
20241021,东城,安贞,101126932228,安华西里三区新上南北三居室交通部家属院管理好必看好房,445万,64737元/平,顶层 (共6层) | 1983年 | 3室1厅 | 68.74平米 | 南 北,https://ke-image.ljcdn.com/110000-inspection/bb1d9903-32cf-4506-9fd1-acc5719796de_1000.jpg!m_fill,w_280,h_210,f_jpg?from=ke.com
20241021,东城,安贞,101126815227,和平西街23号院煤炭文工团家属院大区热推房房主自荐,630万,94383元/平,高楼层 (共20层) 2室1厅 | 66.75平米 | 南 西南,https://ke-image.ljcdn.com/110000-inspection/0018ea7b-3a81-4846-be47-b5c90c4062bf_1000.jpg!m_fill,w_280,h_210,f_jpg?from=ke.com
20241021,东城,安贞,101126776455,小黄庄一区 南北通透3居室 满五年唯一 精装修必看好房,1090万,122569元/平,中楼层 (共6层) 3室1厅 | 88.93平米 | 南 北,https://ke-image.ljcdn.com/110000-inspection/d91ac1c4-8d25-41fc-9d6d-b03c0c336122_1000.jpg!m_fill,w_280,h_210,f_jpg?from=ke.com
20241021,东城,安贞,101126759275,【改造名单】安贞里一区全明两居室满五唯一高楼层必看好房,380万,60061元/平,中楼层 (共17层) 2室1厅 | 63.27平米 | 东 北,https://ke-image.ljcdn.com/110000-inspection/242a09e3-641e-4862-adf8-597a960439ec_1000.jpg!m_fill,w_280,h_210,f_jpg?from=ke.com
20241021,东城,安贞,101126752773,安贞里中间楼层南北三居不临街不临医院近地铁公园必看好房,499万,71409元/平,中楼层 (共6层) 3室1厅 | 69.88平米 | 南 北,https://ke-image.ljcdn.com/110000-inspection/6621a029-e4eb-477d-b176-4b7fd151364a_1000.jpg!m_fill,w_280,h_210,f_jpg?from=ke.com
20241021,东城,安贞,101126678527,小黄庄一区+观景三居室+南北通透必看好房,810万,107642元/平,高楼层 (共12层) 3室1厅 | 75.25平米 | 南 北,https://ke-image.ljcdn.com/110000-inspection/pc1_B4FsH8rAH_1.jpg!m_fill,w_280,h_210,f_jpg?from=ke.com
20241021,东城,安贞,101126652365,安贞西里 不临街 两居室 双阳台 改造完成必看好房,345万,59679元/平,中楼层 (共5层) 2室1厅 | 57.81平米 | 东 西,https://ke-image.ljcdn.com/110000-inspection/pc1_OkAlmzyNU_1.jpg!m_fill,w_280,h_210,f_jpg?from=ke.com
20241021,东城,安贞,101126586224,满五唯一    电梯  楼下地铁   交通便利,325万,65485元/平,中楼层 (共16层) | 1986年 | 1室1厅 | 49.63平米 | 南 北,https://ke-image.ljcdn.com/110000-inspection/bd8af69a-0350-424b-a179-9b26d202eb17_1000.jpg!m_fill,w_280,h_210,f_jpg?from=ke.com
20241021,东城,安贞,101126564792,明厨明卫全明三局南北通透明厅中楼层无挡必看好房,540万,70286元/平,中楼层 (共6层) 3室1厅 | 76.83平米 | 东 南 北,https://ke-image.ljcdn.com/110000-inspection/59580d05-2123-4040-b70f-eacadcb6ca56_1000.jpg!m_fill,w_280,h_210,f_jpg?from=ke.com
20241021,东城,安贞,101126543985,大龙公寓 东南朝向 楼龄新 高层电梯直达 采光好必看好房,960万,110460元/平,高楼层 (共21层) 2室1厅 | 86.91平米 | 东 东南 南,https://ke-image.ljcdn.com/110000-inspection/09b016a4-c6e3-48c4-a0e1-0a02c0c23c6b_1000.jpg!m_fill,w_280,h_210,f_jpg?from=ke.com
20241021,东城,安贞,101126470816,高楼层视野好 南北通透格局好 双阳台,1580万,93547元/平,中楼层 (共17层) | 2004年 | 3室2厅 | 168.9平米 | 南 北,https://ke-image.ljcdn.com/110000-inspection/ca551b48-ef9b-488d-a9d6-50871611f9ce_1000.jpg!m_fill,w_280,h_210,f_jpg?from=ke.com
20241021,东城,安贞,101126466751,安贞西里 近地铁南北两居室 精装修必看好房,380万,66949元/平,中楼层 (共6层) 2室1厅 | 56.76平米 | 南 北,https://ke-image.ljcdn.com/110000-inspection/pc1_g8SwjaMVZ_1.jpg!m_fill,w_280,h_210,f_jpg?from=ke.com
20241021,东城,安贞,101126285764,安贞里带电梯东南两居室不临街满五唯一看房方便必看好房,455万,65468元/平,低楼层 (共17层) | 1988年 | 2室1厅 | 69.5平米 | 东 南,https://ke-image.ljcdn.com/110000-inspection/210fd5c1-d703-4574-a4b6-0a49e3d4d209_1000.jpg!m_fill,w_280,h_210,f_jpg?from=ke.com
20241021,东城,安贞,101126259148,东城和平里安定路小区南北3居。高楼层采光好。必看好房,810万,91796元/平,中楼层 (共20层) 3室1厅 | 88.24平米 | 南 北,https://ke-image.ljcdn.com/110000-inspection/0fbcef27-fd0b-49b2-aece-b48794c73470_1000.jpg!m_fill,w_280,h_210,f_jpg?from=ke.com
20241021,东城,安贞,101126256760,小黄庄一区 南北通透带客厅 中间楼层 诚心出售必看好房,599万,99337元/平,低楼层 (共6层) 2室1厅 | 60.3平米 | 南 北,https://ke-image.ljcdn.com/110000-inspection/pc1_mFwlLCPAF_1.jpg!m_fill,w_280,h_210,f_jpg?from=ke.com
20241021,东城,安贞,101126201404,远洋集团家属楼高楼层三居室楼道贴瓷砖诚心卖必看好房,629万,79803元/平,高楼层 (共18层) | 1988年 | 3室1厅 | 78.82平米 | 东南,https://ke-image.ljcdn.com/110000-inspection/97ee479a-d88d-4962-b45d-fa144c4ccdef_1000.jpg!m_fill,w_280,h_210,f_jpg?from=ke.com
20241021,东城,安贞,101126160647,安贞里 精装修 朝南 高层无遮挡 正规一居必看好房,252万,58280元/平,顶层 (共6层) 1室1厅 | 43.24平米 | 南,https://ke-image.ljcdn.com/110000-inspection/29a878aa-819c-413f-a01b-9aec0a53ee94_1000.jpg!m_fill,w_280,h_210,f_jpg?from=ke.com
20241021,东城,安贞,101126156500,国典华园新上南向精装修两居室诚意出售必看好房,999万,93592元/平,低楼层 (共17层) | 2005年 | 2室2厅 | 106.74平米 | 南,https://ke-image.ljcdn.com/110000-inspection/ef173c75-c0f4-404c-9bdd-941627d296fe_1000.jpg!m_fill,w_280,h_210,f_jpg?from=ke.com
20241021,东城,安贞,101126080767,安贞里一区、南向两居室、看房有钥匙、价格可谈必看好房,439万,62129元/平,低楼层 (共17层) 2室1厅 | 70.66平米 | 南,https://ke-image.ljcdn.com/110000-inspection/bec2e93c-1f16-4d94-9ccf-f27cf5885352_1000.jpg!m_fill,w_280,h_210,f_jpg?from=ke.com
20241021,东城,安贞,101126078113,安华里社区 带电梯 朝南 满五年 带厅正规一居必看好房,312万,64704元/平,中楼层 (共14层) | 1989年 | 1室1厅 | 48.22平米 | 南,https://ke-image.ljcdn.com/110000-inspection/pc1_fkCYYnGdx_1.jpg!m_fill,w_280,h_210,f_jpg?from=ke.com
20241021,东城,安贞,101125881434,安贞里 三层 两居带大客厅 不临街 南北通透必看好房,479万,76311元/平,中楼层 (共6层) | 1984年 | 3室1厅 | 62.77平米 | 南 北,https://ke-image.ljcdn.com/110000-inspection/pc1_qR5TV9dmJ_1.jpg!m_fill,w_280,h_210,f_jpg?from=ke.com
20241021,东城,安贞,101125868740,安华里五区楼层好通风效果好诚心出售必看好房,348万,64565元/平,低楼层 (共6层) | 1981年 | 2室1厅 | 53.9平米 | 东 西,https://ke-image.ljcdn.com/110000-inspection/pc1_Bc001YHMc_1.jpg!m_fill,w_280,h_210,f_jpg?from=ke.com
20241021,东城,安贞,101125649672,安贞西里 全明两居室 满五唯一 近地铁必看好房,435万,75351元/平,中楼层 (共6层) 2室1厅 | 57.73平米 | 南 北,https://ke-image.ljcdn.com/110000-inspection/pc1_xAFaoic6o.jpg!m_fill,w_280,h_210,f_jpg?from=ke.com
20241021,东城,安贞,101125632376,小黄庄一区 南北通透三居室 低楼层 采光无遮挡必看好房,815万,109750元/平,低楼层 (共6层) 3室1厅 | 74.26平米 | 南 北,https://ke-image.ljcdn.com/110000-inspection/pc1_zjYsnlDZs_1.jpg!m_fill,w_280,h_210,f_jpg?from=ke.com
20241021,东城,安贞,101125618130,满五年唯一格局好南北通透明厨明卫不临街必看好房,360万,62938元/平,顶层 (共6层) 2室1厅 | 57.2平米 | 南 北,https://ke-image.ljcdn.com/110000-inspection/25028996-585d-42c2-b0bd-35ca1879d921_1000.jpg!m_fill,w_280,h_210,f_jpg?from=ke.com
20241021,东城,安贞,101125520634,安华西里  低楼层  南北通透两居  不临街必看好房,379万,71147元/平,中楼层 (共5层) 2室1厅 | 53.27平米 | 南 北,https://ke-image.ljcdn.com/110000-inspection/pc1_rNX6WH945_1.jpg!m_fill,w_280,h_210,f_jpg?from=ke.com
20241021,东城,安贞,101125510575,公积金可贷30年管理好专人开关电梯上下水已换新,498万,71676元/平,中楼层 (共17层) | 1987年 | 2室1厅 | 69.48平米 | 东南,https://ke-image.ljcdn.com/110000-inspection/49c98ae0-24c2-48d4-81e6-b6603d953df8_1000.jpg!m_fill,w_280,h_210,f_jpg?from=ke.com
20241021,东城,安贞,101125415697,安贞 满五年唯一 精装修视野好 楼下公园 近地铁,232万,61263元/平,高楼层 (共16层) 1室1厅 | 37.87平米 | 北,https://ke-image.ljcdn.com/110000-inspection/pc1_1kKXM1IPJ_1.jpg!m_fill,w_280,h_210,f_jpg?from=ke.com
20241021,东城,安贞,101125226954,安贞西里 钢混板楼 全明格局 南北精装修 楼下公园必看好房,468万,80468元/平,中楼层 (共6层) 2室1厅 | 58.16平米 | 东南 北,https://ke-image.ljcdn.com/110000-inspection/c0bdee0c-fb9d-4278-807b-b0c4c3313024_1000.jpg!m_fill,w_280,h_210,f_jpg?from=ke.com
20241021,东城,安贞,101125224269,安贞里 适合贷款 明厨明卫 不临街 配套齐全必看好房,399万,62500元/平,高楼层 (共17层) | 1994年 | 2室1厅 | 63.84平米 | 北 东 东北,https://ke-image.ljcdn.com/110000-inspection/e2763b40-3cc3-44a9-8d81-a10581ea756c_1000.jpg!m_fill,w_280,h_210,f_jpg?from=ke.com
20241021,东城,安贞,101124884836,安华里南向一居 不临街采光好 户型无浪费必看好房,228万,53234元/平,顶层 (共6层) 1室1厅 | 42.83平米 | 南,https://ke-image.ljcdn.com/110000-inspection/03ffab47-b4b9-4350-beee-af10ba944bd6_1000.jpg!m_fill,w_280,h_210,f_jpg?from=ke.com
20241021,东城,安贞,101124713265,满五年东西通透明厨明卫采光无遮挡必看好房,480万,68562元/平,低楼层 (共12层) | 1992年 | 2室1厅 | 70.01平米 | 东 西,https://ke-image.ljcdn.com/110000-inspection/pc1_ps5CLgUHa.jpg!m_fill,w_280,h_210,f_jpg?from=ke.com
20241021,东城,安贞,101124450524,安华里社区 精装修  2层 满五唯一 价格可谈,295万,67989元/平,低楼层 (共6层) 1室1厅 | 43.39平米 | 西北,https://ke-image.ljcdn.com/110000-inspection/b1e2bb34-9e77-49ae-8774-7855c533f16b_1000.jpg!m_fill,w_280,h_210,f_jpg?from=ke.com
20241021,东城,安贞,101124445473,安贞西里南北通透两居 采光和格局好 楼下元大都公园,475万,88670元/平,底层 (共6层) 2室1厅 | 53.57平米 | 南 北,https://ke-image.ljcdn.com/110000-inspection/pc1_FupyN3Azn.jpg!m_fill,w_280,h_210,f_jpg?from=ke.com
20241021,东城,安贞,101124353746,总监力推！满五唯一光线好精装修欢迎来看房！必看好房,359万,61305元/平,低楼层 (共17层) | 1987年 | 1室1厅 | 58.56平米 | 南,https://ke-image.ljcdn.com/110000-inspection/pc1_NttmMMOsx.jpg!m_fill,w_280,h_210,f_jpg?from=ke.com
20241021,东城,安贞,101124066528,安华西里电梯直达全明一居采光好视野好必看好房,296万,77936元/平,中楼层 (共21层) 1室1厅 | 37.98平米 | 南,https://ke-image.ljcdn.com/110000-inspection/d4279d51-0222-4211-8ff8-ebedced232b9_1000.jpg!m_fill,w_280,h_210,f_jpg?from=ke.com
20241021,东城,安贞,101124058106,安华里社区 高层两居室 不临街 92年楼龄必看好房,315万,52711元/平,高楼层 (共14层) | 1991年 | 2室1厅 | 59.76平米 | 东南,https://ke-image.ljcdn.com/110000-inspection/pc1_bSeHKaBO0.jpg!m_fill,w_280,h_210,f_jpg?from=ke.com
20241021,东城,安贞,101124006219,本房满五唯一高楼层视野好采光好管理好必看好房,646万,57012元/平,高楼层 (共23层) | 1997年 | 2室2厅 | 113.31平米 | 北,https://ke-image.ljcdn.com/110000-inspection/pc1_dGQbEdzyr.jpg!m_fill,w_280,h_210,f_jpg?from=ke.com
20241021,东城,安贞,101123952855,总监优选：钢混结构  南北通透 近北土城和安贞门地铁房主自荐,319万,76831元/平,中楼层 (共6层) 1室1厅 | 41.52平米 | 南 北,https://ke-image.ljcdn.com/110000-inspection/pc1_2ashjRBBo_1.jpg!m_fill,w_280,h_210,f_jpg?from=ke.com
20241021,东城,安贞,101123151937,安贞西里带电梯南北通透三居 采光好 楼下元大都公园必看好房,625万,87683元/平,中楼层 (共16层) | 1985年 | 3室1厅 | 71.28平米 | 东 南 北,https://ke-image.ljcdn.com/110000-inspection/pc1_vfW3Pe7FY.jpg!m_fill,w_280,h_210,f_jpg?from=ke.com
20241021,东城,安贞,101122444786,南北通透 中间楼层 无遮挡 停车方便必看好房,600万,99503元/平,中楼层 (共6层) 2室1厅 | 60.3平米 | 南 北,https://ke-image.ljcdn.com/110000-inspection/ebb0c870-87c2-4584-9879-6a6ed6db361d_1000.jpg!m_fill,w_280,h_210,f_jpg?from=ke.com
20241021,东城,安贞,101122388020,北三环安贞  安华里一区 板楼低楼层  明厅三居 成本低必看好房,465万,70147元/平,低楼层 (共6层) | 2001年 | 3室1厅 | 66.29平米 | 东 西,https://ke-image.ljcdn.com/110000-inspection/008cf80f-1110-4352-8bc8-144dfa0a0dca_1000.jpg!m_fill,w_280,h_210,f_jpg?from=ke.com
20241021,东城,安贞,101121559030,小黄庄一区 南北通透两居室 精装修 采光好无遮挡,588万,105452元/平,高楼层 (共6层) 2室1厅 | 55.76平米 | 南 北,https://ke-image.ljcdn.com/110000-inspection/486f65a2-228f-445d-8cef-88973e18e0b0_1000.jpg!m_fill,w_280,h_210,f_jpg?from=ke.com
20241021,东城,安贞,101127136458,电梯直达公积金可贷30年双卧朝南无遮挡视野好必看好房,478万,67648元/平,高楼层 (共17层) | 1988年 | 2室1厅 | 70.66平米 | 南,https://ke-image.ljcdn.com/110000-inspection/cb0c2367-6653-45c8-ad98-abf9005bdddb_1000.jpg!m_fill,w_280,h_210,f_jpg?from=ke.com
20241021,东城,安贞,101127034151,二层田字格明厨明卫无遮挡南北通透必看好房,595万,81063元/平,低楼层 (共6层) 3室1厅 | 73.4平米 | 南 北,https://ke-image.ljcdn.com/110000-inspection/pc1_kDAygETE5.jpg!m_fill,w_280,h_210,f_jpg?from=ke.com
20241021,东城,安贞,101127018922,聚焦好房！公园旁！部位管理！出房少高层视野好。,529万,74824元/平,高楼层 (共16层) | 1985年 | 2室1厅 | 70.7平米 | 南,https://ke-image.ljcdn.com/110000-inspection/pc1_sB2B72nvg_1.jpg!m_fill,w_280,h_210,f_jpg?from=ke.com
20241021,东城,安贞,101127018513,聚焦好房！安贞91年格局好满五唯一随时看房必看好房,460万,64032元/平,中楼层 (共6层) | 1991年 | 3室1厅 | 71.84平米 | 东 西,https://ke-image.ljcdn.com/110000-inspection/pc1_kKWwdyxKR.jpg!m_fill,w_280,h_210,f_jpg?from=ke.com
20241021,东城,安贞,101126979547,北三环单价低jian漏好房干休所满五唯一必看好房,430万,53872元/平,低楼层 (共14层) | 1989年 | 3室1厅 | 79.82平米 | 东 西,https://ke-image.ljcdn.com/110000-inspection/791d6d1c-33ef-4bea-b418-441b8ba0e495_1000.jpg!m_fill,w_280,h_210,f_jpg?from=ke.com
20241021,东城,安贞,101126898735,安贞里 中粮家属楼 板楼3层 此楼环境好必看好房,319万,64432元/平,中楼层 (共6层) | 1982年 | 2室1厅 | 49.51平米 | 东北,https://ke-image.ljcdn.com/110000-inspection/pc1_BZJVLToVL.jpg!m_fill,w_280,h_210,f_jpg?from=ke.com
20241021,东城,安贞,101126871298,三居小户型业主诚意出售临地铁必看好房,325万,54203元/平,低楼层 (共13层) | 1992年 | 3室1厅 | 59.96平米 | 东南,https://ke-image.ljcdn.com/110000-inspection/pc1_qTmjxtyBs.jpg!m_fill,w_280,h_210,f_jpg?from=ke.com
20241021,东城,安贞,101126850317,安贞西里二区明卫二层近公园地铁必看好房,398万,68598元/平,低楼层 (共6层) | 1998年 | 2室1厅 | 58.02平米 | 东 西,https://ke-image.ljcdn.com/110000-inspection/pc1_PDr9dytjT.jpg!m_fill,w_280,h_210,f_jpg?from=ke.com
20241021,东城,安贞,101126746273,1992年小区 中间楼层 不临街 业主诚心出售,365万,55871元/平,中楼层 (共6层) | 1992年 | 2室1厅 | 65.33平米 | 东 西,https://ke-image.ljcdn.com/110000-inspection/pc1_KH3TzAq52.jpg!m_fill,w_280,h_210,f_jpg?from=ke.com
20241021,东城,安贞,101126694989,安贞西里四区 精装婚房 明厨明卫 钢混两居必看好房,370万,64059元/平,顶层 (共6层) | 1984年 | 2室1厅 | 57.76平米 | 南,https://ke-image.ljcdn.com/110000-inspection/f9c57da9-6ad7-40f9-b91d-6a71d3099c48_1000.jpg!m_fill,w_280,h_210,f_jpg?from=ke.com
20241021,东城,安贞,101126521469,安华里一区客厅带窗户出门50米地铁看房方便必看好房,178万,49090元/平,高楼层 (共6层) 1室1厅 | 36.26平米 | 北,https://ke-image.ljcdn.com/110000-inspection/d190bb19-6332-463b-b6bd-e411f8758358_1000.jpg!m_fill,w_280,h_210,f_jpg?from=ke.com
20241021,东城,安贞,101126506215,安贞西里 2室1厅 南,499万,72530元/平,中楼层 (共16层) 2室1厅 | 68.8平米 | 南,https://ke-image.ljcdn.com/110000-inspection/pc1_ueGrFEFtk_1.jpg!m_fill,w_280,h_210,f_jpg?from=ke.com
20241021,东城,安贞,101126486986,安华西里 煤炭部楼 管理好 精装修 采光好 不临街必看好房,489万,81568元/平,中楼层 (共21层) | 1989年 | 2室1厅 | 59.95平米 | 东南,https://ke-image.ljcdn.com/110000-inspection/45a66d99-1fbd-4cd7-bb32-c362c65d3195_1000.jpg!m_fill,w_280,h_210,f_jpg?from=ke.com
20241021,东城,安贞,101126461418,安贞里一区电梯南向近公园无遮挡满五唯一必看好房,498万,70479元/平,中楼层 (共17层) 2室1厅 | 70.66平米 | 南,https://ke-image.ljcdn.com/110000-inspection/pc1_NHz7FHFBa.jpg!m_fill,w_280,h_210,f_jpg?from=ke.com
20241021,东城,安贞,101126414432,东西通透满五年一手业主 近地铁 交通便利楼层低必看好房,355万,61176元/平,底层 (共6层) 2室1厅 | 58.03平米 | 东 西,https://ke-image.ljcdn.com/110000-inspection/pc1_rDB2qF7Lt_1.jpg!m_fill,w_280,h_210,f_jpg?from=ke.com
20241021,东城,安贞,101126402709,三环内 安华里社区 东南向 精装修大一居 价格可谈,299万,58296元/平,顶层 (共18层) | 1988年 | 1室1厅 | 51.29平米 | 南,https://ke-image.ljcdn.com/110000-inspection/13c3ef1d-c14b-4faa-bb01-b6c5433a8209_1000.jpg!m_fill,w_280,h_210,f_jpg?from=ke.com
20241021,东城,安贞,101126277868,2000年 大客厅 满五年唯一 精装修 小区环境好必看好房,330万,57223元/平,顶层 (共7层) 1室1厅 | 57.67平米 | 南 北,https://ke-image.ljcdn.com/110000-inspection/pc1_bIyk796jD.jpg!m_fill,w_280,h_210,f_jpg?from=ke.com
20241021,东城,安贞,101126250181,安华西里 东南两居室 业主诚心出售 管理好必看好房,340万,61009元/平,底层 (共21层) 2室1厅 | 55.73平米 | 东 南,https://ke-image.ljcdn.com/110000-inspection/21a72cae-684e-4457-9eb1-1551ef9a336d_1000.jpg!m_fill,w_280,h_210,f_jpg?from=ke.com
20241021,东城,安贞,101126236341,南北通透格局好精装修安静不临街有车位库房,1270万,111258元/平,顶层 (共7层) | 2014年 | 3室2厅 | 114.15平米 | 南 北,https://ke-image.ljcdn.com/110000-inspection/e0199f1d-baaa-4c88-bf64-8b161a8fb5e8_1000.jpg!m_fill,w_280,h_210,f_jpg?from=ke.com
20241021,东城,安贞,101126184051,北三环内安华里社区 正规三居 户型方正 满五年唯一,420万,62725元/平,顶层 (共18层) 3室1厅 | 66.96平米 | 东北,https://ke-image.ljcdn.com/110000-inspection/pc1_FRJp80LRJ_1.jpg!m_fill,w_280,h_210,f_jpg?from=ke.com
20241021,东城,安贞,101126177409,安华西里社区双南向两居室户型好满五年唯一必看好房,489万,74249元/平,中楼层 (共16层) 2室1厅 | 65.86平米 | 南 北,https://ke-image.ljcdn.com/110000-inspection/pc1_kxQgUlVBS.jpg!m_fill,w_280,h_210,f_jpg?from=ke.com
20241021,东城,安贞,101125993577,北三环 2014年7层板楼带电梯 花园洋房南北通透,1380万,125296元/平,顶层 (共7层) | 2014年 | 3室2厅 | 110.14平米 | 南 北,https://ke-image.ljcdn.com/110000-inspection/2b9d0374-10f8-49c2-b2fb-fa9515b984ba_1000.jpg!m_fill,w_280,h_210,f_jpg?from=ke.com
20241021,东城,安贞,101125973968,全明两居室中间楼层南北通透必看好房,435万,76036元/平,中楼层 (共6层) | 1984年 | 2室1厅 | 57.21平米 | 东 南 北,https://ke-image.ljcdn.com/110000-inspection/pc1_pNvu9xJZi.jpg!m_fill,w_280,h_210,f_jpg?from=ke.com
20241021,东城,安贞,101125283799,南北通透精装修两居户型方正全明格局满五唯一必看好房,420万,70458元/平,中楼层 (共5层) 2室1厅 | 59.61平米 | 南 北,https://ke-image.ljcdn.com/110000-inspection/pc1_1J7qFCaUG.jpg!m_fill,w_280,h_210,f_jpg?from=ke.com
20241021,东城,安贞,101125153777,聚焦好房精装修楼下地铁70年住宅业委会自管必看好房,415万,58575元/平,顶层 (共23层) | 1997年 | 2室2厅 | 70.85平米 | 北,https://ke-image.ljcdn.com/110000-inspection/c08e42b3-4f6f-4945-ac18-e07677601889_1000.jpg!m_fill,w_280,h_210,f_jpg?from=ke.com
20241021,东城,安贞,101125126784,安贞西里 中间层南北通透三居室 明厨明卫 双阳台必看好房,655万,81397元/平,中楼层 (共6层) 3室1厅 | 80.47平米 | 南 北,https://ke-image.ljcdn.com/110000-inspection/pc1_kjFfEuuLG_1.jpg!m_fill,w_280,h_210,f_jpg?from=ke.com
20241021,东城,安贞,101125073057,东城和平里安交安定门精装全明南北三居必看好房,828万,96911元/平,中楼层 (共20层) 3室1厅 | 85.44平米 | 南 北,https://ke-image.ljcdn.com/110000-inspection/pc1_ANw0wnpFT.jpg!m_fill,w_280,h_210,f_jpg?from=ke.com
20241021,东城,安贞,101125052812,安华里小三居 中间层 业主诚意出售,390万,60578元/平,中楼层 (共6层) | 1984年 | 3室1厅 | 64.38平米 | 西 北,https://ke-image.ljcdn.com/110000-inspection/5fdb6e6c-2852-4a2c-aad5-76f9ae390162_1000.jpg!m_fill,w_280,h_210,f_jpg?from=ke.com
20241021,东城,安贞,101124749226,安贞西里田字格三居 公积金可贷款27年 价格可谈必看好房,549万,74280元/平,高楼层 (共6层) | 1984年 | 3室1厅 | 73.91平米 | 南 北,https://ke-image.ljcdn.com/110000-inspection/725aa30e-c7f8-4c93-a98b-7cca62d264bc_1000.jpg!m_fill,w_280,h_210,f_jpg?from=ke.com
20241021,东城,安贞,101124741683,总监优选：中粮单位分房 只有契税  近安贞门站地铁,365万,67232元/平,高楼层 (共6层) | 1982年 | 2室1厅 | 54.29平米 | 南 北,https://ke-image.ljcdn.com/110000-inspection/a27ffd87-7e2e-407b-b435-e9a7e902adbe_1000.jpg!m_fill,w_280,h_210,f_jpg?from=ke.com
20241021,东城,安贞,101124228512,安华里社区 远洋集团 带电梯两居室 价格可谈,379万,65515元/平,顶层 (共18层) | 1988年 | 2室1厅 | 57.85平米 | 西北,https://ke-image.ljcdn.com/110000-inspection/d6c549fb-9962-4abf-8667-2b5a8294e3c7_1000.jpg!m_fill,w_280,h_210,f_jpg?from=ke.com
20241021,东城,安贞,101124158967,安华西里二区 南北通透 精装修可以拎包入住 前后花园,428万,74839元/平,中楼层 (共6层) | 1984年 | 2室1厅 | 57.19平米 | 南 北,https://ke-image.ljcdn.com/110000-inspection/17dee65e-6e67-4fcc-8f2c-e8286dbfc2fa_1000.jpg!m_fill,w_280,h_210,f_jpg?from=ke.com
20241021,东城,安贞,101124095755,安华西里 低楼层 南北通透  近地铁 不临街三居！必看好房,518万,72897元/平,低楼层 (共6层) | 1986年 | 3室1厅 | 71.06平米 | 南 北,https://ke-image.ljcdn.com/110000-inspection/pc1_oUdeJr5m1.jpg!m_fill,w_280,h_210,f_jpg?from=ke.com
20241021,东城,安贞,101123408772,安贞西里 东南一居 单独物业管理 不临街 景观视野好必看好房,199万,51662元/平,顶层 (共24层) | 1987年 | 1室1厅 | 38.52平米 | 东南,https://ke-image.ljcdn.com/110000-inspection/pc1_FVKRc1edu.jpg!m_fill,w_280,h_210,f_jpg?from=ke.com
20241021,东城,安贞,101123345196,小黄庄一区满五年两居室带客厅对小区看花园,608万,88902元/平,中楼层 (共21层) 2室1厅 | 68.39平米 | 南 北,https://ke-image.ljcdn.com/110000-inspection/pc1_jT5SZd8dd.jpg!m_fill,w_280,h_210,f_jpg?from=ke.com
20241021,东城,安贞,101122842500,安贞里干休所全明一居 公积金贷款29年 满五年唯一,399万,78808元/平,中楼层 (共17层) 1室1厅 | 50.63平米 | 东北,https://ke-image.ljcdn.com/110000-inspection/a1b61522-f42a-4df3-9c7b-268aabeb6379_1000.jpg!m_fill,w_280,h_210,f_jpg?from=ke.com
20241021,东城,安贞,101122561348,小黄庄前街13号院电梯房两居室满五年央产,330万,61442元/平,顶层 (共16层) | 1984年 | 2室1厅 | 53.71平米 | 南 西,https://ke-image.ljcdn.com/110000-inspection/pc1_pXTAZXmrX.jpg!m_fill,w_280,h_210,f_jpg?from=ke.com
20241021,东城,安贞,101120577576,电梯直达 南北通透 视野好 精装修大一居 有钥匙,495万,96548元/平,中楼层 (共12层) 1室1厅 | 51.27平米 | 南 北,https://ke-image.ljcdn.com/110000-inspection/0080894b-5b60-4024-8a52-beaad8cb2286_1000.jpg!m_fill,w_280,h_210,f_jpg?from=ke.com
20241021,东城,安贞,101127149592,安贞里一区 南向两居室 采光好新上,725万,82839元/平,底层 (共17层) | 1988年 | 2室1厅 | 87.52平米 | 南,https://ke-image.ljcdn.com/110000-inspection/pc1_3k4P0CcNu.jpg!m_fill,w_280,h_210,f_jpg?from=ke.com
20241021,东城,安贞,101127142437,精装修 带电梯大一居视野好新上,339万,57890元/平,中楼层 (共17层) | 1990年 | 1室1厅 | 58.56平米 | 南,https://ke-image.ljcdn.com/110000-inspection/2f031b6f-27bf-40f7-afb8-8e2a1254517f_1000.jpg!m_fill,w_280,h_210,f_jpg?from=ke.com
20241021,东城,安贞,101127095749,安贞西里一区化工部优质顶层大两居新上,490万,69307元/平,顶层 (共16层) | 1985年 | 2室1厅 | 70.7平米 | 南,https://ke-image.ljcdn.com/110000-inspection/87e5f136-efdd-4ce0-8a1b-cee7a2a16f29_1000.jpg!m_fill,w_280,h_210,f_jpg?from=ke.com
20241021,东城,安贞,101127095301,安华西里 两居带客厅 电梯房 随时可看 近公园新上,550万,74627元/平,低楼层 (共12层) | 1992年 | 2室1厅 | 73.7平米 | 南 北,https://ke-image.ljcdn.com/110000-inspection/e65931a3-6266-430c-9ffd-f8bb967fda7c_1000.jpg!m_fill,w_280,h_210,f_jpg?from=ke.com
20241021,东城,安贞,101127094247,5-12号和平西桥地铁 1993年房龄 中间楼层新上,350万,69987元/平,低楼层 (共6层) 1室1厅 | 50.01平米 | 南,https://ke-image.ljcdn.com/110000-inspection/79e76e63-b65e-452d-9af2-e74ccf2017a5_1000.jpg!m_fill,w_280,h_210,f_jpg?from=ke.com
20241021,东城,安贞,101127080358,靠谱卖 房子格局好 没有浪费面积 楼龄新新上,420万,64437元/平,顶层 (共7层) | 1994年 | 2室1厅 | 65.18平米 | 南 北,https://ke-image.ljcdn.com/110000-inspection/4342e395-5c20-4368-b283-2a8dd9401521_1000.jpg!m_fill,w_280,h_210,f_jpg?from=ke.com
20241021,东城,安贞,101127078625,富仁名苑三居室 97年楼龄 邻近公园新上,700万,69068元/平,底层 (共16层) | 1997年 | 3室1厅 | 101.35平米 | 东北,https://ke-image.ljcdn.com/110000-inspection/dcf82fd6-6d69-4a87-a28c-28f7f1c6b715_1000.jpg!m_fill,w_280,h_210,f_jpg?from=ke.com
20241021,东城,安贞,101127074487,北三环安贞1992年楼龄精装修交通便利新上,550万,70549元/平,高楼层 (共6层) | 1992年 | 3室1厅 | 77.96平米 | 东 西,https://ke-image.ljcdn.com/110000-inspection/d516ca06-efe2-4cd7-8f7a-5fc550e51543_1000.jpg!m_fill,w_280,h_210,f_jpg?from=ke.com
20241021,东城,安贞,101127031262,满两年 装修好 楼层好 视野好 采光好 管理好,950万,63254元/平,中楼层 (共23层) | 1997年 | 3室1厅 | 150.19平米 | 西北,https://ke-image.ljcdn.com/110000-inspection/ba9914d4-dad7-4a11-8b4c-a77b3c9de8ea_1000.jpg!m_fill,w_280,h_210,f_jpg?from=ke.com
20241021,东城,安贞,101127013684,安贞里 满五唯一 2000年楼新 精装修 大两居室,750万,74324元/平,中楼层 (共7层) 2室1厅 | 100.91平米 | 东 西,https://ke-image.ljcdn.com/110000-inspection/84b5c694-ccfa-4f43-a0f3-5391b1d0abd6_1000.jpg!m_fill,w_280,h_210,f_jpg?from=ke.com
20241021,东城,安贞,101127008870,安贞西里 南北通透 精装修 两居室 近地铁,335万,55099元/平,顶层 (共6层) | 1987年 | 2室1厅 | 60.8平米 | 南 北,https://ke-image.ljcdn.com/110000-inspection/eac222ee-6f95-4bd3-862a-f63c2e099fec_1000.jpg!m_fill,w_280,h_210,f_jpg?from=ke.com
20241021,东城,安贞,101126971973,国典华园 2室1厅 西南 北,1130万,100776元/平,中楼层 (共17层) | 2004年 | 2室1厅 | 112.13平米 | 西南 北,https://ke-image.ljcdn.com/110000-inspection/pc1_iSntgdW8v.jpg!m_fill,w_280,h_210,f_jpg?from=ke.com
20241021,东城,安贞,101126954498,满五 精装修 南北通透 不临街 电梯直达房主自荐,490万,76647元/平,中楼层 (共16层) | 1986年 | 2室1厅 | 63.93平米 | 南 北,https://ke-image.ljcdn.com/110000-inspection/066bb74c-f06f-46ed-8726-39596f7aceb8_1000.jpg!m_fill,w_280,h_210,f_jpg?from=ke.com
20241021,东城,安贞,101126947127,安贞里近公园东南两居带电梯采光视野好,590万,84893元/平,低楼层 (共17层) | 1988年 | 2室1厅 | 69.5平米 | 东南,https://ke-image.ljcdn.com/110000-inspection/e7d57eb2-b0f4-4396-a397-02c204187985_1000.jpg!m_fill,w_280,h_210,f_jpg?from=ke.com
20241021,东城,安贞,101126865688,文工团 南向1居带厅 楼龄新 产权清晰 诚心卖！,308万,71116元/平,低楼层 (共20层) 1室1厅 | 43.31平米 | 南,https://ke-image.ljcdn.com/110000-inspection/7dced446-df40-4f11-a73c-832b51f21ef1_1000.jpg!m_fill,w_280,h_210,f_jpg?from=ke.com
20241021,东城,安贞,101126845491,小黄庄前街2号院精装南北正规两室一厅,400万,65510元/平,高楼层 (共6层) | 1993年 | 2室1厅 | 61.06平米 | 南 北,https://ke-image.ljcdn.com/110000-inspection/2b9ef379-5306-461c-9b45-8db36f4538bb_1000.jpg!m_fill,w_280,h_210,f_jpg?from=ke.com
20241021,东城,安贞,101126828700,安华里中高层电梯两居室诚心出售。,406万,64992元/平,高楼层 (共16层) | 1987年 | 2室1厅 | 62.47平米 | 西 北,https://ke-image.ljcdn.com/110000-inspection/7fb30874-dfdb-4c1b-bd65-19e777192c31_1000.jpg!m_fill,w_280,h_210,f_jpg?from=ke.com
20241021,东城,安贞,101126795525,安华里 南向一居室中间楼层 精装修可拎包入住近地铁,279万,73152元/平,中楼层 (共6层) 1室1厅 | 38.14平米 | 南,https://ke-image.ljcdn.com/110000-inspection/97ab230e-8c68-43af-aa40-32aa85c2c749_1000.jpg!m_fill,w_280,h_210,f_jpg?from=ke.com
20241021,东城,安贞,101126786491,此房是满五年的双朝南向采光好小黄庄一区,350万,69736元/平,中楼层 (共6层) 2室1厅 | 50.19平米 | 南,https://ke-image.ljcdn.com/110000-inspection/d9f349df-c42d-4182-aa31-0fad814e22c6_1000.jpg!m_fill,w_280,h_210,f_jpg?from=ke.com
20241021,东城,安贞,101126773486,和平西街23号院 2室1厅 东北,600万,89419元/平,高楼层 (共20层) 2室1厅 | 67.1平米 | 东北,https://ke-image.ljcdn.com/110000-inspection/6643405d-98b7-43bb-91ed-e61e8b2c1db4_1000.jpg!m_fill,w_280,h_210,f_jpg?from=ke.com
20241021,东城,安贞,101126758862,安华里精装修 电梯两居室看房方便拎包入住,390万,64581元/平,低楼层 (共13层) | 1992年 | 2室2厅 | 60.39平米 | 西南,https://ke-image.ljcdn.com/110000-inspection/9ddbbd97-c9a1-4c39-a117-e3aa4ec48f87_1000.jpg!m_fill,w_280,h_210,f_jpg?from=ke.com
20241021,东城,安贞,101126751668,青年沟23号院和平西街23号院,590万,73329元/平,中楼层 (共20层) 2室1厅 | 80.46平米 | 西 西北,https://ke-image.ljcdn.com/110000-inspection/pc1_yZ4yIzM5X.jpg!m_fill,w_280,h_210,f_jpg?from=ke.com
20241021,东城,安贞,101126744190,安贞西里 2室1厅 南,530万,75188元/平,中楼层 (共16层) | 1986年 | 2室1厅 | 70.49平米 | 南,https://ke-image.ljcdn.com/110000-inspection/95a8466c-c53c-4fb8-9618-48b97fdc94e1_1000.jpg!m_fill,w_280,h_210,f_jpg?from=ke.com
20241021,东城,安贞,101126723812,满五年唯一东西通透楼层好配套齐全 交通便利,370万,63761元/平,中楼层 (共6层) 2室1厅 | 58.03平米 | 西 东,https://ke-image.ljcdn.com/110000-inspection/ba3a9ee0-6a31-48d1-a333-261521ada2e3_1000.jpg!m_fill,w_280,h_210,f_jpg?from=ke.com
20241021,东城,安贞,101126678698,安贞里三区南北通透看房方便诚意出售,465万,66543元/平,顶层 (共6层) 3室1厅 | 69.88平米 | 南 北,https://ke-image.ljcdn.com/110000-inspection/0811a177-65ad-449b-8cf4-595f224089d7_1000.jpg!m_fill,w_280,h_210,f_jpg?from=ke.com
20241021,东城,安贞,101126676959,小黄庄一区 南北通透三居室 精装修 双阳台房主自荐,799万,102148元/平,顶层 (共6层) 3室1厅 | 78.22平米 | 南 北,https://ke-image.ljcdn.com/110000-inspection/pc1_5aZT1GMz6_1.jpg!m_fill,w_280,h_210,f_jpg?from=ke.com
20241021,东城,安贞,101126666045,豪威家园 2室2厅 西南,930万,80000元/平,高楼层 (共16层) 2室2厅 | 116.25平米 | 西南,https://ke-image.ljcdn.com/110000-inspection/4589dda9-7aa8-48ac-9dd4-e4fab2083fd0_1000.jpg!m_fill,w_280,h_210,f_jpg?from=ke.com
20241021,东城,安贞,101126655027,东城和平里小黄庄一区 靠谱签约 满五唯一,650万,102881元/平,中楼层 (共21层) 2室1厅 | 63.18平米 | 南,https://ke-image.ljcdn.com/110000-inspection/d8438557-799a-4985-abaa-0890b8cafa83_1000.jpg!m_fill,w_280,h_210,f_jpg?from=ke.com
20241021,东城,安贞,101126651622,安贞安华里社区 电梯一居室 业主诚意出售 产权满五,270万,62385元/平,高楼层 (共16层) 1室1厅 | 43.28平米 | 西,https://ke-image.ljcdn.com/110000-inspection/b7e4ac10-bdd7-4c60-bc47-158e5909d1d3_1000.jpg!m_fill,w_280,h_210,f_jpg?from=ke.com
20241021,东城,安贞,101126646362,安贞里 2室1厅 西北,420万,71514元/平,中楼层 (共17层) 2室1厅 | 58.73平米 | 西北,https://ke-image.ljcdn.com/110000-inspection/pc1_XEOuC1DNl_1.jpg!m_fill,w_280,h_210,f_jpg?from=ke.com
20241021,东城,安贞,101126645053,安贞里二区南向一居室满五唯一无遮挡价格可谈,295万,66924元/平,中楼层 (共6层) | 1985年 | 1室1厅 | 44.08平米 | 南,https://ke-image.ljcdn.com/110000-inspection/ef05a960-13f6-44af-8b38-16bf6b6449e2_1000.jpg!m_fill,w_280,h_210,f_jpg?from=ke.com
20241021,东城,安贞,101126612037,安贞西里一区 双南南北2居 中间层 满五年唯一住房,449万,78566元/平,中楼层 (共6层) 2室1厅 | 57.15平米 | 南 北,https://ke-image.ljcdn.com/110000-inspection/pc1_vi3pAksrc_1.jpg!m_fill,w_280,h_210,f_jpg?from=ke.com
20241021,东城,安贞,101126594944,安定路东城区房本南向两居中间层满五唯一。,695万,145337元/平,中楼层 (共20层) 2室1厅 | 47.82平米 | 南,https://ke-image.ljcdn.com/110000-inspection/dc08af1b-37db-4a99-81da-7ddfb79f2ba8_1000.jpg!m_fill,w_280,h_210,f_jpg?from=ke.com
20241021,东城,安贞,101126594350,安外大街 东城和平里一居室交易成本低,510万,108905元/平,高楼层 (共16层) 1室1厅 | 46.83平米 | 东,https://ke-image.ljcdn.com/110000-inspection/pc1_974P35sEe_1.jpg!m_fill,w_280,h_210,f_jpg?from=ke.com
20241021,东城,安贞,101126588803,安华里五区中楼层把边两居室全明格局。房主自荐,430万,75731元/平,中楼层 (共6层) 2室1厅 | 56.78平米 | 南 西 北,https://ke-image.ljcdn.com/110000-inspection/538914a5-6bea-4db6-91bf-66c4ea1386d4_1000.jpg!m_fill,w_280,h_210,f_jpg?from=ke.com
20241021,东城,安贞,101126579546,安华西里 带电梯大一居交通便利 装修精美,315万,63000元/平,中楼层 (共11层) | 1991年 | 1室1厅 | 50平米 | 西,https://ke-image.ljcdn.com/110000-inspection/b1fcc423-175c-4433-9675-c858d51adbbf_1000.jpg!m_fill,w_280,h_210,f_jpg?from=ke.com
20241021,东城,安贞,101126556583,安贞里 3室1厅 东 西,508万,74971元/平,高楼层 (共6层) | 1991年 | 3室1厅 | 67.76平米 | 东 西,https://ke-image.ljcdn.com/110000-inspection/7ef15a6e-e60a-4ab7-a962-4c01c1ba690e_1000.jpg!m_fill,w_280,h_210,f_jpg?from=ke.com
20241021,东城,安贞,101126538999,小黄庄前街3号院 1室1厅 南,223万,58210元/平,顶层 (共6层) | 1982年 | 1室1厅 | 38.31平米 | 南,https://ke-image.ljcdn.com/110000-inspection/b6051392-fc15-47d5-909b-4358e8894f75_1000.jpg!m_fill,w_280,h_210,f_jpg?from=ke.com
20241021,东城,安贞,101126511828,小黄庄前街2号院 1室1厅 南 北 东,320万,65333元/平,底层 (共6层) | 1993年 | 1室1厅 | 48.98平米 | 南 北 东,https://ke-image.ljcdn.com/110000-inspection/pc1_6jDDzoOmM_1.jpg!m_fill,w_280,h_210,f_jpg?from=ke.com
20241021,东城,安贞,101126500232,安贞里2层精装修三居室一手业主大客厅,580万,84833元/平,低楼层 (共6层) | 1986年 | 3室1厅 | 68.37平米 | 南 北,https://ke-image.ljcdn.com/110000-inspection/f33a7c99-3528-4f15-8d28-ed75c903d2ce_1000.jpg!m_fill,w_280,h_210,f_jpg?from=ke.com
20241021,东城,安贞,101126492325,安贞里 2室1厅 西 北,440万,74388元/平,高楼层 (共17层) | 1990年 | 2室1厅 | 59.15平米 | 西 北,https://ke-image.ljcdn.com/110000-inspection/dc89910b-b58a-4ea5-bcbc-bd67168229d5_1000.jpg!m_fill,w_280,h_210,f_jpg?from=ke.com
20241021,东城,安贞,101126468213,小黄庄一区 正规两居室满五年唯一 婚房装修,638万,102490元/平,顶层 (共6层) 2室1厅 | 62.25平米 | 南 北,https://ke-image.ljcdn.com/110000-inspection/a73f3ada-79ed-406b-a65e-70c2e2fbd279_1000.jpg!m_fill,w_280,h_210,f_jpg?from=ke.com
20241021,东城,安贞,101126449906,朝南楼层好视野好户型方正采光充足,320万,74402元/平,中楼层 (共16层) | 1987年 | 1室1厅 | 43.01平米 | 南 北,https://ke-image.ljcdn.com/110000-inspection/pc1_p2Lj8jAxz_1.jpg!m_fill,w_280,h_210,f_jpg?from=ke.com
20241021,东城,安贞,101126432472,安华西里 90年年代新 精装拎包入住  明厅房主自荐,420万,76129元/平,高楼层 (共6层) 2室1厅 | 55.17平米 | 南 北 西,https://ke-image.ljcdn.com/110000-inspection/pc1_1BJw9VBVX_1.jpg!m_fill,w_280,h_210,f_jpg?from=ke.com
20241021,东城,安贞,101126416450,国典华园 2室2厅 西,1150万,102587元/平,低楼层 (共17层) | 2003年 | 2室2厅 | 112.1平米 | 西,https://ke-image.ljcdn.com/110000-inspection/3fde194f-05aa-40dd-adb0-d57fb33410fe_1000.jpg!m_fill,w_280,h_210,f_jpg?from=ke.com
20241021,东城,安贞,101126383885,国典华园 西南2居 闹中取静 不临街 满五年唯一,920万,88403元/平,低楼层 (共17层) | 2005年 | 2室1厅 | 104.07平米 | 西南,https://ke-image.ljcdn.com/110000-inspection/pc1_mN1yn1aMZ_1.jpg!m_fill,w_280,h_210,f_jpg?from=ke.com
20241021,东城,安贞,101126372439,【已完成改造】安贞西里南北双阳台两居室,520万,79694元/平,低楼层 (共6层) | 1984年 | 2室2厅 | 65.25平米 | 南 北,https://ke-image.ljcdn.com/110000-inspection/pc1_umfN2Ailt_1.jpg!m_fill,w_280,h_210,f_jpg?from=ke.com
20241021,东城,安贞,101126341223,安贞西里南北通透全明格局视野好无遮挡两居室,500万,76794元/平,顶层 (共6层) 2室1厅 | 65.11平米 | 南 北,https://ke-image.ljcdn.com/110000-inspection/pc1_VVnO4PEMn_1.jpg!m_fill,w_280,h_210,f_jpg?from=ke.com
20241021,东城,安贞,101126340177,东城和平里板块 大平层 改善 精装修 地铁口,1580万,69792元/平,低楼层 (共14层) 4室2厅 | 226.39平米 | 东 西,https://ke-image.ljcdn.com/110000-inspection/pc1_stix2h1bL_1.jpg!m_fill,w_280,h_210,f_jpg?from=ke.com
20241021,东城,安贞,101126301045,小黄庄前街2号院 3室1厅 南 西 北,680万,80000元/平,高楼层 (共6层) | 1993年 | 3室1厅 | 85平米 | 南 西 北,https://ke-image.ljcdn.com/110000-inspection/52cec0af-6201-4cb0-86e2-8960fba2b573_1000.jpg!m_fill,w_280,h_210,f_jpg?from=ke.com
20241021,东城,安贞,101126300024,满五年 双南两居 低楼高 采光好 视野开阔,375万,71239元/平,高楼层 (共6层) 2室1厅 | 52.64平米 | 南,https://ke-image.ljcdn.com/110000-inspection/pc1_KItG6oV4K_1.jpg!m_fill,w_280,h_210,f_jpg?from=ke.com
20241021,东城,安贞,101126286246,可公积金贷款 田字格三居地铁8号10号12号线围绕,480万,68328元/平,底层 (共6层) | 1985年 | 3室1厅 | 70.25平米 | 东 西,https://ke-image.ljcdn.com/110000-inspection/7b08feae-5794-4d3b-9393-f72ba2eee104_1000.jpg!m_fill,w_280,h_210,f_jpg?from=ke.com
20241021,东城,安贞,101126243874,安贞一层东西通透两居室适合老人居住楼下地铁安华,398万,76598元/平,底层 (共6层) 2室1厅 | 51.96平米 | 东 西,https://ke-image.ljcdn.com/110000-inspection/pc1_Pq0pxaEZr_1.jpg!m_fill,w_280,h_210,f_jpg?from=ke.com
20241021,东城,安贞,101126231128,安贞苑50号院东城区96年住宅南北通透带客厅,680万,103313元/平,高楼层 (共6层) 2室1厅 | 65.82平米 | 南 北,https://ke-image.ljcdn.com/110000-inspection/pc1_JUgbImXGd_1.jpg!m_fill,w_280,h_210,f_jpg?from=ke.com
20241021,东城,安贞,101126221146,安华西里二区精装修一居室有坡顶近地铁,249万,60777元/平,顶层 (共6层) | 1984年 | 1室1厅 | 40.97平米 | 南,https://ke-image.ljcdn.com/110000-inspection/70289a1e-746d-4d66-8dea-e994dd4ea5a1_1000.jpg!m_fill,w_280,h_210,f_jpg?from=ke.com
20241021,东城,安贞,101126105972,安贞里 1室1厅 南房主自荐,280万,61743元/平,中楼层 (共6层) 1室1厅 | 45.35平米 | 南,https://ke-image.ljcdn.com/110000-inspection/5bbafdd3-41c4-4b3e-84b4-5b7806ae4ee2_1000.jpg!m_fill,w_280,h_210,f_jpg?from=ke.com
20241021,东城,安贞,101126095621,一梯两户 通透一居室 精装 近公园地铁 管理好,899万,100481元/平,低楼层 (共17层) | 2004年 | 1室1厅 | 89.47平米 | 南 北,https://ke-image.ljcdn.com/110000-inspection/1a50efc0-aa43-4264-a82d-c0f966747e83_1000.jpg!m_fill,w_280,h_210,f_jpg?from=ke.com
20241021,东城,安贞,101126015269,三环内全明格局近地铁南北三居室采光视野好,560万,74647元/平,低楼层 (共16层) | 1987年 | 3室1厅 | 75.02平米 | 南 北,https://ke-image.ljcdn.com/110000-inspection/713d492c-7f0c-4325-aacd-a485e2ed8132_1000.jpg!m_fill,w_280,h_210,f_jpg?from=ke.com
20241021,东城,安贞,101125988688,东城区和平里楼层高视野无遮挡正规3居刚做改造,685万,106120元/平,低楼层 (共12层) 3室1厅 | 64.55平米 | 东北,https://ke-image.ljcdn.com/110000-inspection/ee08513c-083a-4fbe-8ae5-30865a670670_1000.jpg!m_fill,w_280,h_210,f_jpg?from=ke.com
20241021,东城,安贞,101125982456,小黄庄前街方正朝南一居室业主诚心出售房主自荐,267万,62108元/平,顶层 (共7层) | 1994年 | 1室1厅 | 42.99平米 | 南,https://ke-image.ljcdn.com/110000-inspection/pc1_5TEdBq1eH_1.jpg!m_fill,w_280,h_210,f_jpg?from=ke.com
20241021,东城,安贞,101125982477,安贞皇姑坟小区南北两居。精装修看房方便。满五唯一房主自荐,425万,76674元/平,高楼层 (共6层) | 1992年 | 2室1厅 | 55.43平米 | 南 北,https://ke-image.ljcdn.com/110000-inspection/b15be78e-d46a-4ccd-9494-ec488916f4b8_1000.jpg!m_fill,w_280,h_210,f_jpg?from=ke.com
20241021,东城,安贞,101125968760,安华西里紧挨地铁8号线满五年南北三居室电梯直达,575万,76647元/平,高楼层 (共16层) | 1986年 | 3室1厅 | 75.02平米 | 南 北,https://ke-image.ljcdn.com/110000-inspection/5b8238aa-bd46-4590-b7b3-020eb72fdffc_1000.jpg!m_fill,w_280,h_210,f_jpg?from=ke.com
20241021,东城,安贞,101125899109,国典华园满五唯一产权清晰安静舒适视野开阔诚心出售,1160万,103480元/平,中楼层 (共17层) | 2003年 | 2室2厅 | 112.1平米 | 西南,https://ke-image.ljcdn.com/110000-inspection/1a12c546-e149-4e45-941e-bd1b35ff7049_1000.jpg!m_fill,w_280,h_210,f_jpg?from=ke.com
20241021,东城,安贞,101125843989,精装修南向电梯房看房方便采光好无遮挡下楼公园,409万,69843元/平,中楼层 (共17层) 1室1厅 | 58.56平米 | 南,https://ke-image.ljcdn.com/110000-inspection/8888471a-75ef-4152-848f-df54ec742c89_1000.jpg!m_fill,w_280,h_210,f_jpg?from=ke.com
20241021,东城,安贞,101125841502,安外大街 2居通透户型 视野好 诚心出售产权清晰！,603万,98675元/平,中楼层 (共16层) 2室1厅 | 61.11平米 | 东 西,https://ke-image.ljcdn.com/110000-inspection/d395070b-3020-47f1-aed3-744bb20c91ff_1000.jpg!m_fill,w_280,h_210,f_jpg?from=ke.com
20241021,东城,安贞,101125838312,全南向两居室 满五年唯一 靠谱出售 国典华园,1149万,85301元/平,低楼层 (共17层) | 2004年 | 3室1厅 | 134.7平米 | 东南,https://ke-image.ljcdn.com/110000-inspection/89f07ecf-a141-4c94-ad63-06a2b93a388d_1000.jpg!m_fill,w_280,h_210,f_jpg?from=ke.com
20241021,东城,安贞,101125810297,小黄庄前街2号院 2室1厅 南 北,260万,40155元/平,地下室 (共6层) 2室1厅 | 64.75平米 | 南 北,https://ke-image.ljcdn.com/110000-inspection/pc1_BvoSoNKXF_1.jpg!m_fill,w_280,h_210,f_jpg?from=ke.com
20241021,东城,安贞,101125782916,安华里小区4区带电梯环境好地铁近,495万,77320元/平,中楼层 (共14层) | 1989年 | 2室1厅 | 64.02平米 | 南 北,https://ke-image.ljcdn.com/110000-inspection/cd8dab83-51f0-4e4e-a861-9fa3e505c193_1000.jpg!m_fill,w_280,h_210,f_jpg?from=ke.com
20241021,东城,安贞,101125772438,深房大厦  视野好采光好管理好,900万,59925元/平,低楼层 (共23层) | 1997年 | 3室2厅 | 150.19平米 | 西北,https://ke-image.ljcdn.com/110000-inspection/pc1_OWjBMuVOZ_1.jpg!m_fill,w_280,h_210,f_jpg?from=ke.com
20241021,东城,安贞,101125706181,东城和平里 1994年有电梯 精装修 满五唯一,699万,85526元/平,低楼层 (共16层) 3室1厅 | 81.73平米 | 东 南,https://ke-image.ljcdn.com/110000-inspection/a022e861-4e49-4936-a183-960aa16583ac_1000.jpg!m_fill,w_280,h_210,f_jpg?from=ke.com
20241021,东城,安贞,101125675250,北三环内安华桥双地铁环境好双南小两居,339万,72251元/平,底层 (共21层) | 1990年 | 2室1厅 | 46.92平米 | 南,https://ke-image.ljcdn.com/110000-inspection/pc1_vbvEGj5nz_1.jpg!m_fill,w_280,h_210,f_jpg?from=ke.com
20241021,东城,安贞,101125663279,国典华园 南向2居 双卫 中间层 满五年唯一 诚售,1250万,103059元/平,中楼层 (共17层) 2室1厅 | 121.29平米 | 南,https://ke-image.ljcdn.com/110000-inspection/3f681456-e4e1-4a55-9cf7-4da2fd74e2d7_1000.jpg!m_fill,w_280,h_210,f_jpg?from=ke.com
20241021,东城,安贞,101125654921,和平里 东城一居 94年带电梯正对花园,498万,106343元/平,中楼层 (共16层) 1室1厅 | 46.83平米 | 东 西,https://ke-image.ljcdn.com/110000-inspection/3e83f237-d944-4dcd-892d-09e8aa71a120_1000.jpg!m_fill,w_280,h_210,f_jpg?from=ke.com
20241021,东城,安贞,101125645816,安华里社区 精装一居室 业主诚意出售 价格能谈,300万,73243元/平,顶层 (共14层) | 1991年 | 1室1厅 | 40.96平米 | 东,https://ke-image.ljcdn.com/110000-inspection/pc1_BnikfBBod.jpg!m_fill,w_280,h_210,f_jpg?from=ke.com
20241021,东城,安贞,101125630476,安华西里社区  北三环 正规两居室 出门地铁,550万,79884元/平,高楼层 (共21层) 2室1厅 | 68.85平米 | 西南,https://ke-image.ljcdn.com/110000-inspection/335dc3bd-8a0e-49ab-b045-7a67e1e610c0_1000.jpg!m_fill,w_280,h_210,f_jpg?from=ke.com
20241021,东城,安贞,101125607773,满五年 军休所管理 近公园地铁 靠谱出售,555万,69532元/平,高楼层 (共14层) | 1989年 | 3室1厅 | 79.82平米 | 东 西,https://ke-image.ljcdn.com/110000-inspection/0738de54-ad33-4da7-9442-10e63ebabed3_1000.jpg!m_fill,w_280,h_210,f_jpg?from=ke.com
20241021,东城,安贞,101125525380,小黄庄一区 2室1厅 南 北,830万,113172元/平,中楼层 (共21层) 2室1厅 | 73.34平米 | 南 北,https://ke-image.ljcdn.com/110000-inspection/ef7b8634-2283-441c-9e9f-9f1ecbfd3fa1_1000.jpg!m_fill,w_280,h_210,f_jpg?from=ke.com
20241021,东城,安贞,101125517735,安华里  精装三居 楼道干净独立的物业管理很好,738万,93632元/平,低楼层 (共18层) | 1988年 | 3室1厅 | 78.82平米 | 东南,https://ke-image.ljcdn.com/110000-inspection/pc1_MXKCX3UTt_1.jpg!m_fill,w_280,h_210,f_jpg?from=ke.com
20241021,东城,安贞,101125508300,安贞里 全明格局 精装修 视野好光线充足 地铁方便,490万,77275元/平,中楼层 (共17层) | 1986年 | 2室1厅 | 63.41平米 | 东北,https://ke-image.ljcdn.com/110000-inspection/pc1_Nd50A34mO_1.jpg!m_fill,w_280,h_210,f_jpg?from=ke.com
20241021,东城,安贞,101125493427,东城区满五年且唯一精装修南北通透。,636万,96628元/平,顶层 (共6层) 2室1厅 | 65.82平米 | 南 北,https://ke-image.ljcdn.com/110000-inspection/6a17ac5c-7c73-47a5-b2e4-5f5cbd48c8f3_1000.jpg!m_fill,w_280,h_210,f_jpg?from=ke.com
20241021,东城,安贞,101125486559,胜古中路1号院 3室2厅 南 北,1210万,80721元/平,中楼层 (共14层) 3室2厅 | 149.9平米 | 南 北,https://ke-image.ljcdn.com/110000-inspection/pc1_F2gnAFhaT_1.jpg!m_fill,w_280,h_210,f_jpg?from=ke.com
20241021,东城,安贞,101125476028,安华西里板楼中间层两居室精装修无浪费面积,408万,71844元/平,低楼层 (共6层) 2室1厅 | 56.79平米 | 东 西,https://ke-image.ljcdn.com/110000-inspection/1d4d7224-b0b4-4f02-ae65-2c05d5b04171_1000.jpg!m_fill,w_280,h_210,f_jpg?from=ke.com
20241021,东城,安贞,101125453242,南北通透 满五唯一 北侧观景元大都遗址公园,1500万,87525元/平,中楼层 (共17层) | 2005年 | 3室2厅 | 171.38平米 | 南 北,https://ke-image.ljcdn.com/110000-inspection/a272667c-c418-4f04-94eb-89ceafcbe1da_1000.jpg!m_fill,w_280,h_210,f_jpg?from=ke.com
20241021,东城,安贞,101125448723,安贞里 电梯双南带大客厅 采光视野好 地铁公园方便,505万,67066元/平,高楼层 (共17层) | 1986年 | 2室1厅 | 75.3平米 | 南,https://ke-image.ljcdn.com/110000-inspection/1306bee1-25e9-4ac4-b3a2-11936eff0224_1000.jpg!m_fill,w_280,h_210,f_jpg?from=ke.com
20241021,东城,安贞,101125446248,安华里社区中石油单位分房电梯中间层,375万,58530元/平,中楼层 (共13层) | 1992年 | 2室1厅 | 64.07平米 | 南,https://ke-image.ljcdn.com/110000-inspection/pc1_b9zOHahFA_1.jpg!m_fill,w_280,h_210,f_jpg?from=ke.com
20241021,东城,安贞,101125433333,安华西里小区 近安华桥地铁口 全南1居 无遮挡！,300万,73225元/平,高楼层 (共6层) | 1985年 | 1室1厅 | 40.97平米 | 南,https://ke-image.ljcdn.com/110000-inspection/pc1_yBdrqifMx_1.jpg!m_fill,w_280,h_210,f_jpg?from=ke.com
20241021,东城,安贞,101125408298,国典华园高层南北大三居视野舒适敞亮诚意出售,1550万,90311元/平,高楼层 (共17层) | 2005年 | 3室2厅 | 171.63平米 | 南 北,https://ke-image.ljcdn.com/110000-inspection/f26adbb0-80b9-49ec-a676-1a5091425133_1000.jpg!m_fill,w_280,h_210,f_jpg?from=ke.com
20241021,东城,安贞,101125405947,安贞西里 东西通透全明两居室 公积金可以贷27年,358万,62089元/平,顶层 (共6层) | 1984年 | 2室1厅 | 57.66平米 | 东 西 北,https://ke-image.ljcdn.com/110000-inspection/15449ead-57c9-4847-9c2b-f65538c5ca28_1000.jpg!m_fill,w_280,h_210,f_jpg?from=ke.com
20241021,东城,安贞,101125399498,小黄庄前街13号院 东西通透两居室  满五唯一,365万,66112元/平,中楼层 (共6层) 2室1厅 | 55.21平米 | 东 西,https://ke-image.ljcdn.com/110000-inspection/8b73a160-b2d3-485a-abfb-c6b47fb1dd67_1000.jpg!m_fill,w_280,h_210,f_jpg?from=ke.com
20241021,东城,安贞,101125373627,安贞里电梯大一居 满五唯一 靠谱出售 看房随时,350万,59768元/平,顶层 (共17层) | 1994年 | 1室1厅 | 58.56平米 | 南,https://ke-image.ljcdn.com/110000-inspection/7c1d258c-160d-4c36-b386-e9864126cbbe_1000.jpg!m_fill,w_280,h_210,f_jpg?from=ke.com
20241021,东城,安贞,101125371095,小黄庄前街13号院  南北通透  满五唯一 格局好,760万,88116元/平,顶层 (共4层) 3室1厅 | 86.25平米 | 南 北,https://ke-image.ljcdn.com/110000-inspection/b8dc500d-cc1a-4b87-9941-90fdfdf39a4e_1000.jpg!m_fill,w_280,h_210,f_jpg?from=ke.com
20241021,东城,安贞,101125364237,兴化路2号院 2室1厅 西南,390万,68326元/平,高楼层 (共6层) 2室1厅 | 57.08平米 | 西南,https://ke-image.ljcdn.com/110000-inspection/pc1_oXV7Quj1z_1.jpg!m_fill,w_280,h_210,f_jpg?from=ke.com
20241021,东城,安贞,101125310120,国典华园 2005年商品房小区 北三环 惠新西街,850万,90706元/平,底层 (共17层) | 2005年 | 2室1厅 | 93.71平米 | 东 南 北,https://ke-image.ljcdn.com/110000-inspection/1698e6b6-1a50-4df0-8c87-ab7200136080_1000.jpg!m_fill,w_280,h_210,f_jpg?from=ke.com
20241021,东城,安贞,101125303116,安贞西里小区低楼层南北通透三居室,530万,79820元/平,底层 (共16层) 3室1厅 | 66.4平米 | 东 南 北,https://ke-image.ljcdn.com/110000-inspection/pc1_79nqoJ5xU.jpg!m_fill,w_280,h_210,f_jpg?from=ke.com
20241021,东城,安贞,101125267985,安华里社区东南向两居室明厨明卫中间层诚心卖,460万,79270元/平,中楼层 (共6层) 2室1厅 | 58.03平米 | 东 南 西,https://ke-image.ljcdn.com/110000-inspection/pc1_WSxfChZQX.jpg!m_fill,w_280,h_210,f_jpg?from=ke.com
20241021,东城,安贞,101125256798,安贞里电梯全明两居室近公园近地铁房主自荐,423万,66260元/平,低楼层 (共17层) | 1990年 | 2室1厅 | 63.84平米 | 东 东北 北,https://ke-image.ljcdn.com/110000-inspection/66d02a73-1c4b-4440-959d-7e491c0d946f_1000.jpg!m_fill,w_280,h_210,f_jpg?from=ke.com
20241021,东城,安贞,101125216999,北三环内安华西双地铁环境好无遮采光好楼道贴砖,420万,73724元/平,高楼层 (共6层) 2室1厅 | 56.97平米 | 东 西,https://ke-image.ljcdn.com/110000-inspection/ae6a6a4e-d0e7-44b2-9835-1dc4fdce258b_1000.jpg!m_fill,w_280,h_210,f_jpg?from=ke.com
20241021,东城,安贞,101125205764,安华西里电梯直达高层双南向两居室视野开阔采光无遮挡,510万,76692元/平,中楼层 (共16层) | 1986年 | 2室1厅 | 66.5平米 | 南,https://ke-image.ljcdn.com/110000-inspection/pc1_KRe3IWxY2.jpg!m_fill,w_280,h_210,f_jpg?from=ke.com
20241021,东城,安贞,101125200464,安贞和平里东南一居楼栋改造内部环境好。,480万,110625元/平,高楼层 (共20层) 1室1厅 | 43.39平米 | 东南,https://ke-image.ljcdn.com/110000-inspection/pc1_YhH5zoU9M.jpg!m_fill,w_280,h_210,f_jpg?from=ke.com
20241021,东城,安贞,101125199857,安华里社区 2室1厅 南 北,410万,81804元/平,底层 (共6层) | 1988年 | 2室1厅 | 50.12平米 | 南 北,https://ke-image.ljcdn.com/110000-inspection/4ea1012d-8ad8-4c80-9489-a93c5bad5536_1000.jpg!m_fill,w_280,h_210,f_jpg?from=ke.com
20241021,东城,安贞,101125178728,大龙公寓  正规两室一厅   楼龄新,998万,116671元/平,中楼层 (共21层) 2室1厅 | 85.54平米 | 东 南,https://ke-image.ljcdn.com/110000-inspection/e4d84ce2-e4b8-42f0-ae89-cc5131713a95_1000.jpg!m_fill,w_280,h_210,f_jpg?from=ke.com
20241021,东城,安贞,101125177079,安贞西里 南北通透 中间层 适合贷款 不临街,380万,66168元/平,高楼层 (共6层) 2室1厅 | 57.43平米 | 南 北,https://ke-image.ljcdn.com/110000-inspection/1f934a83-b923-4e49-b381-fa11599e85ad_1000.jpg!m_fill,w_280,h_210,f_jpg?from=ke.com
20241021,东城,安贞,101125150006,安华里三区 远洋宿舍管理好的楼 楼道干净 环境好房主自荐,425万,73466元/平,高楼层 (共18层) | 1988年 | 2室1厅 | 57.85平米 | 西 北,https://ke-image.ljcdn.com/110000-inspection/500b1117-67db-4407-9285-b131004772ef_1000.jpg!m_fill,w_280,h_210,f_jpg?from=ke.com
20241021,东城,安贞,101125149182,安华里一层两居室空置随时可看房诚意出售随时签约,350万,69625元/平,底层 (共6层) 2室1厅 | 50.27平米 | 东 西,https://ke-image.ljcdn.com/110000-inspection/f4050936-598e-44e0-b083-3fddbc4586fd_1000.jpg!m_fill,w_280,h_210,f_jpg?from=ke.com
20241021,东城,安贞,101125082965,东城和平里安定路小区满五央产交通便利配套完善,476万,96240元/平,低楼层 (共18层) 1室1厅 | 49.46平米 | 西南,https://ke-image.ljcdn.com/110000-inspection/pc1_UDtPGdr9z.jpg!m_fill,w_280,h_210,f_jpg?from=ke.com
20241021,东城,安贞,101124998618,符合公积金新政策 满五年唯一 精装修 视野采光开阔,238万,58362元/平,顶层 (共6层) | 1986年 | 1室1厅 | 40.78平米 | 南,https://ke-image.ljcdn.com/110000-inspection/68d33169-29cb-47d4-aec8-e5107a082fb8_1000.jpg!m_fill,w_280,h_210,f_jpg?from=ke.com
20241021,东城,安贞,101124981201,安贞西里 3室1厅 南 北,598万,82076元/平,顶层 (共6层) 3室1厅 | 72.86平米 | 南 北,https://ke-image.ljcdn.com/110000-inspection/pc1_v1CbvD01J.jpg!m_fill,w_280,h_210,f_jpg?from=ke.com
20241021,东城,安贞,101124943090,三环内安华里正规两居室东西朝向满五年商品房,330万,57322元/平,顶层 (共6层) 2室1厅 | 57.57平米 | 东 西,https://ke-image.ljcdn.com/110000-inspection/10216c70-dd23-43c3-a9dd-f2fbef288d85_1000.jpg!m_fill,w_280,h_210,f_jpg?from=ke.com
20241021,东城,安贞,101124938836,安华西里一区 两居西南 高层视野好 精装 好用客厅,500万,75484元/平,中楼层 (共21层) 2室1厅 | 66.24平米 | 西南,https://ke-image.ljcdn.com/110000-inspection/77b4b49c-d6ba-4fd2-bbb7-c064576c0095_1000.jpg!m_fill,w_280,h_210,f_jpg?from=ke.com
20241021,东城,安贞,101124915314,此房满五年唯一南北通透格局楼层好视野宽阔,312万,66482元/平,低楼层 (共12层) | 1994年 | 1室1厅 | 46.93平米 | 南 北,https://ke-image.ljcdn.com/110000-inspection/pc1_NA3zw0ub8_1.jpg!m_fill,w_280,h_210,f_jpg?from=ke.com
20241021,东城,安贞,101124903803,安贞里优质低楼层三居室安静不临街房主自荐,486万,77426元/平,低楼层 (共6层) 3室1厅 | 62.77平米 | 南 西 北,https://ke-image.ljcdn.com/110000-inspection/915af6be-bb2d-49b7-ab71-8a7eab28b603_1000.jpg!m_fill,w_280,h_210,f_jpg?from=ke.com
20241021,东城,安贞,101124889293,外馆西街南北两居室低楼层业主诚心卖,408万,77273元/平,低楼层 (共6层) | 1983年 | 2室1厅 | 52.8平米 | 南 北,https://ke-image.ljcdn.com/110000-inspection/977c3057-2d9f-453e-92c5-bae6cb07fa9c_1000.jpg!m_fill,w_280,h_210,f_jpg?from=ke.com
20241021,东城,安贞,101124857015,安贞西里 东南三居室  无遮挡 采光充足,540万,71790元/平,底层 (共16层) | 1986年 | 3室1厅 | 75.22平米 | 东南,https://ke-image.ljcdn.com/110000-inspection/561c4736-510e-4e0c-90b5-d0b0ef4d0a84_1000.jpg!m_fill,w_280,h_210,f_jpg?from=ke.com
20241021,东城,安贞,101124836509,小黄庄一区 2室1厅 东 西,598万,101770元/平,低楼层 (共6层) 2室1厅 | 58.76平米 | 东 西,https://ke-image.ljcdn.com/110000-inspection/44817bd5-70b0-4155-bef0-d6ef66467d54_1000.jpg!m_fill,w_280,h_210,f_jpg?from=ke.com
20241021,东城,安贞,101124824618,安贞里塔楼两居室精装修双阳台满五唯一,380万,64244元/平,低楼层 (共17层) 2室1厅 | 59.15平米 | 西 北,https://ke-image.ljcdn.com/110000-inspection/pc1_FR8isQUOj.jpg!m_fill,w_280,h_210,f_jpg?from=ke.com
20241021,东城,安贞,101124711912,安华西里地铁口大一居室电梯直达高层视野开阔采光无遮,330万,67513元/平,顶层 (共11层) 1室1厅 | 48.88平米 | 东 西,https://ke-image.ljcdn.com/110000-inspection/pc1_uxJWkl7KO.jpg!m_fill,w_280,h_210,f_jpg?from=ke.com
20241021,东城,安贞,101124705614,豪威家园  正规三居室  楼龄新 满五唯一,1299万,88536元/平,中楼层 (共16层) 3室1厅 | 146.72平米 | 东,https://ke-image.ljcdn.com/110000-inspection/pc1_l3B7Mtbbl.jpg!m_fill,w_280,h_210,f_jpg?from=ke.com
20241021,东城,安贞,101124660554,小黄庄前街13号院 2室1厅 东北,439万,66576元/平,中楼层 (共16层) | 1984年 | 2室1厅 | 65.94平米 | 东北,https://ke-image.ljcdn.com/110000-inspection/cdbb9568-2790-483a-bc29-8df51b238aaa_1000.jpg!m_fill,w_280,h_210,f_jpg?from=ke.com
20241021,东城,安贞,101124655240,北三环内安华西里地铁近环境好南北好楼层,430万,74563元/平,低楼层 (共6层) 2室1厅 | 57.67平米 | 南 北,https://ke-image.ljcdn.com/110000-inspection/pc1_aLxM6rmwX_1.jpg!m_fill,w_280,h_210,f_jpg?from=ke.com
20241021,东城,安贞,101124611115,满五唯一 中间层 环境优美 精装修房主自荐,452万,68548元/平,中楼层 (共16层) | 1984年 | 2室1厅 | 65.94平米 | 东北,https://ke-image.ljcdn.com/110000-inspection/14345d71-5995-4f13-a1a8-582b0a4bf57e_1000.jpg!m_fill,w_280,h_210,f_jpg?from=ke.com
20241021,东城,安贞,101124568987,网红两居室业主诚意出售临公园地铁格局好,318万,58274元/平,顶层 (共6层) 2室1厅 | 54.57平米 | 东 西,https://ke-image.ljcdn.com/110000-inspection/pc1_S2VWreiET_1.jpg!m_fill,w_280,h_210,f_jpg?from=ke.com
20241021,东城,安贞,101124540697,小黄庄前街3号院 南北通透 正规三居 满五年的房改,461万,63569元/平,高楼层 (共6层) | 1982年 | 3室1厅 | 72.52平米 | 南 北,https://ke-image.ljcdn.com/110000-inspection/6673bc13-6e6f-44d7-8ee9-40a5cca196f0_1000.jpg!m_fill,w_280,h_210,f_jpg?from=ke.com
20241021,东城,安贞,101124522299,满五年唯一  前后不临街 南北通透 2000年建房主自荐,899万,101069元/平,低楼层 (共6层) 2室1厅 | 88.95平米 | 南 北,https://ke-image.ljcdn.com/110000-inspection/d21b1eb9-17e9-4fb2-b27f-923a650dc021_1000.jpg!m_fill,w_280,h_210,f_jpg?from=ke.com
20241021,东城,安贞,101124521850,和平里 东城两居 满五年唯一  电梯直达,639万,105376元/平,高楼层 (共12层) 2室1厅 | 60.64平米 | 南,https://ke-image.ljcdn.com/110000-inspection/d5427a4c-97f9-4aca-8fbc-348f8e823315_1000.jpg!m_fill,w_280,h_210,f_jpg?from=ke.com
20241021,东城,安贞,101124502992,小黄庄优质好房距楼50米天丰利商场房主自荐,380万,75367元/平,中楼层 (共6层) | 1976年 | 2室1厅 | 50.42平米 | 南 北,https://ke-image.ljcdn.com/110000-inspection/d545dd4d-48a2-46cf-a74f-aa6b9b171e90_1000.jpg!m_fill,w_280,h_210,f_jpg?from=ke.com
20241021,东城,安贞,101124494814,北三环内安华里 通透电梯2居 随时看房 诚意出售,349万,58255元/平,低楼层 (共14层) 2室1厅 | 59.91平米 | 东南,https://ke-image.ljcdn.com/110000-inspection/pc1_940B0ADRr.jpg!m_fill,w_280,h_210,f_jpg?from=ke.com
20241021,东城,安贞,101124431830,安贞西里 电梯南北三居室全明户型大客厅,670万,87731元/平,低楼层 (共24层) 3室1厅 | 76.37平米 | 西南 北,https://ke-image.ljcdn.com/110000-inspection/92d5deb6-e82c-465c-adb1-1c931a44ff52_1000.jpg!m_fill,w_280,h_210,f_jpg?from=ke.com
20241021,东城,安贞,101124427216,满五年唯一 国典华园 高楼层 视野无遮挡,1390万,99606元/平,顶层 (共17层) 3室2厅 | 139.55平米 | 南,https://ke-image.ljcdn.com/110000-inspection/pc1_8qPk29unf.jpg!m_fill,w_280,h_210,f_jpg?from=ke.com
20241021,东城,安贞,101124392557,小黄庄前街2号院 2室1厅 南 北,450万,75937元/平,顶层 (共6层) | 1993年 | 2室1厅 | 59.26平米 | 南 北,https://ke-image.ljcdn.com/110000-inspection/c434050c-8a08-4976-9901-c0cbc050506f_1000.jpg!m_fill,w_280,h_210,f_jpg?from=ke.com
20241021,东城,安贞,101124373520,南北通透 采光充足 交通便利,575万,82734元/平,高楼层 (共6层) 3室1厅 | 69.5平米 | 南 北,https://ke-image.ljcdn.com/110000-inspection/15a29822-35b3-468d-90a5-07a195949a01_1000.jpg!m_fill,w_280,h_210,f_jpg?from=ke.com
20241021,东城,安贞,101124333369,安华里社区 精装两居室 正规客厅 12号线安贞桥,416万,81955元/平,底层 (共6层) 2室1厅 | 50.76平米 | 南 北,https://ke-image.ljcdn.com/110000-inspection/pc1_O3DVCTwYk.jpg!m_fill,w_280,h_210,f_jpg?from=ke.com
20241021,东城,安贞,101124320387,安华西里  电梯两居  环境优美  交通便利,470万,76823元/平,底层 (共11层) 2室1厅 | 61.18平米 | 南,https://ke-image.ljcdn.com/110000-inspection/7b8a96ee-8cae-437f-93a8-a657a6fd9a93_1000.jpg!m_fill,w_280,h_210,f_jpg?from=ke.com
20241021,东城,安贞,101124279227,小两居 满五年 看房随时 不临街安静 配套齐全紧挨公园,345万,70165元/平,低楼层 (共21层) | 1990年 | 2室1厅 | 49.17平米 | 东,https://ke-image.ljcdn.com/110000-inspection/9b78d311-c957-441f-a02e-0c24cf2c3fb0_1000.jpg!m_fill,w_280,h_210,f_jpg?from=ke.com
20241021,东城,安贞,101124233022,安贞里 化工部自 电梯两居 满五年 近地铁公园,390万,66565元/平,低楼层 (共17层) 2室1厅 | 58.59平米 | 西 北,https://ke-image.ljcdn.com/110000-inspection/pc1_GF9iegOAd.jpg!m_fill,w_280,h_210,f_jpg?from=ke.com
20241021,东城,安贞,101124232736,北三环 安贞西里 田字格三居 满五年唯一 层高2.8米,550万,74719元/平,顶层 (共6层) 3室1厅 | 73.61平米 | 南 北,https://ke-image.ljcdn.com/110000-inspection/pc1_mBRGSsYOm.jpg!m_fill,w_280,h_210,f_jpg?from=ke.com
20241021,东城,安贞,101124228373,安贞里三居室近地铁无遮挡视野好楼下公园,498万,66242元/平,中楼层 (共17层) | 1986年 | 3室1厅 | 75.18平米 | 东 北,https://ke-image.ljcdn.com/110000-inspection/pc1_qHSn3wxJY.jpg!m_fill,w_280,h_210,f_jpg?from=ke.com
20241021,东城,安贞,101124214445,【科技两居】安贞里一区东南两居室精装修,550万,75654元/平,底层 (共17层) 2室1厅 | 72.7平米 | 东南,https://ke-image.ljcdn.com/110000-inspection/pc1_feCRlrPc0.jpg!m_fill,w_280,h_210,f_jpg?from=ke.com
20241021,东城,安贞,101124208717,安华里五区中间层南北两居诚心卖看房方便,360万,70423元/平,中楼层 (共5层) | 1980年 | 2室1厅 | 51.12平米 | 南 北,https://ke-image.ljcdn.com/110000-inspection/pc1_V17ZtGy87_1.jpg!m_fill,w_280,h_210,f_jpg?from=ke.com
20241021,东城,安贞,101124205632,东城和平里兴化路11号院电梯两居,599万,106056元/平,顶层 (共12层) 2室0厅 | 56.48平米 | 南,https://ke-image.ljcdn.com/110000-inspection/16aaa0e0-69b8-4be6-a01a-5b0f95422832_1000.jpg!m_fill,w_280,h_210,f_jpg?from=ke.com
20241021,东城,安贞,101124193725,国典华园西南向三居室无遮挡视野好,1680万,98017元/平,顶层 (共17层) 3室1厅 | 171.4平米 | 西南,https://ke-image.ljcdn.com/110000-inspection/pc1_d8FeV3JrW.jpg!m_fill,w_280,h_210,f_jpg?from=ke.com
20241021,东城,安贞,101124173642,房子满五年唯一 商品房 楼龄新 电梯中间层 环境美,780万,93965元/平,高楼层 (共21层) 3室1厅 | 83.01平米 | 东 西,https://ke-image.ljcdn.com/110000-inspection/9e405837-19ac-42e5-8433-f851ee049d07_1000.jpg!m_fill,w_280,h_210,f_jpg?from=ke.com
20241021,东城,安贞,101124171834,安贞安华西里南北向精装修高层两居室随时可看随时签约房主自荐,395万,71976元/平,高楼层 (共6层) 2室1厅 | 54.88平米 | 南 北,https://ke-image.ljcdn.com/110000-inspection/pc1_MojAPCwey.jpg!m_fill,w_280,h_210,f_jpg?from=ke.com
20241021,东城,安贞,101124141767,皇姑坟小区 92年楼龄 中间层 精装 小区新改造,465万,63430元/平,中楼层 (共6层) 3室1厅 | 73.31平米 | 东,https://ke-image.ljcdn.com/110000-inspection/pc1_atY9zOEBe.jpg!m_fill,w_280,h_210,f_jpg?from=ke.com
20241021,东城,安贞,101124126205,和平西街23号院方正一居小区管理好配套完善,330万,76195元/平,中楼层 (共20层) 1室1厅 | 43.31平米 | 南,https://ke-image.ljcdn.com/110000-inspection/c4dc2d19-c2ad-4c97-af51-4e99564a6309_1000.jpg!m_fill,w_280,h_210,f_jpg?from=ke.com
20241021,东城,安贞,101124123874,小黄庄前街13号院 2室1厅 南 北,399万,69853元/平,顶层 (共4层) 2室1厅 | 57.12平米 | 南 北,https://ke-image.ljcdn.com/110000-inspection/107009b3-3828-4e8a-85bc-6d745d43126b_1000.jpg!m_fill,w_280,h_210,f_jpg?from=ke.com
20241021,东城,安贞,101124085023,安华西里一区精装的电梯房一居室,319万,74169元/平,高楼层 (共16层) 1室1厅 | 43.01平米 | 南,https://ke-image.ljcdn.com/110000-inspection/234bbb13-1caa-4065-8e5f-7e62d0e807db_1000.jpg!m_fill,w_280,h_210,f_jpg?from=ke.com
20241021,东城,安贞,101124083034,带电梯一居 户型方正无浪费 管理好 交通便利 环境好,260万,66701元/平,底层 (共16层) 1室1厅 | 38.98平米 | 南 北,https://ke-image.ljcdn.com/110000-inspection/f602b558-891f-43d3-b766-83868e0b3ff6_1000.jpg!m_fill,w_280,h_210,f_jpg?from=ke.com
20241021,东城,安贞,101124059032,安贞里  安贞医院家属院  单独管理 朝南一居,299万,67297元/平,低楼层 (共18层) | 1989年 | 1室1厅 | 44.43平米 | 南,https://ke-image.ljcdn.com/110000-inspection/d4bc9ee4-e755-4ffd-b308-fe67ea50d00d_1000.jpg!m_fill,w_280,h_210,f_jpg?from=ke.com
20241021,东城,安贞,101124053665,安华西里 带电梯 近地铁 采光好一居 业主诚意出售,300万,69752元/平,中楼层 (共16层) 1室1厅 | 43.01平米 | 南,https://ke-image.ljcdn.com/110000-inspection/pc1_xUmNKEksE.jpg!m_fill,w_280,h_210,f_jpg?from=ke.com
20241021,东城,安贞,101124041255,地铁8号10号12号线围绕安贞里两居带电梯有客厅,510万,72177元/平,低楼层 (共17层) | 1987年 | 2室1厅 | 70.66平米 | 南,https://ke-image.ljcdn.com/110000-inspection/f7665757-aa27-435a-965c-104675df68b5_1000.jpg!m_fill,w_280,h_210,f_jpg?from=ke.com
20241021,东城,安贞,101124012019,安贞里 板楼带电梯 精装修 看房随时 诚心出售,335万,79197元/平,中楼层 (共6层) | 1986年 | 1室1厅 | 42.3平米 | 南,https://ke-image.ljcdn.com/110000-inspection/pc1_1AiM5OCTp.jpg!m_fill,w_280,h_210,f_jpg?from=ke.com
20241021,东城,安贞,101123973528,安华里二区中楼层户型方正没有浪费不临街不遮挡,285万,75758元/平,中楼层 (共6层) | 1993年 | 1室1厅 | 37.62平米 | 南 西,https://ke-image.ljcdn.com/110000-inspection/pc1_QSFKQMJ9G_1.jpg!m_fill,w_280,h_210,f_jpg?from=ke.com
20241021,东城,安贞,101123959102,国典华园满五年唯一无遮挡不临街西南向三居室,1536万,97972元/平,高楼层 (共17层) | 2005年 | 3室2厅 | 156.78平米 | 西南,https://ke-image.ljcdn.com/110000-inspection/pc1_bTHusDYk2.jpg!m_fill,w_280,h_210,f_jpg?from=ke.com
20241021,东城,安贞,101123950080,安贞西里 电梯三居室 南北通透 靠近地铁公园房主自荐,530万,74859元/平,顶层 (共16层) | 1986年 | 3室1厅 | 70.8平米 | 南 北,https://ke-image.ljcdn.com/110000-inspection/pc1_2FJYKmY7A_1.jpg!m_fill,w_280,h_210,f_jpg?from=ke.com
20241021,东城,安贞,101123941374,北三环 安贞里 满五年 有电梯 无遮挡 不临街,510万,67159元/平,低楼层 (共17层) | 1994年 | 3室1厅 | 75.94平米 | 东北,https://ke-image.ljcdn.com/110000-inspection/pc1_WwBNZKWJF.jpg!m_fill,w_280,h_210,f_jpg?from=ke.com
20241021,东城,安贞,101123934185,国典华园南北高层大三居观景房3+1格局,1500万,87684元/平,中楼层 (共17层) | 2005年 | 3室2厅 | 171.07平米 | 南 北,https://ke-image.ljcdn.com/110000-inspection/14573819-dddb-4be8-8352-32fd52621091_1000.jpg!m_fill,w_280,h_210,f_jpg?from=ke.com
20241021,东城,安贞,101123856658,安华里 价格可谈 东西通透 满五年唯一商品房,410万,72158元/平,中楼层 (共14层) | 1991年 | 2室1厅 | 56.82平米 | 西 东 南,https://ke-image.ljcdn.com/110000-inspection/f85dcb42-2ee2-46db-94fe-a78b5c844423_1000.jpg!m_fill,w_280,h_210,f_jpg?from=ke.com
20241021,东城,安贞,101123852327,东城区 满五年唯一商品房 双南朝向 精装修 采光视野好,850万,121412元/平,低楼层 (共21层) 2室1厅 | 70.01平米 | 南,https://ke-image.ljcdn.com/110000-inspection/9fca75ce-8fca-4400-945a-5272a74f8ca1_1000.jpg!m_fill,w_280,h_210,f_jpg?from=ke.com
20241021,东城,安贞,101123846067,【总监推荐】小黄庄一区两室高层采光好安静看花园,645万,94313元/平,高楼层 (共21层) 2室1厅 | 68.39平米 | 南 北,https://ke-image.ljcdn.com/110000-inspection/668f0bf6-417b-4f7c-8262-06c5d7462d62_1000.jpg!m_fill,w_280,h_210,f_jpg?from=ke.com
20241021,东城,安贞,101123812371,安贞里中间位置不临街 南北通透三居室,480万,69045元/平,顶层 (共5层) 3室1厅 | 69.52平米 | 南 北,https://ke-image.ljcdn.com/110000-inspection/93ea1cc2-fc5f-480d-94c6-311af39e149d_1000.jpg!m_fill,w_280,h_210,f_jpg?from=ke.com
20241021,东城,安贞,101123792115,安贞里西南三居室交通方便无遮挡,680万,82958元/平,低楼层 (共17层) 3室1厅 | 81.97平米 | 西南,https://ke-image.ljcdn.com/110000-inspection/pc1_QrBercvdu_1.jpg!m_fill,w_280,h_210,f_jpg?from=ke.com
20241021,东城,安贞,101123771461,安贞西里二区 楼下公园 中石油管理 电梯大两居 带客厅房主自荐,610万,82422元/平,中楼层 (共24层) | 1987年 | 2室1厅 | 74.01平米 | 东南,https://ke-image.ljcdn.com/110000-inspection/7275b1a7-7771-4a03-9ba3-21897c095a4d_1000.jpg!m_fill,w_280,h_210,f_jpg?from=ke.com
20241021,东城,安贞,101123734841,安华西里社区朝南一居室无遮挡采光好不临街房主自荐,275万,65916元/平,高楼层 (共6层) 1室1厅 | 41.72平米 | 南,https://ke-image.ljcdn.com/110000-inspection/pc1_4nmjmwW6g_1.jpg!m_fill,w_280,h_210,f_jpg?from=ke.com
20241021,东城,安贞,101123730977,东城区 安定路西南向有客厅一居室钢混结构,500万,101092元/平,高楼层 (共18层) 1室1厅 | 49.46平米 | 西南,https://ke-image.ljcdn.com/110000-inspection/pc1_yhJxQIVmF.jpg!m_fill,w_280,h_210,f_jpg?from=ke.com
20241021,东城,安贞,101123650079,南北通透 全明格局 满五年央产 管理好 视野好 不临街,420万,69456元/平,顶层 (共6层) 2室1厅 | 60.47平米 | 南 北,https://ke-image.ljcdn.com/110000-inspection/pc1_cH3iVooKk.jpg!m_fill,w_280,h_210,f_jpg?from=ke.com
20241021,东城,安贞,101123591593,安贞里一层三居室上下出入方便。北侧元大都公园,525万,80571元/平,底层 (共6层) | 1987年 | 3室1厅 | 65.16平米 | 南 北,https://ke-image.ljcdn.com/110000-inspection/pc1_BLdFWfqlR.jpg!m_fill,w_280,h_210,f_jpg?from=ke.com
20241021,东城,安贞,101123550599,安贞里 2室1厅 南 北,370万,67593元/平,中楼层 (共6层) | 1984年 | 2室1厅 | 54.74平米 | 南 北,https://ke-image.ljcdn.com/110000-inspection/pc1_efQdDdq0n.jpg!m_fill,w_280,h_210,f_jpg?from=ke.com
20241021,东城,安贞,101123479855,房子是90年钢混结构比较新也方便贷款距离地铁近,650万,84274元/平,低楼层 (共21层) 3室1厅 | 77.13平米 | 东 西 北,https://ke-image.ljcdn.com/110000-inspection/45eec682-5cee-4924-8bdc-74908ce477c9_1000.jpg!m_fill,w_280,h_210,f_jpg?from=ke.com
20241021,东城,安贞,101123437921,总监推荐电梯直达南向一居采光好满五年*,299万,69844元/平,高楼层 (共16层) | 1986年 | 1室1厅 | 42.81平米 | 南,https://ke-image.ljcdn.com/110000-inspection/f31aa150-131f-411a-ab96-366de5abb701_1000.jpg!m_fill,w_280,h_210,f_jpg?from=ke.com
20241021,东城,安贞,101123389925,化工部自管楼 可视门禁 上下水外保温新做 满五唯一房主自荐,358万,86328元/平,高楼层 (共6层) 1室1厅 | 41.47平米 | 南,https://ke-image.ljcdn.com/110000-inspection/pc1_TRlcCtqn1.jpg!m_fill,w_280,h_210,f_jpg?from=ke.com
20241021,东城,安贞,101123259850,安华西里 中间楼层 电梯直达 满五年唯一 采光好,380万,89202元/平,中楼层 (共16层) 1室1厅 | 42.6平米 | 南,https://ke-image.ljcdn.com/110000-inspection/c69a6f63-8dea-492c-af97-58172353535e_1000.jpg!m_fill,w_280,h_210,f_jpg?from=ke.com
20241021,东城,安贞,101123259185,东城和平里小黄庄一区 正规两居 诚心出售 随时可签,615万,101991元/平,顶层 (共6层) 2室1厅 | 60.3平米 | 南 北,https://ke-image.ljcdn.com/110000-inspection/pc1_OCK64FGfA_1.jpg!m_fill,w_280,h_210,f_jpg?from=ke.com
20241021,东城,安贞,101123258224,安贞里东北向一居室 视野采光好,400万,86133元/平,低楼层 (共17层) | 1988年 | 1室1厅 | 46.44平米 | 东北,https://ke-image.ljcdn.com/110000-inspection/pc1_KH0YPDzZQ.jpg!m_fill,w_280,h_210,f_jpg?from=ke.com
20241021,东城,安贞,101123182468,安贞西里朝南全明一居室不临街无遮挡,310万,75390元/平,中楼层 (共6层) | 1986年 | 1室1厅 | 41.12平米 | 南,https://ke-image.ljcdn.com/110000-inspection/ea1bd24f-08b2-4a5c-ade5-6419edaab3e0_1000.jpg!m_fill,w_280,h_210,f_jpg?from=ke.com
20241021,东城,安贞,101123125425,和平里小黄庄、安定门外小黄庄南北通透精装两居,610万,104221元/平,高楼层 (共6层) 2室1厅 | 58.53平米 | 南 北,https://ke-image.ljcdn.com/110000-inspection/dbd63e40-b4c0-49ee-b908-ffce5a3981ee_1000.jpg!m_fill,w_280,h_210,f_jpg?from=ke.com
20241021,东城,安贞,101123027757,东城和平里南北通透三居室满五年唯一电梯直达,858万,101744元/平,高楼层 (共21层) 3室1厅 | 84.33平米 | 南 北,https://ke-image.ljcdn.com/110000-inspection/f5e6d576-7dd5-4ad6-a59a-66836ce1d91d_1000.jpg!m_fill,w_280,h_210,f_jpg?from=ke.com
20241021,东城,安贞,101123025869,东城区  小黄庄一区  有固定车位,698万,115755元/平,高楼层 (共6层) 2室1厅 | 60.3平米 | 南 北,https://ke-image.ljcdn.com/110000-inspection/2d993e76-62bd-4ba5-870d-00515f6fab5e_1000.jpg!m_fill,w_280,h_210,f_jpg?from=ke.com
20241021,东城,安贞,101122987768,安贞西里 电梯东南两居室 楼道干净 楼层好 视野好,550万,96509元/平,高楼层 (共24层) | 1987年 | 2室1厅 | 56.99平米 | 南,https://ke-image.ljcdn.com/110000-inspection/3a788976-eb64-44ce-b44c-6f4e1fd63c48_1000.jpg!m_fill,w_280,h_210,f_jpg?from=ke.com
20241021,东城,安贞,101122973042,满五唯一中楼层采光好 装修保持好 近地铁,466万,82245元/平,中楼层 (共6层) 2室1厅 | 56.66平米 | 东 西,https://ke-image.ljcdn.com/110000-inspection/3105961f-b40a-4eb3-9b61-19e4d4a34f91_1000.jpg!m_fill,w_280,h_210,f_jpg?from=ke.com
20241021,东城,安贞,101122961176,小黄庄甲8号院 96年楼龄 南北两居带客厅 有车位,618万,79691元/平,底层 (共7层) | 1996年 | 2室1厅 | 77.55平米 | 南 北,https://ke-image.ljcdn.com/110000-inspection/2d7bdc2b-c6a6-4bdd-81cb-189dc4ca88b4_1000.jpg!m_fill,w_280,h_210,f_jpg?from=ke.com
20241021,东城,安贞,101122942628,明厨明卫南北通透中海油单位管理z好楼层2层,600万,78268元/平,低楼层 (共6层) | 1983年 | 3室1厅 | 76.66平米 | 南 西 北,https://ke-image.ljcdn.com/110000-inspection/pc1_LzaiiGO1f_1.jpg!m_fill,w_280,h_210,f_jpg?from=ke.com
20241021,东城,安贞,101122942448,精装一居室南向中海油单位管理好楼层2层,310万,76582元/平,低楼层 (共6层) | 1983年 | 1室1厅 | 40.48平米 | 南,https://ke-image.ljcdn.com/110000-inspection/1b709c59-e99f-443b-861e-c04146325f1d_1000.jpg!m_fill,w_280,h_210,f_jpg?from=ke.com
20241021,东城,安贞,101122866072,有钥匙看房方便 中间楼层 采光好视野开阔,629万,94233元/平,低楼层 (共20层) | 1990年 | 3室1厅 | 66.75平米 | 西南,https://ke-image.ljcdn.com/110000-inspection/19e2bef5-a821-43b0-bc83-953a67d7987d_1000.jpg!m_fill,w_280,h_210,f_jpg?from=ke.com
20241021,东城,安贞,101122846335,底价呈现谈价不点田字格不爬楼可停车诚售,465万,74353元/平,底层 (共6层) | 1976年 | 3室1厅 | 62.54平米 | 南 北,https://ke-image.ljcdn.com/110000-inspection/99977aa1-eb6d-4313-bc4b-ac82c0a7c452_1000.jpg!m_fill,w_280,h_210,f_jpg?from=ke.com
20241021,东城,安贞,101122752191,东西双通透 田字格全明 三层 楼下公园地铁,685万,86852元/平,中楼层 (共6层) 3室1厅 | 78.87平米 | 东 西,https://ke-image.ljcdn.com/110000-inspection/4e5cd7e2-d0ee-4cda-a9b9-73c6f0edb9a4_1000.jpg!m_fill,w_280,h_210,f_jpg?from=ke.com
20241021,东城,安贞,101122682820,东城区东西通透三居室中间层产权清晰,635万,96067元/平,高楼层 (共6层) 3室1厅 | 66.1平米 | 东 西,https://ke-image.ljcdn.com/110000-inspection/febb91f1-348b-4816-a4de-7384bf429d27_1000.jpg!m_fill,w_280,h_210,f_jpg?from=ke.com
20241021,东城,安贞,101122664526,东城区 和平里 小黄庄一区 南北通透 精装修两居室,899万,117517元/平,低楼层 (共21层) 2室1厅 | 76.5平米 | 南 北,https://ke-image.ljcdn.com/110000-inspection/7b564020-6388-419e-9d8d-831396092819_1000.jpg!m_fill,w_280,h_210,f_jpg?from=ke.com
20241021,东城,安贞,101122654380,安贞西里 南北通透全明一居 钢混结构 前后不临街,359万,85477元/平,中楼层 (共6层) 1室1厅 | 42平米 | 南 北,https://ke-image.ljcdn.com/110000-inspection/pc1_qD4lR7HlH.jpg!m_fill,w_280,h_210,f_jpg?from=ke.com
20241021,东城,安贞,101122600724,小黄庄一区 经典一居室 中间楼层,520万,126122元/平,中楼层 (共6层) 1室1厅 | 41.23平米 | 东 南 西,https://ke-image.ljcdn.com/110000-inspection/57ec324b-f1a0-4118-b1fd-9c412d865d9d_1000.jpg!m_fill,w_280,h_210,f_jpg?from=ke.com
20241021,东城,安贞,101122486333,和平里 朝南向一居室 总监热推房主自荐,490万,116612元/平,高楼层 (共6层) 1室1厅 | 42.02平米 | 南,https://ke-image.ljcdn.com/110000-inspection/078e34fb-ca14-42c1-8a95-9458d36e5dac_1000.jpg!m_fill,w_280,h_210,f_jpg?from=ke.com
20241021,东城,安贞,101122442707,豪威家园 2002年 满五年唯一商品房,1150万,78381元/平,低楼层 (共16层) 3室1厅 | 146.72平米 | 东,https://ke-image.ljcdn.com/110000-inspection/ab1a1471-b5b9-4151-8ce8-9fa6330d562a_1000.jpg!m_fill,w_280,h_210,f_jpg?from=ke.com
20241021,东城,安贞,101122425254,北三环内和平里小黄庄满五年精装修两居室,280万,55789元/平,顶层 (共6层) | 1974年 | 2室1厅 | 50.19平米 | 南,https://ke-image.ljcdn.com/110000-inspection/6b67b4a5-28b6-45e7-bf11-0937cf53d9f8_1000.jpg!m_fill,w_280,h_210,f_jpg?from=ke.com
20241021,东城,安贞,101122406174,小黄庄   南北小两居室  明厨明卫,395万,79686元/平,中楼层 (共5层) 2室1厅 | 49.57平米 | 南 北,https://ke-image.ljcdn.com/110000-inspection/9710f1c1-9ce2-4d8f-830e-be2b73447d97_1000.jpg!m_fill,w_280,h_210,f_jpg?from=ke.com
20241021,东城,安贞,101122397712,小黄庄一区两居室带客厅精装修,736万,109983元/平,高楼层 (共21层) 2室1厅 | 66.92平米 | 南 北,https://ke-image.ljcdn.com/110000-inspection/ed348be7-de1f-49c7-9763-1e9d70091242_1000.jpg!m_fill,w_280,h_210,f_jpg?from=ke.com
20241021,东城,安贞,101122272747,小黄庄一区 2室1厅 南 北,610万,101161元/平,顶层 (共6层) 2室1厅 | 60.3平米 | 南 北,https://ke-image.ljcdn.com/110000-inspection/831e68f9-eee7-45e9-a2b2-f4ec42499565_1000.jpg!m_fill,w_280,h_210,f_jpg?from=ke.com
20241021,东城,安贞,101121835794,安贞西里  全明一居室  不临街  采光充足,330万,79194元/平,高楼层 (共6层) 1室1厅 | 41.67平米 | 南,https://ke-image.ljcdn.com/110000-inspection/6913fa81-9965-4bb6-a7c1-cf55e5e1bea8_1000.jpg!m_fill,w_280,h_210,f_jpg?from=ke.com
20241021,东城,安贞,101121791072,国管局单位管理好南北通透没有浪费面积采光好,890万,102006元/平,中楼层 (共21层) | 2003年 | 3室1厅 | 87.25平米 | 东 南 北,https://ke-image.ljcdn.com/110000-inspection/2d82a5f1-9834-4586-b228-f62e5eaaa3d7_1000.jpg!m_fill,w_280,h_210,f_jpg?from=ke.com
20241021,东城,安贞,101121784145,此房满五年唯一楼龄新2居房子精装修拎包入住,649万,114604元/平,中楼层 (共6层) 2室1厅 | 56.63平米 | 南 北,https://ke-image.ljcdn.com/110000-inspection/62669c04-6fed-4bd0-aaf4-16c334a6b346_1000.jpg!m_fill,w_280,h_210,f_jpg?from=ke.com
20241021,东城,安贞,101121727177,小黄庄部长楼 新上精装 满五年 可贷款 98年 单独管理,1150万,128838元/平,低楼层 (共13层) 2室1厅 | 89.26平米 | 南 北,https://ke-image.ljcdn.com/110000-inspection/a5f7853d-d2a3-4401-b83d-61d2984e33ae_1000.jpg!m_fill,w_280,h_210,f_jpg?from=ke.com
20241021,东城,安贞,101121571812,东城和平里正规三居室南北通透满五年唯一,900万,121196元/平,底层 (共6层) 3室1厅 | 74.26平米 | 东 南 北,https://ke-image.ljcdn.com/110000-inspection/19465488-b85b-4942-a002-0012500068b8_1000.jpg!m_fill,w_280,h_210,f_jpg?from=ke.com
20241021,东城,安贞,101121554871,东城区 和平里 小黄庄一区 南北两居室 户型好 管理好,710万,100553元/平,低楼层 (共21层) 2室1厅 | 70.61平米 | 南 北,https://ke-image.ljcdn.com/110000-inspection/0877dd88-d443-4c52-9c29-c24c5211b29b_1000.jpg!m_fill,w_280,h_210,f_jpg?from=ke.com
20241021,东城,安贞,101121126222,小黄庄前街13号院 1室1厅 东,350万,63846元/平,顶层 (共6层) 1室1厅 | 54.82平米 | 东,https://ke-image.ljcdn.com/110000-inspection/0284d44f-9bfa-4169-bc3a-7c0563f946d1_1000.jpg!m_fill,w_280,h_210,f_jpg?from=ke.com
20241021,东城,安贞,101121083996,小黄庄前街13号院南北通透2居室满五年唯一住房,460万,79174元/平,高楼层 (共6层) 2室1厅 | 58.1平米 | 南 北,https://ke-image.ljcdn.com/110000-inspection/d052afbb-4e16-4732-bf2c-93cdd7d99197_1000.jpg!m_fill,w_280,h_210,f_jpg?from=ke.com
20241021,东城,安贞,101120947606,兴化路2号院      正规两居室,398万,69727元/平,中楼层 (共6层) 2室1厅 | 57.08平米 | 东 南,https://ke-image.ljcdn.com/110000-inspection/f99cc73a-91c4-401e-a9ca-a39cd315e77e_1000.jpg!m_fill,w_280,h_210,f_jpg?from=ke.com
20241021,东城,安贞,101120624295,东城区九三  单价7.2万 1997年楼龄,1150万,65178元/平,高楼层 (共14层) 4室2厅 | 176.44平米 | 东 西,https://ke-image.ljcdn.com/110000-inspection/pc1_LL0DERTcp.jpg!m_fill,w_280,h_210,f_jpg?from=ke.com
20241021,东城,安贞,101120531449,东城区小黄庄一区1990年钢混西南向两居室,850万,122709元/平,中楼层 (共21层) 2室1厅 | 69.27平米 | 南,https://ke-image.ljcdn.com/110000-inspection/pc1_RIixIAjDq.jpg!m_fill,w_280,h_210,f_jpg?from=ke.com
20241021,东城,安贞,101120436877,小黄庄南北通透田字格的三居,500万,75279元/平,中楼层 (共6层) | 1976年 | 3室1厅 | 66.42平米 | 南 北,https://ke-image.ljcdn.com/110000-inspection/6cefddb3-57f7-464a-8981-6b807be2b4af_1000.jpg!m_fill,w_280,h_210,f_jpg?from=ke.com
20241021,东城,安贞,101120019191,安华里小区【电梯高层】采光视野好【西南向三居室】,630万,86527元/平,顶层 (共18层) 3室1厅 | 72.81平米 | 西南,https://ke-image.ljcdn.com/110000-inspection/b37a0e62-19b8-460e-8eb0-049d782ff8aa_1000.jpg!m_fill,w_280,h_210,f_jpg?from=ke.com
20241021,东城,安贞,101119976901,小黄庄一区   东城朝南向一居室   带电梯    采光好,530万,103375元/平,顶层 (共12层) 1室1厅 | 51.27平米 | 南,https://ke-image.ljcdn.com/110000-inspection/pc1_opCWuZy0E.jpg!m_fill,w_280,h_210,f_jpg?from=ke.com
20241021,东城,安贞,101119927308,小黄庄前街2号院   南北通透两居室,288万,44479元/平,地下室 (共6层) 2室1厅 | 64.75平米 | 南 北,https://ke-image.ljcdn.com/110000-inspection/7cca5ee8-5afd-4b20-9868-98bcb13f09f1_1000.jpg!m_fill,w_280,h_210,f_jpg?from=ke.com
20241021,东城,安贞,101119879830,北三环 安贞里 南北通透 带正规客厅 满五唯一,480万,76470元/平,低楼层 (共6层) 2室1厅 | 62.77平米 | 南 西 北,https://ke-image.ljcdn.com/110000-inspection/pc1_5LR4JETUx.jpg!m_fill,w_280,h_210,f_jpg?from=ke.com
20241021,东城,安贞,101119112638,小黄庄前街2号院  满五年  中间层,420万,71139元/平,中楼层 (共6层) 2室1厅 | 59.04平米 | 东 北,https://ke-image.ljcdn.com/110000-inspection/pc1_HJo42tnpW.jpg!m_fill,w_280,h_210,f_jpg?from=ke.com
20241021,东城,安贞,101118946244,小黄庄前街3号院 总监推优房 精装修,450万,78329元/平,低楼层 (共6层) 2室1厅 | 57.45平米 | 南 北,https://ke-image.ljcdn.com/110000-inspection/pc1_ZZAVFDdHS.jpg!m_fill,w_280,h_210,f_jpg?from=ke.com
20241021,东城,安贞,101117160981,小黄庄一区 东西通透三居室 高楼层 采光好视野好,850万,86286元/平,顶层 (共21层) 3室1厅 | 98.51平米 | 西 东北,https://ke-image.ljcdn.com/110000-inspection/bfe128e7-b952-4e9e-92bd-8041c83d2fe8_1000.jpg!m_fill,w_280,h_210,f_jpg?from=ke.com
20241021,东城,安贞,101115785123,安贞西里精装修南北通透近地铁带平改坡满五唯一两居室,525万,92333元/平,顶层 (共6层) | 1986年 | 2室1厅 | 56.86平米 | 南 北,https://ke-image.ljcdn.com/110000-inspection/pc1_oY3HiirPO.jpg!m_fill,w_280,h_210,f_jpg?from=ke.com
20241021,东城,安贞,101127192991,安贞里 3室1厅 东北,520万,68476元/平,中楼层 (共17层) | 1987年 | 3室1厅 | 75.94平米 | 东北,https://ke-image.ljcdn.com/110000-inspection/677d553d-9855-4409-9e02-855eb952e8f2_1000.jpg!m_fill,w_280,h_210,f_jpg?from=ke.com
20241021,东城,安贞,101127176022,安贞西里精装修2居高楼层。有物业管理。近地铁公园新上,448万,78281元/平,顶层 (共16层) 2室1厅 | 57.23平米 | 南,https://ke-image.ljcdn.com/110000-inspection/928f9824-99ef-4d97-a66c-c71253f7effe_1000.jpg!m_fill,w_280,h_210,f_jpg?from=ke.com
20241021,东城,安贞,101127175230,北三环安华里社区 正规一居大客厅 满五年唯一新上,268万,58439元/平,底层 (共13层) | 1992年 | 1室1厅 | 45.86平米 | 东南,https://ke-image.ljcdn.com/110000-inspection/9460d2f4-61fc-4ee2-b013-07a79261a973_1000.jpg!m_fill,w_280,h_210,f_jpg?from=ke.com
20241021,东城,安贞,101127174831,小黄庄甲8号院 新上南北通透大四居 户型好全明格局新上,1399万,81267元/平,中楼层 (共7层) 4室2厅 | 172.15平米 | 南 北,https://ke-image.ljcdn.com/110000-inspection/pc1_D2rpl6E1T.jpg!m_fill,w_280,h_210,f_jpg?from=ke.com
20241021,东城,安贞,101127174396,小黄庄 1室0厅 南新上,234万,65000元/平,顶层 (共5层) 1室0厅 | 36平米 | 南,https://ke-image.ljcdn.com/110000-inspection/1bfa5aa3-45e2-4222-bc62-3333b3ef25cf_1000.jpg!m_fill,w_280,h_210,f_jpg?from=ke.com
20241021,东城,安贞,101127174052,小黄庄一区 3室1厅 东 西新上,860万,125347元/平,顶层 (共6层) 3室1厅 | 68.61平米 | 东 西,https://ke-image.ljcdn.com/110000-inspection/pc1_jflE8erAX.jpg!m_fill,w_280,h_210,f_jpg?from=ke.com
20241021,东城,安贞,101127173589,安贞里 2室1厅 东北新上,495万,78015元/平,中楼层 (共17层) 2室1厅 | 63.45平米 | 东北,https://ke-image.ljcdn.com/110000-inspection/9addf4a0-ff07-4318-b031-8eac9ccc2e34_1000.jpg!m_fill,w_280,h_210,f_jpg?from=ke.com
20241021,东城,安贞,101127172426,小黄庄前街3号院南北通透小三居室新上,399万,66423元/平,顶层 (共6层) | 1982年 | 3室1厅 | 60.07平米 | 南 北,https://ke-image.ljcdn.com/110000-inspection/f3704fd8-e7d5-4cc9-924a-f8d93a46d028_1000.jpg!m_fill,w_280,h_210,f_jpg?from=ke.com
20241021,东城,安贞,101127169410,国典华园 2室1厅 南新上,1150万,95089元/平,高楼层 (共17层) | 2003年 | 2室1厅 | 120.94平米 | 南,https://ke-image.ljcdn.com/110000-inspection/f47bb440-8b46-4d3b-969c-b61c2eb9dd4a_1000.jpg!m_fill,w_280,h_210,f_jpg?from=ke.com
20241021,东城,安贞,101127166537,安贞西里一区南向两居室精装修看房方便诚心出售新上,480万,88561元/平,底层 (共6层) | 1984年 | 2室1厅 | 54.2平米 | 南,https://ke-image.ljcdn.com/110000-inspection/f673ede0-49b7-40e1-b12b-f912f43e56b0_1000.jpg!m_fill,w_280,h_210,f_jpg?from=ke.com
20241021,东城,安贞,101127153676,【化工部】安贞西里一区满五唯一看房方便诚意出售新上,738万,103536元/平,低楼层 (共16层) | 1985年 | 3室1厅 | 71.28平米 | 南 西 北,https://ke-image.ljcdn.com/110000-inspection/pc1_WmOYqPA0T.jpg!m_fill,w_280,h_210,f_jpg?from=ke.com
20241021,东城,安贞,101127144353,安贞里一区 满五年 楼层好 近地铁 双南卧室新上,590万,83499元/平,高楼层 (共17层) 2室1厅 | 70.66平米 | 南,https://ke-image.ljcdn.com/110000-inspection/372b37f9-2810-4f19-97fa-f4d1ca3fc20a_1000.jpg!m_fill,w_280,h_210,f_jpg?from=ke.com
20241021,东城,安贞,101127140510,满五年唯一、38万精装修、大金中央空调、拎包入住！新上,380万,70098元/平,顶层 (共6层) 2室1厅 | 54.21平米 | 南 北,https://ke-image.ljcdn.com/110000-inspection/d761d263-6804-4b33-903a-112020b20e73_1000.jpg!m_fill,w_280,h_210,f_jpg?from=ke.com
20241021,东城,安贞,101127137096,安贞里 1室1厅 南新上,449万,76674元/平,中楼层 (共17层) | 1990年 | 1室1厅 | 58.56平米 | 南,https://ke-image.ljcdn.com/110000-inspection/pc1_lq7C1Mdrt.jpg!m_fill,w_280,h_210,f_jpg?from=ke.com
20241021,东城,安贞,101127137058,安贞西里 1室1厅 南新上,360万,77872元/平,中楼层 (共16层) | 1986年 | 1室1厅 | 46.23平米 | 南,https://ke-image.ljcdn.com/110000-inspection/b22b08f5-7ea2-487e-b4a8-fd2db4750cdf_1000.jpg!m_fill,w_280,h_210,f_jpg?from=ke.com
20241021,东城,安贞,101127136822,安贞西里两居电梯直达满五唯一8号10号12号线围绕新上,480万,70402元/平,高楼层 (共14层) | 1987年 | 2室1厅 | 68.18平米 | 东 西,https://ke-image.ljcdn.com/110000-inspection/pc1_2hTL2xg6p.jpg!m_fill,w_280,h_210,f_jpg?from=ke.com
20241021,东城,安贞,101127135828,安贞西里 3室2厅 南 北新上,650万,84208元/平,高楼层 (共6层) | 1984年 | 3室2厅 | 77.19平米 | 南 北,https://ke-image.ljcdn.com/110000-inspection/d9a2cf3d-f9b8-4a82-833c-fcd2a5694041_1000.jpg!m_fill,w_280,h_210,f_jpg?from=ke.com
20241021,东城,安贞,101127132431,满五年5层一室一厅次顶层南北通透双阳台楼龄新新上,260万,57472元/平,高楼层 (共7层) 1室1厅 | 45.24平米 | 南 北,https://ke-image.ljcdn.com/110000-inspection/pc1_Mr948F4I7.jpg!m_fill,w_280,h_210,f_jpg?from=ke.com
20241021,东城,安贞,101127109945,安圣苑 4室2厅 西南新上,2100万,104833元/平,中楼层 (共20层) | 1999年 | 4室2厅 | 200.32平米 | 西南,https://ke-image.ljcdn.com/110000-inspection/45bf0f5c-602b-4d09-ae22-3371d546c54a_1000.jpg!m_fill,w_280,h_210,f_jpg?from=ke.com
20241021,东城,安贞,101127108237,安华西里国管局宿舍楼 近地铁 诚意出售新上,430万,73530元/平,顶层 (共21层) 2室1厅 | 58.48平米 | 东南,https://ke-image.ljcdn.com/110000-inspection/b2215fe1-8a5c-44e9-8e85-fea82434f0b7_1000.jpg!m_fill,w_280,h_210,f_jpg?from=ke.com
20241021,东城,安贞,101127100479,大龙公寓 3室1厅 西南新上,1450万,113887元/平,低楼层 (共21层) 3室1厅 | 127.32平米 | 西南,https://ke-image.ljcdn.com/110000-inspection/7103ecf1-34c8-403a-9642-07dba37191d2_1000.jpg!m_fill,w_280,h_210,f_jpg?from=ke.com
20241021,东城,安贞,101127091938,西青年沟 全明两居  满五唯一新上,610万,102711元/平,高楼层 (共6层) | 1983年 | 2室1厅 | 59.39平米 | 南 北,https://ke-image.ljcdn.com/110000-inspection/dc825f53-cb90-4f0d-8a42-1b04d4305777_1000.jpg!m_fill,w_280,h_210,f_jpg?from=ke.com
20241021,东城,安贞,101127084040,安贞里带电梯两居近公园视野采光好新上,398万,62344元/平,中楼层 (共17层) | 1990年 | 2室1厅 | 63.84平米 | 东 北,https://ke-image.ljcdn.com/110000-inspection/059bc3ed-98ae-40e8-a2de-401c36878ed0_1000.jpg!m_fill,w_280,h_210,f_jpg?from=ke.com
20241021,东城,安贞,101127075554,小黄庄前街2号院精装修两居室  楼龄新新上,320万,54201元/平,中楼层 (共6层) 2室1厅 | 59.04平米 | 东北,https://ke-image.ljcdn.com/110000-inspection/pc1_0htVdb0Fy_1.jpg!m_fill,w_280,h_210,f_jpg?from=ke.com
20241021,东城,安贞,101127068737,安贞里 板楼2层 南北精装三居 不临街 近地铁公园新上,570万,83079元/平,低楼层 (共6层) 3室1厅 | 68.61平米 | 南 北,https://ke-image.ljcdn.com/110000-inspection/1e8d6267-64d0-434f-9bef-5fd1fb0b01f4_1000.jpg!m_fill,w_280,h_210,f_jpg?from=ke.com
20241021,东城,安贞,101127068079,安贞西里 2室1厅 南新上,420万,72829元/平,顶层 (共16层) 2室1厅 | 57.67平米 | 南,https://ke-image.ljcdn.com/110000-inspection/bd81fb60-3248-443d-bc13-a5fc0d70c349_1000.jpg!m_fill,w_280,h_210,f_jpg?from=ke.com
20241021,东城,安贞,101127067709,北三环内安华里 电梯直达 不临街 采光好新上,420万,56873元/平,低楼层 (共18层) 2室1厅 | 73.85平米 | 西南,https://ke-image.ljcdn.com/110000-inspection/ee5acdc8-b7eb-427d-b462-14d8da4c141f_1000.jpg!m_fill,w_280,h_210,f_jpg?from=ke.com
20241021,东城,安贞,101127060958,小黄庄二区 南向大一居 客厅10.8平米 采光好新上,499万,100788元/平,顶层 (共6层) 1室1厅 | 49.51平米 | 南,https://ke-image.ljcdn.com/110000-inspection/d5f96934-3c4b-4c91-9574-153ca1d7f548_1000.jpg!m_fill,w_280,h_210,f_jpg?from=ke.com
20241021,东城,安贞,101127060312,小黄庄甲8号院南北通透大四居满五年双明卫户型新上,1249万,72554元/平,高楼层 (共7层) 4室2厅 | 172.15平米 | 南 北,https://ke-image.ljcdn.com/110000-inspection/e2c3b687-daf6-40ba-94e7-b8351d879aff_1000.jpg!m_fill,w_280,h_210,f_jpg?from=ke.com
20241021,东城,安贞,101127044223,安华西里 近地铁 高板楼带电梯 精装修新上,458万,70581元/平,高楼层 (共11层) 2室1厅 | 64.89平米 | 西,https://ke-image.ljcdn.com/110000-inspection/5f0d41bc-14b1-4cc8-95ae-84973a7685a6_1000.jpg!m_fill,w_280,h_210,f_jpg?from=ke.com
20241021,东城,安贞,101127033459,安华里社区 2室1厅 东 西,320万,55585元/平,顶层 (共6层) 2室1厅 | 57.57平米 | 东 西,https://ke-image.ljcdn.com/110000-inspection/pc1_DDLwyGTkp.jpg!m_fill,w_280,h_210,f_jpg?from=ke.com
20241021,东城,安贞,101127032524,北三环内安华里 带电梯精装两居 临公园 近地铁,455万,72407元/平,顶层 (共18层) | 1987年 | 2室0厅 | 62.84平米 | 东南,https://ke-image.ljcdn.com/110000-inspection/05680f14-7034-4fdb-81e9-ceb660aef427_1000.jpg!m_fill,w_280,h_210,f_jpg?from=ke.com
20241021,东城,安贞,101127030676,富仁名苑新上中石油家属楼2004年两室一厅,1120万,94189元/平,低楼层 (共14层) | 2004年 | 2室1厅 | 118.91平米 | 东南,https://ke-image.ljcdn.com/110000-inspection/ad9e24a8-b527-4df2-a49d-6b18c1096ad9_1000.jpg!m_fill,w_280,h_210,f_jpg?from=ke.com
20241021,东城,安贞,101127025970,楼龄新97年钢混精装修挨着公园有电梯,630万,76914元/平,低楼层 (共16层) | 1997年 | 2室1厅 | 81.91平米 | 南 西,https://ke-image.ljcdn.com/110000-inspection/6e9adc92-afdb-45e4-bb5c-c80c62f881da_1000.jpg!m_fill,w_280,h_210,f_jpg?from=ke.com
20241021,东城,安贞,101127021690,安定路12号院国典华园公园旁 南北通透户型满五唯一,1298万,105230元/平,中楼层 (共17层) | 2004年 | 2室1厅 | 123.35平米 | 南 北,https://ke-image.ljcdn.com/110000-inspection/e9a505f7-ae78-47f6-b2f3-8a407ff8f023_1000.jpg!m_fill,w_280,h_210,f_jpg?from=ke.com
20241021,东城,安贞,101127020175,安华里社区 1室1厅 东 西,339万,70042元/平,高楼层 (共6层) 1室1厅 | 48.4平米 | 东 西,https://ke-image.ljcdn.com/110000-inspection/pc1_GHfRrNRdt.jpg!m_fill,w_280,h_210,f_jpg?from=ke.com
20241021,东城,安贞,101127020022,安华里社区 1室1厅 南,380万,78970元/平,低楼层 (共18层) | 1988年 | 1室1厅 | 48.12平米 | 南,https://ke-image.ljcdn.com/110000-inspection/d2788a9e-89c3-4fef-8bad-ba8aa7270d95_1000.jpg!m_fill,w_280,h_210,f_jpg?from=ke.com
20241021,东城,安贞,101127019353,富仁名苑2004年新上南北三居室,1380万,89979元/平,底层 (共14层) | 2004年 | 3室1厅 | 153.37平米 | 西南 北,https://ke-image.ljcdn.com/110000-inspection/pc1_S17Wci7Fo.jpg!m_fill,w_280,h_210,f_jpg?from=ke.com
20241021,东城,安贞,101127019409,富仁名苑 3室2厅 南 北,1930万,75997元/平,顶层 (共14层) | 2004年 | 3室2厅 | 253.96平米 | 南 北,https://ke-image.ljcdn.com/110000-inspection/prod-b67aa74b-2246-4b5b-8a69-785438cf679c.jpg!m_fill,w_280,h_210,f_jpg?from=ke.com
20241021,东城,安贞,101127019021,安华里 双南两居室户型方正采光好不临街无,398万,73135元/平,高楼层 (共6层) 2室1厅 | 54.42平米 | 东南,https://ke-image.ljcdn.com/110000-inspection/ae1b0f59-d0de-41ff-8fc1-229eda46b7d8_1000.jpg!m_fill,w_280,h_210,f_jpg?from=ke.com
20241021,东城,安贞,101127005324,60万精装净高2.75米地铁8号10号12号线围绕,700万,95668元/平,中楼层 (共6层) | 1985年 | 3室1厅 | 73.17平米 | 南 北,https://ke-image.ljcdn.com/110000-inspection/pc1_UpL5OBqvr.jpg!m_fill,w_280,h_210,f_jpg?from=ke.com
20241021,东城,安贞,101127001509,可公积金贷款地铁8号10号12号线围绕田字格三居,668万,91108元/平,顶层 (共6层) 3室1厅 | 73.32平米 | 南 北,https://ke-image.ljcdn.com/110000-inspection/pc1_IvwotAaCg.jpg!m_fill,w_280,h_210,f_jpg?from=ke.com
20241021,东城,安贞,101126976880,深房大厦 4室1厅 南,1235万,69010元/平,中楼层 (共23层) | 1997年 | 4室1厅 | 178.96平米 | 南,https://ke-image.ljcdn.com/110000-inspection/46ec89cc-8214-4c5b-8bdf-d70dc1c20906_1000.jpg!m_fill,w_280,h_210,f_jpg?from=ke.com
20241021,东城,安贞,101126913074,国典华园 北三环纯商品房社区 元大都公园 近地铁房主自荐,799万,75728元/平,底层 (共17层) | 2005年 | 2室1厅 | 105.51平米 | 南 北,https://ke-image.ljcdn.com/110000-inspection/693c8e01-fecf-49cf-919c-957d4cfb3541_1000.jpg!m_fill,w_280,h_210,f_jpg?from=ke.com
20241021,东城,安贞,101126908997,小区中间位置公积金可贷30年近地铁,280万,72615元/平,高楼层 (共24层) 1室1厅 | 38.56平米 | 东南,https://ke-image.ljcdn.com/110000-inspection/pc1_eihC5K94T.jpg!m_fill,w_280,h_210,f_jpg?from=ke.com
20241021,东城,安贞,101126877487,链家聚焦：2014年小区 全明格局  不临街 急售,850万,93840元/平,底层 (共7层) | 2014年 | 2室1厅 | 90.58平米 | 东 西,https://ke-image.ljcdn.com/110000-inspection/pc1_S1vJahVLo.jpg!m_fill,w_280,h_210,f_jpg?from=ke.com
20241021,东城,安贞,101126873066,安贞西里  两居室 明厨明卫 低楼层 采光充足,405万,70240元/平,低楼层 (共6层) 2室1厅 | 57.66平米 | 东 西 北,https://ke-image.ljcdn.com/110000-inspection/660baf9c-c3c2-46fd-9519-f76d536bec86_1000.jpg!m_fill,w_280,h_210,f_jpg?from=ke.com
20241021,东城,安贞,101126873034,安华里四区  满五唯一带客厅 钢混 电梯房,388万,63691元/平,低楼层 (共12层) | 1989年 | 2室1厅 | 60.92平米 | 东,https://ke-image.ljcdn.com/110000-inspection/ad4d932e-7cd3-4b87-8ce9-7638b56ed8ef_1000.jpg!m_fill,w_280,h_210,f_jpg?from=ke.com
20241021,东城,安贞,101126831120,和平西街23号院 1室0厅 北 西,275万,79434元/平,顶层 (共20层) 1室0厅 | 34.62平米 | 北 西,https://ke-image.ljcdn.com/110000-inspection/4bda897b-0c09-4fde-b5ce-f8ebf43a56c0_1000.jpg!m_fill,w_280,h_210,f_jpg?from=ke.com
20241021,东城,安贞,101126829838,全新改造管理好楼下地铁口带电梯精装修三居室,650万,84274元/平,低楼层 (共21层) | 1989年 | 3室1厅 | 77.13平米 | 东 西北,https://ke-image.ljcdn.com/110000-inspection/6fc2add7-0c10-4feb-9013-d8c414d536d5_1000.jpg!m_fill,w_280,h_210,f_jpg?from=ke.com
20241021,东城,安贞,101126809993,西青年沟 2室1厅 南,585万,108838元/平,中楼层 (共6层) 2室1厅 | 53.75平米 | 南,https://ke-image.ljcdn.com/110000-inspection/de27ff85-2cc4-49c8-9d94-a928a2da21aa_1000.jpg!m_fill,w_280,h_210,f_jpg?from=ke.com
20241021,东城,安贞,101126796114,2014年板楼1梯2户南北通透带电梯,1450万,129604元/平,高楼层 (共7层) | 2014年 | 2室1厅 | 111.88平米 | 南 北,https://ke-image.ljcdn.com/110000-inspection/ebcd7152-ce78-4f4d-8ca5-d34b0a32e420_1000.jpg!m_fill,w_280,h_210,f_jpg?from=ke.com
20241021,东城,安贞,101126777565,冶金部高层观景双南三居40万精装修满五唯一房主自荐,720万,87838元/平,中楼层 (共17层) 3室1厅 | 81.97平米 | 南 西,https://ke-image.ljcdn.com/110000-inspection/pc1_ChqSNBJeQ.jpg!m_fill,w_280,h_210,f_jpg?from=ke.com
20241021,东城,安贞,101126750289,安贞苑50号院 2室1厅 南 北,950万,106802元/平,中楼层 (共6层) 2室1厅 | 88.95平米 | 南 北,https://ke-image.ljcdn.com/110000-inspection/pc1_UP2rrBvft.jpg!m_fill,w_280,h_210,f_jpg?from=ke.com
20241021,东城,安贞,101126744808,北三环安贞1992年楼龄随时签约交通便利,300万,74553元/平,底层 (共6层) | 1992年 | 1室1厅 | 40.24平米 | 东 东南,https://ke-image.ljcdn.com/110000-inspection/pc1_qw4LgWZIZ.jpg!m_fill,w_280,h_210,f_jpg?from=ke.com
20241021,东城,安贞,101126723574,小黄装一区新上 部长楼大复式 单独管理 带电梯,3999万,168209元/平,高楼层 (共13层) 4室2厅 | 237.74平米 | 南 北,https://ke-image.ljcdn.com/110000-inspection/pc1_WB9kHnjfA.jpg!m_fill,w_280,h_210,f_jpg?from=ke.com
20241021,东城,安贞,101126688512,安贞  满五年 低楼层 大客厅 近地铁,380万,64006元/平,低楼层 (共6层) 2室1厅 | 59.37平米 | 东 西,https://ke-image.ljcdn.com/110000-inspection/33333b07-110e-4b0f-bafc-7a4ec11c431d_1000.jpg!m_fill,w_280,h_210,f_jpg?from=ke.com
20241021,东城,安贞,101126665997,安贞里双南向大两居室带电梯一手业主,480万,67931元/平,高楼层 (共17层) | 1994年 | 2室1厅 | 70.66平米 | 南,https://ke-image.ljcdn.com/110000-inspection/pc1_Ku7FNrA2F.jpg!m_fill,w_280,h_210,f_jpg?from=ke.com
20241021,东城,安贞,101126663269,安贞里 2室1厅 南,550万,73757元/平,中楼层 (共17层) 2室1厅 | 74.57平米 | 南,https://ke-image.ljcdn.com/110000-inspection/6d76c186-ba44-412e-941f-ea522087f160_1000.jpg!m_fill,w_280,h_210,f_jpg?from=ke.com
20241021,东城,安贞,101126650786,国典华园 西南向三居室 无遮挡 视野好,1450万,92540元/平,中楼层 (共17层) 3室1厅 | 156.69平米 | 西南,https://ke-image.ljcdn.com/110000-inspection/pc1_iWEVClhsv_1.jpg!m_fill,w_280,h_210,f_jpg?from=ke.com
20241021,东城,安贞,101126596027,安华西里 电梯直达 近地铁 随时看房 采光好,315万,73806元/平,低楼层 (共16层) | 1987年 | 1室1厅 | 42.68平米 | 南,https://ke-image.ljcdn.com/110000-inspection/11d79568-8b0d-46ac-9d3b-d7a6f441a244_1000.jpg!m_fill,w_280,h_210,f_jpg?from=ke.com
20241021,东城,安贞,101126596237,三环里近地铁精装大一居主卧大可成双WO室楼龄新,342万,64178元/平,中楼层 (共6层) | 1991年 | 1室1厅 | 53.29平米 | 东,https://ke-image.ljcdn.com/110000-inspection/b032e967-f7d0-4b04-a7cf-25a054e585b8_1000.jpg!m_fill,w_280,h_210,f_jpg?from=ke.com
20241021,东城,安贞,101126588782,小黄庄一区+中间楼层+东西通透,468万,113510元/平,低楼层 (共6层) 1室1厅 | 41.23平米 | 东 西,https://ke-image.ljcdn.com/110000-inspection/d7c1d43c-58bd-407e-8887-9f1e36e5e8c6_1000.jpg!m_fill,w_280,h_210,f_jpg?from=ke.com
20241021,东城,安贞,101126582081,安华西里 明厨明卫 南北通透 电梯直达 近地铁口,578万,76944元/平,中楼层 (共16层) 3室1厅 | 75.12平米 | 南 北,https://ke-image.ljcdn.com/110000-inspection/1a22f70b-7754-4b3f-b805-4d1ba6383825_1000.jpg!m_fill,w_280,h_210,f_jpg?from=ke.com
20241021,东城,安贞,101126580547,安华里电梯直达两居室 中高层采光视野好满五唯一,408万,59904元/平,中楼层 (共14层) | 1991年 | 2室1厅 | 68.11平米 | 西南,https://ke-image.ljcdn.com/110000-inspection/pc1_4KhQuKqrX_1.jpg!m_fill,w_280,h_210,f_jpg?from=ke.com
20241021,东城,安贞,101126579984,安华西里 电梯房 满五年唯一 近地铁 诚心出售,459万,79938元/平,高楼层 (共11层) 2室1厅 | 57.42平米 | 西北,https://ke-image.ljcdn.com/110000-inspection/pc1_iOsy42Hjg.jpg!m_fill,w_280,h_210,f_jpg?from=ke.com
20241021,东城,安贞,101126574357,东城和平里 电梯一居朝南向。,475万,109473元/平,低楼层 (共20层) 1室1厅 | 43.39平米 | 东 南,https://ke-image.ljcdn.com/110000-inspection/pc1_jgRGrOfD3.jpg!m_fill,w_280,h_210,f_jpg?from=ke.com
20241021,东城,安贞,101126550193,安华西里 中间楼层 采光好 楼道管理好 安静不临街,420万,77420元/平,中楼层 (共6层) 2室1厅 | 54.25平米 | 南 北,https://ke-image.ljcdn.com/110000-inspection/b85a0eb4-c434-4791-b8f4-f125b9fadf44_1000.jpg!m_fill,w_280,h_210,f_jpg?from=ke.com
20241021,东城,安贞,101126536939,安贞西里 二区南北通透 满五年诚心出售,395万,69653元/平,顶层 (共6层) 2室1厅 | 56.71平米 | 南 北,https://ke-image.ljcdn.com/110000-inspection/pc1_tOvNGFtMh.jpg!m_fill,w_280,h_210,f_jpg?from=ke.com
20241021,东城,安贞,101126527513,安贞里两居带客厅二层2000年看房随时,420万,70577元/平,低楼层 (共7层) | 2000年 | 2室1厅 | 59.51平米 | 北,https://ke-image.ljcdn.com/110000-inspection/pc1_vL3fFPEID.jpg!m_fill,w_280,h_210,f_jpg?from=ke.com
20241021,东城,安贞,101126527299,安圣苑正规两室一厅中间层采光好满五唯一。,960万,100000元/平,中楼层 (共18层) 2室1厅 | 96平米 | 东 东南,https://ke-image.ljcdn.com/110000-inspection/pc1_y4Ar4e8KZ.jpg!m_fill,w_280,h_210,f_jpg?from=ke.com
20241021,东城,安贞,101126520043,安华里电梯两居室明厨明卫采光视野好精装修,483万,71811元/平,顶层 (共14层) | 1994年 | 2室2厅 | 67.26平米 | 东 西,https://ke-image.ljcdn.com/110000-inspection/pc1_WijaZnT66.jpg!m_fill,w_280,h_210,f_jpg?from=ke.com
20241021,东城,安贞,101126515982,安华里一层两居室诚心出售价格美丽看房方便。,355万,61176元/平,底层 (共6层) 2室1厅 | 58.03平米 | 东 西,https://ke-image.ljcdn.com/110000-inspection/5ca5321c-e015-4277-a7ca-d5eb269abb8a_1000.jpg!m_fill,w_280,h_210,f_jpg?from=ke.com
20241021,东城,安贞,101126513473,安华西里一区国管局家属楼全明一居室,360万,94538元/平,低楼层 (共21层) 1室1厅 | 38.08平米 | 南,https://ke-image.ljcdn.com/110000-inspection/pc1_lrUiMki2E.jpg!m_fill,w_280,h_210,f_jpg?from=ke.com
20241021,东城,安贞,101126507814,东城和平里小黄庄一区带电梯正规三居 靠谱签约房主自荐,799万,89214元/平,顶层 (共21层) 3室1厅 | 89.56平米 | 东 西,https://ke-image.ljcdn.com/110000-inspection/3f23c0aa-0f1d-4bad-a3a8-b43a8c27529c_1000.jpg!m_fill,w_280,h_210,f_jpg?from=ke.com
20241021,东城,安贞,101126504551,安贞西里 2室1厅 南 北,399万,65853元/平,顶层 (共6层) 2室1厅 | 60.59平米 | 南 北,https://ke-image.ljcdn.com/110000-inspection/64d9e024-2923-4181-a2af-ec6895ca005a_1000.jpg!m_fill,w_280,h_210,f_jpg?from=ke.com
20241021,东城,安贞,101126504443,安贞西里 电梯南向 两居室看房提前约,445万,63373元/平,顶层 (共16层) | 1986年 | 2室1厅 | 70.22平米 | 南,https://ke-image.ljcdn.com/110000-inspection/pc1_ee2dHhuQB_1.jpg!m_fill,w_280,h_210,f_jpg?from=ke.com
20241021,东城,安贞,101126500404,安华西里社区 2室1厅 西 东,550万,89185元/平,高楼层 (共11层) | 1991年 | 2室1厅 | 61.67平米 | 西 东,https://ke-image.ljcdn.com/110000-inspection/pc1_m6RT0a3Gv.jpg!m_fill,w_280,h_210,f_jpg?from=ke.com
20241021,东城,安贞,101126486854,安华里 中间层 南北通透 单独院管理 到公园近,399万,70272元/平,中楼层 (共6层) | 1988年 | 2室1厅 | 56.78平米 | 南 北,https://ke-image.ljcdn.com/110000-inspection/pc1_yMr4LvCti.jpg!m_fill,w_280,h_210,f_jpg?from=ke.com
20241021,东城,安贞,101126473566,安华里社区 3室1厅 东南,570万,70975元/平,低楼层 (共13层) | 1994年 | 3室1厅 | 80.31平米 | 东南,https://ke-image.ljcdn.com/110000-inspection/pc1_ndYKcDmVc.jpg!m_fill,w_280,h_210,f_jpg?from=ke.com
20241021,东城,安贞,101126473535,满五年唯一 产权清晰 中楼层 交通便利12号线,379万,75348元/平,中楼层 (共6层) | 1985年 | 2室1厅 | 50.3平米 | 东北,https://ke-image.ljcdn.com/110000-inspection/pc1_cZoJrmzGz.jpg!m_fill,w_280,h_210,f_jpg?from=ke.com
20241021,东城,安贞,101126463697,安贞里 3室1厅 西南,619万,76486元/平,中楼层 (共17层) 3室1厅 | 80.93平米 | 西南,https://ke-image.ljcdn.com/110000-inspection/pc1_B00Z8qhk7.jpg!m_fill,w_280,h_210,f_jpg?from=ke.com
20241021,东城,安贞,101126455339,小黄庄一区 2室2厅 南 北,1300万,98441元/平,高楼层 (共13层) 2室2厅 | 132.06平米 | 南 北,https://ke-image.ljcdn.com/110000-inspection/70822e5e-8f19-4404-a47c-7cab9ce554e2_1000.jpg!m_fill,w_280,h_210,f_jpg?from=ke.com
20241021,东城,安贞,101126424146,安华西里三区 交通部央产  满五唯一 单独下水房主自荐,319万,75629元/平,底层 (共6层) 1室1厅 | 42.18平米 | 南,https://ke-image.ljcdn.com/110000-inspection/8bf94bc4-2291-43de-8961-6630f141f2d4_1000.jpg!m_fill,w_280,h_210,f_jpg?from=ke.com
20241021,东城,安贞,101126414444,安贞西里 钢混 双阳台 明厨明卫中楼层 视野好 田,505万,62354元/平,中楼层 (共6层) | 1983年 | 3室1厅 | 80.99平米 | 东 西,https://ke-image.ljcdn.com/110000-inspection/6536e542-ea4c-4b3d-8f17-ed9f30d817b4_1000.jpg!m_fill,w_280,h_210,f_jpg?from=ke.com
20241021,东城,安贞,101126414150,安华里正规一居室电梯直达采光好房主自荐,286万,61479元/平,高楼层 (共12层) | 1989年 | 1室1厅 | 46.52平米 | 东 西,https://ke-image.ljcdn.com/110000-inspection/f41b1206-7cc2-4cb0-a36d-60f0cc1f1d83_1000.jpg!m_fill,w_280,h_210,f_jpg?from=ke.com
20241021,东城,安贞,101126413231,99年建满五年家庭名下唯一住房东南采光好近公园,268万,60293元/平,顶层 (共6层) | 1999年 | 1室1厅 | 44.45平米 | 东南,https://ke-image.ljcdn.com/110000-inspection/dfe8606a-30b6-473f-953a-7e5901413810_1000.jpg!m_fill,w_280,h_210,f_jpg?from=ke.com
20241021,东城,安贞,101126406142,东城区和平里-住在改造名单里的房子-精装修南向两居,550万,104882元/平,底层 (共12层) 2室1厅 | 52.44平米 | 南,https://ke-image.ljcdn.com/110000-inspection/pc1_8O0F0mZFI.jpg!m_fill,w_280,h_210,f_jpg?from=ke.com
20241021,东城,安贞,101126404447,安贞里 3室1厅 南 北,515万,75736元/平,高楼层 (共6层) | 1985年 | 3室1厅 | 68平米 | 南 北,https://ke-image.ljcdn.com/110000-inspection/pc1_rqLQUYpV5.jpg!m_fill,w_280,h_210,f_jpg?from=ke.com
20241021,东城,安贞,101126320709,东城和平里南北通透两居有正规客厅。精装修。,619万,94045元/平,顶层 (共6层) 2室1厅 | 65.82平米 | 南 北,https://ke-image.ljcdn.com/110000-inspection/a8add730-4187-46f7-89a7-61b708a156b3_1000.jpg!m_fill,w_280,h_210,f_jpg?from=ke.com
20241021,东城,安贞,101126319641,此房属于带电梯优质的两居室每个房间都比较大双阳,350万,56434元/平,低楼层 (共18层) | 1987年 | 2室1厅 | 62.02平米 | 东 南,https://ke-image.ljcdn.com/110000-inspection/ee15c145-24a3-4a7f-b9be-dbb5db3d3d5f_1000.jpg!m_fill,w_280,h_210,f_jpg?from=ke.com
20241021,东城,安贞,101126313537,公积金贷款29年 地铁8号10号12号线环绕次顶层,370万,65187元/平,高楼层 (共6层) 2室1厅 | 56.76平米 | 南 北,https://ke-image.ljcdn.com/110000-inspection/b4a7e926-1d37-40ad-9ee0-f5e984ded250_1000.jpg!m_fill,w_280,h_210,f_jpg?from=ke.com
20241021,东城,安贞,101126312095,安贞里二区精装修两居室满五唯一有坡顶,338万,67995元/平,顶层 (共6层) 2室1厅 | 49.71平米 | 南,https://ke-image.ljcdn.com/110000-inspection/pc1_0XkBJAYw7_1.jpg!m_fill,w_280,h_210,f_jpg?from=ke.com
20241021,东城,安贞,101126288230,安贞里 军休所 电梯三居室 边户满五年,580万,72664元/平,中楼层 (共14层) | 1989年 | 3室1厅 | 79.82平米 | 东 西南 北,https://ke-image.ljcdn.com/110000-inspection/pc1_qtB2CBf2Z.jpg!m_fill,w_280,h_210,f_jpg?from=ke.com
20241021,东城,安贞,101126287331,满五年唯一可公积金贷款 地铁8号10号12号线围绕,379万,63094元/平,顶层 (共6层) | 1999年 | 2室1厅 | 60.07平米 | 南 北,https://ke-image.ljcdn.com/110000-inspection/815c5007-1951-480d-9327-33021455df0f_1000.jpg!m_fill,w_280,h_210,f_jpg?from=ke.com
20241021,东城,安贞,101126282376,安华里一区地铁上旁大三居室交通方便满五唯一。,720万,86487元/平,高楼层 (共18层) | 1988年 | 3室1厅 | 83.25平米 | 东 南 北,https://ke-image.ljcdn.com/110000-inspection/38cadb9f-bb78-4b76-9653-0d7db941cf42_1000.jpg!m_fill,w_280,h_210,f_jpg?from=ke.com
20241021,东城,安贞,101126228930,外馆西街小区 格局好 采光好 有固定车位,399万,66556元/平,高楼层 (共6层) | 1983年 | 2室1厅 | 59.95平米 | 西南,https://ke-image.ljcdn.com/110000-inspection/d20361a3-8a8c-4da9-95a4-299c464419fe_1000.jpg!m_fill,w_280,h_210,f_jpg?from=ke.com
20241021,东城,安贞,101126204974,安贞里装修好 采光好交通方便不临街,290万,67068元/平,中楼层 (共6层) 1室1厅 | 43.24平米 | 南,https://ke-image.ljcdn.com/110000-inspection/pc1_CcvlVuX6N.jpg!m_fill,w_280,h_210,f_jpg?from=ke.com
20241021,东城,安贞,101126197292,胜古中路1号院 东城住宅 和平里九 精装修 南北,1130万,75814元/平,低楼层 (共14层) 4室2厅 | 149.05平米 | 南 北,https://ke-image.ljcdn.com/110000-inspection/e5b9b805-06ce-4067-af10-e4519fd006b3_1000.jpg!m_fill,w_280,h_210,f_jpg?from=ke.com
20241021,东城,安贞,101126192189,中低楼层近地铁满五单位分房改造可公积金房主自荐,280万,60751元/平,低楼层 (共6层) 1室1厅 | 46.09平米 | 东 西,https://ke-image.ljcdn.com/110000-inspection/3464a773-cc08-453d-82a6-464716e5529a_1000.jpg!m_fill,w_280,h_210,f_jpg?from=ke.com
20241021,东城,安贞,101126186398,安贞里钢混结构朝向好户型好 无浪费面积,479万,67790元/平,中楼层 (共17层) 2室1厅 | 70.66平米 | 南,https://ke-image.ljcdn.com/110000-inspection/pc1_l3RGNDdUx.jpg!m_fill,w_280,h_210,f_jpg?from=ke.com
20241021,东城,安贞,101126177526,安华西里 大客厅 客厅带窗 户型好！近地铁,430万,78784元/平,高楼层 (共6层) 2室1厅 | 54.58平米 | 东 南 西,https://ke-image.ljcdn.com/110000-inspection/177c7d12-4071-4b5d-b57a-e2e1999dc030_1000.jpg!m_fill,w_280,h_210,f_jpg?from=ke.com
20241021,东城,安贞,101126167932,电梯直达 满五年单位分房90年的楼龄,765万,90737元/平,中楼层 (共14层) 3室1厅 | 84.31平米 | 东 南 西,https://ke-image.ljcdn.com/110000-inspection/pc1_4BeDwoITD.jpg!m_fill,w_280,h_210,f_jpg?from=ke.com
20241021,东城,安贞,101126167923,此房满五唯一南北向全明格局采光视野好交通便利,626万,82423元/平,顶层 (共21层) 3室1厅 | 75.95平米 | 西南,https://ke-image.ljcdn.com/110000-inspection/pc1_QnO9tp24q_1.jpg!m_fill,w_280,h_210,f_jpg?from=ke.com
20241021,东城,安贞,101126166063,安华西里 中间楼层 南北通透两居 近地铁,510万,92914元/平,中楼层 (共6层) 2室1厅 | 54.89平米 | 南 北,https://ke-image.ljcdn.com/110000-inspection/2ac2d4aa-7fd1-44d5-bf19-b49345b781df_1000.jpg!m_fill,w_280,h_210,f_jpg?from=ke.com
20241021,东城,安贞,101126130730,安华里 民航家属楼 单独管理 正规三居室 高楼层,618万,84879元/平,顶层 (共18层) | 1987年 | 3室1厅 | 72.81平米 | 西南,https://ke-image.ljcdn.com/110000-inspection/pc1_SJVYs3j5D.jpg!m_fill,w_280,h_210,f_jpg?from=ke.com
20241021,东城,安贞,101126120146,【化工部】安贞西里 南北双阳台 化工部管理好 满五,555万,86516元/平,低楼层 (共6层) 2室1厅 | 64.15平米 | 南 北,https://ke-image.ljcdn.com/110000-inspection/pc1_JawCUAz4s.jpg!m_fill,w_280,h_210,f_jpg?from=ke.com
20241021,东城,安贞,101126070782,满五年福利分房正规三居室带一个厅全明格局南北通,830万,94222元/平,低楼层 (共20层) 3室1厅 | 88.09平米 | 南 西 北,https://ke-image.ljcdn.com/110000-inspection/pc1_m0wB8tWFW_1.jpg!m_fill,w_280,h_210,f_jpg?from=ke.com
20241021,东城,安贞,101126037816,安华里两居室业主诚意出售看房方便诚意出售,410万,70654元/平,低楼层 (共6层) 2室1厅 | 58.03平米 | 东 西,https://ke-image.ljcdn.com/110000-inspection/pc1_Uovdl6SDI.jpg!m_fill,w_280,h_210,f_jpg?from=ke.com
20241021,东城,安贞,101126036922,新改造南北通透92年楼龄新近公交地铁,425万,76674元/平,顶层 (共6层) | 1992年 | 2室1厅 | 55.43平米 | 南 北,https://ke-image.ljcdn.com/110000-inspection/pc1_23PHTd9Xd.jpg!m_fill,w_280,h_210,f_jpg?from=ke.com
20241021,东城,安贞,101126031167,安华里社区双南向两居室精装修厨房卫生间带窗户,399万,75029元/平,顶层 (共6层) 2室1厅 | 53.18平米 | 东南,https://ke-image.ljcdn.com/110000-inspection/pc1_vBenQdRe0.jpg!m_fill,w_280,h_210,f_jpg?from=ke.com
20241021,东城,安贞,101125969564,力推安贞西里南北通透3居 距地铁直线200米,525万,65080元/平,顶层 (共16层) | 1986年 | 3室1厅 | 80.67平米 | 南 北,https://ke-image.ljcdn.com/110000-inspection/90ab881a-d8b5-4574-99de-58b087e982d9_1000.jpg!m_fill,w_280,h_210,f_jpg?from=ke.com
20241021,东城,安贞,101125880621,东城区和平里南北通透中间楼层热推房,760万,102689元/平,中楼层 (共6层) 3室1厅 | 74.01平米 | 南 北,https://ke-image.ljcdn.com/110000-inspection/pc1_kuvcIlDAU.jpg!m_fill,w_280,h_210,f_jpg?from=ke.com
20241021,东城,安贞,101125877139,安贞里 低楼层 楼龄新91年 正规带客厅两居,453万,80864元/平,低楼层 (共6层) | 1991年 | 2室1厅 | 56.02平米 | 东 西,https://ke-image.ljcdn.com/110000-inspection/8ec1e9c6-1c8f-474f-9127-0b74a005a7ba_1000.jpg!m_fill,w_280,h_210,f_jpg?from=ke.com
20241021,东城,安贞,101125877086,安贞里 1998年板楼 南北通透三居 地铁公园方便,578万,83866元/平,中楼层 (共6层) | 1998年 | 2室1厅 | 68.92平米 | 南 北,https://ke-image.ljcdn.com/110000-inspection/pc1_Qi5lCyGFz.jpg!m_fill,w_280,h_210,f_jpg?from=ke.com
20241021,东城,安贞,101125875515,安贞里 3室1厅 南 西,658万,81366元/平,中楼层 (共17层) 3室1厅 | 80.87平米 | 南 西,https://ke-image.ljcdn.com/110000-inspection/aeaa28b6-3e77-4fbd-840d-8966b01e909a_1000.jpg!m_fill,w_280,h_210,f_jpg?from=ke.com
20241021,东城,安贞,101125875391,安贞里 满五年唯一 南北通透 二层 格局好有电梯,390万,73254元/平,低楼层 (共6层) | 1986年 | 2室1厅 | 53.24平米 | 南 北,https://ke-image.ljcdn.com/110000-inspection/pc1_iES2yu6gv.jpg!m_fill,w_280,h_210,f_jpg?from=ke.com
20241021,东城,安贞,101125856000,北三环国典华园 05年商品房社区 东南两居 品质好,1120万,107620元/平,中楼层 (共17层) | 2005年 | 2室2厅 | 104.07平米 | 东 南,https://ke-image.ljcdn.com/110000-inspection/pc1_DdLUBgQrM.jpg!m_fill,w_280,h_210,f_jpg?from=ke.com
20241021,东城,安贞,101125853864,安贞 央产管理 钢混两居 满五年 层高2.8米,409万,66951元/平,高楼层 (共6层) | 1986年 | 2室1厅 | 61.09平米 | 南 北,https://ke-image.ljcdn.com/110000-inspection/e34b28aa-d66b-48f5-b02e-75358f484e73_1000.jpg!m_fill,w_280,h_210,f_jpg?from=ke.com
20241021,东城,安贞,101125825915,安贞 惠新西街南口富仁名苑小区 带电梯两居 精装修,682万,85282元/平,高楼层 (共16层) | 1997年 | 2室1厅 | 79.97平米 | 西 北,https://ke-image.ljcdn.com/110000-inspection/pc1_FckcGWexZ.jpg!m_fill,w_280,h_210,f_jpg?from=ke.com
20241021,东城,安贞,101125814191,安贞西里 南北通透 交通方便 无遮挡 采光充足,399万,76306元/平,底层 (共6层) | 1986年 | 2室1厅 | 52.29平米 | 南 北,https://ke-image.ljcdn.com/110000-inspection/pc1_9BEHn1H6j.jpg!m_fill,w_280,h_210,f_jpg?from=ke.com
20241021,东城,安贞,101125780356,婚房精装 电梯直达 人教社家属楼 近地铁,495万,74797元/平,中楼层 (共11层) 2室1厅 | 66.18平米 | 东 西,https://ke-image.ljcdn.com/110000-inspection/bb8971cb-14da-45e0-8911-ca03fbbb936e_1000.jpg!m_fill,w_280,h_210,f_jpg?from=ke.com
20241021,东城,安贞,101125739806,北三环东南三居室小区改造了环境好交通便利,508万,69295元/平,底层 (共6层) 3室1厅 | 73.31平米 | 东南,https://ke-image.ljcdn.com/110000-inspection/pc1_AazR7DR3x.jpg!m_fill,w_280,h_210,f_jpg?from=ke.com
20241021,东城,安贞,101125711373,外馆西街 1室1厅 南 北,275万,64630元/平,顶层 (共6层) | 1981年 | 1室1厅 | 42.55平米 | 南 北,https://ke-image.ljcdn.com/110000-inspection/74e1268b-8604-4e7f-8ef3-d7dd65169dd1_1000.jpg!m_fill,w_280,h_210,f_jpg?from=ke.com
20241021,东城,安贞,101125702075,东城和平里高楼层电梯房视野采光好。,499万,119751元/平,中楼层 (共20层) 1室1厅 | 41.67平米 | 东 南,https://ke-image.ljcdn.com/110000-inspection/fad1162c-0d62-464f-bae4-515f80d0d05f_1000.jpg!m_fill,w_280,h_210,f_jpg?from=ke.com
20241021,东城,安贞,101125695289,安贞安华里南北朝向两居室满五年唯一,460万,76336元/平,顶层 (共7层) 2室1厅 | 60.26平米 | 南 北,https://ke-image.ljcdn.com/110000-inspection/pc1_BBR3WshH4.jpg!m_fill,w_280,h_210,f_jpg?from=ke.com
20241021,东城,安贞,101125659871,国典华园 3室2厅 南 北,1440万,83931元/平,底层 (共17层) | 2005年 | 3室2厅 | 171.57平米 | 南 北,https://ke-image.ljcdn.com/110000-inspection/c891dedd-d00f-4d6c-aeb4-07456fcf96a6_1000.jpg!m_fill,w_280,h_210,f_jpg?from=ke.com
20241021,东城,安贞,101125566277,店长力推安贞西里全明2居坡顶精装近地铁环境好,350万,60554元/平,顶层 (共6层) 2室1厅 | 57.8平米 | 东 西,https://ke-image.ljcdn.com/110000-inspection/pc1_6uPeW9bZS.jpg!m_fill,w_280,h_210,f_jpg?from=ke.com
20241021,东城,安贞,101125548767,北三环 2014年建成 板楼 有电梯 南北通透三居,1430万,121672元/平,顶层 (共7层) | 2014年 | 3室1厅 | 117.53平米 | 南 北,https://ke-image.ljcdn.com/110000-inspection/3edf4554-90dc-4b18-8f4d-7420797ea580_1000.jpg!m_fill,w_280,h_210,f_jpg?from=ke.com
20241021,东城,安贞,101125547640,安华里 西南向三居 精装修 采光好 安静近地铁,411万,63173元/平,顶层 (共6层) 3室1厅 | 65.06平米 | 南 西南 西,https://ke-image.ljcdn.com/110000-inspection/pc1_topOSfZYE_1.jpg!m_fill,w_280,h_210,f_jpg?from=ke.com
20241021,东城,安贞,101125511585,安贞西里 2室1厅 南 北,418万,67946元/平,顶层 (共6层) | 1985年 | 2室1厅 | 61.52平米 | 南 北,https://ke-image.ljcdn.com/110000-inspection/aaa9ab91-aabb-49e3-8342-894c4a7b13f8_1000.jpg!m_fill,w_280,h_210,f_jpg?from=ke.com
20241021,东城,安贞,101125482855,此房满五唯一东西通透交通部管理店面主推,478万,72381元/平,高楼层 (共6层) 3室1厅 | 66.04平米 | 东 西,https://ke-image.ljcdn.com/110000-inspection/pc1_YsDtN5sN5_1.jpg!m_fill,w_280,h_210,f_jpg?from=ke.com
20241021,东城,安贞,101125481554,东城兴化路11号院双南两居采光好视野好,600万,106233元/平,低楼层 (共12层) 2室0厅 | 56.48平米 | 南,https://ke-image.ljcdn.com/110000-inspection/969dabc8-7c24-414c-9b41-a10ea13db569_1000.jpg!m_fill,w_280,h_210,f_jpg?from=ke.com
20241021,东城,安贞,101125453759,安贞惠新西街 富仁名苑小区 东南朝向一居 户型方正,535万,83477元/平,中楼层 (共16层) | 1997年 | 1室1厅 | 64.09平米 | 东南,https://ke-image.ljcdn.com/110000-inspection/pc1_v7vBpBF9p.jpg!m_fill,w_280,h_210,f_jpg?from=ke.com
20241021,东城,安贞,101125434598,东城和平里安贞小黄庄二区满五年唯一,570万,115455元/平,中楼层 (共12层) 1室1厅 | 49.37平米 | 南,https://ke-image.ljcdn.com/110000-inspection/6db8b6fd-e2e5-43a7-9b15-8ded838711ba_1000.jpg!m_fill,w_280,h_210,f_jpg?from=ke.com
20241021,东城,安贞,101125419672,安华里四区电梯直达两居 带客厅 满五唯一 全明格局,490万,71232元/平,中楼层 (共14层) | 1994年 | 2室1厅 | 68.79平米 | 东,https://ke-image.ljcdn.com/110000-inspection/pc1_1lbH7Jhyx.jpg!m_fill,w_280,h_210,f_jpg?from=ke.com
20241021,东城,安贞,101125306544,安贞西里 电梯两居室 满五唯一 近地铁,450万,73159元/平,低楼层 (共16层) | 1986年 | 2室1厅 | 61.51平米 | 南 北,https://ke-image.ljcdn.com/110000-inspection/pc1_LNZSfLyqS.jpg!m_fill,w_280,h_210,f_jpg?from=ke.com
20241021,东城,安贞,101125286622,安贞西里 2室1厅 南 北房主自荐,479万,83552元/平,顶层 (共6层) 2室1厅 | 57.33平米 | 南 北,https://ke-image.ljcdn.com/110000-inspection/pc1_3mc4AXlX0.jpg!m_fill,w_280,h_210,f_jpg?from=ke.com
20241021,东城,安贞,101125282915,满2年 西南大三居 观柳荫公园 采光充足,1414万,79973元/平,高楼层 (共17层) 3室1厅 | 176.81平米 | 西南,https://ke-image.ljcdn.com/110000-inspection/pc1_1vt5eqWlW.jpg!m_fill,w_280,h_210,f_jpg?from=ke.com
20241021,东城,安贞,101125253472,小黄庄 5号线南向一居 业主诚心出售,235万,62634元/平,高楼层 (共6层) | 1976年 | 1室1厅 | 37.52平米 | 南,https://ke-image.ljcdn.com/110000-inspection/19dcda8a-fcfa-439f-9059-7fd571e2045d_1000.jpg!m_fill,w_280,h_210,f_jpg?from=ke.com
20241021,东城,安贞,101125238018,精装修 东城一居室 高楼层 交通方便 能随时签约,580万,116607元/平,高楼层 (共18层) 1室1厅 | 49.74平米 | 西南,https://ke-image.ljcdn.com/110000-inspection/a9bb55c7-5b65-4f54-a113-c2204a6c736d_1000.jpg!m_fill,w_280,h_210,f_jpg?from=ke.com
20241021,东城,安贞,101125222256,此房满五唯一精装修拎包入住采光好无遮挡前后花园,270万,65902元/平,顶层 (共6层) 1室1厅 | 40.97平米 | 南,https://ke-image.ljcdn.com/110000-inspection/c1e0dad4-a874-4935-b705-35a77815525f_1000.jpg!m_fill,w_280,h_210,f_jpg?from=ke.com
20241021,东城,安贞,101125166416,东城区 和平里 煤炭部家属院 板楼带电梯,1250万,140371元/平,中楼层 (共6层) 3室1厅 | 89.05平米 | 南 北,https://ke-image.ljcdn.com/110000-inspection/4fc5ae30-ca06-437f-91f8-272dbedfaeb9_1000.jpg!m_fill,w_280,h_210,f_jpg?from=ke.com
20241021,东城,安贞,101125152433,满五年唯一南北通透三居室靠谱出售随时签约,1250万,89350元/平,底层 (共17层) | 2005年 | 3室2厅 | 139.9平米 | 南 北,https://ke-image.ljcdn.com/110000-inspection/pc1_1exllCX0d.jpg!m_fill,w_280,h_210,f_jpg?from=ke.com
20241021,东城,安贞,101125083737,安贞有电梯 满五年 下楼地铁公园 元大都,420万,73427元/平,低楼层 (共16层) | 1987年 | 2室1厅 | 57.2平米 | 南,https://ke-image.ljcdn.com/110000-inspection/pc1_rl3EqWDyF.jpg!m_fill,w_280,h_210,f_jpg?from=ke.com
20241021,东城,安贞,101125079325,南北通透格局好带正规客厅精装修,455万,73399元/平,底层 (共6层) | 1987年 | 2室1厅 | 61.99平米 | 南 北,https://ke-image.ljcdn.com/110000-inspection/pc1_TH2xVNuhK.jpg!m_fill,w_280,h_210,f_jpg?from=ke.com
20241021,东城,安贞,101125076778,安华西里社区 2室1厅 南,525万,79126元/平,高楼层 (共16层) 2室1厅 | 66.35平米 | 南,https://ke-image.ljcdn.com/110000-inspection/7aca3b95-d63d-4eb8-aeca-c4a6134db7cb_1000.jpg!m_fill,w_280,h_210,f_jpg?from=ke.com
20241021,东城,安贞,101125072491,此房满五唯一配套齐全1990年交通便利,320万,69430元/平,顶层 (共6层) | 1990年 | 1室1厅 | 46.09平米 | 东 西,https://ke-image.ljcdn.com/110000-inspection/pc1_Sqa7Hsyms_1.jpg!m_fill,w_280,h_210,f_jpg?from=ke.com
20241021,东城,安贞,101125068148,社科院 可视门禁正规三居室带两个厅全明格局南北通透房主自荐,870万,98763元/平,低楼层 (共20层) 3室2厅 | 88.09平米 | 南 北 西,https://ke-image.ljcdn.com/110000-inspection/pc1_mthhfk9wI.jpg!m_fill,w_280,h_210,f_jpg?from=ke.com
20241021,东城,安贞,101125052414,安华里两居室业主诚意出售交通方便临公园,560万,81408元/平,底层 (共14层) | 1994年 | 2室1厅 | 68.79平米 | 东,https://ke-image.ljcdn.com/110000-inspection/efe48b87-0473-4099-8d58-f7f73a4f035c_1000.jpg!m_fill,w_280,h_210,f_jpg?from=ke.com
20241021,东城,安贞,101125048454,国典华园 2005年商品房小区 低楼层 不临街,920万,88403元/平,低楼层 (共17层) | 2005年 | 2室1厅 | 104.07平米 | 西南,https://ke-image.ljcdn.com/110000-inspection/pc1_V46HOr4aA.jpg!m_fill,w_280,h_210,f_jpg?from=ke.com
20241021,东城,安贞,101125045010,富仁三居室一梯两户南北向满五年唯一住房,1500万,105043元/平,底层 (共14层) | 2004年 | 3室1厅 | 142.8平米 | 南 北,https://ke-image.ljcdn.com/110000-inspection/pc1_Ug4DAovYg_1.jpg!m_fill,w_280,h_210,f_jpg?from=ke.com
20241021,东城,安贞,101125038196,安华桥地铁站旁边 97年商品房 113平观景大两居,860万,75898元/平,中楼层 (共23层) | 1997年 | 2室1厅 | 113.31平米 | 北,https://ke-image.ljcdn.com/110000-inspection/pc1_yqoOFBJnY.jpg!m_fill,w_280,h_210,f_jpg?from=ke.com
20241021,东城,安贞,101125034957,安贞里  南向一居室 精装修 户型方正,345万,80270元/平,低楼层 (共6层) | 1984年 | 1室1厅 | 42.98平米 | 南,https://ke-image.ljcdn.com/110000-inspection/pc1_YfV1UfxjB.jpg!m_fill,w_280,h_210,f_jpg?from=ke.com
20241021,东城,安贞,101125034752,安贞西里三区 南北通透两居室 采光好 无遮挡,408万,71882元/平,顶层 (共6层) 2室1厅 | 56.76平米 | 南 北,https://ke-image.ljcdn.com/110000-inspection/pc1_Te2fHy1zm.jpg!m_fill,w_280,h_210,f_jpg?from=ke.com
20241021,东城,安贞,101125032471,安华里社区 3室1厅 西 北,470万,74227元/平,高楼层 (共6层) 3室1厅 | 63.32平米 | 西 北,https://ke-image.ljcdn.com/110000-inspection/e7219c7d-b67f-4e4e-b104-5ee2f58a53c2_1000.jpg!m_fill,w_280,h_210,f_jpg?from=ke.com
20241021,东城,安贞,101125031752,安华里五区 南北通透3居室 诚心出售随时可签约房主自荐,430万,63161元/平,顶层 (共6层) | 1987年 | 3室1厅 | 68.08平米 | 南 北,https://ke-image.ljcdn.com/110000-inspection/7788102a-9282-4459-88d8-7dc126bf7a9b_1000.jpg!m_fill,w_280,h_210,f_jpg?from=ke.com
20241021,东城,安贞,101125031196,北三环 安贞里 安贞医院家属楼 96年钢混 精装修房主自荐,539万,83321元/平,底层 (共18层) 2室1厅 | 64.69平米 | 西南,https://ke-image.ljcdn.com/110000-inspection/pc1_6riJZHHDH.jpg!m_fill,w_280,h_210,f_jpg?from=ke.com
20241021,东城,安贞,101125030995,安贞西里 2室1厅 南 北,458万,79253元/平,中楼层 (共6层) 2室1厅 | 57.79平米 | 南 北,https://ke-image.ljcdn.com/110000-inspection/pc1_DbXSGVEnk_1.jpg!m_fill,w_280,h_210,f_jpg?from=ke.com
20241021,东城,安贞,101125029690,北三环2014年品质小区7层板楼电梯管理好,1180万,119108元/平,中楼层 (共7层) | 2014年 | 2室1厅 | 99.07平米 | 东 西,https://ke-image.ljcdn.com/110000-inspection/pc1_hX0lkHNBT.jpg!m_fill,w_280,h_210,f_jpg?from=ke.com
20241021,东城,安贞,101124987177,小黄庄 南北通透两居室诚心出售,440万,76589元/平,中楼层 (共6层) 2室1厅 | 57.45平米 | 南 北,https://ke-image.ljcdn.com/110000-inspection/pc1_h4cRhfbyA.jpg!m_fill,w_280,h_210,f_jpg?from=ke.com
20241021,东城,安贞,101124957013,满五唯一98年楼龄管理好南北通透,1260万,117978元/平,高楼层 (共13层) 3室1厅 | 106.8平米 | 南 北,https://ke-image.ljcdn.com/110000-inspection/pc1_QqKWkqOhC_1.jpg!m_fill,w_280,h_210,f_jpg?from=ke.com
20241021,东城,安贞,101124938584,国典新上 全南向大两居高楼层视野采光好,1320万,94536元/平,顶层 (共17层) | 2005年 | 2室1厅 | 139.63平米 | 南,https://ke-image.ljcdn.com/110000-inspection/4a413a64-9fc3-4104-bda2-0484f7792357_1000.jpg!m_fill,w_280,h_210,f_jpg?from=ke.com
20241021,东城,安贞,101124937761,格局好80筑1多一间南北通透精装修带客厅,468万,67533元/平,顶层 (共6层) 3室1厅 | 69.3平米 | 南 北,https://ke-image.ljcdn.com/110000-inspection/6203b7fe-e052-4a6e-9dee-ea5504bb8a3e_1000.jpg!m_fill,w_280,h_210,f_jpg?from=ke.com
20241021,东城,安贞,101124937627,满五唯一 商品房中间层婚房精装修两居室,347万,76449元/平,中楼层 (共6层) 2室1厅 | 45.39平米 | 北,https://ke-image.ljcdn.com/110000-inspection/pc1_BtZRtJHta.jpg!m_fill,w_280,h_210,f_jpg?from=ke.com
20241021,东城,安贞,101124928477,安华里社区 2室1厅 南,548万,99150元/平,高楼层 (共16层) | 1986年 | 2室1厅 | 55.27平米 | 南,https://ke-image.ljcdn.com/110000-inspection/pc1_l6wJGZuJI.jpg!m_fill,w_280,h_210,f_jpg?from=ke.com
20241021,东城,安贞,101124909654,东城和平里 九三。楼龄新电梯房,1030万,103999元/平,中楼层 (共18层) 2室1厅 | 99.04平米 | 东南,https://ke-image.ljcdn.com/110000-inspection/pc1_hkHa6sdZj.jpg!m_fill,w_280,h_210,f_jpg?from=ke.com
20241021,东城,安贞,101124907359,皇姑坟小区明厨明卫2居户型交通便利配套完善。,318万,61965元/平,低楼层 (共6层) | 1992年 | 2室1厅 | 51.32平米 | 东 北,https://ke-image.ljcdn.com/110000-inspection/9e722e5f-9e4c-46de-af91-c7151e4c2a9d_1000.jpg!m_fill,w_280,h_210,f_jpg?from=ke.com
20241021,东城,安贞,101124863698,聚焦好房！观景满五唯一双阳台中高层视野好房主自荐,370万,62553元/平,高楼层 (共17层) 2室1厅 | 59.15平米 | 西 北,https://ke-image.ljcdn.com/110000-inspection/pc1_RMr4hIN83.jpg!m_fill,w_280,h_210,f_jpg?from=ke.com
20241021,东城,安贞,101124841308,安贞里 东南两居室 视野采光好,500万,68776元/平,底层 (共17层) | 1987年 | 2室1厅 | 72.7平米 | 东南,https://ke-image.ljcdn.com/110000-inspection/pc1_Pdx6EoOSh.jpg!m_fill,w_280,h_210,f_jpg?from=ke.com
20241021,东城,安贞,101124841186,安贞里一区西北向两居室视野采光好,510万,86222元/平,高楼层 (共17层) | 1988年 | 2室1厅 | 59.15平米 | 西北,https://ke-image.ljcdn.com/110000-inspection/e6d84aa0-336e-40f9-885f-765e6734ca7c_1000.jpg!m_fill,w_280,h_210,f_jpg?from=ke.com
20241021,东城,安贞,101124828698,安华里五区电梯两居室次顶层诚心出售。看房方便,358万,59667元/平,高楼层 (共14层) | 1991年 | 2室1厅 | 60平米 | 西南 西,https://ke-image.ljcdn.com/110000-inspection/pc1_3AheSYTEQ.jpg!m_fill,w_280,h_210,f_jpg?from=ke.com
20241021,东城,安贞,101124814007,小黄庄前街2号院1993年楼龄南北通透正规两居,375万,61416元/平,顶层 (共6层) 2室2厅 | 61.06平米 | 南 北,https://ke-image.ljcdn.com/110000-inspection/9cb8ab13-20ac-42b9-937f-93d1bcc1c026_1000.jpg!m_fill,w_280,h_210,f_jpg?from=ke.com
20241021,东城,安贞,101124808052,小黄庄前街3号院 朝南一居 满五唯一 交通方便,275万,67436元/平,高楼层 (共6层) | 1986年 | 1室1厅 | 40.78平米 | 南,https://ke-image.ljcdn.com/110000-inspection/pc1_KCWTWDtCO.jpg!m_fill,w_280,h_210,f_jpg?from=ke.com
20241021,东城,安贞,101124806784,和平西街23号院煤炭文工团98年热推房,670万,87251元/平,高楼层 (共20层) 2室1厅 | 76.79平米 | 西 南,https://ke-image.ljcdn.com/110000-inspection/pc1_FHbnUVUEV.jpg!m_fill,w_280,h_210,f_jpg?from=ke.com
20241021,东城,安贞,101124720024,链家聚焦：2014年小区 南北双卫 有电梯 有车位,1350万,120665元/平,中楼层 (共7层) | 2014年 | 2室1厅 | 111.88平米 | 南 北,https://ke-image.ljcdn.com/110000-inspection/7b33d5ce-caea-44f1-8568-6c9403f849ac_1000.jpg!m_fill,w_280,h_210,f_jpg?from=ke.com
20241021,东城,安贞,101124714901,安华西里楼道干净低楼层西向两居室近地铁,499万,79459元/平,底层 (共11层) 2室1厅 | 62.8平米 | 西,https://ke-image.ljcdn.com/110000-inspection/pc1_Od6CmQB1A.jpg!m_fill,w_280,h_210,f_jpg?from=ke.com
20241021,东城,安贞,101124511306,本房电梯直达东西通透全明格局户型方正。交通部,578万,75953元/平,高楼层 (共12层) 3室2厅 | 76.1平米 | 西 东,https://ke-image.ljcdn.com/110000-inspection/cd4f21be-c471-4fe0-bdf1-a032bfdd5411_1000.jpg!m_fill,w_280,h_210,f_jpg?from=ke.com
20241021,东城,安贞,101124453289,总监推荐 精装两居室 出门地铁,350万,61772元/平,顶层 (共6层) 2室1厅 | 56.66平米 | 东 西,https://ke-image.ljcdn.com/110000-inspection/pc1_n8Rff94vh.jpg!m_fill,w_280,h_210,f_jpg?from=ke.com
20241021,东城,安贞,101124448133,小黄庄前街13号院 1室1厅 西,255万,57498元/平,顶层 (共6层) 1室1厅 | 44.35平米 | 西,https://ke-image.ljcdn.com/110000-inspection/pc1_m6W9l19Vj_1.jpg!m_fill,w_280,h_210,f_jpg?from=ke.com
20241021,东城,安贞,101124445839,安贞西里精装修明厨明卫朝南一居中间层,380万,90606元/平,中楼层 (共6层) 1室1厅 | 41.94平米 | 南,https://ke-image.ljcdn.com/110000-inspection/6bc11c09-4ae2-426e-b2b2-6b1dea16756b_1000.jpg!m_fill,w_280,h_210,f_jpg?from=ke.com
20241021,东城,安贞,101124442014,北三环 安贞里 满五唯一 有坡顶 公积金可贷29年,460万,66648元/平,顶层 (共6层) 3室1厅 | 69.02平米 | 南 北,https://ke-image.ljcdn.com/110000-inspection/137fc6e3-c22c-4272-83f6-6f8d5a8b702b_1000.jpg!m_fill,w_280,h_210,f_jpg?from=ke.com
20241021,东城,安贞,101124439931,安贞西里二区近地铁宽敞客厅明厨明卫,490万,85620元/平,顶层 (共6层) 2室1厅 | 57.23平米 | 南 北,https://ke-image.ljcdn.com/110000-inspection/bc91dc8f-8ccf-4c87-9026-eebf772a546d_1000.jpg!m_fill,w_280,h_210,f_jpg?from=ke.com
20241021,东城,安贞,101124438531,安贞精装钢混 南北全明格局 采光/视野好 楼下公园房主自荐,449万,69195元/平,顶层 (共6层) 2室1厅 | 64.89平米 | 南 西 北,https://ke-image.ljcdn.com/110000-inspection/pc1_FoITC0Kt2_1.jpg!m_fill,w_280,h_210,f_jpg?from=ke.com
20241021,东城,安贞,101124436666,北三环 安贞西里 业委会直管 24小时安保,1360万,75995元/平,中楼层 (共23层) | 1997年 | 4室2厅 | 178.96平米 | 西南,https://ke-image.ljcdn.com/110000-inspection/pc1_39aqdUMXb.jpg!m_fill,w_280,h_210,f_jpg?from=ke.com
20241021,东城,安贞,101124436056,安贞西里 1室1厅 东 西,425万,88395元/平,中楼层 (共14层) | 1987年 | 1室1厅 | 48.08平米 | 东 西,https://ke-image.ljcdn.com/110000-inspection/09a82f34-43ff-4d9b-863e-d9f66ad1fe7f_1000.jpg!m_fill,w_280,h_210,f_jpg?from=ke.com
20241021,东城,安贞,101124425256,房子户型方正全明格局管理好可视门禁,385万,91667元/平,中楼层 (共6层) 1室1厅 | 42平米 | 南,https://ke-image.ljcdn.com/110000-inspection/3daa6f4f-cc5d-4635-9700-c91fbd266144_1000.jpg!m_fill,w_280,h_210,f_jpg?from=ke.com
20241021,东城,安贞,101124394483,南北通中间层 户型好全明户型环境好 楼下公园,599万,78434元/平,中楼层 (共6层) 3室1厅 | 76.37平米 | 东 南 北,https://ke-image.ljcdn.com/110000-inspection/pc1_QxEUe8gud.jpg!m_fill,w_280,h_210,f_jpg?from=ke.com
20241021,东城,安贞,101124329985,安贞里二区业主诚意卖不临街,318万,60000元/平,顶层 (共6层) 2室1厅 | 53平米 | 东南,https://ke-image.ljcdn.com/110000-inspection/695bc07e-f7c4-41e7-81a0-08f28ed5f681_1000.jpg!m_fill,w_280,h_210,f_jpg?from=ke.com
20241021,东城,安贞,101124327201,电梯房 采光好  业主随时诚心签约 公园和购物方便,268万,59795元/平,中楼层 (共14层) | 1991年 | 1室1厅 | 44.82平米 | 南 东,https://ke-image.ljcdn.com/110000-inspection/pc1_NqFCzMH2t.jpg!m_fill,w_280,h_210,f_jpg?from=ke.com
20241021,东城,安贞,101124319551,1992年楼龄精装修随时签约交通便利,288万,61790元/平,顶层 (共6层) | 1992年 | 1室1厅 | 46.61平米 | 东南,https://ke-image.ljcdn.com/110000-inspection/pc1_S8khMucgJ.jpg!m_fill,w_280,h_210,f_jpg?from=ke.com
20241021,东城,安贞,101124314727,皇姑坟小区 2室1厅 西南,358万,67868元/平,底层 (共6层) 2室1厅 | 52.75平米 | 西南,https://ke-image.ljcdn.com/110000-inspection/pc1_iscknL6hv.jpg!m_fill,w_280,h_210,f_jpg?from=ke.com
20241021,东城,安贞,101124313100,总监优选：安贞西里方正田字格全明三居室 满五年唯一,650万,84372元/平,顶层 (共6层) 3室1厅 | 77.04平米 | 东 南 北,https://ke-image.ljcdn.com/110000-inspection/6fd72cca-a341-4636-a3aa-40108e3e9b04_1000.jpg!m_fill,w_280,h_210,f_jpg?from=ke.com
20241021,东城,安贞,101124312703,安华里华润家属楼两居室诚心出售看房方便,415万,70268元/平,顶层 (共18层) | 1990年 | 2室1厅 | 59.06平米 | 西北,https://ke-image.ljcdn.com/110000-inspection/87cb135b-ea8d-49d3-9161-441aa2d3bf6c_1000.jpg!m_fill,w_280,h_210,f_jpg?from=ke.com
20241021,东城,安贞,101124295609,安华里一区 近地铁 南北通透 2层 前后都是花园,629万,90949元/平,低楼层 (共6层) | 1985年 | 3室1厅 | 69.16平米 | 南 北,https://ke-image.ljcdn.com/110000-inspection/2d9b32ad-3ed6-42ac-8bef-f968b67b6b8d_1000.jpg!m_fill,w_280,h_210,f_jpg?from=ke.com
20241021,东城,安贞,101124280384,北三环2014年次新房7层洋房带电梯业主诚心出售,1290万,113228元/平,底层 (共7层) | 2014年 | 3室1厅 | 113.93平米 | 南,https://ke-image.ljcdn.com/110000-inspection/pc1_eIoNoRa8k_1.jpg!m_fill,w_280,h_210,f_jpg?from=ke.com
20241021,东城,安贞,101124237358,满五年唯一 原中石油单位前后花园安静 管理好平改坡,490万,71387元/平,顶层 (共6层) 3室1厅 | 68.64平米 | 南 北,https://ke-image.ljcdn.com/110000-inspection/ee67db52-a1bd-42ee-ab45-39c172c4c3a1_1000.jpg!m_fill,w_280,h_210,f_jpg?from=ke.com
20241021,东城,安贞,101124209570,安华里南北通透 精装修两居满五年唯一采光好,344万,58784元/平,顶层 (共6层) | 1982年 | 2室1厅 | 58.52平米 | 南 北,https://ke-image.ljcdn.com/110000-inspection/b99014c1-ff4b-45bc-bf67-89d96a0e451f_1000.jpg!m_fill,w_280,h_210,f_jpg?from=ke.com
20241021,东城,安贞,101124191086,安华里 南北通透格局三居室 大客厅采光好拎包入住,499万,71603元/平,顶层 (共6层) | 1985年 | 3室1厅 | 69.69平米 | 南 北,https://ke-image.ljcdn.com/110000-inspection/28790675-0ec9-4356-8c1e-9d48e786270b_1000.jpg!m_fill,w_280,h_210,f_jpg?from=ke.com
20241021,东城,安贞,101124155842,店长力荐双阳台地铁公园钢混69经典两居,398万,67287元/平,高楼层 (共17层) | 1988年 | 2室1厅 | 59.15平米 | 西北,https://ke-image.ljcdn.com/110000-inspection/61263c12-ff84-4b6c-87cf-4dea33603598_1000.jpg!m_fill,w_280,h_210,f_jpg?from=ke.com
20241021,东城,安贞,101124152754,大龙公寓 3室1厅 东 北,1280万,108392元/平,顶层 (共21层) | 1998年 | 3室1厅 | 118.09平米 | 东 北,https://ke-image.ljcdn.com/110000-inspection/6549b569-f10c-4a1c-bca8-69b76a4caf37_1000.jpg!m_fill,w_280,h_210,f_jpg?from=ke.com
20241021,东城,安贞,101124122352,2000年商品房东城无遮挡视野开阔交通便利,900万,83964元/平,中楼层 (共18层) | 2000年 | 3室1厅 | 107.19平米 | 西北,https://ke-image.ljcdn.com/110000-inspection/pc1_iA0B5aUZe_1.jpg!m_fill,w_280,h_210,f_jpg?from=ke.com
20241021,东城,安贞,101124108607,安贞西里南向一居室视野采光好近地铁有电梯,328万,70950元/平,中楼层 (共16层) | 1986年 | 1室1厅 | 46.23平米 | 南,https://ke-image.ljcdn.com/110000-inspection/51b3bbf3-1347-4679-b315-b64c73b54f95_1000.jpg!m_fill,w_280,h_210,f_jpg?from=ke.com
20241021,东城,安贞,101124095268,安华里 中楼层 采光好 南北通透 精装两居！,375万,69125元/平,中楼层 (共6层) | 1983年 | 2室1厅 | 54.25平米 | 南 北,https://ke-image.ljcdn.com/110000-inspection/155cb228-044f-480e-acb8-ef01aa942aa5_1000.jpg!m_fill,w_280,h_210,f_jpg?from=ke.com
20241021,东城,安贞,101124089368,总监推荐：安贞苑50号院和平里区域中楼层两居室,730万,110909元/平,低楼层 (共6层) 2室1厅 | 65.82平米 | 南 北,https://ke-image.ljcdn.com/110000-inspection/f08802aa-8ef0-434e-bac8-54c17be66369_1000.jpg!m_fill,w_280,h_210,f_jpg?from=ke.com
20241021,东城,安贞,101124056677,精装婚房装修 业主随时诚信签约 公园和购物方便,345万,71846元/平,底层 (共14层) | 1991年 | 1室1厅 | 48.02平米 | 东 南,https://ke-image.ljcdn.com/110000-inspection/083b5eae-4d54-4196-8ae2-9fb2ae4db23a_1000.jpg!m_fill,w_280,h_210,f_jpg?from=ke.com
20241021,东城,安贞,101123951257,北三环 1992年 小区改造 低楼层 上下水更换,460万,64327元/平,低楼层 (共6层) 3室1厅 | 71.51平米 | 东南 南,https://ke-image.ljcdn.com/110000-inspection/e2498c27-648e-4dd3-8456-b1ab00099076_1000.jpg!m_fill,w_280,h_210,f_jpg?from=ke.com
20241021,东城,安贞,101123950686,北三环1992年改造完成闹中取静小区配套成熟,360万,66384元/平,中楼层 (共6层) | 1992年 | 2室1厅 | 54.23平米 | 西南,https://ke-image.ljcdn.com/110000-inspection/pc1_uM6FHbCLm.jpg!m_fill,w_280,h_210,f_jpg?from=ke.com
20241021,东城,安贞,101123950630,华世隆国际公寓 3室2厅 南 北,1400万,55488元/平,中楼层 (共8层) | 2001年 | 3室2厅 | 252.31平米 | 南 北,https://ke-image.ljcdn.com/110000-inspection/pc1_uWkvRLnB7_1.jpg!m_fill,w_280,h_210,f_jpg?from=ke.com
20241021,东城,安贞,101123887193,胜古誉园 2014次新房 精装修 二居双卫家具家电新房主自荐,1180万,119108元/平,顶层 (共7层) | 2014年 | 2室1厅 | 99.07平米 | 东 西,https://ke-image.ljcdn.com/110000-inspection/pc1_ywf7WSd1I_1.jpg!m_fill,w_280,h_210,f_jpg?from=ke.com
20241021,东城,安贞,101123881091,安贞里 2000年楼龄 南向 采光好 无遮挡 楼下花园,986万,66834元/平,中楼层 (共7层) 3室2厅 | 147.53平米 | 南,https://ke-image.ljcdn.com/110000-inspection/f1f496fd-d161-4f8b-80a6-6be3fd126c00_1000.jpg!m_fill,w_280,h_210,f_jpg?from=ke.com
20241021,东城,安贞,101123856489,安贞安华里 自住精装修 朝南向 低楼层 采光好一层两户,256万,59884元/平,底层 (共7层) 1室0厅 | 42.75平米 | 南,https://ke-image.ljcdn.com/110000-inspection/pc1_HwwK5xB4A_1.jpg!m_fill,w_280,h_210,f_jpg?from=ke.com
20241021,东城,安贞,101123855653,此房有电梯视野宽阔采光充足通风好明厨明卫。,518万,80248元/平,低楼层 (共12层) | 1989年 | 2室1厅 | 64.55平米 | 东 南 西,https://ke-image.ljcdn.com/110000-inspection/99b3436c-f8fb-4619-b785-c6ba65cfd57c_1000.jpg!m_fill,w_280,h_210,f_jpg?from=ke.com
20241021,东城,安贞,101123757634,安贞里一区 高楼层 无遮挡 采光好 进地铁房主自荐,448万,76503元/平,高楼层 (共17层) 1室1厅 | 58.56平米 | 南,https://ke-image.ljcdn.com/110000-inspection/0cc0d6d2-3e82-41f7-ac44-2904611a53a8_1000.jpg!m_fill,w_280,h_210,f_jpg?from=ke.com
20241021,东城,安贞,101123651481,安贞里 2室1厅 南 北,460万,85201元/平,高楼层 (共6层) 2室1厅 | 53.99平米 | 南 北,https://ke-image.ljcdn.com/110000-inspection/eb3d34ac-6b63-44c6-9931-56ce3f8c1d2f_1000.jpg!m_fill,w_280,h_210,f_jpg?from=ke.com
20241021,东城,安贞,101123310461,小黄庄前街13号院 双阳台 带客厅,336万,64991元/平,高楼层 (共6层) | 1989年 | 1室1厅 | 51.7平米 | 东 西,https://ke-image.ljcdn.com/110000-inspection/pc1_LwbucF2bh.jpg!m_fill,w_280,h_210,f_jpg?from=ke.com
20241021,东城,安贞,101123307447,安华西里 电梯全明南向一居 管理好煤炭部央产,420万,108640元/平,高楼层 (共21层) | 1989年 | 1室1厅 | 38.66平米 | 南,https://ke-image.ljcdn.com/110000-inspection/a30e0c25-42d7-498c-a731-5ae816f38986_1000.jpg!m_fill,w_280,h_210,f_jpg?from=ke.com
20241021,东城,安贞,101123259110,豪威家园 商品房小区 周边配套齐全,1250万,83713元/平,中楼层 (共16层) | 2002年 | 4室1厅 | 149.32平米 | 东南,https://ke-image.ljcdn.com/110000-inspection/pc1_h9F4jrP68.jpg!m_fill,w_280,h_210,f_jpg?from=ke.com
20241021,东城,安贞,101123220006,南向全明格局中间层无遮挡诚心卖价格可商量,780万,111413元/平,中楼层 (共21层) 2室1厅 | 70.01平米 | 南,https://ke-image.ljcdn.com/110000-inspection/c60651ff-643f-4b1a-a0d2-cd7c2af8fe23_1000.jpg!m_fill,w_280,h_210,f_jpg?from=ke.com
20241021,东城,安贞,101123201382,东城和平里 精装电梯小三室拎包入住,680万,93871元/平,低楼层 (共21层) 3室1厅 | 72.44平米 | 南 北,https://ke-image.ljcdn.com/110000-inspection/82a4ff32-cde3-4e75-8fe2-bdd40191aea0_1000.jpg!m_fill,w_280,h_210,f_jpg?from=ke.com
20241021,东城,安贞,101123188723,北三环 安贞西里 田字格三居 满五唯一 不临街 精装修,680万,86218元/平,高楼层 (共6层) 3室1厅 | 78.87平米 | 东 西 北,https://ke-image.ljcdn.com/110000-inspection/374c0bec-38ba-419b-b1cd-1515b2a401a2_1000.jpg!m_fill,w_280,h_210,f_jpg?from=ke.com
20241021,东城,安贞,101122982810,和平里 东城两居 满五唯一精装修 带车位 94年一梯两户,790万,144161元/平,底层 (共6层) 2室1厅 | 54.8平米 | 东 西,https://ke-image.ljcdn.com/110000-inspection/6272f69f-e944-4b99-a8a0-4d3f4bb8401c_1000.jpg!m_fill,w_280,h_210,f_jpg?from=ke.com
20241021,东城,安贞,101122874184,总监推荐 精装两居室  地铁公园 安静,450万,79352元/平,顶层 (共6层) | 1986年 | 2室1厅 | 56.71平米 | 南 北,https://ke-image.ljcdn.com/110000-inspection/pc1_j6z1KlZgF.jpg!m_fill,w_280,h_210,f_jpg?from=ke.com
20241021,东城,安贞,101122547213,小黄庄前街2号院  小黄庄   前街2号院,299万,54722元/平,地下室 (共6层) | 1993年 | 2室2厅 | 54.64平米 | 南 北,https://ke-image.ljcdn.com/110000-inspection/pc1_UVJeWlPuD.jpg!m_fill,w_280,h_210,f_jpg?from=ke.com
20241021,东城,安贞,101122531136,小黄庄一区楼层好 视野开阔 有电梯 东西通透 明厨明卫,1130万,105078元/平,中楼层 (共21层) 3室1厅 | 107.54平米 | 东 西 北,https://ke-image.ljcdn.com/110000-inspection/1cb4f6ef-71a0-4054-b9c2-5b98d7c2e4fd_1000.jpg!m_fill,w_280,h_210,f_jpg?from=ke.com
20241021,东城,安贞,101122519493,东城 和平里 小黄庄一区 电梯带客厅3居,899万,97001元/平,中楼层 (共21层) 3室1厅 | 92.68平米 | 东 西,https://ke-image.ljcdn.com/110000-inspection/c65393fa-c438-4df9-906d-49ec4908f8d0_1000.jpg!m_fill,w_280,h_210,f_jpg?from=ke.com
20241021,东城,安贞,101122233624,和平里东城一居室 满五唯一 可贷款 94年 正在改造,480万,116421元/平,高楼层 (共6层) 1室1厅 | 41.23平米 | 东 西,https://ke-image.ljcdn.com/110000-inspection/bdf452a3-5d47-4ebc-af88-07e8a5af2551_1000.jpg!m_fill,w_280,h_210,f_jpg?from=ke.com
20241021,东城,安贞,101122095631,安华西里 带电梯 近地铁 南北通透三居 业主诚意出售,665万,88573元/平,低楼层 (共16层) | 1986年 | 3室1厅 | 75.08平米 | 南 北,https://ke-image.ljcdn.com/110000-inspection/pc1_PCN1LVeNZ.jpg!m_fill,w_280,h_210,f_jpg?from=ke.com
20241021,东城,安贞,101121988051,小黄庄一区   南北通透电梯三居,875万,96921元/平,底层 (共21层) 3室1厅 | 90.28平米 | 东 南 北,https://ke-image.ljcdn.com/110000-inspection/pc1_bFvEAp2RK_1.jpg!m_fill,w_280,h_210,f_jpg?from=ke.com
20241021,东城,安贞,101121930598,安贞里南向两居满五唯一电梯停车方便,548万,73459元/平,低楼层 (共17层) | 1991年 | 2室1厅 | 74.6平米 | 南,https://ke-image.ljcdn.com/110000-inspection/48279015-c18e-4750-be04-d92b120c6476_1000.jpg!m_fill,w_280,h_210,f_jpg?from=ke.com
20241021,东城,安贞,101120880599,小黄庄前街2号院——小黄庄前街2号院,410万,67148元/平,顶层 (共6层) | 1993年 | 2室1厅 | 61.06平米 | 南 北,https://ke-image.ljcdn.com/110000-inspection/8a757f81-82c1-4a51-93ae-1f9be914a149_1000.jpg!m_fill,w_280,h_210,f_jpg?from=ke.com
20241021,东城,安贞,101120299103,小黄庄一区 南北通透 全明户型 低楼层采光通风好房主自荐,799万,114948元/平,低楼层 (共6层) 2室1厅 | 69.51平米 | 南 北 西,https://ke-image.ljcdn.com/110000-inspection/5e9d0212-aea1-413b-8b76-b4429a2e4379_1000.jpg!m_fill,w_280,h_210,f_jpg?from=ke.com
20241021,东城,安贞,101127178330,安贞里板楼中间层有装修业主诚心卖,346万,61294元/平,中楼层 (共6层) | 1986年 | 2室1厅 | 56.45平米 | 东 西,https://s1.ljcdn.com/pegasus/redskull/images/common/default_house_list.png?_v=202410161653269
20241021,东城,安贞,101127175606,房子满五年唯一南北通透全明格局前后无遮挡新上,454万,78561元/平,高楼层 (共6层) 2室1厅 | 57.79平米 | 南 北,https://s1.ljcdn.com/pegasus/redskull/images/common/default_house_list.png?_v=202410161653269
20241021,东城,安贞,101127164532,满五唯一的商品房业主诚意出售随时可签新上,360万,62016元/平,高楼层 (共6层) | 2001年 | 2室1厅 | 58.05平米 | 东 西,https://s1.ljcdn.com/pegasus/redskull/images/common/default_house_list.png?_v=202410161653269
20241021,东城,安贞,101127104791,安华西里社区 2室1厅 东北新上,360万,72978元/平,顶层 (共6层) | 1986年 | 2室1厅 | 49.33平米 | 东北,https://s1.ljcdn.com/pegasus/redskull/images/common/default_house_list.png?_v=202410161653269
20241021,东城,安贞,101127100864,安贞西里聚焦好房精装修两居室满五年楼下双地铁新上,400万,70597元/平,中楼层 (共6层) 2室1厅 | 56.66平米 | 东 西,https://s1.ljcdn.com/pegasus/redskull/images/common/default_house_list.png?_v=202410161653269
20241021,东城,安贞,101127058379,小黄庄前街13号院 1室1厅 西新上,280万,63135元/平,高楼层 (共6层) 1室1厅 | 44.35平米 | 西,https://s1.ljcdn.com/pegasus/redskull/images/common/default_house_list.png?_v=202410161653269
20241021,东城,安贞,101126993190,小黄庄一区 1室1厅 南,499万,112794元/平,中楼层 (共6层) 1室1厅 | 44.24平米 | 南,https://s1.ljcdn.com/pegasus/redskull/images/common/default_house_list.png?_v=202410161653269
20241021,东城,安贞,101126966039,北三环安贞1992年楼龄随时签约交通便利,240万,59643元/平,中楼层 (共6层) | 1992年 | 1室1厅 | 40.24平米 | 东,https://s1.ljcdn.com/pegasus/redskull/images/common/default_house_list.png?_v=202410161653269
20241021,东城,安贞,101126914925,小黄庄前街13号院 2室1厅 南 北,365万,62823元/平,高楼层 (共6层) 2室1厅 | 58.1平米 | 南 北,https://s1.ljcdn.com/pegasus/redskull/images/common/default_house_list.png?_v=202410161653269
20241021,东城,安贞,101126870512,安贞西里 1室1厅 北,320万,84500元/平,中楼层 (共16层) | 1986年 | 1室1厅 | 37.87平米 | 北,https://s1.ljcdn.com/pegasus/redskull/images/common/default_house_list.png?_v=202410161653269
20241021,东城,安贞,101126869599,胜古誉园 2室1厅 南 北,1200万,125708元/平,底层 (共7层) | 2014年 | 2室1厅 | 95.46平米 | 南 北,https://s1.ljcdn.com/pegasus/redskull/images/common/default_house_list.png?_v=202410161653269
20241021,东城,安贞,101126854181,国典华园安静不临街全明两居配套成熟好,950万,91382元/平,中楼层 (共17层) | 2005年 | 2室1厅 | 103.96平米 | 东南,https://s1.ljcdn.com/pegasus/redskull/images/common/default_house_list.png?_v=202410161653269
20241021,东城,安贞,101126801432,安华里社区中间层南北通透费用成本低。诚心出售！！,370万,69172元/平,中楼层 (共6层) 2室1厅 | 53.49平米 | 南 北,https://s1.ljcdn.com/pegasus/redskull/images/common/default_house_list.png?_v=202410161653269
20241021,东城,安贞,101126785158,链家聚焦：国典华园南北三居  景观视野好 价格能谈,1460万,85346元/平,高楼层 (共17层) | 2005年 | 3室1厅 | 171.07平米 | 南 北,https://s1.ljcdn.com/pegasus/redskull/images/common/default_house_list.png?_v=202410161653269
20241021,东城,安贞,101126697136,安华西里社区 南北通透2居 中间层 采光好 近地铁,419万,73175元/平,中楼层 (共6层) 2室1厅 | 57.26平米 | 南 北,https://s1.ljcdn.com/pegasus/redskull/images/common/default_house_list.png?_v=202410161653269
20241021,东城,安贞,101126687922,安贞西里南向有电梯两居室视野采光好,480万,74779元/平,中楼层 (共16层) | 1986年 | 2室1厅 | 64.19平米 | 南,https://s1.ljcdn.com/pegasus/redskull/images/common/default_house_list.png?_v=202410161653269
20241021,东城,安贞,101126657887,西青年沟23号院煤kuang文工团家属院,630万,93890元/平,中楼层 (共20层) 3室1厅 | 67.1平米 | 东南,https://s1.ljcdn.com/pegasus/redskull/images/common/default_house_list.png?_v=202410161653269
20241021,东城,安贞,101126639633,安华里社区 2室1厅 南 北,504万,69884元/平,顶层 (共6层) 2室1厅 | 72.12平米 | 南 北,https://s1.ljcdn.com/pegasus/redskull/images/common/default_house_list.png?_v=202410161653269
20241021,东城,安贞,101126626378,安贞里 2室1厅 南,455万,64393元/平,中楼层 (共17层) | 1987年 | 2室1厅 | 70.66平米 | 南,https://s1.ljcdn.com/pegasus/redskull/images/common/default_house_list.png?_v=202410161653269
20241021,东城,安贞,101126597498,【直观鸟巢】安贞里一区全明两居室,400万,64103元/平,高楼层 (共17层) 2室1厅 | 62.4平米 | 东 北,https://s1.ljcdn.com/pegasus/redskull/images/common/default_house_list.png?_v=202410161653269
20241021,东城,安贞,101126552353,安定路东城房本南北三居带客厅中间层采光好。,799万,90549元/平,中楼层 (共20层) 3室1厅 | 88.24平米 | 南 西 北,https://s1.ljcdn.com/pegasus/redskull/images/common/default_house_list.png?_v=202410161653269
20241021,东城,安贞,101126520291,南北通透  低楼层  随时签约,580万,84895元/平,低楼层 (共6层) | 1982年 | 3室1厅 | 68.32平米 | 南 北,https://s1.ljcdn.com/pegasus/redskull/images/common/default_house_list.png?_v=202410161653269
20241021,东城,安贞,101126358667,国典华园 3室1厅 南 北,1368万,79851元/平,底层 (共17层) | 2005年 | 3室1厅 | 171.32平米 | 南 北,https://s1.ljcdn.com/pegasus/redskull/images/common/default_house_list.png?_v=202410161653269
20241021,东城,安贞,101126167927,满五单位分房 80筑2 中间层两居室 南北通透,420万,73350元/平,中楼层 (共6层) 2室1厅 | 57.26平米 | 南 北,https://s1.ljcdn.com/pegasus/redskull/images/common/default_house_list.png?_v=202410161653269
20241021,东城,安贞,101126157023,中石油家属楼 物业管理好   楼层好采光好,983万,89994元/平,中楼层 (共18层) | 2002年 | 2室1厅 | 109.23平米 | 南,https://s1.ljcdn.com/pegasus/redskull/images/common/default_house_list.png?_v=202410161653269
20241021,东城,安贞,101125963279,安华西里煤炭部自管楼管理好高层南向两居室精装修,450万,88740元/平,高楼层 (共21层) 2室1厅 | 50.71平米 | 南,https://s1.ljcdn.com/pegasus/redskull/images/common/default_house_list.png?_v=202410161653269
20241021,东城,安贞,101125372936,安贞里 3室1厅 南 北,430万,61535元/平,顶层 (共6层) 3室1厅 | 69.88平米 | 南 北,https://s1.ljcdn.com/pegasus/redskull/images/common/default_house_list.png?_v=202410161653269
20241021,东城,安贞,101125331655,满五年精装修、诚意出售、价格可以谈、南北通透,480万,74431元/平,中楼层 (共16层) | 1986年 | 2室1厅 | 64.49平米 | 南 北,https://s1.ljcdn.com/pegasus/redskull/images/common/default_house_list.png?_v=202410161653269
20241021,东城,安贞,101123844537,安华西里 南北通透 全明格局 户型方正 采光好,560万,74647元/平,中楼层 (共16层) | 1987年 | 3室1厅 | 75.02平米 | 南 北,https://s1.ljcdn.com/pegasus/redskull/images/common/default_house_list.png?_v=202410161653269
