20241021,海淀,清河,101127057080,永泰东里南向双阳台户型户型好位置佳楼层棒必看好房,450万,69391元/平,中楼层 (共6层) 2室1厅 | 64.85平米 | 南 北,https://ke-image.ljcdn.com/110000-inspection/d3dcd03c-2baa-431e-9389-08359dce0f32_1000.jpg!m_fill,w_280,h_210,f_jpg?from=ke.com
20241021,海淀,清河,101127055453,全天阳光3阳台观景明厨明卫只有契税单家委托必看好房,1425万,105043元/平,高楼层 (共22层) | 2008年 | 3室2厅 | 135.66平米 | 南 东 西,https://ke-image.ljcdn.com/110000-inspection/5a39ed43-208e-44e3-b5ca-08c830f1243f_1000.jpg!m_fill,w_280,h_210,f_jpg?from=ke.com
20241021,海淀,清河,101127029364,宝盛里南向带电梯一居室满五年唯一商品房必看好房,350万,55041元/平,中楼层 (共9层) 1室1厅 | 63.59平米 | 南,https://ke-image.ljcdn.com/110000-inspection/2dfbccec-85ea-4f82-9ce6-124c80e2bc23_1000.jpg!m_fill,w_280,h_210,f_jpg?from=ke.com
20241021,海淀,清河,101126961965,水木天成 南向一居室 落地窗 不临街 阳光充足必看好房,405万,58476元/平,高楼层 (共28层) | 2006年 | 1室1厅 | 69.26平米 | 南,https://ke-image.ljcdn.com/110000-inspection/40b29f0e-3929-4477-8bcc-6febf4d7c936_1000.jpg!m_fill,w_280,h_210,f_jpg?from=ke.com
20241021,海淀,清河,101126946978,永泰西里 2室1厅 南 北必看好房,373万,64333元/平,中楼层 (共6层) 2室1厅 | 57.98平米 | 南 北,https://ke-image.ljcdn.com/110000-inspection/f781b8b2-da38-482b-bdc4-951aa57a3d7b_1000.jpg!m_fill,w_280,h_210,f_jpg?from=ke.com
20241021,海淀,清河,101126960468,清缘里南北通透三居精装修双卧朝南必看好房,480万,55646元/平,中楼层 (共10层) | 1998年 | 3室1厅 | 86.26平米 | 南 北,https://ke-image.ljcdn.com/110000-inspection/23186ebf-ed7c-4fcb-8d36-4689fe23a72b_1000.jpg!m_fill,w_280,h_210,f_jpg?from=ke.com
20241021,海淀,清河,101126942059,永泰园新地标 2室2厅 东南,569万,60707元/平,中楼层 (共31层) 2室2厅 | 93.73平米 | 东南,https://ke-image.ljcdn.com/110000-inspection/5136efb0-b58e-4605-a8a4-9c7db821479f_1000.jpg!m_fill,w_280,h_210,f_jpg?from=ke.com
20241021,海淀,清河,101126898518,永泰园 2室1厅 南 北必看好房,408万,59088元/平,低楼层 (共6层) 2室1厅 | 69.05平米 | 南 北,https://ke-image.ljcdn.com/110000-inspection/bccb95f9-1995-41b0-b761-68e4f90f8adb_1000.jpg!m_fill,w_280,h_210,f_jpg?from=ke.com
20241021,海淀,清河,101126895217,强佑清河新城府学上院南向正规两居室户型方正必看好房,588万,77004元/平,高楼层 (共24层) | 2020年 | 2室1厅 | 76.36平米 | 南,https://ke-image.ljcdn.com/110000-inspection/d364291f-a501-4c06-8987-e2a49b64145c_1000.jpg!m_fill,w_280,h_210,f_jpg?from=ke.com
20241021,海淀,清河,101126855995,水木天成 2室1厅 西北必看好房,445万,66054元/平,中楼层 (共20层) 2室1厅 | 67.37平米 | 西北,https://ke-image.ljcdn.com/110000-inspection/pc1_NXobMQiUU.jpg!m_fill,w_280,h_210,f_jpg?from=ke.com
20241021,海淀,清河,101126809902,楼层高视野好业主诚心出售直观清河 森林公园必看好房,597万,60944元/平,高楼层 (共28层) | 2006年 | 2室1厅 | 97.96平米 | 东南,https://ke-image.ljcdn.com/110000-inspection/0e29561a-47e9-41bd-a6e6-12edbcb64466_1000.jpg!m_fill,w_280,h_210,f_jpg?from=ke.com
20241021,海淀,清河,101126804506,中间层 南北三居 满五唯一 可以看房必看好房,445万,64029元/平,中楼层 (共6层) | 1984年 | 3室1厅 | 69.5平米 | 南 北,https://ke-image.ljcdn.com/110000-inspection/2b96e7b7-8029-4c8d-adff-2724c4f6f79a_1000.jpg!m_fill,w_280,h_210,f_jpg?from=ke.com
20241021,海淀,清河,101126776508,海淀区西三旗街道后屯路32号院,360万,59406元/平,顶层 (共6层) 2室1厅 | 60.6平米 | 南 北,https://ke-image.ljcdn.com/110000-inspection/74b1a81f-36a0-433b-b340-525a61338c76_1000.jpg!m_fill,w_280,h_210,f_jpg?from=ke.com
20241021,海淀,清河,101126776048,永泰园中区带电梯 精装修两居两卫 满五年唯一必看好房,730万,54793元/平,中楼层 (共31层) | 2003年 | 2室2厅 | 133.23平米 | 西,https://ke-image.ljcdn.com/110000-inspection/7cb9556c-afca-492d-a4ca-8f6908ec99ee_1000.jpg!m_fill,w_280,h_210,f_jpg?from=ke.com
20241021,海淀,清河,101126738364,小营东路6号院全南一居室 中间层 精装 随时签约,248万,67946元/平,中楼层 (共5层) 1室1厅 | 36.5平米 | 南,https://ke-image.ljcdn.com/110000-inspection/e3988484-f526-4b11-8a6c-8040054cc5f1_1000.jpg!m_fill,w_280,h_210,f_jpg?from=ke.com
20241021,海淀,清河,101126703006,强佑府学上院精致装修 电梯两居 采光视野好必看好房,748万,77868元/平,高楼层 (共27层) | 2009年 | 2室1厅 | 96.06平米 | 西南,https://ke-image.ljcdn.com/110000-inspection/pc1_UryWPNchI_1.jpg!m_fill,w_280,h_210,f_jpg?from=ke.com
20241021,海淀,清河,101126639914,此房是宝盛北里小区南北通透采光好视野开阔必看好房,398万,59466元/平,顶层 (共9层) 1室1厅 | 66.93平米 | 南 北,https://ke-image.ljcdn.com/110000-inspection/f023865a-ab97-4393-9b7b-0e462151e709_1000.jpg!m_fill,w_280,h_210,f_jpg?from=ke.com
20241021,海淀,清河,101126636653,清河永泰东里南北两居室客厅可动户型。诚意出售必看好房,310万,50912元/平,顶层 (共6层) 2室1厅 | 60.89平米 | 南 北,https://ke-image.ljcdn.com/110000-inspection/34743afd-f230-4d03-8f76-2e58188a5806_1000.jpg!m_fill,w_280,h_210,f_jpg?from=ke.com
20241021,海淀,清河,101126636009,金隅美和园精装修南北通透满五唯一,596万,72016元/平,高楼层 (共9层) | 2008年 | 2室2厅 | 82.76平米 | 南 北,https://ke-image.ljcdn.com/110000-inspection/pc1_nHXJY5fyZ.jpg!m_fill,w_280,h_210,f_jpg?from=ke.com
20241021,海淀,清河,101126630754,次顶层 方正南向户型 得房率84.36%客厅宽敞舒必看好房,660万,86478元/平,高楼层 (共11层) | 2018年 | 2室1厅 | 76.32平米 | 南,https://ke-image.ljcdn.com/110000-inspection/f36a6724-5871-450d-8697-f3ec174f70a8_1000.jpg!m_fill,w_280,h_210,f_jpg?from=ke.com
20241021,海淀,清河,101126616536,清河永泰东里 新上优质一居 中间层 诚心出售必看好房,258万,54754元/平,高楼层 (共6层) 1室1厅 | 47.12平米 | 南,https://ke-image.ljcdn.com/110000-inspection/pc1_4sdJlvW4b_1.jpg!m_fill,w_280,h_210,f_jpg?from=ke.com
20241021,海淀,清河,101126558480,清河西小口信息学院家属楼南北向采光好铁西小口站近必看好房,430万,51727元/平,顶层 (共5层) 2室1厅 | 83.13平米 | 南 北,https://ke-image.ljcdn.com/110000-inspection/pc1_CmHdLFeti.jpg!m_fill,w_280,h_210,f_jpg?from=ke.com
20241021,海淀,清河,101126550744,昆鹏小区 南北两居 近地铁 板楼必看好房,320万,46880元/平,低楼层 (共6层) 2室1厅 | 68.26平米 | 南 北,https://ke-image.ljcdn.com/110000-inspection/4cc77ea4-afd1-44fd-beb0-2b330d3cb861_1000.jpg!m_fill,w_280,h_210,f_jpg?from=ke.com
20241021,海淀,清河,101126527076,观林园满五唯一两居 中间层 看房随时 南北通透必看好房,746万,77774元/平,中楼层 (共6层) | 2008年 | 2室1厅 | 95.92平米 | 南 北,https://ke-image.ljcdn.com/110000-inspection/6faca6da-deca-45be-9820-332fa76970a5_1000.jpg!m_fill,w_280,h_210,f_jpg?from=ke.com
20241021,海淀,清河,101126504971,宝盛北里西区电梯一居室户型方正格局好必看好房,380万,56776元/平,低楼层 (共9层) 1室1厅 | 66.93平米 | 南 北,https://ke-image.ljcdn.com/110000-inspection/8dfd294a-561f-475e-96f5-b831ca8be8fa_1000.jpg!m_fill,w_280,h_210,f_jpg?from=ke.com
20241021,海淀,清河,101126500565,橡树湾二期小三居户型环境优美配套齐全必看好房,750万,104998元/平,低楼层 (共11层) | 2009年 | 2室1厅 | 71.43平米 | 东,https://ke-image.ljcdn.com/110000-inspection/c1b5073f-23b8-4167-ac27-cf4d0b779e3b_1000.jpg!m_fill,w_280,h_210,f_jpg?from=ke.com
20241021,海淀,清河,101126446222,清河永泰西里 低楼层 精装两居室 随时签约诚心出售必看好房,369万,63457元/平,底层 (共6层) | 1996年 | 2室1厅 | 58.15平米 | 南 北,https://ke-image.ljcdn.com/110000-inspection/2c95ad49-00bb-4a2f-bb3c-efac0f66d5d8_1000.jpg!m_fill,w_280,h_210,f_jpg?from=ke.com
20241021,海淀,清河,101126423219,层高3米多落地窗户采光好满五年唯一半人车分流必看好房,535万,54437元/平,底层 (共31层) 2室1厅 | 98.28平米 | 东,https://ke-image.ljcdn.com/110000-inspection/0e4a9363-6a12-44f5-b20b-8ef230dbfc76_1000.jpg!m_fill,w_280,h_210,f_jpg?from=ke.com
20241021,海淀,清河,101126419164,海淀清河 花园新区精装南向大两居 靠谱出售必看好房,533万,51285元/平,底层 (共20层) | 2010年 | 2室1厅 | 103.93平米 | 南,https://ke-image.ljcdn.com/110000-inspection/75b93ecc-406b-4af4-b936-4c0cdf17b2fb_1000.jpg!m_fill,w_280,h_210,f_jpg?from=ke.com
20241021,海淀,清河,101126418914,毛纺厂南小区 南北通透 低楼层 满五唯一必看好房,325万,60409元/平,低楼层 (共6层) | 1984年 | 2室1厅 | 53.8平米 | 南 北,https://ke-image.ljcdn.com/110000-inspection/3e6b634f-1b6e-4609-9151-6ea1ded17e41_1000.jpg!m_fill,w_280,h_210,f_jpg?from=ke.com
20241021,海淀,清河,101126392978,清缘东里 2室1厅 南,680万,77573元/平,高楼层 (共19层) 2室1厅 | 87.66平米 | 南,https://ke-image.ljcdn.com/110000-inspection/c363676d-9522-49b3-bf6e-988dc50244b2_1000.jpg!m_fill,w_280,h_210,f_jpg?from=ke.com
20241021,海淀,清河,101126389835,清缘里中区 双卫 南北向两居室 业主诚心出售必看好房,453万,52822元/平,中楼层 (共10层) | 1999年 | 2室2厅 | 85.76平米 | 南 北,https://ke-image.ljcdn.com/110000-inspection/6a941f01-2cb8-4266-b9cc-ee775124b566_1000.jpg!m_fill,w_280,h_210,f_jpg?from=ke.com
20241021,海淀,清河,101126353182,永泰园新风景中低楼层南北通透两居室必看好房,549万,59096元/平,低楼层 (共6层) 2室1厅 | 92.9平米 | 南 北,https://ke-image.ljcdn.com/110000-inspection/e56f3a6f-02e5-419a-94cd-5bceb22b2434_1000.jpg!m_fill,w_280,h_210,f_jpg?from=ke.com
20241021,海淀,清河,101126347423,强佑清河新城府学上院人车分流环境好紧挨着地铁站必看好房,274万,83818元/平,中楼层 (共18层) | 2020年 | 1室0厅 | 32.69平米 | 南,https://ke-image.ljcdn.com/110000-inspection/9c5d5b86-26dd-480a-bd1e-978ad9f510a9_1000.jpg!m_fill,w_280,h_210,f_jpg?from=ke.com
20241021,海淀,清河,101126336669,满五年 两居室 南北通透 中间楼层必看好房,410万,59121元/平,中楼层 (共6层) | 2002年 | 2室1厅 | 69.35平米 | 南 北,https://ke-image.ljcdn.com/110000-inspection/958d6d44-3c8f-468e-81a4-d579a4a0a0c2_1000.jpg!m_fill,w_280,h_210,f_jpg?from=ke.com
20241021,海淀,清河,101126308333,世华龙樾一期西区 南向 自住 小区人车分流 交通便必看好房,425万,81185元/平,高楼层 (共17层) | 2014年 | 1室1厅 | 52.35平米 | 南,https://ke-image.ljcdn.com/110000-inspection/ab790f2b-931f-4bb3-bd2f-dc299556a39f_1000.jpg!m_fill,w_280,h_210,f_jpg?from=ke.com
20241021,海淀,清河,101126263467,宝盛里三层南北两居室商品房看房方便必看好房,389万,56789元/平,低楼层 (共9层) 2室1厅 | 68.5平米 | 南 北,https://ke-image.ljcdn.com/110000-inspection/23e1089b-a61b-41c6-89be-de85471ecc57_1000.jpg!m_fill,w_280,h_210,f_jpg?from=ke.com
20241021,海淀,清河,101126253518,海淀清河 电梯三居 南北通透 大面宽短进深 带飘窗必看好房,1170万,84064元/平,低楼层 (共6层) 3室2厅 | 139.18平米 | 南 北,https://ke-image.ljcdn.com/110000-inspection/323e2db3-b68d-4e34-87f4-22e624e39c77_1000.jpg!m_fill,w_280,h_210,f_jpg?from=ke.com
20241021,海淀,清河,101126211578,橡树湾一期全明格局满五唯一精装两居室看房方便诚售必看好房,958万,107871元/平,高楼层 (共22层) | 2007年 | 2室1厅 | 88.81平米 | 东南,https://ke-image.ljcdn.com/110000-inspection/8c22ee11-f629-4d06-8abc-7e90bbb20ab2_1000.jpg!m_fill,w_280,h_210,f_jpg?from=ke.com
20241021,海淀,清河,101126174102,莱圳家园二期全南两居 户型好 位置好 视野好必看好房,720万,86685元/平,低楼层 (共19层) | 2009年 | 2室2厅 | 83.06平米 | 南,https://ke-image.ljcdn.com/110000-inspection/d6deef11-1927-4250-ad21-d9e7457650ed_1000.jpg!m_fill,w_280,h_210,f_jpg?from=ke.com
20241021,海淀,清河,101126135568,满五年唯一楼层高视野好业主诚心出售,578万,59674元/平,高楼层 (共28层) 2室1厅 | 96.86平米 | 西南,https://ke-image.ljcdn.com/110000-inspection/cb0d315f-887c-42a4-be43-6bfbc8e34527_1000.jpg!m_fill,w_280,h_210,f_jpg?from=ke.com
20241021,海淀,清河,101126110070,水木天成 全明格局 卫生间有窗户必看好房,545万,61610元/平,中楼层 (共28层) | 2006年 | 2室1厅 | 88.46平米 | 西 北,https://ke-image.ljcdn.com/110000-inspection/28762ee4-b9e3-4ba4-afd6-6d6d46175156_1000.jpg!m_fill,w_280,h_210,f_jpg?from=ke.com
20241021,海淀,清河,101126108041,毛纺厂南小区 南北通透 两居室 自住装修,350万,63986元/平,中楼层 (共6层) 2室1厅 | 54.7平米 | 南 北,https://ke-image.ljcdn.com/110000-inspection/ee20f4ec-7508-418e-a116-d3e91a491a19_1000.jpg!m_fill,w_280,h_210,f_jpg?from=ke.com
20241021,海淀,清河,101126072807,小营东路5号院满5年正规三居室户型好采光充足必看好房,410万,60295元/平,顶层 (共4层) 3室1厅 | 68平米 | 南 北,https://ke-image.ljcdn.com/110000-inspection/98e66258-b983-4cc8-b709-e03e3532252b_1000.jpg!m_fill,w_280,h_210,f_jpg?from=ke.com
20241021,海淀,清河,101126060213,强佑清河新城府学上院 2018年次新房 南北大两居必看好房,950万,80817元/平,低楼层 (共18层) | 2020年 | 2室2厅 | 117.55平米 | 南 北,https://ke-image.ljcdn.com/110000-inspection/ebbd925a-ebbb-413e-b033-1621ba66477a_1000.jpg!m_fill,w_280,h_210,f_jpg?from=ke.com
20241021,海淀,清河,101126054823,世华龙樾一期西区 近地铁 人车分流 精装修必看好房,409万,79650元/平,中楼层 (共18层) | 2014年 | 1室1厅 | 51.35平米 | 南,https://ke-image.ljcdn.com/110000-inspection/9bbceecc-1301-4ed0-8652-97e59a0aabed_1000.jpg!m_fill,w_280,h_210,f_jpg?from=ke.com
20241021,海淀,清河,101126051358,清景园小区 中间位置 不临街 不把边 电梯两居,675万,68577元/平,中楼层 (共13层) 2室1厅 | 98.43平米 | 南,https://ke-image.ljcdn.com/110000-inspection/c173ec42-ab3c-4654-935f-60b02be5caa7_1000.jpg!m_fill,w_280,h_210,f_jpg?from=ke.com
20241021,海淀,清河,101126036953,永泰园 低楼层 南北通透 双地铁 8号线 昌平线必看好房,318万,57092元/平,底层 (共5层) | 2000年 | 2室1厅 | 55.7平米 | 南 北,https://ke-image.ljcdn.com/110000-inspection/ef92609c-9193-4160-af2d-38936903bd72_1000.jpg!m_fill,w_280,h_210,f_jpg?from=ke.com
20241021,海淀,清河,101125988669,橡树湾四期精装南北通透两居满五唯一必看好房,890万,108431元/平,中楼层 (共16层) | 2014年 | 2室1厅 | 82.08平米 | 南 北,https://ke-image.ljcdn.com/110000-inspection/pc1_YIbMG63bO_1.jpg!m_fill,w_280,h_210,f_jpg?from=ke.com
20241021,海淀,清河,101125971716,永泰西里 2室1厅 南 北必看好房,515万,69417元/平,中楼层 (共6层) 2室1厅 | 74.19平米 | 南 北,https://ke-image.ljcdn.com/110000-inspection/c6ad67c7-3ff4-48fd-9b75-5daf837cfe69_1000.jpg!m_fill,w_280,h_210,f_jpg?from=ke.com
20241021,海淀,清河,101125918968,满五唯一正规明厅两居室视野开阔双地铁,575万,52264元/平,高楼层 (共31层) 2室2厅 | 110.02平米 | 西,https://ke-image.ljcdn.com/110000-inspection/66e77901-672d-41f6-bbe6-c95656f91ad3_1000.jpg!m_fill,w_280,h_210,f_jpg?from=ke.com
20241021,海淀,清河,101125894020,永泰东里 新上三居 满五唯一 诚意出售房主自荐,420万,59314元/平,中楼层 (共6层) 3室1厅 | 70.81平米 | 东 西 南,https://ke-image.ljcdn.com/110000-inspection/pc1_5P5bCcaLW_1.jpg!m_fill,w_280,h_210,f_jpg?from=ke.com
20241021,海淀,清河,101125887688,2003年商品 满五年唯一 电梯直达 南临河必看好房,415万,50243元/平,低楼层 (共13层) | 2003年 | 2室1厅 | 82.6平米 | 东南,https://ke-image.ljcdn.com/110000-inspection/28020523-e168-4a05-b5c4-6141556684ee_1000.jpg!m_fill,w_280,h_210,f_jpg?from=ke.com
20241021,海淀,清河,101125791827,永泰东里 南北通透 满五唯一 精装 看房方便必看好房,306万,52659元/平,顶层 (共6层) 2室1厅 | 58.11平米 | 南 北,https://ke-image.ljcdn.com/110000-inspection/6a5b0879-3881-4ccf-b7bb-ca950cb455b2_1000.jpg!m_fill,w_280,h_210,f_jpg?from=ke.com
20241021,海淀,清河,101125769376,力度家园 3室1厅 南 北必看好房,950万,70664元/平,中楼层 (共15层) 3室1厅 | 134.44平米 | 南 北,https://ke-image.ljcdn.com/110000-inspection/8e5fb77d-fcf9-429b-9b39-6968590e6b8c_1000.jpg!m_fill,w_280,h_210,f_jpg?from=ke.com
20241021,海淀,清河,101125745193,清缘东里 南北通透 电梯直达两居 业主诚心出售必看好房,598万,68768元/平,低楼层 (共13层) | 2003年 | 2室1厅 | 86.96平米 | 南 北,https://ke-image.ljcdn.com/110000-inspection/pc1_8YoPJ6lU7_1.jpg!m_fill,w_280,h_210,f_jpg?from=ke.com
20241021,海淀,清河,101125726054,一层南北通透两居精装修采光好无噪音。价格可谈房主自荐,388万,71720元/平,底层 (共6层) 2室1厅 | 54.1平米 | 南 北,https://ke-image.ljcdn.com/110000-inspection/bd3d840e-a724-4fb5-b5c3-4e3e310017a5_1000.jpg!m_fill,w_280,h_210,f_jpg?from=ke.com
20241021,海淀,清河,101125690429,小营干休所 4室2厅 西南必看好房,580万,56897元/平,低楼层 (共18层) | 2008年 | 4室2厅 | 101.94平米 | 西南,https://ke-image.ljcdn.com/110000-inspection/d8b60c5d-f7df-44bf-80ca-dc3be2597f0e_1000.jpg!m_fill,w_280,h_210,f_jpg?from=ke.com
20241021,海淀,清河,101125648205,莱圳家园 2012年建成 南向一居 带阳台 带电梯,518万,79351元/平,中楼层 (共16层) | 2012年 | 2室1厅 | 65.28平米 | 南,https://ke-image.ljcdn.com/110000-inspection/01984d9c-6439-4630-88fc-dc235eb373f4_1000.jpg!m_fill,w_280,h_210,f_jpg?from=ke.com
20241021,海淀,清河,101125620849,满五唯一 临河观景 电梯直达 视野开阔 采光充足必看好房,416万,50364元/平,顶层 (共13层) | 2003年 | 2室1厅 | 82.6平米 | 西南,https://ke-image.ljcdn.com/110000-inspection/pc1_hkrbcpjZc.jpg!m_fill,w_280,h_210,f_jpg?from=ke.com
20241021,海淀,清河,101125561922,后屯路32号院满五不唯一中间楼层南北通透必看好房,440万,72608元/平,中楼层 (共6层) 2室1厅 | 60.6平米 | 南 北,https://ke-image.ljcdn.com/110000-inspection/cb382579-ff3a-4cd3-aa85-1c7ef83d85bd_1000.jpg!m_fill,w_280,h_210,f_jpg?from=ke.com
20241021,海淀,清河,101125507566,金隅美和园次顶层南北通透两局满五唯一靠谱卖必看好房,558万,66747元/平,高楼层 (共9层) | 2009年 | 2室2厅 | 83.6平米 | 南 北,https://ke-image.ljcdn.com/110000-inspection/42d0eb3e-0e89-4c2a-938a-1c30010e8b56_1000.jpg!m_fill,w_280,h_210,f_jpg?from=ke.com
20241021,海淀,清河,101125499494,世华龙樾二期 全明眼睛户型 一梯一户 电梯洋房,2220万,126576元/平,中楼层 (共9层) 3室2厅 | 175.39平米 | 南 北,https://ke-image.ljcdn.com/110000-inspection/651d8ef7-5271-4783-ad57-faa8c226cc07_1000.jpg!m_fill,w_280,h_210,f_jpg?from=ke.com
20241021,海淀,清河,101125477751,宝盛西里 南向一居室 户型方正 满五唯一商品房,265万,49916元/平,顶层 (共6层) 1室1厅 | 53.09平米 | 南,https://ke-image.ljcdn.com/110000-inspection/d9298d34-3b86-4c8d-a20a-00210891624f_1000.jpg!m_fill,w_280,h_210,f_jpg?from=ke.com
20241021,海淀,清河,101125466896,世华龙樾一期西区 2室1厅 南 北,610万,79448元/平,顶层 (共17层) | 2018年 | 2室1厅 | 76.78平米 | 南 北,https://ke-image.ljcdn.com/110000-inspection/pc1_ASSrwPeI3_1.jpg!m_fill,w_280,h_210,f_jpg?from=ke.com
20241021,海淀,清河,101125425300,永泰庄6号院 3室1厅 南 西 北必看好房,480万,62371元/平,中楼层 (共6层) 3室1厅 | 76.96平米 | 南 西 北,https://ke-image.ljcdn.com/110000-inspection/272689aa-c20c-468d-a0c6-12e54d75d7e3_1000.jpg!m_fill,w_280,h_210,f_jpg?from=ke.com
20241021,海淀,清河,101125357297,毛纺厂南小区 南北通透 2层 户型方正必看好房,550万,70064元/平,低楼层 (共6层) 3室1厅 | 78.5平米 | 南 北,https://ke-image.ljcdn.com/110000-inspection/0ac80bd1-9631-4aa2-850b-48d2852995fb_1000.jpg!m_fill,w_280,h_210,f_jpg?from=ke.com
20241021,海淀,清河,101125357015,阳光南里 看房方便 诚意出售 随时签约必看好房,445万,64964元/平,高楼层 (共6层) 3室1厅 | 68.5平米 | 南,https://ke-image.ljcdn.com/110000-inspection/pc1_M9besFj9w_1.jpg!m_fill,w_280,h_210,f_jpg?from=ke.com
20241021,海淀,清河,101125351760,永泰东里全明户型满五年唯一随时签约必看好房,360万,50633元/平,高楼层 (共6层) | 2008年 | 2室1厅 | 71.1平米 | 西北 南,https://ke-image.ljcdn.com/110000-inspection/53a3f400-7937-4102-b0a2-6ab4b8128e44_1000.jpg!m_fill,w_280,h_210,f_jpg?from=ke.com
20241021,海淀,清河,101125329399,观澳园 正规两居 南北通透 中间层 采光充足,728万,72187元/平,中楼层 (共7层) 2室1厅 | 100.85平米 | 东 南 北,https://ke-image.ljcdn.com/110000-inspection/pc1_SHoZWcIhK_1.jpg!m_fill,w_280,h_210,f_jpg?from=ke.com
20241021,海淀,清河,101125266350,强佑府学上院正规一居室无斜角必看好房,360万,70964元/平,低楼层 (共27层) | 2009年 | 1室1厅 | 50.73平米 | 东,https://ke-image.ljcdn.com/110000-inspection/b56d43d3-d456-44f4-93cf-b73bcce2e818_1000.jpg!m_fill,w_280,h_210,f_jpg?from=ke.com
20241021,海淀,清河,101125195857,强佑清河新城府学上院 2018年次新房 品质三居室必看好房,935万,76277元/平,低楼层 (共24层) | 2020年 | 3室1厅 | 122.58平米 | 南 北,https://ke-image.ljcdn.com/110000-inspection/61cfd800-378e-4c01-81e1-d775228bd10e_1000.jpg!m_fill,w_280,h_210,f_jpg?from=ke.com
20241021,海淀,清河,101125114846,橡树湾二期全明格局满五唯一看房方便采光好必看好房,550万,107548元/平,中楼层 (共9层) 1室1厅 | 51.14平米 | 西 北,https://ke-image.ljcdn.com/110000-inspection/7cd553b0-dd7c-4ec1-a5c8-2c88b973e306_1000.jpg!m_fill,w_280,h_210,f_jpg?from=ke.com
20241021,海淀,清河,101125101048,精装两居南北通透中间层小区中间位置不临街,398万,68385元/平,中楼层 (共6层) 2室1厅 | 58.2平米 | 南 北,https://ke-image.ljcdn.com/110000-inspection/a1b14e29-fb96-4c21-b219-a5d714b6416e_1000.jpg!m_fill,w_280,h_210,f_jpg?from=ke.com
20241021,海淀,清河,101125095005,优质主力两居品质小区二期环境好近地铁配套全房主自荐,990万,115117元/平,低楼层 (共15层) | 2010年 | 2室2厅 | 86平米 | 西南,https://ke-image.ljcdn.com/110000-inspection/pc1_ptp60wwIt_1.jpg!m_fill,w_280,h_210,f_jpg?from=ke.com
20241021,海淀,清河,101125062992,清缘里小区 东西通透  正规两居 满五唯一必看好房,226万,35105元/平,地下室 (共7层) | 1998年 | 2室1厅 | 64.38平米 | 东 西,https://ke-image.ljcdn.com/110000-inspection/7f09210f-78f9-4c3f-bbe0-eb5302f2c734_1000.jpg!m_fill,w_280,h_210,f_jpg?from=ke.com
20241021,海淀,清河,101124914635,阳光南里 三居 满五年唯一  看房随时必看好房,480万,59539元/平,底层 (共6层) 3室1厅 | 80.62平米 | 东 南 西,https://ke-image.ljcdn.com/110000-inspection/pc1_QpDWAkEqG_1.jpg!m_fill,w_280,h_210,f_jpg?from=ke.com
20241021,海淀,清河,101124910457,海淀区 年宝盛北里 南北通透 车位充足必看好房,520万,59874元/平,中楼层 (共6层) 2室1厅 | 86.85平米 | 南 北,https://ke-image.ljcdn.com/110000-inspection/pc1_oCY9CHxuU_1.jpg!m_fill,w_280,h_210,f_jpg?from=ke.com
20241021,海淀,清河,101124869889,世华龙樾一期东区紧凑三居室精装自住房。房主自荐,1220万,129981元/平,低楼层 (共11层) | 2014年 | 3室2厅 | 93.86平米 | 南 北,https://ke-image.ljcdn.com/110000-inspection/d2101840-a9d9-4527-9fe0-393c3924d670_1000.jpg!m_fill,w_280,h_210,f_jpg?from=ke.com
20241021,海淀,清河,101124740926,橡树湾一期南向开间随时看房自住出租都可,420万,99574元/平,低楼层 (共22层) | 2007年 | 1室0厅 | 42.18平米 | 南,https://ke-image.ljcdn.com/110000-inspection/c0e6530a-ebf1-4ca1-a582-442c10d80ac0_1000.jpg!m_fill,w_280,h_210,f_jpg?from=ke.com
20241021,海淀,清河,101124711784,东向方正两居室接地气靠谱卖。,478万,53218元/平,底层 (共16层) 2室2厅 | 89.82平米 | 东,https://ke-image.ljcdn.com/110000-inspection/5b3a903b-d552-4983-9161-7cfc945c2865_1000.jpg!m_fill,w_280,h_210,f_jpg?from=ke.com
20241021,海淀,清河,101124651766,观林园电梯洋房南北通透两居室满五年唯一商品房。必看好房,925万,83711元/平,高楼层 (共6层) 2室2厅 | 110.5平米 | 南 北,https://ke-image.ljcdn.com/110000-inspection/5c54ac60-a2df-4d0a-9c3c-daf05dbd3417_1000.jpg!m_fill,w_280,h_210,f_jpg?from=ke.com
20241021,海淀,清河,101124629999,二期 中间楼层 南向主力两居室户型 采光好 视野佳,930万,107727元/平,中楼层 (共15层) | 2009年 | 2室1厅 | 86.33平米 | 南 西,https://ke-image.ljcdn.com/110000-inspection/pc1_94o3mRWtx_1.jpg!m_fill,w_280,h_210,f_jpg?from=ke.com
20241021,海淀,清河,101124372871,永泰东里 低楼层 正规三居  适合三代人居住,397万,56481元/平,底层 (共6层) 3室1厅 | 70.29平米 | 东 南 西,https://ke-image.ljcdn.com/110000-inspection/pc1_VxFubjNIy.jpg!m_fill,w_280,h_210,f_jpg?from=ke.com
20241021,海淀,清河,101124324039,世华龙樾一期西区 全南向 低楼层 出行方便 人车分流必看好房,412万,72676元/平,低楼层 (共17层) | 2018年 | 1室1厅 | 56.69平米 | 南,https://ke-image.ljcdn.com/110000-inspection/886e988e-89a3-44e4-a12c-874a4225d46e_1000.jpg!m_fill,w_280,h_210,f_jpg?from=ke.com
20241021,海淀,清河,101124300892,海淀清河 宝盛北里 南北一居 格局方正必看好房,368万,65962元/平,中楼层 (共6层) 1室1厅 | 55.79平米 | 南 北,https://ke-image.ljcdn.com/110000-inspection/467b28ea-1464-4aa0-9f7d-daa880ed5dac_1000.jpg!m_fill,w_280,h_210,f_jpg?from=ke.com
20241021,海淀,清河,101124284873,公交党校宿舍 2室1厅 南 北必看好房,283万,53599元/平,高楼层 (共6层) | 1990年 | 2室1厅 | 52.8平米 | 南 北,https://ke-image.ljcdn.com/110000-inspection/pc1_mBNkYuNij_1.jpg!m_fill,w_280,h_210,f_jpg?from=ke.com
20241021,海淀,清河,101124180078,清河 福美苑小区 南向两居室 高楼层 带电梯 满五唯一必看好房,518万,62328元/平,高楼层 (共15层) | 2012年 | 2室1厅 | 83.11平米 | 南,https://ke-image.ljcdn.com/110000-inspection/pc1_P0w8jjSpI_1.jpg!m_fill,w_280,h_210,f_jpg?from=ke.com
20241021,海淀,清河,101124177296,清缘里中区南北通透两居室欢迎来访,405万,56596元/平,底层 (共10层) | 1998年 | 2室1厅 | 71.56平米 | 南 北,https://ke-image.ljcdn.com/110000-inspection/pc1_W4EgJbxIr_1.jpg!m_fill,w_280,h_210,f_jpg?from=ke.com
20241021,海淀,清河,101124172699,清河 莱圳家园 南向两居室 满五唯一必看好房,650万,87366元/平,低楼层 (共18层) | 2009年 | 2室1厅 | 74.4平米 | 南,https://ke-image.ljcdn.com/110000-inspection/c711fbb5-cc75-430e-91df-d9047a4c0fb2_1000.jpg!m_fill,w_280,h_210,f_jpg?from=ke.com
20241021,海淀,清河,101124168184,永泰东里南北两居室精装修诚心卖！必看好房,352万,59360元/平,底层 (共6层) 2室1厅 | 59.3平米 | 南 北,https://ke-image.ljcdn.com/110000-inspection/59c9cd6d-35b3-4005-98b8-0c5af33e3d86_1000.jpg!m_fill,w_280,h_210,f_jpg?from=ke.com
20241021,海淀,清河,101124097925,燕清源 3室2厅 南 西 北必看好房,930万,72788元/平,低楼层 (共28层) | 2006年 | 3室2厅 | 127.77平米 | 南 西 北,https://ke-image.ljcdn.com/110000-inspection/864f8bd0-3f24-46c5-b48f-e5d2a6ae9209_1000.jpg!m_fill,w_280,h_210,f_jpg?from=ke.com
20241021,海淀,清河,101124042603,阳光南里 3室1厅 南,585万,67088元/平,底层 (共6层) 3室1厅 | 87.2平米 | 南,https://ke-image.ljcdn.com/110000-inspection/pc1_aX5PcAxBm_1.jpg!m_fill,w_280,h_210,f_jpg?from=ke.com
20241021,海淀,清河,101124030668,橡树湾三期 主力南向两居 诚心出售必看好房,1030万,103073元/平,高楼层 (共20层) | 2011年 | 2室1厅 | 99.93平米 | 西南,https://ke-image.ljcdn.com/110000-inspection/pc1_V3yGHs7t4_1.jpg!m_fill,w_280,h_210,f_jpg?from=ke.com
20241021,海淀,清河,101123855748,清河观林园正规两室两厅无遮挡观花园满五唯一,720万,69815元/平,底层 (共9层) | 2008年 | 2室2厅 | 103.13平米 | 南 北,https://ke-image.ljcdn.com/110000-inspection/2f7e8cfd-0666-4075-8234-abc8ae5d62ec_1000.jpg!m_fill,w_280,h_210,f_jpg?from=ke.com
20241021,海淀,清河,101123851396,莱圳家园 2室1厅 南 北必看好房,729万,79551元/平,低楼层 (共19层) | 2009年 | 2室1厅 | 91.64平米 | 南 北,https://ke-image.ljcdn.com/110000-inspection/2378851e-69e8-4e60-83c4-f3d87db0c25e_1000.jpg!m_fill,w_280,h_210,f_jpg?from=ke.com
20241021,海淀,清河,101123830938,橡树湾三期  中间位置 不临街 视野开阔 诚意卖必看好房,875万,106332元/平,中楼层 (共18层) | 2011年 | 2室1厅 | 82.29平米 | 南 北,https://ke-image.ljcdn.com/110000-inspection/pc1_hKQvDME1T_1.jpg!m_fill,w_280,h_210,f_jpg?from=ke.com
20241021,海淀,清河,101123639994,世华龙樾三期  高标精装   产权清晰 随时签房主自荐,1700万,121891元/平,低楼层 (共6层) 3室2厅 | 139.47平米 | 南 北,https://ke-image.ljcdn.com/110000-inspection/dedcdd1b-7b30-4fe6-a07d-f7222581ddc0_1000.jpg!m_fill,w_280,h_210,f_jpg?from=ke.com
20241021,海淀,清河,101123603579,北排对小区花园安静不临街次新品质两居优选房源房主自荐,1358万,136141元/平,中楼层 (共25层) | 2014年 | 2室2厅 | 99.75平米 | 南,https://ke-image.ljcdn.com/110000-inspection/3801af71-f7e9-4d4b-97e5-66bb4e46f567_1000.jpg!m_fill,w_280,h_210,f_jpg?from=ke.com
20241021,海淀,清河,101123596668,河景房南北向带电梯婚房装修诚意出售必看好房,403.9万,61524元/平,中楼层 (共10层) | 1998年 | 2室1厅 | 65.65平米 | 南 北,https://ke-image.ljcdn.com/110000-inspection/fc4624d0-e861-452f-9d4e-daf54952c39c_1000.jpg!m_fill,w_280,h_210,f_jpg?from=ke.com
20241021,海淀,清河,101123508695,清河小营信息学院家属楼二居南北通透地铁八号线必看好房,425万,56826元/平,底层 (共6层) 2室1厅 | 74.79平米 | 南 北,https://ke-image.ljcdn.com/110000-inspection/pc1_ofAtJGlA2_1.jpg!m_fill,w_280,h_210,f_jpg?from=ke.com
20241021,海淀,清河,101123396854,满五唯一 海淀产权 南向 小户型必看好房,368万,64926元/平,中楼层 (共5层) 1室1厅 | 56.68平米 | 南,https://ke-image.ljcdn.com/110000-inspection/495573f8-1e26-4913-822e-3ef1342f8f2e_1000.jpg!m_fill,w_280,h_210,f_jpg?from=ke.com
20241021,海淀,清河,101123377692,力度家园电梯房商品房社区满五年唯一小区安静必看好房,399万,58121元/平,低楼层 (共21层) 1室1厅 | 68.65平米 | 东,https://ke-image.ljcdn.com/110000-inspection/1ab5107d-810d-46b7-8072-298ec4e5385e_1000.jpg!m_fill,w_280,h_210,f_jpg?from=ke.com
20241021,海淀,清河,101123365450,金隅美和园明厨明卫小区中间位置。必看好房,518万,61389元/平,底层 (共9层) | 2008年 | 2室1厅 | 84.38平米 | 南 北,https://ke-image.ljcdn.com/110000-inspection/pc1_V0nUeAKjI_1.jpg!m_fill,w_280,h_210,f_jpg?from=ke.com
20241021,海淀,清河,101123282135,美和园 南北向 无遮挡 视野好 采光好必看好房,598万,70904元/平,高楼层 (共9层) | 2009年 | 2室1厅 | 84.34平米 | 南 北,https://ke-image.ljcdn.com/110000-inspection/pc1_sINpvxLxD_1.jpg!m_fill,w_280,h_210,f_jpg?from=ke.com
20241021,海淀,清河,101123264798,店长推荐宝盛里精装修中间层南北向两居室必看好房,438万,63240元/平,低楼层 (共9层) | 2002年 | 2室1厅 | 69.26平米 | 南 北,https://ke-image.ljcdn.com/110000-inspection/pc1_2KFYKJ5mS_1.jpg!m_fill,w_280,h_210,f_jpg?from=ke.com
20241021,海淀,清河,101123069229,海淀阳光南里小区 南北通透两居室  中间楼层  精装修必看好房,485万,68883元/平,中楼层 (共6层) 2室1厅 | 70.41平米 | 南 北,https://ke-image.ljcdn.com/110000-inspection/317388bb-c5ac-4114-94db-a47eaa3728cd_1000.jpg!m_fill,w_280,h_210,f_jpg?from=ke.com
20241021,海淀,清河,101123018191,清缘里中区南北通透三室两卫满五年唯一随时签约必看好房,550万,48557元/平,中楼层 (共10层) | 1999年 | 3室1厅 | 113.27平米 | 南 北,https://ke-image.ljcdn.com/110000-inspection/b0de60b8-60b5-49db-81a1-a5c3ecb5ce88_1000.jpg!m_fill,w_280,h_210,f_jpg?from=ke.com
20241021,海淀,清河,101123015911,清缘东里南北两居采光好小区中间位置安静舒适必看好房,635万,74671元/平,中楼层 (共10层) | 2003年 | 2室1厅 | 85.04平米 | 南 北,https://ke-image.ljcdn.com/110000-inspection/c1f36157-55f3-4926-8285-d13d2246b6e1_1000.jpg!m_fill,w_280,h_210,f_jpg?from=ke.com
20241021,海淀,清河,101122970273,位置安静大三居 全天采光 精装修保养好 诚意出售,2180万,139280元/平,低楼层 (共16层) 3室2厅 | 156.52平米 | 南 北,https://ke-image.ljcdn.com/110000-inspection/063ef10b-7362-440a-a0c2-b8bc0026a98a_1000.jpg!m_fill,w_280,h_210,f_jpg?from=ke.com
20241021,海淀,清河,101122952966,大三居户型方正无浪费中高层视野好。必看好房,955万,73860元/平,中楼层 (共26层) 3室1厅 | 129.3平米 | 南 北,https://ke-image.ljcdn.com/110000-inspection/f95fe2c0-1d48-469d-a6d9-a9c9660d63f1_1000.jpg!m_fill,w_280,h_210,f_jpg?from=ke.com
20241021,海淀,清河,101122497636,小营东路6号院南北通透三居室 诚心出售 看房提前约必看好房,360万,64057元/平,中楼层 (共5层) 3室1厅 | 56.2平米 | 南 北,https://ke-image.ljcdn.com/110000-inspection/c029d2f6-71a4-44b5-8fbb-c9a8e34a9f34_1000.jpg!m_fill,w_280,h_210,f_jpg?from=ke.com
20241021,海淀,清河,101122426197,强佑清河新城府学上院  优质大户型 格局好 视野开阔,999万,57770元/平,高楼层 (共15层) 3室1厅 | 172.93平米 | 南 北,https://ke-image.ljcdn.com/110000-inspection/2629ea94-479c-4282-9da8-02da0ebec8a1_1000.jpg!m_fill,w_280,h_210,f_jpg?from=ke.com
20241021,海淀,清河,101122333770,清河永泰西里 满五唯一 不临街居住安静 价格可谈,299万,51024元/平,顶层 (共6层) | 1993年 | 2室1厅 | 58.6平米 | 南 北,https://ke-image.ljcdn.com/110000-inspection/pc1_vYV5gq8lS.jpg!m_fill,w_280,h_210,f_jpg?from=ke.com
20241021,海淀,清河,101122191353,商品房业主诚心出售电梯房随时签约,620万,62249元/平,中楼层 (共27层) 2室1厅 | 99.6平米 | 西,https://ke-image.ljcdn.com/110000-inspection/f2fc3549-5bc1-462e-bafa-e5c1618f9cf5_1000.jpg!m_fill,w_280,h_210,f_jpg?from=ke.com
20241021,海淀,清河,101122177032,橡树湾四期 高层3居 双卧室客厅朝南 采光好房主自荐,1580万,111190元/平,高楼层 (共18层) | 2013年 | 3室2厅 | 142.1平米 | 东南 北,https://ke-image.ljcdn.com/110000-inspection/0eba721d-fcbb-4df6-85c0-beca43e5ba94_1000.jpg!m_fill,w_280,h_210,f_jpg?from=ke.com
20241021,海淀,清河,101122161408,永泰园明厅2居室首付少成本少价格可谈必看好房,348万,50893元/平,顶层 (共6层) 2室1厅 | 68.38平米 | 南 北,https://ke-image.ljcdn.com/110000-inspection/pc1_Y1a1tfRuf_1.jpg!m_fill,w_280,h_210,f_jpg?from=ke.com
20241021,海淀,清河,101122056962,此房满五唯一朝南格局视野没有遮挡必看好房,288万,53334元/平,顶层 (共5层) 2室1厅 | 54平米 | 南 西,https://ke-image.ljcdn.com/110000-inspection/pc1_Y9x6oCvBC_1.jpg!m_fill,w_280,h_210,f_jpg?from=ke.com
20241021,海淀,清河,101121941383,次新房基本没有住过精装修观景房老客户房源,1260万,125486元/平,中楼层 (共20层) | 2013年 | 2室2厅 | 100.41平米 | 东南,https://ke-image.ljcdn.com/110000-inspection/909bd527-74af-4a6a-96a0-c798e4d45a04_1000.jpg!m_fill,w_280,h_210,f_jpg?from=ke.com
20241021,海淀,清河,101121748625,莱圳家园南区 双通透 前后花园 满五唯一 位置安静必看好房,730万,77652元/平,中楼层 (共13层) 2室1厅 | 94.01平米 | 东 西,https://ke-image.ljcdn.com/110000-inspection/pc1_BZfDiT7Nf_1.jpg!m_fill,w_280,h_210,f_jpg?from=ke.com
20241021,海淀,清河,101121376485,永泰园03年商品房小区带电梯。无遮挡。必看好房,568万,56738元/平,中楼层 (共17层) | 2003年 | 2室1厅 | 100.11平米 | 东,https://ke-image.ljcdn.com/110000-inspection/pc1_MM75jiPhm_1.jpg!m_fill,w_280,h_210,f_jpg?from=ke.com
20241021,海淀,清河,101121170663,海清园商品房社区正规一居室户型方正近地铁必看好房,265万,50738元/平,底层 (共18层) 1室1厅 | 52.23平米 | 东 北,https://ke-image.ljcdn.com/110000-inspection/08c5e2b9-b6f1-47d1-ae6b-4553992699f5_1000.jpg!m_fill,w_280,h_210,f_jpg?from=ke.com
20241021,海淀,清河,101120620694,小区中间位置 中间楼层 精装修 满五年唯一3居室采光好必看好房,735万,84415元/平,中楼层 (共17层) | 2014年 | 3室1厅 | 87.07平米 | 南 北,https://ke-image.ljcdn.com/110000-inspection/pc1_3k4j2audK_1.jpg!m_fill,w_280,h_210,f_jpg?from=ke.com
20241021,海淀,清河,101120290540,海淀清河 中间层两居室 南北通透 交通便利必看好房,398万,58694元/平,中楼层 (共6层) | 1990年 | 2室1厅 | 67.81平米 | 南 北,https://ke-image.ljcdn.com/110000-inspection/pc1_ccEQiWQOR_1.jpg!m_fill,w_280,h_210,f_jpg?from=ke.com
20241021,海淀,清河,101119861317,清河永泰园满五年商品房明厅两居 中间层 采光好必看好房,375万,62148元/平,低楼层 (共6层) 2室1厅 | 60.34平米 | 南,https://ke-image.ljcdn.com/110000-inspection/pc1_GE3Gii2L8_1.jpg!m_fill,w_280,h_210,f_jpg?from=ke.com
20241021,海淀,清河,101118716926,永泰东里精装南向一居室中间层看房有钥匙房主自荐,390万,82715元/平,中楼层 (共6层) 1室1厅 | 47.15平米 | 南,https://ke-image.ljcdn.com/110000-inspection/pc1_qolU1vZ93_1.jpg!m_fill,w_280,h_210,f_jpg?from=ke.com
20241021,海淀,清河,101118385829,橡树湾二期优质小两居满五唯一格局好,900万,123967元/平,低楼层 (共22层) | 2008年 | 2室1厅 | 72.6平米 | 东,https://ke-image.ljcdn.com/110000-inspection/pc1_2wCrEU5Ln_1.jpg!m_fill,w_280,h_210,f_jpg?from=ke.com
20241021,海淀,清河,101118327606,永泰东里5层南北向 明厅 满五年唯一 永泰庄地铁,415万,66518元/平,高楼层 (共6层) | 1999年 | 2室1厅 | 62.39平米 | 南 北,https://ke-image.ljcdn.com/110000-inspection/d0d99422-02ea-4077-9b32-02e5e01dbc10_1000.jpg!m_fill,w_280,h_210,f_jpg?from=ke.com
20241021,海淀,清河,101117933124,橡树湾三期 好位置 中楼层 南北通透三居 精装修房主自荐,2399万,137716元/平,中楼层 (共25层) | 2011年 | 3室2厅 | 174.2平米 | 南 北,https://ke-image.ljcdn.com/110000-inspection/1e2380d7-c184-44b0-ace7-234d96da29d8_1000.jpg!m_fill,w_280,h_210,f_jpg?from=ke.com
20241021,海淀,清河,101116773540,学府树家园四区 正对小区花园  视野彩光好 安静不临街,2665万,150023元/平,低楼层 (共25层) | 2014年 | 3室2厅 | 177.64平米 | 南 北,https://ke-image.ljcdn.com/110000-inspection/2d8b9bca-539a-4287-b466-9ccb7e36186f_1000.jpg!m_fill,w_280,h_210,f_jpg?from=ke.com
20241021,海淀,清河,101115834171,金隅美和园满五年唯一商品房全明格局带电梯高层必看好房,678万,81589元/平,高楼层 (共9层) | 2008年 | 3室1厅 | 83.1平米 | 东 南 西,https://ke-image.ljcdn.com/110000-inspection/pc1_laTYtt3ko.jpg!m_fill,w_280,h_210,f_jpg?from=ke.com
20241021,海淀,清河,101114788550,美和园满五年唯一两居南向采光好 得房率近90%房主自荐,470万,58364元/平,顶层 (共6层) | 2009年 | 2室1厅 | 80.53平米 | 南,https://ke-image.ljcdn.com/110000-inspection/pc1_cj2Si2ncS.jpg!m_fill,w_280,h_210,f_jpg?from=ke.com
20241021,海淀,清河,101104650466,小营东路7号院 南北通透三居 双卧朝南采光房主自荐,795万,76901元/平,高楼层 (共6层) 3室1厅 | 103.38平米 | 东 南 北,https://ke-image.ljcdn.com/110000-inspection/prod-d45bab5c-bccd-4918-b355-f4adeacb9c66.jpg!m_fill,w_280,h_210,f_jpg?from=ke.com
20241021,海淀,清河,101127052823,永泰庄6号院 精装南向一居室 自住靠谱签约必看好房,239万,58636元/平,顶层 (共6层) 1室1厅 | 40.76平米 | 南,https://ke-image.ljcdn.com/110000-inspection/52a17d10-74d9-400c-969b-718152e104ad_1000.jpg!m_fill,w_280,h_210,f_jpg?from=ke.com
20241021,海淀,清河,101127004111,观澳园有电梯全南向满五唯一看房随时稳定签约,459万,68641元/平,中楼层 (共9层) | 2006年 | 2室1厅 | 66.87平米 | 南,https://ke-image.ljcdn.com/110000-inspection/1d54bf22-44ec-40ec-b3a0-e5d9dca1be79_1000.jpg!m_fill,w_280,h_210,f_jpg?from=ke.com
20241021,海淀,清河,101126930624,永泰园 正规一居室  看房随时 只有契税必看好房,275万,55669元/平,顶层 (共6层) 1室1厅 | 49.4平米 | 南,https://ke-image.ljcdn.com/110000-inspection/75a39d2f-fd59-41f6-9829-2d23d1d6b51a_1000.jpg!m_fill,w_280,h_210,f_jpg?from=ke.com
20241021,海淀,清河,101126918751,强佑清河新城府学上院 1室1厅 南必看好房,450万,83042元/平,顶层 (共24层) | 2020年 | 1室1厅 | 54.19平米 | 南,https://ke-image.ljcdn.com/110000-inspection/83222bfc-0f35-466e-8c20-244878e8cc89_1000.jpg!m_fill,w_280,h_210,f_jpg?from=ke.com
20241021,海淀,清河,101126899931,公交党校宿舍 2室1厅 南 北必看好房,540万,75021元/平,中楼层 (共6层) 2室1厅 | 71.98平米 | 南 北,https://ke-image.ljcdn.com/110000-inspection/62748b7e-5311-46dd-9fe9-937bae4ccdc0_1000.jpg!m_fill,w_280,h_210,f_jpg?from=ke.com
20241021,海淀,清河,101126870507,怡清园 3室2厅 西必看好房,530万,47701元/平,高楼层 (共15层) | 2003年 | 3室2厅 | 111.11平米 | 西,https://ke-image.ljcdn.com/110000-inspection/pc1_uO2CNHcex_1.jpg!m_fill,w_280,h_210,f_jpg?from=ke.com
20241021,海淀,清河,101126848548,清河永泰西里必看好房,278万,60161元/平,高楼层 (共6层) 1室1厅 | 46.21平米 | 南,https://ke-image.ljcdn.com/110000-inspection/pc1_EOqbMnha5_1.jpg!m_fill,w_280,h_210,f_jpg?from=ke.com
20241021,海淀,清河,101126821000,此房全明格局 满五年 唯一 靠谱出售必看好房,328万,62122元/平,底层 (共6层) 2室0厅 | 52.8平米 | 东 西,https://ke-image.ljcdn.com/110000-inspection/7006b9cc-66d3-4e6f-8bc9-c3003aec7fe2_1000.jpg!m_fill,w_280,h_210,f_jpg?from=ke.com
20241021,海淀,清河,101126819279,福美苑此房满五年唯一住房 带电梯 全南向 户型方必看好房,438万,52702元/平,底层 (共16层) | 2012年 | 2室1厅 | 83.11平米 | 南,https://ke-image.ljcdn.com/110000-inspection/pc1_8hWi5d7CE_1.jpg!m_fill,w_280,h_210,f_jpg?from=ke.com
20241021,海淀,清河,101126721837,高层观景南北三居室 视野开阔 采光无遮挡 诚意出售必看好房,1780万,118517元/平,高楼层 (共25层) | 2014年 | 3室2厅 | 150.19平米 | 南 北,https://ke-image.ljcdn.com/110000-inspection/56c6bead-a122-4b25-a5b1-a276ace4be4c_1000.jpg!m_fill,w_280,h_210,f_jpg?from=ke.com
20241021,海淀,清河,101126606289,永泰东里2层明厅两居自住满五年商品房无抵押,378万,51696元/平,低楼层 (共6层) 2室1厅 | 73.12平米 | 东 西,https://ke-image.ljcdn.com/110000-inspection/pc1_d7vN3DJhL_1.jpg!m_fill,w_280,h_210,f_jpg?from=ke.com
20241021,海淀,清河,101126599410,橡树湾二期业主诚心出售看房方便必看好房,650万,109098元/平,低楼层 (共22层) | 2008年 | 1室1厅 | 59.58平米 | 南 北,https://ke-image.ljcdn.com/110000-inspection/3f267c34-b5ee-4fec-a69a-03ce73f12692_1000.jpg!m_fill,w_280,h_210,f_jpg?from=ke.com
20241021,海淀,清河,101126569684,621小区 正规两居室 小区中间 满五唯一必看好房,355万,85543元/平,中楼层 (共5层) 2室1厅 | 41.5平米 | 南 北,https://ke-image.ljcdn.com/110000-inspection/pc1_u8QtOBjWH.jpg!m_fill,w_280,h_210,f_jpg?from=ke.com
20241021,海淀,清河,101126492066,阳光南里 新上南北两居 满五年 不临街 临近地铁必看好房,479万,68195元/平,低楼层 (共6层) 2室1厅 | 70.24平米 | 南 北,https://ke-image.ljcdn.com/110000-inspection/2f939f14-c29d-4b30-b76e-b62b6e826c45_1000.jpg!m_fill,w_280,h_210,f_jpg?from=ke.com
20241021,海淀,清河,101126418318,海淀清河永泰西里不临街一居室中间层必看好房,249万,56489元/平,中楼层 (共6层) | 1996年 | 1室1厅 | 44.08平米 | 西,https://ke-image.ljcdn.com/110000-inspection/49fdd81f-8ea9-477b-bc7e-4de1f43a90e7_1000.jpg!m_fill,w_280,h_210,f_jpg?from=ke.com
20241021,海淀,清河,101126344370,清缘东里新上南北两居自住精装修临河观景必看好房,549万,76924元/平,顶层 (共10层) | 2003年 | 3室1厅 | 71.37平米 | 南 北,https://ke-image.ljcdn.com/110000-inspection/0a80962e-97b7-47d1-885a-42c8deecc4dd_1000.jpg!m_fill,w_280,h_210,f_jpg?from=ke.com
20241021,海淀,清河,101126191542,橡树湾三期  正规主力 西南向两居 满五唯一,990万,99070元/平,中楼层 (共20层) | 2011年 | 2室1厅 | 99.93平米 | 西南,https://ke-image.ljcdn.com/110000-inspection/e4079ec4-eec5-454f-9e30-658d9189e68b_1000.jpg!m_fill,w_280,h_210,f_jpg?from=ke.com
20241021,海淀,清河,101126045138,宝盛里中间楼层两居室满五年唯一商品房诚意出售！必看好房,395万,56276元/平,高楼层 (共6层) 2室1厅 | 70.19平米 | 南 北,https://ke-image.ljcdn.com/110000-inspection/pc1_ZCvRgyxLZ_1.jpg!m_fill,w_280,h_210,f_jpg?from=ke.com
20241021,海淀,清河,101125988082,毛南 满五唯一 精装修 南北两居 不临街房主自荐,317万,58273元/平,顶层 (共6层) 2室1厅 | 54.4平米 | 南 北,https://ke-image.ljcdn.com/110000-inspection/4064668b-d948-4612-9aee-af4184402e63_1000.jpg!m_fill,w_280,h_210,f_jpg?from=ke.com
20241021,海淀,清河,101125940429,电科院小区南区 正规南北通透三居 满五年央产房必看好房,470万,70465元/平,底层 (共5层) | 1994年 | 3室1厅 | 66.7平米 | 南 北,https://ke-image.ljcdn.com/110000-inspection/25dc6785-807e-4a61-b368-e7966d761898_1000.jpg!m_fill,w_280,h_210,f_jpg?from=ke.com
20241021,海淀,清河,101125891222,世华龙樾一期西区 人车分流 南北两居 满五年唯一必看好房,655万,81407元/平,低楼层 (共11层) 2室1厅 | 80.46平米 | 南 北,https://ke-image.ljcdn.com/110000-inspection/dd150717-1bb9-4f45-9661-24c266a059a7_1000.jpg!m_fill,w_280,h_210,f_jpg?from=ke.com
20241021,海淀,清河,101125719702,永泰西里 3室2厅 南 北,549万,52386元/平,高楼层 (共7层) 3室2厅 | 104.8平米 | 南 北,https://ke-image.ljcdn.com/110000-inspection/pc1_X1r5CUWzc.jpg!m_fill,w_280,h_210,f_jpg?from=ke.com
20241021,海淀,清河,101125591557,信科大东门南北2居通透3层精装修看房方便必看好房,339万,59266元/平,中楼层 (共6层) 2室1厅 | 57.2平米 | 南 北,https://ke-image.ljcdn.com/110000-inspection/50af883f-4e77-4a90-90b8-ff5277d0e558_1000.jpg!m_fill,w_280,h_210,f_jpg?from=ke.com
20241021,海淀,清河,101125590362,阳光南里复式精装修满五年唯一商品房全明格局必看好房,469万,64247元/平,顶层 (共6层) 2室1厅 | 73平米 | 南 北,https://ke-image.ljcdn.com/110000-inspection/3efb6589-62fd-47d7-a4ef-3da9ba6da3af_1000.jpg!m_fill,w_280,h_210,f_jpg?from=ke.com
20241021,海淀,清河,101125493794,满五唯一 南向落地窗两居 位置安静 随时看必看好房,838万,71907元/平,低楼层 (共28层) 2室2厅 | 116.54平米 | 南,https://ke-image.ljcdn.com/110000-inspection/01d02ff9-6d30-4f20-a612-c12050fe344b_1000.jpg!m_fill,w_280,h_210,f_jpg?from=ke.com
20241021,海淀,清河,101125360749,满五唯一商品房  电梯两居 诚心出售必看好房,637万,59773元/平,低楼层 (共26层) | 2006年 | 3室1厅 | 106.57平米 | 西,https://ke-image.ljcdn.com/110000-inspection/21330ced-f2d7-4911-9ba1-2c1bcc688e52_1000.jpg!m_fill,w_280,h_210,f_jpg?from=ke.com
20241021,海淀,清河,101125357875,怡清园南向满五年唯一诚心出售,315万,54907元/平,中楼层 (共6层) | 2003年 | 1室1厅 | 57.37平米 | 南,https://ke-image.ljcdn.com/110000-inspection/0abe448f-3ba7-4224-9fe5-ed44d70acb44_1000.jpg!m_fill,w_280,h_210,f_jpg?from=ke.com
20241021,海淀,清河,101125347663,有客户做成两居 纯南向 落地阳台 视野无遮挡,362万,63857元/平,低楼层 (共15层) 1室1厅 | 56.69平米 | 南,https://ke-image.ljcdn.com/110000-inspection/pc1_ahWUIUVak_1.jpg!m_fill,w_280,h_210,f_jpg?from=ke.com
20241021,海淀,清河,101125298665,世华龙樾一期西区 精装三居室 小区人车分流必看好房,765万,88297元/平,中楼层 (共18层) | 2014年 | 3室1厅 | 86.64平米 | 南 北,https://ke-image.ljcdn.com/110000-inspection/371905a7-55db-4efe-82af-1384335a64fb_1000.jpg!m_fill,w_280,h_210,f_jpg?from=ke.com
20241021,海淀,清河,101125166688,清河上地五彩城花园楼南向一居室必看好房,259万,56924元/平,中楼层 (共6层) 1室1厅 | 45.5平米 | 南,https://ke-image.ljcdn.com/110000-inspection/f9cbcaa7-ccd0-4ef9-90e6-0c8177a634b4_1000.jpg!m_fill,w_280,h_210,f_jpg?from=ke.com
20241021,海淀,清河,101125092903,永泰西里 精装修 南北通透 采光好 看房随时 靠谱,385万,60157元/平,高楼层 (共6层) 2室1厅 | 64平米 | 南 北,https://ke-image.ljcdn.com/110000-inspection/81250c1a-c82c-462d-b599-c696f562f484_1000.jpg!m_fill,w_280,h_210,f_jpg?from=ke.com
20241021,海淀,清河,101124974978,橡树湾二期东西向小三居诚意出售看房提前约必看好房,998万,101973元/平,低楼层 (共11层) | 2009年 | 3室2厅 | 97.87平米 | 东 西,https://ke-image.ljcdn.com/110000-inspection/pc1_vlBtej2nn_1.jpg!m_fill,w_280,h_210,f_jpg?from=ke.com
20241021,海淀,清河,101124946375,清缘里  电梯直达 三居室 中间层复式 满五唯一必看好房,530万,53487元/平,低楼层 (共13层) 3室2厅 | 99.09平米 | 南 北,https://ke-image.ljcdn.com/110000-inspection/cdde4d58-2e16-4eb9-bba0-6a612c284424_1000.jpg!m_fill,w_280,h_210,f_jpg?from=ke.com
20241021,海淀,清河,101124888671,莱圳家园南北双通透三居万科物业服务品质好8号线必看好房,1010万,88925元/平,顶层 (共15层) 3室1厅 | 113.58平米 | 南 北,https://ke-image.ljcdn.com/110000-inspection/dd6f84b7-7eda-4cf8-9a4a-1febabd18fb8_1000.jpg!m_fill,w_280,h_210,f_jpg?from=ke.com
20241021,海淀,清河,101124728365,永泰庄甲6号院 2层 南北通透 只有契税 看房方便必看好房,325万,59853元/平,低楼层 (共6层) 2室1厅 | 54.3平米 | 南 北,https://ke-image.ljcdn.com/110000-inspection/9a837698-723c-4f63-bf30-939b39a88f99_1000.jpg!m_fill,w_280,h_210,f_jpg?from=ke.com
20241021,海淀,清河,101124604873,清河永泰西里中间层东南向一居室满五唯一有钥匙,242万,54901元/平,高楼层 (共6层) 1室1厅 | 44.08平米 | 东南,https://ke-image.ljcdn.com/110000-inspection/ae40a037-6b85-40fb-b033-1c6750502689_1000.jpg!m_fill,w_280,h_210,f_jpg?from=ke.com
20241021,海淀,清河,101124578189,海淀 观景园 满五年唯一商品 正规一居室 诚意出售,465万,69747元/平,顶层 (共6层) 2室1厅 | 66.67平米 | 东北,https://ke-image.ljcdn.com/110000-inspection/pc1_zDfwFVuHu_1.jpg!m_fill,w_280,h_210,f_jpg?from=ke.com
20241021,海淀,清河,101124337763,后屯路32号院 上下2层 诚心出售 小区规划改造,420万,61638元/平,顶层 (共6层) 2室1厅 | 68.14平米 | 南 北,https://ke-image.ljcdn.com/110000-inspection/bc754492-8bba-4905-97d5-897b65be67e8_1000.jpg!m_fill,w_280,h_210,f_jpg?from=ke.com
20241021,海淀,清河,101124185327,金隅美和园 中间位置 南向两居 业主急售 满五唯一,539万,66857元/平,底层 (共9层) | 2008年 | 2室1厅 | 80.62平米 | 南,https://ke-image.ljcdn.com/110000-inspection/a5f02e5e-b18a-47ae-ad8b-49a27ff3cf2e_1000.jpg!m_fill,w_280,h_210,f_jpg?from=ke.com
20241021,海淀,清河,101124118100,阳光南里 看房方便 诚意出售 随时签约,440万,63926元/平,底层 (共6层) 2室1厅 | 68.83平米 | 东 西,https://ke-image.ljcdn.com/110000-inspection/b7b2daee-df01-4597-9ee6-20c718053a0b_1000.jpg!m_fill,w_280,h_210,f_jpg?from=ke.com
20241021,海淀,清河,101123676623,海淀清河文苑 正规一居室 房本满2年 按满五年唯一出售必看好房,345万,61095元/平,低楼层 (共24层) 1室1厅 | 56.47平米 | 西南,https://ke-image.ljcdn.com/110000-inspection/f816c805-cf3f-4976-8151-0f59ababe1ca_1000.jpg!m_fill,w_280,h_210,f_jpg?from=ke.com
20241021,海淀,清河,101123621074,邮局家属楼 南北通透 全明格局房主自荐,396万,58494元/平,低楼层 (共6层) 2室1厅 | 67.7平米 | 南 北,https://ke-image.ljcdn.com/110000-inspection/5efe1cb5-9b5c-4f4e-a2f8-6cc33ccca59c_1000.jpg!m_fill,w_280,h_210,f_jpg?from=ke.com
20241021,海淀,清河,101123515840,清缘里中区 中间楼层东西通透 价格合适 随时可签约必看好房,369万,48274元/平,中楼层 (共9层) | 2018年 | 2室1厅 | 76.44平米 | 东 西,https://ke-image.ljcdn.com/110000-inspection/pc1_E0x2EMTeV_1.jpg!m_fill,w_280,h_210,f_jpg?from=ke.com
20241021,海淀,清河,101123327121,宝盛北里 电梯三居 无遮挡 商品房必看好房,668万,59713元/平,顶层 (共9层) 3室2厅 | 111.87平米 | 东 南 北,https://ke-image.ljcdn.com/110000-inspection/pc1_k4rRztyNM_1.jpg!m_fill,w_280,h_210,f_jpg?from=ke.com
20241021,海淀,清河,101123325242,清河五彩城旁落地窗大阳台板楼得房率88%商品房房主自荐,358万,70501元/平,顶层 (共6层) 1室1厅 | 50.78平米 | 西,https://ke-image.ljcdn.com/110000-inspection/pc1_DTL6C0A3A.jpg!m_fill,w_280,h_210,f_jpg?from=ke.com
20241021,海淀,清河,101123254666,电力宿舍三居精装修南北通透双地铁出行便利必看好房,449万,52762元/平,底层 (共6层) 3室1厅 | 85.1平米 | 南 西 北,https://ke-image.ljcdn.com/110000-inspection/pc1_Y2SSgzG7g_1.jpg!m_fill,w_280,h_210,f_jpg?from=ke.com
20241021,海淀,清河,101123164780,海淀清河新上03年纯商品房小区,508万,60276元/平,顶层 (共16层) | 2003年 | 2室1厅 | 84.28平米 | 南 北,https://ke-image.ljcdn.com/110000-inspection/pc1_0UUdjTymJ.jpg!m_fill,w_280,h_210,f_jpg?from=ke.com
20241021,海淀,清河,101123152338,怡清园 有电梯 朝南 大两居室 近地铁必看好房,598万,50877元/平,中楼层 (共15层) | 2003年 | 2室1厅 | 117.54平米 | 南,https://ke-image.ljcdn.com/110000-inspection/aabb239d-a183-462a-bee2-a1a5856e8f31_1000.jpg!m_fill,w_280,h_210,f_jpg?from=ke.com
20241021,海淀,清河,101123144825,高新小区品质社区有电梯五彩城商超400米地铁精装房主自荐,590万,99461元/平,中楼层 (共21层) | 2020年 | 1室1厅 | 59.32平米 | 西,https://ke-image.ljcdn.com/110000-inspection/09a49eba-77df-4e2c-afef-6b7fbbdd67b4_1000.jpg!m_fill,w_280,h_210,f_jpg?from=ke.com
20241021,海淀,清河,101123069731,清缘里  不临街  有电梯 钢混结构住宅  三居室 精装修房主自荐,499万,57173元/平,高楼层 (共9层) | 1998年 | 3室1厅 | 87.28平米 | 北 南,https://ke-image.ljcdn.com/110000-inspection/pc1_XkSI45JSK_1.jpg!m_fill,w_280,h_210,f_jpg?from=ke.com
20241021,海淀,清河,101123008728,清缘里中区 南北通透 三居 临河观景 采光充足,560万,51222元/平,顶层 (共10层) | 2000年 | 3室1厅 | 109.33平米 | 南 北,https://ke-image.ljcdn.com/110000-inspection/pc1_ylhSXK0vf_1.jpg!m_fill,w_280,h_210,f_jpg?from=ke.com
20241021,海淀,清河,101122874901,水木天成简装两居室  户型方正  满5年的商品房必看好房,588万,55176元/平,低楼层 (共26层) 2室2厅 | 106.57平米 | 西,https://ke-image.ljcdn.com/110000-inspection/pc1_zOwfk3P7f_1.jpg!m_fill,w_280,h_210,f_jpg?from=ke.com
20241021,海淀,清河,101122728336,高巢电梯直达双阳台大窗8号线永泰庄必看好房,278万,48231元/平,高楼层 (共15层) | 2005年 | 1室1厅 | 57.64平米 | 西南,https://ke-image.ljcdn.com/110000-inspection/pc1_iMlHl1lJP_1.jpg!m_fill,w_280,h_210,f_jpg?from=ke.com
20241021,海淀,清河,101122656342,海淀区西三旗花园三里联排别墅出售必看好房,1600万,95631元/平,底层 (共2层) 3室3厅 | 167.31平米 | 南 北 西,https://ke-image.ljcdn.com/110000-inspection/pc1_Ptvom0k0O_1.jpg!m_fill,w_280,h_210,f_jpg?from=ke.com
20241021,海淀,清河,101122603783,清河永泰西里 南向一居 中间楼层 商品房 诚心出售房主自荐,295万,63839元/平,中楼层 (共6层) 1室1厅 | 46.21平米 | 南,https://ke-image.ljcdn.com/110000-inspection/8d9cfb62-4ac6-4b13-988a-9e38e778cd32_1000.jpg!m_fill,w_280,h_210,f_jpg?from=ke.com
20241021,海淀,清河,101122496131,精装复式 南北通透 明厨明卫 位置安静视野开阔！必看好房,708万,115479元/平,顶层 (共9层) | 2008年 | 2室1厅 | 61.31平米 | 南 北,https://ke-image.ljcdn.com/110000-inspection/b995e176-fe87-4063-90b5-2be52694e934_1000.jpg!m_fill,w_280,h_210,f_jpg?from=ke.com
20241021,海淀,清河,101122316547,莱圳家园 2室2厅 东 西房主自荐,699万,74537元/平,低楼层 (共17层) | 2012年 | 2室2厅 | 93.78平米 | 东 西,https://ke-image.ljcdn.com/110000-inspection/2badfa5e-e7c9-43aa-802a-6500a6eeb1f3_1000.jpg!m_fill,w_280,h_210,f_jpg?from=ke.com
20241021,海淀,清河,101122303465,永泰东里 满五唯一 商品房 中间层 南北通透 诚心出售房主自荐,388万,63586元/平,中楼层 (共6层) | 1996年 | 2室1厅 | 61.02平米 | 南 北,https://ke-image.ljcdn.com/110000-inspection/pc1_9ymDZK4cT_1.jpg!m_fill,w_280,h_210,f_jpg?from=ke.com
20241021,海淀,清河,101122193904,橡树湾一期 优质正规两居室 不临街 小区中间位置 诚售必看好房,799万,112235元/平,低楼层 (共11层) | 2007年 | 2室1厅 | 71.19平米 | 西,https://ke-image.ljcdn.com/110000-inspection/pc1_MSIPHZ8M8.jpg!m_fill,w_280,h_210,f_jpg?from=ke.com
20241021,海淀,清河,101121175612,卫生局宿舍 复式户型全明户型必看好房,430万,52312元/平,顶层 (共6层) 3室2厅 | 82.2平米 | 南 北,https://ke-image.ljcdn.com/110000-inspection/pc1_Wb1vAN6TF_1.jpg!m_fill,w_280,h_210,f_jpg?from=ke.com
20241021,海淀,清河,101118671944,宝盛里 把边户型三居室 中间楼层 全明格局 采光好,600万,65289元/平,中楼层 (共6层) 3室1厅 | 91.9平米 | 南 北,https://ke-image.ljcdn.com/110000-inspection/9d22b015-00fa-4753-8d83-9fd53ccdc1fb_1000.jpg!m_fill,w_280,h_210,f_jpg?from=ke.com
20241021,海淀,清河,101126142112,专家国际公馆 1室1厅 东,198万,30613元/平,中楼层 (共5层) 1室1厅 | 64.68平米 | 东,https://s1.ljcdn.com/pegasus/redskull/images/common/default_house_list.png?_v=202410161653269
20241021,海淀,清河,101127149747,怡清园婚房装修两居室次顶层采光好视野开阔新上,650万,55301元/平,高楼层 (共15层) | 2003年 | 2室1厅 | 117.54平米 | 南,https://ke-image.ljcdn.com/110000-inspection/47ae8029-4caf-49dc-8072-63f09da9a475_1000.jpg!m_fill,w_280,h_210,f_jpg?from=ke.com
20241021,海淀,清河,101127131824,清河宝盛北里诚意出售随时可看满五唯一随时可签新上,610万,58654元/平,顶层 (共6层) | 2004年 | 2室2厅 | 104平米 | 南 北,https://ke-image.ljcdn.com/110000-inspection/8c894a84-b494-4854-b376-73fb0e514c17_1000.jpg!m_fill,w_280,h_210,f_jpg?from=ke.com
20241021,海淀,清河,101127113673,世华龙樾一期东区 经典三居室 南北通透新上,1760万,120047元/平,低楼层 (共18层) | 2014年 | 3室2厅 | 146.61平米 | 南 北,https://ke-image.ljcdn.com/110000-inspection/1220f65b-9a2f-4212-8976-defd4d05c93d_1000.jpg!m_fill,w_280,h_210,f_jpg?from=ke.com
20241021,海淀,清河,101127067719,观澳园 2室1厅 西南新上,630万,70156元/平,低楼层 (共9层) | 2006年 | 2室1厅 | 89.8平米 | 西南,https://ke-image.ljcdn.com/110000-inspection/pc1_epJBnlZFE_2.jpg!m_fill,w_280,h_210,f_jpg?from=ke.com
20241021,海淀,清河,101127050676,高巢 1室1厅 南新上,320万,68552元/平,顶层 (共15层) | 2005年 | 1室1厅 | 46.68平米 | 南,https://ke-image.ljcdn.com/110000-inspection/d0d2a325-2907-4d96-83e2-37e3450dcce4_1000.jpg!m_fill,w_280,h_210,f_jpg?from=ke.com
20241021,海淀,清河,101127047742,莱圳家园三期2012年 电梯直达地库 大一居新上,550万,75322元/平,低楼层 (共16层) | 2012年 | 1室1厅 | 73.02平米 | 南,https://ke-image.ljcdn.com/110000-inspection/pc1_L0oRaeN5e_1.jpg!m_fill,w_280,h_210,f_jpg?from=ke.com
20241021,海淀,清河,101127038842,橡林郡 2室1厅 南新上,950万,108053元/平,中楼层 (共18层) | 2020年 | 2室1厅 | 87.92平米 | 南,https://ke-image.ljcdn.com/110000-inspection/4018840c-3596-4543-ae1a-de55b69f8b4e_1000.jpg!m_fill,w_280,h_210,f_jpg?from=ke.com
20241021,海淀,清河,101127030354,加气混凝土厂宿舍 2室1厅 南 北,495万,62580元/平,底层 (共5层) 2室1厅 | 79.1平米 | 南 北,https://ke-image.ljcdn.com/110000-inspection/05bfacc0-4103-4c33-9c6d-c4b7c60f1862_1000.jpg!m_fill,w_280,h_210,f_jpg?from=ke.com
20241021,海淀,清河,101127025736,美欣家园商品房小区南北通透大三居。,930万,65716元/平,中楼层 (共15层) 3室2厅 | 141.52平米 | 南 北,https://ke-image.ljcdn.com/110000-inspection/3a99db2d-d849-4ac4-a5b5-828374320c92_1000.jpg!m_fill,w_280,h_210,f_jpg?from=ke.com
20241021,海淀,清河,101127015074,宝盛北里 1室1厅 南 北新上,428万,66398元/平,低楼层 (共9层) | 2004年 | 1室1厅 | 64.46平米 | 南 北,https://ke-image.ljcdn.com/110000-inspection/44ec72a1-b025-4f7e-90a4-4a0903348c32_1000.jpg!m_fill,w_280,h_210,f_jpg?from=ke.com
20241021,海淀,清河,101127013244,橡树湾三期 满五唯一 业主诚心出售新上,798万,110130元/平,底层 (共18层) | 2011年 | 1室1厅 | 72.46平米 | 东,https://ke-image.ljcdn.com/110000-inspection/1defd611-ee41-41f0-91b7-ca8a5bc1bdd8_1000.jpg!m_fill,w_280,h_210,f_jpg?from=ke.com
20241021,海淀,清河,101126997625,北京市海淀区清河永泰小区东里小区房主自荐,395万,64649元/平,低楼层 (共6层) | 2008年 | 2室1厅 | 61.1平米 | 南 北,https://ke-image.ljcdn.com/110000-inspection/7f622478-f83c-448e-85eb-c5bf4c8c655b_1000.jpg!m_fill,w_280,h_210,f_jpg?from=ke.com
20241021,海淀,清河,101126995529,信息学院家属院 中间层 采光好 自住看房方便,590万,66293元/平,中楼层 (共4层) 3室1厅 | 89平米 | 南 北,https://ke-image.ljcdn.com/110000-inspection/5adc7690-8f80-4ef5-87f4-d48ae47f1801_1000.jpg!m_fill,w_280,h_210,f_jpg?from=ke.com
20241021,海淀,清河,101126977783,强佑清河新城府学上院南北两居室,980万,81457元/平,中楼层 (共26层) | 2014年 | 2室1厅 | 120.31平米 | 南 北,https://ke-image.ljcdn.com/110000-inspection/04e252e7-ad91-4bc8-9438-8eaefeb484de_1000.jpg!m_fill,w_280,h_210,f_jpg?from=ke.com
20241021,海淀,清河,101126960688,强佑清河新城府学上院精装修两居室房主自荐,666万,75941元/平,中楼层 (共27层) | 2012年 | 2室1厅 | 87.7平米 | 东,https://ke-image.ljcdn.com/110000-inspection/9c79355c-4455-4ba4-b28b-c59528ea58d1_1000.jpg!m_fill,w_280,h_210,f_jpg?from=ke.com
20241021,海淀,清河,101126958251,清缘东里产权清晰业主靠谱。,646万,70081元/平,底层 (共10层) | 2003年 | 2室1厅 | 92.18平米 | 南 北,https://ke-image.ljcdn.com/110000-inspection/cd31011b-cb04-4836-845f-634e9efbcb11_1000.jpg!m_fill,w_280,h_210,f_jpg?from=ke.com
20241021,海淀,清河,101126917098,西三旗永泰中路23号尽享舒适空间,660万,60724元/平,低楼层 (共6层) 2室2厅 | 108.69平米 | 南 北,https://ke-image.ljcdn.com/110000-inspection/7a955ea5-b527-4f71-99e8-f37f949997b8_1000.jpg!m_fill,w_280,h_210,f_jpg?from=ke.com
20241021,海淀,清河,101126912119,莱圳家园三居室位置好 满五年唯一 急售房主自荐,1050万,92913元/平,低楼层 (共15层) | 2006年 | 3室1厅 | 113.01平米 | 南 北,https://ke-image.ljcdn.com/110000-inspection/ec9ea915-4e3f-4e93-b047-a79d824151dc_1000.jpg!m_fill,w_280,h_210,f_jpg?from=ke.com
20241021,海淀,清河,101126896147,清河清缘东里高楼层两居满五年诚售。,599万,72686元/平,高楼层 (共13层) | 2003年 | 2室1厅 | 82.41平米 | 南 北,https://ke-image.ljcdn.com/110000-inspection/f1764dcb-f807-479f-9bdf-071d407fc224_1000.jpg!m_fill,w_280,h_210,f_jpg?from=ke.com
20241021,海淀,清河,101126886186,芳清园 2室1厅 西南,717万,78148元/平,低楼层 (共9层) | 2007年 | 2室1厅 | 91.75平米 | 西南,https://ke-image.ljcdn.com/110000-inspection/pc1_CSENU98So.jpg!m_fill,w_280,h_210,f_jpg?from=ke.com
20241021,海淀,清河,101126871161,强佑清河新城府学上院大户型四居室,1000万,57827元/平,高楼层 (共15层) | 2015年 | 4室1厅 | 172.93平米 | 南 北,https://ke-image.ljcdn.com/110000-inspection/e87d7495-fefd-4a43-b9c6-d42e669d64cb_1000.jpg!m_fill,w_280,h_210,f_jpg?from=ke.com
20241021,海淀,清河,101126868426,永泰东里 2021年精装只有契税房主自荐,288万,61830元/平,高楼层 (共6层) 1室1厅 | 46.58平米 | 南,https://ke-image.ljcdn.com/110000-inspection/58f07ee5-8bf2-4994-bd0a-e8543789c331_1000.jpg!m_fill,w_280,h_210,f_jpg?from=ke.com
20241021,海淀,清河,101126865455,橡树湾四期 1室1厅 东,776万,106799元/平,高楼层 (共16层) | 2014年 | 1室1厅 | 72.66平米 | 东,https://ke-image.ljcdn.com/110000-inspection/c49e83b2-6f21-42b2-9128-ed55a5b1606a_1000.jpg!m_fill,w_280,h_210,f_jpg?from=ke.com
20241021,海淀,清河,101126854737,永泰园  永泰庄  清河小营桥,625万,54329元/平,中楼层 (共31层) 2室2厅 | 115.04平米 | 东北,https://ke-image.ljcdn.com/110000-inspection/e22bd0aa-95aa-48d1-83a8-1eab0eb75fc4_1000.jpg!m_fill,w_280,h_210,f_jpg?from=ke.com
20241021,海淀,清河,101126848194,海淀区 橡树湾三期五彩城购物中心旁 东南两居。,1058万,106471元/平,低楼层 (共25层) | 2011年 | 2室2厅 | 99.37平米 | 东南,https://ke-image.ljcdn.com/110000-inspection/797ee8a8-3e51-4a4d-880a-d4120e20d4f4_1000.jpg!m_fill,w_280,h_210,f_jpg?from=ke.com
20241021,海淀,清河,101126847903,强佑清河新城府学上院人车分流环境好紧挨着地铁昌平线,1060万,82639元/平,高楼层 (共27层) | 2009年 | 3室2厅 | 128.27平米 | 东南,https://ke-image.ljcdn.com/110000-inspection/aa941317-953c-4eba-bc07-c5af1b4d360a_1000.jpg!m_fill,w_280,h_210,f_jpg?from=ke.com
20241021,海淀,清河,101126828252,清缘东里正规两居带电梯小区中间位置,560万,65337元/平,低楼层 (共13层) 2室1厅 | 85.71平米 | 东北,https://ke-image.ljcdn.com/110000-inspection/7e490f63-4490-41f9-8dc2-2f2eaa17d4be_1000.jpg!m_fill,w_280,h_210,f_jpg?from=ke.com
20241021,海淀,清河,101126826131,本房满五年唯一精装修可以拎包入住带大客厅,480万,59041元/平,高楼层 (共6层) | 2000年 | 2室1厅 | 81.3平米 | 东 西,https://ke-image.ljcdn.com/110000-inspection/41554cee-6805-436d-9728-088776c8e3ff_1000.jpg!m_fill,w_280,h_210,f_jpg?from=ke.com
20241021,海淀,清河,101126811597,莱圳家园双明卫三居室 满五年唯一 老业主房源诚售,1050万,85806元/平,高楼层 (共18层) | 2009年 | 3室2厅 | 122.37平米 | 南 北,https://ke-image.ljcdn.com/110000-inspection/3de721b6-0f4c-4b2f-9845-8ff07c9ead05_1000.jpg!m_fill,w_280,h_210,f_jpg?from=ke.com
20241021,海淀,清河,101126808993,橡树湾四期 2室1厅 东 南,1188万,118315元/平,中楼层 (共20层) | 2013年 | 2室1厅 | 100.41平米 | 东 南,https://ke-image.ljcdn.com/110000-inspection/7d344f89-467d-4365-8200-9436c91337eb_1000.jpg!m_fill,w_280,h_210,f_jpg?from=ke.com
20241021,海淀,清河,101126804830,观景园小区 满五年且家庭名下唯一商品房 南北通透,718万,78522元/平,高楼层 (共6层) 2室1厅 | 91.44平米 | 南 北,https://ke-image.ljcdn.com/110000-inspection/fc02fba8-0ca8-43ad-958e-f9b1fe0b6340_1000.jpg!m_fill,w_280,h_210,f_jpg?from=ke.com
20241021,海淀,清河,101126801356,橡树湾一期  南北通透3+1 视野开阔 采光好,1658万,130531元/平,高楼层 (共16层) | 2007年 | 3室2厅 | 127.02平米 | 南 北,https://ke-image.ljcdn.com/110000-inspection/cf2ce708-0fad-409e-af55-2cb5d56c7cc6_1000.jpg!m_fill,w_280,h_210,f_jpg?from=ke.com
20241021,海淀,清河,101126801299,清秀阁 南北通透 满五年唯一 不临街 商品房,426万,71250元/平,顶层 (共5层) 1室1厅 | 59.79平米 | 南 北,https://ke-image.ljcdn.com/110000-inspection/6ae1c113-6ff7-4a67-9a3d-a8345168f75d_1000.jpg!m_fill,w_280,h_210,f_jpg?from=ke.com
20241021,海淀,清河,101126790833,毛纺厂南小区 2室0厅 南 北,280万,59448元/平,中楼层 (共6层) 2室0厅 | 47.1平米 | 南 北,https://ke-image.ljcdn.com/110000-inspection/pc1_piBYTlv9p_1.jpg!m_fill,w_280,h_210,f_jpg?from=ke.com
20241021,海淀,清河,101126780194,清缘里中区 2室1厅 西北,438万,60157元/平,中楼层 (共9层) | 1998年 | 2室1厅 | 72.81平米 | 西北,https://ke-image.ljcdn.com/110000-inspection/b4732fb2-0a5b-4757-9936-e45212814e39_1000.jpg!m_fill,w_280,h_210,f_jpg?from=ke.com
20241021,海淀,清河,101126778233,毛纺厂南小区 2室1厅 南 北,340万,62731元/平,中楼层 (共5层) | 1980年 | 2室1厅 | 54.2平米 | 南 北,https://ke-image.ljcdn.com/110000-inspection/pc1_cJphpN5uy_1.jpg!m_fill,w_280,h_210,f_jpg?from=ke.com
20241021,海淀,清河,101126775863,永泰园 2室1厅 南 北,435万,63209元/平,高楼层 (共6层) 2室1厅 | 68.82平米 | 南 北,https://ke-image.ljcdn.com/110000-inspection/e6bb8652-7dc3-47f5-95b9-95e0fa60af86_1000.jpg!m_fill,w_280,h_210,f_jpg?from=ke.com
20241021,海淀,清河,101126769631,水木天成 2室1厅 东南,625万,64694元/平,高楼层 (共28层) | 2006年 | 2室1厅 | 96.61平米 | 东南,https://ke-image.ljcdn.com/110000-inspection/160425e0-6829-45c2-913f-8b56d35b708d_1000.jpg!m_fill,w_280,h_210,f_jpg?from=ke.com
20241021,海淀,清河,101126760829,永泰园大户型小区03年商品房带电梯,750万,57261元/平,中楼层 (共31层) | 2003年 | 2室1厅 | 130.98平米 | 东,https://ke-image.ljcdn.com/110000-inspection/5ff8279c-d737-4a02-b11c-8a20ad6dfc49_1000.jpg!m_fill,w_280,h_210,f_jpg?from=ke.com
20241021,海淀,清河,101126731842,清缘里中区  南北通透大三居 诚心出售 看房方便,765万,55746元/平,低楼层 (共10层) | 2000年 | 3室2厅 | 137.23平米 | 南 北,https://ke-image.ljcdn.com/110000-inspection/9ba63c4b-f4cb-443c-8800-9befb21a464a_1000.jpg!m_fill,w_280,h_210,f_jpg?from=ke.com
20241021,海淀,清河,101126724649,清缘里中区 1室1厅 南 北,450万,63758元/平,中楼层 (共10层) 1室1厅 | 70.58平米 | 南 北,https://ke-image.ljcdn.com/110000-inspection/a757e7d1-7ff9-42c4-b5a1-ddc2f9f6e58c_1000.jpg!m_fill,w_280,h_210,f_jpg?from=ke.com
20241021,海淀,清河,101126716799,宝盛里 3室1厅 东 南 北,650万,58931元/平,高楼层 (共6层) 3室1厅 | 110.3平米 | 东 南 北,https://ke-image.ljcdn.com/110000-inspection/18367b69-0639-4c7b-92a0-92dcb399ae1d_1000.jpg!m_fill,w_280,h_210,f_jpg?from=ke.com
20241021,海淀,清河,101126714792,清河小营东路12号院 精装两居室 满五年唯一 靠谱,550万,73826元/平,中楼层 (共9层) 2室1厅 | 74.5平米 | 东,https://ke-image.ljcdn.com/110000-inspection/913054ac-bc48-4531-8822-4919b4f2e1bc_1000.jpg!m_fill,w_280,h_210,f_jpg?from=ke.com
20241021,海淀,清河,101126705557,自住精装拎包入住三面采光不临街满五唯一,390万,61905元/平,低楼层 (共6层) 2室1厅 | 63平米 | 南 北,https://ke-image.ljcdn.com/110000-inspection/pc1_iuPh7Ryi8_1.jpg!m_fill,w_280,h_210,f_jpg?from=ke.com
20241021,海淀,清河,101126700998,橡林郡精装两居  中间位置   高楼层 采光视野好,1040万,118452元/平,顶层 (共18层) 2室1厅 | 87.8平米 | 南,https://ke-image.ljcdn.com/110000-inspection/c8f60ebe-9b0f-44f2-92a2-c371b7d0ee94_1000.jpg!m_fill,w_280,h_210,f_jpg?from=ke.com
20241021,海淀,清河,101126680278,房子满五年唯一采光好得房率90%,680万,70893元/平,顶层 (共6层) | 2008年 | 2室1厅 | 95.92平米 | 南 北,https://ke-image.ljcdn.com/110000-inspection/a8b45f62-e902-4741-9891-afeedf661473_1000.jpg!m_fill,w_280,h_210,f_jpg?from=ke.com
20241021,海淀,清河,101126655349,小营东路7号院 3室1厅 南 北,559万,62880元/平,底层 (共4层) | 1962年 | 3室1厅 | 88.9平米 | 南 北,https://ke-image.ljcdn.com/110000-inspection/58627db5-ebf5-4543-9f99-fbc684c2563d_1000.jpg!m_fill,w_280,h_210,f_jpg?from=ke.com
20241021,海淀,清河,101126655159,海淀区橡树湾一期大三居2022年装修清风中央空调,1500万,117491元/平,低楼层 (共18层) | 2007年 | 3室2厅 | 127.67平米 | 南 北,https://ke-image.ljcdn.com/110000-inspection/a895cfb6-6c9d-4617-8e18-63ef734c293a_1000.jpg!m_fill,w_280,h_210,f_jpg?from=ke.com
20241021,海淀,清河,101126632970,毛纺厂西小区南北通透两居室 低楼层,450万,76661元/平,中楼层 (共6层) 2室1厅 | 58.7平米 | 南 北,https://ke-image.ljcdn.com/110000-inspection/fe4fb166-c7be-4179-bda3-dcd20db7a084_1000.jpg!m_fill,w_280,h_210,f_jpg?from=ke.com
20241021,海淀,清河,101126631722,满五年唯一南向一居室采光好总价少满足刚需,300万,70755元/平,顶层 (共6层) 1室1厅 | 42.4平米 | 南 北,https://ke-image.ljcdn.com/110000-inspection/e084fe9d-5ac4-49cc-bfc5-9730a8b961d2_1000.jpg!m_fill,w_280,h_210,f_jpg?from=ke.com
20241021,海淀,清河,101126617968,世华龙樾一期东区全名格局满五年唯一,1599万,124971元/平,中楼层 (共18层) | 2014年 | 3室2厅 | 127.95平米 | 东 南 北,https://ke-image.ljcdn.com/110000-inspection/7f9ed4b9-5d66-4d60-8b3b-52c270037f16_1000.jpg!m_fill,w_280,h_210,f_jpg?from=ke.com
20241021,海淀,清河,101126607627,装修精美客厅带边窗采光足南北通透楼层很好,369万,67459元/平,中楼层 (共6层) | 1986年 | 2室1厅 | 54.7平米 | 南 北,https://ke-image.ljcdn.com/110000-inspection/5296359a-920f-4efd-a694-57abc699d709_1000.jpg!m_fill,w_280,h_210,f_jpg?from=ke.com
20241021,海淀,清河,101126606327,橡林郡  看房方便 诚意出售 装修好,450万,95339元/平,中楼层 (共21层) 1室1厅 | 47.2平米 | 东,https://ke-image.ljcdn.com/110000-inspection/pc1_zhjqYQsc3_1.jpg!m_fill,w_280,h_210,f_jpg?from=ke.com
20241021,海淀,清河,101126606286,全南两居室8号线西小口地铁站2014年电梯板楼,590万,77899元/平,底层 (共17层) | 2014年 | 2室1厅 | 75.74平米 | 南,https://ke-image.ljcdn.com/110000-inspection/d8f55e4f-69fe-4a95-8177-72fda2688cea_1000.jpg!m_fill,w_280,h_210,f_jpg?from=ke.com
20241021,海淀,清河,101126598709,花园新区精装修南向两居室视野光线无遮挡,600万,57732元/平,顶层 (共20层) | 2010年 | 2室1厅 | 103.93平米 | 南,https://ke-image.ljcdn.com/110000-inspection/50ba2138-cbd7-4974-82e7-b512fcf5f25f_1000.jpg!m_fill,w_280,h_210,f_jpg?from=ke.com
20241021,海淀,清河,101126587178,高巢东向一居室适合首套刚需生活交通便利,230万,67528元/平,中楼层 (共15层) | 2005年 | 1室0厅 | 34.06平米 | 东北,https://ke-image.ljcdn.com/110000-inspection/7f8df191-caf1-49ef-b390-c683d212ffd1_1000.jpg!m_fill,w_280,h_210,f_jpg?from=ke.com
20241021,海淀,清河,101126584926,清河永泰东里 正规两居 南北通透  诚心出售,320万,52374元/平,顶层 (共6层) 2室1厅 | 61.1平米 | 南 北,https://ke-image.ljcdn.com/110000-inspection/5e7ed66b-db6b-4ded-a091-71fe50b82710_1000.jpg!m_fill,w_280,h_210,f_jpg?from=ke.com
20241021,海淀,清河,101126578404,永泰园电梯房中间层二居不临高速,565万,56438元/平,中楼层 (共17层) | 2003年 | 2室1厅 | 100.11平米 | 西,https://ke-image.ljcdn.com/110000-inspection/ce21ead8-1d93-4e9d-8e66-ee7efb033140_1000.jpg!m_fill,w_280,h_210,f_jpg?from=ke.com
20241021,海淀,清河,101126573210,加气混凝土厂宿舍中间层南北二居室,429万,69306元/平,中楼层 (共6层) 2室1厅 | 61.9平米 | 南 西 北,https://ke-image.ljcdn.com/110000-inspection/0f28caa6-efd9-4c25-8b0d-e5d9db6a7289_1000.jpg!m_fill,w_280,h_210,f_jpg?from=ke.com
20241021,海淀,清河,101126566873,清缘里南北通透两居通风好小区中间位置,420万,56957元/平,底层 (共10层) | 1998年 | 2室1厅 | 73.74平米 | 南 北,https://ke-image.ljcdn.com/110000-inspection/ccb68654-1cbb-4d1d-9fe0-2767978d158a_1000.jpg!m_fill,w_280,h_210,f_jpg?from=ke.com
20241021,海淀,清河,101126566630,清景园 2室1厅 西 东,609万,61016元/平,高楼层 (共27层) | 2007年 | 2室1厅 | 99.81平米 | 西 东,https://ke-image.ljcdn.com/110000-inspection/f48569ea-00f7-4ef1-a192-36925a52b2b5_1000.jpg!m_fill,w_280,h_210,f_jpg?from=ke.com
20241021,海淀,清河,101126561320,宝盛北里 奥森 全明两居室 好停车,458万,51852元/平,顶层 (共6层) 2室1厅 | 88.33平米 | 南 北,https://ke-image.ljcdn.com/110000-inspection/pc1_sZVhg0GKi.jpg!m_fill,w_280,h_210,f_jpg?from=ke.com
20241021,海淀,清河,101126555470,莱圳家园 三期 位置好 户型好 诚心出售,565万,80131元/平,中楼层 (共17层) | 2012年 | 2室1厅 | 70.51平米 | 西,https://ke-image.ljcdn.com/110000-inspection/efeda35c-21e0-4fa8-8eff-6ae47dc77bbc_1000.jpg!m_fill,w_280,h_210,f_jpg?from=ke.com
20241021,海淀,清河,101126546259,小营东路7号院 2室1厅 东 西,565万,62932元/平,顶层 (共6层) 2室1厅 | 89.78平米 | 东 西,https://ke-image.ljcdn.com/110000-inspection/66971077-8562-4675-a204-569eaeac619a_1000.jpg!m_fill,w_280,h_210,f_jpg?from=ke.com
20241021,海淀,清河,101126538246,世华龙樾一期西区 南北通透 满五唯一 近地铁两居,620万,81387元/平,底层 (共17层) | 2014年 | 2室1厅 | 76.18平米 | 南 北,https://ke-image.ljcdn.com/110000-inspection/62250d43-95be-4fb2-a614-a8697a91afe6_1000.jpg!m_fill,w_280,h_210,f_jpg?from=ke.com
20241021,海淀,清河,101126536635,小营东路7号院 南北通透三居室 有电梯,898万,66342元/平,中楼层 (共6层) 3室2厅 | 135.36平米 | 南 北,https://ke-image.ljcdn.com/110000-inspection/44ce049b-c022-4a06-8aaa-28d69f82d0a3_1000.jpg!m_fill,w_280,h_210,f_jpg?from=ke.com
20241021,海淀,清河,101126519153,清河永泰西里 精装修 拎包入住 居住安静 近地铁房主自荐,329万,56901元/平,顶层 (共6层) 2室1厅 | 57.82平米 | 南 北,https://ke-image.ljcdn.com/110000-inspection/1710ba55-d5e5-4cc8-b023-8ae580513e0a_1000.jpg!m_fill,w_280,h_210,f_jpg?from=ke.com
20241021,海淀,清河,101126512135,宝盛里中间层两居室满五唯一商品房,599万,68450元/平,中楼层 (共6层) 2室2厅 | 87.51平米 | 南 北,https://ke-image.ljcdn.com/110000-inspection/pc1_RacwcZrpo.jpg!m_fill,w_280,h_210,f_jpg?from=ke.com
20241021,海淀,清河,101126509984,花园楼 2室1厅 南 北,369万,63403元/平,高楼层 (共6层) 2室1厅 | 58.2平米 | 南 北,https://ke-image.ljcdn.com/110000-inspection/caa10e49-d043-4c6d-9fc7-c9381226d150_1000.jpg!m_fill,w_280,h_210,f_jpg?from=ke.com
20241021,海淀,清河,101126507285,橡树湾一期 1室0厅 南,455万,105962元/平,高楼层 (共22层) | 2007年 | 1室0厅 | 42.94平米 | 南,https://ke-image.ljcdn.com/110000-inspection/f7d76232-7e6e-4ae2-87b3-ab2adfec45d6_1000.jpg!m_fill,w_280,h_210,f_jpg?from=ke.com
20241021,海淀,清河,101126502788,海淀清河永泰西里 南北向两居室 采光好 看房方便,425万,60976元/平,底层 (共7层) | 1995年 | 2室1厅 | 69.7平米 | 南 北,https://ke-image.ljcdn.com/110000-inspection/pc1_ggHjjzEz9.jpg!m_fill,w_280,h_210,f_jpg?from=ke.com
20241021,海淀,清河,101126500680,橡树湾一期 主力东南户型 高层视野采光俱佳 保持好,1028万,116567元/平,高楼层 (共18层) | 2007年 | 2室2厅 | 88.19平米 | 东南,https://ke-image.ljcdn.com/110000-inspection/a4aec1a3-b2bc-40d4-a79e-d8b2ca5e1d1d_1000.jpg!m_fill,w_280,h_210,f_jpg?from=ke.com
20241021,海淀,清河,101126498629,观景园 2室1厅 东 西房主自荐,630万,66101元/平,顶层 (共6层) 2室1厅 | 95.31平米 | 东 西,https://ke-image.ljcdn.com/110000-inspection/164eebed-b1bd-4181-aaf6-b8c2730e4963_1000.jpg!m_fill,w_280,h_210,f_jpg?from=ke.com
20241021,海淀,清河,101126488651,砂轮厂宿舍 南北通透两居室 没有出租过 楼层好,430万,67346元/平,中楼层 (共7层) 2室1厅 | 63.85平米 | 南 北,https://ke-image.ljcdn.com/110000-inspection/3d9e2862-ae88-406b-94c4-ca97de76e2ae_1000.jpg!m_fill,w_280,h_210,f_jpg?from=ke.com
20241021,海淀,清河,101126486328,观林园 1室0厅 南,490万,84923元/平,中楼层 (共9层) | 2008年 | 1室0厅 | 57.7平米 | 南,https://ke-image.ljcdn.com/110000-inspection/58bc441f-8303-4c64-bae6-2107ce91b1d1_1000.jpg!m_fill,w_280,h_210,f_jpg?from=ke.com
20241021,海淀,清河,101126457499,水木天成 全明格局 双通透 双卫 落地窗 满五年,710万,68746元/平,底层 (共26层) 2室2厅 | 103.28平米 | 东 西,https://ke-image.ljcdn.com/110000-inspection/390479a2-3471-4d5a-a75b-c654320c2c2e_1000.jpg!m_fill,w_280,h_210,f_jpg?from=ke.com
20241021,海淀,清河,101126449498,清河观景园 南北通透二居室 两个卫生间,799万,76270元/平,底层 (共6层) | 2011年 | 2室1厅 | 104.76平米 | 南 北,https://ke-image.ljcdn.com/110000-inspection/pc1_Ajq8uWAwi.jpg!m_fill,w_280,h_210,f_jpg?from=ke.com
20241021,海淀,清河,101126448023,橡树湾二期 新上眼镜户型 两居室  不临街 不把边,818万,106193元/平,低楼层 (共22层) | 2008年 | 2室2厅 | 77.03平米 | 西,https://ke-image.ljcdn.com/110000-inspection/72fe417f-6c2b-42a0-80f8-07b20adda6dc_1000.jpg!m_fill,w_280,h_210,f_jpg?from=ke.com
20241021,海淀,清河,101126441238,观景园电梯两居室双卫满五年唯一不临街中间层,898万,81927元/平,中楼层 (共6层) 2室1厅 | 109.61平米 | 南 北,https://ke-image.ljcdn.com/110000-inspection/pc1_UCy4G3vBS_1.jpg!m_fill,w_280,h_210,f_jpg?from=ke.com
20241021,海淀,清河,101126439032,清河清缘东里正规三居室满五年诚售。,836万,80385元/平,低楼层 (共13层) 3室1厅 | 104平米 | 西南,https://ke-image.ljcdn.com/110000-inspection/0c6f35db-acf0-42ec-ba64-7b549aea517b_1000.jpg!m_fill,w_280,h_210,f_jpg?from=ke.com
20241021,海淀,清河,101126434865,清缘东里高楼层南北两居一梯两户视野采光好,630万,73702元/平,高楼层 (共13层) | 2003年 | 2室1厅 | 85.48平米 | 南 北,https://ke-image.ljcdn.com/110000-inspection/3d8298b6-6396-44d8-8cdd-3b1aec23895b_1000.jpg!m_fill,w_280,h_210,f_jpg?from=ke.com
20241021,海淀,清河,101126422254,电梯2居  视野开阔  看房方便  精装修,380万,66145元/平,低楼层 (共18层) | 2008年 | 2室1厅 | 57.45平米 | 南 西,https://ke-image.ljcdn.com/110000-inspection/11cd8623-4a82-4e31-b351-833fa177ce67_1000.jpg!m_fill,w_280,h_210,f_jpg?from=ke.com
20241021,海淀,清河,101126419251,观景园 四居室 电梯直达 一梯两居,1445万,84876元/平,中楼层 (共6层) | 2008年 | 4室2厅 | 170.25平米 | 南 西 北,https://ke-image.ljcdn.com/110000-inspection/eb3f9912-8ca0-4b65-aefe-3202390468c9_1000.jpg!m_fill,w_280,h_210,f_jpg?from=ke.com
20241021,海淀,清河,101126413056,满五年唯一商品房 电梯板楼 双地铁 不临街房主自荐,420万,74297元/平,底层 (共10层) 1室1厅 | 56.53平米 | 南,https://ke-image.ljcdn.com/110000-inspection/c322e1e0-07ca-4eee-9871-d8f8c1ce40f1_1000.jpg!m_fill,w_280,h_210,f_jpg?from=ke.com
20241021,海淀,清河,101126405783,美欣家园东西通透两居 满五年唯一,530万,55667元/平,高楼层 (共16层) 2室1厅 | 95.21平米 | 东 西 北,https://ke-image.ljcdn.com/110000-inspection/5fa55fdc-cc79-4395-90df-ebb5a1af44ac_1000.jpg!m_fill,w_280,h_210,f_jpg?from=ke.com
20241021,海淀,清河,101126392202,加气混凝土厂宿舍 3室1厅 南 北,360万,60607元/平,中楼层 (共5层) | 1981年 | 3室1厅 | 59.4平米 | 南 北,https://ke-image.ljcdn.com/110000-inspection/6912bc01-9a9f-48a3-9d04-ed33b35dc45d_1000.jpg!m_fill,w_280,h_210,f_jpg?from=ke.com
20241021,海淀,清河,101126381106,前屯路58号院新上两居靠谱出售南北通透中间层,369万,62332元/平,中楼层 (共6层) 2室1厅 | 59.2平米 | 南 北,https://ke-image.ljcdn.com/110000-inspection/66bf39ce-0a90-4f36-8aa3-bf24d70df464_1000.jpg!m_fill,w_280,h_210,f_jpg?from=ke.com
20241021,海淀,清河,101126367137,永泰园新风景中低楼层南北通透两居室,408万,65490元/平,中楼层 (共6层) 2室1厅 | 62.3平米 | 南 北,https://ke-image.ljcdn.com/110000-inspection/fd904d74-ae7a-4877-bb85-8ba7112de8c1_1000.jpg!m_fill,w_280,h_210,f_jpg?from=ke.com
20241021,海淀,清河,101126349834,观澳园 1室1厅 南 北,440万,63824元/平,顶层 (共5层) 1室1厅 | 68.94平米 | 南 北,https://ke-image.ljcdn.com/110000-inspection/b767acb0-13df-4031-9afb-3327ba297cfd_1000.jpg!m_fill,w_280,h_210,f_jpg?from=ke.com
20241021,海淀,清河,101126335078,力度家园两室两厅两卫户型难得南北通透精装修采光好,800万,71911元/平,低楼层 (共11层) 2室2厅 | 111.25平米 | 南 北,https://ke-image.ljcdn.com/110000-inspection/bc66e50c-7da2-4b03-8d28-2283724b011c_1000.jpg!m_fill,w_280,h_210,f_jpg?from=ke.com
20241021,海淀,清河,101126334615,永泰东里 位置好 精装修 中间层两居 诚心出售房主自荐,420万,68830元/平,中楼层 (共6层) | 1996年 | 2室1厅 | 61.02平米 | 南 北,https://ke-image.ljcdn.com/110000-inspection/c8bf638d-0d9c-4d04-aaf4-550434d2bbd4_1000.jpg!m_fill,w_280,h_210,f_jpg?from=ke.com
20241021,海淀,清河,101126328501,永泰园全南向大三居采光好价格可以谈,910万,57190元/平,低楼层 (共31层) 3室2厅 | 159.12平米 | 南,https://ke-image.ljcdn.com/110000-inspection/f89241ee-890f-4e02-a0c6-82d1fc67eb91_1000.jpg!m_fill,w_280,h_210,f_jpg?from=ke.com
20241021,海淀,清河,101126327210,橡树湾四期 2室2厅 东南,1098万,108735元/平,低楼层 (共20层) | 2013年 | 2室2厅 | 100.98平米 | 东南,https://ke-image.ljcdn.com/110000-inspection/9391cbfa-5194-4164-8d04-51fae4a92e51_1000.jpg!m_fill,w_280,h_210,f_jpg?from=ke.com
20241021,海淀,清河,101126325839,宝盛北里 全南向面宽4.6 视野采光优秀,348万,55958元/平,顶层 (共6层) 1室1厅 | 62.19平米 | 南,https://ke-image.ljcdn.com/110000-inspection/9cc4fd80-c6cc-45a0-bb07-cc13d543b5b1_1000.jpg!m_fill,w_280,h_210,f_jpg?from=ke.com
20241021,海淀,清河,101126325256,永泰园新风景新上南北通透二居室带电梯高楼层,620万,73801元/平,中楼层 (共10层) 2室1厅 | 84.01平米 | 南 北,https://ke-image.ljcdn.com/110000-inspection/3037706e-501e-4b26-ab51-f3bd325d0464_1000.jpg!m_fill,w_280,h_210,f_jpg?from=ke.com
20241021,海淀,清河,101126325159,砂轮厂宿舍两居室  南北通透  明厅,335万,56209元/平,高楼层 (共7层) 2室1厅 | 59.6平米 | 南 北,https://ke-image.ljcdn.com/110000-inspection/97d82eba-e047-4681-a597-a34c981d90ee_1000.jpg!m_fill,w_280,h_210,f_jpg?from=ke.com
20241021,海淀,清河,101126308784,阳光南里 2室1厅 东 东南,390万,60607元/平,中楼层 (共6层) 2室1厅 | 64.35平米 | 东 东南,https://ke-image.ljcdn.com/110000-inspection/31f1fb27-6cb5-4626-a315-760e695b9bad_1000.jpg!m_fill,w_280,h_210,f_jpg?from=ke.com
20241021,海淀,清河,101126303243,高层观景四居室 视野开阔 采光好 位置安静 诚意售,2230万,116444元/平,高楼层 (共25层) | 2014年 | 4室2厅 | 191.51平米 | 南 西 北,https://ke-image.ljcdn.com/110000-inspection/pc1_UsBBTkvP2_1.jpg!m_fill,w_280,h_210,f_jpg?from=ke.com
20241021,海淀,清河,101126302759,清河电信宿舍  南北向两居室  一层  出入方便,323万,64613元/平,底层 (共6层) 2室1厅 | 49.99平米 | 南 北,https://ke-image.ljcdn.com/110000-inspection/ba039df1-4730-49d7-9b03-30ebce525c8d_1000.jpg!m_fill,w_280,h_210,f_jpg?from=ke.com
20241021,海淀,清河,101126284472,燕清源 4室2厅 南 北 东,1298万,79912元/平,顶层 (共28层) 4室2厅 | 162.43平米 | 南 北 东,https://ke-image.ljcdn.com/110000-inspection/acf4adee-d98d-43d4-8457-a34de201ea80_1000.jpg!m_fill,w_280,h_210,f_jpg?from=ke.com
20241021,海淀,清河,101126282053,清河永泰西里 正规两居室 中间层采光好 看房方便,330万,54718元/平,高楼层 (共6层) 2室1厅 | 60.31平米 | 东 西,https://ke-image.ljcdn.com/110000-inspection/0c7255f1-d4ff-4967-a170-d1d7783fd006_1000.jpg!m_fill,w_280,h_210,f_jpg?from=ke.com
20241021,海淀,清河,101126274517,清缘东里小区中间位置中间楼层落地窗,570万,66620元/平,中楼层 (共13层) 2室1厅 | 85.56平米 | 东北,https://ke-image.ljcdn.com/110000-inspection/127d0490-9cdb-4210-8907-918bdee3c73f_1000.jpg!m_fill,w_280,h_210,f_jpg?from=ke.com
20241021,海淀,清河,101126260224,橡树湾四期 2室1厅 西南,1200万,116982元/平,中楼层 (共20层) | 2013年 | 2室1厅 | 102.58平米 | 西南,https://ke-image.ljcdn.com/110000-inspection/4d310338-03f1-4133-8e36-1a2632a55b95_1000.jpg!m_fill,w_280,h_210,f_jpg?from=ke.com
20241021,海淀,清河,101126258072,清缘里中区电梯直达三居室欢迎来访,740万,62995元/平,中楼层 (共13层) | 2003年 | 3室1厅 | 117.47平米 | 东南,https://ke-image.ljcdn.com/110000-inspection/2bce9b99-0e52-46ef-80e7-2e04a7b8f59a_1000.jpg!m_fill,w_280,h_210,f_jpg?from=ke.com
20241021,海淀,清河,101126254525,毛纺厂南小区 2室1厅 南 北,379万,63167元/平,中楼层 (共6层) 2室1厅 | 60平米 | 南 北,https://ke-image.ljcdn.com/110000-inspection/913e7c63-4fda-4e4c-9a69-12c928d78082_1000.jpg!m_fill,w_280,h_210,f_jpg?from=ke.com
20241021,海淀,清河,101126246766,水木天成 南向一居室 落地窗 不临街 阳光充足,420万,60484元/平,高楼层 (共28层) 1室1厅 | 69.44平米 | 南,https://ke-image.ljcdn.com/110000-inspection/pc1_ZMeL0qWTV.jpg!m_fill,w_280,h_210,f_jpg?from=ke.com
20241021,海淀,清河,101126242668,精装两居 满五年唯一 不临街,1050万,119062元/平,低楼层 (共18层) | 2007年 | 2室2厅 | 88.19平米 | 南 西,https://ke-image.ljcdn.com/110000-inspection/7e5b1e5a-b1ae-4f8b-8503-b2a1fba036ec_1000.jpg!m_fill,w_280,h_210,f_jpg?from=ke.com
20241021,海淀,清河,101126235473,橡树湾二期  正规主力户型 两居 户型方正 无浪费,1030万,115110元/平,中楼层 (共11层) | 2009年 | 2室2厅 | 89.48平米 | 东南,https://ke-image.ljcdn.com/110000-inspection/9ef37fca-df0d-4622-beec-a7463c6331c1_1000.jpg!m_fill,w_280,h_210,f_jpg?from=ke.com
20241021,海淀,清河,101126232198,观林园 2室2厅 南 北,940万,85084元/平,中楼层 (共6层) 2室2厅 | 110.48平米 | 南 北,https://ke-image.ljcdn.com/110000-inspection/79e8bacf-d371-42f2-a8d9-36a6c437a5e6_1000.jpg!m_fill,w_280,h_210,f_jpg?from=ke.com
20241021,海淀,清河,101126226037,永泰园新上南北通透二居室中间楼层,610万,65663元/平,中楼层 (共6层) 2室1厅 | 92.9平米 | 南 北,https://ke-image.ljcdn.com/110000-inspection/e440b53e-fc3a-4c83-b879-8e96c392ce24_1000.jpg!m_fill,w_280,h_210,f_jpg?from=ke.com
20241021,海淀,清河,101126221351,橡树湾三期  南北通透  全明格局 三居 满五唯一,1798万,115095元/平,低楼层 (共18层) | 2011年 | 3室2厅 | 156.22平米 | 南 北,https://ke-image.ljcdn.com/110000-inspection/0c3de37a-b83d-4160-b8ee-e87e6ade4b66_1000.jpg!m_fill,w_280,h_210,f_jpg?from=ke.com
20241021,海淀,清河,101126220368,新上南北通透三居室小区中间位置,750万,81310元/平,高楼层 (共6层) 3室1厅 | 92.24平米 | 南 北,https://ke-image.ljcdn.com/110000-inspection/pc1_utPoMefUe_1.jpg!m_fill,w_280,h_210,f_jpg?from=ke.com
20241021,海淀,清河,101126219641,橡树湾三期 2室1厅 南 北,825万,100256元/平,低楼层 (共18层) | 2011年 | 2室1厅 | 82.29平米 | 南 北,https://ke-image.ljcdn.com/110000-inspection/pc1_hw5fHIn8n_1.jpg!m_fill,w_280,h_210,f_jpg?from=ke.com
20241021,海淀,清河,101126215904,永泰东里 1室1厅 南,330万,72037元/平,低楼层 (共6层) 1室1厅 | 45.81平米 | 南,https://ke-image.ljcdn.com/110000-inspection/41356221-b727-4498-a9ed-1b408beff04e_1000.jpg!m_fill,w_280,h_210,f_jpg?from=ke.com
20241021,海淀,清河,101126215045,清缘东里观河电梯两居室 购买仅有契税,550万,64223元/平,低楼层 (共13层) 2室1厅 | 85.64平米 | 东 北,https://ke-image.ljcdn.com/110000-inspection/b2caf78c-4ee5-4960-be6f-7e25e826dcb4_1000.jpg!m_fill,w_280,h_210,f_jpg?from=ke.com
20241021,海淀,清河,101126212302,永泰园新风景三层无遮挡02年商品房。,568万,61023元/平,中楼层 (共6层) | 2003年 | 2室1厅 | 93.08平米 | 南 北,https://ke-image.ljcdn.com/110000-inspection/pc1_ok7zzlKdt_1.jpg!m_fill,w_280,h_210,f_jpg?from=ke.com
20241021,海淀,清河,101126209204,清缘东里新上南北两居小区中间位置公摊小,540万,66487元/平,底层 (共10层) | 2003年 | 2室1厅 | 81.22平米 | 南 北,https://ke-image.ljcdn.com/110000-inspection/0bce2eab-2705-4ed3-9a19-74cd739ce0aa_1000.jpg!m_fill,w_280,h_210,f_jpg?from=ke.com
20241021,海淀,清河,101126207534,金隅美和园 1室1厅 东 西,410万,67214元/平,底层 (共9层) | 2008年 | 1室1厅 | 61平米 | 东 西,https://ke-image.ljcdn.com/110000-inspection/fdf0b08b-304c-48a4-82e9-c11628916d4e_1000.jpg!m_fill,w_280,h_210,f_jpg?from=ke.com
20241021,海淀,清河,101126194597,观林园 2室2厅 东 西,800万,66303元/平,低楼层 (共6层) 2室2厅 | 120.66平米 | 东 西,https://ke-image.ljcdn.com/110000-inspection/pc1_b0P8BzH8s_1.jpg!m_fill,w_280,h_210,f_jpg?from=ke.com
20241021,海淀,清河,101126178247,永泰园电梯商品房03年钢混看房有钥匙。,625万,54529元/平,低楼层 (共31层) 2室1厅 | 114.62平米 | 东北,https://ke-image.ljcdn.com/110000-inspection/pc1_GZ56ZebFd_1.jpg!m_fill,w_280,h_210,f_jpg?from=ke.com
20241021,海淀,清河,101126175865,永泰庄甲6号院 2室1厅 南 北,360万,65100元/平,顶层 (共6层) | 1986年 | 2室1厅 | 55.3平米 | 南 北,https://ke-image.ljcdn.com/110000-inspection/e92195a7-ddc9-42be-ae22-8d4e230676bd_1000.jpg!m_fill,w_280,h_210,f_jpg?from=ke.com
20241021,海淀,清河,101126170026,橡树湾三期 高层主力 西南 两居室 采光视野俱佳,1050万,105074元/平,高楼层 (共20层) | 2011年 | 2室2厅 | 99.93平米 | 西南,https://ke-image.ljcdn.com/110000-inspection/pc1_PmxF7FqIe_1.jpg!m_fill,w_280,h_210,f_jpg?from=ke.com
20241021,海淀,清河,101126168808,强佑清河新城府学上院东向两居室,668万,75677元/平,中楼层 (共27层) | 2012年 | 2室1厅 | 88.27平米 | 东,https://ke-image.ljcdn.com/110000-inspection/5de9aae5-9f6f-4a96-848b-d973edc36181_1000.jpg!m_fill,w_280,h_210,f_jpg?from=ke.com
20241021,海淀,清河,101126155170,毛纺厂南小区满五年住宅中间层 东南朝向光线好,328万,60184元/平,中楼层 (共6层) 2室1厅 | 54.5平米 | 东南,https://ke-image.ljcdn.com/110000-inspection/8e30771d-2051-43b4-9def-fa15e518dce0_1000.jpg!m_fill,w_280,h_210,f_jpg?from=ke.com
20241021,海淀,清河,101126154737,清河永泰园正规一居室南向满五年诚售。,380万,68174元/平,低楼层 (共6层) | 2000年 | 1室1厅 | 55.74平米 | 南,https://ke-image.ljcdn.com/110000-inspection/c2de845c-3db5-48e1-a20a-4d928f36b54c_1000.jpg!m_fill,w_280,h_210,f_jpg?from=ke.com
20241021,海淀,清河,101126141446,萬橡府 精装修四居室 位置好 不临街 稳定出售,3300万,138255元/平,低楼层 (共22层) 4室2厅 | 238.69平米 | 南 北,https://ke-image.ljcdn.com/110000-inspection/pc1_D5DiuPyae_1.jpg!m_fill,w_280,h_210,f_jpg?from=ke.com
20241021,海淀,清河,101126131050,芳清园 3室1厅 南 北,850万,77063元/平,底层 (共9层) | 2007年 | 3室1厅 | 110.3平米 | 南 北,https://ke-image.ljcdn.com/110000-inspection/6f763ea5-faf9-49bf-b499-af5b2257b7dd_1000.jpg!m_fill,w_280,h_210,f_jpg?from=ke.com
20241021,海淀,清河,101126106089,清缘里  明厅两居室 不临街 安静采光好 满五唯一房主自荐,409万,56672元/平,中楼层 (共7层) | 1998年 | 2室1厅 | 72.17平米 | 东 西,https://ke-image.ljcdn.com/110000-inspection/8505e8b6-c5a9-4ad8-a3fb-8250a85d1a1e_1000.jpg!m_fill,w_280,h_210,f_jpg?from=ke.com
20241021,海淀,清河,101126105892,宝盛里 1室1厅 南,345万,69669元/平,底层 (共6层) 1室1厅 | 49.52平米 | 南,https://ke-image.ljcdn.com/110000-inspection/pc1_6PBNiJlEt_1.jpg!m_fill,w_280,h_210,f_jpg?from=ke.com
20241021,海淀,清河,101126074619,清河小营东路5号院 南北通透 中楼层 满二年 精装房主自荐,365万,68353元/平,中楼层 (共5层) 2室1厅 | 53.4平米 | 南 北,https://ke-image.ljcdn.com/110000-inspection/8664f2b6-e6e7-4fd3-973d-7b27b773517e_1000.jpg!m_fill,w_280,h_210,f_jpg?from=ke.com
20241021,海淀,清河,101126046112,萬橡府小区中间位置不临街安静,2900万,154965元/平,中楼层 (共16层) 4室2厅 | 187.14平米 | 南 北,https://ke-image.ljcdn.com/110000-inspection/6b5f5f92-4040-4904-b237-a2be0e07c4a6_1000.jpg!m_fill,w_280,h_210,f_jpg?from=ke.com
20241021,海淀,清河,101126038824,清河小营东160米电力宿舍满五,410万,58497元/平,顶层 (共14层) 2室1厅 | 70.09平米 | 南 西,https://ke-image.ljcdn.com/110000-inspection/93ed8dfa-19b2-4b8e-b255-b787fa17614b_1000.jpg!m_fill,w_280,h_210,f_jpg?from=ke.com
20241021,海淀,清河,101126029982,信息学院家属楼  年底满五唯一 精装修 明厨明卫,398万,70319元/平,中楼层 (共5层) 2室1厅 | 56.6平米 | 南 北,https://ke-image.ljcdn.com/110000-inspection/47d93996-7002-48a2-b06a-563dea974b14_1000.jpg!m_fill,w_280,h_210,f_jpg?from=ke.com
20241021,海淀,清河,101126024771,毛纺厂南小区 3室1厅 南 北,420万,60607元/平,顶层 (共6层) | 1986年 | 3室1厅 | 69.3平米 | 南 北,https://ke-image.ljcdn.com/110000-inspection/pc1_FyWmKa3XC_1.jpg!m_fill,w_280,h_210,f_jpg?from=ke.com
20241021,海淀,清河,101126010998,满五唯一 低楼层 南北两居 不临街,350万,63986元/平,中楼层 (共6层) 2室1厅 | 54.7平米 | 南 北,https://ke-image.ljcdn.com/110000-inspection/pc1_AqmSkIpaO_1.jpg!m_fill,w_280,h_210,f_jpg?from=ke.com
20241021,海淀,清河,101125992946,阳光南里 看房方便 诚意出售  价格能谈,380万,73501元/平,底层 (共6层) 1室1厅 | 51.7平米 | 东南,https://ke-image.ljcdn.com/110000-inspection/pc1_fSvdg34zh_1.jpg!m_fill,w_280,h_210,f_jpg?from=ke.com
20241021,海淀,清河,101125983240,海淀产权 满五唯一  南北通透  三居室 近奥森,890万,70030元/平,中楼层 (共7层) 3室1厅 | 127.09平米 | 南 北,https://ke-image.ljcdn.com/110000-inspection/59fe1fb7-239a-4aca-85e5-281252de2c9d_1000.jpg!m_fill,w_280,h_210,f_jpg?from=ke.com
20241021,海淀,清河,101125981804,落地窗 满五唯一 精装修 两室两卫  诚意出售房主自荐,718万,66255元/平,低楼层 (共21层) | 2004年 | 2室1厅 | 108.37平米 | 东 西,https://ke-image.ljcdn.com/110000-inspection/520ac4cc-b63d-4e1f-b9c8-f59bd3d40511_1000.jpg!m_fill,w_280,h_210,f_jpg?from=ke.com
20241021,海淀,清河,101125977616,全明格局 电梯房 东南向两居 无遮挡 视野开阔,660万,63261元/平,高楼层 (共20层) | 2010年 | 2室2厅 | 104.33平米 | 东 南,https://ke-image.ljcdn.com/110000-inspection/a9d7ef7c-e981-4aa0-a0c7-8f01d0418018_1000.jpg!m_fill,w_280,h_210,f_jpg?from=ke.com
20241021,海淀,清河,101125973633,宝盛里 1室1厅 南,340万,64043元/平,中楼层 (共6层) 1室1厅 | 53.09平米 | 南,https://ke-image.ljcdn.com/110000-inspection/a8783148-28b4-4824-92d2-6a2b82f549a0_1000.jpg!m_fill,w_280,h_210,f_jpg?from=ke.com
20241021,海淀,清河,101125943318,永泰园 2室1厅 南 北,499万,80097元/平,低楼层 (共6层) | 1997年 | 2室1厅 | 62.3平米 | 南 北,https://ke-image.ljcdn.com/110000-inspection/pc1_7VGiUKLdO_1.jpg!m_fill,w_280,h_210,f_jpg?from=ke.com
20241021,海淀,清河,101125938611,橡树湾三期南北通透业主自住保持好户型方正合理房主自荐,1800万,112255元/平,低楼层 (共20层) | 2011年 | 3室1厅 | 160.35平米 | 南 北,https://ke-image.ljcdn.com/110000-inspection/f2f3483e-1a85-427e-83a2-6d466c2ee921_1000.jpg!m_fill,w_280,h_210,f_jpg?from=ke.com
20241021,海淀,清河,101125938068,宝盛北里西区南北通透两居室 业主诚售 满五年唯一,459万,53113元/平,顶层 (共6层) 2室2厅 | 86.42平米 | 南 北,https://ke-image.ljcdn.com/110000-inspection/pc1_76nnFkK9c_1.jpg!m_fill,w_280,h_210,f_jpg?from=ke.com
20241021,海淀,清河,101125931750,清景园 商品房小区中间位置不临街南北通透,738万,74985元/平,低楼层 (共13层) 2室1厅 | 98.42平米 | 南 北,https://ke-image.ljcdn.com/110000-inspection/pc1_JPseLreIR_1.jpg!m_fill,w_280,h_210,f_jpg?from=ke.com
20241021,海淀,清河,101125911369,清缘东里二期南北通透三居两卫前后花园看房有钥匙,950万,84845元/平,底层 (共13层) | 2005年 | 3室2厅 | 111.97平米 | 南 北,https://ke-image.ljcdn.com/110000-inspection/977731cf-18b1-4eea-b8ca-c8d4f2711e50_1000.jpg!m_fill,w_280,h_210,f_jpg?from=ke.com
20241021,海淀,清河,101125895157,清缘东里临河观景两居室一梯两户满五唯一,815万,88290元/平,低楼层 (共13层) | 2005年 | 2室1厅 | 92.31平米 | 南 北,https://ke-image.ljcdn.com/110000-inspection/e670f7cd-3ec4-437c-ab99-da496cd549c3_1000.jpg!m_fill,w_280,h_210,f_jpg?from=ke.com
20241021,海淀,清河,101125892748,永泰园南向三居室产权清晰楼层好视野开阔,925万,66266元/平,低楼层 (共31层) 3室2厅 | 139.59平米 | 东南,https://ke-image.ljcdn.com/110000-inspection/pc1_yKA9KSaPP_1.jpg!m_fill,w_280,h_210,f_jpg?from=ke.com
20241021,海淀,清河,101125889638,强佑清河新城府学上院 精装修两居室 次新房 可以看,850万,72310元/平,低楼层 (共18层) | 2020年 | 2室2厅 | 117.55平米 | 南 北,https://ke-image.ljcdn.com/110000-inspection/6f447175-8b00-4be7-b608-c6fb0dcdc7c4_1000.jpg!m_fill,w_280,h_210,f_jpg?from=ke.com
20241021,海淀,清河,101125878187,永泰西里 新上三居 满五唯一 南北通透 看房方便房主自荐,465万,66639元/平,中楼层 (共6层) 3室1厅 | 69.78平米 | 东 南 北,https://ke-image.ljcdn.com/110000-inspection/b51c952b-ebc2-4c60-9efb-16f509cf4e43_1000.jpg!m_fill,w_280,h_210,f_jpg?from=ke.com
20241021,海淀,清河,101125859495,海淀清河621小区三室两卫南北通透中间楼栋靠谱出售房主自荐,530万,71046元/平,顶层 (共6层) 3室1厅 | 74.6平米 | 南 北,https://ke-image.ljcdn.com/110000-inspection/0a3579ba-a346-40d5-9e6a-c3f23e6d236f_1000.jpg!m_fill,w_280,h_210,f_jpg?from=ke.com
20241021,海淀,清河,101125853967,砂轮厂宿舍南向一居室出售看房方便,340万,74562元/平,顶层 (共5层) 1室1厅 | 45.6平米 | 南,https://ke-image.ljcdn.com/110000-inspection/898cb55c-7e83-4e75-b9cf-26c3047af910_1000.jpg!m_fill,w_280,h_210,f_jpg?from=ke.com
20241021,海淀,清河,101125852972,毛纺厂南小区房子满五年唯一低楼层不临街楼龄新,380万,69217元/平,中楼层 (共6层) | 1981年 | 2室1厅 | 54.9平米 | 东 南,https://ke-image.ljcdn.com/110000-inspection/3bf30a4d-1af2-44c3-a55b-dea9feab6aad_1000.jpg!m_fill,w_280,h_210,f_jpg?from=ke.com
20241021,海淀,清河,101125851068,永泰园 2室1厅 南 北,400万,64206元/平,高楼层 (共6层) 2室1厅 | 62.3平米 | 南 北,https://ke-image.ljcdn.com/110000-inspection/pc1_1GKdnG5sS_1.jpg!m_fill,w_280,h_210,f_jpg?from=ke.com
20241021,海淀,清河,101125835452,清河芳清园 东向一居室 满五唯一 全明格局视野好,575万,73091元/平,高楼层 (共9层) | 2007年 | 1室1厅 | 78.67平米 | 东,https://ke-image.ljcdn.com/110000-inspection/pc1_pkHKidK8V_1.jpg!m_fill,w_280,h_210,f_jpg?from=ke.com
20241021,海淀,清河,101125799986,小营干休所 电梯直达  正规四居 产权清晰 靠谱卖,630万,63934元/平,低楼层 (共18层) | 2008年 | 4室2厅 | 98.54平米 | 西南,https://ke-image.ljcdn.com/110000-inspection/pc1_Plr0kxuSi_1.jpg!m_fill,w_280,h_210,f_jpg?from=ke.com
20241021,海淀,清河,101125796692,海淀清河永泰西里 南北通透两居,340万,58722元/平,顶层 (共6层) | 1998年 | 2室1厅 | 57.9平米 | 南 北,https://ke-image.ljcdn.com/110000-inspection/pc1_SR8RmIfIX_1.jpg!m_fill,w_280,h_210,f_jpg?from=ke.com
20241021,海淀,清河,101125794961,清缘东里新上高楼层全南向两居室视野开阔,660万,75291元/平,高楼层 (共19层) 2室1厅 | 87.66平米 | 南,https://ke-image.ljcdn.com/110000-inspection/40027285-bd93-4bd5-b605-151c4ead22f8_1000.jpg!m_fill,w_280,h_210,f_jpg?from=ke.com
20241021,海淀,清河,101125783394,清缘里中区南北通透两居室欢迎来访,450万,67568元/平,中楼层 (共10层) | 1998年 | 2室1厅 | 66.6平米 | 南 北,https://ke-image.ljcdn.com/110000-inspection/eea1b528-7384-472f-b8aa-077b9f3dbaba_1000.jpg!m_fill,w_280,h_210,f_jpg?from=ke.com
20241021,海淀,清河,101125732701,观林园五个阳台东西通透大四居,1220万,64258元/平,低楼层 (共6层) 4室2厅 | 189.86平米 | 东 西,https://ke-image.ljcdn.com/110000-inspection/pc1_zhSzzaRZR_1.jpg!m_fill,w_280,h_210,f_jpg?from=ke.com
20241021,海淀,清河,101125692439,橡林郡 高新小区品质社区有电梯五彩城商超,620万,101840元/平,中楼层 (共21层) 1室1厅 | 60.88平米 | 西,https://ke-image.ljcdn.com/110000-inspection/pc1_bRwAYXsDc_1.jpg!m_fill,w_280,h_210,f_jpg?from=ke.com
20241021,海淀,清河,101125690835,橡树湾四期南向高层采光视野棒观小区花园,1198万,120101元/平,中楼层 (共25层) | 2014年 | 2室1厅 | 99.75平米 | 西南,https://ke-image.ljcdn.com/110000-inspection/pc1_nDOwXcXAl_1.jpg!m_fill,w_280,h_210,f_jpg?from=ke.com
20241021,海淀,清河,101125687909,力度家园 满五年唯一两居 一层两户板楼 东西通透房主自荐,760万,67652元/平,中楼层 (共14层) 2室2厅 | 112.34平米 | 西 东,https://ke-image.ljcdn.com/110000-inspection/70f80b96-85fa-4fd0-bb39-d87d9ffc3480_1000.jpg!m_fill,w_280,h_210,f_jpg?from=ke.com
20241021,海淀,清河,101125683553,临河 观景 两居 南北通透 带电梯 首套契税1%房主自荐,425万,64995元/平,高楼层 (共10层) | 1998年 | 2室1厅 | 65.39平米 | 南 北,https://ke-image.ljcdn.com/110000-inspection/pc1_vBziC7By9.jpg!m_fill,w_280,h_210,f_jpg?from=ke.com
20241021,海淀,清河,101125666660,强佑清河新城府学上院 1室1厅 东,272万,84578元/平,中楼层 (共24层) | 2020年 | 1室1厅 | 32.16平米 | 东,https://ke-image.ljcdn.com/110000-inspection/5878dfbf-89d8-462f-92c2-1afc723b9ac8_1000.jpg!m_fill,w_280,h_210,f_jpg?from=ke.com
20241021,海淀,清河,101125649512,莱圳家园 1室0厅 南,370万,86429元/平,中楼层 (共16层) | 2009年 | 1室0厅 | 42.81平米 | 南,https://ke-image.ljcdn.com/110000-inspection/512325ff-2eff-44f9-945e-b992bf696625_1000.jpg!m_fill,w_280,h_210,f_jpg?from=ke.com
20241021,海淀,清河,101125643218,橡树湾三期 高层观景 自住保养好 诚意卖 无遮挡,800万,110406元/平,高楼层 (共18层) | 2011年 | 1室1厅 | 72.46平米 | 东,https://ke-image.ljcdn.com/110000-inspection/pc1_qTSdNgClH_1.jpg!m_fill,w_280,h_210,f_jpg?from=ke.com
20241021,海淀,清河,101125642387,后屯路32号院一层南北通透满五近地铁8号线看房方便,435万,80706元/平,底层 (共6层) 2室1厅 | 53.9平米 | 南 北,https://ke-image.ljcdn.com/110000-inspection/pc1_fPz66oaIa.jpg!m_fill,w_280,h_210,f_jpg?from=ke.com
20241021,海淀,清河,101125631733,永泰东里 2室1厅 南 北,385万,65166元/平,中楼层 (共6层) | 2002年 | 2室1厅 | 59.08平米 | 南 北,https://ke-image.ljcdn.com/110000-inspection/0713ac97-1d55-409a-82b6-82383f8243c3_1000.jpg!m_fill,w_280,h_210,f_jpg?from=ke.com
20241021,海淀,清河,101125588992,永泰园 1室1厅 南,270万,80646元/平,顶层 (共10层) 1室1厅 | 33.48平米 | 南,https://ke-image.ljcdn.com/110000-inspection/4d281b84-1df4-4bba-8983-dba3051ee5f8_1000.jpg!m_fill,w_280,h_210,f_jpg?from=ke.com
20241021,海淀,清河,101125584286,清河永泰西里 精装修 看房随时 诚心出售 购房成本,406万,69928元/平,高楼层 (共6层) 2室1厅 | 58.06平米 | 南 北,https://ke-image.ljcdn.com/110000-inspection/pc1_zLiLHLXYN_1.jpg!m_fill,w_280,h_210,f_jpg?from=ke.com
20241021,海淀,清河,101125583509,清缘东里板楼南北两居小区中间位置,595万,74787元/平,高楼层 (共6层) 2室1厅 | 79.56平米 | 南 北,https://ke-image.ljcdn.com/110000-inspection/12903db0-f6b4-4dbc-94a8-572be0f89f15_1000.jpg!m_fill,w_280,h_210,f_jpg?from=ke.com
20241021,海淀,清河,101125540535,强佑清河新城府学上院 3室2厅 南 北,1136万,92231元/平,高楼层 (共24层) | 2020年 | 3室2厅 | 123.17平米 | 南 北,https://ke-image.ljcdn.com/110000-inspection/pc1_pX8pfmGu8_1.jpg!m_fill,w_280,h_210,f_jpg?from=ke.com
20241021,海淀,清河,101125540470,清河毛纺厂南小区 小区中间位置 此房南北三居出售,445万,64122元/平,高楼层 (共6层) | 1988年 | 3室1厅 | 69.4平米 | 南,https://ke-image.ljcdn.com/110000-inspection/38eb4da5-f43f-4cb6-a22a-9f3c502ca9a3_1000.jpg!m_fill,w_280,h_210,f_jpg?from=ke.com
20241021,海淀,清河,101125540179,昆鹏小区 3室1厅 东 南 北,470万,53270元/平,低楼层 (共6层) 3室1厅 | 88.23平米 | 东 南 北,https://ke-image.ljcdn.com/110000-inspection/1ff17090-ab85-4083-8cf5-0be34929e4c1_1000.jpg!m_fill,w_280,h_210,f_jpg?from=ke.com
20241021,海淀,清河,101125532379,清河 福美苑 南北通透两居室 满五唯一商品房,650万,72602元/平,低楼层 (共16层) | 2012年 | 2室1厅 | 89.53平米 | 南 北,https://ke-image.ljcdn.com/110000-inspection/bb7a382a-157b-4500-9a98-d6dda41118a3_1000.jpg!m_fill,w_280,h_210,f_jpg?from=ke.com
20241021,海淀,清河,101125523287,永泰庄6号院 2室1厅 南 北,380万,66110元/平,中楼层 (共6层) 2室1厅 | 57.48平米 | 南 北,https://ke-image.ljcdn.com/110000-inspection/558cb669-7704-4808-bef1-8c3369b8adfb_1000.jpg!m_fill,w_280,h_210,f_jpg?from=ke.com
20241021,海淀,清河,101125509229,清缘里中区 3室1厅 西南,550万,55360元/平,低楼层 (共13层) | 2003年 | 3室1厅 | 99.35平米 | 西南,https://ke-image.ljcdn.com/110000-inspection/0a7bb3d5-7a62-4b4b-82e8-54cd1c10d13a_1000.jpg!m_fill,w_280,h_210,f_jpg?from=ke.com
20241021,海淀,清河,101125507464,莱圳家园 双通透 户型方正 视野宽阔,880万,92975元/平,中楼层 (共13层) 2室2厅 | 94.65平米 | 东 西,https://ke-image.ljcdn.com/110000-inspection/044a2bf2-f18d-43d1-afa4-57c48e208e95_1000.jpg!m_fill,w_280,h_210,f_jpg?from=ke.com
20241021,海淀,清河,101125496628,清河 卫生局宿舍 正规三居室 面积大 空间舒适,520万,56993元/平,底层 (共6层) 3室1厅 | 91.24平米 | 南 北,https://ke-image.ljcdn.com/110000-inspection/d240ea7e-c7c3-4273-b8d7-e5596bde9e9d_1000.jpg!m_fill,w_280,h_210,f_jpg?from=ke.com
20241021,海淀,清河,101125493077,毛纺厂南小区南向一居室精装修有车位,270万,77143元/平,底层 (共6层) | 1993年 | 1室1厅 | 35平米 | 南,https://ke-image.ljcdn.com/110000-inspection/e5286260-8b5c-4e03-ad5c-700dc2564df4_1000.jpg!m_fill,w_280,h_210,f_jpg?from=ke.com
20241021,海淀,清河,101125490891,橡树湾一期 全明格局两居 中高楼层 满五年唯一房主自荐,1160万,130616元/平,中楼层 (共22层) | 2007年 | 2室1厅 | 88.81平米 | 西南,https://ke-image.ljcdn.com/110000-inspection/504a0a44-e06c-4fb9-8b05-3d326077f81f_1000.jpg!m_fill,w_280,h_210,f_jpg?from=ke.com
20241021,海淀,清河,101125486335,毛纺厂南小区南向两居室低楼层满五年唯一,340万,65010元/平,中楼层 (共5层) 2室1厅 | 52.3平米 | 南,https://ke-image.ljcdn.com/110000-inspection/pc1_DzMylPo7N_1.jpg!m_fill,w_280,h_210,f_jpg?from=ke.com
20241021,海淀,清河,101125471254,芳清园小区南北通透三居室满五唯一,999万,77060元/平,低楼层 (共9层) | 2007年 | 3室1厅 | 129.64平米 | 南 北,https://ke-image.ljcdn.com/110000-inspection/163e20a5-2201-43d6-b3a3-adac2c412c40_1000.jpg!m_fill,w_280,h_210,f_jpg?from=ke.com
20241021,海淀,清河,101125470326,南北通透 四居室 低楼层 位置安静 诚意出售,1500万,104705元/平,低楼层 (共15层) | 2009年 | 4室2厅 | 143.26平米 | 南 北,https://ke-image.ljcdn.com/110000-inspection/pc1_fEd69tVfx_1.jpg!m_fill,w_280,h_210,f_jpg?from=ke.com
20241021,海淀,清河,101125444684,清河福美苑 正规西南两居室 中间层 采光好,460万,52656元/平,低楼层 (共21层) | 2012年 | 2室1厅 | 87.36平米 | 南 西,https://ke-image.ljcdn.com/110000-inspection/f3834044-56b3-47a3-be70-107516ff4af8_1000.jpg!m_fill,w_280,h_210,f_jpg?from=ke.com
20241021,海淀,清河,101125443094,满五唯一   双卫两居 三面采光 楼下还有地铁,860万,78842元/平,低楼层 (共28层) 2室1厅 | 109.08平米 | 东 南 北,https://ke-image.ljcdn.com/110000-inspection/f5c4259f-ff65-4563-880f-2b2375fdb0a1_1000.jpg!m_fill,w_280,h_210,f_jpg?from=ke.com
20241021,海淀,清河,101125442531,永泰园 2室1厅 南,370万,73971元/平,中楼层 (共5层) 2室1厅 | 50.02平米 | 南,https://ke-image.ljcdn.com/110000-inspection/42273727-eb6e-4ecc-b9e1-3394242edb39_1000.jpg!m_fill,w_280,h_210,f_jpg?from=ke.com
20241021,海淀,清河,101125439171,清河清缘东里南北两居室满五年对花园诚售。,718万,79302元/平,底层 (共9层) 2室1厅 | 90.54平米 | 南 北,https://ke-image.ljcdn.com/110000-inspection/pc1_oWEo6S39w_1.jpg!m_fill,w_280,h_210,f_jpg?from=ke.com
20241021,海淀,清河,101125427947,清缘东里 前后花园两居 视野好 有电梯板楼 不临街,599万,70587元/平,中楼层 (共10层) | 2003年 | 2室1厅 | 84.86平米 | 东 西,https://ke-image.ljcdn.com/110000-inspection/fea639b3-aa11-4df3-bc13-bde44f09e9de_1000.jpg!m_fill,w_280,h_210,f_jpg?from=ke.com
20241021,海淀,清河,101125426438,永泰庄甲6号院 2室1厅 东 西,400万,71685元/平,中楼层 (共6层) 2室1厅 | 55.8平米 | 东 西,https://ke-image.ljcdn.com/110000-inspection/fe82aa1b-38fd-40cf-9796-0d296080220b_1000.jpg!m_fill,w_280,h_210,f_jpg?from=ke.com
20241021,海淀,清河,101125412639,清河力度家园  南北通透大三居  明厨明卫,1188万,90212元/平,低楼层 (共11层) 3室2厅 | 131.69平米 | 南 北,https://ke-image.ljcdn.com/110000-inspection/pc1_RKvvALCdZ_1.jpg!m_fill,w_280,h_210,f_jpg?from=ke.com
20241021,海淀,清河,101125402892,橡林郡 1室1厅 西房主自荐,599万,100978元/平,顶层 (共21层) | 2020年 | 1室1厅 | 59.32平米 | 西,https://ke-image.ljcdn.com/110000-inspection/422f63fc-cc6e-4936-9aac-a563c8fc6d75_1000.jpg!m_fill,w_280,h_210,f_jpg?from=ke.com
20241021,海淀,清河,101125371262,强佑清河新城府学上院 2室1厅 东,670万,75630元/平,高楼层 (共27层) | 2009年 | 2室1厅 | 88.59平米 | 东,https://ke-image.ljcdn.com/110000-inspection/pc1_K94cI8YnY_1.jpg!m_fill,w_280,h_210,f_jpg?from=ke.com
20241021,海淀,清河,101125360810,金隅美和园东区 南北向 位置好 采光好,598万,74249元/平,中楼层 (共7层) | 2009年 | 2室1厅 | 80.54平米 | 南 北,https://ke-image.ljcdn.com/110000-inspection/6e05924e-1806-4207-8ef9-c60b74d76f1e_1000.jpg!m_fill,w_280,h_210,f_jpg?from=ke.com
20241021,海淀,清河,101125353674,花园楼 2室1厅 南,345万,77182元/平,底层 (共6层) 2室1厅 | 44.7平米 | 南,https://ke-image.ljcdn.com/110000-inspection/pc1_flPW1B2II_1.jpg!m_fill,w_280,h_210,f_jpg?from=ke.com
20241021,海淀,清河,101125350669,强佑清河新城府学上院 2室1厅 南,590万,77266元/平,顶层 (共24层) | 2020年 | 2室1厅 | 76.36平米 | 南,https://ke-image.ljcdn.com/110000-inspection/584e4a55-b6a9-49d1-b3be-bef7853f58ea_1000.jpg!m_fill,w_280,h_210,f_jpg?from=ke.com
20241021,海淀,清河,101125341247,昆鹏小区 南北通透三居 户型好,380万,43084元/平,顶层 (共6层) 3室1厅 | 88.2平米 | 南 北,https://ke-image.ljcdn.com/110000-inspection/pc1_xwiJ2k4Kf.jpg!m_fill,w_280,h_210,f_jpg?from=ke.com
20241021,海淀,清河,101125336420,宝盛北里2004年小区 南北通透 满五唯一商品房房主自荐,460万,53075元/平,顶层 (共6层) 2室2厅 | 86.67平米 | 南 北,https://ke-image.ljcdn.com/110000-inspection/25bc1d58-b8b8-45cb-a419-bbbe7e9d40ce_1000.jpg!m_fill,w_280,h_210,f_jpg?from=ke.com
20241021,海淀,清河,101125314121,合景映月台 3室1厅 东 南 北,1565万,138656元/平,中楼层 (共7层) 3室1厅 | 112.87平米 | 东 南 北,https://ke-image.ljcdn.com/110000-inspection/debdd604-2170-4ed9-8bd8-f39aeabd8443_1000.jpg!m_fill,w_280,h_210,f_jpg?from=ke.com
20241021,海淀,清河,101125311983,观澳园 1室0厅 西,290万,70389元/平,低楼层 (共6层) | 2007年 | 1室0厅 | 41.2平米 | 西,https://ke-image.ljcdn.com/110000-inspection/fd3d5416-7e34-485d-9dda-3478f05635c4_1000.jpg!m_fill,w_280,h_210,f_jpg?from=ke.com
20241021,海淀,清河,101125305380,户型房子 楼层好 采光好 诚心出售 满五唯一,1450万,129592元/平,中楼层 (共9层) 3室2厅 | 111.89平米 | 南 北,https://ke-image.ljcdn.com/110000-inspection/4402da03-c3e6-4bf4-91c5-64c6e75ba1b7_1000.jpg!m_fill,w_280,h_210,f_jpg?from=ke.com
20241021,海淀,清河,101125269997,清景园东西两居  满5年商品房  精装修有钥匙,635万,65289元/平,低楼层 (共19层) 2室2厅 | 97.26平米 | 西 东,https://ke-image.ljcdn.com/110000-inspection/653686fe-62ad-46e3-9dc3-3bb94c4cb8e3_1000.jpg!m_fill,w_280,h_210,f_jpg?from=ke.com
20241021,海淀,清河,101125269911,清缘里中区电梯直达三居室欢迎来访,585万,49636元/平,高楼层 (共13层) | 2003年 | 3室2厅 | 117.86平米 | 西南,https://ke-image.ljcdn.com/110000-inspection/pc1_UzJWeHKOT_1.jpg!m_fill,w_280,h_210,f_jpg?from=ke.com
20241021,海淀,清河,101125257575,海淀清河永泰庄6号院满五年两居室采光好自如装修,320万,58193元/平,顶层 (共6层) 2室1厅 | 54.99平米 | 东 西,https://ke-image.ljcdn.com/110000-inspection/02b09af2-6e4e-454a-8b38-a26ab621d5c8_1000.jpg!m_fill,w_280,h_210,f_jpg?from=ke.com
20241021,海淀,清河,101125257387,水木天成 2室1厅 东北,410万,62558元/平,底层 (共26层) 2室1厅 | 65.54平米 | 东北,https://ke-image.ljcdn.com/110000-inspection/pc1_WzXDiQQNJ.jpg!m_fill,w_280,h_210,f_jpg?from=ke.com
20241021,海淀,清河,101125251009,精装修双卫三居室采光好拎包住,788万,59146元/平,低楼层 (共31层) | 2003年 | 3室2厅 | 133.23平米 | 东 南,https://ke-image.ljcdn.com/110000-inspection/d267d237-c320-4ddd-bcfd-60080fd0ca58_1000.jpg!m_fill,w_280,h_210,f_jpg?from=ke.com
20241021,海淀,清河,101125242588,强佑清河新城府学上院优质两居室,990万,82288元/平,高楼层 (共26层) | 2014年 | 2室1厅 | 120.31平米 | 南 北,https://ke-image.ljcdn.com/110000-inspection/e89f74bb-45c1-44ea-9143-d1df5137ac36_1000.jpg!m_fill,w_280,h_210,f_jpg?from=ke.com
20241021,海淀,清河,101125237946,海清园满五年唯一商品房社区有电梯清河小营桥站,705万,70108元/平,高楼层 (共18层) 2室2厅 | 100.56平米 | 东 南,https://ke-image.ljcdn.com/110000-inspection/pc1_AIZMZhZiR_1.jpg!m_fill,w_280,h_210,f_jpg?from=ke.com
20241021,海淀,清河,101125220116,莱圳家园 2室2厅 东 西,710万,75750元/平,低楼层 (共13层) 2室2厅 | 93.73平米 | 东 西,https://ke-image.ljcdn.com/110000-inspection/75cd204e-a583-45ad-88f7-ce771262cc53_1000.jpg!m_fill,w_280,h_210,f_jpg?from=ke.com
20241021,海淀,清河,101125217321,清河新城府学上院 满五唯一 不临街,389万,67512元/平,顶层 (共27层) | 2009年 | 1室1厅 | 57.62平米 | 南 西,https://ke-image.ljcdn.com/110000-inspection/1337054b-a593-404a-af33-f739d37e724a_1000.jpg!m_fill,w_280,h_210,f_jpg?from=ke.com
20241021,海淀,清河,101125208792,小营东路6号院双地铁全明格局四居室户型没有浪费房主自荐,533万,61195元/平,顶层 (共5层) 3室2厅 | 87.1平米 | 南 北,https://ke-image.ljcdn.com/110000-inspection/0a39e40e-3b52-4e3e-9601-21fe300b5f61_1000.jpg!m_fill,w_280,h_210,f_jpg?from=ke.com
20241021,海淀,清河,101125202358,清缘东里二期正对小区花园百米楼间距面宽四米三,750万,82800元/平,高楼层 (共9层) | 2005年 | 2室1厅 | 90.58平米 | 南 北,https://ke-image.ljcdn.com/110000-inspection/a9bed2fb-8005-4d09-9e80-eb48cbe3e79d_1000.jpg!m_fill,w_280,h_210,f_jpg?from=ke.com
20241021,海淀,清河,101125196577,中央财经大学家属楼小区一层两居精装修位置安静房主自荐,520万,88571元/平,底层 (共6层) 2室1厅 | 58.71平米 | 南 北,https://ke-image.ljcdn.com/110000-inspection/16333bc6-a17d-4fd3-b3ad-278f383cb63d_1000.jpg!m_fill,w_280,h_210,f_jpg?from=ke.com
20241021,海淀,清河,101125185039,橡树湾五期  南北通透 三居室 户型方正  无浪费房主自荐,2008万,136963元/平,高楼层 (共12层) 3室2厅 | 146.61平米 | 南 北,https://ke-image.ljcdn.com/110000-inspection/pc1_CjKK4D5QU_1.jpg!m_fill,w_280,h_210,f_jpg?from=ke.com
20241021,海淀,清河,101125175446,世华龙樾一期西区 2室1厅 东 西,490万,89744元/平,中楼层 (共11层) | 2018年 | 2室1厅 | 54.6平米 | 东 西,https://ke-image.ljcdn.com/110000-inspection/0d8d65b3-7b1b-4c56-9a06-55b0c323af96_1000.jpg!m_fill,w_280,h_210,f_jpg?from=ke.com
20241021,海淀,清河,101125166138,海淀 清河 鲲鹏小区 正规三居室 南北通透,398万,47168元/平,顶层 (共6层) 3室1厅 | 84.38平米 | 南 北,https://ke-image.ljcdn.com/110000-inspection/10e3439d-ed8a-4e57-afc7-fa36c317670b_1000.jpg!m_fill,w_280,h_210,f_jpg?from=ke.com
20241021,海淀,清河,101125164739,橡林郡次新房精装西南一居室诚意出售看房方便,599万,100184元/平,低楼层 (共21层) 1室1厅 | 59.79平米 | 南 西,https://ke-image.ljcdn.com/110000-inspection/8e0c49a7-2595-42e3-8564-847ec370a119_1000.jpg!m_fill,w_280,h_210,f_jpg?from=ke.com
20241021,海淀,清河,101125160425,燕语清园中楼层带电梯经典三居室,1000万,78309元/平,中楼层 (共28层) | 2006年 | 3室2厅 | 127.7平米 | 南 北,https://ke-image.ljcdn.com/110000-inspection/pc1_nFi38xNMh_1.jpg!m_fill,w_280,h_210,f_jpg?from=ke.com
20241021,海淀,清河,101125159448,621小区 中间位置 安静舒适 满五年唯一央产房,465万,83334元/平,中楼层 (共6层) 2室1厅 | 55.8平米 | 东 南,https://ke-image.ljcdn.com/110000-inspection/394903b2-ca11-48ec-9504-706c2fd6ca7b_1000.jpg!m_fill,w_280,h_210,f_jpg?from=ke.com
20241021,海淀,清河,101125159338,强佑清河新城府学上院 2室1厅 西南,720万,82305元/平,高楼层 (共27层) | 2012年 | 2室1厅 | 87.48平米 | 西南,https://ke-image.ljcdn.com/110000-inspection/9aef4b7e-7719-42c4-81c7-3a4f6064a576_1000.jpg!m_fill,w_280,h_210,f_jpg?from=ke.com
20241021,海淀,清河,101125139089,永泰园新地标 2室1厅 东,498万,60570元/平,中楼层 (共17层) | 2004年 | 2室1厅 | 82.22平米 | 东,https://ke-image.ljcdn.com/110000-inspection/bc923c08-3ccc-4448-8a39-b9aced4d6cee_1000.jpg!m_fill,w_280,h_210,f_jpg?from=ke.com
20241021,海淀,清河,101125116598,观林园 满五唯一商品房 精装四居 双卫,998万,71301元/平,低楼层 (共6层) 4室1厅 | 139.97平米 | 东 北,https://ke-image.ljcdn.com/110000-inspection/pc1_jQoRfsXo3.jpg!m_fill,w_280,h_210,f_jpg?from=ke.com
20241021,海淀,清河,101125115875,橡树湾三期 2室1厅 西南,1050万,105666元/平,顶层 (共25层) | 2011年 | 2室1厅 | 99.37平米 | 西南,https://ke-image.ljcdn.com/110000-inspection/pc1_ai71zsX8p_1.jpg!m_fill,w_280,h_210,f_jpg?from=ke.com
20241021,海淀,清河,101125091776,强佑清河新城府学上院 1室1厅 东北,369万,65612元/平,中楼层 (共27层) | 2009年 | 1室1厅 | 56.24平米 | 东北,https://ke-image.ljcdn.com/110000-inspection/148c4f44-5176-4c49-a641-dcbb63d0b341_1000.jpg!m_fill,w_280,h_210,f_jpg?from=ke.com
20241021,海淀,清河,101125084420,加气混凝土厂宿舍 2室1厅 南 西,520万,73240元/平,低楼层 (共7层) 2室1厅 | 71平米 | 南 西,https://ke-image.ljcdn.com/110000-inspection/pc1_jPEOkda4s.jpg!m_fill,w_280,h_210,f_jpg?from=ke.com
20241021,海淀,清河,101125084128,全新保养 中楼层四居室观园区花园位置安静房主自荐,1998万,120094元/平,中楼层 (共22层) | 2008年 | 3室2厅 | 166.37平米 | 南 北,https://ke-image.ljcdn.com/110000-inspection/pc1_rTyL6cRlr_1.jpg!m_fill,w_280,h_210,f_jpg?from=ke.com
20241021,海淀,清河,101125078774,本房是海淀清河上地橡树湾四期 中楼层无遮挡,1150万,114531元/平,中楼层 (共20层) | 2013年 | 2室1厅 | 100.41平米 | 南 西南,https://ke-image.ljcdn.com/110000-inspection/pc1_ySxu0XsA2_1.jpg!m_fill,w_280,h_210,f_jpg?from=ke.com
20241021,海淀,清河,101125076921,永泰庄甲6号院 2室1厅 东 南,330万,60110元/平,顶层 (共6层) 2室1厅 | 54.9平米 | 东 南,https://ke-image.ljcdn.com/110000-inspection/cb7b1e80-9b3d-4324-82a5-17d1e6e6643b_1000.jpg!m_fill,w_280,h_210,f_jpg?from=ke.com
20241021,海淀,清河,101125051277,橡树湾三期 中间楼层 正对花园 位置安静 视野好,858万,98418元/平,低楼层 (共16层) | 2011年 | 2室2厅 | 87.18平米 | 西,https://ke-image.ljcdn.com/110000-inspection/4d387b99-b70d-4fbf-b29e-8fff866444a6_1000.jpg!m_fill,w_280,h_210,f_jpg?from=ke.com
20241021,海淀,清河,101125045583,南北通透前后无遮挡钢混结构正规两居,420万,58783元/平,中楼层 (共10层) | 1998年 | 2室1厅 | 71.45平米 | 南 北,https://ke-image.ljcdn.com/110000-inspection/pc1_7lSVsClHP_1.jpg!m_fill,w_280,h_210,f_jpg?from=ke.com
20241021,海淀,清河,101125039685,永泰园新地标 3室2厅 南,940万,59494元/平,中楼层 (共31层) | 2003年 | 3室2厅 | 158平米 | 南,https://ke-image.ljcdn.com/110000-inspection/pc1_w4H7euzMk.jpg!m_fill,w_280,h_210,f_jpg?from=ke.com
20241021,海淀,清河,101125036472,橡树湾二期精装二居 满五年唯一 位置安静！,816万,105933元/平,中楼层 (共22层) | 2008年 | 2室1厅 | 77.03平米 | 西,https://ke-image.ljcdn.com/110000-inspection/14cfcdb6-4c37-47aa-ada0-b9e1c220e3b4_1000.jpg!m_fill,w_280,h_210,f_jpg?from=ke.com
20241021,海淀,清河,101125027637,美和园东区南向两居满五唯一商品房采光好不临街,650万,78760元/平,低楼层 (共6层) | 2009年 | 2室1厅 | 82.53平米 | 南,https://ke-image.ljcdn.com/110000-inspection/9a0d3ab8-51db-4b83-aca5-4ce3a3c176cf_1000.jpg!m_fill,w_280,h_210,f_jpg?from=ke.com
20241021,海淀,清河,101124996626,供电局宿舍家属楼 满五唯一 南北通透两居 诚意卖房主自荐,510万,76097元/平,中楼层 (共6层) 2室1厅 | 67.02平米 | 南 北,https://ke-image.ljcdn.com/110000-inspection/a5959ed6-d6b4-4239-babe-6f50ab5b7c93_1000.jpg!m_fill,w_280,h_210,f_jpg?from=ke.com
20241021,海淀,清河,101124988596,强佑清河新城府学上院 1室0厅 南,330万,69635元/平,中楼层 (共14层) | 2021年 | 1室0厅 | 47.39平米 | 南,https://ke-image.ljcdn.com/110000-inspection/5aadd8b0-2192-46d0-886c-e04470c57688_1000.jpg!m_fill,w_280,h_210,f_jpg?from=ke.com
20241021,海淀,清河,101124982159,永泰东里中间楼层正规一室一厅,350万,61490元/平,中楼层 (共6层) | 2010年 | 1室1厅 | 56.92平米 | 东 西 北,https://ke-image.ljcdn.com/110000-inspection/170812f1-b746-4a6a-8108-a55e8ba802bb_1000.jpg!m_fill,w_280,h_210,f_jpg?from=ke.com
20241021,海淀,清河,101124944121,永泰东里满五唯一商品房 南北通透 看房方便诚心出售房主自荐,335万,55630元/平,顶层 (共6层) 2室1厅 | 60.22平米 | 南 北,https://ke-image.ljcdn.com/110000-inspection/6a02dc44-612f-48f3-b6cd-0a7530e57454_1000.jpg!m_fill,w_280,h_210,f_jpg?from=ke.com
20241021,海淀,清河,101124928621,宝盛里 2室1厅 东 西,580万,53615元/平,中楼层 (共5层) | 2001年 | 2室1厅 | 108.18平米 | 东 西,https://ke-image.ljcdn.com/110000-inspection/pc1_36Bk3gbPt_1.jpg!m_fill,w_280,h_210,f_jpg?from=ke.com
20241021,海淀,清河,101124912915,阳光南里 三居  中间层   不临街房主自荐,520万,70653元/平,中楼层 (共6层) 2室1厅 | 73.6平米 | 南 北,https://ke-image.ljcdn.com/110000-inspection/pc1_nWv5uehX1_1.jpg!m_fill,w_280,h_210,f_jpg?from=ke.com
20241021,海淀,清河,101124907446,海清园  东南向精装修两居室 低楼层 采光无遮挡,615万,69657元/平,低楼层 (共18层) 2室1厅 | 88.29平米 | 东南,https://ke-image.ljcdn.com/110000-inspection/dbd7d079-a77d-4242-9156-4aa3012b7d8d_1000.jpg!m_fill,w_280,h_210,f_jpg?from=ke.com
20241021,海淀,清河,101124900926,清河永泰西里满两年商品房近地铁出行方便,349万,60866元/平,高楼层 (共6层) 2室1厅 | 57.34平米 | 东 西,https://ke-image.ljcdn.com/110000-inspection/pc1_uzaR9vJKr.jpg!m_fill,w_280,h_210,f_jpg?from=ke.com
20241021,海淀,清河,101124883509,海清园 东南两居室  楼层好  采光好  精装婚房,615万,69657元/平,中楼层 (共18层) 2室1厅 | 88.29平米 | 南 东,https://ke-image.ljcdn.com/110000-inspection/cb1bcf91-f2db-4800-b3e4-51b5a3a72eaf_1000.jpg!m_fill,w_280,h_210,f_jpg?from=ke.com
20241021,海淀,清河,101124871752,海淀 清河 永泰东里 南北两居 诚心出售 看房方便,275万,46548元/平,顶层 (共6层) 2室1厅 | 59.08平米 | 南 北,https://ke-image.ljcdn.com/110000-inspection/pc1_i9E9Kty88.jpg!m_fill,w_280,h_210,f_jpg?from=ke.com
20241021,海淀,清河,101124863450,毛纺厂南小区 2室1厅 南 北,380万,53673元/平,顶层 (共6层) 2室1厅 | 70.8平米 | 南 北,https://ke-image.ljcdn.com/110000-inspection/f15287f8-1f37-4faf-9ef3-3621811163e5_1000.jpg!m_fill,w_280,h_210,f_jpg?from=ke.com
20241021,海淀,清河,101124862894,橡树湾二期  正规一居室  诚意卖 看房方便保养好,750万,125882元/平,中楼层 (共22层) | 2008年 | 1室1厅 | 59.58平米 | 南 北,https://ke-image.ljcdn.com/110000-inspection/3a66aee4-d636-402e-925d-e29ccff87151_1000.jpg!m_fill,w_280,h_210,f_jpg?from=ke.com
20241021,海淀,清河,101124862688,砂轮厂宿舍 满五年唯一 南北三居,562万,66243元/平,中楼层 (共7层) 3室1厅 | 84.84平米 | 南 北 东,https://ke-image.ljcdn.com/110000-inspection/11d73c49-34fc-4e67-af3b-5c011dbbc926_1000.jpg!m_fill,w_280,h_210,f_jpg?from=ke.com
20241021,海淀,清河,101124853703,橡树湾一期 2室1厅 南 西南,835万,103599元/平,低楼层 (共16层) | 2007年 | 2室1厅 | 80.6平米 | 南 西南,https://ke-image.ljcdn.com/110000-inspection/44304105-cbdc-47bf-b34a-56d142434bd9_1000.jpg!m_fill,w_280,h_210,f_jpg?from=ke.com
20241021,海淀,清河,101124850860,前屯路58号院 2室1厅 北 南房主自荐,420万,67633元/平,中楼层 (共5层) 2室1厅 | 62.1平米 | 北 南,https://ke-image.ljcdn.com/110000-inspection/pc1_oWn7Ri5be_1.jpg!m_fill,w_280,h_210,f_jpg?from=ke.com
20241021,海淀,清河,101124845104,永泰东里 3室1厅 东 南 西北,435万,61182元/平,高楼层 (共6层) 3室1厅 | 71.1平米 | 东 南 西北,https://ke-image.ljcdn.com/110000-inspection/75b468e6-d8fc-4001-bfce-015959967c39_1000.jpg!m_fill,w_280,h_210,f_jpg?from=ke.com
20241021,海淀,清河,101124837892,清河电信宿舍 2室1厅 南 北,380万,76846元/平,底层 (共6层) 2室1厅 | 49.45平米 | 南 北,https://ke-image.ljcdn.com/110000-inspection/pc1_uP63Q6Yn0_1.jpg!m_fill,w_280,h_210,f_jpg?from=ke.com
20241021,海淀,清河,101124833172,永泰东里 中间层两居 看房方便 业主诚售房主自荐,378万,65637元/平,低楼层 (共6层) 2室1厅 | 57.59平米 | 南 北,https://ke-image.ljcdn.com/110000-inspection/6349d152-40c0-4a2d-9cb8-ae89b474d5ce_1000.jpg!m_fill,w_280,h_210,f_jpg?from=ke.com
20241021,海淀,清河,101124827198,宝盛里南北通透两居室低楼层满五年唯一,450万,65436元/平,底层 (共6层) 2室1厅 | 68.77平米 | 南 北,https://ke-image.ljcdn.com/110000-inspection/c2aa4e00-7402-4803-9e07-e13c800b8acc_1000.jpg!m_fill,w_280,h_210,f_jpg?from=ke.com
20241021,海淀,清河,101124818952,橡树湾四期  南北通透 精装修 挑高高 视野开阔,1130万,103851元/平,顶层 (共18层) | 2013年 | 2室1厅 | 108.81平米 | 南 北,https://ke-image.ljcdn.com/110000-inspection/eae21495-744f-40b9-9543-771d7cace104_1000.jpg!m_fill,w_280,h_210,f_jpg?from=ke.com
20241021,海淀,清河,101124760583,橡树湾三期高层观景观远山观夕阳风景独好,1050万,105074元/平,高楼层 (共23层) | 2011年 | 2室1厅 | 99.93平米 | 西南,https://ke-image.ljcdn.com/110000-inspection/pc1_BzGgMyJc4_1.jpg!m_fill,w_280,h_210,f_jpg?from=ke.com
20241021,海淀,清河,101124755542,满五年唯一电梯房业主诚心出售价格能谈,425万,61363元/平,高楼层 (共28层) | 2006年 | 1室1厅 | 69.26平米 | 南,https://ke-image.ljcdn.com/110000-inspection/pc1_mGrTDMjbp.jpg!m_fill,w_280,h_210,f_jpg?from=ke.com
20241021,海淀,清河,101124723579,世华龙樾一期东区 3室2厅 南 西 北,1576万,123174元/平,低楼层 (共18层) | 2014年 | 3室2厅 | 127.95平米 | 南 西 北,https://ke-image.ljcdn.com/110000-inspection/81f8ef57-4d70-47e8-b234-214c6f741c80_1000.jpg!m_fill,w_280,h_210,f_jpg?from=ke.com
20241021,海淀,清河,101124700641,清河 莱圳家园 东南一居室 中间层 满五唯一,470万,77303元/平,低楼层 (共16层) | 2009年 | 1室1厅 | 60.8平米 | 东 南,https://ke-image.ljcdn.com/110000-inspection/5b0ea835-2797-49f4-9778-ccbbeb611ece_1000.jpg!m_fill,w_280,h_210,f_jpg?from=ke.com
20241021,海淀,清河,101124694144,永泰园双地铁2002年楼龄三阳台户型,415万,64642元/平,底层 (共6层) 2室1厅 | 64.2平米 | 东北,https://ke-image.ljcdn.com/110000-inspection/pc1_b313CGTEZ_1.jpg!m_fill,w_280,h_210,f_jpg?from=ke.com
20241021,海淀,清河,101124686227,强佑清河新城府学上院 品质次新房 优质户型 好格局房主自荐,273万,84889元/平,中楼层 (共24层) | 2020年 | 1室1厅 | 32.16平米 | 西,https://ke-image.ljcdn.com/110000-inspection/3a0f8a34-bfae-4053-a497-e896ee70732d_1000.jpg!m_fill,w_280,h_210,f_jpg?from=ke.com
20241021,海淀,清河,101124674742,永泰园 1室1厅 南,398万,64821元/平,高楼层 (共6层) 1室1厅 | 61.4平米 | 南,https://ke-image.ljcdn.com/110000-inspection/pc1_V3QGqxCrm_1.jpg!m_fill,w_280,h_210,f_jpg?from=ke.com
20241021,海淀,清河,101124661149,强佑清河新城府学上院 2室1厅 东 北,558万,68341元/平,中楼层 (共27层) | 2012年 | 2室1厅 | 81.65平米 | 东 北,https://ke-image.ljcdn.com/110000-inspection/pc1_vrMphyxFR_1.jpg!m_fill,w_280,h_210,f_jpg?from=ke.com
20241021,海淀,清河,101124660969,强佑清河新城府学上院 满五唯一,370万,65790元/平,高楼层 (共27层) | 2009年 | 1室1厅 | 56.24平米 | 东北,https://ke-image.ljcdn.com/110000-inspection/7e707355-b6d4-423e-af4b-a7030aa2d305_1000.jpg!m_fill,w_280,h_210,f_jpg?from=ke.com
20241021,海淀,清河,101124659691,强佑清河新城府学上院 南北通透  次新房,595万,80700元/平,中楼层 (共18层) | 2020年 | 2室1厅 | 73.73平米 | 南 北,https://ke-image.ljcdn.com/110000-inspection/a03e9d6e-146f-46fd-9fc6-e417db4439f5_1000.jpg!m_fill,w_280,h_210,f_jpg?from=ke.com
20241021,海淀,清河,101124632724,宝盛里小区 中间层 东西通透一居室 无遮挡房主自荐,336万,56614元/平,中楼层 (共5层) 1室1厅 | 59.35平米 | 东 西,https://ke-image.ljcdn.com/110000-inspection/6f5103db-7ab2-4e5a-8802-fbb6abc0a2fd_1000.jpg!m_fill,w_280,h_210,f_jpg?from=ke.com
20241021,海淀,清河,101124630190,小营东路7号院 精装修 中间层 明厅 户型方正,650万,72400元/平,低楼层 (共6层) 2室1厅 | 89.78平米 | 东 西,https://ke-image.ljcdn.com/110000-inspection/pc1_dFec7ifwU_1.jpg!m_fill,w_280,h_210,f_jpg?from=ke.com
20241021,海淀,清河,101124628467,清缘东里视野无遮挡 全明格局 小区中间位置 不临街,390万,66656元/平,低楼层 (共10层) | 2003年 | 1室1厅 | 58.51平米 | 西北,https://ke-image.ljcdn.com/110000-inspection/69d2f534-d429-44cf-a7d6-fc37c238c4c4_1000.jpg!m_fill,w_280,h_210,f_jpg?from=ke.com
20241021,海淀,清河,101124621197,永泰东里 低楼层 精装修 位置好 南北通透,375万,61305元/平,低楼层 (共6层) 2室1厅 | 61.17平米 | 南 北,https://ke-image.ljcdn.com/110000-inspection/pc1_zJKJoBPFg_1.jpg!m_fill,w_280,h_210,f_jpg?from=ke.com
20241021,海淀,清河,101124619190,海淀清河2003年板楼商品房板楼社区,530万,58785元/平,低楼层 (共16层) 2室1厅 | 90.16平米 | 西,https://ke-image.ljcdn.com/110000-inspection/pc1_j4YPKzEss.jpg!m_fill,w_280,h_210,f_jpg?from=ke.com
20241021,海淀,清河,101124608156,南向 满五年唯一 海淀产权 视野好近奥森,439万,63679元/平,中楼层 (共5层) 1室1厅 | 68.94平米 | 南,https://ke-image.ljcdn.com/110000-inspection/pc1_RVmP3EXbm_1.jpg!m_fill,w_280,h_210,f_jpg?from=ke.com
20241021,海淀,清河,101124599500,橡树湾三期 不临街 东西通透  两居室 户型方正房主自荐,960万,101987元/平,中楼层 (共23层) | 2011年 | 2室1厅 | 94.13平米 | 东 西,https://ke-image.ljcdn.com/110000-inspection/5cb51ddb-d492-43d7-9df8-2379f0f07340_1000.jpg!m_fill,w_280,h_210,f_jpg?from=ke.com
20241021,海淀,清河,101124598944,莱圳家园南向一居室带阳台满五年唯一看房方便,520万,80013元/平,低楼层 (共18层) | 2009年 | 1室1厅 | 64.99平米 | 南,https://ke-image.ljcdn.com/110000-inspection/e7671356-9beb-48d3-9ac5-143ccdae1ac9_1000.jpg!m_fill,w_280,h_210,f_jpg?from=ke.com
20241021,海淀,清河,101124597519,花园新区 2室2厅 西南,710万,58250元/平,低楼层 (共20层) | 2010年 | 2室2厅 | 121.89平米 | 西南,https://ke-image.ljcdn.com/110000-inspection/pc1_At2IgVeCJ_1.jpg!m_fill,w_280,h_210,f_jpg?from=ke.com
20241021,海淀,清河,101124586749,观澳园 1室1厅 南 北,530万,74418元/平,低楼层 (共7层) 1室1厅 | 71.22平米 | 南 北,https://ke-image.ljcdn.com/110000-inspection/de5d5743-ac67-4df2-9479-986c63606f8f_1000.jpg!m_fill,w_280,h_210,f_jpg?from=ke.com
20241021,海淀,清河,101124583510,观澳园 1室1厅 南 北房主自荐,565万,79332元/平,中楼层 (共7层) 1室1厅 | 71.22平米 | 南 北,https://ke-image.ljcdn.com/110000-inspection/8448eaa7-69c7-48ae-b224-95003a900946_1000.jpg!m_fill,w_280,h_210,f_jpg?from=ke.com
20241021,海淀,清河,101124581876,观澳园 1室1厅 南,305万,75496元/平,底层 (共9层) | 2006年 | 1室1厅 | 40.4平米 | 南,https://ke-image.ljcdn.com/110000-inspection/pc1_Dn2PJsY9h.jpg!m_fill,w_280,h_210,f_jpg?from=ke.com
20241021,海淀,清河,101124581507,北五环清缘里东西通透两居。随时看房,379万,49601元/平,中楼层 (共9层) | 1998年 | 2室1厅 | 76.41平米 | 东 西,https://ke-image.ljcdn.com/110000-inspection/pc1_3OXj9D3YQ_1.jpg!m_fill,w_280,h_210,f_jpg?from=ke.com
20241021,海淀,清河,101124567298,永泰东里 中间层 南向一居 满五年唯一 诚心出售,288万,64000元/平,高楼层 (共6层) 1室1厅 | 45平米 | 南,https://ke-image.ljcdn.com/110000-inspection/8b13b664-3168-4eee-9c7e-0c41cca1263e_1000.jpg!m_fill,w_280,h_210,f_jpg?from=ke.com
20241021,海淀,清河,101124559303,橡树湾三期南北通透全明格局三居室、精装修、诚意出售,1740万,112549元/平,中楼层 (共18层) | 2011年 | 3室2厅 | 154.6平米 | 南 北,https://ke-image.ljcdn.com/110000-inspection/pc1_4AVb2ex5I_1.jpg!m_fill,w_280,h_210,f_jpg?from=ke.com
20241021,海淀,清河,101124555997,燕清源 2室1厅 东 南 北房主自荐,788万,85402元/平,底层 (共28层) 2室1厅 | 92.27平米 | 东 南 北,https://ke-image.ljcdn.com/110000-inspection/c8b4b93e-6a27-4445-b87c-71d6d70fa719_1000.jpg!m_fill,w_280,h_210,f_jpg?from=ke.com
20241021,海淀,清河,101124555394,世华一期正规一居室高楼层只有契税。,435万,76585元/平,高楼层 (共11层) | 2018年 | 1室1厅 | 56.8平米 | 东,https://ke-image.ljcdn.com/110000-inspection/fe96a328-e2ec-4e6f-9c9c-9b09e13e1a0c_1000.jpg!m_fill,w_280,h_210,f_jpg?from=ke.com
20241021,海淀,清河,101124555209,万科物业满五年唯一高楼层正对小区花园 视野好,478万,70047元/平,顶层 (共15层) 1室1厅 | 68.24平米 | 西,https://ke-image.ljcdn.com/110000-inspection/9e0d6ce4-3f65-492a-9d1e-d08e13ec16c1_1000.jpg!m_fill,w_280,h_210,f_jpg?from=ke.com
20241021,海淀,清河,101124544866,橡树湾四期 东西通透大两居 层高3.2米 精装修房主自荐,1450万,132991元/平,高楼层 (共20层) | 2013年 | 2室1厅 | 109.03平米 | 东 西,https://ke-image.ljcdn.com/110000-inspection/pc1_2r3CPdvCZ_1.jpg!m_fill,w_280,h_210,f_jpg?from=ke.com
20241021,海淀,清河,101124539313,商满五唯一落地阳台采光充足业主接受换房周期,450万,68629元/平,高楼层 (共23层) 1室1厅 | 65.57平米 | 北,https://ke-image.ljcdn.com/110000-inspection/5d45da9d-a014-4b37-abd0-6b096e623517_1000.jpg!m_fill,w_280,h_210,f_jpg?from=ke.com
20241021,海淀,清河,101124532308,清河文苑正规一居室 全明户型 诚意出售 价格可谈,355万,55801元/平,中楼层 (共24层) 1室1厅 | 63.62平米 | 北,https://ke-image.ljcdn.com/110000-inspection/pc1_KQnHjC6jA_1.jpg!m_fill,w_280,h_210,f_jpg?from=ke.com
20241021,海淀,清河,101124521259,燕清源 2室1厅 东 南 北,740万,71093元/平,底层 (共28层) 2室1厅 | 104.09平米 | 东 南 北,https://ke-image.ljcdn.com/110000-inspection/80fd88b7-2af4-4c7c-8d4e-3d74a628b015_1000.jpg!m_fill,w_280,h_210,f_jpg?from=ke.com
20241021,海淀,清河,101124518667,强佑清河新城府学上院 一室一厅精装修 诚心出售,306万,80506元/平,高楼层 (共18层) | 2020年 | 1室1厅 | 38.01平米 | 西北,https://ke-image.ljcdn.com/110000-inspection/9289779d-fd49-4475-b396-f9bf3d2ed3ff_1000.jpg!m_fill,w_280,h_210,f_jpg?from=ke.com
20241021,海淀,清河,101124517719,清河永泰庄路甲6号院南北两居 正规客厅,430万,67611元/平,高楼层 (共6层) | 1986年 | 2室1厅 | 63.6平米 | 南 西 北,https://ke-image.ljcdn.com/110000-inspection/e879cfe0-782d-43f9-bf4a-f2fd9390cc6c_1000.jpg!m_fill,w_280,h_210,f_jpg?from=ke.com
20241021,海淀,清河,101124517491,芳清园小区带电梯一居室精装修近公园,440万,66116元/平,中楼层 (共9层) | 2007年 | 1室1厅 | 66.55平米 | 西北,https://ke-image.ljcdn.com/110000-inspection/pc1_P4c758inj_1.jpg!m_fill,w_280,h_210,f_jpg?from=ke.com
20241021,海淀,清河,101124509952,强佑清河新城府学上院 1室1厅 北,430万,68911元/平,低楼层 (共22层) | 2009年 | 1室1厅 | 62.4平米 | 北,https://ke-image.ljcdn.com/110000-inspection/f2ae2f89-6b61-4e74-b1ae-f31d8cac0e7f_1000.jpg!m_fill,w_280,h_210,f_jpg?from=ke.com
20241021,海淀,清河,101124508385,海淀清河 清缘东里 观景两居  诚意出售,610万,69588元/平,高楼层 (共19层) 2室1厅 | 87.66平米 | 南,https://ke-image.ljcdn.com/110000-inspection/3fba91dd-8d2f-4f71-b8c8-70b067964591_1000.jpg!m_fill,w_280,h_210,f_jpg?from=ke.com
20241021,海淀,清河,101124502793,毛纺厂南小区两居室南北通透价格可协商,326万,60037元/平,顶层 (共6层) | 1984年 | 2室1厅 | 54.3平米 | 南 北,https://ke-image.ljcdn.com/110000-inspection/109caa51-99d2-4def-a3ac-bc949fad4cd6_1000.jpg!m_fill,w_280,h_210,f_jpg?from=ke.com
20241021,海淀,清河,101124493245,花园楼小区正规南北通透一室一厅精装修低楼层房主自荐,335万,73627元/平,低楼层 (共6层) 1室1厅 | 45.5平米 | 南 北,https://ke-image.ljcdn.com/110000-inspection/bc2a397a-b32b-4401-8940-f4d11c30f1d3_1000.jpg!m_fill,w_280,h_210,f_jpg?from=ke.com
20241021,海淀,清河,101124484048,清河永泰西里精装南北两居非顶层房主自荐,650万,111954元/平,高楼层 (共6层) 2室1厅 | 58.06平米 | 南 北,https://ke-image.ljcdn.com/110000-inspection/e83063a0-8df8-4caf-adb6-1538ad619d8d_1000.jpg!m_fill,w_280,h_210,f_jpg?from=ke.com
20241021,海淀,清河,101124476673,清河冶金研究所宿舍南北通透两居室,350万,64103元/平,顶层 (共6层) | 1996年 | 2室1厅 | 54.6平米 | 南 北,https://ke-image.ljcdn.com/110000-inspection/eb80df3a-3c48-4f34-aaaf-11becfa1f2e6_1000.jpg!m_fill,w_280,h_210,f_jpg?from=ke.com
20241021,海淀,清河,101124473350,信息科技大学家属楼低楼层全南两居室精装修诚意出售,363万,60907元/平,中楼层 (共5层) 2室1厅 | 59.6平米 | 南,https://ke-image.ljcdn.com/110000-inspection/b033ad21-c8ef-456c-925f-2be78a6806eb_1000.jpg!m_fill,w_280,h_210,f_jpg?from=ke.com
20241021,海淀,清河,101124470127,莱圳家园 三期精装修一居 视野好,560万,79422元/平,高楼层 (共17层) | 2012年 | 1室1厅 | 70.51平米 | 西,https://ke-image.ljcdn.com/110000-inspection/7de0cd9c-a02f-422d-9ff1-539747c5d967_1000.jpg!m_fill,w_280,h_210,f_jpg?from=ke.com
20241021,海淀,清河,101124469711,毛纺厂南小区 2室1厅 南 北房主自荐,309万,66168元/平,中楼层 (共5层) 2室1厅 | 46.7平米 | 南 北,https://ke-image.ljcdn.com/110000-inspection/a24a0b79-1060-4d31-acae-40ffa93cb9ae_1000.jpg!m_fill,w_280,h_210,f_jpg?from=ke.com
20241021,海淀,清河,101124462651,海淀清河 观林园 南北两居 带电梯 中间位置,898万,81637元/平,顶层 (共6层) 2室2厅 | 110平米 | 南 北,https://ke-image.ljcdn.com/110000-inspection/pc1_UOtt1XOjo_1.jpg!m_fill,w_280,h_210,f_jpg?from=ke.com
20241021,海淀,清河,101124455374,清缘里中区 精装两居 临河观景 南北通透房主自荐,650万,57355元/平,高楼层 (共10层) | 2000年 | 2室2厅 | 113.33平米 | 南 北,https://ke-image.ljcdn.com/110000-inspection/5fe90d0a-4a0f-409d-8cd2-244b790f272f_1000.jpg!m_fill,w_280,h_210,f_jpg?from=ke.com
20241021,海淀,清河,101124448608,双地铁精装东向两居室安静靠谱诚售,550万,66619元/平,低楼层 (共31层) 2室1厅 | 82.56平米 | 东,https://ke-image.ljcdn.com/110000-inspection/pc1_LyauVmGE7_1.jpg!m_fill,w_280,h_210,f_jpg?from=ke.com
20241021,海淀,清河,101124439438,金隅美和园东区 1室1厅 南,540万,80911元/平,中楼层 (共6层) | 2009年 | 1室1厅 | 66.74平米 | 南,https://ke-image.ljcdn.com/110000-inspection/48a39fd2-e75a-4fd5-b03f-445e414c61d4_1000.jpg!m_fill,w_280,h_210,f_jpg?from=ke.com
20241021,海淀,清河,101124418349,毛纺厂西小区 3室1厅 南 北,580万,92800元/平,底层 (共6层) 3室1厅 | 62.5平米 | 南 北,https://ke-image.ljcdn.com/110000-inspection/pc1_Za9HUOau7_1.jpg!m_fill,w_280,h_210,f_jpg?from=ke.com
20241021,海淀,清河,101124406948,毛纺厂南小区 2室1厅 南 北,345万,73249元/平,中楼层 (共5层) 2室1厅 | 47.1平米 | 南 北,https://ke-image.ljcdn.com/110000-inspection/pc1_MtdBRsXcz_1.jpg!m_fill,w_280,h_210,f_jpg?from=ke.com
20241021,海淀,清河,101124392945,橡树湾四期 2室1厅 东 西,1150万,104309元/平,低楼层 (共20层) | 2013年 | 2室1厅 | 110.25平米 | 东 西,https://ke-image.ljcdn.com/110000-inspection/43496fdb-8a93-4ead-9030-741ed7460836_1000.jpg!m_fill,w_280,h_210,f_jpg?from=ke.com
20241021,海淀,清河,101124374440,方正户型双卧南向 保养新 满五唯一 采光好 无遮挡,1160万,112973元/平,低楼层 (共20层) | 2013年 | 2室1厅 | 102.68平米 | 南 西,https://ke-image.ljcdn.com/110000-inspection/pc1_3xGWuorGm_1.jpg!m_fill,w_280,h_210,f_jpg?from=ke.com
20241021,海淀,清河,101124371263,四期满五唯一状况好位置佳车位（含）近生活便利,2199万,135825元/平,中楼层 (共25层) | 2014年 | 3室2厅 | 161.9平米 | 南 北,https://ke-image.ljcdn.com/110000-inspection/pc1_cnMEvnhBc_1.jpg!m_fill,w_280,h_210,f_jpg?from=ke.com
20241021,海淀,清河,101124368893,清河永泰庄路6号院满五唯一双地铁,299万,73664元/平,底层 (共6层) 1室1厅 | 40.59平米 | 南,https://ke-image.ljcdn.com/110000-inspection/pc1_0A7o92Jib.jpg!m_fill,w_280,h_210,f_jpg?from=ke.com
20241021,海淀,清河,101124333989,此房满五唯一商品房 南北通透格局好 楼层好 精装修,399万,55805元/平,低楼层 (共6层) | 2002年 | 2室1厅 | 71.5平米 | 南 北,https://ke-image.ljcdn.com/110000-inspection/pc1_EBEciJyZU_1.jpg!m_fill,w_280,h_210,f_jpg?from=ke.com
20241021,海淀,清河,101124274646,海淀 清河 永泰西里 南向中间层 满二成本低 无遮挡,310万,67086元/平,中楼层 (共6层) | 1998年 | 1室1厅 | 46.21平米 | 南,https://ke-image.ljcdn.com/110000-inspection/pc1_T8ijG7WsI_1.jpg!m_fill,w_280,h_210,f_jpg?from=ke.com
20241021,海淀,清河,101124266757,毛纺厂西小区精装南北两居诚意出售,458万,75954元/平,中楼层 (共6层) 2室1厅 | 60.3平米 | 南 北,https://ke-image.ljcdn.com/110000-inspection/6efac02d-af30-4180-9e48-98f6c11a27ec_1000.jpg!m_fill,w_280,h_210,f_jpg?from=ke.com
20241021,海淀,清河,101124264063,信息学院家属楼 南向 精装修 中间层 采光好 看房方便,285万,69853元/平,中楼层 (共6层) 1室1厅 | 40.8平米 | 南,https://ke-image.ljcdn.com/110000-inspection/pc1_eWScmESyR_1.jpg!m_fill,w_280,h_210,f_jpg?from=ke.com
20241021,海淀,清河,101124250210,海淀清河 清缘里中区 东西通透 明厅两居,410万,58605元/平,高楼层 (共7层) | 1999年 | 2室1厅 | 69.96平米 | 东 西,https://ke-image.ljcdn.com/110000-inspection/pc1_9f56JNVD0_1.jpg!m_fill,w_280,h_210,f_jpg?from=ke.com
20241021,海淀,清河,101124243914,橡林郡 看房方便 诚意出售 价格能谈房主自荐,1080万,122839元/平,中楼层 (共18层) | 2020年 | 2室1厅 | 87.92平米 | 南,https://ke-image.ljcdn.com/110000-inspection/pc1_hEilt4Vz3_1.jpg!m_fill,w_280,h_210,f_jpg?from=ke.com
20241021,海淀,清河,101124232662,强佑清河新城府学上院 2021年房龄 河景房 视野开阔,780万,92385元/平,高楼层 (共29层) 2室1厅 | 84.43平米 | 西北,https://ke-image.ljcdn.com/110000-inspection/27066b1f-7bd2-4e3f-ab3d-f31cdb1d39d6_1000.jpg!m_fill,w_280,h_210,f_jpg?from=ke.com
20241021,海淀,清河,101124231949,橡林郡精装三居  小区中间位置中间层 采光视野好,1400万,117806元/平,中楼层 (共18层) 3室2厅 | 118.84平米 | 南 北,https://ke-image.ljcdn.com/110000-inspection/pc1_Hz2eqVqmi_1.jpg!m_fill,w_280,h_210,f_jpg?from=ke.com
20241021,海淀,清河,101124219014,永泰园 双卫大客厅 半人车分流小区 双地铁 视野好,760万,57045元/平,高楼层 (共31层) 3室2厅 | 133.23平米 | 西南,https://ke-image.ljcdn.com/110000-inspection/pc1_7RsOBeg09.jpg!m_fill,w_280,h_210,f_jpg?from=ke.com
20241021,海淀,清河,101124215813,公交党校中间楼层通透两居室精装无遮挡采光好,540万,72777元/平,中楼层 (共6层) 2室1厅 | 74.2平米 | 南 北,https://ke-image.ljcdn.com/110000-inspection/pc1_elDQvzLqW_1.jpg!m_fill,w_280,h_210,f_jpg?from=ke.com
20241021,海淀,清河,101124214761,萬橡府 眼睛户型三居室满五年唯一高楼层采光好,2180万,151001元/平,顶层 (共16层) 3室2厅 | 144.37平米 | 南 北,https://ke-image.ljcdn.com/110000-inspection/pc1_OyPz7Ufb6_1.jpg!m_fill,w_280,h_210,f_jpg?from=ke.com
20241021,海淀,清河,101124208459,高巢 1室1厅 南,350万,72978元/平,高楼层 (共15层) | 2005年 | 1室1厅 | 47.96平米 | 南,https://ke-image.ljcdn.com/110000-inspection/1090e3a0-28f6-476d-9f76-038a8cb6e9a3_1000.jpg!m_fill,w_280,h_210,f_jpg?from=ke.com
20241021,海淀,清河,101124195124,强佑清河新城府学上院 西向两居室不临街 诚心出售,720万,81347元/平,低楼层 (共27层) | 2012年 | 2室1厅 | 88.51平米 | 西,https://ke-image.ljcdn.com/110000-inspection/3e85e58d-ca61-4925-8193-1665dff70acc_1000.jpg!m_fill,w_280,h_210,f_jpg?from=ke.com
20241021,海淀,清河,101124188084,冶金家属楼1层自住精装修满五年无抵押方便看,500万,66783元/平,底层 (共6层) 2室1厅 | 74.87平米 | 南 北,https://ke-image.ljcdn.com/110000-inspection/pc1_e4apVpp2V_1.jpg!m_fill,w_280,h_210,f_jpg?from=ke.com
20241021,海淀,清河,101124175507,海淀区 橡树湾四期 中间楼层 有车位 装修保持的好,1130万,112539元/平,中楼层 (共20层) | 2013年 | 2室2厅 | 100.41平米 | 西南,https://ke-image.ljcdn.com/110000-inspection/pc1_l7Yfs3rcf_1.jpg!m_fill,w_280,h_210,f_jpg?from=ke.com
20241021,海淀,清河,101124173640,橡树湾四期高层南北三居室视野开阔业主诚意出售房主自荐,2099万,117889元/平,高楼层 (共25层) | 2014年 | 3室2厅 | 178.05平米 | 南 北,https://ke-image.ljcdn.com/110000-inspection/pc1_J12KyyZv6_1.jpg!m_fill,w_280,h_210,f_jpg?from=ke.com
20241021,海淀,清河,101124173546,总高5层新社区 南北通透一居 满五年唯一 位置安静房主自荐,398万,66567元/平,顶层 (共5层) 1室1厅 | 59.79平米 | 南 北,https://ke-image.ljcdn.com/110000-inspection/34223799-9250-4e16-bb79-2afa94f4a375_1000.jpg!m_fill,w_280,h_210,f_jpg?from=ke.com
20241021,海淀,清河,101124144223,莱圳家园 1室1厅 东南,455万,74836元/平,顶层 (共16层) | 2009年 | 1室1厅 | 60.8平米 | 东南,https://ke-image.ljcdn.com/110000-inspection/pc1_tM0kOXZwU_1.jpg!m_fill,w_280,h_210,f_jpg?from=ke.com
20241021,海淀,清河,101124142412,高巢 1室1厅 东北,320万,56121元/平,低楼层 (共15层) | 2005年 | 1室1厅 | 57.02平米 | 东北,https://ke-image.ljcdn.com/110000-inspection/pc1_C4I83OzrQ_1.jpg!m_fill,w_280,h_210,f_jpg?from=ke.com
20241021,海淀,清河,101124098325,世华龙樾一期西区 南北通透 中间层 采光好满五唯一,658万,86694元/平,低楼层 (共18层) | 2014年 | 2室1厅 | 75.9平米 | 南 北,https://ke-image.ljcdn.com/110000-inspection/pc1_Jw1XkvqhI_1.jpg!m_fill,w_280,h_210,f_jpg?from=ke.com
20241021,海淀,清河,101124087951,信息学院家属楼 2室1厅 南 北房主自荐,360万,53255元/平,顶层 (共6层) 2室1厅 | 67.6平米 | 南 北,https://ke-image.ljcdn.com/110000-inspection/6a93d6db-2aaa-4c75-8aee-981b5880b2f2_1000.jpg!m_fill,w_280,h_210,f_jpg?from=ke.com
20241021,海淀,清河,101124083785,信息科技大学家属楼11月份满5年唯一精装修。,345万,51570元/平,中楼层 (共4层) 2室1厅 | 66.9平米 | 南 北,https://ke-image.ljcdn.com/110000-inspection/67fb82fe-9af9-497e-bcd1-955fb8f035f2_1000.jpg!m_fill,w_280,h_210,f_jpg?from=ke.com
20241021,海淀,清河,101124067339,小营东路6号院 2室1厅 南 北房主自荐,408万,69625元/平,中楼层 (共6层) 2室1厅 | 58.6平米 | 南 北,https://ke-image.ljcdn.com/110000-inspection/493858a5-ba51-45ab-9039-c15cf0299dbc_1000.jpg!m_fill,w_280,h_210,f_jpg?from=ke.com
20241021,海淀,清河,101124052467,此房位于永泰园新风景2003年南向采光充足；,480万,84911元/平,高楼层 (共10层) | 2003年 | 1室1厅 | 56.53平米 | 南,https://ke-image.ljcdn.com/110000-inspection/72acad14-e138-4d46-b79e-274f2288bf4c_1000.jpg!m_fill,w_280,h_210,f_jpg?from=ke.com
20241021,海淀,清河,101124048012,宝盛北里小区 南北通透一居室 低楼层 2004年小区,410万,60401元/平,底层 (共6层) | 2004年 | 1室1厅 | 67.88平米 | 南 北,https://ke-image.ljcdn.com/110000-inspection/pc1_mFNuyQLW3_1.jpg!m_fill,w_280,h_210,f_jpg?from=ke.com
20241021,海淀,清河,101124026113,永泰园   永泰庄清河小营桥两居室,609万,62674元/平,低楼层 (共17层) | 2003年 | 2室1厅 | 97.17平米 | 东北,https://ke-image.ljcdn.com/110000-inspection/pc1_f8vqBvWwp_1.jpg!m_fill,w_280,h_210,f_jpg?from=ke.com
20241021,海淀,清河,101124013617,永泰园 双地铁  南北通透 中间层 诚心出售,570万,61357元/平,中楼层 (共6层) | 2003年 | 2室1厅 | 92.9平米 | 南 北,https://ke-image.ljcdn.com/110000-inspection/pc1_uJoeK5VWD_1.jpg!m_fill,w_280,h_210,f_jpg?from=ke.com
20241021,海淀,清河,101123973795,店长力荐电梯直达宝盛北里南北通透次顶层三居,930万,66576元/平,高楼层 (共9层) 3室1厅 | 139.69平米 | 南 北,https://ke-image.ljcdn.com/110000-inspection/pc1_WsGsZKo4W_1.jpg!m_fill,w_280,h_210,f_jpg?from=ke.com
20241021,海淀,清河,101123955154,清河小营桥地铁站旁 砂轮厂宿舍,305万,64076元/平,顶层 (共5层) 2室1厅 | 47.6平米 | 南 北,https://ke-image.ljcdn.com/110000-inspection/e1034fc5-30ae-4e3c-86be-c15bb546ae42_1000.jpg!m_fill,w_280,h_210,f_jpg?from=ke.com
20241021,海淀,清河,101123951793,世华龙樾一期西区 南北两居 人车分流 交通便利 诚售,589万,76187元/平,顶层 (共15层) | 2018年 | 2室1厅 | 77.31平米 | 南 北,https://ke-image.ljcdn.com/110000-inspection/pc1_IElSC9eSi_1.jpg!m_fill,w_280,h_210,f_jpg?from=ke.com
20241021,海淀,清河,101123950324,花园新区 2室2厅 西南,650万,53327元/平,底层 (共20层) | 2010年 | 2室2厅 | 121.89平米 | 西南,https://ke-image.ljcdn.com/110000-inspection/854304ba-d3c1-4f71-ab54-222899e1bc32_1000.jpg!m_fill,w_280,h_210,f_jpg?from=ke.com
20241021,海淀,清河,101123917464,二居室满五年唯一无遮挡看房方便,570万,64436元/平,高楼层 (共28层) | 2006年 | 2室1厅 | 88.46平米 | 西 北,https://ke-image.ljcdn.com/110000-inspection/pc1_hqi7IrmSk_1.jpg!m_fill,w_280,h_210,f_jpg?from=ke.com
20241021,海淀,清河,101123908963,强佑清河新城府学上院东向两居室,470万,79433元/平,高楼层 (共14层) | 2021年 | 2室1厅 | 59.17平米 | 东,https://ke-image.ljcdn.com/110000-inspection/4607e211-c665-4071-9a6b-ba9f30925632_1000.jpg!m_fill,w_280,h_210,f_jpg?from=ke.com
20241021,海淀,清河,101123896098,清缘东里小区面朝花园春暖花开房主自荐,615万,70318元/平,底层 (共13层) 2室1厅 | 87.46平米 | 南,https://ke-image.ljcdn.com/110000-inspection/ce4e0063-e55c-41b2-ae2b-57096ec41aba_1000.jpg!m_fill,w_280,h_210,f_jpg?from=ke.com
20241021,海淀,清河,101123893214,精装两居南北通透采光好视野开阔看房方便。房主自荐,429万,68531元/平,顶层 (共6层) 2室1厅 | 62.6平米 | 南 北,https://ke-image.ljcdn.com/110000-inspection/cc1a93d4-9fbb-450f-af1b-adbaf3d915c8_1000.jpg!m_fill,w_280,h_210,f_jpg?from=ke.com
20241021,海淀,清河,101123886908,商圈总监领导推荐中间楼层一居室总价合适,269万,55972元/平,中楼层 (共6层) 1室1厅 | 48.06平米 | 西,https://ke-image.ljcdn.com/110000-inspection/pc1_YZVmLkY9G_1.jpg!m_fill,w_280,h_210,f_jpg?from=ke.com
20241021,海淀,清河,101123886251,满五唯一精装修正规二居南北通透采光好,750万,76641元/平,低楼层 (共19层) | 2009年 | 2室1厅 | 97.86平米 | 南 北,https://ke-image.ljcdn.com/110000-inspection/0236fa36-2534-4fb8-b986-b0b683e6f3a8_1000.jpg!m_fill,w_280,h_210,f_jpg?from=ke.com
20241021,海淀,清河,101123885144,清河永泰庄6号院 两居 中间层 精装修 可拎包入住,389万,64726元/平,中楼层 (共6层) 2室1厅 | 60.1平米 | 南 北,https://ke-image.ljcdn.com/110000-inspection/077426f1-4960-408c-9789-d76aae189008_1000.jpg!m_fill,w_280,h_210,f_jpg?from=ke.com
20241021,海淀,清河,101123873793,总监推荐 宝盛里 满五年 南向一室一厅 二层,320万,60276元/平,低楼层 (共6层) 1室1厅 | 53.09平米 | 南,https://ke-image.ljcdn.com/110000-inspection/9f89e3dc-8abf-416e-a433-c75444337a43_1000.jpg!m_fill,w_280,h_210,f_jpg?from=ke.com
20241021,海淀,清河,101123866269,北五环随时看房两居室。清景园钥匙两居室。随时看房,635万,63666元/平,高楼层 (共22层) 2室1厅 | 99.74平米 | 南,https://ke-image.ljcdn.com/110000-inspection/pc1_zefIj9eRm_1.jpg!m_fill,w_280,h_210,f_jpg?from=ke.com
20241021,海淀,清河,101123852457,621小区 2室1厅 东 南,445万,85577元/平,底层 (共6层) 2室1厅 | 52平米 | 东 南,https://ke-image.ljcdn.com/110000-inspection/82126c1f-9cec-4328-8cda-62bd59133aba_1000.jpg!m_fill,w_280,h_210,f_jpg?from=ke.com
20241021,海淀,清河,101123850299,美和园一居户型方正全明格局看房方便。房主自荐,445万,71200元/平,底层 (共6层) | 2009年 | 1室1厅 | 62.5平米 | 东 西,https://ke-image.ljcdn.com/110000-inspection/3aa09951-4e4d-4ae1-be48-084442db28d1_1000.jpg!m_fill,w_280,h_210,f_jpg?from=ke.com
20241021,海淀,清河,101123850148,橡树湾二期通透两居户型 视野景观开阔  安静诚意出售,840万,104232元/平,中楼层 (共11层) | 2009年 | 2室1厅 | 80.59平米 | 东 西,https://ke-image.ljcdn.com/110000-inspection/33002945-b568-4c1b-a6f8-b1e07f588cb7_1000.jpg!m_fill,w_280,h_210,f_jpg?from=ke.com
20241021,海淀,清河,101123839998,前屯路57号院满五年唯一空着有钥匙南向无遮挡,370万,73123元/平,低楼层 (共6层) 2室1厅 | 50.6平米 | 南,https://ke-image.ljcdn.com/110000-inspection/60ca2e31-ffd4-4745-a345-7927f593abac_1000.jpg!m_fill,w_280,h_210,f_jpg?from=ke.com
20241021,海淀,清河,101123834188,燕清源南向 满五唯一 近地铁 绿化高 环境好房主自荐,328万,77947元/平,低楼层 (共28层) | 2006年 | 1室1厅 | 42.08平米 | 南,https://ke-image.ljcdn.com/110000-inspection/1ecd5731-e48f-40f1-b617-610d3d4e1091_1000.jpg!m_fill,w_280,h_210,f_jpg?from=ke.com
20241021,海淀,清河,101123829448,店长推荐宝盛里正规一居室满五唯一视野采光好,309万,52065元/平,顶层 (共5层) 1室1厅 | 59.35平米 | 东 西,https://ke-image.ljcdn.com/110000-inspection/pc1_8vVaBeRGQ_1.jpg!m_fill,w_280,h_210,f_jpg?from=ke.com
20241021,海淀,清河,101123820013,621小区 2室1厅 南 北,450万,90181元/平,底层 (共6层) 2室1厅 | 49.9平米 | 南 北,https://ke-image.ljcdn.com/110000-inspection/pc1_kFJ4tlUqp.jpg!m_fill,w_280,h_210,f_jpg?from=ke.com
20241021,海淀,清河,101123816300,北京机械学院家属院 精装修三居室 满五年唯一商品房,430万,74395元/平,底层 (共5层) | 1981年 | 3室1厅 | 57.8平米 | 南 西 北,https://ke-image.ljcdn.com/110000-inspection/0eaa1277-2695-4cd7-8154-64880b46537f_1000.jpg!m_fill,w_280,h_210,f_jpg?from=ke.com
20241021,海淀,清河,101123811841,观林园两居室满五年唯一得房率90%,700万,72978元/平,高楼层 (共6层) | 2008年 | 2室1厅 | 95.92平米 | 南 北,https://ke-image.ljcdn.com/110000-inspection/8a1f06c0-5cfe-41d8-b7b7-6e566a79b8d9_1000.jpg!m_fill,w_280,h_210,f_jpg?from=ke.com
20241021,海淀,清河,101123805150,观澳园北区南北通透一居室满五年唯一格局好,550万,77226元/平,底层 (共7层) 1室1厅 | 71.22平米 | 南 北,https://ke-image.ljcdn.com/110000-inspection/pc1_f1t6Lh52j.jpg!m_fill,w_280,h_210,f_jpg?from=ke.com
20241021,海淀,清河,101123744350,清河文苑 4室2厅 西 南,1000万,67733元/平,中楼层 (共22层) 4室2厅 | 147.64平米 | 西 南,https://ke-image.ljcdn.com/110000-inspection/bcbddc56-54e5-46d4-8382-6fc73ea63306_1000.jpg!m_fill,w_280,h_210,f_jpg?from=ke.com
20241021,海淀,清河,101123739136,南北通透电梯3居室满五年唯一中间位置中高楼层,1130万,97414元/平,高楼层 (共16层) | 2012年 | 3室2厅 | 116平米 | 南 北,https://ke-image.ljcdn.com/110000-inspection/pc1_uwikjEnz2_1.jpg!m_fill,w_280,h_210,f_jpg?from=ke.com
20241021,海淀,清河,101123737104,清缘东里二期一居带电梯一梯三户公摊小,260万,77775元/平,中楼层 (共9层) 1室1厅 | 33.43平米 | 西北,https://ke-image.ljcdn.com/110000-inspection/d317394f-e8a2-4cc2-b613-34f036714a42_1000.jpg!m_fill,w_280,h_210,f_jpg?from=ke.com
20241021,海淀,清河,101123699964,世华龙樾一期西区精装修南向一居室,500万,88496元/平,低楼层 (共17层) | 2018年 | 1室1厅 | 56.5平米 | 南,https://ke-image.ljcdn.com/110000-inspection/8e4e6ce6-6537-4044-8c73-ee3e5cc3034f_1000.jpg!m_fill,w_280,h_210,f_jpg?from=ke.com
20241021,海淀,清河,101123684925,橡树湾一期  南北向三居  全明格局 视野开阔  无遮挡,1400万,119597元/平,低楼层 (共22层) | 2007年 | 3室2厅 | 117.06平米 | 南 北,https://ke-image.ljcdn.com/110000-inspection/855a7629-ff2c-48dd-8642-57d1523cbdc7_1000.jpg!m_fill,w_280,h_210,f_jpg?from=ke.com
20241021,海淀,清河,101123679718,海淀清河永泰东里南北通透精装两居室,410万,67713元/平,高楼层 (共6层) 2室1厅 | 60.55平米 | 南 北,https://ke-image.ljcdn.com/110000-inspection/pc1_Ftq5Unxdm_1.jpg!m_fill,w_280,h_210,f_jpg?from=ke.com
20241021,海淀,清河,101123652411,毛纺厂南小区 2室1厅 南 北,328万,60406元/平,顶层 (共6层) 2室1厅 | 54.3平米 | 南 北,https://ke-image.ljcdn.com/110000-inspection/50c6fbea-f14c-43ad-b630-058cf36593de_1000.jpg!m_fill,w_280,h_210,f_jpg?from=ke.com
20241021,海淀,清河,101123640418,强佑清河新城府学上院 2室1厅 东南,835万,96644元/平,中楼层 (共29层) | 2021年 | 2室1厅 | 86.4平米 | 东南,https://ke-image.ljcdn.com/110000-inspection/7456e39a-bc05-4d5b-90b0-cd56577e80a1_1000.jpg!m_fill,w_280,h_210,f_jpg?from=ke.com
20241021,海淀,清河,101123636507,毛纺厂南小区 2室1厅 南 北,396万,73063元/平,顶层 (共5层) | 1980年 | 2室1厅 | 54.2平米 | 南 北,https://ke-image.ljcdn.com/110000-inspection/cba73c8f-447e-49cb-bc61-482e7659db0a_1000.jpg!m_fill,w_280,h_210,f_jpg?from=ke.com
20241021,海淀,清河,101123631488,清河文苑高楼层无遮挡视野好电梯房采光好,890万,60545元/平,顶层 (共24层) 4室2厅 | 147平米 | 西 南,https://ke-image.ljcdn.com/110000-inspection/43274a38-1b99-4077-afd7-5a3e8132c9ea_1000.jpg!m_fill,w_280,h_210,f_jpg?from=ke.com
20241021,海淀,清河,101123599206,满五唯一位置视野好客厅改造后可多个房间房主自荐,388万,63722元/平,低楼层 (共6层) 2室1厅 | 60.89平米 | 南 北,https://ke-image.ljcdn.com/110000-inspection/055d29b3-d4d6-46ae-ab9b-b682af22b771_1000.jpg!m_fill,w_280,h_210,f_jpg?from=ke.com
20241021,海淀,清河,101123596353,清河永泰庄路6号院南北通透两居室中间层,400万,69590元/平,低楼层 (共6层) 2室1厅 | 57.48平米 | 南 北,https://ke-image.ljcdn.com/110000-inspection/81a9bb9a-606d-4bb5-830c-9e611143ca17_1000.jpg!m_fill,w_280,h_210,f_jpg?from=ke.com
20241021,海淀,清河,101123589467,橡树湾五期 南北通透格局 正对小区花园 不临街 采光好,2600万,140503元/平,低楼层 (共16层) 4室2厅 | 185.05平米 | 南 北,https://ke-image.ljcdn.com/110000-inspection/7651e150-9bd3-4720-9624-3ab5ef96aed3_1000.jpg!m_fill,w_280,h_210,f_jpg?from=ke.com
20241021,海淀,清河,101123577197,观景园  全明格局位置安静满五唯一,699万,81621元/平,底层 (共6层) | 2008年 | 2室1厅 | 85.64平米 | 东南,https://ke-image.ljcdn.com/110000-inspection/18ba6ad4-a506-4cf2-ad14-559a93730e73_1000.jpg!m_fill,w_280,h_210,f_jpg?from=ke.com
20241021,海淀,清河,101123577147,海淀区永泰庄6号院南北通透两居室,365万,69129元/平,底层 (共6层) 2室1厅 | 52.8平米 | 南 北,https://ke-image.ljcdn.com/110000-inspection/pc1_soE3qFtvS_1.jpg!m_fill,w_280,h_210,f_jpg?from=ke.com
20241021,海淀,清河,101123570469,海清园一居2001年商品房社区清河小营桥站房主自荐,373万,63870元/平,高楼层 (共18层) | 2001年 | 1室1厅 | 58.4平米 | 西北,https://ke-image.ljcdn.com/110000-inspection/pc1_QshGidU80_1.jpg!m_fill,w_280,h_210,f_jpg?from=ke.com
20241021,海淀,清河,101123549023,世华龙樾一期西区 全南向两居室 价格可以谈,640万,84456元/平,低楼层 (共18层) | 2014年 | 2室1厅 | 75.78平米 | 南,https://ke-image.ljcdn.com/110000-inspection/pc1_uFLFqCuk5_1.jpg!m_fill,w_280,h_210,f_jpg?from=ke.com
20241021,海淀,清河,101123542016,橡树湾四期有钥匙随时看房高层视野棒采光好,2030万,114277元/平,高楼层 (共25层) | 2014年 | 3室1厅 | 177.64平米 | 南 北,https://ke-image.ljcdn.com/110000-inspection/pc1_7PnKIjs8S_1.jpg!m_fill,w_280,h_210,f_jpg?from=ke.com
20241021,海淀,清河,101123509936,橡树湾一期 3室2厅 南 北,1790万,139354元/平,低楼层 (共16层) | 2007年 | 3室2厅 | 128.45平米 | 南 北,https://ke-image.ljcdn.com/110000-inspection/6b3227df-51ed-4938-94c3-801f340fd89d_1000.jpg!m_fill,w_280,h_210,f_jpg?from=ke.com
20241021,海淀,清河,101123480764,永泰东里 中间层两居 南北通透 只有契税 业主诚售,420万,73031元/平,低楼层 (共6层) | 1996年 | 2室1厅 | 57.51平米 | 南 北,https://ke-image.ljcdn.com/110000-inspection/3ae21f7e-55f8-4118-8aaf-e89c79fee60f_1000.jpg!m_fill,w_280,h_210,f_jpg?from=ke.com
20241021,海淀,清河,101123473175,世华龙樾一期东区全明三居毛坯次新房。只有契税。,1699万,133036元/平,中楼层 (共18层) | 2014年 | 3室2厅 | 127.71平米 | 东南 北,https://ke-image.ljcdn.com/110000-inspection/pc1_pXKFRcBFh_1.jpg!m_fill,w_280,h_210,f_jpg?from=ke.com
20241021,海淀,清河,101123471739,橡树湾四期精装拎包入住观景楼层全明户型,1890万,117428元/平,高楼层 (共20层) | 2013年 | 3室2厅 | 160.95平米 | 南 北,https://ke-image.ljcdn.com/110000-inspection/pc1_2W8z7OazQ_1.jpg!m_fill,w_280,h_210,f_jpg?from=ke.com
20241021,海淀,清河,101123467608,芳清园 1室1厅 西,550万,77871元/平,顶层 (共9层) | 2007年 | 1室1厅 | 70.63平米 | 西,https://ke-image.ljcdn.com/110000-inspection/pc1_KjO9XMBnO_1.jpg!m_fill,w_280,h_210,f_jpg?from=ke.com
20241021,海淀,清河,101123459560,毛纺厂南小区低楼层南北通透两居室采光充足,354万,65194元/平,低楼层 (共6层) 2室1厅 | 54.3平米 | 南 北,https://ke-image.ljcdn.com/110000-inspection/pc1_iHQSxnJDJ_1.jpg!m_fill,w_280,h_210,f_jpg?from=ke.com
20241021,海淀,清河,101123455863,永泰园带电梯西南两居 满五年唯一商品房房主自荐,650万,58083元/平,低楼层 (共31层) | 2002年 | 3室1厅 | 111.91平米 | 西南,https://ke-image.ljcdn.com/110000-inspection/7443a511-b8e1-46e8-aa5c-6bf6802db95e_1000.jpg!m_fill,w_280,h_210,f_jpg?from=ke.com
20241021,海淀,清河,101123455193,强佑清河新城府学上院 1室1厅 西 北,308万,81032元/平,高楼层 (共18层) | 2020年 | 1室1厅 | 38.01平米 | 西 北,https://ke-image.ljcdn.com/110000-inspection/d390fa1e-9ce4-4ea7-8af8-5caccfebfeca_1000.jpg!m_fill,w_280,h_210,f_jpg?from=ke.com
20241021,海淀,清河,101123452180,社会福利院家属楼 2室1厅 东 西,380万,77869元/平,底层 (共6层) 2室1厅 | 48.8平米 | 东 西,https://ke-image.ljcdn.com/110000-inspection/pc1_WdHWPEzgQ.jpg!m_fill,w_280,h_210,f_jpg?from=ke.com
20241021,海淀,清河,101123442444,优选房源 橡树湾三期 精装修 高层4居室 视野宽阔房主自荐,2280万,118652元/平,高楼层 (共25层) | 2011年 | 4室2厅 | 192.16平米 | 东 南 北,https://ke-image.ljcdn.com/110000-inspection/2e1a977f-ba2f-4d58-8509-80fb414b3731_1000.jpg!m_fill,w_280,h_210,f_jpg?from=ke.com
20241021,海淀,清河,101123424996,橡林郡楼下对着小区院内位置安静可以多贷款,950万,108201元/平,高楼层 (共18层) 2室1厅 | 87.8平米 | 南,https://ke-image.ljcdn.com/110000-inspection/193a5884-21ee-4be1-9a6a-9a47fa8b0e53_1000.jpg!m_fill,w_280,h_210,f_jpg?from=ke.com
20241021,海淀,清河,101123421015,清河店长推荐永泰东里明厅三居室,613万,77409元/平,中楼层 (共6层) 3室1厅 | 79.19平米 | 东 南 北,https://ke-image.ljcdn.com/110000-inspection/23cd6e60-a4b2-4135-90d0-2ca7544ec222_1000.jpg!m_fill,w_280,h_210,f_jpg?from=ke.com
20241021,海淀,清河,101123410726,精装修四居室 保持好 无遮挡 满五年,2300万,120099元/平,中楼层 (共25层) | 2014年 | 4室2厅 | 191.51平米 | 南 西 北,https://ke-image.ljcdn.com/110000-inspection/pc1_0zojs0h8y_1.jpg!m_fill,w_280,h_210,f_jpg?from=ke.com
20241021,海淀,清河,101123383347,强佑清河新城府学上院优质小开间房主自荐,232万,91773元/平,高楼层 (共18层) | 2020年 | 1室0厅 | 25.28平米 | 西,https://ke-image.ljcdn.com/110000-inspection/pc1_Xh1qAxBiV_1.jpg!m_fill,w_280,h_210,f_jpg?from=ke.com
20241021,海淀,清河,101123359793,此房满五年唯一只有契税精装修拎包入住房主自荐,750万,103506元/平,低楼层 (共18层) | 2011年 | 1室1厅 | 72.46平米 | 东,https://ke-image.ljcdn.com/110000-inspection/7f6a9cb9-0be3-4732-994e-bbe6bd0bc0f1_1000.jpg!m_fill,w_280,h_210,f_jpg?from=ke.com
20241021,海淀,清河,101123352322,清河文苑 2室1厅 西,650万,60130元/平,高楼层 (共24层) 2室1厅 | 108.1平米 | 西,https://ke-image.ljcdn.com/110000-inspection/b65c9138-014c-4a99-b544-d133fb87a6e4_1000.jpg!m_fill,w_280,h_210,f_jpg?from=ke.com
20241021,海淀,清河,101123334087,一层南向两居室明厨明卫层高3米1采光好无遮挡房主自荐,450万,66965元/平,底层 (共4层) 2室1厅 | 67.2平米 | 南,https://ke-image.ljcdn.com/110000-inspection/pc1_Vo34zPN8w.jpg!m_fill,w_280,h_210,f_jpg?from=ke.com
20241021,海淀,清河,101123316172,文龙家园精装修二居满五年地铁八号线西小口站,700万,89836元/平,中楼层 (共15层) | 2018年 | 2室1厅 | 77.92平米 | 南 北,https://ke-image.ljcdn.com/110000-inspection/pc1_Kq3RZjeRO_1.jpg!m_fill,w_280,h_210,f_jpg?from=ke.com
20241021,海淀,清河,101123310775,君安家园东区 3室1厅 东 北,880万,61278元/平,低楼层 (共20层) 3室1厅 | 143.61平米 | 东 北,https://ke-image.ljcdn.com/110000-inspection/pc1_ORCsxsYw9_1.jpg!m_fill,w_280,h_210,f_jpg?from=ke.com
20241021,海淀,清河,101123303658,强佑清河新城府学上院 2室2厅 南 北,1250万,97940元/平,高楼层 (共29层) | 2021年 | 2室2厅 | 127.63平米 | 南 北,https://ke-image.ljcdn.com/110000-inspection/pc1_O6OLqE0Dd_1.jpg!m_fill,w_280,h_210,f_jpg?from=ke.com
20241021,海淀,清河,101123298484,橡树湾四期 2室1厅 东南,1028万,102096元/平,低楼层 (共25层) | 2014年 | 2室1厅 | 100.69平米 | 东南,https://ke-image.ljcdn.com/110000-inspection/4332ee25-c655-472b-9add-ac9450d6ac58_1000.jpg!m_fill,w_280,h_210,f_jpg?from=ke.com
20241021,海淀,清河,101123281444,四期 装修保养如新 位置安静 不临街 户型方正 诚意卖,1118万,128109元/平,中楼层 (共20层) | 2013年 | 2室1厅 | 87.27平米 | 西,https://ke-image.ljcdn.com/110000-inspection/6a44a2ac-f2a6-4db1-a15f-af195a0f2b5d_1000.jpg!m_fill,w_280,h_210,f_jpg?from=ke.com
20241021,海淀,清河,101123252032,中央财经大学家属楼 南北通透两居室 诚意出售房主自荐,439万,70128元/平,低楼层 (共6层) 2室1厅 | 62.6平米 | 南 北,https://ke-image.ljcdn.com/110000-inspection/69bb3ac5-763a-405c-b23e-d570016d6d86_1000.jpg!m_fill,w_280,h_210,f_jpg?from=ke.com
20241021,海淀,清河,101123250609,强佑清河新城府学上院优质两居室,739万,84612元/平,低楼层 (共27层) | 2012年 | 2室1厅 | 87.34平米 | 南 西,https://ke-image.ljcdn.com/110000-inspection/d7e86d2c-13a0-46dc-98f2-85f07a469072_1000.jpg!m_fill,w_280,h_210,f_jpg?from=ke.com
20241021,海淀,清河,101123219366,此房满五年唯一  全明格局 随时签约 位置安静,380万,80800元/平,低楼层 (共18层) | 2009年 | 1室1厅 | 47.03平米 | 西北,https://ke-image.ljcdn.com/110000-inspection/pc1_NNIMYD49m_1.jpg!m_fill,w_280,h_210,f_jpg?from=ke.com
20241021,海淀,清河,101123215649,621小区中间层两居室诚意出售,495万,90660元/平,中楼层 (共6层) 2室1厅 | 54.6平米 | 南 北,https://ke-image.ljcdn.com/110000-inspection/9601559d-ff37-4fb1-b824-e4b00243d802_1000.jpg!m_fill,w_280,h_210,f_jpg?from=ke.com
20241021,海淀,清河,101123209203,宝盛里中间层正规一居室满五年唯一商品房诚心出售,312万,54101元/平,中楼层 (共5层) | 2002年 | 1室1厅 | 57.67平米 | 西,https://ke-image.ljcdn.com/110000-inspection/b13a9d0c-cd00-447c-817e-51304ccd6ef3_1000.jpg!m_fill,w_280,h_210,f_jpg?from=ke.com
20241021,海淀,清河,101123198366,强佑清河新城府学上院东向正规两居室房主自荐,645万,65350元/平,高楼层 (共27层) | 2009年 | 2室1厅 | 98.7平米 | 东,https://ke-image.ljcdn.com/110000-inspection/pc1_uyMZCmFcv_1.jpg!m_fill,w_280,h_210,f_jpg?from=ke.com
20241021,海淀,清河,101123163304,落地窗 南北两居  满五唯一 双卫 可预约看房,745万,67574元/平,低楼层 (共21层) | 2004年 | 2室2厅 | 110.25平米 | 南 北,https://ke-image.ljcdn.com/110000-inspection/b31f8350-aed2-4e64-8566-ff5057fa812d_1000.jpg!m_fill,w_280,h_210,f_jpg?from=ke.com
20241021,海淀,清河,101123145535,此房满五唯一南向正规一室一厅楼层高视野好,560万,80855元/平,中楼层 (共28层) | 2006年 | 1室1厅 | 69.26平米 | 南,https://ke-image.ljcdn.com/110000-inspection/pc1_p8DGmGfqc_1.jpg!m_fill,w_280,h_210,f_jpg?from=ke.com
20241021,海淀,清河,101123144290,永泰园2002年电梯直达诚心出售,618万,66182元/平,高楼层 (共31层) 2室1厅 | 93.38平米 | 西南,https://ke-image.ljcdn.com/110000-inspection/pc1_kmiu0Hnp7_1.jpg!m_fill,w_280,h_210,f_jpg?from=ke.com
20241021,海淀,清河,101123135544,金隅美和园东区 3室2厅 南 北,791万,92149元/平,底层 (共6层) | 2010年 | 3室2厅 | 85.84平米 | 南 北,https://ke-image.ljcdn.com/110000-inspection/6164f87f-681c-41b8-95f3-5bc1518a866a_1000.jpg!m_fill,w_280,h_210,f_jpg?from=ke.com
20241021,海淀,清河,101123122319,橡树湾四期 2室1厅 东南,1200万,119511元/平,中楼层 (共20层) | 2013年 | 2室1厅 | 100.41平米 | 东南,https://ke-image.ljcdn.com/110000-inspection/ba9d59a7-5973-417a-bbe9-fa72bbf7244f_1000.jpg!m_fill,w_280,h_210,f_jpg?from=ke.com
20241021,海淀,清河,101123094159,橡树湾一期南北通透高层三居采光视野好看房方便,1649万,130089元/平,高楼层 (共18层) | 2007年 | 3室2厅 | 126.76平米 | 南 北,https://ke-image.ljcdn.com/110000-inspection/pc1_xwFE5kylW_1.jpg!m_fill,w_280,h_210,f_jpg?from=ke.com
20241021,海淀,清河,101123056825,永泰园南北通透两居室 拎包入住,435万,63412元/平,高楼层 (共6层) 2室1厅 | 68.6平米 | 南 北,https://ke-image.ljcdn.com/110000-inspection/pc1_8C0nsHvw9_1.jpg!m_fill,w_280,h_210,f_jpg?from=ke.com
20241021,海淀,清河,101123011326,装修保养如新 少有的两居户型 采光好 居住舒适度高,1080万,126568元/平,低楼层 (共18层) | 2013年 | 2室1厅 | 85.33平米 | 东,https://ke-image.ljcdn.com/110000-inspection/adf7d4ea-4b47-4266-b0d7-991879c0f2a1_1000.jpg!m_fill,w_280,h_210,f_jpg?from=ke.com
20241021,海淀,清河,101123007095,橡树湾二期双卧朝南不临街舒适南北大平层随时看,2380万,113151元/平,中楼层 (共9层) 3室2厅 | 210.34平米 | 南 北,https://ke-image.ljcdn.com/110000-inspection/1e2459dd-9bac-4c75-97d5-fbdc050bd308_1000.jpg!m_fill,w_280,h_210,f_jpg?from=ke.com
20241021,海淀,清河,101122998721,橡树湾二期 南北通透大三居目前四居格局,2200万,124830元/平,中楼层 (共16层) | 2009年 | 3室1厅 | 176.24平米 | 南 北,https://ke-image.ljcdn.com/110000-inspection/pc1_2gvJ1GahI_1.jpg!m_fill,w_280,h_210,f_jpg?from=ke.com
20241021,海淀,清河,101122978235,永泰园 3室1厅 南 北,570万,69759元/平,中楼层 (共5层) 3室1厅 | 81.71平米 | 南 北,https://ke-image.ljcdn.com/110000-inspection/a82f424a-07ec-4457-8ed0-1d93f9b189ff_1000.jpg!m_fill,w_280,h_210,f_jpg?from=ke.com
20241021,海淀,清河,101122957292,毛纺厂南小区 3室1厅 南 北,530万,76259元/平,高楼层 (共6层) | 1987年 | 3室1厅 | 69.5平米 | 南 北,https://ke-image.ljcdn.com/110000-inspection/b89e44db-d469-45fc-9fdb-52932a799d48_1000.jpg!m_fill,w_280,h_210,f_jpg?from=ke.com
20241021,海淀,清河,101122950490,芳清园 1室1厅 东,630万,80082元/平,高楼层 (共9层) | 2007年 | 1室1厅 | 78.67平米 | 东,https://ke-image.ljcdn.com/110000-inspection/c6e55c6c-919b-495a-a371-fdd7075a4d85_1000.jpg!m_fill,w_280,h_210,f_jpg?from=ke.com
20241021,海淀,清河,101122936870,永泰园 1室1厅 南,408万,66450元/平,中楼层 (共6层) 1室1厅 | 61.4平米 | 南,https://ke-image.ljcdn.com/110000-inspection/0576d35a-1fcb-42bd-9c5c-e5dea9944026_1000.jpg!m_fill,w_280,h_210,f_jpg?from=ke.com
20241021,海淀,清河,101122915421,宝盛北里西区 精装三居两厅  采光好 有车位房主自荐,660万,63383元/平,顶层 (共6层) 3室2厅 | 104.13平米 | 南 西 北,https://ke-image.ljcdn.com/110000-inspection/0515c0b1-d295-4da2-9800-e93d069030ff_1000.jpg!m_fill,w_280,h_210,f_jpg?from=ke.com
20241021,海淀,清河,101122903236,宝盛里观澳园新小区电梯房看房方便房主自荐,358万,86894元/平,中楼层 (共6层) | 2006年 | 1室0厅 | 41.2平米 | 西,https://ke-image.ljcdn.com/110000-inspection/8f4bb72e-92b8-4f36-8285-f6b885350460_1000.jpg!m_fill,w_280,h_210,f_jpg?from=ke.com
20241021,海淀,清河,101122831842,宝盛北里 1室1厅 南房主自荐,378万,55248元/平,顶层 (共6层) 1室1厅 | 68.42平米 | 南,https://ke-image.ljcdn.com/110000-inspection/5e1cba60-ad2d-45bc-a409-7db7117a9802_1000.jpg!m_fill,w_280,h_210,f_jpg?from=ke.com
20241021,海淀,清河,101122819825,清河永泰小区东里 两居室 中间层,360万,62048元/平,中楼层 (共6层) 2室1厅 | 58.02平米 | 东 西,https://ke-image.ljcdn.com/110000-inspection/pc1_bcGwc1XAg_1.jpg!m_fill,w_280,h_210,f_jpg?from=ke.com
20241021,海淀,清河,101122815917,中间楼层视野开阔采光好居住保养新稳定出售,1100万,112222元/平,低楼层 (共18层) | 2013年 | 2室1厅 | 98.02平米 | 西南,https://ke-image.ljcdn.com/110000-inspection/d1dba515-78d8-49e0-85e1-1e00ec9af93a_1000.jpg!m_fill,w_280,h_210,f_jpg?from=ke.com
20241021,海淀,清河,101122800577,橡林郡 新上东向开间 2018年次新房 视野开阔 临近地铁,520万,110170元/平,顶层 (共21层) 1室0厅 | 47.2平米 | 东,https://ke-image.ljcdn.com/110000-inspection/65ac51f3-1140-43f1-a455-ee4009c93d95_1000.jpg!m_fill,w_280,h_210,f_jpg?from=ke.com
20241021,海淀,清河,101122798301,清河宝盛里芳清园 南北通透三居室 诚心出售随时签约,985万,74588元/平,底层 (共6层) | 2007年 | 3室2厅 | 132.06平米 | 南 北,https://ke-image.ljcdn.com/110000-inspection/cb7530e7-4319-44b4-8f55-b738e89f37a0_1000.jpg!m_fill,w_280,h_210,f_jpg?from=ke.com
20241021,海淀,清河,101122786233,毛纺厂南小区 2室1厅 南 北,330万,66000元/平,底层 (共6层) | 1986年 | 2室1厅 | 50平米 | 南 北,https://ke-image.ljcdn.com/110000-inspection/fd74ef45-62fb-4808-a9af-98ab7230be62_1000.jpg!m_fill,w_280,h_210,f_jpg?from=ke.com
20241021,海淀,清河,101122770933,清秀阁全明格局南北通透两居室诚意出售,750万,83427元/平,中楼层 (共5层) 2室1厅 | 89.9平米 | 南 北,https://ke-image.ljcdn.com/110000-inspection/7e409678-a109-4bc8-bd29-778a5f81eb67_1000.jpg!m_fill,w_280,h_210,f_jpg?from=ke.com
20241021,海淀,清河,101122767001,清缘东里 不临街不把边  诚心出售 满五唯一,665万,78199元/平,低楼层 (共10层) | 2003年 | 2室1厅 | 85.04平米 | 南 北,https://ke-image.ljcdn.com/110000-inspection/pc1_4PVIrcXzg.jpg!m_fill,w_280,h_210,f_jpg?from=ke.com
20241021,海淀,清河,101122754159,强佑清河新城府学上院 2室1厅 东,649万,65755元/平,中楼层 (共27层) | 2009年 | 2室1厅 | 98.7平米 | 东,https://ke-image.ljcdn.com/110000-inspection/pc1_J1d9nWkNQ_1.jpg!m_fill,w_280,h_210,f_jpg?from=ke.com
20241021,海淀,清河,101122749352,砂轮厂宿舍四居室低楼层看房联系我,610万,74120元/平,底层 (共5层) 4室1厅 | 82.3平米 | 南 北,https://ke-image.ljcdn.com/110000-inspection/9b4b3dba-2eb5-4157-a6ed-8ec223e24f5f_1000.jpg!m_fill,w_280,h_210,f_jpg?from=ke.com
20241021,海淀,清河,101122728177,满五年唯一永泰园中间楼层两居室,420万,66784元/平,中楼层 (共6层) 2室1厅 | 62.89平米 | 东 西,https://ke-image.ljcdn.com/110000-inspection/pc1_v55jpCXSJ_1.jpg!m_fill,w_280,h_210,f_jpg?from=ke.com
20241021,海淀,清河,101122726598,橡树湾四期满五唯一诚意出售,1650万,119091元/平,低楼层 (共16层) | 2014年 | 3室1厅 | 138.55平米 | 东 西,https://ke-image.ljcdn.com/110000-inspection/3a7b9b41-9bf2-4d7d-a083-d44b1b8d3768_1000.jpg!m_fill,w_280,h_210,f_jpg?from=ke.com
20241021,海淀,清河,101122697552,橡树湾一期 东南两居室 满五唯一 好楼层,1100万,124675元/平,中楼层 (共18层) | 2007年 | 2室1厅 | 88.23平米 | 东南,https://ke-image.ljcdn.com/110000-inspection/pc1_i958TWUL4_1.jpg!m_fill,w_280,h_210,f_jpg?from=ke.com
20241021,海淀,清河,101122692181,永泰东里 满五唯一 商品房 全明三居 紧挨永泰庄地铁,510万,59740元/平,顶层 (共6层) 3室1厅 | 85.37平米 | 南 西 北,https://ke-image.ljcdn.com/110000-inspection/pc1_WiphdqCWm_1.jpg!m_fill,w_280,h_210,f_jpg?from=ke.com
20241021,海淀,清河,101122686632,强佑府学上院人车分流设计环境好楼龄新房主自荐,369万,65612元/平,中楼层 (共27层) | 2009年 | 2室1厅 | 56.24平米 | 东北,https://ke-image.ljcdn.com/110000-inspection/215bd319-9e3c-41b0-bbd3-4bb9d37ad69b_1000.jpg!m_fill,w_280,h_210,f_jpg?from=ke.com
20241021,海淀,清河,101122685652,永泰园正规一居室中间层 满五年唯一商品房 无抵押,295万,58930元/平,中楼层 (共6层) 1室1厅 | 50.06平米 | 北,https://ke-image.ljcdn.com/110000-inspection/pc1_Ljwg0DBha_1.jpg!m_fill,w_280,h_210,f_jpg?from=ke.com
20241021,海淀,清河,101122662213,橡树湾五期  视野开阔 不临街 观景区 随时看 前后花园,2950万,159417元/平,中楼层 (共16层) 4室2厅 | 185.05平米 | 南 北,https://ke-image.ljcdn.com/110000-inspection/60495752-45ae-4518-8917-a19dd5e48205_1000.jpg!m_fill,w_280,h_210,f_jpg?from=ke.com
20241021,海淀,清河,101122656132,小营东路6号院 2室1厅 南 北,680万,80066元/平,高楼层 (共6层) 2室1厅 | 84.93平米 | 南 北,https://ke-image.ljcdn.com/110000-inspection/pc1_8rfzmhuJ3_1.jpg!m_fill,w_280,h_210,f_jpg?from=ke.com
20241021,海淀,清河,101122636723,观景园 2室1厅 南 北,890万,81197元/平,底层 (共6层) 2室1厅 | 109.61平米 | 南 北,https://ke-image.ljcdn.com/110000-inspection/8f780291-6d3f-422f-8ad1-09e1401a3e69_1000.jpg!m_fill,w_280,h_210,f_jpg?from=ke.com
20241021,海淀,清河,101122609382,强佑清河新城府学上院 1室1厅 西北,410万,86994元/平,中楼层 (共24层) | 2020年 | 1室1厅 | 47.13平米 | 西北,https://ke-image.ljcdn.com/110000-inspection/pc1_5Z600lmWt_1.jpg!m_fill,w_280,h_210,f_jpg?from=ke.com
20241021,海淀,清河,101122583837,毛纺厂西小区 3室1厅 南 北,570万,84822元/平,顶层 (共6层) 3室1厅 | 67.2平米 | 南 北,https://ke-image.ljcdn.com/110000-inspection/1ec1d813-ff8d-4897-a7ac-951ae9082ad6_1000.jpg!m_fill,w_280,h_210,f_jpg?from=ke.com
20241021,海淀,清河,101122580561,强佑清河新城府学上院精装修两居室户型方正楼龄新房主自荐,688万,82812元/平,低楼层 (共29层) | 2021年 | 2室1厅 | 83.08平米 | 西北,https://ke-image.ljcdn.com/110000-inspection/pc1_9yvEZvn0A_1.jpg!m_fill,w_280,h_210,f_jpg?from=ke.com
20241021,海淀,清河,101122567603,海淀产权 满五唯一  近奥森  南北通透房主自荐,759万,74764元/平,低楼层 (共7层) 2室1厅 | 101.52平米 | 南 北,https://ke-image.ljcdn.com/110000-inspection/621e8fd8-d8a0-4435-803c-1ccb59439279_1000.jpg!m_fill,w_280,h_210,f_jpg?from=ke.com
20241021,海淀,清河,101122566605,观林园正规三居室奥森小区密度小房主自荐,1320万,92632元/平,低楼层 (共6层) | 2011年 | 3室1厅 | 142.5平米 | 南 西 北,https://ke-image.ljcdn.com/110000-inspection/pc1_C9ibJHS7a_1.jpg!m_fill,w_280,h_210,f_jpg?from=ke.com
20241021,海淀,清河,101122534073,后屯路32号院 地铁8号线永泰庄 一层南北通透 看房方便,520万,70961元/平,底层 (共6层) 2室1厅 | 73.28平米 | 南 北,https://ke-image.ljcdn.com/110000-inspection/pc1_OErT1s8hV.jpg!m_fill,w_280,h_210,f_jpg?from=ke.com
20241021,海淀,清河,101122480487,永泰东里三居中间层满5唯一户型方正采光充足,480万,68513元/平,高楼层 (共6层) 3室1厅 | 70.06平米 | 东 南 西,https://ke-image.ljcdn.com/110000-inspection/b1ccc705-6e84-426e-91d3-af786bf00913_1000.jpg!m_fill,w_280,h_210,f_jpg?from=ke.com
20241021,海淀,清河,101122431729,燕清源南向一居采光好精装修,349万,82938元/平,顶层 (共28层) 1室1厅 | 42.08平米 | 南,https://ke-image.ljcdn.com/110000-inspection/51c689d2-6bed-4fe7-94ed-40a0dd06edae_1000.jpg!m_fill,w_280,h_210,f_jpg?from=ke.com
20241021,海淀,清河,101122412138,观林园 南北向 近奥森 电梯 满五唯一,899万,81373元/平,底层 (共6层) 2室2厅 | 110.48平米 | 南 北,https://ke-image.ljcdn.com/110000-inspection/pc1_p7G3KJufL_1.jpg!m_fill,w_280,h_210,f_jpg?from=ke.com
20241021,海淀,清河,101122409551,清河永泰庄 南北两居 诚意出售 小区中间位置 采光好房主自荐,299万,52019元/平,顶层 (共6层) 2室1厅 | 57.48平米 | 南 北,https://ke-image.ljcdn.com/110000-inspection/pc1_MOyFg44mT_1.jpg!m_fill,w_280,h_210,f_jpg?from=ke.com
20241021,海淀,清河,101122408190,海清园 2室1厅 户型方正 视野好,625万,71798元/平,中楼层 (共18层) 2室1厅 | 87.05平米 | 东北,https://ke-image.ljcdn.com/110000-inspection/pc1_vLoomfKxY_1.jpg!m_fill,w_280,h_210,f_jpg?from=ke.com
20241021,海淀,清河,101122401485,莱圳家园 南北通透 楼层好 采光好,860万,87881元/平,低楼层 (共19层) | 2009年 | 3室1厅 | 97.86平米 | 南 北,https://ke-image.ljcdn.com/110000-inspection/8f317fb6-38f9-49e4-943b-647dc327c9a6_1000.jpg!m_fill,w_280,h_210,f_jpg?from=ke.com
20241021,海淀,清河,101122400319,海淀清河 2001年的商品房 高楼层正规一居室随时签约,320万,56668元/平,高楼层 (共24层) 1室1厅 | 56.47平米 | 西,https://ke-image.ljcdn.com/110000-inspection/2a247b25-9409-4535-b736-85ac2b78b705_1000.jpg!m_fill,w_280,h_210,f_jpg?from=ke.com
20241021,海淀,清河,101122399013,永泰园满5年唯一2层南北通透无遮无挡,345万,60847元/平,中楼层 (共5层) 2室1厅 | 56.7平米 | 南 北,https://ke-image.ljcdn.com/110000-inspection/pc1_iQNOy6Mvg.jpg!m_fill,w_280,h_210,f_jpg?from=ke.com
20241021,海淀,清河,101122390554,强佑清河新城府学上院 3室2厅 南 北房主自荐,1146万,82275元/平,中楼层 (共27层) | 2009年 | 3室2厅 | 139.29平米 | 南 北,https://ke-image.ljcdn.com/110000-inspection/pc1_1OkHBH8Fg_1.jpg!m_fill,w_280,h_210,f_jpg?from=ke.com
20241021,海淀,清河,101122351594,合景映月台 满五年 装修保持好 物业管理好 近地铁公交,880万,113549元/平,低楼层 (共8层) | 2016年 | 2室1厅 | 77.5平米 | 南 北,https://ke-image.ljcdn.com/110000-inspection/cc5cdf15-7188-488e-b698-65ccba8afe7f_1000.jpg!m_fill,w_280,h_210,f_jpg?from=ke.com
20241021,海淀,清河,101122344542,橡林郡 2室1厅 南,1100万,124112元/平,低楼层 (共18层) 2室1厅 | 88.63平米 | 南,https://ke-image.ljcdn.com/110000-inspection/pc1_ijf7nisXi_1.jpg!m_fill,w_280,h_210,f_jpg?from=ke.com
20241021,海淀,清河,101122342233,加气混凝土厂宿舍 精装三居室 中间楼层 业主诚意出售,610万,85315元/平,中楼层 (共5层) 3室1厅 | 71.5平米 | 南 北,https://ke-image.ljcdn.com/110000-inspection/4c80d35b-5bde-4994-9a69-c55759268d36_1000.jpg!m_fill,w_280,h_210,f_jpg?from=ke.com
20241021,海淀,清河,101122341777,宝盛里观澳园明厨明卫前后不临街稳定签约,510万,71791元/平,低楼层 (共7层) | 2005年 | 1室1厅 | 71.04平米 | 南 北,https://ke-image.ljcdn.com/110000-inspection/pc1_oBc7b4qiW_1.jpg!m_fill,w_280,h_210,f_jpg?from=ke.com
20241021,海淀,清河,101122338062,永泰东里 3室1厅 西北,455万,64908元/平,中楼层 (共6层) 3室1厅 | 70.1平米 | 西北,https://ke-image.ljcdn.com/110000-inspection/pc1_v4JfsAeRa_1.jpg!m_fill,w_280,h_210,f_jpg?from=ke.com
20241021,海淀,清河,101122323145,南向一居高楼层视野无遮挡采光充足业主诚心卖,246万,49260元/平,顶层 (共6层) 1室1厅 | 49.94平米 | 南,https://ke-image.ljcdn.com/110000-inspection/pc1_vr3F0tkeD_1.jpg!m_fill,w_280,h_210,f_jpg?from=ke.com
20241021,海淀,清河,101122316644,砂轮厂宿舍南北通透低楼层户型方正近地铁,380万,73787元/平,低楼层 (共6层) 2室1厅 | 51.5平米 | 南 北,https://ke-image.ljcdn.com/110000-inspection/510d438a-e93d-4f1e-aafe-6002b54482de_1000.jpg!m_fill,w_280,h_210,f_jpg?from=ke.com
20241021,海淀,清河,101122299952,强佑清河新城府学上院 1室1厅 东南,340万,76543元/平,中楼层 (共14层) | 2021年 | 1室1厅 | 44.42平米 | 东南,https://ke-image.ljcdn.com/110000-inspection/4be462db-1ce3-42cd-b4c5-4cc2af8592ff_1000.jpg!m_fill,w_280,h_210,f_jpg?from=ke.com
20241021,海淀,清河,101122267871,永泰园 2室1厅 南 北,420万,67962元/平,底层 (共6层) 2室1厅 | 61.8平米 | 南 北,https://ke-image.ljcdn.com/110000-inspection/f85fd111-6528-47bf-a0e4-f35cbbc7ece7_1000.jpg!m_fill,w_280,h_210,f_jpg?from=ke.com
20241021,海淀,清河,101122242395,永泰东里南北两居南北阳台诚心出售有钥匙,409万,66863元/平,中楼层 (共6层) 2室1厅 | 61.17平米 | 南 北,https://ke-image.ljcdn.com/110000-inspection/pc1_PNUvlzwfR_1.jpg!m_fill,w_280,h_210,f_jpg?from=ke.com
20241021,海淀,清河,101122233400,宝盛里带电梯南北通透两居室满五年唯一,470万,60280元/平,中楼层 (共9层) | 2002年 | 2室1厅 | 77.97平米 | 南 北,https://ke-image.ljcdn.com/110000-inspection/a2671b76-9950-4321-b4fc-0e068c8872d5_1000.jpg!m_fill,w_280,h_210,f_jpg?from=ke.com
20241021,海淀,清河,101122230695,金隅美和园  南北向满五年唯一,649万,77790元/平,中楼层 (共9层) | 2008年 | 2室1厅 | 83.43平米 | 南 北,https://ke-image.ljcdn.com/110000-inspection/3458f3de-39ea-47d8-865c-73eb37d4edb2_1000.jpg!m_fill,w_280,h_210,f_jpg?from=ke.com
20241021,海淀,清河,101122228275,橡林郡 精装三居   小区中间位置   中间层 全明户型房主自荐,1680万,140234元/平,中楼层 (共18层) | 2020年 | 3室1厅 | 119.8平米 | 南 北,https://ke-image.ljcdn.com/110000-inspection/b96ab861-099e-414e-a4ab-e6d45190a851_1000.jpg!m_fill,w_280,h_210,f_jpg?from=ke.com
20241021,海淀,清河,101122200520,海淀区 宝盛北里 H户型两居室 南北通透 中间层房主自荐,699万,66667元/平,中楼层 (共6层) 2室1厅 | 104.85平米 | 南 北,https://ke-image.ljcdn.com/110000-inspection/1f584621-88c4-42a1-be7f-75c6330097d9_1000.jpg!m_fill,w_280,h_210,f_jpg?from=ke.com
20241021,海淀,清河,101122164283,海淀清河 燕清源精装一居室 满五年唯一 靠谱出售,552万,74444元/平,高楼层 (共28层) 1室1厅 | 74.15平米 | 西北,https://ke-image.ljcdn.com/110000-inspection/07595fca-b8c4-42cc-90f2-d56ff79242ca_1000.jpg!m_fill,w_280,h_210,f_jpg?from=ke.com
20241021,海淀,清河,101122141300,强佑清河新城府学上院 1室0厅 东,325万,101058元/平,低楼层 (共24层) | 2020年 | 1室0厅 | 32.16平米 | 东,https://ke-image.ljcdn.com/110000-inspection/ab1c1feb-ac28-4ac2-ac7e-eb66e0c77222_1000.jpg!m_fill,w_280,h_210,f_jpg?from=ke.com
20241021,海淀,清河,101122137781,橡树湾二期 高层视野好 无遮挡 采光好 诚意出售房主自荐,590万,110674元/平,高楼层 (共11层) | 2009年 | 1室1厅 | 53.31平米 | 南,https://ke-image.ljcdn.com/110000-inspection/83e302dd-2340-4193-9936-14cfde12ea0c_1000.jpg!m_fill,w_280,h_210,f_jpg?from=ke.com
20241021,海淀,清河,101122125985,永泰东里两居中间层采光好有钥匙随时看,370万,60557元/平,低楼层 (共6层) | 1998年 | 2室1厅 | 61.1平米 | 南 北,https://ke-image.ljcdn.com/110000-inspection/pc1_U5LOdzLz2_1.jpg!m_fill,w_280,h_210,f_jpg?from=ke.com
20241021,海淀,清河,101122089700,橡林郡3室2厅双明卫三面花园绿化无遮挡采光好,1400万,116706元/平,底层 (共18层) | 2020年 | 3室2厅 | 119.96平米 | 南 北,https://ke-image.ljcdn.com/110000-inspection/1feeebb0-e651-46d4-9b00-1558a648df16_1000.jpg!m_fill,w_280,h_210,f_jpg?from=ke.com
20241021,海淀,清河,101122069269,金隅美和园 东西通透三居室 满五唯一 诚意出售,569万,73448元/平,中楼层 (共9层) | 2008年 | 3室1厅 | 77.47平米 | 东 西,https://ke-image.ljcdn.com/110000-inspection/74145355-6321-46ee-ab44-7d8b38bf0509_1000.jpg!m_fill,w_280,h_210,f_jpg?from=ke.com
20241021,海淀,清河,101122046155,橡树湾三期  精装正规东向大一居 采光好 拎包入住,780万,107646元/平,中楼层 (共18层) | 2011年 | 1室1厅 | 72.46平米 | 东,https://ke-image.ljcdn.com/110000-inspection/fd371bb8-0f51-4eeb-ac5c-f828121ebf75_1000.jpg!m_fill,w_280,h_210,f_jpg?from=ke.com
20241021,海淀,清河,101122018262,燕清源 2室2厅 南 北,901万,79784元/平,低楼层 (共28层) 2室2厅 | 112.93平米 | 南 北,https://ke-image.ljcdn.com/110000-inspection/d63c7ee7-90d7-4a13-bd03-4c54b72e48f0_1000.jpg!m_fill,w_280,h_210,f_jpg?from=ke.com
20241021,海淀,清河,101122013776,观澳园2005年小区近奥森采光无遮挡,375万,83650元/平,顶层 (共5层) 1室0厅 | 44.83平米 | 南,https://ke-image.ljcdn.com/110000-inspection/e9552df2-de9c-40ec-b762-bb080037f98b_1000.jpg!m_fill,w_280,h_210,f_jpg?from=ke.com
20241021,海淀,清河,101122007726,满五年唯一电梯房业主诚心出售看房提前预约,598万,67602元/平,高楼层 (共28层) 2室1厅 | 88.46平米 | 西北,https://ke-image.ljcdn.com/110000-inspection/pc1_7McwNvF8v_1.jpg!m_fill,w_280,h_210,f_jpg?from=ke.com
20241021,海淀,清河,101121926595,橡林郡 2室2厅 南,1100万,125285元/平,高楼层 (共18层) 2室2厅 | 87.8平米 | 南,https://ke-image.ljcdn.com/110000-inspection/7a00521a-48e0-4a94-ac7a-8b6600037cca_1000.jpg!m_fill,w_280,h_210,f_jpg?from=ke.com
20241021,海淀,清河,101121918785,永泰园 2室1厅 南 北,418万,67638元/平,底层 (共6层) 2室1厅 | 61.8平米 | 南 北,https://ke-image.ljcdn.com/110000-inspection/pc1_0kNS4dVzn_1.jpg!m_fill,w_280,h_210,f_jpg?from=ke.com
20241021,海淀,清河,101121917621,海清园正规一居室 近地铁 户型方正 诚意出售 价格可谈,400万,68494元/平,中楼层 (共18层) | 2001年 | 1室1厅 | 58.4平米 | 东北,https://ke-image.ljcdn.com/110000-inspection/9f98551f-f364-44d9-88a9-3a73c7ecc5c2_1000.jpg!m_fill,w_280,h_210,f_jpg?from=ke.com
20241021,海淀,清河,101121886692,燕清源三居户型方正满五年唯一楼层好视野采光好,1190万,81474元/平,中楼层 (共28层) 3室2厅 | 146.06平米 | 南 北,https://ke-image.ljcdn.com/110000-inspection/21ef2208-e6e8-480d-a9cf-b39adbe85f45_1000.jpg!m_fill,w_280,h_210,f_jpg?from=ke.com
20241021,海淀,清河,101121880591,清河永泰东里全南向一居室大阳台采光好满五年,339万,64646元/平,顶层 (共6层) 1室1厅 | 52.44平米 | 南,https://ke-image.ljcdn.com/110000-inspection/74ce032d-ea40-4238-a859-3d5763f4c4e8_1000.jpg!m_fill,w_280,h_210,f_jpg?from=ke.com
20241021,海淀,清河,101121871480,宝盛里小区 三居室 精装修 满五年唯一 中间楼层,748万,66078元/平,中楼层 (共5层) | 2002年 | 3室1厅 | 113.2平米 | 东 南 西,https://ke-image.ljcdn.com/110000-inspection/pc1_P5SpRUD6Z_1.jpg!m_fill,w_280,h_210,f_jpg?from=ke.com
20241021,海淀,清河,101121857459,海清园两居2001年商品房社区清河小营桥站,530万,60030元/平,低楼层 (共18层) | 2001年 | 2室1厅 | 88.29平米 | 西南,https://ke-image.ljcdn.com/110000-inspection/pc1_CF79T1klL_1.jpg!m_fill,w_280,h_210,f_jpg?from=ke.com
20241021,海淀,清河,101121837382,橡树湾四期中间层无遮挡采光好满五唯一,1196万,122016元/平,低楼层 (共18层) | 2013年 | 2室1厅 | 98.02平米 | 西南,https://ke-image.ljcdn.com/110000-inspection/pc1_gXjBDSiEK_1.jpg!m_fill,w_280,h_210,f_jpg?from=ke.com
20241021,海淀,清河,101121780182,强佑府学上院业主诚意出售精致南向小户型,395万,93271元/平,中楼层 (共18层) | 2020年 | 1室0厅 | 42.35平米 | 东南,https://ke-image.ljcdn.com/110000-inspection/1db7ed50-eccb-4e04-b038-88242cc62035_1000.jpg!m_fill,w_280,h_210,f_jpg?from=ke.com
20241021,海淀,清河,101121775078,金隅美和园满五年可唯一 中间位置 视野开阔 采光充足,725万,86931元/平,中楼层 (共9层) | 2008年 | 2室1厅 | 83.4平米 | 南,https://ke-image.ljcdn.com/110000-inspection/pc1_nxdbvVqv9_1.jpg!m_fill,w_280,h_210,f_jpg?from=ke.com
20241021,海淀,清河,101121764286,卫生局宿舍 2室1厅 南 北,410万,56311元/平,底层 (共6层) 2室1厅 | 72.81平米 | 南 北,https://ke-image.ljcdn.com/110000-inspection/f47b2de3-75f0-45dc-86d6-7e0f1066c5d7_1000.jpg!m_fill,w_280,h_210,f_jpg?from=ke.com
20241021,海淀,清河,101121736279,金隅美和园东区商品房两居室带阳台房主自荐,579万,72794元/平,顶层 (共6层) | 2009年 | 2室2厅 | 79.54平米 | 南 北,https://ke-image.ljcdn.com/110000-inspection/pc1_jQvfpCuag_1.jpg!m_fill,w_280,h_210,f_jpg?from=ke.com
20241021,海淀,清河,101121675907,总监力荐清河永泰西里南北向明厅两居室采光好格局方正,448万,61194元/平,顶层 (共6层) | 1998年 | 2室1厅 | 73.21平米 | 南 北,https://ke-image.ljcdn.com/110000-inspection/c17c13dd-a178-4f47-8dcc-5cf0283d2afa_1000.jpg!m_fill,w_280,h_210,f_jpg?from=ke.com
20241021,海淀,清河,101121673337,业主诚意出售 视野开阔 采光充足 配套设施齐全,599万,73058元/平,低楼层 (共9层) | 2008年 | 2室1厅 | 81.99平米 | 南,https://ke-image.ljcdn.com/110000-inspection/ac74f2c6-9809-4fff-9fda-b4ab78b13fd9_1000.jpg!m_fill,w_280,h_210,f_jpg?from=ke.com
20241021,海淀,清河,101121673336,清河 福美苑小区 南北通透两居室 中间楼层 精装修,598万,66794元/平,低楼层 (共16层) | 2012年 | 3室1厅 | 89.53平米 | 南 北,https://ke-image.ljcdn.com/110000-inspection/40abeb0b-f83f-4fa1-984c-4df1a1371a91_1000.jpg!m_fill,w_280,h_210,f_jpg?from=ke.com
20241021,海淀,清河,101121636662,清景园东西向两居室   精装修全明格局  看房有钥匙,626万,62332元/平,中楼层 (共11层) 2室2厅 | 100.43平米 | 东 西,https://ke-image.ljcdn.com/110000-inspection/pc1_35eKc895o_1.jpg!m_fill,w_280,h_210,f_jpg?from=ke.com
20241021,海淀,清河,101121629470,清秀阁园区中间位置安静视野采光好诚意售,455万,76100元/平,顶层 (共5层) 1室1厅 | 59.79平米 | 南 北,https://ke-image.ljcdn.com/110000-inspection/2bdd658d-f851-47af-a35c-b3b81e71fea1_1000.jpg!m_fill,w_280,h_210,f_jpg?from=ke.com
20241021,海淀,清河,101121621416,橡树湾二期 精致装修 省心省力 满五唯一 业主诚售,810万,112018元/平,低楼层 (共9层) 2室1厅 | 72.31平米 | 西,https://ke-image.ljcdn.com/110000-inspection/6c65fc74-ba9a-46a6-83c7-e43e6e447198_1000.jpg!m_fill,w_280,h_210,f_jpg?from=ke.com
20241021,海淀,清河,101121584788,怡清园  满五唯一商品房中间层无抵押诚心出售,600万,69325元/平,中楼层 (共6层) | 2003年 | 2室1厅 | 86.55平米 | 北 南,https://ke-image.ljcdn.com/110000-inspection/pc1_ozF47fkiE_1.jpg!m_fill,w_280,h_210,f_jpg?from=ke.com
20241021,海淀,清河,101121573192,621小区 满五唯一 全南向采光充足  正规两居室房主自荐,490万,84338元/平,顶层 (共6层) 2室1厅 | 58.1平米 | 南,https://ke-image.ljcdn.com/110000-inspection/9a421b70-5091-4545-be90-5d257ce17022_1000.jpg!m_fill,w_280,h_210,f_jpg?from=ke.com
20241021,海淀,清河,101121533690,观澳园 精装两居 视野开阔 采光充足,590万,77530元/平,顶层 (共5层) | 2005年 | 1室1厅 | 76.1平米 | 南 北,https://ke-image.ljcdn.com/110000-inspection/a523689d-ddf4-4a1a-bf94-abf42407c2f7_1000.jpg!m_fill,w_280,h_210,f_jpg?from=ke.com
20241021,海淀,清河,101121497928,观澳园 1室1厅 东,275万,66748元/平,中楼层 (共6层) | 2006年 | 1室1厅 | 41.2平米 | 东,https://ke-image.ljcdn.com/110000-inspection/pc1_LAt7wxi1q_1.jpg!m_fill,w_280,h_210,f_jpg?from=ke.com
20241021,海淀,清河,101121487143,观景园全明格局一居室附近公园环抱小区楼龄新,500万,74862元/平,中楼层 (共6层) | 2008年 | 1室1厅 | 66.79平米 | 东北,https://ke-image.ljcdn.com/110000-inspection/785a817b-39c3-4ba8-866e-82e85d372041_1000.jpg!m_fill,w_280,h_210,f_jpg?from=ke.com
20241021,海淀,清河,101121457145,橡树湾四期南向三居室+高楼层+好视野,1680万,120638元/平,高楼层 (共25层) | 2014年 | 3室2厅 | 139.26平米 | 南,https://ke-image.ljcdn.com/110000-inspection/pc1_9uFBpXwlH_1.jpg!m_fill,w_280,h_210,f_jpg?from=ke.com
20241021,海淀,清河,101121423942,高巢标准一室一厅永泰庄附近带电梯一居室,330万,57875元/平,中楼层 (共15层) | 2005年 | 1室1厅 | 57.02平米 | 东北,https://ke-image.ljcdn.com/110000-inspection/88a126e4-2756-40e2-8436-9bcbe9f156d6_1000.jpg!m_fill,w_280,h_210,f_jpg?from=ke.com
20241021,海淀,清河,101121418749,观澳园  中间层 南向一居  视野宽广 随时签约,420万,92634元/平,中楼层 (共5层) | 2006年 | 1室0厅 | 45.34平米 | 南,https://ke-image.ljcdn.com/110000-inspection/e2698e5c-efee-49ab-9480-b441048df879_1000.jpg!m_fill,w_280,h_210,f_jpg?from=ke.com
20241021,海淀,清河,101121410806,高巢新上高楼层正规一居室带电梯业主靠谱出售,360万,78227元/平,中楼层 (共15层) | 2005年 | 1室1厅 | 46.02平米 | 东北,https://ke-image.ljcdn.com/110000-inspection/pc1_JvZhoY0oe_1.jpg!m_fill,w_280,h_210,f_jpg?from=ke.com
20241021,海淀,清河,101121398393,北京机械学院家属楼满五唯一精装修三居室,438万,63387元/平,顶层 (共6层) 3室1厅 | 69.1平米 | 南 北,https://ke-image.ljcdn.com/110000-inspection/pc1_qOUfSAMPb_1.jpg!m_fill,w_280,h_210,f_jpg?from=ke.com
20241021,海淀,清河,101121397441,毛纺厂南小区 2室1厅 南 北,383万,71190元/平,高楼层 (共6层) 2室1厅 | 53.8平米 | 南 北,https://ke-image.ljcdn.com/110000-inspection/06633196-5743-448c-86d4-448669554470_1000.jpg!m_fill,w_280,h_210,f_jpg?from=ke.com
20241021,海淀,清河,101121331483,橡树湾三期 2室1厅 西,1150万,127424元/平,高楼层 (共18层) | 2011年 | 2室1厅 | 90.25平米 | 西,https://ke-image.ljcdn.com/110000-inspection/ecea4bcb-48d4-42eb-8a5a-64ac567a849f_1000.jpg!m_fill,w_280,h_210,f_jpg?from=ke.com
20241021,海淀,清河,101121310081,海淀清河 清河文苑 正规东南向四居室 靠谱出售 可谈房主自荐,927万,62788元/平,中楼层 (共22层) 4室2厅 | 147.64平米 | 东南,https://ke-image.ljcdn.com/110000-inspection/73be19dc-215a-48da-9449-0bbafa23f33e_1000.jpg!m_fill,w_280,h_210,f_jpg?from=ke.com
20241021,海淀,清河,101121308216,华北电力大学电力宿舍 电梯钢混 三居 央产房,528万,61611元/平,中楼层 (共14层) 3室1厅 | 85.7平米 | 东 西,https://ke-image.ljcdn.com/110000-inspection/pc1_wlWyb6NxU_1.jpg!m_fill,w_280,h_210,f_jpg?from=ke.com
20241021,海淀,清河,101121291231,观景园  满五唯一 二层  有钥匙靠谱出售,480万,73960元/平,低楼层 (共6层) 1室1厅 | 64.9平米 | 东,https://ke-image.ljcdn.com/110000-inspection/pc1_DL6JO0tgQ_1.jpg!m_fill,w_280,h_210,f_jpg?from=ke.com
20241021,海淀,清河,101121289651,清缘里中区  南北通透  三居两卫  满五年唯一,755万,66832元/平,低楼层 (共10层) | 1999年 | 3室2厅 | 112.97平米 | 南 北,https://ke-image.ljcdn.com/110000-inspection/pc1_caxTHRmmB_1.jpg!m_fill,w_280,h_210,f_jpg?from=ke.com
20241021,海淀,清河,101121287944,永泰园南北通透三居室 双卧朝南 采光好 配套齐全,515万,74315元/平,中楼层 (共5层) 3室1厅 | 69.3平米 | 南 北,https://ke-image.ljcdn.com/110000-inspection/99508058-6582-4f9d-9b63-9a9c6de022c8_1000.jpg!m_fill,w_280,h_210,f_jpg?from=ke.com
20241021,海淀,清河,101121287244,观澳园 正规三居室 中间层 采光充足,860万,68839元/平,中楼层 (共7层) 3室1厅 | 124.93平米 | 南 北,https://ke-image.ljcdn.com/110000-inspection/pc1_ZxP9gbgAQ.jpg!m_fill,w_280,h_210,f_jpg?from=ke.com
20241021,海淀,清河,101121278177,宝盛里观林园 精装大两居 双通透 落地阳台 视野好,745万,77669元/平,顶层 (共6层) | 2008年 | 2室2厅 | 95.92平米 | 南 北,https://ke-image.ljcdn.com/110000-inspection/pc1_ZR49oG1fe_1.jpg!m_fill,w_280,h_210,f_jpg?from=ke.com
20241021,海淀,清河,101121247853,橡树湾一期 不临街不把边 正对小区花园 主力户型两居,1228万,139245元/平,低楼层 (共18层) | 2007年 | 2室1厅 | 88.19平米 | 西南,https://ke-image.ljcdn.com/110000-inspection/676bf62b-0de8-41b5-b9da-ba8ff85f4448_1000.jpg!m_fill,w_280,h_210,f_jpg?from=ke.com
20241021,海淀,清河,101121245925,永泰园 一层两居 满五年唯一 诚心出售,290万,72086元/平,底层 (共6层) | 1975年 | 2室1厅 | 40.23平米 | 南 北,https://ke-image.ljcdn.com/110000-inspection/588f9da0-05af-4a52-9003-55794258ab23_1000.jpg!m_fill,w_280,h_210,f_jpg?from=ke.com
20241021,海淀,清河,101121224241,清缘里中区 电梯南北通透双卫三居室 业主诚心出售,636万,57056元/平,高楼层 (共10层) | 1998年 | 3室2厅 | 111.47平米 | 南 北,https://ke-image.ljcdn.com/110000-inspection/pc1_U06cYaTL6_1.jpg!m_fill,w_280,h_210,f_jpg?from=ke.com
20241021,海淀,清河,101121216617,卫生局宿舍 2室1厅 南 北,520万,71419元/平,中楼层 (共6层) 2室1厅 | 72.81平米 | 南 北,https://ke-image.ljcdn.com/110000-inspection/757dbfab-2c5b-456d-bf55-63a2ca5f4da7_1000.jpg!m_fill,w_280,h_210,f_jpg?from=ke.com
20241021,海淀,清河,101121200981,世华龙樾二期独立电梯入户双南向卧室带产权车位。,2300万,131768元/平,中楼层 (共9层) 3室2厅 | 174.55平米 | 南 北,https://ke-image.ljcdn.com/110000-inspection/pc1_GRIGCKfg1_1.jpg!m_fill,w_280,h_210,f_jpg?from=ke.com
20241021,海淀,清河,101121197156,清河宝盛里观澳园 精装修小两居 诚心出售 价格能谈,568万,74639元/平,顶层 (共5层) | 2005年 | 2室1厅 | 76.1平米 | 南 北,https://ke-image.ljcdn.com/110000-inspection/pc1_0YqpQeP48_1.jpg!m_fill,w_280,h_210,f_jpg?from=ke.com
20241021,海淀,清河,101121187692,海淀清河 燕清源 精装 满五 唯一,655万,88335元/平,低楼层 (共28层) 2室1厅 | 74.15平米 | 西北,https://ke-image.ljcdn.com/110000-inspection/771be205-3d2a-4a42-8584-844b9f20175c_1000.jpg!m_fill,w_280,h_210,f_jpg?from=ke.com
20241021,海淀,清河,101121173370,世华龙樾一期西区 三居室 满五年且唯一,810万,93566元/平,低楼层 (共18层) | 2014年 | 3室1厅 | 86.57平米 | 南 北,https://ke-image.ljcdn.com/110000-inspection/pc1_UjlqsJoDP_1.jpg!m_fill,w_280,h_210,f_jpg?from=ke.com
20241021,海淀,清河,101121145333,海淀 观林园 电梯三居 南北通透 采光好视野好景观好,1299万,91952元/平,高楼层 (共9层) | 2008年 | 3室1厅 | 141.27平米 | 南 北,https://ke-image.ljcdn.com/110000-inspection/pc1_HixbLgcwL.jpg!m_fill,w_280,h_210,f_jpg?from=ke.com
20241021,海淀,清河,101121138747,清河宝盛里观澳园小户型 首付少 随时看房 随时签约,289万,65311元/平,中楼层 (共6层) | 2006年 | 1室0厅 | 44.25平米 | 北,https://ke-image.ljcdn.com/110000-inspection/ba3b4d3b-0c59-41dd-b926-d04e702def63_1000.jpg!m_fill,w_280,h_210,f_jpg?from=ke.com
20241021,海淀,清河,101121119682,清河正规一居室带电梯采暖好2005年小区精装修,265万,64619元/平,低楼层 (共15层) | 2005年 | 1室1厅 | 41.01平米 | 北,https://ke-image.ljcdn.com/110000-inspection/pc1_q6AYvKAtk_1.jpg!m_fill,w_280,h_210,f_jpg?from=ke.com
20241021,海淀,清河,101121115292,永泰东里   精装修两居  业主自住,340万,59039元/平,高楼层 (共6层) 2室1厅 | 57.59平米 | 东 西,https://ke-image.ljcdn.com/110000-inspection/pc1_LgWQavcKQ.jpg!m_fill,w_280,h_210,f_jpg?from=ke.com
20241021,海淀,清河,101121070373,橡树湾五期（萬橡府）观景高层四居 开发商精装,3589万,150363元/平,高楼层 (共22层) 4室2厅 | 238.69平米 | 南 北,https://ke-image.ljcdn.com/110000-inspection/0cee908f-1e37-42f8-b16d-df830766369a_1000.jpg!m_fill,w_280,h_210,f_jpg?from=ke.com
20241021,海淀,清河,101121045224,专家国际花园 5室2厅 南 北,2460万,97600元/平,中楼层 (共5层) 5室2厅 | 252.05平米 | 南 北,https://ke-image.ljcdn.com/110000-inspection/3121a263-7871-44a7-a121-895f0663748e_1000.jpg!m_fill,w_280,h_210,f_jpg?from=ke.com
20241021,海淀,清河,101121024402,海清园 1室1厅 东 北,340万,58220元/平,高楼层 (共18层) 1室1厅 | 58.4平米 | 东 北,https://ke-image.ljcdn.com/110000-inspection/pc1_YFx86AU9W.jpg!m_fill,w_280,h_210,f_jpg?from=ke.com
20241021,海淀,清河,101121018198,海淀产权 观澳园小区06年社区近奥森公园,520万,61575元/平,顶层 (共5层) | 2005年 | 2室1厅 | 84.45平米 | 南 西,https://ke-image.ljcdn.com/110000-inspection/pc1_Up4MJzIqd_1.jpg!m_fill,w_280,h_210,f_jpg?from=ke.com
20241021,海淀,清河,101121009084,清河宝盛里 正规一居室 全南向三层 看房 签约随时房主自荐,310万,62652元/平,中楼层 (共6层) 1室1厅 | 49.48平米 | 南,https://ke-image.ljcdn.com/110000-inspection/36d5972f-9113-464d-a029-153bf9f4eaed_1000.jpg!m_fill,w_280,h_210,f_jpg?from=ke.com
20241021,海淀,清河,101121005540,阳光南里 2室1厅 南,499万,67433元/平,中楼层 (共6层) 2室1厅 | 74平米 | 南,https://ke-image.ljcdn.com/110000-inspection/7a1a23af-ec3d-42fa-9e8e-f278194adbdb_1000.jpg!m_fill,w_280,h_210,f_jpg?from=ke.com
20241021,海淀,清河,101120990034,4-6层官邸住宅平层精装四居眼睛户型一梯一户,2841万,146278元/平,高楼层 (共6层) 4室2厅 | 194.22平米 | 南 北,https://ke-image.ljcdn.com/110000-inspection/pc1_dkiXf5rpx.jpg!m_fill,w_280,h_210,f_jpg?from=ke.com
20241021,海淀,清河,101120973983,燕清源满五唯一南北三居户型方正高楼层视野开阔,1139万,78052元/平,高楼层 (共28层) 3室2厅 | 145.93平米 | 南 北,https://ke-image.ljcdn.com/110000-inspection/9c354267-99e6-48f8-94c5-0be65db6bab8_1000.jpg!m_fill,w_280,h_210,f_jpg?from=ke.com
20241021,海淀,清河,101120968949,世华龙樾四期 南北通透四居室 位置好无遮挡诚意出售房主自荐,2820万,146845元/平,低楼层 (共6层) 4室2厅 | 192.04平米 | 南 北,https://ke-image.ljcdn.com/110000-inspection/153a910e-5cc5-43cc-ab1f-c103352c7454_1000.jpg!m_fill,w_280,h_210,f_jpg?from=ke.com
20241021,海淀,清河,101120964218,高巢新上一居室民水民电电梯直达业主靠谱出售,249万,73107元/平,中楼层 (共15层) | 2005年 | 1室0厅 | 34.06平米 | 东 北,https://ke-image.ljcdn.com/110000-inspection/pc1_v447pgycN_1.jpg!m_fill,w_280,h_210,f_jpg?from=ke.com
20241021,海淀,清河,101120954792,宝盛里观澳园满五唯一南北通透看房随时靠谱卖房主自荐,549万,72371元/平,中楼层 (共5层) | 2005年 | 1室1厅 | 75.86平米 | 南 北,https://ke-image.ljcdn.com/110000-inspection/pc1_qd8VS4S7c_1.jpg!m_fill,w_280,h_210,f_jpg?from=ke.com
20241021,海淀,清河,101120952346,属于年轻人193.85平的家世华龙樾四期,2800万,144442元/平,中楼层 (共4层) 4室2厅 | 193.85平米 | 南 北,https://ke-image.ljcdn.com/110000-inspection/pc1_kkYyBaN9Z_1.jpg!m_fill,w_280,h_210,f_jpg?from=ke.com
20241021,海淀,清河,101120950220,海淀清河宝盛里 中间位置南向一居 小区有公立幼儿园,320万,60276元/平,高楼层 (共6层) 1室1厅 | 53.09平米 | 南,https://ke-image.ljcdn.com/110000-inspection/pc1_ieEkfzbYq_1.jpg!m_fill,w_280,h_210,f_jpg?from=ke.com
20241021,海淀,清河,101120947867,永泰东里 南向一居 楼龄2000年 地铁300米房主自荐,450万,86340元/平,顶层 (共6层) 1室1厅 | 52.12平米 | 南,https://ke-image.ljcdn.com/110000-inspection/714c7073-10ce-49c0-b9be-8babf13c8e41_1000.jpg!m_fill,w_280,h_210,f_jpg?from=ke.com
20241021,海淀,清河,101120924352,清缘东里 临河观景三居 采光好 视野好,889万,85342元/平,中楼层 (共13层) 3室1厅 | 104.17平米 | 西南,https://ke-image.ljcdn.com/110000-inspection/777aa9ec-d802-4300-963b-810673adec6c_1000.jpg!m_fill,w_280,h_210,f_jpg?from=ke.com
20241021,海淀,清河,101120918966,强佑清河新城府学上院精装修两居室,850万,91962元/平,顶层 (共27层) | 2009年 | 2室1厅 | 92.43平米 | 东北,https://ke-image.ljcdn.com/110000-inspection/22a13f4f-e4ed-43d1-8d34-ebfe10e03878_1000.jpg!m_fill,w_280,h_210,f_jpg?from=ke.com
20241021,海淀,清河,101120910700,观澳园小区 中间层  南北通透  客厅朝南带阳台,780万,75450元/平,中楼层 (共7层) | 2005年 | 2室1厅 | 103.38平米 | 南 北,https://ke-image.ljcdn.com/110000-inspection/pc1_Xrf1BRlZj.jpg!m_fill,w_280,h_210,f_jpg?from=ke.com
20241021,海淀,清河,101120902317,总监推荐  满五唯一中间楼层  精装修 看房方便房主自荐,468万,69966元/平,中楼层 (共6层) 2室1厅 | 66.89平米 | 南 北,https://ke-image.ljcdn.com/110000-inspection/e98a3892-0591-4733-9f07-a47e62c2f31d_1000.jpg!m_fill,w_280,h_210,f_jpg?from=ke.com
20241021,海淀,清河,101120900754,信息学院家属楼 南北通透三居 中间层房主自荐,550万,61798元/平,高楼层 (共6层) 3室1厅 | 89平米 | 南 北,https://ke-image.ljcdn.com/110000-inspection/1c9e3fcf-e005-41f2-b989-1ed0d5c20b48_1000.jpg!m_fill,w_280,h_210,f_jpg?from=ke.com
20241021,海淀,清河,101120895983,福美苑 1室1厅 南,350万,67843元/平,中楼层 (共21层) | 2012年 | 1室1厅 | 51.59平米 | 南,https://ke-image.ljcdn.com/110000-inspection/pc1_fgCxBZold.jpg!m_fill,w_280,h_210,f_jpg?from=ke.com
20241021,海淀,清河,101120895130,花园楼小区南北通透二居室诚意出售,378万,64949元/平,顶层 (共6层) 2室1厅 | 58.2平米 | 南 北,https://ke-image.ljcdn.com/110000-inspection/pc1_7Jj78IMRG_1.jpg!m_fill,w_280,h_210,f_jpg?from=ke.com
20241021,海淀,清河,101120893964,清缘东里 带电梯两居 满五年 诚心出售,599万,74642元/平,高楼层 (共13层) | 2004年 | 2室1厅 | 80.25平米 | 西南,https://ke-image.ljcdn.com/110000-inspection/pc1_6aRgcyJOF_1.jpg!m_fill,w_280,h_210,f_jpg?from=ke.com
20241021,海淀,清河,101120893908,永泰东里房改房正规三居  看房有钥匙 业主急售,360万,51217元/平,顶层 (共6层) 3室1厅 | 70.29平米 | 东 西,https://ke-image.ljcdn.com/110000-inspection/pc1_N2ERexrGl_1.jpg!m_fill,w_280,h_210,f_jpg?from=ke.com
20241021,海淀,清河,101120888202,海清园正规一室一厅户型方正带电梯,410万,70206元/平,中楼层 (共18层) 1室1厅 | 58.4平米 | 西 北,https://ke-image.ljcdn.com/110000-inspection/6a6cd92e-41dd-4d91-8e96-9d6eb45f0778_1000.jpg!m_fill,w_280,h_210,f_jpg?from=ke.com
20241021,海淀,清河,101120862498,强佑清河新城府学上院 1室1厅 南,378万,75570元/平,低楼层 (共15层) 1室1厅 | 50.02平米 | 南,https://ke-image.ljcdn.com/110000-inspection/502bbe36-6cb7-471b-98ef-a51f3bb7fe72_1000.jpg!m_fill,w_280,h_210,f_jpg?from=ke.com
20241021,海淀,清河,101120823580,橡林郡低价两室对着公园无遮挡源值高可以多贷,945万,107485元/平,低楼层 (共18层) 2室1厅 | 87.92平米 | 南,https://ke-image.ljcdn.com/110000-inspection/a783b626-8e2c-46f9-8e96-655723daa39a_1000.jpg!m_fill,w_280,h_210,f_jpg?from=ke.com
20241021,海淀,清河,101120810274,强佑清河新城府学上院南北通透视野采光无遮挡,1165万,91280元/平,高楼层 (共29层) | 2021年 | 2室2厅 | 127.63平米 | 南 北,https://ke-image.ljcdn.com/110000-inspection/c4658094-da4e-45c4-b66e-44fe7012a048_1000.jpg!m_fill,w_280,h_210,f_jpg?from=ke.com
20241021,海淀,清河,101120798373,清河北京621厂宿舍 两居室 诚意出售,425万,85859元/平,低楼层 (共6层) 2室1厅 | 49.5平米 | 西北,https://ke-image.ljcdn.com/110000-inspection/pc1_Erjuwg0jp_1.jpg!m_fill,w_280,h_210,f_jpg?from=ke.com
20241021,海淀,清河,101120797113,橡林郡品质楼盘正规一居19年小区带电梯,490万,103814元/平,低楼层 (共21层) 1室0厅 | 47.2平米 | 东,https://ke-image.ljcdn.com/110000-inspection/f191c2e0-f5d9-4e86-a601-2244956316de_1000.jpg!m_fill,w_280,h_210,f_jpg?from=ke.com
20241021,海淀,清河,101120760528,力度家园电梯房2004年商品房社区视野好。,760万,67652元/平,中楼层 (共14层) 2室2厅 | 112.34平米 | 东 西,https://ke-image.ljcdn.com/110000-inspection/pc1_UMr3Y1RwQ_1.jpg!m_fill,w_280,h_210,f_jpg?from=ke.com
20241021,海淀,清河,101120729002,高巢 满五年唯一 高楼层 看房方便,345万,77061元/平,中楼层 (共15层) | 2005年 | 1室1厅 | 44.77平米 | 北,https://ke-image.ljcdn.com/110000-inspection/pc1_454kooqP7.jpg!m_fill,w_280,h_210,f_jpg?from=ke.com
20241021,海淀,清河,101120727612,621小区 2室1厅 东 南,504万,93161元/平,中楼层 (共6层) 2室1厅 | 54.1平米 | 东 南,https://ke-image.ljcdn.com/110000-inspection/daed455e-3a4f-4be1-84ad-3131ccd22b99_1000.jpg!m_fill,w_280,h_210,f_jpg?from=ke.com
20241021,海淀,清河,101120725503,永泰东里 中间层三居 南北通透 业主诚心出售,635万,75967元/平,中楼层 (共6层) 3室1厅 | 83.59平米 | 南 西 北,https://ke-image.ljcdn.com/110000-inspection/pc1_lrwjAFTlf_1.jpg!m_fill,w_280,h_210,f_jpg?from=ke.com
20241021,海淀,清河,101120704652,清河嘉园东向正规一居室带三个阳台采光好,469万,77662元/平,中楼层 (共27层) | 2009年 | 1室1厅 | 60.39平米 | 东,https://ke-image.ljcdn.com/110000-inspection/pc1_GfJqXPBk3_1.jpg!m_fill,w_280,h_210,f_jpg?from=ke.com
20241021,海淀,清河,101120681103,满5年唯一业主诚心卖。全朝南小2居。,304万,56506元/平,高楼层 (共6层) 2室1厅 | 53.8平米 | 东南,https://ke-image.ljcdn.com/110000-inspection/pc1_UPJweCq57.jpg!m_fill,w_280,h_210,f_jpg?from=ke.com
20241021,海淀,清河,101120666627,海清园清河小营桥旁精装修带电梯一居室,355万,60788元/平,高楼层 (共18层) 1室1厅 | 58.4平米 | 东 北,https://ke-image.ljcdn.com/110000-inspection/pc1_dIpzyhEYA_1.jpg!m_fill,w_280,h_210,f_jpg?from=ke.com
20241021,海淀,清河,101120664423,05年商品房 带电梯 精装修 满五唯一房主自荐,325万,56998元/平,低楼层 (共15层) | 2005年 | 2室1厅 | 57.02平米 | 东北,https://ke-image.ljcdn.com/110000-inspection/pc1_58IvGiIV2.jpg!m_fill,w_280,h_210,f_jpg?from=ke.com
20241021,海淀,清河,101120663439,强佑清河新城府学上院南北通透次新小区小区安静采光好,999万,84986元/平,低楼层 (共18层) | 2020年 | 2室2厅 | 117.55平米 | 南 北,https://ke-image.ljcdn.com/110000-inspection/33434eb3-0789-4691-98cb-b885a1bf6b84_1000.jpg!m_fill,w_280,h_210,f_jpg?from=ke.com
20241021,海淀,清河,101120656292,宝盛里低楼层南北通透两居室看房方便,408万,60987元/平,底层 (共6层) 2室1厅 | 66.9平米 | 南 北,https://ke-image.ljcdn.com/110000-inspection/pc1_zu5XqFYy1.jpg!m_fill,w_280,h_210,f_jpg?from=ke.com
20241021,海淀,清河,101120574311,不临街位置好全明格局价格能谈周期能给。,620万,58441元/平,顶层 (共6层) 2室2厅 | 106.09平米 | 南 西 北,https://ke-image.ljcdn.com/110000-inspection/pc1_r9sVYvbZm.jpg!m_fill,w_280,h_210,f_jpg?from=ke.com
20241021,海淀,清河,101120541704,清河宝盛里观澳园 小户型 随时看房 首付少 随时签约,309万,75000元/平,低楼层 (共6层) | 2006年 | 1室0厅 | 41.2平米 | 西,https://ke-image.ljcdn.com/110000-inspection/pc1_MSFb0ItUq.jpg!m_fill,w_280,h_210,f_jpg?from=ke.com
20241021,海淀,清河,101120522407,小营东路5号院南向两居室 诚心出售 看房方便,405万,74586元/平,中楼层 (共5层) 2室1厅 | 54.3平米 | 东 南,https://ke-image.ljcdn.com/110000-inspection/pc1_LylG5o0Uw.jpg!m_fill,w_280,h_210,f_jpg?from=ke.com
20241021,海淀,清河,101120493229,621小区 中间位置 安静舒适 满五年唯一央产房房主自荐,520万,94374元/平,底层 (共6层) | 1989年 | 2室1厅 | 55.1平米 | 西 北,https://ke-image.ljcdn.com/110000-inspection/d8c6a805-d777-425f-9f2e-b8710612bab3_1000.jpg!m_fill,w_280,h_210,f_jpg?from=ke.com
20241021,海淀,清河,101120488309,儿童福利院家属楼 东西通透两居室 高层视野好,390万,66896元/平,顶层 (共6层) | 1995年 | 2室1厅 | 58.3平米 | 东 西,https://ke-image.ljcdn.com/110000-inspection/a3e21995-8351-4ede-a755-9af1458e4b9d_1000.jpg!m_fill,w_280,h_210,f_jpg?from=ke.com
20241021,海淀,清河,101120458593,南北通透两居 满五年唯一 带阳台,400万,70672元/平,底层 (共5层) 2室1厅 | 56.6平米 | 南 北,https://ke-image.ljcdn.com/110000-inspection/00190827-76d0-45fa-b0b6-878d28196f2e_1000.jpg!m_fill,w_280,h_210,f_jpg?from=ke.com
20241021,海淀,清河,101120437743,芳清园小区 商品房 电梯一居室 奥森公园,597万,76686元/平,高楼层 (共9层) | 2007年 | 1室1厅 | 77.85平米 | 西,https://ke-image.ljcdn.com/110000-inspection/pc1_zj9w4gPud_1.jpg!m_fill,w_280,h_210,f_jpg?from=ke.com
20241021,海淀,清河,101120420178,清河毛纺厂南小区 中间楼层 靠谱出售,350万,60035元/平,中楼层 (共6层) 2室1厅 | 58.3平米 | 北 南,https://ke-image.ljcdn.com/110000-inspection/915da26a-d388-4f22-80ff-561b4ec85e78_1000.jpg!m_fill,w_280,h_210,f_jpg?from=ke.com
20241021,海淀,清河,101120413880,清缘里户型方正两居室欢迎来访,408万,62443元/平,低楼层 (共10层) 2室1厅 | 65.34平米 | 东 西,https://ke-image.ljcdn.com/110000-inspection/pc1_1Dr1v22vT_1.jpg!m_fill,w_280,h_210,f_jpg?from=ke.com
20241021,海淀,清河,101120386091,观澳园小区 中间层 不临街 两居室,620万,72882元/平,中楼层 (共5层) 2室1厅 | 85.07平米 | 东北,https://ke-image.ljcdn.com/110000-inspection/ef8d3666-2a04-4842-949f-cafc59956c4f_1000.jpg!m_fill,w_280,h_210,f_jpg?from=ke.com
20241021,海淀,清河,101120371139,永泰东里 南向 中间层一居 诚心出售,373万,79684元/平,中楼层 (共6层) 1室1厅 | 46.81平米 | 南,https://ke-image.ljcdn.com/110000-inspection/pc1_UVy6MdEVV_1.jpg!m_fill,w_280,h_210,f_jpg?from=ke.com
20241021,海淀,清河,101120339902,海淀 清河 花园新区 精装两居室,400万,55726元/平,低楼层 (共19层) | 2010年 | 2室1厅 | 71.78平米 | 东北,https://ke-image.ljcdn.com/110000-inspection/382ee58e-a3a0-4954-8057-ae2a32ead506_1000.jpg!m_fill,w_280,h_210,f_jpg?from=ke.com
20241021,海淀,清河,101120267240,海淀 清河 永泰西里 南向一居 中间层 仅有契税,388万,85182元/平,中楼层 (共6层) 1室1厅 | 45.55平米 | 南,https://ke-image.ljcdn.com/110000-inspection/pc1_xSeATbnai_1.jpg!m_fill,w_280,h_210,f_jpg?from=ke.com
20241021,海淀,清河,101120219518,清河电梯新房南北大两居双卫适合多口之家,860万,73922元/平,中楼层 (共27层) | 2009年 | 2室1厅 | 116.34平米 | 南 北,https://ke-image.ljcdn.com/110000-inspection/12fb90ff-3422-466d-a833-e2206a524589_1000.jpg!m_fill,w_280,h_210,f_jpg?from=ke.com
20241021,海淀,清河,101120156241,海淀清河永泰西里 正规3居 满五唯一 双卧朝南 户型好,698万,76469元/平,高楼层 (共6层) 3室1厅 | 91.28平米 | 东 北 南,https://ke-image.ljcdn.com/110000-inspection/77749aa5-a380-48b0-9847-1b04e82cdd28_1000.jpg!m_fill,w_280,h_210,f_jpg?from=ke.com
20241021,海淀,清河,101120012846,中央财经大学家属楼 满五唯一  业主自住   南北通透,530万,68618元/平,高楼层 (共6层) 2室1厅 | 77.24平米 | 南 北,https://ke-image.ljcdn.com/110000-inspection/pc1_YM4OBO70H_1.jpg!m_fill,w_280,h_210,f_jpg?from=ke.com
20241021,海淀,清河,101119970425,橡树湾三期  高层观景视野眺望西山户型方正房主自荐,960万,106372元/平,中楼层 (共18层) | 2011年 | 2室2厅 | 90.25平米 | 西,https://ke-image.ljcdn.com/110000-inspection/pc1_KfKTUvaDi_1.jpg!m_fill,w_280,h_210,f_jpg?from=ke.com
20241021,海淀,清河,101119949007,橡树湾二期 高层 东西通透两居室 满五唯一 只有契税,865万,107081元/平,高楼层 (共11层) | 2009年 | 2室1厅 | 80.78平米 | 东 西,https://ke-image.ljcdn.com/110000-inspection/37a290b2-6cf6-4393-925a-e6434231ac84_1000.jpg!m_fill,w_280,h_210,f_jpg?from=ke.com
20241021,海淀,清河,101119929631,燕清源 南北通透三居 满五唯一 户型方正 视野开阔房主自荐,1150万,78805元/平,顶层 (共28层) 3室2厅 | 145.93平米 | 南 北,https://ke-image.ljcdn.com/110000-inspection/e1e77eec-e4f1-495f-9cdc-2760f3c13922_1000.jpg!m_fill,w_280,h_210,f_jpg?from=ke.com
20241021,海淀,清河,101119925151,621小区边户带东窗中间位置中间楼层。房主自荐,590万,77226元/平,中楼层 (共6层) 3室1厅 | 76.4平米 | 南 北,https://ke-image.ljcdn.com/110000-inspection/pc1_WCutGU7SL_1.jpg!m_fill,w_280,h_210,f_jpg?from=ke.com
20241021,海淀,清河,101119914639,双地铁 电科院 满五年的商品房正规三居室南北通透,689万,60275元/平,顶层 (共6层) | 2000年 | 3室1厅 | 114.31平米 | 南 北,https://ke-image.ljcdn.com/110000-inspection/pc1_pBDk6dW2M_1.jpg!m_fill,w_280,h_210,f_jpg?from=ke.com
20241021,海淀,清河,101119861438,浩思家园 电梯洋房 城市墅 罗马物业 封闭式管理,2000万,91379元/平,中楼层 (共5层) 3室2厅 | 218.87平米 | 南 北,https://ke-image.ljcdn.com/110000-inspection/62d1a162-7140-4888-8225-16dafb858d3f_1000.jpg!m_fill,w_280,h_210,f_jpg?from=ke.com
20241021,海淀,清河,101119824249,力度家园 一室一厅 户型好 位置好 出行方便 诚意出售,450万,75026元/平,低楼层 (共21层) 1室1厅 | 59.98平米 | 北,https://ke-image.ljcdn.com/110000-inspection/pc1_GCgqjzLHK_1.jpg!m_fill,w_280,h_210,f_jpg?from=ke.com
20241021,海淀,清河,101119817445,世华龙樾一期西区 南向两居室 电梯房 人车分流,650万,85302元/平,底层 (共11层) | 2018年 | 2室1厅 | 76.2平米 | 南,https://ke-image.ljcdn.com/110000-inspection/pc1_QiMn6IxKy_1.jpg!m_fill,w_280,h_210,f_jpg?from=ke.com
20241021,海淀,清河,101119815528,世华龙樾一期西区 精装一居室 高楼层,440万,77616元/平,中楼层 (共17层) | 2018年 | 1室1厅 | 56.69平米 | 南,https://ke-image.ljcdn.com/110000-inspection/0eee4b1b-601b-470b-841d-b6cf56ebbbae_1000.jpg!m_fill,w_280,h_210,f_jpg?from=ke.com
20241021,海淀,清河,101119678948,强佑清河新城府学上院 3室2厅 南 北,1088万,78077元/平,中楼层 (共27层) | 2012年 | 3室2厅 | 139.35平米 | 南 北,https://ke-image.ljcdn.com/110000-inspection/f23d9191-2c96-4b80-aa2c-89e6b6c85829_1000.jpg!m_fill,w_280,h_210,f_jpg?from=ke.com
20241021,海淀,清河,101119642345,明厅两居南北向采光充足视野宽阔配套设施齐全,490万,72091元/平,底层 (共6层) 2室1厅 | 67.97平米 | 南 北,https://ke-image.ljcdn.com/110000-inspection/pc1_otSgilpAT_1.jpg!m_fill,w_280,h_210,f_jpg?from=ke.com
20241021,海淀,清河,101119628951,清河北京621厂宿舍 精装修两居诚意出售房主自荐,549万,82063元/平,顶层 (共4层) 2室1厅 | 66.9平米 | 东 南 西,https://ke-image.ljcdn.com/110000-inspection/d3cfca6f-4e02-414e-836c-c779df424315_1000.jpg!m_fill,w_280,h_210,f_jpg?from=ke.com
20241021,海淀,清河,101119546189,海淀清河 永泰东里 正规一居满二年格局方正,260万,56744元/平,底层 (共6层) 1室1厅 | 45.82平米 | 西,https://ke-image.ljcdn.com/110000-inspection/pc1_qjYlRBEiw_1.jpg!m_fill,w_280,h_210,f_jpg?from=ke.com
20241021,海淀,清河,101119453096,永泰园 全南两居 低楼层 精装修 楼龄新,375万,63939元/平,底层 (共6层) 2室1厅 | 58.65平米 | 南,https://ke-image.ljcdn.com/110000-inspection/f2503af7-0d20-4b36-ad4b-890765566175_1000.jpg!m_fill,w_280,h_210,f_jpg?from=ke.com
20241021,海淀,清河,101119438625,莱圳家园满五唯一高楼层看房随时急售,1090万,94890元/平,高楼层 (共15层) 3室2厅 | 114.87平米 | 南 北,https://ke-image.ljcdn.com/110000-inspection/pc1_Uj5Dnux9P.jpg!m_fill,w_280,h_210,f_jpg?from=ke.com
20241021,海淀,清河,101119418310,清河砂轮厂宿舍 中间层两居室 视野开阔配套齐全,440万,70774元/平,中楼层 (共7层) 2室1厅 | 62.17平米 | 南,https://ke-image.ljcdn.com/110000-inspection/3f4b50b3-16d8-4307-99c8-21d91fdb4aed_1000.jpg!m_fill,w_280,h_210,f_jpg?from=ke.com
20241021,海淀,清河,101119415332,强佑府学上院精致装修电梯三居 中高楼层,1100万,88149元/平,高楼层 (共24层) | 2020年 | 3室1厅 | 124.79平米 | 南 北,https://ke-image.ljcdn.com/110000-inspection/pc1_PP9dyejvm_1.jpg!m_fill,w_280,h_210,f_jpg?from=ke.com
20241021,海淀,清河,101119369151,橡林郡地铁精装一居高层品质社区随时可签,658万,110924元/平,高楼层 (共21层) 1室1厅 | 59.32平米 | 西,https://ke-image.ljcdn.com/110000-inspection/f3d48568-1c60-491c-bfec-08e739134b19_1000.jpg!m_fill,w_280,h_210,f_jpg?from=ke.com
20241021,海淀,清河,101119334701,属于年轻人331.18平的家世华龙樾四期宽景四居,4500万,135878元/平,低楼层 (共6层) | 2019年 | 4室3厅 | 331.18平米 | 东 南 北,https://ke-image.ljcdn.com/110000-inspection/pc1_2jE2qXWDN_1.jpg!m_fill,w_280,h_210,f_jpg?from=ke.com
20241021,海淀,清河,101119270176,小营东路7号院 精装修 中间层 明厅 户型方正,665万,73198元/平,中楼层 (共6层) 2室1厅 | 90.85平米 | 东 西,https://ke-image.ljcdn.com/110000-inspection/pc1_pYzSyXQSp_1.jpg!m_fill,w_280,h_210,f_jpg?from=ke.com
20241021,海淀,清河,101119242736,加气混凝土厂宿舍 东南北通透三居室 三面采光  诚意卖房主自荐,426万,71000元/平,中楼层 (共5层) 3室1厅 | 60平米 | 东 南 北,https://ke-image.ljcdn.com/110000-inspection/28723e7b-993f-4de0-8188-5a207d394cf5_1000.jpg!m_fill,w_280,h_210,f_jpg?from=ke.com
20241021,海淀,清河,101119242442,南北通透品质小区电梯房配套齐全观景房房主自荐,1020万,83184元/平,底层 (共29层) | 2021年 | 2室2厅 | 122.62平米 | 南 北,https://ke-image.ljcdn.com/110000-inspection/9f82aaa9-b4de-41cd-a6e7-a58de9b4aa13_1000.jpg!m_fill,w_280,h_210,f_jpg?from=ke.com
20241021,海淀,清河,101119219095,金隅美和园 南北通透两居室 小区中间位置 电梯房,595万,71071元/平,中楼层 (共9层) | 2008年 | 2室2厅 | 83.72平米 | 南 北,https://ke-image.ljcdn.com/110000-inspection/44b1f020-092a-43bc-8386-c420fac0876b_1000.jpg!m_fill,w_280,h_210,f_jpg?from=ke.com
20241021,海淀,清河,101119204301,清河五彩城旁南北通透正规一居室高楼层采光好。房主自荐,320万,70954元/平,顶层 (共6层) 1室1厅 | 45.1平米 | 南 北,https://ke-image.ljcdn.com/110000-inspection/a6ed31c2-66a1-4f4a-9289-6541690223ed_1000.jpg!m_fill,w_280,h_210,f_jpg?from=ke.com
20241021,海淀,清河,101119195741,强佑清河新城府学上院小区人车分流落地飘窗采光好,798万,86664元/平,低楼层 (共27层) | 2009年 | 2室1厅 | 92.08平米 | 东北,https://ke-image.ljcdn.com/110000-inspection/pc1_2PVQRVfHM_1.jpg!m_fill,w_280,h_210,f_jpg?from=ke.com
20241021,海淀,清河,101119192510,诚意出 力度家园 宽敞一室一厅 满五唯一 视野开阔房主自荐,539万,78515元/平,中楼层 (共21层) 1室1厅 | 68.65平米 | 东,https://ke-image.ljcdn.com/110000-inspection/pc1_3FbI4mkbg_1.jpg!m_fill,w_280,h_210,f_jpg?from=ke.com
20241021,海淀,清河,101119183984,信息学院家属楼 正规两居室 高楼层 精装修房主自荐,350万,61838元/平,顶层 (共5层) 2室1厅 | 56.6平米 | 南 北,https://ke-image.ljcdn.com/110000-inspection/pc1_wjJQ26Sc8.jpg!m_fill,w_280,h_210,f_jpg?from=ke.com
20241021,海淀,清河,101119140210,信息学院家属楼 精装两居室 满五年 靠谱签约,338万,52000元/平,底层 (共4层) 2室1厅 | 65平米 | 南 北,https://ke-image.ljcdn.com/110000-inspection/304d6621-eec3-4bfa-8933-44fb85b6e2ee_1000.jpg!m_fill,w_280,h_210,f_jpg?from=ke.com
20241021,海淀,清河,101119132632,宝盛里观林园 东西通透 大两居,910万,75865元/平,中楼层 (共6层) 2室2厅 | 119.95平米 | 东 西,https://ke-image.ljcdn.com/110000-inspection/pc1_G9dL2Sjyx_1.jpg!m_fill,w_280,h_210,f_jpg?from=ke.com
20241021,海淀,清河,101119103561,毛南小区 楼龄新 楼层低适合老人 使用面积大,425万,71429元/平,底层 (共6层) 2室1厅 | 59.5平米 | 南 北,https://ke-image.ljcdn.com/110000-inspection/03bc5e23-4f7c-41b3-bb69-42828fbd4c69_1000.jpg!m_fill,w_280,h_210,f_jpg?from=ke.com
20241021,海淀,清河,101119059035,毛南小区 明厅格局 精装修 楼龄新,375万,62500元/平,顶层 (共6层) | 1994年 | 2室1厅 | 60平米 | 南 北,https://ke-image.ljcdn.com/110000-inspection/pc1_ZSp7Q7714_1.jpg!m_fill,w_280,h_210,f_jpg?from=ke.com
20241021,海淀,清河,101119043912,橡树湾二期 南向一居室 中间楼层 无遮挡采光好,590万,110674元/平,中楼层 (共11层) | 2009年 | 1室0厅 | 53.31平米 | 南,https://ke-image.ljcdn.com/110000-inspection/f1c46ea4-54e1-4cd1-900e-46db2e56b02c_1000.jpg!m_fill,w_280,h_210,f_jpg?from=ke.com
20241021,海淀,清河,101119015575,橡树湾一期 南北三居室  彩光好 视野无遮挡 诚意出售,1810万,144373元/平,低楼层 (共18层) | 2007年 | 3室2厅 | 125.37平米 | 南 北,https://ke-image.ljcdn.com/110000-inspection/pc1_UqKA7gXn9_1.jpg!m_fill,w_280,h_210,f_jpg?from=ke.com
20241021,海淀,清河,101118967609,621小区 3室1厅 南 北房主自荐,770万,106945元/平,底层 (共6层) 3室1厅 | 72平米 | 南 北,https://ke-image.ljcdn.com/110000-inspection/ec24bda5-9b28-4917-94ab-efa707aeed8b_1000.jpg!m_fill,w_280,h_210,f_jpg?from=ke.com
20241021,海淀,清河,101118951247,小营东路7号院首付260万就够正规3居室空置有钥匙,648万,61023元/平,高楼层 (共6层) 3室1厅 | 106.19平米 | 南 西,https://ke-image.ljcdn.com/110000-inspection/pc1_cmw6vsWe3_1.jpg!m_fill,w_280,h_210,f_jpg?from=ke.com
20241021,海淀,清河,101118910960,毛纺厂南小区 3室1厅 南 北,410万,68448元/平,高楼层 (共6层) 3室1厅 | 59.9平米 | 南 北,https://ke-image.ljcdn.com/110000-inspection/8dc0037b-8467-42a6-be6f-c7c7cd293a3f_1000.jpg!m_fill,w_280,h_210,f_jpg?from=ke.com
20241021,海淀,清河,101118908223,清缘东里精装一居室全明格局户型方正,475万,80495元/平,低楼层 (共13层) | 2003年 | 1室1厅 | 59.01平米 | 东北,https://ke-image.ljcdn.com/110000-inspection/pc1_pDr9s9ZgJ_1.jpg!m_fill,w_280,h_210,f_jpg?from=ke.com
20241021,海淀,清河,101118892369,中央财经大学家属楼南北朝向两居不临街位置安静。房主自荐,450万,71885元/平,中楼层 (共6层) 2室1厅 | 62.6平米 | 南 北,https://ke-image.ljcdn.com/110000-inspection/b78a4814-6735-4db7-bb9b-fb04d6810920_1000.jpg!m_fill,w_280,h_210,f_jpg?from=ke.com
20241021,海淀,清河,101118879314,清河 五彩城旁 1992年 客厅带窗户两居 满五唯一,380万,67138元/平,高楼层 (共6层) 2室1厅 | 56.6平米 | 南 北,https://ke-image.ljcdn.com/110000-inspection/c5dbf979-14c4-4d16-8db4-fa580f3ee574_1000.jpg!m_fill,w_280,h_210,f_jpg?from=ke.com
20241021,海淀,清河,101118833232,正规两居靠谱签约开发商精装中间位置品质社区。,1070万,120727元/平,低楼层 (共18层) 2室1厅 | 88.63平米 | 南,https://ke-image.ljcdn.com/110000-inspection/ce26a491-519e-4ee0-bc33-d88e0a3da4a6_1000.jpg!m_fill,w_280,h_210,f_jpg?from=ke.com
20241021,海淀,清河,101118828101,清河永泰西里中间层南向一居室靠谱出售,376万,81368元/平,高楼层 (共6层) | 1998年 | 1室1厅 | 46.21平米 | 南,https://ke-image.ljcdn.com/110000-inspection/1b7a8a0d-8561-4993-97e8-858c7f241d80_1000.jpg!m_fill,w_280,h_210,f_jpg?from=ke.com
20241021,海淀,清河,101118823909,永泰庄6号院 中间层两居 满五年唯一 明厅户型,385万,70013元/平,中楼层 (共6层) 2室1厅 | 54.99平米 | 东 西,https://ke-image.ljcdn.com/110000-inspection/10a7877f-933b-40ce-a4db-6df498faa8e1_1000.jpg!m_fill,w_280,h_210,f_jpg?from=ke.com
20241021,海淀,清河,101118820680,清河小营东路6号院全南两居采光充足,376万,75503元/平,顶层 (共5层) 2室1厅 | 49.8平米 | 南,https://ke-image.ljcdn.com/110000-inspection/pc1_U6TcPCE6k_1.jpg!m_fill,w_280,h_210,f_jpg?from=ke.com
20241021,海淀,清河,101118801316,世华龙樾三期精装品质一居室全屋智能,842万,127789元/平,中楼层 (共6层) 1室1厅 | 65.89平米 | 东 西,https://ke-image.ljcdn.com/110000-inspection/pc1_xvgqkfezm_1.jpg!m_fill,w_280,h_210,f_jpg?from=ke.com
20241021,海淀,清河,101118776775,美和园东区中间层满五年唯一南北通透采光充足房主自荐,689万,85633元/平,中楼层 (共7层) | 2009年 | 2室1厅 | 80.46平米 | 南 北,https://ke-image.ljcdn.com/110000-inspection/35c249ff-626e-464e-9980-53a05e951e5c_1000.jpg!m_fill,w_280,h_210,f_jpg?from=ke.com
20241021,海淀,清河,101118733858,清河毛纺厂南小区 低楼层2居室 随时看,399万,66500元/平,低楼层 (共6层) 2室1厅 | 60平米 | 南 北,https://ke-image.ljcdn.com/110000-inspection/pc1_MRo8pJFhT.jpg!m_fill,w_280,h_210,f_jpg?from=ke.com
20241021,海淀,清河,101118733781,宝盛北里 满五唯一 全明格局 南北通透 中间层,499万,79802元/平,中楼层 (共6层) 1室1厅 | 62.53平米 | 南 北,https://ke-image.ljcdn.com/110000-inspection/pc1_NlpCD99R5_1.jpg!m_fill,w_280,h_210,f_jpg?from=ke.com
20241021,海淀,清河,101118731895,永泰园南向大一居无遮挡中间层采光好随时看房主自荐,410万,66236元/平,中楼层 (共6层) | 1998年 | 2室1厅 | 61.9平米 | 南,https://ke-image.ljcdn.com/110000-inspection/pc1_YNpC3OoFK_1.jpg!m_fill,w_280,h_210,f_jpg?from=ke.com
20241021,海淀,清河,101118698131,电力宿舍南北通透三居室 户型方正,370万,52782元/平,顶层 (共6层) 3室1厅 | 70.1平米 | 南 北,https://ke-image.ljcdn.com/110000-inspection/e408c540-7365-4863-84d7-8330b3303c6d_1000.jpg!m_fill,w_280,h_210,f_jpg?from=ke.com
20241021,海淀,清河,101118678858,永泰园2002年商品房 大阳台 户型采光好,458万,78925元/平,底层 (共6层) 1室1厅 | 58.03平米 | 东北,https://ke-image.ljcdn.com/110000-inspection/pc1_tfGngnhBl.jpg!m_fill,w_280,h_210,f_jpg?from=ke.com
20241021,海淀,清河,101118668586,满二仅契税中高层采光视野好主力户型精装修保持佳,1239万,138467元/平,中楼层 (共11层) | 2009年 | 2室1厅 | 89.48平米 | 西南,https://ke-image.ljcdn.com/110000-inspection/0b6d4de6-8357-4a1d-b2aa-f92bdbbbe78b_1000.jpg!m_fill,w_280,h_210,f_jpg?from=ke.com
20241021,海淀,清河,101118650852,小营东路7号院 3室1厅 东 西,798万,72864元/平,低楼层 (共6层) 3室1厅 | 109.52平米 | 东 西,https://ke-image.ljcdn.com/110000-inspection/7dcbba55-97d3-43cd-ae8a-e2f9227655f9_1000.jpg!m_fill,w_280,h_210,f_jpg?from=ke.com
20241021,海淀,清河,101118630094,加气混凝土厂宿舍 3室1厅 南,356万,62021元/平,低楼层 (共3层) 3室1厅 | 57.4平米 | 南,https://ke-image.ljcdn.com/110000-inspection/fe7c531e-b053-466c-b885-11d14ffe8fae_1000.jpg!m_fill,w_280,h_210,f_jpg?from=ke.com
20241021,海淀,清河,101118619673,高楼层视野好+东西通透采光好+精装修,428万,60197元/平,顶层 (共6层) | 2008年 | 3室1厅 | 71.1平米 | 东 南 西,https://ke-image.ljcdn.com/110000-inspection/pc1_7EZ52ovHd_1.jpg!m_fill,w_280,h_210,f_jpg?from=ke.com
20241021,海淀,清河,101118613980,永泰园 精装修 低楼层两居室 诚心卖房主自荐,420万,70827元/平,底层 (共6层) 2室1厅 | 59.3平米 | 南,https://ke-image.ljcdn.com/110000-inspection/pc1_aWmegHG09_1.jpg!m_fill,w_280,h_210,f_jpg?from=ke.com
20241021,海淀,清河,101118557055,观林园 双通透 四阳台 中间层 单价低,800万,66695元/平,中楼层 (共6层) 2室2厅 | 119.95平米 | 东 西,https://ke-image.ljcdn.com/110000-inspection/pc1_azQbvH5tl_1.jpg!m_fill,w_280,h_210,f_jpg?from=ke.com
20241021,海淀,清河,101118521457,花园楼小区 南北两居  满五年唯一 诚意出售房主自荐,430万,70608元/平,低楼层 (共6层) | 1984年 | 2室1厅 | 60.9平米 | 南 北,https://ke-image.ljcdn.com/110000-inspection/pc1_tlWxYcpZB_1.jpg!m_fill,w_280,h_210,f_jpg?from=ke.com
20241021,海淀,清河,101118520143,信息学院家属楼南北通透三居室 楼龄新 户型好,540万,60593元/平,顶层 (共6层) 3室1厅 | 89.12平米 | 南 北,https://ke-image.ljcdn.com/110000-inspection/pc1_yWLtE355g_1.jpg!m_fill,w_280,h_210,f_jpg?from=ke.com
20241021,海淀,清河,101118506620,清河毛纺南小区 南北两居室 低楼层 92年诚意出售,420万,77065元/平,底层 (共6层) 2室1厅 | 54.5平米 | 南 北,https://ke-image.ljcdn.com/110000-inspection/pc1_UnbNVCQBf_1.jpg!m_fill,w_280,h_210,f_jpg?from=ke.com
20241021,海淀,清河,101118505530,清景园 商品房 南向两居 满五唯一 户型方正,755万,75910元/平,低楼层 (共22层) 2室1厅 | 99.46平米 | 南,https://ke-image.ljcdn.com/110000-inspection/dc779044-feec-4896-9b03-6c8456506c3a_1000.jpg!m_fill,w_280,h_210,f_jpg?from=ke.com
20241021,海淀,清河,101118488396,永泰西里 精装修 总价不高 车位充足 业主急售,299万,65643元/平,顶层 (共6层) 1室1厅 | 45.55平米 | 南,https://ke-image.ljcdn.com/110000-inspection/pc1_mm3l7IG8U_1.jpg!m_fill,w_280,h_210,f_jpg?from=ke.com
20241021,海淀,清河,101118477737,橡树湾三期   户型方正 精装 拎包入住,1330万,133094元/平,低楼层 (共20层) | 2011年 | 2室1厅 | 99.93平米 | 东南,https://ke-image.ljcdn.com/110000-inspection/cd83e983-6296-41b0-be68-16c6f6db147c_1000.jpg!m_fill,w_280,h_210,f_jpg?from=ke.com
20241021,海淀,清河,101118401580,清河 毛纺厂南小区两居室 中间层 南北通透 诚意出售,430万,78611元/平,中楼层 (共6层) | 1987年 | 2室1厅 | 54.7平米 | 南 北,https://ke-image.ljcdn.com/110000-inspection/86ec43c3-2fe4-413d-a3f3-8a8c92beccdb_1000.jpg!m_fill,w_280,h_210,f_jpg?from=ke.com
20241021,海淀,清河,101118287992,宝盛北里正规三居南北通透无抵押无户口诚意售,650万,52534元/平,顶层 (共6层) | 2004年 | 3室1厅 | 123.73平米 | 南 北,https://ke-image.ljcdn.com/110000-inspection/pc1_nkMzvqJ2A_1.jpg!m_fill,w_280,h_210,f_jpg?from=ke.com
20241021,海淀,清河,101118281589,前屯路57号院 中间层 满五年毛坯小三居房主自荐,339万,60107元/平,中楼层 (共6层) 3室0厅 | 56.4平米 | 南 北,https://ke-image.ljcdn.com/110000-inspection/pc1_4Yoor2zhF.jpg!m_fill,w_280,h_210,f_jpg?from=ke.com
20241021,海淀,清河,101118270109,美和园满五年唯一商品房业主自住精装修电梯高楼层房主自荐,770万,91776元/平,高楼层 (共9层) | 2008年 | 2室2厅 | 83.9平米 | 南 北,https://ke-image.ljcdn.com/110000-inspection/51a6db12-f4ad-4708-8cd8-0fa6f78cbd1e_1000.jpg!m_fill,w_280,h_210,f_jpg?from=ke.com
20241021,海淀,清河,101118264345,清河永泰小区东里 中间层 满五唯一,530万,82018元/平,中楼层 (共6层) | 1996年 | 2室1厅 | 64.62平米 | 南 北,https://ke-image.ljcdn.com/110000-inspection/pc1_mA9aQmGmd_1.jpg!m_fill,w_280,h_210,f_jpg?from=ke.com
20241021,海淀,清河,101118262975,美和园东区两居户型方正明厨明卫诚意出售房主自荐,595万,81934元/平,高楼层 (共6层) 2室1厅 | 72.62平米 | 东南 西北,https://ke-image.ljcdn.com/110000-inspection/pc1_sCk5K7IPH_1.jpg!m_fill,w_280,h_210,f_jpg?from=ke.com
20241021,海淀,清河,101118248743,海淀 清河 宝盛北里 南北通透 正规三居室,530万,49968元/平,高楼层 (共6层) 3室1厅 | 106.07平米 | 南 西 北,https://ke-image.ljcdn.com/110000-inspection/pc1_JkvDQWeb6_1.jpg!m_fill,w_280,h_210,f_jpg?from=ke.com
20241021,海淀,清河,101118207891,莱圳家园满五唯一产权清晰。近地铁三居室房主自荐,1060万,92983元/平,低楼层 (共15层) | 2006年 | 3室2厅 | 114平米 | 南 北,https://ke-image.ljcdn.com/110000-inspection/pc1_vUzQcvOyh_1.jpg!m_fill,w_280,h_210,f_jpg?from=ke.com
20241021,海淀,清河,101118172705,清河  商品房 电梯南北大三居房主自荐,990万,68865元/平,低楼层 (共19层) | 2005年 | 3室1厅 | 143.76平米 | 南 北,https://ke-image.ljcdn.com/110000-inspection/pc1_DShuNay7A.jpg!m_fill,w_280,h_210,f_jpg?from=ke.com
20241021,海淀,清河,101118040829,强佑清河新城府学上院 2室1厅 东,760万,85789元/平,中楼层 (共27层) | 2009年 | 2室1厅 | 88.59平米 | 东,https://ke-image.ljcdn.com/110000-inspection/12c56f60-46d8-4b85-8ae5-dadf9f290d54_1000.jpg!m_fill,w_280,h_210,f_jpg?from=ke.com
20241021,海淀,清河,101118031920,永泰庄甲6号院次顶层两居室随时可签,430万,78468元/平,高楼层 (共6层) | 1986年 | 2室1厅 | 54.8平米 | 南 北,https://ke-image.ljcdn.com/110000-inspection/14351934-341e-449d-8425-91c3bc6704cd_1000.jpg!m_fill,w_280,h_210,f_jpg?from=ke.com
20241021,海淀,清河,101117937674,海淀清河芳清园两居室满五唯一位置好安静不临街。,830万,78081元/平,底层 (共8层) | 2007年 | 2室1厅 | 106.3平米 | 南 北,https://ke-image.ljcdn.com/110000-inspection/879a4d06-226e-4add-a418-2bdeacc5268c_1000.jpg!m_fill,w_280,h_210,f_jpg?from=ke.com
20241021,海淀,清河,101117927956,清河供电局宿舍 南北通透两居室  中间楼层  户型方正房主自荐,598万,88357元/平,中楼层 (共6层) 2室2厅 | 67.68平米 | 南 北,https://ke-image.ljcdn.com/110000-inspection/a7407672-26c4-4890-af5c-bee702e37a63_1000.jpg!m_fill,w_280,h_210,f_jpg?from=ke.com
20241021,海淀,清河,101117869838,强佑清河新城府学上院南向开间视野采光好房主自荐,375万,113637元/平,高楼层 (共18层) | 2020年 | 1室1厅 | 33平米 | 南,https://ke-image.ljcdn.com/110000-inspection/763c17fe-1382-4367-aa4d-5951652097f1_1000.jpg!m_fill,w_280,h_210,f_jpg?from=ke.com
20241021,海淀,清河,101117865536,清河永泰东里 满五年成本价 购房成本低 中间层房主自荐,400万,67103元/平,中楼层 (共6层) 2室1厅 | 59.61平米 | 南 北,https://ke-image.ljcdn.com/110000-inspection/pc1_bDrgO37tM_1.jpg!m_fill,w_280,h_210,f_jpg?from=ke.com
20241021,海淀,清河,101117842076,清缘里中区商品房满五年唯一自住带电梯楼层好,450万,54480元/平,高楼层 (共13层) | 2003年 | 2室1厅 | 82.6平米 | 西南,https://ke-image.ljcdn.com/110000-inspection/426eb52d-8f55-4421-b3aa-eb301bb75c37_1000.jpg!m_fill,w_280,h_210,f_jpg?from=ke.com
20241021,海淀,清河,101117803115,宝盛北里 电梯三居 精装 全明格局 满五唯一房主自荐,980万,68094元/平,中楼层 (共9层) 3室2厅 | 143.92平米 | 东 南 北,https://ke-image.ljcdn.com/110000-inspection/pc1_VdSGhJ9dt_1.jpg!m_fill,w_280,h_210,f_jpg?from=ke.com
20241021,海淀,清河,101117791083,清河区永泰西里中间层精装修两居室,430万,73947元/平,低楼层 (共6层) | 1998年 | 2室1厅 | 58.15平米 | 南 北,https://ke-image.ljcdn.com/110000-inspection/pc1_YOv9va9Kv_1.jpg!m_fill,w_280,h_210,f_jpg?from=ke.com
20241021,海淀,清河,101117756319,观景园一居室满五年唯一精装修视野开阔,478万,73652元/平,高楼层 (共6层) 1室1厅 | 64.9平米 | 东,https://ke-image.ljcdn.com/110000-inspection/pc1_cte7V2sGH_1.jpg!m_fill,w_280,h_210,f_jpg?from=ke.com
20241021,海淀,清河,101117721221,橡树湾四期  通透两居室  华润开发商精装修 自持物业房主自荐,1198万,111225元/平,低楼层 (共18层) | 2013年 | 2室2厅 | 107.71平米 | 东 西,https://ke-image.ljcdn.com/110000-inspection/pc1_7RYr6zvgd.jpg!m_fill,w_280,h_210,f_jpg?from=ke.com
20241021,海淀,清河,101117716187,加气厂宿舍中间位置不临街交通便利配套齐全房主自荐,599万,113663元/平,底层 (共5层) 2室1厅 | 52.7平米 | 南 北,https://ke-image.ljcdn.com/110000-inspection/1879538a-8f22-4d1b-b923-c29369d1b72d_1000.jpg!m_fill,w_280,h_210,f_jpg?from=ke.com
20241021,海淀,清河,101117610005,海淀 清河 机械学院 南北二居 精装修 1988年的楼龄,368万,67772元/平,中楼层 (共5层) | 1981年 | 2室1厅 | 54.3平米 | 南 北,https://ke-image.ljcdn.com/110000-inspection/1c0ce012-45e9-446d-8254-80d611172826_1000.jpg!m_fill,w_280,h_210,f_jpg?from=ke.com
20241021,海淀,清河,101117590181,美和园东区一居户型方正板楼配套齐全。房主自荐,548万,88516元/平,中楼层 (共7层) | 2009年 | 1室1厅 | 61.91平米 | 东 西,https://ke-image.ljcdn.com/110000-inspection/db8e7074-469c-4f95-895b-07cf26d27598_1000.jpg!m_fill,w_280,h_210,f_jpg?from=ke.com
20241021,海淀,清河,101117485167,世华龙樾四期经典三居室小区新环境好,2290万,167521元/平,顶层 (共6层) 3室2厅 | 136.7平米 | 南 北,https://ke-image.ljcdn.com/110000-inspection/pc1_rEdtiBt8N.jpg!m_fill,w_280,h_210,f_jpg?from=ke.com
20241021,海淀,清河,101117363805,世华龙樾四期 大平层四居  毛坯次新房 满两年,4600万,138898元/平,中楼层 (共6层) 4室2厅 | 331.18平米 | 东 南 北,https://ke-image.ljcdn.com/110000-inspection/pc1_gY9eHfoPe.jpg!m_fill,w_280,h_210,f_jpg?from=ke.com
20241021,海淀,清河,101117300116,清河文苑户型方正正规四居室业主诚意出售,1020万,68999元/平,高楼层 (共24层) 2室1厅 | 147.83平米 | 西南,https://ke-image.ljcdn.com/110000-inspection/8b537996-3644-4cd1-a467-6fd409e00e27_1000.jpg!m_fill,w_280,h_210,f_jpg?from=ke.com
20241021,海淀,清河,101117227016,观林园 2室2厅 东 西,858万,70998元/平,高楼层 (共6层) 2室2厅 | 120.85平米 | 东 西,https://ke-image.ljcdn.com/110000-inspection/pc1_OfnyhPCIM_1.jpg!m_fill,w_280,h_210,f_jpg?from=ke.com
20241021,海淀,清河,101117217787,永泰东里 满五年唯一 南北通透优质两居 诚意出售,516万,86767元/平,高楼层 (共6层) | 1994年 | 2室1厅 | 59.47平米 | 南 北,https://ke-image.ljcdn.com/110000-inspection/pc1_fv7pYcGCR_1.jpg!m_fill,w_280,h_210,f_jpg?from=ke.com
20241021,海淀,清河,101117160017,满五年唯一全南精装修一居室有钥匙随时看电梯房,430万,82582元/平,低楼层 (共21层) | 2012年 | 1室1厅 | 52.07平米 | 南,https://ke-image.ljcdn.com/110000-inspection/f7682bd8-d475-439c-b22f-8d937b7b2d50_1000.jpg!m_fill,w_280,h_210,f_jpg?from=ke.com
20241021,海淀,清河,101117120631,急售 车位充足 满五唯一 采光充足 交通便利,347万,63322元/平,顶层 (共6层) 2室1厅 | 54.8平米 | 南 北,https://ke-image.ljcdn.com/110000-inspection/48fe262d-d957-4e92-875f-55733bad1816_1000.jpg!m_fill,w_280,h_210,f_jpg?from=ke.com
20241021,海淀,清河,101117012352,621小区 正规两居室 位置好 视野好 诚意出售房主自荐,550万,98567元/平,顶层 (共6层) 2室1厅 | 55.8平米 | 东南,https://ke-image.ljcdn.com/110000-inspection/f5c92067-5115-4d25-b2e5-56cc41d7a322_1000.jpg!m_fill,w_280,h_210,f_jpg?from=ke.com
20241021,海淀,清河,101117008702,观景园小区 满五唯一 东西通透 采光充足 位置优良,700万,73848元/平,中楼层 (共6层) | 2011年 | 2室1厅 | 94.79平米 | 东 西,https://ke-image.ljcdn.com/110000-inspection/916409da-fdfb-480d-91d7-65738acf8310_1000.jpg!m_fill,w_280,h_210,f_jpg?from=ke.com
20241021,海淀,清河,101116978990,两个阳台都朝南 格局方正 永泰东里中间层满五唯一,506万,78365元/平,高楼层 (共6层) 2室1厅 | 64.57平米 | 南 北,https://ke-image.ljcdn.com/110000-inspection/pc1_RB6hKrGO8_1.jpg!m_fill,w_280,h_210,f_jpg?from=ke.com
20241021,海淀,清河,101116901799,小营东路7号院南北通透三居室 户型方正,930万,74063元/平,高楼层 (共6层) 3室2厅 | 125.57平米 | 南 北,https://ke-image.ljcdn.com/110000-inspection/pc1_7miDXatMz_1.jpg!m_fill,w_280,h_210,f_jpg?from=ke.com
20241021,海淀,清河,101116895191,燕清源正规两居室三面采光小区人车分流,810万,74258元/平,高楼层 (共28层) 2室1厅 | 109.08平米 | 东 南 西北,https://ke-image.ljcdn.com/110000-inspection/pc1_Stc1frf4J.jpg!m_fill,w_280,h_210,f_jpg?from=ke.com
20241021,海淀,清河,101116756009,海淀清河观澳园 主力格局 产权清晰简单 稳定签约,300万,72816元/平,中楼层 (共6层) | 2006年 | 1室0厅 | 41.2平米 | 东,https://ke-image.ljcdn.com/110000-inspection/pc1_i9eCk3jav_1.jpg!m_fill,w_280,h_210,f_jpg?from=ke.com
20241021,海淀,清河,101116749032,板楼三居。南北朝向。楼层好。采光充足。看房方便房主自荐,698万,81476元/平,高楼层 (共6层) 3室1厅 | 85.67平米 | 南 北,https://ke-image.ljcdn.com/110000-inspection/ae06ed33-1d63-4af2-80b0-56755eb66aab_1000.jpg!m_fill,w_280,h_210,f_jpg?from=ke.com
20241021,海淀,清河,101116715085,本房是满五年商品房板楼南北通透两居户型好房主自荐,880万,101127元/平,高楼层 (共6层) 2室2厅 | 87.02平米 | 南 北,https://ke-image.ljcdn.com/110000-inspection/pc1_SNOjrSA1L.jpg!m_fill,w_280,h_210,f_jpg?from=ke.com
20241021,海淀,清河,101116640674,电科院家属楼 正规南北向三居室 明卫  靠谱签约,960万,73801元/平,中楼层 (共6层) 3室2厅 | 130.08平米 | 南 北,https://ke-image.ljcdn.com/110000-inspection/pc1_Jt11irvtu_1.jpg!m_fill,w_280,h_210,f_jpg?from=ke.com
20241021,海淀,清河,101116525263,观景园正规三居室 满五年唯一 无抵押无户口诚意出售,1445万,90037元/平,底层 (共6层) 3室1厅 | 160.49平米 | 南 北,https://ke-image.ljcdn.com/110000-inspection/pc1_GTpNEYTZ9.jpg!m_fill,w_280,h_210,f_jpg?from=ke.com
20241021,海淀,清河,101116449724,满五唯一商品房  东南北三面采光 明厨明卫 诚意出售,378万,77890元/平,顶层 (共9层) | 2009年 | 1室1厅 | 48.53平米 | 东 南 北,https://ke-image.ljcdn.com/110000-inspection/31a01979-7393-4a25-a994-a68bd2034624_1000.jpg!m_fill,w_280,h_210,f_jpg?from=ke.com
20241021,海淀,清河,101116432934,海淀 观景园 朝东向 正规一居室 诚意出售,498万,77114元/平,顶层 (共6层) | 2011年 | 1室1厅 | 64.58平米 | 东,https://ke-image.ljcdn.com/110000-inspection/pc1_88mxw7G6p_1.jpg!m_fill,w_280,h_210,f_jpg?from=ke.com
20241021,海淀,清河,101116418729,宝盛里 三居室 满五年唯一 南北通透 无遮挡 采光好,850万,61386元/平,底层 (共6层) 3室2厅 | 138.47平米 | 东 南 北,https://ke-image.ljcdn.com/110000-inspection/6388e251-a400-4e3b-a9fe-4ae8d2b87cf4_1000.jpg!m_fill,w_280,h_210,f_jpg?from=ke.com
20241021,海淀,清河,101116236528,清河永泰西里 正规二居 户型方正 采光好,318万,52046元/平,顶层 (共6层) 2室1厅 | 61.1平米 | 东 西,https://ke-image.ljcdn.com/110000-inspection/4451c295-9626-4665-ab58-6b9a0348f140_1000.jpg!m_fill,w_280,h_210,f_jpg?from=ke.com
20241021,海淀,清河,101116141887,精装 中间层 南北两居 客厅有窗房主自荐,458万,83730元/平,中楼层 (共6层) | 1981年 | 2室1厅 | 54.7平米 | 南 西 北,https://ke-image.ljcdn.com/110000-inspection/2940acce-7ae4-4c4e-87dc-a4f6833f8253_1000.jpg!m_fill,w_280,h_210,f_jpg?from=ke.com
20241021,海淀,清河,101116030003,清河 明厅 南北通透 两居室  满五年唯一,418万,60318元/平,顶层 (共5层) 2室1厅 | 69.3平米 | 南 北,https://ke-image.ljcdn.com/110000-inspection/pc1_G30qvSIza_1.jpg!m_fill,w_280,h_210,f_jpg?from=ke.com
20241021,海淀,清河,101116026698,橡树湾二期精装洋房 双卧朝南 位置安静 业主诚意出售房主自荐,1880万,107209元/平,中楼层 (共6层) 4室2厅 | 175.36平米 | 东 南 北,https://ke-image.ljcdn.com/110000-inspection/fec72743-4577-43f2-a1c2-29f8ff6d05af_1000.jpg!m_fill,w_280,h_210,f_jpg?from=ke.com
20241021,海淀,清河,101115889196,永泰园板楼  两居 中间楼层 南北通透房主自荐,470万,68734元/平,中楼层 (共6层) 2室1厅 | 68.38平米 | 南 北,https://ke-image.ljcdn.com/110000-inspection/pc1_FZMT1OAcG_1.jpg!m_fill,w_280,h_210,f_jpg?from=ke.com
20241021,海淀,清河,101115857462,观景园两居室精装修南北通透位置好。,815万,89130元/平,底层 (共6层) 2室1厅 | 91.44平米 | 南 北,https://ke-image.ljcdn.com/110000-inspection/pc1_QACQ5Tsi4.jpg!m_fill,w_280,h_210,f_jpg?from=ke.com
20241021,海淀,清河,101115729351,小营东路6号院 正规3居室  视野好 采光好,598万,75126元/平,顶层 (共5层) 3室1厅 | 79.6平米 | 南 北,https://ke-image.ljcdn.com/110000-inspection/pc1_rjydhSmqA_1.jpg!m_fill,w_280,h_210,f_jpg?from=ke.com
20241021,海淀,清河,101115541208,中央财经大学家属楼 南北通透两居室 业主诚心出售房主自荐,569万,91450元/平,高楼层 (共6层) 2室1厅 | 62.22平米 | 南 北,https://ke-image.ljcdn.com/110000-inspection/pc1_mvnuUwAp6.jpg!m_fill,w_280,h_210,f_jpg?from=ke.com
20241021,海淀,清河,101115471163,强佑府学上院 三卧朝南 业主诚心出售,1020万,72315元/平,高楼层 (共27层) | 2009年 | 3室2厅 | 141.05平米 | 东南,https://ke-image.ljcdn.com/110000-inspection/pc1_YgFrJgbPa.jpg!m_fill,w_280,h_210,f_jpg?from=ke.com
20241021,海淀,清河,101115104529,长城润滑油家属楼两居室业主诚意出售房主自荐,280万,67470元/平,中楼层 (共6层) 2室1厅 | 41.5平米 | 南 北,https://ke-image.ljcdn.com/110000-inspection/pc1_OuGeDfb4I.jpg!m_fill,w_280,h_210,f_jpg?from=ke.com
20241021,海淀,清河,101114980108,此房满五唯一 精装修 高楼层 视野好  正规三居室,995万,68930元/平,中楼层 (共19层) | 2005年 | 3室1厅 | 144.35平米 | 西南,https://ke-image.ljcdn.com/110000-inspection/pc1_Q0Fksl9bb.jpg!m_fill,w_280,h_210,f_jpg?from=ke.com
20241021,海淀,清河,101114680837,621小区精装修不临街安静采光好房主自荐,610万,120316元/平,底层 (共6层) 3室1厅 | 50.7平米 | 南 西 北,https://ke-image.ljcdn.com/110000-inspection/98ab625d-d6db-4e26-86af-a6550779f658_1000.jpg!m_fill,w_280,h_210,f_jpg?from=ke.com
20241021,海淀,清河,101114548331,雪梨澳乡E区双拼别墅地上两层毛坯房花园300平,1900万,77994元/平,底层 (共2层) | 2007年 | 3室2厅 | 243.61平米 | 南 北,https://ke-image.ljcdn.com/110000-inspection/pc1_0hMmMwwG4_1.jpg!m_fill,w_280,h_210,f_jpg?from=ke.com
20241021,海淀,清河,101114109644,毛纺厂南小区 南北两居 中间楼层 满五唯一 诚意出售,320万,67369元/平,中楼层 (共5层) | 1975年 | 2室1厅 | 47.5平米 | 南 北,https://ke-image.ljcdn.com/110000-inspection/pc1_su05YzziG.jpg!m_fill,w_280,h_210,f_jpg?from=ke.com
20241021,海淀,清河,101113633591,清河永泰小区东里 正规两居室 诚心出售,400万,69049元/平,低楼层 (共6层) 2室1厅 | 57.93平米 | 南 北,https://ke-image.ljcdn.com/110000-inspection/pc1_7mscWUK2C_1.jpg!m_fill,w_280,h_210,f_jpg?from=ke.com
20241021,海淀,清河,101112974337,宝盛里芳清园精装修正规一居室电梯房户型方正,569万,72874元/平,高楼层 (共9层) | 2007年 | 1室1厅 | 78.08平米 | 西,https://ke-image.ljcdn.com/110000-inspection/pc1_ZB7sAWUXU_1.jpg!m_fill,w_280,h_210,f_jpg?from=ke.com
20241021,海淀,清河,101112228021,信息学院家属楼 中间层 满五唯一 靠谱签约,399万,59642元/平,中楼层 (共4层) 2室1厅 | 66.9平米 | 东 南 北,https://ke-image.ljcdn.com/110000-inspection/ea700e6e-f74d-48ff-befb-7ad979eed4a8_1000.jpg!m_fill,w_280,h_210,f_jpg?from=ke.com
20241021,海淀,清河,101111720309,海淀 清河 永泰西里 南北 三居室房主自荐,433万,60969元/平,顶层 (共6层) 3室1厅 | 71.02平米 | 南 北,https://ke-image.ljcdn.com/110000-inspection/pc1_8bDWgdbPR_1.jpg!m_fill,w_280,h_210,f_jpg?from=ke.com
20241021,海淀,清河,101110827694,专家国际花园平层三居观光电梯落地阳台,2200万,99265元/平,中楼层 (共5层) 2室2厅 | 221.63平米 | 南 北,https://ke-image.ljcdn.com/110000-inspection/pc1_5vUyrD32F_1.jpg!m_fill,w_280,h_210,f_jpg?from=ke.com
20241021,海淀,清河,101108240093,三居室  满足需求  出行方便,699万,82043元/平,底层 (共4层) | 1958年 | 3室1厅 | 85.2平米 | 南 北,https://ke-image.ljcdn.com/110000-inspection/pc1_qw0ohJmmd.jpg!m_fill,w_280,h_210,f_jpg?from=ke.com
20241021,海淀,清河,101127172592,世华龙樾四期 4室2厅 南 北新上,2780万,144762元/平,中楼层 (共6层) 4室2厅 | 192.04平米 | 南 北,https://ke-image.ljcdn.com/110000-inspection/e95205b6-964d-470d-810a-6bc14640188d_1000.jpg!m_fill,w_280,h_210,f_jpg?from=ke.com
20241021,海淀,清河,101127154378,君安家园东区 3室1厅 西南新上,970万,67799元/平,中楼层 (共19层) 3室1厅 | 143.07平米 | 西南,https://ke-image.ljcdn.com/110000-inspection/c69064d2-0ca8-4f11-ba61-815e8c1e7653_1000.jpg!m_fill,w_280,h_210,f_jpg?from=ke.com
20241021,海淀,清河,101127148825,合景映月台 3室2厅 南 北新上,1450万,148505元/平,中楼层 (共8层) 3室2厅 | 97.64平米 | 南 北,https://ke-image.ljcdn.com/110000-inspection/637b4809-6b1f-491c-aa58-e5dd1f6a85a1_1000.jpg!m_fill,w_280,h_210,f_jpg?from=ke.com
20241021,海淀,清河,101127127406,清缘里中区 3室1厅 南 北新上,510万,59310元/平,底层 (共10层) | 1999年 | 3室1厅 | 85.99平米 | 南 北,https://ke-image.ljcdn.com/110000-inspection/pc1_bbRJTsaAP_1.jpg!m_fill,w_280,h_210,f_jpg?from=ke.com
20241021,海淀,清河,101127107851,位置好不临街很安静 南向大2居室采光好新上,650万,66037元/平,中楼层 (共13层) 2室1厅 | 98.43平米 | 南,https://ke-image.ljcdn.com/110000-inspection/182e9f1f-283a-4acb-8af0-c72ee4eeae1b_1000.jpg!m_fill,w_280,h_210,f_jpg?from=ke.com
20241021,海淀,清河,101127101972,橡树湾三期 1室1厅 东新上,830万,97270元/平,底层 (共18层) | 2011年 | 1室1厅 | 85.33平米 | 东,https://ke-image.ljcdn.com/110000-inspection/d4966da8-a279-418f-a014-ec2b3bb9efd0_1000.jpg!m_fill,w_280,h_210,f_jpg?from=ke.com
20241021,海淀,清河,101127087074,橡树湾五期 3室2厅 南 北新上,1960万,135763元/平,中楼层 (共16层) 3室2厅 | 144.37平米 | 南 北,https://ke-image.ljcdn.com/110000-inspection/c5ddd2d4-cea7-47b3-9731-8f8950145cdc_1000.jpg!m_fill,w_280,h_210,f_jpg?from=ke.com
20241021,海淀,清河,101127077895,永泰庄甲6号院 2室1厅 南 北新上,380万,60510元/平,中楼层 (共6层) | 1997年 | 2室1厅 | 62.8平米 | 南 北,https://ke-image.ljcdn.com/110000-inspection/b1ad116d-8a61-482b-9631-66fc7e06e360_1000.jpg!m_fill,w_280,h_210,f_jpg?from=ke.com
20241021,海淀,清河,101127073767,新上小区中间位置南北边户四居洋房社区刷卡入户新上,2215万,126702元/平,低楼层 (共9层) 4室2厅 | 174.82平米 | 西南 北,https://ke-image.ljcdn.com/110000-inspection/pc1_PL9TJ9am8_1.jpg!m_fill,w_280,h_210,f_jpg?from=ke.com
20241021,海淀,清河,101127060933,观澳园 1室0厅 南新上,370万,65860元/平,顶层 (共5层) | 2005年 | 1室0厅 | 56.18平米 | 南,https://ke-image.ljcdn.com/110000-inspection/3d0dbd46-9ab1-4d9e-9229-b6273646b0d0_1000.jpg!m_fill,w_280,h_210,f_jpg?from=ke.com
20241021,海淀,清河,101127059766,宝盛北里 1室2厅 南 北新上,445万,71166元/平,底层 (共6层) 1室2厅 | 62.53平米 | 南 北,https://ke-image.ljcdn.com/110000-inspection/68d5ef7e-18a3-44c8-af60-566f0b05e3f5_1000.jpg!m_fill,w_280,h_210,f_jpg?from=ke.com
20241021,海淀,清河,101127044644,双地铁 清河永泰西里 三居室 满五唯一新上,439万,62931元/平,顶层 (共6层) 3室1厅 | 69.76平米 | 南 北,https://ke-image.ljcdn.com/110000-inspection/pc1_nLZNXelrH_1.jpg!m_fill,w_280,h_210,f_jpg?from=ke.com
20241021,海淀,清河,101127030984,莱圳家园 2室1厅 南 北,785万,80217元/平,中楼层 (共19层) | 2009年 | 2室1厅 | 97.86平米 | 南 北,https://ke-image.ljcdn.com/110000-inspection/pc1_B2V1z24Qh_1.jpg!m_fill,w_280,h_210,f_jpg?from=ke.com
20241021,海淀,清河,101127020966,海淀清河毛纺厂南小区 非顶层 满五年 唯一,310万,56673元/平,高楼层 (共6层) | 1987年 | 2室1厅 | 54.7平米 | 南 北,https://ke-image.ljcdn.com/110000-inspection/b44305fb-6de0-489f-8720-86a328dc3e15_1000.jpg!m_fill,w_280,h_210,f_jpg?from=ke.com
20241021,海淀,清河,101127018465,永泰西里经典两居室业主置换诚意出售价格可商量,390万,67253元/平,顶层 (共6层) 2室1厅 | 57.99平米 | 南 北,https://ke-image.ljcdn.com/110000-inspection/pc1_RLPIVDkjN_1.jpg!m_fill,w_280,h_210,f_jpg?from=ke.com
20241021,海淀,清河,101127012396,橡树湾一期 3室2厅 南 北,1450万,115364元/平,低楼层 (共18层) | 2007年 | 3室2厅 | 125.69平米 | 南 北,https://ke-image.ljcdn.com/110000-inspection/19da1fa2-6bbe-40ea-b924-bb7ab95b31cf_1000.jpg!m_fill,w_280,h_210,f_jpg?from=ke.com
20241021,海淀,清河,101127005590,小营东路5号院 3室1厅 南 北新上,435万,62590元/平,顶层 (共5层) 3室1厅 | 69.5平米 | 南 北,https://ke-image.ljcdn.com/110000-inspection/pc1_gGr0Q0dME_1.jpg!m_fill,w_280,h_210,f_jpg?from=ke.com
20241021,海淀,清河,101127005217,莱圳家园新上高楼层南北两居室 业主诚售 看房方便新上,850万,91576元/平,高楼层 (共16层) | 2012年 | 2室1厅 | 92.82平米 | 南 北,https://ke-image.ljcdn.com/110000-inspection/2f03fac6-461f-4e6f-aae7-8a1251dcb634_1000.jpg!m_fill,w_280,h_210,f_jpg?from=ke.com
20241021,海淀,清河,101127001373,永泰东里 3室1厅 南 西 北,499万,58452元/平,顶层 (共6层) 3室1厅 | 85.37平米 | 南 西 北,https://ke-image.ljcdn.com/110000-inspection/7af25813-1a29-4b1e-b0a3-31f817cf43ab_1000.jpg!m_fill,w_280,h_210,f_jpg?from=ke.com
20241021,海淀,清河,101126997313,此房满五年的商品房南北通透格局 视野宽阔 采光充,375万,66845元/平,中楼层 (共5层) 2室1厅 | 56.1平米 | 南 北,https://ke-image.ljcdn.com/110000-inspection/7cf40392-3cc5-459e-a2aa-64748ae43889_1000.jpg!m_fill,w_280,h_210,f_jpg?from=ke.com
20241021,海淀,清河,101126997251,昆鹏小区 2室1厅 南 北,330万,49932元/平,低楼层 (共6层) 2室1厅 | 66.09平米 | 南 北,https://ke-image.ljcdn.com/110000-inspection/918f2602-b43d-4415-83c4-f7a7abb538ce_1000.jpg!m_fill,w_280,h_210,f_jpg?from=ke.com
20241021,海淀,清河,101126997021,诚意出售 燕清源 西南北两居 全明格局 近地铁,760万,72916元/平,低楼层 (共28层) | 2005年 | 2室1厅 | 104.23平米 | 南 西 北,https://ke-image.ljcdn.com/110000-inspection/6c77ad6b-141d-4566-8cdf-13831e1cb4d8_1000.jpg!m_fill,w_280,h_210,f_jpg?from=ke.com
20241021,海淀,清河,101126960419,燕清源 4室1厅 东 南 北,1200万,72671元/平,顶层 (共28层) | 2006年 | 4室1厅 | 165.13平米 | 东 南 北,https://ke-image.ljcdn.com/110000-inspection/94855e4b-39bc-4ba7-b896-9a1a232b406b_1000.jpg!m_fill,w_280,h_210,f_jpg?from=ke.com
20241021,海淀,清河,101126953674,永泰西里 南北通透 上下2层 单独入户 满五唯一,498万,48070元/平,高楼层 (共7层) 3室2厅 | 103.6平米 | 南 北,https://ke-image.ljcdn.com/110000-inspection/pc1_jKSckXMvJ_1.jpg!m_fill,w_280,h_210,f_jpg?from=ke.com
20241021,海淀,清河,101126945220,满五唯一 朝南双阳台 厅朝南 5层 采光好 交通便,430万,66554元/平,高楼层 (共6层) 2室1厅 | 64.61平米 | 南 北,https://ke-image.ljcdn.com/110000-inspection/pc1_nYt7N5va2_1.jpg!m_fill,w_280,h_210,f_jpg?from=ke.com
20241021,海淀,清河,101126939336,信息学院家属楼 2室1厅 南 北,341万,59825元/平,顶层 (共5层) 2室1厅 | 57平米 | 南 北,https://ke-image.ljcdn.com/110000-inspection/70799a26-3aab-4f6d-878b-b90af5fe394f_1000.jpg!m_fill,w_280,h_210,f_jpg?from=ke.com
20241021,海淀,清河,101126925626,海淀区清河 2010年楼龄 中间楼层,567万,54441元/平,低楼层 (共19层) 2室1厅 | 104.15平米 | 西,https://ke-image.ljcdn.com/110000-inspection/pc1_dI5gMXjKP.jpg!m_fill,w_280,h_210,f_jpg?from=ke.com
20241021,海淀,清河,101126925272,怡清园 复式 满五年唯一 产权清晰 诚心出,760万,50799元/平,顶层 (共6层) | 2003年 | 3室2厅 | 149.61平米 | 南 北,https://ke-image.ljcdn.com/110000-inspection/c8481ba7-d9f4-4225-9a92-24afd29357b4_1000.jpg!m_fill,w_280,h_210,f_jpg?from=ke.com
20241021,海淀,清河,101126920810,观澳园 4室3厅 南 北,1396万,68135元/平,高楼层 (共7层) | 2006年 | 4室3厅 | 204.89平米 | 南 北,https://ke-image.ljcdn.com/110000-inspection/d275dd00-365d-4d02-b955-0edbdc7763d3_1000.jpg!m_fill,w_280,h_210,f_jpg?from=ke.com
20241021,海淀,清河,101126914759,永泰园南北两居采光好看房方便。,308万,60180元/平,高楼层 (共6层) 2室1厅 | 51.18平米 | 南 北,https://ke-image.ljcdn.com/110000-inspection/pc1_7gvp7KvbC.jpg!m_fill,w_280,h_210,f_jpg?from=ke.com
20241021,海淀,清河,101126907605,有钥匙 满五唯一 朝南双阳台 厅朝南 5层 采光好,398万,61354元/平,高楼层 (共6层) | 1996年 | 2室1厅 | 64.87平米 | 南 北,https://ke-image.ljcdn.com/110000-inspection/pc1_yMUAw9AQS_1.jpg!m_fill,w_280,h_210,f_jpg?from=ke.com
20241021,海淀,清河,101126904502,此房满两年原网签南向正规一居室楼层好视野开阔,298万,80324元/平,中楼层 (共4层) 1室1厅 | 37.1平米 | 南,https://ke-image.ljcdn.com/110000-inspection/pc1_m7CyzNEtD_1.jpg!m_fill,w_280,h_210,f_jpg?from=ke.com
20241021,海淀,清河,101126903738,加气混凝土厂宿舍精装三居满五唯一商品房看房方便,590万,69815元/平,高楼层 (共6层) 3室1厅 | 84.51平米 | 东 西,https://ke-image.ljcdn.com/110000-inspection/e99a846e-40fb-41aa-baaf-496d51cefb6c_1000.jpg!m_fill,w_280,h_210,f_jpg?from=ke.com
20241021,海淀,清河,101126886832,世华龙樾二期 艺术装修 一梯一户 电梯入户,1490万,138348元/平,顶层 (共9层) | 2015年 | 4室1厅 | 107.7平米 | 南 北,https://ke-image.ljcdn.com/110000-inspection/pc1_fy5cFnhH8.jpg!m_fill,w_280,h_210,f_jpg?from=ke.com
20241021,海淀,清河,101126864741,莱圳家园新上三居 位置好楼层好 视野采光好换房诚售,1080万,95567元/平,中楼层 (共15层) | 2006年 | 3室2厅 | 113.01平米 | 南 北,https://ke-image.ljcdn.com/110000-inspection/9025d812-d4f7-4279-b772-0c4f1270c85e_1000.jpg!m_fill,w_280,h_210,f_jpg?from=ke.com
20241021,海淀,清河,101126836380,清缘里中区电梯房三室三卫自住看房随时。欢迎咨询,570万,59234元/平,顶层 (共10层) 3室1厅 | 96.23平米 | 南 北,https://ke-image.ljcdn.com/110000-inspection/4fcb2444-7172-4c29-b348-eedf8dd73ab6_1000.jpg!m_fill,w_280,h_210,f_jpg?from=ke.com
20241021,海淀,清河,101126813243,清润家园正规两居室  满5年唯一商品房 诚心出售,275万,55635元/平,顶层 (共6层) 2室1厅 | 49.43平米 | 东北,https://ke-image.ljcdn.com/110000-inspection/pc1_Hn6qWExVv_1.jpg!m_fill,w_280,h_210,f_jpg?from=ke.com
20241021,海淀,清河,101126797424,观林园 车位,28万,8346元/平,地下室 (共1层) 1室0厅 | 33.55平米 | 南,https://ke-image.ljcdn.com/110000-inspection/0d7fa398-0f6b-4c91-972e-0d3d773d7e3c_1000.jpg!m_fill,w_280,h_210,f_jpg?from=ke.com
20241021,海淀,清河,101126796879,橡树湾五期  南北通透 户型房正 精装修保养好,1999万,136349元/平,低楼层 (共12层) 3室1厅 | 146.61平米 | 南 北,https://ke-image.ljcdn.com/110000-inspection/pc1_bjQebGQgK_1.jpg!m_fill,w_280,h_210,f_jpg?from=ke.com
20241021,海淀,清河,101126740838,强佑清河新城府学上院 南北三居 餐客分离 诚心出售,988万,71280元/平,高楼层 (共27层) | 2009年 | 3室2厅 | 138.61平米 | 南 北,https://ke-image.ljcdn.com/110000-inspection/e3ccf2bb-1596-4e65-9564-765a675d35c0_1000.jpg!m_fill,w_280,h_210,f_jpg?from=ke.com
20241021,海淀,清河,101126735453,清河上地清秀阁一层正对花园两居室房主自荐,498万,72669元/平,底层 (共6层) 2室1厅 | 68.53平米 | 北,https://ke-image.ljcdn.com/110000-inspection/21d2eea0-9c69-44c0-9f9f-6288f1722d9f_1000.jpg!m_fill,w_280,h_210,f_jpg?from=ke.com
20241021,海淀,清河,101126722203,清缘里新上满五唯一大两居电梯直达~中间楼层房主自荐,570万,57524元/平,中楼层 (共13层) | 1999年 | 2室1厅 | 99.09平米 | 南 北,https://ke-image.ljcdn.com/110000-inspection/865830af-75c3-40e6-a490-d9bf10ddb45b_1000.jpg!m_fill,w_280,h_210,f_jpg?from=ke.com
20241021,海淀,清河,101126683276,怡清园 电梯南北向 2003年地铁500米方便,590万,60932元/平,低楼层 (共15层) | 2003年 | 2室2厅 | 96.83平米 | 南 北,https://ke-image.ljcdn.com/110000-inspection/f2642604-6e6d-402b-8258-8309387c1949_1000.jpg!m_fill,w_280,h_210,f_jpg?from=ke.com
20241021,海淀,清河,101126656335,新上房源 户型方正  满五年  唯一 首套契税1%,400万,55859元/平,底层 (共7层) | 1998年 | 2室1厅 | 71.61平米 | 东 西,https://ke-image.ljcdn.com/110000-inspection/714fdc2c-2cb6-4bbf-a8dd-e76173b4c516_1000.jpg!m_fill,w_280,h_210,f_jpg?from=ke.com
20241021,海淀,清河,101126640887,橡林郡 1室1厅 西,666万,109396元/平,中楼层 (共21层) 1室1厅 | 60.88平米 | 西,https://ke-image.ljcdn.com/110000-inspection/f1b70ebd-e27d-40c9-9494-210b1b1930ec_1000.jpg!m_fill,w_280,h_210,f_jpg?from=ke.com
20241021,海淀,清河,101126567144,力度家园 2室1厅 东 西房主自荐,750万,69208元/平,低楼层 (共21层) | 2004年 | 2室1厅 | 108.37平米 | 东 西,https://ke-image.ljcdn.com/110000-inspection/242b6eb3-7ddc-4038-bbf9-947e73a53f5f_1000.jpg!m_fill,w_280,h_210,f_jpg?from=ke.com
20241021,海淀,清河,101126565249,此房子是满五年唯一的商品房费少户型方正格局合,455万,57859元/平,顶层 (共6层) 2室1厅 | 78.64平米 | 南 北,https://ke-image.ljcdn.com/110000-inspection/pc1_Ht5xHsBcE_1.jpg!m_fill,w_280,h_210,f_jpg?from=ke.com
20241021,海淀,清河,101126559730,橡树湾一期高层视野好采光好中间楼层,1050万,117687元/平,中楼层 (共16层) | 2007年 | 2室1厅 | 89.22平米 | 西南,https://ke-image.ljcdn.com/110000-inspection/ef4cc163-aa2d-4aeb-b5f4-71b19cb414d0_1000.jpg!m_fill,w_280,h_210,f_jpg?from=ke.com
20241021,海淀,清河,101126555286,水木天成精装正规三居  东南向  采光好视野开阔,798万,72336元/平,中楼层 (共28层) | 2006年 | 3室1厅 | 110.32平米 | 东南,https://ke-image.ljcdn.com/110000-inspection/pc1_TaHdCYDwD_1.jpg!m_fill,w_280,h_210,f_jpg?from=ke.com
20241021,海淀,清河,101126525409,清河文苑 双厅双卫精装修  视野好 无遮挡,630万,58280元/平,中楼层 (共24层) 2室2厅 | 108.1平米 | 西,https://ke-image.ljcdn.com/110000-inspection/9748ebc7-fd04-4c8b-82e7-1ed0a72349ad_1000.jpg!m_fill,w_280,h_210,f_jpg?from=ke.com
20241021,海淀,清河,101126523579,高层好位置四居室视野采光好位置安静诚意出售,2000万,120301元/平,中楼层 (共22层) | 2008年 | 3室2厅 | 166.25平米 | 南 北,https://ke-image.ljcdn.com/110000-inspection/pc1_m7LGzZhKz_1.jpg!m_fill,w_280,h_210,f_jpg?from=ke.com
20241021,海淀,清河,101126523080,海淀产权 宝盛西里 正规一居室 户型方正,325万,49839元/平,顶层 (共5层) | 2001年 | 1室1厅 | 65.21平米 | 东,https://ke-image.ljcdn.com/110000-inspection/1d22583b-499b-4d36-9702-3100a82f182e_1000.jpg!m_fill,w_280,h_210,f_jpg?from=ke.com
20241021,海淀,清河,101126517468,清缘东里 4室2厅 南 北,1080万,72256元/平,顶层 (共13层) | 2005年 | 4室2厅 | 149.47平米 | 南 北,https://ke-image.ljcdn.com/110000-inspection/cc0f7618-4501-4de9-bdfc-7e1f97ce29a1_1000.jpg!m_fill,w_280,h_210,f_jpg?from=ke.com
20241021,海淀,清河,101126516195,清缘里南北南通三居室满五唯一高楼层无遮挡看房方便,615万,54324元/平,高楼层 (共10层) | 1999年 | 3室1厅 | 113.21平米 | 南 北,https://ke-image.ljcdn.com/110000-inspection/pc1_DudU0Unh0_1.jpg!m_fill,w_280,h_210,f_jpg?from=ke.com
20241021,海淀,清河,101126506062,中央财经大学家属楼南北朝向两居采光好视野开阔。,370万,59106元/平,顶层 (共6层) 2室1厅 | 62.6平米 | 南 北,https://ke-image.ljcdn.com/110000-inspection/pc1_XymD2zLl2_1.jpg!m_fill,w_280,h_210,f_jpg?from=ke.com
20241021,海淀,清河,101126486341,清缘里中区 4室2厅 东 西,520万,40464元/平,高楼层 (共7层) | 1998年 | 4室2厅 | 128.51平米 | 东 西,https://ke-image.ljcdn.com/110000-inspection/fce1e74b-6c39-4e49-9117-ff1a43fa9a72_1000.jpg!m_fill,w_280,h_210,f_jpg?from=ke.com
20241021,海淀,清河,101126486024,清河永泰东里正规精装两居室满五唯一商品房近地铁,375万,62407元/平,底层 (共6层) 2室1厅 | 60.09平米 | 南 北,https://ke-image.ljcdn.com/110000-inspection/pc1_vgrselOAl_1.jpg!m_fill,w_280,h_210,f_jpg?from=ke.com
20241021,海淀,清河,101126470448,观林园 3室2厅 南 北,1230万,75842元/平,底层 (共6层) 3室2厅 | 162.18平米 | 南 北,https://ke-image.ljcdn.com/110000-inspection/pc1_UcnNsFSIN_1.jpg!m_fill,w_280,h_210,f_jpg?from=ke.com
20241021,海淀,清河,101126450662,精装修复式满五唯一临地铁小区中间位置房主自荐,638万,71126元/平,顶层 (共6层) 4室2厅 | 89.7平米 | 东 北,https://ke-image.ljcdn.com/110000-inspection/pc1_CjDYaaZ02_1.jpg!m_fill,w_280,h_210,f_jpg?from=ke.com
20241021,海淀,清河,101126437896,金隅美和园 通透电梯小三居室 满五唯一 诚意诚售,615万,72807元/平,中楼层 (共9层) | 2008年 | 3室1厅 | 84.47平米 | 东 南 西,https://ke-image.ljcdn.com/110000-inspection/pc1_4I465FxEA_1.jpg!m_fill,w_280,h_210,f_jpg?from=ke.com
20241021,海淀,清河,101126419477,合景映月台 3室1厅 南 北,1298万,133306元/平,低楼层 (共8层) | 2016年 | 3室1厅 | 97.37平米 | 南 北,https://ke-image.ljcdn.com/110000-inspection/ae1a3d9a-be6b-4eee-aee7-94e61a791fab_1000.jpg!m_fill,w_280,h_210,f_jpg?from=ke.com
20241021,海淀,清河,101126400786,小营东路6号院 正规三居室 一手业主 看房随时,708万,68805元/平,底层 (共6层) 3室1厅 | 102.9平米 | 南 北,https://ke-image.ljcdn.com/110000-inspection/de61cae5-4907-473a-9cc1-96506414d49f_1000.jpg!m_fill,w_280,h_210,f_jpg?from=ke.com
20241021,海淀,清河,101126379183,清河 橡林郡 精装三居   高楼层   采光视野好房主自荐,1270万,106723元/平,顶层 (共18层) | 2020年 | 3室2厅 | 119平米 | 南 北,https://ke-image.ljcdn.com/110000-inspection/bbab8cde-1fbc-4589-8ecc-6d9fbad953cd_1000.jpg!m_fill,w_280,h_210,f_jpg?from=ke.com
20241021,海淀,清河,101126365942,此房满五年唯一2021年装修完入住的位置无遮挡,620万,58746元/平,中楼层 (共5层) 3室1厅 | 105.54平米 | 东 西,https://ke-image.ljcdn.com/110000-inspection/pc1_6yXpRVZyL_1.jpg!m_fill,w_280,h_210,f_jpg?from=ke.com
20241021,海淀,清河,101126337300,橡树湾三期 2室1厅 西,1123万,129587元/平,高楼层 (共16层) | 2011年 | 2室1厅 | 86.66平米 | 西,https://ke-image.ljcdn.com/110000-inspection/7d53b8ad-e0de-4b43-acd0-bb5e49c14fab_1000.jpg!m_fill,w_280,h_210,f_jpg?from=ke.com
20241021,海淀,清河,101126334640,金隅美和园 南北向 中间位置 满五年唯一,630万,77387元/平,低楼层 (共9层) | 2009年 | 2室1厅 | 81.41平米 | 南 北,https://ke-image.ljcdn.com/110000-inspection/e83c3ba4-71c3-440c-96dc-818dffa6dc84_1000.jpg!m_fill,w_280,h_210,f_jpg?from=ke.com
20241021,海淀,清河,101126334588,621小区 2室1厅 南,507万,94590元/平,中楼层 (共5层) 2室1厅 | 53.6平米 | 南,https://ke-image.ljcdn.com/110000-inspection/1ae84067-70c9-49c1-bb0b-c5d2d5e04ad6_1000.jpg!m_fill,w_280,h_210,f_jpg?from=ke.com
20241021,海淀,清河,101126317111,宝盛里南北通透两居室中高楼层带电梯看房方便,518万,58446元/平,高楼层 (共9层) 2室2厅 | 88.63平米 | 南 北,https://ke-image.ljcdn.com/110000-inspection/pc1_Y0J7LIFmA.jpg!m_fill,w_280,h_210,f_jpg?from=ke.com
20241021,海淀,清河,101126300378,水木天成6号楼高楼层满五唯一好视野接受换房,788万,75213元/平,中楼层 (共23层) 2室1厅 | 104.77平米 | 南,https://ke-image.ljcdn.com/110000-inspection/pc1_E8iSEZznk_1.jpg!m_fill,w_280,h_210,f_jpg?from=ke.com
20241021,海淀,清河,101126293538,观景园南北双通透H户型不把边不临街中间楼层。房主自荐,755万,83435元/平,中楼层 (共6层) | 2008年 | 2室1厅 | 90.49平米 | 南 北,https://ke-image.ljcdn.com/110000-inspection/b9adefc1-15de-4dea-8fe7-dfd138618f44_1000.jpg!m_fill,w_280,h_210,f_jpg?from=ke.com
20241021,海淀,清河,101126290141,观澳园小区满五唯一南北通透精装修,549万,72142元/平,底层 (共5层) | 2005年 | 2室1厅 | 76.1平米 | 南 北,https://ke-image.ljcdn.com/110000-inspection/aa8d55cb-01b8-494c-bda8-c12c5821f702_1000.jpg!m_fill,w_280,h_210,f_jpg?from=ke.com
20241021,海淀,清河,101126270715,清缘里中区 2室1厅 东 西,449万,58739元/平,高楼层 (共9层) | 1998年 | 2室1厅 | 76.44平米 | 东 西,https://ke-image.ljcdn.com/110000-inspection/pc1_7v55Ig1NY_1.jpg!m_fill,w_280,h_210,f_jpg?from=ke.com
20241021,海淀,清河,101126261546,橡树湾二期 2室1厅 南 北,958万,104883元/平,低楼层 (共11层) | 2009年 | 2室1厅 | 91.34平米 | 南 北,https://ke-image.ljcdn.com/110000-inspection/3499b07b-c4b2-48c5-b758-2a5d73a82f2f_1000.jpg!m_fill,w_280,h_210,f_jpg?from=ke.com
20241021,海淀,清河,101126254539,好位置 高层观景 全新装修保养 四居室 诚意出售,3300万,138662元/平,高楼层 (共25层) 4室2厅 | 237.99平米 | 南 北,https://ke-image.ljcdn.com/110000-inspection/pc1_Wyt39bL0O_1.jpg!m_fill,w_280,h_210,f_jpg?from=ke.com
20241021,海淀,清河,101126247579,海淀清河宝盛里 中间楼层通透两居 精装满五唯一,309万,53984元/平,中楼层 (共5层) | 2001年 | 2室1厅 | 57.24平米 | 东 西,https://ke-image.ljcdn.com/110000-inspection/fc4764e4-4d7f-46d9-b054-03e0bc09a86d_1000.jpg!m_fill,w_280,h_210,f_jpg?from=ke.com
20241021,海淀,清河,101126243366,海淀清河毛纺厂南小区全明格局 1997年楼龄房主自荐,399万,56677元/平,顶层 (共6层) 2室1厅 | 70.4平米 | 南 北,https://ke-image.ljcdn.com/110000-inspection/c986018e-74bc-4eb1-8352-ecfaa8895d6b_1000.jpg!m_fill,w_280,h_210,f_jpg?from=ke.com
20241021,海淀,清河,101126243356,新上橡树湾  四期两居   户型方正 采光视野好,980万,107634元/平,中楼层 (共16层) | 2014年 | 2室2厅 | 91.05平米 | 东,https://ke-image.ljcdn.com/110000-inspection/pc1_DUtnruaTX_1.jpg!m_fill,w_280,h_210,f_jpg?from=ke.com
20241021,海淀,清河,101126200959,水木天成 落地阳台 优质东向一居室 户型方正,445万,66319元/平,高楼层 (共26层) 2室1厅 | 67.1平米 | 东,https://ke-image.ljcdn.com/110000-inspection/pc1_hZxPCUOrR.jpg!m_fill,w_280,h_210,f_jpg?from=ke.com
20241021,海淀,清河,101126199514,莱圳家园高楼层南向一居满五年唯一诚意出售,459万,88954元/平,高楼层 (共18层) | 2009年 | 1室1厅 | 51.6平米 | 南,https://ke-image.ljcdn.com/110000-inspection/pc1_qs2Ya2XAD_1.jpg!m_fill,w_280,h_210,f_jpg?from=ke.com
20241021,海淀,清河,101126176080,橡树湾二期南北3+1业主诚意出售,2200万,126919元/平,中楼层 (共22层) | 2008年 | 3室2厅 | 173.34平米 | 南 北,https://ke-image.ljcdn.com/110000-inspection/d3f91357-7e8b-4fda-84b5-b7eb52e437aa_1000.jpg!m_fill,w_280,h_210,f_jpg?from=ke.com
20241021,海淀,清河,101126130252,浩思家园 近地铁 人车分流 精装修 边户上跃大阳台,2480万,86620元/平,顶层 (共5层) 5室4厅 | 286.31平米 | 南 西 北,https://ke-image.ljcdn.com/110000-inspection/pc1_q45yHngEh_1.jpg!m_fill,w_280,h_210,f_jpg?from=ke.com
20241021,海淀,清河,101126119715,橡树湾四期 主力两居 看房方便 价格可谈房主自荐,1030万,104463元/平,低楼层 (共18层) | 2013年 | 2室1厅 | 98.6平米 | 西南,https://ke-image.ljcdn.com/110000-inspection/pc1_Po3g3NKxw_1.jpg!m_fill,w_280,h_210,f_jpg?from=ke.com
20241021,海淀,清河,101126089184,宝盛里观景园 南北双通两居室 地暖 直面奥森,666万,73494元/平,顶层 (共6层) | 2008年 | 2室1厅 | 90.62平米 | 南 北,https://ke-image.ljcdn.com/110000-inspection/3ea03e49-f315-4e9d-9469-01df40e415a8_1000.jpg!m_fill,w_280,h_210,f_jpg?from=ke.com
20241021,海淀,清河,101126088160,橡树湾三期 5室3厅 南 北,1899万,124680元/平,顶层 (共18层) | 2011年 | 5室3厅 | 152.31平米 | 南 北,https://ke-image.ljcdn.com/110000-inspection/pc1_fS1Sjewgy_1.jpg!m_fill,w_280,h_210,f_jpg?from=ke.com
20241021,海淀,清河,101126070038,毛纺南小区 两居 1992年房龄 中间层 诚意出售,328万,56846元/平,中楼层 (共6层) 2室1厅 | 57.7平米 | 东南 南 北,https://ke-image.ljcdn.com/110000-inspection/957101b5-21d5-4c54-8faa-b98fbd730436_1000.jpg!m_fill,w_280,h_210,f_jpg?from=ke.com
20241021,海淀,清河,101126034771,橡林郡 4室2厅 南,1080万,148658元/平,底层 (共18层) | 2020年 | 4室2厅 | 72.65平米 | 南,https://ke-image.ljcdn.com/110000-inspection/pc1_h8Ofa5LFF_1.jpg!m_fill,w_280,h_210,f_jpg?from=ke.com
20241021,海淀,清河,101126013507,力度家园 3室1厅 南 北,950万,62051元/平,顶层 (共21层) | 2004年 | 3室1厅 | 153.1平米 | 南 北,https://ke-image.ljcdn.com/110000-inspection/pc1_z5DJStO2M_1.jpg!m_fill,w_280,h_210,f_jpg?from=ke.com
20241021,海淀,清河,101126004354,砂轮厂宿舍 2室1厅 南,415万,66753元/平,中楼层 (共7层) 2室1厅 | 62.17平米 | 南,https://ke-image.ljcdn.com/110000-inspection/d033f879-8831-4088-b8ee-e542ceb6a069_1000.jpg!m_fill,w_280,h_210,f_jpg?from=ke.com
20241021,海淀,清河,101126004245,砂轮厂宿舍 2室1厅 南 北,399万,70745元/平,顶层 (共5层) | 1993年 | 2室1厅 | 56.4平米 | 南 北,https://ke-image.ljcdn.com/110000-inspection/pc1_hfmrCGqgB_1.jpg!m_fill,w_280,h_210,f_jpg?from=ke.com
20241021,海淀,清河,101125967491,本周新上精装一居室可拎包入住中间楼层房主自荐,249万,56489元/平,中楼层 (共6层) | 1996年 | 1室1厅 | 44.08平米 | 东 南,https://ke-image.ljcdn.com/110000-inspection/e214a7fa-d5d3-45ca-b16c-7cc9f08b69bf_1000.jpg!m_fill,w_280,h_210,f_jpg?from=ke.com
20241021,海淀,清河,101125960897,宝盛北里 2室1厅 南 北,680万,64639元/平,中楼层 (共6层) 2室1厅 | 105.2平米 | 南 北,https://ke-image.ljcdn.com/110000-inspection/pc1_rDBIgixIR_1.jpg!m_fill,w_280,h_210,f_jpg?from=ke.com
20241021,海淀,清河,101125947713,中央财经大学家属楼 2室1厅 南 北,520万,88571元/平,底层 (共6层) 2室1厅 | 58.71平米 | 南 北,https://ke-image.ljcdn.com/110000-inspection/pc1_HWTtwnkSf_1.jpg!m_fill,w_280,h_210,f_jpg?from=ke.com
20241021,海淀,清河,101125942638,永泰西里 3室2厅 南 北,469万,49421元/平,高楼层 (共7层) 3室2厅 | 94.9平米 | 南 北,https://ke-image.ljcdn.com/110000-inspection/pc1_DWSV8FCrO.jpg!m_fill,w_280,h_210,f_jpg?from=ke.com
20241021,海淀,清河,101125941034,满五年唯一商品房 不临街 视野开阔 价格可谈,950万,64346元/平,高楼层 (共22层) 4室1厅 | 147.64平米 | 东南,https://ke-image.ljcdn.com/110000-inspection/15073a0a-5cb6-4bae-8013-789fd7ed6830_1000.jpg!m_fill,w_280,h_210,f_jpg?from=ke.com
20241021,海淀,清河,101125930141,9号楼单元口 把边位置 方便停车 出行方便 诚意售,65万,18588元/平,地下室 (共22层) | 2018年 | 1室0厅 | 34.97平米 | 南 北,https://ke-image.ljcdn.com/110000-inspection/pc1_UxHsp0K3w.jpg!m_fill,w_280,h_210,f_jpg?from=ke.com
20241021,海淀,清河,101125916324,强佑清河新城府学上院西向正规一居室,490万,85129元/平,低楼层 (共27层) | 2009年 | 1室1厅 | 57.56平米 | 西南,https://ke-image.ljcdn.com/110000-inspection/99d38015-35c2-4952-95ff-27e30afb14a4_1000.jpg!m_fill,w_280,h_210,f_jpg?from=ke.com
20241021,海淀,清河,101125909451,观林园 品质三居 视野开阔 采光充足 带电梯房主自荐,1330万,81887元/平,顶层 (共6层) | 2011年 | 3室2厅 | 162.42平米 | 南 北,https://ke-image.ljcdn.com/110000-inspection/pc1_RRU39s0NC_1.jpg!m_fill,w_280,h_210,f_jpg?from=ke.com
20241021,海淀,清河,101125885052,永泰东里有钥匙就安防方便随时签,320万,55154元/平,高楼层 (共6层) 2室1厅 | 58.02平米 | 东 西,https://ke-image.ljcdn.com/110000-inspection/pc1_pAAkPsrF7_1.jpg!m_fill,w_280,h_210,f_jpg?from=ke.com
20241021,海淀,清河,101125878277,清缘里中区东西通透两居室欢迎来访,435万,60075元/平,中楼层 (共7层) | 2018年 | 2室1厅 | 72.41平米 | 西 东,https://ke-image.ljcdn.com/110000-inspection/454a1895-3b71-4e09-9f1a-68a9f9ee543c_1000.jpg!m_fill,w_280,h_210,f_jpg?from=ke.com
20241021,海淀,清河,101125833677,永泰东里低楼层满五唯一两居室。,449万,77615元/平,底层 (共6层) 2室1厅 | 57.85平米 | 东 西,https://ke-image.ljcdn.com/110000-inspection/pc1_xhwytklSW_1.jpg!m_fill,w_280,h_210,f_jpg?from=ke.com
20241021,海淀,清河,101125832641,强佑清河新城府学上院精装修两居室次新房,718万,85630元/平,高楼层 (共29层) | 2021年 | 2室1厅 | 83.85平米 | 西 北,https://ke-image.ljcdn.com/110000-inspection/0275c948-a632-48d6-aa3c-ac4c39c6c6a9_1000.jpg!m_fill,w_280,h_210,f_jpg?from=ke.com
20241021,海淀,清河,101125829308,橡树湾五期萬橡府负一层车位诚心出售,62万,17730元/平,地下室 (共22层) 1室0厅 | 34.97平米 | 南,https://ke-image.ljcdn.com/110000-inspection/3e0efd9b-cdd7-44eb-9d6e-51fcfa356380_1000.jpg!m_fill,w_280,h_210,f_jpg?from=ke.com
20241021,海淀,清河,101125824965,满五年唯一南北双通透两居室万科物业户型方正。,850万,89183元/平,中楼层 (共18层) | 2009年 | 2室2厅 | 95.31平米 | 南 北,https://ke-image.ljcdn.com/110000-inspection/96488d63-f247-4dc2-b8ce-4cddd19523af_1000.jpg!m_fill,w_280,h_210,f_jpg?from=ke.com
20241021,海淀,清河,101125789805,商品房电梯板楼东西通透不临高速,620万,62381元/平,高楼层 (共15层) 2室1厅 | 99.39平米 | 东 西,https://ke-image.ljcdn.com/110000-inspection/4755f008-75f4-4015-9709-e4f0b4eb6de8_1000.jpg!m_fill,w_280,h_210,f_jpg?from=ke.com
20241021,海淀,清河,101125781674,金隅美和园东区 南北向 通透两居,600万,76707元/平,高楼层 (共7层) | 2009年 | 2室1厅 | 78.22平米 | 南 北,https://ke-image.ljcdn.com/110000-inspection/736bb858-a63b-46e9-9df2-8f77616f00b6_1000.jpg!m_fill,w_280,h_210,f_jpg?from=ke.com
20241021,海淀,清河,101125761995,橡树湾二期中间位置三居室精装修诚意出售,1950万,114700元/平,低楼层 (共16层) | 2009年 | 3室2厅 | 170.01平米 | 南 北,https://ke-image.ljcdn.com/110000-inspection/2f7161b7-c275-4031-8605-76db1f33e5bb_1000.jpg!m_fill,w_280,h_210,f_jpg?from=ke.com
20241021,海淀,清河,101125760876,金隅美和园  南北向通透  正规一居室,360万,72217元/平,顶层 (共9层) | 2008年 | 1室1厅 | 49.85平米 | 南 北,https://ke-image.ljcdn.com/110000-inspection/2c7c1d2d-f460-4767-9ea8-4bf680378443_1000.jpg!m_fill,w_280,h_210,f_jpg?from=ke.com
20241021,海淀,清河,101125690826,海淀电力宿舍复式三居南北通透地铁近,799万,60568元/平,中楼层 (共14层) 3室1厅 | 131.92平米 | 南 北,https://ke-image.ljcdn.com/110000-inspection/pc1_Gbf1iDhn6.jpg!m_fill,w_280,h_210,f_jpg?from=ke.com
20241021,海淀,清河,101125675703,满五唯一   两居室 近奥森 海淀产权,550万,69842元/平,中楼层 (共5层) 2室1厅 | 78.75平米 | 西北,https://ke-image.ljcdn.com/110000-inspection/a2b6f93c-dc6b-488a-a269-7a6ce7bb586c_1000.jpg!m_fill,w_280,h_210,f_jpg?from=ke.com
20241021,海淀,清河,101125643278,永泰西里 2室1厅 南 北,590万,80591元/平,中楼层 (共6层) 2室1厅 | 73.21平米 | 南 北,https://ke-image.ljcdn.com/110000-inspection/pc1_ci1PhISzx_1.jpg!m_fill,w_280,h_210,f_jpg?from=ke.com
20241021,海淀,清河,101125642538,后屯路32号院南北通透中间楼层满五唯一精装两居室,468万,76911元/平,中楼层 (共6层) 2室1厅 | 60.85平米 | 南 北,https://ke-image.ljcdn.com/110000-inspection/e77d8464-fbf2-44ff-8ab9-c60f1d62aa3e_1000.jpg!m_fill,w_280,h_210,f_jpg?from=ke.com
20241021,海淀,清河,101125610250,莱圳家园 2室1厅 南房主自荐,695万,83675元/平,中楼层 (共19层) | 2009年 | 2室1厅 | 83.06平米 | 南,https://ke-image.ljcdn.com/110000-inspection/e29e6278-6c1b-431b-80b0-141a9359e96d_1000.jpg!m_fill,w_280,h_210,f_jpg?from=ke.com
20241021,海淀,清河,101125563839,橡林郡 次新房 6层洋房 南北通透,1150万,121168元/平,低楼层 (共6层) 2室1厅 | 94.91平米 | 南 北,https://ke-image.ljcdn.com/110000-inspection/898b8245-491b-4a0e-8ed5-27846cb414af_1000.jpg!m_fill,w_280,h_210,f_jpg?from=ke.com
20241021,海淀,清河,101125551157,加气混凝土厂宿舍 中间楼层大两居室 诚意卖急售,378万,62480元/平,高楼层 (共6层) 2室1厅 | 60.5平米 | 东 北,https://ke-image.ljcdn.com/110000-inspection/48f0217c-909d-46c6-ad67-daa198f05196_1000.jpg!m_fill,w_280,h_210,f_jpg?from=ke.com
20241021,海淀,清河,101125514789,橡树湾三期正规南北三居室户型方正合理诚意出售,1750万,109137元/平,低楼层 (共20层) | 2011年 | 3室2厅 | 160.35平米 | 南 北,https://ke-image.ljcdn.com/110000-inspection/558ee7fc-0f5f-4220-96db-52dd05959603_1000.jpg!m_fill,w_280,h_210,f_jpg?from=ke.com
20241021,海淀,清河,101125505746,加气混凝土厂宿舍 东南北 小区中间位置 无遮挡,375万,62500元/平,中楼层 (共5层) | 1981年 | 3室0厅 | 60平米 | 南 北,https://ke-image.ljcdn.com/110000-inspection/71823b49-171b-43ba-ae2c-9dec86d12019_1000.jpg!m_fill,w_280,h_210,f_jpg?from=ke.com
20241021,海淀,清河,101125504087,芳清园 3室1厅 南 北,1098万,83639元/平,高楼层 (共6层) 3室1厅 | 131.28平米 | 南 北,https://ke-image.ljcdn.com/110000-inspection/e8b8d202-db7b-40a2-86ca-b9c2519404e4_1000.jpg!m_fill,w_280,h_210,f_jpg?from=ke.com
20241021,海淀,清河,101125501718,阳光南里 新上南北三居 不临街 看房方便 近地铁房主自荐,599万,66188元/平,低楼层 (共6层) 3室1厅 | 90.5平米 | 南 北,https://ke-image.ljcdn.com/110000-inspection/10b1671b-f0eb-4ce7-9751-dc0ca91ddf79_1000.jpg!m_fill,w_280,h_210,f_jpg?from=ke.com
20241021,海淀,清河,101125478637,海淀清河全南向精装南向两居室 满五年唯一,299万,52641元/平,顶层 (共5层) 2室1厅 | 56.8平米 | 南,https://ke-image.ljcdn.com/110000-inspection/5ef42079-c129-4838-a8d9-cd2be74e019d_1000.jpg!m_fill,w_280,h_210,f_jpg?from=ke.com
20241021,海淀,清河,101125466309,05年商品房 南北两居室 精装修 满五唯一,520万,69556元/平,顶层 (共6层) 2室1厅 | 74.76平米 | 南 北,https://ke-image.ljcdn.com/110000-inspection/21e8777e-fd56-4985-845d-63f35341f940_1000.jpg!m_fill,w_280,h_210,f_jpg?from=ke.com
20241021,海淀,清河,101125450524,浩思家园 一层下跃 小区中间位置 精装修 看房方便,3200万,66925元/平,底层 (共5层) 7室3厅 | 478.15平米 | 南 北,https://ke-image.ljcdn.com/110000-inspection/pc1_IxUc4ngag_1.jpg!m_fill,w_280,h_210,f_jpg?from=ke.com
20241021,海淀,清河,101125430989,莱圳家园 车位,37万,9094元/平,地下室 (共15层) | 2012年 | 1室0厅 | 40.69平米 | 南,https://ke-image.ljcdn.com/110000-inspection/pc1_S0niDqtfP.jpg!m_fill,w_280,h_210,f_jpg?from=ke.com
20241021,海淀,清河,101125431251,清缘里中区 电梯直达 复式结构 南北通透,560万,56515元/平,中楼层 (共13层) 2室1厅 | 99.09平米 | 南 北,https://ke-image.ljcdn.com/110000-inspection/pc1_7Ff4oG427_1.jpg!m_fill,w_280,h_210,f_jpg?from=ke.com
20241021,海淀,清河,101125378469,此房是满五年唯一的商品房高层视野开阔采光好,549万,47948元/平,顶层 (共6层) | 2001年 | 4室1厅 | 114.5平米 | 南 北,https://ke-image.ljcdn.com/110000-inspection/a34445b0-1677-47c1-852c-9a155e5c4e39_1000.jpg!m_fill,w_280,h_210,f_jpg?from=ke.com
20241021,海淀,清河,101125378429,海淀北五环清河宝盛里小区 满五年 中间层 南北,430万,58306元/平,中楼层 (共6层) 2室1厅 | 73.75平米 | 南 北,https://ke-image.ljcdn.com/110000-inspection/pc1_PehLSLZsd.jpg!m_fill,w_280,h_210,f_jpg?from=ke.com
20241021,海淀,清河,101125377936,满五年唯一商品房南北通透全明格局一居室,545万,90622元/平,顶层 (共6层) | 2008年 | 2室1厅 | 60.14平米 | 南 北,https://ke-image.ljcdn.com/110000-inspection/pc1_8QAywQYTd_1.jpg!m_fill,w_280,h_210,f_jpg?from=ke.com
20241021,海淀,清河,101125377866,房子精装修中间层采光充足明厨明卫,520万,77891元/平,中楼层 (共6层) | 2008年 | 1室1厅 | 66.76平米 | 东 北,https://ke-image.ljcdn.com/110000-inspection/7ebf0d7d-0853-409d-bf35-0b831d653f1a_1000.jpg!m_fill,w_280,h_210,f_jpg?from=ke.com
20241021,海淀,清河,101125363452,海淀产权 板楼 楼龄新 近奥森公园,625万,66639元/平,中楼层 (共6层) | 2011年 | 2室1厅 | 93.79平米 | 东 西,https://ke-image.ljcdn.com/110000-inspection/pc1_oDsJ67Xfk_1.jpg!m_fill,w_280,h_210,f_jpg?from=ke.com
20241021,海淀,清河,101125359199,永泰东里 满五年唯一商品房 南向 采光好房主自荐,295万,61331元/平,顶层 (共6层) | 1994年 | 1室1厅 | 48.1平米 | 南,https://ke-image.ljcdn.com/110000-inspection/pc1_LSCbdTPOO.jpg!m_fill,w_280,h_210,f_jpg?from=ke.com
20241021,海淀,清河,101125315066,橡树湾五期 4室2厅 南 北,3290万,137548元/平,中楼层 (共22层) 4室2厅 | 239.19平米 | 南 北,https://ke-image.ljcdn.com/110000-inspection/pc1_PozGqkTBx.jpg!m_fill,w_280,h_210,f_jpg?from=ke.com
20241021,海淀,清河,101125313491,橡树湾四期 3室2厅 南 北房主自荐,2150万,119958元/平,底层 (共25层) | 2014年 | 3室2厅 | 179.23平米 | 南 北,https://ke-image.ljcdn.com/110000-inspection/pc1_hBCzpeCVL_1.jpg!m_fill,w_280,h_210,f_jpg?from=ke.com
20241021,海淀,清河,101125301770,海淀清河 海清园临地铁 户型方正 视野好 正规两居,560万,64331元/平,中楼层 (共18层) 2室1厅 | 87.05平米 | 东 北,https://ke-image.ljcdn.com/110000-inspection/pc1_GaN4zHZtl_1.jpg!m_fill,w_280,h_210,f_jpg?from=ke.com
20241021,海淀,清河,101125264690,怡清园 复式 满五年唯一 产权清晰 诚心出售,788万,53175元/平,顶层 (共6层) | 2003年 | 3室2厅 | 148.19平米 | 南 北,https://ke-image.ljcdn.com/110000-inspection/043f7482-f4f6-4a9b-a85c-c2d8debd3c09_1000.jpg!m_fill,w_280,h_210,f_jpg?from=ke.com
20241021,海淀,清河,101125201976,雪梨澳乡E区双拼别墅地上三层北入户地上四居室,1950万,93360元/平,底层 (共3层) 4室3厅 | 208.87平米 | 南 北,https://ke-image.ljcdn.com/110000-inspection/53acb714-8c8b-4fc0-80ba-2e7f0a394f4b_1000.jpg!m_fill,w_280,h_210,f_jpg?from=ke.com
20241021,海淀,清河,101125113609,橡树湾四期两居室楼龄2014年精装随时住房主自荐,1238万,122599元/平,底层 (共20层) | 2013年 | 2室1厅 | 100.98平米 | 西南,https://ke-image.ljcdn.com/110000-inspection/2b7aa261-a481-44a6-b176-a8c81c203da5_1000.jpg!m_fill,w_280,h_210,f_jpg?from=ke.com
20241021,海淀,清河,101125094558,永泰园西区新上满五年唯一的二居室,449万,55228元/平,底层 (共6层) | 2000年 | 2室1厅 | 81.3平米 | 东 西,https://ke-image.ljcdn.com/110000-inspection/pc1_gsl665ymW_1.jpg!m_fill,w_280,h_210,f_jpg?from=ke.com
20241021,海淀,清河,101125090812,清河文苑 商品房 带电梯 满五唯一,950万,58140元/平,中楼层 (共22层) 4室1厅 | 163.4平米 | 东北,https://ke-image.ljcdn.com/110000-inspection/2ea9f3c2-7e84-493c-bcc6-bf3260a46f05_1000.jpg!m_fill,w_280,h_210,f_jpg?from=ke.com
20241021,海淀,清河,101125086206,橡树湾五期车位车库  诚意出售 好位置 出入方便,58万,16586元/平,地下室 (共22层) 1室0厅 | 34.97平米 | 南,https://ke-image.ljcdn.com/110000-inspection/fa79d058-0905-4ea2-971e-8f02082b3d08_1000.jpg!m_fill,w_280,h_210,f_jpg?from=ke.com
20241021,海淀,清河,101124974537,1号楼前把边位置车位方便停车诚意出售,88万,24664元/平,地下室 (共29层) | 2013年 | 1室0厅 | 35.68平米 | 南,https://ke-image.ljcdn.com/110000-inspection/416c1e3a-e326-4d16-bd37-715c47ab4b95_1000.jpg!m_fill,w_280,h_210,f_jpg?from=ke.com
20241021,海淀,清河,101124964584,强佑清河新城府学上院 开发商精装修三居室 诚心出售,1358万,91350元/平,中楼层 (共18层) | 2020年 | 3室1厅 | 148.66平米 | 南 北,https://ke-image.ljcdn.com/110000-inspection/c406477a-3fe6-4626-bb05-ab06da761c26_1000.jpg!m_fill,w_280,h_210,f_jpg?from=ke.com
20241021,海淀,清河,101124933466,观景园着急出售的两居室看房随时,630万,69621元/平,顶层 (共6层) 2室1厅 | 90.49平米 | 南 北,https://ke-image.ljcdn.com/110000-inspection/6d17ef20-ab7a-4abc-8f08-7743568ed5ba_1000.jpg!m_fill,w_280,h_210,f_jpg?from=ke.com
20241021,海淀,清河,101124932789,观林园 车位,28万,8346元/平,地下室 (共1层) 1室0厅 | 33.55平米 | 南,https://ke-image.ljcdn.com/110000-inspection/pc1_ZVsnVqCwX.jpg!m_fill,w_280,h_210,f_jpg?from=ke.com
20241021,海淀,清河,101124911272,永泰东里南北通透中间楼层两居室,348万,60512元/平,高楼层 (共6层) | 1996年 | 2室1厅 | 57.51平米 | 南 北,https://ke-image.ljcdn.com/110000-inspection/pc1_I95VIfHI2_1.jpg!m_fill,w_280,h_210,f_jpg?from=ke.com
20241021,海淀,清河,101124840318,毛纺厂南小区 2室1厅 南 北,320万,57143元/平,顶层 (共6层) | 1984年 | 2室1厅 | 56平米 | 南 北,https://ke-image.ljcdn.com/110000-inspection/fb414a0c-8efd-45ce-9ff0-2e0cfcbd91e7_1000.jpg!m_fill,w_280,h_210,f_jpg?from=ke.com
20241021,海淀,清河,101124826248,观澳园 3室2厅 南 北,818万,65488元/平,高楼层 (共7层) 3室2厅 | 124.91平米 | 南 北,https://ke-image.ljcdn.com/110000-inspection/pc1_eluLCv0BN_1.jpg!m_fill,w_280,h_210,f_jpg?from=ke.com
20241021,海淀,清河,101124776762,橡树湾二期 中楼层四居室 正对园区花园 位置安静,2150万,121827元/平,中楼层 (共16层) | 2009年 | 3室2厅 | 176.48平米 | 南 北,https://ke-image.ljcdn.com/110000-inspection/a7481588-d062-4fd9-ad94-e7c7c29e8b4c_1000.jpg!m_fill,w_280,h_210,f_jpg?from=ke.com
20241021,海淀,清河,101124774516,阳光南里 南北6+7复式 不临街 有车位 近地铁,620万,51538元/平,顶层 (共6层) 3室1厅 | 120.3平米 | 南 北,https://ke-image.ljcdn.com/110000-inspection/95c64e69-be35-4d34-aaac-5e990bdd0b12_1000.jpg!m_fill,w_280,h_210,f_jpg?from=ke.com
20241021,海淀,清河,101124766826,宝盛北里 1室1厅 南,420万,67535元/平,高楼层 (共6层) 1室1厅 | 62.19平米 | 南,https://ke-image.ljcdn.com/110000-inspection/06a25d97-fd5b-466d-9bbf-d6bfef8cc5a6_1000.jpg!m_fill,w_280,h_210,f_jpg?from=ke.com
20241021,海淀,清河,101124766323,清河 福美苑 正规三居室 全明户型 满五唯一商品房房主自荐,618万,68326元/平,低楼层 (共16层) | 2012年 | 3室1厅 | 90.45平米 | 南 西 北,https://ke-image.ljcdn.com/110000-inspection/pc1_q0VzXcXfE_1.jpg!m_fill,w_280,h_210,f_jpg?from=ke.com
20241021,海淀,清河,101124713768,力度家园 高楼层 精装修 大开间,358万,68609元/平,高楼层 (共21层) | 2004年 | 1室0厅 | 52.18平米 | 东北,https://ke-image.ljcdn.com/110000-inspection/259f8bc4-52ab-4b48-b3be-43c97e16ca8b_1000.jpg!m_fill,w_280,h_210,f_jpg?from=ke.com
20241021,海淀,清河,101124703379,属于年轻人246.8平的家  三代居  上下二层,2200万,89142元/平,底层 (共6层) 5室3厅 | 246.8平米 | 南 北,https://ke-image.ljcdn.com/110000-inspection/pc1_peXdembhl_1.jpg!m_fill,w_280,h_210,f_jpg?from=ke.com
20241021,海淀,清河,101124656592,清河清缘东里临河三居室满五年精装修。,1080万,86166元/平,高楼层 (共13层) | 2005年 | 3室1厅 | 125.34平米 | 东 南,https://ke-image.ljcdn.com/110000-inspection/pc1_901rOvUcJ_1.jpg!m_fill,w_280,h_210,f_jpg?from=ke.com
20241021,海淀,清河,101124582037,毛南 满五唯一 南北两居 可以看房,380万,68717元/平,顶层 (共6层) 2室1厅 | 55.3平米 | 南 北,https://ke-image.ljcdn.com/110000-inspection/180db254-ae2b-4cbc-9415-63fd63eef0cc_1000.jpg!m_fill,w_280,h_210,f_jpg?from=ke.com
20241021,海淀,清河,101124576615,视野开阔 无遮挡 看房随时有钥匙,1050万,109148元/平,高楼层 (共18层) | 2011年 | 2室1厅 | 96.2平米 | 南 西,https://ke-image.ljcdn.com/110000-inspection/c1ff6599-0355-423a-823a-1a0a0b9ec8ee_1000.jpg!m_fill,w_280,h_210,f_jpg?from=ke.com
20241021,海淀,清河,101124550213,清河近地铁 带电梯 民水民电 商品房,205万,109626元/平,高楼层 (共15层) | 2005年 | 1室0厅 | 18.7平米 | 北,https://ke-image.ljcdn.com/110000-inspection/pc1_gul1bcwdd_1.jpg!m_fill,w_280,h_210,f_jpg?from=ke.com
20241021,海淀,清河,101124517633,清河文苑正规两居室落地窗双卫电梯房,650万,60130元/平,高楼层 (共24层) 2室1厅 | 108.1平米 | 东,https://ke-image.ljcdn.com/110000-inspection/pc1_1pPx13aA2_1.jpg!m_fill,w_280,h_210,f_jpg?from=ke.com
20241021,海淀,清河,101124506483,专家国际花园 4室2厅 南 北,2498万,92133元/平,中楼层 (共5层) | 2011年 | 4室2厅 | 271.13平米 | 南 北,https://ke-image.ljcdn.com/110000-inspection/e728d9a7-280f-4f3b-bab4-f833ab831100_1000.jpg!m_fill,w_280,h_210,f_jpg?from=ke.com
20241021,海淀,清河,101124496351,南北通透三居 临河观景 诚意出售,1020万,78850元/平,中楼层 (共23层) 3室1厅 | 129.36平米 | 南 北,https://ke-image.ljcdn.com/110000-inspection/be651206-d33b-478c-b429-5a6e5df92b29_1000.jpg!m_fill,w_280,h_210,f_jpg?from=ke.com
20241021,海淀,清河,101124469957,海淀清河永泰西里低楼层满五年精装修两居室,423万,73197元/平,低楼层 (共6层) 2室1厅 | 57.79平米 | 东 西,https://ke-image.ljcdn.com/110000-inspection/pc1_hzdW87VGm.jpg!m_fill,w_280,h_210,f_jpg?from=ke.com
20241021,海淀,清河,101124453043,94年两居 满五唯一  可看 可签约 无遮挡房主自荐,323万,54104元/平,顶层 (共6层) | 1994年 | 2室1厅 | 59.7平米 | 东 西,https://ke-image.ljcdn.com/110000-inspection/5566e295-0a71-4579-951b-ef2b99b6a320_1000.jpg!m_fill,w_280,h_210,f_jpg?from=ke.com
20241021,海淀,清河,101124451529,宝盛里观澳园满五唯一不临街看房方便诚心出售,1088万,60502元/平,高楼层 (共7层) 3室3厅 | 179.83平米 | 南 北,https://ke-image.ljcdn.com/110000-inspection/6c616af0-844d-4102-a70c-271e03264b7b_1000.jpg!m_fill,w_280,h_210,f_jpg?from=ke.com
20241021,海淀,清河,101124430964,此房满五商品房高楼层采光视野好,269万,61137元/平,顶层 (共6层) 1室1厅 | 44平米 | 西,https://ke-image.ljcdn.com/110000-inspection/02434d7c-93d9-40f1-b866-5bab39fbd738_1000.jpg!m_fill,w_280,h_210,f_jpg?from=ke.com
20241021,海淀,清河,101124385832,橡树湾二期精致五居室复式静待有缘人,3500万,208868元/平,顶层 (共22层) | 2008年 | 5室3厅 | 167.57平米 | 南 北,https://ke-image.ljcdn.com/110000-inspection/7d43bea1-ab65-41a6-8bb8-bd890e87c567_1000.jpg!m_fill,w_280,h_210,f_jpg?from=ke.com
20241021,海淀,清河,101124373392,海淀区清河街道清河中街橡树湾二区,1680万,116829元/平,中楼层 (共15层) | 2009年 | 3室1厅 | 143.8平米 | 南 北,https://ke-image.ljcdn.com/110000-inspection/pc1_OhlZakBIL_1.jpg!m_fill,w_280,h_210,f_jpg?from=ke.com
20241021,海淀,清河,101124366342,怡清园 3室2厅 东 西,1050万,66748元/平,顶层 (共6层) | 2003年 | 3室2厅 | 157.31平米 | 东 西,https://ke-image.ljcdn.com/110000-inspection/89169257-d700-4506-ba6d-f89411698e56_1000.jpg!m_fill,w_280,h_210,f_jpg?from=ke.com
20241021,海淀,清河,101124358961,清缘里中区东南向两居室欢迎来访,415万,50243元/平,低楼层 (共13层) | 2003年 | 2室1厅 | 82.6平米 | 东南,https://ke-image.ljcdn.com/110000-inspection/pc1_lQD2PHs4S_1.jpg!m_fill,w_280,h_210,f_jpg?from=ke.com
20241021,海淀,清河,101124325134,观景园小区南北通透精装修不把边不临街,750万,82855元/平,高楼层 (共6层) | 2008年 | 2室2厅 | 90.52平米 | 南 北,https://ke-image.ljcdn.com/110000-inspection/pc1_OBs3gV20a_1.jpg!m_fill,w_280,h_210,f_jpg?from=ke.com
20241021,海淀,清河,101124253737,强佑清河新城府学上院 2室2厅 南 北,1200万,101764元/平,中楼层 (共18层) | 2020年 | 2室2厅 | 117.92平米 | 南 北,https://ke-image.ljcdn.com/110000-inspection/pc1_LFHPdNWeW.jpg!m_fill,w_280,h_210,f_jpg?from=ke.com
20241021,海淀,清河,101124231947,海淀区清河永泰西里中间层两居室,365万,60093元/平,中楼层 (共6层) 2室1厅 | 60.74平米 | 西南,https://ke-image.ljcdn.com/110000-inspection/118ec527-b534-4f3c-9cea-f05f90155ba4_1000.jpg!m_fill,w_280,h_210,f_jpg?from=ke.com
20241021,海淀,清河,101124208243,水木天成精装两居室  满5年高楼层采光好视野开阔,680万,63808元/平,中楼层 (共26层) 2室2厅 | 106.57平米 | 西南,https://ke-image.ljcdn.com/110000-inspection/pc1_3sgvPepJO_1.jpg!m_fill,w_280,h_210,f_jpg?from=ke.com
20241021,海淀,清河,101124143565,清缘东里正规一居带电梯中高楼层业主靠谱房主自荐,415万,62303元/平,中楼层 (共13层) | 2004年 | 1室1厅 | 66.61平米 | 北,https://ke-image.ljcdn.com/110000-inspection/pc1_1he8TLUsd_1.jpg!m_fill,w_280,h_210,f_jpg?from=ke.com
20241021,海淀,清河,101124121802,强佑清河新城府学上院 西南两居 视野开阔 无噪音影响,668万,71102元/平,中楼层 (共27层) | 2009年 | 2室1厅 | 93.95平米 | 西南,https://ke-image.ljcdn.com/110000-inspection/82808729-af10-467d-b27f-f49950b6f5a2_1000.jpg!m_fill,w_280,h_210,f_jpg?from=ke.com
20241021,海淀,清河,101124091380,清河永泰怡清园带电梯全南向两居室,688万,58534元/平,高楼层 (共15层) | 2003年 | 2室1厅 | 117.54平米 | 南,https://ke-image.ljcdn.com/110000-inspection/d4b24158-9bcf-48a9-b5b3-1f9c2ddcfa66_1000.jpg!m_fill,w_280,h_210,f_jpg?from=ke.com
20241021,海淀,清河,101124056618,观澳园南北通透精装修两居室看房方便稳定签约,695万,70890元/平,中楼层 (共5层) 2室2厅 | 98.04平米 | 南 北,https://ke-image.ljcdn.com/110000-inspection/pc1_MmSv7t5JV_1.jpg!m_fill,w_280,h_210,f_jpg?from=ke.com
20241021,海淀,清河,101124044733,清秀阁户型方正三居室业主诚意出售房主自荐,950万,80108元/平,顶层 (共6层) | 2005年 | 3室1厅 | 118.59平米 | 南 北,https://ke-image.ljcdn.com/110000-inspection/32d479da-1b5e-43e3-8199-ad2fb36ed125_1000.jpg!m_fill,w_280,h_210,f_jpg?from=ke.com
20241021,海淀,清河,101124038937,清缘里中区 精装修 诚心出售 采光无遮挡,530万,49492元/平,高楼层 (共8层) 3室1厅 | 107.09平米 | 东 西,https://ke-image.ljcdn.com/110000-inspection/376d00fb-8469-4ee3-8343-6fae07068fd3_1000.jpg!m_fill,w_280,h_210,f_jpg?from=ke.com
20241021,海淀,清河,101124010283,卫生局宿舍复式户型南北通透空间大利用率高,450万,54745元/平,顶层 (共6层) 3室2厅 | 82.2平米 | 南 北,https://ke-image.ljcdn.com/110000-inspection/588dbabf-608a-4991-b5bb-e6bd045645a7_1000.jpg!m_fill,w_280,h_210,f_jpg?from=ke.com
20241021,海淀,清河,101124001770,水木天成东南大两居室   采光好视野开阔诚心出售,880万,82374元/平,中楼层 (共20层) 2室2厅 | 106.83平米 | 东南,https://ke-image.ljcdn.com/110000-inspection/pc1_MCfPcIJtU.jpg!m_fill,w_280,h_210,f_jpg?from=ke.com
20241021,海淀,清河,101123953419,世华龙樾一期西区 3室1厅 东 西,760万,85202元/平,低楼层 (共15层) | 2018年 | 3室1厅 | 89.2平米 | 东 西,https://ke-image.ljcdn.com/110000-inspection/e57c338f-2ee7-42f3-94c9-680d99c4d3f0_1000.jpg!m_fill,w_280,h_210,f_jpg?from=ke.com
20241021,海淀,清河,101123829561,强佑清河新城府学上院小区环境好人车分流楼龄新采光好,662万,78446元/平,高楼层 (共27层) | 2012年 | 2室1厅 | 84.39平米 | 西南,https://ke-image.ljcdn.com/110000-inspection/1096305a-13e3-4a24-8c35-d6a6ad8c6fad_1000.jpg!m_fill,w_280,h_210,f_jpg?from=ke.com
20241021,海淀,清河,101123816754,海淀清河 观澳园 南北通透全明格局 满五唯一 留有钥匙房主自荐,580万,81748元/平,中楼层 (共7层) 1室1厅 | 70.95平米 | 南 北,https://ke-image.ljcdn.com/110000-inspection/pc1_2qzwrH7oX_1.jpg!m_fill,w_280,h_210,f_jpg?from=ke.com
20241021,海淀,清河,101123789650,永泰园 1室2厅 西 北,549万,77423元/平,顶层 (共6层) | 2003年 | 1室2厅 | 70.91平米 | 西 北,https://ke-image.ljcdn.com/110000-inspection/d8e8f1f0-2d31-45eb-ae92-327d955e8501_1000.jpg!m_fill,w_280,h_210,f_jpg?from=ke.com
20241021,海淀,清河,101123768341,金隅美和园 全明格局 采光好 满五年唯一,415万,68033元/平,中楼层 (共9层) | 2009年 | 2室1厅 | 61平米 | 东 西,https://ke-image.ljcdn.com/110000-inspection/53f9742f-b488-4e85-8288-914fe95e1ab4_1000.jpg!m_fill,w_280,h_210,f_jpg?from=ke.com
20241021,海淀,清河,101123756684,海淀产权复式宝盛里四居室 精装修 双卫  随时看房,639万,49922元/平,顶层 (共6层) | 1998年 | 4室2厅 | 128平米 | 南 北,https://ke-image.ljcdn.com/110000-inspection/438b2199-bf2c-4b90-ad7b-16f6bc4966f4_1000.jpg!m_fill,w_280,h_210,f_jpg?from=ke.com
20241021,海淀,清河,101123749377,高巢小区 经典LOFT户型 南向采光好 有电梯,330万,68808元/平,中楼层 (共15层) | 2005年 | 1室1厅 | 47.96平米 | 南,https://ke-image.ljcdn.com/110000-inspection/c31a13fd-6492-4e92-b9ea-2b6b2a660864_1000.jpg!m_fill,w_280,h_210,f_jpg?from=ke.com
20241021,海淀,清河,101123736860,砂轮厂宿舍 2室1厅 南,345万,60740元/平,中楼层 (共5层) 2室1厅 | 56.8平米 | 南,https://ke-image.ljcdn.com/110000-inspection/pc1_Dx0P1iGWc_1.jpg!m_fill,w_280,h_210,f_jpg?from=ke.com
20241021,海淀,清河,101123705627,毛纺厂南小区 满五唯一 诚意出售 南北通透采光好,360万,60505元/平,中楼层 (共6层) 2室1厅 | 59.5平米 | 南 北,https://ke-image.ljcdn.com/110000-inspection/fa891d62-a818-4aa6-8195-9cc853c9eb57_1000.jpg!m_fill,w_280,h_210,f_jpg?from=ke.com
20241021,海淀,清河,101123705719,世华龙樾一期东区 下跃户型 中间位置 南北通透 近地铁,1480万,100640元/平,底层 (共18层) | 2014年 | 3室2厅 | 147.06平米 | 南 北,https://ke-image.ljcdn.com/110000-inspection/pc1_er28GloFk_1.jpg!m_fill,w_280,h_210,f_jpg?from=ke.com
20241021,海淀,清河,101123636987,萬橡府南北通透精装三居适合一家三代居住！,2150万,137363元/平,底层 (共16层) 3室2厅 | 156.52平米 | 南 北,https://ke-image.ljcdn.com/110000-inspection/af638328-d020-4b31-a159-00eadcc9218d_1000.jpg!m_fill,w_280,h_210,f_jpg?from=ke.com
20241021,海淀,清河,101123627348,海淀清河 观景园 正规一居 格局方正 业主诚售房主自荐,499万,74712元/平,底层 (共6层) | 2008年 | 1室1厅 | 66.79平米 | 西北,https://ke-image.ljcdn.com/110000-inspection/pc1_5P1QiR91g_1.jpg!m_fill,w_280,h_210,f_jpg?from=ke.com
20241021,海淀,清河,101123594520,永泰东里 低楼层 满五年 南北通透 诚心出售 服务费1%,373万,64623元/平,底层 (共6层) 2室1厅 | 57.72平米 | 南 北,https://ke-image.ljcdn.com/110000-inspection/pc1_OHtlapQuF_1.jpg!m_fill,w_280,h_210,f_jpg?from=ke.com
20241021,海淀,清河,101123591774,永泰东里1层南北两居室精装修自住无抵押,399万,66104元/平,底层 (共6层) 2室1厅 | 60.36平米 | 南 北,https://ke-image.ljcdn.com/110000-inspection/pc1_MmGM2FgsA.jpg!m_fill,w_280,h_210,f_jpg?from=ke.com
20241021,海淀,清河,101123522217,强佑清河新城府学上院 1室1厅 东,455万,75120元/平,高楼层 (共27层) | 2009年 | 1室1厅 | 60.57平米 | 东,https://ke-image.ljcdn.com/110000-inspection/pc1_zTP2eA8Ou.jpg!m_fill,w_280,h_210,f_jpg?from=ke.com
20241021,海淀,清河,101123419818,永泰园南北通透两居好楼层价格可以谈。,499万,69345元/平,低楼层 (共6层) 2室1厅 | 71.96平米 | 南 北,https://ke-image.ljcdn.com/110000-inspection/pc1_dScZf0SOU_1.jpg!m_fill,w_280,h_210,f_jpg?from=ke.com
20241021,海淀,清河,101123408409,清缘东里大平层户型动静分离带电梯,1018万,82276元/平,高楼层 (共9层) 3室1厅 | 123.73平米 | 南 西 北,https://ke-image.ljcdn.com/110000-inspection/dfdda8e2-93d5-4fb4-8899-5c4b9c8b83f5_1000.jpg!m_fill,w_280,h_210,f_jpg?from=ke.com
20241021,海淀,清河,101123402090,621小区 3室1厅 南 北,500万,72359元/平,高楼层 (共6层) 3室1厅 | 69.1平米 | 南 北,https://ke-image.ljcdn.com/110000-inspection/14a77611-355c-49ea-aaf1-0fa0cd71a115_1000.jpg!m_fill,w_280,h_210,f_jpg?from=ke.com
20241021,海淀,清河,101123394380,永泰庄甲6号院 2室1厅 南 北,298万,75827元/平,底层 (共6层) | 1986年 | 2室1厅 | 39.3平米 | 南 北,https://ke-image.ljcdn.com/110000-inspection/fdf05ab1-ba59-4cb9-b5e4-93e8627d8f4c_1000.jpg!m_fill,w_280,h_210,f_jpg?from=ke.com
20241021,海淀,清河,101123374810,：橡树湾五期 南北通透三居室 精装修 看房方便,2099万,143797元/平,顶层 (共12层) 3室2厅 | 145.97平米 | 南 北,https://ke-image.ljcdn.com/110000-inspection/a67f2102-87cb-4753-9a6a-a5c30029af85_1000.jpg!m_fill,w_280,h_210,f_jpg?from=ke.com
20241021,海淀,清河,101123343497,清河宝盛里观景园 南北双通透二居室 满五唯一 不临街,720万,79823元/平,底层 (共6层) | 2008年 | 2室1厅 | 90.2平米 | 南 北,https://ke-image.ljcdn.com/110000-inspection/pc1_Cm1fSA28V_1.jpg!m_fill,w_280,h_210,f_jpg?from=ke.com
20241021,海淀,清河,101123322152,清缘东里新上电梯一居室业主靠谱出售房主自荐,310万,48889元/平,顶层 (共13层) 1室1厅 | 63.41平米 | 北,https://ke-image.ljcdn.com/110000-inspection/077905fa-3ae0-4290-bc69-5c515669124b_1000.jpg!m_fill,w_280,h_210,f_jpg?from=ke.com
20241021,海淀,清河,101123288274,高巢精装loft 业主诚心出售 看房方便,468万,86812元/平,中楼层 (共15层) | 2005年 | 2室1厅 | 53.91平米 | 南,https://ke-image.ljcdn.com/110000-inspection/569a3579-6254-4e01-b32f-95c17b07c8e0_1000.jpg!m_fill,w_280,h_210,f_jpg?from=ke.com
20241021,海淀,清河,101123264889,水木天成落地阳台全明格局满五唯一精装修,625万,70471元/平,低楼层 (共28层) 2室1厅 | 88.69平米 | 西 北,https://ke-image.ljcdn.com/110000-inspection/pc1_EKjMxuz7a.jpg!m_fill,w_280,h_210,f_jpg?from=ke.com
20241021,海淀,清河,101123256362,海清园新上精装电梯房两居室采光足视野开阔房主自荐,549万,63068元/平,中楼层 (共18层) | 2001年 | 2室1厅 | 87.05平米 | 东 北,https://ke-image.ljcdn.com/110000-inspection/a08d7394-1a78-42c9-b546-45295eacebe3_1000.jpg!m_fill,w_280,h_210,f_jpg?from=ke.com
20241021,海淀,清河,101123208936,永泰东里南向一居满五唯一靠谱出售看房方便,280万,62016元/平,中楼层 (共6层) 1室1厅 | 45.15平米 | 南,https://ke-image.ljcdn.com/110000-inspection/d9d2aeaf-67c3-4ba9-b8c1-61f5909e66fd_1000.jpg!m_fill,w_280,h_210,f_jpg?from=ke.com
20241021,海淀,清河,101123180663,南北朝向诚心出售满五唯一光线好,335万,55741元/平,顶层 (共6层) 2室1厅 | 60.1平米 | 南 北,https://ke-image.ljcdn.com/110000-inspection/pc1_Xn2415GT9_1.jpg!m_fill,w_280,h_210,f_jpg?from=ke.com
20241021,海淀,清河,101123138614,海淀 2011年小区 观林园 电梯两居室,870万,88236元/平,顶层 (共6层) 2室1厅 | 98.6平米 | 南 北,https://ke-image.ljcdn.com/110000-inspection/pc1_6wM2eGmdE_1.jpg!m_fill,w_280,h_210,f_jpg?from=ke.com
20241021,海淀,清河,101123102666,永泰园南向一居室2013年精装修满五年唯一,308万,69152元/平,顶层 (共7层) 1室1厅 | 44.54平米 | 南,https://ke-image.ljcdn.com/110000-inspection/pc1_klOhQRvsb_1.jpg!m_fill,w_280,h_210,f_jpg?from=ke.com
20241021,海淀,清河,101123081222,橡树湾三期  位置安静 诚意出售 通透两居 户型方正,1199万,110457元/平,低楼层 (共16层) | 2011年 | 2室1厅 | 108.55平米 | 东 西,https://ke-image.ljcdn.com/110000-inspection/560e8fea-a106-4e2c-95d8-54addfd9dfa6_1000.jpg!m_fill,w_280,h_210,f_jpg?from=ke.com
20241021,海淀,清河,101123076693,怡清园 正规三居室 2003年商品房小区 近地铁近公园,670万,63580元/平,中楼层 (共6层) | 2003年 | 3室1厅 | 105.38平米 | 东 西,https://ke-image.ljcdn.com/110000-inspection/pc1_lvBkWz3kY.jpg!m_fill,w_280,h_210,f_jpg?from=ke.com
20241021,海淀,清河,101123036787,毛西两居满五年2层小区中间位置安静,438万,71922元/平,中楼层 (共4层) 2室1厅 | 60.9平米 | 南 北,https://ke-image.ljcdn.com/110000-inspection/pc1_u23IGkjra_1.jpg!m_fill,w_280,h_210,f_jpg?from=ke.com
20241021,海淀,清河,101123019156,莱圳家园三期复式四居三卫 双阳台 精装未住 产权车位,1475万,99027元/平,高楼层 (共18层) | 2012年 | 4室1厅 | 148.95平米 | 南,https://ke-image.ljcdn.com/110000-inspection/pc1_Uewpi030z_1.jpg!m_fill,w_280,h_210,f_jpg?from=ke.com
20241021,海淀,清河,101123010344,花园楼 南北通透三居  户型方正  无浪费面积房主自荐,388万,57739元/平,中楼层 (共6层) | 1985年 | 3室1厅 | 67.2平米 | 南 北,https://ke-image.ljcdn.com/110000-inspection/a6f7e065-3796-41b0-9df8-bb11379e19a9_1000.jpg!m_fill,w_280,h_210,f_jpg?from=ke.com
20241021,海淀,清河,101123000975,强佑清河新城府学上院东向一居室,480万,79248元/平,低楼层 (共27层) | 2009年 | 1室1厅 | 60.57平米 | 东,https://ke-image.ljcdn.com/110000-inspection/pc1_z5covjMZT_1.jpg!m_fill,w_280,h_210,f_jpg?from=ke.com
20241021,海淀,清河,101122993910,海淀区 2011年小区 观林园 南北通透两居室,855万,87059元/平,底层 (共6层) 2室1厅 | 98.21平米 | 南 北,https://ke-image.ljcdn.com/110000-inspection/pc1_FSd7JydyV_1.jpg!m_fill,w_280,h_210,f_jpg?from=ke.com
20241021,海淀,清河,101122989794,清河 南向精装loft  带电梯 近地铁,340万,70893元/平,中楼层 (共15层) | 2005年 | 1室1厅 | 47.96平米 | 南,https://ke-image.ljcdn.com/110000-inspection/c4856323-a3e6-4906-8204-b93a798ad5e0_1000.jpg!m_fill,w_280,h_210,f_jpg?from=ke.com
20241021,海淀,清河,101122984133,强佑清河新城府学上院 2室1厅 东南房主自荐,440万,67589元/平,低楼层 (共27层) | 2009年 | 2室1厅 | 65.1平米 | 东南,https://ke-image.ljcdn.com/110000-inspection/42e6f1a4-3291-47ed-9ea6-98a1fbe3b7e7_1000.jpg!m_fill,w_280,h_210,f_jpg?from=ke.com
20241021,海淀,清河,101122982806,专家国际花园 5室2厅 南 北,2450万,85046元/平,顶层 (共5层) 5室2厅 | 288.08平米 | 南 北,https://ke-image.ljcdn.com/110000-inspection/pc1_ZRRnF0e93_1.jpg!m_fill,w_280,h_210,f_jpg?from=ke.com
20241021,海淀,清河,101122978579,新上橡树湾四期精装两居诚意出售,1150万,105293元/平,底层 (共20层) | 2013年 | 2室1厅 | 109.22平米 | 西 东,https://ke-image.ljcdn.com/110000-inspection/dae4f181-770a-4e8b-894d-ce2c8f8dc443_1000.jpg!m_fill,w_280,h_210,f_jpg?from=ke.com
20241021,海淀,清河,101122941857,力度家园南北通透两居室双卫高楼层视野开阔,750万,68028元/平,高楼层 (共21层) | 2004年 | 2室2厅 | 110.25平米 | 南 北,https://ke-image.ljcdn.com/110000-inspection/pc1_OIGnbeMef_1.jpg!m_fill,w_280,h_210,f_jpg?from=ke.com
20241021,海淀,清河,101122928144,砂轮厂宿舍南向采光充足无遮挡复式,550万,58387元/平,高楼层 (共7层) 3室2厅 | 94.2平米 | 南,https://ke-image.ljcdn.com/110000-inspection/f1551687-ecc5-4134-8095-6e65ae2d43bb_1000.jpg!m_fill,w_280,h_210,f_jpg?from=ke.com
20241021,海淀,清河,101122849288,橡树湾三期复式 精装修 视野好 位置安静 诚意出售！房主自荐,2250万,152543元/平,顶层 (共25层) | 2011年 | 4室2厅 | 147.5平米 | 南 北,https://ke-image.ljcdn.com/110000-inspection/05e74ec1-bf0f-4d14-b801-7c46d2540e19_1000.jpg!m_fill,w_280,h_210,f_jpg?from=ke.com
20241021,海淀,清河,101122849160,清河永泰西里 南北两居  户型方正 采光视野好,365万,62769元/平,顶层 (共6层) 2室1厅 | 58.15平米 | 南 北,https://ke-image.ljcdn.com/110000-inspection/ee0c78d1-973a-46be-a5b7-a1ce93039516_1000.jpg!m_fill,w_280,h_210,f_jpg?from=ke.com
20241021,海淀,清河,101122804283,橡树湾三期精装四居复式结构诚意出售,1648万,164916元/平,顶层 (共20层) | 2011年 | 4室2厅 | 99.93平米 | 东 南,https://ke-image.ljcdn.com/110000-inspection/bf2897da-d25d-4143-a94c-79b74c3b3cc7_1000.jpg!m_fill,w_280,h_210,f_jpg?from=ke.com
20241021,海淀,清河,101122765505,621小区 南北向正规两居室 不临街 一层 诚意出售房主自荐,408万,81764元/平,底层 (共5层) 2室1厅 | 49.9平米 | 南 北,https://ke-image.ljcdn.com/110000-inspection/pc1_ZocRgh77C_1.jpg!m_fill,w_280,h_210,f_jpg?from=ke.com
20241021,海淀,清河,101122723687,新上楼层好毛纺厂西小区精装两居,368万,64562元/平,低楼层 (共6层) 2室1厅 | 57平米 | 西 东,https://ke-image.ljcdn.com/110000-inspection/9bb4b877-db7a-436e-aefd-1fdcc4c8c5c3_1000.jpg!m_fill,w_280,h_210,f_jpg?from=ke.com
20241021,海淀,清河,101122717850,橡树湾一期7米大挑空满五唯一精致装修诚售房主自荐,2280万,179218元/平,顶层 (共18层) | 2007年 | 4室2厅 | 127.22平米 | 南 北,https://ke-image.ljcdn.com/110000-inspection/6a736c18-7cc3-4b02-83a6-0362257e6c74_1000.jpg!m_fill,w_280,h_210,f_jpg?from=ke.com
20241021,海淀,清河,101122685365,四期高层三居 精装修 南北朝向 无遮挡,2100万,131193元/平,高楼层 (共25层) | 2014年 | 3室2厅 | 160.07平米 | 南 北,https://ke-image.ljcdn.com/110000-inspection/de90ca0c-ac7e-4d5b-82e5-d60322772292_1000.jpg!m_fill,w_280,h_210,f_jpg?from=ke.com
20241021,海淀,清河,101122638814,学府树家园五区 中间楼层 正对花园 位置安静 视野好房主自荐,898万,103006元/平,中楼层 (共16层) | 2011年 | 2室1厅 | 87.18平米 | 西,https://ke-image.ljcdn.com/110000-inspection/185e7e00-d927-4ffe-9d2c-5049d5b73bf7_1000.jpg!m_fill,w_280,h_210,f_jpg?from=ke.com
20241021,海淀,清河,101122573665,永泰东里  精装修 紧挨公园 服务费1% 诚售,325万,56016元/平,顶层 (共6层) 2室1厅 | 58.02平米 | 东 西,https://ke-image.ljcdn.com/110000-inspection/pc1_KRELzCJHR_1.jpg!m_fill,w_280,h_210,f_jpg?from=ke.com
20241021,海淀,清河,101122567444,阳光南里 正规三居室 看房方便房主自荐,470万,67743元/平,高楼层 (共6层) 3室1厅 | 69.38平米 | 东,https://ke-image.ljcdn.com/110000-inspection/pc1_3WrMoSXVF.jpg!m_fill,w_280,h_210,f_jpg?from=ke.com
20241021,海淀,清河,101122561911,宝盛里小区带电梯中间层南北通透采光好业主诚售,518万,58124元/平,中楼层 (共9层) 2室2厅 | 89.12平米 | 南 北,https://ke-image.ljcdn.com/110000-inspection/pc1_pLxRHbCUs_1.jpg!m_fill,w_280,h_210,f_jpg?from=ke.com
20241021,海淀,清河,101122538233,怡清园 复式 满五年唯一 2003年小区 诚心出售 方便,780万,52668元/平,顶层 (共6层) | 2003年 | 3室2厅 | 148.1平米 | 南 北,https://ke-image.ljcdn.com/110000-inspection/pc1_B7gHKde7i_1.jpg!m_fill,w_280,h_210,f_jpg?from=ke.com
20241021,海淀,清河,101122518240,怡清园 3室3厅 南 北,788万,53175元/平,顶层 (共6层) | 2003年 | 3室3厅 | 148.19平米 | 南 北,https://ke-image.ljcdn.com/110000-inspection/08bd0384-583e-4f77-935d-3a58007bdb23_1000.jpg!m_fill,w_280,h_210,f_jpg?from=ke.com
20241021,海淀,清河,101122504289,怡清园南向一居精装满5年唯一落地阳台采光好,420万,73209元/平,顶层 (共6层) | 2003年 | 1室1厅 | 57.37平米 | 南,https://ke-image.ljcdn.com/110000-inspection/pc1_DqaF3Anb6_1.jpg!m_fill,w_280,h_210,f_jpg?from=ke.com
20241021,海淀,清河,101122502060,世华龙樾一期西区 南北两居 人车分流 交通便利 诚售,680万,84473元/平,中楼层 (共11层) | 2018年 | 2室1厅 | 80.5平米 | 南 北,https://ke-image.ljcdn.com/110000-inspection/470d9a34-cebe-404b-a09c-d5d131555090_1000.jpg!m_fill,w_280,h_210,f_jpg?from=ke.com
20241021,海淀,清河,101122484598,【满五唯一】业主急售 双地铁 海淀清河 永泰西里,349万,57868元/平,顶层 (共6层) 2室1厅 | 60.31平米 | 东 西,https://ke-image.ljcdn.com/110000-inspection/c86815e7-6edd-4975-976b-48627e36a3a4_1000.jpg!m_fill,w_280,h_210,f_jpg?from=ke.com
20241021,海淀,清河,101122458498,海淀产权 满五唯一 近奥森公园  复式,749万,60180元/平,高楼层 (共7层) 3室2厅 | 124.46平米 | 南 北,https://ke-image.ljcdn.com/110000-inspection/pc1_hmSwOZnYk_1.jpg!m_fill,w_280,h_210,f_jpg?from=ke.com
20241021,海淀,清河,101122396038,清河力度家园 西南向精装3居室 靠谱出售房主自荐,955万,70878元/平,高楼层 (共15层) | 2004年 | 3室1厅 | 134.74平米 | 南 西,https://ke-image.ljcdn.com/110000-inspection/b3453aa9-c64b-4265-8348-e469eb532c86_1000.jpg!m_fill,w_280,h_210,f_jpg?from=ke.com
20241021,海淀,清河,101122354326,海淀区清河 砂轮厂宿舍 精装两居室 全明格局房主自荐,383万,64262元/平,中楼层 (共7层) 2室1厅 | 59.6平米 | 南 北,https://ke-image.ljcdn.com/110000-inspection/pc1_Lf7uGpiRa.jpg!m_fill,w_280,h_210,f_jpg?from=ke.com
20241021,海淀,清河,101122303097,观景园明厨明卫一居室前后不临街稳定签约,528万,79197元/平,高楼层 (共6层) | 2008年 | 1室1厅 | 66.67平米 | 东 北,https://ke-image.ljcdn.com/110000-inspection/07eb7111-271d-4f62-9a89-b91b4c3c36ce_1000.jpg!m_fill,w_280,h_210,f_jpg?from=ke.com
20241021,海淀,清河,101122206011,观澳园 2室1厅 东南房主自荐,680万,80522元/平,底层 (共5层) | 2005年 | 2室1厅 | 84.45平米 | 东南,https://ke-image.ljcdn.com/110000-inspection/pc1_mVvzIuzlq_1.jpg!m_fill,w_280,h_210,f_jpg?from=ke.com
20241021,海淀,清河,101122185239,此房满五年唯一商品房低楼层通风好采光充足房主自荐,370万,63465元/平,中楼层 (共6层) 2室1厅 | 58.3平米 | 东 西,https://ke-image.ljcdn.com/110000-inspection/pc1_CvX3AnN0L.jpg!m_fill,w_280,h_210,f_jpg?from=ke.com
20241021,海淀,清河,101122138767,砂轮厂宿舍 3室2厅 南 北房主自荐,550万,56925元/平,高楼层 (共7层) | 1999年 | 3室2厅 | 96.62平米 | 南 北,https://ke-image.ljcdn.com/110000-inspection/0435adc6-bfbc-4bda-a8af-de940ba105fa_1000.jpg!m_fill,w_280,h_210,f_jpg?from=ke.com
20241021,海淀,清河,101122089619,海淀安宁庄 经典复式  南北通透 满五唯一 诚心出售,510万,53628元/平,顶层 (共6层) 4室1厅 | 95.1平米 | 南 北,https://ke-image.ljcdn.com/110000-inspection/pc1_qsFuNJ7qW_1.jpg!m_fill,w_280,h_210,f_jpg?from=ke.com
20241021,海淀,清河,101122069489,海淀清河 观林园 南北两居 前后无遮挡 采光好,870万,88586元/平,底层 (共6层) 2室1厅 | 98.21平米 | 南 北,https://ke-image.ljcdn.com/110000-inspection/11926bcd-5e48-4b32-a8c4-ed64704368b1_1000.jpg!m_fill,w_280,h_210,f_jpg?from=ke.com
20241021,海淀,清河,101121999148,世华龙樾一期东区 南北通透 一层下跃户型 满五唯一,1500万,102208元/平,底层 (共18层) | 2014年 | 3室2厅 | 146.76平米 | 南 北,https://ke-image.ljcdn.com/110000-inspection/pc1_eEJHOvO8o_1.jpg!m_fill,w_280,h_210,f_jpg?from=ke.com
20241021,海淀,清河,101121837121,砂轮厂宿舍精装复式两居双卫南北通透房主自荐,583万,60340元/平,高楼层 (共7层) 3室2厅 | 96.62平米 | 南 北,https://ke-image.ljcdn.com/110000-inspection/1dae2248-e79e-425f-aa21-1b8b7f15c9ca_1000.jpg!m_fill,w_280,h_210,f_jpg?from=ke.com
20241021,海淀,清河,101121790134,观景园 南北双通透 全明格局 满五唯一商品房 中间层,780万,85715元/平,高楼层 (共6层) 2室1厅 | 91平米 | 南 西 北,https://ke-image.ljcdn.com/110000-inspection/cb9ffdbf-503f-4d3f-8fca-82f23a82361c_1000.jpg!m_fill,w_280,h_210,f_jpg?from=ke.com
20241021,海淀,清河,101121624386,下跃边户 上下两层 楼上下可以单独出入下沉花园有车位,2450万,57064元/平,底层 (共5层) 6室2厅 | 429.35平米 | 南 西 北,https://ke-image.ljcdn.com/110000-inspection/pc1_yiI1Q6Hec_1.jpg!m_fill,w_280,h_210,f_jpg?from=ke.com
20241021,海淀,清河,101121551700,宝盛北里两室两厅两卫中间层位置好,830万,71639元/平,中楼层 (共6层) | 2004年 | 2室2厅 | 115.86平米 | 南 北,https://ke-image.ljcdn.com/110000-inspection/pc1_Wcb5i2nHb_1.jpg!m_fill,w_280,h_210,f_jpg?from=ke.com
20241021,海淀,清河,101121389728,621小区  中间位置 中间层 出行方便 安静 通风采光好房主自荐,679万,88643元/平,中楼层 (共6层) 2室1厅 | 76.6平米 | 南 北,https://ke-image.ljcdn.com/110000-inspection/pc1_jI0y7tf56_1.jpg!m_fill,w_280,h_210,f_jpg?from=ke.com
20241021,海淀,清河,101121381505,一层下跃 诚意出售 采光视野好 可当四居使用,770万,86761元/平,底层 (共6层) 4室1厅 | 88.75平米 | 南,https://ke-image.ljcdn.com/110000-inspection/c60babb4-feb2-47fe-b1a5-39946d86a36b_1000.jpg!m_fill,w_280,h_210,f_jpg?from=ke.com
20241021,海淀,清河,101121376842,清缘东里新上临河观景南北两居室公摊小业主靠谱房主自荐,525万,80957元/平,顶层 (共5层) 2室1厅 | 64.85平米 | 南 北,https://ke-image.ljcdn.com/110000-inspection/pc1_P0knmmy4w_1.jpg!m_fill,w_280,h_210,f_jpg?from=ke.com
20241021,海淀,清河,101121354486,强佑清河新城府学上院优质南向开间,368万,78116元/平,中楼层 (共24层) | 2020年 | 1室0厅 | 47.11平米 | 南,https://ke-image.ljcdn.com/110000-inspection/pc1_GcdIkH44U.jpg!m_fill,w_280,h_210,f_jpg?from=ke.com
20241021,海淀,清河,101121343456,世华龙樾二期南北通透精装四居室总高九层洋房,1388万,142330元/平,顶层 (共9层) 4室1厅 | 97.52平米 | 南 北,https://ke-image.ljcdn.com/110000-inspection/pc1_RygyoVTjn_1.jpg!m_fill,w_280,h_210,f_jpg?from=ke.com
20241021,海淀,清河,101121342065,海淀观景园 奥森旁 南北双通透两居 精装修 满五唯一,668万,73715元/平,顶层 (共6层) | 2008年 | 2室1厅 | 90.62平米 | 南 北,https://ke-image.ljcdn.com/110000-inspection/701adca2-82fe-41e1-8ac6-b6394f7d1c5d_1000.jpg!m_fill,w_280,h_210,f_jpg?from=ke.com
20241021,海淀,清河,101121286574,世华龙樾四期 南北通透四居室 靠谱出售,4900万,147956元/平,高楼层 (共6层) 4室2厅 | 331.18平米 | 东 南 北,https://ke-image.ljcdn.com/110000-inspection/pc1_7LJ8IyQXv.jpg!m_fill,w_280,h_210,f_jpg?from=ke.com
20241021,海淀,清河,101121228288,怡清园两居电梯直达南向落地阳台视野开阔诚售,688万,58534元/平,高楼层 (共15层) | 2003年 | 2室1厅 | 117.54平米 | 南,https://ke-image.ljcdn.com/110000-inspection/pc1_e1PHt7z3N_1.jpg!m_fill,w_280,h_210,f_jpg?from=ke.com
20241021,海淀,清河,101121228121,621小区  正规两居室  户型方正 诚意出售  随时签约房主自荐,460万,84871元/平,顶层 (共6层) 2室1厅 | 54.2平米 | 南,https://ke-image.ljcdn.com/110000-inspection/pc1_C5FH6ZXOu_1.jpg!m_fill,w_280,h_210,f_jpg?from=ke.com
20241021,海淀,清河,101121208156,学府树家园  两卧全南 大阳台房主自荐,1280万,144372元/平,中楼层 (共16层) | 2007年 | 2室1厅 | 88.66平米 | 南 西,https://ke-image.ljcdn.com/110000-inspection/cbecda1a-8819-4f0c-8b0f-89ef12127166_1000.jpg!m_fill,w_280,h_210,f_jpg?from=ke.com
20241021,海淀,清河,101121197539,毛西三居室2层去年精装可拎包入住。不临街安静房主自荐,500万,75188元/平,低楼层 (共6层) 3室1厅 | 66.5平米 | 南 北,https://ke-image.ljcdn.com/110000-inspection/98fb14c1-9a92-4fc1-8579-40ea2f844790_1000.jpg!m_fill,w_280,h_210,f_jpg?from=ke.com
20241021,海淀,清河,101121192150,橡树湾一期  视野开阔 次顶层 位置安静 诚意售,1090万,110919元/平,高楼层 (共11层) | 2008年 | 3室1厅 | 98.27平米 | 东 西,https://ke-image.ljcdn.com/110000-inspection/pc1_pLJODMpRa_1.jpg!m_fill,w_280,h_210,f_jpg?from=ke.com
20241021,海淀,清河,101121177132,砂轮厂宿舍 1998年房源 南北通透 下楼即地铁 诚意出售,380万,59515元/平,高楼层 (共7层) | 1999年 | 2室1厅 | 63.85平米 | 南 北,https://ke-image.ljcdn.com/110000-inspection/c358223b-0ebf-41d2-a9c9-3d926b1a2acc_1000.jpg!m_fill,w_280,h_210,f_jpg?from=ke.com
20241021,海淀,清河,101121148505,世华龙樾二期精装修三居室品质洋房,1300万,145545元/平,顶层 (共9层) 3室2厅 | 89.32平米 | 南 北,https://ke-image.ljcdn.com/110000-inspection/pc1_sBxNlBKug_1.jpg!m_fill,w_280,h_210,f_jpg?from=ke.com
20241021,海淀,清河,101121145038,观景园 2室1厅 南 北,765万,84113元/平,顶层 (共6层) | 2008年 | 2室1厅 | 90.95平米 | 南 北,https://ke-image.ljcdn.com/110000-inspection/pc1_f5F9pI4SI_1.jpg!m_fill,w_280,h_210,f_jpg?from=ke.com
20241021,海淀,清河,101121132384,金隅美和园 满五年 带电梯 诚心出售 看房方便,709万,86453元/平,中楼层 (共9层) | 2009年 | 2室1厅 | 82.01平米 | 南,https://ke-image.ljcdn.com/110000-inspection/pc1_ZtzeKjGCz.jpg!m_fill,w_280,h_210,f_jpg?from=ke.com
20241021,海淀,清河,101121046938,金隅美和园 东西向正规一居室  全明格局,500万,82089元/平,中楼层 (共9层) | 2008年 | 1室1厅 | 60.91平米 | 东 西,https://ke-image.ljcdn.com/110000-inspection/pc1_Y1Ppwm9T1_1.jpg!m_fill,w_280,h_210,f_jpg?from=ke.com
20241021,海淀,清河,101121008966,雪梨澳乡E区类独栋三居室带侧院地上两层,2060万,105264元/平,底层 (共2层) | 2004年 | 3室3厅 | 195.7平米 | 南 北,https://ke-image.ljcdn.com/110000-inspection/94041892-ff92-4149-bad0-b31e09d6fb07_1000.jpg!m_fill,w_280,h_210,f_jpg?from=ke.com
20241021,海淀,清河,101121003601,清景园主打户型两居室满五年商品房随时可看,660万,66667元/平,中楼层 (共18层) 2室1厅 | 99平米 | 西,https://ke-image.ljcdn.com/110000-inspection/pc1_qURhwa19R.jpg!m_fill,w_280,h_210,f_jpg?from=ke.com
20241021,海淀,清河,101120992442,宝盛里精装复式三居室动静分离业主诚售满五唯一,590万,49497元/平,顶层 (共6层) | 2002年 | 3室2厅 | 119.2平米 | 南 北,https://ke-image.ljcdn.com/110000-inspection/pc1_22s9BwJGu_1.jpg!m_fill,w_280,h_210,f_jpg?from=ke.com
20241021,海淀,清河,101120941849,强佑清河新城府学上院满五年精装修三居室,1099万,79265元/平,低楼层 (共27层) | 2012年 | 3室1厅 | 138.65平米 | 东 南 北,https://ke-image.ljcdn.com/110000-inspection/pc1_05XSf8EVe.jpg!m_fill,w_280,h_210,f_jpg?from=ke.com
20241021,海淀,清河,101120896076,总监力荐 清河永泰小区东里 满五唯一 中间层房主自荐,455万,79352元/平,中楼层 (共6层) 2室1厅 | 57.34平米 | 南 北,https://ke-image.ljcdn.com/110000-inspection/c03b4c78-de8a-4013-adc9-8da2c6a577ca_1000.jpg!m_fill,w_280,h_210,f_jpg?from=ke.com
20241021,海淀,清河,101120890294,海清园 带电梯2001年商品房 满五年唯一 配套齐全,428万,73288元/平,中楼层 (共18层) | 2001年 | 1室1厅 | 58.4平米 | 东北,https://ke-image.ljcdn.com/110000-inspection/pc1_j6XE64sdx.jpg!m_fill,w_280,h_210,f_jpg?from=ke.com
20241021,海淀,清河,101120734779,毛纺厂南小区精装修南北通透两居室采光充足房主自荐,356万,59334元/平,顶层 (共6层) 2室1厅 | 60平米 | 南 北,https://ke-image.ljcdn.com/110000-inspection/a6318085-e80b-483b-8465-7be2f869d88c_1000.jpg!m_fill,w_280,h_210,f_jpg?from=ke.com
20241021,海淀,清河,101120705177,加气混凝土厂宿舍 满五年唯一商品房,645万,81543元/平,中楼层 (共5层) | 1979年 | 3室1厅 | 79.1平米 | 南 北,https://ke-image.ljcdn.com/110000-inspection/pc1_TeRMkO6P2_1.jpg!m_fill,w_280,h_210,f_jpg?from=ke.com
20241021,海淀,清河,101120586218,金隅美和园满五年唯一精装修   带电梯 美和园公园房主自荐,450万,90690元/平,顶层 (共9层) | 2008年 | 1室1厅 | 49.62平米 | 西南,https://ke-image.ljcdn.com/110000-inspection/pc1_WK5fmv1PP_1.jpg!m_fill,w_280,h_210,f_jpg?from=ke.com
20241021,海淀,清河,101120385919,观澳园小区 中间层 南向 户型方正,420万,74760元/平,中楼层 (共5层) 1室0厅 | 56.18平米 | 南,https://ke-image.ljcdn.com/110000-inspection/pc1_ZVCkGKiL7_1.jpg!m_fill,w_280,h_210,f_jpg?from=ke.com
20241021,海淀,清河,101120314891,永泰园新上满五年成本朝南三居室户型好看房方便,596万,72252元/平,顶层 (共6层) 3室2厅 | 82.49平米 | 南 北,https://ke-image.ljcdn.com/110000-inspection/pc1_k9odF1SnG_1.jpg!m_fill,w_280,h_210,f_jpg?from=ke.com
20241021,海淀,清河,101120275589,南北通透客厅卧室朝南户型方正 无浪费面积,688万,92028元/平,顶层 (共6层) 1室2厅 | 74.76平米 | 南 北,https://ke-image.ljcdn.com/110000-inspection/c58dfde6-ebcc-4a79-8d59-1411fafb2af7_1000.jpg!m_fill,w_280,h_210,f_jpg?from=ke.com
20241021,海淀,清河,101120266057,新上永泰园东南向三室两卫观景房靠谱靠谱靠谱,750万,55314元/平,高楼层 (共31层) | 2002年 | 3室2厅 | 135.59平米 | 东南,https://ke-image.ljcdn.com/110000-inspection/pc1_q03Uc4yfK_1.jpg!m_fill,w_280,h_210,f_jpg?from=ke.com
20241021,海淀,清河,101120215921,清缘里中区南北双阳台 精装两居室 不临街,510万,56416元/平,高楼层 (共8层) 2室1厅 | 90.4平米 | 南 北,https://ke-image.ljcdn.com/110000-inspection/pc1_bLoxOcSr3_1.jpg!m_fill,w_280,h_210,f_jpg?from=ke.com
20241021,海淀,清河,101120214858,宝盛里低楼层精装三居室满五年商品房看房方便,600万,57748元/平,底层 (共5层) | 1998年 | 3室1厅 | 103.9平米 | 东 西,https://ke-image.ljcdn.com/110000-inspection/72acd148-0861-4440-ab62-b656b799ea41_1000.jpg!m_fill,w_280,h_210,f_jpg?from=ke.com
20241021,海淀,清河,101120071357,金隅美和园西区 东西通透 满五唯一 诚意出售,550万,69287元/平,底层 (共9层) | 2008年 | 3室1厅 | 79.38平米 | 东 西,https://ke-image.ljcdn.com/110000-inspection/pc1_isSW4ljtc_1.jpg!m_fill,w_280,h_210,f_jpg?from=ke.com
20241021,海淀,清河,101120032229,观澳园 海淀产权 上下跃层 钢混结构 交通便捷,1200万,67832元/平,高楼层 (共7层) 4室3厅 | 176.91平米 | 南 北,https://ke-image.ljcdn.com/110000-inspection/pc1_SBs7ZAApe.jpg!m_fill,w_280,h_210,f_jpg?from=ke.com
20241021,海淀,清河,101119856294,总监力推 满五年唯一 精品装修 布局分布合理 大阳台,318万,67935元/平,中楼层 (共6层) 1室1厅 | 46.81平米 | 南,https://ke-image.ljcdn.com/110000-inspection/pc1_CBDT6OBgs_1.jpg!m_fill,w_280,h_210,f_jpg?from=ke.com
20241021,海淀,清河,101119777630,永泰园南北向复式 上下层可单开门 双地铁小区 无抵押,750万,80576元/平,顶层 (共6层) 3室2厅 | 93.08平米 | 南 北,https://ke-image.ljcdn.com/110000-inspection/pc1_NRCkfVpj1.jpg!m_fill,w_280,h_210,f_jpg?from=ke.com
20241021,海淀,清河,101119737352,观景园 精准两居 满五唯一 拎包入住,718万,78522元/平,顶层 (共6层) 2室1厅 | 91.44平米 | 南 北,https://ke-image.ljcdn.com/110000-inspection/pc1_QMYLNVwi2_1.jpg!m_fill,w_280,h_210,f_jpg?from=ke.com
20241021,海淀,清河,101119721323,橡树湾四期车库  近电梯 位置好  诚意出售 随时签约,92万,26521元/平,地下室 (共29层) | 2013年 | 1室0厅 | 34.69平米 | 南,https://ke-image.ljcdn.com/110000-inspection/7a0fc5ad-1198-41df-bedd-2068b3c5e0ee_1000.jpg!m_fill,w_280,h_210,f_jpg?from=ke.com
20241021,海淀,清河,101119706487,世华龙樾四期 南北通透 次新房 新中式绿化好 物业好,2130万,157231元/平,顶层 (共6层) 4室2厅 | 135.47平米 | 南 北,https://ke-image.ljcdn.com/110000-inspection/pc1_f3LRRNQMK.jpg!m_fill,w_280,h_210,f_jpg?from=ke.com
20241021,海淀,清河,101119585056,精装修 地铁永泰庄 满五年唯一 诚心出售 公园,850万,57359元/平,顶层 (共6层) | 2003年 | 3室2厅 | 148.19平米 | 南 北,https://ke-image.ljcdn.com/110000-inspection/pc1_IJWSSavLQ_1.jpg!m_fill,w_280,h_210,f_jpg?from=ke.com
20241021,海淀,清河,101119541138,冶金家属楼 明厅  永泰庄ditie旁边满五唯一,430万,73884元/平,顶层 (共6层) 2室1厅 | 58.2平米 | 南 北,https://ke-image.ljcdn.com/110000-inspection/999995dd-2851-4798-b4dc-131f626fe940_1000.jpg!m_fill,w_280,h_210,f_jpg?from=ke.com
20241021,海淀,清河,101119529067,怡清园满五年唯一 上下两层 看房方便,870万,58355元/平,顶层 (共6层) | 2003年 | 3室2厅 | 149.09平米 | 南 北,https://ke-image.ljcdn.com/110000-inspection/d5c075fb-8fb4-4dfe-8a5e-7bbd99ed70b7_1000.jpg!m_fill,w_280,h_210,f_jpg?from=ke.com
20241021,海淀,清河,101119471028,毛纺厂南小区 低楼层两居室 满五唯一 业主诚意出售,350万,62167元/平,中楼层 (共5层) 2室1厅 | 56.3平米 | 南 北,https://ke-image.ljcdn.com/110000-inspection/099b9d98-87a9-4f27-8397-ff562e3636e9_1000.jpg!m_fill,w_280,h_210,f_jpg?from=ke.com
20241021,海淀,清河,101119319078,高巢南向LOFT两居室采光好电梯直达民水民电住宅,430万,79030元/平,中楼层 (共15层) | 2005年 | 2室1厅 | 54.41平米 | 南,https://ke-image.ljcdn.com/110000-inspection/pc1_MExd5gT11_1.jpg!m_fill,w_280,h_210,f_jpg?from=ke.com
20241021,海淀,清河,101119306873,莱圳家园南北通透A2户型三居 花园社区 居住舒适,1130万,100454元/平,低楼层 (共14层) 3室2厅 | 112.49平米 | 南 北,https://ke-image.ljcdn.com/110000-inspection/pc1_dXG07phgU.jpg!m_fill,w_280,h_210,f_jpg?from=ke.com
20241021,海淀,清河,101119277241,燕清园精装复式高层视野采光好满五唯一 有车位,998万,82181元/平,中楼层 (共28层) 2室2厅 | 121.44平米 | 南,https://ke-image.ljcdn.com/110000-inspection/f4e05dfb-d163-49e5-a6e9-ff035c02d3b5_1000.jpg!m_fill,w_280,h_210,f_jpg?from=ke.com
20241021,海淀,清河,101119056474,强佑清河新城府学上院纯南向小两居房主自荐,465万,75073元/平,中楼层 (共15层) | 2015年 | 2室1厅 | 61.94平米 | 南,https://ke-image.ljcdn.com/110000-inspection/23dff4f8-4882-455d-8e61-2880dc6bd46d_1000.jpg!m_fill,w_280,h_210,f_jpg?from=ke.com
20241021,海淀,清河,101118963963,世华龙樾四期 南北下跃 南花园 随时可看房主自荐,3390万,176526元/平,底层 (共6层) 4室2厅 | 192.04平米 | 南 北,https://ke-image.ljcdn.com/110000-inspection/61a95d4a-e371-4921-a061-29860eae151d_1000.jpg!m_fill,w_280,h_210,f_jpg?from=ke.com
20241021,海淀,清河,101118957201,海淀北五环 精装中间楼层三居室 全明格局  诚心卖房主自荐,765万,84624元/平,中楼层 (共6层) | 1999年 | 3室1厅 | 90.4平米 | 南 西北 北,https://ke-image.ljcdn.com/110000-inspection/pc1_A7cdMmM4x_1.jpg!m_fill,w_280,h_210,f_jpg?from=ke.com
20241021,海淀,清河,101118934470,海淀 清河 清缘里中区 满五年唯一 美式精装修拎包入住房主自荐,385万,62147元/平,高楼层 (共10层) | 1999年 | 1室1厅 | 61.95平米 | 东,https://ke-image.ljcdn.com/110000-inspection/pc1_mPHtmdATZ_1.jpg!m_fill,w_280,h_210,f_jpg?from=ke.com
20241021,海淀,清河,101118884064,世华龙樾二期 5室3厅 南 北,2598万,86733元/平,底层 (共9层) 5室3厅 | 299.54平米 | 南 北,https://ke-image.ljcdn.com/110000-inspection/887afa5f-ef25-4bdd-8c9e-2e0cafe54ac7_1000.jpg!m_fill,w_280,h_210,f_jpg?from=ke.com
20241021,海淀,清河,101118860602,中央财经大学家属楼高楼层一居室稳定签约看房方便房主自荐,399.9万,80609元/平,顶层 (共6层) 1室1厅 | 49.61平米 | 南 北,https://ke-image.ljcdn.com/110000-inspection/ebc96215-e2a3-45f6-bf71-d10d1279201d_1000.jpg!m_fill,w_280,h_210,f_jpg?from=ke.com
20241021,海淀,清河,101118772561,雪梨澳乡E区双拼东边户；诚心出售房主自荐,2000万,92145元/平,底层 (共3层) 4室3厅 | 217.05平米 | 南 北,https://ke-image.ljcdn.com/110000-inspection/pc1_tbbbMnWpU_1.jpg!m_fill,w_280,h_210,f_jpg?from=ke.com
20241021,海淀,清河,101118743427,橡树湾一期 复式三居满五年唯一精装看房方便。,1090万,154457元/平,顶层 (共11层) | 2007年 | 3室2厅 | 70.57平米 | 西,https://ke-image.ljcdn.com/110000-inspection/pc1_XxCTIJoKo_1.jpg!m_fill,w_280,h_210,f_jpg?from=ke.com
20241021,海淀,清河,101118675525,新上主推 观澳园 全明格局 满五年唯一 中间楼层,798万,77147元/平,中楼层 (共7层) | 2005年 | 2室1厅 | 103.44平米 | 东 南 北,https://ke-image.ljcdn.com/110000-inspection/ec431ed0-e651-4164-af25-ffc53b7282af_1000.jpg!m_fill,w_280,h_210,f_jpg?from=ke.com
20241021,海淀,清河,101118670429,燕清园东南向两居满五唯一精装修高层8号楼价能谈房主自荐,850万,81442元/平,高楼层 (共28层) | 2005年 | 2室1厅 | 104.37平米 | 东 南 北,https://ke-image.ljcdn.com/110000-inspection/d94b39a7-0d88-4c6c-88c7-c4ecd6a9364e_1000.jpg!m_fill,w_280,h_210,f_jpg?from=ke.com
20241021,海淀,清河,101118648657,清河文苑 全明正规一居室 带电梯 看房随时 诚意出售,355万,55801元/平,高楼层 (共24层) 2室1厅 | 63.62平米 | 北,https://ke-image.ljcdn.com/110000-inspection/1016a17b-c09c-47d7-8426-ac3ca25e1a7e_1000.jpg!m_fill,w_280,h_210,f_jpg?from=ke.com
20241021,海淀,清河,101118620054,海淀产权 小户型 有电梯 临奥森,279万,67719元/平,中楼层 (共6层) | 2006年 | 1室1厅 | 41.2平米 | 东,https://ke-image.ljcdn.com/110000-inspection/pc1_Q6mcat2Ch_1.jpg!m_fill,w_280,h_210,f_jpg?from=ke.com
20241021,海淀,清河,101118590396,美和园 南向正规一居室 无遮挡 采光好 看房方便,428万,66316元/平,底层 (共9层) | 2008年 | 1室1厅 | 64.54平米 | 南,https://ke-image.ljcdn.com/110000-inspection/381ebf52-0d3d-401d-8f53-80bfb3ec701c_1000.jpg!m_fill,w_280,h_210,f_jpg?from=ke.com
20241021,海淀,清河,101118527355,毛纺厂西小区 原始三居更为两居加客厅明窗房主自荐,528万,88591元/平,低楼层 (共6层) | 1981年 | 3室1厅 | 59.6平米 | 南 北,https://ke-image.ljcdn.com/110000-inspection/46a0adc8-e164-450d-9105-f7d902142d05_1000.jpg!m_fill,w_280,h_210,f_jpg?from=ke.com
20241021,海淀,清河,101118446946,邮局家属楼 南北通透 格局方正 诚意出售,489万,70462元/平,顶层 (共6层) 2室1厅 | 69.4平米 | 南 北 东,https://ke-image.ljcdn.com/110000-inspection/36d6f77d-cb24-48dc-85a7-513c3adad3d8_1000.jpg!m_fill,w_280,h_210,f_jpg?from=ke.com
20241021,海淀,清河,101118434553,橡树湾四期全明格局精装三居给换房周期,1900万,126929元/平,低楼层 (共25层) | 2014年 | 3室2厅 | 149.69平米 | 南 北,https://ke-image.ljcdn.com/110000-inspection/pc1_j54pIKajk_1.jpg!m_fill,w_280,h_210,f_jpg?from=ke.com
20241021,海淀,清河,101118407021,世华龙樾二期 毛坯下跃户型 满五年唯一,2780万,159624元/平,底层 (共9层) 5室3厅 | 174.16平米 | 南 北,https://ke-image.ljcdn.com/110000-inspection/pc1_FbFGYc0yB.jpg!m_fill,w_280,h_210,f_jpg?from=ke.com
20241021,海淀,清河,101118374376,宝盛里满五年唯一三居室看房随时,680万,47453元/平,顶层 (共5层) 3室1厅 | 143.3平米 | 东南 西,https://ke-image.ljcdn.com/110000-inspection/937846b3-e740-4442-a4c3-88147066fb59_1000.jpg!m_fill,w_280,h_210,f_jpg?from=ke.com
20241021,海淀,清河,101118231067,永泰园2002年商品房 南北四居室双地铁配套 满五年唯一,980万,75449元/平,高楼层 (共6层) 4室2厅 | 129.89平米 | 南 北,https://ke-image.ljcdn.com/110000-inspection/e42bf567-fb65-43fc-866c-a7bf7b2d0071_1000.jpg!m_fill,w_280,h_210,f_jpg?from=ke.com
20241021,海淀,清河,101118214230,永泰园满五年唯一住房中间楼层全明三居南北通透,655万,74670元/平,中楼层 (共6层) | 2000年 | 3室1厅 | 87.72平米 | 南 北,https://ke-image.ljcdn.com/110000-inspection/pc1_QmxcFHuXn_1.jpg!m_fill,w_280,h_210,f_jpg?from=ke.com
20241021,海淀,清河,101118149303,通透户型配套齐全生活便利 诚意出售,318万,55790元/平,顶层 (共6层) | 1988年 | 2室1厅 | 57平米 | 东 西,https://ke-image.ljcdn.com/110000-inspection/6fac183d-dbc3-4f8d-a924-a204c00e1f82_1000.jpg!m_fill,w_280,h_210,f_jpg?from=ke.com
20241021,海淀,清河,101118014182,房子东向两居带电梯采光视野好。,728万,89074元/平,中楼层 (共27层) | 2012年 | 2室1厅 | 81.73平米 | 东,https://ke-image.ljcdn.com/110000-inspection/pc1_Iesrcr30O_1.jpg!m_fill,w_280,h_210,f_jpg?from=ke.com
20241021,海淀,清河,101117896108,强佑清河新城府学上院业主诚意出售 南北通透大三居,1130万,81524元/平,低楼层 (共27层) | 2009年 | 3室2厅 | 138.61平米 | 南 北,https://ke-image.ljcdn.com/110000-inspection/pc1_juQYfsRwY.jpg!m_fill,w_280,h_210,f_jpg?from=ke.com
20241021,海淀,清河,101117887686,带电梯南北向采光很好视野很好。房主自荐,369万,77310元/平,顶层 (共9层) | 2008年 | 1室1厅 | 47.73平米 | 南 北,https://ke-image.ljcdn.com/110000-inspection/4d8ad19d-dd88-4440-b18f-5a63ac67cf28_1000.jpg!m_fill,w_280,h_210,f_jpg?from=ke.com
20241021,海淀,清河,101117741378,永泰园正规南向一居室 采光好 低楼层,329万,73112元/平,中楼层 (共5层) | 1993年 | 1室1厅 | 45平米 | 南,https://ke-image.ljcdn.com/110000-inspection/ccd9350d-3ff7-4405-b2e4-03fedf0872be_1000.jpg!m_fill,w_280,h_210,f_jpg?from=ke.com
20241021,海淀,清河,101110678447,浩思家园 下跃户型 带下沉花园 满五唯一 精装修,2698万,139793元/平,底层 (共5层) | 2008年 | 3室3厅 | 193平米 | 南 北,https://ke-image.ljcdn.com/110000-inspection/pc1_dKPb5vtPz_1.jpg!m_fill,w_280,h_210,f_jpg?from=ke.com
20241021,海淀,清河,101127189362,金隅美和园东区 2室1厅 南 北,650万,82708元/平,顶层 (共6层) | 2009年 | 2室1厅 | 78.59平米 | 南 北,https://s1.ljcdn.com/pegasus/redskull/images/common/default_house_list.png?_v=202410161653269
20241021,海淀,清河,101127169805,强佑清河新城府学上院 1室1厅 南新上,359万,75215元/平,顶层 (共24层) | 2020年 | 1室1厅 | 47.73平米 | 南,https://s1.ljcdn.com/pegasus/redskull/images/common/default_house_list.png?_v=202410161653269
20241021,海淀,清河,101127135765,宝盛里 2室1厅 南新上,330万,53825元/平,中楼层 (共9层) 2室1厅 | 61.31平米 | 南,https://s1.ljcdn.com/pegasus/redskull/images/common/default_house_list.png?_v=202410161653269
20241021,海淀,清河,101127084796,清缘里中区 3室1厅 南 北新上,560万,50063元/平,地下室 (共10层) 3室1厅 | 111.86平米 | 南 北,https://s1.ljcdn.com/pegasus/redskull/images/common/default_house_list.png?_v=202410161653269
20241021,海淀,清河,101127074529,清河清缘东里花园旁的正规一居室满五年户型好新上,328万,49309元/平,底层 (共13层) 1室1厅 | 66.52平米 | 北,https://s1.ljcdn.com/pegasus/redskull/images/common/default_house_list.png?_v=202410161653269
20241021,海淀,清河,101127069884,清秀阁小区2005年商品房板楼户型好新上,780万,87249元/平,中楼层 (共5层) 2室1厅 | 89.4平米 | 南 北,https://s1.ljcdn.com/pegasus/redskull/images/common/default_house_list.png?_v=202410161653269
20241021,海淀,清河,101127062951,前屯路58号院 2室1厅 南 北新上,345万,61171元/平,高楼层 (共6层) 2室1厅 | 56.4平米 | 南 北,https://s1.ljcdn.com/pegasus/redskull/images/common/default_house_list.png?_v=202410161653269
20241021,海淀,清河,101127026681,优质房源六室两厅 采光好 国家环保等级装修 诚售新上,2300万,107891元/平,底层 (共8层) 6室2厅 | 213.18平米 | 南 北,https://s1.ljcdn.com/pegasus/redskull/images/common/default_house_list.png?_v=202410161653269
20241021,海淀,清河,101127015607,强佑清河新城府学上院 2室1厅 南新上,830万,95568元/平,低楼层 (共29层) 2室1厅 | 86.85平米 | 南,https://s1.ljcdn.com/pegasus/redskull/images/common/default_house_list.png?_v=202410161653269
20241021,海淀,清河,101126960954,观澳园 1室0厅 东,320万,77670元/平,高楼层 (共6层) | 2006年 | 1室0厅 | 41.2平米 | 东,https://s1.ljcdn.com/pegasus/redskull/images/common/default_house_list.png?_v=202410161653269
20241021,海淀,清河,101126911774,永泰西里 1室1厅 南,299万,64705元/平,中楼层 (共6层) | 1998年 | 1室1厅 | 46.21平米 | 南,https://s1.ljcdn.com/pegasus/redskull/images/common/default_house_list.png?_v=202410161653269
20241021,海淀,清河,101126909199,莱圳家园 1室1厅 东南,450万,88236元/平,高楼层 (共18层) | 2009年 | 1室1厅 | 51平米 | 东南,https://s1.ljcdn.com/pegasus/redskull/images/common/default_house_list.png?_v=202410161653269
20241021,海淀,清河,101126765981,橡林郡 1室1厅 东南,680万,113732元/平,中楼层 (共21层) 1室1厅 | 59.79平米 | 东南,https://s1.ljcdn.com/pegasus/redskull/images/common/default_house_list.png?_v=202410161653269
20241021,海淀,清河,101126735821,强佑清河新城府学上院人车分流环境好紧挨着地铁站,1100万,78808元/平,高楼层 (共27层) | 2009年 | 3室2厅 | 139.58平米 | 南 北,https://s1.ljcdn.com/pegasus/redskull/images/common/default_house_list.png?_v=202410161653269
20241021,海淀,清河,101126650593,永泰西里 2室1厅 南 北,399万,66500元/平,高楼层 (共6层) 2室1厅 | 60平米 | 南 北,https://s1.ljcdn.com/pegasus/redskull/images/common/default_house_list.png?_v=202410161653269
20241021,海淀,清河,101126547347,金隅美和园东区 满五年唯一商品房 方正 采光好,460万,68966元/平,低楼层 (共6层) | 2009年 | 1室1厅 | 66.7平米 | 南,https://s1.ljcdn.com/pegasus/redskull/images/common/default_house_list.png?_v=202410161653269
20241021,海淀,清河,101126527228,永泰庄6号院 满五年唯一 靠谱签约,286万,79269元/平,底层 (共6层) 1室1厅 | 36.08平米 | 南,https://s1.ljcdn.com/pegasus/redskull/images/common/default_house_list.png?_v=202410161653269
20241021,海淀,清河,101126487798,清河小营东路5号院南北通透采光充足中楼层,275万,57173元/平,中楼层 (共4层) 2室1厅 | 48.1平米 | 北 南,https://s1.ljcdn.com/pegasus/redskull/images/common/default_house_list.png?_v=202410161653269
20241021,海淀,清河,101126306586,世华龙樾一期西区业主诚心出售。,650万,85820元/平,低楼层 (共17层) | 2014年 | 2室1厅 | 75.74平米 | 南,https://s1.ljcdn.com/pegasus/redskull/images/common/default_house_list.png?_v=202410161653269
20241021,海淀,清河,101126106852,花园新区 1室1厅 南,350万,60025元/平,高楼层 (共19层) | 2010年 | 1室1厅 | 58.31平米 | 南,https://s1.ljcdn.com/pegasus/redskull/images/common/default_house_list.png?_v=202410161653269
20241021,海淀,清河,101126070043,满五年唯一万科物业8号线西小口站出行便利。,1030万,89163元/平,低楼层 (共18层) | 2009年 | 3室2厅 | 115.52平米 | 南 北,https://s1.ljcdn.com/pegasus/redskull/images/common/default_house_list.png?_v=202410161653269
20241021,海淀,清河,101126036725,清缘里中区 2室1厅 南 北,330万,51806元/平,地下室 (共10层) | 1998年 | 2室1厅 | 63.7平米 | 南 北,https://s1.ljcdn.com/pegasus/redskull/images/common/default_house_list.png?_v=202410161653269
20241021,海淀,清河,101125560525,清河2012年小区 福美苑南向二居室业主急售,480万,57755元/平,底层 (共15层) | 2012年 | 2室1厅 | 83.11平米 | 南,https://s1.ljcdn.com/pegasus/redskull/images/common/default_house_list.png?_v=202410161653269
20241021,海淀,清河,101125435422,永泰园电梯房高楼层东向采光好,765万,58406元/平,高楼层 (共31层) | 2003年 | 2室1厅 | 130.98平米 | 东南,https://s1.ljcdn.com/pegasus/redskull/images/common/default_house_list.png?_v=202410161653269
20241021,海淀,清河,101125355996,鲲鹏小区 新上三层三居室 楼层好 看房方便,530万,60057元/平,中楼层 (共6层) 3室1厅 | 88.25平米 | 南 北,https://s1.ljcdn.com/pegasus/redskull/images/common/default_house_list.png?_v=202410161653269
20241021,海淀,清河,101125330284,橡树湾五期诚意出售精装交付三居室,1978万,137010元/平,高楼层 (共16层) 3室1厅 | 144.37平米 | 南 北,https://s1.ljcdn.com/pegasus/redskull/images/common/default_house_list.png?_v=202410161653269
20241021,海淀,清河,101125150787,南北通透三居室南向带阳台次次顶层高楼视野采光好,470万,53288元/平,中楼层 (共6层) 3室1厅 | 88.2平米 | 南 北,https://s1.ljcdn.com/pegasus/redskull/images/common/default_house_list.png?_v=202410161653269
20241021,海淀,清河,101124763804,金隅美和园 全南向 小区中间位置,569万,69408元/平,中楼层 (共9层) | 2008年 | 2室1厅 | 81.98平米 | 南,https://s1.ljcdn.com/pegasus/redskull/images/common/default_house_list.png?_v=202410161653269
20241021,海淀,清河,101124603260,观景园二期两居室满五年唯一南北通透,650万,71085元/平,顶层 (共6层) 2室1厅 | 91.44平米 | 南 北,https://s1.ljcdn.com/pegasus/redskull/images/common/default_house_list.png?_v=202410161653269
20241021,海淀,清河,101124495620,满五唯一正规明厅两居室视野开阔双地铁,659万,60117元/平,高楼层 (共31层) 2室2厅 | 109.62平米 | 西,https://s1.ljcdn.com/pegasus/redskull/images/common/default_house_list.png?_v=202410161653269
20241021,海淀,清河,101124396139,永泰东里东西南三居低楼层诚心出售服务费1%,400万,56023元/平,低楼层 (共6层) | 2008年 | 3室1厅 | 71.4平米 | 东 西 南,https://s1.ljcdn.com/pegasus/redskull/images/common/default_house_list.png?_v=202410161653269
20241021,海淀,清河,101124340127,观林园 车位,29万,9134元/平,地下室 (共1层) 1室0厅 | 31.75平米 | 北,https://ke-image.ljcdn.com/110000-inspection/7e2c9a55edf2527a395d2739e5219deb-056.jpg!m_fill,w_280,h_210,f_jpg?from=ke.com
20241021,海淀,清河,101124339990,观林园 车位,29万,9134元/平,地下室 (共1层) 1室0厅 | 31.75平米 | 南,https://ke-image.ljcdn.com/110000-inspection/d4b5f8f5f1baed0449212f6dfbfb3fc9-085.jpg!m_fill,w_280,h_210,f_jpg?from=ke.com
20241021,海淀,清河,101124028866,观林园 车位,26万,8189元/平,地下室 (共1层) 1室0厅 | 31.75平米 | 南,https://ke-image.ljcdn.com/110000-inspection/a0fc997dc7a15b19fcc945ef6ad0d7f2-007.jpg!m_fill,w_280,h_210,f_jpg?from=ke.com
20241021,海淀,清河,101123516890,水木天成6号楼全南向落地飘窗临清河,780万,74449元/平,中楼层 (共23层) 2室1厅 | 104.77平米 | 南,https://s1.ljcdn.com/pegasus/redskull/images/common/default_house_list.png?_v=202410161653269
20241021,海淀,清河,101123494575,怡清园 2室1厅 西 东,260万,30971元/平,地下室 (共6层) | 2003年 | 2室1厅 | 83.95平米 | 西 东,https://s1.ljcdn.com/pegasus/redskull/images/common/default_house_list.png?_v=202410161653269
20241021,海淀,清河,101123046243,怡清园 总价 低近地铁 诚心出售,249万,31656元/平,地下室 (共6层) | 2003年 | 2室1厅 | 78.66平米 | 南 北,https://s1.ljcdn.com/pegasus/redskull/images/common/default_house_list.png?_v=202410161653269
20241021,海淀,清河,101122801734,毛纺厂南小区 3室1厅 南 北,380万,67737元/平,中楼层 (共5层) 3室1厅 | 56.1平米 | 南 北,https://s1.ljcdn.com/pegasus/redskull/images/common/default_house_list.png?_v=202410161653269
20241021,海淀,清河,101121192899,橡树湾二期 4室1厅 南 北,2400万,114101元/平,中楼层 (共9层) | 2008年 | 4室1厅 | 210.34平米 | 南 北,https://ke-image.ljcdn.com/110000-inspection/0d531cd4-ffc6-4b13-8a46-111900a1a804_1000.jpg!m_fill,w_280,h_210,f_jpg?from=ke.com
20241021,海淀,清河,101121109756,观林园 车位,30万,9449元/平,地下室 (共1层) 1室0厅 | 31.75平米 | 西,https://ke-image.ljcdn.com/110000-inspection/0b6c4fe6cd9cc72724773327f31e2141-070.jpg!m_fill,w_280,h_210,f_jpg?from=ke.com
20241021,海淀,清河,101120682284,清河后屯南路26号国际公馆 地铁精装办公写字楼,260万,31027元/平,顶层 (共5层) 2室1厅 | 83.8平米 | 西,https://s1.ljcdn.com/pegasus/redskull/images/common/default_house_list.png?_v=202410161653269
20241021,海淀,清河,101120357558,世华龙樾四期 产权车位 业主诚意出售价格可谈,50万,11669元/平,地下室 (共6层) | 2019年 | 1室0厅 | 42.85平米 | 南,https://s1.ljcdn.com/pegasus/redskull/images/common/default_house_list.png?_v=202410161653269
20241021,海淀,清河,101119445642,观澳园 2室1厅 东北,480万,55951元/平,顶层 (共5层) 2室1厅 | 85.79平米 | 东北,https://s1.ljcdn.com/pegasus/redskull/images/common/default_house_list.png?_v=202410161653269
20241021,海淀,清河,101118829514,橡树湾五期 车位,65万,18588元/平,地下室 (共12层) 1室0厅 | 34.97平米 | 南,https://ke-image.ljcdn.com/110000-inspection/9a4cc158c9019e55df70a0d238c53017-096.jpg!m_fill,w_280,h_210,f_jpg?from=ke.com
20241021,海淀,清河,101118609233,永泰东里 3室1厅 南 北,786万,81875元/平,中楼层 (共6层) 3室1厅 | 96平米 | 南 北,https://s1.ljcdn.com/pegasus/redskull/images/common/default_house_list.png?_v=202410161653269
20241021,海淀,清河,101116535017,二期好位置车位稳定出售看房方便,78万,19399元/平,地下室 (共15层) 1室0厅 | 40.21平米 | 南,https://ke-image.ljcdn.com/110000-inspection/b6622984489fa7a4ea3f66dd6c27cf2b-057.jpg!m_fill,w_280,h_210,f_jpg?from=ke.com
20241021,海淀,清河,101116405891,橡树湾五期 地下产权车位诚意出售,60万,17158元/平,地下室 (共1层) 1室1厅 | 34.97平米 | 南,https://ke-image.ljcdn.com/110000-inspection/195eb3fe42ac79398c38b6bd83f74379-090.jpg!m_fill,w_280,h_210,f_jpg?from=ke.com
20241021,海淀,清河,101115466795,永泰园新风景 03年商品房小区钢混结构。,1120万,88615元/平,底层 (共10层) | 2003年 | 3室2厅 | 126.39平米 | 南 北,https://s1.ljcdn.com/pegasus/redskull/images/common/default_house_list.png?_v=202410161653269
20241021,海淀,清河,101112151967,橡树湾三期 车位,85万,26942元/平,地下室 (共29层) | 2011年 | 1室0厅 | 31.55平米 | 南,https://ke-image.ljcdn.com/110000-inspection/dc3ecd9c-802d-4043-8e82-fcf962d460c1.jpg!m_fill,w_280,h_210,f_jpg?from=ke.com
20241021,海淀,清河,101106584431,四期车位 就在5号楼正楼下 位置好,87万,25080元/平,地下室 (共29层) | 2014年 | 1室0厅 | 34.69平米 | 南,https://ke-image.ljcdn.com/110000-inspection/39cca5d5-c142-47da-ba65-65392e08de94.jpg!m_fill,w_280,h_210,f_jpg?from=ke.com
